ASIN,Brand,Price,URL,Title
4535787379,Tankobon Softcover,111.28,https://www.amazon.sg/%E6%95%B4%E6%95%B0%E8%AB%962-%E4%BB%A3%E6%95%B0%E7%9A%84%E6%95%B4%E6%95%B0%E8%AB%96%E3%81%AE%E5%9F%BA%E7%A4%8E-%E9%9B%AA%E6%B1%9F%E6%98%8E%E5%BD%A6/dp/4535787379/ref=sr_1_1?dib=eyJ2IjoiMSJ9.Mrdyfcc9go49JWFuc85pLjRtqnCm2ACejUiAsgO9mFEol8UEc28wx7s4HMbH9MR62rNtDYXrihujB0xQnsgC0d5q4jKlgwzZO4v81gfrbZyM-VBnaZ8wzcbDhQmPRI6Uc_My679IM_kiWlxRjE-SbQUYkH8Sik2BP7zKatc--ol_qa0RXHB2EC-EvppYKrI-QAJu-LcROMGOd1lv4ufO1P3dkdhAMG34Gqs6jVwoDh8.mOPf9JPQ6ogrzQleFRXSO26rWIhoBZdRkMeUyYI2ANk&dib_tag=se&m=A6PVCWOL6UP6Z&marketplaceID=A19VAU5U5O7RUS&qid=1776825327&refinements=p_36%3A11000-11500&s=merchant-items&sr=1-1#customerReviews,整数論2: 代数的整数論の基礎
4535787379,,,,
432003614X,Tankobon Hardcover,113.89,https://www.amazon.sg/%E8%B6%85%E9%9F%B3%E6%B3%A2%E5%B7%A5%E5%AD%A6-%E8%8D%BB-%E5%8D%9A%E6%AC%A1/dp/432003614X/ref=sr_1_2?dib=eyJ2IjoiMSJ9.Mrdyfcc9go49JWFuc85pLjRtqnCm2ACejUiAsgO9mFEol8UEc28wx7s4HMbH9MR62rNtDYXrihujB0xQnsgC0d5q4jKlgwzZO4v81gfrbZyM-VBnaZ8wzcbDhQmPRI6Uc_My679IM_kiWlxRjE-SbQUYkH8Sik2BP7zKatc--ol_qa0RXHB2EC-EvppYKrI-QAJu-LcROMGOd1lv4ufO1P3dkdhAMG34Gqs6jVwoDh8.mOPf9JPQ6ogrzQleFRXSO26rWIhoBZdRkMeUyYI2ANk&dib_tag=se&m=A6PVCWOL6UP6Z&marketplaceID=A19VAU5U5O7RUS&qid=1776825327&refinements=p_36%3A11000-11500&s=merchant-items&sr=1-2#customerReviews,超音波工学
432003614X,,,,
4757442653,Tankobon Hardcover,111.28,https://www.amazon.sg/Dekiru-Nihongo-Beginner-Level-2nd/dp/4757442653/ref=sr_1_3?dib=eyJ2IjoiMSJ9.Mrdyfcc9go49JWFuc85pLjRtqnCm2ACejUiAsgO9mFEol8UEc28wx7s4HMbH9MR62rNtDYXrihujB0xQnsgC0d5q4jKlgwzZO4v81gfrbZyM-VBnaZ8wzcbDhQmPRI6Uc_My679IM_kiWlxRjE-SbQUYkH8Sik2BP7zKatc--ol_qa0RXHB2EC-EvppYKrI-QAJu-LcROMGOd1lv4ufO1P3dkdhAMG34Gqs6jVwoDh8.mOPf9JPQ6ogrzQleFRXSO26rWIhoBZdRkMeUyYI2ANk&dib_tag=se&m=A6PVCWOL6UP6Z&marketplaceID=A19VAU5U5O7RUS&qid=1776825327&refinements=p_36%3A11000-11500&s=merchant-items&sr=1-3#customerReviews,Dekiru Nihongo - Beginner Level (2nd Edition)
4757442653,,,,
4757442661,Tankobon Hardcover,111.28,https://www.amazon.sg/Dekiru-Nihongo-Beginner-Intermediate-Level-2nd/dp/4757442661/ref=sr_1_4?dib=eyJ2IjoiMSJ9.Mrdyfcc9go49JWFuc85pLjRtqnCm2ACejUiAsgO9mFEol8UEc28wx7s4HMbH9MR62rNtDYXrihujB0xQnsgC0d5q4jKlgwzZO4v81gfrbZyM-VBnaZ8wzcbDhQmPRI6Uc_My679IM_kiWlxRjE-SbQUYkH8Sik2BP7zKatc--ol_qa0RXHB2EC-EvppYKrI-QAJu-LcROMGOd1lv4ufO1P3dkdhAMG34Gqs6jVwoDh8.mOPf9JPQ6ogrzQleFRXSO26rWIhoBZdRkMeUyYI2ANk&dib_tag=se&m=A6PVCWOL6UP6Z&marketplaceID=A19VAU5U5O7RUS&qid=1776825327&refinements=p_36%3A11000-11500&s=merchant-items&sr=1-4#customerReviews,Dekiru Nihongo - Beginner-Intermediate Level (2nd Edition)
4757442661,,,,
4820212044,Vinyl Bound,111.28,https://www.amazon.sg/Japanese-Bible-American-Society/dp/4820212044/ref=sr_1_5?dib=eyJ2IjoiMSJ9.Mrdyfcc9go49JWFuc85pLjRtqnCm2ACejUiAsgO9mFEol8UEc28wx7s4HMbH9MR62rNtDYXrihujB0xQnsgC0d5q4jKlgwzZO4v81gfrbZyM-VBnaZ8wzcbDhQmPRI6Uc_My679IM_kiWlxRjE-SbQUYkH8Sik2BP7zKatc--ol_qa0RXHB2EC-EvppYKrI-QAJu-LcROMGOd1lv4ufO1P3dkdhAMG34Gqs6jVwoDh8.mOPf9JPQ6ogrzQleFRXSO26rWIhoBZdRkMeUyYI2ANk&dib_tag=se&m=A6PVCWOL6UP6Z&marketplaceID=A19VAU5U5O7RUS&qid=1776825327&refinements=p_36%3A11000-11500&s=merchant-items&sr=1-5#customerReviews,Japanese Bible (Japanese Edition)
4820212044,,,,
4761277890,Tankobon Softcover,113.89,https://www.amazon.sg/IDP-Education-IELTS-%E5%85%AC%E8%AA%8D%E6%A8%A1%E8%A9%A6-%E5%9B%9E%E5%88%86/dp/4761277890/ref=sr_1_6?dib=eyJ2IjoiMSJ9.Mrdyfcc9go49JWFuc85pLjRtqnCm2ACejUiAsgO9mFEol8UEc28wx7s4HMbH9MR62rNtDYXrihujB0xQnsgC0d5q4jKlgwzZO4v81gfrbZyM-VBnaZ8wzcbDhQmPRI6Uc_My679IM_kiWlxRjE-SbQUYkH8Sik2BP7zKatc--ol_qa0RXHB2EC-EvppYKrI-QAJu-LcROMGOd1lv4ufO1P3dkdhAMG34Gqs6jVwoDh8.mOPf9JPQ6ogrzQleFRXSO26rWIhoBZdRkMeUyYI2ANk&dib_tag=se&m=A6PVCWOL6UP6Z&marketplaceID=A19VAU5U5O7RUS&qid=1776825327&refinements=p_36%3A11000-11500&s=merchant-items&sr=1-6#customerReviews,IDP Education IELTS 公認模試 4 回分
4761277890,,,,
4768319653,Tankobon Softcover,113.18,https://www.amazon.sg/%E9%88%B4%E6%9C%A8%E3%81%B5%E3%81%BF%E5%A5%88%E5%86%99%E7%9C%9F%E9%9B%86-FLY-HIGH-%E9%88%B4%E6%9C%A8-%E3%81%B5%E3%81%BF%E5%A5%88/dp/4768319653/ref=sr_1_7?dib=eyJ2IjoiMSJ9.Mrdyfcc9go49JWFuc85pLjRtqnCm2ACejUiAsgO9mFEol8UEc28wx7s4HMbH9MR62rNtDYXrihujB0xQnsgC0d5q4jKlgwzZO4v81gfrbZyM-VBnaZ8wzcbDhQmPRI6Uc_My679IM_kiWlxRjE-SbQUYkH8Sik2BP7zKatc--ol_qa0RXHB2EC-EvppYKrI-QAJu-LcROMGOd1lv4ufO1P3dkdhAMG34Gqs6jVwoDh8.mOPf9JPQ6ogrzQleFRXSO26rWIhoBZdRkMeUyYI2ANk&dib_tag=se&m=A6PVCWOL6UP6Z&marketplaceID=A19VAU5U5O7RUS&qid=1776825327&refinements=p_36%3A11000-11500&s=merchant-items&sr=1-7#customerReviews,鈴木ふみ奈写真集　FLY HIGH
4768319653,,,,
4385130817,Tankobon Hardcover,110.57,https://www.amazon.sg/%E6%96%B0%E6%98%8E%E8%A7%A3%E5%9B%BD%E8%AA%9E%E8%BE%9E%E5%85%B8-%E7%AC%AC%E5%85%AB%E7%89%88-%E9%9D%92%E7%89%88/dp/4385130817/ref=sr_1_8?dib=eyJ2IjoiMSJ9.Mrdyfcc9go49JWFuc85pLjRtqnCm2ACejUiAsgO9mFEol8UEc28wx7s4HMbH9MR62rNtDYXrihujB0xQnsgC0d5q4jKlgwzZO4v81gfrbZyM-VBnaZ8wzcbDhQmPRI6Uc_My679IM_kiWlxRjE-SbQUYkH8Sik2BP7zKatc--ol_qa0RXHB2EC-EvppYKrI-QAJu-LcROMGOd1lv4ufO1P3dkdhAMG34Gqs6jVwoDh8.mOPf9JPQ6ogrzQleFRXSO26rWIhoBZdRkMeUyYI2ANk&dib_tag=se&m=A6PVCWOL6UP6Z&marketplaceID=A19VAU5U5O7RUS&qid=1776825327&refinements=p_36%3A11000-11500&s=merchant-items&sr=1-8#customerReviews,新明解国語辞典 第八版 青版
4385130817,,,,
4588300539,Tankobon Hardcover,113.89,https://www.amazon.sg/%E3%80%88%E5%A4%A7%E6%A9%8B%E5%AE%B6%E6%96%87%E6%9B%B8%E3%80%89%E3%81%AE%E7%A0%94%E7%A9%B6-%E8%BF%91%E4%B8%96%E3%83%BB%E8%BF%91%E4%BB%A3%E5%B0%86%E6%A3%8B%E8%B3%87%E6%96%99-%E5%A2%97%E5%B7%9D-%E5%AE%8F%E4%B8%80/dp/4588300539/ref=sr_1_9?dib=eyJ2IjoiMSJ9.Mrdyfcc9go49JWFuc85pLjRtqnCm2ACejUiAsgO9mFEol8UEc28wx7s4HMbH9MR62rNtDYXrihujB0xQnsgC0d5q4jKlgwzZO4v81gfrbZyM-VBnaZ8wzcbDhQmPRI6Uc_My679IM_kiWlxRjE-SbQUYkH8Sik2BP7zKatc--ol_qa0RXHB2EC-EvppYKrI-QAJu-LcROMGOd1lv4ufO1P3dkdhAMG34Gqs6jVwoDh8.mOPf9JPQ6ogrzQleFRXSO26rWIhoBZdRkMeUyYI2ANk&dib_tag=se&m=A6PVCWOL6UP6Z&marketplaceID=A19VAU5U5O7RUS&qid=1776825327&refinements=p_36%3A11000-11500&s=merchant-items&sr=1-9#customerReviews,〈大橋家文書〉の研究: 近世・近代将棋資料
4588300539,,,,
4388063274,Tankobon Hardcover,113.18,https://www.amazon.sg/%E3%81%A0%E3%81%97%E3%81%AE%E7%A0%94%E7%A9%B6-%E3%81%A0%E3%81%97%E3%81%AE%E4%BB%95%E7%B5%84%E3%81%BF%E3%82%92%E7%90%86%E8%A7%A3%E3%81%97%E3%81%A6%E3%80%81%E8%87%AA%E5%9C%A8%E3%81%AB%E4%BD%BF%E3%81%84%E3%81%93%E3%81%AA%E3%81%99%E3%81%9F%E3%82%81%E3%81%AE%E3%80%81%E8%AA%BF%E7%90%86%E3%81%A8%E3%82%B5%E3%82%A4%E3%82%A8%E3%83%B3%E3%82%B9/dp/4388063274/ref=sr_1_10?dib=eyJ2IjoiMSJ9.Mrdyfcc9go49JWFuc85pLjRtqnCm2ACejUiAsgO9mFEol8UEc28wx7s4HMbH9MR62rNtDYXrihujB0xQnsgC0d5q4jKlgwzZO4v81gfrbZyM-VBnaZ8wzcbDhQmPRI6Uc_My679IM_kiWlxRjE-SbQUYkH8Sik2BP7zKatc--ol_qa0RXHB2EC-EvppYKrI-QAJu-LcROMGOd1lv4ufO1P3dkdhAMG34Gqs6jVwoDh8.mOPf9JPQ6ogrzQleFRXSO26rWIhoBZdRkMeUyYI2ANk&dib_tag=se&m=A6PVCWOL6UP6Z&marketplaceID=A19VAU5U5O7RUS&qid=1776825327&refinements=p_36%3A11000-11500&s=merchant-items&sr=1-10#customerReviews,だしの研究: だしの仕組みを理解して、自在に使いこなすための、調理とサイエンス
4388063274,,,,
4000616269,Tankobon Hardcover,111.28,https://www.amazon.sg/%E3%82%A2%E3%82%B8%E3%82%A2%E7%B5%8C%E6%B8%88%E5%8F%B2-%EF%BC%88%E4%B8%8A%EF%BC%89/dp/4000616269/ref=sr_1_11?dib=eyJ2IjoiMSJ9.Mrdyfcc9go49JWFuc85pLjRtqnCm2ACejUiAsgO9mFEol8UEc28wx7s4HMbH9MR62rNtDYXrihujB0xQnsgC0d5q4jKlgwzZO4v81gfrbZyM-VBnaZ8wzcbDhQmPRI6Uc_My679IM_kiWlxRjE-SbQUYkH8Sik2BP7zKatc--ol_qa0RXHB2EC-EvppYKrI-QAJu-LcROMGOd1lv4ufO1P3dkdhAMG34Gqs6jVwoDh8.mOPf9JPQ6ogrzQleFRXSO26rWIhoBZdRkMeUyYI2ANk&dib_tag=se&m=A6PVCWOL6UP6Z&marketplaceID=A19VAU5U5O7RUS&qid=1776825327&refinements=p_36%3A11000-11500&s=merchant-items&sr=1-11#customerReviews,アジア経済史 （上）
4000616269,,,,
4865752293,Tankobon Softcover,113.18,https://www.amazon.sg/PMP%C2%AE%E8%A9%A6%E9%A8%93%E5%90%88%E6%A0%BC%E8%99%8E%E3%81%AE%E5%B7%BB-%E6%96%B0%E8%A9%A6%E9%A8%93%E5%AF%BE%E5%BF%9C-%E5%BA%84%E5%8F%B8%E6%95%8F%E6%B5%A9-%E8%90%BD%E5%90%88%E5%92%8C%E9%9B%84/dp/4865752293/ref=sr_1_12?dib=eyJ2IjoiMSJ9.Mrdyfcc9go49JWFuc85pLjRtqnCm2ACejUiAsgO9mFEol8UEc28wx7s4HMbH9MR62rNtDYXrihujB0xQnsgC0d5q4jKlgwzZO4v81gfrbZyM-VBnaZ8wzcbDhQmPRI6Uc_My679IM_kiWlxRjE-SbQUYkH8Sik2BP7zKatc--ol_qa0RXHB2EC-EvppYKrI-QAJu-LcROMGOd1lv4ufO1P3dkdhAMG34Gqs6jVwoDh8.mOPf9JPQ6ogrzQleFRXSO26rWIhoBZdRkMeUyYI2ANk&dib_tag=se&m=A6PVCWOL6UP6Z&marketplaceID=A19VAU5U5O7RUS&qid=1776825327&refinements=p_36%3A11000-11500&s=merchant-items&sr=1-12#customerReviews,PMP®試験合格虎の巻 新試験対応
4865752293,,,,
4473044661,Paperback,113.89,https://www.amazon.sg/Art-Tea-%E5%8C%97%E8%A6%8B%E5%AE%97%E5%B9%B8/dp/4473044661/ref=sr_1_13?dib=eyJ2IjoiMSJ9.Mrdyfcc9go49JWFuc85pLjRtqnCm2ACejUiAsgO9mFEol8UEc28wx7s4HMbH9MR62rNtDYXrihujB0xQnsgC0d5q4jKlgwzZO4v81gfrbZyM-VBnaZ8wzcbDhQmPRI6Uc_My679IM_kiWlxRjE-SbQUYkH8Sik2BP7zKatc--ol_qa0RXHB2EC-EvppYKrI-QAJu-LcROMGOd1lv4ufO1P3dkdhAMG34Gqs6jVwoDh8.mOPf9JPQ6ogrzQleFRXSO26rWIhoBZdRkMeUyYI2ANk&dib_tag=se&m=A6PVCWOL6UP6Z&marketplaceID=A19VAU5U5O7RUS&qid=1776825327&refinements=p_36%3A11000-11500&s=merchant-items&sr=1-13#customerReviews,The Art of Tea
4473044661,,,,
4767415071,Tankobon Hardcover,110.57,https://www.amazon.sg/%E3%83%A9%E3%82%A4%E3%83%88%E3%83%8F%E3%82%A6%E3%82%B9%E8%8B%B1%E5%92%8C%E8%BE%9E%E5%85%B8-%E7%AC%AC7%E7%89%88-Lighthouse-English-Japanese-Dictionary/dp/4767415071/ref=sr_1_14?dib=eyJ2IjoiMSJ9.Mrdyfcc9go49JWFuc85pLjRtqnCm2ACejUiAsgO9mFEol8UEc28wx7s4HMbH9MR62rNtDYXrihujB0xQnsgC0d5q4jKlgwzZO4v81gfrbZyM-VBnaZ8wzcbDhQmPRI6Uc_My679IM_kiWlxRjE-SbQUYkH8Sik2BP7zKatc--ol_qa0RXHB2EC-EvppYKrI-QAJu-LcROMGOd1lv4ufO1P3dkdhAMG34Gqs6jVwoDh8.mOPf9JPQ6ogrzQleFRXSO26rWIhoBZdRkMeUyYI2ANk&dib_tag=se&m=A6PVCWOL6UP6Z&marketplaceID=A19VAU5U5O7RUS&qid=1776825327&refinements=p_36%3A11000-11500&s=merchant-items&sr=1-14#customerReviews,ライトハウス英和辞典 第7版: Lighthouse English-Japanese Dictionary 7th edition
4767415071,,,,
4335359829,Tankobon Softcover,111.28,https://www.amazon.sg/%E4%BC%9A%E7%A4%BE%E6%B3%95-%E7%AC%AC4%E7%89%88-%E9%AB%99%E6%A9%8B-%E7%BE%8E%E5%8A%A0/dp/4335359829/ref=sr_1_15?dib=eyJ2IjoiMSJ9.Mrdyfcc9go49JWFuc85pLjRtqnCm2ACejUiAsgO9mFEol8UEc28wx7s4HMbH9MR62rNtDYXrihujB0xQnsgC0d5q4jKlgwzZO4v81gfrbZyM-VBnaZ8wzcbDhQmPRI6Uc_My679IM_kiWlxRjE-SbQUYkH8Sik2BP7zKatc--ol_qa0RXHB2EC-EvppYKrI-QAJu-LcROMGOd1lv4ufO1P3dkdhAMG34Gqs6jVwoDh8.mOPf9JPQ6ogrzQleFRXSO26rWIhoBZdRkMeUyYI2ANk&dib_tag=se&m=A6PVCWOL6UP6Z&marketplaceID=A19VAU5U5O7RUS&qid=1776825327&refinements=p_36%3A11000-11500&s=merchant-items&sr=1-15#customerReviews,会社法 第4版
4335359829,,,,
4906725503,Tankobon Softcover,111.28,https://www.amazon.sg/%E4%B8%AD%E5%9B%BD%E8%AA%9E%E6%A4%9C%E5%AE%9AHSK%E5%85%AC%E5%BC%8F%E9%81%8E%E5%8E%BB%E5%95%8F%E9%9B%865%E7%B4%9A-2021%E5%B9%B4%E5%BA%A6%E7%89%88-%E4%B8%AD%E5%9B%BD%E6%95%99%E8%82%B2%E9%83%A8%E4%B8%AD%E5%A4%96%E8%AA%9E%E8%A8%80%E4%BA%A4%E6%B5%81%E5%90%88%E4%BD%9C%E4%B8%AD%E5%BF%83/dp/4906725503/ref=sr_1_16?dib=eyJ2IjoiMSJ9.Mrdyfcc9go49JWFuc85pLjRtqnCm2ACejUiAsgO9mFEol8UEc28wx7s4HMbH9MR62rNtDYXrihujB0xQnsgC0d5q4jKlgwzZO4v81gfrbZyM-VBnaZ8wzcbDhQmPRI6Uc_My679IM_kiWlxRjE-SbQUYkH8Sik2BP7zKatc--ol_qa0RXHB2EC-EvppYKrI-QAJu-LcROMGOd1lv4ufO1P3dkdhAMG34Gqs6jVwoDh8.mOPf9JPQ6ogrzQleFRXSO26rWIhoBZdRkMeUyYI2ANk&dib_tag=se&m=A6PVCWOL6UP6Z&marketplaceID=A19VAU5U5O7RUS&qid=1776825327&refinements=p_36%3A11000-11500&s=merchant-items&sr=1-16#customerReviews,中国語検定HSK公式過去問集5級 2021年度版
4906725503,,,,
4906725406,Tankobon Softcover,110.76,https://www.amazon.sg/%E4%B8%AD%E5%9B%BD%E8%AA%9E%E6%A4%9C%E5%AE%9AHSK%E5%85%AC%E8%AA%8D%E9%95%B7%E6%96%87%E3%83%86%E3%82%AD%E3%82%B9%E3%83%885%E7%B4%9A-%E6%94%B9%E8%A8%82%E7%89%88-%E9%9F%B3%E5%A3%B0DL%E4%BB%98-%E6%A0%AA%E5%BC%8F%E4%BC%9A%E7%A4%BE%E3%82%B9%E3%83%97%E3%83%AA%E3%83%83%E3%82%AF%E3%82%B9-%E4%B8%AD%E5%9B%BD%E8%AA%9E%E6%95%99%E8%82%B2%E4%BA%8B%E6%A5%AD%E9%83%A8/dp/4906725406/ref=sr_1_17?dib=eyJ2IjoiMSJ9.NsRgkK38pT9d5ae5Je4zOeXdH3oPmWlG21TYEovxtaPw4wnKcdX64dPMVpyc0vPMzIQOFYgkLUqbo09HhxMDqmkhnCB91RJX8t3GWJDgitF6XGFCzb_EfQMTlhIoTRoqyYKuUC9TVyPx8pWxO1QPDes3VbADnfGZ6OE2KB2X86tnn1wctxJwaomnJdPuQg4UqBlfs2aXtUMu0mboi183KVyLVwR5UpZ-jewALCeiW_k.bjuN6EtUwPDPFuaM8b2z5EuFbraieuvj3_O-N9Hz9MQ&dib_tag=se&m=A6PVCWOL6UP6Z&marketplaceID=A19VAU5U5O7RUS&qid=1776825335&refinements=p_36%3A11000-11500&s=merchant-items&sr=1-17&xpid=iY-TdMLWya18Y#customerReviews,中国語検定HSK公認長文テキスト5級 改訂版 [音声DL付]
4906725406,,,,
4065350603,JP Oversized,113.89,https://www.amazon.sg/%E3%83%88%E3%83%A9%E3%83%B3%E3%82%B9%E3%83%95%E3%82%A9%E3%83%BC%E3%83%9E%E3%83%BC-%E3%82%A2%E3%83%BC%E3%82%AB%E3%82%A4%E3%83%96%E8%B6%85%E7%99%BE%E7%A7%91/dp/4065350603/ref=sr_1_18?dib=eyJ2IjoiMSJ9.NsRgkK38pT9d5ae5Je4zOeXdH3oPmWlG21TYEovxtaPw4wnKcdX64dPMVpyc0vPMzIQOFYgkLUqbo09HhxMDqmkhnCB91RJX8t3GWJDgitF6XGFCzb_EfQMTlhIoTRoqyYKuUC9TVyPx8pWxO1QPDes3VbADnfGZ6OE2KB2X86tnn1wctxJwaomnJdPuQg4UqBlfs2aXtUMu0mboi183KVyLVwR5UpZ-jewALCeiW_k.bjuN6EtUwPDPFuaM8b2z5EuFbraieuvj3_O-N9Hz9MQ&dib_tag=se&m=A6PVCWOL6UP6Z&marketplaceID=A19VAU5U5O7RUS&qid=1776825335&refinements=p_36%3A11000-11500&s=merchant-items&sr=1-18&xpid=iY-TdMLWya18Y#customerReviews,トランスフォーマー アーカイブ超百科
4065350603,,,,
4867176370,Mook,113.18,https://www.amazon.sg/Nintendo-DS%E3%83%91%E3%83%BC%E3%83%95%E3%82%A7%E3%82%AF%E3%83%88%E3%82%AB%E3%82%BF%E3%83%AD%E3%82%B0/dp/4867176370/ref=sr_1_19?dib=eyJ2IjoiMSJ9.NsRgkK38pT9d5ae5Je4zOeXdH3oPmWlG21TYEovxtaPw4wnKcdX64dPMVpyc0vPMzIQOFYgkLUqbo09HhxMDqmkhnCB91RJX8t3GWJDgitF6XGFCzb_EfQMTlhIoTRoqyYKuUC9TVyPx8pWxO1QPDes3VbADnfGZ6OE2KB2X86tnn1wctxJwaomnJdPuQg4UqBlfs2aXtUMu0mboi183KVyLVwR5UpZ-jewALCeiW_k.bjuN6EtUwPDPFuaM8b2z5EuFbraieuvj3_O-N9Hz9MQ&dib_tag=se&m=A6PVCWOL6UP6Z&marketplaceID=A19VAU5U5O7RUS&qid=1776825335&refinements=p_36%3A11000-11500&s=merchant-items&sr=1-19&xpid=iY-TdMLWya18Y#customerReviews,Nintendo DSパーフェクトカタログ
4867176370,,,,
4502347213,Tankobon Hardcover,113.89,https://www.amazon.sg/M-A%E3%82%B3%E3%83%B3%E3%82%B5%E3%83%AB%E3%83%86%E3%82%A3%E3%83%B3%E3%82%B0%E3%81%AE%E5%AE%9F%E5%8B%99-%E7%AC%AC2%E7%89%88-%E4%BD%90%E6%AD%A6-%E4%BC%B8/dp/4502347213/ref=sr_1_20?dib=eyJ2IjoiMSJ9.NsRgkK38pT9d5ae5Je4zOeXdH3oPmWlG21TYEovxtaPw4wnKcdX64dPMVpyc0vPMzIQOFYgkLUqbo09HhxMDqmkhnCB91RJX8t3GWJDgitF6XGFCzb_EfQMTlhIoTRoqyYKuUC9TVyPx8pWxO1QPDes3VbADnfGZ6OE2KB2X86tnn1wctxJwaomnJdPuQg4UqBlfs2aXtUMu0mboi183KVyLVwR5UpZ-jewALCeiW_k.bjuN6EtUwPDPFuaM8b2z5EuFbraieuvj3_O-N9Hz9MQ&dib_tag=se&m=A6PVCWOL6UP6Z&marketplaceID=A19VAU5U5O7RUS&qid=1776825335&refinements=p_36%3A11000-11500&s=merchant-items&sr=1-20&xpid=iY-TdMLWya18Y#customerReviews,M&Aコンサルティングの実務<第2版>
4502347213,,,,
4873118727,Tankobon Softcover,111.28,https://www.amazon.sg/Python%E3%81%AB%E3%82%88%E3%82%8BAI%E3%83%97%E3%83%AD%E3%82%B0%E3%83%A9%E3%83%9F%E3%83%B3%E3%82%B0%E5%85%A5%E9%96%80-_%E3%83%87%E3%82%A3%E3%83%BC%E3%83%97%E3%83%A9%E3%83%BC%E3%83%8B%E3%83%B3%E3%82%B0%E3%82%92%E5%A7%8B%E3%82%81%E3%82%8B%E5%89%8D%E3%81%AB%E8%BA%AB%E3%81%AB%E3%81%A4%E3%81%91%E3%81%A6%E3%81%8A%E3%81%8F%E3%81%B9%E3%81%8D15%E3%81%AE%E5%9F%BA%E7%A4%8E%E6%8A%80%E8%A1%93-Prateek-Joshi/dp/4873118727/ref=sr_1_21?dib=eyJ2IjoiMSJ9.NsRgkK38pT9d5ae5Je4zOeXdH3oPmWlG21TYEovxtaPw4wnKcdX64dPMVpyc0vPMzIQOFYgkLUqbo09HhxMDqmkhnCB91RJX8t3GWJDgitF6XGFCzb_EfQMTlhIoTRoqyYKuUC9TVyPx8pWxO1QPDes3VbADnfGZ6OE2KB2X86tnn1wctxJwaomnJdPuQg4UqBlfs2aXtUMu0mboi183KVyLVwR5UpZ-jewALCeiW_k.bjuN6EtUwPDPFuaM8b2z5EuFbraieuvj3_O-N9Hz9MQ&dib_tag=se&m=A6PVCWOL6UP6Z&marketplaceID=A19VAU5U5O7RUS&qid=1776825335&refinements=p_36%3A11000-11500&s=merchant-items&sr=1-21&xpid=iY-TdMLWya18Y#customerReviews,PythonによるAIプログラミング入門 ―ディープラーニングを始める前に身につけておくべき15の基礎技術
4873118727,,,,
B0091ZMNIC,Vinyl,114.19,https://www.amazon.sg/Melodys-Echo-Chamber/dp/B0091ZMNIC/ref=sr_1_22?dib=eyJ2IjoiMSJ9.NsRgkK38pT9d5ae5Je4zOeXdH3oPmWlG21TYEovxtaPw4wnKcdX64dPMVpyc0vPMzIQOFYgkLUqbo09HhxMDqmkhnCB91RJX8t3GWJDgitF6XGFCzb_EfQMTlhIoTRoqyYKuUC9TVyPx8pWxO1QPDes3VbADnfGZ6OE2KB2X86tnn1wctxJwaomnJdPuQg4UqBlfs2aXtUMu0mboi183KVyLVwR5UpZ-jewALCeiW_k.bjuN6EtUwPDPFuaM8b2z5EuFbraieuvj3_O-N9Hz9MQ&dib_tag=se&m=A6PVCWOL6UP6Z&marketplaceID=A19VAU5U5O7RUS&qid=1776825335&refinements=p_36%3A11000-11500&s=merchant-items&sr=1-22&xpid=iY-TdMLWya18Y#customerReviews,Melody's Echo Chamber
B0B8BS48QN,Vinyl,110.38,https://www.amazon.sg/Time-Out-Dave-Brubeck-Quartet/dp/B0B8BS48QN/ref=sr_1_23?dib=eyJ2IjoiMSJ9.NsRgkK38pT9d5ae5Je4zOeXdH3oPmWlG21TYEovxtaPw4wnKcdX64dPMVpyc0vPMzIQOFYgkLUqbo09HhxMDqmkhnCB91RJX8t3GWJDgitF6XGFCzb_EfQMTlhIoTRoqyYKuUC9TVyPx8pWxO1QPDes3VbADnfGZ6OE2KB2X86tnn1wctxJwaomnJdPuQg4UqBlfs2aXtUMu0mboi183KVyLVwR5UpZ-jewALCeiW_k.bjuN6EtUwPDPFuaM8b2z5EuFbraieuvj3_O-N9Hz9MQ&dib_tag=se&m=A6PVCWOL6UP6Z&marketplaceID=A19VAU5U5O7RUS&qid=1776825335&refinements=p_36%3A11000-11500&s=merchant-items&sr=1-23&xpid=iY-TdMLWya18Y#customerReviews,Time Out - Black Vinyl
B0DP1JZ6DT,Vinyl,110.38,https://www.amazon.sg/GNX-LP-Kendrick-Lamar/dp/B0DP1JZ6DT/ref=sr_1_24?dib=eyJ2IjoiMSJ9.NsRgkK38pT9d5ae5Je4zOeXdH3oPmWlG21TYEovxtaPw4wnKcdX64dPMVpyc0vPMzIQOFYgkLUqbo09HhxMDqmkhnCB91RJX8t3GWJDgitF6XGFCzb_EfQMTlhIoTRoqyYKuUC9TVyPx8pWxO1QPDes3VbADnfGZ6OE2KB2X86tnn1wctxJwaomnJdPuQg4UqBlfs2aXtUMu0mboi183KVyLVwR5UpZ-jewALCeiW_k.bjuN6EtUwPDPFuaM8b2z5EuFbraieuvj3_O-N9Hz9MQ&dib_tag=se&m=A6PVCWOL6UP6Z&marketplaceID=A19VAU5U5O7RUS&qid=1776825335&refinements=p_36%3A11000-11500&s=merchant-items&sr=1-24&xpid=iY-TdMLWya18Y#customerReviews,GNX[LP]
B0D63VGVD8,Audio CD,114.19,https://www.amazon.sg/Love-Moves-Expanded-Deluxe-Disc/dp/B0D63VGVD8/ref=sr_1_25?dib=eyJ2IjoiMSJ9.NsRgkK38pT9d5ae5Je4zOeXdH3oPmWlG21TYEovxtaPw4wnKcdX64dPMVpyc0vPMzIQOFYgkLUqbo09HhxMDqmkhnCB91RJX8t3GWJDgitF6XGFCzb_EfQMTlhIoTRoqyYKuUC9TVyPx8pWxO1QPDes3VbADnfGZ6OE2KB2X86tnn1wctxJwaomnJdPuQg4UqBlfs2aXtUMu0mboi183KVyLVwR5UpZ-jewALCeiW_k.bjuN6EtUwPDPFuaM8b2z5EuFbraieuvj3_O-N9Hz9MQ&dib_tag=se&m=A6PVCWOL6UP6Z&marketplaceID=A19VAU5U5O7RUS&qid=1776825335&refinements=p_36%3A11000-11500&s=merchant-items&sr=1-25&xpid=iY-TdMLWya18Y#customerReviews,Love Moves - Expanded Deluxe 3 Disc Set
B09V62FXNM,Vinyl,110.38,https://www.amazon.sg/Blue-Train-Black-John-Coltrane/dp/B09V62FXNM/ref=sr_1_26?dib=eyJ2IjoiMSJ9.NsRgkK38pT9d5ae5Je4zOeXdH3oPmWlG21TYEovxtaPw4wnKcdX64dPMVpyc0vPMzIQOFYgkLUqbo09HhxMDqmkhnCB91RJX8t3GWJDgitF6XGFCzb_EfQMTlhIoTRoqyYKuUC9TVyPx8pWxO1QPDes3VbADnfGZ6OE2KB2X86tnn1wctxJwaomnJdPuQg4UqBlfs2aXtUMu0mboi183KVyLVwR5UpZ-jewALCeiW_k.bjuN6EtUwPDPFuaM8b2z5EuFbraieuvj3_O-N9Hz9MQ&dib_tag=se&m=A6PVCWOL6UP6Z&marketplaceID=A19VAU5U5O7RUS&qid=1776825335&refinements=p_36%3A11000-11500&s=merchant-items&sr=1-26&xpid=iY-TdMLWya18Y#customerReviews,Blue Train - Black Vinyl
B09B3YWBNW,Vinyl,114.85,https://www.amazon.sg/Minari-Original-Soundtrack-Gatefold-180-Gram/dp/B09B3YWBNW/ref=sr_1_27?dib=eyJ2IjoiMSJ9.NsRgkK38pT9d5ae5Je4zOeXdH3oPmWlG21TYEovxtaPw4wnKcdX64dPMVpyc0vPMzIQOFYgkLUqbo09HhxMDqmkhnCB91RJX8t3GWJDgitF6XGFCzb_EfQMTlhIoTRoqyYKuUC9TVyPx8pWxO1QPDes3VbADnfGZ6OE2KB2X86tnn1wctxJwaomnJdPuQg4UqBlfs2aXtUMu0mboi183KVyLVwR5UpZ-jewALCeiW_k.bjuN6EtUwPDPFuaM8b2z5EuFbraieuvj3_O-N9Hz9MQ&dib_tag=se&m=A6PVCWOL6UP6Z&marketplaceID=A19VAU5U5O7RUS&qid=1776825335&refinements=p_36%3A11000-11500&s=merchant-items&sr=1-27&xpid=iY-TdMLWya18Y#customerReviews,Minari (Original Soundtrack) - Deluxe Gatefold 180-Gram Black Vinyl
B0D2Z5Z8WX,Vinyl,110.38,https://www.amazon.sg/Secret-Us-Yellow-LP/dp/B0D2Z5Z8WX/ref=sr_1_28?dib=eyJ2IjoiMSJ9.NsRgkK38pT9d5ae5Je4zOeXdH3oPmWlG21TYEovxtaPw4wnKcdX64dPMVpyc0vPMzIQOFYgkLUqbo09HhxMDqmkhnCB91RJX8t3GWJDgitF6XGFCzb_EfQMTlhIoTRoqyYKuUC9TVyPx8pWxO1QPDes3VbADnfGZ6OE2KB2X86tnn1wctxJwaomnJdPuQg4UqBlfs2aXtUMu0mboi183KVyLVwR5UpZ-jewALCeiW_k.bjuN6EtUwPDPFuaM8b2z5EuFbraieuvj3_O-N9Hz9MQ&dib_tag=se&m=A6PVCWOL6UP6Z&marketplaceID=A19VAU5U5O7RUS&qid=1776825335&refinements=p_36%3A11000-11500&s=merchant-items&sr=1-28&xpid=iY-TdMLWya18Y#customerReviews,The Secret of Us [Yellow LP]
B083XVYVCK,Vinyl,114.19,https://www.amazon.sg/Best-Bee-Gees-LP/dp/B083XVYVCK/ref=sr_1_29?dib=eyJ2IjoiMSJ9.NsRgkK38pT9d5ae5Je4zOeXdH3oPmWlG21TYEovxtaPw4wnKcdX64dPMVpyc0vPMzIQOFYgkLUqbo09HhxMDqmkhnCB91RJX8t3GWJDgitF6XGFCzb_EfQMTlhIoTRoqyYKuUC9TVyPx8pWxO1QPDes3VbADnfGZ6OE2KB2X86tnn1wctxJwaomnJdPuQg4UqBlfs2aXtUMu0mboi183KVyLVwR5UpZ-jewALCeiW_k.bjuN6EtUwPDPFuaM8b2z5EuFbraieuvj3_O-N9Hz9MQ&dib_tag=se&m=A6PVCWOL6UP6Z&marketplaceID=A19VAU5U5O7RUS&qid=1776825335&refinements=p_36%3A11000-11500&s=merchant-items&sr=1-29&xpid=iY-TdMLWya18Y#customerReviews,Best of Bee Gees [LP]
B0DQ5P3QDJ,Vinyl,114.19,https://www.amazon.sg/Mimose-Parra-Cuva/dp/B0DQ5P3QDJ/ref=sr_1_30?dib=eyJ2IjoiMSJ9.NsRgkK38pT9d5ae5Je4zOeXdH3oPmWlG21TYEovxtaPw4wnKcdX64dPMVpyc0vPMzIQOFYgkLUqbo09HhxMDqmkhnCB91RJX8t3GWJDgitF6XGFCzb_EfQMTlhIoTRoqyYKuUC9TVyPx8pWxO1QPDes3VbADnfGZ6OE2KB2X86tnn1wctxJwaomnJdPuQg4UqBlfs2aXtUMu0mboi183KVyLVwR5UpZ-jewALCeiW_k.bjuN6EtUwPDPFuaM8b2z5EuFbraieuvj3_O-N9Hz9MQ&dib_tag=se&m=A6PVCWOL6UP6Z&marketplaceID=A19VAU5U5O7RUS&qid=1776825335&refinements=p_36%3A11000-11500&s=merchant-items&sr=1-30&xpid=iY-TdMLWya18Y#customerReviews,Mimose
B09K1XKK7R,Audio CD,113.23,https://www.amazon.sg/C86-%E3%83%97%E3%83%A9%E3%82%A4%E3%83%9E%E3%83%AB%E3%83%BB%E3%82%B9%E3%82%AF%E3%83%AA%E3%83%BC%E3%83%A0%E3%80%81%E3%83%8F%E3%83%83%E3%83%94%E3%83%BC%E3%83%BB%E3%83%9E%E3%83%B3%E3%83%87%E3%83%BC%E3%82%BA%E3%81%BB%E3%81%8B/dp/B09K1XKK7R/ref=sr_1_31?dib=eyJ2IjoiMSJ9.NsRgkK38pT9d5ae5Je4zOeXdH3oPmWlG21TYEovxtaPw4wnKcdX64dPMVpyc0vPMzIQOFYgkLUqbo09HhxMDqmkhnCB91RJX8t3GWJDgitF6XGFCzb_EfQMTlhIoTRoqyYKuUC9TVyPx8pWxO1QPDes3VbADnfGZ6OE2KB2X86tnn1wctxJwaomnJdPuQg4UqBlfs2aXtUMu0mboi183KVyLVwR5UpZ-jewALCeiW_k.bjuN6EtUwPDPFuaM8b2z5EuFbraieuvj3_O-N9Hz9MQ&dib_tag=se&m=A6PVCWOL6UP6Z&marketplaceID=A19VAU5U5O7RUS&qid=1776825335&refinements=p_36%3A11000-11500&s=merchant-items&sr=1-31&xpid=iY-TdMLWya18Y#customerReviews,C86
B09N9BNZ1C,Vinyl,110.38,https://www.amazon.sg/All-You-Can-2020-Remaster/dp/B09N9BNZ1C/ref=sr_1_32?dib=eyJ2IjoiMSJ9.NsRgkK38pT9d5ae5Je4zOeXdH3oPmWlG21TYEovxtaPw4wnKcdX64dPMVpyc0vPMzIQOFYgkLUqbo09HhxMDqmkhnCB91RJX8t3GWJDgitF6XGFCzb_EfQMTlhIoTRoqyYKuUC9TVyPx8pWxO1QPDes3VbADnfGZ6OE2KB2X86tnn1wctxJwaomnJdPuQg4UqBlfs2aXtUMu0mboi183KVyLVwR5UpZ-jewALCeiW_k.bjuN6EtUwPDPFuaM8b2z5EuFbraieuvj3_O-N9Hz9MQ&dib_tag=se&m=A6PVCWOL6UP6Z&marketplaceID=A19VAU5U5O7RUS&qid=1776825335&refinements=p_36%3A11000-11500&s=merchant-items&sr=1-32&xpid=iY-TdMLWya18Y#customerReviews,All You Can Eat (2020 Remaster)
B0722XGPTV,Audio CD,111.14,https://www.amazon.sg/Brahms-Piano-Concerto-2-Limited/dp/B0722XGPTV/ref=sr_1_33?dib=eyJ2IjoiMSJ9.bCwOVdyzacbDRuPwk7Ate-KKaWiN9C1kn6wgKbuiKumUuQGejrrEMdaaqQNR9givxhH4OXzXYK_eLSXZBW9M4A.A8W_2jtUn7SXvXehVKKAOn-kswnXZwxFC9W6nuwDQmY&dib_tag=se&m=A6PVCWOL6UP6Z&marketplaceID=A19VAU5U5O7RUS&qid=1776825342&refinements=p_36%3A11000-11500&s=merchant-items&sr=1-33&xpid=iY-TdMLWya18Y#customerReviews,Brahms: Piano Concerto 2: Limited Edition
B00EUS9JNW,Vinyl,114.19,https://www.amazon.sg/New-Vinyl-Paul-McCartney/dp/B00EUS9JNW/ref=sr_1_34?dib=eyJ2IjoiMSJ9.bCwOVdyzacbDRuPwk7Ate-KKaWiN9C1kn6wgKbuiKumUuQGejrrEMdaaqQNR9givxhH4OXzXYK_eLSXZBW9M4A.A8W_2jtUn7SXvXehVKKAOn-kswnXZwxFC9W6nuwDQmY&dib_tag=se&m=A6PVCWOL6UP6Z&marketplaceID=A19VAU5U5O7RUS&qid=1776825342&refinements=p_36%3A11000-11500&s=merchant-items&sr=1-34&xpid=iY-TdMLWya18Y#customerReviews,New [Vinyl]
B0DB8X14HR,Vinyl,110.38,https://www.amazon.sg/Absolute-Elsewhere-Blood-Incantation/dp/B0DB8X14HR/ref=sr_1_35?dib=eyJ2IjoiMSJ9.bCwOVdyzacbDRuPwk7Ate-KKaWiN9C1kn6wgKbuiKumUuQGejrrEMdaaqQNR9givxhH4OXzXYK_eLSXZBW9M4A.A8W_2jtUn7SXvXehVKKAOn-kswnXZwxFC9W6nuwDQmY&dib_tag=se&m=A6PVCWOL6UP6Z&marketplaceID=A19VAU5U5O7RUS&qid=1776825342&refinements=p_36%3A11000-11500&s=merchant-items&sr=1-35&xpid=iY-TdMLWya18Y#customerReviews,Absolute Elsewhere
B014T4JP2G,Audio CD,110.38,https://www.amazon.sg/Love-Supreme-Complete-Masters-CD/dp/B014T4JP2G/ref=sr_1_36?dib=eyJ2IjoiMSJ9.bCwOVdyzacbDRuPwk7Ate-KKaWiN9C1kn6wgKbuiKumUuQGejrrEMdaaqQNR9givxhH4OXzXYK_eLSXZBW9M4A.A8W_2jtUn7SXvXehVKKAOn-kswnXZwxFC9W6nuwDQmY&dib_tag=se&m=A6PVCWOL6UP6Z&marketplaceID=A19VAU5U5O7RUS&qid=1776825342&refinements=p_36%3A11000-11500&s=merchant-items&sr=1-36&xpid=iY-TdMLWya18Y#customerReviews,A Love Supreme: The Complete Masters [2 CD]
B07GX5PVZF,Vinyl,163.76,https://www.amazon.sg/And-Justice-For-All-Hq/dp/B07GX5PVZF/ref=sr_1_37?dib=eyJ2IjoiMSJ9.bCwOVdyzacbDRuPwk7Ate-KKaWiN9C1kn6wgKbuiKumUuQGejrrEMdaaqQNR9givxhH4OXzXYK_eLSXZBW9M4A.A8W_2jtUn7SXvXehVKKAOn-kswnXZwxFC9W6nuwDQmY&dib_tag=se&m=A6PVCWOL6UP6Z&marketplaceID=A19VAU5U5O7RUS&qid=1776825342&refinements=p_36%3A11000-11500&s=merchant-items&sr=1-37&xpid=iY-TdMLWya18Y#customerReviews,And Justice For All (Hq)
B0DH4PQP2Z,Vinyl,110.38,https://www.amazon.sg/Songs-Regina-Spektor/dp/B0DH4PQP2Z/ref=sr_1_33?dib=eyJ2IjoiMSJ9.5HGG_IQPGG82Nr77GHjJclhz2svFX5ukEMyDr2C3KjnKLsp0h8YV2O1pxuEU8VrIZxWtEfiVDWRrpwJyPAbMWGpZcZD6aUA_Zchkbrxtw3DjvakatnIEINo6Po4PZDoZFRJy7m6i6anQwQCl4JdqfwNH0ZGlZw81SzvJ21Fhz5Y.Cf6rkDSsYSg-MKtCwe3DAedUSEb2W9phMYFsw3_MC4s&dib_tag=se&m=A6PVCWOL6UP6Z&marketplaceID=A19VAU5U5O7RUS&qid=1776825342&refinements=p_36%3A11000-11500&s=merchant-items&sr=1-33&xpid=iY-TdMLWya18Y#customerReviews,Songs
B0D7QN42QT,Vinyl,110.38,https://www.amazon.sg/Endtime-Signals-Dark-Tranquillity/dp/B0D7QN42QT/ref=sr_1_34?dib=eyJ2IjoiMSJ9.5HGG_IQPGG82Nr77GHjJclhz2svFX5ukEMyDr2C3KjnKLsp0h8YV2O1pxuEU8VrIZxWtEfiVDWRrpwJyPAbMWGpZcZD6aUA_Zchkbrxtw3DjvakatnIEINo6Po4PZDoZFRJy7m6i6anQwQCl4JdqfwNH0ZGlZw81SzvJ21Fhz5Y.Cf6rkDSsYSg-MKtCwe3DAedUSEb2W9phMYFsw3_MC4s&dib_tag=se&m=A6PVCWOL6UP6Z&marketplaceID=A19VAU5U5O7RUS&qid=1776825342&refinements=p_36%3A11000-11500&s=merchant-items&sr=1-34&xpid=iY-TdMLWya18Y#customerReviews,Endtime Signals
B0BZ759DLV,Audio CD,113.56,https://www.amazon.sg/Flora-Gagliano-Reali-Borgioni/dp/B0BZ759DLV/ref=sr_1_35?dib=eyJ2IjoiMSJ9.5HGG_IQPGG82Nr77GHjJclhz2svFX5ukEMyDr2C3KjnKLsp0h8YV2O1pxuEU8VrIZxWtEfiVDWRrpwJyPAbMWGpZcZD6aUA_Zchkbrxtw3DjvakatnIEINo6Po4PZDoZFRJy7m6i6anQwQCl4JdqfwNH0ZGlZw81SzvJ21Fhz5Y.Cf6rkDSsYSg-MKtCwe3DAedUSEb2W9phMYFsw3_MC4s&dib_tag=se&m=A6PVCWOL6UP6Z&marketplaceID=A19VAU5U5O7RUS&qid=1776825342&refinements=p_36%3A11000-11500&s=merchant-items&sr=1-35&xpid=iY-TdMLWya18Y#customerReviews,La Flora (1628)
B0CH8ZBBSM,Vinyl,110.38,https://www.amazon.sg/BEST-OF-KENNY-THOMAS/dp/B0CH8ZBBSM/ref=sr_1_36?dib=eyJ2IjoiMSJ9.5HGG_IQPGG82Nr77GHjJclhz2svFX5ukEMyDr2C3KjnKLsp0h8YV2O1pxuEU8VrIZxWtEfiVDWRrpwJyPAbMWGpZcZD6aUA_Zchkbrxtw3DjvakatnIEINo6Po4PZDoZFRJy7m6i6anQwQCl4JdqfwNH0ZGlZw81SzvJ21Fhz5Y.Cf6rkDSsYSg-MKtCwe3DAedUSEb2W9phMYFsw3_MC4s&dib_tag=se&m=A6PVCWOL6UP6Z&marketplaceID=A19VAU5U5O7RUS&qid=1776825342&refinements=p_36%3A11000-11500&s=merchant-items&sr=1-36&xpid=iY-TdMLWya18Y#customerReviews,BEST OF KENNY THOMAS
B09YMMZ367,Vinyl,110.09,https://www.amazon.sg/%E3%82%A8%E3%82%B9%E3%83%8B%E3%83%83%E3%82%AF%E3%83%BB%E3%82%A8%E3%82%AF%E3%82%B9%E3%83%97%E3%83%AC%E3%83%83%E3%82%B7%E3%83%A7%E3%83%B3%E3%82%BA-%E5%88%9D%E5%9B%9E%E9%99%90%E5%AE%9A%E7%94%9F%E7%94%A3-%E5%B8%AF%E4%BB%98%E3%81%8D-LP-Analog/dp/B09YMMZ367/ref=sr_1_37?dib=eyJ2IjoiMSJ9.5HGG_IQPGG82Nr77GHjJclhz2svFX5ukEMyDr2C3KjnKLsp0h8YV2O1pxuEU8VrIZxWtEfiVDWRrpwJyPAbMWGpZcZD6aUA_Zchkbrxtw3DjvakatnIEINo6Po4PZDoZFRJy7m6i6anQwQCl4JdqfwNH0ZGlZw81SzvJ21Fhz5Y.Cf6rkDSsYSg-MKtCwe3DAedUSEb2W9phMYFsw3_MC4s&dib_tag=se&m=A6PVCWOL6UP6Z&marketplaceID=A19VAU5U5O7RUS&qid=1776825342&refinements=p_36%3A11000-11500&s=merchant-items&sr=1-37&xpid=iY-TdMLWya18Y#customerReviews,エスニック・エクスプレッションズ[初回限定生産][帯付き][LP] [Analog]
B0DMCKTFJX,Vinyl,110.38,https://www.amazon.sg/People-Watching-LP-Sam-Fender/dp/B0DMCKTFJX/ref=sr_1_38?dib=eyJ2IjoiMSJ9.5HGG_IQPGG82Nr77GHjJclhz2svFX5ukEMyDr2C3KjnKLsp0h8YV2O1pxuEU8VrIZxWtEfiVDWRrpwJyPAbMWGpZcZD6aUA_Zchkbrxtw3DjvakatnIEINo6Po4PZDoZFRJy7m6i6anQwQCl4JdqfwNH0ZGlZw81SzvJ21Fhz5Y.Cf6rkDSsYSg-MKtCwe3DAedUSEb2W9phMYFsw3_MC4s&dib_tag=se&m=A6PVCWOL6UP6Z&marketplaceID=A19VAU5U5O7RUS&qid=1776825342&refinements=p_36%3A11000-11500&s=merchant-items&sr=1-38&xpid=iY-TdMLWya18Y#customerReviews,People Watching[LP]
B0C1RMMZX7,Vinyl,114.19,https://www.amazon.sg/You-Analog-Prince/dp/B0C1RMMZX7/ref=sr_1_39?dib=eyJ2IjoiMSJ9.5HGG_IQPGG82Nr77GHjJclhz2svFX5ukEMyDr2C3KjnKLsp0h8YV2O1pxuEU8VrIZxWtEfiVDWRrpwJyPAbMWGpZcZD6aUA_Zchkbrxtw3DjvakatnIEINo6Po4PZDoZFRJy7m6i6anQwQCl4JdqfwNH0ZGlZw81SzvJ21Fhz5Y.Cf6rkDSsYSg-MKtCwe3DAedUSEb2W9phMYFsw3_MC4s&dib_tag=se&m=A6PVCWOL6UP6Z&marketplaceID=A19VAU5U5O7RUS&qid=1776825342&refinements=p_36%3A11000-11500&s=merchant-items&sr=1-39&xpid=iY-TdMLWya18Y#customerReviews,For You [Analog]
B097CBL1SM,Audio CD,108.67,https://www.amazon.sg/%E7%8D%A3%E5%85%B5%E8%A1%9B%E5%BF%8D%E9%A2%A8%E5%B8%96-%E3%82%AA%E3%83%AA%E3%82%B8%E3%83%8A%E3%83%AB%E3%83%BB%E3%82%B5%E3%82%A6%E3%83%B3%E3%83%89%E3%83%88%E3%83%A9%E3%83%83%E3%82%AF/dp/B097CBL1SM/ref=sr_1_40?dib=eyJ2IjoiMSJ9.5HGG_IQPGG82Nr77GHjJclhz2svFX5ukEMyDr2C3KjnKLsp0h8YV2O1pxuEU8VrIZxWtEfiVDWRrpwJyPAbMWGpZcZD6aUA_Zchkbrxtw3DjvakatnIEINo6Po4PZDoZFRJy7m6i6anQwQCl4JdqfwNH0ZGlZw81SzvJ21Fhz5Y.Cf6rkDSsYSg-MKtCwe3DAedUSEb2W9phMYFsw3_MC4s&dib_tag=se&m=A6PVCWOL6UP6Z&marketplaceID=A19VAU5U5O7RUS&qid=1776825342&refinements=p_36%3A11000-11500&s=merchant-items&sr=1-40&xpid=iY-TdMLWya18Y#customerReviews,獣兵衛忍風帖 オリジナル・サウンドトラック
B09X7CFRFF,Vinyl,114.19,https://www.amazon.sg/Come-See-Me-Often-Analog/dp/B09X7CFRFF/ref=sr_1_41?dib=eyJ2IjoiMSJ9.5HGG_IQPGG82Nr77GHjJclhz2svFX5ukEMyDr2C3KjnKLsp0h8YV2O1pxuEU8VrIZxWtEfiVDWRrpwJyPAbMWGpZcZD6aUA_Zchkbrxtw3DjvakatnIEINo6Po4PZDoZFRJy7m6i6anQwQCl4JdqfwNH0ZGlZw81SzvJ21Fhz5Y.Cf6rkDSsYSg-MKtCwe3DAedUSEb2W9phMYFsw3_MC4s&dib_tag=se&m=A6PVCWOL6UP6Z&marketplaceID=A19VAU5U5O7RUS&qid=1776825342&refinements=p_36%3A11000-11500&s=merchant-items&sr=1-41&xpid=iY-TdMLWya18Y#customerReviews,Come See Me & Come Often - Gold [Analog]
B07WGJKMQQ,Vinyl,114.19,https://www.amazon.sg/Greatest-Hits-LP-Quad-Mix/dp/B07WGJKMQQ/ref=sr_1_42?dib=eyJ2IjoiMSJ9.5HGG_IQPGG82Nr77GHjJclhz2svFX5ukEMyDr2C3KjnKLsp0h8YV2O1pxuEU8VrIZxWtEfiVDWRrpwJyPAbMWGpZcZD6aUA_Zchkbrxtw3DjvakatnIEINo6Po4PZDoZFRJy7m6i6anQwQCl4JdqfwNH0ZGlZw81SzvJ21Fhz5Y.Cf6rkDSsYSg-MKtCwe3DAedUSEb2W9phMYFsw3_MC4s&dib_tag=se&m=A6PVCWOL6UP6Z&marketplaceID=A19VAU5U5O7RUS&qid=1776825342&refinements=p_36%3A11000-11500&s=merchant-items&sr=1-42&xpid=iY-TdMLWya18Y#customerReviews,Greatest Hits [LP][Quad Mix]
B0CK4ZYMTD,Vinyl,110.38,https://www.amazon.sg/Difference-Between-Hell-Home-Analog/dp/B0CK4ZYMTD/ref=sr_1_43?dib=eyJ2IjoiMSJ9.5HGG_IQPGG82Nr77GHjJclhz2svFX5ukEMyDr2C3KjnKLsp0h8YV2O1pxuEU8VrIZxWtEfiVDWRrpwJyPAbMWGpZcZD6aUA_Zchkbrxtw3DjvakatnIEINo6Po4PZDoZFRJy7m6i6anQwQCl4JdqfwNH0ZGlZw81SzvJ21Fhz5Y.Cf6rkDSsYSg-MKtCwe3DAedUSEb2W9phMYFsw3_MC4s&dib_tag=se&m=A6PVCWOL6UP6Z&marketplaceID=A19VAU5U5O7RUS&qid=1776825342&refinements=p_36%3A11000-11500&s=merchant-items&sr=1-43&xpid=iY-TdMLWya18Y#customerReviews,The Difference Between Hell And Home [Analog]
B0CVBJ1ZF7,Vinyl,110.38,https://www.amazon.sg/Ti-Amo-Phoenix/dp/B0CVBJ1ZF7/ref=sr_1_49?dib=eyJ2IjoiMSJ9.lx8j45XzqE05X2CWQQWinXEst3gGrtEZ1rBY5FUU1yR2pB4fyiz7ENAdjuuThc4T6tKDRd4fGfROZFozTWqiFQ.ydXo7NwsBKSn9VJqs0NVYBJ8mRUsyyLlxWKn2z3Ry7I&dib_tag=se&m=A6PVCWOL6UP6Z&marketplaceID=A19VAU5U5O7RUS&qid=1776825346&refinements=p_36%3A11000-11500&s=merchant-items&sr=1-49&xpid=iY-TdMLWya18Y#customerReviews,Ti Amo
B0CYWTGJFG,Vinyl,114.19,https://www.amazon.sg/Night-Reign-LP-Arooj-Aftab/dp/B0CYWTGJFG/ref=sr_1_50?dib=eyJ2IjoiMSJ9.lx8j45XzqE05X2CWQQWinXEst3gGrtEZ1rBY5FUU1yR2pB4fyiz7ENAdjuuThc4T6tKDRd4fGfROZFozTWqiFQ.ydXo7NwsBKSn9VJqs0NVYBJ8mRUsyyLlxWKn2z3Ry7I&dib_tag=se&m=A6PVCWOL6UP6Z&marketplaceID=A19VAU5U5O7RUS&qid=1776825346&refinements=p_36%3A11000-11500&s=merchant-items&sr=1-50&xpid=iY-TdMLWya18Y#customerReviews,Night Reign[LP]
B0CFJ1X5DY,Vinyl,110.38,https://www.amazon.sg/Jam-City-Presents-Efm-Analog/dp/B0CFJ1X5DY/ref=sr_1_51?dib=eyJ2IjoiMSJ9.lx8j45XzqE05X2CWQQWinXEst3gGrtEZ1rBY5FUU1yR2pB4fyiz7ENAdjuuThc4T6tKDRd4fGfROZFozTWqiFQ.ydXo7NwsBKSn9VJqs0NVYBJ8mRUsyyLlxWKn2z3Ry7I&dib_tag=se&m=A6PVCWOL6UP6Z&marketplaceID=A19VAU5U5O7RUS&qid=1776825346&refinements=p_36%3A11000-11500&s=merchant-items&sr=1-51&xpid=iY-TdMLWya18Y#customerReviews,Jam City Presents: Efm [Analog]
B0D8TYC9KR,Vinyl,110.38,https://www.amazon.sg/Remember-Right-Now-Spitalfield/dp/B0D8TYC9KR/ref=sr_1_52?dib=eyJ2IjoiMSJ9.lx8j45XzqE05X2CWQQWinXEst3gGrtEZ1rBY5FUU1yR2pB4fyiz7ENAdjuuThc4T6tKDRd4fGfROZFozTWqiFQ.ydXo7NwsBKSn9VJqs0NVYBJ8mRUsyyLlxWKn2z3Ry7I&dib_tag=se&m=A6PVCWOL6UP6Z&marketplaceID=A19VAU5U5O7RUS&qid=1776825346&refinements=p_36%3A11000-11500&s=merchant-items&sr=1-52&xpid=iY-TdMLWya18Y#customerReviews,Remember Right Now
B0CJLPTJ3T,Vinyl,114.19,https://www.amazon.sg/Welcome-Rest-Your-Life-Little/dp/B0CJLPTJ3T/ref=sr_1_53?dib=eyJ2IjoiMSJ9.lx8j45XzqE05X2CWQQWinXEst3gGrtEZ1rBY5FUU1yR2pB4fyiz7ENAdjuuThc4T6tKDRd4fGfROZFozTWqiFQ.ydXo7NwsBKSn9VJqs0NVYBJ8mRUsyyLlxWKn2z3Ry7I&dib_tag=se&m=A6PVCWOL6UP6Z&marketplaceID=A19VAU5U5O7RUS&qid=1776825346&refinements=p_36%3A11000-11500&s=merchant-items&sr=1-53&xpid=iY-TdMLWya18Y#customerReviews,Welcome To The Rest Of Your Life
B0CDDKDXM5,Vinyl,167.76,https://www.amazon.sg/Love-Hate-Art-School/dp/B0CDDKDXM5/ref=sr_1_49?dib=eyJ2IjoiMSJ9.EZXuj17jFC4_q1V7HVT6yvhlSiTjgol6xMeiFVLj_G2rTTSRF5RVLG2zqvyVN7hR9F7r2G_3TtdZ2byWicMdbyErV0U-_yymJmUNE_rehVbEFUml1T7Iu-QG2ShRfp1p7_5oX3HCTGDyjOBVkvpATzP2DtP0Qybr9pgzGTpaHfI.zy-86OaO-HR0aSBws8XcxmNg2-5GFl2dku0lfACAZ_4&dib_tag=se&m=A6PVCWOL6UP6Z&marketplaceID=A19VAU5U5O7RUS&qid=1776825346&refinements=p_36%3A11000-11500&s=merchant-items&sr=1-49&xpid=iY-TdMLWya18Y#customerReviews,Love/Hate
B0C74H79YF,Audio CD,167.76,https://www.amazon.sg/Me%E3%80%90CD-Blu-ray%E3%80%91-LIVE%E7%9B%A4-FANTASTICS-EXILE/dp/B0C74H79YF/ref=sr_1_50?dib=eyJ2IjoiMSJ9.EZXuj17jFC4_q1V7HVT6yvhlSiTjgol6xMeiFVLj_G2rTTSRF5RVLG2zqvyVN7hR9F7r2G_3TtdZ2byWicMdbyErV0U-_yymJmUNE_rehVbEFUml1T7Iu-QG2ShRfp1p7_5oX3HCTGDyjOBVkvpATzP2DtP0Qybr9pgzGTpaHfI.zy-86OaO-HR0aSBws8XcxmNg2-5GFl2dku0lfACAZ_4&dib_tag=se&m=A6PVCWOL6UP6Z&marketplaceID=A19VAU5U5O7RUS&qid=1776825346&refinements=p_36%3A11000-11500&s=merchant-items&sr=1-50&xpid=iY-TdMLWya18Y#customerReviews,Tell Me【CD+Blu-ray】(LIVE盤)
B0BQ5FP8NR,Audio CD,197.11,https://www.amazon.sg/%E5%A4%A2%E6%83%B3%E6%9B%B2-Tr%C3%A4umerei-%E3%80%90Blu-ray%E4%BB%98%E7%94%9F%E7%94%A3%E9%99%90%E5%AE%9A%E7%9B%A4%E3%80%91-%E7%87%90%E8%88%9E%E6%9B%B2/dp/B0BQ5FP8NR/ref=sr_1_51?dib=eyJ2IjoiMSJ9.EZXuj17jFC4_q1V7HVT6yvhlSiTjgol6xMeiFVLj_G2rTTSRF5RVLG2zqvyVN7hR9F7r2G_3TtdZ2byWicMdbyErV0U-_yymJmUNE_rehVbEFUml1T7Iu-QG2ShRfp1p7_5oX3HCTGDyjOBVkvpATzP2DtP0Qybr9pgzGTpaHfI.zy-86OaO-HR0aSBws8XcxmNg2-5GFl2dku0lfACAZ_4&dib_tag=se&m=A6PVCWOL6UP6Z&marketplaceID=A19VAU5U5O7RUS&qid=1776825346&refinements=p_36%3A11000-11500&s=merchant-items&sr=1-51&xpid=iY-TdMLWya18Y#customerReviews,夢想曲 -Träumerei-【Blu-ray付生産限定盤】
B0BFVF35HG,Audio CD,110.38,https://www.amazon.sg/%E3%82%AF%E3%83%AA%E3%82%B9%E3%83%9E%E3%82%B9%E7%89%A9%E8%AA%9E/dp/B0BFVF35HG/ref=sr_1_52?dib=eyJ2IjoiMSJ9.EZXuj17jFC4_q1V7HVT6yvhlSiTjgol6xMeiFVLj_G2rTTSRF5RVLG2zqvyVN7hR9F7r2G_3TtdZ2byWicMdbyErV0U-_yymJmUNE_rehVbEFUml1T7Iu-QG2ShRfp1p7_5oX3HCTGDyjOBVkvpATzP2DtP0Qybr9pgzGTpaHfI.zy-86OaO-HR0aSBws8XcxmNg2-5GFl2dku0lfACAZ_4&dib_tag=se&m=A6PVCWOL6UP6Z&marketplaceID=A19VAU5U5O7RUS&qid=1776825346&refinements=p_36%3A11000-11500&s=merchant-items&sr=1-52&xpid=iY-TdMLWya18Y,クリスマス物語
B0B31Z37T6,Audio CD,167.76,https://www.amazon.sg/%E5%AF%84%E3%82%8B%E8%BE%BA%E3%81%AESunny-Sunny%E3%80%90Blu-ray%E4%BB%98%E7%94%9F%E7%94%A3%E9%99%90%E5%AE%9A%E7%9B%A4%E3%80%91-Morfonica/dp/B0B31Z37T6/ref=sr_1_53?dib=eyJ2IjoiMSJ9.EZXuj17jFC4_q1V7HVT6yvhlSiTjgol6xMeiFVLj_G2rTTSRF5RVLG2zqvyVN7hR9F7r2G_3TtdZ2byWicMdbyErV0U-_yymJmUNE_rehVbEFUml1T7Iu-QG2ShRfp1p7_5oX3HCTGDyjOBVkvpATzP2DtP0Qybr9pgzGTpaHfI.zy-86OaO-HR0aSBws8XcxmNg2-5GFl2dku0lfACAZ_4&dib_tag=se&m=A6PVCWOL6UP6Z&marketplaceID=A19VAU5U5O7RUS&qid=1776825346&refinements=p_36%3A11000-11500&s=merchant-items&sr=1-53&xpid=iY-TdMLWya18Y#customerReviews,"寄る辺のSunny, Sunny【Blu-ray付生産限定盤】"
B0B15QL6KW,Vinyl,110.38,https://www.amazon.sg/Demos-1976-1977-Analog-Sex-Pistols/dp/B0B15QL6KW/ref=sr_1_54?dib=eyJ2IjoiMSJ9.EZXuj17jFC4_q1V7HVT6yvhlSiTjgol6xMeiFVLj_G2rTTSRF5RVLG2zqvyVN7hR9F7r2G_3TtdZ2byWicMdbyErV0U-_yymJmUNE_rehVbEFUml1T7Iu-QG2ShRfp1p7_5oX3HCTGDyjOBVkvpATzP2DtP0Qybr9pgzGTpaHfI.zy-86OaO-HR0aSBws8XcxmNg2-5GFl2dku0lfACAZ_4&dib_tag=se&m=A6PVCWOL6UP6Z&marketplaceID=A19VAU5U5O7RUS&qid=1776825346&refinements=p_36%3A11000-11500&s=merchant-items&sr=1-54&xpid=iY-TdMLWya18Y#customerReviews,: Demos 1976-1977 [Analog]
B09NTL2Y3B,Vinyl,110.09,https://www.amazon.sg/%E3%83%AC%E3%83%87%E3%82%A3%E3%83%BC-%E3%82%A6%E3%82%A7%E3%82%A4%E3%83%86%E3%82%A3%E3%83%B3%E3%82%B0%E3%80%90%E4%B8%96%E7%95%8C%E5%88%9DLP%E3%83%AA%E3%82%A4%E3%82%B7%E3%83%A5%E3%83%BC%E3%80%91%E3%80%90%E5%B8%AF%E4%BB%98%E3%81%8D%E3%80%91-Analog-%E3%82%B7%E3%83%B3%E3%82%B7%E3%82%A2%E3%83%BB%E3%82%B7%E3%83%A5%E3%83%AD%E3%82%B9/dp/B09NTL2Y3B/ref=sr_1_55?dib=eyJ2IjoiMSJ9.EZXuj17jFC4_q1V7HVT6yvhlSiTjgol6xMeiFVLj_G2rTTSRF5RVLG2zqvyVN7hR9F7r2G_3TtdZ2byWicMdbyErV0U-_yymJmUNE_rehVbEFUml1T7Iu-QG2ShRfp1p7_5oX3HCTGDyjOBVkvpATzP2DtP0Qybr9pgzGTpaHfI.zy-86OaO-HR0aSBws8XcxmNg2-5GFl2dku0lfACAZ_4&dib_tag=se&m=A6PVCWOL6UP6Z&marketplaceID=A19VAU5U5O7RUS&qid=1776825346&refinements=p_36%3A11000-11500&s=merchant-items&sr=1-55&xpid=iY-TdMLWya18Y,レディー&ウェイティング【世界初LPリイシュー】【帯付き】 [Analog]
B08QDLQLVQ,Audio CD,113.23,https://www.amazon.sg/SHUFFLE-HEART-BEAT%E3%80%90Blu-ray%E4%BB%98%E7%94%9F%E7%94%A3%E9%99%90%E5%AE%9A%E7%9B%A4%E3%80%91-Happy-Around/dp/B08QDLQLVQ/ref=sr_1_56?dib=eyJ2IjoiMSJ9.EZXuj17jFC4_q1V7HVT6yvhlSiTjgol6xMeiFVLj_G2rTTSRF5RVLG2zqvyVN7hR9F7r2G_3TtdZ2byWicMdbyErV0U-_yymJmUNE_rehVbEFUml1T7Iu-QG2ShRfp1p7_5oX3HCTGDyjOBVkvpATzP2DtP0Qybr9pgzGTpaHfI.zy-86OaO-HR0aSBws8XcxmNg2-5GFl2dku0lfACAZ_4&dib_tag=se&m=A6PVCWOL6UP6Z&marketplaceID=A19VAU5U5O7RUS&qid=1776825346&refinements=p_36%3A11000-11500&s=merchant-items&sr=1-56&xpid=iY-TdMLWya18Y#customerReviews,SHUFFLE HEART BEAT【Blu-ray付生産限定盤】
B08MSSD6JS,Vinyl,114.19,https://www.amazon.sg/Stories-City-Sea-Demos-LP/dp/B08MSSD6JS/ref=sr_1_57?dib=eyJ2IjoiMSJ9.EZXuj17jFC4_q1V7HVT6yvhlSiTjgol6xMeiFVLj_G2rTTSRF5RVLG2zqvyVN7hR9F7r2G_3TtdZ2byWicMdbyErV0U-_yymJmUNE_rehVbEFUml1T7Iu-QG2ShRfp1p7_5oX3HCTGDyjOBVkvpATzP2DtP0Qybr9pgzGTpaHfI.zy-86OaO-HR0aSBws8XcxmNg2-5GFl2dku0lfACAZ_4&dib_tag=se&m=A6PVCWOL6UP6Z&marketplaceID=A19VAU5U5O7RUS&qid=1776825346&refinements=p_36%3A11000-11500&s=merchant-items&sr=1-57&xpid=iY-TdMLWya18Y#customerReviews,"Stories From The City, Stories From The Sea - Demos [LP]"
B08LNKYGZT,Audio CD,114.19,https://www.amazon.sg/Haunting-Bly-Manor-Original-Soundtrack/dp/B08LNKYGZT/ref=sr_1_58?dib=eyJ2IjoiMSJ9.EZXuj17jFC4_q1V7HVT6yvhlSiTjgol6xMeiFVLj_G2rTTSRF5RVLG2zqvyVN7hR9F7r2G_3TtdZ2byWicMdbyErV0U-_yymJmUNE_rehVbEFUml1T7Iu-QG2ShRfp1p7_5oX3HCTGDyjOBVkvpATzP2DtP0Qybr9pgzGTpaHfI.zy-86OaO-HR0aSBws8XcxmNg2-5GFl2dku0lfACAZ_4&dib_tag=se&m=A6PVCWOL6UP6Z&marketplaceID=A19VAU5U5O7RUS&qid=1776825346&refinements=p_36%3A11000-11500&s=merchant-items&sr=1-58&xpid=iY-TdMLWya18Y#customerReviews,Haunting Of Bly Manor (Original Soundtrack)
B08DSTHN5Q,Vinyl,110.38,https://www.amazon.sg/Spellbound-EARLY-MOODS/dp/B08DSTHN5Q/ref=sr_1_59?dib=eyJ2IjoiMSJ9.EZXuj17jFC4_q1V7HVT6yvhlSiTjgol6xMeiFVLj_G2rTTSRF5RVLG2zqvyVN7hR9F7r2G_3TtdZ2byWicMdbyErV0U-_yymJmUNE_rehVbEFUml1T7Iu-QG2ShRfp1p7_5oX3HCTGDyjOBVkvpATzP2DtP0Qybr9pgzGTpaHfI.zy-86OaO-HR0aSBws8XcxmNg2-5GFl2dku0lfACAZ_4&dib_tag=se&m=A6PVCWOL6UP6Z&marketplaceID=A19VAU5U5O7RUS&qid=1776825346&refinements=p_36%3A11000-11500&s=merchant-items&sr=1-59&xpid=iY-TdMLWya18Y#customerReviews,Spellbound
B07VM7WF9C,Audio CD,163.56,https://www.amazon.sg/HEART-TOUCH-%E8%B1%AA%E8%8F%AF%E7%9B%A4-%E4%BA%9C%E5%92%B2%E8%8A%B1/dp/B07VM7WF9C/ref=sr_1_65?dib=eyJ2IjoiMSJ9.6E8dbCjyFlNq-8EQeqe6LtNmoSWBxxIdwCsxkUtAta-MbUSurnNETJd9jJRem-owewJW79-7LVhnu-0NIr1eEQ.5i3NrE5PtF2JTCwXxQn_IDZLMiCR0zRA0m16DmllRHM&dib_tag=se&m=A6PVCWOL6UP6Z&marketplaceID=A19VAU5U5O7RUS&qid=1776825350&refinements=p_36%3A11000-11500&s=merchant-items&sr=1-65&xpid=iY-TdMLWya18Y#customerReviews,HEART TOUCH(豪華盤)
B07JJGZW3P,Vinyl,110.38,https://www.amazon.sg/Something-Different-DEXTER-QUARTET-GORDON/dp/B07JJGZW3P/ref=sr_1_66?dib=eyJ2IjoiMSJ9.6E8dbCjyFlNq-8EQeqe6LtNmoSWBxxIdwCsxkUtAta-MbUSurnNETJd9jJRem-owewJW79-7LVhnu-0NIr1eEQ.5i3NrE5PtF2JTCwXxQn_IDZLMiCR0zRA0m16DmllRHM&dib_tag=se&m=A6PVCWOL6UP6Z&marketplaceID=A19VAU5U5O7RUS&qid=1776825350&refinements=p_36%3A11000-11500&s=merchant-items&sr=1-66&xpid=iY-TdMLWya18Y#customerReviews,Something Different
B01KKPGNL4,Audio CD,108.36,https://www.amazon.sg/3Bjunior-%E3%83%95%E3%82%A1%E3%83%BC%E3%82%B9%E3%83%88%E3%83%BB%E3%82%A2%E3%83%AB%E3%83%90%E3%83%A0-%E5%88%9D%E5%9B%9E%E9%99%90%E5%AE%9A%E7%9B%A4-Blu-ray-Disc%E4%BB%98/dp/B01KKPGNL4/ref=sr_1_67?dib=eyJ2IjoiMSJ9.6E8dbCjyFlNq-8EQeqe6LtNmoSWBxxIdwCsxkUtAta-MbUSurnNETJd9jJRem-owewJW79-7LVhnu-0NIr1eEQ.5i3NrE5PtF2JTCwXxQn_IDZLMiCR0zRA0m16DmllRHM&dib_tag=se&m=A6PVCWOL6UP6Z&marketplaceID=A19VAU5U5O7RUS&qid=1776825350&refinements=p_36%3A11000-11500&s=merchant-items&sr=1-67&xpid=iY-TdMLWya18Y#customerReviews,3Bjunior ファースト・アルバム 2016(初回限定盤)(Blu-ray Disc付)
B0010R3VO4,Vinyl,114.19,https://www.amazon.sg/Transa-Vinyl-Caetano-Veloso/dp/B0010R3VO4/ref=sr_1_68?dib=eyJ2IjoiMSJ9.6E8dbCjyFlNq-8EQeqe6LtNmoSWBxxIdwCsxkUtAta-MbUSurnNETJd9jJRem-owewJW79-7LVhnu-0NIr1eEQ.5i3NrE5PtF2JTCwXxQn_IDZLMiCR0zRA0m16DmllRHM&dib_tag=se&m=A6PVCWOL6UP6Z&marketplaceID=A19VAU5U5O7RUS&qid=1776825350&refinements=p_36%3A11000-11500&s=merchant-items&sr=1-68&xpid=iY-TdMLWya18Y#customerReviews,Transa [Vinyl]
B0764XWDH2,Vinyl,114.85,https://www.amazon.sg/HIGHLY-RARE-STRIP-PATTERN-Analog/dp/B0764XWDH2/ref=sr_1_69?dib=eyJ2IjoiMSJ9.6E8dbCjyFlNq-8EQeqe6LtNmoSWBxxIdwCsxkUtAta-MbUSurnNETJd9jJRem-owewJW79-7LVhnu-0NIr1eEQ.5i3NrE5PtF2JTCwXxQn_IDZLMiCR0zRA0m16DmllRHM&dib_tag=se&m=A6PVCWOL6UP6Z&marketplaceID=A19VAU5U5O7RUS&qid=1776825350&refinements=p_36%3A11000-11500&s=merchant-items&sr=1-69&xpid=iY-TdMLWya18Y#customerReviews,"HIGHLY RARE [LP] (OBI STRIP, DOME PATTERN LP) [Analog]"
B0DBX81RGJ,Vinyl,110.38,https://www.amazon.sg/Punishment-Luxury-Limited-Colored-Vinyl/dp/B0DBX81RGJ/ref=sr_1_65?dib=eyJ2IjoiMSJ9.uCXK0AMKWoweBjPFGD6Tj8oJ4e819Amf0ATMBOnW7aBg8iggCeiE8t4rKtUjt8PkXLQJAfW2iWmGTShHMhISpHK22fqe-X9C4C1D-LQvMTzR3w8YlnVdS0eVVHeoS52L6LTEs8C9_Un8KpzfqGYyY_lPYuytI4WSzJOVtGv-Ezo.UXBRLXvD1Xcyi3JDSqYRaRlyMpfvMV1oiKcLqWJfG1o&dib_tag=se&m=A6PVCWOL6UP6Z&marketplaceID=A19VAU5U5O7RUS&qid=1776825350&refinements=p_36%3A11000-11500&s=merchant-items&sr=1-65&xpid=iY-TdMLWya18Y#customerReviews,Punishment Of Luxury - Limited Blue Colored Vinyl
B0BS9NFXHB,Vinyl,110.38,https://www.amazon.sg/So-Much-Stardust-Vinyl-LP/dp/B0BS9NFXHB/ref=sr_1_66?dib=eyJ2IjoiMSJ9.uCXK0AMKWoweBjPFGD6Tj8oJ4e819Amf0ATMBOnW7aBg8iggCeiE8t4rKtUjt8PkXLQJAfW2iWmGTShHMhISpHK22fqe-X9C4C1D-LQvMTzR3w8YlnVdS0eVVHeoS52L6LTEs8C9_Un8KpzfqGYyY_lPYuytI4WSzJOVtGv-Ezo.UXBRLXvD1Xcyi3JDSqYRaRlyMpfvMV1oiKcLqWJfG1o&dib_tag=se&m=A6PVCWOL6UP6Z&marketplaceID=A19VAU5U5O7RUS&qid=1776825350&refinements=p_36%3A11000-11500&s=merchant-items&sr=1-66&xpid=iY-TdMLWya18Y#customerReviews,So Much (For) Stardust (Vinyl LP)
B0DQ64V7X8,Vinyl,114.19,https://www.amazon.sg/Diamonds-Four-Mario-Molino/dp/B0DQ64V7X8/ref=sr_1_67?dib=eyJ2IjoiMSJ9.uCXK0AMKWoweBjPFGD6Tj8oJ4e819Amf0ATMBOnW7aBg8iggCeiE8t4rKtUjt8PkXLQJAfW2iWmGTShHMhISpHK22fqe-X9C4C1D-LQvMTzR3w8YlnVdS0eVVHeoS52L6LTEs8C9_Un8KpzfqGYyY_lPYuytI4WSzJOVtGv-Ezo.UXBRLXvD1Xcyi3JDSqYRaRlyMpfvMV1oiKcLqWJfG1o&dib_tag=se&m=A6PVCWOL6UP6Z&marketplaceID=A19VAU5U5O7RUS&qid=1776825350&refinements=p_36%3A11000-11500&s=merchant-items&sr=1-67&xpid=iY-TdMLWya18Y,The Diamonds Four
B0DPXXCL7Z,Vinyl,110.38,https://www.amazon.sg/Studio-Natives-Vol-Jackson-Mathod/dp/B0DPXXCL7Z/ref=sr_1_68?dib=eyJ2IjoiMSJ9.uCXK0AMKWoweBjPFGD6Tj8oJ4e819Amf0ATMBOnW7aBg8iggCeiE8t4rKtUjt8PkXLQJAfW2iWmGTShHMhISpHK22fqe-X9C4C1D-LQvMTzR3w8YlnVdS0eVVHeoS52L6LTEs8C9_Un8KpzfqGYyY_lPYuytI4WSzJOVtGv-Ezo.UXBRLXvD1Xcyi3JDSqYRaRlyMpfvMV1oiKcLqWJfG1o&dib_tag=se&m=A6PVCWOL6UP6Z&marketplaceID=A19VAU5U5O7RUS&qid=1776825350&refinements=p_36%3A11000-11500&s=merchant-items&sr=1-68&xpid=iY-TdMLWya18Y,Studio Natives Vol. 1
B0DPMHTTT6,Vinyl,110.38,https://www.amazon.sg/Echoes-Deep-November-Vinyl-LP/dp/B0DPMHTTT6/ref=sr_1_69?dib=eyJ2IjoiMSJ9.uCXK0AMKWoweBjPFGD6Tj8oJ4e819Amf0ATMBOnW7aBg8iggCeiE8t4rKtUjt8PkXLQJAfW2iWmGTShHMhISpHK22fqe-X9C4C1D-LQvMTzR3w8YlnVdS0eVVHeoS52L6LTEs8C9_Un8KpzfqGYyY_lPYuytI4WSzJOVtGv-Ezo.UXBRLXvD1Xcyi3JDSqYRaRlyMpfvMV1oiKcLqWJfG1o&dib_tag=se&m=A6PVCWOL6UP6Z&marketplaceID=A19VAU5U5O7RUS&qid=1776825350&refinements=p_36%3A11000-11500&s=merchant-items&sr=1-69&xpid=iY-TdMLWya18Y#customerReviews,Echoes From Deep November [Vinyl LP]
B0DNKMQ9SX,Vinyl,110.38,https://www.amazon.sg/One-Way-Save-Life-Vinyl/dp/B0DNKMQ9SX/ref=sr_1_70?dib=eyJ2IjoiMSJ9.uCXK0AMKWoweBjPFGD6Tj8oJ4e819Amf0ATMBOnW7aBg8iggCeiE8t4rKtUjt8PkXLQJAfW2iWmGTShHMhISpHK22fqe-X9C4C1D-LQvMTzR3w8YlnVdS0eVVHeoS52L6LTEs8C9_Un8KpzfqGYyY_lPYuytI4WSzJOVtGv-Ezo.UXBRLXvD1Xcyi3JDSqYRaRlyMpfvMV1oiKcLqWJfG1o&dib_tag=se&m=A6PVCWOL6UP6Z&marketplaceID=A19VAU5U5O7RUS&qid=1776825350&refinements=p_36%3A11000-11500&s=merchant-items&sr=1-70&xpid=iY-TdMLWya18Y#customerReviews,"One Way/Save My Life (10"" Vinyl)"
B0DLXT3M2D,Vinyl,114.19,https://www.amazon.sg/Ghosts-Haress/dp/B0DLXT3M2D/ref=sr_1_71?dib=eyJ2IjoiMSJ9.uCXK0AMKWoweBjPFGD6Tj8oJ4e819Amf0ATMBOnW7aBg8iggCeiE8t4rKtUjt8PkXLQJAfW2iWmGTShHMhISpHK22fqe-X9C4C1D-LQvMTzR3w8YlnVdS0eVVHeoS52L6LTEs8C9_Un8KpzfqGYyY_lPYuytI4WSzJOVtGv-Ezo.UXBRLXvD1Xcyi3JDSqYRaRlyMpfvMV1oiKcLqWJfG1o&dib_tag=se&m=A6PVCWOL6UP6Z&marketplaceID=A19VAU5U5O7RUS&qid=1776825350&refinements=p_36%3A11000-11500&s=merchant-items&sr=1-71&xpid=iY-TdMLWya18Y,Ghosts
B0DLWSB5SK,Audio CD,110.38,https://www.amazon.sg/Sisters-Original-Soundtrack-Bernard-Herrmann/dp/B0DLWSB5SK/ref=sr_1_72?dib=eyJ2IjoiMSJ9.uCXK0AMKWoweBjPFGD6Tj8oJ4e819Amf0ATMBOnW7aBg8iggCeiE8t4rKtUjt8PkXLQJAfW2iWmGTShHMhISpHK22fqe-X9C4C1D-LQvMTzR3w8YlnVdS0eVVHeoS52L6LTEs8C9_Un8KpzfqGYyY_lPYuytI4WSzJOVtGv-Ezo.UXBRLXvD1Xcyi3JDSqYRaRlyMpfvMV1oiKcLqWJfG1o&dib_tag=se&m=A6PVCWOL6UP6Z&marketplaceID=A19VAU5U5O7RUS&qid=1776825350&refinements=p_36%3A11000-11500&s=merchant-items&sr=1-72&xpid=iY-TdMLWya18Y#customerReviews,Sisters (Original Soundtrack) - Remastered
B0DLWRMNCV,Audio CD,110.38,https://www.amazon.sg/Ruffian-Original-Soundtrack-Remastered-Expanded/dp/B0DLWRMNCV/ref=sr_1_73?dib=eyJ2IjoiMSJ9.uCXK0AMKWoweBjPFGD6Tj8oJ4e819Amf0ATMBOnW7aBg8iggCeiE8t4rKtUjt8PkXLQJAfW2iWmGTShHMhISpHK22fqe-X9C4C1D-LQvMTzR3w8YlnVdS0eVVHeoS52L6LTEs8C9_Un8KpzfqGYyY_lPYuytI4WSzJOVtGv-Ezo.UXBRLXvD1Xcyi3JDSqYRaRlyMpfvMV1oiKcLqWJfG1o&dib_tag=se&m=A6PVCWOL6UP6Z&marketplaceID=A19VAU5U5O7RUS&qid=1776825350&refinements=p_36%3A11000-11500&s=merchant-items&sr=1-73&xpid=iY-TdMLWya18Y#customerReviews,Le Ruffian (Original Soundtrack) - Remastered & Expanded
B0DLPFJBQD,Vinyl,110.38,https://www.amazon.sg/Magick-Potion/dp/B0DLPFJBQD/ref=sr_1_74?dib=eyJ2IjoiMSJ9.uCXK0AMKWoweBjPFGD6Tj8oJ4e819Amf0ATMBOnW7aBg8iggCeiE8t4rKtUjt8PkXLQJAfW2iWmGTShHMhISpHK22fqe-X9C4C1D-LQvMTzR3w8YlnVdS0eVVHeoS52L6LTEs8C9_Un8KpzfqGYyY_lPYuytI4WSzJOVtGv-Ezo.UXBRLXvD1Xcyi3JDSqYRaRlyMpfvMV1oiKcLqWJfG1o&dib_tag=se&m=A6PVCWOL6UP6Z&marketplaceID=A19VAU5U5O7RUS&qid=1776825350&refinements=p_36%3A11000-11500&s=merchant-items&sr=1-74&xpid=iY-TdMLWya18Y#customerReviews,Magick Potion
B0DK9TLSKG,Vinyl,110.38,https://www.amazon.sg/Circular-Train-Ava-Mendoza/dp/B0DK9TLSKG/ref=sr_1_75?dib=eyJ2IjoiMSJ9.uCXK0AMKWoweBjPFGD6Tj8oJ4e819Amf0ATMBOnW7aBg8iggCeiE8t4rKtUjt8PkXLQJAfW2iWmGTShHMhISpHK22fqe-X9C4C1D-LQvMTzR3w8YlnVdS0eVVHeoS52L6LTEs8C9_Un8KpzfqGYyY_lPYuytI4WSzJOVtGv-Ezo.UXBRLXvD1Xcyi3JDSqYRaRlyMpfvMV1oiKcLqWJfG1o&dib_tag=se&m=A6PVCWOL6UP6Z&marketplaceID=A19VAU5U5O7RUS&qid=1776825350&refinements=p_36%3A11000-11500&s=merchant-items&sr=1-75&xpid=iY-TdMLWya18Y#customerReviews,The Circular Train
B0DK9T5WDT,Vinyl,110.38,https://www.amazon.sg/Dreaming-Strife-Love-Bedsore/dp/B0DK9T5WDT/ref=sr_1_81?dib=eyJ2IjoiMSJ9.t02tJIi9Ynf86dxJzUTdyhUx9IQdlxni13Pl5jckzUJKXyb7BEBXqNOAzd6pHu38DeHJLNYGWExNt6iF9tBNSw.fVonralj9SdNGT240mUaZkgccSwxPW9RLs7OD9JMCyM&dib_tag=se&m=A6PVCWOL6UP6Z&marketplaceID=A19VAU5U5O7RUS&qid=1776825355&refinements=p_36%3A11000-11500&s=merchant-items&sr=1-81&xpid=iY-TdMLWya18Y#customerReviews,Dreaming The Strife For Love
B0DJTHB37W,Vinyl,110.38,https://www.amazon.sg/Dalston-Tape-Vol-Neue-Grafik/dp/B0DJTHB37W/ref=sr_1_82?dib=eyJ2IjoiMSJ9.t02tJIi9Ynf86dxJzUTdyhUx9IQdlxni13Pl5jckzUJKXyb7BEBXqNOAzd6pHu38DeHJLNYGWExNt6iF9tBNSw.fVonralj9SdNGT240mUaZkgccSwxPW9RLs7OD9JMCyM&dib_tag=se&m=A6PVCWOL6UP6Z&marketplaceID=A19VAU5U5O7RUS&qid=1776825355&refinements=p_36%3A11000-11500&s=merchant-items&sr=1-82&xpid=iY-TdMLWya18Y,"Dalston Tape, Vol. 1"
B0DHW4XBRM,Vinyl,110.38,https://www.amazon.sg/Metal-wet-Soft-as-Snow/dp/B0DHW4XBRM/ref=sr_1_83?dib=eyJ2IjoiMSJ9.t02tJIi9Ynf86dxJzUTdyhUx9IQdlxni13Pl5jckzUJKXyb7BEBXqNOAzd6pHu38DeHJLNYGWExNt6iF9tBNSw.fVonralj9SdNGT240mUaZkgccSwxPW9RLs7OD9JMCyM&dib_tag=se&m=A6PVCWOL6UP6Z&marketplaceID=A19VAU5U5O7RUS&qid=1776825355&refinements=p_36%3A11000-11500&s=merchant-items&sr=1-83&xpid=iY-TdMLWya18Y,Metal.wet
B0DHLKF1JJ,Vinyl,110.38,https://www.amazon.sg/Hopscotch-Fever-Artificial-Go/dp/B0DHLKF1JJ/ref=sr_1_84?dib=eyJ2IjoiMSJ9.t02tJIi9Ynf86dxJzUTdyhUx9IQdlxni13Pl5jckzUJKXyb7BEBXqNOAzd6pHu38DeHJLNYGWExNt6iF9tBNSw.fVonralj9SdNGT240mUaZkgccSwxPW9RLs7OD9JMCyM&dib_tag=se&m=A6PVCWOL6UP6Z&marketplaceID=A19VAU5U5O7RUS&qid=1776825355&refinements=p_36%3A11000-11500&s=merchant-items&sr=1-84&xpid=iY-TdMLWya18Y,Hopscotch Fever
B0DHFRM1S6,Vinyl,114.19,https://www.amazon.sg/Slightly-Hysterical-Girl-Pearls-Vinyl/dp/B0DHFRM1S6/ref=sr_1_85?dib=eyJ2IjoiMSJ9.t02tJIi9Ynf86dxJzUTdyhUx9IQdlxni13Pl5jckzUJKXyb7BEBXqNOAzd6pHu38DeHJLNYGWExNt6iF9tBNSw.fVonralj9SdNGT240mUaZkgccSwxPW9RLs7OD9JMCyM&dib_tag=se&m=A6PVCWOL6UP6Z&marketplaceID=A19VAU5U5O7RUS&qid=1776825355&refinements=p_36%3A11000-11500&s=merchant-items&sr=1-85&xpid=iY-TdMLWya18Y#customerReviews,Slightly Hysterical Girl With Pearls [Vinyl LP]
B0DH2SBHBC,Vinyl,114.19,https://www.amazon.sg/Carnivores-VINYL-Plantfood/dp/B0DH2SBHBC/ref=sr_1_81?dib=eyJ2IjoiMSJ9.7bjDCGGVd433S6fsn4DkHlLRLq9agultKVA81KiJc0r57hInCjk9K6N-Axuy7h9nyu-ws6kj5rdYtma24GxwUpX1a2T3PS6j3tVxvH-6isliwwXBLPAAKQVnlnOfcSJDA58IFJgISxmPESS6kaw6jELmvFg6WfKhD0pfo1JfC7c.9eDa4sjUVI2gYWcOjbqK_j8IE3tK_VIny_m4oPB0j4U&dib_tag=se&m=A6PVCWOL6UP6Z&marketplaceID=A19VAU5U5O7RUS&qid=1776825355&refinements=p_36%3A11000-11500&s=merchant-items&sr=1-81&xpid=iY-TdMLWya18Y,Carnivores [VINYL]
B0DGV9CYNP,Vinyl,110.38,https://www.amazon.sg/Curioso-Wilder-Woods/dp/B0DGV9CYNP/ref=sr_1_82?dib=eyJ2IjoiMSJ9.7bjDCGGVd433S6fsn4DkHlLRLq9agultKVA81KiJc0r57hInCjk9K6N-Axuy7h9nyu-ws6kj5rdYtma24GxwUpX1a2T3PS6j3tVxvH-6isliwwXBLPAAKQVnlnOfcSJDA58IFJgISxmPESS6kaw6jELmvFg6WfKhD0pfo1JfC7c.9eDa4sjUVI2gYWcOjbqK_j8IE3tK_VIny_m4oPB0j4U&dib_tag=se&m=A6PVCWOL6UP6Z&marketplaceID=A19VAU5U5O7RUS&qid=1776825355&refinements=p_36%3A11000-11500&s=merchant-items&sr=1-82&xpid=iY-TdMLWya18Y#customerReviews,Curioso
B0DFRXV1PF,Vinyl,110.38,https://www.amazon.sg/Life-My-Hobby-B-Visible/dp/B0DFRXV1PF/ref=sr_1_83?dib=eyJ2IjoiMSJ9.7bjDCGGVd433S6fsn4DkHlLRLq9agultKVA81KiJc0r57hInCjk9K6N-Axuy7h9nyu-ws6kj5rdYtma24GxwUpX1a2T3PS6j3tVxvH-6isliwwXBLPAAKQVnlnOfcSJDA58IFJgISxmPESS6kaw6jELmvFg6WfKhD0pfo1JfC7c.9eDa4sjUVI2gYWcOjbqK_j8IE3tK_VIny_m4oPB0j4U&dib_tag=se&m=A6PVCWOL6UP6Z&marketplaceID=A19VAU5U5O7RUS&qid=1776825355&refinements=p_36%3A11000-11500&s=merchant-items&sr=1-83&xpid=iY-TdMLWya18Y,Life Is My Hobby
B0DDYZSRT8,Vinyl,114.19,https://www.amazon.sg/Seanteach-Fohn/dp/B0DDYZSRT8/ref=sr_1_84?dib=eyJ2IjoiMSJ9.7bjDCGGVd433S6fsn4DkHlLRLq9agultKVA81KiJc0r57hInCjk9K6N-Axuy7h9nyu-ws6kj5rdYtma24GxwUpX1a2T3PS6j3tVxvH-6isliwwXBLPAAKQVnlnOfcSJDA58IFJgISxmPESS6kaw6jELmvFg6WfKhD0pfo1JfC7c.9eDa4sjUVI2gYWcOjbqK_j8IE3tK_VIny_m4oPB0j4U&dib_tag=se&m=A6PVCWOL6UP6Z&marketplaceID=A19VAU5U5O7RUS&qid=1776825355&refinements=p_36%3A11000-11500&s=merchant-items&sr=1-84&xpid=iY-TdMLWya18Y,Seanteach
B0DDM7KWVS,Vinyl,114.19,https://www.amazon.sg/Until-Then-Goodbye-Lawrence/dp/B0DDM7KWVS/ref=sr_1_85?dib=eyJ2IjoiMSJ9.7bjDCGGVd433S6fsn4DkHlLRLq9agultKVA81KiJc0r57hInCjk9K6N-Axuy7h9nyu-ws6kj5rdYtma24GxwUpX1a2T3PS6j3tVxvH-6isliwwXBLPAAKQVnlnOfcSJDA58IFJgISxmPESS6kaw6jELmvFg6WfKhD0pfo1JfC7c.9eDa4sjUVI2gYWcOjbqK_j8IE3tK_VIny_m4oPB0j4U&dib_tag=se&m=A6PVCWOL6UP6Z&marketplaceID=A19VAU5U5O7RUS&qid=1776825355&refinements=p_36%3A11000-11500&s=merchant-items&sr=1-85&xpid=iY-TdMLWya18Y,"Until Then, Goodbye"
B0DDHQ38XN,Vinyl,110.38,https://www.amazon.sg/Go-My-Own-Way-Faith/dp/B0DDHQ38XN/ref=sr_1_86?dib=eyJ2IjoiMSJ9.7bjDCGGVd433S6fsn4DkHlLRLq9agultKVA81KiJc0r57hInCjk9K6N-Axuy7h9nyu-ws6kj5rdYtma24GxwUpX1a2T3PS6j3tVxvH-6isliwwXBLPAAKQVnlnOfcSJDA58IFJgISxmPESS6kaw6jELmvFg6WfKhD0pfo1JfC7c.9eDa4sjUVI2gYWcOjbqK_j8IE3tK_VIny_m4oPB0j4U&dib_tag=se&m=A6PVCWOL6UP6Z&marketplaceID=A19VAU5U5O7RUS&qid=1776825355&refinements=p_36%3A11000-11500&s=merchant-items&sr=1-86&xpid=iY-TdMLWya18Y,Go My Own Way / Faith - Bone White Colored Vinyl
B0DDCRK3RD,Audio CD,114.19,https://www.amazon.sg/Strzelecki-Early-Works-Various/dp/B0DDCRK3RD/ref=sr_1_87?dib=eyJ2IjoiMSJ9.7bjDCGGVd433S6fsn4DkHlLRLq9agultKVA81KiJc0r57hInCjk9K6N-Axuy7h9nyu-ws6kj5rdYtma24GxwUpX1a2T3PS6j3tVxvH-6isliwwXBLPAAKQVnlnOfcSJDA58IFJgISxmPESS6kaw6jELmvFg6WfKhD0pfo1JfC7c.9eDa4sjUVI2gYWcOjbqK_j8IE3tK_VIny_m4oPB0j4U&dib_tag=se&m=A6PVCWOL6UP6Z&marketplaceID=A19VAU5U5O7RUS&qid=1776825355&refinements=p_36%3A11000-11500&s=merchant-items&sr=1-87&xpid=iY-TdMLWya18Y,Strzelecki: Early Works
B0DBKJ5FQJ,Vinyl,110.38,https://www.amazon.sg/Asterix/dp/B0DBKJ5FQJ/ref=sr_1_88?dib=eyJ2IjoiMSJ9.7bjDCGGVd433S6fsn4DkHlLRLq9agultKVA81KiJc0r57hInCjk9K6N-Axuy7h9nyu-ws6kj5rdYtma24GxwUpX1a2T3PS6j3tVxvH-6isliwwXBLPAAKQVnlnOfcSJDA58IFJgISxmPESS6kaw6jELmvFg6WfKhD0pfo1JfC7c.9eDa4sjUVI2gYWcOjbqK_j8IE3tK_VIny_m4oPB0j4U&dib_tag=se&m=A6PVCWOL6UP6Z&marketplaceID=A19VAU5U5O7RUS&qid=1776825355&refinements=p_36%3A11000-11500&s=merchant-items&sr=1-88&xpid=iY-TdMLWya18Y#customerReviews,Asterix
B0DBK3W1WQ,Vinyl,110.38,https://www.amazon.sg/Motherhood-Doldingers/dp/B0DBK3W1WQ/ref=sr_1_89?dib=eyJ2IjoiMSJ9.7bjDCGGVd433S6fsn4DkHlLRLq9agultKVA81KiJc0r57hInCjk9K6N-Axuy7h9nyu-ws6kj5rdYtma24GxwUpX1a2T3PS6j3tVxvH-6isliwwXBLPAAKQVnlnOfcSJDA58IFJgISxmPESS6kaw6jELmvFg6WfKhD0pfo1JfC7c.9eDa4sjUVI2gYWcOjbqK_j8IE3tK_VIny_m4oPB0j4U&dib_tag=se&m=A6PVCWOL6UP6Z&marketplaceID=A19VAU5U5O7RUS&qid=1776825355&refinements=p_36%3A11000-11500&s=merchant-items&sr=1-89&xpid=iY-TdMLWya18Y#customerReviews,Motherhood
B0D8C4KX6F,Vinyl,114.19,https://www.amazon.sg/Going-Down-Curated-Levanna-Various/dp/B0D8C4KX6F/ref=sr_1_90?dib=eyJ2IjoiMSJ9.7bjDCGGVd433S6fsn4DkHlLRLq9agultKVA81KiJc0r57hInCjk9K6N-Axuy7h9nyu-ws6kj5rdYtma24GxwUpX1a2T3PS6j3tVxvH-6isliwwXBLPAAKQVnlnOfcSJDA58IFJgISxmPESS6kaw6jELmvFg6WfKhD0pfo1JfC7c.9eDa4sjUVI2gYWcOjbqK_j8IE3tK_VIny_m4oPB0j4U&dib_tag=se&m=A6PVCWOL6UP6Z&marketplaceID=A19VAU5U5O7RUS&qid=1776825355&refinements=p_36%3A11000-11500&s=merchant-items&sr=1-90&xpid=iY-TdMLWya18Y#customerReviews,Going On Down The Road (Curated By Levanna) / Various
B0D7QKSTW6,Vinyl,110.38,https://www.amazon.sg/Eighty-Eight-Laguna-Blue-Wild-Rivers/dp/B0D7QKSTW6/ref=sr_1_91?dib=eyJ2IjoiMSJ9.7bjDCGGVd433S6fsn4DkHlLRLq9agultKVA81KiJc0r57hInCjk9K6N-Axuy7h9nyu-ws6kj5rdYtma24GxwUpX1a2T3PS6j3tVxvH-6isliwwXBLPAAKQVnlnOfcSJDA58IFJgISxmPESS6kaw6jELmvFg6WfKhD0pfo1JfC7c.9eDa4sjUVI2gYWcOjbqK_j8IE3tK_VIny_m4oPB0j4U&dib_tag=se&m=A6PVCWOL6UP6Z&marketplaceID=A19VAU5U5O7RUS&qid=1776825355&refinements=p_36%3A11000-11500&s=merchant-items&sr=1-91&xpid=iY-TdMLWya18Y#customerReviews,Eighty-Eight - Laguna Blue
B0D7K4VCSX,Vinyl,114.19,https://www.amazon.sg/Victime-LAube-Bolbec/dp/B0D7K4VCSX/ref=sr_1_97?dib=eyJ2IjoiMSJ9.agAZkh8HpW899anuRvLIzl3y-g_IQ5bGLjWVwaxoXrcJvHHuzQzgQ7iI1i3L076N1UfqQxS9KSwJkCTPkUOyxQ.B70TJUOfAvudAuxR032PrlUSjMMRr7Zm42V_kuFngGU&dib_tag=se&m=A6PVCWOL6UP6Z&marketplaceID=A19VAU5U5O7RUS&qid=1776825359&refinements=p_36%3A11000-11500&s=merchant-items&sr=1-97&xpid=iY-TdMLWya18Y,Victime De L'Aube
B0D7JVLKLN,Vinyl,110.38,https://www.amazon.sg/American-Activities-Nilsson/dp/B0D7JVLKLN/ref=sr_1_98?dib=eyJ2IjoiMSJ9.agAZkh8HpW899anuRvLIzl3y-g_IQ5bGLjWVwaxoXrcJvHHuzQzgQ7iI1i3L076N1UfqQxS9KSwJkCTPkUOyxQ.B70TJUOfAvudAuxR032PrlUSjMMRr7Zm42V_kuFngGU&dib_tag=se&m=A6PVCWOL6UP6Z&marketplaceID=A19VAU5U5O7RUS&qid=1776825359&refinements=p_36%3A11000-11500&s=merchant-items&sr=1-98&xpid=iY-TdMLWya18Y#customerReviews,Un-American Activities
B0D7J5HB4X,Vinyl,114.19,https://www.amazon.sg/Saturday-Night-Louie-Vega-Remixes/dp/B0D7J5HB4X/ref=sr_1_99?dib=eyJ2IjoiMSJ9.agAZkh8HpW899anuRvLIzl3y-g_IQ5bGLjWVwaxoXrcJvHHuzQzgQ7iI1i3L076N1UfqQxS9KSwJkCTPkUOyxQ.B70TJUOfAvudAuxR032PrlUSjMMRr7Zm42V_kuFngGU&dib_tag=se&m=A6PVCWOL6UP6Z&marketplaceID=A19VAU5U5O7RUS&qid=1776825359&refinements=p_36%3A11000-11500&s=merchant-items&sr=1-99&xpid=iY-TdMLWya18Y#customerReviews,Saturday Night (Louie Vega Remixes)
B0D774LM3F,Audio CD,114.19,https://www.amazon.sg/Bufaletti-Piano-Dedicated-pieces-documents/dp/B0D774LM3F/ref=sr_1_100?dib=eyJ2IjoiMSJ9.agAZkh8HpW899anuRvLIzl3y-g_IQ5bGLjWVwaxoXrcJvHHuzQzgQ7iI1i3L076N1UfqQxS9KSwJkCTPkUOyxQ.B70TJUOfAvudAuxR032PrlUSjMMRr7Zm42V_kuFngGU&dib_tag=se&m=A6PVCWOL6UP6Z&marketplaceID=A19VAU5U5O7RUS&qid=1776825359&refinements=p_36%3A11000-11500&s=merchant-items&sr=1-100&xpid=iY-TdMLWya18Y#customerReviews,Bufaletti: Piano Works; Dedicated pieces; Sound documents
B0D773N66H,Vinyl,114.19,https://www.amazon.sg/Impressions-Evans-Ellen-Andersson/dp/B0D773N66H/ref=sr_1_101?dib=eyJ2IjoiMSJ9.agAZkh8HpW899anuRvLIzl3y-g_IQ5bGLjWVwaxoXrcJvHHuzQzgQ7iI1i3L076N1UfqQxS9KSwJkCTPkUOyxQ.B70TJUOfAvudAuxR032PrlUSjMMRr7Zm42V_kuFngGU&dib_tag=se&m=A6PVCWOL6UP6Z&marketplaceID=A19VAU5U5O7RUS&qid=1776825359&refinements=p_36%3A11000-11500&s=merchant-items&sr=1-101&xpid=iY-TdMLWya18Y#customerReviews,Impressions of Evans
B0D63LJL7D,Vinyl,110.38,https://www.amazon.sg/III-Inner-Wave/dp/B0D63LJL7D/ref=sr_1_97?dib=eyJ2IjoiMSJ9.h9iKN9QLHVf4zPCnB1MEWeetRcp4KzbTzMgdmlYWX19lzppNu4gqkSwIw-xwgeeeTKg9IAPgeiPdKHMbBFePjqw5NeYi-ksxHmad7mIorfsJxH39s7QKy3shG1Ry3iIujvyU0_8guVXMy7h79y2_ymyug9c7GSVQBmAGXVR2dB8.bcruiFURQ0vzP_dqSD4Zfpva_4plYXUQjPdC4BnIM30&dib_tag=se&m=A6PVCWOL6UP6Z&marketplaceID=A19VAU5U5O7RUS&qid=1776825359&refinements=p_36%3A11000-11500&s=merchant-items&sr=1-97&xpid=iY-TdMLWya18Y#customerReviews,III
B0D5HNYYXZ,Audio CD,114.19,https://www.amazon.sg/Tribute-Mozart-Vladimir-Feltsman/dp/B0D5HNYYXZ/ref=sr_1_98?dib=eyJ2IjoiMSJ9.h9iKN9QLHVf4zPCnB1MEWeetRcp4KzbTzMgdmlYWX19lzppNu4gqkSwIw-xwgeeeTKg9IAPgeiPdKHMbBFePjqw5NeYi-ksxHmad7mIorfsJxH39s7QKy3shG1Ry3iIujvyU0_8guVXMy7h79y2_ymyug9c7GSVQBmAGXVR2dB8.bcruiFURQ0vzP_dqSD4Zfpva_4plYXUQjPdC4BnIM30&dib_tag=se&m=A6PVCWOL6UP6Z&marketplaceID=A19VAU5U5O7RUS&qid=1776825359&refinements=p_36%3A11000-11500&s=merchant-items&sr=1-98&xpid=iY-TdMLWya18Y,A Tribute to Mozart
B0D57KVH23,Vinyl,114.19,https://www.amazon.sg/Well-I-Fell-Into/dp/B0D57KVH23/ref=sr_1_99?dib=eyJ2IjoiMSJ9.h9iKN9QLHVf4zPCnB1MEWeetRcp4KzbTzMgdmlYWX19lzppNu4gqkSwIw-xwgeeeTKg9IAPgeiPdKHMbBFePjqw5NeYi-ksxHmad7mIorfsJxH39s7QKy3shG1Ry3iIujvyU0_8guVXMy7h79y2_ymyug9c7GSVQBmAGXVR2dB8.bcruiFURQ0vzP_dqSD4Zfpva_4plYXUQjPdC4BnIM30&dib_tag=se&m=A6PVCWOL6UP6Z&marketplaceID=A19VAU5U5O7RUS&qid=1776825359&refinements=p_36%3A11000-11500&s=merchant-items&sr=1-99&xpid=iY-TdMLWya18Y#customerReviews,The Well I Fell Into
B0D4ZLC311,Vinyl,114.19,https://www.amazon.sg/Third-Time-Beach-Vinyl-LP/dp/B0D4ZLC311/ref=sr_1_100?dib=eyJ2IjoiMSJ9.h9iKN9QLHVf4zPCnB1MEWeetRcp4KzbTzMgdmlYWX19lzppNu4gqkSwIw-xwgeeeTKg9IAPgeiPdKHMbBFePjqw5NeYi-ksxHmad7mIorfsJxH39s7QKy3shG1Ry3iIujvyU0_8guVXMy7h79y2_ymyug9c7GSVQBmAGXVR2dB8.bcruiFURQ0vzP_dqSD4Zfpva_4plYXUQjPdC4BnIM30&dib_tag=se&m=A6PVCWOL6UP6Z&marketplaceID=A19VAU5U5O7RUS&qid=1776825359&refinements=p_36%3A11000-11500&s=merchant-items&sr=1-100&xpid=iY-TdMLWya18Y,Third Time at the Beach [Vinyl LP]
B0D4XXJWYQ,Vinyl,110.38,https://www.amazon.sg/Perpetual-Terminal-Darkest-Hour/dp/B0D4XXJWYQ/ref=sr_1_101?dib=eyJ2IjoiMSJ9.h9iKN9QLHVf4zPCnB1MEWeetRcp4KzbTzMgdmlYWX19lzppNu4gqkSwIw-xwgeeeTKg9IAPgeiPdKHMbBFePjqw5NeYi-ksxHmad7mIorfsJxH39s7QKy3shG1Ry3iIujvyU0_8guVXMy7h79y2_ymyug9c7GSVQBmAGXVR2dB8.bcruiFURQ0vzP_dqSD4Zfpva_4plYXUQjPdC4BnIM30&dib_tag=se&m=A6PVCWOL6UP6Z&marketplaceID=A19VAU5U5O7RUS&qid=1776825359&refinements=p_36%3A11000-11500&s=merchant-items&sr=1-101&xpid=iY-TdMLWya18Y#customerReviews,Perpetual / Terminal
B0D4VWHKCW,Vinyl,114.19,https://www.amazon.sg/LOWRIDER-SECRET-SOUL-LOS-ANGELES/dp/B0D4VWHKCW/ref=sr_1_102?dib=eyJ2IjoiMSJ9.h9iKN9QLHVf4zPCnB1MEWeetRcp4KzbTzMgdmlYWX19lzppNu4gqkSwIw-xwgeeeTKg9IAPgeiPdKHMbBFePjqw5NeYi-ksxHmad7mIorfsJxH39s7QKy3shG1Ry3iIujvyU0_8guVXMy7h79y2_ymyug9c7GSVQBmAGXVR2dB8.bcruiFURQ0vzP_dqSD4Zfpva_4plYXUQjPdC4BnIM30&dib_tag=se&m=A6PVCWOL6UP6Z&marketplaceID=A19VAU5U5O7RUS&qid=1776825359&refinements=p_36%3A11000-11500&s=merchant-items&sr=1-102&xpid=iY-TdMLWya18Y#customerReviews,LOWRIDER - SECRET SOUL OF LOS ANGELES
B0D4NLC4GP,Vinyl,110.38,https://www.amazon.sg/Dost-Derya-Grup-Simsek-Yildirim/dp/B0D4NLC4GP/ref=sr_1_103?dib=eyJ2IjoiMSJ9.h9iKN9QLHVf4zPCnB1MEWeetRcp4KzbTzMgdmlYWX19lzppNu4gqkSwIw-xwgeeeTKg9IAPgeiPdKHMbBFePjqw5NeYi-ksxHmad7mIorfsJxH39s7QKy3shG1Ry3iIujvyU0_8guVXMy7h79y2_ymyug9c7GSVQBmAGXVR2dB8.bcruiFURQ0vzP_dqSD4Zfpva_4plYXUQjPdC4BnIM30&dib_tag=se&m=A6PVCWOL6UP6Z&marketplaceID=A19VAU5U5O7RUS&qid=1776825359&refinements=p_36%3A11000-11500&s=merchant-items&sr=1-103&xpid=iY-TdMLWya18Y#customerReviews,Dost 1&2
B0D4MLCJCM,Vinyl,114.19,https://www.amazon.sg/MOTHER-LAW-Ernie-K-Doe/dp/B0D4MLCJCM/ref=sr_1_104?dib=eyJ2IjoiMSJ9.h9iKN9QLHVf4zPCnB1MEWeetRcp4KzbTzMgdmlYWX19lzppNu4gqkSwIw-xwgeeeTKg9IAPgeiPdKHMbBFePjqw5NeYi-ksxHmad7mIorfsJxH39s7QKy3shG1Ry3iIujvyU0_8guVXMy7h79y2_ymyug9c7GSVQBmAGXVR2dB8.bcruiFURQ0vzP_dqSD4Zfpva_4plYXUQjPdC4BnIM30&dib_tag=se&m=A6PVCWOL6UP6Z&marketplaceID=A19VAU5U5O7RUS&qid=1776825359&refinements=p_36%3A11000-11500&s=merchant-items&sr=1-104&xpid=iY-TdMLWya18Y,MOTHER-IN-LAW
B0D4HLQR6C,Audio CD,114.19,https://www.amazon.sg/Fitkin-Loosening-Simon-Haram/dp/B0D4HLQR6C/ref=sr_1_105?dib=eyJ2IjoiMSJ9.h9iKN9QLHVf4zPCnB1MEWeetRcp4KzbTzMgdmlYWX19lzppNu4gqkSwIw-xwgeeeTKg9IAPgeiPdKHMbBFePjqw5NeYi-ksxHmad7mIorfsJxH39s7QKy3shG1Ry3iIujvyU0_8guVXMy7h79y2_ymyug9c7GSVQBmAGXVR2dB8.bcruiFURQ0vzP_dqSD4Zfpva_4plYXUQjPdC4BnIM30&dib_tag=se&m=A6PVCWOL6UP6Z&marketplaceID=A19VAU5U5O7RUS&qid=1776825359&refinements=p_36%3A11000-11500&s=merchant-items&sr=1-105&xpid=iY-TdMLWya18Y,Fitkin: Loosening
B0D3VN9SVF,Vinyl,110.38,https://www.amazon.sg/Can-We-Please-Have-Fun/dp/B0D3VN9SVF/ref=sr_1_106?dib=eyJ2IjoiMSJ9.h9iKN9QLHVf4zPCnB1MEWeetRcp4KzbTzMgdmlYWX19lzppNu4gqkSwIw-xwgeeeTKg9IAPgeiPdKHMbBFePjqw5NeYi-ksxHmad7mIorfsJxH39s7QKy3shG1Ry3iIujvyU0_8guVXMy7h79y2_ymyug9c7GSVQBmAGXVR2dB8.bcruiFURQ0vzP_dqSD4Zfpva_4plYXUQjPdC4BnIM30&dib_tag=se&m=A6PVCWOL6UP6Z&marketplaceID=A19VAU5U5O7RUS&qid=1776825359&refinements=p_36%3A11000-11500&s=merchant-items&sr=1-106&xpid=iY-TdMLWya18Y#customerReviews,Can We Please Have Fun - Brown Colored Vinyl
B0D3FJT761,Audio CD,114.19,https://www.amazon.sg/Klaus-Haidl-Clean-Distorted/dp/B0D3FJT761/ref=sr_1_107?dib=eyJ2IjoiMSJ9.h9iKN9QLHVf4zPCnB1MEWeetRcp4KzbTzMgdmlYWX19lzppNu4gqkSwIw-xwgeeeTKg9IAPgeiPdKHMbBFePjqw5NeYi-ksxHmad7mIorfsJxH39s7QKy3shG1Ry3iIujvyU0_8guVXMy7h79y2_ymyug9c7GSVQBmAGXVR2dB8.bcruiFURQ0vzP_dqSD4Zfpva_4plYXUQjPdC4BnIM30&dib_tag=se&m=A6PVCWOL6UP6Z&marketplaceID=A19VAU5U5O7RUS&qid=1776825359&refinements=p_36%3A11000-11500&s=merchant-items&sr=1-107&xpid=iY-TdMLWya18Y,Klaus Haidl: Clean & Distorted
B0D34X5PQ1,Audio CD,110.38,https://www.amazon.sg/2-Albums-One-Cd-Honeycombs/dp/B0D34X5PQ1/ref=sr_1_113?dib=eyJ2IjoiMSJ9.yQ8lxprP6JMQqsXcqNYKZv5bQxzB6z2bSLs5t5dasNnb2wX2n53vV85xpd5UU4gqh2M6byRqJceTHy8r288IMQ.gpVz-l0belNp6_9DUW051auo51xBv-yyNzlUft8yTDs&dib_tag=se&m=A6PVCWOL6UP6Z&marketplaceID=A19VAU5U5O7RUS&qid=1776825363&refinements=p_36%3A11000-11500&s=merchant-items&sr=1-113&xpid=iY-TdMLWya18Y#customerReviews,2 Albums On One Cd
B0D33NHY39,Audio CD,114.19,https://www.amazon.sg/Penthouse-Pavement-Gatefold-Heaven-17/dp/B0D33NHY39/ref=sr_1_114?dib=eyJ2IjoiMSJ9.yQ8lxprP6JMQqsXcqNYKZv5bQxzB6z2bSLs5t5dasNnb2wX2n53vV85xpd5UU4gqh2M6byRqJceTHy8r288IMQ.gpVz-l0belNp6_9DUW051auo51xBv-yyNzlUft8yTDs&dib_tag=se&m=A6PVCWOL6UP6Z&marketplaceID=A19VAU5U5O7RUS&qid=1776825363&refinements=p_36%3A11000-11500&s=merchant-items&sr=1-114&xpid=iY-TdMLWya18Y#customerReviews,Penthouse & Pavement - Deluxe Gatefold
B0D2JFLY9G,Vinyl,114.19,https://www.amazon.sg/Nuit-Fantastique-Vinyl-Romain-leleu/dp/B0D2JFLY9G/ref=sr_1_115?dib=eyJ2IjoiMSJ9.yQ8lxprP6JMQqsXcqNYKZv5bQxzB6z2bSLs5t5dasNnb2wX2n53vV85xpd5UU4gqh2M6byRqJceTHy8r288IMQ.gpVz-l0belNp6_9DUW051auo51xBv-yyNzlUft8yTDs&dib_tag=se&m=A6PVCWOL6UP6Z&marketplaceID=A19VAU5U5O7RUS&qid=1776825363&refinements=p_36%3A11000-11500&s=merchant-items&sr=1-115&xpid=iY-TdMLWya18Y,Nuit Fantastique [Vinyl LP]
B0D29T33TQ,Vinyl,110.38,https://www.amazon.sg/Morro-Texana/dp/B0D29T33TQ/ref=sr_1_116?dib=eyJ2IjoiMSJ9.yQ8lxprP6JMQqsXcqNYKZv5bQxzB6z2bSLs5t5dasNnb2wX2n53vV85xpd5UU4gqh2M6byRqJceTHy8r288IMQ.gpVz-l0belNp6_9DUW051auo51xBv-yyNzlUft8yTDs&dib_tag=se&m=A6PVCWOL6UP6Z&marketplaceID=A19VAU5U5O7RUS&qid=1776825363&refinements=p_36%3A11000-11500&s=merchant-items&sr=1-116&xpid=iY-TdMLWya18Y#customerReviews,Morro
B0D1Z5CMZ5,Vinyl,114.19,https://www.amazon.sg/Ripples-Silhouwaves/dp/B0D1Z5CMZ5/ref=sr_1_117?dib=eyJ2IjoiMSJ9.yQ8lxprP6JMQqsXcqNYKZv5bQxzB6z2bSLs5t5dasNnb2wX2n53vV85xpd5UU4gqh2M6byRqJceTHy8r288IMQ.gpVz-l0belNp6_9DUW051auo51xBv-yyNzlUft8yTDs&dib_tag=se&m=A6PVCWOL6UP6Z&marketplaceID=A19VAU5U5O7RUS&qid=1776825363&refinements=p_36%3A11000-11500&s=merchant-items&sr=1-117&xpid=iY-TdMLWya18Y,Ripples
B0D1W1NPC2,Vinyl,110.38,https://www.amazon.sg/Momento-Claro-Funcionario/dp/B0D1W1NPC2/ref=sr_1_113?dib=eyJ2IjoiMSJ9.PsHKi2cGutQbPfAeDWxv-Us86n8rcHCoYuwMYpokBl_mwFybCwbrrfs9x_T7aTngOicek-FX80W21ZhRZPSqyUEpir7TSzGYEBXELd-PQuqjSourT734yw8whm7GWv3EPXum8iLC8mZxQwc0zsSUsXCotiXp8VfA4CcL1xulpek.A2QeD3An0lUfKbYzGeL3dvQEe1vj8FMJAKZJ5cvLuHU&dib_tag=se&m=A6PVCWOL6UP6Z&marketplaceID=A19VAU5U5O7RUS&qid=1776825363&refinements=p_36%3A11000-11500&s=merchant-items&sr=1-113&xpid=iY-TdMLWya18Y,Momento Claro
B0D1VX6TP7,Vinyl,110.38,https://www.amazon.sg/Reflections-Vol-2-Black-Decelerant/dp/B0D1VX6TP7/ref=sr_1_114?dib=eyJ2IjoiMSJ9.PsHKi2cGutQbPfAeDWxv-Us86n8rcHCoYuwMYpokBl_mwFybCwbrrfs9x_T7aTngOicek-FX80W21ZhRZPSqyUEpir7TSzGYEBXELd-PQuqjSourT734yw8whm7GWv3EPXum8iLC8mZxQwc0zsSUsXCotiXp8VfA4CcL1xulpek.A2QeD3An0lUfKbYzGeL3dvQEe1vj8FMJAKZJ5cvLuHU&dib_tag=se&m=A6PVCWOL6UP6Z&marketplaceID=A19VAU5U5O7RUS&qid=1776825363&refinements=p_36%3A11000-11500&s=merchant-items&sr=1-114&xpid=iY-TdMLWya18Y,Reflections Vol. 2: Black Decelerant
B0D1LL5YG9,Vinyl,110.38,https://www.amazon.sg/Reggae-Vibration/dp/B0D1LL5YG9/ref=sr_1_115?dib=eyJ2IjoiMSJ9.PsHKi2cGutQbPfAeDWxv-Us86n8rcHCoYuwMYpokBl_mwFybCwbrrfs9x_T7aTngOicek-FX80W21ZhRZPSqyUEpir7TSzGYEBXELd-PQuqjSourT734yw8whm7GWv3EPXum8iLC8mZxQwc0zsSUsXCotiXp8VfA4CcL1xulpek.A2QeD3An0lUfKbYzGeL3dvQEe1vj8FMJAKZJ5cvLuHU&dib_tag=se&m=A6PVCWOL6UP6Z&marketplaceID=A19VAU5U5O7RUS&qid=1776825363&refinements=p_36%3A11000-11500&s=merchant-items&sr=1-115&xpid=iY-TdMLWya18Y#customerReviews,Reggae Vibration
B0D1LDWCJG,Vinyl,110.38,https://www.amazon.sg/Moving-On/dp/B0D1LDWCJG/ref=sr_1_116?dib=eyJ2IjoiMSJ9.PsHKi2cGutQbPfAeDWxv-Us86n8rcHCoYuwMYpokBl_mwFybCwbrrfs9x_T7aTngOicek-FX80W21ZhRZPSqyUEpir7TSzGYEBXELd-PQuqjSourT734yw8whm7GWv3EPXum8iLC8mZxQwc0zsSUsXCotiXp8VfA4CcL1xulpek.A2QeD3An0lUfKbYzGeL3dvQEe1vj8FMJAKZJ5cvLuHU&dib_tag=se&m=A6PVCWOL6UP6Z&marketplaceID=A19VAU5U5O7RUS&qid=1776825363&refinements=p_36%3A11000-11500&s=merchant-items&sr=1-116&xpid=iY-TdMLWya18Y,Moving On
B0D1CSX9DH,Vinyl,110.38,https://www.amazon.sg/Ashes-Lage-Lund/dp/B0D1CSX9DH/ref=sr_1_117?dib=eyJ2IjoiMSJ9.PsHKi2cGutQbPfAeDWxv-Us86n8rcHCoYuwMYpokBl_mwFybCwbrrfs9x_T7aTngOicek-FX80W21ZhRZPSqyUEpir7TSzGYEBXELd-PQuqjSourT734yw8whm7GWv3EPXum8iLC8mZxQwc0zsSUsXCotiXp8VfA4CcL1xulpek.A2QeD3An0lUfKbYzGeL3dvQEe1vj8FMJAKZJ5cvLuHU&dib_tag=se&m=A6PVCWOL6UP6Z&marketplaceID=A19VAU5U5O7RUS&qid=1776825363&refinements=p_36%3A11000-11500&s=merchant-items&sr=1-117&xpid=iY-TdMLWya18Y#customerReviews,Ashes
B0D16K8JY5,Vinyl,110.38,https://www.amazon.sg/Hurting-Ultra-Clear-Blue-Splatter/dp/B0D16K8JY5/ref=sr_1_118?dib=eyJ2IjoiMSJ9.PsHKi2cGutQbPfAeDWxv-Us86n8rcHCoYuwMYpokBl_mwFybCwbrrfs9x_T7aTngOicek-FX80W21ZhRZPSqyUEpir7TSzGYEBXELd-PQuqjSourT734yw8whm7GWv3EPXum8iLC8mZxQwc0zsSUsXCotiXp8VfA4CcL1xulpek.A2QeD3An0lUfKbYzGeL3dvQEe1vj8FMJAKZJ5cvLuHU&dib_tag=se&m=A6PVCWOL6UP6Z&marketplaceID=A19VAU5U5O7RUS&qid=1776825363&refinements=p_36%3A11000-11500&s=merchant-items&sr=1-118&xpid=iY-TdMLWya18Y#customerReviews,Hurting - Ultra Clear w/Blue Splatter
B0CZSJBHBY,Audio CD,113.16,https://www.amazon.sg/Beethoven-String-Quartets-Narratio-Quartet/dp/B0CZSJBHBY/ref=sr_1_119?dib=eyJ2IjoiMSJ9.PsHKi2cGutQbPfAeDWxv-Us86n8rcHCoYuwMYpokBl_mwFybCwbrrfs9x_T7aTngOicek-FX80W21ZhRZPSqyUEpir7TSzGYEBXELd-PQuqjSourT734yw8whm7GWv3EPXum8iLC8mZxQwc0zsSUsXCotiXp8VfA4CcL1xulpek.A2QeD3An0lUfKbYzGeL3dvQEe1vj8FMJAKZJ5cvLuHU&dib_tag=se&m=A6PVCWOL6UP6Z&marketplaceID=A19VAU5U5O7RUS&qid=1776825363&refinements=p_36%3A11000-11500&s=merchant-items&sr=1-119&xpid=iY-TdMLWya18Y#customerReviews,Beethoven: Early String Quartets
B0CZL6BFC2,Vinyl,179.25,https://www.amazon.sg/Fragment-John-Taylor/dp/B0CZL6BFC2/ref=sr_1_120?dib=eyJ2IjoiMSJ9.PsHKi2cGutQbPfAeDWxv-Us86n8rcHCoYuwMYpokBl_mwFybCwbrrfs9x_T7aTngOicek-FX80W21ZhRZPSqyUEpir7TSzGYEBXELd-PQuqjSourT734yw8whm7GWv3EPXum8iLC8mZxQwc0zsSUsXCotiXp8VfA4CcL1xulpek.A2QeD3An0lUfKbYzGeL3dvQEe1vj8FMJAKZJ5cvLuHU&dib_tag=se&m=A6PVCWOL6UP6Z&marketplaceID=A19VAU5U5O7RUS&qid=1776825363&refinements=p_36%3A11000-11500&s=merchant-items&sr=1-120&xpid=iY-TdMLWya18Y,Fragment
B0CZCNDXN6,Vinyl,110.38,https://www.amazon.sg/Small-Time-Monsters-Black-Vinyl/dp/B0CZCNDXN6/ref=sr_1_121?dib=eyJ2IjoiMSJ9.PsHKi2cGutQbPfAeDWxv-Us86n8rcHCoYuwMYpokBl_mwFybCwbrrfs9x_T7aTngOicek-FX80W21ZhRZPSqyUEpir7TSzGYEBXELd-PQuqjSourT734yw8whm7GWv3EPXum8iLC8mZxQwc0zsSUsXCotiXp8VfA4CcL1xulpek.A2QeD3An0lUfKbYzGeL3dvQEe1vj8FMJAKZJ5cvLuHU&dib_tag=se&m=A6PVCWOL6UP6Z&marketplaceID=A19VAU5U5O7RUS&qid=1776825363&refinements=p_36%3A11000-11500&s=merchant-items&sr=1-121&xpid=iY-TdMLWya18Y#customerReviews,Small Time Monsters - Black Vinyl
B0CZ7QWDCJ,Vinyl,114.19,https://www.amazon.sg/Awakening-Black-Vinyl-LP/dp/B0CZ7QWDCJ/ref=sr_1_122?dib=eyJ2IjoiMSJ9.PsHKi2cGutQbPfAeDWxv-Us86n8rcHCoYuwMYpokBl_mwFybCwbrrfs9x_T7aTngOicek-FX80W21ZhRZPSqyUEpir7TSzGYEBXELd-PQuqjSourT734yw8whm7GWv3EPXum8iLC8mZxQwc0zsSUsXCotiXp8VfA4CcL1xulpek.A2QeD3An0lUfKbYzGeL3dvQEe1vj8FMJAKZJ5cvLuHU&dib_tag=se&m=A6PVCWOL6UP6Z&marketplaceID=A19VAU5U5O7RUS&qid=1776825363&refinements=p_36%3A11000-11500&s=merchant-items&sr=1-122&xpid=iY-TdMLWya18Y,Awakening (Black Vinyl) [Vinyl LP]
B0CY39BMQV,Vinyl,114.19,https://www.amazon.sg/Datu-2-Free-Robots/dp/B0CY39BMQV/ref=sr_1_123?dib=eyJ2IjoiMSJ9.PsHKi2cGutQbPfAeDWxv-Us86n8rcHCoYuwMYpokBl_mwFybCwbrrfs9x_T7aTngOicek-FX80W21ZhRZPSqyUEpir7TSzGYEBXELd-PQuqjSourT734yw8whm7GWv3EPXum8iLC8mZxQwc0zsSUsXCotiXp8VfA4CcL1xulpek.A2QeD3An0lUfKbYzGeL3dvQEe1vj8FMJAKZJ5cvLuHU&dib_tag=se&m=A6PVCWOL6UP6Z&marketplaceID=A19VAU5U5O7RUS&qid=1776825363&refinements=p_36%3A11000-11500&s=merchant-items&sr=1-123&xpid=iY-TdMLWya18Y#customerReviews,Datu 2
B0CXS241QR,Vinyl,110.38,https://www.amazon.sg/Traits-Black-Vinyl-Rasmus-S%C3%B8rensen/dp/B0CXS241QR/ref=sr_1_129?dib=eyJ2IjoiMSJ9.3nGCE_zG7MdP3LnAsfxb13_6Gsai6h20IXNZL4pEyYx8dtu6ElwFzWpJVOdhjEsNwWPM1IaouGPzs4EpLaPMGg.TNXulyC_AIQoptuORuspfismS3KsGy11CFFdq4zTYsc&dib_tag=se&m=A6PVCWOL6UP6Z&marketplaceID=A19VAU5U5O7RUS&qid=1776825368&refinements=p_36%3A11000-11500&s=merchant-items&sr=1-129&xpid=iY-TdMLWya18Y,Traits (Black Vinyl)
B0CXH2GJZL,Vinyl,110.38,https://www.amazon.sg/Dmaot-Rasco/dp/B0CXH2GJZL/ref=sr_1_130?dib=eyJ2IjoiMSJ9.3nGCE_zG7MdP3LnAsfxb13_6Gsai6h20IXNZL4pEyYx8dtu6ElwFzWpJVOdhjEsNwWPM1IaouGPzs4EpLaPMGg.TNXulyC_AIQoptuORuspfismS3KsGy11CFFdq4zTYsc&dib_tag=se&m=A6PVCWOL6UP6Z&marketplaceID=A19VAU5U5O7RUS&qid=1776825368&refinements=p_36%3A11000-11500&s=merchant-items&sr=1-130&xpid=iY-TdMLWya18Y,Dmaot
B0CX9L26KT,Vinyl,110.38,https://www.amazon.sg/MANIFOLDS-OCTAVIA/dp/B0CX9L26KT/ref=sr_1_131?dib=eyJ2IjoiMSJ9.3nGCE_zG7MdP3LnAsfxb13_6Gsai6h20IXNZL4pEyYx8dtu6ElwFzWpJVOdhjEsNwWPM1IaouGPzs4EpLaPMGg.TNXulyC_AIQoptuORuspfismS3KsGy11CFFdq4zTYsc&dib_tag=se&m=A6PVCWOL6UP6Z&marketplaceID=A19VAU5U5O7RUS&qid=1776825368&refinements=p_36%3A11000-11500&s=merchant-items&sr=1-131&xpid=iY-TdMLWya18Y,MANIFOLDS/OCTAVIA
B0CX25T6F9,Audio CD,112.46,https://www.amazon.sg/Dream-Walker-Carlos-Giffoni/dp/B0CX25T6F9/ref=sr_1_132?dib=eyJ2IjoiMSJ9.3nGCE_zG7MdP3LnAsfxb13_6Gsai6h20IXNZL4pEyYx8dtu6ElwFzWpJVOdhjEsNwWPM1IaouGPzs4EpLaPMGg.TNXulyC_AIQoptuORuspfismS3KsGy11CFFdq4zTYsc&dib_tag=se&m=A6PVCWOL6UP6Z&marketplaceID=A19VAU5U5O7RUS&qid=1776825368&refinements=p_36%3A11000-11500&s=merchant-items&sr=1-132&xpid=iY-TdMLWya18Y,Dream Walker
B0CWLV1QYG,Vinyl,114.19,https://www.amazon.sg/Endless-Echo/dp/B0CWLV1QYG/ref=sr_1_133?dib=eyJ2IjoiMSJ9.3nGCE_zG7MdP3LnAsfxb13_6Gsai6h20IXNZL4pEyYx8dtu6ElwFzWpJVOdhjEsNwWPM1IaouGPzs4EpLaPMGg.TNXulyC_AIQoptuORuspfismS3KsGy11CFFdq4zTYsc&dib_tag=se&m=A6PVCWOL6UP6Z&marketplaceID=A19VAU5U5O7RUS&qid=1776825368&refinements=p_36%3A11000-11500&s=merchant-items&sr=1-133&xpid=iY-TdMLWya18Y,Endless Echo
B0CVSN9873,Audio CD,114.19,https://www.amazon.sg/Amusement-Improvement-Maria-Sorrento-Barbero/dp/B0CVSN9873/ref=sr_1_129?dib=eyJ2IjoiMSJ9.51uNVtyTmRyzMsQ0A3ND3LTF9TrFGEDy4CCoXolpM8oeD-yAlxndmnTwNC0qJeBLA-_3JLzEmQAK1mnifm1xX9dw49vbDiMfjc8RMZzPhaTZTvh7kK4pmqiTjUyair_EXu9vFoELP5ttKqC9j2jQ5DPq-FnI8Yw9msEylDTX6KA.MfnoKaFf-3n5Ww33d1FnuBu-jCk2qBslQVQ0Ty9iwkc&dib_tag=se&m=A6PVCWOL6UP6Z&marketplaceID=A19VAU5U5O7RUS&qid=1776825368&refinements=p_36%3A11000-11500&s=merchant-items&sr=1-129&xpid=iY-TdMLWya18Y,Amusement & Improvement
B0CVQVGRZ2,Audio CD,110.38,https://www.amazon.sg/Messiaen-Catalogue-doiseaux-Stereo-Re-Issue/dp/B0CVQVGRZ2/ref=sr_1_130?dib=eyJ2IjoiMSJ9.51uNVtyTmRyzMsQ0A3ND3LTF9TrFGEDy4CCoXolpM8oeD-yAlxndmnTwNC0qJeBLA-_3JLzEmQAK1mnifm1xX9dw49vbDiMfjc8RMZzPhaTZTvh7kK4pmqiTjUyair_EXu9vFoELP5ttKqC9j2jQ5DPq-FnI8Yw9msEylDTX6KA.MfnoKaFf-3n5Ww33d1FnuBu-jCk2qBslQVQ0Ty9iwkc&dib_tag=se&m=A6PVCWOL6UP6Z&marketplaceID=A19VAU5U5O7RUS&qid=1776825368&refinements=p_36%3A11000-11500&s=merchant-items&sr=1-130&xpid=iY-TdMLWya18Y#customerReviews,Messiaen: Catalogue d'oiseaux (Stereo Re-Issue)
B0CVQV1JV3,Vinyl,114.19,https://www.amazon.sg/JOYCE/dp/B0CVQV1JV3/ref=sr_1_131?dib=eyJ2IjoiMSJ9.51uNVtyTmRyzMsQ0A3ND3LTF9TrFGEDy4CCoXolpM8oeD-yAlxndmnTwNC0qJeBLA-_3JLzEmQAK1mnifm1xX9dw49vbDiMfjc8RMZzPhaTZTvh7kK4pmqiTjUyair_EXu9vFoELP5ttKqC9j2jQ5DPq-FnI8Yw9msEylDTX6KA.MfnoKaFf-3n5Ww33d1FnuBu-jCk2qBslQVQ0Ty9iwkc&dib_tag=se&m=A6PVCWOL6UP6Z&marketplaceID=A19VAU5U5O7RUS&qid=1776825368&refinements=p_36%3A11000-11500&s=merchant-items&sr=1-131&xpid=iY-TdMLWya18Y,JOYCE
B0CV272M37,Vinyl,114.19,https://www.amazon.sg/Burn-Out-Mini-Trees/dp/B0CV272M37/ref=sr_1_132?dib=eyJ2IjoiMSJ9.51uNVtyTmRyzMsQ0A3ND3LTF9TrFGEDy4CCoXolpM8oeD-yAlxndmnTwNC0qJeBLA-_3JLzEmQAK1mnifm1xX9dw49vbDiMfjc8RMZzPhaTZTvh7kK4pmqiTjUyair_EXu9vFoELP5ttKqC9j2jQ5DPq-FnI8Yw9msEylDTX6KA.MfnoKaFf-3n5Ww33d1FnuBu-jCk2qBslQVQ0Ty9iwkc&dib_tag=se&m=A6PVCWOL6UP6Z&marketplaceID=A19VAU5U5O7RUS&qid=1776825368&refinements=p_36%3A11000-11500&s=merchant-items&sr=1-132&xpid=iY-TdMLWya18Y#customerReviews,Burn Out
B0CT45BYXH,Vinyl,114.19,https://www.amazon.sg/Angeltape-Obsidian-Drahla/dp/B0CT45BYXH/ref=sr_1_133?dib=eyJ2IjoiMSJ9.51uNVtyTmRyzMsQ0A3ND3LTF9TrFGEDy4CCoXolpM8oeD-yAlxndmnTwNC0qJeBLA-_3JLzEmQAK1mnifm1xX9dw49vbDiMfjc8RMZzPhaTZTvh7kK4pmqiTjUyair_EXu9vFoELP5ttKqC9j2jQ5DPq-FnI8Yw9msEylDTX6KA.MfnoKaFf-3n5Ww33d1FnuBu-jCk2qBslQVQ0Ty9iwkc&dib_tag=se&m=A6PVCWOL6UP6Z&marketplaceID=A19VAU5U5O7RUS&qid=1776825368&refinements=p_36%3A11000-11500&s=merchant-items&sr=1-133&xpid=iY-TdMLWya18Y#customerReviews,Angeltape - Obsidian
B0CSQKMSX4,Vinyl,114.19,https://www.amazon.sg/Marshall-Law-Obsession/dp/B0CSQKMSX4/ref=sr_1_134?dib=eyJ2IjoiMSJ9.51uNVtyTmRyzMsQ0A3ND3LTF9TrFGEDy4CCoXolpM8oeD-yAlxndmnTwNC0qJeBLA-_3JLzEmQAK1mnifm1xX9dw49vbDiMfjc8RMZzPhaTZTvh7kK4pmqiTjUyair_EXu9vFoELP5ttKqC9j2jQ5DPq-FnI8Yw9msEylDTX6KA.MfnoKaFf-3n5Ww33d1FnuBu-jCk2qBslQVQ0Ty9iwkc&dib_tag=se&m=A6PVCWOL6UP6Z&marketplaceID=A19VAU5U5O7RUS&qid=1776825368&refinements=p_36%3A11000-11500&s=merchant-items&sr=1-134&xpid=iY-TdMLWya18Y#customerReviews,Marshall Law
B0CSPNWZ57,Vinyl,114.19,https://www.amazon.sg/Crust-FM-Blue-Vinyl-Lp/dp/B0CSPNWZ57/ref=sr_1_135?dib=eyJ2IjoiMSJ9.51uNVtyTmRyzMsQ0A3ND3LTF9TrFGEDy4CCoXolpM8oeD-yAlxndmnTwNC0qJeBLA-_3JLzEmQAK1mnifm1xX9dw49vbDiMfjc8RMZzPhaTZTvh7kK4pmqiTjUyair_EXu9vFoELP5ttKqC9j2jQ5DPq-FnI8Yw9msEylDTX6KA.MfnoKaFf-3n5Ww33d1FnuBu-jCk2qBslQVQ0Ty9iwkc&dib_tag=se&m=A6PVCWOL6UP6Z&marketplaceID=A19VAU5U5O7RUS&qid=1776825368&refinements=p_36%3A11000-11500&s=merchant-items&sr=1-135&xpid=iY-TdMLWya18Y,Crust FM (Blue Vinyl Lp) [Vinyl LP]
B0CSM22MQH,Vinyl,110.38,https://www.amazon.sg/Interludes-Emil-Trio-Brandqvist/dp/B0CSM22MQH/ref=sr_1_136?dib=eyJ2IjoiMSJ9.51uNVtyTmRyzMsQ0A3ND3LTF9TrFGEDy4CCoXolpM8oeD-yAlxndmnTwNC0qJeBLA-_3JLzEmQAK1mnifm1xX9dw49vbDiMfjc8RMZzPhaTZTvh7kK4pmqiTjUyair_EXu9vFoELP5ttKqC9j2jQ5DPq-FnI8Yw9msEylDTX6KA.MfnoKaFf-3n5Ww33d1FnuBu-jCk2qBslQVQ0Ty9iwkc&dib_tag=se&m=A6PVCWOL6UP6Z&marketplaceID=A19VAU5U5O7RUS&qid=1776825368&refinements=p_36%3A11000-11500&s=merchant-items&sr=1-136&xpid=iY-TdMLWya18Y#customerReviews,Interludes
B0CRVVHXVM,Vinyl,114.19,https://www.amazon.sg/Velella-Brittany-Bindrim/dp/B0CRVVHXVM/ref=sr_1_137?dib=eyJ2IjoiMSJ9.51uNVtyTmRyzMsQ0A3ND3LTF9TrFGEDy4CCoXolpM8oeD-yAlxndmnTwNC0qJeBLA-_3JLzEmQAK1mnifm1xX9dw49vbDiMfjc8RMZzPhaTZTvh7kK4pmqiTjUyair_EXu9vFoELP5ttKqC9j2jQ5DPq-FnI8Yw9msEylDTX6KA.MfnoKaFf-3n5Ww33d1FnuBu-jCk2qBslQVQ0Ty9iwkc&dib_tag=se&m=A6PVCWOL6UP6Z&marketplaceID=A19VAU5U5O7RUS&qid=1776825368&refinements=p_36%3A11000-11500&s=merchant-items&sr=1-137&xpid=iY-TdMLWya18Y#customerReviews,Velella Velella
B0CRLG9MN8,Vinyl,114.19,https://www.amazon.sg/I-Too-Am-a-Stranger/dp/B0CRLG9MN8/ref=sr_1_138?dib=eyJ2IjoiMSJ9.51uNVtyTmRyzMsQ0A3ND3LTF9TrFGEDy4CCoXolpM8oeD-yAlxndmnTwNC0qJeBLA-_3JLzEmQAK1mnifm1xX9dw49vbDiMfjc8RMZzPhaTZTvh7kK4pmqiTjUyair_EXu9vFoELP5ttKqC9j2jQ5DPq-FnI8Yw9msEylDTX6KA.MfnoKaFf-3n5Ww33d1FnuBu-jCk2qBslQVQ0Ty9iwkc&dib_tag=se&m=A6PVCWOL6UP6Z&marketplaceID=A19VAU5U5O7RUS&qid=1776825368&refinements=p_36%3A11000-11500&s=merchant-items&sr=1-138&xpid=iY-TdMLWya18Y#customerReviews,I Too Am a Stranger
B0CRLG8QKP,Vinyl,110.38,https://www.amazon.sg/BIG-BAT-DRACULA-COLOURED-VINYL/dp/B0CRLG8QKP/ref=sr_1_139?dib=eyJ2IjoiMSJ9.51uNVtyTmRyzMsQ0A3ND3LTF9TrFGEDy4CCoXolpM8oeD-yAlxndmnTwNC0qJeBLA-_3JLzEmQAK1mnifm1xX9dw49vbDiMfjc8RMZzPhaTZTvh7kK4pmqiTjUyair_EXu9vFoELP5ttKqC9j2jQ5DPq-FnI8Yw9msEylDTX6KA.MfnoKaFf-3n5Ww33d1FnuBu-jCk2qBslQVQ0Ty9iwkc&dib_tag=se&m=A6PVCWOL6UP6Z&marketplaceID=A19VAU5U5O7RUS&qid=1776825368&refinements=p_36%3A11000-11500&s=merchant-items&sr=1-139&xpid=iY-TdMLWya18Y#customerReviews,BIG BAT (DRACULA COLOURED VINYL)
B0CRGK7SGK,Vinyl,114.19,https://www.amazon.sg/Loja-Orlando-Weeks/dp/B0CRGK7SGK/ref=sr_1_145?dib=eyJ2IjoiMSJ9.tMPmp3LmHvjS9qfIz9XQ1w8KkfzVltCOTSZNCBokG02si5MHw_eAMAVBXr_bpS12eZIO-V9om9YSCGWhBkYaHg.UeCzlGOwcz9ycly_KawtPi-St8JL8VHw046aWtldxoA&dib_tag=se&m=A6PVCWOL6UP6Z&marketplaceID=A19VAU5U5O7RUS&qid=1776825372&refinements=p_36%3A11000-11500&s=merchant-items&sr=1-145&xpid=iY-TdMLWya18Y#customerReviews,Loja
B0CR4GSFDK,Audio CD,114.19,https://www.amazon.sg/Psychedelic-Rio-Vinicius-Cantuaria/dp/B0CR4GSFDK/ref=sr_1_146?dib=eyJ2IjoiMSJ9.tMPmp3LmHvjS9qfIz9XQ1w8KkfzVltCOTSZNCBokG02si5MHw_eAMAVBXr_bpS12eZIO-V9om9YSCGWhBkYaHg.UeCzlGOwcz9ycly_KawtPi-St8JL8VHw046aWtldxoA&dib_tag=se&m=A6PVCWOL6UP6Z&marketplaceID=A19VAU5U5O7RUS&qid=1776825372&refinements=p_36%3A11000-11500&s=merchant-items&sr=1-146&xpid=iY-TdMLWya18Y,Psychedelic Rio
B0CQPJYV66,Vinyl,114.19,https://www.amazon.sg/Zonder-Pardon-Don-Melody-Club/dp/B0CQPJYV66/ref=sr_1_147?dib=eyJ2IjoiMSJ9.tMPmp3LmHvjS9qfIz9XQ1w8KkfzVltCOTSZNCBokG02si5MHw_eAMAVBXr_bpS12eZIO-V9om9YSCGWhBkYaHg.UeCzlGOwcz9ycly_KawtPi-St8JL8VHw046aWtldxoA&dib_tag=se&m=A6PVCWOL6UP6Z&marketplaceID=A19VAU5U5O7RUS&qid=1776825372&refinements=p_36%3A11000-11500&s=merchant-items&sr=1-147&xpid=iY-TdMLWya18Y,Zonder Pardon
B0CPC26LB4,Vinyl,110.38,https://www.amazon.sg/Exit-Emotions-Analog-Blind-Channel/dp/B0CPC26LB4/ref=sr_1_148?dib=eyJ2IjoiMSJ9.tMPmp3LmHvjS9qfIz9XQ1w8KkfzVltCOTSZNCBokG02si5MHw_eAMAVBXr_bpS12eZIO-V9om9YSCGWhBkYaHg.UeCzlGOwcz9ycly_KawtPi-St8JL8VHw046aWtldxoA&dib_tag=se&m=A6PVCWOL6UP6Z&marketplaceID=A19VAU5U5O7RUS&qid=1776825372&refinements=p_36%3A11000-11500&s=merchant-items&sr=1-148&xpid=iY-TdMLWya18Y#customerReviews,Exit Emotions [Analog]
B0CNKQNSC2,Vinyl,110.38,https://www.amazon.sg/Half-Black-Heart-Analog-Years/dp/B0CNKQNSC2/ref=sr_1_149?dib=eyJ2IjoiMSJ9.tMPmp3LmHvjS9qfIz9XQ1w8KkfzVltCOTSZNCBokG02si5MHw_eAMAVBXr_bpS12eZIO-V9om9YSCGWhBkYaHg.UeCzlGOwcz9ycly_KawtPi-St8JL8VHw046aWtldxoA&dib_tag=se&m=A6PVCWOL6UP6Z&marketplaceID=A19VAU5U5O7RUS&qid=1776825372&refinements=p_36%3A11000-11500&s=merchant-items&sr=1-149&xpid=iY-TdMLWya18Y#customerReviews,Half Black Heart [Analog]
B0CNBGQMKJ,Audio CD,114.19,https://www.amazon.sg/Blood-Bone-Fire-Destructor/dp/B0CNBGQMKJ/ref=sr_1_145?dib=eyJ2IjoiMSJ9.m61xRdCoTXjGm9wodSgjpf6yUH1B_1EZjbWkaDcfoE5RjyKRRo1fuj_6KfyToJTby-u0mdQILwgt0sAFaqs8zifakq9wFDCA8PlJe_E-xfYsSqgpKUvF5bVCICRsLDuegn8dQSeE3W31KeXhnnA1XPXQj89cxBL_bbHb-WEZI_0.mWaibgm_v9Yq9ApSuS4xzL0mmniOTp2oHiT49kOc6ok&dib_tag=se&m=A6PVCWOL6UP6Z&marketplaceID=A19VAU5U5O7RUS&qid=1776825372&refinements=p_36%3A11000-11500&s=merchant-items&sr=1-145&xpid=iY-TdMLWya18Y#customerReviews,"Blood, Bone & Fire"
B0CN2DJ9D6,Vinyl,114.19,https://www.amazon.sg/Waydown-Big-Scenic-Nowhere/dp/B0CN2DJ9D6/ref=sr_1_146?dib=eyJ2IjoiMSJ9.m61xRdCoTXjGm9wodSgjpf6yUH1B_1EZjbWkaDcfoE5RjyKRRo1fuj_6KfyToJTby-u0mdQILwgt0sAFaqs8zifakq9wFDCA8PlJe_E-xfYsSqgpKUvF5bVCICRsLDuegn8dQSeE3W31KeXhnnA1XPXQj89cxBL_bbHb-WEZI_0.mWaibgm_v9Yq9ApSuS4xzL0mmniOTp2oHiT49kOc6ok&dib_tag=se&m=A6PVCWOL6UP6Z&marketplaceID=A19VAU5U5O7RUS&qid=1776825372&refinements=p_36%3A11000-11500&s=merchant-items&sr=1-146&xpid=iY-TdMLWya18Y#customerReviews,Waydown
B0CM7PHDBR,Vinyl,114.19,https://www.amazon.sg/Hanworth-Coming-Oldfield-Youth-Club/dp/B0CM7PHDBR/ref=sr_1_147?dib=eyJ2IjoiMSJ9.m61xRdCoTXjGm9wodSgjpf6yUH1B_1EZjbWkaDcfoE5RjyKRRo1fuj_6KfyToJTby-u0mdQILwgt0sAFaqs8zifakq9wFDCA8PlJe_E-xfYsSqgpKUvF5bVCICRsLDuegn8dQSeE3W31KeXhnnA1XPXQj89cxBL_bbHb-WEZI_0.mWaibgm_v9Yq9ApSuS4xzL0mmniOTp2oHiT49kOc6ok&dib_tag=se&m=A6PVCWOL6UP6Z&marketplaceID=A19VAU5U5O7RUS&qid=1776825372&refinements=p_36%3A11000-11500&s=merchant-items&sr=1-147&xpid=iY-TdMLWya18Y,The Hanworth Are Coming
B0CLXSMPNR,Audio CD,114.19,https://www.amazon.sg/Genesis-Revisited-Steve-Hackett/dp/B0CLXSMPNR/ref=sr_1_148?dib=eyJ2IjoiMSJ9.m61xRdCoTXjGm9wodSgjpf6yUH1B_1EZjbWkaDcfoE5RjyKRRo1fuj_6KfyToJTby-u0mdQILwgt0sAFaqs8zifakq9wFDCA8PlJe_E-xfYsSqgpKUvF5bVCICRsLDuegn8dQSeE3W31KeXhnnA1XPXQj89cxBL_bbHb-WEZI_0.mWaibgm_v9Yq9ApSuS4xzL0mmniOTp2oHiT49kOc6ok&dib_tag=se&m=A6PVCWOL6UP6Z&marketplaceID=A19VAU5U5O7RUS&qid=1776825372&refinements=p_36%3A11000-11500&s=merchant-items&sr=1-148&xpid=iY-TdMLWya18Y#customerReviews,Genesis Revisited
B0CLP5GHGY,Vinyl,112.46,https://www.amazon.sg/Viva-Brotolandia-Analog-Elis-Regina/dp/B0CLP5GHGY/ref=sr_1_149?dib=eyJ2IjoiMSJ9.m61xRdCoTXjGm9wodSgjpf6yUH1B_1EZjbWkaDcfoE5RjyKRRo1fuj_6KfyToJTby-u0mdQILwgt0sAFaqs8zifakq9wFDCA8PlJe_E-xfYsSqgpKUvF5bVCICRsLDuegn8dQSeE3W31KeXhnnA1XPXQj89cxBL_bbHb-WEZI_0.mWaibgm_v9Yq9ApSuS4xzL0mmniOTp2oHiT49kOc6ok&dib_tag=se&m=A6PVCWOL6UP6Z&marketplaceID=A19VAU5U5O7RUS&qid=1776825372&refinements=p_36%3A11000-11500&s=merchant-items&sr=1-149&xpid=iY-TdMLWya18Y#customerReviews,Viva A Brotolandia [Analog]
B0CL7G2M1F,Vinyl,114.19,https://www.amazon.sg/Exit-Strategy-Yellow-Black-Colored/dp/B0CL7G2M1F/ref=sr_1_150?dib=eyJ2IjoiMSJ9.m61xRdCoTXjGm9wodSgjpf6yUH1B_1EZjbWkaDcfoE5RjyKRRo1fuj_6KfyToJTby-u0mdQILwgt0sAFaqs8zifakq9wFDCA8PlJe_E-xfYsSqgpKUvF5bVCICRsLDuegn8dQSeE3W31KeXhnnA1XPXQj89cxBL_bbHb-WEZI_0.mWaibgm_v9Yq9ApSuS4xzL0mmniOTp2oHiT49kOc6ok&dib_tag=se&m=A6PVCWOL6UP6Z&marketplaceID=A19VAU5U5O7RUS&qid=1776825372&refinements=p_36%3A11000-11500&s=merchant-items&sr=1-150&xpid=iY-TdMLWya18Y#customerReviews,Exit Strategy - Yellow & Black Colored Vinyl
B0CL57HRP6,Vinyl,114.19,https://www.amazon.sg/Social-Limbo/dp/B0CL57HRP6/ref=sr_1_151?dib=eyJ2IjoiMSJ9.m61xRdCoTXjGm9wodSgjpf6yUH1B_1EZjbWkaDcfoE5RjyKRRo1fuj_6KfyToJTby-u0mdQILwgt0sAFaqs8zifakq9wFDCA8PlJe_E-xfYsSqgpKUvF5bVCICRsLDuegn8dQSeE3W31KeXhnnA1XPXQj89cxBL_bbHb-WEZI_0.mWaibgm_v9Yq9ApSuS4xzL0mmniOTp2oHiT49kOc6ok&dib_tag=se&m=A6PVCWOL6UP6Z&marketplaceID=A19VAU5U5O7RUS&qid=1776825372&refinements=p_36%3A11000-11500&s=merchant-items&sr=1-151&xpid=iY-TdMLWya18Y#customerReviews,Social Limbo
B0CL4C3YYT,Vinyl,114.19,https://www.amazon.sg/14K-Figaro/dp/B0CL4C3YYT/ref=sr_1_152?dib=eyJ2IjoiMSJ9.m61xRdCoTXjGm9wodSgjpf6yUH1B_1EZjbWkaDcfoE5RjyKRRo1fuj_6KfyToJTby-u0mdQILwgt0sAFaqs8zifakq9wFDCA8PlJe_E-xfYsSqgpKUvF5bVCICRsLDuegn8dQSeE3W31KeXhnnA1XPXQj89cxBL_bbHb-WEZI_0.mWaibgm_v9Yq9ApSuS4xzL0mmniOTp2oHiT49kOc6ok&dib_tag=se&m=A6PVCWOL6UP6Z&marketplaceID=A19VAU5U5O7RUS&qid=1776825372&refinements=p_36%3A11000-11500&s=merchant-items&sr=1-152&xpid=iY-TdMLWya18Y#customerReviews,14K Figaro
B0CJK4Z7SV,Vinyl,114.19,https://www.amazon.sg/Harmonizing-Soweto-Golden-Gospel-Analog/dp/B0CJK4Z7SV/ref=sr_1_153?dib=eyJ2IjoiMSJ9.m61xRdCoTXjGm9wodSgjpf6yUH1B_1EZjbWkaDcfoE5RjyKRRo1fuj_6KfyToJTby-u0mdQILwgt0sAFaqs8zifakq9wFDCA8PlJe_E-xfYsSqgpKUvF5bVCICRsLDuegn8dQSeE3W31KeXhnnA1XPXQj89cxBL_bbHb-WEZI_0.mWaibgm_v9Yq9ApSuS4xzL0mmniOTp2oHiT49kOc6ok&dib_tag=se&m=A6PVCWOL6UP6Z&marketplaceID=A19VAU5U5O7RUS&qid=1776825372&refinements=p_36%3A11000-11500&s=merchant-items&sr=1-153&xpid=iY-TdMLWya18Y,Harmonizing Soweto: Golden City Gospel & Kasi Soul [Analog]
B0CJFZ94QN,Vinyl,114.19,https://www.amazon.sg/Strata-El-Buho/dp/B0CJFZ94QN/ref=sr_1_154?dib=eyJ2IjoiMSJ9.m61xRdCoTXjGm9wodSgjpf6yUH1B_1EZjbWkaDcfoE5RjyKRRo1fuj_6KfyToJTby-u0mdQILwgt0sAFaqs8zifakq9wFDCA8PlJe_E-xfYsSqgpKUvF5bVCICRsLDuegn8dQSeE3W31KeXhnnA1XPXQj89cxBL_bbHb-WEZI_0.mWaibgm_v9Yq9ApSuS4xzL0mmniOTp2oHiT49kOc6ok&dib_tag=se&m=A6PVCWOL6UP6Z&marketplaceID=A19VAU5U5O7RUS&qid=1776825372&refinements=p_36%3A11000-11500&s=merchant-items&sr=1-154&xpid=iY-TdMLWya18Y#customerReviews,Strata
B0CJ9SLWTN,Vinyl,114.19,https://www.amazon.sg/Far-More-Decentralized-Akhira-Sano/dp/B0CJ9SLWTN/ref=sr_1_155?dib=eyJ2IjoiMSJ9.m61xRdCoTXjGm9wodSgjpf6yUH1B_1EZjbWkaDcfoE5RjyKRRo1fuj_6KfyToJTby-u0mdQILwgt0sAFaqs8zifakq9wFDCA8PlJe_E-xfYsSqgpKUvF5bVCICRsLDuegn8dQSeE3W31KeXhnnA1XPXQj89cxBL_bbHb-WEZI_0.mWaibgm_v9Yq9ApSuS4xzL0mmniOTp2oHiT49kOc6ok&dib_tag=se&m=A6PVCWOL6UP6Z&marketplaceID=A19VAU5U5O7RUS&qid=1776825372&refinements=p_36%3A11000-11500&s=merchant-items&sr=1-155&xpid=iY-TdMLWya18Y,Far More Decentralized
B0CJ8HRFHN,Audio CD,113.89,https://www.amazon.sg/%E3%82%B6%E3%83%BB%E3%83%95%E3%82%A9%E3%83%BC%E3%82%B9%E3%83%BB%E3%82%B9%E3%83%88%E3%83%AA%E3%83%BC%E3%83%88%E3%83%BB%E3%82%AA%E3%83%BC%E3%82%B1%E3%82%B9%E3%83%88%E3%83%A9%E3%83%BB%E3%82%B3%E3%83%AC%E3%82%AF%E3%82%B7%E3%83%A7%E3%83%B3-%E3%83%87%E3%83%8B%E3%82%B9%E3%83%BB%E3%83%9C%E3%83%BC%E3%83%B4%E3%82%A7%E3%83%AB/dp/B0CJ8HRFHN/ref=sr_1_161?dib=eyJ2IjoiMSJ9.LmQ0iaZ5vhB-NNb5ut3qUV1iMQP9o7T5mhfo0gGliBso0JHNOSfSMWy2ToPKZxv0ur7AiVlhNXlgSokrrWT2UA.gKRgJpspP_ouQf9iCAdjo_jjIZflzWYicg__5gp_mUo&dib_tag=se&m=A6PVCWOL6UP6Z&marketplaceID=A19VAU5U5O7RUS&qid=1776825377&refinements=p_36%3A11000-11500&s=merchant-items&sr=1-161&xpid=iY-TdMLWya18Y,ザ・フォース・ストリート・オーケストラ・コレクション
B0CJ3SGTM4,Audio CD,110.38,https://www.amazon.sg/Stereo-Singles-Collection-Al-Wilson/dp/B0CJ3SGTM4/ref=sr_1_162?dib=eyJ2IjoiMSJ9.LmQ0iaZ5vhB-NNb5ut3qUV1iMQP9o7T5mhfo0gGliBso0JHNOSfSMWy2ToPKZxv0ur7AiVlhNXlgSokrrWT2UA.gKRgJpspP_ouQf9iCAdjo_jjIZflzWYicg__5gp_mUo&dib_tag=se&m=A6PVCWOL6UP6Z&marketplaceID=A19VAU5U5O7RUS&qid=1776825377&refinements=p_36%3A11000-11500&s=merchant-items&sr=1-162&xpid=iY-TdMLWya18Y,Stereo Singles Collection
B0CHWJ5Q8G,Vinyl,110.38,https://www.amazon.sg/Self-tape-Analog-Mouthbreather/dp/B0CHWJ5Q8G/ref=sr_1_163?dib=eyJ2IjoiMSJ9.LmQ0iaZ5vhB-NNb5ut3qUV1iMQP9o7T5mhfo0gGliBso0JHNOSfSMWy2ToPKZxv0ur7AiVlhNXlgSokrrWT2UA.gKRgJpspP_ouQf9iCAdjo_jjIZflzWYicg__5gp_mUo&dib_tag=se&m=A6PVCWOL6UP6Z&marketplaceID=A19VAU5U5O7RUS&qid=1776825377&refinements=p_36%3A11000-11500&s=merchant-items&sr=1-163&xpid=iY-TdMLWya18Y#customerReviews,Self-tape [Analog]
B0CHJ5WDTX,Vinyl,110.38,https://www.amazon.sg/Another-Bleedin-Best-Analog-Dolls/dp/B0CHJ5WDTX/ref=sr_1_164?dib=eyJ2IjoiMSJ9.LmQ0iaZ5vhB-NNb5ut3qUV1iMQP9o7T5mhfo0gGliBso0JHNOSfSMWy2ToPKZxv0ur7AiVlhNXlgSokrrWT2UA.gKRgJpspP_ouQf9iCAdjo_jjIZflzWYicg__5gp_mUo&dib_tag=se&m=A6PVCWOL6UP6Z&marketplaceID=A19VAU5U5O7RUS&qid=1776825377&refinements=p_36%3A11000-11500&s=merchant-items&sr=1-164&xpid=iY-TdMLWya18Y#customerReviews,Another Bleedin' Best Of [Analog]
B0CGW318WV,Vinyl,110.38,https://www.amazon.sg/Lineage-Black-White-Colored-Analog/dp/B0CGW318WV/ref=sr_1_165?dib=eyJ2IjoiMSJ9.LmQ0iaZ5vhB-NNb5ut3qUV1iMQP9o7T5mhfo0gGliBso0JHNOSfSMWy2ToPKZxv0ur7AiVlhNXlgSokrrWT2UA.gKRgJpspP_ouQf9iCAdjo_jjIZflzWYicg__5gp_mUo&dib_tag=se&m=A6PVCWOL6UP6Z&marketplaceID=A19VAU5U5O7RUS&qid=1776825377&refinements=p_36%3A11000-11500&s=merchant-items&sr=1-165&xpid=iY-TdMLWya18Y#customerReviews,Lineage - Black & White Colored Vinyl [Analog]
B0CGT7XZ1R,Vinyl,114.19,https://www.amazon.sg/DIE-LEERE-EP/dp/B0CGT7XZ1R/ref=sr_1_161?dib=eyJ2IjoiMSJ9.3norHHRsKf_on_-3EOiUSDyM6X8wqf7Rid7k3XHBUYVxdepSB0nJNUFmlGvQ69ua2_ZEazSfVpOohPR3H2wYpgmJFP_YHCucrHXUBCXhWPjbcmZC6tl0E33kdAT2VpYac3oiBYhz90iMyiJKrp5VGFruvI84QMpcc2yNG-bkhms.BatZ_sOAU0W_-XqpDA7rnFpskizIvT_zDvsywKwgehE&dib_tag=se&m=A6PVCWOL6UP6Z&marketplaceID=A19VAU5U5O7RUS&qid=1776825377&refinements=p_36%3A11000-11500&s=merchant-items&sr=1-161&xpid=iY-TdMLWya18Y,DIE LEERE (EP)
B0CFCXFWNY,Vinyl,110.38,https://www.amazon.sg/Dissimulant-Analog-Ruin-Lust/dp/B0CFCXFWNY/ref=sr_1_162?dib=eyJ2IjoiMSJ9.3norHHRsKf_on_-3EOiUSDyM6X8wqf7Rid7k3XHBUYVxdepSB0nJNUFmlGvQ69ua2_ZEazSfVpOohPR3H2wYpgmJFP_YHCucrHXUBCXhWPjbcmZC6tl0E33kdAT2VpYac3oiBYhz90iMyiJKrp5VGFruvI84QMpcc2yNG-bkhms.BatZ_sOAU0W_-XqpDA7rnFpskizIvT_zDvsywKwgehE&dib_tag=se&m=A6PVCWOL6UP6Z&marketplaceID=A19VAU5U5O7RUS&qid=1776825377&refinements=p_36%3A11000-11500&s=merchant-items&sr=1-162&xpid=iY-TdMLWya18Y#customerReviews,Dissimulant [Analog]
B0CF9BBD2W,Audio CD,110.95,https://www.amazon.sg/Welcome-%E5%88%9D%E5%9B%9E%E9%99%90%E5%AE%9A%E7%9B%A4-angela/dp/B0CF9BBD2W/ref=sr_1_163?dib=eyJ2IjoiMSJ9.3norHHRsKf_on_-3EOiUSDyM6X8wqf7Rid7k3XHBUYVxdepSB0nJNUFmlGvQ69ua2_ZEazSfVpOohPR3H2wYpgmJFP_YHCucrHXUBCXhWPjbcmZC6tl0E33kdAT2VpYac3oiBYhz90iMyiJKrp5VGFruvI84QMpcc2yNG-bkhms.BatZ_sOAU0W_-XqpDA7rnFpskizIvT_zDvsywKwgehE&dib_tag=se&m=A6PVCWOL6UP6Z&marketplaceID=A19VAU5U5O7RUS&qid=1776825377&refinements=p_36%3A11000-11500&s=merchant-items&sr=1-163&xpid=iY-TdMLWya18Y#customerReviews,Welcome![初回限定盤]
B0CD3QM165,Vinyl,112.46,https://www.amazon.sg/VENTO-DE-BERAIDA-EP/dp/B0CD3QM165/ref=sr_1_164?dib=eyJ2IjoiMSJ9.3norHHRsKf_on_-3EOiUSDyM6X8wqf7Rid7k3XHBUYVxdepSB0nJNUFmlGvQ69ua2_ZEazSfVpOohPR3H2wYpgmJFP_YHCucrHXUBCXhWPjbcmZC6tl0E33kdAT2VpYac3oiBYhz90iMyiJKrp5VGFruvI84QMpcc2yNG-bkhms.BatZ_sOAU0W_-XqpDA7rnFpskizIvT_zDvsywKwgehE&dib_tag=se&m=A6PVCWOL6UP6Z&marketplaceID=A19VAU5U5O7RUS&qid=1776825377&refinements=p_36%3A11000-11500&s=merchant-items&sr=1-164&xpid=iY-TdMLWya18Y,VENTO DE BERAIDA EP
B0CD33WWDB,Vinyl,110.38,https://www.amazon.sg/ALL-OF-YOU/dp/B0CD33WWDB/ref=sr_1_165?dib=eyJ2IjoiMSJ9.3norHHRsKf_on_-3EOiUSDyM6X8wqf7Rid7k3XHBUYVxdepSB0nJNUFmlGvQ69ua2_ZEazSfVpOohPR3H2wYpgmJFP_YHCucrHXUBCXhWPjbcmZC6tl0E33kdAT2VpYac3oiBYhz90iMyiJKrp5VGFruvI84QMpcc2yNG-bkhms.BatZ_sOAU0W_-XqpDA7rnFpskizIvT_zDvsywKwgehE&dib_tag=se&m=A6PVCWOL6UP6Z&marketplaceID=A19VAU5U5O7RUS&qid=1776825377&refinements=p_36%3A11000-11500&s=merchant-items&sr=1-165&xpid=iY-TdMLWya18Y#customerReviews,ALL OF YOU
B0CCZYRZZC,Vinyl,111.14,https://www.amazon.sg/%E3%83%90%E3%83%8F%E3%83%A1%E3%83%B3%E3%83%BB%E3%83%95%E3%82%A9%E3%83%BC%E3%82%AF%E3%83%BB%E3%82%AE%E3%82%BF%E3%83%BC%E3%80%9C%E3%83%9F%E3%83%A5%E3%83%BC%E3%82%B8%E3%83%83%E3%82%AF%E3%83%BB%E3%83%95%E3%83%AD%E3%83%A0%E3%83%BB%E3%82%B6%E3%83%BB%E3%83%90%E3%83%8F%E3%83%9E-Vol-%EF%BC%91%EF%BC%88%EF%BC%AC%EF%BC%B0%EF%BC%89-Analog-%E3%82%B8%E3%83%A7%E3%82%BB%E3%83%95%E3%83%BB%E3%82%B9%E3%83%9A%E3%83%B3%E3%82%B9/dp/B0CCZYRZZC/ref=sr_1_166?dib=eyJ2IjoiMSJ9.3norHHRsKf_on_-3EOiUSDyM6X8wqf7Rid7k3XHBUYVxdepSB0nJNUFmlGvQ69ua2_ZEazSfVpOohPR3H2wYpgmJFP_YHCucrHXUBCXhWPjbcmZC6tl0E33kdAT2VpYac3oiBYhz90iMyiJKrp5VGFruvI84QMpcc2yNG-bkhms.BatZ_sOAU0W_-XqpDA7rnFpskizIvT_zDvsywKwgehE&dib_tag=se&m=A6PVCWOL6UP6Z&marketplaceID=A19VAU5U5O7RUS&qid=1776825377&refinements=p_36%3A11000-11500&s=merchant-items&sr=1-166&xpid=iY-TdMLWya18Y,バハメン・フォーク・ギター〜ミュージック・フロム・ザ・バハマ Vol.１（ＬＰ） [Analog]
B0CB9JNPMR,Vinyl,114.19,https://www.amazon.sg/Can-I-Go-Again-Benet/dp/B0CB9JNPMR/ref=sr_1_167?dib=eyJ2IjoiMSJ9.3norHHRsKf_on_-3EOiUSDyM6X8wqf7Rid7k3XHBUYVxdepSB0nJNUFmlGvQ69ua2_ZEazSfVpOohPR3H2wYpgmJFP_YHCucrHXUBCXhWPjbcmZC6tl0E33kdAT2VpYac3oiBYhz90iMyiJKrp5VGFruvI84QMpcc2yNG-bkhms.BatZ_sOAU0W_-XqpDA7rnFpskizIvT_zDvsywKwgehE&dib_tag=se&m=A6PVCWOL6UP6Z&marketplaceID=A19VAU5U5O7RUS&qid=1776825377&refinements=p_36%3A11000-11500&s=merchant-items&sr=1-167&xpid=iY-TdMLWya18Y#customerReviews,Can I Go Again?
B0CB52L54X,Vinyl,110.38,https://www.amazon.sg/Our-Hearts-12-inch-Analog/dp/B0CB52L54X/ref=sr_1_168?dib=eyJ2IjoiMSJ9.3norHHRsKf_on_-3EOiUSDyM6X8wqf7Rid7k3XHBUYVxdepSB0nJNUFmlGvQ69ua2_ZEazSfVpOohPR3H2wYpgmJFP_YHCucrHXUBCXhWPjbcmZC6tl0E33kdAT2VpYac3oiBYhz90iMyiJKrp5VGFruvI84QMpcc2yNG-bkhms.BatZ_sOAU0W_-XqpDA7rnFpskizIvT_zDvsywKwgehE&dib_tag=se&m=A6PVCWOL6UP6Z&marketplaceID=A19VAU5U5O7RUS&qid=1776825377&refinements=p_36%3A11000-11500&s=merchant-items&sr=1-168&xpid=iY-TdMLWya18Y#customerReviews,In Our Hearts [12 inch Analog]
B0CB2BSRDB,Audio CD,111.14,https://www.amazon.sg/%E3%82%BF%E3%82%A4%E3%83%A0%E3%83%BB%E3%83%9E%E3%82%B7%E3%83%B3%EF%BC%882CD%EF%BC%89-%E3%82%A2%E3%83%88%E3%83%A9%E3%83%B3%E3%82%BF%E3%83%BB%E3%83%AA%E3%82%BA%E3%83%A0%E3%83%BB%E3%82%BB%E3%82%AF%E3%82%B7%E3%83%A7%E3%83%B3/dp/B0CB2BSRDB/ref=sr_1_169?dib=eyJ2IjoiMSJ9.3norHHRsKf_on_-3EOiUSDyM6X8wqf7Rid7k3XHBUYVxdepSB0nJNUFmlGvQ69ua2_ZEazSfVpOohPR3H2wYpgmJFP_YHCucrHXUBCXhWPjbcmZC6tl0E33kdAT2VpYac3oiBYhz90iMyiJKrp5VGFruvI84QMpcc2yNG-bkhms.BatZ_sOAU0W_-XqpDA7rnFpskizIvT_zDvsywKwgehE&dib_tag=se&m=A6PVCWOL6UP6Z&marketplaceID=A19VAU5U5O7RUS&qid=1776825377&refinements=p_36%3A11000-11500&s=merchant-items&sr=1-169&xpid=iY-TdMLWya18Y,タイム・マシン（2CD）
B0C9RX49NL,Audio CD,110.38,https://www.amazon.sg/New-Year-Jim-Campilongo/dp/B0C9RX49NL/ref=sr_1_170?dib=eyJ2IjoiMSJ9.3norHHRsKf_on_-3EOiUSDyM6X8wqf7Rid7k3XHBUYVxdepSB0nJNUFmlGvQ69ua2_ZEazSfVpOohPR3H2wYpgmJFP_YHCucrHXUBCXhWPjbcmZC6tl0E33kdAT2VpYac3oiBYhz90iMyiJKrp5VGFruvI84QMpcc2yNG-bkhms.BatZ_sOAU0W_-XqpDA7rnFpskizIvT_zDvsywKwgehE&dib_tag=se&m=A6PVCWOL6UP6Z&marketplaceID=A19VAU5U5O7RUS&qid=1776825377&refinements=p_36%3A11000-11500&s=merchant-items&sr=1-170&xpid=iY-TdMLWya18Y,New Year
B0C8QQLPD9,Vinyl,114.19,https://www.amazon.sg/Dont-Look-Back-Purple-blue/dp/B0C8QQLPD9/ref=sr_1_171?dib=eyJ2IjoiMSJ9.3norHHRsKf_on_-3EOiUSDyM6X8wqf7Rid7k3XHBUYVxdepSB0nJNUFmlGvQ69ua2_ZEazSfVpOohPR3H2wYpgmJFP_YHCucrHXUBCXhWPjbcmZC6tl0E33kdAT2VpYac3oiBYhz90iMyiJKrp5VGFruvI84QMpcc2yNG-bkhms.BatZ_sOAU0W_-XqpDA7rnFpskizIvT_zDvsywKwgehE&dib_tag=se&m=A6PVCWOL6UP6Z&marketplaceID=A19VAU5U5O7RUS&qid=1776825377&refinements=p_36%3A11000-11500&s=merchant-items&sr=1-171&xpid=iY-TdMLWya18Y#customerReviews,Don't Look Back - Purple/blue
B0C7PP6KKF,Vinyl,110.38,https://www.amazon.sg/DRUNKEN-LOVE/dp/B0C7PP6KKF/ref=sr_1_177?dib=eyJ2IjoiMSJ9.n4bA9Us3zFbCMS39BiWenfsGdQ4xT_iPOMz-s9Y_Ti6fUN5edzn430hZKB0AfzSovYj3h1wrv2fW_0iLTY1cFA.RXKoneuN3WwtyFyBNNdpcror3YvV3DDg7TVnt2WytME&dib_tag=se&m=A6PVCWOL6UP6Z&marketplaceID=A19VAU5U5O7RUS&qid=1776825381&refinements=p_36%3A11000-11500&s=merchant-items&sr=1-177&xpid=iY-TdMLWya18Y,DRUNKEN LOVE
B0C7BYQSJC,Audio CD,111.14,https://www.amazon.sg/%E5%B5%90%E3%81%8C%E4%B8%98-%E3%82%B5%E3%82%A6%E3%83%B3%E3%83%89%E3%83%88%E3%83%A9%E3%83%83%E3%82%AF%E3%83%AA%E3%83%9E%E3%82%B9%E3%82%BF%E3%83%BC%E5%AE%8C%E5%85%A8%E7%9B%A4-%E5%85%A8%E4%B8%96%E7%95%8C1000%E6%9E%9A%E3%81%AE%E8%B6%85%E9%99%90%E5%AE%9A%E7%9B%A4%E3%80%90%E8%BC%B8%E5%85%A5%E7%9B%A4%E5%9B%BD%E5%86%85%E4%BB%95%E6%A7%98%E3%80%91-%E5%9D%82%E6%9C%AC%E2%BF%93%E2%BC%80/dp/B0C7BYQSJC/ref=sr_1_178?dib=eyJ2IjoiMSJ9.n4bA9Us3zFbCMS39BiWenfsGdQ4xT_iPOMz-s9Y_Ti6fUN5edzn430hZKB0AfzSovYj3h1wrv2fW_0iLTY1cFA.RXKoneuN3WwtyFyBNNdpcror3YvV3DDg7TVnt2WytME&dib_tag=se&m=A6PVCWOL6UP6Z&marketplaceID=A19VAU5U5O7RUS&qid=1776825381&refinements=p_36%3A11000-11500&s=merchant-items&sr=1-178&xpid=iY-TdMLWya18Y#customerReviews,嵐が丘　サウンドトラックリマスター完全盤/全世界1000枚の超限定盤【輸入盤国内仕様】
B0C79ZHLVD,Vinyl,110.38,https://www.amazon.sg/Delusions-Green-Kibi-James/dp/B0C79ZHLVD/ref=sr_1_179?dib=eyJ2IjoiMSJ9.n4bA9Us3zFbCMS39BiWenfsGdQ4xT_iPOMz-s9Y_Ti6fUN5edzn430hZKB0AfzSovYj3h1wrv2fW_0iLTY1cFA.RXKoneuN3WwtyFyBNNdpcror3YvV3DDg7TVnt2WytME&dib_tag=se&m=A6PVCWOL6UP6Z&marketplaceID=A19VAU5U5O7RUS&qid=1776825381&refinements=p_36%3A11000-11500&s=merchant-items&sr=1-179&xpid=iY-TdMLWya18Y,Delusions - Green
B0C6B74DCY,Vinyl,114.19,https://www.amazon.sg/Aykathani-Malakon-%D8%B5%D9%86%D9%85-%D8%A3%D9%8A%D9%82%D8%B8%D9%86%D9%8A-%D9%85%D9%84%D8%A7%D9%83%D9%8C/dp/B0C6B74DCY/ref=sr_1_180?dib=eyJ2IjoiMSJ9.n4bA9Us3zFbCMS39BiWenfsGdQ4xT_iPOMz-s9Y_Ti6fUN5edzn430hZKB0AfzSovYj3h1wrv2fW_0iLTY1cFA.RXKoneuN3WwtyFyBNNdpcror3YvV3DDg7TVnt2WytME&dib_tag=se&m=A6PVCWOL6UP6Z&marketplaceID=A19VAU5U5O7RUS&qid=1776825381&refinements=p_36%3A11000-11500&s=merchant-items&sr=1-180&xpid=iY-TdMLWya18Y#customerReviews,Aykathani Malakon صنم - أيقظني ملاكٌ [VINYL]
B0C63R2FQ8,Vinyl,110.38,https://www.amazon.sg/Spirit-Room-Activity/dp/B0C63R2FQ8/ref=sr_1_181?dib=eyJ2IjoiMSJ9.n4bA9Us3zFbCMS39BiWenfsGdQ4xT_iPOMz-s9Y_Ti6fUN5edzn430hZKB0AfzSovYj3h1wrv2fW_0iLTY1cFA.RXKoneuN3WwtyFyBNNdpcror3YvV3DDg7TVnt2WytME&dib_tag=se&m=A6PVCWOL6UP6Z&marketplaceID=A19VAU5U5O7RUS&qid=1776825381&refinements=p_36%3A11000-11500&s=merchant-items&sr=1-181&xpid=iY-TdMLWya18Y#customerReviews,Spirit In The Room
B0C594WG2M,Audio CD,111.14,https://www.amazon.sg/Groovy-%E3%82%AB%E3%83%90%E3%83%BC%E3%83%88%E3%83%A9%E3%83%83%E3%82%AF%E3%82%B9-Photon-Maiden-Merm4id/dp/B0C594WG2M/ref=sr_1_177?dib=eyJ2IjoiMSJ9.8HHfR7X_zqahqJ-5lNt4GQAYSVZJU7LQZHcs2zVrB-96ltLPiwr6bWdM2KvBDXTCQs9VPfMFQvoGhb_3mvyUGIcUpLbvVubw3-nufo5cda_GMHe2rV9Fr-DUcaRsY5tWbICmzabSAQd8pW1Zy4ogVUsOP2jNF6z-qS4cJWqQUag.Glpwj4s1GZmVxYkZkzkXWEwoKi59MTxt9e_OEtQp6Tk&dib_tag=se&m=A6PVCWOL6UP6Z&marketplaceID=A19VAU5U5O7RUS&qid=1776825381&refinements=p_36%3A11000-11500&s=merchant-items&sr=1-177&xpid=iY-TdMLWya18Y#customerReviews,Groovy Mix カバートラックス vol.8
B0C4N5NV52,Vinyl,114.19,https://www.amazon.sg/Now-Analog-Paragons/dp/B0C4N5NV52/ref=sr_1_178?dib=eyJ2IjoiMSJ9.8HHfR7X_zqahqJ-5lNt4GQAYSVZJU7LQZHcs2zVrB-96ltLPiwr6bWdM2KvBDXTCQs9VPfMFQvoGhb_3mvyUGIcUpLbvVubw3-nufo5cda_GMHe2rV9Fr-DUcaRsY5tWbICmzabSAQd8pW1Zy4ogVUsOP2jNF6z-qS4cJWqQUag.Glpwj4s1GZmVxYkZkzkXWEwoKi59MTxt9e_OEtQp6Tk&dib_tag=se&m=A6PVCWOL6UP6Z&marketplaceID=A19VAU5U5O7RUS&qid=1776825381&refinements=p_36%3A11000-11500&s=merchant-items&sr=1-178&xpid=iY-TdMLWya18Y#customerReviews,Now [Analog]
B0C3RLKKW3,Vinyl,110.38,https://www.amazon.sg/Oumuamua-Analog-Golden-Mean/dp/B0C3RLKKW3/ref=sr_1_179?dib=eyJ2IjoiMSJ9.8HHfR7X_zqahqJ-5lNt4GQAYSVZJU7LQZHcs2zVrB-96ltLPiwr6bWdM2KvBDXTCQs9VPfMFQvoGhb_3mvyUGIcUpLbvVubw3-nufo5cda_GMHe2rV9Fr-DUcaRsY5tWbICmzabSAQd8pW1Zy4ogVUsOP2jNF6z-qS4cJWqQUag.Glpwj4s1GZmVxYkZkzkXWEwoKi59MTxt9e_OEtQp6Tk&dib_tag=se&m=A6PVCWOL6UP6Z&marketplaceID=A19VAU5U5O7RUS&qid=1776825381&refinements=p_36%3A11000-11500&s=merchant-items&sr=1-179&xpid=iY-TdMLWya18Y#customerReviews,Oumuamua [Analog]
B0C3MW31PN,Audio CD,114.19,https://www.amazon.sg/Estrellero-Leo-Genovese/dp/B0C3MW31PN/ref=sr_1_180?dib=eyJ2IjoiMSJ9.8HHfR7X_zqahqJ-5lNt4GQAYSVZJU7LQZHcs2zVrB-96ltLPiwr6bWdM2KvBDXTCQs9VPfMFQvoGhb_3mvyUGIcUpLbvVubw3-nufo5cda_GMHe2rV9Fr-DUcaRsY5tWbICmzabSAQd8pW1Zy4ogVUsOP2jNF6z-qS4cJWqQUag.Glpwj4s1GZmVxYkZkzkXWEwoKi59MTxt9e_OEtQp6Tk&dib_tag=se&m=A6PVCWOL6UP6Z&marketplaceID=A19VAU5U5O7RUS&qid=1776825381&refinements=p_36%3A11000-11500&s=merchant-items&sr=1-180&xpid=iY-TdMLWya18Y,Estrellero
B0C37Z9GL2,Audio CD,113.89,https://www.amazon.sg/%E3%82%B7%E3%83%A3%E3%83%AB%E3%83%A0%E3%82%AC%E3%83%83%E3%83%88%E3%83%BBBL%E3%83%89%E3%83%A9%E3%83%9ECD-%E3%80%8C%E5%90%9B%E3%80%81%E3%82%B7%E3%83%B2%E3%83%AC%E3%83%AB%E3%82%B3%E3%83%88%E5%8B%BF%E3%83%AC%E3%80%8D%E3%80%90%E5%88%9D%E5%9B%9E%E9%99%90%E5%AE%9A%E7%9B%A4%E3%80%91/dp/B0C37Z9GL2/ref=sr_1_181?dib=eyJ2IjoiMSJ9.8HHfR7X_zqahqJ-5lNt4GQAYSVZJU7LQZHcs2zVrB-96ltLPiwr6bWdM2KvBDXTCQs9VPfMFQvoGhb_3mvyUGIcUpLbvVubw3-nufo5cda_GMHe2rV9Fr-DUcaRsY5tWbICmzabSAQd8pW1Zy4ogVUsOP2jNF6z-qS4cJWqQUag.Glpwj4s1GZmVxYkZkzkXWEwoKi59MTxt9e_OEtQp6Tk&dib_tag=se&m=A6PVCWOL6UP6Z&marketplaceID=A19VAU5U5O7RUS&qid=1776825381&refinements=p_36%3A11000-11500&s=merchant-items&sr=1-181&xpid=iY-TdMLWya18Y#customerReviews,シャルムガット・BLドラマCD　「君、シヲレルコト勿レ」【初回限定盤】
B0C34X2D5F,Vinyl,110.38,https://www.amazon.sg/Since-Always-Forever-FREEKIND/dp/B0C34X2D5F/ref=sr_1_182?dib=eyJ2IjoiMSJ9.8HHfR7X_zqahqJ-5lNt4GQAYSVZJU7LQZHcs2zVrB-96ltLPiwr6bWdM2KvBDXTCQs9VPfMFQvoGhb_3mvyUGIcUpLbvVubw3-nufo5cda_GMHe2rV9Fr-DUcaRsY5tWbICmzabSAQd8pW1Zy4ogVUsOP2jNF6z-qS4cJWqQUag.Glpwj4s1GZmVxYkZkzkXWEwoKi59MTxt9e_OEtQp6Tk&dib_tag=se&m=A6PVCWOL6UP6Z&marketplaceID=A19VAU5U5O7RUS&qid=1776825381&refinements=p_36%3A11000-11500&s=merchant-items&sr=1-182&xpid=iY-TdMLWya18Y#customerReviews,Since Always And Forever
B0C2RHWY77,Vinyl,110.38,https://www.amazon.sg/Power-Ra-Kundan-Lal/dp/B0C2RHWY77/ref=sr_1_183?dib=eyJ2IjoiMSJ9.8HHfR7X_zqahqJ-5lNt4GQAYSVZJU7LQZHcs2zVrB-96ltLPiwr6bWdM2KvBDXTCQs9VPfMFQvoGhb_3mvyUGIcUpLbvVubw3-nufo5cda_GMHe2rV9Fr-DUcaRsY5tWbICmzabSAQd8pW1Zy4ogVUsOP2jNF6z-qS4cJWqQUag.Glpwj4s1GZmVxYkZkzkXWEwoKi59MTxt9e_OEtQp6Tk&dib_tag=se&m=A6PVCWOL6UP6Z&marketplaceID=A19VAU5U5O7RUS&qid=1776825381&refinements=p_36%3A11000-11500&s=merchant-items&sr=1-183&xpid=iY-TdMLWya18Y,Power Of Ra
B0C15BNX82,Vinyl,111.14,https://www.amazon.sg/Zuzu-Kazumi-Yasui/dp/B0C15BNX82/ref=sr_1_184?dib=eyJ2IjoiMSJ9.8HHfR7X_zqahqJ-5lNt4GQAYSVZJU7LQZHcs2zVrB-96ltLPiwr6bWdM2KvBDXTCQs9VPfMFQvoGhb_3mvyUGIcUpLbvVubw3-nufo5cda_GMHe2rV9Fr-DUcaRsY5tWbICmzabSAQd8pW1Zy4ogVUsOP2jNF6z-qS4cJWqQUag.Glpwj4s1GZmVxYkZkzkXWEwoKi59MTxt9e_OEtQp6Tk&dib_tag=se&m=A6PVCWOL6UP6Z&marketplaceID=A19VAU5U5O7RUS&qid=1776825381&refinements=p_36%3A11000-11500&s=merchant-items&sr=1-184&xpid=iY-TdMLWya18Y,Zuzu
B0C155QQ98,Vinyl,111.14,https://www.amazon.sg/Sora-Ni-Ichiban-Chikai-Kanashimi/dp/B0C155QQ98/ref=sr_1_185?dib=eyJ2IjoiMSJ9.8HHfR7X_zqahqJ-5lNt4GQAYSVZJU7LQZHcs2zVrB-96ltLPiwr6bWdM2KvBDXTCQs9VPfMFQvoGhb_3mvyUGIcUpLbvVubw3-nufo5cda_GMHe2rV9Fr-DUcaRsY5tWbICmzabSAQd8pW1Zy4ogVUsOP2jNF6z-qS4cJWqQUag.Glpwj4s1GZmVxYkZkzkXWEwoKi59MTxt9e_OEtQp6Tk&dib_tag=se&m=A6PVCWOL6UP6Z&marketplaceID=A19VAU5U5O7RUS&qid=1776825381&refinements=p_36%3A11000-11500&s=merchant-items&sr=1-185&xpid=iY-TdMLWya18Y,Sora Ni Ichiban Chikai Kanashimi
B0BZGPJVNB,Vinyl,113.89,https://www.amazon.sg/%E3%82%B6%E3%83%BB%E3%83%A9%E3%83%95%E3%83%BB%E3%82%AC%E3%82%A4%E3%83%89%E3%83%BB%E3%83%88%E3%82%A5%E3%83%BB%E3%83%96%E3%83%AD%E3%82%A6%E3%82%A4%E3%83%B3%E3%83%BB%E3%82%B6%E3%83%BB%E3%83%96%E3%83%AB%E3%83%BC%E3%82%B9%EF%BC%88%EF%BC%AC%EF%BC%B0%EF%BC%89-Analog-Jaybird-Coleman/dp/B0BZGPJVNB/ref=sr_1_186?dib=eyJ2IjoiMSJ9.8HHfR7X_zqahqJ-5lNt4GQAYSVZJU7LQZHcs2zVrB-96ltLPiwr6bWdM2KvBDXTCQs9VPfMFQvoGhb_3mvyUGIcUpLbvVubw3-nufo5cda_GMHe2rV9Fr-DUcaRsY5tWbICmzabSAQd8pW1Zy4ogVUsOP2jNF6z-qS4cJWqQUag.Glpwj4s1GZmVxYkZkzkXWEwoKi59MTxt9e_OEtQp6Tk&dib_tag=se&m=A6PVCWOL6UP6Z&marketplaceID=A19VAU5U5O7RUS&qid=1776825381&refinements=p_36%3A11000-11500&s=merchant-items&sr=1-186&xpid=iY-TdMLWya18Y,ザ・ラフ・ガイド・トゥ・ブロウイン・ザ・ブルース（ＬＰ） [Analog]
B0BZBRJLSK,Vinyl,110.38,https://www.amazon.sg/Tell-Everybody-12-inch-Analog/dp/B0BZBRJLSK/ref=sr_1_187?dib=eyJ2IjoiMSJ9.8HHfR7X_zqahqJ-5lNt4GQAYSVZJU7LQZHcs2zVrB-96ltLPiwr6bWdM2KvBDXTCQs9VPfMFQvoGhb_3mvyUGIcUpLbvVubw3-nufo5cda_GMHe2rV9Fr-DUcaRsY5tWbICmzabSAQd8pW1Zy4ogVUsOP2jNF6z-qS4cJWqQUag.Glpwj4s1GZmVxYkZkzkXWEwoKi59MTxt9e_OEtQp6Tk&dib_tag=se&m=A6PVCWOL6UP6Z&marketplaceID=A19VAU5U5O7RUS&qid=1776825381&refinements=p_36%3A11000-11500&s=merchant-items&sr=1-187&xpid=iY-TdMLWya18Y#customerReviews,Tell Everybody! [12 inch Analog]
B0BZ4LTKWL,Vinyl,110.38,https://www.amazon.sg/Legend-Adam-Beyer/dp/B0BZ4LTKWL/ref=sr_1_193?dib=eyJ2IjoiMSJ9.rG1tqjWQaNopcRUtxtHN0VKHruqYP9Umw0UviGaLTnWc2EEKt7xC_6oaySKcMmFmr0NkaLfxh7xbLG8zmLOokg.7dflIxHop-eKW6KK-wWZYF0iiYAS_okrkmFoEkNysP4&dib_tag=se&m=A6PVCWOL6UP6Z&marketplaceID=A19VAU5U5O7RUS&qid=1776825386&refinements=p_36%3A11000-11500&s=merchant-items&sr=1-193&xpid=iY-TdMLWya18Y,Legend
B0BYTVZ5VC,Vinyl,114.19,https://www.amazon.sg/Phantomime-12-inch-Analog-Ghost/dp/B0BYTVZ5VC/ref=sr_1_194?dib=eyJ2IjoiMSJ9.rG1tqjWQaNopcRUtxtHN0VKHruqYP9Umw0UviGaLTnWc2EEKt7xC_6oaySKcMmFmr0NkaLfxh7xbLG8zmLOokg.7dflIxHop-eKW6KK-wWZYF0iiYAS_okrkmFoEkNysP4&dib_tag=se&m=A6PVCWOL6UP6Z&marketplaceID=A19VAU5U5O7RUS&qid=1776825386&refinements=p_36%3A11000-11500&s=merchant-items&sr=1-194&xpid=iY-TdMLWya18Y#customerReviews,Phantomime [12 inch Analog]
B0BWV8YG1G,Audio CD,111.64,https://www.amazon.sg/Matthews-Schubert-Schone-Mullerin-Winterriese/dp/B0BWV8YG1G/ref=sr_1_195?dib=eyJ2IjoiMSJ9.rG1tqjWQaNopcRUtxtHN0VKHruqYP9Umw0UviGaLTnWc2EEKt7xC_6oaySKcMmFmr0NkaLfxh7xbLG8zmLOokg.7dflIxHop-eKW6KK-wWZYF0iiYAS_okrkmFoEkNysP4&dib_tag=se&m=A6PVCWOL6UP6Z&marketplaceID=A19VAU5U5O7RUS&qid=1776825386&refinements=p_36%3A11000-11500&s=merchant-items&sr=1-195&xpid=iY-TdMLWya18Y,"Inez Matthews sings Schubert, Die Schone Mullerin & Winterriese"
B0BWNCSRZG,Vinyl,110.38,https://www.amazon.sg/SRAMBA/dp/B0BWNCSRZG/ref=sr_1_196?dib=eyJ2IjoiMSJ9.rG1tqjWQaNopcRUtxtHN0VKHruqYP9Umw0UviGaLTnWc2EEKt7xC_6oaySKcMmFmr0NkaLfxh7xbLG8zmLOokg.7dflIxHop-eKW6KK-wWZYF0iiYAS_okrkmFoEkNysP4&dib_tag=se&m=A6PVCWOL6UP6Z&marketplaceID=A19VAU5U5O7RUS&qid=1776825386&refinements=p_36%3A11000-11500&s=merchant-items&sr=1-196&xpid=iY-TdMLWya18Y,SRAMBA
B0BW4FXZ6G,Vinyl,110.38,https://www.amazon.sg/Solid-Gold-Holy-Moly-ers/dp/B0BW4FXZ6G/ref=sr_1_197?dib=eyJ2IjoiMSJ9.rG1tqjWQaNopcRUtxtHN0VKHruqYP9Umw0UviGaLTnWc2EEKt7xC_6oaySKcMmFmr0NkaLfxh7xbLG8zmLOokg.7dflIxHop-eKW6KK-wWZYF0iiYAS_okrkmFoEkNysP4&dib_tag=se&m=A6PVCWOL6UP6Z&marketplaceID=A19VAU5U5O7RUS&qid=1776825386&refinements=p_36%3A11000-11500&s=merchant-items&sr=1-197&xpid=iY-TdMLWya18Y#customerReviews,Solid Gold
B0BW2JL3L6,Vinyl,114.19,https://www.amazon.sg/AT/dp/B0BW2JL3L6/ref=sr_1_193?dib=eyJ2IjoiMSJ9.WSbayLOjXn8dCJET_-D3JIWwhVQYFDyNPRtwlwwBdYWN3EGSPuJYXDHcYDPL2cGR1i-8IeYV035DscRkvQ6ZMzp4cV7blswl1D2ABNTvYe-lmYBSDPDXTdNVu-NiADoL-tbWtaw8W5KdUuCAC0b_fiW_B2HCkgV7NM6vsqBAI24.paJF2vsC4fn-lfV4yPGde3mOQbQ_kcoNuljrF2oc-Gg&dib_tag=se&m=A6PVCWOL6UP6Z&marketplaceID=A19VAU5U5O7RUS&qid=1776825386&refinements=p_36%3A11000-11500&s=merchant-items&sr=1-193&xpid=iY-TdMLWya18Y#customerReviews,AT
B0BVQQBP1R,Vinyl,110.84,https://www.amazon.sg/Blood-Omen-Vinyl-inch-Analog/dp/B0BVQQBP1R/ref=sr_1_194?dib=eyJ2IjoiMSJ9.WSbayLOjXn8dCJET_-D3JIWwhVQYFDyNPRtwlwwBdYWN3EGSPuJYXDHcYDPL2cGR1i-8IeYV035DscRkvQ6ZMzp4cV7blswl1D2ABNTvYe-lmYBSDPDXTdNVu-NiADoL-tbWtaw8W5KdUuCAC0b_fiW_B2HCkgV7NM6vsqBAI24.paJF2vsC4fn-lfV4yPGde3mOQbQ_kcoNuljrF2oc-Gg&dib_tag=se&m=A6PVCWOL6UP6Z&marketplaceID=A19VAU5U5O7RUS&qid=1776825386&refinements=p_36%3A11000-11500&s=merchant-items&sr=1-194&xpid=iY-TdMLWya18Y#customerReviews,Blood Omen (Vinyl) [12 inch Analog]
B0BV1XJBD2,Vinyl,112.46,https://www.amazon.sg/This-Black-Velvet-Analog/dp/B0BV1XJBD2/ref=sr_1_195?dib=eyJ2IjoiMSJ9.WSbayLOjXn8dCJET_-D3JIWwhVQYFDyNPRtwlwwBdYWN3EGSPuJYXDHcYDPL2cGR1i-8IeYV035DscRkvQ6ZMzp4cV7blswl1D2ABNTvYe-lmYBSDPDXTdNVu-NiADoL-tbWtaw8W5KdUuCAC0b_fiW_B2HCkgV7NM6vsqBAI24.paJF2vsC4fn-lfV4yPGde3mOQbQ_kcoNuljrF2oc-Gg&dib_tag=se&m=A6PVCWOL6UP6Z&marketplaceID=A19VAU5U5O7RUS&qid=1776825386&refinements=p_36%3A11000-11500&s=merchant-items&sr=1-195&xpid=iY-TdMLWya18Y,This Is Black Velvet [Analog]
B0BTHX14NC,Vinyl,112.46,https://www.amazon.sg/Modern-Jazz-Perspective-Gryce-Gigi/dp/B0BTHX14NC/ref=sr_1_196?dib=eyJ2IjoiMSJ9.WSbayLOjXn8dCJET_-D3JIWwhVQYFDyNPRtwlwwBdYWN3EGSPuJYXDHcYDPL2cGR1i-8IeYV035DscRkvQ6ZMzp4cV7blswl1D2ABNTvYe-lmYBSDPDXTdNVu-NiADoL-tbWtaw8W5KdUuCAC0b_fiW_B2HCkgV7NM6vsqBAI24.paJF2vsC4fn-lfV4yPGde3mOQbQ_kcoNuljrF2oc-Gg&dib_tag=se&m=A6PVCWOL6UP6Z&marketplaceID=A19VAU5U5O7RUS&qid=1776825386&refinements=p_36%3A11000-11500&s=merchant-items&sr=1-196&xpid=iY-TdMLWya18Y#customerReviews,Modern Jazz Perspective
B0BT6YF22S,Vinyl,114.19,https://www.amazon.sg/Domestic-Sphere-Josephine-Foster/dp/B0BT6YF22S/ref=sr_1_197?dib=eyJ2IjoiMSJ9.WSbayLOjXn8dCJET_-D3JIWwhVQYFDyNPRtwlwwBdYWN3EGSPuJYXDHcYDPL2cGR1i-8IeYV035DscRkvQ6ZMzp4cV7blswl1D2ABNTvYe-lmYBSDPDXTdNVu-NiADoL-tbWtaw8W5KdUuCAC0b_fiW_B2HCkgV7NM6vsqBAI24.paJF2vsC4fn-lfV4yPGde3mOQbQ_kcoNuljrF2oc-Gg&dib_tag=se&m=A6PVCWOL6UP6Z&marketplaceID=A19VAU5U5O7RUS&qid=1776825386&refinements=p_36%3A11000-11500&s=merchant-items&sr=1-197&xpid=iY-TdMLWya18Y#customerReviews,Domestic Sphere
B0BSWK7T13,Audio CD,113.56,https://www.amazon.sg/LItaliana-Algeri-Rossini-Berzhanskaya-Seguel/dp/B0BSWK7T13/ref=sr_1_198?dib=eyJ2IjoiMSJ9.WSbayLOjXn8dCJET_-D3JIWwhVQYFDyNPRtwlwwBdYWN3EGSPuJYXDHcYDPL2cGR1i-8IeYV035DscRkvQ6ZMzp4cV7blswl1D2ABNTvYe-lmYBSDPDXTdNVu-NiADoL-tbWtaw8W5KdUuCAC0b_fiW_B2HCkgV7NM6vsqBAI24.paJF2vsC4fn-lfV4yPGde3mOQbQ_kcoNuljrF2oc-Gg&dib_tag=se&m=A6PVCWOL6UP6Z&marketplaceID=A19VAU5U5O7RUS&qid=1776825386&refinements=p_36%3A11000-11500&s=merchant-items&sr=1-198&xpid=iY-TdMLWya18Y#customerReviews,L'Italiana in Algeri
B0BSVFT318,Vinyl,114.19,https://www.amazon.sg/Comfort-Noise-Analog-Umru/dp/B0BSVFT318/ref=sr_1_199?dib=eyJ2IjoiMSJ9.WSbayLOjXn8dCJET_-D3JIWwhVQYFDyNPRtwlwwBdYWN3EGSPuJYXDHcYDPL2cGR1i-8IeYV035DscRkvQ6ZMzp4cV7blswl1D2ABNTvYe-lmYBSDPDXTdNVu-NiADoL-tbWtaw8W5KdUuCAC0b_fiW_B2HCkgV7NM6vsqBAI24.paJF2vsC4fn-lfV4yPGde3mOQbQ_kcoNuljrF2oc-Gg&dib_tag=se&m=A6PVCWOL6UP6Z&marketplaceID=A19VAU5U5O7RUS&qid=1776825386&refinements=p_36%3A11000-11500&s=merchant-items&sr=1-199&xpid=iY-TdMLWya18Y,Comfort Noise [Analog]
B0BSPMMDXQ,Audio CD,113.23,https://www.amazon.sg/%E3%82%B8%E3%82%A7%E3%83%9F%E3%83%8B%E3%83%BB%E3%82%AC%E3%83%BC%E3%83%AB-%E3%82%B6%E3%83%BB%E3%82%B3%E3%83%B3%E3%83%97%E3%83%AA%E3%83%BC%E3%83%88%E3%83%BB%E3%83%8F%E3%83%83%E3%82%B7%E3%83%A5%E3%83%BB%E3%83%AC%E3%82%B3%E3%83%BC%E3%83%87%E3%82%A3%E3%83%B3%E3%82%B0%E3%82%B9-GEMINI-COMPLETE-RECORDINGS/dp/B0BSPMMDXQ/ref=sr_1_200?dib=eyJ2IjoiMSJ9.WSbayLOjXn8dCJET_-D3JIWwhVQYFDyNPRtwlwwBdYWN3EGSPuJYXDHcYDPL2cGR1i-8IeYV035DscRkvQ6ZMzp4cV7blswl1D2ABNTvYe-lmYBSDPDXTdNVu-NiADoL-tbWtaw8W5KdUuCAC0b_fiW_B2HCkgV7NM6vsqBAI24.paJF2vsC4fn-lfV4yPGde3mOQbQ_kcoNuljrF2oc-Gg&dib_tag=se&m=A6PVCWOL6UP6Z&marketplaceID=A19VAU5U5O7RUS&qid=1776825386&refinements=p_36%3A11000-11500&s=merchant-items&sr=1-200&xpid=iY-TdMLWya18Y#customerReviews,ジェミニ・ガール:ザ・コンプリート・ハッシュ・レコーディングス / GEMINI GIRL: THE COMPLETE HUSH RECORDINGS (DELUXE EDITION)
B0BS49YDTT,Vinyl,114.19,https://www.amazon.sg/GLORIOUS-GAME/dp/B0BS49YDTT/ref=sr_1_201?dib=eyJ2IjoiMSJ9.WSbayLOjXn8dCJET_-D3JIWwhVQYFDyNPRtwlwwBdYWN3EGSPuJYXDHcYDPL2cGR1i-8IeYV035DscRkvQ6ZMzp4cV7blswl1D2ABNTvYe-lmYBSDPDXTdNVu-NiADoL-tbWtaw8W5KdUuCAC0b_fiW_B2HCkgV7NM6vsqBAI24.paJF2vsC4fn-lfV4yPGde3mOQbQ_kcoNuljrF2oc-Gg&dib_tag=se&m=A6PVCWOL6UP6Z&marketplaceID=A19VAU5U5O7RUS&qid=1776825386&refinements=p_36%3A11000-11500&s=merchant-items&sr=1-201&xpid=iY-TdMLWya18Y#customerReviews,GLORIOUS GAME
B0BRQP44Q5,Audio CD,114.85,https://www.amazon.sg/11-Dec-80-Eliane-Radigue/dp/B0BRQP44Q5/ref=sr_1_202?dib=eyJ2IjoiMSJ9.WSbayLOjXn8dCJET_-D3JIWwhVQYFDyNPRtwlwwBdYWN3EGSPuJYXDHcYDPL2cGR1i-8IeYV035DscRkvQ6ZMzp4cV7blswl1D2ABNTvYe-lmYBSDPDXTdNVu-NiADoL-tbWtaw8W5KdUuCAC0b_fiW_B2HCkgV7NM6vsqBAI24.paJF2vsC4fn-lfV4yPGde3mOQbQ_kcoNuljrF2oc-Gg&dib_tag=se&m=A6PVCWOL6UP6Z&marketplaceID=A19VAU5U5O7RUS&qid=1776825386&refinements=p_36%3A11000-11500&s=merchant-items&sr=1-202&xpid=iY-TdMLWya18Y#customerReviews,11 Dec 80
B0BR9863ZZ,Audio CD,113.56,https://www.amazon.sg/Andromaque-Gretry-Concert-Spirituel/dp/B0BR9863ZZ/ref=sr_1_203?dib=eyJ2IjoiMSJ9.WSbayLOjXn8dCJET_-D3JIWwhVQYFDyNPRtwlwwBdYWN3EGSPuJYXDHcYDPL2cGR1i-8IeYV035DscRkvQ6ZMzp4cV7blswl1D2ABNTvYe-lmYBSDPDXTdNVu-NiADoL-tbWtaw8W5KdUuCAC0b_fiW_B2HCkgV7NM6vsqBAI24.paJF2vsC4fn-lfV4yPGde3mOQbQ_kcoNuljrF2oc-Gg&dib_tag=se&m=A6PVCWOL6UP6Z&marketplaceID=A19VAU5U5O7RUS&qid=1776825386&refinements=p_36%3A11000-11500&s=merchant-items&sr=1-203&xpid=iY-TdMLWya18Y#customerReviews,Andromaque
B0BR8FWKR6,Audio CD,112.46,https://www.amazon.sg/Henceforth-Max-Light/dp/B0BR8FWKR6/ref=sr_1_209?dib=eyJ2IjoiMSJ9.d6AX6Ij44lZCRgiW9hJH8AQcxmOfV4mSVGl2g8W93T_Uxx628Pa47uwEx6a0Xc15nYBu5-xJFgMFIQTWdA9xTA.PuLWTwhRZo0Rk3DxcrTglOnUp7JSj8GrNRXIifGFllQ&dib_tag=se&m=A6PVCWOL6UP6Z&marketplaceID=A19VAU5U5O7RUS&qid=1776825390&refinements=p_36%3A11000-11500&s=merchant-items&sr=1-209&xpid=iY-TdMLWya18Y#customerReviews,Henceforth
B0BR8BSD4F,Audio CD,112.46,https://www.amazon.sg/Snapshots-Nate-Versace-Gary-Radley/dp/B0BR8BSD4F/ref=sr_1_210?dib=eyJ2IjoiMSJ9.d6AX6Ij44lZCRgiW9hJH8AQcxmOfV4mSVGl2g8W93T_Uxx628Pa47uwEx6a0Xc15nYBu5-xJFgMFIQTWdA9xTA.PuLWTwhRZo0Rk3DxcrTglOnUp7JSj8GrNRXIifGFllQ&dib_tag=se&m=A6PVCWOL6UP6Z&marketplaceID=A19VAU5U5O7RUS&qid=1776825390&refinements=p_36%3A11000-11500&s=merchant-items&sr=1-210&xpid=iY-TdMLWya18Y,Snapshots
B0BPX8MVMS,Vinyl,111.14,https://www.amazon.sg/Jerusalem-AMIP-0310LP-Analog-Emahoy-Mariam/dp/B0BPX8MVMS/ref=sr_1_211?dib=eyJ2IjoiMSJ9.d6AX6Ij44lZCRgiW9hJH8AQcxmOfV4mSVGl2g8W93T_Uxx628Pa47uwEx6a0Xc15nYBu5-xJFgMFIQTWdA9xTA.PuLWTwhRZo0Rk3DxcrTglOnUp7JSj8GrNRXIifGFllQ&dib_tag=se&m=A6PVCWOL6UP6Z&marketplaceID=A19VAU5U5O7RUS&qid=1776825390&refinements=p_36%3A11000-11500&s=merchant-items&sr=1-211&xpid=iY-TdMLWya18Y#customerReviews,Jerusalem (AMIP-0310LP) [Analog]
B0BPTD2SYP,Vinyl,110.38,https://www.amazon.sg/Majestic-Noise-Beautiful-Rotten-Analog/dp/B0BPTD2SYP/ref=sr_1_212?dib=eyJ2IjoiMSJ9.d6AX6Ij44lZCRgiW9hJH8AQcxmOfV4mSVGl2g8W93T_Uxx628Pa47uwEx6a0Xc15nYBu5-xJFgMFIQTWdA9xTA.PuLWTwhRZo0Rk3DxcrTglOnUp7JSj8GrNRXIifGFllQ&dib_tag=se&m=A6PVCWOL6UP6Z&marketplaceID=A19VAU5U5O7RUS&qid=1776825390&refinements=p_36%3A11000-11500&s=merchant-items&sr=1-212&xpid=iY-TdMLWya18Y#customerReviews,Majestic Noise Made In Beautiful Rotten Iran [Analog]
B0BMQRHVS4,Audio CD,114.19,https://www.amazon.sg/Galuppi-Keyboard-Sonatas-Vol-1/dp/B0BMQRHVS4/ref=sr_1_213?dib=eyJ2IjoiMSJ9.d6AX6Ij44lZCRgiW9hJH8AQcxmOfV4mSVGl2g8W93T_Uxx628Pa47uwEx6a0Xc15nYBu5-xJFgMFIQTWdA9xTA.PuLWTwhRZo0Rk3DxcrTglOnUp7JSj8GrNRXIifGFllQ&dib_tag=se&m=A6PVCWOL6UP6Z&marketplaceID=A19VAU5U5O7RUS&qid=1776825390&refinements=p_36%3A11000-11500&s=merchant-items&sr=1-213&xpid=iY-TdMLWya18Y#customerReviews,Galuppi: Keyboard Sonatas Vol 1
B0BMQRCVX8,Audio CD,114.19,https://www.amazon.sg/Fontana-Plays-Frescobaldi-Meantone-Piano/dp/B0BMQRCVX8/ref=sr_1_209?dib=eyJ2IjoiMSJ9.32poK3VAsYCDEz_T_0pN0ldAkjp2Kx0stRJXf3_HvQ_Qvwz-V1b8e1xCgSt3YYUpipN9n6s51U3mc8RdYHSYw5Uy5GN8CLcUJWpAhvrE0IH6C392CJRIqK7P3FcTgQZ2xz8iGVkDtQB5x1A_LicZyM6ohxhefPq_1RdeX7XqmuI.qrfPIBv4bjB-UVNznlvI3ZhpM63fRT5xbdUHny7eX_0&dib_tag=se&m=A6PVCWOL6UP6Z&marketplaceID=A19VAU5U5O7RUS&qid=1776825390&refinements=p_36%3A11000-11500&s=merchant-items&sr=1-209&xpid=iY-TdMLWya18Y,Fontana Plays Frescobaldi On Meantone Piano
B0BJ9D7X1G,Audio CD,114.19,https://www.amazon.sg/Craig-Safan-Horror-Macabre-1/dp/B0BJ9D7X1G/ref=sr_1_210?dib=eyJ2IjoiMSJ9.32poK3VAsYCDEz_T_0pN0ldAkjp2Kx0stRJXf3_HvQ_Qvwz-V1b8e1xCgSt3YYUpipN9n6s51U3mc8RdYHSYw5Uy5GN8CLcUJWpAhvrE0IH6C392CJRIqK7P3FcTgQZ2xz8iGVkDtQB5x1A_LicZyM6ohxhefPq_1RdeX7XqmuI.qrfPIBv4bjB-UVNznlvI3ZhpM63fRT5xbdUHny7eX_0&dib_tag=se&m=A6PVCWOL6UP6Z&marketplaceID=A19VAU5U5O7RUS&qid=1776825390&refinements=p_36%3A11000-11500&s=merchant-items&sr=1-210&xpid=iY-TdMLWya18Y#customerReviews,Craig Safan: Horror Macabre Volume 1
B0BGNL5TZ8,Vinyl,110.38,https://www.amazon.sg/Sean-OHagan-Presents-Sunshine-Philippe/dp/B0BGNL5TZ8/ref=sr_1_211?dib=eyJ2IjoiMSJ9.32poK3VAsYCDEz_T_0pN0ldAkjp2Kx0stRJXf3_HvQ_Qvwz-V1b8e1xCgSt3YYUpipN9n6s51U3mc8RdYHSYw5Uy5GN8CLcUJWpAhvrE0IH6C392CJRIqK7P3FcTgQZ2xz8iGVkDtQB5x1A_LicZyM6ohxhefPq_1RdeX7XqmuI.qrfPIBv4bjB-UVNznlvI3ZhpM63fRT5xbdUHny7eX_0&dib_tag=se&m=A6PVCWOL6UP6Z&marketplaceID=A19VAU5U5O7RUS&qid=1776825390&refinements=p_36%3A11000-11500&s=merchant-items&sr=1-211&xpid=iY-TdMLWya18Y#customerReviews,Sean O'Hagan Presents: The Sunshine World Of Louis Philippe [Analog]
B0BDYRFL44,Audio CD,111.14,https://www.amazon.sg/%E3%82%AF%E3%83%AB%E3%82%B7%E3%83%95%E3%82%A3%E3%82%AF%E3%82%B7%E3%83%A7%E3%83%B3%EF%BD%9E%E3%82%A2%E3%83%BC%E3%83%AA%E3%83%BC%E3%83%BB%E3%82%A4%E3%83%A4%E3%83%BC%E3%82%BA-%E3%83%87%E3%82%A3%E3%82%B5%E3%82%A4%E3%83%89/dp/B0BDYRFL44/ref=sr_1_212?dib=eyJ2IjoiMSJ9.32poK3VAsYCDEz_T_0pN0ldAkjp2Kx0stRJXf3_HvQ_Qvwz-V1b8e1xCgSt3YYUpipN9n6s51U3mc8RdYHSYw5Uy5GN8CLcUJWpAhvrE0IH6C392CJRIqK7P3FcTgQZ2xz8iGVkDtQB5x1A_LicZyM6ohxhefPq_1RdeX7XqmuI.qrfPIBv4bjB-UVNznlvI3ZhpM63fRT5xbdUHny7eX_0&dib_tag=se&m=A6PVCWOL6UP6Z&marketplaceID=A19VAU5U5O7RUS&qid=1776825390&refinements=p_36%3A11000-11500&s=merchant-items&sr=1-212&xpid=iY-TdMLWya18Y,クルシフィクション～アーリー・イヤーズ
B0BDYLVN7X,Audio CD,111.14,https://www.amazon.sg/%E3%82%B6%E3%83%BB%E3%82%B7%E3%83%B3%E3%82%B0%E3%82%B9%E3%83%BB%E3%82%A6%E3%82%A3%E3%83%BB%E3%83%AD%E3%82%B9%E3%83%88-%E3%83%9E%E3%83%BC%E3%82%AF%E3%83%BB%E3%82%A2%E3%83%BC%E3%83%A2%E3%83%B3%E3%83%89/dp/B0BDYLVN7X/ref=sr_1_213?dib=eyJ2IjoiMSJ9.32poK3VAsYCDEz_T_0pN0ldAkjp2Kx0stRJXf3_HvQ_Qvwz-V1b8e1xCgSt3YYUpipN9n6s51U3mc8RdYHSYw5Uy5GN8CLcUJWpAhvrE0IH6C392CJRIqK7P3FcTgQZ2xz8iGVkDtQB5x1A_LicZyM6ohxhefPq_1RdeX7XqmuI.qrfPIBv4bjB-UVNznlvI3ZhpM63fRT5xbdUHny7eX_0&dib_tag=se&m=A6PVCWOL6UP6Z&marketplaceID=A19VAU5U5O7RUS&qid=1776825390&refinements=p_36%3A11000-11500&s=merchant-items&sr=1-213&xpid=iY-TdMLWya18Y#customerReviews,ザ・シングス・ウィ・ロスト
B0BCTKY9VT,Vinyl,110.38,https://www.amazon.sg/NONE-CHILDREN-REMIXES-inch-Analog/dp/B0BCTKY9VT/ref=sr_1_214?dib=eyJ2IjoiMSJ9.32poK3VAsYCDEz_T_0pN0ldAkjp2Kx0stRJXf3_HvQ_Qvwz-V1b8e1xCgSt3YYUpipN9n6s51U3mc8RdYHSYw5Uy5GN8CLcUJWpAhvrE0IH6C392CJRIqK7P3FcTgQZ2xz8iGVkDtQB5x1A_LicZyM6ohxhefPq_1RdeX7XqmuI.qrfPIBv4bjB-UVNznlvI3ZhpM63fRT5xbdUHny7eX_0&dib_tag=se&m=A6PVCWOL6UP6Z&marketplaceID=A19VAU5U5O7RUS&qid=1776825390&refinements=p_36%3A11000-11500&s=merchant-items&sr=1-214&xpid=iY-TdMLWya18Y,NONE A JAH CHILDREN REMIXES [12 inch Analog]
B0B9STXC1X,Audio CD,111.14,https://www.amazon.sg/%E3%83%8F%E3%82%A4%E3%83%BB%E3%82%A4%E3%83%B3%E3%83%BB%E3%82%B6%E3%83%BB%E3%83%A2%E3%83%BC%E3%83%8B%E3%83%B3%E3%82%B0%EF%BC%9A%E3%83%96%E3%83%AA%E3%83%86%E3%82%A3%E3%83%83%E3%82%B7%E3%83%A5%E3%83%BB%E3%83%97%E3%83%AD%E3%82%B0%E3%83%AC%E3%83%83%E3%82%B7%E3%83%B4%E3%83%BB%E3%83%9D%E3%83%83%E3%83%97%E3%83%BB%E3%82%B5%E3%82%A6%E3%83%B3%E3%82%BA%E3%83%BB%E3%82%AA%E3%83%96-1973-%E3%83%AD%E3%82%AD%E3%82%B7%E3%83%BC%E3%83%BB%E3%83%9F%E3%83%A5%E3%83%BC%E3%82%B8%E3%83%83%E3%82%AF%E3%80%81%E3%83%A2%E3%83%83%E3%83%88%E3%83%BB%E3%82%B6%E3%83%BB%E3%83%95%E3%83%BC%E3%83%97%E3%83%AB%E3%81%BB%E3%81%8B/dp/B0B9STXC1X/ref=sr_1_215?dib=eyJ2IjoiMSJ9.32poK3VAsYCDEz_T_0pN0ldAkjp2Kx0stRJXf3_HvQ_Qvwz-V1b8e1xCgSt3YYUpipN9n6s51U3mc8RdYHSYw5Uy5GN8CLcUJWpAhvrE0IH6C392CJRIqK7P3FcTgQZ2xz8iGVkDtQB5x1A_LicZyM6ohxhefPq_1RdeX7XqmuI.qrfPIBv4bjB-UVNznlvI3ZhpM63fRT5xbdUHny7eX_0&dib_tag=se&m=A6PVCWOL6UP6Z&marketplaceID=A19VAU5U5O7RUS&qid=1776825390&refinements=p_36%3A11000-11500&s=merchant-items&sr=1-215&xpid=iY-TdMLWya18Y#customerReviews,ハイ・イン・ザ・モーニング：ブリティッシュ・プログレッシヴ・ポップ・サウンズ・オブ 1973
B0B97WGVCJ,Audio CD,113.16,https://www.amazon.sg/TUDOR-MUSIC-AFTERLIVES-Ensemble-Victoria/dp/B0B97WGVCJ/ref=sr_1_216?dib=eyJ2IjoiMSJ9.32poK3VAsYCDEz_T_0pN0ldAkjp2Kx0stRJXf3_HvQ_Qvwz-V1b8e1xCgSt3YYUpipN9n6s51U3mc8RdYHSYw5Uy5GN8CLcUJWpAhvrE0IH6C392CJRIqK7P3FcTgQZ2xz8iGVkDtQB5x1A_LicZyM6ohxhefPq_1RdeX7XqmuI.qrfPIBv4bjB-UVNznlvI3ZhpM63fRT5xbdUHny7eX_0&dib_tag=se&m=A6PVCWOL6UP6Z&marketplaceID=A19VAU5U5O7RUS&qid=1776825390&refinements=p_36%3A11000-11500&s=merchant-items&sr=1-216&xpid=iY-TdMLWya18Y#customerReviews,TUDOR MUSIC AFTERLIVES
B0B928QWHF,Vinyl,114.19,https://www.amazon.sg/Lows-Highs-Creation-Rebel/dp/B0B928QWHF/ref=sr_1_217?dib=eyJ2IjoiMSJ9.32poK3VAsYCDEz_T_0pN0ldAkjp2Kx0stRJXf3_HvQ_Qvwz-V1b8e1xCgSt3YYUpipN9n6s51U3mc8RdYHSYw5Uy5GN8CLcUJWpAhvrE0IH6C392CJRIqK7P3FcTgQZ2xz8iGVkDtQB5x1A_LicZyM6ohxhefPq_1RdeX7XqmuI.qrfPIBv4bjB-UVNznlvI3ZhpM63fRT5xbdUHny7eX_0&dib_tag=se&m=A6PVCWOL6UP6Z&marketplaceID=A19VAU5U5O7RUS&qid=1776825390&refinements=p_36%3A11000-11500&s=merchant-items&sr=1-217&xpid=iY-TdMLWya18Y#customerReviews,Lows & Highs
B0B6HPQHCJ,Audio CD,113.89,https://www.amazon.sg/%E5%8D%B1%E6%A9%9F%E7%9A%84%E6%99%82%E4%BB%A3%E3%81%AE%E6%81%8B%E6%84%9B%E4%BD%9C%E6%B3%95-%E4%BB%B2%E9%87%8E%E9%BA%BB%E7%B4%80-%E5%9B%BD%E5%86%85%E3%83%97%E3%83%AC%E3%82%B9-%E6%97%A5%E6%9C%AC%E8%AA%9E%E5%B8%AF%E4%BB%98%E3%81%8D-%E6%9B%B8%E4%B8%8B%E3%82%8D%E3%81%97%E6%8E%8C%E7%B7%A8%E5%B0%8F%E8%AA%AC%E4%BB%98/dp/B0B6HPQHCJ/ref=sr_1_218?dib=eyJ2IjoiMSJ9.32poK3VAsYCDEz_T_0pN0ldAkjp2Kx0stRJXf3_HvQ_Qvwz-V1b8e1xCgSt3YYUpipN9n6s51U3mc8RdYHSYw5Uy5GN8CLcUJWpAhvrE0IH6C392CJRIqK7P3FcTgQZ2xz8iGVkDtQB5x1A_LicZyM6ohxhefPq_1RdeX7XqmuI.qrfPIBv4bjB-UVNznlvI3ZhpM63fRT5xbdUHny7eX_0&dib_tag=se&m=A6PVCWOL6UP6Z&marketplaceID=A19VAU5U5O7RUS&qid=1776825390&refinements=p_36%3A11000-11500&s=merchant-items&sr=1-218&xpid=iY-TdMLWya18Y,危機的時代の恋愛作法 / 仲野麻紀 [CD+EP] [国内プレス] [日本語帯付き] [書下ろし掌編小説付]
B0B65RZZ6L,Audio CD,110.38,https://www.amazon.sg/Live-Too-Fast-Die-Young/dp/B0B65RZZ6L/ref=sr_1_219?dib=eyJ2IjoiMSJ9.32poK3VAsYCDEz_T_0pN0ldAkjp2Kx0stRJXf3_HvQ_Qvwz-V1b8e1xCgSt3YYUpipN9n6s51U3mc8RdYHSYw5Uy5GN8CLcUJWpAhvrE0IH6C392CJRIqK7P3FcTgQZ2xz8iGVkDtQB5x1A_LicZyM6ohxhefPq_1RdeX7XqmuI.qrfPIBv4bjB-UVNznlvI3ZhpM63fRT5xbdUHny7eX_0&dib_tag=se&m=A6PVCWOL6UP6Z&marketplaceID=A19VAU5U5O7RUS&qid=1776825390&refinements=p_36%3A11000-11500&s=merchant-items&sr=1-219&xpid=iY-TdMLWya18Y#customerReviews,I Live Too Fast To Die Young
B0B5Y9BRQ9,Audio CD,113.89,https://www.amazon.sg/%E3%83%94%E3%83%BC%E3%82%B9-%E3%80%90%E9%80%9A%E5%B8%B8%E7%9B%A4%E3%80%91-%E9%A2%A8%E7%A5%9ERIZING/dp/B0B5Y9BRQ9/ref=sr_1_225?dib=eyJ2IjoiMSJ9.B0kIfFNcFjN5bNRdeKLhZGlJwWlmYDTjMzYSNC-kHYDIFBgmswuuVWEwwWvAipOKV74fs_6xph5NuylZ3s-KHA.PXar2TzSZmVmg4PQRZrmt4i9Fl6qeZBwq9ycW0Jry2Y&dib_tag=se&m=A6PVCWOL6UP6Z&marketplaceID=A19VAU5U5O7RUS&qid=1776825395&refinements=p_36%3A11000-11500&s=merchant-items&sr=1-225&xpid=iY-TdMLWya18Y#customerReviews,ピース! 【通常盤】
B0B5Y5XJWR,Vinyl,114.19,https://www.amazon.sg/Without-Star-Compass-Kennebec/dp/B0B5Y5XJWR/ref=sr_1_226?dib=eyJ2IjoiMSJ9.B0kIfFNcFjN5bNRdeKLhZGlJwWlmYDTjMzYSNC-kHYDIFBgmswuuVWEwwWvAipOKV74fs_6xph5NuylZ3s-KHA.PXar2TzSZmVmg4PQRZrmt4i9Fl6qeZBwq9ycW0Jry2Y&dib_tag=se&m=A6PVCWOL6UP6Z&marketplaceID=A19VAU5U5O7RUS&qid=1776825395&refinements=p_36%3A11000-11500&s=merchant-items&sr=1-226&xpid=iY-TdMLWya18Y#customerReviews,Without Star Or Compass
B0B4SJH6Y1,Vinyl,110.38,https://www.amazon.sg/Pale-Swordsman-Metallic-K%C3%ABkht-Ar%C3%A4kh/dp/B0B4SJH6Y1/ref=sr_1_227?dib=eyJ2IjoiMSJ9.B0kIfFNcFjN5bNRdeKLhZGlJwWlmYDTjMzYSNC-kHYDIFBgmswuuVWEwwWvAipOKV74fs_6xph5NuylZ3s-KHA.PXar2TzSZmVmg4PQRZrmt4i9Fl6qeZBwq9ycW0Jry2Y&dib_tag=se&m=A6PVCWOL6UP6Z&marketplaceID=A19VAU5U5O7RUS&qid=1776825395&refinements=p_36%3A11000-11500&s=merchant-items&sr=1-227&xpid=iY-TdMLWya18Y#customerReviews,Pale Swordsman - Metallic Silver
B0B3DNYFT3,Audio CD,114.19,https://www.amazon.sg/Sequins-Breastplates-Historical-Recordings-1926-1961/dp/B0B3DNYFT3/ref=sr_1_228?dib=eyJ2IjoiMSJ9.B0kIfFNcFjN5bNRdeKLhZGlJwWlmYDTjMzYSNC-kHYDIFBgmswuuVWEwwWvAipOKV74fs_6xph5NuylZ3s-KHA.PXar2TzSZmVmg4PQRZrmt4i9Fl6qeZBwq9ycW0Jry2Y&dib_tag=se&m=A6PVCWOL6UP6Z&marketplaceID=A19VAU5U5O7RUS&qid=1776825395&refinements=p_36%3A11000-11500&s=merchant-items&sr=1-228&xpid=iY-TdMLWya18Y#customerReviews,Old Sequins & Ancient Breastplates Historical Recordings 1926-1961
B0B1ZRWHJ9,Audio CD,111.64,https://www.amazon.sg/Mozart-String-Quartets-Armida-Quartet/dp/B0B1ZRWHJ9/ref=sr_1_229?dib=eyJ2IjoiMSJ9.B0kIfFNcFjN5bNRdeKLhZGlJwWlmYDTjMzYSNC-kHYDIFBgmswuuVWEwwWvAipOKV74fs_6xph5NuylZ3s-KHA.PXar2TzSZmVmg4PQRZrmt4i9Fl6qeZBwq9ycW0Jry2Y&dib_tag=se&m=A6PVCWOL6UP6Z&marketplaceID=A19VAU5U5O7RUS&qid=1776825395&refinements=p_36%3A11000-11500&s=merchant-items&sr=1-229&xpid=iY-TdMLWya18Y#customerReviews,"Mozart, String Quartets.."
B0B1QW7XDC,Audio CD,112.46,https://www.amazon.sg/Dissidaence-Vol-1-2-Vitalic/dp/B0B1QW7XDC/ref=sr_1_225?dib=eyJ2IjoiMSJ9.eI4oKwc5-7FdGh29QSRHdbyGPkeABQOethaOnItx2FJnOjIqFUXnkZIuxKCghHpK4Sal_UmQ-QIcBF-2bYgborqGOF0JKwTdxKlyFzawn05sEMvgqOOTf2k4ZROglLg9OEfvHPz3cTmRgxUDkjVgdw7-kJN0aJYD2d3oVLX5pnQ.JDbSNTsS3GOa7y_fa8_IVwJyNIgHQ5dAYWcHaa5xFt8&dib_tag=se&m=A6PVCWOL6UP6Z&marketplaceID=A19VAU5U5O7RUS&qid=1776825395&refinements=p_36%3A11000-11500&s=merchant-items&sr=1-225&xpid=iY-TdMLWya18Y#customerReviews,Dissidaence Vol 1.2
B0B1MVGP2F,Vinyl,110.38,https://www.amazon.sg/Time-Let-Louie-Vega-Remixes/dp/B0B1MVGP2F/ref=sr_1_226?dib=eyJ2IjoiMSJ9.eI4oKwc5-7FdGh29QSRHdbyGPkeABQOethaOnItx2FJnOjIqFUXnkZIuxKCghHpK4Sal_UmQ-QIcBF-2bYgborqGOF0JKwTdxKlyFzawn05sEMvgqOOTf2k4ZROglLg9OEfvHPz3cTmRgxUDkjVgdw7-kJN0aJYD2d3oVLX5pnQ.JDbSNTsS3GOa7y_fa8_IVwJyNIgHQ5dAYWcHaa5xFt8&dib_tag=se&m=A6PVCWOL6UP6Z&marketplaceID=A19VAU5U5O7RUS&qid=1776825395&refinements=p_36%3A11000-11500&s=merchant-items&sr=1-226&xpid=iY-TdMLWya18Y,Time To Let Go Louie Vega Remixes
B0B1BB1R3S,Vinyl,110.38,https://www.amazon.sg/Make-World-Go-Round-Analog/dp/B0B1BB1R3S/ref=sr_1_227?dib=eyJ2IjoiMSJ9.eI4oKwc5-7FdGh29QSRHdbyGPkeABQOethaOnItx2FJnOjIqFUXnkZIuxKCghHpK4Sal_UmQ-QIcBF-2bYgborqGOF0JKwTdxKlyFzawn05sEMvgqOOTf2k4ZROglLg9OEfvHPz3cTmRgxUDkjVgdw7-kJN0aJYD2d3oVLX5pnQ.JDbSNTsS3GOa7y_fa8_IVwJyNIgHQ5dAYWcHaa5xFt8&dib_tag=se&m=A6PVCWOL6UP6Z&marketplaceID=A19VAU5U5O7RUS&qid=1776825395&refinements=p_36%3A11000-11500&s=merchant-items&sr=1-227&xpid=iY-TdMLWya18Y#customerReviews,Make The World Go Round [Analog]
B09ZTRDFGC,Vinyl,114.19,https://www.amazon.sg/ISOVIHA/dp/B09ZTRDFGC/ref=sr_1_228?dib=eyJ2IjoiMSJ9.eI4oKwc5-7FdGh29QSRHdbyGPkeABQOethaOnItx2FJnOjIqFUXnkZIuxKCghHpK4Sal_UmQ-QIcBF-2bYgborqGOF0JKwTdxKlyFzawn05sEMvgqOOTf2k4ZROglLg9OEfvHPz3cTmRgxUDkjVgdw7-kJN0aJYD2d3oVLX5pnQ.JDbSNTsS3GOa7y_fa8_IVwJyNIgHQ5dAYWcHaa5xFt8&dib_tag=se&m=A6PVCWOL6UP6Z&marketplaceID=A19VAU5U5O7RUS&qid=1776825395&refinements=p_36%3A11000-11500&s=merchant-items&sr=1-228&xpid=iY-TdMLWya18Y#customerReviews,ISOVIHA
B09ZPSG21C,Vinyl,110.38,https://www.amazon.sg/Seething-Malevolence-Analog-Vomit-Forth/dp/B09ZPSG21C/ref=sr_1_229?dib=eyJ2IjoiMSJ9.eI4oKwc5-7FdGh29QSRHdbyGPkeABQOethaOnItx2FJnOjIqFUXnkZIuxKCghHpK4Sal_UmQ-QIcBF-2bYgborqGOF0JKwTdxKlyFzawn05sEMvgqOOTf2k4ZROglLg9OEfvHPz3cTmRgxUDkjVgdw7-kJN0aJYD2d3oVLX5pnQ.JDbSNTsS3GOa7y_fa8_IVwJyNIgHQ5dAYWcHaa5xFt8&dib_tag=se&m=A6PVCWOL6UP6Z&marketplaceID=A19VAU5U5O7RUS&qid=1776825395&refinements=p_36%3A11000-11500&s=merchant-items&sr=1-229&xpid=iY-TdMLWya18Y#customerReviews,Seething Malevolence [Analog]
B09ZLSCVN1,Audio CD,110.38,https://www.amazon.sg/Blocco-181-Original-Soundtrack-Autographed/dp/B09ZLSCVN1/ref=sr_1_230?dib=eyJ2IjoiMSJ9.eI4oKwc5-7FdGh29QSRHdbyGPkeABQOethaOnItx2FJnOjIqFUXnkZIuxKCghHpK4Sal_UmQ-QIcBF-2bYgborqGOF0JKwTdxKlyFzawn05sEMvgqOOTf2k4ZROglLg9OEfvHPz3cTmRgxUDkjVgdw7-kJN0aJYD2d3oVLX5pnQ.JDbSNTsS3GOa7y_fa8_IVwJyNIgHQ5dAYWcHaa5xFt8&dib_tag=se&m=A6PVCWOL6UP6Z&marketplaceID=A19VAU5U5O7RUS&qid=1776825395&refinements=p_36%3A11000-11500&s=merchant-items&sr=1-230&xpid=iY-TdMLWya18Y#customerReviews,Blocco 181 (Original Soundtrack) - Autographed
B09XX7LHKD,Vinyl,114.19,https://www.amazon.sg/Soul-Force-YELLOW-VINYL-Dance/dp/B09XX7LHKD/ref=sr_1_231?dib=eyJ2IjoiMSJ9.eI4oKwc5-7FdGh29QSRHdbyGPkeABQOethaOnItx2FJnOjIqFUXnkZIuxKCghHpK4Sal_UmQ-QIcBF-2bYgborqGOF0JKwTdxKlyFzawn05sEMvgqOOTf2k4ZROglLg9OEfvHPz3cTmRgxUDkjVgdw7-kJN0aJYD2d3oVLX5pnQ.JDbSNTsS3GOa7y_fa8_IVwJyNIgHQ5dAYWcHaa5xFt8&dib_tag=se&m=A6PVCWOL6UP6Z&marketplaceID=A19VAU5U5O7RUS&qid=1776825395&refinements=p_36%3A11000-11500&s=merchant-items&sr=1-231&xpid=iY-TdMLWya18Y#customerReviews,Soul Force (YELLOW VINYL)
B09XT73GCT,Audio CD,113.56,https://www.amazon.sg/Someday-Dear-Seattle/dp/B09XT73GCT/ref=sr_1_232?dib=eyJ2IjoiMSJ9.eI4oKwc5-7FdGh29QSRHdbyGPkeABQOethaOnItx2FJnOjIqFUXnkZIuxKCghHpK4Sal_UmQ-QIcBF-2bYgborqGOF0JKwTdxKlyFzawn05sEMvgqOOTf2k4ZROglLg9OEfvHPz3cTmRgxUDkjVgdw7-kJN0aJYD2d3oVLX5pnQ.JDbSNTsS3GOa7y_fa8_IVwJyNIgHQ5dAYWcHaa5xFt8&dib_tag=se&m=A6PVCWOL6UP6Z&marketplaceID=A19VAU5U5O7RUS&qid=1776825395&refinements=p_36%3A11000-11500&s=merchant-items&sr=1-232&xpid=iY-TdMLWya18Y,Someday
B09XL7VPQV,Vinyl,110.38,https://www.amazon.sg/WOMAN-ON-THE-MOON/dp/B09XL7VPQV/ref=sr_1_233?dib=eyJ2IjoiMSJ9.eI4oKwc5-7FdGh29QSRHdbyGPkeABQOethaOnItx2FJnOjIqFUXnkZIuxKCghHpK4Sal_UmQ-QIcBF-2bYgborqGOF0JKwTdxKlyFzawn05sEMvgqOOTf2k4ZROglLg9OEfvHPz3cTmRgxUDkjVgdw7-kJN0aJYD2d3oVLX5pnQ.JDbSNTsS3GOa7y_fa8_IVwJyNIgHQ5dAYWcHaa5xFt8&dib_tag=se&m=A6PVCWOL6UP6Z&marketplaceID=A19VAU5U5O7RUS&qid=1776825395&refinements=p_36%3A11000-11500&s=merchant-items&sr=1-233&xpid=iY-TdMLWya18Y,WOMAN ON THE MOON
B09XBBSKZ7,Vinyl,114.19,https://www.amazon.sg/Tell-em-You-Were-Gold/dp/B09XBBSKZ7/ref=sr_1_234?dib=eyJ2IjoiMSJ9.eI4oKwc5-7FdGh29QSRHdbyGPkeABQOethaOnItx2FJnOjIqFUXnkZIuxKCghHpK4Sal_UmQ-QIcBF-2bYgborqGOF0JKwTdxKlyFzawn05sEMvgqOOTf2k4ZROglLg9OEfvHPz3cTmRgxUDkjVgdw7-kJN0aJYD2d3oVLX5pnQ.JDbSNTsS3GOa7y_fa8_IVwJyNIgHQ5dAYWcHaa5xFt8&dib_tag=se&m=A6PVCWOL6UP6Z&marketplaceID=A19VAU5U5O7RUS&qid=1776825395&refinements=p_36%3A11000-11500&s=merchant-items&sr=1-234&xpid=iY-TdMLWya18Y#customerReviews,Tell 'em You Were Gold
B09X55P3V6,Vinyl,114.19,https://www.amazon.sg/SEED-ORIGINAL-SCORE/dp/B09X55P3V6/ref=sr_1_235?dib=eyJ2IjoiMSJ9.eI4oKwc5-7FdGh29QSRHdbyGPkeABQOethaOnItx2FJnOjIqFUXnkZIuxKCghHpK4Sal_UmQ-QIcBF-2bYgborqGOF0JKwTdxKlyFzawn05sEMvgqOOTf2k4ZROglLg9OEfvHPz3cTmRgxUDkjVgdw7-kJN0aJYD2d3oVLX5pnQ.JDbSNTsS3GOa7y_fa8_IVwJyNIgHQ5dAYWcHaa5xFt8&dib_tag=se&m=A6PVCWOL6UP6Z&marketplaceID=A19VAU5U5O7RUS&qid=1776825395&refinements=p_36%3A11000-11500&s=merchant-items&sr=1-235&xpid=iY-TdMLWya18Y#customerReviews,SEED (ORIGINAL SCORE)
B09WRMZFT3,Audio CD,113.16,https://www.amazon.sg/Strauss-Three-Poems-Cleveland-Orchestra/dp/B09WRMZFT3/ref=sr_1_241?dib=eyJ2IjoiMSJ9.5eXfGKj4GMqLMGMgsUB-U-awlgxhp7Lg8qXeFbGxW0Uz1_r_QOL8EJy0YbOeuaeS_MLcfsBTAS7DmAEbAQd8BA.NTDLFiImvMkuWMGFFBmETTM-eO8BqxiTWxPLSMD_mC0&dib_tag=se&m=A6PVCWOL6UP6Z&marketplaceID=A19VAU5U5O7RUS&qid=1776825399&refinements=p_36%3A11000-11500&s=merchant-items&sr=1-241&xpid=iY-TdMLWya18Y#customerReviews,Strauss: Three Tone Poems
B09VDTPSVZ,Audio CD,111.64,https://www.amazon.sg/Pathos-Conjurer/dp/B09VDTPSVZ/ref=sr_1_242?dib=eyJ2IjoiMSJ9.5eXfGKj4GMqLMGMgsUB-U-awlgxhp7Lg8qXeFbGxW0Uz1_r_QOL8EJy0YbOeuaeS_MLcfsBTAS7DmAEbAQd8BA.NTDLFiImvMkuWMGFFBmETTM-eO8BqxiTWxPLSMD_mC0&dib_tag=se&m=A6PVCWOL6UP6Z&marketplaceID=A19VAU5U5O7RUS&qid=1776825399&refinements=p_36%3A11000-11500&s=merchant-items&sr=1-242&xpid=iY-TdMLWya18Y#customerReviews,Pathos
B09TMYXCH3,Audio CD,114.19,https://www.amazon.sg/Side-Mule-Govt/dp/B09TMYXCH3/ref=sr_1_243?dib=eyJ2IjoiMSJ9.5eXfGKj4GMqLMGMgsUB-U-awlgxhp7Lg8qXeFbGxW0Uz1_r_QOL8EJy0YbOeuaeS_MLcfsBTAS7DmAEbAQd8BA.NTDLFiImvMkuWMGFFBmETTM-eO8BqxiTWxPLSMD_mC0&dib_tag=se&m=A6PVCWOL6UP6Z&marketplaceID=A19VAU5U5O7RUS&qid=1776825399&refinements=p_36%3A11000-11500&s=merchant-items&sr=1-243&xpid=iY-TdMLWya18Y#customerReviews,Side of the Mule..
B09TMXDK78,Vinyl,114.19,https://www.amazon.sg/Humanity-Analog-Lincoln-Prince-Rasses/dp/B09TMXDK78/ref=sr_1_244?dib=eyJ2IjoiMSJ9.5eXfGKj4GMqLMGMgsUB-U-awlgxhp7Lg8qXeFbGxW0Uz1_r_QOL8EJy0YbOeuaeS_MLcfsBTAS7DmAEbAQd8BA.NTDLFiImvMkuWMGFFBmETTM-eO8BqxiTWxPLSMD_mC0&dib_tag=se&m=A6PVCWOL6UP6Z&marketplaceID=A19VAU5U5O7RUS&qid=1776825399&refinements=p_36%3A11000-11500&s=merchant-items&sr=1-244&xpid=iY-TdMLWya18Y#customerReviews,Humanity [Analog]
B09SYVSSHP,Audio CD,112.47,https://www.amazon.sg/FACELIFT-FRANCE-HOLLAND-%E3%83%95%E3%82%A7%E3%82%A3%E3%82%B9%E3%83%AA%E3%83%95%E3%83%88%E3%83%BB%E3%83%95%E3%83%A9%E3%83%B3%E3%82%B9-%E3%82%AA%E3%83%A9%E3%83%B3%E3%83%80/dp/B09SYVSSHP/ref=sr_1_245?dib=eyJ2IjoiMSJ9.5eXfGKj4GMqLMGMgsUB-U-awlgxhp7Lg8qXeFbGxW0Uz1_r_QOL8EJy0YbOeuaeS_MLcfsBTAS7DmAEbAQd8BA.NTDLFiImvMkuWMGFFBmETTM-eO8BqxiTWxPLSMD_mC0&dib_tag=se&m=A6PVCWOL6UP6Z&marketplaceID=A19VAU5U5O7RUS&qid=1776825399&refinements=p_36%3A11000-11500&s=merchant-items&sr=1-245&xpid=iY-TdMLWya18Y#customerReviews,FACELIFT FRANCE AND HOLLAND / フェィスリフト・フランス&オランダ (2CD+DVD)
B09SNMYCYG,Audio CD,110.38,https://www.amazon.sg/%E3%82%B7%E3%83%A5%E3%83%BC%E3%83%AB%E3%83%9E%E3%83%B3-%E6%AD%8C%E5%8A%87%E3%80%8A%E3%82%A4%E3%82%A2%E3%83%BC%E3%82%BD%E3%83%B3%E3%81%BE%E3%81%9F%E3%81%AF%E9%87%91%E7%BE%8A%E6%AF%9B%E3%81%AE%E7%95%A5%E5%A5%AA%E3%80%8B/dp/B09SNMYCYG/ref=sr_1_241?dib=eyJ2IjoiMSJ9.jA24xevrlvcmnoBJ3KeS2uHLnpC69p7nKi2o2yRjZqNEg6aRK8AdC5S7e1-YoOJIRRK5LyBTgTjWVqRRQWNAIStmmPiQoYIOGksxMIFw9w2FzfHCM7UFQ3R4AoSM-TjB7pZjiY1re_urVPvWwrmATVLfOTYed7myBgz1-FHCKmQ.bsRZrK1RxdrHAqXMyGky8a5OvG2LkHlspaa5KdINtpU&dib_tag=se&m=A6PVCWOL6UP6Z&marketplaceID=A19VAU5U5O7RUS&qid=1776825399&refinements=p_36%3A11000-11500&s=merchant-items&sr=1-241&xpid=iY-TdMLWya18Y,シュールマン: 歌劇《イアーソンまたは金羊毛の略奪》
B09SBVC9XH,Vinyl,110.38,https://www.amazon.sg/Hyper-Age-Tekno-Taro-Nohara/dp/B09SBVC9XH/ref=sr_1_242?dib=eyJ2IjoiMSJ9.jA24xevrlvcmnoBJ3KeS2uHLnpC69p7nKi2o2yRjZqNEg6aRK8AdC5S7e1-YoOJIRRK5LyBTgTjWVqRRQWNAIStmmPiQoYIOGksxMIFw9w2FzfHCM7UFQ3R4AoSM-TjB7pZjiY1re_urVPvWwrmATVLfOTYed7myBgz1-FHCKmQ.bsRZrK1RxdrHAqXMyGky8a5OvG2LkHlspaa5KdINtpU&dib_tag=se&m=A6PVCWOL6UP6Z&marketplaceID=A19VAU5U5O7RUS&qid=1776825399&refinements=p_36%3A11000-11500&s=merchant-items&sr=1-242&xpid=iY-TdMLWya18Y,Hyper Nu Age Tekno
B09S62GJXJ,Vinyl,114.19,https://www.amazon.sg/Hear-Now-Yellow-Colored-Vinyl/dp/B09S62GJXJ/ref=sr_1_243?dib=eyJ2IjoiMSJ9.jA24xevrlvcmnoBJ3KeS2uHLnpC69p7nKi2o2yRjZqNEg6aRK8AdC5S7e1-YoOJIRRK5LyBTgTjWVqRRQWNAIStmmPiQoYIOGksxMIFw9w2FzfHCM7UFQ3R4AoSM-TjB7pZjiY1re_urVPvWwrmATVLfOTYed7myBgz1-FHCKmQ.bsRZrK1RxdrHAqXMyGky8a5OvG2LkHlspaa5KdINtpU&dib_tag=se&m=A6PVCWOL6UP6Z&marketplaceID=A19VAU5U5O7RUS&qid=1776825399&refinements=p_36%3A11000-11500&s=merchant-items&sr=1-243&xpid=iY-TdMLWya18Y#customerReviews,Hear & Now [Yellow Colored Vinyl]
B09S5X9DFQ,Vinyl,114.19,https://www.amazon.sg/Eternal-Now-Pink-Colored-Vinyl/dp/B09S5X9DFQ/ref=sr_1_244?dib=eyJ2IjoiMSJ9.jA24xevrlvcmnoBJ3KeS2uHLnpC69p7nKi2o2yRjZqNEg6aRK8AdC5S7e1-YoOJIRRK5LyBTgTjWVqRRQWNAIStmmPiQoYIOGksxMIFw9w2FzfHCM7UFQ3R4AoSM-TjB7pZjiY1re_urVPvWwrmATVLfOTYed7myBgz1-FHCKmQ.bsRZrK1RxdrHAqXMyGky8a5OvG2LkHlspaa5KdINtpU&dib_tag=se&m=A6PVCWOL6UP6Z&marketplaceID=A19VAU5U5O7RUS&qid=1776825399&refinements=p_36%3A11000-11500&s=merchant-items&sr=1-244&xpid=iY-TdMLWya18Y#customerReviews,Eternal Now [Pink Colored Vinyl]
B09S27PLKN,Vinyl,114.19,https://www.amazon.sg/Yeah-VINYL-Vertex/dp/B09S27PLKN/ref=sr_1_245?dib=eyJ2IjoiMSJ9.jA24xevrlvcmnoBJ3KeS2uHLnpC69p7nKi2o2yRjZqNEg6aRK8AdC5S7e1-YoOJIRRK5LyBTgTjWVqRRQWNAIStmmPiQoYIOGksxMIFw9w2FzfHCM7UFQ3R4AoSM-TjB7pZjiY1re_urVPvWwrmATVLfOTYed7myBgz1-FHCKmQ.bsRZrK1RxdrHAqXMyGky8a5OvG2LkHlspaa5KdINtpU&dib_tag=se&m=A6PVCWOL6UP6Z&marketplaceID=A19VAU5U5O7RUS&qid=1776825399&refinements=p_36%3A11000-11500&s=merchant-items&sr=1-245&xpid=iY-TdMLWya18Y#customerReviews,Yeah! Yeah! Yeah [VINYL]
B09RLS9W28,Vinyl,110.38,https://www.amazon.sg/NONE-THIS-MATTERS-inch-Analog/dp/B09RLS9W28/ref=sr_1_246?dib=eyJ2IjoiMSJ9.jA24xevrlvcmnoBJ3KeS2uHLnpC69p7nKi2o2yRjZqNEg6aRK8AdC5S7e1-YoOJIRRK5LyBTgTjWVqRRQWNAIStmmPiQoYIOGksxMIFw9w2FzfHCM7UFQ3R4AoSM-TjB7pZjiY1re_urVPvWwrmATVLfOTYed7myBgz1-FHCKmQ.bsRZrK1RxdrHAqXMyGky8a5OvG2LkHlspaa5KdINtpU&dib_tag=se&m=A6PVCWOL6UP6Z&marketplaceID=A19VAU5U5O7RUS&qid=1776825399&refinements=p_36%3A11000-11500&s=merchant-items&sr=1-246&xpid=iY-TdMLWya18Y#customerReviews,NONE OF THIS MATTERS NOW [12 inch Analog]
B09RCR7DB9,Vinyl,114.85,https://www.amazon.sg/Sale-Blu/dp/B09RCR7DB9/ref=sr_1_247?dib=eyJ2IjoiMSJ9.jA24xevrlvcmnoBJ3KeS2uHLnpC69p7nKi2o2yRjZqNEg6aRK8AdC5S7e1-YoOJIRRK5LyBTgTjWVqRRQWNAIStmmPiQoYIOGksxMIFw9w2FzfHCM7UFQ3R4AoSM-TjB7pZjiY1re_urVPvWwrmATVLfOTYed7myBgz1-FHCKmQ.bsRZrK1RxdrHAqXMyGky8a5OvG2LkHlspaa5KdINtpU&dib_tag=se&m=A6PVCWOL6UP6Z&marketplaceID=A19VAU5U5O7RUS&qid=1776825399&refinements=p_36%3A11000-11500&s=merchant-items&sr=1-247&xpid=iY-TdMLWya18Y,For Sale
B09R3DSLRW,Audio CD,113.23,https://www.amazon.sg/CALL-ARMS-ANGELS-ARCHIVE/dp/B09R3DSLRW/ref=sr_1_248?dib=eyJ2IjoiMSJ9.jA24xevrlvcmnoBJ3KeS2uHLnpC69p7nKi2o2yRjZqNEg6aRK8AdC5S7e1-YoOJIRRK5LyBTgTjWVqRRQWNAIStmmPiQoYIOGksxMIFw9w2FzfHCM7UFQ3R4AoSM-TjB7pZjiY1re_urVPvWwrmATVLfOTYed7myBgz1-FHCKmQ.bsRZrK1RxdrHAqXMyGky8a5OvG2LkHlspaa5KdINtpU&dib_tag=se&m=A6PVCWOL6UP6Z&marketplaceID=A19VAU5U5O7RUS&qid=1776825399&refinements=p_36%3A11000-11500&s=merchant-items&sr=1-248&xpid=iY-TdMLWya18Y#customerReviews,CALL TO ARMS & ANGELS
B09QY4HLF7,DVD,112.47,https://www.amazon.sg/%E3%80%8CYou-are-you%E3%80%8DRelease-Tour-2021/dp/B09QY4HLF7/ref=sr_1_249?dib=eyJ2IjoiMSJ9.jA24xevrlvcmnoBJ3KeS2uHLnpC69p7nKi2o2yRjZqNEg6aRK8AdC5S7e1-YoOJIRRK5LyBTgTjWVqRRQWNAIStmmPiQoYIOGksxMIFw9w2FzfHCM7UFQ3R4AoSM-TjB7pZjiY1re_urVPvWwrmATVLfOTYed7myBgz1-FHCKmQ.bsRZrK1RxdrHAqXMyGky8a5OvG2LkHlspaa5KdINtpU&dib_tag=se&m=A6PVCWOL6UP6Z&marketplaceID=A19VAU5U5O7RUS&qid=1776825399&refinements=p_36%3A11000-11500&s=merchant-items&sr=1-249&xpid=iY-TdMLWya18Y#customerReviews,「You are you」Release Tour 2021 [DVD]
B09QY4HLF7,,,,
B09Q5X9157,DVD,113.23,https://www.amazon.sg/%E3%83%96%E3%82%AE%E3%82%A6%E3%82%AE%E5%B0%82%E5%8B%99DVD-vol-15-%E3%80%8C%E3%83%96%E3%82%AE%E3%82%A6%E3%82%AE%E5%A5%A5%E3%81%AE%E7%B4%B0%E9%81%93-%E7%AC%AC%E4%BA%8C%E5%B9%95%E3%80%8D-%E9%87%A7%E8%B7%AF%E3%81%BE%E3%82%93%E3%81%B7%E3%81%8F%E3%81%AE%E7%AB%A0/dp/B09Q5X9157/ref=sr_1_250?dib=eyJ2IjoiMSJ9.jA24xevrlvcmnoBJ3KeS2uHLnpC69p7nKi2o2yRjZqNEg6aRK8AdC5S7e1-YoOJIRRK5LyBTgTjWVqRRQWNAIStmmPiQoYIOGksxMIFw9w2FzfHCM7UFQ3R4AoSM-TjB7pZjiY1re_urVPvWwrmATVLfOTYed7myBgz1-FHCKmQ.bsRZrK1RxdrHAqXMyGky8a5OvG2LkHlspaa5KdINtpU&dib_tag=se&m=A6PVCWOL6UP6Z&marketplaceID=A19VAU5U5O7RUS&qid=1776825399&refinements=p_36%3A11000-11500&s=merchant-items&sr=1-250&xpid=iY-TdMLWya18Y#customerReviews,ブギウギ専務DVD vol.15 「ブギウギ奥の細道 第二幕」 ~釧路まんぷくの章
B09Q5X9157,,,,
B09PYYKSH4,Audio CD,113.56,https://www.amazon.sg/Amigdala-Tillion/dp/B09PYYKSH4/ref=sr_1_251?dib=eyJ2IjoiMSJ9.jA24xevrlvcmnoBJ3KeS2uHLnpC69p7nKi2o2yRjZqNEg6aRK8AdC5S7e1-YoOJIRRK5LyBTgTjWVqRRQWNAIStmmPiQoYIOGksxMIFw9w2FzfHCM7UFQ3R4AoSM-TjB7pZjiY1re_urVPvWwrmATVLfOTYed7myBgz1-FHCKmQ.bsRZrK1RxdrHAqXMyGky8a5OvG2LkHlspaa5KdINtpU&dib_tag=se&m=A6PVCWOL6UP6Z&marketplaceID=A19VAU5U5O7RUS&qid=1776825399&refinements=p_36%3A11000-11500&s=merchant-items&sr=1-251&xpid=iY-TdMLWya18Y,Amigdala
B09PNSRCRD,Vinyl,110.38,https://www.amazon.sg/Nasa-25th-Anniversary-Album-Ventures/dp/B09PNSRCRD/ref=sr_1_257?dib=eyJ2IjoiMSJ9.RqT7Vcsp7RrlN71EfM0_MyJt2l4si1JSaAvwYifBUHMz51hzYUVxLIe8tGB797C1-3fGPzzTUUNDFNCrQYcSFw.WqJjBRHi8lkrmEEk15jWRBoEspgdqVKHjKBrgPUI2tQ&dib_tag=se&m=A6PVCWOL6UP6Z&marketplaceID=A19VAU5U5O7RUS&qid=1776825404&refinements=p_36%3A11000-11500&s=merchant-items&sr=1-257&xpid=iY-TdMLWya18Y#customerReviews,Nasa 25th Anniversary Album
B09P5K86YB,Vinyl,114.19,https://www.amazon.sg/One-Gatefold-Analog-Ou/dp/B09P5K86YB/ref=sr_1_258?dib=eyJ2IjoiMSJ9.RqT7Vcsp7RrlN71EfM0_MyJt2l4si1JSaAvwYifBUHMz51hzYUVxLIe8tGB797C1-3fGPzzTUUNDFNCrQYcSFw.WqJjBRHi8lkrmEEk15jWRBoEspgdqVKHjKBrgPUI2tQ&dib_tag=se&m=A6PVCWOL6UP6Z&marketplaceID=A19VAU5U5O7RUS&qid=1776825404&refinements=p_36%3A11000-11500&s=merchant-items&sr=1-258&xpid=iY-TdMLWya18Y#customerReviews,One -Gatefold- [Analog]
B09NPB2JS6,Vinyl,113.89,https://www.amazon.sg/LUCY-POLK-DAVE-OCTET-Analog/dp/B09NPB2JS6/ref=sr_1_259?dib=eyJ2IjoiMSJ9.RqT7Vcsp7RrlN71EfM0_MyJt2l4si1JSaAvwYifBUHMz51hzYUVxLIe8tGB797C1-3fGPzzTUUNDFNCrQYcSFw.WqJjBRHi8lkrmEEk15jWRBoEspgdqVKHjKBrgPUI2tQ&dib_tag=se&m=A6PVCWOL6UP6Z&marketplaceID=A19VAU5U5O7RUS&qid=1776825404&refinements=p_36%3A11000-11500&s=merchant-items&sr=1-259&xpid=iY-TdMLWya18Y#customerReviews,LUCY ANN POLK WITH DAVE PELL OCTET [Analog]
B09NCC6H79,Vinyl,110.38,https://www.amazon.sg/Limportanceduvide-Jacques/dp/B09NCC6H79/ref=sr_1_260?dib=eyJ2IjoiMSJ9.RqT7Vcsp7RrlN71EfM0_MyJt2l4si1JSaAvwYifBUHMz51hzYUVxLIe8tGB797C1-3fGPzzTUUNDFNCrQYcSFw.WqJjBRHi8lkrmEEk15jWRBoEspgdqVKHjKBrgPUI2tQ&dib_tag=se&m=A6PVCWOL6UP6Z&marketplaceID=A19VAU5U5O7RUS&qid=1776825404&refinements=p_36%3A11000-11500&s=merchant-items&sr=1-260&xpid=iY-TdMLWya18Y#customerReviews,Limportanceduvide
B09MYRB81R,Audio CD,113.23,https://www.amazon.sg/TODAY-another-tracks-%E5%88%9D%E5%9B%9E%E7%94%9F%E7%94%A3%E9%99%90%E5%AE%9A%E7%9B%A4-BEACH/dp/B09MYRB81R/ref=sr_1_261?dib=eyJ2IjoiMSJ9.RqT7Vcsp7RrlN71EfM0_MyJt2l4si1JSaAvwYifBUHMz51hzYUVxLIe8tGB797C1-3fGPzzTUUNDFNCrQYcSFw.WqJjBRHi8lkrmEEk15jWRBoEspgdqVKHjKBrgPUI2tQ&dib_tag=se&m=A6PVCWOL6UP6Z&marketplaceID=A19VAU5U5O7RUS&qid=1776825404&refinements=p_36%3A11000-11500&s=merchant-items&sr=1-261&xpid=iY-TdMLWya18Y#customerReviews,TODAY -another tracks-<初回生産限定盤>
B09M96L1Q1,Audio CD,114.19,https://www.amazon.sg/DAYS-FULL-SOUND-LIFE-RAINFOREST/dp/B09M96L1Q1/ref=sr_1_257?dib=eyJ2IjoiMSJ9.KVBf0yJs4LibdDMheY155qq1gU86Oz8ZcBskR8uygSfz1voLXTmqZD349DJj6pJfR472ZUQkcUNvLrZq9QETwcXFYo76t1_GFpWFgJD-gtY6-7LFS53YEBNOJagnBf0uB1NlbHHlnhmo1Xb9kdktl-T8Nvsa7T25LEZgJzjLbk8.zVa5riQWLI3n3l5KKun6C6ikwekhNshfGPpkPoED6mI&dib_tag=se&m=A6PVCWOL6UP6Z&marketplaceID=A19VAU5U5O7RUS&qid=1776825404&refinements=p_36%3A11000-11500&s=merchant-items&sr=1-257&xpid=iY-TdMLWya18Y,DAYS FULL OF SOUND - LIFE IN THE RAINFOREST
B09KPZH94G,Audio CD,110.38,https://www.amazon.sg/Baden-Gui-Duvignau/dp/B09KPZH94G/ref=sr_1_258?dib=eyJ2IjoiMSJ9.KVBf0yJs4LibdDMheY155qq1gU86Oz8ZcBskR8uygSfz1voLXTmqZD349DJj6pJfR472ZUQkcUNvLrZq9QETwcXFYo76t1_GFpWFgJD-gtY6-7LFS53YEBNOJagnBf0uB1NlbHHlnhmo1Xb9kdktl-T8Nvsa7T25LEZgJzjLbk8.zVa5riQWLI3n3l5KKun6C6ikwekhNshfGPpkPoED6mI&dib_tag=se&m=A6PVCWOL6UP6Z&marketplaceID=A19VAU5U5O7RUS&qid=1776825404&refinements=p_36%3A11000-11500&s=merchant-items&sr=1-258&xpid=iY-TdMLWya18Y,Baden
B09K26CBXV,Audio CD,113.23,https://www.amazon.sg/%E3%83%89%E3%83%A9%E3%82%B0%E3%83%8D%E3%83%83%E3%83%88-%E3%82%B6%E3%83%BB%E3%83%95%E3%82%A9%E3%83%BC%E3%83%AB/dp/B09K26CBXV/ref=sr_1_259?dib=eyJ2IjoiMSJ9.KVBf0yJs4LibdDMheY155qq1gU86Oz8ZcBskR8uygSfz1voLXTmqZD349DJj6pJfR472ZUQkcUNvLrZq9QETwcXFYo76t1_GFpWFgJD-gtY6-7LFS53YEBNOJagnBf0uB1NlbHHlnhmo1Xb9kdktl-T8Nvsa7T25LEZgJzjLbk8.zVa5riQWLI3n3l5KKun6C6ikwekhNshfGPpkPoED6mI&dib_tag=se&m=A6PVCWOL6UP6Z&marketplaceID=A19VAU5U5O7RUS&qid=1776825404&refinements=p_36%3A11000-11500&s=merchant-items&sr=1-259&xpid=iY-TdMLWya18Y,ドラグネット
B09J95JQ8G,Vinyl,110.38,https://www.amazon.sg/Court-Dragon-Trivium/dp/B09J95JQ8G/ref=sr_1_260?dib=eyJ2IjoiMSJ9.KVBf0yJs4LibdDMheY155qq1gU86Oz8ZcBskR8uygSfz1voLXTmqZD349DJj6pJfR472ZUQkcUNvLrZq9QETwcXFYo76t1_GFpWFgJD-gtY6-7LFS53YEBNOJagnBf0uB1NlbHHlnhmo1Xb9kdktl-T8Nvsa7T25LEZgJzjLbk8.zVa5riQWLI3n3l5KKun6C6ikwekhNshfGPpkPoED6mI&dib_tag=se&m=A6PVCWOL6UP6Z&marketplaceID=A19VAU5U5O7RUS&qid=1776825404&refinements=p_36%3A11000-11500&s=merchant-items&sr=1-260&xpid=iY-TdMLWya18Y#customerReviews,In The Court Of The Dragon
B09HYCJ5HS,Vinyl,112.29,https://www.amazon.sg/Discover/dp/B09HYCJ5HS/ref=sr_1_261?dib=eyJ2IjoiMSJ9.KVBf0yJs4LibdDMheY155qq1gU86Oz8ZcBskR8uygSfz1voLXTmqZD349DJj6pJfR472ZUQkcUNvLrZq9QETwcXFYo76t1_GFpWFgJD-gtY6-7LFS53YEBNOJagnBf0uB1NlbHHlnhmo1Xb9kdktl-T8Nvsa7T25LEZgJzjLbk8.zVa5riQWLI3n3l5KKun6C6ikwekhNshfGPpkPoED6mI&dib_tag=se&m=A6PVCWOL6UP6Z&marketplaceID=A19VAU5U5O7RUS&qid=1776825404&refinements=p_36%3A11000-11500&s=merchant-items&sr=1-261&xpid=iY-TdMLWya18Y#customerReviews,Discover
B09HXYM2DR,"Audio, Cassette",114.85,https://www.amazon.sg/Spacetime-Deli/dp/B09HXYM2DR/ref=sr_1_262?dib=eyJ2IjoiMSJ9.KVBf0yJs4LibdDMheY155qq1gU86Oz8ZcBskR8uygSfz1voLXTmqZD349DJj6pJfR472ZUQkcUNvLrZq9QETwcXFYo76t1_GFpWFgJD-gtY6-7LFS53YEBNOJagnBf0uB1NlbHHlnhmo1Xb9kdktl-T8Nvsa7T25LEZgJzjLbk8.zVa5riQWLI3n3l5KKun6C6ikwekhNshfGPpkPoED6mI&dib_tag=se&m=A6PVCWOL6UP6Z&marketplaceID=A19VAU5U5O7RUS&qid=1776825404&refinements=p_36%3A11000-11500&s=merchant-items&sr=1-262&xpid=iY-TdMLWya18Y#customerReviews,Spacetime
B09HR9DZQ6,Audio CD,110.38,https://www.amazon.sg/Kill-Mockingbird-Walk-Original-Soundtrack/dp/B09HR9DZQ6/ref=sr_1_263?dib=eyJ2IjoiMSJ9.KVBf0yJs4LibdDMheY155qq1gU86Oz8ZcBskR8uygSfz1voLXTmqZD349DJj6pJfR472ZUQkcUNvLrZq9QETwcXFYo76t1_GFpWFgJD-gtY6-7LFS53YEBNOJagnBf0uB1NlbHHlnhmo1Xb9kdktl-T8Nvsa7T25LEZgJzjLbk8.zVa5riQWLI3n3l5KKun6C6ikwekhNshfGPpkPoED6mI&dib_tag=se&m=A6PVCWOL6UP6Z&marketplaceID=A19VAU5U5O7RUS&qid=1776825404&refinements=p_36%3A11000-11500&s=merchant-items&sr=1-263&xpid=iY-TdMLWya18Y#customerReviews,To Kill A Mockingbird / Walk On The Wild Side (Original Soundtrack)
B09GN6WDSR,Vinyl,114.19,https://www.amazon.sg/CIRCUIT-CITY-DL-CARD/dp/B09GN6WDSR/ref=sr_1_264?dib=eyJ2IjoiMSJ9.KVBf0yJs4LibdDMheY155qq1gU86Oz8ZcBskR8uygSfz1voLXTmqZD349DJj6pJfR472ZUQkcUNvLrZq9QETwcXFYo76t1_GFpWFgJD-gtY6-7LFS53YEBNOJagnBf0uB1NlbHHlnhmo1Xb9kdktl-T8Nvsa7T25LEZgJzjLbk8.zVa5riQWLI3n3l5KKun6C6ikwekhNshfGPpkPoED6mI&dib_tag=se&m=A6PVCWOL6UP6Z&marketplaceID=A19VAU5U5O7RUS&qid=1776825404&refinements=p_36%3A11000-11500&s=merchant-items&sr=1-264&xpid=iY-TdMLWya18Y#customerReviews,CIRCUIT CITY (DL CARD)
B09BVPWZRB,Audio CD,113.89,https://www.amazon.sg/ARGONAVIS-Cover-Collection-Mix-Dream/dp/B09BVPWZRB/ref=sr_1_265?dib=eyJ2IjoiMSJ9.KVBf0yJs4LibdDMheY155qq1gU86Oz8ZcBskR8uygSfz1voLXTmqZD349DJj6pJfR472ZUQkcUNvLrZq9QETwcXFYo76t1_GFpWFgJD-gtY6-7LFS53YEBNOJagnBf0uB1NlbHHlnhmo1Xb9kdktl-T8Nvsa7T25LEZgJzjLbk8.zVa5riQWLI3n3l5KKun6C6ikwekhNshfGPpkPoED6mI&dib_tag=se&m=A6PVCWOL6UP6Z&marketplaceID=A19VAU5U5O7RUS&qid=1776825404&refinements=p_36%3A11000-11500&s=merchant-items&sr=1-265&xpid=iY-TdMLWya18Y#customerReviews,ARGONAVIS Cover Collection -Mix-
B099ZSS7TQ,Vinyl,114.19,https://www.amazon.sg/Actually-Olive-Green-Colored-Vinyl/dp/B099ZSS7TQ/ref=sr_1_266?dib=eyJ2IjoiMSJ9.KVBf0yJs4LibdDMheY155qq1gU86Oz8ZcBskR8uygSfz1voLXTmqZD349DJj6pJfR472ZUQkcUNvLrZq9QETwcXFYo76t1_GFpWFgJD-gtY6-7LFS53YEBNOJagnBf0uB1NlbHHlnhmo1Xb9kdktl-T8Nvsa7T25LEZgJzjLbk8.zVa5riQWLI3n3l5KKun6C6ikwekhNshfGPpkPoED6mI&dib_tag=se&m=A6PVCWOL6UP6Z&marketplaceID=A19VAU5U5O7RUS&qid=1776825404&refinements=p_36%3A11000-11500&s=merchant-items&sr=1-266&xpid=iY-TdMLWya18Y#customerReviews,Actually You Can [Olive Green Colored Vinyl]
B097XSPHQT,Vinyl,114.19,https://www.amazon.sg/This-World-Ends-inch-Analog/dp/B097XSPHQT/ref=sr_1_267?dib=eyJ2IjoiMSJ9.KVBf0yJs4LibdDMheY155qq1gU86Oz8ZcBskR8uygSfz1voLXTmqZD349DJj6pJfR472ZUQkcUNvLrZq9QETwcXFYo76t1_GFpWFgJD-gtY6-7LFS53YEBNOJagnBf0uB1NlbHHlnhmo1Xb9kdktl-T8Nvsa7T25LEZgJzjLbk8.zVa5riQWLI3n3l5KKun6C6ikwekhNshfGPpkPoED6mI&dib_tag=se&m=A6PVCWOL6UP6Z&marketplaceID=A19VAU5U5O7RUS&qid=1776825404&refinements=p_36%3A11000-11500&s=merchant-items&sr=1-267&xpid=iY-TdMLWya18Y#customerReviews,This Is How The World Ends [12 inch Analog]
B096X831GD,Vinyl,114.19,https://www.amazon.sg/Welcome-Break-Pip-Blom/dp/B096X831GD/ref=sr_1_273?dib=eyJ2IjoiMSJ9.dyRj7vNIpyJQl3g67rp58IiJDLiJz5vxqNOlRU9f7R_9-vWbhAO_bWEogZlK7-eLNBKZNamaq7G5jeGby9EHlQ.DeHFF7XmrtdWsqNjnMW5_EMATylY9Nz3uY9UukfoCVo&dib_tag=se&m=A6PVCWOL6UP6Z&marketplaceID=A19VAU5U5O7RUS&qid=1776825408&refinements=p_36%3A11000-11500&s=merchant-items&sr=1-273&xpid=iY-TdMLWya18Y#customerReviews,Welcome Break
B094T6QW6H,Vinyl,110.38,https://www.amazon.sg/Temple-Pillars-Dissolve-Into-Clouds/dp/B094T6QW6H/ref=sr_1_274?dib=eyJ2IjoiMSJ9.dyRj7vNIpyJQl3g67rp58IiJDLiJz5vxqNOlRU9f7R_9-vWbhAO_bWEogZlK7-eLNBKZNamaq7G5jeGby9EHlQ.DeHFF7XmrtdWsqNjnMW5_EMATylY9Nz3uY9UukfoCVo&dib_tag=se&m=A6PVCWOL6UP6Z&marketplaceID=A19VAU5U5O7RUS&qid=1776825408&refinements=p_36%3A11000-11500&s=merchant-items&sr=1-274&xpid=iY-TdMLWya18Y#customerReviews,Temple Pillars Dissolve Into The Clouds
B0948PLS25,Vinyl,110.38,https://www.amazon.sg/Mirror-Original-Soundtrack-David-Wingo/dp/B0948PLS25/ref=sr_1_275?dib=eyJ2IjoiMSJ9.dyRj7vNIpyJQl3g67rp58IiJDLiJz5vxqNOlRU9f7R_9-vWbhAO_bWEogZlK7-eLNBKZNamaq7G5jeGby9EHlQ.DeHFF7XmrtdWsqNjnMW5_EMATylY9Nz3uY9UukfoCVo&dib_tag=se&m=A6PVCWOL6UP6Z&marketplaceID=A19VAU5U5O7RUS&qid=1776825408&refinements=p_36%3A11000-11500&s=merchant-items&sr=1-275&xpid=iY-TdMLWya18Y,Twin Mirror (Original Soundtrack)
B093KWSGDT,Vinyl,110.38,https://www.amazon.sg/CRATER-Booker-Stardrum/dp/B093KWSGDT/ref=sr_1_276?dib=eyJ2IjoiMSJ9.dyRj7vNIpyJQl3g67rp58IiJDLiJz5vxqNOlRU9f7R_9-vWbhAO_bWEogZlK7-eLNBKZNamaq7G5jeGby9EHlQ.DeHFF7XmrtdWsqNjnMW5_EMATylY9Nz3uY9UukfoCVo&dib_tag=se&m=A6PVCWOL6UP6Z&marketplaceID=A19VAU5U5O7RUS&qid=1776825408&refinements=p_36%3A11000-11500&s=merchant-items&sr=1-276&xpid=iY-TdMLWya18Y,CRATER
B09242ZM9P,Vinyl,114.19,https://www.amazon.sg/Watch-Break-Apart-Dead-Nature/dp/B09242ZM9P/ref=sr_1_277?dib=eyJ2IjoiMSJ9.dyRj7vNIpyJQl3g67rp58IiJDLiJz5vxqNOlRU9f7R_9-vWbhAO_bWEogZlK7-eLNBKZNamaq7G5jeGby9EHlQ.DeHFF7XmrtdWsqNjnMW5_EMATylY9Nz3uY9UukfoCVo&dib_tag=se&m=A6PVCWOL6UP6Z&marketplaceID=A19VAU5U5O7RUS&qid=1776825408&refinements=p_36%3A11000-11500&s=merchant-items&sr=1-277&xpid=iY-TdMLWya18Y#customerReviews,Watch Me Break Apart
B0923S4HWB,Vinyl,113.23,https://www.amazon.sg/PHILADELPHIA-P-1964-Analog/dp/B0923S4HWB/ref=sr_1_273?dib=eyJ2IjoiMSJ9.cqn1JAhTbneNw7_LCKndbu_DRwvWOGRrYHuDzo1O4XmKosoksW8mvH7WH5zVz8zF4dFk3htw8Q4DvlvyOIvRcmJpTUs3aCip_XgVl1vn76GZWX6EVA5sDySqM-YvUz-amDd9hNGPFfaljFFbG0__Yra6GVkJZ2q3BkovPgp4MR4.g3YH0QEzpAPQ0u0W6HrhC_n_25_aObBrfDbIVFkPBdo&dib_tag=se&m=A6PVCWOL6UP6Z&marketplaceID=A19VAU5U5O7RUS&qid=1776825408&refinements=p_36%3A11000-11500&s=merchant-items&sr=1-273&xpid=iY-TdMLWya18Y#customerReviews,PHILADELPHIA P.A. 1964 [Analog]
B091F3JDSJ,Vinyl,112.29,https://www.amazon.sg/Futuro-Limited-Marbled-Magohany-Colored/dp/B091F3JDSJ/ref=sr_1_274?dib=eyJ2IjoiMSJ9.cqn1JAhTbneNw7_LCKndbu_DRwvWOGRrYHuDzo1O4XmKosoksW8mvH7WH5zVz8zF4dFk3htw8Q4DvlvyOIvRcmJpTUs3aCip_XgVl1vn76GZWX6EVA5sDySqM-YvUz-amDd9hNGPFfaljFFbG0__Yra6GVkJZ2q3BkovPgp4MR4.g3YH0QEzpAPQ0u0W6HrhC_n_25_aObBrfDbIVFkPBdo&dib_tag=se&m=A6PVCWOL6UP6Z&marketplaceID=A19VAU5U5O7RUS&qid=1776825408&refinements=p_36%3A11000-11500&s=merchant-items&sr=1-274&xpid=iY-TdMLWya18Y,Quale Futuro [Limited Marbled Magohany Colored Vinyl]
B09176T96F,Vinyl,110.38,https://www.amazon.sg/BRUT/dp/B09176T96F/ref=sr_1_275?dib=eyJ2IjoiMSJ9.cqn1JAhTbneNw7_LCKndbu_DRwvWOGRrYHuDzo1O4XmKosoksW8mvH7WH5zVz8zF4dFk3htw8Q4DvlvyOIvRcmJpTUs3aCip_XgVl1vn76GZWX6EVA5sDySqM-YvUz-amDd9hNGPFfaljFFbG0__Yra6GVkJZ2q3BkovPgp4MR4.g3YH0QEzpAPQ0u0W6HrhC_n_25_aObBrfDbIVFkPBdo&dib_tag=se&m=A6PVCWOL6UP6Z&marketplaceID=A19VAU5U5O7RUS&qid=1776825408&refinements=p_36%3A11000-11500&s=merchant-items&sr=1-275&xpid=iY-TdMLWya18Y#customerReviews,BRUT
B0915RP2TN,Audio CD,114.19,https://www.amazon.sg/Face-Fugitive-Music-Motion-Picture/dp/B0915RP2TN/ref=sr_1_276?dib=eyJ2IjoiMSJ9.cqn1JAhTbneNw7_LCKndbu_DRwvWOGRrYHuDzo1O4XmKosoksW8mvH7WH5zVz8zF4dFk3htw8Q4DvlvyOIvRcmJpTUs3aCip_XgVl1vn76GZWX6EVA5sDySqM-YvUz-amDd9hNGPFfaljFFbG0__Yra6GVkJZ2q3BkovPgp4MR4.g3YH0QEzpAPQ0u0W6HrhC_n_25_aObBrfDbIVFkPBdo&dib_tag=se&m=A6PVCWOL6UP6Z&marketplaceID=A19VAU5U5O7RUS&qid=1776825408&refinements=p_36%3A11000-11500&s=merchant-items&sr=1-276&xpid=iY-TdMLWya18Y,Face of a Fugitive (Music From the Motion Picture)
B08ZPJGLVD,Vinyl,110.38,https://www.amazon.sg/Hunt-Rawhead-Injector/dp/B08ZPJGLVD/ref=sr_1_277?dib=eyJ2IjoiMSJ9.cqn1JAhTbneNw7_LCKndbu_DRwvWOGRrYHuDzo1O4XmKosoksW8mvH7WH5zVz8zF4dFk3htw8Q4DvlvyOIvRcmJpTUs3aCip_XgVl1vn76GZWX6EVA5sDySqM-YvUz-amDd9hNGPFfaljFFbG0__Yra6GVkJZ2q3BkovPgp4MR4.g3YH0QEzpAPQ0u0W6HrhC_n_25_aObBrfDbIVFkPBdo&dib_tag=se&m=A6PVCWOL6UP6Z&marketplaceID=A19VAU5U5O7RUS&qid=1776825408&refinements=p_36%3A11000-11500&s=merchant-items&sr=1-277&xpid=iY-TdMLWya18Y#customerReviews,Hunt Of The Rawhead
B08ZBMR4NQ,Vinyl,114.19,https://www.amazon.sg/Spell-Hope-Amy-Milner/dp/B08ZBMR4NQ/ref=sr_1_278?dib=eyJ2IjoiMSJ9.cqn1JAhTbneNw7_LCKndbu_DRwvWOGRrYHuDzo1O4XmKosoksW8mvH7WH5zVz8zF4dFk3htw8Q4DvlvyOIvRcmJpTUs3aCip_XgVl1vn76GZWX6EVA5sDySqM-YvUz-amDd9hNGPFfaljFFbG0__Yra6GVkJZ2q3BkovPgp4MR4.g3YH0QEzpAPQ0u0W6HrhC_n_25_aObBrfDbIVFkPBdo&dib_tag=se&m=A6PVCWOL6UP6Z&marketplaceID=A19VAU5U5O7RUS&qid=1776825408&refinements=p_36%3A11000-11500&s=merchant-items&sr=1-278&xpid=iY-TdMLWya18Y,Spell Hope
B08YQQWPND,Vinyl,114.19,https://www.amazon.sg/Modern-Medicine-Phobophobes/dp/B08YQQWPND/ref=sr_1_279?dib=eyJ2IjoiMSJ9.cqn1JAhTbneNw7_LCKndbu_DRwvWOGRrYHuDzo1O4XmKosoksW8mvH7WH5zVz8zF4dFk3htw8Q4DvlvyOIvRcmJpTUs3aCip_XgVl1vn76GZWX6EVA5sDySqM-YvUz-amDd9hNGPFfaljFFbG0__Yra6GVkJZ2q3BkovPgp4MR4.g3YH0QEzpAPQ0u0W6HrhC_n_25_aObBrfDbIVFkPBdo&dib_tag=se&m=A6PVCWOL6UP6Z&marketplaceID=A19VAU5U5O7RUS&qid=1776825408&refinements=p_36%3A11000-11500&s=merchant-items&sr=1-279&xpid=iY-TdMLWya18Y#customerReviews,Modern Medicine
B08YDNPJG1,Vinyl,110.38,https://www.amazon.sg/House-Left-Standing-Claire-Hamill/dp/B08YDNPJG1/ref=sr_1_280?dib=eyJ2IjoiMSJ9.cqn1JAhTbneNw7_LCKndbu_DRwvWOGRrYHuDzo1O4XmKosoksW8mvH7WH5zVz8zF4dFk3htw8Q4DvlvyOIvRcmJpTUs3aCip_XgVl1vn76GZWX6EVA5sDySqM-YvUz-amDd9hNGPFfaljFFbG0__Yra6GVkJZ2q3BkovPgp4MR4.g3YH0QEzpAPQ0u0W6HrhC_n_25_aObBrfDbIVFkPBdo&dib_tag=se&m=A6PVCWOL6UP6Z&marketplaceID=A19VAU5U5O7RUS&qid=1776825408&refinements=p_36%3A11000-11500&s=merchant-items&sr=1-280&xpid=iY-TdMLWya18Y#customerReviews,One House Left Standing
B08Y55DZ8L,Vinyl,114.19,https://www.amazon.sg/Melech-Olam-Gold-Vinyl-VINYL/dp/B08Y55DZ8L/ref=sr_1_281?dib=eyJ2IjoiMSJ9.cqn1JAhTbneNw7_LCKndbu_DRwvWOGRrYHuDzo1O4XmKosoksW8mvH7WH5zVz8zF4dFk3htw8Q4DvlvyOIvRcmJpTUs3aCip_XgVl1vn76GZWX6EVA5sDySqM-YvUz-amDd9hNGPFfaljFFbG0__Yra6GVkJZ2q3BkovPgp4MR4.g3YH0QEzpAPQ0u0W6HrhC_n_25_aObBrfDbIVFkPBdo&dib_tag=se&m=A6PVCWOL6UP6Z&marketplaceID=A19VAU5U5O7RUS&qid=1776825408&refinements=p_36%3A11000-11500&s=merchant-items&sr=1-281&xpid=iY-TdMLWya18Y,Melech Ha Olam (Gold Vinyl) [VINYL]
B08Y4HB8SX,Audio CD,114.19,https://www.amazon.sg/Synopsis-Seriation-Hecker/dp/B08Y4HB8SX/ref=sr_1_282?dib=eyJ2IjoiMSJ9.cqn1JAhTbneNw7_LCKndbu_DRwvWOGRrYHuDzo1O4XmKosoksW8mvH7WH5zVz8zF4dFk3htw8Q4DvlvyOIvRcmJpTUs3aCip_XgVl1vn76GZWX6EVA5sDySqM-YvUz-amDd9hNGPFfaljFFbG0__Yra6GVkJZ2q3BkovPgp4MR4.g3YH0QEzpAPQ0u0W6HrhC_n_25_aObBrfDbIVFkPBdo&dib_tag=se&m=A6PVCWOL6UP6Z&marketplaceID=A19VAU5U5O7RUS&qid=1776825408&refinements=p_36%3A11000-11500&s=merchant-items&sr=1-282&xpid=iY-TdMLWya18Y,Synopsis Seriation
B08Y49J2YP,Vinyl,114.19,https://www.amazon.sg/Truth-Gold-Marble-Vinyl-VINYL/dp/B08Y49J2YP/ref=sr_1_283?dib=eyJ2IjoiMSJ9.cqn1JAhTbneNw7_LCKndbu_DRwvWOGRrYHuDzo1O4XmKosoksW8mvH7WH5zVz8zF4dFk3htw8Q4DvlvyOIvRcmJpTUs3aCip_XgVl1vn76GZWX6EVA5sDySqM-YvUz-amDd9hNGPFfaljFFbG0__Yra6GVkJZ2q3BkovPgp4MR4.g3YH0QEzpAPQ0u0W6HrhC_n_25_aObBrfDbIVFkPBdo&dib_tag=se&m=A6PVCWOL6UP6Z&marketplaceID=A19VAU5U5O7RUS&qid=1776825408&refinements=p_36%3A11000-11500&s=merchant-items&sr=1-283&xpid=iY-TdMLWya18Y,Truth (Gold Marble Vinyl) [VINYL]
B08WZL1QK6,Vinyl,114.19,https://www.amazon.sg/Staring-At-Clocks-Clear-Vinyl/dp/B08WZL1QK6/ref=sr_1_289?dib=eyJ2IjoiMSJ9.ndWLRBL0v3mlVKIlPGfVM6q_ORhBs1QK505uWwt2Akc0vRgQEE2JxyqJJ_C45CaVCnz7y9283SP4HI_uzmjzaw.F7E2ytNxWM56xJ0LqzEJ5VuqtbAuftaGfp2L8J1Gk0Y&dib_tag=se&m=A6PVCWOL6UP6Z&marketplaceID=A19VAU5U5O7RUS&qid=1776825413&refinements=p_36%3A11000-11500&s=merchant-items&sr=1-289&xpid=iY-TdMLWya18Y#customerReviews,Staring At The Clocks [Clear Vinyl]
B08WZBYZQY,Vinyl,110.38,https://www.amazon.sg/Another-Life-Hadda-Be/dp/B08WZBYZQY/ref=sr_1_290?dib=eyJ2IjoiMSJ9.ndWLRBL0v3mlVKIlPGfVM6q_ORhBs1QK505uWwt2Akc0vRgQEE2JxyqJJ_C45CaVCnz7y9283SP4HI_uzmjzaw.F7E2ytNxWM56xJ0LqzEJ5VuqtbAuftaGfp2L8J1Gk0Y&dib_tag=se&m=A6PVCWOL6UP6Z&marketplaceID=A19VAU5U5O7RUS&qid=1776825413&refinements=p_36%3A11000-11500&s=merchant-items&sr=1-290&xpid=iY-TdMLWya18Y#customerReviews,Another Life
B08WP95DQZ,Vinyl,114.19,https://www.amazon.sg/Blusens-Fasong-Gaute-Granli/dp/B08WP95DQZ/ref=sr_1_291?dib=eyJ2IjoiMSJ9.ndWLRBL0v3mlVKIlPGfVM6q_ORhBs1QK505uWwt2Akc0vRgQEE2JxyqJJ_C45CaVCnz7y9283SP4HI_uzmjzaw.F7E2ytNxWM56xJ0LqzEJ5VuqtbAuftaGfp2L8J1Gk0Y&dib_tag=se&m=A6PVCWOL6UP6Z&marketplaceID=A19VAU5U5O7RUS&qid=1776825413&refinements=p_36%3A11000-11500&s=merchant-items&sr=1-291&xpid=iY-TdMLWya18Y,Blusens Fasong
B08WJW8WPC,Vinyl,110.38,https://www.amazon.sg/Jesse-Aycock/dp/B08WJW8WPC/ref=sr_1_292?dib=eyJ2IjoiMSJ9.ndWLRBL0v3mlVKIlPGfVM6q_ORhBs1QK505uWwt2Akc0vRgQEE2JxyqJJ_C45CaVCnz7y9283SP4HI_uzmjzaw.F7E2ytNxWM56xJ0LqzEJ5VuqtbAuftaGfp2L8J1Gk0Y&dib_tag=se&m=A6PVCWOL6UP6Z&marketplaceID=A19VAU5U5O7RUS&qid=1776825413&refinements=p_36%3A11000-11500&s=merchant-items&sr=1-292&xpid=iY-TdMLWya18Y#customerReviews,Jesse Aycock
B08WJVMGG9,Vinyl,114.19,https://www.amazon.sg/Tales-New-West-Beat-Farmers/dp/B08WJVMGG9/ref=sr_1_293?dib=eyJ2IjoiMSJ9.ndWLRBL0v3mlVKIlPGfVM6q_ORhBs1QK505uWwt2Akc0vRgQEE2JxyqJJ_C45CaVCnz7y9283SP4HI_uzmjzaw.F7E2ytNxWM56xJ0LqzEJ5VuqtbAuftaGfp2L8J1Gk0Y&dib_tag=se&m=A6PVCWOL6UP6Z&marketplaceID=A19VAU5U5O7RUS&qid=1776825413&refinements=p_36%3A11000-11500&s=merchant-items&sr=1-293&xpid=iY-TdMLWya18Y#customerReviews,Tales Of The New West
B08VWYB12J,Vinyl,110.38,https://www.amazon.sg/Six-Road-Ends-Gracious-Losers/dp/B08VWYB12J/ref=sr_1_289?dib=eyJ2IjoiMSJ9.wX5N3ld-YD_GufL2FzoPb3koueRFwNF1iqINgnaheOowJQCxI8E6TlCMkLa4DyxFE0D8VZhnfvQXm2Yjp3yJUKlR5YFaWm7r9uUNR68loYMwjum_nLWcrRF7rjc5OBeJL5IsNONkVsRXtVnbUV-xYDn0mD4we6TzrecpAFj335E.alz_aE_3e-AwHLHoFaYOOGFX1KeGWmD2iOYqjH0m0V4&dib_tag=se&m=A6PVCWOL6UP6Z&marketplaceID=A19VAU5U5O7RUS&qid=1776825413&refinements=p_36%3A11000-11500&s=merchant-items&sr=1-289&xpid=iY-TdMLWya18Y#customerReviews,Six Road Ends
B08VCG6RR2,Vinyl,114.19,https://www.amazon.sg/Biased-Advice-EXEK/dp/B08VCG6RR2/ref=sr_1_290?dib=eyJ2IjoiMSJ9.wX5N3ld-YD_GufL2FzoPb3koueRFwNF1iqINgnaheOowJQCxI8E6TlCMkLa4DyxFE0D8VZhnfvQXm2Yjp3yJUKlR5YFaWm7r9uUNR68loYMwjum_nLWcrRF7rjc5OBeJL5IsNONkVsRXtVnbUV-xYDn0mD4we6TzrecpAFj335E.alz_aE_3e-AwHLHoFaYOOGFX1KeGWmD2iOYqjH0m0V4&dib_tag=se&m=A6PVCWOL6UP6Z&marketplaceID=A19VAU5U5O7RUS&qid=1776825413&refinements=p_36%3A11000-11500&s=merchant-items&sr=1-290&xpid=iY-TdMLWya18Y#customerReviews,Biased Advice
B08TZ7HLXT,Vinyl,114.19,https://www.amazon.sg/OH-Solid-Cream-Scarlet-Vinyl/dp/B08TZ7HLXT/ref=sr_1_291?dib=eyJ2IjoiMSJ9.wX5N3ld-YD_GufL2FzoPb3koueRFwNF1iqINgnaheOowJQCxI8E6TlCMkLa4DyxFE0D8VZhnfvQXm2Yjp3yJUKlR5YFaWm7r9uUNR68loYMwjum_nLWcrRF7rjc5OBeJL5IsNONkVsRXtVnbUV-xYDn0mD4we6TzrecpAFj335E.alz_aE_3e-AwHLHoFaYOOGFX1KeGWmD2iOYqjH0m0V4&dib_tag=se&m=A6PVCWOL6UP6Z&marketplaceID=A19VAU5U5O7RUS&qid=1776825413&refinements=p_36%3A11000-11500&s=merchant-items&sr=1-291&xpid=iY-TdMLWya18Y#customerReviews,OH NO (Solid Cream & Solid Scarlet Vinyl)
B08TZ3HWMF,Vinyl,110.38,https://www.amazon.sg/Not-Girl-12-inch-Analog/dp/B08TZ3HWMF/ref=sr_1_292?dib=eyJ2IjoiMSJ9.wX5N3ld-YD_GufL2FzoPb3koueRFwNF1iqINgnaheOowJQCxI8E6TlCMkLa4DyxFE0D8VZhnfvQXm2Yjp3yJUKlR5YFaWm7r9uUNR68loYMwjum_nLWcrRF7rjc5OBeJL5IsNONkVsRXtVnbUV-xYDn0mD4we6TzrecpAFj335E.alz_aE_3e-AwHLHoFaYOOGFX1KeGWmD2iOYqjH0m0V4&dib_tag=se&m=A6PVCWOL6UP6Z&marketplaceID=A19VAU5U5O7RUS&qid=1776825413&refinements=p_36%3A11000-11500&s=merchant-items&sr=1-292&xpid=iY-TdMLWya18Y#customerReviews,Not the Girl [12 inch Analog]
B08TQCY724,Vinyl,110.38,https://www.amazon.sg/Mirrors-Pupil-Slicer/dp/B08TQCY724/ref=sr_1_293?dib=eyJ2IjoiMSJ9.wX5N3ld-YD_GufL2FzoPb3koueRFwNF1iqINgnaheOowJQCxI8E6TlCMkLa4DyxFE0D8VZhnfvQXm2Yjp3yJUKlR5YFaWm7r9uUNR68loYMwjum_nLWcrRF7rjc5OBeJL5IsNONkVsRXtVnbUV-xYDn0mD4we6TzrecpAFj335E.alz_aE_3e-AwHLHoFaYOOGFX1KeGWmD2iOYqjH0m0V4&dib_tag=se&m=A6PVCWOL6UP6Z&marketplaceID=A19VAU5U5O7RUS&qid=1776825413&refinements=p_36%3A11000-11500&s=merchant-items&sr=1-293&xpid=iY-TdMLWya18Y#customerReviews,Mirrors
B08TGXTCVS,Vinyl,114.19,https://www.amazon.sg/Reverie-NEW-YORK-DISCO-ORCHESTRA/dp/B08TGXTCVS/ref=sr_1_294?dib=eyJ2IjoiMSJ9.wX5N3ld-YD_GufL2FzoPb3koueRFwNF1iqINgnaheOowJQCxI8E6TlCMkLa4DyxFE0D8VZhnfvQXm2Yjp3yJUKlR5YFaWm7r9uUNR68loYMwjum_nLWcrRF7rjc5OBeJL5IsNONkVsRXtVnbUV-xYDn0mD4we6TzrecpAFj335E.alz_aE_3e-AwHLHoFaYOOGFX1KeGWmD2iOYqjH0m0V4&dib_tag=se&m=A6PVCWOL6UP6Z&marketplaceID=A19VAU5U5O7RUS&qid=1776825413&refinements=p_36%3A11000-11500&s=merchant-items&sr=1-294&xpid=iY-TdMLWya18Y,Reverie
B08TFKP2N8,Vinyl,114.19,https://www.amazon.sg/Bring-Backs-VINYL-Alfa-Mist/dp/B08TFKP2N8/ref=sr_1_295?dib=eyJ2IjoiMSJ9.wX5N3ld-YD_GufL2FzoPb3koueRFwNF1iqINgnaheOowJQCxI8E6TlCMkLa4DyxFE0D8VZhnfvQXm2Yjp3yJUKlR5YFaWm7r9uUNR68loYMwjum_nLWcrRF7rjc5OBeJL5IsNONkVsRXtVnbUV-xYDn0mD4we6TzrecpAFj335E.alz_aE_3e-AwHLHoFaYOOGFX1KeGWmD2iOYqjH0m0V4&dib_tag=se&m=A6PVCWOL6UP6Z&marketplaceID=A19VAU5U5O7RUS&qid=1776825413&refinements=p_36%3A11000-11500&s=merchant-items&sr=1-295&xpid=iY-TdMLWya18Y#customerReviews,Bring Backs (LP) [VINYL]
B08T48HKV9,Vinyl,114.19,https://www.amazon.sg/Melanesia-Roberto-Musci/dp/B08T48HKV9/ref=sr_1_296?dib=eyJ2IjoiMSJ9.wX5N3ld-YD_GufL2FzoPb3koueRFwNF1iqINgnaheOowJQCxI8E6TlCMkLa4DyxFE0D8VZhnfvQXm2Yjp3yJUKlR5YFaWm7r9uUNR68loYMwjum_nLWcrRF7rjc5OBeJL5IsNONkVsRXtVnbUV-xYDn0mD4we6TzrecpAFj335E.alz_aE_3e-AwHLHoFaYOOGFX1KeGWmD2iOYqjH0m0V4&dib_tag=se&m=A6PVCWOL6UP6Z&marketplaceID=A19VAU5U5O7RUS&qid=1776825413&refinements=p_36%3A11000-11500&s=merchant-items&sr=1-296&xpid=iY-TdMLWya18Y,Melanesia
B08SB5567R,Vinyl,110.38,https://www.amazon.sg/Little-Less-Orange-Colored-Vinyl/dp/B08SB5567R/ref=sr_1_297?dib=eyJ2IjoiMSJ9.wX5N3ld-YD_GufL2FzoPb3koueRFwNF1iqINgnaheOowJQCxI8E6TlCMkLa4DyxFE0D8VZhnfvQXm2Yjp3yJUKlR5YFaWm7r9uUNR68loYMwjum_nLWcrRF7rjc5OBeJL5IsNONkVsRXtVnbUV-xYDn0mD4we6TzrecpAFj335E.alz_aE_3e-AwHLHoFaYOOGFX1KeGWmD2iOYqjH0m0V4&dib_tag=se&m=A6PVCWOL6UP6Z&marketplaceID=A19VAU5U5O7RUS&qid=1776825413&refinements=p_36%3A11000-11500&s=merchant-items&sr=1-297&xpid=iY-TdMLWya18Y#customerReviews,Little Less Fire [Orange Colored Vinyl]
B08S2YCHN4,Vinyl,110.38,https://www.amazon.sg/Die-Gruppe-Panik-Ja/dp/B08S2YCHN4/ref=sr_1_298?dib=eyJ2IjoiMSJ9.wX5N3ld-YD_GufL2FzoPb3koueRFwNF1iqINgnaheOowJQCxI8E6TlCMkLa4DyxFE0D8VZhnfvQXm2Yjp3yJUKlR5YFaWm7r9uUNR68loYMwjum_nLWcrRF7rjc5OBeJL5IsNONkVsRXtVnbUV-xYDn0mD4we6TzrecpAFj335E.alz_aE_3e-AwHLHoFaYOOGFX1KeGWmD2iOYqjH0m0V4&dib_tag=se&m=A6PVCWOL6UP6Z&marketplaceID=A19VAU5U5O7RUS&qid=1776825413&refinements=p_36%3A11000-11500&s=merchant-items&sr=1-298&xpid=iY-TdMLWya18Y#customerReviews,Die Gruppe
B08RKJJJMV,Vinyl,110.38,https://www.amazon.sg/2149-Sabled-Sun/dp/B08RKJJJMV/ref=sr_1_299?dib=eyJ2IjoiMSJ9.wX5N3ld-YD_GufL2FzoPb3koueRFwNF1iqINgnaheOowJQCxI8E6TlCMkLa4DyxFE0D8VZhnfvQXm2Yjp3yJUKlR5YFaWm7r9uUNR68loYMwjum_nLWcrRF7rjc5OBeJL5IsNONkVsRXtVnbUV-xYDn0mD4we6TzrecpAFj335E.alz_aE_3e-AwHLHoFaYOOGFX1KeGWmD2iOYqjH0m0V4&dib_tag=se&m=A6PVCWOL6UP6Z&marketplaceID=A19VAU5U5O7RUS&qid=1776825413&refinements=p_36%3A11000-11500&s=merchant-items&sr=1-299&xpid=iY-TdMLWya18Y#customerReviews,2149
B08QRVJ5N6,Vinyl,114.19,https://www.amazon.sg/Path-Wrath-Wolf-King/dp/B08QRVJ5N6/ref=sr_1_305?dib=eyJ2IjoiMSJ9.pGN884Vc6A1b5TJahRxhmjNf4dgz-DBv2a2TBM3zM-c.cFu18o6cyOEu95MbFgAlofnIUelg_sVr9B5EuV39oz8&dib_tag=se&m=A6PVCWOL6UP6Z&marketplaceID=A19VAU5U5O7RUS&qid=1776825417&refinements=p_36%3A11000-11500&s=merchant-items&sr=1-305&xpid=iY-TdMLWya18Y#customerReviews,The Path of Wrath
B08QBMH4J6,Vinyl,114.19,https://www.amazon.sg/Leap-Second-M-CAYE-CASTAGNETTO/dp/B08QBMH4J6/ref=sr_1_306?dib=eyJ2IjoiMSJ9.pGN884Vc6A1b5TJahRxhmjNf4dgz-DBv2a2TBM3zM-c.cFu18o6cyOEu95MbFgAlofnIUelg_sVr9B5EuV39oz8&dib_tag=se&m=A6PVCWOL6UP6Z&marketplaceID=A19VAU5U5O7RUS&qid=1776825417&refinements=p_36%3A11000-11500&s=merchant-items&sr=1-306&xpid=iY-TdMLWya18Y#customerReviews,Leap Second
