ASIN,Brand,Price,URL,Title
4768318169,Tankobon Softcover,87.75,https://www.amazon.sg/%E7%BE%8E%E5%A5%BD%E3%82%88%E3%81%97%E3%81%BF%E4%BD%9C%E5%93%81%E9%9B%86-ShowCase-%E7%BE%8E%E5%A5%BD-%E3%82%88%E3%81%97%E3%81%BF/dp/4768318169/ref=sr_1_1?dib=eyJ2IjoiMSJ9.PdA1OCucJhzKVvpp7AcQjIBHGe7XOjU8S8LnhaBEIP1zz0wat_vvcgG__qX71lq2OT9d2y9Bwf5bUsJ2PqylSPFOwXLLA9zLEEI6Q--eCAXgTM0VXjiKp0R8eB_AOAqeVFBrIFxRDw0TWfXPOabr_I7PI_Yk6Cjoj1yzMfTJO69qmKi80m6dJSS74QcoXE99i6tmgNUOJluFb5toDXvcPLL5f8BbxLlZ4W7KYeIg_4g.JeqigeUz0VOIeGXcO6lXNelN0KQujfno3MQzy2N2XU0&dib_tag=se&m=A6PVCWOL6UP6Z&marketplaceID=A19VAU5U5O7RUS&qid=1776824861&refinements=p_36%3A8500-9000&s=merchant-items&sr=1-1#customerReviews,美好よしみ作品集 ShowCase
4768318169,,,,
440104357X,Sheet music,87.04,https://www.amazon.sg/%E5%8E%9F%E6%9B%B2%E3%82%AD%E3%83%BC%EF%BC%86%E3%83%95%E3%83%AB%E3%82%B5%E3%82%A4%E3%82%BAver-%E3%81%A7%E5%BC%BE%E3%81%8F%E3%83%94%E3%82%A2%E3%83%8E%E3%83%BB%E3%82%BD%E3%83%AD-%E3%83%94%E3%82%A2%E3%83%8B%E3%82%B9%E3%83%88%E3%81%AE%E5%90%8D%E6%9B%B2%E9%9B%86/dp/440104357X/ref=sr_1_2?dib=eyJ2IjoiMSJ9.PdA1OCucJhzKVvpp7AcQjIBHGe7XOjU8S8LnhaBEIP1zz0wat_vvcgG__qX71lq2OT9d2y9Bwf5bUsJ2PqylSPFOwXLLA9zLEEI6Q--eCAXgTM0VXjiKp0R8eB_AOAqeVFBrIFxRDw0TWfXPOabr_I7PI_Yk6Cjoj1yzMfTJO69qmKi80m6dJSS74QcoXE99i6tmgNUOJluFb5toDXvcPLL5f8BbxLlZ4W7KYeIg_4g.JeqigeUz0VOIeGXcO6lXNelN0KQujfno3MQzy2N2XU0&dib_tag=se&m=A6PVCWOL6UP6Z&marketplaceID=A19VAU5U5O7RUS&qid=1776824861&refinements=p_36%3A8500-9000&s=merchant-items&sr=1-2#customerReviews,原曲キー＆フルサイズver.で弾くピアノ・ソロ　ピアニストの名曲集
440104357X,,,,
4388063592,Tankobon Hardcover,87.04,https://www.amazon.sg/%E3%82%AA%E3%83%BC%E3%83%96%E3%83%B3%E3%83%9F%E3%83%88%E3%83%B3-%E5%B0%8F%E5%B6%8B%E3%83%AB%E3%83%9F%E3%81%AE%E5%B0%8F%E4%BB%95%E8%BE%BC%E3%81%BF%E8%A3%BD%E8%8F%93%E3%83%86%E3%82%AF%E3%83%8B%E3%83%83%E3%82%AF-%E5%B0%8F%E3%83%AD%E3%83%83%E3%83%88%E3%81%A7%E3%81%A4%E3%81%8F%E3%82%8B%E3%81%8B%E3%82%89%E3%80%81%E5%86%B4%E3%81%88%E3%82%8B%E6%8A%80%E3%80%81%E6%89%8B%E4%BB%95%E4%BA%8B%E3%81%AE%E5%91%B3-%E5%B0%8F%E5%B6%8B-%E3%83%AB%E3%83%9F/dp/4388063592/ref=sr_1_3?dib=eyJ2IjoiMSJ9.PdA1OCucJhzKVvpp7AcQjIBHGe7XOjU8S8LnhaBEIP1zz0wat_vvcgG__qX71lq2OT9d2y9Bwf5bUsJ2PqylSPFOwXLLA9zLEEI6Q--eCAXgTM0VXjiKp0R8eB_AOAqeVFBrIFxRDw0TWfXPOabr_I7PI_Yk6Cjoj1yzMfTJO69qmKi80m6dJSS74QcoXE99i6tmgNUOJluFb5toDXvcPLL5f8BbxLlZ4W7KYeIg_4g.JeqigeUz0VOIeGXcO6lXNelN0KQujfno3MQzy2N2XU0&dib_tag=se&m=A6PVCWOL6UP6Z&marketplaceID=A19VAU5U5O7RUS&qid=1776824861&refinements=p_36%3A8500-9000&s=merchant-items&sr=1-3#customerReviews,オーブンミトン 小嶋ルミの小仕込み製菓テクニック: 小ロットでつくるから、冴える技、手仕事の味
4388063592,,,,
4775317326,JP Oversized,87.75,https://www.amazon.sg/Armed-High-School-Girl-Japanese/dp/4775317326/ref=sr_1_4?dib=eyJ2IjoiMSJ9.PdA1OCucJhzKVvpp7AcQjIBHGe7XOjU8S8LnhaBEIP1zz0wat_vvcgG__qX71lq2OT9d2y9Bwf5bUsJ2PqylSPFOwXLLA9zLEEI6Q--eCAXgTM0VXjiKp0R8eB_AOAqeVFBrIFxRDw0TWfXPOabr_I7PI_Yk6Cjoj1yzMfTJO69qmKi80m6dJSS74QcoXE99i6tmgNUOJluFb5toDXvcPLL5f8BbxLlZ4W7KYeIg_4g.JeqigeUz0VOIeGXcO6lXNelN0KQujfno3MQzy2N2XU0&dib_tag=se&m=A6PVCWOL6UP6Z&marketplaceID=A19VAU5U5O7RUS&qid=1776824861&refinements=p_36%3A8500-9000&s=merchant-items&sr=1-4#customerReviews,Armed High School Girl: daito's Art Book (Japanese Edition)
4775317326,,,,
4385139628,Tankobon Hardcover,89.65,https://www.amazon.sg/%E4%B8%89%E7%9C%81%E5%A0%82-%E4%BE%8B%E8%A7%A3%E5%B0%8F%E5%AD%A6%E5%9B%BD%E8%AA%9E%E8%BE%9E%E5%85%B8-%E7%AC%AC%E5%85%AB%E7%89%88-%E3%82%AA%E3%83%B3%E3%83%A9%E3%82%A4%E3%83%B3%E8%BE%9E%E6%9B%B8%E3%81%A4%E3%81%8D-%E3%82%AA%E3%83%BC%E3%83%AB%E3%82%AB%E3%83%A9%E3%83%BC/dp/4385139628/ref=sr_1_5?dib=eyJ2IjoiMSJ9.PdA1OCucJhzKVvpp7AcQjIBHGe7XOjU8S8LnhaBEIP1zz0wat_vvcgG__qX71lq2OT9d2y9Bwf5bUsJ2PqylSPFOwXLLA9zLEEI6Q--eCAXgTM0VXjiKp0R8eB_AOAqeVFBrIFxRDw0TWfXPOabr_I7PI_Yk6Cjoj1yzMfTJO69qmKi80m6dJSS74QcoXE99i6tmgNUOJluFb5toDXvcPLL5f8BbxLlZ4W7KYeIg_4g.JeqigeUz0VOIeGXcO6lXNelN0KQujfno3MQzy2N2XU0&dib_tag=se&m=A6PVCWOL6UP6Z&marketplaceID=A19VAU5U5O7RUS&qid=1776824861&refinements=p_36%3A8500-9000&s=merchant-items&sr=1-5#customerReviews,三省堂 例解小学国語辞典 第八版 オンライン辞書つき オールカラー
4385139628,,,,
4384054629,Tankobon Softcover,85.13,https://www.amazon.sg/%E8%8B%B1%E8%AA%9E%E5%96%89-50%E3%81%AE%E3%83%A1%E3%82%BD%E3%83%83%E3%83%89-CD%E4%BB%98-Kazuaki-Uekawa/dp/4384054629/ref=sr_1_6?dib=eyJ2IjoiMSJ9.PdA1OCucJhzKVvpp7AcQjIBHGe7XOjU8S8LnhaBEIP1zz0wat_vvcgG__qX71lq2OT9d2y9Bwf5bUsJ2PqylSPFOwXLLA9zLEEI6Q--eCAXgTM0VXjiKp0R8eB_AOAqeVFBrIFxRDw0TWfXPOabr_I7PI_Yk6Cjoj1yzMfTJO69qmKi80m6dJSS74QcoXE99i6tmgNUOJluFb5toDXvcPLL5f8BbxLlZ4W7KYeIg_4g.JeqigeUz0VOIeGXcO6lXNelN0KQujfno3MQzy2N2XU0&dib_tag=se&m=A6PVCWOL6UP6Z&marketplaceID=A19VAU5U5O7RUS&qid=1776824861&refinements=p_36%3A8500-9000&s=merchant-items&sr=1-6#customerReviews,英語喉 50のメソッド(CD付)
4384054629,,,,
4636112261,Tankobon Hardcover,87.75,https://www.amazon.sg/%E3%83%91%E3%83%87%E3%83%AC%E3%83%95%E3%82%B9%E3%82%AD%E7%B7%A8-%E3%82%B7%E3%83%A7%E3%83%91%E3%83%B3%E5%85%A8%E9%9B%86-I-%E3%83%97%E3%83%AC%E3%83%AA%E3%83%A5%E3%83%BC%E3%83%89-1/dp/4636112261/ref=sr_1_7?dib=eyJ2IjoiMSJ9.PdA1OCucJhzKVvpp7AcQjIBHGe7XOjU8S8LnhaBEIP1zz0wat_vvcgG__qX71lq2OT9d2y9Bwf5bUsJ2PqylSPFOwXLLA9zLEEI6Q--eCAXgTM0VXjiKp0R8eB_AOAqeVFBrIFxRDw0TWfXPOabr_I7PI_Yk6Cjoj1yzMfTJO69qmKi80m6dJSS74QcoXE99i6tmgNUOJluFb5toDXvcPLL5f8BbxLlZ4W7KYeIg_4g.JeqigeUz0VOIeGXcO6lXNelN0KQujfno3MQzy2N2XU0&dib_tag=se&m=A6PVCWOL6UP6Z&marketplaceID=A19VAU5U5O7RUS&qid=1776824861&refinements=p_36%3A8500-9000&s=merchant-items&sr=1-7#customerReviews,パデレフスキ編 ショパン全集 I プレリュード: 1
4636112261,,,,
4473042901,Paperback,87.04,https://www.amazon.sg/Urasenke-Tea-Procedure-Guidebook-Koicha/dp/4473042901/ref=sr_1_8?dib=eyJ2IjoiMSJ9.PdA1OCucJhzKVvpp7AcQjIBHGe7XOjU8S8LnhaBEIP1zz0wat_vvcgG__qX71lq2OT9d2y9Bwf5bUsJ2PqylSPFOwXLLA9zLEEI6Q--eCAXgTM0VXjiKp0R8eB_AOAqeVFBrIFxRDw0TWfXPOabr_I7PI_Yk6Cjoj1yzMfTJO69qmKi80m6dJSS74QcoXE99i6tmgNUOJluFb5toDXvcPLL5f8BbxLlZ4W7KYeIg_4g.JeqigeUz0VOIeGXcO6lXNelN0KQujfno3MQzy2N2XU0&dib_tag=se&m=A6PVCWOL6UP6Z&marketplaceID=A19VAU5U5O7RUS&qid=1776824861&refinements=p_36%3A8500-9000&s=merchant-items&sr=1-8#customerReviews,Urasenke Tea Procedure Guidebook 3 Koicha Tea Procedure: 1
4473042901,,,,
4065370833,JP Oversized,88.94,https://www.amazon.sg/VOCE%E5%8D%98%E8%A1%8C%E6%9C%AC-%E4%BB%AE-%E4%B8%89%E7%93%B6-%E5%BA%B7%E5%8F%8B/dp/4065370833/ref=sr_1_9?dib=eyJ2IjoiMSJ9.PdA1OCucJhzKVvpp7AcQjIBHGe7XOjU8S8LnhaBEIP1zz0wat_vvcgG__qX71lq2OT9d2y9Bwf5bUsJ2PqylSPFOwXLLA9zLEEI6Q--eCAXgTM0VXjiKp0R8eB_AOAqeVFBrIFxRDw0TWfXPOabr_I7PI_Yk6Cjoj1yzMfTJO69qmKi80m6dJSS74QcoXE99i6tmgNUOJluFb5toDXvcPLL5f8BbxLlZ4W7KYeIg_4g.JeqigeUz0VOIeGXcO6lXNelN0KQujfno3MQzy2N2XU0&dib_tag=se&m=A6PVCWOL6UP6Z&marketplaceID=A19VAU5U5O7RUS&qid=1776824861&refinements=p_36%3A8500-9000&s=merchant-items&sr=1-9#customerReviews,VOCE単行本(仮)
4065370833,,,,
4388063800,Tankobon Hardcover,87.75,https://www.amazon.sg/%E3%83%89%E3%83%BC%E3%83%8A%E3%83%84%E3%83%96%E3%83%83%E3%82%AF-%E3%83%89%E3%83%BC%E3%83%8A%E3%83%84%E5%B0%82%E9%96%80%E5%BA%97%E3%81%AE%E3%83%AC%E3%82%B7%E3%83%94%E3%81%A8%E5%BA%97%E3%81%A5%E3%81%8F%E3%82%8A%E3%80%81%E3%83%99%E3%83%BC%E3%82%AB%E3%83%AA%E3%83%BC-%E3%83%91%E3%83%86%E3%82%A3%E3%82%B9%E3%83%AA%E3%83%BC%E3%81%AE%E3%82%B9%E3%83%9A%E3%82%B7%E3%83%A3%E3%83%AB%E3%83%89%E3%83%BC%E3%83%8A%E3%83%84/dp/4388063800/ref=sr_1_10?dib=eyJ2IjoiMSJ9.PdA1OCucJhzKVvpp7AcQjIBHGe7XOjU8S8LnhaBEIP1zz0wat_vvcgG__qX71lq2OT9d2y9Bwf5bUsJ2PqylSPFOwXLLA9zLEEI6Q--eCAXgTM0VXjiKp0R8eB_AOAqeVFBrIFxRDw0TWfXPOabr_I7PI_Yk6Cjoj1yzMfTJO69qmKi80m6dJSS74QcoXE99i6tmgNUOJluFb5toDXvcPLL5f8BbxLlZ4W7KYeIg_4g.JeqigeUz0VOIeGXcO6lXNelN0KQujfno3MQzy2N2XU0&dib_tag=se&m=A6PVCWOL6UP6Z&marketplaceID=A19VAU5U5O7RUS&qid=1776824861&refinements=p_36%3A8500-9000&s=merchant-items&sr=1-10#customerReviews,ドーナツブック: ドーナツ専門店のレシピと店づくり、ベーカリー&パティスリーのスペシャルドーナツ
4388063800,,,,
4906725317,Tankobon Softcover,89.84,https://www.amazon.sg/%E4%B8%AD%E5%9B%BD%E8%AA%9E%E6%A4%9C%E5%AE%9AHSK%E5%85%AC%E8%AA%8D%E3%83%86%E3%82%AD%E3%82%B9%E3%83%882%E7%B4%9A-%E6%94%B9%E8%A8%82%E7%89%88-%E9%9F%B3%E5%A3%B0DL%E4%BB%98-%E5%AE%AE%E5%B2%B8-%E9%9B%84%E4%BB%8B/dp/4906725317/ref=sr_1_11?dib=eyJ2IjoiMSJ9.PdA1OCucJhzKVvpp7AcQjIBHGe7XOjU8S8LnhaBEIP1zz0wat_vvcgG__qX71lq2OT9d2y9Bwf5bUsJ2PqylSPFOwXLLA9zLEEI6Q--eCAXgTM0VXjiKp0R8eB_AOAqeVFBrIFxRDw0TWfXPOabr_I7PI_Yk6Cjoj1yzMfTJO69qmKi80m6dJSS74QcoXE99i6tmgNUOJluFb5toDXvcPLL5f8BbxLlZ4W7KYeIg_4g.JeqigeUz0VOIeGXcO6lXNelN0KQujfno3MQzy2N2XU0&dib_tag=se&m=A6PVCWOL6UP6Z&marketplaceID=A19VAU5U5O7RUS&qid=1776824861&refinements=p_36%3A8500-9000&s=merchant-items&sr=1-11#customerReviews,中国語検定HSK公認テキスト2級 改訂版 [音声DL付]
4906725317,,,,
4344792165,Tankobon Hardcover,85.13,https://www.amazon.sg/%E6%97%A5%E6%9C%AC%E3%81%AE%E6%AD%B4%E5%8F%B2%E3%81%99%E3%81%94%E3%82%8D%E3%81%8F-%E3%83%90%E3%83%A9%E3%82%A8%E3%83%86%E3%82%A3-%E4%BC%8A%E8%97%A4%E8%B3%80%E4%B8%80/dp/4344792165/ref=sr_1_12?dib=eyJ2IjoiMSJ9.PdA1OCucJhzKVvpp7AcQjIBHGe7XOjU8S8LnhaBEIP1zz0wat_vvcgG__qX71lq2OT9d2y9Bwf5bUsJ2PqylSPFOwXLLA9zLEEI6Q--eCAXgTM0VXjiKp0R8eB_AOAqeVFBrIFxRDw0TWfXPOabr_I7PI_Yk6Cjoj1yzMfTJO69qmKi80m6dJSS74QcoXE99i6tmgNUOJluFb5toDXvcPLL5f8BbxLlZ4W7KYeIg_4g.JeqigeUz0VOIeGXcO6lXNelN0KQujfno3MQzy2N2XU0&dib_tag=se&m=A6PVCWOL6UP6Z&marketplaceID=A19VAU5U5O7RUS&qid=1776824861&refinements=p_36%3A8500-9000&s=merchant-items&sr=1-12,日本の歴史すごろく ([バラエティ])
4344792165,,,,
4473041786,Paperback,87.04,https://www.amazon.sg/Urasenke-Procedure-Guidebook-Introductory-Level/dp/4473041786/ref=sr_1_13?dib=eyJ2IjoiMSJ9.PdA1OCucJhzKVvpp7AcQjIBHGe7XOjU8S8LnhaBEIP1zz0wat_vvcgG__qX71lq2OT9d2y9Bwf5bUsJ2PqylSPFOwXLLA9zLEEI6Q--eCAXgTM0VXjiKp0R8eB_AOAqeVFBrIFxRDw0TWfXPOabr_I7PI_Yk6Cjoj1yzMfTJO69qmKi80m6dJSS74QcoXE99i6tmgNUOJluFb5toDXvcPLL5f8BbxLlZ4W7KYeIg_4g.JeqigeUz0VOIeGXcO6lXNelN0KQujfno3MQzy2N2XU0&dib_tag=se&m=A6PVCWOL6UP6Z&marketplaceID=A19VAU5U5O7RUS&qid=1776824861&refinements=p_36%3A8500-9000&s=merchant-items&sr=1-13#customerReviews,Urasenke Tea Procedure Guidebook 1 Introductory Level
4473041786,,,,
4817022159,Tankobon Softcover,85.13,https://www.amazon.sg/%E3%82%8B%E3%81%8D%E3%81%A1%E4%BD%9C%E5%93%81%E9%9B%86-%E7%A9%BA%E6%83%B3%E4%B8%96%E7%95%8C%E3%81%AE%E3%82%82%E3%81%A1%E3%82%82%E3%81%AE%EF%BC%88%E8%A8%AD%E5%AE%9A%E8%B3%87%E6%96%99%E9%9B%86%EF%BC%89-%E3%82%8B%E3%81%8D%E3%81%A1/dp/4817022159/ref=sr_1_14?dib=eyJ2IjoiMSJ9.PdA1OCucJhzKVvpp7AcQjIBHGe7XOjU8S8LnhaBEIP1zz0wat_vvcgG__qX71lq2OT9d2y9Bwf5bUsJ2PqylSPFOwXLLA9zLEEI6Q--eCAXgTM0VXjiKp0R8eB_AOAqeVFBrIFxRDw0TWfXPOabr_I7PI_Yk6Cjoj1yzMfTJO69qmKi80m6dJSS74QcoXE99i6tmgNUOJluFb5toDXvcPLL5f8BbxLlZ4W7KYeIg_4g.JeqigeUz0VOIeGXcO6lXNelN0KQujfno3MQzy2N2XU0&dib_tag=se&m=A6PVCWOL6UP6Z&marketplaceID=A19VAU5U5O7RUS&qid=1776824861&refinements=p_36%3A8500-9000&s=merchant-items&sr=1-14#customerReviews,るきち作品集 空想世界のもちもの（設定資料集）
4817022159,,,,
4325266658,Tankobon Softcover,85.13,https://www.amazon.sg/%E4%BA%AC%E5%A4%A7%E3%81%AE%E7%8F%BE%E4%BB%A3%E6%96%8725%E3%82%AB%E5%B9%B4-%E7%AC%AC3%E7%89%88/dp/4325266658/ref=sr_1_15?dib=eyJ2IjoiMSJ9.PdA1OCucJhzKVvpp7AcQjIBHGe7XOjU8S8LnhaBEIP1zz0wat_vvcgG__qX71lq2OT9d2y9Bwf5bUsJ2PqylSPFOwXLLA9zLEEI6Q--eCAXgTM0VXjiKp0R8eB_AOAqeVFBrIFxRDw0TWfXPOabr_I7PI_Yk6Cjoj1yzMfTJO69qmKi80m6dJSS74QcoXE99i6tmgNUOJluFb5toDXvcPLL5f8BbxLlZ4W7KYeIg_4g.JeqigeUz0VOIeGXcO6lXNelN0KQujfno3MQzy2N2XU0&dib_tag=se&m=A6PVCWOL6UP6Z&marketplaceID=A19VAU5U5O7RUS&qid=1776824861&refinements=p_36%3A8500-9000&s=merchant-items&sr=1-15#customerReviews,京大の現代文25カ年[第3版]
4325266658,,,,
4384061528,Tankobon Hardcover,85.13,https://www.amazon.sg/%E6%94%B9%E8%A8%82%E7%89%88-%E8%8B%B1%E8%AA%9E%E3%81%A7%E8%A9%B1%E3%81%99%E5%8A%9B%E3%80%82-141%E3%81%AE%E3%82%B5%E3%83%B3%E3%83%97%E3%83%AB%E3%83%BB%E3%82%B9%E3%83%94%E3%83%BC%E3%83%81%E3%81%A7%E9%8D%9B%E3%81%88%E3%82%8B-%E9%95%B7%E5%B0%BE%E5%92%8C%E5%A4%AB/dp/4384061528/ref=sr_1_16?dib=eyJ2IjoiMSJ9.PdA1OCucJhzKVvpp7AcQjIBHGe7XOjU8S8LnhaBEIP1zz0wat_vvcgG__qX71lq2OT9d2y9Bwf5bUsJ2PqylSPFOwXLLA9zLEEI6Q--eCAXgTM0VXjiKp0R8eB_AOAqeVFBrIFxRDw0TWfXPOabr_I7PI_Yk6Cjoj1yzMfTJO69qmKi80m6dJSS74QcoXE99i6tmgNUOJluFb5toDXvcPLL5f8BbxLlZ4W7KYeIg_4g.JeqigeUz0VOIeGXcO6lXNelN0KQujfno3MQzy2N2XU0&dib_tag=se&m=A6PVCWOL6UP6Z&marketplaceID=A19VAU5U5O7RUS&qid=1776824861&refinements=p_36%3A8500-9000&s=merchant-items&sr=1-16#customerReviews,改訂版 英語で話す力。: 141のサンプル・スピーチで鍛える!
4384061528,,,,
4909025774,Tankobon Hardcover,87.75,https://www.amazon.sg/%E3%83%94%E3%82%A2%E3%81%A7%E5%AD%A6%E3%81%B6%E6%97%A5%E6%9C%AC%E8%AA%9E%E4%BC%9A%E8%A9%B1-%E6%97%A5%E6%9C%AC%E8%AA%9E%E3%81%AE%E7%9F%A5%E8%AD%98%E3%82%92%E8%A9%B1%E3%81%99%E5%8A%9B%E3%81%AB-%E6%B4%BB%E5%8B%95260-%E5%88%9D%E7%B4%9A-%E4%B8%AD%E7%B4%9A-%E8%A1%8C%E7%9F%A5%E5%AD%A6%E5%9C%92%E6%95%99%E8%82%B2%E5%8F%A2%E6%9B%B8/dp/4909025774/ref=sr_1_17?dib=eyJ2IjoiMSJ9.V2837F8zUD4nNXqWjRl5TDWCQyw-VTugl6Vij4-7DPydCayTFp8pQcAyhhKychzjNB-zM9_HMlhrnCQKmKGNuVomzI7rJ0WYwQu9U-YzatWKtV-UdOLdOJkWS97vsLAutS_mZnmgzOLg3RMv1VeAKs2rCE3j4GFFiz-lyCphUxCPZmy9d3XLLk_XRQKBUsb5--JgVskAzkMo7ErlSa-sqzldpvkEciAfqNutD2kO2hI.pThoPVC0IpnM88EA6pd4-zIbs9L2OMaEBRbNCMoU-hM&dib_tag=se&m=A6PVCWOL6UP6Z&marketplaceID=A19VAU5U5O7RUS&qid=1776824869&refinements=p_36%3A8500-9000&s=merchant-items&sr=1-17&xpid=IvnStguvduseA#customerReviews,ピアで学ぶ日本語会話 -日本語の知識を話す力に- 活動260 初級~中級 (行知学園教育叢書)
4909025774,,,,
4591185427,Tankobon Hardcover,87.75,https://www.amazon.sg/%E3%83%88%E3%83%9F%E3%82%AB%E8%B6%85%E5%9B%B3%E9%91%91%E3%83%8F%E3%82%A4%E3%83%91%E3%83%BC-%E5%8D%98%E8%A1%8C%E6%9C%AC-559-%EF%BC%88%E6%A0%AA%EF%BC%89%E3%82%BF%E3%82%AB%E3%83%A9%E3%83%88%E3%83%9F%E3%83%BC/dp/4591185427/ref=sr_1_18?dib=eyJ2IjoiMSJ9.V2837F8zUD4nNXqWjRl5TDWCQyw-VTugl6Vij4-7DPydCayTFp8pQcAyhhKychzjNB-zM9_HMlhrnCQKmKGNuVomzI7rJ0WYwQu9U-YzatWKtV-UdOLdOJkWS97vsLAutS_mZnmgzOLg3RMv1VeAKs2rCE3j4GFFiz-lyCphUxCPZmy9d3XLLk_XRQKBUsb5--JgVskAzkMo7ErlSa-sqzldpvkEciAfqNutD2kO2hI.pThoPVC0IpnM88EA6pd4-zIbs9L2OMaEBRbNCMoU-hM&dib_tag=se&m=A6PVCWOL6UP6Z&marketplaceID=A19VAU5U5O7RUS&qid=1776824869&refinements=p_36%3A8500-9000&s=merchant-items&sr=1-18&xpid=IvnStguvduseA#customerReviews,トミカ超図鑑ハイパー (単行本): 559
4591185427,,,,
4295205494,Paperback,87.75,https://www.amazon.sg/%E7%A9%BA%E6%83%B3%E5%BA%97%E6%A7%8B%E3%81%88-%E3%83%9E%E3%83%86%E3%82%A6%E3%82%B7%E3%83%A5%E3%83%BB%E3%82%A6%E3%83%AB%E3%83%90%E3%83%8E%E3%83%B4%E3%82%A3%E3%83%81%E4%BD%9C%E5%93%81%E9%9B%86%E2%85%A2-%E3%80%88%E3%80%8E%E6%9D%B1%E4%BA%AC%E5%BA%97%E6%A7%8B%E3%81%88%E3%80%8F%E3%80%8E%E6%9D%B1%E4%BA%AC%E5%A4%9C%E8%A1%8C%E3%80%8F%E3%81%AB%E7%B6%9A%E3%81%8F%E3%80%81%E5%BE%85%E6%9C%9B%E3%81%AE%E3%82%A4%E3%83%A9%E3%82%B9%E3%83%88%E4%BD%9C%E5%93%81%E9%9B%86%E7%AC%AC3%E5%BC%BE%EF%BC%81%EF%BC%81%E3%80%89-%E3%83%9E%E3%83%86%E3%82%A6%E3%82%B7%E3%83%A5%E3%83%BB%E3%82%A6%E3%83%AB%E3%83%90%E3%83%8E%E3%83%B4%E3%82%A3%E3%83%81/dp/4295205494/ref=sr_1_19?dib=eyJ2IjoiMSJ9.V2837F8zUD4nNXqWjRl5TDWCQyw-VTugl6Vij4-7DPydCayTFp8pQcAyhhKychzjNB-zM9_HMlhrnCQKmKGNuVomzI7rJ0WYwQu9U-YzatWKtV-UdOLdOJkWS97vsLAutS_mZnmgzOLg3RMv1VeAKs2rCE3j4GFFiz-lyCphUxCPZmy9d3XLLk_XRQKBUsb5--JgVskAzkMo7ErlSa-sqzldpvkEciAfqNutD2kO2hI.pThoPVC0IpnM88EA6pd4-zIbs9L2OMaEBRbNCMoU-hM&dib_tag=se&m=A6PVCWOL6UP6Z&marketplaceID=A19VAU5U5O7RUS&qid=1776824869&refinements=p_36%3A8500-9000&s=merchant-items&sr=1-19&xpid=IvnStguvduseA#customerReviews,空想店構え　マテウシュ・ウルバノヴィチ作品集Ⅲ 〈『東京店構え』『東京夜行』に続く、待望のイラスト作品集第3弾！！〉
4295205494,,,,
4867460370,Tankobon Hardcover,87.04,https://www.amazon.sg/2024%E5%B9%B4%E5%BA%A6-%E6%97%A5%E6%9C%AC%E7%95%99%E5%AD%A6%E8%A9%A6%E9%A8%93-%E8%A9%A6%E9%A8%93%E5%95%8F%E9%A1%8C/dp/4867460370/ref=sr_1_20?dib=eyJ2IjoiMSJ9.V2837F8zUD4nNXqWjRl5TDWCQyw-VTugl6Vij4-7DPydCayTFp8pQcAyhhKychzjNB-zM9_HMlhrnCQKmKGNuVomzI7rJ0WYwQu9U-YzatWKtV-UdOLdOJkWS97vsLAutS_mZnmgzOLg3RMv1VeAKs2rCE3j4GFFiz-lyCphUxCPZmy9d3XLLk_XRQKBUsb5--JgVskAzkMo7ErlSa-sqzldpvkEciAfqNutD2kO2hI.pThoPVC0IpnM88EA6pd4-zIbs9L2OMaEBRbNCMoU-hM&dib_tag=se&m=A6PVCWOL6UP6Z&marketplaceID=A19VAU5U5O7RUS&qid=1776824869&refinements=p_36%3A8500-9000&s=merchant-items&sr=1-20&xpid=IvnStguvduseA#customerReviews,2024年度 日本留学試験 試験問題
4867460370,,,,
4766136462,Tankobon Softcover,87.04,https://www.amazon.sg/%E5%90%89%E5%AF%8C%E6%98%AD%E4%BB%81-%E3%82%AD%E3%83%A3%E3%83%A9%E3%82%AF%E3%82%BF%E3%83%BC%E3%82%B9%E3%82%B1%E3%83%83%E3%83%81-10Years-%E5%90%89%E5%AF%8C-%E6%98%AD%E4%BB%81/dp/4766136462/ref=sr_1_21?dib=eyJ2IjoiMSJ9.V2837F8zUD4nNXqWjRl5TDWCQyw-VTugl6Vij4-7DPydCayTFp8pQcAyhhKychzjNB-zM9_HMlhrnCQKmKGNuVomzI7rJ0WYwQu9U-YzatWKtV-UdOLdOJkWS97vsLAutS_mZnmgzOLg3RMv1VeAKs2rCE3j4GFFiz-lyCphUxCPZmy9d3XLLk_XRQKBUsb5--JgVskAzkMo7ErlSa-sqzldpvkEciAfqNutD2kO2hI.pThoPVC0IpnM88EA6pd4-zIbs9L2OMaEBRbNCMoU-hM&dib_tag=se&m=A6PVCWOL6UP6Z&marketplaceID=A19VAU5U5O7RUS&qid=1776824869&refinements=p_36%3A8500-9000&s=merchant-items&sr=1-21&xpid=IvnStguvduseA#customerReviews,吉富昭仁 キャラクタースケッチ 10Years
4766136462,,,,
4768307779,Tankobon Hardcover,85.13,https://www.amazon.sg/Rakugaki-Notes-Eisaku-Kubonouchi/dp/4768307779/ref=sr_1_22?dib=eyJ2IjoiMSJ9.V2837F8zUD4nNXqWjRl5TDWCQyw-VTugl6Vij4-7DPydCayTFp8pQcAyhhKychzjNB-zM9_HMlhrnCQKmKGNuVomzI7rJ0WYwQu9U-YzatWKtV-UdOLdOJkWS97vsLAutS_mZnmgzOLg3RMv1VeAKs2rCE3j4GFFiz-lyCphUxCPZmy9d3XLLk_XRQKBUsb5--JgVskAzkMo7ErlSa-sqzldpvkEciAfqNutD2kO2hI.pThoPVC0IpnM88EA6pd4-zIbs9L2OMaEBRbNCMoU-hM&dib_tag=se&m=A6PVCWOL6UP6Z&marketplaceID=A19VAU5U5O7RUS&qid=1776824869&refinements=p_36%3A8500-9000&s=merchant-items&sr=1-22&xpid=IvnStguvduseA#customerReviews,Rakugaki Notes
4768307779,,,,
4296116193,Tankobon Hardcover,85.13,https://www.amazon.sg/%E3%81%BE%E3%81%9A%E3%80%81%E3%83%AB%E3%83%BC%E3%83%AB%E3%82%92%E7%A0%B4%E3%82%8C-%E6%96%B0%E7%89%88-%E3%81%99%E3%81%90%E3%82%8C%E3%81%9F%E3%83%9E%E3%83%8D%E3%82%B8%E3%83%A3%E3%83%BC%E3%81%AF%E3%81%93%E3%81%93%E3%81%8C%E9%81%95%E3%81%86-%E3%82%AE%E3%83%A3%E3%83%A9%E3%83%83%E3%83%97/dp/4296116193/ref=sr_1_23?dib=eyJ2IjoiMSJ9.V2837F8zUD4nNXqWjRl5TDWCQyw-VTugl6Vij4-7DPydCayTFp8pQcAyhhKychzjNB-zM9_HMlhrnCQKmKGNuVomzI7rJ0WYwQu9U-YzatWKtV-UdOLdOJkWS97vsLAutS_mZnmgzOLg3RMv1VeAKs2rCE3j4GFFiz-lyCphUxCPZmy9d3XLLk_XRQKBUsb5--JgVskAzkMo7ErlSa-sqzldpvkEciAfqNutD2kO2hI.pThoPVC0IpnM88EA6pd4-zIbs9L2OMaEBRbNCMoU-hM&dib_tag=se&m=A6PVCWOL6UP6Z&marketplaceID=A19VAU5U5O7RUS&qid=1776824869&refinements=p_36%3A8500-9000&s=merchant-items&sr=1-23&xpid=IvnStguvduseA#customerReviews,まず、ルールを破れ　新版 すぐれたマネジャーはここが違う
4296116193,,,,
4837308554,JP Oversized,85.13,https://www.amazon.sg/%E4%B8%80%E4%BA%BA%E6%97%85%E7%A0%94%E7%A9%B6%E4%BC%9A-%E3%83%8E%E3%82%B9%E3%82%BF%E3%83%AB%E3%82%B8%E3%83%83%E3%82%AF%E5%86%99%E7%9C%9F%E9%9B%86/dp/4837308554/ref=sr_1_24?dib=eyJ2IjoiMSJ9.V2837F8zUD4nNXqWjRl5TDWCQyw-VTugl6Vij4-7DPydCayTFp8pQcAyhhKychzjNB-zM9_HMlhrnCQKmKGNuVomzI7rJ0WYwQu9U-YzatWKtV-UdOLdOJkWS97vsLAutS_mZnmgzOLg3RMv1VeAKs2rCE3j4GFFiz-lyCphUxCPZmy9d3XLLk_XRQKBUsb5--JgVskAzkMo7ErlSa-sqzldpvkEciAfqNutD2kO2hI.pThoPVC0IpnM88EA6pd4-zIbs9L2OMaEBRbNCMoU-hM&dib_tag=se&m=A6PVCWOL6UP6Z&marketplaceID=A19VAU5U5O7RUS&qid=1776824869&refinements=p_36%3A8500-9000&s=merchant-items&sr=1-24&xpid=IvnStguvduseA#customerReviews,一人旅研究会 ノスタルジック写真集
4837308554,,,,
4756253687,Tankobon Softcover,89.65,https://www.amazon.sg/JAPANISM-_%E4%B8%96%E7%95%8C%E3%81%AB%E4%BC%9D%E3%81%88%E3%81%9F%E3%81%84%E3%80%81%E6%97%A5%E6%9C%AC%E7%BE%8E%E6%99%AF_-%E5%B1%B1%E7%94%B0%E6%82%A0%E4%BA%BA/dp/4756253687/ref=sr_1_25?dib=eyJ2IjoiMSJ9.V2837F8zUD4nNXqWjRl5TDWCQyw-VTugl6Vij4-7DPydCayTFp8pQcAyhhKychzjNB-zM9_HMlhrnCQKmKGNuVomzI7rJ0WYwQu9U-YzatWKtV-UdOLdOJkWS97vsLAutS_mZnmgzOLg3RMv1VeAKs2rCE3j4GFFiz-lyCphUxCPZmy9d3XLLk_XRQKBUsb5--JgVskAzkMo7ErlSa-sqzldpvkEciAfqNutD2kO2hI.pThoPVC0IpnM88EA6pd4-zIbs9L2OMaEBRbNCMoU-hM&dib_tag=se&m=A6PVCWOL6UP6Z&marketplaceID=A19VAU5U5O7RUS&qid=1776824869&refinements=p_36%3A8500-9000&s=merchant-items&sr=1-25&xpid=IvnStguvduseA#customerReviews,JAPANISM ―世界に伝えたい、日本美景―
4756253687,,,,
4910352821,Tankobon Softcover,87.75,https://www.amazon.sg/Yuzuru-Hanyus-COSTUMES-POSTCARD-BOOK-%E4%B8%8A%E5%B7%BB/dp/4910352821/ref=sr_1_26?dib=eyJ2IjoiMSJ9.V2837F8zUD4nNXqWjRl5TDWCQyw-VTugl6Vij4-7DPydCayTFp8pQcAyhhKychzjNB-zM9_HMlhrnCQKmKGNuVomzI7rJ0WYwQu9U-YzatWKtV-UdOLdOJkWS97vsLAutS_mZnmgzOLg3RMv1VeAKs2rCE3j4GFFiz-lyCphUxCPZmy9d3XLLk_XRQKBUsb5--JgVskAzkMo7ErlSa-sqzldpvkEciAfqNutD2kO2hI.pThoPVC0IpnM88EA6pd4-zIbs9L2OMaEBRbNCMoU-hM&dib_tag=se&m=A6PVCWOL6UP6Z&marketplaceID=A19VAU5U5O7RUS&qid=1776824869&refinements=p_36%3A8500-9000&s=merchant-items&sr=1-26&xpid=IvnStguvduseA#customerReviews,Yuzuru Hanyu's COSTUMES Made by Satomi Ito POSTCARD BOOK　上巻 ([バラエティ])
4910352821,,,,
4822259757,Tankobon Hardcover,89.65,https://www.amazon.sg/%E8%B5%B7%E6%A5%AD%E3%81%AE%E7%A7%91%E5%AD%A6-%E3%82%B9%E3%82%BF%E3%83%BC%E3%83%88%E3%82%A2%E3%83%83%E3%83%97%E3%82%B5%E3%82%A4%E3%82%A8%E3%83%B3%E3%82%B9-%E7%94%B0%E6%89%80-%E9%9B%85%E4%B9%8B/dp/4822259757/ref=sr_1_27?dib=eyJ2IjoiMSJ9.V2837F8zUD4nNXqWjRl5TDWCQyw-VTugl6Vij4-7DPydCayTFp8pQcAyhhKychzjNB-zM9_HMlhrnCQKmKGNuVomzI7rJ0WYwQu9U-YzatWKtV-UdOLdOJkWS97vsLAutS_mZnmgzOLg3RMv1VeAKs2rCE3j4GFFiz-lyCphUxCPZmy9d3XLLk_XRQKBUsb5--JgVskAzkMo7ErlSa-sqzldpvkEciAfqNutD2kO2hI.pThoPVC0IpnM88EA6pd4-zIbs9L2OMaEBRbNCMoU-hM&dib_tag=se&m=A6PVCWOL6UP6Z&marketplaceID=A19VAU5U5O7RUS&qid=1776824869&refinements=p_36%3A8500-9000&s=merchant-items&sr=1-27&xpid=IvnStguvduseA#customerReviews,起業の科学 スタートアップサイエンス
4822259757,,,,
4479190562,Tankobon Softcover,85.13,https://www.amazon.sg/%E6%80%9D%E8%80%83%E3%81%99%E3%82%8B%E8%8B%B1%E6%96%87%E6%B3%95-%E5%AF%8C%E7%94%B0%E4%B8%80%E5%BD%A6/dp/4479190562/ref=sr_1_28?dib=eyJ2IjoiMSJ9.V2837F8zUD4nNXqWjRl5TDWCQyw-VTugl6Vij4-7DPydCayTFp8pQcAyhhKychzjNB-zM9_HMlhrnCQKmKGNuVomzI7rJ0WYwQu9U-YzatWKtV-UdOLdOJkWS97vsLAutS_mZnmgzOLg3RMv1VeAKs2rCE3j4GFFiz-lyCphUxCPZmy9d3XLLk_XRQKBUsb5--JgVskAzkMo7ErlSa-sqzldpvkEciAfqNutD2kO2hI.pThoPVC0IpnM88EA6pd4-zIbs9L2OMaEBRbNCMoU-hM&dib_tag=se&m=A6PVCWOL6UP6Z&marketplaceID=A19VAU5U5O7RUS&qid=1776824869&refinements=p_36%3A8500-9000&s=merchant-items&sr=1-28&xpid=IvnStguvduseA#customerReviews,思考する英文法
4479190562,,,,
4887063822,Paperback,98.21,https://www.amazon.sg/Architecten-Vylder-Vinck-Taillieu-Architecture/dp/4887063822/ref=sr_1_29?dib=eyJ2IjoiMSJ9.V2837F8zUD4nNXqWjRl5TDWCQyw-VTugl6Vij4-7DPydCayTFp8pQcAyhhKychzjNB-zM9_HMlhrnCQKmKGNuVomzI7rJ0WYwQu9U-YzatWKtV-UdOLdOJkWS97vsLAutS_mZnmgzOLg3RMv1VeAKs2rCE3j4GFFiz-lyCphUxCPZmy9d3XLLk_XRQKBUsb5--JgVskAzkMo7ErlSa-sqzldpvkEciAfqNutD2kO2hI.pThoPVC0IpnM88EA6pd4-zIbs9L2OMaEBRbNCMoU-hM&dib_tag=se&m=A6PVCWOL6UP6Z&marketplaceID=A19VAU5U5O7RUS&qid=1776824869&refinements=p_36%3A8500-9000&s=merchant-items&sr=1-29&xpid=IvnStguvduseA#customerReviews,Architecten De Vylder Vinck Taillieu: Variete / Architecture / Desire
4887063822,,,,
4816369996,Paperback,89.65,https://www.amazon.sg/%E6%97%A5%E6%9C%AC%E8%AA%9E%E3%82%92%E5%AD%A6%E3%81%B6%E5%A4%96%E5%9B%BD%E4%BA%BA%E3%81%AE%E3%81%9F%E3%82%81%E3%81%AE-%E3%81%93%E3%82%8C%E3%81%A0%E3%81%91%E3%81%AF%E8%A6%9A%E3%81%88%E3%81%9F%E3%81%84-%E6%BC%A2%E5%AD%97%E7%B7%B4%E7%BF%92%E5%B8%B3500-foreigners-Japanese/dp/4816369996/ref=sr_1_30?dib=eyJ2IjoiMSJ9.V2837F8zUD4nNXqWjRl5TDWCQyw-VTugl6Vij4-7DPydCayTFp8pQcAyhhKychzjNB-zM9_HMlhrnCQKmKGNuVomzI7rJ0WYwQu9U-YzatWKtV-UdOLdOJkWS97vsLAutS_mZnmgzOLg3RMv1VeAKs2rCE3j4GFFiz-lyCphUxCPZmy9d3XLLk_XRQKBUsb5--JgVskAzkMo7ErlSa-sqzldpvkEciAfqNutD2kO2hI.pThoPVC0IpnM88EA6pd4-zIbs9L2OMaEBRbNCMoU-hM&dib_tag=se&m=A6PVCWOL6UP6Z&marketplaceID=A19VAU5U5O7RUS&qid=1776824869&refinements=p_36%3A8500-9000&s=merchant-items&sr=1-30&xpid=IvnStguvduseA#customerReviews,日本語を学ぶ外国人のための これだけは覚えたい! 漢字練習帳500 For foreigners who learn Japanese We want you to remember this much! KANJI exercise book 500
4816369996,,,,
4325266623,Tankobon Softcover,85.13,https://www.amazon.sg/%E4%BA%AC%E5%A4%A7%E3%81%AE%E8%8B%B1%E8%AA%9E25%E3%82%AB%E5%B9%B4%EF%BC%BB%E7%AC%AC13%E7%89%88%EF%BC%BD-%E9%9B%A3%E9%96%A2%E6%A0%A1%E9%81%8E%E5%8E%BB%E5%95%8F%E3%82%B7%E3%83%AA%E3%83%BC%E3%82%BA/dp/4325266623/ref=sr_1_31?dib=eyJ2IjoiMSJ9.V2837F8zUD4nNXqWjRl5TDWCQyw-VTugl6Vij4-7DPydCayTFp8pQcAyhhKychzjNB-zM9_HMlhrnCQKmKGNuVomzI7rJ0WYwQu9U-YzatWKtV-UdOLdOJkWS97vsLAutS_mZnmgzOLg3RMv1VeAKs2rCE3j4GFFiz-lyCphUxCPZmy9d3XLLk_XRQKBUsb5--JgVskAzkMo7ErlSa-sqzldpvkEciAfqNutD2kO2hI.pThoPVC0IpnM88EA6pd4-zIbs9L2OMaEBRbNCMoU-hM&dib_tag=se&m=A6PVCWOL6UP6Z&marketplaceID=A19VAU5U5O7RUS&qid=1776824869&refinements=p_36%3A8500-9000&s=merchant-items&sr=1-31&xpid=IvnStguvduseA#customerReviews,京大の英語25カ年［第13版］ (難関校過去問シリーズ)
4325266623,,,,
4295021350,Tankobon Softcover,87.75,https://www.amazon.sg/%E5%BE%B9%E5%BA%95%E6%94%BB%E7%95%A5%E3%83%87%E3%83%BC%E3%82%BF%E3%82%B5%E3%82%A4%E3%82%A8%E3%83%B3%E3%83%86%E3%82%A3%E3%82%B9%E3%83%88%E6%A4%9C%E5%AE%9A%E5%95%8F%E9%A1%8C%E9%9B%86%EF%BC%BB%E3%83%AA%E3%83%86%E3%83%A9%E3%82%B7%E3%83%BC%E3%83%AC%E3%83%99%E3%83%AB%EF%BC%BD%E5%AF%BE%E5%BF%9C-%E7%AC%AC2%E7%89%88-%E6%A0%AA%E5%BC%8F%E4%BC%9A%E7%A4%BE%E3%82%B9%E3%82%AD%E3%83%AB%E3%82%A2%E3%83%83%E3%83%97NeXt-%E5%B0%8F%E7%B8%A3-%E4%BF%A1%E4%B9%9F/dp/4295021350/ref=sr_1_32?dib=eyJ2IjoiMSJ9.V2837F8zUD4nNXqWjRl5TDWCQyw-VTugl6Vij4-7DPydCayTFp8pQcAyhhKychzjNB-zM9_HMlhrnCQKmKGNuVomzI7rJ0WYwQu9U-YzatWKtV-UdOLdOJkWS97vsLAutS_mZnmgzOLg3RMv1VeAKs2rCE3j4GFFiz-lyCphUxCPZmy9d3XLLk_XRQKBUsb5--JgVskAzkMo7ErlSa-sqzldpvkEciAfqNutD2kO2hI.pThoPVC0IpnM88EA6pd4-zIbs9L2OMaEBRbNCMoU-hM&dib_tag=se&m=A6PVCWOL6UP6Z&marketplaceID=A19VAU5U5O7RUS&qid=1776824869&refinements=p_36%3A8500-9000&s=merchant-items&sr=1-32&xpid=IvnStguvduseA#customerReviews,徹底攻略データサイエンティスト検定問題集［リテラシーレベル］対応 第2版
4295021350,,,,
4757440812,Tankobon Hardcover,87.75,https://www.amazon.sg/IELTS%E3%82%B9%E3%83%94%E3%83%BC%E3%82%AD%E3%83%B3%E3%82%B0%E5%AE%8C%E5%85%A8%E5%AF%BE%E7%AD%96-%E4%BB%AE-%E5%B6%8B%E6%B4%A5%E5%B9%B8%E6%A8%B9/dp/4757440812/ref=sr_1_33?dib=eyJ2IjoiMSJ9.Bfutdic0mbUZ_s0aCEHfm6xJw9TBysOMT5EtSrSsJEcEa3Yo0a9zb3K8tzqqjfp4xOMgb8Nk_PceZOiT48Qf7A.KRrnAnanuajLB4a4bt4ursg5MQY-Y7ES3eqZhcVFXi8&dib_tag=se&m=A6PVCWOL6UP6Z&marketplaceID=A19VAU5U5O7RUS&qid=1776824876&refinements=p_36%3A8500-9000&s=merchant-items&sr=1-33&xpid=IvnStguvduseA#customerReviews,IELTSスピーキング完全対策(仮)
4757440812,,,,
4757422318,Tankobon Hardcover,85.13,https://www.amazon.sg/%E4%B8%AD%E4%B8%8A%E7%B4%9A%E5%AD%A6%E7%BF%92%E8%80%85%E5%90%91%E3%81%91%E6%97%A5%E6%9C%AC%E8%AA%9E%E6%95%99%E6%9D%90-%E6%97%A5%E6%9C%AC%E6%96%87%E5%8C%96%E3%82%92%E8%AA%AD%E3%82%80-Kyo%C3%8C-Nihongo-Senta%C3%8C/dp/4757422318/ref=sr_1_34?dib=eyJ2IjoiMSJ9.Bfutdic0mbUZ_s0aCEHfm6xJw9TBysOMT5EtSrSsJEcEa3Yo0a9zb3K8tzqqjfp4xOMgb8Nk_PceZOiT48Qf7A.KRrnAnanuajLB4a4bt4ursg5MQY-Y7ES3eqZhcVFXi8&dib_tag=se&m=A6PVCWOL6UP6Z&marketplaceID=A19VAU5U5O7RUS&qid=1776824876&refinements=p_36%3A8500-9000&s=merchant-items&sr=1-34&xpid=IvnStguvduseA#customerReviews,中上級学習者向け日本語教材 日本文化を読む
4757422318,,,,
4837306365,Tankobon Softcover,87.04,https://www.amazon.sg/%E3%82%A2%E3%83%BC%E3%83%88-%E3%82%AA%E3%83%96-%E3%83%AD%E3%83%90%E3%83%BC%E3%83%88%E3%83%BB%E3%83%9E%E3%83%83%E3%82%AE%E3%83%8B%E3%82%B9-ROBERT-McGINNIS/dp/4837306365/ref=sr_1_35?dib=eyJ2IjoiMSJ9.Bfutdic0mbUZ_s0aCEHfm6xJw9TBysOMT5EtSrSsJEcEa3Yo0a9zb3K8tzqqjfp4xOMgb8Nk_PceZOiT48Qf7A.KRrnAnanuajLB4a4bt4ursg5MQY-Y7ES3eqZhcVFXi8&dib_tag=se&m=A6PVCWOL6UP6Z&marketplaceID=A19VAU5U5O7RUS&qid=1776824876&refinements=p_36%3A8500-9000&s=merchant-items&sr=1-35&xpid=IvnStguvduseA#customerReviews,アート オブ ロバート・マッギニス:THE ART OF ROBERT McGINNIS
4837306365,,,,
4322141889,Tankobon Hardcover,87.75,https://www.amazon.sg/XVA%E3%83%A2%E3%83%87%E3%83%AB%E3%81%AE%E7%90%86%E8%AB%96%E3%81%A8%E5%AE%9F%E5%8B%99-%E7%AC%AC2%E7%89%88-%E5%9C%9F%E5%B1%8B-%E4%BF%AE/dp/4322141889/ref=sr_1_36?dib=eyJ2IjoiMSJ9.Bfutdic0mbUZ_s0aCEHfm6xJw9TBysOMT5EtSrSsJEcEa3Yo0a9zb3K8tzqqjfp4xOMgb8Nk_PceZOiT48Qf7A.KRrnAnanuajLB4a4bt4ursg5MQY-Y7ES3eqZhcVFXi8&dib_tag=se&m=A6PVCWOL6UP6Z&marketplaceID=A19VAU5U5O7RUS&qid=1776824876&refinements=p_36%3A8500-9000&s=merchant-items&sr=1-36&xpid=IvnStguvduseA#customerReviews,XVAモデルの理論と実務[第2版]
4322141889,,,,
4768319750,Tankobon Softcover,85.13,https://www.amazon.sg/%E7%B7%9A%E8%B7%AF%E6%B2%BF%E3%81%84%E8%A1%97%E6%AD%A9%E3%81%8D-%E5%B0%8F%E5%B7%9D%E7%9C%9F%E4%BA%8C%E9%83%8E%E4%BD%9C%E5%93%81%E9%9B%86-%E5%B0%8F%E5%B7%9D-%E7%9C%9F%E4%BA%8C%E9%83%8E/dp/4768319750/ref=sr_1_37?dib=eyJ2IjoiMSJ9.Bfutdic0mbUZ_s0aCEHfm6xJw9TBysOMT5EtSrSsJEcEa3Yo0a9zb3K8tzqqjfp4xOMgb8Nk_PceZOiT48Qf7A.KRrnAnanuajLB4a4bt4ursg5MQY-Y7ES3eqZhcVFXi8&dib_tag=se&m=A6PVCWOL6UP6Z&marketplaceID=A19VAU5U5O7RUS&qid=1776824876&refinements=p_36%3A8500-9000&s=merchant-items&sr=1-37&xpid=IvnStguvduseA#customerReviews,線路沿い街歩き 小川真二郎作品集
4768319750,,,,
4766139186,Tankobon Softcover,87.75,https://www.amazon.sg/%E3%83%87%E3%82%B6%E3%82%A4%E3%83%B3%E3%81%AE%E3%81%B2%E3%81%8D%E3%81%A0%E3%81%9754/dp/4766139186/ref=sr_1_33?dib=eyJ2IjoiMSJ9.JZePMdn-w3R_pFLxE2K7YfaZSH-XMl8bDPrQKFVpcO9CNQTYFn2jEAZQ2Ey3wu7ziPJNlUI90ToNk3y4LpLhKoojua664JlVJWt17if8V22Hmijg9sy5sxxuRreN0ebFyhfSIPErkppckO-5MkHXhNJUsbydwUhA3zvME6u3Q1w.6FhtQsBqOxf8s4qab9In6awnWaTXNETBSum74IxrbDk&dib_tag=se&m=A6PVCWOL6UP6Z&marketplaceID=A19VAU5U5O7RUS&qid=1776824876&refinements=p_36%3A8500-9000&s=merchant-items&sr=1-33&xpid=IvnStguvduseA#customerReviews,デザインのひきだし54
4766139186,,,,
465120404X,Mook,87.04,https://www.amazon.sg/%E8%B6%85%E3%83%AF%E3%82%A4%E3%83%89%EF%BC%86%E7%B2%BE%E5%AF%86%E5%9B%B3%E8%A7%A3-%E6%97%A5%E6%9C%AC%E6%B5%B7%E8%BB%8D%E8%89%A6%E8%89%87%E5%9B%B3%E9%91%91-%E5%A2%97%E8%A3%9C%E7%89%88-%E6%AD%B4%E5%8F%B2%E7%BE%A4%E5%83%8F%E3%82%B7%E3%83%AA%E3%83%BC%E3%82%BA/dp/465120404X/ref=sr_1_34?dib=eyJ2IjoiMSJ9.JZePMdn-w3R_pFLxE2K7YfaZSH-XMl8bDPrQKFVpcO9CNQTYFn2jEAZQ2Ey3wu7ziPJNlUI90ToNk3y4LpLhKoojua664JlVJWt17if8V22Hmijg9sy5sxxuRreN0ebFyhfSIPErkppckO-5MkHXhNJUsbydwUhA3zvME6u3Q1w.6FhtQsBqOxf8s4qab9In6awnWaTXNETBSum74IxrbDk&dib_tag=se&m=A6PVCWOL6UP6Z&marketplaceID=A19VAU5U5O7RUS&qid=1776824876&refinements=p_36%3A8500-9000&s=merchant-items&sr=1-34&xpid=IvnStguvduseA#customerReviews,超ワイド＆精密図解　日本海軍艦艇図鑑　増補版 (歴史群像シリーズ)
465120404X,,,,
4577051648,Tankobon Hardcover,86.44,https://www.amazon.sg/NEW-%E3%82%A2%E3%83%B3%E3%83%91%E3%83%B3%E3%83%9E%E3%83%B3-%E3%83%94%E3%82%A2%E3%83%8E%E3%81%88%E3%81%BB%E3%82%93-%E3%83%90%E3%83%A9%E3%82%A8%E3%83%86%E3%82%A3-%E3%82%84%E3%81%AA%E3%81%9B%E3%81%9F%E3%81%8B%E3%81%97/dp/4577051648/ref=sr_1_35?dib=eyJ2IjoiMSJ9.JZePMdn-w3R_pFLxE2K7YfaZSH-XMl8bDPrQKFVpcO9CNQTYFn2jEAZQ2Ey3wu7ziPJNlUI90ToNk3y4LpLhKoojua664JlVJWt17if8V22Hmijg9sy5sxxuRreN0ebFyhfSIPErkppckO-5MkHXhNJUsbydwUhA3zvME6u3Q1w.6FhtQsBqOxf8s4qab9In6awnWaTXNETBSum74IxrbDk&dib_tag=se&m=A6PVCWOL6UP6Z&marketplaceID=A19VAU5U5O7RUS&qid=1776824876&refinements=p_36%3A8500-9000&s=merchant-items&sr=1-35&xpid=IvnStguvduseA#customerReviews,NEW アンパンマン ピアノえほん ([バラエティ])
4577051648,,,,
483408437X,Tankobon Hardcover,89.65,https://www.amazon.sg/Michi-%E7%A6%8F%E9%9F%B3%E9%A4%A8%E3%81%AE%E5%8D%98%E8%A1%8C%E6%9C%AC-junaida/dp/483408437X/ref=sr_1_36?dib=eyJ2IjoiMSJ9.JZePMdn-w3R_pFLxE2K7YfaZSH-XMl8bDPrQKFVpcO9CNQTYFn2jEAZQ2Ey3wu7ziPJNlUI90ToNk3y4LpLhKoojua664JlVJWt17if8V22Hmijg9sy5sxxuRreN0ebFyhfSIPErkppckO-5MkHXhNJUsbydwUhA3zvME6u3Q1w.6FhtQsBqOxf8s4qab9In6awnWaTXNETBSum74IxrbDk&dib_tag=se&m=A6PVCWOL6UP6Z&marketplaceID=A19VAU5U5O7RUS&qid=1776824876&refinements=p_36%3A8500-9000&s=merchant-items&sr=1-36&xpid=IvnStguvduseA#customerReviews,Michi (福音館の単行本)
483408437X,,,,
4861526833,Hardcover,89.65,https://www.amazon.sg/Yoshiyuki-Okuyama-Pocari-%E5%A5%A5%E5%B1%B1-%E7%94%B1%E4%B9%8B/dp/4861526833/ref=sr_1_37?dib=eyJ2IjoiMSJ9.JZePMdn-w3R_pFLxE2K7YfaZSH-XMl8bDPrQKFVpcO9CNQTYFn2jEAZQ2Ey3wu7ziPJNlUI90ToNk3y4LpLhKoojua664JlVJWt17if8V22Hmijg9sy5sxxuRreN0ebFyhfSIPErkppckO-5MkHXhNJUsbydwUhA3zvME6u3Q1w.6FhtQsBqOxf8s4qab9In6awnWaTXNETBSum74IxrbDk&dib_tag=se&m=A6PVCWOL6UP6Z&marketplaceID=A19VAU5U5O7RUS&qid=1776824876&refinements=p_36%3A8500-9000&s=merchant-items&sr=1-37&xpid=IvnStguvduseA#customerReviews,Yoshiyuki Okuyama - Pocari Sweat
4861526833,,,,
4589039494,Tankobon Hardcover,89.65,https://www.amazon.sg/%E6%86%B2%E6%B3%95%E3%82%AC%E3%83%BC%E3%83%ABII-2-%E5%A4%A7%E5%B3%B6-%E7%BE%A9%E5%89%87/dp/4589039494/ref=sr_1_38?dib=eyJ2IjoiMSJ9.JZePMdn-w3R_pFLxE2K7YfaZSH-XMl8bDPrQKFVpcO9CNQTYFn2jEAZQ2Ey3wu7ziPJNlUI90ToNk3y4LpLhKoojua664JlVJWt17if8V22Hmijg9sy5sxxuRreN0ebFyhfSIPErkppckO-5MkHXhNJUsbydwUhA3zvME6u3Q1w.6FhtQsBqOxf8s4qab9In6awnWaTXNETBSum74IxrbDk&dib_tag=se&m=A6PVCWOL6UP6Z&marketplaceID=A19VAU5U5O7RUS&qid=1776824876&refinements=p_36%3A8500-9000&s=merchant-items&sr=1-38&xpid=IvnStguvduseA#customerReviews,憲法ガールII: 2
4589039494,,,,
4533142915,Tankobon Hardcover,87.04,https://www.amazon.sg/%E4%B8%96%E7%95%8C%E3%81%AE%E7%B5%B6%E6%99%AF-%E8%B6%85%E5%AE%8C%E5%85%A8%E7%89%88/dp/4533142915/ref=sr_1_39?dib=eyJ2IjoiMSJ9.JZePMdn-w3R_pFLxE2K7YfaZSH-XMl8bDPrQKFVpcO9CNQTYFn2jEAZQ2Ey3wu7ziPJNlUI90ToNk3y4LpLhKoojua664JlVJWt17if8V22Hmijg9sy5sxxuRreN0ebFyhfSIPErkppckO-5MkHXhNJUsbydwUhA3zvME6u3Q1w.6FhtQsBqOxf8s4qab9In6awnWaTXNETBSum74IxrbDk&dib_tag=se&m=A6PVCWOL6UP6Z&marketplaceID=A19VAU5U5O7RUS&qid=1776824876&refinements=p_36%3A8500-9000&s=merchant-items&sr=1-39&xpid=IvnStguvduseA#customerReviews,世界の絶景 超完全版
4533142915,,,,
4817022523,Paperback,85.13,https://www.amazon.sg/%E3%82%AD%E3%83%A3%E3%83%83%E3%83%88%E3%82%AF%E3%83%AA%E3%82%A8%E3%82%A4%E3%82%BF%E3%83%BC%E3%82%BA%E3%82%B3%E3%83%AC%E3%82%AF%E3%82%B7%E3%83%A7%E3%83%B3-%E4%BB%AE/dp/4817022523/ref=sr_1_40?dib=eyJ2IjoiMSJ9.JZePMdn-w3R_pFLxE2K7YfaZSH-XMl8bDPrQKFVpcO9CNQTYFn2jEAZQ2Ey3wu7ziPJNlUI90ToNk3y4LpLhKoojua664JlVJWt17if8V22Hmijg9sy5sxxuRreN0ebFyhfSIPErkppckO-5MkHXhNJUsbydwUhA3zvME6u3Q1w.6FhtQsBqOxf8s4qab9In6awnWaTXNETBSum74IxrbDk&dib_tag=se&m=A6PVCWOL6UP6Z&marketplaceID=A19VAU5U5O7RUS&qid=1776824876&refinements=p_36%3A8500-9000&s=merchant-items&sr=1-40&xpid=IvnStguvduseA,キャットクリエイターズコレクション(仮)
4817022523,,,,
4322144896,Tankobon Hardcover,85.13,https://www.amazon.sg/PBR%E3%83%BB%E8%B3%87%E6%9C%AC%E3%82%B3%E3%82%B9%E3%83%88%E3%81%AE%E8%A6%96%E7%82%B9%E3%81%8B%E3%82%89%E3%81%AE%E6%A0%AA%E4%BE%A1%E4%B8%8A%E6%98%87%E6%88%A6%E7%95%A5-%E7%B5%8C%E5%96%B6%E8%80%85%E3%81%AE%E6%84%8F%E8%AD%98%E6%94%B9%E9%9D%A9%E3%81%A7%E6%A0%AA%E4%BE%A1%E3%81%AF%E4%B8%8A%E3%81%8C%E3%82%8B-%E8%97%A4%E7%94%B0%E5%8B%89/dp/4322144896/ref=sr_1_41?dib=eyJ2IjoiMSJ9.JZePMdn-w3R_pFLxE2K7YfaZSH-XMl8bDPrQKFVpcO9CNQTYFn2jEAZQ2Ey3wu7ziPJNlUI90ToNk3y4LpLhKoojua664JlVJWt17if8V22Hmijg9sy5sxxuRreN0ebFyhfSIPErkppckO-5MkHXhNJUsbydwUhA3zvME6u3Q1w.6FhtQsBqOxf8s4qab9In6awnWaTXNETBSum74IxrbDk&dib_tag=se&m=A6PVCWOL6UP6Z&marketplaceID=A19VAU5U5O7RUS&qid=1776824876&refinements=p_36%3A8500-9000&s=merchant-items&sr=1-41&xpid=IvnStguvduseA#customerReviews,PBR・資本コストの視点からの株価上昇戦略: 経営者の意識改革で株価は上がる
4322144896,,,,
4911000163,Sheet music,87.75,https://www.amazon.sg/%E6%9B%B2%E3%81%A7%E8%A6%9A%E3%81%88%E3%82%8B%E3%82%AB%E3%83%B3%E3%83%88%E3%83%AA%E3%83%BC%E3%83%BB%E3%82%AE%E3%82%BF%E3%83%BC%E3%83%BB%E3%83%8D%E3%82%AA%E3%82%B9%E3%82%BF%E3%82%A4%E3%83%AB%EF%BC%88YouTube%E5%8B%95%E7%94%BB%E9%80%A3%E5%8B%95%EF%BC%89-%E6%A3%AE%E7%94%B0%E3%81%93%E3%83%BC%E3%82%88%E3%83%BC/dp/4911000163/ref=sr_1_42?dib=eyJ2IjoiMSJ9.JZePMdn-w3R_pFLxE2K7YfaZSH-XMl8bDPrQKFVpcO9CNQTYFn2jEAZQ2Ey3wu7ziPJNlUI90ToNk3y4LpLhKoojua664JlVJWt17if8V22Hmijg9sy5sxxuRreN0ebFyhfSIPErkppckO-5MkHXhNJUsbydwUhA3zvME6u3Q1w.6FhtQsBqOxf8s4qab9In6awnWaTXNETBSum74IxrbDk&dib_tag=se&m=A6PVCWOL6UP6Z&marketplaceID=A19VAU5U5O7RUS&qid=1776824876&refinements=p_36%3A8500-9000&s=merchant-items&sr=1-42&xpid=IvnStguvduseA#customerReviews,曲で覚えるカントリー・ギター・ネオスタイル（YouTube動画連動）
4911000163,,,,
4065349184,Tankobon Hardcover,87.04,https://www.amazon.sg/%E5%A4%A2%E3%82%92%E5%8F%B6%E3%81%88%E3%82%8B%E3%81%9F%E3%82%81%E3%81%AB%E8%84%B3%E3%81%AF%E3%81%82%E3%82%8B-%E3%80%8C%E7%A7%81%E3%81%A8%E3%81%84%E3%81%86%E7%8F%BE%E8%B1%A1%E3%80%8D%E3%80%81%E9%AB%98%E6%A0%A1%E7%94%9F%E3%81%A8%E8%84%B3%E3%82%92%E8%AA%9E%E3%82%8A%E5%B0%BD%E3%81%8F%E3%81%99-%E6%B1%A0%E8%B0%B7-%E8%A3%95%E4%BA%8C/dp/4065349184/ref=sr_1_43?dib=eyJ2IjoiMSJ9.JZePMdn-w3R_pFLxE2K7YfaZSH-XMl8bDPrQKFVpcO9CNQTYFn2jEAZQ2Ey3wu7ziPJNlUI90ToNk3y4LpLhKoojua664JlVJWt17if8V22Hmijg9sy5sxxuRreN0ebFyhfSIPErkppckO-5MkHXhNJUsbydwUhA3zvME6u3Q1w.6FhtQsBqOxf8s4qab9In6awnWaTXNETBSum74IxrbDk&dib_tag=se&m=A6PVCWOL6UP6Z&marketplaceID=A19VAU5U5O7RUS&qid=1776824876&refinements=p_36%3A8500-9000&s=merchant-items&sr=1-43&xpid=IvnStguvduseA#customerReviews,夢を叶えるために脳はある 「私という現象」、高校生と脳を語り尽くす
4065349184,,,,
4816368027,JP Oversized,87.04,https://www.amazon.sg/%E9%AB%98%E9%9B%85%E3%81%AA%E6%8A%98%E3%82%8A%E7%B4%99/dp/4816368027/ref=sr_1_49?dib=eyJ2IjoiMSJ9._dkTPtu_4N95tDsXEvFg0aUGLqPp0te8A6-S09pIl46tTVwjgjxjLxedNzCE-HdQRe8D9j25qCvOHBtZNvnpgQ.rQu99ee6ETofK4o5EKikEOlJThmIMenGt7__Tmokyls&dib_tag=se&m=A6PVCWOL6UP6Z&marketplaceID=A19VAU5U5O7RUS&qid=1776824882&refinements=p_36%3A8500-9000&s=merchant-items&sr=1-49&xpid=IvnStguvduseA#customerReviews,高雅な折り紙
4816368027,,,,
4867176893,Mook,87.75,https://www.amazon.sg/%E3%82%AB%E3%82%B7%E3%82%AA%E3%82%B2%E3%83%BC%E3%83%A0%E6%A9%9F%E3%83%91%E3%83%BC%E3%83%95%E3%82%A7%E3%82%AF%E3%83%88%E3%82%AB%E3%82%BF%E3%83%AD%E3%82%B0/dp/4867176893/ref=sr_1_50?dib=eyJ2IjoiMSJ9._dkTPtu_4N95tDsXEvFg0aUGLqPp0te8A6-S09pIl46tTVwjgjxjLxedNzCE-HdQRe8D9j25qCvOHBtZNvnpgQ.rQu99ee6ETofK4o5EKikEOlJThmIMenGt7__Tmokyls&dib_tag=se&m=A6PVCWOL6UP6Z&marketplaceID=A19VAU5U5O7RUS&qid=1776824882&refinements=p_36%3A8500-9000&s=merchant-items&sr=1-50&xpid=IvnStguvduseA#customerReviews,カシオゲーム機パーフェクトカタログ
4867176893,,,,
4910286462,Tankobon Softcover,85.13,https://www.amazon.sg/%E5%9B%B3%E8%A7%A3%E3%81%A7%E3%82%8F%E3%81%8B%E3%82%8B%EF%BC%81-%E5%BD%A2%E9%AA%B8%E5%8C%96%E3%81%95%E3%81%9B%E3%81%AA%E3%81%84-%E7%A0%94%E4%BF%AE%E4%BD%93%E7%B3%BB%E3%81%A8%E3%82%B9%E3%82%AD%E3%83%AB%E3%83%9E%E3%83%83%E3%83%97%E3%81%AE%E3%81%A4%E3%81%8F%E3%82%8A%E3%81%8B%E3%81%9F-%E6%A0%AA%E5%BC%8F%E4%BC%9A%E7%A4%BE%E3%83%95%E3%82%A3%E3%83%BC%E3%83%AB%E3%83%89%E3%83%9E%E3%83%8D%E3%83%BC%E3%82%B8%E3%83%A1%E3%83%B3%E3%83%88%E3%83%BB%E3%83%92%E3%83%A5%E3%83%BC%E3%83%9E%E3%83%B3%E3%83%AA%E3%82%BD%E3%83%BC%E3%82%B9/dp/4910286462/ref=sr_1_51?dib=eyJ2IjoiMSJ9._dkTPtu_4N95tDsXEvFg0aUGLqPp0te8A6-S09pIl46tTVwjgjxjLxedNzCE-HdQRe8D9j25qCvOHBtZNvnpgQ.rQu99ee6ETofK4o5EKikEOlJThmIMenGt7__Tmokyls&dib_tag=se&m=A6PVCWOL6UP6Z&marketplaceID=A19VAU5U5O7RUS&qid=1776824882&refinements=p_36%3A8500-9000&s=merchant-items&sr=1-51&xpid=IvnStguvduseA#customerReviews,図解でわかる！ 形骸化させない 研修体系とスキルマップのつくりかた
4910286462,,,,
491035283X,Tankobon Softcover,87.75,https://www.amazon.sg/Yuzuru-Hanyus-COSTUMES-POSTCARD-BOOK-%E4%B8%8B%E5%B7%BB/dp/491035283X/ref=sr_1_52?dib=eyJ2IjoiMSJ9._dkTPtu_4N95tDsXEvFg0aUGLqPp0te8A6-S09pIl46tTVwjgjxjLxedNzCE-HdQRe8D9j25qCvOHBtZNvnpgQ.rQu99ee6ETofK4o5EKikEOlJThmIMenGt7__Tmokyls&dib_tag=se&m=A6PVCWOL6UP6Z&marketplaceID=A19VAU5U5O7RUS&qid=1776824882&refinements=p_36%3A8500-9000&s=merchant-items&sr=1-52&xpid=IvnStguvduseA#customerReviews,Yuzuru Hanyu’s COSTUMES Made by Satomi Ito POSTCARD BOOK　下巻 ([バラエティ])
491035283X,,,,
4817082763,Tankobon Hardcover,85.13,https://www.amazon.sg/%E6%96%B0%E8%A3%85%E7%89%88-%E6%9C%AC%E6%A0%BC%E6%8A%98%E3%82%8A%E7%B4%99-%E5%89%8D%E5%B7%9D-%E6%B7%B3/dp/4817082763/ref=sr_1_53?dib=eyJ2IjoiMSJ9._dkTPtu_4N95tDsXEvFg0aUGLqPp0te8A6-S09pIl46tTVwjgjxjLxedNzCE-HdQRe8D9j25qCvOHBtZNvnpgQ.rQu99ee6ETofK4o5EKikEOlJThmIMenGt7__Tmokyls&dib_tag=se&m=A6PVCWOL6UP6Z&marketplaceID=A19VAU5U5O7RUS&qid=1776824882&refinements=p_36%3A8500-9000&s=merchant-items&sr=1-53&xpid=IvnStguvduseA#customerReviews,新装版 本格折り紙
4817082763,,,,
4285153556,Sheet music,85.13,https://www.amazon.sg/%E7%AB%B9%E5%86%85%E3%81%BE%E3%82%8A%E3%82%84-Precious-Piano-Book-%EF%BC%88%E3%82%AA%E3%83%95%E3%82%A3%E3%82%B7%E3%83%A3%E3%83%AB%E3%83%BB%E3%82%B9%E3%82%B3%E3%82%A2%EF%BC%89/dp/4285153556/ref=sr_1_49?dib=eyJ2IjoiMSJ9.XyXdKy7JUt_45UyU2wlW6M12nbeRy2Sijd0gBVxN31aFwPOTotM1s8DMRESVSXoeLaQ2lKxEO9YSSJdpoVTf1jZcQEtaqihQTFJqPPsOheydhSdz6Wym_YExdim5Ao__O7sztaQP8o87k1O75UUkjBv_dv57nn7iv1D0gUCLeQ8.3Rj7_fKB8dowmSzf03tnBbUgMM0pXr2I2pKC0e4GmzM&dib_tag=se&m=A6PVCWOL6UP6Z&marketplaceID=A19VAU5U5O7RUS&qid=1776824882&refinements=p_36%3A8500-9000&s=merchant-items&sr=1-49&xpid=IvnStguvduseA#customerReviews,竹内まりや ／ Precious Piano Book （オフィシャル・スコア）
4285153556,,,,
B08GPW49QN,Vinyl,87.5,https://www.amazon.sg/Vol-2-Gotts-Street-Park/dp/B08GPW49QN/ref=sr_1_50?dib=eyJ2IjoiMSJ9.XyXdKy7JUt_45UyU2wlW6M12nbeRy2Sijd0gBVxN31aFwPOTotM1s8DMRESVSXoeLaQ2lKxEO9YSSJdpoVTf1jZcQEtaqihQTFJqPPsOheydhSdz6Wym_YExdim5Ao__O7sztaQP8o87k1O75UUkjBv_dv57nn7iv1D0gUCLeQ8.3Rj7_fKB8dowmSzf03tnBbUgMM0pXr2I2pKC0e4GmzM&dib_tag=se&m=A6PVCWOL6UP6Z&marketplaceID=A19VAU5U5O7RUS&qid=1776824882&refinements=p_36%3A8500-9000&s=merchant-items&sr=1-50&xpid=IvnStguvduseA#customerReviews,Vol. 2
B019PXKQJW,Vinyl,87.5,https://www.amazon.sg/My-World-2-0-Justin-Bieber/dp/B019PXKQJW/ref=sr_1_51?dib=eyJ2IjoiMSJ9.XyXdKy7JUt_45UyU2wlW6M12nbeRy2Sijd0gBVxN31aFwPOTotM1s8DMRESVSXoeLaQ2lKxEO9YSSJdpoVTf1jZcQEtaqihQTFJqPPsOheydhSdz6Wym_YExdim5Ao__O7sztaQP8o87k1O75UUkjBv_dv57nn7iv1D0gUCLeQ8.3Rj7_fKB8dowmSzf03tnBbUgMM0pXr2I2pKC0e4GmzM&dib_tag=se&m=A6PVCWOL6UP6Z&marketplaceID=A19VAU5U5O7RUS&qid=1776824882&refinements=p_36%3A8500-9000&s=merchant-items&sr=1-51&xpid=IvnStguvduseA#customerReviews,My World 2.0 [LP]
B005QBMZBA,Vinyl,114.85,https://www.amazon.sg/Portrait-Jazz-Lp-inch-Analog/dp/B005QBMZBA/ref=sr_1_52?dib=eyJ2IjoiMSJ9.XyXdKy7JUt_45UyU2wlW6M12nbeRy2Sijd0gBVxN31aFwPOTotM1s8DMRESVSXoeLaQ2lKxEO9YSSJdpoVTf1jZcQEtaqihQTFJqPPsOheydhSdz6Wym_YExdim5Ao__O7sztaQP8o87k1O75UUkjBv_dv57nn7iv1D0gUCLeQ8.3Rj7_fKB8dowmSzf03tnBbUgMM0pXr2I2pKC0e4GmzM&dib_tag=se&m=A6PVCWOL6UP6Z&marketplaceID=A19VAU5U5O7RUS&qid=1776824882&refinements=p_36%3A8500-9000&s=merchant-items&sr=1-52&xpid=IvnStguvduseA#customerReviews,Portrait in Jazz [Lp] [12 inch Analog]
B0BNJNS3FH,Audio CD,87.5,https://www.amazon.sg/72-Seasons-Metallica/dp/B0BNJNS3FH/ref=sr_1_53?dib=eyJ2IjoiMSJ9.XyXdKy7JUt_45UyU2wlW6M12nbeRy2Sijd0gBVxN31aFwPOTotM1s8DMRESVSXoeLaQ2lKxEO9YSSJdpoVTf1jZcQEtaqihQTFJqPPsOheydhSdz6Wym_YExdim5Ao__O7sztaQP8o87k1O75UUkjBv_dv57nn7iv1D0gUCLeQ8.3Rj7_fKB8dowmSzf03tnBbUgMM0pXr2I2pKC0e4GmzM&dib_tag=se&m=A6PVCWOL6UP6Z&marketplaceID=A19VAU5U5O7RUS&qid=1776824882&refinements=p_36%3A8500-9000&s=merchant-items&sr=1-53&xpid=IvnStguvduseA#customerReviews,72 Seasons
B0B38ML4JX,Vinyl,114.19,https://www.amazon.sg/Thee-Sacred-Souls/dp/B0B38ML4JX/ref=sr_1_54?dib=eyJ2IjoiMSJ9.XyXdKy7JUt_45UyU2wlW6M12nbeRy2Sijd0gBVxN31aFwPOTotM1s8DMRESVSXoeLaQ2lKxEO9YSSJdpoVTf1jZcQEtaqihQTFJqPPsOheydhSdz6Wym_YExdim5Ao__O7sztaQP8o87k1O75UUkjBv_dv57nn7iv1D0gUCLeQ8.3Rj7_fKB8dowmSzf03tnBbUgMM0pXr2I2pKC0e4GmzM&dib_tag=se&m=A6PVCWOL6UP6Z&marketplaceID=A19VAU5U5O7RUS&qid=1776824882&refinements=p_36%3A8500-9000&s=merchant-items&sr=1-54&xpid=IvnStguvduseA#customerReviews,Thee Sacred Souls
B019PXKQII,Vinyl,87.5,https://www.amazon.sg/Believe-LP-Justin-Bieber/dp/B019PXKQII/ref=sr_1_55?dib=eyJ2IjoiMSJ9.XyXdKy7JUt_45UyU2wlW6M12nbeRy2Sijd0gBVxN31aFwPOTotM1s8DMRESVSXoeLaQ2lKxEO9YSSJdpoVTf1jZcQEtaqihQTFJqPPsOheydhSdz6Wym_YExdim5Ao__O7sztaQP8o87k1O75UUkjBv_dv57nn7iv1D0gUCLeQ8.3Rj7_fKB8dowmSzf03tnBbUgMM0pXr2I2pKC0e4GmzM&dib_tag=se&m=A6PVCWOL6UP6Z&marketplaceID=A19VAU5U5O7RUS&qid=1776824882&refinements=p_36%3A8500-9000&s=merchant-items&sr=1-55&xpid=IvnStguvduseA#customerReviews,Believe [LP]
B08R9K664R,Audio CD,88.08,https://www.amazon.sg/Ballads-2-Remastered-Ayumi-Hamasaki/dp/B08R9K664R/ref=sr_1_56?dib=eyJ2IjoiMSJ9.XyXdKy7JUt_45UyU2wlW6M12nbeRy2Sijd0gBVxN31aFwPOTotM1s8DMRESVSXoeLaQ2lKxEO9YSSJdpoVTf1jZcQEtaqihQTFJqPPsOheydhSdz6Wym_YExdim5Ao__O7sztaQP8o87k1O75UUkjBv_dv57nn7iv1D0gUCLeQ8.3Rj7_fKB8dowmSzf03tnBbUgMM0pXr2I2pKC0e4GmzM&dib_tag=se&m=A6PVCWOL6UP6Z&marketplaceID=A19VAU5U5O7RUS&qid=1776824882&refinements=p_36%3A8500-9000&s=merchant-items&sr=1-56&xpid=IvnStguvduseA#customerReviews,Ballads 2 (Remastered)
B0C28PL7QV,Vinyl,87.5,https://www.amazon.sg/Monks-Dream-Limited-Turquoise-Colored/dp/B0C28PL7QV/ref=sr_1_57?dib=eyJ2IjoiMSJ9.XyXdKy7JUt_45UyU2wlW6M12nbeRy2Sijd0gBVxN31aFwPOTotM1s8DMRESVSXoeLaQ2lKxEO9YSSJdpoVTf1jZcQEtaqihQTFJqPPsOheydhSdz6Wym_YExdim5Ao__O7sztaQP8o87k1O75UUkjBv_dv57nn7iv1D0gUCLeQ8.3Rj7_fKB8dowmSzf03tnBbUgMM0pXr2I2pKC0e4GmzM&dib_tag=se&m=A6PVCWOL6UP6Z&marketplaceID=A19VAU5U5O7RUS&qid=1776824882&refinements=p_36%3A8500-9000&s=merchant-items&sr=1-57&xpid=IvnStguvduseA#customerReviews,Monk's Dream - Limited Turquoise Colored Vinyl [Analog]
B083W9LPTM,Vinyl,87.5,https://www.amazon.sg/Giant-Steps-180-Gram-Gatefold-Tracks/dp/B083W9LPTM/ref=sr_1_58?dib=eyJ2IjoiMSJ9.XyXdKy7JUt_45UyU2wlW6M12nbeRy2Sijd0gBVxN31aFwPOTotM1s8DMRESVSXoeLaQ2lKxEO9YSSJdpoVTf1jZcQEtaqihQTFJqPPsOheydhSdz6Wym_YExdim5Ao__O7sztaQP8o87k1O75UUkjBv_dv57nn7iv1D0gUCLeQ8.3Rj7_fKB8dowmSzf03tnBbUgMM0pXr2I2pKC0e4GmzM&dib_tag=se&m=A6PVCWOL6UP6Z&marketplaceID=A19VAU5U5O7RUS&qid=1776824882&refinements=p_36%3A8500-9000&s=merchant-items&sr=1-58&xpid=IvnStguvduseA#customerReviews,Giant Steps [180-Gram Gatefold Vinyl With Bonus Tracks]
B0CL7SGH1Z,Vinyl,89.41,https://www.amazon.sg/Shape-Jazz-Come-180-Gram-Colored/dp/B0CL7SGH1Z/ref=sr_1_59?dib=eyJ2IjoiMSJ9.XyXdKy7JUt_45UyU2wlW6M12nbeRy2Sijd0gBVxN31aFwPOTotM1s8DMRESVSXoeLaQ2lKxEO9YSSJdpoVTf1jZcQEtaqihQTFJqPPsOheydhSdz6Wym_YExdim5Ao__O7sztaQP8o87k1O75UUkjBv_dv57nn7iv1D0gUCLeQ8.3Rj7_fKB8dowmSzf03tnBbUgMM0pXr2I2pKC0e4GmzM&dib_tag=se&m=A6PVCWOL6UP6Z&marketplaceID=A19VAU5U5O7RUS&qid=1776824882&refinements=p_36%3A8500-9000&s=merchant-items&sr=1-59&xpid=IvnStguvduseA#customerReviews,Shape Of Jazz To Come - 180-Gram Red Colored Vinyl with Bonus Tracks
B0CP6LRGFF,Vinyl,87.5,https://www.amazon.sg/Skratch-Formers-Analog-DJ-T-Kut/dp/B0CP6LRGFF/ref=sr_1_65?dib=eyJ2IjoiMSJ9.2ssyvhGn_plcK9CC3K_xOqI25XO5rqOJK6v2LRR5aDQqal5tWaRPsG7Nj9l3pL7L_BegToZTxVM8hrQArzA8mQ.el2F-fM44vvbFDYzKntuGlvkpQkFhv7yh-pC3HmjcaQ&dib_tag=se&m=A6PVCWOL6UP6Z&marketplaceID=A19VAU5U5O7RUS&qid=1776824886&refinements=p_36%3A8500-9000&s=merchant-items&sr=1-65&xpid=IvnStguvduseA#customerReviews,Skratch Formers 2 [Analog]
B07YTCWSJB,Audio CD,85.6,https://www.amazon.sg/Lift-Skinny-Fists-Antennas-Heaven/dp/B07YTCWSJB/ref=sr_1_66?dib=eyJ2IjoiMSJ9.2ssyvhGn_plcK9CC3K_xOqI25XO5rqOJK6v2LRR5aDQqal5tWaRPsG7Nj9l3pL7L_BegToZTxVM8hrQArzA8mQ.el2F-fM44vvbFDYzKntuGlvkpQkFhv7yh-pC3HmjcaQ&dib_tag=se&m=A6PVCWOL6UP6Z&marketplaceID=A19VAU5U5O7RUS&qid=1776824886&refinements=p_36%3A8500-9000&s=merchant-items&sr=1-66&xpid=IvnStguvduseA#customerReviews,Lift Your Skinny Fists Like Antennas to Heaven
B08KFWL4QG,Vinyl,87.5,https://www.amazon.sg/Duke-Ellington-Lp-CD-Analog/dp/B08KFWL4QG/ref=sr_1_67?dib=eyJ2IjoiMSJ9.2ssyvhGn_plcK9CC3K_xOqI25XO5rqOJK6v2LRR5aDQqal5tWaRPsG7Nj9l3pL7L_BegToZTxVM8hrQArzA8mQ.el2F-fM44vvbFDYzKntuGlvkpQkFhv7yh-pC3HmjcaQ&dib_tag=se&m=A6PVCWOL6UP6Z&marketplaceID=A19VAU5U5O7RUS&qid=1776824886&refinements=p_36%3A8500-9000&s=merchant-items&sr=1-67&xpid=IvnStguvduseA#customerReviews,Duke Ellington.. -Lp+CD- [Analog]
B08569698K,Vinyl,87.5,https://www.amazon.sg/What-Dead-Men-Say-Trivium/dp/B08569698K/ref=sr_1_68?dib=eyJ2IjoiMSJ9.2ssyvhGn_plcK9CC3K_xOqI25XO5rqOJK6v2LRR5aDQqal5tWaRPsG7Nj9l3pL7L_BegToZTxVM8hrQArzA8mQ.el2F-fM44vvbFDYzKntuGlvkpQkFhv7yh-pC3HmjcaQ&dib_tag=se&m=A6PVCWOL6UP6Z&marketplaceID=A19VAU5U5O7RUS&qid=1776824886&refinements=p_36%3A8500-9000&s=merchant-items&sr=1-68&xpid=IvnStguvduseA#customerReviews,What The Dead Men Say
B08W7SQGKV,Audio CD,87.5,https://www.amazon.sg/Reprise-Deluxe-CD-Moby/dp/B08W7SQGKV/ref=sr_1_69?dib=eyJ2IjoiMSJ9.2ssyvhGn_plcK9CC3K_xOqI25XO5rqOJK6v2LRR5aDQqal5tWaRPsG7Nj9l3pL7L_BegToZTxVM8hrQArzA8mQ.el2F-fM44vvbFDYzKntuGlvkpQkFhv7yh-pC3HmjcaQ&dib_tag=se&m=A6PVCWOL6UP6Z&marketplaceID=A19VAU5U5O7RUS&qid=1776824886&refinements=p_36%3A8500-9000&s=merchant-items&sr=1-69&xpid=IvnStguvduseA#customerReviews,Reprise [Deluxe CD]
B09XSSHC6N,Vinyl,93.22,https://www.amazon.sg/Takin-Off-180-Gram-Colored-Tracks/dp/B09XSSHC6N/ref=sr_1_65?dib=eyJ2IjoiMSJ9.RPwZbASfpmlh1PSKBN8q97pIXzE4jHHRVb8IdaEVCprJypr3Wxh7p6Lcb4eiUGRvby0Om_Z5f8vda3n9jzCHszl88rVwh29A4bC6_5vEmhI3dCvNieJ1Nqa2IPdS6l3ZmpMVPkRNv_PmaDkZ7VimYTMmCjxDYVypGU6Vp0tiGkc.BA-adwdvchwYudud9Z_0nRY4iUz7qOjeGVOKU8yIwhI&dib_tag=se&m=A6PVCWOL6UP6Z&marketplaceID=A19VAU5U5O7RUS&qid=1776824886&refinements=p_36%3A8500-9000&s=merchant-items&sr=1-65&xpid=IvnStguvduseA#customerReviews,Takin Off - 180-Gram Red Colored Vinyl With Bonus Tracks [Analog]
B09XXZPNHG,Audio CD,87.5,https://www.amazon.sg/House-Pain-Fine-Lyrics-Years/dp/B09XXZPNHG/ref=sr_1_66?dib=eyJ2IjoiMSJ9.RPwZbASfpmlh1PSKBN8q97pIXzE4jHHRVb8IdaEVCprJypr3Wxh7p6Lcb4eiUGRvby0Om_Z5f8vda3n9jzCHszl88rVwh29A4bC6_5vEmhI3dCvNieJ1Nqa2IPdS6l3ZmpMVPkRNv_PmaDkZ7VimYTMmCjxDYVypGU6Vp0tiGkc.BA-adwdvchwYudud9Z_0nRY4iUz7qOjeGVOKU8yIwhI&dib_tag=se&m=A6PVCWOL6UP6Z&marketplaceID=A19VAU5U5O7RUS&qid=1776824886&refinements=p_36%3A8500-9000&s=merchant-items&sr=1-66&xpid=IvnStguvduseA#customerReviews,House of Pain (Fine Malt Lyrics) [30 Years]
B09XVK5HPZ,Audio CD,87.5,https://www.amazon.sg/Chaosmos-Origin/dp/B09XVK5HPZ/ref=sr_1_67?dib=eyJ2IjoiMSJ9.RPwZbASfpmlh1PSKBN8q97pIXzE4jHHRVb8IdaEVCprJypr3Wxh7p6Lcb4eiUGRvby0Om_Z5f8vda3n9jzCHszl88rVwh29A4bC6_5vEmhI3dCvNieJ1Nqa2IPdS6l3ZmpMVPkRNv_PmaDkZ7VimYTMmCjxDYVypGU6Vp0tiGkc.BA-adwdvchwYudud9Z_0nRY4iUz7qOjeGVOKU8yIwhI&dib_tag=se&m=A6PVCWOL6UP6Z&marketplaceID=A19VAU5U5O7RUS&qid=1776824886&refinements=p_36%3A8500-9000&s=merchant-items&sr=1-67&xpid=IvnStguvduseA#customerReviews,Chaosmos
B092PB9FBZ,Vinyl,89.41,https://www.amazon.sg/Singalong-Songs-Limited-180-Gram-Colored/dp/B092PB9FBZ/ref=sr_1_68?dib=eyJ2IjoiMSJ9.RPwZbASfpmlh1PSKBN8q97pIXzE4jHHRVb8IdaEVCprJypr3Wxh7p6Lcb4eiUGRvby0Om_Z5f8vda3n9jzCHszl88rVwh29A4bC6_5vEmhI3dCvNieJ1Nqa2IPdS6l3ZmpMVPkRNv_PmaDkZ7VimYTMmCjxDYVypGU6Vp0tiGkc.BA-adwdvchwYudud9Z_0nRY4iUz7qOjeGVOKU8yIwhI&dib_tag=se&m=A6PVCWOL6UP6Z&marketplaceID=A19VAU5U5O7RUS&qid=1776824886&refinements=p_36%3A8500-9000&s=merchant-items&sr=1-68&xpid=IvnStguvduseA#customerReviews,Sad Singalong Songs [Limited 180-Gram White Colored Vinyl]
B00A2K3NJS,Audio CD,87.5,https://www.amazon.sg/RIHANNA-RATED-R/dp/B00A2K3NJS/ref=sr_1_69?dib=eyJ2IjoiMSJ9.RPwZbASfpmlh1PSKBN8q97pIXzE4jHHRVb8IdaEVCprJypr3Wxh7p6Lcb4eiUGRvby0Om_Z5f8vda3n9jzCHszl88rVwh29A4bC6_5vEmhI3dCvNieJ1Nqa2IPdS6l3ZmpMVPkRNv_PmaDkZ7VimYTMmCjxDYVypGU6Vp0tiGkc.BA-adwdvchwYudud9Z_0nRY4iUz7qOjeGVOKU8yIwhI&dib_tag=se&m=A6PVCWOL6UP6Z&marketplaceID=A19VAU5U5O7RUS&qid=1776824886&refinements=p_36%3A8500-9000&s=merchant-items&sr=1-69&xpid=IvnStguvduseA#customerReviews,RIHANNA-RATED R
B00CHRBA7G,Vinyl,93.22,https://www.amazon.sg/Brothers-Sisters-LP-Allman-Band/dp/B00CHRBA7G/ref=sr_1_70?dib=eyJ2IjoiMSJ9.RPwZbASfpmlh1PSKBN8q97pIXzE4jHHRVb8IdaEVCprJypr3Wxh7p6Lcb4eiUGRvby0Om_Z5f8vda3n9jzCHszl88rVwh29A4bC6_5vEmhI3dCvNieJ1Nqa2IPdS6l3ZmpMVPkRNv_PmaDkZ7VimYTMmCjxDYVypGU6Vp0tiGkc.BA-adwdvchwYudud9Z_0nRY4iUz7qOjeGVOKU8yIwhI&dib_tag=se&m=A6PVCWOL6UP6Z&marketplaceID=A19VAU5U5O7RUS&qid=1776824886&refinements=p_36%3A8500-9000&s=merchant-items&sr=1-70&xpid=IvnStguvduseA#customerReviews,Brothers And Sisters [LP]
B0CG67W6SZ,"Audio, Cassette",87.75,https://www.amazon.sg/Metaphorical-Music%EF%BC%88CA%EF%BC%89-Nujabes/dp/B0CG67W6SZ/ref=sr_1_71?dib=eyJ2IjoiMSJ9.RPwZbASfpmlh1PSKBN8q97pIXzE4jHHRVb8IdaEVCprJypr3Wxh7p6Lcb4eiUGRvby0Om_Z5f8vda3n9jzCHszl88rVwh29A4bC6_5vEmhI3dCvNieJ1Nqa2IPdS6l3ZmpMVPkRNv_PmaDkZ7VimYTMmCjxDYVypGU6Vp0tiGkc.BA-adwdvchwYudud9Z_0nRY4iUz7qOjeGVOKU8yIwhI&dib_tag=se&m=A6PVCWOL6UP6Z&marketplaceID=A19VAU5U5O7RUS&qid=1776824886&refinements=p_36%3A8500-9000&s=merchant-items&sr=1-71&xpid=IvnStguvduseA#customerReviews,Metaphorical Music（CA）
B0BZF73HLN,Vinyl,87.5,https://www.amazon.sg/Impressions-Analog-Robin-Barron-McKelle/dp/B0BZF73HLN/ref=sr_1_72?dib=eyJ2IjoiMSJ9.RPwZbASfpmlh1PSKBN8q97pIXzE4jHHRVb8IdaEVCprJypr3Wxh7p6Lcb4eiUGRvby0Om_Z5f8vda3n9jzCHszl88rVwh29A4bC6_5vEmhI3dCvNieJ1Nqa2IPdS6l3ZmpMVPkRNv_PmaDkZ7VimYTMmCjxDYVypGU6Vp0tiGkc.BA-adwdvchwYudud9Z_0nRY4iUz7qOjeGVOKU8yIwhI&dib_tag=se&m=A6PVCWOL6UP6Z&marketplaceID=A19VAU5U5O7RUS&qid=1776824886&refinements=p_36%3A8500-9000&s=merchant-items&sr=1-72&xpid=IvnStguvduseA#customerReviews,Impressions of Ella [Analog]
B000084TD8,Audio CD,82.05,https://www.amazon.sg/ETUDE-Wish-Moon-%E4%B9%85%E7%9F%B3%E8%AD%B2/dp/B000084TD8/ref=sr_1_73?dib=eyJ2IjoiMSJ9.RPwZbASfpmlh1PSKBN8q97pIXzE4jHHRVb8IdaEVCprJypr3Wxh7p6Lcb4eiUGRvby0Om_Z5f8vda3n9jzCHszl88rVwh29A4bC6_5vEmhI3dCvNieJ1Nqa2IPdS6l3ZmpMVPkRNv_PmaDkZ7VimYTMmCjxDYVypGU6Vp0tiGkc.BA-adwdvchwYudud9Z_0nRY4iUz7qOjeGVOKU8yIwhI&dib_tag=se&m=A6PVCWOL6UP6Z&marketplaceID=A19VAU5U5O7RUS&qid=1776824886&refinements=p_36%3A8500-9000&s=merchant-items&sr=1-73&xpid=IvnStguvduseA#customerReviews,ETUDE - a Wish to the Moon -
B08YJ323BM,Vinyl,89.41,https://www.amazon.sg/Werewolves-Portland-Vinyl-Paul-Gilbert/dp/B08YJ323BM/ref=sr_1_74?dib=eyJ2IjoiMSJ9.RPwZbASfpmlh1PSKBN8q97pIXzE4jHHRVb8IdaEVCprJypr3Wxh7p6Lcb4eiUGRvby0Om_Z5f8vda3n9jzCHszl88rVwh29A4bC6_5vEmhI3dCvNieJ1Nqa2IPdS6l3ZmpMVPkRNv_PmaDkZ7VimYTMmCjxDYVypGU6Vp0tiGkc.BA-adwdvchwYudud9Z_0nRY4iUz7qOjeGVOKU8yIwhI&dib_tag=se&m=A6PVCWOL6UP6Z&marketplaceID=A19VAU5U5O7RUS&qid=1776824886&refinements=p_36%3A8500-9000&s=merchant-items&sr=1-74&xpid=IvnStguvduseA#customerReviews,Werewolves of Portland (Red Vinyl)
B000000HI8,Audio CD,87.5,https://www.amazon.sg/Greatest-Hits-TKA/dp/B000000HI8/ref=sr_1_75?dib=eyJ2IjoiMSJ9.RPwZbASfpmlh1PSKBN8q97pIXzE4jHHRVb8IdaEVCprJypr3Wxh7p6Lcb4eiUGRvby0Om_Z5f8vda3n9jzCHszl88rVwh29A4bC6_5vEmhI3dCvNieJ1Nqa2IPdS6l3ZmpMVPkRNv_PmaDkZ7VimYTMmCjxDYVypGU6Vp0tiGkc.BA-adwdvchwYudud9Z_0nRY4iUz7qOjeGVOKU8yIwhI&dib_tag=se&m=A6PVCWOL6UP6Z&marketplaceID=A19VAU5U5O7RUS&qid=1776824886&refinements=p_36%3A8500-9000&s=merchant-items&sr=1-75&xpid=IvnStguvduseA#customerReviews,Greatest Hits
B0CGVPWZBM,Vinyl,87.5,https://www.amazon.sg/Ella-Louis-Limited-180-Gram-Analog/dp/B0CGVPWZBM/ref=sr_1_81?dib=eyJ2IjoiMSJ9.1uYn3nWl1kUlfjLaTo8kUEqg2OOd0552CFEldenTM79H2zbgG2CjWhVRZcuB5y1Rvd00cgu2LS3QAD27DxZkyQ.k0ZoebxTIabKr2lqLKSnS_9Zw9rPtFdcrfnlyZ3TBCI&dib_tag=se&m=A6PVCWOL6UP6Z&marketplaceID=A19VAU5U5O7RUS&qid=1776824891&refinements=p_36%3A8500-9000&s=merchant-items&sr=1-81&xpid=IvnStguvduseA#customerReviews,Ella & Louis - Limited 180-Gram Vinyl [Analog]
B0BFXBY64H,Vinyl,258.12,https://www.amazon.sg/ATUM-%E8%BC%B8%E5%85%A5%E7%9B%A44LP-Analog-Smashing-Pumpkins/dp/B0BFXBY64H/ref=sr_1_82?dib=eyJ2IjoiMSJ9.1uYn3nWl1kUlfjLaTo8kUEqg2OOd0552CFEldenTM79H2zbgG2CjWhVRZcuB5y1Rvd00cgu2LS3QAD27DxZkyQ.k0ZoebxTIabKr2lqLKSnS_9Zw9rPtFdcrfnlyZ3TBCI&dib_tag=se&m=A6PVCWOL6UP6Z&marketplaceID=A19VAU5U5O7RUS&qid=1776824891&refinements=p_36%3A8500-9000&s=merchant-items&sr=1-82&xpid=IvnStguvduseA#customerReviews,ATUM (輸入盤4LP) [Analog]
B0CC6TTBNH,"Audio, Cassette",87.75,https://www.amazon.sg/LOVE%EF%BC%BBCASSETTE-TAPE%EF%BC%BD-SO-NICE/dp/B0CC6TTBNH/ref=sr_1_83?dib=eyJ2IjoiMSJ9.1uYn3nWl1kUlfjLaTo8kUEqg2OOd0552CFEldenTM79H2zbgG2CjWhVRZcuB5y1Rvd00cgu2LS3QAD27DxZkyQ.k0ZoebxTIabKr2lqLKSnS_9Zw9rPtFdcrfnlyZ3TBCI&dib_tag=se&m=A6PVCWOL6UP6Z&marketplaceID=A19VAU5U5O7RUS&qid=1776824891&refinements=p_36%3A8500-9000&s=merchant-items&sr=1-83&xpid=IvnStguvduseA#customerReviews,LOVE［CASSETTE TAPE］
B09TX5PMY7,Vinyl,89.41,https://www.amazon.sg/Milestones/dp/B09TX5PMY7/ref=sr_1_84?dib=eyJ2IjoiMSJ9.1uYn3nWl1kUlfjLaTo8kUEqg2OOd0552CFEldenTM79H2zbgG2CjWhVRZcuB5y1Rvd00cgu2LS3QAD27DxZkyQ.k0ZoebxTIabKr2lqLKSnS_9Zw9rPtFdcrfnlyZ3TBCI&dib_tag=se&m=A6PVCWOL6UP6Z&marketplaceID=A19VAU5U5O7RUS&qid=1776824891&refinements=p_36%3A8500-9000&s=merchant-items&sr=1-84&xpid=IvnStguvduseA#customerReviews,Milestones
B095MKNWPH,"Audio, Cassette",89.41,https://www.amazon.sg/Private-Space-Durand-Jones-Indications/dp/B095MKNWPH/ref=sr_1_85?dib=eyJ2IjoiMSJ9.1uYn3nWl1kUlfjLaTo8kUEqg2OOd0552CFEldenTM79H2zbgG2CjWhVRZcuB5y1Rvd00cgu2LS3QAD27DxZkyQ.k0ZoebxTIabKr2lqLKSnS_9Zw9rPtFdcrfnlyZ3TBCI&dib_tag=se&m=A6PVCWOL6UP6Z&marketplaceID=A19VAU5U5O7RUS&qid=1776824891&refinements=p_36%3A8500-9000&s=merchant-items&sr=1-85&xpid=IvnStguvduseA#customerReviews,Private Space
B07DCLLWN7,Audio CD,87.5,https://www.amazon.sg/RIHANNA-TALK-THAT-STANDARD/dp/B07DCLLWN7/ref=sr_1_81?dib=eyJ2IjoiMSJ9.6RBKqEj-KNhqX-o8Ul29fF5mbKVzPAkSZIBSYt2luYMNLC-0zvHiW7GSN6KRUYgW6bkBDNSciFTVWddl2Re9lg93CVGeb56BzAJPW-8eJ1FJEvXXBdxK1c95W83ygbnpWLLuQulDtILHLyRGBqj8vzCWCFe8WV_otRHr1pMX30U.Vxw87IIdUp0AOOymCzZ2dz8f2oxBieIaSSiPYqndWY8&dib_tag=se&m=A6PVCWOL6UP6Z&marketplaceID=A19VAU5U5O7RUS&qid=1776824891&refinements=p_36%3A8500-9000&s=merchant-items&sr=1-81&xpid=IvnStguvduseA#customerReviews,RIHANNA - TALK THAT TALK : STANDARD EDITION
B0B4K1C35R,Vinyl,114.19,https://www.amazon.sg/Charlie-Brown-Christmas-inch-Analog/dp/B0B4K1C35R/ref=sr_1_82?dib=eyJ2IjoiMSJ9.6RBKqEj-KNhqX-o8Ul29fF5mbKVzPAkSZIBSYt2luYMNLC-0zvHiW7GSN6KRUYgW6bkBDNSciFTVWddl2Re9lg93CVGeb56BzAJPW-8eJ1FJEvXXBdxK1c95W83ygbnpWLLuQulDtILHLyRGBqj8vzCWCFe8WV_otRHr1pMX30U.Vxw87IIdUp0AOOymCzZ2dz8f2oxBieIaSSiPYqndWY8&dib_tag=se&m=A6PVCWOL6UP6Z&marketplaceID=A19VAU5U5O7RUS&qid=1776824891&refinements=p_36%3A8500-9000&s=merchant-items&sr=1-82&xpid=IvnStguvduseA#customerReviews,A Charlie Brown Christmas [12 inch Analog]
B09XZCY5PK,Audio CD,86.32,https://www.amazon.sg/MILES-DAVIS-Milestones/dp/B09XZCY5PK/ref=sr_1_83?dib=eyJ2IjoiMSJ9.6RBKqEj-KNhqX-o8Ul29fF5mbKVzPAkSZIBSYt2luYMNLC-0zvHiW7GSN6KRUYgW6bkBDNSciFTVWddl2Re9lg93CVGeb56BzAJPW-8eJ1FJEvXXBdxK1c95W83ygbnpWLLuQulDtILHLyRGBqj8vzCWCFe8WV_otRHr1pMX30U.Vxw87IIdUp0AOOymCzZ2dz8f2oxBieIaSSiPYqndWY8&dib_tag=se&m=A6PVCWOL6UP6Z&marketplaceID=A19VAU5U5O7RUS&qid=1776824891&refinements=p_36%3A8500-9000&s=merchant-items&sr=1-83&xpid=IvnStguvduseA#customerReviews,MILES DAVIS - Milestones
B0D5S3M862,Vinyl,87.5,https://www.amazon.sg/Sketches-Spain-VINYL-Miles-Davis/dp/B0D5S3M862/ref=sr_1_84?dib=eyJ2IjoiMSJ9.6RBKqEj-KNhqX-o8Ul29fF5mbKVzPAkSZIBSYt2luYMNLC-0zvHiW7GSN6KRUYgW6bkBDNSciFTVWddl2Re9lg93CVGeb56BzAJPW-8eJ1FJEvXXBdxK1c95W83ygbnpWLLuQulDtILHLyRGBqj8vzCWCFe8WV_otRHr1pMX30U.Vxw87IIdUp0AOOymCzZ2dz8f2oxBieIaSSiPYqndWY8&dib_tag=se&m=A6PVCWOL6UP6Z&marketplaceID=A19VAU5U5O7RUS&qid=1776824891&refinements=p_36%3A8500-9000&s=merchant-items&sr=1-84&xpid=IvnStguvduseA#customerReviews,Sketches of Spain [VINYL]
B005IY4W6Q,Vinyl,158.04,https://www.amazon.sg/Duets-Mov-Version-Tony-Bennett/dp/B005IY4W6Q/ref=sr_1_85?dib=eyJ2IjoiMSJ9.6RBKqEj-KNhqX-o8Ul29fF5mbKVzPAkSZIBSYt2luYMNLC-0zvHiW7GSN6KRUYgW6bkBDNSciFTVWddl2Re9lg93CVGeb56BzAJPW-8eJ1FJEvXXBdxK1c95W83ygbnpWLLuQulDtILHLyRGBqj8vzCWCFe8WV_otRHr1pMX30U.Vxw87IIdUp0AOOymCzZ2dz8f2oxBieIaSSiPYqndWY8&dib_tag=se&m=A6PVCWOL6UP6Z&marketplaceID=A19VAU5U5O7RUS&qid=1776824891&refinements=p_36%3A8500-9000&s=merchant-items&sr=1-85&xpid=IvnStguvduseA#customerReviews,Duets Ii (Mov Version)
B09TX57GCY,Vinyl,89.41,https://www.amazon.sg/Undercurrent-VINYL-Bill-Evans-Hall/dp/B09TX57GCY/ref=sr_1_86?dib=eyJ2IjoiMSJ9.6RBKqEj-KNhqX-o8Ul29fF5mbKVzPAkSZIBSYt2luYMNLC-0zvHiW7GSN6KRUYgW6bkBDNSciFTVWddl2Re9lg93CVGeb56BzAJPW-8eJ1FJEvXXBdxK1c95W83ygbnpWLLuQulDtILHLyRGBqj8vzCWCFe8WV_otRHr1pMX30U.Vxw87IIdUp0AOOymCzZ2dz8f2oxBieIaSSiPYqndWY8&dib_tag=se&m=A6PVCWOL6UP6Z&marketplaceID=A19VAU5U5O7RUS&qid=1776824891&refinements=p_36%3A8500-9000&s=merchant-items&sr=1-86&xpid=IvnStguvduseA#customerReviews,Undercurrent [VINYL]
B07L21KJCH,Audio CD,88.7,https://www.amazon.sg/Complete-Albums-Collection-1958-1962/dp/B07L21KJCH/ref=sr_1_87?dib=eyJ2IjoiMSJ9.6RBKqEj-KNhqX-o8Ul29fF5mbKVzPAkSZIBSYt2luYMNLC-0zvHiW7GSN6KRUYgW6bkBDNSciFTVWddl2Re9lg93CVGeb56BzAJPW-8eJ1FJEvXXBdxK1c95W83ygbnpWLLuQulDtILHLyRGBqj8vzCWCFe8WV_otRHr1pMX30U.Vxw87IIdUp0AOOymCzZ2dz8f2oxBieIaSSiPYqndWY8&dib_tag=se&m=A6PVCWOL6UP6Z&marketplaceID=A19VAU5U5O7RUS&qid=1776824891&refinements=p_36%3A8500-9000&s=merchant-items&sr=1-87&xpid=IvnStguvduseA#customerReviews,Complete Albums Collection: 1958-1962
B0016J7XO0,Audio CD,86.32,https://www.amazon.sg/Prelude-Cora-Ambrose-Akinmusire/dp/B0016J7XO0/ref=sr_1_88?dib=eyJ2IjoiMSJ9.6RBKqEj-KNhqX-o8Ul29fF5mbKVzPAkSZIBSYt2luYMNLC-0zvHiW7GSN6KRUYgW6bkBDNSciFTVWddl2Re9lg93CVGeb56BzAJPW-8eJ1FJEvXXBdxK1c95W83ygbnpWLLuQulDtILHLyRGBqj8vzCWCFe8WV_otRHr1pMX30U.Vxw87IIdUp0AOOymCzZ2dz8f2oxBieIaSSiPYqndWY8&dib_tag=se&m=A6PVCWOL6UP6Z&marketplaceID=A19VAU5U5O7RUS&qid=1776824891&refinements=p_36%3A8500-9000&s=merchant-items&sr=1-88&xpid=IvnStguvduseA#customerReviews,Prelude (to Cora)
B01MQYE0PZ,Vinyl,89.41,https://www.amazon.sg/Horizons-Parkway-Drive/dp/B01MQYE0PZ/ref=sr_1_89?dib=eyJ2IjoiMSJ9.6RBKqEj-KNhqX-o8Ul29fF5mbKVzPAkSZIBSYt2luYMNLC-0zvHiW7GSN6KRUYgW6bkBDNSciFTVWddl2Re9lg93CVGeb56BzAJPW-8eJ1FJEvXXBdxK1c95W83ygbnpWLLuQulDtILHLyRGBqj8vzCWCFe8WV_otRHr1pMX30U.Vxw87IIdUp0AOOymCzZ2dz8f2oxBieIaSSiPYqndWY8&dib_tag=se&m=A6PVCWOL6UP6Z&marketplaceID=A19VAU5U5O7RUS&qid=1776824891&refinements=p_36%3A8500-9000&s=merchant-items&sr=1-89&xpid=IvnStguvduseA#customerReviews,Horizons
B0DFKNVSLW,Audio CD,87.5,https://www.amazon.sg/Victory-Bolt-Thrower/dp/B0DFKNVSLW/ref=sr_1_90?dib=eyJ2IjoiMSJ9.6RBKqEj-KNhqX-o8Ul29fF5mbKVzPAkSZIBSYt2luYMNLC-0zvHiW7GSN6KRUYgW6bkBDNSciFTVWddl2Re9lg93CVGeb56BzAJPW-8eJ1FJEvXXBdxK1c95W83ygbnpWLLuQulDtILHLyRGBqj8vzCWCFe8WV_otRHr1pMX30U.Vxw87IIdUp0AOOymCzZ2dz8f2oxBieIaSSiPYqndWY8&dib_tag=se&m=A6PVCWOL6UP6Z&marketplaceID=A19VAU5U5O7RUS&qid=1776824891&refinements=p_36%3A8500-9000&s=merchant-items&sr=1-90&xpid=IvnStguvduseA#customerReviews,...For Victory
B003UUN1YE,Vinyl,125.63,https://www.amazon.sg/Turn-Friendly-Card-Parsons-Project/dp/B003UUN1YE/ref=sr_1_91?dib=eyJ2IjoiMSJ9.6RBKqEj-KNhqX-o8Ul29fF5mbKVzPAkSZIBSYt2luYMNLC-0zvHiW7GSN6KRUYgW6bkBDNSciFTVWddl2Re9lg93CVGeb56BzAJPW-8eJ1FJEvXXBdxK1c95W83ygbnpWLLuQulDtILHLyRGBqj8vzCWCFe8WV_otRHr1pMX30U.Vxw87IIdUp0AOOymCzZ2dz8f2oxBieIaSSiPYqndWY8&dib_tag=se&m=A6PVCWOL6UP6Z&marketplaceID=A19VAU5U5O7RUS&qid=1776824891&refinements=p_36%3A8500-9000&s=merchant-items&sr=1-91&xpid=IvnStguvduseA#customerReviews,Turn Of A Friendly Card
B09NZFP83K,Vinyl,87.5,https://www.amazon.sg/Little-180-Gram-Colored-Vinyl-Bonus/dp/B09NZFP83K/ref=sr_1_97?dib=eyJ2IjoiMSJ9.lgWxXRSdnp7nvy33iliD42srA0Hsh40Ej-EXhl69jTKaaVZz55Yxqp0YDAVGMa6_ZkI1htpAu9p7FpObgHvCAw.ZcUgYllmAZ2Olp4Dq7c7mFg6P9Otc8KbzipbJkdSF3E&dib_tag=se&m=A6PVCWOL6UP6Z&marketplaceID=A19VAU5U5O7RUS&qid=1776824895&refinements=p_36%3A8500-9000&s=merchant-items&sr=1-97&xpid=IvnStguvduseA#customerReviews,Little Girl Blue [180-Gram Blue Colored Vinyl With Bonus Track]
B077GRMKQF,Audio CD,87.5,https://www.amazon.sg/Contra-Indecis%C2%A1-Bobo-Stenson-Trio/dp/B077GRMKQF/ref=sr_1_98?dib=eyJ2IjoiMSJ9.lgWxXRSdnp7nvy33iliD42srA0Hsh40Ej-EXhl69jTKaaVZz55Yxqp0YDAVGMa6_ZkI1htpAu9p7FpObgHvCAw.ZcUgYllmAZ2Olp4Dq7c7mFg6P9Otc8KbzipbJkdSF3E&dib_tag=se&m=A6PVCWOL6UP6Z&marketplaceID=A19VAU5U5O7RUS&qid=1776824895&refinements=p_36%3A8500-9000&s=merchant-items&sr=1-98&xpid=IvnStguvduseA#customerReviews,Contra La Indecis¡on
B00004YLG9,Audio CD,85.6,https://www.amazon.sg/Live-Grant-Street-Clifton-Chenier/dp/B00004YLG9/ref=sr_1_99?dib=eyJ2IjoiMSJ9.lgWxXRSdnp7nvy33iliD42srA0Hsh40Ej-EXhl69jTKaaVZz55Yxqp0YDAVGMa6_ZkI1htpAu9p7FpObgHvCAw.ZcUgYllmAZ2Olp4Dq7c7mFg6P9Otc8KbzipbJkdSF3E&dib_tag=se&m=A6PVCWOL6UP6Z&marketplaceID=A19VAU5U5O7RUS&qid=1776824895&refinements=p_36%3A8500-9000&s=merchant-items&sr=1-99&xpid=IvnStguvduseA#customerReviews,Live at Grant Street
B0B5VNSX3Q,Audio CD,88.49,https://www.amazon.sg/Cafe-Bang-Tango/dp/B0B5VNSX3Q/ref=sr_1_100?dib=eyJ2IjoiMSJ9.lgWxXRSdnp7nvy33iliD42srA0Hsh40Ej-EXhl69jTKaaVZz55Yxqp0YDAVGMa6_ZkI1htpAu9p7FpObgHvCAw.ZcUgYllmAZ2Olp4Dq7c7mFg6P9Otc8KbzipbJkdSF3E&dib_tag=se&m=A6PVCWOL6UP6Z&marketplaceID=A19VAU5U5O7RUS&qid=1776824895&refinements=p_36%3A8500-9000&s=merchant-items&sr=1-100&xpid=IvnStguvduseA#customerReviews,Cafe
B0000001JI,Audio CD,85.6,https://www.amazon.sg/Mad-Reel-Michael-Doucet-Beausoleil/dp/B0000001JI/ref=sr_1_101?dib=eyJ2IjoiMSJ9.lgWxXRSdnp7nvy33iliD42srA0Hsh40Ej-EXhl69jTKaaVZz55Yxqp0YDAVGMa6_ZkI1htpAu9p7FpObgHvCAw.ZcUgYllmAZ2Olp4Dq7c7mFg6P9Otc8KbzipbJkdSF3E&dib_tag=se&m=A6PVCWOL6UP6Z&marketplaceID=A19VAU5U5O7RUS&qid=1776824895&refinements=p_36%3A8500-9000&s=merchant-items&sr=1-101&xpid=IvnStguvduseA#customerReviews,The Mad Reel
B074PZZLQQ,Vinyl,85.6,https://www.amazon.sg/Down-Hearted-Blues-EILEN-JEWELL/dp/B074PZZLQQ/ref=sr_1_97?dib=eyJ2IjoiMSJ9.4_tGkWXsPqO5aIczuE-e7XCiD5GO1t_NzF2BrO2qPxg30VHOuzzgBEOcsUALBbIlcXGP9xDsqBE3AHILH6iYh2VRr4Wo9iBhc_ewj614Gz8fxr3emrO_yAjeZ0Qq7HtdlacgckYkZnWb2i-h2_NYPilbdrt6bsub8TviyzhOaSY.epvbRzHuVNqb80pPMJ91SXCVeXBcRBD47Qz6RfU21bo&dib_tag=se&m=A6PVCWOL6UP6Z&marketplaceID=A19VAU5U5O7RUS&qid=1776824895&refinements=p_36%3A8500-9000&s=merchant-items&sr=1-97&xpid=IvnStguvduseA#customerReviews,Down Hearted Blues
B002EIJ8NQ,Audio CD,85.6,https://www.amazon.sg/Stupid-Love-Mindy-Smith/dp/B002EIJ8NQ/ref=sr_1_98?dib=eyJ2IjoiMSJ9.4_tGkWXsPqO5aIczuE-e7XCiD5GO1t_NzF2BrO2qPxg30VHOuzzgBEOcsUALBbIlcXGP9xDsqBE3AHILH6iYh2VRr4Wo9iBhc_ewj614Gz8fxr3emrO_yAjeZ0Qq7HtdlacgckYkZnWb2i-h2_NYPilbdrt6bsub8TviyzhOaSY.epvbRzHuVNqb80pPMJ91SXCVeXBcRBD47Qz6RfU21bo&dib_tag=se&m=A6PVCWOL6UP6Z&marketplaceID=A19VAU5U5O7RUS&qid=1776824895&refinements=p_36%3A8500-9000&s=merchant-items&sr=1-98&xpid=IvnStguvduseA#customerReviews,Stupid Love
B0DFL45GTT,Audio CD,87.5,https://www.amazon.sg/Diving-Deep-Live-Tori-Amos/dp/B0DFL45GTT/ref=sr_1_99?dib=eyJ2IjoiMSJ9.4_tGkWXsPqO5aIczuE-e7XCiD5GO1t_NzF2BrO2qPxg30VHOuzzgBEOcsUALBbIlcXGP9xDsqBE3AHILH6iYh2VRr4Wo9iBhc_ewj614Gz8fxr3emrO_yAjeZ0Qq7HtdlacgckYkZnWb2i-h2_NYPilbdrt6bsub8TviyzhOaSY.epvbRzHuVNqb80pPMJ91SXCVeXBcRBD47Qz6RfU21bo&dib_tag=se&m=A6PVCWOL6UP6Z&marketplaceID=A19VAU5U5O7RUS&qid=1776824895&refinements=p_36%3A8500-9000&s=merchant-items&sr=1-99&xpid=IvnStguvduseA#customerReviews,Diving Deep: Live
B0DBNYJDLS,Audio CD,81.78,https://www.amazon.sg/Srikandi-Kris-van-Plas/dp/B0DBNYJDLS/ref=sr_1_100?dib=eyJ2IjoiMSJ9.4_tGkWXsPqO5aIczuE-e7XCiD5GO1t_NzF2BrO2qPxg30VHOuzzgBEOcsUALBbIlcXGP9xDsqBE3AHILH6iYh2VRr4Wo9iBhc_ewj614Gz8fxr3emrO_yAjeZ0Qq7HtdlacgckYkZnWb2i-h2_NYPilbdrt6bsub8TviyzhOaSY.epvbRzHuVNqb80pPMJ91SXCVeXBcRBD47Qz6RfU21bo&dib_tag=se&m=A6PVCWOL6UP6Z&marketplaceID=A19VAU5U5O7RUS&qid=1776824895&refinements=p_36%3A8500-9000&s=merchant-items&sr=1-100&xpid=IvnStguvduseA,Srikandi
B0CBMSTVCF,Audio CD,83.88,https://www.amazon.sg/Straight-Out-Hell-Paper-Sleeve/dp/B0CBMSTVCF/ref=sr_1_101?dib=eyJ2IjoiMSJ9.4_tGkWXsPqO5aIczuE-e7XCiD5GO1t_NzF2BrO2qPxg30VHOuzzgBEOcsUALBbIlcXGP9xDsqBE3AHILH6iYh2VRr4Wo9iBhc_ewj614Gz8fxr3emrO_yAjeZ0Qq7HtdlacgckYkZnWb2i-h2_NYPilbdrt6bsub8TviyzhOaSY.epvbRzHuVNqb80pPMJ91SXCVeXBcRBD47Qz6RfU21bo&dib_tag=se&m=A6PVCWOL6UP6Z&marketplaceID=A19VAU5U5O7RUS&qid=1776824895&refinements=p_36%3A8500-9000&s=merchant-items&sr=1-101&xpid=IvnStguvduseA#customerReviews,Straight Out Of Hell - SHM/Paper Sleeve
B0BTC5JRM2,Audio CD,88.08,https://www.amazon.sg/%E3%83%9E%E3%83%BC%E3%83%A9%E3%83%BC-%E4%BA%A4%E9%9F%BF%E6%9B%B2%E7%AC%AC5%E7%95%AA/dp/B0BTC5JRM2/ref=sr_1_102?dib=eyJ2IjoiMSJ9.4_tGkWXsPqO5aIczuE-e7XCiD5GO1t_NzF2BrO2qPxg30VHOuzzgBEOcsUALBbIlcXGP9xDsqBE3AHILH6iYh2VRr4Wo9iBhc_ewj614Gz8fxr3emrO_yAjeZ0Qq7HtdlacgckYkZnWb2i-h2_NYPilbdrt6bsub8TviyzhOaSY.epvbRzHuVNqb80pPMJ91SXCVeXBcRBD47Qz6RfU21bo&dib_tag=se&m=A6PVCWOL6UP6Z&marketplaceID=A19VAU5U5O7RUS&qid=1776824895&refinements=p_36%3A8500-9000&s=merchant-items&sr=1-102&xpid=IvnStguvduseA#customerReviews,マーラー:交響曲第5番
B08XY1C94X,Audio CD,88.08,https://www.amazon.sg/%E3%83%95%E3%83%A9%E3%83%B3%E3%82%B9%E3%81%AE%E5%A4%9C%E4%BC%9A-%E9%BB%92%E6%B2%BC%E9%A6%99%E6%81%8B/dp/B08XY1C94X/ref=sr_1_103?dib=eyJ2IjoiMSJ9.4_tGkWXsPqO5aIczuE-e7XCiD5GO1t_NzF2BrO2qPxg30VHOuzzgBEOcsUALBbIlcXGP9xDsqBE3AHILH6iYh2VRr4Wo9iBhc_ewj614Gz8fxr3emrO_yAjeZ0Qq7HtdlacgckYkZnWb2i-h2_NYPilbdrt6bsub8TviyzhOaSY.epvbRzHuVNqb80pPMJ91SXCVeXBcRBD47Qz6RfU21bo&dib_tag=se&m=A6PVCWOL6UP6Z&marketplaceID=A19VAU5U5O7RUS&qid=1776824895&refinements=p_36%3A8500-9000&s=merchant-items&sr=1-103&xpid=IvnStguvduseA#customerReviews,フランスの夜会
B07Z859Z1G,Audio CD,83.88,https://www.amazon.sg/%E3%82%BF%E3%82%A4%E3%83%A0%E3%82%AB%E3%83%97%E3%82%BB%E3%83%AB-%E5%88%9D%E5%9B%9E%E9%99%90%E5%AE%9ADVD%E7%9B%A4-DVD%E4%BB%98-%E8%8E%89%E7%8A%AC/dp/B07Z859Z1G/ref=sr_1_104?dib=eyJ2IjoiMSJ9.4_tGkWXsPqO5aIczuE-e7XCiD5GO1t_NzF2BrO2qPxg30VHOuzzgBEOcsUALBbIlcXGP9xDsqBE3AHILH6iYh2VRr4Wo9iBhc_ewj614Gz8fxr3emrO_yAjeZ0Qq7HtdlacgckYkZnWb2i-h2_NYPilbdrt6bsub8TviyzhOaSY.epvbRzHuVNqb80pPMJ91SXCVeXBcRBD47Qz6RfU21bo&dib_tag=se&m=A6PVCWOL6UP6Z&marketplaceID=A19VAU5U5O7RUS&qid=1776824895&refinements=p_36%3A8500-9000&s=merchant-items&sr=1-104&xpid=IvnStguvduseA#customerReviews,タイムカプセル(初回限定DVD盤)(DVD付)
B07HCR2C98,Audio CD,87.5,https://www.amazon.sg/Search-Lost-Chord-Moody-Blues/dp/B07HCR2C98/ref=sr_1_105?dib=eyJ2IjoiMSJ9.4_tGkWXsPqO5aIczuE-e7XCiD5GO1t_NzF2BrO2qPxg30VHOuzzgBEOcsUALBbIlcXGP9xDsqBE3AHILH6iYh2VRr4Wo9iBhc_ewj614Gz8fxr3emrO_yAjeZ0Qq7HtdlacgckYkZnWb2i-h2_NYPilbdrt6bsub8TviyzhOaSY.epvbRzHuVNqb80pPMJ91SXCVeXBcRBD47Qz6RfU21bo&dib_tag=se&m=A6PVCWOL6UP6Z&marketplaceID=A19VAU5U5O7RUS&qid=1776824895&refinements=p_36%3A8500-9000&s=merchant-items&sr=1-105&xpid=IvnStguvduseA#customerReviews,In Search Of The Lost Chord
B00V3AROJG,Audio CD,87.75,https://www.amazon.sg/FUKUSHIMA-%E9%81%A0%E8%97%A4%E3%83%9F%E3%83%81%E3%83%AD%E3%82%A6/dp/B00V3AROJG/ref=sr_1_106?dib=eyJ2IjoiMSJ9.4_tGkWXsPqO5aIczuE-e7XCiD5GO1t_NzF2BrO2qPxg30VHOuzzgBEOcsUALBbIlcXGP9xDsqBE3AHILH6iYh2VRr4Wo9iBhc_ewj614Gz8fxr3emrO_yAjeZ0Qq7HtdlacgckYkZnWb2i-h2_NYPilbdrt6bsub8TviyzhOaSY.epvbRzHuVNqb80pPMJ91SXCVeXBcRBD47Qz6RfU21bo&dib_tag=se&m=A6PVCWOL6UP6Z&marketplaceID=A19VAU5U5O7RUS&qid=1776824895&refinements=p_36%3A8500-9000&s=merchant-items&sr=1-106&xpid=IvnStguvduseA#customerReviews,FUKUSHIMA
B0BT54G611,Vinyl,87.5,https://www.amazon.sg/Moanin-Moonlight-Limited-180-Gram-Colored/dp/B0BT54G611/ref=sr_1_107?dib=eyJ2IjoiMSJ9.4_tGkWXsPqO5aIczuE-e7XCiD5GO1t_NzF2BrO2qPxg30VHOuzzgBEOcsUALBbIlcXGP9xDsqBE3AHILH6iYh2VRr4Wo9iBhc_ewj614Gz8fxr3emrO_yAjeZ0Qq7HtdlacgckYkZnWb2i-h2_NYPilbdrt6bsub8TviyzhOaSY.epvbRzHuVNqb80pPMJ91SXCVeXBcRBD47Qz6RfU21bo&dib_tag=se&m=A6PVCWOL6UP6Z&marketplaceID=A19VAU5U5O7RUS&qid=1776824895&refinements=p_36%3A8500-9000&s=merchant-items&sr=1-107&xpid=IvnStguvduseA#customerReviews,Moanin In The Moonlight - Limited 180-Gram Blue Colored Vinyl with Bonus Tracks
B001FTTY48,Audio CD,87.5,https://www.amazon.sg/Death-Magnetic/dp/B001FTTY48/ref=sr_1_113?dib=eyJ2IjoiMSJ9.-L2WWIOvxsKLiGNmjJWlIP3jTs7rRd4UrMOp6NqTDiI8Cgu3ZERb39LJYEJVwOuxnbb6srISco0Lh05QYfpPXA.n2euU_TNa2Sy9b8u8Sf_BnAY5D3R-Hvfah4_99iHEBA&dib_tag=se&m=A6PVCWOL6UP6Z&marketplaceID=A19VAU5U5O7RUS&qid=1776824900&refinements=p_36%3A8500-9000&s=merchant-items&sr=1-113&xpid=IvnStguvduseA#customerReviews,Death Magnetic
B0BFLWLPNK,Vinyl,89.41,https://www.amazon.sg/Blue-Train-Limited-180-Gram-Colored/dp/B0BFLWLPNK/ref=sr_1_114?dib=eyJ2IjoiMSJ9.-L2WWIOvxsKLiGNmjJWlIP3jTs7rRd4UrMOp6NqTDiI8Cgu3ZERb39LJYEJVwOuxnbb6srISco0Lh05QYfpPXA.n2euU_TNa2Sy9b8u8Sf_BnAY5D3R-Hvfah4_99iHEBA&dib_tag=se&m=A6PVCWOL6UP6Z&marketplaceID=A19VAU5U5O7RUS&qid=1776824900&refinements=p_36%3A8500-9000&s=merchant-items&sr=1-114&xpid=IvnStguvduseA#customerReviews,Blue Train - Limited 180-Gram Blue Colored Vinyl with Bonus Track
B0762CQ3CX,Vinyl,137.07,https://www.amazon.sg/RAM-LP-Paul-Linda-McCartney/dp/B0762CQ3CX/ref=sr_1_115?dib=eyJ2IjoiMSJ9.-L2WWIOvxsKLiGNmjJWlIP3jTs7rRd4UrMOp6NqTDiI8Cgu3ZERb39LJYEJVwOuxnbb6srISco0Lh05QYfpPXA.n2euU_TNa2Sy9b8u8Sf_BnAY5D3R-Hvfah4_99iHEBA&dib_tag=se&m=A6PVCWOL6UP6Z&marketplaceID=A19VAU5U5O7RUS&qid=1776824900&refinements=p_36%3A8500-9000&s=merchant-items&sr=1-115&xpid=IvnStguvduseA#customerReviews,RAM [LP]
B0CCC8P6KJ,Vinyl,138.97,https://www.amazon.sg/Soul-Searching-Torsten-Goods/dp/B0CCC8P6KJ/ref=sr_1_116?dib=eyJ2IjoiMSJ9.-L2WWIOvxsKLiGNmjJWlIP3jTs7rRd4UrMOp6NqTDiI8Cgu3ZERb39LJYEJVwOuxnbb6srISco0Lh05QYfpPXA.n2euU_TNa2Sy9b8u8Sf_BnAY5D3R-Hvfah4_99iHEBA&dib_tag=se&m=A6PVCWOL6UP6Z&marketplaceID=A19VAU5U5O7RUS&qid=1776824900&refinements=p_36%3A8500-9000&s=merchant-items&sr=1-116&xpid=IvnStguvduseA#customerReviews,Soul Searching
B0BSJN9ZDW,Audio CD,88.08,https://www.amazon.sg/Rainbows-%E9%AB%98%E9%9F%B3%E8%B3%AAUHQCD%E4%BB%95%E6%A7%98-%E8%A7%A3%E8%AA%AC%E6%9B%B8%E3%83%BB%E6%AD%8C%E8%A9%9E%E5%AF%BE%E8%A8%B3%E4%BB%98%E3%81%8D-%E3%83%9C%E3%83%BC%E3%83%8A%E3%82%B9%E3%83%BB%E3%83%87%E3%82%A3%E3%82%B9%E3%82%AF%E4%BB%982%E6%9E%9A%E7%B5%84-XL1247CDJP/dp/B0BSJN9ZDW/ref=sr_1_117?dib=eyJ2IjoiMSJ9.-L2WWIOvxsKLiGNmjJWlIP3jTs7rRd4UrMOp6NqTDiI8Cgu3ZERb39LJYEJVwOuxnbb6srISco0Lh05QYfpPXA.n2euU_TNa2Sy9b8u8Sf_BnAY5D3R-Hvfah4_99iHEBA&dib_tag=se&m=A6PVCWOL6UP6Z&marketplaceID=A19VAU5U5O7RUS&qid=1776824900&refinements=p_36%3A8500-9000&s=merchant-items&sr=1-117&xpid=IvnStguvduseA#customerReviews,In Rainbows [Japanese Expanded Edition] [国内盤2CD / 高音質UHQCD仕様 / 解説書・歌詞対訳付き / ボーナス・ディスク付2枚組] (XL1247CDJP)
B0CL7XMN6F,Vinyl,89.41,https://www.amazon.sg/Jazz-Samba-Limited-180-Gram-Tracks/dp/B0CL7XMN6F/ref=sr_1_113?dib=eyJ2IjoiMSJ9.Rp9TVHwtL1oFbbkbAHiDglhmRppJCT22xCaKnq-m6vYXQ16_B1t8eZ19JkZgiMx7OkOACDrjTKnaGYgELl37IT4PwN3VRfkk2KW7NZoZqUYjHp6QZoG38Yob3i2uP6fcEYahR5nZ3_eRPy2NiEKBcYeI3wMfjHYUEVeD0CKFA9w.ttTkggvRRL6djgilVCQbr_s_jHXVL9oIbfmd4o_8GWI&dib_tag=se&m=A6PVCWOL6UP6Z&marketplaceID=A19VAU5U5O7RUS&qid=1776824900&refinements=p_36%3A8500-9000&s=merchant-items&sr=1-113&xpid=IvnStguvduseA#customerReviews,Jazz Samba - Limited 180-Gram Vinyl with Bonus Tracks [Analog]
B0BYCC5Q2W,Audio CD,85.6,https://www.amazon.sg/Thats-What-Call-Music-Various/dp/B0BYCC5Q2W/ref=sr_1_114?dib=eyJ2IjoiMSJ9.Rp9TVHwtL1oFbbkbAHiDglhmRppJCT22xCaKnq-m6vYXQ16_B1t8eZ19JkZgiMx7OkOACDrjTKnaGYgELl37IT4PwN3VRfkk2KW7NZoZqUYjHp6QZoG38Yob3i2uP6fcEYahR5nZ3_eRPy2NiEKBcYeI3wMfjHYUEVeD0CKFA9w.ttTkggvRRL6djgilVCQbr_s_jHXVL9oIbfmd4o_8GWI&dib_tag=se&m=A6PVCWOL6UP6Z&marketplaceID=A19VAU5U5O7RUS&qid=1776824900&refinements=p_36%3A8500-9000&s=merchant-items&sr=1-114&xpid=IvnStguvduseA#customerReviews,Now That's What I Call Music 14 / Various
B0CWLM1RD9,Audio CD,86.32,https://www.amazon.sg/Legendary-Friends-Country-Duets-Sheppard/dp/B0CWLM1RD9/ref=sr_1_115?dib=eyJ2IjoiMSJ9.Rp9TVHwtL1oFbbkbAHiDglhmRppJCT22xCaKnq-m6vYXQ16_B1t8eZ19JkZgiMx7OkOACDrjTKnaGYgELl37IT4PwN3VRfkk2KW7NZoZqUYjHp6QZoG38Yob3i2uP6fcEYahR5nZ3_eRPy2NiEKBcYeI3wMfjHYUEVeD0CKFA9w.ttTkggvRRL6djgilVCQbr_s_jHXVL9oIbfmd4o_8GWI&dib_tag=se&m=A6PVCWOL6UP6Z&marketplaceID=A19VAU5U5O7RUS&qid=1776824900&refinements=p_36%3A8500-9000&s=merchant-items&sr=1-115&xpid=IvnStguvduseA#customerReviews,Legendary Friends & Country Duets
B09DBBBKSP,"Audio, Cassette",87.5,https://www.amazon.sg/Monsters-Instrumentals-2CS-PURPLE-CASSETTE/dp/B09DBBBKSP/ref=sr_1_116?dib=eyJ2IjoiMSJ9.Rp9TVHwtL1oFbbkbAHiDglhmRppJCT22xCaKnq-m6vYXQ16_B1t8eZ19JkZgiMx7OkOACDrjTKnaGYgELl37IT4PwN3VRfkk2KW7NZoZqUYjHp6QZoG38Yob3i2uP6fcEYahR5nZ3_eRPy2NiEKBcYeI3wMfjHYUEVeD0CKFA9w.ttTkggvRRL6djgilVCQbr_s_jHXVL9oIbfmd4o_8GWI&dib_tag=se&m=A6PVCWOL6UP6Z&marketplaceID=A19VAU5U5O7RUS&qid=1776824900&refinements=p_36%3A8500-9000&s=merchant-items&sr=1-116&xpid=IvnStguvduseA#customerReviews,"Monsters + Instrumentals (2CS, PURPLE CASSETTE)"
B0DQ74GWVS,Vinyl,87.5,https://www.amazon.sg/Valium-Machine-Outlander/dp/B0DQ74GWVS/ref=sr_1_117?dib=eyJ2IjoiMSJ9.Rp9TVHwtL1oFbbkbAHiDglhmRppJCT22xCaKnq-m6vYXQ16_B1t8eZ19JkZgiMx7OkOACDrjTKnaGYgELl37IT4PwN3VRfkk2KW7NZoZqUYjHp6QZoG38Yob3i2uP6fcEYahR5nZ3_eRPy2NiEKBcYeI3wMfjHYUEVeD0CKFA9w.ttTkggvRRL6djgilVCQbr_s_jHXVL9oIbfmd4o_8GWI&dib_tag=se&m=A6PVCWOL6UP6Z&marketplaceID=A19VAU5U5O7RUS&qid=1776824900&refinements=p_36%3A8500-9000&s=merchant-items&sr=1-117&xpid=IvnStguvduseA#customerReviews,The Valium Machine
B0DJWBG6TX,Vinyl,85.6,https://www.amazon.sg/Confessin-Blues-Limited-180-Gram-Tracks/dp/B0DJWBG6TX/ref=sr_1_118?dib=eyJ2IjoiMSJ9.Rp9TVHwtL1oFbbkbAHiDglhmRppJCT22xCaKnq-m6vYXQ16_B1t8eZ19JkZgiMx7OkOACDrjTKnaGYgELl37IT4PwN3VRfkk2KW7NZoZqUYjHp6QZoG38Yob3i2uP6fcEYahR5nZ3_eRPy2NiEKBcYeI3wMfjHYUEVeD0CKFA9w.ttTkggvRRL6djgilVCQbr_s_jHXVL9oIbfmd4o_8GWI&dib_tag=se&m=A6PVCWOL6UP6Z&marketplaceID=A19VAU5U5O7RUS&qid=1776824900&refinements=p_36%3A8500-9000&s=merchant-items&sr=1-118&xpid=IvnStguvduseA#customerReviews,Confessin' The Blues - Limited 180-Gram Vinyl with Bonus Tracks
B0DCJDD9RB,Audio CD,89.6,https://www.amazon.sg/Celeste-Principe-Giorno-Paper-Sleeve/dp/B0DCJDD9RB/ref=sr_1_119?dib=eyJ2IjoiMSJ9.Rp9TVHwtL1oFbbkbAHiDglhmRppJCT22xCaKnq-m6vYXQ16_B1t8eZ19JkZgiMx7OkOACDrjTKnaGYgELl37IT4PwN3VRfkk2KW7NZoZqUYjHp6QZoG38Yob3i2uP6fcEYahR5nZ3_eRPy2NiEKBcYeI3wMfjHYUEVeD0CKFA9w.ttTkggvRRL6djgilVCQbr_s_jHXVL9oIbfmd4o_8GWI&dib_tag=se&m=A6PVCWOL6UP6Z&marketplaceID=A19VAU5U5O7RUS&qid=1776824900&refinements=p_36%3A8500-9000&s=merchant-items&sr=1-119&xpid=IvnStguvduseA#customerReviews,Celeste - Principe Di Un Giorno - SHM / Paper Sleeve
B0DCBRC6F2,Vinyl,85.6,https://www.amazon.sg/Jazz-Nocturno-Limited-180-Gram-Tracks/dp/B0DCBRC6F2/ref=sr_1_120?dib=eyJ2IjoiMSJ9.Rp9TVHwtL1oFbbkbAHiDglhmRppJCT22xCaKnq-m6vYXQ16_B1t8eZ19JkZgiMx7OkOACDrjTKnaGYgELl37IT4PwN3VRfkk2KW7NZoZqUYjHp6QZoG38Yob3i2uP6fcEYahR5nZ3_eRPy2NiEKBcYeI3wMfjHYUEVeD0CKFA9w.ttTkggvRRL6djgilVCQbr_s_jHXVL9oIbfmd4o_8GWI&dib_tag=se&m=A6PVCWOL6UP6Z&marketplaceID=A19VAU5U5O7RUS&qid=1776824900&refinements=p_36%3A8500-9000&s=merchant-items&sr=1-120&xpid=IvnStguvduseA#customerReviews,Jazz Nocturno - Limited 180-Gram Vinyl with Bonus Tracks
B0D4VZ5V3V,Audio CD,89.41,https://www.amazon.sg/Voz-Guitarra-Franz-Halasz/dp/B0D4VZ5V3V/ref=sr_1_121?dib=eyJ2IjoiMSJ9.Rp9TVHwtL1oFbbkbAHiDglhmRppJCT22xCaKnq-m6vYXQ16_B1t8eZ19JkZgiMx7OkOACDrjTKnaGYgELl37IT4PwN3VRfkk2KW7NZoZqUYjHp6QZoG38Yob3i2uP6fcEYahR5nZ3_eRPy2NiEKBcYeI3wMfjHYUEVeD0CKFA9w.ttTkggvRRL6djgilVCQbr_s_jHXVL9oIbfmd4o_8GWI&dib_tag=se&m=A6PVCWOL6UP6Z&marketplaceID=A19VAU5U5O7RUS&qid=1776824900&refinements=p_36%3A8500-9000&s=merchant-items&sr=1-121&xpid=IvnStguvduseA#customerReviews,La Voz de la Guitarra
B0CYQ4C77Q,Vinyl,87.5,https://www.amazon.sg/T-Bone-Blues-Limited-180-Gram-Tracks/dp/B0CYQ4C77Q/ref=sr_1_122?dib=eyJ2IjoiMSJ9.Rp9TVHwtL1oFbbkbAHiDglhmRppJCT22xCaKnq-m6vYXQ16_B1t8eZ19JkZgiMx7OkOACDrjTKnaGYgELl37IT4PwN3VRfkk2KW7NZoZqUYjHp6QZoG38Yob3i2uP6fcEYahR5nZ3_eRPy2NiEKBcYeI3wMfjHYUEVeD0CKFA9w.ttTkggvRRL6djgilVCQbr_s_jHXVL9oIbfmd4o_8GWI&dib_tag=se&m=A6PVCWOL6UP6Z&marketplaceID=A19VAU5U5O7RUS&qid=1776824900&refinements=p_36%3A8500-9000&s=merchant-items&sr=1-122&xpid=IvnStguvduseA#customerReviews,T-Bone Blues - Limited 180-Gram Vinyl with Bonus Tracks
B0CLB14QBJ,Audio CD,116.09,https://www.amazon.sg/Bright-Side-Dark-Side-Side-Dolby-Blu-ray/dp/B0CLB14QBJ/ref=sr_1_123?dib=eyJ2IjoiMSJ9.Rp9TVHwtL1oFbbkbAHiDglhmRppJCT22xCaKnq-m6vYXQ16_B1t8eZ19JkZgiMx7OkOACDrjTKnaGYgELl37IT4PwN3VRfkk2KW7NZoZqUYjHp6QZoG38Yob3i2uP6fcEYahR5nZ3_eRPy2NiEKBcYeI3wMfjHYUEVeD0CKFA9w.ttTkggvRRL6djgilVCQbr_s_jHXVL9oIbfmd4o_8GWI&dib_tag=se&m=A6PVCWOL6UP6Z&marketplaceID=A19VAU5U5O7RUS&qid=1776824900&refinements=p_36%3A8500-9000&s=merchant-items&sr=1-123&xpid=IvnStguvduseA#customerReviews,"i/o (Bright-Side Mix, Dark-Side Mix, In-Side Mix) [2CD/Dolby Atmos Blu-ray]"
B0CJ3WV7MV,Audio CD,87.5,https://www.amazon.sg/YESUNG-ALBUM-Unfading-Sence-Photo/dp/B0CJ3WV7MV/ref=sr_1_129?dib=eyJ2IjoiMSJ9.vphuRH7dVsYQgBd55SSLHTUCum5snNElUW5EnmjLI7AU_e9zNmaS9Q2UvjtRaOVaTxH1Jos1WFt_ErjVkmo89Q.YaYcyVSE-9fxbigmgIsPiumtNFiJwlwLktZn8GzGJZg&dib_tag=se&m=A6PVCWOL6UP6Z&marketplaceID=A19VAU5U5O7RUS&qid=1776824904&refinements=p_36%3A8500-9000&s=merchant-items&sr=1-129&xpid=IvnStguvduseA#customerReviews,YESUNG THE 5TH MINI ALBUM 'Unfading Sence (Photo Book Ver.)'(韓国盤）
B0CGMXX95K,Vinyl,87.5,https://www.amazon.sg/BAUHAUS-STAIRCASE-VINYL-inch-Analog/dp/B0CGMXX95K/ref=sr_1_130?dib=eyJ2IjoiMSJ9.vphuRH7dVsYQgBd55SSLHTUCum5snNElUW5EnmjLI7AU_e9zNmaS9Q2UvjtRaOVaTxH1Jos1WFt_ErjVkmo89Q.YaYcyVSE-9fxbigmgIsPiumtNFiJwlwLktZn8GzGJZg&dib_tag=se&m=A6PVCWOL6UP6Z&marketplaceID=A19VAU5U5O7RUS&qid=1776824904&refinements=p_36%3A8500-9000&s=merchant-items&sr=1-130&xpid=IvnStguvduseA#customerReviews,BAUHAUS STAIRCASE (RED VINYL) [12 inch Analog]
B0CGDNT94T,Vinyl,126.97,https://www.amazon.sg/Avatama-Vsq-No-Sporta/dp/B0CGDNT94T/ref=sr_1_131?dib=eyJ2IjoiMSJ9.vphuRH7dVsYQgBd55SSLHTUCum5snNElUW5EnmjLI7AU_e9zNmaS9Q2UvjtRaOVaTxH1Jos1WFt_ErjVkmo89Q.YaYcyVSE-9fxbigmgIsPiumtNFiJwlwLktZn8GzGJZg&dib_tag=se&m=A6PVCWOL6UP6Z&marketplaceID=A19VAU5U5O7RUS&qid=1776824904&refinements=p_36%3A8500-9000&s=merchant-items&sr=1-131&xpid=IvnStguvduseA#customerReviews,Avatama
B0CBMVL429,Audio CD,83.88,https://www.amazon.sg/7-Sinners-SHM-Paper-Sleeve/dp/B0CBMVL429/ref=sr_1_132?dib=eyJ2IjoiMSJ9.vphuRH7dVsYQgBd55SSLHTUCum5snNElUW5EnmjLI7AU_e9zNmaS9Q2UvjtRaOVaTxH1Jos1WFt_ErjVkmo89Q.YaYcyVSE-9fxbigmgIsPiumtNFiJwlwLktZn8GzGJZg&dib_tag=se&m=A6PVCWOL6UP6Z&marketplaceID=A19VAU5U5O7RUS&qid=1776824904&refinements=p_36%3A8500-9000&s=merchant-items&sr=1-132&xpid=IvnStguvduseA#customerReviews,7 Sinners - SHM/Paper Sleeve
B0C9WLRVXK,Audio CD,87.5,https://www.amazon.sg/Total-23-Various-Artists/dp/B0C9WLRVXK/ref=sr_1_133?dib=eyJ2IjoiMSJ9.vphuRH7dVsYQgBd55SSLHTUCum5snNElUW5EnmjLI7AU_e9zNmaS9Q2UvjtRaOVaTxH1Jos1WFt_ErjVkmo89Q.YaYcyVSE-9fxbigmgIsPiumtNFiJwlwLktZn8GzGJZg&dib_tag=se&m=A6PVCWOL6UP6Z&marketplaceID=A19VAU5U5O7RUS&qid=1776824904&refinements=p_36%3A8500-9000&s=merchant-items&sr=1-133&xpid=IvnStguvduseA#customerReviews,Total 23
B0C38C7CG1,Vinyl,87.5,https://www.amazon.sg/Ben-Analog-Jorge/dp/B0C38C7CG1/ref=sr_1_129?dib=eyJ2IjoiMSJ9.Z5K8aEfWqxC5paJNOxsBRhF6p8lxiwszMVict259icPlij5FKRli1W8TiRpK_JzA4UqHybtz51YGHK-l5lPncur1o3EHnDi3aB85QAbpwrTLwvHlqdgsRSJuVv_apjVzNmmz2v7sDbkH7a5fPTwVG-lub14jHM4vhYmSh-loq9Y.quD4O0BfXE9XpAfZ0Po6k7p3mV8vqnr6uXwqhsJFINo&dib_tag=se&m=A6PVCWOL6UP6Z&marketplaceID=A19VAU5U5O7RUS&qid=1776824904&refinements=p_36%3A8500-9000&s=merchant-items&sr=1-129&xpid=IvnStguvduseA#customerReviews,Ben [Analog]
B0C1KNZ6SR,Vinyl,87.5,https://www.amazon.sg/Summerhill/dp/B0C1KNZ6SR/ref=sr_1_130?dib=eyJ2IjoiMSJ9.Z5K8aEfWqxC5paJNOxsBRhF6p8lxiwszMVict259icPlij5FKRli1W8TiRpK_JzA4UqHybtz51YGHK-l5lPncur1o3EHnDi3aB85QAbpwrTLwvHlqdgsRSJuVv_apjVzNmmz2v7sDbkH7a5fPTwVG-lub14jHM4vhYmSh-loq9Y.quD4O0BfXE9XpAfZ0Po6k7p3mV8vqnr6uXwqhsJFINo&dib_tag=se&m=A6PVCWOL6UP6Z&marketplaceID=A19VAU5U5O7RUS&qid=1776824904&refinements=p_36%3A8500-9000&s=merchant-items&sr=1-130&xpid=IvnStguvduseA#customerReviews,Summerhill
B0C154ZVGG,Audio CD,87.5,https://www.amazon.sg/%E3%80%8E%E3%83%8F%E3%83%BC%E3%83%A2%E3%83%8B%E3%83%BC%E3%81%AE%E7%A7%98%E5%AF%86%E3%80%8F-J-S-%E3%83%90%E3%83%83%E3%83%8F%E3%81%AE%E7%94%9F%E6%B6%AF-V/dp/B0C154ZVGG/ref=sr_1_131?dib=eyJ2IjoiMSJ9.Z5K8aEfWqxC5paJNOxsBRhF6p8lxiwszMVict259icPlij5FKRli1W8TiRpK_JzA4UqHybtz51YGHK-l5lPncur1o3EHnDi3aB85QAbpwrTLwvHlqdgsRSJuVv_apjVzNmmz2v7sDbkH7a5fPTwVG-lub14jHM4vhYmSh-loq9Y.quD4O0BfXE9XpAfZ0Po6k7p3mV8vqnr6uXwqhsJFINo&dib_tag=se&m=A6PVCWOL6UP6Z&marketplaceID=A19VAU5U5O7RUS&qid=1776824904&refinements=p_36%3A8500-9000&s=merchant-items&sr=1-131&xpid=IvnStguvduseA,『ハーモニーの秘密』 J.S.バッハの生涯
B0BZ5HBL4Z,Vinyl,87.5,https://www.amazon.sg/Subtle-Body-Analog-Fila-Brazillia/dp/B0BZ5HBL4Z/ref=sr_1_132?dib=eyJ2IjoiMSJ9.Z5K8aEfWqxC5paJNOxsBRhF6p8lxiwszMVict259icPlij5FKRli1W8TiRpK_JzA4UqHybtz51YGHK-l5lPncur1o3EHnDi3aB85QAbpwrTLwvHlqdgsRSJuVv_apjVzNmmz2v7sDbkH7a5fPTwVG-lub14jHM4vhYmSh-loq9Y.quD4O0BfXE9XpAfZ0Po6k7p3mV8vqnr6uXwqhsJFINo&dib_tag=se&m=A6PVCWOL6UP6Z&marketplaceID=A19VAU5U5O7RUS&qid=1776824904&refinements=p_36%3A8500-9000&s=merchant-items&sr=1-132&xpid=IvnStguvduseA,Subtle Body [Analog]
B0BQS2CR86,Audio CD,87.5,https://www.amazon.sg/Symphonies-No-Arr-Hummel/dp/B0BQS2CR86/ref=sr_1_133?dib=eyJ2IjoiMSJ9.Z5K8aEfWqxC5paJNOxsBRhF6p8lxiwszMVict259icPlij5FKRli1W8TiRpK_JzA4UqHybtz51YGHK-l5lPncur1o3EHnDi3aB85QAbpwrTLwvHlqdgsRSJuVv_apjVzNmmz2v7sDbkH7a5fPTwVG-lub14jHM4vhYmSh-loq9Y.quD4O0BfXE9XpAfZ0Po6k7p3mV8vqnr6uXwqhsJFINo&dib_tag=se&m=A6PVCWOL6UP6Z&marketplaceID=A19VAU5U5O7RUS&qid=1776824904&refinements=p_36%3A8500-9000&s=merchant-items&sr=1-133&xpid=IvnStguvduseA,Symphonies No. 2 & No. 5 (Arr. By Hummel)
B0BFBR2MSG,Vinyl,85.6,https://www.amazon.sg/Classic-Billboard-Analog-Elvis-Presley/dp/B0BFBR2MSG/ref=sr_1_134?dib=eyJ2IjoiMSJ9.Z5K8aEfWqxC5paJNOxsBRhF6p8lxiwszMVict259icPlij5FKRli1W8TiRpK_JzA4UqHybtz51YGHK-l5lPncur1o3EHnDi3aB85QAbpwrTLwvHlqdgsRSJuVv_apjVzNmmz2v7sDbkH7a5fPTwVG-lub14jHM4vhYmSh-loq9Y.quD4O0BfXE9XpAfZ0Po6k7p3mV8vqnr6uXwqhsJFINo&dib_tag=se&m=A6PVCWOL6UP6Z&marketplaceID=A19VAU5U5O7RUS&qid=1776824904&refinements=p_36%3A8500-9000&s=merchant-items&sr=1-134&xpid=IvnStguvduseA#customerReviews,Classic Billboard.. -Hq- [Analog]
B0BBJRHYG4,Vinyl,87.5,https://www.amazon.sg/Onwards-VINYL/dp/B0BBJRHYG4/ref=sr_1_135?dib=eyJ2IjoiMSJ9.Z5K8aEfWqxC5paJNOxsBRhF6p8lxiwszMVict259icPlij5FKRli1W8TiRpK_JzA4UqHybtz51YGHK-l5lPncur1o3EHnDi3aB85QAbpwrTLwvHlqdgsRSJuVv_apjVzNmmz2v7sDbkH7a5fPTwVG-lub14jHM4vhYmSh-loq9Y.quD4O0BfXE9XpAfZ0Po6k7p3mV8vqnr6uXwqhsJFINo&dib_tag=se&m=A6PVCWOL6UP6Z&marketplaceID=A19VAU5U5O7RUS&qid=1776824904&refinements=p_36%3A8500-9000&s=merchant-items&sr=1-135&xpid=IvnStguvduseA#customerReviews,Onwards [VINYL]
B0B6RQN138,Audio CD,85.6,https://www.amazon.sg/Complete-Bonus-Tr-Ahmad-Jamal/dp/B0B6RQN138/ref=sr_1_136?dib=eyJ2IjoiMSJ9.Z5K8aEfWqxC5paJNOxsBRhF6p8lxiwszMVict259icPlij5FKRli1W8TiRpK_JzA4UqHybtz51YGHK-l5lPncur1o3EHnDi3aB85QAbpwrTLwvHlqdgsRSJuVv_apjVzNmmz2v7sDbkH7a5fPTwVG-lub14jHM4vhYmSh-loq9Y.quD4O0BfXE9XpAfZ0Po6k7p3mV8vqnr6uXwqhsJFINo&dib_tag=se&m=A6PVCWOL6UP6Z&marketplaceID=A19VAU5U5O7RUS&qid=1776824904&refinements=p_36%3A8500-9000&s=merchant-items&sr=1-136&xpid=IvnStguvduseA#customerReviews,Complete.. -Bonus Tr-
B0B6CWT6L5,Audio CD,85.6,https://www.amazon.sg/Last-Eightful-Dysmorfectomy/dp/B0B6CWT6L5/ref=sr_1_137?dib=eyJ2IjoiMSJ9.Z5K8aEfWqxC5paJNOxsBRhF6p8lxiwszMVict259icPlij5FKRli1W8TiRpK_JzA4UqHybtz51YGHK-l5lPncur1o3EHnDi3aB85QAbpwrTLwvHlqdgsRSJuVv_apjVzNmmz2v7sDbkH7a5fPTwVG-lub14jHM4vhYmSh-loq9Y.quD4O0BfXE9XpAfZ0Po6k7p3mV8vqnr6uXwqhsJFINo&dib_tag=se&m=A6PVCWOL6UP6Z&marketplaceID=A19VAU5U5O7RUS&qid=1776824904&refinements=p_36%3A8500-9000&s=merchant-items&sr=1-137&xpid=IvnStguvduseA,The Last Eightful
B09WR2KCLB,Audio CD,83.88,https://www.amazon.sg/CROSS-LINE-%E3%83%92%E3%83%97%E3%83%8E%E3%82%B7%E3%82%B9%E3%83%9E%E3%82%A4%E3%82%AF-Division-Battle/dp/B09WR2KCLB/ref=sr_1_138?dib=eyJ2IjoiMSJ9.Z5K8aEfWqxC5paJNOxsBRhF6p8lxiwszMVict259icPlij5FKRli1W8TiRpK_JzA4UqHybtz51YGHK-l5lPncur1o3EHnDi3aB85QAbpwrTLwvHlqdgsRSJuVv_apjVzNmmz2v7sDbkH7a5fPTwVG-lub14jHM4vhYmSh-loq9Y.quD4O0BfXE9XpAfZ0Po6k7p3mV8vqnr6uXwqhsJFINo&dib_tag=se&m=A6PVCWOL6UP6Z&marketplaceID=A19VAU5U5O7RUS&qid=1776824904&refinements=p_36%3A8500-9000&s=merchant-items&sr=1-138&xpid=IvnStguvduseA#customerReviews,CROSS A LINE(通常盤)
B09RV378BH,Blu-ray,230.67,https://www.amazon.sg/SPRING-TOUR-NAKED-%E5%88%9D%E5%9B%9E%E7%94%9F%E7%94%A3%E9%99%90%E5%AE%9A%E7%9B%A4-Blu-ray/dp/B09RV378BH/ref=sr_1_139?dib=eyJ2IjoiMSJ9.Z5K8aEfWqxC5paJNOxsBRhF6p8lxiwszMVict259icPlij5FKRli1W8TiRpK_JzA4UqHybtz51YGHK-l5lPncur1o3EHnDi3aB85QAbpwrTLwvHlqdgsRSJuVv_apjVzNmmz2v7sDbkH7a5fPTwVG-lub14jHM4vhYmSh-loq9Y.quD4O0BfXE9XpAfZ0Po6k7p3mV8vqnr6uXwqhsJFINo&dib_tag=se&m=A6PVCWOL6UP6Z&marketplaceID=A19VAU5U5O7RUS&qid=1776824904&refinements=p_36%3A8500-9000&s=merchant-items&sr=1-139&xpid=IvnStguvduseA#customerReviews,"SPRING TOUR ""NAKED"" (初回生産限定盤) (Blu-ray) (特典なし)"
B09RV378BH,,,,
B09RQXQQ2S,Audio CD,85.6,https://www.amazon.sg/Endangered-Species-UK-Subs/dp/B09RQXQQ2S/ref=sr_1_145?dib=eyJ2IjoiMSJ9.oiFW9qysaFcoOeCPlrrTZQj7rtnJahj-_MpgHN3HaWG_i7cJ1pWKW0GoUK0V_6mkT2uBK1VM7YvbrEJheFaCUw.sKpbww0z29RheIoP9SAgyO8HnrGH2tYmPFNCEqdT2f0&dib_tag=se&m=A6PVCWOL6UP6Z&marketplaceID=A19VAU5U5O7RUS&qid=1776824909&refinements=p_36%3A8500-9000&s=merchant-items&sr=1-145&xpid=IvnStguvduseA#customerReviews,Endangered Species
B09RCPKK97,Audio CD,88.49,https://www.amazon.sg/GIULIANI-COMPLETE-MUSIC-FLUTE-GUITAR/dp/B09RCPKK97/ref=sr_1_146?dib=eyJ2IjoiMSJ9.oiFW9qysaFcoOeCPlrrTZQj7rtnJahj-_MpgHN3HaWG_i7cJ1pWKW0GoUK0V_6mkT2uBK1VM7YvbrEJheFaCUw.sKpbww0z29RheIoP9SAgyO8HnrGH2tYmPFNCEqdT2f0&dib_tag=se&m=A6PVCWOL6UP6Z&marketplaceID=A19VAU5U5O7RUS&qid=1776824909&refinements=p_36%3A8500-9000&s=merchant-items&sr=1-146&xpid=IvnStguvduseA#customerReviews,GIULIANI: COMPLETE MUSIC FOR FLUTE & GUITAR
B09NTLPX59,Vinyl,104.85,https://www.amazon.sg/%E3%82%B7%E3%83%B3%E3%82%AE%E3%83%B3%E3%83%BB%E3%82%B6%E3%83%BB%E3%83%96%E3%83%AB%E3%83%BC%E3%82%B9-%E5%88%9D%E5%9B%9E%E9%99%90%E5%AE%9A%E7%94%9F%E7%94%A3-180g%E9%87%8D%E9%87%8F%E7%9B%A4-%E5%B8%AF%E4%BB%98%E3%81%8D-Analog/dp/B09NTLPX59/ref=sr_1_147?dib=eyJ2IjoiMSJ9.oiFW9qysaFcoOeCPlrrTZQj7rtnJahj-_MpgHN3HaWG_i7cJ1pWKW0GoUK0V_6mkT2uBK1VM7YvbrEJheFaCUw.sKpbww0z29RheIoP9SAgyO8HnrGH2tYmPFNCEqdT2f0&dib_tag=se&m=A6PVCWOL6UP6Z&marketplaceID=A19VAU5U5O7RUS&qid=1776824909&refinements=p_36%3A8500-9000&s=merchant-items&sr=1-147&xpid=IvnStguvduseA#customerReviews,シンギン・ザ・ブルース[初回限定生産][180g重量盤][帯付き] [Analog]
B09L4KJ5ZF,Audio CD,106.75,https://www.amazon.sg/%E6%9D%B1%E4%BA%AC-%E5%88%9D%E5%9B%9E%E7%94%9F%E7%94%A3%E9%99%90%E5%AE%9A%E7%9B%A4B-%E7%89%B9%E5%85%B8%E3%81%AA%E3%81%97-SUPER-BEAVER/dp/B09L4KJ5ZF/ref=sr_1_148?dib=eyJ2IjoiMSJ9.oiFW9qysaFcoOeCPlrrTZQj7rtnJahj-_MpgHN3HaWG_i7cJ1pWKW0GoUK0V_6mkT2uBK1VM7YvbrEJheFaCUw.sKpbww0z29RheIoP9SAgyO8HnrGH2tYmPFNCEqdT2f0&dib_tag=se&m=A6PVCWOL6UP6Z&marketplaceID=A19VAU5U5O7RUS&qid=1776824909&refinements=p_36%3A8500-9000&s=merchant-items&sr=1-148&xpid=IvnStguvduseA#customerReviews,東京 (初回生産限定盤B) (特典なし)
B09JCXD4KX,Vinyl,100.66,https://www.amazon.sg/Music-Films-2020-2021-Original-Soundtrack/dp/B09JCXD4KX/ref=sr_1_149?dib=eyJ2IjoiMSJ9.oiFW9qysaFcoOeCPlrrTZQj7rtnJahj-_MpgHN3HaWG_i7cJ1pWKW0GoUK0V_6mkT2uBK1VM7YvbrEJheFaCUw.sKpbww0z29RheIoP9SAgyO8HnrGH2tYmPFNCEqdT2f0&dib_tag=se&m=A6PVCWOL6UP6Z&marketplaceID=A19VAU5U5O7RUS&qid=1776824909&refinements=p_36%3A8500-9000&s=merchant-items&sr=1-149&xpid=IvnStguvduseA#customerReviews,Music For Films 2020-2021 (Original Soundtrack)
B09J5KJ848,Audio CD,83.88,https://www.amazon.sg/HOOD-HAS-RAISED-ME/dp/B09J5KJ848/ref=sr_1_145?dib=eyJ2IjoiMSJ9.cX_NJBL0w1Tw_rFb5zhGyWTW8QHJXzg3uT1mlZLrQMVeC5XvYs3Ad5KBZqOODB8EQB_8d-SIPJI2eYooWTTWBrWv0uizHuYla7sbvczH9pDfvUI-XG1Q9xuRtKr4lJT16e24rGwhPCNYfxIjPp8s9s_PpmY-Hd3kXDrsNe7o-is.DiG0ANZUXPLzA-eJqWt8PI5L0g3N4MT6PB3jTH35L4A&dib_tag=se&m=A6PVCWOL6UP6Z&marketplaceID=A19VAU5U5O7RUS&qid=1776824909&refinements=p_36%3A8500-9000&s=merchant-items&sr=1-145&xpid=IvnStguvduseA#customerReviews,THE HOOD HAS RAISED ME
B09GW7DNNY,Audio CD,238.3,https://www.amazon.sg/%E7%94%9F%E7%94%A3%E9%99%90%E5%AE%9A%E7%9B%A4IVVY-PIE5E-BOX-IVVY/dp/B09GW7DNNY/ref=sr_1_146?dib=eyJ2IjoiMSJ9.cX_NJBL0w1Tw_rFb5zhGyWTW8QHJXzg3uT1mlZLrQMVeC5XvYs3Ad5KBZqOODB8EQB_8d-SIPJI2eYooWTTWBrWv0uizHuYla7sbvczH9pDfvUI-XG1Q9xuRtKr4lJT16e24rGwhPCNYfxIjPp8s9s_PpmY-Hd3kXDrsNe7o-is.DiG0ANZUXPLzA-eJqWt8PI5L0g3N4MT6PB3jTH35L4A&dib_tag=se&m=A6PVCWOL6UP6Z&marketplaceID=A19VAU5U5O7RUS&qid=1776824909&refinements=p_36%3A8500-9000&s=merchant-items&sr=1-146&xpid=IvnStguvduseA#customerReviews,"生産限定盤IVVY ""PIE5E"" BOX"
B099ZL4741,Audio CD,87.5,https://www.amazon.sg/%E3%83%B4%E3%82%A1%E3%83%BC%E3%83%84%E3%83%A9%E3%83%95%E3%83%BB%E3%82%B9%E3%83%A1%E3%82%BF%E3%83%BC%E3%83%81%E3%82%A7%E3%82%AF%E3%81%AE%E8%8A%B8%E8%A1%93-V%C3%A1clav-Smet%C3%A1%C4%8Dek-vol-4-%E6%97%A5%E6%9C%AC%E8%AA%9E%E5%B8%AF%E3%83%BB%E8%A7%A3%E8%AA%AC%E4%BB%98/dp/B099ZL4741/ref=sr_1_147?dib=eyJ2IjoiMSJ9.cX_NJBL0w1Tw_rFb5zhGyWTW8QHJXzg3uT1mlZLrQMVeC5XvYs3Ad5KBZqOODB8EQB_8d-SIPJI2eYooWTTWBrWv0uizHuYla7sbvczH9pDfvUI-XG1Q9xuRtKr4lJT16e24rGwhPCNYfxIjPp8s9s_PpmY-Hd3kXDrsNe7o-is.DiG0ANZUXPLzA-eJqWt8PI5L0g3N4MT6PB3jTH35L4A&dib_tag=se&m=A6PVCWOL6UP6Z&marketplaceID=A19VAU5U5O7RUS&qid=1776824909&refinements=p_36%3A8500-9000&s=merchant-items&sr=1-147&xpid=IvnStguvduseA,ヴァーツラフ・スメターチェクの芸術 第4集 (The Art of Václav Smetáček vol.4) [CD] [国内プレス] [日本語帯・解説付]
B097YL53R7,Audio CD,83.88,https://www.amazon.sg/Paradox-Live-Shuffle-Team-Show/dp/B097YL53R7/ref=sr_1_148?dib=eyJ2IjoiMSJ9.cX_NJBL0w1Tw_rFb5zhGyWTW8QHJXzg3uT1mlZLrQMVeC5XvYs3Ad5KBZqOODB8EQB_8d-SIPJI2eYooWTTWBrWv0uizHuYla7sbvczH9pDfvUI-XG1Q9xuRtKr4lJT16e24rGwhPCNYfxIjPp8s9s_PpmY-Hd3kXDrsNe7o-is.DiG0ANZUXPLzA-eJqWt8PI5L0g3N4MT6PB3jTH35L4A&dib_tag=se&m=A6PVCWOL6UP6Z&marketplaceID=A19VAU5U5O7RUS&qid=1776824909&refinements=p_36%3A8500-9000&s=merchant-items&sr=1-148&xpid=IvnStguvduseA#customerReviews,Paradox Live Shuffle Team Show
B08Z33QXT7,Audio CD,87.5,https://www.amazon.sg/Tree-City-Sessions-Dance-Gavin/dp/B08Z33QXT7/ref=sr_1_149?dib=eyJ2IjoiMSJ9.cX_NJBL0w1Tw_rFb5zhGyWTW8QHJXzg3uT1mlZLrQMVeC5XvYs3Ad5KBZqOODB8EQB_8d-SIPJI2eYooWTTWBrWv0uizHuYla7sbvczH9pDfvUI-XG1Q9xuRtKr4lJT16e24rGwhPCNYfxIjPp8s9s_PpmY-Hd3kXDrsNe7o-is.DiG0ANZUXPLzA-eJqWt8PI5L0g3N4MT6PB3jTH35L4A&dib_tag=se&m=A6PVCWOL6UP6Z&marketplaceID=A19VAU5U5O7RUS&qid=1776824909&refinements=p_36%3A8500-9000&s=merchant-items&sr=1-149&xpid=IvnStguvduseA#customerReviews,Tree City Sessions 2
B08PJPWP24,Vinyl,89.41,https://www.amazon.sg/House-Music-Bell-Orchestre/dp/B08PJPWP24/ref=sr_1_150?dib=eyJ2IjoiMSJ9.cX_NJBL0w1Tw_rFb5zhGyWTW8QHJXzg3uT1mlZLrQMVeC5XvYs3Ad5KBZqOODB8EQB_8d-SIPJI2eYooWTTWBrWv0uizHuYla7sbvczH9pDfvUI-XG1Q9xuRtKr4lJT16e24rGwhPCNYfxIjPp8s9s_PpmY-Hd3kXDrsNe7o-is.DiG0ANZUXPLzA-eJqWt8PI5L0g3N4MT6PB3jTH35L4A&dib_tag=se&m=A6PVCWOL6UP6Z&marketplaceID=A19VAU5U5O7RUS&qid=1776824909&refinements=p_36%3A8500-9000&s=merchant-items&sr=1-150&xpid=IvnStguvduseA#customerReviews,House Music
B08CP92NH1,Vinyl,87.5,https://www.amazon.sg/Crown-Lands/dp/B08CP92NH1/ref=sr_1_151?dib=eyJ2IjoiMSJ9.cX_NJBL0w1Tw_rFb5zhGyWTW8QHJXzg3uT1mlZLrQMVeC5XvYs3Ad5KBZqOODB8EQB_8d-SIPJI2eYooWTTWBrWv0uizHuYla7sbvczH9pDfvUI-XG1Q9xuRtKr4lJT16e24rGwhPCNYfxIjPp8s9s_PpmY-Hd3kXDrsNe7o-is.DiG0ANZUXPLzA-eJqWt8PI5L0g3N4MT6PB3jTH35L4A&dib_tag=se&m=A6PVCWOL6UP6Z&marketplaceID=A19VAU5U5O7RUS&qid=1776824909&refinements=p_36%3A8500-9000&s=merchant-items&sr=1-151&xpid=IvnStguvduseA#customerReviews,Crown Lands
B088BLJP9F,Vinyl,89.41,https://www.amazon.sg/Co-Starring-LP-Ray-Wylie-Hubbard/dp/B088BLJP9F/ref=sr_1_152?dib=eyJ2IjoiMSJ9.cX_NJBL0w1Tw_rFb5zhGyWTW8QHJXzg3uT1mlZLrQMVeC5XvYs3Ad5KBZqOODB8EQB_8d-SIPJI2eYooWTTWBrWv0uizHuYla7sbvczH9pDfvUI-XG1Q9xuRtKr4lJT16e24rGwhPCNYfxIjPp8s9s_PpmY-Hd3kXDrsNe7o-is.DiG0ANZUXPLzA-eJqWt8PI5L0g3N4MT6PB3jTH35L4A&dib_tag=se&m=A6PVCWOL6UP6Z&marketplaceID=A19VAU5U5O7RUS&qid=1776824909&refinements=p_36%3A8500-9000&s=merchant-items&sr=1-152&xpid=IvnStguvduseA#customerReviews,Co-Starring [LP]
B0849T1LXD,Audio CD,83.88,https://www.amazon.sg/%E6%98%9F%E3%81%8C%E3%81%AF%E3%81%98%E3%81%BE%E3%82%8B-%E3%80%90Blu-ray%E4%BB%98%E7%94%9F%E7%94%A3%E9%99%90%E5%AE%9A%E7%9B%A4%E3%80%91-Argonavis/dp/B0849T1LXD/ref=sr_1_153?dib=eyJ2IjoiMSJ9.cX_NJBL0w1Tw_rFb5zhGyWTW8QHJXzg3uT1mlZLrQMVeC5XvYs3Ad5KBZqOODB8EQB_8d-SIPJI2eYooWTTWBrWv0uizHuYla7sbvczH9pDfvUI-XG1Q9xuRtKr4lJT16e24rGwhPCNYfxIjPp8s9s_PpmY-Hd3kXDrsNe7o-is.DiG0ANZUXPLzA-eJqWt8PI5L0g3N4MT6PB3jTH35L4A&dib_tag=se&m=A6PVCWOL6UP6Z&marketplaceID=A19VAU5U5O7RUS&qid=1776824909&refinements=p_36%3A8500-9000&s=merchant-items&sr=1-153&xpid=IvnStguvduseA#customerReviews,星がはじまる 【Blu-ray付生産限定盤】
B07Z74Q34Q,Audio CD,83.88,https://www.amazon.sg/%E3%82%AD%E3%83%B3%E3%82%B0%E3%81%AE%E3%82%B3%E3%83%AC-KING-COLLECTION-%E5%AE%9A%E7%95%AA%E3%83%92%E3%83%83%E3%83%88%E6%BC%94%E6%AD%8C-CD5%E6%9E%9A%E7%B5%84/dp/B07Z74Q34Q/ref=sr_1_154?dib=eyJ2IjoiMSJ9.cX_NJBL0w1Tw_rFb5zhGyWTW8QHJXzg3uT1mlZLrQMVeC5XvYs3Ad5KBZqOODB8EQB_8d-SIPJI2eYooWTTWBrWv0uizHuYla7sbvczH9pDfvUI-XG1Q9xuRtKr4lJT16e24rGwhPCNYfxIjPp8s9s_PpmY-Hd3kXDrsNe7o-is.DiG0ANZUXPLzA-eJqWt8PI5L0g3N4MT6PB3jTH35L4A&dib_tag=se&m=A6PVCWOL6UP6Z&marketplaceID=A19VAU5U5O7RUS&qid=1776824909&refinements=p_36%3A8500-9000&s=merchant-items&sr=1-154&xpid=IvnStguvduseA#customerReviews,キングのコレ! KING COLLECTION 定番ヒット演歌[CD5枚組]
B07YMFZHN8,Audio CD,87.5,https://www.amazon.sg/Jimi-Hendrix-Concert-Live-Rockpalast/dp/B07YMFZHN8/ref=sr_1_155?dib=eyJ2IjoiMSJ9.cX_NJBL0w1Tw_rFb5zhGyWTW8QHJXzg3uT1mlZLrQMVeC5XvYs3Ad5KBZqOODB8EQB_8d-SIPJI2eYooWTTWBrWv0uizHuYla7sbvczH9pDfvUI-XG1Q9xuRtKr4lJT16e24rGwhPCNYfxIjPp8s9s_PpmY-Hd3kXDrsNe7o-is.DiG0ANZUXPLzA-eJqWt8PI5L0g3N4MT6PB3jTH35L4A&dib_tag=se&m=A6PVCWOL6UP6Z&marketplaceID=A19VAU5U5O7RUS&qid=1776824909&refinements=p_36%3A8500-9000&s=merchant-items&sr=1-155&xpid=IvnStguvduseA#customerReviews,Jimi Hendrix Concert: Live At Rockpalast 1991
B07Y24WWY6,Audio CD,87.5,https://www.amazon.sg/Humanesque-Jack-Green/dp/B07Y24WWY6/ref=sr_1_161?dib=eyJ2IjoiMSJ9.IiO0qdtBZLK2m346hhCKY12cbK_gpD2JvvO1eXhj1d5GvyrF_NAYYU6kDH_ukQ2LTcmlyS1HcNlTf4VB2AvT9w.eOPJMyu_c3vQWMyTWYSjOuZkOROQ5aSRvTX4Q-ioIFA&dib_tag=se&m=A6PVCWOL6UP6Z&marketplaceID=A19VAU5U5O7RUS&qid=1776824913&refinements=p_36%3A8500-9000&s=merchant-items&sr=1-161&xpid=IvnStguvduseA#customerReviews,Humanesque
B07NRKM31W,Audio CD,87.5,https://www.amazon.sg/Mrs-Jones-Anthology-Billy-Paul/dp/B07NRKM31W/ref=sr_1_162?dib=eyJ2IjoiMSJ9.IiO0qdtBZLK2m346hhCKY12cbK_gpD2JvvO1eXhj1d5GvyrF_NAYYU6kDH_ukQ2LTcmlyS1HcNlTf4VB2AvT9w.eOPJMyu_c3vQWMyTWYSjOuZkOROQ5aSRvTX4Q-ioIFA&dib_tag=se&m=A6PVCWOL6UP6Z&marketplaceID=A19VAU5U5O7RUS&qid=1776824913&refinements=p_36%3A8500-9000&s=merchant-items&sr=1-162&xpid=IvnStguvduseA#customerReviews,Me & Mrs Jones-The Anthology
B07MX27KMH,Audio CD,83.88,https://www.amazon.sg/Niagara-Shuffle-Messengers-%E5%B0%8F%E6%9E%97%E9%99%BD%E4%B8%80-J/dp/B07MX27KMH/ref=sr_1_163?dib=eyJ2IjoiMSJ9.IiO0qdtBZLK2m346hhCKY12cbK_gpD2JvvO1eXhj1d5GvyrF_NAYYU6kDH_ukQ2LTcmlyS1HcNlTf4VB2AvT9w.eOPJMyu_c3vQWMyTWYSjOuZkOROQ5aSRvTX4Q-ioIFA&dib_tag=se&m=A6PVCWOL6UP6Z&marketplaceID=A19VAU5U5O7RUS&qid=1776824913&refinements=p_36%3A8500-9000&s=merchant-items&sr=1-163&xpid=IvnStguvduseA#customerReviews,Niagara Shuffle
B07JJRBPJY,Audio CD,88.49,https://www.amazon.sg/Mahler-Sinfonia-9-Re-Maggiore/dp/B07JJRBPJY/ref=sr_1_164?dib=eyJ2IjoiMSJ9.IiO0qdtBZLK2m346hhCKY12cbK_gpD2JvvO1eXhj1d5GvyrF_NAYYU6kDH_ukQ2LTcmlyS1HcNlTf4VB2AvT9w.eOPJMyu_c3vQWMyTWYSjOuZkOROQ5aSRvTX4Q-ioIFA&dib_tag=se&m=A6PVCWOL6UP6Z&marketplaceID=A19VAU5U5O7RUS&qid=1776824913&refinements=p_36%3A8500-9000&s=merchant-items&sr=1-164&xpid=IvnStguvduseA#customerReviews,Mahler: Sinfonia 9 In Re Maggiore
B07HQ19WRR,Audio CD,83.88,https://www.amazon.sg/GREEN-DROPS-PREMIUM-DISC-%E3%80%9CREMASTERD%E3%80%9C/dp/B07HQ19WRR/ref=sr_1_165?dib=eyJ2IjoiMSJ9.IiO0qdtBZLK2m346hhCKY12cbK_gpD2JvvO1eXhj1d5GvyrF_NAYYU6kDH_ukQ2LTcmlyS1HcNlTf4VB2AvT9w.eOPJMyu_c3vQWMyTWYSjOuZkOROQ5aSRvTX4Q-ioIFA&dib_tag=se&m=A6PVCWOL6UP6Z&marketplaceID=A19VAU5U5O7RUS&qid=1776824913&refinements=p_36%3A8500-9000&s=merchant-items&sr=1-165&xpid=IvnStguvduseA#customerReviews,GREEN DROPS PREMIUM DISC 〜REMASTERD〜
B07GVXBNZ9,Audio CD,87.5,https://www.amazon.sg/Glass-Spider-Tour-Montreal-87/dp/B07GVXBNZ9/ref=sr_1_161?dib=eyJ2IjoiMSJ9.-LocaQGn_cvn6MJtLGRSm-aDb5KOubS-BEdODsOF04Mgvi6A3uvFHSRnhfn6T3sIR2rvq8lyi5eHfyjxzg1TM7vAqdGBcL_u4emANP2jxd4BCbswoFKXTuPsoyTn9fhyONb0_xD9HIHOcMWnZS-1CLzfNNGriIhUbtt26ZF3c3s.iD1j09GXcPLC9wyvjNJu6yZEs7znxz7CIC5OZD2Lti8&dib_tag=se&m=A6PVCWOL6UP6Z&marketplaceID=A19VAU5U5O7RUS&qid=1776824913&refinements=p_36%3A8500-9000&s=merchant-items&sr=1-161&xpid=IvnStguvduseA#customerReviews,Glass Spider Tour: Montreal '87
B07G1XZ6VW,Audio CD,87.5,https://www.amazon.sg/Bay-Rainbows-Jakob-Bro-Trio/dp/B07G1XZ6VW/ref=sr_1_162?dib=eyJ2IjoiMSJ9.-LocaQGn_cvn6MJtLGRSm-aDb5KOubS-BEdODsOF04Mgvi6A3uvFHSRnhfn6T3sIR2rvq8lyi5eHfyjxzg1TM7vAqdGBcL_u4emANP2jxd4BCbswoFKXTuPsoyTn9fhyONb0_xD9HIHOcMWnZS-1CLzfNNGriIhUbtt26ZF3c3s.iD1j09GXcPLC9wyvjNJu6yZEs7znxz7CIC5OZD2Lti8&dib_tag=se&m=A6PVCWOL6UP6Z&marketplaceID=A19VAU5U5O7RUS&qid=1776824913&refinements=p_36%3A8500-9000&s=merchant-items&sr=1-162&xpid=IvnStguvduseA#customerReviews,Bay of Rainbows
B07DX1GLRV,Audio CD,87.5,https://www.amazon.sg/%E3%82%B7%E3%83%A5%E3%83%BC%E3%83%99%E3%83%AB%E3%83%88-Sinfonie-Orchester-Hessischen-Rundfunks-Recording/dp/B07DX1GLRV/ref=sr_1_163?dib=eyJ2IjoiMSJ9.-LocaQGn_cvn6MJtLGRSm-aDb5KOubS-BEdODsOF04Mgvi6A3uvFHSRnhfn6T3sIR2rvq8lyi5eHfyjxzg1TM7vAqdGBcL_u4emANP2jxd4BCbswoFKXTuPsoyTn9fhyONb0_xD9HIHOcMWnZS-1CLzfNNGriIhUbtt26ZF3c3s.iD1j09GXcPLC9wyvjNJu6yZEs7znxz7CIC5OZD2Lti8&dib_tag=se&m=A6PVCWOL6UP6Z&marketplaceID=A19VAU5U5O7RUS&qid=1776824913&refinements=p_36%3A8500-9000&s=merchant-items&sr=1-163&xpid=IvnStguvduseA#customerReviews,シューベルト : 交響曲 第8(9)番 「ザ・グレート」 (Schubert : Symphony No.8(9) / Fricsay | Sinfonie-Orchester des Hessischen Rundfunks) [CD] [Live Recording] [日本語帯・解説付]
B07CXGS73B,Audio CD,85.6,https://www.amazon.sg/Make-Mondo-Various-VARIOUS-ARTISTS/dp/B07CXGS73B/ref=sr_1_164?dib=eyJ2IjoiMSJ9.-LocaQGn_cvn6MJtLGRSm-aDb5KOubS-BEdODsOF04Mgvi6A3uvFHSRnhfn6T3sIR2rvq8lyi5eHfyjxzg1TM7vAqdGBcL_u4emANP2jxd4BCbswoFKXTuPsoyTn9fhyONb0_xD9HIHOcMWnZS-1CLzfNNGriIhUbtt26ZF3c3s.iD1j09GXcPLC9wyvjNJu6yZEs7znxz7CIC5OZD2Lti8&dib_tag=se&m=A6PVCWOL6UP6Z&marketplaceID=A19VAU5U5O7RUS&qid=1776824913&refinements=p_36%3A8500-9000&s=merchant-items&sr=1-164&xpid=IvnStguvduseA#customerReviews,Make Mine Mondo / Various
B07CPMDPZJ,Vinyl,85.6,https://www.amazon.sg/Outer-Space-SPARKS/dp/B07CPMDPZJ/ref=sr_1_165?dib=eyJ2IjoiMSJ9.-LocaQGn_cvn6MJtLGRSm-aDb5KOubS-BEdODsOF04Mgvi6A3uvFHSRnhfn6T3sIR2rvq8lyi5eHfyjxzg1TM7vAqdGBcL_u4emANP2jxd4BCbswoFKXTuPsoyTn9fhyONb0_xD9HIHOcMWnZS-1CLzfNNGriIhUbtt26ZF3c3s.iD1j09GXcPLC9wyvjNJu6yZEs7znxz7CIC5OZD2Lti8&dib_tag=se&m=A6PVCWOL6UP6Z&marketplaceID=A19VAU5U5O7RUS&qid=1776824913&refinements=p_36%3A8500-9000&s=merchant-items&sr=1-165&xpid=IvnStguvduseA#customerReviews,In Outer Space
B0784WRQ9C,Audio CD,87.5,https://www.amazon.sg/%E3%83%96%E3%83%AB%E3%83%83%E3%82%AF%E3%83%8A%E3%83%BC-Bruckner-Symphonie-Orchestre-Recording/dp/B0784WRQ9C/ref=sr_1_166?dib=eyJ2IjoiMSJ9.-LocaQGn_cvn6MJtLGRSm-aDb5KOubS-BEdODsOF04Mgvi6A3uvFHSRnhfn6T3sIR2rvq8lyi5eHfyjxzg1TM7vAqdGBcL_u4emANP2jxd4BCbswoFKXTuPsoyTn9fhyONb0_xD9HIHOcMWnZS-1CLzfNNGriIhUbtt26ZF3c3s.iD1j09GXcPLC9wyvjNJu6yZEs7znxz7CIC5OZD2Lti8&dib_tag=se&m=A6PVCWOL6UP6Z&marketplaceID=A19VAU5U5O7RUS&qid=1776824913&refinements=p_36%3A8500-9000&s=merchant-items&sr=1-166&xpid=IvnStguvduseA#customerReviews,ブルックナー : 交響曲 第9番 ニ短調 (Bruckner : Symphonie Nr.9 / Lovro von Matacic | Orchestre National de la RTF) [CD] [Live Recording] [日本語帯・解説付]
B0778F61SM,Vinyl,85.6,https://www.amazon.sg/Die-Kleinen-Bosen-DAF/dp/B0778F61SM/ref=sr_1_167?dib=eyJ2IjoiMSJ9.-LocaQGn_cvn6MJtLGRSm-aDb5KOubS-BEdODsOF04Mgvi6A3uvFHSRnhfn6T3sIR2rvq8lyi5eHfyjxzg1TM7vAqdGBcL_u4emANP2jxd4BCbswoFKXTuPsoyTn9fhyONb0_xD9HIHOcMWnZS-1CLzfNNGriIhUbtt26ZF3c3s.iD1j09GXcPLC9wyvjNJu6yZEs7znxz7CIC5OZD2Lti8&dib_tag=se&m=A6PVCWOL6UP6Z&marketplaceID=A19VAU5U5O7RUS&qid=1776824913&refinements=p_36%3A8500-9000&s=merchant-items&sr=1-167&xpid=IvnStguvduseA#customerReviews,Die Kleinen Und Die Bosen
B0778CVNDS,Vinyl,85.6,https://www.amazon.sg/Fur-Immer-DAF/dp/B0778CVNDS/ref=sr_1_168?dib=eyJ2IjoiMSJ9.-LocaQGn_cvn6MJtLGRSm-aDb5KOubS-BEdODsOF04Mgvi6A3uvFHSRnhfn6T3sIR2rvq8lyi5eHfyjxzg1TM7vAqdGBcL_u4emANP2jxd4BCbswoFKXTuPsoyTn9fhyONb0_xD9HIHOcMWnZS-1CLzfNNGriIhUbtt26ZF3c3s.iD1j09GXcPLC9wyvjNJu6yZEs7znxz7CIC5OZD2Lti8&dib_tag=se&m=A6PVCWOL6UP6Z&marketplaceID=A19VAU5U5O7RUS&qid=1776824913&refinements=p_36%3A8500-9000&s=merchant-items&sr=1-168&xpid=IvnStguvduseA#customerReviews,Fur Immer
B0757HH9BT,Audio CD,87.5,https://www.amazon.sg/Wizard-Bloody-Electric/dp/B0757HH9BT/ref=sr_1_169?dib=eyJ2IjoiMSJ9.-LocaQGn_cvn6MJtLGRSm-aDb5KOubS-BEdODsOF04Mgvi6A3uvFHSRnhfn6T3sIR2rvq8lyi5eHfyjxzg1TM7vAqdGBcL_u4emANP2jxd4BCbswoFKXTuPsoyTn9fhyONb0_xD9HIHOcMWnZS-1CLzfNNGriIhUbtt26ZF3c3s.iD1j09GXcPLC9wyvjNJu6yZEs7znxz7CIC5OZD2Lti8&dib_tag=se&m=A6PVCWOL6UP6Z&marketplaceID=A19VAU5U5O7RUS&qid=1776824913&refinements=p_36%3A8500-9000&s=merchant-items&sr=1-169&xpid=IvnStguvduseA#customerReviews,Wizard Bloody Wizard
B071KQLD8F,Audio CD,87.5,https://www.amazon.sg/Nordic-Voices-Victoria-NORDIC-VOICES/dp/B071KQLD8F/ref=sr_1_170?dib=eyJ2IjoiMSJ9.-LocaQGn_cvn6MJtLGRSm-aDb5KOubS-BEdODsOF04Mgvi6A3uvFHSRnhfn6T3sIR2rvq8lyi5eHfyjxzg1TM7vAqdGBcL_u4emANP2jxd4BCbswoFKXTuPsoyTn9fhyONb0_xD9HIHOcMWnZS-1CLzfNNGriIhUbtt26ZF3c3s.iD1j09GXcPLC9wyvjNJu6yZEs7znxz7CIC5OZD2Lti8&dib_tag=se&m=A6PVCWOL6UP6Z&marketplaceID=A19VAU5U5O7RUS&qid=1776824913&refinements=p_36%3A8500-9000&s=merchant-items&sr=1-170&xpid=IvnStguvduseA#customerReviews,Nordic Voices Sing Victoria
B01N907AVU,Audio CD,83.88,https://www.amazon.sg/%E8%88%9E%E5%8F%B0%E3%80%8E%E5%88%80%E5%89%A3%E4%B9%B1%E8%88%9E%E3%80%8F%E8%99%9A%E4%BC%9D-%E7%87%83%E3%82%86%E3%82%8B%E6%9C%AC%E8%83%BD%E5%AF%BA-%E3%82%AA%E3%83%AA%E3%82%B8%E3%83%8A%E3%83%AB%E3%83%BB%E3%82%B5%E3%82%A6%E3%83%B3%E3%83%89%E3%83%88%E3%83%A9%E3%83%83%E3%82%AF/dp/B01N907AVU/ref=sr_1_171?dib=eyJ2IjoiMSJ9.-LocaQGn_cvn6MJtLGRSm-aDb5KOubS-BEdODsOF04Mgvi6A3uvFHSRnhfn6T3sIR2rvq8lyi5eHfyjxzg1TM7vAqdGBcL_u4emANP2jxd4BCbswoFKXTuPsoyTn9fhyONb0_xD9HIHOcMWnZS-1CLzfNNGriIhUbtt26ZF3c3s.iD1j09GXcPLC9wyvjNJu6yZEs7znxz7CIC5OZD2Lti8&dib_tag=se&m=A6PVCWOL6UP6Z&marketplaceID=A19VAU5U5O7RUS&qid=1776824913&refinements=p_36%3A8500-9000&s=merchant-items&sr=1-171&xpid=IvnStguvduseA#customerReviews,舞台『刀剣乱舞』虚伝 燃ゆる本能寺 オリジナル・サウンドトラック
B01MEF8NZO,Audio CD,87.5,https://www.amazon.sg/Antonio-Vivaldi-Bassoon-Oboe-Concertos/dp/B01MEF8NZO/ref=sr_1_177?dib=eyJ2IjoiMSJ9.1z62JwsXQqnTpAzevbMW9uPIklW8hzD5quT2B9Tj7ZJIzkNnFpVVdW9Aex1ZwNdfHMvJPWFQUqRkr3u_rjTI4Q.do2uFFczSFGq1b9BAZkNTdTMswcV0llr85VZj-M6e6U&dib_tag=se&m=A6PVCWOL6UP6Z&marketplaceID=A19VAU5U5O7RUS&qid=1776824917&refinements=p_36%3A8500-9000&s=merchant-items&sr=1-177&xpid=IvnStguvduseA#customerReviews,Antonio Vivaldi: Bassoon & Oboe Concertos
B01HSVG98K,Audio CD,85.6,https://www.amazon.sg/Youth-Authority-Australian-Good-Charlotte/dp/B01HSVG98K/ref=sr_1_178?dib=eyJ2IjoiMSJ9.1z62JwsXQqnTpAzevbMW9uPIklW8hzD5quT2B9Tj7ZJIzkNnFpVVdW9Aex1ZwNdfHMvJPWFQUqRkr3u_rjTI4Q.do2uFFczSFGq1b9BAZkNTdTMswcV0llr85VZj-M6e6U&dib_tag=se&m=A6PVCWOL6UP6Z&marketplaceID=A19VAU5U5O7RUS&qid=1776824917&refinements=p_36%3A8500-9000&s=merchant-items&sr=1-178&xpid=IvnStguvduseA#customerReviews,Youth Authority (Australian Edition)
B01EME7YTY,Vinyl,89.41,https://www.amazon.sg/Young-Wrong-Ways-SARA-WATKINS/dp/B01EME7YTY/ref=sr_1_179?dib=eyJ2IjoiMSJ9.1z62JwsXQqnTpAzevbMW9uPIklW8hzD5quT2B9Tj7ZJIzkNnFpVVdW9Aex1ZwNdfHMvJPWFQUqRkr3u_rjTI4Q.do2uFFczSFGq1b9BAZkNTdTMswcV0llr85VZj-M6e6U&dib_tag=se&m=A6PVCWOL6UP6Z&marketplaceID=A19VAU5U5O7RUS&qid=1776824917&refinements=p_36%3A8500-9000&s=merchant-items&sr=1-179&xpid=IvnStguvduseA#customerReviews,Young In All The Wrong Ways
B01EAQC0F2,Audio CD,88.08,https://www.amazon.sg/MOMENTARY-Memories-Beginning-Akira-Kosemura/dp/B01EAQC0F2/ref=sr_1_180?dib=eyJ2IjoiMSJ9.1z62JwsXQqnTpAzevbMW9uPIklW8hzD5quT2B9Tj7ZJIzkNnFpVVdW9Aex1ZwNdfHMvJPWFQUqRkr3u_rjTI4Q.do2uFFczSFGq1b9BAZkNTdTMswcV0llr85VZj-M6e6U&dib_tag=se&m=A6PVCWOL6UP6Z&marketplaceID=A19VAU5U5O7RUS&qid=1776824917&refinements=p_36%3A8500-9000&s=merchant-items&sr=1-180&xpid=IvnStguvduseA#customerReviews,MOMENTARY: Memories of the Beginning
B00VWF118M,Audio CD,83.88,https://www.amazon.sg/TU-%E3%81%B5%E3%81%A4%E3%81%86%E3%82%88%E3%81%97-%E9%80%9A%E5%B8%B8%E7%9B%A4-%E5%A0%82%E6%9C%AC%E5%89%9B/dp/B00VWF118M/ref=sr_1_181?dib=eyJ2IjoiMSJ9.1z62JwsXQqnTpAzevbMW9uPIklW8hzD5quT2B9Tj7ZJIzkNnFpVVdW9Aex1ZwNdfHMvJPWFQUqRkr3u_rjTI4Q.do2uFFczSFGq1b9BAZkNTdTMswcV0llr85VZj-M6e6U&dib_tag=se&m=A6PVCWOL6UP6Z&marketplaceID=A19VAU5U5O7RUS&qid=1776824917&refinements=p_36%3A8500-9000&s=merchant-items&sr=1-181&xpid=IvnStguvduseA#customerReviews,TU ふつうよし(通常盤)
B00O0MPI5Q,Audio CD,87.5,https://www.amazon.sg/%E3%83%95%E3%83%AB%E3%83%88%E3%83%B4%E3%82%A7%E3%83%B3%E3%82%B0%E3%83%A9%E3%83%BC-SP%E5%BE%A9%E5%88%BB%E3%82%B7%E3%83%AA%E3%83%BC%E3%82%BA-%E3%83%96%E3%83%AB%E3%83%83%E3%82%AF%E3%83%8A%E3%83%BC-Furtwangler-Philharmoniker/dp/B00O0MPI5Q/ref=sr_1_177?dib=eyJ2IjoiMSJ9.9fsCIrlK8TnLbBm2Ee2JNgySZ1AQMOcFdynqPWL9uW-btlKirO1cdv_J5Gd8TTQ7-gaaOR4EtFPiyfJZEzF9ohtJmLTRDV4p_fNZGHzAY8ltwqlS6RePvXcAkeSndAddLVlYYpwcOM9uM0DTcuoIo8pg1efkQ0iHevO4n0pXinc.SmqWzBFFcacXI2rTgFT2PdiIGmOz2dZcbUa-VQVzZjo&dib_tag=se&m=A6PVCWOL6UP6Z&marketplaceID=A19VAU5U5O7RUS&qid=1776824917&refinements=p_36%3A8500-9000&s=merchant-items&sr=1-177&xpid=IvnStguvduseA#customerReviews,"フルトヴェングラー SP復刻シリーズ ~ ブルックナー : 交響曲 第7番より 第2楽章 「アダージョ」 ほか (Furtwangler | Berliner Philharmoniker / Beethoven, Gluck, Bruckner, Weber, J.S.Bach)"
B00HVP9ZKI,Vinyl,89.41,https://www.amazon.sg/Rite-Time-CAN/dp/B00HVP9ZKI/ref=sr_1_178?dib=eyJ2IjoiMSJ9.9fsCIrlK8TnLbBm2Ee2JNgySZ1AQMOcFdynqPWL9uW-btlKirO1cdv_J5Gd8TTQ7-gaaOR4EtFPiyfJZEzF9ohtJmLTRDV4p_fNZGHzAY8ltwqlS6RePvXcAkeSndAddLVlYYpwcOM9uM0DTcuoIo8pg1efkQ0iHevO4n0pXinc.SmqWzBFFcacXI2rTgFT2PdiIGmOz2dZcbUa-VQVzZjo&dib_tag=se&m=A6PVCWOL6UP6Z&marketplaceID=A19VAU5U5O7RUS&qid=1776824917&refinements=p_36%3A8500-9000&s=merchant-items&sr=1-178&xpid=IvnStguvduseA#customerReviews,Rite Time
B00GT5SQ2Y,Audio CD,85.98,https://www.amazon.sg/Live-Italy-Lou-Reed/dp/B00GT5SQ2Y/ref=sr_1_179?dib=eyJ2IjoiMSJ9.9fsCIrlK8TnLbBm2Ee2JNgySZ1AQMOcFdynqPWL9uW-btlKirO1cdv_J5Gd8TTQ7-gaaOR4EtFPiyfJZEzF9ohtJmLTRDV4p_fNZGHzAY8ltwqlS6RePvXcAkeSndAddLVlYYpwcOM9uM0DTcuoIo8pg1efkQ0iHevO4n0pXinc.SmqWzBFFcacXI2rTgFT2PdiIGmOz2dZcbUa-VQVzZjo&dib_tag=se&m=A6PVCWOL6UP6Z&marketplaceID=A19VAU5U5O7RUS&qid=1776824917&refinements=p_36%3A8500-9000&s=merchant-items&sr=1-179&xpid=IvnStguvduseA#customerReviews,Live in Italy
B00F0W9BJ4,Audio CD,86.32,https://www.amazon.sg/Limits-MOZART-ROSSINI-BIZET-GOUNOD/dp/B00F0W9BJ4/ref=sr_1_180?dib=eyJ2IjoiMSJ9.9fsCIrlK8TnLbBm2Ee2JNgySZ1AQMOcFdynqPWL9uW-btlKirO1cdv_J5Gd8TTQ7-gaaOR4EtFPiyfJZEzF9ohtJmLTRDV4p_fNZGHzAY8ltwqlS6RePvXcAkeSndAddLVlYYpwcOM9uM0DTcuoIo8pg1efkQ0iHevO4n0pXinc.SmqWzBFFcacXI2rTgFT2PdiIGmOz2dZcbUa-VQVzZjo&dib_tag=se&m=A6PVCWOL6UP6Z&marketplaceID=A19VAU5U5O7RUS&qid=1776824917&refinements=p_36%3A8500-9000&s=merchant-items&sr=1-180&xpid=IvnStguvduseA#customerReviews,No Limits - Legendary Recordings
B00C7CL4O0,Audio CD,87.23,https://www.amazon.sg/%E3%82%AB%E3%83%A9%E3%83%A4%E3%83%B3%E3%83%BB%E3%82%B3%E3%83%B3%E3%83%80%E3%82%AF%E3%83%84%E3%83%BB%E3%83%96%E3%83%AB%E3%83%83%E3%82%AF%E3%83%8A%E3%83%BC-Herbert-Karajan-conducts-Bruckner/dp/B00C7CL4O0/ref=sr_1_181?dib=eyJ2IjoiMSJ9.9fsCIrlK8TnLbBm2Ee2JNgySZ1AQMOcFdynqPWL9uW-btlKirO1cdv_J5Gd8TTQ7-gaaOR4EtFPiyfJZEzF9ohtJmLTRDV4p_fNZGHzAY8ltwqlS6RePvXcAkeSndAddLVlYYpwcOM9uM0DTcuoIo8pg1efkQ0iHevO4n0pXinc.SmqWzBFFcacXI2rTgFT2PdiIGmOz2dZcbUa-VQVzZjo&dib_tag=se&m=A6PVCWOL6UP6Z&marketplaceID=A19VAU5U5O7RUS&qid=1776824917&refinements=p_36%3A8500-9000&s=merchant-items&sr=1-181&xpid=IvnStguvduseA#customerReviews,カラヤン・コンダクツ・ブルックナー & モーツァルト(Herbert von Karajan conducts Bruckner & Mozart)
B004Q2TWQG,Audio CD,87.5,https://www.amazon.sg/Appalachia-Hills-BBC-Symphony-Chorus/dp/B004Q2TWQG/ref=sr_1_182?dib=eyJ2IjoiMSJ9.9fsCIrlK8TnLbBm2Ee2JNgySZ1AQMOcFdynqPWL9uW-btlKirO1cdv_J5Gd8TTQ7-gaaOR4EtFPiyfJZEzF9ohtJmLTRDV4p_fNZGHzAY8ltwqlS6RePvXcAkeSndAddLVlYYpwcOM9uM0DTcuoIo8pg1efkQ0iHevO4n0pXinc.SmqWzBFFcacXI2rTgFT2PdiIGmOz2dZcbUa-VQVzZjo&dib_tag=se&m=A6PVCWOL6UP6Z&marketplaceID=A19VAU5U5O7RUS&qid=1776824917&refinements=p_36%3A8500-9000&s=merchant-items&sr=1-182&xpid=IvnStguvduseA#customerReviews,Appalachia: The Song of the High Hills
B0010R3VN0,Vinyl,87.5,https://www.amazon.sg/White-Light-Heat-Vinyl/dp/B0010R3VN0/ref=sr_1_183?dib=eyJ2IjoiMSJ9.9fsCIrlK8TnLbBm2Ee2JNgySZ1AQMOcFdynqPWL9uW-btlKirO1cdv_J5Gd8TTQ7-gaaOR4EtFPiyfJZEzF9ohtJmLTRDV4p_fNZGHzAY8ltwqlS6RePvXcAkeSndAddLVlYYpwcOM9uM0DTcuoIo8pg1efkQ0iHevO4n0pXinc.SmqWzBFFcacXI2rTgFT2PdiIGmOz2dZcbUa-VQVzZjo&dib_tag=se&m=A6PVCWOL6UP6Z&marketplaceID=A19VAU5U5O7RUS&qid=1776824917&refinements=p_36%3A8500-9000&s=merchant-items&sr=1-183&xpid=IvnStguvduseA#customerReviews,White Light/White Heat [Vinyl]
B000VSFMTU,Audio CD,88.08,https://www.amazon.sg/%E3%83%95%E3%83%A9%E3%82%A4%E3%83%88%E3%83%BB%E3%82%AA%E3%83%96%E3%83%BB%E3%82%B6%E3%83%BB%E3%83%93%E3%83%92%E3%83%A2%E3%82%B9-%E7%B4%99%E3%82%B8%E3%83%A3%E3%82%B1%E3%83%83%E3%83%88%E4%BB%95%E6%A7%98-Sunn/dp/B000VSFMTU/ref=sr_1_184?dib=eyJ2IjoiMSJ9.9fsCIrlK8TnLbBm2Ee2JNgySZ1AQMOcFdynqPWL9uW-btlKirO1cdv_J5Gd8TTQ7-gaaOR4EtFPiyfJZEzF9ohtJmLTRDV4p_fNZGHzAY8ltwqlS6RePvXcAkeSndAddLVlYYpwcOM9uM0DTcuoIo8pg1efkQ0iHevO4n0pXinc.SmqWzBFFcacXI2rTgFT2PdiIGmOz2dZcbUa-VQVzZjo&dib_tag=se&m=A6PVCWOL6UP6Z&marketplaceID=A19VAU5U5O7RUS&qid=1776824917&refinements=p_36%3A8500-9000&s=merchant-items&sr=1-184&xpid=IvnStguvduseA#customerReviews,フライト・オブ・ザ・ビヒモス(紙ジャケット仕様)
B000P6R8EK,Audio CD,87.5,https://www.amazon.sg/Island-ROY-HAYNES/dp/B000P6R8EK/ref=sr_1_185?dib=eyJ2IjoiMSJ9.9fsCIrlK8TnLbBm2Ee2JNgySZ1AQMOcFdynqPWL9uW-btlKirO1cdv_J5Gd8TTQ7-gaaOR4EtFPiyfJZEzF9ohtJmLTRDV4p_fNZGHzAY8ltwqlS6RePvXcAkeSndAddLVlYYpwcOM9uM0DTcuoIo8pg1efkQ0iHevO4n0pXinc.SmqWzBFFcacXI2rTgFT2PdiIGmOz2dZcbUa-VQVzZjo&dib_tag=se&m=A6PVCWOL6UP6Z&marketplaceID=A19VAU5U5O7RUS&qid=1776824917&refinements=p_36%3A8500-9000&s=merchant-items&sr=1-185&xpid=IvnStguvduseA#customerReviews,The Island
B0001LASUA,Audio CD,86.55,https://www.amazon.sg/Introducing-Sasha-Dobson/dp/B0001LASUA/ref=sr_1_186?dib=eyJ2IjoiMSJ9.9fsCIrlK8TnLbBm2Ee2JNgySZ1AQMOcFdynqPWL9uW-btlKirO1cdv_J5Gd8TTQ7-gaaOR4EtFPiyfJZEzF9ohtJmLTRDV4p_fNZGHzAY8ltwqlS6RePvXcAkeSndAddLVlYYpwcOM9uM0DTcuoIo8pg1efkQ0iHevO4n0pXinc.SmqWzBFFcacXI2rTgFT2PdiIGmOz2dZcbUa-VQVzZjo&dib_tag=se&m=A6PVCWOL6UP6Z&marketplaceID=A19VAU5U5O7RUS&qid=1776824917&refinements=p_36%3A8500-9000&s=merchant-items&sr=1-186&xpid=IvnStguvduseA#customerReviews,Introducing Sasha Dobson
B00005UD38,Audio CD,85.13,https://www.amazon.sg/%E3%83%8A%E3%82%BC%E3%83%AB%E3%81%AE%E5%A4%95%E3%81%B9-%E3%83%97%E3%83%BC%E3%83%A9%E3%83%B3%E3%82%AF-%E3%83%94%E3%82%A2%E3%83%8E%E3%83%BB%E3%82%BD%E3%83%AD%E4%BD%9C%E5%93%81%E9%9B%86-%E3%83%AB%E3%83%BB%E3%82%B5%E3%83%BC%E3%82%B8%E3%83%A5-%E3%82%A8%E3%83%AA%E3%83%83%E3%82%AF/dp/B00005UD38/ref=sr_1_187?dib=eyJ2IjoiMSJ9.9fsCIrlK8TnLbBm2Ee2JNgySZ1AQMOcFdynqPWL9uW-btlKirO1cdv_J5Gd8TTQ7-gaaOR4EtFPiyfJZEzF9ohtJmLTRDV4p_fNZGHzAY8ltwqlS6RePvXcAkeSndAddLVlYYpwcOM9uM0DTcuoIo8pg1efkQ0iHevO4n0pXinc.SmqWzBFFcacXI2rTgFT2PdiIGmOz2dZcbUa-VQVzZjo&dib_tag=se&m=A6PVCWOL6UP6Z&marketplaceID=A19VAU5U5O7RUS&qid=1776824917&refinements=p_36%3A8500-9000&s=merchant-items&sr=1-187&xpid=IvnStguvduseA#customerReviews,ナゼルの夕べ ～ プーランク : ピアノ・ソロ作品集
B01L388UB8,Vinyl,114.19,https://www.amazon.sg/Protection-LP-Massive-Attack/dp/B01L388UB8/ref=sr_1_193?dib=eyJ2IjoiMSJ9.fEwtqi4w14sUuK0ypoDcQKX1cgn32c7hPFcVvizz546y7DkGiIQLt395l-1CI-LsmF42by_Le1d9MPESclOwTA.r1o8OL3bur9eubrhgNeIykBLVl3SWRykMJvhy_8_3g0&dib_tag=se&m=A6PVCWOL6UP6Z&marketplaceID=A19VAU5U5O7RUS&qid=1776824921&refinements=p_36%3A8500-9000&s=merchant-items&sr=1-193&xpid=IvnStguvduseA#customerReviews,Protection [LP]
B0CYTDNM69,"Audio, Cassette",87.5,https://www.amazon.sg/Big-Ideas-Cassette-Remi-Wolf/dp/B0CYTDNM69/ref=sr_1_194?dib=eyJ2IjoiMSJ9.fEwtqi4w14sUuK0ypoDcQKX1cgn32c7hPFcVvizz546y7DkGiIQLt395l-1CI-LsmF42by_Le1d9MPESclOwTA.r1o8OL3bur9eubrhgNeIykBLVl3SWRykMJvhy_8_3g0&dib_tag=se&m=A6PVCWOL6UP6Z&marketplaceID=A19VAU5U5O7RUS&qid=1776824921&refinements=p_36%3A8500-9000&s=merchant-items&sr=1-194&xpid=IvnStguvduseA#customerReviews,Big Ideas [Cassette]
B013PUIH60,Vinyl,152.87,https://www.amazon.sg/Gears-JOHNNY-HAMMOND/dp/B013PUIH60/ref=sr_1_195?dib=eyJ2IjoiMSJ9.fEwtqi4w14sUuK0ypoDcQKX1cgn32c7hPFcVvizz546y7DkGiIQLt395l-1CI-LsmF42by_Le1d9MPESclOwTA.r1o8OL3bur9eubrhgNeIykBLVl3SWRykMJvhy_8_3g0&dib_tag=se&m=A6PVCWOL6UP6Z&marketplaceID=A19VAU5U5O7RUS&qid=1776824921&refinements=p_36%3A8500-9000&s=merchant-items&sr=1-195&xpid=IvnStguvduseA#customerReviews,Gears
B091WFGLXX,Vinyl,85.6,https://www.amazon.sg/Pulling-Focus-Action-Adventure/dp/B091WFGLXX/ref=sr_1_196?dib=eyJ2IjoiMSJ9.fEwtqi4w14sUuK0ypoDcQKX1cgn32c7hPFcVvizz546y7DkGiIQLt395l-1CI-LsmF42by_Le1d9MPESclOwTA.r1o8OL3bur9eubrhgNeIykBLVl3SWRykMJvhy_8_3g0&dib_tag=se&m=A6PVCWOL6UP6Z&marketplaceID=A19VAU5U5O7RUS&qid=1776824921&refinements=p_36%3A8500-9000&s=merchant-items&sr=1-196&xpid=IvnStguvduseA#customerReviews,Pulling Focus
B01A8NJ0LS,Vinyl,142.79,https://www.amazon.sg/Love-Tattoo-12-inch-Analog/dp/B01A8NJ0LS/ref=sr_1_197?dib=eyJ2IjoiMSJ9.fEwtqi4w14sUuK0ypoDcQKX1cgn32c7hPFcVvizz546y7DkGiIQLt395l-1CI-LsmF42by_Le1d9MPESclOwTA.r1o8OL3bur9eubrhgNeIykBLVl3SWRykMJvhy_8_3g0&dib_tag=se&m=A6PVCWOL6UP6Z&marketplaceID=A19VAU5U5O7RUS&qid=1776824921&refinements=p_36%3A8500-9000&s=merchant-items&sr=1-197&xpid=IvnStguvduseA#customerReviews,Love Tattoo [12 inch Analog]
B078XXCJS8,Audio CD,86.55,https://www.amazon.sg/NAMELESS/dp/B078XXCJS8/ref=sr_1_193?dib=eyJ2IjoiMSJ9.Y2xmR3ex1cRIpQvVVp-NfRdlj7LKS7YaXToUszSPZ9WTv2aySra1j92lRVgM8nITszzZzzi3Ny1_4LBJM28uW-xYZJapKDX8SLPNOhoqt0LSjuihlmSqALsxDXWtiwzyZLrhe27FiEqmdaY3lGsqaAdDxGoeIbWz04tgOmGEI9c.WU7vhoanQ0kv7jF5qGDx7tpjgy2fp4QQX0y1k0K_e5U&dib_tag=se&m=A6PVCWOL6UP6Z&marketplaceID=A19VAU5U5O7RUS&qid=1776824921&refinements=p_36%3A8500-9000&s=merchant-items&sr=1-193&xpid=IvnStguvduseA#customerReviews,NAMELESS
B09Z31VW8H,Vinyl,118.01,https://www.amazon.sg/Masquerade-Analog-Bananarama/dp/B09Z31VW8H/ref=sr_1_194?dib=eyJ2IjoiMSJ9.Y2xmR3ex1cRIpQvVVp-NfRdlj7LKS7YaXToUszSPZ9WTv2aySra1j92lRVgM8nITszzZzzi3Ny1_4LBJM28uW-xYZJapKDX8SLPNOhoqt0LSjuihlmSqALsxDXWtiwzyZLrhe27FiEqmdaY3lGsqaAdDxGoeIbWz04tgOmGEI9c.WU7vhoanQ0kv7jF5qGDx7tpjgy2fp4QQX0y1k0K_e5U&dib_tag=se&m=A6PVCWOL6UP6Z&marketplaceID=A19VAU5U5O7RUS&qid=1776824921&refinements=p_36%3A8500-9000&s=merchant-items&sr=1-194&xpid=IvnStguvduseA#customerReviews,Masquerade [Analog]
B08QRYXSQT,Vinyl,87.5,https://www.amazon.sg/Ultimate-Collection-2-LP/dp/B08QRYXSQT/ref=sr_1_195?dib=eyJ2IjoiMSJ9.Y2xmR3ex1cRIpQvVVp-NfRdlj7LKS7YaXToUszSPZ9WTv2aySra1j92lRVgM8nITszzZzzi3Ny1_4LBJM28uW-xYZJapKDX8SLPNOhoqt0LSjuihlmSqALsxDXWtiwzyZLrhe27FiEqmdaY3lGsqaAdDxGoeIbWz04tgOmGEI9c.WU7vhoanQ0kv7jF5qGDx7tpjgy2fp4QQX0y1k0K_e5U&dib_tag=se&m=A6PVCWOL6UP6Z&marketplaceID=A19VAU5U5O7RUS&qid=1776824921&refinements=p_36%3A8500-9000&s=merchant-items&sr=1-195&xpid=IvnStguvduseA#customerReviews,The Ultimate Collection [2 LP]
B0DQVN5QW1,Vinyl,87.5,https://www.amazon.sg/Birth-LP-Remixes-Madison-Willing/dp/B0DQVN5QW1/ref=sr_1_196?dib=eyJ2IjoiMSJ9.Y2xmR3ex1cRIpQvVVp-NfRdlj7LKS7YaXToUszSPZ9WTv2aySra1j92lRVgM8nITszzZzzi3Ny1_4LBJM28uW-xYZJapKDX8SLPNOhoqt0LSjuihlmSqALsxDXWtiwzyZLrhe27FiEqmdaY3lGsqaAdDxGoeIbWz04tgOmGEI9c.WU7vhoanQ0kv7jF5qGDx7tpjgy2fp4QQX0y1k0K_e5U&dib_tag=se&m=A6PVCWOL6UP6Z&marketplaceID=A19VAU5U5O7RUS&qid=1776824921&refinements=p_36%3A8500-9000&s=merchant-items&sr=1-196&xpid=IvnStguvduseA,Birth LP Remixes
B0DPJB7W23,Audio CD,87.75,https://www.amazon.sg/Hajimari-Motomete-Beginnings-Japanese-Electroacoustic/dp/B0DPJB7W23/ref=sr_1_197?dib=eyJ2IjoiMSJ9.Y2xmR3ex1cRIpQvVVp-NfRdlj7LKS7YaXToUszSPZ9WTv2aySra1j92lRVgM8nITszzZzzi3Ny1_4LBJM28uW-xYZJapKDX8SLPNOhoqt0LSjuihlmSqALsxDXWtiwzyZLrhe27FiEqmdaY3lGsqaAdDxGoeIbWz04tgOmGEI9c.WU7vhoanQ0kv7jF5qGDx7tpjgy2fp4QQX0y1k0K_e5U&dib_tag=se&m=A6PVCWOL6UP6Z&marketplaceID=A19VAU5U5O7RUS&qid=1776824921&refinements=p_36%3A8500-9000&s=merchant-items&sr=1-197&xpid=IvnStguvduseA,Oto No Hajimari Wo Motomete (Beginnings Of Japanese Electroacoustic)
B0DP9FM3SY,Audio CD,87.5,https://www.amazon.sg/Fiori-Tempeste-Danyart-New-Quartet/dp/B0DP9FM3SY/ref=sr_1_198?dib=eyJ2IjoiMSJ9.Y2xmR3ex1cRIpQvVVp-NfRdlj7LKS7YaXToUszSPZ9WTv2aySra1j92lRVgM8nITszzZzzi3Ny1_4LBJM28uW-xYZJapKDX8SLPNOhoqt0LSjuihlmSqALsxDXWtiwzyZLrhe27FiEqmdaY3lGsqaAdDxGoeIbWz04tgOmGEI9c.WU7vhoanQ0kv7jF5qGDx7tpjgy2fp4QQX0y1k0K_e5U&dib_tag=se&m=A6PVCWOL6UP6Z&marketplaceID=A19VAU5U5O7RUS&qid=1776824921&refinements=p_36%3A8500-9000&s=merchant-items&sr=1-198&xpid=IvnStguvduseA,Fiori E Tempeste
B0DP7BBRSQ,Audio CD,87.5,https://www.amazon.sg/Quella-Stanza-Segreta-Omaggio-DellOrso/dp/B0DP7BBRSQ/ref=sr_1_199?dib=eyJ2IjoiMSJ9.Y2xmR3ex1cRIpQvVVp-NfRdlj7LKS7YaXToUszSPZ9WTv2aySra1j92lRVgM8nITszzZzzi3Ny1_4LBJM28uW-xYZJapKDX8SLPNOhoqt0LSjuihlmSqALsxDXWtiwzyZLrhe27FiEqmdaY3lGsqaAdDxGoeIbWz04tgOmGEI9c.WU7vhoanQ0kv7jF5qGDx7tpjgy2fp4QQX0y1k0K_e5U&dib_tag=se&m=A6PVCWOL6UP6Z&marketplaceID=A19VAU5U5O7RUS&qid=1776824921&refinements=p_36%3A8500-9000&s=merchant-items&sr=1-199&xpid=IvnStguvduseA,Quella Stanza Segreta (Omaggio A Edda Dell'Orso)
B0DNV55JGW,Audio CD,88.7,https://www.amazon.sg/Never-Cassanelli-Filippo-Smiderle-Enrico/dp/B0DNV55JGW/ref=sr_1_200?dib=eyJ2IjoiMSJ9.Y2xmR3ex1cRIpQvVVp-NfRdlj7LKS7YaXToUszSPZ9WTv2aySra1j92lRVgM8nITszzZzzi3Ny1_4LBJM28uW-xYZJapKDX8SLPNOhoqt0LSjuihlmSqALsxDXWtiwzyZLrhe27FiEqmdaY3lGsqaAdDxGoeIbWz04tgOmGEI9c.WU7vhoanQ0kv7jF5qGDx7tpjgy2fp4QQX0y1k0K_e5U&dib_tag=se&m=A6PVCWOL6UP6Z&marketplaceID=A19VAU5U5O7RUS&qid=1776824921&refinements=p_36%3A8500-9000&s=merchant-items&sr=1-200&xpid=IvnStguvduseA,I Never Knew
B0DN6YN2D8,Vinyl,87.5,https://www.amazon.sg/Nova-Recondite/dp/B0DN6YN2D8/ref=sr_1_201?dib=eyJ2IjoiMSJ9.Y2xmR3ex1cRIpQvVVp-NfRdlj7LKS7YaXToUszSPZ9WTv2aySra1j92lRVgM8nITszzZzzi3Ny1_4LBJM28uW-xYZJapKDX8SLPNOhoqt0LSjuihlmSqALsxDXWtiwzyZLrhe27FiEqmdaY3lGsqaAdDxGoeIbWz04tgOmGEI9c.WU7vhoanQ0kv7jF5qGDx7tpjgy2fp4QQX0y1k0K_e5U&dib_tag=se&m=A6PVCWOL6UP6Z&marketplaceID=A19VAU5U5O7RUS&qid=1776824921&refinements=p_36%3A8500-9000&s=merchant-items&sr=1-201&xpid=IvnStguvduseA,Nova
B0DN6Y7NY2,Vinyl,89.41,https://www.amazon.sg/Rave-Baby-Cinthie/dp/B0DN6Y7NY2/ref=sr_1_202?dib=eyJ2IjoiMSJ9.Y2xmR3ex1cRIpQvVVp-NfRdlj7LKS7YaXToUszSPZ9WTv2aySra1j92lRVgM8nITszzZzzi3Ny1_4LBJM28uW-xYZJapKDX8SLPNOhoqt0LSjuihlmSqALsxDXWtiwzyZLrhe27FiEqmdaY3lGsqaAdDxGoeIbWz04tgOmGEI9c.WU7vhoanQ0kv7jF5qGDx7tpjgy2fp4QQX0y1k0K_e5U&dib_tag=se&m=A6PVCWOL6UP6Z&marketplaceID=A19VAU5U5O7RUS&qid=1776824921&refinements=p_36%3A8500-9000&s=merchant-items&sr=1-202&xpid=IvnStguvduseA,Rave Baby
B0DN6XZSD2,Vinyl,89.41,https://www.amazon.sg/Legal-Killers-Demos-Westfalen/dp/B0DN6XZSD2/ref=sr_1_203?dib=eyJ2IjoiMSJ9.Y2xmR3ex1cRIpQvVVp-NfRdlj7LKS7YaXToUszSPZ9WTv2aySra1j92lRVgM8nITszzZzzi3Ny1_4LBJM28uW-xYZJapKDX8SLPNOhoqt0LSjuihlmSqALsxDXWtiwzyZLrhe27FiEqmdaY3lGsqaAdDxGoeIbWz04tgOmGEI9c.WU7vhoanQ0kv7jF5qGDx7tpjgy2fp4QQX0y1k0K_e5U&dib_tag=se&m=A6PVCWOL6UP6Z&marketplaceID=A19VAU5U5O7RUS&qid=1776824921&refinements=p_36%3A8500-9000&s=merchant-items&sr=1-203&xpid=IvnStguvduseA#customerReviews,Legal Killers - The Demos
B0DMKR1C3R,Audio CD,86.32,https://www.amazon.sg/Love-Dub-Abstract-One-Drop/dp/B0DMKR1C3R/ref=sr_1_209?dib=eyJ2IjoiMSJ9.dq0DSg9Rukx9cPeRwL1JKtAKjjcM7XuP9ia6CJgH2sORJxOBpUitbGIrvHPbA-nYqhWWiigYguglUqaPaaq7Qg.Tm332heeEwqPmZd6iFaIucEomVOW-k6CgxjCqiKu0Mo&dib_tag=se&m=A6PVCWOL6UP6Z&marketplaceID=A19VAU5U5O7RUS&qid=1776824926&refinements=p_36%3A8500-9000&s=merchant-items&sr=1-209&xpid=IvnStguvduseA,Love Dub & the Abstract One Drop
B0DLLDVCZC,Vinyl,89.41,https://www.amazon.sg/Stay-Here-Writer-Romeau-Panda/dp/B0DLLDVCZC/ref=sr_1_210?dib=eyJ2IjoiMSJ9.dq0DSg9Rukx9cPeRwL1JKtAKjjcM7XuP9ia6CJgH2sORJxOBpUitbGIrvHPbA-nYqhWWiigYguglUqaPaaq7Qg.Tm332heeEwqPmZd6iFaIucEomVOW-k6CgxjCqiKu0Mo&dib_tag=se&m=A6PVCWOL6UP6Z&marketplaceID=A19VAU5U5O7RUS&qid=1776824926&refinements=p_36%3A8500-9000&s=merchant-items&sr=1-210&xpid=IvnStguvduseA,Stay Here/Writer
B0DLH3LPNL,Audio CD,87.5,https://www.amazon.sg/Boca-Chueca-Vol-1-Car/dp/B0DLH3LPNL/ref=sr_1_211?dib=eyJ2IjoiMSJ9.dq0DSg9Rukx9cPeRwL1JKtAKjjcM7XuP9ia6CJgH2sORJxOBpUitbGIrvHPbA-nYqhWWiigYguglUqaPaaq7Qg.Tm332heeEwqPmZd6iFaIucEomVOW-k6CgxjCqiKu0Mo&dib_tag=se&m=A6PVCWOL6UP6Z&marketplaceID=A19VAU5U5O7RUS&qid=1776824926&refinements=p_36%3A8500-9000&s=merchant-items&sr=1-211&xpid=IvnStguvduseA#customerReviews,"Boca Chueca, Vol. 1"
B0DKPXJWCH,Vinyl,87.5,https://www.amazon.sg/Smoke-Shadows-Lydia-Lunch/dp/B0DKPXJWCH/ref=sr_1_212?dib=eyJ2IjoiMSJ9.dq0DSg9Rukx9cPeRwL1JKtAKjjcM7XuP9ia6CJgH2sORJxOBpUitbGIrvHPbA-nYqhWWiigYguglUqaPaaq7Qg.Tm332heeEwqPmZd6iFaIucEomVOW-k6CgxjCqiKu0Mo&dib_tag=se&m=A6PVCWOL6UP6Z&marketplaceID=A19VAU5U5O7RUS&qid=1776824926&refinements=p_36%3A8500-9000&s=merchant-items&sr=1-212&xpid=IvnStguvduseA#customerReviews,Smoke In The Shadows
B0DK5QSGQV,Audio CD,87.7,https://www.amazon.sg/Apocalypse-Keyboard-Prince/dp/B0DK5QSGQV/ref=sr_1_213?dib=eyJ2IjoiMSJ9.dq0DSg9Rukx9cPeRwL1JKtAKjjcM7XuP9ia6CJgH2sORJxOBpUitbGIrvHPbA-nYqhWWiigYguglUqaPaaq7Qg.Tm332heeEwqPmZd6iFaIucEomVOW-k6CgxjCqiKu0Mo&dib_tag=se&m=A6PVCWOL6UP6Z&marketplaceID=A19VAU5U5O7RUS&qid=1776824926&refinements=p_36%3A8500-9000&s=merchant-items&sr=1-213&xpid=IvnStguvduseA#customerReviews,Apocalypse
B0DK4DBNWY,Audio CD,86.32,https://www.amazon.sg/Million-Forests-Fall-Kenji-Herbert/dp/B0DK4DBNWY/ref=sr_1_209?dib=eyJ2IjoiMSJ9.8O55zLxoWfENwXu_PNSUOv9ZOX6jIyjOQ2-lgz6KuoQQC9PRVNF4VE-jFlyPhfpfeSi1BxomL-YZ6PX86-zXBqYkx0UqAIUTK7er-ks-dXjmTzNid-19A1lYqcxNCaLQDfvejZ1CBAzM1LmoU87hS4-XgpI-x-1IouXLHNBypxA.h9nyWN25ePdODZJdmjO3bNzNS3N2dFEOBwSoKAe-064&dib_tag=se&m=A6PVCWOL6UP6Z&marketplaceID=A19VAU5U5O7RUS&qid=1776824926&refinements=p_36%3A8500-9000&s=merchant-items&sr=1-209&xpid=IvnStguvduseA,A Million Forests of the Fall
B0DJSDMVSJ,Vinyl,89.41,https://www.amazon.sg/Out-Blue-Olic%C3%ADa/dp/B0DJSDMVSJ/ref=sr_1_210?dib=eyJ2IjoiMSJ9.8O55zLxoWfENwXu_PNSUOv9ZOX6jIyjOQ2-lgz6KuoQQC9PRVNF4VE-jFlyPhfpfeSi1BxomL-YZ6PX86-zXBqYkx0UqAIUTK7er-ks-dXjmTzNid-19A1lYqcxNCaLQDfvejZ1CBAzM1LmoU87hS4-XgpI-x-1IouXLHNBypxA.h9nyWN25ePdODZJdmjO3bNzNS3N2dFEOBwSoKAe-064&dib_tag=se&m=A6PVCWOL6UP6Z&marketplaceID=A19VAU5U5O7RUS&qid=1776824926&refinements=p_36%3A8500-9000&s=merchant-items&sr=1-210&xpid=IvnStguvduseA#customerReviews,Out Of The Blue
B0DJP7ZB1F,Audio CD,87.7,https://www.amazon.sg/Starting-Over-Ricky-Fsp/dp/B0DJP7ZB1F/ref=sr_1_211?dib=eyJ2IjoiMSJ9.8O55zLxoWfENwXu_PNSUOv9ZOX6jIyjOQ2-lgz6KuoQQC9PRVNF4VE-jFlyPhfpfeSi1BxomL-YZ6PX86-zXBqYkx0UqAIUTK7er-ks-dXjmTzNid-19A1lYqcxNCaLQDfvejZ1CBAzM1LmoU87hS4-XgpI-x-1IouXLHNBypxA.h9nyWN25ePdODZJdmjO3bNzNS3N2dFEOBwSoKAe-064&dib_tag=se&m=A6PVCWOL6UP6Z&marketplaceID=A19VAU5U5O7RUS&qid=1776824926&refinements=p_36%3A8500-9000&s=merchant-items&sr=1-211&xpid=IvnStguvduseA,Starting Over
B0DGY4XYDQ,Audio CD,85.6,https://www.amazon.sg/Origin-Storm-Lee-Abraham/dp/B0DGY4XYDQ/ref=sr_1_212?dib=eyJ2IjoiMSJ9.8O55zLxoWfENwXu_PNSUOv9ZOX6jIyjOQ2-lgz6KuoQQC9PRVNF4VE-jFlyPhfpfeSi1BxomL-YZ6PX86-zXBqYkx0UqAIUTK7er-ks-dXjmTzNid-19A1lYqcxNCaLQDfvejZ1CBAzM1LmoU87hS4-XgpI-x-1IouXLHNBypxA.h9nyWN25ePdODZJdmjO3bNzNS3N2dFEOBwSoKAe-064&dib_tag=se&m=A6PVCWOL6UP6Z&marketplaceID=A19VAU5U5O7RUS&qid=1776824926&refinements=p_36%3A8500-9000&s=merchant-items&sr=1-212&xpid=IvnStguvduseA,Origin Of The Storm
B0DGV5XV3J,Audio CD,87.5,https://www.amazon.sg/Club-Squirting-Blood-Repuked/dp/B0DGV5XV3J/ref=sr_1_213?dib=eyJ2IjoiMSJ9.8O55zLxoWfENwXu_PNSUOv9ZOX6jIyjOQ2-lgz6KuoQQC9PRVNF4VE-jFlyPhfpfeSi1BxomL-YZ6PX86-zXBqYkx0UqAIUTK7er-ks-dXjmTzNid-19A1lYqcxNCaLQDfvejZ1CBAzM1LmoU87hS4-XgpI-x-1IouXLHNBypxA.h9nyWN25ePdODZJdmjO3bNzNS3N2dFEOBwSoKAe-064&dib_tag=se&m=A6PVCWOL6UP6Z&marketplaceID=A19VAU5U5O7RUS&qid=1776824926&refinements=p_36%3A8500-9000&s=merchant-items&sr=1-213&xpid=IvnStguvduseA#customerReviews,Club Squirting Blood
B0DG9BV8JW,Vinyl,87.5,https://www.amazon.sg/Im-Love-You-Matt-Covington/dp/B0DG9BV8JW/ref=sr_1_214?dib=eyJ2IjoiMSJ9.8O55zLxoWfENwXu_PNSUOv9ZOX6jIyjOQ2-lgz6KuoQQC9PRVNF4VE-jFlyPhfpfeSi1BxomL-YZ6PX86-zXBqYkx0UqAIUTK7er-ks-dXjmTzNid-19A1lYqcxNCaLQDfvejZ1CBAzM1LmoU87hS4-XgpI-x-1IouXLHNBypxA.h9nyWN25ePdODZJdmjO3bNzNS3N2dFEOBwSoKAe-064&dib_tag=se&m=A6PVCWOL6UP6Z&marketplaceID=A19VAU5U5O7RUS&qid=1776824926&refinements=p_36%3A8500-9000&s=merchant-items&sr=1-214&xpid=IvnStguvduseA,I'm So In Love With You
B0DG8W5VNB,Audio CD,87.7,https://www.amazon.sg/After-Dream-%E4%BD%90%E8%97%A4%E3%81%B2%E3%81%B3%E3%81%8D/dp/B0DG8W5VNB/ref=sr_1_215?dib=eyJ2IjoiMSJ9.8O55zLxoWfENwXu_PNSUOv9ZOX6jIyjOQ2-lgz6KuoQQC9PRVNF4VE-jFlyPhfpfeSi1BxomL-YZ6PX86-zXBqYkx0UqAIUTK7er-ks-dXjmTzNid-19A1lYqcxNCaLQDfvejZ1CBAzM1LmoU87hS4-XgpI-x-1IouXLHNBypxA.h9nyWN25ePdODZJdmjO3bNzNS3N2dFEOBwSoKAe-064&dib_tag=se&m=A6PVCWOL6UP6Z&marketplaceID=A19VAU5U5O7RUS&qid=1776824926&refinements=p_36%3A8500-9000&s=merchant-items&sr=1-215&xpid=IvnStguvduseA#customerReviews,After the Dream
B0DDRNM11M,Audio CD,86.32,https://www.amazon.sg/Walcheturm-Matthias-Spillmann-Trio/dp/B0DDRNM11M/ref=sr_1_216?dib=eyJ2IjoiMSJ9.8O55zLxoWfENwXu_PNSUOv9ZOX6jIyjOQ2-lgz6KuoQQC9PRVNF4VE-jFlyPhfpfeSi1BxomL-YZ6PX86-zXBqYkx0UqAIUTK7er-ks-dXjmTzNid-19A1lYqcxNCaLQDfvejZ1CBAzM1LmoU87hS4-XgpI-x-1IouXLHNBypxA.h9nyWN25ePdODZJdmjO3bNzNS3N2dFEOBwSoKAe-064&dib_tag=se&m=A6PVCWOL6UP6Z&marketplaceID=A19VAU5U5O7RUS&qid=1776824926&refinements=p_36%3A8500-9000&s=merchant-items&sr=1-216&xpid=IvnStguvduseA,Walcheturm
B0DDN9LFKG,Audio CD,87.5,https://www.amazon.sg/Songs-Travel-Alexandre-Beuchat/dp/B0DDN9LFKG/ref=sr_1_217?dib=eyJ2IjoiMSJ9.8O55zLxoWfENwXu_PNSUOv9ZOX6jIyjOQ2-lgz6KuoQQC9PRVNF4VE-jFlyPhfpfeSi1BxomL-YZ6PX86-zXBqYkx0UqAIUTK7er-ks-dXjmTzNid-19A1lYqcxNCaLQDfvejZ1CBAzM1LmoU87hS4-XgpI-x-1IouXLHNBypxA.h9nyWN25ePdODZJdmjO3bNzNS3N2dFEOBwSoKAe-064&dib_tag=se&m=A6PVCWOL6UP6Z&marketplaceID=A19VAU5U5O7RUS&qid=1776824926&refinements=p_36%3A8500-9000&s=merchant-items&sr=1-217&xpid=IvnStguvduseA#customerReviews,Songs of Travel
B0DDN8QHLG,Audio CD,87.5,https://www.amazon.sg/Bowen-Piano-Works-Nuron-Mukumi/dp/B0DDN8QHLG/ref=sr_1_218?dib=eyJ2IjoiMSJ9.8O55zLxoWfENwXu_PNSUOv9ZOX6jIyjOQ2-lgz6KuoQQC9PRVNF4VE-jFlyPhfpfeSi1BxomL-YZ6PX86-zXBqYkx0UqAIUTK7er-ks-dXjmTzNid-19A1lYqcxNCaLQDfvejZ1CBAzM1LmoU87hS4-XgpI-x-1IouXLHNBypxA.h9nyWN25ePdODZJdmjO3bNzNS3N2dFEOBwSoKAe-064&dib_tag=se&m=A6PVCWOL6UP6Z&marketplaceID=A19VAU5U5O7RUS&qid=1776824926&refinements=p_36%3A8500-9000&s=merchant-items&sr=1-218&xpid=IvnStguvduseA#customerReviews,Bowen: Piano Works
B0DDMP27YQ,Audio CD,87.5,https://www.amazon.sg/Tres-Voces-Triology/dp/B0DDMP27YQ/ref=sr_1_219?dib=eyJ2IjoiMSJ9.8O55zLxoWfENwXu_PNSUOv9ZOX6jIyjOQ2-lgz6KuoQQC9PRVNF4VE-jFlyPhfpfeSi1BxomL-YZ6PX86-zXBqYkx0UqAIUTK7er-ks-dXjmTzNid-19A1lYqcxNCaLQDfvejZ1CBAzM1LmoU87hS4-XgpI-x-1IouXLHNBypxA.h9nyWN25ePdODZJdmjO3bNzNS3N2dFEOBwSoKAe-064&dib_tag=se&m=A6PVCWOL6UP6Z&marketplaceID=A19VAU5U5O7RUS&qid=1776824926&refinements=p_36%3A8500-9000&s=merchant-items&sr=1-219&xpid=IvnStguvduseA,A Tres Voces
B0DDHQDGT4,Vinyl,87.7,https://www.amazon.sg/New-Games-Rhythm-Sound-Goat/dp/B0DDHQDGT4/ref=sr_1_225?dib=eyJ2IjoiMSJ9.Aj7Qeomr_B7DI3hSOMnwR7OT7XbqOPjbTjnKlYYfVCILUL4cXeboeDsTrrTXvgrAISRcAkJyLkEwC2jL3i22aQ.FYfQ75nJqwmdsk33_ik5uY53VBejiLnfkByL3YCXYko&dib_tag=se&m=A6PVCWOL6UP6Z&marketplaceID=A19VAU5U5O7RUS&qid=1776824930&refinements=p_36%3A8500-9000&s=merchant-items&sr=1-225&xpid=IvnStguvduseA#customerReviews,New Games / Rhythm & Sound
B0DDCBB17R,Audio CD,89.41,https://www.amazon.sg/Five-Arrows-Polar/dp/B0DDCBB17R/ref=sr_1_226?dib=eyJ2IjoiMSJ9.Aj7Qeomr_B7DI3hSOMnwR7OT7XbqOPjbTjnKlYYfVCILUL4cXeboeDsTrrTXvgrAISRcAkJyLkEwC2jL3i22aQ.FYfQ75nJqwmdsk33_ik5uY53VBejiLnfkByL3YCXYko&dib_tag=se&m=A6PVCWOL6UP6Z&marketplaceID=A19VAU5U5O7RUS&qid=1776824930&refinements=p_36%3A8500-9000&s=merchant-items&sr=1-226&xpid=IvnStguvduseA,Five Arrows
B0DCHF6B9Q,Audio CD,87.75,https://www.amazon.sg/Can-Circulate-Cc81/dp/B0DCHF6B9Q/ref=sr_1_227?dib=eyJ2IjoiMSJ9.Aj7Qeomr_B7DI3hSOMnwR7OT7XbqOPjbTjnKlYYfVCILUL4cXeboeDsTrrTXvgrAISRcAkJyLkEwC2jL3i22aQ.FYfQ75nJqwmdsk33_ik5uY53VBejiLnfkByL3YCXYko&dib_tag=se&m=A6PVCWOL6UP6Z&marketplaceID=A19VAU5U5O7RUS&qid=1776824930&refinements=p_36%3A8500-9000&s=merchant-items&sr=1-227&xpid=IvnStguvduseA,Can Circulate
B0DBYZKYBN,"Audio, Cassette",87.75,https://www.amazon.sg/Syn-Fonia-Evisbeats-Kazuhiko-Maeda/dp/B0DBYZKYBN/ref=sr_1_228?dib=eyJ2IjoiMSJ9.Aj7Qeomr_B7DI3hSOMnwR7OT7XbqOPjbTjnKlYYfVCILUL4cXeboeDsTrrTXvgrAISRcAkJyLkEwC2jL3i22aQ.FYfQ75nJqwmdsk33_ik5uY53VBejiLnfkByL3YCXYko&dib_tag=se&m=A6PVCWOL6UP6Z&marketplaceID=A19VAU5U5O7RUS&qid=1776824930&refinements=p_36%3A8500-9000&s=merchant-items&sr=1-228&xpid=IvnStguvduseA#customerReviews,Syn Fonia
B0DBRDD26G,Vinyl,87.5,https://www.amazon.sg/Fifteen-Blocks-Submerse/dp/B0DBRDD26G/ref=sr_1_229?dib=eyJ2IjoiMSJ9.Aj7Qeomr_B7DI3hSOMnwR7OT7XbqOPjbTjnKlYYfVCILUL4cXeboeDsTrrTXvgrAISRcAkJyLkEwC2jL3i22aQ.FYfQ75nJqwmdsk33_ik5uY53VBejiLnfkByL3YCXYko&dib_tag=se&m=A6PVCWOL6UP6Z&marketplaceID=A19VAU5U5O7RUS&qid=1776824930&refinements=p_36%3A8500-9000&s=merchant-items&sr=1-229&xpid=IvnStguvduseA,Fifteen Blocks
B0DBLW3VWV,Audio CD,86.32,https://www.amazon.sg/Every-Step-Benjamin-Ring/dp/B0DBLW3VWV/ref=sr_1_225?dib=eyJ2IjoiMSJ9.9fxesZFMrHse15KF17iOgaSmBpOggzyr3FbtZ4xFp5MQ67KqbJnlG0rt0Osnpz970tNMU6ZFkFyeJHOBEnoJ2KMMflqHp7vsTR3DCZZk9bXVlCBvLgySnwmy030eWAHlSMXnTIrsmxMjbn7HfeDmpEjOQ2w2QiljZTvAIVtuc88.89q4vpTvSQnrzugYTPHRqpo1ac9KuXLMyYW3-IRtmuA&dib_tag=se&m=A6PVCWOL6UP6Z&marketplaceID=A19VAU5U5O7RUS&qid=1776824930&refinements=p_36%3A8500-9000&s=merchant-items&sr=1-225&xpid=IvnStguvduseA,With Every Step
B0DB6W5LS8,Vinyl,87.5,https://www.amazon.sg/Remedy-Ritual-Karen-Nyame-Kg/dp/B0DB6W5LS8/ref=sr_1_226?dib=eyJ2IjoiMSJ9.9fxesZFMrHse15KF17iOgaSmBpOggzyr3FbtZ4xFp5MQ67KqbJnlG0rt0Osnpz970tNMU6ZFkFyeJHOBEnoJ2KMMflqHp7vsTR3DCZZk9bXVlCBvLgySnwmy030eWAHlSMXnTIrsmxMjbn7HfeDmpEjOQ2w2QiljZTvAIVtuc88.89q4vpTvSQnrzugYTPHRqpo1ac9KuXLMyYW3-IRtmuA&dib_tag=se&m=A6PVCWOL6UP6Z&marketplaceID=A19VAU5U5O7RUS&qid=1776824930&refinements=p_36%3A8500-9000&s=merchant-items&sr=1-226&xpid=IvnStguvduseA,The Remedy / Ritual
B0DB3YCRRZ,Audio CD,87.5,https://www.amazon.sg/Heger-Stilles-Leuchten-Basler-Madrigalisten/dp/B0DB3YCRRZ/ref=sr_1_227?dib=eyJ2IjoiMSJ9.9fxesZFMrHse15KF17iOgaSmBpOggzyr3FbtZ4xFp5MQ67KqbJnlG0rt0Osnpz970tNMU6ZFkFyeJHOBEnoJ2KMMflqHp7vsTR3DCZZk9bXVlCBvLgySnwmy030eWAHlSMXnTIrsmxMjbn7HfeDmpEjOQ2w2QiljZTvAIVtuc88.89q4vpTvSQnrzugYTPHRqpo1ac9KuXLMyYW3-IRtmuA&dib_tag=se&m=A6PVCWOL6UP6Z&marketplaceID=A19VAU5U5O7RUS&qid=1776824930&refinements=p_36%3A8500-9000&s=merchant-items&sr=1-227&xpid=IvnStguvduseA,Heger: Stilles Leuchten
B0D9YXYM35,Vinyl,85.6,https://www.amazon.sg/Alabama-69-Red-Gold-Splatter/dp/B0D9YXYM35/ref=sr_1_228?dib=eyJ2IjoiMSJ9.9fxesZFMrHse15KF17iOgaSmBpOggzyr3FbtZ4xFp5MQ67KqbJnlG0rt0Osnpz970tNMU6ZFkFyeJHOBEnoJ2KMMflqHp7vsTR3DCZZk9bXVlCBvLgySnwmy030eWAHlSMXnTIrsmxMjbn7HfeDmpEjOQ2w2QiljZTvAIVtuc88.89q4vpTvSQnrzugYTPHRqpo1ac9KuXLMyYW3-IRtmuA&dib_tag=se&m=A6PVCWOL6UP6Z&marketplaceID=A19VAU5U5O7RUS&qid=1776824930&refinements=p_36%3A8500-9000&s=merchant-items&sr=1-228&xpid=IvnStguvduseA#customerReviews,Alabama '69 - Red/Gold Splatter
B0D9WQNKH5,Audio CD,88.08,https://www.amazon.sg/UNDER-WEATHER-ROSETTA-STONE/dp/B0D9WQNKH5/ref=sr_1_229?dib=eyJ2IjoiMSJ9.9fxesZFMrHse15KF17iOgaSmBpOggzyr3FbtZ4xFp5MQ67KqbJnlG0rt0Osnpz970tNMU6ZFkFyeJHOBEnoJ2KMMflqHp7vsTR3DCZZk9bXVlCBvLgySnwmy030eWAHlSMXnTIrsmxMjbn7HfeDmpEjOQ2w2QiljZTvAIVtuc88.89q4vpTvSQnrzugYTPHRqpo1ac9KuXLMyYW3-IRtmuA&dib_tag=se&m=A6PVCWOL6UP6Z&marketplaceID=A19VAU5U5O7RUS&qid=1776824930&refinements=p_36%3A8500-9000&s=merchant-items&sr=1-229&xpid=IvnStguvduseA#customerReviews,UNDER THE WEATHER
B0D9SQBFNF,Audio CD,89.41,https://www.amazon.sg/Honzak-Blues-String-Hanging-Wind/dp/B0D9SQBFNF/ref=sr_1_230?dib=eyJ2IjoiMSJ9.9fxesZFMrHse15KF17iOgaSmBpOggzyr3FbtZ4xFp5MQ67KqbJnlG0rt0Osnpz970tNMU6ZFkFyeJHOBEnoJ2KMMflqHp7vsTR3DCZZk9bXVlCBvLgySnwmy030eWAHlSMXnTIrsmxMjbn7HfeDmpEjOQ2w2QiljZTvAIVtuc88.89q4vpTvSQnrzugYTPHRqpo1ac9KuXLMyYW3-IRtmuA&dib_tag=se&m=A6PVCWOL6UP6Z&marketplaceID=A19VAU5U5O7RUS&qid=1776824930&refinements=p_36%3A8500-9000&s=merchant-items&sr=1-230&xpid=IvnStguvduseA,Honzak: The Blues of a String Hanging in the Wind
B0D9N7SQRZ,Vinyl,87.7,https://www.amazon.sg/Sound-Scape-Daisuke-Kazaoka/dp/B0D9N7SQRZ/ref=sr_1_231?dib=eyJ2IjoiMSJ9.9fxesZFMrHse15KF17iOgaSmBpOggzyr3FbtZ4xFp5MQ67KqbJnlG0rt0Osnpz970tNMU6ZFkFyeJHOBEnoJ2KMMflqHp7vsTR3DCZZk9bXVlCBvLgySnwmy030eWAHlSMXnTIrsmxMjbn7HfeDmpEjOQ2w2QiljZTvAIVtuc88.89q4vpTvSQnrzugYTPHRqpo1ac9KuXLMyYW3-IRtmuA&dib_tag=se&m=A6PVCWOL6UP6Z&marketplaceID=A19VAU5U5O7RUS&qid=1776824930&refinements=p_36%3A8500-9000&s=merchant-items&sr=1-231&xpid=IvnStguvduseA,Sound Scape
B0D9MYS3SX,Audio CD,89.41,https://www.amazon.sg/Reencanto-Live-At-Union-Chapel/dp/B0D9MYS3SX/ref=sr_1_232?dib=eyJ2IjoiMSJ9.9fxesZFMrHse15KF17iOgaSmBpOggzyr3FbtZ4xFp5MQ67KqbJnlG0rt0Osnpz970tNMU6ZFkFyeJHOBEnoJ2KMMflqHp7vsTR3DCZZk9bXVlCBvLgySnwmy030eWAHlSMXnTIrsmxMjbn7HfeDmpEjOQ2w2QiljZTvAIVtuc88.89q4vpTvSQnrzugYTPHRqpo1ac9KuXLMyYW3-IRtmuA&dib_tag=se&m=A6PVCWOL6UP6Z&marketplaceID=A19VAU5U5O7RUS&qid=1776824930&refinements=p_36%3A8500-9000&s=merchant-items&sr=1-232&xpid=IvnStguvduseA#customerReviews,Reencanto: Live At Union Chapel
B0D9MJLSMQ,Audio CD,87.5,https://www.amazon.sg/2024-Decibel-Original-Soundtrack-Lyrics/dp/B0D9MJLSMQ/ref=sr_1_233?dib=eyJ2IjoiMSJ9.9fxesZFMrHse15KF17iOgaSmBpOggzyr3FbtZ4xFp5MQ67KqbJnlG0rt0Osnpz970tNMU6ZFkFyeJHOBEnoJ2KMMflqHp7vsTR3DCZZk9bXVlCBvLgySnwmy030eWAHlSMXnTIrsmxMjbn7HfeDmpEjOQ2w2QiljZTvAIVtuc88.89q4vpTvSQnrzugYTPHRqpo1ac9KuXLMyYW3-IRtmuA&dib_tag=se&m=A6PVCWOL6UP6Z&marketplaceID=A19VAU5U5O7RUS&qid=1776824930&refinements=p_36%3A8500-9000&s=merchant-items&sr=1-233&xpid=IvnStguvduseA,2024 Decibel (Original Soundtrack) - incl. 24pg Lyrics Paper + Poster
B0D999RJLC,Audio CD,87.5,https://www.amazon.sg/Bruckner-Symphony-flat-Major-Romantic/dp/B0D999RJLC/ref=sr_1_234?dib=eyJ2IjoiMSJ9.9fxesZFMrHse15KF17iOgaSmBpOggzyr3FbtZ4xFp5MQ67KqbJnlG0rt0Osnpz970tNMU6ZFkFyeJHOBEnoJ2KMMflqHp7vsTR3DCZZk9bXVlCBvLgySnwmy030eWAHlSMXnTIrsmxMjbn7HfeDmpEjOQ2w2QiljZTvAIVtuc88.89q4vpTvSQnrzugYTPHRqpo1ac9KuXLMyYW3-IRtmuA&dib_tag=se&m=A6PVCWOL6UP6Z&marketplaceID=A19VAU5U5O7RUS&qid=1776824930&refinements=p_36%3A8500-9000&s=merchant-items&sr=1-234&xpid=IvnStguvduseA,"Bruckner: Symphony No. 4 in E flat Major ""Romantic"""
B0D93YCK9H,Audio CD,89.98,https://www.amazon.sg/Nail-incl-Bonus-Track/dp/B0D93YCK9H/ref=sr_1_235?dib=eyJ2IjoiMSJ9.9fxesZFMrHse15KF17iOgaSmBpOggzyr3FbtZ4xFp5MQ67KqbJnlG0rt0Osnpz970tNMU6ZFkFyeJHOBEnoJ2KMMflqHp7vsTR3DCZZk9bXVlCBvLgySnwmy030eWAHlSMXnTIrsmxMjbn7HfeDmpEjOQ2w2QiljZTvAIVtuc88.89q4vpTvSQnrzugYTPHRqpo1ac9KuXLMyYW3-IRtmuA&dib_tag=se&m=A6PVCWOL6UP6Z&marketplaceID=A19VAU5U5O7RUS&qid=1776824930&refinements=p_36%3A8500-9000&s=merchant-items&sr=1-235&xpid=IvnStguvduseA#customerReviews,The Nail - incl. Bonus Track
B0D93RLYM7,Audio CD,89.6,https://www.amazon.sg/Apoteosi-SHM-CD-Remaster/dp/B0D93RLYM7/ref=sr_1_241?dib=eyJ2IjoiMSJ9.AKlfyYLYDT5ufqc2M5mD2au2F1HW3A4QwophClqppeyqZc3gOPLnlgNsoaraGSpxcaR4_vo-omIg2h_-k3bjoQ.l8tkGs2ZzzCL5IdUVgdozORSKPorqcZIhEXWkVHq8zk&dib_tag=se&m=A6PVCWOL6UP6Z&marketplaceID=A19VAU5U5O7RUS&qid=1776824935&refinements=p_36%3A8500-9000&s=merchant-items&sr=1-241&xpid=IvnStguvduseA#customerReviews,Apoteosi - SHM-CD - Remaster
B0D8WP87L7,Vinyl,85.6,https://www.amazon.sg/No-Excuse-Joo-Kraus/dp/B0D8WP87L7/ref=sr_1_242?dib=eyJ2IjoiMSJ9.AKlfyYLYDT5ufqc2M5mD2au2F1HW3A4QwophClqppeyqZc3gOPLnlgNsoaraGSpxcaR4_vo-omIg2h_-k3bjoQ.l8tkGs2ZzzCL5IdUVgdozORSKPorqcZIhEXWkVHq8zk&dib_tag=se&m=A6PVCWOL6UP6Z&marketplaceID=A19VAU5U5O7RUS&qid=1776824935&refinements=p_36%3A8500-9000&s=merchant-items&sr=1-242&xpid=IvnStguvduseA#customerReviews,No Excuse
B0D8RJ1JR1,Vinyl,87.5,https://www.amazon.sg/Blues-180gm-Transparent-Blue-Vinyl/dp/B0D8RJ1JR1/ref=sr_1_243?dib=eyJ2IjoiMSJ9.AKlfyYLYDT5ufqc2M5mD2au2F1HW3A4QwophClqppeyqZc3gOPLnlgNsoaraGSpxcaR4_vo-omIg2h_-k3bjoQ.l8tkGs2ZzzCL5IdUVgdozORSKPorqcZIhEXWkVHq8zk&dib_tag=se&m=A6PVCWOL6UP6Z&marketplaceID=A19VAU5U5O7RUS&qid=1776824935&refinements=p_36%3A8500-9000&s=merchant-items&sr=1-243&xpid=IvnStguvduseA#customerReviews,The Blues - Ltd 180gm Transparent Blue Vinyl
B0D8QHJ6XG,Vinyl,87.5,https://www.amazon.sg/WARM-WORLD-GILBERTO-CLEAR-VINYL/dp/B0D8QHJ6XG/ref=sr_1_244?dib=eyJ2IjoiMSJ9.AKlfyYLYDT5ufqc2M5mD2au2F1HW3A4QwophClqppeyqZc3gOPLnlgNsoaraGSpxcaR4_vo-omIg2h_-k3bjoQ.l8tkGs2ZzzCL5IdUVgdozORSKPorqcZIhEXWkVHq8zk&dib_tag=se&m=A6PVCWOL6UP6Z&marketplaceID=A19VAU5U5O7RUS&qid=1776824935&refinements=p_36%3A8500-9000&s=merchant-items&sr=1-244&xpid=IvnStguvduseA#customerReviews,WARM WORLD OF JOAO GILBERTO (CLEAR VINYL)
B0D8GG33NP,Audio CD,86.32,https://www.amazon.sg/Live-Cliff-Bells-Michael-Sarian/dp/B0D8GG33NP/ref=sr_1_245?dib=eyJ2IjoiMSJ9.AKlfyYLYDT5ufqc2M5mD2au2F1HW3A4QwophClqppeyqZc3gOPLnlgNsoaraGSpxcaR4_vo-omIg2h_-k3bjoQ.l8tkGs2ZzzCL5IdUVgdozORSKPorqcZIhEXWkVHq8zk&dib_tag=se&m=A6PVCWOL6UP6Z&marketplaceID=A19VAU5U5O7RUS&qid=1776824935&refinements=p_36%3A8500-9000&s=merchant-items&sr=1-245&xpid=IvnStguvduseA#customerReviews,Live at Cliff Bell's
B0D7Y8TKBP,Audio CD,87.5,https://www.amazon.sg/Widmann-Piano-Music-Yubo-Zhou/dp/B0D7Y8TKBP/ref=sr_1_241?dib=eyJ2IjoiMSJ9.UgixBd_4Gp98Vbd5u5mArdgApgZ4MI7lIhsEA83MA5hVg6xWvHS52VdWfVqw-4gPym1KxmjS4otLydCVgzMoo9bm5fIvUB3AtycjX34OMFjJJT_fzAXukI1pwy5N8QV8Aka6PZbUMI2ysZPsaHlHGPXXzAjYSg_hBxKMQZsNufw.4mF68EfFxosyMvEwHzg6jdATAsfbDG7_7gto3e8ujmY&dib_tag=se&m=A6PVCWOL6UP6Z&marketplaceID=A19VAU5U5O7RUS&qid=1776824935&refinements=p_36%3A8500-9000&s=merchant-items&sr=1-241&xpid=IvnStguvduseA,Widmann: Piano Music
B0D7XFL5SL,Vinyl,85.6,https://www.amazon.sg/Creation-Etherealites/dp/B0D7XFL5SL/ref=sr_1_242?dib=eyJ2IjoiMSJ9.UgixBd_4Gp98Vbd5u5mArdgApgZ4MI7lIhsEA83MA5hVg6xWvHS52VdWfVqw-4gPym1KxmjS4otLydCVgzMoo9bm5fIvUB3AtycjX34OMFjJJT_fzAXukI1pwy5N8QV8Aka6PZbUMI2ysZPsaHlHGPXXzAjYSg_hBxKMQZsNufw.4mF68EfFxosyMvEwHzg6jdATAsfbDG7_7gto3e8ujmY&dib_tag=se&m=A6PVCWOL6UP6Z&marketplaceID=A19VAU5U5O7RUS&qid=1776824935&refinements=p_36%3A8500-9000&s=merchant-items&sr=1-242&xpid=IvnStguvduseA,Creation
B0D6ZBHXXW,Audio CD,87.5,https://www.amazon.sg/Babadjanian-Gasparian-Khachaturian-Komitas-Origins/dp/B0D6ZBHXXW/ref=sr_1_243?dib=eyJ2IjoiMSJ9.UgixBd_4Gp98Vbd5u5mArdgApgZ4MI7lIhsEA83MA5hVg6xWvHS52VdWfVqw-4gPym1KxmjS4otLydCVgzMoo9bm5fIvUB3AtycjX34OMFjJJT_fzAXukI1pwy5N8QV8Aka6PZbUMI2ysZPsaHlHGPXXzAjYSg_hBxKMQZsNufw.4mF68EfFxosyMvEwHzg6jdATAsfbDG7_7gto3e8ujmY&dib_tag=se&m=A6PVCWOL6UP6Z&marketplaceID=A19VAU5U5O7RUS&qid=1776824935&refinements=p_36%3A8500-9000&s=merchant-items&sr=1-243&xpid=IvnStguvduseA#customerReviews,"Babadjanian, Gasparian, Khachaturian & Komitas: Origins"
B0D6GY7MWL,Audio CD,87.5,https://www.amazon.sg/Battlezone-Marc-Batten-Jennifer-Scherer/dp/B0D6GY7MWL/ref=sr_1_244?dib=eyJ2IjoiMSJ9.UgixBd_4Gp98Vbd5u5mArdgApgZ4MI7lIhsEA83MA5hVg6xWvHS52VdWfVqw-4gPym1KxmjS4otLydCVgzMoo9bm5fIvUB3AtycjX34OMFjJJT_fzAXukI1pwy5N8QV8Aka6PZbUMI2ysZPsaHlHGPXXzAjYSg_hBxKMQZsNufw.4mF68EfFxosyMvEwHzg6jdATAsfbDG7_7gto3e8ujmY&dib_tag=se&m=A6PVCWOL6UP6Z&marketplaceID=A19VAU5U5O7RUS&qid=1776824935&refinements=p_36%3A8500-9000&s=merchant-items&sr=1-244&xpid=IvnStguvduseA#customerReviews,Battlezone - Ltd Deluxe Edition
B0D6BBLP86,Vinyl,85.98,https://www.amazon.sg/Mitsu-25rpm-Coppe/dp/B0D6BBLP86/ref=sr_1_245?dib=eyJ2IjoiMSJ9.UgixBd_4Gp98Vbd5u5mArdgApgZ4MI7lIhsEA83MA5hVg6xWvHS52VdWfVqw-4gPym1KxmjS4otLydCVgzMoo9bm5fIvUB3AtycjX34OMFjJJT_fzAXukI1pwy5N8QV8Aka6PZbUMI2ysZPsaHlHGPXXzAjYSg_hBxKMQZsNufw.4mF68EfFxosyMvEwHzg6jdATAsfbDG7_7gto3e8ujmY&dib_tag=se&m=A6PVCWOL6UP6Z&marketplaceID=A19VAU5U5O7RUS&qid=1776824935&refinements=p_36%3A8500-9000&s=merchant-items&sr=1-245&xpid=IvnStguvduseA,Mitsu (25rpm)
B0D5RJLKVR,Vinyl,89.41,https://www.amazon.sg/Ten-Years-Seven-Villas-Part/dp/B0D5RJLKVR/ref=sr_1_246?dib=eyJ2IjoiMSJ9.UgixBd_4Gp98Vbd5u5mArdgApgZ4MI7lIhsEA83MA5hVg6xWvHS52VdWfVqw-4gPym1KxmjS4otLydCVgzMoo9bm5fIvUB3AtycjX34OMFjJJT_fzAXukI1pwy5N8QV8Aka6PZbUMI2ysZPsaHlHGPXXzAjYSg_hBxKMQZsNufw.4mF68EfFxosyMvEwHzg6jdATAsfbDG7_7gto3e8ujmY&dib_tag=se&m=A6PVCWOL6UP6Z&marketplaceID=A19VAU5U5O7RUS&qid=1776824935&refinements=p_36%3A8500-9000&s=merchant-items&sr=1-246&xpid=IvnStguvduseA,Ten Years Of Seven Villas (Part II)
B0D5NCZPXM,Audio CD,87.75,https://www.amazon.sg/93D-Nori-Naraoka/dp/B0D5NCZPXM/ref=sr_1_247?dib=eyJ2IjoiMSJ9.UgixBd_4Gp98Vbd5u5mArdgApgZ4MI7lIhsEA83MA5hVg6xWvHS52VdWfVqw-4gPym1KxmjS4otLydCVgzMoo9bm5fIvUB3AtycjX34OMFjJJT_fzAXukI1pwy5N8QV8Aka6PZbUMI2ysZPsaHlHGPXXzAjYSg_hBxKMQZsNufw.4mF68EfFxosyMvEwHzg6jdATAsfbDG7_7gto3e8ujmY&dib_tag=se&m=A6PVCWOL6UP6Z&marketplaceID=A19VAU5U5O7RUS&qid=1776824935&refinements=p_36%3A8500-9000&s=merchant-items&sr=1-247&xpid=IvnStguvduseA,93D
B0D3STNZ31,Vinyl,89.98,https://www.amazon.sg/Kimi-wa-Barayori-Utukushii-Ecd/dp/B0D3STNZ31/ref=sr_1_248?dib=eyJ2IjoiMSJ9.UgixBd_4Gp98Vbd5u5mArdgApgZ4MI7lIhsEA83MA5hVg6xWvHS52VdWfVqw-4gPym1KxmjS4otLydCVgzMoo9bm5fIvUB3AtycjX34OMFjJJT_fzAXukI1pwy5N8QV8Aka6PZbUMI2ysZPsaHlHGPXXzAjYSg_hBxKMQZsNufw.4mF68EfFxosyMvEwHzg6jdATAsfbDG7_7gto3e8ujmY&dib_tag=se&m=A6PVCWOL6UP6Z&marketplaceID=A19VAU5U5O7RUS&qid=1776824935&refinements=p_36%3A8500-9000&s=merchant-items&sr=1-248&xpid=IvnStguvduseA,Kimi wa Barayori Utukushii
B0D3NRKYTD,Audio CD,87.5,https://www.amazon.sg/HYbr-ID-III-Alva-Noto/dp/B0D3NRKYTD/ref=sr_1_249?dib=eyJ2IjoiMSJ9.UgixBd_4Gp98Vbd5u5mArdgApgZ4MI7lIhsEA83MA5hVg6xWvHS52VdWfVqw-4gPym1KxmjS4otLydCVgzMoo9bm5fIvUB3AtycjX34OMFjJJT_fzAXukI1pwy5N8QV8Aka6PZbUMI2ysZPsaHlHGPXXzAjYSg_hBxKMQZsNufw.4mF68EfFxosyMvEwHzg6jdATAsfbDG7_7gto3e8ujmY&dib_tag=se&m=A6PVCWOL6UP6Z&marketplaceID=A19VAU5U5O7RUS&qid=1776824935&refinements=p_36%3A8500-9000&s=merchant-items&sr=1-249&xpid=IvnStguvduseA#customerReviews,HYbr:ID III
B0D3FKPVSH,Audio CD,88.7,https://www.amazon.sg/Marimbissimo-Latin-American-Suite-Marimba/dp/B0D3FKPVSH/ref=sr_1_250?dib=eyJ2IjoiMSJ9.UgixBd_4Gp98Vbd5u5mArdgApgZ4MI7lIhsEA83MA5hVg6xWvHS52VdWfVqw-4gPym1KxmjS4otLydCVgzMoo9bm5fIvUB3AtycjX34OMFjJJT_fzAXukI1pwy5N8QV8Aka6PZbUMI2ysZPsaHlHGPXXzAjYSg_hBxKMQZsNufw.4mF68EfFxosyMvEwHzg6jdATAsfbDG7_7gto3e8ujmY&dib_tag=se&m=A6PVCWOL6UP6Z&marketplaceID=A19VAU5U5O7RUS&qid=1776824935&refinements=p_36%3A8500-9000&s=merchant-items&sr=1-250&xpid=IvnStguvduseA#customerReviews,Marimbissimo: A Latin American Suite For Marimba And Big Band
B0D361YZPN,Vinyl,89.41,https://www.amazon.sg/Strong-Island-J-V-C-F-R-C/dp/B0D361YZPN/ref=sr_1_251?dib=eyJ2IjoiMSJ9.UgixBd_4Gp98Vbd5u5mArdgApgZ4MI7lIhsEA83MA5hVg6xWvHS52VdWfVqw-4gPym1KxmjS4otLydCVgzMoo9bm5fIvUB3AtycjX34OMFjJJT_fzAXukI1pwy5N8QV8Aka6PZbUMI2ysZPsaHlHGPXXzAjYSg_hBxKMQZsNufw.4mF68EfFxosyMvEwHzg6jdATAsfbDG7_7gto3e8ujmY&dib_tag=se&m=A6PVCWOL6UP6Z&marketplaceID=A19VAU5U5O7RUS&qid=1776824935&refinements=p_36%3A8500-9000&s=merchant-items&sr=1-251&xpid=IvnStguvduseA,Strong Island
B0D35G6KS4,Audio CD,89.41,https://www.amazon.sg/Rizz-Photobook-Folding-Polaroid-Photocards/dp/B0D35G6KS4/ref=sr_1_257?dib=eyJ2IjoiMSJ9.YJ-nHgwWx2WvxhHr9hSZptrqZz5UnWLDNEi40tiaFJ1_3VW5oms_x7RABPe9ADIWL-suyu1oBU1m8RirSji6sg.8FngoFyKQhCd5ZjN2VJDBY64PfKCb49IYOLSPApBjAU&dib_tag=se&m=A6PVCWOL6UP6Z&marketplaceID=A19VAU5U5O7RUS&qid=1776824939&refinements=p_36%3A8500-9000&s=merchant-items&sr=1-257&xpid=IvnStguvduseA#customerReviews,"Rizz - Random Cover - incl. 64pg Photobook, Folding Poster, 2 Mini Posters, 3-Cut Photo, Polaroid + 2 Photocards"
B0D33VMB2N,Audio CD,87.5,https://www.amazon.sg/Dead-God-Skold/dp/B0D33VMB2N/ref=sr_1_258?dib=eyJ2IjoiMSJ9.YJ-nHgwWx2WvxhHr9hSZptrqZz5UnWLDNEi40tiaFJ1_3VW5oms_x7RABPe9ADIWL-suyu1oBU1m8RirSji6sg.8FngoFyKQhCd5ZjN2VJDBY64PfKCb49IYOLSPApBjAU&dib_tag=se&m=A6PVCWOL6UP6Z&marketplaceID=A19VAU5U5O7RUS&qid=1776824939&refinements=p_36%3A8500-9000&s=merchant-items&sr=1-258&xpid=IvnStguvduseA#customerReviews,Dead God
B0D33LDLZP,Audio CD,85.6,https://www.amazon.sg/Ritual/dp/B0D33LDLZP/ref=sr_1_259?dib=eyJ2IjoiMSJ9.YJ-nHgwWx2WvxhHr9hSZptrqZz5UnWLDNEi40tiaFJ1_3VW5oms_x7RABPe9ADIWL-suyu1oBU1m8RirSji6sg.8FngoFyKQhCd5ZjN2VJDBY64PfKCb49IYOLSPApBjAU&dib_tag=se&m=A6PVCWOL6UP6Z&marketplaceID=A19VAU5U5O7RUS&qid=1776824939&refinements=p_36%3A8500-9000&s=merchant-items&sr=1-259&xpid=IvnStguvduseA#customerReviews,Ritual
B0D2RVKXTJ,Audio CD,87.5,https://www.amazon.sg/4ever-Axolotes-Mexicanos/dp/B0D2RVKXTJ/ref=sr_1_260?dib=eyJ2IjoiMSJ9.YJ-nHgwWx2WvxhHr9hSZptrqZz5UnWLDNEi40tiaFJ1_3VW5oms_x7RABPe9ADIWL-suyu1oBU1m8RirSji6sg.8FngoFyKQhCd5ZjN2VJDBY64PfKCb49IYOLSPApBjAU&dib_tag=se&m=A6PVCWOL6UP6Z&marketplaceID=A19VAU5U5O7RUS&qid=1776824939&refinements=p_36%3A8500-9000&s=merchant-items&sr=1-260&xpid=IvnStguvduseA,4ever
B0D24SYTDP,Vinyl,87.5,https://www.amazon.sg/At-Town-Hall-Purple-Vinyl/dp/B0D24SYTDP/ref=sr_1_261?dib=eyJ2IjoiMSJ9.YJ-nHgwWx2WvxhHr9hSZptrqZz5UnWLDNEi40tiaFJ1_3VW5oms_x7RABPe9ADIWL-suyu1oBU1m8RirSji6sg.8FngoFyKQhCd5ZjN2VJDBY64PfKCb49IYOLSPApBjAU&dib_tag=se&m=A6PVCWOL6UP6Z&marketplaceID=A19VAU5U5O7RUS&qid=1776824939&refinements=p_36%3A8500-9000&s=merchant-items&sr=1-261&xpid=IvnStguvduseA#customerReviews,At Town Hall - Ltd Purple Vinyl
B0D235VYZZ,Audio CD,85.6,https://www.amazon.sg/Yikes-Momus/dp/B0D235VYZZ/ref=sr_1_257?dib=eyJ2IjoiMSJ9.azcIFy5IpId7HjeRyinwtCiFImmEmsRyjurwuNYmXHWUeqXSeINavzuVLHNH8A-MS7ms1LP7skqUmWXI1HL1SdFSqHjdLXICx2nyzzU8poP4LU4nw66uXmIoxzylD3mhCv3FGh3u35KmtTpC17vGri0KuaYLkVxcFP5GqpNmkcE.a_Fx_x1NlXQwCoewjKFidIzOaj7JhYcr0SSTUEU190E&dib_tag=se&m=A6PVCWOL6UP6Z&marketplaceID=A19VAU5U5O7RUS&qid=1776824939&refinements=p_36%3A8500-9000&s=merchant-items&sr=1-257&xpid=IvnStguvduseA#customerReviews,Yikes!
B0D1HK8DTZ,Audio CD,85.6,https://www.amazon.sg/Last-One-Headie/dp/B0D1HK8DTZ/ref=sr_1_258?dib=eyJ2IjoiMSJ9.azcIFy5IpId7HjeRyinwtCiFImmEmsRyjurwuNYmXHWUeqXSeINavzuVLHNH8A-MS7ms1LP7skqUmWXI1HL1SdFSqHjdLXICx2nyzzU8poP4LU4nw66uXmIoxzylD3mhCv3FGh3u35KmtTpC17vGri0KuaYLkVxcFP5GqpNmkcE.a_Fx_x1NlXQwCoewjKFidIzOaj7JhYcr0SSTUEU190E&dib_tag=se&m=A6PVCWOL6UP6Z&marketplaceID=A19VAU5U5O7RUS&qid=1776824939&refinements=p_36%3A8500-9000&s=merchant-items&sr=1-258&xpid=IvnStguvduseA#customerReviews,Last One
B0D1FT3RYF,Audio CD,88.08,https://www.amazon.sg/Path-Open-Air-II/dp/B0D1FT3RYF/ref=sr_1_259?dib=eyJ2IjoiMSJ9.azcIFy5IpId7HjeRyinwtCiFImmEmsRyjurwuNYmXHWUeqXSeINavzuVLHNH8A-MS7ms1LP7skqUmWXI1HL1SdFSqHjdLXICx2nyzzU8poP4LU4nw66uXmIoxzylD3mhCv3FGh3u35KmtTpC17vGri0KuaYLkVxcFP5GqpNmkcE.a_Fx_x1NlXQwCoewjKFidIzOaj7JhYcr0SSTUEU190E&dib_tag=se&m=A6PVCWOL6UP6Z&marketplaceID=A19VAU5U5O7RUS&qid=1776824939&refinements=p_36%3A8500-9000&s=merchant-items&sr=1-259&xpid=IvnStguvduseA#customerReviews,A Path To Open Air II
B0D1CP1MW9,Vinyl,89.41,https://www.amazon.sg/%C2%A1Blow-Madisons-Quincea%C3%B1era-First-Gimmes/dp/B0D1CP1MW9/ref=sr_1_260?dib=eyJ2IjoiMSJ9.azcIFy5IpId7HjeRyinwtCiFImmEmsRyjurwuNYmXHWUeqXSeINavzuVLHNH8A-MS7ms1LP7skqUmWXI1HL1SdFSqHjdLXICx2nyzzU8poP4LU4nw66uXmIoxzylD3mhCv3FGh3u35KmtTpC17vGri0KuaYLkVxcFP5GqpNmkcE.a_Fx_x1NlXQwCoewjKFidIzOaj7JhYcr0SSTUEU190E&dib_tag=se&m=A6PVCWOL6UP6Z&marketplaceID=A19VAU5U5O7RUS&qid=1776824939&refinements=p_36%3A8500-9000&s=merchant-items&sr=1-260&xpid=IvnStguvduseA#customerReviews,¡Blow it…at Madison's Quinceañera!
B0D1853J6F,Vinyl,135.16,https://www.amazon.sg/Into-Blue-Aaron-Frazer/dp/B0D1853J6F/ref=sr_1_261?dib=eyJ2IjoiMSJ9.azcIFy5IpId7HjeRyinwtCiFImmEmsRyjurwuNYmXHWUeqXSeINavzuVLHNH8A-MS7ms1LP7skqUmWXI1HL1SdFSqHjdLXICx2nyzzU8poP4LU4nw66uXmIoxzylD3mhCv3FGh3u35KmtTpC17vGri0KuaYLkVxcFP5GqpNmkcE.a_Fx_x1NlXQwCoewjKFidIzOaj7JhYcr0SSTUEU190E&dib_tag=se&m=A6PVCWOL6UP6Z&marketplaceID=A19VAU5U5O7RUS&qid=1776824939&refinements=p_36%3A8500-9000&s=merchant-items&sr=1-261&xpid=IvnStguvduseA#customerReviews,Into the Blue
B0CZYRC4HT,Audio CD,89.6,https://www.amazon.sg/Hats-Glass-SHM-Paper-Sleeve/dp/B0CZYRC4HT/ref=sr_1_262?dib=eyJ2IjoiMSJ9.azcIFy5IpId7HjeRyinwtCiFImmEmsRyjurwuNYmXHWUeqXSeINavzuVLHNH8A-MS7ms1LP7skqUmWXI1HL1SdFSqHjdLXICx2nyzzU8poP4LU4nw66uXmIoxzylD3mhCv3FGh3u35KmtTpC17vGri0KuaYLkVxcFP5GqpNmkcE.a_Fx_x1NlXQwCoewjKFidIzOaj7JhYcr0SSTUEU190E&dib_tag=se&m=A6PVCWOL6UP6Z&marketplaceID=A19VAU5U5O7RUS&qid=1776824939&refinements=p_36%3A8500-9000&s=merchant-items&sr=1-262&xpid=IvnStguvduseA#customerReviews,Hats Of Glass - SHM / Paper Sleeve
B0CZSG52B9,Audio CD,88.49,https://www.amazon.sg/Eternal-Rising-Xeneris/dp/B0CZSG52B9/ref=sr_1_263?dib=eyJ2IjoiMSJ9.azcIFy5IpId7HjeRyinwtCiFImmEmsRyjurwuNYmXHWUeqXSeINavzuVLHNH8A-MS7ms1LP7skqUmWXI1HL1SdFSqHjdLXICx2nyzzU8poP4LU4nw66uXmIoxzylD3mhCv3FGh3u35KmtTpC17vGri0KuaYLkVxcFP5GqpNmkcE.a_Fx_x1NlXQwCoewjKFidIzOaj7JhYcr0SSTUEU190E&dib_tag=se&m=A6PVCWOL6UP6Z&marketplaceID=A19VAU5U5O7RUS&qid=1776824939&refinements=p_36%3A8500-9000&s=merchant-items&sr=1-263&xpid=IvnStguvduseA#customerReviews,Eternal Rising
B0CZR2TLST,Audio CD,87.75,https://www.amazon.sg/Echoes-Empty-Live-Gallery-1994/dp/B0CZR2TLST/ref=sr_1_264?dib=eyJ2IjoiMSJ9.azcIFy5IpId7HjeRyinwtCiFImmEmsRyjurwuNYmXHWUeqXSeINavzuVLHNH8A-MS7ms1LP7skqUmWXI1HL1SdFSqHjdLXICx2nyzzU8poP4LU4nw66uXmIoxzylD3mhCv3FGh3u35KmtTpC17vGri0KuaYLkVxcFP5GqpNmkcE.a_Fx_x1NlXQwCoewjKFidIzOaj7JhYcr0SSTUEU190E&dib_tag=se&m=A6PVCWOL6UP6Z&marketplaceID=A19VAU5U5O7RUS&qid=1776824939&refinements=p_36%3A8500-9000&s=merchant-items&sr=1-264&xpid=IvnStguvduseA,Echoes of Empty: Live at Gallery MAI 1994
B0CZPF24RW,Vinyl,87.5,https://www.amazon.sg/Santa-Cruz-Pedro-Lion/dp/B0CZPF24RW/ref=sr_1_265?dib=eyJ2IjoiMSJ9.azcIFy5IpId7HjeRyinwtCiFImmEmsRyjurwuNYmXHWUeqXSeINavzuVLHNH8A-MS7ms1LP7skqUmWXI1HL1SdFSqHjdLXICx2nyzzU8poP4LU4nw66uXmIoxzylD3mhCv3FGh3u35KmtTpC17vGri0KuaYLkVxcFP5GqpNmkcE.a_Fx_x1NlXQwCoewjKFidIzOaj7JhYcr0SSTUEU190E&dib_tag=se&m=A6PVCWOL6UP6Z&marketplaceID=A19VAU5U5O7RUS&qid=1776824939&refinements=p_36%3A8500-9000&s=merchant-items&sr=1-265&xpid=IvnStguvduseA#customerReviews,Santa Cruz
B0CZDNKLY6,Audio CD,86.32,https://www.amazon.sg/Buxtehude-Alchemy-Another-Filament/dp/B0CZDNKLY6/ref=sr_1_266?dib=eyJ2IjoiMSJ9.azcIFy5IpId7HjeRyinwtCiFImmEmsRyjurwuNYmXHWUeqXSeINavzuVLHNH8A-MS7ms1LP7skqUmWXI1HL1SdFSqHjdLXICx2nyzzU8poP4LU4nw66uXmIoxzylD3mhCv3FGh3u35KmtTpC17vGri0KuaYLkVxcFP5GqpNmkcE.a_Fx_x1NlXQwCoewjKFidIzOaj7JhYcr0SSTUEU190E&dib_tag=se&m=A6PVCWOL6UP6Z&marketplaceID=A19VAU5U5O7RUS&qid=1776824939&refinements=p_36%3A8500-9000&s=merchant-items&sr=1-266&xpid=IvnStguvduseA#customerReviews,Buxtehude: Alchemy of Another
B0CZ7HFRYH,Audio CD,89.41,https://www.amazon.sg/Jump-Rope-Buffalo-Tom/dp/B0CZ7HFRYH/ref=sr_1_267?dib=eyJ2IjoiMSJ9.azcIFy5IpId7HjeRyinwtCiFImmEmsRyjurwuNYmXHWUeqXSeINavzuVLHNH8A-MS7ms1LP7skqUmWXI1HL1SdFSqHjdLXICx2nyzzU8poP4LU4nw66uXmIoxzylD3mhCv3FGh3u35KmtTpC17vGri0KuaYLkVxcFP5GqpNmkcE.a_Fx_x1NlXQwCoewjKFidIzOaj7JhYcr0SSTUEU190E&dib_tag=se&m=A6PVCWOL6UP6Z&marketplaceID=A19VAU5U5O7RUS&qid=1776824939&refinements=p_36%3A8500-9000&s=merchant-items&sr=1-267&xpid=IvnStguvduseA#customerReviews,Jump Rope
B0CYQ75RWX,Vinyl,87.5,https://www.amazon.sg/Mr-Scrappers-Blues-Limited-180-Gram/dp/B0CYQ75RWX/ref=sr_1_273?dib=eyJ2IjoiMSJ9.PPJqlJPvihXJxiByswK9vJQz2ZvDJV7yVGU0Z05_thuKIUlF0nkLn3x4GYlIedcW3DXfoPwhhh9RMXkFgjgBJQ.9FFEOCBem209pffu8AtcD5_D-PalaZ4mV0VMufDndHk&dib_tag=se&m=A6PVCWOL6UP6Z&marketplaceID=A19VAU5U5O7RUS&qid=1776824944&refinements=p_36%3A8500-9000&s=merchant-items&sr=1-273&xpid=IvnStguvduseA#customerReviews,Mr. Scrapper's Blues - Limited 180-Gram Vinyl with Bonus Track
B0CYFVFHH3,Audio CD,87.5,https://www.amazon.sg/J-S-Bach-Sonatas-Francesco-Tropea/dp/B0CYFVFHH3/ref=sr_1_274?dib=eyJ2IjoiMSJ9.PPJqlJPvihXJxiByswK9vJQz2ZvDJV7yVGU0Z05_thuKIUlF0nkLn3x4GYlIedcW3DXfoPwhhh9RMXkFgjgBJQ.9FFEOCBem209pffu8AtcD5_D-PalaZ4mV0VMufDndHk&dib_tag=se&m=A6PVCWOL6UP6Z&marketplaceID=A19VAU5U5O7RUS&qid=1776824944&refinements=p_36%3A8500-9000&s=merchant-items&sr=1-274&xpid=IvnStguvduseA,J.S. Bach: Sonatas
B0CY2RHVT8,Audio CD,85.6,https://www.amazon.sg/Radio-Sessions-2016-2019-Telescopes/dp/B0CY2RHVT8/ref=sr_1_275?dib=eyJ2IjoiMSJ9.PPJqlJPvihXJxiByswK9vJQz2ZvDJV7yVGU0Z05_thuKIUlF0nkLn3x4GYlIedcW3DXfoPwhhh9RMXkFgjgBJQ.9FFEOCBem209pffu8AtcD5_D-PalaZ4mV0VMufDndHk&dib_tag=se&m=A6PVCWOL6UP6Z&marketplaceID=A19VAU5U5O7RUS&qid=1776824944&refinements=p_36%3A8500-9000&s=merchant-items&sr=1-275&xpid=IvnStguvduseA,Radio Sessions (2016 - 2019)
B0CXN8PRBT,Audio CD,89.41,https://www.amazon.sg/Johannes-Ockeghem-Complete-Songs-Vol/dp/B0CXN8PRBT/ref=sr_1_276?dib=eyJ2IjoiMSJ9.PPJqlJPvihXJxiByswK9vJQz2ZvDJV7yVGU0Z05_thuKIUlF0nkLn3x4GYlIedcW3DXfoPwhhh9RMXkFgjgBJQ.9FFEOCBem209pffu8AtcD5_D-PalaZ4mV0VMufDndHk&dib_tag=se&m=A6PVCWOL6UP6Z&marketplaceID=A19VAU5U5O7RUS&qid=1776824944&refinements=p_36%3A8500-9000&s=merchant-items&sr=1-276&xpid=IvnStguvduseA#customerReviews,"Johannes Ockeghem: Complete Songs, Vol. 2"
B0CXKY483Q,Audio CD,85.6,https://www.amazon.sg/Move-Intention-Dumbo-Tracks/dp/B0CXKY483Q/ref=sr_1_277?dib=eyJ2IjoiMSJ9.PPJqlJPvihXJxiByswK9vJQz2ZvDJV7yVGU0Z05_thuKIUlF0nkLn3x4GYlIedcW3DXfoPwhhh9RMXkFgjgBJQ.9FFEOCBem209pffu8AtcD5_D-PalaZ4mV0VMufDndHk&dib_tag=se&m=A6PVCWOL6UP6Z&marketplaceID=A19VAU5U5O7RUS&qid=1776824944&refinements=p_36%3A8500-9000&s=merchant-items&sr=1-277&xpid=IvnStguvduseA,Move With Intention
B0CXKKPR5K,Vinyl,87.5,https://www.amazon.sg/Face-San-Diego-Remixes/dp/B0CXKKPR5K/ref=sr_1_273?dib=eyJ2IjoiMSJ9.D7T1L2_vFtSRoZWxMl3_D72UJPm19xLN_J62R1qIlS56hLTU-E9kzV0TDLdDwCPDw0aD65_KNFpH2R2oLHXPZ1JFC9XOgQeJ-HPj3Jma3psjXj5Rj-F9pQmtWG6oSCyIWVpxsfInQmg1_8hQBCuwtKSwV2PzEcfa3jj0AZNSerM.wznUj27pj4FcJNPYe4G1wpMYFMXlylxO_E-WbADxk2Q&dib_tag=se&m=A6PVCWOL6UP6Z&marketplaceID=A19VAU5U5O7RUS&qid=1776824944&refinements=p_36%3A8500-9000&s=merchant-items&sr=1-273&xpid=IvnStguvduseA,Face/San Diego Remixes
B0CXDXKMPV,Audio CD,87.7,https://www.amazon.sg/Slapp-Happy-Slapphappy-Acnalbasac-Noom/dp/B0CXDXKMPV/ref=sr_1_274?dib=eyJ2IjoiMSJ9.D7T1L2_vFtSRoZWxMl3_D72UJPm19xLN_J62R1qIlS56hLTU-E9kzV0TDLdDwCPDw0aD65_KNFpH2R2oLHXPZ1JFC9XOgQeJ-HPj3Jma3psjXj5Rj-F9pQmtWG6oSCyIWVpxsfInQmg1_8hQBCuwtKSwV2PzEcfa3jj0AZNSerM.wznUj27pj4FcJNPYe4G1wpMYFMXlylxO_E-WbADxk2Q&dib_tag=se&m=A6PVCWOL6UP6Z&marketplaceID=A19VAU5U5O7RUS&qid=1776824944&refinements=p_36%3A8500-9000&s=merchant-items&sr=1-274&xpid=IvnStguvduseA#customerReviews,Slapp Happy Or Slapphappy (Acnalbasac Noom) - SHM/Paper Sleeve
B0CXCPNNSQ,Audio CD,87.7,https://www.amazon.sg/Ca-Va-SHM-Paper-Sleeve/dp/B0CXCPNNSQ/ref=sr_1_275?dib=eyJ2IjoiMSJ9.D7T1L2_vFtSRoZWxMl3_D72UJPm19xLN_J62R1qIlS56hLTU-E9kzV0TDLdDwCPDw0aD65_KNFpH2R2oLHXPZ1JFC9XOgQeJ-HPj3Jma3psjXj5Rj-F9pQmtWG6oSCyIWVpxsfInQmg1_8hQBCuwtKSwV2PzEcfa3jj0AZNSerM.wznUj27pj4FcJNPYe4G1wpMYFMXlylxO_E-WbADxk2Q&dib_tag=se&m=A6PVCWOL6UP6Z&marketplaceID=A19VAU5U5O7RUS&qid=1776824944&refinements=p_36%3A8500-9000&s=merchant-items&sr=1-275&xpid=IvnStguvduseA#customerReviews,Ca Va - SHM/Paper Sleeve
B0CXCLM4V8,Audio CD,87.7,https://www.amazon.sg/Sort-Paper-Sleeve-Slapp-Happy/dp/B0CXCLM4V8/ref=sr_1_276?dib=eyJ2IjoiMSJ9.D7T1L2_vFtSRoZWxMl3_D72UJPm19xLN_J62R1qIlS56hLTU-E9kzV0TDLdDwCPDw0aD65_KNFpH2R2oLHXPZ1JFC9XOgQeJ-HPj3Jma3psjXj5Rj-F9pQmtWG6oSCyIWVpxsfInQmg1_8hQBCuwtKSwV2PzEcfa3jj0AZNSerM.wznUj27pj4FcJNPYe4G1wpMYFMXlylxO_E-WbADxk2Q&dib_tag=se&m=A6PVCWOL6UP6Z&marketplaceID=A19VAU5U5O7RUS&qid=1776824944&refinements=p_36%3A8500-9000&s=merchant-items&sr=1-276&xpid=IvnStguvduseA#customerReviews,Sort Of - SHM/Paper Sleeve
B0CX5PLXYS,Audio CD,85.6,https://www.amazon.sg/Electrocution-Heart-Deadringer/dp/B0CX5PLXYS/ref=sr_1_277?dib=eyJ2IjoiMSJ9.D7T1L2_vFtSRoZWxMl3_D72UJPm19xLN_J62R1qIlS56hLTU-E9kzV0TDLdDwCPDw0aD65_KNFpH2R2oLHXPZ1JFC9XOgQeJ-HPj3Jma3psjXj5Rj-F9pQmtWG6oSCyIWVpxsfInQmg1_8hQBCuwtKSwV2PzEcfa3jj0AZNSerM.wznUj27pj4FcJNPYe4G1wpMYFMXlylxO_E-WbADxk2Q&dib_tag=se&m=A6PVCWOL6UP6Z&marketplaceID=A19VAU5U5O7RUS&qid=1776824944&refinements=p_36%3A8500-9000&s=merchant-items&sr=1-277&xpid=IvnStguvduseA#customerReviews,Electrocution Of The Heart
B0CWSJ14N3,Audio CD,85.6,https://www.amazon.sg/Original-Flow-Mo-Kolours/dp/B0CWSJ14N3/ref=sr_1_278?dib=eyJ2IjoiMSJ9.D7T1L2_vFtSRoZWxMl3_D72UJPm19xLN_J62R1qIlS56hLTU-E9kzV0TDLdDwCPDw0aD65_KNFpH2R2oLHXPZ1JFC9XOgQeJ-HPj3Jma3psjXj5Rj-F9pQmtWG6oSCyIWVpxsfInQmg1_8hQBCuwtKSwV2PzEcfa3jj0AZNSerM.wznUj27pj4FcJNPYe4G1wpMYFMXlylxO_E-WbADxk2Q&dib_tag=se&m=A6PVCWOL6UP6Z&marketplaceID=A19VAU5U5O7RUS&qid=1776824944&refinements=p_36%3A8500-9000&s=merchant-items&sr=1-278&xpid=IvnStguvduseA#customerReviews,Original Flow
B0CVTCQKD8,Audio CD,89.41,https://www.amazon.sg/Davidsb%C3%BCndlert%C3%A4nze-Toccata-Arabeske-Faschingsschwank-Wien/dp/B0CVTCQKD8/ref=sr_1_279?dib=eyJ2IjoiMSJ9.D7T1L2_vFtSRoZWxMl3_D72UJPm19xLN_J62R1qIlS56hLTU-E9kzV0TDLdDwCPDw0aD65_KNFpH2R2oLHXPZ1JFC9XOgQeJ-HPj3Jma3psjXj5Rj-F9pQmtWG6oSCyIWVpxsfInQmg1_8hQBCuwtKSwV2PzEcfa3jj0AZNSerM.wznUj27pj4FcJNPYe4G1wpMYFMXlylxO_E-WbADxk2Q&dib_tag=se&m=A6PVCWOL6UP6Z&marketplaceID=A19VAU5U5O7RUS&qid=1776824944&refinements=p_36%3A8500-9000&s=merchant-items&sr=1-279&xpid=IvnStguvduseA,Davidsbündlertänze; Toccata; Arabeske; Faschingsschwank aus Wien
B0CVS96V2V,Vinyl,87.5,https://www.amazon.sg/Papertrip-Wallace/dp/B0CVS96V2V/ref=sr_1_280?dib=eyJ2IjoiMSJ9.D7T1L2_vFtSRoZWxMl3_D72UJPm19xLN_J62R1qIlS56hLTU-E9kzV0TDLdDwCPDw0aD65_KNFpH2R2oLHXPZ1JFC9XOgQeJ-HPj3Jma3psjXj5Rj-F9pQmtWG6oSCyIWVpxsfInQmg1_8hQBCuwtKSwV2PzEcfa3jj0AZNSerM.wznUj27pj4FcJNPYe4G1wpMYFMXlylxO_E-WbADxk2Q&dib_tag=se&m=A6PVCWOL6UP6Z&marketplaceID=A19VAU5U5O7RUS&qid=1776824944&refinements=p_36%3A8500-9000&s=merchant-items&sr=1-280&xpid=IvnStguvduseA,Papertrip
B0CVQVLTJF,Vinyl,87.5,https://www.amazon.sg/GLORY-OF-LOVE/dp/B0CVQVLTJF/ref=sr_1_281?dib=eyJ2IjoiMSJ9.D7T1L2_vFtSRoZWxMl3_D72UJPm19xLN_J62R1qIlS56hLTU-E9kzV0TDLdDwCPDw0aD65_KNFpH2R2oLHXPZ1JFC9XOgQeJ-HPj3Jma3psjXj5Rj-F9pQmtWG6oSCyIWVpxsfInQmg1_8hQBCuwtKSwV2PzEcfa3jj0AZNSerM.wznUj27pj4FcJNPYe4G1wpMYFMXlylxO_E-WbADxk2Q&dib_tag=se&m=A6PVCWOL6UP6Z&marketplaceID=A19VAU5U5O7RUS&qid=1776824944&refinements=p_36%3A8500-9000&s=merchant-items&sr=1-281&xpid=IvnStguvduseA,GLORY OF LOVE
B0CTTZ463K,Audio CD,87.5,https://www.amazon.sg/Walks-Group-Listening/dp/B0CTTZ463K/ref=sr_1_282?dib=eyJ2IjoiMSJ9.D7T1L2_vFtSRoZWxMl3_D72UJPm19xLN_J62R1qIlS56hLTU-E9kzV0TDLdDwCPDw0aD65_KNFpH2R2oLHXPZ1JFC9XOgQeJ-HPj3Jma3psjXj5Rj-F9pQmtWG6oSCyIWVpxsfInQmg1_8hQBCuwtKSwV2PzEcfa3jj0AZNSerM.wznUj27pj4FcJNPYe4G1wpMYFMXlylxO_E-WbADxk2Q&dib_tag=se&m=A6PVCWOL6UP6Z&marketplaceID=A19VAU5U5O7RUS&qid=1776824944&refinements=p_36%3A8500-9000&s=merchant-items&sr=1-282&xpid=IvnStguvduseA,Walks
B0CTR1Y7VG,Audio CD,85.6,https://www.amazon.sg/Tot-Esta-Fumiga/dp/B0CTR1Y7VG/ref=sr_1_283?dib=eyJ2IjoiMSJ9.D7T1L2_vFtSRoZWxMl3_D72UJPm19xLN_J62R1qIlS56hLTU-E9kzV0TDLdDwCPDw0aD65_KNFpH2R2oLHXPZ1JFC9XOgQeJ-HPj3Jma3psjXj5Rj-F9pQmtWG6oSCyIWVpxsfInQmg1_8hQBCuwtKSwV2PzEcfa3jj0AZNSerM.wznUj27pj4FcJNPYe4G1wpMYFMXlylxO_E-WbADxk2Q&dib_tag=se&m=A6PVCWOL6UP6Z&marketplaceID=A19VAU5U5O7RUS&qid=1776824944&refinements=p_36%3A8500-9000&s=merchant-items&sr=1-283&xpid=IvnStguvduseA#customerReviews,Tot Esta Per
B0CTMVXQRF,Vinyl,87.5,https://www.amazon.sg/CHAOS-IN-CH-Vol-2/dp/B0CTMVXQRF/ref=sr_1_289?dib=eyJ2IjoiMSJ9.qJq9xnWTeGEK16B_VVxD-h2bwAujfu5-06-w4cP-AADA3HLHRSsgxEs8sKux9rCdSLTFGAskMLH6pqYuDhbJ1g.1jDQT86WElItstX5E7XwyqomtRVAE-r0hKJJoE09HWI&dib_tag=se&m=A6PVCWOL6UP6Z&marketplaceID=A19VAU5U5O7RUS&qid=1776824948&refinements=p_36%3A8500-9000&s=merchant-items&sr=1-289&xpid=IvnStguvduseA#customerReviews,CHAOS IN CH Vol.2
B0CTKGMT27,Audio CD,87.5,https://www.amazon.sg/Jean-Pierre-Leguay-Momenti-Works-Piano/dp/B0CTKGMT27/ref=sr_1_290?dib=eyJ2IjoiMSJ9.qJq9xnWTeGEK16B_VVxD-h2bwAujfu5-06-w4cP-AADA3HLHRSsgxEs8sKux9rCdSLTFGAskMLH6pqYuDhbJ1g.1jDQT86WElItstX5E7XwyqomtRVAE-r0hKJJoE09HWI&dib_tag=se&m=A6PVCWOL6UP6Z&marketplaceID=A19VAU5U5O7RUS&qid=1776824948&refinements=p_36%3A8500-9000&s=merchant-items&sr=1-290&xpid=IvnStguvduseA,Jean-Pierre Leguay: Momenti: Works For Piano
B0CTJ3QRMR,Vinyl,87.5,https://www.amazon.sg/Time-Freedom-Kink-Rachel-Row/dp/B0CTJ3QRMR/ref=sr_1_291?dib=eyJ2IjoiMSJ9.qJq9xnWTeGEK16B_VVxD-h2bwAujfu5-06-w4cP-AADA3HLHRSsgxEs8sKux9rCdSLTFGAskMLH6pqYuDhbJ1g.1jDQT86WElItstX5E7XwyqomtRVAE-r0hKJJoE09HWI&dib_tag=se&m=A6PVCWOL6UP6Z&marketplaceID=A19VAU5U5O7RUS&qid=1776824948&refinements=p_36%3A8500-9000&s=merchant-items&sr=1-291&xpid=IvnStguvduseA,Time: Freedom
B0CTBL5PVJ,Audio CD,85.98,https://www.amazon.sg/%E3%83%9D%E3%83%9E%E3%83%BC%E3%83%AB%EF%BC%88%EF%BC%A3%EF%BC%A4%EF%BC%89-Various-Artists/dp/B0CTBL5PVJ/ref=sr_1_292?dib=eyJ2IjoiMSJ9.qJq9xnWTeGEK16B_VVxD-h2bwAujfu5-06-w4cP-AADA3HLHRSsgxEs8sKux9rCdSLTFGAskMLH6pqYuDhbJ1g.1jDQT86WElItstX5E7XwyqomtRVAE-r0hKJJoE09HWI&dib_tag=se&m=A6PVCWOL6UP6Z&marketplaceID=A19VAU5U5O7RUS&qid=1776824948&refinements=p_36%3A8500-9000&s=merchant-items&sr=1-292&xpid=IvnStguvduseA,ポマール（ＣＤ）
B0CT9LXKHY,Audio CD,85.98,https://www.amazon.sg/%E3%83%99%E3%83%AB%E3%83%8A%E3%83%AB%E3%83%89%E3%83%BB%E3%82%B3%E3%82%A6%E3%83%88%EF%BC%88%EF%BC%A3%EF%BC%A4%EF%BC%89-BERNARDO-COUTO/dp/B0CT9LXKHY/ref=sr_1_293?dib=eyJ2IjoiMSJ9.qJq9xnWTeGEK16B_VVxD-h2bwAujfu5-06-w4cP-AADA3HLHRSsgxEs8sKux9rCdSLTFGAskMLH6pqYuDhbJ1g.1jDQT86WElItstX5E7XwyqomtRVAE-r0hKJJoE09HWI&dib_tag=se&m=A6PVCWOL6UP6Z&marketplaceID=A19VAU5U5O7RUS&qid=1776824948&refinements=p_36%3A8500-9000&s=merchant-items&sr=1-293&xpid=IvnStguvduseA,ベルナルド・コウト（ＣＤ）
B0CST8NQWX,Audio CD,87.5,https://www.amazon.sg/Sun-Rai-DJ-Youcef/dp/B0CST8NQWX/ref=sr_1_289?dib=eyJ2IjoiMSJ9.DY_SYEocsCxq-GOKD3PIeQLFbYSP5FFgQrjkYiUzM27UsgZMByXS3Ttr4iyDxvKTb7PiEsqBdFIvhRJ9AStNpS0bmLH7PGHwxw7SmwGP7ngaE2-edmF5KYMfY_JT8Dm5GaRD0iS3EKAd9qHCfM6_ebLBxgJp9DziHEmrbUYF4uc._W_ncj3J9N6WdFo4IKq7Rzqo5zmsS5hFChtdWPcgPzs&dib_tag=se&m=A6PVCWOL6UP6Z&marketplaceID=A19VAU5U5O7RUS&qid=1776824948&refinements=p_36%3A8500-9000&s=merchant-items&sr=1-289&xpid=IvnStguvduseA,Sun Rai
B0CSRBS7DF,Audio CD,85.6,https://www.amazon.sg/Backwater-Collage-Penny-Arcade/dp/B0CSRBS7DF/ref=sr_1_290?dib=eyJ2IjoiMSJ9.DY_SYEocsCxq-GOKD3PIeQLFbYSP5FFgQrjkYiUzM27UsgZMByXS3Ttr4iyDxvKTb7PiEsqBdFIvhRJ9AStNpS0bmLH7PGHwxw7SmwGP7ngaE2-edmF5KYMfY_JT8Dm5GaRD0iS3EKAd9qHCfM6_ebLBxgJp9DziHEmrbUYF4uc._W_ncj3J9N6WdFo4IKq7Rzqo5zmsS5hFChtdWPcgPzs&dib_tag=se&m=A6PVCWOL6UP6Z&marketplaceID=A19VAU5U5O7RUS&qid=1776824948&refinements=p_36%3A8500-9000&s=merchant-items&sr=1-290&xpid=IvnStguvduseA#customerReviews,Backwater Collage
B0CSNYFRZQ,Audio CD,87.5,https://www.amazon.sg/Leads-This-Pineapple-Thief/dp/B0CSNYFRZQ/ref=sr_1_291?dib=eyJ2IjoiMSJ9.DY_SYEocsCxq-GOKD3PIeQLFbYSP5FFgQrjkYiUzM27UsgZMByXS3Ttr4iyDxvKTb7PiEsqBdFIvhRJ9AStNpS0bmLH7PGHwxw7SmwGP7ngaE2-edmF5KYMfY_JT8Dm5GaRD0iS3EKAd9qHCfM6_ebLBxgJp9DziHEmrbUYF4uc._W_ncj3J9N6WdFo4IKq7Rzqo5zmsS5hFChtdWPcgPzs&dib_tag=se&m=A6PVCWOL6UP6Z&marketplaceID=A19VAU5U5O7RUS&qid=1776824948&refinements=p_36%3A8500-9000&s=merchant-items&sr=1-291&xpid=IvnStguvduseA,It Leads To This
B0CSJTST8G,Audio CD,89.37,https://www.amazon.sg/Live-Italy-1979-Bill-Evans/dp/B0CSJTST8G/ref=sr_1_292?dib=eyJ2IjoiMSJ9.DY_SYEocsCxq-GOKD3PIeQLFbYSP5FFgQrjkYiUzM27UsgZMByXS3Ttr4iyDxvKTb7PiEsqBdFIvhRJ9AStNpS0bmLH7PGHwxw7SmwGP7ngaE2-edmF5KYMfY_JT8Dm5GaRD0iS3EKAd9qHCfM6_ebLBxgJp9DziHEmrbUYF4uc._W_ncj3J9N6WdFo4IKq7Rzqo5zmsS5hFChtdWPcgPzs&dib_tag=se&m=A6PVCWOL6UP6Z&marketplaceID=A19VAU5U5O7RUS&qid=1776824948&refinements=p_36%3A8500-9000&s=merchant-items&sr=1-292&xpid=IvnStguvduseA#customerReviews,Live In Italy 1979
B0CSG33JJT,Audio CD,87.88,https://www.amazon.sg/Fifteenth-Hanazono-Distance/dp/B0CSG33JJT/ref=sr_1_293?dib=eyJ2IjoiMSJ9.DY_SYEocsCxq-GOKD3PIeQLFbYSP5FFgQrjkYiUzM27UsgZMByXS3Ttr4iyDxvKTb7PiEsqBdFIvhRJ9AStNpS0bmLH7PGHwxw7SmwGP7ngaE2-edmF5KYMfY_JT8Dm5GaRD0iS3EKAd9qHCfM6_ebLBxgJp9DziHEmrbUYF4uc._W_ncj3J9N6WdFo4IKq7Rzqo5zmsS5hFChtdWPcgPzs&dib_tag=se&m=A6PVCWOL6UP6Z&marketplaceID=A19VAU5U5O7RUS&qid=1776824948&refinements=p_36%3A8500-9000&s=merchant-items&sr=1-293&xpid=IvnStguvduseA,Fifteenth
B0CS33QMJW,Audio CD,87.5,https://www.amazon.sg/%E3%82%B9%E3%83%B4%E3%83%A3%E3%83%88%E3%82%B9%E3%83%A9%E3%83%95%E3%83%BB%E3%83%AA%E3%83%92%E3%83%86%E3%83%AB-1985%E5%B9%B48%E6%9C%886%E6%97%A5%E3%83%A9%E3%83%BB%E3%83%AD%E3%83%83%E3%82%AF%E3%83%BB%E3%83%80%E3%83%B3%E3%83%86%E3%83%AD%E3%83%B3%E5%88%9D%E5%87%BA%E3%83%A9%E3%82%A4%E3%83%B4-Sviatoslav-Festival-dAntheron/dp/B0CS33QMJW/ref=sr_1_294?dib=eyJ2IjoiMSJ9.DY_SYEocsCxq-GOKD3PIeQLFbYSP5FFgQrjkYiUzM27UsgZMByXS3Ttr4iyDxvKTb7PiEsqBdFIvhRJ9AStNpS0bmLH7PGHwxw7SmwGP7ngaE2-edmF5KYMfY_JT8Dm5GaRD0iS3EKAd9qHCfM6_ebLBxgJp9DziHEmrbUYF4uc._W_ncj3J9N6WdFo4IKq7Rzqo5zmsS5hFChtdWPcgPzs&dib_tag=se&m=A6PVCWOL6UP6Z&marketplaceID=A19VAU5U5O7RUS&qid=1776824948&refinements=p_36%3A8500-9000&s=merchant-items&sr=1-294&xpid=IvnStguvduseA,スヴャトスラフ・リヒテル 1985年8月6日ラ・ロック・ダンテロン初出ライヴ (Sviatoslav Richter Festival de piano de la Roque d'Antheron 1985) [CD] [Import]
B0CS2VK7ZQ,Audio CD,89.41,https://www.amazon.sg/Beyond-Nostalgia-Akiko-Tsuruga-CD/dp/B0CS2VK7ZQ/ref=sr_1_295?dib=eyJ2IjoiMSJ9.DY_SYEocsCxq-GOKD3PIeQLFbYSP5FFgQrjkYiUzM27UsgZMByXS3Ttr4iyDxvKTb7PiEsqBdFIvhRJ9AStNpS0bmLH7PGHwxw7SmwGP7ngaE2-edmF5KYMfY_JT8Dm5GaRD0iS3EKAd9qHCfM6_ebLBxgJp9DziHEmrbUYF4uc._W_ncj3J9N6WdFo4IKq7Rzqo5zmsS5hFChtdWPcgPzs&dib_tag=se&m=A6PVCWOL6UP6Z&marketplaceID=A19VAU5U5O7RUS&qid=1776824948&refinements=p_36%3A8500-9000&s=merchant-items&sr=1-295&xpid=IvnStguvduseA,Beyond Nostalgia / Akiko Tsuruga [CD] [Import]
B0CS2M9W2F,Audio CD,87.7,https://www.amazon.sg/%E3%82%B0%E3%83%A9%E3%82%B9%E3%83%88%E3%83%B3%E3%83%99%E3%83%AA%E3%83%BC%E3%83%BB%E3%82%A2%E3%83%B3%E3%83%89%E3%83%BB%E3%82%A8%E3%83%AB%E3%82%B9%E3%83%9B%E3%82%A8%E3%82%A2-%E3%83%98%E3%83%B3%E3%83%AA%E3%83%BC%E3%83%BB%E3%82%AB%E3%82%A6/dp/B0CS2M9W2F/ref=sr_1_296?dib=eyJ2IjoiMSJ9.DY_SYEocsCxq-GOKD3PIeQLFbYSP5FFgQrjkYiUzM27UsgZMByXS3Ttr4iyDxvKTb7PiEsqBdFIvhRJ9AStNpS0bmLH7PGHwxw7SmwGP7ngaE2-edmF5KYMfY_JT8Dm5GaRD0iS3EKAd9qHCfM6_ebLBxgJp9DziHEmrbUYF4uc._W_ncj3J9N6WdFo4IKq7Rzqo5zmsS5hFChtdWPcgPzs&dib_tag=se&m=A6PVCWOL6UP6Z&marketplaceID=A19VAU5U5O7RUS&qid=1776824948&refinements=p_36%3A8500-9000&s=merchant-items&sr=1-296&xpid=IvnStguvduseA,グラストンベリー・アンド・エルスホエア
B0CRVWYMC2,Audio CD,87.5,https://www.amazon.sg/Music-Sword-Sorcery-Epics-Various/dp/B0CRVWYMC2/ref=sr_1_297?dib=eyJ2IjoiMSJ9.DY_SYEocsCxq-GOKD3PIeQLFbYSP5FFgQrjkYiUzM27UsgZMByXS3Ttr4iyDxvKTb7PiEsqBdFIvhRJ9AStNpS0bmLH7PGHwxw7SmwGP7ngaE2-edmF5KYMfY_JT8Dm5GaRD0iS3EKAd9qHCfM6_ebLBxgJp9DziHEmrbUYF4uc._W_ncj3J9N6WdFo4IKq7Rzqo5zmsS5hFChtdWPcgPzs&dib_tag=se&m=A6PVCWOL6UP6Z&marketplaceID=A19VAU5U5O7RUS&qid=1776824948&refinements=p_36%3A8500-9000&s=merchant-items&sr=1-297&xpid=IvnStguvduseA,Music From Sword And Sorcery Epics
B0CR6V92T4,Audio CD,85.6,https://www.amazon.sg/Radio-Sessions-BBC-1996-2011/dp/B0CR6V92T4/ref=sr_1_298?dib=eyJ2IjoiMSJ9.DY_SYEocsCxq-GOKD3PIeQLFbYSP5FFgQrjkYiUzM27UsgZMByXS3Ttr4iyDxvKTb7PiEsqBdFIvhRJ9AStNpS0bmLH7PGHwxw7SmwGP7ngaE2-edmF5KYMfY_JT8Dm5GaRD0iS3EKAd9qHCfM6_ebLBxgJp9DziHEmrbUYF4uc._W_ncj3J9N6WdFo4IKq7Rzqo5zmsS5hFChtdWPcgPzs&dib_tag=se&m=A6PVCWOL6UP6Z&marketplaceID=A19VAU5U5O7RUS&qid=1776824948&refinements=p_36%3A8500-9000&s=merchant-items&sr=1-298&xpid=IvnStguvduseA,Radio Sessions BBC 1996 - 2011
B0CQGVCRXD,Audio CD,87.5,https://www.amazon.sg/Wilden-Works-Organ-Choir-Orchestra/dp/B0CQGVCRXD/ref=sr_1_299?dib=eyJ2IjoiMSJ9.DY_SYEocsCxq-GOKD3PIeQLFbYSP5FFgQrjkYiUzM27UsgZMByXS3Ttr4iyDxvKTb7PiEsqBdFIvhRJ9AStNpS0bmLH7PGHwxw7SmwGP7ngaE2-edmF5KYMfY_JT8Dm5GaRD0iS3EKAd9qHCfM6_ebLBxgJp9DziHEmrbUYF4uc._W_ncj3J9N6WdFo4IKq7Rzqo5zmsS5hFChtdWPcgPzs&dib_tag=se&m=A6PVCWOL6UP6Z&marketplaceID=A19VAU5U5O7RUS&qid=1776824948&refinements=p_36%3A8500-9000&s=merchant-items&sr=1-299&xpid=IvnStguvduseA#customerReviews,"Wilden: Works for Organ, Choir & Orchestra"
B0CQD7XKPP,"Audio, Cassette",89.41,https://www.amazon.sg/Return-Living-Dead-Boys-Halloween/dp/B0CQD7XKPP/ref=sr_1_305?dib=eyJ2IjoiMSJ9.Nm5QjjTnnycylFpuZqjtr-GPoM0nD4vEGFO7st4Gw9Y.Wo6E-nqkKPu379b0VhZSiPugKXmtvXPCp6KQhy_INQI&dib_tag=se&m=A6PVCWOL6UP6Z&marketplaceID=A19VAU5U5O7RUS&qid=1776824953&refinements=p_36%3A8500-9000&s=merchant-items&sr=1-305&xpid=IvnStguvduseA#customerReviews,Return Of The Living Dead Boys - Halloween Night 1986
B0CQ3ZFTCX,Vinyl,87.5,https://www.amazon.sg/Escapement-Analog-Daggerboard/dp/B0CQ3ZFTCX/ref=sr_1_306?dib=eyJ2IjoiMSJ9.Nm5QjjTnnycylFpuZqjtr-GPoM0nD4vEGFO7st4Gw9Y.Wo6E-nqkKPu379b0VhZSiPugKXmtvXPCp6KQhy_INQI&dib_tag=se&m=A6PVCWOL6UP6Z&marketplaceID=A19VAU5U5O7RUS&qid=1776824953&refinements=p_36%3A8500-9000&s=merchant-items&sr=1-306&xpid=IvnStguvduseA#customerReviews,Escapement [Analog]
