ASIN,Brand,Price,URL,Title
B000AS1ZGA,Xbox,208.0,https://www.amazon.com.au/Digital-Leisure-Space-Ace-Game/dp/B000AS1ZGA/ref=sr_1_1?dib=eyJ2IjoiMSJ9.HhsxiANm6Wk8cJCNo06w2SMxp_Yc1MigYI4_kd7I6RNe-t9GqS_lWnjaX8lxtU8E2xjm-pnhb5E_r5OSOFXIg63LVhXKTZyNAypV1Pg4hHUD2FS1poqueB1Cg3aV9uvjidRhByEmsoB1EUKYatTR3pfCjFayyAOo8jq9QFXxAIEu1H6VbsuW46ayW3VTnm7b0JYrx31Wj2ca_Tt3mKR_daWYjNRwlJzjvShOhSjG3ho.m4vw4g4p2eTXGQAxZ5aYgSGch7ctGR5BiKP-sKsxxxE&dib_tag=se&m=ANBW5NGGTP7SK&marketplaceID=A39IBJ37TRP1C6&qid=1777190455&refinements=p_36%3A20500-21000&s=merchant-items&sr=1-1#customerReviews,Space Ace / Game
B000AS1ZGA,,,,
B0BSTNMF2Z,,210.79,https://www.amazon.com.au/Daiwa-4000D-CXH-Shore-Jigging-Spinning/dp/B0BSTNMF2Z/ref=sr_1_2?dib=eyJ2IjoiMSJ9.HhsxiANm6Wk8cJCNo06w2SMxp_Yc1MigYI4_kd7I6RNe-t9GqS_lWnjaX8lxtU8E2xjm-pnhb5E_r5OSOFXIg63LVhXKTZyNAypV1Pg4hHUD2FS1poqueB1Cg3aV9uvjidRhByEmsoB1EUKYatTR3pfCjFayyAOo8jq9QFXxAIEu1H6VbsuW46ayW3VTnm7b0JYrx31Wj2ca_Tt3mKR_daWYjNRwlJzjvShOhSjG3ho.m4vw4g4p2eTXGQAxZ5aYgSGch7ctGR5BiKP-sKsxxxE&dib_tag=se&m=ANBW5NGGTP7SK&marketplaceID=A39IBJ37TRP1C6&qid=1777190455&refinements=p_36%3A20500-21000&s=merchant-items&sr=1-2#customerReviews,DAIWA Spinning Reel 23BG SW 4000-18000 Various (2023 Model)
B0BSTNMF2Z,,,,
B0C3R332P2,,213.77,https://www.amazon.com.au/Club-3D-CSV-1565-Docking-Alt-Mode/dp/B0C3R332P2/ref=sr_1_3?dib=eyJ2IjoiMSJ9.HhsxiANm6Wk8cJCNo06w2SMxp_Yc1MigYI4_kd7I6RNe-t9GqS_lWnjaX8lxtU8E2xjm-pnhb5E_r5OSOFXIg63LVhXKTZyNAypV1Pg4hHUD2FS1poqueB1Cg3aV9uvjidRhByEmsoB1EUKYatTR3pfCjFayyAOo8jq9QFXxAIEu1H6VbsuW46ayW3VTnm7b0JYrx31Wj2ca_Tt3mKR_daWYjNRwlJzjvShOhSjG3ho.m4vw4g4p2eTXGQAxZ5aYgSGch7ctGR5BiKP-sKsxxxE&dib_tag=se&m=ANBW5NGGTP7SK&marketplaceID=A39IBJ37TRP1C6&qid=1777190455&refinements=p_36%3A20500-21000&s=merchant-items&sr=1-3,Club 3D CSV-1565 Docking Station USB Gen1 Type-C Triple Display DP1.4 Alt-Mode Smart PD3.0 with 100 Watt Power Supply
B0C3R332P2,,,,
B0D8K479DK,,209.8,https://www.amazon.com.au/Shimano-RC302-Mens-Road-Shoes/dp/B0D8K479DK/ref=sr_1_4?dib=eyJ2IjoiMSJ9.HhsxiANm6Wk8cJCNo06w2SMxp_Yc1MigYI4_kd7I6RNe-t9GqS_lWnjaX8lxtU8E2xjm-pnhb5E_r5OSOFXIg63LVhXKTZyNAypV1Pg4hHUD2FS1poqueB1Cg3aV9uvjidRhByEmsoB1EUKYatTR3pfCjFayyAOo8jq9QFXxAIEu1H6VbsuW46ayW3VTnm7b0JYrx31Wj2ca_Tt3mKR_daWYjNRwlJzjvShOhSjG3ho.m4vw4g4p2eTXGQAxZ5aYgSGch7ctGR5BiKP-sKsxxxE&dib_tag=se&m=ANBW5NGGTP7SK&marketplaceID=A39IBJ37TRP1C6&qid=1777190455&refinements=p_36%3A20500-21000&s=merchant-items&sr=1-4#customerReviews,Shimano SH-RC302M
B0006B10IY,PlayStation2,206.07,https://www.amazon.com.au/Harukanaru-Toki-Naka-Twin-Japan/dp/B0006B10IY/ref=sr_1_5?dib=eyJ2IjoiMSJ9.HhsxiANm6Wk8cJCNo06w2SMxp_Yc1MigYI4_kd7I6RNe-t9GqS_lWnjaX8lxtU8E2xjm-pnhb5E_r5OSOFXIg63LVhXKTZyNAypV1Pg4hHUD2FS1poqueB1Cg3aV9uvjidRhByEmsoB1EUKYatTR3pfCjFayyAOo8jq9QFXxAIEu1H6VbsuW46ayW3VTnm7b0JYrx31Wj2ca_Tt3mKR_daWYjNRwlJzjvShOhSjG3ho.m4vw4g4p2eTXGQAxZ5aYgSGch7ctGR5BiKP-sKsxxxE&dib_tag=se&m=ANBW5NGGTP7SK&marketplaceID=A39IBJ37TRP1C6&qid=1777190455&refinements=p_36%3A20500-21000&s=merchant-items&sr=1-5#customerReviews,Harukanaru Toki no Naka de 3 & 2 Twin Pack [Japan Import]
B0006B10IY,,,,
B0FB8KN35C,,208.4,https://www.amazon.com.au/TAMASHII-Nations-Shenron-Reissue-S-H-Figuarts/dp/B0FB8KN35C/ref=sr_1_6?dib=eyJ2IjoiMSJ9.HhsxiANm6Wk8cJCNo06w2SMxp_Yc1MigYI4_kd7I6RNe-t9GqS_lWnjaX8lxtU8E2xjm-pnhb5E_r5OSOFXIg63LVhXKTZyNAypV1Pg4hHUD2FS1poqueB1Cg3aV9uvjidRhByEmsoB1EUKYatTR3pfCjFayyAOo8jq9QFXxAIEu1H6VbsuW46ayW3VTnm7b0JYrx31Wj2ca_Tt3mKR_daWYjNRwlJzjvShOhSjG3ho.m4vw4g4p2eTXGQAxZ5aYgSGch7ctGR5BiKP-sKsxxxE&dib_tag=se&m=ANBW5NGGTP7SK&marketplaceID=A39IBJ37TRP1C6&qid=1777190455&refinements=p_36%3A20500-21000&s=merchant-items&sr=1-6#customerReviews,TAMASHII Nations - Dragon Ball Z - Shenron (Reissue) S.H.Figuarts Action Figure
B08ZSJJGCM,,207.86,https://www.amazon.com.au/HIDISC-Super-Speed-Micro-Memory/dp/B08ZSJJGCM/ref=sr_1_7?dib=eyJ2IjoiMSJ9.HhsxiANm6Wk8cJCNo06w2SMxp_Yc1MigYI4_kd7I6RNe-t9GqS_lWnjaX8lxtU8E2xjm-pnhb5E_r5OSOFXIg63LVhXKTZyNAypV1Pg4hHUD2FS1poqueB1Cg3aV9uvjidRhByEmsoB1EUKYatTR3pfCjFayyAOo8jq9QFXxAIEu1H6VbsuW46ayW3VTnm7b0JYrx31Wj2ca_Tt3mKR_daWYjNRwlJzjvShOhSjG3ho.m4vw4g4p2eTXGQAxZ5aYgSGch7ctGR5BiKP-sKsxxxE&dib_tag=se&m=ANBW5NGGTP7SK&marketplaceID=A39IBJ37TRP1C6&qid=1777190455&refinements=p_36%3A20500-21000&s=merchant-items&sr=1-7#customerReviews,"HIDISC Super Speed R170 Series Micro SDXC Card 512GB Class 10 UHS-I Speed Class 3, A2 Memory Card"
B08ZSJJGCM,,,,
B0039RHMG6,PlayStation 3,205.22,https://www.amazon.com.au/White-Album-Tsuzurareru-Omoide-Limited/dp/B0039RHMG6/ref=sr_1_8?dib=eyJ2IjoiMSJ9.HhsxiANm6Wk8cJCNo06w2SMxp_Yc1MigYI4_kd7I6RNe-t9GqS_lWnjaX8lxtU8E2xjm-pnhb5E_r5OSOFXIg63LVhXKTZyNAypV1Pg4hHUD2FS1poqueB1Cg3aV9uvjidRhByEmsoB1EUKYatTR3pfCjFayyAOo8jq9QFXxAIEu1H6VbsuW46ayW3VTnm7b0JYrx31Wj2ca_Tt3mKR_daWYjNRwlJzjvShOhSjG3ho.m4vw4g4p2eTXGQAxZ5aYgSGch7ctGR5BiKP-sKsxxxE&dib_tag=se&m=ANBW5NGGTP7SK&marketplaceID=A39IBJ37TRP1C6&qid=1777190455&refinements=p_36%3A20500-21000&s=merchant-items&sr=1-8#customerReviews,White Album: Tsuzurareru Fuyu no Omoide [Limited Edition] [Japan Import]
B0039RHMG6,,,,
B0BSGWDQ32,,208.28,https://www.amazon.com.au/Neo-2-112-Point-Shoulder-Black/dp/B0BSGWDQ32/ref=sr_1_9?dib=eyJ2IjoiMSJ9.HhsxiANm6Wk8cJCNo06w2SMxp_Yc1MigYI4_kd7I6RNe-t9GqS_lWnjaX8lxtU8E2xjm-pnhb5E_r5OSOFXIg63LVhXKTZyNAypV1Pg4hHUD2FS1poqueB1Cg3aV9uvjidRhByEmsoB1EUKYatTR3pfCjFayyAOo8jq9QFXxAIEu1H6VbsuW46ayW3VTnm7b0JYrx31Wj2ca_Tt3mKR_daWYjNRwlJzjvShOhSjG3ho.m4vw4g4p2eTXGQAxZ5aYgSGch7ctGR5BiKP-sKsxxxE&dib_tag=se&m=ANBW5NGGTP7SK&marketplaceID=A39IBJ37TRP1C6&qid=1777190455&refinements=p_36%3A20500-21000&s=merchant-items&sr=1-9#customerReviews,Neo Pro Redpoint 2-112 Shoulder Bag
B0BSGWDQ32,,,,
B0B494VH3L,,209.48,https://www.amazon.com.au/S7K-Stand-Alone-Putter-Standing/dp/B0B494VH3L/ref=sr_1_10?dib=eyJ2IjoiMSJ9.HhsxiANm6Wk8cJCNo06w2SMxp_Yc1MigYI4_kd7I6RNe-t9GqS_lWnjaX8lxtU8E2xjm-pnhb5E_r5OSOFXIg63LVhXKTZyNAypV1Pg4hHUD2FS1poqueB1Cg3aV9uvjidRhByEmsoB1EUKYatTR3pfCjFayyAOo8jq9QFXxAIEu1H6VbsuW46ayW3VTnm7b0JYrx31Wj2ca_Tt3mKR_daWYjNRwlJzjvShOhSjG3ho.m4vw4g4p2eTXGQAxZ5aYgSGch7ctGR5BiKP-sKsxxxE&dib_tag=se&m=ANBW5NGGTP7SK&marketplaceID=A39IBJ37TRP1C6&qid=1777190455&refinements=p_36%3A20500-21000&s=merchant-items&sr=1-10,S7K Stand Alone Putter Standing Putter Stand Alone Standing Putter Stand Putter Stand Putter Stand Putter Stand Putter
B0B494VH3L,,,,
B099C14N41,Print Magazine,210.0,https://www.amazon.com.au/%E3%82%A2%E3%83%97%E3%83%AA%E3%82%B9%E3%82%BF%E3%82%A4%E3%83%AB9%E6%9C%88%E5%8F%B7%E5%A2%97%E5%88%8A-VTuber%E3%82%B9%E3%82%BF%E3%82%A4%E3%83%AB-Vol-1/dp/B099C14N41/ref=sr_1_11?dib=eyJ2IjoiMSJ9.HhsxiANm6Wk8cJCNo06w2SMxp_Yc1MigYI4_kd7I6RNe-t9GqS_lWnjaX8lxtU8E2xjm-pnhb5E_r5OSOFXIg63LVhXKTZyNAypV1Pg4hHUD2FS1poqueB1Cg3aV9uvjidRhByEmsoB1EUKYatTR3pfCjFayyAOo8jq9QFXxAIEu1H6VbsuW46ayW3VTnm7b0JYrx31Wj2ca_Tt3mKR_daWYjNRwlJzjvShOhSjG3ho.m4vw4g4p2eTXGQAxZ5aYgSGch7ctGR5BiKP-sKsxxxE&dib_tag=se&m=ANBW5NGGTP7SK&marketplaceID=A39IBJ37TRP1C6&qid=1777190455&refinements=p_36%3A20500-21000&s=merchant-items&sr=1-11#customerReviews,アプリスタイル9月号増刊 VTuberスタイル Vol.1
B099C14N41,,,,
B004MXOCUK,,207.2,https://www.amazon.com.au/4F31008AC100V-4F310-08-AC100V/dp/B004MXOCUK/ref=sr_1_12?dib=eyJ2IjoiMSJ9.HhsxiANm6Wk8cJCNo06w2SMxp_Yc1MigYI4_kd7I6RNe-t9GqS_lWnjaX8lxtU8E2xjm-pnhb5E_r5OSOFXIg63LVhXKTZyNAypV1Pg4hHUD2FS1poqueB1Cg3aV9uvjidRhByEmsoB1EUKYatTR3pfCjFayyAOo8jq9QFXxAIEu1H6VbsuW46ayW3VTnm7b0JYrx31Wj2ca_Tt3mKR_daWYjNRwlJzjvShOhSjG3ho.m4vw4g4p2eTXGQAxZ5aYgSGch7ctGR5BiKP-sKsxxxE&dib_tag=se&m=ANBW5NGGTP7SK&marketplaceID=A39IBJ37TRP1C6&qid=1777190455&refinements=p_36%3A20500-21000&s=merchant-items&sr=1-12,4F310-08-AC100V
B004MXOCUK,,,,
B08JFZ3211,,210.0,https://www.amazon.com.au/JES-BASARO-Ch-wad-rf-001-Highwader-Mountain-Fishing/dp/B08JFZ3211/ref=sr_1_13?dib=eyJ2IjoiMSJ9.HhsxiANm6Wk8cJCNo06w2SMxp_Yc1MigYI4_kd7I6RNe-t9GqS_lWnjaX8lxtU8E2xjm-pnhb5E_r5OSOFXIg63LVhXKTZyNAypV1Pg4hHUD2FS1poqueB1Cg3aV9uvjidRhByEmsoB1EUKYatTR3pfCjFayyAOo8jq9QFXxAIEu1H6VbsuW46ayW3VTnm7b0JYrx31Wj2ca_Tt3mKR_daWYjNRwlJzjvShOhSjG3ho.m4vw4g4p2eTXGQAxZ5aYgSGch7ctGR5BiKP-sKsxxxE&dib_tag=se&m=ANBW5NGGTP7SK&marketplaceID=A39IBJ37TRP1C6&qid=1777190455&refinements=p_36%3A20500-21000&s=merchant-items&sr=1-13#customerReviews,"JES-BASARO Ch-wad-rf-001 Chest High Wader, Radial Sole, Felt Sole, Nylon Type, Inner Mesh Type, Mountain Fishing, Large Size, Torso Length, 5 Sizes, Made in Japan"
B08JFZ3211,,,,
B003UFUZIO,Sheet music,205.49,https://www.amazon.com.au/%E3%80%94THE%E5%88%91%E4%BA%8B%E3%80%95%E5%A4%AA%E9%99%BD%E3%81%AB%E3%81%BB%E3%81%88%E3%82%8D-%E7%B5%84%E6%9B%B2-4-%E8%A1%9D%E6%92%83-5-%E9%9D%92%E6%98%A5-6-%E6%84%9B/dp/B003UFUZIO/ref=sr_1_14?dib=eyJ2IjoiMSJ9.HhsxiANm6Wk8cJCNo06w2SMxp_Yc1MigYI4_kd7I6RNe-t9GqS_lWnjaX8lxtU8E2xjm-pnhb5E_r5OSOFXIg63LVhXKTZyNAypV1Pg4hHUD2FS1poqueB1Cg3aV9uvjidRhByEmsoB1EUKYatTR3pfCjFayyAOo8jq9QFXxAIEu1H6VbsuW46ayW3VTnm7b0JYrx31Wj2ca_Tt3mKR_daWYjNRwlJzjvShOhSjG3ho.m4vw4g4p2eTXGQAxZ5aYgSGch7ctGR5BiKP-sKsxxxE&dib_tag=se&m=ANBW5NGGTP7SK&marketplaceID=A39IBJ37TRP1C6&qid=1777190455&refinements=p_36%3A20500-21000&s=merchant-items&sr=1-14,〔THE刑事〕太陽にほえろ!組曲 4.衝撃 5.青春 6.愛
B003UFUZIO,,,,
B0D9H7MTZ9,,206.16,https://www.amazon.com.au/AOVOCO-Mounted-Storage-Company-Commercial/dp/B0D9H7MTZ9/ref=sr_1_15?dib=eyJ2IjoiMSJ9.HhsxiANm6Wk8cJCNo06w2SMxp_Yc1MigYI4_kd7I6RNe-t9GqS_lWnjaX8lxtU8E2xjm-pnhb5E_r5OSOFXIg63LVhXKTZyNAypV1Pg4hHUD2FS1poqueB1Cg3aV9uvjidRhByEmsoB1EUKYatTR3pfCjFayyAOo8jq9QFXxAIEu1H6VbsuW46ayW3VTnm7b0JYrx31Wj2ca_Tt3mKR_daWYjNRwlJzjvShOhSjG3ho.m4vw4g4p2eTXGQAxZ5aYgSGch7ctGR5BiKP-sKsxxxE&dib_tag=se&m=ANBW5NGGTP7SK&marketplaceID=A39IBJ37TRP1C6&qid=1777190455&refinements=p_36%3A20500-21000&s=merchant-items&sr=1-15#customerReviews,"Key Box, Wall Mounted, Keybox, Key Storage with Lock, Company, Office, Commercial Use, Office (120 Keys)"
B0D9H7MTZ9,,,,
B001GTS7S6,,210.01,https://www.amazon.com.au/Zenken-Crystal-Super-Deluxe-cartridge/dp/B001GTS7S6/ref=sr_1_16?dib=eyJ2IjoiMSJ9.HhsxiANm6Wk8cJCNo06w2SMxp_Yc1MigYI4_kd7I6RNe-t9GqS_lWnjaX8lxtU8E2xjm-pnhb5E_r5OSOFXIg63LVhXKTZyNAypV1Pg4hHUD2FS1poqueB1Cg3aV9uvjidRhByEmsoB1EUKYatTR3pfCjFayyAOo8jq9QFXxAIEu1H6VbsuW46ayW3VTnm7b0JYrx31Wj2ca_Tt3mKR_daWYjNRwlJzjvShOhSjG3ho.m4vw4g4p2eTXGQAxZ5aYgSGch7ctGR5BiKP-sKsxxxE&dib_tag=se&m=ANBW5NGGTP7SK&marketplaceID=A39IBJ37TRP1C6&qid=1777190455&refinements=p_36%3A20500-21000&s=merchant-items&sr=1-16#customerReviews,Zenken Crystal 21 Super Deluxe cartridge
B001GTS7S6,,,,
4991016207,JP Oversized,208.44,https://www.amazon.com.au/Elnias-Forest-%E6%B4%A5%E7%94%B0%E7%9B%B4/dp/4991016207/ref=sr_1_17?dib=eyJ2IjoiMSJ9.w6E8RqCb-wO_98_b1cNp9uuoZOn0dBDDrmu1w4mlcZFtCSvKDNJYfuowhdoCw1IDpYR_ahnfKwBa0lY3Guoe3ZxYoS_tCteKn8hrKtwE9br74eQyNxlNE1gQphLBKlSpE6OuIpULbUovjOFqnOXDJRqTunjgxDXpcz8Cgbdzw8lSs8v_ODIrlAgIT7xRVDw6dWeCzOyVL5X8RsHmziUZng3q6kbLurP-EFjbo1wx8-M.OGteE0V5TxZRdRLtkpwCNR6ef9QTUPNHxakto2RNsdg&dib_tag=se&m=ANBW5NGGTP7SK&marketplaceID=A39IBJ37TRP1C6&qid=1777190464&refinements=p_36%3A20500-21000&s=merchant-items&sr=1-17&xpid=WUmSudqhE22hN#customerReviews,Elnias Forest
4991016207,,,,
B0856QY4SC,,209.6,https://www.amazon.com.au/Trekmates-TM-4818-Chamonigore-Gloves-Climbing/dp/B0856QY4SC/ref=sr_1_18?dib=eyJ2IjoiMSJ9.w6E8RqCb-wO_98_b1cNp9uuoZOn0dBDDrmu1w4mlcZFtCSvKDNJYfuowhdoCw1IDpYR_ahnfKwBa0lY3Guoe3ZxYoS_tCteKn8hrKtwE9br74eQyNxlNE1gQphLBKlSpE6OuIpULbUovjOFqnOXDJRqTunjgxDXpcz8Cgbdzw8lSs8v_ODIrlAgIT7xRVDw6dWeCzOyVL5X8RsHmziUZng3q6kbLurP-EFjbo1wx8-M.OGteE0V5TxZRdRLtkpwCNR6ef9QTUPNHxakto2RNsdg&dib_tag=se&m=ANBW5NGGTP7SK&marketplaceID=A39IBJ37TRP1C6&qid=1777190464&refinements=p_36%3A20500-21000&s=merchant-items&sr=1-18&xpid=WUmSudqhE22hN#customerReviews,"Trekmates TM-4818 Chamonix Gore Gloves, Climbing Gloves, Black"
B0856QY4SC,,,,
493129782X,JP Oversized,207.4,https://www.amazon.com.au/%E6%9C%88%E5%88%8A%E3%81%8A%E3%82%8A%E3%81%8C%E3%81%BF-443%E5%8F%B7-2012-7%E6%9C%88%E5%8F%B7-_%E3%82%84%E3%81%95%E3%81%97%E3%81%95%E3%81%AE%E8%BC%AA%E3%82%92%E3%81%B2%E3%82%8D%E3%81%92%E3%82%8B/dp/493129782X/ref=sr_1_19?dib=eyJ2IjoiMSJ9.w6E8RqCb-wO_98_b1cNp9uuoZOn0dBDDrmu1w4mlcZFtCSvKDNJYfuowhdoCw1IDpYR_ahnfKwBa0lY3Guoe3ZxYoS_tCteKn8hrKtwE9br74eQyNxlNE1gQphLBKlSpE6OuIpULbUovjOFqnOXDJRqTunjgxDXpcz8Cgbdzw8lSs8v_ODIrlAgIT7xRVDw6dWeCzOyVL5X8RsHmziUZng3q6kbLurP-EFjbo1wx8-M.OGteE0V5TxZRdRLtkpwCNR6ef9QTUPNHxakto2RNsdg&dib_tag=se&m=ANBW5NGGTP7SK&marketplaceID=A39IBJ37TRP1C6&qid=1777190464&refinements=p_36%3A20500-21000&s=merchant-items&sr=1-19&xpid=WUmSudqhE22hN#customerReviews,月刊おりがみ 443号(2012.7月号)―やさしさの輪をひろげる
493129782X,,,,
4925181866,Paperback,209.25,https://www.amazon.com.au/Chiropractic-Introduction/dp/4925181866/ref=sr_1_20?dib=eyJ2IjoiMSJ9.w6E8RqCb-wO_98_b1cNp9uuoZOn0dBDDrmu1w4mlcZFtCSvKDNJYfuowhdoCw1IDpYR_ahnfKwBa0lY3Guoe3ZxYoS_tCteKn8hrKtwE9br74eQyNxlNE1gQphLBKlSpE6OuIpULbUovjOFqnOXDJRqTunjgxDXpcz8Cgbdzw8lSs8v_ODIrlAgIT7xRVDw6dWeCzOyVL5X8RsHmziUZng3q6kbLurP-EFjbo1wx8-M.OGteE0V5TxZRdRLtkpwCNR6ef9QTUPNHxakto2RNsdg&dib_tag=se&m=ANBW5NGGTP7SK&marketplaceID=A39IBJ37TRP1C6&qid=1777190464&refinements=p_36%3A20500-21000&s=merchant-items&sr=1-20&xpid=WUmSudqhE22hN#customerReviews,Chiropractic Introduction
4925181866,,,,
B09Q5VPM8P,,208.17,https://www.amazon.com.au/Imabari-Towel-Large-Cotton-Aze-Weave/dp/B09Q5VPM8P/ref=sr_1_21?dib=eyJ2IjoiMSJ9.w6E8RqCb-wO_98_b1cNp9uuoZOn0dBDDrmu1w4mlcZFtCSvKDNJYfuowhdoCw1IDpYR_ahnfKwBa0lY3Guoe3ZxYoS_tCteKn8hrKtwE9br74eQyNxlNE1gQphLBKlSpE6OuIpULbUovjOFqnOXDJRqTunjgxDXpcz8Cgbdzw8lSs8v_ODIrlAgIT7xRVDw6dWeCzOyVL5X8RsHmziUZng3q6kbLurP-EFjbo1wx8-M.OGteE0V5TxZRdRLtkpwCNR6ef9QTUPNHxakto2RNsdg&dib_tag=se&m=ANBW5NGGTP7SK&marketplaceID=A39IBJ37TRP1C6&qid=1777190464&refinements=p_36%3A20500-21000&s=merchant-items&sr=1-21&xpid=WUmSudqhE22hN#customerReviews,"Imabari Bath Towel, Imabari, Large, Made in Japan, 100% Cotton, Imabari Towel, Bath Towel, Imabari Towel (Aze-Weave, 3)"
B09Q5VPM8P,,,,
B0BZRHHM6Y,,209.75,https://www.amazon.com.au/PA-IDY-PAV105-Scena-Shoulder-Black/dp/B0BZRHHM6Y/ref=sr_1_22?dib=eyJ2IjoiMSJ9.w6E8RqCb-wO_98_b1cNp9uuoZOn0dBDDrmu1w4mlcZFtCSvKDNJYfuowhdoCw1IDpYR_ahnfKwBa0lY3Guoe3ZxYoS_tCteKn8hrKtwE9br74eQyNxlNE1gQphLBKlSpE6OuIpULbUovjOFqnOXDJRqTunjgxDXpcz8Cgbdzw8lSs8v_ODIrlAgIT7xRVDw6dWeCzOyVL5X8RsHmziUZng3q6kbLurP-EFjbo1wx8-M.OGteE0V5TxZRdRLtkpwCNR6ef9QTUPNHxakto2RNsdg&dib_tag=se&m=ANBW5NGGTP7SK&marketplaceID=A39IBJ37TRP1C6&qid=1777190464&refinements=p_36%3A20500-21000&s=merchant-items&sr=1-22&xpid=WUmSudqhE22hN,PA-IDY PAV105 Scena Shoulder Bag
B0BZRHHM6Y,,,,
4921190453,Tankobon Hardcover,208.99,https://www.amazon.com.au/Jiyu-minshu-shugi-shakai-1917-1991/dp/4921190453/ref=sr_1_23?dib=eyJ2IjoiMSJ9.w6E8RqCb-wO_98_b1cNp9uuoZOn0dBDDrmu1w4mlcZFtCSvKDNJYfuowhdoCw1IDpYR_ahnfKwBa0lY3Guoe3ZxYoS_tCteKn8hrKtwE9br74eQyNxlNE1gQphLBKlSpE6OuIpULbUovjOFqnOXDJRqTunjgxDXpcz8Cgbdzw8lSs8v_ODIrlAgIT7xRVDw6dWeCzOyVL5X8RsHmziUZng3q6kbLurP-EFjbo1wx8-M.OGteE0V5TxZRdRLtkpwCNR6ef9QTUPNHxakto2RNsdg&dib_tag=se&m=ANBW5NGGTP7SK&marketplaceID=A39IBJ37TRP1C6&qid=1777190464&refinements=p_36%3A20500-21000&s=merchant-items&sr=1-23&xpid=WUmSudqhE22hN,Jiyu?? minshu shugi to shakai shugi : 1917-1991 : Shakai shugishi no dai2 dankai to sono dai3 dankai eno iko??
4921190453,,,,
B0D4QFMJVX,,209.94,https://www.amazon.com.au/DAIWA-LT2500-Emerald-Reels-Eging/dp/B0D4QFMJVX/ref=sr_1_24?dib=eyJ2IjoiMSJ9.w6E8RqCb-wO_98_b1cNp9uuoZOn0dBDDrmu1w4mlcZFtCSvKDNJYfuowhdoCw1IDpYR_ahnfKwBa0lY3Guoe3ZxYoS_tCteKn8hrKtwE9br74eQyNxlNE1gQphLBKlSpE6OuIpULbUovjOFqnOXDJRqTunjgxDXpcz8Cgbdzw8lSs8v_ODIrlAgIT7xRVDw6dWeCzOyVL5X8RsHmziUZng3q6kbLurP-EFjbo1wx8-M.OGteE0V5TxZRdRLtkpwCNR6ef9QTUPNHxakto2RNsdg&dib_tag=se&m=ANBW5NGGTP7SK&marketplaceID=A39IBJ37TRP1C6&qid=1777190464&refinements=p_36%3A20500-21000&s=merchant-items&sr=1-24&xpid=WUmSudqhE22hN#customerReviews,DAIWA 24 Emerald X Reels for Eging (2024 Model)
B0D4QFMJVX,,,,
4915832465,Tankobon Hardcover,205.65,https://www.amazon.com.au/%E8%BF%91%E4%BB%A3%E4%BA%BA%E3%81%AE%E5%AE%BF%E5%91%BD%E3%81%A8%E3%82%AD%E3%83%AA%E3%82%B9%E3%83%88%E6%95%99-%E4%B8%96%E4%BF%97%E5%8C%96%E3%81%AE%E4%BA%BA%E9%96%93%E5%AD%A6%E7%9A%84%E8%80%83%E5%AF%9F-%E9%87%91%E5%AD%90-%E6%99%B4%E5%8B%87/dp/4915832465/ref=sr_1_25?dib=eyJ2IjoiMSJ9.w6E8RqCb-wO_98_b1cNp9uuoZOn0dBDDrmu1w4mlcZFtCSvKDNJYfuowhdoCw1IDpYR_ahnfKwBa0lY3Guoe3ZxYoS_tCteKn8hrKtwE9br74eQyNxlNE1gQphLBKlSpE6OuIpULbUovjOFqnOXDJRqTunjgxDXpcz8Cgbdzw8lSs8v_ODIrlAgIT7xRVDw6dWeCzOyVL5X8RsHmziUZng3q6kbLurP-EFjbo1wx8-M.OGteE0V5TxZRdRLtkpwCNR6ef9QTUPNHxakto2RNsdg&dib_tag=se&m=ANBW5NGGTP7SK&marketplaceID=A39IBJ37TRP1C6&qid=1777190464&refinements=p_36%3A20500-21000&s=merchant-items&sr=1-25&xpid=WUmSudqhE22hN,近代人の宿命とキリスト教: 世俗化の人間学的考察
4915832465,,,,
B0BZRH48XZ,,209.75,https://www.amazon.com.au/PA-IDY-PAV105-Scena-Shoulder-orange/dp/B0BZRH48XZ/ref=sr_1_26?dib=eyJ2IjoiMSJ9.w6E8RqCb-wO_98_b1cNp9uuoZOn0dBDDrmu1w4mlcZFtCSvKDNJYfuowhdoCw1IDpYR_ahnfKwBa0lY3Guoe3ZxYoS_tCteKn8hrKtwE9br74eQyNxlNE1gQphLBKlSpE6OuIpULbUovjOFqnOXDJRqTunjgxDXpcz8Cgbdzw8lSs8v_ODIrlAgIT7xRVDw6dWeCzOyVL5X8RsHmziUZng3q6kbLurP-EFjbo1wx8-M.OGteE0V5TxZRdRLtkpwCNR6ef9QTUPNHxakto2RNsdg&dib_tag=se&m=ANBW5NGGTP7SK&marketplaceID=A39IBJ37TRP1C6&qid=1777190464&refinements=p_36%3A20500-21000&s=merchant-items&sr=1-26&xpid=WUmSudqhE22hN,PA-IDY PAV105 Scena Shoulder Bag
B0BZRH48XZ,,,,
4915814289,Tankobon Hardcover,207.81,https://www.amazon.com.au/%E6%A9%9F%E8%83%BD%E9%9A%9C%E5%AE%B3%E7%A7%91%E5%AD%A6%E5%85%A5%E9%96%80/dp/4915814289/ref=sr_1_27?dib=eyJ2IjoiMSJ9.w6E8RqCb-wO_98_b1cNp9uuoZOn0dBDDrmu1w4mlcZFtCSvKDNJYfuowhdoCw1IDpYR_ahnfKwBa0lY3Guoe3ZxYoS_tCteKn8hrKtwE9br74eQyNxlNE1gQphLBKlSpE6OuIpULbUovjOFqnOXDJRqTunjgxDXpcz8Cgbdzw8lSs8v_ODIrlAgIT7xRVDw6dWeCzOyVL5X8RsHmziUZng3q6kbLurP-EFjbo1wx8-M.OGteE0V5TxZRdRLtkpwCNR6ef9QTUPNHxakto2RNsdg&dib_tag=se&m=ANBW5NGGTP7SK&marketplaceID=A39IBJ37TRP1C6&qid=1777190464&refinements=p_36%3A20500-21000&s=merchant-items&sr=1-27&xpid=WUmSudqhE22hN#customerReviews,機能障害科学入門
4915814289,,,,
B09BFL3BSF,,205.66,https://www.amazon.com.au/Shimano-Bi-Axis-Barchetta-Jigging-General/dp/B09BFL3BSF/ref=sr_1_28?dib=eyJ2IjoiMSJ9.w6E8RqCb-wO_98_b1cNp9uuoZOn0dBDDrmu1w4mlcZFtCSvKDNJYfuowhdoCw1IDpYR_ahnfKwBa0lY3Guoe3ZxYoS_tCteKn8hrKtwE9br74eQyNxlNE1gQphLBKlSpE6OuIpULbUovjOFqnOXDJRqTunjgxDXpcz8Cgbdzw8lSs8v_ODIrlAgIT7xRVDw6dWeCzOyVL5X8RsHmziUZng3q6kbLurP-EFjbo1wx8-M.OGteE0V5TxZRdRLtkpwCNR6ef9QTUPNHxakto2RNsdg&dib_tag=se&m=ANBW5NGGTP7SK&marketplaceID=A39IBJ37TRP1C6&qid=1777190464&refinements=p_36%3A20500-21000&s=merchant-items&sr=1-28&xpid=WUmSudqhE22hN#customerReviews,Shimano Bi-Axis Reel 21 Barchetta BB 300PG Metal Sutte Tylava Light Jigging General Purpose
B09BFL3BSF,,,,
4909832238,Tankobon Hardcover,208.48,https://www.amazon.com.au/%E5%B9%B3%E5%92%8C%E3%81%AE%E4%B8%96%E3%81%AF%E6%9D%A5%E3%82%8B%E3%81%8B-%E5%A4%AA%E5%B9%B3%E8%A8%98-%E8%BB%8D%E8%A8%98%E7%89%A9%E8%AA%9E%E8%AC%9B%E5%BA%A7-3/dp/4909832238/ref=sr_1_29?dib=eyJ2IjoiMSJ9.w6E8RqCb-wO_98_b1cNp9uuoZOn0dBDDrmu1w4mlcZFtCSvKDNJYfuowhdoCw1IDpYR_ahnfKwBa0lY3Guoe3ZxYoS_tCteKn8hrKtwE9br74eQyNxlNE1gQphLBKlSpE6OuIpULbUovjOFqnOXDJRqTunjgxDXpcz8Cgbdzw8lSs8v_ODIrlAgIT7xRVDw6dWeCzOyVL5X8RsHmziUZng3q6kbLurP-EFjbo1wx8-M.OGteE0V5TxZRdRLtkpwCNR6ef9QTUPNHxakto2RNsdg&dib_tag=se&m=ANBW5NGGTP7SK&marketplaceID=A39IBJ37TRP1C6&qid=1777190464&refinements=p_36%3A20500-21000&s=merchant-items&sr=1-29&xpid=WUmSudqhE22hN,平和の世は来るか: 太平記 (軍記物語講座): 3
4909832238,,,,
B01LWYTZLJ,,210.82,https://www.amazon.com.au/Gold-File-GPC0120-Bundle-Black/dp/B01LWYTZLJ/ref=sr_1_30?dib=eyJ2IjoiMSJ9.w6E8RqCb-wO_98_b1cNp9uuoZOn0dBDDrmu1w4mlcZFtCSvKDNJYfuowhdoCw1IDpYR_ahnfKwBa0lY3Guoe3ZxYoS_tCteKn8hrKtwE9br74eQyNxlNE1gQphLBKlSpE6OuIpULbUovjOFqnOXDJRqTunjgxDXpcz8Cgbdzw8lSs8v_ODIrlAgIT7xRVDw6dWeCzOyVL5X8RsHmziUZng3q6kbLurP-EFjbo1wx8-M.OGteE0V5TxZRdRLtkpwCNR6ef9QTUPNHxakto2RNsdg&dib_tag=se&m=ANBW5NGGTP7SK&marketplaceID=A39IBJ37TRP1C6&qid=1777190464&refinements=p_36%3A20500-21000&s=merchant-items&sr=1-30&xpid=WUmSudqhE22hN,Gold File GPC0120 Bundle
B01LWYTZLJ,,,,
4909832203,Tankobon Hardcover,207.63,https://www.amazon.com.au/%E5%B9%B3%E5%AE%89%E6%9C%9D%E5%9B%BD%E5%8F%B2%E5%92%8C%E6%AD%8C%E6%B3%A8%E8%80%83-%E3%80%8E%E6%97%A5%E6%9C%AC%E5%BE%8C%E7%B4%80%E3%80%8F%E3%80%8E%E7%B6%9A%E6%97%A5%E6%9C%AC%E5%BE%8C%E7%B4%80%E3%80%8F%E3%80%8E%E4%B8%89%E4%BB%A3%E5%AE%9F%E9%8C%B2%E3%80%8F-%E4%BB%98%E3%80%8E%E6%9D%B1%E5%A4%A7%E5%AF%BA%E8%A6%81%E9%8C%B2%E3%80%8F-%E8%BF%91%E8%97%A4-%E4%BF%A1%E7%BE%A9/dp/4909832203/ref=sr_1_31?dib=eyJ2IjoiMSJ9.w6E8RqCb-wO_98_b1cNp9uuoZOn0dBDDrmu1w4mlcZFtCSvKDNJYfuowhdoCw1IDpYR_ahnfKwBa0lY3Guoe3ZxYoS_tCteKn8hrKtwE9br74eQyNxlNE1gQphLBKlSpE6OuIpULbUovjOFqnOXDJRqTunjgxDXpcz8Cgbdzw8lSs8v_ODIrlAgIT7xRVDw6dWeCzOyVL5X8RsHmziUZng3q6kbLurP-EFjbo1wx8-M.OGteE0V5TxZRdRLtkpwCNR6ef9QTUPNHxakto2RNsdg&dib_tag=se&m=ANBW5NGGTP7SK&marketplaceID=A39IBJ37TRP1C6&qid=1777190464&refinements=p_36%3A20500-21000&s=merchant-items&sr=1-31&xpid=WUmSudqhE22hN,平安朝国史和歌注考 『日本後紀』『続日本後紀』『三代実録』 付『東大寺要録』
4909832203,,,,
B09BFNKHRX,,208.81,https://www.amazon.com.au/Shimano-NASCI-Fishing-Shipped-4000XG/dp/B09BFNKHRX/ref=sr_1_32?dib=eyJ2IjoiMSJ9.w6E8RqCb-wO_98_b1cNp9uuoZOn0dBDDrmu1w4mlcZFtCSvKDNJYfuowhdoCw1IDpYR_ahnfKwBa0lY3Guoe3ZxYoS_tCteKn8hrKtwE9br74eQyNxlNE1gQphLBKlSpE6OuIpULbUovjOFqnOXDJRqTunjgxDXpcz8Cgbdzw8lSs8v_ODIrlAgIT7xRVDw6dWeCzOyVL5X8RsHmziUZng3q6kbLurP-EFjbo1wx8-M.OGteE0V5TxZRdRLtkpwCNR6ef9QTUPNHxakto2RNsdg&dib_tag=se&m=ANBW5NGGTP7SK&marketplaceID=A39IBJ37TRP1C6&qid=1777190464&refinements=p_36%3A20500-21000&s=merchant-items&sr=1-32&xpid=WUmSudqhE22hN#customerReviews,Shimano 21 NASCI Fishing Reel Shipped from Japan 2022 Model
4909185151,JP Oversized,207.33,https://www.amazon.com.au/%E5%B1%B1%E6%A0%B9%E5%85%AC%E5%88%A9-%E3%83%A1%E3%82%AB%E3%83%8B%E3%83%83%E3%82%AF%E3%83%87%E3%82%B6%E3%82%A4%E3%83%B3%E9%9B%86%E3%80%8C%E3%83%A2%E3%83%8EGRAPH%E3%80%8D%E3%82%B5%E3%83%B3%E3%83%A9%E3%82%A4%E3%82%BA%E7%B7%A8-%E5%B1%B1%E6%A0%B9-%E5%85%AC%E5%88%A9/dp/4909185151/ref=sr_1_33?dib=eyJ2IjoiMSJ9.cKXQco0W3K1xYrefesQvq9BsqIZerUTJPf9jvyON33dMI7I9YAoiw3SVWGL3OIdTi18jUMKv3FdoeZFlSXVpLw.-us4nwQ_fQAoUTMC-D_W37Vk-xvKPFuLqRDmXo5cp88&dib_tag=se&m=ANBW5NGGTP7SK&marketplaceID=A39IBJ37TRP1C6&qid=1777190472&refinements=p_36%3A20500-21000&s=merchant-items&sr=1-33&xpid=WUmSudqhE22hN#customerReviews,山根公利 メカニックデザイン集「モノGRAPH」サンライズ編
4909185151,,,,
B00CL5OUYO,,211.56,https://www.amazon.com.au/Stryker-Screen-Gloves-Coyote-Medium/dp/B00CL5OUYO/ref=sr_1_34?dib=eyJ2IjoiMSJ9.cKXQco0W3K1xYrefesQvq9BsqIZerUTJPf9jvyON33dMI7I9YAoiw3SVWGL3OIdTi18jUMKv3FdoeZFlSXVpLw.-us4nwQ_fQAoUTMC-D_W37Vk-xvKPFuLqRDmXo5cp88&dib_tag=se&m=ANBW5NGGTP7SK&marketplaceID=A39IBJ37TRP1C6&qid=1777190472&refinements=p_36%3A20500-21000&s=merchant-items&sr=1-34&xpid=WUmSudqhE22hN,Line of Fire Stryker Touch Screen Gloves Coyote Medium
B00CL5OUYO,,,,
4909066322,JP Oversized,207.61,https://www.amazon.com.au/%E3%83%81%E3%83%BC%E3%83%A0%E3%81%A7%E5%8F%96%E3%82%8A%E7%B5%84%E3%82%80%E3%82%A4%E3%83%B3%E3%83%97%E3%83%A9%E3%83%B3%E3%83%88%E5%91%A8%E5%9B%B2%E7%B5%84%E7%B9%94%E3%81%AE%E8%A8%BA%E6%9F%BB%E3%83%BB%E8%A8%BA%E6%96%AD%E3%83%BB%E5%AF%BE%E5%BF%9C%E6%B3%95_%E3%82%B7%E3%82%B9%E3%83%86%E3%83%9E%E3%83%86%E3%82%A3%E3%83%83%E3%82%AF%E3%81%AB%E8%A1%8C%E3%81%86%E3%83%A1%E3%82%A4%E3%83%B3%E3%83%86%E3%83%8A%E3%83%B3%E3%82%B9%E3%83%97%E3%83%AD%E3%82%B0%E3%83%A9%E3%83%A0-%E7%A5%9E%E4%BF%9D-%E8%89%AF/dp/4909066322/ref=sr_1_35?dib=eyJ2IjoiMSJ9.cKXQco0W3K1xYrefesQvq9BsqIZerUTJPf9jvyON33dMI7I9YAoiw3SVWGL3OIdTi18jUMKv3FdoeZFlSXVpLw.-us4nwQ_fQAoUTMC-D_W37Vk-xvKPFuLqRDmXo5cp88&dib_tag=se&m=ANBW5NGGTP7SK&marketplaceID=A39IBJ37TRP1C6&qid=1777190472&refinements=p_36%3A20500-21000&s=merchant-items&sr=1-35&xpid=WUmSudqhE22hN,チームで取り組むインプラント周囲組織の診査・診断・対応法―システマティックに行うメインテナンスプログラム
4909066322,,,,
B08VD45FJB,,205.25,https://www.amazon.com.au/Shimano-Spinning-General-Purpose-Altegra/dp/B08VD45FJB/ref=sr_1_36?dib=eyJ2IjoiMSJ9.cKXQco0W3K1xYrefesQvq9BsqIZerUTJPf9jvyON33dMI7I9YAoiw3SVWGL3OIdTi18jUMKv3FdoeZFlSXVpLw.-us4nwQ_fQAoUTMC-D_W37Vk-xvKPFuLqRDmXo5cp88&dib_tag=se&m=ANBW5NGGTP7SK&marketplaceID=A39IBJ37TRP1C6&qid=1777190472&refinements=p_36%3A20500-21000&s=merchant-items&sr=1-36&xpid=WUmSudqhE22hN#customerReviews,Shimano Spinning Reel 21 Artegra Assorted
B08VD45FJB,,,,
4909066098,JP Oversized,207.61,https://www.amazon.com.au/Guided-Surgery-Planning-Success-Manual_10%E5%B9%B4%E3%81%AE%E8%93%84%E7%A9%8D%E3%81%AB%E5%9F%BA%E3%81%A5%E3%81%8F%E3%81%9D%E3%81%AE%E3%83%8E%E3%82%A6%E3%83%8F%E3%82%A6%E3%81%AE%E3%81%99%E3%81%B9%E3%81%A6/dp/4909066098/ref=sr_1_37?dib=eyJ2IjoiMSJ9.cKXQco0W3K1xYrefesQvq9BsqIZerUTJPf9jvyON33dMI7I9YAoiw3SVWGL3OIdTi18jUMKv3FdoeZFlSXVpLw.-us4nwQ_fQAoUTMC-D_W37Vk-xvKPFuLqRDmXo5cp88&dib_tag=se&m=ANBW5NGGTP7SK&marketplaceID=A39IBJ37TRP1C6&qid=1777190472&refinements=p_36%3A20500-21000&s=merchant-items&sr=1-37&xpid=WUmSudqhE22hN#customerReviews,Guided Surgery Planning Success Manual―10年の蓄積に基づくそのノウハウのすべて
4909066098,,,,
B07XB5SC54,,209.31,https://www.amazon.com.au/SHIMANO-Womens-Chaqueta-Kaede-Jacket/dp/B07XB5SC54/ref=sr_1_33?dib=eyJ2IjoiMSJ9.gJaO3qsMA869dCG4r9I-zDP2MPJ1Q84eZWeZewLTOYfZzEUw1x0kbl8i0I6wCc7jfMMdX9WXaI1kWQ9P7w9HvTeC45BAd-WOgGvxPOhf6BBjpz1pCcC0SeYvA4fCLJNGtsSbnwTvJU90bkrGyzvFmaQM73prl6eoUxccLkYllNo.6mnWf0QUiDIbi9DtpMhr-T9LbB7K68eh6hU9CjmA-eY&dib_tag=se&m=ANBW5NGGTP7SK&marketplaceID=A39IBJ37TRP1C6&qid=1777190472&refinements=p_36%3A20500-21000&s=merchant-items&sr=1-33&xpid=WUmSudqhE22hN,SHIMANO Women's Chaqueta Sh W Kaede Negro T Jacket
B07XB5SC54,,,,
4908637938,Tankobon Hardcover,207.91,https://www.amazon.com.au/%E5%A7%BF%E5%8B%A2%E3%83%BB%E5%8B%95%E4%BD%9C%E3%83%BB%E7%97%87%E7%8A%B6%E3%81%AE%E8%A7%A3%E9%87%88%E3%81%A8%E6%B2%BB%E7%99%82%E6%88%A6%E7%95%A5-%E8%82%A1%E9%96%A2%E7%AF%80%E3%83%BB%E8%86%9D%E9%96%A2%E7%AF%80%E3%83%BB%E8%B6%B3%E9%96%A2%E7%AF%80-%E7%90%86%E5%AD%A6%E7%99%82%E6%B3%95%E3%82%B9%E3%82%AD%E3%83%AB%E3%82%A2%E3%83%83%E3%83%97-Physical-Therapy/dp/4908637938/ref=sr_1_34?dib=eyJ2IjoiMSJ9.gJaO3qsMA869dCG4r9I-zDP2MPJ1Q84eZWeZewLTOYfZzEUw1x0kbl8i0I6wCc7jfMMdX9WXaI1kWQ9P7w9HvTeC45BAd-WOgGvxPOhf6BBjpz1pCcC0SeYvA4fCLJNGtsSbnwTvJU90bkrGyzvFmaQM73prl6eoUxccLkYllNo.6mnWf0QUiDIbi9DtpMhr-T9LbB7K68eh6hU9CjmA-eY&dib_tag=se&m=ANBW5NGGTP7SK&marketplaceID=A39IBJ37TRP1C6&qid=1777190472&refinements=p_36%3A20500-21000&s=merchant-items&sr=1-34&xpid=WUmSudqhE22hN#customerReviews,姿勢・動作・症状の解釈と治療戦略:下肢編(股関節・膝関節・足関節) (理学療法スキルアップ Physical Therapy fo)
4908637938,,,,
B0CVMYRLGN,,206.66,https://www.amazon.com.au/MATRIX-FF0119-Cyberforest-Fantasy-Plastic/dp/B0CVMYRLGN/ref=sr_1_35?dib=eyJ2IjoiMSJ9.gJaO3qsMA869dCG4r9I-zDP2MPJ1Q84eZWeZewLTOYfZzEUw1x0kbl8i0I6wCc7jfMMdX9WXaI1kWQ9P7w9HvTeC45BAd-WOgGvxPOhf6BBjpz1pCcC0SeYvA4fCLJNGtsSbnwTvJU90bkrGyzvFmaQM73prl6eoUxccLkYllNo.6mnWf0QUiDIbi9DtpMhr-T9LbB7K68eh6hU9CjmA-eY&dib_tag=se&m=ANBW5NGGTP7SK&marketplaceID=A39IBJ37TRP1C6&qid=1777190472&refinements=p_36%3A20500-21000&s=merchant-items&sr=1-35&xpid=WUmSudqhE22hN#customerReviews,NUKE MATRIX FF0119 Cyberforest Fantasy Girls Elbow 1/10.5 Scale PVC & ABS Plastic Model Kit
4907095791,Tankobon Hardcover,205.41,https://www.amazon.com.au/%E5%BF%85%E6%90%BA-%E5%86%85%E7%A7%91%E5%8C%BB%E3%81%AE%E3%81%9F%E3%82%81%E3%81%AE-%E8%87%93%E5%99%A8%E7%A7%BB%E6%A4%8D%E8%A8%BA%E7%99%82%E3%83%8F%E3%83%B3%E3%83%89%E3%83%96%E3%83%83%E3%82%AF/dp/4907095791/ref=sr_1_36?dib=eyJ2IjoiMSJ9.gJaO3qsMA869dCG4r9I-zDP2MPJ1Q84eZWeZewLTOYfZzEUw1x0kbl8i0I6wCc7jfMMdX9WXaI1kWQ9P7w9HvTeC45BAd-WOgGvxPOhf6BBjpz1pCcC0SeYvA4fCLJNGtsSbnwTvJU90bkrGyzvFmaQM73prl6eoUxccLkYllNo.6mnWf0QUiDIbi9DtpMhr-T9LbB7K68eh6hU9CjmA-eY&dib_tag=se&m=ANBW5NGGTP7SK&marketplaceID=A39IBJ37TRP1C6&qid=1777190472&refinements=p_36%3A20500-21000&s=merchant-items&sr=1-36&xpid=WUmSudqhE22hN,必携 内科医のための 臓器移植診療ハンドブック
4907095791,,,,
B00BYN17AE,,209.44,https://www.amazon.com.au/ozie-tie-Settepiege-NP-005-SILVER-plain-Japan/dp/B00BYN17AE/ref=sr_1_37?dib=eyJ2IjoiMSJ9.gJaO3qsMA869dCG4r9I-zDP2MPJ1Q84eZWeZewLTOYfZzEUw1x0kbl8i0I6wCc7jfMMdX9WXaI1kWQ9P7w9HvTeC45BAd-WOgGvxPOhf6BBjpz1pCcC0SeYvA4fCLJNGtsSbnwTvJU90bkrGyzvFmaQM73prl6eoUxccLkYllNo.6mnWf0QUiDIbi9DtpMhr-T9LbB7K68eh6hU9CjmA-eY&dib_tag=se&m=ANBW5NGGTP7SK&marketplaceID=A39IBJ37TRP1C6&qid=1777190472&refinements=p_36%3A20500-21000&s=merchant-items&sr=1-37&xpid=WUmSudqhE22hN,ozie [tie-Settepiege] NP-005-SILVER plain - Made in Japan
B00BYN17AE,,,,
4906917704,Tankobon Hardcover,209.43,https://www.amazon.com.au/%E8%AA%9E%E3%82%8B%E5%A4%A7%E6%8B%99-%E9%88%B4%E6%9C%A8%E5%A4%A7%E6%8B%99%E8%AC%9B%E6%BC%94%E9%9B%862-%E5%A4%A7%E6%99%BA%E3%81%A8%E5%A4%A7%E6%82%B2-%E9%88%B4%E6%9C%A8%E5%A4%A7%E6%8B%99/dp/4906917704/ref=sr_1_38?dib=eyJ2IjoiMSJ9.gJaO3qsMA869dCG4r9I-zDP2MPJ1Q84eZWeZewLTOYfZzEUw1x0kbl8i0I6wCc7jfMMdX9WXaI1kWQ9P7w9HvTeC45BAd-WOgGvxPOhf6BBjpz1pCcC0SeYvA4fCLJNGtsSbnwTvJU90bkrGyzvFmaQM73prl6eoUxccLkYllNo.6mnWf0QUiDIbi9DtpMhr-T9LbB7K68eh6hU9CjmA-eY&dib_tag=se&m=ANBW5NGGTP7SK&marketplaceID=A39IBJ37TRP1C6&qid=1777190472&refinements=p_36%3A20500-21000&s=merchant-items&sr=1-38&xpid=WUmSudqhE22hN,語る大拙 鈴木大拙講演集2 大智と大悲
4906917704,,,,
B0BHDD3ZCP,,205.25,https://www.amazon.com.au/Shimano-22-Sepia-BB-C3000S/dp/B0BHDD3ZCP/ref=sr_1_39?dib=eyJ2IjoiMSJ9.gJaO3qsMA869dCG4r9I-zDP2MPJ1Q84eZWeZewLTOYfZzEUw1x0kbl8i0I6wCc7jfMMdX9WXaI1kWQ9P7w9HvTeC45BAd-WOgGvxPOhf6BBjpz1pCcC0SeYvA4fCLJNGtsSbnwTvJU90bkrGyzvFmaQM73prl6eoUxccLkYllNo.6mnWf0QUiDIbi9DtpMhr-T9LbB7K68eh6hU9CjmA-eY&dib_tag=se&m=ANBW5NGGTP7SK&marketplaceID=A39IBJ37TRP1C6&qid=1777190472&refinements=p_36%3A20500-21000&s=merchant-items&sr=1-39&xpid=WUmSudqhE22hN#customerReviews,22 sefia bb
B0BHDD3ZCP,,,,
4906917585,Tankobon Hardcover,208.33,https://www.amazon.com.au/%E7%8F%BE%E4%BB%A3%E6%84%8F%E8%A8%B3-%E5%A4%A7%E8%88%AC%E6%B6%85%E6%A7%83%E7%B5%8C-%E5%8E%9F%E7%94%B0%E9%9C%8A%E9%81%93/dp/4906917585/ref=sr_1_40?dib=eyJ2IjoiMSJ9.gJaO3qsMA869dCG4r9I-zDP2MPJ1Q84eZWeZewLTOYfZzEUw1x0kbl8i0I6wCc7jfMMdX9WXaI1kWQ9P7w9HvTeC45BAd-WOgGvxPOhf6BBjpz1pCcC0SeYvA4fCLJNGtsSbnwTvJU90bkrGyzvFmaQM73prl6eoUxccLkYllNo.6mnWf0QUiDIbi9DtpMhr-T9LbB7K68eh6hU9CjmA-eY&dib_tag=se&m=ANBW5NGGTP7SK&marketplaceID=A39IBJ37TRP1C6&qid=1777190472&refinements=p_36%3A20500-21000&s=merchant-items&sr=1-40&xpid=WUmSudqhE22hN#customerReviews,現代意訳 大般涅槃経
4906917585,,,,
B0CHM2QH4K,,206.34,https://www.amazon.com.au/Twin-Stretch-Warm-Suit-green/dp/B0CHM2QH4K/ref=sr_1_41?dib=eyJ2IjoiMSJ9.gJaO3qsMA869dCG4r9I-zDP2MPJ1Q84eZWeZewLTOYfZzEUw1x0kbl8i0I6wCc7jfMMdX9WXaI1kWQ9P7w9HvTeC45BAd-WOgGvxPOhf6BBjpz1pCcC0SeYvA4fCLJNGtsSbnwTvJU90bkrGyzvFmaQM73prl6eoUxccLkYllNo.6mnWf0QUiDIbi9DtpMhr-T9LbB7K68eh6hU9CjmA-eY&dib_tag=se&m=ANBW5NGGTP7SK&marketplaceID=A39IBJ37TRP1C6&qid=1777190472&refinements=p_36%3A20500-21000&s=merchant-items&sr=1-41&xpid=WUmSudqhE22hN,"Soshin 6450 RL Stretch Warmsuit, Green Camo, L"
B0CHM2QH4K,,,,
4906822436,Tankobon Hardcover,205.68,https://www.amazon.com.au/%E5%BC%A5%E7%94%9F%E5%9B%BD%E5%AE%B6%E8%AB%96%E3%83%BC%E5%9B%BD%E5%AE%B6%E3%81%AF%E3%81%93%E3%81%86%E3%81%97%E3%81%A6%E7%94%9F%E3%81%BE%E3%82%8C%E3%81%9F-%E5%AF%BA%E6%B2%A2-%E8%96%AB/dp/4906822436/ref=sr_1_42?dib=eyJ2IjoiMSJ9.gJaO3qsMA869dCG4r9I-zDP2MPJ1Q84eZWeZewLTOYfZzEUw1x0kbl8i0I6wCc7jfMMdX9WXaI1kWQ9P7w9HvTeC45BAd-WOgGvxPOhf6BBjpz1pCcC0SeYvA4fCLJNGtsSbnwTvJU90bkrGyzvFmaQM73prl6eoUxccLkYllNo.6mnWf0QUiDIbi9DtpMhr-T9LbB7K68eh6hU9CjmA-eY&dib_tag=se&m=ANBW5NGGTP7SK&marketplaceID=A39IBJ37TRP1C6&qid=1777190472&refinements=p_36%3A20500-21000&s=merchant-items&sr=1-42&xpid=WUmSudqhE22hN#customerReviews,弥生国家論ー国家はこうして生まれた
4906822436,,,,
B009KVT6QE,,209.13,https://www.amazon.com.au/dp/B009KVT6QE/ref=sr_1_43?dib=eyJ2IjoiMSJ9.gJaO3qsMA869dCG4r9I-zDP2MPJ1Q84eZWeZewLTOYfZzEUw1x0kbl8i0I6wCc7jfMMdX9WXaI1kWQ9P7w9HvTeC45BAd-WOgGvxPOhf6BBjpz1pCcC0SeYvA4fCLJNGtsSbnwTvJU90bkrGyzvFmaQM73prl6eoUxccLkYllNo.6mnWf0QUiDIbi9DtpMhr-T9LbB7K68eh6hU9CjmA-eY&dib_tag=se&m=ANBW5NGGTP7SK&marketplaceID=A39IBJ37TRP1C6&qid=1777190472&refinements=p_36%3A20500-21000&s=merchant-items&sr=1-43&xpid=WUmSudqhE22hN,Japanese version of Flight Simulator X 10 plain [Japan Import]
B009KVT6QE,,,,
4906784399,Tankobon Softcover,209.8,https://www.amazon.com.au/%E5%BC%B7%E3%81%84%E7%94%B7%E3%82%92%E6%B1%82%E3%82%81%E3%81%AA%E3%81%95%E3%81%84%E3%80%81%E3%81%84%E3%81%AA%E3%81%91%E3%82%8A%E3%82%83%E3%81%82%E3%81%AA%E3%81%9F%E3%81%8C%E8%82%B2%E3%81%A6%E3%81%AA%E3%81%95%E3%81%84%EF%BC%81/dp/4906784399/ref=sr_1_49?dib=eyJ2IjoiMSJ9.mQQPq6Y0eZMQ8reVY47skMwL4XfmtM9F9lOSYGrWOE0nqwxKn5dpj2psonalWBdUGw_nWo-nM8eBGqV_XnFvuA.t5STd3LfUlv_kaKIhi5UGlFrZ_xEyF5HDeJtKOv0pq0&dib_tag=se&m=ANBW5NGGTP7SK&marketplaceID=A39IBJ37TRP1C6&qid=1777190478&refinements=p_36%3A20500-21000&s=merchant-items&sr=1-49&xpid=WUmSudqhE22hN#customerReviews,強い男を求めなさい、いなけりゃあなたが育てなさい！
4906784399,,,,
B01BHI1VWO,,209.49,https://www.amazon.com.au/BreezyIsland-Hawaiian-jewelry-pendant-Accessories/dp/B01BHI1VWO/ref=sr_1_50?dib=eyJ2IjoiMSJ9.mQQPq6Y0eZMQ8reVY47skMwL4XfmtM9F9lOSYGrWOE0nqwxKn5dpj2psonalWBdUGw_nWo-nM8eBGqV_XnFvuA.t5STd3LfUlv_kaKIhi5UGlFrZ_xEyF5HDeJtKOv0pq0&dib_tag=se&m=ANBW5NGGTP7SK&marketplaceID=A39IBJ37TRP1C6&qid=1777190478&refinements=p_36%3A20500-21000&s=merchant-items&sr=1-50&xpid=WUmSudqhE22hN,BreezyIsland Hawaiian jewelry pendant Golden rutile 14k 40cm Power Stone Accessories
B01BHI1VWO,,,,
4906195385,Tankobon Hardcover,209.36,https://www.amazon.com.au/%E3%81%8A%E3%82%84%E3%81%99%E3%81%BF/dp/4906195385/ref=sr_1_51?dib=eyJ2IjoiMSJ9.mQQPq6Y0eZMQ8reVY47skMwL4XfmtM9F9lOSYGrWOE0nqwxKn5dpj2psonalWBdUGw_nWo-nM8eBGqV_XnFvuA.t5STd3LfUlv_kaKIhi5UGlFrZ_xEyF5HDeJtKOv0pq0&dib_tag=se&m=ANBW5NGGTP7SK&marketplaceID=A39IBJ37TRP1C6&qid=1777190478&refinements=p_36%3A20500-21000&s=merchant-items&sr=1-51&xpid=WUmSudqhE22hN#customerReviews,おやすみ
4906195385,,,,
B09BFNT8R1,,208.49,https://www.amazon.com.au/Shimano-Bi-Axis-Barchetta-Jigging-General/dp/B09BFNT8R1/ref=sr_1_52?dib=eyJ2IjoiMSJ9.mQQPq6Y0eZMQ8reVY47skMwL4XfmtM9F9lOSYGrWOE0nqwxKn5dpj2psonalWBdUGw_nWo-nM8eBGqV_XnFvuA.t5STd3LfUlv_kaKIhi5UGlFrZ_xEyF5HDeJtKOv0pq0&dib_tag=se&m=ANBW5NGGTP7SK&marketplaceID=A39IBJ37TRP1C6&qid=1777190478&refinements=p_36%3A20500-21000&s=merchant-items&sr=1-52&xpid=WUmSudqhE22hN#customerReviews,Shimano Bi-Axis Reel 21 Barchetta BB 150HG Metal Sutte Tylava Light Jigging General Purpose
B09BFNT8R1,,,,
4905327881,Tankobon Hardcover,208.95,https://www.amazon.com.au/%E8%88%8C%E8%A8%BA%E8%AB%96%EF%BC%BB%E6%94%B9%E8%A8%82%E5%A2%97%E8%A3%9C%E7%89%88%EF%BC%BD-%E6%96%B0%E3%83%BB%E8%87%A8%E5%BA%8A%E4%B8%AD%E5%8C%BB%E5%AD%A6-%E8%88%8C%E8%A8%BA%E7%AF%87-%E9%99%B3-%E5%8B%87/dp/4905327881/ref=sr_1_53?dib=eyJ2IjoiMSJ9.mQQPq6Y0eZMQ8reVY47skMwL4XfmtM9F9lOSYGrWOE0nqwxKn5dpj2psonalWBdUGw_nWo-nM8eBGqV_XnFvuA.t5STd3LfUlv_kaKIhi5UGlFrZ_xEyF5HDeJtKOv0pq0&dib_tag=se&m=ANBW5NGGTP7SK&marketplaceID=A39IBJ37TRP1C6&qid=1777190478&refinements=p_36%3A20500-21000&s=merchant-items&sr=1-53&xpid=WUmSudqhE22hN#customerReviews,舌診論［改訂増補版］　新・臨床中医学 舌診篇
4905327881,,,,
4905154790,Tankobon Softcover,208.96,https://www.amazon.com.au/%E9%A6%96%E3%82%92%E6%95%B4%E3%81%88%E3%82%8B%E3%81%A8%E8%84%B3%E3%81%8C%E4%BD%93%E3%82%92%E6%B2%BB%E3%81%97%E3%81%A0%E3%81%99/dp/4905154790/ref=sr_1_49?dib=eyJ2IjoiMSJ9.DTV8c4bBg-UYfUNAUE4RrcGOZM0_KpET_S5Zc1fRp4Am-wN-aXoxUUsFRt2Zv6INuMcXHU3_7FkunurJDJ9xyRxP01C2tznBgfLUQxGuc0eFNW32IuhuQujCCEdRj3GVOolUfmS0QiH7KT8tEpmtZ5N9y4XockN1_CW-yHXWYoY.orqpfe8RtzXGAD4vDJoN-SGoY_3qUyfciZqKg_Ptta8&dib_tag=se&m=ANBW5NGGTP7SK&marketplaceID=A39IBJ37TRP1C6&qid=1777190478&refinements=p_36%3A20500-21000&s=merchant-items&sr=1-49&xpid=WUmSudqhE22hN#customerReviews,首を整えると脳が体を治しだす
4905154790,,,,
B0FWQ76NPR,,207.84,https://www.amazon.com.au/Platinum-BISO-Fountain-Pen-Nebula/dp/B0FWQ76NPR/ref=sr_1_50?dib=eyJ2IjoiMSJ9.DTV8c4bBg-UYfUNAUE4RrcGOZM0_KpET_S5Zc1fRp4Am-wN-aXoxUUsFRt2Zv6INuMcXHU3_7FkunurJDJ9xyRxP01C2tznBgfLUQxGuc0eFNW32IuhuQujCCEdRj3GVOolUfmS0QiH7KT8tEpmtZ5N9y4XockN1_CW-yHXWYoY.orqpfe8RtzXGAD4vDJoN-SGoY_3qUyfciZqKg_Ptta8&dib_tag=se&m=ANBW5NGGTP7SK&marketplaceID=A39IBJ37TRP1C6&qid=1777190478&refinements=p_36%3A20500-21000&s=merchant-items&sr=1-50&xpid=WUmSudqhE22hN,Platinum BISO Fountain Pen - Nebula Black
B0FWQ76NPR,,,,
4905027772,JP Oversized,207.03,https://www.amazon.com.au/%E6%9C%80%E5%BE%8C%E3%81%AE%E6%A5%BD%E5%9C%92-%E3%83%9A%E3%83%AB%E3%83%BC/dp/4905027772/ref=sr_1_51?dib=eyJ2IjoiMSJ9.DTV8c4bBg-UYfUNAUE4RrcGOZM0_KpET_S5Zc1fRp4Am-wN-aXoxUUsFRt2Zv6INuMcXHU3_7FkunurJDJ9xyRxP01C2tznBgfLUQxGuc0eFNW32IuhuQujCCEdRj3GVOolUfmS0QiH7KT8tEpmtZ5N9y4XockN1_CW-yHXWYoY.orqpfe8RtzXGAD4vDJoN-SGoY_3qUyfciZqKg_Ptta8&dib_tag=se&m=ANBW5NGGTP7SK&marketplaceID=A39IBJ37TRP1C6&qid=1777190478&refinements=p_36%3A20500-21000&s=merchant-items&sr=1-51&xpid=WUmSudqhE22hN#customerReviews,最後の楽園 ペルー
4905027772,,,,
4904117751,Tankobon Hardcover,205.49,https://www.amazon.com.au/%E6%B9%AF%E6%B5%85%E6%B3%B0%E9%9B%84%E5%85%A8%E9%9B%86%E3%80%8817%E3%80%89%E3%83%8B%E3%83%A5%E3%83%BC%E3%82%B5%E3%82%A4%E3%82%A8%E3%83%B3%E3%82%B9%E8%AB%96/dp/4904117751/ref=sr_1_52?dib=eyJ2IjoiMSJ9.DTV8c4bBg-UYfUNAUE4RrcGOZM0_KpET_S5Zc1fRp4Am-wN-aXoxUUsFRt2Zv6INuMcXHU3_7FkunurJDJ9xyRxP01C2tznBgfLUQxGuc0eFNW32IuhuQujCCEdRj3GVOolUfmS0QiH7KT8tEpmtZ5N9y4XockN1_CW-yHXWYoY.orqpfe8RtzXGAD4vDJoN-SGoY_3qUyfciZqKg_Ptta8&dib_tag=se&m=ANBW5NGGTP7SK&marketplaceID=A39IBJ37TRP1C6&qid=1777190478&refinements=p_36%3A20500-21000&s=merchant-items&sr=1-52&xpid=WUmSudqhE22hN#customerReviews,湯浅泰雄全集〈17〉ニューサイエンス論
4904117751,,,,
B0B57WJSKV,,205.22,https://www.amazon.com.au/Hammer-315SA-NRB125-Stainless-Bearing-Stopper/dp/B0B57WJSKV/ref=sr_1_53?dib=eyJ2IjoiMSJ9.DTV8c4bBg-UYfUNAUE4RrcGOZM0_KpET_S5Zc1fRp4Am-wN-aXoxUUsFRt2Zv6INuMcXHU3_7FkunurJDJ9xyRxP01C2tznBgfLUQxGuc0eFNW32IuhuQujCCEdRj3GVOolUfmS0QiH7KT8tEpmtZ5N9y4XockN1_CW-yHXWYoY.orqpfe8RtzXGAD4vDJoN-SGoY_3qUyfciZqKg_Ptta8&dib_tag=se&m=ANBW5NGGTP7SK&marketplaceID=A39IBJ37TRP1C6&qid=1777190478&refinements=p_36%3A20500-21000&s=merchant-items&sr=1-53&xpid=WUmSudqhE22hN,Hammer Caster 315SA-NRB125 SA Series All Stainless Steel Swivel Nylon Wheel [Roller Bearing] 4.9 inches (125 mm) with Stopper
B0B57WJSKV,,,,
4904101669,Tankobon Softcover,207.29,https://www.amazon.com.au/Clean-A-Wound/dp/4904101669/ref=sr_1_54?dib=eyJ2IjoiMSJ9.DTV8c4bBg-UYfUNAUE4RrcGOZM0_KpET_S5Zc1fRp4Am-wN-aXoxUUsFRt2Zv6INuMcXHU3_7FkunurJDJ9xyRxP01C2tznBgfLUQxGuc0eFNW32IuhuQujCCEdRj3GVOolUfmS0QiH7KT8tEpmtZ5N9y4XockN1_CW-yHXWYoY.orqpfe8RtzXGAD4vDJoN-SGoY_3qUyfciZqKg_Ptta8&dib_tag=se&m=ANBW5NGGTP7SK&marketplaceID=A39IBJ37TRP1C6&qid=1777190478&refinements=p_36%3A20500-21000&s=merchant-items&sr=1-54&xpid=WUmSudqhE22hN#customerReviews,Clean A Wound
4904101669,,,,
4904101537,Tankobon Softcover,207.8,https://www.amazon.com.au/%E8%94%93%E8%8D%89%E3%81%AE%E5%BA%AD-%E3%83%9E%E3%83%BC%E3%83%96%E3%83%AB%E3%82%B3%E3%83%9F%E3%83%83%E3%82%AF%E3%82%B9/dp/4904101537/ref=sr_1_55?dib=eyJ2IjoiMSJ9.DTV8c4bBg-UYfUNAUE4RrcGOZM0_KpET_S5Zc1fRp4Am-wN-aXoxUUsFRt2Zv6INuMcXHU3_7FkunurJDJ9xyRxP01C2tznBgfLUQxGuc0eFNW32IuhuQujCCEdRj3GVOolUfmS0QiH7KT8tEpmtZ5N9y4XockN1_CW-yHXWYoY.orqpfe8RtzXGAD4vDJoN-SGoY_3qUyfciZqKg_Ptta8&dib_tag=se&m=ANBW5NGGTP7SK&marketplaceID=A39IBJ37TRP1C6&qid=1777190478&refinements=p_36%3A20500-21000&s=merchant-items&sr=1-55&xpid=WUmSudqhE22hN#customerReviews,蔓草の庭 (マーブルコミックス)
4904101537,,,,
B07V67PGWH,,206.03,https://www.amazon.com.au/Daiwa-KYOHGA-X-63B-3/dp/B07V67PGWH/ref=sr_1_56?dib=eyJ2IjoiMSJ9.DTV8c4bBg-UYfUNAUE4RrcGOZM0_KpET_S5Zc1fRp4Am-wN-aXoxUUsFRt2Zv6INuMcXHU3_7FkunurJDJ9xyRxP01C2tznBgfLUQxGuc0eFNW32IuhuQujCCEdRj3GVOolUfmS0QiH7KT8tEpmtZ5N9y4XockN1_CW-yHXWYoY.orqpfe8RtzXGAD4vDJoN-SGoY_3qUyfciZqKg_Ptta8&dib_tag=se&m=ANBW5NGGTP7SK&marketplaceID=A39IBJ37TRP1C6&qid=1777190478&refinements=p_36%3A20500-21000&s=merchant-items&sr=1-56&xpid=WUmSudqhE22hN#customerReviews,Daiwa KYOHGA-X 63B-3
B07V67PGWH,,,,
4903545342,JP Oversized,205.74,https://www.amazon.com.au/%E5%BC%BE%E9%81%93%E5%AD%A6-%E9%BB%92%E7%94%B0-%E5%85%89%E4%B8%80/dp/4903545342/ref=sr_1_57?dib=eyJ2IjoiMSJ9.DTV8c4bBg-UYfUNAUE4RrcGOZM0_KpET_S5Zc1fRp4Am-wN-aXoxUUsFRt2Zv6INuMcXHU3_7FkunurJDJ9xyRxP01C2tznBgfLUQxGuc0eFNW32IuhuQujCCEdRj3GVOolUfmS0QiH7KT8tEpmtZ5N9y4XockN1_CW-yHXWYoY.orqpfe8RtzXGAD4vDJoN-SGoY_3qUyfciZqKg_Ptta8&dib_tag=se&m=ANBW5NGGTP7SK&marketplaceID=A39IBJ37TRP1C6&qid=1777190478&refinements=p_36%3A20500-21000&s=merchant-items&sr=1-57&xpid=WUmSudqhE22hN,弾道学
4903545342,,,,
4901496433,Tankobon Hardcover,205.76,https://www.amazon.com.au/%E9%AB%98%E6%B8%A9%E7%95%8C%E9%9D%A2%E5%8C%96%E5%AD%A6%E3%80%88%E4%B8%8A%E3%80%89-%E8%8D%BB%E9%87%8E-%E5%92%8C%E5%B7%B1/dp/4901496433/ref=sr_1_58?dib=eyJ2IjoiMSJ9.DTV8c4bBg-UYfUNAUE4RrcGOZM0_KpET_S5Zc1fRp4Am-wN-aXoxUUsFRt2Zv6INuMcXHU3_7FkunurJDJ9xyRxP01C2tznBgfLUQxGuc0eFNW32IuhuQujCCEdRj3GVOolUfmS0QiH7KT8tEpmtZ5N9y4XockN1_CW-yHXWYoY.orqpfe8RtzXGAD4vDJoN-SGoY_3qUyfciZqKg_Ptta8&dib_tag=se&m=ANBW5NGGTP7SK&marketplaceID=A39IBJ37TRP1C6&qid=1777190478&refinements=p_36%3A20500-21000&s=merchant-items&sr=1-58&xpid=WUmSudqhE22hN#customerReviews,高温界面化学〈上〉
4901496433,,,,
B0CY297CKF,,205.31,https://www.amazon.com.au/ORX-005-Gigantic-RE-BOOT-Version-ADVANCE/dp/B0CY297CKF/ref=sr_1_59?dib=eyJ2IjoiMSJ9.DTV8c4bBg-UYfUNAUE4RrcGOZM0_KpET_S5Zc1fRp4Am-wN-aXoxUUsFRt2Zv6INuMcXHU3_7FkunurJDJ9xyRxP01C2tznBgfLUQxGuc0eFNW32IuhuQujCCEdRj3GVOolUfmS0QiH7KT8tEpmtZ5N9y4XockN1_CW-yHXWYoY.orqpfe8RtzXGAD4vDJoN-SGoY_3qUyfciZqKg_Ptta8&dib_tag=se&m=ANBW5NGGTP7SK&marketplaceID=A39IBJ37TRP1C6&qid=1777190478&refinements=p_36%3A20500-21000&s=merchant-items&sr=1-59&xpid=WUmSudqhE22hN#customerReviews,"1/144 HG ORX-005 GAPLAN TR-5 [FLYROU] Gigantic Arm Unit (A.O.Z RE-BOOT Version) ""Under the Flag of ADVANCE OF Z Titans"""
B0CY297CKF,,,,
4897145449,Tankobon Hardcover,205.16,https://www.amazon.com.au/%E5%A1%9A%E6%9C%AC%E9%82%A6%E9%9B%84%E5%85%A8%E9%9B%86%E3%80%88%E7%AC%AC11%E5%B7%BB%E3%80%89%E8%A9%95%E8%AB%96-4/dp/4897145449/ref=sr_1_65?dib=eyJ2IjoiMSJ9._5wkyyqFZ7Yqc_V9Bv7ej6ApwnnZPAM4nZXyot5K1z9pcEpVuaj7rrNqvscnQ7qm2WjuE6Ql4xO7pUSU4_ZeBg.yIam3iLxyDcsOtG4UfpiZ92vI18gPl4tY6o84WARFoY&dib_tag=se&m=ANBW5NGGTP7SK&marketplaceID=A39IBJ37TRP1C6&qid=1777190484&refinements=p_36%3A20500-21000&s=merchant-items&sr=1-65&xpid=WUmSudqhE22hN#customerReviews,塚本邦雄全集〈第11巻〉評論(4)
4897145449,,,,
4896421574,Tankobon Hardcover,207.02,https://www.amazon.com.au/%E3%83%9D%E3%83%BC%E3%83%A9%E3%83%B3%E3%83%89%E6%96%87%E5%AD%A6%E5%8F%B2/dp/4896421574/ref=sr_1_66?dib=eyJ2IjoiMSJ9._5wkyyqFZ7Yqc_V9Bv7ej6ApwnnZPAM4nZXyot5K1z9pcEpVuaj7rrNqvscnQ7qm2WjuE6Ql4xO7pUSU4_ZeBg.yIam3iLxyDcsOtG4UfpiZ92vI18gPl4tY6o84WARFoY&dib_tag=se&m=ANBW5NGGTP7SK&marketplaceID=A39IBJ37TRP1C6&qid=1777190484&refinements=p_36%3A20500-21000&s=merchant-items&sr=1-66&xpid=WUmSudqhE22hN#customerReviews,ポーランド文学史
4896421574,,,,
B07SQXY544,,205.0,https://www.amazon.com.au/ARIA-AH-10-SET-Harmonica-Aria/dp/B07SQXY544/ref=sr_1_67?dib=eyJ2IjoiMSJ9._5wkyyqFZ7Yqc_V9Bv7ej6ApwnnZPAM4nZXyot5K1z9pcEpVuaj7rrNqvscnQ7qm2WjuE6Ql4xO7pUSU4_ZeBg.yIam3iLxyDcsOtG4UfpiZ92vI18gPl4tY6o84WARFoY&dib_tag=se&m=ANBW5NGGTP7SK&marketplaceID=A39IBJ37TRP1C6&qid=1777190484&refinements=p_36%3A20500-21000&s=merchant-items&sr=1-67&xpid=WUmSudqhE22hN#customerReviews,ARIA AH-10 SET Harmonica Set Aria
B07SQXY544,,,,
489590797X,Tankobon Softcover,205.41,https://www.amazon.com.au/%E5%B0%8F%E5%85%90%E3%81%AE%E8%BF%91%E8%A6%96-%E2%94%80-%E8%A8%BA%E6%96%AD%E3%81%A8%E6%B2%BB%E7%99%82-%E7%AC%AC2%E7%89%88/dp/489590797X/ref=sr_1_68?dib=eyJ2IjoiMSJ9._5wkyyqFZ7Yqc_V9Bv7ej6ApwnnZPAM4nZXyot5K1z9pcEpVuaj7rrNqvscnQ7qm2WjuE6Ql4xO7pUSU4_ZeBg.yIam3iLxyDcsOtG4UfpiZ92vI18gPl4tY6o84WARFoY&dib_tag=se&m=ANBW5NGGTP7SK&marketplaceID=A39IBJ37TRP1C6&qid=1777190484&refinements=p_36%3A20500-21000&s=merchant-items&sr=1-68&xpid=WUmSudqhE22hN,小児の近視 ─ 診断と治療　第2版
489590797X,,,,
4895312453,Tankobon Hardcover,206.33,https://www.amazon.com.au/Comparative-Anatomy-of-Kent-Vertebrate/dp/4895312453/ref=sr_1_69?dib=eyJ2IjoiMSJ9._5wkyyqFZ7Yqc_V9Bv7ej6ApwnnZPAM4nZXyot5K1z9pcEpVuaj7rrNqvscnQ7qm2WjuE6Ql4xO7pUSU4_ZeBg.yIam3iLxyDcsOtG4UfpiZ92vI18gPl4tY6o84WARFoY&dib_tag=se&m=ANBW5NGGTP7SK&marketplaceID=A39IBJ37TRP1C6&qid=1777190484&refinements=p_36%3A20500-21000&s=merchant-items&sr=1-69&xpid=WUmSudqhE22hN#customerReviews,ケント 脊椎動物の比較解剖学
4895312453,,,,
B0BT1HMGFT,,205.93,https://www.amazon.com.au/Daiwa-HG-Shoulder-Bag-GR/dp/B0BT1HMGFT/ref=sr_1_65?dib=eyJ2IjoiMSJ9.-KfmwCs4W8UTeYD7YJuwPnwk2403gdDjKaJmV_ALgA4IFpxC6iFin7hjMPr7TayqEMKxx370TUmUVjTlcd9aXtZGbkIzXn8YXzo36u5Mu5OAfL9kuBfUtgNH-U9Ruwm2_Seey5NjlnrmOe6J5mehj-TjaeIkwN5_BUZ5aUzJ1SM.2CManWtGMa4T6z663g5fLForx1zczNOg8YQAPFpx5zM&dib_tag=se&m=ANBW5NGGTP7SK&marketplaceID=A39IBJ37TRP1C6&qid=1777190484&refinements=p_36%3A20500-21000&s=merchant-items&sr=1-65&xpid=WUmSudqhE22hN#customerReviews,"DAIWA HG Hip Bag, Shoulder Bag, Waist Pouch, Messenger Bag, Backpack (C) Various (2023 Model)"
B0BT1HMGFT,,,,
4894630370,Paperback,206.05,https://www.amazon.com.au/%E3%83%AF%E3%82%A4%E3%83%AB%E3%83%89%E3%81%A8%E3%83%9B%E3%83%BC%E3%83%A0%E3%82%BA%E3%81%A8%E3%82%B5%E3%83%AD%E3%83%A1%E3%81%AE%E3%83%AC%E3%83%B4%E3%83%A5%E3%83%BC%E4%B8%96%E7%95%8C/dp/4894630370/ref=sr_1_66?dib=eyJ2IjoiMSJ9.-KfmwCs4W8UTeYD7YJuwPnwk2403gdDjKaJmV_ALgA4IFpxC6iFin7hjMPr7TayqEMKxx370TUmUVjTlcd9aXtZGbkIzXn8YXzo36u5Mu5OAfL9kuBfUtgNH-U9Ruwm2_Seey5NjlnrmOe6J5mehj-TjaeIkwN5_BUZ5aUzJ1SM.2CManWtGMa4T6z663g5fLForx1zczNOg8YQAPFpx5zM&dib_tag=se&m=ANBW5NGGTP7SK&marketplaceID=A39IBJ37TRP1C6&qid=1777190484&refinements=p_36%3A20500-21000&s=merchant-items&sr=1-66&xpid=WUmSudqhE22hN,ワイルドとホームズとサロメのレヴュー世界
4894630370,,,,
4894565005,Paperback Bunko,207.47,https://www.amazon.com.au/%E4%BA%BA%E5%96%B0%E3%81%84%E3%81%AE%E6%99%82%E4%BB%A3-%E3%83%8F%E3%83%AB%E3%82%AD%E6%96%87%E5%BA%AB-%E5%B1%B1%E7%94%B0-%E6%AD%A3%E7%B4%80/dp/4894565005/ref=sr_1_67?dib=eyJ2IjoiMSJ9.-KfmwCs4W8UTeYD7YJuwPnwk2403gdDjKaJmV_ALgA4IFpxC6iFin7hjMPr7TayqEMKxx370TUmUVjTlcd9aXtZGbkIzXn8YXzo36u5Mu5OAfL9kuBfUtgNH-U9Ruwm2_Seey5NjlnrmOe6J5mehj-TjaeIkwN5_BUZ5aUzJ1SM.2CManWtGMa4T6z663g5fLForx1zczNOg8YQAPFpx5zM&dib_tag=se&m=ANBW5NGGTP7SK&marketplaceID=A39IBJ37TRP1C6&qid=1777190484&refinements=p_36%3A20500-21000&s=merchant-items&sr=1-67&xpid=WUmSudqhE22hN#customerReviews,人喰いの時代 (ハルキ文庫)
4894565005,,,,
B0CM23TD1Y,,208.13,https://www.amazon.com.au/BANDAI-ARMRE-Gundam-Thunderbolt-Session/dp/B0CM23TD1Y/ref=sr_1_68?dib=eyJ2IjoiMSJ9.-KfmwCs4W8UTeYD7YJuwPnwk2403gdDjKaJmV_ALgA4IFpxC6iFin7hjMPr7TayqEMKxx370TUmUVjTlcd9aXtZGbkIzXn8YXzo36u5Mu5OAfL9kuBfUtgNH-U9Ruwm2_Seey5NjlnrmOe6J5mehj-TjaeIkwN5_BUZ5aUzJ1SM.2CManWtGMa4T6z663g5fLForx1zczNOg8YQAPFpx5zM&dib_tag=se&m=ANBW5NGGTP7SK&marketplaceID=A39IBJ37TRP1C6&qid=1777190484&refinements=p_36%3A20500-21000&s=merchant-items&sr=1-68&xpid=WUmSudqhE22hN,BANDAI MG 1/100 Full ARMRE Gundam [Gundam Thunderbolt] Last Session Ver. (Japan Import)
4894563533,Paperback Bunko,206.42,https://www.amazon.com.au/%E7%8F%BE%E4%BB%A3%E4%BF%B3%E5%8F%A5%E6%AD%B3%E6%99%82%E8%A8%98-%E5%86%AC-%E3%83%8F%E3%83%AB%E3%82%AD%E6%96%87%E5%BA%AB-%E3%81%8B-1-4/dp/4894563533/ref=sr_1_69?dib=eyJ2IjoiMSJ9.-KfmwCs4W8UTeYD7YJuwPnwk2403gdDjKaJmV_ALgA4IFpxC6iFin7hjMPr7TayqEMKxx370TUmUVjTlcd9aXtZGbkIzXn8YXzo36u5Mu5OAfL9kuBfUtgNH-U9Ruwm2_Seey5NjlnrmOe6J5mehj-TjaeIkwN5_BUZ5aUzJ1SM.2CManWtGMa4T6z663g5fLForx1zczNOg8YQAPFpx5zM&dib_tag=se&m=ANBW5NGGTP7SK&marketplaceID=A39IBJ37TRP1C6&qid=1777190484&refinements=p_36%3A20500-21000&s=merchant-items&sr=1-69&xpid=WUmSudqhE22hN#customerReviews,現代俳句歳時記 冬 (ハルキ文庫 か 1-4)
4894563533,,,,
4894347105,Tankobon Hardcover,205.0,https://www.amazon.com.au/%E5%9B%BD%E9%9A%9B-%E6%97%A5%E6%9C%AC-%E7%BE%8E%E8%A1%93%E5%B8%82%E5%A0%B4%E7%B7%8F%E8%A6%B3_%E3%83%90%E3%83%96%E3%83%AB%E3%81%8B%E3%82%89%E3%83%87%E3%83%95%E3%83%AC%E3%81%B81990-2009/dp/4894347105/ref=sr_1_70?dib=eyJ2IjoiMSJ9.-KfmwCs4W8UTeYD7YJuwPnwk2403gdDjKaJmV_ALgA4IFpxC6iFin7hjMPr7TayqEMKxx370TUmUVjTlcd9aXtZGbkIzXn8YXzo36u5Mu5OAfL9kuBfUtgNH-U9Ruwm2_Seey5NjlnrmOe6J5mehj-TjaeIkwN5_BUZ5aUzJ1SM.2CManWtGMa4T6z663g5fLForx1zczNOg8YQAPFpx5zM&dib_tag=se&m=ANBW5NGGTP7SK&marketplaceID=A39IBJ37TRP1C6&qid=1777190484&refinements=p_36%3A20500-21000&s=merchant-items&sr=1-70&xpid=WUmSudqhE22hN,国際/日本 美術市場総観―バブルからデフレへ1990‐2009
4894347105,,,,
B07RXLXKLZ,,207.97,https://www.amazon.com.au/Kyoritsu-KEW-Mate-2012-RA/dp/B07RXLXKLZ/ref=sr_1_71?dib=eyJ2IjoiMSJ9.-KfmwCs4W8UTeYD7YJuwPnwk2403gdDjKaJmV_ALgA4IFpxC6iFin7hjMPr7TayqEMKxx370TUmUVjTlcd9aXtZGbkIzXn8YXzo36u5Mu5OAfL9kuBfUtgNH-U9Ruwm2_Seey5NjlnrmOe6J5mehj-TjaeIkwN5_BUZ5aUzJ1SM.2CManWtGMa4T6z663g5fLForx1zczNOg8YQAPFpx5zM&dib_tag=se&m=ANBW5NGGTP7SK&marketplaceID=A39IBJ37TRP1C6&qid=1777190484&refinements=p_36%3A20500-21000&s=merchant-items&sr=1-71&xpid=WUmSudqhE22hN#customerReviews,"Kyoritsu KEW Mate 2012 RA Handheld Multimeter, Current Clamp Digital CAT II 600 V, CAT III 300 V"
B07RXLXKLZ,,,,
4893937103,Comic,205.95,https://www.amazon.com.au/Baby-comics-EXTRA-%E7%A7%8B%E5%B1%B1%E3%81%8F%E3%82%93-BACKS/dp/4893937103/ref=sr_1_72?dib=eyJ2IjoiMSJ9.-KfmwCs4W8UTeYD7YJuwPnwk2403gdDjKaJmV_ALgA4IFpxC6iFin7hjMPr7TayqEMKxx370TUmUVjTlcd9aXtZGbkIzXn8YXzo36u5Mu5OAfL9kuBfUtgNH-U9Ruwm2_Seey5NjlnrmOe6J5mehj-TjaeIkwN5_BUZ5aUzJ1SM.2CManWtGMa4T6z663g5fLForx1zczNOg8YQAPFpx5zM&dib_tag=se&m=ANBW5NGGTP7SK&marketplaceID=A39IBJ37TRP1C6&qid=1777190484&refinements=p_36%3A20500-21000&s=merchant-items&sr=1-72&xpid=WUmSudqhE22hN#customerReviews,Baby comics EXTRA 秋山くん (POE BACKS)
4893937103,,,,
4892698598,JP Oversized,206.17,https://www.amazon.com.au/DMAT%E6%A8%99%E6%BA%96%E3%83%86%E3%82%AD%E3%82%B9%E3%83%88-%E6%97%A5%E6%9C%AC%E9%9B%86%E5%9B%A3%E7%81%BD%E5%AE%B3%E5%8C%BB%E5%AD%A6%E4%BC%9A/dp/4892698598/ref=sr_1_73?dib=eyJ2IjoiMSJ9.-KfmwCs4W8UTeYD7YJuwPnwk2403gdDjKaJmV_ALgA4IFpxC6iFin7hjMPr7TayqEMKxx370TUmUVjTlcd9aXtZGbkIzXn8YXzo36u5Mu5OAfL9kuBfUtgNH-U9Ruwm2_Seey5NjlnrmOe6J5mehj-TjaeIkwN5_BUZ5aUzJ1SM.2CManWtGMa4T6z663g5fLForx1zczNOg8YQAPFpx5zM&dib_tag=se&m=ANBW5NGGTP7SK&marketplaceID=A39IBJ37TRP1C6&qid=1777190484&refinements=p_36%3A20500-21000&s=merchant-items&sr=1-73&xpid=WUmSudqhE22hN#customerReviews,DMAT標準テキスト
4892698598,,,,
B0BTDVBQ4T,,207.3,https://www.amazon.com.au/Megahouse-Phoenix-Repeat-Portrait-Pirates/dp/B0BTDVBQ4T/ref=sr_1_74?dib=eyJ2IjoiMSJ9.-KfmwCs4W8UTeYD7YJuwPnwk2403gdDjKaJmV_ALgA4IFpxC6iFin7hjMPr7TayqEMKxx370TUmUVjTlcd9aXtZGbkIzXn8YXzo36u5Mu5OAfL9kuBfUtgNH-U9Ruwm2_Seey5NjlnrmOe6J5mehj-TjaeIkwN5_BUZ5aUzJ1SM.2CManWtGMa4T6z663g5fLForx1zczNOg8YQAPFpx5zM&dib_tag=se&m=ANBW5NGGTP7SK&marketplaceID=A39IBJ37TRP1C6&qid=1777190484&refinements=p_36%3A20500-21000&s=merchant-items&sr=1-74&xpid=WUmSudqhE22hN#customerReviews,Megahouse ONE Piece - Marco Le Phénix - Statuette P.O.P. 25cm
4890134476,Tankobon Hardcover,207.69,https://www.amazon.com.au/%E3%82%AB%E3%83%A9%E3%83%BC%E7%89%88-%E6%95%91%E6%80%A5%E3%83%BB%E9%9B%86%E4%B8%AD%E6%B2%BB%E7%99%82%E3%83%93%E3%82%B8%E3%83%A5%E3%82%A2%E3%83%AB%E8%A8%BA%E6%96%AD/dp/4890134476/ref=sr_1_75?dib=eyJ2IjoiMSJ9.-KfmwCs4W8UTeYD7YJuwPnwk2403gdDjKaJmV_ALgA4IFpxC6iFin7hjMPr7TayqEMKxx370TUmUVjTlcd9aXtZGbkIzXn8YXzo36u5Mu5OAfL9kuBfUtgNH-U9Ruwm2_Seey5NjlnrmOe6J5mehj-TjaeIkwN5_BUZ5aUzJ1SM.2CManWtGMa4T6z663g5fLForx1zczNOg8YQAPFpx5zM&dib_tag=se&m=ANBW5NGGTP7SK&marketplaceID=A39IBJ37TRP1C6&qid=1777190484&refinements=p_36%3A20500-21000&s=merchant-items&sr=1-75&xpid=WUmSudqhE22hN#customerReviews,カラー版 救急・集中治療ビジュアル診断
4890134476,,,,
488773204X,JP Oversized,205.41,https://www.amazon.com.au/%E9%9C%A7%E5%B9%BB%E3%81%AE%E6%B0%B4%E6%A3%AE-%E5%B0%8F%E9%96%A2-%E4%B8%80%E6%88%90/dp/488773204X/ref=sr_1_81?dib=eyJ2IjoiMSJ9.bJO_exEs-OGj3icBBcrrfqon1ajkqfMOc6LDK7M5F6WgrjpyE-pltBtiJdY5asElrfCRNhS6yDwGCSiu809IIg.8mVsENOiobr_SyNF-Lq3FbtrdCxZPRc7tx6jcZTCbDY&dib_tag=se&m=ANBW5NGGTP7SK&marketplaceID=A39IBJ37TRP1C6&qid=1777190489&refinements=p_36%3A20500-21000&s=merchant-items&sr=1-81&xpid=WUmSudqhE22hN#customerReviews,霧幻の水森
488773204X,,,,
B073NBSVSR,,211.16,https://www.amazon.com.au/Stax-dedicated-extension-cable-SRE-725H/dp/B073NBSVSR/ref=sr_1_82?dib=eyJ2IjoiMSJ9.bJO_exEs-OGj3icBBcrrfqon1ajkqfMOc6LDK7M5F6WgrjpyE-pltBtiJdY5asElrfCRNhS6yDwGCSiu809IIg.8mVsENOiobr_SyNF-Lq3FbtrdCxZPRc7tx6jcZTCbDY&dib_tag=se&m=ANBW5NGGTP7SK&marketplaceID=A39IBJ37TRP1C6&qid=1777190489&refinements=p_36%3A20500-21000&s=merchant-items&sr=1-82&xpid=WUmSudqhE22hN,Stax Stax dedicated extension cable (2.5m) STAX SRE-725H
B073NBSVSR,,,,
4887134541,Tankobon Hardcover,205.61,https://www.amazon.com.au/%E4%BA%BA%E6%A8%A9%E3%81%B8%E3%81%AE%E6%95%99%E8%82%B2%E3%81%A8%E5%95%93%E7%99%BA_%E5%9B%9A%E3%82%8F%E3%82%8C%E3%82%84%E3%81%93%E3%81%A0%E3%82%8F%E3%82%8A%E3%81%AE%E5%85%8B%E6%9C%8D/dp/4887134541/ref=sr_1_83?dib=eyJ2IjoiMSJ9.bJO_exEs-OGj3icBBcrrfqon1ajkqfMOc6LDK7M5F6WgrjpyE-pltBtiJdY5asElrfCRNhS6yDwGCSiu809IIg.8mVsENOiobr_SyNF-Lq3FbtrdCxZPRc7tx6jcZTCbDY&dib_tag=se&m=ANBW5NGGTP7SK&marketplaceID=A39IBJ37TRP1C6&qid=1777190489&refinements=p_36%3A20500-21000&s=merchant-items&sr=1-83&xpid=WUmSudqhE22hN,人権への教育と啓発―囚われやこだわりの克服
4887134541,,,,
4886217680,Tankobon Hardcover,208.48,https://www.amazon.com.au/%E5%8F%A4%E4%BB%A3%E5%9B%BD%E5%AE%B6%E6%88%90%E7%AB%8B%E3%81%A8%E5%9B%BD%E9%9A%9B%E7%9A%84%E5%A5%91%E6%A9%9F-%E5%90%8C%E6%88%90%E7%A4%BE%E5%8F%A4%E4%BB%A3%E5%8F%B2%E9%81%B8%E6%9B%B8-%E4%B8%AD%E9%87%8E-%E9%AB%98%E8%A1%8C/dp/4886217680/ref=sr_1_84?dib=eyJ2IjoiMSJ9.bJO_exEs-OGj3icBBcrrfqon1ajkqfMOc6LDK7M5F6WgrjpyE-pltBtiJdY5asElrfCRNhS6yDwGCSiu809IIg.8mVsENOiobr_SyNF-Lq3FbtrdCxZPRc7tx6jcZTCbDY&dib_tag=se&m=ANBW5NGGTP7SK&marketplaceID=A39IBJ37TRP1C6&qid=1777190489&refinements=p_36%3A20500-21000&s=merchant-items&sr=1-84&xpid=WUmSudqhE22hN,古代国家成立と国際的契機 (同成社古代史選書)
4886217680,,,,
B07C2KJLK1,,215.27,https://www.amazon.com.au/Daiwa-Slpw-EX-LT3000-SPL/dp/B07C2KJLK1/ref=sr_1_85?dib=eyJ2IjoiMSJ9.bJO_exEs-OGj3icBBcrrfqon1ajkqfMOc6LDK7M5F6WgrjpyE-pltBtiJdY5asElrfCRNhS6yDwGCSiu809IIg.8mVsENOiobr_SyNF-Lq3FbtrdCxZPRc7tx6jcZTCbDY&dib_tag=se&m=ANBW5NGGTP7SK&marketplaceID=A39IBJ37TRP1C6&qid=1777190489&refinements=p_36%3A20500-21000&s=merchant-items&sr=1-85&xpid=WUmSudqhE22hN#customerReviews,Daiwa SLP Works Spool SLPW EX LT Spool for Spinning Reel
B07C2KJLK1,,,,
4886214150,Tankobon Hardcover,207.64,https://www.amazon.com.au/Japan-ancient-office-dictionary-ISBN/dp/4886214150/ref=sr_1_81?dib=eyJ2IjoiMSJ9.vQZntzShLE_ZNviwfLD4khECNLlNMqay8av6WuzCHcjof58O2N3y_c0D8oYGR5U5eRE73jO9zytSPBgZ46cVLB_etp7QmPldYJXCt5bTA5qKbB9tjigIkKJYV8pGPkCu_A_xs5uPKePlE1M623PQYuEO3UTSv9NXIkRtRAXeaZA.vdbKm7vRGFy5Jw8NnKCAJGUALQu4THpk4unVs9_hjyU&dib_tag=se&m=ANBW5NGGTP7SK&marketplaceID=A39IBJ37TRP1C6&qid=1777190489&refinements=p_36%3A20500-21000&s=merchant-items&sr=1-81&xpid=WUmSudqhE22hN,Japan ancient office dictionary (2007) ISBN: 4886214150 [Japanese Import]
4886214150,,,,
488621259X,Tankobon Hardcover,205.68,https://www.amazon.com.au/%E3%82%A8%E3%82%B8%E3%83%97%E3%83%88%E6%96%87%E6%98%8E%E3%81%AE%E8%AA%95%E7%94%9F-%E4%B8%96%E7%95%8C%E3%81%AE%E8%80%83%E5%8F%A4%E5%AD%A6-%E9%AB%98%E5%AE%AE-%E3%81%84%E3%81%A5%E3%81%BF/dp/488621259X/ref=sr_1_82?dib=eyJ2IjoiMSJ9.vQZntzShLE_ZNviwfLD4khECNLlNMqay8av6WuzCHcjof58O2N3y_c0D8oYGR5U5eRE73jO9zytSPBgZ46cVLB_etp7QmPldYJXCt5bTA5qKbB9tjigIkKJYV8pGPkCu_A_xs5uPKePlE1M623PQYuEO3UTSv9NXIkRtRAXeaZA.vdbKm7vRGFy5Jw8NnKCAJGUALQu4THpk4unVs9_hjyU&dib_tag=se&m=ANBW5NGGTP7SK&marketplaceID=A39IBJ37TRP1C6&qid=1777190489&refinements=p_36%3A20500-21000&s=merchant-items&sr=1-82&xpid=WUmSudqhE22hN#customerReviews,エジプト文明の誕生 (世界の考古学)
488621259X,,,,
B08P5RG5VV,,208.35,https://www.amazon.com.au/Bandai-spirits-Unleashed-RX-78-2-Included/dp/B08P5RG5VV/ref=sr_1_83?dib=eyJ2IjoiMSJ9.vQZntzShLE_ZNviwfLD4khECNLlNMqay8av6WuzCHcjof58O2N3y_c0D8oYGR5U5eRE73jO9zytSPBgZ46cVLB_etp7QmPldYJXCt5bTA5qKbB9tjigIkKJYV8pGPkCu_A_xs5uPKePlE1M623PQYuEO3UTSv9NXIkRtRAXeaZA.vdbKm7vRGFy5Jw8NnKCAJGUALQu4THpk4unVs9_hjyU&dib_tag=se&m=ANBW5NGGTP7SK&marketplaceID=A39IBJ37TRP1C6&qid=1777190489&refinements=p_36%3A20500-21000&s=merchant-items&sr=1-83&xpid=WUmSudqhE22hN#customerReviews,"Bandai spirits 1/60 PG Unleashed Clear Color Body Parts Set for RX-78-2 Gundam, Not Included MS Body"
B08P5RG5VV,,,,
4886020909,Tankobon Hardcover,207.8,https://www.amazon.com.au/%E8%A5%BF%E5%9B%BD%E4%B8%89%E5%8D%81%E4%B8%89%E6%89%80%E8%A6%B3%E9%9F%B3%E5%B7%A1%E7%A4%BC_%E6%B3%95%E8%A9%B1%E3%81%A8%E6%9C%AD%E6%89%80%E6%A1%88%E5%86%85/dp/4886020909/ref=sr_1_84?dib=eyJ2IjoiMSJ9.vQZntzShLE_ZNviwfLD4khECNLlNMqay8av6WuzCHcjof58O2N3y_c0D8oYGR5U5eRE73jO9zytSPBgZ46cVLB_etp7QmPldYJXCt5bTA5qKbB9tjigIkKJYV8pGPkCu_A_xs5uPKePlE1M623PQYuEO3UTSv9NXIkRtRAXeaZA.vdbKm7vRGFy5Jw8NnKCAJGUALQu4THpk4unVs9_hjyU&dib_tag=se&m=ANBW5NGGTP7SK&marketplaceID=A39IBJ37TRP1C6&qid=1777190489&refinements=p_36%3A20500-21000&s=merchant-items&sr=1-84&xpid=WUmSudqhE22hN#customerReviews,西国三十三所観音巡礼―法話と札所案内
4886020909,,,,
4885105455,JP Oversized,205.32,https://www.amazon.com.au/%E3%83%91%E3%83%BC%E3%82%B7%E3%83%A3%E3%83%AB%E3%83%87%E3%83%B3%E3%83%81%E3%83%A3%E3%83%BC%E3%81%AELEVEL-UP%E3%83%88%E3%83%AC%E3%83%BC%E3%83%8B%E3%83%B3%E3%82%B0-%E3%83%87%E3%83%B3%E3%82%BF%E3%83%AB%E3%83%80%E3%82%A4%E3%83%A4%E3%83%A2%E3%83%B3%E3%83%89%E5%A2%97%E5%88%8A%E5%8F%B7-%E4%BA%80%E7%94%B0%E8%A1%8C%E9%9B%84/dp/4885105455/ref=sr_1_85?dib=eyJ2IjoiMSJ9.vQZntzShLE_ZNviwfLD4khECNLlNMqay8av6WuzCHcjof58O2N3y_c0D8oYGR5U5eRE73jO9zytSPBgZ46cVLB_etp7QmPldYJXCt5bTA5qKbB9tjigIkKJYV8pGPkCu_A_xs5uPKePlE1M623PQYuEO3UTSv9NXIkRtRAXeaZA.vdbKm7vRGFy5Jw8NnKCAJGUALQu4THpk4unVs9_hjyU&dib_tag=se&m=ANBW5NGGTP7SK&marketplaceID=A39IBJ37TRP1C6&qid=1777190489&refinements=p_36%3A20500-21000&s=merchant-items&sr=1-85&xpid=WUmSudqhE22hN#customerReviews,パーシャルデンチャーのLEVEL UPトレーニング (デンタルダイヤモンド増刊号)
4885105455,,,,
B08BCZV28L,,205.91,https://www.amazon.com.au/Collection-Evangelion-YC-002-Ayanami-Non-Scale/dp/B08BCZV28L/ref=sr_1_86?dib=eyJ2IjoiMSJ9.vQZntzShLE_ZNviwfLD4khECNLlNMqay8av6WuzCHcjof58O2N3y_c0D8oYGR5U5eRE73jO9zytSPBgZ46cVLB_etp7QmPldYJXCt5bTA5qKbB9tjigIkKJYV8pGPkCu_A_xs5uPKePlE1M623PQYuEO3UTSv9NXIkRtRAXeaZA.vdbKm7vRGFy5Jw8NnKCAJGUALQu4THpk4unVs9_hjyU&dib_tag=se&m=ANBW5NGGTP7SK&marketplaceID=A39IBJ37TRP1C6&qid=1777190489&refinements=p_36%3A20500-21000&s=merchant-items&sr=1-86&xpid=WUmSudqhE22hN,"Collection Doll Evangelion YC-002 Rei Ayanami Figure, Total Height Approx. 10.6 inches (270 mm), Non-Scale, ABS, Painted, Action Figure"
4885104793,JP Oversized,205.32,https://www.amazon.com.au/%E6%82%A3%E8%80%85%E3%81%95%E3%82%93%E3%81%AB%E3%82%82%E3%81%A3%E3%81%A8%E5%96%9C%E3%81%B0%E3%82%8C%E3%82%8B%E6%AD%AF%E3%83%96%E3%83%A9%E3%82%B7%E3%82%B3%E3%83%BC%E3%83%87%E3%82%A3%E3%83%8D%E3%83%BC%E3%83%88%E8%A1%93-%E9%95%B7%E8%B0%B7-%E3%81%BE%E3%81%99%E3%81%BF/dp/4885104793/ref=sr_1_87?dib=eyJ2IjoiMSJ9.vQZntzShLE_ZNviwfLD4khECNLlNMqay8av6WuzCHcjof58O2N3y_c0D8oYGR5U5eRE73jO9zytSPBgZ46cVLB_etp7QmPldYJXCt5bTA5qKbB9tjigIkKJYV8pGPkCu_A_xs5uPKePlE1M623PQYuEO3UTSv9NXIkRtRAXeaZA.vdbKm7vRGFy5Jw8NnKCAJGUALQu4THpk4unVs9_hjyU&dib_tag=se&m=ANBW5NGGTP7SK&marketplaceID=A39IBJ37TRP1C6&qid=1777190489&refinements=p_36%3A20500-21000&s=merchant-items&sr=1-87&xpid=WUmSudqhE22hN,患者さんにもっと喜ばれる歯ブラシコーディネート術
4885104793,,,,
4885104769,JP Oversized,205.32,https://www.amazon.com.au/%E3%81%AF%E3%81%98%E3%82%81%E3%81%A6%E3%81%AEIOS_%E5%8F%A3%E8%85%94%E5%86%85%E3%82%B9%E3%82%AD%E3%83%A3%E3%83%8A%E3%83%BC%E3%81%AE%E9%81%B8%E3%81%B3%E6%96%B9%E3%83%BB%E4%BD%BF%E3%81%84%E6%96%B9%E3%82%AC%E3%82%A4%E3%83%89-DENTAL-DIAMOND%E5%A2%97%E5%88%8A%E5%8F%B7-45-%E6%97%A5%E6%9C%AC%E8%87%A8%E5%BA%8A%E6%AD%AF%E7%A7%91CADCAM%E5%AD%A6%E4%BC%9A/dp/4885104769/ref=sr_1_88?dib=eyJ2IjoiMSJ9.vQZntzShLE_ZNviwfLD4khECNLlNMqay8av6WuzCHcjof58O2N3y_c0D8oYGR5U5eRE73jO9zytSPBgZ46cVLB_etp7QmPldYJXCt5bTA5qKbB9tjigIkKJYV8pGPkCu_A_xs5uPKePlE1M623PQYuEO3UTSv9NXIkRtRAXeaZA.vdbKm7vRGFy5Jw8NnKCAJGUALQu4THpk4unVs9_hjyU&dib_tag=se&m=ANBW5NGGTP7SK&marketplaceID=A39IBJ37TRP1C6&qid=1777190489&refinements=p_36%3A20500-21000&s=merchant-items&sr=1-88&xpid=WUmSudqhE22hN#customerReviews,はじめてのIOS―口腔内スキャナーの選び方・使い方ガイド (DENTAL DIAMOND増刊号): 45
4885104769,,,,
B014USIFM2,,209.93,https://www.amazon.com.au/TheraSport-20-30mmHg-Moderate-Compression-Performance/dp/B014USIFM2/ref=sr_1_89?dib=eyJ2IjoiMSJ9.vQZntzShLE_ZNviwfLD4khECNLlNMqay8av6WuzCHcjof58O2N3y_c0D8oYGR5U5eRE73jO9zytSPBgZ46cVLB_etp7QmPldYJXCt5bTA5qKbB9tjigIkKJYV8pGPkCu_A_xs5uPKePlE1M623PQYuEO3UTSv9NXIkRtRAXeaZA.vdbKm7vRGFy5Jw8NnKCAJGUALQu4THpk4unVs9_hjyU&dib_tag=se&m=ANBW5NGGTP7SK&marketplaceID=A39IBJ37TRP1C6&qid=1777190489&refinements=p_36%3A20500-21000&s=merchant-items&sr=1-89&xpid=WUmSudqhE22hN#customerReviews,"TheraSport 20-30mmHg Moderate Compression Athletic Performance Socks (Red, XL)"
B014USIFM2,,,,
4885104009,JP Oversized,205.32,https://www.amazon.com.au/%E3%81%84%E3%81%BE%E3%81%93%E3%81%9D%E5%AD%A6%E3%81%BC%E3%81%86CBCT_%E8%AA%AD%E5%83%8F%E3%83%BB%E8%A8%BA%E6%96%AD%E3%81%AE%E3%83%9E%E3%82%B9%E3%82%BF%E3%83%BC%E3%82%AC%E3%82%A4%E3%83%89-DENTAL-DIAMOND%E5%A2%97%E5%88%8A%E5%8F%B7/dp/4885104009/ref=sr_1_90?dib=eyJ2IjoiMSJ9.vQZntzShLE_ZNviwfLD4khECNLlNMqay8av6WuzCHcjof58O2N3y_c0D8oYGR5U5eRE73jO9zytSPBgZ46cVLB_etp7QmPldYJXCt5bTA5qKbB9tjigIkKJYV8pGPkCu_A_xs5uPKePlE1M623PQYuEO3UTSv9NXIkRtRAXeaZA.vdbKm7vRGFy5Jw8NnKCAJGUALQu4THpk4unVs9_hjyU&dib_tag=se&m=ANBW5NGGTP7SK&marketplaceID=A39IBJ37TRP1C6&qid=1777190489&refinements=p_36%3A20500-21000&s=merchant-items&sr=1-90&xpid=WUmSudqhE22hN,いまこそ学ぼうCBCT―読像・診断のマスターガイド (DENTAL DIAMOND増刊号)
4885104009,,,,
4885103878,JP Oversized,205.32,https://www.amazon.com.au/%E3%82%84%E3%81%A3%E3%81%A6%E3%82%8B-%E6%AD%AF%E3%81%AE%E7%A7%BB%E6%A4%8D%E3%83%BB%E5%86%8D%E6%A4%8D_%E6%88%90%E5%8A%9F%E3%81%B8%E3%81%AE%E9%81%93-DENTAL-DIAMOND%E5%A2%97%E5%88%8A%E5%8F%B7/dp/4885103878/ref=sr_1_91?dib=eyJ2IjoiMSJ9.vQZntzShLE_ZNviwfLD4khECNLlNMqay8av6WuzCHcjof58O2N3y_c0D8oYGR5U5eRE73jO9zytSPBgZ46cVLB_etp7QmPldYJXCt5bTA5qKbB9tjigIkKJYV8pGPkCu_A_xs5uPKePlE1M623PQYuEO3UTSv9NXIkRtRAXeaZA.vdbKm7vRGFy5Jw8NnKCAJGUALQu4THpk4unVs9_hjyU&dib_tag=se&m=ANBW5NGGTP7SK&marketplaceID=A39IBJ37TRP1C6&qid=1777190489&refinements=p_36%3A20500-21000&s=merchant-items&sr=1-91&xpid=WUmSudqhE22hN#customerReviews,やってる?歯の移植・再植―成功への道 (DENTAL DIAMOND増刊号)
4885103878,,,,
B0B3HLRJJW,,205.67,https://www.amazon.com.au/Yamazaki-Folding-Laundry-Hamper-Approx/dp/B0B3HLRJJW/ref=sr_1_97?dib=eyJ2IjoiMSJ9.cmMZZeAUVws5EuTqsQYaEoBhAM6h98xHKXkFoFY8gw28o_cquJOecWw0J45RX_gf9R3uRhfL8l111hZemyYY-w.J6H7mbDcRLuMTHqIZ8zz0qA8sp3BiIwQcDZszSpuaDI&dib_tag=se&m=ANBW5NGGTP7SK&marketplaceID=A39IBJ37TRP1C6&qid=1777190495&refinements=p_36%3A20500-21000&s=merchant-items&sr=1-97&xpid=WUmSudqhE22hN#customerReviews,"Yamazaki 5662 Folding Laundry Hamper, Stilt, Black, Approx. 18.1 x 14.0 x 27.6 inches (46 x 35.5 x 70 cm) (when in use), Tower Laundry Bag, Folding Laundry Hamper"
B0B3HLRJJW,,,,
4883818764,Paperback Bunko,207.47,https://www.amazon.com.au/%E3%82%AB%E3%83%A9%E3%83%80%E6%8E%A2%E3%81%97_%E7%AC%AC%E4%B8%89%E5%A4%9C%E3%80%88%E4%B8%8A%E3%80%89-%E3%82%B1%E3%83%BC%E3%82%BF%E3%82%A4%E5%B0%8F%E8%AA%AC%E6%96%87%E5%BA%AB_%E9%87%8E%E3%81%84%E3%81%A1%E3%81%94/dp/4883818764/ref=sr_1_98?dib=eyJ2IjoiMSJ9.cmMZZeAUVws5EuTqsQYaEoBhAM6h98xHKXkFoFY8gw28o_cquJOecWw0J45RX_gf9R3uRhfL8l111hZemyYY-w.J6H7mbDcRLuMTHqIZ8zz0qA8sp3BiIwQcDZszSpuaDI&dib_tag=se&m=ANBW5NGGTP7SK&marketplaceID=A39IBJ37TRP1C6&qid=1777190495&refinements=p_36%3A20500-21000&s=merchant-items&sr=1-98&xpid=WUmSudqhE22hN#customerReviews,カラダ探し―第三夜〈上〉 (ケータイ小説文庫―野いちご)
4883818764,,,,
4883818195,Paperback Bunko,205.14,https://www.amazon.com.au/%E7%94%B7%E5%AD%90%E6%A0%A1%E3%81%AF%E7%94%98%E3%81%84%E3%83%AF%E3%83%8A%E3%81%A0%E3%82%89%E3%81%91-_%E4%BF%BA%E6%A7%98%E3%81%AA%E3%82%A2%E3%82%A4%E3%83%84%E3%81%A8%E3%82%AD%E3%82%B1%E3%83%B3%E3%81%AA%E6%81%8B-%E3%82%B1%E3%83%BC%E3%82%BF%E3%82%A4%E5%B0%8F%E8%AA%AC%E6%96%87%E5%BA%AB_%E9%87%8E%E3%81%84%E3%81%A1%E3%81%94/dp/4883818195/ref=sr_1_99?dib=eyJ2IjoiMSJ9.cmMZZeAUVws5EuTqsQYaEoBhAM6h98xHKXkFoFY8gw28o_cquJOecWw0J45RX_gf9R3uRhfL8l111hZemyYY-w.J6H7mbDcRLuMTHqIZ8zz0qA8sp3BiIwQcDZszSpuaDI&dib_tag=se&m=ANBW5NGGTP7SK&marketplaceID=A39IBJ37TRP1C6&qid=1777190495&refinements=p_36%3A20500-21000&s=merchant-items&sr=1-99&xpid=WUmSudqhE22hN,男子校は甘いワナだらけ!?―俺様なアイツとキケンな恋 (ケータイ小説文庫―野いちご)
4883818195,,,,
B0002YM6NS,,207.04,https://www.amazon.com.au/Chogokin-Evangelion-Production-Action-Figure/dp/B0002YM6NS/ref=sr_1_100?dib=eyJ2IjoiMSJ9.cmMZZeAUVws5EuTqsQYaEoBhAM6h98xHKXkFoFY8gw28o_cquJOecWw0J45RX_gf9R3uRhfL8l111hZemyYY-w.J6H7mbDcRLuMTHqIZ8zz0qA8sp3BiIwQcDZszSpuaDI&dib_tag=se&m=ANBW5NGGTP7SK&marketplaceID=A39IBJ37TRP1C6&qid=1777190495&refinements=p_36%3A20500-21000&s=merchant-items&sr=1-100&xpid=WUmSudqhE22hN#customerReviews,Soul of Chogokin Evangelion 03 Production Model Action Figure
4883673529,Tankobon Hardcover,208.54,https://www.amazon.com.au/%E8%BF%91%E4%BB%A3%E6%97%A5%E6%9C%AC%E3%81%AE%E7%B5%B1%E6%B2%BB%E6%A9%9F%E6%A7%8B%E3%81%A8%E3%82%A2%E3%83%BC%E3%82%AB%E3%82%A4%E3%83%96%E3%82%BA-%E6%96%87%E6%9B%B8%E7%AE%A1%E7%90%86%E3%81%AE%E5%A4%89%E9%81%B7%E3%82%92%E8%B8%8F%E3%81%BE%E3%81%88%E3%81%A6-%E6%B8%A1%E9%82%89-%E4%BD%B3%E5%AD%90/dp/4883673529/ref=sr_1_101?dib=eyJ2IjoiMSJ9.cmMZZeAUVws5EuTqsQYaEoBhAM6h98xHKXkFoFY8gw28o_cquJOecWw0J45RX_gf9R3uRhfL8l111hZemyYY-w.J6H7mbDcRLuMTHqIZ8zz0qA8sp3BiIwQcDZszSpuaDI&dib_tag=se&m=ANBW5NGGTP7SK&marketplaceID=A39IBJ37TRP1C6&qid=1777190495&refinements=p_36%3A20500-21000&s=merchant-items&sr=1-101&xpid=WUmSudqhE22hN#customerReviews,近代日本の統治機構とアーカイブズ:文書管理の変遷を踏まえて
4883673529,,,,
488364667X,Sheet music,207.5,https://www.amazon.com.au/classic-convey-CHOPIN-magazine-PRESENTS/dp/488364667X/ref=sr_1_97?dib=eyJ2IjoiMSJ9.USDC0Uj84p9sujPjntcz36HPDK-UrpsGAk4CpSREp5Hs4MyKqqjHmk11zsxw5w_oCuJjPCdWhvWBsaaCglHdmN5CFwyB1ALI1Hp8oFHhg2UrpSGJzZ1ksVn8QqpSjwd7qYMPOW6Oc9erdNz6a5wTYhHGO-YpW-qbXKqQ4QtSrjY.km_7KI3UzFlukCQTmSrkgiQwwr1PFVWUxFP5-mEKY-M&dib_tag=se&m=ANBW5NGGTP7SK&marketplaceID=A39IBJ37TRP1C6&qid=1777190495&refinements=p_36%3A20500-21000&s=merchant-items&sr=1-97&xpid=WUmSudqhE22hN,Love classic convey love the sound of piano solo piano (CHOPIN magazine PRESENTS piano solo) (2010) ISBN: 488364667X [Japanese Import]
488364667X,,,,
B0C3LTSPGL,,209.59,https://www.amazon.com.au/Robot-Spirits-ZGMF-X10A-Freedom-Ver-GCP/dp/B0C3LTSPGL/ref=sr_1_98?dib=eyJ2IjoiMSJ9.USDC0Uj84p9sujPjntcz36HPDK-UrpsGAk4CpSREp5Hs4MyKqqjHmk11zsxw5w_oCuJjPCdWhvWBsaaCglHdmN5CFwyB1ALI1Hp8oFHhg2UrpSGJzZ1ksVn8QqpSjwd7qYMPOW6Oc9erdNz6a5wTYhHGO-YpW-qbXKqQ4QtSrjY.km_7KI3UzFlukCQTmSrkgiQwwr1PFVWUxFP5-mEKY-M&dib_tag=se&m=ANBW5NGGTP7SK&marketplaceID=A39IBJ37TRP1C6&qid=1777190495&refinements=p_36%3A20500-21000&s=merchant-items&sr=1-98&xpid=WUmSudqhE22hN#customerReviews,Robot Spirits ZGMF-X10A Freedom Ver.GCP
B0C3LTSPGL,,,,
4883643182,Sheet music,206.99,https://www.amazon.com.au/Fantasy-Chopin-Michal-Sobukovu-iaku/dp/4883643182/ref=sr_1_99?dib=eyJ2IjoiMSJ9.USDC0Uj84p9sujPjntcz36HPDK-UrpsGAk4CpSREp5Hs4MyKqqjHmk11zsxw5w_oCuJjPCdWhvWBsaaCglHdmN5CFwyB1ALI1Hp8oFHhg2UrpSGJzZ1ksVn8QqpSjwd7qYMPOW6Oc9erdNz6a5wTYhHGO-YpW-qbXKqQ4QtSrjY.km_7KI3UzFlukCQTmSrkgiQwwr1PFVWUxFP5-mEKY-M&dib_tag=se&m=ANBW5NGGTP7SK&marketplaceID=A39IBJ37TRP1C6&qid=1777190495&refinements=p_36%3A20500-21000&s=merchant-items&sr=1-99&xpid=WUmSudqhE22hN,Fantasy on CD with Chopin Michal Sobukovu ~ iaku (2012) ISBN: 4883643182 [Japanese Import]
4883643182,,,,
488364281X,Tankobon Softcover,209.23,https://www.amazon.com.au/%E3%83%9E%E3%83%AB%E3%83%88%E3%83%BC-%E5%A4%A7%E4%BD%9C%E6%9B%B2%E5%AE%B6%E3%81%9F%E3%81%A1%E3%82%92%E8%99%9C%E3%81%AB%E3%81%97%E3%81%9F%E4%B8%96%E7%B4%80%E3%81%AE%E5%A4%A7%E3%83%B4%E3%82%A1%E3%82%A4%E3%82%AA%E3%83%AA%E3%83%8B%E3%82%B9%E3%83%88-%E6%88%B8%E5%BC%B5-%E9%80%9A%E5%AD%90/dp/488364281X/ref=sr_1_100?dib=eyJ2IjoiMSJ9.USDC0Uj84p9sujPjntcz36HPDK-UrpsGAk4CpSREp5Hs4MyKqqjHmk11zsxw5w_oCuJjPCdWhvWBsaaCglHdmN5CFwyB1ALI1Hp8oFHhg2UrpSGJzZ1ksVn8QqpSjwd7qYMPOW6Oc9erdNz6a5wTYhHGO-YpW-qbXKqQ4QtSrjY.km_7KI3UzFlukCQTmSrkgiQwwr1PFVWUxFP5-mEKY-M&dib_tag=se&m=ANBW5NGGTP7SK&marketplaceID=A39IBJ37TRP1C6&qid=1777190495&refinements=p_36%3A20500-21000&s=merchant-items&sr=1-100&xpid=WUmSudqhE22hN,マルトー 大作曲家たちを虜にした世紀の大ヴァイオリニスト
488364281X,,,,
B09ZP63WPB,,209.36,https://www.amazon.com.au/Megahouse-Mobile-Suit-Gundam-Sheen/dp/B09ZP63WPB/ref=sr_1_101?dib=eyJ2IjoiMSJ9.USDC0Uj84p9sujPjntcz36HPDK-UrpsGAk4CpSREp5Hs4MyKqqjHmk11zsxw5w_oCuJjPCdWhvWBsaaCglHdmN5CFwyB1ALI1Hp8oFHhg2UrpSGJzZ1ksVn8QqpSjwd7qYMPOW6Oc9erdNz6a5wTYhHGO-YpW-qbXKqQ4QtSrjY.km_7KI3UzFlukCQTmSrkgiQwwr1PFVWUxFP5-mEKY-M&dib_tag=se&m=ANBW5NGGTP7SK&marketplaceID=A39IBJ37TRP1C6&qid=1777190495&refinements=p_36%3A20500-21000&s=merchant-items&sr=1-101&xpid=WUmSudqhE22hN#customerReviews,Megahouse Ggg Mobile Suit Z Gundam Emma Sheen
4883521516,Tankobon Hardcover,207.37,https://www.amazon.com.au/U-S-economy-Business-History-Encyclopedia/dp/4883521516/ref=sr_1_102?dib=eyJ2IjoiMSJ9.USDC0Uj84p9sujPjntcz36HPDK-UrpsGAk4CpSREp5Hs4MyKqqjHmk11zsxw5w_oCuJjPCdWhvWBsaaCglHdmN5CFwyB1ALI1Hp8oFHhg2UrpSGJzZ1ksVn8QqpSjwd7qYMPOW6Oc9erdNz6a5wTYhHGO-YpW-qbXKqQ4QtSrjY.km_7KI3UzFlukCQTmSrkgiQwwr1PFVWUxFP5-mEKY-M&dib_tag=se&m=ANBW5NGGTP7SK&marketplaceID=A39IBJ37TRP1C6&qid=1777190495&refinements=p_36%3A20500-21000&s=merchant-items&sr=1-102&xpid=WUmSudqhE22hN,U.S. Economy Business History Encyclopedia (2008) ISBN: 4883521516 [Japanese Import]
4883521516,,,,
4883402231,Tankobon Hardcover,208.42,https://www.amazon.com.au/%E3%81%84%E3%81%AE%E3%81%A1%E3%81%AE%E7%A8%AE%E3%82%92%E6%9C%AA%E6%9D%A5%E3%81%AB-%E9%87%8E%E5%8F%A3-%E5%8B%B2/dp/4883402231/ref=sr_1_103?dib=eyJ2IjoiMSJ9.USDC0Uj84p9sujPjntcz36HPDK-UrpsGAk4CpSREp5Hs4MyKqqjHmk11zsxw5w_oCuJjPCdWhvWBsaaCglHdmN5CFwyB1ALI1Hp8oFHhg2UrpSGJzZ1ksVn8QqpSjwd7qYMPOW6Oc9erdNz6a5wTYhHGO-YpW-qbXKqQ4QtSrjY.km_7KI3UzFlukCQTmSrkgiQwwr1PFVWUxFP5-mEKY-M&dib_tag=se&m=ANBW5NGGTP7SK&marketplaceID=A39IBJ37TRP1C6&qid=1777190495&refinements=p_36%3A20500-21000&s=merchant-items&sr=1-103&xpid=WUmSudqhE22hN#customerReviews,いのちの種を未来に
4883402231,,,,
B095VDQLVZ,,209.33,https://www.amazon.com.au/Onway-TAKIBI-Grill-OW-4545-BLK-Setup/dp/B095VDQLVZ/ref=sr_1_104?dib=eyJ2IjoiMSJ9.USDC0Uj84p9sujPjntcz36HPDK-UrpsGAk4CpSREp5Hs4MyKqqjHmk11zsxw5w_oCuJjPCdWhvWBsaaCglHdmN5CFwyB1ALI1Hp8oFHhg2UrpSGJzZ1ksVn8QqpSjwd7qYMPOW6Oc9erdNz6a5wTYhHGO-YpW-qbXKqQ4QtSrjY.km_7KI3UzFlukCQTmSrkgiQwwr1PFVWUxFP5-mEKY-M&dib_tag=se&m=ANBW5NGGTP7SK&marketplaceID=A39IBJ37TRP1C6&qid=1777190495&refinements=p_36%3A20500-21000&s=merchant-items&sr=1-104&xpid=WUmSudqhE22hN#customerReviews,Onway TAKIBI Grill OW-4545-BLK Easy Setup Round Grill Set
B095VDQLVZ,,,,
4882602318,Tankobon Softcover,206.34,https://www.amazon.com.au/%E6%9C%80%E6%96%B0-%E4%B8%AD%E5%9B%BD%E9%80%B2%E5%87%BA%E3%83%93%E3%82%B8%E3%83%8D%E3%82%B9Q-%E4%B8%AD%E5%B0%8F%E4%BC%81%E6%A5%AD%E3%81%AE%E3%81%9F%E3%82%81%E3%81%AE%E7%A8%8E%E5%8B%99%E3%83%BB%E5%8A%B4%E5%8B%99-%E6%B8%A1%E8%BE%BA-%E5%9F%BA%E6%88%90/dp/4882602318/ref=sr_1_105?dib=eyJ2IjoiMSJ9.USDC0Uj84p9sujPjntcz36HPDK-UrpsGAk4CpSREp5Hs4MyKqqjHmk11zsxw5w_oCuJjPCdWhvWBsaaCglHdmN5CFwyB1ALI1Hp8oFHhg2UrpSGJzZ1ksVn8QqpSjwd7qYMPOW6Oc9erdNz6a5wTYhHGO-YpW-qbXKqQ4QtSrjY.km_7KI3UzFlukCQTmSrkgiQwwr1PFVWUxFP5-mEKY-M&dib_tag=se&m=ANBW5NGGTP7SK&marketplaceID=A39IBJ37TRP1C6&qid=1777190495&refinements=p_36%3A20500-21000&s=merchant-items&sr=1-105&xpid=WUmSudqhE22hN#customerReviews,最新 中国進出ビジネスQ&A 中小企業のための税務・労務
4882602318,,,,
4881371274,JP Oversized,206.17,https://www.amazon.com.au/Emerging-re-emerging-infectious-diseases-mite/dp/4881371274/ref=sr_1_106?dib=eyJ2IjoiMSJ9.USDC0Uj84p9sujPjntcz36HPDK-UrpsGAk4CpSREp5Hs4MyKqqjHmk11zsxw5w_oCuJjPCdWhvWBsaaCglHdmN5CFwyB1ALI1Hp8oFHhg2UrpSGJzZ1ksVn8QqpSjwd7qYMPOW6Oc9erdNz6a5wTYhHGO-YpW-qbXKqQ4QtSrjY.km_7KI3UzFlukCQTmSrkgiQwwr1PFVWUxFP5-mEKY-M&dib_tag=se&m=ANBW5NGGTP7SK&marketplaceID=A39IBJ37TRP1C6&qid=1777190495&refinements=p_36%3A20500-21000&s=merchant-items&sr=1-106&xpid=WUmSudqhE22hN#customerReviews,Emerging and re-emerging infectious diseases mite (2007) ISBN: 4881371274 [Japanese Import]
4881371274,,,,
B08235YYLB,,206.29,https://www.amazon.com.au/Daiwa-Spinning-Revros-LT3000S-CH-DH-Model/dp/B08235YYLB/ref=sr_1_107?dib=eyJ2IjoiMSJ9.USDC0Uj84p9sujPjntcz36HPDK-UrpsGAk4CpSREp5Hs4MyKqqjHmk11zsxw5w_oCuJjPCdWhvWBsaaCglHdmN5CFwyB1ALI1Hp8oFHhg2UrpSGJzZ1ksVn8QqpSjwd7qYMPOW6Oc9erdNz6a5wTYhHGO-YpW-qbXKqQ4QtSrjY.km_7KI3UzFlukCQTmSrkgiQwwr1PFVWUxFP5-mEKY-M&dib_tag=se&m=ANBW5NGGTP7SK&marketplaceID=A39IBJ37TRP1C6&qid=1777190495&refinements=p_36%3A20500-21000&s=merchant-items&sr=1-107&xpid=WUmSudqhE22hN#customerReviews,Daiwa Spinning Reel 20 Revros LT (2020 Model)
B08235YYLB,,,,
4881242113,Tankobon Hardcover,205.84,https://www.amazon.com.au/Worth-looking-next-market-4881242113/dp/4881242113/ref=sr_1_113?dib=eyJ2IjoiMSJ9.JZFvjk0nhBOCg4AX8Nq7z699H7D9SCjr-p_qdGd2UyFbzfr3Bi3XFTG8Vl7sGgSuPGFAwGhvaz-Ypk46uJ5Egw.bH9cqGfk4t9YCfo3k51v6Bo-HqVZfhshotDJ1CG125Y&dib_tag=se&m=ANBW5NGGTP7SK&marketplaceID=A39IBJ37TRP1C6&qid=1777190501&refinements=p_36%3A20500-21000&s=merchant-items&sr=1-113&xpid=WUmSudqhE22hN,Worth looking at to the next market - Lifestyle concept (2008) ISBN: 4881242113 [Japanese Import]
4881242113,,,,
4881128396,Tankobon Hardcover,208.06,https://www.amazon.com.au/%E6%B5%B7%E5%A4%96%E7%94%9F%E6%B4%BB%E3%81%AE%E6%89%8B%E5%BC%95%E3%81%8D%E3%80%88%E7%AC%AC17%E5%B7%BB%E3%80%89%E5%A4%A7%E6%B4%8B%E5%B7%9E%E7%B7%A8/dp/4881128396/ref=sr_1_114?dib=eyJ2IjoiMSJ9.JZFvjk0nhBOCg4AX8Nq7z699H7D9SCjr-p_qdGd2UyFbzfr3Bi3XFTG8Vl7sGgSuPGFAwGhvaz-Ypk46uJ5Egw.bH9cqGfk4t9YCfo3k51v6Bo-HqVZfhshotDJ1CG125Y&dib_tag=se&m=ANBW5NGGTP7SK&marketplaceID=A39IBJ37TRP1C6&qid=1777190501&refinements=p_36%3A20500-21000&s=merchant-items&sr=1-114&xpid=WUmSudqhE22hN,海外生活の手引き〈第17巻〉大洋州編
4881128396,,,,
B097PFFPYP,,205.1,https://www.amazon.com.au/Livre-10543-Daiwa-Power-Handle/dp/B097PFFPYP/ref=sr_1_115?dib=eyJ2IjoiMSJ9.JZFvjk0nhBOCg4AX8Nq7z699H7D9SCjr-p_qdGd2UyFbzfr3Bi3XFTG8Vl7sGgSuPGFAwGhvaz-Ypk46uJ5Egw.bH9cqGfk4t9YCfo3k51v6Bo-HqVZfhshotDJ1CG125Y&dib_tag=se&m=ANBW5NGGTP7SK&marketplaceID=A39IBJ37TRP1C6&qid=1777190501&refinements=p_36%3A20500-21000&s=merchant-items&sr=1-115&xpid=WUmSudqhE22hN,Livre 10543 PT52 Daiwa (L) Livre BJ Power Handle Fire & Red
B097PFFPYP,,,,
488065437X,Tankobon Softcover,208.43,https://www.amazon.com.au/CM%E3%82%AC%E3%82%A4%E3%83%89%E3%83%96%E3%83%83%E3%82%AF-%E7%AC%AC3%E7%89%88-DVD%E4%BB%98%E5%B1%9E-%E4%B8%80%E8%88%AC%E7%A4%BE%E5%9B%A3%E6%B3%95%E4%BA%BA-%E6%97%A5%E6%9C%AC%E3%82%B3%E3%83%B3%E3%82%B9%E3%83%88%E3%83%A9%E3%82%AF%E3%82%B7%E3%83%A7%E3%83%B3%E3%83%BB%E3%83%9E%E3%83%8D%E3%82%B8%E3%83%A1%E3%83%B3%E3%83%88%E5%8D%94%E4%BC%9A/dp/488065437X/ref=sr_1_116?dib=eyJ2IjoiMSJ9.JZFvjk0nhBOCg4AX8Nq7z699H7D9SCjr-p_qdGd2UyFbzfr3Bi3XFTG8Vl7sGgSuPGFAwGhvaz-Ypk46uJ5Egw.bH9cqGfk4t9YCfo3k51v6Bo-HqVZfhshotDJ1CG125Y&dib_tag=se&m=ANBW5NGGTP7SK&marketplaceID=A39IBJ37TRP1C6&qid=1777190501&refinements=p_36%3A20500-21000&s=merchant-items&sr=1-116&xpid=WUmSudqhE22hN#customerReviews,CMガイドブック 第3版
488065437X,,,,
4879623806,Tankobon Hardcover,205.38,https://www.amazon.com.au/%E3%81%BF%E3%81%8D%E5%85%88%E7%94%9F%E3%81%AE%E7%9A%AE%E8%86%9A%E7%97%85%E7%90%86%E8%A8%BA%E6%96%ADABC-3-%E3%83%A1%E3%83%A9%E3%83%8E%E3%82%B5%E3%82%A4%E3%83%88%E7%B3%BB%E7%97%85%E5%A4%89-%E6%B3%89-%E7%BE%8E%E8%B2%B4/dp/4879623806/ref=sr_1_117?dib=eyJ2IjoiMSJ9.JZFvjk0nhBOCg4AX8Nq7z699H7D9SCjr-p_qdGd2UyFbzfr3Bi3XFTG8Vl7sGgSuPGFAwGhvaz-Ypk46uJ5Egw.bH9cqGfk4t9YCfo3k51v6Bo-HqVZfhshotDJ1CG125Y&dib_tag=se&m=ANBW5NGGTP7SK&marketplaceID=A39IBJ37TRP1C6&qid=1777190501&refinements=p_36%3A20500-21000&s=merchant-items&sr=1-117&xpid=WUmSudqhE22hN#customerReviews,みき先生の皮膚病理診断ABC 3 メラノサイト系病変
4879623806,,,,
B01G5MTFS4,,207.33,https://www.amazon.com.au/SuSE-Inc-54672-Powerpack-Locomotive/dp/B01G5MTFS4/ref=sr_1_113?dib=eyJ2IjoiMSJ9.Au4YwpeXmU_SInOt_mIfUxj8OFPtYu26jX0sM1lcUXKgLvjD-6j7VtvdvmmgnPCpYwcE9ohIEHeYMrbtWxGZ2o1CM69R6FbRKuMMhqSFqkoT4_hs1N9q8sR31L4d3OSATgdcbJEz7nE9Xz_X9O4U5MRR8MbTbOW61c0Bg7oczsc.RbwXHY7u_onpqOtP9ZXpKxPtUMZ6XoyOiBtO8xrZivQ&dib_tag=se&m=ANBW5NGGTP7SK&marketplaceID=A39IBJ37TRP1C6&qid=1777190501&refinements=p_36%3A20500-21000&s=merchant-items&sr=1-113&xpid=WUmSudqhE22hN#customerReviews,ESU 54672 Powerpack Maxi Energy Storage Locomotive Sound LV4.0 2X 5F/2.7V
B01G5MTFS4,,,,
4879194654,Comic,206.42,https://www.amazon.com.au/%E6%96%B0%E5%B0%BE%E3%83%93%E3%83%8E-GOONYLOT-Philippe-Comics-Deluxe/dp/4879194654/ref=sr_1_114?dib=eyJ2IjoiMSJ9.Au4YwpeXmU_SInOt_mIfUxj8OFPtYu26jX0sM1lcUXKgLvjD-6j7VtvdvmmgnPCpYwcE9ohIEHeYMrbtWxGZ2o1CM69R6FbRKuMMhqSFqkoT4_hs1N9q8sR31L4d3OSATgdcbJEz7nE9Xz_X9O4U5MRR8MbTbOW61c0Bg7oczsc.RbwXHY7u_onpqOtP9ZXpKxPtUMZ6XoyOiBtO8xrZivQ&dib_tag=se&m=ANBW5NGGTP7SK&marketplaceID=A39IBJ37TRP1C6&qid=1777190501&refinements=p_36%3A20500-21000&s=merchant-items&sr=1-114&xpid=WUmSudqhE22hN#customerReviews,新尾ビノ GOONYLOT (Philippe Comics Deluxe)
4879194654,,,,
4876220255,Tankobon Hardcover,208.53,https://www.amazon.com.au/%E7%8B%AC%E5%8D%A0%E7%A6%81%E6%AD%A2%E6%B3%95%E9%96%A2%E4%BF%82%E6%B3%95%E4%BB%A4%E9%9B%86-%E4%BB%A4%E5%92%8C3%E5%B9%B4%E7%89%88-%E5%85%AC%E6%AD%A3%E5%8F%96%E5%BC%95%E5%A7%94%E5%93%A1%E4%BC%9A%E4%BA%8B%E5%8B%99%E7%B7%8F%E5%B1%80/dp/4876220255/ref=sr_1_115?dib=eyJ2IjoiMSJ9.Au4YwpeXmU_SInOt_mIfUxj8OFPtYu26jX0sM1lcUXKgLvjD-6j7VtvdvmmgnPCpYwcE9ohIEHeYMrbtWxGZ2o1CM69R6FbRKuMMhqSFqkoT4_hs1N9q8sR31L4d3OSATgdcbJEz7nE9Xz_X9O4U5MRR8MbTbOW61c0Bg7oczsc.RbwXHY7u_onpqOtP9ZXpKxPtUMZ6XoyOiBtO8xrZivQ&dib_tag=se&m=ANBW5NGGTP7SK&marketplaceID=A39IBJ37TRP1C6&qid=1777190501&refinements=p_36%3A20500-21000&s=merchant-items&sr=1-115&xpid=WUmSudqhE22hN,独占禁止法関係法令集(令和3年版)
4876220255,,,,
B0B58CCMG4,,206.26,https://www.amazon.com.au/Reverse-Studio-Frontline-OTs-14-Purple/dp/B0B58CCMG4/ref=sr_1_116?dib=eyJ2IjoiMSJ9.Au4YwpeXmU_SInOt_mIfUxj8OFPtYu26jX0sM1lcUXKgLvjD-6j7VtvdvmmgnPCpYwcE9ohIEHeYMrbtWxGZ2o1CM69R6FbRKuMMhqSFqkoT4_hs1N9q8sR31L4d3OSATgdcbJEz7nE9Xz_X9O4U5MRR8MbTbOW61c0Bg7oczsc.RbwXHY7u_onpqOtP9ZXpKxPtUMZ6XoyOiBtO8xrZivQ&dib_tag=se&m=ANBW5NGGTP7SK&marketplaceID=A39IBJ37TRP1C6&qid=1777190501&refinements=p_36%3A20500-21000&s=merchant-items&sr=1-116&xpid=WUmSudqhE22hN,Reverse Studio - Girls' Frontline - OTs-14 Purple Rain Heart Severe Injury 1/8 PVC Figure (Mr)
4874409504,Tankobon Hardcover,208.48,https://www.amazon.com.au/%E6%9C%9D%E9%AE%AE%E6%88%A6%E4%BA%89%E3%81%A8%E4%B8%AD%E5%9B%BD_%E5%BB%BA%E5%9B%BD%E5%88%9D%E6%9C%9F%E4%B8%AD%E5%9B%BD%E3%81%AE%E8%BB%8D%E4%BA%8B%E6%88%A6%E7%95%A5%E3%81%A8%E5%AE%89%E5%85%A8%E4%BF%9D%E9%9A%9C%E5%95%8F%E9%A1%8C%E3%81%AE%E7%A0%94%E7%A9%B6-%E6%9C%8D%E9%83%A8-%E9%9A%86%E8%A1%8C/dp/4874409504/ref=sr_1_117?dib=eyJ2IjoiMSJ9.Au4YwpeXmU_SInOt_mIfUxj8OFPtYu26jX0sM1lcUXKgLvjD-6j7VtvdvmmgnPCpYwcE9ohIEHeYMrbtWxGZ2o1CM69R6FbRKuMMhqSFqkoT4_hs1N9q8sR31L4d3OSATgdcbJEz7nE9Xz_X9O4U5MRR8MbTbOW61c0Bg7oczsc.RbwXHY7u_onpqOtP9ZXpKxPtUMZ6XoyOiBtO8xrZivQ&dib_tag=se&m=ANBW5NGGTP7SK&marketplaceID=A39IBJ37TRP1C6&qid=1777190501&refinements=p_36%3A20500-21000&s=merchant-items&sr=1-117&xpid=WUmSudqhE22hN,朝鮮戦争と中国―建国初期中国の軍事戦略と安全保障問題の研究
4874409504,,,,
487415753X,Paperback,207.84,https://www.amazon.com.au/%E7%A5%9E%E9%81%93_%E6%97%A5%E6%9C%AC%E7%B2%BE%E7%A5%9E%E6%96%87%E5%8C%96%E3%81%AE%E6%A0%B9%E5%BA%95%E3%81%AB%E3%81%82%E3%82%8B%E3%82%82%E3%81%AE/dp/487415753X/ref=sr_1_118?dib=eyJ2IjoiMSJ9.Au4YwpeXmU_SInOt_mIfUxj8OFPtYu26jX0sM1lcUXKgLvjD-6j7VtvdvmmgnPCpYwcE9ohIEHeYMrbtWxGZ2o1CM69R6FbRKuMMhqSFqkoT4_hs1N9q8sR31L4d3OSATgdcbJEz7nE9Xz_X9O4U5MRR8MbTbOW61c0Bg7oczsc.RbwXHY7u_onpqOtP9ZXpKxPtUMZ6XoyOiBtO8xrZivQ&dib_tag=se&m=ANBW5NGGTP7SK&marketplaceID=A39IBJ37TRP1C6&qid=1777190501&refinements=p_36%3A20500-21000&s=merchant-items&sr=1-118&xpid=WUmSudqhE22hN#customerReviews,神道―日本精神文化の根底にあるもの
487415753X,,,,
B000ZJQG1S,,207.98,https://www.amazon.com.au/Box-Partners-Double-Wall-Boxes/dp/B000ZJQG1S/ref=sr_1_119?dib=eyJ2IjoiMSJ9.Au4YwpeXmU_SInOt_mIfUxj8OFPtYu26jX0sM1lcUXKgLvjD-6j7VtvdvmmgnPCpYwcE9ohIEHeYMrbtWxGZ2o1CM69R6FbRKuMMhqSFqkoT4_hs1N9q8sR31L4d3OSATgdcbJEz7nE9Xz_X9O4U5MRR8MbTbOW61c0Bg7oczsc.RbwXHY7u_onpqOtP9ZXpKxPtUMZ6XoyOiBtO8xrZivQ&dib_tag=se&m=ANBW5NGGTP7SK&marketplaceID=A39IBJ37TRP1C6&qid=1777190501&refinements=p_36%3A20500-21000&s=merchant-items&sr=1-119&xpid=WUmSudqhE22hN,"Box Partners Double Wall Boxes, 18"" x 12"" x 8"" - 15 Each per Bundle"
B000ZJQG1S,,,,
4872909607,Tankobon Softcover,205.76,https://www.amazon.com.au/%E3%83%A1%E3%82%B8%E3%83%A3%E3%83%BC%E3%83%BB%E3%83%AA%E3%83%BC%E3%82%B0%E3%81%AF%E3%81%8A%E3%82%82%E3%81%97%E3%82%8D%E3%81%84_%E3%81%8C%E3%82%93%E3%81%B0%E3%82%8C%E6%97%A5%E6%9C%AC%E4%BA%BA%E9%81%B8%E6%89%8B-%E3%81%84%E3%81%AE%E3%81%A1%E3%81%AE%E3%83%89%E3%83%A9%E3%83%9E/dp/4872909607/ref=sr_1_120?dib=eyJ2IjoiMSJ9.Au4YwpeXmU_SInOt_mIfUxj8OFPtYu26jX0sM1lcUXKgLvjD-6j7VtvdvmmgnPCpYwcE9ohIEHeYMrbtWxGZ2o1CM69R6FbRKuMMhqSFqkoT4_hs1N9q8sR31L4d3OSATgdcbJEz7nE9Xz_X9O4U5MRR8MbTbOW61c0Bg7oczsc.RbwXHY7u_onpqOtP9ZXpKxPtUMZ6XoyOiBtO8xrZivQ&dib_tag=se&m=ANBW5NGGTP7SK&marketplaceID=A39IBJ37TRP1C6&qid=1777190501&refinements=p_36%3A20500-21000&s=merchant-items&sr=1-120&xpid=WUmSudqhE22hN,メジャー・リーグはおもしろい―がんばれ日本人選手 (いのちのドラマ)
4872909607,,,,
4872903706,Tankobon Softcover,205.8,https://www.amazon.com.au/%E5%A5%87%E8%B7%A1%E3%81%AE%E3%82%88%E3%81%86%E3%81%AB%E4%BA%BA%E7%94%9F%E3%81%8C%E5%A4%89%E3%82%8F%E3%82%8B%E6%96%B9%E6%B3%95_%E3%83%93%E3%82%B8%E3%83%A5%E3%82%A2%E3%83%AB%E3%83%91%E3%83%AF%E3%83%BC%E3%81%A7%E9%81%8B%E3%82%92%E9%96%8B%E3%81%8F/dp/4872903706/ref=sr_1_121?dib=eyJ2IjoiMSJ9.Au4YwpeXmU_SInOt_mIfUxj8OFPtYu26jX0sM1lcUXKgLvjD-6j7VtvdvmmgnPCpYwcE9ohIEHeYMrbtWxGZ2o1CM69R6FbRKuMMhqSFqkoT4_hs1N9q8sR31L4d3OSATgdcbJEz7nE9Xz_X9O4U5MRR8MbTbOW61c0Bg7oczsc.RbwXHY7u_onpqOtP9ZXpKxPtUMZ6XoyOiBtO8xrZivQ&dib_tag=se&m=ANBW5NGGTP7SK&marketplaceID=A39IBJ37TRP1C6&qid=1777190501&refinements=p_36%3A20500-21000&s=merchant-items&sr=1-121&xpid=WUmSudqhE22hN#customerReviews,奇跡のように人生が変わる方法―ビジュアルパワーで運を開く
4872903706,,,,
4866335718,Tankobon Hardcover,207.89,https://www.amazon.com.au/%E3%81%93%E3%82%8C%E3%81%AA%E3%82%89%E5%BC%BE%E3%81%91%E3%82%8B-%E8%B6%85%E3%83%BB%E7%B0%A1%E5%8D%98%E3%83%94%E3%82%A2%E3%83%8E%E5%88%9D%E5%BF%83%E8%80%85-61%E9%8D%B5%E3%81%A7%E5%BC%BE%E3%81%91%E3%82%8B%E3%83%94%E3%82%A2%E3%83%8E%E5%90%8D%E6%9B%B2/dp/4866335718/ref=sr_1_122?dib=eyJ2IjoiMSJ9.Au4YwpeXmU_SInOt_mIfUxj8OFPtYu26jX0sM1lcUXKgLvjD-6j7VtvdvmmgnPCpYwcE9ohIEHeYMrbtWxGZ2o1CM69R6FbRKuMMhqSFqkoT4_hs1N9q8sR31L4d3OSATgdcbJEz7nE9Xz_X9O4U5MRR8MbTbOW61c0Bg7oczsc.RbwXHY7u_onpqOtP9ZXpKxPtUMZ6XoyOiBtO8xrZivQ&dib_tag=se&m=ANBW5NGGTP7SK&marketplaceID=A39IBJ37TRP1C6&qid=1777190501&refinements=p_36%3A20500-21000&s=merchant-items&sr=1-122&xpid=WUmSudqhE22hN#customerReviews,これなら弾ける 超・簡単ピアノ初心者 61鍵で弾けるピアノ名曲
4866335718,,,,
4872593995,Tankobon Hardcover,207.35,https://www.amazon.com.au/%E3%82%A4%E3%83%B3%E3%83%89%E3%83%8D%E3%82%B7%E3%82%A2%E3%83%BB%E3%83%90%E3%83%AA%E7%A4%BE%E4%BC%9A%E3%81%AB%E3%81%8A%E3%81%91%E3%82%8B%E4%BA%8C%E8%A8%80%E8%AA%9E%E4%BD%BF%E7%94%A8-%E3%83%90%E3%83%AA%E8%AA%9E%E3%81%A8%E3%82%A4%E3%83%B3%E3%83%89%E3%83%8D%E3%82%B7%E3%82%A2%E8%AA%9E%E3%81%AE%E3%82%B3%E3%83%BC%E3%83%89%E6%B7%B7%E5%9C%A8-%E5%8E%9F-%E7%9C%9F%E7%94%B1%E5%AD%90/dp/4872593995/ref=sr_1_123?dib=eyJ2IjoiMSJ9.Au4YwpeXmU_SInOt_mIfUxj8OFPtYu26jX0sM1lcUXKgLvjD-6j7VtvdvmmgnPCpYwcE9ohIEHeYMrbtWxGZ2o1CM69R6FbRKuMMhqSFqkoT4_hs1N9q8sR31L4d3OSATgdcbJEz7nE9Xz_X9O4U5MRR8MbTbOW61c0Bg7oczsc.RbwXHY7u_onpqOtP9ZXpKxPtUMZ6XoyOiBtO8xrZivQ&dib_tag=se&m=ANBW5NGGTP7SK&marketplaceID=A39IBJ37TRP1C6&qid=1777190501&refinements=p_36%3A20500-21000&s=merchant-items&sr=1-123&xpid=WUmSudqhE22hN,インドネシア・バリ社会における二言語使用 ‐バリ語とインドネシア語のコード混在-
4872593995,,,,
4872424441,JP Oversized,209.06,https://www.amazon.com.au/%E5%82%99%E5%89%8D_%E5%9C%9F%E3%81%A8%E7%82%8E%E3%81%AE%E8%8A%B8%E8%A1%93-%E5%88%A5%E5%86%8A%E3%80%8E%E7%82%8E%E8%8A%B8%E8%A1%93%E3%80%8F/dp/4872424441/ref=sr_1_129?dib=eyJ2IjoiMSJ9.OY0LEOFXjQ1oJKswUOiQzf0OIfgAuoTyUWQNw_d2bJ-p7VaJnlpQ8ANAzD96YqxU2mu1jUtaR9Zgz4kTTQMBBw.ubNvReWdHEDw-FLrnG1-Ak10L1gda25VR2FdP9W51rg&dib_tag=se&m=ANBW5NGGTP7SK&marketplaceID=A39IBJ37TRP1C6&qid=1777190507&refinements=p_36%3A20500-21000&s=merchant-items&sr=1-129&xpid=WUmSudqhE22hN#customerReviews,備前―土と炎の芸術 (別冊『炎芸術』)
4872424441,,,,
B08XKYBHVT,,209.75,https://www.amazon.com.au/KOTOBUKIYA-Quintessential-Quintuplets-Nakano-Figure/dp/B08XKYBHVT/ref=sr_1_130?dib=eyJ2IjoiMSJ9.OY0LEOFXjQ1oJKswUOiQzf0OIfgAuoTyUWQNw_d2bJ-p7VaJnlpQ8ANAzD96YqxU2mu1jUtaR9Zgz4kTTQMBBw.ubNvReWdHEDw-FLrnG1-Ak10L1gda25VR2FdP9W51rg&dib_tag=se&m=ANBW5NGGTP7SK&marketplaceID=A39IBJ37TRP1C6&qid=1777190507&refinements=p_36%3A20500-21000&s=merchant-items&sr=1-130&xpid=WUmSudqhE22hN#customerReviews,KOTOBUKIYA The Quintessential Quintuplets Nino Nakano 1/8 Figure
4871983110,JP Oversized,206.33,https://www.amazon.com.au/%E3%83%9B%E3%83%AD%E3%83%B4%E3%82%A3%E3%83%83%E3%83%84%E3%81%AE%E9%81%BA%E7%94%A3-%E7%9F%B3%E4%BA%95-%E7%BE%A9%E8%88%88/dp/4871983110/ref=sr_1_131?dib=eyJ2IjoiMSJ9.OY0LEOFXjQ1oJKswUOiQzf0OIfgAuoTyUWQNw_d2bJ-p7VaJnlpQ8ANAzD96YqxU2mu1jUtaR9Zgz4kTTQMBBw.ubNvReWdHEDw-FLrnG1-Ak10L1gda25VR2FdP9W51rg&dib_tag=se&m=ANBW5NGGTP7SK&marketplaceID=A39IBJ37TRP1C6&qid=1777190507&refinements=p_36%3A20500-21000&s=merchant-items&sr=1-131&xpid=WUmSudqhE22hN#customerReviews,ホロヴィッツの遺産
4871983110,,,,
4871407861,Paperback,207.5,https://www.amazon.com.au/GA-Houses-116/dp/4871407861/ref=sr_1_132?dib=eyJ2IjoiMSJ9.OY0LEOFXjQ1oJKswUOiQzf0OIfgAuoTyUWQNw_d2bJ-p7VaJnlpQ8ANAzD96YqxU2mu1jUtaR9Zgz4kTTQMBBw.ubNvReWdHEDw-FLrnG1-Ak10L1gda25VR2FdP9W51rg&dib_tag=se&m=ANBW5NGGTP7SK&marketplaceID=A39IBJ37TRP1C6&qid=1777190507&refinements=p_36%3A20500-21000&s=merchant-items&sr=1-132&xpid=WUmSudqhE22hN,GA Houses 116: NO.116
4871407861,,,,
B08VDQR7RR,,205.63,https://www.amazon.com.au/Daiwa-21-Maruica-82-MH-140/dp/B08VDQR7RR/ref=sr_1_133?dib=eyJ2IjoiMSJ9.OY0LEOFXjQ1oJKswUOiQzf0OIfgAuoTyUWQNw_d2bJ-p7VaJnlpQ8ANAzD96YqxU2mu1jUtaR9Zgz4kTTQMBBw.ubNvReWdHEDw-FLrnG1-Ak10L1gda25VR2FdP9W51rg&dib_tag=se&m=ANBW5NGGTP7SK&marketplaceID=A39IBJ37TRP1C6&qid=1777190507&refinements=p_36%3A20500-21000&s=merchant-items&sr=1-133&xpid=WUmSudqhE22hN#customerReviews,DAIWA 21 Maruica X
B08VDQR7RR,,,,
4870352915,Tankobon Softcover,206.53,https://www.amazon.com.au/%E6%B5%B7%E5%B3%A1%E3%82%92%E7%B5%90%E3%82%93%E3%81%A0%E9%80%9A%E4%BF%A1%E4%BD%BF_%E5%AF%BE%E9%A6%AC%E7%99%BA-%E6%9D%BE%E5%8E%9F%E4%B8%80%E5%BE%81%E3%80%8C%E8%AA%A0%E4%BF%A1%E3%81%AE%E4%BA%A4%E3%82%8F%E3%82%8A%E3%80%8D%E3%81%AE%E8%A8%98/dp/4870352915/ref=sr_1_129?dib=eyJ2IjoiMSJ9._LuOBEb8dSJnpNBskpTNeFX6TipG7kkkm4rj3m84Ms8ci-mugedow4yVCmCmowhfYQDn91N8LX95Mov89bS9Cc_P29iTI7DZwzJ7qPFuzu8od1dktjLWXZH-Zz5rGZwM-TblayllpCwEidzqxl4PXiiH8fhZDShOVg9ChzUTGGU.YIGlyBS0MlGVnLzOC022hEIpnl5Yn7L2gc_2ERXhbnQ&dib_tag=se&m=ANBW5NGGTP7SK&marketplaceID=A39IBJ37TRP1C6&qid=1777190507&refinements=p_36%3A20500-21000&s=merchant-items&sr=1-129&xpid=WUmSudqhE22hN,海峡を結んだ通信使―対馬発 松原一征「誠信の交わり」の記
4870352915,,,,
4865941363,Tankobon Hardcover,206.88,https://www.amazon.com.au/%E3%82%B3%E3%83%BC%E3%83%AB%E3%82%BB%E3%83%B3%E3%82%BF%E3%83%BC%E3%83%BB%E3%83%9E%E3%83%8D%E3%82%B8%E3%83%A1%E3%83%B3%E3%83%88%E3%81%AE%E6%95%99%E7%A7%91%E6%9B%B8-%E7%86%8A%E6%BE%A4-%E4%BC%B8%E5%AE%8F/dp/4865941363/ref=sr_1_130?dib=eyJ2IjoiMSJ9._LuOBEb8dSJnpNBskpTNeFX6TipG7kkkm4rj3m84Ms8ci-mugedow4yVCmCmowhfYQDn91N8LX95Mov89bS9Cc_P29iTI7DZwzJ7qPFuzu8od1dktjLWXZH-Zz5rGZwM-TblayllpCwEidzqxl4PXiiH8fhZDShOVg9ChzUTGGU.YIGlyBS0MlGVnLzOC022hEIpnl5Yn7L2gc_2ERXhbnQ&dib_tag=se&m=ANBW5NGGTP7SK&marketplaceID=A39IBJ37TRP1C6&qid=1777190507&refinements=p_36%3A20500-21000&s=merchant-items&sr=1-130&xpid=WUmSudqhE22hN#customerReviews,コールセンター・マネジメントの教科書
4865941363,,,,
B07ZYWZVFP,,209.92,https://www.amazon.com.au/Daiwa-Tenkara-Mountain-Stream-Fishing/dp/B07ZYWZVFP/ref=sr_1_131?dib=eyJ2IjoiMSJ9._LuOBEb8dSJnpNBskpTNeFX6TipG7kkkm4rj3m84Ms8ci-mugedow4yVCmCmowhfYQDn91N8LX95Mov89bS9Cc_P29iTI7DZwzJ7qPFuzu8od1dktjLWXZH-Zz5rGZwM-TblayllpCwEidzqxl4PXiiH8fhZDShOVg9ChzUTGGU.YIGlyBS0MlGVnLzOC022hEIpnl5Yn7L2gc_2ERXhbnQ&dib_tag=se&m=ANBW5NGGTP7SK&marketplaceID=A39IBJ37TRP1C6&qid=1777190507&refinements=p_36%3A20500-21000&s=merchant-items&sr=1-131&xpid=WUmSudqhE22hN#customerReviews,Daiwa Tenkara X 30 Stream Fishing Rod
B07ZYWZVFP,,,,
4865781315,Tankobon Hardcover,207.76,https://www.amazon.com.au/%E7%94%B7%E3%82%89%E3%81%97%E3%81%95%E3%81%AE%E6%AD%B4%E5%8F%B2-III-%E3%80%94%E7%94%B7%E3%82%89%E3%81%97%E3%81%95%E3%81%AE%E5%8D%B1%E6%A9%9F-20-21%E4%B8%96%E7%B4%80%E3%80%95-%E5%85%A83%E5%B7%BB/dp/4865781315/ref=sr_1_132?dib=eyJ2IjoiMSJ9._LuOBEb8dSJnpNBskpTNeFX6TipG7kkkm4rj3m84Ms8ci-mugedow4yVCmCmowhfYQDn91N8LX95Mov89bS9Cc_P29iTI7DZwzJ7qPFuzu8od1dktjLWXZH-Zz5rGZwM-TblayllpCwEidzqxl4PXiiH8fhZDShOVg9ChzUTGGU.YIGlyBS0MlGVnLzOC022hEIpnl5Yn7L2gc_2ERXhbnQ&dib_tag=se&m=ANBW5NGGTP7SK&marketplaceID=A39IBJ37TRP1C6&qid=1777190507&refinements=p_36%3A20500-21000&s=merchant-items&sr=1-132&xpid=WUmSudqhE22hN,男らしさの歴史 III 〔男らしさの危機? 20-21世紀〕 (男らしさの歴史(全3巻))
4865781315,,,,
4865781048,Tankobon Hardcover,209.43,https://www.amazon.com.au/%E3%82%A8%E3%82%B8%E3%83%97%E3%83%88%E4%BA%BA%E3%83%A2%E3%83%BC%E3%82%BB-%E3%80%94%E3%81%82%E3%82%8B%E8%A8%98%E6%86%B6%E7%97%95%E8%B7%A1%E3%81%AE%E8%A7%A3%E8%AA%AD%E3%80%95-%E3%83%A4%E3%83%B3%E3%83%BB%E3%82%A2%E3%82%B9%E3%83%9E%E3%83%B3/dp/4865781048/ref=sr_1_133?dib=eyJ2IjoiMSJ9._LuOBEb8dSJnpNBskpTNeFX6TipG7kkkm4rj3m84Ms8ci-mugedow4yVCmCmowhfYQDn91N8LX95Mov89bS9Cc_P29iTI7DZwzJ7qPFuzu8od1dktjLWXZH-Zz5rGZwM-TblayllpCwEidzqxl4PXiiH8fhZDShOVg9ChzUTGGU.YIGlyBS0MlGVnLzOC022hEIpnl5Yn7L2gc_2ERXhbnQ&dib_tag=se&m=ANBW5NGGTP7SK&marketplaceID=A39IBJ37TRP1C6&qid=1777190507&refinements=p_36%3A20500-21000&s=merchant-items&sr=1-133&xpid=WUmSudqhE22hN#customerReviews,エジプト人モーセ 〔ある記憶痕跡の解読〕
4865781048,,,,
B09VGF5915,,207.51,https://www.amazon.com.au/Hakoiri-Musume-Inc-Worlds-Ryuzoji-Dress-Up/dp/B09VGF5915/ref=sr_1_134?dib=eyJ2IjoiMSJ9._LuOBEb8dSJnpNBskpTNeFX6TipG7kkkm4rj3m84Ms8ci-mugedow4yVCmCmowhfYQDn91N8LX95Mov89bS9Cc_P29iTI7DZwzJ7qPFuzu8od1dktjLWXZH-Zz5rGZwM-TblayllpCwEidzqxl4PXiiH8fhZDShOVg9ChzUTGGU.YIGlyBS0MlGVnLzOC022hEIpnl5Yn7L2gc_2ERXhbnQ&dib_tag=se&m=ANBW5NGGTP7SK&marketplaceID=A39IBJ37TRP1C6&qid=1777190507&refinements=p_36%3A20500-21000&s=merchant-items&sr=1-134&xpid=WUmSudqhE22hN,Hakoiri-Musume Inc - Worlds End Harem - Akane Ryuzoji Dress-Up Nurse 1/6 PVC Figure
4865592636,Tankobon Hardcover,205.41,https://www.amazon.com.au/%E3%82%8F%E3%81%8C%E5%8F%8B%E3%80%81%E3%82%B7%E3%83%A5%E3%83%BC%E3%83%99%E3%83%AB%E3%83%88-%E5%A0%80%E6%9C%8B%E5%B9%B3/dp/4865592636/ref=sr_1_135?dib=eyJ2IjoiMSJ9._LuOBEb8dSJnpNBskpTNeFX6TipG7kkkm4rj3m84Ms8ci-mugedow4yVCmCmowhfYQDn91N8LX95Mov89bS9Cc_P29iTI7DZwzJ7qPFuzu8od1dktjLWXZH-Zz5rGZwM-TblayllpCwEidzqxl4PXiiH8fhZDShOVg9ChzUTGGU.YIGlyBS0MlGVnLzOC022hEIpnl5Yn7L2gc_2ERXhbnQ&dib_tag=se&m=ANBW5NGGTP7SK&marketplaceID=A39IBJ37TRP1C6&qid=1777190507&refinements=p_36%3A20500-21000&s=merchant-items&sr=1-135&xpid=WUmSudqhE22hN#customerReviews,わが友、シューベルト
4865592636,,,,
4865563814,Tankobon Softcover,209.08,https://www.amazon.com.au/%E8%A1%8C%E6%94%BF%E6%89%8B%E7%B6%9A%E5%AE%9F%E5%8B%99%E5%A4%A7%E7%B3%BB%E2%94%80%E9%81%A9%E6%AD%A3%E6%89%8B%E7%B6%9A%E4%BF%9D%E9%9A%9C%E3%82%92%E5%AE%9F%E7%8F%BE%E3%81%99%E3%82%8B%E5%AE%9F%E5%8B%99%E3%81%A8%E6%9B%B8%E5%BC%8F%E2%94%80-%E5%AE%9F%E5%8B%99%E5%A4%A7%E7%B3%BB%E3%82%B7%E3%83%AA%E3%83%BC%E3%82%BA/dp/4865563814/ref=sr_1_136?dib=eyJ2IjoiMSJ9._LuOBEb8dSJnpNBskpTNeFX6TipG7kkkm4rj3m84Ms8ci-mugedow4yVCmCmowhfYQDn91N8LX95Mov89bS9Cc_P29iTI7DZwzJ7qPFuzu8od1dktjLWXZH-Zz5rGZwM-TblayllpCwEidzqxl4PXiiH8fhZDShOVg9ChzUTGGU.YIGlyBS0MlGVnLzOC022hEIpnl5Yn7L2gc_2ERXhbnQ&dib_tag=se&m=ANBW5NGGTP7SK&marketplaceID=A39IBJ37TRP1C6&qid=1777190507&refinements=p_36%3A20500-21000&s=merchant-items&sr=1-136&xpid=WUmSudqhE22hN#customerReviews,行政手続実務大系─適正手続保障を実現する実務と書式─ (実務大系シリーズ)
4865563814,,,,
B014A49KJ8,,208.73,https://www.amazon.com.au/Daiwa-Taman-Monster-Spinning-Throwing/dp/B014A49KJ8/ref=sr_1_137?dib=eyJ2IjoiMSJ9._LuOBEb8dSJnpNBskpTNeFX6TipG7kkkm4rj3m84Ms8ci-mugedow4yVCmCmowhfYQDn91N8LX95Mov89bS9Cc_P29iTI7DZwzJ7qPFuzu8od1dktjLWXZH-Zz5rGZwM-TblayllpCwEidzqxl4PXiiH8fhZDShOVg9ChzUTGGU.YIGlyBS0MlGVnLzOC022hEIpnl5Yn7L2gc_2ERXhbnQ&dib_tag=se&m=ANBW5NGGTP7SK&marketplaceID=A39IBJ37TRP1C6&qid=1777190507&refinements=p_36%3A20500-21000&s=merchant-items&sr=1-137&xpid=WUmSudqhE22hN#customerReviews,"Daiwa 6000 2015 Model Spinning Reel, Taman Monster (Throw/Distant Throw)"
B014A49KJ8,,,,
4865563008,Tankobon Hardcover,207.65,https://www.amazon.com.au/%E5%B9%B3%E6%B2%BC%E9%AB%99%E6%98%8E%E5%85%88%E7%94%9F%E8%BF%BD%E6%82%BC-%E5%8C%BB%E3%81%A8%E6%B3%95%E3%81%AE%E8%AA%B2%E9%A1%8C%E3%81%A8%E6%8C%91%E6%88%A6/dp/4865563008/ref=sr_1_138?dib=eyJ2IjoiMSJ9._LuOBEb8dSJnpNBskpTNeFX6TipG7kkkm4rj3m84Ms8ci-mugedow4yVCmCmowhfYQDn91N8LX95Mov89bS9Cc_P29iTI7DZwzJ7qPFuzu8od1dktjLWXZH-Zz5rGZwM-TblayllpCwEidzqxl4PXiiH8fhZDShOVg9ChzUTGGU.YIGlyBS0MlGVnLzOC022hEIpnl5Yn7L2gc_2ERXhbnQ&dib_tag=se&m=ANBW5NGGTP7SK&marketplaceID=A39IBJ37TRP1C6&qid=1777190507&refinements=p_36%3A20500-21000&s=merchant-items&sr=1-138&xpid=WUmSudqhE22hN,平沼髙明先生追悼 医と法の課題と挑戦
4865563008,,,,
4865411615,JP Oversized,208.67,https://www.amazon.com.au/%E7%89%A9%E8%AA%9E/dp/4865411615/ref=sr_1_139?dib=eyJ2IjoiMSJ9._LuOBEb8dSJnpNBskpTNeFX6TipG7kkkm4rj3m84Ms8ci-mugedow4yVCmCmowhfYQDn91N8LX95Mov89bS9Cc_P29iTI7DZwzJ7qPFuzu8od1dktjLWXZH-Zz5rGZwM-TblayllpCwEidzqxl4PXiiH8fhZDShOVg9ChzUTGGU.YIGlyBS0MlGVnLzOC022hEIpnl5Yn7L2gc_2ERXhbnQ&dib_tag=se&m=ANBW5NGGTP7SK&marketplaceID=A39IBJ37TRP1C6&qid=1777190507&refinements=p_36%3A20500-21000&s=merchant-items&sr=1-139&xpid=WUmSudqhE22hN#customerReviews,物語
4865411615,,,,
B097G7WM1D,,213.56,https://www.amazon.com.au/BLUE-ICE-Aero-Lite-Screw/dp/B097G7WM1D/ref=sr_1_145?dib=eyJ2IjoiMSJ9.MwKnoSQgsmGF9gbeO5vPgAZa2QwPYdErR1nD-j9CgdscpSREjVrP5UDvuq2uCZESfgWYHidrWJMH32ZH3RB0qQ.C6Yf8wlq8bNK2NMsnsEzxLiB35vedbvEMUlF40VCfr4&dib_tag=se&m=ANBW5NGGTP7SK&marketplaceID=A39IBJ37TRP1C6&qid=1777190512&refinements=p_36%3A20500-21000&s=merchant-items&sr=1-145&xpid=WUmSudqhE22hN,Blue Ice Aero Lite Ice Screw - Green 22 cm
B097G7WM1D,,,,
4865198237,Tankobon Hardcover,207.61,https://www.amazon.com.au/%E3%80%90Web%E5%8B%95%E7%94%BB%E4%BB%98%E3%80%91%E5%84%AA%E6%8A%95%E7%94%9F%E5%A1%BE-%E6%8A%95%E7%90%83%E9%9A%9C%E5%AE%B3%E6%94%BB%E7%95%A5%E3%83%9E%E3%82%B9%E3%82%BF%E3%83%BC%E3%82%AC%E3%82%A4%E3%83%89/dp/4865198237/ref=sr_1_146?dib=eyJ2IjoiMSJ9.MwKnoSQgsmGF9gbeO5vPgAZa2QwPYdErR1nD-j9CgdscpSREjVrP5UDvuq2uCZESfgWYHidrWJMH32ZH3RB0qQ.C6Yf8wlq8bNK2NMsnsEzxLiB35vedbvEMUlF40VCfr4&dib_tag=se&m=ANBW5NGGTP7SK&marketplaceID=A39IBJ37TRP1C6&qid=1777190512&refinements=p_36%3A20500-21000&s=merchant-items&sr=1-146&xpid=WUmSudqhE22hN#customerReviews,【Web動画付】優投生塾 投球障害攻略マスターガイド
4865198237,,,,
4864980624,Tankobon Hardcover,208.87,https://www.amazon.com.au/%E5%9B%BD%E5%88%A5-%E4%B8%96%E7%95%8C%E9%A3%9F%E6%96%87%E5%8C%96%E3%83%8F%E3%83%B3%E3%83%89%E3%83%96%E3%83%83%E3%82%AF-%E3%83%98%E3%83%AC%E3%83%B3%E3%83%BBC%E3%83%BB%E3%83%96%E3%83%AA%E3%83%86%E3%82%A3%E3%83%B3/dp/4864980624/ref=sr_1_147?dib=eyJ2IjoiMSJ9.MwKnoSQgsmGF9gbeO5vPgAZa2QwPYdErR1nD-j9CgdscpSREjVrP5UDvuq2uCZESfgWYHidrWJMH32ZH3RB0qQ.C6Yf8wlq8bNK2NMsnsEzxLiB35vedbvEMUlF40VCfr4&dib_tag=se&m=ANBW5NGGTP7SK&marketplaceID=A39IBJ37TRP1C6&qid=1777190512&refinements=p_36%3A20500-21000&s=merchant-items&sr=1-147&xpid=WUmSudqhE22hN#customerReviews,国別 世界食文化ハンドブック
4864980624,,,,
B01MTKMQJM,,207.18,https://www.amazon.com.au/DAIWA-Spinning-Fishing-Segments-Compatible/dp/B01MTKMQJM/ref=sr_1_148?dib=eyJ2IjoiMSJ9.MwKnoSQgsmGF9gbeO5vPgAZa2QwPYdErR1nD-j9CgdscpSREjVrP5UDvuq2uCZESfgWYHidrWJMH32ZH3RB0qQ.C6Yf8wlq8bNK2NMsnsEzxLiB35vedbvEMUlF40VCfr4&dib_tag=se&m=ANBW5NGGTP7SK&marketplaceID=A39IBJ37TRP1C6&qid=1777190512&refinements=p_36%3A20500-21000&s=merchant-items&sr=1-148&xpid=WUmSudqhE22hN#customerReviews,DAIWA All-Purpose Kotsugi Stream X Various
B01MTKMQJM,,,,
4864926182,Tankobon Hardcover,207.29,https://www.amazon.com.au/%E6%85%B6%E6%87%89%E7%BE%A9%E5%A1%BE%E5%A4%A7%E5%AD%A6-2020%E5%B9%B4%E5%BA%A6-%E5%8C%BB%E5%AD%A6%E9%83%A8%E5%85%A5%E8%A9%A6%E5%95%8F%E9%A1%8C%E3%81%A8%E8%A7%A3%E7%AD%94-%E3%81%BF%E3%81%99%E3%81%9A%E5%AD%A6%E8%8B%91%E4%B8%AD%E5%A4%AE%E6%95%99%E8%82%B2%E7%A0%94%E7%A9%B6%E6%89%80/dp/4864926182/ref=sr_1_149?dib=eyJ2IjoiMSJ9.MwKnoSQgsmGF9gbeO5vPgAZa2QwPYdErR1nD-j9CgdscpSREjVrP5UDvuq2uCZESfgWYHidrWJMH32ZH3RB0qQ.C6Yf8wlq8bNK2NMsnsEzxLiB35vedbvEMUlF40VCfr4&dib_tag=se&m=ANBW5NGGTP7SK&marketplaceID=A39IBJ37TRP1C6&qid=1777190512&refinements=p_36%3A20500-21000&s=merchant-items&sr=1-149&xpid=WUmSudqhE22hN#customerReviews,慶應義塾大学 2020年度 (医学部入試問題と解答)
4864926182,,,,
486472427X,Paperback Bunko,209.29,https://www.amazon.com.au/%E9%BB%92%E7%8C%AB%E8%8C%B6%E6%88%BF%E3%81%AE%E5%9B%9B%E5%AD%A3%E3%81%A4%E3%81%A5%E3%82%8A-%E5%83%95%E3%81%A8%E5%81%BD%E5%9F%B7%E4%BA%8B%E3%81%A8%E8%81%B7%E4%BA%BA%E3%81%AE%E3%81%93%E3%81%97%E3%81%82%E3%82%93%E4%BA%8B%E6%83%85-TO%E6%96%87%E5%BA%AB/dp/486472427X/ref=sr_1_145?dib=eyJ2IjoiMSJ9.V6L8d-Ibfd3i1vjSnVnp9erYNDAXOngqPNLmIxsopfIHSLbDtln8At6E2H1H4lZA9cDd3iAHtPhf-GmGimf50pbxoK1ax_z-lheL5-R0MAbcEb38eubvCdJhjgCWr62wqS3djJwllRO3J-xxnIKvAd04PauV-oYWgGjNYYK0Iqc.O3gSsG-AC1GBYCdbOGydVRszUHnkNATLfbmwUWZoXEU&dib_tag=se&m=ANBW5NGGTP7SK&marketplaceID=A39IBJ37TRP1C6&qid=1777190512&refinements=p_36%3A20500-21000&s=merchant-items&sr=1-145&xpid=WUmSudqhE22hN#customerReviews,黒猫茶房の四季つづり ~僕と偽執事と職人のこしあん事情~ (TO文庫)
486472427X,,,,
4864722978,Paperback Bunko,206.66,https://www.amazon.com.au/%E3%81%AA%E3%82%8A%E3%81%99%E3%81%BE%E3%81%97-TO%E6%96%87%E5%BA%AB/dp/4864722978/ref=sr_1_146?dib=eyJ2IjoiMSJ9.V6L8d-Ibfd3i1vjSnVnp9erYNDAXOngqPNLmIxsopfIHSLbDtln8At6E2H1H4lZA9cDd3iAHtPhf-GmGimf50pbxoK1ax_z-lheL5-R0MAbcEb38eubvCdJhjgCWr62wqS3djJwllRO3J-xxnIKvAd04PauV-oYWgGjNYYK0Iqc.O3gSsG-AC1GBYCdbOGydVRszUHnkNATLfbmwUWZoXEU&dib_tag=se&m=ANBW5NGGTP7SK&marketplaceID=A39IBJ37TRP1C6&qid=1777190512&refinements=p_36%3A20500-21000&s=merchant-items&sr=1-146&xpid=WUmSudqhE22hN#customerReviews,なりすまし (TO文庫)
4864722978,,,,
4864422494,Tankobon Softcover,207.95,https://www.amazon.com.au/%E4%BB%BB%E4%BE%A0%E3%83%8F%E3%83%BC%E3%83%AC%E3%83%A0-%E3%82%A2%E3%83%97%E3%83%AC%E3%82%B3%E3%83%9F%E3%83%83%E3%82%AF%E3%82%B9/dp/4864422494/ref=sr_1_147?dib=eyJ2IjoiMSJ9.V6L8d-Ibfd3i1vjSnVnp9erYNDAXOngqPNLmIxsopfIHSLbDtln8At6E2H1H4lZA9cDd3iAHtPhf-GmGimf50pbxoK1ax_z-lheL5-R0MAbcEb38eubvCdJhjgCWr62wqS3djJwllRO3J-xxnIKvAd04PauV-oYWgGjNYYK0Iqc.O3gSsG-AC1GBYCdbOGydVRszUHnkNATLfbmwUWZoXEU&dib_tag=se&m=ANBW5NGGTP7SK&marketplaceID=A39IBJ37TRP1C6&qid=1777190512&refinements=p_36%3A20500-21000&s=merchant-items&sr=1-147&xpid=WUmSudqhE22hN#customerReviews,任侠ハーレム (アプレコミックス)
4864422494,,,,
B00CPZVHCI,,206.21,https://www.amazon.com.au/Boise%C2%AE-Multi-Use-Print-Letter-Brightness/dp/B00CPZVHCI/ref=sr_1_148?dib=eyJ2IjoiMSJ9.V6L8d-Ibfd3i1vjSnVnp9erYNDAXOngqPNLmIxsopfIHSLbDtln8At6E2H1H4lZA9cDd3iAHtPhf-GmGimf50pbxoK1ax_z-lheL5-R0MAbcEb38eubvCdJhjgCWr62wqS3djJwllRO3J-xxnIKvAd04PauV-oYWgGjNYYK0Iqc.O3gSsG-AC1GBYCdbOGydVRszUHnkNATLfbmwUWZoXEU&dib_tag=se&m=ANBW5NGGTP7SK&marketplaceID=A39IBJ37TRP1C6&qid=1777190512&refinements=p_36%3A20500-21000&s=merchant-items&sr=1-148&xpid=WUmSudqhE22hN#customerReviews,"Boise® X-9® Multi-Use Print & Copy Paper, Office Supplies, Letter Size (8 1/2'' x 11''), 92 (U.S.) Brightness, 24 Lb, White, Ream Of 500 Sh"
B00CPZVHCI,,,,
4864292760,Paperback,208.36,https://www.amazon.com.au/%E9%AB%98%E6%A0%A1%E7%94%9F%E3%83%BB%E5%8F%97%E9%A8%93%E7%94%9F%E3%83%BB%E5%A4%A7%E5%AD%A6%E7%94%9F%E3%81%AE%E3%81%9F%E3%82%81%E3%81%AE%E4%B8%AD%E5%A0%85%E5%A4%A7%E5%AD%A6%E6%B4%BB%E7%94%A8%E8%A1%93/dp/4864292760/ref=sr_1_149?dib=eyJ2IjoiMSJ9.V6L8d-Ibfd3i1vjSnVnp9erYNDAXOngqPNLmIxsopfIHSLbDtln8At6E2H1H4lZA9cDd3iAHtPhf-GmGimf50pbxoK1ax_z-lheL5-R0MAbcEb38eubvCdJhjgCWr62wqS3djJwllRO3J-xxnIKvAd04PauV-oYWgGjNYYK0Iqc.O3gSsG-AC1GBYCdbOGydVRszUHnkNATLfbmwUWZoXEU&dib_tag=se&m=ANBW5NGGTP7SK&marketplaceID=A39IBJ37TRP1C6&qid=1777190512&refinements=p_36%3A20500-21000&s=merchant-items&sr=1-149&xpid=WUmSudqhE22hN,高校生・受験生・大学生のための中堅大学活用術
4864292760,,,,
4864272085,Paperback Shinsho,208.2,https://www.amazon.com.au/%E5%A4%A7%E6%A9%8B%E9%8E%AD%E5%AD%90%E3%81%A8%E8%8A%B1%E6%A3%AE%E5%AE%89%E6%B2%BB%E3%80%8E%E6%9A%AE%E3%81%97%E3%81%AE%E6%89%8B%E5%B8%96%E3%80%8F%E4%BA%8C%E4%BA%BA%E4%B8%89%E8%84%9A%E7%89%A9%E8%AA%9E-%E5%A1%A9%E6%BE%A4-%E5%AE%9F%E4%BF%A1/dp/4864272085/ref=sr_1_150?dib=eyJ2IjoiMSJ9.V6L8d-Ibfd3i1vjSnVnp9erYNDAXOngqPNLmIxsopfIHSLbDtln8At6E2H1H4lZA9cDd3iAHtPhf-GmGimf50pbxoK1ax_z-lheL5-R0MAbcEb38eubvCdJhjgCWr62wqS3djJwllRO3J-xxnIKvAd04PauV-oYWgGjNYYK0Iqc.O3gSsG-AC1GBYCdbOGydVRszUHnkNATLfbmwUWZoXEU&dib_tag=se&m=ANBW5NGGTP7SK&marketplaceID=A39IBJ37TRP1C6&qid=1777190512&refinements=p_36%3A20500-21000&s=merchant-items&sr=1-150&xpid=WUmSudqhE22hN#customerReviews,大橋鎭子と花森安治『暮しの手帖』二人三脚物語
4864272085,,,,
B0CM27XSRL,,209.27,https://www.amazon.com.au/Kotobukiya-10-Sousai-Shojo-Teien/dp/B0CM27XSRL/ref=sr_1_151?dib=eyJ2IjoiMSJ9.V6L8d-Ibfd3i1vjSnVnp9erYNDAXOngqPNLmIxsopfIHSLbDtln8At6E2H1H4lZA9cDd3iAHtPhf-GmGimf50pbxoK1ax_z-lheL5-R0MAbcEb38eubvCdJhjgCWr62wqS3djJwllRO3J-xxnIKvAd04PauV-oYWgGjNYYK0Iqc.O3gSsG-AC1GBYCdbOGydVRszUHnkNATLfbmwUWZoXEU&dib_tag=se&m=ANBW5NGGTP7SK&marketplaceID=A39IBJ37TRP1C6&qid=1777190512&refinements=p_36%3A20500-21000&s=merchant-items&sr=1-151&xpid=WUmSudqhE22hN,Kotobukiya 1/10 Sousai Shojo Teien - Yomi [Black Canvas]
4864172129,Tankobon Hardcover,205.9,https://www.amazon.com.au/%E5%BB%BA%E7%AF%89%E9%96%A2%E4%BF%82%E6%B3%95%E4%BB%A4%E9%9B%86-%E6%B3%95%E4%BB%A4%E7%B7%A8S%E3%80%88%E5%B9%B3%E6%88%9029%E5%B9%B4%E7%89%88%E3%80%89/dp/4864172129/ref=sr_1_152?dib=eyJ2IjoiMSJ9.V6L8d-Ibfd3i1vjSnVnp9erYNDAXOngqPNLmIxsopfIHSLbDtln8At6E2H1H4lZA9cDd3iAHtPhf-GmGimf50pbxoK1ax_z-lheL5-R0MAbcEb38eubvCdJhjgCWr62wqS3djJwllRO3J-xxnIKvAd04PauV-oYWgGjNYYK0Iqc.O3gSsG-AC1GBYCdbOGydVRszUHnkNATLfbmwUWZoXEU&dib_tag=se&m=ANBW5NGGTP7SK&marketplaceID=A39IBJ37TRP1C6&qid=1777190512&refinements=p_36%3A20500-21000&s=merchant-items&sr=1-152&xpid=WUmSudqhE22hN#customerReviews,建築関係法令集 法令編S〈平成29年版〉
4864172129,,,,
4864170614,Tankobon Softcover,206.2,https://www.amazon.com.au/StudioPlex-volume1-%E5%BB%BA%E7%AF%89%E3%82%B9%E3%82%BF%E3%82%B8%E3%82%AA%E3%81%AE%E7%8F%BE%E5%9C%A8%E3%83%BB%E4%B8%96%E7%95%8C26%E6%A0%A1/dp/4864170614/ref=sr_1_153?dib=eyJ2IjoiMSJ9.V6L8d-Ibfd3i1vjSnVnp9erYNDAXOngqPNLmIxsopfIHSLbDtln8At6E2H1H4lZA9cDd3iAHtPhf-GmGimf50pbxoK1ax_z-lheL5-R0MAbcEb38eubvCdJhjgCWr62wqS3djJwllRO3J-xxnIKvAd04PauV-oYWgGjNYYK0Iqc.O3gSsG-AC1GBYCdbOGydVRszUHnkNATLfbmwUWZoXEU&dib_tag=se&m=ANBW5NGGTP7SK&marketplaceID=A39IBJ37TRP1C6&qid=1777190512&refinements=p_36%3A20500-21000&s=merchant-items&sr=1-153&xpid=WUmSudqhE22hN,StudioPlex volume1:建築スタジオの現在・世界26校
4864170614,,,,
4864050619,Tankobon Hardcover,206.11,https://www.amazon.com.au/%E4%B8%AD%E4%B8%96%E6%97%A5%E6%9C%AC%E3%81%AE%E7%A5%9E%E8%A9%B1%E3%83%BB%E6%96%87%E5%AD%97%E3%83%BB%E8%BA%AB%E4%BD%93/dp/4864050619/ref=sr_1_154?dib=eyJ2IjoiMSJ9.V6L8d-Ibfd3i1vjSnVnp9erYNDAXOngqPNLmIxsopfIHSLbDtln8At6E2H1H4lZA9cDd3iAHtPhf-GmGimf50pbxoK1ax_z-lheL5-R0MAbcEb38eubvCdJhjgCWr62wqS3djJwllRO3J-xxnIKvAd04PauV-oYWgGjNYYK0Iqc.O3gSsG-AC1GBYCdbOGydVRszUHnkNATLfbmwUWZoXEU&dib_tag=se&m=ANBW5NGGTP7SK&marketplaceID=A39IBJ37TRP1C6&qid=1777190512&refinements=p_36%3A20500-21000&s=merchant-items&sr=1-154&xpid=WUmSudqhE22hN#customerReviews,中世日本の神話・文字・身体
4864050619,,,,
4863670591,Tankobon Hardcover,206.84,https://www.amazon.com.au/%E5%88%A5%E8%A1%A8%E5%9B%9B%E3%83%BB%E4%BA%94-%E3%82%92%E4%B8%AD%E5%BF%83%E3%81%A8%E3%81%97%E3%81%9F-%E6%B3%95%E4%BA%BA%E7%A8%8E%E3%80%8C%E7%94%B3%E5%91%8A%E3%83%BB%E4%BF%AE%E6%AD%A3%E7%94%B3%E5%91%8A%E3%83%BB%E6%9B%B4%E6%AD%A3%E5%BE%8C%E3%81%AE%E5%87%A6%E7%90%86%E3%80%8D%E3%81%AE%E5%AE%9F%E5%8B%99Q-%E8%BE%B0%E5%B7%B3-%E5%BF%A0%E6%AC%A1/dp/4863670591/ref=sr_1_155?dib=eyJ2IjoiMSJ9.V6L8d-Ibfd3i1vjSnVnp9erYNDAXOngqPNLmIxsopfIHSLbDtln8At6E2H1H4lZA9cDd3iAHtPhf-GmGimf50pbxoK1ax_z-lheL5-R0MAbcEb38eubvCdJhjgCWr62wqS3djJwllRO3J-xxnIKvAd04PauV-oYWgGjNYYK0Iqc.O3gSsG-AC1GBYCdbOGydVRszUHnkNATLfbmwUWZoXEU&dib_tag=se&m=ANBW5NGGTP7SK&marketplaceID=A39IBJ37TRP1C6&qid=1777190512&refinements=p_36%3A20500-21000&s=merchant-items&sr=1-155&xpid=WUmSudqhE22hN#customerReviews,別表四・五(一)を中心とした 法人税「申告・修正申告・更正後の処理」の実務Q&A
4863670591,,,,
B00EC56CZQ,,206.26,https://www.amazon.com.au/KUBRICK-Kubrick-CAPSULE-DESTROYDER-COLLECTION/dp/B00EC56CZQ/ref=sr_1_161?dib=eyJ2IjoiMSJ9.VpeS3U0a2V6uNWzN8YaLltcoLrPyU-apP3r2AImTBWRocXqHWmzr2XHoWbUae4FEuj03xG4fnlJi1iZ8cHfgiQ.fshdahBU011C3iYKrPLl_-eCjIbpGHlfJwdbkrp6Pik&dib_tag=se&m=ANBW5NGGTP7SK&marketplaceID=A39IBJ37TRP1C6&qid=1777190518&refinements=p_36%3A20500-21000&s=merchant-items&sr=1-161&xpid=WUmSudqhE22hN#customerReviews,KUBRICK Kubrick THE MAD CAPSULE MARKETS DESTROYDER COLLECTION limited 8 body set
4863670400,Tankobon Hardcover,206.71,https://www.amazon.com.au/Q-%E5%8B%98%E5%AE%9A%E7%A7%91%E7%9B%AE%E3%81%AE%E5%AE%9F%E5%8B%99%E5%87%A6%E7%90%86%E3%83%8F%E3%83%B3%E3%83%89%E3%83%96%E3%83%83%E3%82%AF-%E8%BE%B0%E5%B7%B3%E5%85%AB%E6%A0%84%E5%AD%90/dp/4863670400/ref=sr_1_162?dib=eyJ2IjoiMSJ9.VpeS3U0a2V6uNWzN8YaLltcoLrPyU-apP3r2AImTBWRocXqHWmzr2XHoWbUae4FEuj03xG4fnlJi1iZ8cHfgiQ.fshdahBU011C3iYKrPLl_-eCjIbpGHlfJwdbkrp6Pik&dib_tag=se&m=ANBW5NGGTP7SK&marketplaceID=A39IBJ37TRP1C6&qid=1777190518&refinements=p_36%3A20500-21000&s=merchant-items&sr=1-162&xpid=WUmSudqhE22hN,Q&A 勘定科目の実務処理ハンドブック
4863670400,,,,
4863423012,JP Oversized,209.06,https://www.amazon.com.au/%E7%B5%B5%E6%9C%AC%E3%81%93%E3%81%A9%E3%82%82%E3%81%AB%E3%81%A4%E3%81%9F%E3%81%88%E3%82%8B%E8%AA%8D%E7%9F%A5%E7%97%87%E3%82%B7%E3%83%AA%E3%83%BC%E3%82%BA%E5%85%A85%E5%B7%BB-%E8%97%A4%E5%B7%9D-%E5%B9%B8%E4%B9%8B%E5%8A%A9/dp/4863423012/ref=sr_1_163?dib=eyJ2IjoiMSJ9.VpeS3U0a2V6uNWzN8YaLltcoLrPyU-apP3r2AImTBWRocXqHWmzr2XHoWbUae4FEuj03xG4fnlJi1iZ8cHfgiQ.fshdahBU011C3iYKrPLl_-eCjIbpGHlfJwdbkrp6Pik&dib_tag=se&m=ANBW5NGGTP7SK&marketplaceID=A39IBJ37TRP1C6&qid=1777190518&refinements=p_36%3A20500-21000&s=merchant-items&sr=1-163&xpid=WUmSudqhE22hN#customerReviews,絵本こどもにつたえる認知症シリーズ全5巻
4863423012,,,,
B07W3KZYNR,,209.93,https://www.amazon.com.au/Nihon-JU-1010G-inches-Thickness-403082/dp/B07W3KZYNR/ref=sr_1_164?dib=eyJ2IjoiMSJ9.VpeS3U0a2V6uNWzN8YaLltcoLrPyU-apP3r2AImTBWRocXqHWmzr2XHoWbUae4FEuj03xG4fnlJi1iZ8cHfgiQ.fshdahBU011C3iYKrPLl_-eCjIbpGHlfJwdbkrp6Pik&dib_tag=se&m=ANBW5NGGTP7SK&marketplaceID=A39IBJ37TRP1C6&qid=1777190518&refinements=p_36%3A20500-21000&s=merchant-items&sr=1-164&xpid=WUmSudqhE22hN,"Nihon Green Cross JU-1010G Heavy Duty Line Tape, Green, 3.9 inches (100 mm) Width x 32.8 ft (10 m), Thickness 0.04 inch (1 mm) 403082"
B07W3KZYNR,,,,
4863132808,Tankobon Hardcover,208.96,https://www.amazon.com.au/%E3%83%93%E3%82%B8%E3%83%A5%E3%82%A2%E3%83%AB%E5%B9%B4%E8%A1%A8%E3%81%A7%E8%AA%AD%E3%82%80-%E8%A5%BF%E6%B4%8B%E7%B5%B5%E7%94%BB-%E3%82%A4%E3%82%A2%E3%83%B3%E3%83%BB%E3%82%B6%E3%82%AF%E3%82%BC%E3%83%83%E3%82%AF/dp/4863132808/ref=sr_1_165?dib=eyJ2IjoiMSJ9.VpeS3U0a2V6uNWzN8YaLltcoLrPyU-apP3r2AImTBWRocXqHWmzr2XHoWbUae4FEuj03xG4fnlJi1iZ8cHfgiQ.fshdahBU011C3iYKrPLl_-eCjIbpGHlfJwdbkrp6Pik&dib_tag=se&m=ANBW5NGGTP7SK&marketplaceID=A39IBJ37TRP1C6&qid=1777190518&refinements=p_36%3A20500-21000&s=merchant-items&sr=1-165&xpid=WUmSudqhE22hN#customerReviews,ビジュアル年表で読む 西洋絵画
4863132808,,,,
486265875X,Tankobon Hardcover,205.99,https://www.amazon.com.au/Python%E3%81%A7%E5%AD%A6%E3%81%B6-%E5%9B%9E%E8%B7%AF%E3%82%B7%E3%83%9F%E3%83%A5%E3%83%AC%E3%83%BC%E3%82%B7%E3%83%A7%E3%83%B3%E3%81%A8%E3%83%A2%E3%83%87%E3%83%AA%E3%83%B3%E3%82%B0-%E7%9B%9B-%E5%81%A5%E6%AC%A1/dp/486265875X/ref=sr_1_161?dib=eyJ2IjoiMSJ9.jnywiyd0F8c2ekdyGxrCl8Xt-aAQQb-ZwdZeTOwB-6vvsUVfxdCO0pz8nXVvifItlc58fwPChtawpVdXGhpZUq-VkYQxsfqDhOsNq4HPXbEur8MN6gqCVgRbOErbCdKF89sGx-RTangdIwifVP9gynJ55zii9pdr7NhG8j3Q_6I.8sex5KlpqtFCBylra_BMPh7cOPCnXDWa0GJIIrpBNaY&dib_tag=se&m=ANBW5NGGTP7SK&marketplaceID=A39IBJ37TRP1C6&qid=1777190518&refinements=p_36%3A20500-21000&s=merchant-items&sr=1-161&xpid=WUmSudqhE22hN#customerReviews,Pythonで学ぶ 回路シミュレーションとモデリング
486265875X,,,,
B0BD7JLMNN,,207.15,https://www.amazon.com.au/Yamazaki-Industries-5838-Sorting-Approx/dp/B0BD7JLMNN/ref=sr_1_162?dib=eyJ2IjoiMSJ9.jnywiyd0F8c2ekdyGxrCl8Xt-aAQQb-ZwdZeTOwB-6vvsUVfxdCO0pz8nXVvifItlc58fwPChtawpVdXGhpZUq-VkYQxsfqDhOsNq4HPXbEur8MN6gqCVgRbOErbCdKF89sGx-RTangdIwifVP9gynJ55zii9pdr7NhG8j3Q_6I.8sex5KlpqtFCBylra_BMPh7cOPCnXDWa0GJIIrpBNaY&dib_tag=se&m=ANBW5NGGTP7SK&marketplaceID=A39IBJ37TRP1C6&qid=1777190518&refinements=p_36%3A20500-21000&s=merchant-items&sr=1-162&xpid=WUmSudqhE22hN#customerReviews,"Yamazaki Industries 5838 Slim Trash Bag Holder with Lid, Sorting, 10.2 gal (45 L), White, Approx. W 7.5 x D 15.7 x H 21.3 inches (19 x 40 x 54 cm), Tower, Trash Can, Easy to Remove Trash Bags"
B0BD7JLMNN,,,,
486097333X,Tankobon Hardcover,208.09,https://www.amazon.com.au/%E3%83%86%E3%82%B4%E3%83%9E%E3%82%B9%E3%80%882%E3%80%89%E6%89%8B%E8%B6%8A%E7%A5%90%E4%B9%9Fvs%E5%A2%97%E7%94%B0%E8%B2%B4%E4%B9%85/dp/486097333X/ref=sr_1_163?dib=eyJ2IjoiMSJ9.jnywiyd0F8c2ekdyGxrCl8Xt-aAQQb-ZwdZeTOwB-6vvsUVfxdCO0pz8nXVvifItlc58fwPChtawpVdXGhpZUq-VkYQxsfqDhOsNq4HPXbEur8MN6gqCVgRbOErbCdKF89sGx-RTangdIwifVP9gynJ55zii9pdr7NhG8j3Q_6I.8sex5KlpqtFCBylra_BMPh7cOPCnXDWa0GJIIrpBNaY&dib_tag=se&m=ANBW5NGGTP7SK&marketplaceID=A39IBJ37TRP1C6&qid=1777190518&refinements=p_36%3A20500-21000&s=merchant-items&sr=1-163&xpid=WUmSudqhE22hN#customerReviews,テゴマス〈2〉手越祐也vs増田貴久
486097333X,,,,
486060069X,Tankobon Hardcover,206.28,https://www.amazon.com.au/No-69-%E3%83%AA%E3%83%A0%E3%82%B9%E3%82%AD%E3%83%BC%E3%82%B3%E3%83%AB%E3%82%B5%E3%82%B3%E3%83%95-%E3%82%B7%E3%82%A7%E3%82%A8%E3%83%A9%E3%82%B6%E3%83%BC%E3%83%89-Kleine-Partitur/dp/486060069X/ref=sr_1_164?dib=eyJ2IjoiMSJ9.jnywiyd0F8c2ekdyGxrCl8Xt-aAQQb-ZwdZeTOwB-6vvsUVfxdCO0pz8nXVvifItlc58fwPChtawpVdXGhpZUq-VkYQxsfqDhOsNq4HPXbEur8MN6gqCVgRbOErbCdKF89sGx-RTangdIwifVP9gynJ55zii9pdr7NhG8j3Q_6I.8sex5KlpqtFCBylra_BMPh7cOPCnXDWa0GJIIrpBNaY&dib_tag=se&m=ANBW5NGGTP7SK&marketplaceID=A39IBJ37TRP1C6&qid=1777190518&refinements=p_36%3A20500-21000&s=merchant-items&sr=1-164&xpid=WUmSudqhE22hN#customerReviews,No.69 リムスキーコルサコフ シェエラザード (Kleine Partitur)
486060069X,,,,
B09RQHC6WX,,206.42,https://www.amazon.com.au/Coolline-Cooler-Fishing-Outdoors-Camping/dp/B09RQHC6WX/ref=sr_1_165?dib=eyJ2IjoiMSJ9.jnywiyd0F8c2ekdyGxrCl8Xt-aAQQb-ZwdZeTOwB-6vvsUVfxdCO0pz8nXVvifItlc58fwPChtawpVdXGhpZUq-VkYQxsfqDhOsNq4HPXbEur8MN6gqCVgRbOErbCdKF89sGx-RTangdIwifVP9gynJ55zii9pdr7NhG8j3Q_6I.8sex5KlpqtFCBylra_BMPh7cOPCnXDWa0GJIIrpBNaY&dib_tag=se&m=ANBW5NGGTP7SK&marketplaceID=A39IBJ37TRP1C6&qid=1777190518&refinements=p_36%3A20500-21000&s=merchant-items&sr=1-165&xpid=WUmSudqhE22hN#customerReviews,DAIWA Cool Line α3 Outdoor Camping Fishing 3.2 gal (10 L–25 L) Various
B09RQHC6WX,,,,
4846307654,Paperback Bunko,209.47,https://www.amazon.com.au/%E3%83%9D%E3%82%B1%E3%83%83%E3%83%88%E7%89%88-SUNRISE%E5%B5%90_%E6%BF%80%E5%8B%95%E3%81%AE3%E3%82%AB%E6%9C%88%E3%83%95%E3%82%A9%E3%83%88%E3%83%AC%E3%83%9D%E3%83%BC%E3%83%88/dp/4846307654/ref=sr_1_166?dib=eyJ2IjoiMSJ9.jnywiyd0F8c2ekdyGxrCl8Xt-aAQQb-ZwdZeTOwB-6vvsUVfxdCO0pz8nXVvifItlc58fwPChtawpVdXGhpZUq-VkYQxsfqDhOsNq4HPXbEur8MN6gqCVgRbOErbCdKF89sGx-RTangdIwifVP9gynJ55zii9pdr7NhG8j3Q_6I.8sex5KlpqtFCBylra_BMPh7cOPCnXDWa0GJIIrpBNaY&dib_tag=se&m=ANBW5NGGTP7SK&marketplaceID=A39IBJ37TRP1C6&qid=1777190518&refinements=p_36%3A20500-21000&s=merchant-items&sr=1-166&xpid=WUmSudqhE22hN,ポケット版 SUNRISE嵐―激動の3カ月フォトレポート
4846307654,,,,
484520472X,Tankobon Hardcover,206.68,https://www.amazon.com.au/2021%E5%B9%B4%E7%89%88-%E3%83%A2%E3%83%87%E3%83%AB%E8%B3%83%E9%87%91%E3%83%BB%E5%B9%B4%E5%8F%8E%E3%81%A8%E6%98%87%E7%B5%A6%E3%83%BB%E8%B3%9E%E4%B8%8E-%E8%B3%83%E9%87%91%E8%B3%87%E6%96%99%E3%82%B7%E3%83%AA%E3%83%BC%E3%82%BA1/dp/484520472X/ref=sr_1_167?dib=eyJ2IjoiMSJ9.jnywiyd0F8c2ekdyGxrCl8Xt-aAQQb-ZwdZeTOwB-6vvsUVfxdCO0pz8nXVvifItlc58fwPChtawpVdXGhpZUq-VkYQxsfqDhOsNq4HPXbEur8MN6gqCVgRbOErbCdKF89sGx-RTangdIwifVP9gynJ55zii9pdr7NhG8j3Q_6I.8sex5KlpqtFCBylra_BMPh7cOPCnXDWa0GJIIrpBNaY&dib_tag=se&m=ANBW5NGGTP7SK&marketplaceID=A39IBJ37TRP1C6&qid=1777190518&refinements=p_36%3A20500-21000&s=merchant-items&sr=1-167&xpid=WUmSudqhE22hN#customerReviews,2021年版 モデル賃金・年収と昇給・賞与 (賃金資料シリーズ1)
484520472X,,,,
B09JGN1B7W,,207.72,https://www.amazon.com.au/774-Inc-Honeystrap-Shimamura-Charlotte/dp/B09JGN1B7W/ref=sr_1_168?dib=eyJ2IjoiMSJ9.jnywiyd0F8c2ekdyGxrCl8Xt-aAQQb-ZwdZeTOwB-6vvsUVfxdCO0pz8nXVvifItlc58fwPChtawpVdXGhpZUq-VkYQxsfqDhOsNq4HPXbEur8MN6gqCVgRbOErbCdKF89sGx-RTangdIwifVP9gynJ55zii9pdr7NhG8j3Q_6I.8sex5KlpqtFCBylra_BMPh7cOPCnXDWa0GJIIrpBNaY&dib_tag=se&m=ANBW5NGGTP7SK&marketplaceID=A39IBJ37TRP1C6&qid=1777190518&refinements=p_36%3A20500-21000&s=merchant-items&sr=1-168&xpid=WUmSudqhE22hN,774 Inc. - Honeystrap Shimamura Charlotte 1/7 PVC Figure
4843338494,Tankobon Hardcover,205.99,https://www.amazon.com.au/%E5%A4%A7%E9%98%AA%E5%87%BA%E7%89%88%E6%96%87%E5%8C%96%E8%B3%87%E6%96%99%E9%9B%86%E3%80%88%E7%AC%AC3%E5%B7%BB%E3%80%89%E8%A8%98%E6%86%B6%E3%82%92%E8%BE%BF%E3%82%8A%E3%81%A6-%E6%9B%B8%E8%AA%8C%E6%9B%B8%E7%9B%AE%E3%82%B7%E3%83%AA%E3%83%BC%E3%82%BA/dp/4843338494/ref=sr_1_169?dib=eyJ2IjoiMSJ9.jnywiyd0F8c2ekdyGxrCl8Xt-aAQQb-ZwdZeTOwB-6vvsUVfxdCO0pz8nXVvifItlc58fwPChtawpVdXGhpZUq-VkYQxsfqDhOsNq4HPXbEur8MN6gqCVgRbOErbCdKF89sGx-RTangdIwifVP9gynJ55zii9pdr7NhG8j3Q_6I.8sex5KlpqtFCBylra_BMPh7cOPCnXDWa0GJIIrpBNaY&dib_tag=se&m=ANBW5NGGTP7SK&marketplaceID=A39IBJ37TRP1C6&qid=1777190518&refinements=p_36%3A20500-21000&s=merchant-items&sr=1-169&xpid=WUmSudqhE22hN,大阪出版文化資料集〈第3巻〉記憶を辿りて (書誌書目シリーズ)
4843338494,,,,
4843330361,JP Oversized,209.26,https://www.amazon.com.au/%E5%9C%B0%E7%90%83%E6%B8%A9%E6%9A%96%E5%8C%96-%E8%87%AA%E7%84%B6%E7%81%BD%E5%AE%B3%E3%81%AE%E6%81%90%E6%80%96%E3%80%88%E7%AC%AC4%E5%B7%BB%E3%80%89%E3%83%8F%E3%83%AA%E3%82%B1%E3%83%BC%E3%83%B3%E3%83%BB%E7%AB%9C%E5%B7%BB%E3%83%BB%E9%9B%B7/dp/4843330361/ref=sr_1_170?dib=eyJ2IjoiMSJ9.jnywiyd0F8c2ekdyGxrCl8Xt-aAQQb-ZwdZeTOwB-6vvsUVfxdCO0pz8nXVvifItlc58fwPChtawpVdXGhpZUq-VkYQxsfqDhOsNq4HPXbEur8MN6gqCVgRbOErbCdKF89sGx-RTangdIwifVP9gynJ55zii9pdr7NhG8j3Q_6I.8sex5KlpqtFCBylra_BMPh7cOPCnXDWa0GJIIrpBNaY&dib_tag=se&m=ANBW5NGGTP7SK&marketplaceID=A39IBJ37TRP1C6&qid=1777190518&refinements=p_36%3A20500-21000&s=merchant-items&sr=1-170&xpid=WUmSudqhE22hN,地球温暖化 自然災害の恐怖〈第4巻〉ハリケーン・竜巻・雷
4843330361,,,,
B08R33YR8N,,207.54,https://www.amazon.com.au/LICORNE-Idolmaster-Cinderella-Statuette-Hisakawa/dp/B08R33YR8N/ref=sr_1_171?dib=eyJ2IjoiMSJ9.jnywiyd0F8c2ekdyGxrCl8Xt-aAQQb-ZwdZeTOwB-6vvsUVfxdCO0pz8nXVvifItlc58fwPChtawpVdXGhpZUq-VkYQxsfqDhOsNq4HPXbEur8MN6gqCVgRbOErbCdKF89sGx-RTangdIwifVP9gynJ55zii9pdr7NhG8j3Q_6I.8sex5KlpqtFCBylra_BMPh7cOPCnXDWa0GJIIrpBNaY&dib_tag=se&m=ANBW5NGGTP7SK&marketplaceID=A39IBJ37TRP1C6&qid=1777190518&refinements=p_36%3A20500-21000&s=merchant-items&sr=1-171&xpid=WUmSudqhE22hN,LICORNE The Idolmaster Cinderella Girls Statuette PVC 1/7 Hayate Hisakawa 21 cm
4840482160,Tankobon Softcover,205.41,https://www.amazon.com.au/%E6%94%B9%E8%A8%82%E7%89%88-%E4%B8%8B%E9%83%A8%E5%B0%BF%E8%B7%AF%E6%A9%9F%E8%83%BD%E9%9A%9C%E5%AE%B3%E3%81%AE%E6%B2%BB%E7%99%82%E3%81%A8%E3%82%B1%E3%82%A2-%E7%97%85%E6%85%8B%E3%81%AE%E7%90%86%E8%A7%A3%E3%81%A8%E5%AE%9F%E8%B7%B5%E3%81%AB%E5%BD%B9%E7%AB%8B%E3%81%A4-%E8%B0%B7%E5%8F%A3-%E7%8F%A0%E5%AE%9F/dp/4840482160/ref=sr_1_177?dib=eyJ2IjoiMSJ9.gDG2HMrBIR9zdihY6X7sF3NNBmY_018LVD7a8-AX7vx2fmOBEoczTWl1Jwxfuuj1F77YYf3iz78YmjwZJNYyoQ.hzsiG2-N8EiD6oNZXwTqjybHgwD26J-1hTbqrdNC6QU&dib_tag=se&m=ANBW5NGGTP7SK&marketplaceID=A39IBJ37TRP1C6&qid=1777190524&refinements=p_36%3A20500-21000&s=merchant-items&sr=1-177&xpid=WUmSudqhE22hN#customerReviews,改訂版　下部尿路機能障害の治療とケア: 病態の理解と実践に役立つ
4840482160,,,,
4840481784,Tankobon Softcover,205.84,https://www.amazon.com.au/%E8%84%B3%E6%A9%9F%E8%83%BD-%E5%85%A5%E9%96%80-%E6%A9%9F%E8%83%BD%E5%B1%80%E5%9C%A8%E3%81%8B%E3%82%89%E7%97%87%E7%8A%B6%E3%83%BB%E3%83%AA%E3%83%8F%E3%83%93%E3%83%AA%E3%81%BE%E3%81%A7%EF%BC%8F%E5%AE%9F%E9%9A%9B%E3%81%AE%E7%97%87%E7%8A%B6%E3%81%8C%E5%88%86%E3%81%8B%E3%82%8B%E5%8B%95%E7%94%BB60%E6%9C%AC%E4%BB%98%E3%81%8D-%E4%B8%AD%E7%94%B0-%E5%85%89%E4%BF%8A/dp/4840481784/ref=sr_1_178?dib=eyJ2IjoiMSJ9.gDG2HMrBIR9zdihY6X7sF3NNBmY_018LVD7a8-AX7vx2fmOBEoczTWl1Jwxfuuj1F77YYf3iz78YmjwZJNYyoQ.hzsiG2-N8EiD6oNZXwTqjybHgwD26J-1hTbqrdNC6QU&dib_tag=se&m=ANBW5NGGTP7SK&marketplaceID=A39IBJ37TRP1C6&qid=1777190524&refinements=p_36%3A20500-21000&s=merchant-items&sr=1-178&xpid=WUmSudqhE22hN#customerReviews,脳機能 入門: 機能局在から症状・リハビリまで／実際の症状が分かる動画60本付き
4840481784,,,,
4840471967,Tankobon Softcover,206.14,https://www.amazon.com.au/%E6%96%B0%E7%89%88-%E5%AE%9F%E8%B7%B5-%E7%B8%AB%E5%90%88%E3%81%AE%E5%9F%BA%E6%9C%AC%E3%83%86%E3%82%AF%E3%83%8B%E3%83%83%E3%82%AF-%E7%B8%AB%E5%90%88%E7%B7%B4%E7%BF%92%E7%94%A8%E7%9A%AE%E8%86%9A%E3%83%A2%E3%83%87%E3%83%AB%E3%81%A7%E5%AD%A6%E3%81%B6-%E5%89%B5%E5%87%A6%E7%BD%AE%E3%80%81%E9%81%8B%E9%87%9D%E3%80%81%E7%B3%B8%E7%B5%90%E3%81%B3%E3%80%81%E6%8A%9C%E7%B3%B8%E3%81%BE%E3%81%A7/dp/4840471967/ref=sr_1_179?dib=eyJ2IjoiMSJ9.gDG2HMrBIR9zdihY6X7sF3NNBmY_018LVD7a8-AX7vx2fmOBEoczTWl1Jwxfuuj1F77YYf3iz78YmjwZJNYyoQ.hzsiG2-N8EiD6oNZXwTqjybHgwD26J-1hTbqrdNC6QU&dib_tag=se&m=ANBW5NGGTP7SK&marketplaceID=A39IBJ37TRP1C6&qid=1777190524&refinements=p_36%3A20500-21000&s=merchant-items&sr=1-179&xpid=WUmSudqhE22hN#customerReviews,新版 実践 縫合の基本テクニック: WEB動画&縫合練習用皮膚モデルで学ぶ ~創処置、運針、糸結び、抜糸まで~
4840471967,,,,
4840458383,Tankobon Hardcover,205.41,https://www.amazon.com.au/Children-Point-Care-Ultrasound-Evaluate/dp/4840458383/ref=sr_1_180?dib=eyJ2IjoiMSJ9.gDG2HMrBIR9zdihY6X7sF3NNBmY_018LVD7a8-AX7vx2fmOBEoczTWl1Jwxfuuj1F77YYf3iz78YmjwZJNYyoQ.hzsiG2-N8EiD6oNZXwTqjybHgwD26J-1hTbqrdNC6QU&dib_tag=se&m=ANBW5NGGTP7SK&marketplaceID=A39IBJ37TRP1C6&qid=1777190524&refinements=p_36%3A20500-21000&s=merchant-items&sr=1-180&xpid=WUmSudqhE22hN#customerReviews,小児のPoint of Care Ultrasound: エコーでABCDを評価しよう!
4840458383,,,,
4760926844,JP Oversized,209.14,https://www.amazon.com.au/%E5%A5%B3%E5%A3%B0%E5%90%88%E5%94%B1%E3%81%AE%E3%81%9F%E3%82%81%E3%81%AE-%E3%83%95%E3%82%A9%E3%82%B9%E3%82%BF%E3%83%BC%E3%82%A2%E3%83%AB%E3%83%90%E3%83%A0/dp/4760926844/ref=sr_1_181?dib=eyJ2IjoiMSJ9.gDG2HMrBIR9zdihY6X7sF3NNBmY_018LVD7a8-AX7vx2fmOBEoczTWl1Jwxfuuj1F77YYf3iz78YmjwZJNYyoQ.hzsiG2-N8EiD6oNZXwTqjybHgwD26J-1hTbqrdNC6QU&dib_tag=se&m=ANBW5NGGTP7SK&marketplaceID=A39IBJ37TRP1C6&qid=1777190524&refinements=p_36%3A20500-21000&s=merchant-items&sr=1-181&xpid=WUmSudqhE22hN#customerReviews,女声合唱のための フォスターアルバム (2684)
4760926844,,,,
483260743X,Tankobon Softcover,209.3,https://www.amazon.com.au/%E3%82%B9%E3%82%BF%E3%83%B3%E3%83%80%E3%83%BC%E3%83%89%E7%89%88-APG%E6%A8%B9%E6%9C%A8%E5%9B%B3%E9%91%91/dp/483260743X/ref=sr_1_177?dib=eyJ2IjoiMSJ9.yaGzkpCRn0jYk_2VWKIB6Fm3BP1vQ7qc6LVKg2K8bJlPFe5Ndnk84VWwfcHT9Cka9OodueolyjXPth7z18Lqnh2vKjgeq9efkR-qpIyc-cq8F247E-8GlEEsHxjyriHgFq7zRrozKyTrMCpdB5M-wsaBKL77fLbT6bhta-LAbfU.FsaUEMEvx8Z7OtioTL8b0EP-cmZpB3NshKw6b7RBInE&dib_tag=se&m=ANBW5NGGTP7SK&marketplaceID=A39IBJ37TRP1C6&qid=1777190524&refinements=p_36%3A20500-21000&s=merchant-items&sr=1-177&xpid=WUmSudqhE22hN#customerReviews,スタンダード版 APG樹木図鑑
483260743X,,,,
4831873748,Tankobon Hardcover,207.44,https://www.amazon.com.au/%E6%AF%94%E5%8F%A1%E5%B1%B1%E4%BB%8F%E6%95%99%E3%81%AE%E7%A0%94%E7%A9%B6/dp/4831873748/ref=sr_1_178?dib=eyJ2IjoiMSJ9.yaGzkpCRn0jYk_2VWKIB6Fm3BP1vQ7qc6LVKg2K8bJlPFe5Ndnk84VWwfcHT9Cka9OodueolyjXPth7z18Lqnh2vKjgeq9efkR-qpIyc-cq8F247E-8GlEEsHxjyriHgFq7zRrozKyTrMCpdB5M-wsaBKL77fLbT6bhta-LAbfU.FsaUEMEvx8Z7OtioTL8b0EP-cmZpB3NshKw6b7RBInE&dib_tag=se&m=ANBW5NGGTP7SK&marketplaceID=A39IBJ37TRP1C6&qid=1777190524&refinements=p_36%3A20500-21000&s=merchant-items&sr=1-178&xpid=WUmSudqhE22hN,比叡山仏教の研究
4831873748,,,,
463602043X,Sheet music,208.22,https://www.amazon.com.au/%E3%83%97%E3%83%83%E3%83%81%E3%83%BC%E3%83%8B-%E3%82%AA%E3%83%9A%E3%83%A9%E3%80%8C%E3%83%88%E3%82%A5%E3%83%BC%E3%83%A9%E3%83%B3%E3%83%89%E3%83%83%E3%83%88%E3%80%8D-%E3%83%AA%E3%82%B3%E3%83%AB%E3%83%87%E3%82%A3%E7%A4%BE-%E3%83%94%E3%82%A2%E3%83%8E%E3%83%BB%E3%83%B4%E3%82%A9%E3%83%BC%E3%82%AB%E3%83%AB%E3%83%BB%E3%82%B9%E3%82%B3%E3%82%A2/dp/463602043X/ref=sr_1_179?dib=eyJ2IjoiMSJ9.yaGzkpCRn0jYk_2VWKIB6Fm3BP1vQ7qc6LVKg2K8bJlPFe5Ndnk84VWwfcHT9Cka9OodueolyjXPth7z18Lqnh2vKjgeq9efkR-qpIyc-cq8F247E-8GlEEsHxjyriHgFq7zRrozKyTrMCpdB5M-wsaBKL77fLbT6bhta-LAbfU.FsaUEMEvx8Z7OtioTL8b0EP-cmZpB3NshKw6b7RBInE&dib_tag=se&m=ANBW5NGGTP7SK&marketplaceID=A39IBJ37TRP1C6&qid=1777190524&refinements=p_36%3A20500-21000&s=merchant-items&sr=1-179&xpid=WUmSudqhE22hN#customerReviews,プッチーニ : オペラ「トゥーランドット」/リコルディ社/ピアノ・ヴォーカル・スコア
463602043X,,,,
4831872156,Tankobon Hardcover,208.8,https://www.amazon.com.au/%E3%80%8C%E3%81%95%E3%81%95%E3%81%88%E3%81%82%E3%81%84%E3%80%8D%E3%81%AE%E4%BA%BA%E9%96%93%E5%AD%A6-%E7%A7%81%E3%81%9F%E3%81%A1%E3%81%99%E3%81%B9%E3%81%A6%E3%81%8C%E3%80%8C%E8%80%81%E4%BA%BA%E3%80%8D-%E3%80%8C%E9%9A%9C%E5%AE%B3%E8%80%85%E3%80%8D-%E3%80%8C%E6%9C%AB%E6%9C%9F%E6%82%A3%E8%80%85%E3%80%8D%E3%81%A8%E3%81%AA%E3%82%8B%E6%99%82%E4%BB%A3%E3%81%AE%E7%A4%BE%E4%BC%9A%E5%8E%9F%E7%90%86%E3%81%AE%E6%8E%A2%E7%A9%B6-%E8%B5%A4%E6%9E%97/dp/4831872156/ref=sr_1_180?dib=eyJ2IjoiMSJ9.yaGzkpCRn0jYk_2VWKIB6Fm3BP1vQ7qc6LVKg2K8bJlPFe5Ndnk84VWwfcHT9Cka9OodueolyjXPth7z18Lqnh2vKjgeq9efkR-qpIyc-cq8F247E-8GlEEsHxjyriHgFq7zRrozKyTrMCpdB5M-wsaBKL77fLbT6bhta-LAbfU.FsaUEMEvx8Z7OtioTL8b0EP-cmZpB3NshKw6b7RBInE&dib_tag=se&m=ANBW5NGGTP7SK&marketplaceID=A39IBJ37TRP1C6&qid=1777190524&refinements=p_36%3A20500-21000&s=merchant-items&sr=1-180&xpid=WUmSudqhE22hN#customerReviews,「ささえあい」の人間学: 私たちすべてが「老人」+「障害者」+「末期患者」となる時代の社会原理の探究
4831872156,,,,
4830645490,Tankobon Hardcover,208.15,https://www.amazon.com.au/%E8%84%B3%E5%8D%92%E4%B8%AD%E3%81%AB%E5%AF%BE%E3%81%99%E3%82%8B%E6%A8%99%E6%BA%96%E7%9A%84%E7%90%86%E5%AD%A6%E7%99%82%E6%B3%95%E4%BB%8B%E5%85%A5/dp/4830645490/ref=sr_1_181?dib=eyJ2IjoiMSJ9.yaGzkpCRn0jYk_2VWKIB6Fm3BP1vQ7qc6LVKg2K8bJlPFe5Ndnk84VWwfcHT9Cka9OodueolyjXPth7z18Lqnh2vKjgeq9efkR-qpIyc-cq8F247E-8GlEEsHxjyriHgFq7zRrozKyTrMCpdB5M-wsaBKL77fLbT6bhta-LAbfU.FsaUEMEvx8Z7OtioTL8b0EP-cmZpB3NshKw6b7RBInE&dib_tag=se&m=ANBW5NGGTP7SK&marketplaceID=A39IBJ37TRP1C6&qid=1777190524&refinements=p_36%3A20500-21000&s=merchant-items&sr=1-181&xpid=WUmSudqhE22hN#customerReviews,脳卒中に対する標準的理学療法介入
4830645490,,,,
B079PLLTQM,,207.62,https://www.amazon.com.au/BMO-Japan-20Z0075-Boat-inches/dp/B079PLLTQM/ref=sr_1_182?dib=eyJ2IjoiMSJ9.yaGzkpCRn0jYk_2VWKIB6Fm3BP1vQ7qc6LVKg2K8bJlPFe5Ndnk84VWwfcHT9Cka9OodueolyjXPth7z18Lqnh2vKjgeq9efkR-qpIyc-cq8F247E-8GlEEsHxjyriHgFq7zRrozKyTrMCpdB5M-wsaBKL77fLbT6bhta-LAbfU.FsaUEMEvx8Z7OtioTL8b0EP-cmZpB3NshKw6b7RBInE&dib_tag=se&m=ANBW5NGGTP7SK&marketplaceID=A39IBJ37TRP1C6&qid=1777190524&refinements=p_36%3A20500-21000&s=merchant-items&sr=1-182&xpid=WUmSudqhE22hN,BMO Japan 20Z0075 IF Boat Rail Set (31.5 inches (800 mm)
B079PLLTQM,,,,
4830605170,Tankobon Hardcover,205.05,https://www.amazon.com.au/%E3%82%B9%E3%82%BF%E3%83%B3%E3%83%80%E3%83%BC%E3%83%89%E5%BE%AE%E7%94%9F%E7%89%A9%E5%AD%A6-%E4%BF%9D%E5%81%A5%E5%BE%AE%E7%94%9F%E7%89%A9%E5%AD%A6%E3%83%BB%E6%84%9F%E6%9F%93%E7%97%87%E5%AD%A6/dp/4830605170/ref=sr_1_183?dib=eyJ2IjoiMSJ9.yaGzkpCRn0jYk_2VWKIB6Fm3BP1vQ7qc6LVKg2K8bJlPFe5Ndnk84VWwfcHT9Cka9OodueolyjXPth7z18Lqnh2vKjgeq9efkR-qpIyc-cq8F247E-8GlEEsHxjyriHgFq7zRrozKyTrMCpdB5M-wsaBKL77fLbT6bhta-LAbfU.FsaUEMEvx8Z7OtioTL8b0EP-cmZpB3NshKw6b7RBInE&dib_tag=se&m=ANBW5NGGTP7SK&marketplaceID=A39IBJ37TRP1C6&qid=1777190524&refinements=p_36%3A20500-21000&s=merchant-items&sr=1-183&xpid=WUmSudqhE22hN#customerReviews,スタンダード微生物学: 保健微生物学・感染症学
4830605170,,,,
4829984082,Tankobon Hardcover,208.44,https://www.amazon.com.au/%E6%97%A5%E6%9C%AC%E3%81%AE%E3%83%88%E3%83%B3%E3%83%9C-%E6%94%B9%E8%A8%82%E7%89%88-%E3%83%8D%E3%82%A4%E3%83%81%E3%83%A3%E3%83%BC%E3%82%AC%E3%82%A4%E3%83%89-%E5%B0%BE%E5%9C%92-%E6%9A%81/dp/4829984082/ref=sr_1_184?dib=eyJ2IjoiMSJ9.yaGzkpCRn0jYk_2VWKIB6Fm3BP1vQ7qc6LVKg2K8bJlPFe5Ndnk84VWwfcHT9Cka9OodueolyjXPth7z18Lqnh2vKjgeq9efkR-qpIyc-cq8F247E-8GlEEsHxjyriHgFq7zRrozKyTrMCpdB5M-wsaBKL77fLbT6bhta-LAbfU.FsaUEMEvx8Z7OtioTL8b0EP-cmZpB3NshKw6b7RBInE&dib_tag=se&m=ANBW5NGGTP7SK&marketplaceID=A39IBJ37TRP1C6&qid=1777190524&refinements=p_36%3A20500-21000&s=merchant-items&sr=1-184&xpid=WUmSudqhE22hN#customerReviews,日本のトンボ 改訂版 (ネイチャーガイド)
4829984082,,,,
B07QPJCHY6,,207.79,https://www.amazon.com.au/REC-MOUNT25-RM25-A46-B1-C5-Smartphone-Mount-Set/dp/B07QPJCHY6/ref=sr_1_185?dib=eyJ2IjoiMSJ9.yaGzkpCRn0jYk_2VWKIB6Fm3BP1vQ7qc6LVKg2K8bJlPFe5Ndnk84VWwfcHT9Cka9OodueolyjXPth7z18Lqnh2vKjgeq9efkR-qpIyc-cq8F247E-8GlEEsHxjyriHgFq7zRrozKyTrMCpdB5M-wsaBKL77fLbT6bhta-LAbfU.FsaUEMEvx8Z7OtioTL8b0EP-cmZpB3NshKw6b7RBInE&dib_tag=se&m=ANBW5NGGTP7SK&marketplaceID=A39IBJ37TRP1C6&qid=1777190524&refinements=p_36%3A20500-21000&s=merchant-items&sr=1-185&xpid=WUmSudqhE22hN#customerReviews,REC-MOUNT25 RM25-A46-B1-C5 Smartphone Mount Set (A46 + B1+C5)
B07QPJCHY6,,,,
4823301250,JP Oversized,206.1,https://www.amazon.com.au/%E5%AF%8C%E3%81%AE%E5%89%B5%E9%80%A0%E6%B3%95-_%E6%BF%80%E5%8B%95%E6%99%82%E4%BB%A3%E3%82%92%E5%8B%9D%E3%81%A1%E6%8A%9C%E3%81%8F%E7%B5%8C%E5%96%B6%E3%81%AE%E7%8E%8B%E9%81%93_-%E5%A4%A7%E5%B7%9D-%E9%9A%86%E6%B3%95/dp/4823301250/ref=sr_1_186?dib=eyJ2IjoiMSJ9.yaGzkpCRn0jYk_2VWKIB6Fm3BP1vQ7qc6LVKg2K8bJlPFe5Ndnk84VWwfcHT9Cka9OodueolyjXPth7z18Lqnh2vKjgeq9efkR-qpIyc-cq8F247E-8GlEEsHxjyriHgFq7zRrozKyTrMCpdB5M-wsaBKL77fLbT6bhta-LAbfU.FsaUEMEvx8Z7OtioTL8b0EP-cmZpB3NshKw6b7RBInE&dib_tag=se&m=ANBW5NGGTP7SK&marketplaceID=A39IBJ37TRP1C6&qid=1777190524&refinements=p_36%3A20500-21000&s=merchant-items&sr=1-186&xpid=WUmSudqhE22hN#customerReviews,富の創造法 ―激動時代を勝ち抜く経営の王道―
4823301250,,,,
4818823600,Tankobon Hardcover,208.44,https://www.amazon.com.au/%E6%9D%91%E8%90%BD%E3%81%8B%E3%82%89%E3%81%BF%E3%81%9F%E5%B8%82%E8%A1%97%E5%9C%B0%E5%BD%A2%E6%88%90-%E4%BA%BA%E3%81%A8%E5%9C%9F%E5%9C%B0%E3%83%BB%E6%B0%B4%E3%81%AE%E9%96%A2%E4%BF%82%E5%8F%B2-1925-73%E5%B9%B4-%E6%B2%BC%E5%B0%BB-%E6%99%83%E4%BC%B8/dp/4818823600/ref=sr_1_187?dib=eyJ2IjoiMSJ9.yaGzkpCRn0jYk_2VWKIB6Fm3BP1vQ7qc6LVKg2K8bJlPFe5Ndnk84VWwfcHT9Cka9OodueolyjXPth7z18Lqnh2vKjgeq9efkR-qpIyc-cq8F247E-8GlEEsHxjyriHgFq7zRrozKyTrMCpdB5M-wsaBKL77fLbT6bhta-LAbfU.FsaUEMEvx8Z7OtioTL8b0EP-cmZpB3NshKw6b7RBInE&dib_tag=se&m=ANBW5NGGTP7SK&marketplaceID=A39IBJ37TRP1C6&qid=1777190524&refinements=p_36%3A20500-21000&s=merchant-items&sr=1-187&xpid=WUmSudqhE22hN,村落からみた市街地形成: 人と土地・水の関係史 尼崎 1925~73年
4818823600,,,,
B09M7CHWR4,,209.7,https://www.amazon.com.au/TAMASHII-Nations-Figuarts-Kamen-Tatoba/dp/B09M7CHWR4/ref=sr_1_193?dib=eyJ2IjoiMSJ9.7LMfveeGiF8PNeks1pb5FlW_hrZXl_O3EiXFdodquecA_7TBnvInCh6hcfocI7NRNEF6uCATUyBiMLgUN4nidg.3htdLjMVnfzM2EmYI8zNbA8hi5Q1vpv0vAaC8win-0w&dib_tag=se&m=ANBW5NGGTP7SK&marketplaceID=A39IBJ37TRP1C6&qid=1777190529&refinements=p_36%3A20500-21000&s=merchant-items&sr=1-193&xpid=WUmSudqhE22hN#customerReviews,"TAMASHII Nations S.H. Figuarts Kamen Rider OOO Super Tatoba Combo Kamen Rider OOO, Multi"
4818823538,Tankobon Hardcover,208.33,https://www.amazon.com.au/IMF%E3%81%A8%E4%B8%96%E7%95%8C%E9%8A%80%E8%A1%8C%E3%81%AE%E8%AA%95%E7%94%9F-%E7%89%A7%E9%87%8E-%E8%A3%95/dp/4818823538/ref=sr_1_194?dib=eyJ2IjoiMSJ9.7LMfveeGiF8PNeks1pb5FlW_hrZXl_O3EiXFdodquecA_7TBnvInCh6hcfocI7NRNEF6uCATUyBiMLgUN4nidg.3htdLjMVnfzM2EmYI8zNbA8hi5Q1vpv0vAaC8win-0w&dib_tag=se&m=ANBW5NGGTP7SK&marketplaceID=A39IBJ37TRP1C6&qid=1777190529&refinements=p_36%3A20500-21000&s=merchant-items&sr=1-194&xpid=WUmSudqhE22hN,IMFと世界銀行の誕生
4818823538,,,,
4818822051,Tankobon Hardcover,207.98,https://www.amazon.com.au/20%E4%B8%96%E7%B4%80%E3%83%AD%E3%82%B7%E3%82%A2%E3%81%AE%E8%BE%B2%E6%B0%91%E4%B8%96%E7%95%8C/dp/4818822051/ref=sr_1_195?dib=eyJ2IjoiMSJ9.7LMfveeGiF8PNeks1pb5FlW_hrZXl_O3EiXFdodquecA_7TBnvInCh6hcfocI7NRNEF6uCATUyBiMLgUN4nidg.3htdLjMVnfzM2EmYI8zNbA8hi5Q1vpv0vAaC8win-0w&dib_tag=se&m=ANBW5NGGTP7SK&marketplaceID=A39IBJ37TRP1C6&qid=1777190529&refinements=p_36%3A20500-21000&s=merchant-items&sr=1-195&xpid=WUmSudqhE22hN,20世紀ロシアの農民世界
4818822051,,,,
B086712Q88,,207.51,https://www.amazon.com.au/Hang-Out-FRT-73ST-Bonfire-Stainless/dp/B086712Q88/ref=sr_1_196?dib=eyJ2IjoiMSJ9.7LMfveeGiF8PNeks1pb5FlW_hrZXl_O3EiXFdodquecA_7TBnvInCh6hcfocI7NRNEF6uCATUyBiMLgUN4nidg.3htdLjMVnfzM2EmYI8zNbA8hi5Q1vpv0vAaC8win-0w&dib_tag=se&m=ANBW5NGGTP7SK&marketplaceID=A39IBJ37TRP1C6&qid=1777190529&refinements=p_36%3A20500-21000&s=merchant-items&sr=1-196&xpid=WUmSudqhE22hN,"Hang Out FRT-73ST Arch Table, Bonfire Table, Arch Table, Stainless Steel, Single Item"
B086712Q88,,,,
4818409804,Tankobon Hardcover,205.07,https://www.amazon.com.au/%E3%82%AC%E3%83%A9%E3%83%86%E3%83%A4%E6%9B%B8%E7%B0%A1-%EF%BC%AE%EF%BC%B4%EF%BC%AA%E6%96%B0%E7%B4%84%E8%81%96%E6%9B%B8%E6%B3%A8%E8%A7%A3-%E6%B5%85%E9%87%8E-%E6%B7%B3%E5%8D%9A/dp/4818409804/ref=sr_1_197?dib=eyJ2IjoiMSJ9.7LMfveeGiF8PNeks1pb5FlW_hrZXl_O3EiXFdodquecA_7TBnvInCh6hcfocI7NRNEF6uCATUyBiMLgUN4nidg.3htdLjMVnfzM2EmYI8zNbA8hi5Q1vpv0vAaC8win-0w&dib_tag=se&m=ANBW5NGGTP7SK&marketplaceID=A39IBJ37TRP1C6&qid=1777190529&refinements=p_36%3A20500-21000&s=merchant-items&sr=1-197&xpid=WUmSudqhE22hN,ガラテヤ書簡 (ＮＴＪ新約聖書注解)
4818409804,,,,
4817846860,Tankobon Hardcover,208.72,https://www.amazon.com.au/%E4%BB%A4%E5%92%8C3%E5%B9%B4%E7%89%88-%E4%BD%8F%E6%B0%91%E5%9F%BA%E6%9C%AC%E5%8F%B0%E5%B8%B3%E5%85%AD%E6%B3%95-%E6%B3%95%E4%BB%A4%E7%B7%A8%E3%80%81%E9%80%9A%E7%9F%A5%E3%83%BB%E5%AE%9F%E4%BE%8B%E7%B7%A8/dp/4817846860/ref=sr_1_193?dib=eyJ2IjoiMSJ9.wv8jlMD7y693N5tUH0TPZVGNRMUrH2ZqW3918i6G6XPnXQaotmv5QakoXExa9bLPHpiYE4e8qZ8T-MeAUbhQoXRBZX7PNmBPrJvCb99jB5P0F36FWzzUbPaaSBuPmRnSGk-qXwbKbU7kQ22jk0PtUeL4sHYqxI3dVa4V77qjv3E.cc6kSpCkzsQY4v5ytZrvUsuqF9q-LIyquBiMV67_wX0&dib_tag=se&m=ANBW5NGGTP7SK&marketplaceID=A39IBJ37TRP1C6&qid=1777190529&refinements=p_36%3A20500-21000&s=merchant-items&sr=1-193&xpid=WUmSudqhE22hN#customerReviews,令和3年版 住民基本台帳六法 法令編、通知・実例編
4817846860,,,,
B001GAQKO8,,208.55,https://www.amazon.com.au/Danno-D5681-Free-Band-Green/dp/B001GAQKO8/ref=sr_1_194?dib=eyJ2IjoiMSJ9.wv8jlMD7y693N5tUH0TPZVGNRMUrH2ZqW3918i6G6XPnXQaotmv5QakoXExa9bLPHpiYE4e8qZ8T-MeAUbhQoXRBZX7PNmBPrJvCb99jB5P0F36FWzzUbPaaSBuPmRnSGk-qXwbKbU7kQ22jk0PtUeL4sHYqxI3dVa4V77qjv3E.cc6kSpCkzsQY4v5ytZrvUsuqF9q-LIyquBiMV67_wX0&dib_tag=se&m=ANBW5NGGTP7SK&marketplaceID=A39IBJ37TRP1C6&qid=1777190529&refinements=p_36%3A20500-21000&s=merchant-items&sr=1-194&xpid=WUmSudqhE22hN,"Danno D5681 Free Band, 95.4 ft (25 m), Green"
B001GAQKO8,,,,
4817844779,Tankobon Hardcover,209.47,https://www.amazon.com.au/%E8%AB%96%E7%82%B9%E8%A7%A3%E8%AA%AC-%E6%B0%91%E6%B3%95-%E5%82%B5%E6%A8%A9%E6%B3%95-%E6%94%B9%E6%AD%A3%E3%81%A8%E4%B8%8D%E5%8B%95%E7%94%A3%E5%8F%96%E5%BC%95%E3%81%AE%E5%AE%9F%E5%8B%99/dp/4817844779/ref=sr_1_195?dib=eyJ2IjoiMSJ9.wv8jlMD7y693N5tUH0TPZVGNRMUrH2ZqW3918i6G6XPnXQaotmv5QakoXExa9bLPHpiYE4e8qZ8T-MeAUbhQoXRBZX7PNmBPrJvCb99jB5P0F36FWzzUbPaaSBuPmRnSGk-qXwbKbU7kQ22jk0PtUeL4sHYqxI3dVa4V77qjv3E.cc6kSpCkzsQY4v5ytZrvUsuqF9q-LIyquBiMV67_wX0&dib_tag=se&m=ANBW5NGGTP7SK&marketplaceID=A39IBJ37TRP1C6&qid=1777190529&refinements=p_36%3A20500-21000&s=merchant-items&sr=1-195&xpid=WUmSudqhE22hN#customerReviews,論点解説 民法(債権法)改正と不動産取引の実務
4817844779,,,,
4815810192,Tankobon Hardcover,206.84,https://www.amazon.com.au/%E8%BF%91%E4%BB%A3%E6%97%A5%E6%9C%AC%E3%81%AE%E7%A7%91%E5%AD%A6%E8%AB%96_%E6%98%8E%E6%B2%BB%E7%B6%AD%E6%96%B0%E3%81%8B%E3%82%89%E6%95%97%E6%88%A6%E3%81%BE%E3%81%A7_-%E5%B2%A1%E6%9C%AC-%E6%8B%93%E5%8F%B8/dp/4815810192/ref=sr_1_196?dib=eyJ2IjoiMSJ9.wv8jlMD7y693N5tUH0TPZVGNRMUrH2ZqW3918i6G6XPnXQaotmv5QakoXExa9bLPHpiYE4e8qZ8T-MeAUbhQoXRBZX7PNmBPrJvCb99jB5P0F36FWzzUbPaaSBuPmRnSGk-qXwbKbU7kQ22jk0PtUeL4sHYqxI3dVa4V77qjv3E.cc6kSpCkzsQY4v5ytZrvUsuqF9q-LIyquBiMV67_wX0&dib_tag=se&m=ANBW5NGGTP7SK&marketplaceID=A39IBJ37TRP1C6&qid=1777190529&refinements=p_36%3A20500-21000&s=merchant-items&sr=1-196&xpid=WUmSudqhE22hN#customerReviews,近代日本の科学論―明治維新から敗戦まで―
4815810192,,,,
B08Q25FYDD,,209.27,https://www.amazon.com.au/JHS-4-String-Ukulele-Light-BEATUK4/dp/B08Q25FYDD/ref=sr_1_197?dib=eyJ2IjoiMSJ9.wv8jlMD7y693N5tUH0TPZVGNRMUrH2ZqW3918i6G6XPnXQaotmv5QakoXExa9bLPHpiYE4e8qZ8T-MeAUbhQoXRBZX7PNmBPrJvCb99jB5P0F36FWzzUbPaaSBuPmRnSGk-qXwbKbU7kQ22jk0PtUeL4sHYqxI3dVa4V77qjv3E.cc6kSpCkzsQY4v5ytZrvUsuqF9q-LIyquBiMV67_wX0&dib_tag=se&m=ANBW5NGGTP7SK&marketplaceID=A39IBJ37TRP1C6&qid=1777190529&refinements=p_36%3A20500-21000&s=merchant-items&sr=1-197&xpid=WUmSudqhE22hN#customerReviews,"JHS, 4-String Ukulele, Light Blue (BEATUK4)"
B08Q25FYDD,,,,
4815807604,Tankobon Hardcover,209.39,https://www.amazon.com.au/%E3%82%A4%E3%82%B9%E3%83%A9%E3%83%BC%E3%83%A0%E3%81%AE%E5%86%99%E6%9C%AC%E7%B5%B5%E7%94%BB/dp/4815807604/ref=sr_1_209?dib=eyJ2IjoiMSJ9.hcl0pWuhtpYSqlOS--9_BFY2qMi7r2MOweLgez_bxWPzw4-4Z84dlkZ0r5Ev-bS1twRQARrw_QMNwghCMcglKQ.M9spbzVfPBMhzqcJO0IaK47d-K-_14eqB9JtBJRZJDA&dib_tag=se&m=ANBW5NGGTP7SK&marketplaceID=A39IBJ37TRP1C6&qid=1777190534&refinements=p_36%3A20500-21000&s=merchant-items&sr=1-209&xpid=WUmSudqhE22hN,イスラームの写本絵画
4815807604,,,,
4815806446,Tankobon Hardcover,208.02,https://www.amazon.com.au/%E8%82%A5%E6%BA%80%E3%81%AE%E7%96%AB%E5%AD%A6-%E3%83%95%E3%83%A9%E3%83%B3%E3%82%AF%E3%83%BB%EF%BC%A2%E3%83%BB%E3%83%95%E3%83%BC/dp/4815806446/ref=sr_1_210?dib=eyJ2IjoiMSJ9.hcl0pWuhtpYSqlOS--9_BFY2qMi7r2MOweLgez_bxWPzw4-4Z84dlkZ0r5Ev-bS1twRQARrw_QMNwghCMcglKQ.M9spbzVfPBMhzqcJO0IaK47d-K-_14eqB9JtBJRZJDA&dib_tag=se&m=ANBW5NGGTP7SK&marketplaceID=A39IBJ37TRP1C6&qid=1777190534&refinements=p_36%3A20500-21000&s=merchant-items&sr=1-210&xpid=WUmSudqhE22hN#customerReviews,肥満の疫学
4815806446,,,,
B094D1S8XW,,205.86,https://www.amazon.com.au/AMUMU-HOT-SUMMER-Overdrive-Handmade/dp/B094D1S8XW/ref=sr_1_211?dib=eyJ2IjoiMSJ9.hcl0pWuhtpYSqlOS--9_BFY2qMi7r2MOweLgez_bxWPzw4-4Z84dlkZ0r5Ev-bS1twRQARrw_QMNwghCMcglKQ.M9spbzVfPBMhzqcJO0IaK47d-K-_14eqB9JtBJRZJDA&dib_tag=se&m=ANBW5NGGTP7SK&marketplaceID=A39IBJ37TRP1C6&qid=1777190534&refinements=p_36%3A20500-21000&s=merchant-items&sr=1-211&xpid=WUmSudqhE22hN#customerReviews,AMUMU HOT SUMMER Overdrive Pedal Handmade
B094D1S8XW,,,,
481570127X,Tankobon Hardcover,206.17,https://www.amazon.com.au/FCCS%E3%83%97%E3%83%AD%E3%83%90%E3%82%A4%E3%83%80%E3%83%BC%E3%83%9E%E3%83%8B%E3%83%A5%E3%82%A2%E3%83%AB-%E7%AC%AC3%E7%89%88/dp/481570127X/ref=sr_1_212?dib=eyJ2IjoiMSJ9.hcl0pWuhtpYSqlOS--9_BFY2qMi7r2MOweLgez_bxWPzw4-4Z84dlkZ0r5Ev-bS1twRQARrw_QMNwghCMcglKQ.M9spbzVfPBMhzqcJO0IaK47d-K-_14eqB9JtBJRZJDA&dib_tag=se&m=ANBW5NGGTP7SK&marketplaceID=A39IBJ37TRP1C6&qid=1777190534&refinements=p_36%3A20500-21000&s=merchant-items&sr=1-212&xpid=WUmSudqhE22hN#customerReviews,FCCSプロバイダーマニュアル 第3版
481570127X,,,,
481400415X,Tankobon Hardcover,205.41,https://www.amazon.com.au/%E5%8F%A4%E5%85%B8%E6%88%AF%E6%9B%B2%E3%81%A8%E6%9D%B1%E6%96%B9%E6%96%87%E5%8C%96-%E9%84%AD-%E4%BC%9D%E5%AF%85/dp/481400415X/ref=sr_1_213?dib=eyJ2IjoiMSJ9.hcl0pWuhtpYSqlOS--9_BFY2qMi7r2MOweLgez_bxWPzw4-4Z84dlkZ0r5Ev-bS1twRQARrw_QMNwghCMcglKQ.M9spbzVfPBMhzqcJO0IaK47d-K-_14eqB9JtBJRZJDA&dib_tag=se&m=ANBW5NGGTP7SK&marketplaceID=A39IBJ37TRP1C6&qid=1777190534&refinements=p_36%3A20500-21000&s=merchant-items&sr=1-213&xpid=WUmSudqhE22hN,古典戯曲と東方文化
481400415X,,,,
B0868F4111,,205.92,https://www.amazon.com.au/Mirrors-Sportster-Softail-XL-1200C-XL-1200L/dp/B0868F4111/ref=sr_1_209?dib=eyJ2IjoiMSJ9.3kaOEsbJK0mjeP5OjXUmxosiDhCpXIUGLZDBLsBFC1-p34IZUHLl2ASzwasmERvSyH2yR99o9_vJofqWmttcjBjcHHTrRvCyzU3kcY7UOLFy3KBu6IXaHL9qr21cF9qHvC72bvuKQK-5OxfXAjsbFMfI1p-nebu-ohgJnyp6aUo.9SUBKzqW3ABonZAKK-mpEDrGwCDISFLRN9RBETshftc&dib_tag=se&m=ANBW5NGGTP7SK&marketplaceID=A39IBJ37TRP1C6&qid=1777190534&refinements=p_36%3A20500-21000&s=merchant-items&sr=1-209&xpid=WUmSudqhE22hN#customerReviews,SLMOTO 8mm Rear View Mirrors Fit for Harley Sportster Softail Road King Glide XL1200 Iron FLTRU XL-1200C XL-1200L XL833 Sportster
B0868F4111,,,,
4814002904,Tankobon Hardcover,206.89,https://www.amazon.com.au/%E6%8C%87%E5%B0%8E%E5%8C%BB%E3%81%AE%E3%81%9F%E3%82%81%E3%81%AE%E5%8C%BB%E5%AD%A6%E6%95%99%E8%82%B2%E5%AD%A6-%E5%AE%9F%E8%B7%B5%E3%81%A8%E7%A7%91%E5%AD%A6%E3%81%AE%E5%BE%80%E5%BE%A9/dp/4814002904/ref=sr_1_210?dib=eyJ2IjoiMSJ9.3kaOEsbJK0mjeP5OjXUmxosiDhCpXIUGLZDBLsBFC1-p34IZUHLl2ASzwasmERvSyH2yR99o9_vJofqWmttcjBjcHHTrRvCyzU3kcY7UOLFy3KBu6IXaHL9qr21cF9qHvC72bvuKQK-5OxfXAjsbFMfI1p-nebu-ohgJnyp6aUo.9SUBKzqW3ABonZAKK-mpEDrGwCDISFLRN9RBETshftc&dib_tag=se&m=ANBW5NGGTP7SK&marketplaceID=A39IBJ37TRP1C6&qid=1777190534&refinements=p_36%3A20500-21000&s=merchant-items&sr=1-210&xpid=WUmSudqhE22hN#customerReviews,指導医のための医学教育学: 実践と科学の往復
4814002904,,,,
4805209488,Tankobon Hardcover,208.12,https://www.amazon.com.au/%E4%B8%80%E7%B4%9A%E5%BB%BA%E7%AF%89%E5%A3%AB%E5%8F%97%E9%A8%93%E8%AC%9B%E5%BA%A7-%E5%AD%A6%E7%A7%91IV-%E6%A7%8B%E9%80%A0-%E4%BB%A4%E5%92%8C3%E5%B9%B4%E7%89%88-%E5%90%88%E6%A0%BC%E5%AF%BE%E7%AD%96/dp/4805209488/ref=sr_1_211?dib=eyJ2IjoiMSJ9.3kaOEsbJK0mjeP5OjXUmxosiDhCpXIUGLZDBLsBFC1-p34IZUHLl2ASzwasmERvSyH2yR99o9_vJofqWmttcjBjcHHTrRvCyzU3kcY7UOLFy3KBu6IXaHL9qr21cF9qHvC72bvuKQK-5OxfXAjsbFMfI1p-nebu-ohgJnyp6aUo.9SUBKzqW3ABonZAKK-mpEDrGwCDISFLRN9RBETshftc&dib_tag=se&m=ANBW5NGGTP7SK&marketplaceID=A39IBJ37TRP1C6&qid=1777190534&refinements=p_36%3A20500-21000&s=merchant-items&sr=1-211&xpid=WUmSudqhE22hN,一級建築士受験講座 学科IV(構造) 令和3年版 (合格対策)
4805209488,,,,
B07B1QMG31,,209.86,https://www.amazon.com.au/Ditek-DTK-MRJETHS/dp/B07B1QMG31/ref=sr_1_212?dib=eyJ2IjoiMSJ9.3kaOEsbJK0mjeP5OjXUmxosiDhCpXIUGLZDBLsBFC1-p34IZUHLl2ASzwasmERvSyH2yR99o9_vJofqWmttcjBjcHHTrRvCyzU3kcY7UOLFy3KBu6IXaHL9qr21cF9qHvC72bvuKQK-5OxfXAjsbFMfI1p-nebu-ohgJnyp6aUo.9SUBKzqW3ABonZAKK-mpEDrGwCDISFLRN9RBETshftc&dib_tag=se&m=ANBW5NGGTP7SK&marketplaceID=A39IBJ37TRP1C6&qid=1777190534&refinements=p_36%3A20500-21000&s=merchant-items&sr=1-212&xpid=WUmSudqhE22hN,Ditek DTK-MRJETHS
B07B1QMG31,,,,
4805209453,Tankobon Hardcover,206.84,https://www.amazon.com.au/%E4%B8%80%E7%B4%9A%E5%BB%BA%E7%AF%89%E5%A3%AB%E5%8F%97%E9%A8%93%E8%AC%9B%E5%BA%A7-%E5%AD%A6%E7%A7%91I-%E8%A8%88%E7%94%BB-%E4%BB%A4%E5%92%8C3%E5%B9%B4%E7%89%88-%E5%90%88%E6%A0%BC%E5%AF%BE%E7%AD%96/dp/4805209453/ref=sr_1_213?dib=eyJ2IjoiMSJ9.3kaOEsbJK0mjeP5OjXUmxosiDhCpXIUGLZDBLsBFC1-p34IZUHLl2ASzwasmERvSyH2yR99o9_vJofqWmttcjBjcHHTrRvCyzU3kcY7UOLFy3KBu6IXaHL9qr21cF9qHvC72bvuKQK-5OxfXAjsbFMfI1p-nebu-ohgJnyp6aUo.9SUBKzqW3ABonZAKK-mpEDrGwCDISFLRN9RBETshftc&dib_tag=se&m=ANBW5NGGTP7SK&marketplaceID=A39IBJ37TRP1C6&qid=1777190534&refinements=p_36%3A20500-21000&s=merchant-items&sr=1-213&xpid=WUmSudqhE22hN,一級建築士受験講座 学科I(計画) 令和3年版 (合格対策)
4805209453,,,,
4805209372,Tankobon Hardcover,209.06,https://www.amazon.com.au/%E4%B8%80%E7%B4%9A%E5%BB%BA%E7%AF%89%E5%A3%AB%E5%8F%97%E9%A8%93%E8%AC%9B%E5%BA%A7-%E5%AD%A6%E7%A7%91III-%E6%B3%95%E8%A6%8F-%E4%BB%A4%E5%92%8C2%E5%B9%B4%E7%89%88-%E5%90%88%E6%A0%BC%E5%AF%BE%E7%AD%96/dp/4805209372/ref=sr_1_214?dib=eyJ2IjoiMSJ9.3kaOEsbJK0mjeP5OjXUmxosiDhCpXIUGLZDBLsBFC1-p34IZUHLl2ASzwasmERvSyH2yR99o9_vJofqWmttcjBjcHHTrRvCyzU3kcY7UOLFy3KBu6IXaHL9qr21cF9qHvC72bvuKQK-5OxfXAjsbFMfI1p-nebu-ohgJnyp6aUo.9SUBKzqW3ABonZAKK-mpEDrGwCDISFLRN9RBETshftc&dib_tag=se&m=ANBW5NGGTP7SK&marketplaceID=A39IBJ37TRP1C6&qid=1777190534&refinements=p_36%3A20500-21000&s=merchant-items&sr=1-214&xpid=WUmSudqhE22hN,一級建築士受験講座 学科III(法規) 令和2年版 (合格対策)
4805209372,,,,
B01COJABRG,,210.0,https://www.amazon.com.au/Idolmaster-Cinderella-Girls-Takagaki-Figure/dp/B01COJABRG/ref=sr_1_215?dib=eyJ2IjoiMSJ9.3kaOEsbJK0mjeP5OjXUmxosiDhCpXIUGLZDBLsBFC1-p34IZUHLl2ASzwasmERvSyH2yR99o9_vJofqWmttcjBjcHHTrRvCyzU3kcY7UOLFy3KBu6IXaHL9qr21cF9qHvC72bvuKQK-5OxfXAjsbFMfI1p-nebu-ohgJnyp6aUo.9SUBKzqW3ABonZAKK-mpEDrGwCDISFLRN9RBETshftc&dib_tag=se&m=ANBW5NGGTP7SK&marketplaceID=A39IBJ37TRP1C6&qid=1777190534&refinements=p_36%3A20500-21000&s=merchant-items&sr=1-215&xpid=WUmSudqhE22hN#customerReviews,The Idolmaster: Cinderella Girls - 1/8 Kaede Takagaki PVC Figure
4805207965,JP Oversized,205.41,https://www.amazon.com.au/%E5%88%9D%E5%BF%83%E8%80%85%E3%81%AE%E3%81%9F%E3%82%81%E3%81%AE%E5%88%86%E5%AD%90%E3%83%A2%E3%83%87%E3%83%AA%E3%83%B3%E3%82%B0-%E3%83%92%E3%83%B3%E3%83%81%E3%83%AA%E3%83%95/dp/4805207965/ref=sr_1_216?dib=eyJ2IjoiMSJ9.3kaOEsbJK0mjeP5OjXUmxosiDhCpXIUGLZDBLsBFC1-p34IZUHLl2ASzwasmERvSyH2yR99o9_vJofqWmttcjBjcHHTrRvCyzU3kcY7UOLFy3KBu6IXaHL9qr21cF9qHvC72bvuKQK-5OxfXAjsbFMfI1p-nebu-ohgJnyp6aUo.9SUBKzqW3ABonZAKK-mpEDrGwCDISFLRN9RBETshftc&dib_tag=se&m=ANBW5NGGTP7SK&marketplaceID=A39IBJ37TRP1C6&qid=1777190534&refinements=p_36%3A20500-21000&s=merchant-items&sr=1-216&xpid=WUmSudqhE22hN,初心者のための分子モデリング
4805207965,,,,
4805111828,Tankobon Hardcover,206.07,https://www.amazon.com.au/%E6%9C%9D%E6%B5%B7%E6%B5%A9%E4%B8%80%E9%83%8E%E6%97%A5%E8%A8%98-%E4%BB%98%E3%83%BB%E5%90%89%E7%94%B0%E8%8C%82%E6%9B%B8%E7%BF%B0/dp/4805111828/ref=sr_1_217?dib=eyJ2IjoiMSJ9.3kaOEsbJK0mjeP5OjXUmxosiDhCpXIUGLZDBLsBFC1-p34IZUHLl2ASzwasmERvSyH2yR99o9_vJofqWmttcjBjcHHTrRvCyzU3kcY7UOLFy3KBu6IXaHL9qr21cF9qHvC72bvuKQK-5OxfXAjsbFMfI1p-nebu-ohgJnyp6aUo.9SUBKzqW3ABonZAKK-mpEDrGwCDISFLRN9RBETshftc&dib_tag=se&m=ANBW5NGGTP7SK&marketplaceID=A39IBJ37TRP1C6&qid=1777190534&refinements=p_36%3A20500-21000&s=merchant-items&sr=1-217&xpid=WUmSudqhE22hN,朝海浩一郎日記 付・吉田茂書翰
4805111828,,,,
B014994U3A,,207.63,https://www.amazon.com.au/Velo-Orange-Grand-Setback-Seatpost/dp/B014994U3A/ref=sr_1_218?dib=eyJ2IjoiMSJ9.3kaOEsbJK0mjeP5OjXUmxosiDhCpXIUGLZDBLsBFC1-p34IZUHLl2ASzwasmERvSyH2yR99o9_vJofqWmttcjBjcHHTrRvCyzU3kcY7UOLFy3KBu6IXaHL9qr21cF9qHvC72bvuKQK-5OxfXAjsbFMfI1p-nebu-ohgJnyp6aUo.9SUBKzqW3ABonZAKK-mpEDrGwCDISFLRN9RBETshftc&dib_tag=se&m=ANBW5NGGTP7SK&marketplaceID=A39IBJ37TRP1C6&qid=1777190534&refinements=p_36%3A20500-21000&s=merchant-items&sr=1-218&xpid=WUmSudqhE22hN,Velo Orange Grand Cru Long Setback Seatpost MKII: 30.2mm Setback 27.2mm
B014994U3A,,,,
4804380493,Tankobon Hardcover,205.91,https://www.amazon.com.au/%E6%96%B0%E5%9B%BD%E8%A8%B3%E5%A4%A7%E8%94%B5%E7%B5%8C-%E3%82%A4%E3%83%B3%E3%83%89%E6%92%B0%E8%BF%B0%E9%83%A8%E3%80%886%E3%80%89%E6%B6%85%E6%A7%83%E9%83%A8-%E5%A4%A7%E8%88%AC%E6%B6%85%E6%A7%83%E7%B5%8C-%E5%8D%97%E6%9C%AC/dp/4804380493/ref=sr_1_219?dib=eyJ2IjoiMSJ9.3kaOEsbJK0mjeP5OjXUmxosiDhCpXIUGLZDBLsBFC1-p34IZUHLl2ASzwasmERvSyH2yR99o9_vJofqWmttcjBjcHHTrRvCyzU3kcY7UOLFy3KBu6IXaHL9qr21cF9qHvC72bvuKQK-5OxfXAjsbFMfI1p-nebu-ohgJnyp6aUo.9SUBKzqW3ABonZAKK-mpEDrGwCDISFLRN9RBETshftc&dib_tag=se&m=ANBW5NGGTP7SK&marketplaceID=A39IBJ37TRP1C6&qid=1777190534&refinements=p_36%3A20500-21000&s=merchant-items&sr=1-219&xpid=WUmSudqhE22hN#customerReviews,新国訳大蔵経 インド撰述部〈6〉涅槃部(4)大般涅槃経(南本)4
4804380493,,,,
480130012X,Paperback Bunko,207.29,https://www.amazon.com.au/%E6%96%87%E8%B1%AA%E3%81%9F%E3%81%A1%E3%81%8C%E6%9B%B8%E3%81%84%E3%81%9F-%E6%B3%A3%E3%81%91%E3%82%8B%E5%90%8D%E4%BD%9C%E7%9F%AD%E7%B7%A8%E9%9B%86/dp/480130012X/ref=sr_1_225?dib=eyJ2IjoiMSJ9.IOc1eh4PRT67vBU0zGytiNqZIWptLPt1239H9Y7hE_xYnoRaPePhU8sWhC4y1NXg0Z5Beu3UVIlV5Dz3xmBFiA.EjZE296LObVsmIZRH6XcE7mrkQMZk4w0Fo2CrBg5C34&dib_tag=se&m=ANBW5NGGTP7SK&marketplaceID=A39IBJ37TRP1C6&qid=1777190540&refinements=p_36%3A20500-21000&s=merchant-items&sr=1-225&xpid=WUmSudqhE22hN#customerReviews,文豪たちが書いた 泣ける名作短編集
480130012X,,,,
B00H4I7OSW,,207.04,https://www.amazon.com.au/Twisted-Chrome-Bicycle-lowrider-Cruiser/dp/B00H4I7OSW/ref=sr_1_226?dib=eyJ2IjoiMSJ9.IOc1eh4PRT67vBU0zGytiNqZIWptLPt1239H9Y7hE_xYnoRaPePhU8sWhC4y1NXg0Z5Beu3UVIlV5Dz3xmBFiA.EjZE296LObVsmIZRH6XcE7mrkQMZk4w0Fo2CrBg5C34&dib_tag=se&m=ANBW5NGGTP7SK&marketplaceID=A39IBJ37TRP1C6&qid=1777190540&refinements=p_36%3A20500-21000&s=merchant-items&sr=1-226&xpid=WUmSudqhE22hN,"Twisted Pedals W/Cage 1/2 Chrome. Bike Pedals, Bicycle Pedal, for lowrider, Beach Cruiser, Chopper, Limo, Stretch Bike"
B00H4I7OSW,,,,
4801007201,JP Oversized,205.41,https://www.amazon.com.au/%E6%88%A6%E4%BA%89%E3%81%A8%E5%8A%87%E5%A0%B4-%E5%B0%8F%E7%94%B0%E4%B8%AD%E7%AB%A0%E6%B5%A9/dp/4801007201/ref=sr_1_227?dib=eyJ2IjoiMSJ9.IOc1eh4PRT67vBU0zGytiNqZIWptLPt1239H9Y7hE_xYnoRaPePhU8sWhC4y1NXg0Z5Beu3UVIlV5Dz3xmBFiA.EjZE296LObVsmIZRH6XcE7mrkQMZk4w0Fo2CrBg5C34&dib_tag=se&m=ANBW5NGGTP7SK&marketplaceID=A39IBJ37TRP1C6&qid=1777190540&refinements=p_36%3A20500-21000&s=merchant-items&sr=1-227&xpid=WUmSudqhE22hN,戦争と劇場
4801007201,,,,
4798916528,Tankobon Hardcover,207.19,https://www.amazon.com.au/%E3%82%AB%E3%83%8A%E3%83%80%E3%81%AE%E3%80%8C%E9%96%8B%E3%81%8B%E3%82%8C%E3%81%9F%E3%80%8D%E5%AD%A6%E6%A0%A1%E3%81%A5%E3%81%8F%E3%82%8A%E3%81%A8%E6%95%99%E8%82%B2%E8%A1%8C%E6%94%BF-%E5%B9%B3%E7%94%B0%E6%B7%B3/dp/4798916528/ref=sr_1_228?dib=eyJ2IjoiMSJ9.IOc1eh4PRT67vBU0zGytiNqZIWptLPt1239H9Y7hE_xYnoRaPePhU8sWhC4y1NXg0Z5Beu3UVIlV5Dz3xmBFiA.EjZE296LObVsmIZRH6XcE7mrkQMZk4w0Fo2CrBg5C34&dib_tag=se&m=ANBW5NGGTP7SK&marketplaceID=A39IBJ37TRP1C6&qid=1777190540&refinements=p_36%3A20500-21000&s=merchant-items&sr=1-228&xpid=WUmSudqhE22hN#customerReviews,カナダの「開かれた」学校づくりと教育行政
4798916528,,,,
B00D8SQD1Q,,208.98,https://www.amazon.com.au/Kotobukiya-Byerukuto-Muv-luv-Alternative-Eclipse/dp/B00D8SQD1Q/ref=sr_1_229?dib=eyJ2IjoiMSJ9.IOc1eh4PRT67vBU0zGytiNqZIWptLPt1239H9Y7hE_xYnoRaPePhU8sWhC4y1NXg0Z5Beu3UVIlV5Dz3xmBFiA.EjZE296LObVsmIZRH6XcE7mrkQMZk4w0Fo2CrBg5C34&dib_tag=se&m=ANBW5NGGTP7SK&marketplaceID=A39IBJ37TRP1C6&qid=1777190540&refinements=p_36%3A20500-21000&s=merchant-items&sr=1-229&xpid=WUmSudqhE22hN#customerReviews,Kotobukiya 1/144 Su-47e Byerukuto Kp269 [Muv-luv Alternative Total Eclipse]
4797293055,Tankobon Softcover,209.96,https://www.amazon.com.au/%E5%AD%90%E3%81%A9%E3%82%82%E3%81%A8%E9%9B%A2%E5%A9%9A_%E5%90%88%E6%84%8F%E8%A7%A3%E6%B1%BA%E3%81%A8%E5%B1%A5%E8%A1%8C%E3%81%AE%E6%94%AF%E6%8F%B4-%E3%83%91%E3%83%88%E3%83%AA%E3%83%83%E3%82%AF%E3%83%BB%E3%83%91%E3%83%BC%E3%82%AD%E3%83%B3%E3%82%BD%E3%83%B3/dp/4797293055/ref=sr_1_225?dib=eyJ2IjoiMSJ9.IACUTV3qgHQAWoVxGi59atJtcsnrdymg_VVXYa7ULItasXa3F8S62AtwfxuJc_dcs-GvNBvNMJNoMCdK45IFraBf-H_Hfa3xx4PrSajZ2UF5EwYrfflO_hH7wu81KwZY3yq42mQ8eY1fwPMbYnL_hu8oXpXRtrCzL7LVOwlmysY.zrR3QthKJ39eTLx6pJZAyD0xSZF8MXDh0MxHZvGmVkc&dib_tag=se&m=ANBW5NGGTP7SK&marketplaceID=A39IBJ37TRP1C6&qid=1777190540&refinements=p_36%3A20500-21000&s=merchant-items&sr=1-225&xpid=WUmSudqhE22hN,子どもと離婚―合意解決と履行の支援
4797293055,,,,
4797267844,Tankobon Hardcover,209.95,https://www.amazon.com.au/%E9%A6%99%E6%B8%AF%E5%9F%BA%E6%9C%AC%E6%B3%95%E8%A7%A3%E9%87%88%E6%A8%A9%E3%81%AE%E7%A0%94%E7%A9%B6-%E5%AD%A6%E8%A1%93%E9%81%B8%E6%9B%B8184-%E5%BB%A3%E6%B1%9F-%E5%80%AB%E5%AD%90/dp/4797267844/ref=sr_1_226?dib=eyJ2IjoiMSJ9.IACUTV3qgHQAWoVxGi59atJtcsnrdymg_VVXYa7ULItasXa3F8S62AtwfxuJc_dcs-GvNBvNMJNoMCdK45IFraBf-H_Hfa3xx4PrSajZ2UF5EwYrfflO_hH7wu81KwZY3yq42mQ8eY1fwPMbYnL_hu8oXpXRtrCzL7LVOwlmysY.zrR3QthKJ39eTLx6pJZAyD0xSZF8MXDh0MxHZvGmVkc&dib_tag=se&m=ANBW5NGGTP7SK&marketplaceID=A39IBJ37TRP1C6&qid=1777190540&refinements=p_36%3A20500-21000&s=merchant-items&sr=1-226&xpid=WUmSudqhE22hN,香港基本法解釈権の研究 (学術選書184)
4797267844,,,,
B00BMTHQX2,,210.74,https://www.amazon.com.au/Totem-Climbing-Cam-Purple-1-00/dp/B00BMTHQX2/ref=sr_1_227?dib=eyJ2IjoiMSJ9.IACUTV3qgHQAWoVxGi59atJtcsnrdymg_VVXYa7ULItasXa3F8S62AtwfxuJc_dcs-GvNBvNMJNoMCdK45IFraBf-H_Hfa3xx4PrSajZ2UF5EwYrfflO_hH7wu81KwZY3yq42mQ8eY1fwPMbYnL_hu8oXpXRtrCzL7LVOwlmysY.zrR3QthKJ39eTLx6pJZAyD0xSZF8MXDh0MxHZvGmVkc&dib_tag=se&m=ANBW5NGGTP7SK&marketplaceID=A39IBJ37TRP1C6&qid=1777190540&refinements=p_36%3A20500-21000&s=merchant-items&sr=1-227&xpid=WUmSudqhE22hN#customerReviews,Totem Climbing Cam - Purple 1.00
B00BMTHQX2,,,,
4797255684,Tankobon Hardcover,207.43,https://www.amazon.com.au/%E3%83%A8%E3%83%BC%E3%83%AD%E3%83%83%E3%83%91%E4%BA%BA%E6%A8%A9%E8%A3%81%E5%88%A4%E6%89%80%E3%81%AE%E5%88%A4%E4%BE%8BI-1/dp/4797255684/ref=sr_1_228?dib=eyJ2IjoiMSJ9.IACUTV3qgHQAWoVxGi59atJtcsnrdymg_VVXYa7ULItasXa3F8S62AtwfxuJc_dcs-GvNBvNMJNoMCdK45IFraBf-H_Hfa3xx4PrSajZ2UF5EwYrfflO_hH7wu81KwZY3yq42mQ8eY1fwPMbYnL_hu8oXpXRtrCzL7LVOwlmysY.zrR3QthKJ39eTLx6pJZAyD0xSZF8MXDh0MxHZvGmVkc&dib_tag=se&m=ANBW5NGGTP7SK&marketplaceID=A39IBJ37TRP1C6&qid=1777190540&refinements=p_36%3A20500-21000&s=merchant-items&sr=1-228&xpid=WUmSudqhE22hN,ヨーロッパ人権裁判所の判例I: 1
4797255684,,,,
4797217677,Tankobon Softcover,205.14,https://www.amazon.com.au/%E3%83%89%E3%82%A4%E3%83%84%E8%AA%9E%E5%9C%8F%E4%BA%BA%E5%90%8D%E5%9C%B0%E5%90%8D%E3%82%AB%E3%82%BF%E3%82%AB%E3%83%8A%E8%A1%A8%E8%A8%98%E8%BE%9E%E5%85%B8-%E5%88%9D%E5%AE%BF-%E6%AD%A3%E5%85%B8/dp/4797217677/ref=sr_1_229?dib=eyJ2IjoiMSJ9.IACUTV3qgHQAWoVxGi59atJtcsnrdymg_VVXYa7ULItasXa3F8S62AtwfxuJc_dcs-GvNBvNMJNoMCdK45IFraBf-H_Hfa3xx4PrSajZ2UF5EwYrfflO_hH7wu81KwZY3yq42mQ8eY1fwPMbYnL_hu8oXpXRtrCzL7LVOwlmysY.zrR3QthKJ39eTLx6pJZAyD0xSZF8MXDh0MxHZvGmVkc&dib_tag=se&m=ANBW5NGGTP7SK&marketplaceID=A39IBJ37TRP1C6&qid=1777190540&refinements=p_36%3A20500-21000&s=merchant-items&sr=1-229&xpid=WUmSudqhE22hN#customerReviews,ドイツ語圏人名地名カタカナ表記辞典
4797217677,,,,
B004MXOS0E,,206.91,https://www.amazon.com.au/Sanko-Plastic-Grating-300-Gray/dp/B004MXOS0E/ref=sr_1_230?dib=eyJ2IjoiMSJ9.IACUTV3qgHQAWoVxGi59atJtcsnrdymg_VVXYa7ULItasXa3F8S62AtwfxuJc_dcs-GvNBvNMJNoMCdK45IFraBf-H_Hfa3xx4PrSajZ2UF5EwYrfflO_hH7wu81KwZY3yq42mQ8eY1fwPMbYnL_hu8oXpXRtrCzL7LVOwlmysY.zrR3QthKJ39eTLx6pJZAyD0xSZF8MXDh0MxHZvGmVkc&dib_tag=se&m=ANBW5NGGTP7SK&marketplaceID=A39IBJ37TRP1C6&qid=1777190540&refinements=p_36%3A20500-21000&s=merchant-items&sr=1-230&xpid=WUmSudqhE22hN#customerReviews,Sanko plastic grating U # 300 gray
B004MXOS0E,,,,
4794812426,Tankobon Hardcover,205.32,https://www.amazon.com.au/%E3%82%AC%E3%82%A4%E3%82%A2%E3%81%AB%E5%90%91%E3%81%8D%E5%90%88%E3%81%86-%E6%96%B0%E6%B0%97%E5%80%99%E4%BD%93%E5%88%B6%E3%82%92%E7%94%9F%E3%81%8D%E3%82%8B%E3%81%9F%E3%82%81%E3%81%AE%E5%85%AB%E3%81%A4%E3%81%AE%E3%83%AC%E3%82%AF%E3%83%81%E3%83%A3%E3%83%BC-%E3%83%96%E3%83%AB%E3%83%BC%E3%83%8E%E3%83%BB%E3%83%A9%E3%83%88%E3%82%A5%E3%83%BC%E3%83%AB/dp/4794812426/ref=sr_1_231?dib=eyJ2IjoiMSJ9.IACUTV3qgHQAWoVxGi59atJtcsnrdymg_VVXYa7ULItasXa3F8S62AtwfxuJc_dcs-GvNBvNMJNoMCdK45IFraBf-H_Hfa3xx4PrSajZ2UF5EwYrfflO_hH7wu81KwZY3yq42mQ8eY1fwPMbYnL_hu8oXpXRtrCzL7LVOwlmysY.zrR3QthKJ39eTLx6pJZAyD0xSZF8MXDh0MxHZvGmVkc&dib_tag=se&m=ANBW5NGGTP7SK&marketplaceID=A39IBJ37TRP1C6&qid=1777190540&refinements=p_36%3A20500-21000&s=merchant-items&sr=1-231&xpid=WUmSudqhE22hN,ガイアに向き合う: 新気候体制を生きるための八つのレクチャー
4794812426,,,,
4793122868,Tankobon Hardcover,208.43,https://www.amazon.com.au/%E6%9B%B8%E5%BC%8F550-%E4%BE%8B%E8%A7%A3%E5%8D%B0%E7%B4%99%E7%A8%8E-%E7%AC%AC%E5%8D%81%E4%B8%80%E8%A8%82%E7%89%88/dp/4793122868/ref=sr_1_232?dib=eyJ2IjoiMSJ9.IACUTV3qgHQAWoVxGi59atJtcsnrdymg_VVXYa7ULItasXa3F8S62AtwfxuJc_dcs-GvNBvNMJNoMCdK45IFraBf-H_Hfa3xx4PrSajZ2UF5EwYrfflO_hH7wu81KwZY3yq42mQ8eY1fwPMbYnL_hu8oXpXRtrCzL7LVOwlmysY.zrR3QthKJ39eTLx6pJZAyD0xSZF8MXDh0MxHZvGmVkc&dib_tag=se&m=ANBW5NGGTP7SK&marketplaceID=A39IBJ37TRP1C6&qid=1777190540&refinements=p_36%3A20500-21000&s=merchant-items&sr=1-232&xpid=WUmSudqhE22hN#customerReviews,書式550 例解印紙税 (第十一訂版)
4793122868,,,,
B00081MXSI,,208.19,https://www.amazon.com.au/Masked-Rider-Blaster-Vajin-Figure/dp/B00081MXSI/ref=sr_1_233?dib=eyJ2IjoiMSJ9.IACUTV3qgHQAWoVxGi59atJtcsnrdymg_VVXYa7ULItasXa3F8S62AtwfxuJc_dcs-GvNBvNMJNoMCdK45IFraBf-H_Hfa3xx4PrSajZ2UF5EwYrfflO_hH7wu81KwZY3yq42mQ8eY1fwPMbYnL_hu8oXpXRtrCzL7LVOwlmysY.zrR3QthKJ39eTLx6pJZAyD0xSZF8MXDh0MxHZvGmVkc&dib_tag=se&m=ANBW5NGGTP7SK&marketplaceID=A39IBJ37TRP1C6&qid=1777190540&refinements=p_36%3A20500-21000&s=merchant-items&sr=1-233&xpid=WUmSudqhE22hN#customerReviews,Masked Rider SIC Vol 29 Faiz Blaster Form & Auto Vajin Figure
4787943057,Tankobon Hardcover,206.36,https://www.amazon.com.au/%E5%A4%AA%E5%B9%B3%E8%A8%98%E3%81%AB%E3%81%8A%E3%81%91%E3%82%8B%E7%99%BD%E6%B0%8F%E6%96%87%E9%9B%86%E5%8F%97%E5%AE%B9-%E6%96%B0%E5%85%B8%E7%A4%BE%E7%A0%94%E7%A9%B6%E5%8F%A2%E6%9B%B8-305-%E9%87%91%E6%9C%A8-%E5%88%A9%E6%86%B2/dp/4787943057/ref=sr_1_234?dib=eyJ2IjoiMSJ9.IACUTV3qgHQAWoVxGi59atJtcsnrdymg_VVXYa7ULItasXa3F8S62AtwfxuJc_dcs-GvNBvNMJNoMCdK45IFraBf-H_Hfa3xx4PrSajZ2UF5EwYrfflO_hH7wu81KwZY3yq42mQ8eY1fwPMbYnL_hu8oXpXRtrCzL7LVOwlmysY.zrR3QthKJ39eTLx6pJZAyD0xSZF8MXDh0MxHZvGmVkc&dib_tag=se&m=ANBW5NGGTP7SK&marketplaceID=A39IBJ37TRP1C6&qid=1777190540&refinements=p_36%3A20500-21000&s=merchant-items&sr=1-234&xpid=WUmSudqhE22hN,太平記における白氏文集受容 (新典社研究叢書 305)
4787943057,,,,
4787823078,Tankobon Hardcover,208.44,https://www.amazon.com.au/%E7%92%B0%E5%A2%83%E3%81%AB%E3%82%88%E3%82%8B%E5%81%A5%E5%BA%B7%E3%83%AA%E3%82%B9%E3%82%AF-%E6%97%A5%E6%9C%AC%E5%8C%BB%E5%B8%AB%E4%BC%9A%E7%94%9F%E6%B6%AF%E6%95%99%E8%82%B2%E3%82%B7%E3%83%AA%E3%83%BC%E3%82%BA/dp/4787823078/ref=sr_1_235?dib=eyJ2IjoiMSJ9.IACUTV3qgHQAWoVxGi59atJtcsnrdymg_VVXYa7ULItasXa3F8S62AtwfxuJc_dcs-GvNBvNMJNoMCdK45IFraBf-H_Hfa3xx4PrSajZ2UF5EwYrfflO_hH7wu81KwZY3yq42mQ8eY1fwPMbYnL_hu8oXpXRtrCzL7LVOwlmysY.zrR3QthKJ39eTLx6pJZAyD0xSZF8MXDh0MxHZvGmVkc&dib_tag=se&m=ANBW5NGGTP7SK&marketplaceID=A39IBJ37TRP1C6&qid=1777190540&refinements=p_36%3A20500-21000&s=merchant-items&sr=1-235&xpid=WUmSudqhE22hN#customerReviews,環境による健康リスク (日本医師会生涯教育シリーズ)
4787823078,,,,
B00I5G3Y68,,205.53,https://www.amazon.com.au/CALSLA-S-5C-Aketa-Ocarina-sonnet/dp/B00I5G3Y68/ref=sr_1_241?dib=eyJ2IjoiMSJ9.c188pSc49xsoOpQfbdeFiIYMMkgzMXc8IbvLxxFN25MHwvYAWS91CoNbPbVSpj0eo2JHXfRDtrmYWS6UXTARvA.f6hjeJ0we9Zp33hgRyfdEfBhIo1n3RxKUW_Qv7VQEFg&dib_tag=se&m=ANBW5NGGTP7SK&marketplaceID=A39IBJ37TRP1C6&qid=1777190545&refinements=p_36%3A20500-21000&s=merchant-items&sr=1-241&xpid=WUmSudqhE22hN,Aketa Carina Sonnet S-5C
B00I5G3Y68,,,,
4784993827,Tankobon Softcover,205.32,https://www.amazon.com.au/%E3%80%8C%E5%9E%8B%E3%80%8D%E3%81%8C%E8%BA%AB%E3%81%AB%E3%81%A4%E3%81%8F-%E8%9B%8B%E7%99%BD%E5%B0%BF%E3%83%BB%E8%A1%80%E5%B0%BF%E3%81%AE%E8%A8%BA%E3%81%8B%E3%81%9F%E3%83%BB%E8%80%83%E3%81%88%E3%81%8B%E3%81%9F-%E3%80%90%E9%9B%BB%E5%AD%90%E7%89%88%E4%BB%98%E3%80%91/dp/4784993827/ref=sr_1_242?dib=eyJ2IjoiMSJ9.c188pSc49xsoOpQfbdeFiIYMMkgzMXc8IbvLxxFN25MHwvYAWS91CoNbPbVSpj0eo2JHXfRDtrmYWS6UXTARvA.f6hjeJ0we9Zp33hgRyfdEfBhIo1n3RxKUW_Qv7VQEFg&dib_tag=se&m=ANBW5NGGTP7SK&marketplaceID=A39IBJ37TRP1C6&qid=1777190545&refinements=p_36%3A20500-21000&s=merchant-items&sr=1-242&xpid=WUmSudqhE22hN#customerReviews,「型」が身につく 蛋白尿・血尿の診かた・考えかた 【電子版付】
4784993827,,,,
4784961704,Tankobon Softcover,205.41,https://www.amazon.com.au/%E8%BB%A2%E5%80%92%E4%BA%88%E9%98%B2%E7%99%BD%E6%9B%B82023-%E9%9B%BB%E5%AD%90%E7%89%88%E4%BB%98/dp/4784961704/ref=sr_1_243?dib=eyJ2IjoiMSJ9.c188pSc49xsoOpQfbdeFiIYMMkgzMXc8IbvLxxFN25MHwvYAWS91CoNbPbVSpj0eo2JHXfRDtrmYWS6UXTARvA.f6hjeJ0we9Zp33hgRyfdEfBhIo1n3RxKUW_Qv7VQEFg&dib_tag=se&m=ANBW5NGGTP7SK&marketplaceID=A39IBJ37TRP1C6&qid=1777190545&refinements=p_36%3A20500-21000&s=merchant-items&sr=1-243&xpid=WUmSudqhE22hN#customerReviews,転倒予防白書2023 -電子版付-
4784961704,,,,
B008DV0RRO,,214.19,https://www.amazon.com.au/Extension-orange-PPT20E-Nichido-ground/dp/B008DV0RRO/ref=sr_1_244?dib=eyJ2IjoiMSJ9.c188pSc49xsoOpQfbdeFiIYMMkgzMXc8IbvLxxFN25MHwvYAWS91CoNbPbVSpj0eo2JHXfRDtrmYWS6UXTARvA.f6hjeJ0we9Zp33hgRyfdEfBhIo1n3RxKUW_Qv7VQEFg&dib_tag=se&m=ANBW5NGGTP7SK&marketplaceID=A39IBJ37TRP1C6&qid=1777190545&refinements=p_36%3A20500-21000&s=merchant-items&sr=1-244&xpid=WUmSudqhE22hN#customerReviews,Extension cord 20M orange PPT20E with Nichido ground
B008DV0RRO,,,,
4784959858,Tankobon Softcover,207.34,https://www.amazon.com.au/%E9%81%BA%E4%BC%9D%E6%80%A7%E7%94%B2%E7%8A%B6%E8%85%BA%E7%96%BE%E6%82%A3%E3%81%AE%E3%81%99%E3%81%B9%E3%81%A6%E3%80%90%E9%9B%BB%E5%AD%90%E7%89%88%E4%BB%98%E3%80%91/dp/4784959858/ref=sr_1_245?dib=eyJ2IjoiMSJ9.c188pSc49xsoOpQfbdeFiIYMMkgzMXc8IbvLxxFN25MHwvYAWS91CoNbPbVSpj0eo2JHXfRDtrmYWS6UXTARvA.f6hjeJ0we9Zp33hgRyfdEfBhIo1n3RxKUW_Qv7VQEFg&dib_tag=se&m=ANBW5NGGTP7SK&marketplaceID=A39IBJ37TRP1C6&qid=1777190545&refinements=p_36%3A20500-21000&s=merchant-items&sr=1-245&xpid=WUmSudqhE22hN#customerReviews,遺伝性甲状腺疾患のすべて【電子版付】
4784959858,,,,
4784903828,Tankobon Softcover,208.93,https://www.amazon.com.au/ER%E5%BF%85%E6%90%BA-%E3%81%93%E3%82%8C%E3%81%A0%E3%81%91%E3%81%AF%E8%BA%AB%E3%81%AB%E3%81%A4%E3%81%91%E3%81%9F%E3%81%84%E5%A4%96%E6%9D%A5%E8%A8%BA%E7%99%82%E3%81%AE%E7%AC%AC%E4%B8%80%E6%89%8B/dp/4784903828/ref=sr_1_241?dib=eyJ2IjoiMSJ9.Pk3vTnWCpI3rDmlKrExibzRoPVAPLuMaVKfi8v9Cd1Cf4FtPTRk3RFjvW7pm70iek9PXPs0gXZmzDWWvH3F-3Z687_LB33zb_q-B5_Y2Ytrgv04baOShbRWTcBCt9SJexl_mXTi0pU_AoizTUcRK1K5Y-Jrjg3_SyEooUAx2GPI.oM_Qdric5Lyy57CAba6mp9Sk9QMTeI-NVZPTAhFY5YE&dib_tag=se&m=ANBW5NGGTP7SK&marketplaceID=A39IBJ37TRP1C6&qid=1777190545&refinements=p_36%3A20500-21000&s=merchant-items&sr=1-241&xpid=WUmSudqhE22hN#customerReviews,ER必携 これだけは身につけたい外来診療の第一手
4784903828,,,,
B0CTMKM6KB,,205.61,https://www.amazon.com.au/Bijin-5429-Riverley-Stream-Guide/dp/B0CTMKM6KB/ref=sr_1_242?dib=eyJ2IjoiMSJ9.Pk3vTnWCpI3rDmlKrExibzRoPVAPLuMaVKfi8v9Cd1Cf4FtPTRk3RFjvW7pm70iek9PXPs0gXZmzDWWvH3F-3Z687_LB33zb_q-B5_Y2Ytrgv04baOShbRWTcBCt9SJexl_mXTi0pU_AoizTUcRK1K5Y-Jrjg3_SyEooUAx2GPI.oM_Qdric5Lyy57CAba6mp9Sk9QMTeI-NVZPTAhFY5YE&dib_tag=se&m=ANBW5NGGTP7SK&marketplaceID=A39IBJ37TRP1C6&qid=1777190545&refinements=p_36%3A20500-21000&s=merchant-items&sr=1-242&xpid=WUmSudqhE22hN,Bijin 5429 Riverley RV Stream Guide Vest II Tan
B0CTMKM6KB,,,,
4783880220,JP Oversized,208.44,https://www.amazon.com.au/%E5%9B%BD%E9%89%84%E6%B2%BC%E6%B4%A5%E6%A9%9F%E9%96%A2%E5%8C%BA%E3%81%AE%E7%99%BE%E5%B9%B4-%E5%B1%B1%E6%A2%A8%E5%AD%9D%E5%A4%AB/dp/4783880220/ref=sr_1_243?dib=eyJ2IjoiMSJ9.Pk3vTnWCpI3rDmlKrExibzRoPVAPLuMaVKfi8v9Cd1Cf4FtPTRk3RFjvW7pm70iek9PXPs0gXZmzDWWvH3F-3Z687_LB33zb_q-B5_Y2Ytrgv04baOShbRWTcBCt9SJexl_mXTi0pU_AoizTUcRK1K5Y-Jrjg3_SyEooUAx2GPI.oM_Qdric5Lyy57CAba6mp9Sk9QMTeI-NVZPTAhFY5YE&dib_tag=se&m=ANBW5NGGTP7SK&marketplaceID=A39IBJ37TRP1C6&qid=1777190545&refinements=p_36%3A20500-21000&s=merchant-items&sr=1-243&xpid=WUmSudqhE22hN#customerReviews,国鉄沼津機関区の百年
4783880220,,,,
4782707568,Tankobon Hardcover,206.6,https://www.amazon.com.au/%E3%83%95%E3%83%AD%E3%83%B3%E3%83%86%E3%82%A3%E3%82%A2%E7%94%9F%E7%89%A9%E7%84%A1%E6%A9%9F%E5%8C%96%E5%AD%A6-%E9%8C%AF%E4%BD%93%E5%8C%96%E5%AD%A6%E4%BC%9A%E3%83%95%E3%83%AD%E3%83%B3%E3%83%86%E3%82%A3%E3%82%A2%E9%81%B8%E6%9B%B8-%E4%BC%8A%E6%9D%B1-%E5%BF%8D/dp/4782707568/ref=sr_1_244?dib=eyJ2IjoiMSJ9.Pk3vTnWCpI3rDmlKrExibzRoPVAPLuMaVKfi8v9Cd1Cf4FtPTRk3RFjvW7pm70iek9PXPs0gXZmzDWWvH3F-3Z687_LB33zb_q-B5_Y2Ytrgv04baOShbRWTcBCt9SJexl_mXTi0pU_AoizTUcRK1K5Y-Jrjg3_SyEooUAx2GPI.oM_Qdric5Lyy57CAba6mp9Sk9QMTeI-NVZPTAhFY5YE&dib_tag=se&m=ANBW5NGGTP7SK&marketplaceID=A39IBJ37TRP1C6&qid=1777190545&refinements=p_36%3A20500-21000&s=merchant-items&sr=1-244&xpid=WUmSudqhE22hN,フロンティア生物無機化学 (錯体化学会フロンティア選書)
4782707568,,,,
B017007L1S,,208.76,https://www.amazon.com.au/Bandai-Tamashii-Nation-Effect-BURNING/dp/B017007L1S/ref=sr_1_245?dib=eyJ2IjoiMSJ9.Pk3vTnWCpI3rDmlKrExibzRoPVAPLuMaVKfi8v9Cd1Cf4FtPTRk3RFjvW7pm70iek9PXPs0gXZmzDWWvH3F-3Z687_LB33zb_q-B5_Y2Ytrgv04baOShbRWTcBCt9SJexl_mXTi0pU_AoizTUcRK1K5Y-Jrjg3_SyEooUAx2GPI.oM_Qdric5Lyy57CAba6mp9Sk9QMTeI-NVZPTAhFY5YE&dib_tag=se&m=ANBW5NGGTP7SK&marketplaceID=A39IBJ37TRP1C6&qid=1777190545&refinements=p_36%3A20500-21000&s=merchant-items&sr=1-245&xpid=WUmSudqhE22hN#customerReviews,Bandai Tamashii Nation 2015 Tamashii Effect BURNING FLAME DARK Ver.
4778033256,Comic,209.56,https://www.amazon.com.au/%E3%81%B0%E3%82%8B%E3%81%BC%E3%82%89-%E3%82%AA%E3%83%AA%E3%82%B8%E3%83%8A%E3%83%AB%E7%89%88-%E5%BE%A9%E5%88%BB%E5%90%8D%E4%BD%9C%E6%BC%AB%E7%94%BB%E3%82%B7%E3%83%AA%E3%83%BC%E3%82%BA-%E6%89%8B%E5%A1%9A%E6%B2%BB%E8%99%AB/dp/4778033256/ref=sr_1_246?dib=eyJ2IjoiMSJ9.Pk3vTnWCpI3rDmlKrExibzRoPVAPLuMaVKfi8v9Cd1Cf4FtPTRk3RFjvW7pm70iek9PXPs0gXZmzDWWvH3F-3Z687_LB33zb_q-B5_Y2Ytrgv04baOShbRWTcBCt9SJexl_mXTi0pU_AoizTUcRK1K5Y-Jrjg3_SyEooUAx2GPI.oM_Qdric5Lyy57CAba6mp9Sk9QMTeI-NVZPTAhFY5YE&dib_tag=se&m=ANBW5NGGTP7SK&marketplaceID=A39IBJ37TRP1C6&qid=1777190545&refinements=p_36%3A20500-21000&s=merchant-items&sr=1-246&xpid=WUmSudqhE22hN#customerReviews,ばるぼら オリジナル版 (復刻名作漫画シリーズ)
4778033256,,,,
4774407364,Tankobon Hardcover,205.72,https://www.amazon.com.au/%E9%95%B7%E6%BE%A4%E5%BB%B6%E5%AD%90%E5%85%A8%E8%A9%A9%E9%9B%86-%E9%95%B7%E6%BE%A4%E5%BB%B6%E5%AD%90/dp/4774407364/ref=sr_1_247?dib=eyJ2IjoiMSJ9.Pk3vTnWCpI3rDmlKrExibzRoPVAPLuMaVKfi8v9Cd1Cf4FtPTRk3RFjvW7pm70iek9PXPs0gXZmzDWWvH3F-3Z687_LB33zb_q-B5_Y2Ytrgv04baOShbRWTcBCt9SJexl_mXTi0pU_AoizTUcRK1K5Y-Jrjg3_SyEooUAx2GPI.oM_Qdric5Lyy57CAba6mp9Sk9QMTeI-NVZPTAhFY5YE&dib_tag=se&m=ANBW5NGGTP7SK&marketplaceID=A39IBJ37TRP1C6&qid=1777190545&refinements=p_36%3A20500-21000&s=merchant-items&sr=1-247&xpid=WUmSudqhE22hN,長澤延子全詩集
4774407364,,,,
B0081OSPTA,,208.93,https://www.amazon.com.au/Armor-gloves-guard-AG8TW-754159/dp/B0081OSPTA/ref=sr_1_248?dib=eyJ2IjoiMSJ9.Pk3vTnWCpI3rDmlKrExibzRoPVAPLuMaVKfi8v9Cd1Cf4FtPTRk3RFjvW7pm70iek9PXPs0gXZmzDWWvH3F-3Z687_LB33zb_q-B5_Y2Ytrgv04baOShbRWTcBCt9SJexl_mXTi0pU_AoizTUcRK1K5Y-Jrjg3_SyEooUAx2GPI.oM_Qdric5Lyy57CAba6mp9Sk9QMTeI-NVZPTAhFY5YE&dib_tag=se&m=ANBW5NGGTP7SK&marketplaceID=A39IBJ37TRP1C6&qid=1777190545&refinements=p_36%3A20500-21000&s=merchant-items&sr=1-248&xpid=WUmSudqhE22hN#customerReviews,Hex Armor gloves 8 arm guard AG8TW L 754159
B0081OSPTA,,,,
4772415661,Tankobon Hardcover,208.64,https://www.amazon.com.au/%E6%81%A5%E3%81%AE%E7%83%99%E5%8D%B0_%E7%B2%BE%E7%A5%9E%E7%9A%84%E7%96%BE%E7%97%85%E3%81%B8%E3%81%AE%E3%82%B9%E3%83%86%E3%82%A3%E3%82%B0%E3%83%9E%E3%81%A8%E5%A4%89%E5%8C%96%E3%81%B8%E3%81%AE%E9%81%93%E6%A8%99-%E3%82%B9%E3%83%86%E3%82%A3%E3%83%BC%E3%83%96%E3%83%B3%E3%83%BBP%E3%83%BB%E3%83%92%E3%83%B3%E3%82%B7%E3%83%A7%E3%83%BC/dp/4772415661/ref=sr_1_249?dib=eyJ2IjoiMSJ9.Pk3vTnWCpI3rDmlKrExibzRoPVAPLuMaVKfi8v9Cd1Cf4FtPTRk3RFjvW7pm70iek9PXPs0gXZmzDWWvH3F-3Z687_LB33zb_q-B5_Y2Ytrgv04baOShbRWTcBCt9SJexl_mXTi0pU_AoizTUcRK1K5Y-Jrjg3_SyEooUAx2GPI.oM_Qdric5Lyy57CAba6mp9Sk9QMTeI-NVZPTAhFY5YE&dib_tag=se&m=ANBW5NGGTP7SK&marketplaceID=A39IBJ37TRP1C6&qid=1777190545&refinements=p_36%3A20500-21000&s=merchant-items&sr=1-249&xpid=WUmSudqhE22hN#customerReviews,恥の烙印―精神的疾病へのスティグマと変化への道標
4772415661,,,,
4772412956,Tankobon Hardcover,205.32,https://www.amazon.com.au/%E3%83%9F%E3%83%AB%E3%83%88%E3%83%B3%E3%83%BB%E3%82%A8%E3%83%AA%E3%82%AF%E3%82%BD%E3%83%B3%E3%81%AE%E4%BA%8C%E6%9C%88%E3%81%AE%E7%94%B7-%E5%BD%BC%E5%A5%B3%E3%81%AF-%E3%81%AA%E3%81%9C%E6%B0%B4%E3%82%92%E6%80%96%E3%81%8C%E3%82%8B%E3%82%88%E3%81%86%E3%81%AB%E3%81%AA%E3%81%A3%E3%81%9F%E3%81%AE%E3%81%8B/dp/4772412956/ref=sr_1_250?dib=eyJ2IjoiMSJ9.Pk3vTnWCpI3rDmlKrExibzRoPVAPLuMaVKfi8v9Cd1Cf4FtPTRk3RFjvW7pm70iek9PXPs0gXZmzDWWvH3F-3Z687_LB33zb_q-B5_Y2Ytrgv04baOShbRWTcBCt9SJexl_mXTi0pU_AoizTUcRK1K5Y-Jrjg3_SyEooUAx2GPI.oM_Qdric5Lyy57CAba6mp9Sk9QMTeI-NVZPTAhFY5YE&dib_tag=se&m=ANBW5NGGTP7SK&marketplaceID=A39IBJ37TRP1C6&qid=1777190545&refinements=p_36%3A20500-21000&s=merchant-items&sr=1-250&xpid=WUmSudqhE22hN#customerReviews,"ミルトン・エリクソンの二月の男-彼女は,なぜ水を怖がるようになったのか"
4772412956,,,,
B00576K5SE,,209.1,https://www.amazon.com.au/BANDAI-MIA-RX-78-3-G-3-Gundam/dp/B00576K5SE/ref=sr_1_251?dib=eyJ2IjoiMSJ9.Pk3vTnWCpI3rDmlKrExibzRoPVAPLuMaVKfi8v9Cd1Cf4FtPTRk3RFjvW7pm70iek9PXPs0gXZmzDWWvH3F-3Z687_LB33zb_q-B5_Y2Ytrgv04baOShbRWTcBCt9SJexl_mXTi0pU_AoizTUcRK1K5Y-Jrjg3_SyEooUAx2GPI.oM_Qdric5Lyy57CAba6mp9Sk9QMTeI-NVZPTAhFY5YE&dib_tag=se&m=ANBW5NGGTP7SK&marketplaceID=A39IBJ37TRP1C6&qid=1777190545&refinements=p_36%3A20500-21000&s=merchant-items&sr=1-251&xpid=WUmSudqhE22hN,MIA RX-78-3 G-3 Gundam
4772252932,Tankobon Hardcover,209.43,https://www.amazon.com.au/%E5%88%A9%E6%A0%B9%E5%B7%9D%E8%BF%91%E7%8F%BE%E4%BB%A3%E5%8F%B2-%E6%9D%BE%E6%B5%A6-%E8%8C%82%E6%A8%B9/dp/4772252932/ref=sr_1_257?dib=eyJ2IjoiMSJ9.7xS9IUXvlEkb8ACYKnsKEXKt_5rHiiZwKDKuDLZcmZhPUlVNMEACW80GKU-xtSb2fhARN9msC0zeQxk1DggucQ.me8D6rOfVKxg4Pc__zBFUAxC1h94y2xrFUu0MK3gFz0&dib_tag=se&m=ANBW5NGGTP7SK&marketplaceID=A39IBJ37TRP1C6&qid=1777190551&refinements=p_36%3A20500-21000&s=merchant-items&sr=1-257&xpid=WUmSudqhE22hN#customerReviews,利根川近現代史
4772252932,,,,
4772252517,Tankobon Hardcover,209.89,https://www.amazon.com.au/Landslide-Investigation-Measures-Peripheral-Reservoir/dp/4772252517/ref=sr_1_258?dib=eyJ2IjoiMSJ9.7xS9IUXvlEkb8ACYKnsKEXKt_5rHiiZwKDKuDLZcmZhPUlVNMEACW80GKU-xtSb2fhARN9msC0zeQxk1DggucQ.me8D6rOfVKxg4Pc__zBFUAxC1h94y2xrFUu0MK3gFz0&dib_tag=se&m=ANBW5NGGTP7SK&marketplaceID=A39IBJ37TRP1C6&qid=1777190551&refinements=p_36%3A20500-21000&s=merchant-items&sr=1-258&xpid=WUmSudqhE22hN,Landslide Investigation and Measures of Peripheral Reservoir
4772252517,,,,
B08QSD3F6P,,207.45,https://www.amazon.com.au/COTTONVILL-MALLANGLUNA-Stonehenge-Quilting-04-Light/dp/B08QSD3F6P/ref=sr_1_259?dib=eyJ2IjoiMSJ9.7xS9IUXvlEkb8ACYKnsKEXKt_5rHiiZwKDKuDLZcmZhPUlVNMEACW80GKU-xtSb2fhARN9msC0zeQxk1DggucQ.me8D6rOfVKxg4Pc__zBFUAxC1h94y2xrFUu0MK3gFz0&dib_tag=se&m=ANBW5NGGTP7SK&marketplaceID=A39IBJ37TRP1C6&qid=1777190551&refinements=p_36%3A20500-21000&s=merchant-items&sr=1-259&xpid=WUmSudqhE22hN#customerReviews,"COTTONVILL MALLANGLUNA Stonehenge 20COUNT Cotton Print Quilting Fabric (3yard, 04-Light Gray)"
B08QSD3F6P,,,,
476982548X,Paperback Bunko,205.29,https://www.amazon.com.au/%E6%88%A6%E9%97%98%E6%A9%9F%E3%83%91%E3%82%A4%E3%83%AD%E3%83%83%E3%83%88%E3%81%AE%E7%A9%BA%E6%88%A6%E5%93%B2%E5%AD%A6_%E3%83%88%E3%83%83%E3%83%97%E3%82%AC%E3%83%B3%E3%81%AE%E7%B4%A0%E9%A1%94-%E5%85%89%E4%BA%BA%E7%A4%BENF%E6%96%87%E5%BA%AB/dp/476982548X/ref=sr_1_260?dib=eyJ2IjoiMSJ9.7xS9IUXvlEkb8ACYKnsKEXKt_5rHiiZwKDKuDLZcmZhPUlVNMEACW80GKU-xtSb2fhARN9msC0zeQxk1DggucQ.me8D6rOfVKxg4Pc__zBFUAxC1h94y2xrFUu0MK3gFz0&dib_tag=se&m=ANBW5NGGTP7SK&marketplaceID=A39IBJ37TRP1C6&qid=1777190551&refinements=p_36%3A20500-21000&s=merchant-items&sr=1-260&xpid=WUmSudqhE22hN#customerReviews,戦闘機パイロットの空戦哲学―トップガンの素顔 (光人社NF文庫)
476982548X,,,,
4767602017,Tankobon Hardcover,206.63,https://www.amazon.com.au/%E4%BC%9A%E8%A8%88%E6%A4%9C%E6%9F%BB%E3%81%AE%E4%BA%8B%E4%BE%8B%E8%A7%A3%E8%AA%AC-%E5%85%AC%E5%85%B1%E5%B7%A5%E4%BA%8B%E3%83%BB%E5%85%AC%E5%85%B1%E4%BA%8B%E6%A5%AD/dp/4767602017/ref=sr_1_261?dib=eyJ2IjoiMSJ9.7xS9IUXvlEkb8ACYKnsKEXKt_5rHiiZwKDKuDLZcmZhPUlVNMEACW80GKU-xtSb2fhARN9msC0zeQxk1DggucQ.me8D6rOfVKxg4Pc__zBFUAxC1h94y2xrFUu0MK3gFz0&dib_tag=se&m=ANBW5NGGTP7SK&marketplaceID=A39IBJ37TRP1C6&qid=1777190551&refinements=p_36%3A20500-21000&s=merchant-items&sr=1-261&xpid=WUmSudqhE22hN,会計検査の事例解説~公共工事・公共事業~
4767602017,,,,
B07RHYSP7X,,207.94,https://www.amazon.com.au/SHIMANO-St4725r-Tyres-Tubes-Speed/dp/B07RHYSP7X/ref=sr_1_257?dib=eyJ2IjoiMSJ9.57iOKnt3jAy144rZq_XR9UI2JY1DfxAkmf5jIZpXynIXb_GHoexC0fq0sphrGD8ZTuebwbEJP2GIK0kdSWzIOoAYLyMrseyfZX2KQUlKrW5GdJR2dJi1GpPZ1O-T-EQvyqtAqRdy8-lhGKwmrfTX-qpsBO1_a0rtHzHWuFzueKI.30fsirVhKAWKi7I0DwkNH3-opmC46G-f8hj-B_OjlnQ&dib_tag=se&m=ANBW5NGGTP7SK&marketplaceID=A39IBJ37TRP1C6&qid=1777190551&refinements=p_36%3A20500-21000&s=merchant-items&sr=1-257&xpid=WUmSudqhE22hN#customerReviews,SHIMANO St4725r Tyres and Tubes None 10 Speed
B07RHYSP7X,,,,
4766425766,Tankobon Hardcover,207.6,https://www.amazon.com.au/%E8%B3%87%E7%94%A3%E5%AE%B6%E8%B3%87%E6%9C%AC%E4%B8%BB%E7%BE%A9%E3%81%AE%E7%94%9F%E6%88%90%EF%BC%9A%E8%BF%91%E4%BB%A3%E6%97%A5%E6%9C%AC%E3%81%AE%E8%B3%87%E6%9C%AC%E5%B8%82%E5%A0%B4%E3%81%A8%E9%87%91%E8%9E%8D-%E4%B8%AD%E8%A5%BF-%E8%81%A1/dp/4766425766/ref=sr_1_258?dib=eyJ2IjoiMSJ9.57iOKnt3jAy144rZq_XR9UI2JY1DfxAkmf5jIZpXynIXb_GHoexC0fq0sphrGD8ZTuebwbEJP2GIK0kdSWzIOoAYLyMrseyfZX2KQUlKrW5GdJR2dJi1GpPZ1O-T-EQvyqtAqRdy8-lhGKwmrfTX-qpsBO1_a0rtHzHWuFzueKI.30fsirVhKAWKi7I0DwkNH3-opmC46G-f8hj-B_OjlnQ&dib_tag=se&m=ANBW5NGGTP7SK&marketplaceID=A39IBJ37TRP1C6&qid=1777190551&refinements=p_36%3A20500-21000&s=merchant-items&sr=1-258&xpid=WUmSudqhE22hN#customerReviews,資産家資本主義の生成：近代日本の資本市場と金融
4766425766,,,,
4766424670,Hardcover,207.38,https://www.amazon.com.au/%E3%80%8C%E8%BB%8D%E3%80%8D%E3%81%A8%E3%81%97%E3%81%A6%E3%81%AE%E8%87%AA%E8%A1%9B%E9%9A%8A-PSI%E5%8F%82%E5%8A%A0%E3%81%A8%E6%97%A5%E6%9C%AC%E3%81%AE%E5%AE%89%E5%85%A8%E4%BF%9D%E9%9A%9C%E6%94%BF%E7%AD%96-%E6%B4%A5%E5%B1%B1-%E8%AC%99/dp/4766424670/ref=sr_1_259?dib=eyJ2IjoiMSJ9.57iOKnt3jAy144rZq_XR9UI2JY1DfxAkmf5jIZpXynIXb_GHoexC0fq0sphrGD8ZTuebwbEJP2GIK0kdSWzIOoAYLyMrseyfZX2KQUlKrW5GdJR2dJi1GpPZ1O-T-EQvyqtAqRdy8-lhGKwmrfTX-qpsBO1_a0rtHzHWuFzueKI.30fsirVhKAWKi7I0DwkNH3-opmC46G-f8hj-B_OjlnQ&dib_tag=se&m=ANBW5NGGTP7SK&marketplaceID=A39IBJ37TRP1C6&qid=1777190551&refinements=p_36%3A20500-21000&s=merchant-items&sr=1-259&xpid=WUmSudqhE22hN#customerReviews,「軍」としての自衛隊:PSI参加と日本の安全保障政策
4766424670,,,,
B00649KUX8,,206.89,https://www.amazon.com.au/Stone-sweet-potato-natural-stone/dp/B00649KUX8/ref=sr_1_260?dib=eyJ2IjoiMSJ9.57iOKnt3jAy144rZq_XR9UI2JY1DfxAkmf5jIZpXynIXb_GHoexC0fq0sphrGD8ZTuebwbEJP2GIK0kdSWzIOoAYLyMrseyfZX2KQUlKrW5GdJR2dJi1GpPZ1O-T-EQvyqtAqRdy8-lhGKwmrfTX-qpsBO1_a0rtHzHWuFzueKI.30fsirVhKAWKi7I0DwkNH3-opmC46G-f8hj-B_OjlnQ&dib_tag=se&m=ANBW5NGGTP7SK&marketplaceID=A39IBJ37TRP1C6&qid=1777190551&refinements=p_36%3A20500-21000&s=merchant-items&sr=1-260&xpid=WUmSudqhE22hN,"Stone sweet potato pot ""potato Taro"" natural stone 500g with pot baked sweet potato"
B00649KUX8,,,,
4766419170,Tankobon Hardcover,207.02,https://www.amazon.com.au/%E6%98%8E%E6%B2%BB%E6%97%A5%E6%9C%AC%E3%81%AE%E6%B3%95%E8%A7%A3%E9%87%88%E3%81%A8%E6%B3%95%E5%BE%8B%E5%AE%B6-%E6%85%B6%E6%87%89%E7%BE%A9%E5%A1%BE%E5%A4%A7%E5%AD%A6%E6%B3%95%E5%AD%A6%E7%A0%94%E7%A9%B6%E4%BC%9A%E5%8F%A2%E6%9B%B8/dp/4766419170/ref=sr_1_261?dib=eyJ2IjoiMSJ9.57iOKnt3jAy144rZq_XR9UI2JY1DfxAkmf5jIZpXynIXb_GHoexC0fq0sphrGD8ZTuebwbEJP2GIK0kdSWzIOoAYLyMrseyfZX2KQUlKrW5GdJR2dJi1GpPZ1O-T-EQvyqtAqRdy8-lhGKwmrfTX-qpsBO1_a0rtHzHWuFzueKI.30fsirVhKAWKi7I0DwkNH3-opmC46G-f8hj-B_OjlnQ&dib_tag=se&m=ANBW5NGGTP7SK&marketplaceID=A39IBJ37TRP1C6&qid=1777190551&refinements=p_36%3A20500-21000&s=merchant-items&sr=1-261&xpid=WUmSudqhE22hN,明治日本の法解釈と法律家 (慶應義塾大学法学研究会叢書)
4766419170,,,,
4765518922,Tankobon Hardcover,208.44,https://www.amazon.com.au/%E3%83%97%E3%83%AC%E3%82%AD%E3%83%A3%E3%82%B9%E3%83%88PC%E6%A9%8B%E6%8A%80%E8%A1%93%E8%A6%8F%E6%BA%96/dp/4765518922/ref=sr_1_262?dib=eyJ2IjoiMSJ9.57iOKnt3jAy144rZq_XR9UI2JY1DfxAkmf5jIZpXynIXb_GHoexC0fq0sphrGD8ZTuebwbEJP2GIK0kdSWzIOoAYLyMrseyfZX2KQUlKrW5GdJR2dJi1GpPZ1O-T-EQvyqtAqRdy8-lhGKwmrfTX-qpsBO1_a0rtHzHWuFzueKI.30fsirVhKAWKi7I0DwkNH3-opmC46G-f8hj-B_OjlnQ&dib_tag=se&m=ANBW5NGGTP7SK&marketplaceID=A39IBJ37TRP1C6&qid=1777190551&refinements=p_36%3A20500-21000&s=merchant-items&sr=1-262&xpid=WUmSudqhE22hN#customerReviews,プレキャストPC橋技術規準
4765518922,,,,
4765518795,Tankobon Hardcover,205.41,https://www.amazon.com.au/%E3%82%BB%E3%83%A1%E3%83%B3%E3%83%88%E7%B3%BB%E5%9B%BA%E5%8C%96%E6%9D%90%E3%81%AB%E3%82%88%E3%82%8B%E5%9C%B0%E7%9B%A4%E6%94%B9%E8%89%AF%E3%83%9E%E3%83%8B%E3%83%A5%E3%82%A2%E3%83%AB-%E7%AC%AC5%E7%89%88/dp/4765518795/ref=sr_1_263?dib=eyJ2IjoiMSJ9.57iOKnt3jAy144rZq_XR9UI2JY1DfxAkmf5jIZpXynIXb_GHoexC0fq0sphrGD8ZTuebwbEJP2GIK0kdSWzIOoAYLyMrseyfZX2KQUlKrW5GdJR2dJi1GpPZ1O-T-EQvyqtAqRdy8-lhGKwmrfTX-qpsBO1_a0rtHzHWuFzueKI.30fsirVhKAWKi7I0DwkNH3-opmC46G-f8hj-B_OjlnQ&dib_tag=se&m=ANBW5NGGTP7SK&marketplaceID=A39IBJ37TRP1C6&qid=1777190551&refinements=p_36%3A20500-21000&s=merchant-items&sr=1-263&xpid=WUmSudqhE22hN#customerReviews,セメント系固化材による地盤改良マニュアル(第5版)
4765518795,,,,
4765316408,Tankobon Hardcover,209.39,https://www.amazon.com.au/Neonatal-Medicine/dp/4765316408/ref=sr_1_264?dib=eyJ2IjoiMSJ9.57iOKnt3jAy144rZq_XR9UI2JY1DfxAkmf5jIZpXynIXb_GHoexC0fq0sphrGD8ZTuebwbEJP2GIK0kdSWzIOoAYLyMrseyfZX2KQUlKrW5GdJR2dJi1GpPZ1O-T-EQvyqtAqRdy8-lhGKwmrfTX-qpsBO1_a0rtHzHWuFzueKI.30fsirVhKAWKi7I0DwkNH3-opmC46G-f8hj-B_OjlnQ&dib_tag=se&m=ANBW5NGGTP7SK&marketplaceID=A39IBJ37TRP1C6&qid=1777190551&refinements=p_36%3A20500-21000&s=merchant-items&sr=1-264&xpid=WUmSudqhE22hN#customerReviews,Neonatal Medicine
4765316408,,,,
B06XW7BXWK,,207.51,https://www.amazon.com.au/Fate-Grand-Order-Scathach-Lancer/dp/B06XW7BXWK/ref=sr_1_265?dib=eyJ2IjoiMSJ9.57iOKnt3jAy144rZq_XR9UI2JY1DfxAkmf5jIZpXynIXb_GHoexC0fq0sphrGD8ZTuebwbEJP2GIK0kdSWzIOoAYLyMrseyfZX2KQUlKrW5GdJR2dJi1GpPZ1O-T-EQvyqtAqRdy8-lhGKwmrfTX-qpsBO1_a0rtHzHWuFzueKI.30fsirVhKAWKi7I0DwkNH3-opmC46G-f8hj-B_OjlnQ&dib_tag=se&m=ANBW5NGGTP7SK&marketplaceID=A39IBJ37TRP1C6&qid=1777190551&refinements=p_36%3A20500-21000&s=merchant-items&sr=1-265&xpid=WUmSudqhE22hN,Fate/Grand Order: 1/7 Scathach (Lancer) - PVC Figure
4764955180,JP Oversized,208.44,https://www.amazon.com.au/View-Latest-Image-Sun/dp/4764955180/ref=sr_1_266?dib=eyJ2IjoiMSJ9.57iOKnt3jAy144rZq_XR9UI2JY1DfxAkmf5jIZpXynIXb_GHoexC0fq0sphrGD8ZTuebwbEJP2GIK0kdSWzIOoAYLyMrseyfZX2KQUlKrW5GdJR2dJi1GpPZ1O-T-EQvyqtAqRdy8-lhGKwmrfTX-qpsBO1_a0rtHzHWuFzueKI.30fsirVhKAWKi7I0DwkNH3-opmC46G-f8hj-B_OjlnQ&dib_tag=se&m=ANBW5NGGTP7SK&marketplaceID=A39IBJ37TRP1C6&qid=1777190551&refinements=p_36%3A20500-21000&s=merchant-items&sr=1-266&xpid=WUmSudqhE22hN,View The Latest Image The Sun
4764955180,,,,
4764603144,Tankobon Hardcover,206.59,https://www.amazon.com.au/%E6%98%8E%E6%B2%BB%E6%9C%9F%E5%9B%BD%E5%9C%9F%E9%98%B2%E8%A1%9B%E5%8F%B2-%E9%8C%A6%E6%AD%A3%E7%A4%BE%E5%8F%B2%E5%AD%A6%E5%8F%A2%E6%9B%B8/dp/4764603144/ref=sr_1_267?dib=eyJ2IjoiMSJ9.57iOKnt3jAy144rZq_XR9UI2JY1DfxAkmf5jIZpXynIXb_GHoexC0fq0sphrGD8ZTuebwbEJP2GIK0kdSWzIOoAYLyMrseyfZX2KQUlKrW5GdJR2dJi1GpPZ1O-T-EQvyqtAqRdy8-lhGKwmrfTX-qpsBO1_a0rtHzHWuFzueKI.30fsirVhKAWKi7I0DwkNH3-opmC46G-f8hj-B_OjlnQ&dib_tag=se&m=ANBW5NGGTP7SK&marketplaceID=A39IBJ37TRP1C6&qid=1777190551&refinements=p_36%3A20500-21000&s=merchant-items&sr=1-267&xpid=WUmSudqhE22hN#customerReviews,明治期国土防衛史 (錦正社史学叢書)
4764603144,,,,
B01N06X1JC,,209.08,https://www.amazon.com.au/Bandai-Tamashii-Nations-Ryugen-Action/dp/B01N06X1JC/ref=sr_1_273?dib=eyJ2IjoiMSJ9.glgMt5EqB4zTjQPwx-_RUbgaA6mIl7C7nJdOWS7LsbYwzNBsBRyHui_aKmQbqJ5XUJYXsEfDTOQRqPkV-HTqtg.d4IP3C0yo5yjnrp12Xla2UmT6WWt3PiMCwF5pK8d8a4&dib_tag=se&m=ANBW5NGGTP7SK&marketplaceID=A39IBJ37TRP1C6&qid=1777190557&refinements=p_36%3A20500-21000&s=merchant-items&sr=1-273&xpid=WUmSudqhE22hN#customerReviews,Bandai Tamashii Nations SIC Kamen Rider Ryugen Budou Arms Kamen Rider Gaim Action Figure
4762030473,Tankobon Hardcover,206.08,https://www.amazon.com.au/%E7%A4%BE%E4%BC%9A%E5%AD%A6%E3%81%AE%E7%90%86%E8%AB%96%E5%8E%9F%E7%90%86Vol-1-%E3%83%9E%E3%82%AF%E3%83%AD%E3%83%BB%E3%83%80%E3%82%A4%E3%83%8A%E3%83%9F%E3%82%AF%E3%82%B9-%E3%82%B8%E3%83%A7%E3%83%8A%E3%82%B5%E3%83%B3%E3%83%BBH%E3%83%BB%E3%82%BF%E3%83%BC%E3%83%8A%E3%83%BC/dp/4762030473/ref=sr_1_274?dib=eyJ2IjoiMSJ9.glgMt5EqB4zTjQPwx-_RUbgaA6mIl7C7nJdOWS7LsbYwzNBsBRyHui_aKmQbqJ5XUJYXsEfDTOQRqPkV-HTqtg.d4IP3C0yo5yjnrp12Xla2UmT6WWt3PiMCwF5pK8d8a4&dib_tag=se&m=ANBW5NGGTP7SK&marketplaceID=A39IBJ37TRP1C6&qid=1777190557&refinements=p_36%3A20500-21000&s=merchant-items&sr=1-274&xpid=WUmSudqhE22hN,社会学の理論原理Vol.1:マクロ・ダイナミクス
4762030473,,,,
4760823611,Tankobon Hardcover,209.23,https://www.amazon.com.au/%E3%82%B3%E3%83%BC%E3%83%81%E3%83%B3%E3%82%B0%E5%BF%83%E7%90%86%E5%AD%A6%E3%83%8F%E3%83%B3%E3%83%89%E3%83%96%E3%83%83%E3%82%AF/dp/4760823611/ref=sr_1_275?dib=eyJ2IjoiMSJ9.glgMt5EqB4zTjQPwx-_RUbgaA6mIl7C7nJdOWS7LsbYwzNBsBRyHui_aKmQbqJ5XUJYXsEfDTOQRqPkV-HTqtg.d4IP3C0yo5yjnrp12Xla2UmT6WWt3PiMCwF5pK8d8a4&dib_tag=se&m=ANBW5NGGTP7SK&marketplaceID=A39IBJ37TRP1C6&qid=1777190557&refinements=p_36%3A20500-21000&s=merchant-items&sr=1-275&xpid=WUmSudqhE22hN#customerReviews,コーチング心理学ハンドブック
4760823611,,,,
B0065H12FO,,209.74,https://www.amazon.com.au/Ninin-Shinobu-Den-Black-Scale/dp/B0065H12FO/ref=sr_1_276?dib=eyJ2IjoiMSJ9.glgMt5EqB4zTjQPwx-_RUbgaA6mIl7C7nJdOWS7LsbYwzNBsBRyHui_aKmQbqJ5XUJYXsEfDTOQRqPkV-HTqtg.d4IP3C0yo5yjnrp12Xla2UmT6WWt3PiMCwF5pK8d8a4&dib_tag=se&m=ANBW5NGGTP7SK&marketplaceID=A39IBJ37TRP1C6&qid=1777190557&refinements=p_36%3A20500-21000&s=merchant-items&sr=1-276&xpid=WUmSudqhE22hN#customerReviews,Ninin ga Shinobu Den Shinobu Black [1/8 Scale PVC]
4760821813,Tankobon Hardcover,208.43,https://www.amazon.com.au/%E3%81%86%E3%81%A4%E7%97%85%E3%81%AE%E3%81%9F%E3%82%81%E3%81%AE%E3%83%A1%E3%82%BF%E8%AA%8D%E7%9F%A5%E3%83%88%E3%83%AC%E3%83%BC%E3%83%8B%E3%83%B3%E3%82%B0-D-MCT-%E8%A7%A3%E8%AA%AC%E3%81%A8%E5%AE%9F%E6%96%BD%E3%83%9E%E3%83%8B%E3%83%A5%E3%82%A2%E3%83%AB-%E3%83%AC%E3%83%8A-%E3%82%A4%E3%82%A7%E3%83%AA%E3%83%8D%E3%82%AF/dp/4760821813/ref=sr_1_277?dib=eyJ2IjoiMSJ9.glgMt5EqB4zTjQPwx-_RUbgaA6mIl7C7nJdOWS7LsbYwzNBsBRyHui_aKmQbqJ5XUJYXsEfDTOQRqPkV-HTqtg.d4IP3C0yo5yjnrp12Xla2UmT6WWt3PiMCwF5pK8d8a4&dib_tag=se&m=ANBW5NGGTP7SK&marketplaceID=A39IBJ37TRP1C6&qid=1777190557&refinements=p_36%3A20500-21000&s=merchant-items&sr=1-277&xpid=WUmSudqhE22hN#customerReviews,うつ病のためのメタ認知トレーニング(D-MCT): 解説と実施マニュアル
4760821813,,,,
4760141189,Tankobon Hardcover,209.59,https://www.amazon.com.au/%E9%87%8C%E5%B1%B1%E3%83%BB%E9%87%8C%E6%B5%B7-%E6%9A%AE%E3%82%89%E3%81%97%E5%9B%B3%E9%91%91_%E3%81%84%E3%81%BE%E3%81%AB%E6%B4%BB%E3%81%8B%E3%81%99%E6%98%AD%E5%92%8C%E3%81%AE%E7%9F%A5%E6%81%B5-%E9%A4%8A%E7%88%B6-%E5%BF%97%E4%B9%83%E5%A4%AB/dp/4760141189/ref=sr_1_273?dib=eyJ2IjoiMSJ9.44TK4Oi09Gu299VTn4HNqxiCdDU03sInFVBmqiPXtNrDLSHmUT_lFrUT2F6te2k4H5LMkAylv7IwDwDyzXM2Lj-u7xnSI8omDL5LlK09FEDH3CVCk6pKFsyi2D60_s3g4HnNFbSe5SdfyH3Ib1gM3iWRDM25M7k5ROgnsmO_VKI.zKGIZiLBFja8A47YE2wbohAT_lIkQOp5gmHyXXt62_A&dib_tag=se&m=ANBW5NGGTP7SK&marketplaceID=A39IBJ37TRP1C6&qid=1777190557&refinements=p_36%3A20500-21000&s=merchant-items&sr=1-273&xpid=WUmSudqhE22hN#customerReviews,里山・里海 暮らし図鑑―いまに活かす昭和の知恵
4760141189,,,,
B0016OIQDC,,207.13,https://www.amazon.com.au/Accurate-Miniatures-Focke-Wulf-Fw-190A-8-Priller/dp/B0016OIQDC/ref=sr_1_274?dib=eyJ2IjoiMSJ9.44TK4Oi09Gu299VTn4HNqxiCdDU03sInFVBmqiPXtNrDLSHmUT_lFrUT2F6te2k4H5LMkAylv7IwDwDyzXM2Lj-u7xnSI8omDL5LlK09FEDH3CVCk6pKFsyi2D60_s3g4HnNFbSe5SdfyH3Ib1gM3iWRDM25M7k5ROgnsmO_VKI.zKGIZiLBFja8A47YE2wbohAT_lIkQOp5gmHyXXt62_A&dib_tag=se&m=ANBW5NGGTP7SK&marketplaceID=A39IBJ37TRP1C6&qid=1777190557&refinements=p_36%3A20500-21000&s=merchant-items&sr=1-274&xpid=WUmSudqhE22hN,Focke-Wulf Fw-190A-8 Josef Pips Priller on D-Day Model Kit
B0016OIQDC,,,,
4760128565,Tankobon Hardcover,205.49,https://www.amazon.com.au/%E5%9B%B3%E8%AA%AC-%E9%9B%85%E6%A5%BD%E5%85%A5%E9%96%80%E4%BA%8B%E5%85%B8/dp/4760128565/ref=sr_1_275?dib=eyJ2IjoiMSJ9.44TK4Oi09Gu299VTn4HNqxiCdDU03sInFVBmqiPXtNrDLSHmUT_lFrUT2F6te2k4H5LMkAylv7IwDwDyzXM2Lj-u7xnSI8omDL5LlK09FEDH3CVCk6pKFsyi2D60_s3g4HnNFbSe5SdfyH3Ib1gM3iWRDM25M7k5ROgnsmO_VKI.zKGIZiLBFja8A47YE2wbohAT_lIkQOp5gmHyXXt62_A&dib_tag=se&m=ANBW5NGGTP7SK&marketplaceID=A39IBJ37TRP1C6&qid=1777190557&refinements=p_36%3A20500-21000&s=merchant-items&sr=1-275&xpid=WUmSudqhE22hN#customerReviews,図説 雅楽入門事典
4760128565,,,,
4759923810,Tankobon Hardcover,208.48,https://www.amazon.com.au/%E4%BF%9D%E8%AD%B7%E8%80%85%E3%81%A8%E3%81%AE%E9%96%A2%E4%BF%82%E6%A7%8B%E7%AF%89%E3%81%AB%E9%96%A2%E3%81%99%E3%82%8B%E4%BF%9D%E8%82%B2%E8%80%85%E3%81%AE%E8%AA%9E%E3%82%8A%E3%81%AE%E6%A4%9C%E8%A8%8E-%E4%BF%9D%E8%82%B2%E8%80%85%E3%81%AE%E5%B0%82%E9%96%80%E7%9A%84%E6%88%90%E9%95%B7%E3%81%AE%E8%A6%B3%E7%82%B9%E3%81%8B%E3%82%89-%E8%A1%9B%E8%97%A4-%E7%9C%9F%E8%A6%8F/dp/4759923810/ref=sr_1_276?dib=eyJ2IjoiMSJ9.44TK4Oi09Gu299VTn4HNqxiCdDU03sInFVBmqiPXtNrDLSHmUT_lFrUT2F6te2k4H5LMkAylv7IwDwDyzXM2Lj-u7xnSI8omDL5LlK09FEDH3CVCk6pKFsyi2D60_s3g4HnNFbSe5SdfyH3Ib1gM3iWRDM25M7k5ROgnsmO_VKI.zKGIZiLBFja8A47YE2wbohAT_lIkQOp5gmHyXXt62_A&dib_tag=se&m=ANBW5NGGTP7SK&marketplaceID=A39IBJ37TRP1C6&qid=1777190557&refinements=p_36%3A20500-21000&s=merchant-items&sr=1-276&xpid=WUmSudqhE22hN,保護者との関係構築に関する保育者の語りの検討:保育者の専門的成長の観点から
4759923810,,,,
B000Q749AO,,208.59,https://www.amazon.com.au/RX-178-GUNDAM-Mark-II-Complete/dp/B000Q749AO/ref=sr_1_277?dib=eyJ2IjoiMSJ9.44TK4Oi09Gu299VTn4HNqxiCdDU03sInFVBmqiPXtNrDLSHmUT_lFrUT2F6te2k4H5LMkAylv7IwDwDyzXM2Lj-u7xnSI8omDL5LlK09FEDH3CVCk6pKFsyi2D60_s3g4HnNFbSe5SdfyH3Ib1gM3iWRDM25M7k5ROgnsmO_VKI.zKGIZiLBFja8A47YE2wbohAT_lIkQOp5gmHyXXt62_A&dib_tag=se&m=ANBW5NGGTP7SK&marketplaceID=A39IBJ37TRP1C6&qid=1777190557&refinements=p_36%3A20500-21000&s=merchant-items&sr=1-277&xpid=WUmSudqhE22hN#customerReviews,RX-178 GUNDAM Mark II - High Complete Model [Z Gundam] HCM Series 15
475832137X,Tankobon Hardcover,205.41,https://www.amazon.com.au/%E9%A3%9F%E9%81%93%E9%96%89%E9%8E%96%E3%81%AE%E3%81%99%E3%81%B9%E3%81%A6-%E8%83%8E%E5%85%90%E3%82%B9%E3%82%AF%E3%83%AA%E3%83%BC%E3%83%8B%E3%83%B3%E3%82%B0-%E7%B2%BE%E6%9F%BB-%E6%B2%BB%E7%99%82/dp/475832137X/ref=sr_1_278?dib=eyJ2IjoiMSJ9.44TK4Oi09Gu299VTn4HNqxiCdDU03sInFVBmqiPXtNrDLSHmUT_lFrUT2F6te2k4H5LMkAylv7IwDwDyzXM2Lj-u7xnSI8omDL5LlK09FEDH3CVCk6pKFsyi2D60_s3g4HnNFbSe5SdfyH3Ib1gM3iWRDM25M7k5ROgnsmO_VKI.zKGIZiLBFja8A47YE2wbohAT_lIkQOp5gmHyXXt62_A&dib_tag=se&m=ANBW5NGGTP7SK&marketplaceID=A39IBJ37TRP1C6&qid=1777190557&refinements=p_36%3A20500-21000&s=merchant-items&sr=1-278&xpid=WUmSudqhE22hN#customerReviews,"食道閉鎖のすべて−胎児スクリーニング, 精査, 治療"
475832137X,,,,
4758320942,Tankobon Hardcover,205.41,https://www.amazon.com.au/%E9%81%8B%E5%8B%95%E7%99%82%E6%B3%95%E3%81%AE%E3%81%9F%E3%82%81%E3%81%AE-%E6%A9%9F%E8%83%BD%E8%A7%A3%E5%89%96%E5%AD%A6%E7%9A%84%E8%A7%A6%E8%A8%BA%E6%8A%80%E8%A1%93-%E5%8B%95%E7%94%BB%E3%83%97%E3%83%A9%E3%82%B9-%E4%B8%8B%E8%82%A2%E3%83%BB%E4%BD%93%E5%B9%B9-%E6%94%B9%E8%A8%82%E7%AC%AC2%E7%89%88-%E6%9E%97-%E5%85%B8%E9%9B%84/dp/4758320942/ref=sr_1_279?dib=eyJ2IjoiMSJ9.44TK4Oi09Gu299VTn4HNqxiCdDU03sInFVBmqiPXtNrDLSHmUT_lFrUT2F6te2k4H5LMkAylv7IwDwDyzXM2Lj-u7xnSI8omDL5LlK09FEDH3CVCk6pKFsyi2D60_s3g4HnNFbSe5SdfyH3Ib1gM3iWRDM25M7k5ROgnsmO_VKI.zKGIZiLBFja8A47YE2wbohAT_lIkQOp5gmHyXXt62_A&dib_tag=se&m=ANBW5NGGTP7SK&marketplaceID=A39IBJ37TRP1C6&qid=1777190557&refinements=p_36%3A20500-21000&s=merchant-items&sr=1-279&xpid=WUmSudqhE22hN#customerReviews,運動療法のための 　機能解剖学的触診技術 動画プラス　下肢・体幹−改訂第2版
4758320942,,,,
B004KSQZMA,,208.93,https://www.amazon.com.au/Muv-Luv-Alternative-Shiranui-Manandal-Construction/dp/B004KSQZMA/ref=sr_1_280?dib=eyJ2IjoiMSJ9.44TK4Oi09Gu299VTn4HNqxiCdDU03sInFVBmqiPXtNrDLSHmUT_lFrUT2F6te2k4H5LMkAylv7IwDwDyzXM2Lj-u7xnSI8omDL5LlK09FEDH3CVCk6pKFsyi2D60_s3g4HnNFbSe5SdfyH3Ib1gM3iWRDM25M7k5ROgnsmO_VKI.zKGIZiLBFja8A47YE2wbohAT_lIkQOp5gmHyXXt62_A&dib_tag=se&m=ANBW5NGGTP7SK&marketplaceID=A39IBJ37TRP1C6&qid=1777190557&refinements=p_36%3A20500-21000&s=merchant-items&sr=1-280&xpid=WUmSudqhE22hN#customerReviews,Muv-Luv Alternative Total Eclipse Shiranui 2nd Type Tarisa Manandal Custom 18cm Tall Model Construction Kit
4758320853,Tankobon Hardcover,205.41,https://www.amazon.com.au/%E3%82%B9%E3%83%9D%E3%83%BC%E3%83%84%E7%90%86%E5%AD%A6%E7%99%82%E6%B3%95%E5%AD%A6-%E5%8B%95%E4%BD%9C%E3%81%AB%E5%9F%BA%E3%81%A5%E3%81%8F%E5%A4%96%E5%82%B7%E3%83%BB%E9%9A%9C%E5%AE%B3%E3%81%AE%E7%90%86%E8%A7%A3%E3%81%A8%E8%A9%95%E4%BE%A1%E3%83%BB%E6%B2%BB%E7%99%82%E3%81%AE%E9%80%B2%E3%82%81%E6%96%B9-%E7%AC%AC3%E7%89%88/dp/4758320853/ref=sr_1_281?dib=eyJ2IjoiMSJ9.44TK4Oi09Gu299VTn4HNqxiCdDU03sInFVBmqiPXtNrDLSHmUT_lFrUT2F6te2k4H5LMkAylv7IwDwDyzXM2Lj-u7xnSI8omDL5LlK09FEDH3CVCk6pKFsyi2D60_s3g4HnNFbSe5SdfyH3Ib1gM3iWRDM25M7k5ROgnsmO_VKI.zKGIZiLBFja8A47YE2wbohAT_lIkQOp5gmHyXXt62_A&dib_tag=se&m=ANBW5NGGTP7SK&marketplaceID=A39IBJ37TRP1C6&qid=1777190557&refinements=p_36%3A20500-21000&s=merchant-items&sr=1-281&xpid=WUmSudqhE22hN,スポーツ理学療法学−動作に基づく外傷・障害の理解と評価・治療の進め方−第3版
4758320853,,,,
4758320799,Tankobon Hardcover,205.32,https://www.amazon.com.au/%E9%81%8B%E5%8B%95%E5%99%A8%E9%9A%9C%E5%AE%B3%E7%90%86%E5%AD%A6%E7%99%82%E6%B3%95-%E4%B8%8A%E8%82%A2%E3%83%BB%E9%A0%B8%E9%83%A8-%E5%9F%BA%E7%A4%8E%E3%81%8B%E3%82%89%E5%AE%9F%E8%B7%B5%E3%81%BE%E3%81%A7-%E5%8D%92%E5%BE%8C5%E5%B9%B4%E3%81%BE%E3%81%A7%E3%81%AB%E3%83%9E%E3%82%B9%E3%82%BF%E3%83%BC%E3%81%99%E3%81%B9%E3%81%8D/dp/4758320799/ref=sr_1_282?dib=eyJ2IjoiMSJ9.44TK4Oi09Gu299VTn4HNqxiCdDU03sInFVBmqiPXtNrDLSHmUT_lFrUT2F6te2k4H5LMkAylv7IwDwDyzXM2Lj-u7xnSI8omDL5LlK09FEDH3CVCk6pKFsyi2D60_s3g4HnNFbSe5SdfyH3Ib1gM3iWRDM25M7k5ROgnsmO_VKI.zKGIZiLBFja8A47YE2wbohAT_lIkQOp5gmHyXXt62_A&dib_tag=se&m=ANBW5NGGTP7SK&marketplaceID=A39IBJ37TRP1C6&qid=1777190557&refinements=p_36%3A20500-21000&s=merchant-items&sr=1-282&xpid=WUmSudqhE22hN#customerReviews,運動器障害理学療法 上肢・頸部−基礎から実践まで (卒後5年までにマスターすべき)
4758320799,,,,
B07FV96W32,,206.04,https://www.amazon.com.au/Liberty-10-270-All-Purpose-Shaking-Fishing/dp/B07FV96W32/ref=sr_1_283?dib=eyJ2IjoiMSJ9.44TK4Oi09Gu299VTn4HNqxiCdDU03sInFVBmqiPXtNrDLSHmUT_lFrUT2F6te2k4H5LMkAylv7IwDwDyzXM2Lj-u7xnSI8omDL5LlK09FEDH3CVCk6pKFsyi2D60_s3g4HnNFbSe5SdfyH3Ib1gM3iWRDM25M7k5ROgnsmO_VKI.zKGIZiLBFja8A47YE2wbohAT_lIkQOp5gmHyXXt62_A&dib_tag=se&m=ANBW5NGGTP7SK&marketplaceID=A39IBJ37TRP1C6&qid=1777190557&refinements=p_36%3A20500-21000&s=merchant-items&sr=1-283&xpid=WUmSudqhE22hN#customerReviews,ダイワ(DAIWA) 船竿/ボート/振出し LB C(リバティクラブ) Lパック 10号~30号
B07FV96W32,,,,
4758319510,Tankobon Hardcover,207.64,https://www.amazon.com.au/%E8%A3%9C%E5%8A%A9%E4%BA%BA%E5%B7%A5%E5%BF%83%E8%87%93%E6%B2%BB%E7%99%82%E3%83%81%E3%83%BC%E3%83%A0%E5%AE%9F%E8%B7%B5%E3%82%AC%E3%82%A4%E3%83%89-%E6%94%B9%E8%A8%82%E7%AC%AC2%E7%89%88/dp/4758319510/ref=sr_1_289?dib=eyJ2IjoiMSJ9.sUsuTsMTl0Rcu-RyYqByVsgRONuLoreUjMC9T3hsVhMfPw5NZ5XwrIeZ36SrXZ8swxwZoggdU2gebfWrkm690Q.pEZwXzPNvR_IGV5CcMfu2up2qhGwdkBWCntMUuU96wI&dib_tag=se&m=ANBW5NGGTP7SK&marketplaceID=A39IBJ37TRP1C6&qid=1777190562&refinements=p_36%3A20500-21000&s=merchant-items&sr=1-289&xpid=WUmSudqhE22hN#customerReviews,補助人工心臓治療チーム実践ガイド 改訂第2版
4758319510,,,,
4758319308,Tankobon Hardcover,206.07,https://www.amazon.com.au/%E8%8B%A5%E8%91%89%E3%83%9E%E3%83%BC%E3%82%AF%E3%81%AE%E7%94%BB%E5%83%8F%E8%A7%A3%E5%89%96%E5%AD%A6-%E7%AC%AC3%E7%89%88/dp/4758319308/ref=sr_1_290?dib=eyJ2IjoiMSJ9.sUsuTsMTl0Rcu-RyYqByVsgRONuLoreUjMC9T3hsVhMfPw5NZ5XwrIeZ36SrXZ8swxwZoggdU2gebfWrkm690Q.pEZwXzPNvR_IGV5CcMfu2up2qhGwdkBWCntMUuU96wI&dib_tag=se&m=ANBW5NGGTP7SK&marketplaceID=A39IBJ37TRP1C6&qid=1777190562&refinements=p_36%3A20500-21000&s=merchant-items&sr=1-290&xpid=WUmSudqhE22hN#customerReviews,若葉マークの画像解剖学 第3版
4758319308,,,,
B075ZXSVK1,,219.72,https://www.amazon.com.au/Armour-Project-Battleship-Yamato-Approximately/dp/B075ZXSVK1/ref=sr_1_291?dib=eyJ2IjoiMSJ9.sUsuTsMTl0Rcu-RyYqByVsgRONuLoreUjMC9T3hsVhMfPw5NZ5XwrIeZ36SrXZ8swxwZoggdU2gebfWrkm690Q.pEZwXzPNvR_IGV5CcMfu2up2qhGwdkBWCntMUuU96wI&dib_tag=se&m=ANBW5NGGTP7SK&marketplaceID=A39IBJ37TRP1C6&qid=1777190562&refinements=p_36%3A20500-21000&s=merchant-items&sr=1-291&xpid=WUmSudqhE22hN#customerReviews,Armour Girls Project Space Battleship Yamato 2202 Yamato Armour Yuki Mori Approximately 150 mm ABS & PVC & Metal (Chain Parts)
B075ZXSVK1,,,,
4758318131,Tankobon Hardcover,205.41,https://www.amazon.com.au/%E5%88%9D%E3%82%81%E3%81%A6%E6%8F%A1%E3%82%8B%E4%BA%BA%E3%81%AE%E3%81%9F%E3%82%81%E3%81%AE-%E6%B0%97%E7%AE%A1%E6%94%AF%E9%8F%A1%E5%85%A5%E9%96%80%E3%83%9E%E3%83%8B%E3%83%A5%E3%82%A2%E3%83%AB-%E6%9D%8F%E6%9E%97%E5%A4%A7%E5%AD%A6%E5%91%BC%E5%90%B8%E5%99%A8%E5%86%85%E7%A7%91%E7%B7%A8-%E6%94%B9%E8%A8%82%E7%AC%AC2%E7%89%88/dp/4758318131/ref=sr_1_292?dib=eyJ2IjoiMSJ9.sUsuTsMTl0Rcu-RyYqByVsgRONuLoreUjMC9T3hsVhMfPw5NZ5XwrIeZ36SrXZ8swxwZoggdU2gebfWrkm690Q.pEZwXzPNvR_IGV5CcMfu2up2qhGwdkBWCntMUuU96wI&dib_tag=se&m=ANBW5NGGTP7SK&marketplaceID=A39IBJ37TRP1C6&qid=1777190562&refinements=p_36%3A20500-21000&s=merchant-items&sr=1-292&xpid=WUmSudqhE22hN#customerReviews,初めて握る人のための 気管支鏡入門マニュアル−杏林大学呼吸器内科編−改訂第2版
4758318131,,,,
4758317585,Tankobon Hardcover,208.42,https://www.amazon.com.au/CG%E5%8B%95%E7%94%BB%E3%81%A7%E3%82%8F%E3%81%8B%E3%82%8B-%E8%82%A9%E7%94%B2%E9%9B%A3%E7%94%A3%E3%83%BB%E9%AA%A8%E7%9B%A4%E4%BD%8D%E3%81%B8%E3%81%AE%E5%AF%BE%E5%BF%9C-%E8%82%A9%E9%96%A2%E7%AF%80%E3%81%AE%E5%8B%95%E3%81%8D%E3%81%8B%E3%82%89%E3%81%BF%E3%81%9F%E8%82%A9%E7%94%B2%E3%83%BB%E4%B8%8A%E8%82%A2%E8%A7%A3%E5%87%BA%E6%B3%95/dp/4758317585/ref=sr_1_293?dib=eyJ2IjoiMSJ9.sUsuTsMTl0Rcu-RyYqByVsgRONuLoreUjMC9T3hsVhMfPw5NZ5XwrIeZ36SrXZ8swxwZoggdU2gebfWrkm690Q.pEZwXzPNvR_IGV5CcMfu2up2qhGwdkBWCntMUuU96wI&dib_tag=se&m=ANBW5NGGTP7SK&marketplaceID=A39IBJ37TRP1C6&qid=1777190562&refinements=p_36%3A20500-21000&s=merchant-items&sr=1-293&xpid=WUmSudqhE22hN#customerReviews,CG動画でわかる! 肩甲難産・骨盤位への対応−肩関節の動きからみた肩甲・上肢解出法
4758317585,,,,
B00L6O7ZH0,,207.38,https://www.amazon.com.au/Lottery-Cardcaptor-Sakura-Cerberus-stuffed/dp/B00L6O7ZH0/ref=sr_1_289?dib=eyJ2IjoiMSJ9.c_UWMNwYf_Ugxq2Cjho0Hl8AbYM0krFZTe7ETT0KustjLcyB-1UnrudrigyoXpx-ZW1pmp2cO83ranDgFpNrQzNXEoV5ujMWNkm6-2cJZIUuEEjvPHH3nUPcHhiw1KmCkIxdUtiuj0VtwCoaUggzXfXcfXuQ4IeoHiymV_qnWWQ.-YGn9KUE7lt9k4Yqse3YRDZ_yCBwjeW7imhtfEOkkok&dib_tag=se&m=ANBW5NGGTP7SK&marketplaceID=A39IBJ37TRP1C6&qid=1777190562&refinements=p_36%3A20500-21000&s=merchant-items&sr=1-289&xpid=WUmSudqhE22hN#customerReviews,Lottery Cardcaptor Sakura Clow Card Hen B Award Cerberus stuffed most
4758316368,Tankobon Hardcover,207.78,https://www.amazon.com.au/%E3%81%93%E3%82%8C%E3%81%A7%E3%82%8F%E3%81%8B%E3%82%8B-%E9%AB%98%E6%A9%9F%E8%83%BD%E7%9C%BC%E5%86%85%E3%83%AC%E3%83%B3%E3%82%BA-%E3%83%93%E3%83%83%E3%82%BB%E3%83%B3%E5%AE%AE%E5%B3%B6-%E5%BC%98%E5%AD%90/dp/4758316368/ref=sr_1_290?dib=eyJ2IjoiMSJ9.c_UWMNwYf_Ugxq2Cjho0Hl8AbYM0krFZTe7ETT0KustjLcyB-1UnrudrigyoXpx-ZW1pmp2cO83ranDgFpNrQzNXEoV5ujMWNkm6-2cJZIUuEEjvPHH3nUPcHhiw1KmCkIxdUtiuj0VtwCoaUggzXfXcfXuQ4IeoHiymV_qnWWQ.-YGn9KUE7lt9k4Yqse3YRDZ_yCBwjeW7imhtfEOkkok&dib_tag=se&m=ANBW5NGGTP7SK&marketplaceID=A39IBJ37TRP1C6&qid=1777190562&refinements=p_36%3A20500-21000&s=merchant-items&sr=1-290&xpid=WUmSudqhE22hN#customerReviews,これでわかる! 高機能眼内レンズ
4758316368,,,,
4758316023,Tankobon Hardcover,205.49,https://www.amazon.com.au/Anatomy-Diagnosis-Foramen-Membrane-Interpretation/dp/4758316023/ref=sr_1_291?dib=eyJ2IjoiMSJ9.c_UWMNwYf_Ugxq2Cjho0Hl8AbYM0krFZTe7ETT0KustjLcyB-1UnrudrigyoXpx-ZW1pmp2cO83ranDgFpNrQzNXEoV5ujMWNkm6-2cJZIUuEEjvPHH3nUPcHhiw1KmCkIxdUtiuj0VtwCoaUggzXfXcfXuQ4IeoHiymV_qnWWQ.-YGn9KUE7lt9k4Yqse3YRDZ_yCBwjeW7imhtfEOkkok&dib_tag=se&m=ANBW5NGGTP7SK&marketplaceID=A39IBJ37TRP1C6&qid=1777190562&refinements=p_36%3A20500-21000&s=merchant-items&sr=1-291&xpid=WUmSudqhE22hN#customerReviews,"Canal Foramen, Fissure, Space & Membrane 読影の手立てとなる局所解剖と画像診断"
4758316023,,,,
B0055WP8DW,,208.33,https://www.amazon.com.au/Fate-Stay-Night-Saber-Figure/dp/B0055WP8DW/ref=sr_1_292?dib=eyJ2IjoiMSJ9.c_UWMNwYf_Ugxq2Cjho0Hl8AbYM0krFZTe7ETT0KustjLcyB-1UnrudrigyoXpx-ZW1pmp2cO83ranDgFpNrQzNXEoV5ujMWNkm6-2cJZIUuEEjvPHH3nUPcHhiw1KmCkIxdUtiuj0VtwCoaUggzXfXcfXuQ4IeoHiymV_qnWWQ.-YGn9KUE7lt9k4Yqse3YRDZ_yCBwjeW7imhtfEOkkok&dib_tag=se&m=ANBW5NGGTP7SK&marketplaceID=A39IBJ37TRP1C6&qid=1777190562&refinements=p_36%3A20500-21000&s=merchant-items&sr=1-292&xpid=WUmSudqhE22hN,Fate/Stay Night Saber Figure Ex ver.
4758315833,Tankobon Hardcover,206.59,https://www.amazon.com.au/%E8%85%B9%E9%83%A8%E3%81%AE%E9%80%A3%E6%83%B3%E7%94%BB%E5%83%8F%E8%A8%BA%E6%96%AD-%E7%94%BB%E5%83%8F%E3%81%AB%E8%A6%8B%E3%81%88%E3%81%AA%E3%81%84%E3%82%82%E3%81%AE%E3%82%92%E8%A8%BA%E3%82%8B/dp/4758315833/ref=sr_1_293?dib=eyJ2IjoiMSJ9.c_UWMNwYf_Ugxq2Cjho0Hl8AbYM0krFZTe7ETT0KustjLcyB-1UnrudrigyoXpx-ZW1pmp2cO83ranDgFpNrQzNXEoV5ujMWNkm6-2cJZIUuEEjvPHH3nUPcHhiw1KmCkIxdUtiuj0VtwCoaUggzXfXcfXuQ4IeoHiymV_qnWWQ.-YGn9KUE7lt9k4Yqse3YRDZ_yCBwjeW7imhtfEOkkok&dib_tag=se&m=ANBW5NGGTP7SK&marketplaceID=A39IBJ37TRP1C6&qid=1777190562&refinements=p_36%3A20500-21000&s=merchant-items&sr=1-293&xpid=WUmSudqhE22hN#customerReviews,腹部の連想画像診断−画像に見えないものを診る
4758315833,,,,
4754935888,Sheet music,208.74,https://www.amazon.com.au/%E3%83%94%E3%82%A2%E3%83%8E%E3%80%81%E3%82%AE%E3%82%BF%E3%83%BC%E3%80%81%E3%83%99%E3%83%BC%E3%82%B9%E3%80%81%E3%83%89%E3%83%A9%E3%83%A0%E3%82%B9%E3%81%AE%E3%81%9F%E3%82%81%E3%81%AE-%E3%83%96%E3%83%A9%E3%82%B8%E3%83%AA%E3%82%A2%E3%83%B3%E3%83%AA%E3%82%BA%E3%83%A0%E3%82%BB%E3%82%AF%E3%82%B7%E3%83%A7%E3%83%B3-2CD%E4%BB%98/dp/4754935888/ref=sr_1_294?dib=eyJ2IjoiMSJ9.c_UWMNwYf_Ugxq2Cjho0Hl8AbYM0krFZTe7ETT0KustjLcyB-1UnrudrigyoXpx-ZW1pmp2cO83ranDgFpNrQzNXEoV5ujMWNkm6-2cJZIUuEEjvPHH3nUPcHhiw1KmCkIxdUtiuj0VtwCoaUggzXfXcfXuQ4IeoHiymV_qnWWQ.-YGn9KUE7lt9k4Yqse3YRDZ_yCBwjeW7imhtfEOkkok&dib_tag=se&m=ANBW5NGGTP7SK&marketplaceID=A39IBJ37TRP1C6&qid=1777190562&refinements=p_36%3A20500-21000&s=merchant-items&sr=1-294&xpid=WUmSudqhE22hN#customerReviews,ピアノ、ギター、ベース、ドラムスのための ブラジリアンリズムセクション 2CD付
4754935888,,,,
B001KV3EAG,,209.7,https://www.amazon.com.au/Lupin-prefabricated-Datsuba-aggregate-figures/dp/B001KV3EAG/ref=sr_1_295?dib=eyJ2IjoiMSJ9.c_UWMNwYf_Ugxq2Cjho0Hl8AbYM0krFZTe7ETT0KustjLcyB-1UnrudrigyoXpx-ZW1pmp2cO83ranDgFpNrQzNXEoV5ujMWNkm6-2cJZIUuEEjvPHH3nUPcHhiw1KmCkIxdUtiuj0VtwCoaUggzXfXcfXuQ4IeoHiymV_qnWWQ.-YGn9KUE7lt9k4Yqse3YRDZ_yCBwjeW7imhtfEOkkok&dib_tag=se&m=ANBW5NGGTP7SK&marketplaceID=A39IBJ37TRP1C6&qid=1777190562&refinements=p_36%3A20500-21000&s=merchant-items&sr=1-295&xpid=WUmSudqhE22hN,Lupin prefabricated Datsuba aggregate figures all four set
4753391078,Paperback,208.44,https://www.amazon.com.au/%E7%97%85%E8%80%85%E3%81%A8%E7%A4%BE%E4%BC%9A-%E7%B2%BE%E7%A5%9E%E5%8C%BB%E5%AD%A6%E3%81%AE%E7%B5%8C%E9%A8%93-%E4%B8%AD%E4%BA%95%E4%B9%85%E5%A4%AB%E8%91%97%E4%BD%9C%E9%9B%86-%E4%B8%AD%E4%BA%95-%E4%B9%85%E5%A4%AB/dp/4753391078/ref=sr_1_296?dib=eyJ2IjoiMSJ9.c_UWMNwYf_Ugxq2Cjho0Hl8AbYM0krFZTe7ETT0KustjLcyB-1UnrudrigyoXpx-ZW1pmp2cO83ranDgFpNrQzNXEoV5ujMWNkm6-2cJZIUuEEjvPHH3nUPcHhiw1KmCkIxdUtiuj0VtwCoaUggzXfXcfXuQ4IeoHiymV_qnWWQ.-YGn9KUE7lt9k4Yqse3YRDZ_yCBwjeW7imhtfEOkkok&dib_tag=se&m=ANBW5NGGTP7SK&marketplaceID=A39IBJ37TRP1C6&qid=1777190562&refinements=p_36%3A20500-21000&s=merchant-items&sr=1-296&xpid=WUmSudqhE22hN#customerReviews,病者と社会 精神医学の経験 (中井久夫著作集 5)
4753391078,,,,
4753311376,Tankobon Softcover,205.41,https://www.amazon.com.au/%E3%83%80%E3%83%B3%E3%82%B9%E3%83%BB%E3%83%A0%E3%83%BC%E3%83%96%E3%83%A1%E3%83%B3%E3%83%88%E3%82%BB%E3%83%A9%E3%83%94%E3%83%BC_%E7%99%92%E3%81%97%E3%81%AE%E6%8A%80%E6%B3%95-F-J-%E3%83%AC%E3%83%B4%E3%82%A3/dp/4753311376/ref=sr_1_297?dib=eyJ2IjoiMSJ9.c_UWMNwYf_Ugxq2Cjho0Hl8AbYM0krFZTe7ETT0KustjLcyB-1UnrudrigyoXpx-ZW1pmp2cO83ranDgFpNrQzNXEoV5ujMWNkm6-2cJZIUuEEjvPHH3nUPcHhiw1KmCkIxdUtiuj0VtwCoaUggzXfXcfXuQ4IeoHiymV_qnWWQ.-YGn9KUE7lt9k4Yqse3YRDZ_yCBwjeW7imhtfEOkkok&dib_tag=se&m=ANBW5NGGTP7SK&marketplaceID=A39IBJ37TRP1C6&qid=1777190562&refinements=p_36%3A20500-21000&s=merchant-items&sr=1-297&xpid=WUmSudqhE22hN,ダンス・ムーブメントセラピー―癒しの技法
4753311376,,,,
B0009QX232,,206.0,https://www.amazon.com.au/KUKKO-43-11-Puller-Three-Arm-Tension/dp/B0009QX232/ref=sr_1_298?dib=eyJ2IjoiMSJ9.c_UWMNwYf_Ugxq2Cjho0Hl8AbYM0krFZTe7ETT0KustjLcyB-1UnrudrigyoXpx-ZW1pmp2cO83ranDgFpNrQzNXEoV5ujMWNkm6-2cJZIUuEEjvPHH3nUPcHhiw1KmCkIxdUtiuj0VtwCoaUggzXfXcfXuQ4IeoHiymV_qnWWQ.-YGn9KUE7lt9k4Yqse3YRDZ_yCBwjeW7imhtfEOkkok&dib_tag=se&m=ANBW5NGGTP7SK&marketplaceID=A39IBJ37TRP1C6&qid=1777190562&refinements=p_36%3A20500-21000&s=merchant-items&sr=1-298&xpid=WUmSudqhE22hN#customerReviews,"Kukko 43-11 Handy 3-Arm Small Parts Puller with Power Transmitting and Self-Centring Puller Legs, 11 Size"
B0009QX232,,,,
4752913909,Tankobon Hardcover,205.41,https://www.amazon.com.au/%E3%82%88%E3%81%8F%E3%82%8F%E3%81%8B%E3%82%8B%E6%8C%87%E5%9C%A7%E3%83%86%E3%82%AF%E3%83%8B%E3%83%83%E3%82%AF-%E8%A1%93%E8%80%85%E3%81%AE%E4%BD%93%E3%81%AB%E3%82%82%E3%82%84%E3%81%95%E3%81%97%E3%81%84%E5%91%89%E7%AB%B9%E6%8C%87%E5%9C%A7-%E5%B2%A1%E6%9C%AC%E9%9B%85%E5%85%B8/dp/4752913909/ref=sr_1_299?dib=eyJ2IjoiMSJ9.c_UWMNwYf_Ugxq2Cjho0Hl8AbYM0krFZTe7ETT0KustjLcyB-1UnrudrigyoXpx-ZW1pmp2cO83ranDgFpNrQzNXEoV5ujMWNkm6-2cJZIUuEEjvPHH3nUPcHhiw1KmCkIxdUtiuj0VtwCoaUggzXfXcfXuQ4IeoHiymV_qnWWQ.-YGn9KUE7lt9k4Yqse3YRDZ_yCBwjeW7imhtfEOkkok&dib_tag=se&m=ANBW5NGGTP7SK&marketplaceID=A39IBJ37TRP1C6&qid=1777190562&refinements=p_36%3A20500-21000&s=merchant-items&sr=1-299&xpid=WUmSudqhE22hN#customerReviews,よくわかる指圧テクニック: 術者の体にもやさしい呉竹指圧
4752913909,,,,
4750516163,Tankobon Hardcover,205.41,https://www.amazon.com.au/%E3%82%B9%E3%83%8C%E3%83%BC%E3%83%94%E3%83%BC%E3%81%AE%E7%88%B6-%E3%83%81%E3%83%A3%E3%83%BC%E3%83%AB%E3%82%BA%E3%83%BB%E3%82%B7%E3%83%A5%E3%83%AB%E3%83%84%E4%BC%9D-%E3%83%87%E3%82%A4%E3%83%B4%E3%82%A3%E3%83%83%E3%83%89%E3%83%BB%E3%83%9E%E3%82%A4%E3%82%B1%E3%83%AA%E3%82%B9/dp/4750516163/ref=sr_1_305?dib=eyJ2IjoiMSJ9.GL0oL8A5F3Ok56JeNRvVPrvOceuIxEweRZG_S3BiTLM.d_gYwBmaFkIZbSqHfhB1L2uomHUIvAwCCiNVZeM_F2s&dib_tag=se&m=ANBW5NGGTP7SK&marketplaceID=A39IBJ37TRP1C6&qid=1777190569&refinements=p_36%3A20500-21000&s=merchant-items&sr=1-305&xpid=WUmSudqhE22hN#customerReviews,スヌーピーの父 チャールズ・シュルツ伝
4750516163,,,,
4750334774,Tankobon Hardcover,205.41,https://www.amazon.com.au/%E3%82%A2%E3%83%95%E3%82%AC%E3%83%8B%E3%82%B9%E3%82%BF%E3%83%B3%E3%81%AE%E3%83%8F%E3%82%B6%E3%83%BC%E3%83%A9%E4%BA%BA_%E8%BF%AB%E5%AE%B3%E3%82%92%E8%B6%85%E3%81%88%E6%AD%B4%E5%8F%B2%E3%81%AE%E6%9C%AA%E6%9D%A5%E3%82%92%E3%81%B2%E3%82%89%E3%81%8F%E6%B0%91_-%E4%B8%96%E7%95%8C%E4%BA%BA%E6%A8%A9%E5%95%8F%E9%A1%8C%E5%8F%A2%E6%9B%B877/dp/4750334774/ref=sr_1_306?dib=eyJ2IjoiMSJ9.GL0oL8A5F3Ok56JeNRvVPrvOceuIxEweRZG_S3BiTLM.d_gYwBmaFkIZbSqHfhB1L2uomHUIvAwCCiNVZeM_F2s&dib_tag=se&m=ANBW5NGGTP7SK&marketplaceID=A39IBJ37TRP1C6&qid=1777190569&refinements=p_36%3A20500-21000&s=merchant-items&sr=1-306&xpid=WUmSudqhE22hN,アフガニスタンのハザーラ人―迫害を超え歴史の未来をひらく民― (世界人権問題叢書77)
4750334774,,,,
