ASIN,Brand,Price,URL,Title
B00COY5J2O,Sony PSP,190.04,https://www.amazon.com.au/Brothers-Conflict-Brilliant-Blue-%E4%BA%88%E7%B4%84%E7%89%B9%E5%85%B8%E6%90%BA%E5%B8%AF%E3%82%AF%E3%83%AA%E3%83%BC%E3%83%8A%E3%83%BC%E3%82%B9%E3%83%88%E3%83%A9%E3%83%83%E3%83%97/dp/B00COY5J2O/ref=sr_1_1?dib=eyJ2IjoiMSJ9.ak4LnrM6u7i22syz9Jk4HBegvM9Zl1TTH3ZMo1dPEXysEyOZvOu31shSu83cfcTqSXdCS-s2WTRuR1geye_wcotDbxhWUZ2mkWMORXir7RyZ4FGM4MBSQCxpAF4HkiMqTWcnrJcB5UoD6Kn8CsM3QBs41sflS8YTam2IRFW11sZuoXbOPopEVaV-H-C_dxISYBTu0yx8XF7OZrX__kS23ckHAJr_oYaUYPcsqEbbNoY.TnTFvNt69SQslrx-c0akowAVHAi8Ucc3ePZBlAlSOEk&dib_tag=se&m=ANBW5NGGTP7SK&marketplaceID=A39IBJ37TRP1C6&qid=1777190108&refinements=p_36%3A19000-19500&s=merchant-items&sr=1-1#customerReviews,BROTHERS CONFLICT Brilliant Blue (限定版) 予約特典携帯クリーナーストラップ 付
B00COY5J2O,,,,
B0D8K3DX64,,194.99,https://www.amazon.com.au/Shimano-RC302-Mens-Road-Shoes/dp/B0D8K3DX64/ref=sr_1_2?dib=eyJ2IjoiMSJ9.ak4LnrM6u7i22syz9Jk4HBegvM9Zl1TTH3ZMo1dPEXysEyOZvOu31shSu83cfcTqSXdCS-s2WTRuR1geye_wcotDbxhWUZ2mkWMORXir7RyZ4FGM4MBSQCxpAF4HkiMqTWcnrJcB5UoD6Kn8CsM3QBs41sflS8YTam2IRFW11sZuoXbOPopEVaV-H-C_dxISYBTu0yx8XF7OZrX__kS23ckHAJr_oYaUYPcsqEbbNoY.TnTFvNt69SQslrx-c0akowAVHAi8Ucc3ePZBlAlSOEk&dib_tag=se&m=ANBW5NGGTP7SK&marketplaceID=A39IBJ37TRP1C6&qid=1777190108&refinements=p_36%3A19000-19500&s=merchant-items&sr=1-2#customerReviews,Shimano SH-RC302M
B07G1QDY91,,193.55,https://www.amazon.com.au/Add-Sophos-Itfztchlx-Comp-Xcvr/dp/B07G1QDY91/ref=sr_1_3?dib=eyJ2IjoiMSJ9.ak4LnrM6u7i22syz9Jk4HBegvM9Zl1TTH3ZMo1dPEXysEyOZvOu31shSu83cfcTqSXdCS-s2WTRuR1geye_wcotDbxhWUZ2mkWMORXir7RyZ4FGM4MBSQCxpAF4HkiMqTWcnrJcB5UoD6Kn8CsM3QBs41sflS8YTam2IRFW11sZuoXbOPopEVaV-H-C_dxISYBTu0yx8XF7OZrX__kS23ckHAJr_oYaUYPcsqEbbNoY.TnTFvNt69SQslrx-c0akowAVHAi8Ucc3ePZBlAlSOEk&dib_tag=se&m=ANBW5NGGTP7SK&marketplaceID=A39IBJ37TRP1C6&qid=1777190108&refinements=p_36%3A19000-19500&s=merchant-items&sr=1-3,Add On ITFZTCHLX-AO Sophos COMP TAA SFP LC Xcvr
B07G1QDY91,,,,
B012Z1PDLM,DVD,192.77,https://www.amazon.com.au/Misaeng-Incomplete-Life-TV-Shi-Wan/dp/B012Z1PDLM/ref=sr_1_4?dib=eyJ2IjoiMSJ9.ak4LnrM6u7i22syz9Jk4HBegvM9Zl1TTH3ZMo1dPEXysEyOZvOu31shSu83cfcTqSXdCS-s2WTRuR1geye_wcotDbxhWUZ2mkWMORXir7RyZ4FGM4MBSQCxpAF4HkiMqTWcnrJcB5UoD6Kn8CsM3QBs41sflS8YTam2IRFW11sZuoXbOPopEVaV-H-C_dxISYBTu0yx8XF7OZrX__kS23ckHAJr_oYaUYPcsqEbbNoY.TnTFvNt69SQslrx-c0akowAVHAi8Ucc3ePZBlAlSOEk&dib_tag=se&m=ANBW5NGGTP7SK&marketplaceID=A39IBJ37TRP1C6&qid=1777190108&refinements=p_36%3A19000-19500&s=merchant-items&sr=1-4#customerReviews,Misaeng [Or Incomplete Life]
B012Z1PDLM,,,,
B0CZ5VFLSJ,,193.49,https://www.amazon.com.au/TAMASHII-NATIONS-S-H-MonsterArts-Godzilla-Minus/dp/B0CZ5VFLSJ/ref=sr_1_5?dib=eyJ2IjoiMSJ9.ak4LnrM6u7i22syz9Jk4HBegvM9Zl1TTH3ZMo1dPEXysEyOZvOu31shSu83cfcTqSXdCS-s2WTRuR1geye_wcotDbxhWUZ2mkWMORXir7RyZ4FGM4MBSQCxpAF4HkiMqTWcnrJcB5UoD6Kn8CsM3QBs41sflS8YTam2IRFW11sZuoXbOPopEVaV-H-C_dxISYBTu0yx8XF7OZrX__kS23ckHAJr_oYaUYPcsqEbbNoY.TnTFvNt69SQslrx-c0akowAVHAi8Ucc3ePZBlAlSOEk&dib_tag=se&m=ANBW5NGGTP7SK&marketplaceID=A39IBJ37TRP1C6&qid=1777190108&refinements=p_36%3A19000-19500&s=merchant-items&sr=1-5#customerReviews,TAMASHII Nations S.H.MonsterArts Godzilla (2023) (Minus Color Ver.)
B001EY6NXO,Audio CD,246.66,https://www.amazon.com.au/HAYDN-SYM-92-94-97/dp/B001EY6NXO/ref=sr_1_6?dib=eyJ2IjoiMSJ9.ak4LnrM6u7i22syz9Jk4HBegvM9Zl1TTH3ZMo1dPEXysEyOZvOu31shSu83cfcTqSXdCS-s2WTRuR1geye_wcotDbxhWUZ2mkWMORXir7RyZ4FGM4MBSQCxpAF4HkiMqTWcnrJcB5UoD6Kn8CsM3QBs41sflS8YTam2IRFW11sZuoXbOPopEVaV-H-C_dxISYBTu0yx8XF7OZrX__kS23ckHAJr_oYaUYPcsqEbbNoY.TnTFvNt69SQslrx-c0akowAVHAi8Ucc3ePZBlAlSOEk&dib_tag=se&m=ANBW5NGGTP7SK&marketplaceID=A39IBJ37TRP1C6&qid=1777190108&refinements=p_36%3A19000-19500&s=merchant-items&sr=1-6#customerReviews,Haydn: Sym 92 94 97
B001EY6NXO,,,,
B085W97YDS,,,,"Axiom C550N Series Mobile - Solid State Drive - 250 Gb - Internal - 2.5"" - Sata"
B0D8K2J9KY,,191.01,https://www.amazon.com.au/Shimano-RC102-Mens-Road-Shoes/dp/B0D8K2J9KY/ref=sr_1_8?dib=eyJ2IjoiMSJ9.ak4LnrM6u7i22syz9Jk4HBegvM9Zl1TTH3ZMo1dPEXysEyOZvOu31shSu83cfcTqSXdCS-s2WTRuR1geye_wcotDbxhWUZ2mkWMORXir7RyZ4FGM4MBSQCxpAF4HkiMqTWcnrJcB5UoD6Kn8CsM3QBs41sflS8YTam2IRFW11sZuoXbOPopEVaV-H-C_dxISYBTu0yx8XF7OZrX__kS23ckHAJr_oYaUYPcsqEbbNoY.TnTFvNt69SQslrx-c0akowAVHAi8Ucc3ePZBlAlSOEk&dib_tag=se&m=ANBW5NGGTP7SK&marketplaceID=A39IBJ37TRP1C6&qid=1777190108&refinements=p_36%3A19000-19500&s=merchant-items&sr=1-8#customerReviews,Shimano SH-RC102M
B0D8K2J9KY,,,,
7550243581,Paperback,191.96,https://www.amazon.com.au/Chinese-classics-history-geography-essence/dp/7550243581/ref=sr_1_9?dib=eyJ2IjoiMSJ9.ak4LnrM6u7i22syz9Jk4HBegvM9Zl1TTH3ZMo1dPEXysEyOZvOu31shSu83cfcTqSXdCS-s2WTRuR1geye_wcotDbxhWUZ2mkWMORXir7RyZ4FGM4MBSQCxpAF4HkiMqTWcnrJcB5UoD6Kn8CsM3QBs41sflS8YTam2IRFW11sZuoXbOPopEVaV-H-C_dxISYBTu0yx8XF7OZrX__kS23ckHAJr_oYaUYPcsqEbbNoY.TnTFvNt69SQslrx-c0akowAVHAi8Ucc3ePZBlAlSOEk&dib_tag=se&m=ANBW5NGGTP7SK&marketplaceID=A39IBJ37TRP1C6&qid=1777190108&refinements=p_36%3A19000-19500&s=merchant-items&sr=1-9,Shan Hai Jing (China Chinese classics. history. geography essence of reading this)(Chinese Edition)
7550243581,,,,
B088GYYL51,,191.57,https://www.amazon.com.au/DAIWA-510UL-S-Aging-Rod-Tsukinobijin/dp/B088GYYL51/ref=sr_1_10?dib=eyJ2IjoiMSJ9.ak4LnrM6u7i22syz9Jk4HBegvM9Zl1TTH3ZMo1dPEXysEyOZvOu31shSu83cfcTqSXdCS-s2WTRuR1geye_wcotDbxhWUZ2mkWMORXir7RyZ4FGM4MBSQCxpAF4HkiMqTWcnrJcB5UoD6Kn8CsM3QBs41sflS8YTam2IRFW11sZuoXbOPopEVaV-H-C_dxISYBTu0yx8XF7OZrX__kS23ckHAJr_oYaUYPcsqEbbNoY.TnTFvNt69SQslrx-c0akowAVHAi8Ucc3ePZBlAlSOEk&dib_tag=se&m=ANBW5NGGTP7SK&marketplaceID=A39IBJ37TRP1C6&qid=1777190108&refinements=p_36%3A19000-19500&s=merchant-items&sr=1-10#customerReviews,DAIWA Tsukiza Beauty Aging Rod
B088GYYL51,,,,
B005QWAJAI,,191.82,https://www.amazon.com.au/Dragoon-MBD-1A-Tamashii-Special-Exclusive/dp/B005QWAJAI/ref=sr_1_11?dib=eyJ2IjoiMSJ9.ak4LnrM6u7i22syz9Jk4HBegvM9Zl1TTH3ZMo1dPEXysEyOZvOu31shSu83cfcTqSXdCS-s2WTRuR1geye_wcotDbxhWUZ2mkWMORXir7RyZ4FGM4MBSQCxpAF4HkiMqTWcnrJcB5UoD6Kn8CsM3QBs41sflS8YTam2IRFW11sZuoXbOPopEVaV-H-C_dxISYBTu0yx8XF7OZrX__kS23ckHAJr_oYaUYPcsqEbbNoY.TnTFvNt69SQslrx-c0akowAVHAi8Ucc3ePZBlAlSOEk&dib_tag=se&m=ANBW5NGGTP7SK&marketplaceID=A39IBJ37TRP1C6&qid=1777190108&refinements=p_36%3A19000-19500&s=merchant-items&sr=1-11#customerReviews,XS-16 Dragoon MBD-1A Tamashii Special Exclusive
4944091370,Tankobon Hardcover,191.51,https://www.amazon.com.au/%E3%81%BE%E3%81%A1%E3%81%AB%E3%82%A2%E3%83%BC%E3%83%88%E3%81%AE%E9%A2%A8%E3%81%8C%E5%90%B9%E3%81%8F_NPO%E3%81%A8%E4%BC%81%E6%A5%AD%E3%81%8C%E5%8D%94%E5%83%8D%E3%81%99%E3%82%8B%E3%82%A2%E3%82%B5%E3%83%92%E3%83%BB%E3%82%A2%E3%83%BC%E3%83%88%E3%83%BB%E3%83%95%E3%82%A7%E3%82%B9%E3%83%86%E3%82%A3%E3%83%90%E3%83%AB%E3%81%AE%E8%A9%A6%E3%81%BF/dp/4944091370/ref=sr_1_12?dib=eyJ2IjoiMSJ9.ak4LnrM6u7i22syz9Jk4HBegvM9Zl1TTH3ZMo1dPEXysEyOZvOu31shSu83cfcTqSXdCS-s2WTRuR1geye_wcotDbxhWUZ2mkWMORXir7RyZ4FGM4MBSQCxpAF4HkiMqTWcnrJcB5UoD6Kn8CsM3QBs41sflS8YTam2IRFW11sZuoXbOPopEVaV-H-C_dxISYBTu0yx8XF7OZrX__kS23ckHAJr_oYaUYPcsqEbbNoY.TnTFvNt69SQslrx-c0akowAVHAi8Ucc3ePZBlAlSOEk&dib_tag=se&m=ANBW5NGGTP7SK&marketplaceID=A39IBJ37TRP1C6&qid=1777190108&refinements=p_36%3A19000-19500&s=merchant-items&sr=1-12,まちにアートの風が吹く―NPOと企業が協働するアサヒ・アート・フェスティバルの試み
4944091370,,,,
B09RGD9FQJ,,191.99,https://www.amazon.com.au/Shimano-DS-RA-027Q-Basic-Suit/dp/B09RGD9FQJ/ref=sr_1_13?dib=eyJ2IjoiMSJ9.ak4LnrM6u7i22syz9Jk4HBegvM9Zl1TTH3ZMo1dPEXysEyOZvOu31shSu83cfcTqSXdCS-s2WTRuR1geye_wcotDbxhWUZ2mkWMORXir7RyZ4FGM4MBSQCxpAF4HkiMqTWcnrJcB5UoD6Kn8CsM3QBs41sflS8YTam2IRFW11sZuoXbOPopEVaV-H-C_dxISYBTu0yx8XF7OZrX__kS23ckHAJr_oYaUYPcsqEbbNoY.TnTFvNt69SQslrx-c0akowAVHAi8Ucc3ePZBlAlSOEk&dib_tag=se&m=ANBW5NGGTP7SK&marketplaceID=A39IBJ37TRP1C6&qid=1777190108&refinements=p_36%3A19000-19500&s=merchant-items&sr=1-13#customerReviews,"Shimano DS Basic Suit, Blue, L"
B09RGD9FQJ,,,,
B0C1B64JNG,,203.38,https://www.amazon.com.au/Bandai-S-H-Figuarts-Thanos-Action-Figure/dp/B0C1B64JNG/ref=sr_1_14?dib=eyJ2IjoiMSJ9.ak4LnrM6u7i22syz9Jk4HBegvM9Zl1TTH3ZMo1dPEXysEyOZvOu31shSu83cfcTqSXdCS-s2WTRuR1geye_wcotDbxhWUZ2mkWMORXir7RyZ4FGM4MBSQCxpAF4HkiMqTWcnrJcB5UoD6Kn8CsM3QBs41sflS8YTam2IRFW11sZuoXbOPopEVaV-H-C_dxISYBTu0yx8XF7OZrX__kS23ckHAJr_oYaUYPcsqEbbNoY.TnTFvNt69SQslrx-c0akowAVHAi8Ucc3ePZBlAlSOEk&dib_tag=se&m=ANBW5NGGTP7SK&marketplaceID=A39IBJ37TRP1C6&qid=1777190108&refinements=p_36%3A19000-19500&s=merchant-items&sr=1-14#customerReviews,Bandai S.H.Figuarts Thanos Five Years Later 2023 Edition Action Figure
4930745977,JP Oversized,190.08,https://www.amazon.com.au/%E5%BA%83%E5%91%8A%E5%8B%95%E6%85%8B%E8%AA%BF%E6%9F%BB_%E4%B8%BB%E8%A6%81%E4%BC%81%E6%A5%AD%E3%81%AE%E5%BA%83%E5%91%8A%E5%AE%A3%E4%BC%9D%E6%B4%BB%E5%8B%95%E3%81%A8%E6%84%8F%E8%AD%98%E3%80%882009%E5%B9%B4%E7%89%88%E3%80%89/dp/4930745977/ref=sr_1_15?dib=eyJ2IjoiMSJ9.ak4LnrM6u7i22syz9Jk4HBegvM9Zl1TTH3ZMo1dPEXysEyOZvOu31shSu83cfcTqSXdCS-s2WTRuR1geye_wcotDbxhWUZ2mkWMORXir7RyZ4FGM4MBSQCxpAF4HkiMqTWcnrJcB5UoD6Kn8CsM3QBs41sflS8YTam2IRFW11sZuoXbOPopEVaV-H-C_dxISYBTu0yx8XF7OZrX__kS23ckHAJr_oYaUYPcsqEbbNoY.TnTFvNt69SQslrx-c0akowAVHAi8Ucc3ePZBlAlSOEk&dib_tag=se&m=ANBW5NGGTP7SK&marketplaceID=A39IBJ37TRP1C6&qid=1777190108&refinements=p_36%3A19000-19500&s=merchant-items&sr=1-15,広告動態調査―主要企業の広告宣伝活動と意識〈2009年版〉
4930745977,,,,
B004MXMCYS,,193.26,https://www.amazon.com.au/CKD-4F12008AC200V-4F120-08-AC200V/dp/B004MXMCYS/ref=sr_1_16?dib=eyJ2IjoiMSJ9.ak4LnrM6u7i22syz9Jk4HBegvM9Zl1TTH3ZMo1dPEXysEyOZvOu31shSu83cfcTqSXdCS-s2WTRuR1geye_wcotDbxhWUZ2mkWMORXir7RyZ4FGM4MBSQCxpAF4HkiMqTWcnrJcB5UoD6Kn8CsM3QBs41sflS8YTam2IRFW11sZuoXbOPopEVaV-H-C_dxISYBTu0yx8XF7OZrX__kS23ckHAJr_oYaUYPcsqEbbNoY.TnTFvNt69SQslrx-c0akowAVHAi8Ucc3ePZBlAlSOEk&dib_tag=se&m=ANBW5NGGTP7SK&marketplaceID=A39IBJ37TRP1C6&qid=1777190108&refinements=p_36%3A19000-19500&s=merchant-items&sr=1-16,4F120-08-AC200V
B004MXMCYS,,,,
B00C2U8E1I,,197.7,https://www.amazon.com.au/SOSHIN-Stretch-Wading-Jacket-Charcoal/dp/B00C2U8E1I/ref=sr_1_17?dib=eyJ2IjoiMSJ9.YAbfCSZzBxw80RnhYo5Q3GKbOgX47m3Ek3_CsgEYXtbJxXMWD8ekY--WfE-jPE7PXRvaWxEs3lKNidc_bZbpdS1QLkx4pWhd2wCSlGA-Vhzrkgo0GchckdGA-mklE9N3A3Dhqzx9VkD0w6d47Mu3OFwqhxKqp0l3xP0qWu3-MgnYDrtjjI-eqMYbSSMHa1YkzV_e8Raumz8Tm4ucJjb_gV77ccrZp0aZcoKo0wxnowM.8-iIy4KUoXR-zDRqLZhjhaxyNrcgPIIVqQog4k_9_98&dib_tag=se&m=ANBW5NGGTP7SK&marketplaceID=A39IBJ37TRP1C6&qid=1777190116&refinements=p_36%3A19000-19500&s=merchant-items&sr=1-17&xpid=MC76FKvB72qlu,SOSHIN RBB Stretch Wading Jacket Charcoal Lime
B00C2U8E1I,,,,
4921145695,Tankobon Hardcover,194.94,https://www.amazon.com.au/%E4%B8%AD%E4%B8%96%E4%BD%90%E7%AB%B9%E6%B0%8F%E3%81%AE%E7%A0%94%E7%A9%B6-%E9%AB%98%E6%A9%8B-%E8%A3%95%E6%96%87/dp/4921145695/ref=sr_1_18?dib=eyJ2IjoiMSJ9.YAbfCSZzBxw80RnhYo5Q3GKbOgX47m3Ek3_CsgEYXtbJxXMWD8ekY--WfE-jPE7PXRvaWxEs3lKNidc_bZbpdS1QLkx4pWhd2wCSlGA-Vhzrkgo0GchckdGA-mklE9N3A3Dhqzx9VkD0w6d47Mu3OFwqhxKqp0l3xP0qWu3-MgnYDrtjjI-eqMYbSSMHa1YkzV_e8Raumz8Tm4ucJjb_gV77ccrZp0aZcoKo0wxnowM.8-iIy4KUoXR-zDRqLZhjhaxyNrcgPIIVqQog4k_9_98&dib_tag=se&m=ANBW5NGGTP7SK&marketplaceID=A39IBJ37TRP1C6&qid=1777190116&refinements=p_36%3A19000-19500&s=merchant-items&sr=1-18&xpid=MC76FKvB72qlu#customerReviews,中世佐竹氏の研究
4921145695,,,,
B007TFPO14,,194.85,https://www.amazon.com.au/Escent-518003-Drafting-Paper-Sheets/dp/B007TFPO14/ref=sr_1_19?dib=eyJ2IjoiMSJ9.YAbfCSZzBxw80RnhYo5Q3GKbOgX47m3Ek3_CsgEYXtbJxXMWD8ekY--WfE-jPE7PXRvaWxEs3lKNidc_bZbpdS1QLkx4pWhd2wCSlGA-Vhzrkgo0GchckdGA-mklE9N3A3Dhqzx9VkD0w6d47Mu3OFwqhxKqp0l3xP0qWu3-MgnYDrtjjI-eqMYbSSMHa1YkzV_e8Raumz8Tm4ucJjb_gV77ccrZp0aZcoKo0wxnowM.8-iIy4KUoXR-zDRqLZhjhaxyNrcgPIIVqQog4k_9_98&dib_tag=se&m=ANBW5NGGTP7SK&marketplaceID=A39IBJ37TRP1C6&qid=1777190116&refinements=p_36%3A19000-19500&s=merchant-items&sr=1-19&xpid=MC76FKvB72qlu,"Escent 518003 Drafting Paper, Pure Kent, 390.7 lbs (180 kg), B3, 100 Sheets"
B007TFPO14,,,,
B000W9C3UO,,191.61,https://www.amazon.com.au/N12LTDK-LTDK120CN/dp/B000W9C3UO/ref=sr_1_20?dib=eyJ2IjoiMSJ9.YAbfCSZzBxw80RnhYo5Q3GKbOgX47m3Ek3_CsgEYXtbJxXMWD8ekY--WfE-jPE7PXRvaWxEs3lKNidc_bZbpdS1QLkx4pWhd2wCSlGA-Vhzrkgo0GchckdGA-mklE9N3A3Dhqzx9VkD0w6d47Mu3OFwqhxKqp0l3xP0qWu3-MgnYDrtjjI-eqMYbSSMHa1YkzV_e8Raumz8Tm4ucJjb_gV77ccrZp0aZcoKo0wxnowM.8-iIy4KUoXR-zDRqLZhjhaxyNrcgPIIVqQog4k_9_98&dib_tag=se&m=ANBW5NGGTP7SK&marketplaceID=A39IBJ37TRP1C6&qid=1777190116&refinements=p_36%3A19000-19500&s=merchant-items&sr=1-20&xpid=MC76FKvB72qlu,N12LTDK (LTDK120CN)
B000W9C3UO,,,,
490912523X,Tankobon Hardcover,193.3,https://www.amazon.com.au/%E3%83%81%E3%82%AB%E3%83%BC%E3%83%8E%E3%83%BB%E3%82%BD%E3%82%A6%E3%83%AB-%E3%82%A2%E3%83%A1%E3%83%AA%E3%82%AB%E6%96%87%E5%8C%96%E3%81%AB%E7%A7%98%E3%82%81%E3%82%89%E3%82%8C%E3%81%9F%E3%82%82%E3%81%86%E3%81%B2%E3%81%A8%E3%81%A4%E3%81%AE%E9%9F%B3%E6%A5%BD%E5%8F%B2-%E3%83%AB%E3%83%BC%E3%83%99%E3%83%B3%E3%83%BB%E3%83%A2%E3%83%AA%E3%83%BC%E3%83%8A/dp/490912523X/ref=sr_1_21?dib=eyJ2IjoiMSJ9.YAbfCSZzBxw80RnhYo5Q3GKbOgX47m3Ek3_CsgEYXtbJxXMWD8ekY--WfE-jPE7PXRvaWxEs3lKNidc_bZbpdS1QLkx4pWhd2wCSlGA-Vhzrkgo0GchckdGA-mklE9N3A3Dhqzx9VkD0w6d47Mu3OFwqhxKqp0l3xP0qWu3-MgnYDrtjjI-eqMYbSSMHa1YkzV_e8Raumz8Tm4ucJjb_gV77ccrZp0aZcoKo0wxnowM.8-iIy4KUoXR-zDRqLZhjhaxyNrcgPIIVqQog4k_9_98&dib_tag=se&m=ANBW5NGGTP7SK&marketplaceID=A39IBJ37TRP1C6&qid=1777190116&refinements=p_36%3A19000-19500&s=merchant-items&sr=1-21&xpid=MC76FKvB72qlu#customerReviews,チカーノ・ソウル アメリカ文化に秘められたもうひとつの音楽史
490912523X,,,,
B08T93CY9L,,191.51,https://www.amazon.com.au/Marty-Daypack-Rucksack-Yellow-logo/dp/B08T93CY9L/ref=sr_1_22?dib=eyJ2IjoiMSJ9.YAbfCSZzBxw80RnhYo5Q3GKbOgX47m3Ek3_CsgEYXtbJxXMWD8ekY--WfE-jPE7PXRvaWxEs3lKNidc_bZbpdS1QLkx4pWhd2wCSlGA-Vhzrkgo0GchckdGA-mklE9N3A3Dhqzx9VkD0w6d47Mu3OFwqhxKqp0l3xP0qWu3-MgnYDrtjjI-eqMYbSSMHa1YkzV_e8Raumz8Tm4ucJjb_gV77ccrZp0aZcoKo0wxnowM.8-iIy4KUoXR-zDRqLZhjhaxyNrcgPIIVqQog4k_9_98&dib_tag=se&m=ANBW5NGGTP7SK&marketplaceID=A39IBJ37TRP1C6&qid=1777190116&refinements=p_36%3A19000-19500&s=merchant-items&sr=1-22&xpid=MC76FKvB72qlu#customerReviews,Hem Marty Daypack Rucksack 30L
B08T93CY9L,,,,
490902283X,Tankobon Hardcover,194.43,https://www.amazon.com.au/%E3%83%86%E3%82%A3%E3%83%AA%E3%83%83%E3%83%92%E3%81%A8%E9%80%86%E8%AA%AC%E7%9A%84%E5%90%88%E4%B8%80%E3%81%AE%E7%B3%BB%E8%AD%9C-%E8%81%96%E5%AD%A6%E9%99%A2%E5%A4%A7%E5%AD%A6%E7%A0%94%E7%A9%B6%E5%8F%A2%E6%9B%B810-%E8%8F%8A%E5%9C%B0-%E9%A0%86/dp/490902283X/ref=sr_1_23?dib=eyJ2IjoiMSJ9.YAbfCSZzBxw80RnhYo5Q3GKbOgX47m3Ek3_CsgEYXtbJxXMWD8ekY--WfE-jPE7PXRvaWxEs3lKNidc_bZbpdS1QLkx4pWhd2wCSlGA-Vhzrkgo0GchckdGA-mklE9N3A3Dhqzx9VkD0w6d47Mu3OFwqhxKqp0l3xP0qWu3-MgnYDrtjjI-eqMYbSSMHa1YkzV_e8Raumz8Tm4ucJjb_gV77ccrZp0aZcoKo0wxnowM.8-iIy4KUoXR-zDRqLZhjhaxyNrcgPIIVqQog4k_9_98&dib_tag=se&m=ANBW5NGGTP7SK&marketplaceID=A39IBJ37TRP1C6&qid=1777190116&refinements=p_36%3A19000-19500&s=merchant-items&sr=1-23&xpid=MC76FKvB72qlu,ティリッヒと逆説的合一の系譜 (聖学院大学研究叢書10)
490902283X,,,,
4908933197,Tankobon Softcover,194.03,https://www.amazon.com.au/PDCA%E7%90%86%E8%AB%96%E3%81%A7%E5%AD%A6%E3%81%B6%E5%86%85%E9%83%A8%E9%9A%9C%E5%AE%B3%E7%90%86%E5%AD%A6%E7%99%82%E6%B3%95_%E5%BF%83%E8%A1%80%E7%AE%A1%E7%96%BE%E6%82%A3%E3%83%BB%E5%86%85%E5%88%86%E6%B3%8C%E4%BB%A3%E8%AC%9D%E7%96%BE%E6%82%A3%E3%83%BB%E8%85%8E%E7%96%BE%E6%82%A3%E7%B7%A8-%E3%82%A8%E3%82%AD%E3%82%B9%E3%83%91%E3%83%BC%E3%83%88%E7%90%86%E5%AD%A6%E7%99%82%E6%B3%95-3/dp/4908933197/ref=sr_1_24?dib=eyJ2IjoiMSJ9.YAbfCSZzBxw80RnhYo5Q3GKbOgX47m3Ek3_CsgEYXtbJxXMWD8ekY--WfE-jPE7PXRvaWxEs3lKNidc_bZbpdS1QLkx4pWhd2wCSlGA-Vhzrkgo0GchckdGA-mklE9N3A3Dhqzx9VkD0w6d47Mu3OFwqhxKqp0l3xP0qWu3-MgnYDrtjjI-eqMYbSSMHa1YkzV_e8Raumz8Tm4ucJjb_gV77ccrZp0aZcoKo0wxnowM.8-iIy4KUoXR-zDRqLZhjhaxyNrcgPIIVqQog4k_9_98&dib_tag=se&m=ANBW5NGGTP7SK&marketplaceID=A39IBJ37TRP1C6&qid=1777190116&refinements=p_36%3A19000-19500&s=merchant-items&sr=1-24&xpid=MC76FKvB72qlu#customerReviews,PDCA理論で学ぶ内部障害理学療法―心血管疾患・内分泌代謝疾患・腎疾患編 (エキスパート理学療法): 3
4908933197,,,,
B0FFMZKY4Y,,191.87,https://www.amazon.com.au/Tamashii-Nations-S-H-Figuarts-Dragon-Ball/dp/B0FFMZKY4Y/ref=sr_1_25?dib=eyJ2IjoiMSJ9.YAbfCSZzBxw80RnhYo5Q3GKbOgX47m3Ek3_CsgEYXtbJxXMWD8ekY--WfE-jPE7PXRvaWxEs3lKNidc_bZbpdS1QLkx4pWhd2wCSlGA-Vhzrkgo0GchckdGA-mklE9N3A3Dhqzx9VkD0w6d47Mu3OFwqhxKqp0l3xP0qWu3-MgnYDrtjjI-eqMYbSSMHa1YkzV_e8Raumz8Tm4ucJjb_gV77ccrZp0aZcoKo0wxnowM.8-iIy4KUoXR-zDRqLZhjhaxyNrcgPIIVqQog4k_9_98&dib_tag=se&m=ANBW5NGGTP7SK&marketplaceID=A39IBJ37TRP1C6&qid=1777190116&refinements=p_36%3A19000-19500&s=merchant-items&sr=1-25&xpid=MC76FKvB72qlu,Tamashii Nations S.H.Figuarts Dragon Ball Z - Krillin (Son Goku's Best Friend)
B08T92PXP1,,191.51,https://www.amazon.com.au/Marty-Daypack-Rucksack-White-logo/dp/B08T92PXP1/ref=sr_1_26?dib=eyJ2IjoiMSJ9.YAbfCSZzBxw80RnhYo5Q3GKbOgX47m3Ek3_CsgEYXtbJxXMWD8ekY--WfE-jPE7PXRvaWxEs3lKNidc_bZbpdS1QLkx4pWhd2wCSlGA-Vhzrkgo0GchckdGA-mklE9N3A3Dhqzx9VkD0w6d47Mu3OFwqhxKqp0l3xP0qWu3-MgnYDrtjjI-eqMYbSSMHa1YkzV_e8Raumz8Tm4ucJjb_gV77ccrZp0aZcoKo0wxnowM.8-iIy4KUoXR-zDRqLZhjhaxyNrcgPIIVqQog4k_9_98&dib_tag=se&m=ANBW5NGGTP7SK&marketplaceID=A39IBJ37TRP1C6&qid=1777190116&refinements=p_36%3A19000-19500&s=merchant-items&sr=1-26&xpid=MC76FKvB72qlu#customerReviews,Hem Marty Daypack Rucksack 30L
B08T92PXP1,,,,
4908439028,Tankobon Hardcover,192.81,https://www.amazon.com.au/%E5%AE%87%E9%87%8E%E8%AA%A0%E4%B8%80%E9%83%8E%E3%81%AE%E4%B8%96%E7%95%8C-%E6%9C%88%E5%88%8A%E3%81%A6%E3%82%8A%E3%81%A8%E3%82%8A%E3%81%83-%E5%AE%87%E9%87%8E%E8%AA%A0%E4%B8%80%E9%83%8E/dp/4908439028/ref=sr_1_27?dib=eyJ2IjoiMSJ9.YAbfCSZzBxw80RnhYo5Q3GKbOgX47m3Ek3_CsgEYXtbJxXMWD8ekY--WfE-jPE7PXRvaWxEs3lKNidc_bZbpdS1QLkx4pWhd2wCSlGA-Vhzrkgo0GchckdGA-mklE9N3A3Dhqzx9VkD0w6d47Mu3OFwqhxKqp0l3xP0qWu3-MgnYDrtjjI-eqMYbSSMHa1YkzV_e8Raumz8Tm4ucJjb_gV77ccrZp0aZcoKo0wxnowM.8-iIy4KUoXR-zDRqLZhjhaxyNrcgPIIVqQog4k_9_98&dib_tag=se&m=ANBW5NGGTP7SK&marketplaceID=A39IBJ37TRP1C6&qid=1777190116&refinements=p_36%3A19000-19500&s=merchant-items&sr=1-27&xpid=MC76FKvB72qlu#customerReviews,宇野誠一郎の世界 (月刊てりとりぃ)
4908439028,,,,
B07DTCZLX5,,193.05,https://www.amazon.com.au/Kotobukiya-limited-Bazerarudo-artillery-specifications/dp/B07DTCZLX5/ref=sr_1_28?dib=eyJ2IjoiMSJ9.YAbfCSZzBxw80RnhYo5Q3GKbOgX47m3Ek3_CsgEYXtbJxXMWD8ekY--WfE-jPE7PXRvaWxEs3lKNidc_bZbpdS1QLkx4pWhd2wCSlGA-Vhzrkgo0GchckdGA-mklE9N3A3Dhqzx9VkD0w6d47Mu3OFwqhxKqp0l3xP0qWu3-MgnYDrtjjI-eqMYbSSMHa1YkzV_e8Raumz8Tm4ucJjb_gV77ccrZp0aZcoKo0wxnowM.8-iIy4KUoXR-zDRqLZhjhaxyNrcgPIIVqQog4k_9_98&dib_tag=se&m=ANBW5NGGTP7SK&marketplaceID=A39IBJ37TRP1C6&qid=1777190116&refinements=p_36%3A19000-19500&s=merchant-items&sr=1-28&xpid=MC76FKvB72qlu#customerReviews,Kotobukiya shop limited frame Arms YSX-24c Bazerarudo artillery duel specifications: RE (Renewal models)
B07DTCZLX5,,,,
4908111022,Tankobon Hardcover,192.81,https://www.amazon.com.au/%E7%BE%8A%E6%AF%9B%E3%81%AE%E6%A7%8B%E9%80%A0%E3%81%A8%E7%89%A9%E6%80%A7-%E6%97%A5%E6%9C%AC%E7%BE%8A%E6%AF%9B%E7%94%A3%E6%A5%AD%E5%8D%94%E4%BC%9A/dp/4908111022/ref=sr_1_29?dib=eyJ2IjoiMSJ9.YAbfCSZzBxw80RnhYo5Q3GKbOgX47m3Ek3_CsgEYXtbJxXMWD8ekY--WfE-jPE7PXRvaWxEs3lKNidc_bZbpdS1QLkx4pWhd2wCSlGA-Vhzrkgo0GchckdGA-mklE9N3A3Dhqzx9VkD0w6d47Mu3OFwqhxKqp0l3xP0qWu3-MgnYDrtjjI-eqMYbSSMHa1YkzV_e8Raumz8Tm4ucJjb_gV77ccrZp0aZcoKo0wxnowM.8-iIy4KUoXR-zDRqLZhjhaxyNrcgPIIVqQog4k_9_98&dib_tag=se&m=ANBW5NGGTP7SK&marketplaceID=A39IBJ37TRP1C6&qid=1777190116&refinements=p_36%3A19000-19500&s=merchant-items&sr=1-29&xpid=MC76FKvB72qlu#customerReviews,羊毛の構造と物性
4908111022,,,,
B0BT76YN7S,,193.39,https://www.amazon.com.au/Shimano-RA-027Q-Basic-Suit-charcoal/dp/B0BT76YN7S/ref=sr_1_30?dib=eyJ2IjoiMSJ9.YAbfCSZzBxw80RnhYo5Q3GKbOgX47m3Ek3_CsgEYXtbJxXMWD8ekY--WfE-jPE7PXRvaWxEs3lKNidc_bZbpdS1QLkx4pWhd2wCSlGA-Vhzrkgo0GchckdGA-mklE9N3A3Dhqzx9VkD0w6d47Mu3OFwqhxKqp0l3xP0qWu3-MgnYDrtjjI-eqMYbSSMHa1YkzV_e8Raumz8Tm4ucJjb_gV77ccrZp0aZcoKo0wxnowM.8-iIy4KUoXR-zDRqLZhjhaxyNrcgPIIVqQog4k_9_98&dib_tag=se&m=ANBW5NGGTP7SK&marketplaceID=A39IBJ37TRP1C6&qid=1777190116&refinements=p_36%3A19000-19500&s=merchant-items&sr=1-30&xpid=MC76FKvB72qlu#customerReviews,Shimano DS Basic Suit
4908083525,Tankobon Softcover,192.88,https://www.amazon.com.au/%E3%83%88%E3%83%83%E3%83%97%E3%82%B8%E3%83%A3%E3%83%BC%E3%83%8A%E3%83%AB%E3%81%8B%E3%82%89%E5%AD%A6%E3%81%B6%E7%B7%8F%E5%90%88%E8%A8%BA%E7%99%82%E3%82%A2%E3%83%83%E3%83%97%E3%83%87%E3%83%BC%E3%83%88-%E7%AC%AC3%E7%89%88-%E4%BB%B2%E7%94%B0-%E5%92%8C%E6%AD%A3/dp/4908083525/ref=sr_1_31?dib=eyJ2IjoiMSJ9.YAbfCSZzBxw80RnhYo5Q3GKbOgX47m3Ek3_CsgEYXtbJxXMWD8ekY--WfE-jPE7PXRvaWxEs3lKNidc_bZbpdS1QLkx4pWhd2wCSlGA-Vhzrkgo0GchckdGA-mklE9N3A3Dhqzx9VkD0w6d47Mu3OFwqhxKqp0l3xP0qWu3-MgnYDrtjjI-eqMYbSSMHa1YkzV_e8Raumz8Tm4ucJjb_gV77ccrZp0aZcoKo0wxnowM.8-iIy4KUoXR-zDRqLZhjhaxyNrcgPIIVqQog4k_9_98&dib_tag=se&m=ANBW5NGGTP7SK&marketplaceID=A39IBJ37TRP1C6&qid=1777190116&refinements=p_36%3A19000-19500&s=merchant-items&sr=1-31&xpid=MC76FKvB72qlu#customerReviews,トップジャーナルから学ぶ総合診療アップデート 第3版
4908083525,,,,
B083QHLN52,,196.32,https://www.amazon.com.au/Daiwa-666TLS-Blazon-Mobile-Fishing/dp/B083QHLN52/ref=sr_1_32?dib=eyJ2IjoiMSJ9.YAbfCSZzBxw80RnhYo5Q3GKbOgX47m3Ek3_CsgEYXtbJxXMWD8ekY--WfE-jPE7PXRvaWxEs3lKNidc_bZbpdS1QLkx4pWhd2wCSlGA-Vhzrkgo0GchckdGA-mklE9N3A3Dhqzx9VkD0w6d47Mu3OFwqhxKqp0l3xP0qWu3-MgnYDrtjjI-eqMYbSSMHa1YkzV_e8Raumz8Tm4ucJjb_gV77ccrZp0aZcoKo0wxnowM.8-iIy4KUoXR-zDRqLZhjhaxyNrcgPIIVqQog4k_9_98&dib_tag=se&m=ANBW5NGGTP7SK&marketplaceID=A39IBJ37TRP1C6&qid=1777190116&refinements=p_36%3A19000-19500&s=merchant-items&sr=1-32&xpid=MC76FKvB72qlu#customerReviews,DAIWA BRAISON Bason BASS Rod Mobile Variety
B083QHLN52,,,,
4906182143,JP Oversized,192.81,https://www.amazon.com.au/%E5%AE%9F%E7%89%A9%E5%A4%A7%E3%83%BB%E3%81%9D%E3%81%AE%E3%81%BE%E3%82%93%E3%81%BE%E6%96%99%E7%90%86%E3%82%AB%E3%83%BC%E3%83%89-%E5%A4%96%E9%A3%9F%E3%83%BB%E4%B8%AD%E9%A3%9F-%E5%AE%B6%E5%BA%AD%E3%81%AE%E3%81%8D%E3%81%BB%E3%82%93%E6%96%99%E7%90%86/dp/4906182143/ref=sr_1_33?dib=eyJ2IjoiMSJ9.NMs3CYS1Q_m8GacgHjfSjZg_76Y9ljpSoCJQj9SkD13aLXAoaCxNe8NGXfApoyhuA9u6f8jUrZecLGIPaeTWXg.qdj6-NLmXRH0xn-K1Vp2JIYPHfmCeOj3dYr7hHLs4FQ&dib_tag=se&m=ANBW5NGGTP7SK&marketplaceID=A39IBJ37TRP1C6&qid=1777190125&refinements=p_36%3A19000-19500&s=merchant-items&sr=1-33&xpid=MC76FKvB72qlu#customerReviews,実物大・そのまんま料理カード 外食・中食+家庭のきほん料理
4906182143,,,,
B08T93577Z,,191.51,https://www.amazon.com.au/Marty-Daypack-Rucksack-Black-logo/dp/B08T93577Z/ref=sr_1_34?dib=eyJ2IjoiMSJ9.NMs3CYS1Q_m8GacgHjfSjZg_76Y9ljpSoCJQj9SkD13aLXAoaCxNe8NGXfApoyhuA9u6f8jUrZecLGIPaeTWXg.qdj6-NLmXRH0xn-K1Vp2JIYPHfmCeOj3dYr7hHLs4FQ&dib_tag=se&m=ANBW5NGGTP7SK&marketplaceID=A39IBJ37TRP1C6&qid=1777190125&refinements=p_36%3A19000-19500&s=merchant-items&sr=1-34&xpid=MC76FKvB72qlu#customerReviews,Hem Marty Daypack Rucksack 30L
B08T93577Z,,,,
4905700523,Sheet music,190.2,https://www.amazon.com.au/%E3%81%93%E3%81%A9%E3%82%82%E3%81%AE%E3%83%90%E3%82%A4%E3%82%A8%E3%83%AB-%E7%AC%AC1%E9%9B%86/dp/4905700523/ref=sr_1_35?dib=eyJ2IjoiMSJ9.NMs3CYS1Q_m8GacgHjfSjZg_76Y9ljpSoCJQj9SkD13aLXAoaCxNe8NGXfApoyhuA9u6f8jUrZecLGIPaeTWXg.qdj6-NLmXRH0xn-K1Vp2JIYPHfmCeOj3dYr7hHLs4FQ&dib_tag=se&m=ANBW5NGGTP7SK&marketplaceID=A39IBJ37TRP1C6&qid=1777190125&refinements=p_36%3A19000-19500&s=merchant-items&sr=1-35&xpid=MC76FKvB72qlu#customerReviews,こどものバイエル 第1集: 0
4905700523,,,,
B08VDJZJZX,,197.55,https://www.amazon.com.au/Shimano-Spinning-General-Purpose-Altegra/dp/B08VDJZJZX/ref=sr_1_36?dib=eyJ2IjoiMSJ9.NMs3CYS1Q_m8GacgHjfSjZg_76Y9ljpSoCJQj9SkD13aLXAoaCxNe8NGXfApoyhuA9u6f8jUrZecLGIPaeTWXg.qdj6-NLmXRH0xn-K1Vp2JIYPHfmCeOj3dYr7hHLs4FQ&dib_tag=se&m=ANBW5NGGTP7SK&marketplaceID=A39IBJ37TRP1C6&qid=1777190125&refinements=p_36%3A19000-19500&s=merchant-items&sr=1-36&xpid=MC76FKvB72qlu#customerReviews,Shimano Spinning Reel 21 Artegra Assorted
B08VDJZJZX,,,,
4903814939,Tankobon Hardcover,191.94,https://www.amazon.com.au/%E5%8F%A4%E5%85%B8%E5%8A%9B%E5%AD%A6/dp/4903814939/ref=sr_1_37?dib=eyJ2IjoiMSJ9.NMs3CYS1Q_m8GacgHjfSjZg_76Y9ljpSoCJQj9SkD13aLXAoaCxNe8NGXfApoyhuA9u6f8jUrZecLGIPaeTWXg.qdj6-NLmXRH0xn-K1Vp2JIYPHfmCeOj3dYr7hHLs4FQ&dib_tag=se&m=ANBW5NGGTP7SK&marketplaceID=A39IBJ37TRP1C6&qid=1777190125&refinements=p_36%3A19000-19500&s=merchant-items&sr=1-37&xpid=MC76FKvB72qlu#customerReviews,古典力学
4903814939,,,,
B07D27HJ29,,195.68,https://www.amazon.com.au/CASTELBAJAC-RAINBOW-wallet-079614-Black/dp/B07D27HJ29/ref=sr_1_33?dib=eyJ2IjoiMSJ9.bGk44Jx29V58Uc5u6G_zqsgKtgqg0lZCAnW-X_uwiXXWylIfsoBNviE00qmlt6eZMRhi_4V_xS6MnqwL5gDcg7vOrt7Wy--XHVu_pvLAcXLZUnyqWsDLmbUzwj863xhuuzBnBlr9k1231fKTAO-Dcmm3VEjAeiG9-81zz0DtA9I.vmjVI1PdKsSqdwdhV85G4k00Yh6Zsvf7PpVyDpmilG8&dib_tag=se&m=ANBW5NGGTP7SK&marketplaceID=A39IBJ37TRP1C6&qid=1777190125&refinements=p_36%3A19000-19500&s=merchant-items&sr=1-33&xpid=MC76FKvB72qlu#customerReviews,"CASTELBAJAC RAINBOW long wallet 079614, Black, One size"
B07D27HJ29,,,,
4903393305,Tankobon Hardcover,190.49,https://www.amazon.com.au/%E3%81%9F%E3%81%A0%E3%81%84%E3%81%BE/dp/4903393305/ref=sr_1_34?dib=eyJ2IjoiMSJ9.bGk44Jx29V58Uc5u6G_zqsgKtgqg0lZCAnW-X_uwiXXWylIfsoBNviE00qmlt6eZMRhi_4V_xS6MnqwL5gDcg7vOrt7Wy--XHVu_pvLAcXLZUnyqWsDLmbUzwj863xhuuzBnBlr9k1231fKTAO-Dcmm3VEjAeiG9-81zz0DtA9I.vmjVI1PdKsSqdwdhV85G4k00Yh6Zsvf7PpVyDpmilG8&dib_tag=se&m=ANBW5NGGTP7SK&marketplaceID=A39IBJ37TRP1C6&qid=1777190125&refinements=p_36%3A19000-19500&s=merchant-items&sr=1-34&xpid=MC76FKvB72qlu,ただいま
4903393305,,,,
B083SF4J2S,,194.43,https://www.amazon.com.au/Daiwa-967TMH-CROSSBEAT-Swing-Fishing/dp/B083SF4J2S/ref=sr_1_35?dib=eyJ2IjoiMSJ9.bGk44Jx29V58Uc5u6G_zqsgKtgqg0lZCAnW-X_uwiXXWylIfsoBNviE00qmlt6eZMRhi_4V_xS6MnqwL5gDcg7vOrt7Wy--XHVu_pvLAcXLZUnyqWsDLmbUzwj863xhuuzBnBlr9k1231fKTAO-Dcmm3VEjAeiG9-81zz0DtA9I.vmjVI1PdKsSqdwdhV85G4k00Yh6Zsvf7PpVyDpmilG8&dib_tag=se&m=ANBW5NGGTP7SK&marketplaceID=A39IBJ37TRP1C6&qid=1777190125&refinements=p_36%3A19000-19500&s=merchant-items&sr=1-35&xpid=MC76FKvB72qlu#customerReviews,DAIWA Crossbeat SW Swing Lure Rod
B083SF4J2S,,,,
4903378365,Tankobon Hardcover,190.45,https://www.amazon.com.au/JIA%E5%BB%BA%E7%AF%89%E5%B9%B4%E9%91%912020-2021-%E7%AC%AC16%E5%B7%BB-%E6%97%A5%E6%9C%AC%E5%BB%BA%E7%AF%89%E5%AE%B6%E5%8D%94%E4%BC%9A/dp/4903378365/ref=sr_1_36?dib=eyJ2IjoiMSJ9.bGk44Jx29V58Uc5u6G_zqsgKtgqg0lZCAnW-X_uwiXXWylIfsoBNviE00qmlt6eZMRhi_4V_xS6MnqwL5gDcg7vOrt7Wy--XHVu_pvLAcXLZUnyqWsDLmbUzwj863xhuuzBnBlr9k1231fKTAO-Dcmm3VEjAeiG9-81zz0DtA9I.vmjVI1PdKsSqdwdhV85G4k00Yh6Zsvf7PpVyDpmilG8&dib_tag=se&m=ANBW5NGGTP7SK&marketplaceID=A39IBJ37TRP1C6&qid=1777190125&refinements=p_36%3A19000-19500&s=merchant-items&sr=1-36&xpid=MC76FKvB72qlu#customerReviews,JIA建築年鑑2020-2021 第16巻
4903378365,,,,
B0BHDWJRBQ,,193.69,https://www.amazon.com.au/Insulated-Waterproof-Breathable-Comfortable-Durable/dp/B0BHDWJRBQ/ref=sr_1_37?dib=eyJ2IjoiMSJ9.bGk44Jx29V58Uc5u6G_zqsgKtgqg0lZCAnW-X_uwiXXWylIfsoBNviE00qmlt6eZMRhi_4V_xS6MnqwL5gDcg7vOrt7Wy--XHVu_pvLAcXLZUnyqWsDLmbUzwj863xhuuzBnBlr9k1231fKTAO-Dcmm3VEjAeiG9-81zz0DtA9I.vmjVI1PdKsSqdwdhV85G4k00Yh6Zsvf7PpVyDpmilG8&dib_tag=se&m=ANBW5NGGTP7SK&marketplaceID=A39IBJ37TRP1C6&qid=1777190125&refinements=p_36%3A19000-19500&s=merchant-items&sr=1-37&xpid=MC76FKvB72qlu,Kombi Junior Storm Cuff Soft Warm Insulated Waterproof Breathable Comfortable Durable Winter Skiing Gloves
B0BHDWJRBQ,,,,
4903063860,JP Oversized,191.4,https://www.amazon.com.au/%E5%85%A8%E7%B1%B3%E8%A3%BD%E3%83%91%E3%83%B3%E7%AB%B6%E6%8A%80%E5%A4%A7%E4%BC%9A%E3%81%AE%E3%83%81%E3%83%A3%E3%83%B3%E3%83%94%E3%82%AA%E3%83%B3%E3%81%A8%E4%BD%9C%E3%82%8B-%E3%82%A2%E3%83%AB%E3%83%81%E3%82%B6%E3%83%B3%E3%83%BB%E3%83%96%E3%83%AC%E3%83%83%E3%83%89-%E3%83%94%E3%83%BC%E3%82%BF%E3%83%BC%E3%83%BB%E3%83%A9%E3%82%A4%E3%83%B3%E3%83%8F%E3%83%BC%E3%83%88/dp/4903063860/ref=sr_1_38?dib=eyJ2IjoiMSJ9.bGk44Jx29V58Uc5u6G_zqsgKtgqg0lZCAnW-X_uwiXXWylIfsoBNviE00qmlt6eZMRhi_4V_xS6MnqwL5gDcg7vOrt7Wy--XHVu_pvLAcXLZUnyqWsDLmbUzwj863xhuuzBnBlr9k1231fKTAO-Dcmm3VEjAeiG9-81zz0DtA9I.vmjVI1PdKsSqdwdhV85G4k00Yh6Zsvf7PpVyDpmilG8&dib_tag=se&m=ANBW5NGGTP7SK&marketplaceID=A39IBJ37TRP1C6&qid=1777190125&refinements=p_36%3A19000-19500&s=merchant-items&sr=1-38&xpid=MC76FKvB72qlu#customerReviews,全米製パン競技大会のチャンピオンと作る　アルチザン・ブレッド
4903063860,,,,
4902590417,Paperback,193.82,https://www.amazon.com.au/%E6%94%BE%E5%B0%84%E7%B7%9A%E8%A8%88%E6%B8%AC%E5%AD%A6-%E5%8C%BB%E5%AD%A6%E7%89%A9%E7%90%86%E5%AD%A6%E6%95%99%E7%A7%91%E6%9B%B8-1/dp/4902590417/ref=sr_1_39?dib=eyJ2IjoiMSJ9.bGk44Jx29V58Uc5u6G_zqsgKtgqg0lZCAnW-X_uwiXXWylIfsoBNviE00qmlt6eZMRhi_4V_xS6MnqwL5gDcg7vOrt7Wy--XHVu_pvLAcXLZUnyqWsDLmbUzwj863xhuuzBnBlr9k1231fKTAO-Dcmm3VEjAeiG9-81zz0DtA9I.vmjVI1PdKsSqdwdhV85G4k00Yh6Zsvf7PpVyDpmilG8&dib_tag=se&m=ANBW5NGGTP7SK&marketplaceID=A39IBJ37TRP1C6&qid=1777190125&refinements=p_36%3A19000-19500&s=merchant-items&sr=1-39&xpid=MC76FKvB72qlu#customerReviews,放射線計測学 (医学物理学教科書): 1
4902590417,,,,
B01LYZ0MWI,,190.74,https://www.amazon.com.au/SOSHIN-5289-Windguard-Jacket-Charcoal/dp/B01LYZ0MWI/ref=sr_1_40?dib=eyJ2IjoiMSJ9.bGk44Jx29V58Uc5u6G_zqsgKtgqg0lZCAnW-X_uwiXXWylIfsoBNviE00qmlt6eZMRhi_4V_xS6MnqwL5gDcg7vOrt7Wy--XHVu_pvLAcXLZUnyqWsDLmbUzwj863xhuuzBnBlr9k1231fKTAO-Dcmm3VEjAeiG9-81zz0DtA9I.vmjVI1PdKsSqdwdhV85G4k00Yh6Zsvf7PpVyDpmilG8&dib_tag=se&m=ANBW5NGGTP7SK&marketplaceID=A39IBJ37TRP1C6&qid=1777190125&refinements=p_36%3A19000-19500&s=merchant-items&sr=1-40&xpid=MC76FKvB72qlu,SOSHIN RV Wind Guard Jacket II No.5289 Charcoal L
B01LYZ0MWI,,,,
4902131226,Tankobon Hardcover,192.62,https://www.amazon.com.au/%E7%A3%81%E6%B0%97%E5%85%B1%E9%B3%B4%E3%82%B9%E3%83%9A%E3%82%AF%E3%83%88%E3%83%AB%E3%81%AE%E5%8C%BB%E5%AD%A6%E5%BF%9C%E7%94%A8%E2%94%80MRS%E3%81%AE%E5%9F%BA%E7%A4%8E%E3%81%8B%E3%82%89%E8%87%A8%E5%BA%8A%E3%81%BE%E3%81%A7%E2%94%80-%E6%88%90%E7%80%AC-%E6%98%AD%E4%BA%8C/dp/4902131226/ref=sr_1_41?dib=eyJ2IjoiMSJ9.bGk44Jx29V58Uc5u6G_zqsgKtgqg0lZCAnW-X_uwiXXWylIfsoBNviE00qmlt6eZMRhi_4V_xS6MnqwL5gDcg7vOrt7Wy--XHVu_pvLAcXLZUnyqWsDLmbUzwj863xhuuzBnBlr9k1231fKTAO-Dcmm3VEjAeiG9-81zz0DtA9I.vmjVI1PdKsSqdwdhV85G4k00Yh6Zsvf7PpVyDpmilG8&dib_tag=se&m=ANBW5NGGTP7SK&marketplaceID=A39IBJ37TRP1C6&qid=1777190125&refinements=p_36%3A19000-19500&s=merchant-items&sr=1-41&xpid=MC76FKvB72qlu#customerReviews,磁気共鳴スペクトルの医学応用─MRSの基礎から臨床まで─
4902131226,,,,
B09BFP11RG,,193.1,https://www.amazon.com.au/Shimano-Bi-Axis-Barchetta-150DH-PG-Jigging/dp/B09BFP11RG/ref=sr_1_42?dib=eyJ2IjoiMSJ9.bGk44Jx29V58Uc5u6G_zqsgKtgqg0lZCAnW-X_uwiXXWylIfsoBNviE00qmlt6eZMRhi_4V_xS6MnqwL5gDcg7vOrt7Wy--XHVu_pvLAcXLZUnyqWsDLmbUzwj863xhuuzBnBlr9k1231fKTAO-Dcmm3VEjAeiG9-81zz0DtA9I.vmjVI1PdKsSqdwdhV85G4k00Yh6Zsvf7PpVyDpmilG8&dib_tag=se&m=ANBW5NGGTP7SK&marketplaceID=A39IBJ37TRP1C6&qid=1777190125&refinements=p_36%3A19000-19500&s=merchant-items&sr=1-42&xpid=MC76FKvB72qlu#customerReviews,Shimano Bi-Axis Reel 21 Barchetta BB 150DH-PG Metal Sutte Tylava Light Jigging General Purpose
B09BFP11RG,,,,
4900997889,Tankobon Hardcover,194.52,https://www.amazon.com.au/%E6%9B%B8%E3%81%8D%E5%8F%96%E3%82%8A%E3%82%B7%E3%82%B9%E3%83%86%E3%83%A01800%E3%83%BB1900-%E3%83%95%E3%83%AA%E3%83%BC%E3%83%89%E3%83%AA%E3%83%92%E3%83%BB%E3%82%AD%E3%83%83%E3%83%88%E3%83%A9%E3%83%BC/dp/4900997889/ref=sr_1_43?dib=eyJ2IjoiMSJ9.bGk44Jx29V58Uc5u6G_zqsgKtgqg0lZCAnW-X_uwiXXWylIfsoBNviE00qmlt6eZMRhi_4V_xS6MnqwL5gDcg7vOrt7Wy--XHVu_pvLAcXLZUnyqWsDLmbUzwj863xhuuzBnBlr9k1231fKTAO-Dcmm3VEjAeiG9-81zz0DtA9I.vmjVI1PdKsSqdwdhV85G4k00Yh6Zsvf7PpVyDpmilG8&dib_tag=se&m=ANBW5NGGTP7SK&marketplaceID=A39IBJ37TRP1C6&qid=1777190125&refinements=p_36%3A19000-19500&s=merchant-items&sr=1-43&xpid=MC76FKvB72qlu#customerReviews,書き取りシステム1800・1900
4900997889,,,,
B08572N4HV,,193.15,https://www.amazon.com.au/Trekmates-TM-4818-Chamonigore-Gloves-Climbing/dp/B08572N4HV/ref=sr_1_49?dib=eyJ2IjoiMSJ9.OWDbd_aKq2HQV9p3M_qEqO4vWAmMh5q4r9JytgwrpZxXzIwztVIE9wApxLjYVzM7yxJ6Js-6ATGLfhN2igOkZA.5WGt-_JC8rB0gV3DKZtEzzNlZ6c4qQBqdHm2kFImONk&dib_tag=se&m=ANBW5NGGTP7SK&marketplaceID=A39IBJ37TRP1C6&qid=1777190131&refinements=p_36%3A19000-19500&s=merchant-items&sr=1-49&xpid=MC76FKvB72qlu#customerReviews,トレックメイツ(Trekmates) クライミング 手袋 シャモニーゴアグラブ ブラック TM-4818
B08572N4HV,,,,
4896426150,Tankobon Hardcover,192.81,https://www.amazon.com.au/%E5%B8%9D%E5%AE%A4%E5%8A%87%E5%A0%B4%E3%81%A8%E3%83%90%E3%83%AC%E3%82%A8%E3%83%BB%E3%83%AA%E3%83%A5%E3%82%B9-%E3%83%9E%E3%83%AA%E3%82%A6%E3%82%B9%E3%83%BB%E3%83%97%E3%83%86%E3%82%A3%E3%83%91%E3%81%8B%E3%82%89%E3%83%9F%E3%83%8F%E3%82%A4%E3%83%AB%E3%83%BB%E3%83%95%E3%82%A9%E3%83%BC%E3%82%AD%E3%83%B3%E3%81%B8-%E5%B9%B3%E9%87%8E-%E6%81%B5%E7%BE%8E%E5%AD%90/dp/4896426150/ref=sr_1_50?dib=eyJ2IjoiMSJ9.OWDbd_aKq2HQV9p3M_qEqO4vWAmMh5q4r9JytgwrpZxXzIwztVIE9wApxLjYVzM7yxJ6Js-6ATGLfhN2igOkZA.5WGt-_JC8rB0gV3DKZtEzzNlZ6c4qQBqdHm2kFImONk&dib_tag=se&m=ANBW5NGGTP7SK&marketplaceID=A39IBJ37TRP1C6&qid=1777190131&refinements=p_36%3A19000-19500&s=merchant-items&sr=1-50&xpid=MC76FKvB72qlu#customerReviews,帝室劇場とバレエ・リュス マリウス・プティパからミハイル・フォーキンへ
4896426150,,,,
B09BFP5YKB,,190.8,https://www.amazon.com.au/Shimano-Bi-Axis-Barchetta-151DH-HG-Jigging/dp/B09BFP5YKB/ref=sr_1_51?dib=eyJ2IjoiMSJ9.OWDbd_aKq2HQV9p3M_qEqO4vWAmMh5q4r9JytgwrpZxXzIwztVIE9wApxLjYVzM7yxJ6Js-6ATGLfhN2igOkZA.5WGt-_JC8rB0gV3DKZtEzzNlZ6c4qQBqdHm2kFImONk&dib_tag=se&m=ANBW5NGGTP7SK&marketplaceID=A39IBJ37TRP1C6&qid=1777190131&refinements=p_36%3A19000-19500&s=merchant-items&sr=1-51&xpid=MC76FKvB72qlu#customerReviews,Shimano Bi-Axis Reel 21 Barchetta BB 151DH-HG Metal Sutte Tylava Light Jigging General Purpose
B09BFP5YKB,,,,
4896425278,Tankobon Hardcover,191.33,https://www.amazon.com.au/%E3%81%82%E3%82%8B%E6%97%A5%E3%81%AE%E5%BD%AB%E5%88%BB%E5%AE%B6-%E9%85%92%E4%BA%95%E5%BF%A0%E5%BA%B7/dp/4896425278/ref=sr_1_52?dib=eyJ2IjoiMSJ9.OWDbd_aKq2HQV9p3M_qEqO4vWAmMh5q4r9JytgwrpZxXzIwztVIE9wApxLjYVzM7yxJ6Js-6ATGLfhN2igOkZA.5WGt-_JC8rB0gV3DKZtEzzNlZ6c4qQBqdHm2kFImONk&dib_tag=se&m=ANBW5NGGTP7SK&marketplaceID=A39IBJ37TRP1C6&qid=1777190131&refinements=p_36%3A19000-19500&s=merchant-items&sr=1-52&xpid=MC76FKvB72qlu,ある日の彫刻家
4896425278,,,,
B0CGH93STJ,,194.19,https://www.amazon.com.au/Shimano-Active-Insulation-Pants-WP-066W/dp/B0CGH93STJ/ref=sr_1_53?dib=eyJ2IjoiMSJ9.OWDbd_aKq2HQV9p3M_qEqO4vWAmMh5q4r9JytgwrpZxXzIwztVIE9wApxLjYVzM7yxJ6Js-6ATGLfhN2igOkZA.5WGt-_JC8rB0gV3DKZtEzzNlZ6c4qQBqdHm2kFImONk&dib_tag=se&m=ANBW5NGGTP7SK&marketplaceID=A39IBJ37TRP1C6&qid=1777190131&refinements=p_36%3A19000-19500&s=merchant-items&sr=1-53&xpid=MC76FKvB72qlu,"Shimano 23 Active Insulation Pants, Khaki, WP-066W, M, Navy, M"
B0CGH93STJ,,,,
4896423860,Tankobon Hardcover,194.95,https://www.amazon.com.au/Japan%E3%83%AC%E3%83%9D%E3%83%BC%E3%83%883-11/dp/4896423860/ref=sr_1_49?dib=eyJ2IjoiMSJ9.UH4_-7JN6igZXI8tLlePTDxQBp5UQxKaoYqBY2kTi6M__gtfQa23dwE52ZSPmxyVxChLWS84kDkm3Uh1ugkqYt9VfvVY8LtBbKD2VZN3trsCF7WArxJuudLEqqEMzKG9Dep4tDX4-mNuV17zuQe-RBlojWQMqlLDN4sJygk7hpc.It7tifiIslb5SG3ZzkbjY_Ra0xiXumR6kNwvDHiGVIE&dib_tag=se&m=ANBW5NGGTP7SK&marketplaceID=A39IBJ37TRP1C6&qid=1777190131&refinements=p_36%3A19000-19500&s=merchant-items&sr=1-49&xpid=MC76FKvB72qlu,Japanレポート3.11
4896423860,,,,
B07FV7PZQ9,,194.92,https://www.amazon.com.au/DAIWA-Universal-Drowing-Liberty-Fishing/dp/B07FV7PZQ9/ref=sr_1_50?dib=eyJ2IjoiMSJ9.UH4_-7JN6igZXI8tLlePTDxQBp5UQxKaoYqBY2kTi6M__gtfQa23dwE52ZSPmxyVxChLWS84kDkm3Uh1ugkqYt9VfvVY8LtBbKD2VZN3trsCF7WArxJuudLEqqEMzKG9Dep4tDX4-mNuV17zuQe-RBlojWQMqlLDN4sJygk7hpc.It7tifiIslb5SG3ZzkbjY_Ra0xiXumR6kNwvDHiGVIE&dib_tag=se&m=ANBW5NGGTP7SK&marketplaceID=A39IBJ37TRP1C6&qid=1777190131&refinements=p_36%3A19000-19500&s=merchant-items&sr=1-50&xpid=MC76FKvB72qlu#customerReviews,Daiwa LB C (Liberty Club) Rod/Boat/Swing Out L Pack No. 10-30
B07FV7PZQ9,,,,
4896288904,Tankobon Hardcover,190.2,https://www.amazon.com.au/%E4%BC%9A%E7%A4%BE%E8%A8%B4%E8%A8%9F_%E8%A8%B4%E8%A8%9F%E3%83%BB%E9%9D%9E%E8%A8%9F%E3%83%BB%E4%BB%AE%E5%87%A6%E5%88%86-%E5%B0%82%E9%96%80%E8%A8%B4%E8%A8%9F%E8%AC%9B%E5%BA%A7/dp/4896288904/ref=sr_1_51?dib=eyJ2IjoiMSJ9.UH4_-7JN6igZXI8tLlePTDxQBp5UQxKaoYqBY2kTi6M__gtfQa23dwE52ZSPmxyVxChLWS84kDkm3Uh1ugkqYt9VfvVY8LtBbKD2VZN3trsCF7WArxJuudLEqqEMzKG9Dep4tDX4-mNuV17zuQe-RBlojWQMqlLDN4sJygk7hpc.It7tifiIslb5SG3ZzkbjY_Ra0xiXumR6kNwvDHiGVIE&dib_tag=se&m=ANBW5NGGTP7SK&marketplaceID=A39IBJ37TRP1C6&qid=1777190131&refinements=p_36%3A19000-19500&s=merchant-items&sr=1-51&xpid=MC76FKvB72qlu,会社訴訟―訴訟・非訟・仮処分 (専門訴訟講座)
4896288904,,,,
B0BV1YKX8S,,193.32,https://www.amazon.com.au/PE-IDY-PAN223-Body-Lightweight-2-Way/dp/B0BV1YKX8S/ref=sr_1_52?dib=eyJ2IjoiMSJ9.UH4_-7JN6igZXI8tLlePTDxQBp5UQxKaoYqBY2kTi6M__gtfQa23dwE52ZSPmxyVxChLWS84kDkm3Uh1ugkqYt9VfvVY8LtBbKD2VZN3trsCF7WArxJuudLEqqEMzKG9Dep4tDX4-mNuV17zuQe-RBlojWQMqlLDN4sJygk7hpc.It7tifiIslb5SG3ZzkbjY_Ra0xiXumR6kNwvDHiGVIE&dib_tag=se&m=ANBW5NGGTP7SK&marketplaceID=A39IBJ37TRP1C6&qid=1777190131&refinements=p_36%3A19000-19500&s=merchant-items&sr=1-52&xpid=MC76FKvB72qlu,"PE-IDY PAN223 Body Bag, Lightweight, 2-Way Body Bag, Navy"
B0BV1YKX8S,,,,
489619957X,Tankobon Hardcover,192.01,https://www.amazon.com.au/%E6%BC%A2%E8%A9%A9%E5%90%8D%E4%BD%9C%E9%9B%86%E6%88%90-%E6%97%A5%E6%9C%AC%E7%B7%A8-%E6%9D%8E-%E5%AF%85%E7%94%9F/dp/489619957X/ref=sr_1_53?dib=eyJ2IjoiMSJ9.UH4_-7JN6igZXI8tLlePTDxQBp5UQxKaoYqBY2kTi6M__gtfQa23dwE52ZSPmxyVxChLWS84kDkm3Uh1ugkqYt9VfvVY8LtBbKD2VZN3trsCF7WArxJuudLEqqEMzKG9Dep4tDX4-mNuV17zuQe-RBlojWQMqlLDN4sJygk7hpc.It7tifiIslb5SG3ZzkbjY_Ra0xiXumR6kNwvDHiGVIE&dib_tag=se&m=ANBW5NGGTP7SK&marketplaceID=A39IBJ37TRP1C6&qid=1777190131&refinements=p_36%3A19000-19500&s=merchant-items&sr=1-53&xpid=MC76FKvB72qlu#customerReviews,漢詩名作集成 日本編
489619957X,,,,
B001T1HH28,,193.72,https://www.amazon.com.au/Yamadakogyo-plant-launch-thickness-ATY9142/dp/B001T1HH28/ref=sr_1_54?dib=eyJ2IjoiMSJ9.UH4_-7JN6igZXI8tLlePTDxQBp5UQxKaoYqBY2kTi6M__gtfQa23dwE52ZSPmxyVxChLWS84kDkm3Uh1ugkqYt9VfvVY8LtBbKD2VZN3trsCF7WArxJuudLEqqEMzKG9Dep4tDX4-mNuV17zuQe-RBlojWQMqlLDN4sJygk7hpc.It7tifiIslb5SG3ZzkbjY_Ra0xiXumR6kNwvDHiGVIE&dib_tag=se&m=ANBW5NGGTP7SK&marketplaceID=A39IBJ37TRP1C6&qid=1777190131&refinements=p_36%3A19000-19500&s=merchant-items&sr=1-54&xpid=MC76FKvB72qlu,Yamada Kogyosho ATY9142 Iron Single Handed Wok (Plate Thickness: 0.05 inches (1.2 mm) 16.5 inches (42 cm)
B001T1HH28,,,,
4896195507,Tankobon Hardcover,193.67,https://www.amazon.com.au/%E9%9B%85%E6%A5%BD%E7%A5%9E%E9%9F%BB-%E6%9D%B1%E5%84%80-%E4%BF%8A%E7%BE%8E/dp/4896195507/ref=sr_1_55?dib=eyJ2IjoiMSJ9.UH4_-7JN6igZXI8tLlePTDxQBp5UQxKaoYqBY2kTi6M__gtfQa23dwE52ZSPmxyVxChLWS84kDkm3Uh1ugkqYt9VfvVY8LtBbKD2VZN3trsCF7WArxJuudLEqqEMzKG9Dep4tDX4-mNuV17zuQe-RBlojWQMqlLDN4sJygk7hpc.It7tifiIslb5SG3ZzkbjY_Ra0xiXumR6kNwvDHiGVIE&dib_tag=se&m=ANBW5NGGTP7SK&marketplaceID=A39IBJ37TRP1C6&qid=1777190131&refinements=p_36%3A19000-19500&s=merchant-items&sr=1-55&xpid=MC76FKvB72qlu#customerReviews,雅楽神韻
4896195507,,,,
B0BGS5X2Q3,,194.67,https://www.amazon.com.au/SOSHIN-6450-Stretch-Warmsuit-Black/dp/B0BGS5X2Q3/ref=sr_1_56?dib=eyJ2IjoiMSJ9.UH4_-7JN6igZXI8tLlePTDxQBp5UQxKaoYqBY2kTi6M__gtfQa23dwE52ZSPmxyVxChLWS84kDkm3Uh1ugkqYt9VfvVY8LtBbKD2VZN3trsCF7WArxJuudLEqqEMzKG9Dep4tDX4-mNuV17zuQe-RBlojWQMqlLDN4sJygk7hpc.It7tifiIslb5SG3ZzkbjY_Ra0xiXumR6kNwvDHiGVIE&dib_tag=se&m=ANBW5NGGTP7SK&marketplaceID=A39IBJ37TRP1C6&qid=1777190131&refinements=p_36%3A19000-19500&s=merchant-items&sr=1-56&xpid=MC76FKvB72qlu,"Soshin 6450 RL Stretch Warmsuit, Green Camo, L"
B0BGS5X2Q3,,,,
4895906353,Tankobon Softcover,190.08,https://www.amazon.com.au/Procedural-GP%E3%81%AE%E6%89%8B%E6%8A%80%E5%8A%9B-%E9%BD%8B%E8%97%A4-%E5%AD%A6/dp/4895906353/ref=sr_1_57?dib=eyJ2IjoiMSJ9.UH4_-7JN6igZXI8tLlePTDxQBp5UQxKaoYqBY2kTi6M__gtfQa23dwE52ZSPmxyVxChLWS84kDkm3Uh1ugkqYt9VfvVY8LtBbKD2VZN3trsCF7WArxJuudLEqqEMzKG9Dep4tDX4-mNuV17zuQe-RBlojWQMqlLDN4sJygk7hpc.It7tifiIslb5SG3ZzkbjY_Ra0xiXumR6kNwvDHiGVIE&dib_tag=se&m=ANBW5NGGTP7SK&marketplaceID=A39IBJ37TRP1C6&qid=1777190131&refinements=p_36%3A19000-19500&s=merchant-items&sr=1-57&xpid=MC76FKvB72qlu#customerReviews,Procedural GPの手技力
4895906353,,,,
B0DJBGFQ7V,,194.44,https://www.amazon.com.au/Princess-Yurucamp-Hirarin-chan-Pre-Painted-Complete/dp/B0DJBGFQ7V/ref=sr_1_58?dib=eyJ2IjoiMSJ9.UH4_-7JN6igZXI8tLlePTDxQBp5UQxKaoYqBY2kTi6M__gtfQa23dwE52ZSPmxyVxChLWS84kDkm3Uh1ugkqYt9VfvVY8LtBbKD2VZN3trsCF7WArxJuudLEqqEMzKG9Dep4tDX4-mNuV17zuQe-RBlojWQMqlLDN4sJygk7hpc.It7tifiIslb5SG3ZzkbjY_Ra0xiXumR6kNwvDHiGVIE&dib_tag=se&m=ANBW5NGGTP7SK&marketplaceID=A39IBJ37TRP1C6&qid=1777190131&refinements=p_36%3A19000-19500&s=merchant-items&sr=1-58&xpid=MC76FKvB72qlu#customerReviews,"Melty Princess Yurucamp SEASON3 Teno Hirarin-chan, Approx. 3.3 inches (85 mm), PVC Pre-Painted Complete Figure"
4895313972,Tankobon Hardcover,191.94,https://www.amazon.com.au/%E7%97%87%E4%BE%8B%E3%81%A7%E3%81%BF%E3%82%8B%E7%8A%AC%E3%81%A8%E7%8C%AB%E3%81%AE%E8%83%B8%E9%83%A8%E3%83%BB%E8%85%B9%E9%83%A8X%E7%B7%9A%E8%AA%AD%E5%BD%B1-%E8%8F%AF%E5%9C%92-%E7%A9%B6/dp/4895313972/ref=sr_1_59?dib=eyJ2IjoiMSJ9.UH4_-7JN6igZXI8tLlePTDxQBp5UQxKaoYqBY2kTi6M__gtfQa23dwE52ZSPmxyVxChLWS84kDkm3Uh1ugkqYt9VfvVY8LtBbKD2VZN3trsCF7WArxJuudLEqqEMzKG9Dep4tDX4-mNuV17zuQe-RBlojWQMqlLDN4sJygk7hpc.It7tifiIslb5SG3ZzkbjY_Ra0xiXumR6kNwvDHiGVIE&dib_tag=se&m=ANBW5NGGTP7SK&marketplaceID=A39IBJ37TRP1C6&qid=1777190131&refinements=p_36%3A19000-19500&s=merchant-items&sr=1-59&xpid=MC76FKvB72qlu#customerReviews,症例でみる犬と猫の胸部・腹部X線読影
4895313972,,,,
B01MED62UQ,,191.05,https://www.amazon.com.au/Heritage-Shingon-supervision-Amitabha-three-dimensional/dp/B01MED62UQ/ref=sr_1_65?dib=eyJ2IjoiMSJ9.5JnHssC7w77gh6c4tPt4dUVO3MFho7wml-BqME83bWmGnwUykwq5gGT4bbWx67nzGfsode8UjVyVskMhrkmzWg.iVRZ0yKOCvoIdHilAEzglgNLAm_9f9HVNuyqhr-Ulo4&dib_tag=se&m=ANBW5NGGTP7SK&marketplaceID=A39IBJ37TRP1C6&qid=1777190136&refinements=p_36%3A19000-19500&s=merchant-items&sr=1-65&xpid=MC76FKvB72qlu,"[World Heritage Shingon head temple Toji formal supervision] Amida (Amitabha) [Kukai, a three-dimensional mandala NO.14 / 15]"
4895313352,Tankobon Softcover,193.21,https://www.amazon.com.au/%E7%8A%AC%E3%81%A8%E7%8C%AB%E3%81%AE%E7%9C%BC%E7%A7%91%E8%A8%BA%E7%99%82Q-A_45%E7%97%87%E4%BE%8B%E3%81%A7%E3%81%BF%E3%82%8B%E6%A4%9C%E6%9F%BB%E3%83%BB%E8%A8%BA%E6%96%AD%E3%83%BB%E6%B2%BB%E7%99%82%E3%81%AE3%E3%82%B9%E3%83%86%E3%83%83%E3%83%97-%E4%BD%99%E6%88%B8%E6%8B%93%E4%B9%9F/dp/4895313352/ref=sr_1_66?dib=eyJ2IjoiMSJ9.5JnHssC7w77gh6c4tPt4dUVO3MFho7wml-BqME83bWmGnwUykwq5gGT4bbWx67nzGfsode8UjVyVskMhrkmzWg.iVRZ0yKOCvoIdHilAEzglgNLAm_9f9HVNuyqhr-Ulo4&dib_tag=se&m=ANBW5NGGTP7SK&marketplaceID=A39IBJ37TRP1C6&qid=1777190136&refinements=p_36%3A19000-19500&s=merchant-items&sr=1-66&xpid=MC76FKvB72qlu#customerReviews,犬と猫の眼科診療Q&A―45症例でみる検査・診断・治療の3ステップ
4895313352,,,,
B09WQVCL1D,,194.46,https://www.amazon.com.au/Blue-Ice-Aero-Screw-10cm/dp/B09WQVCL1D/ref=sr_1_67?dib=eyJ2IjoiMSJ9.5JnHssC7w77gh6c4tPt4dUVO3MFho7wml-BqME83bWmGnwUykwq5gGT4bbWx67nzGfsode8UjVyVskMhrkmzWg.iVRZ0yKOCvoIdHilAEzglgNLAm_9f9HVNuyqhr-Ulo4&dib_tag=se&m=ANBW5NGGTP7SK&marketplaceID=A39IBJ37TRP1C6&qid=1777190136&refinements=p_36%3A19000-19500&s=merchant-items&sr=1-67&xpid=MC76FKvB72qlu#customerReviews,Blue Ice Aero Ice Screw - Red 10cm
B09WQVCL1D,,,,
489531328X,Tankobon Softcover,194.26,https://www.amazon.com.au/%E7%8A%AC%E3%81%A8%E7%8C%AB%E3%81%AE%E9%BA%BB%E9%85%94%E3%83%A2%E3%83%8B%E3%82%BF%E3%83%AA%E3%83%B3%E3%82%B0-%E4%BC%8A%E4%B8%B9-%E8%B2%B4%E6%99%B4/dp/489531328X/ref=sr_1_68?dib=eyJ2IjoiMSJ9.5JnHssC7w77gh6c4tPt4dUVO3MFho7wml-BqME83bWmGnwUykwq5gGT4bbWx67nzGfsode8UjVyVskMhrkmzWg.iVRZ0yKOCvoIdHilAEzglgNLAm_9f9HVNuyqhr-Ulo4&dib_tag=se&m=ANBW5NGGTP7SK&marketplaceID=A39IBJ37TRP1C6&qid=1777190136&refinements=p_36%3A19000-19500&s=merchant-items&sr=1-68&xpid=MC76FKvB72qlu#customerReviews,犬と猫の麻酔モニタリング
489531328X,,,,
4895227332,Tankobon Hardcover,193.67,https://www.amazon.com.au/%E3%83%88%E3%83%A8%E3%82%BF-%E3%83%A9%E3%83%B3%E3%83%89%E3%82%AF%E3%83%AB%E3%83%BC%E3%82%B6%E3%83%BC-%E3%82%A2%E3%83%AC%E3%82%AF%E3%82%B5%E3%83%B3%E3%83%80%E3%83%BC-%E3%83%B4%E3%82%A9%E3%83%AB%E3%83%95%E3%82%A1%E3%83%BC%E3%82%B9/dp/4895227332/ref=sr_1_69?dib=eyJ2IjoiMSJ9.5JnHssC7w77gh6c4tPt4dUVO3MFho7wml-BqME83bWmGnwUykwq5gGT4bbWx67nzGfsode8UjVyVskMhrkmzWg.iVRZ0yKOCvoIdHilAEzglgNLAm_9f9HVNuyqhr-Ulo4&dib_tag=se&m=ANBW5NGGTP7SK&marketplaceID=A39IBJ37TRP1C6&qid=1777190136&refinements=p_36%3A19000-19500&s=merchant-items&sr=1-69&xpid=MC76FKvB72qlu#customerReviews,トヨタ ランドクルーザー
4895227332,,,,
4895226026,JP Oversized,191.42,https://www.amazon.com.au/%E3%83%95%E3%82%A9%E3%83%AB%E3%82%AF%E3%82%B9%E3%83%AF%E3%83%BC%E3%82%B2%E3%83%B3%E3%82%B4%E3%83%AB%E3%83%954-1998-2001%E3%83%A1%E3%83%B3%E3%83%86%E3%83%8A%E3%83%B3%E3%82%B9-%E3%83%AA%E3%83%9A%E3%82%A2%E3%83%BB%E3%83%9E%E3%83%8B%E3%83%A5%E3%82%A2%E3%83%AB-Pete-Gill/dp/4895226026/ref=sr_1_65?dib=eyJ2IjoiMSJ9.0A_r8mrXA7qYomzpp3PSFcLEBjgYLkclAoqMYdpNGtYqoEuAFhMRCg6DJZRg1HZTXxOKzx0O3-SN2xIWIOU4RInPKhNUWmp43DAPtGHxSyEtl3_oA6q4sKasb3CCcQHiOSKMszYuu3JNTNV-B0MHPELPzeH7Wjg2KdhmnK3xqsc.CDFvGxInSoQVoaP40AY0z8m4BridobHmt_V4nnFe4ow&dib_tag=se&m=ANBW5NGGTP7SK&marketplaceID=A39IBJ37TRP1C6&qid=1777190136&refinements=p_36%3A19000-19500&s=merchant-items&sr=1-65&xpid=MC76FKvB72qlu#customerReviews,フォルクスワーゲンゴルフ4 1998~2001メンテナンス&リペア・マニュアル
4895226026,,,,
4894892472,Tankobon Hardcover,192.81,https://www.amazon.com.au/%E6%BD%AE%E5%B7%9E%E4%BA%BA_%E8%8F%AF%E4%BA%BA%E7%A7%BB%E6%B0%91%E3%81%AE%E3%82%A8%E3%82%B9%E3%83%8B%E3%82%B7%E3%83%86%E3%82%A3%E3%81%A8%E6%96%87%E5%8C%96%E3%82%92%E3%82%81%E3%81%90%E3%82%8B%E6%AD%B4%E5%8F%B2%E4%BA%BA%E9%A1%9E%E5%AD%A6-%E5%BF%97%E8%B3%80-%E5%B8%82%E5%AD%90/dp/4894892472/ref=sr_1_66?dib=eyJ2IjoiMSJ9.0A_r8mrXA7qYomzpp3PSFcLEBjgYLkclAoqMYdpNGtYqoEuAFhMRCg6DJZRg1HZTXxOKzx0O3-SN2xIWIOU4RInPKhNUWmp43DAPtGHxSyEtl3_oA6q4sKasb3CCcQHiOSKMszYuu3JNTNV-B0MHPELPzeH7Wjg2KdhmnK3xqsc.CDFvGxInSoQVoaP40AY0z8m4BridobHmt_V4nnFe4ow&dib_tag=se&m=ANBW5NGGTP7SK&marketplaceID=A39IBJ37TRP1C6&qid=1777190136&refinements=p_36%3A19000-19500&s=merchant-items&sr=1-66&xpid=MC76FKvB72qlu#customerReviews,潮州人―華人移民のエスニシティと文化をめぐる歴史人類学
4894892472,,,,
B0BN9V45VS,,190.53,https://www.amazon.com.au/Yamazaki-6040-Sanitary-Dividers-Included/dp/B0BN9V45VS/ref=sr_1_67?dib=eyJ2IjoiMSJ9.0A_r8mrXA7qYomzpp3PSFcLEBjgYLkclAoqMYdpNGtYqoEuAFhMRCg6DJZRg1HZTXxOKzx0O3-SN2xIWIOU4RInPKhNUWmp43DAPtGHxSyEtl3_oA6q4sKasb3CCcQHiOSKMszYuu3JNTNV-B0MHPELPzeH7Wjg2KdhmnK3xqsc.CDFvGxInSoQVoaP40AY0z8m4BridobHmt_V4nnFe4ow&dib_tag=se&m=ANBW5NGGTP7SK&marketplaceID=A39IBJ37TRP1C6&qid=1777190136&refinements=p_36%3A19000-19500&s=merchant-items&sr=1-67&xpid=MC76FKvB72qlu#customerReviews,"Yamazaki 6040 Sorting Sanitary Storage Holder, Brown, Approx. W 10.3 x D 4.6 x H 6.5 inches (26.2 x 11.7 x 16.6 cm), Rin RIN Stylish Storage, Easy Removal, Dividers Included"
B0BN9V45VS,,,,
4894490870,Tankobon Hardcover,192.61,https://www.amazon.com.au/%E3%82%B7%E3%82%A7%E3%82%A4%E3%82%AF%E3%82%B9%E3%83%94%E3%82%A2%E3%81%AE%E9%A1%94_%E3%82%B5%E3%83%B3%E3%83%80%E3%83%BC%E3%82%BA%E3%83%BB%E3%83%9D%E3%83%BC%E3%83%88%E3%83%AC%E3%82%A4%E3%83%88%E3%81%AE%E8%AC%8E/dp/4894490870/ref=sr_1_68?dib=eyJ2IjoiMSJ9.0A_r8mrXA7qYomzpp3PSFcLEBjgYLkclAoqMYdpNGtYqoEuAFhMRCg6DJZRg1HZTXxOKzx0O3-SN2xIWIOU4RInPKhNUWmp43DAPtGHxSyEtl3_oA6q4sKasb3CCcQHiOSKMszYuu3JNTNV-B0MHPELPzeH7Wjg2KdhmnK3xqsc.CDFvGxInSoQVoaP40AY0z8m4BridobHmt_V4nnFe4ow&dib_tag=se&m=ANBW5NGGTP7SK&marketplaceID=A39IBJ37TRP1C6&qid=1777190136&refinements=p_36%3A19000-19500&s=merchant-items&sr=1-68&xpid=MC76FKvB72qlu,シェイクスピアの顔―サンダーズ・ポートレイトの謎
4894490870,,,,
4894348896,Tankobon Hardcover,194.31,https://www.amazon.com.au/%E3%80%8C%E7%94%BB%E5%AE%B6%E3%80%8D%E3%81%AE%E8%AA%95%E7%94%9F-%E3%80%94%E3%83%AB%E3%83%89%E3%83%B3%E3%81%A8%E6%96%87%E5%AD%A6%E3%80%95/dp/4894348896/ref=sr_1_69?dib=eyJ2IjoiMSJ9.0A_r8mrXA7qYomzpp3PSFcLEBjgYLkclAoqMYdpNGtYqoEuAFhMRCg6DJZRg1HZTXxOKzx0O3-SN2xIWIOU4RInPKhNUWmp43DAPtGHxSyEtl3_oA6q4sKasb3CCcQHiOSKMszYuu3JNTNV-B0MHPELPzeH7Wjg2KdhmnK3xqsc.CDFvGxInSoQVoaP40AY0z8m4BridobHmt_V4nnFe4ow&dib_tag=se&m=ANBW5NGGTP7SK&marketplaceID=A39IBJ37TRP1C6&qid=1777190136&refinements=p_36%3A19000-19500&s=merchant-items&sr=1-69&xpid=MC76FKvB72qlu,「画家」の誕生 〔ルドンと文学〕
4894348896,,,,
B08LB485JL,,191.66,https://www.amazon.com.au/Mc-ft10-Imabari-Commercial-Murakami-Lightweight/dp/B08LB485JL/ref=sr_1_70?dib=eyJ2IjoiMSJ9.0A_r8mrXA7qYomzpp3PSFcLEBjgYLkclAoqMYdpNGtYqoEuAFhMRCg6DJZRg1HZTXxOKzx0O3-SN2xIWIOU4RInPKhNUWmp43DAPtGHxSyEtl3_oA6q4sKasb3CCcQHiOSKMszYuu3JNTNV-B0MHPELPzeH7Wjg2KdhmnK3xqsc.CDFvGxInSoQVoaP40AY0z8m4BridobHmt_V4nnFe4ow&dib_tag=se&m=ANBW5NGGTP7SK&marketplaceID=A39IBJ37TRP1C6&qid=1777190136&refinements=p_36%3A19000-19500&s=merchant-items&sr=1-70&xpid=MC76FKvB72qlu,"Mc-ft10 Beauty Series Imabari Towels, Commercial Use, Face Towels, Set of 10, Murakami Towels, M Color, 13.4 x 33.9 inches (34 x 86 cm), For Beauty Salons, 100 Colors, Lightweight Thin (No.38 White"
B08LB485JL,,,,
4894346850,Tankobon Hardcover,194.79,https://www.amazon.com.au/%E3%83%96%E3%83%AB%E3%82%BF%E3%83%BC%E3%83%8B%E3%83%A5-%E6%AD%BB%E3%81%AE%E4%BC%9D%E6%89%BF/dp/4894346850/ref=sr_1_71?dib=eyJ2IjoiMSJ9.0A_r8mrXA7qYomzpp3PSFcLEBjgYLkclAoqMYdpNGtYqoEuAFhMRCg6DJZRg1HZTXxOKzx0O3-SN2xIWIOU4RInPKhNUWmp43DAPtGHxSyEtl3_oA6q4sKasb3CCcQHiOSKMszYuu3JNTNV-B0MHPELPzeH7Wjg2KdhmnK3xqsc.CDFvGxInSoQVoaP40AY0z8m4BridobHmt_V4nnFe4ow&dib_tag=se&m=ANBW5NGGTP7SK&marketplaceID=A39IBJ37TRP1C6&qid=1777190136&refinements=p_36%3A19000-19500&s=merchant-items&sr=1-71&xpid=MC76FKvB72qlu,ブルターニュ 死の伝承
4894346850,,,,
4894344505,Tankobon Hardcover,190.17,https://www.amazon.com.au/%E7%9F%B3%E7%89%9F%E7%A4%BC%E9%81%93%E5%AD%90%E5%85%A8%E9%9B%86%E3%83%BB%E4%B8%8D%E7%9F%A5%E7%81%AB%E3%80%88%E7%AC%AC12%E5%B7%BB%E3%80%89%E5%A4%A9%E6%B9%96%E3%81%BB%E3%81%8B/dp/4894344505/ref=sr_1_72?dib=eyJ2IjoiMSJ9.0A_r8mrXA7qYomzpp3PSFcLEBjgYLkclAoqMYdpNGtYqoEuAFhMRCg6DJZRg1HZTXxOKzx0O3-SN2xIWIOU4RInPKhNUWmp43DAPtGHxSyEtl3_oA6q4sKasb3CCcQHiOSKMszYuu3JNTNV-B0MHPELPzeH7Wjg2KdhmnK3xqsc.CDFvGxInSoQVoaP40AY0z8m4BridobHmt_V4nnFe4ow&dib_tag=se&m=ANBW5NGGTP7SK&marketplaceID=A39IBJ37TRP1C6&qid=1777190136&refinements=p_36%3A19000-19500&s=merchant-items&sr=1-72&xpid=MC76FKvB72qlu,石牟礼道子全集・不知火〈第12巻〉天湖ほか
4894344505,,,,
B004OCMVDY,,190.33,https://www.amazon.com.au/CUSTOM-CS-1000WP-CS1000WP/dp/B004OCMVDY/ref=sr_1_73?dib=eyJ2IjoiMSJ9.0A_r8mrXA7qYomzpp3PSFcLEBjgYLkclAoqMYdpNGtYqoEuAFhMRCg6DJZRg1HZTXxOKzx0O3-SN2xIWIOU4RInPKhNUWmp43DAPtGHxSyEtl3_oA6q4sKasb3CCcQHiOSKMszYuu3JNTNV-B0MHPELPzeH7Wjg2KdhmnK3xqsc.CDFvGxInSoQVoaP40AY0z8m4BridobHmt_V4nnFe4ow&dib_tag=se&m=ANBW5NGGTP7SK&marketplaceID=A39IBJ37TRP1C6&qid=1777190136&refinements=p_36%3A19000-19500&s=merchant-items&sr=1-73&xpid=MC76FKvB72qlu,CS1000WP
B004OCMVDY,,,,
4893622838,JP Oversized,194.62,https://www.amazon.com.au/TRONWARE-VOL-141/dp/4893622838/ref=sr_1_74?dib=eyJ2IjoiMSJ9.0A_r8mrXA7qYomzpp3PSFcLEBjgYLkclAoqMYdpNGtYqoEuAFhMRCg6DJZRg1HZTXxOKzx0O3-SN2xIWIOU4RInPKhNUWmp43DAPtGHxSyEtl3_oA6q4sKasb3CCcQHiOSKMszYuu3JNTNV-B0MHPELPzeH7Wjg2KdhmnK3xqsc.CDFvGxInSoQVoaP40AY0z8m4BridobHmt_V4nnFe4ow&dib_tag=se&m=ANBW5NGGTP7SK&marketplaceID=A39IBJ37TRP1C6&qid=1777190136&refinements=p_36%3A19000-19500&s=merchant-items&sr=1-74&xpid=MC76FKvB72qlu,TRONWARE VOL.141
4893622838,,,,
489362282X,JP Oversized,194.62,https://www.amazon.com.au/TRONWARE-VOL-140/dp/489362282X/ref=sr_1_75?dib=eyJ2IjoiMSJ9.0A_r8mrXA7qYomzpp3PSFcLEBjgYLkclAoqMYdpNGtYqoEuAFhMRCg6DJZRg1HZTXxOKzx0O3-SN2xIWIOU4RInPKhNUWmp43DAPtGHxSyEtl3_oA6q4sKasb3CCcQHiOSKMszYuu3JNTNV-B0MHPELPzeH7Wjg2KdhmnK3xqsc.CDFvGxInSoQVoaP40AY0z8m4BridobHmt_V4nnFe4ow&dib_tag=se&m=ANBW5NGGTP7SK&marketplaceID=A39IBJ37TRP1C6&qid=1777190136&refinements=p_36%3A19000-19500&s=merchant-items&sr=1-75&xpid=MC76FKvB72qlu,TRONWARE VOL.140
489362282X,,,,
B08LB68YTL,,191.66,https://www.amazon.com.au/Mc-ft10-Imabari-Commercial-Murakami-Lightweight/dp/B08LB68YTL/ref=sr_1_81?dib=eyJ2IjoiMSJ9.JXUOVhYJUfCrq-zPtXggOePhqIP7yEtS1LPGy5D8tsdQprs7XzoUVJeBbIMq_1ekP_8Fwvr19_g4wWt5lt5fKg.30PhvQy2v9sKCWmokhiMdjPUW-SYK7d2u7ueVh8Ws-M&dib_tag=se&m=ANBW5NGGTP7SK&marketplaceID=A39IBJ37TRP1C6&qid=1777190142&refinements=p_36%3A19000-19500&s=merchant-items&sr=1-81&xpid=MC76FKvB72qlu,"Mc-ft10 Beauty Series Imabari Towels, Commercial Use, Face Towels, Set of 10, Murakami Towels, M Color, 13.4 x 33.9 inches (34 x 86 cm), For Beauty Salons, 100 Colors, Lightweight, Thin (No.24"
B08LB68YTL,,,,
4893622773,JP Oversized,194.8,https://www.amazon.com.au/TRONWARE-VOL-135/dp/4893622773/ref=sr_1_82?dib=eyJ2IjoiMSJ9.JXUOVhYJUfCrq-zPtXggOePhqIP7yEtS1LPGy5D8tsdQprs7XzoUVJeBbIMq_1ekP_8Fwvr19_g4wWt5lt5fKg.30PhvQy2v9sKCWmokhiMdjPUW-SYK7d2u7ueVh8Ws-M&dib_tag=se&m=ANBW5NGGTP7SK&marketplaceID=A39IBJ37TRP1C6&qid=1777190142&refinements=p_36%3A19000-19500&s=merchant-items&sr=1-82&xpid=MC76FKvB72qlu,TRONWARE VOL.135
4893622773,,,,
4891946865,Paperback,193.93,https://www.amazon.com.au/100-Poster-Masterpieces-Underground-Theatre/dp/4891946865/ref=sr_1_83?dib=eyJ2IjoiMSJ9.JXUOVhYJUfCrq-zPtXggOePhqIP7yEtS1LPGy5D8tsdQprs7XzoUVJeBbIMq_1ekP_8Fwvr19_g4wWt5lt5fKg.30PhvQy2v9sKCWmokhiMdjPUW-SYK7d2u7ueVh8Ws-M&dib_tag=se&m=ANBW5NGGTP7SK&marketplaceID=A39IBJ37TRP1C6&qid=1777190142&refinements=p_36%3A19000-19500&s=merchant-items&sr=1-83&xpid=MC76FKvB72qlu#customerReviews,100 Poster Masterpieces From Underground Theatre
4891946865,,,,
B08L38ZRLW,,191.66,https://www.amazon.com.au/Mc-ft10-Imabari-Commercial-Murakami-Lightweight/dp/B08L38ZRLW/ref=sr_1_84?dib=eyJ2IjoiMSJ9.JXUOVhYJUfCrq-zPtXggOePhqIP7yEtS1LPGy5D8tsdQprs7XzoUVJeBbIMq_1ekP_8Fwvr19_g4wWt5lt5fKg.30PhvQy2v9sKCWmokhiMdjPUW-SYK7d2u7ueVh8Ws-M&dib_tag=se&m=ANBW5NGGTP7SK&marketplaceID=A39IBJ37TRP1C6&qid=1777190142&refinements=p_36%3A19000-19500&s=merchant-items&sr=1-84&xpid=MC76FKvB72qlu,"Mc-ft10 Beauty Series Imabari Towels, Commercial Use, Face Towels, Set of 10, Murakami Towels, M Color, 13.4 x 33.9 inches (34 x 86 cm), For Beauty Salons, 100 Colors, Lightweight, Thin (Ivory)"
B08L38ZRLW,,,,
4889502904,Tankobon Softcover,190.18,https://www.amazon.com.au/%E3%82%B3%E3%83%B3%E3%82%AF%E3%83%AA%E3%83%BC%E3%83%88%E9%81%93%E8%B7%AF%E6%A9%8B%E6%96%BD%E5%B7%A5%E4%BE%BF%E8%A6%A7/dp/4889502904/ref=sr_1_85?dib=eyJ2IjoiMSJ9.JXUOVhYJUfCrq-zPtXggOePhqIP7yEtS1LPGy5D8tsdQprs7XzoUVJeBbIMq_1ekP_8Fwvr19_g4wWt5lt5fKg.30PhvQy2v9sKCWmokhiMdjPUW-SYK7d2u7ueVh8Ws-M&dib_tag=se&m=ANBW5NGGTP7SK&marketplaceID=A39IBJ37TRP1C6&qid=1777190142&refinements=p_36%3A19000-19500&s=merchant-items&sr=1-85&xpid=MC76FKvB72qlu#customerReviews,コンクリート道路橋施工便覧
4889502904,,,,
4889502874,Tankobon Hardcover,193.68,https://www.amazon.com.au/%E9%8B%BC%E9%81%93%E8%B7%AF%E6%A9%8B%E6%96%BD%E5%B7%A5%E4%BE%BF%E8%A6%A7-%E4%BB%A4%E5%92%8C2%E5%B9%B49%E6%9C%88/dp/4889502874/ref=sr_1_81?dib=eyJ2IjoiMSJ9.sNHodM-pK6OPj24Hlo0xw0ZCKm14HypttciD-yUFZlHNEdm2dNgy2cMaFWNfhinEZio3n247oXipFeA3sasqhcn8Q0eL1v0opvH4PNirnOr3T51UAr7JbrvkGnx7W_kMYLwDGkLBmiiNkKCR_Bbe7eAMcARV2FgtZ8PcCaE7eDg.1txTgTuV37OElHB3_FTAjMBEnBFLx4F-QfteUUyd39U&dib_tag=se&m=ANBW5NGGTP7SK&marketplaceID=A39IBJ37TRP1C6&qid=1777190142&refinements=p_36%3A19000-19500&s=merchant-items&sr=1-81&xpid=MC76FKvB72qlu#customerReviews,鋼道路橋施工便覧: 令和2年9月
4889502874,,,,
B099D12145,Not Machine Specific,191.38,https://www.amazon.com.au/KP581-Imperial-Susanowo-Plastic-Approx/dp/B099D12145/ref=sr_1_82?dib=eyJ2IjoiMSJ9.sNHodM-pK6OPj24Hlo0xw0ZCKm14HypttciD-yUFZlHNEdm2dNgy2cMaFWNfhinEZio3n247oXipFeA3sasqhcn8Q0eL1v0opvH4PNirnOr3T51UAr7JbrvkGnx7W_kMYLwDGkLBmiiNkKCR_Bbe7eAMcARV2FgtZ8PcCaE7eDg.1txTgTuV37OElHB3_FTAjMBEnBFLx4F-QfteUUyd39U&dib_tag=se&m=ANBW5NGGTP7SK&marketplaceID=A39IBJ37TRP1C6&qid=1777190142&refinements=p_36%3A19000-19500&s=merchant-items&sr=1-82&xpid=MC76FKvB72qlu#customerReviews,Megami Device KP581 Imperial Shrine Susanowo 1/1 Scale Plastic Model Approx. 7.9 inches (200 mm)
4887731817,JP Oversized,191.4,https://www.amazon.com.au/%E3%81%AB%E3%81%BB%E3%82%93%E3%81%AE%E3%81%8B%E3%81%91%E3%82%89-%E7%AB%B9%E8%B0%B7-%E5%87%BA/dp/4887731817/ref=sr_1_83?dib=eyJ2IjoiMSJ9.sNHodM-pK6OPj24Hlo0xw0ZCKm14HypttciD-yUFZlHNEdm2dNgy2cMaFWNfhinEZio3n247oXipFeA3sasqhcn8Q0eL1v0opvH4PNirnOr3T51UAr7JbrvkGnx7W_kMYLwDGkLBmiiNkKCR_Bbe7eAMcARV2FgtZ8PcCaE7eDg.1txTgTuV37OElHB3_FTAjMBEnBFLx4F-QfteUUyd39U&dib_tag=se&m=ANBW5NGGTP7SK&marketplaceID=A39IBJ37TRP1C6&qid=1777190142&refinements=p_36%3A19000-19500&s=merchant-items&sr=1-83&xpid=MC76FKvB72qlu,にほんのかけら
4887731817,,,,
4887731051,JP Oversized,192.47,https://www.amazon.com.au/Laus-ISBN-4887731051-Japanese/dp/4887731051/ref=sr_1_84?dib=eyJ2IjoiMSJ9.sNHodM-pK6OPj24Hlo0xw0ZCKm14HypttciD-yUFZlHNEdm2dNgy2cMaFWNfhinEZio3n247oXipFeA3sasqhcn8Q0eL1v0opvH4PNirnOr3T51UAr7JbrvkGnx7W_kMYLwDGkLBmiiNkKCR_Bbe7eAMcARV2FgtZ8PcCaE7eDg.1txTgTuV37OElHB3_FTAjMBEnBFLx4F-QfteUUyd39U&dib_tag=se&m=ANBW5NGGTP7SK&marketplaceID=A39IBJ37TRP1C6&qid=1777190142&refinements=p_36%3A19000-19500&s=merchant-items&sr=1-84&xpid=MC76FKvB72qlu,To Lau's (2010) ISBN: 4887731051 [Japanese Import]
4887731051,,,,
B09BFMRKHW,,194.16,https://www.amazon.com.au/Shimano-NASCI-Fishing-Shipped-2500HG/dp/B09BFMRKHW/ref=sr_1_85?dib=eyJ2IjoiMSJ9.sNHodM-pK6OPj24Hlo0xw0ZCKm14HypttciD-yUFZlHNEdm2dNgy2cMaFWNfhinEZio3n247oXipFeA3sasqhcn8Q0eL1v0opvH4PNirnOr3T51UAr7JbrvkGnx7W_kMYLwDGkLBmiiNkKCR_Bbe7eAMcARV2FgtZ8PcCaE7eDg.1txTgTuV37OElHB3_FTAjMBEnBFLx4F-QfteUUyd39U&dib_tag=se&m=ANBW5NGGTP7SK&marketplaceID=A39IBJ37TRP1C6&qid=1777190142&refinements=p_36%3A19000-19500&s=merchant-items&sr=1-85&xpid=MC76FKvB72qlu#customerReviews,Shimano 21 NASCI Fishing Reel Shipped from Japan 2022 Model
4887217870,Tankobon Hardcover,190.84,https://www.amazon.com.au/Collection-art-ISBN-4887217870-Japanese/dp/4887217870/ref=sr_1_86?dib=eyJ2IjoiMSJ9.sNHodM-pK6OPj24Hlo0xw0ZCKm14HypttciD-yUFZlHNEdm2dNgy2cMaFWNfhinEZio3n247oXipFeA3sasqhcn8Q0eL1v0opvH4PNirnOr3T51UAr7JbrvkGnx7W_kMYLwDGkLBmiiNkKCR_Bbe7eAMcARV2FgtZ8PcCaE7eDg.1txTgTuV37OElHB3_FTAjMBEnBFLx4F-QfteUUyd39U&dib_tag=se&m=ANBW5NGGTP7SK&marketplaceID=A39IBJ37TRP1C6&qid=1777190142&refinements=p_36%3A19000-19500&s=merchant-items&sr=1-86&xpid=MC76FKvB72qlu#customerReviews,Collection of art (2011) ISBN: 4887217870 [Japanese Import]
4887217870,,,,
4886835643,Tankobon Hardcover,190.02,https://www.amazon.com.au/%E3%82%AB%E3%82%AC%E3%82%A4/dp/4886835643/ref=sr_1_87?dib=eyJ2IjoiMSJ9.sNHodM-pK6OPj24Hlo0xw0ZCKm14HypttciD-yUFZlHNEdm2dNgy2cMaFWNfhinEZio3n247oXipFeA3sasqhcn8Q0eL1v0opvH4PNirnOr3T51UAr7JbrvkGnx7W_kMYLwDGkLBmiiNkKCR_Bbe7eAMcARV2FgtZ8PcCaE7eDg.1txTgTuV37OElHB3_FTAjMBEnBFLx4F-QfteUUyd39U&dib_tag=se&m=ANBW5NGGTP7SK&marketplaceID=A39IBJ37TRP1C6&qid=1777190142&refinements=p_36%3A19000-19500&s=merchant-items&sr=1-87&xpid=MC76FKvB72qlu,カガイ
4886835643,,,,
B0BX2KZ9ZZ,,200.73,https://www.amazon.com.au/Bandai-Figuarts-Deadpool-Action-Figure/dp/B0BX2KZ9ZZ/ref=sr_1_88?dib=eyJ2IjoiMSJ9.sNHodM-pK6OPj24Hlo0xw0ZCKm14HypttciD-yUFZlHNEdm2dNgy2cMaFWNfhinEZio3n247oXipFeA3sasqhcn8Q0eL1v0opvH4PNirnOr3T51UAr7JbrvkGnx7W_kMYLwDGkLBmiiNkKCR_Bbe7eAMcARV2FgtZ8PcCaE7eDg.1txTgTuV37OElHB3_FTAjMBEnBFLx4F-QfteUUyd39U&dib_tag=se&m=ANBW5NGGTP7SK&marketplaceID=A39IBJ37TRP1C6&qid=1777190142&refinements=p_36%3A19000-19500&s=merchant-items&sr=1-88&xpid=MC76FKvB72qlu#customerReviews,Bandai SH Figuarts Deadpool 2 Action Figure
4886218334,Tankobon Hardcover,190.06,https://www.amazon.com.au/%E5%8F%A4%E4%BB%A3%E6%9D%B1%E3%82%A2%E3%82%B8%E3%82%A2%E5%8F%B2%E6%96%99%E8%AB%96-34-%E5%90%8C%E6%88%90%E7%A4%BE%E5%8F%A4%E4%BB%A3%E5%8F%B2%E9%81%B8%E6%9B%B8/dp/4886218334/ref=sr_1_89?dib=eyJ2IjoiMSJ9.sNHodM-pK6OPj24Hlo0xw0ZCKm14HypttciD-yUFZlHNEdm2dNgy2cMaFWNfhinEZio3n247oXipFeA3sasqhcn8Q0eL1v0opvH4PNirnOr3T51UAr7JbrvkGnx7W_kMYLwDGkLBmiiNkKCR_Bbe7eAMcARV2FgtZ8PcCaE7eDg.1txTgTuV37OElHB3_FTAjMBEnBFLx4F-QfteUUyd39U&dib_tag=se&m=ANBW5NGGTP7SK&marketplaceID=A39IBJ37TRP1C6&qid=1777190142&refinements=p_36%3A19000-19500&s=merchant-items&sr=1-89&xpid=MC76FKvB72qlu,古代東アジア史料論 (34) (同成社古代史選書)
4886218334,,,,
4886215440,Tankobon Hardcover,191.68,https://www.amazon.com.au/%E4%B8%AD%E7%B1%B3%E3%81%AE%E5%88%9D%E6%9C%9F%E6%96%87%E6%98%8E%E3%82%AA%E3%83%AB%E3%83%A1%E3%82%AB-%E4%B8%96%E7%95%8C%E3%81%AE%E8%80%83%E5%8F%A4%E5%AD%A6-%E4%BC%8A%E8%97%A4-%E4%BC%B8%E5%B9%B8/dp/4886215440/ref=sr_1_90?dib=eyJ2IjoiMSJ9.sNHodM-pK6OPj24Hlo0xw0ZCKm14HypttciD-yUFZlHNEdm2dNgy2cMaFWNfhinEZio3n247oXipFeA3sasqhcn8Q0eL1v0opvH4PNirnOr3T51UAr7JbrvkGnx7W_kMYLwDGkLBmiiNkKCR_Bbe7eAMcARV2FgtZ8PcCaE7eDg.1txTgTuV37OElHB3_FTAjMBEnBFLx4F-QfteUUyd39U&dib_tag=se&m=ANBW5NGGTP7SK&marketplaceID=A39IBJ37TRP1C6&qid=1777190142&refinements=p_36%3A19000-19500&s=merchant-items&sr=1-90&xpid=MC76FKvB72qlu#customerReviews,中米の初期文明オルメカ (世界の考古学)
4886215440,,,,
B08W5643SX,,194.48,https://www.amazon.com.au/Daiwa-%CE%B1160CH-Light-Holder-Blue/dp/B08W5643SX/ref=sr_1_91?dib=eyJ2IjoiMSJ9.sNHodM-pK6OPj24Hlo0xw0ZCKm14HypttciD-yUFZlHNEdm2dNgy2cMaFWNfhinEZio3n247oXipFeA3sasqhcn8Q0eL1v0opvH4PNirnOr3T51UAr7JbrvkGnx7W_kMYLwDGkLBmiiNkKCR_Bbe7eAMcARV2FgtZ8PcCaE7eDg.1txTgTuV37OElHB3_FTAjMBEnBFLx4F-QfteUUyd39U&dib_tag=se&m=ANBW5NGGTP7SK&marketplaceID=A39IBJ37TRP1C6&qid=1777190142&refinements=p_36%3A19000-19500&s=merchant-items&sr=1-91&xpid=MC76FKvB72qlu#customerReviews,Daiwa α160CH Light Holder
B08W5643SX,,,,
4885102871,JP Oversized,194.58,https://www.amazon.com.au/Sogishi-rinsho-hanzu-dochira-shimasu/dp/4885102871/ref=sr_1_97?dib=eyJ2IjoiMSJ9.dut3zuhLe0tey5Gb4vHJQKq3AHvP2w85TykLvv3CS47Ij9pW0F2HiLaRJPqsxhav5xZ2fdK35rQQdzMe4-SWrQ.NxJC2N3wXnmZuxLFJNmmO8CEUBoWlPI-NSP0E_LrY6E&dib_tag=se&m=ANBW5NGGTP7SK&marketplaceID=A39IBJ37TRP1C6&qid=1777190148&refinements=p_36%3A19000-19500&s=merchant-items&sr=1-97&xpid=MC76FKvB72qlu#customerReviews,Sogishi rinsho no hanzu on : Hoken ando jihi dochira nimo taio shimasu.
4885102871,,,,
4883929159,Paperback Shinsho,192.29,https://www.amazon.com.au/girls-school-ISBN-4883929159-Japanese/dp/4883929159/ref=sr_1_98?dib=eyJ2IjoiMSJ9.dut3zuhLe0tey5Gb4vHJQKq3AHvP2w85TykLvv3CS47Ij9pW0F2HiLaRJPqsxhav5xZ2fdK35rQQdzMe4-SWrQ.NxJC2N3wXnmZuxLFJNmmO8CEUBoWlPI-NSP0E_LrY6E&dib_tag=se&m=ANBW5NGGTP7SK&marketplaceID=A39IBJ37TRP1C6&qid=1777190148&refinements=p_36%3A19000-19500&s=merchant-items&sr=1-98&xpid=MC76FKvB72qlu#customerReviews,It is a girls' school (2013) ISBN: 4883929159 [Japanese Import]
4883929159,,,,
B0G4M1PY88,,190.9,https://www.amazon.com.au/Shimano-Spinning-Reel-NASSKY-4000XG/dp/B0G4M1PY88/ref=sr_1_99?dib=eyJ2IjoiMSJ9.dut3zuhLe0tey5Gb4vHJQKq3AHvP2w85TykLvv3CS47Ij9pW0F2HiLaRJPqsxhav5xZ2fdK35rQQdzMe4-SWrQ.NxJC2N3wXnmZuxLFJNmmO8CEUBoWlPI-NSP0E_LrY6E&dib_tag=se&m=ANBW5NGGTP7SK&marketplaceID=A39IBJ37TRP1C6&qid=1777190148&refinements=p_36%3A19000-19500&s=merchant-items&sr=1-99&xpid=MC76FKvB72qlu#customerReviews,Shimano Spinning Reel 26 NASSKY 4000XG
B0G4M1PY88,,,,
4883787435,Tankobon Hardcover,193.5,https://www.amazon.com.au/%E6%9C%80%E6%96%B0%E3%82%AC%E3%82%A4%E3%83%89%E3%83%A9%E3%82%A4%E3%83%B3%E3%81%AB%E5%9F%BA%E3%81%A5%E3%81%8F-%E8%85%8E%E3%83%BB%E9%80%8F%E6%9E%90-%E8%A8%BA%E7%99%82%E6%8C%87%E9%87%9D-2021-22/dp/4883787435/ref=sr_1_100?dib=eyJ2IjoiMSJ9.dut3zuhLe0tey5Gb4vHJQKq3AHvP2w85TykLvv3CS47Ij9pW0F2HiLaRJPqsxhav5xZ2fdK35rQQdzMe4-SWrQ.NxJC2N3wXnmZuxLFJNmmO8CEUBoWlPI-NSP0E_LrY6E&dib_tag=se&m=ANBW5NGGTP7SK&marketplaceID=A39IBJ37TRP1C6&qid=1777190148&refinements=p_36%3A19000-19500&s=merchant-items&sr=1-100&xpid=MC76FKvB72qlu,最新ガイドラインに基づく 腎・透析 診療指針 2021-’22
4883787435,,,,
4883782964,Tankobon Hardcover,192.89,https://www.amazon.com.au/Emergency-intensive-vol20-pediatric-emergency/dp/4883782964/ref=sr_1_101?dib=eyJ2IjoiMSJ9.dut3zuhLe0tey5Gb4vHJQKq3AHvP2w85TykLvv3CS47Ij9pW0F2HiLaRJPqsxhav5xZ2fdK35rQQdzMe4-SWrQ.NxJC2N3wXnmZuxLFJNmmO8CEUBoWlPI-NSP0E_LrY6E&dib_tag=se&m=ANBW5NGGTP7SK&marketplaceID=A39IBJ37TRP1C6&qid=1777190148&refinements=p_36%3A19000-19500&s=merchant-items&sr=1-101&xpid=MC76FKvB72qlu,"Emergency, intensive care vol20 no11 ~ 12 (2 pediatric emergency Q & A (2009) ISBN: 4883782964 [Japanese Import]"
4883782964,,,,
B0BNB8RRG8,,190.53,https://www.amazon.com.au/Yamazaki-6041-Sorting-Sanitary-Dividers/dp/B0BNB8RRG8/ref=sr_1_97?dib=eyJ2IjoiMSJ9.Yp67litYzl92hEsHvyB6JvyvsaAzASh7rfFGQW93EMI_L4Q6gqF4IPZV64FRmg4sWnC6PMEe0iPnxPkXhfDWxpUWY8RXZ8k0HJtpHmzSEtbS-AghOX6GMYIsMWbHffzyg6p8f2e6d5MqYaVKVuVHa9CCdJy1hRq68zmwNDGIFLE.2jrC3UL5FHroiON-sJNhuS1sr_3aTJZmAGC24F3X0Cs&dib_tag=se&m=ANBW5NGGTP7SK&marketplaceID=A39IBJ37TRP1C6&qid=1777190148&refinements=p_36%3A19000-19500&s=merchant-items&sr=1-97&xpid=MC76FKvB72qlu#customerReviews,"Yamazaki 6041 Sorting Sanitary Storage Holder, Natural, Approx. W 10.3 x D 4.6 x H 6.5 inches (26.2 x 11.7 x 16.6 cm), RIN Stylish Storage, Easy Removal, Includes Dividers"
B0BNB8RRG8,,,,
4883781577,JP Oversized,191.24,https://www.amazon.com.au/Monitoring-basic-procedures-illustration-4883781577/dp/4883781577/ref=sr_1_98?dib=eyJ2IjoiMSJ9.Yp67litYzl92hEsHvyB6JvyvsaAzASh7rfFGQW93EMI_L4Q6gqF4IPZV64FRmg4sWnC6PMEe0iPnxPkXhfDWxpUWY8RXZ8k0HJtpHmzSEtbS-AghOX6GMYIsMWbHffzyg6p8f2e6d5MqYaVKVuVHa9CCdJy1hRq68zmwNDGIFLE.2jrC3UL5FHroiON-sJNhuS1sr_3aTJZmAGC24F3X0Cs&dib_tag=se&m=ANBW5NGGTP7SK&marketplaceID=A39IBJ37TRP1C6&qid=1777190148&refinements=p_36%3A19000-19500&s=merchant-items&sr=1-98&xpid=MC76FKvB72qlu,Monitoring and basic procedures - critical care to learn illustration (2004) ISBN: 4883781577 [Japanese Import]
4883781577,,,,
4883033104,Tankobon Hardcover,194.88,https://www.amazon.com.au/%E5%A4%9A%E8%A8%80%E8%AA%9E%E4%B8%BB%E7%BE%A9%E5%86%8D%E8%80%83_%E5%A4%9A%E8%A8%80%E8%AA%9E%E7%8A%B6%E6%B3%81%E3%81%AE%E6%AF%94%E8%BC%83%E7%A0%94%E7%A9%B6/dp/4883033104/ref=sr_1_99?dib=eyJ2IjoiMSJ9.Yp67litYzl92hEsHvyB6JvyvsaAzASh7rfFGQW93EMI_L4Q6gqF4IPZV64FRmg4sWnC6PMEe0iPnxPkXhfDWxpUWY8RXZ8k0HJtpHmzSEtbS-AghOX6GMYIsMWbHffzyg6p8f2e6d5MqYaVKVuVHa9CCdJy1hRq68zmwNDGIFLE.2jrC3UL5FHroiON-sJNhuS1sr_3aTJZmAGC24F3X0Cs&dib_tag=se&m=ANBW5NGGTP7SK&marketplaceID=A39IBJ37TRP1C6&qid=1777190148&refinements=p_36%3A19000-19500&s=merchant-items&sr=1-99&xpid=MC76FKvB72qlu,多言語主義再考―多言語状況の比較研究
4883033104,,,,
B0F6TX75Z1,,193.24,https://www.amazon.com.au/KOTOBUKIYA-Veloce-Levante-Plastic-Approx/dp/B0F6TX75Z1/ref=sr_1_100?dib=eyJ2IjoiMSJ9.Yp67litYzl92hEsHvyB6JvyvsaAzASh7rfFGQW93EMI_L4Q6gqF4IPZV64FRmg4sWnC6PMEe0iPnxPkXhfDWxpUWY8RXZ8k0HJtpHmzSEtbS-AghOX6GMYIsMWbHffzyg6p8f2e6d5MqYaVKVuVHa9CCdJy1hRq68zmwNDGIFLE.2jrC3UL5FHroiON-sJNhuS1sr_3aTJZmAGC24F3X0Cs&dib_tag=se&m=ANBW5NGGTP7SK&marketplaceID=A39IBJ37TRP1C6&qid=1777190148&refinements=p_36%3A19000-19500&s=merchant-items&sr=1-100&xpid=MC76FKvB72qlu#customerReviews,KOTOBUKIYA Hexa Gear Veloce Kai Levante Plastic Model Total Height Approx. 9.4 inches (240 mm)
B0F6TX75Z1,,,,
4883032426,Tankobon Hardcover,194.46,https://www.amazon.com.au/%E3%82%B5%E3%83%9F%E3%83%A5%E3%82%A8%E3%83%AB%E3%83%BB%E3%83%99%E3%82%B1%E3%83%83%E3%83%88_%E3%81%82%E3%82%8B%E4%BC%9D%E8%A8%98/dp/4883032426/ref=sr_1_101?dib=eyJ2IjoiMSJ9.Yp67litYzl92hEsHvyB6JvyvsaAzASh7rfFGQW93EMI_L4Q6gqF4IPZV64FRmg4sWnC6PMEe0iPnxPkXhfDWxpUWY8RXZ8k0HJtpHmzSEtbS-AghOX6GMYIsMWbHffzyg6p8f2e6d5MqYaVKVuVHa9CCdJy1hRq68zmwNDGIFLE.2jrC3UL5FHroiON-sJNhuS1sr_3aTJZmAGC24F3X0Cs&dib_tag=se&m=ANBW5NGGTP7SK&marketplaceID=A39IBJ37TRP1C6&qid=1777190148&refinements=p_36%3A19000-19500&s=merchant-items&sr=1-101&xpid=MC76FKvB72qlu#customerReviews,サミュエル・ベケット―ある伝記
4883032426,,,,
4882160323,Paperback Bunko,194.14,https://www.amazon.com.au/%E9%95%B7%E5%B4%8E%E3%81%AE%E8%8A%B1%E3%80%88%E4%B8%8A%E3%80%89-%E8%81%96%E6%AF%8D%E6%96%87%E5%BA%AB/dp/4882160323/ref=sr_1_102?dib=eyJ2IjoiMSJ9.Yp67litYzl92hEsHvyB6JvyvsaAzASh7rfFGQW93EMI_L4Q6gqF4IPZV64FRmg4sWnC6PMEe0iPnxPkXhfDWxpUWY8RXZ8k0HJtpHmzSEtbS-AghOX6GMYIsMWbHffzyg6p8f2e6d5MqYaVKVuVHa9CCdJy1hRq68zmwNDGIFLE.2jrC3UL5FHroiON-sJNhuS1sr_3aTJZmAGC24F3X0Cs&dib_tag=se&m=ANBW5NGGTP7SK&marketplaceID=A39IBJ37TRP1C6&qid=1777190148&refinements=p_36%3A19000-19500&s=merchant-items&sr=1-102&xpid=MC76FKvB72qlu#customerReviews,長崎の花〈上〉 (聖母文庫)
4882160323,,,,
B09DDX85JV,,191.8,https://www.amazon.com.au/Koto-KP564-Kotobukiya-Medarot-Crossmessiah/dp/B09DDX85JV/ref=sr_1_103?dib=eyJ2IjoiMSJ9.Yp67litYzl92hEsHvyB6JvyvsaAzASh7rfFGQW93EMI_L4Q6gqF4IPZV64FRmg4sWnC6PMEe0iPnxPkXhfDWxpUWY8RXZ8k0HJtpHmzSEtbS-AghOX6GMYIsMWbHffzyg6p8f2e6d5MqYaVKVuVHa9CCdJy1hRq68zmwNDGIFLE.2jrC3UL5FHroiON-sJNhuS1sr_3aTJZmAGC24F3X0Cs&dib_tag=se&m=ANBW5NGGTP7SK&marketplaceID=A39IBJ37TRP1C6&qid=1777190148&refinements=p_36%3A19000-19500&s=merchant-items&sr=1-103&xpid=MC76FKvB72qlu#customerReviews,Kotobukiya - Medarot - KXK00-M Crossmessiah
B09DDX85JV,,,,
4881371827,Tankobon Softcover,190.73,https://www.amazon.com.au/%E6%A4%8D%E8%AA%BF%E9%9B%91%E8%8D%89%E5%A4%A7%E9%91%91-%E3%82%B7%E3%83%A7%E3%82%AF%E3%83%81%E3%83%A7%E3%82%A6%E3%82%B6%E3%83%83%E3%82%BD%E3%82%A6%E3%82%BF%E3%82%A4%E3%82%AB%E3%83%B3-%E6%B5%85%E4%BA%95-%E5%85%83%E6%9C%97/dp/4881371827/ref=sr_1_104?dib=eyJ2IjoiMSJ9.Yp67litYzl92hEsHvyB6JvyvsaAzASh7rfFGQW93EMI_L4Q6gqF4IPZV64FRmg4sWnC6PMEe0iPnxPkXhfDWxpUWY8RXZ8k0HJtpHmzSEtbS-AghOX6GMYIsMWbHffzyg6p8f2e6d5MqYaVKVuVHa9CCdJy1hRq68zmwNDGIFLE.2jrC3UL5FHroiON-sJNhuS1sr_3aTJZmAGC24F3X0Cs&dib_tag=se&m=ANBW5NGGTP7SK&marketplaceID=A39IBJ37TRP1C6&qid=1777190148&refinements=p_36%3A19000-19500&s=merchant-items&sr=1-104&xpid=MC76FKvB72qlu#customerReviews,植調雑草大鑑(ショクチョウザッソウタイカン)
4881371827,,,,
4880492760,Tankobon Softcover,194.95,https://www.amazon.com.au/%E3%81%A1%E3%81%84%E3%81%95%E3%81%84%E3%83%BB%E3%81%8A%E3%81%8A%E3%81%8D%E3%81%84%E3%83%BB%E3%82%88%E3%82%8F%E3%81%84%E3%83%BB%E3%81%A4%E3%82%88%E3%81%84-no-76_%E6%A5%BD%E3%81%AB%E3%81%AA%E3%82%8B%E8%82%8C%E3%81%AE%E3%81%8A%E6%89%8B%E5%BD%93%E3%81%A6/dp/4880492760/ref=sr_1_105?dib=eyJ2IjoiMSJ9.Yp67litYzl92hEsHvyB6JvyvsaAzASh7rfFGQW93EMI_L4Q6gqF4IPZV64FRmg4sWnC6PMEe0iPnxPkXhfDWxpUWY8RXZ8k0HJtpHmzSEtbS-AghOX6GMYIsMWbHffzyg6p8f2e6d5MqYaVKVuVHa9CCdJy1hRq68zmwNDGIFLE.2jrC3UL5FHroiON-sJNhuS1sr_3aTJZmAGC24F3X0Cs&dib_tag=se&m=ANBW5NGGTP7SK&marketplaceID=A39IBJ37TRP1C6&qid=1777190148&refinements=p_36%3A19000-19500&s=merchant-items&sr=1-105&xpid=MC76FKvB72qlu#customerReviews,ちいさい・おおきい・よわい・つよい no.76―楽になる肌のお手当て
4880492760,,,,
B08QF89HHC,,190.73,https://www.amazon.com.au/Murakami-Imabari-Commercial-Lightweight-mc-ft10/dp/B08QF89HHC/ref=sr_1_106?dib=eyJ2IjoiMSJ9.Yp67litYzl92hEsHvyB6JvyvsaAzASh7rfFGQW93EMI_L4Q6gqF4IPZV64FRmg4sWnC6PMEe0iPnxPkXhfDWxpUWY8RXZ8k0HJtpHmzSEtbS-AghOX6GMYIsMWbHffzyg6p8f2e6d5MqYaVKVuVHa9CCdJy1hRq68zmwNDGIFLE.2jrC3UL5FHroiON-sJNhuS1sr_3aTJZmAGC24F3X0Cs&dib_tag=se&m=ANBW5NGGTP7SK&marketplaceID=A39IBJ37TRP1C6&qid=1777190148&refinements=p_36%3A19000-19500&s=merchant-items&sr=1-106&xpid=MC76FKvB72qlu,"Murakami Towels, Imabari Towels, Commercial Use, Face Towels, Set of 10, M Color, 13.4 x 33.9 inches (34 x 86 cm), For Beauty Salons, 100 Colors, Lightweight and Thin, mc-ft10 (10 Colors Blue Gray)"
B08QF89HHC,,,,
4880039225,Tankobon Hardcover,190.94,https://www.amazon.com.au/%E3%81%82%E3%81%A3%E3%81%A8%E3%81%84%E3%81%86%E9%96%93%E3%81%AB%E3%81%86%E3%81%BE%E3%81%8F%E3%81%AA%E3%82%8B%E7%A5%9E%E7%B5%8C%E3%83%96%E3%83%AD%E3%83%83%E3%82%AF%E4%B8%8A%E9%81%94%E8%A1%93-%E5%A4%A7%E8%B6%8A%E6%9C%89%E4%B8%80/dp/4880039225/ref=sr_1_107?dib=eyJ2IjoiMSJ9.Yp67litYzl92hEsHvyB6JvyvsaAzASh7rfFGQW93EMI_L4Q6gqF4IPZV64FRmg4sWnC6PMEe0iPnxPkXhfDWxpUWY8RXZ8k0HJtpHmzSEtbS-AghOX6GMYIsMWbHffzyg6p8f2e6d5MqYaVKVuVHa9CCdJy1hRq68zmwNDGIFLE.2jrC3UL5FHroiON-sJNhuS1sr_3aTJZmAGC24F3X0Cs&dib_tag=se&m=ANBW5NGGTP7SK&marketplaceID=A39IBJ37TRP1C6&qid=1777190148&refinements=p_36%3A19000-19500&s=merchant-items&sr=1-107&xpid=MC76FKvB72qlu#customerReviews,あっという間にうまくなる神経ブロック上達術
4880039225,,,,
4880026409,Tankobon Hardcover,192.81,https://www.amazon.com.au/Chapter-order-understand-neuropsychological-ISBN/dp/4880026409/ref=sr_1_113?dib=eyJ2IjoiMSJ9.aTH7lBM60KvvfxmOvdMLdDFWmye-iz3kPVDFjueqRq7lTYtC044Rr5I41qVGvV8-3-mo6m75N1sDNABTwGKZjQ.l2H-VOVI6ACAcagxyn3b4mazyB5JKKd4EQTImT0GtmU&dib_tag=se&m=ANBW5NGGTP7SK&marketplaceID=A39IBJ37TRP1C6&qid=1777190154&refinements=p_36%3A19000-19500&s=merchant-items&sr=1-113&xpid=MC76FKvB72qlu,Chapter 10 in order to understand the neuropsychological (2004) ISBN: 4880026409 [Japanese Import]
4880026409,,,,
B07TXYNG4J,,191.42,https://www.amazon.com.au/Unika-UR21-F075B-Multi-Functional-Composite-Materials/dp/B07TXYNG4J/ref=sr_1_114?dib=eyJ2IjoiMSJ9.aTH7lBM60KvvfxmOvdMLdDFWmye-iz3kPVDFjueqRq7lTYtC044Rr5I41qVGvV8-3-mo6m75N1sDNABTwGKZjQ.l2H-VOVI6ACAcagxyn3b4mazyB5JKKd4EQTImT0GtmU&dib_tag=se&m=ANBW5NGGTP7SK&marketplaceID=A39IBJ37TRP1C6&qid=1777190154&refinements=p_36%3A19000-19500&s=merchant-items&sr=1-114&xpid=MC76FKvB72qlu,"Unika UR21-F075B Multi-Functional Core Drill Body, F-Series, for Composite Materials, for Rotation, Diameter 3.0 inches (75 mm)"
B07TXYNG4J,,,,
4877942300,Tankobon Hardcover,191.97,https://www.amazon.com.au/%E5%B0%8F%E5%85%90%E6%B0%97%E7%AE%A1%E6%94%AF%E5%96%98%E6%81%AF%E6%B2%BB%E7%99%82%E3%83%BB%E7%AE%A1%E7%90%86%E3%82%AC%E3%82%A4%E3%83%89%E3%83%A9%E3%82%A4%E3%83%B32023-%E4%B8%80%E8%88%AC%E7%A4%BE%E5%9B%A3%E6%B3%95%E4%BA%BA%E6%97%A5%E6%9C%AC%E5%B0%8F%E5%85%90%E3%82%A2%E3%83%AC%E3%83%AB%E3%82%AE%E3%83%BC%E5%AD%A6%E4%BC%9A/dp/4877942300/ref=sr_1_115?dib=eyJ2IjoiMSJ9.aTH7lBM60KvvfxmOvdMLdDFWmye-iz3kPVDFjueqRq7lTYtC044Rr5I41qVGvV8-3-mo6m75N1sDNABTwGKZjQ.l2H-VOVI6ACAcagxyn3b4mazyB5JKKd4EQTImT0GtmU&dib_tag=se&m=ANBW5NGGTP7SK&marketplaceID=A39IBJ37TRP1C6&qid=1777190154&refinements=p_36%3A19000-19500&s=merchant-items&sr=1-115&xpid=MC76FKvB72qlu#customerReviews,小児気管支喘息治療・管理ガイドライン2023
4877942300,,,,
4876987858,Tankobon Hardcover,192.81,https://www.amazon.com.au/%E3%83%9E%E3%82%AF%E3%83%AD%E7%B5%8C%E6%B8%88%E3%81%AE%E3%82%B7%E3%83%9F%E3%83%A5%E3%83%AC%E3%83%BC%E3%82%B7%E3%83%A7%E3%83%B3%E5%88%86%E6%9E%90_%E8%B2%A1%E6%94%BF%E5%86%8D%E5%BB%BA%E3%81%A8%E6%8C%81%E7%B6%9A%E7%9A%84%E6%88%90%E9%95%B7%E3%81%AE%E7%A0%94%E7%A9%B6-%E5%8C%97%E6%B5%A6-%E4%BF%AE%E6%95%8F/dp/4876987858/ref=sr_1_116?dib=eyJ2IjoiMSJ9.aTH7lBM60KvvfxmOvdMLdDFWmye-iz3kPVDFjueqRq7lTYtC044Rr5I41qVGvV8-3-mo6m75N1sDNABTwGKZjQ.l2H-VOVI6ACAcagxyn3b4mazyB5JKKd4EQTImT0GtmU&dib_tag=se&m=ANBW5NGGTP7SK&marketplaceID=A39IBJ37TRP1C6&qid=1777190154&refinements=p_36%3A19000-19500&s=merchant-items&sr=1-116&xpid=MC76FKvB72qlu,マクロ経済のシミュレーション分析―財政再建と持続的成長の研究
4876987858,,,,
B07MGQ8FBM,,192.72,https://www.amazon.com.au/Juliet-Yorkyu-School-Painted-Complete/dp/B07MGQ8FBM/ref=sr_1_117?dib=eyJ2IjoiMSJ9.aTH7lBM60KvvfxmOvdMLdDFWmye-iz3kPVDFjueqRq7lTYtC044Rr5I41qVGvV8-3-mo6m75N1sDNABTwGKZjQ.l2H-VOVI6ACAcagxyn3b4mazyB5JKKd4EQTImT0GtmU&dib_tag=se&m=ANBW5NGGTP7SK&marketplaceID=A39IBJ37TRP1C6&qid=1777190154&refinements=p_36%3A19000-19500&s=merchant-items&sr=1-117&xpid=MC76FKvB72qlu#customerReviews,Juliet of Yorkyu School King Kocho 1/7 Scale PVC Painted Complete Figure
4876983003,Tankobon Hardcover,190.54,https://www.amazon.com.au/Indasu-Minamiajia-kiso-Sekai-saguru/dp/4876983003/ref=sr_1_113?dib=eyJ2IjoiMSJ9.O9ejI6gbe0WXFQQKLO3RwPv6lOcnbPYm5gwQQ3l8VU__JPG0LIWxaX6R4Ikhzo2YCUs1z2vQUxgN6s-RG8B0QQNRCXsH6Zebn7y8l-I7dpQw5kyy630siPTfxtJI4O4mpNYj_t4sV_XsbFfQaq2Y-vAbJF9zl57Ogw8zZKGSXNg.PQeMBbmTwY3b5SGwrAYQJ6S9SYR8EPrsiGJijj4KhRs&dib_tag=se&m=ANBW5NGGTP7SK&marketplaceID=A39IBJ37TRP1C6&qid=1777190154&refinements=p_36%3A19000-19500&s=merchant-items&sr=1-113&xpid=MC76FKvB72qlu#customerReviews,Indasu : Minamiajia kiso sekai o saguru.
4876983003,,,,
4875556446,Tankobon Hardcover,192.81,https://www.amazon.com.au/%E6%98%AD%E5%92%8C%E5%9C%B0%E6%96%B9%E8%B2%A1%E6%94%BF%E5%8F%B2%E3%80%88%E7%AC%AC4%E5%B7%BB%E3%80%89%E7%94%BA%E6%9D%91%E8%B2%A7%E5%9B%B0%E3%81%A8%E8%B2%A1%E6%94%BF%E8%AA%BF%E6%95%B4%E3%83%BB%E6%98%AD%E5%92%8C%E4%B8%8D%E6%B3%81%E3%81%A8%E8%BE%B2%E6%9D%91%E6%95%91%E6%B8%88-%E9%AB%98%E5%AF%84-%E6%98%87%E4%B8%89/dp/4875556446/ref=sr_1_114?dib=eyJ2IjoiMSJ9.O9ejI6gbe0WXFQQKLO3RwPv6lOcnbPYm5gwQQ3l8VU__JPG0LIWxaX6R4Ikhzo2YCUs1z2vQUxgN6s-RG8B0QQNRCXsH6Zebn7y8l-I7dpQw5kyy630siPTfxtJI4O4mpNYj_t4sV_XsbFfQaq2Y-vAbJF9zl57Ogw8zZKGSXNg.PQeMBbmTwY3b5SGwrAYQJ6S9SYR8EPrsiGJijj4KhRs&dib_tag=se&m=ANBW5NGGTP7SK&marketplaceID=A39IBJ37TRP1C6&qid=1777190154&refinements=p_36%3A19000-19500&s=merchant-items&sr=1-114&xpid=MC76FKvB72qlu,昭和地方財政史〈第4巻〉町村貧困と財政調整・昭和不況と農村救済
4875556446,,,,
B08SCHYG91,,191.87,https://www.amazon.com.au/Banpresto-ichibankuji-dress-Legends-Figure/dp/B08SCHYG91/ref=sr_1_115?dib=eyJ2IjoiMSJ9.O9ejI6gbe0WXFQQKLO3RwPv6lOcnbPYm5gwQQ3l8VU__JPG0LIWxaX6R4Ikhzo2YCUs1z2vQUxgN6s-RG8B0QQNRCXsH6Zebn7y8l-I7dpQw5kyy630siPTfxtJI4O4mpNYj_t4sV_XsbFfQaq2Y-vAbJF9zl57Ogw8zZKGSXNg.PQeMBbmTwY3b5SGwrAYQJ6S9SYR8EPrsiGJijj4KhRs&dib_tag=se&m=ANBW5NGGTP7SK&marketplaceID=A39IBJ37TRP1C6&qid=1777190154&refinements=p_36%3A19000-19500&s=merchant-items&sr=1-115&xpid=MC76FKvB72qlu#customerReviews,Banpresto ichibankuji dress Legends over Time C Award New gate PVC Figure 13cm
4872624211,Tankobon Hardcover,191.73,https://www.amazon.com.au/%E3%82%A8%E3%83%83%E3%82%BB%E3%83%B3%E3%82%B7%E3%83%A3%E3%83%AB%E3%83%BB%E3%83%93%E3%82%B8%E3%83%8D%E3%82%B9%E3%83%BB%E3%82%B9%E3%82%BF%E3%83%86%E3%82%A3%E3%82%B9%E3%83%86%E3%82%A3%E3%82%AF%E3%82%B9/dp/4872624211/ref=sr_1_116?dib=eyJ2IjoiMSJ9.O9ejI6gbe0WXFQQKLO3RwPv6lOcnbPYm5gwQQ3l8VU__JPG0LIWxaX6R4Ikhzo2YCUs1z2vQUxgN6s-RG8B0QQNRCXsH6Zebn7y8l-I7dpQw5kyy630siPTfxtJI4O4mpNYj_t4sV_XsbFfQaq2Y-vAbJF9zl57Ogw8zZKGSXNg.PQeMBbmTwY3b5SGwrAYQJ6S9SYR8EPrsiGJijj4KhRs&dib_tag=se&m=ANBW5NGGTP7SK&marketplaceID=A39IBJ37TRP1C6&qid=1777190154&refinements=p_36%3A19000-19500&s=merchant-items&sr=1-116&xpid=MC76FKvB72qlu#customerReviews,エッセンシャル・ビジネス・スタティスティクス
4872624211,,,,
4872596749,Tankobon Hardcover,193.2,https://www.amazon.com.au/%E9%B4%BB%E6%B1%A0%E5%B9%B8%E6%AD%A6%E6%96%87%E6%A5%BD%E6%89%B9%E8%A9%95%E9%9B%86%E6%88%90-%E5%A4%9A%E7%94%B0-%E8%8B%B1%E4%BF%8A/dp/4872596749/ref=sr_1_117?dib=eyJ2IjoiMSJ9.O9ejI6gbe0WXFQQKLO3RwPv6lOcnbPYm5gwQQ3l8VU__JPG0LIWxaX6R4Ikhzo2YCUs1z2vQUxgN6s-RG8B0QQNRCXsH6Zebn7y8l-I7dpQw5kyy630siPTfxtJI4O4mpNYj_t4sV_XsbFfQaq2Y-vAbJF9zl57Ogw8zZKGSXNg.PQeMBbmTwY3b5SGwrAYQJ6S9SYR8EPrsiGJijj4KhRs&dib_tag=se&m=ANBW5NGGTP7SK&marketplaceID=A39IBJ37TRP1C6&qid=1777190154&refinements=p_36%3A19000-19500&s=merchant-items&sr=1-117&xpid=MC76FKvB72qlu#customerReviews,鴻池幸武文楽批評集成
4872596749,,,,
B09RWRDS41,,194.57,https://www.amazon.com.au/Worlds-Harem-Akira-Todo-Scale/dp/B09RWRDS41/ref=sr_1_118?dib=eyJ2IjoiMSJ9.O9ejI6gbe0WXFQQKLO3RwPv6lOcnbPYm5gwQQ3l8VU__JPG0LIWxaX6R4Ikhzo2YCUs1z2vQUxgN6s-RG8B0QQNRCXsH6Zebn7y8l-I7dpQw5kyy630siPTfxtJI4O4mpNYj_t4sV_XsbFfQaq2Y-vAbJF9zl57Ogw8zZKGSXNg.PQeMBbmTwY3b5SGwrAYQJ6S9SYR8EPrsiGJijj4KhRs&dib_tag=se&m=ANBW5NGGTP7SK&marketplaceID=A39IBJ37TRP1C6&qid=1777190154&refinements=p_36%3A19000-19500&s=merchant-items&sr=1-118&xpid=MC76FKvB72qlu,Worlds End Harem Akira Todo 1/7 Scale - (97215)
4871409317,Paperback,190.45,https://www.amazon.com.au/GA-JAPAN-132/dp/4871409317/ref=sr_1_119?dib=eyJ2IjoiMSJ9.O9ejI6gbe0WXFQQKLO3RwPv6lOcnbPYm5gwQQ3l8VU__JPG0LIWxaX6R4Ikhzo2YCUs1z2vQUxgN6s-RG8B0QQNRCXsH6Zebn7y8l-I7dpQw5kyy630siPTfxtJI4O4mpNYj_t4sV_XsbFfQaq2Y-vAbJF9zl57Ogw8zZKGSXNg.PQeMBbmTwY3b5SGwrAYQJ6S9SYR8EPrsiGJijj4KhRs&dib_tag=se&m=ANBW5NGGTP7SK&marketplaceID=A39IBJ37TRP1C6&qid=1777190154&refinements=p_36%3A19000-19500&s=merchant-items&sr=1-119&xpid=MC76FKvB72qlu,GA JAPAN 132
4871409317,,,,
4870512874,Tankobon Hardcover,191.0,https://www.amazon.com.au/%E5%9B%9B%E4%B8%87%E5%8D%81%E5%B7%9D%E3%81%AE%E9%AD%9A%E5%9B%B3%E9%91%91/dp/4870512874/ref=sr_1_120?dib=eyJ2IjoiMSJ9.O9ejI6gbe0WXFQQKLO3RwPv6lOcnbPYm5gwQQ3l8VU__JPG0LIWxaX6R4Ikhzo2YCUs1z2vQUxgN6s-RG8B0QQNRCXsH6Zebn7y8l-I7dpQw5kyy630siPTfxtJI4O4mpNYj_t4sV_XsbFfQaq2Y-vAbJF9zl57Ogw8zZKGSXNg.PQeMBbmTwY3b5SGwrAYQJ6S9SYR8EPrsiGJijj4KhRs&dib_tag=se&m=ANBW5NGGTP7SK&marketplaceID=A39IBJ37TRP1C6&qid=1777190154&refinements=p_36%3A19000-19500&s=merchant-items&sr=1-120&xpid=MC76FKvB72qlu#customerReviews,四万十川の魚図鑑
4870512874,,,,
B001U05E3C,,194.11,https://www.amazon.com.au/Meister-commercial-frying-27cm-AHLS304/dp/B001U05E3C/ref=sr_1_121?dib=eyJ2IjoiMSJ9.O9ejI6gbe0WXFQQKLO3RwPv6lOcnbPYm5gwQQ3l8VU__JPG0LIWxaX6R4Ikhzo2YCUs1z2vQUxgN6s-RG8B0QQNRCXsH6Zebn7y8l-I7dpQw5kyy630siPTfxtJI4O4mpNYj_t4sV_XsbFfQaq2Y-vAbJF9zl57Ogw8zZKGSXNg.PQeMBbmTwY3b5SGwrAYQJ6S9SYR8EPrsiGJijj4KhRs&dib_tag=se&m=ANBW5NGGTP7SK&marketplaceID=A39IBJ37TRP1C6&qid=1777190154&refinements=p_36%3A19000-19500&s=merchant-items&sr=1-121&xpid=MC76FKvB72qlu#customerReviews,"Hokua AHLS304 Meister Commercial IH CT Frying Pan, 10.6 inches (27 cm)"
B001U05E3C,,,,
4870511592,Tankobon Hardcover,194.29,https://www.amazon.com.au/%E6%95%99%E5%AE%A4%E3%81%A7%E3%81%A7%E3%81%8D%E3%82%8B%E3%82%AF%E3%82%A4%E3%83%83%E3%82%AF%E3%82%B3%E3%83%9F%E3%83%A5%E3%83%8B%E3%82%B1%E3%83%BC%E3%82%B7%E3%83%A7%E3%83%B3%E6%89%8B%E5%93%81_%E3%81%93%E3%82%93%E3%81%AA%E6%99%82%E3%81%AB%E3%81%93%E3%82%93%E3%81%AA%E3%83%9E%E3%82%B8%E3%83%83%E3%82%AF%E3%83%99%E3%82%B9%E3%83%8830%E3%81%8A%E3%81%BE%E3%81%911/dp/4870511592/ref=sr_1_122?dib=eyJ2IjoiMSJ9.O9ejI6gbe0WXFQQKLO3RwPv6lOcnbPYm5gwQQ3l8VU__JPG0LIWxaX6R4Ikhzo2YCUs1z2vQUxgN6s-RG8B0QQNRCXsH6Zebn7y8l-I7dpQw5kyy630siPTfxtJI4O4mpNYj_t4sV_XsbFfQaq2Y-vAbJF9zl57Ogw8zZKGSXNg.PQeMBbmTwY3b5SGwrAYQJ6S9SYR8EPrsiGJijj4KhRs&dib_tag=se&m=ANBW5NGGTP7SK&marketplaceID=A39IBJ37TRP1C6&qid=1777190154&refinements=p_36%3A19000-19500&s=merchant-items&sr=1-122&xpid=MC76FKvB72qlu#customerReviews,教室でできるクイックコミュニケーション手品―こんな時にこんなマジックベスト30おまけ1
4870511592,,,,
486721079X,JP Oversized,192.02,https://www.amazon.com.au/%E3%82%A2%E3%82%A4%E3%83%8C%E3%83%A2%E3%82%B7%E3%83%AA-%E3%82%AA%E3%82%AA%E3%82%AB%E3%83%9F%E3%81%8C%E8%A6%8B%E3%81%9F%E5%8C%97%E6%B5%B7%E9%81%93-%E6%B0%B4%E8%B6%8A-%E6%AD%A6/dp/486721079X/ref=sr_1_123?dib=eyJ2IjoiMSJ9.O9ejI6gbe0WXFQQKLO3RwPv6lOcnbPYm5gwQQ3l8VU__JPG0LIWxaX6R4Ikhzo2YCUs1z2vQUxgN6s-RG8B0QQNRCXsH6Zebn7y8l-I7dpQw5kyy630siPTfxtJI4O4mpNYj_t4sV_XsbFfQaq2Y-vAbJF9zl57Ogw8zZKGSXNg.PQeMBbmTwY3b5SGwrAYQJ6S9SYR8EPrsiGJijj4KhRs&dib_tag=se&m=ANBW5NGGTP7SK&marketplaceID=A39IBJ37TRP1C6&qid=1777190154&refinements=p_36%3A19000-19500&s=merchant-items&sr=1-123&xpid=MC76FKvB72qlu#customerReviews,アイヌモシリ　オオカミが見た北海道
486721079X,,,,
B06ZY11YVP,,195.0,https://www.amazon.com.au/purchase-Moony-material-Refill-sheets/dp/B06ZY11YVP/ref=sr_1_129?dib=eyJ2IjoiMSJ9.xPZg6mBdBVIx13RzNLm8hf5N1CrLkeas5PDlM4bdRxw7FFN9tPZMVI6h3Gg9qfJsh_8QlpXfCLXDLv5F51fCbw.z6eOWc0RIfB9Xuq2sh9CiKrNzUC6vlMITQrfW956fnQ&dib_tag=se&m=ANBW5NGGTP7SK&marketplaceID=A39IBJ37TRP1C6&qid=1777190159&refinements=p_36%3A19000-19500&s=merchant-items&sr=1-129&xpid=MC76FKvB72qlu#customerReviews,(Bulk purchase) Moony wipe Soft material 99% pure water Refill 640 sheets (80 sheets x 8) (x 2 pieces)
B06ZY11YVP,,,,
4866000341,Tankobon Hardcover,194.6,https://www.amazon.com.au/%E8%83%BD%E3%80%8E%E9%AB%98%E7%A0%82%E3%80%8F%E3%81%AB%E3%81%82%E3%82%89%E3%82%8F%E3%82%8C%E3%81%9F%E6%96%87%E5%AD%A6%E3%81%A8%E5%AE%97%E6%95%99%E3%81%AE%E3%81%AF%E3%81%96%E3%81%BE-%E5%B3%B6%E6%9D%91-%E7%9C%9E%E6%99%BA%E5%AD%90/dp/4866000341/ref=sr_1_130?dib=eyJ2IjoiMSJ9.xPZg6mBdBVIx13RzNLm8hf5N1CrLkeas5PDlM4bdRxw7FFN9tPZMVI6h3Gg9qfJsh_8QlpXfCLXDLv5F51fCbw.z6eOWc0RIfB9Xuq2sh9CiKrNzUC6vlMITQrfW956fnQ&dib_tag=se&m=ANBW5NGGTP7SK&marketplaceID=A39IBJ37TRP1C6&qid=1777190159&refinements=p_36%3A19000-19500&s=merchant-items&sr=1-130&xpid=MC76FKvB72qlu,能『高砂』にあらわれた文学と宗教のはざま
4866000341,,,,
4865780955,Tankobon Hardcover,194.79,https://www.amazon.com.au/%E5%9C%B0%E5%9F%9F%E3%81%AB%E6%A0%B9%E3%81%96%E3%81%99%E6%B0%91%E8%A1%86%E6%96%87%E5%8C%96%E3%81%AE%E5%89%B5%E9%80%A0-%E3%80%94%E3%80%8C%E5%B8%B8%E6%B0%91%E5%A4%A7%E5%AD%A6%E3%80%8D%E3%81%AE%E7%B7%8F%E5%90%88%E7%9A%84%E7%A0%94%E7%A9%B6%E3%80%95/dp/4865780955/ref=sr_1_131?dib=eyJ2IjoiMSJ9.xPZg6mBdBVIx13RzNLm8hf5N1CrLkeas5PDlM4bdRxw7FFN9tPZMVI6h3Gg9qfJsh_8QlpXfCLXDLv5F51fCbw.z6eOWc0RIfB9Xuq2sh9CiKrNzUC6vlMITQrfW956fnQ&dib_tag=se&m=ANBW5NGGTP7SK&marketplaceID=A39IBJ37TRP1C6&qid=1777190159&refinements=p_36%3A19000-19500&s=merchant-items&sr=1-131&xpid=MC76FKvB72qlu#customerReviews,地域に根ざす民衆文化の創造 〔「常民大学」の総合的研究〕
4865780955,,,,
B0915NHQ4H,,191.5,https://www.amazon.com.au/RIDEA-Single-Speed-Chain-54-LFR5ST/dp/B0915NHQ4H/ref=sr_1_132?dib=eyJ2IjoiMSJ9.xPZg6mBdBVIx13RzNLm8hf5N1CrLkeas5PDlM4bdRxw7FFN9tPZMVI6h3Gg9qfJsh_8QlpXfCLXDLv5F51fCbw.z6eOWc0RIfB9Xuq2sh9CiKrNzUC6vlMITQrfW956fnQ&dib_tag=se&m=ANBW5NGGTP7SK&marketplaceID=A39IBJ37TRP1C6&qid=1777190159&refinements=p_36%3A19000-19500&s=merchant-items&sr=1-132&xpid=MC76FKvB72qlu,RIDEA Single Speed Chain Ring LF 5arms 54-LFR5ST 54T BCD: 5.1 inches (130 mm) 147-00413
B0915NHQ4H,,,,
4865561471,Tankobon Hardcover,192.89,https://www.amazon.com.au/%E5%80%92%E7%94%A3%E5%87%A6%E7%90%86%E3%83%97%E3%83%AC%E3%83%BC%E3%83%A4%E3%83%BC%E3%81%AE%E5%BD%B9%E5%89%B2_%E6%8B%85%E3%81%84%E6%89%8B%E3%81%AE%E7%90%86%E8%AB%96%E5%8C%96%E3%81%A8%E3%82%B0%E3%83%AD%E3%83%BC%E3%83%90%E3%83%AB%E5%8C%96%E3%81%B8%E3%81%AE%E8%A9%A6%E3%81%BF-%E4%BD%90%E8%97%A4-%E9%89%84%E7%94%B7/dp/4865561471/ref=sr_1_133?dib=eyJ2IjoiMSJ9.xPZg6mBdBVIx13RzNLm8hf5N1CrLkeas5PDlM4bdRxw7FFN9tPZMVI6h3Gg9qfJsh_8QlpXfCLXDLv5F51fCbw.z6eOWc0RIfB9Xuq2sh9CiKrNzUC6vlMITQrfW956fnQ&dib_tag=se&m=ANBW5NGGTP7SK&marketplaceID=A39IBJ37TRP1C6&qid=1777190159&refinements=p_36%3A19000-19500&s=merchant-items&sr=1-133&xpid=MC76FKvB72qlu,倒産処理プレーヤーの役割―担い手の理論化とグローバル化への試み
4865561471,,,,
486541178X,JP Oversized,192.81,https://www.amazon.com.au/Yuki-Shimizu-Shore/dp/486541178X/ref=sr_1_129?dib=eyJ2IjoiMSJ9.8-w73yk7mz29m7CkOPTB_8sPtmlLkp7BkIMk_FGNb4jYasKl00laetHcfIYXtnsKdWyr9OGXIEo92vwVbBJgy84_a-W4ol-nE-kJRZtnyVZNcsERLgMNio-xZdUEEO_Eaglfe68oSA3-YN9lzbAaqrhHAVmLDGKz7fq-5kA-0-Y.nK7byXaRddogUU2Tet23FsBZ5Cn6J0BLgEG342mBG3c&dib_tag=se&m=ANBW5NGGTP7SK&marketplaceID=A39IBJ37TRP1C6&qid=1777190159&refinements=p_36%3A19000-19500&s=merchant-items&sr=1-129&xpid=MC76FKvB72qlu#customerReviews,Yuki Shimizu – Shore
486541178X,,,,
B0C26ZGD5Z,,190.53,https://www.amazon.com.au/Yamazaki-Industries-3769-Magnetic-Bathroom/dp/B0C26ZGD5Z/ref=sr_1_130?dib=eyJ2IjoiMSJ9.8-w73yk7mz29m7CkOPTB_8sPtmlLkp7BkIMk_FGNb4jYasKl00laetHcfIYXtnsKdWyr9OGXIEo92vwVbBJgy84_a-W4ol-nE-kJRZtnyVZNcsERLgMNio-xZdUEEO_Eaglfe68oSA3-YN9lzbAaqrhHAVmLDGKz7fq-5kA-0-Y.nK7byXaRddogUU2Tet23FsBZ5Cn6J0BLgEG342mBG3c&dib_tag=se&m=ANBW5NGGTP7SK&marketplaceID=A39IBJ37TRP1C6&qid=1777190159&refinements=p_36%3A19000-19500&s=merchant-items&sr=1-130&xpid=MC76FKvB72qlu#customerReviews,"Yamazaki Industries 3769 Magnetic Bathroom Basket, Wide, White, Approx. W 17.5 x D 4.8 x H 4.7 inches (44.3 x 12.3 x 12.3 x 12 cm), Tower, Bathroom Rack, Hooks Included, Slim, Floating Storage"
B0C26ZGD5Z,,,,
4865411232,JP Oversized,192.81,https://www.amazon.com.au/%E7%A7%81%E3%81%AE%E8%82%96%E5%83%8F-%E5%86%85%E5%80%89-%E7%9C%9F%E4%B8%80%E9%83%8E/dp/4865411232/ref=sr_1_131?dib=eyJ2IjoiMSJ9.8-w73yk7mz29m7CkOPTB_8sPtmlLkp7BkIMk_FGNb4jYasKl00laetHcfIYXtnsKdWyr9OGXIEo92vwVbBJgy84_a-W4ol-nE-kJRZtnyVZNcsERLgMNio-xZdUEEO_Eaglfe68oSA3-YN9lzbAaqrhHAVmLDGKz7fq-5kA-0-Y.nK7byXaRddogUU2Tet23FsBZ5Cn6J0BLgEG342mBG3c&dib_tag=se&m=ANBW5NGGTP7SK&marketplaceID=A39IBJ37TRP1C6&qid=1777190159&refinements=p_36%3A19000-19500&s=merchant-items&sr=1-131&xpid=MC76FKvB72qlu,私の肖像
4865411232,,,,
4864980608,Tankobon Hardcover,191.48,https://www.amazon.com.au/%E9%9B%AA%E3%81%AE%E3%81%93%E3%81%A8%E3%81%B0%E8%BE%9E%E5%85%B8-%E7%A8%B2-%E9%9B%84%E6%AC%A1/dp/4864980608/ref=sr_1_132?dib=eyJ2IjoiMSJ9.8-w73yk7mz29m7CkOPTB_8sPtmlLkp7BkIMk_FGNb4jYasKl00laetHcfIYXtnsKdWyr9OGXIEo92vwVbBJgy84_a-W4ol-nE-kJRZtnyVZNcsERLgMNio-xZdUEEO_Eaglfe68oSA3-YN9lzbAaqrhHAVmLDGKz7fq-5kA-0-Y.nK7byXaRddogUU2Tet23FsBZ5Cn6J0BLgEG342mBG3c&dib_tag=se&m=ANBW5NGGTP7SK&marketplaceID=A39IBJ37TRP1C6&qid=1777190159&refinements=p_36%3A19000-19500&s=merchant-items&sr=1-132&xpid=MC76FKvB72qlu,雪のことば辞典
4864980608,,,,
B09RQJ6DXP,,194.26,https://www.amazon.com.au/S1000X-Coolline-Fishing-Outdoors-Camping/dp/B09RQJ6DXP/ref=sr_1_133?dib=eyJ2IjoiMSJ9.8-w73yk7mz29m7CkOPTB_8sPtmlLkp7BkIMk_FGNb4jYasKl00laetHcfIYXtnsKdWyr9OGXIEo92vwVbBJgy84_a-W4ol-nE-kJRZtnyVZNcsERLgMNio-xZdUEEO_Eaglfe68oSA3-YN9lzbAaqrhHAVmLDGKz7fq-5kA-0-Y.nK7byXaRddogUU2Tet23FsBZ5Cn6J0BLgEG342mBG3c&dib_tag=se&m=ANBW5NGGTP7SK&marketplaceID=A39IBJ37TRP1C6&qid=1777190159&refinements=p_36%3A19000-19500&s=merchant-items&sr=1-133&xpid=MC76FKvB72qlu#customerReviews,DAIWA Cool Line α3 Outdoor Camping Fishing 3.2 gal (10 L–25 L) Various
B09RQJ6DXP,,,,
4864925585,Tankobon Hardcover,190.59,https://www.amazon.com.au/%E4%B9%85%E7%95%99%E7%B1%B3%E5%A4%A7%E5%AD%A6-2019%E5%B9%B4%E5%BA%A6-%E5%8C%BB%E5%AD%A6%E9%83%A8%E5%85%A5%E8%A9%A6%E5%95%8F%E9%A1%8C%E3%81%A8%E8%A7%A3%E7%AD%94-%E3%81%BF%E3%81%99%E3%81%9A%E5%AD%A6%E8%8B%91%E4%B8%AD%E5%A4%AE%E6%95%99%E8%82%B2%E7%A0%94%E7%A9%B6%E6%89%80/dp/4864925585/ref=sr_1_134?dib=eyJ2IjoiMSJ9.8-w73yk7mz29m7CkOPTB_8sPtmlLkp7BkIMk_FGNb4jYasKl00laetHcfIYXtnsKdWyr9OGXIEo92vwVbBJgy84_a-W4ol-nE-kJRZtnyVZNcsERLgMNio-xZdUEEO_Eaglfe68oSA3-YN9lzbAaqrhHAVmLDGKz7fq-5kA-0-Y.nK7byXaRddogUU2Tet23FsBZ5Cn6J0BLgEG342mBG3c&dib_tag=se&m=ANBW5NGGTP7SK&marketplaceID=A39IBJ37TRP1C6&qid=1777190159&refinements=p_36%3A19000-19500&s=merchant-items&sr=1-134&xpid=MC76FKvB72qlu,久留米大学 2019年度 (医学部入試問題と解答)
4864925585,,,,
4864351139,Tankobon Hardcover,191.86,https://www.amazon.com.au/%E7%81%AB%E3%81%AE%E6%96%87%E5%AD%97/dp/4864351139/ref=sr_1_135?dib=eyJ2IjoiMSJ9.8-w73yk7mz29m7CkOPTB_8sPtmlLkp7BkIMk_FGNb4jYasKl00laetHcfIYXtnsKdWyr9OGXIEo92vwVbBJgy84_a-W4ol-nE-kJRZtnyVZNcsERLgMNio-xZdUEEO_Eaglfe68oSA3-YN9lzbAaqrhHAVmLDGKz7fq-5kA-0-Y.nK7byXaRddogUU2Tet23FsBZ5Cn6J0BLgEG342mBG3c&dib_tag=se&m=ANBW5NGGTP7SK&marketplaceID=A39IBJ37TRP1C6&qid=1777190159&refinements=p_36%3A19000-19500&s=merchant-items&sr=1-135&xpid=MC76FKvB72qlu,火の文字
4864351139,,,,
B08W56W356,,190.23,https://www.amazon.com.au/Daiwa-%CE%B190CH-Light-Holder-Dark/dp/B08W56W356/ref=sr_1_136?dib=eyJ2IjoiMSJ9.8-w73yk7mz29m7CkOPTB_8sPtmlLkp7BkIMk_FGNb4jYasKl00laetHcfIYXtnsKdWyr9OGXIEo92vwVbBJgy84_a-W4ol-nE-kJRZtnyVZNcsERLgMNio-xZdUEEO_Eaglfe68oSA3-YN9lzbAaqrhHAVmLDGKz7fq-5kA-0-Y.nK7byXaRddogUU2Tet23FsBZ5Cn6J0BLgEG342mBG3c&dib_tag=se&m=ANBW5NGGTP7SK&marketplaceID=A39IBJ37TRP1C6&qid=1777190159&refinements=p_36%3A19000-19500&s=merchant-items&sr=1-136&xpid=MC76FKvB72qlu#customerReviews,Daiwa α90CH Light Holder
B08W56W356,,,,
4864320764,JP Oversized,190.75,https://www.amazon.com.au/%E6%AD%AF%E5%86%85%E7%99%82%E6%B3%95Next-Step-%E6%A8%8B%E7%8A%B6%E6%A0%B9%E3%81%A8Radix-Entomolaris%E3%81%B8%E3%81%AE%E5%AF%BE%E5%BF%9C/dp/4864320764/ref=sr_1_137?dib=eyJ2IjoiMSJ9.8-w73yk7mz29m7CkOPTB_8sPtmlLkp7BkIMk_FGNb4jYasKl00laetHcfIYXtnsKdWyr9OGXIEo92vwVbBJgy84_a-W4ol-nE-kJRZtnyVZNcsERLgMNio-xZdUEEO_Eaglfe68oSA3-YN9lzbAaqrhHAVmLDGKz7fq-5kA-0-Y.nK7byXaRddogUU2Tet23FsBZ5Cn6J0BLgEG342mBG3c&dib_tag=se&m=ANBW5NGGTP7SK&marketplaceID=A39IBJ37TRP1C6&qid=1777190159&refinements=p_36%3A19000-19500&s=merchant-items&sr=1-137&xpid=MC76FKvB72qlu#customerReviews,歯内療法Next Step　樋状根とRadix Entomolarisへの対応
4864320764,,,,
486374207X,Tankobon Hardcover,193.87,https://www.amazon.com.au/%E5%85%AC%E5%9C%92%E3%83%BB%E7%B7%91%E5%9C%B0%E3%81%AE%E7%B6%AD%E6%8C%81%E7%AE%A1%E7%90%86%E3%81%A8%E7%A9%8D%E7%AE%97/dp/486374207X/ref=sr_1_138?dib=eyJ2IjoiMSJ9.8-w73yk7mz29m7CkOPTB_8sPtmlLkp7BkIMk_FGNb4jYasKl00laetHcfIYXtnsKdWyr9OGXIEo92vwVbBJgy84_a-W4ol-nE-kJRZtnyVZNcsERLgMNio-xZdUEEO_Eaglfe68oSA3-YN9lzbAaqrhHAVmLDGKz7fq-5kA-0-Y.nK7byXaRddogUU2Tet23FsBZ5Cn6J0BLgEG342mBG3c&dib_tag=se&m=ANBW5NGGTP7SK&marketplaceID=A39IBJ37TRP1C6&qid=1777190159&refinements=p_36%3A19000-19500&s=merchant-items&sr=1-138&xpid=MC76FKvB72qlu#customerReviews,公園・緑地の維持管理と積算
486374207X,,,,
B0848X12XG,,191.54,https://www.amazon.com.au/Yamazaki-Industries-4933-Ironing-Approx/dp/B0848X12XG/ref=sr_1_139?dib=eyJ2IjoiMSJ9.8-w73yk7mz29m7CkOPTB_8sPtmlLkp7BkIMk_FGNb4jYasKl00laetHcfIYXtnsKdWyr9OGXIEo92vwVbBJgy84_a-W4ol-nE-kJRZtnyVZNcsERLgMNio-xZdUEEO_Eaglfe68oSA3-YN9lzbAaqrhHAVmLDGKz7fq-5kA-0-Y.nK7byXaRddogUU2Tet23FsBZ5Cn6J0BLgEG342mBG3c&dib_tag=se&m=ANBW5NGGTP7SK&marketplaceID=A39IBJ37TRP1C6&qid=1777190159&refinements=p_36%3A19000-19500&s=merchant-items&sr=1-139&xpid=MC76FKvB72qlu#customerReviews,"Yamazaki Industries 4933 Human Body Steel Mesh Ironing Board, Black, Approx. W 27.6 x D 14.2 x H 8.3 inches (70 x 36 x 21 cm), Tower with Hanger Hook, Can Be Stored in Closet"
B0848X12XG,,,,
4862513158,Tankobon Hardcover,192.89,https://www.amazon.com.au/%E6%97%A5%E6%9C%AC%E3%81%AE%E5%9B%BD%E9%9A%9B%E8%AA%8D%E8%AD%98-%E5%9C%B0%E5%9F%9F%E7%A0%94%E7%A9%B6250%E5%B9%B4-%E8%AA%8D%E8%AD%98-%E8%AB%96%E4%BA%89-%E6%88%90%E6%9E%9C%E5%B9%B4%E8%AD%9C/dp/4862513158/ref=sr_1_145?dib=eyJ2IjoiMSJ9.RlZVQCWeRKmO2u1uLlfIyLQHycRynJ9ZL-DcpTql1Y261AIRwbUGFbB47KMl54m3CqrVWSKkkGdMeB3juRytXg.8ZxKWjULb9azsWsANjGdx0a1C0G0ehXc2F--RCrZJIU&dib_tag=se&m=ANBW5NGGTP7SK&marketplaceID=A39IBJ37TRP1C6&qid=1777190165&refinements=p_36%3A19000-19500&s=merchant-items&sr=1-145&xpid=MC76FKvB72qlu,日本の国際認識: 地域研究250年 認識 論争 成果年譜
4862513158,,,,
4862151787,Tankobon Hardcover,194.09,https://www.amazon.com.au/%E9%9C%9E%E3%83%B6%E6%B5%A6%E3%81%AE%E5%8F%A4%E5%A2%B3%E6%99%82%E4%BB%A3-%E5%A1%A9%E8%B0%B7-%E4%BF%AE/dp/4862151787/ref=sr_1_146?dib=eyJ2IjoiMSJ9.RlZVQCWeRKmO2u1uLlfIyLQHycRynJ9ZL-DcpTql1Y261AIRwbUGFbB47KMl54m3CqrVWSKkkGdMeB3juRytXg.8ZxKWjULb9azsWsANjGdx0a1C0G0ehXc2F--RCrZJIU&dib_tag=se&m=ANBW5NGGTP7SK&marketplaceID=A39IBJ37TRP1C6&qid=1777190165&refinements=p_36%3A19000-19500&s=merchant-items&sr=1-146&xpid=MC76FKvB72qlu,霞ヶ浦の古墳時代
4862151787,,,,
B07NJR5QH3,,193.33,https://www.amazon.com.au/Evergreen-Spare-Spool-for-Oceanos/dp/B07NJR5QH3/ref=sr_1_147?dib=eyJ2IjoiMSJ9.RlZVQCWeRKmO2u1uLlfIyLQHycRynJ9ZL-DcpTql1Y261AIRwbUGFbB47KMl54m3CqrVWSKkkGdMeB3juRytXg.8ZxKWjULb9azsWsANjGdx0a1C0G0ehXc2F--RCrZJIU&dib_tag=se&m=ANBW5NGGTP7SK&marketplaceID=A39IBJ37TRP1C6&qid=1777190165&refinements=p_36%3A19000-19500&s=merchant-items&sr=1-147&xpid=MC76FKvB72qlu,Evergreen Spare Spool for Oceanos
B07NJR5QH3,,,,
4862151701,Tankobon Hardcover,190.52,https://www.amazon.com.au/%E9%8E%8C%E5%80%89%E8%A1%97%E9%81%93%E4%B8%AD%E9%81%93%E3%83%BB%E4%B8%8B%E9%81%93/dp/4862151701/ref=sr_1_148?dib=eyJ2IjoiMSJ9.RlZVQCWeRKmO2u1uLlfIyLQHycRynJ9ZL-DcpTql1Y261AIRwbUGFbB47KMl54m3CqrVWSKkkGdMeB3juRytXg.8ZxKWjULb9azsWsANjGdx0a1C0G0ehXc2F--RCrZJIU&dib_tag=se&m=ANBW5NGGTP7SK&marketplaceID=A39IBJ37TRP1C6&qid=1777190165&refinements=p_36%3A19000-19500&s=merchant-items&sr=1-148&xpid=MC76FKvB72qlu,鎌倉街道中道・下道
4862151701,,,,
4861292328,Tankobon Hardcover,191.84,https://www.amazon.com.au/%E7%81%B8%E6%B3%95%E5%8C%BB%E5%85%B8_%E9%BB%84%E5%B8%9D%E6%98%8E%E5%A0%82%E7%81%B8%E7%B5%8C%E3%81%AE%E6%B4%BB%E7%94%A8-%E6%B7%B1%E8%B0%B7%E4%BC%8A%E4%B8%89%E9%83%8E/dp/4861292328/ref=sr_1_149?dib=eyJ2IjoiMSJ9.RlZVQCWeRKmO2u1uLlfIyLQHycRynJ9ZL-DcpTql1Y261AIRwbUGFbB47KMl54m3CqrVWSKkkGdMeB3juRytXg.8ZxKWjULb9azsWsANjGdx0a1C0G0ehXc2F--RCrZJIU&dib_tag=se&m=ANBW5NGGTP7SK&marketplaceID=A39IBJ37TRP1C6&qid=1777190165&refinements=p_36%3A19000-19500&s=merchant-items&sr=1-149&xpid=MC76FKvB72qlu#customerReviews,灸法医典―黄帝明堂灸経の活用
4861292328,,,,
B09KGN82LV,,191.91,https://www.amazon.com.au/Flyhawk-FLYFH1157-British-Cruiser-Borealis/dp/B09KGN82LV/ref=sr_1_145?dib=eyJ2IjoiMSJ9.qZmLauvr0PLJtbzjoPjUtqRzRe-64CCcxXIbwUDVq-HH-W3aB5s6F8XSQs9pK8xa4ta2Ff9QXgjzjOavhflIXpkLziqQBAes-1OAjtT-tAot4vmDkUbdaOUaa7nmntMNMkiOpOmqcf2p1Tn828gh7-yOe7GAtPomCHXpphJLo5c.U7-KfpfL1EiHtL8WQpiBvU7HjBW9zfIAiQ4GDATe92Q&dib_tag=se&m=ANBW5NGGTP7SK&marketplaceID=A39IBJ37TRP1C6&qid=1777190165&refinements=p_36%3A19000-19500&s=merchant-items&sr=1-145&xpid=MC76FKvB72qlu,Flyhawk FLYFH1157 1/700 British Navy Light Cruiser Aurora Borealis 1941 Full Hull Edition Plastic Model Molded Color
B09KGN82LV,,,,
4860600649,Tankobon Hardcover,192.47,https://www.amazon.com.au/No-64-%E3%83%94%E3%82%A2%E3%83%8E%E5%8D%94%E5%A5%8F%E6%9B%B2-%E5%A4%89%E3%83%9B%E9%95%B7%E8%AA%BF-Kleine-Partitur/dp/4860600649/ref=sr_1_146?dib=eyJ2IjoiMSJ9.qZmLauvr0PLJtbzjoPjUtqRzRe-64CCcxXIbwUDVq-HH-W3aB5s6F8XSQs9pK8xa4ta2Ff9QXgjzjOavhflIXpkLziqQBAes-1OAjtT-tAot4vmDkUbdaOUaa7nmntMNMkiOpOmqcf2p1Tn828gh7-yOe7GAtPomCHXpphJLo5c.U7-KfpfL1EiHtL8WQpiBvU7HjBW9zfIAiQ4GDATe92Q&dib_tag=se&m=ANBW5NGGTP7SK&marketplaceID=A39IBJ37TRP1C6&qid=1777190165&refinements=p_36%3A19000-19500&s=merchant-items&sr=1-146&xpid=MC76FKvB72qlu#customerReviews,No.64 リスト/ピアノ協奏曲 第1番 変ホ長調 (Kleine Partitur)
4860600649,,,,
4846003957,Tankobon Hardcover,192.81,https://www.amazon.com.au/%E7%A7%91%E5%AD%A6%E6%8A%80%E8%A1%93%E7%A4%BE%E4%BC%9A%E8%AB%96%E3%83%8E%E3%83%BC%E3%83%88-%E6%A1%9C%E4%BA%95%E6%B7%B3%E8%91%97%E4%BD%9C%E9%9B%86/dp/4846003957/ref=sr_1_147?dib=eyJ2IjoiMSJ9.qZmLauvr0PLJtbzjoPjUtqRzRe-64CCcxXIbwUDVq-HH-W3aB5s6F8XSQs9pK8xa4ta2Ff9QXgjzjOavhflIXpkLziqQBAes-1OAjtT-tAot4vmDkUbdaOUaa7nmntMNMkiOpOmqcf2p1Tn828gh7-yOe7GAtPomCHXpphJLo5c.U7-KfpfL1EiHtL8WQpiBvU7HjBW9zfIAiQ4GDATe92Q&dib_tag=se&m=ANBW5NGGTP7SK&marketplaceID=A39IBJ37TRP1C6&qid=1777190165&refinements=p_36%3A19000-19500&s=merchant-items&sr=1-147&xpid=MC76FKvB72qlu,科学技術社会論ノート (桜井淳著作集): 3
4846003957,,,,
B08PD842W1,,190.28,https://www.amazon.com.au/Cutie1-Evangelion-Test-Type-01/dp/B08PD842W1/ref=sr_1_148?dib=eyJ2IjoiMSJ9.qZmLauvr0PLJtbzjoPjUtqRzRe-64CCcxXIbwUDVq-HH-W3aB5s6F8XSQs9pK8xa4ta2Ff9QXgjzjOavhflIXpkLziqQBAes-1OAjtT-tAot4vmDkUbdaOUaa7nmntMNMkiOpOmqcf2p1Tn828gh7-yOe7GAtPomCHXpphJLo5c.U7-KfpfL1EiHtL8WQpiBvU7HjBW9zfIAiQ4GDATe92Q&dib_tag=se&m=ANBW5NGGTP7SK&marketplaceID=A39IBJ37TRP1C6&qid=1777190165&refinements=p_36%3A19000-19500&s=merchant-items&sr=1-148&xpid=MC76FKvB72qlu#customerReviews,Cutie1 Evangelion Evangelion Test Type-01
4845825406,Comic,192.47,https://www.amazon.com.au/Golgo-13-Vol-2-Comics-Compact/dp/4845825406/ref=sr_1_149?dib=eyJ2IjoiMSJ9.qZmLauvr0PLJtbzjoPjUtqRzRe-64CCcxXIbwUDVq-HH-W3aB5s6F8XSQs9pK8xa4ta2Ff9QXgjzjOavhflIXpkLziqQBAes-1OAjtT-tAot4vmDkUbdaOUaa7nmntMNMkiOpOmqcf2p1Tn828gh7-yOe7GAtPomCHXpphJLo5c.U7-KfpfL1EiHtL8WQpiBvU7HjBW9zfIAiQ4GDATe92Q&dib_tag=se&m=ANBW5NGGTP7SK&marketplaceID=A39IBJ37TRP1C6&qid=1777190165&refinements=p_36%3A19000-19500&s=merchant-items&sr=1-149&xpid=MC76FKvB72qlu#customerReviews,Golgo 13 Vol.2 (SP Comics Compact)
4845825406,,,,
4845223732,Tankobon Hardcover,194.07,https://www.amazon.com.au/%E4%BB%A4%E5%92%8C3%E5%B9%B4%E7%89%88-%E5%8A%B4%E5%83%8D%E5%9F%BA%E6%BA%96%E6%B3%95-%E4%B8%8B%E5%B7%BB-%E5%8A%B4%E5%83%8D%E6%B3%95%E3%82%B3%E3%83%B3%E3%83%A1%E3%83%B3%E3%82%BF%E3%83%BC%E3%83%ABNo-3/dp/4845223732/ref=sr_1_150?dib=eyJ2IjoiMSJ9.qZmLauvr0PLJtbzjoPjUtqRzRe-64CCcxXIbwUDVq-HH-W3aB5s6F8XSQs9pK8xa4ta2Ff9QXgjzjOavhflIXpkLziqQBAes-1OAjtT-tAot4vmDkUbdaOUaa7nmntMNMkiOpOmqcf2p1Tn828gh7-yOe7GAtPomCHXpphJLo5c.U7-KfpfL1EiHtL8WQpiBvU7HjBW9zfIAiQ4GDATe92Q&dib_tag=se&m=ANBW5NGGTP7SK&marketplaceID=A39IBJ37TRP1C6&qid=1777190165&refinements=p_36%3A19000-19500&s=merchant-items&sr=1-150&xpid=MC76FKvB72qlu#customerReviews,令和3年版 労働基準法 下巻 (労働法コンメンタールNo.3)
4845223732,,,,
B0CHRH3T6T,,190.02,https://www.amazon.com.au/DAIWA-Isobaccan-H33-K-White/dp/B0CHRH3T6T/ref=sr_1_151?dib=eyJ2IjoiMSJ9.qZmLauvr0PLJtbzjoPjUtqRzRe-64CCcxXIbwUDVq-HH-W3aB5s6F8XSQs9pK8xa4ta2Ff9QXgjzjOavhflIXpkLziqQBAes-1OAjtT-tAot4vmDkUbdaOUaa7nmntMNMkiOpOmqcf2p1Tn828gh7-yOe7GAtPomCHXpphJLo5c.U7-KfpfL1EiHtL8WQpiBvU7HjBW9zfIAiQ4GDATe92Q&dib_tag=se&m=ANBW5NGGTP7SK&marketplaceID=A39IBJ37TRP1C6&qid=1777190165&refinements=p_36%3A19000-19500&s=merchant-items&sr=1-151&xpid=MC76FKvB72qlu#customerReviews,DAIWA Isobaccan H33(K) White
B0CHRH3T6T,,,,
4843353655,Tankobon Hardcover,193.67,https://www.amazon.com.au/%E6%97%A5%E6%9C%AC%E6%88%A6%E5%89%8D%E6%98%A0%E7%94%BB%E8%AB%96%E9%9B%86_%E6%98%A0%E7%94%BB%E7%90%86%E8%AB%96%E3%81%AE%E5%86%8D%E7%99%BA%E8%A6%8B_/dp/4843353655/ref=sr_1_152?dib=eyJ2IjoiMSJ9.qZmLauvr0PLJtbzjoPjUtqRzRe-64CCcxXIbwUDVq-HH-W3aB5s6F8XSQs9pK8xa4ta2Ff9QXgjzjOavhflIXpkLziqQBAes-1OAjtT-tAot4vmDkUbdaOUaa7nmntMNMkiOpOmqcf2p1Tn828gh7-yOe7GAtPomCHXpphJLo5c.U7-KfpfL1EiHtL8WQpiBvU7HjBW9zfIAiQ4GDATe92Q&dib_tag=se&m=ANBW5NGGTP7SK&marketplaceID=A39IBJ37TRP1C6&qid=1777190165&refinements=p_36%3A19000-19500&s=merchant-items&sr=1-152&xpid=MC76FKvB72qlu,日本戦前映画論集―映画理論の再発見―
4843353655,,,,
4843341983,JP Oversized,194.96,https://www.amazon.com.au/%E4%B8%96%E7%95%8C%E3%81%AE%E6%AD%B4%E5%8F%B2%E3%82%92%E5%A4%89%E3%81%88%E3%81%9F%E6%97%A51001/dp/4843341983/ref=sr_1_153?dib=eyJ2IjoiMSJ9.qZmLauvr0PLJtbzjoPjUtqRzRe-64CCcxXIbwUDVq-HH-W3aB5s6F8XSQs9pK8xa4ta2Ff9QXgjzjOavhflIXpkLziqQBAes-1OAjtT-tAot4vmDkUbdaOUaa7nmntMNMkiOpOmqcf2p1Tn828gh7-yOe7GAtPomCHXpphJLo5c.U7-KfpfL1EiHtL8WQpiBvU7HjBW9zfIAiQ4GDATe92Q&dib_tag=se&m=ANBW5NGGTP7SK&marketplaceID=A39IBJ37TRP1C6&qid=1777190165&refinements=p_36%3A19000-19500&s=merchant-items&sr=1-153&xpid=MC76FKvB72qlu#customerReviews,世界の歴史を変えた日1001
4843341983,,,,
B0BVQL3GS4,,194.74,https://www.amazon.com.au/BANDAI-Gundam-Death-Mobile-Senki/dp/B0BVQL3GS4/ref=sr_1_154?dib=eyJ2IjoiMSJ9.qZmLauvr0PLJtbzjoPjUtqRzRe-64CCcxXIbwUDVq-HH-W3aB5s6F8XSQs9pK8xa4ta2Ff9QXgjzjOavhflIXpkLziqQBAes-1OAjtT-tAot4vmDkUbdaOUaa7nmntMNMkiOpOmqcf2p1Tn828gh7-yOe7GAtPomCHXpphJLo5c.U7-KfpfL1EiHtL8WQpiBvU7HjBW9zfIAiQ4GDATe92Q&dib_tag=se&m=ANBW5NGGTP7SK&marketplaceID=A39IBJ37TRP1C6&qid=1777190165&refinements=p_36%3A19000-19500&s=merchant-items&sr=1-154&xpid=MC76FKvB72qlu#customerReviews,BANDAI HG 1/144 Gundam Death Size Hell New Mobile Senki Gundam W (Japan Import)
B0BVQL3GS4,,,,
4843304654,Tankobon Hardcover,192.95,https://www.amazon.com.au/%E4%B8%96%E7%95%8C%E5%A5%B3%E6%80%A7%E5%AD%A6%E5%9F%BA%E7%A4%8E%E6%96%87%E7%8C%AE%E9%9B%86%E6%88%90-%E6%98%AD%E5%92%8C%E5%88%9D%E6%9C%9F%E7%B7%A8-%E7%AC%AC1%E5%B7%BB-%E5%A9%9A%E5%A7%BB%E5%8F%8A%E5%AE%B6%E6%97%8F%E3%81%AE%E5%8E%9F%E5%8F%B2%E3%81%AB%E3%81%A4%E3%81%84%E3%81%A6-%E3%82%AF%E3%83%8E%E3%82%A6/dp/4843304654/ref=sr_1_155?dib=eyJ2IjoiMSJ9.qZmLauvr0PLJtbzjoPjUtqRzRe-64CCcxXIbwUDVq-HH-W3aB5s6F8XSQs9pK8xa4ta2Ff9QXgjzjOavhflIXpkLziqQBAes-1OAjtT-tAot4vmDkUbdaOUaa7nmntMNMkiOpOmqcf2p1Tn828gh7-yOe7GAtPomCHXpphJLo5c.U7-KfpfL1EiHtL8WQpiBvU7HjBW9zfIAiQ4GDATe92Q&dib_tag=se&m=ANBW5NGGTP7SK&marketplaceID=A39IBJ37TRP1C6&qid=1777190165&refinements=p_36%3A19000-19500&s=merchant-items&sr=1-155&xpid=MC76FKvB72qlu,世界女性学基礎文献集成 昭和初期編 第1巻 婚姻及家族の原史について
4843304654,,,,
4843304654,Tankobon Hardcover,192.95,https://www.amazon.com.au/%E4%B8%96%E7%95%8C%E5%A5%B3%E6%80%A7%E5%AD%A6%E5%9F%BA%E7%A4%8E%E6%96%87%E7%8C%AE%E9%9B%86%E6%88%90-%E6%98%AD%E5%92%8C%E5%88%9D%E6%9C%9F%E7%B7%A8-%E7%AC%AC1%E5%B7%BB-%E5%A9%9A%E5%A7%BB%E5%8F%8A%E5%AE%B6%E6%97%8F%E3%81%AE%E5%8E%9F%E5%8F%B2%E3%81%AB%E3%81%A4%E3%81%84%E3%81%A6-%E3%82%AF%E3%83%8E%E3%82%A6/dp/4843304654/ref=sr_1_161?dib=eyJ2IjoiMSJ9.qilZc_uv8qYSTluLUcL-Nl2p8aKle9PQZ3jdczsN6STZQxWO5a40WD_x1SPLfElf0EA1Brj6pVAIoINffadLMA.pL4SzuEx8wB7O-jebznhkaW6xJc_9QQtP0R8Kr8ROkM&dib_tag=se&m=ANBW5NGGTP7SK&marketplaceID=A39IBJ37TRP1C6&qid=1777190171&refinements=p_36%3A19000-19500&s=merchant-items&sr=1-161&xpid=MC76FKvB72qlu,世界女性学基礎文献集成 昭和初期編 第1巻 婚姻及家族の原史について
4843304654,,,,
B0BC9BQ6XF,,194.79,https://www.amazon.com.au/Tamashii-Nations-BDIUL641694-S-H-Figuarts-GOMORA/dp/B0BC9BQ6XF/ref=sr_1_162?dib=eyJ2IjoiMSJ9.qilZc_uv8qYSTluLUcL-Nl2p8aKle9PQZ3jdczsN6STZQxWO5a40WD_x1SPLfElf0EA1Brj6pVAIoINffadLMA.pL4SzuEx8wB7O-jebznhkaW6xJc_9QQtP0R8Kr8ROkM&dib_tag=se&m=ANBW5NGGTP7SK&marketplaceID=A39IBJ37TRP1C6&qid=1777190171&refinements=p_36%3A19000-19500&s=merchant-items&sr=1-162&xpid=MC76FKvB72qlu#customerReviews,Tamashii Nations S.H.Figuarts GOMORA
4842703792,Tankobon Hardcover,192.02,https://www.amazon.com.au/%E7%AC%AC3%E7%89%88-%E7%8F%BE%E4%BB%A3%E3%81%AE%E9%87%8F%E5%AD%90%E5%8A%9B%E5%AD%A6-%E4%B8%8B-%E7%89%A9%E7%90%86%E5%AD%A6%E5%8F%A2%E6%9B%B8-113/dp/4842703792/ref=sr_1_163?dib=eyJ2IjoiMSJ9.qilZc_uv8qYSTluLUcL-Nl2p8aKle9PQZ3jdczsN6STZQxWO5a40WD_x1SPLfElf0EA1Brj6pVAIoINffadLMA.pL4SzuEx8wB7O-jebznhkaW6xJc_9QQtP0R8Kr8ROkM&dib_tag=se&m=ANBW5NGGTP7SK&marketplaceID=A39IBJ37TRP1C6&qid=1777190171&refinements=p_36%3A19000-19500&s=merchant-items&sr=1-163&xpid=MC76FKvB72qlu#customerReviews,"第3版 現代の量子力学(下)(物理学叢書, 113)"
4842703792,,,,
484250563X,Tankobon Hardcover,190.94,https://www.amazon.com.au/%E7%B1%B3%E3%81%AE%E5%A4%96%E8%A6%B3%E5%93%81%E8%B3%AA%E3%83%BB%E9%A3%9F%E5%91%B3-_%E6%9C%80%E6%96%B0%E7%A0%94%E7%A9%B6%E3%81%A8%E6%94%B9%E5%96%84%E6%8A%80%E8%A1%93_-%E6%9D%BE%E6%B1%9F-%E5%8B%87%E6%AC%A1/dp/484250563X/ref=sr_1_164?dib=eyJ2IjoiMSJ9.qilZc_uv8qYSTluLUcL-Nl2p8aKle9PQZ3jdczsN6STZQxWO5a40WD_x1SPLfElf0EA1Brj6pVAIoINffadLMA.pL4SzuEx8wB7O-jebznhkaW6xJc_9QQtP0R8Kr8ROkM&dib_tag=se&m=ANBW5NGGTP7SK&marketplaceID=A39IBJ37TRP1C6&qid=1777190171&refinements=p_36%3A19000-19500&s=merchant-items&sr=1-164&xpid=MC76FKvB72qlu#customerReviews,米の外観品質・食味 ―最新研究と改善技術―
484250563X,,,,
B00HC1UDEI,,193.96,https://www.amazon.com.au/Giordano-Violin-TRC-100C-10-ORG/dp/B00HC1UDEI/ref=sr_1_165?dib=eyJ2IjoiMSJ9.qilZc_uv8qYSTluLUcL-Nl2p8aKle9PQZ3jdczsN6STZQxWO5a40WD_x1SPLfElf0EA1Brj6pVAIoINffadLMA.pL4SzuEx8wB7O-jebznhkaW6xJc_9QQtP0R8Kr8ROkM&dib_tag=se&m=ANBW5NGGTP7SK&marketplaceID=A39IBJ37TRP1C6&qid=1777190171&refinements=p_36%3A19000-19500&s=merchant-items&sr=1-165&xpid=MC76FKvB72qlu,Carlo Giordano Violin Case TRC-100C 1/10 ORG Orange
B00HC1UDEI,,,,
4840754675,Tankobon Hardcover,193.67,https://www.amazon.com.au/%E6%B3%A8%E6%84%8F%E6%AC%A0%E5%A6%82%E3%83%BB%E5%A4%9A%E5%8B%95%E7%97%87%EF%BC%8DADHD%EF%BC%8D%E3%81%AE%E8%A8%BA%E6%96%AD%E3%83%BB%E6%B2%BB%E7%99%82%E3%82%AC%E3%82%A4%E3%83%89%E3%83%A9%E3%82%A4%E3%83%B3-%E7%AC%AC5%E7%89%88/dp/4840754675/ref=sr_1_161?dib=eyJ2IjoiMSJ9.s1T4PUMxK25sNu0PQjSIETAEDmefgu3z0YJ92F7Y4EDkWa8b3jrn9Baqmiis5s4RPQPVWBadP2Z5K5C4_B73B-De7pBlXEo5rZBslKJy7ci8LM8O6XSTXFoFHd6BAzRwXNyDLotlw-jCtzGsBBR5aYwAtFA_mXhpkBDwbbrjCNo.9dvDRhg7VJJVzt9yLWRkbI6Ty2n3G42qYxmAD3LVwBU&dib_tag=se&m=ANBW5NGGTP7SK&marketplaceID=A39IBJ37TRP1C6&qid=1777190171&refinements=p_36%3A19000-19500&s=merchant-items&sr=1-161&xpid=MC76FKvB72qlu#customerReviews,注意欠如・多動症－ADHD－の診断・治療ガイドライン　第5版
4840754675,,,,
4840754497,JP Oversized,191.55,https://www.amazon.com.au/GMP-%E9%80%B8%E8%84%B1%E7%AE%A1%E7%90%86-%E4%BA%8B%E4%BE%8B%E3%81%8B%E3%82%89%E5%AD%A6%E3%81%B6%E9%80%B8%E8%84%B1%E9%98%B2%E6%AD%A2-%E6%97%A5%E6%9C%ACPDA%E8%A3%BD%E8%96%AC%E5%AD%A6%E4%BC%9A-%E9%96%A2%E8%A5%BF%E5%8B%89%E5%BC%B7%E4%BC%9A/dp/4840754497/ref=sr_1_162?dib=eyJ2IjoiMSJ9.s1T4PUMxK25sNu0PQjSIETAEDmefgu3z0YJ92F7Y4EDkWa8b3jrn9Baqmiis5s4RPQPVWBadP2Z5K5C4_B73B-De7pBlXEo5rZBslKJy7ci8LM8O6XSTXFoFHd6BAzRwXNyDLotlw-jCtzGsBBR5aYwAtFA_mXhpkBDwbbrjCNo.9dvDRhg7VJJVzt9yLWRkbI6Ty2n3G42qYxmAD3LVwBU&dib_tag=se&m=ANBW5NGGTP7SK&marketplaceID=A39IBJ37TRP1C6&qid=1777190171&refinements=p_36%3A19000-19500&s=merchant-items&sr=1-162&xpid=MC76FKvB72qlu#customerReviews,GMP 逸脱管理 事例から学ぶ逸脱防止 第3版
4840754497,,,,
B08761MB1V,,191.32,https://www.amazon.com.au/Campagnolo-11A-First-Position-Sprocket/dp/B08761MB1V/ref=sr_1_163?dib=eyJ2IjoiMSJ9.s1T4PUMxK25sNu0PQjSIETAEDmefgu3z0YJ92F7Y4EDkWa8b3jrn9Baqmiis5s4RPQPVWBadP2Z5K5C4_B73B-De7pBlXEo5rZBslKJy7ci8LM8O6XSTXFoFHd6BAzRwXNyDLotlw-jCtzGsBBR5aYwAtFA_mXhpkBDwbbrjCNo.9dvDRhg7VJJVzt9yLWRkbI6Ty2n3G42qYxmAD3LVwBU&dib_tag=se&m=ANBW5NGGTP7SK&marketplaceID=A39IBJ37TRP1C6&qid=1777190171&refinements=p_36%3A19000-19500&s=merchant-items&sr=1-163&xpid=MC76FKvB72qlu,Campagnolo Z 11A First Position Sprocket
B08761MB1V,,,,
4840752605,Tankobon Hardcover,190.92,https://www.amazon.com.au/%E3%82%88%E3%81%8F%E3%81%82%E3%82%8B%E7%96%91%E5%95%8F%E3%81%AB%E3%82%A8%E3%82%AD%E3%82%B9%E3%83%91%E3%83%BC%E3%83%88%E3%81%8C%E7%AD%94%E3%81%88%E3%82%8B-%E9%AB%98%E9%BD%A2%E8%80%85%E8%A8%BA%E7%99%82Standard-Collection-32/dp/4840752605/ref=sr_1_164?dib=eyJ2IjoiMSJ9.s1T4PUMxK25sNu0PQjSIETAEDmefgu3z0YJ92F7Y4EDkWa8b3jrn9Baqmiis5s4RPQPVWBadP2Z5K5C4_B73B-De7pBlXEo5rZBslKJy7ci8LM8O6XSTXFoFHd6BAzRwXNyDLotlw-jCtzGsBBR5aYwAtFA_mXhpkBDwbbrjCNo.9dvDRhg7VJJVzt9yLWRkbI6Ty2n3G42qYxmAD3LVwBU&dib_tag=se&m=ANBW5NGGTP7SK&marketplaceID=A39IBJ37TRP1C6&qid=1777190171&refinements=p_36%3A19000-19500&s=merchant-items&sr=1-164&xpid=MC76FKvB72qlu#customerReviews,よくある疑問にエキスパートが答える 高齢者診療Standard Collection 32
4840752605,,,,
4840750580,Tankobon Hardcover,192.81,https://www.amazon.com.au/%E7%BE%8E%E5%AE%B9%E3%81%AE%E7%A7%91%E5%AD%A6/dp/4840750580/ref=sr_1_165?dib=eyJ2IjoiMSJ9.s1T4PUMxK25sNu0PQjSIETAEDmefgu3z0YJ92F7Y4EDkWa8b3jrn9Baqmiis5s4RPQPVWBadP2Z5K5C4_B73B-De7pBlXEo5rZBslKJy7ci8LM8O6XSTXFoFHd6BAzRwXNyDLotlw-jCtzGsBBR5aYwAtFA_mXhpkBDwbbrjCNo.9dvDRhg7VJJVzt9yLWRkbI6Ty2n3G42qYxmAD3LVwBU&dib_tag=se&m=ANBW5NGGTP7SK&marketplaceID=A39IBJ37TRP1C6&qid=1777190171&refinements=p_36%3A19000-19500&s=merchant-items&sr=1-165&xpid=MC76FKvB72qlu#customerReviews,美容の科学
4840750580,,,,
B00C1B290K,,191.75,https://www.amazon.com.au/Tamashii-Nations-Overdrive-Operation-S-H-Figuarts/dp/B00C1B290K/ref=sr_1_166?dib=eyJ2IjoiMSJ9.s1T4PUMxK25sNu0PQjSIETAEDmefgu3z0YJ92F7Y4EDkWa8b3jrn9Baqmiis5s4RPQPVWBadP2Z5K5C4_B73B-De7pBlXEo5rZBslKJy7ci8LM8O6XSTXFoFHd6BAzRwXNyDLotlw-jCtzGsBBR5aYwAtFA_mXhpkBDwbbrjCNo.9dvDRhg7VJJVzt9yLWRkbI6Ty2n3G42qYxmAD3LVwBU&dib_tag=se&m=ANBW5NGGTP7SK&marketplaceID=A39IBJ37TRP1C6&qid=1777190171&refinements=p_36%3A19000-19500&s=merchant-items&sr=1-166&xpid=MC76FKvB72qlu#customerReviews,"Bandai Tamashii Nations Overdrive Ranger Power Rangers Operation Overdrive S.H.Figuarts Action Figure, Blue and Black"
4840475679,Tankobon Softcover,193.67,https://www.amazon.com.au/%E6%94%B9%E8%A8%825%E7%89%88-%E5%BF%85%E3%81%9A%E5%BD%B9%E7%AB%8B%E3%81%A4-%E8%82%9D%E7%82%8E%E8%A8%BA%E7%99%82%E3%83%90%E3%82%A4%E3%83%96%E3%83%AB-%E7%A0%94%E4%BF%AE%E5%8C%BB%E3%83%BB%E3%83%AC%E3%82%B8%E3%83%87%E3%83%B3%E3%83%88%E5%BF%85%E6%90%BA-%E4%B8%89%E7%94%B0/dp/4840475679/ref=sr_1_167?dib=eyJ2IjoiMSJ9.s1T4PUMxK25sNu0PQjSIETAEDmefgu3z0YJ92F7Y4EDkWa8b3jrn9Baqmiis5s4RPQPVWBadP2Z5K5C4_B73B-De7pBlXEo5rZBslKJy7ci8LM8O6XSTXFoFHd6BAzRwXNyDLotlw-jCtzGsBBR5aYwAtFA_mXhpkBDwbbrjCNo.9dvDRhg7VJJVzt9yLWRkbI6Ty2n3G42qYxmAD3LVwBU&dib_tag=se&m=ANBW5NGGTP7SK&marketplaceID=A39IBJ37TRP1C6&qid=1777190171&refinements=p_36%3A19000-19500&s=merchant-items&sr=1-167&xpid=MC76FKvB72qlu#customerReviews,改訂5版 必ず役立つ! 肝炎診療バイブル: 研修医・レジデント必携
4840475679,,,,
4840468699,Tankobon Softcover,194.49,https://www.amazon.com.au/%E7%9C%BC%E7%A7%91%E3%82%B9%E3%82%B4%E6%8A%80-OCT%E3%83%BBOCTA-%E3%82%A8%E3%82%AD%E3%82%B9%E3%83%91%E3%83%BC%E3%83%88%E3%81%AE%E8%AA%AD%E5%BD%B1%E8%A1%93%E3%81%A7%E8%A8%BA%E6%96%AD%E5%8A%9B%E3%82%A2%E3%83%83%E3%83%97-%E7%9C%BC%E7%A7%91%E3%82%B0%E3%83%A9%E3%83%95%E3%82%A3%E3%83%83%E3%82%AF2019%E5%B9%B4%E5%88%A5%E5%86%8A/dp/4840468699/ref=sr_1_168?dib=eyJ2IjoiMSJ9.s1T4PUMxK25sNu0PQjSIETAEDmefgu3z0YJ92F7Y4EDkWa8b3jrn9Baqmiis5s4RPQPVWBadP2Z5K5C4_B73B-De7pBlXEo5rZBslKJy7ci8LM8O6XSTXFoFHd6BAzRwXNyDLotlw-jCtzGsBBR5aYwAtFA_mXhpkBDwbbrjCNo.9dvDRhg7VJJVzt9yLWRkbI6Ty2n3G42qYxmAD3LVwBU&dib_tag=se&m=ANBW5NGGTP7SK&marketplaceID=A39IBJ37TRP1C6&qid=1777190171&refinements=p_36%3A19000-19500&s=merchant-items&sr=1-168&xpid=MC76FKvB72qlu#customerReviews,眼科スゴ技 OCT・OCTA: エキスパートの読影術で診断力アップ! (眼科グラフィック2019年別冊)
4840468699,,,,
B083M4TWZF,,192.76,https://www.amazon.com.au/DMM-Pitcher-Rope-Bag-Red/dp/B083M4TWZF/ref=sr_1_169?dib=eyJ2IjoiMSJ9.s1T4PUMxK25sNu0PQjSIETAEDmefgu3z0YJ92F7Y4EDkWa8b3jrn9Baqmiis5s4RPQPVWBadP2Z5K5C4_B73B-De7pBlXEo5rZBslKJy7ci8LM8O6XSTXFoFHd6BAzRwXNyDLotlw-jCtzGsBBR5aYwAtFA_mXhpkBDwbbrjCNo.9dvDRhg7VJJVzt9yLWRkbI6Ty2n3G42qYxmAD3LVwBU&dib_tag=se&m=ANBW5NGGTP7SK&marketplaceID=A39IBJ37TRP1C6&qid=1777190171&refinements=p_36%3A19000-19500&s=merchant-items&sr=1-169&xpid=MC76FKvB72qlu#customerReviews,DMM Pitcher Rope Bag - Red
B083M4TWZF,,,,
4840445141,Tankobon Hardcover,194.74,https://www.amazon.com.au/%E6%96%B0%E4%BA%BA%E6%8A%80%E5%B8%AB%E3%83%AA%E3%82%A8%E3%82%B3%E3%81%A8%E3%82%89%E3%81%8F%E3%82%89%E3%81%8F%E5%AD%A6%E3%81%B6%E8%B6%85%E9%9F%B3%E6%B3%A2%E6%A4%9C%E6%9F%BB%E6%89%8B%E6%8A%80ABC-3DCG%E5%8B%95%E7%94%BB%E3%81%A7%E8%87%93%E5%99%A8%E3%81%AE%E7%AB%8B%E4%BD%93%E6%A7%8B%E9%80%A0%E3%82%92%E3%82%A4%E3%83%A1%E3%83%88%E3%83%AC-Lab%E3%82%B7%E3%83%AA%E3%83%BC%E3%82%BA1-%E4%B9%85%E4%BF%9D%E7%94%B0-%E7%BE%A9%E5%89%87/dp/4840445141/ref=sr_1_170?dib=eyJ2IjoiMSJ9.s1T4PUMxK25sNu0PQjSIETAEDmefgu3z0YJ92F7Y4EDkWa8b3jrn9Baqmiis5s4RPQPVWBadP2Z5K5C4_B73B-De7pBlXEo5rZBslKJy7ci8LM8O6XSTXFoFHd6BAzRwXNyDLotlw-jCtzGsBBR5aYwAtFA_mXhpkBDwbbrjCNo.9dvDRhg7VJJVzt9yLWRkbI6Ty2n3G42qYxmAD3LVwBU&dib_tag=se&m=ANBW5NGGTP7SK&marketplaceID=A39IBJ37TRP1C6&qid=1777190171&refinements=p_36%3A19000-19500&s=merchant-items&sr=1-170&xpid=MC76FKvB72qlu#customerReviews,新人技師リエコとらくらく学ぶ超音波検査手技ABC: 3DCG動画で臓器の立体構造をイメトレ! (US Labシリーズ1)
4840445141,,,,
4838601190,Tankobon Hardcover,194.87,https://www.amazon.com.au/%E9%8E%8C%E5%80%89%E6%99%82%E4%BB%A3%E8%AA%9E%E7%A0%94%E7%A9%B6-%E7%AC%AC2%E8%BC%AF/dp/4838601190/ref=sr_1_171?dib=eyJ2IjoiMSJ9.s1T4PUMxK25sNu0PQjSIETAEDmefgu3z0YJ92F7Y4EDkWa8b3jrn9Baqmiis5s4RPQPVWBadP2Z5K5C4_B73B-De7pBlXEo5rZBslKJy7ci8LM8O6XSTXFoFHd6BAzRwXNyDLotlw-jCtzGsBBR5aYwAtFA_mXhpkBDwbbrjCNo.9dvDRhg7VJJVzt9yLWRkbI6Ty2n3G42qYxmAD3LVwBU&dib_tag=se&m=ANBW5NGGTP7SK&marketplaceID=A39IBJ37TRP1C6&qid=1777190171&refinements=p_36%3A19000-19500&s=merchant-items&sr=1-171&xpid=MC76FKvB72qlu,鎌倉時代語研究 (第2輯)
4838601190,,,,
B09W5K12LL,,192.33,https://www.amazon.com.au/Daiwa-TB7000-Tackle-Black-Fishing/dp/B09W5K12LL/ref=sr_1_177?dib=eyJ2IjoiMSJ9.CZCs43aH_YmSdEO0jHm1AFdoMAkjgomRFFLwuHovDwYNK8ZVFJTWDWg8ueCo-7rgQqPrS8KKRfTKq7RGUxk6Jw.MDMxCeK6b9F3MDbcTrMsuR1uhdoDTUyEuv0470PLT-0&dib_tag=se&m=ANBW5NGGTP7SK&marketplaceID=A39IBJ37TRP1C6&qid=1777190176&refinements=p_36%3A19000-19500&s=merchant-items&sr=1-177&xpid=MC76FKvB72qlu#customerReviews,"Daiwa TB Tackle Box, Black/Red"
B09W5K12LL,,,,
4832966790,Tankobon Hardcover,193.27,https://www.amazon.com.au/%E6%97%A5%E6%9C%AC%E3%81%AE%E8%BF%91%E4%BB%A3%E5%8C%96%E3%81%A8%E5%8C%97%E6%B5%B7%E9%81%93/dp/4832966790/ref=sr_1_178?dib=eyJ2IjoiMSJ9.CZCs43aH_YmSdEO0jHm1AFdoMAkjgomRFFLwuHovDwYNK8ZVFJTWDWg8ueCo-7rgQqPrS8KKRfTKq7RGUxk6Jw.MDMxCeK6b9F3MDbcTrMsuR1uhdoDTUyEuv0470PLT-0&dib_tag=se&m=ANBW5NGGTP7SK&marketplaceID=A39IBJ37TRP1C6&qid=1777190176&refinements=p_36%3A19000-19500&s=merchant-items&sr=1-178&xpid=MC76FKvB72qlu,日本の近代化と北海道
4832966790,,,,
4832603620,Tankobon Hardcover,194.94,https://www.amazon.com.au/%E5%8E%9F%E8%89%B2%E6%98%86%E8%99%AB%E5%9B%B3%E9%91%91%E3%80%881%E3%80%89-%E3%82%B3%E3%83%B3%E3%83%91%E3%82%AF%E3%83%88%E7%89%88/dp/4832603620/ref=sr_1_179?dib=eyJ2IjoiMSJ9.CZCs43aH_YmSdEO0jHm1AFdoMAkjgomRFFLwuHovDwYNK8ZVFJTWDWg8ueCo-7rgQqPrS8KKRfTKq7RGUxk6Jw.MDMxCeK6b9F3MDbcTrMsuR1uhdoDTUyEuv0470PLT-0&dib_tag=se&m=ANBW5NGGTP7SK&marketplaceID=A39IBJ37TRP1C6&qid=1777190176&refinements=p_36%3A19000-19500&s=merchant-items&sr=1-179&xpid=MC76FKvB72qlu#customerReviews,原色昆虫図鑑〈1〉 (コンパクト版)
4832603620,,,,
B09DCSGZ83,,194.98,https://www.amazon.com.au/TNI-BB30-Ceramic-Bearing-KIT/dp/B09DCSGZ83/ref=sr_1_180?dib=eyJ2IjoiMSJ9.CZCs43aH_YmSdEO0jHm1AFdoMAkjgomRFFLwuHovDwYNK8ZVFJTWDWg8ueCo-7rgQqPrS8KKRfTKq7RGUxk6Jw.MDMxCeK6b9F3MDbcTrMsuR1uhdoDTUyEuv0470PLT-0&dib_tag=se&m=ANBW5NGGTP7SK&marketplaceID=A39IBJ37TRP1C6&qid=1777190176&refinements=p_36%3A19000-19500&s=merchant-items&sr=1-180&xpid=MC76FKvB72qlu,TNI BB30 Ceramic Bearing KIT
B09DCSGZ83,,,,
4831873969,Tankobon Hardcover,192.23,https://www.amazon.com.au/%E6%97%A5%E9%9F%93%E4%BA%A4%E6%B5%81%E3%81%A8%E9%AB%98%E9%BA%97%E7%89%88%E5%A4%A7%E8%94%B5%E7%B5%8C/dp/4831873969/ref=sr_1_181?dib=eyJ2IjoiMSJ9.CZCs43aH_YmSdEO0jHm1AFdoMAkjgomRFFLwuHovDwYNK8ZVFJTWDWg8ueCo-7rgQqPrS8KKRfTKq7RGUxk6Jw.MDMxCeK6b9F3MDbcTrMsuR1uhdoDTUyEuv0470PLT-0&dib_tag=se&m=ANBW5NGGTP7SK&marketplaceID=A39IBJ37TRP1C6&qid=1777190176&refinements=p_36%3A19000-19500&s=merchant-items&sr=1-181&xpid=MC76FKvB72qlu#customerReviews,日韓交流と高麗版大蔵経
4831873969,,,,
4831862525,Tankobon Hardcover,193.56,https://www.amazon.com.au/%E6%88%A6%E5%9B%BD%E4%BB%8F%E6%95%99%E3%81%A8%E4%BA%AC%E9%83%BD-1-%E6%B2%B3%E5%86%85%E5%B0%86%E8%8A%B3/dp/4831862525/ref=sr_1_177?dib=eyJ2IjoiMSJ9.-cGekIol7iAn5YQdjNKFeAUPwwExtPUkj9mSm_RombVpDnv6YzqbnBBnnbxV9CfqyyMLGP7dNyIMEnK7jMmEqBVg-TowOvn58Nwjed48BsU_mz5l9o44wf3K4AzlqQQ-m17dnL5sZuu37v1Uh0RpGR1b5TVKKqdGKlhudI4K8zI.14b7QOovQ_IXt4KuUytDElLfaAm5wiY9TR13NcZXJK8&dib_tag=se&m=ANBW5NGGTP7SK&marketplaceID=A39IBJ37TRP1C6&qid=1777190176&refinements=p_36%3A19000-19500&s=merchant-items&sr=1-177&xpid=MC76FKvB72qlu#customerReviews,戦国仏教と京都: 1
4831862525,,,,
B08VF2CTNQ,,194.99,https://www.amazon.com.au/%E3%83%80%E3%82%A4%E3%83%AF-DAIWA-00621053-Daiwa-150PL-OP/dp/B08VF2CTNQ/ref=sr_1_178?dib=eyJ2IjoiMSJ9.-cGekIol7iAn5YQdjNKFeAUPwwExtPUkj9mSm_RombVpDnv6YzqbnBBnnbxV9CfqyyMLGP7dNyIMEnK7jMmEqBVg-TowOvn58Nwjed48BsU_mz5l9o44wf3K4AzlqQQ-m17dnL5sZuu37v1Uh0RpGR1b5TVKKqdGKlhudI4K8zI.14b7QOovQ_IXt4KuUytDElLfaAm5wiY9TR13NcZXJK8&dib_tag=se&m=ANBW5NGGTP7SK&marketplaceID=A39IBJ37TRP1C6&qid=1777190176&refinements=p_36%3A19000-19500&s=merchant-items&sr=1-178&xpid=MC76FKvB72qlu#customerReviews,Daiwa XT Double Axis Reel for Octopus 150P/150PL/150P-PE3 with Thread
B08VF2CTNQ,,,,
4831862460,Tankobon Hardcover,192.95,https://www.amazon.com.au/%E9%8E%8C%E5%80%89%E4%BB%8F%E6%95%99%E3%81%A8%E5%B0%82%E4%BF%AE%E5%BF%B5%E4%BB%8F-%E5%B9%B3-%E9%9B%85%E8%A1%8C/dp/4831862460/ref=sr_1_179?dib=eyJ2IjoiMSJ9.-cGekIol7iAn5YQdjNKFeAUPwwExtPUkj9mSm_RombVpDnv6YzqbnBBnnbxV9CfqyyMLGP7dNyIMEnK7jMmEqBVg-TowOvn58Nwjed48BsU_mz5l9o44wf3K4AzlqQQ-m17dnL5sZuu37v1Uh0RpGR1b5TVKKqdGKlhudI4K8zI.14b7QOovQ_IXt4KuUytDElLfaAm5wiY9TR13NcZXJK8&dib_tag=se&m=ANBW5NGGTP7SK&marketplaceID=A39IBJ37TRP1C6&qid=1777190176&refinements=p_36%3A19000-19500&s=merchant-items&sr=1-179&xpid=MC76FKvB72qlu,鎌倉仏教と専修念仏
4831862460,,,,
483151540X,Tankobon Hardcover,190.31,https://www.amazon.com.au/%E8%BF%91%E4%BB%A3%E6%97%A5%E6%9C%AC%E3%81%AE%E5%9B%BD%E4%BD%93%E8%AB%96-%E3%80%88%E7%9A%87%E5%9B%BD%E5%8F%B2%E8%A6%B3%E3%80%89%E5%86%8D%E8%80%83-%E3%82%B3%E3%82%A6%E3%82%B3%E3%82%AF%E3%82%B7%E3%82%AB%E3%83%B3%E3%82%B5%E3%82%A4%E3%82%B3%E3%82%A6-%E6%98%86%E9%87%8E-%E4%BC%B8%E5%B9%B8/dp/483151540X/ref=sr_1_180?dib=eyJ2IjoiMSJ9.-cGekIol7iAn5YQdjNKFeAUPwwExtPUkj9mSm_RombVpDnv6YzqbnBBnnbxV9CfqyyMLGP7dNyIMEnK7jMmEqBVg-TowOvn58Nwjed48BsU_mz5l9o44wf3K4AzlqQQ-m17dnL5sZuu37v1Uh0RpGR1b5TVKKqdGKlhudI4K8zI.14b7QOovQ_IXt4KuUytDElLfaAm5wiY9TR13NcZXJK8&dib_tag=se&m=ANBW5NGGTP7SK&marketplaceID=A39IBJ37TRP1C6&qid=1777190176&refinements=p_36%3A19000-19500&s=merchant-items&sr=1-180&xpid=MC76FKvB72qlu,近代日本の国体論: 〈皇国史観〉再考;コウコクシカンサイコウ
483151540X,,,,
B08VD8NCXM,,194.67,https://www.amazon.com.au/%E3%83%80%E3%82%A4%E3%83%AF-DAIWA-00621052-Daiwa-150P-OP/dp/B08VD8NCXM/ref=sr_1_181?dib=eyJ2IjoiMSJ9.-cGekIol7iAn5YQdjNKFeAUPwwExtPUkj9mSm_RombVpDnv6YzqbnBBnnbxV9CfqyyMLGP7dNyIMEnK7jMmEqBVg-TowOvn58Nwjed48BsU_mz5l9o44wf3K4AzlqQQ-m17dnL5sZuu37v1Uh0RpGR1b5TVKKqdGKlhudI4K8zI.14b7QOovQ_IXt4KuUytDElLfaAm5wiY9TR13NcZXJK8&dib_tag=se&m=ANBW5NGGTP7SK&marketplaceID=A39IBJ37TRP1C6&qid=1777190176&refinements=p_36%3A19000-19500&s=merchant-items&sr=1-181&xpid=MC76FKvB72qlu#customerReviews,Daiwa XT Double Axis Reel for Octopus 150P/150PL/150P-PE3 with Thread
B08VD8NCXM,,,,
4830647086,Tankobon Hardcover,192.02,https://www.amazon.com.au/%E9%81%8B%E5%8B%95%E5%99%A8%E3%83%AA%E3%83%8F%E3%83%93%E3%83%AA%E3%83%86%E3%83%BC%E3%82%B7%E3%83%A7%E3%83%B3%E3%81%AB%E5%BD%B9%E7%AB%8B%E3%81%A4-Fascia%E3%81%AE%E3%81%BF%E3%81%8B%E3%81%9F%E3%83%BB%E3%81%A8%E3%82%89%E3%81%88%E3%81%8B%E3%81%9F/dp/4830647086/ref=sr_1_182?dib=eyJ2IjoiMSJ9.-cGekIol7iAn5YQdjNKFeAUPwwExtPUkj9mSm_RombVpDnv6YzqbnBBnnbxV9CfqyyMLGP7dNyIMEnK7jMmEqBVg-TowOvn58Nwjed48BsU_mz5l9o44wf3K4AzlqQQ-m17dnL5sZuu37v1Uh0RpGR1b5TVKKqdGKlhudI4K8zI.14b7QOovQ_IXt4KuUytDElLfaAm5wiY9TR13NcZXJK8&dib_tag=se&m=ANBW5NGGTP7SK&marketplaceID=A39IBJ37TRP1C6&qid=1777190176&refinements=p_36%3A19000-19500&s=merchant-items&sr=1-182&xpid=MC76FKvB72qlu#customerReviews,運動器リハビリテーションに役立つ Fasciaのみかた・とらえかた
4830647086,,,,
4830645377,Tankobon Hardcover,191.29,https://www.amazon.com.au/%E7%90%86%E5%AD%A6%E7%99%82%E6%B3%95%E8%A9%95%E4%BE%A1%E5%AD%A6-%E9%9A%9C%E5%AE%B3%E5%88%A5%E3%83%BB%E9%96%A2%E7%AF%80%E5%88%A5%E8%A9%95%E4%BE%A1%E3%81%AE%E3%83%9D%E3%82%A4%E3%83%B3%E3%83%88%E3%81%A8%E5%AE%9F%E9%9A%9B/dp/4830645377/ref=sr_1_183?dib=eyJ2IjoiMSJ9.-cGekIol7iAn5YQdjNKFeAUPwwExtPUkj9mSm_RombVpDnv6YzqbnBBnnbxV9CfqyyMLGP7dNyIMEnK7jMmEqBVg-TowOvn58Nwjed48BsU_mz5l9o44wf3K4AzlqQQ-m17dnL5sZuu37v1Uh0RpGR1b5TVKKqdGKlhudI4K8zI.14b7QOovQ_IXt4KuUytDElLfaAm5wiY9TR13NcZXJK8&dib_tag=se&m=ANBW5NGGTP7SK&marketplaceID=A39IBJ37TRP1C6&qid=1777190176&refinements=p_36%3A19000-19500&s=merchant-items&sr=1-183&xpid=MC76FKvB72qlu#customerReviews,理学療法評価学: 障害別・関節別評価のポイントと実際
4830645377,,,,
4830643862,Tankobon Hardcover,192.64,https://www.amazon.com.au/Clinical-Handoserapyi/dp/4830643862/ref=sr_1_184?dib=eyJ2IjoiMSJ9.-cGekIol7iAn5YQdjNKFeAUPwwExtPUkj9mSm_RombVpDnv6YzqbnBBnnbxV9CfqyyMLGP7dNyIMEnK7jMmEqBVg-TowOvn58Nwjed48BsU_mz5l9o44wf3K4AzlqQQ-m17dnL5sZuu37v1Uh0RpGR1b5TVKKqdGKlhudI4K8zI.14b7QOovQ_IXt4KuUytDElLfaAm5wiY9TR13NcZXJK8&dib_tag=se&m=ANBW5NGGTP7SK&marketplaceID=A39IBJ37TRP1C6&qid=1777190176&refinements=p_36%3A19000-19500&s=merchant-items&sr=1-184&xpid=MC76FKvB72qlu#customerReviews,Clinical Handoserapyi
4830643862,,,,
4830621044,Tankobon Hardcover,192.81,https://www.amazon.com.au/X%E7%B7%9A%E3%81%A8%E5%86%85%E8%A6%96%E9%8F%A1%E3%81%AE%E6%AF%94%E8%BC%83%E3%81%A7%E5%AD%A6%E3%81%B6-H-pylori%E8%83%83%E7%82%8E%E8%A8%BA%E6%96%AD/dp/4830621044/ref=sr_1_185?dib=eyJ2IjoiMSJ9.-cGekIol7iAn5YQdjNKFeAUPwwExtPUkj9mSm_RombVpDnv6YzqbnBBnnbxV9CfqyyMLGP7dNyIMEnK7jMmEqBVg-TowOvn58Nwjed48BsU_mz5l9o44wf3K4AzlqQQ-m17dnL5sZuu37v1Uh0RpGR1b5TVKKqdGKlhudI4K8zI.14b7QOovQ_IXt4KuUytDElLfaAm5wiY9TR13NcZXJK8&dib_tag=se&m=ANBW5NGGTP7SK&marketplaceID=A39IBJ37TRP1C6&qid=1777190176&refinements=p_36%3A19000-19500&s=merchant-items&sr=1-185&xpid=MC76FKvB72qlu#customerReviews,X線と内視鏡の比較で学ぶ H.pylori胃炎診断
4830621044,,,,
B08LTQQ5BH,,190.19,https://www.amazon.com.au/Bandai-spirits-YMS-09R-2-Prototype-N-I-M/dp/B08LTQQ5BH/ref=sr_1_186?dib=eyJ2IjoiMSJ9.-cGekIol7iAn5YQdjNKFeAUPwwExtPUkj9mSm_RombVpDnv6YzqbnBBnnbxV9CfqyyMLGP7dNyIMEnK7jMmEqBVg-TowOvn58Nwjed48BsU_mz5l9o44wf3K4AzlqQQ-m17dnL5sZuu37v1Uh0RpGR1b5TVKKqdGKlhudI4K8zI.14b7QOovQ_IXt4KuUytDElLfaAm5wiY9TR13NcZXJK8&dib_tag=se&m=ANBW5NGGTP7SK&marketplaceID=A39IBJ37TRP1C6&qid=1777190176&refinements=p_36%3A19000-19500&s=merchant-items&sr=1-186&xpid=MC76FKvB72qlu#customerReviews,Bandai spirits Robot Spirit Side MS YMS-09R-2 Prototype Rick Dom II ver. A.N.I.M.E.
483062101X,Tankobon Hardcover,193.76,https://www.amazon.com.au/%E6%B6%88%E5%8C%96%E7%AE%A1%E5%86%85%E8%A6%96%E9%8F%A1%E8%A8%BA%E6%96%AD%E3%83%86%E3%82%AD%E3%82%B9%E3%83%88-I-%E9%A3%9F%E9%81%93%E3%83%BB%E8%83%83%E3%83%BB%E5%8D%81%E4%BA%8C%E6%8C%87%E8%85%B8-1/dp/483062101X/ref=sr_1_187?dib=eyJ2IjoiMSJ9.-cGekIol7iAn5YQdjNKFeAUPwwExtPUkj9mSm_RombVpDnv6YzqbnBBnnbxV9CfqyyMLGP7dNyIMEnK7jMmEqBVg-TowOvn58Nwjed48BsU_mz5l9o44wf3K4AzlqQQ-m17dnL5sZuu37v1Uh0RpGR1b5TVKKqdGKlhudI4K8zI.14b7QOovQ_IXt4KuUytDElLfaAm5wiY9TR13NcZXJK8&dib_tag=se&m=ANBW5NGGTP7SK&marketplaceID=A39IBJ37TRP1C6&qid=1777190176&refinements=p_36%3A19000-19500&s=merchant-items&sr=1-187&xpid=MC76FKvB72qlu#customerReviews,消化管内視鏡診断テキスト I 食道・胃・十二指腸: 1
483062101X,,,,
4830620587,Tankobon Hardcover,190.88,https://www.amazon.com.au/%E5%88%86%E5%AD%90%E6%A8%99%E7%9A%84-Bio%E6%99%82%E4%BB%A3%E3%81%AE%E3%83%AA%E3%82%A6%E3%83%9E%E3%83%81%E3%83%BB%E8%86%A0%E5%8E%9F%E7%97%85%E6%B2%BB%E7%99%82%E3%82%B9%E3%83%88%E3%83%A9%E3%83%86%E3%82%B8%E3%83%BC_%E3%83%AA%E3%82%A6%E3%83%9E%E3%83%81%E3%83%BB%E8%86%A0%E5%8E%9F%E7%97%85%E8%A8%BA%E7%99%82%E3%83%8F%E3%82%A4%E3%82%B0%E3%83%AC%E3%83%BC%E3%83%89-%E3%83%AA%E3%82%A6%E3%83%9E%E3%83%81%E3%83%BB%E8%86%A0%E5%8E%9F%E7%97%85%E8%A8%BA%E7%99%82%E3%83%8F%E3%82%A4%E3%82%B0%E3%83%AC-%E3%83%89/dp/4830620587/ref=sr_1_193?dib=eyJ2IjoiMSJ9.w5imNd_ZJ4dhsEi5RSQIojwKRphQ1QWDAr-cFuioKd4wGwauidGd0YcW8ewWrMzAXanhHNA8fpNztw6ilebBLA.LCWsXbz8Pk-ENN1J1DIy2f402zhcF0OQOqis9sw1z3M&dib_tag=se&m=ANBW5NGGTP7SK&marketplaceID=A39IBJ37TRP1C6&qid=1777190182&refinements=p_36%3A19000-19500&s=merchant-items&sr=1-193&xpid=MC76FKvB72qlu#customerReviews,分子標的/Bio時代のリウマチ・膠原病治療ストラテジー―リウマチ・膠原病診療ハイグレード (リウマチ・膠原病診療ハイグレ-ド)
4830620587,,,,
B07VL1RS28,,191.29,https://www.amazon.com.au/Daiwa-Light-Bait-Reel-Counter/dp/B07VL1RS28/ref=sr_1_194?dib=eyJ2IjoiMSJ9.w5imNd_ZJ4dhsEi5RSQIojwKRphQ1QWDAr-cFuioKd4wGwauidGd0YcW8ewWrMzAXanhHNA8fpNztw6ilebBLA.LCWsXbz8Pk-ENN1J1DIy2f402zhcF0OQOqis9sw1z3M&dib_tag=se&m=ANBW5NGGTP7SK&marketplaceID=A39IBJ37TRP1C6&qid=1777190182&refinements=p_36%3A19000-19500&s=merchant-items&sr=1-194&xpid=MC76FKvB72qlu#customerReviews,Daiwa Light SW X IC Bait Reel with Counter (Right/Left Handle)
B07VL1RS28,,,,
4830620234,Tankobon Softcover,192.81,https://www.amazon.com.au/Arthritis-Collagen-Internal-Medicine-Clinical/dp/4830620234/ref=sr_1_195?dib=eyJ2IjoiMSJ9.w5imNd_ZJ4dhsEi5RSQIojwKRphQ1QWDAr-cFuioKd4wGwauidGd0YcW8ewWrMzAXanhHNA8fpNztw6ilebBLA.LCWsXbz8Pk-ENN1J1DIy2f402zhcF0OQOqis9sw1z3M&dib_tag=se&m=ANBW5NGGTP7SK&marketplaceID=A39IBJ37TRP1C6&qid=1777190182&refinements=p_36%3A19000-19500&s=merchant-items&sr=1-195&xpid=MC76FKvB72qlu,"Arthritis, collagen disease Internal Medicine Clinical Standard - always useful picture of arthritis, collagen disease science at the must-have bedside"
4830620234,,,,
4830619481,Tankobon Softcover,194.81,https://www.amazon.com.au/%E3%81%9D%E3%81%86%E3%81%A0%E3%81%A3%E3%81%9F%E3%82%93%E3%81%A0-%E8%84%82%E8%B3%AA%E7%95%B0%E5%B8%B8%E7%97%87-%E7%AC%AC2%E7%89%88/dp/4830619481/ref=sr_1_196?dib=eyJ2IjoiMSJ9.w5imNd_ZJ4dhsEi5RSQIojwKRphQ1QWDAr-cFuioKd4wGwauidGd0YcW8ewWrMzAXanhHNA8fpNztw6ilebBLA.LCWsXbz8Pk-ENN1J1DIy2f402zhcF0OQOqis9sw1z3M&dib_tag=se&m=ANBW5NGGTP7SK&marketplaceID=A39IBJ37TRP1C6&qid=1777190182&refinements=p_36%3A19000-19500&s=merchant-items&sr=1-196&xpid=MC76FKvB72qlu#customerReviews,そうだったんだ! 脂質異常症 第2版
4830619481,,,,
B097GDN9XB,,194.64,https://www.amazon.com.au/BLUE-ICE-Aero-Ice-Screw/dp/B097GDN9XB/ref=sr_1_197?dib=eyJ2IjoiMSJ9.w5imNd_ZJ4dhsEi5RSQIojwKRphQ1QWDAr-cFuioKd4wGwauidGd0YcW8ewWrMzAXanhHNA8fpNztw6ilebBLA.LCWsXbz8Pk-ENN1J1DIy2f402zhcF0OQOqis9sw1z3M&dib_tag=se&m=ANBW5NGGTP7SK&marketplaceID=A39IBJ37TRP1C6&qid=1777190182&refinements=p_36%3A19000-19500&s=merchant-items&sr=1-197&xpid=MC76FKvB72qlu#customerReviews,Blue Ice Aero Lite Ice Screw - Gray 19 cm
B097GDN9XB,,,,
4830604743,Tankobon Hardcover,193.14,https://www.amazon.com.au/%E7%97%85%E7%90%86%E7%B5%84%E7%B9%94%E3%83%9E%E3%83%83%E3%83%97-%E3%82%AC%E3%82%A4%E3%83%89/dp/4830604743/ref=sr_1_193?dib=eyJ2IjoiMSJ9.6LmJugVxIVubylZwlKhya36qAQ9nwgQC5zY-Ob1asFqu-S7jMa-1mb2sC1IMjEdwi7XbqVNV9wL0vRGg8PcM9UdPaEWLQjDaqjUb5CdpY3CAExUrz51S1jaKo7dgAL8HKCWuR-TEYnKqQsLSoYV4hybkSgsAInuM6j0ED10-sqM.R4ZqcjpKT3usfwEdtw_-avkTF54UNLof3UwaDBgQUm4&dib_tag=se&m=ANBW5NGGTP7SK&marketplaceID=A39IBJ37TRP1C6&qid=1777190182&refinements=p_36%3A19000-19500&s=merchant-items&sr=1-193&xpid=MC76FKvB72qlu#customerReviews,病理組織マップ&ガイド
4830604743,,,,
4829508140,Tankobon Hardcover,194.91,https://www.amazon.com.au/%E6%9D%BE%E6%9C%AC%E5%AD%A6%E6%97%A5%E8%A8%98-%E6%98%AD%E5%92%8C%E5%8D%81%E5%9B%9B%E5%B9%B4-%E4%BA%8C%E5%8D%81%E4%BA%8C%E5%B9%B4/dp/4829508140/ref=sr_1_194?dib=eyJ2IjoiMSJ9.6LmJugVxIVubylZwlKhya36qAQ9nwgQC5zY-Ob1asFqu-S7jMa-1mb2sC1IMjEdwi7XbqVNV9wL0vRGg8PcM9UdPaEWLQjDaqjUb5CdpY3CAExUrz51S1jaKo7dgAL8HKCWuR-TEYnKqQsLSoYV4hybkSgsAInuM6j0ED10-sqM.R4ZqcjpKT3usfwEdtw_-avkTF54UNLof3UwaDBgQUm4&dib_tag=se&m=ANBW5NGGTP7SK&marketplaceID=A39IBJ37TRP1C6&qid=1777190182&refinements=p_36%3A19000-19500&s=merchant-items&sr=1-194&xpid=MC76FKvB72qlu,松本学日記 昭和十四年~二十二年
4829508140,,,,
B09F2FLKW6,,193.75,https://www.amazon.com.au/Shimano-FC-M7100-1-Single-Separately-SM-CRM75/dp/B09F2FLKW6/ref=sr_1_195?dib=eyJ2IjoiMSJ9.6LmJugVxIVubylZwlKhya36qAQ9nwgQC5zY-Ob1asFqu-S7jMa-1mb2sC1IMjEdwi7XbqVNV9wL0vRGg8PcM9UdPaEWLQjDaqjUb5CdpY3CAExUrz51S1jaKo7dgAL8HKCWuR-TEYnKqQsLSoYV4hybkSgsAInuM6j0ED10-sqM.R4ZqcjpKT3usfwEdtw_-avkTF54UNLof3UwaDBgQUm4&dib_tag=se&m=ANBW5NGGTP7SK&marketplaceID=A39IBJ37TRP1C6&qid=1777190182&refinements=p_36%3A19000-19500&s=merchant-items&sr=1-195&xpid=MC76FKvB72qlu#customerReviews,"Shimano FC-M7100-1 Single Crank 12s 165mm Gear Sold Separately (SM-CRM75), Chain Line: 2.0 inches (52 mm), Medium"
B09F2FLKW6,,,,
4827313202,Tankobon Hardcover,192.81,https://www.amazon.com.au/%E5%BE%8B%E4%BB%A4%E6%94%BF%E6%B2%BB%E3%81%A8%E5%AE%98%E4%BA%BA%E7%A4%BE%E4%BC%9A-%E8%99%8E%E5%B0%BE-%E9%81%94%E5%93%89/dp/4827313202/ref=sr_1_196?dib=eyJ2IjoiMSJ9.6LmJugVxIVubylZwlKhya36qAQ9nwgQC5zY-Ob1asFqu-S7jMa-1mb2sC1IMjEdwi7XbqVNV9wL0vRGg8PcM9UdPaEWLQjDaqjUb5CdpY3CAExUrz51S1jaKo7dgAL8HKCWuR-TEYnKqQsLSoYV4hybkSgsAInuM6j0ED10-sqM.R4ZqcjpKT3usfwEdtw_-avkTF54UNLof3UwaDBgQUm4&dib_tag=se&m=ANBW5NGGTP7SK&marketplaceID=A39IBJ37TRP1C6&qid=1777190182&refinements=p_36%3A19000-19500&s=merchant-items&sr=1-196&xpid=MC76FKvB72qlu,律令政治と官人社会
4827313202,,,,
4827313156,Tankobon Hardcover,192.3,https://www.amazon.com.au/%E6%97%A5%E6%9C%AC%E5%8F%A4%E4%BB%A3%E3%81%AE%E6%89%8B%E5%B7%A5%E6%A5%AD%E7%94%9F%E7%94%A3%E3%81%A8%E5%BB%BA%E7%AF%89%E7%94%9F%E7%94%A3-%E5%8F%A4%E5%B0%BE%E8%B0%B7-%E7%9F%A5%E6%B5%A9/dp/4827313156/ref=sr_1_197?dib=eyJ2IjoiMSJ9.6LmJugVxIVubylZwlKhya36qAQ9nwgQC5zY-Ob1asFqu-S7jMa-1mb2sC1IMjEdwi7XbqVNV9wL0vRGg8PcM9UdPaEWLQjDaqjUb5CdpY3CAExUrz51S1jaKo7dgAL8HKCWuR-TEYnKqQsLSoYV4hybkSgsAInuM6j0ED10-sqM.R4ZqcjpKT3usfwEdtw_-avkTF54UNLof3UwaDBgQUm4&dib_tag=se&m=ANBW5NGGTP7SK&marketplaceID=A39IBJ37TRP1C6&qid=1777190182&refinements=p_36%3A19000-19500&s=merchant-items&sr=1-197&xpid=MC76FKvB72qlu,日本古代の手工業生産と建築生産
4827313156,,,,
B08W56YWVS,,192.87,https://www.amazon.com.au/Daiwa-%CE%B1160CH-Light-Holder-Dark/dp/B08W56YWVS/ref=sr_1_198?dib=eyJ2IjoiMSJ9.6LmJugVxIVubylZwlKhya36qAQ9nwgQC5zY-Ob1asFqu-S7jMa-1mb2sC1IMjEdwi7XbqVNV9wL0vRGg8PcM9UdPaEWLQjDaqjUb5CdpY3CAExUrz51S1jaKo7dgAL8HKCWuR-TEYnKqQsLSoYV4hybkSgsAInuM6j0ED10-sqM.R4ZqcjpKT3usfwEdtw_-avkTF54UNLof3UwaDBgQUm4&dib_tag=se&m=ANBW5NGGTP7SK&marketplaceID=A39IBJ37TRP1C6&qid=1777190182&refinements=p_36%3A19000-19500&s=merchant-items&sr=1-198&xpid=MC76FKvB72qlu#customerReviews,Daiwa α160CH Light Holder
B08W56YWVS,,,,
4827313083,Tankobon Hardcover,190.86,https://www.amazon.com.au/%E7%A9%BA%E6%B5%B7%E3%81%A8%E5%BC%98%E4%BB%81%E7%9A%87%E5%B8%9D%E3%81%AE%E6%99%82%E4%BB%A3-%E8%A5%BF%E6%9C%AC-%E6%98%8C%E5%BC%98/dp/4827313083/ref=sr_1_199?dib=eyJ2IjoiMSJ9.6LmJugVxIVubylZwlKhya36qAQ9nwgQC5zY-Ob1asFqu-S7jMa-1mb2sC1IMjEdwi7XbqVNV9wL0vRGg8PcM9UdPaEWLQjDaqjUb5CdpY3CAExUrz51S1jaKo7dgAL8HKCWuR-TEYnKqQsLSoYV4hybkSgsAInuM6j0ED10-sqM.R4ZqcjpKT3usfwEdtw_-avkTF54UNLof3UwaDBgQUm4&dib_tag=se&m=ANBW5NGGTP7SK&marketplaceID=A39IBJ37TRP1C6&qid=1777190182&refinements=p_36%3A19000-19500&s=merchant-items&sr=1-199&xpid=MC76FKvB72qlu#customerReviews,空海と弘仁皇帝の時代
4827313083,,,,
4817846348,Tankobon Hardcover,193.84,https://www.amazon.com.au/%E6%97%A5%E7%B1%B3%E8%A6%AA%E6%A8%A9%E6%B3%95%E3%81%AE%E6%AF%94%E8%BC%83%E7%A0%94%E7%A9%B6-%E9%96%A2%E8%A5%BF%E5%AD%A6%E9%99%A2%E5%A4%A7%E5%AD%A6%E7%A0%94%E7%A9%B6%E5%8F%A2%E6%9B%B8-%E5%B1%B1%E5%8F%A3-%E4%BA%AE%E5%AD%90/dp/4817846348/ref=sr_1_200?dib=eyJ2IjoiMSJ9.6LmJugVxIVubylZwlKhya36qAQ9nwgQC5zY-Ob1asFqu-S7jMa-1mb2sC1IMjEdwi7XbqVNV9wL0vRGg8PcM9UdPaEWLQjDaqjUb5CdpY3CAExUrz51S1jaKo7dgAL8HKCWuR-TEYnKqQsLSoYV4hybkSgsAInuM6j0ED10-sqM.R4ZqcjpKT3usfwEdtw_-avkTF54UNLof3UwaDBgQUm4&dib_tag=se&m=ANBW5NGGTP7SK&marketplaceID=A39IBJ37TRP1C6&qid=1777190182&refinements=p_36%3A19000-19500&s=merchant-items&sr=1-200&xpid=MC76FKvB72qlu#customerReviews,日米親権法の比較研究 (関西学院大学研究叢書)
4817846348,,,,
B09L83DRYR,,190.77,https://www.amazon.com.au/Princess-Connect-Re-Painted-Complete/dp/B09L83DRYR/ref=sr_1_201?dib=eyJ2IjoiMSJ9.6LmJugVxIVubylZwlKhya36qAQ9nwgQC5zY-Ob1asFqu-S7jMa-1mb2sC1IMjEdwi7XbqVNV9wL0vRGg8PcM9UdPaEWLQjDaqjUb5CdpY3CAExUrz51S1jaKo7dgAL8HKCWuR-TEYnKqQsLSoYV4hybkSgsAInuM6j0ED10-sqM.R4ZqcjpKT3usfwEdtw_-avkTF54UNLof3UwaDBgQUm4&dib_tag=se&m=ANBW5NGGTP7SK&marketplaceID=A39IBJ37TRP1C6&qid=1777190182&refinements=p_36%3A19000-19500&s=merchant-items&sr=1-201&xpid=MC76FKvB72qlu#customerReviews,Princess Connect! Re:Dive Lino PP972 1/7 Scale PVC Painted Complete Figure
4817844485,Tankobon Hardcover,190.97,https://www.amazon.com.au/%E5%85%88%E4%BE%8B%E3%81%8B%E3%82%89%E8%AA%AD%E3%81%BF%E8%A7%A3%E3%81%8F-%E5%9C%9F%E5%9C%B0%E3%81%AE%E8%A1%A8%E7%A4%BA%E3%81%AB%E9%96%A2%E3%81%99%E3%82%8B%E7%99%BB%E8%A8%98%E3%81%AE%E5%AE%9F%E5%8B%99-%E5%BE%8C%E8%97%A4-%E6%B5%A9%E5%B9%B3/dp/4817844485/ref=sr_1_202?dib=eyJ2IjoiMSJ9.6LmJugVxIVubylZwlKhya36qAQ9nwgQC5zY-Ob1asFqu-S7jMa-1mb2sC1IMjEdwi7XbqVNV9wL0vRGg8PcM9UdPaEWLQjDaqjUb5CdpY3CAExUrz51S1jaKo7dgAL8HKCWuR-TEYnKqQsLSoYV4hybkSgsAInuM6j0ED10-sqM.R4ZqcjpKT3usfwEdtw_-avkTF54UNLof3UwaDBgQUm4&dib_tag=se&m=ANBW5NGGTP7SK&marketplaceID=A39IBJ37TRP1C6&qid=1777190182&refinements=p_36%3A19000-19500&s=merchant-items&sr=1-202&xpid=MC76FKvB72qlu#customerReviews,先例から読み解く! 土地の表示に関する登記の実務
4817844485,,,,
4815810214,Tankobon Hardcover,193.91,https://www.amazon.com.au/%E7%A5%9E%E4%BB%8F%E8%9E%8D%E5%90%88%E3%81%AE%E6%9D%B1%E3%82%A2%E3%82%B8%E3%82%A2%E5%8F%B2/dp/4815810214/ref=sr_1_203?dib=eyJ2IjoiMSJ9.6LmJugVxIVubylZwlKhya36qAQ9nwgQC5zY-Ob1asFqu-S7jMa-1mb2sC1IMjEdwi7XbqVNV9wL0vRGg8PcM9UdPaEWLQjDaqjUb5CdpY3CAExUrz51S1jaKo7dgAL8HKCWuR-TEYnKqQsLSoYV4hybkSgsAInuM6j0ED10-sqM.R4ZqcjpKT3usfwEdtw_-avkTF54UNLof3UwaDBgQUm4&dib_tag=se&m=ANBW5NGGTP7SK&marketplaceID=A39IBJ37TRP1C6&qid=1777190182&refinements=p_36%3A19000-19500&s=merchant-items&sr=1-203&xpid=MC76FKvB72qlu#customerReviews,神仏融合の東アジア史
4815810214,,,,
B09CHJSQSQ,,193.81,https://www.amazon.com.au/NHX-Profile-Coreless-Titanium-Digital/dp/B09CHJSQSQ/ref=sr_1_209?dib=eyJ2IjoiMSJ9.S6sLt6Wb60DrC6GeVY8VHb-xMGD5ldtIEYxgn5NwPVxq7xzUe9O5V_7k_agfs2JctwPpmo2Zdvjh3aBtN07_lQ.KpoL5zZ1SuWmEHlXS_EfJq3HaKxHyiYlpQKk18_QFU4&dib_tag=se&m=ANBW5NGGTP7SK&marketplaceID=A39IBJ37TRP1C6&qid=1777190188&refinements=p_36%3A19000-19500&s=merchant-items&sr=1-209&xpid=MC76FKvB72qlu#customerReviews,NHX RC 180LP Low Profile HV Servo Coreless 180 oz / .05 Titanium Gear Digital
4815810206,Tankobon Hardcover,190.87,https://www.amazon.com.au/%E5%BB%BA%E8%A8%AD%E5%8A%B4%E5%83%8D%E3%81%A8%E7%A7%BB%E6%B0%91_%E6%97%A5%E7%B1%B3%E3%81%AB%E3%81%8A%E3%81%91%E3%82%8B%E7%94%A3%E6%A5%AD%E5%86%8D%E7%B7%A8%E6%88%90%E3%81%A8%E6%8A%80%E8%83%BD_-%E6%83%A0%E7%BE%85-%E3%81%95%E3%81%A8%E3%81%BF/dp/4815810206/ref=sr_1_210?dib=eyJ2IjoiMSJ9.S6sLt6Wb60DrC6GeVY8VHb-xMGD5ldtIEYxgn5NwPVxq7xzUe9O5V_7k_agfs2JctwPpmo2Zdvjh3aBtN07_lQ.KpoL5zZ1SuWmEHlXS_EfJq3HaKxHyiYlpQKk18_QFU4&dib_tag=se&m=ANBW5NGGTP7SK&marketplaceID=A39IBJ37TRP1C6&qid=1777190188&refinements=p_36%3A19000-19500&s=merchant-items&sr=1-210&xpid=MC76FKvB72qlu#customerReviews,建設労働と移民―日米における産業再編成と技能―
4815810206,,,,
4815810176,Tankobon Hardcover,191.26,https://www.amazon.com.au/%E6%88%A6%E4%BA%89%E9%9A%9C%E5%AE%B3%E8%80%85%E3%81%AE%E7%A4%BE%E4%BC%9A%E5%8F%B2_20%E4%B8%96%E7%B4%80%E3%83%89%E3%82%A4%E3%83%84%E3%81%AE%E7%B5%8C%E9%A8%93%E3%81%A8%E7%A6%8F%E7%A5%89%E5%9B%BD%E5%AE%B6_-%E5%8C%97%E6%9D%91-%E9%99%BD%E5%AD%90/dp/4815810176/ref=sr_1_211?dib=eyJ2IjoiMSJ9.S6sLt6Wb60DrC6GeVY8VHb-xMGD5ldtIEYxgn5NwPVxq7xzUe9O5V_7k_agfs2JctwPpmo2Zdvjh3aBtN07_lQ.KpoL5zZ1SuWmEHlXS_EfJq3HaKxHyiYlpQKk18_QFU4&dib_tag=se&m=ANBW5NGGTP7SK&marketplaceID=A39IBJ37TRP1C6&qid=1777190188&refinements=p_36%3A19000-19500&s=merchant-items&sr=1-211&xpid=MC76FKvB72qlu#customerReviews,戦争障害者の社会史―20世紀ドイツの経験と福祉国家―
4815810176,,,,
B0915QXCBJ,,194.02,https://www.amazon.com.au/RIDEA-Release-Folding-ES3D-74-147-06736/dp/B0915QXCBJ/ref=sr_1_212?dib=eyJ2IjoiMSJ9.S6sLt6Wb60DrC6GeVY8VHb-xMGD5ldtIEYxgn5NwPVxq7xzUe9O5V_7k_agfs2JctwPpmo2Zdvjh3aBtN07_lQ.KpoL5zZ1SuWmEHlXS_EfJq3HaKxHyiYlpQKk18_QFU4&dib_tag=se&m=ANBW5NGGTP7SK&marketplaceID=A39IBJ37TRP1C6&qid=1777190188&refinements=p_36%3A19000-19500&s=merchant-items&sr=1-212&xpid=MC76FKvB72qlu,RIDEA Ti Quick Release Folding Bike ES3D-74/130 Black 147-06736
B0915QXCBJ,,,,
4815810117,Tankobon Hardcover,192.6,https://www.amazon.com.au/%E6%AD%B4%E5%8F%B2%E6%95%99%E8%82%B2%E3%81%AE%E6%AF%94%E8%BC%83%E5%8F%B2/dp/4815810117/ref=sr_1_213?dib=eyJ2IjoiMSJ9.S6sLt6Wb60DrC6GeVY8VHb-xMGD5ldtIEYxgn5NwPVxq7xzUe9O5V_7k_agfs2JctwPpmo2Zdvjh3aBtN07_lQ.KpoL5zZ1SuWmEHlXS_EfJq3HaKxHyiYlpQKk18_QFU4&dib_tag=se&m=ANBW5NGGTP7SK&marketplaceID=A39IBJ37TRP1C6&qid=1777190188&refinements=p_36%3A19000-19500&s=merchant-items&sr=1-213&xpid=MC76FKvB72qlu#customerReviews,歴史教育の比較史
4815810117,,,,
4815808406,Tankobon Hardcover,192.63,https://www.amazon.com.au/%E6%97%A5%E6%9C%AC%E3%81%AE%E7%94%A3%E6%A5%AD%E6%95%99%E8%82%B2_%E6%AD%B4%E5%8F%B2%E3%81%8B%E3%82%89%E3%81%AE%E5%B1%95%E6%9C%9B_-%E4%B8%89%E5%A5%BD-%E4%BF%A1%E6%B5%A9/dp/4815808406/ref=sr_1_209?dib=eyJ2IjoiMSJ9.P1EQt8468M2JayiHjNu8xWx-MaRF2Rnv_HLI7i4UU7GBB2bDLvJkWsBt_qCLjDJWFvAG6z0dYdNApDiObdNLw01fx1r0W5uutHpA0o7RjEPsq-gOnEDZgbczwTOgyKRsXMiuLPK_xtv4XYdKuFsox0QTSxSSVZtSOjtdeCDplys.znQTYQt3oNHVoEvOExLalGO0LN-AeXJsnFLGMEUy5Wo&dib_tag=se&m=ANBW5NGGTP7SK&marketplaceID=A39IBJ37TRP1C6&qid=1777190188&refinements=p_36%3A19000-19500&s=merchant-items&sr=1-209&xpid=MC76FKvB72qlu,日本の産業教育―歴史からの展望―
4815808406,,,,
B0915QFBK4,,193.05,https://www.amazon.com.au/RIDEA-15%C2%B0Swivel-Mudguard-Roller-147-10523/dp/B0915QFBK4/ref=sr_1_210?dib=eyJ2IjoiMSJ9.P1EQt8468M2JayiHjNu8xWx-MaRF2Rnv_HLI7i4UU7GBB2bDLvJkWsBt_qCLjDJWFvAG6z0dYdNApDiObdNLw01fx1r0W5uutHpA0o7RjEPsq-gOnEDZgbczwTOgyKRsXMiuLPK_xtv4XYdKuFsox0QTSxSSVZtSOjtdeCDplys.znQTYQt3oNHVoEvOExLalGO0LN-AeXJsnFLGMEUy5Wo&dib_tag=se&m=ANBW5NGGTP7SK&marketplaceID=A39IBJ37TRP1C6&qid=1777190188&refinements=p_36%3A19000-19500&s=merchant-items&sr=1-210&xpid=MC76FKvB72qlu,RIDEA Duo 15°Swivel Rear Mudguard Roller RMR3 Silver 147-10523
B0915QFBK4,,,,
4815806209,Tankobon Hardcover,190.05,https://www.amazon.com.au/%E3%82%A2%E3%82%B8%E3%82%A2%E3%81%AE%E5%9C%A8%E6%9D%A5%E5%AE%B6%E7%95%9C_%E5%AE%B6%E7%95%9C%E3%81%AE%E8%B5%B7%E6%BA%90%E3%81%A8%E7%B3%BB%E7%B5%B1%E5%8F%B2_/dp/4815806209/ref=sr_1_211?dib=eyJ2IjoiMSJ9.P1EQt8468M2JayiHjNu8xWx-MaRF2Rnv_HLI7i4UU7GBB2bDLvJkWsBt_qCLjDJWFvAG6z0dYdNApDiObdNLw01fx1r0W5uutHpA0o7RjEPsq-gOnEDZgbczwTOgyKRsXMiuLPK_xtv4XYdKuFsox0QTSxSSVZtSOjtdeCDplys.znQTYQt3oNHVoEvOExLalGO0LN-AeXJsnFLGMEUy5Wo&dib_tag=se&m=ANBW5NGGTP7SK&marketplaceID=A39IBJ37TRP1C6&qid=1777190188&refinements=p_36%3A19000-19500&s=merchant-items&sr=1-211&xpid=MC76FKvB72qlu#customerReviews,アジアの在来家畜―家畜の起源と系統史―
4815806209,,,,
481580611X,Tankobon Hardcover,192.39,https://www.amazon.com.au/%E8%BF%91%E4%BB%A3%E8%A3%BD%E7%B3%B8%E6%8A%80%E8%A1%93%E3%81%A8%E3%82%A2%E3%82%B8%E3%82%A2_%E6%8A%80%E8%A1%93%E5%B0%8E%E5%85%A5%E3%81%AE%E6%AF%94%E8%BC%83%E7%B5%8C%E6%B8%88%E5%8F%B2_-%E6%B8%85%E5%B7%9D-%E9%9B%AA%E5%BD%A6/dp/481580611X/ref=sr_1_212?dib=eyJ2IjoiMSJ9.P1EQt8468M2JayiHjNu8xWx-MaRF2Rnv_HLI7i4UU7GBB2bDLvJkWsBt_qCLjDJWFvAG6z0dYdNApDiObdNLw01fx1r0W5uutHpA0o7RjEPsq-gOnEDZgbczwTOgyKRsXMiuLPK_xtv4XYdKuFsox0QTSxSSVZtSOjtdeCDplys.znQTYQt3oNHVoEvOExLalGO0LN-AeXJsnFLGMEUy5Wo&dib_tag=se&m=ANBW5NGGTP7SK&marketplaceID=A39IBJ37TRP1C6&qid=1777190188&refinements=p_36%3A19000-19500&s=merchant-items&sr=1-212&xpid=MC76FKvB72qlu,近代製糸技術とアジア―技術導入の比較経済史―
481580611X,,,,
B0915PKPB5,,193.05,https://www.amazon.com.au/RIDEA-15%C2%B0Swivel-Mudguard-Roller-147-10521/dp/B0915PKPB5/ref=sr_1_213?dib=eyJ2IjoiMSJ9.P1EQt8468M2JayiHjNu8xWx-MaRF2Rnv_HLI7i4UU7GBB2bDLvJkWsBt_qCLjDJWFvAG6z0dYdNApDiObdNLw01fx1r0W5uutHpA0o7RjEPsq-gOnEDZgbczwTOgyKRsXMiuLPK_xtv4XYdKuFsox0QTSxSSVZtSOjtdeCDplys.znQTYQt3oNHVoEvOExLalGO0LN-AeXJsnFLGMEUy5Wo&dib_tag=se&m=ANBW5NGGTP7SK&marketplaceID=A39IBJ37TRP1C6&qid=1777190188&refinements=p_36%3A19000-19500&s=merchant-items&sr=1-213&xpid=MC76FKvB72qlu,RIDEA Duo 15°Swivel Rear Mudguard Roller RMR3 Gold 147-10521
B0915PKPB5,,,,
4815805911,Tankobon Hardcover,191.97,https://www.amazon.com.au/%E3%82%A2%E3%83%A1%E3%83%AA%E3%82%AB%E5%B8%82%E6%B0%91%E6%A8%A9%E9%81%8B%E5%8B%95%E3%81%AE%E6%AD%B4%E5%8F%B2_%E9%80%A3%E9%8E%96%E3%81%99%E3%82%8B%E5%9C%B0%E5%9F%9F%E9%97%98%E4%BA%89%E3%81%A8%E5%90%88%E8%A1%86%E5%9B%BD%E7%A4%BE%E4%BC%9A_-%E5%8D%97%E5%B1%B1%E5%A4%A7%E5%AD%A6%E5%AD%A6%E8%A1%93%E5%8F%A2%E6%9B%B8-%E5%B7%9D%E5%B3%B6-%E6%AD%A3%E6%A8%B9/dp/4815805911/ref=sr_1_214?dib=eyJ2IjoiMSJ9.P1EQt8468M2JayiHjNu8xWx-MaRF2Rnv_HLI7i4UU7GBB2bDLvJkWsBt_qCLjDJWFvAG6z0dYdNApDiObdNLw01fx1r0W5uutHpA0o7RjEPsq-gOnEDZgbczwTOgyKRsXMiuLPK_xtv4XYdKuFsox0QTSxSSVZtSOjtdeCDplys.znQTYQt3oNHVoEvOExLalGO0LN-AeXJsnFLGMEUy5Wo&dib_tag=se&m=ANBW5NGGTP7SK&marketplaceID=A39IBJ37TRP1C6&qid=1777190188&refinements=p_36%3A19000-19500&s=merchant-items&sr=1-214&xpid=MC76FKvB72qlu#customerReviews,アメリカ市民権運動の歴史―連鎖する地域闘争と合衆国社会― (南山大学学術叢書)
4815805911,,,,
4815805652,Tankobon Hardcover,191.04,https://www.amazon.com.au/%E6%BA%90%E6%B0%8F%E7%89%A9%E8%AA%9E%E3%81%AE%E8%A9%A9%E5%AD%A6_%E3%81%8B%E3%81%AA%E7%89%A9%E8%AA%9E%E3%81%AE%E7%94%9F%E6%88%90%E3%81%A8%E5%BF%83%E7%9A%84%E9%81%A0%E8%BF%91%E6%B3%95_-%E9%AB%98%E6%A9%8B-%E4%BA%A8/dp/4815805652/ref=sr_1_215?dib=eyJ2IjoiMSJ9.P1EQt8468M2JayiHjNu8xWx-MaRF2Rnv_HLI7i4UU7GBB2bDLvJkWsBt_qCLjDJWFvAG6z0dYdNApDiObdNLw01fx1r0W5uutHpA0o7RjEPsq-gOnEDZgbczwTOgyKRsXMiuLPK_xtv4XYdKuFsox0QTSxSSVZtSOjtdeCDplys.znQTYQt3oNHVoEvOExLalGO0LN-AeXJsnFLGMEUy5Wo&dib_tag=se&m=ANBW5NGGTP7SK&marketplaceID=A39IBJ37TRP1C6&qid=1777190188&refinements=p_36%3A19000-19500&s=merchant-items&sr=1-215&xpid=MC76FKvB72qlu,源氏物語の詩学―かな物語の生成と心的遠近法―
4815805652,,,,
B0915NHM22,,191.88,https://www.amazon.com.au/RIDEA-Release-LS3D-100-Titanium-147-04514/dp/B0915NHM22/ref=sr_1_216?dib=eyJ2IjoiMSJ9.P1EQt8468M2JayiHjNu8xWx-MaRF2Rnv_HLI7i4UU7GBB2bDLvJkWsBt_qCLjDJWFvAG6z0dYdNApDiObdNLw01fx1r0W5uutHpA0o7RjEPsq-gOnEDZgbczwTOgyKRsXMiuLPK_xtv4XYdKuFsox0QTSxSSVZtSOjtdeCDplys.znQTYQt3oNHVoEvOExLalGO0LN-AeXJsnFLGMEUy5Wo&dib_tag=se&m=ANBW5NGGTP7SK&marketplaceID=A39IBJ37TRP1C6&qid=1777190188&refinements=p_36%3A19000-19500&s=merchant-items&sr=1-216&xpid=MC76FKvB72qlu,RIDEA Ti Quick Release MTB LS3D-100/135 Titanium 147-04514
B0915NHM22,,,,
4815805148,Tankobon Hardcover,191.69,https://www.amazon.com.au/%E6%98%AD%E5%92%8C%E5%A4%A9%E7%9A%87%E3%81%A8%E7%AB%8B%E6%86%B2%E5%90%9B%E4%B8%BB%E5%88%B6%E3%81%AE%E5%B4%A9%E5%A3%8A_%E7%9D%A6%E4%BB%81%E3%83%BB%E5%98%89%E4%BB%81%E3%81%8B%E3%82%89%E8%A3%95%E4%BB%81%E3%81%B8_-%E4%BC%8A%E8%97%A4-%E4%B9%8B%E9%9B%84/dp/4815805148/ref=sr_1_217?dib=eyJ2IjoiMSJ9.P1EQt8468M2JayiHjNu8xWx-MaRF2Rnv_HLI7i4UU7GBB2bDLvJkWsBt_qCLjDJWFvAG6z0dYdNApDiObdNLw01fx1r0W5uutHpA0o7RjEPsq-gOnEDZgbczwTOgyKRsXMiuLPK_xtv4XYdKuFsox0QTSxSSVZtSOjtdeCDplys.znQTYQt3oNHVoEvOExLalGO0LN-AeXJsnFLGMEUy5Wo&dib_tag=se&m=ANBW5NGGTP7SK&marketplaceID=A39IBJ37TRP1C6&qid=1777190188&refinements=p_36%3A19000-19500&s=merchant-items&sr=1-217&xpid=MC76FKvB72qlu,昭和天皇と立憲君主制の崩壊―睦仁・嘉仁から裕仁へ―
4815805148,,,,
4815730873,Tankobon Hardcover,191.94,https://www.amazon.com.au/%E9%81%8B%E5%8B%95%E5%99%A8%E8%B6%85%E9%9F%B3%E6%B3%A2%E3%82%AC%E3%82%A4%E3%83%89%E4%B8%8B%E6%B2%BB%E7%99%82%E3%83%BB%E6%89%8B%E8%A1%93/dp/4815730873/ref=sr_1_218?dib=eyJ2IjoiMSJ9.P1EQt8468M2JayiHjNu8xWx-MaRF2Rnv_HLI7i4UU7GBB2bDLvJkWsBt_qCLjDJWFvAG6z0dYdNApDiObdNLw01fx1r0W5uutHpA0o7RjEPsq-gOnEDZgbczwTOgyKRsXMiuLPK_xtv4XYdKuFsox0QTSxSSVZtSOjtdeCDplys.znQTYQt3oNHVoEvOExLalGO0LN-AeXJsnFLGMEUy5Wo&dib_tag=se&m=ANBW5NGGTP7SK&marketplaceID=A39IBJ37TRP1C6&qid=1777190188&refinements=p_36%3A19000-19500&s=merchant-items&sr=1-218&xpid=MC76FKvB72qlu#customerReviews,運動器超音波ガイド下治療・手術
4815730873,,,,
4815730822,Tankobon Hardcover,194.7,https://www.amazon.com.au/%E5%B0%8F%E5%85%90%E6%95%91%E5%91%BD%E6%95%91%E6%80%A5%E3%83%BBICU%E3%83%94%E3%83%83%E3%82%AF%E3%82%A2%E3%83%83%E3%83%97%E2%91%A6ECMO/dp/4815730822/ref=sr_1_219?dib=eyJ2IjoiMSJ9.P1EQt8468M2JayiHjNu8xWx-MaRF2Rnv_HLI7i4UU7GBB2bDLvJkWsBt_qCLjDJWFvAG6z0dYdNApDiObdNLw01fx1r0W5uutHpA0o7RjEPsq-gOnEDZgbczwTOgyKRsXMiuLPK_xtv4XYdKuFsox0QTSxSSVZtSOjtdeCDplys.znQTYQt3oNHVoEvOExLalGO0LN-AeXJsnFLGMEUy5Wo&dib_tag=se&m=ANBW5NGGTP7SK&marketplaceID=A39IBJ37TRP1C6&qid=1777190188&refinements=p_36%3A19000-19500&s=merchant-items&sr=1-219&xpid=MC76FKvB72qlu#customerReviews,小児救命救急・ICUピックアップ⑦ECMO
4815730822,,,,
4815701563,Tankobon Hardcover,190.27,https://www.amazon.com.au/%E7%97%87%E4%BE%8B%E3%81%8B%E3%82%89%E5%AD%A6%E3%81%B6%E6%B3%8C%E5%B0%BF%E5%99%A8%E7%96%BE%E6%82%A3%E3%81%AE%E7%94%BB%E5%83%8F%E8%A8%BA%E6%96%AD/dp/4815701563/ref=sr_1_225?dib=eyJ2IjoiMSJ9.2G8lZEu5q0XyT-5sHIw7kxaTuUGZQcTH6Dn78CeWeSU8-O_gp_aCfFA4UCFRn4knxWXI-feiqilSECxR7N7ikg.QbzF85tpMJurVUose0vRbb7Ss6iM4uXjjM-8R39HT1k&dib_tag=se&m=ANBW5NGGTP7SK&marketplaceID=A39IBJ37TRP1C6&qid=1777190194&refinements=p_36%3A19000-19500&s=merchant-items&sr=1-225&xpid=MC76FKvB72qlu#customerReviews,症例から学ぶ泌尿器疾患の画像診断
4815701563,,,,
B07Z52K2N9,,190.03,https://www.amazon.com.au/Kotobukiya-ArtFX-J-Kimetsu-Agatsuma-Zenitsu/dp/B07Z52K2N9/ref=sr_1_226?dib=eyJ2IjoiMSJ9.2G8lZEu5q0XyT-5sHIw7kxaTuUGZQcTH6Dn78CeWeSU8-O_gp_aCfFA4UCFRn4knxWXI-feiqilSECxR7N7ikg.QbzF85tpMJurVUose0vRbb7Ss6iM4uXjjM-8R39HT1k&dib_tag=se&m=ANBW5NGGTP7SK&marketplaceID=A39IBJ37TRP1C6&qid=1777190194&refinements=p_36%3A19000-19500&s=merchant-items&sr=1-226&xpid=MC76FKvB72qlu#customerReviews,Kotobukiya ArtFX-J Demon Slayer Kimetsu no Yaiba Agatsuma Zenitsu 1/8 Scale PVC Figure Statue
4815701261,Tankobon Hardcover,190.47,https://www.amazon.com.au/%E9%87%8D%E7%97%87%E6%82%A3%E8%80%85%E7%AE%A1%E7%90%86%E3%83%9E%E3%83%8B%E3%83%A5%E3%82%A2%E3%83%AB/dp/4815701261/ref=sr_1_227?dib=eyJ2IjoiMSJ9.2G8lZEu5q0XyT-5sHIw7kxaTuUGZQcTH6Dn78CeWeSU8-O_gp_aCfFA4UCFRn4knxWXI-feiqilSECxR7N7ikg.QbzF85tpMJurVUose0vRbb7Ss6iM4uXjjM-8R39HT1k&dib_tag=se&m=ANBW5NGGTP7SK&marketplaceID=A39IBJ37TRP1C6&qid=1777190194&refinements=p_36%3A19000-19500&s=merchant-items&sr=1-227&xpid=MC76FKvB72qlu#customerReviews,重症患者管理マニュアル
4815701261,,,,
4814400373,Tankobon Softcover,192.02,https://www.amazon.com.au/Python%E3%81%A7%E3%81%AF%E3%81%98%E3%82%81%E3%82%8B%E3%83%90%E3%82%A4%E3%82%AA%E3%82%A4%E3%83%B3%E3%83%95%E3%82%A9%E3%83%9E%E3%83%86%E3%82%A3%E3%82%AF%E3%82%B9-_%E5%8F%AF%E8%AA%AD%E6%80%A7%E3%83%BB%E6%8B%A1%E5%BC%B5%E6%80%A7%E3%83%BB%E5%86%8D%E7%8F%BE%E6%80%A7%E3%81%AE%E3%81%82%E3%82%8B%E3%82%B3%E3%83%BC%E3%83%89%E3%82%92%E6%9B%B8%E3%81%8F%E3%81%9F%E3%82%81%E3%81%AB-Ken-Youens-Clark/dp/4814400373/ref=sr_1_228?dib=eyJ2IjoiMSJ9.2G8lZEu5q0XyT-5sHIw7kxaTuUGZQcTH6Dn78CeWeSU8-O_gp_aCfFA4UCFRn4knxWXI-feiqilSECxR7N7ikg.QbzF85tpMJurVUose0vRbb7Ss6iM4uXjjM-8R39HT1k&dib_tag=se&m=ANBW5NGGTP7SK&marketplaceID=A39IBJ37TRP1C6&qid=1777190194&refinements=p_36%3A19000-19500&s=merchant-items&sr=1-228&xpid=MC76FKvB72qlu,Pythonではじめるバイオインフォマティクス ―可読性・拡張性・再現性のあるコードを書くために
4814400373,,,,
B0BS9CT42M,,193.47,https://www.amazon.com.au/reins-%E3%83%AC%E3%82%A4%E3%83%B3-buckan-middle-orange/dp/B0BS9CT42M/ref=sr_1_229?dib=eyJ2IjoiMSJ9.2G8lZEu5q0XyT-5sHIw7kxaTuUGZQcTH6Dn78CeWeSU8-O_gp_aCfFA4UCFRn4knxWXI-feiqilSECxR7N7ikg.QbzF85tpMJurVUose0vRbb7Ss6iM4uXjjM-8R39HT1k&dib_tag=se&m=ANBW5NGGTP7SK&marketplaceID=A39IBJ37TRP1C6&qid=1777190194&refinements=p_36%3A19000-19500&s=merchant-items&sr=1-229&xpid=MC76FKvB72qlu#customerReviews,reins buckan middle orange
B0BS9CT42M,,,,
4810609847,JP Oversized,194.8,https://www.amazon.com.au/%E3%82%B3%E3%83%B3%E3%82%AF%E3%83%AA%E3%83%BC%E3%83%88%E6%A8%99%E6%BA%96%E7%A4%BA%E6%96%B9%E6%9B%B8-%E7%B6%AD%E6%8C%81%E7%AE%A1%E7%90%86%E7%B7%A8-2022%E5%B9%B4%E5%88%B6%E5%AE%9A-%E5%9C%9F%E6%9C%A8%E5%AD%A6%E4%BC%9A%E3%82%B3%E3%83%B3%E3%82%AF%E3%83%AA%E3%83%BC%E3%83%88%E5%A7%94%E5%93%A1%E4%BC%9A%E3%82%B3%E3%83%B3%E3%82%AF%E3%83%AA%E3%83%BC%E3%83%88%E6%A8%99%E6%BA%96%E7%A4%BA%E6%96%B9%E6%9B%B8%E6%94%B9%E8%A8%82%E5%B0%8F%E5%A7%94%E5%93%A1%E4%BC%9A/dp/4810609847/ref=sr_1_225?dib=eyJ2IjoiMSJ9.iRas1APVnYJ72YLw56KgPMcxf5nbIZXjMPL8N5zFrtO4wiTE_SquS3cbtadVLKucZYS2JBPtqs5Tiweep9Z5gtdUTN_XeRjUMNhXwVR02CoANu8qhY7Rdo2UCFIu_yXi3rXJingX5LXJboNufOUmk8DQkd2GRfcLqcRq6Ml9UC8.pMAOs4igq-gNqxINfZ3nFK1lFFvxUPcy9BcRb7HBzoo&dib_tag=se&m=ANBW5NGGTP7SK&marketplaceID=A39IBJ37TRP1C6&qid=1777190194&refinements=p_36%3A19000-19500&s=merchant-items&sr=1-225&xpid=MC76FKvB72qlu#customerReviews,コンクリート標準示方書 維持管理編 (2022年制定)
4810609847,,,,
480585801X,Tankobon Hardcover,193.87,https://www.amazon.com.au/%E6%96%B0%E8%A8%82%E7%AC%AC%E4%BA%94%E7%89%88-%E8%BA%AB%E4%BD%93%E9%9A%9C%E5%AE%B3%E8%AA%8D%E5%AE%9A%E5%9F%BA%E6%BA%96%E5%8F%8A%E3%81%B3%E8%AA%8D%E5%AE%9A%E8%A6%81%E9%A0%98-%E8%A7%A3%E9%87%88%E3%81%A8%E9%81%8B%E7%94%A8/dp/480585801X/ref=sr_1_226?dib=eyJ2IjoiMSJ9.iRas1APVnYJ72YLw56KgPMcxf5nbIZXjMPL8N5zFrtO4wiTE_SquS3cbtadVLKucZYS2JBPtqs5Tiweep9Z5gtdUTN_XeRjUMNhXwVR02CoANu8qhY7Rdo2UCFIu_yXi3rXJingX5LXJboNufOUmk8DQkd2GRfcLqcRq6Ml9UC8.pMAOs4igq-gNqxINfZ3nFK1lFFvxUPcy9BcRb7HBzoo&dib_tag=se&m=ANBW5NGGTP7SK&marketplaceID=A39IBJ37TRP1C6&qid=1777190194&refinements=p_36%3A19000-19500&s=merchant-items&sr=1-226&xpid=MC76FKvB72qlu#customerReviews,新訂第五版 身体障害認定基準及び認定要領: 解釈と運用
480585801X,,,,
4805207515,JP Oversized,193.67,https://www.amazon.com.au/%E6%9C%88%E9%9D%A2%E3%82%A6%E3%82%A9%E3%83%83%E3%83%81%E3%83%B3%E3%82%B0_%E3%82%A8%E3%83%AA%E3%82%A2%E5%88%A5%E3%82%AC%E3%82%A4%E3%83%89%E3%83%9E%E3%83%83%E3%83%97-%E3%83%AB%E3%83%BC%E3%82%AF%E3%83%AB/dp/4805207515/ref=sr_1_227?dib=eyJ2IjoiMSJ9.iRas1APVnYJ72YLw56KgPMcxf5nbIZXjMPL8N5zFrtO4wiTE_SquS3cbtadVLKucZYS2JBPtqs5Tiweep9Z5gtdUTN_XeRjUMNhXwVR02CoANu8qhY7Rdo2UCFIu_yXi3rXJingX5LXJboNufOUmk8DQkd2GRfcLqcRq6Ml9UC8.pMAOs4igq-gNqxINfZ3nFK1lFFvxUPcy9BcRb7HBzoo&dib_tag=se&m=ANBW5NGGTP7SK&marketplaceID=A39IBJ37TRP1C6&qid=1777190194&refinements=p_36%3A19000-19500&s=merchant-items&sr=1-227&xpid=MC76FKvB72qlu#customerReviews,月面ウォッチング―エリア別ガイドマップ
4805207515,,,,
4805111097,Tankobon Hardcover,192.57,https://www.amazon.com.au/%E8%B6%8A%E5%A2%83%E5%A4%A7%E6%B0%97%E6%B1%9A%E6%9F%93%E3%81%AE%E6%AF%94%E8%BC%83%E6%94%BF%E6%B2%BB%E5%AD%A6-_%E6%AC%A7%E5%B7%9E%E3%80%81%E5%8C%97%E7%B1%B3%E3%80%81%E6%9D%B1%E3%82%A2%E3%82%B8%E3%82%A2-%E9%AB%99%E6%A9%8B-%E8%8B%A5%E8%8F%9C/dp/4805111097/ref=sr_1_228?dib=eyJ2IjoiMSJ9.iRas1APVnYJ72YLw56KgPMcxf5nbIZXjMPL8N5zFrtO4wiTE_SquS3cbtadVLKucZYS2JBPtqs5Tiweep9Z5gtdUTN_XeRjUMNhXwVR02CoANu8qhY7Rdo2UCFIu_yXi3rXJingX5LXJboNufOUmk8DQkd2GRfcLqcRq6Ml9UC8.pMAOs4igq-gNqxINfZ3nFK1lFFvxUPcy9BcRb7HBzoo&dib_tag=se&m=ANBW5NGGTP7SK&marketplaceID=A39IBJ37TRP1C6&qid=1777190194&refinements=p_36%3A19000-19500&s=merchant-items&sr=1-228&xpid=MC76FKvB72qlu,越境大気汚染の比較政治学 ―欧州、北米、東アジア
4805111097,,,,
B09PR2T4LT,,193.44,https://www.amazon.com.au/SEAT-Cover-Smoke-Cobalt-Covers/dp/B09PR2T4LT/ref=sr_1_229?dib=eyJ2IjoiMSJ9.iRas1APVnYJ72YLw56KgPMcxf5nbIZXjMPL8N5zFrtO4wiTE_SquS3cbtadVLKucZYS2JBPtqs5Tiweep9Z5gtdUTN_XeRjUMNhXwVR02CoANu8qhY7Rdo2UCFIu_yXi3rXJingX5LXJboNufOUmk8DQkd2GRfcLqcRq6Ml9UC8.pMAOs4igq-gNqxINfZ3nFK1lFFvxUPcy9BcRb7HBzoo&dib_tag=se&m=ANBW5NGGTP7SK&marketplaceID=A39IBJ37TRP1C6&qid=1777190194&refinements=p_36%3A19000-19500&s=merchant-items&sr=1-229&xpid=MC76FKvB72qlu,TLS Hug CAR SEAT Cover Smoke/Cobalt | Hug Car Seat Covers
B09PR2T4LT,,,,
4804380108,Tankobon Hardcover,193.95,https://www.amazon.com.au/%E5%8D%81%E4%BD%8F%E6%AF%98%E5%A9%86%E6%B2%99%E8%AB%96-%E6%96%B0%E5%9B%BD%E8%A8%B3%E5%A4%A7%E8%94%B5%E7%B5%8C/dp/4804380108/ref=sr_1_230?dib=eyJ2IjoiMSJ9.iRas1APVnYJ72YLw56KgPMcxf5nbIZXjMPL8N5zFrtO4wiTE_SquS3cbtadVLKucZYS2JBPtqs5Tiweep9Z5gtdUTN_XeRjUMNhXwVR02CoANu8qhY7Rdo2UCFIu_yXi3rXJingX5LXJboNufOUmk8DQkd2GRfcLqcRq6Ml9UC8.pMAOs4igq-gNqxINfZ3nFK1lFFvxUPcy9BcRb7HBzoo&dib_tag=se&m=ANBW5NGGTP7SK&marketplaceID=A39IBJ37TRP1C6&qid=1777190194&refinements=p_36%3A19000-19500&s=merchant-items&sr=1-230&xpid=MC76FKvB72qlu#customerReviews,十住毘婆沙論 (新国訳大蔵経): 2
4804380108,,,,
4802892349,Tankobon Hardcover,193.82,https://www.amazon.com.au/%E6%94%B9%E6%AD%A3%E5%9C%9F%E5%9C%B0%E5%8F%8E%E7%94%A8%E6%B3%95%E3%81%AE%E8%A7%A3%E8%AA%AC-%E5%B9%B3%E6%88%9013%E5%B9%B4%E6%94%B9%E6%AD%A3%E5%AE%8C%E5%85%A8%E5%AF%BE%E5%BF%9C%E7%89%88/dp/4802892349/ref=sr_1_231?dib=eyJ2IjoiMSJ9.iRas1APVnYJ72YLw56KgPMcxf5nbIZXjMPL8N5zFrtO4wiTE_SquS3cbtadVLKucZYS2JBPtqs5Tiweep9Z5gtdUTN_XeRjUMNhXwVR02CoANu8qhY7Rdo2UCFIu_yXi3rXJingX5LXJboNufOUmk8DQkd2GRfcLqcRq6Ml9UC8.pMAOs4igq-gNqxINfZ3nFK1lFFvxUPcy9BcRb7HBzoo&dib_tag=se&m=ANBW5NGGTP7SK&marketplaceID=A39IBJ37TRP1C6&qid=1777190194&refinements=p_36%3A19000-19500&s=merchant-items&sr=1-231&xpid=MC76FKvB72qlu#customerReviews,改正土地収用法の解説 平成13年改正完全対応版: 2001
4802892349,,,,
B09CYV67F3,,194.79,https://www.amazon.com.au/Yany-Ligature-Tightening-Saxophone-Nico-chan/dp/B09CYV67F3/ref=sr_1_232?dib=eyJ2IjoiMSJ9.iRas1APVnYJ72YLw56KgPMcxf5nbIZXjMPL8N5zFrtO4wiTE_SquS3cbtadVLKucZYS2JBPtqs5Tiweep9Z5gtdUTN_XeRjUMNhXwVR02CoANu8qhY7Rdo2UCFIu_yXi3rXJingX5LXJboNufOUmk8DQkd2GRfcLqcRq6Ml9UC8.pMAOs4igq-gNqxINfZ3nFK1lFFvxUPcy9BcRb7HBzoo&dib_tag=se&m=ANBW5NGGTP7SK&marketplaceID=A39IBJ37TRP1C6&qid=1777190194&refinements=p_36%3A19000-19500&s=merchant-items&sr=1-232&xpid=MC76FKvB72qlu,Yany Ligature Ligature for Ebonite (Reverse Tightening/One Screw) Baritone Saxophone Gold Plated Finish Yany Nico-chan
B09CYV67F3,,,,
4802829841,Tankobon Hardcover,191.04,https://www.amazon.com.au/%E5%B9%B3%E6%88%90%E6%99%82%E4%BB%A3%E3%81%AB%E3%81%8A%E3%81%91%E3%82%8B%E5%80%9F%E5%9C%B0%E3%83%BB%E5%80%9F%E5%AE%B6%E3%81%AE%E5%88%A4%E4%BE%8B%E3%81%A8%E5%AE%9F%E5%8B%99/dp/4802829841/ref=sr_1_233?dib=eyJ2IjoiMSJ9.iRas1APVnYJ72YLw56KgPMcxf5nbIZXjMPL8N5zFrtO4wiTE_SquS3cbtadVLKucZYS2JBPtqs5Tiweep9Z5gtdUTN_XeRjUMNhXwVR02CoANu8qhY7Rdo2UCFIu_yXi3rXJingX5LXJboNufOUmk8DQkd2GRfcLqcRq6Ml9UC8.pMAOs4igq-gNqxINfZ3nFK1lFFvxUPcy9BcRb7HBzoo&dib_tag=se&m=ANBW5NGGTP7SK&marketplaceID=A39IBJ37TRP1C6&qid=1777190194&refinements=p_36%3A19000-19500&s=merchant-items&sr=1-233&xpid=MC76FKvB72qlu,平成時代における借地・借家の判例と実務
4802829841,,,,
4798912557,Tankobon Hardcover,191.73,https://www.amazon.com.au/Kokusai-kankyo-yaku-shiryo-shu/dp/4798912557/ref=sr_1_234?dib=eyJ2IjoiMSJ9.iRas1APVnYJ72YLw56KgPMcxf5nbIZXjMPL8N5zFrtO4wiTE_SquS3cbtadVLKucZYS2JBPtqs5Tiweep9Z5gtdUTN_XeRjUMNhXwVR02CoANu8qhY7Rdo2UCFIu_yXi3rXJingX5LXJboNufOUmk8DQkd2GRfcLqcRq6Ml9UC8.pMAOs4igq-gNqxINfZ3nFK1lFFvxUPcy9BcRb7HBzoo&dib_tag=se&m=ANBW5NGGTP7SK&marketplaceID=A39IBJ37TRP1C6&qid=1777190194&refinements=p_36%3A19000-19500&s=merchant-items&sr=1-234&xpid=MC76FKvB72qlu,Kokusai kankyo?? jo??yaku shiryo??shu??
4798912557,,,,
B092VQGJKS,,190.69,https://www.amazon.com.au/Spark-SF054-Miniature-Car-Blue/dp/B092VQGJKS/ref=sr_1_235?dib=eyJ2IjoiMSJ9.iRas1APVnYJ72YLw56KgPMcxf5nbIZXjMPL8N5zFrtO4wiTE_SquS3cbtadVLKucZYS2JBPtqs5Tiweep9Z5gtdUTN_XeRjUMNhXwVR02CoANu8qhY7Rdo2UCFIu_yXi3rXJingX5LXJboNufOUmk8DQkd2GRfcLqcRq6Ml9UC8.pMAOs4igq-gNqxINfZ3nFK1lFFvxUPcy9BcRb7HBzoo&dib_tag=se&m=ANBW5NGGTP7SK&marketplaceID=A39IBJ37TRP1C6&qid=1777190194&refinements=p_36%3A19000-19500&s=merchant-items&sr=1-235&xpid=MC76FKvB72qlu,Spark SF054 Miniature Car - Blue/Red
B092VQGJKS,,,,
4797280239,Tankobon Hardcover,194.4,https://www.amazon.com.au/%E6%96%B0%E5%82%B5%E6%A8%A9%E7%B7%8F%E8%AB%962-%E6%B3%95%E5%BE%8B%E5%AD%A6%E3%81%AE%E6%A3%AE-%E6%BD%AE%E8%A6%8B-%E4%BD%B3%E7%94%B7/dp/4797280239/ref=sr_1_241?dib=eyJ2IjoiMSJ9.ndHVtjUY9253_Td7x_MjbKxqK95c4TzFWJFoZs9hfxRDM0AZPmjlsPLbHZ-d-SWIhH6tcsv-rlsW4vVPDSA0yQ.hb3mpaXMMjuJSgLpIuds9TYtCOdaKXwdvVSIAaeQWx8&dib_tag=se&m=ANBW5NGGTP7SK&marketplaceID=A39IBJ37TRP1C6&qid=1777190199&refinements=p_36%3A19000-19500&s=merchant-items&sr=1-241&xpid=MC76FKvB72qlu#customerReviews,新債権総論2 (法律学の森)
4797280239,,,,
4797274220,Tankobon Hardcover,193.95,https://www.amazon.com.au/%E3%82%A8%E3%83%8D%E3%83%AB%E3%82%AE%E3%83%BC%E4%BE%9B%E7%B5%A6%E5%BC%B7%E9%9D%B1%E5%8C%96%E6%B3%95_%E9%9B%BB%E6%B0%97%E4%BA%8B%E6%A5%AD%E6%B3%95%E3%83%BBFIT%E6%B3%95%E3%83%BBJOGMEC%E6%B3%95%E6%94%B9%E6%AD%A3%E6%B3%95-%E9%87%8D%E8%A6%81%E6%B3%95%E4%BB%A4%E3%82%B7%E3%83%AA%E3%83%BC%E3%82%BA022/dp/4797274220/ref=sr_1_242?dib=eyJ2IjoiMSJ9.ndHVtjUY9253_Td7x_MjbKxqK95c4TzFWJFoZs9hfxRDM0AZPmjlsPLbHZ-d-SWIhH6tcsv-rlsW4vVPDSA0yQ.hb3mpaXMMjuJSgLpIuds9TYtCOdaKXwdvVSIAaeQWx8&dib_tag=se&m=ANBW5NGGTP7SK&marketplaceID=A39IBJ37TRP1C6&qid=1777190199&refinements=p_36%3A19000-19500&s=merchant-items&sr=1-242&xpid=MC76FKvB72qlu,エネルギー供給強靱化法―電気事業法・FIT法・JOGMEC法改正法 (重要法令シリーズ022)
4797274220,,,,
479726778X,Tankobon Hardcover,194.39,https://www.amazon.com.au/%E8%88%B9%E8%88%B6%E6%B1%9A%E6%9F%93%E8%A6%8F%E5%88%B6%E3%81%AE%E5%9B%BD%E9%9A%9B%E6%B3%95-%E5%AD%A6%E8%A1%93%E9%81%B8%E6%9B%B8178-%E5%AF%8C%E5%B2%A1-%E4%BB%81/dp/479726778X/ref=sr_1_243?dib=eyJ2IjoiMSJ9.ndHVtjUY9253_Td7x_MjbKxqK95c4TzFWJFoZs9hfxRDM0AZPmjlsPLbHZ-d-SWIhH6tcsv-rlsW4vVPDSA0yQ.hb3mpaXMMjuJSgLpIuds9TYtCOdaKXwdvVSIAaeQWx8&dib_tag=se&m=ANBW5NGGTP7SK&marketplaceID=A39IBJ37TRP1C6&qid=1777190199&refinements=p_36%3A19000-19500&s=merchant-items&sr=1-243&xpid=MC76FKvB72qlu,船舶汚染規制の国際法 (学術選書178)
479726778X,,,,
4793124410,Tankobon Hardcover,191.62,https://www.amazon.com.au/%E6%B3%95%E4%BA%BA%E7%A8%8E%E5%9F%BA%E6%9C%AC%E9%80%9A%E9%81%94%E9%80%90%E6%9D%A1%E8%A7%A3%E8%AA%AC-%E4%B9%9D%E8%A8%82%E7%89%88-%E4%BD%90%E8%97%A4-%E5%8F%8B%E4%B8%80%E9%83%8E/dp/4793124410/ref=sr_1_244?dib=eyJ2IjoiMSJ9.ndHVtjUY9253_Td7x_MjbKxqK95c4TzFWJFoZs9hfxRDM0AZPmjlsPLbHZ-d-SWIhH6tcsv-rlsW4vVPDSA0yQ.hb3mpaXMMjuJSgLpIuds9TYtCOdaKXwdvVSIAaeQWx8&dib_tag=se&m=ANBW5NGGTP7SK&marketplaceID=A39IBJ37TRP1C6&qid=1777190199&refinements=p_36%3A19000-19500&s=merchant-items&sr=1-244&xpid=MC76FKvB72qlu#customerReviews,法人税基本通達逐条解説 (九訂版)
4793124410,,,,
B00498M3JU,,214.29,https://www.amazon.com.au/Mermaid-Square-Meters-Sheets-Yellow/dp/B00498M3JU/ref=sr_1_245?dib=eyJ2IjoiMSJ9.ndHVtjUY9253_Td7x_MjbKxqK95c4TzFWJFoZs9hfxRDM0AZPmjlsPLbHZ-d-SWIhH6tcsv-rlsW4vVPDSA0yQ.hb3mpaXMMjuJSgLpIuds9TYtCOdaKXwdvVSIAaeQWx8&dib_tag=se&m=ANBW5NGGTP7SK&marketplaceID=A39IBJ37TRP1C6&qid=1777190199&refinements=p_36%3A19000-19500&s=merchant-items&sr=1-245&xpid=MC76FKvB72qlu,"Mermaid, 6.1 oz (178 g), Square Meters, 0.01 inch (0.25 mm), A3 Size, 50 Sheets, Yellow"
B00498M3JU,,,,
B0CNRJZP79,,193.56,https://www.amazon.com.au/Edwin-Golf-EDBB-3481-Tote-Navy/dp/B0CNRJZP79/ref=sr_1_257?dib=eyJ2IjoiMSJ9.ZnFgXalBswE_baQiC4G49ewwt_S6eDnP0KPdYcObfDlzvG7OZYGcyppZbBtZSAd4t54efzlV7lRQ5cXEyqnFCA.NPBlUoxokoO_icvQwO59I5fFHM5PsQxF0unaN4z5eSY&dib_tag=se&m=ANBW5NGGTP7SK&marketplaceID=A39IBJ37TRP1C6&qid=1777190203&refinements=p_36%3A19000-19500&s=merchant-items&sr=1-257&xpid=MC76FKvB72qlu,Edwin Golf EDBB-3481 Tote Bag
B0CNRJZP79,,,,
4787822187,Tankobon Softcover,192.24,https://www.amazon.com.au/%E9%BA%BB%E9%85%94%E7%A7%91%E3%82%AF%E3%83%AA%E3%83%8B%E3%82%AB%E3%83%AB%E3%82%AF%E3%82%A8%E3%82%B9%E3%83%81%E3%83%A7%E3%83%B3101/dp/4787822187/ref=sr_1_258?dib=eyJ2IjoiMSJ9.ZnFgXalBswE_baQiC4G49ewwt_S6eDnP0KPdYcObfDlzvG7OZYGcyppZbBtZSAd4t54efzlV7lRQ5cXEyqnFCA.NPBlUoxokoO_icvQwO59I5fFHM5PsQxF0unaN4z5eSY&dib_tag=se&m=ANBW5NGGTP7SK&marketplaceID=A39IBJ37TRP1C6&qid=1777190203&refinements=p_36%3A19000-19500&s=merchant-items&sr=1-258&xpid=MC76FKvB72qlu,麻酔科クリニカルクエスチョン101
4787822187,,,,
4785320346,Tankobon Hardcover,192.81,https://www.amazon.com.au/%E7%89%A9%E8%B3%AA%E7%A7%91%E5%AD%A6%E3%81%AE%E5%9F%BA%E7%A4%8E-%E7%89%A9%E6%80%A7%E7%89%A9%E7%90%86%E5%AD%A6-%E6%BA%9D%E5%8F%A3-%E6%AD%A3/dp/4785320346/ref=sr_1_259?dib=eyJ2IjoiMSJ9.ZnFgXalBswE_baQiC4G49ewwt_S6eDnP0KPdYcObfDlzvG7OZYGcyppZbBtZSAd4t54efzlV7lRQ5cXEyqnFCA.NPBlUoxokoO_icvQwO59I5fFHM5PsQxF0unaN4z5eSY&dib_tag=se&m=ANBW5NGGTP7SK&marketplaceID=A39IBJ37TRP1C6&qid=1777190203&refinements=p_36%3A19000-19500&s=merchant-items&sr=1-259&xpid=MC76FKvB72qlu#customerReviews,物質科学の基礎 物性物理学
4785320346,,,,
B0CHRG2J1D,,193.54,https://www.amazon.com.au/Daiwa-Boots-FB-3450-T-Dark-Brown/dp/B0CHRG2J1D/ref=sr_1_260?dib=eyJ2IjoiMSJ9.ZnFgXalBswE_baQiC4G49ewwt_S6eDnP0KPdYcObfDlzvG7OZYGcyppZbBtZSAd4t54efzlV7lRQ5cXEyqnFCA.NPBlUoxokoO_icvQwO59I5fFHM5PsQxF0unaN4z5eSY&dib_tag=se&m=ANBW5NGGTP7SK&marketplaceID=A39IBJ37TRP1C6&qid=1777190203&refinements=p_36%3A19000-19500&s=merchant-items&sr=1-260&xpid=MC76FKvB72qlu#customerReviews,DAIWA Fishing Boots FB-2350/2450/2550/3350/3450/3550-T Long/Short Various
B0CHRG2J1D,,,,
4784963723,Tankobon Hardcover,194.7,https://www.amazon.com.au/%E3%83%AC%E3%82%B8%E3%83%87%E3%83%B3%E3%83%88%E3%81%AE%E3%81%9F%E3%82%81%E3%81%AE-%E5%86%85%E7%A7%91%E8%A8%BA%E6%96%AD%E3%81%AE%E9%81%93%E6%A8%99%E3%80%90%E9%9B%BB%E5%AD%90%E7%89%88%E4%BB%98%E3%81%8D%E3%80%91-%E5%B0%8F%E5%B6%8C-%E7%A5%90%E4%BB%8B/dp/4784963723/ref=sr_1_261?dib=eyJ2IjoiMSJ9.ZnFgXalBswE_baQiC4G49ewwt_S6eDnP0KPdYcObfDlzvG7OZYGcyppZbBtZSAd4t54efzlV7lRQ5cXEyqnFCA.NPBlUoxokoO_icvQwO59I5fFHM5PsQxF0unaN4z5eSY&dib_tag=se&m=ANBW5NGGTP7SK&marketplaceID=A39IBJ37TRP1C6&qid=1777190203&refinements=p_36%3A19000-19500&s=merchant-items&sr=1-261&xpid=MC76FKvB72qlu#customerReviews,レジデントのための 内科診断の道標【電子版付き】
4784963723,,,,
4784963553,Tankobon Softcover,194.7,https://www.amazon.com.au/%E7%AD%91%E6%B3%A2%E5%A4%A7%E6%B5%81-%E5%BE%AA%E7%92%B0%E5%99%A8%E5%86%85%E7%A7%91%E5%8C%BB%E3%81%AB%E4%BC%9D%E3%81%88%E3%81%9F%E3%81%84%E3%80%8C15%E3%81%AE%E6%89%8B%E6%8A%80%E3%80%8D/dp/4784963553/ref=sr_1_257?dib=eyJ2IjoiMSJ9.XfnreWQ9wu7tRxZMBu9efF3DtUiSf3OIzCtC5sGFe85cy_f4iU4xueSO9NhAm-HjjA1dhlzavn8_Bj7rgK2Tk3US3xmoQXUYDinlvnQSQs9H1ZOLM162nYcw2CMbQVYDA1BnkpQjvQ_VQDNnrgIpTgyC73LQyeDhq5XMF_JQdN0.QgiykqLcMiNmQZQb9HBVueRR8uPQP9CcZzbbgViWu6E&dib_tag=se&m=ANBW5NGGTP7SK&marketplaceID=A39IBJ37TRP1C6&qid=1777190203&refinements=p_36%3A19000-19500&s=merchant-items&sr=1-257&xpid=MC76FKvB72qlu#customerReviews,筑波大流! 循環器内科医に伝えたい「15の手技」
4784963553,,,,
B0CGKRYG2X,,190.07,https://www.amazon.com.au/Infinity-Aluminum-Chassis-2-0mm-T330/dp/B0CGKRYG2X/ref=sr_1_258?dib=eyJ2IjoiMSJ9.XfnreWQ9wu7tRxZMBu9efF3DtUiSf3OIzCtC5sGFe85cy_f4iU4xueSO9NhAm-HjjA1dhlzavn8_Bj7rgK2Tk3US3xmoQXUYDinlvnQSQs9H1ZOLM162nYcw2CMbQVYDA1BnkpQjvQ_VQDNnrgIpTgyC73LQyeDhq5XMF_JQdN0.QgiykqLcMiNmQZQb9HBVueRR8uPQP9CcZzbbgViWu6E&dib_tag=se&m=ANBW5NGGTP7SK&marketplaceID=A39IBJ37TRP1C6&qid=1777190203&refinements=p_36%3A19000-19500&s=merchant-items&sr=1-258&xpid=MC76FKvB72qlu,Infinity Aluminum Flex Main Chassis 2.0mm (Team Edition) T330
4784963502,Tankobon Softcover,192.81,https://www.amazon.com.au/%E8%A8%BA%E7%99%82%E6%89%80%E3%81%A7%E8%A6%8B%E6%A5%B5%E3%82%81%E3%82%8BIBD%E8%A8%BA%E7%99%82-%E9%9B%BB%E5%AD%90%E7%89%88%E4%BB%98/dp/4784963502/ref=sr_1_259?dib=eyJ2IjoiMSJ9.XfnreWQ9wu7tRxZMBu9efF3DtUiSf3OIzCtC5sGFe85cy_f4iU4xueSO9NhAm-HjjA1dhlzavn8_Bj7rgK2Tk3US3xmoQXUYDinlvnQSQs9H1ZOLM162nYcw2CMbQVYDA1BnkpQjvQ_VQDNnrgIpTgyC73LQyeDhq5XMF_JQdN0.QgiykqLcMiNmQZQb9HBVueRR8uPQP9CcZzbbgViWu6E&dib_tag=se&m=ANBW5NGGTP7SK&marketplaceID=A39IBJ37TRP1C6&qid=1777190203&refinements=p_36%3A19000-19500&s=merchant-items&sr=1-259&xpid=MC76FKvB72qlu,診療所で見極めるIBD診療 -電子版付-
4784963502,,,,
4784959718,Tankobon Softcover,192.02,https://www.amazon.com.au/%E7%97%87%E4%BE%8B%E3%81%8B%E3%82%89%E5%AD%A6%E3%81%B6PICS%E3%81%AE%E4%BA%88%E9%98%B2%E3%81%A8%E6%97%A9%E6%9C%9F%E4%BB%8B%E5%85%A5-%E9%9B%BB%E5%AD%90%E7%89%88%E4%BB%98/dp/4784959718/ref=sr_1_260?dib=eyJ2IjoiMSJ9.XfnreWQ9wu7tRxZMBu9efF3DtUiSf3OIzCtC5sGFe85cy_f4iU4xueSO9NhAm-HjjA1dhlzavn8_Bj7rgK2Tk3US3xmoQXUYDinlvnQSQs9H1ZOLM162nYcw2CMbQVYDA1BnkpQjvQ_VQDNnrgIpTgyC73LQyeDhq5XMF_JQdN0.QgiykqLcMiNmQZQb9HBVueRR8uPQP9CcZzbbgViWu6E&dib_tag=se&m=ANBW5NGGTP7SK&marketplaceID=A39IBJ37TRP1C6&qid=1777190203&refinements=p_36%3A19000-19500&s=merchant-items&sr=1-260&xpid=MC76FKvB72qlu#customerReviews,症例から学ぶPICSの予防と早期介入 -電子版付-
4784959718,,,,
B0BM3HS939,,191.3,https://www.amazon.com.au/Bigfirebird-Build-Bungaku-Statuette-Science/dp/B0BM3HS939/ref=sr_1_261?dib=eyJ2IjoiMSJ9.XfnreWQ9wu7tRxZMBu9efF3DtUiSf3OIzCtC5sGFe85cy_f4iU4xueSO9NhAm-HjjA1dhlzavn8_Bj7rgK2Tk3US3xmoQXUYDinlvnQSQs9H1ZOLM162nYcw2CMbQVYDA1BnkpQjvQ_VQDNnrgIpTgyC73LQyeDhq5XMF_JQdN0.QgiykqLcMiNmQZQb9HBVueRR8uPQP9CcZzbbgViWu6E&dib_tag=se&m=ANBW5NGGTP7SK&marketplaceID=A39IBJ37TRP1C6&qid=1777190203&refinements=p_36%3A19000-19500&s=merchant-items&sr=1-261&xpid=MC76FKvB72qlu,Bungaku Shoujo Statuette PVC 1/6 Science Cat Lady Team 001 33 cm
478495824X,Tankobon Softcover,194.23,https://www.amazon.com.au/%E9%81%8B%E5%8B%95%E5%99%A8%E3%81%AE%E4%BD%93%E5%A4%96%E8%A1%9D%E6%92%83%E6%B3%A2%E6%B2%BB%E7%99%82%E3%83%9E%E3%83%8B%E3%83%A5%E3%82%A2%E3%83%AB-%E5%8B%95%E7%94%BB%E3%82%92%E5%90%AB%E3%82%80%E9%9B%BB%E5%AD%90%E7%89%88%E4%BB%98%E3%81%8D/dp/478495824X/ref=sr_1_262?dib=eyJ2IjoiMSJ9.XfnreWQ9wu7tRxZMBu9efF3DtUiSf3OIzCtC5sGFe85cy_f4iU4xueSO9NhAm-HjjA1dhlzavn8_Bj7rgK2Tk3US3xmoQXUYDinlvnQSQs9H1ZOLM162nYcw2CMbQVYDA1BnkpQjvQ_VQDNnrgIpTgyC73LQyeDhq5XMF_JQdN0.QgiykqLcMiNmQZQb9HBVueRR8uPQP9CcZzbbgViWu6E&dib_tag=se&m=ANBW5NGGTP7SK&marketplaceID=A39IBJ37TRP1C6&qid=1777190203&refinements=p_36%3A19000-19500&s=merchant-items&sr=1-262&xpid=MC76FKvB72qlu#customerReviews,運動器の体外衝撃波治療マニュアル - 動画を含む電子版付き -
478495824X,,,,
4784956557,Tankobon Softcover,190.94,https://www.amazon.com.au/%E5%AD%A6%E4%BC%9A%E3%81%A7%E3%81%AF%E6%95%99%E3%81%88%E3%81%A6%E3%81%8F%E3%82%8C%E3%81%AA%E3%81%84-%E3%82%A2%E3%83%88%E3%83%94%E3%83%BC%E6%80%A7%E7%9A%AE%E8%86%9A%E7%82%8E%E3%81%AE%E6%AD%A3%E3%81%97%E3%81%84%E6%B2%BB%E7%99%82%E6%B3%95-%E6%B8%A1%E8%BE%BA%E6%99%8B%E4%B8%80/dp/4784956557/ref=sr_1_263?dib=eyJ2IjoiMSJ9.XfnreWQ9wu7tRxZMBu9efF3DtUiSf3OIzCtC5sGFe85cy_f4iU4xueSO9NhAm-HjjA1dhlzavn8_Bj7rgK2Tk3US3xmoQXUYDinlvnQSQs9H1ZOLM162nYcw2CMbQVYDA1BnkpQjvQ_VQDNnrgIpTgyC73LQyeDhq5XMF_JQdN0.QgiykqLcMiNmQZQb9HBVueRR8uPQP9CcZzbbgViWu6E&dib_tag=se&m=ANBW5NGGTP7SK&marketplaceID=A39IBJ37TRP1C6&qid=1777190203&refinements=p_36%3A19000-19500&s=merchant-items&sr=1-263&xpid=MC76FKvB72qlu#customerReviews,学会では教えてくれない アトピー性皮膚炎の正しい治療法
4784956557,,,,
B0CX3SWLSK,,191.42,https://www.amazon.com.au/Megahouse-Special-Mobile-Gundam-Origin/dp/B0CX3SWLSK/ref=sr_1_264?dib=eyJ2IjoiMSJ9.XfnreWQ9wu7tRxZMBu9efF3DtUiSf3OIzCtC5sGFe85cy_f4iU4xueSO9NhAm-HjjA1dhlzavn8_Bj7rgK2Tk3US3xmoQXUYDinlvnQSQs9H1ZOLM162nYcw2CMbQVYDA1BnkpQjvQ_VQDNnrgIpTgyC73LQyeDhq5XMF_JQdN0.QgiykqLcMiNmQZQb9HBVueRR8uPQP9CcZzbbgViWu6E&dib_tag=se&m=ANBW5NGGTP7SK&marketplaceID=A39IBJ37TRP1C6&qid=1777190203&refinements=p_36%3A19000-19500&s=merchant-items&sr=1-264&xpid=MC76FKvB72qlu#customerReviews,Megahouse Cosmo Fleet Special Mobile Suit Gundam The Origin - Musai Kai-Class Valkyrie Re.
4784949100,Tankobon Softcover,192.02,https://www.amazon.com.au/%E3%83%90%E3%82%B9%E3%82%AD%E3%83%A5%E3%83%A9%E3%83%BC%E3%82%A2%E3%82%AF%E3%82%BB%E3%82%B9%E3%81%AE%E3%83%88%E3%83%A9%E3%83%96%E3%83%AB%E3%82%B7%E3%83%A5%E3%83%BC%E3%83%86%E3%82%A3%E3%83%B3%E3%82%B0-%E2%94%80-%E9%9B%BB%E5%AD%90%E7%89%88%E4%BB%98/dp/4784949100/ref=sr_1_265?dib=eyJ2IjoiMSJ9.XfnreWQ9wu7tRxZMBu9efF3DtUiSf3OIzCtC5sGFe85cy_f4iU4xueSO9NhAm-HjjA1dhlzavn8_Bj7rgK2Tk3US3xmoQXUYDinlvnQSQs9H1ZOLM162nYcw2CMbQVYDA1BnkpQjvQ_VQDNnrgIpTgyC73LQyeDhq5XMF_JQdN0.QgiykqLcMiNmQZQb9HBVueRR8uPQP9CcZzbbgViWu6E&dib_tag=se&m=ANBW5NGGTP7SK&marketplaceID=A39IBJ37TRP1C6&qid=1777190203&refinements=p_36%3A19000-19500&s=merchant-items&sr=1-265&xpid=MC76FKvB72qlu#customerReviews,バスキュラーアクセスのトラブルシューティング ─ 電子版付 ─
4784949100,,,,
4783880638,Tankobon Softcover,192.81,https://www.amazon.com.au/%E3%83%97%E3%83%A9%E3%82%A4%E3%83%9E%E3%83%AA%E3%83%BC%E3%82%B1%E3%82%A2%E3%81%AE%E3%81%9D%E3%81%AE%E5%89%8D%E3%81%AB-PTM%E8%A7%A6%E8%A8%BA%E6%B3%95%E3%81%A8%E7%9A%AE%E8%86%9A%E5%88%BA%E6%BF%80%E3%83%84%E3%83%BC%E3%83%AB%E3%81%AE%E8%B2%BC%E4%BB%98%E3%83%9D%E3%82%A4%E3%83%B3%E3%83%88-%E5%B1%B1%E5%B4%8E-%E7%9E%AC%EF%BC%88%E3%82%84%E3%81%BE%E3%81%96%E3%81%8D-%E3%81%97%E3%82%85%E3%82%93%EF%BC%89/dp/4783880638/ref=sr_1_266?dib=eyJ2IjoiMSJ9.XfnreWQ9wu7tRxZMBu9efF3DtUiSf3OIzCtC5sGFe85cy_f4iU4xueSO9NhAm-HjjA1dhlzavn8_Bj7rgK2Tk3US3xmoQXUYDinlvnQSQs9H1ZOLM162nYcw2CMbQVYDA1BnkpQjvQ_VQDNnrgIpTgyC73LQyeDhq5XMF_JQdN0.QgiykqLcMiNmQZQb9HBVueRR8uPQP9CcZzbbgViWu6E&dib_tag=se&m=ANBW5NGGTP7SK&marketplaceID=A39IBJ37TRP1C6&qid=1777190203&refinements=p_36%3A19000-19500&s=merchant-items&sr=1-266&xpid=MC76FKvB72qlu#customerReviews,プライマリーケアのその前に　PTM触診法と皮膚刺激ツールの貼付ポイント
4783880638,,,,
B087VF3HWD,,194.25,https://www.amazon.com.au/Shaman-King-Statuette-ARTFXJ-17cm/dp/B087VF3HWD/ref=sr_1_267?dib=eyJ2IjoiMSJ9.XfnreWQ9wu7tRxZMBu9efF3DtUiSf3OIzCtC5sGFe85cy_f4iU4xueSO9NhAm-HjjA1dhlzavn8_Bj7rgK2Tk3US3xmoQXUYDinlvnQSQs9H1ZOLM162nYcw2CMbQVYDA1BnkpQjvQ_VQDNnrgIpTgyC73LQyeDhq5XMF_JQdN0.QgiykqLcMiNmQZQb9HBVueRR8uPQP9CcZzbbgViWu6E&dib_tag=se&m=ANBW5NGGTP7SK&marketplaceID=A39IBJ37TRP1C6&qid=1777190203&refinements=p_36%3A19000-19500&s=merchant-items&sr=1-267&xpid=MC76FKvB72qlu#customerReviews,Shaman King - Tao Ren - Statuette ARTFXJ 17cm
4781413234,Tankobon Hardcover,194.73,https://www.amazon.com.au/%E9%8D%B5%E5%92%8C%E7%94%B0%E7%A7%9E%E5%AD%90%E5%85%A8%E5%8F%A5%E9%9B%86-%E9%8D%B5%E5%92%8C%E7%94%B0-%E3%80%93%E5%AD%90/dp/4781413234/ref=sr_1_273?dib=eyJ2IjoiMSJ9.VKrU66XDaoNGYix3V192bA8SRSIt9hjjQL6dpg-F9hdcCxbPa-B5zYRMoyQV4zvJXnF-WYsz_7TIkCY60qJyqg.k9O9WlzySv-bij8mvU1PxC34gZRX-I1XX2KMmLH_xCE&dib_tag=se&m=ANBW5NGGTP7SK&marketplaceID=A39IBJ37TRP1C6&qid=1777190209&refinements=p_36%3A19000-19500&s=merchant-items&sr=1-273&xpid=MC76FKvB72qlu#customerReviews,鍵和田秞子全句集
4781413234,,,,
4781314732,Tankobon Hardcover,191.97,https://www.amazon.com.au/%E3%82%BF%E3%83%B3%E3%83%91%E3%82%AF%E8%B3%AA%E7%B5%90%E6%99%B6%E3%81%AE%E6%9C%80%E5%89%8D%E7%B7%9A%E3%80%8A%E6%99%AE%E5%8F%8A%E7%89%88%E3%80%8B-%E3%83%95%E3%82%A1%E3%82%A4%E3%83%B3%E3%82%B1%E3%83%9F%E3%82%AB%E3%83%AB%E3%82%B7%E3%83%AA%E3%83%BC%E3%82%BA/dp/4781314732/ref=sr_1_274?dib=eyJ2IjoiMSJ9.VKrU66XDaoNGYix3V192bA8SRSIt9hjjQL6dpg-F9hdcCxbPa-B5zYRMoyQV4zvJXnF-WYsz_7TIkCY60qJyqg.k9O9WlzySv-bij8mvU1PxC34gZRX-I1XX2KMmLH_xCE&dib_tag=se&m=ANBW5NGGTP7SK&marketplaceID=A39IBJ37TRP1C6&qid=1777190209&refinements=p_36%3A19000-19500&s=merchant-items&sr=1-274&xpid=MC76FKvB72qlu,タンパク質結晶の最前線《普及版》 (ファインケミカルシリーズ)
4781314732,,,,
B00C1B28Y2,,193.54,https://www.amazon.com.au/Bandai-Tamashii-Nations-Dragonball-Figuarts/dp/B00C1B28Y2/ref=sr_1_275?dib=eyJ2IjoiMSJ9.VKrU66XDaoNGYix3V192bA8SRSIt9hjjQL6dpg-F9hdcCxbPa-B5zYRMoyQV4zvJXnF-WYsz_7TIkCY60qJyqg.k9O9WlzySv-bij8mvU1PxC34gZRX-I1XX2KMmLH_xCE&dib_tag=se&m=ANBW5NGGTP7SK&marketplaceID=A39IBJ37TRP1C6&qid=1777190209&refinements=p_36%3A19000-19500&s=merchant-items&sr=1-275&xpid=MC76FKvB72qlu#customerReviews,Bandai Tamashii Nations Super Saiyan Goku Dragonball Z Figuarts Zero Action Figure
4781311288,Tankobon Hardcover,194.56,https://www.amazon.com.au/%E6%9C%AA%E6%9D%A5%E3%82%92%E5%8B%95%E3%81%8B%E3%81%99%E3%82%BD%E3%83%95%E3%83%88%E3%82%A2%E3%82%AF%E3%83%81%E3%83%A5%E3%82%A8%E3%83%BC%E3%82%BF-%E3%80%8A%E6%99%AE%E5%8F%8A%E7%89%88%E3%80%8B-%E6%96%B0%E6%9D%90%E6%96%99%E3%83%BB%E6%96%B0%E7%B4%A0%E6%9D%90/dp/4781311288/ref=sr_1_276?dib=eyJ2IjoiMSJ9.VKrU66XDaoNGYix3V192bA8SRSIt9hjjQL6dpg-F9hdcCxbPa-B5zYRMoyQV4zvJXnF-WYsz_7TIkCY60qJyqg.k9O9WlzySv-bij8mvU1PxC34gZRX-I1XX2KMmLH_xCE&dib_tag=se&m=ANBW5NGGTP7SK&marketplaceID=A39IBJ37TRP1C6&qid=1777190209&refinements=p_36%3A19000-19500&s=merchant-items&sr=1-276&xpid=MC76FKvB72qlu,未来を動かすソフトアクチュエータ 《普及版》 (新材料・新素材)
4781311288,,,,
4780913950,Tankobon Hardcover,194.7,https://www.amazon.com.au/MTPSSE-%E7%AC%AC2%E5%B7%BB/dp/4780913950/ref=sr_1_277?dib=eyJ2IjoiMSJ9.VKrU66XDaoNGYix3V192bA8SRSIt9hjjQL6dpg-F9hdcCxbPa-B5zYRMoyQV4zvJXnF-WYsz_7TIkCY60qJyqg.k9O9WlzySv-bij8mvU1PxC34gZRX-I1XX2KMmLH_xCE&dib_tag=se&m=ANBW5NGGTP7SK&marketplaceID=A39IBJ37TRP1C6&qid=1777190209&refinements=p_36%3A19000-19500&s=merchant-items&sr=1-277&xpid=MC76FKvB72qlu#customerReviews,MTPSSE 第2巻
4780913950,,,,
B093WPMY2H,,190.1,https://www.amazon.com.au/Spark-S6565-Collectible-Miniature-White/dp/B093WPMY2H/ref=sr_1_273?dib=eyJ2IjoiMSJ9.dfp3fxUXgN5AIWSB01flx9g3wudsAEPSWuxWR0tN7khrQmUerLIBGn_IsK7GoqnZguS0tcz0MUG2oW3e-FlBgM241h2_XLSsMICKq7z811TBDYiWJTN3R67aRruSNF7SKo7nq8y2bavHae5pRpPzcsQ_w8OISvMRZrwo3mT8uVE.rmI7vtH7DDPLXb0ntZDs6ne_kAYj-UyCiSdYuqTkAIQ&dib_tag=se&m=ANBW5NGGTP7SK&marketplaceID=A39IBJ37TRP1C6&qid=1777190209&refinements=p_36%3A19000-19500&s=merchant-items&sr=1-273&xpid=MC76FKvB72qlu,"Spark S6565 Collectible Miniature Car, White/Black/Red"
B093WPMY2H,,,,
4772271376,Tankobon Hardcover,190.2,https://www.amazon.com.au/%E3%83%95%E3%83%A9%E3%83%B3%E3%82%B9%E3%81%AE%E3%83%AF%E3%82%A4%E3%83%B3%E3%81%A8%E7%94%9F%E7%94%A3%E5%9C%B0%E3%82%AC%E3%82%A4%E3%83%89_%E3%81%9D%E3%81%AE%E5%9C%9F%E5%9C%B0%E3%81%AE%E5%B2%A9%E7%9F%B3%E3%83%BB%E5%9C%9F%E5%A3%8C%E3%83%BB%E6%B0%97%E5%80%99%E3%83%BB%E6%97%A5%E7%85%A7%E3%80%81%E6%AD%B4%E5%8F%B2%E3%81%A8%E3%83%96%E3%83%89%E3%82%A6%E3%81%AE%E5%93%81%E7%A8%AE/dp/4772271376/ref=sr_1_274?dib=eyJ2IjoiMSJ9.dfp3fxUXgN5AIWSB01flx9g3wudsAEPSWuxWR0tN7khrQmUerLIBGn_IsK7GoqnZguS0tcz0MUG2oW3e-FlBgM241h2_XLSsMICKq7z811TBDYiWJTN3R67aRruSNF7SKo7nq8y2bavHae5pRpPzcsQ_w8OISvMRZrwo3mT8uVE.rmI7vtH7DDPLXb0ntZDs6ne_kAYj-UyCiSdYuqTkAIQ&dib_tag=se&m=ANBW5NGGTP7SK&marketplaceID=A39IBJ37TRP1C6&qid=1777190209&refinements=p_36%3A19000-19500&s=merchant-items&sr=1-274&xpid=MC76FKvB72qlu#customerReviews,フランスのワインと生産地ガイド―その土地の岩石・土壌・気候・日照、歴史とブドウの品種
4772271376,,,,
4771905835,Tankobon Hardcover,192.81,https://www.amazon.com.au/%E3%82%B5%E3%83%AB%E3%82%B3%E3%82%A4%E3%83%89%E3%83%BC%E3%82%B7%E3%82%B9%E8%A8%BA%E7%99%82%E3%81%AE%E6%89%8B%E5%BC%95%E3%81%8D2023/dp/4771905835/ref=sr_1_275?dib=eyJ2IjoiMSJ9.dfp3fxUXgN5AIWSB01flx9g3wudsAEPSWuxWR0tN7khrQmUerLIBGn_IsK7GoqnZguS0tcz0MUG2oW3e-FlBgM241h2_XLSsMICKq7z811TBDYiWJTN3R67aRruSNF7SKo7nq8y2bavHae5pRpPzcsQ_w8OISvMRZrwo3mT8uVE.rmI7vtH7DDPLXb0ntZDs6ne_kAYj-UyCiSdYuqTkAIQ&dib_tag=se&m=ANBW5NGGTP7SK&marketplaceID=A39IBJ37TRP1C6&qid=1777190209&refinements=p_36%3A19000-19500&s=merchant-items&sr=1-275&xpid=MC76FKvB72qlu#customerReviews,サルコイドーシス診療の手引き2023
4771905835,,,,
B0825SG1JZ,,194.42,https://www.amazon.com.au/Banpresto-Piece-Takumi-Figure-Figurine/dp/B0825SG1JZ/ref=sr_1_276?dib=eyJ2IjoiMSJ9.dfp3fxUXgN5AIWSB01flx9g3wudsAEPSWuxWR0tN7khrQmUerLIBGn_IsK7GoqnZguS0tcz0MUG2oW3e-FlBgM241h2_XLSsMICKq7z811TBDYiWJTN3R67aRruSNF7SKo7nq8y2bavHae5pRpPzcsQ_w8OISvMRZrwo3mT8uVE.rmI7vtH7DDPLXb0ntZDs6ne_kAYj-UyCiSdYuqTkAIQ&dib_tag=se&m=ANBW5NGGTP7SK&marketplaceID=A39IBJ37TRP1C6&qid=1777190209&refinements=p_36%3A19000-19500&s=merchant-items&sr=1-276&xpid=MC76FKvB72qlu#customerReviews,Banpresto Kuji ONE Piece Takumi NO KEIFU E Prize Sanji Figure Figurine 17cm
4771904936,Tankobon Hardcover,192.58,https://www.amazon.com.au/%E3%83%9D%E3%82%A4%E3%83%B3%E3%83%88%E3%81%A7%E5%AD%A6%E3%81%B6%E5%B0%8F%E5%85%90%E9%BA%BB%E9%85%9450%E7%97%87%E4%BE%8B/dp/4771904936/ref=sr_1_277?dib=eyJ2IjoiMSJ9.dfp3fxUXgN5AIWSB01flx9g3wudsAEPSWuxWR0tN7khrQmUerLIBGn_IsK7GoqnZguS0tcz0MUG2oW3e-FlBgM241h2_XLSsMICKq7z811TBDYiWJTN3R67aRruSNF7SKo7nq8y2bavHae5pRpPzcsQ_w8OISvMRZrwo3mT8uVE.rmI7vtH7DDPLXb0ntZDs6ne_kAYj-UyCiSdYuqTkAIQ&dib_tag=se&m=ANBW5NGGTP7SK&marketplaceID=A39IBJ37TRP1C6&qid=1777190209&refinements=p_36%3A19000-19500&s=merchant-items&sr=1-277&xpid=MC76FKvB72qlu#customerReviews,ポイントで学ぶ小児麻酔50症例
4771904936,,,,
4766426320,Tankobon Hardcover,194.08,https://www.amazon.com.au/%E5%9B%BD%E5%AE%B6%E5%85%AC%E5%8B%99%E5%93%A1%E3%81%AE%E4%B8%AD%E9%80%94%E6%8E%A1%E7%94%A8-%E6%97%A5%E8%8B%B1%E9%9F%93%E3%81%AE%E4%BA%BA%E7%9A%84%E8%B3%87%E6%BA%90%E7%AE%A1%E7%90%86%E3%82%B7%E3%82%B9%E3%83%86%E3%83%A0-%E5%B0%8F%E7%94%B0-%E5%8B%87%E6%A8%B9/dp/4766426320/ref=sr_1_278?dib=eyJ2IjoiMSJ9.dfp3fxUXgN5AIWSB01flx9g3wudsAEPSWuxWR0tN7khrQmUerLIBGn_IsK7GoqnZguS0tcz0MUG2oW3e-FlBgM241h2_XLSsMICKq7z811TBDYiWJTN3R67aRruSNF7SKo7nq8y2bavHae5pRpPzcsQ_w8OISvMRZrwo3mT8uVE.rmI7vtH7DDPLXb0ntZDs6ne_kAYj-UyCiSdYuqTkAIQ&dib_tag=se&m=ANBW5NGGTP7SK&marketplaceID=A39IBJ37TRP1C6&qid=1777190209&refinements=p_36%3A19000-19500&s=merchant-items&sr=1-278&xpid=MC76FKvB72qlu,国家公務員の中途採用:日英韓の人的資源管理システム
4766426320,,,,
B07FY2QH91,,194.41,https://www.amazon.com.au/Kotobukiya-Gorai-Ver-2-Frame-Arms/dp/B07FY2QH91/ref=sr_1_279?dib=eyJ2IjoiMSJ9.dfp3fxUXgN5AIWSB01flx9g3wudsAEPSWuxWR0tN7khrQmUerLIBGn_IsK7GoqnZguS0tcz0MUG2oW3e-FlBgM241h2_XLSsMICKq7z811TBDYiWJTN3R67aRruSNF7SKo7nq8y2bavHae5pRpPzcsQ_w8OISvMRZrwo3mT8uVE.rmI7vtH7DDPLXb0ntZDs6ne_kAYj-UyCiSdYuqTkAIQ&dib_tag=se&m=ANBW5NGGTP7SK&marketplaceID=A39IBJ37TRP1C6&qid=1777190209&refinements=p_36%3A19000-19500&s=merchant-items&sr=1-279&xpid=MC76FKvB72qlu#customerReviews,Kotobukiya Gorai Kai Ver.2 Frame Arms Girl [FG 021]
B07FY2QH91,,,,
4765518817,Tankobon Hardcover,192.02,https://www.amazon.com.au/PC%E6%96%9C%E5%BC%B5%E6%A9%8B%E3%83%BB%E3%82%A8%E3%82%AF%E3%82%B9%E3%83%88%E3%83%A9%E3%83%89%E3%83%BC%E3%82%BA%E3%83%89%E6%A9%8B-%E8%A8%AD%E8%A8%88%E3%83%BB%E6%96%BD%E5%B7%A5%E3%83%BB%E4%BF%9D%E5%85%A8%E8%A6%8F%E6%BA%96-PC%E6%8A%80%E8%A1%93%E8%A6%8F%E6%BA%96/dp/4765518817/ref=sr_1_280?dib=eyJ2IjoiMSJ9.dfp3fxUXgN5AIWSB01flx9g3wudsAEPSWuxWR0tN7khrQmUerLIBGn_IsK7GoqnZguS0tcz0MUG2oW3e-FlBgM241h2_XLSsMICKq7z811TBDYiWJTN3R67aRruSNF7SKo7nq8y2bavHae5pRpPzcsQ_w8OISvMRZrwo3mT8uVE.rmI7vtH7DDPLXb0ntZDs6ne_kAYj-UyCiSdYuqTkAIQ&dib_tag=se&m=ANBW5NGGTP7SK&marketplaceID=A39IBJ37TRP1C6&qid=1777190209&refinements=p_36%3A19000-19500&s=merchant-items&sr=1-280&xpid=MC76FKvB72qlu#customerReviews,PC斜張橋・エクストラドーズド橋 設計・施工・保全規準 (PC技術規準)
4765518817,,,,
4765318397,Tankobon Hardcover,192.43,https://www.amazon.com.au/%E9%A0%AD%E9%A0%B8%E9%83%A8%E3%81%8C%E3%82%93%E6%89%8B%E8%A1%93%E3%83%8E%E3%83%BC%E3%83%88-%E8%BC%AA%E5%B1%A4%E3%81%AE%E5%A4%96%E7%A7%91-%E9%95%B7%E8%B0%B7%E5%B7%9D-%E6%B3%B0%E4%B9%85/dp/4765318397/ref=sr_1_281?dib=eyJ2IjoiMSJ9.dfp3fxUXgN5AIWSB01flx9g3wudsAEPSWuxWR0tN7khrQmUerLIBGn_IsK7GoqnZguS0tcz0MUG2oW3e-FlBgM241h2_XLSsMICKq7z811TBDYiWJTN3R67aRruSNF7SKo7nq8y2bavHae5pRpPzcsQ_w8OISvMRZrwo3mT8uVE.rmI7vtH7DDPLXb0ntZDs6ne_kAYj-UyCiSdYuqTkAIQ&dib_tag=se&m=ANBW5NGGTP7SK&marketplaceID=A39IBJ37TRP1C6&qid=1777190209&refinements=p_36%3A19000-19500&s=merchant-items&sr=1-281&xpid=MC76FKvB72qlu#customerReviews,頭頸部がん手術ノート 輪層の外科
4765318397,,,,
B00IJ582UI,,192.48,https://www.amazon.com.au/Rider-Yoroibu-capsule-Energy-Cherry/dp/B00IJ582UI/ref=sr_1_282?dib=eyJ2IjoiMSJ9.dfp3fxUXgN5AIWSB01flx9g3wudsAEPSWuxWR0tN7khrQmUerLIBGn_IsK7GoqnZguS0tcz0MUG2oW3e-FlBgM241h2_XLSsMICKq7z811TBDYiWJTN3R67aRruSNF7SKo7nq8y2bavHae5pRpPzcsQ_w8OISvMRZrwo3mT8uVE.rmI7vtH7DDPLXb0ntZDs6ne_kAYj-UyCiSdYuqTkAIQ&dib_tag=se&m=ANBW5NGGTP7SK&marketplaceID=A39IBJ37TRP1C6&qid=1777190209&refinements=p_36%3A19000-19500&s=merchant-items&sr=1-282&xpid=MC76FKvB72qlu#customerReviews,Rider Yoroibu sound capsule lock 11 seed all two full two 1 melon seed Energy Lock 2 Cherry
4764904055,Tankobon Hardcover,191.03,https://www.amazon.com.au/%E4%B8%96%E7%95%8C%E6%A8%99%E6%BA%96MIT%E6%95%99%E7%A7%91%E6%9B%B8-%E3%82%B9%E3%83%88%E3%83%A9%E3%83%B3%E3%82%B0-%E7%B7%9A%E5%BD%A2%E4%BB%A3%E6%95%B0%E3%82%A4%E3%83%B3%E3%83%88%E3%83%AD%E3%83%80%E3%82%AF%E3%82%B7%E3%83%A7%E3%83%B3-%E3%82%AE%E3%83%AB%E3%83%90%E3%83%BC%E3%83%88/dp/4764904055/ref=sr_1_283?dib=eyJ2IjoiMSJ9.dfp3fxUXgN5AIWSB01flx9g3wudsAEPSWuxWR0tN7khrQmUerLIBGn_IsK7GoqnZguS0tcz0MUG2oW3e-FlBgM241h2_XLSsMICKq7z811TBDYiWJTN3R67aRruSNF7SKo7nq8y2bavHae5pRpPzcsQ_w8OISvMRZrwo3mT8uVE.rmI7vtH7DDPLXb0ntZDs6ne_kAYj-UyCiSdYuqTkAIQ&dib_tag=se&m=ANBW5NGGTP7SK&marketplaceID=A39IBJ37TRP1C6&qid=1777190209&refinements=p_36%3A19000-19500&s=merchant-items&sr=1-283&xpid=MC76FKvB72qlu#customerReviews,世界標準MIT教科書 ストラング:線形代数イントロダクション
4764904055,,,,
4764603292,Tankobon Hardcover,190.2,https://www.amazon.com.au/%E5%85%83%E5%B8%A5%E7%95%91%E4%BF%8A%E5%85%AD%E5%9B%9E%E9%A1%A7%E9%8C%B2/dp/4764603292/ref=sr_1_289?dib=eyJ2IjoiMSJ9.gdhQiyY16l7hkmSq7UAS22KVCEc0pf2crc70NeGUIkNm9tPX_T3rC6U-xyZWH12zZ9otECe2bLdz-GAvcXiXwg.ZVlvbOD7mWoMmgPP4_gE53birnXnydOJYKbOPgr3ekw&dib_tag=se&m=ANBW5NGGTP7SK&marketplaceID=A39IBJ37TRP1C6&qid=1777190214&refinements=p_36%3A19000-19500&s=merchant-items&sr=1-289&xpid=MC76FKvB72qlu#customerReviews,元帥畑俊六回顧録
4764603292,,,,
B00E6G7WAU,,194.37,https://www.amazon.com.au/Daiwa-Funesao-interline-30-270-fishing/dp/B00E6G7WAU/ref=sr_1_290?dib=eyJ2IjoiMSJ9.gdhQiyY16l7hkmSq7UAS22KVCEc0pf2crc70NeGUIkNm9tPX_T3rC6U-xyZWH12zZ9otECe2bLdz-GAvcXiXwg.ZVlvbOD7mWoMmgPP4_gE53birnXnydOJYKbOPgr3ekw&dib_tag=se&m=ANBW5NGGTP7SK&marketplaceID=A39IBJ37TRP1C6&qid=1777190214&refinements=p_36%3A19000-19500&s=merchant-items&sr=1-290&xpid=MC76FKvB72qlu#customerReviews,Daiwa (Daiwa) Funesao bait interline Sea flex 64 30-270 fishing rod
B00E6G7WAU,,,,
4764240254,Tankobon Hardcover,195.0,https://www.amazon.com.au/%E7%A5%9E%E7%A7%98%E4%B8%BB%E7%BE%A9%E4%BA%8B%E5%85%B8-%E3%83%9A%E3%83%BC%E3%82%BF%E3%83%BC-%E3%83%87%E3%82%A3%E3%83%B3%E3%83%84%E3%82%A7%E3%83%AB%E3%83%90%E3%83%83%E3%83%8F%E3%83%BC/dp/4764240254/ref=sr_1_291?dib=eyJ2IjoiMSJ9.gdhQiyY16l7hkmSq7UAS22KVCEc0pf2crc70NeGUIkNm9tPX_T3rC6U-xyZWH12zZ9otECe2bLdz-GAvcXiXwg.ZVlvbOD7mWoMmgPP4_gE53birnXnydOJYKbOPgr3ekw&dib_tag=se&m=ANBW5NGGTP7SK&marketplaceID=A39IBJ37TRP1C6&qid=1777190214&refinements=p_36%3A19000-19500&s=merchant-items&sr=1-291&xpid=MC76FKvB72qlu#customerReviews,神秘主義事典
4764240254,,,,
476422450X,Tankobon Hardcover,193.0,https://www.amazon.com.au/%E3%82%B3%E3%83%B3%E3%83%86%E3%83%A0%E3%83%84%E3%82%B9%E3%83%A0%E3%83%B3%E3%83%82-%E3%82%AD%E3%83%AA%E3%82%B7%E3%82%BF%E3%83%B3%E6%96%87%E5%AD%A6%E5%8F%8C%E6%9B%B8_%E3%82%AD%E3%83%AA%E3%82%B7%E3%82%BF%E3%83%B3%E7%A0%94%E7%A9%B6/dp/476422450X/ref=sr_1_292?dib=eyJ2IjoiMSJ9.gdhQiyY16l7hkmSq7UAS22KVCEc0pf2crc70NeGUIkNm9tPX_T3rC6U-xyZWH12zZ9otECe2bLdz-GAvcXiXwg.ZVlvbOD7mWoMmgPP4_gE53birnXnydOJYKbOPgr3ekw&dib_tag=se&m=ANBW5NGGTP7SK&marketplaceID=A39IBJ37TRP1C6&qid=1777190214&refinements=p_36%3A19000-19500&s=merchant-items&sr=1-292&xpid=MC76FKvB72qlu,コンテムツスムンヂ (キリシタン文学双書―キリシタン研究): 39
476422450X,,,,
B00AJIQXOU,,191.27,https://www.amazon.com.au/Taito-Queens-Blade-Rebellion-Figure/dp/B00AJIQXOU/ref=sr_1_293?dib=eyJ2IjoiMSJ9.gdhQiyY16l7hkmSq7UAS22KVCEc0pf2crc70NeGUIkNm9tPX_T3rC6U-xyZWH12zZ9otECe2bLdz-GAvcXiXwg.ZVlvbOD7mWoMmgPP4_gE53birnXnydOJYKbOPgr3ekw&dib_tag=se&m=ANBW5NGGTP7SK&marketplaceID=A39IBJ37TRP1C6&qid=1777190214&refinements=p_36%3A19000-19500&s=merchant-items&sr=1-293&xpid=MC76FKvB72qlu#customerReviews,"Taito Queen's Blade Rebellion 7"" Sigui Figure"
4760134433,Tankobon Hardcover,190.42,https://www.amazon.com.au/%E5%B9%95%E6%9C%AB%E7%B6%AD%E6%96%B0%E4%BD%BF%E7%AF%80%E5%9B%A3%E3%81%AE%E3%82%A4%E3%82%AE%E3%83%AA%E3%82%B9%E5%BE%80%E9%82%84%E8%A8%98_%E3%83%B4%E3%82%A3%E3%82%AF%E3%83%88%E3%83%AA%E3%82%A2%E3%83%B3%E3%83%BB%E3%82%A4%E3%83%B3%E3%83%91%E3%82%AF%E3%83%88/dp/4760134433/ref=sr_1_289?dib=eyJ2IjoiMSJ9.V64liWBI8gEs2Fz4zKaS5-9P1hfUq7BY8Qvf72sjcN5KzIKcfbd6-RcAblqwaC0_iEMiuvWpAMX3cgeoRmWc3PQ_U5q9OFgx6HSTuiL8_1C1ZAt3nWcz2d_qX24icDQWvw0jawa1nRqxtcfZmcW-OWfXROeR0v4f-z1vo6wc0hI.q2T6G4G2TyOhFk4Z45oQZ9xpeLi9h-TVyC6Xx5qA6oA&dib_tag=se&m=ANBW5NGGTP7SK&marketplaceID=A39IBJ37TRP1C6&qid=1777190214&refinements=p_36%3A19000-19500&s=merchant-items&sr=1-289&xpid=MC76FKvB72qlu,幕末維新使節団のイギリス往還記―ヴィクトリアン・インパクト
4760134433,,,,
4758921407,Tankobon Hardcover,194.83,https://www.amazon.com.au/%E4%BA%8B%E8%B1%A1%E3%82%A2%E3%82%B9%E3%83%9A%E3%82%AF%E3%83%88%E8%AB%96/dp/4758921407/ref=sr_1_290?dib=eyJ2IjoiMSJ9.V64liWBI8gEs2Fz4zKaS5-9P1hfUq7BY8Qvf72sjcN5KzIKcfbd6-RcAblqwaC0_iEMiuvWpAMX3cgeoRmWc3PQ_U5q9OFgx6HSTuiL8_1C1ZAt3nWcz2d_qX24icDQWvw0jawa1nRqxtcfZmcW-OWfXROeR0v4f-z1vo6wc0hI.q2T6G4G2TyOhFk4Z45oQZ9xpeLi9h-TVyC6Xx5qA6oA&dib_tag=se&m=ANBW5NGGTP7SK&marketplaceID=A39IBJ37TRP1C6&qid=1777190214&refinements=p_36%3A19000-19500&s=merchant-items&sr=1-290&xpid=MC76FKvB72qlu,事象アスペクト論
4758921407,,,,
B0024EZ4LA,,192.28,https://www.amazon.com.au/Sterling-mini-bread-starter-Mitsubishi-Materials/dp/B0024EZ4LA/ref=sr_1_291?dib=eyJ2IjoiMSJ9.V64liWBI8gEs2Fz4zKaS5-9P1hfUq7BY8Qvf72sjcN5KzIKcfbd6-RcAblqwaC0_iEMiuvWpAMX3cgeoRmWc3PQ_U5q9OFgx6HSTuiL8_1C1ZAt3nWcz2d_qX24icDQWvw0jawa1nRqxtcfZmcW-OWfXROeR0v4f-z1vo6wc0hI.q2T6G4G2TyOhFk4Z45oQZ9xpeLi9h-TVyC6Xx5qA6oA&dib_tag=se&m=ANBW5NGGTP7SK&marketplaceID=A39IBJ37TRP1C6&qid=1777190214&refinements=p_36%3A19000-19500&s=merchant-items&sr=1-291&xpid=MC76FKvB72qlu,Sterling silver clay PMC3 mini-bread starter kit (japan import) by Mitsubishi Materials
4758321272,Tankobon Hardcover,192.02,https://www.amazon.com.au/%E3%81%BF%E3%81%88%E3%82%8B%EF%BC%81%E3%82%8F%E3%81%8B%E3%82%8B%EF%BC%81%E5%A5%B3%E6%80%A7%E5%86%85%E5%88%86%E6%B3%8C/dp/4758321272/ref=sr_1_292?dib=eyJ2IjoiMSJ9.V64liWBI8gEs2Fz4zKaS5-9P1hfUq7BY8Qvf72sjcN5KzIKcfbd6-RcAblqwaC0_iEMiuvWpAMX3cgeoRmWc3PQ_U5q9OFgx6HSTuiL8_1C1ZAt3nWcz2d_qX24icDQWvw0jawa1nRqxtcfZmcW-OWfXROeR0v4f-z1vo6wc0hI.q2T6G4G2TyOhFk4Z45oQZ9xpeLi9h-TVyC6Xx5qA6oA&dib_tag=se&m=ANBW5NGGTP7SK&marketplaceID=A39IBJ37TRP1C6&qid=1777190214&refinements=p_36%3A19000-19500&s=merchant-items&sr=1-292&xpid=MC76FKvB72qlu#customerReviews,みえる！わかる！女性内分泌
4758321272,,,,
4758320365,Tankobon Hardcover,193.67,https://www.amazon.com.au/%E5%91%BC%E5%90%B8%E3%82%B1%E3%82%A2-%E7%AC%AC4%E7%89%88-%E3%83%AA%E3%83%8F%E5%AE%9F%E8%B7%B5%E3%83%86%E3%82%AF%E3%83%8B%E3%83%83%E3%82%AF/dp/4758320365/ref=sr_1_293?dib=eyJ2IjoiMSJ9.V64liWBI8gEs2Fz4zKaS5-9P1hfUq7BY8Qvf72sjcN5KzIKcfbd6-RcAblqwaC0_iEMiuvWpAMX3cgeoRmWc3PQ_U5q9OFgx6HSTuiL8_1C1ZAt3nWcz2d_qX24icDQWvw0jawa1nRqxtcfZmcW-OWfXROeR0v4f-z1vo6wc0hI.q2T6G4G2TyOhFk4Z45oQZ9xpeLi9h-TVyC6Xx5qA6oA&dib_tag=se&m=ANBW5NGGTP7SK&marketplaceID=A39IBJ37TRP1C6&qid=1777190214&refinements=p_36%3A19000-19500&s=merchant-items&sr=1-293&xpid=MC76FKvB72qlu#customerReviews,呼吸ケア−第4版 (リハ実践テクニック)
4758320365,,,,
B001MPVAIS,,193.75,https://www.amazon.com.au/Cuddly-KOHARU-Stuffed-animal-49cm/dp/B001MPVAIS/ref=sr_1_294?dib=eyJ2IjoiMSJ9.V64liWBI8gEs2Fz4zKaS5-9P1hfUq7BY8Qvf72sjcN5KzIKcfbd6-RcAblqwaC0_iEMiuvWpAMX3cgeoRmWc3PQ_U5q9OFgx6HSTuiL8_1C1ZAt3nWcz2d_qX24icDQWvw0jawa1nRqxtcfZmcW-OWfXROeR0v4f-z1vo6wc0hI.q2T6G4G2TyOhFk4Z45oQZ9xpeLi9h-TVyC6Xx5qA6oA&dib_tag=se&m=ANBW5NGGTP7SK&marketplaceID=A39IBJ37TRP1C6&qid=1777190214&refinements=p_36%3A19000-19500&s=merchant-items&sr=1-294&xpid=MC76FKvB72qlu,Cuddly KOHARU Stuffed animal 49cm
4758319812,Tankobon Hardcover,191.22,https://www.amazon.com.au/%E9%96%8B%E8%85%B9%E3%83%BB%E8%85%B9%E8%85%94%E9%8F%A1%E3%83%BB%E3%83%AD%E3%83%9C%E3%83%83%E3%83%88-%E7%94%A3%E5%A9%A6%E4%BA%BA%E7%A7%91%E6%89%8B%E8%A1%93%E3%81%AE%E3%81%9F%E3%82%81%E3%81%AE%E5%9F%BA%E7%A4%8E%E7%9F%A5%E8%AD%98-OGS-NOW-basic/dp/4758319812/ref=sr_1_295?dib=eyJ2IjoiMSJ9.V64liWBI8gEs2Fz4zKaS5-9P1hfUq7BY8Qvf72sjcN5KzIKcfbd6-RcAblqwaC0_iEMiuvWpAMX3cgeoRmWc3PQ_U5q9OFgx6HSTuiL8_1C1ZAt3nWcz2d_qX24icDQWvw0jawa1nRqxtcfZmcW-OWfXROeR0v4f-z1vo6wc0hI.q2T6G4G2TyOhFk4Z45oQZ9xpeLi9h-TVyC6Xx5qA6oA&dib_tag=se&m=ANBW5NGGTP7SK&marketplaceID=A39IBJ37TRP1C6&qid=1777190214&refinements=p_36%3A19000-19500&s=merchant-items&sr=1-295&xpid=MC76FKvB72qlu#customerReviews,開腹・腹腔鏡・ロボット 産婦人科手術のための基礎知識 (OGS NOW basic 1)
4758319812,,,,
4758319642,Tankobon Hardcover,191.46,https://www.amazon.com.au/%E8%B6%85%E9%9F%B3%E6%B3%A2%E3%82%AC%E3%82%A4%E3%83%89EVT-%E4%BD%93%E8%A1%A8%E9%9D%A2%E3%82%A8%E3%82%B3%E3%83%BC-IVUS%E3%81%AE%E5%BE%B9%E5%BA%95%E6%B4%BB%E7%94%A8%E3%81%A7%E6%89%8B%E6%8A%80%E6%88%90%E5%8A%9F%E3%81%AB%E5%B0%8E%E3%81%8F/dp/4758319642/ref=sr_1_296?dib=eyJ2IjoiMSJ9.V64liWBI8gEs2Fz4zKaS5-9P1hfUq7BY8Qvf72sjcN5KzIKcfbd6-RcAblqwaC0_iEMiuvWpAMX3cgeoRmWc3PQ_U5q9OFgx6HSTuiL8_1C1ZAt3nWcz2d_qX24icDQWvw0jawa1nRqxtcfZmcW-OWfXROeR0v4f-z1vo6wc0hI.q2T6G4G2TyOhFk4Z45oQZ9xpeLi9h-TVyC6Xx5qA6oA&dib_tag=se&m=ANBW5NGGTP7SK&marketplaceID=A39IBJ37TRP1C6&qid=1777190214&refinements=p_36%3A19000-19500&s=merchant-items&sr=1-296&xpid=MC76FKvB72qlu#customerReviews,"超音波ガイドEVT−体表面エコー,IVUSの徹底活用で手技成功に導く"
4758319642,,,,
B001GXSMVE,,194.89,https://www.amazon.com.au/Saint-Seiya-Capricorn-Surplice-Figure/dp/B001GXSMVE/ref=sr_1_297?dib=eyJ2IjoiMSJ9.V64liWBI8gEs2Fz4zKaS5-9P1hfUq7BY8Qvf72sjcN5KzIKcfbd6-RcAblqwaC0_iEMiuvWpAMX3cgeoRmWc3PQ_U5q9OFgx6HSTuiL8_1C1ZAt3nWcz2d_qX24icDQWvw0jawa1nRqxtcfZmcW-OWfXROeR0v4f-z1vo6wc0hI.q2T6G4G2TyOhFk4Z45oQZ9xpeLi9h-TVyC6Xx5qA6oA&dib_tag=se&m=ANBW5NGGTP7SK&marketplaceID=A39IBJ37TRP1C6&qid=1777190214&refinements=p_36%3A19000-19500&s=merchant-items&sr=1-297&xpid=MC76FKvB72qlu#customerReviews,Saint Seiya Myth Cloth Capricorn Syura Surplice Ver Figure
4758319324,Tankobon Hardcover,193.96,https://www.amazon.com.au/%E5%AD%90%E3%81%A9%E3%82%82%E3%81%AE%E8%83%BD%E5%8A%9B%E3%81%8B%E3%82%89%E8%80%83%E3%81%88%E3%82%8B-%E7%99%BA%E9%81%94%E9%9A%9C%E5%AE%B3%E9%A0%98%E5%9F%9F%E3%81%AE%E4%BD%9C%E6%A5%AD%E7%99%82%E6%B3%95%E3%82%A2%E3%83%97%E3%83%AD%E3%83%BC%E3%83%81-%E6%94%B9%E8%A8%82%E7%AC%AC2%E7%89%88/dp/4758319324/ref=sr_1_298?dib=eyJ2IjoiMSJ9.V64liWBI8gEs2Fz4zKaS5-9P1hfUq7BY8Qvf72sjcN5KzIKcfbd6-RcAblqwaC0_iEMiuvWpAMX3cgeoRmWc3PQ_U5q9OFgx6HSTuiL8_1C1ZAt3nWcz2d_qX24icDQWvw0jawa1nRqxtcfZmcW-OWfXROeR0v4f-z1vo6wc0hI.q2T6G4G2TyOhFk4Z45oQZ9xpeLi9h-TVyC6Xx5qA6oA&dib_tag=se&m=ANBW5NGGTP7SK&marketplaceID=A39IBJ37TRP1C6&qid=1777190214&refinements=p_36%3A19000-19500&s=merchant-items&sr=1-298&xpid=MC76FKvB72qlu#customerReviews,子どもの能力から考える 発達障害領域の作業療法アプローチ 改訂第2版
4758319324,,,,
4758319138,Tankobon Hardcover,194.7,https://www.amazon.com.au/%E8%84%8A%E6%9F%B1%E7%90%86%E5%AD%A6%E7%99%82%E6%B3%95%E3%83%9E%E3%83%8D%E3%82%B8%E3%83%A1%E3%83%B3%E3%83%88-%E7%97%85%E6%85%8B%E3%81%AB%E5%9F%BA%E3%81%A5%E3%81%8D%E6%A9%9F%E8%83%BD%E9%9A%9C%E5%AE%B3%E3%81%AE%E5%8E%9F%E5%9B%A0%E3%82%92%E6%8E%A2%E3%82%8B%E3%81%9F%E3%82%81%E3%81%AE%E8%87%A8%E5%BA%8A%E6%80%9D%E8%80%83%E3%82%92%E7%B4%90%E8%A7%A3%E3%81%8F/dp/4758319138/ref=sr_1_299?dib=eyJ2IjoiMSJ9.V64liWBI8gEs2Fz4zKaS5-9P1hfUq7BY8Qvf72sjcN5KzIKcfbd6-RcAblqwaC0_iEMiuvWpAMX3cgeoRmWc3PQ_U5q9OFgx6HSTuiL8_1C1ZAt3nWcz2d_qX24icDQWvw0jawa1nRqxtcfZmcW-OWfXROeR0v4f-z1vo6wc0hI.q2T6G4G2TyOhFk4Z45oQZ9xpeLi9h-TVyC6Xx5qA6oA&dib_tag=se&m=ANBW5NGGTP7SK&marketplaceID=A39IBJ37TRP1C6&qid=1777190214&refinements=p_36%3A19000-19500&s=merchant-items&sr=1-299&xpid=MC76FKvB72qlu#customerReviews,脊柱理学療法マネジメント−病態に基づき機能障害の原因を探るための臨床思考を紐解く
4758319138,,,,
4758319111,Tankobon Hardcover,192.02,https://www.amazon.com.au/%E8%86%9D%E9%96%A2%E7%AF%80%E7%90%86%E5%AD%A6%E7%99%82%E6%B3%95%E3%83%9E%E3%83%8D%E3%82%B8%E3%83%A1%E3%83%B3%E3%83%88-%E6%A9%9F%E8%83%BD%E9%9A%9C%E5%AE%B3%E3%81%AE%E5%8E%9F%E5%9B%A0%E3%82%92%E6%8E%A2%E3%82%8B%E3%81%9F%E3%82%81%E3%81%AE%E8%87%A8%E5%BA%8A%E6%80%9D%E8%80%83%E3%82%92%E7%B4%90%E8%A7%A3%E3%81%8F/dp/4758319111/ref=sr_1_305?dib=eyJ2IjoiMSJ9.gfFYYuSOcIGL-niPzoY5vMDen9_SDhnRD8_8T-bHDbc.G95Accd8f1tXkM_CCka-hEEA5JCCWPZUGsC4SemhSVs&dib_tag=se&m=ANBW5NGGTP7SK&marketplaceID=A39IBJ37TRP1C6&qid=1777190221&refinements=p_36%3A19000-19500&s=merchant-items&sr=1-305&xpid=MC76FKvB72qlu#customerReviews,膝関節理学療法マネジメント−機能障害の原因を探るための臨床思考を紐解く
4758319111,,,,
4758317917,Tankobon Hardcover,192.02,https://www.amazon.com.au/%E7%94%9F%E7%90%86%E5%AD%A6-%E7%AC%AC3%E7%89%88-%E3%82%AB%E3%83%A9%E3%83%BC%E3%82%A4%E3%83%A9%E3%82%B9%E3%83%88%E3%81%A7%E5%AD%A6%E3%81%B6-%E9%9B%86%E4%B8%AD%E8%AC%9B%E7%BE%A9/dp/4758317917/ref=sr_1_306?dib=eyJ2IjoiMSJ9.gfFYYuSOcIGL-niPzoY5vMDen9_SDhnRD8_8T-bHDbc.G95Accd8f1tXkM_CCka-hEEA5JCCWPZUGsC4SemhSVs&dib_tag=se&m=ANBW5NGGTP7SK&marketplaceID=A39IBJ37TRP1C6&qid=1777190221&refinements=p_36%3A19000-19500&s=merchant-items&sr=1-306&xpid=MC76FKvB72qlu#customerReviews,生理学−第3版 (カラーイラストで学ぶ 集中講義)
4758317917,,,,
