ASIN,Brand,Price,URL,Title
4938335018,Tankobon Softcover,229.93,https://www.amazon.com.au/%E3%83%AC%E3%82%B8%E3%82%B9%E3%82%BF%E3%83%B3%E3%82%B9%E3%83%BB%E3%83%88%E3%83%AC%E3%83%BC%E3%83%8B%E3%83%B3%E3%82%B0_%E3%81%9D%E3%81%AE%E7%94%9F%E7%90%86%E5%AD%A6%E3%81%A8%E6%A9%9F%E8%83%BD%E8%A7%A3%E5%89%96%E5%AD%A6%E3%81%8B%E3%82%89%E3%83%88%E3%83%AC%E3%83%BC%E3%83%8B%E3%83%B3%E3%82%B0%E5%87%A6%E6%96%B9%E3%81%BE%E3%81%A7-%E3%82%B9%E3%83%9D%E3%83%BC%E3%83%84%E5%8C%BB%E7%A7%91%E5%AD%A6%E5%9F%BA%E7%A4%8E%E8%AC%9B%E5%BA%A7-2/dp/4938335018/ref=sr_1_1?dib=eyJ2IjoiMSJ9.WWJyjZtUVvsoj8H97O5px_EiOvrvkC2s_yPurDOdp1BNtAhD4I_rquQLcTd46JYb7iSrL9G7Vz12LVbQGJQXDPjOU-xCaByjCOL_sxO2Y2g8HoLbLpQNi94aj_52cQBLZk2iEvcygXPByGeixur7K7ALW8iRmcIQOuFTEPmBMppQCzPtJFPoeIplmkcA76_96mptBQBJjeboYXcyTypN4uz07EnRV43zcD2Qvr33V7c.VrWmfeYpWtGiUYoMB4xGHJxtp-pTCK74uJpt5QydsB0&dib_tag=se&m=ANBW5NGGTP7SK&marketplaceID=A39IBJ37TRP1C6&qid=1777190919&refinements=p_36%3A22500-23000&s=merchant-items&sr=1-1#customerReviews,レジスタンス・トレーニング―その生理学と機能解剖学からトレーニング処方まで (スポーツ医科学基礎講座 (2))
4938335018,,,,
B0DMZX1QFL,,237.9,https://www.amazon.com.au/TAMASHII-NATIONS-Metal-Spirits-Gundam/dp/B0DMZX1QFL/ref=sr_1_2?dib=eyJ2IjoiMSJ9.WWJyjZtUVvsoj8H97O5px_EiOvrvkC2s_yPurDOdp1BNtAhD4I_rquQLcTd46JYb7iSrL9G7Vz12LVbQGJQXDPjOU-xCaByjCOL_sxO2Y2g8HoLbLpQNi94aj_52cQBLZk2iEvcygXPByGeixur7K7ALW8iRmcIQOuFTEPmBMppQCzPtJFPoeIplmkcA76_96mptBQBJjeboYXcyTypN4uz07EnRV43zcD2Qvr33V7c.VrWmfeYpWtGiUYoMB4xGHJxtp-pTCK74uJpt5QydsB0&dib_tag=se&m=ANBW5NGGTP7SK&marketplaceID=A39IBJ37TRP1C6&qid=1777190919&refinements=p_36%3A22500-23000&s=merchant-items&sr=1-2#customerReviews,TAMASHII Nations Metal Robot Spirits Gundam - Strike Freedom Gundam (RE:Coordinate)
B01N5GN0X8,,250.63,https://www.amazon.com.au/Suncourt-Flush-Register-Booster-Adapter/dp/B01N5GN0X8/ref=sr_1_3?dib=eyJ2IjoiMSJ9.WWJyjZtUVvsoj8H97O5px_EiOvrvkC2s_yPurDOdp1BNtAhD4I_rquQLcTd46JYb7iSrL9G7Vz12LVbQGJQXDPjOU-xCaByjCOL_sxO2Y2g8HoLbLpQNi94aj_52cQBLZk2iEvcygXPByGeixur7K7ALW8iRmcIQOuFTEPmBMppQCzPtJFPoeIplmkcA76_96mptBQBJjeboYXcyTypN4uz07EnRV43zcD2Qvr33V7c.VrWmfeYpWtGiUYoMB4xGHJxtp-pTCK74uJpt5QydsB0&dib_tag=se&m=ANBW5NGGTP7SK&marketplaceID=A39IBJ37TRP1C6&qid=1777190919&refinements=p_36%3A22500-23000&s=merchant-items&sr=1-3#customerReviews,Suncourt Brown Flush Fit Register Air Booster Fan w/ Brown Flush Fit Mount Adaptor by Suncourt
B01N5GN0X8,,,,
B0D8K27263,,227.21,https://www.amazon.com.au/Shimano-RC302-Mens-Road-Shoes/dp/B0D8K27263/ref=sr_1_4?dib=eyJ2IjoiMSJ9.WWJyjZtUVvsoj8H97O5px_EiOvrvkC2s_yPurDOdp1BNtAhD4I_rquQLcTd46JYb7iSrL9G7Vz12LVbQGJQXDPjOU-xCaByjCOL_sxO2Y2g8HoLbLpQNi94aj_52cQBLZk2iEvcygXPByGeixur7K7ALW8iRmcIQOuFTEPmBMppQCzPtJFPoeIplmkcA76_96mptBQBJjeboYXcyTypN4uz07EnRV43zcD2Qvr33V7c.VrWmfeYpWtGiUYoMB4xGHJxtp-pTCK74uJpt5QydsB0&dib_tag=se&m=ANBW5NGGTP7SK&marketplaceID=A39IBJ37TRP1C6&qid=1777190919&refinements=p_36%3A22500-23000&s=merchant-items&sr=1-4#customerReviews,Shimano SH-RC302M
4921146845,Tankobon Hardcover,226.04,https://www.amazon.com.au/%E6%96%B0%E4%BA%95%E5%A5%A5%E9%82%83%E8%91%97%E4%BD%9C%E9%9B%86%E3%80%88%E7%AC%AC8%E5%B7%BB%E3%80%89/dp/4921146845/ref=sr_1_5?dib=eyJ2IjoiMSJ9.WWJyjZtUVvsoj8H97O5px_EiOvrvkC2s_yPurDOdp1BNtAhD4I_rquQLcTd46JYb7iSrL9G7Vz12LVbQGJQXDPjOU-xCaByjCOL_sxO2Y2g8HoLbLpQNi94aj_52cQBLZk2iEvcygXPByGeixur7K7ALW8iRmcIQOuFTEPmBMppQCzPtJFPoeIplmkcA76_96mptBQBJjeboYXcyTypN4uz07EnRV43zcD2Qvr33V7c.VrWmfeYpWtGiUYoMB4xGHJxtp-pTCK74uJpt5QydsB0&dib_tag=se&m=ANBW5NGGTP7SK&marketplaceID=A39IBJ37TRP1C6&qid=1777190919&refinements=p_36%3A22500-23000&s=merchant-items&sr=1-5,新井奥邃著作集〈第8巻〉
4921146845,,,,
B0F997DZXP,,233.78,https://www.amazon.com.au/Kotobukiya-Armored-Structure-Non-Scale-Plastic/dp/B0F997DZXP/ref=sr_1_6?dib=eyJ2IjoiMSJ9.WWJyjZtUVvsoj8H97O5px_EiOvrvkC2s_yPurDOdp1BNtAhD4I_rquQLcTd46JYb7iSrL9G7Vz12LVbQGJQXDPjOU-xCaByjCOL_sxO2Y2g8HoLbLpQNi94aj_52cQBLZk2iEvcygXPByGeixur7K7ALW8iRmcIQOuFTEPmBMppQCzPtJFPoeIplmkcA76_96mptBQBJjeboYXcyTypN4uz07EnRV43zcD2Qvr33V7c.VrWmfeYpWtGiUYoMB4xGHJxtp-pTCK74uJpt5QydsB0&dib_tag=se&m=ANBW5NGGTP7SK&marketplaceID=A39IBJ37TRP1C6&qid=1777190919&refinements=p_36%3A22500-23000&s=merchant-items&sr=1-6#customerReviews,Kotobukiya Armored Core Structure Arts Non-Scale Plastic Model Kit Series Vol. 1 All 4 Types Box Non-Scale Plastic Kit
B0F997DZXP,,,,
B002P8DTWG,,227.98,https://www.amazon.com.au/N450LCK/dp/B002P8DTWG/ref=sr_1_7?dib=eyJ2IjoiMSJ9.WWJyjZtUVvsoj8H97O5px_EiOvrvkC2s_yPurDOdp1BNtAhD4I_rquQLcTd46JYb7iSrL9G7Vz12LVbQGJQXDPjOU-xCaByjCOL_sxO2Y2g8HoLbLpQNi94aj_52cQBLZk2iEvcygXPByGeixur7K7ALW8iRmcIQOuFTEPmBMppQCzPtJFPoeIplmkcA76_96mptBQBJjeboYXcyTypN4uz07EnRV43zcD2Qvr33V7c.VrWmfeYpWtGiUYoMB4xGHJxtp-pTCK74uJpt5QydsB0&dib_tag=se&m=ANBW5NGGTP7SK&marketplaceID=A39IBJ37TRP1C6&qid=1777190919&refinements=p_36%3A22500-23000&s=merchant-items&sr=1-7,N450LCK
B002P8DTWG,,,,
490965805X,Tankobon Hardcover,227.54,https://www.amazon.com.au/%E7%B4%99%E3%81%8C%E8%AA%9E%E3%82%8B%E5%B9%95%E6%9C%AB%E5%87%BA%E7%89%88%E5%8F%B2-%E3%80%8E%E9%96%8B%E7%89%88%E6%8C%87%E9%87%9D%E3%80%8F%E3%81%8B%E3%82%89%E8%A7%A3%E3%81%8D%E6%98%8E%E3%81%8B%E3%81%99-%E7%99%BD%E6%88%B8-%E6%BA%80%E5%96%9C%E5%AD%90/dp/490965805X/ref=sr_1_8?dib=eyJ2IjoiMSJ9.WWJyjZtUVvsoj8H97O5px_EiOvrvkC2s_yPurDOdp1BNtAhD4I_rquQLcTd46JYb7iSrL9G7Vz12LVbQGJQXDPjOU-xCaByjCOL_sxO2Y2g8HoLbLpQNi94aj_52cQBLZk2iEvcygXPByGeixur7K7ALW8iRmcIQOuFTEPmBMppQCzPtJFPoeIplmkcA76_96mptBQBJjeboYXcyTypN4uz07EnRV43zcD2Qvr33V7c.VrWmfeYpWtGiUYoMB4xGHJxtp-pTCK74uJpt5QydsB0&dib_tag=se&m=ANBW5NGGTP7SK&marketplaceID=A39IBJ37TRP1C6&qid=1777190919&refinements=p_36%3A22500-23000&s=merchant-items&sr=1-8#customerReviews,紙が語る幕末出版史: 『開版指針』から解き明かす
490965805X,,,,
B08CTXSS8L,,231.39,https://www.amazon.com.au/Shimano-VF-068T-Jacket-Floating-Light/dp/B08CTXSS8L/ref=sr_1_9?dib=eyJ2IjoiMSJ9.WWJyjZtUVvsoj8H97O5px_EiOvrvkC2s_yPurDOdp1BNtAhD4I_rquQLcTd46JYb7iSrL9G7Vz12LVbQGJQXDPjOU-xCaByjCOL_sxO2Y2g8HoLbLpQNi94aj_52cQBLZk2iEvcygXPByGeixur7K7ALW8iRmcIQOuFTEPmBMppQCzPtJFPoeIplmkcA76_96mptBQBJjeboYXcyTypN4uz07EnRV43zcD2Qvr33V7c.VrWmfeYpWtGiUYoMB4xGHJxtp-pTCK74uJpt5QydsB0&dib_tag=se&m=ANBW5NGGTP7SK&marketplaceID=A39IBJ37TRP1C6&qid=1777190919&refinements=p_36%3A22500-23000&s=merchant-items&sr=1-9#customerReviews,"Shimano VF-068T Life Jacket, Floating Vest, Game Best Light, Free"
B08CTXSS8L,,,,
B09BFM9254,,225.39,https://www.amazon.com.au/Shimano-Spinning-Spheros-Offshore-Jigging/dp/B09BFM9254/ref=sr_1_10?dib=eyJ2IjoiMSJ9.WWJyjZtUVvsoj8H97O5px_EiOvrvkC2s_yPurDOdp1BNtAhD4I_rquQLcTd46JYb7iSrL9G7Vz12LVbQGJQXDPjOU-xCaByjCOL_sxO2Y2g8HoLbLpQNi94aj_52cQBLZk2iEvcygXPByGeixur7K7ALW8iRmcIQOuFTEPmBMppQCzPtJFPoeIplmkcA76_96mptBQBJjeboYXcyTypN4uz07EnRV43zcD2Qvr33V7c.VrWmfeYpWtGiUYoMB4xGHJxtp-pTCK74uJpt5QydsB0&dib_tag=se&m=ANBW5NGGTP7SK&marketplaceID=A39IBJ37TRP1C6&qid=1777190919&refinements=p_36%3A22500-23000&s=merchant-items&sr=1-10#customerReviews,Shimano Spinning Reel 21 Spheros SW Various
B09BFM9254,,,,
4907562306,JP Oversized,226.04,https://www.amazon.com.au/Illuminance-Tenth-Anniversary-%E5%B7%9D%E5%86%85%E5%80%AB%E5%AD%90/dp/4907562306/ref=sr_1_11?dib=eyJ2IjoiMSJ9.WWJyjZtUVvsoj8H97O5px_EiOvrvkC2s_yPurDOdp1BNtAhD4I_rquQLcTd46JYb7iSrL9G7Vz12LVbQGJQXDPjOU-xCaByjCOL_sxO2Y2g8HoLbLpQNi94aj_52cQBLZk2iEvcygXPByGeixur7K7ALW8iRmcIQOuFTEPmBMppQCzPtJFPoeIplmkcA76_96mptBQBJjeboYXcyTypN4uz07EnRV43zcD2Qvr33V7c.VrWmfeYpWtGiUYoMB4xGHJxtp-pTCK74uJpt5QydsB0&dib_tag=se&m=ANBW5NGGTP7SK&marketplaceID=A39IBJ37TRP1C6&qid=1777190919&refinements=p_36%3A22500-23000&s=merchant-items&sr=1-11#customerReviews,Illuminance: The Tenth Anniversary Edition
4907562306,,,,
B002P8DUS4,,229.77,https://www.amazon.com.au/TK200CN/dp/B002P8DUS4/ref=sr_1_12?dib=eyJ2IjoiMSJ9.WWJyjZtUVvsoj8H97O5px_EiOvrvkC2s_yPurDOdp1BNtAhD4I_rquQLcTd46JYb7iSrL9G7Vz12LVbQGJQXDPjOU-xCaByjCOL_sxO2Y2g8HoLbLpQNi94aj_52cQBLZk2iEvcygXPByGeixur7K7ALW8iRmcIQOuFTEPmBMppQCzPtJFPoeIplmkcA76_96mptBQBJjeboYXcyTypN4uz07EnRV43zcD2Qvr33V7c.VrWmfeYpWtGiUYoMB4xGHJxtp-pTCK74uJpt5QydsB0&dib_tag=se&m=ANBW5NGGTP7SK&marketplaceID=A39IBJ37TRP1C6&qid=1777190919&refinements=p_36%3A22500-23000&s=merchant-items&sr=1-12,TK200CN
B002P8DUS4,,,,
B0D8K4B188,,229.11,https://www.amazon.com.au/Shimano-RC302-Womens-Road-Shoes/dp/B0D8K4B188/ref=sr_1_13?dib=eyJ2IjoiMSJ9.WWJyjZtUVvsoj8H97O5px_EiOvrvkC2s_yPurDOdp1BNtAhD4I_rquQLcTd46JYb7iSrL9G7Vz12LVbQGJQXDPjOU-xCaByjCOL_sxO2Y2g8HoLbLpQNi94aj_52cQBLZk2iEvcygXPByGeixur7K7ALW8iRmcIQOuFTEPmBMppQCzPtJFPoeIplmkcA76_96mptBQBJjeboYXcyTypN4uz07EnRV43zcD2Qvr33V7c.VrWmfeYpWtGiUYoMB4xGHJxtp-pTCK74uJpt5QydsB0&dib_tag=se&m=ANBW5NGGTP7SK&marketplaceID=A39IBJ37TRP1C6&qid=1777190919&refinements=p_36%3A22500-23000&s=merchant-items&sr=1-13,"Shimano SH-RC302W, Color: White"
4907095546,Tankobon Hardcover,227.05,https://www.amazon.com.au/%E7%A9%B6%E3%82%81%E3%82%8B%E8%84%B3%E8%85%AB%E7%98%8D_%E8%84%B3%E7%A5%9E%E7%B5%8C%E5%A4%96%E7%A7%91%E5%AD%A6%E3%81%AF-%E3%83%AF%E3%82%B7-%E3%81%AB%E3%81%BE%E3%81%8B%E3%81%9B%E3%81%A6-%E7%AA%AA%E7%94%B0-%E6%83%BA/dp/4907095546/ref=sr_1_14?dib=eyJ2IjoiMSJ9.WWJyjZtUVvsoj8H97O5px_EiOvrvkC2s_yPurDOdp1BNtAhD4I_rquQLcTd46JYb7iSrL9G7Vz12LVbQGJQXDPjOU-xCaByjCOL_sxO2Y2g8HoLbLpQNi94aj_52cQBLZk2iEvcygXPByGeixur7K7ALW8iRmcIQOuFTEPmBMppQCzPtJFPoeIplmkcA76_96mptBQBJjeboYXcyTypN4uz07EnRV43zcD2Qvr33V7c.VrWmfeYpWtGiUYoMB4xGHJxtp-pTCK74uJpt5QydsB0&dib_tag=se&m=ANBW5NGGTP7SK&marketplaceID=A39IBJ37TRP1C6&qid=1777190919&refinements=p_36%3A22500-23000&s=merchant-items&sr=1-14,究める脳腫瘍―脳神経外科学は“ワシ”にまかせて
4907095546,,,,
B000W9IN6W,,231.24,https://www.amazon.com.au/N450QLK-QLK45N/dp/B000W9IN6W/ref=sr_1_15?dib=eyJ2IjoiMSJ9.WWJyjZtUVvsoj8H97O5px_EiOvrvkC2s_yPurDOdp1BNtAhD4I_rquQLcTd46JYb7iSrL9G7Vz12LVbQGJQXDPjOU-xCaByjCOL_sxO2Y2g8HoLbLpQNi94aj_52cQBLZk2iEvcygXPByGeixur7K7ALW8iRmcIQOuFTEPmBMppQCzPtJFPoeIplmkcA76_96mptBQBJjeboYXcyTypN4uz07EnRV43zcD2Qvr33V7c.VrWmfeYpWtGiUYoMB4xGHJxtp-pTCK74uJpt5QydsB0&dib_tag=se&m=ANBW5NGGTP7SK&marketplaceID=A39IBJ37TRP1C6&qid=1777190919&refinements=p_36%3A22500-23000&s=merchant-items&sr=1-15,N450QLK (QLK45N)
B000W9IN6W,,,,
4906917674,Tankobon Hardcover,228.89,https://www.amazon.com.au/%E3%83%8E%E3%83%A2%E3%82%B9%E4%B8%BB%E6%A8%A9%E3%81%B8%E3%81%AE%E6%B3%95%E5%93%B2%E5%AD%A6-__-%E6%B3%95%E3%81%AE%E7%AA%AE%E6%A5%B5%E3%81%AB%E5%9C%A8%E3%82%8B%E3%82%82%E3%81%AE-%E6%B3%95%E3%81%AE%E7%AA%AE%E6%A5%B5%E3%81%AB%E3%81%82%E3%82%8B%E3%82%82%E3%81%AE%E3%81%AB%E3%81%A4%E3%81%84%E3%81%A6%E3%81%AE%E5%86%8D%E8%AB%96-%E6%95%B0%E3%81%AE%E6%94%BF%E6%B2%BB%E3%81%A8%E7%90%86%E3%81%AE%E6%94%BF%E6%B2%BB/dp/4906917674/ref=sr_1_16?dib=eyJ2IjoiMSJ9.WWJyjZtUVvsoj8H97O5px_EiOvrvkC2s_yPurDOdp1BNtAhD4I_rquQLcTd46JYb7iSrL9G7Vz12LVbQGJQXDPjOU-xCaByjCOL_sxO2Y2g8HoLbLpQNi94aj_52cQBLZk2iEvcygXPByGeixur7K7ALW8iRmcIQOuFTEPmBMppQCzPtJFPoeIplmkcA76_96mptBQBJjeboYXcyTypN4uz07EnRV43zcD2Qvr33V7c.VrWmfeYpWtGiUYoMB4xGHJxtp-pTCK74uJpt5QydsB0&dib_tag=se&m=ANBW5NGGTP7SK&marketplaceID=A39IBJ37TRP1C6&qid=1777190919&refinements=p_36%3A22500-23000&s=merchant-items&sr=1-16#customerReviews,ノモス主権への法哲学 ―― 法の窮極に在るもの/法の窮極にあるものについての再論/数の政治と理の政治
4906917674,,,,
B0D7HRG3V2,,226.74,https://www.amazon.com.au/PENGZHI-Peacock-Crystal-Sparkling-Rhinestone/dp/B0D7HRG3V2/ref=sr_1_17?dib=eyJ2IjoiMSJ9.KP7kCaGZxYGBTxMN4aOE1hp2IFx20NRkxgUxk8SZhKLuV8IcK-zrcyxSpuZkmD7bhmRYjNOh-7bhHpavaNUou7RiUsCststsXIEYT6CXEzZayU1z5voUkn78iiHeX4vo34y_VrM_Yia9hNK7SSuNaRm9jBhx5gNEGlAvlK90_txNTfJU_87q2OmsEMEHQQJSxq7hXBXaBw8nqbqoc13v46zjb0XjOMPFQNSeESKAlsc.2bwmquB3fu11gDGJw0Jeecr0_WH7dR_isju8T2aEOQs&dib_tag=se&m=ANBW5NGGTP7SK&marketplaceID=A39IBJ37TRP1C6&qid=1777190928&refinements=p_36%3A22500-23000&s=merchant-items&sr=1-17&xpid=bVtupK6-BH5Ck#customerReviews,"Women Peacock Crystal Clutch Purse Sparkling Rhinestone Handbag Ladies Luxury Evening Bag Wedding Party Purse, Gold"
B0D7HRG3V2,,,,
B0CJ4K4N5Z,,241.99,https://www.amazon.com.au/Shimano-Cues-U8000-Hydraulic-Brake/dp/B0CJ4K4N5Z/ref=sr_1_18?dib=eyJ2IjoiMSJ9.KP7kCaGZxYGBTxMN4aOE1hp2IFx20NRkxgUxk8SZhKLuV8IcK-zrcyxSpuZkmD7bhmRYjNOh-7bhHpavaNUou7RiUsCststsXIEYT6CXEzZayU1z5voUkn78iiHeX4vo34y_VrM_Yia9hNK7SSuNaRm9jBhx5gNEGlAvlK90_txNTfJU_87q2OmsEMEHQQJSxq7hXBXaBw8nqbqoc13v46zjb0XjOMPFQNSeESKAlsc.2bwmquB3fu11gDGJw0Jeecr0_WH7dR_isju8T2aEOQs&dib_tag=se&m=ANBW5NGGTP7SK&marketplaceID=A39IBJ37TRP1C6&qid=1777190928&refinements=p_36%3A22500-23000&s=merchant-items&sr=1-18&xpid=bVtupK6-BH5Ck,Shimano Cues U8000 Hydraulic Disc Brake
B0CJ4K4N5Z,,,,
4906828574,Tankobon Hardcover,225.37,https://www.amazon.com.au/%E4%BA%88%E7%9F%A5%E5%A4%A2%E5%A4%A7%E5%85%A8-%E4%B8%8D%E4%BA%8C-%E9%BE%8D%E5%BD%A6/dp/4906828574/ref=sr_1_19?dib=eyJ2IjoiMSJ9.KP7kCaGZxYGBTxMN4aOE1hp2IFx20NRkxgUxk8SZhKLuV8IcK-zrcyxSpuZkmD7bhmRYjNOh-7bhHpavaNUou7RiUsCststsXIEYT6CXEzZayU1z5voUkn78iiHeX4vo34y_VrM_Yia9hNK7SSuNaRm9jBhx5gNEGlAvlK90_txNTfJU_87q2OmsEMEHQQJSxq7hXBXaBw8nqbqoc13v46zjb0XjOMPFQNSeESKAlsc.2bwmquB3fu11gDGJw0Jeecr0_WH7dR_isju8T2aEOQs&dib_tag=se&m=ANBW5NGGTP7SK&marketplaceID=A39IBJ37TRP1C6&qid=1777190928&refinements=p_36%3A22500-23000&s=merchant-items&sr=1-19&xpid=bVtupK6-BH5Ck#customerReviews,予知夢大全
4906828574,,,,
B083QB44MS,,228.39,https://www.amazon.com.au/%E5%8F%8C%E9%80%B2-SOSHIN-No-6425-Camo-Radial/dp/B083QB44MS/ref=sr_1_20?dib=eyJ2IjoiMSJ9.KP7kCaGZxYGBTxMN4aOE1hp2IFx20NRkxgUxk8SZhKLuV8IcK-zrcyxSpuZkmD7bhmRYjNOh-7bhHpavaNUou7RiUsCststsXIEYT6CXEzZayU1z5voUkn78iiHeX4vo34y_VrM_Yia9hNK7SSuNaRm9jBhx5gNEGlAvlK90_txNTfJU_87q2OmsEMEHQQJSxq7hXBXaBw8nqbqoc13v46zjb0XjOMPFQNSeESKAlsc.2bwmquB3fu11gDGJw0Jeecr0_WH7dR_isju8T2aEOQs&dib_tag=se&m=ANBW5NGGTP7SK&marketplaceID=A39IBJ37TRP1C6&qid=1777190928&refinements=p_36%3A22500-23000&s=merchant-items&sr=1-20&xpid=bVtupK6-BH5Ck,rl camo Wader Radial
B083QB44MS,,,,
4905577470,Tankobon Hardcover,229.8,https://www.amazon.com.au/%E5%8B%95%E3%81%8D%E3%81%AE%E8%A7%A3%E5%89%96%E5%AD%A6-2-%E3%82%A8%E3%82%AF%E3%82%B5%E3%82%B5%E3%82%A4%E3%82%BA%E7%B7%A8-Blandine-Calais-Germain/dp/4905577470/ref=sr_1_21?dib=eyJ2IjoiMSJ9.KP7kCaGZxYGBTxMN4aOE1hp2IFx20NRkxgUxk8SZhKLuV8IcK-zrcyxSpuZkmD7bhmRYjNOh-7bhHpavaNUou7RiUsCststsXIEYT6CXEzZayU1z5voUkn78iiHeX4vo34y_VrM_Yia9hNK7SSuNaRm9jBhx5gNEGlAvlK90_txNTfJU_87q2OmsEMEHQQJSxq7hXBXaBw8nqbqoc13v46zjb0XjOMPFQNSeESKAlsc.2bwmquB3fu11gDGJw0Jeecr0_WH7dR_isju8T2aEOQs&dib_tag=se&m=ANBW5NGGTP7SK&marketplaceID=A39IBJ37TRP1C6&qid=1777190928&refinements=p_36%3A22500-23000&s=merchant-items&sr=1-21&xpid=bVtupK6-BH5Ck#customerReviews,動きの解剖学 2(エクササイズ編)
4905577470,,,,
4902249987,Tankobon Hardcover,228.11,https://www.amazon.com.au/%E7%B7%A9%E5%92%8C%E3%82%B1%E3%82%A2%E3%83%BB%E3%81%8C%E3%82%93%E7%9C%8B%E8%AD%B7-%E8%87%A8%E5%BA%8A%E8%A9%95%E4%BE%A1%E3%83%84%E3%83%BC%E3%83%AB%E5%A4%A7%E5%85%A8-%E5%AE%AE%E4%B8%8B-%E5%85%89%E4%BB%A4/dp/4902249987/ref=sr_1_22?dib=eyJ2IjoiMSJ9.KP7kCaGZxYGBTxMN4aOE1hp2IFx20NRkxgUxk8SZhKLuV8IcK-zrcyxSpuZkmD7bhmRYjNOh-7bhHpavaNUou7RiUsCststsXIEYT6CXEzZayU1z5voUkn78iiHeX4vo34y_VrM_Yia9hNK7SSuNaRm9jBhx5gNEGlAvlK90_txNTfJU_87q2OmsEMEHQQJSxq7hXBXaBw8nqbqoc13v46zjb0XjOMPFQNSeESKAlsc.2bwmquB3fu11gDGJw0Jeecr0_WH7dR_isju8T2aEOQs&dib_tag=se&m=ANBW5NGGTP7SK&marketplaceID=A39IBJ37TRP1C6&qid=1777190928&refinements=p_36%3A22500-23000&s=merchant-items&sr=1-22&xpid=bVtupK6-BH5Ck#customerReviews,緩和ケア・がん看護 臨床評価ツール大全
4902249987,,,,
B0CHM2NN29,,227.81,https://www.amazon.com.au/Bijin-Weather-Warm-Overalls-Black/dp/B0CHM2NN29/ref=sr_1_23?dib=eyJ2IjoiMSJ9.KP7kCaGZxYGBTxMN4aOE1hp2IFx20NRkxgUxk8SZhKLuV8IcK-zrcyxSpuZkmD7bhmRYjNOh-7bhHpavaNUou7RiUsCststsXIEYT6CXEzZayU1z5voUkn78iiHeX4vo34y_VrM_Yia9hNK7SSuNaRm9jBhx5gNEGlAvlK90_txNTfJU_87q2OmsEMEHQQJSxq7hXBXaBw8nqbqoc13v46zjb0XjOMPFQNSeESKAlsc.2bwmquB3fu11gDGJw0Jeecr0_WH7dR_isju8T2aEOQs&dib_tag=se&m=ANBW5NGGTP7SK&marketplaceID=A39IBJ37TRP1C6&qid=1777190928&refinements=p_36%3A22500-23000&s=merchant-items&sr=1-23&xpid=bVtupK6-BH5Ck,[双進] パンツ RBB オールウェザーウォームサロペット ブラック
B0CHM2NN29,,,,
4896292979,Tankobon Hardcover,227.73,https://www.amazon.com.au/%E8%8B%B1%E8%AA%9E%E7%AE%8B-%E5%89%8D%E7%B7%A8-%E6%9D%91%E4%B8%8A%E8%8B%B1%E4%BF%8A%E9%96%B2-%E7%A0%94%E7%A9%B6%E3%83%BB%E7%B4%A2%E5%BC%95%E3%83%BB%E5%BD%B1%E5%8D%B0/dp/4896292979/ref=sr_1_24?dib=eyJ2IjoiMSJ9.KP7kCaGZxYGBTxMN4aOE1hp2IFx20NRkxgUxk8SZhKLuV8IcK-zrcyxSpuZkmD7bhmRYjNOh-7bhHpavaNUou7RiUsCststsXIEYT6CXEzZayU1z5voUkn78iiHeX4vo34y_VrM_Yia9hNK7SSuNaRm9jBhx5gNEGlAvlK90_txNTfJU_87q2OmsEMEHQQJSxq7hXBXaBw8nqbqoc13v46zjb0XjOMPFQNSeESKAlsc.2bwmquB3fu11gDGJw0Jeecr0_WH7dR_isju8T2aEOQs&dib_tag=se&m=ANBW5NGGTP7SK&marketplaceID=A39IBJ37TRP1C6&qid=1777190928&refinements=p_36%3A22500-23000&s=merchant-items&sr=1-24&xpid=bVtupK6-BH5Ck,英語箋　前編　村上英俊閲　研究・索引・影印: 1
4896292979,,,,
B0CKHNDNMJ,,229.74,https://www.amazon.com.au/Daiwa-24TATULA-100H-Bait-Reel/dp/B0CKHNDNMJ/ref=sr_1_25?dib=eyJ2IjoiMSJ9.KP7kCaGZxYGBTxMN4aOE1hp2IFx20NRkxgUxk8SZhKLuV8IcK-zrcyxSpuZkmD7bhmRYjNOh-7bhHpavaNUou7RiUsCststsXIEYT6CXEzZayU1z5voUkn78iiHeX4vo34y_VrM_Yia9hNK7SSuNaRm9jBhx5gNEGlAvlK90_txNTfJU_87q2OmsEMEHQQJSxq7hXBXaBw8nqbqoc13v46zjb0XjOMPFQNSeESKAlsc.2bwmquB3fu11gDGJw0Jeecr0_WH7dR_isju8T2aEOQs&dib_tag=se&m=ANBW5NGGTP7SK&marketplaceID=A39IBJ37TRP1C6&qid=1777190928&refinements=p_36%3A22500-23000&s=merchant-items&sr=1-25&xpid=bVtupK6-BH5Ck#customerReviews,Daiwa 24TATULA TW 100 Bait Reel (2024 Model)
B0CKHNDNMJ,,,,
4896289846,Tankobon Hardcover,228.92,https://www.amazon.com.au/%E6%9C%80%E6%96%B0PL%E9%96%A2%E4%BF%82%E5%88%A4%E4%BE%8B%E3%81%A8%E5%AE%9F%E5%8B%99-%E5%8D%87%E7%94%B0-%E7%B4%94/dp/4896289846/ref=sr_1_26?dib=eyJ2IjoiMSJ9.KP7kCaGZxYGBTxMN4aOE1hp2IFx20NRkxgUxk8SZhKLuV8IcK-zrcyxSpuZkmD7bhmRYjNOh-7bhHpavaNUou7RiUsCststsXIEYT6CXEzZayU1z5voUkn78iiHeX4vo34y_VrM_Yia9hNK7SSuNaRm9jBhx5gNEGlAvlK90_txNTfJU_87q2OmsEMEHQQJSxq7hXBXaBw8nqbqoc13v46zjb0XjOMPFQNSeESKAlsc.2bwmquB3fu11gDGJw0Jeecr0_WH7dR_isju8T2aEOQs&dib_tag=se&m=ANBW5NGGTP7SK&marketplaceID=A39IBJ37TRP1C6&qid=1777190928&refinements=p_36%3A22500-23000&s=merchant-items&sr=1-26&xpid=bVtupK6-BH5Ck,最新PL関係判例と実務
4896289846,,,,
B0CFPMC3MB,,228.85,https://www.amazon.com.au/60025-Rucksack-Ventile-Waterproof-%EF%BC%A843%C3%97%EF%BC%B728%C3%97D14cm/dp/B0CFPMC3MB/ref=sr_1_27?dib=eyJ2IjoiMSJ9.KP7kCaGZxYGBTxMN4aOE1hp2IFx20NRkxgUxk8SZhKLuV8IcK-zrcyxSpuZkmD7bhmRYjNOh-7bhHpavaNUou7RiUsCststsXIEYT6CXEzZayU1z5voUkn78iiHeX4vo34y_VrM_Yia9hNK7SSuNaRm9jBhx5gNEGlAvlK90_txNTfJU_87q2OmsEMEHQQJSxq7hXBXaBw8nqbqoc13v46zjb0XjOMPFQNSeESKAlsc.2bwmquB3fu11gDGJw0Jeecr0_WH7dR_isju8T2aEOQs&dib_tag=se&m=ANBW5NGGTP7SK&marketplaceID=A39IBJ37TRP1C6&qid=1777190928&refinements=p_36%3A22500-23000&s=merchant-items&sr=1-27&xpid=bVtupK6-BH5Ck#customerReviews,"Antruc 60025 CITY Rucksack, Tote Rucksack, Ventile Fabric, Waterproof, B4 Size, Can Store PC"
B0CFPMC3MB,,,,
4896287037,Tankobon Hardcover,227.15,https://www.amazon.com.au/%E7%B0%A1%E8%A3%81%E6%B0%91%E4%BA%8B%E4%BA%8B%E4%BB%B6%E3%81%AE%E8%80%83%E3%81%88%E6%96%B9%E3%81%A8%E5%AE%9F%E5%8B%99/dp/4896287037/ref=sr_1_28?dib=eyJ2IjoiMSJ9.KP7kCaGZxYGBTxMN4aOE1hp2IFx20NRkxgUxk8SZhKLuV8IcK-zrcyxSpuZkmD7bhmRYjNOh-7bhHpavaNUou7RiUsCststsXIEYT6CXEzZayU1z5voUkn78iiHeX4vo34y_VrM_Yia9hNK7SSuNaRm9jBhx5gNEGlAvlK90_txNTfJU_87q2OmsEMEHQQJSxq7hXBXaBw8nqbqoc13v46zjb0XjOMPFQNSeESKAlsc.2bwmquB3fu11gDGJw0Jeecr0_WH7dR_isju8T2aEOQs&dib_tag=se&m=ANBW5NGGTP7SK&marketplaceID=A39IBJ37TRP1C6&qid=1777190928&refinements=p_36%3A22500-23000&s=merchant-items&sr=1-28&xpid=bVtupK6-BH5Ck#customerReviews,簡裁民事事件の考え方と実務
4896287037,,,,
B0GCM25D68,,226.58,https://www.amazon.com.au/Daiwa-LT2500-Spinning-Reel-26FREAMS/dp/B0GCM25D68/ref=sr_1_29?dib=eyJ2IjoiMSJ9.KP7kCaGZxYGBTxMN4aOE1hp2IFx20NRkxgUxk8SZhKLuV8IcK-zrcyxSpuZkmD7bhmRYjNOh-7bhHpavaNUou7RiUsCststsXIEYT6CXEzZayU1z5voUkn78iiHeX4vo34y_VrM_Yia9hNK7SSuNaRm9jBhx5gNEGlAvlK90_txNTfJU_87q2OmsEMEHQQJSxq7hXBXaBw8nqbqoc13v46zjb0XjOMPFQNSeESKAlsc.2bwmquB3fu11gDGJw0Jeecr0_WH7dR_isju8T2aEOQs&dib_tag=se&m=ANBW5NGGTP7SK&marketplaceID=A39IBJ37TRP1C6&qid=1777190928&refinements=p_36%3A22500-23000&s=merchant-items&sr=1-29&xpid=bVtupK6-BH5Ck,Daiwa LT2500 Spinning Reel 26FREAMS
B0GCM25D68,,,,
4895926257,Tankobon Hardcover,227.38,https://www.amazon.com.au/%E3%83%8F%E3%83%BC%E3%83%88%E3%82%A6%E3%82%A7%E3%83%AB%E9%81%BA%E4%BC%9D%E5%AD%A6-%E9%81%BA%E4%BC%9D%E5%AD%90%E3%80%81%E3%82%B2%E3%83%8E%E3%83%A0%E3%80%81%E3%81%9D%E3%81%97%E3%81%A6%E7%94%9F%E5%91%BD%E3%82%B7%E3%82%B9%E3%83%86%E3%83%A0%E3%81%B8-%E8%8F%8A%E6%B1%A0%E9%9F%B6%E5%BD%A6/dp/4895926257/ref=sr_1_30?dib=eyJ2IjoiMSJ9.KP7kCaGZxYGBTxMN4aOE1hp2IFx20NRkxgUxk8SZhKLuV8IcK-zrcyxSpuZkmD7bhmRYjNOh-7bhHpavaNUou7RiUsCststsXIEYT6CXEzZayU1z5voUkn78iiHeX4vo34y_VrM_Yia9hNK7SSuNaRm9jBhx5gNEGlAvlK90_txNTfJU_87q2OmsEMEHQQJSxq7hXBXaBw8nqbqoc13v46zjb0XjOMPFQNSeESKAlsc.2bwmquB3fu11gDGJw0Jeecr0_WH7dR_isju8T2aEOQs&dib_tag=se&m=ANBW5NGGTP7SK&marketplaceID=A39IBJ37TRP1C6&qid=1777190928&refinements=p_36%3A22500-23000&s=merchant-items&sr=1-30&xpid=bVtupK6-BH5Ck#customerReviews,ハートウェル遺伝学-遺伝子、ゲノム、そして生命システムへ-
4895926257,,,,
B06XDHF3TN,,227.7,https://www.amazon.com.au/Charles-David-Womens-Prism-Black/dp/B06XDHF3TN/ref=sr_1_31?dib=eyJ2IjoiMSJ9.KP7kCaGZxYGBTxMN4aOE1hp2IFx20NRkxgUxk8SZhKLuV8IcK-zrcyxSpuZkmD7bhmRYjNOh-7bhHpavaNUou7RiUsCststsXIEYT6CXEzZayU1z5voUkn78iiHeX4vo34y_VrM_Yia9hNK7SSuNaRm9jBhx5gNEGlAvlK90_txNTfJU_87q2OmsEMEHQQJSxq7hXBXaBw8nqbqoc13v46zjb0XjOMPFQNSeESKAlsc.2bwmquB3fu11gDGJw0Jeecr0_WH7dR_isju8T2aEOQs&dib_tag=se&m=ANBW5NGGTP7SK&marketplaceID=A39IBJ37TRP1C6&qid=1777190928&refinements=p_36%3A22500-23000&s=merchant-items&sr=1-31&xpid=bVtupK6-BH5Ck#customerReviews,Charles David Women's Prism Ankle
B06XDHF3TN,,,,
4895313239,JP Oversized,226.82,https://www.amazon.com.au/%E8%A4%87%E9%9B%91%E3%81%AA%E7%97%87%E7%8A%B6%E3%82%92%E7%90%86%E8%A7%A3%E3%81%99%E3%82%8B%E3%81%9F%E3%82%81%E3%81%AE%E3%83%88%E3%83%AA%E3%82%AC%E3%83%BC%E3%83%9D%E3%82%A4%E3%83%B3%E3%83%88%E5%A4%A7%E4%BA%8B%E5%85%B8-%E3%83%87%E3%83%B4%E3%82%A3%E3%83%B3%E3%83%BBJ-%E3%82%B9%E3%82%BF%E3%83%BC%E3%83%AA%E3%82%A2%E3%83%AB/dp/4895313239/ref=sr_1_32?dib=eyJ2IjoiMSJ9.KP7kCaGZxYGBTxMN4aOE1hp2IFx20NRkxgUxk8SZhKLuV8IcK-zrcyxSpuZkmD7bhmRYjNOh-7bhHpavaNUou7RiUsCststsXIEYT6CXEzZayU1z5voUkn78iiHeX4vo34y_VrM_Yia9hNK7SSuNaRm9jBhx5gNEGlAvlK90_txNTfJU_87q2OmsEMEHQQJSxq7hXBXaBw8nqbqoc13v46zjb0XjOMPFQNSeESKAlsc.2bwmquB3fu11gDGJw0Jeecr0_WH7dR_isju8T2aEOQs&dib_tag=se&m=ANBW5NGGTP7SK&marketplaceID=A39IBJ37TRP1C6&qid=1777190928&refinements=p_36%3A22500-23000&s=merchant-items&sr=1-32&xpid=bVtupK6-BH5Ck#customerReviews,複雑な症状を理解するためのトリガーポイント大事典
4895313239,,,,
B0C9M2D77H,,238.81,https://www.amazon.com.au/DAIWA-LT3000-XH-Spinning-Reel-Lexa/dp/B0C9M2D77H/ref=sr_1_33?dib=eyJ2IjoiMSJ9.RZm0Gozc3SGSR8YQCVOzSOtPT6LrdPIbC3wq6fapMA31qsO5sVcxw6czHA_lWIb51GmBU1HoHr1Lx1sSdS49pw.EKRAkR-fG1i88wWAWqydqux5U5IBOgNMoQqbIvHIA1Y&dib_tag=se&m=ANBW5NGGTP7SK&marketplaceID=A39IBJ37TRP1C6&qid=1777190938&refinements=p_36%3A22500-23000&s=merchant-items&sr=1-33&xpid=bVtupK6-BH5Ck#customerReviews,"DAIWA Spinning Reel, Lexa, 2500-6000, Various (2023 Model)"
B0C9M2D77H,,,,
4894765705,Tankobon Hardcover,229.14,https://www.amazon.com.au/%E5%BD%A2%E6%85%8B%E8%AB%96%E3%81%A8%E7%B5%B1%E8%AA%9E%E8%AB%96%E3%81%AE%E7%9B%B8%E4%BA%92%E4%BD%9C%E7%94%A8_%E6%97%A5%E6%9C%AC%E8%AA%9E%E3%81%A8%E6%9C%9D%E9%AE%AE%E8%AA%9E%E3%81%AE%E5%AF%BE%E7%85%A7%E8%A8%80%E8%AA%9E%E5%AD%A6%E7%9A%84%E7%A0%94%E7%A9%B6-%E3%81%B2%E3%81%A4%E3%81%98%E7%A0%94%E7%A9%B6%E5%8F%A2%E6%9B%B8%EF%BC%88%E8%A8%80%E8%AA%9E%E7%B7%A8%EF%BC%89-%E7%AC%AC95%E5%B7%BB/dp/4894765705/ref=sr_1_34?dib=eyJ2IjoiMSJ9.RZm0Gozc3SGSR8YQCVOzSOtPT6LrdPIbC3wq6fapMA31qsO5sVcxw6czHA_lWIb51GmBU1HoHr1Lx1sSdS49pw.EKRAkR-fG1i88wWAWqydqux5U5IBOgNMoQqbIvHIA1Y&dib_tag=se&m=ANBW5NGGTP7SK&marketplaceID=A39IBJ37TRP1C6&qid=1777190938&refinements=p_36%3A22500-23000&s=merchant-items&sr=1-34&xpid=bVtupK6-BH5Ck#customerReviews,形態論と統語論の相互作用―日本語と朝鮮語の対照言語学的研究 (ひつじ研究叢書（言語編）　第95巻)
4894765705,,,,
B0CFPMJ7LJ,,225.45,https://www.amazon.com.au/60026-Backpack-Daypack-Waterproof-%EF%BC%A841%C3%97%EF%BC%B729%C3%97D14cm/dp/B0CFPMJ7LJ/ref=sr_1_35?dib=eyJ2IjoiMSJ9.RZm0Gozc3SGSR8YQCVOzSOtPT6LrdPIbC3wq6fapMA31qsO5sVcxw6czHA_lWIb51GmBU1HoHr1Lx1sSdS49pw.EKRAkR-fG1i88wWAWqydqux5U5IBOgNMoQqbIvHIA1Y&dib_tag=se&m=ANBW5NGGTP7SK&marketplaceID=A39IBJ37TRP1C6&qid=1777190938&refinements=p_36%3A22500-23000&s=merchant-items&sr=1-35&xpid=bVtupK6-BH5Ck#customerReviews,Antruc 60026
B0CFPMJ7LJ,,,,
4894344556,Tankobon Hardcover,225.25,https://www.amazon.com.au/%E3%83%9E%E3%83%BC%E3%83%A9%E3%83%BC-%E4%BA%A4%E9%9F%BF%E6%9B%B2%E3%81%AE%E3%81%99%E3%81%B9%E3%81%A6/dp/4894344556/ref=sr_1_36?dib=eyJ2IjoiMSJ9.RZm0Gozc3SGSR8YQCVOzSOtPT6LrdPIbC3wq6fapMA31qsO5sVcxw6czHA_lWIb51GmBU1HoHr1Lx1sSdS49pw.EKRAkR-fG1i88wWAWqydqux5U5IBOgNMoQqbIvHIA1Y&dib_tag=se&m=ANBW5NGGTP7SK&marketplaceID=A39IBJ37TRP1C6&qid=1777190938&refinements=p_36%3A22500-23000&s=merchant-items&sr=1-36&xpid=bVtupK6-BH5Ck#customerReviews,マーラー 交響曲のすべて
4894344556,,,,
B07R5B2M5L,,229.62,https://www.amazon.com.au/Wheel-Check-loose-wheel-indicator-33-0/dp/B07R5B2M5L/ref=sr_1_37?dib=eyJ2IjoiMSJ9.RZm0Gozc3SGSR8YQCVOzSOtPT6LrdPIbC3wq6fapMA31qsO5sVcxw6czHA_lWIb51GmBU1HoHr1Lx1sSdS49pw.EKRAkR-fG1i88wWAWqydqux5U5IBOgNMoQqbIvHIA1Y&dib_tag=se&m=ANBW5NGGTP7SK&marketplaceID=A39IBJ37TRP1C6&qid=1777190938&refinements=p_36%3A22500-23000&s=merchant-items&sr=1-37&xpid=bVtupK6-BH5Ck,"the loose wheel nut indicator (1 5/16"" or 33.0 mm)"
B07R5B2M5L,,,,
4893095714,JP Oversized,226.42,https://www.amazon.com.au/%E3%81%84%E3%82%84%E3%81%A3-%E3%83%88%E3%83%AC%E3%83%BC%E3%82%B7%E3%83%BC-%E3%82%B3%E3%83%BC%E3%83%87%E3%83%A5%E3%83%AD%E3%82%A4/dp/4893095714/ref=sr_1_33?dib=eyJ2IjoiMSJ9.-nR2qhNXrHH5x_5RKbwa7r5PFzCw34IHfU6sK7AJw-vMfgxWmq_0YsxQr7gEjanI2Ugixs_HIadrVYnoC6U0cz9z2FE3n0RmXWKBSh5cy9dcGI3-xZYCdbK5Yx3NUj6q3StYV8PnCVOV06Q-8oEI4NjYB4Z62Ryz-1DJEe2iF6s.NKM4J83Zh5nlnBnO-MVRoXMhGMSNwagQidJA1wU4nQk&dib_tag=se&m=ANBW5NGGTP7SK&marketplaceID=A39IBJ37TRP1C6&qid=1777190938&refinements=p_36%3A22500-23000&s=merchant-items&sr=1-33&xpid=bVtupK6-BH5Ck#customerReviews,いやっ!
4893095714,,,,
B09BBTKX15,,229.77,https://www.amazon.com.au/Shimano-DS-Basic-Suit-Blue/dp/B09BBTKX15/ref=sr_1_34?dib=eyJ2IjoiMSJ9.-nR2qhNXrHH5x_5RKbwa7r5PFzCw34IHfU6sK7AJw-vMfgxWmq_0YsxQr7gEjanI2Ugixs_HIadrVYnoC6U0cz9z2FE3n0RmXWKBSh5cy9dcGI3-xZYCdbK5Yx3NUj6q3StYV8PnCVOV06Q-8oEI4NjYB4Z62Ryz-1DJEe2iF6s.NKM4J83Zh5nlnBnO-MVRoXMhGMSNwagQidJA1wU4nQk&dib_tag=se&m=ANBW5NGGTP7SK&marketplaceID=A39IBJ37TRP1C6&qid=1777190938&refinements=p_36%3A22500-23000&s=merchant-items&sr=1-34&xpid=bVtupK6-BH5Ck#customerReviews,"Shimano DS Basic Suit, Blue, L"
4892596698,Tankobon Hardcover,225.61,https://www.amazon.com.au/%E3%82%A2%E3%83%80%E3%83%A0%E3%83%BB%E3%82%B9%E3%83%9F%E3%82%B9%E3%80%8E%E6%B3%95%E5%AD%A6%E8%AC%9B%E7%BE%A9A%E3%83%8E%E3%83%BC%E3%83%88%E3%80%8FPolice%E7%B7%A8%E3%82%92%E8%AA%AD%E3%82%80/dp/4892596698/ref=sr_1_35?dib=eyJ2IjoiMSJ9.-nR2qhNXrHH5x_5RKbwa7r5PFzCw34IHfU6sK7AJw-vMfgxWmq_0YsxQr7gEjanI2Ugixs_HIadrVYnoC6U0cz9z2FE3n0RmXWKBSh5cy9dcGI3-xZYCdbK5Yx3NUj6q3StYV8PnCVOV06Q-8oEI4NjYB4Z62Ryz-1DJEe2iF6s.NKM4J83Zh5nlnBnO-MVRoXMhGMSNwagQidJA1wU4nQk&dib_tag=se&m=ANBW5NGGTP7SK&marketplaceID=A39IBJ37TRP1C6&qid=1777190938&refinements=p_36%3A22500-23000&s=merchant-items&sr=1-35&xpid=bVtupK6-BH5Ck,アダム・スミス『法学講義Aノート』Police編を読む
4892596698,,,,
B0DVFYK8TB,,225.6,https://www.amazon.com.au/TAMASHII-NATIONS-Spirits-Mobile-GQuuuuuuX/dp/B0DVFYK8TB/ref=sr_1_36?dib=eyJ2IjoiMSJ9.-nR2qhNXrHH5x_5RKbwa7r5PFzCw34IHfU6sK7AJw-vMfgxWmq_0YsxQr7gEjanI2Ugixs_HIadrVYnoC6U0cz9z2FE3n0RmXWKBSh5cy9dcGI3-xZYCdbK5Yx3NUj6q3StYV8PnCVOV06Q-8oEI4NjYB4Z62Ryz-1DJEe2iF6s.NKM4J83Zh5nlnBnO-MVRoXMhGMSNwagQidJA1wU4nQk&dib_tag=se&m=ANBW5NGGTP7SK&marketplaceID=A39IBJ37TRP1C6&qid=1777190938&refinements=p_36%3A22500-23000&s=merchant-items&sr=1-36&xpid=bVtupK6-BH5Ck#customerReviews,TAMASHII Nations Metal Robot Spirits Mobile Suit Gundam GQuuuuuuX - RED Gundam
4890133526,Tankobon Hardcover,228.91,https://www.amazon.com.au/Atlas-text-neuroanatomy-4890133526-Japanese/dp/4890133526/ref=sr_1_37?dib=eyJ2IjoiMSJ9.-nR2qhNXrHH5x_5RKbwa7r5PFzCw34IHfU6sK7AJw-vMfgxWmq_0YsxQr7gEjanI2Ugixs_HIadrVYnoC6U0cz9z2FE3n0RmXWKBSh5cy9dcGI3-xZYCdbK5Yx3NUj6q3StYV8PnCVOV06Q-8oEI4NjYB4Z62Ryz-1DJEe2iF6s.NKM4J83Zh5nlnBnO-MVRoXMhGMSNwagQidJA1wU4nQk&dib_tag=se&m=ANBW5NGGTP7SK&marketplaceID=A39IBJ37TRP1C6&qid=1777190938&refinements=p_36%3A22500-23000&s=merchant-items&sr=1-37&xpid=bVtupK6-BH5Ck#customerReviews,Atlas and text - Martin neuroanatomy (2007) ISBN: 4890133526 [Japanese Import]
4890133526,,,,
B0C38343XK,,226.27,https://www.amazon.com.au/Prairie-People-Wallet-Chocolate-Green/dp/B0C38343XK/ref=sr_1_38?dib=eyJ2IjoiMSJ9.-nR2qhNXrHH5x_5RKbwa7r5PFzCw34IHfU6sK7AJw-vMfgxWmq_0YsxQr7gEjanI2Ugixs_HIadrVYnoC6U0cz9z2FE3n0RmXWKBSh5cy9dcGI3-xZYCdbK5Yx3NUj6q3StYV8PnCVOV06Q-8oEI4NjYB4Z62Ryz-1DJEe2iF6s.NKM4J83Zh5nlnBnO-MVRoXMhGMSNwagQidJA1wU4nQk&dib_tag=se&m=ANBW5NGGTP7SK&marketplaceID=A39IBJ37TRP1C6&qid=1777190938&refinements=p_36%3A22500-23000&s=merchant-items&sr=1-38&xpid=bVtupK6-BH5Ck,Prairie 1957 New People Long Wallet
B0C38343XK,,,,
4890133054,JP Oversized,229.87,https://www.amazon.com.au/%E3%82%AB%E3%83%A9%E3%83%BC%E4%BA%BA%E4%BD%93%E8%A7%A3%E5%89%96%E5%AD%A6_%E6%A7%8B%E9%80%A0%E3%81%A8%E6%A9%9F%E8%83%BD-%E3%83%9F%E3%82%AF%E3%83%AD%E3%81%8B%E3%82%89%E3%83%9E%E3%82%AF%E3%83%AD%E3%81%BE%E3%81%A7-F-H-%E3%83%9E%E3%83%86%E3%82%A3%E3%83%BC%E3%83%8B/dp/4890133054/ref=sr_1_39?dib=eyJ2IjoiMSJ9.-nR2qhNXrHH5x_5RKbwa7r5PFzCw34IHfU6sK7AJw-vMfgxWmq_0YsxQr7gEjanI2Ugixs_HIadrVYnoC6U0cz9z2FE3n0RmXWKBSh5cy9dcGI3-xZYCdbK5Yx3NUj6q3StYV8PnCVOV06Q-8oEI4NjYB4Z62Ryz-1DJEe2iF6s.NKM4J83Zh5nlnBnO-MVRoXMhGMSNwagQidJA1wU4nQk&dib_tag=se&m=ANBW5NGGTP7SK&marketplaceID=A39IBJ37TRP1C6&qid=1777190938&refinements=p_36%3A22500-23000&s=merchant-items&sr=1-39&xpid=bVtupK6-BH5Ck#customerReviews,カラー人体解剖学―構造と機能:ミクロからマクロまで
4890133054,,,,
B0CKHMMYYM,,229.74,https://www.amazon.com.au/DAIWA-Bait-Reel-24TATULA-100XHL/dp/B0CKHMMYYM/ref=sr_1_40?dib=eyJ2IjoiMSJ9.-nR2qhNXrHH5x_5RKbwa7r5PFzCw34IHfU6sK7AJw-vMfgxWmq_0YsxQr7gEjanI2Ugixs_HIadrVYnoC6U0cz9z2FE3n0RmXWKBSh5cy9dcGI3-xZYCdbK5Yx3NUj6q3StYV8PnCVOV06Q-8oEI4NjYB4Z62Ryz-1DJEe2iF6s.NKM4J83Zh5nlnBnO-MVRoXMhGMSNwagQidJA1wU4nQk&dib_tag=se&m=ANBW5NGGTP7SK&marketplaceID=A39IBJ37TRP1C6&qid=1777190938&refinements=p_36%3A22500-23000&s=merchant-items&sr=1-40&xpid=bVtupK6-BH5Ck#customerReviews,Daiwa 24TATULA TW 100 Bait Reel (2024 Model)
B0CKHMMYYM,,,,
4886833365,Tankobon Hardcover,226.0,https://www.amazon.com.au/48%E6%AD%B3%E3%81%8B%E3%82%89%E3%81%AE%E3%83%9C%E3%82%B1%E3%83%81%E3%82%A7%E3%83%83%E3%82%AF_%E3%82%A2%E3%83%AB%E3%83%84%E3%83%8F%E3%82%A4%E3%83%9E%E3%83%BC%E3%80%8C%E5%9E%8B%E3%80%8D%E7%97%B4%E5%91%86%E3%81%AF%E3%81%B5%E3%81%9B%E3%81%92%E3%82%8B/dp/4886833365/ref=sr_1_41?dib=eyJ2IjoiMSJ9.-nR2qhNXrHH5x_5RKbwa7r5PFzCw34IHfU6sK7AJw-vMfgxWmq_0YsxQr7gEjanI2Ugixs_HIadrVYnoC6U0cz9z2FE3n0RmXWKBSh5cy9dcGI3-xZYCdbK5Yx3NUj6q3StYV8PnCVOV06Q-8oEI4NjYB4Z62Ryz-1DJEe2iF6s.NKM4J83Zh5nlnBnO-MVRoXMhGMSNwagQidJA1wU4nQk&dib_tag=se&m=ANBW5NGGTP7SK&marketplaceID=A39IBJ37TRP1C6&qid=1777190938&refinements=p_36%3A22500-23000&s=merchant-items&sr=1-41&xpid=bVtupK6-BH5Ck,48歳からのボケチェック―アルツハイマー「型」痴呆はふせげる
4886833365,,,,
B00EV1JE9W,,231.59,https://www.amazon.com.au/Brahmin-womens-Credit-Card-Wallet/dp/B00EV1JE9W/ref=sr_1_42?dib=eyJ2IjoiMSJ9.-nR2qhNXrHH5x_5RKbwa7r5PFzCw34IHfU6sK7AJw-vMfgxWmq_0YsxQr7gEjanI2Ugixs_HIadrVYnoC6U0cz9z2FE3n0RmXWKBSh5cy9dcGI3-xZYCdbK5Yx3NUj6q3StYV8PnCVOV06Q-8oEI4NjYB4Z62Ryz-1DJEe2iF6s.NKM4J83Zh5nlnBnO-MVRoXMhGMSNwagQidJA1wU4nQk&dib_tag=se&m=ANBW5NGGTP7SK&marketplaceID=A39IBJ37TRP1C6&qid=1777190938&refinements=p_36%3A22500-23000&s=merchant-items&sr=1-42&xpid=bVtupK6-BH5Ck#customerReviews,Brahmin womens Credit Card Wallet Credit Card Wallet
B00EV1JE9W,,,,
4886217427,Tankobon Hardcover,229.41,https://www.amazon.com.au/%E5%AE%9A%E6%9C%AC-%E7%99%BA%E6%8E%98%E8%AA%BF%E6%9F%BB%E3%81%AE%E3%81%A6%E3%81%B3%E3%81%8D/dp/4886217427/ref=sr_1_43?dib=eyJ2IjoiMSJ9.-nR2qhNXrHH5x_5RKbwa7r5PFzCw34IHfU6sK7AJw-vMfgxWmq_0YsxQr7gEjanI2Ugixs_HIadrVYnoC6U0cz9z2FE3n0RmXWKBSh5cy9dcGI3-xZYCdbK5Yx3NUj6q3StYV8PnCVOV06Q-8oEI4NjYB4Z62Ryz-1DJEe2iF6s.NKM4J83Zh5nlnBnO-MVRoXMhGMSNwagQidJA1wU4nQk&dib_tag=se&m=ANBW5NGGTP7SK&marketplaceID=A39IBJ37TRP1C6&qid=1777190938&refinements=p_36%3A22500-23000&s=merchant-items&sr=1-43&xpid=bVtupK6-BH5Ck#customerReviews,定本 発掘調査のてびき
4886217427,,,,
B09R49DWXQ,,227.78,https://www.amazon.com.au/Daiwa-965TMH-Mobile-Pack-Black/dp/B09R49DWXQ/ref=sr_1_49?dib=eyJ2IjoiMSJ9.5iC-0RZklfTAgbYqdZZdtlQ-WQ3QZMI2xK_ZOoOyx9DMDK9t2UbEbe3V3PVitOPUMUcMI9gF_KYKat2fTB3XBQ.P5olQr3GbSrSbWjkXDih59cQ_S1u1dvY0NspKX8OlWc&dib_tag=se&m=ANBW5NGGTP7SK&marketplaceID=A39IBJ37TRP1C6&qid=1777190943&refinements=p_36%3A22500-23000&s=merchant-items&sr=1-49&xpid=bVtupK6-BH5Ck#customerReviews,DAIWA Shaving/Telescopic/Bass/Egging/Sea Bass/Shore Jigging Rod Mobile Pack (2022 Model)
B09R49DWXQ,,,,
4886213634,Tankobon Hardcover,227.65,https://www.amazon.com.au/%E8%9D%A6%E5%A4%B7%E3%81%AE%E8%80%83%E5%8F%A4%E5%AD%A6-%E6%9D%BE%E6%9C%AC-%E5%BB%BA%E9%80%9F/dp/4886213634/ref=sr_1_50?dib=eyJ2IjoiMSJ9.5iC-0RZklfTAgbYqdZZdtlQ-WQ3QZMI2xK_ZOoOyx9DMDK9t2UbEbe3V3PVitOPUMUcMI9gF_KYKat2fTB3XBQ.P5olQr3GbSrSbWjkXDih59cQ_S1u1dvY0NspKX8OlWc&dib_tag=se&m=ANBW5NGGTP7SK&marketplaceID=A39IBJ37TRP1C6&qid=1777190943&refinements=p_36%3A22500-23000&s=merchant-items&sr=1-50&xpid=bVtupK6-BH5Ck,蝦夷の考古学
4886213634,,,,
B00IP69ZVG,,231.18,https://www.amazon.com.au/SHIMANO-Shimano-Super-standard-specification/dp/B00IP69ZVG/ref=sr_1_51?dib=eyJ2IjoiMSJ9.5iC-0RZklfTAgbYqdZZdtlQ-WQ3QZMI2xK_ZOoOyx9DMDK9t2UbEbe3V3PVitOPUMUcMI9gF_KYKat2fTB3XBQ.P5olQr3GbSrSbWjkXDih59cQ_S1u1dvY0NspKX8OlWc&dib_tag=se&m=ANBW5NGGTP7SK&marketplaceID=A39IBJ37TRP1C6&qid=1777190943&refinements=p_36%3A22500-23000&s=merchant-items&sr=1-51&xpid=bVtupK6-BH5Ck#customerReviews,SHIMANO (Shimano) 14 Super Aero spin Joy 30/35 35 standard specification
B00IP69ZVG,,,,
4883786005,Tankobon Hardcover,229.82,https://www.amazon.com.au/%E9%BA%BB%E9%85%94%E7%A7%91%E5%AD%A6%E3%83%AC%E3%82%AF%E3%83%81%E3%83%A3%E3%83%BC-1%E3%83%BC1-%E9%BA%BB%E9%85%94%E3%81%AE%E7%8F%BE%E7%8A%B6%E3%81%A8%E5%B1%95%E6%9C%9B/dp/4883786005/ref=sr_1_52?dib=eyJ2IjoiMSJ9.5iC-0RZklfTAgbYqdZZdtlQ-WQ3QZMI2xK_ZOoOyx9DMDK9t2UbEbe3V3PVitOPUMUcMI9gF_KYKat2fTB3XBQ.P5olQr3GbSrSbWjkXDih59cQ_S1u1dvY0NspKX8OlWc&dib_tag=se&m=ANBW5NGGTP7SK&marketplaceID=A39IBJ37TRP1C6&qid=1777190943&refinements=p_36%3A22500-23000&s=merchant-items&sr=1-52&xpid=bVtupK6-BH5Ck,麻酔科学レクチャー 1ー1 麻酔の現状と展望
4883786005,,,,
B0FGN7M8SD,,225.53,https://www.amazon.com.au/Kotobukiya-Artist-Support-Action-Figure/dp/B0FGN7M8SD/ref=sr_1_53?dib=eyJ2IjoiMSJ9.5iC-0RZklfTAgbYqdZZdtlQ-WQ3QZMI2xK_ZOoOyx9DMDK9t2UbEbe3V3PVitOPUMUcMI9gF_KYKat2fTB3XBQ.P5olQr3GbSrSbWjkXDih59cQ_S1u1dvY0NspKX8OlWc&dib_tag=se&m=ANBW5NGGTP7SK&marketplaceID=A39IBJ37TRP1C6&qid=1777190943&refinements=p_36%3A22500-23000&s=merchant-items&sr=1-53&xpid=bVtupK6-BH5Ck#customerReviews,Kotobukiya Artist Support Item Hand Model Men's/R -Gray 1/1 Scale Action Figure
4883383784,Tankobon Hardcover,225.42,https://www.amazon.com.au/WILL%E3%83%97%E3%83%AD%E3%82%B8%E3%82%A7%E3%82%AF%E3%83%88-%E9%96%93%E9%81%95%E3%81%84%E3%81%A0%E3%82%89%E3%81%91%E3%81%AE%E9%81%BA%E8%A8%80%E3%82%92%E8%B6%85%E3%81%88%E3%82%8B/dp/4883383784/ref=sr_1_49?dib=eyJ2IjoiMSJ9.HHrF3UaExDUb5dexRmd-HzjgFqbN5kODyvx0cPwCHQuuqoIkL0kW7R_gOw-vw1ElmIvAxVWdmPpNwsUxK9yYPrma3U5QjnyPA6wJs_QNzvfOASlVYrxxgCMVz3S4Fbr9o2ZT3IMD9jS0xgPqKPvXDBu5ywFr0fnbC2i2VEfKHRQ.0tNGXNRVFcFVj2Y4kP7JpdMDnwbPqQ28mNhpsDqkPpE&dib_tag=se&m=ANBW5NGGTP7SK&marketplaceID=A39IBJ37TRP1C6&qid=1777190943&refinements=p_36%3A22500-23000&s=merchant-items&sr=1-49&xpid=bVtupK6-BH5Ck,WILLプロジェクト 間違いだらけの遺言を超える!
4883383784,,,,
B0040Q3XPE,,269.49,https://www.amazon.com.au/Vaneli-Womens-Serene-Nappa-Patent/dp/B0040Q3XPE/ref=sr_1_50?dib=eyJ2IjoiMSJ9.HHrF3UaExDUb5dexRmd-HzjgFqbN5kODyvx0cPwCHQuuqoIkL0kW7R_gOw-vw1ElmIvAxVWdmPpNwsUxK9yYPrma3U5QjnyPA6wJs_QNzvfOASlVYrxxgCMVz3S4Fbr9o2ZT3IMD9jS0xgPqKPvXDBu5ywFr0fnbC2i2VEfKHRQ.0tNGXNRVFcFVj2Y4kP7JpdMDnwbPqQ28mNhpsDqkPpE&dib_tag=se&m=ANBW5NGGTP7SK&marketplaceID=A39IBJ37TRP1C6&qid=1777190943&refinements=p_36%3A22500-23000&s=merchant-items&sr=1-50&xpid=bVtupK6-BH5Ck#customerReviews,VANELi
4883032302,Tankobon Hardcover,227.66,https://www.amazon.com.au/%E3%83%88%E3%83%BC%E3%83%9E%E3%82%B9%E3%83%BB%E3%83%9E%E3%83%B3%E7%89%A9%E8%AA%9E%E3%80%883%E3%80%89%E6%99%A9%E5%B9%B4%E3%81%AE%E3%83%88%E3%83%BC%E3%83%9E%E3%82%B9%E3%83%BB%E3%83%9E%E3%83%B3/dp/4883032302/ref=sr_1_51?dib=eyJ2IjoiMSJ9.HHrF3UaExDUb5dexRmd-HzjgFqbN5kODyvx0cPwCHQuuqoIkL0kW7R_gOw-vw1ElmIvAxVWdmPpNwsUxK9yYPrma3U5QjnyPA6wJs_QNzvfOASlVYrxxgCMVz3S4Fbr9o2ZT3IMD9jS0xgPqKPvXDBu5ywFr0fnbC2i2VEfKHRQ.0tNGXNRVFcFVj2Y4kP7JpdMDnwbPqQ28mNhpsDqkPpE&dib_tag=se&m=ANBW5NGGTP7SK&marketplaceID=A39IBJ37TRP1C6&qid=1777190943&refinements=p_36%3A22500-23000&s=merchant-items&sr=1-51&xpid=bVtupK6-BH5Ck,トーマス・マン物語〈3〉晩年のトーマス・マン
4883032302,,,,
B0CRY47347,,229.64,https://www.amazon.com.au/Shimano-Xsense-4000MXG-Spinning-Reel/dp/B0CRY47347/ref=sr_1_52?dib=eyJ2IjoiMSJ9.HHrF3UaExDUb5dexRmd-HzjgFqbN5kODyvx0cPwCHQuuqoIkL0kW7R_gOw-vw1ElmIvAxVWdmPpNwsUxK9yYPrma3U5QjnyPA6wJs_QNzvfOASlVYrxxgCMVz3S4Fbr9o2ZT3IMD9jS0xgPqKPvXDBu5ywFr0fnbC2i2VEfKHRQ.0tNGXNRVFcFVj2Y4kP7JpdMDnwbPqQ28mNhpsDqkPpE&dib_tag=se&m=ANBW5NGGTP7SK&marketplaceID=A39IBJ37TRP1C6&qid=1777190943&refinements=p_36%3A22500-23000&s=merchant-items&sr=1-52&xpid=bVtupK6-BH5Ck#customerReviews,Shimano Spinning Reel 24 Xsense BB Various
B0CRY47347,,,,
4882670453,Tankobon Hardcover,225.69,https://www.amazon.com.au/%E7%B2%BE%E7%A5%9E%E5%8C%BB%E5%AD%A6%E7%B7%8F%E8%AB%96-%E7%8F%BE%E4%BB%A3%E7%B2%BE%E7%A5%9E%E5%8C%BB%E5%AD%A6%E3%81%AE%E7%A4%8E-I/dp/4882670453/ref=sr_1_53?dib=eyJ2IjoiMSJ9.HHrF3UaExDUb5dexRmd-HzjgFqbN5kODyvx0cPwCHQuuqoIkL0kW7R_gOw-vw1ElmIvAxVWdmPpNwsUxK9yYPrma3U5QjnyPA6wJs_QNzvfOASlVYrxxgCMVz3S4Fbr9o2ZT3IMD9jS0xgPqKPvXDBu5ywFr0fnbC2i2VEfKHRQ.0tNGXNRVFcFVj2Y4kP7JpdMDnwbPqQ28mNhpsDqkPpE&dib_tag=se&m=ANBW5NGGTP7SK&marketplaceID=A39IBJ37TRP1C6&qid=1777190943&refinements=p_36%3A22500-23000&s=merchant-items&sr=1-53&xpid=bVtupK6-BH5Ck,精神医学総論 (現代精神医学の礎): I
4882670453,,,,
B072HJLM38,,226.77,https://www.amazon.com.au/Josh-Bach-Mens-When-Pigs/dp/B072HJLM38/ref=sr_1_54?dib=eyJ2IjoiMSJ9.HHrF3UaExDUb5dexRmd-HzjgFqbN5kODyvx0cPwCHQuuqoIkL0kW7R_gOw-vw1ElmIvAxVWdmPpNwsUxK9yYPrma3U5QjnyPA6wJs_QNzvfOASlVYrxxgCMVz3S4Fbr9o2ZT3IMD9jS0xgPqKPvXDBu5ywFr0fnbC2i2VEfKHRQ.0tNGXNRVFcFVj2Y4kP7JpdMDnwbPqQ28mNhpsDqkPpE&dib_tag=se&m=ANBW5NGGTP7SK&marketplaceID=A39IBJ37TRP1C6&qid=1777190943&refinements=p_36%3A22500-23000&s=merchant-items&sr=1-54&xpid=bVtupK6-BH5Ck#customerReviews,Men's When Pigs Fly Self Tie Silk Bow Tie in Blue Made in USA
B072HJLM38,,,,
4882653664,Tankobon Hardcover,225.86,https://www.amazon.com.au/%E6%B0%B4%E5%A2%A8%E7%94%BB%E5%B9%B4%E9%91%91%E3%80%882005%E3%80%89/dp/4882653664/ref=sr_1_55?dib=eyJ2IjoiMSJ9.HHrF3UaExDUb5dexRmd-HzjgFqbN5kODyvx0cPwCHQuuqoIkL0kW7R_gOw-vw1ElmIvAxVWdmPpNwsUxK9yYPrma3U5QjnyPA6wJs_QNzvfOASlVYrxxgCMVz3S4Fbr9o2ZT3IMD9jS0xgPqKPvXDBu5ywFr0fnbC2i2VEfKHRQ.0tNGXNRVFcFVj2Y4kP7JpdMDnwbPqQ28mNhpsDqkPpE&dib_tag=se&m=ANBW5NGGTP7SK&marketplaceID=A39IBJ37TRP1C6&qid=1777190943&refinements=p_36%3A22500-23000&s=merchant-items&sr=1-55&xpid=bVtupK6-BH5Ck,水墨画年鑑〈2005〉
4882653664,,,,
B0BNKLDHV3,,226.07,https://www.amazon.com.au/Megahouse-Portrait-Pirates-Warriors-Alliance/dp/B0BNKLDHV3/ref=sr_1_56?dib=eyJ2IjoiMSJ9.HHrF3UaExDUb5dexRmd-HzjgFqbN5kODyvx0cPwCHQuuqoIkL0kW7R_gOw-vw1ElmIvAxVWdmPpNwsUxK9yYPrma3U5QjnyPA6wJs_QNzvfOASlVYrxxgCMVz3S4Fbr9o2ZT3IMD9jS0xgPqKPvXDBu5ywFr0fnbC2i2VEfKHRQ.0tNGXNRVFcFVj2Y4kP7JpdMDnwbPqQ28mNhpsDqkPpE&dib_tag=se&m=ANBW5NGGTP7SK&marketplaceID=A39IBJ37TRP1C6&qid=1777190943&refinements=p_36%3A22500-23000&s=merchant-items&sr=1-56&xpid=bVtupK6-BH5Ck#customerReviews,Megahouse Portrait.Of.Pirates One Piece “Warriors Alliance” Ninja Onami
4882618273,Tankobon Hardcover,228.25,https://www.amazon.com.au/Precedent-Discussion-Trouble-ISBN-4882618273/dp/4882618273/ref=sr_1_57?dib=eyJ2IjoiMSJ9.HHrF3UaExDUb5dexRmd-HzjgFqbN5kODyvx0cPwCHQuuqoIkL0kW7R_gOw-vw1ElmIvAxVWdmPpNwsUxK9yYPrma3U5QjnyPA6wJs_QNzvfOASlVYrxxgCMVz3S4Fbr9o2ZT3IMD9jS0xgPqKPvXDBu5ywFr0fnbC2i2VEfKHRQ.0tNGXNRVFcFVj2Y4kP7JpdMDnwbPqQ28mNhpsDqkPpE&dib_tag=se&m=ANBW5NGGTP7SK&marketplaceID=A39IBJ37TRP1C6&qid=1777190943&refinements=p_36%3A22500-23000&s=merchant-items&sr=1-57&xpid=bVtupK6-BH5Ck,Precedent Discussion of ad Trouble (1993) ISBN: 4882618273 [Japanese Import]
4882618273,,,,
B01CYVRQWC,,267.54,https://www.amazon.com.au/Eric-Michael-Womens-Sandal-Wedges/dp/B01CYVRQWC/ref=sr_1_58?dib=eyJ2IjoiMSJ9.HHrF3UaExDUb5dexRmd-HzjgFqbN5kODyvx0cPwCHQuuqoIkL0kW7R_gOw-vw1ElmIvAxVWdmPpNwsUxK9yYPrma3U5QjnyPA6wJs_QNzvfOASlVYrxxgCMVz3S4Fbr9o2ZT3IMD9jS0xgPqKPvXDBu5ywFr0fnbC2i2VEfKHRQ.0tNGXNRVFcFVj2Y4kP7JpdMDnwbPqQ28mNhpsDqkPpE&dib_tag=se&m=ANBW5NGGTP7SK&marketplaceID=A39IBJ37TRP1C6&qid=1777190943&refinements=p_36%3A22500-23000&s=merchant-items&sr=1-58&xpid=bVtupK6-BH5Ck#customerReviews,Eric Michael Womens Lily
4881986341,Tankobon Hardcover,230.0,https://www.amazon.com.au/cattle-genome-sequencing-rooftop-garden/dp/4881986341/ref=sr_1_59?dib=eyJ2IjoiMSJ9.HHrF3UaExDUb5dexRmd-HzjgFqbN5kODyvx0cPwCHQuuqoIkL0kW7R_gOw-vw1ElmIvAxVWdmPpNwsUxK9yYPrma3U5QjnyPA6wJs_QNzvfOASlVYrxxgCMVz3S4Fbr9o2ZT3IMD9jS0xgPqKPvXDBu5ywFr0fnbC2i2VEfKHRQ.0tNGXNRVFcFVj2Y4kP7JpdMDnwbPqQ28mNhpsDqkPpE&dib_tag=se&m=ANBW5NGGTP7SK&marketplaceID=A39IBJ37TRP1C6&qid=1777190943&refinements=p_36%3A22500-23000&s=merchant-items&sr=1-59&xpid=bVtupK6-BH5Ck,To cattle genome sequencing from the rooftop garden - environment and health to know in VOA (2010) ISBN: 4881986341 [Japanese Import]
4881986341,,,,
B0DQVBXYVP,,226.78,https://www.amazon.com.au/BanPresto-Grandista-Monkey-D-Luffy-Special-Statue/dp/B0DQVBXYVP/ref=sr_1_65?dib=eyJ2IjoiMSJ9.u8KFXyKPflce8lwi1oPh9vITexNjPjmfTRg35mj8p_rEtuHNKNB9jiesy4szXMHMIPRq9XgWsaD28CNZ6OkRVg.x5EShl8b_f8ZNCypdXMgGiwvrhi4sxxSe6IhTGaqGhc&dib_tag=se&m=ANBW5NGGTP7SK&marketplaceID=A39IBJ37TRP1C6&qid=1777190949&refinements=p_36%3A22500-23000&s=merchant-items&sr=1-65&xpid=bVtupK6-BH5Ck#customerReviews,BanPresto - One Piece - Grandista - Monkey.D.Luffy Special Edition Statue
4881818333,Tankobon Softcover,225.09,https://www.amazon.com.au/back-growth-decline-China-ISBN/dp/4881818333/ref=sr_1_66?dib=eyJ2IjoiMSJ9.u8KFXyKPflce8lwi1oPh9vITexNjPjmfTRg35mj8p_rEtuHNKNB9jiesy4szXMHMIPRq9XgWsaD28CNZ6OkRVg.x5EShl8b_f8ZNCypdXMgGiwvrhi4sxxSe6IhTGaqGhc&dib_tag=se&m=ANBW5NGGTP7SK&marketplaceID=A39IBJ37TRP1C6&qid=1777190949&refinements=p_36%3A22500-23000&s=merchant-items&sr=1-66&xpid=bVtupK6-BH5Ck,The back of the growth and decline of China (2013) ISBN: 4881818333 [Japanese Import]
4881818333,,,,
4880861073,Tankobon Hardcover,229.0,https://www.amazon.com.au/Shroud-Turin-DNA-Jesus-revelation-Jubilee/dp/4880861073/ref=sr_1_67?dib=eyJ2IjoiMSJ9.u8KFXyKPflce8lwi1oPh9vITexNjPjmfTRg35mj8p_rEtuHNKNB9jiesy4szXMHMIPRq9XgWsaD28CNZ6OkRVg.x5EShl8b_f8ZNCypdXMgGiwvrhi4sxxSe6IhTGaqGhc&dib_tag=se&m=ANBW5NGGTP7SK&marketplaceID=A39IBJ37TRP1C6&qid=1777190949&refinements=p_36%3A22500-23000&s=merchant-items&sr=1-67&xpid=bVtupK6-BH5Ck#customerReviews,Holy Shroud of Turin of DNA-Jesus revelation of the Great Jubilee (2000) ISBN: 4880861073 [Japanese Import]
4880861073,,,,
B0DDT12V5N,,227.41,https://www.amazon.com.au/Anigame-Jacinto-Recommended-Taste-Height/dp/B0DDT12V5N/ref=sr_1_68?dib=eyJ2IjoiMSJ9.u8KFXyKPflce8lwi1oPh9vITexNjPjmfTRg35mj8p_rEtuHNKNB9jiesy4szXMHMIPRq9XgWsaD28CNZ6OkRVg.x5EShl8b_f8ZNCypdXMgGiwvrhi4sxxSe6IhTGaqGhc&dib_tag=se&m=ANBW5NGGTP7SK&marketplaceID=A39IBJ37TRP1C6&qid=1777190949&refinements=p_36%3A22500-23000&s=merchant-items&sr=1-68&xpid=bVtupK6-BH5Ck,"Anigame Azur Lane San Jacinto Recommended Taste Ver., Total Height: Approx. 11.0 inches (280 mm) (not including pedestal), PVC, ABS, 1/6 scale painted finished figure"
4880024910,Tankobon Hardcover,226.19,https://www.amazon.com.au/Prefrontal-cortex-physiology-neuropsychology-4880024910/dp/4880024910/ref=sr_1_69?dib=eyJ2IjoiMSJ9.u8KFXyKPflce8lwi1oPh9vITexNjPjmfTRg35mj8p_rEtuHNKNB9jiesy4szXMHMIPRq9XgWsaD28CNZ6OkRVg.x5EShl8b_f8ZNCypdXMgGiwvrhi4sxxSe6IhTGaqGhc&dib_tag=se&m=ANBW5NGGTP7SK&marketplaceID=A39IBJ37TRP1C6&qid=1777190949&refinements=p_36%3A22500-23000&s=merchant-items&sr=1-69&xpid=bVtupK6-BH5Ck#customerReviews,Prefrontal cortex - the frontal lobe anatomy physiology neuropsychology (2006) ISBN: 4880024910 [Japanese Import]
4880024910,,,,
4877889604,Audio CD,238.5,https://www.amazon.com.au/6%E8%A8%82%E7%89%88-%E6%AD%8C%E3%81%AF%E3%81%A8%E3%82%82%E3%81%A0%E3%81%A1-%E4%B8%8A%E5%B7%BB-CD-%E5%AE%9F%E7%94%A8CD/dp/4877889604/ref=sr_1_65?dib=eyJ2IjoiMSJ9.mKsr40yJLzHBS-wAjOrem4TihUwJgAuyeBG4PIa-nmKi_FFpRw9pHBSTXPk8Xn-vRL94nCi5a68wv3d4I1xZCczxLluuZ2zULGgkDAyuJrYcqVo5rso5sHp-t_JnhBExIjTerXLbxdVeduzvgFkyurM7gNXMIwjo0Qn8uaphOro.i4yzXH6ox6TxVMGKndm-V1wIVO6Lgzf0dL5GiDSFwks&dib_tag=se&m=ANBW5NGGTP7SK&marketplaceID=A39IBJ37TRP1C6&qid=1777190949&refinements=p_36%3A22500-23000&s=merchant-items&sr=1-65&xpid=bVtupK6-BH5Ck#customerReviews,6訂版 歌はともだち 上巻 CD (<実用CD>)
4877889604,,,,
B0DTKBW14F,,227.84,https://www.amazon.com.au/Bunny-Winnie-Painted-Finished-Product/dp/B0DTKBW14F/ref=sr_1_66?dib=eyJ2IjoiMSJ9.mKsr40yJLzHBS-wAjOrem4TihUwJgAuyeBG4PIa-nmKi_FFpRw9pHBSTXPk8Xn-vRL94nCi5a68wv3d4I1xZCczxLluuZ2zULGgkDAyuJrYcqVo5rso5sHp-t_JnhBExIjTerXLbxdVeduzvgFkyurM7gNXMIwjo0Qn8uaphOro.i4yzXH6ox6TxVMGKndm-V1wIVO6Lgzf0dL5GiDSFwks&dib_tag=se&m=ANBW5NGGTP7SK&marketplaceID=A39IBJ37TRP1C6&qid=1777190949&refinements=p_36%3A22500-23000&s=merchant-items&sr=1-66&xpid=bVtupK6-BH5Ck,"Bunny Winnie 1/6 Scale, ABS & PVC Painted Finished Product"
4875863861,JP Oversized,227.78,https://www.amazon.com.au/%E6%B7%B1%E5%B1%B1%E9%BE%8D%E6%B4%9E-%E3%83%8B%E3%83%A5%E3%83%BC%E3%82%AF%E3%83%A9%E3%82%B7%E3%83%83%E3%82%AF%E3%82%B7%E3%83%AA%E3%83%BC%E3%82%BA_%E6%AC%A1%E4%B8%96%E4%BB%A3%E3%81%AB%E4%BC%9D%E3%81%88%E3%82%8B21%E4%B8%96%E7%B4%80%E3%81%AE%E6%96%B0%E5%8F%A4%E5%85%B8/dp/4875863861/ref=sr_1_67?dib=eyJ2IjoiMSJ9.mKsr40yJLzHBS-wAjOrem4TihUwJgAuyeBG4PIa-nmKi_FFpRw9pHBSTXPk8Xn-vRL94nCi5a68wv3d4I1xZCczxLluuZ2zULGgkDAyuJrYcqVo5rso5sHp-t_JnhBExIjTerXLbxdVeduzvgFkyurM7gNXMIwjo0Qn8uaphOro.i4yzXH6ox6TxVMGKndm-V1wIVO6Lgzf0dL5GiDSFwks&dib_tag=se&m=ANBW5NGGTP7SK&marketplaceID=A39IBJ37TRP1C6&qid=1777190949&refinements=p_36%3A22500-23000&s=merchant-items&sr=1-67&xpid=bVtupK6-BH5Ck,深山龍洞 (ニュークラシックシリーズ―次世代に伝える21世紀の新古典)
4875863861,,,,
4875212402,Tankobon Hardcover,229.33,https://www.amazon.com.au/%E3%83%9D%E3%82%A4%E3%83%B3%E3%83%88%E3%82%AC%E3%82%A4%E3%83%89-%E3%81%B2%E3%82%87%E3%81%86%E3%81%94%E3%81%AE%E3%83%AB%E3%82%A2%E3%83%BC-%E3%83%95%E3%82%A3%E3%83%83%E3%82%B7%E3%83%B3%E3%82%B0/dp/4875212402/ref=sr_1_68?dib=eyJ2IjoiMSJ9.mKsr40yJLzHBS-wAjOrem4TihUwJgAuyeBG4PIa-nmKi_FFpRw9pHBSTXPk8Xn-vRL94nCi5a68wv3d4I1xZCczxLluuZ2zULGgkDAyuJrYcqVo5rso5sHp-t_JnhBExIjTerXLbxdVeduzvgFkyurM7gNXMIwjo0Qn8uaphOro.i4yzXH6ox6TxVMGKndm-V1wIVO6Lgzf0dL5GiDSFwks&dib_tag=se&m=ANBW5NGGTP7SK&marketplaceID=A39IBJ37TRP1C6&qid=1777190949&refinements=p_36%3A22500-23000&s=merchant-items&sr=1-68&xpid=bVtupK6-BH5Ck,ポイントガイド ひょうごのルアー&フィッシング
4875212402,,,,
B07KFS9NJV,,234.83,https://www.amazon.com.au/BANDAI-%E3%83%98%E3%83%93%E3%83%BC%E3%83%A1%E3%82%BF%E3%83%AB%E3%82%A2%E3%83%88%E3%83%BC%E3%83%AB%EF%BC%86%E3%82%A2%E3%83%88%E3%83%BC%E3%83%AB%EF%BC%B6%E3%83%9E%E3%82%AF%E3%83%88%E3%83%9F%E3%83%B3%E3%83%93%E3%83%AB%E3%83%89%E3%83%91%E3%83%BC%E3%83%84%E3%82%BB%E3%83%83%E3%83%88/dp/B07KFS9NJV/ref=sr_1_69?dib=eyJ2IjoiMSJ9.mKsr40yJLzHBS-wAjOrem4TihUwJgAuyeBG4PIa-nmKi_FFpRw9pHBSTXPk8Xn-vRL94nCi5a68wv3d4I1xZCczxLluuZ2zULGgkDAyuJrYcqVo5rso5sHp-t_JnhBExIjTerXLbxdVeduzvgFkyurM7gNXMIwjo0Qn8uaphOro.i4yzXH6ox6TxVMGKndm-V1wIVO6Lgzf0dL5GiDSFwks&dib_tag=se&m=ANBW5NGGTP7SK&marketplaceID=A39IBJ37TRP1C6&qid=1777190949&refinements=p_36%3A22500-23000&s=merchant-items&sr=1-69&xpid=bVtupK6-BH5Ck,ヘビーメタルアトール＆アトールＶマクトミンビルドパーツセット
4875200021,Paperback,227.14,https://www.amazon.com.au/%E4%BA%94%E4%BB%A3%E7%9B%AE%E5%8F%A4%E4%BB%8A%E4%BA%AD%E5%BF%97%E3%82%93%E7%94%9F%E5%85%A8%E9%9B%86-%E7%AC%AC2%E5%B7%BB/dp/4875200021/ref=sr_1_70?dib=eyJ2IjoiMSJ9.mKsr40yJLzHBS-wAjOrem4TihUwJgAuyeBG4PIa-nmKi_FFpRw9pHBSTXPk8Xn-vRL94nCi5a68wv3d4I1xZCczxLluuZ2zULGgkDAyuJrYcqVo5rso5sHp-t_JnhBExIjTerXLbxdVeduzvgFkyurM7gNXMIwjo0Qn8uaphOro.i4yzXH6ox6TxVMGKndm-V1wIVO6Lgzf0dL5GiDSFwks&dib_tag=se&m=ANBW5NGGTP7SK&marketplaceID=A39IBJ37TRP1C6&qid=1777190949&refinements=p_36%3A22500-23000&s=merchant-items&sr=1-70&xpid=bVtupK6-BH5Ck,五代目古今亭志ん生全集 第2巻
4875200021,,,,
4874997945,Tankobon Hardcover,227.9,https://www.amazon.com.au/%E6%BC%82%E7%9D%80%E5%8B%95%E7%89%A9%E3%81%AE%E8%87%AA%E7%84%B6%E8%AA%8C_%E6%96%B0%E6%BD%9F%E3%81%A8%E4%BD%90%E6%B8%A1%E3%81%AE%E6%B5%B7%E8%BE%BA%E3%81%8B%E3%82%89-%E6%9C%AC%E9%96%93%E7%BE%A9%E6%B2%BB/dp/4874997945/ref=sr_1_71?dib=eyJ2IjoiMSJ9.mKsr40yJLzHBS-wAjOrem4TihUwJgAuyeBG4PIa-nmKi_FFpRw9pHBSTXPk8Xn-vRL94nCi5a68wv3d4I1xZCczxLluuZ2zULGgkDAyuJrYcqVo5rso5sHp-t_JnhBExIjTerXLbxdVeduzvgFkyurM7gNXMIwjo0Qn8uaphOro.i4yzXH6ox6TxVMGKndm-V1wIVO6Lgzf0dL5GiDSFwks&dib_tag=se&m=ANBW5NGGTP7SK&marketplaceID=A39IBJ37TRP1C6&qid=1777190949&refinements=p_36%3A22500-23000&s=merchant-items&sr=1-71&xpid=bVtupK6-BH5Ck#customerReviews,漂着動物の自然誌―新潟と佐渡の海辺から
4874997945,,,,
B07H771NVJ,,228.16,https://www.amazon.com.au/Shimano-Alfine-MU-UR500-Motor-11-Speed/dp/B07H771NVJ/ref=sr_1_72?dib=eyJ2IjoiMSJ9.mKsr40yJLzHBS-wAjOrem4TihUwJgAuyeBG4PIa-nmKi_FFpRw9pHBSTXPk8Xn-vRL94nCi5a68wv3d4I1xZCczxLluuZ2zULGgkDAyuJrYcqVo5rso5sHp-t_JnhBExIjTerXLbxdVeduzvgFkyurM7gNXMIwjo0Qn8uaphOro.i4yzXH6ox6TxVMGKndm-V1wIVO6Lgzf0dL5GiDSFwks&dib_tag=se&m=ANBW5NGGTP7SK&marketplaceID=A39IBJ37TRP1C6&qid=1777190949&refinements=p_36%3A22500-23000&s=merchant-items&sr=1-72&xpid=bVtupK6-BH5Ck#customerReviews,"Shimano Alfine MU-UR500 Alfine Di2 Motor Unit, 11-Speed"
B07H771NVJ,,,,
4874711766,Sheet music,225.17,https://www.amazon.com.au/Fantasia-two-Swedish-folk-song/dp/4874711766/ref=sr_1_73?dib=eyJ2IjoiMSJ9.mKsr40yJLzHBS-wAjOrem4TihUwJgAuyeBG4PIa-nmKi_FFpRw9pHBSTXPk8Xn-vRL94nCi5a68wv3d4I1xZCczxLluuZ2zULGgkDAyuJrYcqVo5rso5sHp-t_JnhBExIjTerXLbxdVeduzvgFkyurM7gNXMIwjo0Qn8uaphOro.i4yzXH6ox6TxVMGKndm-V1wIVO6Lgzf0dL5GiDSFwks&dib_tag=se&m=ANBW5NGGTP7SK&marketplaceID=A39IBJ37TRP1C6&qid=1777190949&refinements=p_36%3A22500-23000&s=merchant-items&sr=1-73&xpid=bVtupK6-BH5Ck,Fantasia by two Swedish folk song: Sol ISBN: 4874711766 (1998) [Japanese Import]
4874711766,,,,
4872424735,Tankobon Softcover,226.78,https://www.amazon.com.au/%E8%BF%91%E8%97%A4%E5%B9%B8%E5%A4%AB%E7%BE%8E%E8%A1%93%E8%AB%96%E9%9B%86-%E8%BF%91%E8%97%A4%E5%B9%B8%E5%A4%AB/dp/4872424735/ref=sr_1_74?dib=eyJ2IjoiMSJ9.mKsr40yJLzHBS-wAjOrem4TihUwJgAuyeBG4PIa-nmKi_FFpRw9pHBSTXPk8Xn-vRL94nCi5a68wv3d4I1xZCczxLluuZ2zULGgkDAyuJrYcqVo5rso5sHp-t_JnhBExIjTerXLbxdVeduzvgFkyurM7gNXMIwjo0Qn8uaphOro.i4yzXH6ox6TxVMGKndm-V1wIVO6Lgzf0dL5GiDSFwks&dib_tag=se&m=ANBW5NGGTP7SK&marketplaceID=A39IBJ37TRP1C6&qid=1777190949&refinements=p_36%3A22500-23000&s=merchant-items&sr=1-74&xpid=bVtupK6-BH5Ck,近藤幸夫美術論集
4872424735,,,,
B08H4NXHWP,,225.13,https://www.amazon.com.au/Daiwa-20-Light-Game-MH-190/dp/B08H4NXHWP/ref=sr_1_75?dib=eyJ2IjoiMSJ9.mKsr40yJLzHBS-wAjOrem4TihUwJgAuyeBG4PIa-nmKi_FFpRw9pHBSTXPk8Xn-vRL94nCi5a68wv3d4I1xZCczxLluuZ2zULGgkDAyuJrYcqVo5rso5sHp-t_JnhBExIjTerXLbxdVeduzvgFkyurM7gNXMIwjo0Qn8uaphOro.i4yzXH6ox6TxVMGKndm-V1wIVO6Lgzf0dL5GiDSFwks&dib_tag=se&m=ANBW5NGGTP7SK&marketplaceID=A39IBJ37TRP1C6&qid=1777190949&refinements=p_36%3A22500-23000&s=merchant-items&sr=1-75&xpid=bVtupK6-BH5Ck#customerReviews,"Daiwa 20 Light Game X 64, 73, 82 Assorted"
B08H4NXHWP,,,,
4866711116,Tankobon Hardcover,225.4,https://www.amazon.com.au/1%E5%B9%B4%E7%9B%AE%E3%81%AB%E8%BA%AB%E3%81%AB%E4%BB%98%E3%81%91%E3%82%8B%E7%A4%BE%E4%BC%9A%E4%BA%BA%E3%83%9E%E3%83%8A%E3%83%BC-%E6%8E%A5%E9%81%87%E3%82%B9%E3%82%AD%E3%83%AB50-%E6%96%B0%E4%BA%BA%E5%8B%95%E7%89%A9%E7%9C%8B%E8%AD%B7%E5%B8%AB%E3%83%88%E3%83%AC%E3%83%BC%E3%83%8B%E3%83%B3%E3%82%B0%E3%82%AC%E3%82%A4%E3%83%89%E3%82%B7%E3%83%AA%E3%83%BC%E3%82%BA-%E7%94%B0%E4%B8%AD-%E3%83%AA%E3%82%B5/dp/4866711116/ref=sr_1_81?dib=eyJ2IjoiMSJ9.lkSs21oM24axtlOD_5FZ_OsO4T6TexKKUNnfAsrdUzJNDkkIWEO-skKbux614YS3SHyZsQgdT5wPi7bQzZVPPw.jVhwsXXuE-ueBq_2Ape79vVlWl-I4Dqw6rpS8VjoUUk&dib_tag=se&m=ANBW5NGGTP7SK&marketplaceID=A39IBJ37TRP1C6&qid=1777190954&refinements=p_36%3A22500-23000&s=merchant-items&sr=1-81&xpid=bVtupK6-BH5Ck#customerReviews,1年目に身に付ける社会人マナー&接遇スキル50 (新人動物看護師トレーニングガイドシリーズ)
4866711116,,,,
4865563342,Tankobon Softcover,225.02,https://www.amazon.com.au/%E4%BA%A4%E9%80%9A%E4%BA%8B%E6%95%85%E8%A8%B4%E8%A8%9F%E3%80%94%E7%AC%AC%EF%BC%92%E7%89%88%E3%80%95-%E5%B0%82%E9%96%80%E8%A8%B4%E8%A8%9F%E8%AC%9B%E5%BA%A7-1/dp/4865563342/ref=sr_1_82?dib=eyJ2IjoiMSJ9.lkSs21oM24axtlOD_5FZ_OsO4T6TexKKUNnfAsrdUzJNDkkIWEO-skKbux614YS3SHyZsQgdT5wPi7bQzZVPPw.jVhwsXXuE-ueBq_2Ape79vVlWl-I4Dqw6rpS8VjoUUk&dib_tag=se&m=ANBW5NGGTP7SK&marketplaceID=A39IBJ37TRP1C6&qid=1777190954&refinements=p_36%3A22500-23000&s=merchant-items&sr=1-82&xpid=bVtupK6-BH5Ck#customerReviews,交通事故訴訟〔第２版〕 (専門訴訟講座): 1
4865563342,,,,
B07DFVY66D,,228.76,https://www.amazon.com.au/Daiwa-RW-1301-Fishing-Wader-Radial/dp/B07DFVY66D/ref=sr_1_83?dib=eyJ2IjoiMSJ9.lkSs21oM24axtlOD_5FZ_OsO4T6TexKKUNnfAsrdUzJNDkkIWEO-skKbux614YS3SHyZsQgdT5wPi7bQzZVPPw.jVhwsXXuE-ueBq_2Ape79vVlWl-I4Dqw6rpS8VjoUUk&dib_tag=se&m=ANBW5NGGTP7SK&marketplaceID=A39IBJ37TRP1C6&qid=1777190954&refinements=p_36%3A22500-23000&s=merchant-items&sr=1-83&xpid=bVtupK6-BH5Ck#customerReviews,Daiwa RW-1301 Radial Wader
B07DFVY66D,,,,
4865561218,Tankobon Hardcover,225.56,https://www.amazon.com.au/%E3%81%AA%E3%81%9C%E5%BC%81%E8%AD%B7%E5%A3%AB%E3%81%AF%E8%A8%B4%E3%81%88%E3%82%89%E3%82%8C%E3%82%8B%E3%81%AE%E3%81%8B_%E5%88%A4%E4%BE%8B%E3%81%8B%E3%82%89%E3%81%BF%E3%81%9F%E7%8F%BE%E4%BB%A3%E7%A4%BE%E4%BC%9A%E3%81%A8%E5%BC%81%E8%AD%B7%E5%A3%AB%E3%81%AE%E6%B3%95%E7%9A%84%E8%B2%AC%E4%BB%BB-%E5%8D%87%E7%94%B0-%E7%B4%94/dp/4865561218/ref=sr_1_84?dib=eyJ2IjoiMSJ9.lkSs21oM24axtlOD_5FZ_OsO4T6TexKKUNnfAsrdUzJNDkkIWEO-skKbux614YS3SHyZsQgdT5wPi7bQzZVPPw.jVhwsXXuE-ueBq_2Ape79vVlWl-I4Dqw6rpS8VjoUUk&dib_tag=se&m=ANBW5NGGTP7SK&marketplaceID=A39IBJ37TRP1C6&qid=1777190954&refinements=p_36%3A22500-23000&s=merchant-items&sr=1-84&xpid=bVtupK6-BH5Ck,なぜ弁護士は訴えられるのか―判例からみた現代社会と弁護士の法的責任
4865561218,,,,
4865560114,Tankobon Hardcover,228.32,https://www.amazon.com.au/Tatemono-akewatashi-jiken-jitsumu-shoshiki/dp/4865560114/ref=sr_1_85?dib=eyJ2IjoiMSJ9.lkSs21oM24axtlOD_5FZ_OsO4T6TexKKUNnfAsrdUzJNDkkIWEO-skKbux614YS3SHyZsQgdT5wPi7bQzZVPPw.jVhwsXXuE-ueBq_2Ape79vVlWl-I4Dqw6rpS8VjoUUk&dib_tag=se&m=ANBW5NGGTP7SK&marketplaceID=A39IBJ37TRP1C6&qid=1777190954&refinements=p_36%3A22500-23000&s=merchant-items&sr=1-85&xpid=bVtupK6-BH5Ck#customerReviews,Tatemono akewatashi jiken No jitsumu to shoshiki : Sodan Kara hozen sosho shikko Made.
4865560114,,,,
B07TXH2818,,230.24,https://www.amazon.com.au/%E3%83%97%E3%83%A9%E3%82%A4%E3%82%BA%E3%83%95%E3%82%A3%E3%82%AE%E3%83%A5%E3%82%A2-%E3%83%89%E3%83%A9%E3%82%B4%E3%83%B3%E3%83%9C%E3%83%BC%E3%83%AB%EF%BC%BA-GLITTER-GLAMOURS-%E4%BA%BA%E9%80%A0%E4%BA%BA%E9%96%9318%E5%8F%B7%E2%85%A1/dp/B07TXH2818/ref=sr_1_81?dib=eyJ2IjoiMSJ9.Hd2HD8qLDSCx3sYhj-FOrOAkb3tdAICX1EVzAjafQB64X4E9KNlclX8CV0T32dUEP3O_m-gqejmQgrNdQXqWO1GbcMEJmPcpmTwCsF-A9nbpJVh_X6Ne9fO7jat-nglBGifgz3cgSCX_T9xL3cvDgRY8jWHIcdO5mLHeC9-78qU.akjTccoOiTuEjXmqqtbLv6v7YDxCdsaJom2n6AGja-4&dib_tag=se&m=ANBW5NGGTP7SK&marketplaceID=A39IBJ37TRP1C6&qid=1777190954&refinements=p_36%3A22500-23000&s=merchant-items&sr=1-81&xpid=bVtupK6-BH5Ck#customerReviews,バンプレスト プライズフィギュア ドラゴンボールＺ GLITTER&GLAMOURS 人造人間18号Ⅱ ANDROID NO.18 全２種セット
4865411712,Hardcover,228.73,https://www.amazon.com.au/Yoshiyuki-Okuyama-Windows-%E5%A5%A5%E5%B1%B1%E7%94%B1%E4%B9%8B/dp/4865411712/ref=sr_1_82?dib=eyJ2IjoiMSJ9.Hd2HD8qLDSCx3sYhj-FOrOAkb3tdAICX1EVzAjafQB64X4E9KNlclX8CV0T32dUEP3O_m-gqejmQgrNdQXqWO1GbcMEJmPcpmTwCsF-A9nbpJVh_X6Ne9fO7jat-nglBGifgz3cgSCX_T9xL3cvDgRY8jWHIcdO5mLHeC9-78qU.akjTccoOiTuEjXmqqtbLv6v7YDxCdsaJom2n6AGja-4&dib_tag=se&m=ANBW5NGGTP7SK&marketplaceID=A39IBJ37TRP1C6&qid=1777190954&refinements=p_36%3A22500-23000&s=merchant-items&sr=1-82&xpid=bVtupK6-BH5Ck#customerReviews,Yoshiyuki Okuyama - Windows
4865411712,,,,
4865198180,Textbook Binding,226.82,https://www.amazon.com.au/%EF%BC%BBWeb%E5%8B%95%E7%94%BB%E4%BB%98%E3%81%8D%EF%BC%BDAKO%E6%89%8B%E8%A1%93%E3%81%AB%E3%81%8A%E3%81%91%E3%82%8B%E7%A7%81%E3%81%AE%E5%B7%A5%E5%A4%AB/dp/4865198180/ref=sr_1_83?dib=eyJ2IjoiMSJ9.Hd2HD8qLDSCx3sYhj-FOrOAkb3tdAICX1EVzAjafQB64X4E9KNlclX8CV0T32dUEP3O_m-gqejmQgrNdQXqWO1GbcMEJmPcpmTwCsF-A9nbpJVh_X6Ne9fO7jat-nglBGifgz3cgSCX_T9xL3cvDgRY8jWHIcdO5mLHeC9-78qU.akjTccoOiTuEjXmqqtbLv6v7YDxCdsaJom2n6AGja-4&dib_tag=se&m=ANBW5NGGTP7SK&marketplaceID=A39IBJ37TRP1C6&qid=1777190954&refinements=p_36%3A22500-23000&s=merchant-items&sr=1-83&xpid=bVtupK6-BH5Ck#customerReviews,［Web動画付き］AKO手術における私の工夫
4865198180,,,,
B0CSN3LC35,,226.86,https://www.amazon.com.au/Shimano-FT-044X-Felt-Nakamaru-Black/dp/B0CSN3LC35/ref=sr_1_84?dib=eyJ2IjoiMSJ9.Hd2HD8qLDSCx3sYhj-FOrOAkb3tdAICX1EVzAjafQB64X4E9KNlclX8CV0T32dUEP3O_m-gqejmQgrNdQXqWO1GbcMEJmPcpmTwCsF-A9nbpJVh_X6Ne9fO7jat-nglBGifgz3cgSCX_T9xL3cvDgRY8jWHIcdO5mLHeC9-78qU.akjTccoOiTuEjXmqqtbLv6v7YDxCdsaJom2n6AGja-4&dib_tag=se&m=ANBW5NGGTP7SK&marketplaceID=A39IBJ37TRP1C6&qid=1777190954&refinements=p_36%3A22500-23000&s=merchant-items&sr=1-84&xpid=bVtupK6-BH5Ck#customerReviews,"Shimano FT-044X Cut Felt Tabi (Medium Round), Black, Various Sizes"
B0CSN3LC35,,,,
4864612951,Sheet music,226.7,https://www.amazon.com.au/%E3%82%A8%E3%83%AC%E3%82%AF%E3%83%88%E3%83%BC%E3%83%B37-6%E7%B4%9A-STAGEA%E3%83%BBEL-%E3%82%A2%E3%83%BC%E3%83%81%E3%82%B9%E3%83%88%E3%82%B7%E3%83%AA%E3%83%BC%E3%82%BA-21-AKB48/dp/4864612951/ref=sr_1_85?dib=eyJ2IjoiMSJ9.Hd2HD8qLDSCx3sYhj-FOrOAkb3tdAICX1EVzAjafQB64X4E9KNlclX8CV0T32dUEP3O_m-gqejmQgrNdQXqWO1GbcMEJmPcpmTwCsF-A9nbpJVh_X6Ne9fO7jat-nglBGifgz3cgSCX_T9xL3cvDgRY8jWHIcdO5mLHeC9-78qU.akjTccoOiTuEjXmqqtbLv6v7YDxCdsaJom2n6AGja-4&dib_tag=se&m=ANBW5NGGTP7SK&marketplaceID=A39IBJ37TRP1C6&qid=1777190954&refinements=p_36%3A22500-23000&s=merchant-items&sr=1-85&xpid=bVtupK6-BH5Ck,エレクトーン7~6級 STAGEA・EL アーチストシリーズ(21)AKB48
4864612951,,,,
4861200008,Tankobon Hardcover,227.87,https://www.amazon.com.au/%E3%82%AB%E3%82%A4%E3%83%AD%E3%83%97%E3%83%A9%E3%82%AF%E3%83%86%E3%82%A3%E3%83%83%E3%82%AF%E5%8B%95%E6%85%8B%E5%AD%A6-%E4%B8%8B%E5%B7%BB_%E3%83%A2%E3%83%BC%E3%82%B7%E3%83%A7%E3%83%B3%E3%83%BB%E3%83%91%E3%83%AB%E3%83%9A%E3%83%BC%E3%82%B7%E3%83%A7%E3%83%B3%E3%81%A8%E3%82%AB%E3%82%A4%E3%83%AD%E3%83%97%E3%83%A9%E3%82%AF%E3%83%86%E3%82%A3%E3%83%83%E3%82%AF%E3%83%BB-3-L-J-Faye/dp/4861200008/ref=sr_1_97?dib=eyJ2IjoiMSJ9.sEElh49na3G8n25IByX30elvfpwwDgY9wXvpDIm9fnXmm9iueVBCHyeMQtO-SM3swGT3bIaqWw_7eGEEhEeMVQ.28iZj0RrI3BvbLJZPs3ygMYGQmb762ci4p88TY0wleM&dib_tag=se&m=ANBW5NGGTP7SK&marketplaceID=A39IBJ37TRP1C6&qid=1777190959&refinements=p_36%3A22500-23000&s=merchant-items&sr=1-97&xpid=bVtupK6-BH5Ck#customerReviews,カイロプラクティック動態学 下巻―モーション・パルペーションとカイロプラクティック・: 3
4861200008,,,,
B08VDJ4RNQ,,226.28,https://www.amazon.com.au/%E3%83%80%E3%82%A4%E3%83%AF-DAIWA-Daiwa-Maruika-MH-155/dp/B08VDJ4RNQ/ref=sr_1_98?dib=eyJ2IjoiMSJ9.sEElh49na3G8n25IByX30elvfpwwDgY9wXvpDIm9fnXmm9iueVBCHyeMQtO-SM3swGT3bIaqWw_7eGEEhEeMVQ.28iZj0RrI3BvbLJZPs3ygMYGQmb762ci4p88TY0wleM&dib_tag=se&m=ANBW5NGGTP7SK&marketplaceID=A39IBJ37TRP1C6&qid=1777190959&refinements=p_36%3A22500-23000&s=merchant-items&sr=1-98&xpid=bVtupK6-BH5Ck#customerReviews,DAIWA 21 Maruica X
B08VDJ4RNQ,,,,
4845115077,Tankobon Hardcover,227.66,https://www.amazon.com.au/%E3%83%89%E3%82%A4%E3%83%84%E3%81%AE%E4%BA%BA%E4%BA%8B%E8%A9%95%E4%BE%A1-%E6%B0%91%E9%96%93%E5%8A%B4%E5%83%8D%E8%80%85%E3%80%81%E5%85%AC%E5%8B%99%E5%93%A1%E3%81%8A%E3%82%88%E3%81%B3%E5%AD%A6%E6%A0%A1%E6%95%99%E5%93%A1%E3%81%AB%E9%96%A2%E3%81%99%E3%82%8B%E6%97%A5%E7%8B%AC%E6%AF%94%E8%BC%83%E7%A0%94%E7%A9%B6-%E8%97%A4%E5%86%85-%E5%92%8C%E5%85%AC/dp/4845115077/ref=sr_1_99?dib=eyJ2IjoiMSJ9.sEElh49na3G8n25IByX30elvfpwwDgY9wXvpDIm9fnXmm9iueVBCHyeMQtO-SM3swGT3bIaqWw_7eGEEhEeMVQ.28iZj0RrI3BvbLJZPs3ygMYGQmb762ci4p88TY0wleM&dib_tag=se&m=ANBW5NGGTP7SK&marketplaceID=A39IBJ37TRP1C6&qid=1777190959&refinements=p_36%3A22500-23000&s=merchant-items&sr=1-99&xpid=bVtupK6-BH5Ck,ドイツの人事評価 民間労働者、公務員および学校教員に関する日独比較研究
4845115077,,,,
4842596244,Tankobon Hardcover,226.49,https://www.amazon.com.au/%E6%97%A5%E6%9C%AC%E3%81%AE%E6%A2%85%E3%83%BB%E4%B8%96%E7%95%8C%E3%81%AE%E6%A2%85-%E5%A0%80%E5%86%85-%E6%98%AD%E4%BD%9C/dp/4842596244/ref=sr_1_100?dib=eyJ2IjoiMSJ9.sEElh49na3G8n25IByX30elvfpwwDgY9wXvpDIm9fnXmm9iueVBCHyeMQtO-SM3swGT3bIaqWw_7eGEEhEeMVQ.28iZj0RrI3BvbLJZPs3ygMYGQmb762ci4p88TY0wleM&dib_tag=se&m=ANBW5NGGTP7SK&marketplaceID=A39IBJ37TRP1C6&qid=1777190959&refinements=p_36%3A22500-23000&s=merchant-items&sr=1-100&xpid=bVtupK6-BH5Ck,日本の梅・世界の梅
4842596244,,,,
B0C4GC88PD,,229.07,https://www.amazon.com.au/Kotobukiya-Koyomi-Takanashi-Style-Dreaming/dp/B0C4GC88PD/ref=sr_1_101?dib=eyJ2IjoiMSJ9.sEElh49na3G8n25IByX30elvfpwwDgY9wXvpDIm9fnXmm9iueVBCHyeMQtO-SM3swGT3bIaqWw_7eGEEhEeMVQ.28iZj0RrI3BvbLJZPs3ygMYGQmb762ci4p88TY0wleM&dib_tag=se&m=ANBW5NGGTP7SK&marketplaceID=A39IBJ37TRP1C6&qid=1777190959&refinements=p_36%3A22500-23000&s=merchant-items&sr=1-101&xpid=bVtupK6-BH5Ck#customerReviews,Kotobukiya 1/10 Koyomi Takanashi [Swim Style] Dreaming Style Black Swan
4840753393,Tankobon Hardcover,225.42,https://www.amazon.com.au/%E7%97%85%E9%99%A2%E6%84%9F%E6%9F%93%E5%AF%BE%E7%AD%96%E3%82%AC%E3%82%A4%E3%83%89%E3%83%A9%E3%82%A4%E3%83%B3-2018%E5%B9%B4%E7%89%88%E3%80%902020%E5%B9%B43%E6%9C%88%E5%A2%97%E8%A3%9C%E7%89%88%E3%80%91/dp/4840753393/ref=sr_1_97?dib=eyJ2IjoiMSJ9.2bZy_pP9TFvaAYb1Svq8ijFWl7dVvIBaOMoSricSYLwgs_jdAANo178WI2kUSf_MCOjetILqUIQ6ieOxEn3xtoSJT6C7xYhQWaYgw1vix_1QvG5eSaXjCMG_8SwOnd_XFmy5Uc2GQ-8gUSEEF9ymbNGrripjqJiYpcWSHF1ks6c.JFW3xNS2XsFDkabPnNzYtr7v-8Sd8rnJS4X3RDKTS0U&dib_tag=se&m=ANBW5NGGTP7SK&marketplaceID=A39IBJ37TRP1C6&qid=1777190959&refinements=p_36%3A22500-23000&s=merchant-items&sr=1-97&xpid=bVtupK6-BH5Ck#customerReviews,病院感染対策ガイドライン 2018年版【2020年3月増補版】
4840753393,,,,
4840622337,Tankobon Hardcover,229.95,https://www.amazon.com.au/%E6%97%A5%E6%9C%AC%E9%AB%98%E9%BA%97%E9%96%A2%E4%BF%82%E5%8F%B2-%E8%BF%91%E8%97%A4-%E5%89%9B/dp/4840622337/ref=sr_1_98?dib=eyJ2IjoiMSJ9.2bZy_pP9TFvaAYb1Svq8ijFWl7dVvIBaOMoSricSYLwgs_jdAANo178WI2kUSf_MCOjetILqUIQ6ieOxEn3xtoSJT6C7xYhQWaYgw1vix_1QvG5eSaXjCMG_8SwOnd_XFmy5Uc2GQ-8gUSEEF9ymbNGrripjqJiYpcWSHF1ks6c.JFW3xNS2XsFDkabPnNzYtr7v-8Sd8rnJS4X3RDKTS0U&dib_tag=se&m=ANBW5NGGTP7SK&marketplaceID=A39IBJ37TRP1C6&qid=1777190959&refinements=p_36%3A22500-23000&s=merchant-items&sr=1-98&xpid=bVtupK6-BH5Ck,日本高麗関係史
4840622337,,,,
B0BL6B9XLT,,227.31,https://www.amazon.com.au/Kotobukiya-Phantasy-Online-Statuette-Matoi/dp/B0BL6B9XLT/ref=sr_1_99?dib=eyJ2IjoiMSJ9.2bZy_pP9TFvaAYb1Svq8ijFWl7dVvIBaOMoSricSYLwgs_jdAANo178WI2kUSf_MCOjetILqUIQ6ieOxEn3xtoSJT6C7xYhQWaYgw1vix_1QvG5eSaXjCMG_8SwOnd_XFmy5Uc2GQ-8gUSEEF9ymbNGrripjqJiYpcWSHF1ks6c.JFW3xNS2XsFDkabPnNzYtr7v-8Sd8rnJS4X3RDKTS0U&dib_tag=se&m=ANBW5NGGTP7SK&marketplaceID=A39IBJ37TRP1C6&qid=1777190959&refinements=p_36%3A22500-23000&s=merchant-items&sr=1-99&xpid=bVtupK6-BH5Ck#customerReviews,Kotobukiya Phantasy Star Online 2 PVC Statuette 1/7 Matoi Nidy 2D Verse 22 cm
4839700648,Tankobon Hardcover,225.99,https://www.amazon.com.au/%E3%83%AA%E3%83%88%E3%83%AB%E3%83%BB%E3%83%88%E3%83%AA%E3%83%BC-%E3%83%95%E3%82%A9%E3%83%AC%E3%82%B9%E3%83%88%E3%83%BB%E3%82%AB%E3%83%BC%E3%82%BF%E3%83%BC/dp/4839700648/ref=sr_1_100?dib=eyJ2IjoiMSJ9.2bZy_pP9TFvaAYb1Svq8ijFWl7dVvIBaOMoSricSYLwgs_jdAANo178WI2kUSf_MCOjetILqUIQ6ieOxEn3xtoSJT6C7xYhQWaYgw1vix_1QvG5eSaXjCMG_8SwOnd_XFmy5Uc2GQ-8gUSEEF9ymbNGrripjqJiYpcWSHF1ks6c.JFW3xNS2XsFDkabPnNzYtr7v-8Sd8rnJS4X3RDKTS0U&dib_tag=se&m=ANBW5NGGTP7SK&marketplaceID=A39IBJ37TRP1C6&qid=1777190959&refinements=p_36%3A22500-23000&s=merchant-items&sr=1-100&xpid=bVtupK6-BH5Ck#customerReviews,リトル・トリー
4839700648,,,,
4839603227,Tankobon Hardcover,225.7,https://www.amazon.com.au/%E6%9D%B1%E5%8D%97%E3%82%A2%E3%82%B8%E3%82%A2%E3%81%AE%E3%82%B9%E3%83%9D%E3%83%BC%E3%83%84%E3%83%BB%E3%83%8A%E3%82%B7%E3%83%A7%E3%83%8A%E3%83%AA%E3%82%BA%E3%83%A0-SEAP-GAMES-1959-2019%E5%B9%B4-%E6%97%A9%E7%A8%B2%E7%94%B0%E5%A4%A7%E5%AD%A6%E3%82%A2%E3%82%B8%E3%82%A2%E5%A4%AA%E5%B9%B3%E6%B4%8B%E7%A0%94%E7%A9%B6%E3%82%BB%E3%83%B3%E3%82%BF%E3%83%BC%E7%A0%94%E7%A9%B6%E5%8F%A2%E6%9B%B8/dp/4839603227/ref=sr_1_101?dib=eyJ2IjoiMSJ9.2bZy_pP9TFvaAYb1Svq8ijFWl7dVvIBaOMoSricSYLwgs_jdAANo178WI2kUSf_MCOjetILqUIQ6ieOxEn3xtoSJT6C7xYhQWaYgw1vix_1QvG5eSaXjCMG_8SwOnd_XFmy5Uc2GQ-8gUSEEF9ymbNGrripjqJiYpcWSHF1ks6c.JFW3xNS2XsFDkabPnNzYtr7v-8Sd8rnJS4X3RDKTS0U&dib_tag=se&m=ANBW5NGGTP7SK&marketplaceID=A39IBJ37TRP1C6&qid=1777190959&refinements=p_36%3A22500-23000&s=merchant-items&sr=1-101&xpid=bVtupK6-BH5Ck,東南アジアのスポーツ・ナショナリズム: SEAP GAMES/SEA GAMES 1959-2019年 (早稲田大学アジア太平洋研究センター研究叢書)
4839603227,,,,
B09YMJ3XHS,,230.45,https://www.amazon.com.au/cosmic-group-Figures-Multi-Coloured-201136/dp/B09YMJ3XHS/ref=sr_1_102?dib=eyJ2IjoiMSJ9.2bZy_pP9TFvaAYb1Svq8ijFWl7dVvIBaOMoSricSYLwgs_jdAANo178WI2kUSf_MCOjetILqUIQ6ieOxEn3xtoSJT6C7xYhQWaYgw1vix_1QvG5eSaXjCMG_8SwOnd_XFmy5Uc2GQ-8gUSEEF9ymbNGrripjqJiYpcWSHF1ks6c.JFW3xNS2XsFDkabPnNzYtr7v-8Sd8rnJS4X3RDKTS0U&dib_tag=se&m=ANBW5NGGTP7SK&marketplaceID=A39IBJ37TRP1C6&qid=1777190959&refinements=p_36%3A22500-23000&s=merchant-items&sr=1-102&xpid=bVtupK6-BH5Ck,"Figures, Multi-Coloured, 201136"
483327292X,Paperback,227.46,https://www.amazon.com.au/%E7%8F%BE%E4%BB%A3%E6%97%A5%E6%9C%AC%E3%81%AE%E6%94%BF%E6%B2%BB%E5%AE%B6%E5%83%8F%E3%80%88%E7%AC%AC1%E5%B7%BB%E3%80%89/dp/483327292X/ref=sr_1_103?dib=eyJ2IjoiMSJ9.2bZy_pP9TFvaAYb1Svq8ijFWl7dVvIBaOMoSricSYLwgs_jdAANo178WI2kUSf_MCOjetILqUIQ6ieOxEn3xtoSJT6C7xYhQWaYgw1vix_1QvG5eSaXjCMG_8SwOnd_XFmy5Uc2GQ-8gUSEEF9ymbNGrripjqJiYpcWSHF1ks6c.JFW3xNS2XsFDkabPnNzYtr7v-8Sd8rnJS4X3RDKTS0U&dib_tag=se&m=ANBW5NGGTP7SK&marketplaceID=A39IBJ37TRP1C6&qid=1777190959&refinements=p_36%3A22500-23000&s=merchant-items&sr=1-103&xpid=bVtupK6-BH5Ck,現代日本の政治家像〈第1巻〉
483327292X,,,,
4832607308,JP Oversized,229.92,https://www.amazon.com.au/Primary-Color-%E5%9C%96%E9%91%91-World-Shellfish/dp/4832607308/ref=sr_1_104?dib=eyJ2IjoiMSJ9.2bZy_pP9TFvaAYb1Svq8ijFWl7dVvIBaOMoSricSYLwgs_jdAANo178WI2kUSf_MCOjetILqUIQ6ieOxEn3xtoSJT6C7xYhQWaYgw1vix_1QvG5eSaXjCMG_8SwOnd_XFmy5Uc2GQ-8gUSEEF9ymbNGrripjqJiYpcWSHF1ks6c.JFW3xNS2XsFDkabPnNzYtr7v-8Sd8rnJS4X3RDKTS0U&dib_tag=se&m=ANBW5NGGTP7SK&marketplaceID=A39IBJ37TRP1C6&qid=1777190959&refinements=p_36%3A22500-23000&s=merchant-items&sr=1-104&xpid=bVtupK6-BH5Ck,Primary Color 圖鑑 World of Shellfish
4832607308,,,,
4831875201,Tankobon Hardcover,225.43,https://www.amazon.com.au/%E5%AF%BA%E5%86%85%E7%94%BA%E3%81%AE%E7%A0%94%E7%A9%B6-3-%E7%AC%AC3%E5%B7%BB/dp/4831875201/ref=sr_1_105?dib=eyJ2IjoiMSJ9.2bZy_pP9TFvaAYb1Svq8ijFWl7dVvIBaOMoSricSYLwgs_jdAANo178WI2kUSf_MCOjetILqUIQ6ieOxEn3xtoSJT6C7xYhQWaYgw1vix_1QvG5eSaXjCMG_8SwOnd_XFmy5Uc2GQ-8gUSEEF9ymbNGrripjqJiYpcWSHF1ks6c.JFW3xNS2XsFDkabPnNzYtr7v-8Sd8rnJS4X3RDKTS0U&dib_tag=se&m=ANBW5NGGTP7SK&marketplaceID=A39IBJ37TRP1C6&qid=1777190959&refinements=p_36%3A22500-23000&s=merchant-items&sr=1-105&xpid=bVtupK6-BH5Ck,寺内町の研究 (3): 第3巻
4831875201,,,,
4831863882,Tankobon Hardcover,228.89,https://www.amazon.com.au/%E5%8F%A4%E4%BB%A3%E3%82%A4%E3%83%B3%E3%83%89%E3%81%AE%E5%85%A5%E9%96%80%E5%84%80%E7%A4%BC-%E6%A2%B6%E5%8E%9F-%E4%B8%89%E6%81%B5%E5%AD%90/dp/4831863882/ref=sr_1_106?dib=eyJ2IjoiMSJ9.2bZy_pP9TFvaAYb1Svq8ijFWl7dVvIBaOMoSricSYLwgs_jdAANo178WI2kUSf_MCOjetILqUIQ6ieOxEn3xtoSJT6C7xYhQWaYgw1vix_1QvG5eSaXjCMG_8SwOnd_XFmy5Uc2GQ-8gUSEEF9ymbNGrripjqJiYpcWSHF1ks6c.JFW3xNS2XsFDkabPnNzYtr7v-8Sd8rnJS4X3RDKTS0U&dib_tag=se&m=ANBW5NGGTP7SK&marketplaceID=A39IBJ37TRP1C6&qid=1777190959&refinements=p_36%3A22500-23000&s=merchant-items&sr=1-106&xpid=bVtupK6-BH5Ck,古代インドの入門儀礼
4831863882,,,,
B01N8PS1C8,,229.23,https://www.amazon.com.au/Daiwa-Small-Relay-Mountain-streams/dp/B01N8PS1C8/ref=sr_1_107?dib=eyJ2IjoiMSJ9.2bZy_pP9TFvaAYb1Svq8ijFWl7dVvIBaOMoSricSYLwgs_jdAANo178WI2kUSf_MCOjetILqUIQ6ieOxEn3xtoSJT6C7xYhQWaYgw1vix_1QvG5eSaXjCMG_8SwOnd_XFmy5Uc2GQ-8gUSEEF9ymbNGrripjqJiYpcWSHF1ks6c.JFW3xNS2XsFDkabPnNzYtr7v-8Sd8rnJS4X3RDKTS0U&dib_tag=se&m=ANBW5NGGTP7SK&marketplaceID=A39IBJ37TRP1C6&qid=1777190959&refinements=p_36%3A22500-23000&s=merchant-items&sr=1-107&xpid=bVtupK6-BH5Ck#customerReviews,DAIWA All-Purpose Kotsugi Stream X Various
B01N8PS1C8,,,,
4831861359,Tankobon Hardcover,229.71,https://www.amazon.com.au/%E5%94%90%E4%B8%AD%E6%9C%9F%E6%B5%84%E5%9C%9F%E6%95%99%E3%81%AB%E3%81%8A%E3%81%91%E3%82%8B%E5%96%84%E5%B0%8E%E6%B5%81%E3%81%AE%E8%AB%B8%E7%9B%B8-%E3%80%8E%E5%BF%B5%E4%BB%8F%E4%B8%89%E6%98%A7%E5%AE%9D%E7%8E%8B%E8%AB%96%E3%80%8F%E3%81%A8%E3%80%8E%E5%BF%B5%E4%BB%8F%E9%8F%A1%E3%80%8F%E3%82%92%E4%B8%AD%E5%BF%83%E3%81%AB-%E4%BD%9B%E6%95%99%E5%A4%A7%E5%AD%A6%E7%A0%94%E7%A9%B6%E5%8F%A2%E6%9B%B8-%E5%8A%A0%E8%97%A4%E5%BC%98%E5%AD%9D/dp/4831861359/ref=sr_1_113?dib=eyJ2IjoiMSJ9.fVm_tjFqubaD6SDX8Bq1_y7KQwpNOwBUkry8ENdLDuVxVUONWGcYpdf2HgL_T-NTOkH8HPQJFdSQ_ao_qqDsDw.oJekoTpeLi7jMGhOk-8iYFbNRP_swvaEqZ3LsGntN8U&dib_tag=se&m=ANBW5NGGTP7SK&marketplaceID=A39IBJ37TRP1C6&qid=1777190964&refinements=p_36%3A22500-23000&s=merchant-items&sr=1-113&xpid=bVtupK6-BH5Ck,唐中期浄土教における善導流の諸相 『念仏三昧宝王論』と『念仏鏡』を中心に (佛教大学研究叢書)
4831861359,,,,
483063619X,Tankobon Hardcover,229.07,https://www.amazon.com.au/%E7%B2%BE%E7%A5%9E%E5%8C%BB%E5%AD%A6-%E5%A4%A7%E6%9C%88-%E4%B8%89%E9%83%8E/dp/483063619X/ref=sr_1_114?dib=eyJ2IjoiMSJ9.fVm_tjFqubaD6SDX8Bq1_y7KQwpNOwBUkry8ENdLDuVxVUONWGcYpdf2HgL_T-NTOkH8HPQJFdSQ_ao_qqDsDw.oJekoTpeLi7jMGhOk-8iYFbNRP_swvaEqZ3LsGntN8U&dib_tag=se&m=ANBW5NGGTP7SK&marketplaceID=A39IBJ37TRP1C6&qid=1777190964&refinements=p_36%3A22500-23000&s=merchant-items&sr=1-114&xpid=bVtupK6-BH5Ck#customerReviews,精神医学
483063619X,,,,
B09QSD74Q5,,230.45,https://www.amazon.com.au/Wing-Rascal-Senpai-Sakurajima-Chinese/dp/B09QSD74Q5/ref=sr_1_115?dib=eyJ2IjoiMSJ9.fVm_tjFqubaD6SDX8Bq1_y7KQwpNOwBUkry8ENdLDuVxVUONWGcYpdf2HgL_T-NTOkH8HPQJFdSQ_ao_qqDsDw.oJekoTpeLi7jMGhOk-8iYFbNRP_swvaEqZ3LsGntN8U&dib_tag=se&m=ANBW5NGGTP7SK&marketplaceID=A39IBJ37TRP1C6&qid=1777190964&refinements=p_36%3A22500-23000&s=merchant-items&sr=1-115&xpid=bVtupK6-BH5Ck,Rascal Does Not Dream of Bunny Girl Senpai Mai Sakurajima Chinese Dress Version 1/6 Scale - (96785)
4830610190,Tankobon Hardcover,228.92,https://www.amazon.com.au/%E4%B8%80%E5%86%8A%E3%81%A7%E3%81%8D%E3%82%8F%E3%82%81%E3%82%8B%E3%82%B9%E3%83%86%E3%83%AD%E3%82%A4%E3%83%89%E8%A8%BA%E7%99%82%E3%82%AC%E3%82%A4%E3%83%89/dp/4830610190/ref=sr_1_116?dib=eyJ2IjoiMSJ9.fVm_tjFqubaD6SDX8Bq1_y7KQwpNOwBUkry8ENdLDuVxVUONWGcYpdf2HgL_T-NTOkH8HPQJFdSQ_ao_qqDsDw.oJekoTpeLi7jMGhOk-8iYFbNRP_swvaEqZ3LsGntN8U&dib_tag=se&m=ANBW5NGGTP7SK&marketplaceID=A39IBJ37TRP1C6&qid=1777190964&refinements=p_36%3A22500-23000&s=merchant-items&sr=1-116&xpid=bVtupK6-BH5Ck#customerReviews,一冊できわめるステロイド診療ガイド
4830610190,,,,
4827312931,Tankobon Hardcover,228.17,https://www.amazon.com.au/%E6%97%A5%E6%9C%AC%E5%8F%A4%E4%BB%A3%E5%AE%AE%E5%BB%B7%E7%A4%BE%E4%BC%9A%E3%81%AE%E5%84%80%E7%A4%BC%E3%81%A8%E5%A4%A9%E7%9A%87-%E5%90%89%E6%B1%9F-%E5%B4%87/dp/4827312931/ref=sr_1_117?dib=eyJ2IjoiMSJ9.fVm_tjFqubaD6SDX8Bq1_y7KQwpNOwBUkry8ENdLDuVxVUONWGcYpdf2HgL_T-NTOkH8HPQJFdSQ_ao_qqDsDw.oJekoTpeLi7jMGhOk-8iYFbNRP_swvaEqZ3LsGntN8U&dib_tag=se&m=ANBW5NGGTP7SK&marketplaceID=A39IBJ37TRP1C6&qid=1777190964&refinements=p_36%3A22500-23000&s=merchant-items&sr=1-117&xpid=bVtupK6-BH5Ck#customerReviews,日本古代宮廷社会の儀礼と天皇
4827312931,,,,
B0BSTNS4XL,,227.49,https://www.amazon.com.au/%E3%83%80%E3%82%A4%E3%83%AF-DAIWA-05910248-Daiwa-Hera/dp/B0BSTNS4XL/ref=sr_1_113?dib=eyJ2IjoiMSJ9.oNpRFuyS7C2Tr2NQ2NFza4Eh0osXBh4eN5mlUeQ1UcwCFSA4dDn8th2vKQo-R6Zz59ei4hYs3JxuujBg1nT7Z06KMSYnKeUFo4n_GNjLc2qVJ8ShwZUZl4GZNp3uwo4HeIof5qa8Lqy-uq4DSNxaqc6peortP7JZCpcm5CNMrwE.hGfQ9UrjLVweO8ax_k12FJ4EborR1edFwqyHMS7vNSg&dib_tag=se&m=ANBW5NGGTP7SK&marketplaceID=A39IBJ37TRP1C6&qid=1777190964&refinements=p_36%3A22500-23000&s=merchant-items&sr=1-113&xpid=bVtupK6-BH5Ck#customerReviews,"WA Spatula Rod, Hera V, 8-23 Shaku Various (2023 Model)"
B0BSTNS4XL,,,,
4827312192,Tankobon Hardcover,228.86,https://www.amazon.com.au/%E5%BC%A5%E7%94%9F%E5%86%8D%E8%91%AC%E5%A2%93%E3%81%A8%E7%A4%BE%E4%BC%9A-%E8%A8%AD%E6%A5%BD-%E5%8D%9A%E5%B7%B1/dp/4827312192/ref=sr_1_114?dib=eyJ2IjoiMSJ9.oNpRFuyS7C2Tr2NQ2NFza4Eh0osXBh4eN5mlUeQ1UcwCFSA4dDn8th2vKQo-R6Zz59ei4hYs3JxuujBg1nT7Z06KMSYnKeUFo4n_GNjLc2qVJ8ShwZUZl4GZNp3uwo4HeIof5qa8Lqy-uq4DSNxaqc6peortP7JZCpcm5CNMrwE.hGfQ9UrjLVweO8ax_k12FJ4EborR1edFwqyHMS7vNSg&dib_tag=se&m=ANBW5NGGTP7SK&marketplaceID=A39IBJ37TRP1C6&qid=1777190964&refinements=p_36%3A22500-23000&s=merchant-items&sr=1-114&xpid=bVtupK6-BH5Ck,弥生再葬墓と社会
4827312192,,,,
4827311803,Tankobon Hardcover,225.76,https://www.amazon.com.au/%E5%8F%A4%E4%BB%A3%E6%9D%B1%E5%9B%BD%E5%8F%B2%E3%81%AE%E5%9F%BA%E7%A4%8E%E7%9A%84%E7%A0%94%E7%A9%B6/dp/4827311803/ref=sr_1_115?dib=eyJ2IjoiMSJ9.oNpRFuyS7C2Tr2NQ2NFza4Eh0osXBh4eN5mlUeQ1UcwCFSA4dDn8th2vKQo-R6Zz59ei4hYs3JxuujBg1nT7Z06KMSYnKeUFo4n_GNjLc2qVJ8ShwZUZl4GZNp3uwo4HeIof5qa8Lqy-uq4DSNxaqc6peortP7JZCpcm5CNMrwE.hGfQ9UrjLVweO8ax_k12FJ4EborR1edFwqyHMS7vNSg&dib_tag=se&m=ANBW5NGGTP7SK&marketplaceID=A39IBJ37TRP1C6&qid=1777190964&refinements=p_36%3A22500-23000&s=merchant-items&sr=1-115&xpid=bVtupK6-BH5Ck#customerReviews,古代東国史の基礎的研究
4827311803,,,,
B08Q845M84,,225.4,https://www.amazon.com.au/Daiwa-DT-2201VR-Round-Black-Medium/dp/B08Q845M84/ref=sr_1_116?dib=eyJ2IjoiMSJ9.oNpRFuyS7C2Tr2NQ2NFza4Eh0osXBh4eN5mlUeQ1UcwCFSA4dDn8th2vKQo-R6Zz59ei4hYs3JxuujBg1nT7Z06KMSYnKeUFo4n_GNjLc2qVJ8ShwZUZl4GZNp3uwo4HeIof5qa8Lqy-uq4DSNxaqc6peortP7JZCpcm5CNMrwE.hGfQ9UrjLVweO8ax_k12FJ4EborR1edFwqyHMS7vNSg&dib_tag=se&m=ANBW5NGGTP7SK&marketplaceID=A39IBJ37TRP1C6&qid=1777190964&refinements=p_36%3A22500-23000&s=merchant-items&sr=1-116&xpid=bVtupK6-BH5Ck#customerReviews,"Daiwa Tabi DT-2201VR (Round Tip), Black, Medium"
B08Q845M84,,,,
481784373X,Tankobon Hardcover,227.45,https://www.amazon.com.au/%E5%85%A8%E8%A8%82%E6%96%B0%E7%89%88-%E6%B8%89%E5%A4%96%E6%88%B8%E7%B1%8D%E3%81%AE%E3%81%9F%E3%82%81%E3%81%AE%E5%90%84%E5%9B%BD%E6%B3%95%E5%BE%8B%E3%81%A8%E8%A6%81%E4%BB%B6-4-%E5%90%84%E8%AB%96/dp/481784373X/ref=sr_1_117?dib=eyJ2IjoiMSJ9.oNpRFuyS7C2Tr2NQ2NFza4Eh0osXBh4eN5mlUeQ1UcwCFSA4dDn8th2vKQo-R6Zz59ei4hYs3JxuujBg1nT7Z06KMSYnKeUFo4n_GNjLc2qVJ8ShwZUZl4GZNp3uwo4HeIof5qa8Lqy-uq4DSNxaqc6peortP7JZCpcm5CNMrwE.hGfQ9UrjLVweO8ax_k12FJ4EborR1edFwqyHMS7vNSg&dib_tag=se&m=ANBW5NGGTP7SK&marketplaceID=A39IBJ37TRP1C6&qid=1777190964&refinements=p_36%3A22500-23000&s=merchant-items&sr=1-117&xpid=bVtupK6-BH5Ck,全訂新版 渉外戸籍のための各国法律と要件<4> 各論
481784373X,,,,
4815809003,Tankobon Hardcover,227.18,https://www.amazon.com.au/%E3%83%A2%E3%83%B3%E3%82%B4%E3%83%AB%E6%99%82%E4%BB%A3%E3%81%AE%E3%80%8C%E7%9F%A5%E3%80%8D%E3%81%AE%E6%9D%B1%E8%A5%BF-%E4%B8%8A-%E5%AE%AE-%E7%B4%80%E5%AD%90/dp/4815809003/ref=sr_1_118?dib=eyJ2IjoiMSJ9.oNpRFuyS7C2Tr2NQ2NFza4Eh0osXBh4eN5mlUeQ1UcwCFSA4dDn8th2vKQo-R6Zz59ei4hYs3JxuujBg1nT7Z06KMSYnKeUFo4n_GNjLc2qVJ8ShwZUZl4GZNp3uwo4HeIof5qa8Lqy-uq4DSNxaqc6peortP7JZCpcm5CNMrwE.hGfQ9UrjLVweO8ax_k12FJ4EborR1edFwqyHMS7vNSg&dib_tag=se&m=ANBW5NGGTP7SK&marketplaceID=A39IBJ37TRP1C6&qid=1777190964&refinements=p_36%3A22500-23000&s=merchant-items&sr=1-118&xpid=bVtupK6-BH5Ck,モンゴル時代の「知」の東西 上
4815809003,,,,
B08S7MGKJD,,228.15,https://www.amazon.com.au/Tamashi-Nations-Dragonar-Dragonar-1-BandaiSpirits/dp/B08S7MGKJD/ref=sr_1_119?dib=eyJ2IjoiMSJ9.oNpRFuyS7C2Tr2NQ2NFza4Eh0osXBh4eN5mlUeQ1UcwCFSA4dDn8th2vKQo-R6Zz59ei4hYs3JxuujBg1nT7Z06KMSYnKeUFo4n_GNjLc2qVJ8ShwZUZl4GZNp3uwo4HeIof5qa8Lqy-uq4DSNxaqc6peortP7JZCpcm5CNMrwE.hGfQ9UrjLVweO8ax_k12FJ4EborR1edFwqyHMS7vNSg&dib_tag=se&m=ANBW5NGGTP7SK&marketplaceID=A39IBJ37TRP1C6&qid=1777190964&refinements=p_36%3A22500-23000&s=merchant-items&sr=1-119&xpid=bVtupK6-BH5Ck#customerReviews,"Tamashi Nations - Metal Armor Dragonar - Dragonar-1 Custom, BandaiSpirits Hi-Metal R"
4815805768,Tankobon Hardcover,225.8,https://www.amazon.com.au/%E3%82%A4%E3%82%BF%E3%83%AA%E3%82%A2%E3%81%AE%E4%B8%AD%E4%B8%96%E5%A4%A7%E5%AD%A6_%E3%81%9D%E3%81%AE%E6%88%90%E7%AB%8B%E3%81%A8%E5%A4%89%E5%AE%B9_-%E5%85%90%E7%8E%89-%E5%96%84%E4%BB%81/dp/4815805768/ref=sr_1_120?dib=eyJ2IjoiMSJ9.oNpRFuyS7C2Tr2NQ2NFza4Eh0osXBh4eN5mlUeQ1UcwCFSA4dDn8th2vKQo-R6Zz59ei4hYs3JxuujBg1nT7Z06KMSYnKeUFo4n_GNjLc2qVJ8ShwZUZl4GZNp3uwo4HeIof5qa8Lqy-uq4DSNxaqc6peortP7JZCpcm5CNMrwE.hGfQ9UrjLVweO8ax_k12FJ4EborR1edFwqyHMS7vNSg&dib_tag=se&m=ANBW5NGGTP7SK&marketplaceID=A39IBJ37TRP1C6&qid=1777190964&refinements=p_36%3A22500-23000&s=merchant-items&sr=1-120&xpid=bVtupK6-BH5Ck#customerReviews,イタリアの中世大学―その成立と変容―
4815805768,,,,
4813607128,Sheet music,227.54,https://www.amazon.com.au/MASTERS-%E3%83%B4%E3%82%A1%E3%83%BC%E3%83%81%E3%83%A5%E3%82%AA%E3%83%BC%E3%82%BE%E3%81%AE%E3%82%A2%E3%83%89%E3%83%AA%E3%83%96%E3%81%AB%E8%BF%AB%E3%82%8B-%E3%83%81%E3%83%A3%E3%83%BC%E3%83%AA%E3%83%BC%E3%83%91%E3%83%BC%E3%82%AB%E3%83%BC-%E3%83%9E%E3%82%A4%E3%83%8A%E3%82%B9%E3%83%AF%E3%83%B3%E3%83%96%E3%83%83%E3%82%AF-Vol-2/dp/4813607128/ref=sr_1_121?dib=eyJ2IjoiMSJ9.oNpRFuyS7C2Tr2NQ2NFza4Eh0osXBh4eN5mlUeQ1UcwCFSA4dDn8th2vKQo-R6Zz59ei4hYs3JxuujBg1nT7Z06KMSYnKeUFo4n_GNjLc2qVJ8ShwZUZl4GZNp3uwo4HeIof5qa8Lqy-uq4DSNxaqc6peortP7JZCpcm5CNMrwE.hGfQ9UrjLVweO8ax_k12FJ4EborR1edFwqyHMS7vNSg&dib_tag=se&m=ANBW5NGGTP7SK&marketplaceID=A39IBJ37TRP1C6&qid=1777190964&refinements=p_36%3A22500-23000&s=merchant-items&sr=1-121&xpid=bVtupK6-BH5Ck#customerReviews,JAZZ MASTERS SERIES ヴァーチュオーゾのアドリブに迫る チャーリーパーカー マイナスワンブック Vol.2
4813607128,,,,
B08KWWCKCR,,225.18,https://www.amazon.com.au/Dropout-Idol-Fruit-Statue-Sakura/dp/B08KWWCKCR/ref=sr_1_122?dib=eyJ2IjoiMSJ9.oNpRFuyS7C2Tr2NQ2NFza4Eh0osXBh4eN5mlUeQ1UcwCFSA4dDn8th2vKQo-R6Zz59ei4hYs3JxuujBg1nT7Z06KMSYnKeUFo4n_GNjLc2qVJ8ShwZUZl4GZNp3uwo4HeIof5qa8Lqy-uq4DSNxaqc6peortP7JZCpcm5CNMrwE.hGfQ9UrjLVweO8ax_k12FJ4EborR1edFwqyHMS7vNSg&dib_tag=se&m=ANBW5NGGTP7SK&marketplaceID=A39IBJ37TRP1C6&qid=1777190964&refinements=p_36%3A22500-23000&s=merchant-items&sr=1-122&xpid=bVtupK6-BH5Ck#customerReviews,Dropout Idol Fruit Tart PVC Statue 1/7 Ino Sakura 23 cm
4811312023,Tankobon Hardcover,226.16,https://www.amazon.com.au/5%E5%9B%9E%E3%81%A7%E6%8A%98%E3%82%8C%E3%82%8B%E5%AD%A3%E7%AF%80%E3%81%A8%E8%A1%8C%E4%BA%8B%E3%81%AE%E3%81%8A%E3%82%8A%E3%81%8C%E3%81%BF-%E5%85%A84%E5%B7%BB%E3%82%BB%E3%83%83%E3%83%88-%E3%81%84%E3%81%97%E3%81%8B%E3%82%8F%E2%98%86%E3%81%BE%E3%82%8A%E3%81%93/dp/4811312023/ref=sr_1_123?dib=eyJ2IjoiMSJ9.oNpRFuyS7C2Tr2NQ2NFza4Eh0osXBh4eN5mlUeQ1UcwCFSA4dDn8th2vKQo-R6Zz59ei4hYs3JxuujBg1nT7Z06KMSYnKeUFo4n_GNjLc2qVJ8ShwZUZl4GZNp3uwo4HeIof5qa8Lqy-uq4DSNxaqc6peortP7JZCpcm5CNMrwE.hGfQ9UrjLVweO8ax_k12FJ4EborR1edFwqyHMS7vNSg&dib_tag=se&m=ANBW5NGGTP7SK&marketplaceID=A39IBJ37TRP1C6&qid=1777190964&refinements=p_36%3A22500-23000&s=merchant-items&sr=1-123&xpid=bVtupK6-BH5Ck#customerReviews,5回で折れる季節と行事のおりがみ(全4巻セット)
4811312023,,,,
4804380515,Tankobon Hardcover,229.01,https://www.amazon.com.au/%E6%A5%9E%E4%BC%BD%E7%B5%8C-%E6%96%B0%E5%9B%BD%E8%A8%B3%E5%A4%A7%E8%94%B5%E7%B5%8C-%E3%82%A4%E3%83%B3%E3%83%89%E6%92%B0%E8%BF%B0%E9%83%A8-8%E5%A6%82%E6%9D%A5%E8%94%B5%E3%83%BB%E5%94%AF%E8%AD%98%E9%83%A82/dp/4804380515/ref=sr_1_129?dib=eyJ2IjoiMSJ9.SazHE8uLe-yIX3P_xCZnQMUgObVdJceLzhDk8S22WSk4hVUV7_tgaRigq200AEw6thXH70DtwYlb3xKiShWhkw.wbRVlYnhR8BZ9GduhP9a0J9P_59D0eLRLIV3YF1kEcY&dib_tag=se&m=ANBW5NGGTP7SK&marketplaceID=A39IBJ37TRP1C6&qid=1777190969&refinements=p_36%3A22500-23000&s=merchant-items&sr=1-129&xpid=bVtupK6-BH5Ck,楞伽経 (新国訳大蔵経[インド撰述部]8如来蔵・唯識部2)
4804380515,,,,
B09LRKDZM7,,228.91,https://www.amazon.com.au/Tamashi-Nations-Godzilla-Jaguar-S-H-MonsterArts/dp/B09LRKDZM7/ref=sr_1_130?dib=eyJ2IjoiMSJ9.SazHE8uLe-yIX3P_xCZnQMUgObVdJceLzhDk8S22WSk4hVUV7_tgaRigq200AEw6thXH70DtwYlb3xKiShWhkw.wbRVlYnhR8BZ9GduhP9a0J9P_59D0eLRLIV3YF1kEcY&dib_tag=se&m=ANBW5NGGTP7SK&marketplaceID=A39IBJ37TRP1C6&qid=1777190969&refinements=p_36%3A22500-23000&s=merchant-items&sr=1-130&xpid=bVtupK6-BH5Ck#customerReviews,"Tamashi Nations - Godzilla S.P. - Jet Jaguar (2021), S.H.MonsterArts"
4798915912,Tankobon Hardcover,228.02,https://www.amazon.com.au/%E8%87%AA%E7%84%B6%E6%9D%91%E5%86%8D%E8%80%83-%E9%AB%98%E6%A9%8B%E6%98%8E%E5%96%84/dp/4798915912/ref=sr_1_131?dib=eyJ2IjoiMSJ9.SazHE8uLe-yIX3P_xCZnQMUgObVdJceLzhDk8S22WSk4hVUV7_tgaRigq200AEw6thXH70DtwYlb3xKiShWhkw.wbRVlYnhR8BZ9GduhP9a0J9P_59D0eLRLIV3YF1kEcY&dib_tag=se&m=ANBW5NGGTP7SK&marketplaceID=A39IBJ37TRP1C6&qid=1777190969&refinements=p_36%3A22500-23000&s=merchant-items&sr=1-131&xpid=bVtupK6-BH5Ck#customerReviews,自然村再考
4798915912,,,,
4797281820,Tankobon Hardcover,227.93,https://www.amazon.com.au/%E5%9C%B0%E7%90%83%E7%A4%BE%E4%BC%9A%E3%81%AE%E4%BA%BA%E6%A8%A9%E8%AB%96-%E8%8A%B9%E7%94%B0%E5%81%A5%E5%A4%AA%E9%83%8E%E8%91%97%E4%BD%9C%E9%9B%86%E3%80%90%E7%AC%AC2%E5%B7%BB%E3%80%91-%E8%8A%B9%E7%94%B0-%E5%81%A5%E5%A4%AA%E9%83%8E/dp/4797281820/ref=sr_1_132?dib=eyJ2IjoiMSJ9.SazHE8uLe-yIX3P_xCZnQMUgObVdJceLzhDk8S22WSk4hVUV7_tgaRigq200AEw6thXH70DtwYlb3xKiShWhkw.wbRVlYnhR8BZ9GduhP9a0J9P_59D0eLRLIV3YF1kEcY&dib_tag=se&m=ANBW5NGGTP7SK&marketplaceID=A39IBJ37TRP1C6&qid=1777190969&refinements=p_36%3A22500-23000&s=merchant-items&sr=1-132&xpid=bVtupK6-BH5Ck,地球社会の人権論 (芹田健太郎著作集【第2巻】)
4797281820,,,,
B07MDFFCS1,,226.19,https://www.amazon.com.au/SHIMANO-105-Rear-Bicycle-Freehub/dp/B07MDFFCS1/ref=sr_1_133?dib=eyJ2IjoiMSJ9.SazHE8uLe-yIX3P_xCZnQMUgObVdJceLzhDk8S22WSk4hVUV7_tgaRigq200AEw6thXH70DtwYlb3xKiShWhkw.wbRVlYnhR8BZ9GduhP9a0J9P_59D0eLRLIV3YF1kEcY&dib_tag=se&m=ANBW5NGGTP7SK&marketplaceID=A39IBJ37TRP1C6&qid=1777190969&refinements=p_36%3A22500-23000&s=merchant-items&sr=1-133&xpid=bVtupK6-BH5Ck#customerReviews,SHIMANO 105 Rear Bicycle Freehub - FH-R7000
B07MDFFCS1,,,,
4797260912,Tankobon Hardcover,229.06,https://www.amazon.com.au/%E6%B0%91%E6%B3%95%E7%90%86%E8%AB%96%E7%A0%94%E7%A9%B6-%E5%AD%A6%E8%A1%93%E9%81%B8%E6%9B%B8121-%E4%B8%AD%E6%9D%91-%E5%93%B2%E4%B9%9F/dp/4797260912/ref=sr_1_129?dib=eyJ2IjoiMSJ9.5dpqSLy-SSAdXJI0DZfc3pn1lq-zWCtzD9M6ybEvIjxM3xSfZ4vyqXtHIQDDfxUdgusDhQzmnAIaSBUZhMO6QME7wGioxDg1WZ6UD_AtwyuikzrpbxvSWKFPaGQVn0UrelAylgzPc7u71Vz7FQ7SSjrachB49j2v3FG7DtZfNVw.iOhY4KvX4USrhXHUS_P0pDmejoEyu3oKXs3VDfC2e9M&dib_tag=se&m=ANBW5NGGTP7SK&marketplaceID=A39IBJ37TRP1C6&qid=1777190969&refinements=p_36%3A22500-23000&s=merchant-items&sr=1-129&xpid=bVtupK6-BH5Ck,民法理論研究 (学術選書121)
4797260912,,,,
4797254521,Tankobon Hardcover,225.46,https://www.amazon.com.au/%E3%83%A8%E3%83%BC%E3%83%AD%E3%83%83%E3%83%91%E6%84%8F%E6%80%9D%E8%A1%A8%E7%A4%BA%E8%AB%96%E3%81%AE%E5%B1%95%E9%96%8B%E3%81%A8%E6%B0%91%E6%B3%95%E6%94%B9%E6%AD%A3-_-%E3%83%8F%E3%82%A4%E3%83%B3%E3%83%BB%E3%82%B1%E3%83%83%E3%83%84%E6%95%99%E6%8E%88%E5%8F%A4%E7%A8%80%E8%A8%98%E5%BF%B5-%E7%B7%8F%E5%90%88%E5%8F%A2%E6%9B%B82-%E3%83%A9%E3%82%A4%E3%83%B3%E3%83%8F%E3%83%AB%E3%83%88%E3%83%BB%E3%83%84%E3%82%A3%E3%83%B3%E3%83%9E%E3%83%BC%E3%83%9E%E3%83%B3/dp/4797254521/ref=sr_1_130?dib=eyJ2IjoiMSJ9.5dpqSLy-SSAdXJI0DZfc3pn1lq-zWCtzD9M6ybEvIjxM3xSfZ4vyqXtHIQDDfxUdgusDhQzmnAIaSBUZhMO6QME7wGioxDg1WZ6UD_AtwyuikzrpbxvSWKFPaGQVn0UrelAylgzPc7u71Vz7FQ7SSjrachB49j2v3FG7DtZfNVw.iOhY4KvX4USrhXHUS_P0pDmejoEyu3oKXs3VDfC2e9M&dib_tag=se&m=ANBW5NGGTP7SK&marketplaceID=A39IBJ37TRP1C6&qid=1777190969&refinements=p_36%3A22500-23000&s=merchant-items&sr=1-130&xpid=bVtupK6-BH5Ck,ヨーロッパ意思表示論の展開と民法改正 ― ハイン・ケッツ教授古稀記念 (総合叢書2)
4797254521,,,,
B0796JN336,,229.0,https://www.amazon.com.au/Daiwa-CS90CH-Power-Holder-Black/dp/B0796JN336/ref=sr_1_131?dib=eyJ2IjoiMSJ9.5dpqSLy-SSAdXJI0DZfc3pn1lq-zWCtzD9M6ybEvIjxM3xSfZ4vyqXtHIQDDfxUdgusDhQzmnAIaSBUZhMO6QME7wGioxDg1WZ6UD_AtwyuikzrpbxvSWKFPaGQVn0UrelAylgzPc7u71Vz7FQ7SSjrachB49j2v3FG7DtZfNVw.iOhY4KvX4USrhXHUS_P0pDmejoEyu3oKXs3VDfC2e9M&dib_tag=se&m=ANBW5NGGTP7SK&marketplaceID=A39IBJ37TRP1C6&qid=1777190969&refinements=p_36%3A22500-23000&s=merchant-items&sr=1-131&xpid=bVtupK6-BH5Ck#customerReviews,"Daiwa CS90CH Power Holder, Black"
B0796JN336,,,,
4797254149,Tankobon Hardcover,226.32,https://www.amazon.com.au/%E6%A0%B8%E4%B8%8D%E6%8B%A1%E6%95%A3%E6%9D%A1%E7%B4%8450%E5%B9%B4%E3%81%A8%E6%A0%B8%E8%BB%8D%E7%B8%AE%E3%81%AE%E9%80%B2%E5%B1%95-%E5%AD%A6%E8%A1%93%E9%81%B8%E6%9B%B8-14-%E9%BB%92%E6%B2%A2-%E6%BA%80/dp/4797254149/ref=sr_1_132?dib=eyJ2IjoiMSJ9.5dpqSLy-SSAdXJI0DZfc3pn1lq-zWCtzD9M6ybEvIjxM3xSfZ4vyqXtHIQDDfxUdgusDhQzmnAIaSBUZhMO6QME7wGioxDg1WZ6UD_AtwyuikzrpbxvSWKFPaGQVn0UrelAylgzPc7u71Vz7FQ7SSjrachB49j2v3FG7DtZfNVw.iOhY4KvX4USrhXHUS_P0pDmejoEyu3oKXs3VDfC2e9M&dib_tag=se&m=ANBW5NGGTP7SK&marketplaceID=A39IBJ37TRP1C6&qid=1777190969&refinements=p_36%3A22500-23000&s=merchant-items&sr=1-132&xpid=bVtupK6-BH5Ck#customerReviews,核不拡散条約50年と核軍縮の進展 (学術選書): 14
4797254149,,,,
4792306930,Tankobon Hardcover,227.17,https://www.amazon.com.au/%E3%82%A2%E3%83%A1%E3%83%AA%E3%82%AB%E6%86%B2%E6%B3%95%E3%81%A8%E6%B0%91%E4%B8%BB%E6%94%BF-%E3%82%A2%E3%83%A1%E3%83%AA%E3%82%AB%E6%86%B2%E6%B3%95%E5%8F%A2%E6%9B%B83/dp/4792306930/ref=sr_1_133?dib=eyJ2IjoiMSJ9.5dpqSLy-SSAdXJI0DZfc3pn1lq-zWCtzD9M6ybEvIjxM3xSfZ4vyqXtHIQDDfxUdgusDhQzmnAIaSBUZhMO6QME7wGioxDg1WZ6UD_AtwyuikzrpbxvSWKFPaGQVn0UrelAylgzPc7u71Vz7FQ7SSjrachB49j2v3FG7DtZfNVw.iOhY4KvX4USrhXHUS_P0pDmejoEyu3oKXs3VDfC2e9M&dib_tag=se&m=ANBW5NGGTP7SK&marketplaceID=A39IBJ37TRP1C6&qid=1777190969&refinements=p_36%3A22500-23000&s=merchant-items&sr=1-133&xpid=bVtupK6-BH5Ck#customerReviews,アメリカ憲法と民主政 (アメリカ憲法叢書3)
4792306930,,,,
B09NTNY8KX,,225.24,https://www.amazon.com.au/Megahouse-Portrait-Pirates-Limited-Inheritance/dp/B09NTNY8KX/ref=sr_1_134?dib=eyJ2IjoiMSJ9.5dpqSLy-SSAdXJI0DZfc3pn1lq-zWCtzD9M6ybEvIjxM3xSfZ4vyqXtHIQDDfxUdgusDhQzmnAIaSBUZhMO6QME7wGioxDg1WZ6UD_AtwyuikzrpbxvSWKFPaGQVn0UrelAylgzPc7u71Vz7FQ7SSjrachB49j2v3FG7DtZfNVw.iOhY4KvX4USrhXHUS_P0pDmejoEyu3oKXs3VDfC2e9M&dib_tag=se&m=ANBW5NGGTP7SK&marketplaceID=A39IBJ37TRP1C6&qid=1777190969&refinements=p_36%3A22500-23000&s=merchant-items&sr=1-134&xpid=bVtupK6-BH5Ck#customerReviews,Megahouse Portrait.of.Pirates One Piece Limited Edition Sabo Fire Fist Inheritance
4791772334,Tankobon Hardcover,227.41,https://www.amazon.com.au/%E3%83%88%E3%83%A9%E3%83%B3%E3%82%B9%E3%83%AC%E3%83%BC%E3%83%86%E3%82%A3%E3%83%83%E3%83%89-_%E9%AB%98%E5%B1%B1-%E5%AE%8F%E3%81%AE%E8%A7%A3%E9%A1%8C%E6%96%B0%E6%9B%B8_-%E9%AB%98%E5%B1%B1%E5%AE%8F/dp/4791772334/ref=sr_1_135?dib=eyJ2IjoiMSJ9.5dpqSLy-SSAdXJI0DZfc3pn1lq-zWCtzD9M6ybEvIjxM3xSfZ4vyqXtHIQDDfxUdgusDhQzmnAIaSBUZhMO6QME7wGioxDg1WZ6UD_AtwyuikzrpbxvSWKFPaGQVn0UrelAylgzPc7u71Vz7FQ7SSjrachB49j2v3FG7DtZfNVw.iOhY4KvX4USrhXHUS_P0pDmejoEyu3oKXs3VDfC2e9M&dib_tag=se&m=ANBW5NGGTP7SK&marketplaceID=A39IBJ37TRP1C6&qid=1777190969&refinements=p_36%3A22500-23000&s=merchant-items&sr=1-135&xpid=bVtupK6-BH5Ck,トランスレーティッド ―高山 宏の解題新書―
4791772334,,,,
4787826042,Tankobon Softcover,229.6,https://www.amazon.com.au/%E5%86%85%E5%88%86%E6%B3%8C%E4%BB%A3%E8%AC%9D%E3%83%BB%E7%B3%96%E5%B0%BF%E7%97%85%E5%86%85%E7%A7%91%E9%A0%98%E5%9F%9F%E5%B0%82%E9%96%80%E5%8C%BB%E7%A0%94%E4%BF%AE%E3%82%AC%E3%82%A4%E3%83%89%E3%83%96%E3%83%83%E3%82%AF/dp/4787826042/ref=sr_1_136?dib=eyJ2IjoiMSJ9.5dpqSLy-SSAdXJI0DZfc3pn1lq-zWCtzD9M6ybEvIjxM3xSfZ4vyqXtHIQDDfxUdgusDhQzmnAIaSBUZhMO6QME7wGioxDg1WZ6UD_AtwyuikzrpbxvSWKFPaGQVn0UrelAylgzPc7u71Vz7FQ7SSjrachB49j2v3FG7DtZfNVw.iOhY4KvX4USrhXHUS_P0pDmejoEyu3oKXs3VDfC2e9M&dib_tag=se&m=ANBW5NGGTP7SK&marketplaceID=A39IBJ37TRP1C6&qid=1777190969&refinements=p_36%3A22500-23000&s=merchant-items&sr=1-136&xpid=bVtupK6-BH5Ck#customerReviews,内分泌代謝・糖尿病内科領域専門医研修ガイドブック
4787826042,,,,
B07VM1BTF9,,228.57,https://www.amazon.com.au/Machikado-Mazoku-Mistress-Painted-Complete/dp/B07VM1BTF9/ref=sr_1_137?dib=eyJ2IjoiMSJ9.5dpqSLy-SSAdXJI0DZfc3pn1lq-zWCtzD9M6ybEvIjxM3xSfZ4vyqXtHIQDDfxUdgusDhQzmnAIaSBUZhMO6QME7wGioxDg1WZ6UD_AtwyuikzrpbxvSWKFPaGQVn0UrelAylgzPc7u71Vz7FQ7SSjrachB49j2v3FG7DtZfNVw.iOhY4KvX4USrhXHUS_P0pDmejoEyu3oKXs3VDfC2e9M&dib_tag=se&m=ANBW5NGGTP7SK&marketplaceID=A39IBJ37TRP1C6&qid=1777190969&refinements=p_36%3A22500-23000&s=merchant-items&sr=1-137&xpid=bVtupK6-BH5Ck#customerReviews,Machikado Mazoku Shadow Mistress Yuuko 1/7 Scale PVC Painted Complete Figure
4785728108,Tankobon Hardcover,226.89,https://www.amazon.com.au/%E5%A5%91%E7%B4%84%E3%81%AE%E6%B3%95%E6%80%A7%E6%B1%BA%E5%AE%9A-%E6%A3%AE%E7%94%B0-%E4%BF%AE/dp/4785728108/ref=sr_1_138?dib=eyJ2IjoiMSJ9.5dpqSLy-SSAdXJI0DZfc3pn1lq-zWCtzD9M6ybEvIjxM3xSfZ4vyqXtHIQDDfxUdgusDhQzmnAIaSBUZhMO6QME7wGioxDg1WZ6UD_AtwyuikzrpbxvSWKFPaGQVn0UrelAylgzPc7u71Vz7FQ7SSjrachB49j2v3FG7DtZfNVw.iOhY4KvX4USrhXHUS_P0pDmejoEyu3oKXs3VDfC2e9M&dib_tag=se&m=ANBW5NGGTP7SK&marketplaceID=A39IBJ37TRP1C6&qid=1777190969&refinements=p_36%3A22500-23000&s=merchant-items&sr=1-138&xpid=bVtupK6-BH5Ck,契約の法性決定
4785728108,,,,
4784963928,Tankobon Softcover,226.82,https://www.amazon.com.au/POCUS%E7%97%87%E4%BE%8B%E9%9B%86-%E6%92%AE%E3%82%8A%E3%81%8B%E3%81%9F%E3%80%81%E8%A8%BA%E3%81%8B%E3%81%9F%E3%80%81%E6%B4%BB%E3%81%8B%E3%81%97%E3%81%8B%E3%81%9F-%E9%9B%BB%E5%AD%90%E7%89%88%E4%BB%98/dp/4784963928/ref=sr_1_139?dib=eyJ2IjoiMSJ9.5dpqSLy-SSAdXJI0DZfc3pn1lq-zWCtzD9M6ybEvIjxM3xSfZ4vyqXtHIQDDfxUdgusDhQzmnAIaSBUZhMO6QME7wGioxDg1WZ6UD_AtwyuikzrpbxvSWKFPaGQVn0UrelAylgzPc7u71Vz7FQ7SSjrachB49j2v3FG7DtZfNVw.iOhY4KvX4USrhXHUS_P0pDmejoEyu3oKXs3VDfC2e9M&dib_tag=se&m=ANBW5NGGTP7SK&marketplaceID=A39IBJ37TRP1C6&qid=1777190969&refinements=p_36%3A22500-23000&s=merchant-items&sr=1-139&xpid=bVtupK6-BH5Ck#customerReviews,POCUS症例集 撮りかた、診かた、活かしかた - 電子版付 -
4784963928,,,,
B0915W4MZ5,,225.83,https://www.amazon.com.au/RIDEA-Mudguard-Roller-Silver-147-10533/dp/B0915W4MZ5/ref=sr_1_145?dib=eyJ2IjoiMSJ9.CAfFRpbHCS-E--cVkBxO-hLftVb_G-Ldvs8C2ZIKaniidcB7tq1FsbafEf8QaRpX6UzQPvO9ckzryGsY5azLYg.mRkKRt-Z8E1l20vRAun3DJtdviyW3YGaO5CgqglzxTM&dib_tag=se&m=ANBW5NGGTP7SK&marketplaceID=A39IBJ37TRP1C6&qid=1777190975&refinements=p_36%3A22500-23000&s=merchant-items&sr=1-145&xpid=bVtupK6-BH5Ck,RIDEA Duo Large Rear Mudguard Roller RMR4 Silver 147-10533
B0915W4MZ5,,,,
4784947396,Tankobon Softcover,226.82,https://www.amazon.com.au/%E5%86%85%E5%88%86%E6%B3%8C%E5%B0%82%E9%96%80%E5%8C%BB%E3%81%AB%E7%B5%B6%E5%AF%BE%E5%90%88%E6%A0%BC%E3%81%97%E3%81%9F%E3%81%84%E4%BA%BA%E3%81%AE%E3%81%9F%E3%82%81%E3%81%AE%E5%95%8F%E9%A1%8C%E9%9B%86-%E7%AC%AC2%E7%89%88-%E2%94%80-%E9%9B%BB%E5%AD%90%E7%89%88%E4%BB%98/dp/4784947396/ref=sr_1_146?dib=eyJ2IjoiMSJ9.CAfFRpbHCS-E--cVkBxO-hLftVb_G-Ldvs8C2ZIKaniidcB7tq1FsbafEf8QaRpX6UzQPvO9ckzryGsY5azLYg.mRkKRt-Z8E1l20vRAun3DJtdviyW3YGaO5CgqglzxTM&dib_tag=se&m=ANBW5NGGTP7SK&marketplaceID=A39IBJ37TRP1C6&qid=1777190975&refinements=p_36%3A22500-23000&s=merchant-items&sr=1-146&xpid=bVtupK6-BH5Ck#customerReviews,内分泌専門医に絶対合格したい人のための問題集 第2版 ─ 電子版付 ─
4784947396,,,,
4784218289,Tankobon Hardcover,229.95,https://www.amazon.com.au/%E4%BC%9A%E6%B2%A2%E6%AD%A3%E5%BF%97%E6%96%8E%E6%9B%B8%E7%B0%A1%E9%9B%86/dp/4784218289/ref=sr_1_147?dib=eyJ2IjoiMSJ9.CAfFRpbHCS-E--cVkBxO-hLftVb_G-Ldvs8C2ZIKaniidcB7tq1FsbafEf8QaRpX6UzQPvO9ckzryGsY5azLYg.mRkKRt-Z8E1l20vRAun3DJtdviyW3YGaO5CgqglzxTM&dib_tag=se&m=ANBW5NGGTP7SK&marketplaceID=A39IBJ37TRP1C6&qid=1777190975&refinements=p_36%3A22500-23000&s=merchant-items&sr=1-147&xpid=bVtupK6-BH5Ck#customerReviews,会沢正志斎書簡集
4784218289,,,,
B0915NP3PW,,228.44,https://www.amazon.com.au/RIDEA-High-Performance-HR1-F100-147-05013/dp/B0915NP3PW/ref=sr_1_148?dib=eyJ2IjoiMSJ9.CAfFRpbHCS-E--cVkBxO-hLftVb_G-Ldvs8C2ZIKaniidcB7tq1FsbafEf8QaRpX6UzQPvO9ckzryGsY5azLYg.mRkKRt-Z8E1l20vRAun3DJtdviyW3YGaO5CgqglzxTM&dib_tag=se&m=ANBW5NGGTP7SK&marketplaceID=A39IBJ37TRP1C6&qid=1777190975&refinements=p_36%3A22500-23000&s=merchant-items&sr=1-148&xpid=bVtupK6-BH5Ck,RIDEA High Performance Hub HR1-F100/20 Red 147-05013
B0915NP3PW,,,,
4780307473,Tankobon Hardcover,229.7,https://www.amazon.com.au/%E7%9F%A5%E7%9A%84%E9%9A%9C%E5%AE%B3%E3%83%BB%E7%99%BA%E9%81%94%E9%9A%9C%E5%AE%B3%E3%81%AE%E3%81%82%E3%82%8B%E4%BA%BA%E3%81%B8%E3%81%AE%E5%90%88%E7%90%86%E7%9A%84%E9%85%8D%E6%85%AE/dp/4780307473/ref=sr_1_149?dib=eyJ2IjoiMSJ9.CAfFRpbHCS-E--cVkBxO-hLftVb_G-Ldvs8C2ZIKaniidcB7tq1FsbafEf8QaRpX6UzQPvO9ckzryGsY5azLYg.mRkKRt-Z8E1l20vRAun3DJtdviyW3YGaO5CgqglzxTM&dib_tag=se&m=ANBW5NGGTP7SK&marketplaceID=A39IBJ37TRP1C6&qid=1777190975&refinements=p_36%3A22500-23000&s=merchant-items&sr=1-149&xpid=bVtupK6-BH5Ck#customerReviews,知的障害・発達障害のある人への合理的配慮
4780307473,,,,
4772410724,Tankobon Hardcover,226.82,https://www.amazon.com.au/%E8%87%AA%E5%82%B7%E3%81%AE%E6%96%87%E5%8C%96%E7%B2%BE%E7%A5%9E%E5%8C%BB%E5%AD%A6_%E5%8C%85%E5%9B%B2%E3%81%95%E3%82%8C%E3%81%9F%E8%BA%AB%E4%BD%93/dp/4772410724/ref=sr_1_145?dib=eyJ2IjoiMSJ9.MkAqa3ijnyPdOyGCn4CdwY0lEqu_l1Bjk3l6JsES8r4LqaGygz7PliPUSPm9F-q_CcQNnOai2y5tv2QXgWyzMlaolgBP7uxklshf_mZ6i72i_ro2Bb50cN8zAfTkML4RIoFOPtjCEBwtN36Hvu5GmMZRdTfu8eZEe2DQyUuvEi0.T31CPRPPW2d7ZmsAU0-U9E1jhVaT7jtVYNoxRVrlOJU&dib_tag=se&m=ANBW5NGGTP7SK&marketplaceID=A39IBJ37TRP1C6&qid=1777190975&refinements=p_36%3A22500-23000&s=merchant-items&sr=1-145&xpid=bVtupK6-BH5Ck#customerReviews,自傷の文化精神医学―包囲された身体
4772410724,,,,
B0915M7YPC,,228.44,https://www.amazon.com.au/RIDEA-Performance-HR1-F100-Silver-147-05015/dp/B0915M7YPC/ref=sr_1_146?dib=eyJ2IjoiMSJ9.MkAqa3ijnyPdOyGCn4CdwY0lEqu_l1Bjk3l6JsES8r4LqaGygz7PliPUSPm9F-q_CcQNnOai2y5tv2QXgWyzMlaolgBP7uxklshf_mZ6i72i_ro2Bb50cN8zAfTkML4RIoFOPtjCEBwtN36Hvu5GmMZRdTfu8eZEe2DQyUuvEi0.T31CPRPPW2d7ZmsAU0-U9E1jhVaT7jtVYNoxRVrlOJU&dib_tag=se&m=ANBW5NGGTP7SK&marketplaceID=A39IBJ37TRP1C6&qid=1777190975&refinements=p_36%3A22500-23000&s=merchant-items&sr=1-146&xpid=bVtupK6-BH5Ck,RIDEA High Performance Hub HR1-F100/20 Silver 147-05015
B0915M7YPC,,,,
4772252649,Tankobon Hardcover,227.41,https://www.amazon.com.au/%E5%BB%BA%E8%A8%AD%E6%8A%80%E8%A1%93%E8%80%85%E3%81%AE%E3%81%9F%E3%82%81%E3%81%AE%E5%9C%B0%E5%BD%A2%E5%9B%B3%E8%AA%AD%E5%9B%B3%E5%85%A5%E9%96%80%E3%80%88%E7%AC%AC4%E5%B7%BB%E3%80%89%E7%81%AB%E5%B1%B1%E3%83%BB%E5%A4%89%E5%8B%95%E5%9C%B0%E5%BD%A2%E3%81%A8%E5%BF%9C%E7%94%A8%E8%AA%AD%E5%9B%B3-%E9%88%B4%E6%9C%A8-%E9%9A%86%E4%BB%8B/dp/4772252649/ref=sr_1_147?dib=eyJ2IjoiMSJ9.MkAqa3ijnyPdOyGCn4CdwY0lEqu_l1Bjk3l6JsES8r4LqaGygz7PliPUSPm9F-q_CcQNnOai2y5tv2QXgWyzMlaolgBP7uxklshf_mZ6i72i_ro2Bb50cN8zAfTkML4RIoFOPtjCEBwtN36Hvu5GmMZRdTfu8eZEe2DQyUuvEi0.T31CPRPPW2d7ZmsAU0-U9E1jhVaT7jtVYNoxRVrlOJU&dib_tag=se&m=ANBW5NGGTP7SK&marketplaceID=A39IBJ37TRP1C6&qid=1777190975&refinements=p_36%3A22500-23000&s=merchant-items&sr=1-147&xpid=bVtupK6-BH5Ck#customerReviews,建設技術者のための地形図読図入門〈第4巻〉火山・変動地形と応用読図
4772252649,,,,
4771905266,Tankobon Hardcover,229.41,https://www.amazon.com.au/%E7%B7%8A%E6%80%A5%E7%94%A3%E7%A7%91%E6%89%8B%E8%A1%93%E3%81%AE%E9%BA%BB%E9%85%94%E3%81%AB%E5%82%99%E3%81%88%E3%82%8B/dp/4771905266/ref=sr_1_148?dib=eyJ2IjoiMSJ9.MkAqa3ijnyPdOyGCn4CdwY0lEqu_l1Bjk3l6JsES8r4LqaGygz7PliPUSPm9F-q_CcQNnOai2y5tv2QXgWyzMlaolgBP7uxklshf_mZ6i72i_ro2Bb50cN8zAfTkML4RIoFOPtjCEBwtN36Hvu5GmMZRdTfu8eZEe2DQyUuvEi0.T31CPRPPW2d7ZmsAU0-U9E1jhVaT7jtVYNoxRVrlOJU&dib_tag=se&m=ANBW5NGGTP7SK&marketplaceID=A39IBJ37TRP1C6&qid=1777190975&refinements=p_36%3A22500-23000&s=merchant-items&sr=1-148&xpid=bVtupK6-BH5Ck,緊急産科手術の麻酔に備える
4771905266,,,,
B0915KNMNK,,226.75,https://www.amazon.com.au/RIDEA-Performance-HR1-F100-Black-147-40256/dp/B0915KNMNK/ref=sr_1_149?dib=eyJ2IjoiMSJ9.MkAqa3ijnyPdOyGCn4CdwY0lEqu_l1Bjk3l6JsES8r4LqaGygz7PliPUSPm9F-q_CcQNnOai2y5tv2QXgWyzMlaolgBP7uxklshf_mZ6i72i_ro2Bb50cN8zAfTkML4RIoFOPtjCEBwtN36Hvu5GmMZRdTfu8eZEe2DQyUuvEi0.T31CPRPPW2d7ZmsAU0-U9E1jhVaT7jtVYNoxRVrlOJU&dib_tag=se&m=ANBW5NGGTP7SK&marketplaceID=A39IBJ37TRP1C6&qid=1777190975&refinements=p_36%3A22500-23000&s=merchant-items&sr=1-149&xpid=bVtupK6-BH5Ck,RIDEA High Performance Hub HR1-F100/20 Black 147-40256
B0915KNMNK,,,,
4766425405,Hardcover,226.27,https://www.amazon.com.au/%E3%83%91%E3%83%BC%E3%82%BD%E3%83%8A%E3%83%AB%E3%83%95%E3%82%A1%E3%82%A4%E3%83%8A%E3%83%B3%E3%82%B9%E6%95%99%E8%82%B2%E3%81%AE%E7%90%86%E8%AB%96%E3%81%A8%E5%AE%9F%E8%A8%BC-%E5%A4%A7%E5%AD%A6%E7%94%9F%E3%81%AE%E6%B6%88%E8%B2%BB%E8%80%85%E5%B8%82%E6%B0%91%E5%8A%9B%E3%81%AE%E8%82%B2%E6%88%90-%E6%A9%8B%E9%95%B7-%E7%9C%9F%E7%B4%80%E5%AD%90/dp/4766425405/ref=sr_1_150?dib=eyJ2IjoiMSJ9.MkAqa3ijnyPdOyGCn4CdwY0lEqu_l1Bjk3l6JsES8r4LqaGygz7PliPUSPm9F-q_CcQNnOai2y5tv2QXgWyzMlaolgBP7uxklshf_mZ6i72i_ro2Bb50cN8zAfTkML4RIoFOPtjCEBwtN36Hvu5GmMZRdTfu8eZEe2DQyUuvEi0.T31CPRPPW2d7ZmsAU0-U9E1jhVaT7jtVYNoxRVrlOJU&dib_tag=se&m=ANBW5NGGTP7SK&marketplaceID=A39IBJ37TRP1C6&qid=1777190975&refinements=p_36%3A22500-23000&s=merchant-items&sr=1-150&xpid=bVtupK6-BH5Ck#customerReviews,パーソナルファイナンス教育の理論と実証:大学生の消費者市民力の育成
4766425405,,,,
4765318540,Tankobon Hardcover,225.53,https://www.amazon.com.au/%E5%B8%8C%E5%B0%91%E6%84%9F%E6%9F%93%E7%97%87%E3%81%AE%E3%82%A8%E3%83%93%E3%83%87%E3%83%B3%E3%82%B9%E3%81%A8%E8%87%A8%E5%BA%8A-%E4%BC%9D%E6%9F%93%E7%97%85%E4%BA%88%E9%98%B2%E6%B3%95%E3%81%8B%E3%82%89%E7%8F%BE%E8%A1%8C%E6%84%9F%E6%9F%93%E7%97%87%E6%B3%95%E3%81%BE%E3%81%A7-%E9%A7%92%E8%BE%BC%E7%97%85%E9%99%A244%E5%B9%B4%E9%96%93%E3%81%AE%E8%A8%98%E9%8C%B2/dp/4765318540/ref=sr_1_151?dib=eyJ2IjoiMSJ9.MkAqa3ijnyPdOyGCn4CdwY0lEqu_l1Bjk3l6JsES8r4LqaGygz7PliPUSPm9F-q_CcQNnOai2y5tv2QXgWyzMlaolgBP7uxklshf_mZ6i72i_ro2Bb50cN8zAfTkML4RIoFOPtjCEBwtN36Hvu5GmMZRdTfu8eZEe2DQyUuvEi0.T31CPRPPW2d7ZmsAU0-U9E1jhVaT7jtVYNoxRVrlOJU&dib_tag=se&m=ANBW5NGGTP7SK&marketplaceID=A39IBJ37TRP1C6&qid=1777190975&refinements=p_36%3A22500-23000&s=merchant-items&sr=1-151&xpid=bVtupK6-BH5Ck,希少感染症のエビデンスと臨床 ~伝染病予防法から現行感染症法まで 駒込病院44年間の記録~
4765318540,,,,
B0915KMZSM,,226.75,https://www.amazon.com.au/RIDEA-Performance-HR1-F100-Silver-147-06191/dp/B0915KMZSM/ref=sr_1_152?dib=eyJ2IjoiMSJ9.MkAqa3ijnyPdOyGCn4CdwY0lEqu_l1Bjk3l6JsES8r4LqaGygz7PliPUSPm9F-q_CcQNnOai2y5tv2QXgWyzMlaolgBP7uxklshf_mZ6i72i_ro2Bb50cN8zAfTkML4RIoFOPtjCEBwtN36Hvu5GmMZRdTfu8eZEe2DQyUuvEi0.T31CPRPPW2d7ZmsAU0-U9E1jhVaT7jtVYNoxRVrlOJU&dib_tag=se&m=ANBW5NGGTP7SK&marketplaceID=A39IBJ37TRP1C6&qid=1777190975&refinements=p_36%3A22500-23000&s=merchant-items&sr=1-152&xpid=bVtupK6-BH5Ck,RIDEA High Performance Hub HR1-F100/24 Silver 147-06191
B0915KMZSM,,,,
4765316173,Tankobon Hardcover,226.82,https://www.amazon.com.au/%E7%89%B9%E7%99%BA%E6%80%A7%E6%AD%A3%E5%B8%B8%E5%9C%A7%E6%B0%B4%E9%A0%AD%E7%97%87%E3%81%AE%E8%A8%BA%E7%99%82-%E7%9F%B3%E5%B7%9D%E6%AD%A3%E6%81%92/dp/4765316173/ref=sr_1_153?dib=eyJ2IjoiMSJ9.MkAqa3ijnyPdOyGCn4CdwY0lEqu_l1Bjk3l6JsES8r4LqaGygz7PliPUSPm9F-q_CcQNnOai2y5tv2QXgWyzMlaolgBP7uxklshf_mZ6i72i_ro2Bb50cN8zAfTkML4RIoFOPtjCEBwtN36Hvu5GmMZRdTfu8eZEe2DQyUuvEi0.T31CPRPPW2d7ZmsAU0-U9E1jhVaT7jtVYNoxRVrlOJU&dib_tag=se&m=ANBW5NGGTP7SK&marketplaceID=A39IBJ37TRP1C6&qid=1777190975&refinements=p_36%3A22500-23000&s=merchant-items&sr=1-153&xpid=bVtupK6-BH5Ck#customerReviews,特発性正常圧水頭症の診療
4765316173,,,,
4760131892,Tankobon Hardcover,227.21,https://www.amazon.com.au/%E5%B0%8F%E5%A0%80%E9%81%A0%E5%B7%9E%E3%81%AE%E8%8C%B6%E4%BC%9A/dp/4760131892/ref=sr_1_154?dib=eyJ2IjoiMSJ9.MkAqa3ijnyPdOyGCn4CdwY0lEqu_l1Bjk3l6JsES8r4LqaGygz7PliPUSPm9F-q_CcQNnOai2y5tv2QXgWyzMlaolgBP7uxklshf_mZ6i72i_ro2Bb50cN8zAfTkML4RIoFOPtjCEBwtN36Hvu5GmMZRdTfu8eZEe2DQyUuvEi0.T31CPRPPW2d7ZmsAU0-U9E1jhVaT7jtVYNoxRVrlOJU&dib_tag=se&m=ANBW5NGGTP7SK&marketplaceID=A39IBJ37TRP1C6&qid=1777190975&refinements=p_36%3A22500-23000&s=merchant-items&sr=1-154&xpid=bVtupK6-BH5Ck#customerReviews,小堀遠州の茶会
4760131892,,,,
B0915KDDCZ,,226.75,https://www.amazon.com.au/RIDEA-High-Performance-HR1-F100-147-06196/dp/B0915KDDCZ/ref=sr_1_155?dib=eyJ2IjoiMSJ9.MkAqa3ijnyPdOyGCn4CdwY0lEqu_l1Bjk3l6JsES8r4LqaGygz7PliPUSPm9F-q_CcQNnOai2y5tv2QXgWyzMlaolgBP7uxklshf_mZ6i72i_ro2Bb50cN8zAfTkML4RIoFOPtjCEBwtN36Hvu5GmMZRdTfu8eZEe2DQyUuvEi0.T31CPRPPW2d7ZmsAU0-U9E1jhVaT7jtVYNoxRVrlOJU&dib_tag=se&m=ANBW5NGGTP7SK&marketplaceID=A39IBJ37TRP1C6&qid=1777190975&refinements=p_36%3A22500-23000&s=merchant-items&sr=1-155&xpid=bVtupK6-BH5Ck,RIDEA High Performance Hub HR1-F100/24 Red 147-06196
B0915KDDCZ,,,,
4759910476,Paperback,227.52,https://www.amazon.com.au/%E6%AD%B4%E5%8F%B2%E7%89%A9%E8%AA%9E%E8%AC%9B%E5%BA%A7%E3%80%88%E7%AC%AC6%E5%B7%BB%E3%80%89%E5%A2%97%E9%8F%A1/dp/4759910476/ref=sr_1_161?dib=eyJ2IjoiMSJ9.8zuKXcpKsYpgS3ka0loR2JhpLuK7zqyvxM6r10BULauvIgJqRGrNeREc9DnmzklJjo74uIIx-tAMF-3cmXwXFA.SbdIsoW20oTOly0mucSF0bfdZDR10i1oCdMddAxFCzg&dib_tag=se&m=ANBW5NGGTP7SK&marketplaceID=A39IBJ37TRP1C6&qid=1777190981&refinements=p_36%3A22500-23000&s=merchant-items&sr=1-161&xpid=bVtupK6-BH5Ck,歴史物語講座〈第6巻〉増鏡
4759910476,,,,
4758320829,Tankobon Hardcover,227.41,https://www.amazon.com.au/%E9%81%8B%E5%8B%95%E7%99%82%E6%B3%95%E3%81%AB%E5%BD%B9%E7%AB%8B%E3%81%A4%E5%8D%98%E7%B4%94X%E7%B7%9A%E5%83%8F%E3%81%AE%E8%AA%AD%E3%81%BF%E6%96%B9-%E6%94%B9%E8%A8%82%E7%AC%AC2%E7%89%88-%E6%B5%85%E9%87%8E-%E6%98%AD%E8%A3%95/dp/4758320829/ref=sr_1_162?dib=eyJ2IjoiMSJ9.8zuKXcpKsYpgS3ka0loR2JhpLuK7zqyvxM6r10BULauvIgJqRGrNeREc9DnmzklJjo74uIIx-tAMF-3cmXwXFA.SbdIsoW20oTOly0mucSF0bfdZDR10i1oCdMddAxFCzg&dib_tag=se&m=ANBW5NGGTP7SK&marketplaceID=A39IBJ37TRP1C6&qid=1777190981&refinements=p_36%3A22500-23000&s=merchant-items&sr=1-162&xpid=bVtupK6-BH5Ck#customerReviews,運動療法に役立つ単純X線像の読み方−改訂第2版
4758320829,,,,
B0CSXQX1LF,,226.94,https://www.amazon.com.au/Daiwa-Light-Game-Bait-Counter/dp/B0CSXQX1LF/ref=sr_1_163?dib=eyJ2IjoiMSJ9.8zuKXcpKsYpgS3ka0loR2JhpLuK7zqyvxM6r10BULauvIgJqRGrNeREc9DnmzklJjo74uIIx-tAMF-3cmXwXFA.SbdIsoW20oTOly0mucSF0bfdZDR10i1oCdMddAxFCzg&dib_tag=se&m=ANBW5NGGTP7SK&marketplaceID=A39IBJ37TRP1C6&qid=1777190981&refinements=p_36%3A22500-23000&s=merchant-items&sr=1-163&xpid=bVtupK6-BH5Ck#customerReviews,"Daiwa Light Game X IC 150/200 Bait Reel with Counter, Single Handle/Double Handle, Various (2024 Model)"
B0CSXQX1LF,,,,
4758320756,Tankobon Hardcover,226.82,https://www.amazon.com.au/%E6%A0%B9%E6%8B%A0%E3%81%82%E3%82%8B%E6%B2%BB%E7%99%82%E3%81%AE%E9%81%B8%E6%8A%9E%E8%82%A2%E3%81%8C%E5%A2%97%E3%81%88%E3%82%8B%EF%BC%81-%E9%81%8B%E5%8B%95%E5%99%A8%E9%9A%9C%E5%AE%B3%E3%81%AE%E5%A4%9A%E8%A7%92%E7%9A%84%E3%82%A2%E3%83%97%E3%83%AD%E3%83%BC%E3%83%81%EF%BC%BBWeb%E5%8B%95%E7%94%BB%E4%BB%98%EF%BC%BD-%E5%85%B8%E5%9E%8B%E7%97%87%E4%BE%8B%E3%81%8B%E3%82%89%E5%AD%A6%E3%81%B6%E9%81%8B%E5%8B%95%E7%99%82%E6%B3%95%E3%83%BB%E5%BE%92%E6%89%8B%E7%99%82%E6%B3%95%E3%83%BB%E7%89%A9%E7%90%86%E7%99%82%E6%B3%95%E3%83%BB%E8%A3%85%E5%85%B7%E7%99%82%E6%B3%95%E3%81%AE%E5%AE%9F%E8%B7%B5/dp/4758320756/ref=sr_1_164?dib=eyJ2IjoiMSJ9.8zuKXcpKsYpgS3ka0loR2JhpLuK7zqyvxM6r10BULauvIgJqRGrNeREc9DnmzklJjo74uIIx-tAMF-3cmXwXFA.SbdIsoW20oTOly0mucSF0bfdZDR10i1oCdMddAxFCzg&dib_tag=se&m=ANBW5NGGTP7SK&marketplaceID=A39IBJ37TRP1C6&qid=1777190981&refinements=p_36%3A22500-23000&s=merchant-items&sr=1-164&xpid=bVtupK6-BH5Ck#customerReviews,根拠ある治療の選択肢が増える！　運動器障害の多角的アプローチ［Web動画付］−典型症例から学ぶ運動療法・徒手療法・物理療法・装具療法の実践
4758320756,,,,
4758320349,Tankobon Hardcover,226.82,https://www.amazon.com.au/Dr-%E3%81%AE%E3%81%BB%E3%81%97%E3%81%84%E7%94%BB%E5%83%8F%E3%81%8C%E6%92%AE%E3%82%8C%E3%82%8B-%E3%82%AA%E3%83%BC%E3%83%80%E3%83%BC%E3%81%AE%E8%A7%A3%E9%87%88%E3%81%A8%E6%92%AE%E5%BD%B1%E3%83%BB%E6%92%AE%E5%83%8F%E6%8A%80%E8%A1%93-%E5%9B%9B%E8%82%A2%E3%83%BB%E4%BD%93%E5%B9%B9/dp/4758320349/ref=sr_1_165?dib=eyJ2IjoiMSJ9.8zuKXcpKsYpgS3ka0loR2JhpLuK7zqyvxM6r10BULauvIgJqRGrNeREc9DnmzklJjo74uIIx-tAMF-3cmXwXFA.SbdIsoW20oTOly0mucSF0bfdZDR10i1oCdMddAxFCzg&dib_tag=se&m=ANBW5NGGTP7SK&marketplaceID=A39IBJ37TRP1C6&qid=1777190981&refinements=p_36%3A22500-23000&s=merchant-items&sr=1-165&xpid=bVtupK6-BH5Ck#customerReviews,Dr.のほしい画像が撮れる! オーダーの解釈と撮影・撮像技術 四肢・体幹
4758320349,,,,
B00TQA35H0,,225.99,https://www.amazon.com.au/%E3%83%80%E3%82%A4%E3%83%AF-DAIWA-AX-700S-Daiwa-Tomoshu/dp/B00TQA35H0/ref=sr_1_161?dib=eyJ2IjoiMSJ9._Kn3PQlu9kYlLpnfglmJyLK63InBOHWj2KZUYDarofcP4dn2HsErTph0H_tKsau3D92OVkLeStrBHEV1WWVvmT3kxjGo92IPlp7C221i0OBaanklIzOaFHqJpat2J1aPKzIDciiYzqCGsfaS5f4cSb9EGhnTRTVZmlb4Op_xHa4.ZVkxM9TYsRE2qZNZHfg2C6F7OLF-6nNOE-dLH2nEPPQ&dib_tag=se&m=ANBW5NGGTP7SK&marketplaceID=A39IBJ37TRP1C6&qid=1777190981&refinements=p_36%3A22500-23000&s=merchant-items&sr=1-161&xpid=bVtupK6-BH5Ck#customerReviews,Daiwa AX-700S Tomoshu Red
B00TQA35H0,,,,
4758319596,Tankobon Hardcover,226.04,https://www.amazon.com.au/%E3%81%93%E3%82%8C%E3%81%8B%E3%82%89%E5%A7%8B%E3%82%81%E3%82%8BPCI-%E6%94%B9%E8%A8%82%E7%AC%AC2%E7%89%88/dp/4758319596/ref=sr_1_162?dib=eyJ2IjoiMSJ9._Kn3PQlu9kYlLpnfglmJyLK63InBOHWj2KZUYDarofcP4dn2HsErTph0H_tKsau3D92OVkLeStrBHEV1WWVvmT3kxjGo92IPlp7C221i0OBaanklIzOaFHqJpat2J1aPKzIDciiYzqCGsfaS5f4cSb9EGhnTRTVZmlb4Op_xHa4.ZVkxM9TYsRE2qZNZHfg2C6F7OLF-6nNOE-dLH2nEPPQ&dib_tag=se&m=ANBW5NGGTP7SK&marketplaceID=A39IBJ37TRP1C6&qid=1777190981&refinements=p_36%3A22500-23000&s=merchant-items&sr=1-162&xpid=bVtupK6-BH5Ck#customerReviews,これから始めるPCI 改訂第2版
4758319596,,,,
4758317550,Tankobon Hardcover,227.66,https://www.amazon.com.au/%E9%95%B7%E9%87%8E%E7%9C%8C%E7%AB%8B%E3%81%93%E3%81%A9%E3%82%82%E7%97%85%E9%99%A2%E6%96%B9%E5%BC%8F-%E8%B6%85%E4%BD%8E%E5%87%BA%E7%94%9F%E4%BD%93%E9%87%8D%E5%85%90%E3%81%AE%E7%AE%A1%E7%90%86%E3%83%9E%E3%83%8B%E3%83%A5%E3%82%A2%E3%83%AB/dp/4758317550/ref=sr_1_163?dib=eyJ2IjoiMSJ9._Kn3PQlu9kYlLpnfglmJyLK63InBOHWj2KZUYDarofcP4dn2HsErTph0H_tKsau3D92OVkLeStrBHEV1WWVvmT3kxjGo92IPlp7C221i0OBaanklIzOaFHqJpat2J1aPKzIDciiYzqCGsfaS5f4cSb9EGhnTRTVZmlb4Op_xHa4.ZVkxM9TYsRE2qZNZHfg2C6F7OLF-6nNOE-dLH2nEPPQ&dib_tag=se&m=ANBW5NGGTP7SK&marketplaceID=A39IBJ37TRP1C6&qid=1777190981&refinements=p_36%3A22500-23000&s=merchant-items&sr=1-163&xpid=bVtupK6-BH5Ck#customerReviews,長野県立こども病院方式 超低出生体重児の管理マニュアル
4758317550,,,,
B000H328Q4,,232.54,https://www.amazon.com.au/Spaceship-Yamato-Mechanic-File/dp/B000H328Q4/ref=sr_1_164?dib=eyJ2IjoiMSJ9._Kn3PQlu9kYlLpnfglmJyLK63InBOHWj2KZUYDarofcP4dn2HsErTph0H_tKsau3D92OVkLeStrBHEV1WWVvmT3kxjGo92IPlp7C221i0OBaanklIzOaFHqJpat2J1aPKzIDciiYzqCGsfaS5f4cSb9EGhnTRTVZmlb4Op_xHa4.ZVkxM9TYsRE2qZNZHfg2C6F7OLF-6nNOE-dLH2nEPPQ&dib_tag=se&m=ANBW5NGGTP7SK&marketplaceID=A39IBJ37TRP1C6&qid=1777190981&refinements=p_36%3A22500-23000&s=merchant-items&sr=1-164&xpid=bVtupK6-BH5Ck#customerReviews,Spaceship Yamato Mechanic File
B000H328Q4,,,,
4758316341,Tankobon Hardcover,227.43,https://www.amazon.com.au/%E7%B6%B2%E8%86%9C%E8%A8%BA%E7%99%82%E3%82%AF%E3%83%AD%E3%83%BC%E3%82%BA%E3%82%A2%E3%83%83%E3%83%97-%E6%94%B9%E8%A8%82%E7%AC%AC2%E7%89%88-%E6%9F%B3-%E9%9D%96%E9%9B%84/dp/4758316341/ref=sr_1_165?dib=eyJ2IjoiMSJ9._Kn3PQlu9kYlLpnfglmJyLK63InBOHWj2KZUYDarofcP4dn2HsErTph0H_tKsau3D92OVkLeStrBHEV1WWVvmT3kxjGo92IPlp7C221i0OBaanklIzOaFHqJpat2J1aPKzIDciiYzqCGsfaS5f4cSb9EGhnTRTVZmlb4Op_xHa4.ZVkxM9TYsRE2qZNZHfg2C6F7OLF-6nNOE-dLH2nEPPQ&dib_tag=se&m=ANBW5NGGTP7SK&marketplaceID=A39IBJ37TRP1C6&qid=1777190981&refinements=p_36%3A22500-23000&s=merchant-items&sr=1-165&xpid=bVtupK6-BH5Ck#customerReviews,網膜診療クローズアップ　改訂第2版
4758316341,,,,
4758314608,Tankobon Hardcover,225.78,https://www.amazon.com.au/%E6%9F%94%E9%81%93%E6%95%B4%E5%BE%A9%E5%B8%AB-%E3%82%A4%E3%82%A8%E3%83%AD%E3%83%BC%E3%83%BB%E3%83%8E%E3%83%BC%E3%83%88-%E8%87%A8%E5%BA%8A%E7%B7%A8/dp/4758314608/ref=sr_1_166?dib=eyJ2IjoiMSJ9._Kn3PQlu9kYlLpnfglmJyLK63InBOHWj2KZUYDarofcP4dn2HsErTph0H_tKsau3D92OVkLeStrBHEV1WWVvmT3kxjGo92IPlp7C221i0OBaanklIzOaFHqJpat2J1aPKzIDciiYzqCGsfaS5f4cSb9EGhnTRTVZmlb4Op_xHa4.ZVkxM9TYsRE2qZNZHfg2C6F7OLF-6nNOE-dLH2nEPPQ&dib_tag=se&m=ANBW5NGGTP7SK&marketplaceID=A39IBJ37TRP1C6&qid=1777190981&refinements=p_36%3A22500-23000&s=merchant-items&sr=1-166&xpid=bVtupK6-BH5Ck#customerReviews,柔道整復師 イエロー・ノート 臨床編
4758314608,,,,
B00FYO08OK,,227.28,https://www.amazon.com.au/Magical-Madoka-Magica-Special-Assortment/dp/B00FYO08OK/ref=sr_1_167?dib=eyJ2IjoiMSJ9._Kn3PQlu9kYlLpnfglmJyLK63InBOHWj2KZUYDarofcP4dn2HsErTph0H_tKsau3D92OVkLeStrBHEV1WWVvmT3kxjGo92IPlp7C221i0OBaanklIzOaFHqJpat2J1aPKzIDciiYzqCGsfaS5f4cSb9EGhnTRTVZmlb4Op_xHa4.ZVkxM9TYsRE2qZNZHfg2C6F7OLF-6nNOE-dLH2nEPPQ&dib_tag=se&m=ANBW5NGGTP7SK&marketplaceID=A39IBJ37TRP1C6&qid=1777190981&refinements=p_36%3A22500-23000&s=merchant-items&sr=1-167&xpid=bVtupK6-BH5Ck#customerReviews,Magical Girl Madoka ? Magica Special SQ Figure Assortment Kaname Madoka single item
4758313938,Tankobon Hardcover,228.75,https://www.amazon.com.au/%E8%84%8A%E6%A4%8E%E6%89%8B%E8%A1%93%E3%81%A8%E5%90%88%E4%BD%B5%E7%97%87-%E5%9B%9E%E9%81%BF%E3%81%AE%E6%8A%80%E3%81%A8%E3%83%88%E3%83%A9%E3%83%96%E3%83%AB%E3%82%B7%E3%83%A5%E3%83%BC%E3%83%86%E3%82%A3%E3%83%B3%E3%82%B0-OS-NEXUS-%E9%9B%BB%E5%AD%90%E7%89%88%E4%BB%98%E3%81%8D/dp/4758313938/ref=sr_1_168?dib=eyJ2IjoiMSJ9._Kn3PQlu9kYlLpnfglmJyLK63InBOHWj2KZUYDarofcP4dn2HsErTph0H_tKsau3D92OVkLeStrBHEV1WWVvmT3kxjGo92IPlp7C221i0OBaanklIzOaFHqJpat2J1aPKzIDciiYzqCGsfaS5f4cSb9EGhnTRTVZmlb4Op_xHa4.ZVkxM9TYsRE2qZNZHfg2C6F7OLF-6nNOE-dLH2nEPPQ&dib_tag=se&m=ANBW5NGGTP7SK&marketplaceID=A39IBJ37TRP1C6&qid=1777190981&refinements=p_36%3A22500-23000&s=merchant-items&sr=1-168&xpid=bVtupK6-BH5Ck#customerReviews,脊椎手術と合併症 回避の技とトラブルシューティング (OS NEXUS(電子版付き) 14)
4758313938,,,,
4758313814,Tankobon Hardcover,227.96,https://www.amazon.com.au/%E9%A0%9A%E6%A4%8E%E3%83%BB%E8%85%B0%E6%A4%8E%E3%81%AE%E5%BE%8C%E6%96%B9%E9%99%A4%E5%9C%A7%E8%A1%93-OS-NEXUS%EF%BC%88%E9%9B%BB%E5%AD%90%E7%89%88%E4%BB%98%E3%81%8D%EF%BC%89-2/dp/4758313814/ref=sr_1_169?dib=eyJ2IjoiMSJ9._Kn3PQlu9kYlLpnfglmJyLK63InBOHWj2KZUYDarofcP4dn2HsErTph0H_tKsau3D92OVkLeStrBHEV1WWVvmT3kxjGo92IPlp7C221i0OBaanklIzOaFHqJpat2J1aPKzIDciiYzqCGsfaS5f4cSb9EGhnTRTVZmlb4Op_xHa4.ZVkxM9TYsRE2qZNZHfg2C6F7OLF-6nNOE-dLH2nEPPQ&dib_tag=se&m=ANBW5NGGTP7SK&marketplaceID=A39IBJ37TRP1C6&qid=1777190981&refinements=p_36%3A22500-23000&s=merchant-items&sr=1-169&xpid=bVtupK6-BH5Ck#customerReviews,頚椎・腰椎の後方除圧術 (OS NEXUS（電子版付き） 2)
4758313814,,,,
B09RQHW8C6,,228.28,https://www.amazon.com.au/GU1000X-Coolline-Fishing-Outdoors-Camping/dp/B09RQHW8C6/ref=sr_1_170?dib=eyJ2IjoiMSJ9._Kn3PQlu9kYlLpnfglmJyLK63InBOHWj2KZUYDarofcP4dn2HsErTph0H_tKsau3D92OVkLeStrBHEV1WWVvmT3kxjGo92IPlp7C221i0OBaanklIzOaFHqJpat2J1aPKzIDciiYzqCGsfaS5f4cSb9EGhnTRTVZmlb4Op_xHa4.ZVkxM9TYsRE2qZNZHfg2C6F7OLF-6nNOE-dLH2nEPPQ&dib_tag=se&m=ANBW5NGGTP7SK&marketplaceID=A39IBJ37TRP1C6&qid=1777190981&refinements=p_36%3A22500-23000&s=merchant-items&sr=1-170&xpid=bVtupK6-BH5Ck#customerReviews,DAIWA Cool Line α3 Outdoor Camping Fishing 3.2 gal (10 L–25 L) Various
B09RQHW8C6,,,,
475831330X,Tankobon Hardcover,225.69,https://www.amazon.com.au/Laparoscopic-Surgery-Urologic-Next/dp/475831330X/ref=sr_1_171?dib=eyJ2IjoiMSJ9._Kn3PQlu9kYlLpnfglmJyLK63InBOHWj2KZUYDarofcP4dn2HsErTph0H_tKsau3D92OVkLeStrBHEV1WWVvmT3kxjGo92IPlp7C221i0OBaanklIzOaFHqJpat2J1aPKzIDciiYzqCGsfaS5f4cSb9EGhnTRTVZmlb4Op_xHa4.ZVkxM9TYsRE2qZNZHfg2C6F7OLF-6nNOE-dLH2nEPPQ&dib_tag=se&m=ANBW5NGGTP7SK&marketplaceID=A39IBJ37TRP1C6&qid=1777190981&refinements=p_36%3A22500-23000&s=merchant-items&sr=1-171&xpid=bVtupK6-BH5Ck#customerReviews,腹腔鏡手術 (Urologic Surgery Next 1)
475831330X,,,,
4758311722,Tankobon Hardcover,229.28,https://www.amazon.com.au/IBD-%E7%82%8E%E7%97%87%E6%80%A7%E8%85%B8%E7%96%BE%E6%82%A3-%E3%82%92%E7%A9%B6%E3%82%81%E3%82%8B/dp/4758311722/ref=sr_1_177?dib=eyJ2IjoiMSJ9.DPv-Iu2pdSIcbNHXVAgzAyttMwNIMG3IbbSMkyAuEXiJO4MWc423ikN91yRcwbWjfeVdouaJsIc7T-vyYv4CDw.7DHTlYQenoClvU0gc5OKz3jYbRTnyg6_SlR_uau42Jc&dib_tag=se&m=ANBW5NGGTP7SK&marketplaceID=A39IBJ37TRP1C6&qid=1777190987&refinements=p_36%3A22500-23000&s=merchant-items&sr=1-177&xpid=bVtupK6-BH5Ck#customerReviews,IBD(炎症性腸疾患)を究める
4758311722,,,,
B09RQG7Q7K,,228.57,https://www.amazon.com.au/GU1000X-Coolline-Fishing-Outdoors-Camping/dp/B09RQG7Q7K/ref=sr_1_178?dib=eyJ2IjoiMSJ9.DPv-Iu2pdSIcbNHXVAgzAyttMwNIMG3IbbSMkyAuEXiJO4MWc423ikN91yRcwbWjfeVdouaJsIc7T-vyYv4CDw.7DHTlYQenoClvU0gc5OKz3jYbRTnyg6_SlR_uau42Jc&dib_tag=se&m=ANBW5NGGTP7SK&marketplaceID=A39IBJ37TRP1C6&qid=1777190987&refinements=p_36%3A22500-23000&s=merchant-items&sr=1-178&xpid=bVtupK6-BH5Ck#customerReviews,DAIWA Cool Line α3 Outdoor Camping Fishing 3.2 gal (10 L–25 L) Various
B09RQG7Q7K,,,,
4758311269,Tankobon Hardcover,227.2,https://www.amazon.com.au/%E7%90%86%E5%AD%A6%E7%99%82%E6%B3%95%E5%A3%AB-%E3%82%A4%E3%82%A8%E3%83%AD%E3%83%BC%E3%83%BB%E3%83%8E%E3%83%BC%E3%83%88-%E5%B0%82%E9%96%80%E7%B7%A8/dp/4758311269/ref=sr_1_179?dib=eyJ2IjoiMSJ9.DPv-Iu2pdSIcbNHXVAgzAyttMwNIMG3IbbSMkyAuEXiJO4MWc423ikN91yRcwbWjfeVdouaJsIc7T-vyYv4CDw.7DHTlYQenoClvU0gc5OKz3jYbRTnyg6_SlR_uau42Jc&dib_tag=se&m=ANBW5NGGTP7SK&marketplaceID=A39IBJ37TRP1C6&qid=1777190987&refinements=p_36%3A22500-23000&s=merchant-items&sr=1-179&xpid=bVtupK6-BH5Ck#customerReviews,理学療法士 イエロー・ノート 専門編
4758311269,,,,
4753601625,Tankobon Hardcover,227.66,https://www.amazon.com.au/%E4%BB%A3%E6%95%B0%E5%AD%A6-%E6%94%B9%E8%A8%82%E6%96%B0%E7%B7%A8-%E7%AC%AC2%E5%B7%BB-%E8%97%A4%E5%8E%9F-%E6%9D%BE%E4%B8%89%E9%83%8E/dp/4753601625/ref=sr_1_180?dib=eyJ2IjoiMSJ9.DPv-Iu2pdSIcbNHXVAgzAyttMwNIMG3IbbSMkyAuEXiJO4MWc423ikN91yRcwbWjfeVdouaJsIc7T-vyYv4CDw.7DHTlYQenoClvU0gc5OKz3jYbRTnyg6_SlR_uau42Jc&dib_tag=se&m=ANBW5NGGTP7SK&marketplaceID=A39IBJ37TRP1C6&qid=1777190987&refinements=p_36%3A22500-23000&s=merchant-items&sr=1-180&xpid=bVtupK6-BH5Ck#customerReviews,代数学 改訂新編 第2巻
4753601625,,,,
B09DCSM6Y9,,228.63,https://www.amazon.com.au/Pressfit-Ceramic-Bearing-Bottom-Bracket/dp/B09DCSM6Y9/ref=sr_1_181?dib=eyJ2IjoiMSJ9.DPv-Iu2pdSIcbNHXVAgzAyttMwNIMG3IbbSMkyAuEXiJO4MWc423ikN91yRcwbWjfeVdouaJsIc7T-vyYv4CDw.7DHTlYQenoClvU0gc5OKz3jYbRTnyg6_SlR_uau42Jc&dib_tag=se&m=ANBW5NGGTP7SK&marketplaceID=A39IBJ37TRP1C6&qid=1777190987&refinements=p_36%3A22500-23000&s=merchant-items&sr=1-181&xpid=bVtupK6-BH5Ck,TNI Pressfit BB30 Ceramic Bearing Bottom Bracket
B09DCSM6Y9,,,,
475034706X,Tankobon Hardcover,227.74,https://www.amazon.com.au/%E5%B9%B8%E7%A6%8F%E3%81%AE%E6%99%BA%E6%81%B5-%E3%82%AF%E3%82%BF%E3%83%89%E3%82%A5%E3%82%B0%E3%83%BB%E3%83%93%E3%83%AA%E3%82%B0__%E3%83%86%E3%83%A5%E3%83%AB%E3%82%AF%E6%B0%91%E6%97%8F%E3%81%AE%E9%95%B7%E7%B7%A8%E7%89%A9%E8%AA%9E%E8%A9%A9-%E3%83%A6%E3%83%BC%E3%82%B9%E3%83%95%E3%83%BB%E3%83%8F%E3%83%BC%E3%82%B9%E3%83%BB%E3%83%8F%E3%83%BC%E3%82%B8%E3%83%96/dp/475034706X/ref=sr_1_177?dib=eyJ2IjoiMSJ9.pZMVqTU7OWvhfFXvSu38voZsHgXa-6MT3k7zGbWtZKc0M-cc5FMi3MFhNFjtBqSVNwyda0lcghM0hE46DHUoY9LjXls4_AcS9efmobgUtrR-2r8Etl_zLO06jnBYv9tQ2UKBVjvObj3bcyIYYvv1-PUEjXq4dOX5x3UrxoztCcQ.LDWqL1iMgIcLUoPecEtfYHStZKtHGM5AHk4s06QRF7g&dib_tag=se&m=ANBW5NGGTP7SK&marketplaceID=A39IBJ37TRP1C6&qid=1777190987&refinements=p_36%3A22500-23000&s=merchant-items&sr=1-177&xpid=bVtupK6-BH5Ck#customerReviews,幸福の智恵 クタドゥグ・ビリグ――テュルク民族の長編物語詩
475034706X,,,,
4750339474,Tankobon Hardcover,225.72,https://www.amazon.com.au/%E3%82%A2%E3%83%B3%E3%83%87%E3%82%B9%E3%81%AE%E9%83%BD%E5%B8%82%E7%A5%AD%E7%A4%BC-%E5%8F%A3%E6%89%BF%E3%83%BB%E7%84%A1%E5%BD%A2%E6%96%87%E5%8C%96%E9%81%BA%E7%94%A3%E3%80%8C%E3%82%AA%E3%83%AB%E3%83%AD%E3%81%AE%E3%82%AB%E3%83%BC%E3%83%8B%E3%83%90%E3%83%AB%E3%80%8D%E3%81%AE%E5%AD%A6%E9%9A%9B%E7%9A%84%E7%A0%94%E7%A9%B6-%E5%85%92%E5%B3%B6-%E5%B3%B0/dp/4750339474/ref=sr_1_178?dib=eyJ2IjoiMSJ9.pZMVqTU7OWvhfFXvSu38voZsHgXa-6MT3k7zGbWtZKc0M-cc5FMi3MFhNFjtBqSVNwyda0lcghM0hE46DHUoY9LjXls4_AcS9efmobgUtrR-2r8Etl_zLO06jnBYv9tQ2UKBVjvObj3bcyIYYvv1-PUEjXq4dOX5x3UrxoztCcQ.LDWqL1iMgIcLUoPecEtfYHStZKtHGM5AHk4s06QRF7g&dib_tag=se&m=ANBW5NGGTP7SK&marketplaceID=A39IBJ37TRP1C6&qid=1777190987&refinements=p_36%3A22500-23000&s=merchant-items&sr=1-178&xpid=bVtupK6-BH5Ck#customerReviews,アンデスの都市祭礼 -口承・無形文化遺産「オルロのカーニバル」の学際的研究-
4750339474,,,,
B08N7KD7V4,,227.57,https://www.amazon.com.au/Passage-IDOLMASTER-CHIERI-OGATA-FAIRY/dp/B08N7KD7V4/ref=sr_1_179?dib=eyJ2IjoiMSJ9.pZMVqTU7OWvhfFXvSu38voZsHgXa-6MT3k7zGbWtZKc0M-cc5FMi3MFhNFjtBqSVNwyda0lcghM0hE46DHUoY9LjXls4_AcS9efmobgUtrR-2r8Etl_zLO06jnBYv9tQ2UKBVjvObj3bcyIYYvv1-PUEjXq4dOX5x3UrxoztCcQ.LDWqL1iMgIcLUoPecEtfYHStZKtHGM5AHk4s06QRF7g&dib_tag=se&m=ANBW5NGGTP7SK&marketplaceID=A39IBJ37TRP1C6&qid=1777190987&refinements=p_36%3A22500-23000&s=merchant-items&sr=1-179&xpid=bVtupK6-BH5Ck,Passage - IDOLMASTER CG CHIERI OGATA My Fairy Tale 1/8 PVC F
4750336246,Tankobon Hardcover,227.66,https://www.amazon.com.au/%E6%88%A6%E5%BE%8C%E5%A5%B3%E5%AD%90%E5%8A%B4%E5%83%8D%E5%8F%B2%E8%AB%96-%E7%AB%B9%E4%B8%AD%E6%81%B5%E7%BE%8E%E5%AD%90%E8%91%97%E4%BD%9C%E9%9B%86II/dp/4750336246/ref=sr_1_180?dib=eyJ2IjoiMSJ9.pZMVqTU7OWvhfFXvSu38voZsHgXa-6MT3k7zGbWtZKc0M-cc5FMi3MFhNFjtBqSVNwyda0lcghM0hE46DHUoY9LjXls4_AcS9efmobgUtrR-2r8Etl_zLO06jnBYv9tQ2UKBVjvObj3bcyIYYvv1-PUEjXq4dOX5x3UrxoztCcQ.LDWqL1iMgIcLUoPecEtfYHStZKtHGM5AHk4s06QRF7g&dib_tag=se&m=ANBW5NGGTP7SK&marketplaceID=A39IBJ37TRP1C6&qid=1777190987&refinements=p_36%3A22500-23000&s=merchant-items&sr=1-180&xpid=bVtupK6-BH5Ck,戦後女子労働史論 (竹中恵美子著作集II): 2
4750336246,,,,
4641164827,Tankobon Hardcover,226.82,https://www.amazon.com.au/%E3%82%B3%E3%83%9F%E3%83%A5%E3%83%8B%E3%83%86%E3%82%A3%E3%83%BC%E3%83%BB%E3%82%AD%E3%83%A3%E3%83%94%E3%82%BF%E3%83%AB-%E4%B8%AD%E5%9B%BD%E3%83%BB%E6%B8%A9%E5%B7%9E%E4%BC%81%E6%A5%AD%E5%AE%B6%E3%83%8D%E3%83%83%E3%83%88%E3%83%AF%E3%83%BC%E3%82%AF%E3%81%AE%E7%B9%81%E6%A0%84%E3%81%A8%E9%99%90%E7%95%8C-%E8%A5%BF%E5%8F%A3-%E6%95%8F%E5%AE%8F/dp/4641164827/ref=sr_1_181?dib=eyJ2IjoiMSJ9.pZMVqTU7OWvhfFXvSu38voZsHgXa-6MT3k7zGbWtZKc0M-cc5FMi3MFhNFjtBqSVNwyda0lcghM0hE46DHUoY9LjXls4_AcS9efmobgUtrR-2r8Etl_zLO06jnBYv9tQ2UKBVjvObj3bcyIYYvv1-PUEjXq4dOX5x3UrxoztCcQ.LDWqL1iMgIcLUoPecEtfYHStZKtHGM5AHk4s06QRF7g&dib_tag=se&m=ANBW5NGGTP7SK&marketplaceID=A39IBJ37TRP1C6&qid=1777190987&refinements=p_36%3A22500-23000&s=merchant-items&sr=1-181&xpid=bVtupK6-BH5Ck,コミュニティー・キャピタル -- 中国・温州企業家ネットワークの繁栄と限界
4641164827,,,,
B07VDHYYKQ,,236.71,https://www.amazon.com.au/Poppy-PDS-9312-Metal-Diameter-inches/dp/B07VDHYYKQ/ref=sr_1_182?dib=eyJ2IjoiMSJ9.pZMVqTU7OWvhfFXvSu38voZsHgXa-6MT3k7zGbWtZKc0M-cc5FMi3MFhNFjtBqSVNwyda0lcghM0hE46DHUoY9LjXls4_AcS9efmobgUtrR-2r8Etl_zLO06jnBYv9tQ2UKBVjvObj3bcyIYYvv1-PUEjXq4dOX5x3UrxoztCcQ.LDWqL1iMgIcLUoPecEtfYHStZKtHGM5AHk4s06QRF7g&dib_tag=se&m=ANBW5NGGTP7SK&marketplaceID=A39IBJ37TRP1C6&qid=1777190987&refinements=p_36%3A22500-23000&s=merchant-items&sr=1-182&xpid=bVtupK6-BH5Ck,"Poppy PDS-9312 Metal Cup A Parts, Diameter 9.1 x H 9.8 inches (23 x 25 cm), Screw 0.8 inches (2 cm)"
B07VDHYYKQ,,,,
4641018464,Tankobon Hardcover,226.82,https://www.amazon.com.au/%E6%B3%A8%E9%87%88%E5%9B%BD%E9%9A%9B%E7%A7%81%E6%B3%95-%E7%AC%AC%EF%BC%91%E5%B7%BB-%E7%AC%AC1%E9%83%A8-%E6%B3%95%E3%81%AE%E9%81%A9%E7%94%A8%E3%81%AB%E9%96%A2%E3%81%99%E3%82%8B%E9%80%9A%E5%89%87%E6%B3%95-%E7%AC%AC%EF%BC%91%EF%BD%9E23%E6%9D%A1-%E6%9C%89%E6%96%90%E9%96%A3%E3%82%B3%E3%83%B3%E3%83%A1%E3%83%B3%E3%82%BF%E3%83%BC%E3%83%AB/dp/4641018464/ref=sr_1_183?dib=eyJ2IjoiMSJ9.pZMVqTU7OWvhfFXvSu38voZsHgXa-6MT3k7zGbWtZKc0M-cc5FMi3MFhNFjtBqSVNwyda0lcghM0hE46DHUoY9LjXls4_AcS9efmobgUtrR-2r8Etl_zLO06jnBYv9tQ2UKBVjvObj3bcyIYYvv1-PUEjXq4dOX5x3UrxoztCcQ.LDWqL1iMgIcLUoPecEtfYHStZKtHGM5AHk4s06QRF7g&dib_tag=se&m=ANBW5NGGTP7SK&marketplaceID=A39IBJ37TRP1C6&qid=1777190987&refinements=p_36%3A22500-23000&s=merchant-items&sr=1-183&xpid=bVtupK6-BH5Ck#customerReviews,注釈国際私法　第１巻 -- 第1部　法の適用に関する通則法 第１～23条 (有斐閣コンメンタール): 第1巻
4641018464,,,,
4639027893,Tankobon Hardcover,226.82,https://www.amazon.com.au/%E3%83%97%E3%83%AA%E3%83%8B%E3%82%A6%E3%82%B9%E3%81%AE%E5%8D%9A%E7%89%A9%E8%AA%8C%E3%80%88%E7%B8%AE%E5%88%B7%E7%AC%AC%E4%BA%8C%E7%89%88%E3%80%896/dp/4639027893/ref=sr_1_184?dib=eyJ2IjoiMSJ9.pZMVqTU7OWvhfFXvSu38voZsHgXa-6MT3k7zGbWtZKc0M-cc5FMi3MFhNFjtBqSVNwyda0lcghM0hE46DHUoY9LjXls4_AcS9efmobgUtrR-2r8Etl_zLO06jnBYv9tQ2UKBVjvObj3bcyIYYvv1-PUEjXq4dOX5x3UrxoztCcQ.LDWqL1iMgIcLUoPecEtfYHStZKtHGM5AHk4s06QRF7g&dib_tag=se&m=ANBW5NGGTP7SK&marketplaceID=A39IBJ37TRP1C6&qid=1777190987&refinements=p_36%3A22500-23000&s=merchant-items&sr=1-184&xpid=bVtupK6-BH5Ck#customerReviews,プリニウスの博物誌〈縮刷第二版〉6
4639027893,,,,
B07K2CZNC7,,227.97,https://www.amazon.com.au/Takasaki-HSDM-11-BK-14-Figurine-Matching-Physical/dp/B07K2CZNC7/ref=sr_1_185?dib=eyJ2IjoiMSJ9.pZMVqTU7OWvhfFXvSu38voZsHgXa-6MT3k7zGbWtZKc0M-cc5FMi3MFhNFjtBqSVNwyda0lcghM0hE46DHUoY9LjXls4_AcS9efmobgUtrR-2r8Etl_zLO06jnBYv9tQ2UKBVjvObj3bcyIYYvv1-PUEjXq4dOX5x3UrxoztCcQ.LDWqL1iMgIcLUoPecEtfYHStZKtHGM5AHk4s06QRF7g&dib_tag=se&m=ANBW5NGGTP7SK&marketplaceID=A39IBJ37TRP1C6&qid=1777190987&refinements=p_36%3A22500-23000&s=merchant-items&sr=1-185&xpid=bVtupK6-BH5Ck,"Takasaki Daruma HSDM-11-BK-14 Figurine, Black, No. 11, 13.0 x 11.8 x 12.2 inches (33 x 30 x 31 cm), Matching Union/Physical Health"
4639023448,JP Oversized,226.82,https://www.amazon.com.au/%E6%A8%99%E6%BA%96%E6%B8%85%E4%BA%BA%E7%AF%86%E9%9A%B7%E5%AD%97%E5%85%B8/dp/4639023448/ref=sr_1_186?dib=eyJ2IjoiMSJ9.pZMVqTU7OWvhfFXvSu38voZsHgXa-6MT3k7zGbWtZKc0M-cc5FMi3MFhNFjtBqSVNwyda0lcghM0hE46DHUoY9LjXls4_AcS9efmobgUtrR-2r8Etl_zLO06jnBYv9tQ2UKBVjvObj3bcyIYYvv1-PUEjXq4dOX5x3UrxoztCcQ.LDWqL1iMgIcLUoPecEtfYHStZKtHGM5AHk4s06QRF7g&dib_tag=se&m=ANBW5NGGTP7SK&marketplaceID=A39IBJ37TRP1C6&qid=1777190987&refinements=p_36%3A22500-23000&s=merchant-items&sr=1-186&xpid=bVtupK6-BH5Ck#customerReviews,標準清人篆隷字典
4639023448,,,,
4639023170,Tankobon Hardcover,226.68,https://www.amazon.com.au/%E7%A5%9E%E8%91%AC%E7%A5%AD%E7%B7%8F%E5%90%88%E5%A4%A7%E4%BA%8B%E5%85%B8/dp/4639023170/ref=sr_1_187?dib=eyJ2IjoiMSJ9.pZMVqTU7OWvhfFXvSu38voZsHgXa-6MT3k7zGbWtZKc0M-cc5FMi3MFhNFjtBqSVNwyda0lcghM0hE46DHUoY9LjXls4_AcS9efmobgUtrR-2r8Etl_zLO06jnBYv9tQ2UKBVjvObj3bcyIYYvv1-PUEjXq4dOX5x3UrxoztCcQ.LDWqL1iMgIcLUoPecEtfYHStZKtHGM5AHk4s06QRF7g&dib_tag=se&m=ANBW5NGGTP7SK&marketplaceID=A39IBJ37TRP1C6&qid=1777190987&refinements=p_36%3A22500-23000&s=merchant-items&sr=1-187&xpid=bVtupK6-BH5Ck#customerReviews,神葬祭総合大事典
4639023170,,,,
B07GJT8QFV,,227.17,https://www.amazon.com.au/AG8TW-Single-Guard-Black-XX-Large/dp/B07GJT8QFV/ref=sr_1_193?dib=eyJ2IjoiMSJ9.qnpvyFSWiHMh_rUja2qzcMPHsuQCgpvVCDnMsh_NoS5q8MkwlklXhy6w-6EAexGJqe9o9h87GWAcZWumiM1c1Q.K3t5ff4KMntQilDZLdvhaZkUYxI_Xqi9f3AfhWIY5vQ&dib_tag=se&m=ANBW5NGGTP7SK&marketplaceID=A39IBJ37TRP1C6&qid=1777190993&refinements=p_36%3A22500-23000&s=merchant-items&sr=1-193&xpid=bVtupK6-BH5Ck#customerReviews,AG8TW Single 8 Inch Arm Guard
B07GJT8QFV,,,,
4636036832,Sheet music,229.55,https://www.amazon.com.au/Bach-J-S-Suites-1007-1012-Bright/dp/4636036832/ref=sr_1_194?dib=eyJ2IjoiMSJ9.qnpvyFSWiHMh_rUja2qzcMPHsuQCgpvVCDnMsh_NoS5q8MkwlklXhy6w-6EAexGJqe9o9h87GWAcZWumiM1c1Q.K3t5ff4KMntQilDZLdvhaZkUYxI_Xqi9f3AfhWIY5vQ&dib_tag=se&m=ANBW5NGGTP7SK&marketplaceID=A39IBJ37TRP1C6&qid=1777190993&refinements=p_36%3A22500-23000&s=merchant-items&sr=1-194&xpid=bVtupK6-BH5Ck#customerReviews,"バッハ,J.S.: 無伴奏チェロ組曲 BWV 1007-1012/ブライトコップ & ヘルテル社/チェロ・ソロ"
4636036832,,,,
4627870019,Tankobon Hardcover,226.82,https://www.amazon.com.au/%E8%B6%85%E5%B7%A8%E5%A4%A7%E3%83%AA%E3%82%B9%E3%82%AF%E3%81%AE%E5%AE%9A%E9%87%8F%E7%9A%84%E8%A9%95%E4%BE%A1-B-John-Garrick/dp/4627870019/ref=sr_1_195?dib=eyJ2IjoiMSJ9.qnpvyFSWiHMh_rUja2qzcMPHsuQCgpvVCDnMsh_NoS5q8MkwlklXhy6w-6EAexGJqe9o9h87GWAcZWumiM1c1Q.K3t5ff4KMntQilDZLdvhaZkUYxI_Xqi9f3AfhWIY5vQ&dib_tag=se&m=ANBW5NGGTP7SK&marketplaceID=A39IBJ37TRP1C6&qid=1777190993&refinements=p_36%3A22500-23000&s=merchant-items&sr=1-195&xpid=bVtupK6-BH5Ck#customerReviews,超巨大リスクの定量的評価
4627870019,,,,
B01N7OC7RF,,226.88,https://www.amazon.com.au/Shimano-FC-M617-Bicycle-Chainring-Y1RP98080/dp/B01N7OC7RF/ref=sr_1_196?dib=eyJ2IjoiMSJ9.qnpvyFSWiHMh_rUja2qzcMPHsuQCgpvVCDnMsh_NoS5q8MkwlklXhy6w-6EAexGJqe9o9h87GWAcZWumiM1c1Q.K3t5ff4KMntQilDZLdvhaZkUYxI_Xqi9f3AfhWIY5vQ&dib_tag=se&m=ANBW5NGGTP7SK&marketplaceID=A39IBJ37TRP1C6&qid=1777190993&refinements=p_36%3A22500-23000&s=merchant-items&sr=1-196&xpid=bVtupK6-BH5Ck#customerReviews,Shimano FC-M617 Bicycle Chainring - 38T-AZ - Y1RP98080
B01N7OC7RF,,,,
4627157312,Tankobon Softcover,226.82,https://www.amazon.com.au/%E3%83%9A%E3%82%B9%E3%82%AD%E3%83%B3-%E7%B4%A0%E7%B2%92%E5%AD%90%E7%89%A9%E7%90%86%E5%AD%A6-Michael-Peskin/dp/4627157312/ref=sr_1_197?dib=eyJ2IjoiMSJ9.qnpvyFSWiHMh_rUja2qzcMPHsuQCgpvVCDnMsh_NoS5q8MkwlklXhy6w-6EAexGJqe9o9h87GWAcZWumiM1c1Q.K3t5ff4KMntQilDZLdvhaZkUYxI_Xqi9f3AfhWIY5vQ&dib_tag=se&m=ANBW5NGGTP7SK&marketplaceID=A39IBJ37TRP1C6&qid=1777190993&refinements=p_36%3A22500-23000&s=merchant-items&sr=1-197&xpid=bVtupK6-BH5Ck#customerReviews,ペスキン 素粒子物理学
4627157312,,,,
462708241X,Tankobon Hardcover,228.92,https://www.amazon.com.au/%E3%83%99%E3%83%BC%E3%83%86%E4%BB%AE%E8%A8%AD%E3%81%AE%E6%95%B0%E7%90%86-%E5%9D%82%E6%9C%AC%E7%8E%B2%E5%B3%B0/dp/462708241X/ref=sr_1_193?dib=eyJ2IjoiMSJ9.1lQWndxuw_1jPIrrdunxbRNNWczq_x5FWvPJDEM0-oo3tf6zUCljTJvnxru3CAN41rdgJdmg9b3yel_urOhbi6UGi8u361GvpVk6oSJcYOtpg3jBQ-TnbBFcYXs13-YSRY4AwD-vRbaRtkA6ydXQ_JPiOMIaJ8v8fSHfi-XaccA.4RyTYnWUluwzNddUF-bfK7syB9ma7AgPYix_Xx6DzUk&dib_tag=se&m=ANBW5NGGTP7SK&marketplaceID=A39IBJ37TRP1C6&qid=1777190993&refinements=p_36%3A22500-23000&s=merchant-items&sr=1-193&xpid=bVtupK6-BH5Ck#customerReviews,ベーテ仮設の数理
462708241X,,,,
B016VIUUJ0,,229.48,https://www.amazon.com.au/Shimano-Fh-M525-Complete-Axle-146Mm/dp/B016VIUUJ0/ref=sr_1_194?dib=eyJ2IjoiMSJ9.1lQWndxuw_1jPIrrdunxbRNNWczq_x5FWvPJDEM0-oo3tf6zUCljTJvnxru3CAN41rdgJdmg9b3yel_urOhbi6UGi8u361GvpVk6oSJcYOtpg3jBQ-TnbBFcYXs13-YSRY4AwD-vRbaRtkA6ydXQ_JPiOMIaJ8v8fSHfi-XaccA.4RyTYnWUluwzNddUF-bfK7syB9ma7AgPYix_Xx6DzUk&dib_tag=se&m=ANBW5NGGTP7SK&marketplaceID=A39IBJ37TRP1C6&qid=1777190993&refinements=p_36%3A22500-23000&s=merchant-items&sr=1-194&xpid=bVtupK6-BH5Ck#customerReviews,Shimano Deore FH-M525 Rear Complete Hub Axle - - 146mm
B016VIUUJ0,,,,
4623088510,Tankobon Hardcover,228.92,https://www.amazon.com.au/%E3%81%84%E3%81%98%E3%82%81%E3%81%A8%E8%A6%8F%E7%AF%84%E6%84%8F%E8%AD%98%E3%81%AE%E7%A4%BE%E4%BC%9A%E5%AD%A6-%E8%AA%BF%E6%9F%BB%E3%81%8B%E3%82%89%E3%81%BF%E3%81%9F%E8%A6%8F%E7%AF%84%E6%84%8F%E8%AD%98%E3%81%AE%E7%89%B9%E5%BE%B4%E3%81%A8%E5%A4%89%E5%8C%96-%E4%BD%9B%E6%95%99%E5%A4%A7%E5%AD%A6%E7%A0%94%E7%A9%B6%E5%8F%A2%E6%9B%B8-%E4%BD%9C%E7%94%B0%E8%AA%A0%E4%B8%80%E9%83%8E/dp/4623088510/ref=sr_1_195?dib=eyJ2IjoiMSJ9.1lQWndxuw_1jPIrrdunxbRNNWczq_x5FWvPJDEM0-oo3tf6zUCljTJvnxru3CAN41rdgJdmg9b3yel_urOhbi6UGi8u361GvpVk6oSJcYOtpg3jBQ-TnbBFcYXs13-YSRY4AwD-vRbaRtkA6ydXQ_JPiOMIaJ8v8fSHfi-XaccA.4RyTYnWUluwzNddUF-bfK7syB9ma7AgPYix_Xx6DzUk&dib_tag=se&m=ANBW5NGGTP7SK&marketplaceID=A39IBJ37TRP1C6&qid=1777190993&refinements=p_36%3A22500-23000&s=merchant-items&sr=1-195&xpid=bVtupK6-BH5Ck#customerReviews,いじめと規範意識の社会学:調査からみた規範意識の特徴と変化 (佛教大学研究叢書)
4623088510,,,,
4623076237,Tankobon Hardcover,226.0,https://www.amazon.com.au/%E5%B3%B6%E7%94%B0%E8%AC%B9%E4%BA%8C%E4%BC%9D-%E6%97%A5%E6%9C%AC%E4%BA%BA%E6%96%87%E5%AD%A6%E3%81%AE%E3%80%8C%E6%A8%AA%E7%B6%B1%E3%80%8D-%E3%82%B7%E3%83%AA%E3%83%BC%E3%82%BA%E3%83%BB%E4%BA%BA%E3%81%A8%E6%96%87%E5%8C%96%E3%81%AE%E6%8E%A2%E7%A9%B6-13-%E5%B0%8F%E6%9E%97%E4%BF%A1%E8%A1%8C/dp/4623076237/ref=sr_1_196?dib=eyJ2IjoiMSJ9.1lQWndxuw_1jPIrrdunxbRNNWczq_x5FWvPJDEM0-oo3tf6zUCljTJvnxru3CAN41rdgJdmg9b3yel_urOhbi6UGi8u361GvpVk6oSJcYOtpg3jBQ-TnbBFcYXs13-YSRY4AwD-vRbaRtkA6ydXQ_JPiOMIaJ8v8fSHfi-XaccA.4RyTYnWUluwzNddUF-bfK7syB9ma7AgPYix_Xx6DzUk&dib_tag=se&m=ANBW5NGGTP7SK&marketplaceID=A39IBJ37TRP1C6&qid=1777190993&refinements=p_36%3A22500-23000&s=merchant-items&sr=1-196&xpid=bVtupK6-BH5Ck#customerReviews,島田謹二伝:日本人文学の「横綱」 (シリーズ・人と文化の探究): 13
4623076237,,,,
B09LXKWB9F,,230.24,https://www.amazon.com.au/Seishun-Romantic-Continued-Isshiki-Complete/dp/B09LXKWB9F/ref=sr_1_197?dib=eyJ2IjoiMSJ9.1lQWndxuw_1jPIrrdunxbRNNWczq_x5FWvPJDEM0-oo3tf6zUCljTJvnxru3CAN41rdgJdmg9b3yel_urOhbi6UGi8u361GvpVk6oSJcYOtpg3jBQ-TnbBFcYXs13-YSRY4AwD-vRbaRtkA6ydXQ_JPiOMIaJ8v8fSHfi-XaccA.4RyTYnWUluwzNddUF-bfK7syB9ma7AgPYix_Xx6DzUk&dib_tag=se&m=ANBW5NGGTP7SK&marketplaceID=A39IBJ37TRP1C6&qid=1777190993&refinements=p_36%3A22500-23000&s=merchant-items&sr=1-197&xpid=bVtupK6-BH5Ck,"""Yahari Ore no Seishun Romantic Comedy is Wrong. Continued"" Iroha Isshiki Kimono Ver. 1/7 Scale PVC & ABS Painted Complete Figure"
4623071022,Tankobon Hardcover,228.2,https://www.amazon.com.au/%E6%A4%9C%E8%A8%BC-%E3%82%A4%E3%83%B3%E3%83%89%E3%81%AE%E8%BB%8D%E4%BA%8B%E6%88%A6%E7%95%A5-%E5%9B%BD%E9%9A%9B%E6%94%BF%E6%B2%BB%E3%83%BB%E6%97%A5%E6%9C%AC%E5%A4%96%E4%BA%A4%E5%8F%A2%E6%9B%B8/dp/4623071022/ref=sr_1_198?dib=eyJ2IjoiMSJ9.1lQWndxuw_1jPIrrdunxbRNNWczq_x5FWvPJDEM0-oo3tf6zUCljTJvnxru3CAN41rdgJdmg9b3yel_urOhbi6UGi8u361GvpVk6oSJcYOtpg3jBQ-TnbBFcYXs13-YSRY4AwD-vRbaRtkA6ydXQ_JPiOMIaJ8v8fSHfi-XaccA.4RyTYnWUluwzNddUF-bfK7syB9ma7AgPYix_Xx6DzUk&dib_tag=se&m=ANBW5NGGTP7SK&marketplaceID=A39IBJ37TRP1C6&qid=1777190993&refinements=p_36%3A22500-23000&s=merchant-items&sr=1-198&xpid=bVtupK6-BH5Ck,検証 インドの軍事戦略 (国際政治・日本外交叢書)
4623071022,,,,
4622085143,Tankobon Hardcover,226.82,https://www.amazon.com.au/%E3%82%B6%E3%83%BB%E3%83%94%E3%83%BC%E3%83%97%E3%83%AB__%E3%82%A4%E3%82%AE%E3%83%AA%E3%82%B9%E5%8A%B4%E5%83%8D%E8%80%85%E9%9A%8E%E7%B4%9A%E3%81%AE%E7%9B%9B%E8%A1%B0-%E3%82%BB%E3%83%AA%E3%83%BC%E3%83%8A%E3%83%BB%E3%83%88%E3%83%83%E3%83%89/dp/4622085143/ref=sr_1_199?dib=eyJ2IjoiMSJ9.1lQWndxuw_1jPIrrdunxbRNNWczq_x5FWvPJDEM0-oo3tf6zUCljTJvnxru3CAN41rdgJdmg9b3yel_urOhbi6UGi8u361GvpVk6oSJcYOtpg3jBQ-TnbBFcYXs13-YSRY4AwD-vRbaRtkA6ydXQ_JPiOMIaJ8v8fSHfi-XaccA.4RyTYnWUluwzNddUF-bfK7syB9ma7AgPYix_Xx6DzUk&dib_tag=se&m=ANBW5NGGTP7SK&marketplaceID=A39IBJ37TRP1C6&qid=1777190993&refinements=p_36%3A22500-23000&s=merchant-items&sr=1-199&xpid=bVtupK6-BH5Ck#customerReviews,ザ・ピープル――イギリス労働者階級の盛衰
4622085143,,,,
B0BMDNVSB1,,230.87,https://www.amazon.com.au/Jollylook-Pinhole-Instant-Film-Camera/dp/B0BMDNVSB1/ref=sr_1_200?dib=eyJ2IjoiMSJ9.1lQWndxuw_1jPIrrdunxbRNNWczq_x5FWvPJDEM0-oo3tf6zUCljTJvnxru3CAN41rdgJdmg9b3yel_urOhbi6UGi8u361GvpVk6oSJcYOtpg3jBQ-TnbBFcYXs13-YSRY4AwD-vRbaRtkA6ydXQ_JPiOMIaJ8v8fSHfi-XaccA.4RyTYnWUluwzNddUF-bfK7syB9ma7AgPYix_Xx6DzUk&dib_tag=se&m=ANBW5NGGTP7SK&marketplaceID=A39IBJ37TRP1C6&qid=1777190993&refinements=p_36%3A22500-23000&s=merchant-items&sr=1-200&xpid=bVtupK6-BH5Ck#customerReviews,Jollylook Pinhole Instant Film Camera Building Set - 3D Wooden Puzzle for Adults - Retro Vintage Steampunk Mechanical Wood Model to Build - Compatible with Instax Mini Film (Not Included)
B0BMDNVSB1,,,,
4621308823,JP Oversized,227.41,https://www.amazon.com.au/%E8%87%A8%E5%BA%8A%E5%BE%AE%E7%94%9F%E7%89%A9%E6%A4%9C%E6%9F%BB%E6%8A%80%E8%A1%93%E6%95%99%E6%9C%AC-%E7%AC%AC2%E7%89%88/dp/4621308823/ref=sr_1_201?dib=eyJ2IjoiMSJ9.1lQWndxuw_1jPIrrdunxbRNNWczq_x5FWvPJDEM0-oo3tf6zUCljTJvnxru3CAN41rdgJdmg9b3yel_urOhbi6UGi8u361GvpVk6oSJcYOtpg3jBQ-TnbBFcYXs13-YSRY4AwD-vRbaRtkA6ydXQ_JPiOMIaJ8v8fSHfi-XaccA.4RyTYnWUluwzNddUF-bfK7syB9ma7AgPYix_Xx6DzUk&dib_tag=se&m=ANBW5NGGTP7SK&marketplaceID=A39IBJ37TRP1C6&qid=1777190993&refinements=p_36%3A22500-23000&s=merchant-items&sr=1-201&xpid=bVtupK6-BH5Ck#customerReviews,臨床微生物検査技術教本 第2版
4621308823,,,,
4621308017,Tankobon Hardcover,226.82,https://www.amazon.com.au/%E3%82%A4%E3%83%A9%E3%82%B9%E3%83%88%E3%83%AC%E3%82%A4%E3%83%86%E3%83%83%E3%83%89%E5%85%8D%E7%96%AB%E5%AD%A6-%E5%8E%9F%E6%9B%B83%E7%89%88-%E3%83%AA%E3%83%83%E3%83%94%E3%83%B3%E3%82%B3%E3%83%83%E3%83%88%E3%82%B7%E3%83%AA%E3%83%BC%E3%82%BA-Thao-Doan/dp/4621308017/ref=sr_1_202?dib=eyJ2IjoiMSJ9.1lQWndxuw_1jPIrrdunxbRNNWczq_x5FWvPJDEM0-oo3tf6zUCljTJvnxru3CAN41rdgJdmg9b3yel_urOhbi6UGi8u361GvpVk6oSJcYOtpg3jBQ-TnbBFcYXs13-YSRY4AwD-vRbaRtkA6ydXQ_JPiOMIaJ8v8fSHfi-XaccA.4RyTYnWUluwzNddUF-bfK7syB9ma7AgPYix_Xx6DzUk&dib_tag=se&m=ANBW5NGGTP7SK&marketplaceID=A39IBJ37TRP1C6&qid=1777190993&refinements=p_36%3A22500-23000&s=merchant-items&sr=1-202&xpid=bVtupK6-BH5Ck#customerReviews,イラストレイテッド免疫学 原書3版 (リッピンコットシリーズ)
4621308017,,,,
4621305751,Tankobon Hardcover,226.82,https://www.amazon.com.au/%E6%B0%97%E4%BD%93%E8%AB%96%E3%81%AE%E8%AC%9B%E7%BE%A9-Ludwig-Boltzmann/dp/4621305751/ref=sr_1_203?dib=eyJ2IjoiMSJ9.1lQWndxuw_1jPIrrdunxbRNNWczq_x5FWvPJDEM0-oo3tf6zUCljTJvnxru3CAN41rdgJdmg9b3yel_urOhbi6UGi8u361GvpVk6oSJcYOtpg3jBQ-TnbBFcYXs13-YSRY4AwD-vRbaRtkA6ydXQ_JPiOMIaJ8v8fSHfi-XaccA.4RyTYnWUluwzNddUF-bfK7syB9ma7AgPYix_Xx6DzUk&dib_tag=se&m=ANBW5NGGTP7SK&marketplaceID=A39IBJ37TRP1C6&qid=1777190993&refinements=p_36%3A22500-23000&s=merchant-items&sr=1-203&xpid=bVtupK6-BH5Ck#customerReviews,気体論の講義
4621305751,,,,
4589041375,Tankobon Hardcover,229.41,https://www.amazon.com.au/%E5%88%91%E6%B3%95%E3%81%AB%E3%81%8A%E3%81%91%E3%82%8B%E6%9C%AA%E5%BF%85%E3%81%AE%E6%95%85%E6%84%8F-%E6%97%A5%E3%83%BB%E7%8B%AC%E6%AF%94%E8%BC%83%E6%B3%95%E5%8F%B2%E7%A0%94%E7%A9%B6-%E7%8E%84-%E5%AE%88%E9%81%93/dp/4589041375/ref=sr_1_209?dib=eyJ2IjoiMSJ9.Xz2kva3_NSlMiUkx0QeJe1QedvC5fwwjJH-GvGhKIwOVdUFtCqLo1hsf9MaBFCcufjeTUBpfJ4nYZyy8aPjEWQ.gg8aPQ2IVeeptDnRcbLEpMC4CD7FDtTW_TDYwgQCYu0&dib_tag=se&m=ANBW5NGGTP7SK&marketplaceID=A39IBJ37TRP1C6&qid=1777190999&refinements=p_36%3A22500-23000&s=merchant-items&sr=1-209&xpid=bVtupK6-BH5Ck#customerReviews,刑法における未必の故意: 日・独比較法史研究
4589041375,,,,
B08PFJZKYW,,227.56,https://www.amazon.com.au/KCNC-REYTON-Degree-Anodized-ST37-17-70-35-BK-OE/dp/B08PFJZKYW/ref=sr_1_210?dib=eyJ2IjoiMSJ9.Xz2kva3_NSlMiUkx0QeJe1QedvC5fwwjJH-GvGhKIwOVdUFtCqLo1hsf9MaBFCcufjeTUBpfJ4nYZyy8aPjEWQ.gg8aPQ2IVeeptDnRcbLEpMC4CD7FDtTW_TDYwgQCYu0&dib_tag=se&m=ANBW5NGGTP7SK&marketplaceID=A39IBJ37TRP1C6&qid=1777190999&refinements=p_36%3A22500-23000&s=merchant-items&sr=1-210&xpid=bVtupK6-BH5Ck,"KCNC REYTON MTB ±17 Degree Stem 31.8mm/35mm x 70mm, Anodized Black, ST37-17-70-35-BK-OE, SK2199"
B08PFJZKYW,,,,
4588603574,Tankobon Hardcover,228.05,https://www.amazon.com.au/%E6%94%AF%E9%85%8D%E3%81%A8%E6%8A%B5%E6%8A%97%E3%81%AE%E6%98%A0%E5%83%8F%E6%96%87%E5%8C%96-%E8%A5%BF%E6%B4%8B%E4%B8%AD%E5%BF%83%E4%B8%BB%E7%BE%A9%E3%81%A8%E4%BB%96%E8%80%85%E3%82%92%E8%80%83%E3%81%88%E3%82%8B-%E3%82%B5%E3%83%94%E3%82%A8%E3%83%B3%E3%83%86%E3%82%A3%E3%82%A2-57-%E3%82%A8%E3%83%A9%E3%83%BB%E3%82%B7%E3%83%A7%E3%83%8F%E3%83%83%E3%83%88/dp/4588603574/ref=sr_1_211?dib=eyJ2IjoiMSJ9.Xz2kva3_NSlMiUkx0QeJe1QedvC5fwwjJH-GvGhKIwOVdUFtCqLo1hsf9MaBFCcufjeTUBpfJ4nYZyy8aPjEWQ.gg8aPQ2IVeeptDnRcbLEpMC4CD7FDtTW_TDYwgQCYu0&dib_tag=se&m=ANBW5NGGTP7SK&marketplaceID=A39IBJ37TRP1C6&qid=1777190999&refinements=p_36%3A22500-23000&s=merchant-items&sr=1-211&xpid=bVtupK6-BH5Ck#customerReviews,支配と抵抗の映像文化: 西洋中心主義と他者を考える (サピエンティア 57)
4588603574,,,,
4585291598,Tankobon Hardcover,225.58,https://www.amazon.com.au/%E3%80%8E%E6%BA%90%E6%B0%8F%E7%89%A9%E8%AA%9E%E3%80%8F%E3%82%92%E6%BC%94%E5%87%BA%E3%81%99%E3%82%8B%E8%A8%80%E8%91%89-%E5%90%89%E6%9D%91%E7%A0%94%E4%B8%80/dp/4585291598/ref=sr_1_212?dib=eyJ2IjoiMSJ9.Xz2kva3_NSlMiUkx0QeJe1QedvC5fwwjJH-GvGhKIwOVdUFtCqLo1hsf9MaBFCcufjeTUBpfJ4nYZyy8aPjEWQ.gg8aPQ2IVeeptDnRcbLEpMC4CD7FDtTW_TDYwgQCYu0&dib_tag=se&m=ANBW5NGGTP7SK&marketplaceID=A39IBJ37TRP1C6&qid=1777190999&refinements=p_36%3A22500-23000&s=merchant-items&sr=1-212&xpid=bVtupK6-BH5Ck,『源氏物語』を演出する言葉
4585291598,,,,
B0002YM3PE,,229.07,https://www.amazon.com.au/Chogokin-GX-15-EVA-02-Production-Model/dp/B0002YM3PE/ref=sr_1_213?dib=eyJ2IjoiMSJ9.Xz2kva3_NSlMiUkx0QeJe1QedvC5fwwjJH-GvGhKIwOVdUFtCqLo1hsf9MaBFCcufjeTUBpfJ4nYZyy8aPjEWQ.gg8aPQ2IVeeptDnRcbLEpMC4CD7FDtTW_TDYwgQCYu0&dib_tag=se&m=ANBW5NGGTP7SK&marketplaceID=A39IBJ37TRP1C6&qid=1777190999&refinements=p_36%3A22500-23000&s=merchant-items&sr=1-213&xpid=bVtupK6-BH5Ck#customerReviews,Soul of Chogokin GX-15 EVA-02 Production Model
4585220488,Tankobon Hardcover,227.08,https://www.amazon.com.au/%E4%B8%80%E6%9D%A1%E5%85%BC%E8%89%AF%E3%81%AE%E5%AD%A6%E5%95%8F%E3%81%A8%E5%AE%A4%E7%94%BA%E6%96%87%E5%8C%96/dp/4585220488/ref=sr_1_209?dib=eyJ2IjoiMSJ9.e5YuYxtlv-2SnS9EOE2tUg3oXOUyPj8oxdHr9cdNUmCvtyf60mIsAs3JhrXxLzjswh9SUpwBFcilUccS9s_CFhKj88alN-doz2Z15hKyqwOgpeQ0e6iIcggrL8jtZBoBLEExjhrYwg1Dw3t5DZ233llCR9leHmq7n8vLO4jrbpc.Yv7MuHdB9MSDk6rs9fZA2uLOadqINamksr3fhFIFgSk&dib_tag=se&m=ANBW5NGGTP7SK&marketplaceID=A39IBJ37TRP1C6&qid=1777190999&refinements=p_36%3A22500-23000&s=merchant-items&sr=1-209&xpid=bVtupK6-BH5Ck,一条兼良の学問と室町文化
4585220488,,,,
4525288434,Tankobon Hardcover,228.8,https://www.amazon.com.au/%E3%83%99%E3%83%83%E3%83%89%E3%82%B5%E3%82%A4%E3%83%89%E3%81%AE%E6%96%B0%E7%94%9F%E5%85%90%E3%81%AE%E8%A8%BA%E3%81%8B%E3%81%9F-%E6%B2%B3%E9%87%8E%E5%AF%BF%E5%A4%AB/dp/4525288434/ref=sr_1_210?dib=eyJ2IjoiMSJ9.e5YuYxtlv-2SnS9EOE2tUg3oXOUyPj8oxdHr9cdNUmCvtyf60mIsAs3JhrXxLzjswh9SUpwBFcilUccS9s_CFhKj88alN-doz2Z15hKyqwOgpeQ0e6iIcggrL8jtZBoBLEExjhrYwg1Dw3t5DZ233llCR9leHmq7n8vLO4jrbpc.Yv7MuHdB9MSDk6rs9fZA2uLOadqINamksr3fhFIFgSk&dib_tag=se&m=ANBW5NGGTP7SK&marketplaceID=A39IBJ37TRP1C6&qid=1777190999&refinements=p_36%3A22500-23000&s=merchant-items&sr=1-210&xpid=bVtupK6-BH5Ck#customerReviews,ベッドサイドの新生児の診かた
4525288434,,,,
B004I0FVMA,,228.17,https://www.amazon.com.au/Bandai-Tamashii-Nations-Ultraman-Tiga/dp/B004I0FVMA/ref=sr_1_211?dib=eyJ2IjoiMSJ9.e5YuYxtlv-2SnS9EOE2tUg3oXOUyPj8oxdHr9cdNUmCvtyf60mIsAs3JhrXxLzjswh9SUpwBFcilUccS9s_CFhKj88alN-doz2Z15hKyqwOgpeQ0e6iIcggrL8jtZBoBLEExjhrYwg1Dw3t5DZ233llCR9leHmq7n8vLO4jrbpc.Yv7MuHdB9MSDk6rs9fZA2uLOadqINamksr3fhFIFgSk&dib_tag=se&m=ANBW5NGGTP7SK&marketplaceID=A39IBJ37TRP1C6&qid=1777190999&refinements=p_36%3A22500-23000&s=merchant-items&sr=1-211&xpid=bVtupK6-BH5Ck#customerReviews,Bandai Tamashii Nations Ultraman Tiga Sky Type - Ultra-Act and U.M.W.
4524226060,JP Oversized,226.34,https://www.amazon.com.au/%E8%85%B9%E8%85%94%E9%8F%A1%E4%B8%8B%E9%BC%A0%E5%BE%84%E9%83%A8%E3%83%98%E3%83%AB%E3%83%8B%E3%82%A2%E4%BF%AE%E5%BE%A9%E8%A1%93-%E6%96%BD%E8%A8%AD%E5%B0%8E%E5%85%A5%E3%81%8B%E3%82%89%E6%8A%80%E8%A1%93%E8%AA%8D%E5%AE%9A%E5%8F%96%E5%BE%97%E3%81%BE%E3%81%A7-Web%E5%8B%95%E7%94%BB%E4%BB%98/dp/4524226060/ref=sr_1_212?dib=eyJ2IjoiMSJ9.e5YuYxtlv-2SnS9EOE2tUg3oXOUyPj8oxdHr9cdNUmCvtyf60mIsAs3JhrXxLzjswh9SUpwBFcilUccS9s_CFhKj88alN-doz2Z15hKyqwOgpeQ0e6iIcggrL8jtZBoBLEExjhrYwg1Dw3t5DZ233llCR9leHmq7n8vLO4jrbpc.Yv7MuHdB9MSDk6rs9fZA2uLOadqINamksr3fhFIFgSk&dib_tag=se&m=ANBW5NGGTP7SK&marketplaceID=A39IBJ37TRP1C6&qid=1777190999&refinements=p_36%3A22500-23000&s=merchant-items&sr=1-212&xpid=bVtupK6-BH5Ck#customerReviews,腹腔鏡下鼠径部ヘルニア修復術: 施設導入から技術認定取得まで[Web動画付]
4524226060,,,,
4521745849,Tankobon Hardcover,225.43,https://www.amazon.com.au/2-%E8%99%9A%E8%A1%80%E6%80%A7%E5%BF%83%E7%96%BE%E6%82%A3-%E8%AD%98%E3%82%8B%E3%83%BB%E8%A8%BA%E3%82%8B%E3%83%BB%E6%B2%BB%E3%81%99%E3%83%BB%E9%98%B2%E3%81%90-%E5%BE%AA%E7%92%B0%E5%99%A8%E5%86%85%E7%A7%91%E5%B0%82%E9%96%80%E5%8C%BB%E3%83%90%E3%82%A4%E3%83%96%E3%83%AB-2%E5%B7%BB/dp/4521745849/ref=sr_1_213?dib=eyJ2IjoiMSJ9.e5YuYxtlv-2SnS9EOE2tUg3oXOUyPj8oxdHr9cdNUmCvtyf60mIsAs3JhrXxLzjswh9SUpwBFcilUccS9s_CFhKj88alN-doz2Z15hKyqwOgpeQ0e6iIcggrL8jtZBoBLEExjhrYwg1Dw3t5DZ233llCR9leHmq7n8vLO4jrbpc.Yv7MuHdB9MSDk6rs9fZA2uLOadqINamksr3fhFIFgSk&dib_tag=se&m=ANBW5NGGTP7SK&marketplaceID=A39IBJ37TRP1C6&qid=1777190999&refinements=p_36%3A22500-23000&s=merchant-items&sr=1-213&xpid=bVtupK6-BH5Ck#customerReviews,2 虚血性心疾患 識る・診る・治す・防ぐ (循環器内科専門医バイブル): 2巻
4521745849,,,,
B003M5DFM0,,228.2,https://www.amazon.com.au/Shimano-Maximum-Diameter-Tiger-Stick/dp/B003M5DFM0/ref=sr_1_214?dib=eyJ2IjoiMSJ9.e5YuYxtlv-2SnS9EOE2tUg3oXOUyPj8oxdHr9cdNUmCvtyf60mIsAs3JhrXxLzjswh9SUpwBFcilUccS9s_CFhKj88alN-doz2Z15hKyqwOgpeQ0e6iIcggrL8jtZBoBLEExjhrYwg1Dw3t5DZ233llCR9leHmq7n8vLO4jrbpc.Yv7MuHdB9MSDk6rs9fZA2uLOadqINamksr3fhFIFgSk&dib_tag=se&m=ANBW5NGGTP7SK&marketplaceID=A39IBJ37TRP1C6&qid=1777190999&refinements=p_36%3A22500-23000&s=merchant-items&sr=1-214&xpid=bVtupK6-BH5Ck#customerReviews,Shimano Maximum Diameter of Tiger Stick s710l 7.1?'
B003M5DFM0,,,,
4521745253,Tankobon Hardcover,226.49,https://www.amazon.com.au/%E6%B0%97%E7%AE%A1%E6%94%AF%E5%96%98%E6%81%AF-%E5%91%BC%E5%90%B8%E5%99%A8%E7%96%BE%E6%82%A3-%E8%A8%BA%E6%96%AD%E6%B2%BB%E7%99%82%E3%82%A2%E3%83%97%E3%83%AD%E3%83%BC%E3%83%81-1/dp/4521745253/ref=sr_1_215?dib=eyJ2IjoiMSJ9.e5YuYxtlv-2SnS9EOE2tUg3oXOUyPj8oxdHr9cdNUmCvtyf60mIsAs3JhrXxLzjswh9SUpwBFcilUccS9s_CFhKj88alN-doz2Z15hKyqwOgpeQ0e6iIcggrL8jtZBoBLEExjhrYwg1Dw3t5DZ233llCR9leHmq7n8vLO4jrbpc.Yv7MuHdB9MSDk6rs9fZA2uLOadqINamksr3fhFIFgSk&dib_tag=se&m=ANBW5NGGTP7SK&marketplaceID=A39IBJ37TRP1C6&qid=1777190999&refinements=p_36%3A22500-23000&s=merchant-items&sr=1-215&xpid=bVtupK6-BH5Ck,気管支喘息 (呼吸器疾患 診断治療アプローチ): 1
4521745253,,,,
4521734464,Tankobon Hardcover,229.03,https://www.amazon.com.au/%E7%A5%9E%E7%B5%8C%E6%84%9F%E6%9F%93%E7%97%87%E3%82%92%E7%A9%B6%E3%82%81%E3%82%8B-%E3%82%A2%E3%82%AF%E3%83%81%E3%83%A5%E3%82%A2%E3%83%AB-%E8%84%B3%E3%83%BB%E7%A5%9E%E7%B5%8C%E7%96%BE%E6%82%A3%E3%81%AE%E8%87%A8%E5%BA%8A/dp/4521734464/ref=sr_1_216?dib=eyJ2IjoiMSJ9.e5YuYxtlv-2SnS9EOE2tUg3oXOUyPj8oxdHr9cdNUmCvtyf60mIsAs3JhrXxLzjswh9SUpwBFcilUccS9s_CFhKj88alN-doz2Z15hKyqwOgpeQ0e6iIcggrL8jtZBoBLEExjhrYwg1Dw3t5DZ233llCR9leHmq7n8vLO4jrbpc.Yv7MuHdB9MSDk6rs9fZA2uLOadqINamksr3fhFIFgSk&dib_tag=se&m=ANBW5NGGTP7SK&marketplaceID=A39IBJ37TRP1C6&qid=1777190999&refinements=p_36%3A22500-23000&s=merchant-items&sr=1-216&xpid=bVtupK6-BH5Ck#customerReviews,神経感染症を究める (アクチュアル 脳・神経疾患の臨床)
4521734464,,,,
B000EHQXNW,,229.2,https://www.amazon.com.au/Willy-ladybug-japan-Daddy-Zeno/dp/B000EHQXNW/ref=sr_1_217?dib=eyJ2IjoiMSJ9.e5YuYxtlv-2SnS9EOE2tUg3oXOUyPj8oxdHr9cdNUmCvtyf60mIsAs3JhrXxLzjswh9SUpwBFcilUccS9s_CFhKj88alN-doz2Z15hKyqwOgpeQ0e6iIcggrL8jtZBoBLEExjhrYwg1Dw3t5DZ233llCR9leHmq7n8vLO4jrbpc.Yv7MuHdB9MSDk6rs9fZA2uLOadqINamksr3fhFIFgSk&dib_tag=se&m=ANBW5NGGTP7SK&marketplaceID=A39IBJ37TRP1C6&qid=1777190999&refinements=p_36%3A22500-23000&s=merchant-items&sr=1-217&xpid=bVtupK6-BH5Ck,Willy bug S ladybug (japan import) by Daddy Zeno
B000EHQXNW,,,,
452173443X,Tankobon Hardcover,229.15,https://www.amazon.com.au/%E3%81%99%E3%81%B9%E3%81%A6%E3%81%8C%E3%82%8F%E3%81%8B%E3%82%8B-%E7%AD%8B%E8%90%8E%E7%B8%AE%E6%80%A7%E5%81%B4%E7%B4%A2%E7%A1%AC%E5%8C%96%E7%97%87-%E3%83%BB%E9%81%8B%E5%8B%95%E3%83%8B%E3%83%A5%E3%83%BC%E3%83%AD%E3%83%B3%E7%96%BE%E6%82%A3-%E3%82%A2%E3%82%AF%E3%83%81%E3%83%A5%E3%82%A2%E3%83%AB-%E8%84%B3%E3%83%BB%E7%A5%9E%E7%B5%8C%E7%96%BE%E6%82%A3%E3%81%AE%E8%87%A8%E5%BA%8A/dp/452173443X/ref=sr_1_218?dib=eyJ2IjoiMSJ9.e5YuYxtlv-2SnS9EOE2tUg3oXOUyPj8oxdHr9cdNUmCvtyf60mIsAs3JhrXxLzjswh9SUpwBFcilUccS9s_CFhKj88alN-doz2Z15hKyqwOgpeQ0e6iIcggrL8jtZBoBLEExjhrYwg1Dw3t5DZ233llCR9leHmq7n8vLO4jrbpc.Yv7MuHdB9MSDk6rs9fZA2uLOadqINamksr3fhFIFgSk&dib_tag=se&m=ANBW5NGGTP7SK&marketplaceID=A39IBJ37TRP1C6&qid=1777190999&refinements=p_36%3A22500-23000&s=merchant-items&sr=1-218&xpid=bVtupK6-BH5Ck,すべてがわかる ALS(筋萎縮性側索硬化症)・運動ニューロン疾患 (アクチュアル 脳・神経疾患の臨床)
452173443X,,,,
4521014410,Tankobon Hardcover,227.13,https://www.amazon.com.au/%E8%80%B3%E9%BC%BB%E5%92%BD%E5%96%89%E7%A7%91%E3%83%BB%E9%A0%AD%E9%A0%9A%E9%83%A8%E5%A4%96%E7%A7%91%E3%82%AF%E3%83%AA%E3%83%8B%E3%82%AB%E3%83%AB%E3%83%88%E3%83%AC%E3%83%B3%E3%83%89%E3%80%88Part3%E3%80%89/dp/4521014410/ref=sr_1_219?dib=eyJ2IjoiMSJ9.e5YuYxtlv-2SnS9EOE2tUg3oXOUyPj8oxdHr9cdNUmCvtyf60mIsAs3JhrXxLzjswh9SUpwBFcilUccS9s_CFhKj88alN-doz2Z15hKyqwOgpeQ0e6iIcggrL8jtZBoBLEExjhrYwg1Dw3t5DZ233llCR9leHmq7n8vLO4jrbpc.Yv7MuHdB9MSDk6rs9fZA2uLOadqINamksr3fhFIFgSk&dib_tag=se&m=ANBW5NGGTP7SK&marketplaceID=A39IBJ37TRP1C6&qid=1777190999&refinements=p_36%3A22500-23000&s=merchant-items&sr=1-219&xpid=bVtupK6-BH5Ck,耳鼻咽喉科・頭頚部外科クリニカルトレンド〈Part3〉
4521014410,,,,
B0115YLKZ8,,229.51,https://www.amazon.com.au/Functional-Devices-TR50VA008-Transformer-Threaded/dp/B0115YLKZ8/ref=sr_1_225?dib=eyJ2IjoiMSJ9.J6TMmfY4GuiDsuhge4pbc7rFBJ03Fd8GVWT8zbEGm6icReQeU6B5wLQ2OmrXuDs6s0Ud5pmfmNBgO7sxkjt75A.WGtMgolFVVfiYMlOb6IKj1rwN87M5R9jkqgygwHhYN4&dib_tag=se&m=ANBW5NGGTP7SK&marketplaceID=A39IBJ37TRP1C6&qid=1777191004&refinements=p_36%3A22500-23000&s=merchant-items&sr=1-225&xpid=bVtupK6-BH5Ck,Functional Devices TR50VA008 Transformer 50Va 480/277/240/208 to 120 VAC Circuit Breaker Foot and Dual Threaded Hub Mount
B0115YLKZ8,,,,
450162860X,Tankobon Hardcover,233.98,https://www.amazon.com.au/%E3%82%B5%E3%83%BC%E3%83%93%E3%82%B9%E3%82%B5%E3%82%A4%E3%82%A8%E3%83%B3%E3%82%B9%E3%83%8F%E3%83%B3%E3%83%89%E3%83%96%E3%83%83%E3%82%AF/dp/450162860X/ref=sr_1_226?dib=eyJ2IjoiMSJ9.J6TMmfY4GuiDsuhge4pbc7rFBJ03Fd8GVWT8zbEGm6icReQeU6B5wLQ2OmrXuDs6s0Ud5pmfmNBgO7sxkjt75A.WGtMgolFVVfiYMlOb6IKj1rwN87M5R9jkqgygwHhYN4&dib_tag=se&m=ANBW5NGGTP7SK&marketplaceID=A39IBJ37TRP1C6&qid=1777191004&refinements=p_36%3A22500-23000&s=merchant-items&sr=1-226&xpid=bVtupK6-BH5Ck,サービスサイエンスハンドブック
450162860X,,,,
4498224744,Tankobon Softcover,226.82,https://www.amazon.com.au/%E8%85%8E%E8%87%93%E5%86%85%E7%A7%91Controversy/dp/4498224744/ref=sr_1_227?dib=eyJ2IjoiMSJ9.J6TMmfY4GuiDsuhge4pbc7rFBJ03Fd8GVWT8zbEGm6icReQeU6B5wLQ2OmrXuDs6s0Ud5pmfmNBgO7sxkjt75A.WGtMgolFVVfiYMlOb6IKj1rwN87M5R9jkqgygwHhYN4&dib_tag=se&m=ANBW5NGGTP7SK&marketplaceID=A39IBJ37TRP1C6&qid=1777191004&refinements=p_36%3A22500-23000&s=merchant-items&sr=1-227&xpid=bVtupK6-BH5Ck#customerReviews,腎臓内科Controversy
4498224744,,,,
B07KCKL837,,230.24,https://www.amazon.com.au/Figuarts-Kamen-Rider-Blizzard-Build/dp/B07KCKL837/ref=sr_1_228?dib=eyJ2IjoiMSJ9.J6TMmfY4GuiDsuhge4pbc7rFBJ03Fd8GVWT8zbEGm6icReQeU6B5wLQ2OmrXuDs6s0Ud5pmfmNBgO7sxkjt75A.WGtMgolFVVfiYMlOb6IKj1rwN87M5R9jkqgygwHhYN4&dib_tag=se&m=ANBW5NGGTP7SK&marketplaceID=A39IBJ37TRP1C6&qid=1777191004&refinements=p_36%3A22500-23000&s=merchant-items&sr=1-228&xpid=bVtupK6-BH5Ck,S. H. Figuarts Kamen Rider Gris Blizzard Kamen Rider Build
4498224469,Tankobon Hardcover,226.82,https://www.amazon.com.au/IgA%E8%85%8E%E7%97%87%E3%81%AE%E7%97%85%E6%85%8B%E3%81%A8%E6%B2%BB%E7%99%82/dp/4498224469/ref=sr_1_229?dib=eyJ2IjoiMSJ9.J6TMmfY4GuiDsuhge4pbc7rFBJ03Fd8GVWT8zbEGm6icReQeU6B5wLQ2OmrXuDs6s0Ud5pmfmNBgO7sxkjt75A.WGtMgolFVVfiYMlOb6IKj1rwN87M5R9jkqgygwHhYN4&dib_tag=se&m=ANBW5NGGTP7SK&marketplaceID=A39IBJ37TRP1C6&qid=1777191004&refinements=p_36%3A22500-23000&s=merchant-items&sr=1-229&xpid=bVtupK6-BH5Ck#customerReviews,IgA腎症の病態と治療
4498224469,,,,
4498059220,Tankobon Softcover,229.49,https://www.amazon.com.au/%E3%82%B5%E3%83%AB%E3%82%B3%E3%83%9A%E3%83%8B%E3%82%A2%E8%99%8E%E3%81%AE%E5%B7%BB-%E8%A8%BA%E7%99%82%E3%81%AE%E3%82%B3%E3%83%84%E3%82%92%E3%81%A8%E3%81%93%E3%81%A8%E3%82%93%E7%90%86%E8%A7%A3%E3%81%99%E3%82%8B/dp/4498059220/ref=sr_1_225?dib=eyJ2IjoiMSJ9.gRpWox0miDn7_wU7OTjFwNmF6nYE-uNJ7YpTe7bJ2j5acUNsKANcLM4IqtqHl6870aOV7Voki1b0VeUO_fDc39v0K4aWAIr_pMg3yyUVvYZ3Zc_bMwWWs6YTSxsQdB3wSc6uopx0RcdaIPO6Ovwue_LR8JfGzvZnXHutDCH697U.qpPba-E9DGgDeXBRxcoFdSj697GHfV-n_9Dmh5VkRgE&dib_tag=se&m=ANBW5NGGTP7SK&marketplaceID=A39IBJ37TRP1C6&qid=1777191004&refinements=p_36%3A22500-23000&s=merchant-items&sr=1-225&xpid=bVtupK6-BH5Ck#customerReviews,サルコペニア虎の巻 診療のコツをとことん理解する
4498059220,,,,
B008SBSOL0,,225.87,https://www.amazon.com.au/SD-Gundam-Gaiden-SDX-ZZ/dp/B008SBSOL0/ref=sr_1_226?dib=eyJ2IjoiMSJ9.gRpWox0miDn7_wU7OTjFwNmF6nYE-uNJ7YpTe7bJ2j5acUNsKANcLM4IqtqHl6870aOV7Voki1b0VeUO_fDc39v0K4aWAIr_pMg3yyUVvYZ3Zc_bMwWWs6YTSxsQdB3wSc6uopx0RcdaIPO6Ovwue_LR8JfGzvZnXHutDCH697U.qpPba-E9DGgDeXBRxcoFdSj697GHfV-n_9Dmh5VkRgE&dib_tag=se&m=ANBW5NGGTP7SK&marketplaceID=A39IBJ37TRP1C6&qid=1777191004&refinements=p_36%3A22500-23000&s=merchant-items&sr=1-226&xpid=bVtupK6-BH5Ck#customerReviews,SD Gundam Gaiden - SDX ZZ Gundam
4498013840,Tankobon Softcover,226.82,https://www.amazon.com.au/%E3%83%AA%E3%82%A2%E3%83%AB%E7%94%BB%E5%83%8F%E3%81%A7%E5%AD%A6%E3%81%B6-%E3%81%A9%E3%81%93%E3%81%A7%E3%82%82POCUS%E6%90%BA%E5%B8%AF%E3%82%A8%E3%82%B3%E3%83%BC-%E6%B8%A1%E6%A9%8B-%E5%92%8C%E6%94%BF/dp/4498013840/ref=sr_1_227?dib=eyJ2IjoiMSJ9.gRpWox0miDn7_wU7OTjFwNmF6nYE-uNJ7YpTe7bJ2j5acUNsKANcLM4IqtqHl6870aOV7Voki1b0VeUO_fDc39v0K4aWAIr_pMg3yyUVvYZ3Zc_bMwWWs6YTSxsQdB3wSc6uopx0RcdaIPO6Ovwue_LR8JfGzvZnXHutDCH697U.qpPba-E9DGgDeXBRxcoFdSj697GHfV-n_9Dmh5VkRgE&dib_tag=se&m=ANBW5NGGTP7SK&marketplaceID=A39IBJ37TRP1C6&qid=1777191004&refinements=p_36%3A22500-23000&s=merchant-items&sr=1-227&xpid=bVtupK6-BH5Ck,リアル画像で学ぶ　どこでもPOCUS携帯エコー
4498013840,,,,
4494045691,Tankobon Hardcover,226.94,https://www.amazon.com.au/%E6%80%AA%E8%AB%87%E3%82%AA%E3%82%A6%E3%83%9E%E3%82%AC%E3%83%89%E3%82%AD%E5%AD%A6%E5%9C%92-%E7%AC%AC5%E6%9C%9F-%E5%9B%B3%E6%9B%B8%E9%A4%A8%E7%89%88-%E5%85%A85%E5%B7%BB/dp/4494045691/ref=sr_1_228?dib=eyJ2IjoiMSJ9.gRpWox0miDn7_wU7OTjFwNmF6nYE-uNJ7YpTe7bJ2j5acUNsKANcLM4IqtqHl6870aOV7Voki1b0VeUO_fDc39v0K4aWAIr_pMg3yyUVvYZ3Zc_bMwWWs6YTSxsQdB3wSc6uopx0RcdaIPO6Ovwue_LR8JfGzvZnXHutDCH697U.qpPba-E9DGgDeXBRxcoFdSj697GHfV-n_9Dmh5VkRgE&dib_tag=se&m=ANBW5NGGTP7SK&marketplaceID=A39IBJ37TRP1C6&qid=1777191004&refinements=p_36%3A22500-23000&s=merchant-items&sr=1-228&xpid=bVtupK6-BH5Ck,怪談オウマガドキ学園 第5期[図書館版](全5巻) (怪談オウマガドキ学園[図書館版])
4494045691,,,,
B0062UCK32,,228.83,https://www.amazon.com.au/Japanese-chess-Katsura-Kaedeurushi-writing/dp/B0062UCK32/ref=sr_1_229?dib=eyJ2IjoiMSJ9.gRpWox0miDn7_wU7OTjFwNmF6nYE-uNJ7YpTe7bJ2j5acUNsKANcLM4IqtqHl6870aOV7Voki1b0VeUO_fDc39v0K4aWAIr_pMg3yyUVvYZ3Zc_bMwWWs6YTSxsQdB3wSc6uopx0RcdaIPO6Ovwue_LR8JfGzvZnXHutDCH697U.qpPba-E9DGgDeXBRxcoFdSj697GHfV-n_9Dmh5VkRgE&dib_tag=se&m=ANBW5NGGTP7SK&marketplaceID=A39IBJ37TRP1C6&qid=1777191004&refinements=p_36%3A22500-23000&s=merchant-items&sr=1-229&xpid=bVtupK6-BH5Ck,Japanese chess set set of new Katsura 10 Goori shogi board and Kaedeurushi writing frame
449404539X,Tankobon Hardcover,226.94,https://www.amazon.com.au/%E6%80%AA%E8%AB%87%E3%82%AA%E3%82%A6%E3%83%9E%E3%82%AC%E3%83%89%E3%82%AD%E5%AD%A6%E5%9C%92-%E7%AC%AC4%E6%9C%9F-%E5%9B%B3%E6%9B%B8%E9%A4%A8%E7%89%88-%E5%85%A85%E5%B7%BB/dp/449404539X/ref=sr_1_230?dib=eyJ2IjoiMSJ9.gRpWox0miDn7_wU7OTjFwNmF6nYE-uNJ7YpTe7bJ2j5acUNsKANcLM4IqtqHl6870aOV7Voki1b0VeUO_fDc39v0K4aWAIr_pMg3yyUVvYZ3Zc_bMwWWs6YTSxsQdB3wSc6uopx0RcdaIPO6Ovwue_LR8JfGzvZnXHutDCH697U.qpPba-E9DGgDeXBRxcoFdSj697GHfV-n_9Dmh5VkRgE&dib_tag=se&m=ANBW5NGGTP7SK&marketplaceID=A39IBJ37TRP1C6&qid=1777191004&refinements=p_36%3A22500-23000&s=merchant-items&sr=1-230&xpid=bVtupK6-BH5Ck,怪談オウマガドキ学園 第4期[図書館版](全5巻) (怪談オウマガドキ学園[図書館版])
449404539X,,,,
4490210205,JP Oversized,226.82,https://www.amazon.com.au/%E8%AB%96%E9%9B%86-%E5%A4%A7%E5%A5%A5%E4%BA%BA%E7%89%A9%E7%A0%94%E7%A9%B6/dp/4490210205/ref=sr_1_231?dib=eyJ2IjoiMSJ9.gRpWox0miDn7_wU7OTjFwNmF6nYE-uNJ7YpTe7bJ2j5acUNsKANcLM4IqtqHl6870aOV7Voki1b0VeUO_fDc39v0K4aWAIr_pMg3yyUVvYZ3Zc_bMwWWs6YTSxsQdB3wSc6uopx0RcdaIPO6Ovwue_LR8JfGzvZnXHutDCH697U.qpPba-E9DGgDeXBRxcoFdSj697GHfV-n_9Dmh5VkRgE&dib_tag=se&m=ANBW5NGGTP7SK&marketplaceID=A39IBJ37TRP1C6&qid=1777191004&refinements=p_36%3A22500-23000&s=merchant-items&sr=1-231&xpid=bVtupK6-BH5Ck#customerReviews,論集 大奥人物研究
4490210205,,,,
B004EACOAG,,229.08,https://www.amazon.com.au/One-Piece-Pirates-Memories-Banpresto/dp/B004EACOAG/ref=sr_1_232?dib=eyJ2IjoiMSJ9.gRpWox0miDn7_wU7OTjFwNmF6nYE-uNJ7YpTe7bJ2j5acUNsKANcLM4IqtqHl6870aOV7Voki1b0VeUO_fDc39v0K4aWAIr_pMg3yyUVvYZ3Zc_bMwWWs6YTSxsQdB3wSc6uopx0RcdaIPO6Ovwue_LR8JfGzvZnXHutDCH697U.qpPba-E9DGgDeXBRxcoFdSj697GHfV-n_9Dmh5VkRgE&dib_tag=se&m=ANBW5NGGTP7SK&marketplaceID=A39IBJ37TRP1C6&qid=1777191004&refinements=p_36%3A22500-23000&s=merchant-items&sr=1-232&xpid=bVtupK6-BH5Ck#customerReviews,One Piece Pirates Memories of Merry Figure 2 ONE PIECE Banpresto (all five species full set) (japan import)
4486020561,Tankobon Hardcover,226.82,https://www.amazon.com.au/%E6%97%A5%E6%9C%AC%E8%AA%9E%E3%81%A7%E3%81%B2%E3%81%8F%E5%8B%95%E7%89%A9%E5%AD%A6%E5%90%8D%E8%BE%9E%E5%85%B8-%E5%B9%B3%E5%B6%8B-%E7%BE%A9%E5%AE%8F/dp/4486020561/ref=sr_1_233?dib=eyJ2IjoiMSJ9.gRpWox0miDn7_wU7OTjFwNmF6nYE-uNJ7YpTe7bJ2j5acUNsKANcLM4IqtqHl6870aOV7Voki1b0VeUO_fDc39v0K4aWAIr_pMg3yyUVvYZ3Zc_bMwWWs6YTSxsQdB3wSc6uopx0RcdaIPO6Ovwue_LR8JfGzvZnXHutDCH697U.qpPba-E9DGgDeXBRxcoFdSj697GHfV-n_9Dmh5VkRgE&dib_tag=se&m=ANBW5NGGTP7SK&marketplaceID=A39IBJ37TRP1C6&qid=1777191004&refinements=p_36%3A22500-23000&s=merchant-items&sr=1-233&xpid=bVtupK6-BH5Ck#customerReviews,日本語でひく動物学名辞典
4486020561,,,,
4475000866,Tankobon Hardcover,226.37,https://www.amazon.com.au/%E6%97%A5%E6%9C%AC%E8%AA%9E%E3%83%9A%E3%83%AB%E3%82%B7%E3%82%A2%E8%AA%9E%E8%BE%9E%E5%85%B8-%E9%BB%92%E6%9F%B3-%E6%81%92%E7%94%B7/dp/4475000866/ref=sr_1_234?dib=eyJ2IjoiMSJ9.gRpWox0miDn7_wU7OTjFwNmF6nYE-uNJ7YpTe7bJ2j5acUNsKANcLM4IqtqHl6870aOV7Voki1b0VeUO_fDc39v0K4aWAIr_pMg3yyUVvYZ3Zc_bMwWWs6YTSxsQdB3wSc6uopx0RcdaIPO6Ovwue_LR8JfGzvZnXHutDCH697U.qpPba-E9DGgDeXBRxcoFdSj697GHfV-n_9Dmh5VkRgE&dib_tag=se&m=ANBW5NGGTP7SK&marketplaceID=A39IBJ37TRP1C6&qid=1777191004&refinements=p_36%3A22500-23000&s=merchant-items&sr=1-234&xpid=bVtupK6-BH5Ck#customerReviews,日本語ペルシア語辞典
4475000866,,,,
447500067X,Paperback Shinsho,228.5,https://www.amazon.com.au/ETSU-Nichi-Nichi-ETSU-gappon-jiten-Japanese/dp/447500067X/ref=sr_1_235?dib=eyJ2IjoiMSJ9.gRpWox0miDn7_wU7OTjFwNmF6nYE-uNJ7YpTe7bJ2j5acUNsKANcLM4IqtqHl6870aOV7Voki1b0VeUO_fDc39v0K4aWAIr_pMg3yyUVvYZ3Zc_bMwWWs6YTSxsQdB3wSc6uopx0RcdaIPO6Ovwue_LR8JfGzvZnXHutDCH697U.qpPba-E9DGgDeXBRxcoFdSj697GHfV-n_9Dmh5VkRgE&dib_tag=se&m=ANBW5NGGTP7SK&marketplaceID=A39IBJ37TRP1C6&qid=1777191004&refinements=p_36%3A22500-23000&s=merchant-items&sr=1-235&xpid=bVtupK6-BH5Ck#customerReviews,ETSU-Nichi Nichi-ETSU gappon jiten (Japanese Edition)
447500067X,,,,
443370010X,Tankobon Hardcover,227.26,https://www.amazon.com.au/%E4%BB%A4%E5%92%8C2%E5%B9%B4%E7%89%88-%E6%B3%95%E4%BA%BA%E7%A8%8E%E3%81%AE%E6%B1%BA%E7%AE%97%E8%AA%BF%E6%95%B4%E3%81%A8%E7%94%B3%E5%91%8A%E3%81%AE%E6%89%8B%E5%BC%95/dp/443370010X/ref=sr_1_241?dib=eyJ2IjoiMSJ9.TnLUuLbtgiZXUiHnoKm_xVnnHJKAKjCMSTjZO_vyIG_c2mRNqlYK5B2ASb7Ap5w7dEsT_T6Z1JGzEbyyffnLCw.0CFOwvGUMiDXVVKYKaYE6YTMv3o84eMk5CuSobqQSeQ&dib_tag=se&m=ANBW5NGGTP7SK&marketplaceID=A39IBJ37TRP1C6&qid=1777191010&refinements=p_36%3A22500-23000&s=merchant-items&sr=1-241&xpid=bVtupK6-BH5Ck#customerReviews,令和2年版 法人税の決算調整と申告の手引
443370010X,,,,
B07LBGJLM3,,229.38,https://www.amazon.com.au/Banpresto-Dragon-World-Figure-Colosseum2/dp/B07LBGJLM3/ref=sr_1_242?dib=eyJ2IjoiMSJ9.TnLUuLbtgiZXUiHnoKm_xVnnHJKAKjCMSTjZO_vyIG_c2mRNqlYK5B2ASb7Ap5w7dEsT_T6Z1JGzEbyyffnLCw.0CFOwvGUMiDXVVKYKaYE6YTMv3o84eMk5CuSobqQSeQ&dib_tag=se&m=ANBW5NGGTP7SK&marketplaceID=A39IBJ37TRP1C6&qid=1777191010&refinements=p_36%3A22500-23000&s=merchant-items&sr=1-242&xpid=bVtupK6-BH5Ck#customerReviews,Banpresto Dragon Ball Z Banpresto World Colosseum2 vol.4 Figure
4419067136,Tankobon Hardcover,226.82,https://www.amazon.com.au/%E7%9B%B8%E7%B6%9A%E7%A8%8E%E6%B3%95%E8%A6%81%E8%AA%AC-%E5%B1%B1%E5%86%85-%E3%82%B9%E3%82%B9%E3%83%A0/dp/4419067136/ref=sr_1_243?dib=eyJ2IjoiMSJ9.TnLUuLbtgiZXUiHnoKm_xVnnHJKAKjCMSTjZO_vyIG_c2mRNqlYK5B2ASb7Ap5w7dEsT_T6Z1JGzEbyyffnLCw.0CFOwvGUMiDXVVKYKaYE6YTMv3o84eMk5CuSobqQSeQ&dib_tag=se&m=ANBW5NGGTP7SK&marketplaceID=A39IBJ37TRP1C6&qid=1777191010&refinements=p_36%3A22500-23000&s=merchant-items&sr=1-243&xpid=bVtupK6-BH5Ck#customerReviews,相続税法要説
4419067136,,,,
4409031112,Tankobon Hardcover,225.09,https://www.amazon.com.au/%E3%82%B0%E3%83%8E%E3%83%BC%E3%82%B7%E3%82%B9%E3%81%AE%E5%AE%97%E6%95%99-%E5%A2%97%E8%A3%9C%E7%89%88-%E7%95%B0%E9%82%A6%E3%81%AE%E7%A5%9E%E3%81%AE%E7%A6%8F%E9%9F%B3%E3%81%A8%E3%82%AD%E3%83%AA%E3%82%B9%E3%83%88%E6%95%99%E3%81%AE%E7%AB%AF%E7%B7%92-%E3%83%8F%E3%83%B3%E3%82%B9-%E3%83%A8%E3%83%8A%E3%82%B9/dp/4409031112/ref=sr_1_244?dib=eyJ2IjoiMSJ9.TnLUuLbtgiZXUiHnoKm_xVnnHJKAKjCMSTjZO_vyIG_c2mRNqlYK5B2ASb7Ap5w7dEsT_T6Z1JGzEbyyffnLCw.0CFOwvGUMiDXVVKYKaYE6YTMv3o84eMk5CuSobqQSeQ&dib_tag=se&m=ANBW5NGGTP7SK&marketplaceID=A39IBJ37TRP1C6&qid=1777191010&refinements=p_36%3A22500-23000&s=merchant-items&sr=1-244&xpid=bVtupK6-BH5Ck#customerReviews,グノーシスの宗教 増補版: 異邦の神の福音とキリスト教の端緒
4409031112,,,,
B07GCH7F7F,,225.45,https://www.amazon.com.au/Bandai-Unicorn-Gundam-Coating-Plastic/dp/B07GCH7F7F/ref=sr_1_245?dib=eyJ2IjoiMSJ9.TnLUuLbtgiZXUiHnoKm_xVnnHJKAKjCMSTjZO_vyIG_c2mRNqlYK5B2ASb7Ap5w7dEsT_T6Z1JGzEbyyffnLCw.0CFOwvGUMiDXVVKYKaYE6YTMv3o84eMk5CuSobqQSeQ&dib_tag=se&m=ANBW5NGGTP7SK&marketplaceID=A39IBJ37TRP1C6&qid=1777191010&refinements=p_36%3A22500-23000&s=merchant-items&sr=1-245&xpid=bVtupK6-BH5Ck#customerReviews,Bandai 1/144 RG RX-0 Unicorn Gundam Gold Coating Plastic Kit
433900846X,Tankobon Hardcover,227.15,https://www.amazon.com.au/%E3%83%87%E3%82%A3%E3%82%B8%E3%82%BF%E3%83%AB%E7%A7%BB%E5%8B%95%E9%80%9A%E4%BF%A1%E6%8A%80%E8%A1%93%E3%81%AE%E3%81%99%E3%81%B9%E3%81%A6-%E8%B5%A4%E5%B2%A9%E8%8A%B3%E5%BD%A6/dp/433900846X/ref=sr_1_241?dib=eyJ2IjoiMSJ9.TUcZAsiCuxS_WxDnKsV4sQxlRoNfTShrHmOkc8Gch9JAu2ff0O971qsDMelWaEiGcajFmrhZ7cPmX1C6GYmepRol_jK3yRWN1raAS0MjzAhnTetRpUTDH5v2qEOqp-eLhKCL28Si-nHh-OkIGftbs9Jl7q82FAH3CusgFJ4Sl58.TThKgEJWgYrNSsP3KP4Ztf8eg6MBk7mtbXT-m6KVpok&dib_tag=se&m=ANBW5NGGTP7SK&marketplaceID=A39IBJ37TRP1C6&qid=1777191010&refinements=p_36%3A22500-23000&s=merchant-items&sr=1-241&xpid=bVtupK6-BH5Ck#customerReviews,ディジタル移動通信技術のすべて
433900846X,,,,
4326102713,Tankobon Hardcover,228.05,https://www.amazon.com.au/%E5%B8%9D%E5%9B%BD%E6%97%A5%E6%9C%AC%E3%81%AE%E7%A7%91%E5%AD%A6%E6%80%9D%E6%83%B3%E5%8F%B2-%E5%9D%82%E9%87%8E-%E5%BE%B9/dp/4326102713/ref=sr_1_242?dib=eyJ2IjoiMSJ9.TUcZAsiCuxS_WxDnKsV4sQxlRoNfTShrHmOkc8Gch9JAu2ff0O971qsDMelWaEiGcajFmrhZ7cPmX1C6GYmepRol_jK3yRWN1raAS0MjzAhnTetRpUTDH5v2qEOqp-eLhKCL28Si-nHh-OkIGftbs9Jl7q82FAH3CusgFJ4Sl58.TThKgEJWgYrNSsP3KP4Ztf8eg6MBk7mtbXT-m6KVpok&dib_tag=se&m=ANBW5NGGTP7SK&marketplaceID=A39IBJ37TRP1C6&qid=1777191010&refinements=p_36%3A22500-23000&s=merchant-items&sr=1-242&xpid=bVtupK6-BH5Ck#customerReviews,帝国日本の科学思想史
4326102713,,,,
B07VQ2VJRR,,228.83,https://www.amazon.com.au/SHIMANO-FD-RX810-Front-Derailleur-Braze/dp/B07VQ2VJRR/ref=sr_1_243?dib=eyJ2IjoiMSJ9.TUcZAsiCuxS_WxDnKsV4sQxlRoNfTShrHmOkc8Gch9JAu2ff0O971qsDMelWaEiGcajFmrhZ7cPmX1C6GYmepRol_jK3yRWN1raAS0MjzAhnTetRpUTDH5v2qEOqp-eLhKCL28Si-nHh-OkIGftbs9Jl7q82FAH3CusgFJ4Sl58.TThKgEJWgYrNSsP3KP4Ztf8eg6MBk7mtbXT-m6KVpok&dib_tag=se&m=ANBW5NGGTP7SK&marketplaceID=A39IBJ37TRP1C6&qid=1777191010&refinements=p_36%3A22500-23000&s=merchant-items&sr=1-243&xpid=bVtupK6-BH5Ck#customerReviews,SHIMANO FD-RX810 GRX Front DERAILLEUR
B07VQ2VJRR,,,,
4326102616,Tankobon Hardcover,229.69,https://www.amazon.com.au/%E6%98%8E%E6%B2%BB%E3%83%BB%E5%A4%A7%E6%AD%A3%E6%9C%9F%E3%81%AE%E7%A7%91%E5%AD%A6%E6%80%9D%E6%83%B3%E5%8F%B2/dp/4326102616/ref=sr_1_244?dib=eyJ2IjoiMSJ9.TUcZAsiCuxS_WxDnKsV4sQxlRoNfTShrHmOkc8Gch9JAu2ff0O971qsDMelWaEiGcajFmrhZ7cPmX1C6GYmepRol_jK3yRWN1raAS0MjzAhnTetRpUTDH5v2qEOqp-eLhKCL28Si-nHh-OkIGftbs9Jl7q82FAH3CusgFJ4Sl58.TThKgEJWgYrNSsP3KP4Ztf8eg6MBk7mtbXT-m6KVpok&dib_tag=se&m=ANBW5NGGTP7SK&marketplaceID=A39IBJ37TRP1C6&qid=1777191010&refinements=p_36%3A22500-23000&s=merchant-items&sr=1-244&xpid=bVtupK6-BH5Ck,明治・大正期の科学思想史
4326102616,,,,
4323043813,Hardcover,225.57,https://www.amazon.com.au/%E3%82%A2%E3%83%8B%E3%83%A1%E3%81%8A%E3%81%95%E3%82%8B%E3%81%AE%E3%82%B8%E3%83%A7%E3%83%BC%E3%82%B8-%E3%81%A8%E3%81%91%E3%81%84%E3%81%88%E3%81%BB%E3%82%93-%E3%81%AA%E3%82%93%E3%81%98-%E3%83%9E%E3%83%BC%E3%82%AC%E3%83%AC%E3%83%83%E3%83%88%E3%83%BB%E3%83%AC%E3%82%A4-%E3%83%8F%E3%83%B3%E3%82%B9%E3%83%BB%E3%82%A2%E3%82%A6%E3%82%B0%E3%82%B9%E3%83%88%E3%83%BB%E3%83%AC%E3%82%A4/dp/4323043813/ref=sr_1_245?dib=eyJ2IjoiMSJ9.TUcZAsiCuxS_WxDnKsV4sQxlRoNfTShrHmOkc8Gch9JAu2ff0O971qsDMelWaEiGcajFmrhZ7cPmX1C6GYmepRol_jK3yRWN1raAS0MjzAhnTetRpUTDH5v2qEOqp-eLhKCL28Si-nHh-OkIGftbs9Jl7q82FAH3CusgFJ4Sl58.TThKgEJWgYrNSsP3KP4Ztf8eg6MBk7mtbXT-m6KVpok&dib_tag=se&m=ANBW5NGGTP7SK&marketplaceID=A39IBJ37TRP1C6&qid=1777191010&refinements=p_36%3A22500-23000&s=merchant-items&sr=1-245&xpid=bVtupK6-BH5Ck#customerReviews,アニメおさるのジョージ とけいえほん いま なんじ?
4323043813,,,,
B074FFYTS9,,225.62,https://www.amazon.com.au/DAIWA-Bi-Axis-Counter-Tanah-Sensor/dp/B074FFYTS9/ref=sr_1_246?dib=eyJ2IjoiMSJ9.TUcZAsiCuxS_WxDnKsV4sQxlRoNfTShrHmOkc8Gch9JAu2ff0O971qsDMelWaEiGcajFmrhZ7cPmX1C6GYmepRol_jK3yRWN1raAS0MjzAhnTetRpUTDH5v2qEOqp-eLhKCL28Si-nHh-OkIGftbs9Jl7q82FAH3CusgFJ4Sl58.TThKgEJWgYrNSsP3KP4Ztf8eg6MBk7mtbXT-m6KVpok&dib_tag=se&m=ANBW5NGGTP7SK&marketplaceID=A39IBJ37TRP1C6&qid=1777191010&refinements=p_36%3A22500-23000&s=merchant-items&sr=1-246&xpid=bVtupK6-BH5Ck#customerReviews,"Daiwa 17 Biaxial Reel with Counter, Tana Sensor (2017 Model)"
B074FFYTS9,,,,
4322130461,Tankobon Hardcover,227.66,https://www.amazon.com.au/SE%E3%81%AE%E3%81%9F%E3%82%81%E3%81%AE%E9%87%91%E8%9E%8D%E5%AE%9F%E5%8B%99%E3%82%AD%E3%83%BC%E3%83%AF%E3%83%BC%E3%83%89%E4%BA%8B%E5%85%B8-%E5%AE%A4-%E5%8B%9D/dp/4322130461/ref=sr_1_247?dib=eyJ2IjoiMSJ9.TUcZAsiCuxS_WxDnKsV4sQxlRoNfTShrHmOkc8Gch9JAu2ff0O971qsDMelWaEiGcajFmrhZ7cPmX1C6GYmepRol_jK3yRWN1raAS0MjzAhnTetRpUTDH5v2qEOqp-eLhKCL28Si-nHh-OkIGftbs9Jl7q82FAH3CusgFJ4Sl58.TThKgEJWgYrNSsP3KP4Ztf8eg6MBk7mtbXT-m6KVpok&dib_tag=se&m=ANBW5NGGTP7SK&marketplaceID=A39IBJ37TRP1C6&qid=1777191010&refinements=p_36%3A22500-23000&s=merchant-items&sr=1-247&xpid=bVtupK6-BH5Ck#customerReviews,SEのための金融実務キーワード事典
4322130461,,,,
4320124596,Tankobon Hardcover,226.82,https://www.amazon.com.au/%E4%B8%8D%E7%A2%BA%E5%AE%9A%E6%80%A7%E4%B8%8B%E3%81%AE%E6%84%8F%E6%80%9D%E6%B1%BA%E5%AE%9A-%E3%82%B3%E3%83%83%E3%83%98%E3%83%B3%E3%83%80%E3%83%BC%E3%83%95%E3%82%A1%E3%83%BC/dp/4320124596/ref=sr_1_248?dib=eyJ2IjoiMSJ9.TUcZAsiCuxS_WxDnKsV4sQxlRoNfTShrHmOkc8Gch9JAu2ff0O971qsDMelWaEiGcajFmrhZ7cPmX1C6GYmepRol_jK3yRWN1raAS0MjzAhnTetRpUTDH5v2qEOqp-eLhKCL28Si-nHh-OkIGftbs9Jl7q82FAH3CusgFJ4Sl58.TThKgEJWgYrNSsP3KP4Ztf8eg6MBk7mtbXT-m6KVpok&dib_tag=se&m=ANBW5NGGTP7SK&marketplaceID=A39IBJ37TRP1C6&qid=1777191010&refinements=p_36%3A22500-23000&s=merchant-items&sr=1-248&xpid=bVtupK6-BH5Ck#customerReviews,不確定性下の意思決定
4320124596,,,,
B00FL35AEC,,226.93,https://www.amazon.com.au/Armor-Ronin-Warriors-Kikoutei-Hatsudoh/dp/B00FL35AEC/ref=sr_1_249?dib=eyJ2IjoiMSJ9.TUcZAsiCuxS_WxDnKsV4sQxlRoNfTShrHmOkc8Gch9JAu2ff0O971qsDMelWaEiGcajFmrhZ7cPmX1C6GYmepRol_jK3yRWN1raAS0MjzAhnTetRpUTDH5v2qEOqp-eLhKCL28Si-nHh-OkIGftbs9Jl7q82FAH3CusgFJ4Sl58.TThKgEJWgYrNSsP3KP4Ztf8eg6MBk7mtbXT-m6KVpok&dib_tag=se&m=ANBW5NGGTP7SK&marketplaceID=A39IBJ37TRP1C6&qid=1777191010&refinements=p_36%3A22500-23000&s=merchant-items&sr=1-249&xpid=bVtupK6-BH5Ck#customerReviews,Armor Plus Ronin Warriors Kikoutei Rekka Hatsudoh color ver.
4307204522,Tankobon Hardcover,226.82,https://www.amazon.com.au/%E9%96%80%E8%84%88%E5%9C%A7%E4%BA%A2%E9%80%B2%E7%97%87%E5%8F%96%E6%89%B1%E3%81%84%E8%A6%8F%E7%B4%84-%E7%AC%AC4%E7%89%88/dp/4307204522/ref=sr_1_250?dib=eyJ2IjoiMSJ9.TUcZAsiCuxS_WxDnKsV4sQxlRoNfTShrHmOkc8Gch9JAu2ff0O971qsDMelWaEiGcajFmrhZ7cPmX1C6GYmepRol_jK3yRWN1raAS0MjzAhnTetRpUTDH5v2qEOqp-eLhKCL28Si-nHh-OkIGftbs9Jl7q82FAH3CusgFJ4Sl58.TThKgEJWgYrNSsP3KP4Ztf8eg6MBk7mtbXT-m6KVpok&dib_tag=se&m=ANBW5NGGTP7SK&marketplaceID=A39IBJ37TRP1C6&qid=1777191010&refinements=p_36%3A22500-23000&s=merchant-items&sr=1-250&xpid=bVtupK6-BH5Ck#customerReviews,門脈圧亢進症取扱い規約 第4版
4307204522,,,,
427422225X,Tankobon Hardcover,229.45,https://www.amazon.com.au/2019%E5%B9%B4%E7%89%88-%E8%A8%BA%E7%99%82%E6%94%BE%E5%B0%84%E7%B7%9A%E6%8A%80%E5%B8%AB%E5%9B%BD%E5%AE%B6%E8%A9%A6%E9%A8%93-%E5%90%88%E6%A0%BC-My%E3%83%86%E3%82%AD%E3%82%B9%E3%83%88-%E9%81%8E%E5%8E%BB%E5%95%8F%E3%83%87%E3%83%BC%E3%82%BF%E3%83%99%E3%83%BC%E3%82%B9/dp/427422225X/ref=sr_1_251?dib=eyJ2IjoiMSJ9.TUcZAsiCuxS_WxDnKsV4sQxlRoNfTShrHmOkc8Gch9JAu2ff0O971qsDMelWaEiGcajFmrhZ7cPmX1C6GYmepRol_jK3yRWN1raAS0MjzAhnTetRpUTDH5v2qEOqp-eLhKCL28Si-nHh-OkIGftbs9Jl7q82FAH3CusgFJ4Sl58.TThKgEJWgYrNSsP3KP4Ztf8eg6MBk7mtbXT-m6KVpok&dib_tag=se&m=ANBW5NGGTP7SK&marketplaceID=A39IBJ37TRP1C6&qid=1777191010&refinements=p_36%3A22500-23000&s=merchant-items&sr=1-251&xpid=bVtupK6-BH5Ck#customerReviews,2019年版 診療放射線技師国家試験 合格!Myテキスト: -過去問データベース+模擬問題付-
427422225X,,,,
B00DT0155W,,227.2,https://www.amazon.com.au/SHIMANO-Shimano-BB-7710-bracket-EBB7710B09NS/dp/B00DT0155W/ref=sr_1_257?dib=eyJ2IjoiMSJ9.6JJq-qqdTb1HrzvSRBZygq0cI7zCZVIDaQ9yddAnycgw5aePCiZbhSeiansZXhgh3rbTPcxHLoeXkdygvY63NA.O6UvWk4X-FS5mV7db1C5Rr-SNNwaxWPMt61qN22w1IY&dib_tag=se&m=ANBW5NGGTP7SK&marketplaceID=A39IBJ37TRP1C6&qid=1777191015&refinements=p_36%3A22500-23000&s=merchant-items&sr=1-257&xpid=bVtupK6-BH5Ck#customerReviews,SHIMANO (Shimano) BB-7710 68BSA NJS bottom bracket 110mm EBB7710B09NS
B00DT0155W,,,,
4260053310,Tankobon Hardcover,226.82,https://www.amazon.com.au/%E5%85%8D%E7%96%AB%E6%9F%93%E8%89%B2%E3%83%91%E3%83%BC%E3%83%95%E3%82%A7%E3%82%AF%E3%83%88%E3%82%AC%E3%82%A4%E3%83%89-Web%E5%8B%95%E7%94%BB%E4%BB%98/dp/4260053310/ref=sr_1_258?dib=eyJ2IjoiMSJ9.6JJq-qqdTb1HrzvSRBZygq0cI7zCZVIDaQ9yddAnycgw5aePCiZbhSeiansZXhgh3rbTPcxHLoeXkdygvY63NA.O6UvWk4X-FS5mV7db1C5Rr-SNNwaxWPMt61qN22w1IY&dib_tag=se&m=ANBW5NGGTP7SK&marketplaceID=A39IBJ37TRP1C6&qid=1777191015&refinements=p_36%3A22500-23000&s=merchant-items&sr=1-258&xpid=bVtupK6-BH5Ck#customerReviews,免疫染色パーフェクトガイド[Web動画付]
4260053310,,,,
4260032313,Tankobon Hardcover,228.53,https://www.amazon.com.au/%E8%AA%8D%E7%9F%A5%E7%97%87%E3%82%A4%E3%83%A1%E3%83%BC%E3%82%B8%E3%83%B3%E3%82%B0%E3%83%86%E3%82%AD%E3%82%B9%E3%83%88-%E7%94%BB%E5%83%8F%E3%81%A8%E7%97%85%E7%90%86%E3%81%8B%E3%82%89%E8%A6%8B%E3%81%9F%E7%96%BE%E6%82%A3%E3%81%AE%E3%83%A1%E3%82%AB%E3%83%8B%E3%82%BA%E3%83%A0/dp/4260032313/ref=sr_1_259?dib=eyJ2IjoiMSJ9.6JJq-qqdTb1HrzvSRBZygq0cI7zCZVIDaQ9yddAnycgw5aePCiZbhSeiansZXhgh3rbTPcxHLoeXkdygvY63NA.O6UvWk4X-FS5mV7db1C5Rr-SNNwaxWPMt61qN22w1IY&dib_tag=se&m=ANBW5NGGTP7SK&marketplaceID=A39IBJ37TRP1C6&qid=1777191015&refinements=p_36%3A22500-23000&s=merchant-items&sr=1-259&xpid=bVtupK6-BH5Ck#customerReviews,認知症イメージングテキスト: 画像と病理から見た疾患のメカニズム
4260032313,,,,
B002P8QT96,,230.66,https://www.amazon.com.au/Nitto-16229-High-Brooch-One-Touch/dp/B002P8QT96/ref=sr_1_260?dib=eyJ2IjoiMSJ9.6JJq-qqdTb1HrzvSRBZygq0cI7zCZVIDaQ9yddAnycgw5aePCiZbhSeiansZXhgh3rbTPcxHLoeXkdygvY63NA.O6UvWk4X-FS5mV7db1C5Rr-SNNwaxWPMt61qN22w1IY&dib_tag=se&m=ANBW5NGGTP7SK&marketplaceID=A39IBJ37TRP1C6&qid=1777191015&refinements=p_36%3A22500-23000&s=merchant-items&sr=1-260&xpid=bVtupK6-BH5Ck,Nitto No. 16229 High Brooch One-Touch Type
B002P8QT96,,,,
426000610X,Tankobon Hardcover,227.91,https://www.amazon.com.au/%E3%82%AB%E3%83%AB%E3%83%9A%E3%83%8B%E3%83%BC%E3%83%88%E7%9C%8B%E8%AD%B7%E8%A8%BA%E6%96%AD%E3%83%9E%E3%83%8B%E3%83%A5%E3%82%A2%E3%83%AB/dp/426000610X/ref=sr_1_261?dib=eyJ2IjoiMSJ9.6JJq-qqdTb1HrzvSRBZygq0cI7zCZVIDaQ9yddAnycgw5aePCiZbhSeiansZXhgh3rbTPcxHLoeXkdygvY63NA.O6UvWk4X-FS5mV7db1C5Rr-SNNwaxWPMt61qN22w1IY&dib_tag=se&m=ANBW5NGGTP7SK&marketplaceID=A39IBJ37TRP1C6&qid=1777191015&refinements=p_36%3A22500-23000&s=merchant-items&sr=1-261&xpid=bVtupK6-BH5Ck#customerReviews,カルペニート看護診断マニュアル
426000610X,,,,
4260001035,Tankobon Hardcover,226.82,https://www.amazon.com.au/%E5%9B%B3%E3%81%A7%E8%AA%AC%E3%81%8F%E6%95%B4%E5%BD%A2%E5%A4%96%E7%A7%91%E7%96%BE%E6%82%A3_%E5%A4%96%E6%9D%A5%E8%A8%BA%E7%99%82%E3%81%AE%E3%83%92%E3%83%B3%E3%83%88-%E5%AF%BA%E5%B1%B1-%E5%92%8C%E9%9B%84/dp/4260001035/ref=sr_1_257?dib=eyJ2IjoiMSJ9.4bUlR9B3UUZBwbZJsROcO_6zEwhmtdffI99-vpdaiR0ZZ7bQknAC_QXlx0RWelvEB25m72ZRWSTXmebSW7NhCoy3YlyydmzMgEXmY17ee6tCtiM13KIFLmabpBBdBz7BK9iHphTwcPCSVvUb1gZ7qRJ_4caYoHi4tfKv0jm9Iuo.zFxOkE1t5VHrAEbUgoDAxeNpiemHnVuKBP_Nlpz5bDY&dib_tag=se&m=ANBW5NGGTP7SK&marketplaceID=A39IBJ37TRP1C6&qid=1777191015&refinements=p_36%3A22500-23000&s=merchant-items&sr=1-257&xpid=bVtupK6-BH5Ck#customerReviews,図で説く整形外科疾患―外来診療のヒント
4260001035,,,,
B0012Z1K7O,,226.58,https://www.amazon.com.au/FRONT-WHEEL-SHIMANO-100X142MM-I-HB7710BFO/dp/B0012Z1K7O/ref=sr_1_258?dib=eyJ2IjoiMSJ9.4bUlR9B3UUZBwbZJsROcO_6zEwhmtdffI99-vpdaiR0ZZ7bQknAC_QXlx0RWelvEB25m72ZRWSTXmebSW7NhCoy3YlyydmzMgEXmY17ee6tCtiM13KIFLmabpBBdBz7BK9iHphTwcPCSVvUb1gZ7qRJ_4caYoHi4tfKv0jm9Iuo.zFxOkE1t5VHrAEbUgoDAxeNpiemHnVuKBP_Nlpz5bDY&dib_tag=se&m=ANBW5NGGTP7SK&marketplaceID=A39IBJ37TRP1C6&qid=1777191015&refinements=p_36%3A22500-23000&s=merchant-items&sr=1-258&xpid=bVtupK6-BH5Ck#customerReviews,"SHIMANO Dura Ace Front Hub Spawning 32 Punches, 100X142 MM (M9) I-HB7710BFO"
B0012Z1K7O,,,,
4254470282,Tankobon Hardcover,226.82,https://www.amazon.com.au/Trees-Medicine/dp/4254470282/ref=sr_1_259?dib=eyJ2IjoiMSJ9.4bUlR9B3UUZBwbZJsROcO_6zEwhmtdffI99-vpdaiR0ZZ7bQknAC_QXlx0RWelvEB25m72ZRWSTXmebSW7NhCoy3YlyydmzMgEXmY17ee6tCtiM13KIFLmabpBBdBz7BK9iHphTwcPCSVvUb1gZ7qRJ_4caYoHi4tfKv0jm9Iuo.zFxOkE1t5VHrAEbUgoDAxeNpiemHnVuKBP_Nlpz5bDY&dib_tag=se&m=ANBW5NGGTP7SK&marketplaceID=A39IBJ37TRP1C6&qid=1777191015&refinements=p_36%3A22500-23000&s=merchant-items&sr=1-259&xpid=bVtupK6-BH5Ck#customerReviews,Trees Medicine
4254470282,,,,
4254180543,Tankobon Hardcover,226.72,https://www.amazon.com.au/%E5%A4%A7%E6%B0%97%E7%92%B0%E5%A2%83%E3%81%AE%E4%BA%8B%E5%85%B8/dp/4254180543/ref=sr_1_260?dib=eyJ2IjoiMSJ9.4bUlR9B3UUZBwbZJsROcO_6zEwhmtdffI99-vpdaiR0ZZ7bQknAC_QXlx0RWelvEB25m72ZRWSTXmebSW7NhCoy3YlyydmzMgEXmY17ee6tCtiM13KIFLmabpBBdBz7BK9iHphTwcPCSVvUb1gZ7qRJ_4caYoHi4tfKv0jm9Iuo.zFxOkE1t5VHrAEbUgoDAxeNpiemHnVuKBP_Nlpz5bDY&dib_tag=se&m=ANBW5NGGTP7SK&marketplaceID=A39IBJ37TRP1C6&qid=1777191015&refinements=p_36%3A22500-23000&s=merchant-items&sr=1-260&xpid=bVtupK6-BH5Ck,大気環境の事典
4254180543,,,,
B07F2L3Z45,,226.09,https://www.amazon.com.au/Shimano-SM-CRM95-Single-Chainring-M9100/dp/B07F2L3Z45/ref=sr_1_261?dib=eyJ2IjoiMSJ9.4bUlR9B3UUZBwbZJsROcO_6zEwhmtdffI99-vpdaiR0ZZ7bQknAC_QXlx0RWelvEB25m72ZRWSTXmebSW7NhCoy3YlyydmzMgEXmY17ee6tCtiM13KIFLmabpBBdBz7BK9iHphTwcPCSVvUb1gZ7qRJ_4caYoHi4tfKv0jm9Iuo.zFxOkE1t5VHrAEbUgoDAxeNpiemHnVuKBP_Nlpz5bDY&dib_tag=se&m=ANBW5NGGTP7SK&marketplaceID=A39IBJ37TRP1C6&qid=1777191015&refinements=p_36%3A22500-23000&s=merchant-items&sr=1-261&xpid=bVtupK6-BH5Ck#customerReviews,Shimano XTR SM-CRM95 Chainring for FC-M9100/FC-M9120
B07F2L3Z45,,,,
425416078X,Tankobon Hardcover,226.34,https://www.amazon.com.au/%E7%94%9F%E5%91%BD%E8%B5%B7%E6%BA%90%E3%81%AE%E4%BA%8B%E5%85%B8/dp/425416078X/ref=sr_1_262?dib=eyJ2IjoiMSJ9.4bUlR9B3UUZBwbZJsROcO_6zEwhmtdffI99-vpdaiR0ZZ7bQknAC_QXlx0RWelvEB25m72ZRWSTXmebSW7NhCoy3YlyydmzMgEXmY17ee6tCtiM13KIFLmabpBBdBz7BK9iHphTwcPCSVvUb1gZ7qRJ_4caYoHi4tfKv0jm9Iuo.zFxOkE1t5VHrAEbUgoDAxeNpiemHnVuKBP_Nlpz5bDY&dib_tag=se&m=ANBW5NGGTP7SK&marketplaceID=A39IBJ37TRP1C6&qid=1777191015&refinements=p_36%3A22500-23000&s=merchant-items&sr=1-262&xpid=bVtupK6-BH5Ck#customerReviews,生命起源の事典
425416078X,,,,
4254160364,Tankobon Hardcover,226.08,https://www.amazon.com.au/%E7%AC%AC%E5%9B%9B%E7%B4%80%E5%AD%A6-%E7%94%BA%E7%94%B0-%E6%B4%8B/dp/4254160364/ref=sr_1_263?dib=eyJ2IjoiMSJ9.4bUlR9B3UUZBwbZJsROcO_6zEwhmtdffI99-vpdaiR0ZZ7bQknAC_QXlx0RWelvEB25m72ZRWSTXmebSW7NhCoy3YlyydmzMgEXmY17ee6tCtiM13KIFLmabpBBdBz7BK9iHphTwcPCSVvUb1gZ7qRJ_4caYoHi4tfKv0jm9Iuo.zFxOkE1t5VHrAEbUgoDAxeNpiemHnVuKBP_Nlpz5bDY&dib_tag=se&m=ANBW5NGGTP7SK&marketplaceID=A39IBJ37TRP1C6&qid=1777191015&refinements=p_36%3A22500-23000&s=merchant-items&sr=1-263&xpid=bVtupK6-BH5Ck,第四紀学
4254160364,,,,
B07YMWDGDN,,228.06,https://www.amazon.com.au/SHIMANO-10-Speed-Bicycle-Rear-Derailleur/dp/B07YMWDGDN/ref=sr_1_264?dib=eyJ2IjoiMSJ9.4bUlR9B3UUZBwbZJsROcO_6zEwhmtdffI99-vpdaiR0ZZ7bQknAC_QXlx0RWelvEB25m72ZRWSTXmebSW7NhCoy3YlyydmzMgEXmY17ee6tCtiM13KIFLmabpBBdBz7BK9iHphTwcPCSVvUb1gZ7qRJ_4caYoHi4tfKv0jm9Iuo.zFxOkE1t5VHrAEbUgoDAxeNpiemHnVuKBP_Nlpz5bDY&dib_tag=se&m=ANBW5NGGTP7SK&marketplaceID=A39IBJ37TRP1C6&qid=1777191015&refinements=p_36%3A22500-23000&s=merchant-items&sr=1-264&xpid=bVtupK6-BH5Ck#customerReviews,Shimano RD-RX400 GRX Rear DERAILLEUR 10SPD
B07YMWDGDN,,,,
4130664085,Tankobon Hardcover,229.85,https://www.amazon.com.au/Psychiatric-evaluation-feigned-illness-ISBN/dp/4130664085/ref=sr_1_265?dib=eyJ2IjoiMSJ9.4bUlR9B3UUZBwbZJsROcO_6zEwhmtdffI99-vpdaiR0ZZ7bQknAC_QXlx0RWelvEB25m72ZRWSTXmebSW7NhCoy3YlyydmzMgEXmY17ee6tCtiM13KIFLmabpBBdBz7BK9iHphTwcPCSVvUb1gZ7qRJ_4caYoHi4tfKv0jm9Iuo.zFxOkE1t5VHrAEbUgoDAxeNpiemHnVuKBP_Nlpz5bDY&dib_tag=se&m=ANBW5NGGTP7SK&marketplaceID=A39IBJ37TRP1C6&qid=1777191015&refinements=p_36%3A22500-23000&s=merchant-items&sr=1-265&xpid=bVtupK6-BH5Ck#customerReviews,Psychiatric evaluation and feigned illness (2012) ISBN: 4130664085 [Japanese Import]
4130664085,,,,
4130561243,Tankobon Hardcover,227.66,https://www.amazon.com.au/%E9%83%B7%E5%9C%9F%E4%B8%AD%E5%9B%BD%E3%83%BB%E9%83%B7%E5%9C%9F%E5%86%8D%E5%BB%BA-%E8%B2%BB-%E5%AD%9D%E9%80%9A/dp/4130561243/ref=sr_1_266?dib=eyJ2IjoiMSJ9.4bUlR9B3UUZBwbZJsROcO_6zEwhmtdffI99-vpdaiR0ZZ7bQknAC_QXlx0RWelvEB25m72ZRWSTXmebSW7NhCoy3YlyydmzMgEXmY17ee6tCtiM13KIFLmabpBBdBz7BK9iHphTwcPCSVvUb1gZ7qRJ_4caYoHi4tfKv0jm9Iuo.zFxOkE1t5VHrAEbUgoDAxeNpiemHnVuKBP_Nlpz5bDY&dib_tag=se&m=ANBW5NGGTP7SK&marketplaceID=A39IBJ37TRP1C6&qid=1777191015&refinements=p_36%3A22500-23000&s=merchant-items&sr=1-266&xpid=bVtupK6-BH5Ck,郷土中国・郷土再建
4130561243,,,,
B07NQ7CQXR,,228.37,https://www.amazon.com.au/Cells-Work-Platelet-PVC-Figure/dp/B07NQ7CQXR/ref=sr_1_267?dib=eyJ2IjoiMSJ9.4bUlR9B3UUZBwbZJsROcO_6zEwhmtdffI99-vpdaiR0ZZ7bQknAC_QXlx0RWelvEB25m72ZRWSTXmebSW7NhCoy3YlyydmzMgEXmY17ee6tCtiM13KIFLmabpBBdBz7BK9iHphTwcPCSVvUb1gZ7qRJ_4caYoHi4tfKv0jm9Iuo.zFxOkE1t5VHrAEbUgoDAxeNpiemHnVuKBP_Nlpz5bDY&dib_tag=se&m=ANBW5NGGTP7SK&marketplaceID=A39IBJ37TRP1C6&qid=1777191015&refinements=p_36%3A22500-23000&s=merchant-items&sr=1-267&xpid=bVtupK6-BH5Ck,Cells at Work: Platelet PVC Figure
B07GC93LLS,,228.03,https://www.amazon.com.au/Daiwa-Reel-Regal-LT3000-CXH/dp/B07GC93LLS/ref=sr_1_273?dib=eyJ2IjoiMSJ9.lh32e8LzmqV2GGIUv0FvHflaZpyNA5lU7wgXxkIHNXlrwBgKK9OMgpeqWV25b9yYDkWTFj08gZop60aoZDdw4Q.hWWmCPQrcoEdY9hRMXgH4OI7paf8Tk42f8TaPzFpwLo&dib_tag=se&m=ANBW5NGGTP7SK&marketplaceID=A39IBJ37TRP1C6&qid=1777191021&refinements=p_36%3A22500-23000&s=merchant-items&sr=1-273&xpid=bVtupK6-BH5Ck#customerReviews,Daiwa 18 Legalis LT Spinning Reel (2018 Model)
B07GC93LLS,,,,
B0CD1WQJ2R,,229.78,https://www.amazon.com.au/Prog-68166-Backpack-beige-H32%C3%97W24%C3%97D14cm/dp/B0CD1WQJ2R/ref=sr_1_274?dib=eyJ2IjoiMSJ9.lh32e8LzmqV2GGIUv0FvHflaZpyNA5lU7wgXxkIHNXlrwBgKK9OMgpeqWV25b9yYDkWTFj08gZop60aoZDdw4Q.hWWmCPQrcoEdY9hRMXgH4OI7paf8Tk42f8TaPzFpwLo&dib_tag=se&m=ANBW5NGGTP7SK&marketplaceID=A39IBJ37TRP1C6&qid=1777191021&refinements=p_36%3A22500-23000&s=merchant-items&sr=1-274&xpid=bVtupK6-BH5Ck,"Prog No. 68166 Prie Backpack, beige, H32×W24×D14cm"
B0CD1WQJ2R,,,,
B004CHGPYM,,225.56,https://www.amazon.com.au/mountain-stream-Kiyose-contrast-fishing/dp/B004CHGPYM/ref=sr_1_275?dib=eyJ2IjoiMSJ9.lh32e8LzmqV2GGIUv0FvHflaZpyNA5lU7wgXxkIHNXlrwBgKK9OMgpeqWV25b9yYDkWTFj08gZop60aoZDdw4Q.hWWmCPQrcoEdY9hRMXgH4OI7paf8Tk42f8TaPzFpwLo&dib_tag=se&m=ANBW5NGGTP7SK&marketplaceID=A39IBJ37TRP1C6&qid=1777191021&refinements=p_36%3A22500-23000&s=merchant-items&sr=1-275&xpid=bVtupK6-BH5Ck#customerReviews,"Daiwa Kotsugu Kiyose F Mountain Stream Rod, Hard Tone"
B004CHGPYM,,,,
B00AY2XA9C,,229.17,https://www.amazon.com.au/Mobile-Suit-Gundam-Robot-Damashii/dp/B00AY2XA9C/ref=sr_1_276?dib=eyJ2IjoiMSJ9.lh32e8LzmqV2GGIUv0FvHflaZpyNA5lU7wgXxkIHNXlrwBgKK9OMgpeqWV25b9yYDkWTFj08gZop60aoZDdw4Q.hWWmCPQrcoEdY9hRMXgH4OI7paf8Tk42f8TaPzFpwLo&dib_tag=se&m=ANBW5NGGTP7SK&marketplaceID=A39IBJ37TRP1C6&qid=1777191021&refinements=p_36%3A22500-23000&s=merchant-items&sr=1-276&xpid=bVtupK6-BH5Ck#customerReviews,"Bandai Hobby Mobile Suit Zeta Gundam X Robot Damashii - Bolinoak Samaan Model Kit, Small, Ages 6+, Includes All Necessary Parts"
B01N0LB3Y6,,226.92,https://www.amazon.com.au/Airsept-AIR76213-Line-Splice-Service/dp/B01N0LB3Y6/ref=sr_1_277?dib=eyJ2IjoiMSJ9.lh32e8LzmqV2GGIUv0FvHflaZpyNA5lU7wgXxkIHNXlrwBgKK9OMgpeqWV25b9yYDkWTFj08gZop60aoZDdw4Q.hWWmCPQrcoEdY9hRMXgH4OI7paf8Tk42f8TaPzFpwLo&dib_tag=se&m=ANBW5NGGTP7SK&marketplaceID=A39IBJ37TRP1C6&qid=1777191021&refinements=p_36%3A22500-23000&s=merchant-items&sr=1-277&xpid=bVtupK6-BH5Ck,Airsept AIR76213 Line Splice Hi Side Service T 3/8 OD
B01N0LB3Y6,,,,
B07F61HVV2,,226.22,https://www.amazon.com.au/Spinsterz-Weighted-Adults-Beginners-Eudialyte/dp/B07F61HVV2/ref=sr_1_273?dib=eyJ2IjoiMSJ9.n-jiDrrkCfOl18Txkt6dn5zl_ymBeh3gioTlLsBFuJX5lj9k6e5An_hUpSkwslhXNupbwFLYDSjjjY3Ek6DtczSXqBr5fOk9bqay_-MHBWevlPs-elx-_5Gn3RuTUT3hlNDgHEGct33BisSPYkzI4c4XkAPVJK8wtLvhiPqJEeg.yK_C8lJS8LUhuxR4xZOebBRSF_Cwh0S9dS3V6z8mdTo&dib_tag=se&m=ANBW5NGGTP7SK&marketplaceID=A39IBJ37TRP1C6&qid=1777191021&refinements=p_36%3A22500-23000&s=merchant-items&sr=1-273&xpid=bVtupK6-BH5Ck#customerReviews,Weighted Hula Hoop for Exercise. Makers of Dance Hula Hoops for Adult Beginners. Made in The USA.
B07F61HVV2,,,,
B077M28N3L,,231.81,https://www.amazon.com.au/One-Control-Super-Apricot-OD/dp/B077M28N3L/ref=sr_1_274?dib=eyJ2IjoiMSJ9.n-jiDrrkCfOl18Txkt6dn5zl_ymBeh3gioTlLsBFuJX5lj9k6e5An_hUpSkwslhXNupbwFLYDSjjjY3Ek6DtczSXqBr5fOk9bqay_-MHBWevlPs-elx-_5Gn3RuTUT3hlNDgHEGct33BisSPYkzI4c4XkAPVJK8wtLvhiPqJEeg.yK_C8lJS8LUhuxR4xZOebBRSF_Cwh0S9dS3V6z8mdTo&dib_tag=se&m=ANBW5NGGTP7SK&marketplaceID=A39IBJ37TRP1C6&qid=1777191021&refinements=p_36%3A22500-23000&s=merchant-items&sr=1-274&xpid=bVtupK6-BH5Ck,One Control / Super Apricot OD
B077M28N3L,,,,
B01N689PG3,,227.91,https://www.amazon.com.au/PRO-Seatpost-R20RSP0171X-Black-31-6mm/dp/B01N689PG3/ref=sr_1_275?dib=eyJ2IjoiMSJ9.n-jiDrrkCfOl18Txkt6dn5zl_ymBeh3gioTlLsBFuJX5lj9k6e5An_hUpSkwslhXNupbwFLYDSjjjY3Ek6DtczSXqBr5fOk9bqay_-MHBWevlPs-elx-_5Gn3RuTUT3hlNDgHEGct33BisSPYkzI4c4XkAPVJK8wtLvhiPqJEeg.yK_C8lJS8LUhuxR4xZOebBRSF_Cwh0S9dS3V6z8mdTo&dib_tag=se&m=ANBW5NGGTP7SK&marketplaceID=A39IBJ37TRP1C6&qid=1777191021&refinements=p_36%3A22500-23000&s=merchant-items&sr=1-275&xpid=bVtupK6-BH5Ck,PRO Vibe Seatpost R20RSP0171X Black 31.6mm 350mm 0mm
B01N689PG3,,,,
B01MUFZEHA,,225.81,https://www.amazon.com.au/Bandai-Tamashii-Nations-Project-Sentinel/dp/B01MUFZEHA/ref=sr_1_276?dib=eyJ2IjoiMSJ9.n-jiDrrkCfOl18Txkt6dn5zl_ymBeh3gioTlLsBFuJX5lj9k6e5An_hUpSkwslhXNupbwFLYDSjjjY3Ek6DtczSXqBr5fOk9bqay_-MHBWevlPs-elx-_5Gn3RuTUT3hlNDgHEGct33BisSPYkzI4c4XkAPVJK8wtLvhiPqJEeg.yK_C8lJS8LUhuxR4xZOebBRSF_Cwh0S9dS3V6z8mdTo&dib_tag=se&m=ANBW5NGGTP7SK&marketplaceID=A39IBJ37TRP1C6&qid=1777191021&refinements=p_36%3A22500-23000&s=merchant-items&sr=1-276&xpid=bVtupK6-BH5Ck#customerReviews,Bandai Tamashii Nations Armor Girls Project MS Girl S Gundam Gundam Sentinel Action Figure
B00T7EKLBS,,228.86,https://www.amazon.com.au/Shokugan-Sougo-Figure-Gintama-Styling/dp/B00T7EKLBS/ref=sr_1_277?dib=eyJ2IjoiMSJ9.n-jiDrrkCfOl18Txkt6dn5zl_ymBeh3gioTlLsBFuJX5lj9k6e5An_hUpSkwslhXNupbwFLYDSjjjY3Ek6DtczSXqBr5fOk9bqay_-MHBWevlPs-elx-_5Gn3RuTUT3hlNDgHEGct33BisSPYkzI4c4XkAPVJK8wtLvhiPqJEeg.yK_C8lJS8LUhuxR4xZOebBRSF_Cwh0S9dS3V6z8mdTo&dib_tag=se&m=ANBW5NGGTP7SK&marketplaceID=A39IBJ37TRP1C6&qid=1777191021&refinements=p_36%3A22500-23000&s=merchant-items&sr=1-277&xpid=bVtupK6-BH5Ck#customerReviews,"Shokugan Sougo Okita Figure, New Gintama Styling Volume 1"
B00NCIOSIM,,227.14,https://www.amazon.com.au/Shimano-spatula-umbrellas-MR-011M-champagne/dp/B00NCIOSIM/ref=sr_1_278?dib=eyJ2IjoiMSJ9.n-jiDrrkCfOl18Txkt6dn5zl_ymBeh3gioTlLsBFuJX5lj9k6e5An_hUpSkwslhXNupbwFLYDSjjjY3Ek6DtczSXqBr5fOk9bqay_-MHBWevlPs-elx-_5Gn3RuTUT3hlNDgHEGct33BisSPYkzI4c4XkAPVJK8wtLvhiPqJEeg.yK_C8lJS8LUhuxR4xZOebBRSF_Cwh0S9dS3V6z8mdTo&dib_tag=se&m=ANBW5NGGTP7SK&marketplaceID=A39IBJ37TRP1C6&qid=1777191021&refinements=p_36%3A22500-23000&s=merchant-items&sr=1-278&xpid=bVtupK6-BH5Ck#customerReviews,Shimano spatula umbrellas vise MR-011M champagne gold
B00NCIOSIM,,,,
B00BWFORQA,,233.37,https://www.amazon.com.au/Tail-tailwalk-Super-81MGL-19036/dp/B00BWFORQA/ref=sr_1_279?dib=eyJ2IjoiMSJ9.n-jiDrrkCfOl18Txkt6dn5zl_ymBeh3gioTlLsBFuJX5lj9k6e5An_hUpSkwslhXNupbwFLYDSjjjY3Ek6DtczSXqBr5fOk9bqay_-MHBWevlPs-elx-_5Gn3RuTUT3hlNDgHEGct33BisSPYkzI4c4XkAPVJK8wtLvhiPqJEeg.yK_C8lJS8LUhuxR4xZOebBRSF_Cwh0S9dS3V6z8mdTo&dib_tag=se&m=ANBW5NGGTP7SK&marketplaceID=A39IBJ37TRP1C6&qid=1777191021&refinements=p_36%3A22500-23000&s=merchant-items&sr=1-279&xpid=bVtupK6-BH5Ck#customerReviews,Tail walk (tailwalk) reel Super Elan 81MGL 19036
B00BWFORQA,,,,
B007628VVA,,227.95,https://www.amazon.com.au/BI3-BI-3/dp/B007628VVA/ref=sr_1_280?dib=eyJ2IjoiMSJ9.n-jiDrrkCfOl18Txkt6dn5zl_ymBeh3gioTlLsBFuJX5lj9k6e5An_hUpSkwslhXNupbwFLYDSjjjY3Ek6DtczSXqBr5fOk9bqay_-MHBWevlPs-elx-_5Gn3RuTUT3hlNDgHEGct33BisSPYkzI4c4XkAPVJK8wtLvhiPqJEeg.yK_C8lJS8LUhuxR4xZOebBRSF_Cwh0S9dS3V6z8mdTo&dib_tag=se&m=ANBW5NGGTP7SK&marketplaceID=A39IBJ37TRP1C6&qid=1777191021&refinements=p_36%3A22500-23000&s=merchant-items&sr=1-280&xpid=bVtupK6-BH5Ck,BI-3
B007628VVA,,,,
B004V7JFOU,,229.79,https://www.amazon.com.au/Shinei-poster-PG-32R-Indoor-japan/dp/B004V7JFOU/ref=sr_1_281?dib=eyJ2IjoiMSJ9.n-jiDrrkCfOl18Txkt6dn5zl_ymBeh3gioTlLsBFuJX5lj9k6e5An_hUpSkwslhXNupbwFLYDSjjjY3Ek6DtczSXqBr5fOk9bqay_-MHBWevlPs-elx-_5Gn3RuTUT3hlNDgHEGct33BisSPYkzI4c4XkAPVJK8wtLvhiPqJEeg.yK_C8lJS8LUhuxR4xZOebBRSF_Cwh0S9dS3V6z8mdTo&dib_tag=se&m=ANBW5NGGTP7SK&marketplaceID=A39IBJ37TRP1C6&qid=1777191021&refinements=p_36%3A22500-23000&s=merchant-items&sr=1-281&xpid=bVtupK6-BH5Ck,Shinei poster grip PG-32R Indoor Gold B3 (japan import)
B004V7JFOU,,,,
B004D2G3IY,,229.15,https://www.amazon.com.au/Iron-wooden-handle-fire-caused/dp/B004D2G3IY/ref=sr_1_282?dib=eyJ2IjoiMSJ9.n-jiDrrkCfOl18Txkt6dn5zl_ymBeh3gioTlLsBFuJX5lj9k6e5An_hUpSkwslhXNupbwFLYDSjjjY3Ek6DtczSXqBr5fOk9bqay_-MHBWevlPs-elx-_5Gn3RuTUT3hlNDgHEGct33BisSPYkzI4c4XkAPVJK8wtLvhiPqJEeg.yK_C8lJS8LUhuxR4xZOebBRSF_Cwh0S9dS3V6z8mdTo&dib_tag=se&m=ANBW5NGGTP7SK&marketplaceID=A39IBJ37TRP1C6&qid=1777191021&refinements=p_36%3A22500-23000&s=merchant-items&sr=1-282&xpid=bVtupK6-BH5Ck,Iron Wooden Handle fire Starter 24cm
B004D2G3IY,,,,
B002OD8DQY,,227.24,https://www.amazon.com.au/X-M-Japan-A4110X41-sprocket/dp/B002OD8DQY/ref=sr_1_283?dib=eyJ2IjoiMSJ9.n-jiDrrkCfOl18Txkt6dn5zl_ymBeh3gioTlLsBFuJX5lj9k6e5An_hUpSkwslhXNupbwFLYDSjjjY3Ek6DtczSXqBr5fOk9bqay_-MHBWevlPs-elx-_5Gn3RuTUT3hlNDgHEGct33BisSPYkzI4c4XkAPVJK8wtLvhiPqJEeg.yK_C8lJS8LUhuxR4xZOebBRSF_Cwh0S9dS3V6z8mdTo&dib_tag=se&m=ANBW5NGGTP7SK&marketplaceID=A39IBJ37TRP1C6&qid=1777191021&refinements=p_36%3A22500-23000&s=merchant-items&sr=1-283&xpid=bVtupK6-BH5Ck,X.A.M Japan A4110X41 520-41T Sprocket A4110X41
B002OD8DQY,,,,
B001BN27WO,,225.06,https://www.amazon.com.au/Project-Masked-Rider-action-figure/dp/B001BN27WO/ref=sr_1_289?dib=eyJ2IjoiMSJ9.cfptrJAVqve5pglJQ_5t1w8BcMxP7nvUr1if9x1NzABYYHSrLMtEmKru2MUQPGq_7zZPWLXiHjHgCSR2InkdTg.I-X5Gg_XGPfysI7IvxR73LQ-eDQq25NO6Xq8uRSv0z4&dib_tag=se&m=ANBW5NGGTP7SK&marketplaceID=A39IBJ37TRP1C6&qid=1777191026&refinements=p_36%3A22500-23000&s=merchant-items&sr=1-289&xpid=bVtupK6-BH5Ck#customerReviews,BM Project Masked Rider Nega Den-O action figure
B000FHV8J0,,228.4,https://www.amazon.com.au/16-Imposition-Oriental-Print-Sheet-LDW16SB/dp/B000FHV8J0/ref=sr_1_290?dib=eyJ2IjoiMSJ9.cfptrJAVqve5pglJQ_5t1w8BcMxP7nvUr1if9x1NzABYYHSrLMtEmKru2MUQPGq_7zZPWLXiHjHgCSR2InkdTg.I-X5Gg_XGPfysI7IvxR73LQ-eDQq25NO6Xq8uRSv0z4&dib_tag=se&m=ANBW5NGGTP7SK&marketplaceID=A39IBJ37TRP1C6&qid=1777191026&refinements=p_36%3A22500-23000&s=merchant-items&sr=1-290&xpid=bVtupK6-BH5Ck,A4 size 16-imposition oriental print sheet cut label (one case 500 sheet) LDW16SB (japan import)
B000FHV8J0,,,,
B000FHV6EM,,228.76,https://www.amazon.com.au/21-Imposition-Oriental-Print-Sheet-TSC210/dp/B000FHV6EM/ref=sr_1_291?dib=eyJ2IjoiMSJ9.cfptrJAVqve5pglJQ_5t1w8BcMxP7nvUr1if9x1NzABYYHSrLMtEmKru2MUQPGq_7zZPWLXiHjHgCSR2InkdTg.I-X5Gg_XGPfysI7IvxR73LQ-eDQq25NO6Xq8uRSv0z4&dib_tag=se&m=ANBW5NGGTP7SK&marketplaceID=A39IBJ37TRP1C6&qid=1777191026&refinements=p_36%3A22500-23000&s=merchant-items&sr=1-291&xpid=bVtupK6-BH5Ck,A4 size 21-imposition oriental print sheet cut label (one case 500 sheet) TSC210 (japan import)
B000FHV6EM,,,,
B000FHV4W6,,225.02,https://www.amazon.com.au/Oriental-print-sheet-imposition-LDZ21QB/dp/B000FHV4W6/ref=sr_1_292?dib=eyJ2IjoiMSJ9.cfptrJAVqve5pglJQ_5t1w8BcMxP7nvUr1if9x1NzABYYHSrLMtEmKru2MUQPGq_7zZPWLXiHjHgCSR2InkdTg.I-X5Gg_XGPfysI7IvxR73LQ-eDQq25NO6Xq8uRSv0z4&dib_tag=se&m=ANBW5NGGTP7SK&marketplaceID=A39IBJ37TRP1C6&qid=1777191026&refinements=p_36%3A22500-23000&s=merchant-items&sr=1-292&xpid=bVtupK6-BH5Ck,Oriental print sheet cut label A4 size 21 imposition (1 case 500 sheet) LDZ21QB
B000FHV4W6,,,,
B000FHV4TY,,226.49,https://www.amazon.com.au/12-Imposition-Oriental-Print-Sheet-LDZ12S/dp/B000FHV4TY/ref=sr_1_293?dib=eyJ2IjoiMSJ9.cfptrJAVqve5pglJQ_5t1w8BcMxP7nvUr1if9x1NzABYYHSrLMtEmKru2MUQPGq_7zZPWLXiHjHgCSR2InkdTg.I-X5Gg_XGPfysI7IvxR73LQ-eDQq25NO6Xq8uRSv0z4&dib_tag=se&m=ANBW5NGGTP7SK&marketplaceID=A39IBJ37TRP1C6&qid=1777191026&refinements=p_36%3A22500-23000&s=merchant-items&sr=1-293&xpid=bVtupK6-BH5Ck,A4 size 12-imposition oriental print sheet cut label (one case 500 sheet) LDZ12S (japan import)
B000FHV4TY,,,,
B000FHV42G,,229.78,https://www.amazon.com.au/A4-size-two-sided-printing-label-sheet/dp/B000FHV42G/ref=sr_1_289?dib=eyJ2IjoiMSJ9.vv-p5OGYcT7fsk84TzdRRUbgmjJKhCVHMvABEex1jWVNNVgQvQEHnB6T5JWr_GcjQAjDShiFG4726lnDzO3R8g.Zs9qFONCxDSSwSsq5_mfWX16bKvkS8tt4zjllwSvos8&dib_tag=se&m=ANBW5NGGTP7SK&marketplaceID=A39IBJ37TRP1C6&qid=1777191026&refinements=p_36%3A22500-23000&s=merchant-items&sr=1-289&xpid=bVtupK6-BH5Ck,A4-size two-sided printing with the East cut label sheet (one case 500 sheet) C2I (japan import)
B000FHV42G,,,,
B0177QG1JS,,227.82,https://www.amazon.com.au/Basket-Weaving-Tableware-Utensils-Seasoning/dp/B0177QG1JS/ref=sr_1_290?dib=eyJ2IjoiMSJ9.vv-p5OGYcT7fsk84TzdRRUbgmjJKhCVHMvABEex1jWVNNVgQvQEHnB6T5JWr_GcjQAjDShiFG4726lnDzO3R8g.Zs9qFONCxDSSwSsq5_mfWX16bKvkS8tt4zjllwSvos8&dib_tag=se&m=ANBW5NGGTP7SK&marketplaceID=A39IBJ37TRP1C6&qid=1777191026&refinements=p_36%3A22500-23000&s=merchant-items&sr=1-290&xpid=bVtupK6-BH5Ck#customerReviews,"Basket Rattan Weaving Tableware Tableware Box, Tableware, Utensils, Napkin Holder, Seasoning Box"
B0177QG1JS,,,,
B00KP30JV2,,225.97,https://www.amazon.com.au/Noiseless-Futura-Casters-Caster-Nylon/dp/B00KP30JV2/ref=sr_1_291?dib=eyJ2IjoiMSJ9.vv-p5OGYcT7fsk84TzdRRUbgmjJKhCVHMvABEex1jWVNNVgQvQEHnB6T5JWr_GcjQAjDShiFG4726lnDzO3R8g.Zs9qFONCxDSSwSsq5_mfWX16bKvkS8tt4zjllwSvos8&dib_tag=se&m=ANBW5NGGTP7SK&marketplaceID=A39IBJ37TRP1C6&qid=1777191026&refinements=p_36%3A22500-23000&s=merchant-items&sr=1-291&xpid=bVtupK6-BH5Ck,"Master Caster 94630 Noiseless Futura Nylon R Stem Caster (Set of 5), 120 lb,Matte Black"
B00KP30JV2,,,,
B00BQWWCYS,,229.69,https://www.amazon.com.au/4571335098247-0/dp/B00BQWWCYS/ref=sr_1_292?dib=eyJ2IjoiMSJ9.vv-p5OGYcT7fsk84TzdRRUbgmjJKhCVHMvABEex1jWVNNVgQvQEHnB6T5JWr_GcjQAjDShiFG4726lnDzO3R8g.Zs9qFONCxDSSwSsq5_mfWX16bKvkS8tt4zjllwSvos8&dib_tag=se&m=ANBW5NGGTP7SK&marketplaceID=A39IBJ37TRP1C6&qid=1777191026&refinements=p_36%3A22500-23000&s=merchant-items&sr=1-292&xpid=bVtupK6-BH5Ck,0
B00BQWWCYS,,,,
B001U7GSXU,,226.35,https://www.amazon.com.au/Hikimoto-aluminum-Chinese-bamboo-steamer/dp/B001U7GSXU/ref=sr_1_293?dib=eyJ2IjoiMSJ9.vv-p5OGYcT7fsk84TzdRRUbgmjJKhCVHMvABEex1jWVNNVgQvQEHnB6T5JWr_GcjQAjDShiFG4726lnDzO3R8g.Zs9qFONCxDSSwSsq5_mfWX16bKvkS8tt4zjllwSvos8&dib_tag=se&m=ANBW5NGGTP7SK&marketplaceID=A39IBJ37TRP1C6&qid=1777191026&refinements=p_36%3A22500-23000&s=merchant-items&sr=1-293&xpid=bVtupK6-BH5Ck,"Hikimoto ATY25030 Chinese Ceiro Body (for Pot with Circles), 11.8 inches (30 cm), Aluminum, Japan"
B001U7GSXU,,,,
