ASIN,Brand,Price,URL,Title
B09PVGRX8Q,Vinyl,88.28,https://www.amazon.com.au/Distance-Japanese-Pressing-Utada-Hikaru/dp/B09PVGRX8Q/ref=sr_1_1?dib=eyJ2IjoiMSJ9.ajvF50f1sG3MTzh_sck5pdVemc_7DrrNiNAtiTOkakPDzSNZvWpO5eKRdO8zstHrLDtcoQPsYFptG-vf1U8NK7VtrfTqfG3twES0wNLKNJ452TLo8jq5KxS_l90m9u5MbsO0mzD8Z65mqaS3uCReLfvZ1bxrLeKbBf6XkFjjIYD0J87GPA41-JSAOpooAsI99kcn_jPpE7PmtscgJ1I64H4v21K0pFup8U3-SXqn8gE.og4MOnVTi3IS0mJnZmT2ZlEGlJlduxKdqmI8EuoOCtQ&dib_tag=se&m=A504JA83FLAZB&marketplaceID=A39IBJ37TRP1C6&qid=1777067949&refinements=p_36%3A8500-9000&s=merchant-items&sr=1-1#customerReviews,Distance (Japanese Pressing)
B07F5S5K9C,,86.0,https://www.amazon.com.au/ARTISAN-Hien-Wine-FX-HI-SF-M-R-Japan/dp/B07F5S5K9C/ref=sr_1_2?dib=eyJ2IjoiMSJ9.ajvF50f1sG3MTzh_sck5pdVemc_7DrrNiNAtiTOkakPDzSNZvWpO5eKRdO8zstHrLDtcoQPsYFptG-vf1U8NK7VtrfTqfG3twES0wNLKNJ452TLo8jq5KxS_l90m9u5MbsO0mzD8Z65mqaS3uCReLfvZ1bxrLeKbBf6XkFjjIYD0J87GPA41-JSAOpooAsI99kcn_jPpE7PmtscgJ1I64H4v21K0pFup8U3-SXqn8gE.og4MOnVTi3IS0mJnZmT2ZlEGlJlduxKdqmI8EuoOCtQ&dib_tag=se&m=A504JA83FLAZB&marketplaceID=A39IBJ37TRP1C6&qid=1777067949&refinements=p_36%3A8500-9000&s=merchant-items&sr=1-2#customerReviews,ARTISAN Hien (Wine Red/M) [FX-HI-SF-M-R] FX Soft (Japan Import)
B07F5S5K9C,,,,
B01MA6OMOG,,86.79,https://www.amazon.com.au/Yanagi-Sori-Non-Stick-Compatible-Conduction/dp/B01MA6OMOG/ref=sr_1_3?dib=eyJ2IjoiMSJ9.ajvF50f1sG3MTzh_sck5pdVemc_7DrrNiNAtiTOkakPDzSNZvWpO5eKRdO8zstHrLDtcoQPsYFptG-vf1U8NK7VtrfTqfG3twES0wNLKNJ452TLo8jq5KxS_l90m9u5MbsO0mzD8Z65mqaS3uCReLfvZ1bxrLeKbBf6XkFjjIYD0J87GPA41-JSAOpooAsI99kcn_jPpE7PmtscgJ1I64H4v21K0pFup8U3-SXqn8gE.og4MOnVTi3IS0mJnZmT2ZlEGlJlduxKdqmI8EuoOCtQ&dib_tag=se&m=A504JA83FLAZB&marketplaceID=A39IBJ37TRP1C6&qid=1777067949&refinements=p_36%3A8500-9000&s=merchant-items&sr=1-3#customerReviews,"Yanagi Sori Sori Iron Frying Pan with Iron, Non-Stick Magma Plate Iron Frying Pan, Induction Compatible, 8.7 inches (22 cm), Lid Included, Good Oil Friendly, Quick Heat Conduction, Easy to Pour,"
B01MA6OMOG,,,,
B00QVONSQC,,85.5,https://www.amazon.com.au/snow-Campers-mittens-UG-024-Japan/dp/B00QVONSQC/ref=sr_1_4?dib=eyJ2IjoiMSJ9.ajvF50f1sG3MTzh_sck5pdVemc_7DrrNiNAtiTOkakPDzSNZvWpO5eKRdO8zstHrLDtcoQPsYFptG-vf1U8NK7VtrfTqfG3twES0wNLKNJ452TLo8jq5KxS_l90m9u5MbsO0mzD8Z65mqaS3uCReLfvZ1bxrLeKbBf6XkFjjIYD0J87GPA41-JSAOpooAsI99kcn_jPpE7PmtscgJ1I64H4v21K0pFup8U3-SXqn8gE.og4MOnVTi3IS0mJnZmT2ZlEGlJlduxKdqmI8EuoOCtQ&dib_tag=se&m=A504JA83FLAZB&marketplaceID=A39IBJ37TRP1C6&qid=1777067949&refinements=p_36%3A8500-9000&s=merchant-items&sr=1-4#customerReviews,"Snow Peak UG-024 Campers Mittens, Camping, Outdoor Activities"
B00QVONSQC,,,,
B07B92D3N6,Audio CD,85.19,https://www.amazon.com.au/St-Best-Now-SHINEE/dp/B07B92D3N6/ref=sr_1_5?dib=eyJ2IjoiMSJ9.ajvF50f1sG3MTzh_sck5pdVemc_7DrrNiNAtiTOkakPDzSNZvWpO5eKRdO8zstHrLDtcoQPsYFptG-vf1U8NK7VtrfTqfG3twES0wNLKNJ452TLo8jq5KxS_l90m9u5MbsO0mzD8Z65mqaS3uCReLfvZ1bxrLeKbBf6XkFjjIYD0J87GPA41-JSAOpooAsI99kcn_jPpE7PmtscgJ1I64H4v21K0pFup8U3-SXqn8gE.og4MOnVTi3IS0mJnZmT2ZlEGlJlduxKdqmI8EuoOCtQ&dib_tag=se&m=A504JA83FLAZB&marketplaceID=A39IBJ37TRP1C6&qid=1777067949&refinements=p_36%3A8500-9000&s=merchant-items&sr=1-5#customerReviews,St The Best From Now On
B07DRWK7BT,,89.22,https://www.amazon.com.au/HS-G01BK-SwitchLite-Microphone-Controller-Lightweight/dp/B07DRWK7BT/ref=sr_1_6?dib=eyJ2IjoiMSJ9.ajvF50f1sG3MTzh_sck5pdVemc_7DrrNiNAtiTOkakPDzSNZvWpO5eKRdO8zstHrLDtcoQPsYFptG-vf1U8NK7VtrfTqfG3twES0wNLKNJ452TLo8jq5KxS_l90m9u5MbsO0mzD8Z65mqaS3uCReLfvZ1bxrLeKbBf6XkFjjIYD0J87GPA41-JSAOpooAsI99kcn_jPpE7PmtscgJ1I64H4v21K0pFup8U3-SXqn8gE.og4MOnVTi3IS0mJnZmT2ZlEGlJlduxKdqmI8EuoOCtQ&dib_tag=se&m=A504JA83FLAZB&marketplaceID=A39IBJ37TRP1C6&qid=1777067949&refinements=p_36%3A8500-9000&s=merchant-items&sr=1-6#customerReviews,"Elecom HS-G01BK Gaming Headset, PS5, PS4, SwitchLite with Microphone, Wired 0.1 inch (3.5 mm), Controller Included, Lightweight, Binaural Overhead, 2.0 inches (50 mm) Driver, 4 Poles, Black"
B07DRWK7BT,,,,
B091LGNC1Q,Audio CD,85.02,https://www.amazon.com.au/Travels-SHM-SACD-Pat-Metheny/dp/B091LGNC1Q/ref=sr_1_7?dib=eyJ2IjoiMSJ9.ajvF50f1sG3MTzh_sck5pdVemc_7DrrNiNAtiTOkakPDzSNZvWpO5eKRdO8zstHrLDtcoQPsYFptG-vf1U8NK7VtrfTqfG3twES0wNLKNJ452TLo8jq5KxS_l90m9u5MbsO0mzD8Z65mqaS3uCReLfvZ1bxrLeKbBf6XkFjjIYD0J87GPA41-JSAOpooAsI99kcn_jPpE7PmtscgJ1I64H4v21K0pFup8U3-SXqn8gE.og4MOnVTi3IS0mJnZmT2ZlEGlJlduxKdqmI8EuoOCtQ&dib_tag=se&m=A504JA83FLAZB&marketplaceID=A39IBJ37TRP1C6&qid=1777067949&refinements=p_36%3A8500-9000&s=merchant-items&sr=1-7#customerReviews,Travels (SHM-SACD)
B01EJ7G68O,,89.99,https://www.amazon.com.au/Vox-AP2CAB-Amplug-Cabinet/dp/B01EJ7G68O/ref=sr_1_8?dib=eyJ2IjoiMSJ9.ajvF50f1sG3MTzh_sck5pdVemc_7DrrNiNAtiTOkakPDzSNZvWpO5eKRdO8zstHrLDtcoQPsYFptG-vf1U8NK7VtrfTqfG3twES0wNLKNJ452TLo8jq5KxS_l90m9u5MbsO0mzD8Z65mqaS3uCReLfvZ1bxrLeKbBf6XkFjjIYD0J87GPA41-JSAOpooAsI99kcn_jPpE7PmtscgJ1I64H4v21K0pFup8U3-SXqn8gE.og4MOnVTi3IS0mJnZmT2ZlEGlJlduxKdqmI8EuoOCtQ&dib_tag=se&m=A504JA83FLAZB&marketplaceID=A39IBJ37TRP1C6&qid=1777067949&refinements=p_36%3A8500-9000&s=merchant-items&sr=1-8#customerReviews,The Vox AP2CAB Amplug 2 - Cabinet Black
B01EJ7G68O,,,,
B002P8QH02,,86.16,https://www.amazon.com.au/H124-H1-24/dp/B002P8QH02/ref=sr_1_9?dib=eyJ2IjoiMSJ9.ajvF50f1sG3MTzh_sck5pdVemc_7DrrNiNAtiTOkakPDzSNZvWpO5eKRdO8zstHrLDtcoQPsYFptG-vf1U8NK7VtrfTqfG3twES0wNLKNJ452TLo8jq5KxS_l90m9u5MbsO0mzD8Z65mqaS3uCReLfvZ1bxrLeKbBf6XkFjjIYD0J87GPA41-JSAOpooAsI99kcn_jPpE7PmtscgJ1I64H4v21K0pFup8U3-SXqn8gE.og4MOnVTi3IS0mJnZmT2ZlEGlJlduxKdqmI8EuoOCtQ&dib_tag=se&m=A504JA83FLAZB&marketplaceID=A39IBJ37TRP1C6&qid=1777067949&refinements=p_36%3A8500-9000&s=merchant-items&sr=1-9,H1-24
B002P8QH02,,,,
B00OTYUH9C,Audio CD,88.15,https://www.amazon.com.au/Nhk-Symphony-Wind-Ensemble-Beethoven/dp/B00OTYUH9C/ref=sr_1_10?dib=eyJ2IjoiMSJ9.ajvF50f1sG3MTzh_sck5pdVemc_7DrrNiNAtiTOkakPDzSNZvWpO5eKRdO8zstHrLDtcoQPsYFptG-vf1U8NK7VtrfTqfG3twES0wNLKNJ452TLo8jq5KxS_l90m9u5MbsO0mzD8Z65mqaS3uCReLfvZ1bxrLeKbBf6XkFjjIYD0J87GPA41-JSAOpooAsI99kcn_jPpE7PmtscgJ1I64H4v21K0pFup8U3-SXqn8gE.og4MOnVTi3IS0mJnZmT2ZlEGlJlduxKdqmI8EuoOCtQ&dib_tag=se&m=A504JA83FLAZB&marketplaceID=A39IBJ37TRP1C6&qid=1777067949&refinements=p_36%3A8500-9000&s=merchant-items&sr=1-10#customerReviews,Nhk Symphony Wind Ensemble - Beethoven: Symphony No.7 Et Al. [Japan LTD SACD Hybrid] OVCC-113
B002UCBKG4,,85.75,https://www.amazon.com.au/26EF140-26EF-140/dp/B002UCBKG4/ref=sr_1_11?dib=eyJ2IjoiMSJ9.ajvF50f1sG3MTzh_sck5pdVemc_7DrrNiNAtiTOkakPDzSNZvWpO5eKRdO8zstHrLDtcoQPsYFptG-vf1U8NK7VtrfTqfG3twES0wNLKNJ452TLo8jq5KxS_l90m9u5MbsO0mzD8Z65mqaS3uCReLfvZ1bxrLeKbBf6XkFjjIYD0J87GPA41-JSAOpooAsI99kcn_jPpE7PmtscgJ1I64H4v21K0pFup8U3-SXqn8gE.og4MOnVTi3IS0mJnZmT2ZlEGlJlduxKdqmI8EuoOCtQ&dib_tag=se&m=A504JA83FLAZB&marketplaceID=A39IBJ37TRP1C6&qid=1777067949&refinements=p_36%3A8500-9000&s=merchant-items&sr=1-11,26EF-140
B002UCBKG4,,,,
B00BFFFM0W,Audio CD,86.42,https://www.amazon.com.au/Significant-Other-Goto-Tsugutoshi/dp/B00BFFFM0W/ref=sr_1_12?dib=eyJ2IjoiMSJ9.ajvF50f1sG3MTzh_sck5pdVemc_7DrrNiNAtiTOkakPDzSNZvWpO5eKRdO8zstHrLDtcoQPsYFptG-vf1U8NK7VtrfTqfG3twES0wNLKNJ452TLo8jq5KxS_l90m9u5MbsO0mzD8Z65mqaS3uCReLfvZ1bxrLeKbBf6XkFjjIYD0J87GPA41-JSAOpooAsI99kcn_jPpE7PmtscgJ1I64H4v21K0pFup8U3-SXqn8gE.og4MOnVTi3IS0mJnZmT2ZlEGlJlduxKdqmI8EuoOCtQ&dib_tag=se&m=A504JA83FLAZB&marketplaceID=A39IBJ37TRP1C6&qid=1777067949&refinements=p_36%3A8500-9000&s=merchant-items&sr=1-12#customerReviews,Significant Other
B0BWHJ2D79,,87.18,https://www.amazon.com.au/HARIO-VKBR-120-MB-Kettle-Induction-Compatible/dp/B0BWHJ2D79/ref=sr_1_13?dib=eyJ2IjoiMSJ9.ajvF50f1sG3MTzh_sck5pdVemc_7DrrNiNAtiTOkakPDzSNZvWpO5eKRdO8zstHrLDtcoQPsYFptG-vf1U8NK7VtrfTqfG3twES0wNLKNJ452TLo8jq5KxS_l90m9u5MbsO0mzD8Z65mqaS3uCReLfvZ1bxrLeKbBf6XkFjjIYD0J87GPA41-JSAOpooAsI99kcn_jPpE7PmtscgJ1I64H4v21K0pFup8U3-SXqn8gE.og4MOnVTi3IS0mJnZmT2ZlEGlJlduxKdqmI8EuoOCtQ&dib_tag=se&m=A504JA83FLAZB&marketplaceID=A39IBJ37TRP1C6&qid=1777067949&refinements=p_36%3A8500-9000&s=merchant-items&sr=1-13#customerReviews,"HARIO VKBR-120-MB V60 Drip Kettle, Vono Direct Flame/Induction Compatible, 27.1 fl oz (800 ml), Matte Black, Made in Japan"
B0BWHJ2D79,,,,
B0028W2X7G,,88.15,https://www.amazon.com.au/BAP86/dp/B0028W2X7G/ref=sr_1_14?dib=eyJ2IjoiMSJ9.ajvF50f1sG3MTzh_sck5pdVemc_7DrrNiNAtiTOkakPDzSNZvWpO5eKRdO8zstHrLDtcoQPsYFptG-vf1U8NK7VtrfTqfG3twES0wNLKNJ452TLo8jq5KxS_l90m9u5MbsO0mzD8Z65mqaS3uCReLfvZ1bxrLeKbBf6XkFjjIYD0J87GPA41-JSAOpooAsI99kcn_jPpE7PmtscgJ1I64H4v21K0pFup8U3-SXqn8gE.og4MOnVTi3IS0mJnZmT2ZlEGlJlduxKdqmI8EuoOCtQ&dib_tag=se&m=A504JA83FLAZB&marketplaceID=A39IBJ37TRP1C6&qid=1777067949&refinements=p_36%3A8500-9000&s=merchant-items&sr=1-14#customerReviews,BAP86
B0028W2X7G,,,,
B0CZCL2Z61,Audio CD,89.8,https://www.amazon.com.au/Forever-Japan-Deluxe-SHM-CD-Blu-Ray/dp/B0CZCL2Z61/ref=sr_1_15?dib=eyJ2IjoiMSJ9.ajvF50f1sG3MTzh_sck5pdVemc_7DrrNiNAtiTOkakPDzSNZvWpO5eKRdO8zstHrLDtcoQPsYFptG-vf1U8NK7VtrfTqfG3twES0wNLKNJ452TLo8jq5KxS_l90m9u5MbsO0mzD8Z65mqaS3uCReLfvZ1bxrLeKbBf6XkFjjIYD0J87GPA41-JSAOpooAsI99kcn_jPpE7PmtscgJ1I64H4v21K0pFup8U3-SXqn8gE.og4MOnVTi3IS0mJnZmT2ZlEGlJlduxKdqmI8EuoOCtQ&dib_tag=se&m=A504JA83FLAZB&marketplaceID=A39IBJ37TRP1C6&qid=1777067949&refinements=p_36%3A8500-9000&s=merchant-items&sr=1-15#customerReviews,Forever - Japan Deluxe SHM-CD + Blu-Ray Edition
B0010KGUQM,,88.03,https://www.amazon.com.au/VL3F-2/dp/B0010KGUQM/ref=sr_1_16?dib=eyJ2IjoiMSJ9.ajvF50f1sG3MTzh_sck5pdVemc_7DrrNiNAtiTOkakPDzSNZvWpO5eKRdO8zstHrLDtcoQPsYFptG-vf1U8NK7VtrfTqfG3twES0wNLKNJ452TLo8jq5KxS_l90m9u5MbsO0mzD8Z65mqaS3uCReLfvZ1bxrLeKbBf6XkFjjIYD0J87GPA41-JSAOpooAsI99kcn_jPpE7PmtscgJ1I64H4v21K0pFup8U3-SXqn8gE.og4MOnVTi3IS0mJnZmT2ZlEGlJlduxKdqmI8EuoOCtQ&dib_tag=se&m=A504JA83FLAZB&marketplaceID=A39IBJ37TRP1C6&qid=1777067949&refinements=p_36%3A8500-9000&s=merchant-items&sr=1-16#customerReviews,VL3F-2
B0010KGUQM,,,,
B0CH822Z59,Audio CD,89.48,https://www.amazon.com.au/Brahms-Symphonies-Etc-Ltd-UHQCD/dp/B0CH822Z59/ref=sr_1_17?dib=eyJ2IjoiMSJ9.Iwx-BmR2I6rZLoNEHgfvtWZvode4ha1Ee86xG-K2pbldjG6qtcWQkZOF3ma5-Eh5CWl4Y3mAShGaJbOU4Dd0rCslHixkNQ6eoHhtAf_ZoUoZ5qR-N3JyC7dA1jbfm0W9r9ggXJ-r1Mucn5SIeuwN7JiimDQZT0XxBtZjXl79qdDUIeYnRekEzl5QTExJ4sOMyOpAt_GU0B9bFaqWCNk0yd-wkNgWvFxm8GwwhabruSA.chN7MRXvZ9qX8tSLuTm183OpXE1kCfdcGzNWXG8Qg7Y&dib_tag=se&m=A504JA83FLAZB&marketplaceID=A39IBJ37TRP1C6&qid=1777067956&refinements=p_36%3A8500-9000&s=merchant-items&sr=1-17&xpid=w4rxqmlweGdei#customerReviews,Brahms: 4 Symphonies. Etc. - Ltd UHQCD
B00IXH4DYQ,,89.38,https://www.amazon.com.au/popped-table-field-hopper-ST-630/dp/B00IXH4DYQ/ref=sr_1_18?dib=eyJ2IjoiMSJ9.Iwx-BmR2I6rZLoNEHgfvtWZvode4ha1Ee86xG-K2pbldjG6qtcWQkZOF3ma5-Eh5CWl4Y3mAShGaJbOU4Dd0rCslHixkNQ6eoHhtAf_ZoUoZ5qR-N3JyC7dA1jbfm0W9r9ggXJ-r1Mucn5SIeuwN7JiimDQZT0XxBtZjXl79qdDUIeYnRekEzl5QTExJ4sOMyOpAt_GU0B9bFaqWCNk0yd-wkNgWvFxm8GwwhabruSA.chN7MRXvZ9qX8tSLuTm183OpXE1kCfdcGzNWXG8Qg7Y&dib_tag=se&m=A504JA83FLAZB&marketplaceID=A39IBJ37TRP1C6&qid=1777067956&refinements=p_36%3A8500-9000&s=merchant-items&sr=1-18&xpid=w4rxqmlweGdei#customerReviews,SOTO ST-630 Pop-up Solo Table Field Hopper Aluminum Roll Table with Case for Outdoor Use Foldable Solo Camping
B00IXH4DYQ,,,,
B01LW5OC8N,,85.89,https://www.amazon.com.au/ARTISAN-zero-SOFT-M-Black/dp/B01LW5OC8N/ref=sr_1_19?dib=eyJ2IjoiMSJ9.Iwx-BmR2I6rZLoNEHgfvtWZvode4ha1Ee86xG-K2pbldjG6qtcWQkZOF3ma5-Eh5CWl4Y3mAShGaJbOU4Dd0rCslHixkNQ6eoHhtAf_ZoUoZ5qR-N3JyC7dA1jbfm0W9r9ggXJ-r1Mucn5SIeuwN7JiimDQZT0XxBtZjXl79qdDUIeYnRekEzl5QTExJ4sOMyOpAt_GU0B9bFaqWCNk0yd-wkNgWvFxm8GwwhabruSA.chN7MRXvZ9qX8tSLuTm183OpXE1kCfdcGzNWXG8Qg7Y&dib_tag=se&m=A504JA83FLAZB&marketplaceID=A39IBJ37TRP1C6&qid=1777067956&refinements=p_36%3A8500-9000&s=merchant-items&sr=1-19&xpid=w4rxqmlweGdei#customerReviews,ARTISAN zero SOFT M Black
B01LW5OC8N,,,,
B08TKHCB3F,Audio CD,86.53,https://www.amazon.com.au/%E3%83%8F%E3%83%83%E3%83%94%E3%83%BC%E3%82%AF%E3%82%BD%E3%83%A9%E3%82%A4%E3%83%952-%E4%B8%AD%E5%B3%B6%E3%83%A8%E3%82%B7%E3%82%AD/dp/B08TKHCB3F/ref=sr_1_20?dib=eyJ2IjoiMSJ9.Iwx-BmR2I6rZLoNEHgfvtWZvode4ha1Ee86xG-K2pbldjG6qtcWQkZOF3ma5-Eh5CWl4Y3mAShGaJbOU4Dd0rCslHixkNQ6eoHhtAf_ZoUoZ5qR-N3JyC7dA1jbfm0W9r9ggXJ-r1Mucn5SIeuwN7JiimDQZT0XxBtZjXl79qdDUIeYnRekEzl5QTExJ4sOMyOpAt_GU0B9bFaqWCNk0yd-wkNgWvFxm8GwwhabruSA.chN7MRXvZ9qX8tSLuTm183OpXE1kCfdcGzNWXG8Qg7Y&dib_tag=se&m=A504JA83FLAZB&marketplaceID=A39IBJ37TRP1C6&qid=1777067956&refinements=p_36%3A8500-9000&s=merchant-items&sr=1-20&xpid=w4rxqmlweGdei#customerReviews,ハッピークソライフ2
B07F5RKR2D,,88.54,https://www.amazon.com.au/ARTISAN-Hien-Black-FX-HI-MD-M-B-Japan/dp/B07F5RKR2D/ref=sr_1_21?dib=eyJ2IjoiMSJ9.Iwx-BmR2I6rZLoNEHgfvtWZvode4ha1Ee86xG-K2pbldjG6qtcWQkZOF3ma5-Eh5CWl4Y3mAShGaJbOU4Dd0rCslHixkNQ6eoHhtAf_ZoUoZ5qR-N3JyC7dA1jbfm0W9r9ggXJ-r1Mucn5SIeuwN7JiimDQZT0XxBtZjXl79qdDUIeYnRekEzl5QTExJ4sOMyOpAt_GU0B9bFaqWCNk0yd-wkNgWvFxm8GwwhabruSA.chN7MRXvZ9qX8tSLuTm183OpXE1kCfdcGzNWXG8Qg7Y&dib_tag=se&m=A504JA83FLAZB&marketplaceID=A39IBJ37TRP1C6&qid=1777067956&refinements=p_36%3A8500-9000&s=merchant-items&sr=1-21&xpid=w4rxqmlweGdei#customerReviews,ARTISAN Hien (Black/M) [FX-HI-MD-M-B] FX MID (Japan Import)
B07F5RKR2D,,,,
B07HCTVL74,Audio CD,85.34,https://www.amazon.com.au/Ensemble-Stars-Album-Present-Trickstar/dp/B07HCTVL74/ref=sr_1_22?dib=eyJ2IjoiMSJ9.Iwx-BmR2I6rZLoNEHgfvtWZvode4ha1Ee86xG-K2pbldjG6qtcWQkZOF3ma5-Eh5CWl4Y3mAShGaJbOU4Dd0rCslHixkNQ6eoHhtAf_ZoUoZ5qR-N3JyC7dA1jbfm0W9r9ggXJ-r1Mucn5SIeuwN7JiimDQZT0XxBtZjXl79qdDUIeYnRekEzl5QTExJ4sOMyOpAt_GU0B9bFaqWCNk0yd-wkNgWvFxm8GwwhabruSA.chN7MRXvZ9qX8tSLuTm183OpXE1kCfdcGzNWXG8Qg7Y&dib_tag=se&m=A504JA83FLAZB&marketplaceID=A39IBJ37TRP1C6&qid=1777067956&refinements=p_36%3A8500-9000&s=merchant-items&sr=1-22&xpid=w4rxqmlweGdei#customerReviews,Ensemble Stars! Album Series P Trickstar (Limited)
B084RZYDDW,,85.42,https://www.amazon.com.au/Chitose-Wooden-Handle-Kettle-2-5L/dp/B084RZYDDW/ref=sr_1_23?dib=eyJ2IjoiMSJ9.Iwx-BmR2I6rZLoNEHgfvtWZvode4ha1Ee86xG-K2pbldjG6qtcWQkZOF3ma5-Eh5CWl4Y3mAShGaJbOU4Dd0rCslHixkNQ6eoHhtAf_ZoUoZ5qR-N3JyC7dA1jbfm0W9r9ggXJ-r1Mucn5SIeuwN7JiimDQZT0XxBtZjXl79qdDUIeYnRekEzl5QTExJ4sOMyOpAt_GU0B9bFaqWCNk0yd-wkNgWvFxm8GwwhabruSA.chN7MRXvZ9qX8tSLuTm183OpXE1kCfdcGzNWXG8Qg7Y&dib_tag=se&m=A504JA83FLAZB&marketplaceID=A39IBJ37TRP1C6&qid=1777067956&refinements=p_36%3A8500-9000&s=merchant-items&sr=1-23&xpid=w4rxqmlweGdei#customerReviews,Chitose Wooden Handle Kettle 2.5L
B084RZYDDW,,,,
B0188PJWDO,,85.15,https://www.amazon.com.au/Brown-White-Black-Kera/dp/B0188PJWDO/ref=sr_1_24?dib=eyJ2IjoiMSJ9.Iwx-BmR2I6rZLoNEHgfvtWZvode4ha1Ee86xG-K2pbldjG6qtcWQkZOF3ma5-Eh5CWl4Y3mAShGaJbOU4Dd0rCslHixkNQ6eoHhtAf_ZoUoZ5qR-N3JyC7dA1jbfm0W9r9ggXJ-r1Mucn5SIeuwN7JiimDQZT0XxBtZjXl79qdDUIeYnRekEzl5QTExJ4sOMyOpAt_GU0B9bFaqWCNk0yd-wkNgWvFxm8GwwhabruSA.chN7MRXvZ9qX8tSLuTm183OpXE1kCfdcGzNWXG8Qg7Y&dib_tag=se&m=A504JA83FLAZB&marketplaceID=A39IBJ37TRP1C6&qid=1777067956&refinements=p_36%3A8500-9000&s=merchant-items&sr=1-24&xpid=w4rxqmlweGdei,Brown White and Black
B0764FTHPL,PlayStation Vita,89.96,https://www.amazon.com.au/HimeHibi-Princess-Nigakki-Playstation-JAPANESE/dp/B0764FTHPL/ref=sr_1_25?dib=eyJ2IjoiMSJ9.Iwx-BmR2I6rZLoNEHgfvtWZvode4ha1Ee86xG-K2pbldjG6qtcWQkZOF3ma5-Eh5CWl4Y3mAShGaJbOU4Dd0rCslHixkNQ6eoHhtAf_ZoUoZ5qR-N3JyC7dA1jbfm0W9r9ggXJ-r1Mucn5SIeuwN7JiimDQZT0XxBtZjXl79qdDUIeYnRekEzl5QTExJ4sOMyOpAt_GU0B9bFaqWCNk0yd-wkNgWvFxm8GwwhabruSA.chN7MRXvZ9qX8tSLuTm183OpXE1kCfdcGzNWXG8Qg7Y&dib_tag=se&m=A504JA83FLAZB&marketplaceID=A39IBJ37TRP1C6&qid=1777067956&refinements=p_36%3A8500-9000&s=merchant-items&sr=1-25&xpid=w4rxqmlweGdei#customerReviews,HimeHibi New Princess Days Nigakki PS Vita SONY Playstation JAPANESE VERSION
B0764FTHPL,,,,
B017SFTOU6,,89.31,https://www.amazon.com.au/repeater-extension-external-supplied-AD-HDRP40/dp/B017SFTOU6/ref=sr_1_26?dib=eyJ2IjoiMSJ9.Iwx-BmR2I6rZLoNEHgfvtWZvode4ha1Ee86xG-K2pbldjG6qtcWQkZOF3ma5-Eh5CWl4Y3mAShGaJbOU4Dd0rCslHixkNQ6eoHhtAf_ZoUoZ5qR-N3JyC7dA1jbfm0W9r9ggXJ-r1Mucn5SIeuwN7JiimDQZT0XxBtZjXl79qdDUIeYnRekEzl5QTExJ4sOMyOpAt_GU0B9bFaqWCNk0yd-wkNgWvFxm8GwwhabruSA.chN7MRXvZ9qX8tSLuTm183OpXE1kCfdcGzNWXG8Qg7Y&dib_tag=se&m=A504JA83FLAZB&marketplaceID=A39IBJ37TRP1C6&qid=1777067956&refinements=p_36%3A8500-9000&s=merchant-items&sr=1-26&xpid=w4rxqmlweGdei#customerReviews,Elecom HDMI repeater maximum extension 40m USB external power can be supplied AD-HDRP40
B017SFTOU6,,,,
B072FLPN1Y,Audio CD,88.05,https://www.amazon.com.au/Vestige-History-Album-Casiopea-3rd/dp/B072FLPN1Y/ref=sr_1_27?dib=eyJ2IjoiMSJ9.Iwx-BmR2I6rZLoNEHgfvtWZvode4ha1Ee86xG-K2pbldjG6qtcWQkZOF3ma5-Eh5CWl4Y3mAShGaJbOU4Dd0rCslHixkNQ6eoHhtAf_ZoUoZ5qR-N3JyC7dA1jbfm0W9r9ggXJ-r1Mucn5SIeuwN7JiimDQZT0XxBtZjXl79qdDUIeYnRekEzl5QTExJ4sOMyOpAt_GU0B9bFaqWCNk0yd-wkNgWvFxm8GwwhabruSA.chN7MRXvZ9qX8tSLuTm183OpXE1kCfdcGzNWXG8Qg7Y&dib_tag=se&m=A504JA83FLAZB&marketplaceID=A39IBJ37TRP1C6&qid=1777067956&refinements=p_36%3A8500-9000&s=merchant-items&sr=1-27&xpid=w4rxqmlweGdei#customerReviews,Vestige: 40th History Album
B09CT7H3K5,,86.17,https://www.amazon.com.au/RB-2170-Multi-Pot-Induction-Compatible-Processing/dp/B09CT7H3K5/ref=sr_1_28?dib=eyJ2IjoiMSJ9.Iwx-BmR2I6rZLoNEHgfvtWZvode4ha1Ee86xG-K2pbldjG6qtcWQkZOF3ma5-Eh5CWl4Y3mAShGaJbOU4Dd0rCslHixkNQ6eoHhtAf_ZoUoZ5qR-N3JyC7dA1jbfm0W9r9ggXJ-r1Mucn5SIeuwN7JiimDQZT0XxBtZjXl79qdDUIeYnRekEzl5QTExJ4sOMyOpAt_GU0B9bFaqWCNk0yd-wkNgWvFxm8GwwhabruSA.chN7MRXvZ9qX8tSLuTm183OpXE1kCfdcGzNWXG8Qg7Y&dib_tag=se&m=A504JA83FLAZB&marketplaceID=A39IBJ37TRP1C6&qid=1777067956&refinements=p_36%3A8500-9000&s=merchant-items&sr=1-28&xpid=w4rxqmlweGdei#customerReviews,"Wahei Freiz RB-2170 Multi-Pot, Large Size, 6.3 inches (16 cm), 3 L (3 to 4 People), Warm Gray, 7 Uses for Boil, Boil, Cook, Stir-fry, Frying, Dressing, Induction Compatible, Fluorine Resin Processing,"
B09CT7H3K5,,,,
B002TEXVHE,,88.99,https://www.amazon.com.au/ALB900/dp/B002TEXVHE/ref=sr_1_29?dib=eyJ2IjoiMSJ9.Iwx-BmR2I6rZLoNEHgfvtWZvode4ha1Ee86xG-K2pbldjG6qtcWQkZOF3ma5-Eh5CWl4Y3mAShGaJbOU4Dd0rCslHixkNQ6eoHhtAf_ZoUoZ5qR-N3JyC7dA1jbfm0W9r9ggXJ-r1Mucn5SIeuwN7JiimDQZT0XxBtZjXl79qdDUIeYnRekEzl5QTExJ4sOMyOpAt_GU0B9bFaqWCNk0yd-wkNgWvFxm8GwwhabruSA.chN7MRXvZ9qX8tSLuTm183OpXE1kCfdcGzNWXG8Qg7Y&dib_tag=se&m=A504JA83FLAZB&marketplaceID=A39IBJ37TRP1C6&qid=1777067956&refinements=p_36%3A8500-9000&s=merchant-items&sr=1-29&xpid=w4rxqmlweGdei#customerReviews,ALB900
B002TEXVHE,,,,
B01M1RM3QJ,PlayStation Vita,86.77,https://www.amazon.com.au/End-sleep-Normal-Japanese-Ver/dp/B01M1RM3QJ/ref=sr_1_30?dib=eyJ2IjoiMSJ9.Iwx-BmR2I6rZLoNEHgfvtWZvode4ha1Ee86xG-K2pbldjG6qtcWQkZOF3ma5-Eh5CWl4Y3mAShGaJbOU4Dd0rCslHixkNQ6eoHhtAf_ZoUoZ5qR-N3JyC7dA1jbfm0W9r9ggXJ-r1Mucn5SIeuwN7JiimDQZT0XxBtZjXl79qdDUIeYnRekEzl5QTExJ4sOMyOpAt_GU0B9bFaqWCNk0yd-wkNgWvFxm8GwwhabruSA.chN7MRXvZ9qX8tSLuTm183OpXE1kCfdcGzNWXG8Qg7Y&dib_tag=se&m=A504JA83FLAZB&marketplaceID=A39IBJ37TRP1C6&qid=1777067956&refinements=p_36%3A8500-9000&s=merchant-items&sr=1-30&xpid=w4rxqmlweGdei#customerReviews,End sleep Normal Edition?Japanese Ver.
B01M1RM3QJ,,,,
B00JD2Z0F6,,87.67,https://www.amazon.com.au/4582451266854-Love-Live/dp/B00JD2Z0F6/ref=sr_1_31?dib=eyJ2IjoiMSJ9.Iwx-BmR2I6rZLoNEHgfvtWZvode4ha1Ee86xG-K2pbldjG6qtcWQkZOF3ma5-Eh5CWl4Y3mAShGaJbOU4Dd0rCslHixkNQ6eoHhtAf_ZoUoZ5qR-N3JyC7dA1jbfm0W9r9ggXJ-r1Mucn5SIeuwN7JiimDQZT0XxBtZjXl79qdDUIeYnRekEzl5QTExJ4sOMyOpAt_GU0B9bFaqWCNk0yd-wkNgWvFxm8GwwhabruSA.chN7MRXvZ9qX8tSLuTm183OpXE1kCfdcGzNWXG8Qg7Y&dib_tag=se&m=A504JA83FLAZB&marketplaceID=A39IBJ37TRP1C6&qid=1777067956&refinements=p_36%3A8500-9000&s=merchant-items&sr=1-31&xpid=w4rxqmlweGdei,Love Live !
B014E4C2IK,Audio CD,85.56,https://www.amazon.com.au/Houko-Chronicle-2cd-Dvd-Kuwashima/dp/B014E4C2IK/ref=sr_1_32?dib=eyJ2IjoiMSJ9.Iwx-BmR2I6rZLoNEHgfvtWZvode4ha1Ee86xG-K2pbldjG6qtcWQkZOF3ma5-Eh5CWl4Y3mAShGaJbOU4Dd0rCslHixkNQ6eoHhtAf_ZoUoZ5qR-N3JyC7dA1jbfm0W9r9ggXJ-r1Mucn5SIeuwN7JiimDQZT0XxBtZjXl79qdDUIeYnRekEzl5QTExJ4sOMyOpAt_GU0B9bFaqWCNk0yd-wkNgWvFxm8GwwhabruSA.chN7MRXvZ9qX8tSLuTm183OpXE1kCfdcGzNWXG8Qg7Y&dib_tag=se&m=A504JA83FLAZB&marketplaceID=A39IBJ37TRP1C6&qid=1777067956&refinements=p_36%3A8500-9000&s=merchant-items&sr=1-32&xpid=w4rxqmlweGdei#customerReviews,Houko Chronicle [2cd/Dvd]
B015YDM16I,,86.95,https://www.amazon.com.au/Tone-VPC-450-Pliers-Total-Length/dp/B015YDM16I/ref=sr_1_33?dib=eyJ2IjoiMSJ9.39Q9_o3rpD1ooka3tyiNQTYEbtW5qyblFlBQItrCbbOoRw7naSrmX6midJ-d9dovaU5bZZkAxdehPaL_3VFb3A.u7lUjHCAjb0gH0zpQ-Sk6hypvgFfoUvshbII2cjFW1U&dib_tag=se&m=A504JA83FLAZB&marketplaceID=A39IBJ37TRP1C6&qid=1777067964&refinements=p_36%3A8500-9000&s=merchant-items&sr=1-33&xpid=w4rxqmlweGdei#customerReviews,"Tone VPC-450 Grip Pliers (C-Type), Total Length: 17.6 inches (443 mm)"
B015YDM16I,,,,
B01DDMDCU6,,88.94,https://www.amazon.com.au/Season-2-Pripara-Music-Collection/dp/B01DDMDCU6/ref=sr_1_34?dib=eyJ2IjoiMSJ9.39Q9_o3rpD1ooka3tyiNQTYEbtW5qyblFlBQItrCbbOoRw7naSrmX6midJ-d9dovaU5bZZkAxdehPaL_3VFb3A.u7lUjHCAjb0gH0zpQ-Sk6hypvgFfoUvshbII2cjFW1U&dib_tag=se&m=A504JA83FLAZB&marketplaceID=A39IBJ37TRP1C6&qid=1777067964&refinements=p_36%3A8500-9000&s=merchant-items&sr=1-34&xpid=w4rxqmlweGdei#customerReviews,Season 2
B00DUUCMI0,Audio CD,86.49,https://www.amazon.com.au/Birth-Yutaka-Ozaki/dp/B00DUUCMI0/ref=sr_1_35?dib=eyJ2IjoiMSJ9.39Q9_o3rpD1ooka3tyiNQTYEbtW5qyblFlBQItrCbbOoRw7naSrmX6midJ-d9dovaU5bZZkAxdehPaL_3VFb3A.u7lUjHCAjb0gH0zpQ-Sk6hypvgFfoUvshbII2cjFW1U&dib_tag=se&m=A504JA83FLAZB&marketplaceID=A39IBJ37TRP1C6&qid=1777067964&refinements=p_36%3A8500-9000&s=merchant-items&sr=1-35&xpid=w4rxqmlweGdei#customerReviews,Birth
B000TG8OGW,,85.87,https://www.amazon.com.au/PWAL30/dp/B000TG8OGW/ref=sr_1_36?dib=eyJ2IjoiMSJ9.39Q9_o3rpD1ooka3tyiNQTYEbtW5qyblFlBQItrCbbOoRw7naSrmX6midJ-d9dovaU5bZZkAxdehPaL_3VFb3A.u7lUjHCAjb0gH0zpQ-Sk6hypvgFfoUvshbII2cjFW1U&dib_tag=se&m=A504JA83FLAZB&marketplaceID=A39IBJ37TRP1C6&qid=1777067964&refinements=p_36%3A8500-9000&s=merchant-items&sr=1-36&xpid=w4rxqmlweGdei#customerReviews,PWAL30
B000TG8OGW,,,,
B00005FMFV,Audio CD,88.36,https://www.amazon.com.au/Phantom-Opera-Original-London-Cast/dp/B00005FMFV/ref=sr_1_37?dib=eyJ2IjoiMSJ9.39Q9_o3rpD1ooka3tyiNQTYEbtW5qyblFlBQItrCbbOoRw7naSrmX6midJ-d9dovaU5bZZkAxdehPaL_3VFb3A.u7lUjHCAjb0gH0zpQ-Sk6hypvgFfoUvshbII2cjFW1U&dib_tag=se&m=A504JA83FLAZB&marketplaceID=A39IBJ37TRP1C6&qid=1777067964&refinements=p_36%3A8500-9000&s=merchant-items&sr=1-37&xpid=w4rxqmlweGdei#customerReviews,Phantom of the Opera
B017BWC21O,,85.97,https://www.amazon.com.au/TAMA-PBS24-Tama-Stick-Bag/dp/B017BWC21O/ref=sr_1_33?dib=eyJ2IjoiMSJ9.M-oa3bOKLF4yfHFBwp_auogBtg4vOhWGnMEBCUQTPSAeyskKrMJ7inAoCYBkGlpggjjoON0LD9H_0Tx21B7LI1MAJxzXrsBKnCuJMeWa_YvPZMtbug08Cpuq2HUQirh_vkW2vsrrkyeJb38_Ti-zxPZI57wNA9_Vk3e1_8tuGp4.DFblTfzsj9rke_k8IX2clEBIGXy07JWvWEGTrM_FBLs&dib_tag=se&m=A504JA83FLAZB&marketplaceID=A39IBJ37TRP1C6&qid=1777067964&refinements=p_36%3A8500-9000&s=merchant-items&sr=1-33&xpid=w4rxqmlweGdei#customerReviews,Tama PBS24 Stick Bag
B017BWC21O,,,,
B016FYD722,,87.59,https://www.amazon.com.au/ED1026-Gift-Ikuno-Tower-Knowledge/dp/B016FYD722/ref=sr_1_34?dib=eyJ2IjoiMSJ9.M-oa3bOKLF4yfHFBwp_auogBtg4vOhWGnMEBCUQTPSAeyskKrMJ7inAoCYBkGlpggjjoON0LD9H_0Tx21B7LI1MAJxzXrsBKnCuJMeWa_YvPZMtbug08Cpuq2HUQirh_vkW2vsrrkyeJb38_Ti-zxPZI57wNA9_Vk3e1_8tuGp4.DFblTfzsj9rke_k8IX2clEBIGXy07JWvWEGTrM_FBLs&dib_tag=se&m=A504JA83FLAZB&marketplaceID=A39IBJ37TRP1C6&qid=1777067964&refinements=p_36%3A8500-9000&s=merchant-items&sr=1-34&xpid=w4rxqmlweGdei,Gift series Ikuno Tower of Knowledge
B00000746W,Audio CD,85.28,https://www.amazon.com.au/Brian-Setzer-Stray-Cats/dp/B00000746W/ref=sr_1_35?dib=eyJ2IjoiMSJ9.M-oa3bOKLF4yfHFBwp_auogBtg4vOhWGnMEBCUQTPSAeyskKrMJ7inAoCYBkGlpggjjoON0LD9H_0Tx21B7LI1MAJxzXrsBKnCuJMeWa_YvPZMtbug08Cpuq2HUQirh_vkW2vsrrkyeJb38_Ti-zxPZI57wNA9_Vk3e1_8tuGp4.DFblTfzsj9rke_k8IX2clEBIGXy07JWvWEGTrM_FBLs&dib_tag=se&m=A504JA83FLAZB&marketplaceID=A39IBJ37TRP1C6&qid=1777067964&refinements=p_36%3A8500-9000&s=merchant-items&sr=1-35&xpid=w4rxqmlweGdei#customerReviews,And Brian Setzer
B01N5QKCB1,,89.74,https://www.amazon.com.au/Micro-Card-16GB-Nintendo-Switch/dp/B01N5QKCB1/ref=sr_1_36?dib=eyJ2IjoiMSJ9.M-oa3bOKLF4yfHFBwp_auogBtg4vOhWGnMEBCUQTPSAeyskKrMJ7inAoCYBkGlpggjjoON0LD9H_0Tx21B7LI1MAJxzXrsBKnCuJMeWa_YvPZMtbug08Cpuq2HUQirh_vkW2vsrrkyeJb38_Ti-zxPZI57wNA9_Vk3e1_8tuGp4.DFblTfzsj9rke_k8IX2clEBIGXy07JWvWEGTrM_FBLs&dib_tag=se&m=A504JA83FLAZB&marketplaceID=A39IBJ37TRP1C6&qid=1777067964&refinements=p_36%3A8500-9000&s=merchant-items&sr=1-36&xpid=w4rxqmlweGdei#customerReviews,Micro SD Card 16GB for Nintendo Switch [Nintendo Switch]
B01N5QKCB1,,,,
B00KKS0JW6,Audio CD,85.95,https://www.amazon.com.au/Sobo-Komori-Uta-Hayashi-Hia/dp/B00KKS0JW6/ref=sr_1_37?dib=eyJ2IjoiMSJ9.M-oa3bOKLF4yfHFBwp_auogBtg4vOhWGnMEBCUQTPSAeyskKrMJ7inAoCYBkGlpggjjoON0LD9H_0Tx21B7LI1MAJxzXrsBKnCuJMeWa_YvPZMtbug08Cpuq2HUQirh_vkW2vsrrkyeJb38_Ti-zxPZI57wNA9_Vk3e1_8tuGp4.DFblTfzsj9rke_k8IX2clEBIGXy07JWvWEGTrM_FBLs&dib_tag=se&m=A504JA83FLAZB&marketplaceID=A39IBJ37TRP1C6&qid=1777067964&refinements=p_36%3A8500-9000&s=merchant-items&sr=1-37&xpid=w4rxqmlweGdei,Sobo No Komori Uta Hayashi Hia
B07B45JNH8,,88.77,https://www.amazon.com.au/Shimano-SHIMANO-reel-bait-Basuraizu/dp/B07B45JNH8/ref=sr_1_38?dib=eyJ2IjoiMSJ9.M-oa3bOKLF4yfHFBwp_auogBtg4vOhWGnMEBCUQTPSAeyskKrMJ7inAoCYBkGlpggjjoON0LD9H_0Tx21B7LI1MAJxzXrsBKnCuJMeWa_YvPZMtbug08Cpuq2HUQirh_vkW2vsrrkyeJb38_Ti-zxPZI57wNA9_Vk3e1_8tuGp4.DFblTfzsj9rke_k8IX2clEBIGXy07JWvWEGTrM_FBLs&dib_tag=se&m=A504JA83FLAZB&marketplaceID=A39IBJ37TRP1C6&qid=1777067964&refinements=p_36%3A8500-9000&s=merchant-items&sr=1-38&xpid=w4rxqmlweGdei#customerReviews,Shimano (SHIMANO) Reel Bait Reel 18 Basuraizu
B07B45JNH8,,,,
B009PN1PBQ,,86.28,https://www.amazon.com.au/Ave-Maria-Tabata-Naomi/dp/B009PN1PBQ/ref=sr_1_39?dib=eyJ2IjoiMSJ9.M-oa3bOKLF4yfHFBwp_auogBtg4vOhWGnMEBCUQTPSAeyskKrMJ7inAoCYBkGlpggjjoON0LD9H_0Tx21B7LI1MAJxzXrsBKnCuJMeWa_YvPZMtbug08Cpuq2HUQirh_vkW2vsrrkyeJb38_Ti-zxPZI57wNA9_Vk3e1_8tuGp4.DFblTfzsj9rke_k8IX2clEBIGXy07JWvWEGTrM_FBLs&dib_tag=se&m=A504JA83FLAZB&marketplaceID=A39IBJ37TRP1C6&qid=1777067964&refinements=p_36%3A8500-9000&s=merchant-items&sr=1-39&xpid=w4rxqmlweGdei,Ave Maria
B00EHMQD5S,Audio CD,89.07,https://www.amazon.com.au/Akira-Wakabayashi-Rachmaninoff-Original-OVCT-98/dp/B00EHMQD5S/ref=sr_1_40?dib=eyJ2IjoiMSJ9.M-oa3bOKLF4yfHFBwp_auogBtg4vOhWGnMEBCUQTPSAeyskKrMJ7inAoCYBkGlpggjjoON0LD9H_0Tx21B7LI1MAJxzXrsBKnCuJMeWa_YvPZMtbug08Cpuq2HUQirh_vkW2vsrrkyeJb38_Ti-zxPZI57wNA9_Vk3e1_8tuGp4.DFblTfzsj9rke_k8IX2clEBIGXy07JWvWEGTrM_FBLs&dib_tag=se&m=A504JA83FLAZB&marketplaceID=A39IBJ37TRP1C6&qid=1777067964&refinements=p_36%3A8500-9000&s=merchant-items&sr=1-40&xpid=w4rxqmlweGdei#customerReviews,Akira Wakabayashi - Rachmaninoff: Piano Sonata No. 2 (Original Book Edition) [Japan CD] OVCT-98
B0050A7MMO,,87.89,https://www.amazon.com.au/Bakuma-hexagonal-L-shaped-bar-900mm/dp/B0050A7MMO/ref=sr_1_41?dib=eyJ2IjoiMSJ9.M-oa3bOKLF4yfHFBwp_auogBtg4vOhWGnMEBCUQTPSAeyskKrMJ7inAoCYBkGlpggjjoON0LD9H_0Tx21B7LI1MAJxzXrsBKnCuJMeWa_YvPZMtbug08Cpuq2HUQirh_vkW2vsrrkyeJb38_Ti-zxPZI57wNA9_Vk3e1_8tuGp4.DFblTfzsj9rke_k8IX2clEBIGXy07JWvWEGTrM_FBLs&dib_tag=se&m=A504JA83FLAZB&marketplaceID=A39IBJ37TRP1C6&qid=1777067964&refinements=p_36%3A8500-9000&s=merchant-items&sr=1-41&xpid=w4rxqmlweGdei,Bakuma Hex L-Shaped Bar 0.7 x 35.4 inches (19 x 900 mm)
B0050A7MMO,,,,
B00028XDCM,Audio CD,86.6,https://www.amazon.com.au/Fujin-Raijin-Concertos-Various-Tokuhide-Niimi/dp/B00028XDCM/ref=sr_1_42?dib=eyJ2IjoiMSJ9.M-oa3bOKLF4yfHFBwp_auogBtg4vOhWGnMEBCUQTPSAeyskKrMJ7inAoCYBkGlpggjjoON0LD9H_0Tx21B7LI1MAJxzXrsBKnCuJMeWa_YvPZMtbug08Cpuq2HUQirh_vkW2vsrrkyeJb38_Ti-zxPZI57wNA9_Vk3e1_8tuGp4.DFblTfzsj9rke_k8IX2clEBIGXy07JWvWEGTrM_FBLs&dib_tag=se&m=A504JA83FLAZB&marketplaceID=A39IBJ37TRP1C6&qid=1777067964&refinements=p_36%3A8500-9000&s=merchant-items&sr=1-42&xpid=w4rxqmlweGdei#customerReviews,Fujin-Raijin:Concertos
B00FPORO00,Audio CD,88.28,https://www.amazon.com.au/Gifuu-Doudou-Kanetsugu-Soundtrack-Animation/dp/B00FPORO00/ref=sr_1_43?dib=eyJ2IjoiMSJ9.M-oa3bOKLF4yfHFBwp_auogBtg4vOhWGnMEBCUQTPSAeyskKrMJ7inAoCYBkGlpggjjoON0LD9H_0Tx21B7LI1MAJxzXrsBKnCuJMeWa_YvPZMtbug08Cpuq2HUQirh_vkW2vsrrkyeJb38_Ti-zxPZI57wNA9_Vk3e1_8tuGp4.DFblTfzsj9rke_k8IX2clEBIGXy07JWvWEGTrM_FBLs&dib_tag=se&m=A504JA83FLAZB&marketplaceID=A39IBJ37TRP1C6&qid=1777067964&refinements=p_36%3A8500-9000&s=merchant-items&sr=1-43&xpid=w4rxqmlweGdei#customerReviews,Gifuu Doudou!!-Kanetsugu to Ko
B07W6CDN67,Audio CD,86.64,https://www.amazon.com.au/Beethoven-Complete-Concertos-Konzerthaus-Berlin/dp/B07W6CDN67/ref=sr_1_49?dib=eyJ2IjoiMSJ9.nwfgaalzbKlVe8NtfsottNDTEKWbYUY6eKq5KV_g-H4K08cCQAWy8Nij_rAAx9zFMnHBvpJ36CRlLharHvSGkQ.nI1wj0gcEvutBgkvdRErgmDnZIwMuIdYSKjDS92f8fc&dib_tag=se&m=A504JA83FLAZB&marketplaceID=A39IBJ37TRP1C6&qid=1777067969&refinements=p_36%3A8500-9000&s=merchant-items&sr=1-49&xpid=w4rxqmlweGdei#customerReviews,Beethoven: Complete Piano Concertos (Live At Konzerthaus Berlin/2018)(SHM-CD)
B002O35L0K,,89.33,https://www.amazon.com.au/Super-Tool-RN2124-RN-2124/dp/B002O35L0K/ref=sr_1_50?dib=eyJ2IjoiMSJ9.nwfgaalzbKlVe8NtfsottNDTEKWbYUY6eKq5KV_g-H4K08cCQAWy8Nij_rAAx9zFMnHBvpJ36CRlLharHvSGkQ.nI1wj0gcEvutBgkvdRErgmDnZIwMuIdYSKjDS92f8fc&dib_tag=se&m=A504JA83FLAZB&marketplaceID=A39IBJ37TRP1C6&qid=1777067969&refinements=p_36%3A8500-9000&s=merchant-items&sr=1-50&xpid=w4rxqmlweGdei,RN-2124
B002O35L0K,,,,
B0CXDR8MYB,Audio CD,86.27,https://www.amazon.com.au/Live-Yokohama-99-Eric-Clapton/dp/B0CXDR8MYB/ref=sr_1_51?dib=eyJ2IjoiMSJ9.nwfgaalzbKlVe8NtfsottNDTEKWbYUY6eKq5KV_g-H4K08cCQAWy8Nij_rAAx9zFMnHBvpJ36CRlLharHvSGkQ.nI1wj0gcEvutBgkvdRErgmDnZIwMuIdYSKjDS92f8fc&dib_tag=se&m=A504JA83FLAZB&marketplaceID=A39IBJ37TRP1C6&qid=1777067969&refinements=p_36%3A8500-9000&s=merchant-items&sr=1-51&xpid=w4rxqmlweGdei#customerReviews,Live in Yokohama '99
B0DJ8NQTXP,,90.65,https://www.amazon.com.au/Good-Smile-Company-Waddle-Nendoroid/dp/B0DJ8NQTXP/ref=sr_1_52?dib=eyJ2IjoiMSJ9.nwfgaalzbKlVe8NtfsottNDTEKWbYUY6eKq5KV_g-H4K08cCQAWy8Nij_rAAx9zFMnHBvpJ36CRlLharHvSGkQ.nI1wj0gcEvutBgkvdRErgmDnZIwMuIdYSKjDS92f8fc&dib_tag=se&m=A504JA83FLAZB&marketplaceID=A39IBJ37TRP1C6&qid=1777067969&refinements=p_36%3A8500-9000&s=merchant-items&sr=1-52&xpid=w4rxqmlweGdei#customerReviews,Good Smile Company Kirby Café Waddle Dee Nendoroid Action Figure
B08STS91V3,Audio CD,89.49,https://www.amazon.com.au/%E3%80%8E%E3%82%AB%E3%83%87%E3%83%B3%E3%83%84%E3%82%A1%E3%80%8F-%E3%82%BD%E3%83%8B%E3%82%A2%E3%83%BB%E3%83%B4%E3%82%A3%E3%83%BC%E3%83%80%E3%83%BC-%E3%82%A2%E3%82%B5%E3%83%BC%E3%83%88%E3%83%B3%E3%80%81%E3%83%95%E3%83%A9%E3%83%B3%E3%82%BD%E3%83%AF%E3%83%BC%E3%82%BA%E3%83%BB%E3%83%AA%E3%83%B4%E3%82%A1%E3%83%A9%E3%83%B3%E3%80%81%E3%82%A2%E3%83%9E%E3%83%AA%E3%83%AA%E3%82%B9%E3%83%BB%E3%83%93%E3%83%AC%E3%80%81%E3%83%AD%E3%83%90%E3%83%B3%E3%83%BB%E3%83%93%E3%83%AC%E3%80%81%E3%83%AC%E3%83%9F%E3%83%BB%E3%83%9E%E3%83%8B%E3%83%A3%E3%83%B3/dp/B08STS91V3/ref=sr_1_53?dib=eyJ2IjoiMSJ9.nwfgaalzbKlVe8NtfsottNDTEKWbYUY6eKq5KV_g-H4K08cCQAWy8Nij_rAAx9zFMnHBvpJ36CRlLharHvSGkQ.nI1wj0gcEvutBgkvdRErgmDnZIwMuIdYSKjDS92f8fc&dib_tag=se&m=A504JA83FLAZB&marketplaceID=A39IBJ37TRP1C6&qid=1777067969&refinements=p_36%3A8500-9000&s=merchant-items&sr=1-53&xpid=w4rxqmlweGdei,『カデンツァ』
B081WR8GF1,Audio CD,85.97,https://www.amazon.com.au/EPiDOTE-Mitsuki-Nakae-Works-Album-%E5%88%9D%E5%9B%9E%E7%94%9F%E7%94%A3%E9%99%90%E5%AE%9A%E7%9B%A4/dp/B081WR8GF1/ref=sr_1_49?dib=eyJ2IjoiMSJ9.HovE8D-TI7EIE5emqUA_tkgYMDAl2k89_yzL4u4gRZHtXlbLChI7lMvbyFsecLYq_4AIto7ZQeUH5dpBMGyzeJYg71sZMUZAixyrtVKa4QRXALSi7gnk6HubuamZ7sTiDQSHBz_rykaBes9zMhikzneBuM-WJBV2uWCT0iWqBAg.NySdbSIfrEEOjkxGBRB1zLwo5j1JSl8ujJWAb5d-VJI&dib_tag=se&m=A504JA83FLAZB&marketplaceID=A39IBJ37TRP1C6&qid=1777067969&refinements=p_36%3A8500-9000&s=merchant-items&sr=1-49&xpid=w4rxqmlweGdei#customerReviews,EPiDOTE-Mitsuki Nakae Works Best Album-(初回生産限定盤)
B07VJWY49C,Audio CD,89.79,https://www.amazon.com.au/Rose%EF%BC%88%E3%83%AD%E3%82%BC%EF%BC%89%EF%BC%9C%E3%83%87%E3%83%A9%E3%83%83%E3%82%AF%E3%82%B9%E3%83%BB%E3%82%A8%E3%83%87%E3%82%A3%E3%82%B7%E3%83%A7%E3%83%B3%EF%BC%9E-%E9%A3%AF%E5%B3%B6%E7%9C%9F%E7%90%86/dp/B07VJWY49C/ref=sr_1_50?dib=eyJ2IjoiMSJ9.HovE8D-TI7EIE5emqUA_tkgYMDAl2k89_yzL4u4gRZHtXlbLChI7lMvbyFsecLYq_4AIto7ZQeUH5dpBMGyzeJYg71sZMUZAixyrtVKa4QRXALSi7gnk6HubuamZ7sTiDQSHBz_rykaBes9zMhikzneBuM-WJBV2uWCT0iWqBAg.NySdbSIfrEEOjkxGBRB1zLwo5j1JSl8ujJWAb5d-VJI&dib_tag=se&m=A504JA83FLAZB&marketplaceID=A39IBJ37TRP1C6&qid=1777067969&refinements=p_36%3A8500-9000&s=merchant-items&sr=1-50&xpid=w4rxqmlweGdei#customerReviews,Rose（ロゼ）＜デラックス・エディション＞
B08D92ZJ5N,,88.44,https://www.amazon.com.au/Thermos-Bottle-TIGER-One-Touch-Lightweight/dp/B08D92ZJ5N/ref=sr_1_51?dib=eyJ2IjoiMSJ9.HovE8D-TI7EIE5emqUA_tkgYMDAl2k89_yzL4u4gRZHtXlbLChI7lMvbyFsecLYq_4AIto7ZQeUH5dpBMGyzeJYg71sZMUZAixyrtVKa4QRXALSi7gnk6HubuamZ7sTiDQSHBz_rykaBes9zMhikzneBuM-WJBV2uWCT0iWqBAg.NySdbSIfrEEOjkxGBRB1zLwo5j1JSl8ujJWAb5d-VJI&dib_tag=se&m=A504JA83FLAZB&marketplaceID=A39IBJ37TRP1C6&qid=1777067969&refinements=p_36%3A8500-9000&s=merchant-items&sr=1-51&xpid=w4rxqmlweGdei#customerReviews,"Tiger Thermos Bottle TIGER Mug Bottle, 16.9 fl oz (480 ml), Sahara One Touch, Lightweight, MMJ-A482AJ, Navy"
B08D92ZJ5N,,,,
B075J759R1,Audio CD,86.85,https://www.amazon.com.au/Ise-Shozo-Live-Bestkaze-Kikoeru/dp/B075J759R1/ref=sr_1_52?dib=eyJ2IjoiMSJ9.HovE8D-TI7EIE5emqUA_tkgYMDAl2k89_yzL4u4gRZHtXlbLChI7lMvbyFsecLYq_4AIto7ZQeUH5dpBMGyzeJYg71sZMUZAixyrtVKa4QRXALSi7gnk6HubuamZ7sTiDQSHBz_rykaBes9zMhikzneBuM-WJBV2uWCT0iWqBAg.NySdbSIfrEEOjkxGBRB1zLwo5j1JSl8ujJWAb5d-VJI&dib_tag=se&m=A504JA83FLAZB&marketplaceID=A39IBJ37TRP1C6&qid=1777067969&refinements=p_36%3A8500-9000&s=merchant-items&sr=1-52&xpid=w4rxqmlweGdei#customerReviews,Ise Shozo Live Bestkaze Ga Kikoeru
B00OQP7MYM,Audio CD,87.2,https://www.amazon.com.au/Utada-Hikaru-No-Uta-Various/dp/B00OQP7MYM/ref=sr_1_53?dib=eyJ2IjoiMSJ9.HovE8D-TI7EIE5emqUA_tkgYMDAl2k89_yzL4u4gRZHtXlbLChI7lMvbyFsecLYq_4AIto7ZQeUH5dpBMGyzeJYg71sZMUZAixyrtVKa4QRXALSi7gnk6HubuamZ7sTiDQSHBz_rykaBes9zMhikzneBuM-WJBV2uWCT0iWqBAg.NySdbSIfrEEOjkxGBRB1zLwo5j1JSl8ujJWAb5d-VJI&dib_tag=se&m=A504JA83FLAZB&marketplaceID=A39IBJ37TRP1C6&qid=1777067969&refinements=p_36%3A8500-9000&s=merchant-items&sr=1-53&xpid=w4rxqmlweGdei#customerReviews,Utada Hikaru No Uta / Various
B003EFI56O,,88.2,https://www.amazon.com.au/Shimano-SF-1200-16t-Freewheel-Chain/dp/B003EFI56O/ref=sr_1_54?dib=eyJ2IjoiMSJ9.HovE8D-TI7EIE5emqUA_tkgYMDAl2k89_yzL4u4gRZHtXlbLChI7lMvbyFsecLYq_4AIto7ZQeUH5dpBMGyzeJYg71sZMUZAixyrtVKa4QRXALSi7gnk6HubuamZ7sTiDQSHBz_rykaBes9zMhikzneBuM-WJBV2uWCT0iWqBAg.NySdbSIfrEEOjkxGBRB1zLwo5j1JSl8ujJWAb5d-VJI&dib_tag=se&m=A504JA83FLAZB&marketplaceID=A39IBJ37TRP1C6&qid=1777067969&refinements=p_36%3A8500-9000&s=merchant-items&sr=1-54&xpid=w4rxqmlweGdei#customerReviews,Shimano SF-1200 16t Freewheel for 1/2 x 1/8 Chain
B003EFI56O,,,,
B00L5MFEW6,Audio CD,88.7,https://www.amazon.com.au/Clock-Zero-Shuuen-No-Ichi-Byom/dp/B00L5MFEW6/ref=sr_1_55?dib=eyJ2IjoiMSJ9.HovE8D-TI7EIE5emqUA_tkgYMDAl2k89_yzL4u4gRZHtXlbLChI7lMvbyFsecLYq_4AIto7ZQeUH5dpBMGyzeJYg71sZMUZAixyrtVKa4QRXALSi7gnk6HubuamZ7sTiDQSHBz_rykaBes9zMhikzneBuM-WJBV2uWCT0iWqBAg.NySdbSIfrEEOjkxGBRB1zLwo5j1JSl8ujJWAb5d-VJI&dib_tag=se&m=A504JA83FLAZB&marketplaceID=A39IBJ37TRP1C6&qid=1777067969&refinements=p_36%3A8500-9000&s=merchant-items&sr=1-55&xpid=w4rxqmlweGdei#customerReviews,Clock Zero-Shuuen No Ichi Byom
B00D1B8X0O,Audio CD,89.85,https://www.amazon.com.au/Theatrhythm-Final-Fantasy-Soundtrack-Music/dp/B00D1B8X0O/ref=sr_1_56?dib=eyJ2IjoiMSJ9.HovE8D-TI7EIE5emqUA_tkgYMDAl2k89_yzL4u4gRZHtXlbLChI7lMvbyFsecLYq_4AIto7ZQeUH5dpBMGyzeJYg71sZMUZAixyrtVKa4QRXALSi7gnk6HubuamZ7sTiDQSHBz_rykaBes9zMhikzneBuM-WJBV2uWCT0iWqBAg.NySdbSIfrEEOjkxGBRB1zLwo5j1JSl8ujJWAb5d-VJI&dib_tag=se&m=A504JA83FLAZB&marketplaceID=A39IBJ37TRP1C6&qid=1777067969&refinements=p_36%3A8500-9000&s=merchant-items&sr=1-56&xpid=w4rxqmlweGdei#customerReviews,Theatrhythm Final Fantasy Comp
B0B1PKYPDH,,87.71,https://www.amazon.com.au/Nitaku-NB1743-Table-Tennis-Treating/dp/B0B1PKYPDH/ref=sr_1_57?dib=eyJ2IjoiMSJ9.HovE8D-TI7EIE5emqUA_tkgYMDAl2k89_yzL4u4gRZHtXlbLChI7lMvbyFsecLYq_4AIto7ZQeUH5dpBMGyzeJYg71sZMUZAixyrtVKa4QRXALSi7gnk6HubuamZ7sTiDQSHBz_rykaBes9zMhikzneBuM-WJBV2uWCT0iWqBAg.NySdbSIfrEEOjkxGBRB1zLwo5j1JSl8ujJWAb5d-VJI&dib_tag=se&m=A504JA83FLAZB&marketplaceID=A39IBJ37TRP1C6&qid=1777067969&refinements=p_36%3A8500-9000&s=merchant-items&sr=1-57&xpid=w4rxqmlweGdei#customerReviews,"Nittaku Table Tennis Ball, J Top Clean Play Ball, Practice Ball"
B0B1PKYPDH,,,,
B000069U6K,Sega Saturn,86.31,https://www.amazon.com.au/Puzzle-Bobble-2X-Japan-Import/dp/B000069U6K/ref=sr_1_58?dib=eyJ2IjoiMSJ9.HovE8D-TI7EIE5emqUA_tkgYMDAl2k89_yzL4u4gRZHtXlbLChI7lMvbyFsecLYq_4AIto7ZQeUH5dpBMGyzeJYg71sZMUZAixyrtVKa4QRXALSi7gnk6HubuamZ7sTiDQSHBz_rykaBes9zMhikzneBuM-WJBV2uWCT0iWqBAg.NySdbSIfrEEOjkxGBRB1zLwo5j1JSl8ujJWAb5d-VJI&dib_tag=se&m=A504JA83FLAZB&marketplaceID=A39IBJ37TRP1C6&qid=1777067969&refinements=p_36%3A8500-9000&s=merchant-items&sr=1-58&xpid=w4rxqmlweGdei#customerReviews,Puzzle Bobble 2X [Japan Import]
B000069U6K,,,,
B00005R0VK,Audio CD,88.12,https://www.amazon.com.au/Consequences-Godley-Creme/dp/B00005R0VK/ref=sr_1_59?dib=eyJ2IjoiMSJ9.HovE8D-TI7EIE5emqUA_tkgYMDAl2k89_yzL4u4gRZHtXlbLChI7lMvbyFsecLYq_4AIto7ZQeUH5dpBMGyzeJYg71sZMUZAixyrtVKa4QRXALSi7gnk6HubuamZ7sTiDQSHBz_rykaBes9zMhikzneBuM-WJBV2uWCT0iWqBAg.NySdbSIfrEEOjkxGBRB1zLwo5j1JSl8ujJWAb5d-VJI&dib_tag=se&m=A504JA83FLAZB&marketplaceID=A39IBJ37TRP1C6&qid=1777067969&refinements=p_36%3A8500-9000&s=merchant-items&sr=1-59&xpid=w4rxqmlweGdei#customerReviews,Consequences
B0002GSUBI,,88.84,https://www.amazon.com.au/OJ-4-Object-saucepan-18cm/dp/B0002GSUBI/ref=sr_1_65?dib=eyJ2IjoiMSJ9.52CY72B861X1Fj8R9kwggEiL1baAxbmFJjMNLbt17xiOMzG-LOjowGwAC-7U33VzDJD19qZVwUoD9hMDkmzs2w.nfoy5zas0Rgo-u9paXurHhlpF3e_5Q_CZkKPJ-vIFtk&dib_tag=se&m=A504JA83FLAZB&marketplaceID=A39IBJ37TRP1C6&qid=1777067973&refinements=p_36%3A8500-9000&s=merchant-items&sr=1-65&xpid=w4rxqmlweGdei#customerReviews,"Miyazaki Seisakusho OJ-4 Objet Single Handle Pot, 7.1 inches (18 cm), Saucepan, Made in Japan, IH Compatible, Lightweight, Silver"
B0002GSUBI,,,,
B00005J4O1,Audio CD,89.12,https://www.amazon.com.au/Spin-Out-2-Various-Artists/dp/B00005J4O1/ref=sr_1_66?dib=eyJ2IjoiMSJ9.52CY72B861X1Fj8R9kwggEiL1baAxbmFJjMNLbt17xiOMzG-LOjowGwAC-7U33VzDJD19qZVwUoD9hMDkmzs2w.nfoy5zas0Rgo-u9paXurHhlpF3e_5Q_CZkKPJ-vIFtk&dib_tag=se&m=A504JA83FLAZB&marketplaceID=A39IBJ37TRP1C6&qid=1777067973&refinements=p_36%3A8500-9000&s=merchant-items&sr=1-66&xpid=w4rxqmlweGdei#customerReviews,Spin Out 2
B000001MFS,Audio CD,85.34,https://www.amazon.com.au/Speed-Light-Flora-Purim/dp/B000001MFS/ref=sr_1_67?dib=eyJ2IjoiMSJ9.52CY72B861X1Fj8R9kwggEiL1baAxbmFJjMNLbt17xiOMzG-LOjowGwAC-7U33VzDJD19qZVwUoD9hMDkmzs2w.nfoy5zas0Rgo-u9paXurHhlpF3e_5Q_CZkKPJ-vIFtk&dib_tag=se&m=A504JA83FLAZB&marketplaceID=A39IBJ37TRP1C6&qid=1777067973&refinements=p_36%3A8500-9000&s=merchant-items&sr=1-67&xpid=w4rxqmlweGdei#customerReviews,Speed of Light
B0C7B9TR9X,,89.41,https://www.amazon.com.au/Shimano-C3000-Sedona-Spinning-Reel/dp/B0C7B9TR9X/ref=sr_1_68?dib=eyJ2IjoiMSJ9.52CY72B861X1Fj8R9kwggEiL1baAxbmFJjMNLbt17xiOMzG-LOjowGwAC-7U33VzDJD19qZVwUoD9hMDkmzs2w.nfoy5zas0Rgo-u9paXurHhlpF3e_5Q_CZkKPJ-vIFtk&dib_tag=se&m=A504JA83FLAZB&marketplaceID=A39IBJ37TRP1C6&qid=1777067973&refinements=p_36%3A8500-9000&s=merchant-items&sr=1-68&xpid=w4rxqmlweGdei#customerReviews,Shimano 23 Sedona Spinning Reel 500 - C5000XG
B0C7B9TR9X,,,,
B0CZYLR2DG,Audio CD,87.15,https://www.amazon.com.au/Missa-Universalis-SHM-Paper-Sleeve/dp/B0CZYLR2DG/ref=sr_1_69?dib=eyJ2IjoiMSJ9.52CY72B861X1Fj8R9kwggEiL1baAxbmFJjMNLbt17xiOMzG-LOjowGwAC-7U33VzDJD19qZVwUoD9hMDkmzs2w.nfoy5zas0Rgo-u9paXurHhlpF3e_5Q_CZkKPJ-vIFtk&dib_tag=se&m=A504JA83FLAZB&marketplaceID=A39IBJ37TRP1C6&qid=1777067973&refinements=p_36%3A8500-9000&s=merchant-items&sr=1-69&xpid=w4rxqmlweGdei#customerReviews,Missa Universalis - SHM / Paper Sleeve
B0CKHZM2HL,Vinyl,88.83,https://www.amazon.com.au/Kaoru-Yumi-New-Album/dp/B0CKHZM2HL/ref=sr_1_65?dib=eyJ2IjoiMSJ9.Dlo72Jrs4O7EKyrAPfg3FbqMP7PfGwmyXkz2NZn6VFsYC9qw8Iq4nxUpUfSm-R02DA9i8DTMQMibX0141vIFRIOzV93zSQFmVUTOfWvZeNA4HwI4_EPbD6MMRhl1rTv7qpMrcaQfNrbzYwMoHFpQqcPhv_lquGQlivwEgjSYasc.DhIjmMxptdmh_l6jm9c-yFlE5pg4NVbKZRzLzLEeGb4&dib_tag=se&m=A504JA83FLAZB&marketplaceID=A39IBJ37TRP1C6&qid=1777067973&refinements=p_36%3A8500-9000&s=merchant-items&sr=1-65&xpid=w4rxqmlweGdei#customerReviews,Kaoru Yumi New Album
B0CD7R2RW5,,86.48,https://www.amazon.com.au/Shinwa-Sokutei-73595-Circular-Folding/dp/B0CD7R2RW5/ref=sr_1_66?dib=eyJ2IjoiMSJ9.Dlo72Jrs4O7EKyrAPfg3FbqMP7PfGwmyXkz2NZn6VFsYC9qw8Iq4nxUpUfSm-R02DA9i8DTMQMibX0141vIFRIOzV93zSQFmVUTOfWvZeNA4HwI4_EPbD6MMRhl1rTv7qpMrcaQfNrbzYwMoHFpQqcPhv_lquGQlivwEgjSYasc.DhIjmMxptdmh_l6jm9c-yFlE5pg4NVbKZRzLzLEeGb4&dib_tag=se&m=A504JA83FLAZB&marketplaceID=A39IBJ37TRP1C6&qid=1777067973&refinements=p_36%3A8500-9000&s=merchant-items&sr=1-66&xpid=w4rxqmlweGdei,"Shinwa Sokutei 73595 Circular Saw Guide Ruler, Folding T-Slide, Slim Shift, 11.8 inches (30 cm), Long Butt"
B0CD7R2RW5,,,,
B0CKH79LXY,Vinyl,89.78,https://www.amazon.com.au/Zero-Album-Utahime-Akina-Nakamori/dp/B0CKH79LXY/ref=sr_1_67?dib=eyJ2IjoiMSJ9.Dlo72Jrs4O7EKyrAPfg3FbqMP7PfGwmyXkz2NZn6VFsYC9qw8Iq4nxUpUfSm-R02DA9i8DTMQMibX0141vIFRIOzV93zSQFmVUTOfWvZeNA4HwI4_EPbD6MMRhl1rTv7qpMrcaQfNrbzYwMoHFpQqcPhv_lquGQlivwEgjSYasc.DhIjmMxptdmh_l6jm9c-yFlE5pg4NVbKZRzLzLEeGb4&dib_tag=se&m=A504JA83FLAZB&marketplaceID=A39IBJ37TRP1C6&qid=1777067973&refinements=p_36%3A8500-9000&s=merchant-items&sr=1-67&xpid=w4rxqmlweGdei#customerReviews,Zero Album: Utahime 2
B0CKH79D6T,Vinyl,86.98,https://www.amazon.com.au/Folk-Song-Jyojyouka-Akina-Nakamori/dp/B0CKH79D6T/ref=sr_1_68?dib=eyJ2IjoiMSJ9.Dlo72Jrs4O7EKyrAPfg3FbqMP7PfGwmyXkz2NZn6VFsYC9qw8Iq4nxUpUfSm-R02DA9i8DTMQMibX0141vIFRIOzV93zSQFmVUTOfWvZeNA4HwI4_EPbD6MMRhl1rTv7qpMrcaQfNrbzYwMoHFpQqcPhv_lquGQlivwEgjSYasc.DhIjmMxptdmh_l6jm9c-yFlE5pg4NVbKZRzLzLEeGb4&dib_tag=se&m=A504JA83FLAZB&marketplaceID=A39IBJ37TRP1C6&qid=1777067973&refinements=p_36%3A8500-9000&s=merchant-items&sr=1-68&xpid=w4rxqmlweGdei#customerReviews,Folk Song: Utahime Jyojyouka
B0CH7Z2BLV,Vinyl,85.89,https://www.amazon.com.au/Venus-Logic-System/dp/B0CH7Z2BLV/ref=sr_1_69?dib=eyJ2IjoiMSJ9.Dlo72Jrs4O7EKyrAPfg3FbqMP7PfGwmyXkz2NZn6VFsYC9qw8Iq4nxUpUfSm-R02DA9i8DTMQMibX0141vIFRIOzV93zSQFmVUTOfWvZeNA4HwI4_EPbD6MMRhl1rTv7qpMrcaQfNrbzYwMoHFpQqcPhv_lquGQlivwEgjSYasc.DhIjmMxptdmh_l6jm9c-yFlE5pg4NVbKZRzLzLEeGb4&dib_tag=se&m=A504JA83FLAZB&marketplaceID=A39IBJ37TRP1C6&qid=1777067973&refinements=p_36%3A8500-9000&s=merchant-items&sr=1-69&xpid=w4rxqmlweGdei#customerReviews,Venus
B08X147ZQD,,88.89,https://www.amazon.com.au/Snow-Peak-Shimo-Tumbler-Silver/dp/B08X147ZQD/ref=sr_1_70?dib=eyJ2IjoiMSJ9.Dlo72Jrs4O7EKyrAPfg3FbqMP7PfGwmyXkz2NZn6VFsYC9qw8Iq4nxUpUfSm-R02DA9i8DTMQMibX0141vIFRIOzV93zSQFmVUTOfWvZeNA4HwI4_EPbD6MMRhl1rTv7qpMrcaQfNrbzYwMoHFpQqcPhv_lquGQlivwEgjSYasc.DhIjmMxptdmh_l6jm9c-yFlE5pg4NVbKZRzLzLEeGb4&dib_tag=se&m=A504JA83FLAZB&marketplaceID=A39IBJ37TRP1C6&qid=1777067973&refinements=p_36%3A8500-9000&s=merchant-items&sr=1-70&xpid=w4rxqmlweGdei#customerReviews,Snow Peak Vacuum Beer Tumbler 16oz/470ml Water Bottle
B08X147ZQD,,,,
B0C4L2HDZJ,Vinyl,87.07,https://www.amazon.com.au/Bossa-Carioca-Ltd-Japanese-Pressing/dp/B0C4L2HDZJ/ref=sr_1_71?dib=eyJ2IjoiMSJ9.Dlo72Jrs4O7EKyrAPfg3FbqMP7PfGwmyXkz2NZn6VFsYC9qw8Iq4nxUpUfSm-R02DA9i8DTMQMibX0141vIFRIOzV93zSQFmVUTOfWvZeNA4HwI4_EPbD6MMRhl1rTv7qpMrcaQfNrbzYwMoHFpQqcPhv_lquGQlivwEgjSYasc.DhIjmMxptdmh_l6jm9c-yFlE5pg4NVbKZRzLzLEeGb4&dib_tag=se&m=A504JA83FLAZB&marketplaceID=A39IBJ37TRP1C6&qid=1777067973&refinements=p_36%3A8500-9000&s=merchant-items&sr=1-71&xpid=w4rxqmlweGdei#customerReviews,Bossa Carioca - Ltd Japanese Pressing
B09JNPZVYL,Audio CD,89.72,https://www.amazon.com.au/%E5%A4%89%E3%82%A8%E3%83%AB%E3%83%8E%E8%A9%A9-RED-SPIDER/dp/B09JNPZVYL/ref=sr_1_72?dib=eyJ2IjoiMSJ9.Dlo72Jrs4O7EKyrAPfg3FbqMP7PfGwmyXkz2NZn6VFsYC9qw8Iq4nxUpUfSm-R02DA9i8DTMQMibX0141vIFRIOzV93zSQFmVUTOfWvZeNA4HwI4_EPbD6MMRhl1rTv7qpMrcaQfNrbzYwMoHFpQqcPhv_lquGQlivwEgjSYasc.DhIjmMxptdmh_l6jm9c-yFlE5pg4NVbKZRzLzLEeGb4&dib_tag=se&m=A504JA83FLAZB&marketplaceID=A39IBJ37TRP1C6&qid=1777067973&refinements=p_36%3A8500-9000&s=merchant-items&sr=1-72&xpid=w4rxqmlweGdei#customerReviews,変エルノ詩
B08R89GBZV,Vinyl,86.14,https://www.amazon.com.au/Youre-My-Lady-Ultimates/dp/B08R89GBZV/ref=sr_1_73?dib=eyJ2IjoiMSJ9.Dlo72Jrs4O7EKyrAPfg3FbqMP7PfGwmyXkz2NZn6VFsYC9qw8Iq4nxUpUfSm-R02DA9i8DTMQMibX0141vIFRIOzV93zSQFmVUTOfWvZeNA4HwI4_EPbD6MMRhl1rTv7qpMrcaQfNrbzYwMoHFpQqcPhv_lquGQlivwEgjSYasc.DhIjmMxptdmh_l6jm9c-yFlE5pg4NVbKZRzLzLEeGb4&dib_tag=se&m=A504JA83FLAZB&marketplaceID=A39IBJ37TRP1C6&qid=1777067973&refinements=p_36%3A8500-9000&s=merchant-items&sr=1-73&xpid=w4rxqmlweGdei#customerReviews,You're My Lady
B09F9BY6FP,,87.08,https://www.amazon.com.au/Shimano-Unisex-IEWEC300A-Charging-Silver/dp/B09F9BY6FP/ref=sr_1_74?dib=eyJ2IjoiMSJ9.Dlo72Jrs4O7EKyrAPfg3FbqMP7PfGwmyXkz2NZn6VFsYC9qw8Iq4nxUpUfSm-R02DA9i8DTMQMibX0141vIFRIOzV93zSQFmVUTOfWvZeNA4HwI4_EPbD6MMRhl1rTv7qpMrcaQfNrbzYwMoHFpQqcPhv_lquGQlivwEgjSYasc.DhIjmMxptdmh_l6jm9c-yFlE5pg4NVbKZRzLzLEeGb4&dib_tag=se&m=A504JA83FLAZB&marketplaceID=A39IBJ37TRP1C6&qid=1777067973&refinements=p_36%3A8500-9000&s=merchant-items&sr=1-74&xpid=w4rxqmlweGdei#customerReviews,"Shimano Unisex - Adult IEWEC300A USB Charging Cable, Black/Silver, One Size"
B09F9BY6FP,,,,
B08R89GBZD,Vinyl,87.36,https://www.amazon.com.au/Giving-Up-Topics/dp/B08R89GBZD/ref=sr_1_75?dib=eyJ2IjoiMSJ9.Dlo72Jrs4O7EKyrAPfg3FbqMP7PfGwmyXkz2NZn6VFsYC9qw8Iq4nxUpUfSm-R02DA9i8DTMQMibX0141vIFRIOzV93zSQFmVUTOfWvZeNA4HwI4_EPbD6MMRhl1rTv7qpMrcaQfNrbzYwMoHFpQqcPhv_lquGQlivwEgjSYasc.DhIjmMxptdmh_l6jm9c-yFlE5pg4NVbKZRzLzLEeGb4&dib_tag=se&m=A504JA83FLAZB&marketplaceID=A39IBJ37TRP1C6&qid=1777067973&refinements=p_36%3A8500-9000&s=merchant-items&sr=1-75&xpid=w4rxqmlweGdei#customerReviews,Giving Up
B08L3894TJ,Audio CD,86.29,https://www.amazon.com.au/Solo-SHM-CD-Paper-Sleeve-Kaipa/dp/B08L3894TJ/ref=sr_1_81?dib=eyJ2IjoiMSJ9.E8TYQ1cHlmz9JRCjHxQnQepmzFgO68qnlVCjSVDGI7MTbgTucjjT_IvZF_xrz3tzqnD7IY5wZwVdYkeWe4Cc4Q.hby94wr_zcqwqNXWyibtJiuAriz4P4SQH8w_YalPsp8&dib_tag=se&m=A504JA83FLAZB&marketplaceID=A39IBJ37TRP1C6&qid=1777067978&refinements=p_36%3A8500-9000&s=merchant-items&sr=1-81&xpid=w4rxqmlweGdei#customerReviews,Solo (SHM-CD) (Paper Sleeve)
B08BS2CD7F,Audio CD,89.59,https://www.amazon.com.au/ATRI-Moments-Original-Soundtrack-%E5%88%9D%E5%9B%9E%E7%94%9F%E7%94%A3%E9%99%90%E5%AE%9A%E7%9B%A4/dp/B08BS2CD7F/ref=sr_1_82?dib=eyJ2IjoiMSJ9.E8TYQ1cHlmz9JRCjHxQnQepmzFgO68qnlVCjSVDGI7MTbgTucjjT_IvZF_xrz3tzqnD7IY5wZwVdYkeWe4Cc4Q.hby94wr_zcqwqNXWyibtJiuAriz4P4SQH8w_YalPsp8&dib_tag=se&m=A504JA83FLAZB&marketplaceID=A39IBJ37TRP1C6&qid=1777067978&refinements=p_36%3A8500-9000&s=merchant-items&sr=1-82&xpid=w4rxqmlweGdei#customerReviews,ATRI -My Dear Moments- Original Soundtrack(初回生産限定盤)
B0B24M6YRL,,87.47,https://www.amazon.com.au/Snow-Peak-N-110-Fire-Blowing/dp/B0B24M6YRL/ref=sr_1_83?dib=eyJ2IjoiMSJ9.E8TYQ1cHlmz9JRCjHxQnQepmzFgO68qnlVCjSVDGI7MTbgTucjjT_IvZF_xrz3tzqnD7IY5wZwVdYkeWe4Cc4Q.hby94wr_zcqwqNXWyibtJiuAriz4P4SQH8w_YalPsp8&dib_tag=se&m=A504JA83FLAZB&marketplaceID=A39IBJ37TRP1C6&qid=1777067978&refinements=p_36%3A8500-9000&s=merchant-items&sr=1-83&xpid=w4rxqmlweGdei#customerReviews,スノーピーク(snow peak) 火吹き棒 N-110 キャンプ アウトドア
B0B24M6YRL,,,,
B07NSJB983,Audio CD,85.95,https://www.amazon.com.au/Yousei-Gorath-Ost-YOUSEI-GORATH/dp/B07NSJB983/ref=sr_1_84?dib=eyJ2IjoiMSJ9.E8TYQ1cHlmz9JRCjHxQnQepmzFgO68qnlVCjSVDGI7MTbgTucjjT_IvZF_xrz3tzqnD7IY5wZwVdYkeWe4Cc4Q.hby94wr_zcqwqNXWyibtJiuAriz4P4SQH8w_YalPsp8&dib_tag=se&m=A504JA83FLAZB&marketplaceID=A39IBJ37TRP1C6&qid=1777067978&refinements=p_36%3A8500-9000&s=merchant-items&sr=1-84&xpid=w4rxqmlweGdei#customerReviews,Yousei Gorath Ost
B077NWWX7S,Audio CD,89.47,https://www.amazon.com.au/SONG-MY-FATHER-CLAUDE-WILLIAMSON/dp/B077NWWX7S/ref=sr_1_85?dib=eyJ2IjoiMSJ9.E8TYQ1cHlmz9JRCjHxQnQepmzFgO68qnlVCjSVDGI7MTbgTucjjT_IvZF_xrz3tzqnD7IY5wZwVdYkeWe4Cc4Q.hby94wr_zcqwqNXWyibtJiuAriz4P4SQH8w_YalPsp8&dib_tag=se&m=A504JA83FLAZB&marketplaceID=A39IBJ37TRP1C6&qid=1777067978&refinements=p_36%3A8500-9000&s=merchant-items&sr=1-85&xpid=w4rxqmlweGdei#customerReviews,Song For My Father
B0759C4997,Audio CD,89.95,https://www.amazon.com.au/World-Standard-2-WASUTA/dp/B0759C4997/ref=sr_1_81?dib=eyJ2IjoiMSJ9.lBMdWxlOAu2-b13BV7dEKQxLOzkKiF2dFDYUx3jc0Qfxf5y9X5xKKBOqGMj1QVrDApj50F9uFqtDfbCdlDeGA1i-0ggoX6AeaUwPyFh1w2z4DM6c9nYEK6sKLtDhtZSZ4QkbyWZADSEw7psqXn4c5MqGe7hlV8ETQ-DMnXSK69s.OQpRT4cwmF4RbuUHL7QkOflbbFaJzw1XQ8KWscg_D0Y&dib_tag=se&m=A504JA83FLAZB&marketplaceID=A39IBJ37TRP1C6&qid=1777067978&refinements=p_36%3A8500-9000&s=merchant-items&sr=1-81&xpid=w4rxqmlweGdei#customerReviews,World Standard 2
B06WWR6J82,,98.69,https://www.amazon.com.au/SHIMANO-PDED500-PD-ED500-Pedals-Black/dp/B06WWR6J82/ref=sr_1_82?dib=eyJ2IjoiMSJ9.lBMdWxlOAu2-b13BV7dEKQxLOzkKiF2dFDYUx3jc0Qfxf5y9X5xKKBOqGMj1QVrDApj50F9uFqtDfbCdlDeGA1i-0ggoX6AeaUwPyFh1w2z4DM6c9nYEK6sKLtDhtZSZ4QkbyWZADSEw7psqXn4c5MqGe7hlV8ETQ-DMnXSK69s.OQpRT4cwmF4RbuUHL7QkOflbbFaJzw1XQ8KWscg_D0Y&dib_tag=se&m=A504JA83FLAZB&marketplaceID=A39IBJ37TRP1C6&qid=1777067978&refinements=p_36%3A8500-9000&s=merchant-items&sr=1-82&xpid=w4rxqmlweGdei#customerReviews,Shimano PD-ED500 Bicycle Pedal (SPD-System) // Road/Touring/Trekking
B06WWR6J82,,,,
B01N58QBRO,Audio CD,88.13,https://www.amazon.com.au/SENTIMENTAL-MOOD-BARBARA-CARROLL/dp/B01N58QBRO/ref=sr_1_83?dib=eyJ2IjoiMSJ9.lBMdWxlOAu2-b13BV7dEKQxLOzkKiF2dFDYUx3jc0Qfxf5y9X5xKKBOqGMj1QVrDApj50F9uFqtDfbCdlDeGA1i-0ggoX6AeaUwPyFh1w2z4DM6c9nYEK6sKLtDhtZSZ4QkbyWZADSEw7psqXn4c5MqGe7hlV8ETQ-DMnXSK69s.OQpRT4cwmF4RbuUHL7QkOflbbFaJzw1XQ8KWscg_D0Y&dib_tag=se&m=A504JA83FLAZB&marketplaceID=A39IBJ37TRP1C6&qid=1777067978&refinements=p_36%3A8500-9000&s=merchant-items&sr=1-83&xpid=w4rxqmlweGdei#customerReviews,Sentimental Mood
B01N0K7X0I,Audio CD,86.4,https://www.amazon.com.au/MANHATTAN-REVEIE-RICHIE-BEIRACH/dp/B01N0K7X0I/ref=sr_1_84?dib=eyJ2IjoiMSJ9.lBMdWxlOAu2-b13BV7dEKQxLOzkKiF2dFDYUx3jc0Qfxf5y9X5xKKBOqGMj1QVrDApj50F9uFqtDfbCdlDeGA1i-0ggoX6AeaUwPyFh1w2z4DM6c9nYEK6sKLtDhtZSZ4QkbyWZADSEw7psqXn4c5MqGe7hlV8ETQ-DMnXSK69s.OQpRT4cwmF4RbuUHL7QkOflbbFaJzw1XQ8KWscg_D0Y&dib_tag=se&m=A504JA83FLAZB&marketplaceID=A39IBJ37TRP1C6&qid=1777067978&refinements=p_36%3A8500-9000&s=merchant-items&sr=1-84&xpid=w4rxqmlweGdei#customerReviews,Illusion Of Manhattan
B01ERGXYE6,Audio CD,87.78,https://www.amazon.com.au/High-Low-Original-Best-Album/dp/B01ERGXYE6/ref=sr_1_85?dib=eyJ2IjoiMSJ9.lBMdWxlOAu2-b13BV7dEKQxLOzkKiF2dFDYUx3jc0Qfxf5y9X5xKKBOqGMj1QVrDApj50F9uFqtDfbCdlDeGA1i-0ggoX6AeaUwPyFh1w2z4DM6c9nYEK6sKLtDhtZSZ4QkbyWZADSEw7psqXn4c5MqGe7hlV8ETQ-DMnXSK69s.OQpRT4cwmF4RbuUHL7QkOflbbFaJzw1XQ8KWscg_D0Y&dib_tag=se&m=A504JA83FLAZB&marketplaceID=A39IBJ37TRP1C6&qid=1777067978&refinements=p_36%3A8500-9000&s=merchant-items&sr=1-85&xpid=w4rxqmlweGdei#customerReviews,High & Low Original Best Album
B0746GHJSS,,86.83,https://www.amazon.com.au/Tajima-holder-after-Joseph-SF-MHLDC10W/dp/B0746GHJSS/ref=sr_1_86?dib=eyJ2IjoiMSJ9.lBMdWxlOAu2-b13BV7dEKQxLOzkKiF2dFDYUx3jc0Qfxf5y9X5xKKBOqGMj1QVrDApj50F9uFqtDfbCdlDeGA1i-0ggoX6AeaUwPyFh1w2z4DM6c9nYEK6sKLtDhtZSZ4QkbyWZADSEw7psqXn4c5MqGe7hlV8ETQ-DMnXSK69s.OQpRT4cwmF4RbuUHL7QkOflbbFaJzw1XQ8KWscg_D0Y&dib_tag=se&m=A504JA83FLAZB&marketplaceID=A39IBJ37TRP1C6&qid=1777067978&refinements=p_36%3A8500-9000&s=merchant-items&sr=1-86&xpid=w4rxqmlweGdei#customerReviews,"Tajima SF-MHLDC10W Convex Safety Retrofit Holder, Metal, Catch 10 Wire"
B0746GHJSS,,,,
B01BW8BWC8,Audio CD,85.27,https://www.amazon.com.au/Star-Cluster-Atom-Marginal-Best/dp/B01BW8BWC8/ref=sr_1_87?dib=eyJ2IjoiMSJ9.lBMdWxlOAu2-b13BV7dEKQxLOzkKiF2dFDYUx3jc0Qfxf5y9X5xKKBOqGMj1QVrDApj50F9uFqtDfbCdlDeGA1i-0ggoX6AeaUwPyFh1w2z4DM6c9nYEK6sKLtDhtZSZ4QkbyWZADSEw7psqXn4c5MqGe7hlV8ETQ-DMnXSK69s.OQpRT4cwmF4RbuUHL7QkOflbbFaJzw1XQ8KWscg_D0Y&dib_tag=se&m=A504JA83FLAZB&marketplaceID=A39IBJ37TRP1C6&qid=1777067978&refinements=p_36%3A8500-9000&s=merchant-items&sr=1-87&xpid=w4rxqmlweGdei#customerReviews,Star Cluster 3 [Atom/Rui/l&R]
B018W029EO,Audio CD,88.82,https://www.amazon.com.au/Cruise-Album-Piece-Nippon-Oudan/dp/B018W029EO/ref=sr_1_88?dib=eyJ2IjoiMSJ9.lBMdWxlOAu2-b13BV7dEKQxLOzkKiF2dFDYUx3jc0Qfxf5y9X5xKKBOqGMj1QVrDApj50F9uFqtDfbCdlDeGA1i-0ggoX6AeaUwPyFh1w2z4DM6c9nYEK6sKLtDhtZSZ4QkbyWZADSEw7psqXn4c5MqGe7hlV8ETQ-DMnXSK69s.OQpRT4cwmF4RbuUHL7QkOflbbFaJzw1XQ8KWscg_D0Y&dib_tag=se&m=A504JA83FLAZB&marketplaceID=A39IBJ37TRP1C6&qid=1777067978&refinements=p_36%3A8500-9000&s=merchant-items&sr=1-88&xpid=w4rxqmlweGdei#customerReviews,47 Cruise Album West
B0152Y30WS,Vinyl,85.14,https://www.amazon.com.au/Akiko-Limited/dp/B0152Y30WS/ref=sr_1_89?dib=eyJ2IjoiMSJ9.lBMdWxlOAu2-b13BV7dEKQxLOzkKiF2dFDYUx3jc0Qfxf5y9X5xKKBOqGMj1QVrDApj50F9uFqtDfbCdlDeGA1i-0ggoX6AeaUwPyFh1w2z4DM6c9nYEK6sKLtDhtZSZ4QkbyWZADSEw7psqXn4c5MqGe7hlV8ETQ-DMnXSK69s.OQpRT4cwmF4RbuUHL7QkOflbbFaJzw1XQ8KWscg_D0Y&dib_tag=se&m=A504JA83FLAZB&marketplaceID=A39IBJ37TRP1C6&qid=1777067978&refinements=p_36%3A8500-9000&s=merchant-items&sr=1-89&xpid=w4rxqmlweGdei#customerReviews,Akiko
B07DLX2YJT,,85.73,https://www.amazon.com.au/KATO-N-Gauge-Suburbs-Platform-23-161/dp/B07DLX2YJT/ref=sr_1_90?dib=eyJ2IjoiMSJ9.lBMdWxlOAu2-b13BV7dEKQxLOzkKiF2dFDYUx3jc0Qfxf5y9X5xKKBOqGMj1QVrDApj50F9uFqtDfbCdlDeGA1i-0ggoX6AeaUwPyFh1w2z4DM6c9nYEK6sKLtDhtZSZ4QkbyWZADSEw7psqXn4c5MqGe7hlV8ETQ-DMnXSK69s.OQpRT4cwmF4RbuUHL7QkOflbbFaJzw1XQ8KWscg_D0Y&dib_tag=se&m=A504JA83FLAZB&marketplaceID=A39IBJ37TRP1C6&qid=1777067978&refinements=p_36%3A8500-9000&s=merchant-items&sr=1-90&xpid=w4rxqmlweGdei#customerReviews,KATO 23-161 N Gauge Suburban Home DX Opposing Set Model Train Supplies
B013PRSZ8S,Audio CD,88.85,https://www.amazon.com.au/Owari-Naki-Unmei-Harukanaru-Toki/dp/B013PRSZ8S/ref=sr_1_91?dib=eyJ2IjoiMSJ9.lBMdWxlOAu2-b13BV7dEKQxLOzkKiF2dFDYUx3jc0Qfxf5y9X5xKKBOqGMj1QVrDApj50F9uFqtDfbCdlDeGA1i-0ggoX6AeaUwPyFh1w2z4DM6c9nYEK6sKLtDhtZSZ4QkbyWZADSEw7psqXn4c5MqGe7hlV8ETQ-DMnXSK69s.OQpRT4cwmF4RbuUHL7QkOflbbFaJzw1XQ8KWscg_D0Y&dib_tag=se&m=A504JA83FLAZB&marketplaceID=A39IBJ37TRP1C6&qid=1777067978&refinements=p_36%3A8500-9000&s=merchant-items&sr=1-91&xpid=w4rxqmlweGdei#customerReviews,Owari Naki Unmei
B013OV5JFC,Audio CD,86.4,https://www.amazon.com.au/SENTIMENTAL-JOURNEY-NICKI-PARROTT/dp/B013OV5JFC/ref=sr_1_97?dib=eyJ2IjoiMSJ9.l8TrXNyZB-B57KuI1vIfKd9WQBoUkYalgC59DmTCQEPEFMMWnhNmxUxPubAXz30STrDJtLdc2ffNiRSI5vjUvQ.yDCwk1Ww7aeCUN3HVMNgidw38XdmUR6JM2LDIWZTVcg&dib_tag=se&m=A504JA83FLAZB&marketplaceID=A39IBJ37TRP1C6&qid=1777067983&refinements=p_36%3A8500-9000&s=merchant-items&sr=1-97&xpid=w4rxqmlweGdei#customerReviews,Sentimental Journey
B011J6GEZS,Audio CD,85.14,https://www.amazon.com.au/Teenage-Fanclub-Sneeze/dp/B011J6GEZS/ref=sr_1_98?dib=eyJ2IjoiMSJ9.l8TrXNyZB-B57KuI1vIfKd9WQBoUkYalgC59DmTCQEPEFMMWnhNmxUxPubAXz30STrDJtLdc2ffNiRSI5vjUvQ.yDCwk1Ww7aeCUN3HVMNgidw38XdmUR6JM2LDIWZTVcg&dib_tag=se&m=A504JA83FLAZB&marketplaceID=A39IBJ37TRP1C6&qid=1777067983&refinements=p_36%3A8500-9000&s=merchant-items&sr=1-98&xpid=w4rxqmlweGdei,Teenage Fanclub
B00L8GAIFM,,89.14,https://www.amazon.com.au/Max-Factory-Kantai-Collection-Kancolle/dp/B00L8GAIFM/ref=sr_1_99?dib=eyJ2IjoiMSJ9.l8TrXNyZB-B57KuI1vIfKd9WQBoUkYalgC59DmTCQEPEFMMWnhNmxUxPubAXz30STrDJtLdc2ffNiRSI5vjUvQ.yDCwk1Ww7aeCUN3HVMNgidw38XdmUR6JM2LDIWZTVcg&dib_tag=se&m=A504JA83FLAZB&marketplaceID=A39IBJ37TRP1C6&qid=1777067983&refinements=p_36%3A8500-9000&s=merchant-items&sr=1-99&xpid=w4rxqmlweGdei#customerReviews,Max Factory Kantai Collection: Kancolle: Nagato Figma
B0100P6IK0,Audio CD,89.12,https://www.amazon.com.au/Lupin-Best-Jazz-Blu-Spec-Cd2/dp/B0100P6IK0/ref=sr_1_100?dib=eyJ2IjoiMSJ9.l8TrXNyZB-B57KuI1vIfKd9WQBoUkYalgC59DmTCQEPEFMMWnhNmxUxPubAXz30STrDJtLdc2ffNiRSI5vjUvQ.yDCwk1Ww7aeCUN3HVMNgidw38XdmUR6JM2LDIWZTVcg&dib_tag=se&m=A504JA83FLAZB&marketplaceID=A39IBJ37TRP1C6&qid=1777067983&refinements=p_36%3A8500-9000&s=merchant-items&sr=1-100&xpid=w4rxqmlweGdei#customerReviews,Lupin Best Jazz [Blu-Spec Cd2]
B00YRGQPHU,Audio CD,85.79,https://www.amazon.com.au/Aged-25-Years-Best-Tracks/dp/B00YRGQPHU/ref=sr_1_101?dib=eyJ2IjoiMSJ9.l8TrXNyZB-B57KuI1vIfKd9WQBoUkYalgC59DmTCQEPEFMMWnhNmxUxPubAXz30STrDJtLdc2ffNiRSI5vjUvQ.yDCwk1Ww7aeCUN3HVMNgidw38XdmUR6JM2LDIWZTVcg&dib_tag=se&m=A504JA83FLAZB&marketplaceID=A39IBJ37TRP1C6&qid=1777067983&refinements=p_36%3A8500-9000&s=merchant-items&sr=1-101&xpid=w4rxqmlweGdei#customerReviews,Aged 25 Years:Best Live Tracks
B00YG8KMNM,Audio CD,86.32,https://www.amazon.com.au/18SEIKI-FRANCE-CEMBALO-SAKUHINSYU-SANBISHIN/dp/B00YG8KMNM/ref=sr_1_97?dib=eyJ2IjoiMSJ9.Us5pLqu5K9_-10DsXNzpYxY-kHyhSVNEDaFM5TBzEZmIGgcpfVDX9r_w2bdAEB98qr0UXqgeFiwqVbBhpkomRtmm6vgWyE8-EoLd6tIqSGHk9GemZiVd5lW2_oIszDaeyqA64jS4pN-bFEFsBtw0WG9j9uY2eYyLaLJ43COtOtw.7XEuIPhjk3UU-uBxePgjVQ8duwXuWocMSLnSgtP7i8Q&dib_tag=se&m=A504JA83FLAZB&marketplaceID=A39IBJ37TRP1C6&qid=1777067983&refinements=p_36%3A8500-9000&s=merchant-items&sr=1-97&xpid=w4rxqmlweGdei#customerReviews,18SEIKI FRANCE CEMBALO SAKUHINSYU SANBISHIN
B001KKZEBE,,85.92,https://www.amazon.com.au/TAMA-Tama-compact-clamp-MC7/dp/B001KKZEBE/ref=sr_1_98?dib=eyJ2IjoiMSJ9.Us5pLqu5K9_-10DsXNzpYxY-kHyhSVNEDaFM5TBzEZmIGgcpfVDX9r_w2bdAEB98qr0UXqgeFiwqVbBhpkomRtmm6vgWyE8-EoLd6tIqSGHk9GemZiVd5lW2_oIszDaeyqA64jS4pN-bFEFsBtw0WG9j9uY2eYyLaLJ43COtOtw.7XEuIPhjk3UU-uBxePgjVQ8duwXuWocMSLnSgtP7i8Q&dib_tag=se&m=A504JA83FLAZB&marketplaceID=A39IBJ37TRP1C6&qid=1777067983&refinements=p_36%3A8500-9000&s=merchant-items&sr=1-98&xpid=w4rxqmlweGdei#customerReviews,TAMA Compact Rotating Clamp (MC7)
B001KKZEBE,,,,
B00STULB24,Audio CD,87.9,https://www.amazon.com.au/Kanata-Mellowhead/dp/B00STULB24/ref=sr_1_99?dib=eyJ2IjoiMSJ9.Us5pLqu5K9_-10DsXNzpYxY-kHyhSVNEDaFM5TBzEZmIGgcpfVDX9r_w2bdAEB98qr0UXqgeFiwqVbBhpkomRtmm6vgWyE8-EoLd6tIqSGHk9GemZiVd5lW2_oIszDaeyqA64jS4pN-bFEFsBtw0WG9j9uY2eYyLaLJ43COtOtw.7XEuIPhjk3UU-uBxePgjVQ8duwXuWocMSLnSgtP7i8Q&dib_tag=se&m=A504JA83FLAZB&marketplaceID=A39IBJ37TRP1C6&qid=1777067983&refinements=p_36%3A8500-9000&s=merchant-items&sr=1-99&xpid=w4rxqmlweGdei#customerReviews,Kanata
B00SRVC6FQ,Audio CD,88.99,https://www.amazon.com.au/All-My-Sisters-CRIBS/dp/B00SRVC6FQ/ref=sr_1_100?dib=eyJ2IjoiMSJ9.Us5pLqu5K9_-10DsXNzpYxY-kHyhSVNEDaFM5TBzEZmIGgcpfVDX9r_w2bdAEB98qr0UXqgeFiwqVbBhpkomRtmm6vgWyE8-EoLd6tIqSGHk9GemZiVd5lW2_oIszDaeyqA64jS4pN-bFEFsBtw0WG9j9uY2eYyLaLJ43COtOtw.7XEuIPhjk3UU-uBxePgjVQ8duwXuWocMSLnSgtP7i8Q&dib_tag=se&m=A504JA83FLAZB&marketplaceID=A39IBJ37TRP1C6&qid=1777067983&refinements=p_36%3A8500-9000&s=merchant-items&sr=1-100&xpid=w4rxqmlweGdei#customerReviews,For All My Sisters
B00PQ7KYIU,Audio CD,87.09,https://www.amazon.com.au/Nhk-Taiga-Drama-Hana-Moyu/dp/B00PQ7KYIU/ref=sr_1_101?dib=eyJ2IjoiMSJ9.Us5pLqu5K9_-10DsXNzpYxY-kHyhSVNEDaFM5TBzEZmIGgcpfVDX9r_w2bdAEB98qr0UXqgeFiwqVbBhpkomRtmm6vgWyE8-EoLd6tIqSGHk9GemZiVd5lW2_oIszDaeyqA64jS4pN-bFEFsBtw0WG9j9uY2eYyLaLJ43COtOtw.7XEuIPhjk3UU-uBxePgjVQ8duwXuWocMSLnSgtP7i8Q&dib_tag=se&m=A504JA83FLAZB&marketplaceID=A39IBJ37TRP1C6&qid=1777067983&refinements=p_36%3A8500-9000&s=merchant-items&sr=1-101&xpid=w4rxqmlweGdei#customerReviews,Nhk Taiga Drama [Hana Moyu] O.
B0CT893NP3,,88.42,https://www.amazon.com.au/GOOD-SMILE-COMPANY-Fig-nendoroid/dp/B0CT893NP3/ref=sr_1_102?dib=eyJ2IjoiMSJ9.Us5pLqu5K9_-10DsXNzpYxY-kHyhSVNEDaFM5TBzEZmIGgcpfVDX9r_w2bdAEB98qr0UXqgeFiwqVbBhpkomRtmm6vgWyE8-EoLd6tIqSGHk9GemZiVd5lW2_oIszDaeyqA64jS4pN-bFEFsBtw0WG9j9uY2eYyLaLJ43COtOtw.7XEuIPhjk3UU-uBxePgjVQ8duwXuWocMSLnSgtP7i8Q&dib_tag=se&m=A504JA83FLAZB&marketplaceID=A39IBJ37TRP1C6&qid=1777067983&refinements=p_36%3A8500-9000&s=merchant-items&sr=1-102&xpid=w4rxqmlweGdei#customerReviews,Good Smile Company Ai Fig. 10 cm oshi no KO nendoroid
B00PBDRYIW,Audio CD,87.89,https://www.amazon.com.au/Hidoku-Shinaide-Treatntly-Plea-Soundtrack-Drama/dp/B00PBDRYIW/ref=sr_1_103?dib=eyJ2IjoiMSJ9.Us5pLqu5K9_-10DsXNzpYxY-kHyhSVNEDaFM5TBzEZmIGgcpfVDX9r_w2bdAEB98qr0UXqgeFiwqVbBhpkomRtmm6vgWyE8-EoLd6tIqSGHk9GemZiVd5lW2_oIszDaeyqA64jS4pN-bFEFsBtw0WG9j9uY2eYyLaLJ43COtOtw.7XEuIPhjk3UU-uBxePgjVQ8duwXuWocMSLnSgtP7i8Q&dib_tag=se&m=A504JA83FLAZB&marketplaceID=A39IBJ37TRP1C6&qid=1777067983&refinements=p_36%3A8500-9000&s=merchant-items&sr=1-103&xpid=w4rxqmlweGdei#customerReviews,Hidoku Shinaide Treatntly.Plea
B00JTP3BGW,Audio CD,85.12,https://www.amazon.com.au/Mushi-No-Ne-Zoku-Soundtrack-Animation/dp/B00JTP3BGW/ref=sr_1_104?dib=eyJ2IjoiMSJ9.Us5pLqu5K9_-10DsXNzpYxY-kHyhSVNEDaFM5TBzEZmIGgcpfVDX9r_w2bdAEB98qr0UXqgeFiwqVbBhpkomRtmm6vgWyE8-EoLd6tIqSGHk9GemZiVd5lW2_oIszDaeyqA64jS4pN-bFEFsBtw0WG9j9uY2eYyLaLJ43COtOtw.7XEuIPhjk3UU-uBxePgjVQ8duwXuWocMSLnSgtP7i8Q&dib_tag=se&m=A504JA83FLAZB&marketplaceID=A39IBJ37TRP1C6&qid=1777067983&refinements=p_36%3A8500-9000&s=merchant-items&sr=1-104&xpid=w4rxqmlweGdei#customerReviews,Mushi-No-Ne Zoku
B00J6EQRA8,Audio CD,87.62,https://www.amazon.com.au/Nihon-TV-Kei-Anime-Corda/dp/B00J6EQRA8/ref=sr_1_105?dib=eyJ2IjoiMSJ9.Us5pLqu5K9_-10DsXNzpYxY-kHyhSVNEDaFM5TBzEZmIGgcpfVDX9r_w2bdAEB98qr0UXqgeFiwqVbBhpkomRtmm6vgWyE8-EoLd6tIqSGHk9GemZiVd5lW2_oIszDaeyqA64jS4pN-bFEFsBtw0WG9j9uY2eYyLaLJ43COtOtw.7XEuIPhjk3UU-uBxePgjVQ8duwXuWocMSLnSgtP7i8Q&dib_tag=se&m=A504JA83FLAZB&marketplaceID=A39IBJ37TRP1C6&qid=1777067983&refinements=p_36%3A8500-9000&s=merchant-items&sr=1-105&xpid=w4rxqmlweGdei#customerReviews,Nihon TV Kei Anime La Corda D'
B0CJ8V1J4F,,87.47,https://www.amazon.com.au/Taito-Hatsune-Fashion-Figure-Subculture/dp/B0CJ8V1J4F/ref=sr_1_106?dib=eyJ2IjoiMSJ9.Us5pLqu5K9_-10DsXNzpYxY-kHyhSVNEDaFM5TBzEZmIGgcpfVDX9r_w2bdAEB98qr0UXqgeFiwqVbBhpkomRtmm6vgWyE8-EoLd6tIqSGHk9GemZiVd5lW2_oIszDaeyqA64jS4pN-bFEFsBtw0WG9j9uY2eYyLaLJ43COtOtw.7XEuIPhjk3UU-uBxePgjVQ8duwXuWocMSLnSgtP7i8Q&dib_tag=se&m=A504JA83FLAZB&marketplaceID=A39IBJ37TRP1C6&qid=1777067983&refinements=p_36%3A8500-9000&s=merchant-items&sr=1-106&xpid=w4rxqmlweGdei#customerReviews,Taito Hatsune Miku Fashion Figure Subculture
B00GJ5QX7O,Sony PSP,89.71,https://www.amazon.com.au/%E3%80%90%E8%B1%AA%E8%8F%AF%E7%89%88%E3%80%91%E3%81%84%E3%81%96%E3%80%81%E5%87%BA%E9%99%A3-%E6%81%8B%E6%88%A6-%E7%AC%AC%E4%BA%8C%E5%B9%95-%E8%B6%8A%E5%BE%8C%E7%B7%A8/dp/B00GJ5QX7O/ref=sr_1_107?dib=eyJ2IjoiMSJ9.Us5pLqu5K9_-10DsXNzpYxY-kHyhSVNEDaFM5TBzEZmIGgcpfVDX9r_w2bdAEB98qr0UXqgeFiwqVbBhpkomRtmm6vgWyE8-EoLd6tIqSGHk9GemZiVd5lW2_oIszDaeyqA64jS4pN-bFEFsBtw0WG9j9uY2eYyLaLJ43COtOtw.7XEuIPhjk3UU-uBxePgjVQ8duwXuWocMSLnSgtP7i8Q&dib_tag=se&m=A504JA83FLAZB&marketplaceID=A39IBJ37TRP1C6&qid=1777067983&refinements=p_36%3A8500-9000&s=merchant-items&sr=1-107&xpid=w4rxqmlweGdei#customerReviews,【豪華版】いざ、出陣! 恋戦 第二幕 ~越後編~
B00GJ5QX7O,,,,
B00F90HIVU,Audio CD,86.72,https://www.amazon.com.au/Yozakura-Quartet-S-T-Ac-Soundtrack-Animation/dp/B00F90HIVU/ref=sr_1_113?dib=eyJ2IjoiMSJ9.7uuoshR379rhbSoPpmUQvlRDzNrzBNPa3DI4r2eEMKkAon8YjxqCl7zXpk-5pZmjO9bzJ5eByu-QG96bBErXmg.s-iWjlRcpK5mMkGfPgK9LjFRi9dE83Fc0bZ7v8Q6l6M&dib_tag=se&m=A504JA83FLAZB&marketplaceID=A39IBJ37TRP1C6&qid=1777067987&refinements=p_36%3A8500-9000&s=merchant-items&sr=1-113&xpid=w4rxqmlweGdei#customerReviews,Yozakura Quartet Best&O.S.T.Ac
B00EH9K9ME,Audio CD,86.11,https://www.amazon.com.au/Sora-Wo-Miagetemo-Shika/dp/B00EH9K9ME/ref=sr_1_114?dib=eyJ2IjoiMSJ9.7uuoshR379rhbSoPpmUQvlRDzNrzBNPa3DI4r2eEMKkAon8YjxqCl7zXpk-5pZmjO9bzJ5eByu-QG96bBErXmg.s-iWjlRcpK5mMkGfPgK9LjFRi9dE83Fc0bZ7v8Q6l6M&dib_tag=se&m=A504JA83FLAZB&marketplaceID=A39IBJ37TRP1C6&qid=1777067987&refinements=p_36%3A8500-9000&s=merchant-items&sr=1-114&xpid=w4rxqmlweGdei,Sora Wo Miagetemo Sora Shika N
B0D4CM4TH5,,87.44,https://www.amazon.com.au/Bushiroad-Cardfight-Vanguard-Special-VG-DZ-SS02/dp/B0D4CM4TH5/ref=sr_1_115?dib=eyJ2IjoiMSJ9.7uuoshR379rhbSoPpmUQvlRDzNrzBNPa3DI4r2eEMKkAon8YjxqCl7zXpk-5pZmjO9bzJ5eByu-QG96bBErXmg.s-iWjlRcpK5mMkGfPgK9LjFRi9dE83Fc0bZ7v8Q6l6M&dib_tag=se&m=A504JA83FLAZB&marketplaceID=A39IBJ37TRP1C6&qid=1777067987&refinements=p_36%3A8500-9000&s=merchant-items&sr=1-115&xpid=w4rxqmlweGdei#customerReviews,"Bushiroad Cardfight!! Vanguard Special Series Stride Deckset Harri VG-DZ-SS02: Trading Card Game Deck Set, 55 Pieces"
B00DECLVN6,Audio CD,85.0,https://www.amazon.com.au/%E3%81%A1%E3%81%82%E3%81%8D%E3%81%AA%E3%81%8A%E3%81%BF-%E6%98%AD%E5%92%8C%E3%82%AB%E3%83%90%E3%83%BC%E3%83%BB%E3%82%BD%E3%83%B3%E3%82%B0%E3%82%B9-CD2%E6%9E%9A%E7%B5%84-%E5%9B%9B%E3%81%A4%E3%81%AE%E3%81%8A%E9%A1%98%E3%81%84-PBB-84-94S/dp/B00DECLVN6/ref=sr_1_116?dib=eyJ2IjoiMSJ9.7uuoshR379rhbSoPpmUQvlRDzNrzBNPa3DI4r2eEMKkAon8YjxqCl7zXpk-5pZmjO9bzJ5eByu-QG96bBErXmg.s-iWjlRcpK5mMkGfPgK9LjFRi9dE83Fc0bZ7v8Q6l6M&dib_tag=se&m=A504JA83FLAZB&marketplaceID=A39IBJ37TRP1C6&qid=1777067987&refinements=p_36%3A8500-9000&s=merchant-items&sr=1-116&xpid=w4rxqmlweGdei#customerReviews,ちあきなおみ ベスト&昭和カバー・ソングス CD2枚組 喝采 四つのお願い 矢切の渡し PBB-84-94S
B00C9WA02U,Audio CD,85.82,https://www.amazon.com.au/Introducing-Limited-Bat-Mcgrath/dp/B00C9WA02U/ref=sr_1_117?dib=eyJ2IjoiMSJ9.7uuoshR379rhbSoPpmUQvlRDzNrzBNPa3DI4r2eEMKkAon8YjxqCl7zXpk-5pZmjO9bzJ5eByu-QG96bBErXmg.s-iWjlRcpK5mMkGfPgK9LjFRi9dE83Fc0bZ7v8Q6l6M&dib_tag=se&m=A504JA83FLAZB&marketplaceID=A39IBJ37TRP1C6&qid=1777067987&refinements=p_36%3A8500-9000&s=merchant-items&sr=1-117&xpid=w4rxqmlweGdei#customerReviews,Introducing [Limited]
B009VK4QKK,Audio CD,88.7,https://www.amazon.com.au/Conceptual-New-Album-Rita/dp/B009VK4QKK/ref=sr_1_113?dib=eyJ2IjoiMSJ9.0WAXE_s7GuPUBEwLNl4HehGMV5jFws3F7qAWCgl5mpRLxlkl4mtUWtHet-U8IA07LKTAQVSqqGjeoOoTH3oSIG4Asqah2gbKeSD_iqiJ4Okf-iOoLs9u9172yUmkqf0w3l4W6hEyLvOfj1bFz5hqhJwIT-r9Y9FHxmO5YmUeMk0.0XC4kEqKMfflYJoflhyjPArGCVmXXajLR_pnGDYuyek&dib_tag=se&m=A504JA83FLAZB&marketplaceID=A39IBJ37TRP1C6&qid=1777067987&refinements=p_36%3A8500-9000&s=merchant-items&sr=1-113&xpid=w4rxqmlweGdei#customerReviews,Conceptual New Album
B003V3OBBW,,86.94,https://www.amazon.com.au/Naniwa-Super-Stone-Stand-S1000/dp/B003V3OBBW/ref=sr_1_114?dib=eyJ2IjoiMSJ9.0WAXE_s7GuPUBEwLNl4HehGMV5jFws3F7qAWCgl5mpRLxlkl4mtUWtHet-U8IA07LKTAQVSqqGjeoOoTH3oSIG4Asqah2gbKeSD_iqiJ4Okf-iOoLs9u9172yUmkqf0w3l4W6hEyLvOfj1bFz5hqhJwIT-r9Y9FHxmO5YmUeMk0.0XC4kEqKMfflYJoflhyjPArGCVmXXajLR_pnGDYuyek&dib_tag=se&m=A504JA83FLAZB&marketplaceID=A39IBJ37TRP1C6&qid=1777067987&refinements=p_36%3A8500-9000&s=merchant-items&sr=1-114&xpid=w4rxqmlweGdei#customerReviews,Blue Super Stone in Stand S1000 Stone by by
B003V3OBBW,,,,
B008XCV7EK,Audio CD,86.73,https://www.amazon.com.au/Sound-009-Re-Kawai-Kenji/dp/B008XCV7EK/ref=sr_1_115?dib=eyJ2IjoiMSJ9.0WAXE_s7GuPUBEwLNl4HehGMV5jFws3F7qAWCgl5mpRLxlkl4mtUWtHet-U8IA07LKTAQVSqqGjeoOoTH3oSIG4Asqah2gbKeSD_iqiJ4Okf-iOoLs9u9172yUmkqf0w3l4W6hEyLvOfj1bFz5hqhJwIT-r9Y9FHxmO5YmUeMk0.0XC4kEqKMfflYJoflhyjPArGCVmXXajLR_pnGDYuyek&dib_tag=se&m=A504JA83FLAZB&marketplaceID=A39IBJ37TRP1C6&qid=1777067987&refinements=p_36%3A8500-9000&s=merchant-items&sr=1-115&xpid=w4rxqmlweGdei#customerReviews,Sound of 009 Re:Cyborg
B0087NFRWS,Sony PSP,89.15,https://www.amazon.com.au/77-Beyond-Milky-Version-Japan/dp/B0087NFRWS/ref=sr_1_116?dib=eyJ2IjoiMSJ9.0WAXE_s7GuPUBEwLNl4HehGMV5jFws3F7qAWCgl5mpRLxlkl4mtUWtHet-U8IA07LKTAQVSqqGjeoOoTH3oSIG4Asqah2gbKeSD_iqiJ4Okf-iOoLs9u9172yUmkqf0w3l4W6hEyLvOfj1bFz5hqhJwIT-r9Y9FHxmO5YmUeMk0.0XC4kEqKMfflYJoflhyjPArGCVmXXajLR_pnGDYuyek&dib_tag=se&m=A504JA83FLAZB&marketplaceID=A39IBJ37TRP1C6&qid=1777067987&refinements=p_36%3A8500-9000&s=merchant-items&sr=1-116&xpid=w4rxqmlweGdei#customerReviews,77: Beyond the Milky Way [Best Version] [Japan Import]
B0087NFRWS,,,,
B006W59VA2,Sony PSP,89.41,https://www.amazon.com.au/Tantei-Opera-Milky-Holmes-Limited/dp/B006W59VA2/ref=sr_1_117?dib=eyJ2IjoiMSJ9.0WAXE_s7GuPUBEwLNl4HehGMV5jFws3F7qAWCgl5mpRLxlkl4mtUWtHet-U8IA07LKTAQVSqqGjeoOoTH3oSIG4Asqah2gbKeSD_iqiJ4Okf-iOoLs9u9172yUmkqf0w3l4W6hEyLvOfj1bFz5hqhJwIT-r9Y9FHxmO5YmUeMk0.0XC4kEqKMfflYJoflhyjPArGCVmXXajLR_pnGDYuyek&dib_tag=se&m=A504JA83FLAZB&marketplaceID=A39IBJ37TRP1C6&qid=1777067987&refinements=p_36%3A8500-9000&s=merchant-items&sr=1-117&xpid=w4rxqmlweGdei#customerReviews,Tantei Opera Milky Holmes 2 [Limited Edition] [Japan Import]
B006W59VA2,,,,
B004IKQ642,,86.19,https://www.amazon.com.au/Yamashita-Industrial-Research-Laboratory-3715SLK/dp/B004IKQ642/ref=sr_1_118?dib=eyJ2IjoiMSJ9.0WAXE_s7GuPUBEwLNl4HehGMV5jFws3F7qAWCgl5mpRLxlkl4mtUWtHet-U8IA07LKTAQVSqqGjeoOoTH3oSIG4Asqah2gbKeSD_iqiJ4Okf-iOoLs9u9172yUmkqf0w3l4W6hEyLvOfj1bFz5hqhJwIT-r9Y9FHxmO5YmUeMk0.0XC4kEqKMfflYJoflhyjPArGCVmXXajLR_pnGDYuyek&dib_tag=se&m=A504JA83FLAZB&marketplaceID=A39IBJ37TRP1C6&qid=1777067987&refinements=p_36%3A8500-9000&s=merchant-items&sr=1-118&xpid=w4rxqmlweGdei#customerReviews,Yamashita Industrial Research Laboratory Koken 3/8 (9.5 mm) SQ. T-Shaped Slide Spin Handle 3715SLK
B004IKQ642,,,,
B005MKLNS6,Audio CD,85.18,https://www.amazon.com.au/Aroma-Happiness-Limited-Asami-Imai/dp/B005MKLNS6/ref=sr_1_119?dib=eyJ2IjoiMSJ9.0WAXE_s7GuPUBEwLNl4HehGMV5jFws3F7qAWCgl5mpRLxlkl4mtUWtHet-U8IA07LKTAQVSqqGjeoOoTH3oSIG4Asqah2gbKeSD_iqiJ4Okf-iOoLs9u9172yUmkqf0w3l4W6hEyLvOfj1bFz5hqhJwIT-r9Y9FHxmO5YmUeMk0.0XC4kEqKMfflYJoflhyjPArGCVmXXajLR_pnGDYuyek&dib_tag=se&m=A504JA83FLAZB&marketplaceID=A39IBJ37TRP1C6&qid=1777067987&refinements=p_36%3A8500-9000&s=merchant-items&sr=1-119&xpid=w4rxqmlweGdei#customerReviews,Aroma of Happiness [Limited]
B0043C3FVW,Audio CD,87.87,https://www.amazon.com.au/Schubert-Werke-Violine-Urushihara-Asako/dp/B0043C3FVW/ref=sr_1_120?dib=eyJ2IjoiMSJ9.0WAXE_s7GuPUBEwLNl4HehGMV5jFws3F7qAWCgl5mpRLxlkl4mtUWtHet-U8IA07LKTAQVSqqGjeoOoTH3oSIG4Asqah2gbKeSD_iqiJ4Okf-iOoLs9u9172yUmkqf0w3l4W6hEyLvOfj1bFz5hqhJwIT-r9Y9FHxmO5YmUeMk0.0XC4kEqKMfflYJoflhyjPArGCVmXXajLR_pnGDYuyek&dib_tag=se&m=A504JA83FLAZB&marketplaceID=A39IBJ37TRP1C6&qid=1777067987&refinements=p_36%3A8500-9000&s=merchant-items&sr=1-120&xpid=w4rxqmlweGdei#customerReviews,Schubert:Werke Fur Violine
B0040VGRIE,Audio CD,89.39,https://www.amazon.com.au/Nishimura-String-Quartet-Pedro-Carneiro/dp/B0040VGRIE/ref=sr_1_121?dib=eyJ2IjoiMSJ9.0WAXE_s7GuPUBEwLNl4HehGMV5jFws3F7qAWCgl5mpRLxlkl4mtUWtHet-U8IA07LKTAQVSqqGjeoOoTH3oSIG4Asqah2gbKeSD_iqiJ4Okf-iOoLs9u9172yUmkqf0w3l4W6hEyLvOfj1bFz5hqhJwIT-r9Y9FHxmO5YmUeMk0.0XC4kEqKMfflYJoflhyjPArGCVmXXajLR_pnGDYuyek&dib_tag=se&m=A504JA83FLAZB&marketplaceID=A39IBJ37TRP1C6&qid=1777067987&refinements=p_36%3A8500-9000&s=merchant-items&sr=1-121&xpid=w4rxqmlweGdei#customerReviews,Nishimura:String Quartet No.4
B07H5BXG45,,88.87,https://www.amazon.com.au/Yamashita-Industrial-Laboratory-Double-4772Z/dp/B07H5BXG45/ref=sr_1_122?dib=eyJ2IjoiMSJ9.0WAXE_s7GuPUBEwLNl4HehGMV5jFws3F7qAWCgl5mpRLxlkl4mtUWtHet-U8IA07LKTAQVSqqGjeoOoTH3oSIG4Asqah2gbKeSD_iqiJ4Okf-iOoLs9u9172yUmkqf0w3l4W6hEyLvOfj1bFz5hqhJwIT-r9Y9FHxmO5YmUeMk0.0XC4kEqKMfflYJoflhyjPArGCVmXXajLR_pnGDYuyek&dib_tag=se&m=A504JA83FLAZB&marketplaceID=A39IBJ37TRP1C6&qid=1777067987&refinements=p_36%3A8500-9000&s=merchant-items&sr=1-122&xpid=w4rxqmlweGdei#customerReviews,Yamashita Industrial Laboratory Double Joint Z-EAL 1/2 inch (12.7 mm) SQ. 4772Z
B07H5BXG45,,,,
B003YANT6A,Audio CD,88.04,https://www.amazon.com.au/Sengoku-Musou-Hishoukaougi-Soundtrack-Music/dp/B003YANT6A/ref=sr_1_123?dib=eyJ2IjoiMSJ9.0WAXE_s7GuPUBEwLNl4HehGMV5jFws3F7qAWCgl5mpRLxlkl4mtUWtHet-U8IA07LKTAQVSqqGjeoOoTH3oSIG4Asqah2gbKeSD_iqiJ4Okf-iOoLs9u9172yUmkqf0w3l4W6hEyLvOfj1bFz5hqhJwIT-r9Y9FHxmO5YmUeMk0.0XC4kEqKMfflYJoflhyjPArGCVmXXajLR_pnGDYuyek&dib_tag=se&m=A504JA83FLAZB&marketplaceID=A39IBJ37TRP1C6&qid=1777067987&refinements=p_36%3A8500-9000&s=merchant-items&sr=1-123&xpid=w4rxqmlweGdei#customerReviews,Sengoku Musou 3 Hishoukaougi
B003G1CDWI,Audio CD,87.75,https://www.amazon.com.au/Purplessence-Murasaki/dp/B003G1CDWI/ref=sr_1_129?dib=eyJ2IjoiMSJ9.dLnGPveicxhQRFBkhyPA5XStNPqD0628_SP5yYz2eQGWhfeDPgEzJNP6TWtRI508AfX-LCkanUly0u_5fJfiDg.cj0vpdJKu1M6QjMK564gBsH7vKR7rPSTvJTUk68Ix4k&dib_tag=se&m=A504JA83FLAZB&marketplaceID=A39IBJ37TRP1C6&qid=1777067992&refinements=p_36%3A8500-9000&s=merchant-items&sr=1-129&xpid=w4rxqmlweGdei#customerReviews,Purplessence
B002KKC0BA,Sony PSP,89.32,https://www.amazon.com.au/Higurashi-Daybreak-Portable-Mega-Japan/dp/B002KKC0BA/ref=sr_1_130?dib=eyJ2IjoiMSJ9.dLnGPveicxhQRFBkhyPA5XStNPqD0628_SP5yYz2eQGWhfeDPgEzJNP6TWtRI508AfX-LCkanUly0u_5fJfiDg.cj0vpdJKu1M6QjMK564gBsH7vKR7rPSTvJTUk68Ix4k&dib_tag=se&m=A504JA83FLAZB&marketplaceID=A39IBJ37TRP1C6&qid=1777067992&refinements=p_36%3A8500-9000&s=merchant-items&sr=1-130&xpid=w4rxqmlweGdei#customerReviews,Higurashi Daybreak Portable Mega Edition [Japan Import]
B002KKC0BA,,,,
B0D451ZQZ3,,85.98,https://www.amazon.com.au/Heaven-Nendoroid-Action-Figure-Kunimi/dp/B0D451ZQZ3/ref=sr_1_131?dib=eyJ2IjoiMSJ9.dLnGPveicxhQRFBkhyPA5XStNPqD0628_SP5yYz2eQGWhfeDPgEzJNP6TWtRI508AfX-LCkanUly0u_5fJfiDg.cj0vpdJKu1M6QjMK564gBsH7vKR7rPSTvJTUk68Ix4k&dib_tag=se&m=A504JA83FLAZB&marketplaceID=A39IBJ37TRP1C6&qid=1777067992&refinements=p_36%3A8500-9000&s=merchant-items&sr=1-131&xpid=w4rxqmlweGdei#customerReviews,Heaven Burns Red Nendoroid Action Figure Tama Kunimi 10 cm
B002J9516I,Audio CD,87.29,https://www.amazon.com.au/Morning-Musume-Coupling-Collec/dp/B002J9516I/ref=sr_1_132?dib=eyJ2IjoiMSJ9.dLnGPveicxhQRFBkhyPA5XStNPqD0628_SP5yYz2eQGWhfeDPgEzJNP6TWtRI508AfX-LCkanUly0u_5fJfiDg.cj0vpdJKu1M6QjMK564gBsH7vKR7rPSTvJTUk68Ix4k&dib_tag=se&m=A504JA83FLAZB&marketplaceID=A39IBJ37TRP1C6&qid=1777067992&refinements=p_36%3A8500-9000&s=merchant-items&sr=1-132&xpid=w4rxqmlweGdei#customerReviews,Morning Musume Coupling Collec
B0026LR180,Audio CD,88.0,https://www.amazon.com.au/Masked-Rider-Kiva-Encore-CD/dp/B0026LR180/ref=sr_1_133?dib=eyJ2IjoiMSJ9.dLnGPveicxhQRFBkhyPA5XStNPqD0628_SP5yYz2eQGWhfeDPgEzJNP6TWtRI508AfX-LCkanUly0u_5fJfiDg.cj0vpdJKu1M6QjMK564gBsH7vKR7rPSTvJTUk68Ix4k&dib_tag=se&m=A504JA83FLAZB&marketplaceID=A39IBJ37TRP1C6&qid=1777067992&refinements=p_36%3A8500-9000&s=merchant-items&sr=1-133&xpid=w4rxqmlweGdei#customerReviews,Masked Rider Kiva Encore CD Re
B001XXJNQA,Audio CD,85.55,https://www.amazon.com.au/%E3%83%AA%E3%82%B9%E3%83%88-%E3%83%B4%E3%82%A7%E3%83%AB%E3%83%87%E3%82%A3%E3%81%AE%E3%82%AA%E3%83%9A%E3%83%A9%E3%81%AB%E3%82%88/dp/B001XXJNQA/ref=sr_1_129?dib=eyJ2IjoiMSJ9.TIHN6oaNcO1Lzn4-KIEUHk1Lq9Pb04IXPBYvYdAC0VxKLN77pg5kYB1ku4FJVQwf3TAhw1onRTKTyMmUTeSOe8dTLZTv-ss1hvDNyd-UCcJ06Rhj6RrJ8nrsRHk_h7Xar4WnHORDZekydAYFxNv8zuxqlPazuzWl-k63O2XznLc.TtIOIkTq1qbXtheiNr-HnT0isk7ai5dC0yOSZBTKwoI&dib_tag=se&m=A504JA83FLAZB&marketplaceID=A39IBJ37TRP1C6&qid=1777067992&refinements=p_36%3A8500-9000&s=merchant-items&sr=1-129&xpid=w4rxqmlweGdei#customerReviews,リスト:ヴェルディのオペラによ
B0CZKS5R57,,89.7,https://www.amazon.com.au/MEGAHOUSE-Lookup-Blue-Lock-Seishiro/dp/B0CZKS5R57/ref=sr_1_130?dib=eyJ2IjoiMSJ9.TIHN6oaNcO1Lzn4-KIEUHk1Lq9Pb04IXPBYvYdAC0VxKLN77pg5kYB1ku4FJVQwf3TAhw1onRTKTyMmUTeSOe8dTLZTv-ss1hvDNyd-UCcJ06Rhj6RrJ8nrsRHk_h7Xar4WnHORDZekydAYFxNv8zuxqlPazuzWl-k63O2XznLc.TtIOIkTq1qbXtheiNr-HnT0isk7ai5dC0yOSZBTKwoI&dib_tag=se&m=A504JA83FLAZB&marketplaceID=A39IBJ37TRP1C6&qid=1777067992&refinements=p_36%3A8500-9000&s=merchant-items&sr=1-130&xpid=w4rxqmlweGdei#customerReviews,MEGAHOUSE Lookup Blue Lock - Seishiro Nagi (ver.2)
B001HI7HBY,Audio CD,88.0,https://www.amazon.com.au/Kyouretsu-Wakasama-Kin-Tsub-Wakamoto-Norio/dp/B001HI7HBY/ref=sr_1_131?dib=eyJ2IjoiMSJ9.TIHN6oaNcO1Lzn4-KIEUHk1Lq9Pb04IXPBYvYdAC0VxKLN77pg5kYB1ku4FJVQwf3TAhw1onRTKTyMmUTeSOe8dTLZTv-ss1hvDNyd-UCcJ06Rhj6RrJ8nrsRHk_h7Xar4WnHORDZekydAYFxNv8zuxqlPazuzWl-k63O2XznLc.TtIOIkTq1qbXtheiNr-HnT0isk7ai5dC0yOSZBTKwoI&dib_tag=se&m=A504JA83FLAZB&marketplaceID=A39IBJ37TRP1C6&qid=1777067992&refinements=p_36%3A8500-9000&s=merchant-items&sr=1-131&xpid=w4rxqmlweGdei#customerReviews,Kyouretsu Wakasama-Kin No Tsub
B001EWDS02,Windows XP,90.58,https://www.amazon.com.au/193670011-Illvelo-Wii-Japan-Import/dp/B001EWDS02/ref=sr_1_132?dib=eyJ2IjoiMSJ9.TIHN6oaNcO1Lzn4-KIEUHk1Lq9Pb04IXPBYvYdAC0VxKLN77pg5kYB1ku4FJVQwf3TAhw1onRTKTyMmUTeSOe8dTLZTv-ss1hvDNyd-UCcJ06Rhj6RrJ8nrsRHk_h7Xar4WnHORDZekydAYFxNv8zuxqlPazuzWl-k63O2XznLc.TtIOIkTq1qbXtheiNr-HnT0isk7ai5dC0yOSZBTKwoI&dib_tag=se&m=A504JA83FLAZB&marketplaceID=A39IBJ37TRP1C6&qid=1777067992&refinements=p_36%3A8500-9000&s=merchant-items&sr=1-132&xpid=w4rxqmlweGdei#customerReviews,Illvelo Wii [Japan Import]
B001EWDS02,,,,
B00154QTK0,Audio CD,87.89,https://www.amazon.com.au/Saiunkoku-Monogatari-Soken-No-Mai-4/dp/B00154QTK0/ref=sr_1_133?dib=eyJ2IjoiMSJ9.TIHN6oaNcO1Lzn4-KIEUHk1Lq9Pb04IXPBYvYdAC0VxKLN77pg5kYB1ku4FJVQwf3TAhw1onRTKTyMmUTeSOe8dTLZTv-ss1hvDNyd-UCcJ06Rhj6RrJ8nrsRHk_h7Xar4WnHORDZekydAYFxNv8zuxqlPazuzWl-k63O2XznLc.TtIOIkTq1qbXtheiNr-HnT0isk7ai5dC0yOSZBTKwoI&dib_tag=se&m=A504JA83FLAZB&marketplaceID=A39IBJ37TRP1C6&qid=1777067992&refinements=p_36%3A8500-9000&s=merchant-items&sr=1-133&xpid=w4rxqmlweGdei,Saiunkoku Monogatari-Soken No Mai 4
B003OTQL84,,93.33,https://www.amazon.com.au/Nitaku-NE-6857-Shakehand-Attacks-Plywood/dp/B003OTQL84/ref=sr_1_134?dib=eyJ2IjoiMSJ9.TIHN6oaNcO1Lzn4-KIEUHk1Lq9Pb04IXPBYvYdAC0VxKLN77pg5kYB1ku4FJVQwf3TAhw1onRTKTyMmUTeSOe8dTLZTv-ss1hvDNyd-UCcJ06Rhj6RrJ8nrsRHk_h7Xar4WnHORDZekydAYFxNv8zuxqlPazuzWl-k63O2XznLc.TtIOIkTq1qbXtheiNr-HnT0isk7ai5dC0yOSZBTKwoI&dib_tag=se&m=A504JA83FLAZB&marketplaceID=A39IBJ37TRP1C6&qid=1777067992&refinements=p_36%3A8500-9000&s=merchant-items&sr=1-134&xpid=w4rxqmlweGdei#customerReviews,"Nitaku Table Tennis Racket, Latica Shakehand for Attack 5 Plywood"
B003OTQL84,,,,
B0011183G0,Audio CD,86.53,https://www.amazon.com.au/One-Peace-Chopper-Special-OST/dp/B0011183G0/ref=sr_1_135?dib=eyJ2IjoiMSJ9.TIHN6oaNcO1Lzn4-KIEUHk1Lq9Pb04IXPBYvYdAC0VxKLN77pg5kYB1ku4FJVQwf3TAhw1onRTKTyMmUTeSOe8dTLZTv-ss1hvDNyd-UCcJ06Rhj6RrJ8nrsRHk_h7Xar4WnHORDZekydAYFxNv8zuxqlPazuzWl-k63O2XznLc.TtIOIkTq1qbXtheiNr-HnT0isk7ai5dC0yOSZBTKwoI&dib_tag=se&m=A504JA83FLAZB&marketplaceID=A39IBJ37TRP1C6&qid=1777067992&refinements=p_36%3A8500-9000&s=merchant-items&sr=1-135&xpid=w4rxqmlweGdei#customerReviews,One Peace Episode Of Chopper+Fuyu Ni Saku.Kiseki No Sakura - Soundtrack & Chopper
B000WP2D5S,Audio CD,86.19,https://www.amazon.com.au/Drama-CD-Brave-10/dp/B000WP2D5S/ref=sr_1_136?dib=eyJ2IjoiMSJ9.TIHN6oaNcO1Lzn4-KIEUHk1Lq9Pb04IXPBYvYdAC0VxKLN77pg5kYB1ku4FJVQwf3TAhw1onRTKTyMmUTeSOe8dTLZTv-ss1hvDNyd-UCcJ06Rhj6RrJ8nrsRHk_h7Xar4WnHORDZekydAYFxNv8zuxqlPazuzWl-k63O2XznLc.TtIOIkTq1qbXtheiNr-HnT0isk7ai5dC0yOSZBTKwoI&dib_tag=se&m=A504JA83FLAZB&marketplaceID=A39IBJ37TRP1C6&qid=1777067992&refinements=p_36%3A8500-9000&s=merchant-items&sr=1-136&xpid=w4rxqmlweGdei,Drama CD
B000STC9KM,Audio CD,87.33,https://www.amazon.com.au/Vol-4-Best-Past-Futu-Doberman-Inc/dp/B000STC9KM/ref=sr_1_137?dib=eyJ2IjoiMSJ9.TIHN6oaNcO1Lzn4-KIEUHk1Lq9Pb04IXPBYvYdAC0VxKLN77pg5kYB1ku4FJVQwf3TAhw1onRTKTyMmUTeSOe8dTLZTv-ss1hvDNyd-UCcJ06Rhj6RrJ8nrsRHk_h7Xar4WnHORDZekydAYFxNv8zuxqlPazuzWl-k63O2XznLc.TtIOIkTq1qbXtheiNr-HnT0isk7ai5dC0yOSZBTKwoI&dib_tag=se&m=A504JA83FLAZB&marketplaceID=A39IBJ37TRP1C6&qid=1777067992&refinements=p_36%3A8500-9000&s=merchant-items&sr=1-137&xpid=w4rxqmlweGdei#customerReviews,Vol.4-Best:the Past & the Futu
B0098HLDKM,,88.64,https://www.amazon.com.au/IWATANI-Grilling-foods-exclusive-cassette/dp/B0098HLDKM/ref=sr_1_138?dib=eyJ2IjoiMSJ9.TIHN6oaNcO1Lzn4-KIEUHk1Lq9Pb04IXPBYvYdAC0VxKLN77pg5kYB1ku4FJVQwf3TAhw1onRTKTyMmUTeSOe8dTLZTv-ss1hvDNyd-UCcJ06Rhj6RrJ8nrsRHk_h7Xar4WnHORDZekydAYFxNv8zuxqlPazuzWl-k63O2XznLc.TtIOIkTq1qbXtheiNr-HnT0isk7ai5dC0yOSZBTKwoI&dib_tag=se&m=A504JA83FLAZB&marketplaceID=A39IBJ37TRP1C6&qid=1777067992&refinements=p_36%3A8500-9000&s=merchant-items&sr=1-138&xpid=w4rxqmlweGdei#customerReviews,IWATANI Grilling foods on an iron plate plate for exclusive use of cassette foo Japan used like new
B0098HLDKM,,,,
B000RY41MC,Audio CD,86.71,https://www.amazon.com.au/CHOPIN-THE-COMPLETE-NOCTURNES/dp/B000RY41MC/ref=sr_1_139?dib=eyJ2IjoiMSJ9.TIHN6oaNcO1Lzn4-KIEUHk1Lq9Pb04IXPBYvYdAC0VxKLN77pg5kYB1ku4FJVQwf3TAhw1onRTKTyMmUTeSOe8dTLZTv-ss1hvDNyd-UCcJ06Rhj6RrJ8nrsRHk_h7Xar4WnHORDZekydAYFxNv8zuxqlPazuzWl-k63O2XznLc.TtIOIkTq1qbXtheiNr-HnT0isk7ai5dC0yOSZBTKwoI&dib_tag=se&m=A504JA83FLAZB&marketplaceID=A39IBJ37TRP1C6&qid=1777067992&refinements=p_36%3A8500-9000&s=merchant-items&sr=1-139&xpid=w4rxqmlweGdei#customerReviews,CHOPIN:THE COMPLETE NOCTURNES
B000NVTGPG,Audio CD,85.35,https://www.amazon.com.au/Drama-CD-Kyoshiro-Eiennosora-Tenshie/dp/B000NVTGPG/ref=sr_1_145?dib=eyJ2IjoiMSJ9.mQgB1amUsHJ3NAAFJITC5LUXXnCzTlKdnJAg1v4OS1EandCNbuxlR8bzro-3tX5iexgI0jbt1yUk0uq_xP47HA.I2z5du2MbdkEIhZeIlxPlYBI4tRs8y6eAytM83a-oXk&dib_tag=se&m=A504JA83FLAZB&marketplaceID=A39IBJ37TRP1C6&qid=1777067997&refinements=p_36%3A8500-9000&s=merchant-items&sr=1-145&xpid=w4rxqmlweGdei#customerReviews,Drama CD
B000KRN21C,Audio CD,85.44,https://www.amazon.com.au/Program-Original-Soundtrack-Various-Artists/dp/B000KRN21C/ref=sr_1_146?dib=eyJ2IjoiMSJ9.mQgB1amUsHJ3NAAFJITC5LUXXnCzTlKdnJAg1v4OS1EandCNbuxlR8bzro-3tX5iexgI0jbt1yUk0uq_xP47HA.I2z5du2MbdkEIhZeIlxPlYBI4tRs8y6eAytM83a-oXk&dib_tag=se&m=A504JA83FLAZB&marketplaceID=A39IBJ37TRP1C6&qid=1777067997&refinements=p_36%3A8500-9000&s=merchant-items&sr=1-146&xpid=w4rxqmlweGdei#customerReviews,TV Program (Original Soundtrack)
B0CD7PGZDG,,87.85,https://www.amazon.com.au/Shinwa-Sokutei-73534-Circular-Combination/dp/B0CD7PGZDG/ref=sr_1_147?dib=eyJ2IjoiMSJ9.mQgB1amUsHJ3NAAFJITC5LUXXnCzTlKdnJAg1v4OS1EandCNbuxlR8bzro-3tX5iexgI0jbt1yUk0uq_xP47HA.I2z5du2MbdkEIhZeIlxPlYBI4tRs8y6eAytM83a-oXk&dib_tag=se&m=A504JA83FLAZB&marketplaceID=A39IBJ37TRP1C6&qid=1777067997&refinements=p_36%3A8500-9000&s=merchant-items&sr=1-147&xpid=w4rxqmlweGdei,"Shinwa Sokutei 73534 Circular Saw Guide Ruler, Folding T-Slide, Slim Shift, 5.9 inches (15 cm), Combination Scale"
B0CD7PGZDG,,,,
B000FIHCBW,Audio CD,85.99,https://www.amazon.com.au/Tsuji-Best-Ayano/dp/B000FIHCBW/ref=sr_1_148?dib=eyJ2IjoiMSJ9.mQgB1amUsHJ3NAAFJITC5LUXXnCzTlKdnJAg1v4OS1EandCNbuxlR8bzro-3tX5iexgI0jbt1yUk0uq_xP47HA.I2z5du2MbdkEIhZeIlxPlYBI4tRs8y6eAytM83a-oXk&dib_tag=se&m=A504JA83FLAZB&marketplaceID=A39IBJ37TRP1C6&qid=1777067997&refinements=p_36%3A8500-9000&s=merchant-items&sr=1-148&xpid=w4rxqmlweGdei#customerReviews,Tsuji Best
B000FIGJ3Y,Audio CD,88.01,https://www.amazon.com.au/%E3%81%A4%E3%82%88%E3%81%8D%E3%81%99-%E3%83%89%E3%83%A9%E3%83%9ECD-1/dp/B000FIGJ3Y/ref=sr_1_149?dib=eyJ2IjoiMSJ9.mQgB1amUsHJ3NAAFJITC5LUXXnCzTlKdnJAg1v4OS1EandCNbuxlR8bzro-3tX5iexgI0jbt1yUk0uq_xP47HA.I2z5du2MbdkEIhZeIlxPlYBI4tRs8y6eAytM83a-oXk&dib_tag=se&m=A504JA83FLAZB&marketplaceID=A39IBJ37TRP1C6&qid=1777067997&refinements=p_36%3A8500-9000&s=merchant-items&sr=1-149&xpid=w4rxqmlweGdei#customerReviews,つよきす ドラマCD(1)
B0DWFC7TDZ,,88.1,https://www.amazon.com.au/Build-Divide-Bright-Booster-Kaguya-sama/dp/B0DWFC7TDZ/ref=sr_1_145?dib=eyJ2IjoiMSJ9.j8Y2rgWY5C1Lc0jERbIrQ1fLx5Bw70_dbx8doYwvADlbzTyUfBN6RYj6iDA5CwnAO3Zr3EQ2509CzGUF8KmVTy80W9HiuxcYOZ2W8eaDQ1Y6Q7IqBWDpR9DmfgakA5uP-S5jLdGtorNtq33FUkPe8uDGWh-UU29tQT8mg5C4bj4.im_S-6vVmAviASyhLjECT0sVbWsLI5u6Ha_rEHAv2OA&dib_tag=se&m=A504JA83FLAZB&marketplaceID=A39IBJ37TRP1C6&qid=1777067997&refinements=p_36%3A8500-9000&s=merchant-items&sr=1-145&xpid=w4rxqmlweGdei,Build Divide -Bright- Booster Pack Anime Kaguya-sama Wants to Tell You Series Box
B000F903OO,Audio CD,89.39,https://www.amazon.com.au/Hichiriki-Mangekyo-Nakamura-Hitomi/dp/B000F903OO/ref=sr_1_146?dib=eyJ2IjoiMSJ9.j8Y2rgWY5C1Lc0jERbIrQ1fLx5Bw70_dbx8doYwvADlbzTyUfBN6RYj6iDA5CwnAO3Zr3EQ2509CzGUF8KmVTy80W9HiuxcYOZ2W8eaDQ1Y6Q7IqBWDpR9DmfgakA5uP-S5jLdGtorNtq33FUkPe8uDGWh-UU29tQT8mg5C4bj4.im_S-6vVmAviASyhLjECT0sVbWsLI5u6Ha_rEHAv2OA&dib_tag=se&m=A504JA83FLAZB&marketplaceID=A39IBJ37TRP1C6&qid=1777067997&refinements=p_36%3A8500-9000&s=merchant-items&sr=1-146&xpid=w4rxqmlweGdei#customerReviews,Hichiriki Mangekyo
B000EZ8A7Q,Audio CD,86.09,https://www.amazon.com.au/Yes-Virginia-Dresden-Dolls/dp/B000EZ8A7Q/ref=sr_1_147?dib=eyJ2IjoiMSJ9.j8Y2rgWY5C1Lc0jERbIrQ1fLx5Bw70_dbx8doYwvADlbzTyUfBN6RYj6iDA5CwnAO3Zr3EQ2509CzGUF8KmVTy80W9HiuxcYOZ2W8eaDQ1Y6Q7IqBWDpR9DmfgakA5uP-S5jLdGtorNtq33FUkPe8uDGWh-UU29tQT8mg5C4bj4.im_S-6vVmAviASyhLjECT0sVbWsLI5u6Ha_rEHAv2OA&dib_tag=se&m=A504JA83FLAZB&marketplaceID=A39IBJ37TRP1C6&qid=1777067997&refinements=p_36%3A8500-9000&s=merchant-items&sr=1-147&xpid=w4rxqmlweGdei#customerReviews,"Yes, Virginia"
B001GHSHG0,,86.25,https://www.amazon.com.au/MC67-Tama/dp/B001GHSHG0/ref=sr_1_148?dib=eyJ2IjoiMSJ9.j8Y2rgWY5C1Lc0jERbIrQ1fLx5Bw70_dbx8doYwvADlbzTyUfBN6RYj6iDA5CwnAO3Zr3EQ2509CzGUF8KmVTy80W9HiuxcYOZ2W8eaDQ1Y6Q7IqBWDpR9DmfgakA5uP-S5jLdGtorNtq33FUkPe8uDGWh-UU29tQT8mg5C4bj4.im_S-6vVmAviASyhLjECT0sVbWsLI5u6Ha_rEHAv2OA&dib_tag=se&m=A504JA83FLAZB&marketplaceID=A39IBJ37TRP1C6&qid=1777067997&refinements=p_36%3A8500-9000&s=merchant-items&sr=1-148&xpid=w4rxqmlweGdei#customerReviews,Tama MC67 Multi-Clamp
B001GHSHG0,,,,
B000BV7SDK,Audio CD,88.28,https://www.amazon.com.au/Mahodemy-Vol-8-Soundtrack-Animation/dp/B000BV7SDK/ref=sr_1_149?dib=eyJ2IjoiMSJ9.j8Y2rgWY5C1Lc0jERbIrQ1fLx5Bw70_dbx8doYwvADlbzTyUfBN6RYj6iDA5CwnAO3Zr3EQ2509CzGUF8KmVTy80W9HiuxcYOZ2W8eaDQ1Y6Q7IqBWDpR9DmfgakA5uP-S5jLdGtorNtq33FUkPe8uDGWh-UU29tQT8mg5C4bj4.im_S-6vVmAviASyhLjECT0sVbWsLI5u6Ha_rEHAv2OA&dib_tag=se&m=A504JA83FLAZB&marketplaceID=A39IBJ37TRP1C6&qid=1777067997&refinements=p_36%3A8500-9000&s=merchant-items&sr=1-149&xpid=w4rxqmlweGdei,Mahodemy Series Vol.8
B000BONQBA,Audio CD,87.13,https://www.amazon.com.au/Colezo-Twin-Masterpieces-V/dp/B000BONQBA/ref=sr_1_150?dib=eyJ2IjoiMSJ9.j8Y2rgWY5C1Lc0jERbIrQ1fLx5Bw70_dbx8doYwvADlbzTyUfBN6RYj6iDA5CwnAO3Zr3EQ2509CzGUF8KmVTy80W9HiuxcYOZ2W8eaDQ1Y6Q7IqBWDpR9DmfgakA5uP-S5jLdGtorNtq33FUkPe8uDGWh-UU29tQT8mg5C4bj4.im_S-6vVmAviASyhLjECT0sVbWsLI5u6Ha_rEHAv2OA&dib_tag=se&m=A504JA83FLAZB&marketplaceID=A39IBJ37TRP1C6&qid=1777067997&refinements=p_36%3A8500-9000&s=merchant-items&sr=1-150&xpid=w4rxqmlweGdei#customerReviews,Colezo! Twin:Sou Masterpieces(
B001WAL4IO,,89.61,https://www.amazon.com.au/Purifier-Replacement-Cartridge-Torebino-Kasettishirizu/dp/B001WAL4IO/ref=sr_1_151?dib=eyJ2IjoiMSJ9.j8Y2rgWY5C1Lc0jERbIrQ1fLx5Bw70_dbx8doYwvADlbzTyUfBN6RYj6iDA5CwnAO3Zr3EQ2509CzGUF8KmVTy80W9HiuxcYOZ2W8eaDQ1Y6Q7IqBWDpR9DmfgakA5uP-S5jLdGtorNtq33FUkPe8uDGWh-UU29tQT8mg5C4bj4.im_S-6vVmAviASyhLjECT0sVbWsLI5u6Ha_rEHAv2OA&dib_tag=se&m=A504JA83FLAZB&marketplaceID=A39IBJ37TRP1C6&qid=1777067997&refinements=p_36%3A8500-9000&s=merchant-items&sr=1-151&xpid=w4rxqmlweGdei#customerReviews,Water Purifier Replacement Cartridge Torebino Kasettishirizu Toray Mkc.mx2j Compact Size Pieces 2 Removal 13 Items
B001WAL4IO,,,,
B0007G8BV2,Audio CD,88.17,https://www.amazon.com.au/Tunnels/dp/B0007G8BV2/ref=sr_1_152?dib=eyJ2IjoiMSJ9.j8Y2rgWY5C1Lc0jERbIrQ1fLx5Bw70_dbx8doYwvADlbzTyUfBN6RYj6iDA5CwnAO3Zr3EQ2509CzGUF8KmVTy80W9HiuxcYOZ2W8eaDQ1Y6Q7IqBWDpR9DmfgakA5uP-S5jLdGtorNtq33FUkPe8uDGWh-UU29tQT8mg5C4bj4.im_S-6vVmAviASyhLjECT0sVbWsLI5u6Ha_rEHAv2OA&dib_tag=se&m=A504JA83FLAZB&marketplaceID=A39IBJ37TRP1C6&qid=1777067997&refinements=p_36%3A8500-9000&s=merchant-items&sr=1-152&xpid=w4rxqmlweGdei,Tunnels ?????
B0002RN90O,Audio CD,86.5,https://www.amazon.com.au/Gunslinger-Girl-Game-Soundtrack-Various/dp/B0002RN90O/ref=sr_1_153?dib=eyJ2IjoiMSJ9.j8Y2rgWY5C1Lc0jERbIrQ1fLx5Bw70_dbx8doYwvADlbzTyUfBN6RYj6iDA5CwnAO3Zr3EQ2509CzGUF8KmVTy80W9HiuxcYOZ2W8eaDQ1Y6Q7IqBWDpR9DmfgakA5uP-S5jLdGtorNtq33FUkPe8uDGWh-UU29tQT8mg5C4bj4.im_S-6vVmAviASyhLjECT0sVbWsLI5u6Ha_rEHAv2OA&dib_tag=se&m=A504JA83FLAZB&marketplaceID=A39IBJ37TRP1C6&qid=1777067997&refinements=p_36%3A8500-9000&s=merchant-items&sr=1-153&xpid=w4rxqmlweGdei#customerReviews,Gunslinger Girl: Game Soundtrack
B08ZRZ1KY9,,89.79,https://www.amazon.com.au/Good-Smile-Company-Version-KonoSuba/dp/B08ZRZ1KY9/ref=sr_1_154?dib=eyJ2IjoiMSJ9.j8Y2rgWY5C1Lc0jERbIrQ1fLx5Bw70_dbx8doYwvADlbzTyUfBN6RYj6iDA5CwnAO3Zr3EQ2509CzGUF8KmVTy80W9HiuxcYOZ2W8eaDQ1Y6Q7IqBWDpR9DmfgakA5uP-S5jLdGtorNtq33FUkPe8uDGWh-UU29tQT8mg5C4bj4.im_S-6vVmAviASyhLjECT0sVbWsLI5u6Ha_rEHAv2OA&dib_tag=se&m=A504JA83FLAZB&marketplaceID=A39IBJ37TRP1C6&qid=1777067997&refinements=p_36%3A8500-9000&s=merchant-items&sr=1-154&xpid=w4rxqmlweGdei#customerReviews,Aqua Winter Version Pop Up Parade PVC Statue 18 cm (KonoSuba: Legend of Crimson)
B0000ZPNFM,Not Machine Specific,91.72,https://www.amazon.com.au/The-Kick-Boxing-Japan-Import/dp/B0000ZPNFM/ref=sr_1_155?dib=eyJ2IjoiMSJ9.j8Y2rgWY5C1Lc0jERbIrQ1fLx5Bw70_dbx8doYwvADlbzTyUfBN6RYj6iDA5CwnAO3Zr3EQ2509CzGUF8KmVTy80W9HiuxcYOZ2W8eaDQ1Y6Q7IqBWDpR9DmfgakA5uP-S5jLdGtorNtq33FUkPe8uDGWh-UU29tQT8mg5C4bj4.im_S-6vVmAviASyhLjECT0sVbWsLI5u6Ha_rEHAv2OA&dib_tag=se&m=A504JA83FLAZB&marketplaceID=A39IBJ37TRP1C6&qid=1777067997&refinements=p_36%3A8500-9000&s=merchant-items&sr=1-155&xpid=w4rxqmlweGdei#customerReviews,The Kick Boxing [Japan Import]
B0000ZPNFM,,,,
B0000D0Y5R,PlayStation2,88.6,https://www.amazon.com.au/Sukusuku-Inufuku-Japan-Import/dp/B0000D0Y5R/ref=sr_1_161?dib=eyJ2IjoiMSJ9.fIVGm5GYjngX7m6ka62NHpUkmPhMEwA2i5-FGAhZ0mOw0S7V3e25Mka1ENz9rKCnv7QK1FtnicpV0fN9AQ99Hg.Kkr2by8VVmDSJ2NyHEQAMXitgePnT2Kpk8HUZ5niHSo&dib_tag=se&m=A504JA83FLAZB&marketplaceID=A39IBJ37TRP1C6&qid=1777068001&refinements=p_36%3A8500-9000&s=merchant-items&sr=1-161&xpid=w4rxqmlweGdei#customerReviews,Sukusuku Inufuku [Japan Import]
B0000D0Y5R,,,,
B004NHKOJI,,89.02,https://www.amazon.com.au/TAMA-MC69-Drum-Set-Clamp/dp/B004NHKOJI/ref=sr_1_162?dib=eyJ2IjoiMSJ9.fIVGm5GYjngX7m6ka62NHpUkmPhMEwA2i5-FGAhZ0mOw0S7V3e25Mka1ENz9rKCnv7QK1FtnicpV0fN9AQ99Hg.Kkr2by8VVmDSJ2NyHEQAMXitgePnT2Kpk8HUZ5niHSo&dib_tag=se&m=A504JA83FLAZB&marketplaceID=A39IBJ37TRP1C6&qid=1777068001&refinements=p_36%3A8500-9000&s=merchant-items&sr=1-162&xpid=w4rxqmlweGdei#customerReviews,TAMA Drum Set Clamp (MC69)
B004NHKOJI,,,,
B000069RXL,Sega Saturn,88.53,https://www.amazon.com.au/GaGa-Communications-Psychotron-Japan-Import/dp/B000069RXL/ref=sr_1_163?dib=eyJ2IjoiMSJ9.fIVGm5GYjngX7m6ka62NHpUkmPhMEwA2i5-FGAhZ0mOw0S7V3e25Mka1ENz9rKCnv7QK1FtnicpV0fN9AQ99Hg.Kkr2by8VVmDSJ2NyHEQAMXitgePnT2Kpk8HUZ5niHSo&dib_tag=se&m=A504JA83FLAZB&marketplaceID=A39IBJ37TRP1C6&qid=1777068001&refinements=p_36%3A8500-9000&s=merchant-items&sr=1-163&xpid=w4rxqmlweGdei,The Psychotron [Japan Import]
B000069RXL,,,,
B00005J4C0,Audio CD,89.45,https://www.amazon.com.au/%E3%83%91%E3%83%83%E3%82%B7%E3%83%A7%E3%83%B3%E3%83%BB%E3%83%95%E3%83%A9%E3%82%A4%E3%83%88/dp/B00005J4C0/ref=sr_1_164?dib=eyJ2IjoiMSJ9.fIVGm5GYjngX7m6ka62NHpUkmPhMEwA2i5-FGAhZ0mOw0S7V3e25Mka1ENz9rKCnv7QK1FtnicpV0fN9AQ99Hg.Kkr2by8VVmDSJ2NyHEQAMXitgePnT2Kpk8HUZ5niHSo&dib_tag=se&m=A504JA83FLAZB&marketplaceID=A39IBJ37TRP1C6&qid=1777068001&refinements=p_36%3A8500-9000&s=merchant-items&sr=1-164&xpid=w4rxqmlweGdei#customerReviews,パッション・フライト
B00005G68X,Audio CD,85.35,https://www.amazon.com.au/Re-Intoro-Tsukasa-Nishi/dp/B00005G68X/ref=sr_1_165?dib=eyJ2IjoiMSJ9.fIVGm5GYjngX7m6ka62NHpUkmPhMEwA2i5-FGAhZ0mOw0S7V3e25Mka1ENz9rKCnv7QK1FtnicpV0fN9AQ99Hg.Kkr2by8VVmDSJ2NyHEQAMXitgePnT2Kpk8HUZ5niHSo&dib_tag=se&m=A504JA83FLAZB&marketplaceID=A39IBJ37TRP1C6&qid=1777068001&refinements=p_36%3A8500-9000&s=merchant-items&sr=1-165&xpid=w4rxqmlweGdei#customerReviews,Re-Intoro
B0969PLQQD,,86.4,https://www.amazon.com.au/Good-Smile-Company-Dynazenon-Parade/dp/B0969PLQQD/ref=sr_1_161?dib=eyJ2IjoiMSJ9.G8lpKOekU3nskm_Ec_prz1AjkYtqchVp_fCMKDO5g3XOewYmbdAuOJBORB1qgELZQifXnaqlcvyaurP4ld7VjGlySmw_91VUwB7Gck6ip0Gb-BCg4RKlqdz2WkhUfLaskJq9or4cPltCrX2tTpraKGG7kai61Wilqf3l9vgOGqI.NiQ7w0lITVKxYy2_W4O2lgYUMDN6-6-UN6nrK6-91R8&dib_tag=se&m=A504JA83FLAZB&marketplaceID=A39IBJ37TRP1C6&qid=1777068001&refinements=p_36%3A8500-9000&s=merchant-items&sr=1-161&xpid=w4rxqmlweGdei#customerReviews,Good Smile Company Pop Up Parade Yume Minami Figure
B00005EZO4,Audio CD,89.58,https://www.amazon.com.au/CallyuBungen/dp/B00005EZO4/ref=sr_1_162?dib=eyJ2IjoiMSJ9.G8lpKOekU3nskm_Ec_prz1AjkYtqchVp_fCMKDO5g3XOewYmbdAuOJBORB1qgELZQifXnaqlcvyaurP4ld7VjGlySmw_91VUwB7Gck6ip0Gb-BCg4RKlqdz2WkhUfLaskJq9or4cPltCrX2tTpraKGG7kai61Wilqf3l9vgOGqI.NiQ7w0lITVKxYy2_W4O2lgYUMDN6-6-UN6nrK6-91R8&dib_tag=se&m=A504JA83FLAZB&marketplaceID=A39IBJ37TRP1C6&qid=1777068001&refinements=p_36%3A8500-9000&s=merchant-items&sr=1-162&xpid=w4rxqmlweGdei#customerReviews,CallyuBungen
B00005EZCB,Audio CD,85.01,https://www.amazon.com.au/Liar/dp/B00005EZCB/ref=sr_1_163?dib=eyJ2IjoiMSJ9.G8lpKOekU3nskm_Ec_prz1AjkYtqchVp_fCMKDO5g3XOewYmbdAuOJBORB1qgELZQifXnaqlcvyaurP4ld7VjGlySmw_91VUwB7Gck6ip0Gb-BCg4RKlqdz2WkhUfLaskJq9or4cPltCrX2tTpraKGG7kai61Wilqf3l9vgOGqI.NiQ7w0lITVKxYy2_W4O2lgYUMDN6-6-UN6nrK6-91R8&dib_tag=se&m=A504JA83FLAZB&marketplaceID=A39IBJ37TRP1C6&qid=1777068001&refinements=p_36%3A8500-9000&s=merchant-items&sr=1-163&xpid=w4rxqmlweGdei,Liar
B00FGSM9UA,,89.07,https://www.amazon.com.au/Shimano-Spares-FC-CX50-chainring-G-type/dp/B00FGSM9UA/ref=sr_1_164?dib=eyJ2IjoiMSJ9.G8lpKOekU3nskm_Ec_prz1AjkYtqchVp_fCMKDO5g3XOewYmbdAuOJBORB1qgELZQifXnaqlcvyaurP4ld7VjGlySmw_91VUwB7Gck6ip0Gb-BCg4RKlqdz2WkhUfLaskJq9or4cPltCrX2tTpraKGG7kai61Wilqf3l9vgOGqI.NiQ7w0lITVKxYy2_W4O2lgYUMDN6-6-UN6nrK6-91R8&dib_tag=se&m=A504JA83FLAZB&marketplaceID=A39IBJ37TRP1C6&qid=1777068001&refinements=p_36%3A8500-9000&s=merchant-items&sr=1-164&xpid=w4rxqmlweGdei#customerReviews,SHIMANO Unisex - Adult Xc50 Cyclo-Cross Chainring
B00FGSM9UA,,,,
B00005EWNH,Audio CD,85.82,https://www.amazon.com.au/Genkininareru-Disc-Yasashikuna-Seiko-Sawada/dp/B00005EWNH/ref=sr_1_165?dib=eyJ2IjoiMSJ9.G8lpKOekU3nskm_Ec_prz1AjkYtqchVp_fCMKDO5g3XOewYmbdAuOJBORB1qgELZQifXnaqlcvyaurP4ld7VjGlySmw_91VUwB7Gck6ip0Gb-BCg4RKlqdz2WkhUfLaskJq9or4cPltCrX2tTpraKGG7kai61Wilqf3l9vgOGqI.NiQ7w0lITVKxYy2_W4O2lgYUMDN6-6-UN6nrK6-91R8&dib_tag=se&m=A504JA83FLAZB&marketplaceID=A39IBJ37TRP1C6&qid=1777068001&refinements=p_36%3A8500-9000&s=merchant-items&sr=1-165&xpid=w4rxqmlweGdei#customerReviews,Genkininareru Disc&Yasashikuna
B00005EIE8,Audio CD,85.58,https://www.amazon.com.au/1981-1987/dp/B00005EIE8/ref=sr_1_166?dib=eyJ2IjoiMSJ9.G8lpKOekU3nskm_Ec_prz1AjkYtqchVp_fCMKDO5g3XOewYmbdAuOJBORB1qgELZQifXnaqlcvyaurP4ld7VjGlySmw_91VUwB7Gck6ip0Gb-BCg4RKlqdz2WkhUfLaskJq9or4cPltCrX2tTpraKGG7kai61Wilqf3l9vgOGqI.NiQ7w0lITVKxYy2_W4O2lgYUMDN6-6-UN6nrK6-91R8&dib_tag=se&m=A504JA83FLAZB&marketplaceID=A39IBJ37TRP1C6&qid=1777068001&refinements=p_36%3A8500-9000&s=merchant-items&sr=1-166&xpid=w4rxqmlweGdei#customerReviews,1981-1987
B0B6WKJQJ2,,86.32,https://www.amazon.com.au/Design-CF-3555-Large-Attractor-Case/dp/B0B6WKJQJ2/ref=sr_1_167?dib=eyJ2IjoiMSJ9.G8lpKOekU3nskm_Ec_prz1AjkYtqchVp_fCMKDO5g3XOewYmbdAuOJBORB1qgELZQifXnaqlcvyaurP4ld7VjGlySmw_91VUwB7Gck6ip0Gb-BCg4RKlqdz2WkhUfLaskJq9or4cPltCrX2tTpraKGG7kai61Wilqf3l9vgOGqI.NiQ7w0lITVKxYy2_W4O2lgYUMDN6-6-UN6nrK6-91R8&dib_tag=se&m=A504JA83FLAZB&marketplaceID=A39IBJ37TRP1C6&qid=1777068001&refinements=p_36%3A8500-9000&s=merchant-items&sr=1-167&xpid=w4rxqmlweGdei,C&F Design CF-3555+ [Large] Attractor Fly Case (Large)
B0B6WKJQJ2,,,,
B00005EIA7,Audio CD,89.27,https://www.amazon.com.au/LIVE-is-BEST/dp/B00005EIA7/ref=sr_1_168?dib=eyJ2IjoiMSJ9.G8lpKOekU3nskm_Ec_prz1AjkYtqchVp_fCMKDO5g3XOewYmbdAuOJBORB1qgELZQifXnaqlcvyaurP4ld7VjGlySmw_91VUwB7Gck6ip0Gb-BCg4RKlqdz2WkhUfLaskJq9or4cPltCrX2tTpraKGG7kai61Wilqf3l9vgOGqI.NiQ7w0lITVKxYy2_W4O2lgYUMDN6-6-UN6nrK6-91R8&dib_tag=se&m=A504JA83FLAZB&marketplaceID=A39IBJ37TRP1C6&qid=1777068001&refinements=p_36%3A8500-9000&s=merchant-items&sr=1-168&xpid=w4rxqmlweGdei#customerReviews,LIVE is BEST
B00004UWXM,Audio CD,86.04,https://www.amazon.com.au/Ponta-Box/dp/B00004UWXM/ref=sr_1_169?dib=eyJ2IjoiMSJ9.G8lpKOekU3nskm_Ec_prz1AjkYtqchVp_fCMKDO5g3XOewYmbdAuOJBORB1qgELZQifXnaqlcvyaurP4ld7VjGlySmw_91VUwB7Gck6ip0Gb-BCg4RKlqdz2WkhUfLaskJq9or4cPltCrX2tTpraKGG7kai61Wilqf3l9vgOGqI.NiQ7w0lITVKxYy2_W4O2lgYUMDN6-6-UN6nrK6-91R8&dib_tag=se&m=A504JA83FLAZB&marketplaceID=A39IBJ37TRP1C6&qid=1777068001&refinements=p_36%3A8500-9000&s=merchant-items&sr=1-169&xpid=w4rxqmlweGdei#customerReviews,Ponta Box
B003OC4NG8,,87.37,https://www.amazon.com.au/Tsuboe-BOL8302-Wholesale-Special-DO-030/dp/B003OC4NG8/ref=sr_1_170?dib=eyJ2IjoiMSJ9.G8lpKOekU3nskm_Ec_prz1AjkYtqchVp_fCMKDO5g3XOewYmbdAuOJBORB1qgELZQifXnaqlcvyaurP4ld7VjGlySmw_91VUwB7Gck6ip0Gb-BCg4RKlqdz2WkhUfLaskJq9or4cPltCrX2tTpraKGG7kai61Wilqf3l9vgOGqI.NiQ7w0lITVKxYy2_W4O2lgYUMDN6-6-UN6nrK6-91R8&dib_tag=se&m=A504JA83FLAZB&marketplaceID=A39IBJ37TRP1C6&qid=1777068001&refinements=p_36%3A8500-9000&s=merchant-items&sr=1-170&xpid=w4rxqmlweGdei#customerReviews,MT Torimatsu TSUBOE Wholesale Special No. 3 DO-030 Copper Tin Plated Japan BOL8302
B003OC4NG8,,,,
B0160MAY1G,Windows,89.03,https://www.amazon.com.au/EDGE-301-gaming-pad-black/dp/B0160MAY1G/ref=sr_1_171?dib=eyJ2IjoiMSJ9.G8lpKOekU3nskm_Ec_prz1AjkYtqchVp_fCMKDO5g3XOewYmbdAuOJBORB1qgELZQifXnaqlcvyaurP4ld7VjGlySmw_91VUwB7Gck6ip0Gb-BCg4RKlqdz2WkhUfLaskJq9or4cPltCrX2tTpraKGG7kai61Wilqf3l9vgOGqI.NiQ7w0lITVKxYy2_W4O2lgYUMDN6-6-UN6nrK6-91R8&dib_tag=se&m=A504JA83FLAZB&marketplaceID=A39IBJ37TRP1C6&qid=1777068001&refinements=p_36%3A8500-9000&s=merchant-items&sr=1-171&xpid=w4rxqmlweGdei#customerReviews,EDGE 301 gaming pad black
B0160MAY1G,,,,
B00L9J6G40,Audio CD,86.94,https://www.amazon.com.au/Fly-Me-Moon-NICKI-PARROTT/dp/B00L9J6G40/ref=sr_1_177?dib=eyJ2IjoiMSJ9.yezZpBARRTx_5HzN5V2cPfGZoYQc05pl5JWqKN53eUVoaQOqSHdIWWx2hwrxvajn0xT94AWwodXvjvYpylTdMg.aq4hvwHa4dPIycd7wzZBwB0ejLhK8g6Ya3h94UoB9js&dib_tag=se&m=A504JA83FLAZB&marketplaceID=A39IBJ37TRP1C6&qid=1777068006&refinements=p_36%3A8500-9000&s=merchant-items&sr=1-177&xpid=w4rxqmlweGdei#customerReviews,Fly Me To The Moon
B093XYCR8M,,89.9,https://www.amazon.com.au/Taito-Date-Live-Coreful-Figure/dp/B093XYCR8M/ref=sr_1_178?dib=eyJ2IjoiMSJ9.yezZpBARRTx_5HzN5V2cPfGZoYQc05pl5JWqKN53eUVoaQOqSHdIWWx2hwrxvajn0xT94AWwodXvjvYpylTdMg.aq4hvwHa4dPIycd7wzZBwB0ejLhK8g6Ya3h94UoB9js&dib_tag=se&m=A504JA83FLAZB&marketplaceID=A39IBJ37TRP1C6&qid=1777068006&refinements=p_36%3A8500-9000&s=merchant-items&sr=1-178&xpid=w4rxqmlweGdei#customerReviews,"Taito Date A Live IV Coreful Figure - Tokisaki Kurumi~Pretty Devil ver~ Prize Figure, Multiple Colors, T83684"
B01LYS572Y,PlayStation 4,87.2,https://www.amazon.com.au/%E3%83%8B%E3%83%BC%E3%82%A2-%E3%82%AA%E3%83%BC%E3%83%88%E3%83%9E%E3%82%BF-%E5%88%9D%E5%9B%9E%E7%94%9F%E7%94%A3%E7%89%B9%E5%85%B8%E3%80%8C%E3%83%9D%E3%83%83%E3%83%89%E3%83%A2%E3%83%87%E3%83%AB-%E7%99%BD%E3%81%AE%E6%9B%B8%E3%80%8D%E3%81%8C%E4%BD%BF%E3%81%88%E3%82%8B%E3%83%97%E3%83%AD%E3%83%80%E3%82%AF%E3%83%88%E3%82%B3%E3%83%BC%E3%83%89-PS4/dp/B01LYS572Y/ref=sr_1_179?dib=eyJ2IjoiMSJ9.yezZpBARRTx_5HzN5V2cPfGZoYQc05pl5JWqKN53eUVoaQOqSHdIWWx2hwrxvajn0xT94AWwodXvjvYpylTdMg.aq4hvwHa4dPIycd7wzZBwB0ejLhK8g6Ya3h94UoB9js&dib_tag=se&m=A504JA83FLAZB&marketplaceID=A39IBJ37TRP1C6&qid=1777068006&refinements=p_36%3A8500-9000&s=merchant-items&sr=1-179&xpid=w4rxqmlweGdei#customerReviews,ニーア オートマタ(初回生産特典「ポッドモデル:白の書」が使えるプロダクトコード 同梱) - PS4
B01LYS572Y,,,,
B000FGR980,Sony PSP,87.63,https://www.amazon.com.au/Valhalla-Knights-Japan-Import/dp/B000FGR980/ref=sr_1_180?dib=eyJ2IjoiMSJ9.yezZpBARRTx_5HzN5V2cPfGZoYQc05pl5JWqKN53eUVoaQOqSHdIWWx2hwrxvajn0xT94AWwodXvjvYpylTdMg.aq4hvwHa4dPIycd7wzZBwB0ejLhK8g6Ya3h94UoB9js&dib_tag=se&m=A504JA83FLAZB&marketplaceID=A39IBJ37TRP1C6&qid=1777068006&refinements=p_36%3A8500-9000&s=merchant-items&sr=1-180&xpid=w4rxqmlweGdei#customerReviews,Valhalla Knights [Japan Import]
B000FGR980,,,,
B000AR2OBQ,,89.66,https://www.amazon.com.au/Snow-Peak-N-002-Peg-Hammer/dp/B000AR2OBQ/ref=sr_1_181?dib=eyJ2IjoiMSJ9.yezZpBARRTx_5HzN5V2cPfGZoYQc05pl5JWqKN53eUVoaQOqSHdIWWx2hwrxvajn0xT94AWwodXvjvYpylTdMg.aq4hvwHa4dPIycd7wzZBwB0ejLhK8g6Ya3h94UoB9js&dib_tag=se&m=A504JA83FLAZB&marketplaceID=A39IBJ37TRP1C6&qid=1777068006&refinements=p_36%3A8500-9000&s=merchant-items&sr=1-181&xpid=w4rxqmlweGdei#customerReviews,Snow Peak PRO.S N-002 Peg Hammer
B000AR2OBQ,,,,
B005NJXCAI,Audio CD,88.45,https://www.amazon.com.au/Carnival-Phantasm-S-T-Original-Soundtrack/dp/B005NJXCAI/ref=sr_1_177?dib=eyJ2IjoiMSJ9.2aLA5UEhwl3GOLjKtzRVpUsM8m_e7ykSU_KQJCe8Jtp510DMF-cDidl-sV8Semccn_ruydDbSPqJax6voUalHxltDfRd780Xe_VQwYi8NW6aNgP0BtWh37arV0EzWUiLG8yMo_OgGKfkDoTTASevT7mYhxarT9BdJv3v-guAmv0.M4AQ1WOZ0pZd2UJM_DB8l3C_9jVx2gK_YWN-eSU7kP4&dib_tag=se&m=A504JA83FLAZB&marketplaceID=A39IBJ37TRP1C6&qid=1777068006&refinements=p_36%3A8500-9000&s=merchant-items&sr=1-177&xpid=w4rxqmlweGdei#customerReviews,Carnival Phantasm]-O.S.T.
B000UJAQKU,Audio CD,86.71,https://www.amazon.com.au/CODE-GEASS-LELOUCH-SOUND-EP/dp/B000UJAQKU/ref=sr_1_178?dib=eyJ2IjoiMSJ9.2aLA5UEhwl3GOLjKtzRVpUsM8m_e7ykSU_KQJCe8Jtp510DMF-cDidl-sV8Semccn_ruydDbSPqJax6voUalHxltDfRd780Xe_VQwYi8NW6aNgP0BtWh37arV0EzWUiLG8yMo_OgGKfkDoTTASevT7mYhxarT9BdJv3v-guAmv0.M4AQ1WOZ0pZd2UJM_DB8l3C_9jVx2gK_YWN-eSU7kP4&dib_tag=se&m=A504JA83FLAZB&marketplaceID=A39IBJ37TRP1C6&qid=1777068006&refinements=p_36%3A8500-9000&s=merchant-items&sr=1-178&xpid=w4rxqmlweGdei#customerReviews,Code Geass Lelouch of: Sound EP 6
B000UJAQKU,,,,
B07B4CS1BX,,86.75,https://www.amazon.com.au/Light-LITE-head-cover-H-353/dp/B07B4CS1BX/ref=sr_1_179?dib=eyJ2IjoiMSJ9.2aLA5UEhwl3GOLjKtzRVpUsM8m_e7ykSU_KQJCe8Jtp510DMF-cDidl-sV8Semccn_ruydDbSPqJax6voUalHxltDfRd780Xe_VQwYi8NW6aNgP0BtWh37arV0EzWUiLG8yMo_OgGKfkDoTTASevT7mYhxarT9BdJv3v-guAmv0.M4AQ1WOZ0pZd2UJM_DB8l3C_9jVx2gK_YWN-eSU7kP4&dib_tag=se&m=A504JA83FLAZB&marketplaceID=A39IBJ37TRP1C6&qid=1777068006&refinements=p_36%3A8500-9000&s=merchant-items&sr=1-179&xpid=w4rxqmlweGdei#customerReviews,[LITE] ライト ヘッドカバー チューチューキャット ヘッドカバー DR用
B07B4CS1BX,,,,
B07BK2MCGL,,85.81,https://www.amazon.com.au/Naniwa-QA-0251-Hunter-Medium-Whetstone/dp/B07BK2MCGL/ref=sr_1_180?dib=eyJ2IjoiMSJ9.2aLA5UEhwl3GOLjKtzRVpUsM8m_e7ykSU_KQJCe8Jtp510DMF-cDidl-sV8Semccn_ruydDbSPqJax6voUalHxltDfRd780Xe_VQwYi8NW6aNgP0BtWh37arV0EzWUiLG8yMo_OgGKfkDoTTASevT7mYhxarT9BdJv3v-guAmv0.M4AQ1WOZ0pZd2UJM_DB8l3C_9jVx2gK_YWN-eSU7kP4&dib_tag=se&m=A504JA83FLAZB&marketplaceID=A39IBJ37TRP1C6&qid=1777068006&refinements=p_36%3A8500-9000&s=merchant-items&sr=1-180&xpid=w4rxqmlweGdei#customerReviews,Naniwa QA-0251 Hunter #1000 Medium Whetstone
B07BK2MCGL,,,,
B01HI6HAVU,,85.37,https://www.amazon.com.au/SHIMANO-Unisex_Adult-FC-TY501-Vierkant-Crankset/dp/B01HI6HAVU/ref=sr_1_181?dib=eyJ2IjoiMSJ9.2aLA5UEhwl3GOLjKtzRVpUsM8m_e7ykSU_KQJCe8Jtp510DMF-cDidl-sV8Semccn_ruydDbSPqJax6voUalHxltDfRd780Xe_VQwYi8NW6aNgP0BtWh37arV0EzWUiLG8yMo_OgGKfkDoTTASevT7mYhxarT9BdJv3v-guAmv0.M4AQ1WOZ0pZd2UJM_DB8l3C_9jVx2gK_YWN-eSU7kP4&dib_tag=se&m=A504JA83FLAZB&marketplaceID=A39IBJ37TRP1C6&qid=1777068006&refinements=p_36%3A8500-9000&s=merchant-items&sr=1-181&xpid=w4rxqmlweGdei#customerReviews,SHIMANO
B01HI6HAVU,,,,
B01N7HA2U6,,87.56,https://www.amazon.com.au/Snow-peak-MY-plate-TW/dp/B01N7HA2U6/ref=sr_1_182?dib=eyJ2IjoiMSJ9.2aLA5UEhwl3GOLjKtzRVpUsM8m_e7ykSU_KQJCe8Jtp510DMF-cDidl-sV8Semccn_ruydDbSPqJax6voUalHxltDfRd780Xe_VQwYi8NW6aNgP0BtWh37arV0EzWUiLG8yMo_OgGKfkDoTTASevT7mYhxarT9BdJv3v-guAmv0.M4AQ1WOZ0pZd2UJM_DB8l3C_9jVx2gK_YWN-eSU7kP4&dib_tag=se&m=A504JA83FLAZB&marketplaceID=A39IBJ37TRP1C6&qid=1777068006&refinements=p_36%3A8500-9000&s=merchant-items&sr=1-182&xpid=w4rxqmlweGdei#customerReviews,Snow Peak My Plate - Oak Serving Plate/Board
B01N7HA2U6,,,,
B004INGQXU,,96.07,https://www.amazon.com.au/Kirino-Kosaka-Figma-Action-Figure/dp/B004INGQXU/ref=sr_1_183?dib=eyJ2IjoiMSJ9.2aLA5UEhwl3GOLjKtzRVpUsM8m_e7ykSU_KQJCe8Jtp510DMF-cDidl-sV8Semccn_ruydDbSPqJax6voUalHxltDfRd780Xe_VQwYi8NW6aNgP0BtWh37arV0EzWUiLG8yMo_OgGKfkDoTTASevT7mYhxarT9BdJv3v-guAmv0.M4AQ1WOZ0pZd2UJM_DB8l3C_9jVx2gK_YWN-eSU7kP4&dib_tag=se&m=A504JA83FLAZB&marketplaceID=A39IBJ37TRP1C6&qid=1777068006&refinements=p_36%3A8500-9000&s=merchant-items&sr=1-183&xpid=w4rxqmlweGdei#customerReviews,Kirino Kosaka Figma Action Figure
B08X17KVXQ,,92.31,https://www.amazon.com.au/Snow-Peak-Vacuum-Tumbler-Bottle/dp/B08X17KVXQ/ref=sr_1_184?dib=eyJ2IjoiMSJ9.2aLA5UEhwl3GOLjKtzRVpUsM8m_e7ykSU_KQJCe8Jtp510DMF-cDidl-sV8Semccn_ruydDbSPqJax6voUalHxltDfRd780Xe_VQwYi8NW6aNgP0BtWh37arV0EzWUiLG8yMo_OgGKfkDoTTASevT7mYhxarT9BdJv3v-guAmv0.M4AQ1WOZ0pZd2UJM_DB8l3C_9jVx2gK_YWN-eSU7kP4&dib_tag=se&m=A504JA83FLAZB&marketplaceID=A39IBJ37TRP1C6&qid=1777068006&refinements=p_36%3A8500-9000&s=merchant-items&sr=1-184&xpid=w4rxqmlweGdei#customerReviews,Snow Peak Vacuum Beer Tumbler 16oz/470ml Water Bottle
B08X17KVXQ,,,,
B0BPLN6FQT,,88.44,https://www.amazon.com.au/Snow-Peak-CK-301-Architect-Windscreen/dp/B0BPLN6FQT/ref=sr_1_185?dib=eyJ2IjoiMSJ9.2aLA5UEhwl3GOLjKtzRVpUsM8m_e7ykSU_KQJCe8Jtp510DMF-cDidl-sV8Semccn_ruydDbSPqJax6voUalHxltDfRd780Xe_VQwYi8NW6aNgP0BtWh37arV0EzWUiLG8yMo_OgGKfkDoTTASevT7mYhxarT9BdJv3v-guAmv0.M4AQ1WOZ0pZd2UJM_DB8l3C_9jVx2gK_YWN-eSU7kP4&dib_tag=se&m=A504JA83FLAZB&marketplaceID=A39IBJ37TRP1C6&qid=1777068006&refinements=p_36%3A8500-9000&s=merchant-items&sr=1-185&xpid=w4rxqmlweGdei#customerReviews,Snow Peak CK-301 Tabletop Architect Windscreen
B0BPLN6FQT,,,,
B08CGYD213,,88.14,https://www.amazon.com.au/SHIMANO-Unisex-Rd-m3100-derailleur-Standard/dp/B08CGYD213/ref=sr_1_186?dib=eyJ2IjoiMSJ9.2aLA5UEhwl3GOLjKtzRVpUsM8m_e7ykSU_KQJCe8Jtp510DMF-cDidl-sV8Semccn_ruydDbSPqJax6voUalHxltDfRd780Xe_VQwYi8NW6aNgP0BtWh37arV0EzWUiLG8yMo_OgGKfkDoTTASevT7mYhxarT9BdJv3v-guAmv0.M4AQ1WOZ0pZd2UJM_DB8l3C_9jVx2gK_YWN-eSU7kP4&dib_tag=se&m=A504JA83FLAZB&marketplaceID=A39IBJ37TRP1C6&qid=1777068006&refinements=p_36%3A8500-9000&s=merchant-items&sr=1-186&xpid=w4rxqmlweGdei#customerReviews,SHIMANO Acera Shadow 9 Speed Mountain Bicycle Rear Derailleur - RD-M3100
B08CGYD213,,,,
B01K1QPLII,,86.4,https://www.amazon.com.au/Thermos-water-bottle-Standard-MSC-C050-XS/dp/B01K1QPLII/ref=sr_1_187?dib=eyJ2IjoiMSJ9.2aLA5UEhwl3GOLjKtzRVpUsM8m_e7ykSU_KQJCe8Jtp510DMF-cDidl-sV8Semccn_ruydDbSPqJax6voUalHxltDfRd780Xe_VQwYi8NW6aNgP0BtWh37arV0EzWUiLG8yMo_OgGKfkDoTTASevT7mYhxarT9BdJv3v-guAmv0.M4AQ1WOZ0pZd2UJM_DB8l3C_9jVx2gK_YWN-eSU7kP4&dib_tag=se&m=A504JA83FLAZB&marketplaceID=A39IBJ37TRP1C6&qid=1777068006&refinements=p_36%3A8500-9000&s=merchant-items&sr=1-187&xpid=w4rxqmlweGdei#customerReviews,"Tiger Water Bottle, 16.9 fl oz (500 ml), Cup, Standard Type, MSC-C050-XS"
B01K1QPLII,,,,
B0B97FCZS5,,90.06,https://www.amazon.com.au/Good-Smile-Company-Rent-Girlfriend/dp/B0B97FCZS5/ref=sr_1_193?dib=eyJ2IjoiMSJ9.5FyZ4Pnox4EUDUBCJUOwybkxga-r5hv_mjAOZlWIxU0hacs0bnMwiM3E_GCNFDhRWpJRtuBF2N2kxAsnXIeJpQ.SMApaemgiq3MDVduBWJB6q_5mRj-lh4nn0DxxhLHY8o&dib_tag=se&m=A504JA83FLAZB&marketplaceID=A39IBJ37TRP1C6&qid=1777068011&refinements=p_36%3A8500-9000&s=merchant-items&sr=1-193&xpid=w4rxqmlweGdei#customerReviews,Rent a Girlfriend Nendoroid Mami Nanami
B07RTYPPP2,,89.56,https://www.amazon.com.au/OGK-OG20827-One-Touch-Sabiki-Throwing/dp/B07RTYPPP2/ref=sr_1_194?dib=eyJ2IjoiMSJ9.5FyZ4Pnox4EUDUBCJUOwybkxga-r5hv_mjAOZlWIxU0hacs0bnMwiM3E_GCNFDhRWpJRtuBF2N2kxAsnXIeJpQ.SMApaemgiq3MDVduBWJB6q_5mRj-lh4nn0DxxhLHY8o&dib_tag=se&m=A504JA83FLAZB&marketplaceID=A39IBJ37TRP1C6&qid=1777068011&refinements=p_36%3A8500-9000&s=merchant-items&sr=1-194&xpid=w4rxqmlweGdei#customerReviews,Osaka Fishing Gear (OGK) Super One-Touch Sabiki + Choi Toss Set
B07RTYPPP2,,,,
B002KCL1IQ,,86.6,https://www.amazon.com.au/Shinwa-Sokutei-10618-Carpentry-Numbers/dp/B002KCL1IQ/ref=sr_1_195?dib=eyJ2IjoiMSJ9.5FyZ4Pnox4EUDUBCJUOwybkxga-r5hv_mjAOZlWIxU0hacs0bnMwiM3E_GCNFDhRWpJRtuBF2N2kxAsnXIeJpQ.SMApaemgiq3MDVduBWJB6q_5mRj-lh4nn0DxxhLHY8o&dib_tag=se&m=A504JA83FLAZB&marketplaceID=A39IBJ37TRP1C6&qid=1777068011&refinements=p_36%3A8500-9000&s=merchant-items&sr=1-195&xpid=w4rxqmlweGdei,"Shinwa Sokutei 10618 Curved Scale for Carpentry Back Angle Scale with Red Numbers, Silver, 1 Scale"
B002KCL1IQ,,,,
B0B87VXT8Y,,89.8,https://www.amazon.com.au/Good-Smile-Company-Planet-Nendoroid/dp/B0B87VXT8Y/ref=sr_1_196?dib=eyJ2IjoiMSJ9.5FyZ4Pnox4EUDUBCJUOwybkxga-r5hv_mjAOZlWIxU0hacs0bnMwiM3E_GCNFDhRWpJRtuBF2N2kxAsnXIeJpQ.SMApaemgiq3MDVduBWJB6q_5mRj-lh4nn0DxxhLHY8o&dib_tag=se&m=A504JA83FLAZB&marketplaceID=A39IBJ37TRP1C6&qid=1777068011&refinements=p_36%3A8500-9000&s=merchant-items&sr=1-196&xpid=w4rxqmlweGdei#customerReviews,Good Smile Company - Cat Planet - Triss Nendoroid Action Figure
B095Y86YRX,,87.67,https://www.amazon.com.au/Good-Smile-Company-Princess-Nendoroid/dp/B095Y86YRX/ref=sr_1_197?dib=eyJ2IjoiMSJ9.5FyZ4Pnox4EUDUBCJUOwybkxga-r5hv_mjAOZlWIxU0hacs0bnMwiM3E_GCNFDhRWpJRtuBF2N2kxAsnXIeJpQ.SMApaemgiq3MDVduBWJB6q_5mRj-lh4nn0DxxhLHY8o&dib_tag=se&m=A504JA83FLAZB&marketplaceID=A39IBJ37TRP1C6&qid=1777068011&refinements=p_36%3A8500-9000&s=merchant-items&sr=1-197&xpid=w4rxqmlweGdei#customerReviews,"Good Smile Princess Connect Re: Dive: Kokkoro Nendoroid Action Figure, Multicolor"
B0CKBWNYSY,,85.1,https://www.amazon.com.au/Kyosho-Toyota-4Runner-Accessory-MXB11BK/dp/B0CKBWNYSY/ref=sr_1_193?dib=eyJ2IjoiMSJ9.NFI4lwloazngwz-OOUhUTrGAToX9mhLq0VBcuUehefWWaB5R5v9qFcMt-D1jfNSNvNw-ODlCfvf_aZBn-pGjOB1-Ttn-e3R6pF1CkEpjjyHf0796xitapLxUMolpaVKYf3dh8jljSTTzcWIrWGf717_ton13UdN1yTiKGikyfn4.occa8qy9I-Hw4DdUCiXVOIPjmTqEig_OmPkIgesfmv8&dib_tag=se&m=A504JA83FLAZB&marketplaceID=A39IBJ37TRP1C6&qid=1777068011&refinements=p_36%3A8500-9000&s=merchant-items&sr=1-193&xpid=w4rxqmlweGdei#customerReviews,Kyosho BS MX-01 Toyota 4Runner with Accessory Parts Black MXB11BK
B002CZOY8U,,85.63,https://www.amazon.com.au/SFGSL2555BL-SFGSL25-55BL-5-5M/dp/B002CZOY8U/ref=sr_1_194?dib=eyJ2IjoiMSJ9.NFI4lwloazngwz-OOUhUTrGAToX9mhLq0VBcuUehefWWaB5R5v9qFcMt-D1jfNSNvNw-ODlCfvf_aZBn-pGjOB1-Ttn-e3R6pF1CkEpjjyHf0796xitapLxUMolpaVKYf3dh8jljSTTzcWIrWGf717_ton13UdN1yTiKGikyfn4.occa8qy9I-Hw4DdUCiXVOIPjmTqEig_OmPkIgesfmv8&dib_tag=se&m=A504JA83FLAZB&marketplaceID=A39IBJ37TRP1C6&qid=1777068011&refinements=p_36%3A8500-9000&s=merchant-items&sr=1-194&xpid=w4rxqmlweGdei#customerReviews,Tajima SFGSL2555BL Convex Stainless Steel Tape 2.2 x 1.0 inches (5.5 x 25 mm)
B002CZOY8U,,,,
B0CVWBTD8J,,86.4,https://www.amazon.com.au/Good-Smile-Tekken-Xiaoyu-Nendoroid/dp/B0CVWBTD8J/ref=sr_1_195?dib=eyJ2IjoiMSJ9.NFI4lwloazngwz-OOUhUTrGAToX9mhLq0VBcuUehefWWaB5R5v9qFcMt-D1jfNSNvNw-ODlCfvf_aZBn-pGjOB1-Ttn-e3R6pF1CkEpjjyHf0796xitapLxUMolpaVKYf3dh8jljSTTzcWIrWGf717_ton13UdN1yTiKGikyfn4.occa8qy9I-Hw4DdUCiXVOIPjmTqEig_OmPkIgesfmv8&dib_tag=se&m=A504JA83FLAZB&marketplaceID=A39IBJ37TRP1C6&qid=1777068011&refinements=p_36%3A8500-9000&s=merchant-items&sr=1-195&xpid=w4rxqmlweGdei#customerReviews,Good Smile - Tekken 8 - Ling Xiaoyu Nendoroid Action Figure
B07DLK7KL6,,89.24,https://www.amazon.com.au/Shimano-HB-R7000-Silver-32H-EHBR7000BS/dp/B07DLK7KL6/ref=sr_1_196?dib=eyJ2IjoiMSJ9.NFI4lwloazngwz-OOUhUTrGAToX9mhLq0VBcuUehefWWaB5R5v9qFcMt-D1jfNSNvNw-ODlCfvf_aZBn-pGjOB1-Ttn-e3R6pF1CkEpjjyHf0796xitapLxUMolpaVKYf3dh8jljSTTzcWIrWGf717_ton13UdN1yTiKGikyfn4.occa8qy9I-Hw4DdUCiXVOIPjmTqEig_OmPkIgesfmv8&dib_tag=se&m=A504JA83FLAZB&marketplaceID=A39IBJ37TRP1C6&qid=1777068011&refinements=p_36%3A8500-9000&s=merchant-items&sr=1-196&xpid=w4rxqmlweGdei#customerReviews,Shimano HB-R7000 Silver 32H EHBR7000BS
B07DLK7KL6,,,,
B01IOQ4LC4,,85.53,https://www.amazon.com.au/Tajima-double-width-meter-CWM3S2575/dp/B01IOQ4LC4/ref=sr_1_197?dib=eyJ2IjoiMSJ9.NFI4lwloazngwz-OOUhUTrGAToX9mhLq0VBcuUehefWWaB5R5v9qFcMt-D1jfNSNvNw-ODlCfvf_aZBn-pGjOB1-Ttn-e3R6pF1CkEpjjyHf0796xitapLxUMolpaVKYf3dh8jljSTTzcWIrWGf717_ton13UdN1yTiKGikyfn4.occa8qy9I-Hw4DdUCiXVOIPjmTqEig_OmPkIgesfmv8&dib_tag=se&m=A504JA83FLAZB&marketplaceID=A39IBJ37TRP1C6&qid=1777068011&refinements=p_36%3A8500-9000&s=merchant-items&sr=1-197&xpid=w4rxqmlweGdei#customerReviews,Tajima CWM3S2575 Convex 25.0 x 1.0 inches (7.5 m) x 25 mm Cef G3 Gold Double Mug
B01IOQ4LC4,,,,
B001MS849I,,88.89,https://www.amazon.com.au/Kusakabe-expert-watercolor-paint-saturation/dp/B001MS849I/ref=sr_1_198?dib=eyJ2IjoiMSJ9.NFI4lwloazngwz-OOUhUTrGAToX9mhLq0VBcuUehefWWaB5R5v9qFcMt-D1jfNSNvNw-ODlCfvf_aZBn-pGjOB1-Ttn-e3R6pF1CkEpjjyHf0796xitapLxUMolpaVKYf3dh8jljSTTzcWIrWGf717_ton13UdN1yTiKGikyfn4.occa8qy9I-Hw4DdUCiXVOIPjmTqEig_OmPkIgesfmv8&dib_tag=se&m=A504JA83FLAZB&marketplaceID=A39IBJ37TRP1C6&qid=1777068011&refinements=p_36%3A8500-9000&s=merchant-items&sr=1-198&xpid=w4rxqmlweGdei#customerReviews,Kusakabe expert for watercolor paint set sum saturation NW-18 (japan import)
B001MS849I,,,,
B01KYU20WG,,86.53,https://www.amazon.com.au/Daiwa-4-45-Shore-Ball-Frame/dp/B01KYU20WG/ref=sr_1_199?dib=eyJ2IjoiMSJ9.NFI4lwloazngwz-OOUhUTrGAToX9mhLq0VBcuUehefWWaB5R5v9qFcMt-D1jfNSNvNw-ODlCfvf_aZBn-pGjOB1-Ttn-e3R6pF1CkEpjjyHf0796xitapLxUMolpaVKYf3dh8jljSTTzcWIrWGf717_ton13UdN1yTiKGikyfn4.occa8qy9I-Hw4DdUCiXVOIPjmTqEig_OmPkIgesfmv8&dib_tag=se&m=A504JA83FLAZB&marketplaceID=A39IBJ37TRP1C6&qid=1777068011&refinements=p_36%3A8500-9000&s=merchant-items&sr=1-199&xpid=w4rxqmlweGdei#customerReviews,Daiwa Rock Ball Frame for Tamo with Net (A) Various
B01KYU20WG,,,,
B008U1FD9O,,89.0,https://www.amazon.com.au/Folding-Helmet-Bloom-No-100-Color/dp/B008U1FD9O/ref=sr_1_200?dib=eyJ2IjoiMSJ9.NFI4lwloazngwz-OOUhUTrGAToX9mhLq0VBcuUehefWWaB5R5v9qFcMt-D1jfNSNvNw-ODlCfvf_aZBn-pGjOB1-Ttn-e3R6pF1CkEpjjyHf0796xitapLxUMolpaVKYf3dh8jljSTTzcWIrWGf717_ton13UdN1yTiKGikyfn4.occa8qy9I-Hw4DdUCiXVOIPjmTqEig_OmPkIgesfmv8&dib_tag=se&m=A504JA83FLAZB&marketplaceID=A39IBJ37TRP1C6&qid=1777068011&refinements=p_36%3A8500-9000&s=merchant-items&sr=1-200&xpid=w4rxqmlweGdei,Folding Helmet Bloom No.100. Color Lime
B008U1FD9O,,,,
B004AJBAQ0,,88.77,https://www.amazon.com.au/Senkichi-Shovel-wooden-handle-SWS-1/dp/B004AJBAQ0/ref=sr_1_201?dib=eyJ2IjoiMSJ9.NFI4lwloazngwz-OOUhUTrGAToX9mhLq0VBcuUehefWWaB5R5v9qFcMt-D1jfNSNvNw-ODlCfvf_aZBn-pGjOB1-Ttn-e3R6pF1CkEpjjyHf0796xitapLxUMolpaVKYf3dh8jljSTTzcWIrWGf717_ton13UdN1yTiKGikyfn4.occa8qy9I-Hw4DdUCiXVOIPjmTqEig_OmPkIgesfmv8&dib_tag=se&m=A504JA83FLAZB&marketplaceID=A39IBJ37TRP1C6&qid=1777068011&refinements=p_36%3A8500-9000&s=merchant-items&sr=1-201&xpid=w4rxqmlweGdei#customerReviews,Senkichi wooden handle shovel round SWS-1
B004AJBAQ0,,,,
B0B4NRW2JB,,86.78,https://www.amazon.com.au/Good-Smile-Company-Shoooter-Nendoroid/dp/B0B4NRW2JB/ref=sr_1_202?dib=eyJ2IjoiMSJ9.NFI4lwloazngwz-OOUhUTrGAToX9mhLq0VBcuUehefWWaB5R5v9qFcMt-D1jfNSNvNw-ODlCfvf_aZBn-pGjOB1-Ttn-e3R6pF1CkEpjjyHf0796xitapLxUMolpaVKYf3dh8jljSTTzcWIrWGf717_ton13UdN1yTiKGikyfn4.occa8qy9I-Hw4DdUCiXVOIPjmTqEig_OmPkIgesfmv8&dib_tag=se&m=A504JA83FLAZB&marketplaceID=A39IBJ37TRP1C6&qid=1777068011&refinements=p_36%3A8500-9000&s=merchant-items&sr=1-202&xpid=w4rxqmlweGdei#customerReviews,Good Smile Company Black Rock Shoooter Dead Master Dawn Fall Nendoroid Action Figure
B0B2DGFC4Q,,88.38,https://www.amazon.com.au/16-Directions-Legend-Masters-Tsuruta/dp/B0B2DGFC4Q/ref=sr_1_203?dib=eyJ2IjoiMSJ9.NFI4lwloazngwz-OOUhUTrGAToX9mhLq0VBcuUehefWWaB5R5v9qFcMt-D1jfNSNvNw-ODlCfvf_aZBn-pGjOB1-Ttn-e3R6pF1CkEpjjyHf0796xitapLxUMolpaVKYf3dh8jljSTTzcWIrWGf717_ton13UdN1yTiKGikyfn4.occa8qy9I-Hw4DdUCiXVOIPjmTqEig_OmPkIgesfmv8&dib_tag=se&m=A504JA83FLAZB&marketplaceID=A39IBJ37TRP1C6&qid=1777068011&refinements=p_36%3A8500-9000&s=merchant-items&sr=1-203&xpid=w4rxqmlweGdei#customerReviews,16 Directions - 16D Coll Legend Masters 023 - Jumbo Tsuruta Vinyl Figure
B00510K0VS,,85.83,https://www.amazon.com.au/BX8412-Baseball-Round-Color-Black/dp/B00510K0VS/ref=sr_1_209?dib=eyJ2IjoiMSJ9.sQLdhgaPMaNePaS0wexb8zIL_3qmht-_8lUg0y2-7MAX6xoH6KO06kzowFk9S6l-gBIMbgs6cYq2QIuXFIFWzA.H6akwCDcn_8rwoDxEtrARXDGUzzpwxibvyAuFwP1u4o&dib_tag=se&m=A504JA83FLAZB&marketplaceID=A39IBJ37TRP1C6&qid=1777068017&refinements=p_36%3A8500-9000&s=merchant-items&sr=1-209&xpid=w4rxqmlweGdei,ユニックス(Unix) 野球 ボールケース 円形カラーボールケース BX841
B00510K0VS,,,,
B00APBL436,,91.06,https://www.amazon.com.au/Nendoroid-Insane-Black-Rock-Shooter/dp/B00APBL436/ref=sr_1_210?dib=eyJ2IjoiMSJ9.sQLdhgaPMaNePaS0wexb8zIL_3qmht-_8lUg0y2-7MAX6xoH6KO06kzowFk9S6l-gBIMbgs6cYq2QIuXFIFWzA.H6akwCDcn_8rwoDxEtrARXDGUzzpwxibvyAuFwP1u4o&dib_tag=se&m=A504JA83FLAZB&marketplaceID=A39IBJ37TRP1C6&qid=1777068017&refinements=p_36%3A8500-9000&s=merchant-items&sr=1-210&xpid=w4rxqmlweGdei#customerReviews,Nendoroid Insane Black Rock Shooter
B009O3X812,,89.04,https://www.amazon.com.au/Koken-9-5mm-Impact-double-13772-P/dp/B009O3X812/ref=sr_1_211?dib=eyJ2IjoiMSJ9.sQLdhgaPMaNePaS0wexb8zIL_3qmht-_8lUg0y2-7MAX6xoH6KO06kzowFk9S6l-gBIMbgs6cYq2QIuXFIFWzA.H6akwCDcn_8rwoDxEtrARXDGUzzpwxibvyAuFwP1u4o&dib_tag=se&m=A504JA83FLAZB&marketplaceID=A39IBJ37TRP1C6&qid=1777068017&refinements=p_36%3A8500-9000&s=merchant-items&sr=1-211&xpid=w4rxqmlweGdei#customerReviews,Koken 13772-P 3/8 (9.5 mm) SQ. Impact Double Joint
B009O3X812,,,,
B00762GZY0,,89.8,https://www.amazon.com.au/HS210/dp/B00762GZY0/ref=sr_1_212?dib=eyJ2IjoiMSJ9.sQLdhgaPMaNePaS0wexb8zIL_3qmht-_8lUg0y2-7MAX6xoH6KO06kzowFk9S6l-gBIMbgs6cYq2QIuXFIFWzA.H6akwCDcn_8rwoDxEtrARXDGUzzpwxibvyAuFwP1u4o&dib_tag=se&m=A504JA83FLAZB&marketplaceID=A39IBJ37TRP1C6&qid=1777068017&refinements=p_36%3A8500-9000&s=merchant-items&sr=1-212&xpid=w4rxqmlweGdei#customerReviews,TONE Socket Set (Hexagonal with Holder) HS210 Insertion Angle 0.25 inch (6.35 mm) (1/4 inch) Contents: 10 Pieces
B00762GZY0,,,,
B001LGWA3M,,85.39,https://www.amazon.com.au/50cm-Rigid-Stnls-Steel-Square/dp/B001LGWA3M/ref=sr_1_213?dib=eyJ2IjoiMSJ9.sQLdhgaPMaNePaS0wexb8zIL_3qmht-_8lUg0y2-7MAX6xoH6KO06kzowFk9S6l-gBIMbgs6cYq2QIuXFIFWzA.H6akwCDcn_8rwoDxEtrARXDGUzzpwxibvyAuFwP1u4o&dib_tag=se&m=A504JA83FLAZB&marketplaceID=A39IBJ37TRP1C6&qid=1777068017&refinements=p_36%3A8500-9000&s=merchant-items&sr=1-213&xpid=w4rxqmlweGdei,50cm Rigid Stnls Steel Square
B001LGWA3M,,,,
B007UMCTLE,,102.58,https://www.amazon.com.au/Tekkaman-Non-scale-Pre-painted-Movable-Imports/dp/B007UMCTLE/ref=sr_1_209?dib=eyJ2IjoiMSJ9.I49g8kBzna3D8dsizGNi29TMfkDH_BmjyA33w7zBaVsuF9a6PFmcZ3-AawLSbJMED8sx1-VolvvLrDm9HNwxjzOolwUwOuxyPRCu8rsWBGy0EHzJwmnOr_0Rym_kLEoqEqNVWPy3Lzo3XQ_nyLFMf4RkMruH-Zjq79ObxxR99kM.8i4R9WVim6wfWrFu1pVjdkIp-7ZI4BA_wgziMEbjoUE&dib_tag=se&m=A504JA83FLAZB&marketplaceID=A39IBJ37TRP1C6&qid=1777068017&refinements=p_36%3A8500-9000&s=merchant-items&sr=1-209&xpid=w4rxqmlweGdei#customerReviews,Tekkaman Blade Space Knight Tekkaman Evil Figma (Non-Scale PVC Pre-Painted Movable ABS & PVC) [Japan Imports] by Animewild
B09VXD5SNW,,87.61,https://www.amazon.com.au/Good-Smile-Company-Nijisanji-Nendoroid/dp/B09VXD5SNW/ref=sr_1_210?dib=eyJ2IjoiMSJ9.I49g8kBzna3D8dsizGNi29TMfkDH_BmjyA33w7zBaVsuF9a6PFmcZ3-AawLSbJMED8sx1-VolvvLrDm9HNwxjzOolwUwOuxyPRCu8rsWBGy0EHzJwmnOr_0Rym_kLEoqEqNVWPy3Lzo3XQ_nyLFMf4RkMruH-Zjq79ObxxR99kM.8i4R9WVim6wfWrFu1pVjdkIp-7ZI4BA_wgziMEbjoUE&dib_tag=se&m=A504JA83FLAZB&marketplaceID=A39IBJ37TRP1C6&qid=1777068017&refinements=p_36%3A8500-9000&s=merchant-items&sr=1-210&xpid=w4rxqmlweGdei#customerReviews,Good Smile Company - Nijisanji Sasaki Saku Nendoroid Action Figure
B0CK85BCZZ,,88.99,https://www.amazon.com.au/Good-Smile-Production-Rosenthal-Nendoroid/dp/B0CK85BCZZ/ref=sr_1_211?dib=eyJ2IjoiMSJ9.I49g8kBzna3D8dsizGNi29TMfkDH_BmjyA33w7zBaVsuF9a6PFmcZ3-AawLSbJMED8sx1-VolvvLrDm9HNwxjzOolwUwOuxyPRCu8rsWBGy0EHzJwmnOr_0Rym_kLEoqEqNVWPy3Lzo3XQ_nyLFMf4RkMruH-Zjq79ObxxR99kM.8i4R9WVim6wfWrFu1pVjdkIp-7ZI4BA_wgziMEbjoUE&dib_tag=se&m=A504JA83FLAZB&marketplaceID=A39IBJ37TRP1C6&qid=1777068017&refinements=p_36%3A8500-9000&s=merchant-items&sr=1-211&xpid=w4rxqmlweGdei#customerReviews,Good Smile - Hololive Production - AKI Rosenthal Nendoroid Af
B08292Q7L1,,88.52,https://www.amazon.com.au/Snow-Peak-Breeze-Ground-Sheet/dp/B08292Q7L1/ref=sr_1_212?dib=eyJ2IjoiMSJ9.I49g8kBzna3D8dsizGNi29TMfkDH_BmjyA33w7zBaVsuF9a6PFmcZ3-AawLSbJMED8sx1-VolvvLrDm9HNwxjzOolwUwOuxyPRCu8rsWBGy0EHzJwmnOr_0Rym_kLEoqEqNVWPy3Lzo3XQ_nyLFMf4RkMruH-Zjq79ObxxR99kM.8i4R9WVim6wfWrFu1pVjdkIp-7ZI4BA_wgziMEbjoUE&dib_tag=se&m=A504JA83FLAZB&marketplaceID=A39IBJ37TRP1C6&qid=1777068017&refinements=p_36%3A8500-9000&s=merchant-items&sr=1-212&xpid=w4rxqmlweGdei#customerReviews,Snow Peak Land Breeze Pro Ground Sheet
B08292Q7L1,,,,
B000MZGU7U,,88.26,https://www.amazon.com.au/FDESIGN-CFT-61-Midge-Bobbin-Holder/dp/B000MZGU7U/ref=sr_1_213?dib=eyJ2IjoiMSJ9.I49g8kBzna3D8dsizGNi29TMfkDH_BmjyA33w7zBaVsuF9a6PFmcZ3-AawLSbJMED8sx1-VolvvLrDm9HNwxjzOolwUwOuxyPRCu8rsWBGy0EHzJwmnOr_0Rym_kLEoqEqNVWPy3Lzo3XQ_nyLFMf4RkMruH-Zjq79ObxxR99kM.8i4R9WVim6wfWrFu1pVjdkIp-7ZI4BA_wgziMEbjoUE&dib_tag=se&m=A504JA83FLAZB&marketplaceID=A39IBJ37TRP1C6&qid=1777068017&refinements=p_36%3A8500-9000&s=merchant-items&sr=1-213&xpid=w4rxqmlweGdei,C&FDESIGN CFT-61 Midge Size Bobbin Holder
B000MZGU7U,,,,
B0CM2WXCZD,,85.49,https://www.amazon.com.au/Weiss-Schwarz-Premium-Booster-Macross/dp/B0CM2WXCZD/ref=sr_1_214?dib=eyJ2IjoiMSJ9.I49g8kBzna3D8dsizGNi29TMfkDH_BmjyA33w7zBaVsuF9a6PFmcZ3-AawLSbJMED8sx1-VolvvLrDm9HNwxjzOolwUwOuxyPRCu8rsWBGy0EHzJwmnOr_0Rym_kLEoqEqNVWPy3Lzo3XQ_nyLFMf4RkMruH-Zjq79ObxxR99kM.8i4R9WVim6wfWrFu1pVjdkIp-7ZI4BA_wgziMEbjoUE&dib_tag=se&m=A504JA83FLAZB&marketplaceID=A39IBJ37TRP1C6&qid=1777068017&refinements=p_36%3A8500-9000&s=merchant-items&sr=1-214&xpid=w4rxqmlweGdei#customerReviews,Weiss Schwarz Premium Booster Macross Δ Box
B08SPZNV1N,,89.59,https://www.amazon.com.au/Good-Smile-Company-Parade-Kasumi/dp/B08SPZNV1N/ref=sr_1_215?dib=eyJ2IjoiMSJ9.I49g8kBzna3D8dsizGNi29TMfkDH_BmjyA33w7zBaVsuF9a6PFmcZ3-AawLSbJMED8sx1-VolvvLrDm9HNwxjzOolwUwOuxyPRCu8rsWBGy0EHzJwmnOr_0Rym_kLEoqEqNVWPy3Lzo3XQ_nyLFMf4RkMruH-Zjq79ObxxR99kM.8i4R9WVim6wfWrFu1pVjdkIp-7ZI4BA_wgziMEbjoUE&dib_tag=se&m=A504JA83FLAZB&marketplaceID=A39IBJ37TRP1C6&qid=1777068017&refinements=p_36%3A8500-9000&s=merchant-items&sr=1-215&xpid=w4rxqmlweGdei#customerReviews,Good Smile Company - Bang Dream Girls Band POP UP Parade Kasumi TOYAMA
B08R3MP1N2,,86.33,https://www.amazon.com.au/Good-Smile-Company-Parade-White/dp/B08R3MP1N2/ref=sr_1_216?dib=eyJ2IjoiMSJ9.I49g8kBzna3D8dsizGNi29TMfkDH_BmjyA33w7zBaVsuF9a6PFmcZ3-AawLSbJMED8sx1-VolvvLrDm9HNwxjzOolwUwOuxyPRCu8rsWBGy0EHzJwmnOr_0Rym_kLEoqEqNVWPy3Lzo3XQ_nyLFMf4RkMruH-Zjq79ObxxR99kM.8i4R9WVim6wfWrFu1pVjdkIp-7ZI4BA_wgziMEbjoUE&dib_tag=se&m=A504JA83FLAZB&marketplaceID=A39IBJ37TRP1C6&qid=1777068017&refinements=p_36%3A8500-9000&s=merchant-items&sr=1-216&xpid=w4rxqmlweGdei#customerReviews,Good Smile Company - Kuma Kuma Kuma Bear POP UP Parade YUNA White Bear
B0034YZUNQ,,85.82,https://www.amazon.com.au/GYOKUCHO-721-Kobiki-Pruning-Saw/dp/B0034YZUNQ/ref=sr_1_217?dib=eyJ2IjoiMSJ9.I49g8kBzna3D8dsizGNi29TMfkDH_BmjyA33w7zBaVsuF9a6PFmcZ3-AawLSbJMED8sx1-VolvvLrDm9HNwxjzOolwUwOuxyPRCu8rsWBGy0EHzJwmnOr_0Rym_kLEoqEqNVWPy3Lzo3XQ_nyLFMf4RkMruH-Zjq79ObxxR99kM.8i4R9WVim6wfWrFu1pVjdkIp-7ZI4BA_wgziMEbjoUE&dib_tag=se&m=A504JA83FLAZB&marketplaceID=A39IBJ37TRP1C6&qid=1777068017&refinements=p_36%3A8500-9000&s=merchant-items&sr=1-217&xpid=w4rxqmlweGdei#customerReviews,Kobiki 330 Branch Saw
B0034YZUNQ,,,,
B010LAESDI,,88.2,https://www.amazon.com.au/Rubber-Zillions-enemy-Midsummer-basil/dp/B010LAESDI/ref=sr_1_218?dib=eyJ2IjoiMSJ9.I49g8kBzna3D8dsizGNi29TMfkDH_BmjyA33w7zBaVsuF9a6PFmcZ3-AawLSbJMED8sx1-VolvvLrDm9HNwxjzOolwUwOuxyPRCu8rsWBGy0EHzJwmnOr_0Rym_kLEoqEqNVWPy3Lzo3XQ_nyLFMf4RkMruH-Zjq79ObxxR99kM.8i4R9WVim6wfWrFu1pVjdkIp-7ZI4BA_wgziMEbjoUE&dib_tag=se&m=A504JA83FLAZB&marketplaceID=A39IBJ37TRP1C6&qid=1777068017&refinements=p_36%3A8500-9000&s=merchant-items&sr=1-218&xpid=w4rxqmlweGdei,"Rubber play mat Z / X -Zillions of enemy X- ""Midsummer buds basil"""
B005497FI2,,87.82,https://www.amazon.com.au/Gan-Craft-Jointed-zyointeddokuro-148-%C2%B0F-1/dp/B005497FI2/ref=sr_1_219?dib=eyJ2IjoiMSJ9.I49g8kBzna3D8dsizGNi29TMfkDH_BmjyA33w7zBaVsuF9a6PFmcZ3-AawLSbJMED8sx1-VolvvLrDm9HNwxjzOolwUwOuxyPRCu8rsWBGy0EHzJwmnOr_0Rym_kLEoqEqNVWPy3Lzo3XQ_nyLFMf4RkMruH-Zjq79ObxxR99kM.8i4R9WVim6wfWrFu1pVjdkIp-7ZI4BA_wgziMEbjoUE&dib_tag=se&m=A504JA83FLAZB&marketplaceID=A39IBJ37TRP1C6&qid=1777068017&refinements=p_36%3A8500-9000&s=merchant-items&sr=1-219&xpid=w4rxqmlweGdei#customerReviews,Guncraft Joint Claw 148 Modified GANCRAFT Jointed Claw
B005497FI2,,,,
B0CRKQCNJJ,,89.57,https://www.amazon.com.au/DAIWA-Tungsten-Jigs-Bait-Silver/dp/B0CRKQCNJJ/ref=sr_1_225?dib=eyJ2IjoiMSJ9.c6HHmb8I2JLODxREQ5NqTFe3XbySSBvfgB8tC7GkWS5sn6mE2LeDKqXQcRnhtMsnyGFM5sxvux0mLPdhlVCj7w.pdpsiz_QhXsUhiB3qin2VRC6qmyV8sf2O-ipGggMJOA&dib_tag=se&m=A504JA83FLAZB&marketplaceID=A39IBJ37TRP1C6&qid=1777068021&refinements=p_36%3A8500-9000&s=merchant-items&sr=1-225&xpid=w4rxqmlweGdei#customerReviews,"Daiwa 2024 2024 Tungsten Jig, TG Bait, 1.1-6.3 oz (30-180 g)"
B0CRKQCNJJ,,,,
B07THP7QMF,,88.77,https://www.amazon.com.au/Gyokucho-Blue-240mm-No-667-Japan/dp/B07THP7QMF/ref=sr_1_226?dib=eyJ2IjoiMSJ9.c6HHmb8I2JLODxREQ5NqTFe3XbySSBvfgB8tC7GkWS5sn6mE2LeDKqXQcRnhtMsnyGFM5sxvux0mLPdhlVCj7w.pdpsiz_QhXsUhiB3qin2VRC6qmyV8sf2O-ipGggMJOA&dib_tag=se&m=A504JA83FLAZB&marketplaceID=A39IBJ37TRP1C6&qid=1777068021&refinements=p_36%3A8500-9000&s=merchant-items&sr=1-226&xpid=w4rxqmlweGdei#customerReviews,Gyokucho Blue Bird 240mm TPE Grip No.667 (Japan import)
B07THP7QMF,,,,
B07TFDY73N,,89.38,https://www.amazon.com.au/Good-Smile-Nendoroid-Thymos/dp/B07TFDY73N/ref=sr_1_227?dib=eyJ2IjoiMSJ9.c6HHmb8I2JLODxREQ5NqTFe3XbySSBvfgB8tC7GkWS5sn6mE2LeDKqXQcRnhtMsnyGFM5sxvux0mLPdhlVCj7w.pdpsiz_QhXsUhiB3qin2VRC6qmyV8sf2O-ipGggMJOA&dib_tag=se&m=A504JA83FLAZB&marketplaceID=A39IBJ37TRP1C6&qid=1777068021&refinements=p_36%3A8500-9000&s=merchant-items&sr=1-227&xpid=w4rxqmlweGdei#customerReviews,"Good Smile Company Promare Galo Thymos Nendoroid Figure, Multicolor"
B07SRG124D,,85.22,https://www.amazon.com.au/Shimano-Cn-M8100-Chain-Unisex-Adult/dp/B07SRG124D/ref=sr_1_228?dib=eyJ2IjoiMSJ9.c6HHmb8I2JLODxREQ5NqTFe3XbySSBvfgB8tC7GkWS5sn6mE2LeDKqXQcRnhtMsnyGFM5sxvux0mLPdhlVCj7w.pdpsiz_QhXsUhiB3qin2VRC6qmyV8sf2O-ipGggMJOA&dib_tag=se&m=A504JA83FLAZB&marketplaceID=A39IBJ37TRP1C6&qid=1777068021&refinements=p_36%3A8500-9000&s=merchant-items&sr=1-228&xpid=w4rxqmlweGdei#customerReviews,Shimano M 8100 Gear Shift Chain Grey 12-Way
B07SRG124D,,,,
B01MXKIWS2,,88.61,https://www.amazon.com.au/Shimano-Spares-Unisexs-Y0B198010-Standard/dp/B01MXKIWS2/ref=sr_1_229?dib=eyJ2IjoiMSJ9.c6HHmb8I2JLODxREQ5NqTFe3XbySSBvfgB8tC7GkWS5sn6mE2LeDKqXQcRnhtMsnyGFM5sxvux0mLPdhlVCj7w.pdpsiz_QhXsUhiB3qin2VRC6qmyV8sf2O-ipGggMJOA&dib_tag=se&m=A504JA83FLAZB&marketplaceID=A39IBJ37TRP1C6&qid=1777068021&refinements=p_36%3A8500-9000&s=merchant-items&sr=1-229&xpid=w4rxqmlweGdei#customerReviews,"Shimano Unisex Adult Cierre Rápido Q.R. 9 x 133 mm Bicycle Components and Spare Parts, Multicoloured, One Size"
B01MXKIWS2,,,,
B07DCW82ZJ,,86.14,https://www.amazon.com.au/Smile-Kaguya-Nendoroid-Action-Figure/dp/B07DCW82ZJ/ref=sr_1_225?dib=eyJ2IjoiMSJ9.sziuqM8Bmd3TU2ssNY5-iwXBNgNAhWBSG4Uf9GLELtB_EqH6QPZ5F97THjqLehGnpc95Jmbq5OE2z_S11IgiwL3iSZooiIBDn16J3LM_B-vrsfAa7nYLlG29bD6jOXmFvf00IUC7x4tNeU3KrZNIgFAvMS-C5KhtRgTTuxDiSVQ.LA8jVVuUyfq-etYGo0l1sEJUzx7LokCjIDjZlW-F-pU&dib_tag=se&m=A504JA83FLAZB&marketplaceID=A39IBJ37TRP1C6&qid=1777068021&refinements=p_36%3A8500-9000&s=merchant-items&sr=1-225&xpid=w4rxqmlweGdei#customerReviews,Good Smile Kaguya Luna Nendoroid Action Figure
B07BGFXWDQ,,87.78,https://www.amazon.com.au/Hario-Metal-Dripper-Matte-VDM-02-MB/dp/B07BGFXWDQ/ref=sr_1_226?dib=eyJ2IjoiMSJ9.sziuqM8Bmd3TU2ssNY5-iwXBNgNAhWBSG4Uf9GLELtB_EqH6QPZ5F97THjqLehGnpc95Jmbq5OE2z_S11IgiwL3iSZooiIBDn16J3LM_B-vrsfAa7nYLlG29bD6jOXmFvf00IUC7x4tNeU3KrZNIgFAvMS-C5KhtRgTTuxDiSVQ.LA8jVVuUyfq-etYGo0l1sEJUzx7LokCjIDjZlW-F-pU&dib_tag=se&m=A504JA83FLAZB&marketplaceID=A39IBJ37TRP1C6&qid=1777068021&refinements=p_36%3A8500-9000&s=merchant-items&sr=1-226&xpid=w4rxqmlweGdei#customerReviews,"Hario V60 Metal Dripper V60, Matte Black, VDM-02-MB"
B07BGFXWDQ,,,,
B074HRJZWN,,86.16,https://www.amazon.com.au/Shimano-SHIMANO-Sephia-Porch-BK-248Q/dp/B074HRJZWN/ref=sr_1_227?dib=eyJ2IjoiMSJ9.sziuqM8Bmd3TU2ssNY5-iwXBNgNAhWBSG4Uf9GLELtB_EqH6QPZ5F97THjqLehGnpc95Jmbq5OE2z_S11IgiwL3iSZooiIBDn16J3LM_B-vrsfAa7nYLlG29bD6jOXmFvf00IUC7x4tNeU3KrZNIgFAvMS-C5KhtRgTTuxDiSVQ.LA8jVVuUyfq-etYGo0l1sEJUzx7LokCjIDjZlW-F-pU&dib_tag=se&m=A504JA83FLAZB&marketplaceID=A39IBJ37TRP1C6&qid=1777068021&refinements=p_36%3A8500-9000&s=merchant-items&sr=1-227&xpid=w4rxqmlweGdei#customerReviews,Shimano (SHIMANO) Sephia Boat Edge egi Porch Black BK-248Q
B074HRJZWN,,,,
B0719QVV2B,,89.38,https://www.amazon.com.au/Weiss-Schwarz-trial-deck-plus/dp/B0719QVV2B/ref=sr_1_228?dib=eyJ2IjoiMSJ9.sziuqM8Bmd3TU2ssNY5-iwXBNgNAhWBSG4Uf9GLELtB_EqH6QPZ5F97THjqLehGnpc95Jmbq5OE2z_S11IgiwL3iSZooiIBDn16J3LM_B-vrsfAa7nYLlG29bD6jOXmFvf00IUC7x4tNeU3KrZNIgFAvMS-C5KhtRgTTuxDiSVQ.LA8jVVuUyfq-etYGo0l1sEJUzx7LokCjIDjZlW-F-pU&dib_tag=se&m=A504JA83FLAZB&marketplaceID=A39IBJ37TRP1C6&qid=1777068021&refinements=p_36%3A8500-9000&s=merchant-items&sr=1-228&xpid=w4rxqmlweGdei#customerReviews,Weiss Schwarz trial deck + (plus) Re: A different world life starting from zero Japanese Ver.
B01NALFMRB,,89.27,https://www.amazon.com.au/Good-Smile-Sunshine-Sakurauchi-Nendoroid/dp/B01NALFMRB/ref=sr_1_229?dib=eyJ2IjoiMSJ9.sziuqM8Bmd3TU2ssNY5-iwXBNgNAhWBSG4Uf9GLELtB_EqH6QPZ5F97THjqLehGnpc95Jmbq5OE2z_S11IgiwL3iSZooiIBDn16J3LM_B-vrsfAa7nYLlG29bD6jOXmFvf00IUC7x4tNeU3KrZNIgFAvMS-C5KhtRgTTuxDiSVQ.LA8jVVuUyfq-etYGo0l1sEJUzx7LokCjIDjZlW-F-pU&dib_tag=se&m=A504JA83FLAZB&marketplaceID=A39IBJ37TRP1C6&qid=1777068021&refinements=p_36%3A8500-9000&s=merchant-items&sr=1-229&xpid=w4rxqmlweGdei#customerReviews,Good Smile Love Live! Sunshine!! Riko Sakurauchi Nendoroid Action Figure
B01BSKHH1K,,86.29,https://www.amazon.com.au/multi-function-adapter-stabilizer-OYAIDE-STB-EP/dp/B01BSKHH1K/ref=sr_1_230?dib=eyJ2IjoiMSJ9.sziuqM8Bmd3TU2ssNY5-iwXBNgNAhWBSG4Uf9GLELtB_EqH6QPZ5F97THjqLehGnpc95Jmbq5OE2z_S11IgiwL3iSZooiIBDn16J3LM_B-vrsfAa7nYLlG29bD6jOXmFvf00IUC7x4tNeU3KrZNIgFAvMS-C5KhtRgTTuxDiSVQ.LA8jVVuUyfq-etYGo0l1sEJUzx7LokCjIDjZlW-F-pU&dib_tag=se&m=A504JA83FLAZB&marketplaceID=A39IBJ37TRP1C6&qid=1777068021&refinements=p_36%3A8500-9000&s=merchant-items&sr=1-230&xpid=w4rxqmlweGdei#customerReviews,Oyaide STB-EP 45 Adapter and Stabilizer with Level
B01BSKHH1K,,,,
B015CFMGPE,,85.33,https://www.amazon.com.au/Good-Smile-Touken-Ranbu-Online/dp/B015CFMGPE/ref=sr_1_231?dib=eyJ2IjoiMSJ9.sziuqM8Bmd3TU2ssNY5-iwXBNgNAhWBSG4Uf9GLELtB_EqH6QPZ5F97THjqLehGnpc95Jmbq5OE2z_S11IgiwL3iSZooiIBDn16J3LM_B-vrsfAa7nYLlG29bD6jOXmFvf00IUC7x4tNeU3KrZNIgFAvMS-C5KhtRgTTuxDiSVQ.LA8jVVuUyfq-etYGo0l1sEJUzx7LokCjIDjZlW-F-pU&dib_tag=se&m=A504JA83FLAZB&marketplaceID=A39IBJ37TRP1C6&qid=1777068021&refinements=p_36%3A8500-9000&s=merchant-items&sr=1-231&xpid=w4rxqmlweGdei#customerReviews,Nendoroid Touken Ranbu - Online- Mikazuki Munechika Non-Scale ABS & PVC Painted Action Figure Resale
B00JJGSJE0,,87.06,https://www.amazon.com.au/Good-Smile-Kantai-Collection-Kancolle/dp/B00JJGSJE0/ref=sr_1_232?dib=eyJ2IjoiMSJ9.sziuqM8Bmd3TU2ssNY5-iwXBNgNAhWBSG4Uf9GLELtB_EqH6QPZ5F97THjqLehGnpc95Jmbq5OE2z_S11IgiwL3iSZooiIBDn16J3LM_B-vrsfAa7nYLlG29bD6jOXmFvf00IUC7x4tNeU3KrZNIgFAvMS-C5KhtRgTTuxDiSVQ.LA8jVVuUyfq-etYGo0l1sEJUzx7LokCjIDjZlW-F-pU&dib_tag=se&m=A504JA83FLAZB&marketplaceID=A39IBJ37TRP1C6&qid=1777068021&refinements=p_36%3A8500-9000&s=merchant-items&sr=1-232&xpid=w4rxqmlweGdei#customerReviews,Good Smile Kantai Collection: Kancolle: Akagi Figma Action Figure
B00GZ3VJ9W,,85.27,https://www.amazon.com.au/Shimano-BH90-Compatible-Black-ismbh90sblsl200/dp/B00GZ3VJ9W/ref=sr_1_233?dib=eyJ2IjoiMSJ9.sziuqM8Bmd3TU2ssNY5-iwXBNgNAhWBSG4Uf9GLELtB_EqH6QPZ5F97THjqLehGnpc95Jmbq5OE2z_S11IgiwL3iSZooiIBDn16J3LM_B-vrsfAa7nYLlG29bD6jOXmFvf00IUC7x4tNeU3KrZNIgFAvMS-C5KhtRgTTuxDiSVQ.LA8jVVuUyfq-etYGo0l1sEJUzx7LokCjIDjZlW-F-pU&dib_tag=se&m=A504JA83FLAZB&marketplaceID=A39IBJ37TRP1C6&qid=1777068021&refinements=p_36%3A8500-9000&s=merchant-items&sr=1-233&xpid=w4rxqmlweGdei#customerReviews,"Shimano FD BH90 Saint M820 2 m Hose, Black, 2 m"
B00GZ3VJ9W,,,,
B00FGL9QVW,,88.06,https://www.amazon.com.au/Good-Smile-Kantai-Collection-Shimakaze/dp/B00FGL9QVW/ref=sr_1_234?dib=eyJ2IjoiMSJ9.sziuqM8Bmd3TU2ssNY5-iwXBNgNAhWBSG4Uf9GLELtB_EqH6QPZ5F97THjqLehGnpc95Jmbq5OE2z_S11IgiwL3iSZooiIBDn16J3LM_B-vrsfAa7nYLlG29bD6jOXmFvf00IUC7x4tNeU3KrZNIgFAvMS-C5KhtRgTTuxDiSVQ.LA8jVVuUyfq-etYGo0l1sEJUzx7LokCjIDjZlW-F-pU&dib_tag=se&m=A504JA83FLAZB&marketplaceID=A39IBJ37TRP1C6&qid=1777068021&refinements=p_36%3A8500-9000&s=merchant-items&sr=1-234&xpid=w4rxqmlweGdei#customerReviews,Good Smile Kantai Collection: Kancolle Shimakaze Nendoroid Action Figure
B00BVVHW30,,86.11,https://www.amazon.com.au/Large-18-8-kitchen-bat-sealing/dp/B00BVVHW30/ref=sr_1_235?dib=eyJ2IjoiMSJ9.sziuqM8Bmd3TU2ssNY5-iwXBNgNAhWBSG4Uf9GLELtB_EqH6QPZ5F97THjqLehGnpc95Jmbq5OE2z_S11IgiwL3iSZooiIBDn16J3LM_B-vrsfAa7nYLlG29bD6jOXmFvf00IUC7x4tNeU3KrZNIgFAvMS-C5KhtRgTTuxDiSVQ.LA8jVVuUyfq-etYGo0l1sEJUzx7LokCjIDjZlW-F-pU&dib_tag=se&m=A504JA83FLAZB&marketplaceID=A39IBJ37TRP1C6&qid=1777068021&refinements=p_36%3A8500-9000&s=merchant-items&sr=1-235&xpid=w4rxqmlweGdei,"18-8 Kitchen Bat with Airtight Lid, Large, 12.4 x 8.7 x 30.3 inches (315 x 220"
B00BVVHW30,,,,
B009T3I7RC,,88.01,https://www.amazon.com.au/SHIMANO-Unisex-Install-Silver-Silver-Applicable/dp/B009T3I7RC/ref=sr_1_241?dib=eyJ2IjoiMSJ9.bu6ExUJoHOFe_LDHJlvr8n491ZLdxzK3s-D0EqRx6Belyo5-2B92VbGDSKttUvouBBYsDJ7TTv2JGxZJ6AvTIg.6MikDvxcvqLQA65K5NyUuZiVGSP_ut2QA6fnU8NiM3E&dib_tag=se&m=A504JA83FLAZB&marketplaceID=A39IBJ37TRP1C6&qid=1777068026&refinements=p_36%3A8500-9000&s=merchant-items&sr=1-241&xpid=w4rxqmlweGdei#customerReviews,SHIMANO TL-BB-12 Compression Bearing Assembly Tool
B009T3I7RC,,,,
B004HCULW4,,88.12,https://www.amazon.com.au/Backed-Incense-Sticks-Diameter-Certificate/dp/B004HCULW4/ref=sr_1_242?dib=eyJ2IjoiMSJ9.bu6ExUJoHOFe_LDHJlvr8n491ZLdxzK3s-D0EqRx6Belyo5-2B92VbGDSKttUvouBBYsDJ7TTv2JGxZJ6AvTIg.6MikDvxcvqLQA65K5NyUuZiVGSP_ut2QA6fnU8NiM3E&dib_tag=se&m=A504JA83FLAZB&marketplaceID=A39IBJ37TRP1C6&qid=1777068026&refinements=p_36%3A8500-9000&s=merchant-items&sr=1-242&xpid=w4rxqmlweGdei#customerReviews,Mr. Brand Backed by a small shop Incense Sticks Gold Medium (14.5?cm Tall x 8.1?cm Diameter)???Fire Do Not So Safe No Open Flame of the room Please Do Not Use [Mr. Shop issued With Certificate Papers]
B004HCULW4,,,,
B004ANXZ5U,,85.0,https://www.amazon.com.au/4962819014387-1438/dp/B004ANXZ5U/ref=sr_1_243?dib=eyJ2IjoiMSJ9.bu6ExUJoHOFe_LDHJlvr8n491ZLdxzK3s-D0EqRx6Belyo5-2B92VbGDSKttUvouBBYsDJ7TTv2JGxZJ6AvTIg.6MikDvxcvqLQA65K5NyUuZiVGSP_ut2QA6fnU8NiM3E&dib_tag=se&m=A504JA83FLAZB&marketplaceID=A39IBJ37TRP1C6&qid=1777068026&refinements=p_36%3A8500-9000&s=merchant-items&sr=1-243&xpid=w4rxqmlweGdei,1438
B004ANXZ5U,,,,
B0029DPHVI,,89.84,https://www.amazon.com.au/Glasses-Wrench-M5-15-16X1-F-4989433314495/dp/B0029DPHVI/ref=sr_1_244?dib=eyJ2IjoiMSJ9.bu6ExUJoHOFe_LDHJlvr8n491ZLdxzK3s-D0EqRx6Belyo5-2B92VbGDSKttUvouBBYsDJ7TTv2JGxZJ6AvTIg.6MikDvxcvqLQA65K5NyUuZiVGSP_ut2QA6fnU8NiM3E&dib_tag=se&m=A504JA83FLAZB&marketplaceID=A39IBJ37TRP1C6&qid=1777068026&refinements=p_36%3A8500-9000&s=merchant-items&sr=1-244&xpid=w4rxqmlweGdei#customerReviews,KTC Long Glasses Wrench M5-15 / 16X1-F 4989433314495
B0029DPHVI,,,,
B001L7QFE6,,87.14,https://www.amazon.com.au/HBH306/dp/B001L7QFE6/ref=sr_1_245?dib=eyJ2IjoiMSJ9.bu6ExUJoHOFe_LDHJlvr8n491ZLdxzK3s-D0EqRx6Belyo5-2B92VbGDSKttUvouBBYsDJ7TTv2JGxZJ6AvTIg.6MikDvxcvqLQA65K5NyUuZiVGSP_ut2QA6fnU8NiM3E&dib_tag=se&m=A504JA83FLAZB&marketplaceID=A39IBJ37TRP1C6&qid=1777068026&refinements=p_36%3A8500-9000&s=merchant-items&sr=1-245&xpid=w4rxqmlweGdei#customerReviews,"Tone HBH306 Ball Point Hexagon Socket Set (Holder Included) 0.37 inch (9.5 mm) Insertion Angle (3/8"") Contents: 6 Pieces"
B001L7QFE6,,,,
B00FAD9L7K,,86.79,https://www.amazon.com.au/ML-160BK-ML160BK/dp/B00FAD9L7K/ref=sr_1_241?dib=eyJ2IjoiMSJ9.3cWCbuJi_Y64qKW-r5p1COHRlD8ems2R4yu2V2061M0WKokQjZCUsUAOOL19JMI9WDcrC5nWO6rLfXBZMrzCIb73pxBTSBF9w39s1E2rPnBW_jsYbrrn0WcdqXStyAPwdl4W-zggt-ID1zmtsW_75gZbT1ku8pTs33oi-_lEPu8.cXWF-jfareVSqDELe37GAPw3jMBiz7f7r7XeTTzkrPc&dib_tag=se&m=A504JA83FLAZB&marketplaceID=A39IBJ37TRP1C6&qid=1777068026&refinements=p_36%3A8500-9000&s=merchant-items&sr=1-241&xpid=w4rxqmlweGdei#customerReviews,ML160BK
B00FAD9L7K,,,,
B005NL3OE0,,86.77,https://www.amazon.com.au/Daiwa-bisi-Big-100-824941/dp/B005NL3OE0/ref=sr_1_242?dib=eyJ2IjoiMSJ9.3cWCbuJi_Y64qKW-r5p1COHRlD8ems2R4yu2V2061M0WKokQjZCUsUAOOL19JMI9WDcrC5nWO6rLfXBZMrzCIb73pxBTSBF9w39s1E2rPnBW_jsYbrrn0WcdqXStyAPwdl4W-zggt-ID1zmtsW_75gZbT1ku8pTs33oi-_lEPu8.cXWF-jfareVSqDELe37GAPw3jMBiz7f7r7XeTTzkrPc&dib_tag=se&m=A504JA83FLAZB&marketplaceID=A39IBJ37TRP1C6&qid=1777068026&refinements=p_36%3A8500-9000&s=merchant-items&sr=1-242&xpid=w4rxqmlweGdei#customerReviews,Daiwa MD Bishi 2
B005NL3OE0,,,,
B003OQUULG,,88.74,https://www.amazon.com.au/Shining-Wind-Xecty-Swimsuit-Figure/dp/B003OQUULG/ref=sr_1_243?dib=eyJ2IjoiMSJ9.3cWCbuJi_Y64qKW-r5p1COHRlD8ems2R4yu2V2061M0WKokQjZCUsUAOOL19JMI9WDcrC5nWO6rLfXBZMrzCIb73pxBTSBF9w39s1E2rPnBW_jsYbrrn0WcdqXStyAPwdl4W-zggt-ID1zmtsW_75gZbT1ku8pTs33oi-_lEPu8.cXWF-jfareVSqDELe37GAPw3jMBiz7f7r7XeTTzkrPc&dib_tag=se&m=A504JA83FLAZB&marketplaceID=A39IBJ37TRP1C6&qid=1777068026&refinements=p_36%3A8500-9000&s=merchant-items&sr=1-243&xpid=w4rxqmlweGdei#customerReviews,Shining Wind: Xecty Swimsuit 1/7 Scale Figure
B0031M98Q6,,85.22,https://www.amazon.com.au/Vocaloid-Hatsune-Nendoroid-Petit-Songs/dp/B0031M98Q6/ref=sr_1_244?dib=eyJ2IjoiMSJ9.3cWCbuJi_Y64qKW-r5p1COHRlD8ems2R4yu2V2061M0WKokQjZCUsUAOOL19JMI9WDcrC5nWO6rLfXBZMrzCIb73pxBTSBF9w39s1E2rPnBW_jsYbrrn0WcdqXStyAPwdl4W-zggt-ID1zmtsW_75gZbT1ku8pTs33oi-_lEPu8.cXWF-jfareVSqDELe37GAPw3jMBiz7f7r7XeTTzkrPc&dib_tag=se&m=A504JA83FLAZB&marketplaceID=A39IBJ37TRP1C6&qid=1777068026&refinements=p_36%3A8500-9000&s=merchant-items&sr=1-244&xpid=w4rxqmlweGdei#customerReviews,Vocaloid - Hatsune Miku Nendoroid Petit Snow Songs Set (w/ CD)
B0017XFGEY,,89.4,https://www.amazon.com.au/LP-18-NICHIBAN-pack-Shinji-japan/dp/B0017XFGEY/ref=sr_1_245?dib=eyJ2IjoiMSJ9.3cWCbuJi_Y64qKW-r5p1COHRlD8ems2R4yu2V2061M0WKokQjZCUsUAOOL19JMI9WDcrC5nWO6rLfXBZMrzCIb73pxBTSBF9w39s1E2rPnBW_jsYbrrn0WcdqXStyAPwdl4W-zggt-ID1zmtsW_75gZbT1ku8pTs33oi-_lEPu8.cXWF-jfareVSqDELe37GAPw3jMBiz7f7r7XeTTzkrPc&dib_tag=se&m=A504JA83FLAZB&marketplaceID=A39IBJ37TRP1C6&qid=1777068026&refinements=p_36%3A8500-9000&s=merchant-items&sr=1-245&xpid=w4rxqmlweGdei#customerReviews,"Nichiban LP-18 Cello Tape, Large Rolls, El Pack, 12 Rolls, 0.7 inches (18 mm) x 11.8 ft (35 m)"
B0017XFGEY,,,,
B01ID3PO1U,,86.46,https://www.amazon.com.au/Shimano-Unisex-Bbr9100b-Parts-Standard/dp/B01ID3PO1U/ref=sr_1_246?dib=eyJ2IjoiMSJ9.3cWCbuJi_Y64qKW-r5p1COHRlD8ems2R4yu2V2061M0WKokQjZCUsUAOOL19JMI9WDcrC5nWO6rLfXBZMrzCIb73pxBTSBF9w39s1E2rPnBW_jsYbrrn0WcdqXStyAPwdl4W-zggt-ID1zmtsW_75gZbT1ku8pTs33oi-_lEPu8.cXWF-jfareVSqDELe37GAPw3jMBiz7f7r7XeTTzkrPc&dib_tag=se&m=A504JA83FLAZB&marketplaceID=A39IBJ37TRP1C6&qid=1777068026&refinements=p_36%3A8500-9000&s=merchant-items&sr=1-246&xpid=w4rxqmlweGdei#customerReviews,"SHIMANO Unisex Bbr9100b Bike Parts, Standard, One EU"
B01ID3PO1U,,,,
B078YPQ91K,,87.02,https://www.amazon.com.au/flounder-flathead-hairtail-yellowtail-qb100137a03n0/dp/B078YPQ91K/ref=sr_1_247?dib=eyJ2IjoiMSJ9.3cWCbuJi_Y64qKW-r5p1COHRlD8ems2R4yu2V2061M0WKokQjZCUsUAOOL19JMI9WDcrC5nWO6rLfXBZMrzCIb73pxBTSBF9w39s1E2rPnBW_jsYbrrn0WcdqXStyAPwdl4W-zggt-ID1zmtsW_75gZbT1ku8pTs33oi-_lEPu8.cXWF-jfareVSqDELe37GAPw3jMBiz7f7r7XeTTzkrPc&dib_tag=se&m=A504JA83FLAZB&marketplaceID=A39IBJ37TRP1C6&qid=1777068026&refinements=p_36%3A8500-9000&s=merchant-items&sr=1-247&xpid=w4rxqmlweGdei#customerReviews,orurudo 8pcs 0.70 oz-2.82 oz Jig Saltwater Fishing Lure Metal jigs Long Cast Jigging qb100137
B078YPQ91K,,,,
B06XRCQTPN,,87.35,https://www.amazon.com.au/Girls-Panzer-Film-Nishizumi-Nendoroid/dp/B06XRCQTPN/ref=sr_1_248?dib=eyJ2IjoiMSJ9.3cWCbuJi_Y64qKW-r5p1COHRlD8ems2R4yu2V2061M0WKokQjZCUsUAOOL19JMI9WDcrC5nWO6rLfXBZMrzCIb73pxBTSBF9w39s1E2rPnBW_jsYbrrn0WcdqXStyAPwdl4W-zggt-ID1zmtsW_75gZbT1ku8pTs33oi-_lEPu8.cXWF-jfareVSqDELe37GAPw3jMBiz7f7r7XeTTzkrPc&dib_tag=se&m=A504JA83FLAZB&marketplaceID=A39IBJ37TRP1C6&qid=1777068026&refinements=p_36%3A8500-9000&s=merchant-items&sr=1-248&xpid=w4rxqmlweGdei#customerReviews,Girls und Panzer der Film: Miho Nishizumi Nendoroid PVC Figure
B00IGMJRW6,,87.33,https://www.amazon.com.au/Mount-betting-LotterySuper-freebie-Super/dp/B00IGMJRW6/ref=sr_1_249?dib=eyJ2IjoiMSJ9.3cWCbuJi_Y64qKW-r5p1COHRlD8ems2R4yu2V2061M0WKokQjZCUsUAOOL19JMI9WDcrC5nWO6rLfXBZMrzCIb73pxBTSBF9w39s1E2rPnBW_jsYbrrn0WcdqXStyAPwdl4W-zggt-ID1zmtsW_75gZbT1ku8pTs33oi-_lEPu8.cXWF-jfareVSqDELe37GAPw3jMBiz7f7r7XeTTzkrPc&dib_tag=se&m=A504JA83FLAZB&marketplaceID=A39IBJ37TRP1C6&qid=1777068026&refinements=p_36%3A8500-9000&s=merchant-items&sr=1-249&xpid=w4rxqmlweGdei,[Mount betting LotterySuper Bowl our freebie 100 + 10 w (Super Bowl betting)
B00IGMJRW6,,,,
B00F82K276,,85.84,https://www.amazon.com.au/J-N-R-Train-Coloured-Pencil-colours/dp/B00F82K276/ref=sr_1_250?dib=eyJ2IjoiMSJ9.3cWCbuJi_Y64qKW-r5p1COHRlD8ems2R4yu2V2061M0WKokQjZCUsUAOOL19JMI9WDcrC5nWO6rLfXBZMrzCIb73pxBTSBF9w39s1E2rPnBW_jsYbrrn0WcdqXStyAPwdl4W-zggt-ID1zmtsW_75gZbT1ku8pTs33oi-_lEPu8.cXWF-jfareVSqDELe37GAPw3jMBiz7f7r7XeTTzkrPc&dib_tag=se&m=A504JA83FLAZB&marketplaceID=A39IBJ37TRP1C6&qid=1777068026&refinements=p_36%3A8500-9000&s=merchant-items&sr=1-250&xpid=w4rxqmlweGdei,J.N.R. Train Coloured Pencil (24 colours)
B00F82K276,,,,
B005KPCNQY,,89.4,https://www.amazon.com.au/Namura-SK-stars-No-5-japan-import/dp/B005KPCNQY/ref=sr_1_251?dib=eyJ2IjoiMSJ9.3cWCbuJi_Y64qKW-r5p1COHRlD8ems2R4yu2V2061M0WKokQjZCUsUAOOL19JMI9WDcrC5nWO6rLfXBZMrzCIb73pxBTSBF9w39s1E2rPnBW_jsYbrrn0WcdqXStyAPwdl4W-zggt-ID1zmtsW_75gZbT1ku8pTs33oi-_lEPu8.cXWF-jfareVSqDELe37GAPw3jMBiz7f7r7XeTTzkrPc&dib_tag=se&m=A504JA83FLAZB&marketplaceID=A39IBJ37TRP1C6&qid=1777068026&refinements=p_36%3A8500-9000&s=merchant-items&sr=1-251&xpid=w4rxqmlweGdei,Namura SK.stars No.5 (japan import)
B005KPCNQY,,,,
B0000BHKQ3,,85.42,https://www.amazon.com.au/Harvest-Songs-Takako-Matsu/dp/B0000BHKQ3/ref=sr_1_257?dib=eyJ2IjoiMSJ9.-JeNMo9utPbyXnb_eDDxJRJMnCWYlpj4Cok-0rs-BFs_x03nCP8f0JAfL0wUg60BUHo4i5iBTxN9qCn3XWE-eA.-IHq2yIYurE4uzrovCcbosy0fS4Y0W900B8h3OQtMF4&dib_tag=se&m=A504JA83FLAZB&marketplaceID=A39IBJ37TRP1C6&qid=1777068031&refinements=p_36%3A8500-9000&s=merchant-items&sr=1-257&xpid=w4rxqmlweGdei#customerReviews,Harvest Songs
B01MZHXOK5,,87.05,https://www.amazon.com.au/Good-Smile-Company-Nendoroid-Hanamaru/dp/B01MZHXOK5/ref=sr_1_258?dib=eyJ2IjoiMSJ9.-JeNMo9utPbyXnb_eDDxJRJMnCWYlpj4Cok-0rs-BFs_x03nCP8f0JAfL0wUg60BUHo4i5iBTxN9qCn3XWE-eA.-IHq2yIYurE4uzrovCcbosy0fS4Y0W900B8h3OQtMF4&dib_tag=se&m=A504JA83FLAZB&marketplaceID=A39IBJ37TRP1C6&qid=1777068031&refinements=p_36%3A8500-9000&s=merchant-items&sr=1-258&xpid=w4rxqmlweGdei#customerReviews,Good Smile Company Touken Ranbu -Hanamaru Nendoroid Co-de: Kashu Kiyomitsu -Hanamaru- Uchiban Co-De Figure
B081SYGT3Q,,89.91,https://www.amazon.com.au/IBANEZ-4450SX-Fret-Small-Frets/dp/B081SYGT3Q/ref=sr_1_259?dib=eyJ2IjoiMSJ9.-JeNMo9utPbyXnb_eDDxJRJMnCWYlpj4Cok-0rs-BFs_x03nCP8f0JAfL0wUg60BUHo4i5iBTxN9qCn3XWE-eA.-IHq2yIYurE4uzrovCcbosy0fS4Y0W900B8h3OQtMF4&dib_tag=se&m=A504JA83FLAZB&marketplaceID=A39IBJ37TRP1C6&qid=1777068031&refinements=p_36%3A8500-9000&s=merchant-items&sr=1-259&xpid=w4rxqmlweGdei#customerReviews,IBANEZ 4450SX Fret File Set for Small Frets
B081SYGT3Q,,,,
B07DLLBFF2,,89.71,https://www.amazon.com.au/Shimano-105-FDR7000FS-Standard-11-Speed/dp/B07DLLBFF2/ref=sr_1_260?dib=eyJ2IjoiMSJ9.-JeNMo9utPbyXnb_eDDxJRJMnCWYlpj4Cok-0rs-BFs_x03nCP8f0JAfL0wUg60BUHo4i5iBTxN9qCn3XWE-eA.-IHq2yIYurE4uzrovCcbosy0fS4Y0W900B8h3OQtMF4&dib_tag=se&m=A504JA83FLAZB&marketplaceID=A39IBJ37TRP1C6&qid=1777068031&refinements=p_36%3A8500-9000&s=merchant-items&sr=1-260&xpid=w4rxqmlweGdei#customerReviews,SHIMANO 105 R7000 Braze-On Front Mech
B07DLLBFF2,,,,
B01L06XXEC,,85.54,https://www.amazon.com.au/Shimano-Shift-Polymer-Coating-Y63Z98980/dp/B01L06XXEC/ref=sr_1_261?dib=eyJ2IjoiMSJ9.-JeNMo9utPbyXnb_eDDxJRJMnCWYlpj4Cok-0rs-BFs_x03nCP8f0JAfL0wUg60BUHo4i5iBTxN9qCn3XWE-eA.-IHq2yIYurE4uzrovCcbosy0fS4Y0W900B8h3OQtMF4&dib_tag=se&m=A504JA83FLAZB&marketplaceID=A39IBJ37TRP1C6&qid=1777068031&refinements=p_36%3A8500-9000&s=merchant-items&sr=1-261&xpid=w4rxqmlweGdei#customerReviews,Shimano Shift Cable Set Polymer Coating 9000 Y63Z98980
B01L06XXEC,,,,
B0029DP6R8,,85.16,https://www.amazon.com.au/Craft-Bowl-Kanna-plane-24mm/dp/B0029DP6R8/ref=sr_1_257?dib=eyJ2IjoiMSJ9.obk1ZuRmUvpxoAeqZVRoSorpDtYWes6nQ0Db53B0V-gPOn-EewhUbj7Jo6fefc-YAhJb7fUoO_pdsnuo8315RByb7cUIiR0E7gTwfW_l-fcMUWBcj06n1RN_61Mp46KxxXm1pjPAzTFInk9uW5zktyA8eq__VgvlJ5D5YQxbCLM.it7Rs5Mrc3-xFVPDPsJfQnunCgb_eeapjnc-L_NaFfs&dib_tag=se&m=A504JA83FLAZB&marketplaceID=A39IBJ37TRP1C6&qid=1777068031&refinements=p_36%3A8500-9000&s=merchant-items&sr=1-257&xpid=w4rxqmlweGdei,Craft Bowl Kanna plane 24mm
B0029DP6R8,,,,
B09DG6XCM6,,102.37,https://www.amazon.com.au/Good-Smile-Company-Chinese-Nendoroid/dp/B09DG6XCM6/ref=sr_1_258?dib=eyJ2IjoiMSJ9.obk1ZuRmUvpxoAeqZVRoSorpDtYWes6nQ0Db53B0V-gPOn-EewhUbj7Jo6fefc-YAhJb7fUoO_pdsnuo8315RByb7cUIiR0E7gTwfW_l-fcMUWBcj06n1RN_61Mp46KxxXm1pjPAzTFInk9uW5zktyA8eq__VgvlJ5D5YQxbCLM.it7Rs5Mrc3-xFVPDPsJfQnunCgb_eeapjnc-L_NaFfs&dib_tag=se&m=A504JA83FLAZB&marketplaceID=A39IBJ37TRP1C6&qid=1777068031&refinements=p_36%3A8500-9000&s=merchant-items&sr=1-258&xpid=w4rxqmlweGdei#customerReviews,Chinese Paladin: Sword and Fairy: Anu Nendoroid Action Figure
B01KLK6L24,,85.79,https://www.amazon.com.au/Picus-%E3%82%89%E3%81%8F%E3%82%89%E3%81%8F%E3%83%98%E3%83%AB%E3%83%91%E3%83%BC-%E3%83%8F%E3%82%A4%E3%83%91%E3%83%BC%E3%82%BB%E3%83%83%E3%83%88-HP-500N-%E3%83%AA%E3%83%95%E3%82%BF%E3%83%BC%E3%83%BB%E5%8F%B0%E8%BB%8A%E3%83%BB%E3%81%A6%E3%81%93%E3%83%99%E3%83%BC%E3%82%B9%E3%82%BB%E3%83%83%E3%83%88/dp/B01KLK6L24/ref=sr_1_259?dib=eyJ2IjoiMSJ9.obk1ZuRmUvpxoAeqZVRoSorpDtYWes6nQ0Db53B0V-gPOn-EewhUbj7Jo6fefc-YAhJb7fUoO_pdsnuo8315RByb7cUIiR0E7gTwfW_l-fcMUWBcj06n1RN_61Mp46KxxXm1pjPAzTFInk9uW5zktyA8eq__VgvlJ5D5YQxbCLM.it7Rs5Mrc3-xFVPDPsJfQnunCgb_eeapjnc-L_NaFfs&dib_tag=se&m=A504JA83FLAZB&marketplaceID=A39IBJ37TRP1C6&qid=1777068031&refinements=p_36%3A8500-9000&s=merchant-items&sr=1-259&xpid=w4rxqmlweGdei,Picus らくらくヘルパー ハイパーセット HP-500N リフター・台車・てこベースセット
B01KLK6L24,,,,
B01HPJM2XQ,,86.4,https://www.amazon.com.au/Furyu-Altria-Pendragon-Servant-Action/dp/B01HPJM2XQ/ref=sr_1_260?dib=eyJ2IjoiMSJ9.obk1ZuRmUvpxoAeqZVRoSorpDtYWes6nQ0Db53B0V-gPOn-EewhUbj7Jo6fefc-YAhJb7fUoO_pdsnuo8315RByb7cUIiR0E7gTwfW_l-fcMUWBcj06n1RN_61Mp46KxxXm1pjPAzTFInk9uW5zktyA8eq__VgvlJ5D5YQxbCLM.it7Rs5Mrc3-xFVPDPsJfQnunCgb_eeapjnc-L_NaFfs&dib_tag=se&m=A504JA83FLAZB&marketplaceID=A39IBJ37TRP1C6&qid=1777068031&refinements=p_36%3A8500-9000&s=merchant-items&sr=1-260&xpid=w4rxqmlweGdei,"Furyu Fate/Grand Order Saber Altria Pendragon Servant Action Figure, 7"""
B01G50RBUU,,87.65,https://www.amazon.com.au/Goodsmile-11634258929980cm-Nendoroid-Kogane-Asabuki/dp/B01G50RBUU/ref=sr_1_261?dib=eyJ2IjoiMSJ9.obk1ZuRmUvpxoAeqZVRoSorpDtYWes6nQ0Db53B0V-gPOn-EewhUbj7Jo6fefc-YAhJb7fUoO_pdsnuo8315RByb7cUIiR0E7gTwfW_l-fcMUWBcj06n1RN_61Mp46KxxXm1pjPAzTFInk9uW5zktyA8eq__VgvlJ5D5YQxbCLM.it7Rs5Mrc3-xFVPDPsJfQnunCgb_eeapjnc-L_NaFfs&dib_tag=se&m=A504JA83FLAZB&marketplaceID=A39IBJ37TRP1C6&qid=1777068031&refinements=p_36%3A8500-9000&s=merchant-items&sr=1-261&xpid=w4rxqmlweGdei#customerReviews,Good Smile BBK/BRNK Kogane Asabuki & Migite-Chan Nendoroid Action Figure
B01D8CP9B6,,88.54,https://www.amazon.com.au/Shimano-R3000-GS-Medium-Derailleur-Black/dp/B01D8CP9B6/ref=sr_1_262?dib=eyJ2IjoiMSJ9.obk1ZuRmUvpxoAeqZVRoSorpDtYWes6nQ0Db53B0V-gPOn-EewhUbj7Jo6fefc-YAhJb7fUoO_pdsnuo8315RByb7cUIiR0E7gTwfW_l-fcMUWBcj06n1RN_61Mp46KxxXm1pjPAzTFInk9uW5zktyA8eq__VgvlJ5D5YQxbCLM.it7Rs5Mrc3-xFVPDPsJfQnunCgb_eeapjnc-L_NaFfs&dib_tag=se&m=A504JA83FLAZB&marketplaceID=A39IBJ37TRP1C6&qid=1777068031&refinements=p_36%3A8500-9000&s=merchant-items&sr=1-262&xpid=w4rxqmlweGdei#customerReviews,SHIMANO Sora 9-Speed Road Bicycle Rear Derailleur - RD-R3000-GS
B01D8CP9B6,,,,
B01AHRGSZG,,89.59,https://www.amazon.com.au/Good-Smile-Millennium-War-Aigis/dp/B01AHRGSZG/ref=sr_1_263?dib=eyJ2IjoiMSJ9.obk1ZuRmUvpxoAeqZVRoSorpDtYWes6nQ0Db53B0V-gPOn-EewhUbj7Jo6fefc-YAhJb7fUoO_pdsnuo8315RByb7cUIiR0E7gTwfW_l-fcMUWBcj06n1RN_61Mp46KxxXm1pjPAzTFInk9uW5zktyA8eq__VgvlJ5D5YQxbCLM.it7Rs5Mrc3-xFVPDPsJfQnunCgb_eeapjnc-L_NaFfs&dib_tag=se&m=A504JA83FLAZB&marketplaceID=A39IBJ37TRP1C6&qid=1777068031&refinements=p_36%3A8500-9000&s=merchant-items&sr=1-263&xpid=w4rxqmlweGdei#customerReviews,Good Smile Millennium War Aigis: Sybilla Nendoroid Action Figure
B01856VBIU,,88.94,https://www.amazon.com.au/Good-Smile-Kancolle-Nendoroid-Animation/dp/B01856VBIU/ref=sr_1_264?dib=eyJ2IjoiMSJ9.obk1ZuRmUvpxoAeqZVRoSorpDtYWes6nQ0Db53B0V-gPOn-EewhUbj7Jo6fefc-YAhJb7fUoO_pdsnuo8315RByb7cUIiR0E7gTwfW_l-fcMUWBcj06n1RN_61Mp46KxxXm1pjPAzTFInk9uW5zktyA8eq__VgvlJ5D5YQxbCLM.it7Rs5Mrc3-xFVPDPsJfQnunCgb_eeapjnc-L_NaFfs&dib_tag=se&m=A504JA83FLAZB&marketplaceID=A39IBJ37TRP1C6&qid=1777068031&refinements=p_36%3A8500-9000&s=merchant-items&sr=1-264&xpid=w4rxqmlweGdei#customerReviews,Good Smile Kancolle: Fubuki Nendoroid (Animation Version)
B01856VBIU,,,,
B011TX99WG,,87.05,https://www.amazon.com.au/Kurashiki-design-plan-enamel-lunch/dp/B011TX99WG/ref=sr_1_265?dib=eyJ2IjoiMSJ9.obk1ZuRmUvpxoAeqZVRoSorpDtYWes6nQ0Db53B0V-gPOn-EewhUbj7Jo6fefc-YAhJb7fUoO_pdsnuo8315RByb7cUIiR0E7gTwfW_l-fcMUWBcj06n1RN_61Mp46KxxXm1pjPAzTFInk9uW5zktyA8eq__VgvlJ5D5YQxbCLM.it7Rs5Mrc3-xFVPDPsJfQnunCgb_eeapjnc-L_NaFfs&dib_tag=se&m=A504JA83FLAZB&marketplaceID=A39IBJ37TRP1C6&qid=1777068031&refinements=p_36%3A8500-9000&s=merchant-items&sr=1-265&xpid=w4rxqmlweGdei,Kurashiki design plan room enamel lunch box
B011TX99WG,,,,
B00GICD2EA,,88.43,https://www.amazon.com.au/Good-Smile-Infinite-Stratos-Swimsuit/dp/B00GICD2EA/ref=sr_1_266?dib=eyJ2IjoiMSJ9.obk1ZuRmUvpxoAeqZVRoSorpDtYWes6nQ0Db53B0V-gPOn-EewhUbj7Jo6fefc-YAhJb7fUoO_pdsnuo8315RByb7cUIiR0E7gTwfW_l-fcMUWBcj06n1RN_61Mp46KxxXm1pjPAzTFInk9uW5zktyA8eq__VgvlJ5D5YQxbCLM.it7Rs5Mrc3-xFVPDPsJfQnunCgb_eeapjnc-L_NaFfs&dib_tag=se&m=A504JA83FLAZB&marketplaceID=A39IBJ37TRP1C6&qid=1777068031&refinements=p_36%3A8500-9000&s=merchant-items&sr=1-266&xpid=w4rxqmlweGdei#customerReviews,Good Smile Infinite Stratos: Swimsuit Version Cecilia PVC Figure
B00FGL9QVM,,87.67,https://www.amazon.com.au/Good-Smile-Vividred-Operation-Palette/dp/B00FGL9QVM/ref=sr_1_267?dib=eyJ2IjoiMSJ9.obk1ZuRmUvpxoAeqZVRoSorpDtYWes6nQ0Db53B0V-gPOn-EewhUbj7Jo6fefc-YAhJb7fUoO_pdsnuo8315RByb7cUIiR0E7gTwfW_l-fcMUWBcj06n1RN_61Mp46KxxXm1pjPAzTFInk9uW5zktyA8eq__VgvlJ5D5YQxbCLM.it7Rs5Mrc3-xFVPDPsJfQnunCgb_eeapjnc-L_NaFfs&dib_tag=se&m=A504JA83FLAZB&marketplaceID=A39IBJ37TRP1C6&qid=1777068031&refinements=p_36%3A8500-9000&s=merchant-items&sr=1-267&xpid=w4rxqmlweGdei#customerReviews,Good Smile Vividred Operation: Palette Suit Version Akane Figma Action Figure
B00EF9GFVU,,85.13,https://www.amazon.com.au/Hasegawa-VF-1A-Valkyrie-clear-version/dp/B00EF9GFVU/ref=sr_1_273?dib=eyJ2IjoiMSJ9.ZYbCfSJiNDhy7MxyrRJxFwwAEEY2IQbl5GPXaBUYMgVMBkmLnznbCcRFz9b9dANp_mVRaQcY_AzlRYc8thRVwQ.l9pGPDEKuFX-z_Gab0B5yKRl1ZIIRUnNq79XHu58aLM&dib_tag=se&m=A504JA83FLAZB&marketplaceID=A39IBJ37TRP1C6&qid=1777068036&refinements=p_36%3A8500-9000&s=merchant-items&sr=1-273&xpid=w4rxqmlweGdei,Hasegawa VF-1A Valkyrie 1/72 clear color version
B00EF9GFVU,,,,
B00E0UCJIW,,89.61,https://www.amazon.com.au/Shimano-Dreams-Lovely-Turbine-Handle/dp/B00E0UCJIW/ref=sr_1_274?dib=eyJ2IjoiMSJ9.ZYbCfSJiNDhy7MxyrRJxFwwAEEY2IQbl5GPXaBUYMgVMBkmLnznbCcRFz9b9dANp_mVRaQcY_AzlRYc8thRVwQ.l9pGPDEKuFX-z_Gab0B5yKRl1ZIIRUnNq79XHu58aLM&dib_tag=se&m=A504JA83FLAZB&marketplaceID=A39IBJ37TRP1C6&qid=1777068036&refinements=p_36%3A8500-9000&s=merchant-items&sr=1-274&xpid=w4rxqmlweGdei#customerReviews,Shimano Reel Dreams Lovely Satin Fur Rhino Small???Turbine Handle 51?mm EVA Knob Right 31976?
B00E0UCJIW,,,,
B00CSJYW5U,,89.8,https://www.amazon.com.au/Good-Smile-Muv-Luv-Alternative-Barchenowa/dp/B00CSJYW5U/ref=sr_1_275?dib=eyJ2IjoiMSJ9.ZYbCfSJiNDhy7MxyrRJxFwwAEEY2IQbl5GPXaBUYMgVMBkmLnznbCcRFz9b9dANp_mVRaQcY_AzlRYc8thRVwQ.l9pGPDEKuFX-z_Gab0B5yKRl1ZIIRUnNq79XHu58aLM&dib_tag=se&m=A504JA83FLAZB&marketplaceID=A39IBJ37TRP1C6&qid=1777068036&refinements=p_36%3A8500-9000&s=merchant-items&sr=1-275&xpid=w4rxqmlweGdei#customerReviews,Good Smile Muv-Luv Alternative: Total Eclipse: Cryska Barchenowa Nendoroid Action Figure
B004SCZXJ4,,88.51,https://www.amazon.com.au/TC32/dp/B004SCZXJ4/ref=sr_1_276?dib=eyJ2IjoiMSJ9.ZYbCfSJiNDhy7MxyrRJxFwwAEEY2IQbl5GPXaBUYMgVMBkmLnznbCcRFz9b9dANp_mVRaQcY_AzlRYc8thRVwQ.l9pGPDEKuFX-z_Gab0B5yKRl1ZIIRUnNq79XHu58aLM&dib_tag=se&m=A504JA83FLAZB&marketplaceID=A39IBJ37TRP1C6&qid=1777068036&refinements=p_36%3A8500-9000&s=merchant-items&sr=1-276&xpid=w4rxqmlweGdei#customerReviews,TC32
B004SCZXJ4,,,,
B002NAUE5Q,,86.96,https://www.amazon.com.au/Brush-white-hair-sword-Senkichi/dp/B002NAUE5Q/ref=sr_1_277?dib=eyJ2IjoiMSJ9.ZYbCfSJiNDhy7MxyrRJxFwwAEEY2IQbl5GPXaBUYMgVMBkmLnznbCcRFz9b9dANp_mVRaQcY_AzlRYc8thRVwQ.l9pGPDEKuFX-z_Gab0B5yKRl1ZIIRUnNq79XHu58aLM&dib_tag=se&m=A504JA83FLAZB&marketplaceID=A39IBJ37TRP1C6&qid=1777068036&refinements=p_36%3A8500-9000&s=merchant-items&sr=1-277&xpid=w4rxqmlweGdei,Brush white hair sword type for Senkichi tile
B002NAUE5Q,,,,
B001L7VDCU,,87.96,https://www.amazon.com.au/HH406/dp/B001L7VDCU/ref=sr_1_273?dib=eyJ2IjoiMSJ9.cB3RJ3fjadq-MubD4gS5JrOj35h3x13H2DJQTfCwEzc4-vXOgA9-jzSUviBwthv77PaZdfSd-2RVYvmCebtCyKyWRYOjkldiwzogfnhZUr29l0td--bbofZgBqFqNcNx6LzauEzNmXY9LiD3PQ7njF5HoeGD284mwwCYiG6gv4Y.Ma6PdPU2xt-bFyqQzaZmI1vKmeaV0KBYTk7_LkkkHRk&dib_tag=se&m=A504JA83FLAZB&marketplaceID=A39IBJ37TRP1C6&qid=1777068036&refinements=p_36%3A8500-9000&s=merchant-items&sr=1-273&xpid=w4rxqmlweGdei#customerReviews,"Tone HH406 Hexagon Socket Set (With Holder), Insertion Angle 0.5 inches (12.7 mm) (1/2"") Contents: 6 Pieces"
B001L7VDCU,,,,
B001EQFJUU,,86.23,https://www.amazon.com.au/Nepros-14mm-Short-Combination-Wrench/dp/B001EQFJUU/ref=sr_1_274?dib=eyJ2IjoiMSJ9.cB3RJ3fjadq-MubD4gS5JrOj35h3x13H2DJQTfCwEzc4-vXOgA9-jzSUviBwthv77PaZdfSd-2RVYvmCebtCyKyWRYOjkldiwzogfnhZUr29l0td--bbofZgBqFqNcNx6LzauEzNmXY9LiD3PQ7njF5HoeGD284mwwCYiG6gv4Y.Ma6PdPU2xt-bFyqQzaZmI1vKmeaV0KBYTk7_LkkkHRk&dib_tag=se&m=A504JA83FLAZB&marketplaceID=A39IBJ37TRP1C6&qid=1777068036&refinements=p_36%3A8500-9000&s=merchant-items&sr=1-274&xpid=w4rxqmlweGdei#customerReviews,Nepros 14mm Short Combination Wrench
B001EQFJUU,,,,
B000FPWBNE,,89.59,https://www.amazon.com.au/Metal-Gear-Solid-Bande-Dessinee/dp/B000FPWBNE/ref=sr_1_275?dib=eyJ2IjoiMSJ9.cB3RJ3fjadq-MubD4gS5JrOj35h3x13H2DJQTfCwEzc4-vXOgA9-jzSUviBwthv77PaZdfSd-2RVYvmCebtCyKyWRYOjkldiwzogfnhZUr29l0td--bbofZgBqFqNcNx6LzauEzNmXY9LiD3PQ7njF5HoeGD284mwwCYiG6gv4Y.Ma6PdPU2xt-bFyqQzaZmI1vKmeaV0KBYTk7_LkkkHRk&dib_tag=se&m=A504JA83FLAZB&marketplaceID=A39IBJ37TRP1C6&qid=1777068036&refinements=p_36%3A8500-9000&s=merchant-items&sr=1-275&xpid=w4rxqmlweGdei#customerReviews,Metal Gear Solid: Bande Dessinee [Japan Import]
B000FPWBNE,,,,
B07N8CVFXJ,,85.59,https://www.amazon.com.au/Good-Smile-G90706-Nendoroid-Thor/dp/B07N8CVFXJ/ref=sr_1_276?dib=eyJ2IjoiMSJ9.cB3RJ3fjadq-MubD4gS5JrOj35h3x13H2DJQTfCwEzc4-vXOgA9-jzSUviBwthv77PaZdfSd-2RVYvmCebtCyKyWRYOjkldiwzogfnhZUr29l0td--bbofZgBqFqNcNx6LzauEzNmXY9LiD3PQ7njF5HoeGD284mwwCYiG6gv4Y.Ma6PdPU2xt-bFyqQzaZmI1vKmeaV0KBYTk7_LkkkHRk&dib_tag=se&m=A504JA83FLAZB&marketplaceID=A39IBJ37TRP1C6&qid=1777068036&refinements=p_36%3A8500-9000&s=merchant-items&sr=1-276&xpid=w4rxqmlweGdei#customerReviews,Nendoroid Thor: DX Ver
B07DLKVK89,,85.72,https://www.amazon.com.au/Shimano-Unisexs-FDR7000BLL-Standard-11-Speed/dp/B07DLKVK89/ref=sr_1_277?dib=eyJ2IjoiMSJ9.cB3RJ3fjadq-MubD4gS5JrOj35h3x13H2DJQTfCwEzc4-vXOgA9-jzSUviBwthv77PaZdfSd-2RVYvmCebtCyKyWRYOjkldiwzogfnhZUr29l0td--bbofZgBqFqNcNx6LzauEzNmXY9LiD3PQ7njF5HoeGD284mwwCYiG6gv4Y.Ma6PdPU2xt-bFyqQzaZmI1vKmeaV0KBYTk7_LkkkHRk&dib_tag=se&m=A504JA83FLAZB&marketplaceID=A39IBJ37TRP1C6&qid=1777068036&refinements=p_36%3A8500-9000&s=merchant-items&sr=1-277&xpid=w4rxqmlweGdei#customerReviews,SHIMANO 105 FD-R7000 Front Derailleur
B07DLKVK89,,,,
B075LRPWNJ,,86.74,https://www.amazon.com.au/hexagon-corresponding-minutes-rin-thirds-combined/dp/B075LRPWNJ/ref=sr_1_278?dib=eyJ2IjoiMSJ9.cB3RJ3fjadq-MubD4gS5JrOj35h3x13H2DJQTfCwEzc4-vXOgA9-jzSUviBwthv77PaZdfSd-2RVYvmCebtCyKyWRYOjkldiwzogfnhZUr29l0td--bbofZgBqFqNcNx6LzauEzNmXY9LiD3PQ7njF5HoeGD284mwwCYiG6gv4Y.Ma6PdPU2xt-bFyqQzaZmI1vKmeaV0KBYTk7_LkkkHRk&dib_tag=se&m=A504JA83FLAZB&marketplaceID=A39IBJ37TRP1C6&qid=1777068036&refinements=p_36%3A8500-9000&s=merchant-items&sr=1-278&xpid=w4rxqmlweGdei,"Doushi hexagon corresponding gear ring rotary socket 2 minutes 5 rin-thirds combined 02,765"
B075LRPWNJ,,,,
B06Y4JVMWQ,,85.1,https://www.amazon.com.au/Shimano-ST-RS203-lever-finger-ESTRS203LCB/dp/B06Y4JVMWQ/ref=sr_1_279?dib=eyJ2IjoiMSJ9.cB3RJ3fjadq-MubD4gS5JrOj35h3x13H2DJQTfCwEzc4-vXOgA9-jzSUviBwthv77PaZdfSd-2RVYvmCebtCyKyWRYOjkldiwzogfnhZUr29l0td--bbofZgBqFqNcNx6LzauEzNmXY9LiD3PQ7njF5HoeGD284mwwCYiG6gv4Y.Ma6PdPU2xt-bFyqQzaZmI1vKmeaV0KBYTk7_LkkkHRk&dib_tag=se&m=A504JA83FLAZB&marketplaceID=A39IBJ37TRP1C6&qid=1777068036&refinements=p_36%3A8500-9000&s=merchant-items&sr=1-279&xpid=w4rxqmlweGdei#customerReviews,SHIMANO Claris ST-RS200/-RS203 Gear Lever Left 3-Speed Grey 2020 Gear Lever
B06Y4JVMWQ,,,,
B01M2CTDY0,,86.71,https://www.amazon.com.au/Taito-limited-School-MisakiAkira-uniforms/dp/B01M2CTDY0/ref=sr_1_280?dib=eyJ2IjoiMSJ9.cB3RJ3fjadq-MubD4gS5JrOj35h3x13H2DJQTfCwEzc4-vXOgA9-jzSUviBwthv77PaZdfSd-2RVYvmCebtCyKyWRYOjkldiwzogfnhZUr29l0td--bbofZgBqFqNcNx6LzauEzNmXY9LiD3PQ7njF5HoeGD284mwwCYiG6gv4Y.Ma6PdPU2xt-bFyqQzaZmI1vKmeaV0KBYTk7_LkkkHRk&dib_tag=se&m=A504JA83FLAZB&marketplaceID=A39IBJ37TRP1C6&qid=1777068036&refinements=p_36%3A8500-9000&s=merchant-items&sr=1-280&xpid=w4rxqmlweGdei,Taito Limited High School Fleet MisakiAkira T Figure Taito Uniforms
B01DTLR1C6,,88.58,https://www.amazon.com.au/DAIWA-Sensor-888-4-Colors-Marking/dp/B01DTLR1C6/ref=sr_1_281?dib=eyJ2IjoiMSJ9.cB3RJ3fjadq-MubD4gS5JrOj35h3x13H2DJQTfCwEzc4-vXOgA9-jzSUviBwthv77PaZdfSd-2RVYvmCebtCyKyWRYOjkldiwzogfnhZUr29l0td--bbofZgBqFqNcNx6LzauEzNmXY9LiD3PQ7njF5HoeGD284mwwCYiG6gv4Y.Ma6PdPU2xt-bFyqQzaZmI1vKmeaV0KBYTk7_LkkkHRk&dib_tag=se&m=A504JA83FLAZB&marketplaceID=A39IBJ37TRP1C6&qid=1777068036&refinements=p_36%3A8500-9000&s=merchant-items&sr=1-281&xpid=w4rxqmlweGdei#customerReviews,"DAIWA PE Line UVF Surf Sensor X8 0.4 no. 888.4 ft (250 m), 4 Colors (with Color Marking)"
B01DTLR1C6,,,,
B014HVTZBC,,86.79,https://www.amazon.com.au/Sunline-Line-Ultra-Jigger-200m/dp/B014HVTZBC/ref=sr_1_282?dib=eyJ2IjoiMSJ9.cB3RJ3fjadq-MubD4gS5JrOj35h3x13H2DJQTfCwEzc4-vXOgA9-jzSUviBwthv77PaZdfSd-2RVYvmCebtCyKyWRYOjkldiwzogfnhZUr29l0td--bbofZgBqFqNcNx6LzauEzNmXY9LiD3PQ7njF5HoeGD284mwwCYiG6gv4Y.Ma6PdPU2xt-bFyqQzaZmI1vKmeaV0KBYTk7_LkkkHRk&dib_tag=se&m=A504JA83FLAZB&marketplaceID=A39IBJ37TRP1C6&qid=1777068036&refinements=p_36%3A8500-9000&s=merchant-items&sr=1-282&xpid=w4rxqmlweGdei#customerReviews,"SUNLINE PE Line Saltimate Jigger ULT, Set of 4"
B014HVTZBC,,,,
B0113PMVZ2,,89.79,https://www.amazon.com.au/Good-Smile-Avengers-Nendoroid-Sentries/dp/B0113PMVZ2/ref=sr_1_283?dib=eyJ2IjoiMSJ9.cB3RJ3fjadq-MubD4gS5JrOj35h3x13H2DJQTfCwEzc4-vXOgA9-jzSUviBwthv77PaZdfSd-2RVYvmCebtCyKyWRYOjkldiwzogfnhZUr29l0td--bbofZgBqFqNcNx6LzauEzNmXY9LiD3PQ7njF5HoeGD284mwwCYiG6gv4Y.Ma6PdPU2xt-bFyqQzaZmI1vKmeaV0KBYTk7_LkkkHRk&dib_tag=se&m=A504JA83FLAZB&marketplaceID=A39IBJ37TRP1C6&qid=1777068036&refinements=p_36%3A8500-9000&s=merchant-items&sr=1-283&xpid=w4rxqmlweGdei#customerReviews,Good Smile Avengers: Age of Ultron: Iron Man Mark 43: Hero’s Edition Nendoroid Action Figure Ultron Sentries Set
B00HIBD7LS,,88.51,https://www.amazon.com.au/BANDAI-Mobile-Gundam-Gashapon-Senshi-NEXT17/dp/B00HIBD7LS/ref=sr_1_289?dib=eyJ2IjoiMSJ9.Zp7acOUvmc5LmFCfOFg-Xbk6jGE0BcD6T8ssDZ8LcRky_gi3mSdUccvKbyTrw3WB4wu10yFAlEB6IEmhQjM9ZA.Q4HS8dIZB6Aa6WIFaJHoXMCTa7b3SaYl8w19CwBkm8I&dib_tag=se&m=A504JA83FLAZB&marketplaceID=A39IBJ37TRP1C6&qid=1777068041&refinements=p_36%3A8500-9000&s=merchant-items&sr=1-289&xpid=w4rxqmlweGdei#customerReviews,BANDAI Mobile Suit Gundam Gashapon-Senshi NEXT17 [Set of 8 Types] (Japan Import)
B00DI2H56Y,,88.64,https://www.amazon.com.au/Stones-Thick-Plastic-Thickness-About/dp/B00DI2H56Y/ref=sr_1_290?dib=eyJ2IjoiMSJ9.Zp7acOUvmc5LmFCfOFg-Xbk6jGE0BcD6T8ssDZ8LcRky_gi3mSdUccvKbyTrw3WB4wu10yFAlEB6IEmhQjM9ZA.Q4HS8dIZB6Aa6WIFaJHoXMCTa7b3SaYl8w19CwBkm8I&dib_tag=se&m=A504JA83FLAZB&marketplaceID=A39IBJ37TRP1C6&qid=1777068041&refinements=p_36%3A8500-9000&s=merchant-items&sr=1-290&xpid=w4rxqmlweGdei,Stones Set Thick Plastic Stones (a Thickness of About 7mm) ・ Moss Set of
B00CSJYW6Y,,88.35,https://www.amazon.com.au/Good-Smile-Muv-Luv-Alternative-Nendoroid/dp/B00CSJYW6Y/ref=sr_1_291?dib=eyJ2IjoiMSJ9.Zp7acOUvmc5LmFCfOFg-Xbk6jGE0BcD6T8ssDZ8LcRky_gi3mSdUccvKbyTrw3WB4wu10yFAlEB6IEmhQjM9ZA.Q4HS8dIZB6Aa6WIFaJHoXMCTa7b3SaYl8w19CwBkm8I&dib_tag=se&m=A504JA83FLAZB&marketplaceID=A39IBJ37TRP1C6&qid=1777068041&refinements=p_36%3A8500-9000&s=merchant-items&sr=1-291&xpid=w4rxqmlweGdei#customerReviews,Good Smile Muv-Luv Alternative: Total Eclipse: Inia Sestina Nendoroid Figure
B009UN5QXO,,85.64,https://www.amazon.com.au/Naniwa-Mfg-Chocolate-whetstone-QC-0011/dp/B009UN5QXO/ref=sr_1_292?dib=eyJ2IjoiMSJ9.Zp7acOUvmc5LmFCfOFg-Xbk6jGE0BcD6T8ssDZ8LcRky_gi3mSdUccvKbyTrw3WB4wu10yFAlEB6IEmhQjM9ZA.Q4HS8dIZB6Aa6WIFaJHoXMCTa7b3SaYl8w19CwBkm8I&dib_tag=se&m=A504JA83FLAZB&marketplaceID=A39IBJ37TRP1C6&qid=1777068041&refinements=p_36%3A8500-9000&s=merchant-items&sr=1-292&xpid=w4rxqmlweGdei#customerReviews,Naniwa QC-0011 Chocolate Whetstone with Silicone Case (to)
B009UN5QXO,,,,
B005V63NE8,,86.33,https://www.amazon.com.au/Shimano-Yumeya-Handle-Knob-Type/dp/B005V63NE8/ref=sr_1_293?dib=eyJ2IjoiMSJ9.Zp7acOUvmc5LmFCfOFg-Xbk6jGE0BcD6T8ssDZ8LcRky_gi3mSdUccvKbyTrw3WB4wu10yFAlEB6IEmhQjM9ZA.Q4HS8dIZB6Aa6WIFaJHoXMCTa7b3SaYl8w19CwBkm8I&dib_tag=se&m=A504JA83FLAZB&marketplaceID=A39IBJ37TRP1C6&qid=1777068041&refinements=p_36%3A8500-9000&s=merchant-items&sr=1-293&xpid=w4rxqmlweGdei#customerReviews,Shimano Yumeya EVA Handle Knob Type A Size M SW Spin Reel 1000 - 4000 026354
B005V63NE8,,,,
B005FPTAH4,,88.66,https://www.amazon.com.au/One-Piece-Log-memories-gashapon/dp/B005FPTAH4/ref=sr_1_289?dib=eyJ2IjoiMSJ9.HjWLxnMdzf5rHiNKD4Pk19cnL80qSHh5qj0Ncq0ozOqndEisaWq7g2S-3yYerR8VyolwY4ZFaY6Ofm7vRwzvAPSnzG3dFvhaRnHoUY5bgJVgqDtA8o30QA75-d-DH-xKYCVemdzAVOjc4WPh7qCx6geB1SpPIXUVS0-8mj4TeWU.cNaIQUcHHguSn-qDaaI8-LmKqYWhF3PMOd9d55mdxGc&dib_tag=se&m=A504JA83FLAZB&marketplaceID=A39IBJ37TRP1C6&qid=1777068041&refinements=p_36%3A8500-9000&s=merchant-items&sr=1-289&xpid=w4rxqmlweGdei#customerReviews,One Piece Log memories 03 gashapon set
B004IKOJPA,,87.12,https://www.amazon.com.au/Koken-driver-set-months-168PS/dp/B004IKOJPA/ref=sr_1_290?dib=eyJ2IjoiMSJ9.HjWLxnMdzf5rHiNKD4Pk19cnL80qSHh5qj0Ncq0ozOqndEisaWq7g2S-3yYerR8VyolwY4ZFaY6Ofm7vRwzvAPSnzG3dFvhaRnHoUY5bgJVgqDtA8o30QA75-d-DH-xKYCVemdzAVOjc4WPh7qCx6geB1SpPIXUVS0-8mj4TeWU.cNaIQUcHHguSn-qDaaI8-LmKqYWhF3PMOd9d55mdxGc&dib_tag=se&m=A504JA83FLAZB&marketplaceID=A39IBJ37TRP1C6&qid=1777068041&refinements=p_36%3A8500-9000&s=merchant-items&sr=1-290&xpid=w4rxqmlweGdei#customerReviews,Koken driver set 6 months set 168PS / 6
B004IKOJPA,,,,
B003YUB6SS,,87.1,https://www.amazon.com.au/bottle-stainless-Sahara-metallic-MSE-A040-KM/dp/B003YUB6SS/ref=sr_1_291?dib=eyJ2IjoiMSJ9.HjWLxnMdzf5rHiNKD4Pk19cnL80qSHh5qj0Ncq0ozOqndEisaWq7g2S-3yYerR8VyolwY4ZFaY6Ofm7vRwzvAPSnzG3dFvhaRnHoUY5bgJVgqDtA8o30QA75-d-DH-xKYCVemdzAVOjc4WPh7qCx6geB1SpPIXUVS0-8mj4TeWU.cNaIQUcHHguSn-qDaaI8-LmKqYWhF3PMOd9d55mdxGc&dib_tag=se&m=A504JA83FLAZB&marketplaceID=A39IBJ37TRP1C6&qid=1777068041&refinements=p_36%3A8500-9000&s=merchant-items&sr=1-291&xpid=w4rxqmlweGdei#customerReviews,"Tiger Water Bottle, 13.5 fl oz (400 ml), Stainless Steel Bottle, Sahara Slim, Metallic Black, MSE-A040-KM Tiger"
B003YUB6SS,,,,
B003QNRPIS,,86.74,https://www.amazon.com.au/Suishin-Super-Silent-Aquarium-SSPP-2S/dp/B003QNRPIS/ref=sr_1_292?dib=eyJ2IjoiMSJ9.HjWLxnMdzf5rHiNKD4Pk19cnL80qSHh5qj0Ncq0ozOqndEisaWq7g2S-3yYerR8VyolwY4ZFaY6Ofm7vRwzvAPSnzG3dFvhaRnHoUY5bgJVgqDtA8o30QA75-d-DH-xKYCVemdzAVOjc4WPh7qCx6geB1SpPIXUVS0-8mj4TeWU.cNaIQUcHHguSn-qDaaI8-LmKqYWhF3PMOd9d55mdxGc&dib_tag=se&m=A504JA83FLAZB&marketplaceID=A39IBJ37TRP1C6&qid=1777068041&refinements=p_36%3A8500-9000&s=merchant-items&sr=1-292&xpid=w4rxqmlweGdei#customerReviews,Suishin Super Silent Power Pump Aquarium Air Pump SSPP-2S
B003QNRPIS,,,,
B003DTLT2I,,87.26,https://www.amazon.com.au/stainless-steel-storage-inches-ST-908CS/dp/B003DTLT2I/ref=sr_1_293?dib=eyJ2IjoiMSJ9.HjWLxnMdzf5rHiNKD4Pk19cnL80qSHh5qj0Ncq0ozOqndEisaWq7g2S-3yYerR8VyolwY4ZFaY6Ofm7vRwzvAPSnzG3dFvhaRnHoUY5bgJVgqDtA8o30QA75-d-DH-xKYCVemdzAVOjc4WPh7qCx6geB1SpPIXUVS0-8mj4TeWU.cNaIQUcHHguSn-qDaaI8-LmKqYWhF3PMOd9d55mdxGc&dib_tag=se&m=A504JA83FLAZB&marketplaceID=A39IBJ37TRP1C6&qid=1777068041&refinements=p_36%3A8500-9000&s=merchant-items&sr=1-293&xpid=w4rxqmlweGdei#customerReviews,SOTO ST-908CS Stainless Steel Dutch Oven Storage Case (for 8 Inches)
B003DTLT2I,,,,
B003B39VXA,,87.59,https://www.amazon.com.au/AB5100-Drum-Spanner-16-5-inches/dp/B003B39VXA/ref=sr_1_294?dib=eyJ2IjoiMSJ9.HjWLxnMdzf5rHiNKD4Pk19cnL80qSHh5qj0Ncq0ozOqndEisaWq7g2S-3yYerR8VyolwY4ZFaY6Ofm7vRwzvAPSnzG3dFvhaRnHoUY5bgJVgqDtA8o30QA75-d-DH-xKYCVemdzAVOjc4WPh7qCx6geB1SpPIXUVS0-8mj4TeWU.cNaIQUcHHguSn-qDaaI8-LmKqYWhF3PMOd9d55mdxGc&dib_tag=se&m=A504JA83FLAZB&marketplaceID=A39IBJ37TRP1C6&qid=1777068041&refinements=p_36%3A8500-9000&s=merchant-items&sr=1-294&xpid=w4rxqmlweGdei,ASH AB5100 Drum Spanner 16.5 inches (420 mm)
B003B39VXA,,,,
B002P8DOLC,,85.39,https://www.amazon.com.au/HH8D/dp/B002P8DOLC/ref=sr_1_295?dib=eyJ2IjoiMSJ9.HjWLxnMdzf5rHiNKD4Pk19cnL80qSHh5qj0Ncq0ozOqndEisaWq7g2S-3yYerR8VyolwY4ZFaY6Ofm7vRwzvAPSnzG3dFvhaRnHoUY5bgJVgqDtA8o30QA75-d-DH-xKYCVemdzAVOjc4WPh7qCx6geB1SpPIXUVS0-8mj4TeWU.cNaIQUcHHguSn-qDaaI8-LmKqYWhF3PMOd9d55mdxGc&dib_tag=se&m=A504JA83FLAZB&marketplaceID=A39IBJ37TRP1C6&qid=1777068041&refinements=p_36%3A8500-9000&s=merchant-items&sr=1-295&xpid=w4rxqmlweGdei#customerReviews,HH8D
B002P8DOLC,,,,
B002MRR6V0,,89.72,https://www.amazon.com.au/White-light-HAKKO-Junior-357/dp/B002MRR6V0/ref=sr_1_296?dib=eyJ2IjoiMSJ9.HjWLxnMdzf5rHiNKD4Pk19cnL80qSHh5qj0Ncq0ozOqndEisaWq7g2S-3yYerR8VyolwY4ZFaY6Ofm7vRwzvAPSnzG3dFvhaRnHoUY5bgJVgqDtA8o30QA75-d-DH-xKYCVemdzAVOjc4WPh7qCx6geB1SpPIXUVS0-8mj4TeWU.cNaIQUcHHguSn-qDaaI8-LmKqYWhF3PMOd9d55mdxGc&dib_tag=se&m=A504JA83FLAZB&marketplaceID=A39IBJ37TRP1C6&qid=1777068041&refinements=p_36%3A8500-9000&s=merchant-items&sr=1-296&xpid=w4rxqmlweGdei#customerReviews,White light (HAKKO) HAKKO Junior I type 200W 357
B002MRR6V0,,,,
B002MRR6QA,,88.63,https://www.amazon.com.au/White-processing-soldering-Matchless-551P/dp/B002MRR6QA/ref=sr_1_297?dib=eyJ2IjoiMSJ9.HjWLxnMdzf5rHiNKD4Pk19cnL80qSHh5qj0Ncq0ozOqndEisaWq7g2S-3yYerR8VyolwY4ZFaY6Ofm7vRwzvAPSnzG3dFvhaRnHoUY5bgJVgqDtA8o30QA75-d-DH-xKYCVemdzAVOjc4WPh7qCx6geB1SpPIXUVS0-8mj4TeWU.cNaIQUcHHguSn-qDaaI8-LmKqYWhF3PMOd9d55mdxGc&dib_tag=se&m=A504JA83FLAZB&marketplaceID=A39IBJ37TRP1C6&qid=1777068041&refinements=p_36%3A8500-9000&s=merchant-items&sr=1-297&xpid=w4rxqmlweGdei#customerReviews,White light (HAKKO) large sheet metal processing soldering iron HAKKO Matchless 150W 551P
B002MRR6QA,,,,
B002MJL9NY,,88.07,https://www.amazon.com.au/BrandName-41568/dp/B002MJL9NY/ref=sr_1_298?dib=eyJ2IjoiMSJ9.HjWLxnMdzf5rHiNKD4Pk19cnL80qSHh5qj0Ncq0ozOqndEisaWq7g2S-3yYerR8VyolwY4ZFaY6Ofm7vRwzvAPSnzG3dFvhaRnHoUY5bgJVgqDtA8o30QA75-d-DH-xKYCVemdzAVOjc4WPh7qCx6geB1SpPIXUVS0-8mj4TeWU.cNaIQUcHHguSn-qDaaI8-LmKqYWhF3PMOd9d55mdxGc&dib_tag=se&m=A504JA83FLAZB&marketplaceID=A39IBJ37TRP1C6&qid=1777068041&refinements=p_36%3A8500-9000&s=merchant-items&sr=1-298&xpid=w4rxqmlweGdei,41568
B002MJL9NY,,,,
B002KCHF04,,88.96,https://www.amazon.com.au/Shinwa-Sokutei-Curved-Square-Thickness/dp/B002KCHF04/ref=sr_1_299?dib=eyJ2IjoiMSJ9.HjWLxnMdzf5rHiNKD4Pk19cnL80qSHh5qj0Ncq0ozOqndEisaWq7g2S-3yYerR8VyolwY4ZFaY6Ofm7vRwzvAPSnzG3dFvhaRnHoUY5bgJVgqDtA8o30QA75-d-DH-xKYCVemdzAVOjc4WPh7qCx6geB1SpPIXUVS0-8mj4TeWU.cNaIQUcHHguSn-qDaaI8-LmKqYWhF3PMOd9d55mdxGc&dib_tag=se&m=A504JA83FLAZB&marketplaceID=A39IBJ37TRP1C6&qid=1777068041&refinements=p_36%3A8500-9000&s=merchant-items&sr=1-299&xpid=w4rxqmlweGdei,"Shinwa Sokutei 10669 Curved Scale, Square Thickness: 1 Shaku 6 Size, Back Angle, Crane Turtle for Left Handed, Silver"
B002KCHF04,,,,
B002CZOYBM,,86.99,https://www.amazon.com.au/SFGSL25-75BL-7-5M/dp/B002CZOYBM/ref=sr_1_305?dib=eyJ2IjoiMSJ9.PAIPi_9riWGzhhgLKisXg1vyvcD-9_O1itCVdEhMZPQ.sZifl8ox2-NgHqvUGGF6LzYJHalOOLcvo89mWYZ-pRU&dib_tag=se&m=A504JA83FLAZB&marketplaceID=A39IBJ37TRP1C6&qid=1777068047&refinements=p_36%3A8500-9000&s=merchant-items&sr=1-305&xpid=w4rxqmlweGdei#customerReviews,"Tajima SFGSL25-75BL Convex Stainless Steel Tape, 2.8 x 1.0 inches (7.5 x 25 mm), Safety Conveyor"
B002CZOYBM,,,,
B001NOIJKU,,88.17,https://www.amazon.com.au/Kemeko-Dx-Delux-Cd1-Soundtrack-Drama/dp/B001NOIJKU/ref=sr_1_306?dib=eyJ2IjoiMSJ9.PAIPi_9riWGzhhgLKisXg1vyvcD-9_O1itCVdEhMZPQ.sZifl8ox2-NgHqvUGGF6LzYJHalOOLcvo89mWYZ-pRU&dib_tag=se&m=A504JA83FLAZB&marketplaceID=A39IBJ37TRP1C6&qid=1777068047&refinements=p_36%3A8500-9000&s=merchant-items&sr=1-306&xpid=w4rxqmlweGdei,Kemeko-Dx! Delux Na Cd1
