ASIN,Brand,Price,URL,Title
B015F66ERQ,Audio CD,177.15,https://www.amazon.com.au/BEATLES-1-DELUXE-LIMITED/dp/B015F66ERQ/ref=sr_1_1?dib=eyJ2IjoiMSJ9.yHJfWs0tBDJEbhp1RGbUteENcrD4PCmvgkezJHH26DHj78Ddq_ulbqLcTE2P_QjdzMUbz2NCQK87xvxXpddcIV6zhHVJaUx8xkbfvaX9cXdyPA49fGo1uKi-BfrdqLsgoy8V26MMa7NKErdEXAAYYy5W2awIAfapKSQ_Ks2WOtQjLvW0keXuEueB5pk8o97Gfis225zwZ9EfYDIhL4ya4jzsou6GjrVyG3KeEULQCwA.VWfgTja3b8Lu-kD25IcUlOHgFckGXjR59exOuN9rbTQ&dib_tag=se&m=A3SFQLVXY8GUH2&marketplaceID=A39IBJ37TRP1C6&qid=1774740655&refinements=p_36%3A17500-18000&s=merchant-items&sr=1-1#customerReviews,Beatles 1
B0BMTLQCZG,,201.74,https://www.amazon.com.au/Tamashii-Nations-Saiyan-Trunks-Figuarts/dp/B0BMTLQCZG/ref=sr_1_2?dib=eyJ2IjoiMSJ9.yHJfWs0tBDJEbhp1RGbUteENcrD4PCmvgkezJHH26DHj78Ddq_ulbqLcTE2P_QjdzMUbz2NCQK87xvxXpddcIV6zhHVJaUx8xkbfvaX9cXdyPA49fGo1uKi-BfrdqLsgoy8V26MMa7NKErdEXAAYYy5W2awIAfapKSQ_Ks2WOtQjLvW0keXuEueB5pk8o97Gfis225zwZ9EfYDIhL4ya4jzsou6GjrVyG3KeEULQCwA.VWfgTja3b8Lu-kD25IcUlOHgFckGXjR59exOuN9rbTQ&dib_tag=se&m=A3SFQLVXY8GUH2&marketplaceID=A39IBJ37TRP1C6&qid=1774740655&refinements=p_36%3A17500-18000&s=merchant-items&sr=1-2#customerReviews,"Tamashii Nations - Super Saiyan Trunks -The Boy from The Future- Dragon Ball Z, Bandai Spirits S.H.Figuarts"
B0DLCBM258,,178.4,https://www.amazon.com.au/Lian-SL120-Wireless-Gaming-Display/dp/B0DLCBM258/ref=sr_1_3?dib=eyJ2IjoiMSJ9.yHJfWs0tBDJEbhp1RGbUteENcrD4PCmvgkezJHH26DHj78Ddq_ulbqLcTE2P_QjdzMUbz2NCQK87xvxXpddcIV6zhHVJaUx8xkbfvaX9cXdyPA49fGo1uKi-BfrdqLsgoy8V26MMa7NKErdEXAAYYy5W2awIAfapKSQ_Ks2WOtQjLvW0keXuEueB5pk8o97Gfis225zwZ9EfYDIhL4ya4jzsou6GjrVyG3KeEULQCwA.VWfgTja3b8Lu-kD25IcUlOHgFckGXjR59exOuN9rbTQ&dib_tag=se&m=A3SFQLVXY8GUH2&marketplaceID=A39IBJ37TRP1C6&qid=1774740655&refinements=p_36%3A17500-18000&s=merchant-items&sr=1-3#customerReviews,Lian Li UNI FAN SL120 V2 Wireless RGB Gaming Fan with LCD Display - 120mm - White - Premium Cooling
B0DLCBM258,,,,
B08P57FJXY,,177.44,https://www.amazon.com.au/Chrome-Industries-Mini-Kadet-Black/dp/B08P57FJXY/ref=sr_1_4?dib=eyJ2IjoiMSJ9.yHJfWs0tBDJEbhp1RGbUteENcrD4PCmvgkezJHH26DHj78Ddq_ulbqLcTE2P_QjdzMUbz2NCQK87xvxXpddcIV6zhHVJaUx8xkbfvaX9cXdyPA49fGo1uKi-BfrdqLsgoy8V26MMa7NKErdEXAAYYy5W2awIAfapKSQ_Ks2WOtQjLvW0keXuEueB5pk8o97Gfis225zwZ9EfYDIhL4ya4jzsou6GjrVyG3KeEULQCwA.VWfgTja3b8Lu-kD25IcUlOHgFckGXjR59exOuN9rbTQ&dib_tag=se&m=A3SFQLVXY8GUH2&marketplaceID=A39IBJ37TRP1C6&qid=1774740655&refinements=p_36%3A17500-18000&s=merchant-items&sr=1-4#customerReviews,"Chrome Mini KADET Body Bag, Mini Cadet, 5L"
B08P57FJXY,,,,
B0B2WGMF57,Nintendo Switch,177.19,https://www.amazon.com.au/Controller-Wireless-SWITCH-Purple-Yellow/dp/B0B2WGMF57/ref=sr_1_5?dib=eyJ2IjoiMSJ9.yHJfWs0tBDJEbhp1RGbUteENcrD4PCmvgkezJHH26DHj78Ddq_ulbqLcTE2P_QjdzMUbz2NCQK87xvxXpddcIV6zhHVJaUx8xkbfvaX9cXdyPA49fGo1uKi-BfrdqLsgoy8V26MMa7NKErdEXAAYYy5W2awIAfapKSQ_Ks2WOtQjLvW0keXuEueB5pk8o97Gfis225zwZ9EfYDIhL4ya4jzsou6GjrVyG3KeEULQCwA.VWfgTja3b8Lu-kD25IcUlOHgFckGXjR59exOuN9rbTQ&dib_tag=se&m=A3SFQLVXY8GUH2&marketplaceID=A39IBJ37TRP1C6&qid=1774740655&refinements=p_36%3A17500-18000&s=merchant-items&sr=1-5#customerReviews,CYBER Gyro Controller Wireless Type (For SWITCH) Purple x Yellow - Switch
B0B2WGMF57,,,,
B09NLCF821,Nintendo Switch,179.24,https://www.amazon.com.au/Ori-Will-Wisps-%E3%80%90%E6%B0%B8%E4%B9%85%E5%B0%81%E5%85%A5%E7%89%B9%E5%85%B8%E3%80%91%E3%82%A2%E3%83%BC%E3%83%88%E3%82%AB%E3%83%BC%E3%83%89-%E3%80%81%E3%82%B5%E3%82%A6%E3%83%B3%E3%83%89%E3%83%88%E3%83%A9%E3%83%83%E3%82%AFDL%E3%82%AB%E3%83%BC%E3%83%89/dp/B09NLCF821/ref=sr_1_6?dib=eyJ2IjoiMSJ9.yHJfWs0tBDJEbhp1RGbUteENcrD4PCmvgkezJHH26DHj78Ddq_ulbqLcTE2P_QjdzMUbz2NCQK87xvxXpddcIV6zhHVJaUx8xkbfvaX9cXdyPA49fGo1uKi-BfrdqLsgoy8V26MMa7NKErdEXAAYYy5W2awIAfapKSQ_Ks2WOtQjLvW0keXuEueB5pk8o97Gfis225zwZ9EfYDIhL4ya4jzsou6GjrVyG3KeEULQCwA.VWfgTja3b8Lu-kD25IcUlOHgFckGXjR59exOuN9rbTQ&dib_tag=se&m=A3SFQLVXY8GUH2&marketplaceID=A39IBJ37TRP1C6&qid=1774740655&refinements=p_36%3A17500-18000&s=merchant-items&sr=1-6#customerReviews,Ori and the Will of the Wisps - Switch (【永久封入特典】アートカード(計6枚)、サウンドトラックDLカード 同梱)
B09NLCF821,,,,
B0F6NVCQ33,,178.6,https://www.amazon.com.au/CSV-2551-Portable-Type-C%C2%AE-DisplayPortTM-Max-100/dp/B0F6NVCQ33/ref=sr_1_7?dib=eyJ2IjoiMSJ9.yHJfWs0tBDJEbhp1RGbUteENcrD4PCmvgkezJHH26DHj78Ddq_ulbqLcTE2P_QjdzMUbz2NCQK87xvxXpddcIV6zhHVJaUx8xkbfvaX9cXdyPA49fGo1uKi-BfrdqLsgoy8V26MMa7NKErdEXAAYYy5W2awIAfapKSQ_Ks2WOtQjLvW0keXuEueB5pk8o97Gfis225zwZ9EfYDIhL4ya4jzsou6GjrVyG3KeEULQCwA.VWfgTja3b8Lu-kD25IcUlOHgFckGXjR59exOuN9rbTQ&dib_tag=se&m=A3SFQLVXY8GUH2&marketplaceID=A39IBJ37TRP1C6&qid=1774740655&refinements=p_36%3A17500-18000&s=merchant-items&sr=1-7,Club3D CSV-2551 8-1 Portable USB Type-C® Dock 10 Gbit/s to HDMI™ and DisplayPort™ 8K30Hz PD Max.100 Watt
B0F6NVCQ33,,,,
B07CG7P8DF,PlayStation Vita,179.26,https://www.amazon.com.au/Factory-CharadeManiacs-Playstation-JAPANESE-VERSION/dp/B07CG7P8DF/ref=sr_1_8?dib=eyJ2IjoiMSJ9.yHJfWs0tBDJEbhp1RGbUteENcrD4PCmvgkezJHH26DHj78Ddq_ulbqLcTE2P_QjdzMUbz2NCQK87xvxXpddcIV6zhHVJaUx8xkbfvaX9cXdyPA49fGo1uKi-BfrdqLsgoy8V26MMa7NKErdEXAAYYy5W2awIAfapKSQ_Ks2WOtQjLvW0keXuEueB5pk8o97Gfis225zwZ9EfYDIhL4ya4jzsou6GjrVyG3KeEULQCwA.VWfgTja3b8Lu-kD25IcUlOHgFckGXjR59exOuN9rbTQ&dib_tag=se&m=A3SFQLVXY8GUH2&marketplaceID=A39IBJ37TRP1C6&qid=1774740655&refinements=p_36%3A17500-18000&s=merchant-items&sr=1-8#customerReviews,Idea Factory CharadeManiacs PS Vita SONY Playstation JAPANESE VERSION
B07CG7P8DF,,,,
B07W4C1M59,,175.61,https://www.amazon.com.au/Phiten-Necklace-RAKUWA-Chopper-Model/dp/B07W4C1M59/ref=sr_1_9?dib=eyJ2IjoiMSJ9.yHJfWs0tBDJEbhp1RGbUteENcrD4PCmvgkezJHH26DHj78Ddq_ulbqLcTE2P_QjdzMUbz2NCQK87xvxXpddcIV6zhHVJaUx8xkbfvaX9cXdyPA49fGo1uKi-BfrdqLsgoy8V26MMa7NKErdEXAAYYy5W2awIAfapKSQ_Ks2WOtQjLvW0keXuEueB5pk8o97Gfis225zwZ9EfYDIhL4ya4jzsou6GjrVyG3KeEULQCwA.VWfgTja3b8Lu-kD25IcUlOHgFckGXjR59exOuN9rbTQ&dib_tag=se&m=A3SFQLVXY8GUH2&marketplaceID=A39IBJ37TRP1C6&qid=1774740655&refinements=p_36%3A17500-18000&s=merchant-items&sr=1-9#customerReviews,Phiten Necklace RAKUWA Neck Chopper Model
B07W4C1M59,,,,
B09P8N8Y2P,,178.6,https://www.amazon.com.au/Megahouse-Variable-Action-Heroes-Piece/dp/B09P8N8Y2P/ref=sr_1_10?dib=eyJ2IjoiMSJ9.yHJfWs0tBDJEbhp1RGbUteENcrD4PCmvgkezJHH26DHj78Ddq_ulbqLcTE2P_QjdzMUbz2NCQK87xvxXpddcIV6zhHVJaUx8xkbfvaX9cXdyPA49fGo1uKi-BfrdqLsgoy8V26MMa7NKErdEXAAYYy5W2awIAfapKSQ_Ks2WOtQjLvW0keXuEueB5pk8o97Gfis225zwZ9EfYDIhL4ya4jzsou6GjrVyG3KeEULQCwA.VWfgTja3b8Lu-kD25IcUlOHgFckGXjR59exOuN9rbTQ&dib_tag=se&m=A3SFQLVXY8GUH2&marketplaceID=A39IBJ37TRP1C6&qid=1774740655&refinements=p_36%3A17500-18000&s=merchant-items&sr=1-10#customerReviews,Megahouse Variable Action Heroes One Piece Luffy Taro
B002NTLRZS,,179.86,https://www.amazon.com.au/MATIX-BULKHEAD-1983-A/dp/B002NTLRZS/ref=sr_1_11?dib=eyJ2IjoiMSJ9.yHJfWs0tBDJEbhp1RGbUteENcrD4PCmvgkezJHH26DHj78Ddq_ulbqLcTE2P_QjdzMUbz2NCQK87xvxXpddcIV6zhHVJaUx8xkbfvaX9cXdyPA49fGo1uKi-BfrdqLsgoy8V26MMa7NKErdEXAAYYy5W2awIAfapKSQ_Ks2WOtQjLvW0keXuEueB5pk8o97Gfis225zwZ9EfYDIhL4ya4jzsou6GjrVyG3KeEULQCwA.VWfgTja3b8Lu-kD25IcUlOHgFckGXjR59exOuN9rbTQ&dib_tag=se&m=A3SFQLVXY8GUH2&marketplaceID=A39IBJ37TRP1C6&qid=1774740655&refinements=p_36%3A17500-18000&s=merchant-items&sr=1-11,MATIX BULKHEAD 1983 A / BULKHEAD
B099YYRJLM,,179.02,https://www.amazon.com.au/ELECOM-Auto-Tracking-Microphone-Cancelling-Correction/dp/B099YYRJLM/ref=sr_1_12?dib=eyJ2IjoiMSJ9.yHJfWs0tBDJEbhp1RGbUteENcrD4PCmvgkezJHH26DHj78Ddq_ulbqLcTE2P_QjdzMUbz2NCQK87xvxXpddcIV6zhHVJaUx8xkbfvaX9cXdyPA49fGo1uKi-BfrdqLsgoy8V26MMa7NKErdEXAAYYy5W2awIAfapKSQ_Ks2WOtQjLvW0keXuEueB5pk8o97Gfis225zwZ9EfYDIhL4ya4jzsou6GjrVyG3KeEULQCwA.VWfgTja3b8Lu-kD25IcUlOHgFckGXjR59exOuN9rbTQ&dib_tag=se&m=A3SFQLVXY8GUH2&marketplaceID=A39IBJ37TRP1C6&qid=1774740655&refinements=p_36%3A17500-18000&s=merchant-items&sr=1-12#customerReviews,"ELECOM 4K AI Auto-Tracking Webcam with Cover, 60fps, Dual Microphone, Ultra HD, Noise Cancelling, Auto Light Correction, Speaker Marking, 130-Degree Ultra Wide Angle, for Zoom/Google Meet & Streaming"
B099YYRJLM,,,,
B0001UL4QI,Audio CD,178.7,https://www.amazon.com.au/Singles-63-Rolling-Stones/dp/B0001UL4QI/ref=sr_1_13?dib=eyJ2IjoiMSJ9.yHJfWs0tBDJEbhp1RGbUteENcrD4PCmvgkezJHH26DHj78Ddq_ulbqLcTE2P_QjdzMUbz2NCQK87xvxXpddcIV6zhHVJaUx8xkbfvaX9cXdyPA49fGo1uKi-BfrdqLsgoy8V26MMa7NKErdEXAAYYy5W2awIAfapKSQ_Ks2WOtQjLvW0keXuEueB5pk8o97Gfis225zwZ9EfYDIhL4ya4jzsou6GjrVyG3KeEULQCwA.VWfgTja3b8Lu-kD25IcUlOHgFckGXjR59exOuN9rbTQ&dib_tag=se&m=A3SFQLVXY8GUH2&marketplaceID=A39IBJ37TRP1C6&qid=1774740655&refinements=p_36%3A17500-18000&s=merchant-items&sr=1-13#customerReviews,Singles '63
B09TZVF8TD,,179.46,https://www.amazon.com.au/Miki-House-12-9301-383-Shoes-multicolor/dp/B09TZVF8TD/ref=sr_1_14?dib=eyJ2IjoiMSJ9.yHJfWs0tBDJEbhp1RGbUteENcrD4PCmvgkezJHH26DHj78Ddq_ulbqLcTE2P_QjdzMUbz2NCQK87xvxXpddcIV6zhHVJaUx8xkbfvaX9cXdyPA49fGo1uKi-BfrdqLsgoy8V26MMa7NKErdEXAAYYy5W2awIAfapKSQ_Ks2WOtQjLvW0keXuEueB5pk8o97Gfis225zwZ9EfYDIhL4ya4jzsou6GjrVyG3KeEULQCwA.VWfgTja3b8Lu-kD25IcUlOHgFckGXjR59exOuN9rbTQ&dib_tag=se&m=A3SFQLVXY8GUH2&marketplaceID=A39IBJ37TRP1C6&qid=1774740655&refinements=p_36%3A17500-18000&s=merchant-items&sr=1-14#customerReviews,Miki House 12-9301-383 Baby Shoes
B09TZVF8TD,,,,
B0CCN628NZ,,176.28,https://www.amazon.com.au/Daiwa-LT6000D-H-Spinning-Reel-Legalis/dp/B0CCN628NZ/ref=sr_1_15?dib=eyJ2IjoiMSJ9.yHJfWs0tBDJEbhp1RGbUteENcrD4PCmvgkezJHH26DHj78Ddq_ulbqLcTE2P_QjdzMUbz2NCQK87xvxXpddcIV6zhHVJaUx8xkbfvaX9cXdyPA49fGo1uKi-BfrdqLsgoy8V26MMa7NKErdEXAAYYy5W2awIAfapKSQ_Ks2WOtQjLvW0keXuEueB5pk8o97Gfis225zwZ9EfYDIhL4ya4jzsou6GjrVyG3KeEULQCwA.VWfgTja3b8Lu-kD25IcUlOHgFckGXjR59exOuN9rbTQ&dib_tag=se&m=A3SFQLVXY8GUH2&marketplaceID=A39IBJ37TRP1C6&qid=1774740655&refinements=p_36%3A17500-18000&s=merchant-items&sr=1-15#customerReviews,"Daiwa LT 1000S - 6000D-H Spinning Reel, 23 Legalis, Various (2023 Model)"
B0CCN628NZ,,,,
B00RUC5R04,Audio CD,176.06,https://www.amazon.com.au/LAST-STARFIGHTER-OST/dp/B00RUC5R04/ref=sr_1_16?dib=eyJ2IjoiMSJ9.yHJfWs0tBDJEbhp1RGbUteENcrD4PCmvgkezJHH26DHj78Ddq_ulbqLcTE2P_QjdzMUbz2NCQK87xvxXpddcIV6zhHVJaUx8xkbfvaX9cXdyPA49fGo1uKi-BfrdqLsgoy8V26MMa7NKErdEXAAYYy5W2awIAfapKSQ_Ks2WOtQjLvW0keXuEueB5pk8o97Gfis225zwZ9EfYDIhL4ya4jzsou6GjrVyG3KeEULQCwA.VWfgTja3b8Lu-kD25IcUlOHgFckGXjR59exOuN9rbTQ&dib_tag=se&m=A3SFQLVXY8GUH2&marketplaceID=A39IBJ37TRP1C6&qid=1774740655&refinements=p_36%3A17500-18000&s=merchant-items&sr=1-16#customerReviews,LAST STARFIGHTER
B0BKZRGSVV,,176.36,https://www.amazon.com.au/Sanwa-Supply-KB-T6AWP-20BK-Waterproof-Category/dp/B0BKZRGSVV/ref=sr_1_17?dib=eyJ2IjoiMSJ9.GYxFXGuH2YATRmNV5TJZTVv8gyKTe3QZznT4lCbaJKYlaUMi3C-2NF1awMtLyxGV6Pf7ru_w5gdJmmlvQPZbyDnMOXufAl1HU63GMCOelTBZC5_7LKIfKzDtFCrg5XVNsw0VIruZUQfVJIKvZbxWXh0yHnmKKEMj2Ii9OYN5bEj-pFsXvOGPZv2BbXIiPq6-BVQVIYXbXVK1I5diixvrJVLczDmid_0j-4kHcBrevaM.d6QjjjR-GdESYrnAXzE4xtTQCG8IhB1jFmm7lsM5tko&dib_tag=se&m=A3SFQLVXY8GUH2&marketplaceID=A39IBJ37TRP1C6&qid=1774740662&refinements=p_36%3A17500-18000&s=merchant-items&sr=1-17&xpid=ryw9MzFTYkMtl#customerReviews,"Sanwa Supply KB-T6AWP-20BK Outdoor Waterproof Category 6A LAN Cable (Black, 65.6 ft (20 m)"
B0BKZRGSVV,,,,
B0051MGLLY,Audio CD,175.18,https://www.amazon.com.au/English-Shichida-formula-materials-cytidine/dp/B0051MGLLY/ref=sr_1_18?dib=eyJ2IjoiMSJ9.GYxFXGuH2YATRmNV5TJZTVv8gyKTe3QZznT4lCbaJKYlaUMi3C-2NF1awMtLyxGV6Pf7ru_w5gdJmmlvQPZbyDnMOXufAl1HU63GMCOelTBZC5_7LKIfKzDtFCrg5XVNsw0VIruZUQfVJIKvZbxWXh0yHnmKKEMj2Ii9OYN5bEj-pFsXvOGPZv2BbXIiPq6-BVQVIYXbXVK1I5diixvrJVLczDmid_0j-4kHcBrevaM.d6QjjjR-GdESYrnAXzE4xtTQCG8IhB1jFmm7lsM5tko&dib_tag=se&m=A3SFQLVXY8GUH2&marketplaceID=A39IBJ37TRP1C6&qid=1774740662&refinements=p_36%3A17500-18000&s=merchant-items&sr=1-18&xpid=ryw9MzFTYkMtl#customerReviews,The 1st and English Shichida formula materials (a cytidine) of Sawako (Renewal Ver.) (japan import)
B099ZQPGMB,,177.85,https://www.amazon.com.au/Marugo-TabiRela-Comfortable-Lightweight-Bunions/dp/B099ZQPGMB/ref=sr_1_19?dib=eyJ2IjoiMSJ9.GYxFXGuH2YATRmNV5TJZTVv8gyKTe3QZznT4lCbaJKYlaUMi3C-2NF1awMtLyxGV6Pf7ru_w5gdJmmlvQPZbyDnMOXufAl1HU63GMCOelTBZC5_7LKIfKzDtFCrg5XVNsw0VIruZUQfVJIKvZbxWXh0yHnmKKEMj2Ii9OYN5bEj-pFsXvOGPZv2BbXIiPq6-BVQVIYXbXVK1I5diixvrJVLczDmid_0j-4kHcBrevaM.d6QjjjR-GdESYrnAXzE4xtTQCG8IhB1jFmm7lsM5tko&dib_tag=se&m=A3SFQLVXY8GUH2&marketplaceID=A39IBJ37TRP1C6&qid=1774740662&refinements=p_36%3A17500-18000&s=merchant-items&sr=1-19&xpid=ryw9MzFTYkMtl#customerReviews,"Margo TabiRela Mary Women's Tabi Comfort Lightweight Bunion Tabi Tabi Type Pumps, Women's"
B099ZQPGMB,,,,
B085KBSW6B,Audio CD,189.59,https://www.amazon.com.au/Beethoven-9-Symphonies-SACD-SHM/dp/B085KBSW6B/ref=sr_1_20?dib=eyJ2IjoiMSJ9.GYxFXGuH2YATRmNV5TJZTVv8gyKTe3QZznT4lCbaJKYlaUMi3C-2NF1awMtLyxGV6Pf7ru_w5gdJmmlvQPZbyDnMOXufAl1HU63GMCOelTBZC5_7LKIfKzDtFCrg5XVNsw0VIruZUQfVJIKvZbxWXh0yHnmKKEMj2Ii9OYN5bEj-pFsXvOGPZv2BbXIiPq6-BVQVIYXbXVK1I5diixvrJVLczDmid_0j-4kHcBrevaM.d6QjjjR-GdESYrnAXzE4xtTQCG8IhB1jFmm7lsM5tko&dib_tag=se&m=A3SFQLVXY8GUH2&marketplaceID=A39IBJ37TRP1C6&qid=1774740662&refinements=p_36%3A17500-18000&s=merchant-items&sr=1-20&xpid=ryw9MzFTYkMtl#customerReviews,Beethoven: 9 Symphonies (SACD - SHM)
B001EQFEYG,,177.85,https://www.amazon.com.au/M53032-M5-3032/dp/B001EQFEYG/ref=sr_1_21?dib=eyJ2IjoiMSJ9.GYxFXGuH2YATRmNV5TJZTVv8gyKTe3QZznT4lCbaJKYlaUMi3C-2NF1awMtLyxGV6Pf7ru_w5gdJmmlvQPZbyDnMOXufAl1HU63GMCOelTBZC5_7LKIfKzDtFCrg5XVNsw0VIruZUQfVJIKvZbxWXh0yHnmKKEMj2Ii9OYN5bEj-pFsXvOGPZv2BbXIiPq6-BVQVIYXbXVK1I5diixvrJVLczDmid_0j-4kHcBrevaM.d6QjjjR-GdESYrnAXzE4xtTQCG8IhB1jFmm7lsM5tko&dib_tag=se&m=A3SFQLVXY8GUH2&marketplaceID=A39IBJ37TRP1C6&qid=1774740662&refinements=p_36%3A17500-18000&s=merchant-items&sr=1-21&xpid=ryw9MzFTYkMtl#customerReviews,M5-3032
B001EQFEYG,,,,
B0D2PWPTM4,Vinyl,178.58,https://www.amazon.com.au/%E3%82%B6%E3%83%BB%E3%83%A9%E3%83%95%E3%83%BB%E3%82%AC%E3%82%A4%E3%83%89%E3%83%BB%E3%83%88%E3%82%A5%E3%83%BB%E3%83%A1%E3%83%B3%E3%83%95%E3%82%A3%E3%82%B9%E3%83%BB%E3%83%96%E3%83%AB%E3%83%BC%E3%82%B9%EF%BC%88%EF%BC%AC%EF%BC%B0%EF%BC%89-Analog-Various-Artists/dp/B0D2PWPTM4/ref=sr_1_22?dib=eyJ2IjoiMSJ9.GYxFXGuH2YATRmNV5TJZTVv8gyKTe3QZznT4lCbaJKYlaUMi3C-2NF1awMtLyxGV6Pf7ru_w5gdJmmlvQPZbyDnMOXufAl1HU63GMCOelTBZC5_7LKIfKzDtFCrg5XVNsw0VIruZUQfVJIKvZbxWXh0yHnmKKEMj2Ii9OYN5bEj-pFsXvOGPZv2BbXIiPq6-BVQVIYXbXVK1I5diixvrJVLczDmid_0j-4kHcBrevaM.d6QjjjR-GdESYrnAXzE4xtTQCG8IhB1jFmm7lsM5tko&dib_tag=se&m=A3SFQLVXY8GUH2&marketplaceID=A39IBJ37TRP1C6&qid=1774740662&refinements=p_36%3A17500-18000&s=merchant-items&sr=1-22&xpid=ryw9MzFTYkMtl,ザ・ラフ・ガイド・トゥ・メンフィス・ブルース（ＬＰ） [Analog]
B0CFWY4MMW,,179.75,https://www.amazon.com.au/Comics-figurine-MAFEX-Superman-Return/dp/B0CFWY4MMW/ref=sr_1_23?dib=eyJ2IjoiMSJ9.GYxFXGuH2YATRmNV5TJZTVv8gyKTe3QZznT4lCbaJKYlaUMi3C-2NF1awMtLyxGV6Pf7ru_w5gdJmmlvQPZbyDnMOXufAl1HU63GMCOelTBZC5_7LKIfKzDtFCrg5XVNsw0VIruZUQfVJIKvZbxWXh0yHnmKKEMj2Ii9OYN5bEj-pFsXvOGPZv2BbXIiPq6-BVQVIYXbXVK1I5diixvrJVLczDmid_0j-4kHcBrevaM.d6QjjjR-GdESYrnAXzE4xtTQCG8IhB1jFmm7lsM5tko&dib_tag=se&m=A3SFQLVXY8GUH2&marketplaceID=A39IBJ37TRP1C6&qid=1774740662&refinements=p_36%3A17500-18000&s=merchant-items&sr=1-23&xpid=ryw9MzFTYkMtl#customerReviews,Medicom - Return of Superman - Eradicator Mafex Af
B00TY5LXQW,,178.81,https://www.amazon.com.au/Mont-bell-Compact-Ringko-Bag/dp/B00TY5LXQW/ref=sr_1_24?dib=eyJ2IjoiMSJ9.GYxFXGuH2YATRmNV5TJZTVv8gyKTe3QZznT4lCbaJKYlaUMi3C-2NF1awMtLyxGV6Pf7ru_w5gdJmmlvQPZbyDnMOXufAl1HU63GMCOelTBZC5_7LKIfKzDtFCrg5XVNsw0VIruZUQfVJIKvZbxWXh0yHnmKKEMj2Ii9OYN5bEj-pFsXvOGPZv2BbXIiPq6-BVQVIYXbXVK1I5diixvrJVLczDmid_0j-4kHcBrevaM.d6QjjjR-GdESYrnAXzE4xtTQCG8IhB1jFmm7lsM5tko&dib_tag=se&m=A3SFQLVXY8GUH2&marketplaceID=A39IBJ37TRP1C6&qid=1774740662&refinements=p_36%3A17500-18000&s=merchant-items&sr=1-24&xpid=ryw9MzFTYkMtl,Mont-Bell Compact Phosphorus Kou Backpack 1130424 GRPH
B00TY5LXQW,,,,
B09XM5P43Q,Nintendo Switch,178.38,https://www.amazon.com.au/Capcom-HAC-P-A6VCA-Fighting-Collection-Switch/dp/B09XM5P43Q/ref=sr_1_25?dib=eyJ2IjoiMSJ9.GYxFXGuH2YATRmNV5TJZTVv8gyKTe3QZznT4lCbaJKYlaUMi3C-2NF1awMtLyxGV6Pf7ru_w5gdJmmlvQPZbyDnMOXufAl1HU63GMCOelTBZC5_7LKIfKzDtFCrg5XVNsw0VIruZUQfVJIKvZbxWXh0yHnmKKEMj2Ii9OYN5bEj-pFsXvOGPZv2BbXIiPq6-BVQVIYXbXVK1I5diixvrJVLczDmid_0j-4kHcBrevaM.d6QjjjR-GdESYrnAXzE4xtTQCG8IhB1jFmm7lsM5tko&dib_tag=se&m=A3SFQLVXY8GUH2&marketplaceID=A39IBJ37TRP1C6&qid=1774740662&refinements=p_36%3A17500-18000&s=merchant-items&sr=1-25&xpid=ryw9MzFTYkMtl#customerReviews,Capcom Fighting Collection - Switch
B09XM5P43Q,,,,
B09CH258VN,Vinyl,175.69,https://www.amazon.com.au/Mellow-Medicine-Naoko-Gushima/dp/B09CH258VN/ref=sr_1_26?dib=eyJ2IjoiMSJ9.GYxFXGuH2YATRmNV5TJZTVv8gyKTe3QZznT4lCbaJKYlaUMi3C-2NF1awMtLyxGV6Pf7ru_w5gdJmmlvQPZbyDnMOXufAl1HU63GMCOelTBZC5_7LKIfKzDtFCrg5XVNsw0VIruZUQfVJIKvZbxWXh0yHnmKKEMj2Ii9OYN5bEj-pFsXvOGPZv2BbXIiPq6-BVQVIYXbXVK1I5diixvrJVLczDmid_0j-4kHcBrevaM.d6QjjjR-GdESYrnAXzE4xtTQCG8IhB1jFmm7lsM5tko&dib_tag=se&m=A3SFQLVXY8GUH2&marketplaceID=A39IBJ37TRP1C6&qid=1774740662&refinements=p_36%3A17500-18000&s=merchant-items&sr=1-26&xpid=ryw9MzFTYkMtl#customerReviews,Mellow Medicine
B0BW5L7VW4,,177.0,https://www.amazon.com.au/Anniversary-Special-Limited-9-Pocket-Japanimport/dp/B0BW5L7VW4/ref=sr_1_27?dib=eyJ2IjoiMSJ9.GYxFXGuH2YATRmNV5TJZTVv8gyKTe3QZznT4lCbaJKYlaUMi3C-2NF1awMtLyxGV6Pf7ru_w5gdJmmlvQPZbyDnMOXufAl1HU63GMCOelTBZC5_7LKIfKzDtFCrg5XVNsw0VIruZUQfVJIKvZbxWXh0yHnmKKEMj2Ii9OYN5bEj-pFsXvOGPZv2BbXIiPq6-BVQVIYXbXVK1I5diixvrJVLczDmid_0j-4kHcBrevaM.d6QjjjR-GdESYrnAXzE4xtTQCG8IhB1jFmm7lsM5tko&dib_tag=se&m=A3SFQLVXY8GUH2&marketplaceID=A39IBJ37TRP1C6&qid=1774740662&refinements=p_36%3A17500-18000&s=merchant-items&sr=1-27&xpid=ryw9MzFTYkMtl#customerReviews,BANDAI Super Dragon Ball Heroes 12th Anniversary Special Set -Two Powers in One- Limited Edition 9-Pocket Binder & Card Set (Japanimport)
B0BW5L7VW4,,,,
B08LZXVXHT,Audio CD,176.15,https://www.amazon.com.au/Redefine-Be-Defined-%E5%AE%8C%E5%85%A8%E7%94%9F%E7%94%A3%E9%99%90%E5%AE%9A%E7%9B%A4-%E7%89%B9%E5%85%B8%E3%81%AA%E3%81%97/dp/B08LZXVXHT/ref=sr_1_28?dib=eyJ2IjoiMSJ9.GYxFXGuH2YATRmNV5TJZTVv8gyKTe3QZznT4lCbaJKYlaUMi3C-2NF1awMtLyxGV6Pf7ru_w5gdJmmlvQPZbyDnMOXufAl1HU63GMCOelTBZC5_7LKIfKzDtFCrg5XVNsw0VIruZUQfVJIKvZbxWXh0yHnmKKEMj2Ii9OYN5bEj-pFsXvOGPZv2BbXIiPq6-BVQVIYXbXVK1I5diixvrJVLczDmid_0j-4kHcBrevaM.d6QjjjR-GdESYrnAXzE4xtTQCG8IhB1jFmm7lsM5tko&dib_tag=se&m=A3SFQLVXY8GUH2&marketplaceID=A39IBJ37TRP1C6&qid=1774740662&refinements=p_36%3A17500-18000&s=merchant-items&sr=1-28&xpid=ryw9MzFTYkMtl#customerReviews,To Redefine / To Be Defined (完全生産限定盤) (特典なし)
B099ZT92D6,,178.65,https://www.amazon.com.au/Marugo-TabiRela-Comfortable-Lightweight-Bunions/dp/B099ZT92D6/ref=sr_1_29?dib=eyJ2IjoiMSJ9.GYxFXGuH2YATRmNV5TJZTVv8gyKTe3QZznT4lCbaJKYlaUMi3C-2NF1awMtLyxGV6Pf7ru_w5gdJmmlvQPZbyDnMOXufAl1HU63GMCOelTBZC5_7LKIfKzDtFCrg5XVNsw0VIruZUQfVJIKvZbxWXh0yHnmKKEMj2Ii9OYN5bEj-pFsXvOGPZv2BbXIiPq6-BVQVIYXbXVK1I5diixvrJVLczDmid_0j-4kHcBrevaM.d6QjjjR-GdESYrnAXzE4xtTQCG8IhB1jFmm7lsM5tko&dib_tag=se&m=A3SFQLVXY8GUH2&marketplaceID=A39IBJ37TRP1C6&qid=1774740662&refinements=p_36%3A17500-18000&s=merchant-items&sr=1-29&xpid=ryw9MzFTYkMtl#customerReviews,"Margo TabiRela Mary Women's Tabi Comfort Lightweight Bunion Tabi Tabi Type Pumps, Women's"
B099ZT92D6,,,,
B07P57M5WK,Vinyl,175.59,https://www.amazon.com.au/Technodelic-Collectors-Vinyl-Yellow-Orchestra/dp/B07P57M5WK/ref=sr_1_30?dib=eyJ2IjoiMSJ9.GYxFXGuH2YATRmNV5TJZTVv8gyKTe3QZznT4lCbaJKYlaUMi3C-2NF1awMtLyxGV6Pf7ru_w5gdJmmlvQPZbyDnMOXufAl1HU63GMCOelTBZC5_7LKIfKzDtFCrg5XVNsw0VIruZUQfVJIKvZbxWXh0yHnmKKEMj2Ii9OYN5bEj-pFsXvOGPZv2BbXIiPq6-BVQVIYXbXVK1I5diixvrJVLczDmid_0j-4kHcBrevaM.d6QjjjR-GdESYrnAXzE4xtTQCG8IhB1jFmm7lsM5tko&dib_tag=se&m=A3SFQLVXY8GUH2&marketplaceID=A39IBJ37TRP1C6&qid=1774740662&refinements=p_36%3A17500-18000&s=merchant-items&sr=1-30&xpid=ryw9MzFTYkMtl#customerReviews,Technodelic (Collector's Vinyl Edition)
B0BMKR2ZX1,,176.17,https://www.amazon.com.au/Tamashi-Nations-Academia-Endeavor-Ichibansho/dp/B0BMKR2ZX1/ref=sr_1_31?dib=eyJ2IjoiMSJ9.GYxFXGuH2YATRmNV5TJZTVv8gyKTe3QZznT4lCbaJKYlaUMi3C-2NF1awMtLyxGV6Pf7ru_w5gdJmmlvQPZbyDnMOXufAl1HU63GMCOelTBZC5_7LKIfKzDtFCrg5XVNsw0VIruZUQfVJIKvZbxWXh0yHnmKKEMj2Ii9OYN5bEj-pFsXvOGPZv2BbXIiPq6-BVQVIYXbXVK1I5diixvrJVLczDmid_0j-4kHcBrevaM.d6QjjjR-GdESYrnAXzE4xtTQCG8IhB1jFmm7lsM5tko&dib_tag=se&m=A3SFQLVXY8GUH2&marketplaceID=A39IBJ37TRP1C6&qid=1774740662&refinements=p_36%3A17500-18000&s=merchant-items&sr=1-31&xpid=ryw9MzFTYkMtl#customerReviews,"Bandai Spirits Ichibansho Tamashi Nations - My Hero Academia - Endeavor (Will), (MHA)"
B00F3RS5CA,Audio CD,175.24,https://www.amazon.com.au/Mitsugetsu-Shou-SHEENA-RINGO/dp/B00F3RS5CA/ref=sr_1_32?dib=eyJ2IjoiMSJ9.GYxFXGuH2YATRmNV5TJZTVv8gyKTe3QZznT4lCbaJKYlaUMi3C-2NF1awMtLyxGV6Pf7ru_w5gdJmmlvQPZbyDnMOXufAl1HU63GMCOelTBZC5_7LKIfKzDtFCrg5XVNsw0VIruZUQfVJIKvZbxWXh0yHnmKKEMj2Ii9OYN5bEj-pFsXvOGPZv2BbXIiPq6-BVQVIYXbXVK1I5diixvrJVLczDmid_0j-4kHcBrevaM.d6QjjjR-GdESYrnAXzE4xtTQCG8IhB1jFmm7lsM5tko&dib_tag=se&m=A3SFQLVXY8GUH2&marketplaceID=A39IBJ37TRP1C6&qid=1774740662&refinements=p_36%3A17500-18000&s=merchant-items&sr=1-32&xpid=ryw9MzFTYkMtl#customerReviews,Mitsugetsu Shou
B004EHYHSG,,176.24,https://www.amazon.com.au/Kamen-Masked-Rider-Driver-Accessory/dp/B004EHYHSG/ref=sr_1_33?dib=eyJ2IjoiMSJ9.3OKg1q1EPXrHo7kirUPOr-5G3aeIwNR69OL3OTT4aZUJ6yhIPuKxO1NiZMx3BgKFkjNIC_GcVsKMWj1t-kwgtw.gVv6xUYAYuODI0aRJ2XWVN4iZCr2mib8O14OPNW6PVo&dib_tag=se&m=A3SFQLVXY8GUH2&marketplaceID=A39IBJ37TRP1C6&qid=1774740668&refinements=p_36%3A17500-18000&s=merchant-items&sr=1-33&xpid=ryw9MzFTYkMtl#customerReviews,Kamen/Masked Rider Ozu OOO DX Burst Driver Accessory Belt
B00185JOSA,Audio CD,179.01,https://www.amazon.com.au/Dragonfish-Live-Seigen-Ono/dp/B00185JOSA/ref=sr_1_34?dib=eyJ2IjoiMSJ9.3OKg1q1EPXrHo7kirUPOr-5G3aeIwNR69OL3OTT4aZUJ6yhIPuKxO1NiZMx3BgKFkjNIC_GcVsKMWj1t-kwgtw.gVv6xUYAYuODI0aRJ2XWVN4iZCr2mib8O14OPNW6PVo&dib_tag=se&m=A3SFQLVXY8GUH2&marketplaceID=A39IBJ37TRP1C6&qid=1774740668&refinements=p_36%3A17500-18000&s=merchant-items&sr=1-34&xpid=ryw9MzFTYkMtl#customerReviews,Dragonfish Live
B09X52J3BH,,177.79,https://www.amazon.com.au/Megahouse-Variable-Action-Heroes-Piece/dp/B09X52J3BH/ref=sr_1_35?dib=eyJ2IjoiMSJ9.3OKg1q1EPXrHo7kirUPOr-5G3aeIwNR69OL3OTT4aZUJ6yhIPuKxO1NiZMx3BgKFkjNIC_GcVsKMWj1t-kwgtw.gVv6xUYAYuODI0aRJ2XWVN4iZCr2mib8O14OPNW6PVo&dib_tag=se&m=A3SFQLVXY8GUH2&marketplaceID=A39IBJ37TRP1C6&qid=1774740668&refinements=p_36%3A17500-18000&s=merchant-items&sr=1-35&xpid=ryw9MzFTYkMtl#customerReviews,Megahouse Variable Action Heroes One Piece Zoro Juro
B00005L913,Audio CD,178.97,https://www.amazon.com.au/Cream-Eric-Clapton/dp/B00005L913/ref=sr_1_36?dib=eyJ2IjoiMSJ9.3OKg1q1EPXrHo7kirUPOr-5G3aeIwNR69OL3OTT4aZUJ6yhIPuKxO1NiZMx3BgKFkjNIC_GcVsKMWj1t-kwgtw.gVv6xUYAYuODI0aRJ2XWVN4iZCr2mib8O14OPNW6PVo&dib_tag=se&m=A3SFQLVXY8GUH2&marketplaceID=A39IBJ37TRP1C6&qid=1774740668&refinements=p_36%3A17500-18000&s=merchant-items&sr=1-36&xpid=ryw9MzFTYkMtl#customerReviews,Cream of Eric Clapton
B01FVNK1N6,,176.48,https://www.amazon.com.au/CASTELBAJAC-Bi-fold-wallet-027603-Modern/dp/B01FVNK1N6/ref=sr_1_37?dib=eyJ2IjoiMSJ9.3OKg1q1EPXrHo7kirUPOr-5G3aeIwNR69OL3OTT4aZUJ6yhIPuKxO1NiZMx3BgKFkjNIC_GcVsKMWj1t-kwgtw.gVv6xUYAYuODI0aRJ2XWVN4iZCr2mib8O14OPNW6PVo&dib_tag=se&m=A3SFQLVXY8GUH2&marketplaceID=A39IBJ37TRP1C6&qid=1774740668&refinements=p_36%3A17500-18000&s=merchant-items&sr=1-37&xpid=ryw9MzFTYkMtl#customerReviews,CASTELBAJAC Sest Bi-fold wallet 027603 black
B01FVNK1N6,,,,
B0BQ1DD84R,,178.06,https://www.amazon.com.au/Anest-Iwata-Cleaning-Applicator-HCA12/dp/B0BQ1DD84R/ref=sr_1_33?dib=eyJ2IjoiMSJ9.06zEbY-oN1Uliq9gqQjq6u6fM2IPOVMez5EJjsJlsPLgLpsag1Z9NSVc1QGv7Wj7L8H8puyQxNRMOzZMBV0LhbByYvm6Pd790RtOo7Wl18Ie6N9v_T7oe5axHd7w-QExg3cyL6PQQccaqG0Bn5EtjNR8dR6V0d8PvoxDXINL7aI.nTa2Lg4g3nKs41z7qflU--p_-Gq2KSK49QDrTJFmIas&dib_tag=se&m=A3SFQLVXY8GUH2&marketplaceID=A39IBJ37TRP1C6&qid=1774740668&refinements=p_36%3A17500-18000&s=merchant-items&sr=1-33&xpid=ryw9MzFTYkMtl#customerReviews,Anest Iwata Cleaning Applicator HCA12
B0BQ1DD84R,,,,
B099ZRMVL8,,176.92,https://www.amazon.com.au/MARUGO-TabiRela-Womens-Comfort-Lightweight/dp/B099ZRMVL8/ref=sr_1_34?dib=eyJ2IjoiMSJ9.06zEbY-oN1Uliq9gqQjq6u6fM2IPOVMez5EJjsJlsPLgLpsag1Z9NSVc1QGv7Wj7L8H8puyQxNRMOzZMBV0LhbByYvm6Pd790RtOo7Wl18Ie6N9v_T7oe5axHd7w-QExg3cyL6PQQccaqG0Bn5EtjNR8dR6V0d8PvoxDXINL7aI.nTa2Lg4g3nKs41z7qflU--p_-Gq2KSK49QDrTJFmIas&dib_tag=se&m=A3SFQLVXY8GUH2&marketplaceID=A39IBJ37TRP1C6&qid=1774740668&refinements=p_36%3A17500-18000&s=merchant-items&sr=1-34&xpid=ryw9MzFTYkMtl#customerReviews,[マルゴ] 足袋型 パンプス たび tabi コンフォート 軽量 外反母趾 tabiRela Mary(マリー) Mary レディース
B00IYC0RN6,,176.92,https://www.amazon.com.au/GREENLIFE-Smoked-cytirine-L-390S-4971715366421/dp/B00IYC0RN6/ref=sr_1_35?dib=eyJ2IjoiMSJ9.06zEbY-oN1Uliq9gqQjq6u6fM2IPOVMez5EJjsJlsPLgLpsag1Z9NSVc1QGv7Wj7L8H8puyQxNRMOzZMBV0LhbByYvm6Pd790RtOo7Wl18Ie6N9v_T7oe5axHd7w-QExg3cyL6PQQccaqG0Bn5EtjNR8dR6V0d8PvoxDXINL7aI.nTa2Lg4g3nKs41z7qflU--p_-Gq2KSK49QDrTJFmIas&dib_tag=se&m=A3SFQLVXY8GUH2&marketplaceID=A39IBJ37TRP1C6&qid=1774740668&refinements=p_36%3A17500-18000&s=merchant-items&sr=1-35&xpid=ryw9MzFTYkMtl#customerReviews,Green Life L-390S Citrine Small Smoke
B00IYC0RN6,,,,
B081PC8ZKS,,179.41,https://www.amazon.com.au/KEEN-Womens-Howser-Casual-Resistant/dp/B081PC8ZKS/ref=sr_1_36?dib=eyJ2IjoiMSJ9.06zEbY-oN1Uliq9gqQjq6u6fM2IPOVMez5EJjsJlsPLgLpsag1Z9NSVc1QGv7Wj7L8H8puyQxNRMOzZMBV0LhbByYvm6Pd790RtOo7Wl18Ie6N9v_T7oe5axHd7w-QExg3cyL6PQQccaqG0Bn5EtjNR8dR6V0d8PvoxDXINL7aI.nTa2Lg4g3nKs41z7qflU--p_-Gq2KSK49QDrTJFmIas&dib_tag=se&m=A3SFQLVXY8GUH2&marketplaceID=A39IBJ37TRP1C6&qid=1774740668&refinements=p_36%3A17500-18000&s=merchant-items&sr=1-36&xpid=ryw9MzFTYkMtl#customerReviews,[キーン] スニーカー Howser II ハウザー ツー レディース
B081PC8ZKS,,,,
B0B24PCKNM,,175.3,https://www.amazon.com.au/Snow-Peak-TW-270-WH-Tobachi-White/dp/B0B24PCKNM/ref=sr_1_37?dib=eyJ2IjoiMSJ9.06zEbY-oN1Uliq9gqQjq6u6fM2IPOVMez5EJjsJlsPLgLpsag1Z9NSVc1QGv7Wj7L8H8puyQxNRMOzZMBV0LhbByYvm6Pd790RtOo7Wl18Ie6N9v_T7oe5axHd7w-QExg3cyL6PQQccaqG0Bn5EtjNR8dR6V0d8PvoxDXINL7aI.nTa2Lg4g3nKs41z7qflU--p_-Gq2KSK49QDrTJFmIas&dib_tag=se&m=A3SFQLVXY8GUH2&marketplaceID=A39IBJ37TRP1C6&qid=1774740668&refinements=p_36%3A17500-18000&s=merchant-items&sr=1-37&xpid=ryw9MzFTYkMtl#customerReviews,Snow Peak TW-270-WH One Tobachi 2 White
B0B24PCKNM,,,,
B07M7W4XS2,,177.92,https://www.amazon.com.au/Edoten-Summer-Cotton-Original-Printing/dp/B07M7W4XS2/ref=sr_1_38?dib=eyJ2IjoiMSJ9.06zEbY-oN1Uliq9gqQjq6u6fM2IPOVMez5EJjsJlsPLgLpsag1Z9NSVc1QGv7Wj7L8H8puyQxNRMOzZMBV0LhbByYvm6Pd790RtOo7Wl18Ie6N9v_T7oe5axHd7w-QExg3cyL6PQQccaqG0Bn5EtjNR8dR6V0d8PvoxDXINL7aI.nTa2Lg4g3nKs41z7qflU--p_-Gq2KSK49QDrTJFmIas&dib_tag=se&m=A3SFQLVXY8GUH2&marketplaceID=A39IBJ37TRP1C6&qid=1774740668&refinements=p_36%3A17500-18000&s=merchant-items&sr=1-38&xpid=ryw9MzFTYkMtl#customerReviews,Edoten Japan Cool Summer 100% Cotton Jimbe Original Printing Mens
B0D9NGZKBM,,175.88,https://www.amazon.com.au/BANDAI-SPIRITS-Battleship-Gaiperon-class-Multi-Layer/dp/B0D9NGZKBM/ref=sr_1_39?dib=eyJ2IjoiMSJ9.06zEbY-oN1Uliq9gqQjq6u6fM2IPOVMez5EJjsJlsPLgLpsag1Z9NSVc1QGv7Wj7L8H8puyQxNRMOzZMBV0LhbByYvm6Pd790RtOo7Wl18Ie6N9v_T7oe5axHd7w-QExg3cyL6PQQccaqG0Bn5EtjNR8dR6V0d8PvoxDXINL7aI.nTa2Lg4g3nKs41z7qflU--p_-Gq2KSK49QDrTJFmIas&dib_tag=se&m=A3SFQLVXY8GUH2&marketplaceID=A39IBJ37TRP1C6&qid=1774740668&refinements=p_36%3A17500-18000&s=merchant-items&sr=1-39&xpid=ryw9MzFTYkMtl#customerReviews,BANDAI SPIRITS Space Battleship Yamato 2199 1/1000 Scale Gaiperon-class Multi-Layer Airborne Carrier (Schdelg) Color Coded Plastic Model
B0D9NGZKBM,,,,
B0105FAEBE,,177.78,https://www.amazon.com.au/Buddhist-Hayashi-Rosewood-containing-officially/dp/B0105FAEBE/ref=sr_1_40?dib=eyJ2IjoiMSJ9.06zEbY-oN1Uliq9gqQjq6u6fM2IPOVMez5EJjsJlsPLgLpsag1Z9NSVc1QGv7Wj7L8H8puyQxNRMOzZMBV0LhbByYvm6Pd790RtOo7Wl18Ie6N9v_T7oe5axHd7w-QExg3cyL6PQQccaqG0Bn5EtjNR8dR6V0d8PvoxDXINL7aI.nTa2Lg4g3nKs41z7qflU--p_-Gq2KSK49QDrTJFmIas&dib_tag=se&m=A3SFQLVXY8GUH2&marketplaceID=A39IBJ37TRP1C6&qid=1774740668&refinements=p_36%3A17500-18000&s=merchant-items&sr=1-40&xpid=ryw9MzFTYkMtl,Kyoto Buddhist altar Hayashi rosary Tendai Moto挽 Rosewood agate containing (for women) officially this formula ## beaded bag set] SW-108 Kyoto rosary
B0105FAEBE,,,,
B07RXMCWG2,,178.41,https://www.amazon.com.au/Daiwa-Saltiga-Sensor-Colors-Marking/dp/B07RXMCWG2/ref=sr_1_41?dib=eyJ2IjoiMSJ9.06zEbY-oN1Uliq9gqQjq6u6fM2IPOVMez5EJjsJlsPLgLpsag1Z9NSVc1QGv7Wj7L8H8puyQxNRMOzZMBV0LhbByYvm6Pd790RtOo7Wl18Ie6N9v_T7oe5axHd7w-QExg3cyL6PQQccaqG0Bn5EtjNR8dR6V0d8PvoxDXINL7aI.nTa2Lg4g3nKs41z7qflU--p_-Gq2KSK49QDrTJFmIas&dib_tag=se&m=A3SFQLVXY8GUH2&marketplaceID=A39IBJ37TRP1C6&qid=1774740668&refinements=p_36%3A17500-18000&s=merchant-items&sr=1-41&xpid=ryw9MzFTYkMtl#customerReviews,"DAIWA PE Line UVF Soltiga SJ Dura Sensor x 8+ Si2 No. 2, 1,200 m, 5 Colors (with Color Marking)"
B07RXMCWG2,,,,
B004IRKY98,,179.92,https://www.amazon.com.au/Edoten-Japan-Kimono-Denim-Samue/dp/B004IRKY98/ref=sr_1_42?dib=eyJ2IjoiMSJ9.06zEbY-oN1Uliq9gqQjq6u6fM2IPOVMez5EJjsJlsPLgLpsag1Z9NSVc1QGv7Wj7L8H8puyQxNRMOzZMBV0LhbByYvm6Pd790RtOo7Wl18Ie6N9v_T7oe5axHd7w-QExg3cyL6PQQccaqG0Bn5EtjNR8dR6V0d8PvoxDXINL7aI.nTa2Lg4g3nKs41z7qflU--p_-Gq2KSK49QDrTJFmIas&dib_tag=se&m=A3SFQLVXY8GUH2&marketplaceID=A39IBJ37TRP1C6&qid=1774740668&refinements=p_36%3A17500-18000&s=merchant-items&sr=1-42&xpid=ryw9MzFTYkMtl#customerReviews,Edoten Men's Japan Kimono Denim Samue
B004IRKY98,,,,
B0CR1VN8NG,,179.61,https://www.amazon.com.au/Ichibansho-Figure-Academia-Longing-Collectible/dp/B0CR1VN8NG/ref=sr_1_43?dib=eyJ2IjoiMSJ9.06zEbY-oN1Uliq9gqQjq6u6fM2IPOVMez5EJjsJlsPLgLpsag1Z9NSVc1QGv7Wj7L8H8puyQxNRMOzZMBV0LhbByYvm6Pd790RtOo7Wl18Ie6N9v_T7oe5axHd7w-QExg3cyL6PQQccaqG0Bn5EtjNR8dR6V0d8PvoxDXINL7aI.nTa2Lg4g3nKs41z7qflU--p_-Gq2KSK49QDrTJFmIas&dib_tag=se&m=A3SFQLVXY8GUH2&marketplaceID=A39IBJ37TRP1C6&qid=1774740668&refinements=p_36%3A17500-18000&s=merchant-items&sr=1-43&xpid=ryw9MzFTYkMtl#customerReviews,"Ichibansho Figure - My Hero Academia - All Might (Longing from Two People), Bandai Spirits Collectible Statue"
B00O4JXOJM,,178.6,https://www.amazon.com.au/Womens-Sierra-Soft-Shell-Jacket-Black/dp/B00O4JXOJM/ref=sr_1_49?dib=eyJ2IjoiMSJ9.0vjtl0S21H8HnoWN4HfgUFmDhQmM2V1JBCBhsLkjMGHd6F_szl7EhGIj1iLcrDzb8bSu3BvtQOA9LInMA_Rn4Q.b4OqCDAkYxQQbSpnLsD8avFLDRDt_4HYlsx40xB_LMY&dib_tag=se&m=A3SFQLVXY8GUH2&marketplaceID=A39IBJ37TRP1C6&qid=1774740674&refinements=p_36%3A17500-18000&s=merchant-items&sr=1-49&xpid=ryw9MzFTYkMtl#customerReviews,5.11 Sierra 38068 Women's Tactical Softshell Jacket 100% Polyester Microfleece Inner Style
B00O4JXOJM,,,,
B0DBKMTSCM,,179.41,https://www.amazon.com.au/TAMASHII-NATIONS-S-H-MonsterArts-Monster-Hunter/dp/B0DBKMTSCM/ref=sr_1_50?dib=eyJ2IjoiMSJ9.0vjtl0S21H8HnoWN4HfgUFmDhQmM2V1JBCBhsLkjMGHd6F_szl7EhGIj1iLcrDzb8bSu3BvtQOA9LInMA_Rn4Q.b4OqCDAkYxQQbSpnLsD8avFLDRDt_4HYlsx40xB_LMY&dib_tag=se&m=A3SFQLVXY8GUH2&marketplaceID=A39IBJ37TRP1C6&qid=1774740674&refinements=p_36%3A17500-18000&s=merchant-items&sr=1-50&xpid=ryw9MzFTYkMtl#customerReviews,TAMASHII Nations S.H.MonsterArts Monster Hunter - Furious RAJANG
B00406YC0O,,176.86,https://www.amazon.com.au/Gitzo-Benvarmer-S-3-5-GC5560-720281/dp/B00406YC0O/ref=sr_1_51?dib=eyJ2IjoiMSJ9.0vjtl0S21H8HnoWN4HfgUFmDhQmM2V1JBCBhsLkjMGHd6F_szl7EhGIj1iLcrDzb8bSu3BvtQOA9LInMA_Rn4Q.b4OqCDAkYxQQbSpnLsD8avFLDRDt_4HYlsx40xB_LMY&dib_tag=se&m=A3SFQLVXY8GUH2&marketplaceID=A39IBJ37TRP1C6&qid=1774740674&refinements=p_36%3A17500-18000&s=merchant-items&sr=1-51&xpid=ryw9MzFTYkMtl#customerReviews,"GITZO GC5560 Leg Warmers 3,4,5"
B00406YC0O,,,,
B09DYKBDFV,,177.71,https://www.amazon.com.au/Full-Mechanics-ZGMF-X10A-Freedom-Gundam/dp/B09DYKBDFV/ref=sr_1_52?dib=eyJ2IjoiMSJ9.0vjtl0S21H8HnoWN4HfgUFmDhQmM2V1JBCBhsLkjMGHd6F_szl7EhGIj1iLcrDzb8bSu3BvtQOA9LInMA_Rn4Q.b4OqCDAkYxQQbSpnLsD8avFLDRDt_4HYlsx40xB_LMY&dib_tag=se&m=A3SFQLVXY8GUH2&marketplaceID=A39IBJ37TRP1C6&qid=1774740674&refinements=p_36%3A17500-18000&s=merchant-items&sr=1-52&xpid=ryw9MzFTYkMtl#customerReviews,1/100 Full Mechanics ZGMF-X10A Freedom Gundam Ver. GCP
B09DYKBDFV,,,,
B081P9GVTM,,179.41,https://www.amazon.com.au/KEEN-Womens-Howser-Casual-Resistant/dp/B081P9GVTM/ref=sr_1_53?dib=eyJ2IjoiMSJ9.0vjtl0S21H8HnoWN4HfgUFmDhQmM2V1JBCBhsLkjMGHd6F_szl7EhGIj1iLcrDzb8bSu3BvtQOA9LInMA_Rn4Q.b4OqCDAkYxQQbSpnLsD8avFLDRDt_4HYlsx40xB_LMY&dib_tag=se&m=A3SFQLVXY8GUH2&marketplaceID=A39IBJ37TRP1C6&qid=1774740674&refinements=p_36%3A17500-18000&s=merchant-items&sr=1-53&xpid=ryw9MzFTYkMtl#customerReviews,[KEEN] スニーカー Howser II ハウザー ツー レディース
B081P9GVTM,,,,
B0B3HRXQ73,,176.13,https://www.amazon.com.au/Wahei-RB-2504-Capacity-Fluorine-Resistant/dp/B0B3HRXQ73/ref=sr_1_49?dib=eyJ2IjoiMSJ9.xDoHTeyYQCUMq6YOrdTGFByvNFKbZhwtBB387P4qbrRz2wO3LpMNrW9CTHthYMUf560rNMXFMKDIs0rfKU5PEd23ETVUHq8G43HCng_3Fr4dbVDvg4xDwj_6z95SDomv2aahMhjSJKKw4iHGy6D27ny7Gy_8FoPN8PoR6KnMATg.fcAue2Eofeig_g_JXKkv0XKYAkwrDt4knTEmuZNYWFc&dib_tag=se&m=A3SFQLVXY8GUH2&marketplaceID=A39IBJ37TRP1C6&qid=1774740674&refinements=p_36%3A17500-18000&s=merchant-items&sr=1-49&xpid=ryw9MzFTYkMtl#customerReviews,"Wahei Freiz RB-2504 Large Pot, 10.2 inches (26 cm), Large Capacity, Cooking, Oden, Curry, Stew, Inner Surface, Fluorine, Stain Resistant, Direct Fire, IH"
B0B3HRXQ73,,,,
B085GHYSM7,,177.95,https://www.amazon.com.au/Ibanez-FLMINI-MINI-Series-Flanger/dp/B085GHYSM7/ref=sr_1_50?dib=eyJ2IjoiMSJ9.xDoHTeyYQCUMq6YOrdTGFByvNFKbZhwtBB387P4qbrRz2wO3LpMNrW9CTHthYMUf560rNMXFMKDIs0rfKU5PEd23ETVUHq8G43HCng_3Fr4dbVDvg4xDwj_6z95SDomv2aahMhjSJKKw4iHGy6D27ny7Gy_8FoPN8PoR6KnMATg.fcAue2Eofeig_g_JXKkv0XKYAkwrDt4knTEmuZNYWFc&dib_tag=se&m=A3SFQLVXY8GUH2&marketplaceID=A39IBJ37TRP1C6&qid=1774740674&refinements=p_36%3A17500-18000&s=merchant-items&sr=1-50&xpid=ryw9MzFTYkMtl#customerReviews,Ibanez FLMINI Flanger Guitar Pedal - True Bypass - Yellow
B085GHYSM7,,,,
B07CN8PGMQ,,175.35,https://www.amazon.com.au/Livre-5987-Single-Handle-Silver/dp/B07CN8PGMQ/ref=sr_1_51?dib=eyJ2IjoiMSJ9.xDoHTeyYQCUMq6YOrdTGFByvNFKbZhwtBB387P4qbrRz2wO3LpMNrW9CTHthYMUf560rNMXFMKDIs0rfKU5PEd23ETVUHq8G43HCng_3Fr4dbVDvg4xDwj_6z95SDomv2aahMhjSJKKw4iHGy6D27ny7Gy_8FoPN8PoR6KnMATg.fcAue2Eofeig_g_JXKkv0XKYAkwrDt4knTEmuZNYWFc&dib_tag=se&m=A3SFQLVXY8GUH2&marketplaceID=A39IBJ37TRP1C6&qid=1774740674&refinements=p_36%3A17500-18000&s=merchant-items&sr=1-51&xpid=ryw9MzFTYkMtl#customerReviews,"Livre 5987 TB-1 Knob Single Item (1 Piece), Daiwa (L) / Livre BJ/Power Handle, Silver & Black, 1.6 oz (45.8 g)"
B07CN8PGMQ,,,,
B0C1S5CZBB,,177.8,https://www.amazon.com.au/Phiten-Necklace-EXTREME-Shoulder-Technology/dp/B0C1S5CZBB/ref=sr_1_52?dib=eyJ2IjoiMSJ9.xDoHTeyYQCUMq6YOrdTGFByvNFKbZhwtBB387P4qbrRz2wO3LpMNrW9CTHthYMUf560rNMXFMKDIs0rfKU5PEd23ETVUHq8G43HCng_3Fr4dbVDvg4xDwj_6z95SDomv2aahMhjSJKKw4iHGy6D27ny7Gy_8FoPN8PoR6KnMATg.fcAue2Eofeig_g_JXKkv0XKYAkwrDt4knTEmuZNYWFc&dib_tag=se&m=A3SFQLVXY8GUH2&marketplaceID=A39IBJ37TRP1C6&qid=1774740674&refinements=p_36%3A17500-18000&s=merchant-items&sr=1-52&xpid=ryw9MzFTYkMtl#customerReviews,"Phiten RAKUWA Necklace, EXTREME Wire Tornado, Stiff Shoulder, Stiff Neck, Water Soluble Metal Technology, Metax,"
B0C1S5CZBB,,,,
B08QVRYRQM,,175.92,https://www.amazon.com.au/TW-501-RC-Stainless-Steel-Vacuum-Bottle/dp/B08QVRYRQM/ref=sr_1_53?dib=eyJ2IjoiMSJ9.xDoHTeyYQCUMq6YOrdTGFByvNFKbZhwtBB387P4qbrRz2wO3LpMNrW9CTHthYMUf560rNMXFMKDIs0rfKU5PEd23ETVUHq8G43HCng_3Fr4dbVDvg4xDwj_6z95SDomv2aahMhjSJKKw4iHGy6D27ny7Gy_8FoPN8PoR6KnMATg.fcAue2Eofeig_g_JXKkv0XKYAkwrDt4knTEmuZNYWFc&dib_tag=se&m=A3SFQLVXY8GUH2&marketplaceID=A39IBJ37TRP1C6&qid=1774740674&refinements=p_36%3A17500-18000&s=merchant-items&sr=1-53&xpid=ryw9MzFTYkMtl#customerReviews,Snow Peak TW-501-RC Stainless Steel Vacuum Bottle Type M500 Red Clay
B08QVRYRQM,,,,
B005MQHW6W,,176.17,https://www.amazon.com.au/Eva-Solo-Vacuum-1-Liter-White/dp/B005MQHW6W/ref=sr_1_54?dib=eyJ2IjoiMSJ9.xDoHTeyYQCUMq6YOrdTGFByvNFKbZhwtBB387P4qbrRz2wO3LpMNrW9CTHthYMUf560rNMXFMKDIs0rfKU5PEd23ETVUHq8G43HCng_3Fr4dbVDvg4xDwj_6z95SDomv2aahMhjSJKKw4iHGy6D27ny7Gy_8FoPN8PoR6KnMATg.fcAue2Eofeig_g_JXKkv0XKYAkwrDt4knTEmuZNYWFc&dib_tag=se&m=A3SFQLVXY8GUH2&marketplaceID=A39IBJ37TRP1C6&qid=1774740674&refinements=p_36%3A17500-18000&s=merchant-items&sr=1-54&xpid=ryw9MzFTYkMtl#customerReviews,"Eva Solo jug, 1-Liter, White"
B005MQHW6W,,,,
B0CCN6CCFV,,176.58,https://www.amazon.com.au/DAIWA-LT5000-CXH-Jigging-Spinning-Legalis/dp/B0CCN6CCFV/ref=sr_1_55?dib=eyJ2IjoiMSJ9.xDoHTeyYQCUMq6YOrdTGFByvNFKbZhwtBB387P4qbrRz2wO3LpMNrW9CTHthYMUf560rNMXFMKDIs0rfKU5PEd23ETVUHq8G43HCng_3Fr4dbVDvg4xDwj_6z95SDomv2aahMhjSJKKw4iHGy6D27ny7Gy_8FoPN8PoR6KnMATg.fcAue2Eofeig_g_JXKkv0XKYAkwrDt4knTEmuZNYWFc&dib_tag=se&m=A3SFQLVXY8GUH2&marketplaceID=A39IBJ37TRP1C6&qid=1774740674&refinements=p_36%3A17500-18000&s=merchant-items&sr=1-55&xpid=ryw9MzFTYkMtl#customerReviews,"Daiwa LT 1000S - 6000D-H Spinning Reel, 23 Legalis, Various (2023 Model)"
B0CCN6CCFV,,,,
B0CRQZ8RFG,,176.14,https://www.amazon.com.au/Gauge-10-1893-Japan-Maite-Passenger/dp/B0CRQZ8RFG/ref=sr_1_56?dib=eyJ2IjoiMSJ9.xDoHTeyYQCUMq6YOrdTGFByvNFKbZhwtBB387P4qbrRz2wO3LpMNrW9CTHthYMUf560rNMXFMKDIs0rfKU5PEd23ETVUHq8G43HCng_3Fr4dbVDvg4xDwj_6z95SDomv2aahMhjSJKKw4iHGy6D27ny7Gy_8FoPN8PoR6KnMATg.fcAue2Eofeig_g_JXKkv0XKYAkwrDt4knTEmuZNYWFc&dib_tag=se&m=A3SFQLVXY8GUH2&marketplaceID=A39IBJ37TRP1C6&qid=1774740674&refinements=p_36%3A17500-18000&s=merchant-items&sr=1-56&xpid=ryw9MzFTYkMtl#customerReviews,KATO N Gauge 10-1893 JR West Japan Maite 49 + Old Model Passenger Car Set of 4
B0CRQZ8RFG,,,,
B0C1W93WS2,,175.94,https://www.amazon.com.au/TAMA-Microphone-Telescoping-Boom-Clamp/dp/B0C1W93WS2/ref=sr_1_57?dib=eyJ2IjoiMSJ9.xDoHTeyYQCUMq6YOrdTGFByvNFKbZhwtBB387P4qbrRz2wO3LpMNrW9CTHthYMUf560rNMXFMKDIs0rfKU5PEd23ETVUHq8G43HCng_3Fr4dbVDvg4xDwj_6z95SDomv2aahMhjSJKKw4iHGy6D27ny7Gy_8FoPN8PoR6KnMATg.fcAue2Eofeig_g_JXKkv0XKYAkwrDt4knTEmuZNYWFc&dib_tag=se&m=A3SFQLVXY8GUH2&marketplaceID=A39IBJ37TRP1C6&qid=1774740674&refinements=p_36%3A17500-18000&s=merchant-items&sr=1-57&xpid=ryw9MzFTYkMtl#customerReviews,Tama MSCA734BK Microphone Telescoping Boom Arm with Clamp
B0C1W93WS2,,,,
B000UTIL98,,178.82,https://www.amazon.com.au/LAMY-2000-taxus-palladium-perfectly/dp/B000UTIL98/ref=sr_1_58?dib=eyJ2IjoiMSJ9.xDoHTeyYQCUMq6YOrdTGFByvNFKbZhwtBB387P4qbrRz2wO3LpMNrW9CTHthYMUf560rNMXFMKDIs0rfKU5PEd23ETVUHq8G43HCng_3Fr4dbVDvg4xDwj_6z95SDomv2aahMhjSJKKw4iHGy6D27ny7Gy_8FoPN8PoR6KnMATg.fcAue2Eofeig_g_JXKkv0XKYAkwrDt4knTEmuZNYWFc&dib_tag=se&m=A3SFQLVXY8GUH2&marketplaceID=A39IBJ37TRP1C6&qid=1774740674&refinements=p_36%3A17500-18000&s=merchant-items&sr=1-58&xpid=ryw9MzFTYkMtl#customerReviews,LAMY 2000 taxus - elegant ballpoint pen with yew wood casing and palladium finish - perfectly balanced - incl. giant refill LAMY M 16 in line width M in black
B000UTIL98,,,,
B00HV4Z0SA,,178.53,https://www.amazon.com.au/Fujifilm-SP-1-Instant-Printer-Resolution/dp/B00HV4Z0SA/ref=sr_1_59?dib=eyJ2IjoiMSJ9.xDoHTeyYQCUMq6YOrdTGFByvNFKbZhwtBB387P4qbrRz2wO3LpMNrW9CTHthYMUf560rNMXFMKDIs0rfKU5PEd23ETVUHq8G43HCng_3Fr4dbVDvg4xDwj_6z95SDomv2aahMhjSJKKw4iHGy6D27ny7Gy_8FoPN8PoR6KnMATg.fcAue2Eofeig_g_JXKkv0XKYAkwrDt4knTEmuZNYWFc&dib_tag=se&m=A3SFQLVXY8GUH2&marketplaceID=A39IBJ37TRP1C6&qid=1774740674&refinements=p_36%3A17500-18000&s=merchant-items&sr=1-59&xpid=ryw9MzFTYkMtl#customerReviews,Fujifilm Instax Share SP-1 Instant Film Printer 254dpi Resolution White - International Version (No Warranty)
B00HV4Z0SA,,,,
B0B81N1HCX,,175.7,https://www.amazon.com.au/Medicos-Chozokado-Kenshiro-Tensei-Action/dp/B0B81N1HCX/ref=sr_1_65?dib=eyJ2IjoiMSJ9.3p8HB7DanHWy6MNaGmMT9D6R8bjuIejQZs6JpILg4Wp6dtFP2wsLooUal8U7e6YiGSNg06ZZFQy1_yeEttXT2g.2MVxZjtRDBTq7zkjjml5TKAofp6TnYKik4WwcVJpo3Y&dib_tag=se&m=A3SFQLVXY8GUH2&marketplaceID=A39IBJ37TRP1C6&qid=1774740679&refinements=p_36%3A17500-18000&s=merchant-items&sr=1-65&xpid=ryw9MzFTYkMtl#customerReviews,Medicos - Fist of The North Star - Chozokado Kenshiro Muso Tensei Action Figure (Net)
B0CYLY2YBF,,178.52,https://www.amazon.com.au/Target-Darts-Nathan-Aspinall-Tungsten/dp/B0CYLY2YBF/ref=sr_1_66?dib=eyJ2IjoiMSJ9.3p8HB7DanHWy6MNaGmMT9D6R8bjuIejQZs6JpILg4Wp6dtFP2wsLooUal8U7e6YiGSNg06ZZFQy1_yeEttXT2g.2MVxZjtRDBTq7zkjjml5TKAofp6TnYKik4WwcVJpo3Y&dib_tag=se&m=A3SFQLVXY8GUH2&marketplaceID=A39IBJ37TRP1C6&qid=1774740679&refinements=p_36%3A17500-18000&s=merchant-items&sr=1-66&xpid=ryw9MzFTYkMtl#customerReviews,"Target Darts Nathan Aspinall x Echo 90% Tungsten Soft Tip Dart Set - 18G Player Edition Darts, Pixel Tip Dart with Pro Grip Shafts & Pro Ultra No.2 Flights"
B0CYLY2YBF,,,,
B08M36KQQW,,179.81,https://www.amazon.com.au/Mc-ft10-Imabari-Commercial-Murakami-Lightweight/dp/B08M36KQQW/ref=sr_1_67?dib=eyJ2IjoiMSJ9.3p8HB7DanHWy6MNaGmMT9D6R8bjuIejQZs6JpILg4Wp6dtFP2wsLooUal8U7e6YiGSNg06ZZFQy1_yeEttXT2g.2MVxZjtRDBTq7zkjjml5TKAofp6TnYKik4WwcVJpo3Y&dib_tag=se&m=A3SFQLVXY8GUH2&marketplaceID=A39IBJ37TRP1C6&qid=1774740679&refinements=p_36%3A17500-18000&s=merchant-items&sr=1-67&xpid=ryw9MzFTYkMtl,"Mc-ft10 Beauty Series Imabari Towels, Commercial Use, Face Towels, Set of 10, Murakami Towels, M Color, 13.4 x 33.9 inches (34 x 86 cm), For Beauty Salons, 100 Colors, Lightweight Thin (No.11 Cream)"
B08M36KQQW,,,,
B07YYW9BR6,,177.21,https://www.amazon.com.au/JoJos-Bizarre-Adventure-Diamond-Action/dp/B07YYW9BR6/ref=sr_1_68?dib=eyJ2IjoiMSJ9.3p8HB7DanHWy6MNaGmMT9D6R8bjuIejQZs6JpILg4Wp6dtFP2wsLooUal8U7e6YiGSNg06ZZFQy1_yeEttXT2g.2MVxZjtRDBTq7zkjjml5TKAofp6TnYKik4WwcVJpo3Y&dib_tag=se&m=A3SFQLVXY8GUH2&marketplaceID=A39IBJ37TRP1C6&qid=1774740679&refinements=p_36%3A17500-18000&s=merchant-items&sr=1-68&xpid=ryw9MzFTYkMtl,Good Smile Company JoJo's Bizarre Adventure 4 Crazy Diamond Figure (ME97446)
B0CNGNRY94,,176.55,https://www.amazon.com.au/Productions-Laplace-Darkness-Non-Scale-Pre-Painted/dp/B0CNGNRY94/ref=sr_1_69?dib=eyJ2IjoiMSJ9.3p8HB7DanHWy6MNaGmMT9D6R8bjuIejQZs6JpILg4Wp6dtFP2wsLooUal8U7e6YiGSNg06ZZFQy1_yeEttXT2g.2MVxZjtRDBTq7zkjjml5TKAofp6TnYKik4WwcVJpo3Y&dib_tag=se&m=A3SFQLVXY8GUH2&marketplaceID=A39IBJ37TRP1C6&qid=1774740679&refinements=p_36%3A17500-18000&s=merchant-items&sr=1-69&xpid=ryw9MzFTYkMtl#customerReviews,figma Holo Live Productions Laplace Darkness Non-Scale Plastic Pre-Painted Action Figure
B09XQQW94T,,178.48,https://www.amazon.com.au/MAX-Factory-Hololive-Production-Shirogane/dp/B09XQQW94T/ref=sr_1_65?dib=eyJ2IjoiMSJ9.tO_CUQ_tmV-LssWw5dCVZ5jx097-G8XnN46LTzxFsCR2Qu6qHaVpbGiVhU01RA5Fh2t71WJJwLf0u7zjrd-ch9HqloP0bMe-BZsrjTVpCoj4qen3L57A_yjiw1woDSpK5htSF24UuF0hOoR6juVBh23lOHgTVDX8Krj93TVGpJM.H-C1sC0DvaDqNarIiRYOTdLK-1FqEF1fFG_aVtvsb3E&dib_tag=se&m=A3SFQLVXY8GUH2&marketplaceID=A39IBJ37TRP1C6&qid=1774740679&refinements=p_36%3A17500-18000&s=merchant-items&sr=1-65&xpid=ryw9MzFTYkMtl#customerReviews,MAX Factory - Hololive Production Shirogane Noel Figurema Action Figure
B00T455FVG,,179.12,https://www.amazon.com.au/YUPITERU-Trainer-W%E3%80%90Japan-Domestic-products%E3%80%91/dp/B00T455FVG/ref=sr_1_66?dib=eyJ2IjoiMSJ9.tO_CUQ_tmV-LssWw5dCVZ5jx097-G8XnN46LTzxFsCR2Qu6qHaVpbGiVhU01RA5Fh2t71WJJwLf0u7zjrd-ch9HqloP0bMe-BZsrjTVpCoj4qen3L57A_yjiw1woDSpK5htSF24UuF0hOoR6juVBh23lOHgTVDX8Krj93TVGpJM.H-C1sC0DvaDqNarIiRYOTdLK-1FqEF1fFG_aVtvsb3E&dib_tag=se&m=A3SFQLVXY8GUH2&marketplaceID=A39IBJ37TRP1C6&qid=1774740679&refinements=p_36%3A17500-18000&s=merchant-items&sr=1-66&xpid=ryw9MzFTYkMtl#customerReviews,YUPITERU ATLAS Golf Swing Trainer GST-5 W【Japan Domestic genuine products】
B00T455FVG,,,,
B0B76B7M55,,175.69,https://www.amazon.com.au/MAX-Factory-Black-Shooter-Non-Scale/dp/B0B76B7M55/ref=sr_1_67?dib=eyJ2IjoiMSJ9.tO_CUQ_tmV-LssWw5dCVZ5jx097-G8XnN46LTzxFsCR2Qu6qHaVpbGiVhU01RA5Fh2t71WJJwLf0u7zjrd-ch9HqloP0bMe-BZsrjTVpCoj4qen3L57A_yjiw1woDSpK5htSF24UuF0hOoR6juVBh23lOHgTVDX8Krj93TVGpJM.H-C1sC0DvaDqNarIiRYOTdLK-1FqEF1fFG_aVtvsb3E&dib_tag=se&m=A3SFQLVXY8GUH2&marketplaceID=A39IBJ37TRP1C6&qid=1774740679&refinements=p_36%3A17500-18000&s=merchant-items&sr=1-67&xpid=ryw9MzFTYkMtl#customerReviews,MAX Factory - Black Rock Shooter: Dawn Fall - Black Trike Non-Scale Model Kit
B0B76B7M55,,,,
B002TUUEV4,,179.67,https://www.amazon.com.au/Daytona-horizontal-cylinder-reservoir-61738/dp/B002TUUEV4/ref=sr_1_68?dib=eyJ2IjoiMSJ9.tO_CUQ_tmV-LssWw5dCVZ5jx097-G8XnN46LTzxFsCR2Qu6qHaVpbGiVhU01RA5Fh2t71WJJwLf0u7zjrd-ch9HqloP0bMe-BZsrjTVpCoj4qen3L57A_yjiw1woDSpK5htSF24UuF0hOoR6juVBh23lOHgTVDX8Krj93TVGpJM.H-C1sC0DvaDqNarIiRYOTdLK-1FqEF1fFG_aVtvsb3E&dib_tag=se&m=A3SFQLVXY8GUH2&marketplaceID=A39IBJ37TRP1C6&qid=1774740679&refinements=p_36%3A17500-18000&s=merchant-items&sr=1-68&xpid=ryw9MzFTYkMtl#customerReviews,Daytona NISSIN 61738 Motorcycle Brake Master Cylinder Horizontal 5/8 Inch Black Body/Black Lever
B002TUUEV4,,,,
B08PBWX4C7,,178.12,https://www.amazon.com.au/Tamashi-Nations-Kyojuro-Breathing-FiguartsZERO/dp/B08PBWX4C7/ref=sr_1_69?dib=eyJ2IjoiMSJ9.tO_CUQ_tmV-LssWw5dCVZ5jx097-G8XnN46LTzxFsCR2Qu6qHaVpbGiVhU01RA5Fh2t71WJJwLf0u7zjrd-ch9HqloP0bMe-BZsrjTVpCoj4qen3L57A_yjiw1woDSpK5htSF24UuF0hOoR6juVBh23lOHgTVDX8Krj93TVGpJM.H-C1sC0DvaDqNarIiRYOTdLK-1FqEF1fFG_aVtvsb3E&dib_tag=se&m=A3SFQLVXY8GUH2&marketplaceID=A39IBJ37TRP1C6&qid=1774740679&refinements=p_36%3A17500-18000&s=merchant-items&sr=1-69&xpid=ryw9MzFTYkMtl#customerReviews,"Tamashi Nations - Demon Slayer - Kyojuro Rengoku Flame Breathing,Bandai Spirits FiguartsZERO"
B0C5R3LF8F,,177.41,https://www.amazon.com.au/Kaiyodo-Artplastic-Sculpture-Evangelion-Unassembled/dp/B0C5R3LF8F/ref=sr_1_70?dib=eyJ2IjoiMSJ9.tO_CUQ_tmV-LssWw5dCVZ5jx097-G8XnN46LTzxFsCR2Qu6qHaVpbGiVhU01RA5Fh2t71WJJwLf0u7zjrd-ch9HqloP0bMe-BZsrjTVpCoj4qen3L57A_yjiw1woDSpK5htSF24UuF0hOoR6juVBh23lOHgTVDX8Krj93TVGpJM.H-C1sC0DvaDqNarIiRYOTdLK-1FqEF1fFG_aVtvsb3E&dib_tag=se&m=A3SFQLVXY8GUH2&marketplaceID=A39IBJ37TRP1C6&qid=1774740679&refinements=p_36%3A17500-18000&s=merchant-items&sr=1-70&xpid=ryw9MzFTYkMtl#customerReviews,"Kaiyodo Artplastic ARTPLA Sculpture Works Evangelion Unit 2 Beast 2nd Form The Beast Geofront Blood Fight, Total Height Approx. 6.7 inches (170 mm), Non-Scale, Unpainted, Unassembled, Plastic Model"
B0C5R3LF8F,,,,
B09V1LYCH9,,176.45,https://www.amazon.com.au/S-H-Figuarts-Android-17-Universe-Survival-SAGA/dp/B09V1LYCH9/ref=sr_1_71?dib=eyJ2IjoiMSJ9.tO_CUQ_tmV-LssWw5dCVZ5jx097-G8XnN46LTzxFsCR2Qu6qHaVpbGiVhU01RA5Fh2t71WJJwLf0u7zjrd-ch9HqloP0bMe-BZsrjTVpCoj4qen3L57A_yjiw1woDSpK5htSF24UuF0hOoR6juVBh23lOHgTVDX8Krj93TVGpJM.H-C1sC0DvaDqNarIiRYOTdLK-1FqEF1fFG_aVtvsb3E&dib_tag=se&m=A3SFQLVXY8GUH2&marketplaceID=A39IBJ37TRP1C6&qid=1774740679&refinements=p_36%3A17500-18000&s=merchant-items&sr=1-71&xpid=ryw9MzFTYkMtl#customerReviews,Bandai S.H.Figuarts Android 17 Dragon Ball Universe Survival Saga SHF Figure
B08PBW43YY,,179.33,https://www.amazon.com.au/Tamashi-Nations-Avengers-BandaiSpirits-S-H-Figuarts/dp/B08PBW43YY/ref=sr_1_72?dib=eyJ2IjoiMSJ9.tO_CUQ_tmV-LssWw5dCVZ5jx097-G8XnN46LTzxFsCR2Qu6qHaVpbGiVhU01RA5Fh2t71WJJwLf0u7zjrd-ch9HqloP0bMe-BZsrjTVpCoj4qen3L57A_yjiw1woDSpK5htSF24UuF0hOoR6juVBh23lOHgTVDX8Krj93TVGpJM.H-C1sC0DvaDqNarIiRYOTdLK-1FqEF1fFG_aVtvsb3E&dib_tag=se&m=A3SFQLVXY8GUH2&marketplaceID=A39IBJ37TRP1C6&qid=1774740679&refinements=p_36%3A17500-18000&s=merchant-items&sr=1-72&xpid=ryw9MzFTYkMtl#customerReviews,"Tamashi Nations - Avengers - Thor -Avengers Assembe Edition, BandaiSpirits S.H.Figuarts"
B0BX8LQ4S1,,179.19,https://www.amazon.com.au/TOMIX-98123-Gauge-Railway-Diesel/dp/B0BX8LQ4S1/ref=sr_1_73?dib=eyJ2IjoiMSJ9.tO_CUQ_tmV-LssWw5dCVZ5jx097-G8XnN46LTzxFsCR2Qu6qHaVpbGiVhU01RA5Fh2t71WJJwLf0u7zjrd-ch9HqloP0bMe-BZsrjTVpCoj4qen3L57A_yjiw1woDSpK5htSF24UuF0hOoR6juVBh23lOHgTVDX8Krj93TVGpJM.H-C1sC0DvaDqNarIiRYOTdLK-1FqEF1fFG_aVtvsb3E&dib_tag=se&m=A3SFQLVXY8GUH2&marketplaceID=A39IBJ37TRP1C6&qid=1774740679&refinements=p_36%3A17500-18000&s=merchant-items&sr=1-73&xpid=ryw9MzFTYkMtl#customerReviews,TOMIX 98123 N Gauge JR Kiha 66 Type 67 Sea Side Liner Set Railway Model Diesel Car
B0BX8LQ4S1,,,,
B08PY1VMTY,,179.81,https://www.amazon.com.au/mc-ft10-Imabari-Commercial-Murakami-Lightweight/dp/B08PY1VMTY/ref=sr_1_74?dib=eyJ2IjoiMSJ9.tO_CUQ_tmV-LssWw5dCVZ5jx097-G8XnN46LTzxFsCR2Qu6qHaVpbGiVhU01RA5Fh2t71WJJwLf0u7zjrd-ch9HqloP0bMe-BZsrjTVpCoj4qen3L57A_yjiw1woDSpK5htSF24UuF0hOoR6juVBh23lOHgTVDX8Krj93TVGpJM.H-C1sC0DvaDqNarIiRYOTdLK-1FqEF1fFG_aVtvsb3E&dib_tag=se&m=A3SFQLVXY8GUH2&marketplaceID=A39IBJ37TRP1C6&qid=1774740679&refinements=p_36%3A17500-18000&s=merchant-items&sr=1-74&xpid=ryw9MzFTYkMtl,"mc-ft10 Beauty Series Imabari Towels, Commercial Use, Face Towels, Set of 10, Murakami Towels, M Color, 13.4 x 33.9 inches (34 x 86 cm), For Beauty Salons, 100 Colors, Lightweight Thin (No.61 Yellow"
B08PY1VMTY,,,,
B0B779XNXJ,,175.7,https://www.amazon.com.au/MAX-Factory-Season-Heartfilia-Nendoroid/dp/B0B779XNXJ/ref=sr_1_75?dib=eyJ2IjoiMSJ9.tO_CUQ_tmV-LssWw5dCVZ5jx097-G8XnN46LTzxFsCR2Qu6qHaVpbGiVhU01RA5Fh2t71WJJwLf0u7zjrd-ch9HqloP0bMe-BZsrjTVpCoj4qen3L57A_yjiw1woDSpK5htSF24UuF0hOoR6juVBh23lOHgTVDX8Krj93TVGpJM.H-C1sC0DvaDqNarIiRYOTdLK-1FqEF1fFG_aVtvsb3E&dib_tag=se&m=A3SFQLVXY8GUH2&marketplaceID=A39IBJ37TRP1C6&qid=1774740679&refinements=p_36%3A17500-18000&s=merchant-items&sr=1-75&xpid=ryw9MzFTYkMtl#customerReviews,MAX Factory - Fairy Tail Final Season - Lucy Heartfilia Nendoroid Action Figure
B09G5VXFS8,,177.03,https://www.amazon.com.au/NANGA-4938101055161-Starry-Blanket-inches/dp/B09G5VXFS8/ref=sr_1_81?dib=eyJ2IjoiMSJ9.os4RiaTtc-8-78YUf1bUnkrlmC2n97w2_2EUwA_NGdw7UnGje7HO5w7NsOUZGgw-EKL19hpfaoYwfq2KHG1_CQ.0iyL_-XCRUxaCa8iiWg4XePchFgOFF2l00gojCvcXEM&dib_tag=se&m=A3SFQLVXY8GUH2&marketplaceID=A39IBJ37TRP1C6&qid=1774740684&refinements=p_36%3A17500-18000&s=merchant-items&sr=1-81&xpid=ryw9MzFTYkMtl,NANGA 4938101055161 Starry Sky Blanket RED Sky 55.1 x 39.4 inches (140 x 100 cm)
B09G5VXFS8,,,,
B0BT7PKK5N,,179.54,https://www.amazon.com.au/Shredder-Office-Compact-Crosscut-Running/dp/B0BT7PKK5N/ref=sr_1_82?dib=eyJ2IjoiMSJ9.os4RiaTtc-8-78YUf1bUnkrlmC2n97w2_2EUwA_NGdw7UnGje7HO5w7NsOUZGgw-EKL19hpfaoYwfq2KHG1_CQ.0iyL_-XCRUxaCa8iiWg4XePchFgOFF2l00gojCvcXEM&dib_tag=se&m=A3SFQLVXY8GUH2&marketplaceID=A39IBJ37TRP1C6&qid=1774740684&refinements=p_36%3A17500-18000&s=merchant-items&sr=1-82&xpid=ryw9MzFTYkMtl#customerReviews,"Paper Shredder for Home Office, White Compact Design, 2 Sheet Crosscut Paper, 10 Mins Running Time"
B0BT7PKK5N,,,,
B0B3DG6CQW,,176.91,https://www.amazon.com.au/Diaclone-Tactical-Carrier-Expansion-Set/dp/B0B3DG6CQW/ref=sr_1_83?dib=eyJ2IjoiMSJ9.os4RiaTtc-8-78YUf1bUnkrlmC2n97w2_2EUwA_NGdw7UnGje7HO5w7NsOUZGgw-EKL19hpfaoYwfq2KHG1_CQ.0iyL_-XCRUxaCa8iiWg4XePchFgOFF2l00gojCvcXEM&dib_tag=se&m=A3SFQLVXY8GUH2&marketplaceID=A39IBJ37TRP1C6&qid=1774740684&refinements=p_36%3A17500-18000&s=merchant-items&sr=1-83&xpid=ryw9MzFTYkMtl#customerReviews,Diaclone Tactical Carrier Expansion Set
B0B3DG6CQW,,,,
B0BHJCHH4K,,179.25,https://www.amazon.com.au/Zenkaiger-Kiramager-Sempaiger-Kirameki-Zenkaiju/dp/B0BHJCHH4K/ref=sr_1_84?dib=eyJ2IjoiMSJ9.os4RiaTtc-8-78YUf1bUnkrlmC2n97w2_2EUwA_NGdw7UnGje7HO5w7NsOUZGgw-EKL19hpfaoYwfq2KHG1_CQ.0iyL_-XCRUxaCa8iiWg4XePchFgOFF2l00gojCvcXEM&dib_tag=se&m=A3SFQLVXY8GUH2&marketplaceID=A39IBJ37TRP1C6&qid=1774740684&refinements=p_36%3A17500-18000&s=merchant-items&sr=1-84&xpid=ryw9MzFTYkMtl,Bandai Kikai Sentai Zenkaiger VS Kiramager VS Sempaiger DX Kirameki Zenkaiju Gear
B09RSNJRV8,,175.7,https://www.amazon.com.au/Electronic-BUCKET-BRIGADE-ANALOG-DELAY/dp/B09RSNJRV8/ref=sr_1_85?dib=eyJ2IjoiMSJ9.os4RiaTtc-8-78YUf1bUnkrlmC2n97w2_2EUwA_NGdw7UnGje7HO5w7NsOUZGgw-EKL19hpfaoYwfq2KHG1_CQ.0iyL_-XCRUxaCa8iiWg4XePchFgOFF2l00gojCvcXEM&dib_tag=se&m=A3SFQLVXY8GUH2&marketplaceID=A39IBJ37TRP1C6&qid=1774740684&refinements=p_36%3A17500-18000&s=merchant-items&sr=1-85&xpid=ryw9MzFTYkMtl#customerReviews,TC Electronic Effect Pedal BUCKET BRIGADE ANALOG DELAY
B09RSNJRV8,,,,
B00E1AADI4,,177.76,https://www.amazon.com.au/Tama-MXA53-X-Hat-Attachment-Silver/dp/B00E1AADI4/ref=sr_1_81?dib=eyJ2IjoiMSJ9.JAEVGodGn2Ykl69m6TeUvtszXWGWD-IQy_Jb0bMKVsUMOpAyx0byw6hbAMKnp7sN6trjkbJqUbFTF3qpeEE3hGjYPJ3RkPiZCrQq6yCZwMjFA4tV73-srqp_NgC3ftzOQqTd4crumPs0BAWkck-4fwM0H_ndfLFc__-tXD41S44.3vxIMe-M7YVeiXCCwfpVNs_UFUK6wUzFimR8rJ-rSLk&dib_tag=se&m=A3SFQLVXY8GUH2&marketplaceID=A39IBJ37TRP1C6&qid=1774740684&refinements=p_36%3A17500-18000&s=merchant-items&sr=1-81&xpid=ryw9MzFTYkMtl#customerReviews,"Tama MXA53 X-Hat Attachment,Silver"
B00E1AADI4,,,,
B002ETAACS,,179.96,https://www.amazon.com.au/Dragonfly-Double-Harmonica-G-Tone-Premium/dp/B002ETAACS/ref=sr_1_82?dib=eyJ2IjoiMSJ9.JAEVGodGn2Ykl69m6TeUvtszXWGWD-IQy_Jb0bMKVsUMOpAyx0byw6hbAMKnp7sN6trjkbJqUbFTF3qpeEE3hGjYPJ3RkPiZCrQq6yCZwMjFA4tV73-srqp_NgC3ftzOQqTd4crumPs0BAWkck-4fwM0H_ndfLFc__-tXD41S44.3vxIMe-M7YVeiXCCwfpVNs_UFUK6wUzFimR8rJ-rSLk&dib_tag=se&m=A3SFQLVXY8GUH2&marketplaceID=A39IBJ37TRP1C6&qid=1774740684&refinements=p_36%3A17500-18000&s=merchant-items&sr=1-82&xpid=ryw9MzFTYkMtl#customerReviews,"Tombo 3521 Dragonfly Double Sound Harmonica, G-Tone Premium, 21 Holes"
B002ETAACS,,,,
B0DKTDD9ZK,,176.32,https://www.amazon.com.au/Table-Stainless-Column-Design-Retractable/dp/B0DKTDD9ZK/ref=sr_1_83?dib=eyJ2IjoiMSJ9.JAEVGodGn2Ykl69m6TeUvtszXWGWD-IQy_Jb0bMKVsUMOpAyx0byw6hbAMKnp7sN6trjkbJqUbFTF3qpeEE3hGjYPJ3RkPiZCrQq6yCZwMjFA4tV73-srqp_NgC3ftzOQqTd4crumPs0BAWkck-4fwM0H_ndfLFc__-tXD41S44.3vxIMe-M7YVeiXCCwfpVNs_UFUK6wUzFimR8rJ-rSLk&dib_tag=se&m=A3SFQLVXY8GUH2&marketplaceID=A39IBJ37TRP1C6&qid=1774740684&refinements=p_36%3A17500-18000&s=merchant-items&sr=1-83&xpid=ryw9MzFTYkMtl#customerReviews,"Bath Table, Bath, Table, Bath Rack, Tub Tray, Stainless Steel Column Design, Retractable Design, 24.4 - 38.6 inches (62 - 98 cm), Rust Resistant, Relaxing Bath, Bath Goods, Tub Rack, Extendable,"
B0DKTDD9ZK,,,,
B0DKTBXDFH,,176.32,https://www.amazon.com.au/Table-Stainless-Column-Design-Retractable/dp/B0DKTBXDFH/ref=sr_1_84?dib=eyJ2IjoiMSJ9.JAEVGodGn2Ykl69m6TeUvtszXWGWD-IQy_Jb0bMKVsUMOpAyx0byw6hbAMKnp7sN6trjkbJqUbFTF3qpeEE3hGjYPJ3RkPiZCrQq6yCZwMjFA4tV73-srqp_NgC3ftzOQqTd4crumPs0BAWkck-4fwM0H_ndfLFc__-tXD41S44.3vxIMe-M7YVeiXCCwfpVNs_UFUK6wUzFimR8rJ-rSLk&dib_tag=se&m=A3SFQLVXY8GUH2&marketplaceID=A39IBJ37TRP1C6&qid=1774740684&refinements=p_36%3A17500-18000&s=merchant-items&sr=1-84&xpid=ryw9MzFTYkMtl#customerReviews,"Bath Table, Bath, Table, Bath Rack, Tub Tray, Stainless Steel Column Design, Retractable Design, 24.4 - 38.6 inches (62 - 98 cm), Rust Resistant, Relaxing Bath, Bath Goods, Tub Rack, Extendable,"
B0DKTBXDFH,,,,
B0D975PRTT,,176.28,https://www.amazon.com.au/utensils-Included-Accessories-Connecting-Specialty/dp/B0D975PRTT/ref=sr_1_85?dib=eyJ2IjoiMSJ9.JAEVGodGn2Ykl69m6TeUvtszXWGWD-IQy_Jb0bMKVsUMOpAyx0byw6hbAMKnp7sN6trjkbJqUbFTF3qpeEE3hGjYPJ3RkPiZCrQq6yCZwMjFA4tV73-srqp_NgC3ftzOQqTd4crumPs0BAWkck-4fwM0H_ndfLFc__-tXD41S44.3vxIMe-M7YVeiXCCwfpVNs_UFUK6wUzFimR8rJ-rSLk&dib_tag=se&m=A3SFQLVXY8GUH2&marketplaceID=A39IBJ37TRP1C6&qid=1774740684&refinements=p_36%3A17500-18000&s=merchant-items&sr=1-85&xpid=ryw9MzFTYkMtl,"Tea utensils, Kaishi Included, Japanese Style Accessories, Bamboo Grove Cat Connecting Brocade, Red, Pure Silk Specialty Ripping, Ryuson Art Textiles"
B0D975PRTT,,,,
B08LB4VL21,,179.81,https://www.amazon.com.au/Imabari-Towels-Commercial-Lightweight-mc-ft10/dp/B08LB4VL21/ref=sr_1_86?dib=eyJ2IjoiMSJ9.JAEVGodGn2Ykl69m6TeUvtszXWGWD-IQy_Jb0bMKVsUMOpAyx0byw6hbAMKnp7sN6trjkbJqUbFTF3qpeEE3hGjYPJ3RkPiZCrQq6yCZwMjFA4tV73-srqp_NgC3ftzOQqTd4crumPs0BAWkck-4fwM0H_ndfLFc__-tXD41S44.3vxIMe-M7YVeiXCCwfpVNs_UFUK6wUzFimR8rJ-rSLk&dib_tag=se&m=A3SFQLVXY8GUH2&marketplaceID=A39IBJ37TRP1C6&qid=1774740684&refinements=p_36%3A17500-18000&s=merchant-items&sr=1-86&xpid=ryw9MzFTYkMtl,"Imabari Towels, Commercial Use, Face Towels, Set of 10, M Color, 13.4 x 33.9 inches (34 x 86 cm), For Beauty Salons, 100 Colors, Lightweight, Thin (No.50, Honey Yellow) mc-ft10"
B08LB4VL21,,,,
B08L8GP96T,,179.81,https://www.amazon.com.au/Size-34-100-Number-mc-ft10/dp/B08L8GP96T/ref=sr_1_87?dib=eyJ2IjoiMSJ9.JAEVGodGn2Ykl69m6TeUvtszXWGWD-IQy_Jb0bMKVsUMOpAyx0byw6hbAMKnp7sN6trjkbJqUbFTF3qpeEE3hGjYPJ3RkPiZCrQq6yCZwMjFA4tV73-srqp_NgC3ftzOQqTd4crumPs0BAWkck-4fwM0H_ndfLFc__-tXD41S44.3vxIMe-M7YVeiXCCwfpVNs_UFUK6wUzFimR8rJ-rSLk&dib_tag=se&m=A3SFQLVXY8GUH2&marketplaceID=A39IBJ37TRP1C6&qid=1774740684&refinements=p_36%3A17500-18000&s=merchant-items&sr=1-87&xpid=ryw9MzFTYkMtl,"Size M: 34 x 86, 100, Number 49, mc-ft10"
B08L8GP96T,,,,
B0CYZNGYCH,,179.52,https://www.amazon.com.au/Medicos-JoJos-Bizarre-Adventure-Crusaders/dp/B0CYZNGYCH/ref=sr_1_88?dib=eyJ2IjoiMSJ9.JAEVGodGn2Ykl69m6TeUvtszXWGWD-IQy_Jb0bMKVsUMOpAyx0byw6hbAMKnp7sN6trjkbJqUbFTF3qpeEE3hGjYPJ3RkPiZCrQq6yCZwMjFA4tV73-srqp_NgC3ftzOQqTd4crumPs0BAWkck-4fwM0H_ndfLFc__-tXD41S44.3vxIMe-M7YVeiXCCwfpVNs_UFUK6wUzFimR8rJ-rSLk&dib_tag=se&m=A3SFQLVXY8GUH2&marketplaceID=A39IBJ37TRP1C6&qid=1774740684&refinements=p_36%3A17500-18000&s=merchant-items&sr=1-88&xpid=ryw9MzFTYkMtl,Medicos JoJo’s Bizarre Adventure: Stardust Crusaders – N’Doul & Geb Statue Legends PVC Figure
B00SKXD7KY,,176.17,https://www.amazon.com.au/FV-30H-BOSS-Foot-Volume/dp/B00SKXD7KY/ref=sr_1_89?dib=eyJ2IjoiMSJ9.JAEVGodGn2Ykl69m6TeUvtszXWGWD-IQy_Jb0bMKVsUMOpAyx0byw6hbAMKnp7sN6trjkbJqUbFTF3qpeEE3hGjYPJ3RkPiZCrQq6yCZwMjFA4tV73-srqp_NgC3ftzOQqTd4crumPs0BAWkck-4fwM0H_ndfLFc__-tXD41S44.3vxIMe-M7YVeiXCCwfpVNs_UFUK6wUzFimR8rJ-rSLk&dib_tag=se&m=A3SFQLVXY8GUH2&marketplaceID=A39IBJ37TRP1C6&qid=1774740684&refinements=p_36%3A17500-18000&s=merchant-items&sr=1-89&xpid=ryw9MzFTYkMtl#customerReviews,"BOSS FV-30H High-Impedance Compact Foot Volume Pedal for your Pedalboard | Maximize Space | BOSS standard Sound Quality, Reliability & Durability | Connect directly to Electric Guitar or Bass"
B00SKXD7KY,,,,
B07SRD3LFW,,178.37,https://www.amazon.com.au/Triad-Orbit-Synergy-Serie-IO-Equipped-Savior/dp/B07SRD3LFW/ref=sr_1_90?dib=eyJ2IjoiMSJ9.JAEVGodGn2Ykl69m6TeUvtszXWGWD-IQy_Jb0bMKVsUMOpAyx0byw6hbAMKnp7sN6trjkbJqUbFTF3qpeEE3hGjYPJ3RkPiZCrQq6yCZwMjFA4tV73-srqp_NgC3ftzOQqTd4crumPs0BAWkck-4fwM0H_ndfLFc__-tXD41S44.3vxIMe-M7YVeiXCCwfpVNs_UFUK6wUzFimR8rJ-rSLk&dib_tag=se&m=A3SFQLVXY8GUH2&marketplaceID=A39IBJ37TRP1C6&qid=1774740684&refinements=p_36%3A17500-18000&s=merchant-items&sr=1-90&xpid=ryw9MzFTYkMtl#customerReviews,Triad-Orbit Synergy Serie IO-Equipped Savior Grip Clamp Mini
B07SRD3LFW,,,,
B00M9CUOKI,,176.17,https://www.amazon.com.au/AKG-P120-Performance-Condenser-Microphone/dp/B00M9CUOKI/ref=sr_1_91?dib=eyJ2IjoiMSJ9.JAEVGodGn2Ykl69m6TeUvtszXWGWD-IQy_Jb0bMKVsUMOpAyx0byw6hbAMKnp7sN6trjkbJqUbFTF3qpeEE3hGjYPJ3RkPiZCrQq6yCZwMjFA4tV73-srqp_NgC3ftzOQqTd4crumPs0BAWkck-4fwM0H_ndfLFc__-tXD41S44.3vxIMe-M7YVeiXCCwfpVNs_UFUK6wUzFimR8rJ-rSLk&dib_tag=se&m=A3SFQLVXY8GUH2&marketplaceID=A39IBJ37TRP1C6&qid=1774740684&refinements=p_36%3A17500-18000&s=merchant-items&sr=1-91&xpid=ryw9MzFTYkMtl#customerReviews,"AKG 3101H00400 P120 Cardioid Recording Condenser Microphone, 5.4 cm Diameter"
B00M9CUOKI,,,,
B0894WHL2D,,179.26,https://www.amazon.com.au/JoJos-Bizarre-Adventure-Joseph-Joestar/dp/B0894WHL2D/ref=sr_1_97?dib=eyJ2IjoiMSJ9.GmxJb37ArGAoc9zsUQ1_fPx8sNj5Xpkx8Y3Xyvb-mJljYfIxKfT5glqTMbGCmLZxFy0WAvrt1DIwpSA54i2pWg.rd6oMqz0LNdFPktBtQnmFIqrlWKHCPCbXqC71IB02uE&dib_tag=se&m=A3SFQLVXY8GUH2&marketplaceID=A39IBJ37TRP1C6&qid=1774740690&refinements=p_36%3A17500-18000&s=merchant-items&sr=1-97&xpid=ryw9MzFTYkMtl,JoJo's Bizarre Adventure 3: Joseph Joestar & Iggy - Super Action Statue
B00300I0TU,,177.58,https://www.amazon.com.au/RCW-6000/dp/B00300I0TU/ref=sr_1_98?dib=eyJ2IjoiMSJ9.GmxJb37ArGAoc9zsUQ1_fPx8sNj5Xpkx8Y3Xyvb-mJljYfIxKfT5glqTMbGCmLZxFy0WAvrt1DIwpSA54i2pWg.rd6oMqz0LNdFPktBtQnmFIqrlWKHCPCbXqC71IB02uE&dib_tag=se&m=A3SFQLVXY8GUH2&marketplaceID=A39IBJ37TRP1C6&qid=1774740690&refinements=p_36%3A17500-18000&s=merchant-items&sr=1-98&xpid=ryw9MzFTYkMtl#customerReviews,"TOP Industries (TOP) RCW-6000 Ratchet Combination Set, Set of 6, with Holder, Feed Angle: 5°, 0.31, 0.57, 0.57, 0.57, 0.57 inches (8, 10, 12, 13, 14, 17 mm), Gear Wrench"
B00300I0TU,,,,
B00OJYSPA0,,177.05,https://www.amazon.com.au/PP800/dp/B00OJYSPA0/ref=sr_1_99?dib=eyJ2IjoiMSJ9.GmxJb37ArGAoc9zsUQ1_fPx8sNj5Xpkx8Y3Xyvb-mJljYfIxKfT5glqTMbGCmLZxFy0WAvrt1DIwpSA54i2pWg.rd6oMqz0LNdFPktBtQnmFIqrlWKHCPCbXqC71IB02uE&dib_tag=se&m=A3SFQLVXY8GUH2&marketplaceID=A39IBJ37TRP1C6&qid=1774740690&refinements=p_36%3A17500-18000&s=merchant-items&sr=1-99&xpid=ryw9MzFTYkMtl#customerReviews,"Tone PP800 Ping Punch Set, Black, 8 Pieces"
B00OJYSPA0,,,,
B08VGHCVFN,,175.88,https://www.amazon.com.au/Gundam-Model-Mk-II-Ver-2-0-18CM/dp/B08VGHCVFN/ref=sr_1_100?dib=eyJ2IjoiMSJ9.GmxJb37ArGAoc9zsUQ1_fPx8sNj5Xpkx8Y3Xyvb-mJljYfIxKfT5glqTMbGCmLZxFy0WAvrt1DIwpSA54i2pWg.rd6oMqz0LNdFPktBtQnmFIqrlWKHCPCbXqC71IB02uE&dib_tag=se&m=A3SFQLVXY8GUH2&marketplaceID=A39IBJ37TRP1C6&qid=1774740690&refinements=p_36%3A17500-18000&s=merchant-items&sr=1-100&xpid=ryw9MzFTYkMtl#customerReviews,Gundam - Model Kit - MG 1/100 - Gundam Mk-II Ver. 2.0-18CM
B01JZK5SRU,,175.09,https://www.amazon.com.au/TOURBON-Canvas-Bicycle-Cycling-Double/dp/B01JZK5SRU/ref=sr_1_101?dib=eyJ2IjoiMSJ9.GmxJb37ArGAoc9zsUQ1_fPx8sNj5Xpkx8Y3Xyvb-mJljYfIxKfT5glqTMbGCmLZxFy0WAvrt1DIwpSA54i2pWg.rd6oMqz0LNdFPktBtQnmFIqrlWKHCPCbXqC71IB02uE&dib_tag=se&m=A3SFQLVXY8GUH2&marketplaceID=A39IBJ37TRP1C6&qid=1774740690&refinements=p_36%3A17500-18000&s=merchant-items&sr=1-101&xpid=ryw9MzFTYkMtl#customerReviews,Tourbon Bicycle Pannier Bag Waterproof Canvas Double Roll Up Women Bike Rear Seat Carrier Luggage Storage Bag Green
B01JZK5SRU,,,,
B00UBBX8M0,,175.8,https://www.amazon.com.au/Peacock-3-0L-Country-Flower-MOP-30FLC/dp/B00UBBX8M0/ref=sr_1_97?dib=eyJ2IjoiMSJ9.XXHu4tv2K9I7rKq_HIm7Q-dek1PIoQ048t7VXcBJhBIlmCMJd_TxUFWxnv6XF39g4gJ9USfo6-SoEZIpw_KUB-pq44jA481yIMn6Yh6Be6sjtLbs-y97_UmFKx3yzy1jWjV7aCDc0QHf_Cwka_udFuffdD2uDVrlAKm18rU3tnA.iwHqN_FlHZh_4G_xmV94EPPWc7-O8048ivuUOhiaqmo&dib_tag=se&m=A3SFQLVXY8GUH2&marketplaceID=A39IBJ37TRP1C6&qid=1774740690&refinements=p_36%3A17500-18000&s=merchant-items&sr=1-97&xpid=ryw9MzFTYkMtl#customerReviews,Peacock MOP-30 FLC Air Pot Glass Tabletop Thermal Country Flower 3.0L
B00UBBX8M0,,,,
B00OPKNOF4,,176.53,https://www.amazon.com.au/PETROMAX-Peter-Fire-Kettle-12543/dp/B00OPKNOF4/ref=sr_1_98?dib=eyJ2IjoiMSJ9.XXHu4tv2K9I7rKq_HIm7Q-dek1PIoQ048t7VXcBJhBIlmCMJd_TxUFWxnv6XF39g4gJ9USfo6-SoEZIpw_KUB-pq44jA481yIMn6Yh6Be6sjtLbs-y97_UmFKx3yzy1jWjV7aCDc0QHf_Cwka_udFuffdD2uDVrlAKm18rU3tnA.iwHqN_FlHZh_4G_xmV94EPPWc7-O8048ivuUOhiaqmo&dib_tag=se&m=A3SFQLVXY8GUH2&marketplaceID=A39IBJ37TRP1C6&qid=1774740690&refinements=p_36%3A17500-18000&s=merchant-items&sr=1-98&xpid=ryw9MzFTYkMtl#customerReviews,"Petromax Outdoor Camping Cookware, Fire Kettle, Fire Skillet, Carrying Case"
B00OPKNOF4,,,,
B0B8Y8VLZQ,,176.7,https://www.amazon.com.au/Duel-Masters-DM22-RP1-Abyss-Legendary/dp/B0B8Y8VLZQ/ref=sr_1_99?dib=eyJ2IjoiMSJ9.XXHu4tv2K9I7rKq_HIm7Q-dek1PIoQ048t7VXcBJhBIlmCMJd_TxUFWxnv6XF39g4gJ9USfo6-SoEZIpw_KUB-pq44jA481yIMn6Yh6Be6sjtLbs-y97_UmFKx3yzy1jWjV7aCDc0QHf_Cwka_udFuffdD2uDVrlAKm18rU3tnA.iwHqN_FlHZh_4G_xmV94EPPWc7-O8048ivuUOhiaqmo&dib_tag=se&m=A3SFQLVXY8GUH2&marketplaceID=A39IBJ37TRP1C6&qid=1774740690&refinements=p_36%3A17500-18000&s=merchant-items&sr=1-99&xpid=ryw9MzFTYkMtl#customerReviews,"Duel Masters TCG DM22-RP1 God of Abyss Vol. 1""Legendary Evil God Box"
B09G2QCD51,,176.86,https://www.amazon.com.au/Apex-Punishing-Arctech-Bianca-Veritas/dp/B09G2QCD51/ref=sr_1_100?dib=eyJ2IjoiMSJ9.XXHu4tv2K9I7rKq_HIm7Q-dek1PIoQ048t7VXcBJhBIlmCMJd_TxUFWxnv6XF39g4gJ9USfo6-SoEZIpw_KUB-pq44jA481yIMn6Yh6Be6sjtLbs-y97_UmFKx3yzy1jWjV7aCDc0QHf_Cwka_udFuffdD2uDVrlAKm18rU3tnA.iwHqN_FlHZh_4G_xmV94EPPWc7-O8048ivuUOhiaqmo&dib_tag=se&m=A3SFQLVXY8GUH2&marketplaceID=A39IBJ37TRP1C6&qid=1774740690&refinements=p_36%3A17500-18000&s=merchant-items&sr=1-100&xpid=ryw9MzFTYkMtl,Apex - Punishing Gray Raven Arctech Series Bianca Veritas 1/7 PVC Figure
B095Y8FYSM,,177.96,https://www.amazon.com.au/Ebis-Tobi-Level-Zero-ED-TBZBL/dp/B095Y8FYSM/ref=sr_1_101?dib=eyJ2IjoiMSJ9.XXHu4tv2K9I7rKq_HIm7Q-dek1PIoQ048t7VXcBJhBIlmCMJd_TxUFWxnv6XF39g4gJ9USfo6-SoEZIpw_KUB-pq44jA481yIMn6Yh6Be6sjtLbs-y97_UmFKx3yzy1jWjV7aCDc0QHf_Cwka_udFuffdD2uDVrlAKm18rU3tnA.iwHqN_FlHZh_4G_xmV94EPPWc7-O8048ivuUOhiaqmo&dib_tag=se&m=A3SFQLVXY8GUH2&marketplaceID=A39IBJ37TRP1C6&qid=1774740690&refinements=p_36%3A17500-18000&s=merchant-items&sr=1-101&xpid=ryw9MzFTYkMtl,Ebis Tobi Level Zero ED-TBZBL Blue
B095Y8FYSM,,,,
B095Y7N9CH,,177.96,https://www.amazon.com.au/Ebis-Tobi-Level-ED-TBZ-Green/dp/B095Y7N9CH/ref=sr_1_102?dib=eyJ2IjoiMSJ9.XXHu4tv2K9I7rKq_HIm7Q-dek1PIoQ048t7VXcBJhBIlmCMJd_TxUFWxnv6XF39g4gJ9USfo6-SoEZIpw_KUB-pq44jA481yIMn6Yh6Be6sjtLbs-y97_UmFKx3yzy1jWjV7aCDc0QHf_Cwka_udFuffdD2uDVrlAKm18rU3tnA.iwHqN_FlHZh_4G_xmV94EPPWc7-O8048ivuUOhiaqmo&dib_tag=se&m=A3SFQLVXY8GUH2&marketplaceID=A39IBJ37TRP1C6&qid=1774740690&refinements=p_36%3A17500-18000&s=merchant-items&sr=1-102&xpid=ryw9MzFTYkMtl,Ebis Tobi Level Zero ED-TBZ Green
B095Y7N9CH,,,,
B095JHGNJ5,,179.74,https://www.amazon.com.au/Padico-PDC403330-Resin-Liquid-Drops/dp/B095JHGNJ5/ref=sr_1_103?dib=eyJ2IjoiMSJ9.XXHu4tv2K9I7rKq_HIm7Q-dek1PIoQ048t7VXcBJhBIlmCMJd_TxUFWxnv6XF39g4gJ9USfo6-SoEZIpw_KUB-pq44jA481yIMn6Yh6Be6sjtLbs-y97_UmFKx3yzy1jWjV7aCDc0QHf_Cwka_udFuffdD2uDVrlAKm18rU3tnA.iwHqN_FlHZh_4G_xmV94EPPWc7-O8048ivuUOhiaqmo&dib_tag=se&m=A3SFQLVXY8GUH2&marketplaceID=A39IBJ37TRP1C6&qid=1774740690&refinements=p_36%3A17500-18000&s=merchant-items&sr=1-103&xpid=ryw9MzFTYkMtl#customerReviews,"Padico PDC403330 UV Resin Liquid, Sun Drops, 17.6 oz (500 g)"
B095JHGNJ5,,,,
B091SPJJ4H,,177.55,https://www.amazon.com.au/Hasegawa-Williams-Metal-Engine-Details/dp/B091SPJJ4H/ref=sr_1_104?dib=eyJ2IjoiMSJ9.XXHu4tv2K9I7rKq_HIm7Q-dek1PIoQ048t7VXcBJhBIlmCMJd_TxUFWxnv6XF39g4gJ9USfo6-SoEZIpw_KUB-pq44jA481yIMn6Yh6Be6sjtLbs-y97_UmFKx3yzy1jWjV7aCDc0QHf_Cwka_udFuffdD2uDVrlAKm18rU3tnA.iwHqN_FlHZh_4G_xmV94EPPWc7-O8048ivuUOhiaqmo&dib_tag=se&m=A3SFQLVXY8GUH2&marketplaceID=A39IBJ37TRP1C6&qid=1774740690&refinements=p_36%3A17500-18000&s=merchant-items&sr=1-104&xpid=ryw9MzFTYkMtl,Hasegawa - 1:24 Williams FW14 - All Metal Engine Details
B091SPJJ4H,,,,
B088MMXVBP,,175.35,https://www.amazon.com.au/Puni-Sumikko-Gurashi-Plus-PG-27/dp/B088MMXVBP/ref=sr_1_105?dib=eyJ2IjoiMSJ9.XXHu4tv2K9I7rKq_HIm7Q-dek1PIoQ048t7VXcBJhBIlmCMJd_TxUFWxnv6XF39g4gJ9USfo6-SoEZIpw_KUB-pq44jA481yIMn6Yh6Be6sjtLbs-y97_UmFKx3yzy1jWjV7aCDc0QHf_Cwka_udFuffdD2uDVrlAKm18rU3tnA.iwHqN_FlHZh_4G_xmV94EPPWc7-O8048ivuUOhiaqmo&dib_tag=se&m=A3SFQLVXY8GUH2&marketplaceID=A39IBJ37TRP1C6&qid=1774740690&refinements=p_36%3A17500-18000&s=merchant-items&sr=1-105&xpid=ryw9MzFTYkMtl#customerReviews,Puni Gel Sumikko Gurashi DX Plus PG-27
B079H7Z5L8,,177.24,https://www.amazon.com.au/Tamashii-Nations-S-H-Figuarts-Masters-Fighter/dp/B079H7Z5L8/ref=sr_1_106?dib=eyJ2IjoiMSJ9.XXHu4tv2K9I7rKq_HIm7Q-dek1PIoQ048t7VXcBJhBIlmCMJd_TxUFWxnv6XF39g4gJ9USfo6-SoEZIpw_KUB-pq44jA481yIMn6Yh6Be6sjtLbs-y97_UmFKx3yzy1jWjV7aCDc0QHf_Cwka_udFuffdD2uDVrlAKm18rU3tnA.iwHqN_FlHZh_4G_xmV94EPPWc7-O8048ivuUOhiaqmo&dib_tag=se&m=A3SFQLVXY8GUH2&marketplaceID=A39IBJ37TRP1C6&qid=1774740690&refinements=p_36%3A17500-18000&s=merchant-items&sr=1-106&xpid=ryw9MzFTYkMtl#customerReviews,Tamashii Nations Bandai S.H.Figuarts Ken Masters Street Fighter Action Figure
B00F32I4K8,,177.46,https://www.amazon.com.au/anniversary-machine-Valkyrie-65824-Hasegawa/dp/B00F32I4K8/ref=sr_1_107?dib=eyJ2IjoiMSJ9.XXHu4tv2K9I7rKq_HIm7Q-dek1PIoQ048t7VXcBJhBIlmCMJd_TxUFWxnv6XF39g4gJ9USfo6-SoEZIpw_KUB-pq44jA481yIMn6Yh6Be6sjtLbs-y97_UmFKx3yzy1jWjV7aCDc0QHf_Cwka_udFuffdD2uDVrlAKm18rU3tnA.iwHqN_FlHZh_4G_xmV94EPPWc7-O8048ivuUOhiaqmo&dib_tag=se&m=A3SFQLVXY8GUH2&marketplaceID=A39IBJ37TRP1C6&qid=1774740690&refinements=p_36%3A17500-18000&s=merchant-items&sr=1-107&xpid=ryw9MzFTYkMtl,30th anniversary paint machine 1/48 Macross VF-1J Valkyrie Macross (65824) by Hasegawa
B00F32I4K8,,,,
B0BBYQZZP3,,177.0,https://www.amazon.com.au/Sumikko-Gurashi-Crisis-Max-5/dp/B0BBYQZZP3/ref=sr_1_113?dib=eyJ2IjoiMSJ9.2BJAc2OYW5ys_c3x0XaRXBCyc4DceTZ0GtH1-t6EdYdW2TfZPiSp7w8FxIEEKsDY3zWfa18fWUjXB9kBBupJaA.DNPGcos6JCf6BLIVGuKoJjzOlsmVsF8nH3_kuZoNk4g&dib_tag=se&m=A3SFQLVXY8GUH2&marketplaceID=A39IBJ37TRP1C6&qid=1774740695&refinements=p_36%3A17500-18000&s=merchant-items&sr=1-113&xpid=ryw9MzFTYkMtl#customerReviews,Sumikko Gurashi Crisis Max 5
B097MVMKH4,,176.02,https://www.amazon.com.au/Good-Smile-Company-Teruyasu-Figurema/dp/B097MVMKH4/ref=sr_1_114?dib=eyJ2IjoiMSJ9.2BJAc2OYW5ys_c3x0XaRXBCyc4DceTZ0GtH1-t6EdYdW2TfZPiSp7w8FxIEEKsDY3zWfa18fWUjXB9kBBupJaA.DNPGcos6JCf6BLIVGuKoJjzOlsmVsF8nH3_kuZoNk4g&dib_tag=se&m=A3SFQLVXY8GUH2&marketplaceID=A39IBJ37TRP1C6&qid=1774740695&refinements=p_36%3A17500-18000&s=merchant-items&sr=1-114&xpid=ryw9MzFTYkMtl#customerReviews,Good Smile Company - Little Armory Teruyasu Maria Figurema Action Figure
B08ZSJ1RZV,,178.57,https://www.amazon.com.au/Fate-Grand-Order-Saber-Okita/dp/B08ZSJ1RZV/ref=sr_1_115?dib=eyJ2IjoiMSJ9.2BJAc2OYW5ys_c3x0XaRXBCyc4DceTZ0GtH1-t6EdYdW2TfZPiSp7w8FxIEEKsDY3zWfa18fWUjXB9kBBupJaA.DNPGcos6JCf6BLIVGuKoJjzOlsmVsF8nH3_kuZoNk4g&dib_tag=se&m=A3SFQLVXY8GUH2&marketplaceID=A39IBJ37TRP1C6&qid=1774740695&refinements=p_36%3A17500-18000&s=merchant-items&sr=1-115&xpid=ryw9MzFTYkMtl#customerReviews,Fate/Grand Order Figma Saber Okita Souji Action Figure
B084DQN21N,,178.77,https://www.amazon.com.au/NEMO-NM-SWB-R-BR-Switchback-Boliair-Regular/dp/B084DQN21N/ref=sr_1_116?dib=eyJ2IjoiMSJ9.2BJAc2OYW5ys_c3x0XaRXBCyc4DceTZ0GtH1-t6EdYdW2TfZPiSp7w8FxIEEKsDY3zWfa18fWUjXB9kBBupJaA.DNPGcos6JCf6BLIVGuKoJjzOlsmVsF8nH3_kuZoNk4g&dib_tag=se&m=A3SFQLVXY8GUH2&marketplaceID=A39IBJ37TRP1C6&qid=1774740695&refinements=p_36%3A17500-18000&s=merchant-items&sr=1-116&xpid=ryw9MzFTYkMtl#customerReviews,NEMO NM-SWB-R-BR Switchback Boliair Regular
B084DQN21N,,,,
B084DKJK42,,175.02,https://www.amazon.com.au/KATO-10-573-Tsubasame-Daisho-Extension/dp/B084DKJK42/ref=sr_1_117?dib=eyJ2IjoiMSJ9.2BJAc2OYW5ys_c3x0XaRXBCyc4DceTZ0GtH1-t6EdYdW2TfZPiSp7w8FxIEEKsDY3zWfa18fWUjXB9kBBupJaA.DNPGcos6JCf6BLIVGuKoJjzOlsmVsF8nH3_kuZoNk4g&dib_tag=se&m=A3SFQLVXY8GUH2&marketplaceID=A39IBJ37TRP1C6&qid=1774740695&refinements=p_36%3A17500-18000&s=merchant-items&sr=1-117&xpid=ryw9MzFTYkMtl#customerReviews,KATO 10-573 N Gauge Tsubasame Blue Daisho 8-Car Extension Set
B01KXGTFVA,,175.95,https://www.amazon.com.au/Yamazaki-Industries-2845-Under-Cabinet-Multi-Functional/dp/B01KXGTFVA/ref=sr_1_113?dib=eyJ2IjoiMSJ9.UnYCUf6wrgXrF2XgSNYmSQrLefOMRJKTzkK_64HtwLxY7LDw1InNVNneSy-tr-HWdP9Mop_itJYcDP1e9kAtP0kooM--LsJN69XRazZQI6bYilUJqKWz3OCSDbCKliAR2uJRmNKO_KNDwm8wA2JUmYsUZ96OKwkQFOaDPF6zdHw.ZyI5-v8l-RpMx7lQQL7vEXSLnK9AUmomVl7r0n-W06w&dib_tag=se&m=A3SFQLVXY8GUH2&marketplaceID=A39IBJ37TRP1C6&qid=1774740695&refinements=p_36%3A17500-18000&s=merchant-items&sr=1-113&xpid=ryw9MzFTYkMtl#customerReviews,"Yamazaki 2845 Under Cabinet Multi-Functional Rack, White, Approx. W 12.0 x D 10.2 x H 6.3 inches (30.5 x 26 x 16 cm), Tower Tower Kitchen Paper Holder, Kitchen Rack"
B01KXGTFVA,,,,
B00D3Y1ASQ,,177.08,https://www.amazon.com.au/Bandai-Tamashii-Nations-Spirits-Testament/dp/B00D3Y1ASQ/ref=sr_1_114?dib=eyJ2IjoiMSJ9.UnYCUf6wrgXrF2XgSNYmSQrLefOMRJKTzkK_64HtwLxY7LDw1InNVNneSy-tr-HWdP9Mop_itJYcDP1e9kAtP0kooM--LsJN69XRazZQI6bYilUJqKWz3OCSDbCKliAR2uJRmNKO_KNDwm8wA2JUmYsUZ96OKwkQFOaDPF6zdHw.ZyI5-v8l-RpMx7lQQL7vEXSLnK9AUmomVl7r0n-W06w&dib_tag=se&m=A3SFQLVXY8GUH2&marketplaceID=A39IBJ37TRP1C6&qid=1774740695&refinements=p_36%3A17500-18000&s=merchant-items&sr=1-114&xpid=ryw9MzFTYkMtl#customerReviews,Bandai Tamashii Nations Robot Spirits Testament Gundam Action Figure
B0BKKZQ3XT,,179.51,https://www.amazon.com.au/Yamazaki-Industries-5986-Organizer-Approx/dp/B0BKKZQ3XT/ref=sr_1_115?dib=eyJ2IjoiMSJ9.UnYCUf6wrgXrF2XgSNYmSQrLefOMRJKTzkK_64HtwLxY7LDw1InNVNneSy-tr-HWdP9Mop_itJYcDP1e9kAtP0kooM--LsJN69XRazZQI6bYilUJqKWz3OCSDbCKliAR2uJRmNKO_KNDwm8wA2JUmYsUZ96OKwkQFOaDPF6zdHw.ZyI5-v8l-RpMx7lQQL7vEXSLnK9AUmomVl7r0n-W06w&dib_tag=se&m=A3SFQLVXY8GUH2&marketplaceID=A39IBJ37TRP1C6&qid=1774740695&refinements=p_36%3A17500-18000&s=merchant-items&sr=1-115&xpid=ryw9MzFTYkMtl#customerReviews,"Yamazaki Industries 5986 Slim Desk Organizer, Black, Approx. W 19.7 x D 2.0 x H 3.2 inches (50 x 5 x 8.2 cm), Tower, Storage Box, Desk Storage Box"
B0BKKZQ3XT,,,,
B0B8Z1D2PN,,178.39,https://www.amazon.com.au/Reement-Fushigidagaya-Zenitendo-Terrarium-Collection/dp/B0B8Z1D2PN/ref=sr_1_116?dib=eyJ2IjoiMSJ9.UnYCUf6wrgXrF2XgSNYmSQrLefOMRJKTzkK_64HtwLxY7LDw1InNVNneSy-tr-HWdP9Mop_itJYcDP1e9kAtP0kooM--LsJN69XRazZQI6bYilUJqKWz3OCSDbCKliAR2uJRmNKO_KNDwm8wA2JUmYsUZ96OKwkQFOaDPF6zdHw.ZyI5-v8l-RpMx7lQQL7vEXSLnK9AUmomVl7r0n-W06w&dib_tag=se&m=A3SFQLVXY8GUH2&marketplaceID=A39IBJ37TRP1C6&qid=1774740695&refinements=p_36%3A17500-18000&s=merchant-items&sr=1-116&xpid=ryw9MzFTYkMtl,"Reement Fushigidagaya Zenitendo Terrarium Collection Box Product, 6 Types in Total, 6 Pieces"
B09WVVWP5P,,177.44,https://www.amazon.com.au/Good-Smile-Company-Tony-Figure/dp/B09WVVWP5P/ref=sr_1_117?dib=eyJ2IjoiMSJ9.UnYCUf6wrgXrF2XgSNYmSQrLefOMRJKTzkK_64HtwLxY7LDw1InNVNneSy-tr-HWdP9Mop_itJYcDP1e9kAtP0kooM--LsJN69XRazZQI6bYilUJqKWz3OCSDbCKliAR2uJRmNKO_KNDwm8wA2JUmYsUZ96OKwkQFOaDPF6zdHw.ZyI5-v8l-RpMx7lQQL7vEXSLnK9AUmomVl7r0n-W06w&dib_tag=se&m=A3SFQLVXY8GUH2&marketplaceID=A39IBJ37TRP1C6&qid=1774740695&refinements=p_36%3A17500-18000&s=merchant-items&sr=1-117&xpid=ryw9MzFTYkMtl,Good Smile Company - Tony CCG Expo - Zi Ling 2015 1/7 PVC Figure
B098DPKGCV,,178.02,https://www.amazon.com.au/Good-Smile-Company-Marvel-Nendoroid/dp/B098DPKGCV/ref=sr_1_118?dib=eyJ2IjoiMSJ9.UnYCUf6wrgXrF2XgSNYmSQrLefOMRJKTzkK_64HtwLxY7LDw1InNVNneSy-tr-HWdP9Mop_itJYcDP1e9kAtP0kooM--LsJN69XRazZQI6bYilUJqKWz3OCSDbCKliAR2uJRmNKO_KNDwm8wA2JUmYsUZ96OKwkQFOaDPF6zdHw.ZyI5-v8l-RpMx7lQQL7vEXSLnK9AUmomVl7r0n-W06w&dib_tag=se&m=A3SFQLVXY8GUH2&marketplaceID=A39IBJ37TRP1C6&qid=1774740695&refinements=p_36%3A17500-18000&s=merchant-items&sr=1-118&xpid=ryw9MzFTYkMtl#customerReviews,Good Smile Company - Marvel Comics Venom Nendoroid Action Figure
B09GRK47N2,,179.86,https://www.amazon.com.au/IPF-E104FLB-Common-Integrated-Installation/dp/B09GRK47N2/ref=sr_1_119?dib=eyJ2IjoiMSJ9.UnYCUf6wrgXrF2XgSNYmSQrLefOMRJKTzkK_64HtwLxY7LDw1InNVNneSy-tr-HWdP9Mop_itJYcDP1e9kAtP0kooM--LsJN69XRazZQI6bYilUJqKWz3OCSDbCKliAR2uJRmNKO_KNDwm8wA2JUmYsUZ96OKwkQFOaDPF6zdHw.ZyI5-v8l-RpMx7lQQL7vEXSLnK9AUmomVl7r0n-W06w&dib_tag=se&m=A3SFQLVXY8GUH2&marketplaceID=A39IBJ37TRP1C6&qid=1774740695&refinements=p_36%3A17500-18000&s=merchant-items&sr=1-119&xpid=ryw9MzFTYkMtl#customerReviews,IPF E104FLB Fog Lamp LED Bulb H8 H11 H16 Common Type Deep Yellow 2400K Integrated Driver Unit Easy Installation
B09GRK47N2,,,,
B076M214KW,,177.61,https://www.amazon.com.au/KC-Bells-MB-8DB-Music-Sound/dp/B076M214KW/ref=sr_1_120?dib=eyJ2IjoiMSJ9.UnYCUf6wrgXrF2XgSNYmSQrLefOMRJKTzkK_64HtwLxY7LDw1InNVNneSy-tr-HWdP9Mop_itJYcDP1e9kAtP0kooM--LsJN69XRazZQI6bYilUJqKWz3OCSDbCKliAR2uJRmNKO_KNDwm8wA2JUmYsUZ96OKwkQFOaDPF6zdHw.ZyI5-v8l-RpMx7lQQL7vEXSLnK9AUmomVl7r0n-W06w&dib_tag=se&m=A3SFQLVXY8GUH2&marketplaceID=A39IBJ37TRP1C6&qid=1774740695&refinements=p_36%3A17500-18000&s=merchant-items&sr=1-120&xpid=ryw9MzFTYkMtl#customerReviews,KC Bear Desk Bells MB-8DB Music Bell 8 Sound Set
B076M214KW,,,,
B0CDWWNKQQ,,176.85,https://www.amazon.com.au/Bandai-Carddass-Mobile-Gundam-Mercury/dp/B0CDWWNKQQ/ref=sr_1_121?dib=eyJ2IjoiMSJ9.UnYCUf6wrgXrF2XgSNYmSQrLefOMRJKTzkK_64HtwLxY7LDw1InNVNneSy-tr-HWdP9Mop_itJYcDP1e9kAtP0kooM--LsJN69XRazZQI6bYilUJqKWz3OCSDbCKliAR2uJRmNKO_KNDwm8wA2JUmYsUZ96OKwkQFOaDPF6zdHw.ZyI5-v8l-RpMx7lQQL7vEXSLnK9AUmomVl7r0n-W06w&dib_tag=se&m=A3SFQLVXY8GUH2&marketplaceID=A39IBJ37TRP1C6&qid=1774740695&refinements=p_36%3A17500-18000&s=merchant-items&sr=1-121&xpid=ryw9MzFTYkMtl#customerReviews,Bandai Carddass Mobile Suit Gundam Mercury Witch Vol.3 (Pack Box) 20 Pack
B0BC9BQ6XF,,175.76,https://www.amazon.com.au/Tamashii-Nations-BDIUL641694-S-H-Figuarts-GOMORA/dp/B0BC9BQ6XF/ref=sr_1_122?dib=eyJ2IjoiMSJ9.UnYCUf6wrgXrF2XgSNYmSQrLefOMRJKTzkK_64HtwLxY7LDw1InNVNneSy-tr-HWdP9Mop_itJYcDP1e9kAtP0kooM--LsJN69XRazZQI6bYilUJqKWz3OCSDbCKliAR2uJRmNKO_KNDwm8wA2JUmYsUZ96OKwkQFOaDPF6zdHw.ZyI5-v8l-RpMx7lQQL7vEXSLnK9AUmomVl7r0n-W06w&dib_tag=se&m=A3SFQLVXY8GUH2&marketplaceID=A39IBJ37TRP1C6&qid=1774740695&refinements=p_36%3A17500-18000&s=merchant-items&sr=1-122&xpid=ryw9MzFTYkMtl#customerReviews,Tamashii Nations S.H.Figuarts GOMORA
B08P27K469,,177.93,https://www.amazon.com.au/Robot-Spirits-MS-06F-2-F-S-F-N-I-M/dp/B08P27K469/ref=sr_1_123?dib=eyJ2IjoiMSJ9.UnYCUf6wrgXrF2XgSNYmSQrLefOMRJKTzkK_64HtwLxY7LDw1InNVNneSy-tr-HWdP9Mop_itJYcDP1e9kAtP0kooM--LsJN69XRazZQI6bYilUJqKWz3OCSDbCKliAR2uJRmNKO_KNDwm8wA2JUmYsUZ96OKwkQFOaDPF6zdHw.ZyI5-v8l-RpMx7lQQL7vEXSLnK9AUmomVl7r0n-W06w&dib_tag=se&m=A3SFQLVXY8GUH2&marketplaceID=A39IBJ37TRP1C6&qid=1774740695&refinements=p_36%3A17500-18000&s=merchant-items&sr=1-123&xpid=ryw9MzFTYkMtl#customerReviews,Robot Spirits Side MS MS-06F-2 Zaku II F2 E.F.S.F. Ver. A.N.I.M.E.
B07GQQJJT9,,177.04,https://www.amazon.com.au/Tamashii-Nations-S-H-Figuarts-Kamen-Orange/dp/B07GQQJJT9/ref=sr_1_129?dib=eyJ2IjoiMSJ9.rE1ELuzsDgeucVy80xXjutweCauKG5DBG7faY8syWSSg_j16I-MKbtOvDITzrFZUwK5mGw5K3MJAMKgiNm-Slw.iiobDhJZCOC_eRQ-0NCNzv1YvFE2yd3pF2y6CIdn5ms&dib_tag=se&m=A3SFQLVXY8GUH2&marketplaceID=A39IBJ37TRP1C6&qid=1774740700&refinements=p_36%3A17500-18000&s=merchant-items&sr=1-129&xpid=ryw9MzFTYkMtl#customerReviews,Bandai Tamashii Nations S.H.Figuarts Kamen Rider Gaim Orange Arms -20 Kamen Rider Kicks Ver.-
B06X951ZG5,,179.35,https://www.amazon.com.au/Knipex-86-43-250-Plastic/dp/B06X951ZG5/ref=sr_1_130?dib=eyJ2IjoiMSJ9.rE1ELuzsDgeucVy80xXjutweCauKG5DBG7faY8syWSSg_j16I-MKbtOvDITzrFZUwK5mGw5K3MJAMKgiNm-Slw.iiobDhJZCOC_eRQ-0NCNzv1YvFE2yd3pF2y6CIdn5ms&dib_tag=se&m=A3SFQLVXY8GUH2&marketplaceID=A39IBJ37TRP1C6&qid=1774740700&refinements=p_36%3A17500-18000&s=merchant-items&sr=1-130&xpid=ryw9MzFTYkMtl#customerReviews,"Knipex Angled Wrench Pliers, 250 mm Size"
B06X951ZG5,,,,
B0CXXHT6WS,,176.56,https://www.amazon.com.au/Nippon-Jewelry-Needle-SH-192-WHLB-Two-piece/dp/B0CXXHT6WS/ref=sr_1_131?dib=eyJ2IjoiMSJ9.rE1ELuzsDgeucVy80xXjutweCauKG5DBG7faY8syWSSg_j16I-MKbtOvDITzrFZUwK5mGw5K3MJAMKgiNm-Slw.iiobDhJZCOC_eRQ-0NCNzv1YvFE2yd3pF2y6CIdn5ms&dib_tag=se&m=A3SFQLVXY8GUH2&marketplaceID=A39IBJ37TRP1C6&qid=1774740700&refinements=p_36%3A17500-18000&s=merchant-items&sr=1-131&xpid=ryw9MzFTYkMtl,"Nippon Seiki Jewelry Co., Ltd. JICO SD Round Needle, SD SH.192-WHLB N-WHLB WHT Two-piece"
B0CXXHT6WS,,,,
B000E39ZBS,,179.9,https://www.amazon.com.au/Seiei-do-grilled-grill-massive-U-37/dp/B000E39ZBS/ref=sr_1_132?dib=eyJ2IjoiMSJ9.rE1ELuzsDgeucVy80xXjutweCauKG5DBG7faY8syWSSg_j16I-MKbtOvDITzrFZUwK5mGw5K3MJAMKgiNm-Slw.iiobDhJZCOC_eRQ-0NCNzv1YvFE2yd3pF2y6CIdn5ms&dib_tag=se&m=A3SFQLVXY8GUH2&marketplaceID=A39IBJ37TRP1C6&qid=1774740700&refinements=p_36%3A17500-18000&s=merchant-items&sr=1-132&xpid=ryw9MzFTYkMtl#customerReviews,Seiei-do grilled grill type massive U-37 deep
B000E39ZBS,,,,
B0BP6FLYXH,,176.56,https://www.amazon.com.au/Build-Divide-Booster-Sword-Online/dp/B0BP6FLYXH/ref=sr_1_133?dib=eyJ2IjoiMSJ9.rE1ELuzsDgeucVy80xXjutweCauKG5DBG7faY8syWSSg_j16I-MKbtOvDITzrFZUwK5mGw5K3MJAMKgiNm-Slw.iiobDhJZCOC_eRQ-0NCNzv1YvFE2yd3pF2y6CIdn5ms&dib_tag=se&m=A3SFQLVXY8GUH2&marketplaceID=A39IBJ37TRP1C6&qid=1774740700&refinements=p_36%3A17500-18000&s=merchant-items&sr=1-133&xpid=ryw9MzFTYkMtl,Build Divide Tie Up Booster Sword Art Online Box
B0B95Y76G2,,177.65,https://www.amazon.com.au/KTC-BE6-400-19-0SQ-Extension-inches/dp/B0B95Y76G2/ref=sr_1_129?dib=eyJ2IjoiMSJ9.vwIlcVsWOhwojPaMOjpFhDFjLIaGzVGJft_dv5Xqrs-EQDcZPpQnhD6LwrEmREg1ze82q-agl723DQV3IpJsPR02DR5osL7s0djOvsNX9Gqz4XjZ0csewQYv2lLa8cLHntfU07lXnaDX_McupQGKutRWSKrcTVjMqB7RwVGc8cA._wKi5f9xDSRJgLTzBikEkLFkw9g2F2mUDG_JQlLMYBw&dib_tag=se&m=A3SFQLVXY8GUH2&marketplaceID=A39IBJ37TRP1C6&qid=1774740700&refinements=p_36%3A17500-18000&s=merchant-items&sr=1-129&xpid=ryw9MzFTYkMtl,"Kyoto Tools (KTC) BE6-400 19.0SQ Extension Bar, 15.7 inches (400 mm)"
B0B95Y76G2,,,,
B00U7A8I52,,178.19,https://www.amazon.com.au/Bandai-Hobby-Hyaku-Shiki-Version-Gundam/dp/B00U7A8I52/ref=sr_1_130?dib=eyJ2IjoiMSJ9.vwIlcVsWOhwojPaMOjpFhDFjLIaGzVGJft_dv5Xqrs-EQDcZPpQnhD6LwrEmREg1ze82q-agl723DQV3IpJsPR02DR5osL7s0djOvsNX9Gqz4XjZ0csewQYv2lLa8cLHntfU07lXnaDX_McupQGKutRWSKrcTVjMqB7RwVGc8cA._wKi5f9xDSRJgLTzBikEkLFkw9g2F2mUDG_JQlLMYBw&dib_tag=se&m=A3SFQLVXY8GUH2&marketplaceID=A39IBJ37TRP1C6&qid=1774740700&refinements=p_36%3A17500-18000&s=merchant-items&sr=1-130&xpid=ryw9MzFTYkMtl#customerReviews,"Bandai Hobby MG 1/100 Hyaku-Shiki Version 2.0 ""Zeta Gundam Model Kit"
B08K97X6LX,,176.38,https://www.amazon.com.au/%E3%82%B0%E3%83%83%E3%83%89%E3%82%B9%E3%83%9E%E3%82%A4%E3%83%AB%E3%82%AB%E3%83%B3%E3%83%91%E3%83%8B%E3%83%BC-GOOD-SMILE-COMPANY-nendoroid/dp/B08K97X6LX/ref=sr_1_131?dib=eyJ2IjoiMSJ9.vwIlcVsWOhwojPaMOjpFhDFjLIaGzVGJft_dv5Xqrs-EQDcZPpQnhD6LwrEmREg1ze82q-agl723DQV3IpJsPR02DR5osL7s0djOvsNX9Gqz4XjZ0csewQYv2lLa8cLHntfU07lXnaDX_McupQGKutRWSKrcTVjMqB7RwVGc8cA._wKi5f9xDSRJgLTzBikEkLFkw9g2F2mUDG_JQlLMYBw&dib_tag=se&m=A3SFQLVXY8GUH2&marketplaceID=A39IBJ37TRP1C6&qid=1774740700&refinements=p_36%3A17500-18000&s=merchant-items&sr=1-131&xpid=ryw9MzFTYkMtl#customerReviews,nendoroid snow miku 2.0
B09Z23VJXL,,177.61,https://www.amazon.com.au/KATO-10-1761-Hanzomon-Expansion-Railway/dp/B09Z23VJXL/ref=sr_1_132?dib=eyJ2IjoiMSJ9.vwIlcVsWOhwojPaMOjpFhDFjLIaGzVGJft_dv5Xqrs-EQDcZPpQnhD6LwrEmREg1ze82q-agl723DQV3IpJsPR02DR5osL7s0djOvsNX9Gqz4XjZ0csewQYv2lLa8cLHntfU07lXnaDX_McupQGKutRWSKrcTVjMqB7RwVGc8cA._wKi5f9xDSRJgLTzBikEkLFkw9g2F2mUDG_JQlLMYBw&dib_tag=se&m=A3SFQLVXY8GUH2&marketplaceID=A39IBJ37TRP1C6&qid=1774740700&refinements=p_36%3A17500-18000&s=merchant-items&sr=1-132&xpid=ryw9MzFTYkMtl#customerReviews,"KATO 10-1761 N Gauge Tokyo Metro Hanzomon Line 18000 Series 4-Car Expansion Set, Railway Model, Train,"
B09Z23VJXL,,,,
B00ATZ15ZK,,176.64,https://www.amazon.com.au/Bandai-Tamashii-Nations-GaoGaiGar-Chogokin/dp/B00ATZ15ZK/ref=sr_1_133?dib=eyJ2IjoiMSJ9.vwIlcVsWOhwojPaMOjpFhDFjLIaGzVGJft_dv5Xqrs-EQDcZPpQnhD6LwrEmREg1ze82q-agl723DQV3IpJsPR02DR5osL7s0djOvsNX9Gqz4XjZ0csewQYv2lLa8cLHntfU07lXnaDX_McupQGKutRWSKrcTVjMqB7RwVGc8cA._wKi5f9xDSRJgLTzBikEkLFkw9g2F2mUDG_JQlLMYBw&dib_tag=se&m=A3SFQLVXY8GUH2&marketplaceID=A39IBJ37TRP1C6&qid=1774740700&refinements=p_36%3A17500-18000&s=merchant-items&sr=1-133&xpid=ryw9MzFTYkMtl#customerReviews,"Super Robot Chogokin Ice Dragon, Fire Dragon & Big Order Room"
B08892SLF5,,175.51,https://www.amazon.com.au/YH600FMR-NW1-Double-Toilet-Paper/dp/B08892SLF5/ref=sr_1_134?dib=eyJ2IjoiMSJ9.vwIlcVsWOhwojPaMOjpFhDFjLIaGzVGJft_dv5Xqrs-EQDcZPpQnhD6LwrEmREg1ze82q-agl723DQV3IpJsPR02DR5osL7s0djOvsNX9Gqz4XjZ0csewQYv2lLa8cLHntfU07lXnaDX_McupQGKutRWSKrcTVjMqB7RwVGc8cA._wKi5f9xDSRJgLTzBikEkLFkw9g2F2mUDG_JQlLMYBw&dib_tag=se&m=A3SFQLVXY8GUH2&marketplaceID=A39IBJ37TRP1C6&qid=1774740700&refinements=p_36%3A17500-18000&s=merchant-items&sr=1-134&xpid=ryw9MzFTYkMtl#customerReviews,TOTO YH600FMR #NW1 Double Toilet Paper Spool with Shelf (Wood)
B08892SLF5,,,,
B0CDFY36K7,,178.08,https://www.amazon.com.au/Megahouse-Cosmo-Special-Mobile-Gundam/dp/B0CDFY36K7/ref=sr_1_135?dib=eyJ2IjoiMSJ9.vwIlcVsWOhwojPaMOjpFhDFjLIaGzVGJft_dv5Xqrs-EQDcZPpQnhD6LwrEmREg1ze82q-agl723DQV3IpJsPR02DR5osL7s0djOvsNX9Gqz4XjZ0csewQYv2lLa8cLHntfU07lXnaDX_McupQGKutRWSKrcTVjMqB7RwVGc8cA._wKi5f9xDSRJgLTzBikEkLFkw9g2F2mUDG_JQlLMYBw&dib_tag=se&m=A3SFQLVXY8GUH2&marketplaceID=A39IBJ37TRP1C6&qid=1774740700&refinements=p_36%3A17500-18000&s=merchant-items&sr=1-135&xpid=ryw9MzFTYkMtl#customerReviews,Megahouse - Char's Counterattack - Cosmo Fleet Special - Ra Cailum Re.
B01AMX7VII,,179.29,https://www.amazon.com.au/Lemnos-Funpun-clock-fun-pun/dp/B01AMX7VII/ref=sr_1_136?dib=eyJ2IjoiMSJ9.vwIlcVsWOhwojPaMOjpFhDFjLIaGzVGJft_dv5Xqrs-EQDcZPpQnhD6LwrEmREg1ze82q-agl723DQV3IpJsPR02DR5osL7s0djOvsNX9Gqz4XjZ0csewQYv2lLa8cLHntfU07lXnaDX_McupQGKutRWSKrcTVjMqB7RwVGc8cA._wKi5f9xDSRJgLTzBikEkLFkw9g2F2mUDG_JQlLMYBw&dib_tag=se&m=A3SFQLVXY8GUH2&marketplaceID=A39IBJ37TRP1C6&qid=1774740700&refinements=p_36%3A17500-18000&s=merchant-items&sr=1-136&xpid=ryw9MzFTYkMtl#customerReviews,Lemnos Funpun clock M (fun pun clock) / Lemnos
B01AMX7VII,,,,
B00H1OZGFW,,177.32,https://www.amazon.com.au/Artisan-Artist-Camera-Pouch-ACAM-75/dp/B00H1OZGFW/ref=sr_1_137?dib=eyJ2IjoiMSJ9.vwIlcVsWOhwojPaMOjpFhDFjLIaGzVGJft_dv5Xqrs-EQDcZPpQnhD6LwrEmREg1ze82q-agl723DQV3IpJsPR02DR5osL7s0djOvsNX9Gqz4XjZ0csewQYv2lLa8cLHntfU07lXnaDX_McupQGKutRWSKrcTVjMqB7RwVGc8cA._wKi5f9xDSRJgLTzBikEkLFkw9g2F2mUDG_JQlLMYBw&dib_tag=se&m=A3SFQLVXY8GUH2&marketplaceID=A39IBJ37TRP1C6&qid=1774740700&refinements=p_36%3A17500-18000&s=merchant-items&sr=1-137&xpid=ryw9MzFTYkMtl#customerReviews,Artisan & Artist ACAM 75 Mirrorless Camera Case
B00H1OZGFW,,,,
B0129WALX2,,179.22,https://www.amazon.com.au/Bandai-Shokugan-Converge-Exhibition-Limited/dp/B0129WALX2/ref=sr_1_138?dib=eyJ2IjoiMSJ9.vwIlcVsWOhwojPaMOjpFhDFjLIaGzVGJft_dv5Xqrs-EQDcZPpQnhD6LwrEmREg1ze82q-agl723DQV3IpJsPR02DR5osL7s0djOvsNX9Gqz4XjZ0csewQYv2lLa8cLHntfU07lXnaDX_McupQGKutRWSKrcTVjMqB7RwVGc8cA._wKi5f9xDSRJgLTzBikEkLFkw9g2F2mUDG_JQlLMYBw&dib_tag=se&m=A3SFQLVXY8GUH2&marketplaceID=A39IBJ37TRP1C6&qid=1774740700&refinements=p_36%3A17500-18000&s=merchant-items&sr=1-138&xpid=ryw9MzFTYkMtl#customerReviews,Bandai Shokugan FW Gundam Converge Gundam Exhibition Limited SP G3 Gundam Rick Dom Char Custom Set
B00260G5XI,,178.74,https://www.amazon.com.au/TBT310H/dp/B00260G5XI/ref=sr_1_139?dib=eyJ2IjoiMSJ9.vwIlcVsWOhwojPaMOjpFhDFjLIaGzVGJft_dv5Xqrs-EQDcZPpQnhD6LwrEmREg1ze82q-agl723DQV3IpJsPR02DR5osL7s0djOvsNX9Gqz4XjZ0csewQYv2lLa8cLHntfU07lXnaDX_McupQGKutRWSKrcTVjMqB7RwVGc8cA._wKi5f9xDSRJgLTzBikEkLFkw9g2F2mUDG_JQlLMYBw&dib_tag=se&m=A3SFQLVXY8GUH2&marketplaceID=A39IBJ37TRP1C6&qid=1774740700&refinements=p_36%3A17500-18000&s=merchant-items&sr=1-139&xpid=ryw9MzFTYkMtl#customerReviews,Kyoto Machine Tools (KTC) Hexagon Bit Socket Set TBT310H
B00260G5XI,,,,
B0D7P4TY41,,176.11,https://www.amazon.com.au/BJGB74430-Baseball-Glove-All-Round-Pastel/dp/B0D7P4TY41/ref=sr_1_145?dib=eyJ2IjoiMSJ9.ofqQ5RvzfNKhRptYnj7NQmgXPqYqv6is8RX7y7JCjCzs3JbXSueRluWzZI6gRI1NWEOB8XOe03SVM4tQ610nuA.e7ZM5bLKtAJlG_p4rpvqB2LzCTI-Ed1fJEuT8wMJ4Cw&dib_tag=se&m=A3SFQLVXY8GUH2&marketplaceID=A39IBJ37TRP1C6&qid=1774740705&refinements=p_36%3A17500-18000&s=merchant-items&sr=1-145&xpid=ryw9MzFTYkMtl#customerReviews,ゼット(ZETT) 少年野球 グラブ(グローブ) ソフトステア オールラウンド用 サイズ:M BJGB74430
B0D7P4TY41,,,,
B08482YCMW,,177.79,https://www.amazon.com.au/Kadokawa-Re-Starting-Another-Birthday/dp/B08482YCMW/ref=sr_1_146?dib=eyJ2IjoiMSJ9.ofqQ5RvzfNKhRptYnj7NQmgXPqYqv6is8RX7y7JCjCzs3JbXSueRluWzZI6gRI1NWEOB8XOe03SVM4tQ610nuA.e7ZM5bLKtAJlG_p4rpvqB2LzCTI-Ed1fJEuT8wMJ4Cw&dib_tag=se&m=A3SFQLVXY8GUH2&marketplaceID=A39IBJ37TRP1C6&qid=1774740705&refinements=p_36%3A17500-18000&s=merchant-items&sr=1-146&xpid=ryw9MzFTYkMtl#customerReviews,Good Smile Company - Re Zero Starting Life Rem Birthday 1/7 PVC Figure
B003AOVWTQ,,177.96,https://www.amazon.com.au/Bandai-Hobby-Raiser-Gundam-00Model/dp/B003AOVWTQ/ref=sr_1_147?dib=eyJ2IjoiMSJ9.ofqQ5RvzfNKhRptYnj7NQmgXPqYqv6is8RX7y7JCjCzs3JbXSueRluWzZI6gRI1NWEOB8XOe03SVM4tQ610nuA.e7ZM5bLKtAJlG_p4rpvqB2LzCTI-Ed1fJEuT8wMJ4Cw&dib_tag=se&m=A3SFQLVXY8GUH2&marketplaceID=A39IBJ37TRP1C6&qid=1774740705&refinements=p_36%3A17500-18000&s=merchant-items&sr=1-147&xpid=ryw9MzFTYkMtl#customerReviews,"Bandai Hobby PG 1/60 00 Raiser Clear Parts Set Gundam 00"" Model Kit"
B002LNJK1O,,175.93,https://www.amazon.com.au/Lindstrom-RX7891-Ergonomic-Pliers-Serrated/dp/B002LNJK1O/ref=sr_1_148?dib=eyJ2IjoiMSJ9.ofqQ5RvzfNKhRptYnj7NQmgXPqYqv6is8RX7y7JCjCzs3JbXSueRluWzZI6gRI1NWEOB8XOe03SVM4tQ610nuA.e7ZM5bLKtAJlG_p4rpvqB2LzCTI-Ed1fJEuT8wMJ4Cw&dib_tag=se&m=A3SFQLVXY8GUH2&marketplaceID=A39IBJ37TRP1C6&qid=1774740705&refinements=p_36%3A17500-18000&s=merchant-items&sr=1-148&xpid=ryw9MzFTYkMtl#customerReviews,"Lindstrom Ergo Snipe Nose Serrated Jaw Plier with Dual-Component Synthetic Handle, 158 mm Size"
B002LNJK1O,,,,
B000TZ135W,,179.26,https://www.amazon.com.au/Saint-Seiya-Cloth-Kraken-Isaac/dp/B000TZ135W/ref=sr_1_149?dib=eyJ2IjoiMSJ9.ofqQ5RvzfNKhRptYnj7NQmgXPqYqv6is8RX7y7JCjCzs3JbXSueRluWzZI6gRI1NWEOB8XOe03SVM4tQ610nuA.e7ZM5bLKtAJlG_p4rpvqB2LzCTI-Ed1fJEuT8wMJ4Cw&dib_tag=se&m=A3SFQLVXY8GUH2&marketplaceID=A39IBJ37TRP1C6&qid=1774740705&refinements=p_36%3A17500-18000&s=merchant-items&sr=1-149&xpid=ryw9MzFTYkMtl#customerReviews,Saint Seiya - Saint Cloth Myth Kraken Isaac
B077ZB9F5D,,179.18,https://www.amazon.com.au/Ichibankuji-Anniversary-Franky-Memorial-Figures/dp/B077ZB9F5D/ref=sr_1_145?dib=eyJ2IjoiMSJ9.0LsMfS6RgabpmBoHZ15hd05l2gqmHFLlVhK_mQeTg9sCWkWWF9wvdRbygPwuRa2rM8vUYE1TIuaxIQHhRZNaBX13fIO-F4Mz6GRtGTEJhb-05Dr_Hxvtg0JIkVecedlQ0u8-CGsGZJVyHajbmX6nBoz0u9UIwUaDDevK4CiaOaA.U8Uije2bZdl-R2gzVWP63NFMxZzyLH4gViR4JTEvtG4&dib_tag=se&m=A3SFQLVXY8GUH2&marketplaceID=A39IBJ37TRP1C6&qid=1774740705&refinements=p_36%3A17500-18000&s=merchant-items&sr=1-145&xpid=ryw9MzFTYkMtl#customerReviews,Ichibankuji One Piece 20th Anniversary H Award Franky Memorial Figures
B0C5TFKPVQ,,176.49,https://www.amazon.com.au/DT-Swiss-SPRE-RLNconkit-SRAM/dp/B0C5TFKPVQ/ref=sr_1_146?dib=eyJ2IjoiMSJ9.0LsMfS6RgabpmBoHZ15hd05l2gqmHFLlVhK_mQeTg9sCWkWWF9wvdRbygPwuRa2rM8vUYE1TIuaxIQHhRZNaBX13fIO-F4Mz6GRtGTEJhb-05Dr_Hxvtg0JIkVecedlQ0u8-CGsGZJVyHajbmX6nBoz0u9UIwUaDDevK4CiaOaA.U8Uije2bZdl-R2gzVWP63NFMxZzyLH4gViR4JTEvtG4&dib_tag=se&m=A3SFQLVXY8GUH2&marketplaceID=A39IBJ37TRP1C6&qid=1774740705&refinements=p_36%3A17500-18000&s=merchant-items&sr=1-146&xpid=ryw9MzFTYkMtl,DT Swiss SPRE DT RLNconkit SRAM XDR 142/12
B0C5TFKPVQ,,,,
B0BB5DLPQY,,176.13,https://www.amazon.com.au/Livre-10799-Single-Brown-Black/dp/B0BB5DLPQY/ref=sr_1_147?dib=eyJ2IjoiMSJ9.0LsMfS6RgabpmBoHZ15hd05l2gqmHFLlVhK_mQeTg9sCWkWWF9wvdRbygPwuRa2rM8vUYE1TIuaxIQHhRZNaBX13fIO-F4Mz6GRtGTEJhb-05Dr_Hxvtg0JIkVecedlQ0u8-CGsGZJVyHajbmX6nBoz0u9UIwUaDDevK4CiaOaA.U8Uije2bZdl-R2gzVWP63NFMxZzyLH4gViR4JTEvtG4&dib_tag=se&m=A3SFQLVXY8GUH2&marketplaceID=A39IBJ37TRP1C6&qid=1774740705&refinements=p_36%3A17500-18000&s=merchant-items&sr=1-147&xpid=ryw9MzFTYkMtl,"Livre 10799 TB-S Knob Single Item (Pack of 1), Brown (IP) & Black"
B0BB5DLPQY,,,,
B0B99CN3HC,,176.67,https://www.amazon.com.au/FS91343-B41MR1-Sheet-Metal-Turbo/dp/B0B99CN3HC/ref=sr_1_148?dib=eyJ2IjoiMSJ9.0LsMfS6RgabpmBoHZ15hd05l2gqmHFLlVhK_mQeTg9sCWkWWF9wvdRbygPwuRa2rM8vUYE1TIuaxIQHhRZNaBX13fIO-F4Mz6GRtGTEJhb-05Dr_Hxvtg0JIkVecedlQ0u8-CGsGZJVyHajbmX6nBoz0u9UIwUaDDevK4CiaOaA.U8Uije2bZdl-R2gzVWP63NFMxZzyLH4gViR4JTEvtG4&dib_tag=se&m=A3SFQLVXY8GUH2&marketplaceID=A39IBJ37TRP1C6&qid=1774740705&refinements=p_36%3A17500-18000&s=merchant-items&sr=1-148&xpid=ryw9MzFTYkMtl#customerReviews,"MAX FS91343 B41MR1 Sheet Metal Turbo Bits, Pack of 5"
B0B99CN3HC,,,,
B08V56QKCT,,177.28,https://www.amazon.com.au/CMP-Unisexs-Retrofit-Cassette-Standard/dp/B08V56QKCT/ref=sr_1_149?dib=eyJ2IjoiMSJ9.0LsMfS6RgabpmBoHZ15hd05l2gqmHFLlVhK_mQeTg9sCWkWWF9wvdRbygPwuRa2rM8vUYE1TIuaxIQHhRZNaBX13fIO-F4Mz6GRtGTEJhb-05Dr_Hxvtg0JIkVecedlQ0u8-CGsGZJVyHajbmX6nBoz0u9UIwUaDDevK4CiaOaA.U8Uije2bZdl-R2gzVWP63NFMxZzyLH4gViR4JTEvtG4&dib_tag=se&m=A3SFQLVXY8GUH2&marketplaceID=A39IBJ37TRP1C6&qid=1774740705&refinements=p_36%3A17500-18000&s=merchant-items&sr=1-149&xpid=ryw9MzFTYkMtl,"CMP Unisex's Retrofit Cassette Body, Gray, Standard Size"
B08V56QKCT,,,,
B085K9177T,,175.05,https://www.amazon.com.au/Yamazaki-Industries-4859-Magnetic-Bathroom/dp/B085K9177T/ref=sr_1_150?dib=eyJ2IjoiMSJ9.0LsMfS6RgabpmBoHZ15hd05l2gqmHFLlVhK_mQeTg9sCWkWWF9wvdRbygPwuRa2rM8vUYE1TIuaxIQHhRZNaBX13fIO-F4Mz6GRtGTEJhb-05Dr_Hxvtg0JIkVecedlQ0u8-CGsGZJVyHajbmX6nBoz0u9UIwUaDDevK4CiaOaA.U8Uije2bZdl-R2gzVWP63NFMxZzyLH4gViR4JTEvtG4&dib_tag=se&m=A3SFQLVXY8GUH2&marketplaceID=A39IBJ37TRP1C6&qid=1774740705&refinements=p_36%3A17500-18000&s=merchant-items&sr=1-150&xpid=ryw9MzFTYkMtl#customerReviews,"Yamazaki Industries 4859 Magnetic Bathroom Rack, Long, Black, Approx. W 23.6 x D 3.3 x H 3.1 inches (60 x 8.5 x 8 cm), Tower, Bathroom Storage, Drainage Holes, Hooks Included"
B085K9177T,,,,
B07YS4FGY7,,177.03,https://www.amazon.com.au/Yamato-Kogei-YK06-012-Cube-Capacity/dp/B07YS4FGY7/ref=sr_1_151?dib=eyJ2IjoiMSJ9.0LsMfS6RgabpmBoHZ15hd05l2gqmHFLlVhK_mQeTg9sCWkWWF9wvdRbygPwuRa2rM8vUYE1TIuaxIQHhRZNaBX13fIO-F4Mz6GRtGTEJhb-05Dr_Hxvtg0JIkVecedlQ0u8-CGsGZJVyHajbmX6nBoz0u9UIwUaDDevK4CiaOaA.U8Uije2bZdl-R2gzVWP63NFMxZzyLH4gViR4JTEvtG4&dib_tag=se&m=A3SFQLVXY8GUH2&marketplaceID=A39IBJ37TRP1C6&qid=1774740705&refinements=p_36%3A17500-18000&s=merchant-items&sr=1-151&xpid=ryw9MzFTYkMtl,"Yamato Kogei YK06-012 W Cube WN/Ov, Capacity: Approx. 2.8 gal (10 L)"
B07YS4FGY7,,,,
B07GRFCFXJ,,178.6,https://www.amazon.com.au/F-STYLE-4573101510571-Burst-Walnuts-Brown/dp/B07GRFCFXJ/ref=sr_1_152?dib=eyJ2IjoiMSJ9.0LsMfS6RgabpmBoHZ15hd05l2gqmHFLlVhK_mQeTg9sCWkWWF9wvdRbygPwuRa2rM8vUYE1TIuaxIQHhRZNaBX13fIO-F4Mz6GRtGTEJhb-05Dr_Hxvtg0JIkVecedlQ0u8-CGsGZJVyHajbmX6nBoz0u9UIwUaDDevK4CiaOaA.U8Uije2bZdl-R2gzVWP63NFMxZzyLH4gViR4JTEvtG4&dib_tag=se&m=A3SFQLVXY8GUH2&marketplaceID=A39IBJ37TRP1C6&qid=1774740705&refinements=p_36%3A17500-18000&s=merchant-items&sr=1-152&xpid=ryw9MzFTYkMtl,"F-STYLE 4573101510571 San Burst/Walnuts, Brown"
B07GRFCFXJ,,,,
B0787MWSSX,,175.82,https://www.amazon.com.au/TIEMCO-WF4F-Single-Ivory-Sunrise/dp/B0787MWSSX/ref=sr_1_153?dib=eyJ2IjoiMSJ9.0LsMfS6RgabpmBoHZ15hd05l2gqmHFLlVhK_mQeTg9sCWkWWF9wvdRbygPwuRa2rM8vUYE1TIuaxIQHhRZNaBX13fIO-F4Mz6GRtGTEJhb-05Dr_Hxvtg0JIkVecedlQ0u8-CGsGZJVyHajbmX6nBoz0u9UIwUaDDevK4CiaOaA.U8Uije2bZdl-R2gzVWP63NFMxZzyLH4gViR4JTEvtG4&dib_tag=se&m=A3SFQLVXY8GUH2&marketplaceID=A39IBJ37TRP1C6&qid=1774740705&refinements=p_36%3A17500-18000&s=merchant-items&sr=1-153&xpid=ryw9MzFTYkMtl,TIEMCO SA OH&D Single Ivory / Sunrise
B0787MWSSX,,,,
B071VYDT78,,178.08,https://www.amazon.com.au/Keteshi-Nepurosu-compact-ratchet-NBRC390S/dp/B071VYDT78/ref=sr_1_154?dib=eyJ2IjoiMSJ9.0LsMfS6RgabpmBoHZ15hd05l2gqmHFLlVhK_mQeTg9sCWkWWF9wvdRbygPwuRa2rM8vUYE1TIuaxIQHhRZNaBX13fIO-F4Mz6GRtGTEJhb-05Dr_Hxvtg0JIkVecedlQ0u8-CGsGZJVyHajbmX6nBoz0u9UIwUaDDevK4CiaOaA.U8Uije2bZdl-R2gzVWP63NFMxZzyLH4gViR4JTEvtG4&dib_tag=se&m=A3SFQLVXY8GUH2&marketplaceID=A39IBJ37TRP1C6&qid=1774740705&refinements=p_36%3A17500-18000&s=merchant-items&sr=1-154&xpid=ryw9MzFTYkMtl#customerReviews,Kyoto Machine Tools (KTC) NBRC390S Compact Short Ratchet
B071VYDT78,,,,
B0B56PQH9N,,179.18,https://www.amazon.com.au/Ensoutoys-Ikomochi-Original-Character-Figure/dp/B0B56PQH9N/ref=sr_1_155?dib=eyJ2IjoiMSJ9.0LsMfS6RgabpmBoHZ15hd05l2gqmHFLlVhK_mQeTg9sCWkWWF9wvdRbygPwuRa2rM8vUYE1TIuaxIQHhRZNaBX13fIO-F4Mz6GRtGTEJhb-05Dr_Hxvtg0JIkVecedlQ0u8-CGsGZJVyHajbmX6nBoz0u9UIwUaDDevK4CiaOaA.U8Uije2bZdl-R2gzVWP63NFMxZzyLH4gViR4JTEvtG4&dib_tag=se&m=A3SFQLVXY8GUH2&marketplaceID=A39IBJ37TRP1C6&qid=1774740705&refinements=p_36%3A17500-18000&s=merchant-items&sr=1-155&xpid=ryw9MzFTYkMtl#customerReviews,Ensoutoys - Ikomochi Original Character - Black Bunny Aoi 1/6 PVC Figure (Mr)
B007ORV1U0,,177.81,https://www.amazon.com.au/Unicorn-Gundam-BANSHEE-Battle-Plastic/dp/B007ORV1U0/ref=sr_1_161?dib=eyJ2IjoiMSJ9.RHE6o5aVY_1QWlmX86OAOPqJVWofibhl-KrqKJLtJ1JdD7eW0CWMrrWQF8z9HrNPt29KudbJmXBb00sZ_3XRNg.4FPc4ZEIXpaIR15kpGRWHzIi1_DbwG7zxBL0yIa4bbo&dib_tag=se&m=A3SFQLVXY8GUH2&marketplaceID=A39IBJ37TRP1C6&qid=1774740710&refinements=p_36%3A17500-18000&s=merchant-items&sr=1-161&xpid=ryw9MzFTYkMtl#customerReviews,MG Unicorn Gundam 02 BANSHEE Ver. (Novel ver.) [Final Battle ver.] (Plastic Model)
B007ORV1U0,,,,
B07MNNNYT4,,176.16,https://www.amazon.com.au/Trusco-SL10X205M-TRUSCO-Silicon-SL10X20-5M/dp/B07MNNNYT4/ref=sr_1_162?dib=eyJ2IjoiMSJ9.RHE6o5aVY_1QWlmX86OAOPqJVWofibhl-KrqKJLtJ1JdD7eW0CWMrrWQF8z9HrNPt29KudbJmXBb00sZ_3XRNg.4FPc4ZEIXpaIR15kpGRWHzIi1_DbwG7zxBL0yIa4bbo&dib_tag=se&m=A3SFQLVXY8GUH2&marketplaceID=A39IBJ37TRP1C6&qid=1774740710&refinements=p_36%3A17500-18000&s=merchant-items&sr=1-162&xpid=ryw9MzFTYkMtl,TRUSCO Silicon Sponge SL10X20-5M
B07MNNNYT4,,,,
B0C7KK5VSX,,175.78,https://www.amazon.com.au/VARIVAS-Avani-Jigging-Max-Power/dp/B0C7KK5VSX/ref=sr_1_163?dib=eyJ2IjoiMSJ9.RHE6o5aVY_1QWlmX86OAOPqJVWofibhl-KrqKJLtJ1JdD7eW0CWMrrWQF8z9HrNPt29KudbJmXBb00sZ_3XRNg.4FPc4ZEIXpaIR15kpGRWHzIi1_DbwG7zxBL0yIa4bbo&dib_tag=se&m=A3SFQLVXY8GUH2&marketplaceID=A39IBJ37TRP1C6&qid=1774740710&refinements=p_36%3A17500-18000&s=merchant-items&sr=1-163&xpid=ryw9MzFTYkMtl,VARIVAS Avani Jigging 10 x 10 Max Power PE X8 600 m No. 8
B0C7KK5VSX,,,,
B0D97ZR5HK,,178.43,https://www.amazon.com.au/WTB-Resolute-TCS-700-TAN/dp/B0D97ZR5HK/ref=sr_1_164?dib=eyJ2IjoiMSJ9.RHE6o5aVY_1QWlmX86OAOPqJVWofibhl-KrqKJLtJ1JdD7eW0CWMrrWQF8z9HrNPt29KudbJmXBb00sZ_3XRNg.4FPc4ZEIXpaIR15kpGRWHzIi1_DbwG7zxBL0yIa4bbo&dib_tag=se&m=A3SFQLVXY8GUH2&marketplaceID=A39IBJ37TRP1C6&qid=1774740710&refinements=p_36%3A17500-18000&s=merchant-items&sr=1-164&xpid=ryw9MzFTYkMtl,WTB Resolute TCS FR 700 x 42 TAN
B0D97ZR5HK,,,,
B07Q5M5M4M,,175.31,https://www.amazon.com.au/Tama-Master-Single-Braced-HS40SN/dp/B07Q5M5M4M/ref=sr_1_165?dib=eyJ2IjoiMSJ9.RHE6o5aVY_1QWlmX86OAOPqJVWofibhl-KrqKJLtJ1JdD7eW0CWMrrWQF8z9HrNPt29KudbJmXBb00sZ_3XRNg.4FPc4ZEIXpaIR15kpGRWHzIi1_DbwG7zxBL0yIa4bbo&dib_tag=se&m=A3SFQLVXY8GUH2&marketplaceID=A39IBJ37TRP1C6&qid=1774740710&refinements=p_36%3A17500-18000&s=merchant-items&sr=1-165&xpid=ryw9MzFTYkMtl#customerReviews,Tama Stage Master Snare Stand Single Braced Legs (HS40SN)
B07Q5M5M4M,,,,
B078YCKSCW,,175.04,https://www.amazon.com.au/Tama-HS50S-Classic-Snare-Stand/dp/B078YCKSCW/ref=sr_1_161?dib=eyJ2IjoiMSJ9.dyJvTbAHIqU28uRofX3_3c3VQMoJ48PEAxkoflmExh8s12rL7b-vT9XvId1KstV50Up8ygSHqwynnh6ketdc85z8msSRYsSrQ21eir2m3XmNvrsug4BXnX5PI9MpdYIh3fqyAOX8OccsFuAjGARw_KvbxHX3x0dy1sBsdyMY_dc.0AsjFKb5JiexPCQXUL3zbiH59-uKd0Zr8uKVZ9IFHH4&dib_tag=se&m=A3SFQLVXY8GUH2&marketplaceID=A39IBJ37TRP1C6&qid=1774740710&refinements=p_36%3A17500-18000&s=merchant-items&sr=1-161&xpid=ryw9MzFTYkMtl#customerReviews,Tama HS50S Classic snare mount
B078YCKSCW,,,,
B07X83HG5N,,176.05,https://www.amazon.com.au/Re-Starting-Another-World-Complete/dp/B07X83HG5N/ref=sr_1_162?dib=eyJ2IjoiMSJ9.dyJvTbAHIqU28uRofX3_3c3VQMoJ48PEAxkoflmExh8s12rL7b-vT9XvId1KstV50Up8ygSHqwynnh6ketdc85z8msSRYsSrQ21eir2m3XmNvrsug4BXnX5PI9MpdYIh3fqyAOX8OccsFuAjGARw_KvbxHX3x0dy1sBsdyMY_dc.0AsjFKb5JiexPCQXUL3zbiH59-uKd0Zr8uKVZ9IFHH4&dib_tag=se&m=A3SFQLVXY8GUH2&marketplaceID=A39IBJ37TRP1C6&qid=1774740710&refinements=p_36%3A17500-18000&s=merchant-items&sr=1-162&xpid=ryw9MzFTYkMtl#customerReviews,Re:Zero -Starting Life in Another World - Rem Shirt ver.
B004XUGKIY,,175.7,https://www.amazon.com.au/Bandai-King-Braves-GaoGaiGar-Chogokin/dp/B004XUGKIY/ref=sr_1_163?dib=eyJ2IjoiMSJ9.dyJvTbAHIqU28uRofX3_3c3VQMoJ48PEAxkoflmExh8s12rL7b-vT9XvId1KstV50Up8ygSHqwynnh6ketdc85z8msSRYsSrQ21eir2m3XmNvrsug4BXnX5PI9MpdYIh3fqyAOX8OccsFuAjGARw_KvbxHX3x0dy1sBsdyMY_dc.0AsjFKb5JiexPCQXUL3zbiH59-uKd0Zr8uKVZ9IFHH4&dib_tag=se&m=A3SFQLVXY8GUH2&marketplaceID=A39IBJ37TRP1C6&qid=1774740710&refinements=p_36%3A17500-18000&s=merchant-items&sr=1-163&xpid=ryw9MzFTYkMtl#customerReviews,Bandai The King of Braves GaoGaiGar - Super Robot Chogokin
B07NHQ5MBY,,179.45,https://www.amazon.com.au/Max-Factory-Fate-Grand-Order/dp/B07NHQ5MBY/ref=sr_1_164?dib=eyJ2IjoiMSJ9.dyJvTbAHIqU28uRofX3_3c3VQMoJ48PEAxkoflmExh8s12rL7b-vT9XvId1KstV50Up8ygSHqwynnh6ketdc85z8msSRYsSrQ21eir2m3XmNvrsug4BXnX5PI9MpdYIh3fqyAOX8OccsFuAjGARw_KvbxHX3x0dy1sBsdyMY_dc.0AsjFKb5JiexPCQXUL3zbiH59-uKd0Zr8uKVZ9IFHH4&dib_tag=se&m=A3SFQLVXY8GUH2&marketplaceID=A39IBJ37TRP1C6&qid=1774740710&refinements=p_36%3A17500-18000&s=merchant-items&sr=1-164&xpid=ryw9MzFTYkMtl#customerReviews,"Max Factory Fate/Grand Order Avenger/Jeanne D'Arc (Alter) Shinjuku Ver Figma, Multicolor (65162)"
B07HFB5FKF,,175.67,https://www.amazon.com.au/Bandai-FA-78-2-Heavy-Gundam-Rollout/dp/B07HFB5FKF/ref=sr_1_165?dib=eyJ2IjoiMSJ9.dyJvTbAHIqU28uRofX3_3c3VQMoJ48PEAxkoflmExh8s12rL7b-vT9XvId1KstV50Up8ygSHqwynnh6ketdc85z8msSRYsSrQ21eir2m3XmNvrsug4BXnX5PI9MpdYIh3fqyAOX8OccsFuAjGARw_KvbxHX3x0dy1sBsdyMY_dc.0AsjFKb5JiexPCQXUL3zbiH59-uKd0Zr8uKVZ9IFHH4&dib_tag=se&m=A3SFQLVXY8GUH2&marketplaceID=A39IBJ37TRP1C6&qid=1774740710&refinements=p_36%3A17500-18000&s=merchant-items&sr=1-165&xpid=ryw9MzFTYkMtl#customerReviews,Bandai HG 1/144 FA-78-2 Heavy Gundam [Rollout Color] Model kit
B07HFB5FKF,,,,
B077HZMQMH,,178.68,https://www.amazon.com.au/Avail-Microcast-AMB1540R-ms_amb1540r_red-Groove/dp/B077HZMQMH/ref=sr_1_166?dib=eyJ2IjoiMSJ9.dyJvTbAHIqU28uRofX3_3c3VQMoJ48PEAxkoflmExh8s12rL7b-vT9XvId1KstV50Up8ygSHqwynnh6ketdc85z8msSRYsSrQ21eir2m3XmNvrsug4BXnX5PI9MpdYIh3fqyAOX8OccsFuAjGARw_KvbxHX3x0dy1sBsdyMY_dc.0AsjFKb5JiexPCQXUL3zbiH59-uKd0Zr8uKVZ9IFHH4&dib_tag=se&m=A3SFQLVXY8GUH2&marketplaceID=A39IBJ37TRP1C6&qid=1774740710&refinements=p_36%3A17500-18000&s=merchant-items&sr=1-166&xpid=ryw9MzFTYkMtl,Avail (Avail) Reel Microcast Spool AMB1540R ms_amb1540r_red Groove Depth 4.0mm Red
B077HZMQMH,,,,
B072LJTJ4G,,178.02,https://www.amazon.com.au/S-H-Figuarts-Cure-Bloom-full-set/dp/B072LJTJ4G/ref=sr_1_167?dib=eyJ2IjoiMSJ9.dyJvTbAHIqU28uRofX3_3c3VQMoJ48PEAxkoflmExh8s12rL7b-vT9XvId1KstV50Up8ygSHqwynnh6ketdc85z8msSRYsSrQ21eir2m3XmNvrsug4BXnX5PI9MpdYIh3fqyAOX8OccsFuAjGARw_KvbxHX3x0dy1sBsdyMY_dc.0AsjFKb5JiexPCQXUL3zbiH59-uKd0Zr8uKVZ9IFHH4&dib_tag=se&m=A3SFQLVXY8GUH2&marketplaceID=A39IBJ37TRP1C6&qid=1774740710&refinements=p_36%3A17500-18000&s=merchant-items&sr=1-167&xpid=ryw9MzFTYkMtl#customerReviews,S.H.Figuarts Cure Bloom & full set
B06XTYK326,,176.97,https://www.amazon.com.au/BAHCO-BHTAH111M-34/dp/B06XTYK326/ref=sr_1_168?dib=eyJ2IjoiMSJ9.dyJvTbAHIqU28uRofX3_3c3VQMoJ48PEAxkoflmExh8s12rL7b-vT9XvId1KstV50Up8ygSHqwynnh6ketdc85z8msSRYsSrQ21eir2m3XmNvrsug4BXnX5PI9MpdYIh3fqyAOX8OccsFuAjGARw_KvbxHX3x0dy1sBsdyMY_dc.0AsjFKb5JiexPCQXUL3zbiH59-uKd0Zr8uKVZ9IFHH4&dib_tag=se&m=A3SFQLVXY8GUH2&marketplaceID=A39IBJ37TRP1C6&qid=1774740710&refinements=p_36%3A17500-18000&s=merchant-items&sr=1-168&xpid=ryw9MzFTYkMtl,BAHCO BHTAH111M-34
B06XTYK326,,,,
B01LZYX90P,,178.87,https://www.amazon.com.au/Good-Smile-Saekano-Boring-Girlfriend/dp/B01LZYX90P/ref=sr_1_169?dib=eyJ2IjoiMSJ9.dyJvTbAHIqU28uRofX3_3c3VQMoJ48PEAxkoflmExh8s12rL7b-vT9XvId1KstV50Up8ygSHqwynnh6ketdc85z8msSRYsSrQ21eir2m3XmNvrsug4BXnX5PI9MpdYIh3fqyAOX8OccsFuAjGARw_KvbxHX3x0dy1sBsdyMY_dc.0AsjFKb5JiexPCQXUL3zbiH59-uKd0Zr8uKVZ9IFHH4&dib_tag=se&m=A3SFQLVXY8GUH2&marketplaceID=A39IBJ37TRP1C6&qid=1774740710&refinements=p_36%3A17500-18000&s=merchant-items&sr=1-169&xpid=ryw9MzFTYkMtl#customerReviews,Good Smile Saekano: How to Raise a Boring Girlfriend: Megumi Kato 1: 7 Scale PVC Vinyl Figure
B01A6FGWCI,,176.75,https://www.amazon.com.au/Figuarts-Captain-America-painted-action/dp/B01A6FGWCI/ref=sr_1_170?dib=eyJ2IjoiMSJ9.dyJvTbAHIqU28uRofX3_3c3VQMoJ48PEAxkoflmExh8s12rL7b-vT9XvId1KstV50Up8ygSHqwynnh6ketdc85z8msSRYsSrQ21eir2m3XmNvrsug4BXnX5PI9MpdYIh3fqyAOX8OccsFuAjGARw_KvbxHX3x0dy1sBsdyMY_dc.0AsjFKb5JiexPCQXUL3zbiH59-uKd0Zr8uKVZ9IFHH4&dib_tag=se&m=A3SFQLVXY8GUH2&marketplaceID=A39IBJ37TRP1C6&qid=1774740710&refinements=p_36%3A17500-18000&s=merchant-items&sr=1-170&xpid=ryw9MzFTYkMtl#customerReviews,SH Figuarts Captain America (Civil War) about 150mm ABS & PVC painted action figure
B015D2ZI88,,176.3,https://www.amazon.com.au/ROBOT-Teodora-Michael-Height-figure/dp/B015D2ZI88/ref=sr_1_171?dib=eyJ2IjoiMSJ9.dyJvTbAHIqU28uRofX3_3c3VQMoJ48PEAxkoflmExh8s12rL7b-vT9XvId1KstV50Up8ygSHqwynnh6ketdc85z8msSRYsSrQ21eir2m3XmNvrsug4BXnX5PI9MpdYIh3fqyAOX8OccsFuAjGARw_KvbxHX3x0dy1sBsdyMY_dc.0AsjFKb5JiexPCQXUL3zbiH59-uKd0Zr8uKVZ9IFHH4&dib_tag=se&m=A3SFQLVXY8GUH2&marketplaceID=A39IBJ37TRP1C6&qid=1774740710&refinements=p_36%3A17500-18000&s=merchant-items&sr=1-171&xpid=ryw9MzFTYkMtl#customerReviews,ROBOT soul SIDE RM Teodora Michael mode Height about 14cm figure
B011R8O28E,,179.23,https://www.amazon.com.au/QuesQ-Kancolle-Kantai-Collection-Figure/dp/B011R8O28E/ref=sr_1_177?dib=eyJ2IjoiMSJ9.XOwNuKVBXKqSx8ME75uL1OrsEDHhv6k6GiCSGVbEcYR9fI6Emej3U9y7LXc1-fyRDLWRHDUUw2JCn3uGhekpqw.ZERHORaVVkws8lokmt6qhSCODPdWd0oeqF8IltfPy8g&dib_tag=se&m=A3SFQLVXY8GUH2&marketplaceID=A39IBJ37TRP1C6&qid=1774740715&refinements=p_36%3A17500-18000&s=merchant-items&sr=1-177&xpid=ryw9MzFTYkMtl,QuesQ Kancolle: Kantai Collection: Atago PVC Figure (1:8 Scale)
B00NT097GG,,178.41,https://www.amazon.com.au/Rennsteig-624-060-Crimp-Die/dp/B00NT097GG/ref=sr_1_178?dib=eyJ2IjoiMSJ9.XOwNuKVBXKqSx8ME75uL1OrsEDHhv6k6GiCSGVbEcYR9fI6Emej3U9y7LXc1-fyRDLWRHDUUw2JCn3uGhekpqw.ZERHORaVVkws8lokmt6qhSCODPdWd0oeqF8IltfPy8g&dib_tag=se&m=A3SFQLVXY8GUH2&marketplaceID=A39IBJ37TRP1C6&qid=1774740715&refinements=p_36%3A17500-18000&s=merchant-items&sr=1-178&xpid=ryw9MzFTYkMtl,"Rennsteig 624 060 3 0"" 12.60"" Crimping Die Set, Multi-Colour"
B00NT097GG,,,,
B00JQV650S,,175.57,https://www.amazon.com.au/KUMANO-BRUSH-SET-for-cosmetic/dp/B00JQV650S/ref=sr_1_179?dib=eyJ2IjoiMSJ9.XOwNuKVBXKqSx8ME75uL1OrsEDHhv6k6GiCSGVbEcYR9fI6Emej3U9y7LXc1-fyRDLWRHDUUw2JCn3uGhekpqw.ZERHORaVVkws8lokmt6qhSCODPdWd0oeqF8IltfPy8g&dib_tag=se&m=A3SFQLVXY8GUH2&marketplaceID=A39IBJ37TRP1C6&qid=1774740715&refinements=p_36%3A17500-18000&s=merchant-items&sr=1-179&xpid=ryw9MzFTYkMtl#customerReviews,KUMANO BRUSH SET for cosmetic
B00JQV650S,,,,
B00EUO7YT2,,179.29,https://www.amazon.com.au/Rikucho-Ogasawara-Nanbu-Tekki-Ironware/dp/B00EUO7YT2/ref=sr_1_180?dib=eyJ2IjoiMSJ9.XOwNuKVBXKqSx8ME75uL1OrsEDHhv6k6GiCSGVbEcYR9fI6Emej3U9y7LXc1-fyRDLWRHDUUw2JCn3uGhekpqw.ZERHORaVVkws8lokmt6qhSCODPdWd0oeqF8IltfPy8g&dib_tag=se&m=A3SFQLVXY8GUH2&marketplaceID=A39IBJ37TRP1C6&qid=1774740715&refinements=p_36%3A17500-18000&s=merchant-items&sr=1-180&xpid=ryw9MzFTYkMtl,Rikucho Ogasawara Mini Pan L With Lid Nanbu Tekki Nanbu Ironware
B00EUO7YT2,,,,
B00AQXD2Z6,,179.18,https://www.amazon.com.au/Bandai-Gashapon-Senshi-NEXT-Premiere/dp/B00AQXD2Z6/ref=sr_1_181?dib=eyJ2IjoiMSJ9.XOwNuKVBXKqSx8ME75uL1OrsEDHhv6k6GiCSGVbEcYR9fI6Emej3U9y7LXc1-fyRDLWRHDUUw2JCn3uGhekpqw.ZERHORaVVkws8lokmt6qhSCODPdWd0oeqF8IltfPy8g&dib_tag=se&m=A3SFQLVXY8GUH2&marketplaceID=A39IBJ37TRP1C6&qid=1774740715&refinements=p_36%3A17500-18000&s=merchant-items&sr=1-181&xpid=ryw9MzFTYkMtl#customerReviews,Gashapon Senshi - NEXT Premiere
B007AKGFMA,,178.67,https://www.amazon.com.au/73-06-160-Diagonal-VDE-tested/dp/B007AKGFMA/ref=sr_1_177?dib=eyJ2IjoiMSJ9.8jmXo5swXoTqlza808QEZZD3xVQ_rLHyHCR3E5UIrmuyVU_jNxNF4PBKhNboiAB3XYmK_6sw58ptTMYdCBJs2k5wr8YgNvmIV8Scgk76_TyG2RYuIckqpzXEst0ps71ej6cDfk_VwyfKmbOHX_R8HO6gj4KbRR4TbRem0chMb6g.Le-3I6-ld-KtIJ8gtvBbdBqiYj4Jbqco8G6U8dILrKA&dib_tag=se&m=A3SFQLVXY8GUH2&marketplaceID=A39IBJ37TRP1C6&qid=1774740715&refinements=p_36%3A17500-18000&s=merchant-items&sr=1-177&xpid=ryw9MzFTYkMtl#customerReviews,Knipex 73 06 160 X-Cut Compact Diagonal Cutter
B007AKGFMA,,,,
B005FPV9BE,,179.75,https://www.amazon.com.au/Standard-Colour-Repair-Exclusive-Model/dp/B005FPV9BE/ref=sr_1_178?dib=eyJ2IjoiMSJ9.8jmXo5swXoTqlza808QEZZD3xVQ_rLHyHCR3E5UIrmuyVU_jNxNF4PBKhNboiAB3XYmK_6sw58ptTMYdCBJs2k5wr8YgNvmIV8Scgk76_TyG2RYuIckqpzXEst0ps71ej6cDfk_VwyfKmbOHX_R8HO6gj4KbRR4TbRem0chMb6g.Le-3I6-ld-KtIJ8gtvBbdBqiYj4Jbqco8G6U8dILrKA&dib_tag=se&m=A3SFQLVXY8GUH2&marketplaceID=A39IBJ37TRP1C6&qid=1774740715&refinements=p_36%3A17500-18000&s=merchant-items&sr=1-178&xpid=ryw9MzFTYkMtl#customerReviews,1/144 HGUC GM Kai Standard Colour & Ball Repair Type Exclusive Model Kit Set - Stardust Memory
B003FG64X8,,179.18,https://www.amazon.com.au/One-Piece-Hancock-Portrait-Pirates/dp/B003FG64X8/ref=sr_1_179?dib=eyJ2IjoiMSJ9.8jmXo5swXoTqlza808QEZZD3xVQ_rLHyHCR3E5UIrmuyVU_jNxNF4PBKhNboiAB3XYmK_6sw58ptTMYdCBJs2k5wr8YgNvmIV8Scgk76_TyG2RYuIckqpzXEst0ps71ej6cDfk_VwyfKmbOHX_R8HO6gj4KbRR4TbRem0chMb6g.Le-3I6-ld-KtIJ8gtvBbdBqiYj4Jbqco8G6U8dILrKA&dib_tag=se&m=A3SFQLVXY8GUH2&marketplaceID=A39IBJ37TRP1C6&qid=1774740715&refinements=p_36%3A17500-18000&s=merchant-items&sr=1-179&xpid=ryw9MzFTYkMtl#customerReviews,One Piece: Boa Hancock Portrait of Pirates ExModel NEO-DX Figure 1/8 Scale
B002CZOYXU,,176.44,https://www.amazon.com.au/Tajima-HTN-50-50M-by/dp/B002CZOYXU/ref=sr_1_180?dib=eyJ2IjoiMSJ9.8jmXo5swXoTqlza808QEZZD3xVQ_rLHyHCR3E5UIrmuyVU_jNxNF4PBKhNboiAB3XYmK_6sw58ptTMYdCBJs2k5wr8YgNvmIV8Scgk76_TyG2RYuIckqpzXEst0ps71ej6cDfk_VwyfKmbOHX_R8HO6gj4KbRR4TbRem0chMb6g.Le-3I6-ld-KtIJ8gtvBbdBqiYj4Jbqco8G6U8dILrKA&dib_tag=se&m=A3SFQLVXY8GUH2&marketplaceID=A39IBJ37TRP1C6&qid=1774740715&refinements=p_36%3A17500-18000&s=merchant-items&sr=1-180&xpid=ryw9MzFTYkMtl#customerReviews,"Tajima HTN-50 Engineer Ten, Width 0.5 inches (13 mm), Length 164.0 ft (50 m), Tension 50N"
B002CZOYXU,,,,
B00161X7CA,,176.15,https://www.amazon.com.au/Sanster-designed-Ballpoint-RX-78-2Gundam-6140552A/dp/B00161X7CA/ref=sr_1_181?dib=eyJ2IjoiMSJ9.8jmXo5swXoTqlza808QEZZD3xVQ_rLHyHCR3E5UIrmuyVU_jNxNF4PBKhNboiAB3XYmK_6sw58ptTMYdCBJs2k5wr8YgNvmIV8Scgk76_TyG2RYuIckqpzXEst0ps71ej6cDfk_VwyfKmbOHX_R8HO6gj4KbRR4TbRem0chMb6g.Le-3I6-ld-KtIJ8gtvBbdBqiYj4Jbqco8G6U8dILrKA&dib_tag=se&m=A3SFQLVXY8GUH2&marketplaceID=A39IBJ37TRP1C6&qid=1774740715&refinements=p_36%3A17500-18000&s=merchant-items&sr=1-181&xpid=ryw9MzFTYkMtl#customerReviews,Sanster Gundam designed Ballpoint Pencil RX-78-2Gundam 6140552A
B00161X7CA,,,,
B07DM5FYTK,,177.22,https://www.amazon.com.au/FREEing-Little-Armory-Teruyasu-Swimsuit/dp/B07DM5FYTK/ref=sr_1_182?dib=eyJ2IjoiMSJ9.8jmXo5swXoTqlza808QEZZD3xVQ_rLHyHCR3E5UIrmuyVU_jNxNF4PBKhNboiAB3XYmK_6sw58ptTMYdCBJs2k5wr8YgNvmIV8Scgk76_TyG2RYuIckqpzXEst0ps71ej6cDfk_VwyfKmbOHX_R8HO6gj4KbRR4TbRem0chMb6g.Le-3I6-ld-KtIJ8gtvBbdBqiYj4Jbqco8G6U8dILrKA&dib_tag=se&m=A3SFQLVXY8GUH2&marketplaceID=A39IBJ37TRP1C6&qid=1774740715&refinements=p_36%3A17500-18000&s=merchant-items&sr=1-182&xpid=ryw9MzFTYkMtl#customerReviews,FREEing Little Armory: Maria Teruyasu (Swimsuit Version) 1: 12 Scale PVC Figure
B077HWK7TC,,179.3,https://www.amazon.com.au/Avail-Microcast-17CRNC60RI-ms_17crnc60ri_skyb-groove/dp/B077HWK7TC/ref=sr_1_183?dib=eyJ2IjoiMSJ9.8jmXo5swXoTqlza808QEZZD3xVQ_rLHyHCR3E5UIrmuyVU_jNxNF4PBKhNboiAB3XYmK_6sw58ptTMYdCBJs2k5wr8YgNvmIV8Scgk76_TyG2RYuIckqpzXEst0ps71ej6cDfk_VwyfKmbOHX_R8HO6gj4KbRR4TbRem0chMb6g.Le-3I6-ld-KtIJ8gtvBbdBqiYj4Jbqco8G6U8dILrKA&dib_tag=se&m=A3SFQLVXY8GUH2&marketplaceID=A39IBJ37TRP1C6&qid=1774740715&refinements=p_36%3A17500-18000&s=merchant-items&sr=1-183&xpid=ryw9MzFTYkMtl,"Available Reel Microcast Spool 17CRNC60RI ms_17crnc60ri_skyb Groove Depth 0.24 inches (6.0 mm), Sky Blue"
B077HWK7TC,,,,
B076MF7YMQ,,179.43,https://www.amazon.com.au/Deda-Elementi-Unisexs-Zero100-Black/dp/B076MF7YMQ/ref=sr_1_184?dib=eyJ2IjoiMSJ9.8jmXo5swXoTqlza808QEZZD3xVQ_rLHyHCR3E5UIrmuyVU_jNxNF4PBKhNboiAB3XYmK_6sw58ptTMYdCBJs2k5wr8YgNvmIV8Scgk76_TyG2RYuIckqpzXEst0ps71ej6cDfk_VwyfKmbOHX_R8HO6gj4KbRR4TbRem0chMb6g.Le-3I6-ld-KtIJ8gtvBbdBqiYj4Jbqco8G6U8dILrKA&dib_tag=se&m=A3SFQLVXY8GUH2&marketplaceID=A39IBJ37TRP1C6&qid=1774740715&refinements=p_36%3A17500-18000&s=merchant-items&sr=1-184&xpid=ryw9MzFTYkMtl#customerReviews,Deda Elementi Unisex's Zero Mountain Bike Handlebar
B076MF7YMQ,,,,
B01MYB8VV5,,177.37,https://www.amazon.com.au/Selle-SMP-Hybrid-Saddle-Black/dp/B01MYB8VV5/ref=sr_1_185?dib=eyJ2IjoiMSJ9.8jmXo5swXoTqlza808QEZZD3xVQ_rLHyHCR3E5UIrmuyVU_jNxNF4PBKhNboiAB3XYmK_6sw58ptTMYdCBJs2k5wr8YgNvmIV8Scgk76_TyG2RYuIckqpzXEst0ps71ej6cDfk_VwyfKmbOHX_R8HO6gj4KbRR4TbRem0chMb6g.Le-3I6-ld-KtIJ8gtvBbdBqiYj4Jbqco8G6U8dILrKA&dib_tag=se&m=A3SFQLVXY8GUH2&marketplaceID=A39IBJ37TRP1C6&qid=1774740715&refinements=p_36%3A17500-18000&s=merchant-items&sr=1-185&xpid=ryw9MzFTYkMtl,Cicli Bonin Unisex Adult SMP Hybrid 2017 Saddles
B01MYB8VV5,,,,
B01M36F711,,176.54,https://www.amazon.com.au/Medicos-Drifters-Toyohisa-Shimazu-Figure/dp/B01M36F711/ref=sr_1_186?dib=eyJ2IjoiMSJ9.8jmXo5swXoTqlza808QEZZD3xVQ_rLHyHCR3E5UIrmuyVU_jNxNF4PBKhNboiAB3XYmK_6sw58ptTMYdCBJs2k5wr8YgNvmIV8Scgk76_TyG2RYuIckqpzXEst0ps71ej6cDfk_VwyfKmbOHX_R8HO6gj4KbRR4TbRem0chMb6g.Le-3I6-ld-KtIJ8gtvBbdBqiYj4Jbqco8G6U8dILrKA&dib_tag=se&m=A3SFQLVXY8GUH2&marketplaceID=A39IBJ37TRP1C6&qid=1774740715&refinements=p_36%3A17500-18000&s=merchant-items&sr=1-186&xpid=ryw9MzFTYkMtl#customerReviews,Medicos Drifters: Toyohisa Shimazu PVC Vinyl Figure
B01B2NGC3M,,177.73,https://www.amazon.com.au/ROBOT-Hisuterika-released-limited-release/dp/B01B2NGC3M/ref=sr_1_187?dib=eyJ2IjoiMSJ9.8jmXo5swXoTqlza808QEZZD3xVQ_rLHyHCR3E5UIrmuyVU_jNxNF4PBKhNboiAB3XYmK_6sw58ptTMYdCBJs2k5wr8YgNvmIV8Scgk76_TyG2RYuIckqpzXEst0ps71ej6cDfk_VwyfKmbOHX_R8HO6gj4KbRR4TbRem0chMb6g.Le-3I6-ld-KtIJ8gtvBbdBqiYj4Jbqco8G6U8dILrKA&dib_tag=se&m=A3SFQLVXY8GUH2&marketplaceID=A39IBJ37TRP1C6&qid=1774740715&refinements=p_36%3A17500-18000&s=merchant-items&sr=1-187&xpid=ryw9MzFTYkMtl#customerReviews,ROBOT soul [SIDE RM] Hisuterika [01 released in May 2016] [soul web shop limited release goods]
B00PE06LI6,,179.79,https://www.amazon.com.au/magical-Madoka-Shinpen-Kyara-menyi-production/dp/B00PE06LI6/ref=sr_1_193?dib=eyJ2IjoiMSJ9.U68p1HQTleuXpb-6t39YpUx2tRmay0oQwwqEbgpBGQYwga8KNT5INlTHCGKdy0_iZ28606MOUnftoZ8zFTcEvA.Iw__FYIclsjizLdIwt_xVVtJENLylicDVYGpzdhIkZI&dib_tag=se&m=A3SFQLVXY8GUH2&marketplaceID=A39IBJ37TRP1C6&qid=1774740721&refinements=p_36%3A17500-18000&s=merchant-items&sr=1-193&xpid=ryw9MzFTYkMtl,Movie magical girl Madoka * Magica story of Shinpen revolt Kyara-menyi Akemi flame black dress Ver. Set full order production
B00JX9RSFO,,177.44,https://www.amazon.com.au/Bandai-Tamashii-Nations-Wizard-Action/dp/B00JX9RSFO/ref=sr_1_194?dib=eyJ2IjoiMSJ9.U68p1HQTleuXpb-6t39YpUx2tRmay0oQwwqEbgpBGQYwga8KNT5INlTHCGKdy0_iZ28606MOUnftoZ8zFTcEvA.Iw__FYIclsjizLdIwt_xVVtJENLylicDVYGpzdhIkZI&dib_tag=se&m=A3SFQLVXY8GUH2&marketplaceID=A39IBJ37TRP1C6&qid=1774740721&refinements=p_36%3A17500-18000&s=merchant-items&sr=1-194&xpid=ryw9MzFTYkMtl#customerReviews,Bandai Tamashii Nations SIC Kamen Rider Wizard Frame Style Action Figure
B00JGW4O9G,,178.12,https://www.amazon.com.au/Tamashii-Nations-Spirits-Genoumaru-Machine/dp/B00JGW4O9G/ref=sr_1_195?dib=eyJ2IjoiMSJ9.U68p1HQTleuXpb-6t39YpUx2tRmay0oQwwqEbgpBGQYwga8KNT5INlTHCGKdy0_iZ28606MOUnftoZ8zFTcEvA.Iw__FYIclsjizLdIwt_xVVtJENLylicDVYGpzdhIkZI&dib_tag=se&m=A3SFQLVXY8GUH2&marketplaceID=A39IBJ37TRP1C6&qid=1774740721&refinements=p_36%3A17500-18000&s=merchant-items&sr=1-195&xpid=ryw9MzFTYkMtl#customerReviews,Bandai Tamashii Nations Robot Spirits Genoumaru Machine Hero Wataru Action Figure
B00G93MGZE,,179.67,https://www.amazon.com.au/Bandai-Tamashii-Nations-D-Arts-Vermilion/dp/B00G93MGZE/ref=sr_1_196?dib=eyJ2IjoiMSJ9.U68p1HQTleuXpb-6t39YpUx2tRmay0oQwwqEbgpBGQYwga8KNT5INlTHCGKdy0_iZ28606MOUnftoZ8zFTcEvA.Iw__FYIclsjizLdIwt_xVVtJENLylicDVYGpzdhIkZI&dib_tag=se&m=A3SFQLVXY8GUH2&marketplaceID=A39IBJ37TRP1C6&qid=1774740721&refinements=p_36%3A17500-18000&s=merchant-items&sr=1-196&xpid=ryw9MzFTYkMtl#customerReviews,Bandai Tamashii Nations D-Arts Noel Vermilion Action Figure
B00C1B28Y2,,178.48,https://www.amazon.com.au/Bandai-Tamashii-Nations-Dragonball-Figuarts/dp/B00C1B28Y2/ref=sr_1_197?dib=eyJ2IjoiMSJ9.U68p1HQTleuXpb-6t39YpUx2tRmay0oQwwqEbgpBGQYwga8KNT5INlTHCGKdy0_iZ28606MOUnftoZ8zFTcEvA.Iw__FYIclsjizLdIwt_xVVtJENLylicDVYGpzdhIkZI&dib_tag=se&m=A3SFQLVXY8GUH2&marketplaceID=A39IBJ37TRP1C6&qid=1774740721&refinements=p_36%3A17500-18000&s=merchant-items&sr=1-197&xpid=ryw9MzFTYkMtl#customerReviews,Bandai Tamashii Nations Super Saiyan Goku Dragonball Z Figuarts Zero Action Figure
B006U6J1EO,,178.37,https://www.amazon.com.au/Nendoroid-Cheerful-Good-Smile-Company/dp/B006U6J1EO/ref=sr_1_193?dib=eyJ2IjoiMSJ9.-hQWdcbnyt_wP5Rxi9UQ-DRbIsbejVpeNb16C-BylwtHF_jQE7DJRDSYga1yNmqMTfKqPJUwmN8uRFYANI1V-IkiBzslB31clKQgKIhgCaJfn2QRetk7tIxhq_86_RdNIsuyakChf3fnCPyUX5Shbm1J0fW86QjLfA1a4MJRFyQ.O0iDuqmkEryyVfUj4-LFQ6SaDOAVzRYide9cB3yG3cg&dib_tag=se&m=A3SFQLVXY8GUH2&marketplaceID=A39IBJ37TRP1C6&qid=1774740721&refinements=p_36%3A17500-18000&s=merchant-items&sr=1-193&xpid=ryw9MzFTYkMtl#customerReviews,Nendoroid Kurisu Makise & Mayuri Shiina Cheerful Japan Ver. (Good Smile Company)
B00005OVEG,,179.97,https://www.amazon.com.au/Pac-Man-World-20th-Anniversary-Japan/dp/B00005OVEG/ref=sr_1_194?dib=eyJ2IjoiMSJ9.-hQWdcbnyt_wP5Rxi9UQ-DRbIsbejVpeNb16C-BylwtHF_jQE7DJRDSYga1yNmqMTfKqPJUwmN8uRFYANI1V-IkiBzslB31clKQgKIhgCaJfn2QRetk7tIxhq_86_RdNIsuyakChf3fnCPyUX5Shbm1J0fW86QjLfA1a4MJRFyQ.O0iDuqmkEryyVfUj4-LFQ6SaDOAVzRYide9cB3yG3cg&dib_tag=se&m=A3SFQLVXY8GUH2&marketplaceID=A39IBJ37TRP1C6&qid=1774740721&refinements=p_36%3A17500-18000&s=merchant-items&sr=1-194&xpid=ryw9MzFTYkMtl#customerReviews,Pac-Man World 20th Anniversary [Japan Import]
B00005OVEG,,,,
B00CSJZRRM,,180.51,https://www.amazon.com.au/Bandai-Hobby-Master-Action-Figure/dp/B00CSJZRRM/ref=sr_1_195?dib=eyJ2IjoiMSJ9.-hQWdcbnyt_wP5Rxi9UQ-DRbIsbejVpeNb16C-BylwtHF_jQE7DJRDSYga1yNmqMTfKqPJUwmN8uRFYANI1V-IkiBzslB31clKQgKIhgCaJfn2QRetk7tIxhq_86_RdNIsuyakChf3fnCPyUX5Shbm1J0fW86QjLfA1a4MJRFyQ.O0iDuqmkEryyVfUj4-LFQ6SaDOAVzRYide9cB3yG3cg&dib_tag=se&m=A3SFQLVXY8GUH2&marketplaceID=A39IBJ37TRP1C6&qid=1774740721&refinements=p_36%3A17500-18000&s=merchant-items&sr=1-195&xpid=ryw9MzFTYkMtl#customerReviews,"Bandai Hobby Master Grade Geara Doga Action Figure Model Kit, 1/100 Scale"
B00CSJZRRM,,,,
B00IFTBLEM,,176.05,https://www.amazon.com.au/Shoei-CNS-1-PINLOCK-Fire-Orange/dp/B00IFTBLEM/ref=sr_1_196?dib=eyJ2IjoiMSJ9.-hQWdcbnyt_wP5Rxi9UQ-DRbIsbejVpeNb16C-BylwtHF_jQE7DJRDSYga1yNmqMTfKqPJUwmN8uRFYANI1V-IkiBzslB31clKQgKIhgCaJfn2QRetk7tIxhq_86_RdNIsuyakChf3fnCPyUX5Shbm1J0fW86QjLfA1a4MJRFyQ.O0iDuqmkEryyVfUj4-LFQ6SaDOAVzRYide9cB3yG3cg&dib_tag=se&m=A3SFQLVXY8GUH2&marketplaceID=A39IBJ37TRP1C6&qid=1774740721&refinements=p_36%3A17500-18000&s=merchant-items&sr=1-196&xpid=ryw9MzFTYkMtl#customerReviews,Shoei CNS-1 PINLOCK (Fire Orange)
B00IFTBLEM,,,,
B079VM28TP,,175.59,https://www.amazon.com.au/Soto-SOTO-GRID-grill-ST-526GS/dp/B079VM28TP/ref=sr_1_197?dib=eyJ2IjoiMSJ9.-hQWdcbnyt_wP5Rxi9UQ-DRbIsbejVpeNb16C-BylwtHF_jQE7DJRDSYga1yNmqMTfKqPJUwmN8uRFYANI1V-IkiBzslB31clKQgKIhgCaJfn2QRetk7tIxhq_86_RdNIsuyakChf3fnCPyUX5Shbm1J0fW86QjLfA1a4MJRFyQ.O0iDuqmkEryyVfUj4-LFQ6SaDOAVzRYide9cB3yG3cg&dib_tag=se&m=A3SFQLVXY8GUH2&marketplaceID=A39IBJ37TRP1C6&qid=1774740721&refinements=p_36%3A17500-18000&s=merchant-items&sr=1-197&xpid=ryw9MzFTYkMtl#customerReviews,SOTO GRID S ST-526GS Grill
B079VM28TP,,,,
B078KHQKC4,,176.78,https://www.amazon.com.au/KATO-late-type-specification-3061-2-locomotive/dp/B078KHQKC4/ref=sr_1_198?dib=eyJ2IjoiMSJ9.-hQWdcbnyt_wP5Rxi9UQ-DRbIsbejVpeNb16C-BylwtHF_jQE7DJRDSYga1yNmqMTfKqPJUwmN8uRFYANI1V-IkiBzslB31clKQgKIhgCaJfn2QRetk7tIxhq_86_RdNIsuyakChf3fnCPyUX5Shbm1J0fW86QjLfA1a4MJRFyQ.O0iDuqmkEryyVfUj4-LFQ6SaDOAVzRYide9cB3yG3cg&dib_tag=se&m=A3SFQLVXY8GUH2&marketplaceID=A39IBJ37TRP1C6&qid=1774740721&refinements=p_36%3A17500-18000&s=merchant-items&sr=1-198&xpid=ryw9MzFTYkMtl#customerReviews,KATO N gauge EF65 1000 late-type JR specification 3061-2 model railroad electric locomotive
B00JX05MQU,,175.13,https://www.amazon.com.au/ArtsOnDesk-Stainless-Accessory-Organizer-Valentines/dp/B00JX05MQU/ref=sr_1_199?dib=eyJ2IjoiMSJ9.-hQWdcbnyt_wP5Rxi9UQ-DRbIsbejVpeNb16C-BylwtHF_jQE7DJRDSYga1yNmqMTfKqPJUwmN8uRFYANI1V-IkiBzslB31clKQgKIhgCaJfn2QRetk7tIxhq_86_RdNIsuyakChf3fnCPyUX5Shbm1J0fW86QjLfA1a4MJRFyQ.O0iDuqmkEryyVfUj4-LFQ6SaDOAVzRYide9cB3yG3cg&dib_tag=se&m=A3SFQLVXY8GUH2&marketplaceID=A39IBJ37TRP1C6&qid=1774740721&refinements=p_36%3A17500-18000&s=merchant-items&sr=1-199&xpid=ryw9MzFTYkMtl#customerReviews,Modern Art Pen and Pencil Holder St203 Stainless Steel Satin Finish Patented Luxury High-end Deck Accessory Desktop Pen Case Cup Tray Stand Office Organizer Christmas Valentines Gift
B00JX05MQU,,,,
B00GN9KCP0,,179.12,https://www.amazon.com.au/Anpanman-Limited-Baikinman-stretch-Agatsuma/dp/B00GN9KCP0/ref=sr_1_200?dib=eyJ2IjoiMSJ9.-hQWdcbnyt_wP5Rxi9UQ-DRbIsbejVpeNb16C-BylwtHF_jQE7DJRDSYga1yNmqMTfKqPJUwmN8uRFYANI1V-IkiBzslB31clKQgKIhgCaJfn2QRetk7tIxhq_86_RdNIsuyakChf3fnCPyUX5Shbm1J0fW86QjLfA1a4MJRFyQ.O0iDuqmkEryyVfUj4-LFQ6SaDOAVzRYide9cB3yG3cg&dib_tag=se&m=A3SFQLVXY8GUH2&marketplaceID=A39IBJ37TRP1C6&qid=1774740721&refinements=p_36%3A17500-18000&s=merchant-items&sr=1-200&xpid=ryw9MzFTYkMtl#customerReviews,Anpanman Museum Limited Baikinman stretch ball by Agatsuma
B00CHJAXHW,,176.17,https://www.amazon.com.au/NARUMI-Milan-Saucer-210cc-9682-7165/dp/B00CHJAXHW/ref=sr_1_201?dib=eyJ2IjoiMSJ9.-hQWdcbnyt_wP5Rxi9UQ-DRbIsbejVpeNb16C-BylwtHF_jQE7DJRDSYga1yNmqMTfKqPJUwmN8uRFYANI1V-IkiBzslB31clKQgKIhgCaJfn2QRetk7tIxhq_86_RdNIsuyakChf3fnCPyUX5Shbm1J0fW86QjLfA1a4MJRFyQ.O0iDuqmkEryyVfUj4-LFQ6SaDOAVzRYide9cB3yG3cg&dib_tag=se&m=A3SFQLVXY8GUH2&marketplaceID=A39IBJ37TRP1C6&qid=1774740721&refinements=p_36%3A17500-18000&s=merchant-items&sr=1-201&xpid=ryw9MzFTYkMtl#customerReviews,"Narumi 9682-7165 Milano Pair Tea Set, Bone China"
B00CHJAXHW,,,,
B002B54OCW,,179.56,https://www.amazon.com.au/Little-Pullip-Miss-Green-11cm/dp/B002B54OCW/ref=sr_1_202?dib=eyJ2IjoiMSJ9.-hQWdcbnyt_wP5Rxi9UQ-DRbIsbejVpeNb16C-BylwtHF_jQE7DJRDSYga1yNmqMTfKqPJUwmN8uRFYANI1V-IkiBzslB31clKQgKIhgCaJfn2QRetk7tIxhq_86_RdNIsuyakChf3fnCPyUX5Shbm1J0fW86QjLfA1a4MJRFyQ.O0iDuqmkEryyVfUj4-LFQ6SaDOAVzRYide9cB3yG3cg&dib_tag=se&m=A3SFQLVXY8GUH2&marketplaceID=A39IBJ37TRP1C6&qid=1774740721&refinements=p_36%3A17500-18000&s=merchant-items&sr=1-202&xpid=ryw9MzFTYkMtl,Miss Green 11cm
B000Y11892,,177.7,https://www.amazon.com.au/Alter-Melancholy-Haruhi-Suzumiya-Swimsuit/dp/B000Y11892/ref=sr_1_203?dib=eyJ2IjoiMSJ9.-hQWdcbnyt_wP5Rxi9UQ-DRbIsbejVpeNb16C-BylwtHF_jQE7DJRDSYga1yNmqMTfKqPJUwmN8uRFYANI1V-IkiBzslB31clKQgKIhgCaJfn2QRetk7tIxhq_86_RdNIsuyakChf3fnCPyUX5Shbm1J0fW86QjLfA1a4MJRFyQ.O0iDuqmkEryyVfUj4-LFQ6SaDOAVzRYide9cB3yG3cg&dib_tag=se&m=A3SFQLVXY8GUH2&marketplaceID=A39IBJ37TRP1C6&qid=1774740721&refinements=p_36%3A17500-18000&s=merchant-items&sr=1-203&xpid=ryw9MzFTYkMtl#customerReviews,Alter The Melancholy of Haruhi Suzumiya: Yuki Nagato PVC Figure (Swimsuit Version)
B000FTBLEU,,178.6,https://www.amazon.com.au/Bandai-Alpha-Robe-Dubhe-Siegfried/dp/B000FTBLEU/ref=sr_1_209?dib=eyJ2IjoiMSJ9.K2YZQ1MOP3NZ2UGyjpW4she5RKAldeKorD77t_fBh3oQX_IwAlJHQ3kc7y2UekmC_dp00zz2jj48_fot3nB46A.Tsr4YdaaxnJw2wnfmAeUmgooLNrzHy8F_0sYumeOzcA&dib_tag=se&m=A3SFQLVXY8GUH2&marketplaceID=A39IBJ37TRP1C6&qid=1774740725&refinements=p_36%3A17500-18000&s=merchant-items&sr=1-209&xpid=ryw9MzFTYkMtl#customerReviews,Bandai Alpha God Robe Dubhe Siegfried
B08B65S5CX,,175.49,https://www.amazon.com.au/DNP-Screw-Freewheel-11-34T-Nickel/dp/B08B65S5CX/ref=sr_1_210?dib=eyJ2IjoiMSJ9.K2YZQ1MOP3NZ2UGyjpW4she5RKAldeKorD77t_fBh3oQX_IwAlJHQ3kc7y2UekmC_dp00zz2jj48_fot3nB46A.Tsr4YdaaxnJw2wnfmAeUmgooLNrzHy8F_0sYumeOzcA&dib_tag=se&m=A3SFQLVXY8GUH2&marketplaceID=A39IBJ37TRP1C6&qid=1774740725&refinements=p_36%3A17500-18000&s=merchant-items&sr=1-210&xpid=ryw9MzFTYkMtl#customerReviews,"DNP 10 Speed Screw-on Freewheel 11-34T Nickel Plate, ST1991"
B08B65S5CX,,,,
B08RRSYNKD,,175.28,https://www.amazon.com.au/Kaldheim-Combo-Sleeves-Featuring-Ever-Watchful/dp/B08RRSYNKD/ref=sr_1_211?dib=eyJ2IjoiMSJ9.K2YZQ1MOP3NZ2UGyjpW4she5RKAldeKorD77t_fBh3oQX_IwAlJHQ3kc7y2UekmC_dp00zz2jj48_fot3nB46A.Tsr4YdaaxnJw2wnfmAeUmgooLNrzHy8F_0sYumeOzcA&dib_tag=se&m=A3SFQLVXY8GUH2&marketplaceID=A39IBJ37TRP1C6&qid=1774740725&refinements=p_36%3A17500-18000&s=merchant-items&sr=1-211&xpid=ryw9MzFTYkMtl#customerReviews,Kaldheim Combo 100+ Deck Box and 100ct Sleeves Featuring Ranar The Ever-Watchful for Magic: The Gathering - Protect Your Cards and Always be Ready for Battle Against Friends Or Enemies in Style
B08RRSYNKD,,,,
B01MQPE8F9,,175.09,https://www.amazon.com.au/Detective-Kuroba-Freeing-Figure-Phantom/dp/B01MQPE8F9/ref=sr_1_212?dib=eyJ2IjoiMSJ9.K2YZQ1MOP3NZ2UGyjpW4she5RKAldeKorD77t_fBh3oQX_IwAlJHQ3kc7y2UekmC_dp00zz2jj48_fot3nB46A.Tsr4YdaaxnJw2wnfmAeUmgooLNrzHy8F_0sYumeOzcA&dib_tag=se&m=A3SFQLVXY8GUH2&marketplaceID=A39IBJ37TRP1C6&qid=1774740725&refinements=p_36%3A17500-18000&s=merchant-items&sr=1-212&xpid=ryw9MzFTYkMtl,Figma Detective Conan Kaito Kuroba Kaito Kid ABS PVC Freeing Figure Kid The Phantom Thief
B00T9F3ZIQ,,178.71,https://www.amazon.com.au/BAHCO-Barcode-Glasses-end-Wrench-7444SG-M-50/dp/B00T9F3ZIQ/ref=sr_1_213?dib=eyJ2IjoiMSJ9.K2YZQ1MOP3NZ2UGyjpW4she5RKAldeKorD77t_fBh3oQX_IwAlJHQ3kc7y2UekmC_dp00zz2jj48_fot3nB46A.Tsr4YdaaxnJw2wnfmAeUmgooLNrzHy8F_0sYumeOzcA&dib_tag=se&m=A3SFQLVXY8GUH2&marketplaceID=A39IBJ37TRP1C6&qid=1774740725&refinements=p_36%3A17500-18000&s=merchant-items&sr=1-213&xpid=ryw9MzFTYkMtl#customerReviews,"Bahco 7444SG-M-50 BH7444SG-M-50 12-Points Ring End Slogging Wrench, Grey, 50 mm"
B00T9F3ZIQ,,,,
B0019DMQWC,,177.1,https://www.amazon.com.au/Aoshima-Battleship-Fuso-1944-Waterline/dp/B0019DMQWC/ref=sr_1_209?dib=eyJ2IjoiMSJ9.vyRVLFuZFf2px-kLJ_cm4d63WjhMKFrr_pnrGXAaFf-mCaRSTYHkTu0hKnBYzMjp1i3y-XLbPaBHu6RcnI-Gu8Mg2prAXr-lXUXikrfe09XIf5mhNvN1icbQBOQIm0exY7uqEpMwyfwOAynu6Soz_Gjy3i3jDowOdMWhmQBlucA.4MlMUq-cvahxJVHEpNRoPwVqy1urcnpnurEIii3fL-A&dib_tag=se&m=A3SFQLVXY8GUH2&marketplaceID=A39IBJ37TRP1C6&qid=1774740725&refinements=p_36%3A17500-18000&s=merchant-items&sr=1-209&xpid=ryw9MzFTYkMtl#customerReviews,Aoshima 1/700 IJN Battleship Fuso 1944 (Waterline Hull)
B0019DMQWC,,,,
B003YC1YCO,,178.88,https://www.amazon.com.au/Super-Robot-Chogokin-Reideen-Raideen/dp/B003YC1YCO/ref=sr_1_210?dib=eyJ2IjoiMSJ9.vyRVLFuZFf2px-kLJ_cm4d63WjhMKFrr_pnrGXAaFf-mCaRSTYHkTu0hKnBYzMjp1i3y-XLbPaBHu6RcnI-Gu8Mg2prAXr-lXUXikrfe09XIf5mhNvN1icbQBOQIm0exY7uqEpMwyfwOAynu6Soz_Gjy3i3jDowOdMWhmQBlucA.4MlMUq-cvahxJVHEpNRoPwVqy1urcnpnurEIii3fL-A&dib_tag=se&m=A3SFQLVXY8GUH2&marketplaceID=A39IBJ37TRP1C6&qid=1774740725&refinements=p_36%3A17500-18000&s=merchant-items&sr=1-210&xpid=ryw9MzFTYkMtl#customerReviews,Super Robot Chogokin: Brave Reideen God Raideen Action Figure
B0002YNQV4,,176.09,https://www.amazon.com.au/Gundam-Figuration-3004a-Zeonography-Dowadge/dp/B0002YNQV4/ref=sr_1_211?dib=eyJ2IjoiMSJ9.vyRVLFuZFf2px-kLJ_cm4d63WjhMKFrr_pnrGXAaFf-mCaRSTYHkTu0hKnBYzMjp1i3y-XLbPaBHu6RcnI-Gu8Mg2prAXr-lXUXikrfe09XIf5mhNvN1icbQBOQIm0exY7uqEpMwyfwOAynu6Soz_Gjy3i3jDowOdMWhmQBlucA.4MlMUq-cvahxJVHEpNRoPwVqy1urcnpnurEIii3fL-A&dib_tag=se&m=A3SFQLVXY8GUH2&marketplaceID=A39IBJ37TRP1C6&qid=1774740725&refinements=p_36%3A17500-18000&s=merchant-items&sr=1-211&xpid=ryw9MzFTYkMtl#customerReviews,Gundam Fix Figuration #3004a Zeonography Pezun Dowadge
B06Y57LTNK,,179.13,https://www.amazon.com.au/Daiwa-Liberty-Small-Joint-2-300/dp/B06Y57LTNK/ref=sr_1_212?dib=eyJ2IjoiMSJ9.vyRVLFuZFf2px-kLJ_cm4d63WjhMKFrr_pnrGXAaFf-mCaRSTYHkTu0hKnBYzMjp1i3y-XLbPaBHu6RcnI-Gu8Mg2prAXr-lXUXikrfe09XIf5mhNvN1icbQBOQIm0exY7uqEpMwyfwOAynu6Soz_Gjy3i3jDowOdMWhmQBlucA.4MlMUq-cvahxJVHEpNRoPwVqy1urcnpnurEIii3fL-A&dib_tag=se&m=A3SFQLVXY8GUH2&marketplaceID=A39IBJ37TRP1C6&qid=1774740725&refinements=p_36%3A17500-18000&s=merchant-items&sr=1-212&xpid=ryw9MzFTYkMtl#customerReviews,DAIWA LBT C (Liberty Club) Iso/Breakwater Koichi Iso No. 2-3
B06Y57LTNK,,,,
B0052VJ3XW,,175.13,https://www.amazon.com.au/Daytona-DAYTONA-Fendaresu-reflectors-74386/dp/B0052VJ3XW/ref=sr_1_213?dib=eyJ2IjoiMSJ9.vyRVLFuZFf2px-kLJ_cm4d63WjhMKFrr_pnrGXAaFf-mCaRSTYHkTu0hKnBYzMjp1i3y-XLbPaBHu6RcnI-Gu8Mg2prAXr-lXUXikrfe09XIf5mhNvN1icbQBOQIm0exY7uqEpMwyfwOAynu6Soz_Gjy3i3jDowOdMWhmQBlucA.4MlMUq-cvahxJVHEpNRoPwVqy1urcnpnurEIii3fL-A&dib_tag=se&m=A3SFQLVXY8GUH2&marketplaceID=A39IBJ37TRP1C6&qid=1774740725&refinements=p_36%3A17500-18000&s=merchant-items&sr=1-213&xpid=ryw9MzFTYkMtl#customerReviews,Daytona Motorcycle LED Fenderless Kit WR250R (08-17) WR250X (08-17) 74386
B0052VJ3XW,,,,
B002LSFWCA,,177.38,https://www.amazon.com.au/Takoyaki-Plate-16pieces-square-CA30L/dp/B002LSFWCA/ref=sr_1_214?dib=eyJ2IjoiMSJ9.vyRVLFuZFf2px-kLJ_cm4d63WjhMKFrr_pnrGXAaFf-mCaRSTYHkTu0hKnBYzMjp1i3y-XLbPaBHu6RcnI-Gu8Mg2prAXr-lXUXikrfe09XIf5mhNvN1icbQBOQIm0exY7uqEpMwyfwOAynu6Soz_Gjy3i3jDowOdMWhmQBlucA.4MlMUq-cvahxJVHEpNRoPwVqy1urcnpnurEIii3fL-A&dib_tag=se&m=A3SFQLVXY8GUH2&marketplaceID=A39IBJ37TRP1C6&qid=1774740725&refinements=p_36%3A17500-18000&s=merchant-items&sr=1-214&xpid=ryw9MzFTYkMtl#customerReviews,Takoyaki Plate Nambu Iron 16pieces square type CA30L
B002LSFWCA,,,,
B002JZZI56,,178.78,https://www.amazon.com.au/357-Flower-Scissors-Hand-F-195/dp/B002JZZI56/ref=sr_1_215?dib=eyJ2IjoiMSJ9.vyRVLFuZFf2px-kLJ_cm4d63WjhMKFrr_pnrGXAaFf-mCaRSTYHkTu0hKnBYzMjp1i3y-XLbPaBHu6RcnI-Gu8Mg2prAXr-lXUXikrfe09XIf5mhNvN1icbQBOQIm0exY7uqEpMwyfwOAynu6Soz_Gjy3i3jDowOdMWhmQBlucA.4MlMUq-cvahxJVHEpNRoPwVqy1urcnpnurEIii3fL-A&dib_tag=se&m=A3SFQLVXY8GUH2&marketplaceID=A39IBJ37TRP1C6&qid=1774740725&refinements=p_36%3A17500-18000&s=merchant-items&sr=1-215&xpid=ryw9MzFTYkMtl,Flower Scissors Hand F-195
B002JZZI56,,,,
B0BX9BP8B5,,178.58,https://www.amazon.com.au/Evernew-ECA382-U-L-Alu-Pan-inches/dp/B0BX9BP8B5/ref=sr_1_216?dib=eyJ2IjoiMSJ9.vyRVLFuZFf2px-kLJ_cm4d63WjhMKFrr_pnrGXAaFf-mCaRSTYHkTu0hKnBYzMjp1i3y-XLbPaBHu6RcnI-Gu8Mg2prAXr-lXUXikrfe09XIf5mhNvN1icbQBOQIm0exY7uqEpMwyfwOAynu6Soz_Gjy3i3jDowOdMWhmQBlucA.4MlMUq-cvahxJVHEpNRoPwVqy1urcnpnurEIii3fL-A&dib_tag=se&m=A3SFQLVXY8GUH2&marketplaceID=A39IBJ37TRP1C6&qid=1774740725&refinements=p_36%3A17500-18000&s=merchant-items&sr=1-216&xpid=ryw9MzFTYkMtl#customerReviews,"Evernew ECA382 U.L. Alu.Pan, 7.9 inches (20 cm)"
B0BX9BP8B5,,,,
B08BNHK2CK,,182.92,https://www.amazon.com.au/ORTLIEB-Ultimate-6-Frameback-Black/dp/B08BNHK2CK/ref=sr_1_217?dib=eyJ2IjoiMSJ9.vyRVLFuZFf2px-kLJ_cm4d63WjhMKFrr_pnrGXAaFf-mCaRSTYHkTu0hKnBYzMjp1i3y-XLbPaBHu6RcnI-Gu8Mg2prAXr-lXUXikrfe09XIf5mhNvN1icbQBOQIm0exY7uqEpMwyfwOAynu6Soz_Gjy3i3jDowOdMWhmQBlucA.4MlMUq-cvahxJVHEpNRoPwVqy1urcnpnurEIii3fL-A&dib_tag=se&m=A3SFQLVXY8GUH2&marketplaceID=A39IBJ37TRP1C6&qid=1774740725&refinements=p_36%3A17500-18000&s=merchant-items&sr=1-217&xpid=ryw9MzFTYkMtl#customerReviews,"ORTLIEB Ultimate 6 Frameback, Black"
B08BNHK2CK,,,,
B085KHGHCN,,175.05,https://www.amazon.com.au/Yamazaki-Industries-4858-Magnetic-Bathroom/dp/B085KHGHCN/ref=sr_1_218?dib=eyJ2IjoiMSJ9.vyRVLFuZFf2px-kLJ_cm4d63WjhMKFrr_pnrGXAaFf-mCaRSTYHkTu0hKnBYzMjp1i3y-XLbPaBHu6RcnI-Gu8Mg2prAXr-lXUXikrfe09XIf5mhNvN1icbQBOQIm0exY7uqEpMwyfwOAynu6Soz_Gjy3i3jDowOdMWhmQBlucA.4MlMUq-cvahxJVHEpNRoPwVqy1urcnpnurEIii3fL-A&dib_tag=se&m=A3SFQLVXY8GUH2&marketplaceID=A39IBJ37TRP1C6&qid=1774740725&refinements=p_36%3A17500-18000&s=merchant-items&sr=1-218&xpid=ryw9MzFTYkMtl#customerReviews,"Yamazaki Industries 4858 Magnetic Bathroom Rack, Long, White, Approx. W 23.6 x D 3.3 x H 3.1 inches (60 x 8.5 x 8 cm), Tower, Bathroom Storage, Drainage Holes, Hooks Included"
B085KHGHCN,,,,
B00266LWEY,,175.22,https://www.amazon.com.au/Martial-PM130-YLBK-Professional-Punching-Thickness/dp/B00266LWEY/ref=sr_1_219?dib=eyJ2IjoiMSJ9.vyRVLFuZFf2px-kLJ_cm4d63WjhMKFrr_pnrGXAaFf-mCaRSTYHkTu0hKnBYzMjp1i3y-XLbPaBHu6RcnI-Gu8Mg2prAXr-lXUXikrfe09XIf5mhNvN1icbQBOQIm0exY7uqEpMwyfwOAynu6Soz_Gjy3i3jDowOdMWhmQBlucA.4MlMUq-cvahxJVHEpNRoPwVqy1urcnpnurEIii3fL-A&dib_tag=se&m=A3SFQLVXY8GUH2&marketplaceID=A39IBJ37TRP1C6&qid=1774740725&refinements=p_36%3A17500-18000&s=merchant-items&sr=1-219&xpid=ryw9MzFTYkMtl#customerReviews,"Martial World PM130-YLBK Professional Punching Mitt, Yellow and Black, Height 9.1 x Width 6.7 x Thickness 2.0 inches (23 x 17 x 5 cm)"
B00266LWEY,,,,
B01N152QEX,,177.57,https://www.amazon.com.au/Daiwa-Reel-dainasuta-Octopus-Fishing/dp/B01N152QEX/ref=sr_1_225?dib=eyJ2IjoiMSJ9.P8F3vPy19NEmnCOnPvkEumBfEpIFzS3ZfXOb0B8UmnlQuWs71gE0ZFnbR6JQ6repeoxVny5DDIM52GCDQM8qRw.fB8Gz--iIoruG5LEaYybJQJwj8prEctsiTHzmQHe3fo&dib_tag=se&m=A3SFQLVXY8GUH2&marketplaceID=A39IBJ37TRP1C6&qid=1774740731&refinements=p_36%3A17500-18000&s=merchant-items&sr=1-225&xpid=ryw9MzFTYkMtl#customerReviews,Daiwa 17 Dynastar Double Axis Reel 150/250/300 (2017 Model)
B01N152QEX,,,,
B01HYS4LCI,,175.3,https://www.amazon.com.au/Comolife-Japan-Grilled-JAPANESE-NANBU/dp/B01HYS4LCI/ref=sr_1_226?dib=eyJ2IjoiMSJ9.P8F3vPy19NEmnCOnPvkEumBfEpIFzS3ZfXOb0B8UmnlQuWs71gE0ZFnbR6JQ6repeoxVny5DDIM52GCDQM8qRw.fB8Gz--iIoruG5LEaYybJQJwj8prEctsiTHzmQHe3fo&dib_tag=se&m=A3SFQLVXY8GUH2&marketplaceID=A39IBJ37TRP1C6&qid=1774740731&refinements=p_36%3A17500-18000&s=merchant-items&sr=1-226&xpid=ryw9MzFTYkMtl#customerReviews,Comolife Made in Japan Cast Iron Grilled Pan JAPANESE NANBU IRON Size : H0.78x14.82x8.19 (in)
B01HYS4LCI,,,,
B00V3BBBGW,,177.05,https://www.amazon.com.au/NITTO-NP-26-0-STEM-60mm/dp/B00V3BBBGW/ref=sr_1_227?dib=eyJ2IjoiMSJ9.P8F3vPy19NEmnCOnPvkEumBfEpIFzS3ZfXOb0B8UmnlQuWs71gE0ZFnbR6JQ6repeoxVny5DDIM52GCDQM8qRw.fB8Gz--iIoruG5LEaYybJQJwj8prEctsiTHzmQHe3fo&dib_tag=se&m=A3SFQLVXY8GUH2&marketplaceID=A39IBJ37TRP1C6&qid=1774740731&refinements=p_36%3A17500-18000&s=merchant-items&sr=1-227&xpid=ryw9MzFTYkMtl,NITTO NP 26.0 STEM (60mm)
B00V3BBBGW,,,,
B00MTHTROM,,175.16,https://www.amazon.com.au/Yamako-earnest-cutting-plate-pallet/dp/B00MTHTROM/ref=sr_1_228?dib=eyJ2IjoiMSJ9.P8F3vPy19NEmnCOnPvkEumBfEpIFzS3ZfXOb0B8UmnlQuWs71gE0ZFnbR6JQ6repeoxVny5DDIM52GCDQM8qRw.fB8Gz--iIoruG5LEaYybJQJwj8prEctsiTHzmQHe3fo&dib_tag=se&m=A3SFQLVXY8GUH2&marketplaceID=A39IBJ37TRP1C6&qid=1774740731&refinements=p_36%3A17500-18000&s=merchant-items&sr=1-228&xpid=ryw9MzFTYkMtl,"Yamako 880768 Cutting Plate, Pallet Type, Made in Japan"
B00MTHTROM,,,,
B0036NQXWC,,175.76,https://www.amazon.com.au/industrial-diamond-connector-desorption-5DF20MB/dp/B0036NQXWC/ref=sr_1_229?dib=eyJ2IjoiMSJ9.P8F3vPy19NEmnCOnPvkEumBfEpIFzS3ZfXOb0B8UmnlQuWs71gE0ZFnbR6JQ6repeoxVny5DDIM52GCDQM8qRw.fB8Gz--iIoruG5LEaYybJQJwj8prEctsiTHzmQHe3fo&dib_tag=se&m=A3SFQLVXY8GUH2&marketplaceID=A39IBJ37TRP1C6&qid=1774740731&refinements=p_36%3A17500-18000&s=merchant-items&sr=1-229&xpid=ryw9MzFTYkMtl#customerReviews,"Daiichi Radio Industry 5DF20MB 5D-FB Cable Set for Fixed Station 65.6 ft (20 m), MP-MP Connector (One Side Detachable Type)"
B0036NQXWC,,,,
B07RHZT2M5,,178.02,https://www.amazon.com.au/Design-CFA-600-Fabre-Enmology-Kit/dp/B07RHZT2M5/ref=sr_1_225?dib=eyJ2IjoiMSJ9.UCod48whJwvpL6RF499iWvqPOwqzNOFpUTV9InD_OfvFKLLN_kaHkO2gxe-Ou7UgzQwq1BD3g6cYaiXz2hyl8gJTRNgSPGaNfo0RMVgZu1jMuUXjuH9O5aE8aY1uxdkDc4BvAdmtOfQK45yGNjuqfAcoF3FwQ7qcl38VpDquZSc.NrNSs9NE4xxRCI5_n6Da538oUpWiIgKmCPXJazyloOg&dib_tag=se&m=A3SFQLVXY8GUH2&marketplaceID=A39IBJ37TRP1C6&qid=1774740731&refinements=p_36%3A17500-18000&s=merchant-items&sr=1-225&xpid=ryw9MzFTYkMtl,C&F Design CFA-600/OW Fabre Enmology Kit
B07RHZT2M5,,,,
B00RE2JUJ4,,178.05,https://www.amazon.com.au/Max-Factory-Sword-Art-Online/dp/B00RE2JUJ4/ref=sr_1_226?dib=eyJ2IjoiMSJ9.UCod48whJwvpL6RF499iWvqPOwqzNOFpUTV9InD_OfvFKLLN_kaHkO2gxe-Ou7UgzQwq1BD3g6cYaiXz2hyl8gJTRNgSPGaNfo0RMVgZu1jMuUXjuH9O5aE8aY1uxdkDc4BvAdmtOfQK45yGNjuqfAcoF3FwQ7qcl38VpDquZSc.NrNSs9NE4xxRCI5_n6Da538oUpWiIgKmCPXJazyloOg&dib_tag=se&m=A3SFQLVXY8GUH2&marketplaceID=A39IBJ37TRP1C6&qid=1774740731&refinements=p_36%3A17500-18000&s=merchant-items&sr=1-226&xpid=ryw9MzFTYkMtl#customerReviews,Max Factory Sword Art Online: Asuna Figma Action Figure
B01BPW1AT6,,179.36,https://www.amazon.com.au/KNIPEX-91-13-250-Breaking/dp/B01BPW1AT6/ref=sr_1_227?dib=eyJ2IjoiMSJ9.UCod48whJwvpL6RF499iWvqPOwqzNOFpUTV9InD_OfvFKLLN_kaHkO2gxe-Ou7UgzQwq1BD3g6cYaiXz2hyl8gJTRNgSPGaNfo0RMVgZu1jMuUXjuH9O5aE8aY1uxdkDc4BvAdmtOfQK45yGNjuqfAcoF3FwQ7qcl38VpDquZSc.NrNSs9NE4xxRCI5_n6Da538oUpWiIgKmCPXJazyloOg&dib_tag=se&m=A3SFQLVXY8GUH2&marketplaceID=A39IBJ37TRP1C6&qid=1774740731&refinements=p_36%3A17500-18000&s=merchant-items&sr=1-227&xpid=ryw9MzFTYkMtl#customerReviews,"Knipex 91 13 250 Tile Breaking Plier, 250 mm Length"
B01BPW1AT6,,,,
B077PHGJBV,,179.37,https://www.amazon.com.au/Nendoroid-figure-also-scale-Pre-painted/dp/B077PHGJBV/ref=sr_1_228?dib=eyJ2IjoiMSJ9.UCod48whJwvpL6RF499iWvqPOwqzNOFpUTV9InD_OfvFKLLN_kaHkO2gxe-Ou7UgzQwq1BD3g6cYaiXz2hyl8gJTRNgSPGaNfo0RMVgZu1jMuUXjuH9O5aE8aY1uxdkDc4BvAdmtOfQK45yGNjuqfAcoF3FwQ7qcl38VpDquZSc.NrNSs9NE4xxRCI5_n6Da538oUpWiIgKmCPXJazyloOg&dib_tag=se&m=A3SFQLVXY8GUH2&marketplaceID=A39IBJ37TRP1C6&qid=1774740731&refinements=p_36%3A17500-18000&s=merchant-items&sr=1-228&xpid=ryw9MzFTYkMtl#customerReviews,Nendoroid (PVC figure) also. VII Not to scale ABS & Made of PVC Pre-painted PVC figure
B077PHGJBV,,,,
B01N906ION,,177.79,https://www.amazon.com.au/scale-Unicorn-Gundam-Fenekusu-coating/dp/B01N906ION/ref=sr_1_229?dib=eyJ2IjoiMSJ9.UCod48whJwvpL6RF499iWvqPOwqzNOFpUTV9InD_OfvFKLLN_kaHkO2gxe-Ou7UgzQwq1BD3g6cYaiXz2hyl8gJTRNgSPGaNfo0RMVgZu1jMuUXjuH9O5aE8aY1uxdkDc4BvAdmtOfQK45yGNjuqfAcoF3FwQ7qcl38VpDquZSc.NrNSs9NE4xxRCI5_n6Da538oUpWiIgKmCPXJazyloOg&dib_tag=se&m=A3SFQLVXY8GUH2&marketplaceID=A39IBJ37TRP1C6&qid=1774740731&refinements=p_36%3A17500-18000&s=merchant-items&sr=1-229&xpid=ryw9MzFTYkMtl#customerReviews,HGUC 1/144 scale Unicorn Gundam Unit 3 Fenekusu (Unicorn mode) gold coating Ver.
B01N906ION,,,,
B002ST36IY,,175.41,https://www.amazon.com.au/peach-shift-Combat-carbon-SK83/dp/B002ST36IY/ref=sr_1_230?dib=eyJ2IjoiMSJ9.UCod48whJwvpL6RF499iWvqPOwqzNOFpUTV9InD_OfvFKLLN_kaHkO2gxe-Ou7UgzQwq1BD3g6cYaiXz2hyl8gJTRNgSPGaNfo0RMVgZu1jMuUXjuH9O5aE8aY1uxdkDc4BvAdmtOfQK45yGNjuqfAcoF3FwQ7qcl38VpDquZSc.NrNSs9NE4xxRCI5_n6Da538oUpWiIgKmCPXJazyloOg&dib_tag=se&m=A3SFQLVXY8GUH2&marketplaceID=A39IBJ37TRP1C6&qid=1774740731&refinements=p_36%3A17500-18000&s=merchant-items&sr=1-230&xpid=ryw9MzFTYkMtl#customerReviews,"MOMO SK83 Shift Knob, Combat EVO Carbon"
B002ST36IY,,,,
B0009P09QQ,,175.69,https://www.amazon.com.au/COMPOSITE-Ver-Ka-Nagato-Robo-N/dp/B0009P09QQ/ref=sr_1_231?dib=eyJ2IjoiMSJ9.UCod48whJwvpL6RF499iWvqPOwqzNOFpUTV9InD_OfvFKLLN_kaHkO2gxe-Ou7UgzQwq1BD3g6cYaiXz2hyl8gJTRNgSPGaNfo0RMVgZu1jMuUXjuH9O5aE8aY1uxdkDc4BvAdmtOfQK45yGNjuqfAcoF3FwQ7qcl38VpDquZSc.NrNSs9NE4xxRCI5_n6Da538oUpWiIgKmCPXJazyloOg&dib_tag=se&m=A3SFQLVXY8GUH2&marketplaceID=A39IBJ37TRP1C6&qid=1774740731&refinements=p_36%3A17500-18000&s=merchant-items&sr=1-231&xpid=ryw9MzFTYkMtl#customerReviews,COMPOSITE Ver.Ka Nagato Robo by N/A
B07822VXRN,,179.22,https://www.amazon.com.au/Kokuyo-bag-bag-Bizrack-BR31LB/dp/B07822VXRN/ref=sr_1_232?dib=eyJ2IjoiMSJ9.UCod48whJwvpL6RF499iWvqPOwqzNOFpUTV9InD_OfvFKLLN_kaHkO2gxe-Ou7UgzQwq1BD3g6cYaiXz2hyl8gJTRNgSPGaNfo0RMVgZu1jMuUXjuH9O5aE8aY1uxdkDc4BvAdmtOfQK45yGNjuqfAcoF3FwQ7qcl38VpDquZSc.NrNSs9NE4xxRCI5_n6Da538oUpWiIgKmCPXJazyloOg&dib_tag=se&m=A3SFQLVXY8GUH2&marketplaceID=A39IBJ37TRP1C6&qid=1774740731&refinements=p_36%3A17500-18000&s=merchant-items&sr=1-232&xpid=ryw9MzFTYkMtl#customerReviews,Kokuyo bag-in-bag Bizrack up A4 Ice Blue Caja -BR31LB
B07822VXRN,,,,
B077J14LR4,,178.38,https://www.amazon.com.au/Avail-Microcast-17CRNC36RI-ms_17crnc36ri_skyb-Groove/dp/B077J14LR4/ref=sr_1_233?dib=eyJ2IjoiMSJ9.UCod48whJwvpL6RF499iWvqPOwqzNOFpUTV9InD_OfvFKLLN_kaHkO2gxe-Ou7UgzQwq1BD3g6cYaiXz2hyl8gJTRNgSPGaNfo0RMVgZu1jMuUXjuH9O5aE8aY1uxdkDc4BvAdmtOfQK45yGNjuqfAcoF3FwQ7qcl38VpDquZSc.NrNSs9NE4xxRCI5_n6Da538oUpWiIgKmCPXJazyloOg&dib_tag=se&m=A3SFQLVXY8GUH2&marketplaceID=A39IBJ37TRP1C6&qid=1774740731&refinements=p_36%3A17500-18000&s=merchant-items&sr=1-233&xpid=ryw9MzFTYkMtl,Available Reel Microcast Spool 17CRNC36RI ms_17crnc36ri_skyb 3.6mm Groove Depth Sky Blue
B077J14LR4,,,,
B077HYF41L,,176.71,https://www.amazon.com.au/Avail-Microcast-17CRNC36RI-ms_17crnc36ri_red-Groove/dp/B077HYF41L/ref=sr_1_234?dib=eyJ2IjoiMSJ9.UCod48whJwvpL6RF499iWvqPOwqzNOFpUTV9InD_OfvFKLLN_kaHkO2gxe-Ou7UgzQwq1BD3g6cYaiXz2hyl8gJTRNgSPGaNfo0RMVgZu1jMuUXjuH9O5aE8aY1uxdkDc4BvAdmtOfQK45yGNjuqfAcoF3FwQ7qcl38VpDquZSc.NrNSs9NE4xxRCI5_n6Da538oUpWiIgKmCPXJazyloOg&dib_tag=se&m=A3SFQLVXY8GUH2&marketplaceID=A39IBJ37TRP1C6&qid=1774740731&refinements=p_36%3A17500-18000&s=merchant-items&sr=1-234&xpid=ryw9MzFTYkMtl,Avail (Avail) Reel Microcast Spool 17CRNC36RI ms_17crnc36ri_red Groove Depth 3.6mm Red
B077HYF41L,,,,
B077HXJ382,,179.83,https://www.amazon.com.au/Avail-Microcast-17CRNC60RI-ms_17crnc60ri_cgld-Champagne/dp/B077HXJ382/ref=sr_1_235?dib=eyJ2IjoiMSJ9.UCod48whJwvpL6RF499iWvqPOwqzNOFpUTV9InD_OfvFKLLN_kaHkO2gxe-Ou7UgzQwq1BD3g6cYaiXz2hyl8gJTRNgSPGaNfo0RMVgZu1jMuUXjuH9O5aE8aY1uxdkDc4BvAdmtOfQK45yGNjuqfAcoF3FwQ7qcl38VpDquZSc.NrNSs9NE4xxRCI5_n6Da538oUpWiIgKmCPXJazyloOg&dib_tag=se&m=A3SFQLVXY8GUH2&marketplaceID=A39IBJ37TRP1C6&qid=1774740731&refinements=p_36%3A17500-18000&s=merchant-items&sr=1-235&xpid=ryw9MzFTYkMtl,Available Reel Microcast Spool 17CRNC60RI ms_17crnc60ri_cgld Groove Depth 6.0mm Champagne Gold
B077HXJ382,,,,
B07411NW8G,,175.7,https://www.amazon.com.au/NITTO-Nitto-S92-%E3%83%BB%EF%BE%9327-2-offset/dp/B07411NW8G/ref=sr_1_241?dib=eyJ2IjoiMSJ9.qjffDs6VM0JKCHDATiQU9m594_jcwijjOd2I-jRfYDQuMfnl6NA4lDZZsPnKUJnW2jbZbd4lL3FM0OYlB9J8dA.tBDgmhYvEiEk_mxOOqSiHL2Skfv1sJHW_SIh4yOiepc&dib_tag=se&m=A3SFQLVXY8GUH2&marketplaceID=A39IBJ37TRP1C6&qid=1774740737&refinements=p_36%3A17500-18000&s=merchant-items&sr=1-241&xpid=ryw9MzFTYkMtl,NITTO (S92) S92 Color/Black Length 300 Post Diameter/φ10.7 inches (27.2 mm) Setback/0
B07411NW8G,,,,
B06XH9CPYD,,178.6,https://www.amazon.com.au/Noboru-Rainy-Megaphone-Yellow-TS-631/dp/B06XH9CPYD/ref=sr_1_242?dib=eyJ2IjoiMSJ9.qjffDs6VM0JKCHDATiQU9m594_jcwijjOd2I-jRfYDQuMfnl6NA4lDZZsPnKUJnW2jbZbd4lL3FM0OYlB9J8dA.tBDgmhYvEiEk_mxOOqSiHL2Skfv1sJHW_SIh4yOiepc&dib_tag=se&m=A3SFQLVXY8GUH2&marketplaceID=A39IBJ37TRP1C6&qid=1774740737&refinements=p_36%3A17500-18000&s=merchant-items&sr=1-242&xpid=ryw9MzFTYkMtl#customerReviews,Noboru (Noboru) Rainy Megaphone Tough Plus 6W Yellow TS-631
B06XH9CPYD,,,,
B01M7Q23AZ,,179.72,https://www.amazon.com.au/Katana-Meitou-Shishi-2BA-18g/dp/B01M7Q23AZ/ref=sr_1_243?dib=eyJ2IjoiMSJ9.qjffDs6VM0JKCHDATiQU9m594_jcwijjOd2I-jRfYDQuMfnl6NA4lDZZsPnKUJnW2jbZbd4lL3FM0OYlB9J8dA.tBDgmhYvEiEk_mxOOqSiHL2Skfv1sJHW_SIh4yOiepc&dib_tag=se&m=A3SFQLVXY8GUH2&marketplaceID=A39IBJ37TRP1C6&qid=1774740737&refinements=p_36%3A17500-18000&s=merchant-items&sr=1-243&xpid=ryw9MzFTYkMtl,Katana Meitou Shishi 2BA 18g
B017QWE8GG,,179.57,https://www.amazon.com.au/Derita-alcohol-marker-Neopiko-36-color/dp/B017QWE8GG/ref=sr_1_244?dib=eyJ2IjoiMSJ9.qjffDs6VM0JKCHDATiQU9m594_jcwijjOd2I-jRfYDQuMfnl6NA4lDZZsPnKUJnW2jbZbd4lL3FM0OYlB9J8dA.tBDgmhYvEiEk_mxOOqSiHL2Skfv1sJHW_SIh4yOiepc&dib_tag=se&m=A3SFQLVXY8GUH2&marketplaceID=A39IBJ37TRP1C6&qid=1774740737&refinements=p_36%3A17500-18000&s=merchant-items&sr=1-244&xpid=ryw9MzFTYkMtl#customerReviews,Derita alcohol marker Neopiko color 36-color C set
B017QWE8GG,,,,
B011XMWK9C,,176.11,https://www.amazon.com.au/Waterproof-Monitor-Digital-DSC1480DW-Equivalent/dp/B011XMWK9C/ref=sr_1_245?dib=eyJ2IjoiMSJ9.qjffDs6VM0JKCHDATiQU9m594_jcwijjOd2I-jRfYDQuMfnl6NA4lDZZsPnKUJnW2jbZbd4lL3FM0OYlB9J8dA.tBDgmhYvEiEk_mxOOqSiHL2Skfv1sJHW_SIh4yOiepc&dib_tag=se&m=A3SFQLVXY8GUH2&marketplaceID=A39IBJ37TRP1C6&qid=1774740737&refinements=p_36%3A17500-18000&s=merchant-items&sr=1-245&xpid=ryw9MzFTYkMtl#customerReviews,Kenko Waterproof Dual Monitor Digital Camera DSC1480DW IPX8 Equivalent Waterproof 1.5m Drop impact
B011XMWK9C,,,,
B00UA8LAJ2,,176.25,https://www.amazon.com.au/1220S-NTN-Self-Aligning-Ball-Bearing/dp/B00UA8LAJ2/ref=sr_1_241?dib=eyJ2IjoiMSJ9.SLYO3c6p5MlIvud0gFCiW-NkxjwVXbt1Ws9m_Fea-sGyASTjWqTWGgoEw_7OVwMFdPWxGZs2nYwhaks6Dm-yCfxgF43qy4ItF4I4vZgGEajDUd0gRsXykokTdz56b5D0kGkPMuWHRpjAkXmyLi03QJJMDXgTQDe41Yf0CnCwzQ8.Xdxg-1E1YXJUQqcP2VRw4me8eNk04sZRTFCCLJuGEcY&dib_tag=se&m=A3SFQLVXY8GUH2&marketplaceID=A39IBJ37TRP1C6&qid=1774740737&refinements=p_36%3A17500-18000&s=merchant-items&sr=1-241&xpid=ryw9MzFTYkMtl,NTN Self-Aligning Ball Bearing (1220)
B00UA8LAJ2,,,,
B00Q4T51IW,,176.43,https://www.amazon.com.au/Samitekku-Soude-cover-SX6L-4480/dp/B00Q4T51IW/ref=sr_1_242?dib=eyJ2IjoiMSJ9.SLYO3c6p5MlIvud0gFCiW-NkxjwVXbt1Ws9m_Fea-sGyASTjWqTWGgoEw_7OVwMFdPWxGZs2nYwhaks6Dm-yCfxgF43qy4ItF4I4vZgGEajDUd0gRsXykokTdz56b5D0kGkPMuWHRpjAkXmyLi03QJJMDXgTQDe41Yf0CnCwzQ8.Xdxg-1E1YXJUQqcP2VRw4me8eNk04sZRTFCCLJuGEcY&dib_tag=se&m=A3SFQLVXY8GUH2&marketplaceID=A39IBJ37TRP1C6&qid=1774740737&refinements=p_36%3A17500-18000&s=merchant-items&sr=1-242&xpid=ryw9MzFTYkMtl,"Samitekku 耐切 Soude cover ""Samitekku SX6L blue 4480"
B00Q4T51IW,,,,
B00HZYNUWE,,176.77,https://www.amazon.com.au/Skeleton-Inside-Human-Body-Dummy/dp/B00HZYNUWE/ref=sr_1_243?dib=eyJ2IjoiMSJ9.SLYO3c6p5MlIvud0gFCiW-NkxjwVXbt1Ws9m_Fea-sGyASTjWqTWGgoEw_7OVwMFdPWxGZs2nYwhaks6Dm-yCfxgF43qy4ItF4I4vZgGEajDUd0gRsXykokTdz56b5D0kGkPMuWHRpjAkXmyLi03QJJMDXgTQDe41Yf0CnCwzQ8.Xdxg-1E1YXJUQqcP2VRw4me8eNk04sZRTFCCLJuGEcY&dib_tag=se&m=A3SFQLVXY8GUH2&marketplaceID=A39IBJ37TRP1C6&qid=1774740737&refinements=p_36%3A17500-18000&s=merchant-items&sr=1-243&xpid=ryw9MzFTYkMtl#customerReviews,Skeleton Series Inside the Human Body Dummy
B00HZYNUWE,,,,
B00CFJ6EBI,,177.05,https://www.amazon.com.au/Shrimp-Board-Anchor-AFO-Pieces/dp/B00CFJ6EBI/ref=sr_1_244?dib=eyJ2IjoiMSJ9.SLYO3c6p5MlIvud0gFCiW-NkxjwVXbt1Ws9m_Fea-sGyASTjWqTWGgoEw_7OVwMFdPWxGZs2nYwhaks6Dm-yCfxgF43qy4ItF4I4vZgGEajDUd0gRsXykokTdz56b5D0kGkPMuWHRpjAkXmyLi03QJJMDXgTQDe41Yf0CnCwzQ8.Xdxg-1E1YXJUQqcP2VRw4me8eNk04sZRTFCCLJuGEcY&dib_tag=se&m=A3SFQLVXY8GUH2&marketplaceID=A39IBJ37TRP1C6&qid=1774740737&refinements=p_36%3A17500-18000&s=merchant-items&sr=1-244&xpid=ryw9MzFTYkMtl,Shrimp Board Anchor Hook O Type AFO 500 Pieces
B00CFJ6EBI,,,,
B004MXOF02,,176.91,https://www.amazon.com.au/SL25A-SL-25A/dp/B004MXOF02/ref=sr_1_245?dib=eyJ2IjoiMSJ9.SLYO3c6p5MlIvud0gFCiW-NkxjwVXbt1Ws9m_Fea-sGyASTjWqTWGgoEw_7OVwMFdPWxGZs2nYwhaks6Dm-yCfxgF43qy4ItF4I4vZgGEajDUd0gRsXykokTdz56b5D0kGkPMuWHRpjAkXmyLi03QJJMDXgTQDe41Yf0CnCwzQ8.Xdxg-1E1YXJUQqcP2VRw4me8eNk04sZRTFCCLJuGEcY&dib_tag=se&m=A3SFQLVXY8GUH2&marketplaceID=A39IBJ37TRP1C6&qid=1774740737&refinements=p_36%3A17500-18000&s=merchant-items&sr=1-245&xpid=ryw9MzFTYkMtl,CKD Silencer Metal Body Type SL25A
B004MXOF02,,,,
B0047TG1BM,,176.07,https://www.amazon.com.au/Mobile-Gundam-Figure-Unicorn-Banpresto/dp/B0047TG1BM/ref=sr_1_246?dib=eyJ2IjoiMSJ9.SLYO3c6p5MlIvud0gFCiW-NkxjwVXbt1Ws9m_Fea-sGyASTjWqTWGgoEw_7OVwMFdPWxGZs2nYwhaks6Dm-yCfxgF43qy4ItF4I4vZgGEajDUd0gRsXykokTdz56b5D0kGkPMuWHRpjAkXmyLi03QJJMDXgTQDe41Yf0CnCwzQ8.Xdxg-1E1YXJUQqcP2VRw4me8eNk04sZRTFCCLJuGEcY&dib_tag=se&m=A3SFQLVXY8GUH2&marketplaceID=A39IBJ37TRP1C6&qid=1774740737&refinements=p_36%3A17500-18000&s=merchant-items&sr=1-246&xpid=ryw9MzFTYkMtl#customerReviews,Mobile Suit Gundam UC Super Size Soft Vinyl Figure Unicorn Gundam anime prize Banpresto (japan import)
B003P9JPJ0,,178.68,https://www.amazon.com.au/SUPER-TOOL-TR1254S-TR-1254S/dp/B003P9JPJ0/ref=sr_1_247?dib=eyJ2IjoiMSJ9.SLYO3c6p5MlIvud0gFCiW-NkxjwVXbt1Ws9m_Fea-sGyASTjWqTWGgoEw_7OVwMFdPWxGZs2nYwhaks6Dm-yCfxgF43qy4ItF4I4vZgGEajDUd0gRsXykokTdz56b5D0kGkPMuWHRpjAkXmyLi03QJJMDXgTQDe41Yf0CnCwzQ8.Xdxg-1E1YXJUQqcP2VRw4me8eNk04sZRTFCCLJuGEcY&dib_tag=se&m=A3SFQLVXY8GUH2&marketplaceID=A39IBJ37TRP1C6&qid=1774740737&refinements=p_36%3A17500-18000&s=merchant-items&sr=1-247&xpid=ryw9MzFTYkMtl#customerReviews,Super Stainless Steel Tube Reamer (for 12-54) TR1254S
B003P9JPJ0,,,,
B003D6568E,,175.93,https://www.amazon.com.au/Knipex-98-49-08-Hexagonal/dp/B003D6568E/ref=sr_1_248?dib=eyJ2IjoiMSJ9.SLYO3c6p5MlIvud0gFCiW-NkxjwVXbt1Ws9m_Fea-sGyASTjWqTWGgoEw_7OVwMFdPWxGZs2nYwhaks6Dm-yCfxgF43qy4ItF4I4vZgGEajDUd0gRsXykokTdz56b5D0kGkPMuWHRpjAkXmyLi03QJJMDXgTQDe41Yf0CnCwzQ8.Xdxg-1E1YXJUQqcP2VRw4me8eNk04sZRTFCCLJuGEcY&dib_tag=se&m=A3SFQLVXY8GUH2&marketplaceID=A39IBJ37TRP1C6&qid=1774740737&refinements=p_36%3A17500-18000&s=merchant-items&sr=1-248&xpid=ryw9MzFTYkMtl,"Knipex 1000V Hexagon Socket for Hexagonal Screws, 1/2 inch Drive x 8 mm"
B003D6568E,,,,
B002JZZXOM,,175.99,https://www.amazon.com.au/Adjustable-Color-Wrenches-UM46Y-Yellow/dp/B002JZZXOM/ref=sr_1_249?dib=eyJ2IjoiMSJ9.SLYO3c6p5MlIvud0gFCiW-NkxjwVXbt1Ws9m_Fea-sGyASTjWqTWGgoEw_7OVwMFdPWxGZs2nYwhaks6Dm-yCfxgF43qy4ItF4I4vZgGEajDUd0gRsXykokTdz56b5D0kGkPMuWHRpjAkXmyLi03QJJMDXgTQDe41Yf0CnCwzQ8.Xdxg-1E1YXJUQqcP2VRw4me8eNk04sZRTFCCLJuGEcY&dib_tag=se&m=A3SFQLVXY8GUH2&marketplaceID=A39IBJ37TRP1C6&qid=1774740737&refinements=p_36%3A17500-18000&s=merchant-items&sr=1-249&xpid=ryw9MzFTYkMtl#customerReviews,Adjustable Color Wrenches UM46Y Yellow
B002JZZXOM,,,,
B002A5UB9S,,178.42,https://www.amazon.com.au/Trusco-FM1025-320/dp/B002A5UB9S/ref=sr_1_250?dib=eyJ2IjoiMSJ9.SLYO3c6p5MlIvud0gFCiW-NkxjwVXbt1Ws9m_Fea-sGyASTjWqTWGgoEw_7OVwMFdPWxGZs2nYwhaks6Dm-yCfxgF43qy4ItF4I4vZgGEajDUd0gRsXykokTdz56b5D0kGkPMuWHRpjAkXmyLi03QJJMDXgTQDe41Yf0CnCwzQ8.Xdxg-1E1YXJUQqcP2VRw4me8eNk04sZRTFCCLJuGEcY&dib_tag=se&m=A3SFQLVXY8GUH2&marketplaceID=A39IBJ37TRP1C6&qid=1774740737&refinements=p_36%3A17500-18000&s=merchant-items&sr=1-250&xpid=ryw9MzFTYkMtl,FM1025 320
B002A5UB9S,,,,
B002A5KMNI,,176.33,https://www.amazon.com.au/SF18300-SF18-300/dp/B002A5KMNI/ref=sr_1_251?dib=eyJ2IjoiMSJ9.SLYO3c6p5MlIvud0gFCiW-NkxjwVXbt1Ws9m_Fea-sGyASTjWqTWGgoEw_7OVwMFdPWxGZs2nYwhaks6Dm-yCfxgF43qy4ItF4I4vZgGEajDUd0gRsXykokTdz56b5D0kGkPMuWHRpjAkXmyLi03QJJMDXgTQDe41Yf0CnCwzQ8.Xdxg-1E1YXJUQqcP2VRw4me8eNk04sZRTFCCLJuGEcY&dib_tag=se&m=A3SFQLVXY8GUH2&marketplaceID=A39IBJ37TRP1C6&qid=1774740737&refinements=p_36%3A17500-18000&s=merchant-items&sr=1-251&xpid=ryw9MzFTYkMtl#customerReviews,SF18-300
B002A5KMNI,,,,
B000LC57IW,,178.94,https://www.amazon.com.au/S-I-C-Takumi-Damashii-VOL-8-BOX/dp/B000LC57IW/ref=sr_1_257?dib=eyJ2IjoiMSJ9.oMWtrJAGZJ5w3zLZIRT92olGRlxoU7QXNJTJlpZLetsyrTIKH-K-IvKenVE5PlqmdbO20fuMp57tVVwSh02BvA.tqak2Pcr-vmBmkCWVe0JGcTRMrbApd7CoNG1IrOoV_0&dib_tag=se&m=A3SFQLVXY8GUH2&marketplaceID=A39IBJ37TRP1C6&qid=1774740743&refinements=p_36%3A17500-18000&s=merchant-items&sr=1-257&xpid=ryw9MzFTYkMtl#customerReviews,S.I.C. Takumi-Damashii VOL.8(BOX)
B000A6ODSO,,176.86,https://www.amazon.com.au/Gundam-Jaburo-Attack-Infiltration-Figures/dp/B000A6ODSO/ref=sr_1_258?dib=eyJ2IjoiMSJ9.oMWtrJAGZJ5w3zLZIRT92olGRlxoU7QXNJTJlpZLetsyrTIKH-K-IvKenVE5PlqmdbO20fuMp57tVVwSh02BvA.tqak2Pcr-vmBmkCWVe0JGcTRMrbApd7CoNG1IrOoV_0&dib_tag=se&m=A3SFQLVXY8GUH2&marketplaceID=A39IBJ37TRP1C6&qid=1774740743&refinements=p_36%3A17500-18000&s=merchant-items&sr=1-258&xpid=ryw9MzFTYkMtl#customerReviews,Gundam HCM Pro G-Box Jaburo Attack Infiltration Figures 1/200 Scale
B002N55HDK,,177.03,https://www.amazon.com.au/Metolius-Rock-Rings-Blue-Swirl/dp/B002N55HDK/ref=sr_1_259?dib=eyJ2IjoiMSJ9.oMWtrJAGZJ5w3zLZIRT92olGRlxoU7QXNJTJlpZLetsyrTIKH-K-IvKenVE5PlqmdbO20fuMp57tVVwSh02BvA.tqak2Pcr-vmBmkCWVe0JGcTRMrbApd7CoNG1IrOoV_0&dib_tag=se&m=A3SFQLVXY8GUH2&marketplaceID=A39IBJ37TRP1C6&qid=1774740743&refinements=p_36%3A17500-18000&s=merchant-items&sr=1-259&xpid=ryw9MzFTYkMtl#customerReviews,"Metolius, Rock Rings-anelli 3D Leotard"
B002N55HDK,,,,
B094189M5Y,,179.11,https://www.amazon.com.au/Bosch-Professional-Expert-max-8X-Accessories/dp/B094189M5Y/ref=sr_1_260?dib=eyJ2IjoiMSJ9.oMWtrJAGZJ5w3zLZIRT92olGRlxoU7QXNJTJlpZLetsyrTIKH-K-IvKenVE5PlqmdbO20fuMp57tVVwSh02BvA.tqak2Pcr-vmBmkCWVe0JGcTRMrbApd7CoNG1IrOoV_0&dib_tag=se&m=A3SFQLVXY8GUH2&marketplaceID=A39IBJ37TRP1C6&qid=1774740743&refinements=p_36%3A17500-18000&s=merchant-items&sr=1-260&xpid=ryw9MzFTYkMtl#customerReviews,"Bosch Professional 1x Expert SDS max-8X Hammer Drill Bit (Ø 24,00x520 mm, Accessories Rotary Hammer Drill)"
B094189M5Y,,,,
B07WTY1WTT,,177.56,https://www.amazon.com.au/Wolf-Tooth-Components-Drop-Chainring/dp/B07WTY1WTT/ref=sr_1_261?dib=eyJ2IjoiMSJ9.oMWtrJAGZJ5w3zLZIRT92olGRlxoU7QXNJTJlpZLetsyrTIKH-K-IvKenVE5PlqmdbO20fuMp57tVVwSh02BvA.tqak2Pcr-vmBmkCWVe0JGcTRMrbApd7CoNG1IrOoV_0&dib_tag=se&m=A3SFQLVXY8GUH2&marketplaceID=A39IBJ37TRP1C6&qid=1774740743&refinements=p_36%3A17500-18000&s=merchant-items&sr=1-261&xpid=ryw9MzFTYkMtl#customerReviews,Wolf Tooth Components Drop Stop B 130 BCD Chainring 38T
B07WTY1WTT,,,,
B07KWFJ3ST,,178.89,https://www.amazon.com.au/Black-Diamond-Camalot-Unisex-Adult-33803700006/dp/B07KWFJ3ST/ref=sr_1_257?dib=eyJ2IjoiMSJ9.HQKQVt5V5_vZ0peMU-zTib2P7rP4s-uggMhoGm6cyhqHqZHpH-M76_9K886x0FEDvAI7PEfl-PEINXGOdzrwoXdf0_gLV1nOqY4KS-C5hPoYceW4ucY_mNjlYZ8BZ7xufb4y2Sauim_v8mkI19CAag.cFN9QJrN05rObs7GREmE0G6cVrcldK_znqTIijtqQpI&dib_tag=se&m=A3SFQLVXY8GUH2&marketplaceID=A39IBJ37TRP1C6&qid=1774740743&refinements=p_36%3A17500-18000&s=merchant-items&sr=1-257&xpid=ryw9MzFTYkMtl#customerReviews,Black Diamond Camalot C4 Cam
B00CS767Q4,,179.01,https://www.amazon.com.au/Sugino-Cbb-Al-103-Bottom-Bracket-103mm/dp/B00CS767Q4/ref=sr_1_258?dib=eyJ2IjoiMSJ9.HQKQVt5V5_vZ0peMU-zTib2P7rP4s-uggMhoGm6cyhqHqZHpH-M76_9K886x0FEDvAI7PEfl-PEINXGOdzrwoXdf0_gLV1nOqY4KS-C5hPoYceW4ucY_mNjlYZ8BZ7xufb4y2Sauim_v8mkI19CAag.cFN9QJrN05rObs7GREmE0G6cVrcldK_znqTIijtqQpI&dib_tag=se&m=A3SFQLVXY8GUH2&marketplaceID=A39IBJ37TRP1C6&qid=1774740743&refinements=p_36%3A17500-18000&s=merchant-items&sr=1-258&xpid=ryw9MzFTYkMtl,Sugino Cbb-Al-103 Bottom Bracket Jis 68 X 103mm
B00CS767Q4,,,,
B081BBLN72,,177.39,https://www.amazon.com.au/Black-Diamond-CAMALOT-Z4-0-75/dp/B081BBLN72/ref=sr_1_259?dib=eyJ2IjoiMSJ9.HQKQVt5V5_vZ0peMU-zTib2P7rP4s-uggMhoGm6cyhqHqZHpH-M76_9K886x0FEDvAI7PEfl-PEINXGOdzrwoXdf0_gLV1nOqY4KS-C5hPoYceW4ucY_mNjlYZ8BZ7xufb4y2Sauim_v8mkI19CAag.cFN9QJrN05rObs7GREmE0G6cVrcldK_znqTIijtqQpI&dib_tag=se&m=A3SFQLVXY8GUH2&marketplaceID=A39IBJ37TRP1C6&qid=1774740743&refinements=p_36%3A17500-18000&s=merchant-items&sr=1-259&xpid=ryw9MzFTYkMtl#customerReviews,Black Diamond Camalot Z4
B01N7XYIHY,,175.41,https://www.amazon.com.au/Bahco-NS100-30-BHNS100-30-Slogging-Wrench/dp/B01N7XYIHY/ref=sr_1_260?dib=eyJ2IjoiMSJ9.HQKQVt5V5_vZ0peMU-zTib2P7rP4s-uggMhoGm6cyhqHqZHpH-M76_9K886x0FEDvAI7PEfl-PEINXGOdzrwoXdf0_gLV1nOqY4KS-C5hPoYceW4ucY_mNjlYZ8BZ7xufb4y2Sauim_v8mkI19CAag.cFN9QJrN05rObs7GREmE0G6cVrcldK_znqTIijtqQpI&dib_tag=se&m=A3SFQLVXY8GUH2&marketplaceID=A39IBJ37TRP1C6&qid=1774740743&refinements=p_36%3A17500-18000&s=merchant-items&sr=1-260&xpid=ryw9MzFTYkMtl,"Bahco NS100-30 BHNS100-30 Slogging Open Wrench, Gold, 30mm"
B01N7XYIHY,,,,
B01MZFOJW6,,179.64,https://www.amazon.com.au/Bahco-NS006-2326-BHNS006-2326-Double-23X26mm/dp/B01MZFOJW6/ref=sr_1_261?dib=eyJ2IjoiMSJ9.HQKQVt5V5_vZ0peMU-zTib2P7rP4s-uggMhoGm6cyhqHqZHpH-M76_9K886x0FEDvAI7PEfl-PEINXGOdzrwoXdf0_gLV1nOqY4KS-C5hPoYceW4ucY_mNjlYZ8BZ7xufb4y2Sauim_v8mkI19CAag.cFN9QJrN05rObs7GREmE0G6cVrcldK_znqTIijtqQpI&dib_tag=se&m=A3SFQLVXY8GUH2&marketplaceID=A39IBJ37TRP1C6&qid=1774740743&refinements=p_36%3A17500-18000&s=merchant-items&sr=1-261&xpid=ryw9MzFTYkMtl#customerReviews,"Bahco NS006-2326 BHNS006-2326 Double Open Ended Wrench, Gold, 23X26mm"
B01MZFOJW6,,,,
B084C7TMFG,,175.7,https://www.amazon.com.au/Mobile-Suit-Gundam-0083-N-I-M/dp/B084C7TMFG/ref=sr_1_262?dib=eyJ2IjoiMSJ9.HQKQVt5V5_vZ0peMU-zTib2P7rP4s-uggMhoGm6cyhqHqZHpH-M76_9K886x0FEDvAI7PEfl-PEINXGOdzrwoXdf0_gLV1nOqY4KS-C5hPoYceW4ucY_mNjlYZ8BZ7xufb4y2Sauim_v8mkI19CAag.cFN9QJrN05rObs7GREmE0G6cVrcldK_znqTIijtqQpI&dib_tag=se&m=A3SFQLVXY8GUH2&marketplaceID=A39IBJ37TRP1C6&qid=1774740743&refinements=p_36%3A17500-18000&s=merchant-items&sr=1-262&xpid=ryw9MzFTYkMtl#customerReviews,Bandai Robot Spirits MS-09F/Trop Dom Tropen ver. A.N.I.M.E. Action Figure
B01CJJUKPO,,176.98,https://www.amazon.com.au/Frying-aluminum-cooker-captain-barbecue/dp/B01CJJUKPO/ref=sr_1_263?dib=eyJ2IjoiMSJ9.HQKQVt5V5_vZ0peMU-zTib2P7rP4s-uggMhoGm6cyhqHqZHpH-M76_9K886x0FEDvAI7PEfl-PEINXGOdzrwoXdf0_gLV1nOqY4KS-C5hPoYceW4ucY_mNjlYZ8BZ7xufb4y2Sauim_v8mkI19CAag.cFN9QJrN05rObs7GREmE0G6cVrcldK_znqTIijtqQpI&dib_tag=se&m=A3SFQLVXY8GUH2&marketplaceID=A39IBJ37TRP1C6&qid=1774740743&refinements=p_36%3A17500-18000&s=merchant-items&sr=1-263&xpid=ryw9MzFTYkMtl#customerReviews,Captain Stag Camping Barbecue Frying Pan Aluminum Cooker
B01CJJUKPO,,,,
B003Y2WDB0,,175.88,https://www.amazon.com.au/Gundam-RGZ-95-ReZEL-100-Scale/dp/B003Y2WDB0/ref=sr_1_264?dib=eyJ2IjoiMSJ9.HQKQVt5V5_vZ0peMU-zTib2P7rP4s-uggMhoGm6cyhqHqZHpH-M76_9K886x0FEDvAI7PEfl-PEINXGOdzrwoXdf0_gLV1nOqY4KS-C5hPoYceW4ucY_mNjlYZ8BZ7xufb4y2Sauim_v8mkI19CAag.cFN9QJrN05rObs7GREmE0G6cVrcldK_znqTIijtqQpI&dib_tag=se&m=A3SFQLVXY8GUH2&marketplaceID=A39IBJ37TRP1C6&qid=1774740743&refinements=p_36%3A17500-18000&s=merchant-items&sr=1-264&xpid=ryw9MzFTYkMtl#customerReviews,Bandai Hobby RGZ-95 ReZEL 1/100 - Master Grade
B003Y2WDB0,,,,
B000AR4SVA,,179.33,https://www.amazon.com.au/Captain-Libero-Touring-M-311-People/dp/B000AR4SVA/ref=sr_1_265?dib=eyJ2IjoiMSJ9.HQKQVt5V5_vZ0peMU-zTib2P7rP4s-uggMhoGm6cyhqHqZHpH-M76_9K886x0FEDvAI7PEfl-PEINXGOdzrwoXdf0_gLV1nOqY4KS-C5hPoYceW4ucY_mNjlYZ8BZ7xufb4y2Sauim_v8mkI19CAag.cFN9QJrN05rObs7GREmE0G6cVrcldK_znqTIijtqQpI&dib_tag=se&m=A3SFQLVXY8GUH2&marketplaceID=A39IBJ37TRP1C6&qid=1774740743&refinements=p_36%3A17500-18000&s=merchant-items&sr=1-265&xpid=ryw9MzFTYkMtl#customerReviews,"Captain Stag M-3119 Libero Touring Tent, UV Protection, Domed Type, for 2 People, Waterproof, for Bikes and Bicycles, Lightweight, Compact Design, Bag Included"
B000AR4SVA,,,,
