ASIN,Brand,Price,URL,Title
B01AVQD9PU,PlayStation 4,196.99,https://www.amazon.com.au/GUILTY-GEAR-REVELATOR-Limited-Japanese/dp/B01AVQD9PU/ref=sr_1_1?dib=eyJ2IjoiMSJ9.BTH08WispvJfjbmEOg3BPJASQogZcHUx2bKNGhJLk4YnsdpNp4LULZH0fW2C9LRbCzZdWFMrI70SzdqBPiiP7Eu-WVKc4p_dJfdMHGr5cpt0YxS8REiYP8O-psK-bfF718t6pb53VMxE078QKIIeubszdz-dehvgzhZMAqc1_w0sBlOSVOFc3p_xG-P1RKCGbX20iIZrZUmwNE_W08sy81MTyeIiWcBjhetcSqbZQj8.TBJrTEvOoiOB_fJXFQxxg3VBKao64HB87LCAPAYDUow&dib_tag=se&m=A3SFQLVXY8GUH2&marketplaceID=A39IBJ37TRP1C6&qid=1774740989&refinements=p_36%3A19500-20000&s=merchant-items&sr=1-1#customerReviews,GUILTY GEAR Xrd -REVELATOR- Limited Box Japanese Ver.
B01AVQD9PU,,,,
B09Y8T1DQ4,,197.16,https://www.amazon.com.au/Mizuno-Soccer-Football-Lightweight-Ignition/dp/B09Y8T1DQ4/ref=sr_1_2?dib=eyJ2IjoiMSJ9.BTH08WispvJfjbmEOg3BPJASQogZcHUx2bKNGhJLk4YnsdpNp4LULZH0fW2C9LRbCzZdWFMrI70SzdqBPiiP7Eu-WVKc4p_dJfdMHGr5cpt0YxS8REiYP8O-psK-bfF718t6pb53VMxE078QKIIeubszdz-dehvgzhZMAqc1_w0sBlOSVOFc3p_xG-P1RKCGbX20iIZrZUmwNE_W08sy81MTyeIiWcBjhetcSqbZQj8.TBJrTEvOoiOB_fJXFQxxg3VBKao64HB87LCAPAYDUow&dib_tag=se&m=A3SFQLVXY8GUH2&marketplaceID=A39IBJ37TRP1C6&qid=1774740989&refinements=p_36%3A19500-20000&s=merchant-items&sr=1-2#customerReviews,"Mizuno Alpha Elite Soccer Cleat, Football Club, Wide, Lightweight"
B09779XGZ3,,196.81,https://www.amazon.com.au/Club-3D-Displayport-Splitter-2-DisplayPort/dp/B09779XGZ3/ref=sr_1_3?dib=eyJ2IjoiMSJ9.BTH08WispvJfjbmEOg3BPJASQogZcHUx2bKNGhJLk4YnsdpNp4LULZH0fW2C9LRbCzZdWFMrI70SzdqBPiiP7Eu-WVKc4p_dJfdMHGr5cpt0YxS8REiYP8O-psK-bfF718t6pb53VMxE078QKIIeubszdz-dehvgzhZMAqc1_w0sBlOSVOFc3p_xG-P1RKCGbX20iIZrZUmwNE_W08sy81MTyeIiWcBjhetcSqbZQj8.TBJrTEvOoiOB_fJXFQxxg3VBKao64HB87LCAPAYDUow&dib_tag=se&m=A3SFQLVXY8GUH2&marketplaceID=A39IBJ37TRP1C6&qid=1774740989&refinements=p_36%3A19500-20000&s=merchant-items&sr=1-3#customerReviews,Club 3D Dual 4K 60Hz Displayport Splitter( Dual Monitor hub) to 2-DisplayPort 1.4 for 8K and 4K 120Hz MST hub
B09779XGZ3,,,,
B002T1G7NC,Nintendo DS,195.68,https://www.amazon.com.au/Gokujou-Mecha-Mote-Iinchou-Miracle/dp/B002T1G7NC/ref=sr_1_4?dib=eyJ2IjoiMSJ9.BTH08WispvJfjbmEOg3BPJASQogZcHUx2bKNGhJLk4YnsdpNp4LULZH0fW2C9LRbCzZdWFMrI70SzdqBPiiP7Eu-WVKc4p_dJfdMHGr5cpt0YxS8REiYP8O-psK-bfF718t6pb53VMxE078QKIIeubszdz-dehvgzhZMAqc1_w0sBlOSVOFc3p_xG-P1RKCGbX20iIZrZUmwNE_W08sy81MTyeIiWcBjhetcSqbZQj8.TBJrTEvOoiOB_fJXFQxxg3VBKao64HB87LCAPAYDUow&dib_tag=se&m=A3SFQLVXY8GUH2&marketplaceID=A39IBJ37TRP1C6&qid=1774740989&refinements=p_36%3A19500-20000&s=merchant-items&sr=1-4#customerReviews,Gokujou!! Mecha Mote Iinchou: MM Town de Miracle Change [Japan Import]
B002T1G7NC,,,,
B0BVQFFVDV,,197.28,https://www.amazon.com.au/BANDAI-SPIRITS-144-Destiny-Impulse/dp/B0BVQFFVDV/ref=sr_1_5?dib=eyJ2IjoiMSJ9.BTH08WispvJfjbmEOg3BPJASQogZcHUx2bKNGhJLk4YnsdpNp4LULZH0fW2C9LRbCzZdWFMrI70SzdqBPiiP7Eu-WVKc4p_dJfdMHGr5cpt0YxS8REiYP8O-psK-bfF718t6pb53VMxE078QKIIeubszdz-dehvgzhZMAqc1_w0sBlOSVOFc3p_xG-P1RKCGbX20iIZrZUmwNE_W08sy81MTyeIiWcBjhetcSqbZQj8.TBJrTEvOoiOB_fJXFQxxg3VBKao64HB87LCAPAYDUow&dib_tag=se&m=A3SFQLVXY8GUH2&marketplaceID=A39IBJ37TRP1C6&qid=1774740989&refinements=p_36%3A19500-20000&s=merchant-items&sr=1-5#customerReviews,BANDAI SPIRITS RG 1/144 Destiny Impulse
B000UGW21O,PlayStation2,197.2,https://www.amazon.com.au/Umisho-Limited-Edition-Japan-Import/dp/B000UGW21O/ref=sr_1_6?dib=eyJ2IjoiMSJ9.BTH08WispvJfjbmEOg3BPJASQogZcHUx2bKNGhJLk4YnsdpNp4LULZH0fW2C9LRbCzZdWFMrI70SzdqBPiiP7Eu-WVKc4p_dJfdMHGr5cpt0YxS8REiYP8O-psK-bfF718t6pb53VMxE078QKIIeubszdz-dehvgzhZMAqc1_w0sBlOSVOFc3p_xG-P1RKCGbX20iIZrZUmwNE_W08sy81MTyeIiWcBjhetcSqbZQj8.TBJrTEvOoiOB_fJXFQxxg3VBKao64HB87LCAPAYDUow&dib_tag=se&m=A3SFQLVXY8GUH2&marketplaceID=A39IBJ37TRP1C6&qid=1774740989&refinements=p_36%3A19500-20000&s=merchant-items&sr=1-6#customerReviews,Umisho [Limited Edition] [Japan Import]
B000UGW21O,,,,
B08VDZ8H6R,,196.42,https://www.amazon.com.au/Colantotte-Necklace-Crest-EX/dp/B08VDZ8H6R/ref=sr_1_7?dib=eyJ2IjoiMSJ9.BTH08WispvJfjbmEOg3BPJASQogZcHUx2bKNGhJLk4YnsdpNp4LULZH0fW2C9LRbCzZdWFMrI70SzdqBPiiP7Eu-WVKc4p_dJfdMHGr5cpt0YxS8REiYP8O-psK-bfF718t6pb53VMxE078QKIIeubszdz-dehvgzhZMAqc1_w0sBlOSVOFc3p_xG-P1RKCGbX20iIZrZUmwNE_W08sy81MTyeIiWcBjhetcSqbZQj8.TBJrTEvOoiOB_fJXFQxxg3VBKao64HB87LCAPAYDUow&dib_tag=se&m=A3SFQLVXY8GUH2&marketplaceID=A39IBJ37TRP1C6&qid=1774740989&refinements=p_36%3A19500-20000&s=merchant-items&sr=1-7#customerReviews,Colantotte Colantotte Necklace Crest R EX
B08KWDCTDS,,198.37,https://www.amazon.com.au/Mammut-Seon-Laptop-Case-Black/dp/B08KWDCTDS/ref=sr_1_8?dib=eyJ2IjoiMSJ9.BTH08WispvJfjbmEOg3BPJASQogZcHUx2bKNGhJLk4YnsdpNp4LULZH0fW2C9LRbCzZdWFMrI70SzdqBPiiP7Eu-WVKc4p_dJfdMHGr5cpt0YxS8REiYP8O-psK-bfF718t6pb53VMxE078QKIIeubszdz-dehvgzhZMAqc1_w0sBlOSVOFc3p_xG-P1RKCGbX20iIZrZUmwNE_W08sy81MTyeIiWcBjhetcSqbZQj8.TBJrTEvOoiOB_fJXFQxxg3VBKao64HB87LCAPAYDUow&dib_tag=se&m=A3SFQLVXY8GUH2&marketplaceID=A39IBJ37TRP1C6&qid=1774740989&refinements=p_36%3A19500-20000&s=merchant-items&sr=1-8#customerReviews,"Mammut Seon Laptop Case, Black, Black"
B08KWDCTDS,,,,
B07JKZ9BPK,,198.73,https://www.amazon.com.au/Gardena-Watering-Control-Master-Time-Saving/dp/B07JKZ9BPK/ref=sr_1_9?dib=eyJ2IjoiMSJ9.BTH08WispvJfjbmEOg3BPJASQogZcHUx2bKNGhJLk4YnsdpNp4LULZH0fW2C9LRbCzZdWFMrI70SzdqBPiiP7Eu-WVKc4p_dJfdMHGr5cpt0YxS8REiYP8O-psK-bfF718t6pb53VMxE078QKIIeubszdz-dehvgzhZMAqc1_w0sBlOSVOFc3p_xG-P1RKCGbX20iIZrZUmwNE_W08sy81MTyeIiWcBjhetcSqbZQj8.TBJrTEvOoiOB_fJXFQxxg3VBKao64HB87LCAPAYDUow&dib_tag=se&m=A3SFQLVXY8GUH2&marketplaceID=A39IBJ37TRP1C6&qid=1774740989&refinements=p_36%3A19500-20000&s=merchant-items&sr=1-9#customerReviews,Gardena 1892-20 Master Water Irrigation Control
B07JKZ9BPK,,,,
B000G6JNK6,Sony PSP,199.74,https://www.amazon.com.au/Spectral-vs-Generation-Japan-Import/dp/B000G6JNK6/ref=sr_1_10?dib=eyJ2IjoiMSJ9.BTH08WispvJfjbmEOg3BPJASQogZcHUx2bKNGhJLk4YnsdpNp4LULZH0fW2C9LRbCzZdWFMrI70SzdqBPiiP7Eu-WVKc4p_dJfdMHGr5cpt0YxS8REiYP8O-psK-bfF718t6pb53VMxE078QKIIeubszdz-dehvgzhZMAqc1_w0sBlOSVOFc3p_xG-P1RKCGbX20iIZrZUmwNE_W08sy81MTyeIiWcBjhetcSqbZQj8.TBJrTEvOoiOB_fJXFQxxg3VBKao64HB87LCAPAYDUow&dib_tag=se&m=A3SFQLVXY8GUH2&marketplaceID=A39IBJ37TRP1C6&qid=1774740989&refinements=p_36%3A19500-20000&s=merchant-items&sr=1-10#customerReviews,Spectral vs. Generation [Japan Import]
B000G6JNK6,,,,
B0B45137Q8,,197.55,https://www.amazon.com.au/Shanti-Womens-Sandals-multicolor-white/dp/B0B45137Q8/ref=sr_1_11?dib=eyJ2IjoiMSJ9.BTH08WispvJfjbmEOg3BPJASQogZcHUx2bKNGhJLk4YnsdpNp4LULZH0fW2C9LRbCzZdWFMrI70SzdqBPiiP7Eu-WVKc4p_dJfdMHGr5cpt0YxS8REiYP8O-psK-bfF718t6pb53VMxE078QKIIeubszdz-dehvgzhZMAqc1_w0sBlOSVOFc3p_xG-P1RKCGbX20iIZrZUmwNE_W08sy81MTyeIiWcBjhetcSqbZQj8.TBJrTEvOoiOB_fJXFQxxg3VBKao64HB87LCAPAYDUow&dib_tag=se&m=A3SFQLVXY8GUH2&marketplaceID=A39IBJ37TRP1C6&qid=1774740989&refinements=p_36%3A19500-20000&s=merchant-items&sr=1-11#customerReviews,KEEN Women's Shanti Comfortable Slip on Lightweight Clogs
B0B45137Q8,,,,
B0BY27QQ3Z,,198.35,https://www.amazon.com.au/Mechanical-Performance-Adjustable-Advancement-%EF%BC%AD5-50001PD-6/dp/B0BY27QQ3Z/ref=sr_1_12?dib=eyJ2IjoiMSJ9.BTH08WispvJfjbmEOg3BPJASQogZcHUx2bKNGhJLk4YnsdpNp4LULZH0fW2C9LRbCzZdWFMrI70SzdqBPiiP7Eu-WVKc4p_dJfdMHGr5cpt0YxS8REiYP8O-psK-bfF718t6pb53VMxE078QKIIeubszdz-dehvgzhZMAqc1_w0sBlOSVOFc3p_xG-P1RKCGbX20iIZrZUmwNE_W08sy81MTyeIiWcBjhetcSqbZQj8.TBJrTEvOoiOB_fJXFQxxg3VBKao64HB87LCAPAYDUow&dib_tag=se&m=A3SFQLVXY8GUH2&marketplaceID=A39IBJ37TRP1C6&qid=1774740989&refinements=p_36%3A19500-20000&s=merchant-items&sr=1-12#customerReviews,"Uni Kuru Toga Dive Mechanical Pencil, High Performance Model, Auto Lead Rotation and Adjustable Auto Lead Advancement Mechanism, 0.5 mm, Dense Green, Ｍ5-50001PD.6"
B0BY27QQ3Z,,,,
B06ZZFMY6B,,195.35,https://www.amazon.com.au/CALSLA-SAHS-40040-VOICEROID2-Yuitsuki-Yukari/dp/B06ZZFMY6B/ref=sr_1_13?dib=eyJ2IjoiMSJ9.BTH08WispvJfjbmEOg3BPJASQogZcHUx2bKNGhJLk4YnsdpNp4LULZH0fW2C9LRbCzZdWFMrI70SzdqBPiiP7Eu-WVKc4p_dJfdMHGr5cpt0YxS8REiYP8O-psK-bfF718t6pb53VMxE078QKIIeubszdz-dehvgzhZMAqc1_w0sBlOSVOFc3p_xG-P1RKCGbX20iIZrZUmwNE_W08sy81MTyeIiWcBjhetcSqbZQj8.TBJrTEvOoiOB_fJXFQxxg3VBKao64HB87LCAPAYDUow&dib_tag=se&m=A3SFQLVXY8GUH2&marketplaceID=A39IBJ37TRP1C6&qid=1774740989&refinements=p_36%3A19500-20000&s=merchant-items&sr=1-13#customerReviews,VOICEROID2 Yukari Yuzuki
B06ZZFMY6B,,,,
B01N4U4VWM,,196.81,https://www.amazon.com.au/Panduit-Accessories-Laptops-Brand-Model/dp/B01N4U4VWM/ref=sr_1_14?dib=eyJ2IjoiMSJ9.BTH08WispvJfjbmEOg3BPJASQogZcHUx2bKNGhJLk4YnsdpNp4LULZH0fW2C9LRbCzZdWFMrI70SzdqBPiiP7Eu-WVKc4p_dJfdMHGr5cpt0YxS8REiYP8O-psK-bfF718t6pb53VMxE078QKIIeubszdz-dehvgzhZMAqc1_w0sBlOSVOFc3p_xG-P1RKCGbX20iIZrZUmwNE_W08sy81MTyeIiWcBjhetcSqbZQj8.TBJrTEvOoiOB_fJXFQxxg3VBKao64HB87LCAPAYDUow&dib_tag=se&m=A3SFQLVXY8GUH2&marketplaceID=A39IBJ37TRP1C6&qid=1774740989&refinements=p_36%3A19500-20000&s=merchant-items&sr=1-14#customerReviews,"Panduit Accessories PC and Laptops Brand Model CAT6A,28AWG,UTP,15M,EA"
B01N4U4VWM,,,,
B0051YM6Z2,,195.48,https://www.amazon.com.au/Knipex-12-64-180-Insulation/dp/B0051YM6Z2/ref=sr_1_15?dib=eyJ2IjoiMSJ9.BTH08WispvJfjbmEOg3BPJASQogZcHUx2bKNGhJLk4YnsdpNp4LULZH0fW2C9LRbCzZdWFMrI70SzdqBPiiP7Eu-WVKc4p_dJfdMHGr5cpt0YxS8REiYP8O-psK-bfF718t6pb53VMxE078QKIIeubszdz-dehvgzhZMAqc1_w0sBlOSVOFc3p_xG-P1RKCGbX20iIZrZUmwNE_W08sy81MTyeIiWcBjhetcSqbZQj8.TBJrTEvOoiOB_fJXFQxxg3VBKao64HB87LCAPAYDUow&dib_tag=se&m=A3SFQLVXY8GUH2&marketplaceID=A39IBJ37TRP1C6&qid=1774740989&refinements=p_36%3A19500-20000&s=merchant-items&sr=1-15#customerReviews,"Knipex 12 64 180 Automatic Insulation Stripper for Flat Cable, 180 mm"
B0051YM6Z2,,,,
B0CP3NXQFD,Vinyl,196.17,https://www.amazon.com.au/Mobile-Gundam-FREEDOM-Original-Soundtrack/dp/B0CP3NXQFD/ref=sr_1_16?dib=eyJ2IjoiMSJ9.BTH08WispvJfjbmEOg3BPJASQogZcHUx2bKNGhJLk4YnsdpNp4LULZH0fW2C9LRbCzZdWFMrI70SzdqBPiiP7Eu-WVKc4p_dJfdMHGr5cpt0YxS8REiYP8O-psK-bfF718t6pb53VMxE078QKIIeubszdz-dehvgzhZMAqc1_w0sBlOSVOFc3p_xG-P1RKCGbX20iIZrZUmwNE_W08sy81MTyeIiWcBjhetcSqbZQj8.TBJrTEvOoiOB_fJXFQxxg3VBKao64HB87LCAPAYDUow&dib_tag=se&m=A3SFQLVXY8GUH2&marketplaceID=A39IBJ37TRP1C6&qid=1774740989&refinements=p_36%3A19500-20000&s=merchant-items&sr=1-16#customerReviews,Mobile Suit Gundam SEED FREEDOM (Original Soundtrack)
B08VDYVNGJ,,195.49,https://www.amazon.com.au/Colantotte-Necklace-Crest-other-Gemstone/dp/B08VDYVNGJ/ref=sr_1_17?dib=eyJ2IjoiMSJ9.ravohbNJ917tp7OCAAzWKWcuk4iZS2mzy28DSMKF-wiKtktoSLvMWiefD06SH6cQlF8nXIx7uqvaPw0CBQXklPtm22sGq7gKyzIVN3sN6LIfW940VHCtk24PR_IfP5EhxODWPHRK7kdF2NGNWndhoEmR1UASvqIrIa2rzZpFyt-6xMOSGw7h-WrDFK8WEdprCdw22CLiPw01PHZBZCG3YPz_CGIXBEBgP0UcGjBPd-8.pQpa0xDN379K802_xQHzIlGexV5GsgJL6fhXnq0UyVg&dib_tag=se&m=A3SFQLVXY8GUH2&marketplaceID=A39IBJ37TRP1C6&qid=1774740996&refinements=p_36%3A19500-20000&s=merchant-items&sr=1-17&xpid=4ig3QMQGcGEkj#customerReviews,"Colantotte Necklace Crest R EX, L, other, No Gemstone"
B08VDYVNGJ,,,,
B093HFSTSS,,197.63,https://www.amazon.com.au/SPIRITS-Unicorn-Perfectibility-Plastic-Bandai/dp/B093HFSTSS/ref=sr_1_18?dib=eyJ2IjoiMSJ9.ravohbNJ917tp7OCAAzWKWcuk4iZS2mzy28DSMKF-wiKtktoSLvMWiefD06SH6cQlF8nXIx7uqvaPw0CBQXklPtm22sGq7gKyzIVN3sN6LIfW940VHCtk24PR_IfP5EhxODWPHRK7kdF2NGNWndhoEmR1UASvqIrIa2rzZpFyt-6xMOSGw7h-WrDFK8WEdprCdw22CLiPw01PHZBZCG3YPz_CGIXBEBgP0UcGjBPd-8.pQpa0xDN379K802_xQHzIlGexV5GsgJL6fhXnq0UyVg&dib_tag=se&m=A3SFQLVXY8GUH2&marketplaceID=A39IBJ37TRP1C6&qid=1774740996&refinements=p_36%3A19500-20000&s=merchant-items&sr=1-18&xpid=4ig3QMQGcGEkj#customerReviews,BANDAI SPIRITS RG 1/144 Unicorn Gundam Perfectibility Plastic Model Bandai
B093HFSTSS,,,,
B0CLLDJRJ1,Vinyl,217.43,https://www.amazon.com.au/Standard-Venus-Jazz-Piano-Trio/dp/B0CLLDJRJ1/ref=sr_1_19?dib=eyJ2IjoiMSJ9.ravohbNJ917tp7OCAAzWKWcuk4iZS2mzy28DSMKF-wiKtktoSLvMWiefD06SH6cQlF8nXIx7uqvaPw0CBQXklPtm22sGq7gKyzIVN3sN6LIfW940VHCtk24PR_IfP5EhxODWPHRK7kdF2NGNWndhoEmR1UASvqIrIa2rzZpFyt-6xMOSGw7h-WrDFK8WEdprCdw22CLiPw01PHZBZCG3YPz_CGIXBEBgP0UcGjBPd-8.pQpa0xDN379K802_xQHzIlGexV5GsgJL6fhXnq0UyVg&dib_tag=se&m=A3SFQLVXY8GUH2&marketplaceID=A39IBJ37TRP1C6&qid=1774740996&refinements=p_36%3A19500-20000&s=merchant-items&sr=1-19&xpid=4ig3QMQGcGEkj#customerReviews,The Standard - Japanese Remaster
B00HL9HO20,,198.13,https://www.amazon.com.au/QH22D-1-2-QH22D12/dp/B00HL9HO20/ref=sr_1_20?dib=eyJ2IjoiMSJ9.ravohbNJ917tp7OCAAzWKWcuk4iZS2mzy28DSMKF-wiKtktoSLvMWiefD06SH6cQlF8nXIx7uqvaPw0CBQXklPtm22sGq7gKyzIVN3sN6LIfW940VHCtk24PR_IfP5EhxODWPHRK7kdF2NGNWndhoEmR1UASvqIrIa2rzZpFyt-6xMOSGw7h-WrDFK8WEdprCdw22CLiPw01PHZBZCG3YPz_CGIXBEBgP0UcGjBPd-8.pQpa0xDN379K802_xQHzIlGexV5GsgJL6fhXnq0UyVg&dib_tag=se&m=A3SFQLVXY8GUH2&marketplaceID=A39IBJ37TRP1C6&qid=1774740996&refinements=p_36%3A19500-20000&s=merchant-items&sr=1-20&xpid=4ig3QMQGcGEkj#customerReviews,QH22D12
B00HL9HO20,,,,
B0116X17JW,,199.08,https://www.amazon.com.au/Akai-Professional-MPD218-Controller-Software/dp/B0116X17JW/ref=sr_1_21?dib=eyJ2IjoiMSJ9.ravohbNJ917tp7OCAAzWKWcuk4iZS2mzy28DSMKF-wiKtktoSLvMWiefD06SH6cQlF8nXIx7uqvaPw0CBQXklPtm22sGq7gKyzIVN3sN6LIfW940VHCtk24PR_IfP5EhxODWPHRK7kdF2NGNWndhoEmR1UASvqIrIa2rzZpFyt-6xMOSGw7h-WrDFK8WEdprCdw22CLiPw01PHZBZCG3YPz_CGIXBEBgP0UcGjBPd-8.pQpa0xDN379K802_xQHzIlGexV5GsgJL6fhXnq0UyVg&dib_tag=se&m=A3SFQLVXY8GUH2&marketplaceID=A39IBJ37TRP1C6&qid=1774740996&refinements=p_36%3A19500-20000&s=merchant-items&sr=1-21&xpid=4ig3QMQGcGEkj#customerReviews,Akai Professional MPD218 MIDI Drum Pad Controller with Software Download Package (16 pads / 6 knobs / 6 buttons)
B0116X17JW,,,,
B00005EMIG,Audio CD,196.68,https://www.amazon.com.au/THE-WORLD-OF-RED-WARRIORS/dp/B00005EMIG/ref=sr_1_22?dib=eyJ2IjoiMSJ9.ravohbNJ917tp7OCAAzWKWcuk4iZS2mzy28DSMKF-wiKtktoSLvMWiefD06SH6cQlF8nXIx7uqvaPw0CBQXklPtm22sGq7gKyzIVN3sN6LIfW940VHCtk24PR_IfP5EhxODWPHRK7kdF2NGNWndhoEmR1UASvqIrIa2rzZpFyt-6xMOSGw7h-WrDFK8WEdprCdw22CLiPw01PHZBZCG3YPz_CGIXBEBgP0UcGjBPd-8.pQpa0xDN379K802_xQHzIlGexV5GsgJL6fhXnq0UyVg&dib_tag=se&m=A3SFQLVXY8GUH2&marketplaceID=A39IBJ37TRP1C6&qid=1774740996&refinements=p_36%3A19500-20000&s=merchant-items&sr=1-22&xpid=4ig3QMQGcGEkj#customerReviews,THE WORLD OF RED WARRIORS
B0BQXJLPDB,,197.61,https://www.amazon.com.au/Mizuno-Tennis-Stability-Cushioning-Resilience/dp/B0BQXJLPDB/ref=sr_1_23?dib=eyJ2IjoiMSJ9.ravohbNJ917tp7OCAAzWKWcuk4iZS2mzy28DSMKF-wiKtktoSLvMWiefD06SH6cQlF8nXIx7uqvaPw0CBQXklPtm22sGq7gKyzIVN3sN6LIfW940VHCtk24PR_IfP5EhxODWPHRK7kdF2NGNWndhoEmR1UASvqIrIa2rzZpFyt-6xMOSGw7h-WrDFK8WEdprCdw22CLiPw01PHZBZCG3YPz_CGIXBEBgP0UcGjBPd-8.pQpa0xDN379K802_xQHzIlGexV5GsgJL6fhXnq0UyVg&dib_tag=se&m=A3SFQLVXY8GUH2&marketplaceID=A39IBJ37TRP1C6&qid=1774740996&refinements=p_36%3A19500-20000&s=merchant-items&sr=1-23&xpid=4ig3QMQGcGEkj#customerReviews,Mizuno Wave Medal 7 Table Tennis Shoes
B0BQXJLPDB,,,,
B000RW0ECK,,197.11,https://www.amazon.com.au/Ibanez-TS9-Electric-Guitar-Single/dp/B000RW0ECK/ref=sr_1_24?dib=eyJ2IjoiMSJ9.ravohbNJ917tp7OCAAzWKWcuk4iZS2mzy28DSMKF-wiKtktoSLvMWiefD06SH6cQlF8nXIx7uqvaPw0CBQXklPtm22sGq7gKyzIVN3sN6LIfW940VHCtk24PR_IfP5EhxODWPHRK7kdF2NGNWndhoEmR1UASvqIrIa2rzZpFyt-6xMOSGw7h-WrDFK8WEdprCdw22CLiPw01PHZBZCG3YPz_CGIXBEBgP0UcGjBPd-8.pQpa0xDN379K802_xQHzIlGexV5GsgJL6fhXnq0UyVg&dib_tag=se&m=A3SFQLVXY8GUH2&marketplaceID=A39IBJ37TRP1C6&qid=1774740996&refinements=p_36%3A19500-20000&s=merchant-items&sr=1-24&xpid=4ig3QMQGcGEkj#customerReviews,"Ibanez TS9 White Black Red Blue Electric Guitar Distortion and Overdrive Effect Pedal, Model Number TS9, Style Overdrive, 9.0 Volts, 8.0 Microamps"
B000RW0ECK,,,,
B06XD9KRZK,,198.26,https://www.amazon.com.au/Panduit-Cat-6a-Patch-Network-Cable/dp/B06XD9KRZK/ref=sr_1_25?dib=eyJ2IjoiMSJ9.ravohbNJ917tp7OCAAzWKWcuk4iZS2mzy28DSMKF-wiKtktoSLvMWiefD06SH6cQlF8nXIx7uqvaPw0CBQXklPtm22sGq7gKyzIVN3sN6LIfW940VHCtk24PR_IfP5EhxODWPHRK7kdF2NGNWndhoEmR1UASvqIrIa2rzZpFyt-6xMOSGw7h-WrDFK8WEdprCdw22CLiPw01PHZBZCG3YPz_CGIXBEBgP0UcGjBPd-8.pQpa0xDN379K802_xQHzIlGexV5GsgJL6fhXnq0UyVg&dib_tag=se&m=A3SFQLVXY8GUH2&marketplaceID=A39IBJ37TRP1C6&qid=1774740996&refinements=p_36%3A19500-20000&s=merchant-items&sr=1-25&xpid=4ig3QMQGcGEkj#customerReviews,PANDUIT STP6X3MRD Patch Cable S/FTP Cat.6A Lshf Red 3M
B06XD9KRZK,,,,
B0B3CMJW4X,,198.5,https://www.amazon.com.au/KEEN-Comfortable-Washable-Adventure-Timberwolf/dp/B0B3CMJW4X/ref=sr_1_26?dib=eyJ2IjoiMSJ9.ravohbNJ917tp7OCAAzWKWcuk4iZS2mzy28DSMKF-wiKtktoSLvMWiefD06SH6cQlF8nXIx7uqvaPw0CBQXklPtm22sGq7gKyzIVN3sN6LIfW940VHCtk24PR_IfP5EhxODWPHRK7kdF2NGNWndhoEmR1UASvqIrIa2rzZpFyt-6xMOSGw7h-WrDFK8WEdprCdw22CLiPw01PHZBZCG3YPz_CGIXBEBgP0UcGjBPd-8.pQpa0xDN379K802_xQHzIlGexV5GsgJL6fhXnq0UyVg&dib_tag=se&m=A3SFQLVXY8GUH2&marketplaceID=A39IBJ37TRP1C6&qid=1774740996&refinements=p_36%3A19500-20000&s=merchant-items&sr=1-26&xpid=4ig3QMQGcGEkj#customerReviews,KEEN Women's Whisper Athletic and Outdoor Sandals
B0B3CMJW4X,,,,
B0B5WJ1QH9,,199.42,https://www.amazon.com.au/Medicos-Bizarre-Adventure-Chozokado-Killer/dp/B0B5WJ1QH9/ref=sr_1_27?dib=eyJ2IjoiMSJ9.ravohbNJ917tp7OCAAzWKWcuk4iZS2mzy28DSMKF-wiKtktoSLvMWiefD06SH6cQlF8nXIx7uqvaPw0CBQXklPtm22sGq7gKyzIVN3sN6LIfW940VHCtk24PR_IfP5EhxODWPHRK7kdF2NGNWndhoEmR1UASvqIrIa2rzZpFyt-6xMOSGw7h-WrDFK8WEdprCdw22CLiPw01PHZBZCG3YPz_CGIXBEBgP0UcGjBPd-8.pQpa0xDN379K802_xQHzIlGexV5GsgJL6fhXnq0UyVg&dib_tag=se&m=A3SFQLVXY8GUH2&marketplaceID=A39IBJ37TRP1C6&qid=1774740996&refinements=p_36%3A19500-20000&s=merchant-items&sr=1-27&xpid=4ig3QMQGcGEkj#customerReviews,Medicos - JoJo's Bizarre Adventure Pt 4 - Chozokado Killer Queen Second Action Figure
B000PANBCO,,196.13,https://www.amazon.com.au/Aten-CS-1734-4-Port-KVMPa-Switch/dp/B000PANBCO/ref=sr_1_28?dib=eyJ2IjoiMSJ9.ravohbNJ917tp7OCAAzWKWcuk4iZS2mzy28DSMKF-wiKtktoSLvMWiefD06SH6cQlF8nXIx7uqvaPw0CBQXklPtm22sGq7gKyzIVN3sN6LIfW940VHCtk24PR_IfP5EhxODWPHRK7kdF2NGNWndhoEmR1UASvqIrIa2rzZpFyt-6xMOSGw7h-WrDFK8WEdprCdw22CLiPw01PHZBZCG3YPz_CGIXBEBgP0UcGjBPd-8.pQpa0xDN379K802_xQHzIlGexV5GsgJL6fhXnq0UyVg&dib_tag=se&m=A3SFQLVXY8GUH2&marketplaceID=A39IBJ37TRP1C6&qid=1774740996&refinements=p_36%3A19500-20000&s=merchant-items&sr=1-28&xpid=4ig3QMQGcGEkj#customerReviews,ATEN 4 Port USB KVMP Switch KVM Switch 4 > 1 USB 1.1 PS/2 with Audio
B000PANBCO,,,,
B07VGKJQRV,,198.5,https://www.amazon.com.au/KEEN-Uneek-Sandal-Olive-Black/dp/B07VGKJQRV/ref=sr_1_29?dib=eyJ2IjoiMSJ9.ravohbNJ917tp7OCAAzWKWcuk4iZS2mzy28DSMKF-wiKtktoSLvMWiefD06SH6cQlF8nXIx7uqvaPw0CBQXklPtm22sGq7gKyzIVN3sN6LIfW940VHCtk24PR_IfP5EhxODWPHRK7kdF2NGNWndhoEmR1UASvqIrIa2rzZpFyt-6xMOSGw7h-WrDFK8WEdprCdw22CLiPw01PHZBZCG3YPz_CGIXBEBgP0UcGjBPd-8.pQpa0xDN379K802_xQHzIlGexV5GsgJL6fhXnq0UyVg&dib_tag=se&m=A3SFQLVXY8GUH2&marketplaceID=A39IBJ37TRP1C6&qid=1774740996&refinements=p_36%3A19500-20000&s=merchant-items&sr=1-29&xpid=4ig3QMQGcGEkj#customerReviews,KEEN Men's Uneek Sandal
B07SZSDKR4,,199.98,https://www.amazon.com.au/DC-Comics-Batman-Hush-MAFEX/dp/B07SZSDKR4/ref=sr_1_30?dib=eyJ2IjoiMSJ9.ravohbNJ917tp7OCAAzWKWcuk4iZS2mzy28DSMKF-wiKtktoSLvMWiefD06SH6cQlF8nXIx7uqvaPw0CBQXklPtm22sGq7gKyzIVN3sN6LIfW940VHCtk24PR_IfP5EhxODWPHRK7kdF2NGNWndhoEmR1UASvqIrIa2rzZpFyt-6xMOSGw7h-WrDFK8WEdprCdw22CLiPw01PHZBZCG3YPz_CGIXBEBgP0UcGjBPd-8.pQpa0xDN379K802_xQHzIlGexV5GsgJL6fhXnq0UyVg&dib_tag=se&m=A3SFQLVXY8GUH2&marketplaceID=A39IBJ37TRP1C6&qid=1774740996&refinements=p_36%3A19500-20000&s=merchant-items&sr=1-30&xpid=4ig3QMQGcGEkj#customerReviews,DC Comics Batman Hush MAFEX AF
B00297YWI8,,198.32,https://www.amazon.com.au/Elecom-display-D-Sub15-VGA-VGA-CAC-L20BK/dp/B00297YWI8/ref=sr_1_31?dib=eyJ2IjoiMSJ9.ravohbNJ917tp7OCAAzWKWcuk4iZS2mzy28DSMKF-wiKtktoSLvMWiefD06SH6cQlF8nXIx7uqvaPw0CBQXklPtm22sGq7gKyzIVN3sN6LIfW940VHCtk24PR_IfP5EhxODWPHRK7kdF2NGNWndhoEmR1UASvqIrIa2rzZpFyt-6xMOSGw7h-WrDFK8WEdprCdw22CLiPw01PHZBZCG3YPz_CGIXBEBgP0UcGjBPd-8.pQpa0xDN379K802_xQHzIlGexV5GsgJL6fhXnq0UyVg&dib_tag=se&m=A3SFQLVXY8GUH2&marketplaceID=A39IBJ37TRP1C6&qid=1774740996&refinements=p_36%3A19500-20000&s=merchant-items&sr=1-31&xpid=4ig3QMQGcGEkj#customerReviews,Elecom CAC-L20BK D-Sub15 Pin VGA-VGA Display Cable 6.8 ft (20 m) Black
B00297YWI8,,,,
B0BYXKPMQ4,,195.06,https://www.amazon.com.au/Sunline-Mens-Surface-Mesh-Black/dp/B0BYXKPMQ4/ref=sr_1_32?dib=eyJ2IjoiMSJ9.ravohbNJ917tp7OCAAzWKWcuk4iZS2mzy28DSMKF-wiKtktoSLvMWiefD06SH6cQlF8nXIx7uqvaPw0CBQXklPtm22sGq7gKyzIVN3sN6LIfW940VHCtk24PR_IfP5EhxODWPHRK7kdF2NGNWndhoEmR1UASvqIrIa2rzZpFyt-6xMOSGw7h-WrDFK8WEdprCdw22CLiPw01PHZBZCG3YPz_CGIXBEBgP0UcGjBPd-8.pQpa0xDN379K802_xQHzIlGexV5GsgJL6fhXnq0UyVg&dib_tag=se&m=A3SFQLVXY8GUH2&marketplaceID=A39IBJ37TRP1C6&qid=1774740996&refinements=p_36%3A19500-20000&s=merchant-items&sr=1-32&xpid=4ig3QMQGcGEkj,Sunline Men's Surface Mesh Cap
B0BYXKPMQ4,,,,
B0CKWRLJKV,,198.34,https://www.amazon.com.au/Lemnos-YD14-08-BW-Educational-Natural/dp/B0CKWRLJKV/ref=sr_1_33?dib=eyJ2IjoiMSJ9.B09Ll5n57YeUBkLnaK65lWNpVlXmRIo4SwmHSOIFkA8wGGpjUzltQSd62KX-AIJ-IXIK-snLMbT8EuTeP3lCJw.0VcwDIQocJIOw2an9Q9XD0jIEqSIEDnhhg7jJwBFoKU&dib_tag=se&m=A3SFQLVXY8GUH2&marketplaceID=A39IBJ37TRP1C6&qid=1774741003&refinements=p_36%3A19500-20000&s=merchant-items&sr=1-33&xpid=4ig3QMQGcGEkj#customerReviews,Lemnos YD14-08 S BW Lemnos Wall Clock Analog Educational Clock Natural Color Wood Brown Fun Pun Clock
B0CKWRLJKV,,,,
B0CB7T5D5K,,195.7,https://www.amazon.com.au/Reebok-Sneaker-Ftwwht-Eacobl-Chalk/dp/B0CB7T5D5K/ref=sr_1_34?dib=eyJ2IjoiMSJ9.B09Ll5n57YeUBkLnaK65lWNpVlXmRIo4SwmHSOIFkA8wGGpjUzltQSd62KX-AIJ-IXIK-snLMbT8EuTeP3lCJw.0VcwDIQocJIOw2an9Q9XD0jIEqSIEDnhhg7jJwBFoKU&dib_tag=se&m=A3SFQLVXY8GUH2&marketplaceID=A39IBJ37TRP1C6&qid=1774741003&refinements=p_36%3A19500-20000&s=merchant-items&sr=1-34&xpid=4ig3QMQGcGEkj#customerReviews,"Reebok Club C 85 Vintage Tennis Sneakers for Men, Casual White Mens Shoes, Size 7 to 15"
B0CB7T5D5K,,,,
B08199SGJC,,198.44,https://www.amazon.com.au/Kuretake-GA504-14-Calligraphy-Set-Black/dp/B08199SGJC/ref=sr_1_35?dib=eyJ2IjoiMSJ9.B09Ll5n57YeUBkLnaK65lWNpVlXmRIo4SwmHSOIFkA8wGGpjUzltQSd62KX-AIJ-IXIK-snLMbT8EuTeP3lCJw.0VcwDIQocJIOw2an9Q9XD0jIEqSIEDnhhg7jJwBFoKU&dib_tag=se&m=A3SFQLVXY8GUH2&marketplaceID=A39IBJ37TRP1C6&qid=1774741003&refinements=p_36%3A19500-20000&s=merchant-items&sr=1-35&xpid=4ig3QMQGcGEkj#customerReviews,"Kuretake GA504-14 Calligraphy Set, Black"
B08199SGJC,,,,
B07YS1G7HS,,199.42,https://www.amazon.com.au/Yoshida-porter-PORTER-Ghillie-886-16142/dp/B07YS1G7HS/ref=sr_1_36?dib=eyJ2IjoiMSJ9.B09Ll5n57YeUBkLnaK65lWNpVlXmRIo4SwmHSOIFkA8wGGpjUzltQSd62KX-AIJ-IXIK-snLMbT8EuTeP3lCJw.0VcwDIQocJIOw2an9Q9XD0jIEqSIEDnhhg7jJwBFoKU&dib_tag=se&m=A3SFQLVXY8GUH2&marketplaceID=A39IBJ37TRP1C6&qid=1774741003&refinements=p_36%3A19500-20000&s=merchant-items&sr=1-36&xpid=4ig3QMQGcGEkj#customerReviews,Yoshida Bag [porter] PORTER Gilly Ghillie Long Wallet 886-16142 Alpine camo / 22
B07YS1G7HS,,,,
B0BGNC441K,,196.36,https://www.amazon.com.au/NUX-Headphone-Players-Pocket-Size-Pocket-Friendly/dp/B0BGNC441K/ref=sr_1_37?dib=eyJ2IjoiMSJ9.B09Ll5n57YeUBkLnaK65lWNpVlXmRIo4SwmHSOIFkA8wGGpjUzltQSd62KX-AIJ-IXIK-snLMbT8EuTeP3lCJw.0VcwDIQocJIOw2an9Q9XD0jIEqSIEDnhhg7jJwBFoKU&dib_tag=se&m=A3SFQLVXY8GUH2&marketplaceID=A39IBJ37TRP1C6&qid=1774741003&refinements=p_36%3A19500-20000&s=merchant-items&sr=1-37&xpid=4ig3QMQGcGEkj#customerReviews,NUX | Mighty Plug Pro Headphone Amp for Guitar and Bass Players in a Pocket-Size and Pocket-Friendly Format
B0BGNC441K,,,,
B08J6N5969,,196.13,https://www.amazon.com.au/KEEN-Womens-Lightweight-Waterproof-Drizzle/dp/B08J6N5969/ref=sr_1_33?dib=eyJ2IjoiMSJ9.uefFh0lZRR4wwOxwnw9874fwef0BX0k-IKMjPYNcX0GGukz_0vGklTAh4Pb6G9yoU9Ijm8E7jW7FFku0_tHHdcR0CcsI7bABQ_pGYm5MVAwtfKh2ape6AewfPPU-oJhNiCCx3XSVYU2WvdfJ0V81QyrO25REtJ-Bi4q3d20cauw.75R7Mutd3XW0ybTfgebIfnluaoRKGrWbyLU-NLknNFU&dib_tag=se&m=A3SFQLVXY8GUH2&marketplaceID=A39IBJ37TRP1C6&qid=1774741003&refinements=p_36%3A19500-20000&s=merchant-items&sr=1-33&xpid=4ig3QMQGcGEkj#customerReviews,KEEN Female Tempo Flex WP
B00QEN6S5S,,197.63,https://www.amazon.com.au/Snow-Peak-STP-381-Shield-Person/dp/B00QEN6S5S/ref=sr_1_34?dib=eyJ2IjoiMSJ9.uefFh0lZRR4wwOxwnw9874fwef0BX0k-IKMjPYNcX0GGukz_0vGklTAh4Pb6G9yoU9Ijm8E7jW7FFku0_tHHdcR0CcsI7bABQ_pGYm5MVAwtfKh2ape6AewfPPU-oJhNiCCx3XSVYU2WvdfJ0V81QyrO25REtJ-Bi4q3d20cauw.75R7Mutd3XW0ybTfgebIfnluaoRKGrWbyLU-NLknNFU&dib_tag=se&m=A3SFQLVXY8GUH2&marketplaceID=A39IBJ37TRP1C6&qid=1774741003&refinements=p_36%3A19500-20000&s=merchant-items&sr=1-34&xpid=4ig3QMQGcGEkj#customerReviews,Snow Peak Light Tarp Penta Shield STP-381 / Snow Peak Festival 2023 Fall Penta Pro.air 1 Pen Tie Set FES-199 (for 1 Person)
B00QEN6S5S,,,,
B0CMZZLQWZ,,195.14,https://www.amazon.com.au/Good-Smile-Company-Eureka-Seven/dp/B0CMZZLQWZ/ref=sr_1_35?dib=eyJ2IjoiMSJ9.uefFh0lZRR4wwOxwnw9874fwef0BX0k-IKMjPYNcX0GGukz_0vGklTAh4Pb6G9yoU9Ijm8E7jW7FFku0_tHHdcR0CcsI7bABQ_pGYm5MVAwtfKh2ape6AewfPPU-oJhNiCCx3XSVYU2WvdfJ0V81QyrO25REtJ-Bi4q3d20cauw.75R7Mutd3XW0ybTfgebIfnluaoRKGrWbyLU-NLknNFU&dib_tag=se&m=A3SFQLVXY8GUH2&marketplaceID=A39IBJ37TRP1C6&qid=1774741003&refinements=p_36%3A19500-20000&s=merchant-items&sr=1-35&xpid=4ig3QMQGcGEkj#customerReviews,Good Smile Company Eureka Seven: Nirvash Type Zero Moderoid Model Kit
B0CMZZLQWZ,,,,
B077L484X4,,195.83,https://www.amazon.com.au/KEEN-Mens-Howser-Green-Size/dp/B077L484X4/ref=sr_1_36?dib=eyJ2IjoiMSJ9.uefFh0lZRR4wwOxwnw9874fwef0BX0k-IKMjPYNcX0GGukz_0vGklTAh4Pb6G9yoU9Ijm8E7jW7FFku0_tHHdcR0CcsI7bABQ_pGYm5MVAwtfKh2ape6AewfPPU-oJhNiCCx3XSVYU2WvdfJ0V81QyrO25REtJ-Bi4q3d20cauw.75R7Mutd3XW0ybTfgebIfnluaoRKGrWbyLU-NLknNFU&dib_tag=se&m=A3SFQLVXY8GUH2&marketplaceID=A39IBJ37TRP1C6&qid=1774741003&refinements=p_36%3A19500-20000&s=merchant-items&sr=1-36&xpid=4ig3QMQGcGEkj#customerReviews,KEEN mens Howser Mid
B077L484X4,,,,
B002SN9SV4,,199.95,https://www.amazon.com.au/Mini-Oval-0-25-Cocotte-Cherry/dp/B002SN9SV4/ref=sr_1_37?dib=eyJ2IjoiMSJ9.uefFh0lZRR4wwOxwnw9874fwef0BX0k-IKMjPYNcX0GGukz_0vGklTAh4Pb6G9yoU9Ijm8E7jW7FFku0_tHHdcR0CcsI7bABQ_pGYm5MVAwtfKh2ape6AewfPPU-oJhNiCCx3XSVYU2WvdfJ0V81QyrO25REtJ-Bi4q3d20cauw.75R7Mutd3XW0ybTfgebIfnluaoRKGrWbyLU-NLknNFU&dib_tag=se&m=A3SFQLVXY8GUH2&marketplaceID=A39IBJ37TRP1C6&qid=1774741003&refinements=p_36%3A19500-20000&s=merchant-items&sr=1-37&xpid=4ig3QMQGcGEkj#customerReviews,"STAUB Cast Iron Mini Cocotte, Cherry, 11 cm"
B002SN9SV4,,,,
B07YS1CXZT,,197.69,https://www.amazon.com.au/Yoshida-PORTER-Ghillie-886-16142-Woodland/dp/B07YS1CXZT/ref=sr_1_38?dib=eyJ2IjoiMSJ9.uefFh0lZRR4wwOxwnw9874fwef0BX0k-IKMjPYNcX0GGukz_0vGklTAh4Pb6G9yoU9Ijm8E7jW7FFku0_tHHdcR0CcsI7bABQ_pGYm5MVAwtfKh2ape6AewfPPU-oJhNiCCx3XSVYU2WvdfJ0V81QyrO25REtJ-Bi4q3d20cauw.75R7Mutd3XW0ybTfgebIfnluaoRKGrWbyLU-NLknNFU&dib_tag=se&m=A3SFQLVXY8GUH2&marketplaceID=A39IBJ37TRP1C6&qid=1774741003&refinements=p_36%3A19500-20000&s=merchant-items&sr=1-38&xpid=4ig3QMQGcGEkj#customerReviews,Yoshida Bag [porter] PORTER Gilly Ghillie Long Wallet 886-16142 Woodland Duck / 33
B07YS1CXZT,,,,
B09RPVVYBW,,198.31,https://www.amazon.com.au/Sasaki-M-207BRM-F-Gymnastics-International-Association/dp/B09RPVVYBW/ref=sr_1_39?dib=eyJ2IjoiMSJ9.uefFh0lZRR4wwOxwnw9874fwef0BX0k-IKMjPYNcX0GGukz_0vGklTAh4Pb6G9yoU9Ijm8E7jW7FFku0_tHHdcR0CcsI7bABQ_pGYm5MVAwtfKh2ape6AewfPPU-oJhNiCCx3XSVYU2WvdfJ0V81QyrO25REtJ-Bi4q3d20cauw.75R7Mutd3XW0ybTfgebIfnluaoRKGrWbyLU-NLknNFU&dib_tag=se&m=A3SFQLVXY8GUH2&marketplaceID=A39IBJ37TRP1C6&qid=1774741003&refinements=p_36%3A19500-20000&s=merchant-items&sr=1-39&xpid=4ig3QMQGcGEkj#customerReviews,"Sasaki M-207BRM-F Rhythmic Gymnastics Tools, Ball, International Gymnastics Federation Certified, Japan Gymnastics Association Certified, Metia Ball, Diameter 7.3 inches (18.5 cm)"
B09RPVVYBW,,,,
B07MCKT4TZ,,196.33,https://www.amazon.com.au/Edoten-Summer-Cotton-Original-Printing/dp/B07MCKT4TZ/ref=sr_1_40?dib=eyJ2IjoiMSJ9.uefFh0lZRR4wwOxwnw9874fwef0BX0k-IKMjPYNcX0GGukz_0vGklTAh4Pb6G9yoU9Ijm8E7jW7FFku0_tHHdcR0CcsI7bABQ_pGYm5MVAwtfKh2ape6AewfPPU-oJhNiCCx3XSVYU2WvdfJ0V81QyrO25REtJ-Bi4q3d20cauw.75R7Mutd3XW0ybTfgebIfnluaoRKGrWbyLU-NLknNFU&dib_tag=se&m=A3SFQLVXY8GUH2&marketplaceID=A39IBJ37TRP1C6&qid=1774741003&refinements=p_36%3A19500-20000&s=merchant-items&sr=1-40&xpid=4ig3QMQGcGEkj#customerReviews,Edoten Japan Cool Summer 100% Cotton Jimbe Original Printing Mens
B01D8FYNPG,,196.07,https://www.amazon.com.au/trangia-Trangia-cooker-version-TR-35-5UL/dp/B01D8FYNPG/ref=sr_1_41?dib=eyJ2IjoiMSJ9.uefFh0lZRR4wwOxwnw9874fwef0BX0k-IKMjPYNcX0GGukz_0vGklTAh4Pb6G9yoU9Ijm8E7jW7FFku0_tHHdcR0CcsI7bABQ_pGYm5MVAwtfKh2ape6AewfPPU-oJhNiCCx3XSVYU2WvdfJ0V81QyrO25REtJ-Bi4q3d20cauw.75R7Mutd3XW0ybTfgebIfnluaoRKGrWbyLU-NLknNFU&dib_tag=se&m=A3SFQLVXY8GUH2&marketplaceID=A39IBJ37TRP1C6&qid=1774741003&refinements=p_36%3A19500-20000&s=merchant-items&sr=1-41&xpid=4ig3QMQGcGEkj#customerReviews,"trangia Storm Cooker, Black Version"
B01D8FYNPG,,,,
B0105F8VQO,,199.36,https://www.amazon.com.au/Buddhist-Hayashi-Rosary-Nichiren-Formula/dp/B0105F8VQO/ref=sr_1_42?dib=eyJ2IjoiMSJ9.uefFh0lZRR4wwOxwnw9874fwef0BX0k-IKMjPYNcX0GGukz_0vGklTAh4Pb6G9yoU9Ijm8E7jW7FFku0_tHHdcR0CcsI7bABQ_pGYm5MVAwtfKh2ape6AewfPPU-oJhNiCCx3XSVYU2WvdfJ0V81QyrO25REtJ-Bi4q3d20cauw.75R7Mutd3XW0ybTfgebIfnluaoRKGrWbyLU-NLknNFU&dib_tag=se&m=A3SFQLVXY8GUH2&marketplaceID=A39IBJ37TRP1C6&qid=1774741003&refinements=p_36%3A19500-20000&s=merchant-items&sr=1-42&xpid=4ig3QMQGcGEkj,Kyoto Buddhist Altar Hayashi Rosary Nichiren Long Two Seiume (for Men) Formal This Formula ## Beaded Bag Set] SM-066 Kyoto Rosary
B0105F8VQO,,,,
B0CT86DQPN,,199.05,https://www.amazon.com.au/Character-Vocal-03-Megurine-Nendoroid/dp/B0CT86DQPN/ref=sr_1_43?dib=eyJ2IjoiMSJ9.uefFh0lZRR4wwOxwnw9874fwef0BX0k-IKMjPYNcX0GGukz_0vGklTAh4Pb6G9yoU9Ijm8E7jW7FFku0_tHHdcR0CcsI7bABQ_pGYm5MVAwtfKh2ape6AewfPPU-oJhNiCCx3XSVYU2WvdfJ0V81QyrO25REtJ-Bi4q3d20cauw.75R7Mutd3XW0ybTfgebIfnluaoRKGrWbyLU-NLknNFU&dib_tag=se&m=A3SFQLVXY8GUH2&marketplaceID=A39IBJ37TRP1C6&qid=1774741003&refinements=p_36%3A19500-20000&s=merchant-items&sr=1-43&xpid=4ig3QMQGcGEkj#customerReviews,Character Vocal Series 03: Megurine Luka Nendoroid Doll Action Figure
B0BDCTWRRZ,,199.19,https://www.amazon.com.au/Spider-Man-Spider-Verse-Spider-Ham-Non-Scale-Complete/dp/B0BDCTWRRZ/ref=sr_1_49?dib=eyJ2IjoiMSJ9.D8XMikUKSmGTATmpoMXu-i_jhxm87lZ_vqXYI9kx04EPNo4EMND4pcwRc66UYAlfHZDsrpxq56xV7ii0xATFrA.gzFYBcH9cHHigB7P1szBXWZUHpFWT6NYlWkpggOFMy8&dib_tag=se&m=A3SFQLVXY8GUH2&marketplaceID=A39IBJ37TRP1C6&qid=1774741009&refinements=p_36%3A19500-20000&s=merchant-items&sr=1-49&xpid=4ig3QMQGcGEkj#customerReviews,Spider-Man: Spider-Verse SV Action Spider Gwen & Spider-Ham Non-Scale ABS & PVC Painted Complete Action Figure
B0CTMG7CBD,,195.84,https://www.amazon.com.au/Yamazaki-1745-Cleaner-Organizer-Cleaning/dp/B0CTMG7CBD/ref=sr_1_50?dib=eyJ2IjoiMSJ9.D8XMikUKSmGTATmpoMXu-i_jhxm87lZ_vqXYI9kx04EPNo4EMND4pcwRc66UYAlfHZDsrpxq56xV7ii0xATFrA.gzFYBcH9cHHigB7P1szBXWZUHpFWT6NYlWkpggOFMy8&dib_tag=se&m=A3SFQLVXY8GUH2&marketplaceID=A39IBJ37TRP1C6&qid=1774741009&refinements=p_36%3A19500-20000&s=merchant-items&sr=1-50&xpid=4ig3QMQGcGEkj#customerReviews,"Yamazaki 1745 Cleaner Tool Organizer, Brown, Approx. W 7.9 x D 5.0 x H 11.0 inches (20 x 12.7 x 28 cm), Rin Rin Rin, Cleaning, Great Storage"
B0CTMG7CBD,,,,
B0CF9TQC7M,,195.37,https://www.amazon.com.au/Ledlenser-Rechargeable-Adaptive-Technology-Headlamp/dp/B0CF9TQC7M/ref=sr_1_51?dib=eyJ2IjoiMSJ9.D8XMikUKSmGTATmpoMXu-i_jhxm87lZ_vqXYI9kx04EPNo4EMND4pcwRc66UYAlfHZDsrpxq56xV7ii0xATFrA.gzFYBcH9cHHigB7P1szBXWZUHpFWT6NYlWkpggOFMy8&dib_tag=se&m=A3SFQLVXY8GUH2&marketplaceID=A39IBJ37TRP1C6&qid=1774741009&refinements=p_36%3A19500-20000&s=merchant-items&sr=1-51&xpid=4ig3QMQGcGEkj#customerReviews,Ledlenser HF8R Core 1600lm Rechargeable IP68 Adaptive Light Beam Technology Headlamp (Black)
B0CF9TQC7M,,,,
B0DLNJQL2R,,199.14,https://www.amazon.com.au/10-1907-Gauge-Urara-3-Car-Train/dp/B0DLNJQL2R/ref=sr_1_52?dib=eyJ2IjoiMSJ9.D8XMikUKSmGTATmpoMXu-i_jhxm87lZ_vqXYI9kx04EPNo4EMND4pcwRc66UYAlfHZDsrpxq56xV7ii0xATFrA.gzFYBcH9cHHigB7P1szBXWZUHpFWT6NYlWkpggOFMy8&dib_tag=se&m=A3SFQLVXY8GUH2&marketplaceID=A39IBJ37TRP1C6&qid=1774741009&refinements=p_36%3A19500-20000&s=merchant-items&sr=1-52&xpid=4ig3QMQGcGEkj#customerReviews,KATO 10-1907 N Gauge 227 Series 500 Series Urara 3-Car Set Train Model Train
B0C6LP2NBW,,200.18,https://www.amazon.com.au/Tamashii-Nations-Figuartszero-Mitsuri-Kanroji/dp/B0C6LP2NBW/ref=sr_1_53?dib=eyJ2IjoiMSJ9.D8XMikUKSmGTATmpoMXu-i_jhxm87lZ_vqXYI9kx04EPNo4EMND4pcwRc66UYAlfHZDsrpxq56xV7ii0xATFrA.gzFYBcH9cHHigB7P1szBXWZUHpFWT6NYlWkpggOFMy8&dib_tag=se&m=A3SFQLVXY8GUH2&marketplaceID=A39IBJ37TRP1C6&qid=1774741009&refinements=p_36%3A19500-20000&s=merchant-items&sr=1-53&xpid=4ig3QMQGcGEkj#customerReviews,Tamashii Nations Figuartszero Mitsuri Kanroji
B003RLDSN0,,195.72,https://www.amazon.com.au/Crank-Brothers-Beater-Pedals-Spring/dp/B003RLDSN0/ref=sr_1_49?dib=eyJ2IjoiMSJ9.2JKAAQQaVghSCmskRipK_BBzURnboPnXB6kUYnlbOKbJFFxvc2iq8vojtxYl-0d648UV3EwurC2UarulPcjgslNw5ephhXKjWOK8mIA1kgjRw4PysxzdaKwzdo43TmX8ZX_WOQybDxXxaoVBw-zVmR_CbBxAbfCMjU0034YdYj0.EHu2rAdwSJ0CTSVnc_bWuNlrJfUCxwzVf8ZdV75325s&dib_tag=se&m=A3SFQLVXY8GUH2&marketplaceID=A39IBJ37TRP1C6&qid=1774741009&refinements=p_36%3A19500-20000&s=merchant-items&sr=1-49&xpid=4ig3QMQGcGEkj#customerReviews,Crank Brothers Egg Beater 2 Pedals
B003RLDSN0,,,,
B0CWSPZCBC,,195.58,https://www.amazon.com.au/Update-1-702-1A-Railway-Diesel-Locomotive/dp/B0CWSPZCBC/ref=sr_1_50?dib=eyJ2IjoiMSJ9.2JKAAQQaVghSCmskRipK_BBzURnboPnXB6kUYnlbOKbJFFxvc2iq8vojtxYl-0d648UV3EwurC2UarulPcjgslNw5ephhXKjWOK8mIA1kgjRw4PysxzdaKwzdo43TmX8ZX_WOQybDxXxaoVBw-zVmR_CbBxAbfCMjU0034YdYj0.EHu2rAdwSJ0CTSVnc_bWuNlrJfUCxwzVf8ZdV75325s&dib_tag=se&m=A3SFQLVXY8GUH2&marketplaceID=A39IBJ37TRP1C6&qid=1774741009&refinements=p_36%3A19500-20000&s=merchant-items&sr=1-50&xpid=4ig3QMQGcGEkj#customerReviews,KATO HO Gauge DD51 JR Cargo Update Color 1-702-1A Model Railway Diesel Locomotive
B0CWSPZCBC,,,,
B0CTZT9639,,195.54,https://www.amazon.com.au/Gauge-Yokosuka-Rapid-Attached-10-1705S/dp/B0CTZT9639/ref=sr_1_51?dib=eyJ2IjoiMSJ9.2JKAAQQaVghSCmskRipK_BBzURnboPnXB6kUYnlbOKbJFFxvc2iq8vojtxYl-0d648UV3EwurC2UarulPcjgslNw5ephhXKjWOK8mIA1kgjRw4PysxzdaKwzdo43TmX8ZX_WOQybDxXxaoVBw-zVmR_CbBxAbfCMjU0034YdYj0.EHu2rAdwSJ0CTSVnc_bWuNlrJfUCxwzVf8ZdV75325s&dib_tag=se&m=A3SFQLVXY8GUH2&marketplaceID=A39IBJ37TRP1C6&qid=1774741009&refinements=p_36%3A19500-20000&s=merchant-items&sr=1-51&xpid=4ig3QMQGcGEkj#customerReviews,KATO N Gauge E235 Series 1000 Series Yokosuka Sobu Rapid Line Attached Set 4 Car 10-1705S Train Model Train
B0CTZT9639,,,,
B0CZWSB22Y,,198.5,https://www.amazon.com.au/Gauge-Yokosuka-Attached-10-1979-Railway/dp/B0CZWSB22Y/ref=sr_1_52?dib=eyJ2IjoiMSJ9.2JKAAQQaVghSCmskRipK_BBzURnboPnXB6kUYnlbOKbJFFxvc2iq8vojtxYl-0d648UV3EwurC2UarulPcjgslNw5ephhXKjWOK8mIA1kgjRw4PysxzdaKwzdo43TmX8ZX_WOQybDxXxaoVBw-zVmR_CbBxAbfCMjU0034YdYj0.EHu2rAdwSJ0CTSVnc_bWuNlrJfUCxwzVf8ZdV75325s&dib_tag=se&m=A3SFQLVXY8GUH2&marketplaceID=A39IBJ37TRP1C6&qid=1774741009&refinements=p_36%3A19500-20000&s=merchant-items&sr=1-52&xpid=4ig3QMQGcGEkj#customerReviews,"KATO N Gauge E217 Series Yokosuka and Sobu Rapid Line, 4 Car Attached Set 10-1979 Railway Model Train"
B0CZWSB22Y,,,,
B0834CRYJG,,198.98,https://www.amazon.com.au/KATO-10-1603-Tricolor-Railway-Freight/dp/B0834CRYJG/ref=sr_1_53?dib=eyJ2IjoiMSJ9.2JKAAQQaVghSCmskRipK_BBzURnboPnXB6kUYnlbOKbJFFxvc2iq8vojtxYl-0d648UV3EwurC2UarulPcjgslNw5ephhXKjWOK8mIA1kgjRw4PysxzdaKwzdo43TmX8ZX_WOQybDxXxaoVBw-zVmR_CbBxAbfCMjU0034YdYj0.EHu2rAdwSJ0CTSVnc_bWuNlrJfUCxwzVf8ZdV75325s&dib_tag=se&m=A3SFQLVXY8GUH2&marketplaceID=A39IBJ37TRP1C6&qid=1774741009&refinements=p_36%3A19500-20000&s=merchant-items&sr=1-53&xpid=4ig3QMQGcGEkj#customerReviews,KATO 10-1603 N Gauge K5000 Tricolor Color Set of 8 Railway Model Freight Car
B0834CRYJG,,,,
B0C1B3CVQ3,,195.36,https://www.amazon.com.au/Takara-Diaclone-Garda-Versalter-Lifter/dp/B0C1B3CVQ3/ref=sr_1_54?dib=eyJ2IjoiMSJ9.2JKAAQQaVghSCmskRipK_BBzURnboPnXB6kUYnlbOKbJFFxvc2iq8vojtxYl-0d648UV3EwurC2UarulPcjgslNw5ephhXKjWOK8mIA1kgjRw4PysxzdaKwzdo43TmX8ZX_WOQybDxXxaoVBw-zVmR_CbBxAbfCMjU0034YdYj0.EHu2rAdwSJ0CTSVnc_bWuNlrJfUCxwzVf8ZdV75325s&dib_tag=se&m=A3SFQLVXY8GUH2&marketplaceID=A39IBJ37TRP1C6&qid=1774741009&refinements=p_36%3A19500-20000&s=merchant-items&sr=1-54&xpid=4ig3QMQGcGEkj#customerReviews,Takara Tomy Diaclone Garda Versalter Gyro Lifter Unit
B0C1B3CVQ3,,,,
B07KGJXFC5,,199.24,https://www.amazon.com.au/TONE-Angle-9-5mm-TSA3170-Contents/dp/B07KGJXFC5/ref=sr_1_55?dib=eyJ2IjoiMSJ9.2JKAAQQaVghSCmskRipK_BBzURnboPnXB6kUYnlbOKbJFFxvc2iq8vojtxYl-0d648UV3EwurC2UarulPcjgslNw5ephhXKjWOK8mIA1kgjRw4PysxzdaKwzdo43TmX8ZX_WOQybDxXxaoVBw-zVmR_CbBxAbfCMjU0034YdYj0.EHu2rAdwSJ0CTSVnc_bWuNlrJfUCxwzVf8ZdV75325s&dib_tag=se&m=A3SFQLVXY8GUH2&marketplaceID=A39IBJ37TRP1C6&qid=1774741009&refinements=p_36%3A19500-20000&s=merchant-items&sr=1-55&xpid=4ig3QMQGcGEkj#customerReviews,"Tone TSA3170 Tool Bag Set, 0.37 inch (9.5 mm) Insertion Angle & Bit Insertion (3/8 Inch & Bit Insert) Black, 27 Pieces"
B07KGJXFC5,,,,
B0CTZC25NF,,195.94,https://www.amazon.com.au/Kato-10-1541-787-Around-Kyushu/dp/B0CTZC25NF/ref=sr_1_56?dib=eyJ2IjoiMSJ9.2JKAAQQaVghSCmskRipK_BBzURnboPnXB6kUYnlbOKbJFFxvc2iq8vojtxYl-0d648UV3EwurC2UarulPcjgslNw5ephhXKjWOK8mIA1kgjRw4PysxzdaKwzdo43TmX8ZX_WOQybDxXxaoVBw-zVmR_CbBxAbfCMjU0034YdYj0.EHu2rAdwSJ0CTSVnc_bWuNlrJfUCxwzVf8ZdV75325s&dib_tag=se&m=A3SFQLVXY8GUH2&marketplaceID=A39IBJ37TRP1C6&qid=1774741009&refinements=p_36%3A19500-20000&s=merchant-items&sr=1-56&xpid=4ig3QMQGcGEkj#customerReviews,Kato N Series 787 Around Kyushu 4 car
B0CTZC25NF,,,,
B00JNH46OW,,195.95,https://www.amazon.com.au/PB-Swiss-212ZLH-12RB-212ZLH-12-RB/dp/B00JNH46OW/ref=sr_1_57?dib=eyJ2IjoiMSJ9.2JKAAQQaVghSCmskRipK_BBzURnboPnXB6kUYnlbOKbJFFxvc2iq8vojtxYl-0d648UV3EwurC2UarulPcjgslNw5ephhXKjWOK8mIA1kgjRw4PysxzdaKwzdo43TmX8ZX_WOQybDxXxaoVBw-zVmR_CbBxAbfCMjU0034YdYj0.EHu2rAdwSJ0CTSVnc_bWuNlrJfUCxwzVf8ZdV75325s&dib_tag=se&m=A3SFQLVXY8GUH2&marketplaceID=A39IBJ37TRP1C6&qid=1774741009&refinements=p_36%3A19500-20000&s=merchant-items&sr=1-57&xpid=4ig3QMQGcGEkj#customerReviews,"PB SWISS TOOLS 12-Piece Rainbow Colored 1/2"" to 5/16"" Hex Wrench Set"
B00JNH46OW,,,,
B0CJRFT5H3,,195.54,https://www.amazon.com.au/Max-Factory-Rebuild-Evangelion-Ayanami/dp/B0CJRFT5H3/ref=sr_1_58?dib=eyJ2IjoiMSJ9.2JKAAQQaVghSCmskRipK_BBzURnboPnXB6kUYnlbOKbJFFxvc2iq8vojtxYl-0d648UV3EwurC2UarulPcjgslNw5ephhXKjWOK8mIA1kgjRw4PysxzdaKwzdo43TmX8ZX_WOQybDxXxaoVBw-zVmR_CbBxAbfCMjU0034YdYj0.EHu2rAdwSJ0CTSVnc_bWuNlrJfUCxwzVf8ZdV75325s&dib_tag=se&m=A3SFQLVXY8GUH2&marketplaceID=A39IBJ37TRP1C6&qid=1774741009&refinements=p_36%3A19500-20000&s=merchant-items&sr=1-58&xpid=4ig3QMQGcGEkj#customerReviews,Max Factory - Rebuild of Evangelion - Plamax - Rei Ayanami Model Kit
B0CJRFT5H3,,,,
B0002CZXO4,,199.42,https://www.amazon.com.au/Vandoren-CM308-Traditional-Clarinet-Mouthpiece/dp/B0002CZXO4/ref=sr_1_59?dib=eyJ2IjoiMSJ9.2JKAAQQaVghSCmskRipK_BBzURnboPnXB6kUYnlbOKbJFFxvc2iq8vojtxYl-0d648UV3EwurC2UarulPcjgslNw5ephhXKjWOK8mIA1kgjRw4PysxzdaKwzdo43TmX8ZX_WOQybDxXxaoVBw-zVmR_CbBxAbfCMjU0034YdYj0.EHu2rAdwSJ0CTSVnc_bWuNlrJfUCxwzVf8ZdV75325s&dib_tag=se&m=A3SFQLVXY8GUH2&marketplaceID=A39IBJ37TRP1C6&qid=1774741009&refinements=p_36%3A19500-20000&s=merchant-items&sr=1-59&xpid=4ig3QMQGcGEkj#customerReviews,"Vandoren B45 BB Flat Clarinet Mouthpiece, Black"
B0002CZXO4,,,,
B0BNVK8D8Z,,199.52,https://www.amazon.com.au/Deda-ZERO100-POLISH-Handle-Cycle/dp/B0BNVK8D8Z/ref=sr_1_65?dib=eyJ2IjoiMSJ9.wYHONrEhygVYfC4dR-hzh3tzBEewgeggD1GCU7myKHZ_te1TndJq80kRxh-EdDLVxDONzTDrzN3-VgUyus7PyA.gwKW30dNe7kHJlMDan5S6TXmxIe7tSJwptrEl7iY8Ms&dib_tag=se&m=A3SFQLVXY8GUH2&marketplaceID=A39IBJ37TRP1C6&qid=1774741014&refinements=p_36%3A19500-20000&s=merchant-items&sr=1-65&xpid=4ig3QMQGcGEkj,Deda ZERO100 RHM SIL POLISH 31.7/420 Handle Cycle Parts
B0BNVK8D8Z,,,,
B0BBNDQG7Z,,199.1,https://www.amazon.com.au/Suqqu-Compact-Foundation-Medium-refill/dp/B0BBNDQG7Z/ref=sr_1_66?dib=eyJ2IjoiMSJ9.wYHONrEhygVYfC4dR-hzh3tzBEewgeggD1GCU7myKHZ_te1TndJq80kRxh-EdDLVxDONzTDrzN3-VgUyus7PyA.gwKW30dNe7kHJlMDan5S6TXmxIe7tSJwptrEl7iY8Ms&dib_tag=se&m=A3SFQLVXY8GUH2&marketplaceID=A39IBJ37TRP1C6&qid=1774741014&refinements=p_36%3A19500-20000&s=merchant-items&sr=1-66&xpid=4ig3QMQGcGEkj#customerReviews,Suqqu Glow Cream Compact Foundation 20 Medium (refill + case) Japan
B0BBNDQG7Z,,,,
B09ZQGSJFC,,195.85,https://www.amazon.com.au/Knipex-Cobolt-Compact-Bolt-Cutter/dp/B09ZQGSJFC/ref=sr_1_67?dib=eyJ2IjoiMSJ9.wYHONrEhygVYfC4dR-hzh3tzBEewgeggD1GCU7myKHZ_te1TndJq80kRxh-EdDLVxDONzTDrzN3-VgUyus7PyA.gwKW30dNe7kHJlMDan5S6TXmxIe7tSJwptrEl7iY8Ms&dib_tag=se&m=A3SFQLVXY8GUH2&marketplaceID=A39IBJ37TRP1C6&qid=1774741014&refinements=p_36%3A19500-20000&s=merchant-items&sr=1-67&xpid=4ig3QMQGcGEkj#customerReviews,Knipex Cobolt Compact Bolt Cutter
B09ZQGSJFC,,,,
B06ZY11YVP,,196.7,https://www.amazon.com.au/purchase-Moony-material-Refill-sheets/dp/B06ZY11YVP/ref=sr_1_68?dib=eyJ2IjoiMSJ9.wYHONrEhygVYfC4dR-hzh3tzBEewgeggD1GCU7myKHZ_te1TndJq80kRxh-EdDLVxDONzTDrzN3-VgUyus7PyA.gwKW30dNe7kHJlMDan5S6TXmxIe7tSJwptrEl7iY8Ms&dib_tag=se&m=A3SFQLVXY8GUH2&marketplaceID=A39IBJ37TRP1C6&qid=1774741014&refinements=p_36%3A19500-20000&s=merchant-items&sr=1-68&xpid=4ig3QMQGcGEkj#customerReviews,(Bulk purchase) Moony wipe Soft material 99% pure water Refill 640 sheets (80 sheets x 8) (x 2 pieces)
B06ZY11YVP,,,,
B08981LQND,,199.78,https://www.amazon.com.au/Dragon-Ball-Namekian-Tamashii-NationsS-H/dp/B08981LQND/ref=sr_1_69?dib=eyJ2IjoiMSJ9.wYHONrEhygVYfC4dR-hzh3tzBEewgeggD1GCU7myKHZ_te1TndJq80kRxh-EdDLVxDONzTDrzN3-VgUyus7PyA.gwKW30dNe7kHJlMDan5S6TXmxIe7tSJwptrEl7iY8Ms&dib_tag=se&m=A3SFQLVXY8GUH2&marketplaceID=A39IBJ37TRP1C6&qid=1774741014&refinements=p_36%3A19500-20000&s=merchant-items&sr=1-69&xpid=4ig3QMQGcGEkj#customerReviews,Tamashii Nations Dragon Ball Z: Piccolo The Proud Namekian - Bandai S.H. Figuarts
B0037LG6BQ,,199.02,https://www.amazon.com.au/Hohner-32O-32-Key-Piano-Style-Melodica/dp/B0037LG6BQ/ref=sr_1_65?dib=eyJ2IjoiMSJ9.vLxgE7HsxQDAqpvgGhDzwCGbM5y8q4Jf7wZTCtkzfDBJBqJojjhQ6bzy-Q6AKmeeTTY5OmYoves2l1N3UVe0IJVBNpm3BREaEBHnn0bqeM4qhF6phJOkk5ikYXVJCMqfMAzsB5kHvyHosA2ToC-tWgBSgiKK3ldenUj3-ES7R0A.gHXg1C7ZBr9I0XO8nNvKYBZBClLlvmcz7OSMRIyoLgc&dib_tag=se&m=A3SFQLVXY8GUH2&marketplaceID=A39IBJ37TRP1C6&qid=1774741014&refinements=p_36%3A19500-20000&s=merchant-items&sr=1-65&xpid=4ig3QMQGcGEkj#customerReviews,"Hohner 32O 32-Key Piano-Style Ocean Melodica, Blue"
B0037LG6BQ,,,,
B092M7WSLZ,,198.32,https://www.amazon.com.au/Medicos-Entertainment-Adventure-Chozokado-Abbacchio/dp/B092M7WSLZ/ref=sr_1_66?dib=eyJ2IjoiMSJ9.vLxgE7HsxQDAqpvgGhDzwCGbM5y8q4Jf7wZTCtkzfDBJBqJojjhQ6bzy-Q6AKmeeTTY5OmYoves2l1N3UVe0IJVBNpm3BREaEBHnn0bqeM4qhF6phJOkk5ikYXVJCMqfMAzsB5kHvyHosA2ToC-tWgBSgiKK3ldenUj3-ES7R0A.gHXg1C7ZBr9I0XO8nNvKYBZBClLlvmcz7OSMRIyoLgc&dib_tag=se&m=A3SFQLVXY8GUH2&marketplaceID=A39IBJ37TRP1C6&qid=1774741014&refinements=p_36%3A19500-20000&s=merchant-items&sr=1-66&xpid=4ig3QMQGcGEkj,Medicos Entertainment - JoJo's Bizarre Adventure Part5 [Golden Wind] - Chozokado [Leone Abbacchio]
B00KRSLE1O,,196.32,https://www.amazon.com.au/PB-MecaTorque-Screwdriver-without-1-0-5-0/dp/B00KRSLE1O/ref=sr_1_67?dib=eyJ2IjoiMSJ9.vLxgE7HsxQDAqpvgGhDzwCGbM5y8q4Jf7wZTCtkzfDBJBqJojjhQ6bzy-Q6AKmeeTTY5OmYoves2l1N3UVe0IJVBNpm3BREaEBHnn0bqeM4qhF6phJOkk5ikYXVJCMqfMAzsB5kHvyHosA2ToC-tWgBSgiKK3ldenUj3-ES7R0A.gHXg1C7ZBr9I0XO8nNvKYBZBClLlvmcz7OSMRIyoLgc&dib_tag=se&m=A3SFQLVXY8GUH2&marketplaceID=A39IBJ37TRP1C6&qid=1774741014&refinements=p_36%3A19500-20000&s=merchant-items&sr=1-67&xpid=4ig3QMQGcGEkj,"PB Swiss 8314 A MecaTorque Preset Torque Screwdriver Handle without a Scale Set, 1.0-5.0 Nm - 3.0 Nm"
B00KRSLE1O,,,,
B07XCP8QC2,,195.27,https://www.amazon.com.au/Mobile-Suit-Gundam-Frame-CANDY/dp/B07XCP8QC2/ref=sr_1_68?dib=eyJ2IjoiMSJ9.vLxgE7HsxQDAqpvgGhDzwCGbM5y8q4Jf7wZTCtkzfDBJBqJojjhQ6bzy-Q6AKmeeTTY5OmYoves2l1N3UVe0IJVBNpm3BREaEBHnn0bqeM4qhF6phJOkk5ikYXVJCMqfMAzsB5kHvyHosA2ToC-tWgBSgiKK3ldenUj3-ES7R0A.gHXg1C7ZBr9I0XO8nNvKYBZBClLlvmcz7OSMRIyoLgc&dib_tag=se&m=A3SFQLVXY8GUH2&marketplaceID=A39IBJ37TRP1C6&qid=1774741014&refinements=p_36%3A19500-20000&s=merchant-items&sr=1-68&xpid=4ig3QMQGcGEkj#customerReviews,Mobile Suit Gundam G Frame Z Gundam 03 (CANDY TOY)
B0C5N97FVW,,197.56,https://www.amazon.com.au/Tamashii-Nations-Kamen-Rider-Zombie/dp/B0C5N97FVW/ref=sr_1_69?dib=eyJ2IjoiMSJ9.vLxgE7HsxQDAqpvgGhDzwCGbM5y8q4Jf7wZTCtkzfDBJBqJojjhQ6bzy-Q6AKmeeTTY5OmYoves2l1N3UVe0IJVBNpm3BREaEBHnn0bqeM4qhF6phJOkk5ikYXVJCMqfMAzsB5kHvyHosA2ToC-tWgBSgiKK3ldenUj3-ES7R0A.gHXg1C7ZBr9I0XO8nNvKYBZBClLlvmcz7OSMRIyoLgc&dib_tag=se&m=A3SFQLVXY8GUH2&marketplaceID=A39IBJ37TRP1C6&qid=1774741014&refinements=p_36%3A19500-20000&s=merchant-items&sr=1-69&xpid=4ig3QMQGcGEkj#customerReviews,Tamashii Nations Kamen Rider Geats Kamen Rider Buffa Zombie Form - Bandai Spirits S.H.Figuarts
B0C3ZG7QGQ,,199.3,https://www.amazon.com.au/Sentinel-Original-Character-Maid-Statue/dp/B0C3ZG7QGQ/ref=sr_1_70?dib=eyJ2IjoiMSJ9.vLxgE7HsxQDAqpvgGhDzwCGbM5y8q4Jf7wZTCtkzfDBJBqJojjhQ6bzy-Q6AKmeeTTY5OmYoves2l1N3UVe0IJVBNpm3BREaEBHnn0bqeM4qhF6phJOkk5ikYXVJCMqfMAzsB5kHvyHosA2ToC-tWgBSgiKK3ldenUj3-ES7R0A.gHXg1C7ZBr9I0XO8nNvKYBZBClLlvmcz7OSMRIyoLgc&dib_tag=se&m=A3SFQLVXY8GUH2&marketplaceID=A39IBJ37TRP1C6&qid=1774741014&refinements=p_36%3A19500-20000&s=merchant-items&sr=1-70&xpid=4ig3QMQGcGEkj#customerReviews,Sentinel Original Character PVC Cat Maid Statue 15 cm
B0DT8MVFLC,,197.49,https://www.amazon.com.au/BANDAI-IDOLiSH7-Metal-Card-Collection/dp/B0DT8MVFLC/ref=sr_1_71?dib=eyJ2IjoiMSJ9.vLxgE7HsxQDAqpvgGhDzwCGbM5y8q4Jf7wZTCtkzfDBJBqJojjhQ6bzy-Q6AKmeeTTY5OmYoves2l1N3UVe0IJVBNpm3BREaEBHnn0bqeM4qhF6phJOkk5ikYXVJCMqfMAzsB5kHvyHosA2ToC-tWgBSgiKK3ldenUj3-ES7R0A.gHXg1C7ZBr9I0XO8nNvKYBZBClLlvmcz7OSMRIyoLgc&dib_tag=se&m=A3SFQLVXY8GUH2&marketplaceID=A39IBJ37TRP1C6&qid=1774741014&refinements=p_36%3A19500-20000&s=merchant-items&sr=1-71&xpid=4ig3QMQGcGEkj#customerReviews,BANDAI IDOLiSH7 Metal Card Collection 24 (Pack Box) 24 Pack
B001MS96FY,,196.43,https://www.amazon.com.au/AutoSock-Slip-Resistant-Regulations-Compliant-Performance/dp/B001MS96FY/ref=sr_1_72?dib=eyJ2IjoiMSJ9.vLxgE7HsxQDAqpvgGhDzwCGbM5y8q4Jf7wZTCtkzfDBJBqJojjhQ6bzy-Q6AKmeeTTY5OmYoves2l1N3UVe0IJVBNpm3BREaEBHnn0bqeM4qhF6phJOkk5ikYXVJCMqfMAzsB5kHvyHosA2ToC-tWgBSgiKK3ldenUj3-ES7R0A.gHXg1C7ZBr9I0XO8nNvKYBZBClLlvmcz7OSMRIyoLgc&dib_tag=se&m=A3SFQLVXY8GUH2&marketplaceID=A39IBJ37TRP1C6&qid=1774741014&refinements=p_36%3A19500-20000&s=merchant-items&sr=1-72&xpid=4ig3QMQGcGEkj#customerReviews,AutoSock ASK685 Cloth Tire Slip-Resistant Chain Regulations Compliant Auto Sock High Performance Genuine Product
B001MS96FY,,,,
B08BNLN5YQ,,196.65,https://www.amazon.com.au/Xezo-Incognito-Serialized-Rollerball-Forest/dp/B08BNLN5YQ/ref=sr_1_73?dib=eyJ2IjoiMSJ9.vLxgE7HsxQDAqpvgGhDzwCGbM5y8q4Jf7wZTCtkzfDBJBqJojjhQ6bzy-Q6AKmeeTTY5OmYoves2l1N3UVe0IJVBNpm3BREaEBHnn0bqeM4qhF6phJOkk5ikYXVJCMqfMAzsB5kHvyHosA2ToC-tWgBSgiKK3ldenUj3-ES7R0A.gHXg1C7ZBr9I0XO8nNvKYBZBClLlvmcz7OSMRIyoLgc&dib_tag=se&m=A3SFQLVXY8GUH2&marketplaceID=A39IBJ37TRP1C6&qid=1774741014&refinements=p_36%3A19500-20000&s=merchant-items&sr=1-73&xpid=4ig3QMQGcGEkj#customerReviews,"Xezo Incognito Rollerball Pen, Fine Point. Forest Green Color with Pure Platinum Plating. Handcrafted, Limited Edition, Serialized"
B08BNLN5YQ,,,,
B07QQB6X59,,196.2,https://www.amazon.com.au/Avengers-Infinity-Doctor-Strange-NENDOROID/dp/B07QQB6X59/ref=sr_1_74?dib=eyJ2IjoiMSJ9.vLxgE7HsxQDAqpvgGhDzwCGbM5y8q4Jf7wZTCtkzfDBJBqJojjhQ6bzy-Q6AKmeeTTY5OmYoves2l1N3UVe0IJVBNpm3BREaEBHnn0bqeM4qhF6phJOkk5ikYXVJCMqfMAzsB5kHvyHosA2ToC-tWgBSgiKK3ldenUj3-ES7R0A.gHXg1C7ZBr9I0XO8nNvKYBZBClLlvmcz7OSMRIyoLgc&dib_tag=se&m=A3SFQLVXY8GUH2&marketplaceID=A39IBJ37TRP1C6&qid=1774741014&refinements=p_36%3A19500-20000&s=merchant-items&sr=1-74&xpid=4ig3QMQGcGEkj#customerReviews,Avengers Infinity WAR Doctor Strange NENDOROID AF DLX VER
B07KRH6QBX,,197.92,https://www.amazon.com.au/Wera-Kraftform-Kompakt-Interchangeable-Screwdriver/dp/B07KRH6QBX/ref=sr_1_75?dib=eyJ2IjoiMSJ9.vLxgE7HsxQDAqpvgGhDzwCGbM5y8q4Jf7wZTCtkzfDBJBqJojjhQ6bzy-Q6AKmeeTTY5OmYoves2l1N3UVe0IJVBNpm3BREaEBHnn0bqeM4qhF6phJOkk5ikYXVJCMqfMAzsB5kHvyHosA2ToC-tWgBSgiKK3ldenUj3-ES7R0A.gHXg1C7ZBr9I0XO8nNvKYBZBClLlvmcz7OSMRIyoLgc&dib_tag=se&m=A3SFQLVXY8GUH2&marketplaceID=A39IBJ37TRP1C6&qid=1774741014&refinements=p_36%3A19500-20000&s=merchant-items&sr=1-75&xpid=4ig3QMQGcGEkj#customerReviews,"Wera 05059030001 Kraftform Kompakt VDE 17 Universal 1, 17 Piece"
B07KRH6QBX,,,,
B0B291VZS7,,195.78,https://www.amazon.com.au/TAKARA-TOMY-Limited-Diaclone-Versalter/dp/B0B291VZS7/ref=sr_1_81?dib=eyJ2IjoiMSJ9.wuY43Wxx-gzDYVh1VPwv1_HXucGSNSrD0ZmcwcCugX5yCaBiyD8SCDbIcrajF_Cvjw8V5U9acIRYK7qQAo1O0w.BSAOAHRgIZmJ73R9ol7BOESGemfykmk95bk-r6P7Sck&dib_tag=se&m=A3SFQLVXY8GUH2&marketplaceID=A39IBJ37TRP1C6&qid=1774741019&refinements=p_36%3A19500-20000&s=merchant-items&sr=1-81&xpid=4ig3QMQGcGEkj#customerReviews,TAKARA TOMY Mall Limited Diaclone Gamma Versalter (Airbone Unit) Space Marine Corps Ver
B0B291VZS7,,,,
B08W56YWVS,,195.46,https://www.amazon.com.au/Daiwa-%CE%B1160CH-Light-Holder-Dark/dp/B08W56YWVS/ref=sr_1_82?dib=eyJ2IjoiMSJ9.wuY43Wxx-gzDYVh1VPwv1_HXucGSNSrD0ZmcwcCugX5yCaBiyD8SCDbIcrajF_Cvjw8V5U9acIRYK7qQAo1O0w.BSAOAHRgIZmJ73R9ol7BOESGemfykmk95bk-r6P7Sck&dib_tag=se&m=A3SFQLVXY8GUH2&marketplaceID=A39IBJ37TRP1C6&qid=1774741019&refinements=p_36%3A19500-20000&s=merchant-items&sr=1-82&xpid=4ig3QMQGcGEkj#customerReviews,Daiwa α160CH Light Holder
B08W56YWVS,,,,
B08VJ7GNHW,,199.8,https://www.amazon.com.au/KATO-10-1372-Number-Sangyu-Railway/dp/B08VJ7GNHW/ref=sr_1_83?dib=eyJ2IjoiMSJ9.wuY43Wxx-gzDYVh1VPwv1_HXucGSNSrD0ZmcwcCugX5yCaBiyD8SCDbIcrajF_Cvjw8V5U9acIRYK7qQAo1O0w.BSAOAHRgIZmJ73R9ol7BOESGemfykmk95bk-r6P7Sck&dib_tag=se&m=A3SFQLVXY8GUH2&marketplaceID=A39IBJ37TRP1C6&qid=1774741019&refinements=p_36%3A19500-20000&s=merchant-items&sr=1-83&xpid=4ig3QMQGcGEkj#customerReviews,KATO 10-1372 N Gauge Kiha 25 Type 1500 Number Kise Main Line and Sangyu Line Set of 2 Railway Model Diesel Car
B07TTJ1HXJ,,199.92,https://www.amazon.com.au/Genuine-Cellutate-LT2500-H-Number-00060047128D03/dp/B07TTJ1HXJ/ref=sr_1_84?dib=eyJ2IjoiMSJ9.wuY43Wxx-gzDYVh1VPwv1_HXucGSNSrD0ZmcwcCugX5yCaBiyD8SCDbIcrajF_Cvjw8V5U9acIRYK7qQAo1O0w.BSAOAHRgIZmJ73R9ol7BOESGemfykmk95bk-r6P7Sck&dib_tag=se&m=A3SFQLVXY8GUH2&marketplaceID=A39IBJ37TRP1C6&qid=1774741019&refinements=p_36%3A19500-20000&s=merchant-items&sr=1-84&xpid=4ig3QMQGcGEkj#customerReviews,Daiwa Genuine Part 19 Cellutate LT2500-H Spool (2-12) Part Number 9 Part Code 128D03 00060047128D03
B07TTJ1HXJ,,,,
B07DP8S5NQ,,196.29,https://www.amazon.com.au/Tomytec-Little-Armory-Toyosaki-Action/dp/B07DP8S5NQ/ref=sr_1_85?dib=eyJ2IjoiMSJ9.wuY43Wxx-gzDYVh1VPwv1_HXucGSNSrD0ZmcwcCugX5yCaBiyD8SCDbIcrajF_Cvjw8V5U9acIRYK7qQAo1O0w.BSAOAHRgIZmJ73R9ol7BOESGemfykmk95bk-r6P7Sck&dib_tag=se&m=A3SFQLVXY8GUH2&marketplaceID=A39IBJ37TRP1C6&qid=1774741019&refinements=p_36%3A19500-20000&s=merchant-items&sr=1-85&xpid=4ig3QMQGcGEkj#customerReviews,Tomytec Little Armory: ENA Toyosaki Figma Action Figure
B005I7HUMG,,198.97,https://www.amazon.com.au/Ko-ken-3285ZE-Socket-Wrench-Insertion/dp/B005I7HUMG/ref=sr_1_81?dib=eyJ2IjoiMSJ9.mzLXV8sssu3q9cE6bb1p55rPdlTyTyMZGIiKllOKyXK9thxI-n9Z0RCyhf6XoX7VK-wFTWAkUHFHSH4DXiQiu3LbKxaR7qvoh5MpoiESIri9Q2-JrRGHQJhut7rFY5DZ76nI0KZME7jJPpD82kHlDE-Ik9JQLLklsylfrkYnuOE.LFj2DMMlR1eigpazzDZbNx3OUSfYc4TOkzDaB76vfYg&dib_tag=se&m=A3SFQLVXY8GUH2&marketplaceID=A39IBJ37TRP1C6&qid=1774741019&refinements=p_36%3A19500-20000&s=merchant-items&sr=1-81&xpid=4ig3QMQGcGEkj#customerReviews,"Yamashita Industrial Laboratory (Ko-ken) Socket Wrench Entry Set, Z-EAL 3285ZE 9 Pieces, Insertion Angle: 0.37 inches (9.5 mm), Set of 9"
B005I7HUMG,,,,
B0BBM67YWC,,196.65,https://www.amazon.com.au/Good-Smile-Company-Ssss-Gridman-Moderoid/dp/B0BBM67YWC/ref=sr_1_82?dib=eyJ2IjoiMSJ9.mzLXV8sssu3q9cE6bb1p55rPdlTyTyMZGIiKllOKyXK9thxI-n9Z0RCyhf6XoX7VK-wFTWAkUHFHSH4DXiQiu3LbKxaR7qvoh5MpoiESIri9Q2-JrRGHQJhut7rFY5DZ76nI0KZME7jJPpD82kHlDE-Ik9JQLLklsylfrkYnuOE.LFj2DMMlR1eigpazzDZbNx3OUSfYc4TOkzDaB76vfYg&dib_tag=se&m=A3SFQLVXY8GUH2&marketplaceID=A39IBJ37TRP1C6&qid=1774741019&refinements=p_36%3A19500-20000&s=merchant-items&sr=1-82&xpid=4ig3QMQGcGEkj#customerReviews,Good Smile Company - Ssss.Gridman - Moderoid Full Power Gridman Model Kit
B09RX1R2RS,,198.21,https://www.amazon.com.au/Leki-Womens-Hiking-Anthracite-90-125/dp/B09RX1R2RS/ref=sr_1_83?dib=eyJ2IjoiMSJ9.mzLXV8sssu3q9cE6bb1p55rPdlTyTyMZGIiKllOKyXK9thxI-n9Z0RCyhf6XoX7VK-wFTWAkUHFHSH4DXiQiu3LbKxaR7qvoh5MpoiESIri9Q2-JrRGHQJhut7rFY5DZ76nI0KZME7jJPpD82kHlDE-Ik9JQLLklsylfrkYnuOE.LFj2DMMlR1eigpazzDZbNx3OUSfYc4TOkzDaB76vfYg&dib_tag=se&m=A3SFQLVXY8GUH2&marketplaceID=A39IBJ37TRP1C6&qid=1774741019&refinements=p_36%3A19500-20000&s=merchant-items&sr=1-83&xpid=4ig3QMQGcGEkj#customerReviews,LEKI Lhasa Aluminum Adjustable Lightweight Walking Poles for Trekking & Hiking
B09RX1R2RS,,,,
B0977T9G22,,197.86,https://www.amazon.com.au/Ichiban-Lancer-Caenis-Lostbelt-Ichibansho/dp/B0977T9G22/ref=sr_1_84?dib=eyJ2IjoiMSJ9.mzLXV8sssu3q9cE6bb1p55rPdlTyTyMZGIiKllOKyXK9thxI-n9Z0RCyhf6XoX7VK-wFTWAkUHFHSH4DXiQiu3LbKxaR7qvoh5MpoiESIri9Q2-JrRGHQJhut7rFY5DZ76nI0KZME7jJPpD82kHlDE-Ik9JQLLklsylfrkYnuOE.LFj2DMMlR1eigpazzDZbNx3OUSfYc4TOkzDaB76vfYg&dib_tag=se&m=A3SFQLVXY8GUH2&marketplaceID=A39IBJ37TRP1C6&qid=1774741019&refinements=p_36%3A19500-20000&s=merchant-items&sr=1-84&xpid=4ig3QMQGcGEkj#customerReviews,"Ichiban - Fate/Grand Order - Lancer/Caenis (Cosmos in The Lostbelt), Bandai Ichibansho Figure"
B091DZR4JZ,,198.85,https://www.amazon.com.au/300002-Hino-Carbon-Cypress-Japanese-Corners/dp/B091DZR4JZ/ref=sr_1_85?dib=eyJ2IjoiMSJ9.mzLXV8sssu3q9cE6bb1p55rPdlTyTyMZGIiKllOKyXK9thxI-n9Z0RCyhf6XoX7VK-wFTWAkUHFHSH4DXiQiu3LbKxaR7qvoh5MpoiESIri9Q2-JrRGHQJhut7rFY5DZ76nI0KZME7jJPpD82kHlDE-Ik9JQLLklsylfrkYnuOE.LFj2DMMlR1eigpazzDZbNx3OUSfYc4TOkzDaB76vfYg&dib_tag=se&m=A3SFQLVXY8GUH2&marketplaceID=A39IBJ37TRP1C6&qid=1774741019&refinements=p_36%3A19500-20000&s=merchant-items&sr=1-85&xpid=4ig3QMQGcGEkj#customerReviews,"Victas Hino-Carbon Table Tennis Racket, Cypress Carbon Attack Japanese Style Pen Holder"
B091DZR4JZ,,,,
B08GBTJ1VY,,198.46,https://www.amazon.com.au/Yamazaki-Industries-4837-Microwave-Condiment/dp/B08GBTJ1VY/ref=sr_1_86?dib=eyJ2IjoiMSJ9.mzLXV8sssu3q9cE6bb1p55rPdlTyTyMZGIiKllOKyXK9thxI-n9Z0RCyhf6XoX7VK-wFTWAkUHFHSH4DXiQiu3LbKxaR7qvoh5MpoiESIri9Q2-JrRGHQJhut7rFY5DZ76nI0KZME7jJPpD82kHlDE-Ik9JQLLklsylfrkYnuOE.LFj2DMMlR1eigpazzDZbNx3OUSfYc4TOkzDaB76vfYg&dib_tag=se&m=A3SFQLVXY8GUH2&marketplaceID=A39IBJ37TRP1C6&qid=1774741019&refinements=p_36%3A19500-20000&s=merchant-items&sr=1-86&xpid=4ig3QMQGcGEkj#customerReviews,"Yamazaki 4837 Microwave Food Seasoning Rack, 3 Tiers, Black, Approx. W 10.8 x D 5.5 x H 22.4 inches (27.5 x 14 x 57 cm), Tower Tower Large Capacity, Kitchen Rack with Silicone Mat"
B08GBTJ1VY,,,,
B0C13KX5FV,,196.53,https://www.amazon.com.au/KATO-N%E3%82%B2%E3%83%BC%E3%82%B8-%E9%AB%98%E5%B4%8E%E9%81%8B%E8%BB%A2%E6%89%80-3095-%E9%9B%BB%E6%B0%97%E6%A9%9F%E9%96%A2%E8%BB%8A/dp/B0C13KX5FV/ref=sr_1_87?dib=eyJ2IjoiMSJ9.mzLXV8sssu3q9cE6bb1p55rPdlTyTyMZGIiKllOKyXK9thxI-n9Z0RCyhf6XoX7VK-wFTWAkUHFHSH4DXiQiu3LbKxaR7qvoh5MpoiESIri9Q2-JrRGHQJhut7rFY5DZ76nI0KZME7jJPpD82kHlDE-Ik9JQLLklsylfrkYnuOE.LFj2DMMlR1eigpazzDZbNx3OUSfYc4TOkzDaB76vfYg&dib_tag=se&m=A3SFQLVXY8GUH2&marketplaceID=A39IBJ37TRP1C6&qid=1774741019&refinements=p_36%3A19500-20000&s=merchant-items&sr=1-87&xpid=4ig3QMQGcGEkj#customerReviews,KATO Nゲージ EF55 高崎運転所 3095 鉄道模型 電気機関車
B0C13KX5FV,,,,
B001D2OEVU,,198.75,https://www.amazon.com.au/PB-Plastic-Hammer-Fibreglass-Non-Back/dp/B001D2OEVU/ref=sr_1_88?dib=eyJ2IjoiMSJ9.mzLXV8sssu3q9cE6bb1p55rPdlTyTyMZGIiKllOKyXK9thxI-n9Z0RCyhf6XoX7VK-wFTWAkUHFHSH4DXiQiu3LbKxaR7qvoh5MpoiESIri9Q2-JrRGHQJhut7rFY5DZ76nI0KZME7jJPpD82kHlDE-Ik9JQLLklsylfrkYnuOE.LFj2DMMlR1eigpazzDZbNx3OUSfYc4TOkzDaB76vfYg&dib_tag=se&m=A3SFQLVXY8GUH2&marketplaceID=A39IBJ37TRP1C6&qid=1774741019&refinements=p_36%3A19500-20000&s=merchant-items&sr=1-88&xpid=4ig3QMQGcGEkj#customerReviews,"PB Swiss Tools PB 303 Plastic Hammer with Fibreglass Handle, Non-Back, 100% Swiss Made, 755 g, Size 5"
B001D2OEVU,,,,
B0B23LTW4B,,197.11,https://www.amazon.com.au/Tamashi-Nations-Dragon-Spirits-S-H-Figuarts/dp/B0B23LTW4B/ref=sr_1_89?dib=eyJ2IjoiMSJ9.mzLXV8sssu3q9cE6bb1p55rPdlTyTyMZGIiKllOKyXK9thxI-n9Z0RCyhf6XoX7VK-wFTWAkUHFHSH4DXiQiu3LbKxaR7qvoh5MpoiESIri9Q2-JrRGHQJhut7rFY5DZ76nI0KZME7jJPpD82kHlDE-Ik9JQLLklsylfrkYnuOE.LFj2DMMlR1eigpazzDZbNx3OUSfYc4TOkzDaB76vfYg&dib_tag=se&m=A3SFQLVXY8GUH2&marketplaceID=A39IBJ37TRP1C6&qid=1774741019&refinements=p_36%3A19500-20000&s=merchant-items&sr=1-89&xpid=4ig3QMQGcGEkj#customerReviews,Tamashii Nations - Dragon Ball GT - S.H. Figuarts - Super Saiyan 4 Vegeta
B08Y94H6GS,,197.86,https://www.amazon.com.au/Baustein-System-Clever-Up-1-0-Begleitheft-Baumwolltasche/dp/B08Y94H6GS/ref=sr_1_90?dib=eyJ2IjoiMSJ9.mzLXV8sssu3q9cE6bb1p55rPdlTyTyMZGIiKllOKyXK9thxI-n9Z0RCyhf6XoX7VK-wFTWAkUHFHSH4DXiQiu3LbKxaR7qvoh5MpoiESIri9Q2-JrRGHQJhut7rFY5DZ76nI0KZME7jJPpD82kHlDE-Ik9JQLLklsylfrkYnuOE.LFj2DMMlR1eigpazzDZbNx3OUSfYc4TOkzDaB76vfYg&dib_tag=se&m=A3SFQLVXY8GUH2&marketplaceID=A39IBJ37TRP1C6&qid=1774741019&refinements=p_36%3A19500-20000&s=merchant-items&sr=1-90&xpid=4ig3QMQGcGEkj#customerReviews,"Baustein-System Clever-Up! 1.0: 46 Teile (24 Würfel, 8 Platten, 14 Leisten), 1 Begleitheft, 1 Baumwolltasche"
B0BN7CY7YC,,198.15,https://www.amazon.com.au/Union-Creative-Frontline-STG-940-Non-Scale/dp/B0BN7CY7YC/ref=sr_1_91?dib=eyJ2IjoiMSJ9.mzLXV8sssu3q9cE6bb1p55rPdlTyTyMZGIiKllOKyXK9thxI-n9Z0RCyhf6XoX7VK-wFTWAkUHFHSH4DXiQiu3LbKxaR7qvoh5MpoiESIri9Q2-JrRGHQJhut7rFY5DZ76nI0KZME7jJPpD82kHlDE-Ik9JQLLklsylfrkYnuOE.LFj2DMMlR1eigpazzDZbNx3OUSfYc4TOkzDaB76vfYg&dib_tag=se&m=A3SFQLVXY8GUH2&marketplaceID=A39IBJ37TRP1C6&qid=1774741019&refinements=p_36%3A19500-20000&s=merchant-items&sr=1-91&xpid=4ig3QMQGcGEkj#customerReviews,Union Creative - Girls' Frontline - STG-940 Non-Scale PVC Figure
B0CPS9QC8P,,198.15,https://www.amazon.com.au/Animation-Reproduction-Non-Scale-Unpainted-Assembly/dp/B0CPS9QC8P/ref=sr_1_97?dib=eyJ2IjoiMSJ9.dXlljxNvusnFn_86o0gZTBrgKpO3SvdfYHgE7sMBbv6sb9z-z7HwM7VN4lPsRI7d6a_Uy6MQS4OAGCrHbQCtRA.z-FZgJM_LidA15bv51KDt36HQknTeYmMplqb-aYVCuU&dib_tag=se&m=A3SFQLVXY8GUH2&marketplaceID=A39IBJ37TRP1C6&qid=1774741024&refinements=p_36%3A19500-20000&s=merchant-items&sr=1-97&xpid=4ig3QMQGcGEkj,Giant Robo The Animation Soft Vinyl Kit Reproduction Non-Scale Soft Vinyl Unpainted Assembly Kit
B08VF2CTNQ,,197.05,https://www.amazon.com.au/%E3%83%80%E3%82%A4%E3%83%AF-DAIWA-00621053-Daiwa-150PL-OP/dp/B08VF2CTNQ/ref=sr_1_98?dib=eyJ2IjoiMSJ9.dXlljxNvusnFn_86o0gZTBrgKpO3SvdfYHgE7sMBbv6sb9z-z7HwM7VN4lPsRI7d6a_Uy6MQS4OAGCrHbQCtRA.z-FZgJM_LidA15bv51KDt36HQknTeYmMplqb-aYVCuU&dib_tag=se&m=A3SFQLVXY8GUH2&marketplaceID=A39IBJ37TRP1C6&qid=1774741024&refinements=p_36%3A19500-20000&s=merchant-items&sr=1-98&xpid=4ig3QMQGcGEkj#customerReviews,Daiwa XT Double Axis Reel for Octopus 150P/150PL/150P-PE3 with Thread
B08VF2CTNQ,,,,
B07H7KKJCF,,198.61,https://www.amazon.com.au/Ergon-SR-Comp-Saddle-Medium/dp/B07H7KKJCF/ref=sr_1_99?dib=eyJ2IjoiMSJ9.dXlljxNvusnFn_86o0gZTBrgKpO3SvdfYHgE7sMBbv6sb9z-z7HwM7VN4lPsRI7d6a_Uy6MQS4OAGCrHbQCtRA.z-FZgJM_LidA15bv51KDt36HQknTeYmMplqb-aYVCuU&dib_tag=se&m=A3SFQLVXY8GUH2&marketplaceID=A39IBJ37TRP1C6&qid=1774741024&refinements=p_36%3A19500-20000&s=merchant-items&sr=1-99&xpid=4ig3QMQGcGEkj#customerReviews,Ergon SR Comp Saddle - Men's
B07H7KKJCF,,,,
B09KC6G9VZ,,198.76,https://www.amazon.com.au/Good-Smile-Company-Harmonia-Seasonal/dp/B09KC6G9VZ/ref=sr_1_100?dib=eyJ2IjoiMSJ9.dXlljxNvusnFn_86o0gZTBrgKpO3SvdfYHgE7sMBbv6sb9z-z7HwM7VN4lPsRI7d6a_Uy6MQS4OAGCrHbQCtRA.z-FZgJM_LidA15bv51KDt36HQknTeYmMplqb-aYVCuU&dib_tag=se&m=A3SFQLVXY8GUH2&marketplaceID=A39IBJ37TRP1C6&qid=1774741024&refinements=p_36%3A19500-20000&s=merchant-items&sr=1-100&xpid=4ig3QMQGcGEkj#customerReviews,Good Smile Harmonia Bloom: Seasonal Outfit Set Beatrice (Lupo Ver.)
B09916SWM5,,195.59,https://www.amazon.com.au/Good-Smile-Company-Valkyria-Chronicles/dp/B09916SWM5/ref=sr_1_101?dib=eyJ2IjoiMSJ9.dXlljxNvusnFn_86o0gZTBrgKpO3SvdfYHgE7sMBbv6sb9z-z7HwM7VN4lPsRI7d6a_Uy6MQS4OAGCrHbQCtRA.z-FZgJM_LidA15bv51KDt36HQknTeYmMplqb-aYVCuU&dib_tag=se&m=A3SFQLVXY8GUH2&marketplaceID=A39IBJ37TRP1C6&qid=1774741024&refinements=p_36%3A19500-20000&s=merchant-items&sr=1-101&xpid=4ig3QMQGcGEkj#customerReviews,"Bell Fine Valkyria Chronicles 4: Riley Miller 1:7 Scale PVC Figure,Multicolor"
B082V3JMVD,,195.87,https://www.amazon.com.au/DMC-Unite-Intruder-Barrel-2BA/dp/B082V3JMVD/ref=sr_1_97?dib=eyJ2IjoiMSJ9.jzaPZjXOumCV8R1-X0dOsXZ6HgoQrfaCcTcXxaq-nrPc8caZIQ1UiEZ7GwTU6g7_jtz3vMj4w6PXMCaFc3lmj9XwPobjV-bwfGuH92ZyVivkfq_wGGwNWaXRGjISxalMsQBForgLMvynnSRRM-H1dEMDNVHQ1IOliNJtp77F7YA.P20ZU2Eg56t275UI28e6k--2DZUxZ9WmGKLVuNDFtOA&dib_tag=se&m=A3SFQLVXY8GUH2&marketplaceID=A39IBJ37TRP1C6&qid=1774741024&refinements=p_36%3A19500-20000&s=merchant-items&sr=1-97&xpid=4ig3QMQGcGEkj#customerReviews,DMC Unite Intruder Barrel 2BA
B001O2H7KE,,195.72,https://www.amazon.com.au/Medicos-JoJos-Bizarre-Adventure-3-Stardust/dp/B001O2H7KE/ref=sr_1_98?dib=eyJ2IjoiMSJ9.jzaPZjXOumCV8R1-X0dOsXZ6HgoQrfaCcTcXxaq-nrPc8caZIQ1UiEZ7GwTU6g7_jtz3vMj4w6PXMCaFc3lmj9XwPobjV-bwfGuH92ZyVivkfq_wGGwNWaXRGjISxalMsQBForgLMvynnSRRM-H1dEMDNVHQ1IOliNJtp77F7YA.P20ZU2Eg56t275UI28e6k--2DZUxZ9WmGKLVuNDFtOA&dib_tag=se&m=A3SFQLVXY8GUH2&marketplaceID=A39IBJ37TRP1C6&qid=1774741024&refinements=p_36%3A19500-20000&s=merchant-items&sr=1-98&xpid=4ig3QMQGcGEkj,Medicos JoJo's Bizarre Adventure: Part 3--Stardust Crusaders: Jotaro Kujo Super Action Statue
B0BL2NDQB1,,199.29,https://www.amazon.com.au/DAIWA-Trout-Wise-Stream-42ULB-3/dp/B0BL2NDQB1/ref=sr_1_99?dib=eyJ2IjoiMSJ9.jzaPZjXOumCV8R1-X0dOsXZ6HgoQrfaCcTcXxaq-nrPc8caZIQ1UiEZ7GwTU6g7_jtz3vMj4w6PXMCaFc3lmj9XwPobjV-bwfGuH92ZyVivkfq_wGGwNWaXRGjISxalMsQBForgLMvynnSRRM-H1dEMDNVHQ1IOliNJtp77F7YA.P20ZU2Eg56t275UI28e6k--2DZUxZ9WmGKLVuNDFtOA&dib_tag=se&m=A3SFQLVXY8GUH2&marketplaceID=A39IBJ37TRP1C6&qid=1774741024&refinements=p_36%3A19500-20000&s=merchant-items&sr=1-99&xpid=4ig3QMQGcGEkj#customerReviews,DAIWA Trout Rod Wise Stream
B0BL2NDQB1,,,,
B09BQT414Q,,196.53,https://www.amazon.com.au/Good-Smile-Company-Succubus-Lucilia/dp/B09BQT414Q/ref=sr_1_100?dib=eyJ2IjoiMSJ9.jzaPZjXOumCV8R1-X0dOsXZ6HgoQrfaCcTcXxaq-nrPc8caZIQ1UiEZ7GwTU6g7_jtz3vMj4w6PXMCaFc3lmj9XwPobjV-bwfGuH92ZyVivkfq_wGGwNWaXRGjISxalMsQBForgLMvynnSRRM-H1dEMDNVHQ1IOliNJtp77F7YA.P20ZU2Eg56t275UI28e6k--2DZUxZ9WmGKLVuNDFtOA&dib_tag=se&m=A3SFQLVXY8GUH2&marketplaceID=A39IBJ37TRP1C6&qid=1774741024&refinements=p_36%3A19500-20000&s=merchant-items&sr=1-100&xpid=4ig3QMQGcGEkj#customerReviews,Good Smile Company - Dance of The Succubus Lucilia 1/7 PVC Figure (Mr)
B09BMXY1PV,,198.32,https://www.amazon.com.au/Bell-Fine-El-Melloi-Files-Zeppelin/dp/B09BMXY1PV/ref=sr_1_101?dib=eyJ2IjoiMSJ9.jzaPZjXOumCV8R1-X0dOsXZ6HgoQrfaCcTcXxaq-nrPc8caZIQ1UiEZ7GwTU6g7_jtz3vMj4w6PXMCaFc3lmj9XwPobjV-bwfGuH92ZyVivkfq_wGGwNWaXRGjISxalMsQBForgLMvynnSRRM-H1dEMDNVHQ1IOliNJtp77F7YA.P20ZU2Eg56t275UI28e6k--2DZUxZ9WmGKLVuNDFtOA&dib_tag=se&m=A3SFQLVXY8GUH2&marketplaceID=A39IBJ37TRP1C6&qid=1774741024&refinements=p_36%3A19500-20000&s=merchant-items&sr=1-101&xpid=4ig3QMQGcGEkj#customerReviews,"Bell Fine Lord El-Melloi II's Case Files (Rail Zeppelin) Grace Note: Reines El-Melloi Archisorte 1:8 Scale PVC Figure, Multicolor"
B01LY7MKMY,,197.04,https://www.amazon.com.au/Bandai-Spirits-RX-78-2-Gundam-N-I-M/dp/B01LY7MKMY/ref=sr_1_102?dib=eyJ2IjoiMSJ9.jzaPZjXOumCV8R1-X0dOsXZ6HgoQrfaCcTcXxaq-nrPc8caZIQ1UiEZ7GwTU6g7_jtz3vMj4w6PXMCaFc3lmj9XwPobjV-bwfGuH92ZyVivkfq_wGGwNWaXRGjISxalMsQBForgLMvynnSRRM-H1dEMDNVHQ1IOliNJtp77F7YA.P20ZU2Eg56t275UI28e6k--2DZUxZ9WmGKLVuNDFtOA&dib_tag=se&m=A3SFQLVXY8GUH2&marketplaceID=A39IBJ37TRP1C6&qid=1774741024&refinements=p_36%3A19500-20000&s=merchant-items&sr=1-102&xpid=4ig3QMQGcGEkj#customerReviews,Bandai Robot Spirits RX-78-2 Gundam Ver. A.N.I.M.E. Real Type Color of Movie Poster
B08C71RHQZ,,198.03,https://www.amazon.com.au/Good-Smile-Company-Moderoid-Pipimi/dp/B08C71RHQZ/ref=sr_1_103?dib=eyJ2IjoiMSJ9.jzaPZjXOumCV8R1-X0dOsXZ6HgoQrfaCcTcXxaq-nrPc8caZIQ1UiEZ7GwTU6g7_jtz3vMj4w6PXMCaFc3lmj9XwPobjV-bwfGuH92ZyVivkfq_wGGwNWaXRGjISxalMsQBForgLMvynnSRRM-H1dEMDNVHQ1IOliNJtp77F7YA.P20ZU2Eg56t275UI28e6k--2DZUxZ9WmGKLVuNDFtOA&dib_tag=se&m=A3SFQLVXY8GUH2&marketplaceID=A39IBJ37TRP1C6&qid=1774741024&refinements=p_36%3A19500-20000&s=merchant-items&sr=1-103&xpid=4ig3QMQGcGEkj#customerReviews,Good Smile Company Pop Team Epic Moderoid Super Pipimi Bari Mode Figure
B08J8GNJNJ,,195.04,https://www.amazon.com.au/Irwin-Industrial-Piece-Hammer-4935076/dp/B08J8GNJNJ/ref=sr_1_104?dib=eyJ2IjoiMSJ9.jzaPZjXOumCV8R1-X0dOsXZ6HgoQrfaCcTcXxaq-nrPc8caZIQ1UiEZ7GwTU6g7_jtz3vMj4w6PXMCaFc3lmj9XwPobjV-bwfGuH92ZyVivkfq_wGGwNWaXRGjISxalMsQBForgLMvynnSRRM-H1dEMDNVHQ1IOliNJtp77F7YA.P20ZU2Eg56t275UI28e6k--2DZUxZ9WmGKLVuNDFtOA&dib_tag=se&m=A3SFQLVXY8GUH2&marketplaceID=A39IBJ37TRP1C6&qid=1774741024&refinements=p_36%3A19500-20000&s=merchant-items&sr=1-104&xpid=4ig3QMQGcGEkj,Irwin Industrial Tool 5 Piece Hammer Drill Bit Set 4935076
B08J8GNJNJ,,,,
B08HR5Z7H4,,199.15,https://www.amazon.com.au/DT-Swiss-Campy-9-11sp-12x142/dp/B08HR5Z7H4/ref=sr_1_105?dib=eyJ2IjoiMSJ9.jzaPZjXOumCV8R1-X0dOsXZ6HgoQrfaCcTcXxaq-nrPc8caZIQ1UiEZ7GwTU6g7_jtz3vMj4w6PXMCaFc3lmj9XwPobjV-bwfGuH92ZyVivkfq_wGGwNWaXRGjISxalMsQBForgLMvynnSRRM-H1dEMDNVHQ1IOliNJtp77F7YA.P20ZU2Eg56t275UI28e6k--2DZUxZ9WmGKLVuNDFtOA&dib_tag=se&m=A3SFQLVXY8GUH2&marketplaceID=A39IBJ37TRP1C6&qid=1774741024&refinements=p_36%3A19500-20000&s=merchant-items&sr=1-105&xpid=4ig3QMQGcGEkj,DT Swiss Campy 9-11sp FH Body w/12x142 EC - Ratchet EXP Hubs
B08HR5Z7H4,,,,
B0BDR6N52Z,,199.77,https://www.amazon.com.au/Kyoto-Tool-KTC-ATP7014-Removal/dp/B0BDR6N52Z/ref=sr_1_106?dib=eyJ2IjoiMSJ9.jzaPZjXOumCV8R1-X0dOsXZ6HgoQrfaCcTcXxaq-nrPc8caZIQ1UiEZ7GwTU6g7_jtz3vMj4w6PXMCaFc3lmj9XwPobjV-bwfGuH92ZyVivkfq_wGGwNWaXRGjISxalMsQBForgLMvynnSRRM-H1dEMDNVHQ1IOliNJtp77F7YA.P20ZU2Eg56t275UI28e6k--2DZUxZ9WmGKLVuNDFtOA&dib_tag=se&m=A3SFQLVXY8GUH2&marketplaceID=A39IBJ37TRP1C6&qid=1774741024&refinements=p_36%3A19500-20000&s=merchant-items&sr=1-106&xpid=4ig3QMQGcGEkj#customerReviews,Kyoto Tool (KTC) ATP7014 Tail Lamp Removal Tool Set
B0BDR6N52Z,,,,
B09Y7YG7V6,,198.16,https://www.amazon.com.au/4571587310593-Softbi-Reproduction-Non-Scale-Height/dp/B09Y7YG7V6/ref=sr_1_107?dib=eyJ2IjoiMSJ9.jzaPZjXOumCV8R1-X0dOsXZ6HgoQrfaCcTcXxaq-nrPc8caZIQ1UiEZ7GwTU6g7_jtz3vMj4w6PXMCaFc3lmj9XwPobjV-bwfGuH92ZyVivkfq_wGGwNWaXRGjISxalMsQBForgLMvynnSRRM-H1dEMDNVHQ1IOliNJtp77F7YA.P20ZU2Eg56t275UI28e6k--2DZUxZ9WmGKLVuNDFtOA&dib_tag=se&m=A3SFQLVXY8GUH2&marketplaceID=A39IBJ37TRP1C6&qid=1774741024&refinements=p_36%3A19500-20000&s=merchant-items&sr=1-107&xpid=4ig3QMQGcGEkj,"Ultra Seven 4571587310593 Mega Softbi Kit, Reproduction, Non-Scale, Total Height: Approx. 15.7 inches (40 cm), Soft Vinyl, Unpainted, Assembly Kit, Red"
B09Y7YG7V6,,,,
B09CYSD9ZM,,195.48,https://www.amazon.com.au/Yanagisawa-Instrument-Yany-Ligature-Tightening/dp/B09CYSD9ZM/ref=sr_1_113?dib=eyJ2IjoiMSJ9.mnrzJ5StkeUd090o-GmB5x2DKIW5FOri75SODIu4HHriby2Eh132dcTwMcVplkDuqKNAy_FApNyKoyPK_QEjSw._Pob5AL_6xVTSBunY97wkOChUVLur1PurEqckpp0Pa0&dib_tag=se&m=A3SFQLVXY8GUH2&marketplaceID=A39IBJ37TRP1C6&qid=1774741029&refinements=p_36%3A19500-20000&s=merchant-items&sr=1-113&xpid=4ig3QMQGcGEkj,Yanagisawa Wind Instrument Yany Ligature for Ebonite (Reverse Tightening/Single Screw) for Soprano Saxophone Gold Plated Finish Yany Nico-chan
B09CYSD9ZM,,,,
B08GCBTBYQ,,198.46,https://www.amazon.com.au/Yamazaki-Industries-4836-Microwave-Condiment/dp/B08GCBTBYQ/ref=sr_1_114?dib=eyJ2IjoiMSJ9.mnrzJ5StkeUd090o-GmB5x2DKIW5FOri75SODIu4HHriby2Eh132dcTwMcVplkDuqKNAy_FApNyKoyPK_QEjSw._Pob5AL_6xVTSBunY97wkOChUVLur1PurEqckpp0Pa0&dib_tag=se&m=A3SFQLVXY8GUH2&marketplaceID=A39IBJ37TRP1C6&qid=1774741029&refinements=p_36%3A19500-20000&s=merchant-items&sr=1-114&xpid=4ig3QMQGcGEkj#customerReviews,"Yamazaki 4836 Microwave Food Seasoning Rack, 3 Tiers, White, Approx. W 10.8 x D 5.5 x H 22.4 inches (27.5 x 14 x 57 cm), Tower Tower Large Capacity, Kitchen Rack with Silicone Mat"
B08GCBTBYQ,,,,
B07VN87F48,,196.47,https://www.amazon.com.au/BUNDOK-BDK-75KA-Teepee-Camping-Hiking/dp/B07VN87F48/ref=sr_1_115?dib=eyJ2IjoiMSJ9.mnrzJ5StkeUd090o-GmB5x2DKIW5FOri75SODIu4HHriby2Eh132dcTwMcVplkDuqKNAy_FApNyKoyPK_QEjSw._Pob5AL_6xVTSBunY97wkOChUVLur1PurEqckpp0Pa0&dib_tag=se&m=A3SFQLVXY8GUH2&marketplaceID=A39IBJ37TRP1C6&qid=1774741029&refinements=p_36%3A19500-20000&s=merchant-items&sr=1-115&xpid=4ig3QMQGcGEkj#customerReviews,BUNDOK Solo Tepee BDK-75 Single Pole Tent Compact Storage Case Included
B07VN87F48,,,,
B09RF7N7SB,,199.94,https://www.amazon.com.au/Topeak-Backloader-Packing-Capacity-Black/dp/B09RF7N7SB/ref=sr_1_116?dib=eyJ2IjoiMSJ9.mnrzJ5StkeUd090o-GmB5x2DKIW5FOri75SODIu4HHriby2Eh132dcTwMcVplkDuqKNAy_FApNyKoyPK_QEjSw._Pob5AL_6xVTSBunY97wkOChUVLur1PurEqckpp0Pa0&dib_tag=se&m=A3SFQLVXY8GUH2&marketplaceID=A39IBJ37TRP1C6&qid=1774741029&refinements=p_36%3A19500-20000&s=merchant-items&sr=1-116&xpid=4ig3QMQGcGEkj#customerReviews,"Topeak Backloader X Bike Packing Bag, 10L Capacity, Black"
B09RF7N7SB,,,,
B09QLQ4DY1,,198.93,https://www.amazon.com.au/Gamakatsu-Ukimaro-Reel-Spinning-UK8012/dp/B09QLQ4DY1/ref=sr_1_117?dib=eyJ2IjoiMSJ9.mnrzJ5StkeUd090o-GmB5x2DKIW5FOri75SODIu4HHriby2Eh132dcTwMcVplkDuqKNAy_FApNyKoyPK_QEjSw._Pob5AL_6xVTSBunY97wkOChUVLur1PurEqckpp0Pa0&dib_tag=se&m=A3SFQLVXY8GUH2&marketplaceID=A39IBJ37TRP1C6&qid=1774741029&refinements=p_36%3A19500-20000&s=merchant-items&sr=1-117&xpid=4ig3QMQGcGEkj#customerReviews,"Gamakatsu Ukimaro Rod & Reel Spinning UK8012, 5.9 ft (1.8 m)"
B09QLQ4DY1,,,,
B0B56PJ6PT,,197.11,https://www.amazon.com.au/Ensoutoys-Ikomochi-Original-Character-Natsume/dp/B0B56PJ6PT/ref=sr_1_113?dib=eyJ2IjoiMSJ9.Hu4gSkrSgVyCxnhYs2T27_ffgU6LXo5jcA31S0Vx8SgRF1UHTxPdI2YA4AcOAQcrSHnKMftqJtSe6fLoYcH7--qB9vaPQ1GFwAkD6T7dBQkMwU7IJYNSl2hJKp-hCskcCnnxQzQoeMO0x4wtyKFjGdcL74OqZsFVs_5ubhpU_J0.QtwDNJu9P-Acs0jacD6qtvA8LMBu9q9bHJa9jpc_gSs&dib_tag=se&m=A3SFQLVXY8GUH2&marketplaceID=A39IBJ37TRP1C6&qid=1774741029&refinements=p_36%3A19500-20000&s=merchant-items&sr=1-113&xpid=4ig3QMQGcGEkj#customerReviews,Ensoutoys - Ikomochi Original Character - White Bunny Natsume 1/6 PVC Figure (Mr)
B0CJM8LB6Z,,196.21,https://www.amazon.com.au/CP-8805-Tabletop-Induction-Compatible-Included/dp/B0CJM8LB6Z/ref=sr_1_114?dib=eyJ2IjoiMSJ9.Hu4gSkrSgVyCxnhYs2T27_ffgU6LXo5jcA31S0Vx8SgRF1UHTxPdI2YA4AcOAQcrSHnKMftqJtSe6fLoYcH7--qB9vaPQ1GFwAkD6T7dBQkMwU7IJYNSl2hJKp-hCskcCnnxQzQoeMO0x4wtyKFjGdcL74OqZsFVs_5ubhpU_J0.QtwDNJu9P-Acs0jacD6qtvA8LMBu9q9bHJa9jpc_gSs&dib_tag=se&m=A3SFQLVXY8GUH2&marketplaceID=A39IBJ37TRP1C6&qid=1774741029&refinements=p_36%3A19500-20000&s=merchant-items&sr=1-114&xpid=4ig3QMQGcGEkj#customerReviews,"Visions Gold Coating CP-8805 Pot, Tabletop Pot, 10.2 inches (26 cm), Induction Compatible, Glass Lid Included"
B0CJM8LB6Z,,,,
B084B5PYNS,,196.99,https://www.amazon.com.au/MAXTONE-BD-786BN-2BASS-MX-568A-Single/dp/B084B5PYNS/ref=sr_1_115?dib=eyJ2IjoiMSJ9.Hu4gSkrSgVyCxnhYs2T27_ffgU6LXo5jcA31S0Vx8SgRF1UHTxPdI2YA4AcOAQcrSHnKMftqJtSe6fLoYcH7--qB9vaPQ1GFwAkD6T7dBQkMwU7IJYNSl2hJKp-hCskcCnnxQzQoeMO0x4wtyKFjGdcL74OqZsFVs_5ubhpU_J0.QtwDNJu9P-Acs0jacD6qtvA8LMBu9q9bHJa9jpc_gSs&dib_tag=se&m=A3SFQLVXY8GUH2&marketplaceID=A39IBJ37TRP1C6&qid=1774741029&refinements=p_36%3A19500-20000&s=merchant-items&sr=1-115&xpid=4ig3QMQGcGEkj#customerReviews,"MAXTONE BD-786BN MAXTONE 2BASS Kit, For MX-568A, Single Item"
B084B5PYNS,,,,
B08D6CDQKF,,197.99,https://www.amazon.com.au/Good-Smile-Company-Sentinels-Nendoroid/dp/B08D6CDQKF/ref=sr_1_116?dib=eyJ2IjoiMSJ9.Hu4gSkrSgVyCxnhYs2T27_ffgU6LXo5jcA31S0Vx8SgRF1UHTxPdI2YA4AcOAQcrSHnKMftqJtSe6fLoYcH7--qB9vaPQ1GFwAkD6T7dBQkMwU7IJYNSl2hJKp-hCskcCnnxQzQoeMO0x4wtyKFjGdcL74OqZsFVs_5ubhpU_J0.QtwDNJu9P-Acs0jacD6qtvA8LMBu9q9bHJa9jpc_gSs&dib_tag=se&m=A3SFQLVXY8GUH2&marketplaceID=A39IBJ37TRP1C6&qid=1774741029&refinements=p_36%3A19500-20000&s=merchant-items&sr=1-116&xpid=4ig3QMQGcGEkj#customerReviews,Good Smile Company 13 Sentinels: Aegis Rim Iori Fuyusaka Nendoroid Figure
B07MG5KR22,,198.52,https://www.amazon.com.au/makita-12V-Hammer-Driver-Drill/dp/B07MG5KR22/ref=sr_1_117?dib=eyJ2IjoiMSJ9.Hu4gSkrSgVyCxnhYs2T27_ffgU6LXo5jcA31S0Vx8SgRF1UHTxPdI2YA4AcOAQcrSHnKMftqJtSe6fLoYcH7--qB9vaPQ1GFwAkD6T7dBQkMwU7IJYNSl2hJKp-hCskcCnnxQzQoeMO0x4wtyKFjGdcL74OqZsFVs_5ubhpU_J0.QtwDNJu9P-Acs0jacD6qtvA8LMBu9q9bHJa9jpc_gSs&dib_tag=se&m=A3SFQLVXY8GUH2&marketplaceID=A39IBJ37TRP1C6&qid=1774741029&refinements=p_36%3A19500-20000&s=merchant-items&sr=1-117&xpid=4ig3QMQGcGEkj#customerReviews,Makita HP333DZ 12V Max Cordless Hammer Driver Drill
B07MG5KR22,,,,
B0143WIL9C,,199.63,https://www.amazon.com.au/Blackmagic-Teranex-Mini-Smart-Panel/dp/B0143WIL9C/ref=sr_1_118?dib=eyJ2IjoiMSJ9.Hu4gSkrSgVyCxnhYs2T27_ffgU6LXo5jcA31S0Vx8SgRF1UHTxPdI2YA4AcOAQcrSHnKMftqJtSe6fLoYcH7--qB9vaPQ1GFwAkD6T7dBQkMwU7IJYNSl2hJKp-hCskcCnnxQzQoeMO0x4wtyKFjGdcL74OqZsFVs_5ubhpU_J0.QtwDNJu9P-Acs0jacD6qtvA8LMBu9q9bHJa9jpc_gSs&dib_tag=se&m=A3SFQLVXY8GUH2&marketplaceID=A39IBJ37TRP1C6&qid=1774741029&refinements=p_36%3A19500-20000&s=merchant-items&sr=1-118&xpid=4ig3QMQGcGEkj#customerReviews,Teranex Mini Smart Panel
B0143WIL9C,,,,
B07X46MW1R,,197.89,https://www.amazon.com.au/Mobile-Stardust-RGM-79C-N-I-M-Spirits/dp/B07X46MW1R/ref=sr_1_119?dib=eyJ2IjoiMSJ9.Hu4gSkrSgVyCxnhYs2T27_ffgU6LXo5jcA31S0Vx8SgRF1UHTxPdI2YA4AcOAQcrSHnKMftqJtSe6fLoYcH7--qB9vaPQ1GFwAkD6T7dBQkMwU7IJYNSl2hJKp-hCskcCnnxQzQoeMO0x4wtyKFjGdcL74OqZsFVs_5ubhpU_J0.QtwDNJu9P-Acs0jacD6qtvA8LMBu9q9bHJa9jpc_gSs&dib_tag=se&m=A3SFQLVXY8GUH2&marketplaceID=A39IBJ37TRP1C6&qid=1774741029&refinements=p_36%3A19500-20000&s=merchant-items&sr=1-119&xpid=4ig3QMQGcGEkj#customerReviews,"Mobile Suit Gundam 0083 Stardust Memory RGM-79C GM Type C ver.A.N.I.M.E., Bandai Robot Spirits"
B07N6C7G7T,,199.47,https://www.amazon.com.au/JoJos-Bizarre-Adventure-Part-Anthonio/dp/B07N6C7G7T/ref=sr_1_120?dib=eyJ2IjoiMSJ9.Hu4gSkrSgVyCxnhYs2T27_ffgU6LXo5jcA31S0Vx8SgRF1UHTxPdI2YA4AcOAQcrSHnKMftqJtSe6fLoYcH7--qB9vaPQ1GFwAkD6T7dBQkMwU7IJYNSl2hJKp-hCskcCnnxQzQoeMO0x4wtyKFjGdcL74OqZsFVs_5ubhpU_J0.QtwDNJu9P-Acs0jacD6qtvA8LMBu9q9bHJa9jpc_gSs&dib_tag=se&m=A3SFQLVXY8GUH2&marketplaceID=A39IBJ37TRP1C6&qid=1774741029&refinements=p_36%3A19500-20000&s=merchant-items&sr=1-120&xpid=4ig3QMQGcGEkj#customerReviews,Good Smile Company Jojo's Bizarre Adventure Part 2 Battle Tendency Caesar Anthonio Zeppeli Figure
B07148SD4L,,197.12,https://www.amazon.com.au/betting-guardians-Galaxy-remix-Prize/dp/B07148SD4L/ref=sr_1_121?dib=eyJ2IjoiMSJ9.Hu4gSkrSgVyCxnhYs2T27_ffgU6LXo5jcA31S0Vx8SgRF1UHTxPdI2YA4AcOAQcrSHnKMftqJtSe6fLoYcH7--qB9vaPQ1GFwAkD6T7dBQkMwU7IJYNSl2hJKp-hCskcCnnxQzQoeMO0x4wtyKFjGdcL74OqZsFVs_5ubhpU_J0.QtwDNJu9P-Acs0jacD6qtvA8LMBu9q9bHJa9jpc_gSs&dib_tag=se&m=A3SFQLVXY8GUH2&marketplaceID=A39IBJ37TRP1C6&qid=1774741029&refinements=p_36%3A19500-20000&s=merchant-items&sr=1-121&xpid=4ig3QMQGcGEkj,Most betting guardians of Galaxy remix last Prize Groot plush
B00ESPW7QS,,198.6,https://www.amazon.com.au/Daiwa-GENESY-150H-L-Fishing-Handle/dp/B00ESPW7QS/ref=sr_1_122?dib=eyJ2IjoiMSJ9.Hu4gSkrSgVyCxnhYs2T27_ffgU6LXo5jcA31S0Vx8SgRF1UHTxPdI2YA4AcOAQcrSHnKMftqJtSe6fLoYcH7--qB9vaPQ1GFwAkD6T7dBQkMwU7IJYNSl2hJKp-hCskcCnnxQzQoeMO0x4wtyKFjGdcL74OqZsFVs_5ubhpU_J0.QtwDNJu9P-Acs0jacD6qtvA8LMBu9q9bHJa9jpc_gSs&dib_tag=se&m=A3SFQLVXY8GUH2&marketplaceID=A39IBJ37TRP1C6&qid=1774741029&refinements=p_36%3A19500-20000&s=merchant-items&sr=1-122&xpid=4ig3QMQGcGEkj#customerReviews,Daiwa GENESY 150H-L Fishing Reel Left Handle Super Metal Frame CRBB Japan
B00ESPW7QS,,,,
B00920F3LU,,197.24,https://www.amazon.com.au/Nepros-4sq-Socket-Wrench-6pcs/dp/B00920F3LU/ref=sr_1_123?dib=eyJ2IjoiMSJ9.Hu4gSkrSgVyCxnhYs2T27_ffgU6LXo5jcA31S0Vx8SgRF1UHTxPdI2YA4AcOAQcrSHnKMftqJtSe6fLoYcH7--qB9vaPQ1GFwAkD6T7dBQkMwU7IJYNSl2hJKp-hCskcCnnxQzQoeMO0x4wtyKFjGdcL74OqZsFVs_5ubhpU_J0.QtwDNJu9P-Acs0jacD6qtvA8LMBu9q9bHJa9jpc_gSs&dib_tag=se&m=A3SFQLVXY8GUH2&marketplaceID=A39IBJ37TRP1C6&qid=1774741029&refinements=p_36%3A19500-20000&s=merchant-items&sr=1-123&xpid=4ig3QMQGcGEkj#customerReviews,"Nepros 1/4""sq. Deep Socket Wrench (6pcs.)"
B00920F3LU,,,,
B005342XJE,,199.3,https://www.amazon.com.au/%E9%AD%82%E3%82%A6%E3%82%A7%E3%83%96%E9%99%90%E5%AE%9A-Robot%E9%AD%82%EF%BC%9CSide-%E3%83%87%E3%83%8A%E3%83%B3%E3%83%BB%E3%82%B2%E3%83%BC%EF%BC%88%E3%83%96%E3%83%A9%E3%83%83%E3%82%AF%E3%83%BB%E3%83%90%E3%83%B3%E3%82%AC%E3%83%BC%E3%83%89%E4%BB%95%E6%A7%98%EF%BC%89-%E6%A9%9F%E5%8B%95%E6%88%A6%E5%A3%AB%E3%82%AC%E3%83%B3%E3%83%80%E3%83%A0F91-%E3%81%8A%E3%82%82%E3%81%A1%E3%82%83%EF%BC%86%E3%83%9B%E3%83%93%E3%83%BC/dp/B005342XJE/ref=sr_1_129?dib=eyJ2IjoiMSJ9.LFfVhe-FisEVA27uw82EJaFHw6ypmnbu8KQC-dFFhzRo8R1pT7LToa1BUb6xwnNaOVcQoBhYbEOSypJR68wnNA.uEgVVi2x5cTxJboCiWP0tJAdzo0oL2Y-ZF5Hr8cauMo&dib_tag=se&m=A3SFQLVXY8GUH2&marketplaceID=A39IBJ37TRP1C6&qid=1774741035&refinements=p_36%3A19500-20000&s=merchant-items&sr=1-129&xpid=4ig3QMQGcGEkj#customerReviews,魂ウェブ限定 Robot魂＜Side MS＞ デナン・ゲー（ブラック・バンガード仕様） 機動戦士ガンダムF91 [おもちゃ＆ホビー]
B0048F1AIE,,195.57,https://www.amazon.com.au/KNIPEX-69-01-130-Cutters-Lap/dp/B0048F1AIE/ref=sr_1_130?dib=eyJ2IjoiMSJ9.LFfVhe-FisEVA27uw82EJaFHw6ypmnbu8KQC-dFFhzRo8R1pT7LToa1BUb6xwnNaOVcQoBhYbEOSypJR68wnNA.uEgVVi2x5cTxJboCiWP0tJAdzo0oL2Y-ZF5Hr8cauMo&dib_tag=se&m=A3SFQLVXY8GUH2&marketplaceID=A39IBJ37TRP1C6&qid=1774741035&refinements=p_36%3A19500-20000&s=merchant-items&sr=1-130&xpid=4ig3QMQGcGEkj#customerReviews,KNIPEX 69 01 130 High Leverage End Cutters-Lap Joint
B0048F1AIE,,,,
B001M5BK4M,,199.02,https://www.amazon.com.au/Bandai-Hobby-G-Fighter-Mobile-Gudam/dp/B001M5BK4M/ref=sr_1_131?dib=eyJ2IjoiMSJ9.LFfVhe-FisEVA27uw82EJaFHw6ypmnbu8KQC-dFFhzRo8R1pT7LToa1BUb6xwnNaOVcQoBhYbEOSypJR68wnNA.uEgVVi2x5cTxJboCiWP0tJAdzo0oL2Y-ZF5Hr8cauMo&dib_tag=se&m=A3SFQLVXY8GUH2&marketplaceID=A39IBJ37TRP1C6&qid=1774741035&refinements=p_36%3A19500-20000&s=merchant-items&sr=1-131&xpid=4ig3QMQGcGEkj#customerReviews,Bandai Hobby G-Fighter Mobile Suit Gudam 1/100 - Master Grade
B0013CNDNK,,196.13,https://www.amazon.com.au/Saint-Seiya-Cloth-Scylla-Bandai/dp/B0013CNDNK/ref=sr_1_132?dib=eyJ2IjoiMSJ9.LFfVhe-FisEVA27uw82EJaFHw6ypmnbu8KQC-dFFhzRo8R1pT7LToa1BUb6xwnNaOVcQoBhYbEOSypJR68wnNA.uEgVVi2x5cTxJboCiWP0tJAdzo0oL2Y-ZF5Hr8cauMo&dib_tag=se&m=A3SFQLVXY8GUH2&marketplaceID=A39IBJ37TRP1C6&qid=1774741035&refinements=p_36%3A19500-20000&s=merchant-items&sr=1-132&xpid=4ig3QMQGcGEkj#customerReviews,Saint Seiya - Saint Cloth Myth Scylla by Bandai
B000WME4MG,,195.0,https://www.amazon.com.au/OYAIDE-C-004-IEC-Connector/dp/B000WME4MG/ref=sr_1_133?dib=eyJ2IjoiMSJ9.LFfVhe-FisEVA27uw82EJaFHw6ypmnbu8KQC-dFFhzRo8R1pT7LToa1BUb6xwnNaOVcQoBhYbEOSypJR68wnNA.uEgVVi2x5cTxJboCiWP0tJAdzo0oL2Y-ZF5Hr8cauMo&dib_tag=se&m=A3SFQLVXY8GUH2&marketplaceID=A39IBJ37TRP1C6&qid=1774741035&refinements=p_36%3A19500-20000&s=merchant-items&sr=1-133&xpid=4ig3QMQGcGEkj#customerReviews,OYAIDE C-004 IEC Connector
B000WME4MG,,,,
B000IA6UVK,,198.08,https://www.amazon.com.au/Seieido-southern-cook-top-shallow-CT-7/dp/B000IA6UVK/ref=sr_1_129?dib=eyJ2IjoiMSJ9.QgdqsZWme7NfSuuE5bWN2S8nxZLlIEyjTm71Anwz5Z54civ9qRUNzyk0701oOKv-hZOMXcJugZFWMjqVpSYs_QeQv-Strqrx7RQ0uSE_XEedwxwIh3dgyRFShHZIhpL7j3X9jVd8Q7Yr22Dj55V5YJI0pS0VtJqt99N5QTH5HeE.00vfBE7a1vtC3Q1HaRalavsAF0VKYaJi2seyG4_ylxs&dib_tag=se&m=A3SFQLVXY8GUH2&marketplaceID=A39IBJ37TRP1C6&qid=1774741035&refinements=p_36%3A19500-20000&s=merchant-items&sr=1-129&xpid=4ig3QMQGcGEkj,"Shoeido CT-7 Cooktop Western-Style Stewed Pot, Round, Shallow Type, Medium"
B000IA6UVK,,,,
B07B6MXWKJ,,200.0,https://www.amazon.com.au/Bandai-Tamashii-Nations-Figuarts-Action/dp/B07B6MXWKJ/ref=sr_1_130?dib=eyJ2IjoiMSJ9.QgdqsZWme7NfSuuE5bWN2S8nxZLlIEyjTm71Anwz5Z54civ9qRUNzyk0701oOKv-hZOMXcJugZFWMjqVpSYs_QeQv-Strqrx7RQ0uSE_XEedwxwIh3dgyRFShHZIhpL7j3X9jVd8Q7Yr22Dj55V5YJI0pS0VtJqt99N5QTH5HeE.00vfBE7a1vtC3Q1HaRalavsAF0VKYaJi2seyG4_ylxs&dib_tag=se&m=A3SFQLVXY8GUH2&marketplaceID=A39IBJ37TRP1C6&qid=1774741035&refinements=p_36%3A19500-20000&s=merchant-items&sr=1-130&xpid=4ig3QMQGcGEkj#customerReviews,"Bandai Tamashii Nations S.H. Figuarts Blood Stalk ""Kamen Rider Build"" Action Figure"
B0755RVGNK,,197.81,https://www.amazon.com.au/Build-Strike-Gundam-packege-System/dp/B0755RVGNK/ref=sr_1_131?dib=eyJ2IjoiMSJ9.QgdqsZWme7NfSuuE5bWN2S8nxZLlIEyjTm71Anwz5Z54civ9qRUNzyk0701oOKv-hZOMXcJugZFWMjqVpSYs_QeQv-Strqrx7RQ0uSE_XEedwxwIh3dgyRFShHZIhpL7j3X9jVd8Q7Yr22Dj55V5YJI0pS0VtJqt99N5QTH5HeE.00vfBE7a1vtC3Q1HaRalavsAF0VKYaJi2seyG4_ylxs&dib_tag=se&m=A3SFQLVXY8GUH2&marketplaceID=A39IBJ37TRP1C6&qid=1774741035&refinements=p_36%3A19500-20000&s=merchant-items&sr=1-131&xpid=4ig3QMQGcGEkj#customerReviews,RG 1/144 Build Strike Gundam full packege [RG System image color] model kit
B01N0UCCE3,,198.44,https://www.amazon.com.au/RE-1-100-AMX-107R-Rebawoo/dp/B01N0UCCE3/ref=sr_1_132?dib=eyJ2IjoiMSJ9.QgdqsZWme7NfSuuE5bWN2S8nxZLlIEyjTm71Anwz5Z54civ9qRUNzyk0701oOKv-hZOMXcJugZFWMjqVpSYs_QeQv-Strqrx7RQ0uSE_XEedwxwIh3dgyRFShHZIhpL7j3X9jVd8Q7Yr22Dj55V5YJI0pS0VtJqt99N5QTH5HeE.00vfBE7a1vtC3Q1HaRalavsAF0VKYaJi2seyG4_ylxs&dib_tag=se&m=A3SFQLVXY8GUH2&marketplaceID=A39IBJ37TRP1C6&qid=1774741035&refinements=p_36%3A19500-20000&s=merchant-items&sr=1-132&xpid=4ig3QMQGcGEkj#customerReviews,RE 1/100 AMX-107R Rebawoo
B00TWFZYR8,,199.65,https://www.amazon.com.au/Italeri-H-21C-Shanwee-Flying-Banana/dp/B00TWFZYR8/ref=sr_1_133?dib=eyJ2IjoiMSJ9.QgdqsZWme7NfSuuE5bWN2S8nxZLlIEyjTm71Anwz5Z54civ9qRUNzyk0701oOKv-hZOMXcJugZFWMjqVpSYs_QeQv-Strqrx7RQ0uSE_XEedwxwIh3dgyRFShHZIhpL7j3X9jVd8Q7Yr22Dj55V5YJI0pS0VtJqt99N5QTH5HeE.00vfBE7a1vtC3Q1HaRalavsAF0VKYaJi2seyG4_ylxs&dib_tag=se&m=A3SFQLVXY8GUH2&marketplaceID=A39IBJ37TRP1C6&qid=1774741035&refinements=p_36%3A19500-20000&s=merchant-items&sr=1-133&xpid=4ig3QMQGcGEkj#customerReviews,Italeri 2733S 1: 48 - H-21 Shawnee Flying Banana
B00TWFZYR8,,,,
B00SIYKPF0,,195.02,https://www.amazon.com.au/figma-Satsubatsunaito-Wonder-Festival-Summer/dp/B00SIYKPF0/ref=sr_1_134?dib=eyJ2IjoiMSJ9.QgdqsZWme7NfSuuE5bWN2S8nxZLlIEyjTm71Anwz5Z54civ9qRUNzyk0701oOKv-hZOMXcJugZFWMjqVpSYs_QeQv-Strqrx7RQ0uSE_XEedwxwIh3dgyRFShHZIhpL7j3X9jVd8Q7Yr22Dj55V5YJI0pS0VtJqt99N5QTH5HeE.00vfBE7a1vtC3Q1HaRalavsAF0VKYaJi2seyG4_ylxs&dib_tag=se&m=A3SFQLVXY8GUH2&marketplaceID=A39IBJ37TRP1C6&qid=1774741035&refinements=p_36%3A19500-20000&s=merchant-items&sr=1-134&xpid=4ig3QMQGcGEkj,figma Satsubatsunaito Wonder Festival 2014 [ Summer ] WEB items for sale
B00BQ4RVMO,,195.95,https://www.amazon.com.au/Banpresto-Hunter-Curapickt-Figure-Vol-5/dp/B00BQ4RVMO/ref=sr_1_135?dib=eyJ2IjoiMSJ9.QgdqsZWme7NfSuuE5bWN2S8nxZLlIEyjTm71Anwz5Z54civ9qRUNzyk0701oOKv-hZOMXcJugZFWMjqVpSYs_QeQv-Strqrx7RQ0uSE_XEedwxwIh3dgyRFShHZIhpL7j3X9jVd8Q7Yr22Dj55V5YJI0pS0VtJqt99N5QTH5HeE.00vfBE7a1vtC3Q1HaRalavsAF0VKYaJi2seyG4_ylxs&dib_tag=se&m=A3SFQLVXY8GUH2&marketplaceID=A39IBJ37TRP1C6&qid=1774741035&refinements=p_36%3A19500-20000&s=merchant-items&sr=1-135&xpid=4ig3QMQGcGEkj#customerReviews,Banpresto Hunter X Hunter: Curapickt DX Figure Vol.5
B007V8C9P8,,199.49,https://www.amazon.com.au/Edo-kiriko-Old-Fashioned-Glass-T727-2668-ccb/dp/B007V8C9P8/ref=sr_1_136?dib=eyJ2IjoiMSJ9.QgdqsZWme7NfSuuE5bWN2S8nxZLlIEyjTm71Anwz5Z54civ9qRUNzyk0701oOKv-hZOMXcJugZFWMjqVpSYs_QeQv-Strqrx7RQ0uSE_XEedwxwIh3dgyRFShHZIhpL7j3X9jVd8Q7Yr22Dj55V5YJI0pS0VtJqt99N5QTH5HeE.00vfBE7a1vtC3Q1HaRalavsAF0VKYaJi2seyG4_ylxs&dib_tag=se&m=A3SFQLVXY8GUH2&marketplaceID=A39IBJ37TRP1C6&qid=1774741035&refinements=p_36%3A19500-20000&s=merchant-items&sr=1-136&xpid=4ig3QMQGcGEkj#customerReviews,Edo-kiriko Old Fashioned Glass T727-2668-ccb
B007V8C9P8,,,,
B001455AQY,,197.28,https://www.amazon.com.au/gauge-A9811-Hakodate-Otaru-chikko-renewal/dp/B001455AQY/ref=sr_1_137?dib=eyJ2IjoiMSJ9.QgdqsZWme7NfSuuE5bWN2S8nxZLlIEyjTm71Anwz5Z54civ9qRUNzyk0701oOKv-hZOMXcJugZFWMjqVpSYs_QeQv-Strqrx7RQ0uSE_XEedwxwIh3dgyRFShHZIhpL7j3X9jVd8Q7Yr22Dj55V5YJI0pS0VtJqt99N5QTH5HeE.00vfBE7a1vtC3Q1HaRalavsAF0VKYaJi2seyG4_ylxs&dib_tag=se&m=A3SFQLVXY8GUH2&marketplaceID=A39IBJ37TRP1C6&qid=1774741035&refinements=p_36%3A19500-20000&s=merchant-items&sr=1-137&xpid=4ig3QMQGcGEkj,N gauge A9811 C62-3 Hakodate line Otaru-chikko & renewal
B07KQF984W,,196.58,https://www.amazon.com.au/Saekano-Girlfriend-Michiru-Swimsuit-Version/dp/B07KQF984W/ref=sr_1_138?dib=eyJ2IjoiMSJ9.QgdqsZWme7NfSuuE5bWN2S8nxZLlIEyjTm71Anwz5Z54civ9qRUNzyk0701oOKv-hZOMXcJugZFWMjqVpSYs_QeQv-Strqrx7RQ0uSE_XEedwxwIh3dgyRFShHZIhpL7j3X9jVd8Q7Yr22Dj55V5YJI0pS0VtJqt99N5QTH5HeE.00vfBE7a1vtC3Q1HaRalavsAF0VKYaJi2seyG4_ylxs&dib_tag=se&m=A3SFQLVXY8GUH2&marketplaceID=A39IBJ37TRP1C6&qid=1774741035&refinements=p_36%3A19500-20000&s=merchant-items&sr=1-138&xpid=4ig3QMQGcGEkj#customerReviews,Saekano: How to Raise a Boring Girlfriend: Michiru Hyodo (Swimsuit Version) 1:7 Scale PVC Figure
B015SB2PH6,,198.85,https://www.amazon.com.au/Alphamax-Blade-Arcus-Shining-Version/dp/B015SB2PH6/ref=sr_1_139?dib=eyJ2IjoiMSJ9.QgdqsZWme7NfSuuE5bWN2S8nxZLlIEyjTm71Anwz5Z54civ9qRUNzyk0701oOKv-hZOMXcJugZFWMjqVpSYs_QeQv-Strqrx7RQ0uSE_XEedwxwIh3dgyRFShHZIhpL7j3X9jVd8Q7Yr22Dj55V5YJI0pS0VtJqt99N5QTH5HeE.00vfBE7a1vtC3Q1HaRalavsAF0VKYaJi2seyG4_ylxs&dib_tag=se&m=A3SFQLVXY8GUH2&marketplaceID=A39IBJ37TRP1C6&qid=1774741035&refinements=p_36%3A19500-20000&s=merchant-items&sr=1-139&xpid=4ig3QMQGcGEkj,Alphamax Blade Arcus from Shining: Won Pairon PVC Figure (1:7 Scale) (2P Color Version)
B004LY3QHU,,199.7,https://www.amazon.com.au/Knipex-79-125-Electronics-Multi-Component/dp/B004LY3QHU/ref=sr_1_145?dib=eyJ2IjoiMSJ9.yTdCC9JodLLi73MiESGNyCi7B3mHgEBH3xTaEmAPa4GYsOVCJ0zj0bpxy2GVqobNuPC0V4xtj7xi3Tylbbccxw.bWxL_gSuMzH5oQZrvOpwc5gIU8Hr5GnJoATPqDakboQ&dib_tag=se&m=A3SFQLVXY8GUH2&marketplaceID=A39IBJ37TRP1C6&qid=1774741039&refinements=p_36%3A19500-20000&s=merchant-items&sr=1-145&xpid=4ig3QMQGcGEkj#customerReviews,"Knipex Precision Electronics Side Cutter ESD, 125 mm Size"
B004LY3QHU,,,,
B089K4B5RN,,199.63,https://www.amazon.com.au/Honma-D1-Balls-Dozens-Yellow/dp/B089K4B5RN/ref=sr_1_146?dib=eyJ2IjoiMSJ9.yTdCC9JodLLi73MiESGNyCi7B3mHgEBH3xTaEmAPa4GYsOVCJ0zj0bpxy2GVqobNuPC0V4xtj7xi3Tylbbccxw.bWxL_gSuMzH5oQZrvOpwc5gIU8Hr5GnJoATPqDakboQ&dib_tag=se&m=A3SFQLVXY8GUH2&marketplaceID=A39IBJ37TRP1C6&qid=1774741039&refinements=p_36%3A19500-20000&s=merchant-items&sr=1-146&xpid=4ig3QMQGcGEkj#customerReviews,Honma D1 Golf Balls 3 Dozens Set Yellow
B089K4B5RN,,,,
B01DZJNYXM,,198.93,https://www.amazon.com.au/DiMarzio-DP100-Distortion-Humbucker-Pickup/dp/B01DZJNYXM/ref=sr_1_147?dib=eyJ2IjoiMSJ9.yTdCC9JodLLi73MiESGNyCi7B3mHgEBH3xTaEmAPa4GYsOVCJ0zj0bpxy2GVqobNuPC0V4xtj7xi3Tylbbccxw.bWxL_gSuMzH5oQZrvOpwc5gIU8Hr5GnJoATPqDakboQ&dib_tag=se&m=A3SFQLVXY8GUH2&marketplaceID=A39IBJ37TRP1C6&qid=1774741039&refinements=p_36%3A19500-20000&s=merchant-items&sr=1-147&xpid=4ig3QMQGcGEkj#customerReviews,"DiMarzio DP100BK Super Distortion, black"
B01DZJNYXM,,,,
B00063ZK56,,197.32,https://www.amazon.com.au/Iwatani-Pure-oxygen-can-NRS-1/dp/B00063ZK56/ref=sr_1_148?dib=eyJ2IjoiMSJ9.yTdCC9JodLLi73MiESGNyCi7B3mHgEBH3xTaEmAPa4GYsOVCJ0zj0bpxy2GVqobNuPC0V4xtj7xi3Tylbbccxw.bWxL_gSuMzH5oQZrvOpwc5gIU8Hr5GnJoATPqDakboQ&dib_tag=se&m=A3SFQLVXY8GUH2&marketplaceID=A39IBJ37TRP1C6&qid=1774741039&refinements=p_36%3A19500-20000&s=merchant-items&sr=1-148&xpid=4ig3QMQGcGEkj#customerReviews,Iwatani (Iwatani) Pure oxygen can 10 pcs set NRS-1
B00063ZK56,,,,
B08HR2XRHQ,,198.96,https://www.amazon.com.au/DT-Swiss-Ratchet-Spline-Freehub/dp/B08HR2XRHQ/ref=sr_1_149?dib=eyJ2IjoiMSJ9.yTdCC9JodLLi73MiESGNyCi7B3mHgEBH3xTaEmAPa4GYsOVCJ0zj0bpxy2GVqobNuPC0V4xtj7xi3Tylbbccxw.bWxL_gSuMzH5oQZrvOpwc5gIU8Hr5GnJoATPqDakboQ&dib_tag=se&m=A3SFQLVXY8GUH2&marketplaceID=A39IBJ37TRP1C6&qid=1774741039&refinements=p_36%3A19500-20000&s=merchant-items&sr=1-149&xpid=4ig3QMQGcGEkj,DT Swiss Ratchet EXP Micro Spline Freehub Body Kit 12x142/148mm
B08HR2XRHQ,,,,
B077XCDBYN,,195.16,https://www.amazon.com.au/Akita-Odate-Magewappa-small-chopsticks/dp/B077XCDBYN/ref=sr_1_145?dib=eyJ2IjoiMSJ9.W_J-PDR8xYyXhc-seAUrZupC__XPXeMRRGoUXUStG48ivIzbEpN4VRdX5k7NSFt3hAodG3zgYJ3CoqrF42s0BydTl6f5FlklW370GAx4wryWxQxXDWbqGRmw1Uzdaopt3-JGRVOgGdSIDDbohREoGHysR_p3v0GBuCeNpnZrqHw.5pfJAXDe3IL9egFPm8qWoMe-8YlW29cJ2GKQJVgDxVs&dib_tag=se&m=A3SFQLVXY8GUH2&marketplaceID=A39IBJ37TRP1C6&qid=1774741039&refinements=p_36%3A19500-20000&s=merchant-items&sr=1-145&xpid=4ig3QMQGcGEkj#customerReviews,Akita Odate Magewappa (small) - Made in Japan - Akita cedar use your lunch chopsticks with gifts
B077XCDBYN,,,,
B003EO5S1U,,195.2,https://www.amazon.com.au/DX-Datas-Hyper/dp/B003EO5S1U/ref=sr_1_146?dib=eyJ2IjoiMSJ9.W_J-PDR8xYyXhc-seAUrZupC__XPXeMRRGoUXUStG48ivIzbEpN4VRdX5k7NSFt3hAodG3zgYJ3CoqrF42s0BydTl6f5FlklW370GAx4wryWxQxXDWbqGRmw1Uzdaopt3-JGRVOgGdSIDDbohREoGHysR_p3v0GBuCeNpnZrqHw.5pfJAXDe3IL9egFPm8qWoMe-8YlW29cJ2GKQJVgDxVs&dib_tag=se&m=A3SFQLVXY8GUH2&marketplaceID=A39IBJ37TRP1C6&qid=1774741039&refinements=p_36%3A19500-20000&s=merchant-items&sr=1-146&xpid=4ig3QMQGcGEkj#customerReviews,DX Datas Hyper
B0009QX2YG,,197.16,https://www.amazon.com.au/Gedore-ITX19PM-Screwdriver-Bit-Socket/dp/B0009QX2YG/ref=sr_1_147?dib=eyJ2IjoiMSJ9.W_J-PDR8xYyXhc-seAUrZupC__XPXeMRRGoUXUStG48ivIzbEpN4VRdX5k7NSFt3hAodG3zgYJ3CoqrF42s0BydTl6f5FlklW370GAx4wryWxQxXDWbqGRmw1Uzdaopt3-JGRVOgGdSIDDbohREoGHysR_p3v0GBuCeNpnZrqHw.5pfJAXDe3IL9egFPm8qWoMe-8YlW29cJ2GKQJVgDxVs&dib_tag=se&m=A3SFQLVXY8GUH2&marketplaceID=A39IBJ37TRP1C6&qid=1774741039&refinements=p_36%3A19500-20000&s=merchant-items&sr=1-147&xpid=4ig3QMQGcGEkj#customerReviews,GEDORE
B0009QX2YG,,,,
B0BQQRX8HQ,,198.53,https://www.amazon.com.au/Deda-ELEMENTI-Adapter-Cervelo-Caledonia5/dp/B0BQQRX8HQ/ref=sr_1_148?dib=eyJ2IjoiMSJ9.W_J-PDR8xYyXhc-seAUrZupC__XPXeMRRGoUXUStG48ivIzbEpN4VRdX5k7NSFt3hAodG3zgYJ3CoqrF42s0BydTl6f5FlklW370GAx4wryWxQxXDWbqGRmw1Uzdaopt3-JGRVOgGdSIDDbohREoGHysR_p3v0GBuCeNpnZrqHw.5pfJAXDe3IL9egFPm8qWoMe-8YlW29cJ2GKQJVgDxVs&dib_tag=se&m=A3SFQLVXY8GUH2&marketplaceID=A39IBJ37TRP1C6&qid=1774741039&refinements=p_36%3A19500-20000&s=merchant-items&sr=1-148&xpid=4ig3QMQGcGEkj,"Deda Elementi DCR Topcap Spacer Adapter Adapter, Vinci, Cervelo Caledonia"
B0BQQRX8HQ,,,,
B00LFUYBXG,,196.93,https://www.amazon.com.au/Theatrical-Feature-Sayonara-Chogokin-Valkyrie/dp/B00LFUYBXG/ref=sr_1_149?dib=eyJ2IjoiMSJ9.W_J-PDR8xYyXhc-seAUrZupC__XPXeMRRGoUXUStG48ivIzbEpN4VRdX5k7NSFt3hAodG3zgYJ3CoqrF42s0BydTl6f5FlklW370GAx4wryWxQxXDWbqGRmw1Uzdaopt3-JGRVOgGdSIDDbohREoGHysR_p3v0GBuCeNpnZrqHw.5pfJAXDe3IL9egFPm8qWoMe-8YlW29cJ2GKQJVgDxVs&dib_tag=se&m=A3SFQLVXY8GUH2&marketplaceID=A39IBJ37TRP1C6&qid=1774741039&refinements=p_36%3A19500-20000&s=merchant-items&sr=1-149&xpid=4ig3QMQGcGEkj#customerReviews,Theatrical Feature Macross F ~ Sayonara no Tsubasa ~ DX Chogokin VF-25F Messiah Valkyrie [Alto Saotome] Renewal Ver. Tornado for parts by Bandai
B00LFUYBXG,,,,
B07F9YL5B8,,195.72,https://www.amazon.com.au/Good-Smile-Kancolle-Shopping-Version/dp/B07F9YL5B8/ref=sr_1_150?dib=eyJ2IjoiMSJ9.W_J-PDR8xYyXhc-seAUrZupC__XPXeMRRGoUXUStG48ivIzbEpN4VRdX5k7NSFt3hAodG3zgYJ3CoqrF42s0BydTl6f5FlklW370GAx4wryWxQxXDWbqGRmw1Uzdaopt3-JGRVOgGdSIDDbohREoGHysR_p3v0GBuCeNpnZrqHw.5pfJAXDe3IL9egFPm8qWoMe-8YlW29cJ2GKQJVgDxVs&dib_tag=se&m=A3SFQLVXY8GUH2&marketplaceID=A39IBJ37TRP1C6&qid=1774741039&refinements=p_36%3A19500-20000&s=merchant-items&sr=1-150&xpid=4ig3QMQGcGEkj#customerReviews,Good Smile Kancolle: Haruna (Shopping Version) 1: 8 Scale PVC Figure
B07C7DRX45,,196.47,https://www.amazon.com.au/Re-Different-Living-Uniforms-Painted/dp/B07C7DRX45/ref=sr_1_151?dib=eyJ2IjoiMSJ9.W_J-PDR8xYyXhc-seAUrZupC__XPXeMRRGoUXUStG48ivIzbEpN4VRdX5k7NSFt3hAodG3zgYJ3CoqrF42s0BydTl6f5FlklW370GAx4wryWxQxXDWbqGRmw1Uzdaopt3-JGRVOgGdSIDDbohREoGHysR_p3v0GBuCeNpnZrqHw.5pfJAXDe3IL9egFPm8qWoMe-8YlW29cJ2GKQJVgDxVs&dib_tag=se&m=A3SFQLVXY8GUH2&marketplaceID=A39IBJ37TRP1C6&qid=1774741039&refinements=p_36%3A19500-20000&s=merchant-items&sr=1-151&xpid=4ig3QMQGcGEkj#customerReviews,Good Smile Company Re:Zero Starting Life in Another World- Rem: High School Uniform Version Figure
B00KD2P7V2,,196.81,https://www.amazon.com.au/PLAY-mallet-Lembeh-model-BD-40/dp/B00KD2P7V2/ref=sr_1_152?dib=eyJ2IjoiMSJ9.W_J-PDR8xYyXhc-seAUrZupC__XPXeMRRGoUXUStG48ivIzbEpN4VRdX5k7NSFt3hAodG3zgYJ3CoqrF42s0BydTl6f5FlklW370GAx4wryWxQxXDWbqGRmw1Uzdaopt3-JGRVOgGdSIDDbohREoGHysR_p3v0GBuCeNpnZrqHw.5pfJAXDe3IL9egFPm8qWoMe-8YlW29cJ2GKQJVgDxVs&dib_tag=se&m=A3SFQLVXY8GUH2&marketplaceID=A39IBJ37TRP1C6&qid=1774741039&refinements=p_36%3A19500-20000&s=merchant-items&sr=1-152&xpid=4ig3QMQGcGEkj#customerReviews,PLAY WOOD BD-40 Playwood Bass Drum Mallet H Renvens Model
B00KD2P7V2,,,,
B000TGCSOG,,198.78,https://www.amazon.com.au/Lobtex-M450-EM-450-450MM/dp/B000TGCSOG/ref=sr_1_153?dib=eyJ2IjoiMSJ9.W_J-PDR8xYyXhc-seAUrZupC__XPXeMRRGoUXUStG48ivIzbEpN4VRdX5k7NSFt3hAodG3zgYJ3CoqrF42s0BydTl6f5FlklW370GAx4wryWxQxXDWbqGRmw1Uzdaopt3-JGRVOgGdSIDDbohREoGHysR_p3v0GBuCeNpnZrqHw.5pfJAXDe3IL9egFPm8qWoMe-8YlW29cJ2GKQJVgDxVs&dib_tag=se&m=A3SFQLVXY8GUH2&marketplaceID=A39IBJ37TRP1C6&qid=1774741039&refinements=p_36%3A19500-20000&s=merchant-items&sr=1-153&xpid=4ig3QMQGcGEkj#customerReviews,M450(EM-450) (450MM)
B000TGCSOG,,,,
B08511XY92,,199.85,https://www.amazon.com.au/Saint-Seiya-Unicorn-Tamashii-NationsSaint/dp/B08511XY92/ref=sr_1_154?dib=eyJ2IjoiMSJ9.W_J-PDR8xYyXhc-seAUrZupC__XPXeMRRGoUXUStG48ivIzbEpN4VRdX5k7NSFt3hAodG3zgYJ3CoqrF42s0BydTl6f5FlklW370GAx4wryWxQxXDWbqGRmw1Uzdaopt3-JGRVOgGdSIDDbohREoGHysR_p3v0GBuCeNpnZrqHw.5pfJAXDe3IL9egFPm8qWoMe-8YlW29cJ2GKQJVgDxVs&dib_tag=se&m=A3SFQLVXY8GUH2&marketplaceID=A39IBJ37TRP1C6&qid=1774741039&refinements=p_36%3A19500-20000&s=merchant-items&sr=1-154&xpid=4ig3QMQGcGEkj#customerReviews,"Saint Seiya: Unicorn Jabu (Revival Ver.), Bandai Tamashii NationsSaint Cloth Myth"
B01MZFO9DN,,196.39,https://www.amazon.com.au/Bahco-NS006-2427-BHNS006-2427-Double-24X27mm/dp/B01MZFO9DN/ref=sr_1_155?dib=eyJ2IjoiMSJ9.W_J-PDR8xYyXhc-seAUrZupC__XPXeMRRGoUXUStG48ivIzbEpN4VRdX5k7NSFt3hAodG3zgYJ3CoqrF42s0BydTl6f5FlklW370GAx4wryWxQxXDWbqGRmw1Uzdaopt3-JGRVOgGdSIDDbohREoGHysR_p3v0GBuCeNpnZrqHw.5pfJAXDe3IL9egFPm8qWoMe-8YlW29cJ2GKQJVgDxVs&dib_tag=se&m=A3SFQLVXY8GUH2&marketplaceID=A39IBJ37TRP1C6&qid=1774741039&refinements=p_36%3A19500-20000&s=merchant-items&sr=1-155&xpid=4ig3QMQGcGEkj#customerReviews,"Bahco NS006-2427 BHNS006-2427 Double Open Ended Wrench, Gold, 24X27mm"
B01MZFO9DN,,,,
B000BSBSLQ,,196.3,https://www.amazon.com.au/HOZAN-C-402-Bottom-Bracket-Tap/dp/B000BSBSLQ/ref=sr_1_161?dib=eyJ2IjoiMSJ9.ULuDbqKqqu0U931NaL8xJu_4pv0P2vYaUjK-j3055iliDnPwBESnov2N_JdeyEnM-tXssxckQ5umBKY7drWw9g.NjRp-DIwQDPMizrYZd5qvs35uozwID5-i1dYWO1LQbo&dib_tag=se&m=A3SFQLVXY8GUH2&marketplaceID=A39IBJ37TRP1C6&qid=1774741045&refinements=p_36%3A19500-20000&s=merchant-items&sr=1-161&xpid=4ig3QMQGcGEkj#customerReviews,"Hozan C-402 Hanger Tap, Bottom Bracket, Thread Correction Tap, Size: BC1.37 x 24 (JIS), Left and Right 1 Set"
B000BSBSLQ,,,,
B01FLD30VG,,200.0,https://www.amazon.com.au/Orange-Rouge-Durarara-X2-Hachimenroppi/dp/B01FLD30VG/ref=sr_1_162?dib=eyJ2IjoiMSJ9.ULuDbqKqqu0U931NaL8xJu_4pv0P2vYaUjK-j3055iliDnPwBESnov2N_JdeyEnM-tXssxckQ5umBKY7drWw9g.NjRp-DIwQDPMizrYZd5qvs35uozwID5-i1dYWO1LQbo&dib_tag=se&m=A3SFQLVXY8GUH2&marketplaceID=A39IBJ37TRP1C6&qid=1774741045&refinements=p_36%3A19500-20000&s=merchant-items&sr=1-162&xpid=4ig3QMQGcGEkj#customerReviews,Orange Rouge Durarara!! X2: Izaya Orihar Figma Action Figure (Hachimenroppi Version)
B00HNL2E8K,,196.99,https://www.amazon.com.au/Amakuni-Rage-Bahamut-General-Figure/dp/B00HNL2E8K/ref=sr_1_163?dib=eyJ2IjoiMSJ9.ULuDbqKqqu0U931NaL8xJu_4pv0P2vYaUjK-j3055iliDnPwBESnov2N_JdeyEnM-tXssxckQ5umBKY7drWw9g.NjRp-DIwQDPMizrYZd5qvs35uozwID5-i1dYWO1LQbo&dib_tag=se&m=A3SFQLVXY8GUH2&marketplaceID=A39IBJ37TRP1C6&qid=1774741045&refinements=p_36%3A19500-20000&s=merchant-items&sr=1-163&xpid=4ig3QMQGcGEkj#customerReviews,Amakuni Rage of Bahamut: Dark General PVC Figure (1:8 Scale)
B005JN3V9A,,199.42,https://www.amazon.com.au/Suzuki-Baritone-Harmonica-SBH-21-C-sharp/dp/B005JN3V9A/ref=sr_1_164?dib=eyJ2IjoiMSJ9.ULuDbqKqqu0U931NaL8xJu_4pv0P2vYaUjK-j3055iliDnPwBESnov2N_JdeyEnM-tXssxckQ5umBKY7drWw9g.NjRp-DIwQDPMizrYZd5qvs35uozwID5-i1dYWO1LQbo&dib_tag=se&m=A3SFQLVXY8GUH2&marketplaceID=A39IBJ37TRP1C6&qid=1774741045&refinements=p_36%3A19500-20000&s=merchant-items&sr=1-164&xpid=4ig3QMQGcGEkj#customerReviews,Baritone Tremolo Harmonica in C#
B005JN3V9A,,,,
B0015BUREC,,195.36,https://www.amazon.com.au/Sprinter-Trueno-AE86-1983-Heart/dp/B0015BUREC/ref=sr_1_165?dib=eyJ2IjoiMSJ9.ULuDbqKqqu0U931NaL8xJu_4pv0P2vYaUjK-j3055iliDnPwBESnov2N_JdeyEnM-tXssxckQ5umBKY7drWw9g.NjRp-DIwQDPMizrYZd5qvs35uozwID5-i1dYWO1LQbo&dib_tag=se&m=A3SFQLVXY8GUH2&marketplaceID=A39IBJ37TRP1C6&qid=1774741045&refinements=p_36%3A19500-20000&s=merchant-items&sr=1-165&xpid=4ig3QMQGcGEkj#customerReviews,1/24 Sprinter Trueno(AE86) 1983 To Heart 2
B01I6PPZBY,,198.52,https://www.amazon.com.au/MKS-US-S-Bicycle-Pedal-Silver/dp/B01I6PPZBY/ref=sr_1_161?dib=eyJ2IjoiMSJ9.6xuuLYKdwetnA3_iqMuxfOFRfcMrWW-5SdDbROtEg_ohejUsqywuK9q8GAMpJsArKJyjA7wzmV9fGrK7wbyu6jm2xjOJZwypgNXEfbJZBg4x_rspAqI1AqgEOj01bEnqkDAHG9g27Az5NT2bRkEfOFlxBihH_p5JdrLUuAOGa_k.2B-nB-LRRdrO_CDfXetLeQpKLlRaxUH1dUE_AMGR5Do&dib_tag=se&m=A3SFQLVXY8GUH2&marketplaceID=A39IBJ37TRP1C6&qid=1774741045&refinements=p_36%3A19500-20000&s=merchant-items&sr=1-161&xpid=4ig3QMQGcGEkj#customerReviews,MKS Bicycle Pedal US-S Ezy Silver
B01I6PPZBY,,,,
B09V56CDQN,,198.12,https://www.amazon.com.au/Owner-Sweetfish-Tabi-Felt-Round/dp/B09V56CDQN/ref=sr_1_162?dib=eyJ2IjoiMSJ9.6xuuLYKdwetnA3_iqMuxfOFRfcMrWW-5SdDbROtEg_ohejUsqywuK9q8GAMpJsArKJyjA7wzmV9fGrK7wbyu6jm2xjOJZwypgNXEfbJZBg4x_rspAqI1AqgEOj01bEnqkDAHG9g27Az5NT2bRkEfOFlxBihH_p5JdrLUuAOGa_k.2B-nB-LRRdrO_CDfXetLeQpKLlRaxUH1dUE_AMGR5Do&dib_tag=se&m=A3SFQLVXY8GUH2&marketplaceID=A39IBJ37TRP1C6&qid=1774741045&refinements=p_36%3A19500-20000&s=merchant-items&sr=1-162&xpid=4ig3QMQGcGEkj#customerReviews,"Owner Sweetfish Top Tabi 3 (Felt Pin), Round Type"
B09V56CDQN,,,,
B00YICU52Y,,199.17,https://www.amazon.com.au/Bandai-Hobby-RGM-89S-Stark-CCA-MSV/dp/B00YICU52Y/ref=sr_1_163?dib=eyJ2IjoiMSJ9.6xuuLYKdwetnA3_iqMuxfOFRfcMrWW-5SdDbROtEg_ohejUsqywuK9q8GAMpJsArKJyjA7wzmV9fGrK7wbyu6jm2xjOJZwypgNXEfbJZBg4x_rspAqI1AqgEOj01bEnqkDAHG9g27Az5NT2bRkEfOFlxBihH_p5JdrLUuAOGa_k.2B-nB-LRRdrO_CDfXetLeQpKLlRaxUH1dUE_AMGR5Do&dib_tag=se&m=A3SFQLVXY8GUH2&marketplaceID=A39IBJ37TRP1C6&qid=1774741045&refinements=p_36%3A19500-20000&s=merchant-items&sr=1-163&xpid=4ig3QMQGcGEkj#customerReviews,Bandai Hobby HGUC 1/144 RGM-89S Stark Jegan (CCA-MSV Ver.)
B00YICU52Y,,,,
B008NZH8P4,,195.68,https://www.amazon.com.au/Medicom-Toy-Terminator-skeleton-japan/dp/B008NZH8P4/ref=sr_1_164?dib=eyJ2IjoiMSJ9.6xuuLYKdwetnA3_iqMuxfOFRfcMrWW-5SdDbROtEg_ohejUsqywuK9q8GAMpJsArKJyjA7wzmV9fGrK7wbyu6jm2xjOJZwypgNXEfbJZBg4x_rspAqI1AqgEOj01bEnqkDAHG9g27Az5NT2bRkEfOFlxBihH_p5JdrLUuAOGa_k.2B-nB-LRRdrO_CDfXetLeQpKLlRaxUH1dUE_AMGR5Do&dib_tag=se&m=A3SFQLVXY8GUH2&marketplaceID=A39IBJ37TRP1C6&qid=1774741045&refinements=p_36%3A19500-20000&s=merchant-items&sr=1-164&xpid=4ig3QMQGcGEkj#customerReviews,Medicom Toy Terminator 2 end skeleton (japan import)
B008NZH8P4,,,,
B0060GJE5K,,198.66,https://www.amazon.com.au/Hijikata-Toshizo-Battle-Ver/dp/B0060GJE5K/ref=sr_1_165?dib=eyJ2IjoiMSJ9.6xuuLYKdwetnA3_iqMuxfOFRfcMrWW-5SdDbROtEg_ohejUsqywuK9q8GAMpJsArKJyjA7wzmV9fGrK7wbyu6jm2xjOJZwypgNXEfbJZBg4x_rspAqI1AqgEOj01bEnqkDAHG9g27Az5NT2bRkEfOFlxBihH_p5JdrLUuAOGa_k.2B-nB-LRRdrO_CDfXetLeQpKLlRaxUH1dUE_AMGR5Do&dib_tag=se&m=A3SFQLVXY8GUH2&marketplaceID=A39IBJ37TRP1C6&qid=1774741045&refinements=p_36%3A19500-20000&s=merchant-items&sr=1-165&xpid=4ig3QMQGcGEkj#customerReviews,Hijikata Toshizo Battle Ver.
B0045EOWKQ,,198.55,https://www.amazon.com.au/Little-busters-Ecstasy-Dotabata-ranking/dp/B0045EOWKQ/ref=sr_1_166?dib=eyJ2IjoiMSJ9.6xuuLYKdwetnA3_iqMuxfOFRfcMrWW-5SdDbROtEg_ohejUsqywuK9q8GAMpJsArKJyjA7wzmV9fGrK7wbyu6jm2xjOJZwypgNXEfbJZBg4x_rspAqI1AqgEOj01bEnqkDAHG9g27Az5NT2bRkEfOFlxBihH_p5JdrLUuAOGa_k.2B-nB-LRRdrO_CDfXetLeQpKLlRaxUH1dUE_AMGR5Do&dib_tag=se&m=A3SFQLVXY8GUH2&marketplaceID=A39IBJ37TRP1C6&qid=1774741045&refinements=p_36%3A19500-20000&s=merchant-items&sr=1-166&xpid=4ig3QMQGcGEkj#customerReviews,Little busters! Ecstasy Dotabata ranking battle
B00B46I1P0,,198.28,https://www.amazon.com.au/Titanium-double-cup-2PC-TW2/dp/B00B46I1P0/ref=sr_1_167?dib=eyJ2IjoiMSJ9.6xuuLYKdwetnA3_iqMuxfOFRfcMrWW-5SdDbROtEg_ohejUsqywuK9q8GAMpJsArKJyjA7wzmV9fGrK7wbyu6jm2xjOJZwypgNXEfbJZBg4x_rspAqI1AqgEOj01bEnqkDAHG9g27Az5NT2bRkEfOFlxBihH_p5JdrLUuAOGa_k.2B-nB-LRRdrO_CDfXetLeQpKLlRaxUH1dUE_AMGR5Do&dib_tag=se&m=A3SFQLVXY8GUH2&marketplaceID=A39IBJ37TRP1C6&qid=1774741045&refinements=p_36%3A19500-20000&s=merchant-items&sr=1-167&xpid=4ig3QMQGcGEkj#customerReviews,Titanium Double Cup Set of 2 TW2
B00B46I1P0,,,,
B07SS5VCL3,,196.7,https://www.amazon.com.au/Ultra-PRO-Magic-Gathering-Protector/dp/B07SS5VCL3/ref=sr_1_168?dib=eyJ2IjoiMSJ9.6xuuLYKdwetnA3_iqMuxfOFRfcMrWW-5SdDbROtEg_ohejUsqywuK9q8GAMpJsArKJyjA7wzmV9fGrK7wbyu6jm2xjOJZwypgNXEfbJZBg4x_rspAqI1AqgEOj01bEnqkDAHG9g27Az5NT2bRkEfOFlxBihH_p5JdrLUuAOGa_k.2B-nB-LRRdrO_CDfXetLeQpKLlRaxUH1dUE_AMGR5Do&dib_tag=se&m=A3SFQLVXY8GUH2&marketplaceID=A39IBJ37TRP1C6&qid=1774741045&refinements=p_36%3A19500-20000&s=merchant-items&sr=1-168&xpid=4ig3QMQGcGEkj#customerReviews,Ultra PRO Magic: The Gathering - Modern Horizons Wrenn and Six Deck Protector Sleeves (100 ct.)
B07SS5VCL3,,,,
B06XTWVF4K,,195.38,https://www.amazon.com.au/Bahco-BHTAH111M-36-BAHCO/dp/B06XTWVF4K/ref=sr_1_169?dib=eyJ2IjoiMSJ9.6xuuLYKdwetnA3_iqMuxfOFRfcMrWW-5SdDbROtEg_ohejUsqywuK9q8GAMpJsArKJyjA7wzmV9fGrK7wbyu6jm2xjOJZwypgNXEfbJZBg4x_rspAqI1AqgEOj01bEnqkDAHG9g27Az5NT2bRkEfOFlxBihH_p5JdrLUuAOGa_k.2B-nB-LRRdrO_CDfXetLeQpKLlRaxUH1dUE_AMGR5Do&dib_tag=se&m=A3SFQLVXY8GUH2&marketplaceID=A39IBJ37TRP1C6&qid=1774741045&refinements=p_36%3A19500-20000&s=merchant-items&sr=1-169&xpid=4ig3QMQGcGEkj,BAHCO BHTAH111M-36
B06XTWVF4K,,,,
B01MUERPRY,,197.42,https://www.amazon.com.au/DAIWA-Bi-Axis-Reel-Dynaster-Model/dp/B01MUERPRY/ref=sr_1_170?dib=eyJ2IjoiMSJ9.6xuuLYKdwetnA3_iqMuxfOFRfcMrWW-5SdDbROtEg_ohejUsqywuK9q8GAMpJsArKJyjA7wzmV9fGrK7wbyu6jm2xjOJZwypgNXEfbJZBg4x_rspAqI1AqgEOj01bEnqkDAHG9g27Az5NT2bRkEfOFlxBihH_p5JdrLUuAOGa_k.2B-nB-LRRdrO_CDfXetLeQpKLlRaxUH1dUE_AMGR5Do&dib_tag=se&m=A3SFQLVXY8GUH2&marketplaceID=A39IBJ37TRP1C6&qid=1774741045&refinements=p_36%3A19500-20000&s=merchant-items&sr=1-170&xpid=4ig3QMQGcGEkj#customerReviews,Daiwa 17 Dynastar Double Axis Reel 150/250/300 (2017 Model)
B01MUERPRY,,,,
B00PV9TNBW,,197.17,https://www.amazon.com.au/Grivel-Down-Ascender-Gold-Right/dp/B00PV9TNBW/ref=sr_1_171?dib=eyJ2IjoiMSJ9.6xuuLYKdwetnA3_iqMuxfOFRfcMrWW-5SdDbROtEg_ohejUsqywuK9q8GAMpJsArKJyjA7wzmV9fGrK7wbyu6jm2xjOJZwypgNXEfbJZBg4x_rspAqI1AqgEOj01bEnqkDAHG9g27Az5NT2bRkEfOFlxBihH_p5JdrLUuAOGa_k.2B-nB-LRRdrO_CDfXetLeQpKLlRaxUH1dUE_AMGR5Do&dib_tag=se&m=A3SFQLVXY8GUH2&marketplaceID=A39IBJ37TRP1C6&qid=1774741045&refinements=p_36%3A19500-20000&s=merchant-items&sr=1-171&xpid=4ig3QMQGcGEkj#customerReviews,Grivel Up & Down Ascender
B00PV9TNBW,,,,
B00OLYSTKY,,198.72,https://www.amazon.com.au/Fujifilm-Pureshito-in-pressure-MS-PS/dp/B00OLYSTKY/ref=sr_1_177?dib=eyJ2IjoiMSJ9.ww1KPsskdZdV5vYYCi8c8GFmuOy_e3pVj27-8vM1jo-aAFMDvlYJzRMuTZdlp1ttd3UTDJz4kvLOOx6Yl1-UfQ.uREqQVguqMHBZNM4lEyv5ikgBNnXiSHcj7sB1yld0yI&dib_tag=se&m=A3SFQLVXY8GUH2&marketplaceID=A39IBJ37TRP1C6&qid=1774741050&refinements=p_36%3A19500-20000&s=merchant-items&sr=1-177&xpid=4ig3QMQGcGEkj#customerReviews,Fujifilm Pureshito in pressure MS-PS
B00OLYSTKY,,,,
B00NTKQYFI,,199.33,https://www.amazon.com.au/Max-Factory-Kantai-Collection-Kancolle/dp/B00NTKQYFI/ref=sr_1_178?dib=eyJ2IjoiMSJ9.ww1KPsskdZdV5vYYCi8c8GFmuOy_e3pVj27-8vM1jo-aAFMDvlYJzRMuTZdlp1ttd3UTDJz4kvLOOx6Yl1-UfQ.uREqQVguqMHBZNM4lEyv5ikgBNnXiSHcj7sB1yld0yI&dib_tag=se&m=A3SFQLVXY8GUH2&marketplaceID=A39IBJ37TRP1C6&qid=1774741050&refinements=p_36%3A19500-20000&s=merchant-items&sr=1-178&xpid=4ig3QMQGcGEkj#customerReviews,Max Factory Kantai Collection: Kancolle: I-168 PVC Figure (Half Damage Version)
B00NKXDCAO,,197.38,https://www.amazon.com.au/Puzzle-100-perfect-spread-Kumonshuppan/dp/B00NKXDCAO/ref=sr_1_179?dib=eyJ2IjoiMSJ9.ww1KPsskdZdV5vYYCi8c8GFmuOy_e3pVj27-8vM1jo-aAFMDvlYJzRMuTZdlp1ttd3UTDJz4kvLOOx6Yl1-UfQ.uREqQVguqMHBZNM4lEyv5ikgBNnXiSHcj7sB1yld0yI&dib_tag=se&m=A3SFQLVXY8GUH2&marketplaceID=A39IBJ37TRP1C6&qid=1774741050&refinements=p_36%3A19500-20000&s=merchant-items&sr=1-179&xpid=4ig3QMQGcGEkj#customerReviews,Puzzle 100 is not Ka perfect spread by Kumonshuppan
B00MTHZEG2,,196.04,https://www.amazon.com.au/Yamako-hot-water-bath-83698/dp/B00MTHZEG2/ref=sr_1_180?dib=eyJ2IjoiMSJ9.ww1KPsskdZdV5vYYCi8c8GFmuOy_e3pVj27-8vM1jo-aAFMDvlYJzRMuTZdlp1ttd3UTDJz4kvLOOx6Yl1-UfQ.uREqQVguqMHBZNM4lEyv5ikgBNnXiSHcj7sB1yld0yI&dib_tag=se&m=A3SFQLVXY8GUH2&marketplaceID=A39IBJ37TRP1C6&qid=1774741050&refinements=p_36%3A19500-20000&s=merchant-items&sr=1-180&xpid=4ig3QMQGcGEkj,Yamako a hot water bath set 83698
B00MTHZEG2,,,,
B00ID1YSTM,,198.16,https://www.amazon.com.au/Kitts-bronze-KITZ-S-2B-50A/dp/B00ID1YSTM/ref=sr_1_181?dib=eyJ2IjoiMSJ9.ww1KPsskdZdV5vYYCi8c8GFmuOy_e3pVj27-8vM1jo-aAFMDvlYJzRMuTZdlp1ttd3UTDJz4kvLOOx6Yl1-UfQ.uREqQVguqMHBZNM4lEyv5ikgBNnXiSHcj7sB1yld0yI&dib_tag=se&m=A3SFQLVXY8GUH2&marketplaceID=A39IBJ37TRP1C6&qid=1774741050&refinements=p_36%3A19500-20000&s=merchant-items&sr=1-181&xpid=4ig3QMQGcGEkj,Kitts bronze 125 type gate valve KITZ-S 2B [50A]
B00ID1YSTM,,,,
B00IABN7I8,,195.75,https://www.amazon.com.au/Ebanyu-EVERNEW-Eco-M-11-20-EKA902/dp/B00IABN7I8/ref=sr_1_177?dib=eyJ2IjoiMSJ9.Zv9k_P6tsg7978jEfS1R2zuNfx0kGEm2aRfWrzfnTn4cBZM7dU9_DDjRoJ0RPWHPsmplbLnOxKPR583XCyvrBwgh7k3gsLD-fwa3H6ipplcLXtIhDJd9xIWn2oVllmDUzsOJD5hnzdzhJ1DJK5eXwHOTeu-rZ1l6Da14biRKmvM.I8HZf54jZJVX7zS42s09ngirNDI8vsHTpY32fjvfuwU&dib_tag=se&m=A3SFQLVXY8GUH2&marketplaceID=A39IBJ37TRP1C6&qid=1774741050&refinements=p_36%3A19500-20000&s=merchant-items&sr=1-177&xpid=4ig3QMQGcGEkj,Evernew EcoM Vest 10 Piece Set No. 11 to No. 20
B00IABN7I8,,,,
B00BCKYQOI,,199.73,https://www.amazon.com.au/Pferd-15430203-Diamond-DF2601-Blunted/dp/B00BCKYQOI/ref=sr_1_178?dib=eyJ2IjoiMSJ9.Zv9k_P6tsg7978jEfS1R2zuNfx0kGEm2aRfWrzfnTn4cBZM7dU9_DDjRoJ0RPWHPsmplbLnOxKPR583XCyvrBwgh7k3gsLD-fwa3H6ipplcLXtIhDJd9xIWn2oVllmDUzsOJD5hnzdzhJ1DJK5eXwHOTeu-rZ1l6Da14biRKmvM.I8HZf54jZJVX7zS42s09ngirNDI8vsHTpY32fjvfuwU&dib_tag=se&m=A3SFQLVXY8GUH2&marketplaceID=A39IBJ37TRP1C6&qid=1774741050&refinements=p_36%3A19500-20000&s=merchant-items&sr=1-178&xpid=4ig3QMQGcGEkj#customerReviews,Pferd 15430203 Handy Diamond Files DF2601 D181 Flat with Blunted Edge
B00BCKYQOI,,,,
B002P8Q4M8,,199.51,https://www.amazon.com.au/Super-Tool-KCT3/dp/B002P8Q4M8/ref=sr_1_179?dib=eyJ2IjoiMSJ9.Zv9k_P6tsg7978jEfS1R2zuNfx0kGEm2aRfWrzfnTn4cBZM7dU9_DDjRoJ0RPWHPsmplbLnOxKPR583XCyvrBwgh7k3gsLD-fwa3H6ipplcLXtIhDJd9xIWn2oVllmDUzsOJD5hnzdzhJ1DJK5eXwHOTeu-rZ1l6Da14biRKmvM.I8HZf54jZJVX7zS42s09ngirNDI8vsHTpY32fjvfuwU&dib_tag=se&m=A3SFQLVXY8GUH2&marketplaceID=A39IBJ37TRP1C6&qid=1774741050&refinements=p_36%3A19500-20000&s=merchant-items&sr=1-179&xpid=4ig3QMQGcGEkj,Super Tool Parting Holder - (with Bites) KCT3
B002P8Q4M8,,,,
B002K00TI6,,197.16,https://www.amazon.com.au/Lobtex-NSA6-4-V1000pcs/dp/B002K00TI6/ref=sr_1_180?dib=eyJ2IjoiMSJ9.Zv9k_P6tsg7978jEfS1R2zuNfx0kGEm2aRfWrzfnTn4cBZM7dU9_DDjRoJ0RPWHPsmplbLnOxKPR583XCyvrBwgh7k3gsLD-fwa3H6ipplcLXtIhDJd9xIWn2oVllmDUzsOJD5hnzdzhJ1DJK5eXwHOTeu-rZ1l6Da14biRKmvM.I8HZf54jZJVX7zS42s09ngirNDI8vsHTpY32fjvfuwU&dib_tag=se&m=A3SFQLVXY8GUH2&marketplaceID=A39IBJ37TRP1C6&qid=1774741050&refinements=p_36%3A19500-20000&s=merchant-items&sr=1-180&xpid=4ig3QMQGcGEkj#customerReviews,NSA6-4 (V1000pcs)
B002K00TI6,,,,
B002AQ51DS,,200.0,https://www.amazon.com.au/Head-Sonic-Pro-Tennis-String/dp/B002AQ51DS/ref=sr_1_181?dib=eyJ2IjoiMSJ9.Zv9k_P6tsg7978jEfS1R2zuNfx0kGEm2aRfWrzfnTn4cBZM7dU9_DDjRoJ0RPWHPsmplbLnOxKPR583XCyvrBwgh7k3gsLD-fwa3H6ipplcLXtIhDJd9xIWn2oVllmDUzsOJD5hnzdzhJ1DJK5eXwHOTeu-rZ1l6Da14biRKmvM.I8HZf54jZJVX7zS42s09ngirNDI8vsHTpY32fjvfuwU&dib_tag=se&m=A3SFQLVXY8GUH2&marketplaceID=A39IBJ37TRP1C6&qid=1774741050&refinements=p_36%3A19500-20000&s=merchant-items&sr=1-181&xpid=4ig3QMQGcGEkj#customerReviews,Head Sonic Pro Monofilament Tennis Racket String 660' Reel
B002AQ51DS,,,,
B002A5XNX4,,196.74,https://www.amazon.com.au/TBM603WK-TBM-603WK/dp/B002A5XNX4/ref=sr_1_182?dib=eyJ2IjoiMSJ9.Zv9k_P6tsg7978jEfS1R2zuNfx0kGEm2aRfWrzfnTn4cBZM7dU9_DDjRoJ0RPWHPsmplbLnOxKPR583XCyvrBwgh7k3gsLD-fwa3H6ipplcLXtIhDJd9xIWn2oVllmDUzsOJD5hnzdzhJ1DJK5eXwHOTeu-rZ1l6Da14biRKmvM.I8HZf54jZJVX7zS42s09ngirNDI8vsHTpY32fjvfuwU&dib_tag=se&m=A3SFQLVXY8GUH2&marketplaceID=A39IBJ37TRP1C6&qid=1774741050&refinements=p_36%3A19500-20000&s=merchant-items&sr=1-182&xpid=4ig3QMQGcGEkj#customerReviews,TBM-603WK
B002A5XNX4,,,,
B002A5U7NI,,199.98,https://www.amazon.com.au/TK200-TK-200/dp/B002A5U7NI/ref=sr_1_183?dib=eyJ2IjoiMSJ9.Zv9k_P6tsg7978jEfS1R2zuNfx0kGEm2aRfWrzfnTn4cBZM7dU9_DDjRoJ0RPWHPsmplbLnOxKPR583XCyvrBwgh7k3gsLD-fwa3H6ipplcLXtIhDJd9xIWn2oVllmDUzsOJD5hnzdzhJ1DJK5eXwHOTeu-rZ1l6Da14biRKmvM.I8HZf54jZJVX7zS42s09ngirNDI8vsHTpY32fjvfuwU&dib_tag=se&m=A3SFQLVXY8GUH2&marketplaceID=A39IBJ37TRP1C6&qid=1774741050&refinements=p_36%3A19500-20000&s=merchant-items&sr=1-183&xpid=4ig3QMQGcGEkj,TK-200
B002A5U7NI,,,,
B001U7B0O2,,199.81,https://www.amazon.com.au/Punching-Wooden-Handle-Spaghetti-Trowel/dp/B001U7B0O2/ref=sr_1_184?dib=eyJ2IjoiMSJ9.Zv9k_P6tsg7978jEfS1R2zuNfx0kGEm2aRfWrzfnTn4cBZM7dU9_DDjRoJ0RPWHPsmplbLnOxKPR583XCyvrBwgh7k3gsLD-fwa3H6ipplcLXtIhDJd9xIWn2oVllmDUzsOJD5hnzdzhJ1DJK5eXwHOTeu-rZ1l6Da14biRKmvM.I8HZf54jZJVX7zS42s09ngirNDI8vsHTpY32fjvfuwU&dib_tag=se&m=A3SFQLVXY8GUH2&marketplaceID=A39IBJ37TRP1C6&qid=1774741050&refinements=p_36%3A19500-20000&s=merchant-items&sr=1-184&xpid=4ig3QMQGcGEkj,UK 18-8 Punching Wooden Handle Spaghetti Trowel 4.5 inches (115 mm) Deep Type
B001U7B0O2,,,,
B001TV9Z28,,195.7,https://www.amazon.com.au/Slim-molybdenum-ladle-large-MR-468/dp/B001TV9Z28/ref=sr_1_185?dib=eyJ2IjoiMSJ9.Zv9k_P6tsg7978jEfS1R2zuNfx0kGEm2aRfWrzfnTn4cBZM7dU9_DDjRoJ0RPWHPsmplbLnOxKPR583XCyvrBwgh7k3gsLD-fwa3H6ipplcLXtIhDJd9xIWn2oVllmDUzsOJD5hnzdzhJ1DJK5eXwHOTeu-rZ1l6Da14biRKmvM.I8HZf54jZJVX7zS42s09ngirNDI8vsHTpY32fjvfuwU&dib_tag=se&m=A3SFQLVXY8GUH2&marketplaceID=A39IBJ37TRP1C6&qid=1774741050&refinements=p_36%3A19500-20000&s=merchant-items&sr=1-185&xpid=4ig3QMQGcGEkj,"Mr. MR-468 Slim Ladle, Large, Made in Japan"
B001TV9Z28,,,,
B001EFC7YC,,197.7,https://www.amazon.com.au/Moriwaki-Black-Street-CBR1000RR-05030-21199-00/dp/B001EFC7YC/ref=sr_1_186?dib=eyJ2IjoiMSJ9.Zv9k_P6tsg7978jEfS1R2zuNfx0kGEm2aRfWrzfnTn4cBZM7dU9_DDjRoJ0RPWHPsmplbLnOxKPR583XCyvrBwgh7k3gsLD-fwa3H6ipplcLXtIhDJd9xIWn2oVllmDUzsOJD5hnzdzhJ1DJK5eXwHOTeu-rZ1l6Da14biRKmvM.I8HZf54jZJVX7zS42s09ngirNDI8vsHTpY32fjvfuwU&dib_tag=se&m=A3SFQLVXY8GUH2&marketplaceID=A39IBJ37TRP1C6&qid=1774741050&refinements=p_36%3A19500-20000&s=merchant-items&sr=1-186&xpid=4ig3QMQGcGEkj,Moriwaki skid pad Black Street CBR1000RR (04-11) 05030-21199-00
B001EFC7YC,,,,
B000TGALZO,,195.27,https://www.amazon.com.au/Lobtex-HND105/dp/B000TGALZO/ref=sr_1_187?dib=eyJ2IjoiMSJ9.Zv9k_P6tsg7978jEfS1R2zuNfx0kGEm2aRfWrzfnTn4cBZM7dU9_DDjRoJ0RPWHPsmplbLnOxKPR583XCyvrBwgh7k3gsLD-fwa3H6ipplcLXtIhDJd9xIWn2oVllmDUzsOJD5hnzdzhJ1DJK5eXwHOTeu-rZ1l6Da14biRKmvM.I8HZf54jZJVX7zS42s09ngirNDI8vsHTpY32fjvfuwU&dib_tag=se&m=A3SFQLVXY8GUH2&marketplaceID=A39IBJ37TRP1C6&qid=1774741050&refinements=p_36%3A19500-20000&s=merchant-items&sr=1-187&xpid=4ig3QMQGcGEkj#customerReviews,Robtex Shrimp Hand Nutter Tool Kid HND105
B000TGALZO,,,,
B000I4ZW9M,,198.16,https://www.amazon.com.au/Fate-Hollow-Ataraxia-Sakura-Swimsuit/dp/B000I4ZW9M/ref=sr_1_193?dib=eyJ2IjoiMSJ9.qHJ6ZUtbV-gFrx4BKKf4gdK52hAk2z2H9k2WPqO8n6-drJf6ySv4W39Irl0RnX9k-TjyYukzu6-kn9OhrqjMPA.7ZtM8Pt5F46-wN3D7_0W3_X14Juwze1gOl7KXvqyIKw&dib_tag=se&m=A3SFQLVXY8GUH2&marketplaceID=A39IBJ37TRP1C6&qid=1774741056&refinements=p_36%3A19500-20000&s=merchant-items&sr=1-193&xpid=4ig3QMQGcGEkj#customerReviews,Fate/Hollow Ataraxia: Sakura Matou Swimsuit Ver. PVC Statue 1/6 Scale
B000AS9NH8,,198.84,https://www.amazon.com.au/Gothenburg-GOSEN-tennis-Aussie-TS4022W/dp/B000AS9NH8/ref=sr_1_194?dib=eyJ2IjoiMSJ9.qHJ6ZUtbV-gFrx4BKKf4gdK52hAk2z2H9k2WPqO8n6-drJf6ySv4W39Irl0RnX9k-TjyYukzu6-kn9OhrqjMPA.7ZtM8Pt5F46-wN3D7_0W3_X14Juwze1gOl7KXvqyIKw&dib_tag=se&m=A3SFQLVXY8GUH2&marketplaceID=A39IBJ37TRP1C6&qid=1774741056&refinements=p_36%3A19500-20000&s=merchant-items&sr=1-194&xpid=4ig3QMQGcGEkj#customerReviews,"GOSEN TS4022W Hard Tennis Strung Aussie Sheep, Micro Super 3.9 gal (15 L) Roll, White"
B000AS9NH8,,,,
B0002HWJZU,,198.65,https://www.amazon.com.au/geobra-Branstatter-3284-Playmobil-Voyager/dp/B0002HWJZU/ref=sr_1_195?dib=eyJ2IjoiMSJ9.qHJ6ZUtbV-gFrx4BKKf4gdK52hAk2z2H9k2WPqO8n6-drJf6ySv4W39Irl0RnX9k-TjyYukzu6-kn9OhrqjMPA.7ZtM8Pt5F46-wN3D7_0W3_X14Juwze1gOl7KXvqyIKw&dib_tag=se&m=A3SFQLVXY8GUH2&marketplaceID=A39IBJ37TRP1C6&qid=1774741056&refinements=p_36%3A19500-20000&s=merchant-items&sr=1-195&xpid=4ig3QMQGcGEkj,Playmobil 3284 Alien Voyager
B001EQH4NU,,195.33,https://www.amazon.com.au/Machine-KTC-Neplos-T-Shaped-NBHT3/dp/B001EQH4NU/ref=sr_1_196?dib=eyJ2IjoiMSJ9.qHJ6ZUtbV-gFrx4BKKf4gdK52hAk2z2H9k2WPqO8n6-drJf6ySv4W39Irl0RnX9k-TjyYukzu6-kn9OhrqjMPA.7ZtM8Pt5F46-wN3D7_0W3_X14Juwze1gOl7KXvqyIKw&dib_tag=se&m=A3SFQLVXY8GUH2&marketplaceID=A39IBJ37TRP1C6&qid=1774741056&refinements=p_36%3A19500-20000&s=merchant-items&sr=1-196&xpid=4ig3QMQGcGEkj#customerReviews,Kyoto Machine Tools (KTC) Neplos T-Shaped Handle NBHT3
B001EQH4NU,,,,
B07WGYG2DB,,197.92,https://www.amazon.com.au/Fotodiox-Adapter-Compatible-F-Mount-Cameras/dp/B07WGYG2DB/ref=sr_1_197?dib=eyJ2IjoiMSJ9.qHJ6ZUtbV-gFrx4BKKf4gdK52hAk2z2H9k2WPqO8n6-drJf6ySv4W39Irl0RnX9k-TjyYukzu6-kn9OhrqjMPA.7ZtM8Pt5F46-wN3D7_0W3_X14Juwze1gOl7KXvqyIKw&dib_tag=se&m=A3SFQLVXY8GUH2&marketplaceID=A39IBJ37TRP1C6&qid=1774741056&refinements=p_36%3A19500-20000&s=merchant-items&sr=1-197&xpid=4ig3QMQGcGEkj#customerReviews,Fotodiox Pro Shift Lens Mount Adapter Compatible with Nikon F-Mount G-Type Lenses to Sony E-Mount Cameras
B07WGYG2DB,,,,
B0761QW7YN,,197.17,https://www.amazon.com.au/Mikashima-Sylvan-touring-Superior-SYLVAN/dp/B0761QW7YN/ref=sr_1_193?dib=eyJ2IjoiMSJ9.GT5vrheL1ZDF9u2orhgFI6bk6YpslrrfTiKNotn1QPv5dyRCOddGP21ERTiiSk5akAIxMemLbWXcQoxkN38KCLnUHNigjGi6l3BfOzZXdQGmnryCL3FoPS37l7ONT8_HyrghXOydQEp9BYP07OGb8w.dRQslrqxEkQZNPnvdf2gWna6m4t1PQxMdBWFllMbNQg&dib_tag=se&m=A3SFQLVXY8GUH2&marketplaceID=A39IBJ37TRP1C6&qid=1774741056&refinements=p_36%3A19500-20000&s=merchant-items&sr=1-193&xpid=4ig3QMQGcGEkj#customerReviews,"MKS Sylvan Road Next Pedal, Made in Japan, Sylvan Road Next, Left and Right Set Pedal"
B0761QW7YN,,,,
B071VZZ3L6,,199.71,https://www.amazon.com.au/blistering-Model-72New-4Ultra-Plastic/dp/B071VZZ3L6/ref=sr_1_194?dib=eyJ2IjoiMSJ9.GT5vrheL1ZDF9u2orhgFI6bk6YpslrrfTiKNotn1QPv5dyRCOddGP21ERTiiSk5akAIxMemLbWXcQoxkN38KCLnUHNigjGi6l3BfOzZXdQGmnryCL3FoPS37l7ONT8_HyrghXOydQEp9BYP07OGb8w.dRQslrqxEkQZNPnvdf2gWna6m4t1PQxMdBWFllMbNQg&dib_tag=se&m=A3SFQLVXY8GUH2&marketplaceID=A39IBJ37TRP1C6&qid=1774741056&refinements=p_36%3A19500-20000&s=merchant-items&sr=1-194&xpid=4ig3QMQGcGEkj#customerReviews,Fujimi 1/72 TS-4 Ultra Hawk 1 Plastic Model Kit
B071VZZ3L6,,,,
B011TTIIDG,,195.7,https://www.amazon.com.au/Sugino-CBBAL-110-70-cartridge-bottom-bracket/dp/B011TTIIDG/ref=sr_1_195?dib=eyJ2IjoiMSJ9.GT5vrheL1ZDF9u2orhgFI6bk6YpslrrfTiKNotn1QPv5dyRCOddGP21ERTiiSk5akAIxMemLbWXcQoxkN38KCLnUHNigjGi6l3BfOzZXdQGmnryCL3FoPS37l7ONT8_HyrghXOydQEp9BYP07OGb8w.dRQslrqxEkQZNPnvdf2gWna6m4t1PQxMdBWFllMbNQg&dib_tag=se&m=A3SFQLVXY8GUH2&marketplaceID=A39IBJ37TRP1C6&qid=1774741056&refinements=p_36%3A19500-20000&s=merchant-items&sr=1-195&xpid=4ig3QMQGcGEkj,Sugino (Sugino) CBBAL-110-70 cartridge bottom bracket
B011TTIIDG,,,,
B011NTDOTU,,195.82,https://www.amazon.com.au/Kijima-heater-switch-built-304-8200/dp/B011NTDOTU/ref=sr_1_196?dib=eyJ2IjoiMSJ9.GT5vrheL1ZDF9u2orhgFI6bk6YpslrrfTiKNotn1QPv5dyRCOddGP21ERTiiSk5akAIxMemLbWXcQoxkN38KCLnUHNigjGi6l3BfOzZXdQGmnryCL3FoPS37l7ONT8_HyrghXOydQEp9BYP07OGb8w.dRQslrqxEkQZNPnvdf2gWna6m4t1PQxMdBWFllMbNQg&dib_tag=se&m=A3SFQLVXY8GUH2&marketplaceID=A39IBJ37TRP1C6&qid=1774741056&refinements=p_36%3A19500-20000&s=merchant-items&sr=1-196&xpid=4ig3QMQGcGEkj#customerReviews,Kijima (Kijima) Grip Heater GH07 inch 130mm Switch Built-in 304-8200
B011NTDOTU,,,,
B00CXI3978,,195.92,https://www.amazon.com.au/closers-S-122P-bronze-latching-action/dp/B00CXI3978/ref=sr_1_197?dib=eyJ2IjoiMSJ9.GT5vrheL1ZDF9u2orhgFI6bk6YpslrrfTiKNotn1QPv5dyRCOddGP21ERTiiSk5akAIxMemLbWXcQoxkN38KCLnUHNigjGi6l3BfOzZXdQGmnryCL3FoPS37l7ONT8_HyrghXOydQEp9BYP07OGb8w.dRQslrqxEkQZNPnvdf2gWna6m4t1PQxMdBWFllMbNQg&dib_tag=se&m=A3SFQLVXY8GUH2&marketplaceID=A39IBJ37TRP1C6&qid=1774741056&refinements=p_36%3A19500-20000&s=merchant-items&sr=1-197&xpid=4ig3QMQGcGEkj#customerReviews,Ryobi Door Closer with 3 Valve Latching Action S-122P C1 Bronze
B00CXI3978,,,,
B00CS0HQ9S,,195.32,https://www.amazon.com.au/Pearl-P-830-Bass-Drum-Pedal/dp/B00CS0HQ9S/ref=sr_1_198?dib=eyJ2IjoiMSJ9.GT5vrheL1ZDF9u2orhgFI6bk6YpslrrfTiKNotn1QPv5dyRCOddGP21ERTiiSk5akAIxMemLbWXcQoxkN38KCLnUHNigjGi6l3BfOzZXdQGmnryCL3FoPS37l7ONT8_HyrghXOydQEp9BYP07OGb8w.dRQslrqxEkQZNPnvdf2gWna6m4t1PQxMdBWFllMbNQg&dib_tag=se&m=A3SFQLVXY8GUH2&marketplaceID=A39IBJ37TRP1C6&qid=1774741056&refinements=p_36%3A19500-20000&s=merchant-items&sr=1-198&xpid=4ig3QMQGcGEkj#customerReviews,Pearl Single Bass Drum Pedal P-830 - Single Chain - Demon Style Longboard
B00CS0HQ9S,,,,
B004Q7INFW,,197.47,https://www.amazon.com.au/Maurice-MORRIS-Baribasu-Abani-casting/dp/B004Q7INFW/ref=sr_1_199?dib=eyJ2IjoiMSJ9.GT5vrheL1ZDF9u2orhgFI6bk6YpslrrfTiKNotn1QPv5dyRCOddGP21ERTiiSk5akAIxMemLbWXcQoxkN38KCLnUHNigjGi6l3BfOzZXdQGmnryCL3FoPS37l7ONT8_HyrghXOydQEp9BYP07OGb8w.dRQslrqxEkQZNPnvdf2gWna6m4t1PQxMdBWFllMbNQg&dib_tag=se&m=A3SFQLVXY8GUH2&marketplaceID=A39IBJ37TRP1C6&qid=1774741056&refinements=p_36%3A19500-20000&s=merchant-items&sr=1-199&xpid=4ig3QMQGcGEkj#customerReviews,VARIVAS Avani Casting SMP PE
B002ZJXQ5K,,195.51,https://www.amazon.com.au/Southern-Iron-plow-Shonabe-20038/dp/B002ZJXQ5K/ref=sr_1_200?dib=eyJ2IjoiMSJ9.GT5vrheL1ZDF9u2orhgFI6bk6YpslrrfTiKNotn1QPv5dyRCOddGP21ERTiiSk5akAIxMemLbWXcQoxkN38KCLnUHNigjGi6l3BfOzZXdQGmnryCL3FoPS37l7ONT8_HyrghXOydQEp9BYP07OGb8w.dRQslrqxEkQZNPnvdf2gWna6m4t1PQxMdBWFllMbNQg&dib_tag=se&m=A3SFQLVXY8GUH2&marketplaceID=A39IBJ37TRP1C6&qid=1774741056&refinements=p_36%3A19500-20000&s=merchant-items&sr=1-200&xpid=4ig3QMQGcGEkj#customerReviews,Southern Iron plow Shonabe 24cm with vine 20038
B002ZJXQ5K,,,,
B000PIX0TK,,195.32,https://www.amazon.com.au/BUNDOK-Bandokku-BD-381-barbecue-cuisine/dp/B000PIX0TK/ref=sr_1_201?dib=eyJ2IjoiMSJ9.GT5vrheL1ZDF9u2orhgFI6bk6YpslrrfTiKNotn1QPv5dyRCOddGP21ERTiiSk5akAIxMemLbWXcQoxkN38KCLnUHNigjGi6l3BfOzZXdQGmnryCL3FoPS37l7ONT8_HyrghXOydQEp9BYP07OGb8w.dRQslrqxEkQZNPnvdf2gWna6m4t1PQxMdBWFllMbNQg&dib_tag=se&m=A3SFQLVXY8GUH2&marketplaceID=A39IBJ37TRP1C6&qid=1774741056&refinements=p_36%3A19500-20000&s=merchant-items&sr=1-201&xpid=4ig3QMQGcGEkj#customerReviews,"BUNDOK Dodge Oven with Lid Lifter BD-381 1.6 gal (4.2 L) Barbecue, Camping, Cooking, Black"
B000PIX0TK,,,,
