ASIN,Brand,Price,URL,Title
B0BZCYM473,Vinyl,80.13,https://www.amazon.com.au/Lo-fi-City-Grey-October-Sound/dp/B0BZCYM473/ref=sr_1_1?dib=eyJ2IjoiMSJ9.mA5pXJUXUx7lyOW3uDuZLrGa8XLupsJwaKU_u_CKq4jkth77Pq4s40S5fnnh6qOBKni5a82xW9uwg7bLbZUZR5ZT-QykTlwImOz3XazIXpOuvJ6UczPVdu47Da2PCXkRnHbgdRXu_4UPWQnNKhQDI42q5s0BVfhrq0Ubz1MzZnd_e1l8vtD_nbO7RdohUruIDaC2BzPvuU_FRbUXPZe2gho9AkLrcC82xwvoEAGLgME.48r49PH0TdtUgQ_NU4P420dWc-4CTjmLUtGUY-oeul0&dib_tag=se&m=A504JA83FLAZB&marketplaceID=A39IBJ37TRP1C6&qid=1777067838&refinements=p_36%3A8000-8500&s=merchant-items&sr=1-1#customerReviews,Lo-fi City Pop
B07F5SPBXB,,84.28,https://www.amazon.com.au/Ninja-hien-Mid-Wine-Red/dp/B07F5SPBXB/ref=sr_1_2?dib=eyJ2IjoiMSJ9.mA5pXJUXUx7lyOW3uDuZLrGa8XLupsJwaKU_u_CKq4jkth77Pq4s40S5fnnh6qOBKni5a82xW9uwg7bLbZUZR5ZT-QykTlwImOz3XazIXpOuvJ6UczPVdu47Da2PCXkRnHbgdRXu_4UPWQnNKhQDI42q5s0BVfhrq0Ubz1MzZnd_e1l8vtD_nbO7RdohUruIDaC2BzPvuU_FRbUXPZe2gho9AkLrcC82xwvoEAGLgME.48r49PH0TdtUgQ_NU4P420dWc-4CTjmLUtGUY-oeul0&dib_tag=se&m=A504JA83FLAZB&marketplaceID=A39IBJ37TRP1C6&qid=1777067838&refinements=p_36%3A8000-8500&s=merchant-items&sr=1-2#customerReviews,Ninja FX hien Mid M Wine Red
B07F5SPBXB,,,,
B07WZFHC6N,,81.03,https://www.amazon.com.au/RDBS11-Ratchet-Driver-Insert-Pieces/dp/B07WZFHC6N/ref=sr_1_3?dib=eyJ2IjoiMSJ9.mA5pXJUXUx7lyOW3uDuZLrGa8XLupsJwaKU_u_CKq4jkth77Pq4s40S5fnnh6qOBKni5a82xW9uwg7bLbZUZR5ZT-QykTlwImOz3XazIXpOuvJ6UczPVdu47Da2PCXkRnHbgdRXu_4UPWQnNKhQDI42q5s0BVfhrq0Ubz1MzZnd_e1l8vtD_nbO7RdohUruIDaC2BzPvuU_FRbUXPZe2gho9AkLrcC82xwvoEAGLgME.48r49PH0TdtUgQ_NU4P420dWc-4CTjmLUtGUY-oeul0&dib_tag=se&m=A504JA83FLAZB&marketplaceID=A39IBJ37TRP1C6&qid=1777067838&refinements=p_36%3A8000-8500&s=merchant-items&sr=1-3#customerReviews,"Tone RDBS11 Ball Ratchet Driver Set, Bit Insert, Black, 11 Pieces"
B07WZFHC6N,,,,
B08KH544LB,,84.94,https://www.amazon.com.au/Moz-COMBI-ZZEI-ZZEI-24-Shoulder-Black/dp/B08KH544LB/ref=sr_1_4?dib=eyJ2IjoiMSJ9.mA5pXJUXUx7lyOW3uDuZLrGa8XLupsJwaKU_u_CKq4jkth77Pq4s40S5fnnh6qOBKni5a82xW9uwg7bLbZUZR5ZT-QykTlwImOz3XazIXpOuvJ6UczPVdu47Da2PCXkRnHbgdRXu_4UPWQnNKhQDI42q5s0BVfhrq0Ubz1MzZnd_e1l8vtD_nbO7RdohUruIDaC2BzPvuU_FRbUXPZe2gho9AkLrcC82xwvoEAGLgME.48r49PH0TdtUgQ_NU4P420dWc-4CTjmLUtGUY-oeul0&dib_tag=se&m=A504JA83FLAZB&marketplaceID=A39IBJ37TRP1C6&qid=1777067838&refinements=p_36%3A8000-8500&s=merchant-items&sr=1-4,"Mozu ZZEI-24 Backpack, Lightweight, Small, Work Bag, Mini Backpack, Solid Color, Zipper Back, Women's, Men's, Flap Shoulder Bag"
B08KH544LB,,,,
B0018CZQVC,Audio CD,82.16,https://www.amazon.com.au/Viva-Vida-Coldplay/dp/B0018CZQVC/ref=sr_1_5?dib=eyJ2IjoiMSJ9.mA5pXJUXUx7lyOW3uDuZLrGa8XLupsJwaKU_u_CKq4jkth77Pq4s40S5fnnh6qOBKni5a82xW9uwg7bLbZUZR5ZT-QykTlwImOz3XazIXpOuvJ6UczPVdu47Da2PCXkRnHbgdRXu_4UPWQnNKhQDI42q5s0BVfhrq0Ubz1MzZnd_e1l8vtD_nbO7RdohUruIDaC2BzPvuU_FRbUXPZe2gho9AkLrcC82xwvoEAGLgME.48r49PH0TdtUgQ_NU4P420dWc-4CTjmLUtGUY-oeul0&dib_tag=se&m=A504JA83FLAZB&marketplaceID=A39IBJ37TRP1C6&qid=1777067838&refinements=p_36%3A8000-8500&s=merchant-items&sr=1-5#customerReviews,Viva La Vida
B002TEVPNG,,82.17,https://www.amazon.com.au/BH15-BH-15/dp/B002TEVPNG/ref=sr_1_6?dib=eyJ2IjoiMSJ9.mA5pXJUXUx7lyOW3uDuZLrGa8XLupsJwaKU_u_CKq4jkth77Pq4s40S5fnnh6qOBKni5a82xW9uwg7bLbZUZR5ZT-QykTlwImOz3XazIXpOuvJ6UczPVdu47Da2PCXkRnHbgdRXu_4UPWQnNKhQDI42q5s0BVfhrq0Ubz1MzZnd_e1l8vtD_nbO7RdohUruIDaC2BzPvuU_FRbUXPZe2gho9AkLrcC82xwvoEAGLgME.48r49PH0TdtUgQ_NU4P420dWc-4CTjmLUtGUY-oeul0&dib_tag=se&m=A504JA83FLAZB&marketplaceID=A39IBJ37TRP1C6&qid=1777067838&refinements=p_36%3A8000-8500&s=merchant-items&sr=1-6#customerReviews,"TONE BH-15 Black Shaft Hammer, Black, 1.5lb"
B002TEVPNG,,,,
B00ATL91TG,,82.75,https://www.amazon.com.au/WAHEI-FREIZ-Tempura-IH-compatible-TM-9090/dp/B00ATL91TG/ref=sr_1_7?dib=eyJ2IjoiMSJ9.mA5pXJUXUx7lyOW3uDuZLrGa8XLupsJwaKU_u_CKq4jkth77Pq4s40S5fnnh6qOBKni5a82xW9uwg7bLbZUZR5ZT-QykTlwImOz3XazIXpOuvJ6UczPVdu47Da2PCXkRnHbgdRXu_4UPWQnNKhQDI42q5s0BVfhrq0Ubz1MzZnd_e1l8vtD_nbO7RdohUruIDaC2BzPvuU_FRbUXPZe2gho9AkLrcC82xwvoEAGLgME.48r49PH0TdtUgQ_NU4P420dWc-4CTjmLUtGUY-oeul0&dib_tag=se&m=A504JA83FLAZB&marketplaceID=A39IBJ37TRP1C6&qid=1777067838&refinements=p_36%3A8000-8500&s=merchant-items&sr=1-7#customerReviews,"Wahei Freiz TM-9090 Tempura Pot, Imono Koji from Tsubamesanjo, 9.4 inches (24 cm), Iron, Lid Included, Induction Compatible, Made in Japan"
B00ATL91TG,,,,
B0106XFCPI,Windows XP,83.13,https://www.amazon.com.au/PS4-025-Horipad-FPS-Plus/dp/B0106XFCPI/ref=sr_1_8?dib=eyJ2IjoiMSJ9.mA5pXJUXUx7lyOW3uDuZLrGa8XLupsJwaKU_u_CKq4jkth77Pq4s40S5fnnh6qOBKni5a82xW9uwg7bLbZUZR5ZT-QykTlwImOz3XazIXpOuvJ6UczPVdu47Da2PCXkRnHbgdRXu_4UPWQnNKhQDI42q5s0BVfhrq0Ubz1MzZnd_e1l8vtD_nbO7RdohUruIDaC2BzPvuU_FRbUXPZe2gho9AkLrcC82xwvoEAGLgME.48r49PH0TdtUgQ_NU4P420dWc-4CTjmLUtGUY-oeul0&dib_tag=se&m=A504JA83FLAZB&marketplaceID=A39IBJ37TRP1C6&qid=1777067838&refinements=p_36%3A8000-8500&s=merchant-items&sr=1-8#customerReviews,"Holi USB Holi Pad FPS Plus for PS4, Black"
B0106XFCPI,,,,
B07P55SGWV,,84.39,https://www.amazon.com.au/Yamazaki-Accessory-Tray-Jewelry-Storage-Organizer/dp/B07P55SGWV/ref=sr_1_9?dib=eyJ2IjoiMSJ9.mA5pXJUXUx7lyOW3uDuZLrGa8XLupsJwaKU_u_CKq4jkth77Pq4s40S5fnnh6qOBKni5a82xW9uwg7bLbZUZR5ZT-QykTlwImOz3XazIXpOuvJ6UczPVdu47Da2PCXkRnHbgdRXu_4UPWQnNKhQDI42q5s0BVfhrq0Ubz1MzZnd_e1l8vtD_nbO7RdohUruIDaC2BzPvuU_FRbUXPZe2gho9AkLrcC82xwvoEAGLgME.48r49PH0TdtUgQ_NU4P420dWc-4CTjmLUtGUY-oeul0&dib_tag=se&m=A504JA83FLAZB&marketplaceID=A39IBJ37TRP1C6&qid=1777067838&refinements=p_36%3A8000-8500&s=merchant-items&sr=1-9#customerReviews,"Yamazaki Home Stand 4-Tier Accessory Tray Holder & Storage Steel | Jewelry Organizer, One Size, Black"
B07P55SGWV,,,,
B011TM49O0,Audio CD,80.79,https://www.amazon.com.au/MOONLIGHT-SERENADE-SIMONE/dp/B011TM49O0/ref=sr_1_10?dib=eyJ2IjoiMSJ9.mA5pXJUXUx7lyOW3uDuZLrGa8XLupsJwaKU_u_CKq4jkth77Pq4s40S5fnnh6qOBKni5a82xW9uwg7bLbZUZR5ZT-QykTlwImOz3XazIXpOuvJ6UczPVdu47Da2PCXkRnHbgdRXu_4UPWQnNKhQDI42q5s0BVfhrq0Ubz1MzZnd_e1l8vtD_nbO7RdohUruIDaC2BzPvuU_FRbUXPZe2gho9AkLrcC82xwvoEAGLgME.48r49PH0TdtUgQ_NU4P420dWc-4CTjmLUtGUY-oeul0&dib_tag=se&m=A504JA83FLAZB&marketplaceID=A39IBJ37TRP1C6&qid=1777067838&refinements=p_36%3A8000-8500&s=merchant-items&sr=1-10#customerReviews,Moomlight Serenade
B004OPYKJY,,80.04,https://www.amazon.com.au/PCG3-B400W/dp/B004OPYKJY/ref=sr_1_11?dib=eyJ2IjoiMSJ9.mA5pXJUXUx7lyOW3uDuZLrGa8XLupsJwaKU_u_CKq4jkth77Pq4s40S5fnnh6qOBKni5a82xW9uwg7bLbZUZR5ZT-QykTlwImOz3XazIXpOuvJ6UczPVdu47Da2PCXkRnHbgdRXu_4UPWQnNKhQDI42q5s0BVfhrq0Ubz1MzZnd_e1l8vtD_nbO7RdohUruIDaC2BzPvuU_FRbUXPZe2gho9AkLrcC82xwvoEAGLgME.48r49PH0TdtUgQ_NU4P420dWc-4CTjmLUtGUY-oeul0&dib_tag=se&m=A504JA83FLAZB&marketplaceID=A39IBJ37TRP1C6&qid=1777067838&refinements=p_36%3A8000-8500&s=merchant-items&sr=1-11#customerReviews,PCG3-B400W
B004OPYKJY,,,,
B08B3PDKPK,,80.89,https://www.amazon.com.au/Shimano-MF-TZ510-7-Speed-Spoke-Protection/dp/B08B3PDKPK/ref=sr_1_12?dib=eyJ2IjoiMSJ9.mA5pXJUXUx7lyOW3uDuZLrGa8XLupsJwaKU_u_CKq4jkth77Pq4s40S5fnnh6qOBKni5a82xW9uwg7bLbZUZR5ZT-QykTlwImOz3XazIXpOuvJ6UczPVdu47Da2PCXkRnHbgdRXu_4UPWQnNKhQDI42q5s0BVfhrq0Ubz1MzZnd_e1l8vtD_nbO7RdohUruIDaC2BzPvuU_FRbUXPZe2gho9AkLrcC82xwvoEAGLgME.48r49PH0TdtUgQ_NU4P420dWc-4CTjmLUtGUY-oeul0&dib_tag=se&m=A504JA83FLAZB&marketplaceID=A39IBJ37TRP1C6&qid=1777067838&refinements=p_36%3A8000-8500&s=merchant-items&sr=1-12#customerReviews,Shimano MF-TZ510 7-Speed Cowl Ring with Spoke Protection Disc Brown/Black
B08B3PDKPK,,,,
B07STGZM5V,Audio CD,80.72,https://www.amazon.com.au/DIAMONDS-SHM-CD-Elton-John/dp/B07STGZM5V/ref=sr_1_13?dib=eyJ2IjoiMSJ9.mA5pXJUXUx7lyOW3uDuZLrGa8XLupsJwaKU_u_CKq4jkth77Pq4s40S5fnnh6qOBKni5a82xW9uwg7bLbZUZR5ZT-QykTlwImOz3XazIXpOuvJ6UczPVdu47Da2PCXkRnHbgdRXu_4UPWQnNKhQDI42q5s0BVfhrq0Ubz1MzZnd_e1l8vtD_nbO7RdohUruIDaC2BzPvuU_FRbUXPZe2gho9AkLrcC82xwvoEAGLgME.48r49PH0TdtUgQ_NU4P420dWc-4CTjmLUtGUY-oeul0&dib_tag=se&m=A504JA83FLAZB&marketplaceID=A39IBJ37TRP1C6&qid=1777067838&refinements=p_36%3A8000-8500&s=merchant-items&sr=1-13#customerReviews,DIAMONDS (SHM-CD)
B0B8CRYG8Y,,82.29,https://www.amazon.com.au/Delfonics-Water-Repellent-Inner-Carrying/dp/B0B8CRYG8Y/ref=sr_1_14?dib=eyJ2IjoiMSJ9.mA5pXJUXUx7lyOW3uDuZLrGa8XLupsJwaKU_u_CKq4jkth77Pq4s40S5fnnh6qOBKni5a82xW9uwg7bLbZUZR5ZT-QykTlwImOz3XazIXpOuvJ6UczPVdu47Da2PCXkRnHbgdRXu_4UPWQnNKhQDI42q5s0BVfhrq0Ubz1MzZnd_e1l8vtD_nbO7RdohUruIDaC2BzPvuU_FRbUXPZe2gho9AkLrcC82xwvoEAGLgME.48r49PH0TdtUgQ_NU4P420dWc-4CTjmLUtGUY-oeul0&dib_tag=se&m=A504JA83FLAZB&marketplaceID=A39IBJ37TRP1C6&qid=1777067838&refinements=p_36%3A8000-8500&s=merchant-items&sr=1-14#customerReviews,Delfonics Water Repellent Inner Carrying Case: 10-1/2 in. x 7-1/4 in. (Beige) / medium
B0B8CRYG8Y,,,,
B00931L01A,,84.16,https://www.amazon.com.au/%E3%82%B9%E3%83%86%E3%83%AC%E3%82%AA%E3%83%98%E3%83%83%E3%83%89%E3%82%BB%E3%83%83%E3%83%883-W%E3%83%9C%E3%83%AA%E3%83%A5%E3%83%BC%E3%83%A0%E3%80%90%E3%82%B2%E3%83%BC%E3%83%A0%E3%82%B5%E3%82%A6%E3%83%B3%E3%83%89-%E3%83%9C%E3%82%A4%E3%82%B9%E3%83%81%E3%83%A3%E3%83%83%E3%83%88%E5%90%84%E9%9F%B3%E9%87%8F%E3%82%92%E8%AA%BF%E7%AF%80%E5%8F%AF%E8%83%BD%E3%80%91/dp/B00931L01A/ref=sr_1_15?dib=eyJ2IjoiMSJ9.mA5pXJUXUx7lyOW3uDuZLrGa8XLupsJwaKU_u_CKq4jkth77Pq4s40S5fnnh6qOBKni5a82xW9uwg7bLbZUZR5ZT-QykTlwImOz3XazIXpOuvJ6UczPVdu47Da2PCXkRnHbgdRXu_4UPWQnNKhQDI42q5s0BVfhrq0Ubz1MzZnd_e1l8vtD_nbO7RdohUruIDaC2BzPvuU_FRbUXPZe2gho9AkLrcC82xwvoEAGLgME.48r49PH0TdtUgQ_NU4P420dWc-4CTjmLUtGUY-oeul0&dib_tag=se&m=A504JA83FLAZB&marketplaceID=A39IBJ37TRP1C6&qid=1777067838&refinements=p_36%3A8000-8500&s=merchant-items&sr=1-15#customerReviews,ステレオヘッドセット3 Wボリューム【ゲームサウンド/ボイスチャット各音量を調節可能】
B00931L01A,,,,
B001EQDZ2Y,,81.6,https://www.amazon.com.au/MS3017-MS30-17/dp/B001EQDZ2Y/ref=sr_1_16?dib=eyJ2IjoiMSJ9.mA5pXJUXUx7lyOW3uDuZLrGa8XLupsJwaKU_u_CKq4jkth77Pq4s40S5fnnh6qOBKni5a82xW9uwg7bLbZUZR5ZT-QykTlwImOz3XazIXpOuvJ6UczPVdu47Da2PCXkRnHbgdRXu_4UPWQnNKhQDI42q5s0BVfhrq0Ubz1MzZnd_e1l8vtD_nbO7RdohUruIDaC2BzPvuU_FRbUXPZe2gho9AkLrcC82xwvoEAGLgME.48r49PH0TdtUgQ_NU4P420dWc-4CTjmLUtGUY-oeul0&dib_tag=se&m=A504JA83FLAZB&marketplaceID=A39IBJ37TRP1C6&qid=1777067838&refinements=p_36%3A8000-8500&s=merchant-items&sr=1-16#customerReviews,MS30-17
B001EQDZ2Y,,,,
B08LZKRS9Q,,80.17,https://www.amazon.com.au/Shinwa-Sokutei-Curved-Silver-Stopper/dp/B08LZKRS9Q/ref=sr_1_17?dib=eyJ2IjoiMSJ9.u-e3UUMTcLYaatNvzSnkJbzkUm-9IuaOesat-d2Yt33AmeOCoDBd-xJLXWjkpeCk3UD-wQJdetwlpZ1MvkrZ0mC0krM_MUwa8onvMs8hSdnaRiwJgo7sLo-xipzX68DgR_14A6Y134Fq9GsWvc-rbyrK8UgYJUMnOujZgYs_Pz0BkU847R7PPojpatjKZJbKWNPY35W4N5gjscEInPbVaG8wG4pLfy9X9JSjw2fWu6M.4UEZsW9D1mOUmhxghwVEMzmMBi0UmUOl9xYKEPIiPoI&dib_tag=se&m=A504JA83FLAZB&marketplaceID=A39IBJ37TRP1C6&qid=1777067855&refinements=p_36%3A8000-8500&s=merchant-items&sr=1-17&xpid=LG3GBrnM-Nffp#customerReviews,"Shinwa Sokutei JIS 12483 Curved Measuring Measuring Flat, 11.8 inches (30 cm), Silver 11.8 inches (30 cm), Front and Back Side, Stopper for Curving Measure, Metal Included"
B08LZKRS9Q,,,,
B001MKHTDI,Audio CD,84.62,https://www.amazon.com.au/%E3%81%AF%E3%81%AB%E3%81%84-%E3%81%84%E3%82%93-%E3%81%96-%E3%81%99%E3%81%8B%E3%81%84-%E3%82%B5%E3%82%A6%E3%83%B3%E3%83%89%E3%83%88%E3%83%A9%E3%83%83%E3%82%AF/dp/B001MKHTDI/ref=sr_1_18?dib=eyJ2IjoiMSJ9.u-e3UUMTcLYaatNvzSnkJbzkUm-9IuaOesat-d2Yt33AmeOCoDBd-xJLXWjkpeCk3UD-wQJdetwlpZ1MvkrZ0mC0krM_MUwa8onvMs8hSdnaRiwJgo7sLo-xipzX68DgR_14A6Y134Fq9GsWvc-rbyrK8UgYJUMnOujZgYs_Pz0BkU847R7PPojpatjKZJbKWNPY35W4N5gjscEInPbVaG8wG4pLfy9X9JSjw2fWu6M.4UEZsW9D1mOUmhxghwVEMzmMBi0UmUOl9xYKEPIiPoI&dib_tag=se&m=A504JA83FLAZB&marketplaceID=A39IBJ37TRP1C6&qid=1777067855&refinements=p_36%3A8000-8500&s=merchant-items&sr=1-18&xpid=LG3GBrnM-Nffp#customerReviews,はにい いん ざ すかい サウンドトラック
B077JT5C37,,86.79,https://www.amazon.com.au/Tajima-removable-waist-two-stage-SFKBN-KG2S/dp/B077JT5C37/ref=sr_1_19?dib=eyJ2IjoiMSJ9.u-e3UUMTcLYaatNvzSnkJbzkUm-9IuaOesat-d2Yt33AmeOCoDBd-xJLXWjkpeCk3UD-wQJdetwlpZ1MvkrZ0mC0krM_MUwa8onvMs8hSdnaRiwJgo7sLo-xipzX68DgR_14A6Y134Fq9GsWvc-rbyrK8UgYJUMnOujZgYs_Pz0BkU847R7PPojpatjKZJbKWNPY35W4N5gjscEInPbVaG8wG4pLfy9X9JSjw2fWu6M.4UEZsW9D1mOUmhxghwVEMzmMBi0UmUOl9xYKEPIiPoI&dib_tag=se&m=A504JA83FLAZB&marketplaceID=A39IBJ37TRP1C6&qid=1777067855&refinements=p_36%3A8000-8500&s=merchant-items&sr=1-19&xpid=LG3GBrnM-Nffp#customerReviews,Tajima removable waist bag nail bag (two-stage and small) SFKBN-KG2S
B077JT5C37,,,,
B07N2Y243D,Audio CD,83.81,https://www.amazon.com.au/Yatamomo-Vol-3-YATAMOMO-VOL/dp/B07N2Y243D/ref=sr_1_20?dib=eyJ2IjoiMSJ9.u-e3UUMTcLYaatNvzSnkJbzkUm-9IuaOesat-d2Yt33AmeOCoDBd-xJLXWjkpeCk3UD-wQJdetwlpZ1MvkrZ0mC0krM_MUwa8onvMs8hSdnaRiwJgo7sLo-xipzX68DgR_14A6Y134Fq9GsWvc-rbyrK8UgYJUMnOujZgYs_Pz0BkU847R7PPojpatjKZJbKWNPY35W4N5gjscEInPbVaG8wG4pLfy9X9JSjw2fWu6M.4UEZsW9D1mOUmhxghwVEMzmMBi0UmUOl9xYKEPIiPoI&dib_tag=se&m=A504JA83FLAZB&marketplaceID=A39IBJ37TRP1C6&qid=1777067855&refinements=p_36%3A8000-8500&s=merchant-items&sr=1-20&xpid=LG3GBrnM-Nffp#customerReviews,Yatamomo Vol 3
B004OCN00M,,82.43,https://www.amazon.com.au/Bessel-VESSEL-magnet-socket-MB45D8100/dp/B004OCN00M/ref=sr_1_21?dib=eyJ2IjoiMSJ9.u-e3UUMTcLYaatNvzSnkJbzkUm-9IuaOesat-d2Yt33AmeOCoDBd-xJLXWjkpeCk3UD-wQJdetwlpZ1MvkrZ0mC0krM_MUwa8onvMs8hSdnaRiwJgo7sLo-xipzX68DgR_14A6Y134Fq9GsWvc-rbyrK8UgYJUMnOujZgYs_Pz0BkU847R7PPojpatjKZJbKWNPY35W4N5gjscEInPbVaG8wG4pLfy9X9JSjw2fWu6M.4UEZsW9D1mOUmhxghwVEMzmMBi0UmUOl9xYKEPIiPoI&dib_tag=se&m=A504JA83FLAZB&marketplaceID=A39IBJ37TRP1C6&qid=1777067855&refinements=p_36%3A8000-8500&s=merchant-items&sr=1-21&xpid=LG3GBrnM-Nffp#customerReviews,MB45D-8-100
B004OCN00M,,,,
B09VT8BTH2,,84.1,https://www.amazon.com.au/HARIO-THSV-4-HSV-Resistant-Stainless-Practical/dp/B09VT8BTH2/ref=sr_1_22?dib=eyJ2IjoiMSJ9.u-e3UUMTcLYaatNvzSnkJbzkUm-9IuaOesat-d2Yt33AmeOCoDBd-xJLXWjkpeCk3UD-wQJdetwlpZ1MvkrZ0mC0krM_MUwa8onvMs8hSdnaRiwJgo7sLo-xipzX68DgR_14A6Y134Fq9GsWvc-rbyrK8UgYJUMnOujZgYs_Pz0BkU847R7PPojpatjKZJbKWNPY35W4N5gjscEInPbVaG8wG4pLfy9X9JSjw2fWu6M.4UEZsW9D1mOUmhxghwVEMzmMBi0UmUOl9xYKEPIiPoI&dib_tag=se&m=A504JA83FLAZB&marketplaceID=A39IBJ37TRP1C6&qid=1777067855&refinements=p_36%3A8000-8500&s=merchant-items&sr=1-22&xpid=LG3GBrnM-Nffp#customerReviews,"HARIO THSV-4-HSV Hairline Silver Pressed Coffee, Heat Resistant Glass, Stainless Steel, Practical Capacity, 20.3 fl oz (600 ml)"
B09VT8BTH2,,,,
B0C43G26Q5,Audio CD,84.7,https://www.amazon.com.au/Black-Saint-Sinner-Lady-SHM-SACD/dp/B0C43G26Q5/ref=sr_1_23?dib=eyJ2IjoiMSJ9.u-e3UUMTcLYaatNvzSnkJbzkUm-9IuaOesat-d2Yt33AmeOCoDBd-xJLXWjkpeCk3UD-wQJdetwlpZ1MvkrZ0mC0krM_MUwa8onvMs8hSdnaRiwJgo7sLo-xipzX68DgR_14A6Y134Fq9GsWvc-rbyrK8UgYJUMnOujZgYs_Pz0BkU847R7PPojpatjKZJbKWNPY35W4N5gjscEInPbVaG8wG4pLfy9X9JSjw2fWu6M.4UEZsW9D1mOUmhxghwVEMzmMBi0UmUOl9xYKEPIiPoI&dib_tag=se&m=A504JA83FLAZB&marketplaceID=A39IBJ37TRP1C6&qid=1777067855&refinements=p_36%3A8000-8500&s=merchant-items&sr=1-23&xpid=LG3GBrnM-Nffp#customerReviews,Black Saint & The Sinner Lady - SHM-SACD
B07Z4SH581,,81.48,https://www.amazon.com.au/DATEUM-46404-Body-Bag-Black/dp/B07Z4SH581/ref=sr_1_24?dib=eyJ2IjoiMSJ9.u-e3UUMTcLYaatNvzSnkJbzkUm-9IuaOesat-d2Yt33AmeOCoDBd-xJLXWjkpeCk3UD-wQJdetwlpZ1MvkrZ0mC0krM_MUwa8onvMs8hSdnaRiwJgo7sLo-xipzX68DgR_14A6Y134Fq9GsWvc-rbyrK8UgYJUMnOujZgYs_Pz0BkU847R7PPojpatjKZJbKWNPY35W4N5gjscEInPbVaG8wG4pLfy9X9JSjw2fWu6M.4UEZsW9D1mOUmhxghwVEMzmMBi0UmUOl9xYKEPIiPoI&dib_tag=se&m=A504JA83FLAZB&marketplaceID=A39IBJ37TRP1C6&qid=1777067855&refinements=p_36%3A8000-8500&s=merchant-items&sr=1-24&xpid=LG3GBrnM-Nffp,DATEUM 46404 Body Bag
B07Z4SH581,,,,
B07H5VWGWF,Audio CD,82.06,https://www.amazon.com.au/Falla-Sombrero-Picos-Brujo-Shm-Sacd/dp/B07H5VWGWF/ref=sr_1_25?dib=eyJ2IjoiMSJ9.u-e3UUMTcLYaatNvzSnkJbzkUm-9IuaOesat-d2Yt33AmeOCoDBd-xJLXWjkpeCk3UD-wQJdetwlpZ1MvkrZ0mC0krM_MUwa8onvMs8hSdnaRiwJgo7sLo-xipzX68DgR_14A6Y134Fq9GsWvc-rbyrK8UgYJUMnOujZgYs_Pz0BkU847R7PPojpatjKZJbKWNPY35W4N5gjscEInPbVaG8wG4pLfy9X9JSjw2fWu6M.4UEZsW9D1mOUmhxghwVEMzmMBi0UmUOl9xYKEPIiPoI&dib_tag=se&m=A504JA83FLAZB&marketplaceID=A39IBJ37TRP1C6&qid=1777067855&refinements=p_36%3A8000-8500&s=merchant-items&sr=1-25&xpid=LG3GBrnM-Nffp#customerReviews,Falla: El Sombrero De Tres Picos. El Amor Brujo (Shm-Sacd/Ltd)
B001EQAKBS,,83.55,https://www.amazon.com.au/MR1014L-MR-1014L/dp/B001EQAKBS/ref=sr_1_26?dib=eyJ2IjoiMSJ9.u-e3UUMTcLYaatNvzSnkJbzkUm-9IuaOesat-d2Yt33AmeOCoDBd-xJLXWjkpeCk3UD-wQJdetwlpZ1MvkrZ0mC0krM_MUwa8onvMs8hSdnaRiwJgo7sLo-xipzX68DgR_14A6Y134Fq9GsWvc-rbyrK8UgYJUMnOujZgYs_Pz0BkU847R7PPojpatjKZJbKWNPY35W4N5gjscEInPbVaG8wG4pLfy9X9JSjw2fWu6M.4UEZsW9D1mOUmhxghwVEMzmMBi0UmUOl9xYKEPIiPoI&dib_tag=se&m=A504JA83FLAZB&marketplaceID=A39IBJ37TRP1C6&qid=1777067855&refinements=p_36%3A8000-8500&s=merchant-items&sr=1-26&xpid=LG3GBrnM-Nffp#customerReviews,MR-1014L
B001EQAKBS,,,,
B06XJ67LJR,Audio CD,81.15,https://www.amazon.com.au/Fire-Water-Free/dp/B06XJ67LJR/ref=sr_1_27?dib=eyJ2IjoiMSJ9.u-e3UUMTcLYaatNvzSnkJbzkUm-9IuaOesat-d2Yt33AmeOCoDBd-xJLXWjkpeCk3UD-wQJdetwlpZ1MvkrZ0mC0krM_MUwa8onvMs8hSdnaRiwJgo7sLo-xipzX68DgR_14A6Y134Fq9GsWvc-rbyrK8UgYJUMnOujZgYs_Pz0BkU847R7PPojpatjKZJbKWNPY35W4N5gjscEInPbVaG8wG4pLfy9X9JSjw2fWu6M.4UEZsW9D1mOUmhxghwVEMzmMBi0UmUOl9xYKEPIiPoI&dib_tag=se&m=A504JA83FLAZB&marketplaceID=A39IBJ37TRP1C6&qid=1777067855&refinements=p_36%3A8000-8500&s=merchant-items&sr=1-27&xpid=LG3GBrnM-Nffp#customerReviews,Fire & Water
B001EQCH28,,81.81,https://www.amazon.com.au/Kyoto-KTC-Socket-Spanner-inches/dp/B001EQCH28/ref=sr_1_28?dib=eyJ2IjoiMSJ9.u-e3UUMTcLYaatNvzSnkJbzkUm-9IuaOesat-d2Yt33AmeOCoDBd-xJLXWjkpeCk3UD-wQJdetwlpZ1MvkrZ0mC0krM_MUwa8onvMs8hSdnaRiwJgo7sLo-xipzX68DgR_14A6Y134Fq9GsWvc-rbyrK8UgYJUMnOujZgYs_Pz0BkU847R7PPojpatjKZJbKWNPY35W4N5gjscEInPbVaG8wG4pLfy9X9JSjw2fWu6M.4UEZsW9D1mOUmhxghwVEMzmMBi0UmUOl9xYKEPIiPoI&dib_tag=se&m=A504JA83FLAZB&marketplaceID=A39IBJ37TRP1C6&qid=1777067855&refinements=p_36%3A8000-8500&s=merchant-items&sr=1-28&xpid=LG3GBrnM-Nffp#customerReviews,"Kyoto Tools (KTC) Flex Socket Spanner, 0.5 inches (12 mm), Width of Both Sides: 0.7 inches (17 mm), Total Length: 9.8 inches (250 mm)"
B001EQCH28,,,,
B00RDEADDA,Audio CD,83.16,https://www.amazon.com.au/Beatmania-2dx-22-Pendual-S-U/dp/B00RDEADDA/ref=sr_1_29?dib=eyJ2IjoiMSJ9.u-e3UUMTcLYaatNvzSnkJbzkUm-9IuaOesat-d2Yt33AmeOCoDBd-xJLXWjkpeCk3UD-wQJdetwlpZ1MvkrZ0mC0krM_MUwa8onvMs8hSdnaRiwJgo7sLo-xipzX68DgR_14A6Y134Fq9GsWvc-rbyrK8UgYJUMnOujZgYs_Pz0BkU847R7PPojpatjKZJbKWNPY35W4N5gjscEInPbVaG8wG4pLfy9X9JSjw2fWu6M.4UEZsW9D1mOUmhxghwVEMzmMBi0UmUOl9xYKEPIiPoI&dib_tag=se&m=A504JA83FLAZB&marketplaceID=A39IBJ37TRP1C6&qid=1777067855&refinements=p_36%3A8000-8500&s=merchant-items&sr=1-29&xpid=LG3GBrnM-Nffp#customerReviews,Beatmania 2dx 22 Pendual-O.S.U
B0754DVKV2,,83.9,https://www.amazon.com.au/ELECOM-Mouse-Super-Large-MP-DM01BK/dp/B0754DVKV2/ref=sr_1_30?dib=eyJ2IjoiMSJ9.u-e3UUMTcLYaatNvzSnkJbzkUm-9IuaOesat-d2Yt33AmeOCoDBd-xJLXWjkpeCk3UD-wQJdetwlpZ1MvkrZ0mC0krM_MUwa8onvMs8hSdnaRiwJgo7sLo-xipzX68DgR_14A6Y134Fq9GsWvc-rbyrK8UgYJUMnOujZgYs_Pz0BkU847R7PPojpatjKZJbKWNPY35W4N5gjscEInPbVaG8wG4pLfy9X9JSjw2fWu6M.4UEZsW9D1mOUmhxghwVEMzmMBi0UmUOl9xYKEPIiPoI&dib_tag=se&m=A504JA83FLAZB&marketplaceID=A39IBJ37TRP1C6&qid=1777067855&refinements=p_36%3A8000-8500&s=merchant-items&sr=1-30&xpid=LG3GBrnM-Nffp#customerReviews,ELECOM-Japan Brand- Extra Large Size Mouse Pad/Desk Mat/Huge/XXL/Precise Control/Anti-Skid/Comfortable Black MP-DM01BK
B0754DVKV2,,,,
B0DV5CWCFY,,80.03,https://www.amazon.com.au/Nendoroid-Non-Scale-Plastic-Pre-Painted-Action/dp/B0DV5CWCFY/ref=sr_1_31?dib=eyJ2IjoiMSJ9.u-e3UUMTcLYaatNvzSnkJbzkUm-9IuaOesat-d2Yt33AmeOCoDBd-xJLXWjkpeCk3UD-wQJdetwlpZ1MvkrZ0mC0krM_MUwa8onvMs8hSdnaRiwJgo7sLo-xipzX68DgR_14A6Y134Fq9GsWvc-rbyrK8UgYJUMnOujZgYs_Pz0BkU847R7PPojpatjKZJbKWNPY35W4N5gjscEInPbVaG8wG4pLfy9X9JSjw2fWu6M.4UEZsW9D1mOUmhxghwVEMzmMBi0UmUOl9xYKEPIiPoI&dib_tag=se&m=A504JA83FLAZB&marketplaceID=A39IBJ37TRP1C6&qid=1777067855&refinements=p_36%3A8000-8500&s=merchant-items&sr=1-31&xpid=LG3GBrnM-Nffp#customerReviews,Nendoroid Danda Dan Momo Non-Scale Plastic Pre-Painted Action Figure
B00JOOEMB6,Audio CD,84.37,https://www.amazon.com.au/Irregular-at-Magic-High-School/dp/B00JOOEMB6/ref=sr_1_32?dib=eyJ2IjoiMSJ9.u-e3UUMTcLYaatNvzSnkJbzkUm-9IuaOesat-d2Yt33AmeOCoDBd-xJLXWjkpeCk3UD-wQJdetwlpZ1MvkrZ0mC0krM_MUwa8onvMs8hSdnaRiwJgo7sLo-xipzX68DgR_14A6Y134Fq9GsWvc-rbyrK8UgYJUMnOujZgYs_Pz0BkU847R7PPojpatjKZJbKWNPY35W4N5gjscEInPbVaG8wG4pLfy9X9JSjw2fWu6M.4UEZsW9D1mOUmhxghwVEMzmMBi0UmUOl9xYKEPIiPoI&dib_tag=se&m=A504JA83FLAZB&marketplaceID=A39IBJ37TRP1C6&qid=1777067855&refinements=p_36%3A8000-8500&s=merchant-items&sr=1-32&xpid=LG3GBrnM-Nffp#customerReviews,Irregular at Magic High School
B01HCG2WUU,,80.65,https://www.amazon.com.au/MJP-764-SMART-long-run/dp/B01HCG2WUU/ref=sr_1_33?dib=eyJ2IjoiMSJ9.4kFEQFrpwgND8qc4Ojpdq0i1lJeLomotE-BcWJKC2YusnF3DBjjmNs9q6Dc_9_B356_CvCB_HmhRRbd5UOWI0A.m7zqgPRgHF-dTujPR-7TmQlngv910-1P5oN2KOtT9hQ&dib_tag=se&m=A504JA83FLAZB&marketplaceID=A39IBJ37TRP1C6&qid=1777067864&refinements=p_36%3A8000-8500&s=merchant-items&sr=1-33&xpid=LG3GBrnM-Nffp,Smart コスチューム レディース
B01HCG2WUU,,,,
B005CVYXWS,Audio CD,82.48,https://www.amazon.com.au/Samurai-Drive-Drama-CD-Soundtrack/dp/B005CVYXWS/ref=sr_1_34?dib=eyJ2IjoiMSJ9.4kFEQFrpwgND8qc4Ojpdq0i1lJeLomotE-BcWJKC2YusnF3DBjjmNs9q6Dc_9_B356_CvCB_HmhRRbd5UOWI0A.m7zqgPRgHF-dTujPR-7TmQlngv910-1P5oN2KOtT9hQ&dib_tag=se&m=A504JA83FLAZB&marketplaceID=A39IBJ37TRP1C6&qid=1777067864&refinements=p_36%3A8000-8500&s=merchant-items&sr=1-34&xpid=LG3GBrnM-Nffp#customerReviews,Samurai Drive Drama CD
B004OCOQ1E,,82.05,https://www.amazon.com.au/RWO1921/dp/B004OCOQ1E/ref=sr_1_35?dib=eyJ2IjoiMSJ9.4kFEQFrpwgND8qc4Ojpdq0i1lJeLomotE-BcWJKC2YusnF3DBjjmNs9q6Dc_9_B356_CvCB_HmhRRbd5UOWI0A.m7zqgPRgHF-dTujPR-7TmQlngv910-1P5oN2KOtT9hQ&dib_tag=se&m=A504JA83FLAZB&marketplaceID=A39IBJ37TRP1C6&qid=1777067864&refinements=p_36%3A8000-8500&s=merchant-items&sr=1-35&xpid=LG3GBrnM-Nffp#customerReviews,RWO1921
B004OCOQ1E,,,,
B06W9JTDQK,,84.01,https://www.amazon.com.au/SAKAIDEN-WATOISHI-Original-Whetstone-Reparing/dp/B06W9JTDQK/ref=sr_1_36?dib=eyJ2IjoiMSJ9.4kFEQFrpwgND8qc4Ojpdq0i1lJeLomotE-BcWJKC2YusnF3DBjjmNs9q6Dc_9_B356_CvCB_HmhRRbd5UOWI0A.m7zqgPRgHF-dTujPR-7TmQlngv910-1P5oN2KOtT9hQ&dib_tag=se&m=A504JA83FLAZB&marketplaceID=A39IBJ37TRP1C6&qid=1777067864&refinements=p_36%3A8000-8500&s=merchant-items&sr=1-36&xpid=LG3GBrnM-Nffp#customerReviews,SAKAIDEN WATOISHI Original Whetstone/Coarse 220(for Reparing)
B06W9JTDQK,,,,
B0027BEE8E,Audio CD,81.96,https://www.amazon.com.au/Beatmania-Iidx-16-Empress-2cd/dp/B0027BEE8E/ref=sr_1_37?dib=eyJ2IjoiMSJ9.4kFEQFrpwgND8qc4Ojpdq0i1lJeLomotE-BcWJKC2YusnF3DBjjmNs9q6Dc_9_B356_CvCB_HmhRRbd5UOWI0A.m7zqgPRgHF-dTujPR-7TmQlngv910-1P5oN2KOtT9hQ&dib_tag=se&m=A504JA83FLAZB&marketplaceID=A39IBJ37TRP1C6&qid=1777067864&refinements=p_36%3A8000-8500&s=merchant-items&sr=1-37&xpid=LG3GBrnM-Nffp#customerReviews,Beatmania Iidx 16 Empress [2cd
B000OZ0JC0,Audio CD,84.63,https://www.amazon.com.au/Ryuusei-Haru-No-Arashi-Canta/dp/B000OZ0JC0/ref=sr_1_33?dib=eyJ2IjoiMSJ9.6KcxMgByf3K8R0VdnK9Qourw7a0EsWHtDkC0h-2-UPkA-XLzm06cCeGMbgkB3AdRHf5i67YVSZJwMZoi55E6Xn-D7FeYS833ib7R75mrgsZ8IoQnkex3F_b8CtJYM6wTShJvPKJQjMLFK0nfqg6y0ziAGyV8k4BSnVIARoTr9d4.Z9Pa9RUwT4qHYVnQCfVxAAwgSLPuHnIH6oH_oRpRQ3U&dib_tag=se&m=A504JA83FLAZB&marketplaceID=A39IBJ37TRP1C6&qid=1777067864&refinements=p_36%3A8000-8500&s=merchant-items&sr=1-33&xpid=LG3GBrnM-Nffp#customerReviews,Ryuusei to Haru No Arashi
B002P7Y1D8,,82.9,https://www.amazon.com.au/Tohnichi-SH19DX22/dp/B002P7Y1D8/ref=sr_1_34?dib=eyJ2IjoiMSJ9.6KcxMgByf3K8R0VdnK9Qourw7a0EsWHtDkC0h-2-UPkA-XLzm06cCeGMbgkB3AdRHf5i67YVSZJwMZoi55E6Xn-D7FeYS833ib7R75mrgsZ8IoQnkex3F_b8CtJYM6wTShJvPKJQjMLFK0nfqg6y0ziAGyV8k4BSnVIARoTr9d4.Z9Pa9RUwT4qHYVnQCfVxAAwgSLPuHnIH6oH_oRpRQ3U&dib_tag=se&m=A504JA83FLAZB&marketplaceID=A39IBJ37TRP1C6&qid=1777067864&refinements=p_36%3A8000-8500&s=merchant-items&sr=1-34&xpid=LG3GBrnM-Nffp,SH19DX22
B002P7Y1D8,,,,
B000GHMWRG,Nintendo DS,81.32,https://www.amazon.com.au/Rune-Factory-Fantasy-Harvest-Japan/dp/B000GHMWRG/ref=sr_1_35?dib=eyJ2IjoiMSJ9.6KcxMgByf3K8R0VdnK9Qourw7a0EsWHtDkC0h-2-UPkA-XLzm06cCeGMbgkB3AdRHf5i67YVSZJwMZoi55E6Xn-D7FeYS833ib7R75mrgsZ8IoQnkex3F_b8CtJYM6wTShJvPKJQjMLFK0nfqg6y0ziAGyV8k4BSnVIARoTr9d4.Z9Pa9RUwT4qHYVnQCfVxAAwgSLPuHnIH6oH_oRpRQ3U&dib_tag=se&m=A504JA83FLAZB&marketplaceID=A39IBJ37TRP1C6&qid=1777067864&refinements=p_36%3A8000-8500&s=merchant-items&sr=1-35&xpid=LG3GBrnM-Nffp#customerReviews,Rune Factory: A Fantasy Harvest Moon [Japan Import]
B000GHMWRG,,,,
B0D1TXPVMY,,84.06,https://www.amazon.com.au/Build-Divide-Booster-Fullmetal-Alchemist/dp/B0D1TXPVMY/ref=sr_1_36?dib=eyJ2IjoiMSJ9.6KcxMgByf3K8R0VdnK9Qourw7a0EsWHtDkC0h-2-UPkA-XLzm06cCeGMbgkB3AdRHf5i67YVSZJwMZoi55E6Xn-D7FeYS833ib7R75mrgsZ8IoQnkex3F_b8CtJYM6wTShJvPKJQjMLFK0nfqg6y0ziAGyV8k4BSnVIARoTr9d4.Z9Pa9RUwT4qHYVnQCfVxAAwgSLPuHnIH6oH_oRpRQ3U&dib_tag=se&m=A504JA83FLAZB&marketplaceID=A39IBJ37TRP1C6&qid=1777067864&refinements=p_36%3A8000-8500&s=merchant-items&sr=1-36&xpid=LG3GBrnM-Nffp,"Build Divide TCG Booster Pack, Fullmetal Alchemist Vol. 2 Box"
B000E0VRFI,Audio CD,82.59,https://www.amazon.com.au/Video-Soundtrack-Shuffle-Stage-Drama/dp/B000E0VRFI/ref=sr_1_37?dib=eyJ2IjoiMSJ9.6KcxMgByf3K8R0VdnK9Qourw7a0EsWHtDkC0h-2-UPkA-XLzm06cCeGMbgkB3AdRHf5i67YVSZJwMZoi55E6Xn-D7FeYS833ib7R75mrgsZ8IoQnkex3F_b8CtJYM6wTShJvPKJQjMLFK0nfqg6y0ziAGyV8k4BSnVIARoTr9d4.Z9Pa9RUwT4qHYVnQCfVxAAwgSLPuHnIH6oH_oRpRQ3U&dib_tag=se&m=A504JA83FLAZB&marketplaceID=A39IBJ37TRP1C6&qid=1777067864&refinements=p_36%3A8000-8500&s=merchant-items&sr=1-37&xpid=LG3GBrnM-Nffp#customerReviews,Video Game Soundtrack
B001L7VD02,,83.88,https://www.amazon.com.au/BL700S/dp/B001L7VD02/ref=sr_1_38?dib=eyJ2IjoiMSJ9.6KcxMgByf3K8R0VdnK9Qourw7a0EsWHtDkC0h-2-UPkA-XLzm06cCeGMbgkB3AdRHf5i67YVSZJwMZoi55E6Xn-D7FeYS833ib7R75mrgsZ8IoQnkex3F_b8CtJYM6wTShJvPKJQjMLFK0nfqg6y0ziAGyV8k4BSnVIARoTr9d4.Z9Pa9RUwT4qHYVnQCfVxAAwgSLPuHnIH6oH_oRpRQ3U&dib_tag=se&m=A504JA83FLAZB&marketplaceID=A39IBJ37TRP1C6&qid=1777067864&refinements=p_36%3A8000-8500&s=merchant-items&sr=1-38&xpid=LG3GBrnM-Nffp#customerReviews,BL700S
B001L7VD02,,,,
B00006JLBZ,Audio CD,82.9,https://www.amazon.com.au/Scorpio-Rising-Bonus-Death-Vegas/dp/B00006JLBZ/ref=sr_1_39?dib=eyJ2IjoiMSJ9.6KcxMgByf3K8R0VdnK9Qourw7a0EsWHtDkC0h-2-UPkA-XLzm06cCeGMbgkB3AdRHf5i67YVSZJwMZoi55E6Xn-D7FeYS833ib7R75mrgsZ8IoQnkex3F_b8CtJYM6wTShJvPKJQjMLFK0nfqg6y0ziAGyV8k4BSnVIARoTr9d4.Z9Pa9RUwT4qHYVnQCfVxAAwgSLPuHnIH6oH_oRpRQ3U&dib_tag=se&m=A504JA83FLAZB&marketplaceID=A39IBJ37TRP1C6&qid=1777067864&refinements=p_36%3A8000-8500&s=merchant-items&sr=1-39&xpid=LG3GBrnM-Nffp#customerReviews,Scorpio Rising
B09HQQ6QD1,,81.13,https://www.amazon.com.au/KATO-Gauge-Building-23-438-Supplies/dp/B09HQQ6QD1/ref=sr_1_40?dib=eyJ2IjoiMSJ9.6KcxMgByf3K8R0VdnK9Qourw7a0EsWHtDkC0h-2-UPkA-XLzm06cCeGMbgkB3AdRHf5i67YVSZJwMZoi55E6Xn-D7FeYS833ib7R75mrgsZ8IoQnkex3F_b8CtJYM6wTShJvPKJQjMLFK0nfqg6y0ziAGyV8k4BSnVIARoTr9d4.Z9Pa9RUwT4qHYVnQCfVxAAwgSLPuHnIH6oH_oRpRQ3U&dib_tag=se&m=A504JA83FLAZB&marketplaceID=A39IBJ37TRP1C6&qid=1777067864&refinements=p_36%3A8000-8500&s=merchant-items&sr=1-40&xpid=LG3GBrnM-Nffp#customerReviews,KATO N Gauge Brand Building 1 23-438 Model Train Supplies
B00005EZZE,Audio CD,84.2,https://www.amazon.com.au/%E7%B3%B8/dp/B00005EZZE/ref=sr_1_41?dib=eyJ2IjoiMSJ9.6KcxMgByf3K8R0VdnK9Qourw7a0EsWHtDkC0h-2-UPkA-XLzm06cCeGMbgkB3AdRHf5i67YVSZJwMZoi55E6Xn-D7FeYS833ib7R75mrgsZ8IoQnkex3F_b8CtJYM6wTShJvPKJQjMLFK0nfqg6y0ziAGyV8k4BSnVIARoTr9d4.Z9Pa9RUwT4qHYVnQCfVxAAwgSLPuHnIH6oH_oRpRQ3U&dib_tag=se&m=A504JA83FLAZB&marketplaceID=A39IBJ37TRP1C6&qid=1777067864&refinements=p_36%3A8000-8500&s=merchant-items&sr=1-41&xpid=LG3GBrnM-Nffp#customerReviews,糸
B001EQALPS,,84.63,https://www.amazon.com.au/PN1200-PN1-200/dp/B001EQALPS/ref=sr_1_42?dib=eyJ2IjoiMSJ9.6KcxMgByf3K8R0VdnK9Qourw7a0EsWHtDkC0h-2-UPkA-XLzm06cCeGMbgkB3AdRHf5i67YVSZJwMZoi55E6Xn-D7FeYS833ib7R75mrgsZ8IoQnkex3F_b8CtJYM6wTShJvPKJQjMLFK0nfqg6y0ziAGyV8k4BSnVIARoTr9d4.Z9Pa9RUwT4qHYVnQCfVxAAwgSLPuHnIH6oH_oRpRQ3U&dib_tag=se&m=A504JA83FLAZB&marketplaceID=A39IBJ37TRP1C6&qid=1777067864&refinements=p_36%3A8000-8500&s=merchant-items&sr=1-42&xpid=LG3GBrnM-Nffp#customerReviews,PN1-200
B001EQALPS,,,,
B00005EHBV,Audio CD,81.31,https://www.amazon.com.au/Two-Against-Nature-Steely-Dan/dp/B00005EHBV/ref=sr_1_43?dib=eyJ2IjoiMSJ9.6KcxMgByf3K8R0VdnK9Qourw7a0EsWHtDkC0h-2-UPkA-XLzm06cCeGMbgkB3AdRHf5i67YVSZJwMZoi55E6Xn-D7FeYS833ib7R75mrgsZ8IoQnkex3F_b8CtJYM6wTShJvPKJQjMLFK0nfqg6y0ziAGyV8k4BSnVIARoTr9d4.Z9Pa9RUwT4qHYVnQCfVxAAwgSLPuHnIH6oH_oRpRQ3U&dib_tag=se&m=A504JA83FLAZB&marketplaceID=A39IBJ37TRP1C6&qid=1777067864&refinements=p_36%3A8000-8500&s=merchant-items&sr=1-43&xpid=LG3GBrnM-Nffp#customerReviews,Two Against Nature
B09PVJFBD2,Vinyl,83.22,https://www.amazon.com.au/Ultra-Japanese-Pressing-Utada-Hikaru/dp/B09PVJFBD2/ref=sr_1_49?dib=eyJ2IjoiMSJ9.2-TdAl5NDjwehBB_K2NM-FJN0sQGClyhSY2F3Ar99cCgmBdP7a7FoUUd_EzFg4NuPgj-zvSRDev4YjnZSvA1dQ.4jnBwfHmCr9g6G6Ex-5sdvuLabhEvfBosZlE9PtJThg&dib_tag=se&m=A504JA83FLAZB&marketplaceID=A39IBJ37TRP1C6&qid=1777067869&refinements=p_36%3A8000-8500&s=merchant-items&sr=1-49&xpid=LG3GBrnM-Nffp#customerReviews,Ultra Blue (Japanese Pressing)
B00G9AKXDE,No Operating System,83.28,https://www.amazon.com.au/Final-Fantasy-10-Hd-Remaster/dp/B00G9AKXDE/ref=sr_1_50?dib=eyJ2IjoiMSJ9.2-TdAl5NDjwehBB_K2NM-FJN0sQGClyhSY2F3Ar99cCgmBdP7a7FoUUd_EzFg4NuPgj-zvSRDev4YjnZSvA1dQ.4jnBwfHmCr9g6G6Ex-5sdvuLabhEvfBosZlE9PtJThg&dib_tag=se&m=A504JA83FLAZB&marketplaceID=A39IBJ37TRP1C6&qid=1777067869&refinements=p_36%3A8000-8500&s=merchant-items&sr=1-50&xpid=LG3GBrnM-Nffp#customerReviews,Square Enix Music Final Fantasy X HD Remaster Original Soundtrack [Blu-Ray]
B00G9AKXDE,,,,
B07F5VJMQY,,84.28,https://www.amazon.com.au/ARTISAN-Black-FX-HI-XS-M-B-XSOFT-Japan/dp/B07F5VJMQY/ref=sr_1_51?dib=eyJ2IjoiMSJ9.2-TdAl5NDjwehBB_K2NM-FJN0sQGClyhSY2F3Ar99cCgmBdP7a7FoUUd_EzFg4NuPgj-zvSRDev4YjnZSvA1dQ.4jnBwfHmCr9g6G6Ex-5sdvuLabhEvfBosZlE9PtJThg&dib_tag=se&m=A504JA83FLAZB&marketplaceID=A39IBJ37TRP1C6&qid=1777067869&refinements=p_36%3A8000-8500&s=merchant-items&sr=1-51&xpid=LG3GBrnM-Nffp#customerReviews,ARTISAN Hien (Black/M) [FX-HI-XS-M-B] FX XSOFT (Japan Import)
B07F5VJMQY,,,,
B00005QCHC,Audio CD,84.72,https://www.amazon.com.au/Sweet-Bitter-Yumi-Matsutoya/dp/B00005QCHC/ref=sr_1_52?dib=eyJ2IjoiMSJ9.2-TdAl5NDjwehBB_K2NM-FJN0sQGClyhSY2F3Ar99cCgmBdP7a7FoUUd_EzFg4NuPgj-zvSRDev4YjnZSvA1dQ.4jnBwfHmCr9g6G6Ex-5sdvuLabhEvfBosZlE9PtJThg&dib_tag=se&m=A504JA83FLAZB&marketplaceID=A39IBJ37TRP1C6&qid=1777067869&refinements=p_36%3A8000-8500&s=merchant-items&sr=1-52&xpid=LG3GBrnM-Nffp#customerReviews,"Sweet, Bitter Sweet"
B0BQXL6476,,81.41,https://www.amazon.com.au/KATO-Fashion-Building-23-437C-Supplies/dp/B0BQXL6476/ref=sr_1_53?dib=eyJ2IjoiMSJ9.2-TdAl5NDjwehBB_K2NM-FJN0sQGClyhSY2F3Ar99cCgmBdP7a7FoUUd_EzFg4NuPgj-zvSRDev4YjnZSvA1dQ.4jnBwfHmCr9g6G6Ex-5sdvuLabhEvfBosZlE9PtJThg&dib_tag=se&m=A504JA83FLAZB&marketplaceID=A39IBJ37TRP1C6&qid=1777067869&refinements=p_36%3A8000-8500&s=merchant-items&sr=1-53&xpid=LG3GBrnM-Nffp#customerReviews,KATO N Gauge Fashion Building 1 Beige 23-437C Diorama Supplies
B07SKV2CMD,Audio CD,84.2,https://www.amazon.com.au/LIVE80-%E6%9C%80%E5%BE%8C%E3%81%AE%E3%83%A8%E3%83%BC%E3%83%AD%E3%83%83%E3%83%91-%E6%95%B0%E9%87%8F%E9%99%90%E5%AE%9A%E7%B4%99%E3%82%B8%E3%83%A3%E3%82%B1%E3%83%83%E3%83%88-MQA-CD%E4%BB%95%E6%A7%98-BILL-EVANS/dp/B07SKV2CMD/ref=sr_1_49?dib=eyJ2IjoiMSJ9.0u3at3emVTcEimUAHT4Rls6sSw20CaPGlhVJd-YgSEzzjeQ3350ZH07iYpKYu6HPfp7XvLg9HDQsP7BxRMJqiRS5bVJWE_iSfaPVtHU9lI-83Y2B9DXbq_yEZcu7DcoloBW6OUBevp5eav8SALd5hAIjbBPIUk_ZjouvDHjHM58.waZQzYiDQmeAWpLXb-SsMw3VXzYKLmv0JMzln2v1Qhc&dib_tag=se&m=A504JA83FLAZB&marketplaceID=A39IBJ37TRP1C6&qid=1777067869&refinements=p_36%3A8000-8500&s=merchant-items&sr=1-49&xpid=LG3GBrnM-Nffp#customerReviews,LIVE'80~最後のヨーロッパ~ <数量限定紙ジャケット&MQA-CD仕様>
B000WOSQUA,,81.55,https://www.amazon.com.au/Torebino-Kasettishirizu-trihalomethanes-Cartridge-MKC-T2J-Z/dp/B000WOSQUA/ref=sr_1_50?dib=eyJ2IjoiMSJ9.0u3at3emVTcEimUAHT4Rls6sSw20CaPGlhVJd-YgSEzzjeQ3350ZH07iYpKYu6HPfp7XvLg9HDQsP7BxRMJqiRS5bVJWE_iSfaPVtHU9lI-83Y2B9DXbq_yEZcu7DcoloBW6OUBevp5eav8SALd5hAIjbBPIUk_ZjouvDHjHM58.waZQzYiDQmeAWpLXb-SsMw3VXzYKLmv0JMzln2v1Qhc&dib_tag=se&m=A504JA83FLAZB&marketplaceID=A39IBJ37TRP1C6&qid=1777067869&refinements=p_36%3A8000-8500&s=merchant-items&sr=1-50&xpid=LG3GBrnM-Nffp#customerReviews,Toure Torebino Kasettishirizu trihalomethanes cartridge 2P plus 1 set MKC.T2J-Z
B000WOSQUA,,,,
B0BSNJCBJ7,,84.27,https://www.amazon.com.au/MCZ-S040VZ-Bottle-Lightweight-Stainless-Outdoor/dp/B0BSNJCBJ7/ref=sr_1_51?dib=eyJ2IjoiMSJ9.0u3at3emVTcEimUAHT4Rls6sSw20CaPGlhVJd-YgSEzzjeQ3350ZH07iYpKYu6HPfp7XvLg9HDQsP7BxRMJqiRS5bVJWE_iSfaPVtHU9lI-83Y2B9DXbq_yEZcu7DcoloBW6OUBevp5eav8SALd5hAIjbBPIUk_ZjouvDHjHM58.waZQzYiDQmeAWpLXb-SsMw3VXzYKLmv0JMzln2v1Qhc&dib_tag=se&m=A504JA83FLAZB&marketplaceID=A39IBJ37TRP1C6&qid=1777067869&refinements=p_36%3A8000-8500&s=merchant-items&sr=1-51&xpid=LG3GBrnM-Nffp#customerReviews,"Tiger Thermos MCZ-S040VZ Water Bottle, 13.5 fl oz (400 ml) with Handle, Lightweight, Stainless Steel Bottle, Outdoor, Office, Lilac (Purple)"
B0BSNJCBJ7,,,,
B01CY5ZW5Q,Audio CD,81.0,https://www.amazon.com.au/%E5%8C%97%E5%B3%B6%E4%B8%89%E9%83%8E-%E3%83%99%E3%82%B9%E3%83%88-%E3%82%BB%E3%83%83%E3%83%88-CD4%E6%9E%9A%E7%B5%84-WCD-681-682/dp/B01CY5ZW5Q/ref=sr_1_52?dib=eyJ2IjoiMSJ9.0u3at3emVTcEimUAHT4Rls6sSw20CaPGlhVJd-YgSEzzjeQ3350ZH07iYpKYu6HPfp7XvLg9HDQsP7BxRMJqiRS5bVJWE_iSfaPVtHU9lI-83Y2B9DXbq_yEZcu7DcoloBW6OUBevp5eav8SALd5hAIjbBPIUk_ZjouvDHjHM58.waZQzYiDQmeAWpLXb-SsMw3VXzYKLmv0JMzln2v1Qhc&dib_tag=se&m=A504JA83FLAZB&marketplaceID=A39IBJ37TRP1C6&qid=1777067869&refinements=p_36%3A8000-8500&s=merchant-items&sr=1-52&xpid=LG3GBrnM-Nffp#customerReviews,北島三郎 ベスト セット CD4枚組 WCD-681-682
B07RRNNWM2,,83.21,https://www.amazon.com.au/Taito-Re-Starting-Precious-Training/dp/B07RRNNWM2/ref=sr_1_53?dib=eyJ2IjoiMSJ9.0u3at3emVTcEimUAHT4Rls6sSw20CaPGlhVJd-YgSEzzjeQ3350ZH07iYpKYu6HPfp7XvLg9HDQsP7BxRMJqiRS5bVJWE_iSfaPVtHU9lI-83Y2B9DXbq_yEZcu7DcoloBW6OUBevp5eav8SALd5hAIjbBPIUk_ZjouvDHjHM58.waZQzYiDQmeAWpLXb-SsMw3VXzYKLmv0JMzln2v1Qhc&dib_tag=se&m=A504JA83FLAZB&marketplaceID=A39IBJ37TRP1C6&qid=1777067869&refinements=p_36%3A8000-8500&s=merchant-items&sr=1-53&xpid=LG3GBrnM-Nffp,Taito Re: Zero -Starting Life in Another World-: Rem Precious Figure (Subaru's Training Wear Version)
B0014YL1YU,Nintendo DS,84.44,https://www.amazon.com.au/Oyako-Asoberu-DS-Ehon-Penelope/dp/B0014YL1YU/ref=sr_1_54?dib=eyJ2IjoiMSJ9.0u3at3emVTcEimUAHT4Rls6sSw20CaPGlhVJd-YgSEzzjeQ3350ZH07iYpKYu6HPfp7XvLg9HDQsP7BxRMJqiRS5bVJWE_iSfaPVtHU9lI-83Y2B9DXbq_yEZcu7DcoloBW6OUBevp5eav8SALd5hAIjbBPIUk_ZjouvDHjHM58.waZQzYiDQmeAWpLXb-SsMw3VXzYKLmv0JMzln2v1Qhc&dib_tag=se&m=A504JA83FLAZB&marketplaceID=A39IBJ37TRP1C6&qid=1777067869&refinements=p_36%3A8000-8500&s=merchant-items&sr=1-54&xpid=LG3GBrnM-Nffp#customerReviews,Oyako de Asoberu DS Ehon: Ukkari Penelope [Japan Import]
B0014YL1YU,,,,
B06XQ3XS7P,,82.75,https://www.amazon.com.au/Buffalo-BSMLW500MBK-Wireless-Laser-Mouse/dp/B06XQ3XS7P/ref=sr_1_55?dib=eyJ2IjoiMSJ9.0u3at3emVTcEimUAHT4Rls6sSw20CaPGlhVJd-YgSEzzjeQ3350ZH07iYpKYu6HPfp7XvLg9HDQsP7BxRMJqiRS5bVJWE_iSfaPVtHU9lI-83Y2B9DXbq_yEZcu7DcoloBW6OUBevp5eav8SALd5hAIjbBPIUk_ZjouvDHjHM58.waZQzYiDQmeAWpLXb-SsMw3VXzYKLmv0JMzln2v1Qhc&dib_tag=se&m=A504JA83FLAZB&marketplaceID=A39IBJ37TRP1C6&qid=1777067869&refinements=p_36%3A8000-8500&s=merchant-items&sr=1-55&xpid=LG3GBrnM-Nffp#customerReviews,Buffalo BSMLW500MBK Wireless Laser Mouse M Black
B06XQ3XS7P,,,,
B07BRQZ9X1,,85.87,https://www.amazon.com.au/Hario-V60-Drip-Kettle-Silver/dp/B07BRQZ9X1/ref=sr_1_56?dib=eyJ2IjoiMSJ9.0u3at3emVTcEimUAHT4Rls6sSw20CaPGlhVJd-YgSEzzjeQ3350ZH07iYpKYu6HPfp7XvLg9HDQsP7BxRMJqiRS5bVJWE_iSfaPVtHU9lI-83Y2B9DXbq_yEZcu7DcoloBW6OUBevp5eav8SALd5hAIjbBPIUk_ZjouvDHjHM58.waZQzYiDQmeAWpLXb-SsMw3VXzYKLmv0JMzln2v1Qhc&dib_tag=se&m=A504JA83FLAZB&marketplaceID=A39IBJ37TRP1C6&qid=1777067869&refinements=p_36%3A8000-8500&s=merchant-items&sr=1-56&xpid=LG3GBrnM-Nffp#customerReviews,Hario Fit V60 Drip Kettle Silver with a capacity of 1.2 l
B07BRQZ9X1,,,,
B0000ABBHU,Audio CD,82.19,https://www.amazon.com.au/Saint-Beast-Various-Artists/dp/B0000ABBHU/ref=sr_1_57?dib=eyJ2IjoiMSJ9.0u3at3emVTcEimUAHT4Rls6sSw20CaPGlhVJd-YgSEzzjeQ3350ZH07iYpKYu6HPfp7XvLg9HDQsP7BxRMJqiRS5bVJWE_iSfaPVtHU9lI-83Y2B9DXbq_yEZcu7DcoloBW6OUBevp5eav8SALd5hAIjbBPIUk_ZjouvDHjHM58.waZQzYiDQmeAWpLXb-SsMw3VXzYKLmv0JMzln2v1Qhc&dib_tag=se&m=A504JA83FLAZB&marketplaceID=A39IBJ37TRP1C6&qid=1777067869&refinements=p_36%3A8000-8500&s=merchant-items&sr=1-57&xpid=LG3GBrnM-Nffp,Saint Beast
B08PZFLHZV,,81.62,https://www.amazon.com.au/TAMA-TSP9-Training-Pad/dp/B08PZFLHZV/ref=sr_1_58?dib=eyJ2IjoiMSJ9.0u3at3emVTcEimUAHT4Rls6sSw20CaPGlhVJd-YgSEzzjeQ3350ZH07iYpKYu6HPfp7XvLg9HDQsP7BxRMJqiRS5bVJWE_iSfaPVtHU9lI-83Y2B9DXbq_yEZcu7DcoloBW6OUBevp5eav8SALd5hAIjbBPIUk_ZjouvDHjHM58.waZQzYiDQmeAWpLXb-SsMw3VXzYKLmv0JMzln2v1Qhc&dib_tag=se&m=A504JA83FLAZB&marketplaceID=A39IBJ37TRP1C6&qid=1777067869&refinements=p_36%3A8000-8500&s=merchant-items&sr=1-58&xpid=LG3GBrnM-Nffp#customerReviews,TAMA Training Pad (TSP9)
B08PZFLHZV,,,,
B0CV9QQG3J,Vinyl,83.53,https://www.amazon.com.au/Biri-Biri-Yoasobi/dp/B0CV9QQG3J/ref=sr_1_59?dib=eyJ2IjoiMSJ9.0u3at3emVTcEimUAHT4Rls6sSw20CaPGlhVJd-YgSEzzjeQ3350ZH07iYpKYu6HPfp7XvLg9HDQsP7BxRMJqiRS5bVJWE_iSfaPVtHU9lI-83Y2B9DXbq_yEZcu7DcoloBW6OUBevp5eav8SALd5hAIjbBPIUk_ZjouvDHjHM58.waZQzYiDQmeAWpLXb-SsMw3VXzYKLmv0JMzln2v1Qhc&dib_tag=se&m=A504JA83FLAZB&marketplaceID=A39IBJ37TRP1C6&qid=1777067869&refinements=p_36%3A8000-8500&s=merchant-items&sr=1-59&xpid=LG3GBrnM-Nffp#customerReviews,Biri-Biri
B002UC60X2,,80.82,https://www.amazon.com.au/25EF145-25EF-145/dp/B002UC60X2/ref=sr_1_65?dib=eyJ2IjoiMSJ9.NG7FlwkB4oQLgoHq0eE-scSQP4TcQRZkQaVUOwpOllca-D6Sq4HKJ6joC5FCbl5PdM1pImpvCHFBXOwGttRNvg.DgiWoz-5oWO6OyBf87ibDWIFBh7y2cGqUVWamWY8K6Q&dib_tag=se&m=A504JA83FLAZB&marketplaceID=A39IBJ37TRP1C6&qid=1777067874&refinements=p_36%3A8000-8500&s=merchant-items&sr=1-65&xpid=LG3GBrnM-Nffp,25EF-145
B002UC60X2,,,,
B000BSB7V2,,81.23,https://www.amazon.com.au/Snowpeak-Solid-Stakes30-Piece-R-103-1/dp/B000BSB7V2/ref=sr_1_66?dib=eyJ2IjoiMSJ9.NG7FlwkB4oQLgoHq0eE-scSQP4TcQRZkQaVUOwpOllca-D6Sq4HKJ6joC5FCbl5PdM1pImpvCHFBXOwGttRNvg.DgiWoz-5oWO6OyBf87ibDWIFBh7y2cGqUVWamWY8K6Q&dib_tag=se&m=A504JA83FLAZB&marketplaceID=A39IBJ37TRP1C6&qid=1777067874&refinements=p_36%3A8000-8500&s=merchant-items&sr=1-66&xpid=LG3GBrnM-Nffp#customerReviews,Snow Peak R-103-1 Pegs Solid Stake 30 (Set of 6)
B000BSB7V2,,,,
B0CKH8F2CY,Vinyl,82.85,https://www.amazon.com.au/Enka-Akina-Nakamori/dp/B0CKH8F2CY/ref=sr_1_67?dib=eyJ2IjoiMSJ9.NG7FlwkB4oQLgoHq0eE-scSQP4TcQRZkQaVUOwpOllca-D6Sq4HKJ6joC5FCbl5PdM1pImpvCHFBXOwGttRNvg.DgiWoz-5oWO6OyBf87ibDWIFBh7y2cGqUVWamWY8K6Q&dib_tag=se&m=A504JA83FLAZB&marketplaceID=A39IBJ37TRP1C6&qid=1777067874&refinements=p_36%3A8000-8500&s=merchant-items&sr=1-67&xpid=LG3GBrnM-Nffp#customerReviews,Enka
B098CL8PD4,Audio CD,82.64,https://www.amazon.com.au/%E5%90%8D%E5%89%8D%E3%81%A0%E3%81%91%E3%81%A7%E3%82%82%E8%A6%9A%E3%81%88%E3%81%A6%E3%81%A3%E3%81%A6%E4%B8%8B%E3%81%95%E3%81%84-%E5%88%9D%E5%9B%9E%E7%94%9F%E7%94%A3%E9%99%90%E5%AE%9A%E7%9B%A4-mona-feat-HoneyWorks/dp/B098CL8PD4/ref=sr_1_68?dib=eyJ2IjoiMSJ9.NG7FlwkB4oQLgoHq0eE-scSQP4TcQRZkQaVUOwpOllca-D6Sq4HKJ6joC5FCbl5PdM1pImpvCHFBXOwGttRNvg.DgiWoz-5oWO6OyBf87ibDWIFBh7y2cGqUVWamWY8K6Q&dib_tag=se&m=A504JA83FLAZB&marketplaceID=A39IBJ37TRP1C6&qid=1777067874&refinements=p_36%3A8000-8500&s=merchant-items&sr=1-68&xpid=LG3GBrnM-Nffp#customerReviews,#名前だけでも覚えてって下さい (初回生産限定盤)
B002P84OJS,,84.77,https://www.amazon.com.au/SH19DX19/dp/B002P84OJS/ref=sr_1_69?dib=eyJ2IjoiMSJ9.NG7FlwkB4oQLgoHq0eE-scSQP4TcQRZkQaVUOwpOllca-D6Sq4HKJ6joC5FCbl5PdM1pImpvCHFBXOwGttRNvg.DgiWoz-5oWO6OyBf87ibDWIFBh7y2cGqUVWamWY8K6Q&dib_tag=se&m=A504JA83FLAZB&marketplaceID=A39IBJ37TRP1C6&qid=1777067874&refinements=p_36%3A8000-8500&s=merchant-items&sr=1-69&xpid=LG3GBrnM-Nffp,SH19DX19
B002P84OJS,,,,
B08S3W1BNT,Audio CD,80.67,https://www.amazon.com.au/Ozone-60-2-x-SHM-CD/dp/B08S3W1BNT/ref=sr_1_65?dib=eyJ2IjoiMSJ9.D_N72mZZ0WABYdvieWCNEqlQBtCf7RDKNujr9EN0gCiPXoWGgXYaovsG3Gh8hTx_UocDt3GzVJir8O7UVfdRZRHEeBLHnLzHFIHqTDWVKX9SgH9fESPTg8xxWBJDHcVPTEClBKvkorAlofsF9-7ph9jEzlSjDzwj8_J3e_ED81g.7ulLeq1YYL9ClXJvC6U4FGOjqIaNyy5PLqw4gZuaNsA&dib_tag=se&m=A504JA83FLAZB&marketplaceID=A39IBJ37TRP1C6&qid=1777067874&refinements=p_36%3A8000-8500&s=merchant-items&sr=1-65&xpid=LG3GBrnM-Nffp#customerReviews,Ozone 60 (2 x SHM-CD)
B009PGIUG6,,84.95,https://www.amazon.com.au/Nendoroid-Miku-Hatsune-Yukata-ver/dp/B009PGIUG6/ref=sr_1_66?dib=eyJ2IjoiMSJ9.D_N72mZZ0WABYdvieWCNEqlQBtCf7RDKNujr9EN0gCiPXoWGgXYaovsG3Gh8hTx_UocDt3GzVJir8O7UVfdRZRHEeBLHnLzHFIHqTDWVKX9SgH9fESPTg8xxWBJDHcVPTEClBKvkorAlofsF9-7ph9jEzlSjDzwj8_J3e_ED81g.7ulLeq1YYL9ClXJvC6U4FGOjqIaNyy5PLqw4gZuaNsA&dib_tag=se&m=A504JA83FLAZB&marketplaceID=A39IBJ37TRP1C6&qid=1777067874&refinements=p_36%3A8000-8500&s=merchant-items&sr=1-66&xpid=LG3GBrnM-Nffp#customerReviews,Good Smile Hatsune Miku: Nendoroid Action Figure Yukata Ver.
B08L47N4SW,Audio CD,82.32,https://www.amazon.com.au/KONOMI-SINGLE-collection-2-%E6%9D%9C%E3%81%93%E3%81%AE%E3%81%BF/dp/B08L47N4SW/ref=sr_1_67?dib=eyJ2IjoiMSJ9.D_N72mZZ0WABYdvieWCNEqlQBtCf7RDKNujr9EN0gCiPXoWGgXYaovsG3Gh8hTx_UocDt3GzVJir8O7UVfdRZRHEeBLHnLzHFIHqTDWVKX9SgH9fESPTg8xxWBJDHcVPTEClBKvkorAlofsF9-7ph9jEzlSjDzwj8_J3e_ED81g.7ulLeq1YYL9ClXJvC6U4FGOjqIaNyy5PLqw4gZuaNsA&dib_tag=se&m=A504JA83FLAZB&marketplaceID=A39IBJ37TRP1C6&qid=1777067874&refinements=p_36%3A8000-8500&s=merchant-items&sr=1-67&xpid=LG3GBrnM-Nffp#customerReviews,KONOMI SINGLE collection 2/
B002A5VUAC,,83.51,https://www.amazon.com.au/Trusco-GXB9S-GXB-9S/dp/B002A5VUAC/ref=sr_1_68?dib=eyJ2IjoiMSJ9.D_N72mZZ0WABYdvieWCNEqlQBtCf7RDKNujr9EN0gCiPXoWGgXYaovsG3Gh8hTx_UocDt3GzVJir8O7UVfdRZRHEeBLHnLzHFIHqTDWVKX9SgH9fESPTg8xxWBJDHcVPTEClBKvkorAlofsF9-7ph9jEzlSjDzwj8_J3e_ED81g.7ulLeq1YYL9ClXJvC6U4FGOjqIaNyy5PLqw4gZuaNsA&dib_tag=se&m=A504JA83FLAZB&marketplaceID=A39IBJ37TRP1C6&qid=1777067874&refinements=p_36%3A8000-8500&s=merchant-items&sr=1-68&xpid=LG3GBrnM-Nffp,GXB-9S
B002A5VUAC,,,,
B08BZFSP7J,Audio CD,81.9,https://www.amazon.com.au/%E3%82%B6%E3%83%BB%E3%82%AF%E3%83%AD%E3%83%9E%E3%83%8B%E3%83%A8%E3%83%B3%E3%82%BA-%E3%83%84%E3%82%A2%E3%83%BC-PUNCH-2019-2020-%E9%80%9A%E5%B8%B8%E7%9B%A4/dp/B08BZFSP7J/ref=sr_1_69?dib=eyJ2IjoiMSJ9.D_N72mZZ0WABYdvieWCNEqlQBtCf7RDKNujr9EN0gCiPXoWGgXYaovsG3Gh8hTx_UocDt3GzVJir8O7UVfdRZRHEeBLHnLzHFIHqTDWVKX9SgH9fESPTg8xxWBJDHcVPTEClBKvkorAlofsF9-7ph9jEzlSjDzwj8_J3e_ED81g.7ulLeq1YYL9ClXJvC6U4FGOjqIaNyy5PLqw4gZuaNsA&dib_tag=se&m=A504JA83FLAZB&marketplaceID=A39IBJ37TRP1C6&qid=1777067874&refinements=p_36%3A8000-8500&s=merchant-items&sr=1-69&xpid=LG3GBrnM-Nffp#customerReviews,ザ・クロマニヨンズ ツアー PUNCH 2019-2020 (通常盤)
B002UUVN9U,,83.72,https://www.amazon.com.au/BJdesign-SLT200MY-SLT-AL200M/dp/B002UUVN9U/ref=sr_1_70?dib=eyJ2IjoiMSJ9.D_N72mZZ0WABYdvieWCNEqlQBtCf7RDKNujr9EN0gCiPXoWGgXYaovsG3Gh8hTx_UocDt3GzVJir8O7UVfdRZRHEeBLHnLzHFIHqTDWVKX9SgH9fESPTg8xxWBJDHcVPTEClBKvkorAlofsF9-7ph9jEzlSjDzwj8_J3e_ED81g.7ulLeq1YYL9ClXJvC6U4FGOjqIaNyy5PLqw4gZuaNsA&dib_tag=se&m=A504JA83FLAZB&marketplaceID=A39IBJ37TRP1C6&qid=1777067874&refinements=p_36%3A8000-8500&s=merchant-items&sr=1-70&xpid=LG3GBrnM-Nffp#customerReviews,"Tajima SLT-AL200M Slant AL200 with Magnet, 9.8 inches (250 mm)"
B002UUVN9U,,,,
B081WVXQQB,Audio CD,81.31,https://www.amazon.com.au/%E5%84%AA%E3%81%97%E9%81%8E%E3%81%8E%E3%82%8B%E4%B8%8A%E5%8F%B8%E3%81%AB%E5%BC%B7%E5%BC%95%E3%81%AB%E8%90%BD%E3%81%A8%E3%81%95%E3%82%8C%E3%81%9D%E3%81%86%E3%81%A7%E3%81%99%E3%80%82%EF%BC%88CV%EF%BC%9A%E4%BD%90%E5%92%8C%E7%9C%9F%E4%B8%AD-%E4%BD%90%E5%92%8C%E7%9C%9F%E4%B8%AD/dp/B081WVXQQB/ref=sr_1_71?dib=eyJ2IjoiMSJ9.D_N72mZZ0WABYdvieWCNEqlQBtCf7RDKNujr9EN0gCiPXoWGgXYaovsG3Gh8hTx_UocDt3GzVJir8O7UVfdRZRHEeBLHnLzHFIHqTDWVKX9SgH9fESPTg8xxWBJDHcVPTEClBKvkorAlofsF9-7ph9jEzlSjDzwj8_J3e_ED81g.7ulLeq1YYL9ClXJvC6U4FGOjqIaNyy5PLqw4gZuaNsA&dib_tag=se&m=A504JA83FLAZB&marketplaceID=A39IBJ37TRP1C6&qid=1777067874&refinements=p_36%3A8000-8500&s=merchant-items&sr=1-71&xpid=LG3GBrnM-Nffp#customerReviews,優し過ぎる上司に強引に落とされそうです。（CV：佐和真中)
B07ZW8Z36F,Vinyl,84.4,https://www.amazon.com.au/Slice-Life-%E5%AE%8C%E5%85%A8%E7%94%9F%E7%94%A3%E9%99%90%E5%AE%9A%E7%9B%A4-%E3%82%A2%E3%83%8A%E3%83%AD%E3%82%B0%E7%9B%A4-Analog/dp/B07ZW8Z36F/ref=sr_1_72?dib=eyJ2IjoiMSJ9.D_N72mZZ0WABYdvieWCNEqlQBtCf7RDKNujr9EN0gCiPXoWGgXYaovsG3Gh8hTx_UocDt3GzVJir8O7UVfdRZRHEeBLHnLzHFIHqTDWVKX9SgH9fESPTg8xxWBJDHcVPTEClBKvkorAlofsF9-7ph9jEzlSjDzwj8_J3e_ED81g.7ulLeq1YYL9ClXJvC6U4FGOjqIaNyy5PLqw4gZuaNsA&dib_tag=se&m=A504JA83FLAZB&marketplaceID=A39IBJ37TRP1C6&qid=1777067874&refinements=p_36%3A8000-8500&s=merchant-items&sr=1-72&xpid=LG3GBrnM-Nffp#customerReviews,A Slice Of Life - Limited Edition
B003VUU9EI,,81.17,https://www.amazon.com.au/SFG3GLM2755BL-SFG3GLM27-55BL/dp/B003VUU9EI/ref=sr_1_73?dib=eyJ2IjoiMSJ9.D_N72mZZ0WABYdvieWCNEqlQBtCf7RDKNujr9EN0gCiPXoWGgXYaovsG3Gh8hTx_UocDt3GzVJir8O7UVfdRZRHEeBLHnLzHFIHqTDWVKX9SgH9fESPTg8xxWBJDHcVPTEClBKvkorAlofsF9-7ph9jEzlSjDzwj8_J3e_ED81g.7ulLeq1YYL9ClXJvC6U4FGOjqIaNyy5PLqw4gZuaNsA&dib_tag=se&m=A504JA83FLAZB&marketplaceID=A39IBJ37TRP1C6&qid=1777067874&refinements=p_36%3A8000-8500&s=merchant-items&sr=1-73&xpid=LG3GBrnM-Nffp#customerReviews,Tajima SFG3GLM2755BL Convex 27.2 x 1.1 inches (5.5 x 27 mm) Safety Convex G3 Gold Lock Mug Claw 27
B003VUU9EI,,,,
B07YMHB3C1,Audio CD,82.27,https://www.amazon.com.au/%E6%BA%BA%E6%84%9BSPARK2-CV-%E4%BD%90%E5%92%8C%E7%9C%9F%E4%B8%AD/dp/B07YMHB3C1/ref=sr_1_74?dib=eyJ2IjoiMSJ9.D_N72mZZ0WABYdvieWCNEqlQBtCf7RDKNujr9EN0gCiPXoWGgXYaovsG3Gh8hTx_UocDt3GzVJir8O7UVfdRZRHEeBLHnLzHFIHqTDWVKX9SgH9fESPTg8xxWBJDHcVPTEClBKvkorAlofsF9-7ph9jEzlSjDzwj8_J3e_ED81g.7ulLeq1YYL9ClXJvC6U4FGOjqIaNyy5PLqw4gZuaNsA&dib_tag=se&m=A504JA83FLAZB&marketplaceID=A39IBJ37TRP1C6&qid=1777067874&refinements=p_36%3A8000-8500&s=merchant-items&sr=1-74&xpid=LG3GBrnM-Nffp#customerReviews,溺愛SPARK2(CV:佐和真中)
B07WLXLX3J,Audio CD,80.82,https://www.amazon.com.au/%E7%94%B7%E7%9F%B3%E5%AE%9C%E9%9A%86-%E5%85%A8%E6%9B%B2%E9%9B%86/dp/B07WLXLX3J/ref=sr_1_75?dib=eyJ2IjoiMSJ9.D_N72mZZ0WABYdvieWCNEqlQBtCf7RDKNujr9EN0gCiPXoWGgXYaovsG3Gh8hTx_UocDt3GzVJir8O7UVfdRZRHEeBLHnLzHFIHqTDWVKX9SgH9fESPTg8xxWBJDHcVPTEClBKvkorAlofsF9-7ph9jEzlSjDzwj8_J3e_ED81g.7ulLeq1YYL9ClXJvC6U4FGOjqIaNyy5PLqw4gZuaNsA&dib_tag=se&m=A504JA83FLAZB&marketplaceID=A39IBJ37TRP1C6&qid=1777067874&refinements=p_36%3A8000-8500&s=merchant-items&sr=1-75&xpid=LG3GBrnM-Nffp#customerReviews,男石宜隆 全曲集
B00UYLYN3K,,83.88,https://www.amazon.com.au/Hokuriku-Aluminum-Professional-Meister-Frying/dp/B00UYLYN3K/ref=sr_1_81?dib=eyJ2IjoiMSJ9.DoAboERWWnhVU_aGdsnrjZUfccJFFkjDkf9fa-EndFdn72fi_iP_JoPiHh8TUjfzCXstNDVpWFS3jAVe0cKW9Q.RoK-_6AzJFTKqVbOYwDDDj-B6Jj0SERq_lGXcOygbok&dib_tag=se&m=A504JA83FLAZB&marketplaceID=A39IBJ37TRP1C6&qid=1777067879&refinements=p_36%3A8000-8500&s=merchant-items&sr=1-81&xpid=LG3GBrnM-Nffp#customerReviews,"Hokuriku Aluminum Promeister BC Frying Pan, 7.1 inches (18 cm)"
B00UYLYN3K,,,,
B07WCBGFNB,Audio CD,84.12,https://www.amazon.com.au/%E6%9C%8D%E9%83%A8%E6%B5%A9%E5%AD%902020%E5%B9%B4%E5%85%A8%E6%9B%B2%E9%9B%86-%E6%9C%8D%E9%83%A8%E6%B5%A9%E5%AD%90/dp/B07WCBGFNB/ref=sr_1_82?dib=eyJ2IjoiMSJ9.DoAboERWWnhVU_aGdsnrjZUfccJFFkjDkf9fa-EndFdn72fi_iP_JoPiHh8TUjfzCXstNDVpWFS3jAVe0cKW9Q.RoK-_6AzJFTKqVbOYwDDDj-B6Jj0SERq_lGXcOygbok&dib_tag=se&m=A504JA83FLAZB&marketplaceID=A39IBJ37TRP1C6&qid=1777067879&refinements=p_36%3A8000-8500&s=merchant-items&sr=1-82&xpid=LG3GBrnM-Nffp#customerReviews,服部浩子2020年全曲集
B07H62Q4FM,Audio CD,84.4,https://www.amazon.com.au/MOZART-PIANO-CONCERTOS-23-19/dp/B07H62Q4FM/ref=sr_1_83?dib=eyJ2IjoiMSJ9.DoAboERWWnhVU_aGdsnrjZUfccJFFkjDkf9fa-EndFdn72fi_iP_JoPiHh8TUjfzCXstNDVpWFS3jAVe0cKW9Q.RoK-_6AzJFTKqVbOYwDDDj-B6Jj0SERq_lGXcOygbok&dib_tag=se&m=A504JA83FLAZB&marketplaceID=A39IBJ37TRP1C6&qid=1777067879&refinements=p_36%3A8000-8500&s=merchant-items&sr=1-83&xpid=LG3GBrnM-Nffp#customerReviews,Mozart: Piano Concertos 23 & 19
B08PCTX6SS,,82.01,https://www.amazon.com.au/Onishi-PF-1602-Peanuts-Melamine-Yellow/dp/B08PCTX6SS/ref=sr_1_84?dib=eyJ2IjoiMSJ9.DoAboERWWnhVU_aGdsnrjZUfccJFFkjDkf9fa-EndFdn72fi_iP_JoPiHh8TUjfzCXstNDVpWFS3jAVe0cKW9Q.RoK-_6AzJFTKqVbOYwDDDj-B6Jj0SERq_lGXcOygbok&dib_tag=se&m=A504JA83FLAZB&marketplaceID=A39IBJ37TRP1C6&qid=1777067879&refinements=p_36%3A8000-8500&s=merchant-items&sr=1-84&xpid=LG3GBrnM-Nffp,"Ken Onishi PF-1602 Peanuts Melamine Plate & Bowl Set, Donut, Yellow, Plate: 10.2 x 6.9 inches (26.1 x 17.6 cm)"
B08PCTX6SS,,,,
B07D4JJKV6,Audio CD,82.7,https://www.amazon.com.au/Nanjo-Yoshino-Album-Memories-Apartment/dp/B07D4JJKV6/ref=sr_1_85?dib=eyJ2IjoiMSJ9.DoAboERWWnhVU_aGdsnrjZUfccJFFkjDkf9fa-EndFdn72fi_iP_JoPiHh8TUjfzCXstNDVpWFS3jAVe0cKW9Q.RoK-_6AzJFTKqVbOYwDDDj-B6Jj0SERq_lGXcOygbok&dib_tag=se&m=A504JA83FLAZB&marketplaceID=A39IBJ37TRP1C6&qid=1777067879&refinements=p_36%3A8000-8500&s=merchant-items&sr=1-85&xpid=LG3GBrnM-Nffp#customerReviews,Nanjo Yoshino Best Album The Memories Apartment - Original - (Limited)
B07679WC3L,Audio CD,84.49,https://www.amazon.com.au/BEST-Disc-Blu-ray-Sumapura-corresponding/dp/B07679WC3L/ref=sr_1_81?dib=eyJ2IjoiMSJ9.4nQIOOUpNqIhXochb6xUXI7JF5jP9WmBgmUz79puUlhfORNMGkXhZxrWo0_oEIEqDdwAzxJciQ-KlzPGeJNOsp-0PuiXKQtr4kWVFb5X3vhodI3xn4VAzKZ5ubqym-3WrRbVClW4FxCgW6yOgDYJSk1PZi77o8yah12NmazboRQ.sZaOO9lz3XXphHIceeu3PGR2BLUAYfKWQ32nt77zZDE&dib_tag=se&m=A504JA83FLAZB&marketplaceID=A39IBJ37TRP1C6&qid=1777067879&refinements=p_36%3A8000-8500&s=merchant-items&sr=1-81&xpid=LG3GBrnM-Nffp#customerReviews,BEST (AL2 Disc + Blu-ray Disc) (Sumapura corresponding)
B0CJR45QYB,,81.6,https://www.amazon.com.au/Re-Bath-Booster-Pack-Azur-Lane/dp/B0CJR45QYB/ref=sr_1_82?dib=eyJ2IjoiMSJ9.4nQIOOUpNqIhXochb6xUXI7JF5jP9WmBgmUz79puUlhfORNMGkXhZxrWo0_oEIEqDdwAzxJciQ-KlzPGeJNOsp-0PuiXKQtr4kWVFb5X3vhodI3xn4VAzKZ5ubqym-3WrRbVClW4FxCgW6yOgDYJSk1PZi77o8yah12NmazboRQ.sZaOO9lz3XXphHIceeu3PGR2BLUAYfKWQ32nt77zZDE&dib_tag=se&m=A504JA83FLAZB&marketplaceID=A39IBJ37TRP1C6&qid=1777067879&refinements=p_36%3A8000-8500&s=merchant-items&sr=1-82&xpid=LG3GBrnM-Nffp#customerReviews,"Re-Bath for You Booster Pack, Azur Lane Vol. 3 Box"
B072QZ5LPR,Audio CD,81.44,https://www.amazon.com.au/Uchina-Love-Song-VARIOUS-ARTISTS/dp/B072QZ5LPR/ref=sr_1_83?dib=eyJ2IjoiMSJ9.4nQIOOUpNqIhXochb6xUXI7JF5jP9WmBgmUz79puUlhfORNMGkXhZxrWo0_oEIEqDdwAzxJciQ-KlzPGeJNOsp-0PuiXKQtr4kWVFb5X3vhodI3xn4VAzKZ5ubqym-3WrRbVClW4FxCgW6yOgDYJSk1PZi77o8yah12NmazboRQ.sZaOO9lz3XXphHIceeu3PGR2BLUAYfKWQ32nt77zZDE&dib_tag=se&m=A504JA83FLAZB&marketplaceID=A39IBJ37TRP1C6&qid=1777067879&refinements=p_36%3A8000-8500&s=merchant-items&sr=1-83&xpid=LG3GBrnM-Nffp#customerReviews,Uchina Love Song
B071NWSNYB,Audio CD,81.04,https://www.amazon.com.au/Koi-Tameiki-EDDIE-TRIO-HIGGINS/dp/B071NWSNYB/ref=sr_1_84?dib=eyJ2IjoiMSJ9.4nQIOOUpNqIhXochb6xUXI7JF5jP9WmBgmUz79puUlhfORNMGkXhZxrWo0_oEIEqDdwAzxJciQ-KlzPGeJNOsp-0PuiXKQtr4kWVFb5X3vhodI3xn4VAzKZ5ubqym-3WrRbVClW4FxCgW6yOgDYJSk1PZi77o8yah12NmazboRQ.sZaOO9lz3XXphHIceeu3PGR2BLUAYfKWQ32nt77zZDE&dib_tag=se&m=A504JA83FLAZB&marketplaceID=A39IBJ37TRP1C6&qid=1777067879&refinements=p_36%3A8000-8500&s=merchant-items&sr=1-84&xpid=LG3GBrnM-Nffp#customerReviews,Koi No Tameiki
B06XCVFGJG,Audio CD,82.8,https://www.amazon.com.au/Sea-Lady-2017-TOSHIKI-KADOMATSU/dp/B06XCVFGJG/ref=sr_1_85?dib=eyJ2IjoiMSJ9.4nQIOOUpNqIhXochb6xUXI7JF5jP9WmBgmUz79puUlhfORNMGkXhZxrWo0_oEIEqDdwAzxJciQ-KlzPGeJNOsp-0PuiXKQtr4kWVFb5X3vhodI3xn4VAzKZ5ubqym-3WrRbVClW4FxCgW6yOgDYJSk1PZi77o8yah12NmazboRQ.sZaOO9lz3XXphHIceeu3PGR2BLUAYfKWQ32nt77zZDE&dib_tag=se&m=A504JA83FLAZB&marketplaceID=A39IBJ37TRP1C6&qid=1777067879&refinements=p_36%3A8000-8500&s=merchant-items&sr=1-85&xpid=LG3GBrnM-Nffp#customerReviews,Sea Is A Lady 2017
B07N7FCTN9,,98.32,https://www.amazon.com.au/Taito-Captor-Sakura-Clear-Kinomoto/dp/B07N7FCTN9/ref=sr_1_86?dib=eyJ2IjoiMSJ9.4nQIOOUpNqIhXochb6xUXI7JF5jP9WmBgmUz79puUlhfORNMGkXhZxrWo0_oEIEqDdwAzxJciQ-KlzPGeJNOsp-0PuiXKQtr4kWVFb5X3vhodI3xn4VAzKZ5ubqym-3WrRbVClW4FxCgW6yOgDYJSk1PZi77o8yah12NmazboRQ.sZaOO9lz3XXphHIceeu3PGR2BLUAYfKWQ32nt77zZDE&dib_tag=se&m=A504JA83FLAZB&marketplaceID=A39IBJ37TRP1C6&qid=1777067879&refinements=p_36%3A8000-8500&s=merchant-items&sr=1-86&xpid=LG3GBrnM-Nffp,"Taito Card Captor Sakura Clear Card Edition Kinomoto Sakura 18cm 7"""
B01NCQGHQT,Vinyl,81.66,https://www.amazon.com.au/Yu-50-10-Limited-UNICORN/dp/B01NCQGHQT/ref=sr_1_87?dib=eyJ2IjoiMSJ9.4nQIOOUpNqIhXochb6xUXI7JF5jP9WmBgmUz79puUlhfORNMGkXhZxrWo0_oEIEqDdwAzxJciQ-KlzPGeJNOsp-0PuiXKQtr4kWVFb5X3vhodI3xn4VAzKZ5ubqym-3WrRbVClW4FxCgW6yOgDYJSk1PZi77o8yah12NmazboRQ.sZaOO9lz3XXphHIceeu3PGR2BLUAYfKWQ32nt77zZDE&dib_tag=se&m=A504JA83FLAZB&marketplaceID=A39IBJ37TRP1C6&qid=1777067879&refinements=p_36%3A8000-8500&s=merchant-items&sr=1-87&xpid=LG3GBrnM-Nffp#customerReviews,Yu 50 10 Limited
B01MU287BM,Audio CD,83.28,https://www.amazon.com.au/Introducing-Fujikochan%60S-Yuji-Ohno-Friends/dp/B01MU287BM/ref=sr_1_88?dib=eyJ2IjoiMSJ9.4nQIOOUpNqIhXochb6xUXI7JF5jP9WmBgmUz79puUlhfORNMGkXhZxrWo0_oEIEqDdwAzxJciQ-KlzPGeJNOsp-0PuiXKQtr4kWVFb5X3vhodI3xn4VAzKZ5ubqym-3WrRbVClW4FxCgW6yOgDYJSk1PZi77o8yah12NmazboRQ.sZaOO9lz3XXphHIceeu3PGR2BLUAYfKWQ32nt77zZDE&dib_tag=se&m=A504JA83FLAZB&marketplaceID=A39IBJ37TRP1C6&qid=1777067879&refinements=p_36%3A8000-8500&s=merchant-items&sr=1-88&xpid=LG3GBrnM-Nffp#customerReviews,Introducing Fujikochan`S With Yuji Ohno & Friends
B01LY1ZVRU,Audio CD,81.23,https://www.amazon.com.au/Musica-Magica-Magical-Raising-Project/dp/B01LY1ZVRU/ref=sr_1_89?dib=eyJ2IjoiMSJ9.4nQIOOUpNqIhXochb6xUXI7JF5jP9WmBgmUz79puUlhfORNMGkXhZxrWo0_oEIEqDdwAzxJciQ-KlzPGeJNOsp-0PuiXKQtr4kWVFb5X3vhodI3xn4VAzKZ5ubqym-3WrRbVClW4FxCgW6yOgDYJSk1PZi77o8yah12NmazboRQ.sZaOO9lz3XXphHIceeu3PGR2BLUAYfKWQ32nt77zZDE&dib_tag=se&m=A504JA83FLAZB&marketplaceID=A39IBJ37TRP1C6&qid=1777067879&refinements=p_36%3A8000-8500&s=merchant-items&sr=1-89&xpid=LG3GBrnM-Nffp#customerReviews,Musica Magica
B093PQ37KT,,83.41,https://www.amazon.com.au/Good-Smile-Quintessential-Quintuplets-Multicolor/dp/B093PQ37KT/ref=sr_1_90?dib=eyJ2IjoiMSJ9.4nQIOOUpNqIhXochb6xUXI7JF5jP9WmBgmUz79puUlhfORNMGkXhZxrWo0_oEIEqDdwAzxJciQ-KlzPGeJNOsp-0PuiXKQtr4kWVFb5X3vhodI3xn4VAzKZ5ubqym-3WrRbVClW4FxCgW6yOgDYJSk1PZi77o8yah12NmazboRQ.sZaOO9lz3XXphHIceeu3PGR2BLUAYfKWQ32nt77zZDE&dib_tag=se&m=A504JA83FLAZB&marketplaceID=A39IBJ37TRP1C6&qid=1777067879&refinements=p_36%3A8000-8500&s=merchant-items&sr=1-90&xpid=LG3GBrnM-Nffp#customerReviews,"Good Smile The Quintessential Quintuplets: Nino Nakano Nendoroid Action Figure, Multicolor"
B01GW03LFW,Audio CD,83.43,https://www.amazon.com.au/MOZART-DIVERTIMENTO-K287-EINE-KLEINE/dp/B01GW03LFW/ref=sr_1_91?dib=eyJ2IjoiMSJ9.4nQIOOUpNqIhXochb6xUXI7JF5jP9WmBgmUz79puUlhfORNMGkXhZxrWo0_oEIEqDdwAzxJciQ-KlzPGeJNOsp-0PuiXKQtr4kWVFb5X3vhodI3xn4VAzKZ5ubqym-3WrRbVClW4FxCgW6yOgDYJSk1PZi77o8yah12NmazboRQ.sZaOO9lz3XXphHIceeu3PGR2BLUAYfKWQ32nt77zZDE&dib_tag=se&m=A504JA83FLAZB&marketplaceID=A39IBJ37TRP1C6&qid=1777067879&refinements=p_36%3A8000-8500&s=merchant-items&sr=1-91&xpid=LG3GBrnM-Nffp#customerReviews,Mozart: Divertimento K287 / Eine Kleine
B01G130HOI,Audio CD,83.1,https://www.amazon.com.au/30th-Anniversary-Beautiful-Yukie-Nishimura/dp/B01G130HOI/ref=sr_1_97?dib=eyJ2IjoiMSJ9.9yJnnCmkIN8LNKkRQ03-FM2TgIenRaXMMI0krH00Uxn7L98ykMumZ-8ARH6z1LHs-vidqvyD2duk4EvpGbc6kQ.Jvp9xlWuIi5clf2D6j8FbR-EuqBG0wzAnoAG8sHVrto&dib_tag=se&m=A504JA83FLAZB&marketplaceID=A39IBJ37TRP1C6&qid=1777067883&refinements=p_36%3A8000-8500&s=merchant-items&sr=1-97&xpid=LG3GBrnM-Nffp#customerReviews,30th Anniversary:Beautiful Day
B01CQLPR6W,Audio CD,83.05,https://www.amazon.com.au/THOU-SWELL-NEW-YORK-TRIO/dp/B01CQLPR6W/ref=sr_1_98?dib=eyJ2IjoiMSJ9.9yJnnCmkIN8LNKkRQ03-FM2TgIenRaXMMI0krH00Uxn7L98ykMumZ-8ARH6z1LHs-vidqvyD2duk4EvpGbc6kQ.Jvp9xlWuIi5clf2D6j8FbR-EuqBG0wzAnoAG8sHVrto&dib_tag=se&m=A504JA83FLAZB&marketplaceID=A39IBJ37TRP1C6&qid=1777067883&refinements=p_36%3A8000-8500&s=merchant-items&sr=1-98&xpid=LG3GBrnM-Nffp#customerReviews,Thou Swell
B092ZF1Q5K,,97.79,https://www.amazon.com.au/Good-Smile-Company-Rurouni-Nendoroid/dp/B092ZF1Q5K/ref=sr_1_99?dib=eyJ2IjoiMSJ9.9yJnnCmkIN8LNKkRQ03-FM2TgIenRaXMMI0krH00Uxn7L98ykMumZ-8ARH6z1LHs-vidqvyD2duk4EvpGbc6kQ.Jvp9xlWuIi5clf2D6j8FbR-EuqBG0wzAnoAG8sHVrto&dib_tag=se&m=A504JA83FLAZB&marketplaceID=A39IBJ37TRP1C6&qid=1777067883&refinements=p_36%3A8000-8500&s=merchant-items&sr=1-99&xpid=LG3GBrnM-Nffp#customerReviews,Good Smile Company - Rurouni Kenshin - Nendoroid Kenshin Himura
B01CQLOVSW,PlayStation Vita,83.55,https://www.amazon.com.au/Beyond-forced-red-flowers-Japanese/dp/B01CQLOVSW/ref=sr_1_100?dib=eyJ2IjoiMSJ9.9yJnnCmkIN8LNKkRQ03-FM2TgIenRaXMMI0krH00Uxn7L98ykMumZ-8ARH6z1LHs-vidqvyD2duk4EvpGbc6kQ.Jvp9xlWuIi5clf2D6j8FbR-EuqBG0wzAnoAG8sHVrto&dib_tag=se&m=A504JA83FLAZB&marketplaceID=A39IBJ37TRP1C6&qid=1777067883&refinements=p_36%3A8000-8500&s=merchant-items&sr=1-100&xpid=LG3GBrnM-Nffp#customerReviews,Beyond forced the red flowers - Love is guided to the moon - Japanese Ver.
B01CQLOVSW,,,,
B01B4JXXI6,Audio CD,81.4,https://www.amazon.com.au/Speedster-2blu-Ray-Generations-Exile-Tribe/dp/B01B4JXXI6/ref=sr_1_101?dib=eyJ2IjoiMSJ9.9yJnnCmkIN8LNKkRQ03-FM2TgIenRaXMMI0krH00Uxn7L98ykMumZ-8ARH6z1LHs-vidqvyD2duk4EvpGbc6kQ.Jvp9xlWuIi5clf2D6j8FbR-EuqBG0wzAnoAG8sHVrto&dib_tag=se&m=A504JA83FLAZB&marketplaceID=A39IBJ37TRP1C6&qid=1777067883&refinements=p_36%3A8000-8500&s=merchant-items&sr=1-101&xpid=LG3GBrnM-Nffp#customerReviews,Speedster [CD/2blu-Ray]
B01AL35JTM,Audio CD,84.39,https://www.amazon.com.au/Brazilian-Dreamin-Joe-Beck/dp/B01AL35JTM/ref=sr_1_97?dib=eyJ2IjoiMSJ9.6rPm4yqB4t-aa2EaIp_J4_0fld-ahWwMCRZ1hGUPY5YgqTfSlSe60S1uhb8JAL1-xZm395DHO1NOIeCP-8Fb7V0js-HUX2GpqCIPCVYCpFPRSCkXDx2ACBjGs7lYjt9-YmrBawz9XzXZGVkQBkMFUueFT5eQ04XCbMt5DY0KCU0.jGAr1rg6_Q4A_HGC1wJGoehP-oxESCyzdprZpONKVDc&dib_tag=se&m=A504JA83FLAZB&marketplaceID=A39IBJ37TRP1C6&qid=1777067883&refinements=p_36%3A8000-8500&s=merchant-items&sr=1-97&xpid=LG3GBrnM-Nffp#customerReviews,Brazilian Dreamin
B002CZOY2G,,82.79,https://www.amazon.com.au/SFGLP25-55BL-by-Tajima/dp/B002CZOY2G/ref=sr_1_98?dib=eyJ2IjoiMSJ9.6rPm4yqB4t-aa2EaIp_J4_0fld-ahWwMCRZ1hGUPY5YgqTfSlSe60S1uhb8JAL1-xZm395DHO1NOIeCP-8Fb7V0js-HUX2GpqCIPCVYCpFPRSCkXDx2ACBjGs7lYjt9-YmrBawz9XzXZGVkQBkMFUueFT5eQ04XCbMt5DY0KCU0.jGAr1rg6_Q4A_HGC1wJGoehP-oxESCyzdprZpONKVDc&dib_tag=se&m=A504JA83FLAZB&marketplaceID=A39IBJ37TRP1C6&qid=1777067883&refinements=p_36%3A8000-8500&s=merchant-items&sr=1-98&xpid=LG3GBrnM-Nffp#customerReviews,"Tajima SFGLP25-55BL Convex, 2.6 x 1.0 inches (5.5 x 25 mm), Safety Conveyor G-Lock Plus 25"
B002CZOY2G,,,,
B0172BYCUS,Audio CD,84.41,https://www.amazon.com.au/%E3%83%89%E3%83%A9%E3%83%9ECD%E3%80%8C%E6%8A%B1%E3%81%8B%E3%82%8C%E3%81%9F%E3%81%84%E7%94%B71%E4%BD%8D%E3%81%AB%E8%84%85%E3%81%95%E3%82%8C%E3%81%A6%E3%81%84%E3%81%BE%E3%81%99%E3%80%823%E3%80%8D/dp/B0172BYCUS/ref=sr_1_99?dib=eyJ2IjoiMSJ9.6rPm4yqB4t-aa2EaIp_J4_0fld-ahWwMCRZ1hGUPY5YgqTfSlSe60S1uhb8JAL1-xZm395DHO1NOIeCP-8Fb7V0js-HUX2GpqCIPCVYCpFPRSCkXDx2ACBjGs7lYjt9-YmrBawz9XzXZGVkQBkMFUueFT5eQ04XCbMt5DY0KCU0.jGAr1rg6_Q4A_HGC1wJGoehP-oxESCyzdprZpONKVDc&dib_tag=se&m=A504JA83FLAZB&marketplaceID=A39IBJ37TRP1C6&qid=1777067883&refinements=p_36%3A8000-8500&s=merchant-items&sr=1-99&xpid=LG3GBrnM-Nffp#customerReviews,ドラマCD「抱かれたい男1位に脅されています。3」
B016LAV0B0,Audio CD,82.48,https://www.amazon.com.au/NIGHT-AT-ODEON-HAMMERSMITH-1975/dp/B016LAV0B0/ref=sr_1_100?dib=eyJ2IjoiMSJ9.6rPm4yqB4t-aa2EaIp_J4_0fld-ahWwMCRZ1hGUPY5YgqTfSlSe60S1uhb8JAL1-xZm395DHO1NOIeCP-8Fb7V0js-HUX2GpqCIPCVYCpFPRSCkXDx2ACBjGs7lYjt9-YmrBawz9XzXZGVkQBkMFUueFT5eQ04XCbMt5DY0KCU0.jGAr1rg6_Q4A_HGC1wJGoehP-oxESCyzdprZpONKVDc&dib_tag=se&m=A504JA83FLAZB&marketplaceID=A39IBJ37TRP1C6&qid=1777067883&refinements=p_36%3A8000-8500&s=merchant-items&sr=1-100&xpid=LG3GBrnM-Nffp#customerReviews,Night At The Odeon: Hammersmith 1975
B016E4MXS2,Audio CD,81.15,https://www.amazon.com.au/%E6%97%A6%E9%82%A3%E4%BB%A5%E5%A4%962-%E3%81%93%E3%81%AE%E9%9B%AA%E3%81%8C%E8%9E%8D%E3%81%91%E3%82%8B%E3%81%BE%E3%81%A7/dp/B016E4MXS2/ref=sr_1_101?dib=eyJ2IjoiMSJ9.6rPm4yqB4t-aa2EaIp_J4_0fld-ahWwMCRZ1hGUPY5YgqTfSlSe60S1uhb8JAL1-xZm395DHO1NOIeCP-8Fb7V0js-HUX2GpqCIPCVYCpFPRSCkXDx2ACBjGs7lYjt9-YmrBawz9XzXZGVkQBkMFUueFT5eQ04XCbMt5DY0KCU0.jGAr1rg6_Q4A_HGC1wJGoehP-oxESCyzdprZpONKVDc&dib_tag=se&m=A504JA83FLAZB&marketplaceID=A39IBJ37TRP1C6&qid=1777067883&refinements=p_36%3A8000-8500&s=merchant-items&sr=1-101&xpid=LG3GBrnM-Nffp#customerReviews,旦那以外2~この雪が融けるまで~
B00F9PIMOM,,83.6,https://www.amazon.com.au/YAMAZAKI-Home-Tissue-Case-Natural/dp/B00F9PIMOM/ref=sr_1_102?dib=eyJ2IjoiMSJ9.6rPm4yqB4t-aa2EaIp_J4_0fld-ahWwMCRZ1hGUPY5YgqTfSlSe60S1uhb8JAL1-xZm395DHO1NOIeCP-8Fb7V0js-HUX2GpqCIPCVYCpFPRSCkXDx2ACBjGs7lYjt9-YmrBawz9XzXZGVkQBkMFUueFT5eQ04XCbMt5DY0KCU0.jGAr1rg6_Q4A_HGC1wJGoehP-oxESCyzdprZpONKVDc&dib_tag=se&m=A504JA83FLAZB&marketplaceID=A39IBJ37TRP1C6&qid=1777067883&refinements=p_36%3A8000-8500&s=merchant-items&sr=1-102&xpid=LG3GBrnM-Nffp#customerReviews,"YAMAZAKI Home Rin Tissue Case with A Lid, Natural, Short"
B00F9PIMOM,,,,
B0166VIOWC,Vinyl,84.5,https://www.amazon.com.au/NONKIROU-LP-ltd/dp/B0166VIOWC/ref=sr_1_103?dib=eyJ2IjoiMSJ9.6rPm4yqB4t-aa2EaIp_J4_0fld-ahWwMCRZ1hGUPY5YgqTfSlSe60S1uhb8JAL1-xZm395DHO1NOIeCP-8Fb7V0js-HUX2GpqCIPCVYCpFPRSCkXDx2ACBjGs7lYjt9-YmrBawz9XzXZGVkQBkMFUueFT5eQ04XCbMt5DY0KCU0.jGAr1rg6_Q4A_HGC1wJGoehP-oxESCyzdprZpONKVDc&dib_tag=se&m=A504JA83FLAZB&marketplaceID=A39IBJ37TRP1C6&qid=1777067883&refinements=p_36%3A8000-8500&s=merchant-items&sr=1-103&xpid=LG3GBrnM-Nffp#customerReviews,NONKIROU(LP)(ltd.)
B013WGVOM6,Audio CD,81.43,https://www.amazon.com.au/1975-Live-Suzuki-Shigeru-Ha/dp/B013WGVOM6/ref=sr_1_104?dib=eyJ2IjoiMSJ9.6rPm4yqB4t-aa2EaIp_J4_0fld-ahWwMCRZ1hGUPY5YgqTfSlSe60S1uhb8JAL1-xZm395DHO1NOIeCP-8Fb7V0js-HUX2GpqCIPCVYCpFPRSCkXDx2ACBjGs7lYjt9-YmrBawz9XzXZGVkQBkMFUueFT5eQ04XCbMt5DY0KCU0.jGAr1rg6_Q4A_HGC1wJGoehP-oxESCyzdprZpONKVDc&dib_tag=se&m=A504JA83FLAZB&marketplaceID=A39IBJ37TRP1C6&qid=1777067883&refinements=p_36%3A8000-8500&s=merchant-items&sr=1-104&xpid=LG3GBrnM-Nffp#customerReviews,1975 Live
B013OV5IEY,Audio CD,83.92,https://www.amazon.com.au/Moonlight-Sonata-Cyrus-Chestnut/dp/B013OV5IEY/ref=sr_1_105?dib=eyJ2IjoiMSJ9.6rPm4yqB4t-aa2EaIp_J4_0fld-ahWwMCRZ1hGUPY5YgqTfSlSe60S1uhb8JAL1-xZm395DHO1NOIeCP-8Fb7V0js-HUX2GpqCIPCVYCpFPRSCkXDx2ACBjGs7lYjt9-YmrBawz9XzXZGVkQBkMFUueFT5eQ04XCbMt5DY0KCU0.jGAr1rg6_Q4A_HGC1wJGoehP-oxESCyzdprZpONKVDc&dib_tag=se&m=A504JA83FLAZB&marketplaceID=A39IBJ37TRP1C6&qid=1777067883&refinements=p_36%3A8000-8500&s=merchant-items&sr=1-105&xpid=LG3GBrnM-Nffp#customerReviews,Moonlight Sonata
B08VDZTYJN,,92.2,https://www.amazon.com.au/Daiwa-PR100L-Bait-Reel-21/dp/B08VDZTYJN/ref=sr_1_106?dib=eyJ2IjoiMSJ9.6rPm4yqB4t-aa2EaIp_J4_0fld-ahWwMCRZ1hGUPY5YgqTfSlSe60S1uhb8JAL1-xZm395DHO1NOIeCP-8Fb7V0js-HUX2GpqCIPCVYCpFPRSCkXDx2ACBjGs7lYjt9-YmrBawz9XzXZGVkQBkMFUueFT5eQ04XCbMt5DY0KCU0.jGAr1rg6_Q4A_HGC1wJGoehP-oxESCyzdprZpONKVDc&dib_tag=se&m=A504JA83FLAZB&marketplaceID=A39IBJ37TRP1C6&qid=1777067883&refinements=p_36%3A8000-8500&s=merchant-items&sr=1-106&xpid=LG3GBrnM-Nffp#customerReviews,Daiwa Bait Reel 21PR100 Normal Gear/High Gear (Right/Left Handle) Various
B08VDZTYJN,,,,
B00XIYVZOK,Audio CD,84.62,https://www.amazon.com.au/Kou-Utau-Shibasaki/dp/B00XIYVZOK/ref=sr_1_107?dib=eyJ2IjoiMSJ9.6rPm4yqB4t-aa2EaIp_J4_0fld-ahWwMCRZ1hGUPY5YgqTfSlSe60S1uhb8JAL1-xZm395DHO1NOIeCP-8Fb7V0js-HUX2GpqCIPCVYCpFPRSCkXDx2ACBjGs7lYjt9-YmrBawz9XzXZGVkQBkMFUueFT5eQ04XCbMt5DY0KCU0.jGAr1rg6_Q4A_HGC1wJGoehP-oxESCyzdprZpONKVDc&dib_tag=se&m=A504JA83FLAZB&marketplaceID=A39IBJ37TRP1C6&qid=1777067883&refinements=p_36%3A8000-8500&s=merchant-items&sr=1-107&xpid=LG3GBrnM-Nffp#customerReviews,Kou Utau
B00VLUPGNO,Audio CD,82.99,https://www.amazon.com.au/_genic-Digipack-Amuro-Namie/dp/B00VLUPGNO/ref=sr_1_113?dib=eyJ2IjoiMSJ9.YEpHow3QDJBd_BkQeCwgyksvFd2PeeZHOfjnSao2AdaHHcWGC3h66-J5ioQhlLQW0BTeigXmUZQr7YlQ_hUr6g.j0nAWFj4JdplW5CQ6waVUx_DHudI4LtpPJMgY2q_nOg&dib_tag=se&m=A504JA83FLAZB&marketplaceID=A39IBJ37TRP1C6&qid=1777067888&refinements=p_36%3A8000-8500&s=merchant-items&sr=1-113&xpid=LG3GBrnM-Nffp#customerReviews,_genic [Digipack]
B00V59XSOK,Audio CD,83.17,https://www.amazon.com.au/Fairest-Isle-Purcell-Murai-Kyoko/dp/B00V59XSOK/ref=sr_1_114?dib=eyJ2IjoiMSJ9.YEpHow3QDJBd_BkQeCwgyksvFd2PeeZHOfjnSao2AdaHHcWGC3h66-J5ioQhlLQW0BTeigXmUZQr7YlQ_hUr6g.j0nAWFj4JdplW5CQ6waVUx_DHudI4LtpPJMgY2q_nOg&dib_tag=se&m=A504JA83FLAZB&marketplaceID=A39IBJ37TRP1C6&qid=1777067888&refinements=p_36%3A8000-8500&s=merchant-items&sr=1-114&xpid=LG3GBrnM-Nffp#customerReviews,Fairest Isle:Purcell and Britt
B00VQ5S4CO,,82.86,https://www.amazon.com.au/base-Iron-Frying-Pan-18cm/dp/B00VQ5S4CO/ref=sr_1_115?dib=eyJ2IjoiMSJ9.YEpHow3QDJBd_BkQeCwgyksvFd2PeeZHOfjnSao2AdaHHcWGC3h66-J5ioQhlLQW0BTeigXmUZQr7YlQ_hUr6g.j0nAWFj4JdplW5CQ6waVUx_DHudI4LtpPJMgY2q_nOg&dib_tag=se&m=A504JA83FLAZB&marketplaceID=A39IBJ37TRP1C6&qid=1777067888&refinements=p_36%3A8000-8500&s=merchant-items&sr=1-115&xpid=LG3GBrnM-Nffp#customerReviews,la base Iron Frying Pan 18cm
B00VQ5S4CO,,,,
B00PH1VCX6,Audio CD,82.67,https://www.amazon.com.au/Its-Magic-Eddie-Higgins/dp/B00PH1VCX6/ref=sr_1_116?dib=eyJ2IjoiMSJ9.YEpHow3QDJBd_BkQeCwgyksvFd2PeeZHOfjnSao2AdaHHcWGC3h66-J5ioQhlLQW0BTeigXmUZQr7YlQ_hUr6g.j0nAWFj4JdplW5CQ6waVUx_DHudI4LtpPJMgY2q_nOg&dib_tag=se&m=A504JA83FLAZB&marketplaceID=A39IBJ37TRP1C6&qid=1777067888&refinements=p_36%3A8000-8500&s=merchant-items&sr=1-116&xpid=LG3GBrnM-Nffp#customerReviews,It's Magic
B00OY9CQ28,Audio CD,81.43,https://www.amazon.com.au/Reverie-Tsunematsu-Matsui/dp/B00OY9CQ28/ref=sr_1_117?dib=eyJ2IjoiMSJ9.YEpHow3QDJBd_BkQeCwgyksvFd2PeeZHOfjnSao2AdaHHcWGC3h66-J5ioQhlLQW0BTeigXmUZQr7YlQ_hUr6g.j0nAWFj4JdplW5CQ6waVUx_DHudI4LtpPJMgY2q_nOg&dib_tag=se&m=A504JA83FLAZB&marketplaceID=A39IBJ37TRP1C6&qid=1777067888&refinements=p_36%3A8000-8500&s=merchant-items&sr=1-117&xpid=LG3GBrnM-Nffp#customerReviews,Reverie
B00OO2TGZA,Audio CD,80.65,https://www.amazon.com.au/Gunzou-Hoshi-Ltd-Koji-Tamaki/dp/B00OO2TGZA/ref=sr_1_113?dib=eyJ2IjoiMSJ9.aeuiepeGHdenZ1mHO03HSSjdfQJhz30DG0Zuijij3k7patOCEqWE4pb6pCta-mP9BPPvnk8omZenxFLmPs1-opwpJ1s7XjzNmkhRiuYAYfVuXigHwf4Pm0ZrUi5SDt6u0ZsufD07WT47VhPQmTYEXpBAT7j8xsiEhFb98S4OtOE.nf2SK8-Lnp5nQ4TcW26MWMG3P204eFHEas8QLVUXiCM&dib_tag=se&m=A504JA83FLAZB&marketplaceID=A39IBJ37TRP1C6&qid=1777067888&refinements=p_36%3A8000-8500&s=merchant-items&sr=1-113&xpid=LG3GBrnM-Nffp#customerReviews,Gunzou No Hoshi [Ltd.Edition]
B0DPKMLPND,,83.03,https://www.amazon.com.au/Gridman-Universe-Shinjo-Akane-Chocopuni/dp/B0DPKMLPND/ref=sr_1_114?dib=eyJ2IjoiMSJ9.aeuiepeGHdenZ1mHO03HSSjdfQJhz30DG0Zuijij3k7patOCEqWE4pb6pCta-mP9BPPvnk8omZenxFLmPs1-opwpJ1s7XjzNmkhRiuYAYfVuXigHwf4Pm0ZrUi5SDt6u0ZsufD07WT47VhPQmTYEXpBAT7j8xsiEhFb98S4OtOE.nf2SK8-Lnp5nQ4TcW26MWMG3P204eFHEas8QLVUXiCM&dib_tag=se&m=A504JA83FLAZB&marketplaceID=A39IBJ37TRP1C6&qid=1777067888&refinements=p_36%3A8000-8500&s=merchant-items&sr=1-114&xpid=LG3GBrnM-Nffp,Gridman Universe Shinjo Akane New Order Chocopuni Plush
B00OC3EAEI,Audio CD,83.86,https://www.amazon.com.au/Senjou-Waltzdeluxe-Soundtrack-Game-Music/dp/B00OC3EAEI/ref=sr_1_115?dib=eyJ2IjoiMSJ9.aeuiepeGHdenZ1mHO03HSSjdfQJhz30DG0Zuijij3k7patOCEqWE4pb6pCta-mP9BPPvnk8omZenxFLmPs1-opwpJ1s7XjzNmkhRiuYAYfVuXigHwf4Pm0ZrUi5SDt6u0ZsufD07WT47VhPQmTYEXpBAT7j8xsiEhFb98S4OtOE.nf2SK8-Lnp5nQ4TcW26MWMG3P204eFHEas8QLVUXiCM&dib_tag=se&m=A504JA83FLAZB&marketplaceID=A39IBJ37TRP1C6&qid=1777067888&refinements=p_36%3A8000-8500&s=merchant-items&sr=1-115&xpid=LG3GBrnM-Nffp#customerReviews,Senjou No Waltzdeluxe E
B00M69J1WQ,Audio CD,83.68,https://www.amazon.com.au/Japao-3-Lisa-Ono/dp/B00M69J1WQ/ref=sr_1_116?dib=eyJ2IjoiMSJ9.aeuiepeGHdenZ1mHO03HSSjdfQJhz30DG0Zuijij3k7patOCEqWE4pb6pCta-mP9BPPvnk8omZenxFLmPs1-opwpJ1s7XjzNmkhRiuYAYfVuXigHwf4Pm0ZrUi5SDt6u0ZsufD07WT47VhPQmTYEXpBAT7j8xsiEhFb98S4OtOE.nf2SK8-Lnp5nQ4TcW26MWMG3P204eFHEas8QLVUXiCM&dib_tag=se&m=A504JA83FLAZB&marketplaceID=A39IBJ37TRP1C6&qid=1777067888&refinements=p_36%3A8000-8500&s=merchant-items&sr=1-116&xpid=LG3GBrnM-Nffp#customerReviews,Japao 3
B00M0FK7W4,Audio CD,82.6,https://www.amazon.com.au/History-Album-1989-2014-25-Pea-Boom/dp/B00M0FK7W4/ref=sr_1_117?dib=eyJ2IjoiMSJ9.aeuiepeGHdenZ1mHO03HSSjdfQJhz30DG0Zuijij3k7patOCEqWE4pb6pCta-mP9BPPvnk8omZenxFLmPs1-opwpJ1s7XjzNmkhRiuYAYfVuXigHwf4Pm0ZrUi5SDt6u0ZsufD07WT47VhPQmTYEXpBAT7j8xsiEhFb98S4OtOE.nf2SK8-Lnp5nQ4TcW26MWMG3P204eFHEas8QLVUXiCM&dib_tag=se&m=A504JA83FLAZB&marketplaceID=A39IBJ37TRP1C6&qid=1777067888&refinements=p_36%3A8000-8500&s=merchant-items&sr=1-117&xpid=LG3GBrnM-Nffp#customerReviews,History Album 1989-2014-25 Pea
B001U19040,,81.75,https://www.amazon.com.au/Endoshoji-WSY03030-Commercial-Altite-Aluminum/dp/B001U19040/ref=sr_1_118?dib=eyJ2IjoiMSJ9.aeuiepeGHdenZ1mHO03HSSjdfQJhz30DG0Zuijij3k7patOCEqWE4pb6pCta-mP9BPPvnk8omZenxFLmPs1-opwpJ1s7XjzNmkhRiuYAYfVuXigHwf4Pm0ZrUi5SDt6u0ZsufD07WT47VhPQmTYEXpBAT7j8xsiEhFb98S4OtOE.nf2SK8-Lnp5nQ4TcW26MWMG3P204eFHEas8QLVUXiCM&dib_tag=se&m=A504JA83FLAZB&marketplaceID=A39IBJ37TRP1C6&qid=1777067888&refinements=p_36%3A8000-8500&s=merchant-items&sr=1-118&xpid=LG3GBrnM-Nffp#customerReviews,"Endoshoji WSY03030 Professional Altitite Pan Pan with Lid, 3 Loafs, Iron Aluminum, Made in Japan"
B001U19040,,,,
B00LO4O3UO,Audio CD,80.79,https://www.amazon.com.au/MY-FOOLISH-HEART-EDDIE-HIGGINS/dp/B00LO4O3UO/ref=sr_1_119?dib=eyJ2IjoiMSJ9.aeuiepeGHdenZ1mHO03HSSjdfQJhz30DG0Zuijij3k7patOCEqWE4pb6pCta-mP9BPPvnk8omZenxFLmPs1-opwpJ1s7XjzNmkhRiuYAYfVuXigHwf4Pm0ZrUi5SDt6u0ZsufD07WT47VhPQmTYEXpBAT7j8xsiEhFb98S4OtOE.nf2SK8-Lnp5nQ4TcW26MWMG3P204eFHEas8QLVUXiCM&dib_tag=se&m=A504JA83FLAZB&marketplaceID=A39IBJ37TRP1C6&qid=1777067888&refinements=p_36%3A8000-8500&s=merchant-items&sr=1-119&xpid=LG3GBrnM-Nffp#customerReviews,My Foolish Heart
B00KT45278,Audio CD,84.41,https://www.amazon.com.au/Sing-Song-2-Toyota-Michinori/dp/B00KT45278/ref=sr_1_120?dib=eyJ2IjoiMSJ9.aeuiepeGHdenZ1mHO03HSSjdfQJhz30DG0Zuijij3k7patOCEqWE4pb6pCta-mP9BPPvnk8omZenxFLmPs1-opwpJ1s7XjzNmkhRiuYAYfVuXigHwf4Pm0ZrUi5SDt6u0ZsufD07WT47VhPQmTYEXpBAT7j8xsiEhFb98S4OtOE.nf2SK8-Lnp5nQ4TcW26MWMG3P204eFHEas8QLVUXiCM&dib_tag=se&m=A504JA83FLAZB&marketplaceID=A39IBJ37TRP1C6&qid=1777067888&refinements=p_36%3A8000-8500&s=merchant-items&sr=1-120&xpid=LG3GBrnM-Nffp#customerReviews,Sing a Song 2
B00K9Z9RLY,Audio CD,80.12,https://www.amazon.com.au/Lazy-Afternoon-Gentle-Ballads-4/dp/B00K9Z9RLY/ref=sr_1_121?dib=eyJ2IjoiMSJ9.aeuiepeGHdenZ1mHO03HSSjdfQJhz30DG0Zuijij3k7patOCEqWE4pb6pCta-mP9BPPvnk8omZenxFLmPs1-opwpJ1s7XjzNmkhRiuYAYfVuXigHwf4Pm0ZrUi5SDt6u0ZsufD07WT47VhPQmTYEXpBAT7j8xsiEhFb98S4OtOE.nf2SK8-Lnp5nQ4TcW26MWMG3P204eFHEas8QLVUXiCM&dib_tag=se&m=A504JA83FLAZB&marketplaceID=A39IBJ37TRP1C6&qid=1777067888&refinements=p_36%3A8000-8500&s=merchant-items&sr=1-121&xpid=LG3GBrnM-Nffp#customerReviews,Lazy Afternoon Gentle Ballads 4
B099K953C1,,83.41,https://www.amazon.com.au/Princess-Connect-Re-Pecorine-Nendoroid/dp/B099K953C1/ref=sr_1_122?dib=eyJ2IjoiMSJ9.aeuiepeGHdenZ1mHO03HSSjdfQJhz30DG0Zuijij3k7patOCEqWE4pb6pCta-mP9BPPvnk8omZenxFLmPs1-opwpJ1s7XjzNmkhRiuYAYfVuXigHwf4Pm0ZrUi5SDt6u0ZsufD07WT47VhPQmTYEXpBAT7j8xsiEhFb98S4OtOE.nf2SK8-Lnp5nQ4TcW26MWMG3P204eFHEas8QLVUXiCM&dib_tag=se&m=A504JA83FLAZB&marketplaceID=A39IBJ37TRP1C6&qid=1777067888&refinements=p_36%3A8000-8500&s=merchant-items&sr=1-122&xpid=LG3GBrnM-Nffp#customerReviews,Princess Connect! Re: Dive Pecorine Nendoroid
B00HILJP3W,Audio CD,81.93,https://www.amazon.com.au/Weber-Clarinet-Concertos-Ogura-Kiyoto/dp/B00HILJP3W/ref=sr_1_123?dib=eyJ2IjoiMSJ9.aeuiepeGHdenZ1mHO03HSSjdfQJhz30DG0Zuijij3k7patOCEqWE4pb6pCta-mP9BPPvnk8omZenxFLmPs1-opwpJ1s7XjzNmkhRiuYAYfVuXigHwf4Pm0ZrUi5SDt6u0ZsufD07WT47VhPQmTYEXpBAT7j8xsiEhFb98S4OtOE.nf2SK8-Lnp5nQ4TcW26MWMG3P204eFHEas8QLVUXiCM&dib_tag=se&m=A504JA83FLAZB&marketplaceID=A39IBJ37TRP1C6&qid=1777067888&refinements=p_36%3A8000-8500&s=merchant-items&sr=1-123&xpid=LG3GBrnM-Nffp,Weber:Clarinet Concertos Nos./
B00H3F4T5M,Audio CD,81.31,https://www.amazon.com.au/%E3%83%9E%E3%83%BC%E3%83%A1%E3%82%A4%E3%83%89%E3%83%97%E3%83%AA%E3%82%BA%E3%83%A0-%E3%83%89%E3%83%A9%E3%83%9ECD-%E3%80%8C8-Farben%E3%80%8D/dp/B00H3F4T5M/ref=sr_1_129?dib=eyJ2IjoiMSJ9.MoSgr5JsZyYvsP_VTu9V3n6ztzndPfm_BtevGRgxvpxA0GfAiHRn_re2PtcOROrlDOLvfhwQ3szO9Z5rqt_WiQ.9-RDdf-RJYZ3RCPzrIUQVij-igTJvhCQUjSgqJWUpos&dib_tag=se&m=A504JA83FLAZB&marketplaceID=A39IBJ37TRP1C6&qid=1777067892&refinements=p_36%3A8000-8500&s=merchant-items&sr=1-129&xpid=LG3GBrnM-Nffp,マーメイドプリズム ドラマCD 「8 Farben」
B00GQ5BXFY,Audio CD,82.26,https://www.amazon.com.au/Dog-Best-Pwo/dp/B00GQ5BXFY/ref=sr_1_130?dib=eyJ2IjoiMSJ9.MoSgr5JsZyYvsP_VTu9V3n6ztzndPfm_BtevGRgxvpxA0GfAiHRn_re2PtcOROrlDOLvfhwQ3szO9Z5rqt_WiQ.9-RDdf-RJYZ3RCPzrIUQVij-igTJvhCQUjSgqJWUpos&dib_tag=se&m=A504JA83FLAZB&marketplaceID=A39IBJ37TRP1C6&qid=1777067892&refinements=p_36%3A8000-8500&s=merchant-items&sr=1-130&xpid=LG3GBrnM-Nffp#customerReviews,Dog in the Best
B0DV527WQG,,82.29,https://www.amazon.com.au/LOGOS-Snoopy-Semiruna-Basket-86001141/dp/B0DV527WQG/ref=sr_1_131?dib=eyJ2IjoiMSJ9.MoSgr5JsZyYvsP_VTu9V3n6ztzndPfm_BtevGRgxvpxA0GfAiHRn_re2PtcOROrlDOLvfhwQ3szO9Z5rqt_WiQ.9-RDdf-RJYZ3RCPzrIUQVij-igTJvhCQUjSgqJWUpos&dib_tag=se&m=A504JA83FLAZB&marketplaceID=A39IBJ37TRP1C6&qid=1777067892&refinements=p_36%3A8000-8500&s=merchant-items&sr=1-131&xpid=LG3GBrnM-Nffp#customerReviews,LOGOS Snoopy (75 Years) Mini Semiruna Basket 86001141
B0DV527WQG,,,,
B00FAHH3OY,Audio CD,83.37,https://www.amazon.com.au/Hontontoko-Future-Tokio/dp/B00FAHH3OY/ref=sr_1_132?dib=eyJ2IjoiMSJ9.MoSgr5JsZyYvsP_VTu9V3n6ztzndPfm_BtevGRgxvpxA0GfAiHRn_re2PtcOROrlDOLvfhwQ3szO9Z5rqt_WiQ.9-RDdf-RJYZ3RCPzrIUQVij-igTJvhCQUjSgqJWUpos&dib_tag=se&m=A504JA83FLAZB&marketplaceID=A39IBJ37TRP1C6&qid=1777067892&refinements=p_36%3A8000-8500&s=merchant-items&sr=1-132&xpid=LG3GBrnM-Nffp#customerReviews,Hontontoko/Future
B00E6EI4DQ,Audio CD,81.93,https://www.amazon.com.au/Ten-Nyo-Sanka-Tokyo-Sinfonieay-Classical-Compilation/dp/B00E6EI4DQ/ref=sr_1_133?dib=eyJ2IjoiMSJ9.MoSgr5JsZyYvsP_VTu9V3n6ztzndPfm_BtevGRgxvpxA0GfAiHRn_re2PtcOROrlDOLvfhwQ3szO9Z5rqt_WiQ.9-RDdf-RJYZ3RCPzrIUQVij-igTJvhCQUjSgqJWUpos&dib_tag=se&m=A504JA83FLAZB&marketplaceID=A39IBJ37TRP1C6&qid=1777067892&refinements=p_36%3A8000-8500&s=merchant-items&sr=1-133&xpid=LG3GBrnM-Nffp#customerReviews,Ten-Nyo-Sanka-Tokyo Sinfonieay
B00DL739GQ,Audio CD,82.85,https://www.amazon.com.au/Buyou-Kayou-Meikyoku-Sen-Kokor/dp/B00DL739GQ/ref=sr_1_129?dib=eyJ2IjoiMSJ9.ME0LCzG8N9u2pugR3_PuArz_212DuZR62Ydq2SR0ycQO0ldWLsMl1zVVtLmHVMa6sGfLAkHdqezBweqbvSQwX287aNozW5vzY0_Z4RoObBTaXbr5uQx_egLtIUzi8Ux64_KBi7-bwZBK8jUjMI7jFyBTIGHHTZmwLVBE1jfWsAY.rfq7p8KXNU2CBuY4PWBxOR-PUd5yl3lbPxOsUqCPA5U&dib_tag=se&m=A504JA83FLAZB&marketplaceID=A39IBJ37TRP1C6&qid=1777067892&refinements=p_36%3A8000-8500&s=merchant-items&sr=1-129&xpid=LG3GBrnM-Nffp#customerReviews,Buyou Kayou Meikyoku Sen Kokor
B015Z27910,,82.09,https://www.amazon.com.au/Hakko-FH800-Iron-Holder-FX8804/dp/B015Z27910/ref=sr_1_130?dib=eyJ2IjoiMSJ9.ME0LCzG8N9u2pugR3_PuArz_212DuZR62Ydq2SR0ycQO0ldWLsMl1zVVtLmHVMa6sGfLAkHdqezBweqbvSQwX287aNozW5vzY0_Z4RoObBTaXbr5uQx_egLtIUzi8Ux64_KBi7-bwZBK8jUjMI7jFyBTIGHHTZmwLVBE1jfWsAY.rfq7p8KXNU2CBuY4PWBxOR-PUd5yl3lbPxOsUqCPA5U&dib_tag=se&m=A504JA83FLAZB&marketplaceID=A39IBJ37TRP1C6&qid=1777067892&refinements=p_36%3A8000-8500&s=merchant-items&sr=1-130&xpid=LG3GBrnM-Nffp#customerReviews,Hakko FH800 Iron Holder for The FX8804
B015Z27910,,,,
B00DECLVN6,Audio CD,85.0,https://www.amazon.com.au/%E3%81%A1%E3%81%82%E3%81%8D%E3%81%AA%E3%81%8A%E3%81%BF-%E6%98%AD%E5%92%8C%E3%82%AB%E3%83%90%E3%83%BC%E3%83%BB%E3%82%BD%E3%83%B3%E3%82%B0%E3%82%B9-CD2%E6%9E%9A%E7%B5%84-%E5%9B%9B%E3%81%A4%E3%81%AE%E3%81%8A%E9%A1%98%E3%81%84-PBB-84-94S/dp/B00DECLVN6/ref=sr_1_131?dib=eyJ2IjoiMSJ9.ME0LCzG8N9u2pugR3_PuArz_212DuZR62Ydq2SR0ycQO0ldWLsMl1zVVtLmHVMa6sGfLAkHdqezBweqbvSQwX287aNozW5vzY0_Z4RoObBTaXbr5uQx_egLtIUzi8Ux64_KBi7-bwZBK8jUjMI7jFyBTIGHHTZmwLVBE1jfWsAY.rfq7p8KXNU2CBuY4PWBxOR-PUd5yl3lbPxOsUqCPA5U&dib_tag=se&m=A504JA83FLAZB&marketplaceID=A39IBJ37TRP1C6&qid=1777067892&refinements=p_36%3A8000-8500&s=merchant-items&sr=1-131&xpid=LG3GBrnM-Nffp#customerReviews,ちあきなおみ ベスト&昭和カバー・ソングス CD2枚組 喝采 四つのお願い 矢切の渡し PBB-84-94S
B00C3Z7KMG,Audio CD,80.89,https://www.amazon.com.au/One-All-Singles-Best-Garnet-Crow/dp/B00C3Z7KMG/ref=sr_1_132?dib=eyJ2IjoiMSJ9.ME0LCzG8N9u2pugR3_PuArz_212DuZR62Ydq2SR0ycQO0ldWLsMl1zVVtLmHVMa6sGfLAkHdqezBweqbvSQwX287aNozW5vzY0_Z4RoObBTaXbr5uQx_egLtIUzi8Ux64_KBi7-bwZBK8jUjMI7jFyBTIGHHTZmwLVBE1jfWsAY.rfq7p8KXNU2CBuY4PWBxOR-PUd5yl3lbPxOsUqCPA5U&dib_tag=se&m=A504JA83FLAZB&marketplaceID=A39IBJ37TRP1C6&qid=1777067892&refinements=p_36%3A8000-8500&s=merchant-items&sr=1-132&xpid=LG3GBrnM-Nffp#customerReviews,One-All Singles Best-
B00B4PANL6,Sony PSP,83.87,https://www.amazon.com.au/Frontier-Gate-Boost-Japanese-Version/dp/B00B4PANL6/ref=sr_1_133?dib=eyJ2IjoiMSJ9.ME0LCzG8N9u2pugR3_PuArz_212DuZR62Ydq2SR0ycQO0ldWLsMl1zVVtLmHVMa6sGfLAkHdqezBweqbvSQwX287aNozW5vzY0_Z4RoObBTaXbr5uQx_egLtIUzi8Ux64_KBi7-bwZBK8jUjMI7jFyBTIGHHTZmwLVBE1jfWsAY.rfq7p8KXNU2CBuY4PWBxOR-PUd5yl3lbPxOsUqCPA5U&dib_tag=se&m=A504JA83FLAZB&marketplaceID=A39IBJ37TRP1C6&qid=1777067892&refinements=p_36%3A8000-8500&s=merchant-items&sr=1-133&xpid=LG3GBrnM-Nffp#customerReviews,Frontier Gate Boost+[Japanese Version]
B00B4PANL6,,,,
B09YY2PYW4,,82.56,https://www.amazon.com.au/Kitaco-331-1452000-Super-Pump-Monkey/dp/B09YY2PYW4/ref=sr_1_134?dib=eyJ2IjoiMSJ9.ME0LCzG8N9u2pugR3_PuArz_212DuZR62Ydq2SR0ycQO0ldWLsMl1zVVtLmHVMa6sGfLAkHdqezBweqbvSQwX287aNozW5vzY0_Z4RoObBTaXbr5uQx_egLtIUzi8Ux64_KBi7-bwZBK8jUjMI7jFyBTIGHHTZmwLVBE1jfWsAY.rfq7p8KXNU2CBuY4PWBxOR-PUd5yl3lbPxOsUqCPA5U&dib_tag=se&m=A504JA83FLAZB&marketplaceID=A39IBJ37TRP1C6&qid=1777067892&refinements=p_36%3A8000-8500&s=merchant-items&sr=1-134&xpid=LG3GBrnM-Nffp#customerReviews,"Kitaco 331-1452000 Super Oil Pump Kit, Grom (JC92), Monkey 125 (JB03), CT125 Hunter Cub (JA65), Cross Cub 110 (JA60), Etc"
B09YY2PYW4,,,,
B00B1Z2H2M,Audio CD,82.15,https://www.amazon.com.au/Melancholia-Dulcimer-No-Sekai-Ogawa-Mikako/dp/B00B1Z2H2M/ref=sr_1_135?dib=eyJ2IjoiMSJ9.ME0LCzG8N9u2pugR3_PuArz_212DuZR62Ydq2SR0ycQO0ldWLsMl1zVVtLmHVMa6sGfLAkHdqezBweqbvSQwX287aNozW5vzY0_Z4RoObBTaXbr5uQx_egLtIUzi8Ux64_KBi7-bwZBK8jUjMI7jFyBTIGHHTZmwLVBE1jfWsAY.rfq7p8KXNU2CBuY4PWBxOR-PUd5yl3lbPxOsUqCPA5U&dib_tag=se&m=A504JA83FLAZB&marketplaceID=A39IBJ37TRP1C6&qid=1777067892&refinements=p_36%3A8000-8500&s=merchant-items&sr=1-135&xpid=LG3GBrnM-Nffp#customerReviews,Melancholia-Dulcimer No Sekai
B00A6EIL7Y,Audio CD,82.77,https://www.amazon.com.au/Mayu-Kishima-Violin-Sonata-OVCL-485/dp/B00A6EIL7Y/ref=sr_1_136?dib=eyJ2IjoiMSJ9.ME0LCzG8N9u2pugR3_PuArz_212DuZR62Ydq2SR0ycQO0ldWLsMl1zVVtLmHVMa6sGfLAkHdqezBweqbvSQwX287aNozW5vzY0_Z4RoObBTaXbr5uQx_egLtIUzi8Ux64_KBi7-bwZBK8jUjMI7jFyBTIGHHTZmwLVBE1jfWsAY.rfq7p8KXNU2CBuY4PWBxOR-PUd5yl3lbPxOsUqCPA5U&dib_tag=se&m=A504JA83FLAZB&marketplaceID=A39IBJ37TRP1C6&qid=1777067892&refinements=p_36%3A8000-8500&s=merchant-items&sr=1-136&xpid=LG3GBrnM-Nffp#customerReviews,Mayu Kishima - Faure: Violin Sonata No.1 [Japan CD] OVCL-485
B009R26IJ4,Audio CD,84.92,https://www.amazon.com.au/Stylips-Anniversary-Disc-Step/dp/B009R26IJ4/ref=sr_1_137?dib=eyJ2IjoiMSJ9.ME0LCzG8N9u2pugR3_PuArz_212DuZR62Ydq2SR0ycQO0ldWLsMl1zVVtLmHVMa6sGfLAkHdqezBweqbvSQwX287aNozW5vzY0_Z4RoObBTaXbr5uQx_egLtIUzi8Ux64_KBi7-bwZBK8jUjMI7jFyBTIGHHTZmwLVBE1jfWsAY.rfq7p8KXNU2CBuY4PWBxOR-PUd5yl3lbPxOsUqCPA5U&dib_tag=se&m=A504JA83FLAZB&marketplaceID=A39IBJ37TRP1C6&qid=1777067892&refinements=p_36%3A8000-8500&s=merchant-items&sr=1-137&xpid=LG3GBrnM-Nffp#customerReviews,Stylips Anniversary Disc [Step
B0027JT7PG,,82.15,https://www.amazon.com.au/IPS-groove-WP-pliers-GR-300/dp/B0027JT7PG/ref=sr_1_138?dib=eyJ2IjoiMSJ9.ME0LCzG8N9u2pugR3_PuArz_212DuZR62Ydq2SR0ycQO0ldWLsMl1zVVtLmHVMa6sGfLAkHdqezBweqbvSQwX287aNozW5vzY0_Z4RoObBTaXbr5uQx_egLtIUzi8Ux64_KBi7-bwZBK8jUjMI7jFyBTIGHHTZmwLVBE1jfWsAY.rfq7p8KXNU2CBuY4PWBxOR-PUd5yl3lbPxOsUqCPA5U&dib_tag=se&m=A504JA83FLAZB&marketplaceID=A39IBJ37TRP1C6&qid=1777067892&refinements=p_36%3A8000-8500&s=merchant-items&sr=1-138&xpid=LG3GBrnM-Nffp#customerReviews,"IPS GR-300 Water Pump Pliers with Grooves, 11.8 inches (300 mm), Made in Japan, Tsubame Sanjo"
B0027JT7PG,,,,
B009FRP3JM,Audio CD,81.27,https://www.amazon.com.au/Singles-2002-2012-Memorie-Round-Table/dp/B009FRP3JM/ref=sr_1_139?dib=eyJ2IjoiMSJ9.ME0LCzG8N9u2pugR3_PuArz_212DuZR62Ydq2SR0ycQO0ldWLsMl1zVVtLmHVMa6sGfLAkHdqezBweqbvSQwX287aNozW5vzY0_Z4RoObBTaXbr5uQx_egLtIUzi8Ux64_KBi7-bwZBK8jUjMI7jFyBTIGHHTZmwLVBE1jfWsAY.rfq7p8KXNU2CBuY4PWBxOR-PUd5yl3lbPxOsUqCPA5U&dib_tag=se&m=A504JA83FLAZB&marketplaceID=A39IBJ37TRP1C6&qid=1777067892&refinements=p_36%3A8000-8500&s=merchant-items&sr=1-139&xpid=LG3GBrnM-Nffp#customerReviews,Singles Best 2002-2012 Memorie
B0095TEA80,Audio CD,84.87,https://www.amazon.com.au/%E3%83%89%E3%83%A9%E3%83%9ECD%E3%80%8C%E3%81%BF%E3%82%89%E3%81%8F%E3%82%8B%E3%81%AE%E3%83%BC%E3%81%A8%E3%82%93%E3%80%8DSUMMER%E2%98%86SPECIAL/dp/B0095TEA80/ref=sr_1_145?dib=eyJ2IjoiMSJ9.gS8lXyIhSDcti5eH4zLJxNvPRKb3yBQVhnP_rGKSesk_uRjgbAp9iJz127OQeANa-sh83xzRE1uPb-0B4Wz8Sw.Jc46Ys3BUruHkjDuwZF57UjMXufBaYhKvC2jpflwDQU&dib_tag=se&m=A504JA83FLAZB&marketplaceID=A39IBJ37TRP1C6&qid=1777067897&refinements=p_36%3A8000-8500&s=merchant-items&sr=1-145&xpid=LG3GBrnM-Nffp#customerReviews,ドラマCD「みらくるのーとん」SUMMER☆SPECIAL
B0094JLUA2,Audio CD,84.42,https://www.amazon.com.au/Abunai-Koi-No-Sousashitsu-Dram/dp/B0094JLUA2/ref=sr_1_146?dib=eyJ2IjoiMSJ9.gS8lXyIhSDcti5eH4zLJxNvPRKb3yBQVhnP_rGKSesk_uRjgbAp9iJz127OQeANa-sh83xzRE1uPb-0B4Wz8Sw.Jc46Ys3BUruHkjDuwZF57UjMXufBaYhKvC2jpflwDQU&dib_tag=se&m=A504JA83FLAZB&marketplaceID=A39IBJ37TRP1C6&qid=1777067897&refinements=p_36%3A8000-8500&s=merchant-items&sr=1-146&xpid=LG3GBrnM-Nffp#customerReviews,Abunai Koi No Sousashitsu Dram
B07SVMGP4C,,84.27,https://www.amazon.com.au/Shimano-Deore-CN-M8100-Chain-12-Speed/dp/B07SVMGP4C/ref=sr_1_147?dib=eyJ2IjoiMSJ9.gS8lXyIhSDcti5eH4zLJxNvPRKb3yBQVhnP_rGKSesk_uRjgbAp9iJz127OQeANa-sh83xzRE1uPb-0B4Wz8Sw.Jc46Ys3BUruHkjDuwZF57UjMXufBaYhKvC2jpflwDQU&dib_tag=se&m=A504JA83FLAZB&marketplaceID=A39IBJ37TRP1C6&qid=1777067897&refinements=p_36%3A8000-8500&s=merchant-items&sr=1-147&xpid=LG3GBrnM-Nffp#customerReviews,Shimano Xt/Ultegra 12-Speed Chain
B07SVMGP4C,,,,
B008F4NLWW,Audio CD,81.93,https://www.amazon.com.au/Ketsunoporisu-Ketsumeishi/dp/B008F4NLWW/ref=sr_1_148?dib=eyJ2IjoiMSJ9.gS8lXyIhSDcti5eH4zLJxNvPRKb3yBQVhnP_rGKSesk_uRjgbAp9iJz127OQeANa-sh83xzRE1uPb-0B4Wz8Sw.Jc46Ys3BUruHkjDuwZF57UjMXufBaYhKvC2jpflwDQU&dib_tag=se&m=A504JA83FLAZB&marketplaceID=A39IBJ37TRP1C6&qid=1777067897&refinements=p_36%3A8000-8500&s=merchant-items&sr=1-148&xpid=LG3GBrnM-Nffp#customerReviews,Ketsunoporisu
B00851RQTO,Audio CD,80.42,https://www.amazon.com.au/Tchaikovsky-Symphony-No-5-Marche-Slave/dp/B00851RQTO/ref=sr_1_149?dib=eyJ2IjoiMSJ9.gS8lXyIhSDcti5eH4zLJxNvPRKb3yBQVhnP_rGKSesk_uRjgbAp9iJz127OQeANa-sh83xzRE1uPb-0B4Wz8Sw.Jc46Ys3BUruHkjDuwZF57UjMXufBaYhKvC2jpflwDQU&dib_tag=se&m=A504JA83FLAZB&marketplaceID=A39IBJ37TRP1C6&qid=1777067897&refinements=p_36%3A8000-8500&s=merchant-items&sr=1-149&xpid=LG3GBrnM-Nffp#customerReviews,Tchaikovsky Symphony No.5 Marche Slave
B007G4SFUU,Xbox 360,83.56,https://www.amazon.com.au/Fallout3-platinum-collection-rating-object/dp/B007G4SFUU/ref=sr_1_145?dib=eyJ2IjoiMSJ9.SMClVe-tM9ti73XPGzCXQtO71MTVKy2TBi9fIRfSF1mRvmWK-sXBb4AEDgq0LPUV41O_pSOx7NgmKqG9rf0wWVRnPrMR5cV0htaCS5SK_DBSeBUaghmn8jMRBY5oEPWv3FF7JNo2H9UStR4iMUuT-6cG4uF8awwePFEO6qXaa0o.ksu92soVrBxtWoceQ1wHL07IsIC2vN0eeBu0mNqoWns&dib_tag=se&m=A504JA83FLAZB&marketplaceID=A39IBJ37TRP1C6&qid=1777067897&refinements=p_36%3A8000-8500&s=merchant-items&sr=1-145&xpid=LG3GBrnM-Nffp#customerReviews,Fallout3 GAME OF THE YEAR EDITION platinum collection [CERO rating Z] [aged 18 and over is the object]
B007G4SFUU,,,,
B007R4NVJO,,81.95,https://www.amazon.com.au/Shimano-Spares-FC-CX50-chainring-G-type/dp/B007R4NVJO/ref=sr_1_146?dib=eyJ2IjoiMSJ9.SMClVe-tM9ti73XPGzCXQtO71MTVKy2TBi9fIRfSF1mRvmWK-sXBb4AEDgq0LPUV41O_pSOx7NgmKqG9rf0wWVRnPrMR5cV0htaCS5SK_DBSeBUaghmn8jMRBY5oEPWv3FF7JNo2H9UStR4iMUuT-6cG4uF8awwePFEO6qXaa0o.ksu92soVrBxtWoceQ1wHL07IsIC2vN0eeBu0mNqoWns&dib_tag=se&m=A504JA83FLAZB&marketplaceID=A39IBJ37TRP1C6&qid=1777067897&refinements=p_36%3A8000-8500&s=merchant-items&sr=1-146&xpid=LG3GBrnM-Nffp#customerReviews,SHIMANO Unisex - Adult Xc50 Cyclo-Cross Chainring
B007R4NVJO,,,,
B006QYVUYO,Audio CD,82.87,https://www.amazon.com.au/Sakimitama-Kushimitama-Tousha-Kishou/dp/B006QYVUYO/ref=sr_1_147?dib=eyJ2IjoiMSJ9.SMClVe-tM9ti73XPGzCXQtO71MTVKy2TBi9fIRfSF1mRvmWK-sXBb4AEDgq0LPUV41O_pSOx7NgmKqG9rf0wWVRnPrMR5cV0htaCS5SK_DBSeBUaghmn8jMRBY5oEPWv3FF7JNo2H9UStR4iMUuT-6cG4uF8awwePFEO6qXaa0o.ksu92soVrBxtWoceQ1wHL07IsIC2vN0eeBu0mNqoWns&dib_tag=se&m=A504JA83FLAZB&marketplaceID=A39IBJ37TRP1C6&qid=1777067897&refinements=p_36%3A8000-8500&s=merchant-items&sr=1-147&xpid=LG3GBrnM-Nffp#customerReviews,Sakimitama Kushimitama
B006QYVU58,Audio CD,81.16,https://www.amazon.com.au/Jidou-Gasshou-Kajiri-Original-Soundtrack/dp/B006QYVU58/ref=sr_1_148?dib=eyJ2IjoiMSJ9.SMClVe-tM9ti73XPGzCXQtO71MTVKy2TBi9fIRfSF1mRvmWK-sXBb4AEDgq0LPUV41O_pSOx7NgmKqG9rf0wWVRnPrMR5cV0htaCS5SK_DBSeBUaghmn8jMRBY5oEPWv3FF7JNo2H9UStR4iMUuT-6cG4uF8awwePFEO6qXaa0o.ksu92soVrBxtWoceQ1wHL07IsIC2vN0eeBu0mNqoWns&dib_tag=se&m=A504JA83FLAZB&marketplaceID=A39IBJ37TRP1C6&qid=1777067897&refinements=p_36%3A8000-8500&s=merchant-items&sr=1-148&xpid=LG3GBrnM-Nffp#customerReviews,Jidou Gasshou Maru Kajiri
B005SVMEZK,Audio CD,80.76,https://www.amazon.com.au/%E3%82%BD%E3%83%AB%E3%82%B7%E3%82%B3%E3%82%B9%E7%9A%84%E5%A4%9C-%E8%82%A5%E5%BE%8C%E5%B9%B9%E5%AD%90-%E9%AB%98%E6%A9%8B%E6%82%A0%E6%B2%BB/dp/B005SVMEZK/ref=sr_1_149?dib=eyJ2IjoiMSJ9.SMClVe-tM9ti73XPGzCXQtO71MTVKy2TBi9fIRfSF1mRvmWK-sXBb4AEDgq0LPUV41O_pSOx7NgmKqG9rf0wWVRnPrMR5cV0htaCS5SK_DBSeBUaghmn8jMRBY5oEPWv3FF7JNo2H9UStR4iMUuT-6cG4uF8awwePFEO6qXaa0o.ksu92soVrBxtWoceQ1wHL07IsIC2vN0eeBu0mNqoWns&dib_tag=se&m=A504JA83FLAZB&marketplaceID=A39IBJ37TRP1C6&qid=1777067897&refinements=p_36%3A8000-8500&s=merchant-items&sr=1-149&xpid=LG3GBrnM-Nffp,ソルシコス的夜 肥後幹子+高橋悠治
B08PJXD7N8,,84.07,https://www.amazon.com.au/Good-Smile-Company-Quintessential-Quintuplets/dp/B08PJXD7N8/ref=sr_1_150?dib=eyJ2IjoiMSJ9.SMClVe-tM9ti73XPGzCXQtO71MTVKy2TBi9fIRfSF1mRvmWK-sXBb4AEDgq0LPUV41O_pSOx7NgmKqG9rf0wWVRnPrMR5cV0htaCS5SK_DBSeBUaghmn8jMRBY5oEPWv3FF7JNo2H9UStR4iMUuT-6cG4uF8awwePFEO6qXaa0o.ksu92soVrBxtWoceQ1wHL07IsIC2vN0eeBu0mNqoWns&dib_tag=se&m=A504JA83FLAZB&marketplaceID=A39IBJ37TRP1C6&qid=1777067897&refinements=p_36%3A8000-8500&s=merchant-items&sr=1-150&xpid=LG3GBrnM-Nffp#customerReviews,Good Smile Company - Quintessential Quintuplets Pop Up Parade Miku Nakano PVC
B005OSQN18,Audio CD,81.93,https://www.amazon.com.au/Super-Bass-Vol-3-Tokyo-Sereno/dp/B005OSQN18/ref=sr_1_151?dib=eyJ2IjoiMSJ9.SMClVe-tM9ti73XPGzCXQtO71MTVKy2TBi9fIRfSF1mRvmWK-sXBb4AEDgq0LPUV41O_pSOx7NgmKqG9rf0wWVRnPrMR5cV0htaCS5SK_DBSeBUaghmn8jMRBY5oEPWv3FF7JNo2H9UStR4iMUuT-6cG4uF8awwePFEO6qXaa0o.ksu92soVrBxtWoceQ1wHL07IsIC2vN0eeBu0mNqoWns&dib_tag=se&m=A504JA83FLAZB&marketplaceID=A39IBJ37TRP1C6&qid=1777067897&refinements=p_36%3A8000-8500&s=merchant-items&sr=1-151&xpid=LG3GBrnM-Nffp#customerReviews,Super Bass Kura Vol.3
B005HDR91I,Audio CD,81.75,https://www.amazon.com.au/Satekoso-5-Chakra/dp/B005HDR91I/ref=sr_1_152?dib=eyJ2IjoiMSJ9.SMClVe-tM9ti73XPGzCXQtO71MTVKy2TBi9fIRfSF1mRvmWK-sXBb4AEDgq0LPUV41O_pSOx7NgmKqG9rf0wWVRnPrMR5cV0htaCS5SK_DBSeBUaghmn8jMRBY5oEPWv3FF7JNo2H9UStR4iMUuT-6cG4uF8awwePFEO6qXaa0o.ksu92soVrBxtWoceQ1wHL07IsIC2vN0eeBu0mNqoWns&dib_tag=se&m=A504JA83FLAZB&marketplaceID=A39IBJ37TRP1C6&qid=1777067897&refinements=p_36%3A8000-8500&s=merchant-items&sr=1-152&xpid=LG3GBrnM-Nffp#customerReviews,Satekoso +5
B005CXI01Q,Audio CD,84.45,https://www.amazon.com.au/%E3%81%8A%E5%8B%89%E5%BC%B7%E5%A4%A7%E7%89%B9%E8%A8%93-%E3%83%8F%E3%83%83%E3%82%B9%E3%83%AB%E7%A4%BE%E4%BC%9A-%E6%97%A5%E6%9C%AC%E5%9C%B0%E7%90%86/dp/B005CXI01Q/ref=sr_1_153?dib=eyJ2IjoiMSJ9.SMClVe-tM9ti73XPGzCXQtO71MTVKy2TBi9fIRfSF1mRvmWK-sXBb4AEDgq0LPUV41O_pSOx7NgmKqG9rf0wWVRnPrMR5cV0htaCS5SK_DBSeBUaghmn8jMRBY5oEPWv3FF7JNo2H9UStR4iMUuT-6cG4uF8awwePFEO6qXaa0o.ksu92soVrBxtWoceQ1wHL07IsIC2vN0eeBu0mNqoWns&dib_tag=se&m=A504JA83FLAZB&marketplaceID=A39IBJ37TRP1C6&qid=1777067897&refinements=p_36%3A8000-8500&s=merchant-items&sr=1-153&xpid=LG3GBrnM-Nffp,お勉強大特訓 ハッスル社会(日本地理)
B0D4YQLMCV,,81.04,https://www.amazon.com.au/Harmonia-Bloom-Shoe-Set-01/dp/B0D4YQLMCV/ref=sr_1_154?dib=eyJ2IjoiMSJ9.SMClVe-tM9ti73XPGzCXQtO71MTVKy2TBi9fIRfSF1mRvmWK-sXBb4AEDgq0LPUV41O_pSOx7NgmKqG9rf0wWVRnPrMR5cV0htaCS5SK_DBSeBUaghmn8jMRBY5oEPWv3FF7JNo2H9UStR4iMUuT-6cG4uF8awwePFEO6qXaa0o.ksu92soVrBxtWoceQ1wHL07IsIC2vN0eeBu0mNqoWns&dib_tag=se&m=A504JA83FLAZB&marketplaceID=A39IBJ37TRP1C6&qid=1777067897&refinements=p_36%3A8000-8500&s=merchant-items&sr=1-154&xpid=LG3GBrnM-Nffp,Harmonia Bloom Shoe Set 01 - Resale
B0058L4NAO,Audio CD,82.41,https://www.amazon.com.au/One-Fullforce/dp/B0058L4NAO/ref=sr_1_155?dib=eyJ2IjoiMSJ9.SMClVe-tM9ti73XPGzCXQtO71MTVKy2TBi9fIRfSF1mRvmWK-sXBb4AEDgq0LPUV41O_pSOx7NgmKqG9rf0wWVRnPrMR5cV0htaCS5SK_DBSeBUaghmn8jMRBY5oEPWv3FF7JNo2H9UStR4iMUuT-6cG4uF8awwePFEO6qXaa0o.ksu92soVrBxtWoceQ1wHL07IsIC2vN0eeBu0mNqoWns&dib_tag=se&m=A504JA83FLAZB&marketplaceID=A39IBJ37TRP1C6&qid=1777067897&refinements=p_36%3A8000-8500&s=merchant-items&sr=1-155&xpid=LG3GBrnM-Nffp#customerReviews,One
B0052DYNEE,Audio CD,81.04,https://www.amazon.com.au/Nego-Hougen-Sono-Soundtrack-Animation/dp/B0052DYNEE/ref=sr_1_161?dib=eyJ2IjoiMSJ9.ndgyJzGsIbxz_Z_0BJ8JAdLnvnO-F95bpfe4B5h0cAChL45nG1kKPcq061sCCFc9XaT25hDFw_HmAd77i5IYgw.DDXbZF5_WFyeDnrKh1LmHIpGYscikEhngnjEsojiaMk&dib_tag=se&m=A504JA83FLAZB&marketplaceID=A39IBJ37TRP1C6&qid=1777067902&refinements=p_36%3A8000-8500&s=merchant-items&sr=1-161&xpid=LG3GBrnM-Nffp#customerReviews,Nego Hougen Sono Ni
B004TD53MO,Audio CD,83.29,https://www.amazon.com.au/Shin-Kikaku-Album-Vocal/dp/B004TD53MO/ref=sr_1_162?dib=eyJ2IjoiMSJ9.ndgyJzGsIbxz_Z_0BJ8JAdLnvnO-F95bpfe4B5h0cAChL45nG1kKPcq061sCCFc9XaT25hDFw_HmAd77i5IYgw.DDXbZF5_WFyeDnrKh1LmHIpGYscikEhngnjEsojiaMk&dib_tag=se&m=A504JA83FLAZB&marketplaceID=A39IBJ37TRP1C6&qid=1777067902&refinements=p_36%3A8000-8500&s=merchant-items&sr=1-162&xpid=LG3GBrnM-Nffp#customerReviews,Shin Kikaku Album [Vocal Album
B091V33RXR,,82.6,https://www.amazon.com.au/Bushiroad-Creative-Genshin-Capsule-Collection/dp/B091V33RXR/ref=sr_1_163?dib=eyJ2IjoiMSJ9.ndgyJzGsIbxz_Z_0BJ8JAdLnvnO-F95bpfe4B5h0cAChL45nG1kKPcq061sCCFc9XaT25hDFw_HmAd77i5IYgw.DDXbZF5_WFyeDnrKh1LmHIpGYscikEhngnjEsojiaMk&dib_tag=se&m=A504JA83FLAZB&marketplaceID=A39IBJ37TRP1C6&qid=1777067902&refinements=p_36%3A8000-8500&s=merchant-items&sr=1-163&xpid=LG3GBrnM-Nffp#customerReviews,Bushiroad Creative Genshin Impact Capsule Collection Figure Vol.1 Set
B004MCZLT2,Audio CD,82.54,https://www.amazon.com.au/Sings-Vol-2-Daylight-Atsuki-Kimura/dp/B004MCZLT2/ref=sr_1_164?dib=eyJ2IjoiMSJ9.ndgyJzGsIbxz_Z_0BJ8JAdLnvnO-F95bpfe4B5h0cAChL45nG1kKPcq061sCCFc9XaT25hDFw_HmAd77i5IYgw.DDXbZF5_WFyeDnrKh1LmHIpGYscikEhngnjEsojiaMk&dib_tag=se&m=A504JA83FLAZB&marketplaceID=A39IBJ37TRP1C6&qid=1777067902&refinements=p_36%3A8000-8500&s=merchant-items&sr=1-164&xpid=LG3GBrnM-Nffp#customerReviews,Sings Vol.2:Daylight in Harlem
B004DGD4QE,Audio CD,82.68,https://www.amazon.com.au/Magia-Ltd-Kalafina/dp/B004DGD4QE/ref=sr_1_165?dib=eyJ2IjoiMSJ9.ndgyJzGsIbxz_Z_0BJ8JAdLnvnO-F95bpfe4B5h0cAChL45nG1kKPcq061sCCFc9XaT25hDFw_HmAd77i5IYgw.DDXbZF5_WFyeDnrKh1LmHIpGYscikEhngnjEsojiaMk&dib_tag=se&m=A504JA83FLAZB&marketplaceID=A39IBJ37TRP1C6&qid=1777067902&refinements=p_36%3A8000-8500&s=merchant-items&sr=1-165&xpid=LG3GBrnM-Nffp#customerReviews,Magia [Ltd.Edition]
B00480Q4ZS,Audio CD,82.05,https://www.amazon.com.au/Movie-Taisen-Soundtrack-Kamen-Rider/dp/B00480Q4ZS/ref=sr_1_161?dib=eyJ2IjoiMSJ9.pgYGmawAiGlUdfwtFej4ZWPtIvvZMBOeh_gKN_-z8G1Hhsn783UiRS4LWKC2WwsPctY6ILRqtQFuJ72QDkyOmrvmEcTZo7Xw7TZAjdMg4SymR--lDF4LM4q50z-E3fv4OXdpTCfWHf3Y_BAbuPOvWFw-OmDk9ISj2icOOrf_8Bs.jzDI5nrcFH4ANhcJt15hxR3c79Lr2f92hCe06acsf70&dib_tag=se&m=A504JA83FLAZB&marketplaceID=A39IBJ37TRP1C6&qid=1777067902&refinements=p_36%3A8000-8500&s=merchant-items&sr=1-161&xpid=LG3GBrnM-Nffp,Movie Taisen Core Soundtrack
B09NVV7CF4,,83.4,https://www.amazon.com.au/Good-Smile-Company-Kagura-Parade/dp/B09NVV7CF4/ref=sr_1_162?dib=eyJ2IjoiMSJ9.pgYGmawAiGlUdfwtFej4ZWPtIvvZMBOeh_gKN_-z8G1Hhsn783UiRS4LWKC2WwsPctY6ILRqtQFuJ72QDkyOmrvmEcTZo7Xw7TZAjdMg4SymR--lDF4LM4q50z-E3fv4OXdpTCfWHf3Y_BAbuPOvWFw-OmDk9ISj2icOOrf_8Bs.jzDI5nrcFH4ANhcJt15hxR3c79Lr2f92hCe06acsf70&dib_tag=se&m=A504JA83FLAZB&marketplaceID=A39IBJ37TRP1C6&qid=1777067902&refinements=p_36%3A8000-8500&s=merchant-items&sr=1-162&xpid=LG3GBrnM-Nffp#customerReviews,Good Smile Company Pop Up Parade Kagura Nana Figure
B003NHX5J0,Audio CD,80.11,https://www.amazon.com.au/Temptation-Box-Scandal/dp/B003NHX5J0/ref=sr_1_163?dib=eyJ2IjoiMSJ9.pgYGmawAiGlUdfwtFej4ZWPtIvvZMBOeh_gKN_-z8G1Hhsn783UiRS4LWKC2WwsPctY6ILRqtQFuJ72QDkyOmrvmEcTZo7Xw7TZAjdMg4SymR--lDF4LM4q50z-E3fv4OXdpTCfWHf3Y_BAbuPOvWFw-OmDk9ISj2icOOrf_8Bs.jzDI5nrcFH4ANhcJt15hxR3c79Lr2f92hCe06acsf70&dib_tag=se&m=A504JA83FLAZB&marketplaceID=A39IBJ37TRP1C6&qid=1777067902&refinements=p_36%3A8000-8500&s=merchant-items&sr=1-163&xpid=LG3GBrnM-Nffp#customerReviews,Temptation Box
B003FM8KX4,Audio CD,81.43,https://www.amazon.com.au/ACROSS-TIME-EARLIER-RELEASE-JAPAN/dp/B003FM8KX4/ref=sr_1_164?dib=eyJ2IjoiMSJ9.pgYGmawAiGlUdfwtFej4ZWPtIvvZMBOeh_gKN_-z8G1Hhsn783UiRS4LWKC2WwsPctY6ILRqtQFuJ72QDkyOmrvmEcTZo7Xw7TZAjdMg4SymR--lDF4LM4q50z-E3fv4OXdpTCfWHf3Y_BAbuPOvWFw-OmDk9ISj2icOOrf_8Bs.jzDI5nrcFH4ANhcJt15hxR3c79Lr2f92hCe06acsf70&dib_tag=se&m=A504JA83FLAZB&marketplaceID=A39IBJ37TRP1C6&qid=1777067902&refinements=p_36%3A8000-8500&s=merchant-items&sr=1-164&xpid=LG3GBrnM-Nffp#customerReviews,ACROSS TIME (EARLIER RELEASE IN JAPAN)
B003DRVG0K,Audio CD,81.58,https://www.amazon.com.au/Acentuado-Tanibe-Masao/dp/B003DRVG0K/ref=sr_1_165?dib=eyJ2IjoiMSJ9.pgYGmawAiGlUdfwtFej4ZWPtIvvZMBOeh_gKN_-z8G1Hhsn783UiRS4LWKC2WwsPctY6ILRqtQFuJ72QDkyOmrvmEcTZo7Xw7TZAjdMg4SymR--lDF4LM4q50z-E3fv4OXdpTCfWHf3Y_BAbuPOvWFw-OmDk9ISj2icOOrf_8Bs.jzDI5nrcFH4ANhcJt15hxR3c79Lr2f92hCe06acsf70&dib_tag=se&m=A504JA83FLAZB&marketplaceID=A39IBJ37TRP1C6&qid=1777067902&refinements=p_36%3A8000-8500&s=merchant-items&sr=1-165&xpid=LG3GBrnM-Nffp#customerReviews,Acentuado
B0B127188F,,82.98,https://www.amazon.com.au/Perler-Beads-Sumikko-Gurashi-80-56958/dp/B0B127188F/ref=sr_1_166?dib=eyJ2IjoiMSJ9.pgYGmawAiGlUdfwtFej4ZWPtIvvZMBOeh_gKN_-z8G1Hhsn783UiRS4LWKC2WwsPctY6ILRqtQFuJ72QDkyOmrvmEcTZo7Xw7TZAjdMg4SymR--lDF4LM4q50z-E3fv4OXdpTCfWHf3Y_BAbuPOvWFw-OmDk9ISj2icOOrf_8Bs.jzDI5nrcFH4ANhcJt15hxR3c79Lr2f92hCe06acsf70&dib_tag=se&m=A504JA83FLAZB&marketplaceID=A39IBJ37TRP1C6&qid=1777067902&refinements=p_36%3A8000-8500&s=merchant-items&sr=1-166&xpid=LG3GBrnM-Nffp#customerReviews,KAWADA Perler Beads Sumikko Gurashi All Star Set 80-56958
B0B127188F,,,,
B003CF9RIG,Nintendo Wii,80.88,https://www.amazon.com.au/Momotarou-Dentetsu-Minna-Susume-Selection/dp/B003CF9RIG/ref=sr_1_167?dib=eyJ2IjoiMSJ9.pgYGmawAiGlUdfwtFej4ZWPtIvvZMBOeh_gKN_-z8G1Hhsn783UiRS4LWKC2WwsPctY6ILRqtQFuJ72QDkyOmrvmEcTZo7Xw7TZAjdMg4SymR--lDF4LM4q50z-E3fv4OXdpTCfWHf3Y_BAbuPOvWFw-OmDk9ISj2icOOrf_8Bs.jzDI5nrcFH4ANhcJt15hxR3c79Lr2f92hCe06acsf70&dib_tag=se&m=A504JA83FLAZB&marketplaceID=A39IBJ37TRP1C6&qid=1777067902&refinements=p_36%3A8000-8500&s=merchant-items&sr=1-167&xpid=LG3GBrnM-Nffp#customerReviews,Momotarou Dentetsu 16 (Minna no Susume Selection) [Japan Import]
B003CF9RIG,,,,
B0035NO6M2,Audio CD,83.39,https://www.amazon.com.au/Shonen-Alice-Re-Issue-Maaya-Sakamoto/dp/B0035NO6M2/ref=sr_1_168?dib=eyJ2IjoiMSJ9.pgYGmawAiGlUdfwtFej4ZWPtIvvZMBOeh_gKN_-z8G1Hhsn783UiRS4LWKC2WwsPctY6ILRqtQFuJ72QDkyOmrvmEcTZo7Xw7TZAjdMg4SymR--lDF4LM4q50z-E3fv4OXdpTCfWHf3Y_BAbuPOvWFw-OmDk9ISj2icOOrf_8Bs.jzDI5nrcFH4ANhcJt15hxR3c79Lr2f92hCe06acsf70&dib_tag=se&m=A504JA83FLAZB&marketplaceID=A39IBJ37TRP1C6&qid=1777067902&refinements=p_36%3A8000-8500&s=merchant-items&sr=1-168&xpid=LG3GBrnM-Nffp#customerReviews,Shonen Alice [Re-Issue]
B002YRIYJ6,Audio CD,82.96,https://www.amazon.com.au/%E3%82%B7%E3%83%A5%E3%83%BC%E3%83%99%E3%83%AB%E3%83%88-%E3%83%94%E3%82%A2%E3%83%8E%E3%83%BB%E3%82%BD%E3%83%8A%E3%82%BF-D-958-D-959/dp/B002YRIYJ6/ref=sr_1_169?dib=eyJ2IjoiMSJ9.pgYGmawAiGlUdfwtFej4ZWPtIvvZMBOeh_gKN_-z8G1Hhsn783UiRS4LWKC2WwsPctY6ILRqtQFuJ72QDkyOmrvmEcTZo7Xw7TZAjdMg4SymR--lDF4LM4q50z-E3fv4OXdpTCfWHf3Y_BAbuPOvWFw-OmDk9ISj2icOOrf_8Bs.jzDI5nrcFH4ANhcJt15hxR3c79Lr2f92hCe06acsf70&dib_tag=se&m=A504JA83FLAZB&marketplaceID=A39IBJ37TRP1C6&qid=1777067902&refinements=p_36%3A8000-8500&s=merchant-items&sr=1-169&xpid=LG3GBrnM-Nffp#customerReviews,シューベルト:ピアノ・ソナタ D.958&D.959
B00IM2J608,,82.33,https://www.amazon.com.au/HARIO-Tioru-Wood-Kettle-700ml/dp/B00IM2J608/ref=sr_1_170?dib=eyJ2IjoiMSJ9.pgYGmawAiGlUdfwtFej4ZWPtIvvZMBOeh_gKN_-z8G1Hhsn783UiRS4LWKC2WwsPctY6ILRqtQFuJ72QDkyOmrvmEcTZo7Xw7TZAjdMg4SymR--lDF4LM4q50z-E3fv4OXdpTCfWHf3Y_BAbuPOvWFw-OmDk9ISj2icOOrf_8Bs.jzDI5nrcFH4ANhcJt15hxR3c79Lr2f92hCe06acsf70&dib_tag=se&m=A504JA83FLAZB&marketplaceID=A39IBJ37TRP1C6&qid=1777067902&refinements=p_36%3A8000-8500&s=merchant-items&sr=1-170&xpid=LG3GBrnM-Nffp#customerReviews,"Hario Teaor Olive Wood Tea Pot, 700ml"
B00IM2J608,,,,
B002VM00AU,Audio CD,81.15,https://www.amazon.com.au/J-Album-Ltd-Kinki-Kids/dp/B002VM00AU/ref=sr_1_171?dib=eyJ2IjoiMSJ9.pgYGmawAiGlUdfwtFej4ZWPtIvvZMBOeh_gKN_-z8G1Hhsn783UiRS4LWKC2WwsPctY6ILRqtQFuJ72QDkyOmrvmEcTZo7Xw7TZAjdMg4SymR--lDF4LM4q50z-E3fv4OXdpTCfWHf3Y_BAbuPOvWFw-OmDk9ISj2icOOrf_8Bs.jzDI5nrcFH4ANhcJt15hxR3c79Lr2f92hCe06acsf70&dib_tag=se&m=A504JA83FLAZB&marketplaceID=A39IBJ37TRP1C6&qid=1777067902&refinements=p_36%3A8000-8500&s=merchant-items&sr=1-171&xpid=LG3GBrnM-Nffp#customerReviews,J Album [Ltd.Edition]
B00280N4E4,Nintendo Wii,82.93,https://www.amazon.com.au/Tere-Shibai-Wii-Japan-Import/dp/B00280N4E4/ref=sr_1_177?dib=eyJ2IjoiMSJ9.alaCcW7yRh9HT0s0AuCIh9Jzx3t-3QIVV-NP21ZTLVx_m9VRQRH6k4xutnmZ-HIFBkVM1OLlneQnymInETgrBA.ULrOM9W2Zqdqo8_yulc_ae-ZJ4sQPBQJfTuI71-Xvx0&dib_tag=se&m=A504JA83FLAZB&marketplaceID=A39IBJ37TRP1C6&qid=1777067906&refinements=p_36%3A8000-8500&s=merchant-items&sr=1-177&xpid=LG3GBrnM-Nffp#customerReviews,Tere Shibai Wii [Japan Import]
B00280N4E4,,,,
B0027BECHC,Audio CD,83.66,https://www.amazon.com.au/Gintama-3-Soundtrack-Animation/dp/B0027BECHC/ref=sr_1_178?dib=eyJ2IjoiMSJ9.alaCcW7yRh9HT0s0AuCIh9Jzx3t-3QIVV-NP21ZTLVx_m9VRQRH6k4xutnmZ-HIFBkVM1OLlneQnymInETgrBA.ULrOM9W2Zqdqo8_yulc_ae-ZJ4sQPBQJfTuI71-Xvx0&dib_tag=se&m=A504JA83FLAZB&marketplaceID=A39IBJ37TRP1C6&qid=1777067906&refinements=p_36%3A8000-8500&s=merchant-items&sr=1-178&xpid=LG3GBrnM-Nffp#customerReviews,Gintama 3
B001TRXTG0,Audio CD,81.08,https://www.amazon.com.au/Minami-Kosetsu-No-40-Kyoku/dp/B001TRXTG0/ref=sr_1_179?dib=eyJ2IjoiMSJ9.alaCcW7yRh9HT0s0AuCIh9Jzx3t-3QIVV-NP21ZTLVx_m9VRQRH6k4xutnmZ-HIFBkVM1OLlneQnymInETgrBA.ULrOM9W2Zqdqo8_yulc_ae-ZJ4sQPBQJfTuI71-Xvx0&dib_tag=se&m=A504JA83FLAZB&marketplaceID=A39IBJ37TRP1C6&qid=1777067906&refinements=p_36%3A8000-8500&s=merchant-items&sr=1-179&xpid=LG3GBrnM-Nffp#customerReviews,Minami Kosetsu No 40 Kyoku [3c
B001QL365I,Audio CD,84.42,https://www.amazon.com.au/Platina-9-Disc-Morning-Musume/dp/B001QL365I/ref=sr_1_180?dib=eyJ2IjoiMSJ9.alaCcW7yRh9HT0s0AuCIh9Jzx3t-3QIVV-NP21ZTLVx_m9VRQRH6k4xutnmZ-HIFBkVM1OLlneQnymInETgrBA.ULrOM9W2Zqdqo8_yulc_ae-ZJ4sQPBQJfTuI71-Xvx0&dib_tag=se&m=A504JA83FLAZB&marketplaceID=A39IBJ37TRP1C6&qid=1777067906&refinements=p_36%3A8000-8500&s=merchant-items&sr=1-180&xpid=LG3GBrnM-Nffp#customerReviews,Platina 9 Disc
B001O2HLAK,Audio CD,82.65,https://www.amazon.com.au/Schumann-Quintet-Piano-Quintetto-Pianofo/dp/B001O2HLAK/ref=sr_1_181?dib=eyJ2IjoiMSJ9.alaCcW7yRh9HT0s0AuCIh9Jzx3t-3QIVV-NP21ZTLVx_m9VRQRH6k4xutnmZ-HIFBkVM1OLlneQnymInETgrBA.ULrOM9W2Zqdqo8_yulc_ae-ZJ4sQPBQJfTuI71-Xvx0&dib_tag=se&m=A504JA83FLAZB&marketplaceID=A39IBJ37TRP1C6&qid=1777067906&refinements=p_36%3A8000-8500&s=merchant-items&sr=1-181&xpid=LG3GBrnM-Nffp#customerReviews,Schumann Quintet for Piano & S
B003UYTDEW,,82.09,https://www.amazon.com.au/Gardening-Double-Beveled-Blade-SGKN-6/dp/B003UYTDEW/ref=sr_1_177?dib=eyJ2IjoiMSJ9.t4ejeCpKdlYOcClr-l_M6uw320przSqFVknW7t6Dh5BkYB2poXePWtgJU833J02QJbRGUQ8qYYGvhq25nGsTnvkyy89tti9hrLaVLWJ3bVRitmgODSBmBTlkmooS6bimMu-7bg5eFwgGBQ4yoZaxLONTcXKSH6t0I4I6YD6nn0w.YnSwaXql0FLf008GFQTlDKvxgAxK6IDwtzxzj3_lzYI&dib_tag=se&m=A504JA83FLAZB&marketplaceID=A39IBJ37TRP1C6&qid=1777067906&refinements=p_36%3A8000-8500&s=merchant-items&sr=1-177&xpid=LG3GBrnM-Nffp#customerReviews,Gardening Axe Double Beveled Blade 165mm SGKN-6
B003UYTDEW,,,,
B001CCHIWS,Audio CD,80.98,https://www.amazon.com.au/Inner-Resort-Relaxin-Voyage/dp/B001CCHIWS/ref=sr_1_178?dib=eyJ2IjoiMSJ9.t4ejeCpKdlYOcClr-l_M6uw320przSqFVknW7t6Dh5BkYB2poXePWtgJU833J02QJbRGUQ8qYYGvhq25nGsTnvkyy89tti9hrLaVLWJ3bVRitmgODSBmBTlkmooS6bimMu-7bg5eFwgGBQ4yoZaxLONTcXKSH6t0I4I6YD6nn0w.YnSwaXql0FLf008GFQTlDKvxgAxK6IDwtzxzj3_lzYI&dib_tag=se&m=A504JA83FLAZB&marketplaceID=A39IBJ37TRP1C6&qid=1777067906&refinements=p_36%3A8000-8500&s=merchant-items&sr=1-178&xpid=LG3GBrnM-Nffp,Inner Resort Relaxin' Voyage
B0016JD65A,Audio CD,80.12,https://www.amazon.com.au/Macross-7-Karaoke-Fire-Re-I/dp/B0016JD65A/ref=sr_1_179?dib=eyJ2IjoiMSJ9.t4ejeCpKdlYOcClr-l_M6uw320przSqFVknW7t6Dh5BkYB2poXePWtgJU833J02QJbRGUQ8qYYGvhq25nGsTnvkyy89tti9hrLaVLWJ3bVRitmgODSBmBTlkmooS6bimMu-7bg5eFwgGBQ4yoZaxLONTcXKSH6t0I4I6YD6nn0w.YnSwaXql0FLf008GFQTlDKvxgAxK6IDwtzxzj3_lzYI&dib_tag=se&m=A504JA83FLAZB&marketplaceID=A39IBJ37TRP1C6&qid=1777067906&refinements=p_36%3A8000-8500&s=merchant-items&sr=1-179&xpid=LG3GBrnM-Nffp#customerReviews,Macross 7:Karaoke Fire!! [Re-I
B0016HCF7W,Audio CD,82.12,https://www.amazon.com.au/Concert-Tour-2007-2008-Ryoko-Moriyama/dp/B0016HCF7W/ref=sr_1_180?dib=eyJ2IjoiMSJ9.t4ejeCpKdlYOcClr-l_M6uw320przSqFVknW7t6Dh5BkYB2poXePWtgJU833J02QJbRGUQ8qYYGvhq25nGsTnvkyy89tti9hrLaVLWJ3bVRitmgODSBmBTlkmooS6bimMu-7bg5eFwgGBQ4yoZaxLONTcXKSH6t0I4I6YD6nn0w.YnSwaXql0FLf008GFQTlDKvxgAxK6IDwtzxzj3_lzYI&dib_tag=se&m=A504JA83FLAZB&marketplaceID=A39IBJ37TRP1C6&qid=1777067906&refinements=p_36%3A8000-8500&s=merchant-items&sr=1-180&xpid=LG3GBrnM-Nffp#customerReviews,Concert Tour 2007-2008
B000NORM04,,83.36,https://www.amazon.com.au/Shimano-RL400-Road-Brake-Levers/dp/B000NORM04/ref=sr_1_181?dib=eyJ2IjoiMSJ9.t4ejeCpKdlYOcClr-l_M6uw320przSqFVknW7t6Dh5BkYB2poXePWtgJU833J02QJbRGUQ8qYYGvhq25nGsTnvkyy89tti9hrLaVLWJ3bVRitmgODSBmBTlkmooS6bimMu-7bg5eFwgGBQ4yoZaxLONTcXKSH6t0I4I6YD6nn0w.YnSwaXql0FLf008GFQTlDKvxgAxK6IDwtzxzj3_lzYI&dib_tag=se&m=A504JA83FLAZB&marketplaceID=A39IBJ37TRP1C6&qid=1777067906&refinements=p_36%3A8000-8500&s=merchant-items&sr=1-181&xpid=LG3GBrnM-Nffp#customerReviews,Shimano Tiagra BL-R400 Brake Levers - Silver
B000NORM04,,,,
B0015LAIIC,Sony PSP,81.91,https://www.amazon.com.au/Memories-Off-2nd-Japan-Import/dp/B0015LAIIC/ref=sr_1_182?dib=eyJ2IjoiMSJ9.t4ejeCpKdlYOcClr-l_M6uw320przSqFVknW7t6Dh5BkYB2poXePWtgJU833J02QJbRGUQ8qYYGvhq25nGsTnvkyy89tti9hrLaVLWJ3bVRitmgODSBmBTlkmooS6bimMu-7bg5eFwgGBQ4yoZaxLONTcXKSH6t0I4I6YD6nn0w.YnSwaXql0FLf008GFQTlDKvxgAxK6IDwtzxzj3_lzYI&dib_tag=se&m=A504JA83FLAZB&marketplaceID=A39IBJ37TRP1C6&qid=1777067906&refinements=p_36%3A8000-8500&s=merchant-items&sr=1-182&xpid=LG3GBrnM-Nffp#customerReviews,Memories Off 2nd [Japan Import]
B0015LAIIC,,,,
B000Y3JGCG,Audio CD,82.61,https://www.amazon.com.au/Kichiku-Megane-Megane-Hisouchakuban-OST-Various/dp/B000Y3JGCG/ref=sr_1_183?dib=eyJ2IjoiMSJ9.t4ejeCpKdlYOcClr-l_M6uw320przSqFVknW7t6Dh5BkYB2poXePWtgJU833J02QJbRGUQ8qYYGvhq25nGsTnvkyy89tti9hrLaVLWJ3bVRitmgODSBmBTlkmooS6bimMu-7bg5eFwgGBQ4yoZaxLONTcXKSH6t0I4I6YD6nn0w.YnSwaXql0FLf008GFQTlDKvxgAxK6IDwtzxzj3_lzYI&dib_tag=se&m=A504JA83FLAZB&marketplaceID=A39IBJ37TRP1C6&qid=1777067906&refinements=p_36%3A8000-8500&s=merchant-items&sr=1-183&xpid=LG3GBrnM-Nffp#customerReviews,Kichiku Megane-Megane Hisouchakuban (OST)
B000WM9VEW,Audio CD,83.2,https://www.amazon.com.au/Drama-CD-Star-Light-Chopin/dp/B000WM9VEW/ref=sr_1_184?dib=eyJ2IjoiMSJ9.t4ejeCpKdlYOcClr-l_M6uw320przSqFVknW7t6Dh5BkYB2poXePWtgJU833J02QJbRGUQ8qYYGvhq25nGsTnvkyy89tti9hrLaVLWJ3bVRitmgODSBmBTlkmooS6bimMu-7bg5eFwgGBQ4yoZaxLONTcXKSH6t0I4I6YD6nn0w.YnSwaXql0FLf008GFQTlDKvxgAxK6IDwtzxzj3_lzYI&dib_tag=se&m=A504JA83FLAZB&marketplaceID=A39IBJ37TRP1C6&qid=1777067906&refinements=p_36%3A8000-8500&s=merchant-items&sr=1-184&xpid=LG3GBrnM-Nffp#customerReviews,Drama CD
B00HBY5Y86,,80.87,https://www.amazon.com.au/Shinwa-measurement-Nokogaido-El-angle-78052/dp/B00HBY5Y86/ref=sr_1_185?dib=eyJ2IjoiMSJ9.t4ejeCpKdlYOcClr-l_M6uw320przSqFVknW7t6Dh5BkYB2poXePWtgJU833J02QJbRGUQ8qYYGvhq25nGsTnvkyy89tti9hrLaVLWJ3bVRitmgODSBmBTlkmooS6bimMu-7bg5eFwgGBQ4yoZaxLONTcXKSH6t0I4I6YD6nn0w.YnSwaXql0FLf008GFQTlDKvxgAxK6IDwtzxzj3_lzYI&dib_tag=se&m=A504JA83FLAZB&marketplaceID=A39IBJ37TRP1C6&qid=1777067906&refinements=p_36%3A8000-8500&s=merchant-items&sr=1-185&xpid=LG3GBrnM-Nffp#customerReviews,"Shinwa Sokutei 78052 Circular Saw Guide Ruler, El-Angle Fit, 11.8 inches (30 cm)"
B00HBY5Y86,,,,
B000ULV3NC,Audio CD,81.13,https://www.amazon.com.au/Yuki-Tsuki-Hana-Gekko-Green/dp/B000ULV3NC/ref=sr_1_186?dib=eyJ2IjoiMSJ9.t4ejeCpKdlYOcClr-l_M6uw320przSqFVknW7t6Dh5BkYB2poXePWtgJU833J02QJbRGUQ8qYYGvhq25nGsTnvkyy89tti9hrLaVLWJ3bVRitmgODSBmBTlkmooS6bimMu-7bg5eFwgGBQ4yoZaxLONTcXKSH6t0I4I6YD6nn0w.YnSwaXql0FLf008GFQTlDKvxgAxK6IDwtzxzj3_lzYI&dib_tag=se&m=A504JA83FLAZB&marketplaceID=A39IBJ37TRP1C6&qid=1777067906&refinements=p_36%3A8000-8500&s=merchant-items&sr=1-186&xpid=LG3GBrnM-Nffp#customerReviews,Yuki Tsuki Hana
B000GFLG5M,Audio CD,82.8,https://www.amazon.com.au/WINDY-DAZE-MINI-LP-SLEEVE/dp/B000GFLG5M/ref=sr_1_187?dib=eyJ2IjoiMSJ9.t4ejeCpKdlYOcClr-l_M6uw320przSqFVknW7t6Dh5BkYB2poXePWtgJU833J02QJbRGUQ8qYYGvhq25nGsTnvkyy89tti9hrLaVLWJ3bVRitmgODSBmBTlkmooS6bimMu-7bg5eFwgGBQ4yoZaxLONTcXKSH6t0I4I6YD6nn0w.YnSwaXql0FLf008GFQTlDKvxgAxK6IDwtzxzj3_lzYI&dib_tag=se&m=A504JA83FLAZB&marketplaceID=A39IBJ37TRP1C6&qid=1777067906&refinements=p_36%3A8000-8500&s=merchant-items&sr=1-187&xpid=LG3GBrnM-Nffp#customerReviews,Windy Daze (Mini LP Sleeve)
B000GALFIA,Audio CD,81.89,https://www.amazon.com.au/Best-Last-Live-Hakudo-Otsuka/dp/B000GALFIA/ref=sr_1_193?dib=eyJ2IjoiMSJ9.8LUL7KkukIqq2OoQ0wotSA7j50qKk4W9kmaySC0NN0gbkrpsWvEl_qnE0h03IMEH1Vf7fvyoSFqTHyszKMMO4g.4nZJLlLQW2zV-yeNvPsXXRFkinJnEI4jdF5cTlTFnUU&dib_tag=se&m=A504JA83FLAZB&marketplaceID=A39IBJ37TRP1C6&qid=1777067911&refinements=p_36%3A8000-8500&s=merchant-items&sr=1-193&xpid=LG3GBrnM-Nffp#customerReviews,Best + Last Live [2cd]
B084H99NX9,,82.88,https://www.amazon.com.au/Shimano-8100-Gear-chain-12-way/dp/B084H99NX9/ref=sr_1_194?dib=eyJ2IjoiMSJ9.8LUL7KkukIqq2OoQ0wotSA7j50qKk4W9kmaySC0NN0gbkrpsWvEl_qnE0h03IMEH1Vf7fvyoSFqTHyszKMMO4g.4nZJLlLQW2zV-yeNvPsXXRFkinJnEI4jdF5cTlTFnUU&dib_tag=se&m=A504JA83FLAZB&marketplaceID=A39IBJ37TRP1C6&qid=1777067911&refinements=p_36%3A8000-8500&s=merchant-items&sr=1-194&xpid=LG3GBrnM-Nffp#customerReviews,Shimano CN-M8100 (Deore XT) 12-way kette // 116 Glieder (Quick-Link)
B084H99NX9,,,,
B000E6FT38,Audio CD,81.28,https://www.amazon.com.au/Cycle-Hit-1991-1997-Complete-Single/dp/B000E6FT38/ref=sr_1_195?dib=eyJ2IjoiMSJ9.8LUL7KkukIqq2OoQ0wotSA7j50qKk4W9kmaySC0NN0gbkrpsWvEl_qnE0h03IMEH1Vf7fvyoSFqTHyszKMMO4g.4nZJLlLQW2zV-yeNvPsXXRFkinJnEI4jdF5cTlTFnUU&dib_tag=se&m=A504JA83FLAZB&marketplaceID=A39IBJ37TRP1C6&qid=1777067911&refinements=p_36%3A8000-8500&s=merchant-items&sr=1-195&xpid=LG3GBrnM-Nffp#customerReviews,Cycle Hit 1991-1997 Complete Single
B000E5LIU2,Audio CD,83.99,https://www.amazon.com.au/Keitai-Shojo-Drama-CD/dp/B000E5LIU2/ref=sr_1_196?dib=eyJ2IjoiMSJ9.8LUL7KkukIqq2OoQ0wotSA7j50qKk4W9kmaySC0NN0gbkrpsWvEl_qnE0h03IMEH1Vf7fvyoSFqTHyszKMMO4g.4nZJLlLQW2zV-yeNvPsXXRFkinJnEI4jdF5cTlTFnUU&dib_tag=se&m=A504JA83FLAZB&marketplaceID=A39IBJ37TRP1C6&qid=1777067911&refinements=p_36%3A8000-8500&s=merchant-items&sr=1-196&xpid=LG3GBrnM-Nffp,Keitai Shojo Drama CD
B000AQDHYA,Audio CD,83.18,https://www.amazon.com.au/%E3%83%90%E3%83%83%E3%83%8F%EF%BC%9A%E3%83%B4%E3%82%A1%E3%82%A4%E3%82%AA%E3%83%AA%E3%83%B3%E3%81%A8%E3%83%81%E3%82%A7%E3%83%B3%E3%83%90%E3%83%AD%E3%81%AE%E3%81%9F%E3%82%81%E3%81%AE%E4%BD%9C%E5%93%81%E9%9B%86-vol-1/dp/B000AQDHYA/ref=sr_1_197?dib=eyJ2IjoiMSJ9.8LUL7KkukIqq2OoQ0wotSA7j50qKk4W9kmaySC0NN0gbkrpsWvEl_qnE0h03IMEH1Vf7fvyoSFqTHyszKMMO4g.4nZJLlLQW2zV-yeNvPsXXRFkinJnEI4jdF5cTlTFnUU&dib_tag=se&m=A504JA83FLAZB&marketplaceID=A39IBJ37TRP1C6&qid=1777067911&refinements=p_36%3A8000-8500&s=merchant-items&sr=1-197&xpid=LG3GBrnM-Nffp#customerReviews,バッハ：ヴァイオリンとチェンバロのための作品集 vol.1
B071GTB1N9,,83.54,https://www.amazon.com.au/Shimano-Spares-Unisexs-Y1WF98010-Standard/dp/B071GTB1N9/ref=sr_1_193?dib=eyJ2IjoiMSJ9.9O_kWBl7j3LexQpC73SvyrayoI3Q1yTgstf9O6IuHVUXM3l-CV5JwT8JTdU3637QtWmwrvftAdXy_LrGSnfrAe4VWV8ARo9cgp4f6pZmIQ5ghn7Nbyss7WeP59IAl_-BFLP_JCLDXVt_f4DTVdudJcWiXoqOB_Rbax5hUnKkrso.Kz2InBrZfr00wXLK7TE83F3VlLTphcftOOWQr5aMpxg&dib_tag=se&m=A504JA83FLAZB&marketplaceID=A39IBJ37TRP1C6&qid=1777067911&refinements=p_36%3A8000-8500&s=merchant-items&sr=1-193&xpid=LG3GBrnM-Nffp#customerReviews,"Shimano FC-RS510 Chainring, 50T-MS"
B071GTB1N9,,,,
B0007OE7NA,Audio CD,82.16,https://www.amazon.com.au/Medtner-Piano-Sonata-Boris-Bekhterev/dp/B0007OE7NA/ref=sr_1_194?dib=eyJ2IjoiMSJ9.9O_kWBl7j3LexQpC73SvyrayoI3Q1yTgstf9O6IuHVUXM3l-CV5JwT8JTdU3637QtWmwrvftAdXy_LrGSnfrAe4VWV8ARo9cgp4f6pZmIQ5ghn7Nbyss7WeP59IAl_-BFLP_JCLDXVt_f4DTVdudJcWiXoqOB_Rbax5hUnKkrso.Kz2InBrZfr00wXLK7TE83F3VlLTphcftOOWQr5aMpxg&dib_tag=se&m=A504JA83FLAZB&marketplaceID=A39IBJ37TRP1C6&qid=1777067911&refinements=p_36%3A8000-8500&s=merchant-items&sr=1-194&xpid=LG3GBrnM-Nffp#customerReviews,Medtner:Piano Sonata
B0002HU92K,PlayStation2,80.01,https://www.amazon.com.au/Genso-Suikoden-Konami-Palace-Selection/dp/B0002HU92K/ref=sr_1_195?dib=eyJ2IjoiMSJ9.9O_kWBl7j3LexQpC73SvyrayoI3Q1yTgstf9O6IuHVUXM3l-CV5JwT8JTdU3637QtWmwrvftAdXy_LrGSnfrAe4VWV8ARo9cgp4f6pZmIQ5ghn7Nbyss7WeP59IAl_-BFLP_JCLDXVt_f4DTVdudJcWiXoqOB_Rbax5hUnKkrso.Kz2InBrZfr00wXLK7TE83F3VlLTphcftOOWQr5aMpxg&dib_tag=se&m=A504JA83FLAZB&marketplaceID=A39IBJ37TRP1C6&qid=1777067911&refinements=p_36%3A8000-8500&s=merchant-items&sr=1-195&xpid=LG3GBrnM-Nffp#customerReviews,Genso Suikoden III (Konami Palace Selection) [Japan Import]
B0002HU92K,,,,
B0000W3RBM,Audio CD,81.6,https://www.amazon.com.au/Best-Eternity-Keiko-Utoku/dp/B0000W3RBM/ref=sr_1_196?dib=eyJ2IjoiMSJ9.9O_kWBl7j3LexQpC73SvyrayoI3Q1yTgstf9O6IuHVUXM3l-CV5JwT8JTdU3637QtWmwrvftAdXy_LrGSnfrAe4VWV8ARo9cgp4f6pZmIQ5ghn7Nbyss7WeP59IAl_-BFLP_JCLDXVt_f4DTVdudJcWiXoqOB_Rbax5hUnKkrso.Kz2InBrZfr00wXLK7TE83F3VlLTphcftOOWQr5aMpxg&dib_tag=se&m=A504JA83FLAZB&marketplaceID=A39IBJ37TRP1C6&qid=1777067911&refinements=p_36%3A8000-8500&s=merchant-items&sr=1-196&xpid=LG3GBrnM-Nffp#customerReviews,The Best:Eternity
B002TF17KQ,,84.94,https://www.amazon.com.au/EX413-Oscillating-Extension-2-inch-Insertion/dp/B002TF17KQ/ref=sr_1_197?dib=eyJ2IjoiMSJ9.9O_kWBl7j3LexQpC73SvyrayoI3Q1yTgstf9O6IuHVUXM3l-CV5JwT8JTdU3637QtWmwrvftAdXy_LrGSnfrAe4VWV8ARo9cgp4f6pZmIQ5ghn7Nbyss7WeP59IAl_-BFLP_JCLDXVt_f4DTVdudJcWiXoqOB_Rbax5hUnKkrso.Kz2InBrZfr00wXLK7TE83F3VlLTphcftOOWQr5aMpxg&dib_tag=se&m=A504JA83FLAZB&marketplaceID=A39IBJ37TRP1C6&qid=1777067911&refinements=p_36%3A8000-8500&s=merchant-items&sr=1-197&xpid=LG3GBrnM-Nffp#customerReviews,"TONE EX413 Oscillating Extension Bar Set, 0.5 inch (12.7 mm) Insertion Angle (1/2"") Contents: 3 Pieces"
B002TF17KQ,,,,
B0000TIG6G,Audio CD,81.31,https://www.amazon.com.au/Kono-Koega-Kikoemasuka-Hidenori-Chiwata/dp/B0000TIG6G/ref=sr_1_198?dib=eyJ2IjoiMSJ9.9O_kWBl7j3LexQpC73SvyrayoI3Q1yTgstf9O6IuHVUXM3l-CV5JwT8JTdU3637QtWmwrvftAdXy_LrGSnfrAe4VWV8ARo9cgp4f6pZmIQ5ghn7Nbyss7WeP59IAl_-BFLP_JCLDXVt_f4DTVdudJcWiXoqOB_Rbax5hUnKkrso.Kz2InBrZfr00wXLK7TE83F3VlLTphcftOOWQr5aMpxg&dib_tag=se&m=A504JA83FLAZB&marketplaceID=A39IBJ37TRP1C6&qid=1777067911&refinements=p_36%3A8000-8500&s=merchant-items&sr=1-198&xpid=LG3GBrnM-Nffp,Kono Koega Kikoemasuka
B0000ABBP8,Audio CD,80.38,https://www.amazon.com.au/Most-Requested-Hits-Aaron-Carter/dp/B0000ABBP8/ref=sr_1_199?dib=eyJ2IjoiMSJ9.9O_kWBl7j3LexQpC73SvyrayoI3Q1yTgstf9O6IuHVUXM3l-CV5JwT8JTdU3637QtWmwrvftAdXy_LrGSnfrAe4VWV8ARo9cgp4f6pZmIQ5ghn7Nbyss7WeP59IAl_-BFLP_JCLDXVt_f4DTVdudJcWiXoqOB_Rbax5hUnKkrso.Kz2InBrZfr00wXLK7TE83F3VlLTphcftOOWQr5aMpxg&dib_tag=se&m=A504JA83FLAZB&marketplaceID=A39IBJ37TRP1C6&qid=1777067911&refinements=p_36%3A8000-8500&s=merchant-items&sr=1-199&xpid=LG3GBrnM-Nffp#customerReviews,Most Requested Hits
B000075B3V,Audio CD,84.62,https://www.amazon.com.au/Aki-Takahashi-Plays-Akira-Nishimura/dp/B000075B3V/ref=sr_1_200?dib=eyJ2IjoiMSJ9.9O_kWBl7j3LexQpC73SvyrayoI3Q1yTgstf9O6IuHVUXM3l-CV5JwT8JTdU3637QtWmwrvftAdXy_LrGSnfrAe4VWV8ARo9cgp4f6pZmIQ5ghn7Nbyss7WeP59IAl_-BFLP_JCLDXVt_f4DTVdudJcWiXoqOB_Rbax5hUnKkrso.Kz2InBrZfr00wXLK7TE83F3VlLTphcftOOWQr5aMpxg&dib_tag=se&m=A504JA83FLAZB&marketplaceID=A39IBJ37TRP1C6&qid=1777067911&refinements=p_36%3A8000-8500&s=merchant-items&sr=1-200&xpid=LG3GBrnM-Nffp#customerReviews,Aki Takahashi Plays Akira Nishimura
B088QC2BV3,,80.11,https://www.amazon.com.au/Shimano-Deore-SL-M6100-Rapidfire-Speed/dp/B088QC2BV3/ref=sr_1_201?dib=eyJ2IjoiMSJ9.9O_kWBl7j3LexQpC73SvyrayoI3Q1yTgstf9O6IuHVUXM3l-CV5JwT8JTdU3637QtWmwrvftAdXy_LrGSnfrAe4VWV8ARo9cgp4f6pZmIQ5ghn7Nbyss7WeP59IAl_-BFLP_JCLDXVt_f4DTVdudJcWiXoqOB_Rbax5hUnKkrso.Kz2InBrZfr00wXLK7TE83F3VlLTphcftOOWQr5aMpxg&dib_tag=se&m=A504JA83FLAZB&marketplaceID=A39IBJ37TRP1C6&qid=1777067911&refinements=p_36%3A8000-8500&s=merchant-items&sr=1-201&xpid=LG3GBrnM-Nffp#customerReviews,SHIMANO Unisex - Adult SL-M6100 Gear Lever Black 12 Speed
B088QC2BV3,,,,
B000068WC1,Audio CD,80.76,https://www.amazon.com.au/Blue-Album-Valensia/dp/B000068WC1/ref=sr_1_202?dib=eyJ2IjoiMSJ9.9O_kWBl7j3LexQpC73SvyrayoI3Q1yTgstf9O6IuHVUXM3l-CV5JwT8JTdU3637QtWmwrvftAdXy_LrGSnfrAe4VWV8ARo9cgp4f6pZmIQ5ghn7Nbyss7WeP59IAl_-BFLP_JCLDXVt_f4DTVdudJcWiXoqOB_Rbax5hUnKkrso.Kz2InBrZfr00wXLK7TE83F3VlLTphcftOOWQr5aMpxg&dib_tag=se&m=A504JA83FLAZB&marketplaceID=A39IBJ37TRP1C6&qid=1777067911&refinements=p_36%3A8000-8500&s=merchant-items&sr=1-202&xpid=LG3GBrnM-Nffp#customerReviews,Blue Album
B000067JKR,Audio CD,80.23,https://www.amazon.com.au/Sakura-Wars-Animation/dp/B000067JKR/ref=sr_1_203?dib=eyJ2IjoiMSJ9.9O_kWBl7j3LexQpC73SvyrayoI3Q1yTgstf9O6IuHVUXM3l-CV5JwT8JTdU3637QtWmwrvftAdXy_LrGSnfrAe4VWV8ARo9cgp4f6pZmIQ5ghn7Nbyss7WeP59IAl_-BFLP_JCLDXVt_f4DTVdudJcWiXoqOB_Rbax5hUnKkrso.Kz2InBrZfr00wXLK7TE83F3VlLTphcftOOWQr5aMpxg&dib_tag=se&m=A504JA83FLAZB&marketplaceID=A39IBJ37TRP1C6&qid=1777067911&refinements=p_36%3A8000-8500&s=merchant-items&sr=1-203&xpid=LG3GBrnM-Nffp#customerReviews,Sakura Taisen Super Kayo Zenshu 1
B00005RGXU,Audio CD,80.8,https://www.amazon.com.au/Gigs-Case-Boowy-Bo%C3%B8wy/dp/B00005RGXU/ref=sr_1_209?dib=eyJ2IjoiMSJ9.OqhyxUzgq8E3vGsf7mW9di4rFszwCw36-tV0-p48-Pgknd7ZyY228fzQMEbkuju7lln_IHvujPwCtfWKEQcoTw.oa6oTp1kOVHcOb4pHzV2qHp5ZjepUQT_FphUx2EJtIQ&dib_tag=se&m=A504JA83FLAZB&marketplaceID=A39IBJ37TRP1C6&qid=1777067915&refinements=p_36%3A8000-8500&s=merchant-items&sr=1-209&xpid=LG3GBrnM-Nffp#customerReviews,Gigs Case of Boowy
B08QHYJYRT,,82.15,https://www.amazon.com.au/Good-Smile-Company-Kimetsu-Tanjiro/dp/B08QHYJYRT/ref=sr_1_210?dib=eyJ2IjoiMSJ9.OqhyxUzgq8E3vGsf7mW9di4rFszwCw36-tV0-p48-Pgknd7ZyY228fzQMEbkuju7lln_IHvujPwCtfWKEQcoTw.oa6oTp1kOVHcOb4pHzV2qHp5ZjepUQT_FphUx2EJtIQ&dib_tag=se&m=A504JA83FLAZB&marketplaceID=A39IBJ37TRP1C6&qid=1777067915&refinements=p_36%3A8000-8500&s=merchant-items&sr=1-210&xpid=LG3GBrnM-Nffp#customerReviews,Good Smile Company - Demon Slayer Kimetsu Pop Up Parade Tanjiro Kamado PVC Figure
B00005GO9X,Audio CD,82.68,https://www.amazon.com.au/Swept-Julia-Fordham/dp/B00005GO9X/ref=sr_1_211?dib=eyJ2IjoiMSJ9.OqhyxUzgq8E3vGsf7mW9di4rFszwCw36-tV0-p48-Pgknd7ZyY228fzQMEbkuju7lln_IHvujPwCtfWKEQcoTw.oa6oTp1kOVHcOb4pHzV2qHp5ZjepUQT_FphUx2EJtIQ&dib_tag=se&m=A504JA83FLAZB&marketplaceID=A39IBJ37TRP1C6&qid=1777067915&refinements=p_36%3A8000-8500&s=merchant-items&sr=1-211&xpid=LG3GBrnM-Nffp#customerReviews,Swept
B00004W9WK,Audio CD,81.94,https://www.amazon.com.au/Dancemania-Club-Classics-2-Various/dp/B00004W9WK/ref=sr_1_212?dib=eyJ2IjoiMSJ9.OqhyxUzgq8E3vGsf7mW9di4rFszwCw36-tV0-p48-Pgknd7ZyY228fzQMEbkuju7lln_IHvujPwCtfWKEQcoTw.oa6oTp1kOVHcOb4pHzV2qHp5ZjepUQT_FphUx2EJtIQ&dib_tag=se&m=A504JA83FLAZB&marketplaceID=A39IBJ37TRP1C6&qid=1777067915&refinements=p_36%3A8000-8500&s=merchant-items&sr=1-212&xpid=LG3GBrnM-Nffp#customerReviews,Dancemania Club Classics 2
B00000GB19,Audio CD,83.82,https://www.amazon.com.au/Meets-Yoshida-Minako-Ponta-Box/dp/B00000GB19/ref=sr_1_213?dib=eyJ2IjoiMSJ9.OqhyxUzgq8E3vGsf7mW9di4rFszwCw36-tV0-p48-Pgknd7ZyY228fzQMEbkuju7lln_IHvujPwCtfWKEQcoTw.oa6oTp1kOVHcOb4pHzV2qHp5ZjepUQT_FphUx2EJtIQ&dib_tag=se&m=A504JA83FLAZB&marketplaceID=A39IBJ37TRP1C6&qid=1777067915&refinements=p_36%3A8000-8500&s=merchant-items&sr=1-213&xpid=LG3GBrnM-Nffp#customerReviews,Meets Yoshida Minako
B0BQXNTLHZ,,81.59,https://www.amazon.com.au/KATO-Building-23-439B-Diorama-Supplies/dp/B0BQXNTLHZ/ref=sr_1_209?dib=eyJ2IjoiMSJ9.42-e4DCmjXs7arVWXlvkB0ByP6Q9KT2QpsP1eViaP3Py8eFPTThMZktVEJMFZDo_B5H2eDQVWPgRCDKTK07b6ZKCo0NTBPSjeGrllG0ebHfA2wYKVLq-ThOBhgRxhjdTaKTI5_MsJ6PuXSTJSauXULqvwoo4JYaTy52SD6n9SYY.GMvHa6miGBdHb6qrKC9uOgtYb8Lf3uaKTLa6tUPuZ3k&dib_tag=se&m=A504JA83FLAZB&marketplaceID=A39IBJ37TRP1C6&qid=1777067915&refinements=p_36%3A8000-8500&s=merchant-items&sr=1-209&xpid=LG3GBrnM-Nffp#customerReviews,KATO N Gauge Brand Building 2 Brown 23-439B Diorama Supplies
B0000087KN,Audio CD,83.56,https://www.amazon.com.au/Ululu-Jesse-Davis/dp/B0000087KN/ref=sr_1_210?dib=eyJ2IjoiMSJ9.42-e4DCmjXs7arVWXlvkB0ByP6Q9KT2QpsP1eViaP3Py8eFPTThMZktVEJMFZDo_B5H2eDQVWPgRCDKTK07b6ZKCo0NTBPSjeGrllG0ebHfA2wYKVLq-ThOBhgRxhjdTaKTI5_MsJ6PuXSTJSauXULqvwoo4JYaTy52SD6n9SYY.GMvHa6miGBdHb6qrKC9uOgtYb8Lf3uaKTLa6tUPuZ3k&dib_tag=se&m=A504JA83FLAZB&marketplaceID=A39IBJ37TRP1C6&qid=1777067915&refinements=p_36%3A8000-8500&s=merchant-items&sr=1-210&xpid=LG3GBrnM-Nffp#customerReviews,Ululu
B0088TWGBQ,Office Product,81.01,https://www.amazon.com.au/Kokuyo-filler-notebook-ruffled-margin/dp/B0088TWGBQ/ref=sr_1_211?dib=eyJ2IjoiMSJ9.42-e4DCmjXs7arVWXlvkB0ByP6Q9KT2QpsP1eViaP3Py8eFPTThMZktVEJMFZDo_B5H2eDQVWPgRCDKTK07b6ZKCo0NTBPSjeGrllG0ebHfA2wYKVLq-ThOBhgRxhjdTaKTI5_MsJ6PuXSTJSauXULqvwoo4JYaTy52SD6n9SYY.GMvHa6miGBdHb6qrKC9uOgtYb8Lf3uaKTLa6tUPuZ3k&dib_tag=se&m=A504JA83FLAZB&marketplaceID=A39IBJ37TRP1C6&qid=1777067915&refinements=p_36%3A8000-8500&s=merchant-items&sr=1-211&xpid=LG3GBrnM-Nffp#customerReviews,Kokuyo S & T filler notebook A5 A ruffled margin KeiIri 40 sheets 10 books
B0088TWGBQ,,,,
B07D8TGNMW,Audio CD,84.57,https://www.amazon.com.au/Cinema-Song-Covers-MAY-J/dp/B07D8TGNMW/ref=sr_1_212?dib=eyJ2IjoiMSJ9.42-e4DCmjXs7arVWXlvkB0ByP6Q9KT2QpsP1eViaP3Py8eFPTThMZktVEJMFZDo_B5H2eDQVWPgRCDKTK07b6ZKCo0NTBPSjeGrllG0ebHfA2wYKVLq-ThOBhgRxhjdTaKTI5_MsJ6PuXSTJSauXULqvwoo4JYaTy52SD6n9SYY.GMvHa6miGBdHb6qrKC9uOgtYb8Lf3uaKTLa6tUPuZ3k&dib_tag=se&m=A504JA83FLAZB&marketplaceID=A39IBJ37TRP1C6&qid=1777067915&refinements=p_36%3A8000-8500&s=merchant-items&sr=1-212&xpid=LG3GBrnM-Nffp#customerReviews,Cinema Song Covers
B0B2W1BGQM,,84.48,https://www.amazon.com.au/Good-Smile-Company-Cuckoos-Nendoroid/dp/B0B2W1BGQM/ref=sr_1_213?dib=eyJ2IjoiMSJ9.42-e4DCmjXs7arVWXlvkB0ByP6Q9KT2QpsP1eViaP3Py8eFPTThMZktVEJMFZDo_B5H2eDQVWPgRCDKTK07b6ZKCo0NTBPSjeGrllG0ebHfA2wYKVLq-ThOBhgRxhjdTaKTI5_MsJ6PuXSTJSauXULqvwoo4JYaTy52SD6n9SYY.GMvHa6miGBdHb6qrKC9uOgtYb8Lf3uaKTLa6tUPuZ3k&dib_tag=se&m=A504JA83FLAZB&marketplaceID=A39IBJ37TRP1C6&qid=1777067915&refinements=p_36%3A8000-8500&s=merchant-items&sr=1-213&xpid=LG3GBrnM-Nffp#customerReviews,Good Smile Company - A Couple of Cuckoos - Erika Amano Nendoroid Action Figure
B00B8CRAGQ,DVD-ROM,80.88,https://www.amazon.com.au/%E6%97%A5%E6%9C%AC%E3%83%95%E3%82%A1%E3%83%AB%E3%82%B3%E3%83%A0-%E3%82%A4%E3%83%BC%E3%82%B9VI-%E3%83%8A%E3%83%94%E3%82%B7%E3%83%A5%E3%83%86%E3%83%A0%E3%81%AE%E5%8C%A3-Windows8%E5%AF%BE%E5%BF%9C%E7%89%88/dp/B00B8CRAGQ/ref=sr_1_214?dib=eyJ2IjoiMSJ9.42-e4DCmjXs7arVWXlvkB0ByP6Q9KT2QpsP1eViaP3Py8eFPTThMZktVEJMFZDo_B5H2eDQVWPgRCDKTK07b6ZKCo0NTBPSjeGrllG0ebHfA2wYKVLq-ThOBhgRxhjdTaKTI5_MsJ6PuXSTJSauXULqvwoo4JYaTy52SD6n9SYY.GMvHa6miGBdHb6qrKC9uOgtYb8Lf3uaKTLa6tUPuZ3k&dib_tag=se&m=A504JA83FLAZB&marketplaceID=A39IBJ37TRP1C6&qid=1777067915&refinements=p_36%3A8000-8500&s=merchant-items&sr=1-214&xpid=LG3GBrnM-Nffp#customerReviews,イースVI -ナピシュテムの匣- Windows8対応版
B00B8CRAGQ,,,,
B004GBLG9I,Audio CD,84.32,https://www.amazon.com.au/Tokyo-Yamanote-Boys-Original-Soundtrack/dp/B004GBLG9I/ref=sr_1_215?dib=eyJ2IjoiMSJ9.42-e4DCmjXs7arVWXlvkB0ByP6Q9KT2QpsP1eViaP3Py8eFPTThMZktVEJMFZDo_B5H2eDQVWPgRCDKTK07b6ZKCo0NTBPSjeGrllG0ebHfA2wYKVLq-ThOBhgRxhjdTaKTI5_MsJ6PuXSTJSauXULqvwoo4JYaTy52SD6n9SYY.GMvHa6miGBdHb6qrKC9uOgtYb8Lf3uaKTLa6tUPuZ3k&dib_tag=se&m=A504JA83FLAZB&marketplaceID=A39IBJ37TRP1C6&qid=1777067915&refinements=p_36%3A8000-8500&s=merchant-items&sr=1-215&xpid=LG3GBrnM-Nffp#customerReviews,Tokyo Yamanote Boys (Original Soundtrack)
B004GBLG9I,,,,
B000RG1DOE,Audio CD,83.82,https://www.amazon.com.au/Kappa-Natsu-Yasumi-Original-Soundtrack/dp/B000RG1DOE/ref=sr_1_216?dib=eyJ2IjoiMSJ9.42-e4DCmjXs7arVWXlvkB0ByP6Q9KT2QpsP1eViaP3Py8eFPTThMZktVEJMFZDo_B5H2eDQVWPgRCDKTK07b6ZKCo0NTBPSjeGrllG0ebHfA2wYKVLq-ThOBhgRxhjdTaKTI5_MsJ6PuXSTJSauXULqvwoo4JYaTy52SD6n9SYY.GMvHa6miGBdHb6qrKC9uOgtYb8Lf3uaKTLa6tUPuZ3k&dib_tag=se&m=A504JA83FLAZB&marketplaceID=A39IBJ37TRP1C6&qid=1777067915&refinements=p_36%3A8000-8500&s=merchant-items&sr=1-216&xpid=LG3GBrnM-Nffp#customerReviews,Kappa No Ku to Natsu Yasumi (Original Soundtrack)
B000RG1DOE,,,,
B09VKZ8XQK,,82.35,https://www.amazon.com.au/Good-Smile-Company-Princes-Nendoroid/dp/B09VKZ8XQK/ref=sr_1_217?dib=eyJ2IjoiMSJ9.42-e4DCmjXs7arVWXlvkB0ByP6Q9KT2QpsP1eViaP3Py8eFPTThMZktVEJMFZDo_B5H2eDQVWPgRCDKTK07b6ZKCo0NTBPSjeGrllG0ebHfA2wYKVLq-ThOBhgRxhjdTaKTI5_MsJ6PuXSTJSauXULqvwoo4JYaTy52SD6n9SYY.GMvHa6miGBdHb6qrKC9uOgtYb8Lf3uaKTLa6tUPuZ3k&dib_tag=se&m=A504JA83FLAZB&marketplaceID=A39IBJ37TRP1C6&qid=1777067915&refinements=p_36%3A8000-8500&s=merchant-items&sr=1-217&xpid=LG3GBrnM-Nffp#customerReviews,Good Smile Company - The Genius Prince's Guide - Ninym Ralei Nendoroid Action Figure
B09NKRNQ4M,,82.62,https://www.amazon.com.au/Good-Smile-Company-Swimsuit-Version/dp/B09NKRNQ4M/ref=sr_1_218?dib=eyJ2IjoiMSJ9.42-e4DCmjXs7arVWXlvkB0ByP6Q9KT2QpsP1eViaP3Py8eFPTThMZktVEJMFZDo_B5H2eDQVWPgRCDKTK07b6ZKCo0NTBPSjeGrllG0ebHfA2wYKVLq-ThOBhgRxhjdTaKTI5_MsJ6PuXSTJSauXULqvwoo4JYaTy52SD6n9SYY.GMvHa6miGBdHb6qrKC9uOgtYb8Lf3uaKTLa6tUPuZ3k&dib_tag=se&m=A504JA83FLAZB&marketplaceID=A39IBJ37TRP1C6&qid=1777067915&refinements=p_36%3A8000-8500&s=merchant-items&sr=1-218&xpid=LG3GBrnM-Nffp#customerReviews,Good Smile Company Pop Up Parade Aqua Swimsuit Version Figure
B09MS4K4ZH,,83.63,https://www.amazon.com.au/Rising-Shield-Season-Nendoroid-Melty/dp/B09MS4K4ZH/ref=sr_1_219?dib=eyJ2IjoiMSJ9.42-e4DCmjXs7arVWXlvkB0ByP6Q9KT2QpsP1eViaP3Py8eFPTThMZktVEJMFZDo_B5H2eDQVWPgRCDKTK07b6ZKCo0NTBPSjeGrllG0ebHfA2wYKVLq-ThOBhgRxhjdTaKTI5_MsJ6PuXSTJSauXULqvwoo4JYaTy52SD6n9SYY.GMvHa6miGBdHb6qrKC9uOgtYb8Lf3uaKTLa6tUPuZ3k&dib_tag=se&m=A504JA83FLAZB&marketplaceID=A39IBJ37TRP1C6&qid=1777067915&refinements=p_36%3A8000-8500&s=merchant-items&sr=1-219&xpid=LG3GBrnM-Nffp#customerReviews,Good Smile Company Nendoroid Rising of The Shield Hero Melty Figure
B014F9NZCG,,85.61,https://www.amazon.com.au/GSI-Creos-GT94-Stands-Shelves/dp/B014F9NZCG/ref=sr_1_225?dib=eyJ2IjoiMSJ9.9snE_p25Kd2LCD4-vPkhYDAEuaaBqXPHrzHCJhJ_YcWAUOdcraLeEF3kmaOsmUHezfB1ZJqEzABiJ79oJW2moA.a8wLNX-y1E9SXP1NaJ4N5M3n9ankRH0wQZdrbNVhVuM&dib_tag=se&m=A504JA83FLAZB&marketplaceID=A39IBJ37TRP1C6&qid=1777067920&refinements=p_36%3A8000-8500&s=merchant-items&sr=1-225&xpid=LG3GBrnM-Nffp#customerReviews,GSI Creos GT94 G Tool Mr. Storage Stand (3 Shelves) Hobby Tool
B014F9NZCG,,,,
B0B7815WR3,,80.55,https://www.amazon.com.au/Design-CF-1555-Small-Standard-Case/dp/B0B7815WR3/ref=sr_1_226?dib=eyJ2IjoiMSJ9.9snE_p25Kd2LCD4-vPkhYDAEuaaBqXPHrzHCJhJ_YcWAUOdcraLeEF3kmaOsmUHezfB1ZJqEzABiJ79oJW2moA.a8wLNX-y1E9SXP1NaJ4N5M3n9ankRH0wQZdrbNVhVuM&dib_tag=se&m=A504JA83FLAZB&marketplaceID=A39IBJ37TRP1C6&qid=1777067920&refinements=p_36%3A8000-8500&s=merchant-items&sr=1-226&xpid=LG3GBrnM-Nffp,C&F Design CF-1555+ [Small] Standard Fly Case ([Small] Standard Fly Case)
B0B7815WR3,,,,
B084K6MM56,,81.83,https://www.amazon.com.au/Shinwa-Sokutei-19310-Measuring-Instrument/dp/B084K6MM56/ref=sr_1_227?dib=eyJ2IjoiMSJ9.9snE_p25Kd2LCD4-vPkhYDAEuaaBqXPHrzHCJhJ_YcWAUOdcraLeEF3kmaOsmUHezfB1ZJqEzABiJ79oJW2moA.a8wLNX-y1E9SXP1NaJ4N5M3n9ankRH0wQZdrbNVhVuM&dib_tag=se&m=A504JA83FLAZB&marketplaceID=A39IBJ37TRP1C6&qid=1777067920&refinements=p_36%3A8000-8500&s=merchant-items&sr=1-227&xpid=LG3GBrnM-Nffp,"Shinwa Sokutei 19310 Depth Gauge, Black Metal Measuring Instrument x 2, Measuring Guide"
B084K6MM56,,,,
B0BRZZW3HP,,83.69,https://www.amazon.com.au/Good-Smile-Company-Nendoroid-Version/dp/B0BRZZW3HP/ref=sr_1_228?dib=eyJ2IjoiMSJ9.9snE_p25Kd2LCD4-vPkhYDAEuaaBqXPHrzHCJhJ_YcWAUOdcraLeEF3kmaOsmUHezfB1ZJqEzABiJ79oJW2moA.a8wLNX-y1E9SXP1NaJ4N5M3n9ankRH0wQZdrbNVhVuM&dib_tag=se&m=A504JA83FLAZB&marketplaceID=A39IBJ37TRP1C6&qid=1777067920&refinements=p_36%3A8000-8500&s=merchant-items&sr=1-228&xpid=LG3GBrnM-Nffp#customerReviews,Good Smile Company - Nendoroid Doll Kimono Girl Outfit Set Green Version
B08X4DTKST,,83.69,https://www.amazon.com.au/Good-Smile-Master-Diabolism-Night-Hunt/dp/B08X4DTKST/ref=sr_1_229?dib=eyJ2IjoiMSJ9.9snE_p25Kd2LCD4-vPkhYDAEuaaBqXPHrzHCJhJ_YcWAUOdcraLeEF3kmaOsmUHezfB1ZJqEzABiJ79oJW2moA.a8wLNX-y1E9SXP1NaJ4N5M3n9ankRH0wQZdrbNVhVuM&dib_tag=se&m=A504JA83FLAZB&marketplaceID=A39IBJ37TRP1C6&qid=1777067920&refinements=p_36%3A8000-8500&s=merchant-items&sr=1-229&xpid=LG3GBrnM-Nffp#customerReviews,"Good Smile The Master of Diabolism: Wei Wuxian (Qishan Night-Hunt Version) Nendoroid Doll Outfit Figure Accessory, Multicolor (GAS12399)"
B0CHW1R3ZL,Not Machine Specific,81.73,https://www.amazon.com.au/Max-Factory-Dougram-Combat-Armors/dp/B0CHW1R3ZL/ref=sr_1_225?dib=eyJ2IjoiMSJ9.rKq4Siqpvpkarem5N9SN-6OR06XP4siORB12k2AN-kzcQiJbrcxXDBDU6Ibp9z25vtcW_GjnYT2OC1m0W8NoGII2vam4eNUu0qqjUrbsaIsAEVMMJcrY7WzEn0Rv3Jb2ULkmtN8-6vOwnbgrNONNwZ4bNIJZe0ZcOtPXuz2ggFQ.LppROzQIgWRUWrKgBruBMjtMTfxqwoxwnNwN9taW8-U&dib_tag=se&m=A504JA83FLAZB&marketplaceID=A39IBJ37TRP1C6&qid=1777067920&refinements=p_36%3A8000-8500&s=merchant-items&sr=1-225&xpid=LG3GBrnM-Nffp#customerReviews,Max Factory - Fang Of The Sun Dougram - Combat Armors Max22 1/72 Model Kit
B0CHW1R3ZL,,,,
B06WWJYWD2,,87.11,https://www.amazon.com.au/NE-6166-Shakehand-Attacks-5-Piece-Plywood/dp/B06WWJYWD2/ref=sr_1_226?dib=eyJ2IjoiMSJ9.rKq4Siqpvpkarem5N9SN-6OR06XP4siORB12k2AN-kzcQiJbrcxXDBDU6Ibp9z25vtcW_GjnYT2OC1m0W8NoGII2vam4eNUu0qqjUrbsaIsAEVMMJcrY7WzEn0Rv3Jb2ULkmtN8-6vOwnbgrNONNwZ4bNIJZe0ZcOtPXuz2ggFQ.LppROzQIgWRUWrKgBruBMjtMTfxqwoxwnNwN9taW8-U&dib_tag=se&m=A504JA83FLAZB&marketplaceID=A39IBJ37TRP1C6&qid=1777067920&refinements=p_36%3A8000-8500&s=merchant-items&sr=1-226&xpid=LG3GBrnM-Nffp#customerReviews,"Nitaku NE6166 Table Tennis Racket, Wing Light, Grip FL"
B06WWJYWD2,,,,
B0034GGLKK,,82.38,https://www.amazon.com.au/DAIWA-Tamanetsu-One-Touch-Landing-Small/dp/B0034GGLKK/ref=sr_1_227?dib=eyJ2IjoiMSJ9.rKq4Siqpvpkarem5N9SN-6OR06XP4siORB12k2AN-kzcQiJbrcxXDBDU6Ibp9z25vtcW_GjnYT2OC1m0W8NoGII2vam4eNUu0qqjUrbsaIsAEVMMJcrY7WzEn0Rv3Jb2ULkmtN8-6vOwnbgrNONNwZ4bNIJZe0ZcOtPXuz2ggFQ.LppROzQIgWRUWrKgBruBMjtMTfxqwoxwnNwN9taW8-U&dib_tag=se&m=A504JA83FLAZB&marketplaceID=A39IBJ37TRP1C6&qid=1777067920&refinements=p_36%3A8000-8500&s=merchant-items&sr=1-227&xpid=LG3GBrnM-Nffp#customerReviews,ダイワ(Daiwa) ワンタッチランディングネット
B0034GGLKK,,,,
B0040FENEA,,82.26,https://www.amazon.com.au/Tajima-CAZ4M2555-Convex-Safety-G-Lock/dp/B0040FENEA/ref=sr_1_228?dib=eyJ2IjoiMSJ9.rKq4Siqpvpkarem5N9SN-6OR06XP4siORB12k2AN-kzcQiJbrcxXDBDU6Ibp9z25vtcW_GjnYT2OC1m0W8NoGII2vam4eNUu0qqjUrbsaIsAEVMMJcrY7WzEn0Rv3Jb2ULkmtN8-6vOwnbgrNONNwZ4bNIJZe0ZcOtPXuz2ggFQ.LppROzQIgWRUWrKgBruBMjtMTfxqwoxwnNwN9taW8-U&dib_tag=se&m=A504JA83FLAZB&marketplaceID=A39IBJ37TRP1C6&qid=1777067920&refinements=p_36%3A8000-8500&s=merchant-items&sr=1-228&xpid=LG3GBrnM-Nffp#customerReviews,Tajima Convex CAZ4M2555 Safety Safe G Lock Mug Claw 25 x 1.0 inches (5.5 x 25 mm)
B0040FENEA,,,,
B07SW2FCLY,,83.69,https://www.amazon.com.au/SHIMANO-BLM7100R-Latest-Tier-Right/dp/B07SW2FCLY/ref=sr_1_229?dib=eyJ2IjoiMSJ9.rKq4Siqpvpkarem5N9SN-6OR06XP4siORB12k2AN-kzcQiJbrcxXDBDU6Ibp9z25vtcW_GjnYT2OC1m0W8NoGII2vam4eNUu0qqjUrbsaIsAEVMMJcrY7WzEn0Rv3Jb2ULkmtN8-6vOwnbgrNONNwZ4bNIJZe0ZcOtPXuz2ggFQ.LppROzQIgWRUWrKgBruBMjtMTfxqwoxwnNwN9taW8-U&dib_tag=se&m=A504JA83FLAZB&marketplaceID=A39IBJ37TRP1C6&qid=1777067920&refinements=p_36%3A8000-8500&s=merchant-items&sr=1-229&xpid=LG3GBrnM-Nffp#customerReviews,"SHIMANO SLX BLM7100R Latest Series Tier 1, Grey, Right Hand"
B07SW2FCLY,,,,
B000XXOH5S,,81.77,https://www.amazon.com.au/TAMA-MC66-Drum-Set-Clamp/dp/B000XXOH5S/ref=sr_1_230?dib=eyJ2IjoiMSJ9.rKq4Siqpvpkarem5N9SN-6OR06XP4siORB12k2AN-kzcQiJbrcxXDBDU6Ibp9z25vtcW_GjnYT2OC1m0W8NoGII2vam4eNUu0qqjUrbsaIsAEVMMJcrY7WzEn0Rv3Jb2ULkmtN8-6vOwnbgrNONNwZ4bNIJZe0ZcOtPXuz2ggFQ.LppROzQIgWRUWrKgBruBMjtMTfxqwoxwnNwN9taW8-U&dib_tag=se&m=A504JA83FLAZB&marketplaceID=A39IBJ37TRP1C6&qid=1777067920&refinements=p_36%3A8000-8500&s=merchant-items&sr=1-230&xpid=LG3GBrnM-Nffp#customerReviews,TAMA Drum Set Clamp (MC66)
B000XXOH5S,,,,
B0B6WKT54D,,84.68,https://www.amazon.com.au/Design-CF-3588-Large-Standard-Case/dp/B0B6WKT54D/ref=sr_1_231?dib=eyJ2IjoiMSJ9.rKq4Siqpvpkarem5N9SN-6OR06XP4siORB12k2AN-kzcQiJbrcxXDBDU6Ibp9z25vtcW_GjnYT2OC1m0W8NoGII2vam4eNUu0qqjUrbsaIsAEVMMJcrY7WzEn0Rv3Jb2ULkmtN8-6vOwnbgrNONNwZ4bNIJZe0ZcOtPXuz2ggFQ.LppROzQIgWRUWrKgBruBMjtMTfxqwoxwnNwN9taW8-U&dib_tag=se&m=A504JA83FLAZB&marketplaceID=A39IBJ37TRP1C6&qid=1777067920&refinements=p_36%3A8000-8500&s=merchant-items&sr=1-231&xpid=LG3GBrnM-Nffp,C&F Design CF-3588+ [Large] Standard Fly Case (Large)
B0B6WKT54D,,,,
B0B6WJLLMJ,,80.07,https://www.amazon.com.au/Design-Medium-Universal-Compartments-Compartment/dp/B0B6WJLLMJ/ref=sr_1_232?dib=eyJ2IjoiMSJ9.rKq4Siqpvpkarem5N9SN-6OR06XP4siORB12k2AN-kzcQiJbrcxXDBDU6Ibp9z25vtcW_GjnYT2OC1m0W8NoGII2vam4eNUu0qqjUrbsaIsAEVMMJcrY7WzEn0Rv3Jb2ULkmtN8-6vOwnbgrNONNwZ4bNIJZe0ZcOtPXuz2ggFQ.LppROzQIgWRUWrKgBruBMjtMTfxqwoxwnNwN9taW8-U&dib_tag=se&m=A504JA83FLAZB&marketplaceID=A39IBJ37TRP1C6&qid=1777067920&refinements=p_36%3A8000-8500&s=merchant-items&sr=1-232&xpid=LG3GBrnM-Nffp,C&F Design SC-M2/OV [Medium] Universal System Case with Compartments ([Medium] Compartment Universal System Case) Olive
B0B6WJLLMJ,,,,
B089VLBYJZ,,80.99,https://www.amazon.com.au/Wahei-EN-006-Tsubamesanjo-Stainless-inches/dp/B089VLBYJZ/ref=sr_1_233?dib=eyJ2IjoiMSJ9.rKq4Siqpvpkarem5N9SN-6OR06XP4siORB12k2AN-kzcQiJbrcxXDBDU6Ibp9z25vtcW_GjnYT2OC1m0W8NoGII2vam4eNUu0qqjUrbsaIsAEVMMJcrY7WzEn0Rv3Jb2ULkmtN8-6vOwnbgrNONNwZ4bNIJZe0ZcOtPXuz2ggFQ.LppROzQIgWRUWrKgBruBMjtMTfxqwoxwnNwN9taW8-U&dib_tag=se&m=A504JA83FLAZB&marketplaceID=A39IBJ37TRP1C6&qid=1777067920&refinements=p_36%3A8000-8500&s=merchant-items&sr=1-233&xpid=LG3GBrnM-Nffp#customerReviews,"Wahei Freiz ENZO EN-006 Made in Tsubamesanjo Stainless Steel Ball, 9.4 inches (24 cm), Made in Japan"
B089VLBYJZ,,,,
B07NJ5BFZ9,,80.48,https://www.amazon.com.au/Shimano-PL-F84S-Line-Tanatoru-500m/dp/B07NJ5BFZ9/ref=sr_1_234?dib=eyJ2IjoiMSJ9.rKq4Siqpvpkarem5N9SN-6OR06XP4siORB12k2AN-kzcQiJbrcxXDBDU6Ibp9z25vtcW_GjnYT2OC1m0W8NoGII2vam4eNUu0qqjUrbsaIsAEVMMJcrY7WzEn0Rv3Jb2ULkmtN8-6vOwnbgrNONNwZ4bNIJZe0ZcOtPXuz2ggFQ.LppROzQIgWRUWrKgBruBMjtMTfxqwoxwnNwN9taW8-U&dib_tag=se&m=A504JA83FLAZB&marketplaceID=A39IBJ37TRP1C6&qid=1777067920&refinements=p_36%3A8000-8500&s=merchant-items&sr=1-234&xpid=LG3GBrnM-Nffp#customerReviews,Shimano PE Line Tanatoru 4 0.6 - 4.0 No. 150 - 500m PL-F54R/PL-F64R/PL-F74R/PL-F84R
B07NJ5BFZ9,,,,
B0BSWQCTMJ,,83.42,https://www.amazon.com.au/Daiwa-2-200-Strands-Line-Surf/dp/B0BSWQCTMJ/ref=sr_1_235?dib=eyJ2IjoiMSJ9.rKq4Siqpvpkarem5N9SN-6OR06XP4siORB12k2AN-kzcQiJbrcxXDBDU6Ibp9z25vtcW_GjnYT2OC1m0W8NoGII2vam4eNUu0qqjUrbsaIsAEVMMJcrY7WzEn0Rv3Jb2ULkmtN8-6vOwnbgrNONNwZ4bNIJZe0ZcOtPXuz2ggFQ.LppROzQIgWRUWrKgBruBMjtMTfxqwoxwnNwN9taW8-U&dib_tag=se&m=A504JA83FLAZB&marketplaceID=A39IBJ37TRP1C6&qid=1777067920&refinements=p_36%3A8000-8500&s=merchant-items&sr=1-235&xpid=LG3GBrnM-Nffp#customerReviews,DAIWA 8-Strand PE Line Surf Dura Sensor x 8
B0BSWQCTMJ,,,,
B0BD86TKPJ,,81.94,https://www.amazon.com.au/Good-Smile-Company-Strength-Nendoroid/dp/B0BD86TKPJ/ref=sr_1_241?dib=eyJ2IjoiMSJ9.jW-LCCaVcA5L6QCLOBU4Le3snx8jaCRIoOn_ac8u8gihet-FUcSYjoBUlz4PP6QeXV_tTE5XDPFWG3E7z7DT0A.zDd_VDadHEuuMMT-4sDpUXbzrLJqe_h9WHkj-9xphII&dib_tag=se&m=A504JA83FLAZB&marketplaceID=A39IBJ37TRP1C6&qid=1777067926&refinements=p_36%3A8000-8500&s=merchant-items&sr=1-241&xpid=LG3GBrnM-Nffp#customerReviews,Good Smile Company - Black Rock Shooter: Dawn Fall - Strength Nendoroid Action Figure
B09VXG82NL,,83.41,https://www.amazon.com.au/Good-Smile-Company-Arknights-Nendoroid/dp/B09VXG82NL/ref=sr_1_242?dib=eyJ2IjoiMSJ9.jW-LCCaVcA5L6QCLOBU4Le3snx8jaCRIoOn_ac8u8gihet-FUcSYjoBUlz4PP6QeXV_tTE5XDPFWG3E7z7DT0A.zDd_VDadHEuuMMT-4sDpUXbzrLJqe_h9WHkj-9xphII&dib_tag=se&m=A504JA83FLAZB&marketplaceID=A39IBJ37TRP1C6&qid=1777067926&refinements=p_36%3A8000-8500&s=merchant-items&sr=1-242&xpid=LG3GBrnM-Nffp#customerReviews,Good Smile Company Arknights Saga Nendoroid Action Figure
B08YK77714,,82.05,https://www.amazon.com.au/Wahei-Freiz-FDR-331-Multi-Pot-Gray/dp/B08YK77714/ref=sr_1_243?dib=eyJ2IjoiMSJ9.jW-LCCaVcA5L6QCLOBU4Le3snx8jaCRIoOn_ac8u8gihet-FUcSYjoBUlz4PP6QeXV_tTE5XDPFWG3E7z7DT0A.zDd_VDadHEuuMMT-4sDpUXbzrLJqe_h9WHkj-9xphII&dib_tag=se&m=A504JA83FLAZB&marketplaceID=A39IBJ37TRP1C6&qid=1777067926&refinements=p_36%3A8000-8500&s=merchant-items&sr=1-243&xpid=LG3GBrnM-Nffp#customerReviews,"Wahei Freiz FDR-331 Multi Pot, 0.6 gal (1.9 L), Fluorine Resin Processed, Gray, Simmer, Cook, Frying, Stir-Fry, Boil, Dresp, Charm Kitchen"
B08YK77714,,,,
B004IKOFL8,,84.37,https://www.amazon.com.au/Yamashita-Industrial-Research-Laboratory-Ratchet/dp/B004IKOFL8/ref=sr_1_244?dib=eyJ2IjoiMSJ9.jW-LCCaVcA5L6QCLOBU4Le3snx8jaCRIoOn_ac8u8gihet-FUcSYjoBUlz4PP6QeXV_tTE5XDPFWG3E7z7DT0A.zDd_VDadHEuuMMT-4sDpUXbzrLJqe_h9WHkj-9xphII&dib_tag=se&m=A504JA83FLAZB&marketplaceID=A39IBJ37TRP1C6&qid=1777067926&refinements=p_36%3A8000-8500&s=merchant-items&sr=1-244&xpid=LG3GBrnM-Nffp#customerReviews,Yamashita Industrial Research Laboratory Koken 1/4 (6.35 mm) SQ. Ratchet Handle (Resin Grip) Total Length 4.5 inches (115 mm) 2753J
B004IKOFL8,,,,
B0D4568LL8,,83.25,https://www.amazon.com.au/Bath-Trial-Love-Hasuno-School/dp/B0D4568LL8/ref=sr_1_245?dib=eyJ2IjoiMSJ9.jW-LCCaVcA5L6QCLOBU4Le3snx8jaCRIoOn_ac8u8gihet-FUcSYjoBUlz4PP6QeXV_tTE5XDPFWG3E7z7DT0A.zDd_VDadHEuuMMT-4sDpUXbzrLJqe_h9WHkj-9xphII&dib_tag=se&m=A504JA83FLAZB&marketplaceID=A39IBJ37TRP1C6&qid=1777067926&refinements=p_36%3A8000-8500&s=merchant-items&sr=1-245&xpid=LG3GBrnM-Nffp#customerReviews,"Re Bath for You Trial Set, Love Live! Hasuno Sora School Idol Club"
B01B4C9B8O,,84.18,https://www.amazon.com.au/White-light-FH-200-sponge-FH200-81/dp/B01B4C9B8O/ref=sr_1_241?dib=eyJ2IjoiMSJ9.u5eWv3QOnupJrHaa3_exUNIdcjc1Zv8jGikpP8vjmD7PVlBgyjowptyB8D-kGfVxbg6iVwevgJ2m5OzrmRL4vgZCOqagDY5r1e5SLaYFXqmjniyKf2z52DOVjjjq7d5H1SbXW6JSomK0VN7BSyGTW_StleiKKelsOK9u2oP7TPw.CMg0O-ayYiHb7qzTDB-ykfx69oMPJsOF_i7JmudNvk0&dib_tag=se&m=A504JA83FLAZB&marketplaceID=A39IBJ37TRP1C6&qid=1777067926&refinements=p_36%3A8000-8500&s=merchant-items&sr=1-241&xpid=LG3GBrnM-Nffp#customerReviews,Hakko White Light Soldering Iron FH200 / With Sponge FH200-81
B01B4C9B8O,,,,
B00IJ50UKI,,82.14,https://www.amazon.com.au/Good-Smile-Fantasista-Doll-Nendoroid/dp/B00IJ50UKI/ref=sr_1_242?dib=eyJ2IjoiMSJ9.u5eWv3QOnupJrHaa3_exUNIdcjc1Zv8jGikpP8vjmD7PVlBgyjowptyB8D-kGfVxbg6iVwevgJ2m5OzrmRL4vgZCOqagDY5r1e5SLaYFXqmjniyKf2z52DOVjjjq7d5H1SbXW6JSomK0VN7BSyGTW_StleiKKelsOK9u2oP7TPw.CMg0O-ayYiHb7qzTDB-ykfx69oMPJsOF_i7JmudNvk0&dib_tag=se&m=A504JA83FLAZB&marketplaceID=A39IBJ37TRP1C6&qid=1777067926&refinements=p_36%3A8000-8500&s=merchant-items&sr=1-242&xpid=LG3GBrnM-Nffp#customerReviews,Good Smile Fantasista Doll: Sasara Nendoroid Action Figure
B00201CYKG,,82.07,https://www.amazon.com.au/Seisakusho-formula-octopus-grilled-GTK07/dp/B00201CYKG/ref=sr_1_243?dib=eyJ2IjoiMSJ9.u5eWv3QOnupJrHaa3_exUNIdcjc1Zv8jGikpP8vjmD7PVlBgyjowptyB8D-kGfVxbg6iVwevgJ2m5OzrmRL4vgZCOqagDY5r1e5SLaYFXqmjniyKf2z52DOVjjjq7d5H1SbXW6JSomK0VN7BSyGTW_StleiKKelsOK9u2oP7TPw.CMg0O-ayYiHb7qzTDB-ykfx69oMPJsOF_i7JmudNvk0&dib_tag=se&m=A504JA83FLAZB&marketplaceID=A39IBJ37TRP1C6&qid=1777067926&refinements=p_36%3A8000-8500&s=merchant-items&sr=1-243&xpid=LG3GBrnM-Nffp#customerReviews,"Endoshoji GTK07 Commercial Kansai Style Iron Plate for Takoyaki (15 Holes), Cast Iron"
B00201CYKG,,,,
B0BXXK3RFJ,,81.35,https://www.amazon.com.au/Hakko-AC5000-Brass-Cleaning-Soldering/dp/B0BXXK3RFJ/ref=sr_1_244?dib=eyJ2IjoiMSJ9.u5eWv3QOnupJrHaa3_exUNIdcjc1Zv8jGikpP8vjmD7PVlBgyjowptyB8D-kGfVxbg6iVwevgJ2m5OzrmRL4vgZCOqagDY5r1e5SLaYFXqmjniyKf2z52DOVjjjq7d5H1SbXW6JSomK0VN7BSyGTW_StleiKKelsOK9u2oP7TPw.CMg0O-ayYiHb7qzTDB-ykfx69oMPJsOF_i7JmudNvk0&dib_tag=se&m=A504JA83FLAZB&marketplaceID=A39IBJ37TRP1C6&qid=1777067926&refinements=p_36%3A8000-8500&s=merchant-items&sr=1-244&xpid=LG3GBrnM-Nffp,Hakko AC5000 Brass Cleaning Brush for Soldering Iron Tips
B0BXXK3RFJ,,,,
B0BLTLRYG1,,82.05,https://www.amazon.com.au/Yamazaki-5842-Kamidana-Approx-2-6-3-3/dp/B0BLTLRYG1/ref=sr_1_245?dib=eyJ2IjoiMSJ9.u5eWv3QOnupJrHaa3_exUNIdcjc1Zv8jGikpP8vjmD7PVlBgyjowptyB8D-kGfVxbg6iVwevgJ2m5OzrmRL4vgZCOqagDY5r1e5SLaYFXqmjniyKf2z52DOVjjjq7d5H1SbXW6JSomK0VN7BSyGTW_StleiKKelsOK9u2oP7TPw.CMg0O-ayYiHb7qzTDB-ykfx69oMPJsOF_i7JmudNvk0&dib_tag=se&m=A504JA83FLAZB&marketplaceID=A39IBJ37TRP1C6&qid=1777067926&refinements=p_36%3A8000-8500&s=merchant-items&sr=1-245&xpid=LG3GBrnM-Nffp#customerReviews,"Yamazaki 5842 Kamoi Top Kamoi Kamidana, W45, White, Approx. W 17.7 x D 4.9 x H 2.6-3.3 inches (45 x 12.5 x 6.5-8.5 cm), Tower Simple Shinto Shelf, Bill Holder"
B0BLTLRYG1,,,,
B09FNV1N75,,82.83,https://www.amazon.com.au/Evercook-Compatible-Sources-Induction-Doshisha/dp/B09FNV1N75/ref=sr_1_246?dib=eyJ2IjoiMSJ9.u5eWv3QOnupJrHaa3_exUNIdcjc1Zv8jGikpP8vjmD7PVlBgyjowptyB8D-kGfVxbg6iVwevgJ2m5OzrmRL4vgZCOqagDY5r1e5SLaYFXqmjniyKf2z52DOVjjjq7d5H1SbXW6JSomK0VN7BSyGTW_StleiKKelsOK9u2oP7TPw.CMg0O-ayYiHb7qzTDB-ykfx69oMPJsOF_i7JmudNvk0&dib_tag=se&m=A504JA83FLAZB&marketplaceID=A39IBJ37TRP1C6&qid=1777067926&refinements=p_36%3A8000-8500&s=merchant-items&sr=1-246&xpid=LG3GBrnM-Nffp#customerReviews,"Evercook Egg Grill, 5.1 x 7.1 inches (13 x 18 cm), Compatible with All Heat Sources (Induction Compatible, Red, Doshisha"
B09FNV1N75,,,,
B0B56RLQY3,,83.9,https://www.amazon.com.au/Good-Smile-Company-Nendoroid-Soldier/dp/B0B56RLQY3/ref=sr_1_257?dib=eyJ2IjoiMSJ9.WMx8TDq38qzXbBKkv5MThSIn8by4DD0dWePYHej288kgeoIjiHRYQFNxthHP9QoHJP6u1UjEyRG_uoZFWkHl3Q.Knk2Kwx644VfZYE8-1ZxCaKvpGu5aGW58Y1kvLFYk8c&dib_tag=se&m=A504JA83FLAZB&marketplaceID=A39IBJ37TRP1C6&qid=1777067930&refinements=p_36%3A8000-8500&s=merchant-items&sr=1-257&xpid=LG3GBrnM-Nffp#customerReviews,Good Smile Company - Nendoroid Doll - Toy Soldier Outfit Set
B09MCQZF7Y,,84.28,https://www.amazon.com.au/Senpai-Annoying-Nendoroid-Futaba-Igarashi/dp/B09MCQZF7Y/ref=sr_1_258?dib=eyJ2IjoiMSJ9.WMx8TDq38qzXbBKkv5MThSIn8by4DD0dWePYHej288kgeoIjiHRYQFNxthHP9QoHJP6u1UjEyRG_uoZFWkHl3Q.Knk2Kwx644VfZYE8-1ZxCaKvpGu5aGW58Y1kvLFYk8c&dib_tag=se&m=A504JA83FLAZB&marketplaceID=A39IBJ37TRP1C6&qid=1777067930&refinements=p_36%3A8000-8500&s=merchant-items&sr=1-258&xpid=LG3GBrnM-Nffp#customerReviews,Good Smile Company Nendoroid Futaba Igarashi Figure
B07MYWQHH4,,79.41,https://www.amazon.com.au/Daiwa-Fluoro-Monster-Brave-Natural/dp/B07MYWQHH4/ref=sr_1_259?dib=eyJ2IjoiMSJ9.WMx8TDq38qzXbBKkv5MThSIn8by4DD0dWePYHej288kgeoIjiHRYQFNxthHP9QoHJP6u1UjEyRG_uoZFWkHl3Q.Knk2Kwx644VfZYE8-1ZxCaKvpGu5aGW58Y1kvLFYk8c&dib_tag=se&m=A504JA83FLAZB&marketplaceID=A39IBJ37TRP1C6&qid=1777067930&refinements=p_36%3A8000-8500&s=merchant-items&sr=1-259&xpid=LG3GBrnM-Nffp#customerReviews,Daiwa Fluoroline Monster Brave Z 400M 12-20lb. Natural
B07MYWQHH4,,,,
B019TWSZ74,,84.79,https://www.amazon.com.au/Noguchi-NPR-1-Aluminum-Anodized-Finish/dp/B019TWSZ74/ref=sr_1_260?dib=eyJ2IjoiMSJ9.WMx8TDq38qzXbBKkv5MThSIn8by4DD0dWePYHej288kgeoIjiHRYQFNxthHP9QoHJP6u1UjEyRG_uoZFWkHl3Q.Knk2Kwx644VfZYE8-1ZxCaKvpGu5aGW58Y1kvLFYk8c&dib_tag=se&m=A504JA83FLAZB&marketplaceID=A39IBJ37TRP1C6&qid=1777067930&refinements=p_36%3A8000-8500&s=merchant-items&sr=1-260&xpid=LG3GBrnM-Nffp,Noguchi NPR-1 Aluminum Pedal for Road Cloth Anodized Finish Blue
B019TWSZ74,,,,
B00CHHIPEM,,81.75,https://www.amazon.com.au/YS-Park-Hair-Brush-YS-BR508/dp/B00CHHIPEM/ref=sr_1_261?dib=eyJ2IjoiMSJ9.WMx8TDq38qzXbBKkv5MThSIn8by4DD0dWePYHej288kgeoIjiHRYQFNxthHP9QoHJP6u1UjEyRG_uoZFWkHl3Q.Knk2Kwx644VfZYE8-1ZxCaKvpGu5aGW58Y1kvLFYk8c&dib_tag=se&m=A504JA83FLAZB&marketplaceID=A39IBJ37TRP1C6&qid=1777067930&refinements=p_36%3A8000-8500&s=merchant-items&sr=1-261&xpid=LG3GBrnM-Nffp#customerReviews,YS Park Hair Brush - Pro Wood Styler YS-BR508
B00CHHIPEM,,,,
B009SYXTCA,,81.32,https://www.amazon.com.au/Yamazaki-Industries-7290-Approx-Entryway/dp/B009SYXTCA/ref=sr_1_257?dib=eyJ2IjoiMSJ9.DsWzwRiJhRyoFQcc10xj9ImCg5_0z8rXZNBciP16T0-d7wI_SY1UkrIdK_uLiF5vLSOiDrBwUn_g8kMCrMwK-OTQhYkuKIHxJyLqraT3wjag1M0ysVmV4qTYeh6ChsgjuSdx99DhFKomCJVZNDvwZIo7nfBy4HZATg0gs4TdWD8.C7GJPHBcBe-1XfOX-ARlVwWjahvuZxRg3gPNhbypzDE&dib_tag=se&m=A504JA83FLAZB&marketplaceID=A39IBJ37TRP1C6&qid=1777067930&refinements=p_36%3A8000-8500&s=merchant-items&sr=1-257&xpid=LG3GBrnM-Nffp#customerReviews,Yamazaki Industries Ball
B009SYXTCA,,,,
B003B3JIRO,,83.85,https://www.amazon.com.au/spinner-handle-polish-overall-3768P-380/dp/B003B3JIRO/ref=sr_1_258?dib=eyJ2IjoiMSJ9.DsWzwRiJhRyoFQcc10xj9ImCg5_0z8rXZNBciP16T0-d7wI_SY1UkrIdK_uLiF5vLSOiDrBwUn_g8kMCrMwK-OTQhYkuKIHxJyLqraT3wjag1M0ysVmV4qTYeh6ChsgjuSdx99DhFKomCJVZNDvwZIo7nfBy4HZATg0gs4TdWD8.C7GJPHBcBe-1XfOX-ARlVwWjahvuZxRg3gPNhbypzDE&dib_tag=se&m=A504JA83FLAZB&marketplaceID=A39IBJ37TRP1C6&qid=1777067930&refinements=p_36%3A8000-8500&s=merchant-items&sr=1-258&xpid=LG3GBrnM-Nffp#customerReviews,"Koken 3/8 (9.5 mm) SQ. Long Spinner Handle (Polished Grip), Total Length 15.0 inches (380 mm), 3768P-380"
B003B3JIRO,,,,
B01D8CNM1K,,80.32,https://www.amazon.com.au/Shimano-Handlebar-Bicycle-Brake-Lever/dp/B01D8CNM1K/ref=sr_1_259?dib=eyJ2IjoiMSJ9.DsWzwRiJhRyoFQcc10xj9ImCg5_0z8rXZNBciP16T0-d7wI_SY1UkrIdK_uLiF5vLSOiDrBwUn_g8kMCrMwK-OTQhYkuKIHxJyLqraT3wjag1M0ysVmV4qTYeh6ChsgjuSdx99DhFKomCJVZNDvwZIo7nfBy4HZATg0gs4TdWD8.C7GJPHBcBe-1XfOX-ARlVwWjahvuZxRg3gPNhbypzDE&dib_tag=se&m=A504JA83FLAZB&marketplaceID=A39IBJ37TRP1C6&qid=1777067930&refinements=p_36%3A8000-8500&s=merchant-items&sr=1-259&xpid=LG3GBrnM-Nffp#customerReviews,SHIMANO Sora Flat Handlebar Road Bicycle Brake Lever Set - BL-R3000
B01D8CNM1K,,,,
B0C8NB2HDD,,84.48,https://www.amazon.com.au/Good-Smile-Ayakashi-Triangle-Nendoroid/dp/B0C8NB2HDD/ref=sr_1_260?dib=eyJ2IjoiMSJ9.DsWzwRiJhRyoFQcc10xj9ImCg5_0z8rXZNBciP16T0-d7wI_SY1UkrIdK_uLiF5vLSOiDrBwUn_g8kMCrMwK-OTQhYkuKIHxJyLqraT3wjag1M0ysVmV4qTYeh6ChsgjuSdx99DhFKomCJVZNDvwZIo7nfBy4HZATg0gs4TdWD8.C7GJPHBcBe-1XfOX-ARlVwWjahvuZxRg3gPNhbypzDE&dib_tag=se&m=A504JA83FLAZB&marketplaceID=A39IBJ37TRP1C6&qid=1777067930&refinements=p_36%3A8000-8500&s=merchant-items&sr=1-260&xpid=LG3GBrnM-Nffp#customerReviews,Good Smile - Ayakashi Triangle - Matsuri Kazamaki Nendoroid Af
B07QZYMVTL,,84.08,https://www.amazon.com.au/Marubo-Evangelion-inches-Special-4885000000/dp/B07QZYMVTL/ref=sr_1_261?dib=eyJ2IjoiMSJ9.DsWzwRiJhRyoFQcc10xj9ImCg5_0z8rXZNBciP16T0-d7wI_SY1UkrIdK_uLiF5vLSOiDrBwUn_g8kMCrMwK-OTQhYkuKIHxJyLqraT3wjag1M0ysVmV4qTYeh6ChsgjuSdx99DhFKomCJVZNDvwZIo7nfBy4HZATg0gs4TdWD8.C7GJPHBcBe-1XfOX-ARlVwWjahvuZxRg3gPNhbypzDE&dib_tag=se&m=A504JA83FLAZB&marketplaceID=A39IBJ37TRP1C6&qid=1777067930&refinements=p_36%3A8000-8500&s=merchant-items&sr=1-261&xpid=LG3GBrnM-Nffp,Marubo Bath Towel Evangelion Synge 27.6 x 55.1 inches (70 x 140 cm) Plug Suit Synge Large Towel with Special Case 4885000000
B07QZYMVTL,,,,
B003B3CT5W,,84.78,https://www.amazon.com.au/BrandName-14771/dp/B003B3CT5W/ref=sr_1_262?dib=eyJ2IjoiMSJ9.DsWzwRiJhRyoFQcc10xj9ImCg5_0z8rXZNBciP16T0-d7wI_SY1UkrIdK_uLiF5vLSOiDrBwUn_g8kMCrMwK-OTQhYkuKIHxJyLqraT3wjag1M0ysVmV4qTYeh6ChsgjuSdx99DhFKomCJVZNDvwZIo7nfBy4HZATg0gs4TdWD8.C7GJPHBcBe-1XfOX-ARlVwWjahvuZxRg3gPNhbypzDE&dib_tag=se&m=A504JA83FLAZB&marketplaceID=A39IBJ37TRP1C6&qid=1777067930&refinements=p_36%3A8000-8500&s=merchant-items&sr=1-262&xpid=LG3GBrnM-Nffp#customerReviews,Koken 14771 1/2 (12.7 mm) SQ. Impact Universal Joint
B003B3CT5W,,,,
B08B348H86,,84.59,https://www.amazon.com.au/Deore-Mountain-Rapidfire-Shifter-Featuring/dp/B08B348H86/ref=sr_1_263?dib=eyJ2IjoiMSJ9.DsWzwRiJhRyoFQcc10xj9ImCg5_0z8rXZNBciP16T0-d7wI_SY1UkrIdK_uLiF5vLSOiDrBwUn_g8kMCrMwK-OTQhYkuKIHxJyLqraT3wjag1M0ysVmV4qTYeh6ChsgjuSdx99DhFKomCJVZNDvwZIo7nfBy4HZATg0gs4TdWD8.C7GJPHBcBe-1XfOX-ARlVwWjahvuZxRg3gPNhbypzDE&dib_tag=se&m=A504JA83FLAZB&marketplaceID=A39IBJ37TRP1C6&qid=1777067930&refinements=p_36%3A8000-8500&s=merchant-items&sr=1-263&xpid=LG3GBrnM-Nffp#customerReviews,Deore M6100 Mountain Bike Rapidfire Shifter pod Featuring 2-Way
B08B348H86,,,,
B07NWDYWNK,,85.81,https://www.amazon.com.au/HGUC-Rigerg-Unicorn-Ver-144/dp/B07NWDYWNK/ref=sr_1_264?dib=eyJ2IjoiMSJ9.DsWzwRiJhRyoFQcc10xj9ImCg5_0z8rXZNBciP16T0-d7wI_SY1UkrIdK_uLiF5vLSOiDrBwUn_g8kMCrMwK-OTQhYkuKIHxJyLqraT3wjag1M0ysVmV4qTYeh6ChsgjuSdx99DhFKomCJVZNDvwZIo7nfBy4HZATg0gs4TdWD8.C7GJPHBcBe-1XfOX-ARlVwWjahvuZxRg3gPNhbypzDE&dib_tag=se&m=A504JA83FLAZB&marketplaceID=A39IBJ37TRP1C6&qid=1777067930&refinements=p_36%3A8000-8500&s=merchant-items&sr=1-264&xpid=LG3GBrnM-Nffp,HGUC Rigerg (Unicorn Ver.) 1/144
B07NWDYWNK,,,,
B0739XV6SK,,83.9,https://www.amazon.com.au/Urushiyama-Fried-Eggs-Corresponding-LON-E19-14/dp/B0739XV6SK/ref=sr_1_265?dib=eyJ2IjoiMSJ9.DsWzwRiJhRyoFQcc10xj9ImCg5_0z8rXZNBciP16T0-d7wI_SY1UkrIdK_uLiF5vLSOiDrBwUn_g8kMCrMwK-OTQhYkuKIHxJyLqraT3wjag1M0ysVmV4qTYeh6ChsgjuSdx99DhFKomCJVZNDvwZIo7nfBy4HZATg0gs4TdWD8.C7GJPHBcBe-1XfOX-ARlVwWjahvuZxRg3gPNhbypzDE&dib_tag=se&m=A504JA83FLAZB&marketplaceID=A39IBJ37TRP1C6&qid=1777067930&refinements=p_36%3A8000-8500&s=merchant-items&sr=1-265&xpid=LG3GBrnM-Nffp#customerReviews,"Urushiyama LON-E19-14 Egg Frying Pan, Made in Japan, 7.5 x 5.5 inches (19 x 14 cm), Leon, Induction Compatible"
B0739XV6SK,,,,
B01LYFQQ4D,,85.05,https://www.amazon.com.au/gauge-20-823-Curving-iron-bridge/dp/B01LYFQQ4D/ref=sr_1_266?dib=eyJ2IjoiMSJ9.DsWzwRiJhRyoFQcc10xj9ImCg5_0z8rXZNBciP16T0-d7wI_SY1UkrIdK_uLiF5vLSOiDrBwUn_g8kMCrMwK-OTQhYkuKIHxJyLqraT3wjag1M0ysVmV4qTYeh6ChsgjuSdx99DhFKomCJVZNDvwZIo7nfBy4HZATg0gs4TdWD8.C7GJPHBcBe-1XfOX-ARlVwWjahvuZxRg3gPNhbypzDE&dib_tag=se&m=A504JA83FLAZB&marketplaceID=A39IBJ37TRP1C6&qid=1777067930&refinements=p_36%3A8000-8500&s=merchant-items&sr=1-266&xpid=LG3GBrnM-Nffp#customerReviews,N Gauge 20-823 Curving Iron Bridge Set R448-60 ° Green
B00WLFV5C4,,84.27,https://www.amazon.com.au/SHIMANO-2091153540-Front-Derailleur-Silver/dp/B00WLFV5C4/ref=sr_1_267?dib=eyJ2IjoiMSJ9.DsWzwRiJhRyoFQcc10xj9ImCg5_0z8rXZNBciP16T0-d7wI_SY1UkrIdK_uLiF5vLSOiDrBwUn_g8kMCrMwK-OTQhYkuKIHxJyLqraT3wjag1M0ysVmV4qTYeh6ChsgjuSdx99DhFKomCJVZNDvwZIo7nfBy4HZATg0gs4TdWD8.C7GJPHBcBe-1XfOX-ARlVwWjahvuZxRg3gPNhbypzDE&dib_tag=se&m=A504JA83FLAZB&marketplaceID=A39IBJ37TRP1C6&qid=1777067930&refinements=p_36%3A8000-8500&s=merchant-items&sr=1-267&xpid=LG3GBrnM-Nffp#customerReviews,Front Derailleur Triple FD-4703 34.9mm CB
B00WLFV5C4,,,,
B004OCMUPS,,83.62,https://www.amazon.com.au/Tajima-Silver-German-Hammer-Mallet/dp/B004OCMUPS/ref=sr_1_273?dib=eyJ2IjoiMSJ9.mdEez74XtjzG5erxqr-vz2dwetUgJH7WGj0sQ5ISvout0bqKgSX6pzgEg15H5By5TyZDODlzOWJ9qWLEbF-GoA.RLEqNvz8bEMjDD--QBSUgfuiXOCwZZgCIZyhnGZyUUk&dib_tag=se&m=A504JA83FLAZB&marketplaceID=A39IBJ37TRP1C6&qid=1777067935&refinements=p_36%3A8000-8500&s=merchant-items&sr=1-273&xpid=LG3GBrnM-Nffp#customerReviews,Tajima Silver 14oz German Hammer Mallet
B004OCMUPS,,,,
B004ANXZ5U,,85.0,https://www.amazon.com.au/4962819014387-1438/dp/B004ANXZ5U/ref=sr_1_274?dib=eyJ2IjoiMSJ9.mdEez74XtjzG5erxqr-vz2dwetUgJH7WGj0sQ5ISvout0bqKgSX6pzgEg15H5By5TyZDODlzOWJ9qWLEbF-GoA.RLEqNvz8bEMjDD--QBSUgfuiXOCwZZgCIZyhnGZyUUk&dib_tag=se&m=A504JA83FLAZB&marketplaceID=A39IBJ37TRP1C6&qid=1777067935&refinements=p_36%3A8000-8500&s=merchant-items&sr=1-274&xpid=LG3GBrnM-Nffp,1438
B004ANXZ5U,,,,
B003S9VOHS,,84.62,https://www.amazon.com.au/Se-Kirara-Kagura-Action-Figure-Factory/dp/B003S9VOHS/ref=sr_1_275?dib=eyJ2IjoiMSJ9.mdEez74XtjzG5erxqr-vz2dwetUgJH7WGj0sQ5ISvout0bqKgSX6pzgEg15H5By5TyZDODlzOWJ9qWLEbF-GoA.RLEqNvz8bEMjDD--QBSUgfuiXOCwZZgCIZyhnGZyUUk&dib_tag=se&m=A504JA83FLAZB&marketplaceID=A39IBJ37TRP1C6&qid=1777067935&refinements=p_36%3A8000-8500&s=merchant-items&sr=1-275&xpid=LG3GBrnM-Nffp#customerReviews,Se.Kirara - Aya Kagura Figma Action Figure by Max Factory
B0037Y0RUO,,82.85,https://www.amazon.com.au/KJ-20-sensor-82598-japan-Kyosho/dp/B0037Y0RUO/ref=sr_1_276?dib=eyJ2IjoiMSJ9.mdEez74XtjzG5erxqr-vz2dwetUgJH7WGj0sQ5ISvout0bqKgSX6pzgEg15H5By5TyZDODlzOWJ9qWLEbF-GoA.RLEqNvz8bEMjDD--QBSUgfuiXOCwZZgCIZyhnGZyUUk&dib_tag=se&m=A504JA83FLAZB&marketplaceID=A39IBJ37TRP1C6&qid=1777067935&refinements=p_36%3A8000-8500&s=merchant-items&sr=1-276&xpid=LG3GBrnM-Nffp,KJ-20 gyro sensor 82598 (japan import) by Kyosho
B00305Z56G,,81.54,https://www.amazon.com.au/Original-Kyosho-Skyline-coupe-racing/dp/B00305Z56G/ref=sr_1_277?dib=eyJ2IjoiMSJ9.mdEez74XtjzG5erxqr-vz2dwetUgJH7WGj0sQ5ISvout0bqKgSX6pzgEg15H5By5TyZDODlzOWJ9qWLEbF-GoA.RLEqNvz8bEMjDD--QBSUgfuiXOCwZZgCIZyhnGZyUUk&dib_tag=se&m=A504JA83FLAZB&marketplaceID=A39IBJ37TRP1C6&qid=1777067935&refinements=p_36%3A8000-8500&s=merchant-items&sr=1-277&xpid=LG3GBrnM-Nffp#customerReviews,Original Kyosho 1/43 Skyline coupe racing No.28 (japan import)
B00305Z56G,,,,
B000U9MK3G,,83.33,https://www.amazon.com.au/DRAPAS-02088-Self-Sliding-Replacement-Compass/dp/B000U9MK3G/ref=sr_1_273?dib=eyJ2IjoiMSJ9.ptVhV8LwqJXVVH11eBpO4oefJKOaKTqIOGVJlTa5kSH9SDJYo_0CKGK_ZB4ENCvOafSGiWVnRtyLBcqA-dysEj7ZFDnptEE8CdsauHYVDahdZJ6mpcK01cRJiLxVOtAmUqS5P_WItZ9ieRTOCC3WpnFPae738CmHV9heX9Nyo0c.OQY3sJQ54EY_8mun4cLFxioWFToBPpY3ayH8HhnRAhQ&dib_tag=se&m=A504JA83FLAZB&marketplaceID=A39IBJ37TRP1C6&qid=1777067935&refinements=p_36%3A8000-8500&s=merchant-items&sr=1-273&xpid=LG3GBrnM-Nffp,DRAPAS 02088 Self-Sliding Replacement Compass Pencil (KRK)
B000U9MK3G,,,,
B00D2KZE4M,,82.03,https://www.amazon.com.au/Good-Smile-Magical-Lyrical-Nanoha/dp/B00D2KZE4M/ref=sr_1_274?dib=eyJ2IjoiMSJ9.ptVhV8LwqJXVVH11eBpO4oefJKOaKTqIOGVJlTa5kSH9SDJYo_0CKGK_ZB4ENCvOafSGiWVnRtyLBcqA-dysEj7ZFDnptEE8CdsauHYVDahdZJ6mpcK01cRJiLxVOtAmUqS5P_WItZ9ieRTOCC3WpnFPae738CmHV9heX9Nyo0c.OQY3sJQ54EY_8mun4cLFxioWFToBPpY3ayH8HhnRAhQ&dib_tag=se&m=A504JA83FLAZB&marketplaceID=A39IBJ37TRP1C6&qid=1777067935&refinements=p_36%3A8000-8500&s=merchant-items&sr=1-274&xpid=LG3GBrnM-Nffp#customerReviews,Good Smile Magical Girl Lyrical Nanoha The MOVIE 2nd A's: Hayate Yagami Nendoroid Action Figure Unison Edition
B01MSAZVQB,,81.53,https://www.amazon.com.au/Rotary-Midge-Hackle-Pliers/dp/B01MSAZVQB/ref=sr_1_275?dib=eyJ2IjoiMSJ9.ptVhV8LwqJXVVH11eBpO4oefJKOaKTqIOGVJlTa5kSH9SDJYo_0CKGK_ZB4ENCvOafSGiWVnRtyLBcqA-dysEj7ZFDnptEE8CdsauHYVDahdZJ6mpcK01cRJiLxVOtAmUqS5P_WItZ9ieRTOCC3WpnFPae738CmHV9heX9Nyo0c.OQY3sJQ54EY_8mun4cLFxioWFToBPpY3ayH8HhnRAhQ&dib_tag=se&m=A504JA83FLAZB&marketplaceID=A39IBJ37TRP1C6&qid=1777067935&refinements=p_36%3A8000-8500&s=merchant-items&sr=1-275&xpid=LG3GBrnM-Nffp,C & F Rotary Midge Hackle Pliers
B01MSAZVQB,,,,
B01D8CPQXC,,80.1,https://www.amazon.com.au/SHIMANO-Chain-CN-HG701-11-HG-X11-Quick/dp/B01D8CPQXC/ref=sr_1_276?dib=eyJ2IjoiMSJ9.ptVhV8LwqJXVVH11eBpO4oefJKOaKTqIOGVJlTa5kSH9SDJYo_0CKGK_ZB4ENCvOafSGiWVnRtyLBcqA-dysEj7ZFDnptEE8CdsauHYVDahdZJ6mpcK01cRJiLxVOtAmUqS5P_WItZ9ieRTOCC3WpnFPae738CmHV9heX9Nyo0c.OQY3sJQ54EY_8mun4cLFxioWFToBPpY3ayH8HhnRAhQ&dib_tag=se&m=A504JA83FLAZB&marketplaceID=A39IBJ37TRP1C6&qid=1777067935&refinements=p_36%3A8000-8500&s=merchant-items&sr=1-276&xpid=LG3GBrnM-Nffp#customerReviews,"Shimano CN-HG701-11 Narrow 11 Speed XT Integra 116 Chain, Grey"
B01D8CPQXC,,,,
B001OH0D4G,,84.21,https://www.amazon.com.au/KTC-ND1M2-5-Nepros-Screwdriver-Flat/dp/B001OH0D4G/ref=sr_1_277?dib=eyJ2IjoiMSJ9.ptVhV8LwqJXVVH11eBpO4oefJKOaKTqIOGVJlTa5kSH9SDJYo_0CKGK_ZB4ENCvOafSGiWVnRtyLBcqA-dysEj7ZFDnptEE8CdsauHYVDahdZJ6mpcK01cRJiLxVOtAmUqS5P_WItZ9ieRTOCC3WpnFPae738CmHV9heX9Nyo0c.OQY3sJQ54EY_8mun4cLFxioWFToBPpY3ayH8HhnRAhQ&dib_tag=se&m=A504JA83FLAZB&marketplaceID=A39IBJ37TRP1C6&qid=1777067935&refinements=p_36%3A8000-8500&s=merchant-items&sr=1-277&xpid=LG3GBrnM-Nffp#customerReviews,Nepros Screwdriver (Flat)
B001OH0D4G,,,,
B07TDS9Z7J,,84.27,https://www.amazon.com.au/Marvel-Captain-NENDOROID-DLX-VER/dp/B07TDS9Z7J/ref=sr_1_278?dib=eyJ2IjoiMSJ9.ptVhV8LwqJXVVH11eBpO4oefJKOaKTqIOGVJlTa5kSH9SDJYo_0CKGK_ZB4ENCvOafSGiWVnRtyLBcqA-dysEj7ZFDnptEE8CdsauHYVDahdZJ6mpcK01cRJiLxVOtAmUqS5P_WItZ9ieRTOCC3WpnFPae738CmHV9heX9Nyo0c.OQY3sJQ54EY_8mun4cLFxioWFToBPpY3ayH8HhnRAhQ&dib_tag=se&m=A504JA83FLAZB&marketplaceID=A39IBJ37TRP1C6&qid=1777067935&refinements=p_36%3A8000-8500&s=merchant-items&sr=1-278&xpid=LG3GBrnM-Nffp#customerReviews,Good Smile Company Good Smile Captain Marvel Hero's Edition Dx Version Nendoroid Figure
B06Y4K63LC,,83.85,https://www.amazon.com.au/Shimano-Unisexs-BRR2000F-Parts-Standard/dp/B06Y4K63LC/ref=sr_1_279?dib=eyJ2IjoiMSJ9.ptVhV8LwqJXVVH11eBpO4oefJKOaKTqIOGVJlTa5kSH9SDJYo_0CKGK_ZB4ENCvOafSGiWVnRtyLBcqA-dysEj7ZFDnptEE8CdsauHYVDahdZJ6mpcK01cRJiLxVOtAmUqS5P_WItZ9ieRTOCC3WpnFPae738CmHV9heX9Nyo0c.OQY3sJQ54EY_8mun4cLFxioWFToBPpY3ayH8HhnRAhQ&dib_tag=se&m=A504JA83FLAZB&marketplaceID=A39IBJ37TRP1C6&qid=1777067935&refinements=p_36%3A8000-8500&s=merchant-items&sr=1-279&xpid=LG3GBrnM-Nffp#customerReviews,"Shimano Unisex's BRR2000F Bike Parts, Standard, One"
B06Y4K63LC,,,,
B01D8CPDFS,,83.57,https://www.amazon.com.au/Shimano-rear-derailleur-RD-R3000-SS-ERDR3000SS/dp/B01D8CPDFS/ref=sr_1_280?dib=eyJ2IjoiMSJ9.ptVhV8LwqJXVVH11eBpO4oefJKOaKTqIOGVJlTa5kSH9SDJYo_0CKGK_ZB4ENCvOafSGiWVnRtyLBcqA-dysEj7ZFDnptEE8CdsauHYVDahdZJ6mpcK01cRJiLxVOtAmUqS5P_WItZ9ieRTOCC3WpnFPae738CmHV9heX9Nyo0c.OQY3sJQ54EY_8mun4cLFxioWFToBPpY3ayH8HhnRAhQ&dib_tag=se&m=A504JA83FLAZB&marketplaceID=A39IBJ37TRP1C6&qid=1777067935&refinements=p_36%3A8000-8500&s=merchant-items&sr=1-280&xpid=LG3GBrnM-Nffp#customerReviews,"Shimano Sora RD-R3000 Sora Rear Derailleur, 9-Speed - SS"
B01D8CPDFS,,,,
B0040F7Q2Q,,83.97,https://www.amazon.com.au/CAZ4M2575-by-Tajima/dp/B0040F7Q2Q/ref=sr_1_281?dib=eyJ2IjoiMSJ9.ptVhV8LwqJXVVH11eBpO4oefJKOaKTqIOGVJlTa5kSH9SDJYo_0CKGK_ZB4ENCvOafSGiWVnRtyLBcqA-dysEj7ZFDnptEE8CdsauHYVDahdZJ6mpcK01cRJiLxVOtAmUqS5P_WItZ9ieRTOCC3WpnFPae738CmHV9heX9Nyo0c.OQY3sJQ54EY_8mun4cLFxioWFToBPpY3ayH8HhnRAhQ&dib_tag=se&m=A504JA83FLAZB&marketplaceID=A39IBJ37TRP1C6&qid=1777067935&refinements=p_36%3A8000-8500&s=merchant-items&sr=1-281&xpid=LG3GBrnM-Nffp#customerReviews,CAZ4M2575 by Tajima
B0040F7Q2Q,,,,
B001EQE1TU,,84.58,https://www.amazon.com.au/SCP171LL-SCP-171LL/dp/B001EQE1TU/ref=sr_1_282?dib=eyJ2IjoiMSJ9.ptVhV8LwqJXVVH11eBpO4oefJKOaKTqIOGVJlTa5kSH9SDJYo_0CKGK_ZB4ENCvOafSGiWVnRtyLBcqA-dysEj7ZFDnptEE8CdsauHYVDahdZJ6mpcK01cRJiLxVOtAmUqS5P_WItZ9ieRTOCC3WpnFPae738CmHV9heX9Nyo0c.OQY3sJQ54EY_8mun4cLFxioWFToBPpY3ayH8HhnRAhQ&dib_tag=se&m=A504JA83FLAZB&marketplaceID=A39IBJ37TRP1C6&qid=1777067935&refinements=p_36%3A8000-8500&s=merchant-items&sr=1-282&xpid=LG3GBrnM-Nffp#customerReviews,KYOTO TOOL (KTC) SCP171LL Straight Long Snap Ring Pliers for Holes Φ1.2
B001EQE1TU,,,,
B0003KA46W,,84.5,https://www.amazon.com.au/KATO-5016-Kato-Suhafu-12/dp/B0003KA46W/ref=sr_1_283?dib=eyJ2IjoiMSJ9.ptVhV8LwqJXVVH11eBpO4oefJKOaKTqIOGVJlTa5kSH9SDJYo_0CKGK_ZB4ENCvOafSGiWVnRtyLBcqA-dysEj7ZFDnptEE8CdsauHYVDahdZJ6mpcK01cRJiLxVOtAmUqS5P_WItZ9ieRTOCC3WpnFPae738CmHV9heX9Nyo0c.OQY3sJQ54EY_8mun4cLFxioWFToBPpY3ayH8HhnRAhQ&dib_tag=se&m=A504JA83FLAZB&marketplaceID=A39IBJ37TRP1C6&qid=1777067935&refinements=p_36%3A8000-8500&s=merchant-items&sr=1-283&xpid=LG3GBrnM-Nffp#customerReviews,Kato 5016 Suhafu 12
B0828DZ66P,,82.31,https://www.amazon.com.au/Shimano-Unisex-Adults-Alfine-Bicycle/dp/B0828DZ66P/ref=sr_1_289?dib=eyJ2IjoiMSJ9.INBcHp6jBltHRrq5opqc5wsO_gJ8Fa8Slfx727NX-lbJqygS_gO4wZf_k2WMkQiB-63C3algwugB7SS2GsQgHg.0NMLpcQjNJY0ptZCSVzck2u0Ij-xFqhsdPqIQWM4d4I&dib_tag=se&m=A504JA83FLAZB&marketplaceID=A39IBJ37TRP1C6&qid=1777067940&refinements=p_36%3A8000-8500&s=merchant-items&sr=1-289&xpid=LG3GBrnM-Nffp#customerReviews,Shimano SLS503 Gearshift Lever Black 8-Way
B0828DZ66P,,,,
B0792MR7X5,,83.4,https://www.amazon.com.au/Shimano-Y1VU00043-FC-R9100-P-DC-cable/dp/B0792MR7X5/ref=sr_1_290?dib=eyJ2IjoiMSJ9.INBcHp6jBltHRrq5opqc5wsO_gJ8Fa8Slfx727NX-lbJqygS_gO4wZf_k2WMkQiB-63C3algwugB7SS2GsQgHg.0NMLpcQjNJY0ptZCSVzck2u0Ij-xFqhsdPqIQWM4d4I&dib_tag=se&m=A504JA83FLAZB&marketplaceID=A39IBJ37TRP1C6&qid=1777067940&refinements=p_36%3A8000-8500&s=merchant-items&sr=1-290&xpid=LG3GBrnM-Nffp#customerReviews,Shimano Spares FC-R9100-P Charging Cable
B0792MR7X5,,,,
B01N2G3ZCL,,81.04,https://www.amazon.com.au/Shimano-Spares-Unisexs-Y0BM98010-Parts/dp/B01N2G3ZCL/ref=sr_1_291?dib=eyJ2IjoiMSJ9.INBcHp6jBltHRrq5opqc5wsO_gJ8Fa8Slfx727NX-lbJqygS_gO4wZf_k2WMkQiB-63C3algwugB7SS2GsQgHg.0NMLpcQjNJY0ptZCSVzck2u0Ij-xFqhsdPqIQWM4d4I&dib_tag=se&m=A504JA83FLAZB&marketplaceID=A39IBJ37TRP1C6&qid=1777067940&refinements=p_36%3A8000-8500&s=merchant-items&sr=1-291&xpid=LG3GBrnM-Nffp#customerReviews,"Shimano Spares Unisex's Y0BM98010 Bike Parts, Other, One Size"
B01N2G3ZCL,,,,
B01MUCZ5IH,,82.94,https://www.amazon.com.au/Daiwa-Spinning-Reel-World-CF2000/dp/B01MUCZ5IH/ref=sr_1_292?dib=eyJ2IjoiMSJ9.INBcHp6jBltHRrq5opqc5wsO_gJ8Fa8Slfx727NX-lbJqygS_gO4wZf_k2WMkQiB-63C3algwugB7SS2GsQgHg.0NMLpcQjNJY0ptZCSVzck2u0Ij-xFqhsdPqIQWM4d4I&dib_tag=se&m=A504JA83FLAZB&marketplaceID=A39IBJ37TRP1C6&qid=1777067940&refinements=p_36%3A8000-8500&s=merchant-items&sr=1-292&xpid=LG3GBrnM-Nffp#customerReviews,Daiwa 17 World Spin CF Spinning Reel (2017 Model)
B01MUCZ5IH,,,,
B01MUBYQCH,,82.47,https://www.amazon.com.au/Daiwa-Spinning-Reel-World-Spin/dp/B01MUBYQCH/ref=sr_1_293?dib=eyJ2IjoiMSJ9.INBcHp6jBltHRrq5opqc5wsO_gJ8Fa8Slfx727NX-lbJqygS_gO4wZf_k2WMkQiB-63C3algwugB7SS2GsQgHg.0NMLpcQjNJY0ptZCSVzck2u0Ij-xFqhsdPqIQWM4d4I&dib_tag=se&m=A504JA83FLAZB&marketplaceID=A39IBJ37TRP1C6&qid=1777067940&refinements=p_36%3A8000-8500&s=merchant-items&sr=1-293&xpid=LG3GBrnM-Nffp#customerReviews,Daiwa Spinning Reel (with Thread) 17 World Spin (2017 Model)
B01MUBYQCH,,,,
B01L8H4KE0,,81.75,https://www.amazon.com.au/Miyazaki-Works-Miyacoffee-single-MCO-5/dp/B01L8H4KE0/ref=sr_1_289?dib=eyJ2IjoiMSJ9.VZTvAthJOMcc3g_gZ4TEMGl1PPoTTMPlAseS0RyUgzNT8ndooVAFWgCRZBzT5CzYQXAoywnWV30P3-M_mV8FqhPvTlPlPDO1T1ATKM0eh3a8D50tw_H2M8aDtFNJgksm5eB5I1arCiuhN5nK1l90OBQ3SeAaVIL1wwoXdOn-gRk.suuQus1DB58XUDvhKBK_vkx_7bTtgY_PxkmKNkCRUhs&dib_tag=se&m=A504JA83FLAZB&marketplaceID=A39IBJ37TRP1C6&qid=1777067940&refinements=p_36%3A8000-8500&s=merchant-items&sr=1-289&xpid=LG3GBrnM-Nffp,Miyazaki Works Miyacoffee single drip 0.4L White Beach MCO-5
B01L8H4KE0,,,,
B01ID3PPTQ,,84.34,https://www.amazon.com.au/Shimano-Dura-Ace-Bracket-BB-R9100-Italian/dp/B01ID3PPTQ/ref=sr_1_290?dib=eyJ2IjoiMSJ9.VZTvAthJOMcc3g_gZ4TEMGl1PPoTTMPlAseS0RyUgzNT8ndooVAFWgCRZBzT5CzYQXAoywnWV30P3-M_mV8FqhPvTlPlPDO1T1ATKM0eh3a8D50tw_H2M8aDtFNJgksm5eB5I1arCiuhN5nK1l90OBQ3SeAaVIL1wwoXdOn-gRk.suuQus1DB58XUDvhKBK_vkx_7bTtgY_PxkmKNkCRUhs&dib_tag=se&m=A504JA83FLAZB&marketplaceID=A39IBJ37TRP1C6&qid=1777067940&refinements=p_36%3A8000-8500&s=merchant-items&sr=1-290&xpid=LG3GBrnM-Nffp#customerReviews,Shimano（シマノ） DURA-ACE BB-R9100 ボトムブラケット
B01ID3PPTQ,,,,
B00WM7H4GM,,82.1,https://www.amazon.com.au/Attack-Titan-bocce-acrylic-Revival/dp/B00WM7H4GM/ref=sr_1_291?dib=eyJ2IjoiMSJ9.VZTvAthJOMcc3g_gZ4TEMGl1PPoTTMPlAseS0RyUgzNT8ndooVAFWgCRZBzT5CzYQXAoywnWV30P3-M_mV8FqhPvTlPlPDO1T1ATKM0eh3a8D50tw_H2M8aDtFNJgksm5eB5I1arCiuhN5nK1l90OBQ3SeAaVIL1wwoXdOn-gRk.suuQus1DB58XUDvhKBK_vkx_7bTtgY_PxkmKNkCRUhs&dib_tag=se&m=A504JA83FLAZB&marketplaceID=A39IBJ37TRP1C6&qid=1777067940&refinements=p_36%3A8000-8500&s=merchant-items&sr=1-291&xpid=LG3GBrnM-Nffp,Attack on Titan bocce kun acrylic Charm Revival
B00WM7H4GM,,,,
B00Q9U1MDY,,81.76,https://www.amazon.com.au/25-000-KATO-gauge-railroad-catalog/dp/B00Q9U1MDY/ref=sr_1_292?dib=eyJ2IjoiMSJ9.VZTvAthJOMcc3g_gZ4TEMGl1PPoTTMPlAseS0RyUgzNT8ndooVAFWgCRZBzT5CzYQXAoywnWV30P3-M_mV8FqhPvTlPlPDO1T1ATKM0eh3a8D50tw_H2M8aDtFNJgksm5eB5I1arCiuhN5nK1l90OBQ3SeAaVIL1wwoXdOn-gRk.suuQus1DB58XUDvhKBK_vkx_7bTtgY_PxkmKNkCRUhs&dib_tag=se&m=A504JA83FLAZB&marketplaceID=A39IBJ37TRP1C6&qid=1777067940&refinements=p_36%3A8000-8500&s=merchant-items&sr=1-292&xpid=LG3GBrnM-Nffp#customerReviews,25-000 KATO N gauge ? HO gauge model railroad catalog 2015
B00G8SYNYM,,82.45,https://www.amazon.com.au/Hajimari-No-Kane-Tico-Moon/dp/B00G8SYNYM/ref=sr_1_293?dib=eyJ2IjoiMSJ9.VZTvAthJOMcc3g_gZ4TEMGl1PPoTTMPlAseS0RyUgzNT8ndooVAFWgCRZBzT5CzYQXAoywnWV30P3-M_mV8FqhPvTlPlPDO1T1ATKM0eh3a8D50tw_H2M8aDtFNJgksm5eB5I1arCiuhN5nK1l90OBQ3SeAaVIL1wwoXdOn-gRk.suuQus1DB58XUDvhKBK_vkx_7bTtgY_PxkmKNkCRUhs&dib_tag=se&m=A504JA83FLAZB&marketplaceID=A39IBJ37TRP1C6&qid=1777067940&refinements=p_36%3A8000-8500&s=merchant-items&sr=1-293&xpid=LG3GBrnM-Nffp,Hajimari No Kane
B00B4TMJSM,,81.88,https://www.amazon.com.au/Hakko-Shape-K-Soldering-FM-2030-FM-2031/dp/B00B4TMJSM/ref=sr_1_294?dib=eyJ2IjoiMSJ9.VZTvAthJOMcc3g_gZ4TEMGl1PPoTTMPlAseS0RyUgzNT8ndooVAFWgCRZBzT5CzYQXAoywnWV30P3-M_mV8FqhPvTlPlPDO1T1ATKM0eh3a8D50tw_H2M8aDtFNJgksm5eB5I1arCiuhN5nK1l90OBQ3SeAaVIL1wwoXdOn-gRk.suuQus1DB58XUDvhKBK_vkx_7bTtgY_PxkmKNkCRUhs&dib_tag=se&m=A504JA83FLAZB&marketplaceID=A39IBJ37TRP1C6&qid=1777067940&refinements=p_36%3A8000-8500&s=merchant-items&sr=1-294&xpid=LG3GBrnM-Nffp,Hakko Shape-K Soldering Tip for FM-2030 and FM-2031
B00B4TMJSM,,,,
B0093IJGT6,,84.27,https://www.amazon.com.au/Good-Smile-Company-Nendoroid-AQUAPAZZA/dp/B0093IJGT6/ref=sr_1_295?dib=eyJ2IjoiMSJ9.VZTvAthJOMcc3g_gZ4TEMGl1PPoTTMPlAseS0RyUgzNT8ndooVAFWgCRZBzT5CzYQXAoywnWV30P3-M_mV8FqhPvTlPlPDO1T1ATKM0eh3a8D50tw_H2M8aDtFNJgksm5eB5I1arCiuhN5nK1l90OBQ3SeAaVIL1wwoXdOn-gRk.suuQus1DB58XUDvhKBK_vkx_7bTtgY_PxkmKNkCRUhs&dib_tag=se&m=A504JA83FLAZB&marketplaceID=A39IBJ37TRP1C6&qid=1777067940&refinements=p_36%3A8000-8500&s=merchant-items&sr=1-295&xpid=LG3GBrnM-Nffp#customerReviews,"Good Smile Company Nendoroid AQUAPAZZA ""Sasara Kusugawa Valkyrie Ver. & Petite Maryan"" (Japan Import)"
B004GVX5GU,,83.03,https://www.amazon.com.au/Radiant-Mythology-Tales-World/dp/B004GVX5GU/ref=sr_1_296?dib=eyJ2IjoiMSJ9.VZTvAthJOMcc3g_gZ4TEMGl1PPoTTMPlAseS0RyUgzNT8ndooVAFWgCRZBzT5CzYQXAoywnWV30P3-M_mV8FqhPvTlPlPDO1T1ATKM0eh3a8D50tw_H2M8aDtFNJgksm5eB5I1arCiuhN5nK1l90OBQ3SeAaVIL1wwoXdOn-gRk.suuQus1DB58XUDvhKBK_vkx_7bTtgY_PxkmKNkCRUhs&dib_tag=se&m=A504JA83FLAZB&marketplaceID=A39IBJ37TRP1C6&qid=1777067940&refinements=p_36%3A8000-8500&s=merchant-items&sr=1-296&xpid=LG3GBrnM-Nffp,Radiant Mythology
B003ZYUA12,,80.84,https://www.amazon.com.au/Kokuyo-loose-leaf-hole-plain-sheets/dp/B003ZYUA12/ref=sr_1_297?dib=eyJ2IjoiMSJ9.VZTvAthJOMcc3g_gZ4TEMGl1PPoTTMPlAseS0RyUgzNT8ndooVAFWgCRZBzT5CzYQXAoywnWV30P3-M_mV8FqhPvTlPlPDO1T1ATKM0eh3a8D50tw_H2M8aDtFNJgksm5eB5I1arCiuhN5nK1l90OBQ3SeAaVIL1wwoXdOn-gRk.suuQus1DB58XUDvhKBK_vkx_7bTtgY_PxkmKNkCRUhs&dib_tag=se&m=A504JA83FLAZB&marketplaceID=A39IBJ37TRP1C6&qid=1777067940&refinements=p_36%3A8000-8500&s=merchant-items&sr=1-297&xpid=LG3GBrnM-Nffp#customerReviews,Kokuyo S & T loose-leaf A4 30 hole plain 50 sheets X5
B003ZYUA12,,,,
B001EQHGJW,,83.85,https://www.amazon.com.au/BrandName-NMS2-14/dp/B001EQHGJW/ref=sr_1_298?dib=eyJ2IjoiMSJ9.VZTvAthJOMcc3g_gZ4TEMGl1PPoTTMPlAseS0RyUgzNT8ndooVAFWgCRZBzT5CzYQXAoywnWV30P3-M_mV8FqhPvTlPlPDO1T1ATKM0eh3a8D50tw_H2M8aDtFNJgksm5eB5I1arCiuhN5nK1l90OBQ3SeAaVIL1wwoXdOn-gRk.suuQus1DB58XUDvhKBK_vkx_7bTtgY_PxkmKNkCRUhs&dib_tag=se&m=A504JA83FLAZB&marketplaceID=A39IBJ37TRP1C6&qid=1777067940&refinements=p_36%3A8000-8500&s=merchant-items&sr=1-298&xpid=LG3GBrnM-Nffp#customerReviews,NMS2-14
B001EQHGJW,,,,
B0012R4M7M,,80.53,https://www.amazon.com.au/bracket-hanging-thickness-aluminum-material/dp/B0012R4M7M/ref=sr_1_299?dib=eyJ2IjoiMSJ9.VZTvAthJOMcc3g_gZ4TEMGl1PPoTTMPlAseS0RyUgzNT8ndooVAFWgCRZBzT5CzYQXAoywnWV30P3-M_mV8FqhPvTlPlPDO1T1ATKM0eh3a8D50tw_H2M8aDtFNJgksm5eB5I1arCiuhN5nK1l90OBQ3SeAaVIL1wwoXdOn-gRk.suuQus1DB58XUDvhKBK_vkx_7bTtgY_PxkmKNkCRUhs&dib_tag=se&m=A504JA83FLAZB&marketplaceID=A39IBJ37TRP1C6&qid=1777067940&refinements=p_36%3A8000-8500&s=merchant-items&sr=1-299&xpid=LG3GBrnM-Nffp#customerReviews,Frame of-221C light bracket hanging thickness 2mm string amount of B4 Kokuyo glass picture frame aluminum material (japan import)
B0012R4M7M,,,,
B00139MUUA,,80.44,https://www.amazon.com.au/Revoltech-Fraulein-Action-Figure-Pocco/dp/B00139MUUA/ref=sr_1_305?dib=eyJ2IjoiMSJ9.V4i25OyPurKH6UEEDNdt6MX7d3ekQ2l6qzGc0OjCeaI.UmyJWhooxtN_ZiAWTCvNoXef7hFcOqBWypJ5ZGHgBKM&dib_tag=se&m=A504JA83FLAZB&marketplaceID=A39IBJ37TRP1C6&qid=1777067946&refinements=p_36%3A8000-8500&s=merchant-items&sr=1-305&xpid=LG3GBrnM-Nffp#customerReviews,Revoltech Fraulein Action Figure 04 Pocco
B07NRWR16R,,81.52,https://www.amazon.com.au/TAMA-Add-Club-Jam-Mini-LJKT10F14-GXS/dp/B07NRWR16R/ref=sr_1_306?dib=eyJ2IjoiMSJ9.V4i25OyPurKH6UEEDNdt6MX7d3ekQ2l6qzGc0OjCeaI.UmyJWhooxtN_ZiAWTCvNoXef7hFcOqBWypJ5ZGHgBKM&dib_tag=se&m=A504JA83FLAZB&marketplaceID=A39IBJ37TRP1C6&qid=1777067946&refinements=p_36%3A8000-8500&s=merchant-items&sr=1-306&xpid=LG3GBrnM-Nffp#customerReviews,"TAMA Add-On Kit for Club-Jam Mini - 10"" x 7"" Tom, 14"" x 7"" Floor Tom, Single Mount - Galaxy Silver (LJKT10F14-GXS)"
B07NRWR16R,,,,
