ASIN,Brand,Price,URL,Title
B07GS3Q9K5,Audio CD,222.1,https://www.amazon.com.au/Imagine-Ultimate-Collectioited-JOHN-LENNON/dp/B07GS3Q9K5/ref=sr_1_1?dib=eyJ2IjoiMSJ9.m7qIGfNCCO6FzVDJAyLjum8yZBhJpwXoyMQ1lM2pMHMZ4odF4NXnLwg9qwxf6qDqeK0jDyZ99Hafewxnb7fUGUA6BdP3fxUiUptMG88KP40JoijKiGYha-h6UR1haFS1WLpFGob7x5WylwpSlbUxuOxHMwGxlVZM-oNxZBzpkkXENs7J5Pmjj68TPLtnjTlhjXk6FGQpdlqxZlSOyB-ZMuGspjZVWua-loM2yNBH-O8.Lka3rkRcO3HtGuq4zV1N5ZjzWnVnH-VvW5dyxn9voM0&dib_tag=se&m=A3SFQLVXY8GUH2&marketplaceID=A39IBJ37TRP1C6&qid=1774740907&refinements=p_36%3A19000-19500&s=merchant-items&sr=1-1#customerReviews,Imagine The Ultimate Collectioited)
B0DJQJTSSB,,191.9,https://www.amazon.com.au/Piece-Booster-Anime25th-Collection-EB-02/dp/B0DJQJTSSB/ref=sr_1_2?dib=eyJ2IjoiMSJ9.m7qIGfNCCO6FzVDJAyLjum8yZBhJpwXoyMQ1lM2pMHMZ4odF4NXnLwg9qwxf6qDqeK0jDyZ99Hafewxnb7fUGUA6BdP3fxUiUptMG88KP40JoijKiGYha-h6UR1haFS1WLpFGob7x5WylwpSlbUxuOxHMwGxlVZM-oNxZBzpkkXENs7J5Pmjj68TPLtnjTlhjXk6FGQpdlqxZlSOyB-ZMuGspjZVWua-loM2yNBH-O8.Lka3rkRcO3HtGuq4zV1N5ZjzWnVnH-VvW5dyxn9voM0&dib_tag=se&m=A3SFQLVXY8GUH2&marketplaceID=A39IBJ37TRP1C6&qid=1774740907&refinements=p_36%3A19000-19500&s=merchant-items&sr=1-2#customerReviews,"One Piece Card Game Extra Booster Anime25th Collection EB-02 (Box), Pack of 24"
B0D35T6XW2,,190.17,https://www.amazon.com.au/Abunai-Figurine-Figma-Toshiki-Takayama/dp/B0D35T6XW2/ref=sr_1_3?dib=eyJ2IjoiMSJ9.m7qIGfNCCO6FzVDJAyLjum8yZBhJpwXoyMQ1lM2pMHMZ4odF4NXnLwg9qwxf6qDqeK0jDyZ99Hafewxnb7fUGUA6BdP3fxUiUptMG88KP40JoijKiGYha-h6UR1haFS1WLpFGob7x5WylwpSlbUxuOxHMwGxlVZM-oNxZBzpkkXENs7J5Pmjj68TPLtnjTlhjXk6FGQpdlqxZlSOyB-ZMuGspjZVWua-loM2yNBH-O8.Lka3rkRcO3HtGuq4zV1N5ZjzWnVnH-VvW5dyxn9voM0&dib_tag=se&m=A3SFQLVXY8GUH2&marketplaceID=A39IBJ37TRP1C6&qid=1774740907&refinements=p_36%3A19000-19500&s=merchant-items&sr=1-3#customerReviews,Abunai Deka Figurine Figma Toshiki Takayama: Another Color Ver. 16 cm
B0B3CMGKSM,,194.55,https://www.amazon.com.au/Mizuno-Volleyball-Activities-Indoor-Lightweight/dp/B0B3CMGKSM/ref=sr_1_4?dib=eyJ2IjoiMSJ9.m7qIGfNCCO6FzVDJAyLjum8yZBhJpwXoyMQ1lM2pMHMZ4odF4NXnLwg9qwxf6qDqeK0jDyZ99Hafewxnb7fUGUA6BdP3fxUiUptMG88KP40JoijKiGYha-h6UR1haFS1WLpFGob7x5WylwpSlbUxuOxHMwGxlVZM-oNxZBzpkkXENs7J5Pmjj68TPLtnjTlhjXk6FGQpdlqxZlSOyB-ZMuGspjZVWua-loM2yNBH-O8.Lka3rkRcO3HtGuq4zV1N5ZjzWnVnH-VvW5dyxn9voM0&dib_tag=se&m=A3SFQLVXY8GUH2&marketplaceID=A39IBJ37TRP1C6&qid=1774740907&refinements=p_36%3A19000-19500&s=merchant-items&sr=1-4#customerReviews,"Mizuno Fly Volleyball Shoes, Club Activities, Indoor, Wide, Lightweight, Indoor"
B09MSPVKMZ,PlayStation 4,194.83,https://www.amazon.com.au/El-Dia-EVE-ghost-enemies/dp/B09MSPVKMZ/ref=sr_1_5?dib=eyJ2IjoiMSJ9.m7qIGfNCCO6FzVDJAyLjum8yZBhJpwXoyMQ1lM2pMHMZ4odF4NXnLwg9qwxf6qDqeK0jDyZ99Hafewxnb7fUGUA6BdP3fxUiUptMG88KP40JoijKiGYha-h6UR1haFS1WLpFGob7x5WylwpSlbUxuOxHMwGxlVZM-oNxZBzpkkXENs7J5Pmjj68TPLtnjTlhjXk6FGQpdlqxZlSOyB-ZMuGspjZVWua-loM2yNBH-O8.Lka3rkRcO3HtGuq4zV1N5ZjzWnVnH-VvW5dyxn9voM0&dib_tag=se&m=A3SFQLVXY8GUH2&marketplaceID=A39IBJ37TRP1C6&qid=1774740907&refinements=p_36%3A19000-19500&s=merchant-items&sr=1-5#customerReviews,EVE ghost enemies - PS4
B09MSPVKMZ,,,,
B0B2P5R5XL,,190.75,https://www.amazon.com.au/Snail-Shell-Tapigal-Milk-Figure/dp/B0B2P5R5XL/ref=sr_1_6?dib=eyJ2IjoiMSJ9.m7qIGfNCCO6FzVDJAyLjum8yZBhJpwXoyMQ1lM2pMHMZ4odF4NXnLwg9qwxf6qDqeK0jDyZ99Hafewxnb7fUGUA6BdP3fxUiUptMG88KP40JoijKiGYha-h6UR1haFS1WLpFGob7x5WylwpSlbUxuOxHMwGxlVZM-oNxZBzpkkXENs7J5Pmjj68TPLtnjTlhjXk6FGQpdlqxZlSOyB-ZMuGspjZVWua-loM2yNBH-O8.Lka3rkRcO3HtGuq4zV1N5ZjzWnVnH-VvW5dyxn9voM0&dib_tag=se&m=A3SFQLVXY8GUH2&marketplaceID=A39IBJ37TRP1C6&qid=1774740907&refinements=p_36%3A19000-19500&s=merchant-items&sr=1-6,Snail Shell - Tapigal Milk T 1/12 PVC Figure (A)
B005APXUG6,Xbox 360,190.62,https://www.amazon.com.au/Muv-Luv-Twin-Pack-Japan-Import/dp/B005APXUG6/ref=sr_1_7?dib=eyJ2IjoiMSJ9.m7qIGfNCCO6FzVDJAyLjum8yZBhJpwXoyMQ1lM2pMHMZ4odF4NXnLwg9qwxf6qDqeK0jDyZ99Hafewxnb7fUGUA6BdP3fxUiUptMG88KP40JoijKiGYha-h6UR1haFS1WLpFGob7x5WylwpSlbUxuOxHMwGxlVZM-oNxZBzpkkXENs7J5Pmjj68TPLtnjTlhjXk6FGQpdlqxZlSOyB-ZMuGspjZVWua-loM2yNBH-O8.Lka3rkRcO3HtGuq4zV1N5ZjzWnVnH-VvW5dyxn9voM0&dib_tag=se&m=A3SFQLVXY8GUH2&marketplaceID=A39IBJ37TRP1C6&qid=1774740907&refinements=p_36%3A19000-19500&s=merchant-items&sr=1-7#customerReviews,Muv-Luv [Twin Pack] [Japan Import]
B005APXUG6,,,,
B0BBVN3N2T,,194.16,https://www.amazon.com.au/AddOn-TRVDKC4-Docking-Station/dp/B0BBVN3N2T/ref=sr_1_8?dib=eyJ2IjoiMSJ9.m7qIGfNCCO6FzVDJAyLjum8yZBhJpwXoyMQ1lM2pMHMZ4odF4NXnLwg9qwxf6qDqeK0jDyZ99Hafewxnb7fUGUA6BdP3fxUiUptMG88KP40JoijKiGYha-h6UR1haFS1WLpFGob7x5WylwpSlbUxuOxHMwGxlVZM-oNxZBzpkkXENs7J5Pmjj68TPLtnjTlhjXk6FGQpdlqxZlSOyB-ZMuGspjZVWua-loM2yNBH-O8.Lka3rkRcO3HtGuq4zV1N5ZjzWnVnH-VvW5dyxn9voM0&dib_tag=se&m=A3SFQLVXY8GUH2&marketplaceID=A39IBJ37TRP1C6&qid=1774740907&refinements=p_36%3A19000-19500&s=merchant-items&sr=1-8,AddOn Docking Station
B0BBVN3N2T,,,,
B0B4ZBPN16,,193.87,https://www.amazon.com.au/Mizuno-Mirage-Handball-Shoes-Black/dp/B0B4ZBPN16/ref=sr_1_9?dib=eyJ2IjoiMSJ9.m7qIGfNCCO6FzVDJAyLjum8yZBhJpwXoyMQ1lM2pMHMZ4odF4NXnLwg9qwxf6qDqeK0jDyZ99Hafewxnb7fUGUA6BdP3fxUiUptMG88KP40JoijKiGYha-h6UR1haFS1WLpFGob7x5WylwpSlbUxuOxHMwGxlVZM-oNxZBzpkkXENs7J5Pmjj68TPLtnjTlhjXk6FGQpdlqxZlSOyB-ZMuGspjZVWua-loM2yNBH-O8.Lka3rkRcO3HtGuq4zV1N5ZjzWnVnH-VvW5dyxn9voM0&dib_tag=se&m=A3SFQLVXY8GUH2&marketplaceID=A39IBJ37TRP1C6&qid=1774740907&refinements=p_36%3A19000-19500&s=merchant-items&sr=1-9#customerReviews,Mizuno Wave Mirage 4 Handball Shoes
B0B4ZBPN16,,,,
B0002FQ8RC,Sony PSP,194.94,https://www.amazon.com.au/14126981-Gran-Turismo-Japan-Import/dp/B0002FQ8RC/ref=sr_1_10?dib=eyJ2IjoiMSJ9.m7qIGfNCCO6FzVDJAyLjum8yZBhJpwXoyMQ1lM2pMHMZ4odF4NXnLwg9qwxf6qDqeK0jDyZ99Hafewxnb7fUGUA6BdP3fxUiUptMG88KP40JoijKiGYha-h6UR1haFS1WLpFGob7x5WylwpSlbUxuOxHMwGxlVZM-oNxZBzpkkXENs7J5Pmjj68TPLtnjTlhjXk6FGQpdlqxZlSOyB-ZMuGspjZVWua-loM2yNBH-O8.Lka3rkRcO3HtGuq4zV1N5ZjzWnVnH-VvW5dyxn9voM0&dib_tag=se&m=A3SFQLVXY8GUH2&marketplaceID=A39IBJ37TRP1C6&qid=1774740907&refinements=p_36%3A19000-19500&s=merchant-items&sr=1-10#customerReviews,Gran Turismo (Japan Import)
B0002FQ8RC,,,,
B081VTLCXZ,,195.95,https://www.amazon.com.au/Bandai-XXXG-01H-Gundam-Heavy-Arms/dp/B081VTLCXZ/ref=sr_1_11?dib=eyJ2IjoiMSJ9.m7qIGfNCCO6FzVDJAyLjum8yZBhJpwXoyMQ1lM2pMHMZ4odF4NXnLwg9qwxf6qDqeK0jDyZ99Hafewxnb7fUGUA6BdP3fxUiUptMG88KP40JoijKiGYha-h6UR1haFS1WLpFGob7x5WylwpSlbUxuOxHMwGxlVZM-oNxZBzpkkXENs7J5Pmjj68TPLtnjTlhjXk6FGQpdlqxZlSOyB-ZMuGspjZVWua-loM2yNBH-O8.Lka3rkRcO3HtGuq4zV1N5ZjzWnVnH-VvW5dyxn9voM0&dib_tag=se&m=A3SFQLVXY8GUH2&marketplaceID=A39IBJ37TRP1C6&qid=1774740907&refinements=p_36%3A19000-19500&s=merchant-items&sr=1-11#customerReviews,Bandai 1/100 MG XXXG-01H Gundam Heavy Arms EW Egel Unit
B081VTLCXZ,,,,
B000069U4P,PlayStation,194.27,https://www.amazon.com.au/Bomberman-Hudson-Best-Japan/dp/B000069U4P/ref=sr_1_12?dib=eyJ2IjoiMSJ9.m7qIGfNCCO6FzVDJAyLjum8yZBhJpwXoyMQ1lM2pMHMZ4odF4NXnLwg9qwxf6qDqeK0jDyZ99Hafewxnb7fUGUA6BdP3fxUiUptMG88KP40JoijKiGYha-h6UR1haFS1WLpFGob7x5WylwpSlbUxuOxHMwGxlVZM-oNxZBzpkkXENs7J5Pmjj68TPLtnjTlhjXk6FGQpdlqxZlSOyB-ZMuGspjZVWua-loM2yNBH-O8.Lka3rkRcO3HtGuq4zV1N5ZjzWnVnH-VvW5dyxn9voM0&dib_tag=se&m=A3SFQLVXY8GUH2&marketplaceID=A39IBJ37TRP1C6&qid=1774740907&refinements=p_36%3A19000-19500&s=merchant-items&sr=1-12#customerReviews,Bomberman (Hudson the Best) [Japan Import]
B000069U4P,,,,
B082BHVKDN,,191.28,https://www.amazon.com.au/Plantronics-EncorePro-USB-Headset-214568-01/dp/B082BHVKDN/ref=sr_1_13?dib=eyJ2IjoiMSJ9.m7qIGfNCCO6FzVDJAyLjum8yZBhJpwXoyMQ1lM2pMHMZ4odF4NXnLwg9qwxf6qDqeK0jDyZ99Hafewxnb7fUGUA6BdP3fxUiUptMG88KP40JoijKiGYha-h6UR1haFS1WLpFGob7x5WylwpSlbUxuOxHMwGxlVZM-oNxZBzpkkXENs7J5Pmjj68TPLtnjTlhjXk6FGQpdlqxZlSOyB-ZMuGspjZVWua-loM2yNBH-O8.Lka3rkRcO3HtGuq4zV1N5ZjzWnVnH-VvW5dyxn9voM0&dib_tag=se&m=A3SFQLVXY8GUH2&marketplaceID=A39IBJ37TRP1C6&qid=1774740907&refinements=p_36%3A19000-19500&s=merchant-items&sr=1-13#customerReviews,"Plantronics 214568-01 EncorePro 310 Monaural Mono Headset with USB-A Connection, Black, One Size"
B082BHVKDN,,,,
B0D6PSDF9C,,192.13,https://www.amazon.com.au/Skechers-Summits-Daily-Womens-Trainers/dp/B0D6PSDF9C/ref=sr_1_14?dib=eyJ2IjoiMSJ9.m7qIGfNCCO6FzVDJAyLjum8yZBhJpwXoyMQ1lM2pMHMZ4odF4NXnLwg9qwxf6qDqeK0jDyZ99Hafewxnb7fUGUA6BdP3fxUiUptMG88KP40JoijKiGYha-h6UR1haFS1WLpFGob7x5WylwpSlbUxuOxHMwGxlVZM-oNxZBzpkkXENs7J5Pmjj68TPLtnjTlhjXk6FGQpdlqxZlSOyB-ZMuGspjZVWua-loM2yNBH-O8.Lka3rkRcO3HtGuq4zV1N5ZjzWnVnH-VvW5dyxn9voM0&dib_tag=se&m=A3SFQLVXY8GUH2&marketplaceID=A39IBJ37TRP1C6&qid=1774740907&refinements=p_36%3A19000-19500&s=merchant-items&sr=1-14#customerReviews,Skechers
B000E9NHUM,Sony PSP,193.75,https://www.amazon.com.au/Boxers-Road-2-Real-Japan/dp/B000E9NHUM/ref=sr_1_15?dib=eyJ2IjoiMSJ9.m7qIGfNCCO6FzVDJAyLjum8yZBhJpwXoyMQ1lM2pMHMZ4odF4NXnLwg9qwxf6qDqeK0jDyZ99Hafewxnb7fUGUA6BdP3fxUiUptMG88KP40JoijKiGYha-h6UR1haFS1WLpFGob7x5WylwpSlbUxuOxHMwGxlVZM-oNxZBzpkkXENs7J5Pmjj68TPLtnjTlhjXk6FGQpdlqxZlSOyB-ZMuGspjZVWua-loM2yNBH-O8.Lka3rkRcO3HtGuq4zV1N5ZjzWnVnH-VvW5dyxn9voM0&dib_tag=se&m=A3SFQLVXY8GUH2&marketplaceID=A39IBJ37TRP1C6&qid=1774740907&refinements=p_36%3A19000-19500&s=merchant-items&sr=1-15#customerReviews,Boxer's Road 2: The Real [Japan Import]
B000E9NHUM,,,,
B07VFSM2GG,,194.26,https://www.amazon.com.au/VESSEL-HRW2004M-SW-Swivel-Socket-Non-slip/dp/B07VFSM2GG/ref=sr_1_16?dib=eyJ2IjoiMSJ9.m7qIGfNCCO6FzVDJAyLjum8yZBhJpwXoyMQ1lM2pMHMZ4odF4NXnLwg9qwxf6qDqeK0jDyZ99Hafewxnb7fUGUA6BdP3fxUiUptMG88KP40JoijKiGYha-h6UR1haFS1WLpFGob7x5WylwpSlbUxuOxHMwGxlVZM-oNxZBzpkkXENs7J5Pmjj68TPLtnjTlhjXk6FGQpdlqxZlSOyB-ZMuGspjZVWua-loM2yNBH-O8.Lka3rkRcO3HtGuq4zV1N5ZjzWnVnH-VvW5dyxn9voM0&dib_tag=se&m=A3SFQLVXY8GUH2&marketplaceID=A39IBJ37TRP1C6&qid=1774740907&refinements=p_36%3A19000-19500&s=merchant-items&sr=1-16#customerReviews,"VESSEL HRW2004M-SW Woody Swivel Socket Wrench Set, Non-slip Grip, 1/4 inch (6.35 mm) Drive Angle 21 pcs"
B07VFSM2GG,,,,
B09NTHQKZQ,Audio CD,192.48,https://www.amazon.com.au/DISCOVER-JAPAN-DX-%E5%88%9D%E5%9B%9E%E7%94%9F%E7%94%A3%E9%99%90%E5%AE%9A%E7%9B%A4-%E9%88%B4%E6%9C%A8%E9%9B%85%E4%B9%8B/dp/B09NTHQKZQ/ref=sr_1_17?dib=eyJ2IjoiMSJ9.j85r9LvU_bE4Q_pYnKia_aluP07UU63YgnurMI4CpHkpZPxF2gl-4SotZ7BhrKZQPL3EU7PazuNzEEnbT6VIBuKOxgCY7raYsR5ZpDDYNT5Cr9jF_w6FxOjcJZy9kWfgXf19Kp5Gcng3rs73fmUKVp2ntPqU1UF40sauPh86sMM0CsU7Byr-v6lyfCEtAAuyV0N1BYZtYpL7lnPDCzCFlphlP8BAZ6rPp7C8UEPuPf0.YnTt6SkRGnQfYoPrHjUK6UdOdbciU4itD63tOcHXOJM&dib_tag=se&m=A3SFQLVXY8GUH2&marketplaceID=A39IBJ37TRP1C6&qid=1774740914&refinements=p_36%3A19000-19500&s=merchant-items&sr=1-17&xpid=5fOAsJW61rbAJ#customerReviews,DISCOVER JAPAN DX (初回生産限定盤)
B018QO0KBU,,192.7,https://www.amazon.com.au/TOMIX-gauge-5517-power-N-DU101-CL/dp/B018QO0KBU/ref=sr_1_18?dib=eyJ2IjoiMSJ9.j85r9LvU_bE4Q_pYnKia_aluP07UU63YgnurMI4CpHkpZPxF2gl-4SotZ7BhrKZQPL3EU7PazuNzEEnbT6VIBuKOxgCY7raYsR5ZpDDYNT5Cr9jF_w6FxOjcJZy9kWfgXf19Kp5Gcng3rs73fmUKVp2ntPqU1UF40sauPh86sMM0CsU7Byr-v6lyfCEtAAuyV0N1BYZtYpL7lnPDCzCFlphlP8BAZ6rPp7C8UEPuPf0.YnTt6SkRGnQfYoPrHjUK6UdOdbciU4itD63tOcHXOJM&dib_tag=se&m=A3SFQLVXY8GUH2&marketplaceID=A39IBJ37TRP1C6&qid=1774740914&refinements=p_36%3A19000-19500&s=merchant-items&sr=1-18&xpid=5fOAsJW61rbAJ,TOMIX N gauge 5517 TCS power unit N-DU101-CL
B0B7HR7QT9,,190.12,https://www.amazon.com.au/Casiroyal-Generation-G-Shock-Replacement-GA-2100/dp/B0B7HR7QT9/ref=sr_1_19?dib=eyJ2IjoiMSJ9.j85r9LvU_bE4Q_pYnKia_aluP07UU63YgnurMI4CpHkpZPxF2gl-4SotZ7BhrKZQPL3EU7PazuNzEEnbT6VIBuKOxgCY7raYsR5ZpDDYNT5Cr9jF_w6FxOjcJZy9kWfgXf19Kp5Gcng3rs73fmUKVp2ntPqU1UF40sauPh86sMM0CsU7Byr-v6lyfCEtAAuyV0N1BYZtYpL7lnPDCzCFlphlP8BAZ6rPp7C8UEPuPf0.YnTt6SkRGnQfYoPrHjUK6UdOdbciU4itD63tOcHXOJM&dib_tag=se&m=A3SFQLVXY8GUH2&marketplaceID=A39IBJ37TRP1C6&qid=1774740914&refinements=p_36%3A19000-19500&s=merchant-items&sr=1-19&xpid=5fOAsJW61rbAJ#customerReviews,"[Casiroyal] ga2100 Custom Parts for 3rd / 4th Generation Casio G-Shock Metal Watch Replacement Custom, Casiok Metal Band Bezel Cover for gshock GA-2100 2110"
B0B7HR7QT9,,,,
B07H5VTQX7,Audio CD,199.19,https://www.amazon.com.au/BEETHOVEN-9-SYMPHONIES-KARL-BOHM/dp/B07H5VTQX7/ref=sr_1_20?dib=eyJ2IjoiMSJ9.j85r9LvU_bE4Q_pYnKia_aluP07UU63YgnurMI4CpHkpZPxF2gl-4SotZ7BhrKZQPL3EU7PazuNzEEnbT6VIBuKOxgCY7raYsR5ZpDDYNT5Cr9jF_w6FxOjcJZy9kWfgXf19Kp5Gcng3rs73fmUKVp2ntPqU1UF40sauPh86sMM0CsU7Byr-v6lyfCEtAAuyV0N1BYZtYpL7lnPDCzCFlphlP8BAZ6rPp7C8UEPuPf0.YnTt6SkRGnQfYoPrHjUK6UdOdbciU4itD63tOcHXOJM&dib_tag=se&m=A3SFQLVXY8GUH2&marketplaceID=A39IBJ37TRP1C6&qid=1774740914&refinements=p_36%3A19000-19500&s=merchant-items&sr=1-20&xpid=5fOAsJW61rbAJ#customerReviews,Beethoven: 9 Symphonies
B0007KS7D0,,192.25,https://www.amazon.com.au/Raynox-DCR-150-Snap-On-Macro-Lens/dp/B0007KS7D0/ref=sr_1_21?dib=eyJ2IjoiMSJ9.j85r9LvU_bE4Q_pYnKia_aluP07UU63YgnurMI4CpHkpZPxF2gl-4SotZ7BhrKZQPL3EU7PazuNzEEnbT6VIBuKOxgCY7raYsR5ZpDDYNT5Cr9jF_w6FxOjcJZy9kWfgXf19Kp5Gcng3rs73fmUKVp2ntPqU1UF40sauPh86sMM0CsU7Byr-v6lyfCEtAAuyV0N1BYZtYpL7lnPDCzCFlphlP8BAZ6rPp7C8UEPuPf0.YnTt6SkRGnQfYoPrHjUK6UdOdbciU4itD63tOcHXOJM&dib_tag=se&m=A3SFQLVXY8GUH2&marketplaceID=A39IBJ37TRP1C6&qid=1774740914&refinements=p_36%3A19000-19500&s=merchant-items&sr=1-21&xpid=5fOAsJW61rbAJ#customerReviews,Raynox DCR-150 Macro Attachment
B0007KS7D0,,,,
B0713SSLSJ,Audio CD,194.99,https://www.amazon.com.au/Terry-Melcher/dp/B0713SSLSJ/ref=sr_1_22?dib=eyJ2IjoiMSJ9.j85r9LvU_bE4Q_pYnKia_aluP07UU63YgnurMI4CpHkpZPxF2gl-4SotZ7BhrKZQPL3EU7PazuNzEEnbT6VIBuKOxgCY7raYsR5ZpDDYNT5Cr9jF_w6FxOjcJZy9kWfgXf19Kp5Gcng3rs73fmUKVp2ntPqU1UF40sauPh86sMM0CsU7Byr-v6lyfCEtAAuyV0N1BYZtYpL7lnPDCzCFlphlP8BAZ6rPp7C8UEPuPf0.YnTt6SkRGnQfYoPrHjUK6UdOdbciU4itD63tOcHXOJM&dib_tag=se&m=A3SFQLVXY8GUH2&marketplaceID=A39IBJ37TRP1C6&qid=1774740914&refinements=p_36%3A19000-19500&s=merchant-items&sr=1-22&xpid=5fOAsJW61rbAJ#customerReviews,Terry Melcher
B005OYEV3O,,194.16,https://www.amazon.com.au/Dynatron-Cooler-LGA1156-1155-Aluminum-Heatsink/dp/B005OYEV3O/ref=sr_1_23?dib=eyJ2IjoiMSJ9.j85r9LvU_bE4Q_pYnKia_aluP07UU63YgnurMI4CpHkpZPxF2gl-4SotZ7BhrKZQPL3EU7PazuNzEEnbT6VIBuKOxgCY7raYsR5ZpDDYNT5Cr9jF_w6FxOjcJZy9kWfgXf19Kp5Gcng3rs73fmUKVp2ntPqU1UF40sauPh86sMM0CsU7Byr-v6lyfCEtAAuyV0N1BYZtYpL7lnPDCzCFlphlP8BAZ6rPp7C8UEPuPf0.YnTt6SkRGnQfYoPrHjUK6UdOdbciU4itD63tOcHXOJM&dib_tag=se&m=A3SFQLVXY8GUH2&marketplaceID=A39IBJ37TRP1C6&qid=1774740914&refinements=p_36%3A19000-19500&s=merchant-items&sr=1-23&xpid=5fOAsJW61rbAJ,Dynatron K666 60mm 2 Ball CPU Cooler for Intel LGA Socket 1151/1150/1155/1156
B005OYEV3O,,,,
B0B3C1ZZNV,,194.8,https://www.amazon.com.au/WHISPER-Sandals-Whisper-TIMBERWOLF-TARRAGON/dp/B0B3C1ZZNV/ref=sr_1_24?dib=eyJ2IjoiMSJ9.j85r9LvU_bE4Q_pYnKia_aluP07UU63YgnurMI4CpHkpZPxF2gl-4SotZ7BhrKZQPL3EU7PazuNzEEnbT6VIBuKOxgCY7raYsR5ZpDDYNT5Cr9jF_w6FxOjcJZy9kWfgXf19Kp5Gcng3rs73fmUKVp2ntPqU1UF40sauPh86sMM0CsU7Byr-v6lyfCEtAAuyV0N1BYZtYpL7lnPDCzCFlphlP8BAZ6rPp7C8UEPuPf0.YnTt6SkRGnQfYoPrHjUK6UdOdbciU4itD63tOcHXOJM&dib_tag=se&m=A3SFQLVXY8GUH2&marketplaceID=A39IBJ37TRP1C6&qid=1774740914&refinements=p_36%3A19000-19500&s=merchant-items&sr=1-24&xpid=5fOAsJW61rbAJ#customerReviews,"Keen WHISPER Women's Sandals, Whisper, TIMBERWOLF/TARRAGON, 23.0 cm"
B0B3C1ZZNV,,,,
B00JV9UWNG,Audio CD,190.43,https://www.amazon.com.au/Tsumori-Tokisei-kill-crow-universe/dp/B00JV9UWNG/ref=sr_1_25?dib=eyJ2IjoiMSJ9.j85r9LvU_bE4Q_pYnKia_aluP07UU63YgnurMI4CpHkpZPxF2gl-4SotZ7BhrKZQPL3EU7PazuNzEEnbT6VIBuKOxgCY7raYsR5ZpDDYNT5Cr9jF_w6FxOjcJZy9kWfgXf19Kp5Gcng3rs73fmUKVp2ntPqU1UF40sauPh86sMM0CsU7Byr-v6lyfCEtAAuyV0N1BYZtYpL7lnPDCzCFlphlP8BAZ6rPp7C8UEPuPf0.YnTt6SkRGnQfYoPrHjUK6UdOdbciU4itD63tOcHXOJM&dib_tag=se&m=A3SFQLVXY8GUH2&marketplaceID=A39IBJ37TRP1C6&qid=1774740914&refinements=p_36%3A19000-19500&s=merchant-items&sr=1-25&xpid=5fOAsJW61rbAJ#customerReviews,"Tsumori Tokisei ""kill a crow of the universe - 11"" Drama CD"
B091DRQJ7S,,190.75,https://www.amazon.com.au/Tamashi-Nations-Godzilla-Biollante-S-H-MonsterArts/dp/B091DRQJ7S/ref=sr_1_26?dib=eyJ2IjoiMSJ9.j85r9LvU_bE4Q_pYnKia_aluP07UU63YgnurMI4CpHkpZPxF2gl-4SotZ7BhrKZQPL3EU7PazuNzEEnbT6VIBuKOxgCY7raYsR5ZpDDYNT5Cr9jF_w6FxOjcJZy9kWfgXf19Kp5Gcng3rs73fmUKVp2ntPqU1UF40sauPh86sMM0CsU7Byr-v6lyfCEtAAuyV0N1BYZtYpL7lnPDCzCFlphlP8BAZ6rPp7C8UEPuPf0.YnTt6SkRGnQfYoPrHjUK6UdOdbciU4itD63tOcHXOJM&dib_tag=se&m=A3SFQLVXY8GUH2&marketplaceID=A39IBJ37TRP1C6&qid=1774740914&refinements=p_36%3A19000-19500&s=merchant-items&sr=1-26&xpid=5fOAsJW61rbAJ#customerReviews,"Tamashi Nations - Godzilla vs. Biollante - Godzilla (1989), Bandai Spirits S.H.MonsterArts"
B00EC85GHI,Audio CD,191.06,https://www.amazon.com.au/Standard-Scandal/dp/B00EC85GHI/ref=sr_1_27?dib=eyJ2IjoiMSJ9.j85r9LvU_bE4Q_pYnKia_aluP07UU63YgnurMI4CpHkpZPxF2gl-4SotZ7BhrKZQPL3EU7PazuNzEEnbT6VIBuKOxgCY7raYsR5ZpDDYNT5Cr9jF_w6FxOjcJZy9kWfgXf19Kp5Gcng3rs73fmUKVp2ntPqU1UF40sauPh86sMM0CsU7Byr-v6lyfCEtAAuyV0N1BYZtYpL7lnPDCzCFlphlP8BAZ6rPp7C8UEPuPf0.YnTt6SkRGnQfYoPrHjUK6UdOdbciU4itD63tOcHXOJM&dib_tag=se&m=A3SFQLVXY8GUH2&marketplaceID=A39IBJ37TRP1C6&qid=1774740914&refinements=p_36%3A19000-19500&s=merchant-items&sr=1-27&xpid=5fOAsJW61rbAJ#customerReviews,Standard
B00HM5HCF2,,193.79,https://www.amazon.com.au/Trusco-TA7C160/dp/B00HM5HCF2/ref=sr_1_28?dib=eyJ2IjoiMSJ9.j85r9LvU_bE4Q_pYnKia_aluP07UU63YgnurMI4CpHkpZPxF2gl-4SotZ7BhrKZQPL3EU7PazuNzEEnbT6VIBuKOxgCY7raYsR5ZpDDYNT5Cr9jF_w6FxOjcJZy9kWfgXf19Kp5Gcng3rs73fmUKVp2ntPqU1UF40sauPh86sMM0CsU7Byr-v6lyfCEtAAuyV0N1BYZtYpL7lnPDCzCFlphlP8BAZ6rPp7C8UEPuPf0.YnTt6SkRGnQfYoPrHjUK6UdOdbciU4itD63tOcHXOJM&dib_tag=se&m=A3SFQLVXY8GUH2&marketplaceID=A39IBJ37TRP1C6&qid=1774740914&refinements=p_36%3A19000-19500&s=merchant-items&sr=1-28&xpid=5fOAsJW61rbAJ,TA7C160
B00HM5HCF2,,,,
B097K1YPQP,,193.64,https://www.amazon.com.au/KEEN-Womens-Uneek-Sandal-Timberwolf/dp/B097K1YPQP/ref=sr_1_29?dib=eyJ2IjoiMSJ9.j85r9LvU_bE4Q_pYnKia_aluP07UU63YgnurMI4CpHkpZPxF2gl-4SotZ7BhrKZQPL3EU7PazuNzEEnbT6VIBuKOxgCY7raYsR5ZpDDYNT5Cr9jF_w6FxOjcJZy9kWfgXf19Kp5Gcng3rs73fmUKVp2ntPqU1UF40sauPh86sMM0CsU7Byr-v6lyfCEtAAuyV0N1BYZtYpL7lnPDCzCFlphlP8BAZ6rPp7C8UEPuPf0.YnTt6SkRGnQfYoPrHjUK6UdOdbciU4itD63tOcHXOJM&dib_tag=se&m=A3SFQLVXY8GUH2&marketplaceID=A39IBJ37TRP1C6&qid=1774740914&refinements=p_36%3A19000-19500&s=merchant-items&sr=1-29&xpid=5fOAsJW61rbAJ#customerReviews,KEEN Women's Uneek 2 Slide Sandal
B097K1YPQP,,,,
B000U5HVXY,Audio CD,191.0,https://www.amazon.com.au/Naniwa-Koiuta-Ore-No-Soba/dp/B000U5HVXY/ref=sr_1_30?dib=eyJ2IjoiMSJ9.j85r9LvU_bE4Q_pYnKia_aluP07UU63YgnurMI4CpHkpZPxF2gl-4SotZ7BhrKZQPL3EU7PazuNzEEnbT6VIBuKOxgCY7raYsR5ZpDDYNT5Cr9jF_w6FxOjcJZy9kWfgXf19Kp5Gcng3rs73fmUKVp2ntPqU1UF40sauPh86sMM0CsU7Byr-v6lyfCEtAAuyV0N1BYZtYpL7lnPDCzCFlphlP8BAZ6rPp7C8UEPuPf0.YnTt6SkRGnQfYoPrHjUK6UdOdbciU4itD63tOcHXOJM&dib_tag=se&m=A3SFQLVXY8GUH2&marketplaceID=A39IBJ37TRP1C6&qid=1774740914&refinements=p_36%3A19000-19500&s=merchant-items&sr=1-30&xpid=5fOAsJW61rbAJ,Naniwa Koiuta/Ore No Soba Ni
B0BW2HBJQN,,191.48,https://www.amazon.com.au/Medicom-Terminator-Endoskeleton-Action-Figure/dp/B0BW2HBJQN/ref=sr_1_31?dib=eyJ2IjoiMSJ9.j85r9LvU_bE4Q_pYnKia_aluP07UU63YgnurMI4CpHkpZPxF2gl-4SotZ7BhrKZQPL3EU7PazuNzEEnbT6VIBuKOxgCY7raYsR5ZpDDYNT5Cr9jF_w6FxOjcJZy9kWfgXf19Kp5Gcng3rs73fmUKVp2ntPqU1UF40sauPh86sMM0CsU7Byr-v6lyfCEtAAuyV0N1BYZtYpL7lnPDCzCFlphlP8BAZ6rPp7C8UEPuPf0.YnTt6SkRGnQfYoPrHjUK6UdOdbciU4itD63tOcHXOJM&dib_tag=se&m=A3SFQLVXY8GUH2&marketplaceID=A39IBJ37TRP1C6&qid=1774740914&refinements=p_36%3A19000-19500&s=merchant-items&sr=1-31&xpid=5fOAsJW61rbAJ#customerReviews,Medicom - Terminator 2 - Endoskeleton T2 Mafex Action Figure (Net)
B000HXE1TG,Audio CD,190.27,https://www.amazon.com.au/Bokuno-Koinohanashi-Himegoto-Soundtrack-Drama/dp/B000HXE1TG/ref=sr_1_32?dib=eyJ2IjoiMSJ9.j85r9LvU_bE4Q_pYnKia_aluP07UU63YgnurMI4CpHkpZPxF2gl-4SotZ7BhrKZQPL3EU7PazuNzEEnbT6VIBuKOxgCY7raYsR5ZpDDYNT5Cr9jF_w6FxOjcJZy9kWfgXf19Kp5Gcng3rs73fmUKVp2ntPqU1UF40sauPh86sMM0CsU7Byr-v6lyfCEtAAuyV0N1BYZtYpL7lnPDCzCFlphlP8BAZ6rPp7C8UEPuPf0.YnTt6SkRGnQfYoPrHjUK6UdOdbciU4itD63tOcHXOJM&dib_tag=se&m=A3SFQLVXY8GUH2&marketplaceID=A39IBJ37TRP1C6&qid=1774740914&refinements=p_36%3A19000-19500&s=merchant-items&sr=1-32&xpid=5fOAsJW61rbAJ,Bokuno Koinohanashi Himegoto
B0CDWNMRV9,,193.21,https://www.amazon.com.au/Greenhouse-GH-AMDR1-SV-Mechanical-Compatible-Capacity/dp/B0CDWNMRV9/ref=sr_1_33?dib=eyJ2IjoiMSJ9.05QiJTqw7DTKVoKPFkgAjF6Gz1dOrTlV8hMCfPX6ysPXGpu1xK6aoT3vqSMnbVAOgbRGj0KYILHXm1DX7W7JQQ.2IjYY5bxZl6ytyavEtGE0lFkxW3eIL15LoBxG1XSbXg&dib_tag=se&m=A3SFQLVXY8GUH2&marketplaceID=A39IBJ37TRP1C6&qid=1774740920&refinements=p_36%3A19000-19500&s=merchant-items&sr=1-33&xpid=5fOAsJW61rbAJ#customerReviews,"Greenhouse GH-AMDR1-SV Mechanical Spring Monitor Arm Compatible with 17-32 Inches, Load Capacity: 6.6-19.8 lbs (3-9 kg), 4 Axis Type, Separate Type, Can Move Forward and Backward"
B0CDWNMRV9,,,,
B0CH3RKV6V,,190.05,https://www.amazon.com.au/Skechers-Mens-2-0-Grand-Sneaker-Charcoal/dp/B0CH3RKV6V/ref=sr_1_34?dib=eyJ2IjoiMSJ9.05QiJTqw7DTKVoKPFkgAjF6Gz1dOrTlV8hMCfPX6ysPXGpu1xK6aoT3vqSMnbVAOgbRGj0KYILHXm1DX7W7JQQ.2IjYY5bxZl6ytyavEtGE0lFkxW3eIL15LoBxG1XSbXg&dib_tag=se&m=A3SFQLVXY8GUH2&marketplaceID=A39IBJ37TRP1C6&qid=1774740920&refinements=p_36%3A19000-19500&s=merchant-items&sr=1-34&xpid=5fOAsJW61rbAJ#customerReviews,Skechers Men's Hands-Free Slip-ins Go Walk Arch Fit 2.0 Grand Select 2 Sneaker
B0CH3RKV6V,,,,
B00005USLP,Audio CD,190.9,https://www.amazon.com.au/Electric-Light-Orchestra/dp/B00005USLP/ref=sr_1_35?dib=eyJ2IjoiMSJ9.05QiJTqw7DTKVoKPFkgAjF6Gz1dOrTlV8hMCfPX6ysPXGpu1xK6aoT3vqSMnbVAOgbRGj0KYILHXm1DX7W7JQQ.2IjYY5bxZl6ytyavEtGE0lFkxW3eIL15LoBxG1XSbXg&dib_tag=se&m=A3SFQLVXY8GUH2&marketplaceID=A39IBJ37TRP1C6&qid=1774740920&refinements=p_36%3A19000-19500&s=merchant-items&sr=1-35&xpid=5fOAsJW61rbAJ#customerReviews,First Light Series: The Electric Light Orchestra
B0037W8YEM,,193.14,https://www.amazon.com.au/Husqvarna-5743876-01-Lifting-Timber-Carrier/dp/B0037W8YEM/ref=sr_1_36?dib=eyJ2IjoiMSJ9.05QiJTqw7DTKVoKPFkgAjF6Gz1dOrTlV8hMCfPX6ysPXGpu1xK6aoT3vqSMnbVAOgbRGj0KYILHXm1DX7W7JQQ.2IjYY5bxZl6ytyavEtGE0lFkxW3eIL15LoBxG1XSbXg&dib_tag=se&m=A3SFQLVXY8GUH2&marketplaceID=A39IBJ37TRP1C6&qid=1774740920&refinements=p_36%3A19000-19500&s=merchant-items&sr=1-36&xpid=5fOAsJW61rbAJ#customerReviews,Husqvarna 5743876-01 Wood Tongs
B0037W8YEM,,,,
B00005HGRO,Audio CD,192.11,https://www.amazon.com.au/Rickie-Lee-Jones/dp/B00005HGRO/ref=sr_1_37?dib=eyJ2IjoiMSJ9.05QiJTqw7DTKVoKPFkgAjF6Gz1dOrTlV8hMCfPX6ysPXGpu1xK6aoT3vqSMnbVAOgbRGj0KYILHXm1DX7W7JQQ.2IjYY5bxZl6ytyavEtGE0lFkxW3eIL15LoBxG1XSbXg&dib_tag=se&m=A3SFQLVXY8GUH2&marketplaceID=A39IBJ37TRP1C6&qid=1774740920&refinements=p_36%3A19000-19500&s=merchant-items&sr=1-37&xpid=5fOAsJW61rbAJ#customerReviews,Rickie Lee Jones
B0145TJ63S,,194.7,https://www.amazon.com.au/%E6%9F%B3%E5%AE%B6%E5%B0%8F%E4%B8%89%E6%B2%BB-%E3%81%BE%E3%81%8F%E3%82%89%E5%85%A8%E9%9B%86-CD5%E6%9E%9A%E7%B5%84-%E3%82%AB%E3%83%BC%E3%83%88%E3%83%B3%E3%83%9C%E3%83%83%E3%82%AF%E3%82%B9%E5%85%A5%E3%82%8A/dp/B0145TJ63S/ref=sr_1_33?dib=eyJ2IjoiMSJ9.4cMkVdr9C3god_DvvaYug_AGHaIwmJSCht-3UUWnQYFuOGKbU7EvTQhDv0F2tWOKOAcBrouXCGQ6NOd6H4Q4bAwPd45WisBfDrqOJtNoZrT7dEuKCzkpJ22TeSwhLBONi37B__PjIKFzCJNH4shZRkKX26QsjOb_i3kqSO0ffjo.uyYX1Cv99lFSF0L3IY9974MqlXwM8YHLHMymCkS_IQM&dib_tag=se&m=A3SFQLVXY8GUH2&marketplaceID=A39IBJ37TRP1C6&qid=1774740920&refinements=p_36%3A19000-19500&s=merchant-items&sr=1-33&xpid=5fOAsJW61rbAJ#customerReviews,柳家小三治 まくら全集 CD5枚組 カートンボックス入り
B0145TJ63S,,,,
B0BYXHSRZP,,193.49,https://www.amazon.com.au/Sunline-Mens-Surface-Mesh-Light/dp/B0BYXHSRZP/ref=sr_1_34?dib=eyJ2IjoiMSJ9.4cMkVdr9C3god_DvvaYug_AGHaIwmJSCht-3UUWnQYFuOGKbU7EvTQhDv0F2tWOKOAcBrouXCGQ6NOd6H4Q4bAwPd45WisBfDrqOJtNoZrT7dEuKCzkpJ22TeSwhLBONi37B__PjIKFzCJNH4shZRkKX26QsjOb_i3kqSO0ffjo.uyYX1Cv99lFSF0L3IY9974MqlXwM8YHLHMymCkS_IQM&dib_tag=se&m=A3SFQLVXY8GUH2&marketplaceID=A39IBJ37TRP1C6&qid=1774740920&refinements=p_36%3A19000-19500&s=merchant-items&sr=1-34&xpid=5fOAsJW61rbAJ,Sunline Men's Surface Mesh Cap
B0BYXHSRZP,,,,
B0BPR77RKF,,191.0,https://www.amazon.com.au/Zojirushi-AB-RY22-FZ-Glass-Graceful-Flowers/dp/B0BPR77RKF/ref=sr_1_35?dib=eyJ2IjoiMSJ9.4cMkVdr9C3god_DvvaYug_AGHaIwmJSCht-3UUWnQYFuOGKbU7EvTQhDv0F2tWOKOAcBrouXCGQ6NOd6H4Q4bAwPd45WisBfDrqOJtNoZrT7dEuKCzkpJ22TeSwhLBONi37B__PjIKFzCJNH4shZRkKX26QsjOb_i3kqSO0ffjo.uyYX1Cv99lFSF0L3IY9974MqlXwM8YHLHMymCkS_IQM&dib_tag=se&m=A3SFQLVXY8GUH2&marketplaceID=A39IBJ37TRP1C6&qid=1774740920&refinements=p_36%3A19000-19500&s=merchant-items&sr=1-35&xpid=5fOAsJW61rbAJ#customerReviews,"Zojirushi AB-RY22-FZ Zojirushi Glass Air Pot, Graceful Flower, 0.8 gal (2.2 L)"
B0BPR77RKF,,,,
B001VB4Q70,,194.02,https://www.amazon.com.au/TOP-TPW0832-TPW-0832/dp/B001VB4Q70/ref=sr_1_36?dib=eyJ2IjoiMSJ9.4cMkVdr9C3god_DvvaYug_AGHaIwmJSCht-3UUWnQYFuOGKbU7EvTQhDv0F2tWOKOAcBrouXCGQ6NOd6H4Q4bAwPd45WisBfDrqOJtNoZrT7dEuKCzkpJ22TeSwhLBONi37B__PjIKFzCJNH4shZRkKX26QsjOb_i3kqSO0ffjo.uyYX1Cv99lFSF0L3IY9974MqlXwM8YHLHMymCkS_IQM&dib_tag=se&m=A3SFQLVXY8GUH2&marketplaceID=A39IBJ37TRP1C6&qid=1774740920&refinements=p_36%3A19000-19500&s=merchant-items&sr=1-36&xpid=5fOAsJW61rbAJ#customerReviews,TPW-0832
B001VB4Q70,,,,
B08J6VKTSM,,190.47,https://www.amazon.com.au/KEEN-Womens-Lightweight-Waterproof-Drizzle/dp/B08J6VKTSM/ref=sr_1_37?dib=eyJ2IjoiMSJ9.4cMkVdr9C3god_DvvaYug_AGHaIwmJSCht-3UUWnQYFuOGKbU7EvTQhDv0F2tWOKOAcBrouXCGQ6NOd6H4Q4bAwPd45WisBfDrqOJtNoZrT7dEuKCzkpJ22TeSwhLBONi37B__PjIKFzCJNH4shZRkKX26QsjOb_i3kqSO0ffjo.uyYX1Cv99lFSF0L3IY9974MqlXwM8YHLHMymCkS_IQM&dib_tag=se&m=A3SFQLVXY8GUH2&marketplaceID=A39IBJ37TRP1C6&qid=1774740920&refinements=p_36%3A19000-19500&s=merchant-items&sr=1-37&xpid=5fOAsJW61rbAJ#customerReviews,KEEN Female Tempo Flex WP
B000ASBT4S,,193.21,https://www.amazon.com.au/White-BG65TI-Titanium-Badminton-String/dp/B000ASBT4S/ref=sr_1_38?dib=eyJ2IjoiMSJ9.4cMkVdr9C3god_DvvaYug_AGHaIwmJSCht-3UUWnQYFuOGKbU7EvTQhDv0F2tWOKOAcBrouXCGQ6NOd6H4Q4bAwPd45WisBfDrqOJtNoZrT7dEuKCzkpJ22TeSwhLBONi37B__PjIKFzCJNH4shZRkKX26QsjOb_i3kqSO0ffjo.uyYX1Cv99lFSF0L3IY9974MqlXwM8YHLHMymCkS_IQM&dib_tag=se&m=A3SFQLVXY8GUH2&marketplaceID=A39IBJ37TRP1C6&qid=1774740920&refinements=p_36%3A19000-19500&s=merchant-items&sr=1-38&xpid=5fOAsJW61rbAJ#customerReviews,Yonex Badminton String Strong Titanium (0.70 mm) BG65T-2 White Roll 668.4 ft (200 m)
B000ASBT4S,,,,
B00AEGIWC8,,194.39,https://www.amazon.com.au/Edoten-Japan-Kimono-Denim-Samue/dp/B00AEGIWC8/ref=sr_1_39?dib=eyJ2IjoiMSJ9.4cMkVdr9C3god_DvvaYug_AGHaIwmJSCht-3UUWnQYFuOGKbU7EvTQhDv0F2tWOKOAcBrouXCGQ6NOd6H4Q4bAwPd45WisBfDrqOJtNoZrT7dEuKCzkpJ22TeSwhLBONi37B__PjIKFzCJNH4shZRkKX26QsjOb_i3kqSO0ffjo.uyYX1Cv99lFSF0L3IY9974MqlXwM8YHLHMymCkS_IQM&dib_tag=se&m=A3SFQLVXY8GUH2&marketplaceID=A39IBJ37TRP1C6&qid=1774740920&refinements=p_36%3A19000-19500&s=merchant-items&sr=1-39&xpid=5fOAsJW61rbAJ#customerReviews,Edoten Men's Japan Kimono Denim Samue
B001J2JE8M,,192.34,https://www.amazon.com.au/Hultafors-840581-KLY-7-0-Splitting/dp/B001J2JE8M/ref=sr_1_40?dib=eyJ2IjoiMSJ9.4cMkVdr9C3god_DvvaYug_AGHaIwmJSCht-3UUWnQYFuOGKbU7EvTQhDv0F2tWOKOAcBrouXCGQ6NOd6H4Q4bAwPd45WisBfDrqOJtNoZrT7dEuKCzkpJ22TeSwhLBONi37B__PjIKFzCJNH4shZRkKX26QsjOb_i3kqSO0ffjo.uyYX1Cv99lFSF0L3IY9974MqlXwM8YHLHMymCkS_IQM&dib_tag=se&m=A3SFQLVXY8GUH2&marketplaceID=A39IBJ37TRP1C6&qid=1774740920&refinements=p_36%3A19000-19500&s=merchant-items&sr=1-40&xpid=5fOAsJW61rbAJ#customerReviews,"Hultafors 840581 KLY 7-0,9 SV Splitting Axe"
B001J2JE8M,,,,
B000W9C3LS,,190.01,https://www.amazon.com.au/Tohnichi-Adjustable-Torque-Screwdriver-RTD120CN/dp/B000W9C3LS/ref=sr_1_41?dib=eyJ2IjoiMSJ9.4cMkVdr9C3god_DvvaYug_AGHaIwmJSCht-3UUWnQYFuOGKbU7EvTQhDv0F2tWOKOAcBrouXCGQ6NOd6H4Q4bAwPd45WisBfDrqOJtNoZrT7dEuKCzkpJ22TeSwhLBONi37B__PjIKFzCJNH4shZRkKX26QsjOb_i3kqSO0ffjo.uyYX1Cv99lFSF0L3IY9974MqlXwM8YHLHMymCkS_IQM&dib_tag=se&m=A3SFQLVXY8GUH2&marketplaceID=A39IBJ37TRP1C6&qid=1774740920&refinements=p_36%3A19000-19500&s=merchant-items&sr=1-41&xpid=5fOAsJW61rbAJ#customerReviews,Tohnichi Adjustable Torque Screwdriver RTD120CN 20~120 cNm
B000W9C3LS,,,,
B0BNB8RRG8,,190.53,https://www.amazon.com.au/Yamazaki-6041-Sorting-Sanitary-Dividers/dp/B0BNB8RRG8/ref=sr_1_42?dib=eyJ2IjoiMSJ9.4cMkVdr9C3god_DvvaYug_AGHaIwmJSCht-3UUWnQYFuOGKbU7EvTQhDv0F2tWOKOAcBrouXCGQ6NOd6H4Q4bAwPd45WisBfDrqOJtNoZrT7dEuKCzkpJ22TeSwhLBONi37B__PjIKFzCJNH4shZRkKX26QsjOb_i3kqSO0ffjo.uyYX1Cv99lFSF0L3IY9974MqlXwM8YHLHMymCkS_IQM&dib_tag=se&m=A3SFQLVXY8GUH2&marketplaceID=A39IBJ37TRP1C6&qid=1774740920&refinements=p_36%3A19000-19500&s=merchant-items&sr=1-42&xpid=5fOAsJW61rbAJ#customerReviews,"Yamazaki 6041 Sorting Sanitary Storage Holder, Natural, Approx. W 10.3 x D 4.6 x H 6.5 inches (26.2 x 11.7 x 16.6 cm), RIN Stylish Storage, Easy Removal, Includes Dividers"
B0BNB8RRG8,,,,
B0BN9V45VS,,190.53,https://www.amazon.com.au/Yamazaki-6040-Sanitary-Dividers-Included/dp/B0BN9V45VS/ref=sr_1_43?dib=eyJ2IjoiMSJ9.4cMkVdr9C3god_DvvaYug_AGHaIwmJSCht-3UUWnQYFuOGKbU7EvTQhDv0F2tWOKOAcBrouXCGQ6NOd6H4Q4bAwPd45WisBfDrqOJtNoZrT7dEuKCzkpJ22TeSwhLBONi37B__PjIKFzCJNH4shZRkKX26QsjOb_i3kqSO0ffjo.uyYX1Cv99lFSF0L3IY9974MqlXwM8YHLHMymCkS_IQM&dib_tag=se&m=A3SFQLVXY8GUH2&marketplaceID=A39IBJ37TRP1C6&qid=1774740920&refinements=p_36%3A19000-19500&s=merchant-items&sr=1-43&xpid=5fOAsJW61rbAJ#customerReviews,"Yamazaki 6040 Sorting Sanitary Storage Holder, Brown, Approx. W 10.3 x D 4.6 x H 6.5 inches (26.2 x 11.7 x 16.6 cm), Rin RIN Stylish Storage, Easy Removal, Dividers Included"
B0BN9V45VS,,,,
B0BNQ93DX9,,194.18,https://www.amazon.com.au/Engineer-Combination-Compatible-Phillips-Countersunk/dp/B0BNQ93DX9/ref=sr_1_49?dib=eyJ2IjoiMSJ9.Aj7nKj2PTFZ5tlDMMGHDqyi4xuNXqqzDHGbZTjY4qCIx6kNOobXobbDgtoQpSmN8yO8RIOfjNBEObmg5eF73WA.WKrS4uV1UgJv-_fa_HYDtA6Fr4uNekZvizQBUIIRUU0&dib_tag=se&m=A3SFQLVXY8GUH2&marketplaceID=A39IBJ37TRP1C6&qid=1774740926&refinements=p_36%3A19000-19500&s=merchant-items&sr=1-49&xpid=5fOAsJW61rbAJ#customerReviews,"Engineer DXZ-07 Combination Tool Set, Compatible with Broken Head Phillips Screws and Hex Socket Bolts, Can Remove Countersunk Screws"
B0BNQ93DX9,,,,
B00DI95MA8,,191.84,https://www.amazon.com.au/Tempur-Transit-Lumbar-Cushion-Ergonomic/dp/B00DI95MA8/ref=sr_1_50?dib=eyJ2IjoiMSJ9.Aj7nKj2PTFZ5tlDMMGHDqyi4xuNXqqzDHGbZTjY4qCIx6kNOobXobbDgtoQpSmN8yO8RIOfjNBEObmg5eF73WA.WKrS4uV1UgJv-_fa_HYDtA6Fr4uNekZvizQBUIIRUU0&dib_tag=se&m=A3SFQLVXY8GUH2&marketplaceID=A39IBJ37TRP1C6&qid=1774740926&refinements=p_36%3A19000-19500&s=merchant-items&sr=1-50&xpid=5fOAsJW61rbAJ#customerReviews,"TEMPUR Transit Lumbar Support, Blue, Memory Foam, Comfortable Home and Travel Back Support, 30 x 25 x 6cm"
B00DI95MA8,,,,
B07S2D8BNB,,192.71,https://www.amazon.com.au/Fotodiox-Adapter-Compatible-Z-Mount-Mirrorless/dp/B07S2D8BNB/ref=sr_1_51?dib=eyJ2IjoiMSJ9.Aj7nKj2PTFZ5tlDMMGHDqyi4xuNXqqzDHGbZTjY4qCIx6kNOobXobbDgtoQpSmN8yO8RIOfjNBEObmg5eF73WA.WKrS4uV1UgJv-_fa_HYDtA6Fr4uNekZvizQBUIIRUU0&dib_tag=se&m=A3SFQLVXY8GUH2&marketplaceID=A39IBJ37TRP1C6&qid=1774740926&refinements=p_36%3A19000-19500&s=merchant-items&sr=1-51&xpid=5fOAsJW61rbAJ#customerReviews,"Fotodiox Pro IRIS Lens Mount Adapter Compatible with Mamiya 645 AF/AF-D Lenses to Nikon Z-Mount Cameras, (M645a-NikZ-PRO)"
B07S2D8BNB,,,,
B001TWARAQ,,191.51,https://www.amazon.com.au/Marushin-Copper-Round-inches-Handle/dp/B001TWARAQ/ref=sr_1_52?dib=eyJ2IjoiMSJ9.Aj7nKj2PTFZ5tlDMMGHDqyi4xuNXqqzDHGbZTjY4qCIx6kNOobXobbDgtoQpSmN8yO8RIOfjNBEObmg5eF73WA.WKrS4uV1UgJv-_fa_HYDtA6Fr4uNekZvizQBUIIRUU0&dib_tag=se&m=A3SFQLVXY8GUH2&marketplaceID=A39IBJ37TRP1C6&qid=1774740926&refinements=p_36%3A19000-19500&s=merchant-items&sr=1-52&xpid=5fOAsJW61rbAJ#customerReviews,"Marushin Copper, Round Steak Cover, Pure Copper, 9.4 inches (24 cm), Brass Handle"
B001TWARAQ,,,,
B0CCLRD77Z,,194.45,https://www.amazon.com.au/Bandai-S-H-Figuarts-Android-Action-Figure/dp/B0CCLRD77Z/ref=sr_1_53?dib=eyJ2IjoiMSJ9.Aj7nKj2PTFZ5tlDMMGHDqyi4xuNXqqzDHGbZTjY4qCIx6kNOobXobbDgtoQpSmN8yO8RIOfjNBEObmg5eF73WA.WKrS4uV1UgJv-_fa_HYDtA6Fr4uNekZvizQBUIIRUU0&dib_tag=se&m=A3SFQLVXY8GUH2&marketplaceID=A39IBJ37TRP1C6&qid=1774740926&refinements=p_36%3A19000-19500&s=merchant-items&sr=1-53&xpid=5fOAsJW61rbAJ#customerReviews,Bandai S.H.Figuarts Android 19 Action Figure
B0CHHLWHMN,,194.13,https://www.amazon.com.au/Bandai-MG-100-Unicorn-Ver-Ka/dp/B0CHHLWHMN/ref=sr_1_49?dib=eyJ2IjoiMSJ9.sMLj79tltM5k7XUnasM2pvaxY3a9KkjT5VjlBQWOlvuyFqU_LU13EZG9aqDl2syWOCqDpgQ97MVn3ba-i-fqE-93ucK_oRqkYutSu_4l4iz_tnUbEF6ghg0IEx2ax7gM9pIRdUfRDY2w4XYoBsB2mhsvYB21UHx4vs4esrfgEKc.3Js96ZewhaSCocY6LholDEzTo7lM3v0Xi4Na4JoifHk&dib_tag=se&m=A3SFQLVXY8GUH2&marketplaceID=A39IBJ37TRP1C6&qid=1774740926&refinements=p_36%3A19000-19500&s=merchant-items&sr=1-49&xpid=5fOAsJW61rbAJ#customerReviews,Bandai MG 1/100 Unicorn Ver.Ka
B0CHHLWHMN,,,,
B08LB485JL,,191.66,https://www.amazon.com.au/Mc-ft10-Imabari-Commercial-Murakami-Lightweight/dp/B08LB485JL/ref=sr_1_50?dib=eyJ2IjoiMSJ9.sMLj79tltM5k7XUnasM2pvaxY3a9KkjT5VjlBQWOlvuyFqU_LU13EZG9aqDl2syWOCqDpgQ97MVn3ba-i-fqE-93ucK_oRqkYutSu_4l4iz_tnUbEF6ghg0IEx2ax7gM9pIRdUfRDY2w4XYoBsB2mhsvYB21UHx4vs4esrfgEKc.3Js96ZewhaSCocY6LholDEzTo7lM3v0Xi4Na4JoifHk&dib_tag=se&m=A3SFQLVXY8GUH2&marketplaceID=A39IBJ37TRP1C6&qid=1774740926&refinements=p_36%3A19000-19500&s=merchant-items&sr=1-50&xpid=5fOAsJW61rbAJ,"Mc-ft10 Beauty Series Imabari Towels, Commercial Use, Face Towels, Set of 10, Murakami Towels, M Color, 13.4 x 33.9 inches (34 x 86 cm), For Beauty Salons, 100 Colors, Lightweight Thin (No.38 White"
B08LB485JL,,,,
B07BSFH7QM,,191.32,https://www.amazon.com.au/Mobile-Gundam-YMS-15-N-I-M-Painted/dp/B07BSFH7QM/ref=sr_1_51?dib=eyJ2IjoiMSJ9.sMLj79tltM5k7XUnasM2pvaxY3a9KkjT5VjlBQWOlvuyFqU_LU13EZG9aqDl2syWOCqDpgQ97MVn3ba-i-fqE-93ucK_oRqkYutSu_4l4iz_tnUbEF6ghg0IEx2ax7gM9pIRdUfRDY2w4XYoBsB2mhsvYB21UHx4vs4esrfgEKc.3Js96ZewhaSCocY6LholDEzTo7lM3v0Xi4Na4JoifHk&dib_tag=se&m=A3SFQLVXY8GUH2&marketplaceID=A39IBJ37TRP1C6&qid=1774740926&refinements=p_36%3A19000-19500&s=merchant-items&sr=1-51&xpid=5fOAsJW61rbAJ#customerReviews,Tamashii Nations Robot Spirits YMS-15 Gyan Ver. A.N.I.M.E. Mobile Suit Gundam
B08LB68YTL,,191.66,https://www.amazon.com.au/Mc-ft10-Imabari-Commercial-Murakami-Lightweight/dp/B08LB68YTL/ref=sr_1_52?dib=eyJ2IjoiMSJ9.sMLj79tltM5k7XUnasM2pvaxY3a9KkjT5VjlBQWOlvuyFqU_LU13EZG9aqDl2syWOCqDpgQ97MVn3ba-i-fqE-93ucK_oRqkYutSu_4l4iz_tnUbEF6ghg0IEx2ax7gM9pIRdUfRDY2w4XYoBsB2mhsvYB21UHx4vs4esrfgEKc.3Js96ZewhaSCocY6LholDEzTo7lM3v0Xi4Na4JoifHk&dib_tag=se&m=A3SFQLVXY8GUH2&marketplaceID=A39IBJ37TRP1C6&qid=1774740926&refinements=p_36%3A19000-19500&s=merchant-items&sr=1-52&xpid=5fOAsJW61rbAJ,"Mc-ft10 Beauty Series Imabari Towels, Commercial Use, Face Towels, Set of 10, Murakami Towels, M Color, 13.4 x 33.9 inches (34 x 86 cm), For Beauty Salons, 100 Colors, Lightweight, Thin (No.24"
B08LB68YTL,,,,
B08L38ZRLW,,191.66,https://www.amazon.com.au/Mc-ft10-Imabari-Commercial-Murakami-Lightweight/dp/B08L38ZRLW/ref=sr_1_53?dib=eyJ2IjoiMSJ9.sMLj79tltM5k7XUnasM2pvaxY3a9KkjT5VjlBQWOlvuyFqU_LU13EZG9aqDl2syWOCqDpgQ97MVn3ba-i-fqE-93ucK_oRqkYutSu_4l4iz_tnUbEF6ghg0IEx2ax7gM9pIRdUfRDY2w4XYoBsB2mhsvYB21UHx4vs4esrfgEKc.3Js96ZewhaSCocY6LholDEzTo7lM3v0Xi4Na4JoifHk&dib_tag=se&m=A3SFQLVXY8GUH2&marketplaceID=A39IBJ37TRP1C6&qid=1774740926&refinements=p_36%3A19000-19500&s=merchant-items&sr=1-53&xpid=5fOAsJW61rbAJ,"Mc-ft10 Beauty Series Imabari Towels, Commercial Use, Face Towels, Set of 10, Murakami Towels, M Color, 13.4 x 33.9 inches (34 x 86 cm), For Beauty Salons, 100 Colors, Lightweight, Thin (Ivory)"
B08L38ZRLW,,,,
B07QJ897TN,,194.24,https://www.amazon.com.au/Tsunoda-TP-38-Crimping-Non-Insulated-Terminals/dp/B07QJ897TN/ref=sr_1_54?dib=eyJ2IjoiMSJ9.sMLj79tltM5k7XUnasM2pvaxY3a9KkjT5VjlBQWOlvuyFqU_LU13EZG9aqDl2syWOCqDpgQ97MVn3ba-i-fqE-93ucK_oRqkYutSu_4l4iz_tnUbEF6ghg0IEx2ax7gM9pIRdUfRDY2w4XYoBsB2mhsvYB21UHx4vs4esrfgEKc.3Js96ZewhaSCocY6LholDEzTo7lM3v0Xi4Na4JoifHk&dib_tag=se&m=A3SFQLVXY8GUH2&marketplaceID=A39IBJ37TRP1C6&qid=1774740926&refinements=p_36%3A19000-19500&s=merchant-items&sr=1-54&xpid=5fOAsJW61rbAJ#customerReviews,Tsunoda TP-38 Crimping Tool For Non-Insulated Terminals (for 8-2AWG)
B07QJ897TN,,,,
B09C5QPS33,,193.64,https://www.amazon.com.au/Good-Smile-Company-Academia-Nendoroid/dp/B09C5QPS33/ref=sr_1_55?dib=eyJ2IjoiMSJ9.sMLj79tltM5k7XUnasM2pvaxY3a9KkjT5VjlBQWOlvuyFqU_LU13EZG9aqDl2syWOCqDpgQ97MVn3ba-i-fqE-93ucK_oRqkYutSu_4l4iz_tnUbEF6ghg0IEx2ax7gM9pIRdUfRDY2w4XYoBsB2mhsvYB21UHx4vs4esrfgEKc.3Js96ZewhaSCocY6LholDEzTo7lM3v0Xi4Na4JoifHk&dib_tag=se&m=A3SFQLVXY8GUH2&marketplaceID=A39IBJ37TRP1C6&qid=1774740926&refinements=p_36%3A19000-19500&s=merchant-items&sr=1-55&xpid=5fOAsJW61rbAJ#customerReviews,Good Smile Company Nendoroid Katsuki Bakugo: Stealth Suit Version Figure
B09YD78PVR,,191.82,https://www.amazon.com.au/Desirable-Household-Infrared-Rotation-Instruction/dp/B09YD78PVR/ref=sr_1_56?dib=eyJ2IjoiMSJ9.sMLj79tltM5k7XUnasM2pvaxY3a9KkjT5VjlBQWOlvuyFqU_LU13EZG9aqDl2syWOCqDpgQ97MVn3ba-i-fqE-93ucK_oRqkYutSu_4l4iz_tnUbEF6ghg0IEx2ax7gM9pIRdUfRDY2w4XYoBsB2mhsvYB21UHx4vs4esrfgEKc.3Js96ZewhaSCocY6LholDEzTo7lM3v0Xi4Na4JoifHk&dib_tag=se&m=A3SFQLVXY8GUH2&marketplaceID=A39IBJ37TRP1C6&qid=1774740926&refinements=p_36%3A19000-19500&s=merchant-items&sr=1-56&xpid=5fOAsJW61rbAJ#customerReviews,"Desirable Household Coffee Roaster, Far Infrared, Small, Manual Rotation, Handle, Roaster, Premium Titanium 0.14 inch (3.5 mm) Mesh, Japanese Instruction Manual Included"
B09YD78PVR,,,,
B08KYJJTRG,No Operating System,194.53,https://www.amazon.com.au/MD-MD%E4%BA%92%E6%8F%9B%E6%A9%9F%E7%94%A8-%E3%83%80%E3%83%A9%E3%82%A4%E3%82%A2%E3%82%B9-%E3%82%A8%E3%82%AF%E3%82%B9%E3%83%88%E3%83%A9%E3%83%90%E3%83%BC%E3%82%B8%E3%83%A7%E3%83%B3/dp/B08KYJJTRG/ref=sr_1_57?dib=eyJ2IjoiMSJ9.sMLj79tltM5k7XUnasM2pvaxY3a9KkjT5VjlBQWOlvuyFqU_LU13EZG9aqDl2syWOCqDpgQ97MVn3ba-i-fqE-93ucK_oRqkYutSu_4l4iz_tnUbEF6ghg0IEx2ax7gM9pIRdUfRDY2w4XYoBsB2mhsvYB21UHx4vs4esrfgEKc.3Js96ZewhaSCocY6LholDEzTo7lM3v0Xi4Na4JoifHk&dib_tag=se&m=A3SFQLVXY8GUH2&marketplaceID=A39IBJ37TRP1C6&qid=1774740926&refinements=p_36%3A19000-19500&s=merchant-items&sr=1-57&xpid=5fOAsJW61rbAJ#customerReviews,(MD/MD互換機用)ダライアス エクストラバージョン - MD
B08KYJJTRG,,,,
B001EQCD4U,,190.15,https://www.amazon.com.au/TMS210/dp/B001EQCD4U/ref=sr_1_58?dib=eyJ2IjoiMSJ9.sMLj79tltM5k7XUnasM2pvaxY3a9KkjT5VjlBQWOlvuyFqU_LU13EZG9aqDl2syWOCqDpgQ97MVn3ba-i-fqE-93ucK_oRqkYutSu_4l4iz_tnUbEF6ghg0IEx2ax7gM9pIRdUfRDY2w4XYoBsB2mhsvYB21UHx4vs4esrfgEKc.3Js96ZewhaSCocY6LholDEzTo7lM3v0Xi4Na4JoifHk&dib_tag=se&m=A3SFQLVXY8GUH2&marketplaceID=A39IBJ37TRP1C6&qid=1774740926&refinements=p_36%3A19000-19500&s=merchant-items&sr=1-58&xpid=5fOAsJW61rbAJ#customerReviews,"Kyoto Machine Tools (KTC) Combination Wrench Set, Set of 10 TMS210"
B001EQCD4U,,,,
B0BP1WX3V1,,193.64,https://www.amazon.com.au/Max-Factory-Kaiki-Figma-NH-01/dp/B0BP1WX3V1/ref=sr_1_59?dib=eyJ2IjoiMSJ9.sMLj79tltM5k7XUnasM2pvaxY3a9KkjT5VjlBQWOlvuyFqU_LU13EZG9aqDl2syWOCqDpgQ97MVn3ba-i-fqE-93ucK_oRqkYutSu_4l4iz_tnUbEF6ghg0IEx2ax7gM9pIRdUfRDY2w4XYoBsB2mhsvYB21UHx4vs4esrfgEKc.3Js96ZewhaSCocY6LholDEzTo7lM3v0Xi4Na4JoifHk&dib_tag=se&m=A3SFQLVXY8GUH2&marketplaceID=A39IBJ37TRP1C6&qid=1774740926&refinements=p_36%3A19000-19500&s=merchant-items&sr=1-59&xpid=5fOAsJW61rbAJ#customerReviews,Max Factory Hito Kaiki Figma NH-01 15 cm
B07ZHZZMDM,,191.97,https://www.amazon.com.au/CRANKBROTHERS-Stamp-2-Large-Black/dp/B07ZHZZMDM/ref=sr_1_65?dib=eyJ2IjoiMSJ9.iXyM3JfvT11v7qo9UkkrhW8rFkO2DcqWq_EBIwZese-WMrmw4EP0v_rh1BtJ1x9aa_3c6lFK7Qy8NN4oCcI6rQ.bv6aJTj2eKCerWyOWOAR9bCx1_OdI7-eU4WL3SJY1rg&dib_tag=se&m=A3SFQLVXY8GUH2&marketplaceID=A39IBJ37TRP1C6&qid=1774740931&refinements=p_36%3A19000-19500&s=merchant-items&sr=1-65&xpid=5fOAsJW61rbAJ#customerReviews,Crank Brothers Stamp 2 Platform Pedals
B07ZHZZMDM,,,,
B0CTLTC5N3,,193.42,https://www.amazon.com.au/Snail-Shell-Aileen-Action-Figure/dp/B0CTLTC5N3/ref=sr_1_66?dib=eyJ2IjoiMSJ9.iXyM3JfvT11v7qo9UkkrhW8rFkO2DcqWq_EBIwZese-WMrmw4EP0v_rh1BtJ1x9aa_3c6lFK7Qy8NN4oCcI6rQ.bv6aJTj2eKCerWyOWOAR9bCx1_OdI7-eU4WL3SJY1rg&dib_tag=se&m=A3SFQLVXY8GUH2&marketplaceID=A39IBJ37TRP1C6&qid=1774740931&refinements=p_36%3A19000-19500&s=merchant-items&sr=1-66&xpid=5fOAsJW61rbAJ,Snail Shell - Bunny Girl Aileen 1/12 PVC Action Figure
B003LIUVQ6,,190.58,https://www.amazon.com.au/One-Piece-Excellent-P-P/dp/B003LIUVQ6/ref=sr_1_67?dib=eyJ2IjoiMSJ9.iXyM3JfvT11v7qo9UkkrhW8rFkO2DcqWq_EBIwZese-WMrmw4EP0v_rh1BtJ1x9aa_3c6lFK7Qy8NN4oCcI6rQ.bv6aJTj2eKCerWyOWOAR9bCx1_OdI7-eU4WL3SJY1rg&dib_tag=se&m=A3SFQLVXY8GUH2&marketplaceID=A39IBJ37TRP1C6&qid=1774740931&refinements=p_36%3A19000-19500&s=merchant-items&sr=1-67&xpid=5fOAsJW61rbAJ#customerReviews,One Piece: Excellent Model P.O.P Roronoa Zoro Ver. 2 Strong World Edition Figure
B01LY83FIQ,,191.64,https://www.amazon.com.au/PB-Safety-Wrench-Pieces-1-5-10/dp/B01LY83FIQ/ref=sr_1_68?dib=eyJ2IjoiMSJ9.iXyM3JfvT11v7qo9UkkrhW8rFkO2DcqWq_EBIwZese-WMrmw4EP0v_rh1BtJ1x9aa_3c6lFK7Qy8NN4oCcI6rQ.bv6aJTj2eKCerWyOWOAR9bCx1_OdI7-eU4WL3SJY1rg&dib_tag=se&m=A3SFQLVXY8GUH2&marketplaceID=A39IBJ37TRP1C6&qid=1774740931&refinements=p_36%3A19000-19500&s=merchant-items&sr=1-68&xpid=5fOAsJW61rbAJ#customerReviews,"PB Swiss Safety Hex Key L Wrench 9 Pieces Set in Skin Pack with Ball Point, 1.5-10 mm"
B01LY83FIQ,,,,
B001EQ8E2A,,191.58,https://www.amazon.com.au/TMS208/dp/B001EQ8E2A/ref=sr_1_69?dib=eyJ2IjoiMSJ9.iXyM3JfvT11v7qo9UkkrhW8rFkO2DcqWq_EBIwZese-WMrmw4EP0v_rh1BtJ1x9aa_3c6lFK7Qy8NN4oCcI6rQ.bv6aJTj2eKCerWyOWOAR9bCx1_OdI7-eU4WL3SJY1rg&dib_tag=se&m=A3SFQLVXY8GUH2&marketplaceID=A39IBJ37TRP1C6&qid=1774740931&refinements=p_36%3A19000-19500&s=merchant-items&sr=1-69&xpid=5fOAsJW61rbAJ#customerReviews,Kyoto Tool (KTC) TMS208 Combination Wrench Set
B001EQ8E2A,,,,
B091XQZJJC,,191.41,https://www.amazon.com.au/Ortlieb-Ultimate-Classic-Bike-Sunyellow-Black/dp/B091XQZJJC/ref=sr_1_65?dib=eyJ2IjoiMSJ9.3w1RUWv6l468VnES1vdN6D1X0PNg-R7CKQTEB5rcpLmAR07YK51bzHnvWkc5evFkJ51sDsytdBHVyvgmrePutxDubvSAy_sSFjGBFIj-EjpQ_0NdrLZRRwT_aB57R5onrdAw6hmpadLewz2o1cQU9lmSBl6LhHDMozfHW1h6WYg.FSP8tQvdYVIgi1Tea0RUe6kOO85puj4UvRsN84dOE-U&dib_tag=se&m=A3SFQLVXY8GUH2&marketplaceID=A39IBJ37TRP1C6&qid=1774740931&refinements=p_36%3A19000-19500&s=merchant-items&sr=1-65&xpid=5fOAsJW61rbAJ#customerReviews,Ultimate 6 Classic
B091XQZJJC,,,,
B0DJBGFQ7V,,194.41,https://www.amazon.com.au/Princess-Yurucamp-Hirarin-chan-Pre-Painted-Complete/dp/B0DJBGFQ7V/ref=sr_1_66?dib=eyJ2IjoiMSJ9.3w1RUWv6l468VnES1vdN6D1X0PNg-R7CKQTEB5rcpLmAR07YK51bzHnvWkc5evFkJ51sDsytdBHVyvgmrePutxDubvSAy_sSFjGBFIj-EjpQ_0NdrLZRRwT_aB57R5onrdAw6hmpadLewz2o1cQU9lmSBl6LhHDMozfHW1h6WYg.FSP8tQvdYVIgi1Tea0RUe6kOO85puj4UvRsN84dOE-U&dib_tag=se&m=A3SFQLVXY8GUH2&marketplaceID=A39IBJ37TRP1C6&qid=1774740931&refinements=p_36%3A19000-19500&s=merchant-items&sr=1-66&xpid=5fOAsJW61rbAJ#customerReviews,"Melty Princess Yurucamp SEASON3 Teno Hirarin-chan, Approx. 3.3 inches (85 mm), PVC Pre-Painted Complete Figure"
B09RX19TMP,,192.26,https://www.amazon.com.au/Aluminum-Adjustable-Lightweight-Walking-Trekking/dp/B09RX19TMP/ref=sr_1_67?dib=eyJ2IjoiMSJ9.3w1RUWv6l468VnES1vdN6D1X0PNg-R7CKQTEB5rcpLmAR07YK51bzHnvWkc5evFkJ51sDsytdBHVyvgmrePutxDubvSAy_sSFjGBFIj-EjpQ_0NdrLZRRwT_aB57R5onrdAw6hmpadLewz2o1cQU9lmSBl6LhHDMozfHW1h6WYg.FSP8tQvdYVIgi1Tea0RUe6kOO85puj4UvRsN84dOE-U&dib_tag=se&m=A3SFQLVXY8GUH2&marketplaceID=A39IBJ37TRP1C6&qid=1774740931&refinements=p_36%3A19000-19500&s=merchant-items&sr=1-67&xpid=5fOAsJW61rbAJ#customerReviews,LEKI Legacy Lite Aluminum Adjustable Lightweight Walking Poles for Trekking & Hiking
B09RX19TMP,,,,
B0D78J88D5,,190.09,https://www.amazon.com.au/Medicom-245-Tetsujin-Original-Non-scale/dp/B0D78J88D5/ref=sr_1_68?dib=eyJ2IjoiMSJ9.3w1RUWv6l468VnES1vdN6D1X0PNg-R7CKQTEB5rcpLmAR07YK51bzHnvWkc5evFkJ51sDsytdBHVyvgmrePutxDubvSAy_sSFjGBFIj-EjpQ_0NdrLZRRwT_aB57R5onrdAw6hmpadLewz2o1cQU9lmSBl6LhHDMozfHW1h6WYg.FSP8tQvdYVIgi1Tea0RUe6kOO85puj4UvRsN84dOE-U&dib_tag=se&m=A3SFQLVXY8GUH2&marketplaceID=A39IBJ37TRP1C6&qid=1774740931&refinements=p_36%3A19000-19500&s=merchant-items&sr=1-68&xpid=5fOAsJW61rbAJ#customerReviews,"Medicom Toy MAFEX No. 245 Tetsujin 28 Original Work Color Ver., Total Height Approx. 7.9 inches (200 mm), Non-scale, Painted Action Figure"
B08D5ZX9RQ,,192.23,https://www.amazon.com.au/AMX-104-R-Jarja-Twilight-Axis-Model/dp/B08D5ZX9RQ/ref=sr_1_69?dib=eyJ2IjoiMSJ9.3w1RUWv6l468VnES1vdN6D1X0PNg-R7CKQTEB5rcpLmAR07YK51bzHnvWkc5evFkJ51sDsytdBHVyvgmrePutxDubvSAy_sSFjGBFIj-EjpQ_0NdrLZRRwT_aB57R5onrdAw6hmpadLewz2o1cQU9lmSBl6LhHDMozfHW1h6WYg.FSP8tQvdYVIgi1Tea0RUe6kOO85puj4UvRsN84dOE-U&dib_tag=se&m=A3SFQLVXY8GUH2&marketplaceID=A39IBJ37TRP1C6&qid=1774740931&refinements=p_36%3A19000-19500&s=merchant-items&sr=1-69&xpid=5fOAsJW61rbAJ#customerReviews,HG 1/144 AMX-104 R-Jarja [Twilight Axis Ver.] Model kit
B08D5ZX9RQ,,,,
B0011W6M6C,,194.19,https://www.amazon.com.au/Thomson-Bicycle-Seatpost-Setback-27-2X330mm/dp/B0011W6M6C/ref=sr_1_70?dib=eyJ2IjoiMSJ9.3w1RUWv6l468VnES1vdN6D1X0PNg-R7CKQTEB5rcpLmAR07YK51bzHnvWkc5evFkJ51sDsytdBHVyvgmrePutxDubvSAy_sSFjGBFIj-EjpQ_0NdrLZRRwT_aB57R5onrdAw6hmpadLewz2o1cQU9lmSBl6LhHDMozfHW1h6WYg.FSP8tQvdYVIgi1Tea0RUe6kOO85puj4UvRsN84dOE-U&dib_tag=se&m=A3SFQLVXY8GUH2&marketplaceID=A39IBJ37TRP1C6&qid=1774740931&refinements=p_36%3A19000-19500&s=merchant-items&sr=1-70&xpid=5fOAsJW61rbAJ#customerReviews,Thomson Elite Bicycle Seatpost
B0011W6M6C,,,,
B09C1R1PBX,,194.62,https://www.amazon.com.au/REMENT-Sumikko-Gurashi-Burger-Product/dp/B09C1R1PBX/ref=sr_1_71?dib=eyJ2IjoiMSJ9.3w1RUWv6l468VnES1vdN6D1X0PNg-R7CKQTEB5rcpLmAR07YK51bzHnvWkc5evFkJ51sDsytdBHVyvgmrePutxDubvSAy_sSFjGBFIj-EjpQ_0NdrLZRRwT_aB57R5onrdAw6hmpadLewz2o1cQU9lmSBl6LhHDMozfHW1h6WYg.FSP8tQvdYVIgi1Tea0RUe6kOO85puj4UvRsN84dOE-U&dib_tag=se&m=A3SFQLVXY8GUH2&marketplaceID=A39IBJ37TRP1C6&qid=1774740931&refinements=p_36%3A19000-19500&s=merchant-items&sr=1-71&xpid=5fOAsJW61rbAJ#customerReviews,"REMENT Sumikko Gurashi Burger Shop Box Product, 8 Types in Total, 8 Pieces"
B09TSTQLRX,,193.6,https://www.amazon.com.au/IPF-E141HFBW-Headlight-Effector-Asymmetric/dp/B09TSTQLRX/ref=sr_1_72?dib=eyJ2IjoiMSJ9.3w1RUWv6l468VnES1vdN6D1X0PNg-R7CKQTEB5rcpLmAR07YK51bzHnvWkc5evFkJ51sDsytdBHVyvgmrePutxDubvSAy_sSFjGBFIj-EjpQ_0NdrLZRRwT_aB57R5onrdAw6hmpadLewz2o1cQU9lmSBl6LhHDMozfHW1h6WYg.FSP8tQvdYVIgi1Tea0RUe6kOO85puj4UvRsN84dOE-U&dib_tag=se&m=A3SFQLVXY8GUH2&marketplaceID=A39IBJ37TRP1C6&qid=1774740931&refinements=p_36%3A19000-19500&s=merchant-items&sr=1-72&xpid=5fOAsJW61rbAJ#customerReviews,"IPF E141HFBW Headlight, Fog Lamp, LED Bulb, Effector Series, 6500K, H4, Halogen Size, Model with Cooling Fan, Asymmetric Top Shade"
B09TSTQLRX,,,,
B08QF89HHC,,190.73,https://www.amazon.com.au/Murakami-Imabari-Commercial-Lightweight-mc-ft10/dp/B08QF89HHC/ref=sr_1_73?dib=eyJ2IjoiMSJ9.3w1RUWv6l468VnES1vdN6D1X0PNg-R7CKQTEB5rcpLmAR07YK51bzHnvWkc5evFkJ51sDsytdBHVyvgmrePutxDubvSAy_sSFjGBFIj-EjpQ_0NdrLZRRwT_aB57R5onrdAw6hmpadLewz2o1cQU9lmSBl6LhHDMozfHW1h6WYg.FSP8tQvdYVIgi1Tea0RUe6kOO85puj4UvRsN84dOE-U&dib_tag=se&m=A3SFQLVXY8GUH2&marketplaceID=A39IBJ37TRP1C6&qid=1774740931&refinements=p_36%3A19000-19500&s=merchant-items&sr=1-73&xpid=5fOAsJW61rbAJ,"Murakami Towels, Imabari Towels, Commercial Use, Face Towels, Set of 10, M Color, 13.4 x 33.9 inches (34 x 86 cm), For Beauty Salons, 100 Colors, Lightweight and Thin, mc-ft10 (10 Colors Blue Gray)"
B08QF89HHC,,,,
B079FDYGF2,,192.15,https://www.amazon.com.au/remunosu-dyibaido-Lemnos-Divide-Stylish/dp/B079FDYGF2/ref=sr_1_74?dib=eyJ2IjoiMSJ9.3w1RUWv6l468VnES1vdN6D1X0PNg-R7CKQTEB5rcpLmAR07YK51bzHnvWkc5evFkJ51sDsytdBHVyvgmrePutxDubvSAy_sSFjGBFIj-EjpQ_0NdrLZRRwT_aB57R5onrdAw6hmpadLewz2o1cQU9lmSBl6LhHDMozfHW1h6WYg.FSP8tQvdYVIgi1Tea0RUe6kOO85puj4UvRsN84dOE-U&dib_tag=se&m=A3SFQLVXY8GUH2&marketplaceID=A39IBJ37TRP1C6&qid=1774740931&refinements=p_36%3A19000-19500&s=merchant-items&sr=1-74&xpid=5fOAsJW61rbAJ#customerReviews,Wall Clock remunosu dyibaido Lemnos Divide Stylish Nordic Nendo Saito ooki Design Modern Simple Figure NL17 – 01 Made in Japan
B079FDYGF2,,,,
B08HYYLDFM,,193.43,https://www.amazon.com.au/Good-Smile-Company-Nendoroid-Action/dp/B08HYYLDFM/ref=sr_1_75?dib=eyJ2IjoiMSJ9.3w1RUWv6l468VnES1vdN6D1X0PNg-R7CKQTEB5rcpLmAR07YK51bzHnvWkc5evFkJ51sDsytdBHVyvgmrePutxDubvSAy_sSFjGBFIj-EjpQ_0NdrLZRRwT_aB57R5onrdAw6hmpadLewz2o1cQU9lmSBl6LhHDMozfHW1h6WYg.FSP8tQvdYVIgi1Tea0RUe6kOO85puj4UvRsN84dOE-U&dib_tag=se&m=A3SFQLVXY8GUH2&marketplaceID=A39IBJ37TRP1C6&qid=1774740931&refinements=p_36%3A19000-19500&s=merchant-items&sr=1-75&xpid=5fOAsJW61rbAJ#customerReviews,Good Smile Company - RWBY Ruby Rose Nendoroid Action Figure
B0DHX7NWW5,,193.79,https://www.amazon.com.au/Bandai-Wandafuru-Narikiri-Transformation-Recommended/dp/B0DHX7NWW5/ref=sr_1_81?dib=eyJ2IjoiMSJ9.EzgVfS5JDl7hX8jTXYhyudU32qKuLAfgYbSlj9W8xifmJjY3natbht8Lp0kiMuUizW6LEQTOjqNf2Y4ZGhVeqw.LMlUl6bv32Dqs1CWzUAL_8U6LIKoFFax0fMxuDzxq_8&dib_tag=se&m=A3SFQLVXY8GUH2&marketplaceID=A39IBJ37TRP1C6&qid=1774740936&refinements=p_36%3A19000-19500&s=merchant-items&sr=1-81&xpid=5fOAsJW61rbAJ#customerReviews,"Bandai Wandafuru KYU! Narikiri Transformation Special Set, Recommended for Ages 3 and Up"
B08P5RG5VV,,191.25,https://www.amazon.com.au/Bandai-spirits-Unleashed-RX-78-2-Included/dp/B08P5RG5VV/ref=sr_1_82?dib=eyJ2IjoiMSJ9.EzgVfS5JDl7hX8jTXYhyudU32qKuLAfgYbSlj9W8xifmJjY3natbht8Lp0kiMuUizW6LEQTOjqNf2Y4ZGhVeqw.LMlUl6bv32Dqs1CWzUAL_8U6LIKoFFax0fMxuDzxq_8&dib_tag=se&m=A3SFQLVXY8GUH2&marketplaceID=A39IBJ37TRP1C6&qid=1774740936&refinements=p_36%3A19000-19500&s=merchant-items&sr=1-82&xpid=5fOAsJW61rbAJ#customerReviews,"Bandai spirits 1/60 PG Unleashed Clear Color Body Parts Set for RX-78-2 Gundam, Not Included MS Body"
B08P5RG5VV,,,,
B0017S38Q2,,190.32,https://www.amazon.com.au/Sanwa-Denki-Keiki-PC20-Multimeter/dp/B0017S38Q2/ref=sr_1_83?dib=eyJ2IjoiMSJ9.EzgVfS5JDl7hX8jTXYhyudU32qKuLAfgYbSlj9W8xifmJjY3natbht8Lp0kiMuUizW6LEQTOjqNf2Y4ZGhVeqw.LMlUl6bv32Dqs1CWzUAL_8U6LIKoFFax0fMxuDzxq_8&dib_tag=se&m=A3SFQLVXY8GUH2&marketplaceID=A39IBJ37TRP1C6&qid=1774740936&refinements=p_36%3A19000-19500&s=merchant-items&sr=1-83&xpid=5fOAsJW61rbAJ#customerReviews,SANWA Digital Multimeter PC20
B0017S38Q2,,,,
B0002E2BOM,,190.09,https://www.amazon.com.au/Bach-Large-Trombone-Mouthpiece-Silver/dp/B0002E2BOM/ref=sr_1_84?dib=eyJ2IjoiMSJ9.EzgVfS5JDl7hX8jTXYhyudU32qKuLAfgYbSlj9W8xifmJjY3natbht8Lp0kiMuUizW6LEQTOjqNf2Y4ZGhVeqw.LMlUl6bv32Dqs1CWzUAL_8U6LIKoFFax0fMxuDzxq_8&dib_tag=se&m=A3SFQLVXY8GUH2&marketplaceID=A39IBJ37TRP1C6&qid=1774740936&refinements=p_36%3A19000-19500&s=merchant-items&sr=1-84&xpid=5fOAsJW61rbAJ#customerReviews,BACH Trombone Mouthpiece (3415GS)
B0002E2BOM,,,,
B0CJC8B7L1,,193.64,https://www.amazon.com.au/Persona-Nendoroid-Yoshizawa-Phantom-Version/dp/B0CJC8B7L1/ref=sr_1_85?dib=eyJ2IjoiMSJ9.EzgVfS5JDl7hX8jTXYhyudU32qKuLAfgYbSlj9W8xifmJjY3natbht8Lp0kiMuUizW6LEQTOjqNf2Y4ZGhVeqw.LMlUl6bv32Dqs1CWzUAL_8U6LIKoFFax0fMxuDzxq_8&dib_tag=se&m=A3SFQLVXY8GUH2&marketplaceID=A39IBJ37TRP1C6&qid=1774740936&refinements=p_36%3A19000-19500&s=merchant-items&sr=1-85&xpid=5fOAsJW61rbAJ#customerReviews,Persona 5 Nendoroid Royal Kasumi Yoshizawa Phantom Thief Version
B000WOYF8C,,192.08,https://www.amazon.com.au/Gundam-RX-0-Unicorn-Ver-Scale/dp/B000WOYF8C/ref=sr_1_81?dib=eyJ2IjoiMSJ9.HCCjXTx4LYGElwPqE66aM5Fvs4CwukKePXKF4a0bdmmvVlLp778SuuvW3Fw93ZMhYh1eDTUa43wd0mXr82wWXYbZK9JseUbDn-9OZZMkSN6HuZ0VAWuwXKGOhCf1Bvt5V1Yq9IVE7jDBjPbrsQXeduAMcARV2FgtZ8PcCaE7eDg.m-gmJfgPsSF1lcT4_NSVmXksoVomsXEVlfx8ncutApw&dib_tag=se&m=A3SFQLVXY8GUH2&marketplaceID=A39IBJ37TRP1C6&qid=1774740936&refinements=p_36%3A19000-19500&s=merchant-items&sr=1-81&xpid=5fOAsJW61rbAJ#customerReviews,Gundam RX-0 Unicorn Gundam Ver Ka MG 1/100 Scale
B000WOYF8C,,,,
B08XZ3B1QV,,193.43,https://www.amazon.com.au/Snow-Peak-TW-530-Shimo-Growler/dp/B08XZ3B1QV/ref=sr_1_82?dib=eyJ2IjoiMSJ9.HCCjXTx4LYGElwPqE66aM5Fvs4CwukKePXKF4a0bdmmvVlLp778SuuvW3Fw93ZMhYh1eDTUa43wd0mXr82wWXYbZK9JseUbDn-9OZZMkSN6HuZ0VAWuwXKGOhCf1Bvt5V1Yq9IVE7jDBjPbrsQXeduAMcARV2FgtZ8PcCaE7eDg.m-gmJfgPsSF1lcT4_NSVmXksoVomsXEVlfx8ncutApw&dib_tag=se&m=A3SFQLVXY8GUH2&marketplaceID=A39IBJ37TRP1C6&qid=1774740936&refinements=p_36%3A19000-19500&s=merchant-items&sr=1-82&xpid=5fOAsJW61rbAJ#customerReviews,Shimo Growler
B08XZ3B1QV,,,,
B09Y926VWL,,192.94,https://www.amazon.com.au/CAworks-Darkness-Furutekawa-Seaside-Finished/dp/B09Y926VWL/ref=sr_1_83?dib=eyJ2IjoiMSJ9.HCCjXTx4LYGElwPqE66aM5Fvs4CwukKePXKF4a0bdmmvVlLp778SuuvW3Fw93ZMhYh1eDTUa43wd0mXr82wWXYbZK9JseUbDn-9OZZMkSN6HuZ0VAWuwXKGOhCf1Bvt5V1Yq9IVE7jDBjPbrsQXeduAMcARV2FgtZ8PcCaE7eDg.m-gmJfgPsSF1lcT4_NSVmXksoVomsXEVlfx8ncutApw&dib_tag=se&m=A3SFQLVXY8GUH2&marketplaceID=A39IBJ37TRP1C6&qid=1774740936&refinements=p_36%3A19000-19500&s=merchant-items&sr=1-83&xpid=5fOAsJW61rbAJ#customerReviews,"CAworks to Love Ru Darkness Yui Furutekawa Sea Breeze Seaside Version, 1/7 Scale, Plastic, Painted, Finished Figure"
B099WJD348,,191.32,https://www.amazon.com.au/FREEing-R-Type-Cereberus-Albatross-Multicolor/dp/B099WJD348/ref=sr_1_84?dib=eyJ2IjoiMSJ9.HCCjXTx4LYGElwPqE66aM5Fvs4CwukKePXKF4a0bdmmvVlLp778SuuvW3Fw93ZMhYh1eDTUa43wd0mXr82wWXYbZK9JseUbDn-9OZZMkSN6HuZ0VAWuwXKGOhCf1Bvt5V1Yq9IVE7jDBjPbrsQXeduAMcARV2FgtZ8PcCaE7eDg.m-gmJfgPsSF1lcT4_NSVmXksoVomsXEVlfx8ncutApw&dib_tag=se&m=A3SFQLVXY8GUH2&marketplaceID=A39IBJ37TRP1C6&qid=1774740936&refinements=p_36%3A19000-19500&s=merchant-items&sr=1-84&xpid=5fOAsJW61rbAJ,"FREEing R-Type Final 2 R-13A Cereberus & RX-10 Albatross Figma Action Figure, Multicolor"
B07D6T6CL4,,190.54,https://www.amazon.com.au/TRD-Corolla-MS204-00003-Vehicles-Asymmetrical/dp/B07D6T6CL4/ref=sr_1_85?dib=eyJ2IjoiMSJ9.HCCjXTx4LYGElwPqE66aM5Fvs4CwukKePXKF4a0bdmmvVlLp778SuuvW3Fw93ZMhYh1eDTUa43wd0mXr82wWXYbZK9JseUbDn-9OZZMkSN6HuZ0VAWuwXKGOhCf1Bvt5V1Yq9IVE7jDBjPbrsQXeduAMcARV2FgtZ8PcCaE7eDg.m-gmJfgPsSF1lcT4_NSVmXksoVomsXEVlfx8ncutApw&dib_tag=se&m=A3SFQLVXY8GUH2&marketplaceID=A39IBJ37TRP1C6&qid=1774740936&refinements=p_36%3A19000-19500&s=merchant-items&sr=1-85&xpid=5fOAsJW61rbAJ#customerReviews,TRD Corolla Fielder E16# MS204-00003 Genuine Leather Shift Knob (for at Vehicles with Left and Right Asymmetrical)
B07D6T6CL4,,,,
B0028VOG04,,191.56,https://www.amazon.com.au/Macross-Frontier-Sheryl-Nome-Figure/dp/B0028VOG04/ref=sr_1_86?dib=eyJ2IjoiMSJ9.HCCjXTx4LYGElwPqE66aM5Fvs4CwukKePXKF4a0bdmmvVlLp778SuuvW3Fw93ZMhYh1eDTUa43wd0mXr82wWXYbZK9JseUbDn-9OZZMkSN6HuZ0VAWuwXKGOhCf1Bvt5V1Yq9IVE7jDBjPbrsQXeduAMcARV2FgtZ8PcCaE7eDg.m-gmJfgPsSF1lcT4_NSVmXksoVomsXEVlfx8ncutApw&dib_tag=se&m=A3SFQLVXY8GUH2&marketplaceID=A39IBJ37TRP1C6&qid=1774740936&refinements=p_36%3A19000-19500&s=merchant-items&sr=1-86&xpid=5fOAsJW61rbAJ#customerReviews,Macross Frontier - 1/8 Sheryl Nome PVC Figure
B08Q35WQGV,,190.23,https://www.amazon.com.au/Magnetic-MRC-CPL-Filter-82mm/dp/B08Q35WQGV/ref=sr_1_87?dib=eyJ2IjoiMSJ9.HCCjXTx4LYGElwPqE66aM5Fvs4CwukKePXKF4a0bdmmvVlLp778SuuvW3Fw93ZMhYh1eDTUa43wd0mXr82wWXYbZK9JseUbDn-9OZZMkSN6HuZ0VAWuwXKGOhCf1Bvt5V1Yq9IVE7jDBjPbrsQXeduAMcARV2FgtZ8PcCaE7eDg.m-gmJfgPsSF1lcT4_NSVmXksoVomsXEVlfx8ncutApw&dib_tag=se&m=A3SFQLVXY8GUH2&marketplaceID=A39IBJ37TRP1C6&qid=1774740936&refinements=p_36%3A19000-19500&s=merchant-items&sr=1-87&xpid=5fOAsJW61rbAJ#customerReviews,H & Y Magnetic HD MRC CPL Filter (82mm)
B08Q35WQGV,,,,
B0B5YY2YHZ,,193.84,https://www.amazon.com.au/Hobby-Stock-Symphogear-Kirika-Akatsuki/dp/B0B5YY2YHZ/ref=sr_1_88?dib=eyJ2IjoiMSJ9.HCCjXTx4LYGElwPqE66aM5Fvs4CwukKePXKF4a0bdmmvVlLp778SuuvW3Fw93ZMhYh1eDTUa43wd0mXr82wWXYbZK9JseUbDn-9OZZMkSN6HuZ0VAWuwXKGOhCf1Bvt5V1Yq9IVE7jDBjPbrsQXeduAMcARV2FgtZ8PcCaE7eDg.m-gmJfgPsSF1lcT4_NSVmXksoVomsXEVlfx8ncutApw&dib_tag=se&m=A3SFQLVXY8GUH2&marketplaceID=A39IBJ37TRP1C6&qid=1774740936&refinements=p_36%3A19000-19500&s=merchant-items&sr=1-88&xpid=5fOAsJW61rbAJ#customerReviews,Hobby Stock - Symphogear XV - Kirika Akatsuki Gear Inner 1/7 PVC Figure
B09PYTWBRN,,194.87,https://www.amazon.com.au/Cardfight-Vanguard-10th-Anniversary-GiftBox/dp/B09PYTWBRN/ref=sr_1_89?dib=eyJ2IjoiMSJ9.HCCjXTx4LYGElwPqE66aM5Fvs4CwukKePXKF4a0bdmmvVlLp778SuuvW3Fw93ZMhYh1eDTUa43wd0mXr82wWXYbZK9JseUbDn-9OZZMkSN6HuZ0VAWuwXKGOhCf1Bvt5V1Yq9IVE7jDBjPbrsQXeduAMcARV2FgtZ8PcCaE7eDg.m-gmJfgPsSF1lcT4_NSVmXksoVomsXEVlfx8ncutApw&dib_tag=se&m=A3SFQLVXY8GUH2&marketplaceID=A39IBJ37TRP1C6&qid=1774740936&refinements=p_36%3A19000-19500&s=merchant-items&sr=1-89&xpid=5fOAsJW61rbAJ#customerReviews,Bushiroad Vanguard 10th Anniversary GiftBox - Trading & Collectible Card Game Deck & Set - 7 Pieces
B09PYTWBRN,,,,
B09KXTKRC2,,194.87,https://www.amazon.com.au/TOMIX-98105-GV-E400-Railway-Diesel/dp/B09KXTKRC2/ref=sr_1_90?dib=eyJ2IjoiMSJ9.HCCjXTx4LYGElwPqE66aM5Fvs4CwukKePXKF4a0bdmmvVlLp778SuuvW3Fw93ZMhYh1eDTUa43wd0mXr82wWXYbZK9JseUbDn-9OZZMkSN6HuZ0VAWuwXKGOhCf1Bvt5V1Yq9IVE7jDBjPbrsQXeduAMcARV2FgtZ8PcCaE7eDg.m-gmJfgPsSF1lcT4_NSVmXksoVomsXEVlfx8ncutApw&dib_tag=se&m=A3SFQLVXY8GUH2&marketplaceID=A39IBJ37TRP1C6&qid=1774740936&refinements=p_36%3A19000-19500&s=merchant-items&sr=1-90&xpid=5fOAsJW61rbAJ#customerReviews,TOMIX 98105 N Gauge JR GV-E400 Type Akita Color Set Railway Model Diesel Car
B09KXTKRC2,,,,
B08W5643SX,,192.58,https://www.amazon.com.au/Daiwa-%CE%B1160CH-Light-Holder-Blue/dp/B08W5643SX/ref=sr_1_91?dib=eyJ2IjoiMSJ9.HCCjXTx4LYGElwPqE66aM5Fvs4CwukKePXKF4a0bdmmvVlLp778SuuvW3Fw93ZMhYh1eDTUa43wd0mXr82wWXYbZK9JseUbDn-9OZZMkSN6HuZ0VAWuwXKGOhCf1Bvt5V1Yq9IVE7jDBjPbrsQXeduAMcARV2FgtZ8PcCaE7eDg.m-gmJfgPsSF1lcT4_NSVmXksoVomsXEVlfx8ncutApw&dib_tag=se&m=A3SFQLVXY8GUH2&marketplaceID=A39IBJ37TRP1C6&qid=1774740936&refinements=p_36%3A19000-19500&s=merchant-items&sr=1-91&xpid=5fOAsJW61rbAJ#customerReviews,Daiwa α160CH Light Holder
B08W5643SX,,,,
B082YD224Z,,190.75,https://www.amazon.com.au/Sikiin-Non-Scale-Painted-Complete-Figure/dp/B082YD224Z/ref=sr_1_97?dib=eyJ2IjoiMSJ9.U3YAlsK0TydO131OYVaEDROfTUl56apfPhuIdXKUK_WocZNAEutOkBwnuB2JZ37d0_FCQ6ohu4BwvczR-B_KSg.zNu4JCFcYYPFBdw44t-GXosndoEuRMTm6uPQ5nESWKE&dib_tag=se&m=A3SFQLVXY8GUH2&marketplaceID=A39IBJ37TRP1C6&qid=1774740942&refinements=p_36%3A19000-19500&s=merchant-items&sr=1-97&xpid=5fOAsJW61rbAJ#customerReviews,"Toji Sanshikiin, Non-Scale, PVC & ABS, Painted Finished Figure"
B0BP1F2DQ5,,191.08,https://www.amazon.com.au/TAMA-TAT10-Tama-Percussion-Table/dp/B0BP1F2DQ5/ref=sr_1_98?dib=eyJ2IjoiMSJ9.U3YAlsK0TydO131OYVaEDROfTUl56apfPhuIdXKUK_WocZNAEutOkBwnuB2JZ37d0_FCQ6ohu4BwvczR-B_KSg.zNu4JCFcYYPFBdw44t-GXosndoEuRMTm6uPQ5nESWKE&dib_tag=se&m=A3SFQLVXY8GUH2&marketplaceID=A39IBJ37TRP1C6&qid=1774740942&refinements=p_36%3A19000-19500&s=merchant-items&sr=1-98&xpid=5fOAsJW61rbAJ#customerReviews,Tama Drum Kit Accessories Tray
B0BP1F2DQ5,,,,
B00HGSZCWA,,215.39,https://www.amazon.com.au/S-H-Figuarts-Kamen-Rider-Blade-King/dp/B00HGSZCWA/ref=sr_1_99?dib=eyJ2IjoiMSJ9.U3YAlsK0TydO131OYVaEDROfTUl56apfPhuIdXKUK_WocZNAEutOkBwnuB2JZ37d0_FCQ6ohu4BwvczR-B_KSg.zNu4JCFcYYPFBdw44t-GXosndoEuRMTm6uPQ5nESWKE&dib_tag=se&m=A3SFQLVXY8GUH2&marketplaceID=A39IBJ37TRP1C6&qid=1774740942&refinements=p_36%3A19000-19500&s=merchant-items&sr=1-99&xpid=5fOAsJW61rbAJ#customerReviews,S.H.Figuarts - Kamen Rider Blade King Form
B06Y1K86FV,,191.4,https://www.amazon.com.au/Mikashima-SYLVAN-TOURING-Superior-touring/dp/B06Y1K86FV/ref=sr_1_100?dib=eyJ2IjoiMSJ9.U3YAlsK0TydO131OYVaEDROfTUl56apfPhuIdXKUK_WocZNAEutOkBwnuB2JZ37d0_FCQ6ohu4BwvczR-B_KSg.zNu4JCFcYYPFBdw44t-GXosndoEuRMTm6uPQ5nESWKE&dib_tag=se&m=A3SFQLVXY8GUH2&marketplaceID=A39IBJ37TRP1C6&qid=1774740942&refinements=p_36%3A19000-19500&s=merchant-items&sr=1-100&xpid=5fOAsJW61rbAJ#customerReviews,MKS Sylvan Touring Next Pedal Silver Left and Right Set
B06Y1K86FV,,,,
B0CK7PSYG6,,193.74,https://www.amazon.com.au/Megahouse-Machine-Build-Mobile-Gundam/dp/B0CK7PSYG6/ref=sr_1_101?dib=eyJ2IjoiMSJ9.U3YAlsK0TydO131OYVaEDROfTUl56apfPhuIdXKUK_WocZNAEutOkBwnuB2JZ37d0_FCQ6ohu4BwvczR-B_KSg.zNu4JCFcYYPFBdw44t-GXosndoEuRMTm6uPQ5nESWKE&dib_tag=se&m=A3SFQLVXY8GUH2&marketplaceID=A39IBJ37TRP1C6&qid=1774740942&refinements=p_36%3A19000-19500&s=merchant-items&sr=1-101&xpid=5fOAsJW61rbAJ#customerReviews,Megahouse Machine Build Series Mobile Suit Gundam - Skiure
B0BCF8PRXQ,,191.85,https://www.amazon.com.au/Honma-Balls-Model-Dozen-Yellow/dp/B0BCF8PRXQ/ref=sr_1_97?dib=eyJ2IjoiMSJ9.x-uOsIBbc4Ahlz7aN9qvpvQlEcIwyT26dxKO189Zwyab7_6FHdeFpJoLnKkqq0GbQ97B14oscbZYJfJm-TwsibTR8EgqJ5io0RSkRsn_XRNx-w10Sq8NG3_0q2A8oC41olJ9L2CsxJuD54Zkk03VzZkjF6gKIsuzeHFzq7-KDyU.f4yqd-JGIq_zEJfxDVbNxdYf8ZemsoZifsr5nqCix6s&dib_tag=se&m=A3SFQLVXY8GUH2&marketplaceID=A39IBJ37TRP1C6&qid=1774740942&refinements=p_36%3A19000-19500&s=merchant-items&sr=1-97&xpid=5fOAsJW61rbAJ#customerReviews,"Honma Golf TW-X Balls, 2021 Model, 3 Dozen Set, 3 Dozens (36 Pieces)"
B0BCF8PRXQ,,,,
B08MFGRTZL,,191.05,https://www.amazon.com.au/Bandai-Macross-Sv-262Ba-Draken-Equipment/dp/B08MFGRTZL/ref=sr_1_98?dib=eyJ2IjoiMSJ9.x-uOsIBbc4Ahlz7aN9qvpvQlEcIwyT26dxKO189Zwyab7_6FHdeFpJoLnKkqq0GbQ97B14oscbZYJfJm-TwsibTR8EgqJ5io0RSkRsn_XRNx-w10Sq8NG3_0q2A8oC41olJ9L2CsxJuD54Zkk03VzZkjF6gKIsuzeHFzq7-KDyU.f4yqd-JGIq_zEJfxDVbNxdYf8ZemsoZifsr5nqCix6s&dib_tag=se&m=A3SFQLVXY8GUH2&marketplaceID=A39IBJ37TRP1C6&qid=1774740942&refinements=p_36%3A19000-19500&s=merchant-items&sr=1-98&xpid=5fOAsJW61rbAJ#customerReviews,Bandai Plamo Macross Delta Sv-262Ba Draken III/Lill Draken Equipment (Mirage Farina Jenius Custom)
B08MFGRTZL,,,,
B0C6DP76KK,,194.28,https://www.amazon.com.au/Tobidase-Kyubitsu-Communication-Division-Excellence/dp/B0C6DP76KK/ref=sr_1_99?dib=eyJ2IjoiMSJ9.x-uOsIBbc4Ahlz7aN9qvpvQlEcIwyT26dxKO189Zwyab7_6FHdeFpJoLnKkqq0GbQ97B14oscbZYJfJm-TwsibTR8EgqJ5io0RSkRsn_XRNx-w10Sq8NG3_0q2A8oC41olJ9L2CsxJuD54Zkk03VzZkjF6gKIsuzeHFzq7-KDyU.f4yqd-JGIq_zEJfxDVbNxdYf8ZemsoZifsr5nqCix6s&dib_tag=se&m=A3SFQLVXY8GUH2&marketplaceID=A39IBJ37TRP1C6&qid=1774740942&refinements=p_36%3A19000-19500&s=merchant-items&sr=1-99&xpid=5fOAsJW61rbAJ#customerReviews,Tobidase! Kyubitsu Mint [Japan Toy Award 2023 Communication Toy Division Excellence Award]
B0C6DP76KK,,,,
B0B7MXQSC5,,190.34,https://www.amazon.com.au/MAX-Factory-Hololive-Production-Figurema/dp/B0B7MXQSC5/ref=sr_1_100?dib=eyJ2IjoiMSJ9.x-uOsIBbc4Ahlz7aN9qvpvQlEcIwyT26dxKO189Zwyab7_6FHdeFpJoLnKkqq0GbQ97B14oscbZYJfJm-TwsibTR8EgqJ5io0RSkRsn_XRNx-w10Sq8NG3_0q2A8oC41olJ9L2CsxJuD54Zkk03VzZkjF6gKIsuzeHFzq7-KDyU.f4yqd-JGIq_zEJfxDVbNxdYf8ZemsoZifsr5nqCix6s&dib_tag=se&m=A3SFQLVXY8GUH2&marketplaceID=A39IBJ37TRP1C6&qid=1774740942&refinements=p_36%3A19000-19500&s=merchant-items&sr=1-100&xpid=5fOAsJW61rbAJ#customerReviews,Max Factory Hololive Production Hololive Production Figma Houshou Marine
B002J9HTS6,,193.68,https://www.amazon.com.au/SL-83/dp/B002J9HTS6/ref=sr_1_101?dib=eyJ2IjoiMSJ9.x-uOsIBbc4Ahlz7aN9qvpvQlEcIwyT26dxKO189Zwyab7_6FHdeFpJoLnKkqq0GbQ97B14oscbZYJfJm-TwsibTR8EgqJ5io0RSkRsn_XRNx-w10Sq8NG3_0q2A8oC41olJ9L2CsxJuD54Zkk03VzZkjF6gKIsuzeHFzq7-KDyU.f4yqd-JGIq_zEJfxDVbNxdYf8ZemsoZifsr5nqCix6s&dib_tag=se&m=A3SFQLVXY8GUH2&marketplaceID=A39IBJ37TRP1C6&qid=1774740942&refinements=p_36%3A19000-19500&s=merchant-items&sr=1-101&xpid=5fOAsJW61rbAJ#customerReviews,Engineer SL-83 Head Loupe
B002J9HTS6,,,,
B09493TF6R,,191.23,https://www.amazon.com.au/Max-Factory-Figma-Styles-Multicolor/dp/B09493TF6R/ref=sr_1_102?dib=eyJ2IjoiMSJ9.x-uOsIBbc4Ahlz7aN9qvpvQlEcIwyT26dxKO189Zwyab7_6FHdeFpJoLnKkqq0GbQ97B14oscbZYJfJm-TwsibTR8EgqJ5io0RSkRsn_XRNx-w10Sq8NG3_0q2A8oC41olJ9L2CsxJuD54Zkk03VzZkjF6gKIsuzeHFzq7-KDyU.f4yqd-JGIq_zEJfxDVbNxdYf8ZemsoZifsr5nqCix6s&dib_tag=se&m=A3SFQLVXY8GUH2&marketplaceID=A39IBJ37TRP1C6&qid=1774740942&refinements=p_36%3A19000-19500&s=merchant-items&sr=1-102&xpid=5fOAsJW61rbAJ#customerReviews,"Max Factory Figma Styles: Female Body (Yuki) with Techwear Outfit Figma Action Figure, Multicolor"
B01MXRLEAJ,,190.46,https://www.amazon.com.au/FREEing-Detective-Conan-Criminal-Action/dp/B01MXRLEAJ/ref=sr_1_103?dib=eyJ2IjoiMSJ9.x-uOsIBbc4Ahlz7aN9qvpvQlEcIwyT26dxKO189Zwyab7_6FHdeFpJoLnKkqq0GbQ97B14oscbZYJfJm-TwsibTR8EgqJ5io0RSkRsn_XRNx-w10Sq8NG3_0q2A8oC41olJ9L2CsxJuD54Zkk03VzZkjF6gKIsuzeHFzq7-KDyU.f4yqd-JGIq_zEJfxDVbNxdYf8ZemsoZifsr5nqCix6s&dib_tag=se&m=A3SFQLVXY8GUH2&marketplaceID=A39IBJ37TRP1C6&qid=1774740942&refinements=p_36%3A19000-19500&s=merchant-items&sr=1-103&xpid=5fOAsJW61rbAJ,FREEing Detective Conan: True Criminal Figma Action Figure
B0B6C5JTR4,,190.6,https://www.amazon.com.au/KTC-B8-46W-Machine-25-4SQ-Socket/dp/B0B6C5JTR4/ref=sr_1_104?dib=eyJ2IjoiMSJ9.x-uOsIBbc4Ahlz7aN9qvpvQlEcIwyT26dxKO189Zwyab7_6FHdeFpJoLnKkqq0GbQ97B14oscbZYJfJm-TwsibTR8EgqJ5io0RSkRsn_XRNx-w10Sq8NG3_0q2A8oC41olJ9L2CsxJuD54Zkk03VzZkjF6gKIsuzeHFzq7-KDyU.f4yqd-JGIq_zEJfxDVbNxdYf8ZemsoZifsr5nqCix6s&dib_tag=se&m=A3SFQLVXY8GUH2&marketplaceID=A39IBJ37TRP1C6&qid=1774740942&refinements=p_36%3A19000-19500&s=merchant-items&sr=1-104&xpid=5fOAsJW61rbAJ,KTC B8-46W Kyoto Machine Tool 25.4SQ Hex Socket Wrench 1.8 inches (46 mm)
B0B6C5JTR4,,,,
B0C26ZGD5Z,,190.53,https://www.amazon.com.au/Yamazaki-Industries-3769-Magnetic-Bathroom/dp/B0C26ZGD5Z/ref=sr_1_105?dib=eyJ2IjoiMSJ9.x-uOsIBbc4Ahlz7aN9qvpvQlEcIwyT26dxKO189Zwyab7_6FHdeFpJoLnKkqq0GbQ97B14oscbZYJfJm-TwsibTR8EgqJ5io0RSkRsn_XRNx-w10Sq8NG3_0q2A8oC41olJ9L2CsxJuD54Zkk03VzZkjF6gKIsuzeHFzq7-KDyU.f4yqd-JGIq_zEJfxDVbNxdYf8ZemsoZifsr5nqCix6s&dib_tag=se&m=A3SFQLVXY8GUH2&marketplaceID=A39IBJ37TRP1C6&qid=1774740942&refinements=p_36%3A19000-19500&s=merchant-items&sr=1-105&xpid=5fOAsJW61rbAJ#customerReviews,"Yamazaki Industries 3769 Magnetic Bathroom Basket, Wide, White, Approx. W 17.5 x D 4.8 x H 4.7 inches (44.3 x 12.3 x 12.3 x 12 cm), Tower, Bathroom Rack, Hooks Included, Slim, Floating Storage"
B0C26ZGD5Z,,,,
B07NSC5XQK,,192.26,https://www.amazon.com.au/TAMA-STAGEMASTER-HS40LOWN-Position-Double/dp/B07NSC5XQK/ref=sr_1_106?dib=eyJ2IjoiMSJ9.x-uOsIBbc4Ahlz7aN9qvpvQlEcIwyT26dxKO189Zwyab7_6FHdeFpJoLnKkqq0GbQ97B14oscbZYJfJm-TwsibTR8EgqJ5io0RSkRsn_XRNx-w10Sq8NG3_0q2A8oC41olJ9L2CsxJuD54Zkk03VzZkjF6gKIsuzeHFzq7-KDyU.f4yqd-JGIq_zEJfxDVbNxdYf8ZemsoZifsr5nqCix6s&dib_tag=se&m=A3SFQLVXY8GUH2&marketplaceID=A39IBJ37TRP1C6&qid=1774740942&refinements=p_36%3A19000-19500&s=merchant-items&sr=1-106&xpid=5fOAsJW61rbAJ#customerReviews,"TAMA STAGEMASTER Series HS40LOWN ""Low Position"" Double Leg Snare Stand"
B07NSC5XQK,,,,
B0CPSST2C4,,194.35,https://www.amazon.com.au/Callaway-Travel-Cover-Athle-Black/dp/B0CPSST2C4/ref=sr_1_107?dib=eyJ2IjoiMSJ9.x-uOsIBbc4Ahlz7aN9qvpvQlEcIwyT26dxKO189Zwyab7_6FHdeFpJoLnKkqq0GbQ97B14oscbZYJfJm-TwsibTR8EgqJ5io0RSkRsn_XRNx-w10Sq8NG3_0q2A8oC41olJ9L2CsxJuD54Zkk03VzZkjF6gKIsuzeHFzq7-KDyU.f4yqd-JGIq_zEJfxDVbNxdYf8ZemsoZifsr5nqCix6s&dib_tag=se&m=A3SFQLVXY8GUH2&marketplaceID=A39IBJ37TRP1C6&qid=1774740942&refinements=p_36%3A19000-19500&s=merchant-items&sr=1-107&xpid=5fOAsJW61rbAJ#customerReviews,Callaway Travel Cover 24 (Fits 7.5 to 9.5 Types) Men's
B0CPSST2C4,,,,
B0010HQR40,,192.46,https://www.amazon.com.au/EBM-Titanium-Lightweight-Chinese-Double/dp/B0010HQR40/ref=sr_1_113?dib=eyJ2IjoiMSJ9.AJnmbDAsUrrRe5Gm0VExM62O1t6fiKDEZAglCrsA4tJQbYnl6NY_4GSuT_d0wHNBb11NQAvbWxtku1zrQ5t04A.WvvkKCoZApxveL54qQ-RdKcods5AlufXbIfn29ycCr0&dib_tag=se&m=A3SFQLVXY8GUH2&marketplaceID=A39IBJ37TRP1C6&qid=1774740947&refinements=p_36%3A19000-19500&s=merchant-items&sr=1-113&xpid=5fOAsJW61rbAJ,"EBM Pure Titanium Ultra Lightweight Chinese Double Handed Pot, 11.8 inches (30 cm)"
B0010HQR40,,,,
B09Z2N42PX,,192.08,https://www.amazon.com.au/AMU-FNX767-Himehiri-Version-Painted-Finished/dp/B09Z2N42PX/ref=sr_1_114?dib=eyJ2IjoiMSJ9.AJnmbDAsUrrRe5Gm0VExM62O1t6fiKDEZAglCrsA4tJQbYnl6NY_4GSuT_d0wHNBb11NQAvbWxtku1zrQ5t04A.WvvkKCoZApxveL54qQ-RdKcods5AlufXbIfn29ycCr0&dib_tag=se&m=A3SFQLVXY8GUH2&marketplaceID=A39IBJ37TRP1C6&qid=1774740947&refinements=p_36%3A19000-19500&s=merchant-items&sr=1-114&xpid=5fOAsJW61rbAJ,"Fryu Strike The Blood Final AMU-FNX767 Yukina Himehiri, Maid Version, 1/7 Scale, PVC, Painted, Finished Figure"
B00078MHME,,193.19,https://www.amazon.com.au/Ironware-Practicality-Included-Induction-Compatible/dp/B00078MHME/ref=sr_1_115?dib=eyJ2IjoiMSJ9.AJnmbDAsUrrRe5Gm0VExM62O1t6fiKDEZAglCrsA4tJQbYnl6NY_4GSuT_d0wHNBb11NQAvbWxtku1zrQ5t04A.WvvkKCoZApxveL54qQ-RdKcods5AlufXbIfn29ycCr0&dib_tag=se&m=A3SFQLVXY8GUH2&marketplaceID=A39IBJ37TRP1C6&qid=1774740947&refinements=p_36%3A19000-19500&s=merchant-items&sr=1-115&xpid=5fOAsJW61rbAJ#customerReviews,"Sori Yanagi Nanbu Ironware Oil Pan with Simple Design and High Practicality, Made in Japan, Oil Pan, 8.7 inches (22 cm), Lid Included, Induction Compatible"
B00078MHME,,,,
B002QYNIGQ,,190.2,https://www.amazon.com.au/Armor-Plus-Teknoman-Blade-Bandai/dp/B002QYNIGQ/ref=sr_1_116?dib=eyJ2IjoiMSJ9.AJnmbDAsUrrRe5Gm0VExM62O1t6fiKDEZAglCrsA4tJQbYnl6NY_4GSuT_d0wHNBb11NQAvbWxtku1zrQ5t04A.WvvkKCoZApxveL54qQ-RdKcods5AlufXbIfn29ycCr0&dib_tag=se&m=A3SFQLVXY8GUH2&marketplaceID=A39IBJ37TRP1C6&qid=1774740947&refinements=p_36%3A19000-19500&s=merchant-items&sr=1-116&xpid=5fOAsJW61rbAJ#customerReviews,Armor Plus Teknoman Blade by Bandai
B08NPQZ592,,190.48,https://www.amazon.com.au/Kadokawa-Misfit-Demon-King-Academy/dp/B08NPQZ592/ref=sr_1_117?dib=eyJ2IjoiMSJ9.AJnmbDAsUrrRe5Gm0VExM62O1t6fiKDEZAglCrsA4tJQbYnl6NY_4GSuT_d0wHNBb11NQAvbWxtku1zrQ5t04A.WvvkKCoZApxveL54qQ-RdKcods5AlufXbIfn29ycCr0&dib_tag=se&m=A3SFQLVXY8GUH2&marketplaceID=A39IBJ37TRP1C6&qid=1774740947&refinements=p_36%3A19000-19500&s=merchant-items&sr=1-117&xpid=5fOAsJW61rbAJ#customerReviews,Kadokawa The Misfit of Demon King Academy: Misha Necron (Swimsuit Version) 1:7 Scale PVC Figure
B077SFYMSQ,,193.24,https://www.amazon.com.au/Third-Party-Figurine-Creator-3700936112972/dp/B077SFYMSQ/ref=sr_1_113?dib=eyJ2IjoiMSJ9.1a8uqTTeubYHabCXUzhXN3F-HaZmCu_j07XYckRdfkK5pf9JoJV2ZZK8HepAb1aqhCPYrwQNv1b-Ht5ninpIR-3qSSnAb5nd6BH6ZIK-BFgr1hEQHbVzcbTX1TO2QdDtjtRCTcQt_YPRiHKvo6rcPgvumR1uP-z3XaI2bjClk9Y.pky4y9826kLNh7YNfhU3B2eYvu-ZN-bsVL3dbpwv3H0&dib_tag=se&m=A3SFQLVXY8GUH2&marketplaceID=A39IBJ37TRP1C6&qid=1774740947&refinements=p_36%3A19000-19500&s=merchant-items&sr=1-113&xpid=5fOAsJW61rbAJ#customerReviews,Third Party - Figurine DBZ - Vegeta Great Ape Creator X Creator Variant Colour 13cm - 3700936112972
B0B3HQPGCY,,190.45,https://www.amazon.com.au/Wahei-RB-2505-Cooking-Fluorine-Resistant/dp/B0B3HQPGCY/ref=sr_1_114?dib=eyJ2IjoiMSJ9.1a8uqTTeubYHabCXUzhXN3F-HaZmCu_j07XYckRdfkK5pf9JoJV2ZZK8HepAb1aqhCPYrwQNv1b-Ht5ninpIR-3qSSnAb5nd6BH6ZIK-BFgr1hEQHbVzcbTX1TO2QdDtjtRCTcQt_YPRiHKvo6rcPgvumR1uP-z3XaI2bjClk9Y.pky4y9826kLNh7YNfhU3B2eYvu-ZN-bsVL3dbpwv3H0&dib_tag=se&m=A3SFQLVXY8GUH2&marketplaceID=A39IBJ37TRP1C6&qid=1774740947&refinements=p_36%3A19000-19500&s=merchant-items&sr=1-114&xpid=5fOAsJW61rbAJ#customerReviews,"Wahei Freiz RB-2505 Large Pot, 11.0 inches (28 cm), Large Volume, Cooking, Oden, Curry Stew, Fluorine Inner Surface, Stain Resistant, Direct Fire, IH"
B0B3HQPGCY,,,,
B07BT1NLPL,,194.39,https://www.amazon.com.au/Camp-Hagama-3-Go-cook/dp/B07BT1NLPL/ref=sr_1_115?dib=eyJ2IjoiMSJ9.1a8uqTTeubYHabCXUzhXN3F-HaZmCu_j07XYckRdfkK5pf9JoJV2ZZK8HepAb1aqhCPYrwQNv1b-Ht5ninpIR-3qSSnAb5nd6BH6ZIK-BFgr1hEQHbVzcbTX1TO2QdDtjtRCTcQt_YPRiHKvo6rcPgvumR1uP-z3XaI2bjClk9Y.pky4y9826kLNh7YNfhU3B2eYvu-ZN-bsVL3dbpwv3H0&dib_tag=se&m=A3SFQLVXY8GUH2&marketplaceID=A39IBJ37TRP1C6&qid=1774740947&refinements=p_36%3A19000-19500&s=merchant-items&sr=1-115&xpid=5fOAsJW61rbAJ#customerReviews,Camp Hagama 3 Go cook
B07BT1NLPL,,,,
B07SQNSL3C,,194.55,https://www.amazon.com.au/Selle-Italia-Boost-Saddle-145mm/dp/B07SQNSL3C/ref=sr_1_116?dib=eyJ2IjoiMSJ9.1a8uqTTeubYHabCXUzhXN3F-HaZmCu_j07XYckRdfkK5pf9JoJV2ZZK8HepAb1aqhCPYrwQNv1b-Ht5ninpIR-3qSSnAb5nd6BH6ZIK-BFgr1hEQHbVzcbTX1TO2QdDtjtRCTcQt_YPRiHKvo6rcPgvumR1uP-z3XaI2bjClk9Y.pky4y9826kLNh7YNfhU3B2eYvu-ZN-bsVL3dbpwv3H0&dib_tag=se&m=A3SFQLVXY8GUH2&marketplaceID=A39IBJ37TRP1C6&qid=1774740947&refinements=p_36%3A19000-19500&s=merchant-items&sr=1-116&xpid=5fOAsJW61rbAJ#customerReviews,Selle Italia SLR
B07SQNSL3C,,,,
B09P4Z9T1Z,,193.86,https://www.amazon.com.au/Passage-Figure-Light-Equip-Version/dp/B09P4Z9T1Z/ref=sr_1_117?dib=eyJ2IjoiMSJ9.1a8uqTTeubYHabCXUzhXN3F-HaZmCu_j07XYckRdfkK5pf9JoJV2ZZK8HepAb1aqhCPYrwQNv1b-Ht5ninpIR-3qSSnAb5nd6BH6ZIK-BFgr1hEQHbVzcbTX1TO2QdDtjtRCTcQt_YPRiHKvo6rcPgvumR1uP-z3XaI2bjClk9Y.pky4y9826kLNh7YNfhU3B2eYvu-ZN-bsVL3dbpwv3H0&dib_tag=se&m=A3SFQLVXY8GUH2&marketplaceID=A39IBJ37TRP1C6&qid=1774740947&refinements=p_36%3A19000-19500&s=merchant-items&sr=1-117&xpid=5fOAsJW61rbAJ,Passage - Azur Lane Dido 1/7 PVC Figure Light Equip Version (Mr)
B08H8L54GK,,193.9,https://www.amazon.com.au/Daiwa-Works-20RCS-Color-Spool/dp/B08H8L54GK/ref=sr_1_118?dib=eyJ2IjoiMSJ9.1a8uqTTeubYHabCXUzhXN3F-HaZmCu_j07XYckRdfkK5pf9JoJV2ZZK8HepAb1aqhCPYrwQNv1b-Ht5ninpIR-3qSSnAb5nd6BH6ZIK-BFgr1hEQHbVzcbTX1TO2QdDtjtRCTcQt_YPRiHKvo6rcPgvumR1uP-z3XaI2bjClk9Y.pky4y9826kLNh7YNfhU3B2eYvu-ZN-bsVL3dbpwv3H0&dib_tag=se&m=A3SFQLVXY8GUH2&marketplaceID=A39IBJ37TRP1C6&qid=1774740947&refinements=p_36%3A19000-19500&s=merchant-items&sr=1-118&xpid=5fOAsJW61rbAJ#customerReviews,Daiwa SLP Works 20RCS ISO Color Spool
B08H8L54GK,,,,
B08692VJYK,,192.76,https://www.amazon.com.au/Good-Smile-Company-Spectre-Nendoroid/dp/B08692VJYK/ref=sr_1_119?dib=eyJ2IjoiMSJ9.1a8uqTTeubYHabCXUzhXN3F-HaZmCu_j07XYckRdfkK5pf9JoJV2ZZK8HepAb1aqhCPYrwQNv1b-Ht5ninpIR-3qSSnAb5nd6BH6ZIK-BFgr1hEQHbVzcbTX1TO2QdDtjtRCTcQt_YPRiHKvo6rcPgvumR1uP-z3XaI2bjClk9Y.pky4y9826kLNh7YNfhU3B2eYvu-ZN-bsVL3dbpwv3H0&dib_tag=se&m=A3SFQLVXY8GUH2&marketplaceID=A39IBJ37TRP1C6&qid=1774740947&refinements=p_36%3A19000-19500&s=merchant-items&sr=1-119&xpid=5fOAsJW61rbAJ#customerReviews,Good Smile Company - in Spectre Kotoko Iwanaga Nendoroid Action Figure
B09CTBVJ35,,190.62,https://www.amazon.com.au/Campagnolo-Unisex-Adult-Rubbers-07179872-Grips/dp/B09CTBVJ35/ref=sr_1_120?dib=eyJ2IjoiMSJ9.1a8uqTTeubYHabCXUzhXN3F-HaZmCu_j07XYckRdfkK5pf9JoJV2ZZK8HepAb1aqhCPYrwQNv1b-Ht5ninpIR-3qSSnAb5nd6BH6ZIK-BFgr1hEQHbVzcbTX1TO2QdDtjtRCTcQt_YPRiHKvo6rcPgvumR1uP-z3XaI2bjClk9Y.pky4y9826kLNh7YNfhU3B2eYvu-ZN-bsVL3dbpwv3H0&dib_tag=se&m=A3SFQLVXY8GUH2&marketplaceID=A39IBJ37TRP1C6&qid=1774740947&refinements=p_36%3A19000-19500&s=merchant-items&sr=1-120&xpid=5fOAsJW61rbAJ,"Campagnolo Unisex - Adult Rubbers-07179872 Grips, Black, One Size"
B09CTBVJ35,,,,
B08BWST371,,192.05,https://www.amazon.com.au/Megahouse-Evangelion-Desktop-VersionAyanami-Vessel/dp/B08BWST371/ref=sr_1_121?dib=eyJ2IjoiMSJ9.1a8uqTTeubYHabCXUzhXN3F-HaZmCu_j07XYckRdfkK5pf9JoJV2ZZK8HepAb1aqhCPYrwQNv1b-Ht5ninpIR-3qSSnAb5nd6BH6ZIK-BFgr1hEQHbVzcbTX1TO2QdDtjtRCTcQt_YPRiHKvo6rcPgvumR1uP-z3XaI2bjClk9Y.pky4y9826kLNh7YNfhU3B2eYvu-ZN-bsVL3dbpwv3H0&dib_tag=se&m=A3SFQLVXY8GUH2&marketplaceID=A39IBJ37TRP1C6&qid=1774740947&refinements=p_36%3A19000-19500&s=merchant-items&sr=1-121&xpid=5fOAsJW61rbAJ#customerReviews,Megahouse - Evangelion Movie - Desktop Army Evangelion Movie VersionAyanami Rei & First Adams Vessel
B0BNVJYP2V,,191.04,https://www.amazon.com.au/Deda-ZERO100-Polish-Cycle-Parts/dp/B0BNVJYP2V/ref=sr_1_122?dib=eyJ2IjoiMSJ9.1a8uqTTeubYHabCXUzhXN3F-HaZmCu_j07XYckRdfkK5pf9JoJV2ZZK8HepAb1aqhCPYrwQNv1b-Ht5ninpIR-3qSSnAb5nd6BH6ZIK-BFgr1hEQHbVzcbTX1TO2QdDtjtRCTcQt_YPRiHKvo6rcPgvumR1uP-z3XaI2bjClk9Y.pky4y9826kLNh7YNfhU3B2eYvu-ZN-bsVL3dbpwv3H0&dib_tag=se&m=A3SFQLVXY8GUH2&marketplaceID=A39IBJ37TRP1C6&qid=1774740947&refinements=p_36%3A19000-19500&s=merchant-items&sr=1-122&xpid=5fOAsJW61rbAJ#customerReviews,Deda ZERO100 SIL Polish 31.7 / Stem Cycle Parts
B0BNVJYP2V,,,,
B0B3DDF18X,,194.61,https://www.amazon.com.au/Demon-Slayer-Full-Intensive-Purple/dp/B0B3DDF18X/ref=sr_1_123?dib=eyJ2IjoiMSJ9.1a8uqTTeubYHabCXUzhXN3F-HaZmCu_j07XYckRdfkK5pf9JoJV2ZZK8HepAb1aqhCPYrwQNv1b-Ht5ninpIR-3qSSnAb5nd6BH6ZIK-BFgr1hEQHbVzcbTX1TO2QdDtjtRCTcQt_YPRiHKvo6rcPgvumR1uP-z3XaI2bjClk9Y.pky4y9826kLNh7YNfhU3B2eYvu-ZN-bsVL3dbpwv3H0&dib_tag=se&m=A3SFQLVXY8GUH2&marketplaceID=A39IBJ37TRP1C6&qid=1774740947&refinements=p_36%3A19000-19500&s=merchant-items&sr=1-123&xpid=5fOAsJW61rbAJ#customerReviews,Demon Slayer Full Intensive pad (Purple)
B0B3DDF18X,,,,
B09MVJNHJW,,192.39,https://www.amazon.com.au/Uzaki-Nissin-5312-3-Way-Fuka/dp/B09MVJNHJW/ref=sr_1_129?dib=eyJ2IjoiMSJ9.zqdK_sa245W5BGGEzwufN99H_HpDNyb6gXaOXHfywQlwB3-nVyO6l0CoPGkrQYLjU77Tj7u3WgnFQzExK8j24g.XUHRL3KE_RLfxigWmL6T5_s2EUMY6vlDDtpCfCmsZEg&dib_tag=se&m=A3SFQLVXY8GUH2&marketplaceID=A39IBJ37TRP1C6&qid=1774740952&refinements=p_36%3A19000-19500&s=merchant-items&sr=1-129&xpid=5fOAsJW61rbAJ,Uzaki Nissin Rod 3-Way Fuka
B09MVJNHJW,,,,
B09CYV67F3,,194.79,https://www.amazon.com.au/Yany-Ligature-Tightening-Saxophone-Nico-chan/dp/B09CYV67F3/ref=sr_1_130?dib=eyJ2IjoiMSJ9.zqdK_sa245W5BGGEzwufN99H_HpDNyb6gXaOXHfywQlwB3-nVyO6l0CoPGkrQYLjU77Tj7u3WgnFQzExK8j24g.XUHRL3KE_RLfxigWmL6T5_s2EUMY6vlDDtpCfCmsZEg&dib_tag=se&m=A3SFQLVXY8GUH2&marketplaceID=A39IBJ37TRP1C6&qid=1774740952&refinements=p_36%3A19000-19500&s=merchant-items&sr=1-130&xpid=5fOAsJW61rbAJ,Yany Ligature Ligature for Ebonite (Reverse Tightening/One Screw) Baritone Saxophone Gold Plated Finish Yany Nico-chan
B09CYV67F3,,,,
B092VQGJKS,,190.69,https://www.amazon.com.au/Spark-SF054-Miniature-Car-Blue/dp/B092VQGJKS/ref=sr_1_131?dib=eyJ2IjoiMSJ9.zqdK_sa245W5BGGEzwufN99H_HpDNyb6gXaOXHfywQlwB3-nVyO6l0CoPGkrQYLjU77Tj7u3WgnFQzExK8j24g.XUHRL3KE_RLfxigWmL6T5_s2EUMY6vlDDtpCfCmsZEg&dib_tag=se&m=A3SFQLVXY8GUH2&marketplaceID=A39IBJ37TRP1C6&qid=1774740952&refinements=p_36%3A19000-19500&s=merchant-items&sr=1-131&xpid=5fOAsJW61rbAJ,Spark SF054 Miniature Car - Blue/Red
B092VQGJKS,,,,
B08W56W356,,190.23,https://www.amazon.com.au/Daiwa-%CE%B190CH-Light-Holder-Dark/dp/B08W56W356/ref=sr_1_132?dib=eyJ2IjoiMSJ9.zqdK_sa245W5BGGEzwufN99H_HpDNyb6gXaOXHfywQlwB3-nVyO6l0CoPGkrQYLjU77Tj7u3WgnFQzExK8j24g.XUHRL3KE_RLfxigWmL6T5_s2EUMY6vlDDtpCfCmsZEg&dib_tag=se&m=A3SFQLVXY8GUH2&marketplaceID=A39IBJ37TRP1C6&qid=1774740952&refinements=p_36%3A19000-19500&s=merchant-items&sr=1-132&xpid=5fOAsJW61rbAJ#customerReviews,Daiwa α90CH Light Holder
B08W56W356,,,,
B07VL1RS28,,191.22,https://www.amazon.com.au/Daiwa-Light-Bait-Reel-Counter/dp/B07VL1RS28/ref=sr_1_133?dib=eyJ2IjoiMSJ9.zqdK_sa245W5BGGEzwufN99H_HpDNyb6gXaOXHfywQlwB3-nVyO6l0CoPGkrQYLjU77Tj7u3WgnFQzExK8j24g.XUHRL3KE_RLfxigWmL6T5_s2EUMY6vlDDtpCfCmsZEg&dib_tag=se&m=A3SFQLVXY8GUH2&marketplaceID=A39IBJ37TRP1C6&qid=1774740952&refinements=p_36%3A19000-19500&s=merchant-items&sr=1-133&xpid=5fOAsJW61rbAJ#customerReviews,Daiwa Light SW X IC Bait Reel with Counter (Right/Left Handle)
B07VL1RS28,,,,
B000ASBT7A,,194.63,https://www.amazon.com.au/Yonex-BG65-Badminton-String-White/dp/B000ASBT7A/ref=sr_1_129?dib=eyJ2IjoiMSJ9._FAHf9UZCum0L9MZ2VJqPWrGjajFCWxIZybaq9OaYFnh7aek_EUSATZskv4Wkb7A9Gb9r7zJNlj0V23pLVPK9HRza1PKMsRBPJQqSp2ZP832JIsHYQ6yZqPNxtidhoHZ7OLKf-CIVu4hmaNqiUz_gBh9iI2lKDL-s3Hh-jLPCG4.EOBzmkAemb6rdOmZuX69Y27p9uxIr1AA1DKP6eCihn4&dib_tag=se&m=A3SFQLVXY8GUH2&marketplaceID=A39IBJ37TRP1C6&qid=1774740952&refinements=p_36%3A19000-19500&s=merchant-items&sr=1-129&xpid=5fOAsJW61rbAJ#customerReviews,Yonex BG65 Badminton String
B000ASBT7A,,,,
B01HJV3V58,,194.8,https://www.amazon.com.au/Bandai-Hobby-RGM-79-Powered-Gundam/dp/B01HJV3V58/ref=sr_1_130?dib=eyJ2IjoiMSJ9._FAHf9UZCum0L9MZ2VJqPWrGjajFCWxIZybaq9OaYFnh7aek_EUSATZskv4Wkb7A9Gb9r7zJNlj0V23pLVPK9HRza1PKMsRBPJQqSp2ZP832JIsHYQ6yZqPNxtidhoHZ7OLKf-CIVu4hmaNqiUz_gBh9iI2lKDL-s3Hh-jLPCG4.EOBzmkAemb6rdOmZuX69Y27p9uxIr1AA1DKP6eCihn4&dib_tag=se&m=A3SFQLVXY8GUH2&marketplaceID=A39IBJ37TRP1C6&qid=1774740952&refinements=p_36%3A19000-19500&s=merchant-items&sr=1-130&xpid=5fOAsJW61rbAJ#customerReviews,Bandai Hobby MG 1/100 RGM-79 Powered GM Gundam Model Kit
B01HJV3V58,,,,
B08HR6B4V1,,193.88,https://www.amazon.com.au/DT-Swiss-Unisexs-HBDT5401S-Bike/dp/B08HR6B4V1/ref=sr_1_131?dib=eyJ2IjoiMSJ9._FAHf9UZCum0L9MZ2VJqPWrGjajFCWxIZybaq9OaYFnh7aek_EUSATZskv4Wkb7A9Gb9r7zJNlj0V23pLVPK9HRza1PKMsRBPJQqSp2ZP832JIsHYQ6yZqPNxtidhoHZ7OLKf-CIVu4hmaNqiUz_gBh9iI2lKDL-s3Hh-jLPCG4.EOBzmkAemb6rdOmZuX69Y27p9uxIr1AA1DKP6eCihn4&dib_tag=se&m=A3SFQLVXY8GUH2&marketplaceID=A39IBJ37TRP1C6&qid=1774740952&refinements=p_36%3A19000-19500&s=merchant-items&sr=1-131&xpid=5fOAsJW61rbAJ,"DT Swiss Unisex's HBDT5401S Bike Part, One, Size"
B08HR6B4V1,,,,
B0CPP571J5,,191.63,https://www.amazon.com.au/Office-Power-Dome-Black-LC02FR/dp/B0CPP571J5/ref=sr_1_132?dib=eyJ2IjoiMSJ9._FAHf9UZCum0L9MZ2VJqPWrGjajFCWxIZybaq9OaYFnh7aek_EUSATZskv4Wkb7A9Gb9r7zJNlj0V23pLVPK9HRza1PKMsRBPJQqSp2ZP832JIsHYQ6yZqPNxtidhoHZ7OLKf-CIVu4hmaNqiUz_gBh9iI2lKDL-s3Hh-jLPCG4.EOBzmkAemb6rdOmZuX69Y27p9uxIr1AA1DKP6eCihn4&dib_tag=se&m=A3SFQLVXY8GUH2&marketplaceID=A39IBJ37TRP1C6&qid=1774740952&refinements=p_36%3A19000-19500&s=merchant-items&sr=1-132&xpid=5fOAsJW61rbAJ,Office ZPI ZPI Power Dome (Power Dome) Black PD LC02FR VX+MK
B0CPP571J5,,,,
B0C6V12FKD,,191.42,https://www.amazon.com.au/Spark-CAD-DPI-Daytona-2021-1/dp/B0C6V12FKD/ref=sr_1_133?dib=eyJ2IjoiMSJ9._FAHf9UZCum0L9MZ2VJqPWrGjajFCWxIZybaq9OaYFnh7aek_EUSATZskv4Wkb7A9Gb9r7zJNlj0V23pLVPK9HRza1PKMsRBPJQqSp2ZP832JIsHYQ6yZqPNxtidhoHZ7OLKf-CIVu4hmaNqiUz_gBh9iI2lKDL-s3Hh-jLPCG4.EOBzmkAemb6rdOmZuX69Y27p9uxIr1AA1DKP6eCihn4&dib_tag=se&m=A3SFQLVXY8GUH2&marketplaceID=A39IBJ37TRP1C6&qid=1774740952&refinements=p_36%3A19000-19500&s=merchant-items&sr=1-133&xpid=5fOAsJW61rbAJ#customerReviews,Spark - CAD DPI V.R - Daytona 2021-1/43
B0C6V12FKD,,,,
B085BYBFY1,,191.01,https://www.amazon.com.au/TIEMCO-137577-Supra-Finesse-Green/dp/B085BYBFY1/ref=sr_1_134?dib=eyJ2IjoiMSJ9._FAHf9UZCum0L9MZ2VJqPWrGjajFCWxIZybaq9OaYFnh7aek_EUSATZskv4Wkb7A9Gb9r7zJNlj0V23pLVPK9HRza1PKMsRBPJQqSp2ZP832JIsHYQ6yZqPNxtidhoHZ7OLKf-CIVu4hmaNqiUz_gBh9iI2lKDL-s3Hh-jLPCG4.EOBzmkAemb6rdOmZuX69Y27p9uxIr1AA1DKP6eCihn4&dib_tag=se&m=A3SFQLVXY8GUH2&marketplaceID=A39IBJ37TRP1C6&qid=1774740952&refinements=p_36%3A19000-19500&s=merchant-items&sr=1-134&xpid=5fOAsJW61rbAJ,TIEMCO 137577 SA Supra Finesse DT3F Mint Green
B085BYBFY1,,,,
B000BSDUQW,,194.5,https://www.amazon.com.au/Trangia-Tundra-Piece-Stick-Cooking/dp/B000BSDUQW/ref=sr_1_135?dib=eyJ2IjoiMSJ9._FAHf9UZCum0L9MZ2VJqPWrGjajFCWxIZybaq9OaYFnh7aek_EUSATZskv4Wkb7A9Gb9r7zJNlj0V23pLVPK9HRza1PKMsRBPJQqSp2ZP832JIsHYQ6yZqPNxtidhoHZ7OLKf-CIVu4hmaNqiUz_gBh9iI2lKDL-s3Hh-jLPCG4.EOBzmkAemb6rdOmZuX69Y27p9uxIr1AA1DKP6eCihn4&dib_tag=se&m=A3SFQLVXY8GUH2&marketplaceID=A39IBJ37TRP1C6&qid=1774740952&refinements=p_36%3A19000-19500&s=merchant-items&sr=1-135&xpid=5fOAsJW61rbAJ#customerReviews,"Trangia Tundra 3 Non-Stick Cook Set, Variety Pack"
B000BSDUQW,,,,
B0C24244RX,,194.08,https://www.amazon.com.au/Good-Smile-Company-Charat-Nendoroid/dp/B0C24244RX/ref=sr_1_136?dib=eyJ2IjoiMSJ9._FAHf9UZCum0L9MZ2VJqPWrGjajFCWxIZybaq9OaYFnh7aek_EUSATZskv4Wkb7A9Gb9r7zJNlj0V23pLVPK9HRza1PKMsRBPJQqSp2ZP832JIsHYQ6yZqPNxtidhoHZ7OLKf-CIVu4hmaNqiUz_gBh9iI2lKDL-s3Hh-jLPCG4.EOBzmkAemb6rdOmZuX69Y27p9uxIr1AA1DKP6eCihn4&dib_tag=se&m=A3SFQLVXY8GUH2&marketplaceID=A39IBJ37TRP1C6&qid=1774740952&refinements=p_36%3A19000-19500&s=merchant-items&sr=1-136&xpid=5fOAsJW61rbAJ#customerReviews,Good Smile Company - Reiwa No Di Gi Charat - Nendoroid Action Figure
B01H73UPXE,,193.96,https://www.amazon.com.au/86-05-250-Wrenches-attachment/dp/B01H73UPXE/ref=sr_1_137?dib=eyJ2IjoiMSJ9._FAHf9UZCum0L9MZ2VJqPWrGjajFCWxIZybaq9OaYFnh7aek_EUSATZskv4Wkb7A9Gb9r7zJNlj0V23pLVPK9HRza1PKMsRBPJQqSp2ZP832JIsHYQ6yZqPNxtidhoHZ7OLKf-CIVu4hmaNqiUz_gBh9iI2lKDL-s3Hh-jLPCG4.EOBzmkAemb6rdOmZuX69Y27p9uxIr1AA1DKP6eCihn4&dib_tag=se&m=A3SFQLVXY8GUH2&marketplaceID=A39IBJ37TRP1C6&qid=1774740952&refinements=p_36%3A19000-19500&s=merchant-items&sr=1-137&xpid=5fOAsJW61rbAJ#customerReviews,Knipex 86 05 250 T Plier Wrenches
B01H73UPXE,,,,
B00Y7H99KO,,190.86,https://www.amazon.com.au/Tomytec-Tetsudou-Musume-action-figure/dp/B00Y7H99KO/ref=sr_1_138?dib=eyJ2IjoiMSJ9._FAHf9UZCum0L9MZ2VJqPWrGjajFCWxIZybaq9OaYFnh7aek_EUSATZskv4Wkb7A9Gb9r7zJNlj0V23pLVPK9HRza1PKMsRBPJQqSp2ZP832JIsHYQ6yZqPNxtidhoHZ7OLKf-CIVu4hmaNqiUz_gBh9iI2lKDL-s3Hh-jLPCG4.EOBzmkAemb6rdOmZuX69Y27p9uxIr1AA1DKP6eCihn4&dib_tag=se&m=A3SFQLVXY8GUH2&marketplaceID=A39IBJ37TRP1C6&qid=1774740952&refinements=p_36%3A19000-19500&s=merchant-items&sr=1-138&xpid=5fOAsJW61rbAJ#customerReviews,Tomytec Tetsudou Musume: Alice Kuji Figma Action Figure
B08KW14T2B,,193.47,https://www.amazon.com.au/Promare-Galo-Thymos-Figma-Figure/dp/B08KW14T2B/ref=sr_1_139?dib=eyJ2IjoiMSJ9._FAHf9UZCum0L9MZ2VJqPWrGjajFCWxIZybaq9OaYFnh7aek_EUSATZskv4Wkb7A9Gb9r7zJNlj0V23pLVPK9HRza1PKMsRBPJQqSp2ZP832JIsHYQ6yZqPNxtidhoHZ7OLKf-CIVu4hmaNqiUz_gBh9iI2lKDL-s3Hh-jLPCG4.EOBzmkAemb6rdOmZuX69Y27p9uxIr1AA1DKP6eCihn4&dib_tag=se&m=A3SFQLVXY8GUH2&marketplaceID=A39IBJ37TRP1C6&qid=1774740952&refinements=p_36%3A19000-19500&s=merchant-items&sr=1-139&xpid=5fOAsJW61rbAJ#customerReviews,Promare: Galo Thymos - Figma Figure
B07VSPMDXW,,194.25,https://www.amazon.com.au/Mobile-Gundam-Stardust-Memory-N-I-M/dp/B07VSPMDXW/ref=sr_1_145?dib=eyJ2IjoiMSJ9.AK9mKuT3sApQLqRRnffqRPSAcG-Ti2XjWepqkpZNUXGDypqY2kTDo41nm-yPuqUCItBUwz3p5VNPTfe4YdjxNA.V1sJNGLdTvMcJ3wZxZN4jwC2yNgkL0pddzejR4RYtic&dib_tag=se&m=A3SFQLVXY8GUH2&marketplaceID=A39IBJ37TRP1C6&qid=1774740958&refinements=p_36%3A19000-19500&s=merchant-items&sr=1-145&xpid=5fOAsJW61rbAJ#customerReviews,"Mobile Suit Gundam 0083 Stardust Memory: MS-14A GELGOOG GATO'S CUSTOMver. A.N.I.M.E., Bandai The Robot Spirits"
B07Q6RBWD7,,192.77,https://www.amazon.com.au/Tama-Stage-Master-Snare-Double-braced/dp/B07Q6RBWD7/ref=sr_1_146?dib=eyJ2IjoiMSJ9.AK9mKuT3sApQLqRRnffqRPSAcG-Ti2XjWepqkpZNUXGDypqY2kTDo41nm-yPuqUCItBUwz3p5VNPTfe4YdjxNA.V1sJNGLdTvMcJ3wZxZN4jwC2yNgkL0pddzejR4RYtic&dib_tag=se&m=A3SFQLVXY8GUH2&marketplaceID=A39IBJ37TRP1C6&qid=1774740958&refinements=p_36%3A19000-19500&s=merchant-items&sr=1-146&xpid=5fOAsJW61rbAJ#customerReviews,TAMA STAGEMASTER Series HS40WN Double Leg Snare Stand
B07Q6RBWD7,,,,
B07S2Z2KFK,,191.06,https://www.amazon.com.au/Black-Diamond-Cosmo-Head-Torch/dp/B07S2Z2KFK/ref=sr_1_147?dib=eyJ2IjoiMSJ9.AK9mKuT3sApQLqRRnffqRPSAcG-Ti2XjWepqkpZNUXGDypqY2kTDo41nm-yPuqUCItBUwz3p5VNPTfe4YdjxNA.V1sJNGLdTvMcJ3wZxZN4jwC2yNgkL0pddzejR4RYtic&dib_tag=se&m=A3SFQLVXY8GUH2&marketplaceID=A39IBJ37TRP1C6&qid=1774740958&refinements=p_36%3A19000-19500&s=merchant-items&sr=1-147&xpid=5fOAsJW61rbAJ#customerReviews,Black Diamond Cosmo 250 Headlamp
B07S2Z2KFK,,,,
B0753KRMZT,,192.51,https://www.amazon.com.au/Robot-Spirits-MS-06-Marine-N-I-M/dp/B0753KRMZT/ref=sr_1_148?dib=eyJ2IjoiMSJ9.AK9mKuT3sApQLqRRnffqRPSAcG-Ti2XjWepqkpZNUXGDypqY2kTDo41nm-yPuqUCItBUwz3p5VNPTfe4YdjxNA.V1sJNGLdTvMcJ3wZxZN4jwC2yNgkL0pddzejR4RYtic&dib_tag=se&m=A3SFQLVXY8GUH2&marketplaceID=A39IBJ37TRP1C6&qid=1774740958&refinements=p_36%3A19000-19500&s=merchant-items&sr=1-148&xpid=5fOAsJW61rbAJ#customerReviews,Robot Spirits SIDE MS MS-06 M Zaku Marine Type Ver. A. N.I.M.E.
B01N4S15NG,,193.35,https://www.amazon.com.au/Daiwa-Reel-dainasuta-Octopus-Fishing/dp/B01N4S15NG/ref=sr_1_149?dib=eyJ2IjoiMSJ9.AK9mKuT3sApQLqRRnffqRPSAcG-Ti2XjWepqkpZNUXGDypqY2kTDo41nm-yPuqUCItBUwz3p5VNPTfe4YdjxNA.V1sJNGLdTvMcJ3wZxZN4jwC2yNgkL0pddzejR4RYtic&dib_tag=se&m=A3SFQLVXY8GUH2&marketplaceID=A39IBJ37TRP1C6&qid=1774740958&refinements=p_36%3A19000-19500&s=merchant-items&sr=1-149&xpid=5fOAsJW61rbAJ#customerReviews,Daiwa 17 Dynastar Double Axis Reel 150/250/300 (2017 Model)
B01N4S15NG,,,,
B01LZ29412,,193.16,https://www.amazon.com.au/FSA-Unisexs-Energy-Handlebar-Black/dp/B01LZ29412/ref=sr_1_145?dib=eyJ2IjoiMSJ9.OtqLSckRON0QyeWPlADfEXZyKdjDJiaTSiPhUrUHtFK_70IzICiIE9_CsS6cu2K0n6mY-3zPEwywqpwF6dFF9KLCNZn-k06JlXC-JqpbTP5JgywNedYhmxieOLlX67eFXYwYxi94TBst8H0GM__1tH780AvJo365eFR361T3KaM.pRjoPp2nF483N1EILiU2MR-ZfvP_LbVyIwr8YJO0qB8&dib_tag=se&m=A3SFQLVXY8GUH2&marketplaceID=A39IBJ37TRP1C6&qid=1774740958&refinements=p_36%3A19000-19500&s=merchant-items&sr=1-145&xpid=5fOAsJW61rbAJ,FSA Energy New Ergo Drop Handlebar
B01LZ29412,,,,
B00U2BL9T8,,192.57,https://www.amazon.com.au/Best-Brass-Trombone-Mute-Warm-up/dp/B00U2BL9T8/ref=sr_1_146?dib=eyJ2IjoiMSJ9.OtqLSckRON0QyeWPlADfEXZyKdjDJiaTSiPhUrUHtFK_70IzICiIE9_CsS6cu2K0n6mY-3zPEwywqpwF6dFF9KLCNZn-k06JlXC-JqpbTP5JgywNedYhmxieOLlX67eFXYwYxi94TBst8H0GM__1tH780AvJo365eFR361T3KaM.pRjoPp2nF483N1EILiU2MR-ZfvP_LbVyIwr8YJO0qB8&dib_tag=se&m=A3SFQLVXY8GUH2&marketplaceID=A39IBJ37TRP1C6&qid=1774740958&refinements=p_36%3A19000-19500&s=merchant-items&sr=1-146&xpid=5fOAsJW61rbAJ#customerReviews,Trombone Mute Warm-up
B00U2BL9T8,,,,
B00SJ3XKFW,,191.07,https://www.amazon.com.au/Ideal-Industries-45-673-Stripmaster-Stripper/dp/B00SJ3XKFW/ref=sr_1_147?dib=eyJ2IjoiMSJ9.OtqLSckRON0QyeWPlADfEXZyKdjDJiaTSiPhUrUHtFK_70IzICiIE9_CsS6cu2K0n6mY-3zPEwywqpwF6dFF9KLCNZn-k06JlXC-JqpbTP5JgywNedYhmxieOLlX67eFXYwYxi94TBst8H0GM__1tH780AvJo365eFR361T3KaM.pRjoPp2nF483N1EILiU2MR-ZfvP_LbVyIwr8YJO0qB8&dib_tag=se&m=A3SFQLVXY8GUH2&marketplaceID=A39IBJ37TRP1C6&qid=1774740958&refinements=p_36%3A19000-19500&s=merchant-items&sr=1-147&xpid=5fOAsJW61rbAJ#customerReviews,Ideal Industries 45-673 Stripmaster Lite Wire Stripper #12 to #18 AWG Stranded
B00SJ3XKFW,,,,
B00QSDNZEQ,,194.39,https://www.amazon.com.au/Mobile-Suit-Gundam-MS-06FS-Garma/dp/B00QSDNZEQ/ref=sr_1_148?dib=eyJ2IjoiMSJ9.OtqLSckRON0QyeWPlADfEXZyKdjDJiaTSiPhUrUHtFK_70IzICiIE9_CsS6cu2K0n6mY-3zPEwywqpwF6dFF9KLCNZn-k06JlXC-JqpbTP5JgywNedYhmxieOLlX67eFXYwYxi94TBst8H0GM__1tH780AvJo365eFR361T3KaM.pRjoPp2nF483N1EILiU2MR-ZfvP_LbVyIwr8YJO0qB8&dib_tag=se&m=A3SFQLVXY8GUH2&marketplaceID=A39IBJ37TRP1C6&qid=1774740958&refinements=p_36%3A19000-19500&s=merchant-items&sr=1-148&xpid=5fOAsJW61rbAJ#customerReviews,Mobile Suit Gundam MSV MG 1/100 MS-06FS Garma Zabi Zaku II
B00PW8OIA8,,190.26,https://www.amazon.com.au/ARTISAN-ARTIST-Canvas-Camera-Pouch/dp/B00PW8OIA8/ref=sr_1_149?dib=eyJ2IjoiMSJ9.OtqLSckRON0QyeWPlADfEXZyKdjDJiaTSiPhUrUHtFK_70IzICiIE9_CsS6cu2K0n6mY-3zPEwywqpwF6dFF9KLCNZn-k06JlXC-JqpbTP5JgywNedYhmxieOLlX67eFXYwYxi94TBst8H0GM__1tH780AvJo365eFR361T3KaM.pRjoPp2nF483N1EILiU2MR-ZfvP_LbVyIwr8YJO0qB8&dib_tag=se&m=A3SFQLVXY8GUH2&marketplaceID=A39IBJ37TRP1C6&qid=1774740958&refinements=p_36%3A19000-19500&s=merchant-items&sr=1-149&xpid=5fOAsJW61rbAJ#customerReviews,ARTISAN&ARTIST Canvas Camera Pouch Gry
B00PW8OIA8,,,,
B00NBFAWCM,,192.84,https://www.amazon.com.au/purification-cartridge-high-performance-pieces-TH658-3/dp/B00NBFAWCM/ref=sr_1_150?dib=eyJ2IjoiMSJ9.OtqLSckRON0QyeWPlADfEXZyKdjDJiaTSiPhUrUHtFK_70IzICiIE9_CsS6cu2K0n6mY-3zPEwywqpwF6dFF9KLCNZn-k06JlXC-JqpbTP5JgywNedYhmxieOLlX67eFXYwYxi94TBst8H0GM__1tH780AvJo365eFR361T3KaM.pRjoPp2nF483N1EILiU2MR-ZfvP_LbVyIwr8YJO0qB8&dib_tag=se&m=A3SFQLVXY8GUH2&marketplaceID=A39IBJ37TRP1C6&qid=1774740958&refinements=p_36%3A19000-19500&s=merchant-items&sr=1-150&xpid=5fOAsJW61rbAJ#customerReviews,TOTO water purification cartridge high-performance type 3 pieces (about one year) TH658-3
B00NBFAWCM,,,,
B00EVEMH6G,,192.16,https://www.amazon.com.au/Bandai-Tamashii-Nations-Anniversary-Action/dp/B00EVEMH6G/ref=sr_1_151?dib=eyJ2IjoiMSJ9.OtqLSckRON0QyeWPlADfEXZyKdjDJiaTSiPhUrUHtFK_70IzICiIE9_CsS6cu2K0n6mY-3zPEwywqpwF6dFF9KLCNZn-k06JlXC-JqpbTP5JgywNedYhmxieOLlX67eFXYwYxi94TBst8H0GM__1tH780AvJo365eFR361T3KaM.pRjoPp2nF483N1EILiU2MR-ZfvP_LbVyIwr8YJO0qB8&dib_tag=se&m=A3SFQLVXY8GUH2&marketplaceID=A39IBJ37TRP1C6&qid=1774740958&refinements=p_36%3A19000-19500&s=merchant-items&sr=1-151&xpid=5fOAsJW61rbAJ#customerReviews,Bandai Tamashii Nations Saint Myth Cloth 10th Anniversary Action Figure Stand Set
B003UATEZ4,,194.9,https://www.amazon.com.au/Mitutoyo-148-506-Micrometer-Zero-Adjustable-Graduation/dp/B003UATEZ4/ref=sr_1_152?dib=eyJ2IjoiMSJ9.OtqLSckRON0QyeWPlADfEXZyKdjDJiaTSiPhUrUHtFK_70IzICiIE9_CsS6cu2K0n6mY-3zPEwywqpwF6dFF9KLCNZn-k06JlXC-JqpbTP5JgywNedYhmxieOLlX67eFXYwYxi94TBst8H0GM__1tH780AvJo365eFR361T3KaM.pRjoPp2nF483N1EILiU2MR-ZfvP_LbVyIwr8YJO0qB8&dib_tag=se&m=A3SFQLVXY8GUH2&marketplaceID=A39IBJ37TRP1C6&qid=1774740958&refinements=p_36%3A19000-19500&s=merchant-items&sr=1-152&xpid=5fOAsJW61rbAJ#customerReviews,"Mitutoyo 148-506 Micrometer Head, Zero-Adjustable Thimble, 0-13mm Range, 0.01mm Graduation, -0.002mm Accuracy, Plain Thimble, Flat Face, Spindle Lock"
B003UATEZ4,,,,
B002P8BFYK,,194.9,https://www.amazon.com.au/Panduit-GEE62F-Slotted-Adhesive-Polyethylene/dp/B002P8BFYK/ref=sr_1_153?dib=eyJ2IjoiMSJ9.OtqLSckRON0QyeWPlADfEXZyKdjDJiaTSiPhUrUHtFK_70IzICiIE9_CsS6cu2K0n6mY-3zPEwywqpwF6dFF9KLCNZn-k06JlXC-JqpbTP5JgywNedYhmxieOLlX67eFXYwYxi94TBst8H0GM__1tH780AvJo365eFR361T3KaM.pRjoPp2nF483N1EILiU2MR-ZfvP_LbVyIwr8YJO0qB8&dib_tag=se&m=A3SFQLVXY8GUH2&marketplaceID=A39IBJ37TRP1C6&qid=1774740958&refinements=p_36%3A19000-19500&s=merchant-items&sr=1-153&xpid=5fOAsJW61rbAJ#customerReviews,Panduit Gee62F-A-C Slotted Adhesive Lined Grommet Edging Polyethylene 100' X 0.13 X 0.16' Natural
B002P8BFYK,,,,
B002P81JKK,,193.48,https://www.amazon.com.au/Tohnichi-Torque-Wrench-SF6N-5-6Nm/dp/B002P81JKK/ref=sr_1_154?dib=eyJ2IjoiMSJ9.OtqLSckRON0QyeWPlADfEXZyKdjDJiaTSiPhUrUHtFK_70IzICiIE9_CsS6cu2K0n6mY-3zPEwywqpwF6dFF9KLCNZn-k06JlXC-JqpbTP5JgywNedYhmxieOLlX67eFXYwYxi94TBst8H0GM__1tH780AvJo365eFR361T3KaM.pRjoPp2nF483N1EILiU2MR-ZfvP_LbVyIwr8YJO0qB8&dib_tag=se&m=A3SFQLVXY8GUH2&marketplaceID=A39IBJ37TRP1C6&qid=1774740958&refinements=p_36%3A19000-19500&s=merchant-items&sr=1-154&xpid=5fOAsJW61rbAJ#customerReviews,Tohnichi Flat Beam Torque Wrench SF6N (5~6Nm)
B002P81JKK,,,,
B002K00V8E,,190.4,https://www.amazon.com.au/LOBTEX-WX105F/dp/B002K00V8E/ref=sr_1_155?dib=eyJ2IjoiMSJ9.OtqLSckRON0QyeWPlADfEXZyKdjDJiaTSiPhUrUHtFK_70IzICiIE9_CsS6cu2K0n6mY-3zPEwywqpwF6dFF9KLCNZn-k06JlXC-JqpbTP5JgywNedYhmxieOLlX67eFXYwYxi94TBst8H0GM__1tH780AvJo365eFR361T3KaM.pRjoPp2nF483N1EILiU2MR-ZfvP_LbVyIwr8YJO0qB8&dib_tag=se&m=A3SFQLVXY8GUH2&marketplaceID=A39IBJ37TRP1C6&qid=1774740958&refinements=p_36%3A19000-19500&s=merchant-items&sr=1-155&xpid=5fOAsJW61rbAJ,WX105F
B002K00V8E,,,,
B002A5Q4OO,,193.26,https://www.amazon.com.au/Trusco-PYRUK-PYR-UK/dp/B002A5Q4OO/ref=sr_1_161?dib=eyJ2IjoiMSJ9.o-_HJNMgHCEUHk-_7xkdIVkEGwqYb063yYn4cjgNNrQle9RPnUJ7RU7wloJF0dlzobWmFOM-RyU6VJ9yNk31YA.4NPuAZUHJeo4gDRXKICdQJq2t1pU-yeCoBTTLz96OHE&dib_tag=se&m=A3SFQLVXY8GUH2&marketplaceID=A39IBJ37TRP1C6&qid=1774740963&refinements=p_36%3A19000-19500&s=merchant-items&sr=1-161&xpid=5fOAsJW61rbAJ,PYR-UK
B002A5Q4OO,,,,
B001V94VXQ,,194.39,https://www.amazon.com.au/Uni-frame-UNIFLAME-compact-lantern-622049/dp/B001V94VXQ/ref=sr_1_162?dib=eyJ2IjoiMSJ9.o-_HJNMgHCEUHk-_7xkdIVkEGwqYb063yYn4cjgNNrQle9RPnUJ7RU7wloJF0dlzobWmFOM-RyU6VJ9yNk31YA.4NPuAZUHJeo4gDRXKICdQJq2t1pU-yeCoBTTLz96OHE&dib_tag=se&m=A3SFQLVXY8GUH2&marketplaceID=A39IBJ37TRP1C6&qid=1774740963&refinements=p_36%3A19000-19500&s=merchant-items&sr=1-162&xpid=5fOAsJW61rbAJ#customerReviews,Uni-frame (UNIFLAME) compact lantern stand 622049
B001V94VXQ,,,,
B000WME4MG,,195.0,https://www.amazon.com.au/OYAIDE-C-004-IEC-Connector/dp/B000WME4MG/ref=sr_1_163?dib=eyJ2IjoiMSJ9.o-_HJNMgHCEUHk-_7xkdIVkEGwqYb063yYn4cjgNNrQle9RPnUJ7RU7wloJF0dlzobWmFOM-RyU6VJ9yNk31YA.4NPuAZUHJeo4gDRXKICdQJq2t1pU-yeCoBTTLz96OHE&dib_tag=se&m=A3SFQLVXY8GUH2&marketplaceID=A39IBJ37TRP1C6&qid=1774740963&refinements=p_36%3A19000-19500&s=merchant-items&sr=1-163&xpid=5fOAsJW61rbAJ#customerReviews,OYAIDE C-004 IEC Connector
B000WME4MG,,,,
B0009VY0AQ,,194.16,https://www.amazon.com.au/small-drip-proof-megaphone-ER-1106-japan/dp/B0009VY0AQ/ref=sr_1_164?dib=eyJ2IjoiMSJ9.o-_HJNMgHCEUHk-_7xkdIVkEGwqYb063yYn4cjgNNrQle9RPnUJ7RU7wloJF0dlzobWmFOM-RyU6VJ9yNk31YA.4NPuAZUHJeo4gDRXKICdQJq2t1pU-yeCoBTTLz96OHE&dib_tag=se&m=A3SFQLVXY8GUH2&marketplaceID=A39IBJ37TRP1C6&qid=1774740963&refinements=p_36%3A19000-19500&s=merchant-items&sr=1-164&xpid=5fOAsJW61rbAJ,TOA ER-1106 Small Splashproof Megaphone 6W
B0009VY0AQ,,,,
B079QTY3R6,,191.86,https://www.amazon.com.au/Bandai-Tamashii-Nations-Figures-Knight/dp/B079QTY3R6/ref=sr_1_165?dib=eyJ2IjoiMSJ9.o-_HJNMgHCEUHk-_7xkdIVkEGwqYb063yYn4cjgNNrQle9RPnUJ7RU7wloJF0dlzobWmFOM-RyU6VJ9yNk31YA.4NPuAZUHJeo4gDRXKICdQJq2t1pU-yeCoBTTLz96OHE&dib_tag=se&m=A3SFQLVXY8GUH2&marketplaceID=A39IBJ37TRP1C6&qid=1774740963&refinements=p_36%3A19000-19500&s=merchant-items&sr=1-165&xpid=5fOAsJW61rbAJ#customerReviews,Bandai Tamashii Nations S.H. Figures Cat Woman The Dark Knight
B0773L8WQ2,,190.53,https://www.amazon.com.au/Christie-platinum-Swarovski-sparkling-lh-84-0001p/dp/B0773L8WQ2/ref=sr_1_161?dib=eyJ2IjoiMSJ9.yVYu3dLAiTb_tBQq03FUdP4jXzP-Pra7qEeCxqFNEzQ3PyoCex8t7I0euI-Np0nJ6RytokRlN3h04WIH3O3yMqqAoXVGiCZLbhs-Ddm7aakpZ02x2ItcEdJEskm_KrZeHd80Z6sNdpcBfyFG6UFRvklsGi1oyBQNMe2_K8mgmC8.Zxc5PJlzdrcp7RN1J3pXav9xJBQEgDMBjCIuuX1fA-w&dib_tag=se&m=A3SFQLVXY8GUH2&marketplaceID=A39IBJ37TRP1C6&qid=1774740963&refinements=p_36%3A19000-19500&s=merchant-items&sr=1-161&xpid=5fOAsJW61rbAJ#customerReviews,[Lara Christie] glass LARA is Christie pair tumbler platinum Swarovski crystal sparkling lh-84-0001p
B0773L8WQ2,,,,
B07571RH4P,,191.74,https://www.amazon.com.au/Max-Factory-Fate-Grand-Order/dp/B07571RH4P/ref=sr_1_162?dib=eyJ2IjoiMSJ9.yVYu3dLAiTb_tBQq03FUdP4jXzP-Pra7qEeCxqFNEzQ3PyoCex8t7I0euI-Np0nJ6RytokRlN3h04WIH3O3yMqqAoXVGiCZLbhs-Ddm7aakpZ02x2ItcEdJEskm_KrZeHd80Z6sNdpcBfyFG6UFRvklsGi1oyBQNMe2_K8mgmC8.Zxc5PJlzdrcp7RN1J3pXav9xJBQEgDMBjCIuuX1fA-w&dib_tag=se&m=A3SFQLVXY8GUH2&marketplaceID=A39IBJ37TRP1C6&qid=1774740963&refinements=p_36%3A19000-19500&s=merchant-items&sr=1-162&xpid=5fOAsJW61rbAJ#customerReviews,Max Factory Fate/Grand Order: Ruler/Jeanne D'Arc Figma Action Figure
B01FNRKL26,,194.22,https://www.amazon.com.au/Slik-206751-Compatible-Arca-Swiss-Standards/dp/B01FNRKL26/ref=sr_1_163?dib=eyJ2IjoiMSJ9.yVYu3dLAiTb_tBQq03FUdP4jXzP-Pra7qEeCxqFNEzQ3PyoCex8t7I0euI-Np0nJ6RytokRlN3h04WIH3O3yMqqAoXVGiCZLbhs-Ddm7aakpZ02x2ItcEdJEskm_KrZeHd80Z6sNdpcBfyFG6UFRvklsGi1oyBQNMe2_K8mgmC8.Zxc5PJlzdrcp7RN1J3pXav9xJBQEgDMBjCIuuX1fA-w&dib_tag=se&m=A3SFQLVXY8GUH2&marketplaceID=A39IBJ37TRP1C6&qid=1774740963&refinements=p_36%3A19000-19500&s=merchant-items&sr=1-163&xpid=5fOAsJW61rbAJ#customerReviews,"Slik 206751 SBH-180 DS Freedom Head Quick Shoe Compatible with Arca-Swiss Standards, Small"
B01FNRKL26,,,,
B00XJ0R4Z2,,192.48,https://www.amazon.com.au/generation-CAMI-Mirai-uniform-pre-painted-Megahouse/dp/B00XJ0R4Z2/ref=sr_1_164?dib=eyJ2IjoiMSJ9.yVYu3dLAiTb_tBQq03FUdP4jXzP-Pra7qEeCxqFNEzQ3PyoCex8t7I0euI-Np0nJ6RytokRlN3h04WIH3O3yMqqAoXVGiCZLbhs-Ddm7aakpZ02x2ItcEdJEskm_KrZeHd80Z6sNdpcBfyFG6UFRvklsGi1oyBQNMe2_K8mgmC8.Zxc5PJlzdrcp7RN1J3pXav9xJBQEgDMBjCIuuX1fA-w&dib_tag=se&m=A3SFQLVXY8GUH2&marketplaceID=A39IBJ37TRP1C6&qid=1774740963&refinements=p_36%3A19000-19500&s=merchant-items&sr=1-164&xpid=5fOAsJW61rbAJ#customerReviews,GGG (Gundam girls generation) CAMI-Mirai (school uniform Ver.) About 1 / 10 scale PVC pre-painted PVC figure by Megahouse
B00H4RSR3Y,,190.48,https://www.amazon.com.au/BONNE-BONHEUR-Bonaire-Cocotte-3644/dp/B00H4RSR3Y/ref=sr_1_165?dib=eyJ2IjoiMSJ9.yVYu3dLAiTb_tBQq03FUdP4jXzP-Pra7qEeCxqFNEzQ3PyoCex8t7I0euI-Np0nJ6RytokRlN3h04WIH3O3yMqqAoXVGiCZLbhs-Ddm7aakpZ02x2ItcEdJEskm_KrZeHd80Z6sNdpcBfyFG6UFRvklsGi1oyBQNMe2_K8mgmC8.Zxc5PJlzdrcp7RN1J3pXav9xJBQEgDMBjCIuuX1fA-w&dib_tag=se&m=A3SFQLVXY8GUH2&marketplaceID=A39IBJ37TRP1C6&qid=1774740963&refinements=p_36%3A19000-19500&s=merchant-items&sr=1-165&xpid=5fOAsJW61rbAJ,"Ishigaki Sangyo ABVB609 Bon Bonaire Cocotte Oval, 6.7 inches (17 cm), Brown, Iron Casting, China"
B00H4RSR3Y,,,,
B00ATVNSFE,,191.58,https://www.amazon.com.au/P-P-PIECE-Ver-1-5-Limited/dp/B00ATVNSFE/ref=sr_1_166?dib=eyJ2IjoiMSJ9.yVYu3dLAiTb_tBQq03FUdP4jXzP-Pra7qEeCxqFNEzQ3PyoCex8t7I0euI-Np0nJ6RytokRlN3h04WIH3O3yMqqAoXVGiCZLbhs-Ddm7aakpZ02x2ItcEdJEskm_KrZeHd80Z6sNdpcBfyFG6UFRvklsGi1oyBQNMe2_K8mgmC8.Zxc5PJlzdrcp7RN1J3pXav9xJBQEgDMBjCIuuX1fA-w&dib_tag=se&m=A3SFQLVXY8GUH2&marketplaceID=A39IBJ37TRP1C6&qid=1774740963&refinements=p_36%3A19000-19500&s=merchant-items&sr=1-166&xpid=5fOAsJW61rbAJ#customerReviews,P.O.P. - ONE PIECE: Rob Lucci Ver.1.5 [Limited Edition]
B007L4QU0C,,195.93,https://www.amazon.com.au/Princess-Excellent-Rebellion-infiltration-Megatore/dp/B007L4QU0C/ref=sr_1_167?dib=eyJ2IjoiMSJ9.yVYu3dLAiTb_tBQq03FUdP4jXzP-Pra7qEeCxqFNEzQ3PyoCex8t7I0euI-Np0nJ6RytokRlN3h04WIH3O3yMqqAoXVGiCZLbhs-Ddm7aakpZ02x2ItcEdJEskm_KrZeHd80Z6sNdpcBfyFG6UFRvklsGi1oyBQNMe2_K8mgmC8.Zxc5PJlzdrcp7RN1J3pXav9xJBQEgDMBjCIuuX1fA-w&dib_tag=se&m=A3SFQLVXY8GUH2&marketplaceID=A39IBJ37TRP1C6&qid=1774740963&refinements=p_36%3A19000-19500&s=merchant-items&sr=1-167&xpid=5fOAsJW61rbAJ#customerReviews,Knight Princess of Excellent Model LIMITED Queen's Blade Rebellion Anne Lotte infiltration clothes Ao [Megatore Shop Limited] (japan import)
B004Y9P7FQ,,194.95,https://www.amazon.com.au/Excellent-Model-P-P-Collection/dp/B004Y9P7FQ/ref=sr_1_168?dib=eyJ2IjoiMSJ9.yVYu3dLAiTb_tBQq03FUdP4jXzP-Pra7qEeCxqFNEzQ3PyoCex8t7I0euI-Np0nJ6RytokRlN3h04WIH3O3yMqqAoXVGiCZLbhs-Ddm7aakpZ02x2ItcEdJEskm_KrZeHd80Z6sNdpcBfyFG6UFRvklsGi1oyBQNMe2_K8mgmC8.Zxc5PJlzdrcp7RN1J3pXav9xJBQEgDMBjCIuuX1fA-w&dib_tag=se&m=A3SFQLVXY8GUH2&marketplaceID=A39IBJ37TRP1C6&qid=1774740963&refinements=p_36%3A19000-19500&s=merchant-items&sr=1-168&xpid=5fOAsJW61rbAJ#customerReviews,Excellent Model Series P.O.P - Portrait Of Pirates - One Piece Collection NEO-DX Aokiji Faisan Azul24.5 cm Tall Figure [JAPAN]
B002P95WXY,,191.54,https://www.amazon.com.au/Tohnichi-AH15D2X26/dp/B002P95WXY/ref=sr_1_169?dib=eyJ2IjoiMSJ9.yVYu3dLAiTb_tBQq03FUdP4jXzP-Pra7qEeCxqFNEzQ3PyoCex8t7I0euI-Np0nJ6RytokRlN3h04WIH3O3yMqqAoXVGiCZLbhs-Ddm7aakpZ02x2ItcEdJEskm_KrZeHd80Z6sNdpcBfyFG6UFRvklsGi1oyBQNMe2_K8mgmC8.Zxc5PJlzdrcp7RN1J3pXav9xJBQEgDMBjCIuuX1fA-w&dib_tag=se&m=A3SFQLVXY8GUH2&marketplaceID=A39IBJ37TRP1C6&qid=1774740963&refinements=p_36%3A19000-19500&s=merchant-items&sr=1-169&xpid=5fOAsJW61rbAJ,TOHNICHI AH15D2X26 Adjustable Replacement Head
B002P95WXY,,,,
B001VKXNMK,,191.02,https://www.amazon.com.au/Taki-Corporation-statuette-Swimsuit-Version/dp/B001VKXNMK/ref=sr_1_170?dib=eyJ2IjoiMSJ9.yVYu3dLAiTb_tBQq03FUdP4jXzP-Pra7qEeCxqFNEzQ3PyoCex8t7I0euI-Np0nJ6RytokRlN3h04WIH3O3yMqqAoXVGiCZLbhs-Ddm7aakpZ02x2ItcEdJEskm_KrZeHd80Z6sNdpcBfyFG6UFRvklsGi1oyBQNMe2_K8mgmC8.Zxc5PJlzdrcp7RN1J3pXav9xJBQEgDMBjCIuuX1fA-w&dib_tag=se&m=A3SFQLVXY8GUH2&marketplaceID=A39IBJ37TRP1C6&qid=1774740963&refinements=p_36%3A19000-19500&s=merchant-items&sr=1-170&xpid=5fOAsJW61rbAJ#customerReviews,Burst Angel statuette PVC 1/8 Sei Swimsuit Version 19 cm
B001P4ZR6C,,192.31,https://www.amazon.com.au/Allient-370100-Person-Camping-Hiking/dp/B001P4ZR6C/ref=sr_1_171?dib=eyJ2IjoiMSJ9.yVYu3dLAiTb_tBQq03FUdP4jXzP-Pra7qEeCxqFNEzQ3PyoCex8t7I0euI-Np0nJ6RytokRlN3h04WIH3O3yMqqAoXVGiCZLbhs-Ddm7aakpZ02x2ItcEdJEskm_KrZeHd80Z6sNdpcBfyFG6UFRvklsGi1oyBQNMe2_K8mgmC8.Zxc5PJlzdrcp7RN1J3pXav9xJBQEgDMBjCIuuX1fA-w&dib_tag=se&m=A3SFQLVXY8GUH2&marketplaceID=A39IBJ37TRP1C6&qid=1774740963&refinements=p_36%3A19000-19500&s=merchant-items&sr=1-171&xpid=5fOAsJW61rbAJ,Allient Super Light Zelt 1 370100 2 Person Camping & Hiking
B001P4ZR6C,,,,
B001CNH1WE,,193.75,https://www.amazon.com.au/T117-F8-Kagami-Crystal-rocks/dp/B001CNH1WE/ref=sr_1_177?dib=eyJ2IjoiMSJ9.KosfvZ5o_qVJfK_e7rA_rmSmYUaOTp9XN7roS2V95dHNhvfWK94dVSICK7b4SfLl5Mc2jwSDM8Fyxd6NQ8Tclg.Ma4aLJBfFuugn5bWVsc_e4aVmh0YHVoue9cECpn-DFM&dib_tag=se&m=A3SFQLVXY8GUH2&marketplaceID=A39IBJ37TRP1C6&qid=1774740968&refinements=p_36%3A19000-19500&s=merchant-items&sr=1-177&xpid=5fOAsJW61rbAJ#customerReviews,Kagami Crystal on the rocks T117-F8
B001CNH1WE,,,,
B0015XFQF0,,192.66,https://www.amazon.com.au/Sleeping-Minimum-Working-Temperature-Degrees/dp/B0015XFQF0/ref=sr_1_178?dib=eyJ2IjoiMSJ9.KosfvZ5o_qVJfK_e7rA_rmSmYUaOTp9XN7roS2V95dHNhvfWK94dVSICK7b4SfLl5Mc2jwSDM8Fyxd6NQ8Tclg.Ma4aLJBfFuugn5bWVsc_e4aVmh0YHVoue9cECpn-DFM&dib_tag=se&m=A3SFQLVXY8GUH2&marketplaceID=A39IBJ37TRP1C6&qid=1774740968&refinements=p_36%3A19000-19500&s=merchant-items&sr=1-178&xpid=5fOAsJW61rbAJ#customerReviews,"ISUKA Sleeping Bag, Patrol Short, Royal Blue (Minimum Usable Temperature 2°C)"
B0015XFQF0,,,,
B078T3XMNT,,191.91,https://www.amazon.com.au/Japan-BANPRESTO-Colosseum-Tenkaichi-Banpresto/dp/B078T3XMNT/ref=sr_1_179?dib=eyJ2IjoiMSJ9.KosfvZ5o_qVJfK_e7rA_rmSmYUaOTp9XN7roS2V95dHNhvfWK94dVSICK7b4SfLl5Mc2jwSDM8Fyxd6NQ8Tclg.Ma4aLJBfFuugn5bWVsc_e4aVmh0YHVoue9cECpn-DFM&dib_tag=se&m=A3SFQLVXY8GUH2&marketplaceID=A39IBJ37TRP1C6&qid=1774740968&refinements=p_36%3A19000-19500&s=merchant-items&sr=1-179&xpid=5fOAsJW61rbAJ#customerReviews,Japan Import New Goku BWFC Figure Dragon Ball Z BANPRESTO World Figure Colosseum Modeling Tenkaichi Budokai 其之 Five Banpresto Prize
B00NM6NYRU,,192.05,https://www.amazon.com.au/Wing-Ishikei-Event-Staff-Figure/dp/B00NM6NYRU/ref=sr_1_180?dib=eyJ2IjoiMSJ9.KosfvZ5o_qVJfK_e7rA_rmSmYUaOTp9XN7roS2V95dHNhvfWK94dVSICK7b4SfLl5Mc2jwSDM8Fyxd6NQ8Tclg.Ma4aLJBfFuugn5bWVsc_e4aVmh0YHVoue9cECpn-DFM&dib_tag=se&m=A3SFQLVXY8GUH2&marketplaceID=A39IBJ37TRP1C6&qid=1774740968&refinements=p_36%3A19000-19500&s=merchant-items&sr=1-180&xpid=5fOAsJW61rbAJ,Wing Ishikei: Event Staff Girl PVC Figure
B004A15JJC,,194.68,https://www.amazon.com.au/S-I-C-VOL-57-Kamen-Cyclone-bandai/dp/B004A15JJC/ref=sr_1_181?dib=eyJ2IjoiMSJ9.KosfvZ5o_qVJfK_e7rA_rmSmYUaOTp9XN7roS2V95dHNhvfWK94dVSICK7b4SfLl5Mc2jwSDM8Fyxd6NQ8Tclg.Ma4aLJBfFuugn5bWVsc_e4aVmh0YHVoue9cECpn-DFM&dib_tag=se&m=A3SFQLVXY8GUH2&marketplaceID=A39IBJ37TRP1C6&qid=1774740968&refinements=p_36%3A19000-19500&s=merchant-items&sr=1-181&xpid=5fOAsJW61rbAJ#customerReviews,S.I.C. VOL.57 Kamen Rider W Cyclone Joker by bandai
B001JKIWDW,,192.68,https://www.amazon.com.au/Panduit-CPP48WBLY-48-Port-Patch-Panel/dp/B001JKIWDW/ref=sr_1_177?dib=eyJ2IjoiMSJ9.pwYaYh9HKb7FlItC-ZY5zSN9BFP1OqnTXpyJ9qQau07qe0zT4fkEOQHHo2Ax-Slryu7xle0AF0i-GM02dvvvZANUrkRQN04xDp0AGuEwvSohgLy_5zh93wCFWTGSqxwbK0ZWFKzaeEWgljFzR_Z9YScBKu2rI8LFpt0kjADLWPE.Xs68eGcm_nnmmEs3Tk7hYo3Q7sO-VWd24ShZRvGhzXA&dib_tag=se&m=A3SFQLVXY8GUH2&marketplaceID=A39IBJ37TRP1C6&qid=1774740968&refinements=p_36%3A19000-19500&s=merchant-items&sr=1-177&xpid=5fOAsJW61rbAJ#customerReviews,"Panduit CPP48WBLY 48-Port Flat Patch Panel, Black"
B001JKIWDW,,,,
B07R1XCNH4,,190.97,https://www.amazon.com.au/Bandai-Dragonball-Figuarts-Action-Resurrection/dp/B07R1XCNH4/ref=sr_1_178?dib=eyJ2IjoiMSJ9.pwYaYh9HKb7FlItC-ZY5zSN9BFP1OqnTXpyJ9qQau07qe0zT4fkEOQHHo2Ax-Slryu7xle0AF0i-GM02dvvvZANUrkRQN04xDp0AGuEwvSohgLy_5zh93wCFWTGSqxwbK0ZWFKzaeEWgljFzR_Z9YScBKu2rI8LFpt0kjADLWPE.Xs68eGcm_nnmmEs3Tk7hYo3Q7sO-VWd24ShZRvGhzXA&dib_tag=se&m=A3SFQLVXY8GUH2&marketplaceID=A39IBJ37TRP1C6&qid=1774740968&refinements=p_36%3A19000-19500&s=merchant-items&sr=1-178&xpid=5fOAsJW61rbAJ#customerReviews,Bandai Dragonball Super S.H. Figuarts Action Figure Frieza -Resurrection- 12 cm
B001CIKHGQ,,194.8,https://www.amazon.com.au/Oishi-Tengudo-Karuta-Paulownia-inches/dp/B001CIKHGQ/ref=sr_1_179?dib=eyJ2IjoiMSJ9.pwYaYh9HKb7FlItC-ZY5zSN9BFP1OqnTXpyJ9qQau07qe0zT4fkEOQHHo2Ax-Slryu7xle0AF0i-GM02dvvvZANUrkRQN04xDp0AGuEwvSohgLy_5zh93wCFWTGSqxwbK0ZWFKzaeEWgljFzR_Z9YScBKu2rI8LFpt0kjADLWPE.Xs68eGcm_nnmmEs3Tk7hYo3Q7sO-VWd24ShZRvGhzXA&dib_tag=se&m=A3SFQLVXY8GUH2&marketplaceID=A39IBJ37TRP1C6&qid=1774740968&refinements=p_36%3A19000-19500&s=merchant-items&sr=1-179&xpid=5fOAsJW61rbAJ,"Oishi Tengudo Unsun Karuta (Paulownia Box), 10.2 x 1.2 x 3.8 inches (257 x 30 x 96 mm), Ages"
B07B166KW9,,194.95,https://www.amazon.com.au/Seriously-Majorelle-Indebted-chatting-Mokonyan/dp/B07B166KW9/ref=sr_1_180?dib=eyJ2IjoiMSJ9.pwYaYh9HKb7FlItC-ZY5zSN9BFP1OqnTXpyJ9qQau07qe0zT4fkEOQHHo2Ax-Slryu7xle0AF0i-GM02dvvvZANUrkRQN04xDp0AGuEwvSohgLy_5zh93wCFWTGSqxwbK0ZWFKzaeEWgljFzR_Z9YScBKu2rI8LFpt0kjADLWPE.Xs68eGcm_nnmmEs3Tk7hYo3Q7sO-VWd24ShZRvGhzXA&dib_tag=se&m=A3SFQLVXY8GUH2&marketplaceID=A39IBJ37TRP1C6&qid=1774740968&refinements=p_36%3A19000-19500&s=merchant-items&sr=1-180&xpid=5fOAsJW61rbAJ#customerReviews,Magic × warrior Seriously Majorelle Pyuazu! Indebted love chatting Mokonyan height 25cm
B00TZLWSQ4,,191.39,https://www.amazon.com.au/Azone-International-Wooden-ki-gu-mi-Pagoda/dp/B00TZLWSQ4/ref=sr_1_181?dib=eyJ2IjoiMSJ9.pwYaYh9HKb7FlItC-ZY5zSN9BFP1OqnTXpyJ9qQau07qe0zT4fkEOQHHo2Ax-Slryu7xle0AF0i-GM02dvvvZANUrkRQN04xDp0AGuEwvSohgLy_5zh93wCFWTGSqxwbK0ZWFKzaeEWgljFzR_Z9YScBKu2rI8LFpt0kjADLWPE.Xs68eGcm_nnmmEs3Tk7hYo3Q7sO-VWd24ShZRvGhzXA&dib_tag=se&m=A3SFQLVXY8GUH2&marketplaceID=A39IBJ37TRP1C6&qid=1774740968&refinements=p_36%3A19000-19500&s=merchant-items&sr=1-181&xpid=5fOAsJW61rbAJ,Azone International Wooden Art ki-gu-mi Five?Story Pagoda
B00B8IWGF0,,191.52,https://www.amazon.com.au/Bandai-Tamashii-Nations-Unicorn-Spirits/dp/B00B8IWGF0/ref=sr_1_182?dib=eyJ2IjoiMSJ9.pwYaYh9HKb7FlItC-ZY5zSN9BFP1OqnTXpyJ9qQau07qe0zT4fkEOQHHo2Ax-Slryu7xle0AF0i-GM02dvvvZANUrkRQN04xDp0AGuEwvSohgLy_5zh93wCFWTGSqxwbK0ZWFKzaeEWgljFzR_Z9YScBKu2rI8LFpt0kjADLWPE.Xs68eGcm_nnmmEs3Tk7hYo3Q7sO-VWd24ShZRvGhzXA&dib_tag=se&m=A3SFQLVXY8GUH2&marketplaceID=A39IBJ37TRP1C6&qid=1774740968&refinements=p_36%3A19000-19500&s=merchant-items&sr=1-182&xpid=5fOAsJW61rbAJ#customerReviews,Bandai Tamashii Nations Full Armor Unicorn Gundam Robot Spirits Action Figure (Unicorn Mode)
B08K91H6G8,,191.04,https://www.amazon.com.au/KCNC-Fully-Machined-Brake-SK2126/dp/B08K91H6G8/ref=sr_1_183?dib=eyJ2IjoiMSJ9.pwYaYh9HKb7FlItC-ZY5zSN9BFP1OqnTXpyJ9qQau07qe0zT4fkEOQHHo2Ax-Slryu7xle0AF0i-GM02dvvvZANUrkRQN04xDp0AGuEwvSohgLy_5zh93wCFWTGSqxwbK0ZWFKzaeEWgljFzR_Z9YScBKu2rI8LFpt0kjADLWPE.Xs68eGcm_nnmmEs3Tk7hYo3Q7sO-VWd24ShZRvGhzXA&dib_tag=se&m=A3SFQLVXY8GUH2&marketplaceID=A39IBJ37TRP1C6&qid=1774740968&refinements=p_36%3A19000-19500&s=merchant-items&sr=1-183&xpid=5fOAsJW61rbAJ#customerReviews,"KCNC V6 Fully CNC Machined MTB Brake Lever, 66g, Gold, SK2126"
B08K91H6G8,,,,
B00GN550JM,,194.6,https://www.amazon.com.au/Carrera-Digital132-confluence-20030350-Kyosho/dp/B00GN550JM/ref=sr_1_184?dib=eyJ2IjoiMSJ9.pwYaYh9HKb7FlItC-ZY5zSN9BFP1OqnTXpyJ9qQau07qe0zT4fkEOQHHo2Ax-Slryu7xle0AF0i-GM02dvvvZANUrkRQN04xDp0AGuEwvSohgLy_5zh93wCFWTGSqxwbK0ZWFKzaeEWgljFzR_Z9YScBKu2rI8LFpt0kjADLWPE.Xs68eGcm_nnmmEs3Tk7hYo3Q7sO-VWd24ShZRvGhzXA&dib_tag=se&m=A3SFQLVXY8GUH2&marketplaceID=A39IBJ37TRP1C6&qid=1774740968&refinements=p_36%3A19000-19500&s=merchant-items&sr=1-184&xpid=5fOAsJW61rbAJ,Carrera Digital132 / 124 confluence left 20030350 by Kyosho
B00CU61SQW,,191.07,https://www.amazon.com.au/Shippuden-figures-Shinobi-Relations-Banpresto/dp/B00CU61SQW/ref=sr_1_185?dib=eyJ2IjoiMSJ9.pwYaYh9HKb7FlItC-ZY5zSN9BFP1OqnTXpyJ9qQau07qe0zT4fkEOQHHo2Ax-Slryu7xle0AF0i-GM02dvvvZANUrkRQN04xDp0AGuEwvSohgLy_5zh93wCFWTGSqxwbK0ZWFKzaeEWgljFzR_Z9YScBKu2rI8LFpt0kjADLWPE.Xs68eGcm_nnmmEs3Tk7hYo3Q7sO-VWd24ShZRvGhzXA&dib_tag=se&m=A3SFQLVXY8GUH2&marketplaceID=A39IBJ37TRP1C6&qid=1774740968&refinements=p_36%3A19000-19500&s=merchant-items&sr=1-185&xpid=5fOAsJW61rbAJ,Naruto Shippuden DXF figures Shinobi Relations 4 whole set of 2 Banpresto prize
B009183Q9E,,194.87,https://www.amazon.com.au/Statue-Legend-Bizarre-Adventure-Figure/dp/B009183Q9E/ref=sr_1_186?dib=eyJ2IjoiMSJ9.pwYaYh9HKb7FlItC-ZY5zSN9BFP1OqnTXpyJ9qQau07qe0zT4fkEOQHHo2Ax-Slryu7xle0AF0i-GM02dvvvZANUrkRQN04xDp0AGuEwvSohgLy_5zh93wCFWTGSqxwbK0ZWFKzaeEWgljFzR_Z9YScBKu2rI8LFpt0kjADLWPE.Xs68eGcm_nnmmEs3Tk7hYo3Q7sO-VWd24ShZRvGhzXA&dib_tag=se&m=A3SFQLVXY8GUH2&marketplaceID=A39IBJ37TRP1C6&qid=1774740968&refinements=p_36%3A19000-19500&s=merchant-items&sr=1-186&xpid=5fOAsJW61rbAJ,Statue Legend - JoJo's Bizarre Adventure: Part III [Dio] (PVC Figure)
B0039S7HJC,,193.62,https://www.amazon.com.au/Good-Smile-Fate-unlimited-codes/dp/B0039S7HJC/ref=sr_1_187?dib=eyJ2IjoiMSJ9.pwYaYh9HKb7FlItC-ZY5zSN9BFP1OqnTXpyJ9qQau07qe0zT4fkEOQHHo2Ax-Slryu7xle0AF0i-GM02dvvvZANUrkRQN04xDp0AGuEwvSohgLy_5zh93wCFWTGSqxwbK0ZWFKzaeEWgljFzR_Z9YScBKu2rI8LFpt0kjADLWPE.Xs68eGcm_nnmmEs3Tk7hYo3Q7sO-VWd24ShZRvGhzXA&dib_tag=se&m=A3SFQLVXY8GUH2&marketplaceID=A39IBJ37TRP1C6&qid=1774740968&refinements=p_36%3A19000-19500&s=merchant-items&sr=1-187&xpid=5fOAsJW61rbAJ#customerReviews,Good Smile Fate/unlimited codes: Saber Lily Golden Caliburn PVC Figure (1:7 Scale)
B002A5XL8G,,191.19,https://www.amazon.com.au/Trusco-MFV01-MFV-01/dp/B002A5XL8G/ref=sr_1_193?dib=eyJ2IjoiMSJ9.JUbE_QcljH4s8QGdcMz0HBRYPfoSSSxAblibu2ZZfW2voCexm4IfR73fuZFzh9P7Z5JZ-hHDgQ77gFYkNBXuaA.Q_cMQsf7LhaiES1BLd3lhCpiI-v1JwxMPhr0nMKyOb0&dib_tag=se&m=A3SFQLVXY8GUH2&marketplaceID=A39IBJ37TRP1C6&qid=1774740973&refinements=p_36%3A19000-19500&s=merchant-items&sr=1-193&xpid=5fOAsJW61rbAJ#customerReviews,TRUSCO MFV-01 Air Jet Foot Valve Air Switch
B002A5XL8G,,,,
B07ZHZQZWN,,190.24,https://www.amazon.com.au/CRANKBROTHERS-Stamp-2-Small-Black/dp/B07ZHZQZWN/ref=sr_1_194?dib=eyJ2IjoiMSJ9.JUbE_QcljH4s8QGdcMz0HBRYPfoSSSxAblibu2ZZfW2voCexm4IfR73fuZFzh9P7Z5JZ-hHDgQ77gFYkNBXuaA.Q_cMQsf7LhaiES1BLd3lhCpiI-v1JwxMPhr0nMKyOb0&dib_tag=se&m=A3SFQLVXY8GUH2&marketplaceID=A39IBJ37TRP1C6&qid=1774740973&refinements=p_36%3A19000-19500&s=merchant-items&sr=1-194&xpid=5fOAsJW61rbAJ#customerReviews,Crank Brothers Stamp 2 Platform Pedals
B07ZHZQZWN,,,,
B07PHBS14Q,,190.76,https://www.amazon.com.au/Zessho-Symphogear-Shirabe-Tsukuyomi-Complete/dp/B07PHBS14Q/ref=sr_1_195?dib=eyJ2IjoiMSJ9.JUbE_QcljH4s8QGdcMz0HBRYPfoSSSxAblibu2ZZfW2voCexm4IfR73fuZFzh9P7Z5JZ-hHDgQ77gFYkNBXuaA.Q_cMQsf7LhaiES1BLd3lhCpiI-v1JwxMPhr0nMKyOb0&dib_tag=se&m=A3SFQLVXY8GUH2&marketplaceID=A39IBJ37TRP1C6&qid=1774740973&refinements=p_36%3A19000-19500&s=merchant-items&sr=1-195&xpid=5fOAsJW61rbAJ#customerReviews,Senki Zessho Symphogear GX Shirabe Tsukuyomi Maid Ver. 1/8 Complete Figure
B0C533ZBTN,,192.86,https://www.amazon.com.au/Prox-PX3312M-Teflon-Polyester-Radial/dp/B0C533ZBTN/ref=sr_1_196?dib=eyJ2IjoiMSJ9.JUbE_QcljH4s8QGdcMz0HBRYPfoSSSxAblibu2ZZfW2voCexm4IfR73fuZFzh9P7Z5JZ-hHDgQ77gFYkNBXuaA.Q_cMQsf7LhaiES1BLd3lhCpiI-v1JwxMPhr0nMKyOb0&dib_tag=se&m=A3SFQLVXY8GUH2&marketplaceID=A39IBJ37TRP1C6&qid=1774740973&refinements=p_36%3A19000-19500&s=merchant-items&sr=1-196&xpid=5fOAsJW61rbAJ#customerReviews,"Prox Teflon Polyester Wader, Non-Breathable Teflon Water Repellent Treatment, Ripstop Fabric; Sizes: 3S/SS/S/M/L/LL/3L/4L/5L/6L; Sole Type: Felt/Radial/Felt Spikes"
B0BTCQ9J56,,194.8,https://www.amazon.com.au/MegaHouse-Piece-Roronoa-Zoro-Figure/dp/B0BTCQ9J56/ref=sr_1_197?dib=eyJ2IjoiMSJ9.JUbE_QcljH4s8QGdcMz0HBRYPfoSSSxAblibu2ZZfW2voCexm4IfR73fuZFzh9P7Z5JZ-hHDgQ77gFYkNBXuaA.Q_cMQsf7LhaiES1BLd3lhCpiI-v1JwxMPhr0nMKyOb0&dib_tag=se&m=A3SFQLVXY8GUH2&marketplaceID=A39IBJ37TRP1C6&qid=1774740973&refinements=p_36%3A19000-19500&s=merchant-items&sr=1-197&xpid=5fOAsJW61rbAJ#customerReviews,MEGAHOUSE G.E.M. Series ONE PIECE Roronoa Zoro RUN! RUN! RUN!
B08BNHVFZX,,192.38,https://www.amazon.com.au/Ortreeve-Ultimate-Classic-F3613-Petrol/dp/B08BNHVFZX/ref=sr_1_193?dib=eyJ2IjoiMSJ9.ZRrNUJChDLngR2K77D3Vi4euWZbglFYKCMTQ4Dwwhc1WhhZ58tGCZ-yvR4gdN2YwvGo9WtM4BGSBE0YWd9Pwa6NoFEG226XwN6RP25baa8NFDDk84vgOQwMoak3RKH8MGk3EW3W2e2mSx4_J9sRkvBCVHw7DtO0N-LAttfM3HkY.yb0GNvwdlX3lwcqFGLKGtPAVYr6N45sHyeLi8Uq2M-w&dib_tag=se&m=A3SFQLVXY8GUH2&marketplaceID=A39IBJ37TRP1C6&qid=1774740973&refinements=p_36%3A19000-19500&s=merchant-items&sr=1-193&xpid=5fOAsJW61rbAJ#customerReviews,Ortreeve Ultimate 6 Classic/5L F3613 Petrol Small
B08BNHVFZX,,,,
B084MBRZGW,,192.09,https://www.amazon.com.au/MKS-Sylvan-Stream-Superior-Pedal/dp/B084MBRZGW/ref=sr_1_194?dib=eyJ2IjoiMSJ9.ZRrNUJChDLngR2K77D3Vi4euWZbglFYKCMTQ4Dwwhc1WhhZ58tGCZ-yvR4gdN2YwvGo9WtM4BGSBE0YWd9Pwa6NoFEG226XwN6RP25baa8NFDDk84vgOQwMoak3RKH8MGk3EW3W2e2mSx4_J9sRkvBCVHw7DtO0N-LAttfM3HkY.yb0GNvwdlX3lwcqFGLKGtPAVYr6N45sHyeLi8Uq2M-w&dib_tag=se&m=A3SFQLVXY8GUH2&marketplaceID=A39IBJ37TRP1C6&qid=1774740973&refinements=p_36%3A19000-19500&s=merchant-items&sr=1-194&xpid=5fOAsJW61rbAJ#customerReviews,"MKS (Sylvan Stream Next Easy Superior) Bicycle Pedal, Black"
B084MBRZGW,,,,
B0BZPSMR67,,192.1,https://www.amazon.com.au/GOODSMILE-LATTAQUE-TITANS-Version-Costume/dp/B0BZPSMR67/ref=sr_1_195?dib=eyJ2IjoiMSJ9.ZRrNUJChDLngR2K77D3Vi4euWZbglFYKCMTQ4Dwwhc1WhhZ58tGCZ-yvR4gdN2YwvGo9WtM4BGSBE0YWd9Pwa6NoFEG226XwN6RP25baa8NFDDk84vgOQwMoak3RKH8MGk3EW3W2e2mSx4_J9sRkvBCVHw7DtO0N-LAttfM3HkY.yb0GNvwdlX3lwcqFGLKGtPAVYr6N45sHyeLi8Uq2M-w&dib_tag=se&m=A3SFQLVXY8GUH2&marketplaceID=A39IBJ37TRP1C6&qid=1774740973&refinements=p_36%3A19000-19500&s=merchant-items&sr=1-195&xpid=5fOAsJW61rbAJ#customerReviews,GOODSMILE L'ATTAQUE DES TITANS - Eren Version Costume - Pop Up Parade 18cm
B00ME80C22,,195.32,https://www.amazon.com.au/Gundam-limited-Unicorn-Ver-GFT-STRIKES/dp/B00ME80C22/ref=sr_1_196?dib=eyJ2IjoiMSJ9.ZRrNUJChDLngR2K77D3Vi4euWZbglFYKCMTQ4Dwwhc1WhhZ58tGCZ-yvR4gdN2YwvGo9WtM4BGSBE0YWd9Pwa6NoFEG226XwN6RP25baa8NFDDk84vgOQwMoak3RKH8MGk3EW3W2e2mSx4_J9sRkvBCVHw7DtO0N-LAttfM3HkY.yb0GNvwdlX3lwcqFGLKGtPAVYr6N45sHyeLi8Uq2M-w&dib_tag=se&m=A3SFQLVXY8GUH2&marketplaceID=A39IBJ37TRP1C6&qid=1774740973&refinements=p_36%3A19000-19500&s=merchant-items&sr=1-196&xpid=5fOAsJW61rbAJ#customerReviews,[Gundam Front Tokyo limited] HGUC 1/144 Unicorn Gundam Unit 1 and Unit 2 Ver.GFT (STRIKES ODAIBA SET) by Bandai
B00ME80C22,,,,
B0081OSCT8,,190.32,https://www.amazon.com.au/Armor-gloves-Sharps-master-754058/dp/B0081OSCT8/ref=sr_1_197?dib=eyJ2IjoiMSJ9.ZRrNUJChDLngR2K77D3Vi4euWZbglFYKCMTQ4Dwwhc1WhhZ58tGCZ-yvR4gdN2YwvGo9WtM4BGSBE0YWd9Pwa6NoFEG226XwN6RP25baa8NFDDk84vgOQwMoak3RKH8MGk3EW3W2e2mSx4_J9sRkvBCVHw7DtO0N-LAttfM3HkY.yb0GNvwdlX3lwcqFGLKGtPAVYr6N45sHyeLi8Uq2M-w&dib_tag=se&m=A3SFQLVXY8GUH2&marketplaceID=A39IBJ37TRP1C6&qid=1774740973&refinements=p_36%3A19000-19500&s=merchant-items&sr=1-197&xpid=5fOAsJW61rbAJ,Hex Armor gloves Sharps master II M 754058
B0081OSCT8,,,,
B004MXM806,,193.36,https://www.amazon.com.au/GV50-173-0-4MP-AU-1-4-60X0-4MP/dp/B004MXM806/ref=sr_1_198?dib=eyJ2IjoiMSJ9.ZRrNUJChDLngR2K77D3Vi4euWZbglFYKCMTQ4Dwwhc1WhhZ58tGCZ-yvR4gdN2YwvGo9WtM4BGSBE0YWd9Pwa6NoFEG226XwN6RP25baa8NFDDk84vgOQwMoak3RKH8MGk3EW3W2e2mSx4_J9sRkvBCVHw7DtO0N-LAttfM3HkY.yb0GNvwdlX3lwcqFGLKGtPAVYr6N45sHyeLi8Uq2M-w&dib_tag=se&m=A3SFQLVXY8GUH2&marketplaceID=A39IBJ37TRP1C6&qid=1774740973&refinements=p_36%3A19000-19500&s=merchant-items&sr=1-198&xpid=5fOAsJW61rbAJ,GV50-173-0.4MP (AU 1/4 60X0.4MP)
B004MXM806,,,,
B0089E79BW,,193.64,https://www.amazon.com.au/S-H-Figuarts-Fuwa-Juzou-Exclusive/dp/B0089E79BW/ref=sr_1_199?dib=eyJ2IjoiMSJ9.ZRrNUJChDLngR2K77D3Vi4euWZbglFYKCMTQ4Dwwhc1WhhZ58tGCZ-yvR4gdN2YwvGo9WtM4BGSBE0YWd9Pwa6NoFEG226XwN6RP25baa8NFDDk84vgOQwMoak3RKH8MGk3EW3W2e2mSx4_J9sRkvBCVHw7DtO0N-LAttfM3HkY.yb0GNvwdlX3lwcqFGLKGtPAVYr6N45sHyeLi8Uq2M-w&dib_tag=se&m=A3SFQLVXY8GUH2&marketplaceID=A39IBJ37TRP1C6&qid=1774740973&refinements=p_36%3A19000-19500&s=merchant-items&sr=1-199&xpid=5fOAsJW61rbAJ#customerReviews,S.H. Figuarts - Fuwa Juzou Exclusive
B001QDKRTO,,194.95,https://www.amazon.com.au/Anime-Piece-Chopper-figure-three/dp/B001QDKRTO/ref=sr_1_200?dib=eyJ2IjoiMSJ9.ZRrNUJChDLngR2K77D3Vi4euWZbglFYKCMTQ4Dwwhc1WhhZ58tGCZ-yvR4gdN2YwvGo9WtM4BGSBE0YWd9Pwa6NoFEG226XwN6RP25baa8NFDDk84vgOQwMoak3RKH8MGk3EW3W2e2mSx4_J9sRkvBCVHw7DtO0N-LAttfM3HkY.yb0GNvwdlX3lwcqFGLKGtPAVYr6N45sHyeLi8Uq2M-w&dib_tag=se&m=A3SFQLVXY8GUH2&marketplaceID=A39IBJ37TRP1C6&qid=1774740973&refinements=p_36%3A19000-19500&s=merchant-items&sr=1-200&xpid=5fOAsJW61rbAJ,TV Anime One Piece Chopper figure all three sets
B0012HQJZ0,,190.75,https://www.amazon.com.au/ASAHI-studio-Kettle-CNE307-Made-Japan/dp/B0012HQJZ0/ref=sr_1_201?dib=eyJ2IjoiMSJ9.ZRrNUJChDLngR2K77D3Vi4euWZbglFYKCMTQ4Dwwhc1WhhZ58tGCZ-yvR4gdN2YwvGo9WtM4BGSBE0YWd9Pwa6NoFEG226XwN6RP25baa8NFDDk84vgOQwMoak3RKH8MGk3EW3W2e2mSx4_J9sRkvBCVHw7DtO0N-LAttfM3HkY.yb0GNvwdlX3lwcqFGLKGtPAVYr6N45sHyeLi8Uq2M-w&dib_tag=se&m=A3SFQLVXY8GUH2&marketplaceID=A39IBJ37TRP1C6&qid=1774740973&refinements=p_36%3A19000-19500&s=merchant-items&sr=1-201&xpid=5fOAsJW61rbAJ#customerReviews,"Asahi Shoku Koubou CNE307 Kettle, 0.8 gal (2.4 L)"
B0012HQJZ0,,,,
B08VDBQ9TJ,,192.34,https://www.amazon.com.au/Sugino-CY4-SHC-Chain-Ring-Multi-Tier/dp/B08VDBQ9TJ/ref=sr_1_202?dib=eyJ2IjoiMSJ9.ZRrNUJChDLngR2K77D3Vi4euWZbglFYKCMTQ4Dwwhc1WhhZ58tGCZ-yvR4gdN2YwvGo9WtM4BGSBE0YWd9Pwa6NoFEG226XwN6RP25baa8NFDDk84vgOQwMoak3RKH8MGk3EW3W2e2mSx4_J9sRkvBCVHw7DtO0N-LAttfM3HkY.yb0GNvwdlX3lwcqFGLKGtPAVYr6N45sHyeLi8Uq2M-w&dib_tag=se&m=A3SFQLVXY8GUH2&marketplaceID=A39IBJ37TRP1C6&qid=1774740973&refinements=p_36%3A19000-19500&s=merchant-items&sr=1-202&xpid=5fOAsJW61rbAJ,Sugino CY4-SHC Chainring
B08VDBQ9TJ,,,,
B07BHMNNFV,,190.54,https://www.amazon.com.au/Doshisha-electric-fluffy-DOSHISHA-DTY-18BK/dp/B07BHMNNFV/ref=sr_1_203?dib=eyJ2IjoiMSJ9.ZRrNUJChDLngR2K77D3Vi4euWZbglFYKCMTQ4Dwwhc1WhhZ58tGCZ-yvR4gdN2YwvGo9WtM4BGSBE0YWd9Pwa6NoFEG226XwN6RP25baa8NFDDk84vgOQwMoak3RKH8MGk3EW3W2e2mSx4_J9sRkvBCVHw7DtO0N-LAttfM3HkY.yb0GNvwdlX3lwcqFGLKGtPAVYr6N45sHyeLi8Uq2M-w&dib_tag=se&m=A3SFQLVXY8GUH2&marketplaceID=A39IBJ37TRP1C6&qid=1774740973&refinements=p_36%3A19000-19500&s=merchant-items&sr=1-203&xpid=5fOAsJW61rbAJ#customerReviews,Doshisha electric fluffy Toro snow shaved ice device DOSHISHA DTY-18BK
B07BHMNNFV,,,,
B00C1B290K,,191.81,https://www.amazon.com.au/Tamashii-Nations-Overdrive-Operation-S-H-Figuarts/dp/B00C1B290K/ref=sr_1_209?dib=eyJ2IjoiMSJ9.cgOohhqb6iyGNG7035VgN-f8wPiIiZ2ln1GhaRJ1GRqXTC34cQrGgT2P8flJfMTMdfj5K91cMcclRFwcaM211Q.iftosxH2S_KAqx6waWzxjvT5blgJZqSK0MBQ2G2eSvA&dib_tag=se&m=A3SFQLVXY8GUH2&marketplaceID=A39IBJ37TRP1C6&qid=1774740978&refinements=p_36%3A19000-19500&s=merchant-items&sr=1-209&xpid=5fOAsJW61rbAJ#customerReviews,"Bandai Tamashii Nations Overdrive Ranger Power Rangers Operation Overdrive S.H.Figuarts Action Figure, Blue and Black"
B0082XMADM,,190.97,https://www.amazon.com.au/Limited-Cyclone-Joker-Extreme-japan/dp/B0082XMADM/ref=sr_1_210?dib=eyJ2IjoiMSJ9.cgOohhqb6iyGNG7035VgN-f8wPiIiZ2ln1GhaRJ1GRqXTC34cQrGgT2P8flJfMTMdfj5K91cMcclRFwcaM211Q.iftosxH2S_KAqx6waWzxjvT5blgJZqSK0MBQ2G2eSvA&dib_tag=se&m=A3SFQLVXY8GUH2&marketplaceID=A39IBJ37TRP1C6&qid=1774740978&refinements=p_36%3A19000-19500&s=merchant-items&sr=1-210&xpid=5fOAsJW61rbAJ#customerReviews,Toei Hero Net Limited SIC Cyclone Joker Gold Extreme (japan import) by Kamen Rider
B0082XMADM,,,,
B004KJ41FM,,191.26,https://www.amazon.com.au/Sinanju-Titanium-Finish-scale-Gundam/dp/B004KJ41FM/ref=sr_1_211?dib=eyJ2IjoiMSJ9.cgOohhqb6iyGNG7035VgN-f8wPiIiZ2ln1GhaRJ1GRqXTC34cQrGgT2P8flJfMTMdfj5K91cMcclRFwcaM211Q.iftosxH2S_KAqx6waWzxjvT5blgJZqSK0MBQ2G2eSvA&dib_tag=se&m=A3SFQLVXY8GUH2&marketplaceID=A39IBJ37TRP1C6&qid=1774740978&refinements=p_36%3A19000-19500&s=merchant-items&sr=1-211&xpid=5fOAsJW61rbAJ#customerReviews,Bandai Hobby SINANJU Titanium Finish Bandai HGUC Action Figure
B003W63B0U,,191.88,https://www.amazon.com.au/Nendoroid-Petit-Angel-Tatsuhana-response/dp/B003W63B0U/ref=sr_1_212?dib=eyJ2IjoiMSJ9.cgOohhqb6iyGNG7035VgN-f8wPiIiZ2ln1GhaRJ1GRqXTC34cQrGgT2P8flJfMTMdfj5K91cMcclRFwcaM211Q.iftosxH2S_KAqx6waWzxjvT5blgJZqSK0MBQ2G2eSvA&dib_tag=se&m=A3SFQLVXY8GUH2&marketplaceID=A39IBJ37TRP1C6&qid=1774740978&refinements=p_36%3A19000-19500&s=merchant-items&sr=1-212&xpid=5fOAsJW61rbAJ#customerReviews,Nendoroid Petit Angel Beats! Tatsuhana response rate ( in kana / angel )
B00081MXSS,,194.19,https://www.amazon.com.au/VOL-16-Sukaizeru-Soul-Vinyl-Bandai/dp/B00081MXSS/ref=sr_1_213?dib=eyJ2IjoiMSJ9.cgOohhqb6iyGNG7035VgN-f8wPiIiZ2ln1GhaRJ1GRqXTC34cQrGgT2P8flJfMTMdfj5K91cMcclRFwcaM211Q.iftosxH2S_KAqx6waWzxjvT5blgJZqSK0MBQ2G2eSvA&dib_tag=se&m=A3SFQLVXY8GUH2&marketplaceID=A39IBJ37TRP1C6&qid=1774740978&refinements=p_36%3A19000-19500&s=merchant-items&sr=1-213&xpid=5fOAsJW61rbAJ#customerReviews,VOL.16 Sukaizeru Soul of Soft Vinyl by Bandai
B00V3B82L4,,195.42,https://www.amazon.com.au/Knipex-85-51-250-Atramentized/dp/B00V3B82L4/ref=sr_1_209?dib=eyJ2IjoiMSJ9.pMJtOtEz3D3UenU39phEois2FC9kfJPgfXd6mekCZnNMyPr5a-qMVg6CqQnRz_u2AblywDQqV3xFFGVHSGAIJ08X1bPoMRi_-YY3NsqKiaJWtgxQVRBtgJa9RNtDQa67jOT4nJdidQyG5RxCqE82Zb9y8AlF7rZYq0pzG_39LHo.Pg2zoR09QF3ijwgK20X02rCiFvraCjp-X5g0nj1nQi0&dib_tag=se&m=A3SFQLVXY8GUH2&marketplaceID=A39IBJ37TRP1C6&qid=1774740978&refinements=p_36%3A19000-19500&s=merchant-items&sr=1-209&xpid=5fOAsJW61rbAJ#customerReviews,"Knipex 85 51 250 AF Spring Hose Clamp Plier with Lock, 250 mm Length"
B00V3B82L4,,,,
B07FJNN4L9,,194.58,https://www.amazon.com.au/KATO-N-Gauge-Yamatoji-Expansion-10-1492/dp/B07FJNN4L9/ref=sr_1_210?dib=eyJ2IjoiMSJ9.pMJtOtEz3D3UenU39phEois2FC9kfJPgfXd6mekCZnNMyPr5a-qMVg6CqQnRz_u2AblywDQqV3xFFGVHSGAIJ08X1bPoMRi_-YY3NsqKiaJWtgxQVRBtgJa9RNtDQa67jOT4nJdidQyG5RxCqE82Zb9y8AlF7rZYq0pzG_39LHo.Pg2zoR09QF3ijwgK20X02rCiFvraCjp-X5g0nj1nQi0&dib_tag=se&m=A3SFQLVXY8GUH2&marketplaceID=A39IBJ37TRP1C6&qid=1774740978&refinements=p_36%3A19000-19500&s=merchant-items&sr=1-210&xpid=5fOAsJW61rbAJ#customerReviews,"KATO N-Gauge 221 Series Renewal car ""Yamatoji Rapid"" Expansion (4-Car Set) [10-1492] (Japan Import)"
B07FJNN4L9,,,,
B07YV9JL25,,194.8,https://www.amazon.com.au/Fsa-Non-Adult-Unisex-Attack/dp/B07YV9JL25/ref=sr_1_211?dib=eyJ2IjoiMSJ9.pMJtOtEz3D3UenU39phEois2FC9kfJPgfXd6mekCZnNMyPr5a-qMVg6CqQnRz_u2AblywDQqV3xFFGVHSGAIJ08X1bPoMRi_-YY3NsqKiaJWtgxQVRBtgJa9RNtDQa67jOT4nJdidQyG5RxCqE82Zb9y8AlF7rZYq0pzG_39LHo.Pg2zoR09QF3ijwgK20X02rCiFvraCjp-X5g0nj1nQi0&dib_tag=se&m=A3SFQLVXY8GUH2&marketplaceID=A39IBJ37TRP1C6&qid=1774740978&refinements=p_36%3A19000-19500&s=merchant-items&sr=1-211&xpid=5fOAsJW61rbAJ#customerReviews,FSA Non Series. Socket:
B07YV9JL25,,,,
B07QMQ6XKZ,,192.18,https://www.amazon.com.au/Heavily-Armed-School-Girls-FIGMA/dp/B07QMQ6XKZ/ref=sr_1_212?dib=eyJ2IjoiMSJ9.pMJtOtEz3D3UenU39phEois2FC9kfJPgfXd6mekCZnNMyPr5a-qMVg6CqQnRz_u2AblywDQqV3xFFGVHSGAIJ08X1bPoMRi_-YY3NsqKiaJWtgxQVRBtgJa9RNtDQa67jOT4nJdidQyG5RxCqE82Zb9y8AlF7rZYq0pzG_39LHo.Pg2zoR09QF3ijwgK20X02rCiFvraCjp-X5g0nj1nQi0&dib_tag=se&m=A3SFQLVXY8GUH2&marketplaceID=A39IBJ37TRP1C6&qid=1774740978&refinements=p_36%3A19000-19500&s=merchant-items&sr=1-212&xpid=5fOAsJW61rbAJ#customerReviews,Heavily Armed HIGH School Girls ROKU FIGMA AF
B0763RN7W7,,192.01,https://www.amazon.com.au/Yamako-Delicacy-Casket-Square-66650/dp/B0763RN7W7/ref=sr_1_213?dib=eyJ2IjoiMSJ9.pMJtOtEz3D3UenU39phEois2FC9kfJPgfXd6mekCZnNMyPr5a-qMVg6CqQnRz_u2AblywDQqV3xFFGVHSGAIJ08X1bPoMRi_-YY3NsqKiaJWtgxQVRBtgJa9RNtDQa67jOT4nJdidQyG5RxCqE82Zb9y8AlF7rZYq0pzG_39LHo.Pg2zoR09QF3ijwgK20X02rCiFvraCjp-X5g0nj1nQi0&dib_tag=se&m=A3SFQLVXY8GUH2&marketplaceID=A39IBJ37TRP1C6&qid=1774740978&refinements=p_36%3A19000-19500&s=merchant-items&sr=1-213&xpid=5fOAsJW61rbAJ,"Yamako 66650 OP Delicacy Small Box, 2.2 inches (56 mm)"
B0763RN7W7,,,,
B00VMTN7GC,,194.39,https://www.amazon.com.au/Captain-Stagg-Field-cooker-UH-4201/dp/B00VMTN7GC/ref=sr_1_214?dib=eyJ2IjoiMSJ9.pMJtOtEz3D3UenU39phEois2FC9kfJPgfXd6mekCZnNMyPr5a-qMVg6CqQnRz_u2AblywDQqV3xFFGVHSGAIJ08X1bPoMRi_-YY3NsqKiaJWtgxQVRBtgJa9RNtDQa67jOT4nJdidQyG5RxCqE82Zb9y8AlF7rZYq0pzG_39LHo.Pg2zoR09QF3ijwgK20X02rCiFvraCjp-X5g0nj1nQi0&dib_tag=se&m=A3SFQLVXY8GUH2&marketplaceID=A39IBJ37TRP1C6&qid=1774740978&refinements=p_36%3A19000-19500&s=merchant-items&sr=1-214&xpid=5fOAsJW61rbAJ#customerReviews,Captain Stagg Field chef cooker set 4 UH-4201
B00VMTN7GC,,,,
B00Q4OKOVQ,,192.44,https://www.amazon.com.au/Nichifu-NTR-R-38-6S-R386S/dp/B00Q4OKOVQ/ref=sr_1_215?dib=eyJ2IjoiMSJ9.pMJtOtEz3D3UenU39phEois2FC9kfJPgfXd6mekCZnNMyPr5a-qMVg6CqQnRz_u2AblywDQqV3xFFGVHSGAIJ08X1bPoMRi_-YY3NsqKiaJWtgxQVRBtgJa9RNtDQa67jOT4nJdidQyG5RxCqE82Zb9y8AlF7rZYq0pzG_39LHo.Pg2zoR09QF3ijwgK20X02rCiFvraCjp-X5g0nj1nQi0&dib_tag=se&m=A3SFQLVXY8GUH2&marketplaceID=A39IBJ37TRP1C6&qid=1774740978&refinements=p_36%3A19000-19500&s=merchant-items&sr=1-215&xpid=5fOAsJW61rbAJ,R386S
B00Q4OKOVQ,,,,
B00LP8S1RU,,191.75,https://www.amazon.com.au/Makita-diamond-core-%CF%8625DM-57635/dp/B00LP8S1RU/ref=sr_1_216?dib=eyJ2IjoiMSJ9.pMJtOtEz3D3UenU39phEois2FC9kfJPgfXd6mekCZnNMyPr5a-qMVg6CqQnRz_u2AblywDQqV3xFFGVHSGAIJ08X1bPoMRi_-YY3NsqKiaJWtgxQVRBtgJa9RNtDQa67jOT4nJdidQyG5RxCqE82Zb9y8AlF7rZYq0pzG_39LHo.Pg2zoR09QF3ijwgK20X02rCiFvraCjp-X5g0nj1nQi0&dib_tag=se&m=A3SFQLVXY8GUH2&marketplaceID=A39IBJ37TRP1C6&qid=1774740978&refinements=p_36%3A19000-19500&s=merchant-items&sr=1-216&xpid=5fOAsJW61rbAJ,"Makita A-57635 Wet Diamond Core Bit, Diameter 1.0 inch (25 m), Diameter"
B00LP8S1RU,,,,
B00IIOWB9S,,192.41,https://www.amazon.com.au/Flight-root-Setsu%E9%8B%8F-Karikomi%E9%8B%8F-270mm/dp/B00IIOWB9S/ref=sr_1_217?dib=eyJ2IjoiMSJ9.pMJtOtEz3D3UenU39phEois2FC9kfJPgfXd6mekCZnNMyPr5a-qMVg6CqQnRz_u2AblywDQqV3xFFGVHSGAIJ08X1bPoMRi_-YY3NsqKiaJWtgxQVRBtgJa9RNtDQa67jOT4nJdidQyG5RxCqE82Zb9y8AlF7rZYq0pzG_39LHo.Pg2zoR09QF3ijwgK20X02rCiFvraCjp-X5g0nj1nQi0&dib_tag=se&m=A3SFQLVXY8GUH2&marketplaceID=A39IBJ37TRP1C6&qid=1774740978&refinements=p_36%3A19000-19500&s=merchant-items&sr=1-217&xpid=5fOAsJW61rbAJ,Flight root Setsu鋏 (one hand Karikomi鋏) gold stop 270mm
B00IIOWB9S,,,,
B00FL3PN1C,,190.57,https://www.amazon.com.au/ROBOT-Soul-SIDE-L-Gaim-Greencastle/dp/B00FL3PN1C/ref=sr_1_218?dib=eyJ2IjoiMSJ9.pMJtOtEz3D3UenU39phEois2FC9kfJPgfXd6mekCZnNMyPr5a-qMVg6CqQnRz_u2AblywDQqV3xFFGVHSGAIJ08X1bPoMRi_-YY3NsqKiaJWtgxQVRBtgJa9RNtDQa67jOT4nJdidQyG5RxCqE82Zb9y8AlF7rZYq0pzG_39LHo.Pg2zoR09QF3ijwgK20X02rCiFvraCjp-X5g0nj1nQi0&dib_tag=se&m=A3SFQLVXY8GUH2&marketplaceID=A39IBJ37TRP1C6&qid=1774740978&refinements=p_36%3A19000-19500&s=merchant-items&sr=1-218&xpid=5fOAsJW61rbAJ#customerReviews,ROBOT Soul SIDE HM L-Gaim Greencastle
B00FL3PN1C,,,,
B00D3Y1AR2,,191.66,https://www.amazon.com.au/Bandai-Tamashii-Nations-Hopper-Action/dp/B00D3Y1AR2/ref=sr_1_219?dib=eyJ2IjoiMSJ9.pMJtOtEz3D3UenU39phEois2FC9kfJPgfXd6mekCZnNMyPr5a-qMVg6CqQnRz_u2AblywDQqV3xFFGVHSGAIJ08X1bPoMRi_-YY3NsqKiaJWtgxQVRBtgJa9RNtDQa67jOT4nJdidQyG5RxCqE82Zb9y8AlF7rZYq0pzG_39LHo.Pg2zoR09QF3ijwgK20X02rCiFvraCjp-X5g0nj1nQi0&dib_tag=se&m=A3SFQLVXY8GUH2&marketplaceID=A39IBJ37TRP1C6&qid=1774740978&refinements=p_36%3A19000-19500&s=merchant-items&sr=1-219&xpid=5fOAsJW61rbAJ#customerReviews,Bandai Tamashii Nations SIC Kamen Rider Punch and Kick Hopper Action Figure
B004DYQROW,,193.13,https://www.amazon.com.au/82mm-C2-Professional-Multi-Coated-Philtres/dp/B004DYQROW/ref=sr_1_225?dib=eyJ2IjoiMSJ9.M48L2jpjLzTgnXpVH0CrrlWzN5BtXp3t_kaqToLIr-c30X53eYe7MXCJTNoZieUKV6goK_91kuupxkwMWjEYlw.5H67HBkxxWyEmNigMPFv9ZXjF5ajGX_g06GRx6M2w6c&dib_tag=se&m=A3SFQLVXY8GUH2&marketplaceID=A39IBJ37TRP1C6&qid=1774740983&refinements=p_36%3A19000-19500&s=merchant-items&sr=1-225&xpid=5fOAsJW61rbAJ#customerReviews,Kenko 82mm C2 Professional Multi-Coated Camera Lens Filters
B004DYQROW,,,,
B003W3VTDY,,190.38,https://www.amazon.com.au/camel-electric-hammer-rammer-10045/dp/B003W3VTDY/ref=sr_1_226?dib=eyJ2IjoiMSJ9.M48L2jpjLzTgnXpVH0CrrlWzN5BtXp3t_kaqToLIr-c30X53eYe7MXCJTNoZieUKV6goK_91kuupxkwMWjEYlw.5H67HBkxxWyEmNigMPFv9ZXjF5ajGX_g06GRx6M2w6c&dib_tag=se&m=A3SFQLVXY8GUH2&marketplaceID=A39IBJ37TRP1C6&qid=1774740983&refinements=p_36%3A19000-19500&s=merchant-items&sr=1-226&xpid=5fOAsJW61rbAJ,For camel electric hammer rammer 21 × φ140 10045
B003W3VTDY,,,,
B002A5VQYC,,190.44,https://www.amazon.com.au/GK5SET-TRUSCO-5/dp/B002A5VQYC/ref=sr_1_227?dib=eyJ2IjoiMSJ9.M48L2jpjLzTgnXpVH0CrrlWzN5BtXp3t_kaqToLIr-c30X53eYe7MXCJTNoZieUKV6goK_91kuupxkwMWjEYlw.5H67HBkxxWyEmNigMPFv9ZXjF5ajGX_g06GRx6M2w6c&dib_tag=se&m=A3SFQLVXY8GUH2&marketplaceID=A39IBJ37TRP1C6&qid=1774740983&refinements=p_36%3A19000-19500&s=merchant-items&sr=1-227&xpid=5fOAsJW61rbAJ,TRUSCO ????????? ??? 5?? ???
B002A5VQYC,,,,
B002A5S7H6,,190.13,https://www.amazon.com.au/BrandName-TD627X3-0-TD6-27X3-0/dp/B002A5S7H6/ref=sr_1_228?dib=eyJ2IjoiMSJ9.M48L2jpjLzTgnXpVH0CrrlWzN5BtXp3t_kaqToLIr-c30X53eYe7MXCJTNoZieUKV6goK_91kuupxkwMWjEYlw.5H67HBkxxWyEmNigMPFv9ZXjF5ajGX_g06GRx6M2w6c&dib_tag=se&m=A3SFQLVXY8GUH2&marketplaceID=A39IBJ37TRP1C6&qid=1774740983&refinements=p_36%3A19000-19500&s=merchant-items&sr=1-228&xpid=5fOAsJW61rbAJ,TD6-27X3.0
B002A5S7H6,,,,
B001V5PP3K,,191.65,https://www.amazon.com.au/Endoshoji-acrylic-wedding-Bright-NUE07089/dp/B001V5PP3K/ref=sr_1_229?dib=eyJ2IjoiMSJ9.M48L2jpjLzTgnXpVH0CrrlWzN5BtXp3t_kaqToLIr-c30X53eYe7MXCJTNoZieUKV6goK_91kuupxkwMWjEYlw.5H67HBkxxWyEmNigMPFv9ZXjF5ajGX_g06GRx6M2w6c&dib_tag=se&m=A3SFQLVXY8GUH2&marketplaceID=A39IBJ37TRP1C6&qid=1774740983&refinements=p_36%3A19000-19500&s=merchant-items&sr=1-229&xpid=5fOAsJW61rbAJ,"Endoshoji acrylic wedding arch ""Bright"" 8 × 9 No. NUE07089"
B001V5PP3K,,,,
B000RX77CE,,190.74,https://www.amazon.com.au/Kamichu-Yurie-Hitotsubashi-Scale-PVC/dp/B000RX77CE/ref=sr_1_225?dib=eyJ2IjoiMSJ9.qoZNINTeACsloXjxtDBZxE-CTvH1ZViyHcRB2eRDy3qQD-DLAlzp6I_nwH9vp3YrOH6ywqAViDDq7upgMwfilKCifvLSIsFryqPMoDDdkMQfPzjwuHjOnoUzYQ5MEJiuzG_-JdVHI3i_wFE-T6V2Ig.2cwpJolnK9zlh6lb1Mq1DDZjBxvBAHyl-4OsHj62YqQ&dib_tag=se&m=A3SFQLVXY8GUH2&marketplaceID=A39IBJ37TRP1C6&qid=1774740983&refinements=p_36%3A19000-19500&s=merchant-items&sr=1-225&xpid=5fOAsJW61rbAJ#customerReviews,Kamichu Yurie Hitotsubashi [1/8 Scale PVC]
B0000999U3,,192.3,https://www.amazon.com.au/Kokuyo-label-paper-KB-A142N-japan/dp/B0000999U3/ref=sr_1_226?dib=eyJ2IjoiMSJ9.qoZNINTeACsloXjxtDBZxE-CTvH1ZViyHcRB2eRDy3qQD-DLAlzp6I_nwH9vp3YrOH6ywqAViDDq7upgMwfilKCifvLSIsFryqPMoDDdkMQfPzjwuHjOnoUzYQ5MEJiuzG_-JdVHI3i_wFE-T6V2Ig.2cwpJolnK9zlh6lb1Mq1DDZjBxvBAHyl-4OsHj62YqQ&dib_tag=se&m=A3SFQLVXY8GUH2&marketplaceID=A39IBJ37TRP1C6&qid=1774740983&refinements=p_36%3A19000-19500&s=merchant-items&sr=1-226&xpid=5fOAsJW61rbAJ#customerReviews,Kokuyo PPC label paper B4 100S KB-A142N (japan import)
B0000999U3,,,,
B07MZFFX8W,,191.18,https://www.amazon.com.au/Wolf-Tooth-Components-Drop-Stop-Chainring/dp/B07MZFFX8W/ref=sr_1_227?dib=eyJ2IjoiMSJ9.qoZNINTeACsloXjxtDBZxE-CTvH1ZViyHcRB2eRDy3qQD-DLAlzp6I_nwH9vp3YrOH6ywqAViDDq7upgMwfilKCifvLSIsFryqPMoDDdkMQfPzjwuHjOnoUzYQ5MEJiuzG_-JdVHI3i_wFE-T6V2Ig.2cwpJolnK9zlh6lb1Mq1DDZjBxvBAHyl-4OsHj62YqQ&dib_tag=se&m=A3SFQLVXY8GUH2&marketplaceID=A39IBJ37TRP1C6&qid=1774740983&refinements=p_36%3A19000-19500&s=merchant-items&sr=1-227&xpid=5fOAsJW61rbAJ#customerReviews,Wolf Tooth Components Drop-Stop Chainring: 32T x 94 BCD 5-Bolt
B07MZFFX8W,,,,
B01K7TSU4G,,194.74,https://www.amazon.com.au/Zefal-Tubeless-Black-Spare-Parts/dp/B01K7TSU4G/ref=sr_1_228?dib=eyJ2IjoiMSJ9.qoZNINTeACsloXjxtDBZxE-CTvH1ZViyHcRB2eRDy3qQD-DLAlzp6I_nwH9vp3YrOH6ywqAViDDq7upgMwfilKCifvLSIsFryqPMoDDdkMQfPzjwuHjOnoUzYQ5MEJiuzG_-JdVHI3i_wFE-T6V2Ig.2cwpJolnK9zlh6lb1Mq1DDZjBxvBAHyl-4OsHj62YqQ&dib_tag=se&m=A3SFQLVXY8GUH2&marketplaceID=A39IBJ37TRP1C6&qid=1774740983&refinements=p_36%3A19000-19500&s=merchant-items&sr=1-228&xpid=5fOAsJW61rbAJ#customerReviews,Zefal Tubeless Tank Floor Pump
B01K7TSU4G,,,,
B01MUGJ5AV,,193.65,https://www.amazon.com.au/Bahco-NS010-2123-BHNS010-2123-Double-21X23mm/dp/B01MUGJ5AV/ref=sr_1_229?dib=eyJ2IjoiMSJ9.qoZNINTeACsloXjxtDBZxE-CTvH1ZViyHcRB2eRDy3qQD-DLAlzp6I_nwH9vp3YrOH6ywqAViDDq7upgMwfilKCifvLSIsFryqPMoDDdkMQfPzjwuHjOnoUzYQ5MEJiuzG_-JdVHI3i_wFE-T6V2Ig.2cwpJolnK9zlh6lb1Mq1DDZjBxvBAHyl-4OsHj62YqQ&dib_tag=se&m=A3SFQLVXY8GUH2&marketplaceID=A39IBJ37TRP1C6&qid=1774740983&refinements=p_36%3A19000-19500&s=merchant-items&sr=1-229&xpid=5fOAsJW61rbAJ,"Bahco NS010-2123 BHNS010-2123 Double Ended Flat Ring, Gold, 21X23mm"
B01MUGJ5AV,,,,
B081366X2X,,191.09,https://www.amazon.com.au/DEDA-ELEMENTI-305383855-Lenker-Superzero-Unisex-Adult/dp/B081366X2X/ref=sr_1_230?dib=eyJ2IjoiMSJ9.qoZNINTeACsloXjxtDBZxE-CTvH1ZViyHcRB2eRDy3qQD-DLAlzp6I_nwH9vp3YrOH6ywqAViDDq7upgMwfilKCifvLSIsFryqPMoDDdkMQfPzjwuHjOnoUzYQ5MEJiuzG_-JdVHI3i_wFE-T6V2Ig.2cwpJolnK9zlh6lb1Mq1DDZjBxvBAHyl-4OsHj62YqQ&dib_tag=se&m=A3SFQLVXY8GUH2&marketplaceID=A39IBJ37TRP1C6&qid=1774740983&refinements=p_36%3A19000-19500&s=merchant-items&sr=1-230&xpid=5fOAsJW61rbAJ#customerReviews,"DEDA-ELEMENTI 305383855 Lenker Superzero DCR 40CM CA Unisex-Adult, Taille Unique, POB (Poli sur Noir)"
B081366X2X,,,,
B078K1YSCV,,191.09,https://www.amazon.com.au/Innovation-stripping-Pretty-makeover-Purihato/dp/B078K1YSCV/ref=sr_1_231?dib=eyJ2IjoiMSJ9.qoZNINTeACsloXjxtDBZxE-CTvH1ZViyHcRB2eRDy3qQD-DLAlzp6I_nwH9vp3YrOH6ywqAViDDq7upgMwfilKCifvLSIsFryqPMoDDdkMQfPzjwuHjOnoUzYQ5MEJiuzG_-JdVHI3i_wFE-T6V2Ig.2cwpJolnK9zlh6lb1Mq1DDZjBxvBAHyl-4OsHj62YqQ&dib_tag=se&m=A3SFQLVXY8GUH2&marketplaceID=A39IBJ37TRP1C6&qid=1774740983&refinements=p_36%3A19000-19500&s=merchant-items&sr=1-231&xpid=5fOAsJW61rbAJ#customerReviews,Innovation HUG (stripping)! Pretty Cure makeover touch phone Purihato DX
B078K1YSCV,,,,
B074DXNF4W,,193.93,https://www.amazon.com.au/replacement-combined-inspection-warranty-GXB960N/dp/B074DXNF4W/ref=sr_1_232?dib=eyJ2IjoiMSJ9.qoZNINTeACsloXjxtDBZxE-CTvH1ZViyHcRB2eRDy3qQD-DLAlzp6I_nwH9vp3YrOH6ywqAViDDq7upgMwfilKCifvLSIsFryqPMoDDdkMQfPzjwuHjOnoUzYQ5MEJiuzG_-JdVHI3i_wFE-T6V2Ig.2cwpJolnK9zlh6lb1Mq1DDZjBxvBAHyl-4OsHj62YqQ&dib_tag=se&m=A3SFQLVXY8GUH2&marketplaceID=A39IBJ37TRP1C6&qid=1774740983&refinements=p_36%3A19000-19500&s=merchant-items&sr=1-232&xpid=5fOAsJW61rbAJ#customerReviews,Carmate Genuine replacement HID GIGA dual box 2 D4R / S combined burner 6000K 3150lm for inspection 3-year warranty GXB960N
B074DXNF4W,,,,
B005KZ3A5W,,225.46,https://www.amazon.com.au/HOZAN-K-53/dp/B005KZ3A5W/ref=sr_1_233?dib=eyJ2IjoiMSJ9.qoZNINTeACsloXjxtDBZxE-CTvH1ZViyHcRB2eRDy3qQD-DLAlzp6I_nwH9vp3YrOH6ywqAViDDq7upgMwfilKCifvLSIsFryqPMoDDdkMQfPzjwuHjOnoUzYQ5MEJiuzG_-JdVHI3i_wFE-T6V2Ig.2cwpJolnK9zlh6lb1Mq1DDZjBxvBAHyl-4OsHj62YqQ&dib_tag=se&m=A3SFQLVXY8GUH2&marketplaceID=A39IBJ37TRP1C6&qid=1774740983&refinements=p_36%3A19000-19500&s=merchant-items&sr=1-233&xpid=5fOAsJW61rbAJ#customerReviews,Hozan K-53 V-Block
B005KZ3A5W,,,,
B0016NQ96E,,191.09,https://www.amazon.com.au/No-1160-TOMBO-NO-1160-Pocket-Bass/dp/B0016NQ96E/ref=sr_1_234?dib=eyJ2IjoiMSJ9.qoZNINTeACsloXjxtDBZxE-CTvH1ZViyHcRB2eRDy3qQD-DLAlzp6I_nwH9vp3YrOH6ywqAViDDq7upgMwfilKCifvLSIsFryqPMoDDdkMQfPzjwuHjOnoUzYQ5MEJiuzG_-JdVHI3i_wFE-T6V2Ig.2cwpJolnK9zlh6lb1Mq1DDZjBxvBAHyl-4OsHj62YqQ&dib_tag=se&m=A3SFQLVXY8GUH2&marketplaceID=A39IBJ37TRP1C6&qid=1774740983&refinements=p_36%3A19000-19500&s=merchant-items&sr=1-234&xpid=5fOAsJW61rbAJ,Tombo No.1160 Dragonfly Pocket Bass Harmonica
B0016NQ96E,,,,
