ASIN,Brand,Price,URL,Title
4990928040,Tankobon Hardcover,375.42,https://www.amazon.com.au/%E5%BA%83%E5%91%8A%E3%81%AB%E6%81%8B%E3%81%97%E3%81%9F%E7%94%B7-%E6%B4%97%E5%89%A4%E3%81%8B%E3%82%89%E5%A4%A7%E7%B5%B1%E9%A0%98%E3%81%BE%E3%81%A7%E3%82%92%E5%A3%B2%E3%82%8B%E3%83%95%E3%83%A9%E3%83%B3%E3%82%B9%E5%BA%83%E5%91%8A%E3%83%9E%E3%83%B3%E3%81%AE%E4%BB%95%E4%BA%8B%E8%A1%93-%E7%B5%B6%E7%89%88%E6%96%B0%E6%9B%B8-%E3%82%B8%E3%83%A3%E3%83%83%E3%82%AF-%E3%82%BB%E3%82%B2%E3%83%A9/dp/4990928040/ref=sr_1_1?dib=eyJ2IjoiMSJ9.Y35VZHwK1DVQmZaGQ_cZgYa-TAJ3DEnEmeAhI53tNHGlR6CEdQLehsSiO4JTVo3BZ2tTTwXNYAxoFUMinS8M3-mYcp6pL-5kZFiR0qa5_eG9U_ANSwa_2hn570Qk6AnqrIIs4RTrMXcYQ_GA4jAPrfHAZ5aNrIS5Po7wVMBqTVYAJs3Z5Gk34kIwSkQ3_3r53Zmr-G_amLY8mFuaTBs928T6ffa-ZigtEw8xUDiaMDg.CltZxYQKQ655maUAoOPLWkxRIn7CZI19oOYaWdIzAiQ&dib_tag=se&m=ANBW5NGGTP7SK&marketplaceID=A39IBJ37TRP1C6&qid=1777193475&refinements=p_36%3A37500-38000&s=merchant-items&sr=1-1#customerReviews,広告に恋した男: 洗剤から大統領までを売るフランス広告マンの仕事術 (絶版新書)
4990928040,,,,
B09XFJCH73,,379.87,https://www.amazon.com.au/NVTEK-Desktop-Upgrade-Unbuffered-Standard/dp/B09XFJCH73/ref=sr_1_2?dib=eyJ2IjoiMSJ9.Y35VZHwK1DVQmZaGQ_cZgYa-TAJ3DEnEmeAhI53tNHGlR6CEdQLehsSiO4JTVo3BZ2tTTwXNYAxoFUMinS8M3-mYcp6pL-5kZFiR0qa5_eG9U_ANSwa_2hn570Qk6AnqrIIs4RTrMXcYQ_GA4jAPrfHAZ5aNrIS5Po7wVMBqTVYAJs3Z5Gk34kIwSkQ3_3r53Zmr-G_amLY8mFuaTBs928T6ffa-ZigtEw8xUDiaMDg.CltZxYQKQ655maUAoOPLWkxRIn7CZI19oOYaWdIzAiQ&dib_tag=se&m=ANBW5NGGTP7SK&marketplaceID=A39IBJ37TRP1C6&qid=1777193475&refinements=p_36%3A37500-38000&s=merchant-items&sr=1-2#customerReviews,"16GB DDR4 2400 PC4 19200 UDIMM Desktop RAM Memory Module Upgrade CL17 Non-ECC Unbuffered, JEDEC DDR4 Standard 1.2V 288 PIN"
B09XFJCH73,,,,
B0CCR6BG3F,,375.58,https://www.amazon.com.au/Shimano-Lever-Spinning-Despinner-2500DXG/dp/B0CCR6BG3F/ref=sr_1_3?dib=eyJ2IjoiMSJ9.Y35VZHwK1DVQmZaGQ_cZgYa-TAJ3DEnEmeAhI53tNHGlR6CEdQLehsSiO4JTVo3BZ2tTTwXNYAxoFUMinS8M3-mYcp6pL-5kZFiR0qa5_eG9U_ANSwa_2hn570Qk6AnqrIIs4RTrMXcYQ_GA4jAPrfHAZ5aNrIS5Po7wVMBqTVYAJs3Z5Gk34kIwSkQ3_3r53Zmr-G_amLY8mFuaTBs928T6ffa-ZigtEw8xUDiaMDg.CltZxYQKQ655maUAoOPLWkxRIn7CZI19oOYaWdIzAiQ&dib_tag=se&m=ANBW5NGGTP7SK&marketplaceID=A39IBJ37TRP1C6&qid=1777193475&refinements=p_36%3A37500-38000&s=merchant-items&sr=1-3#customerReviews,"Shimano Lever Brake Spinning Reel 23 BB-X Despinner, Various"
B0CCR6BG3F,,,,
B013CTLEX2,,378.8,https://www.amazon.com.au/Comfortiva-Womens-Faye-Sandal-Black/dp/B013CTLEX2/ref=sr_1_4?dib=eyJ2IjoiMSJ9.Y35VZHwK1DVQmZaGQ_cZgYa-TAJ3DEnEmeAhI53tNHGlR6CEdQLehsSiO4JTVo3BZ2tTTwXNYAxoFUMinS8M3-mYcp6pL-5kZFiR0qa5_eG9U_ANSwa_2hn570Qk6AnqrIIs4RTrMXcYQ_GA4jAPrfHAZ5aNrIS5Po7wVMBqTVYAJs3Z5Gk34kIwSkQ3_3r53Zmr-G_amLY8mFuaTBs928T6ffa-ZigtEw8xUDiaMDg.CltZxYQKQ655maUAoOPLWkxRIn7CZI19oOYaWdIzAiQ&dib_tag=se&m=ANBW5NGGTP7SK&marketplaceID=A39IBJ37TRP1C6&qid=1777193475&refinements=p_36%3A37500-38000&s=merchant-items&sr=1-4,Comfortiva Women's Faye Shoes Heeled Sandal
4990457625,Tankobon Hardcover,377.37,https://www.amazon.com.au/Confessions-of-a-Prodigal-Son/dp/4990457625/ref=sr_1_5?dib=eyJ2IjoiMSJ9.Y35VZHwK1DVQmZaGQ_cZgYa-TAJ3DEnEmeAhI53tNHGlR6CEdQLehsSiO4JTVo3BZ2tTTwXNYAxoFUMinS8M3-mYcp6pL-5kZFiR0qa5_eG9U_ANSwa_2hn570Qk6AnqrIIs4RTrMXcYQ_GA4jAPrfHAZ5aNrIS5Po7wVMBqTVYAJs3Z5Gk34kIwSkQ3_3r53Zmr-G_amLY8mFuaTBs928T6ffa-ZigtEw8xUDiaMDg.CltZxYQKQ655maUAoOPLWkxRIn7CZI19oOYaWdIzAiQ&dib_tag=se&m=ANBW5NGGTP7SK&marketplaceID=A39IBJ37TRP1C6&qid=1777193475&refinements=p_36%3A37500-38000&s=merchant-items&sr=1-5,Confessions of a Prodigal Son
4990457625,,,,
B004OZWVEU,,376.81,https://www.amazon.com.au/GT-NT10/dp/B004OZWVEU/ref=sr_1_6?dib=eyJ2IjoiMSJ9.Y35VZHwK1DVQmZaGQ_cZgYa-TAJ3DEnEmeAhI53tNHGlR6CEdQLehsSiO4JTVo3BZ2tTTwXNYAxoFUMinS8M3-mYcp6pL-5kZFiR0qa5_eG9U_ANSwa_2hn570Qk6AnqrIIs4RTrMXcYQ_GA4jAPrfHAZ5aNrIS5Po7wVMBqTVYAJs3Z5Gk34kIwSkQ3_3r53Zmr-G_amLY8mFuaTBs928T6ffa-ZigtEw8xUDiaMDg.CltZxYQKQ655maUAoOPLWkxRIn7CZI19oOYaWdIzAiQ&dib_tag=se&m=ANBW5NGGTP7SK&marketplaceID=A39IBJ37TRP1C6&qid=1777193475&refinements=p_36%3A37500-38000&s=merchant-items&sr=1-6,GT-NT10
B004OZWVEU,,,,
B0D6XR6CCT,,379.42,https://www.amazon.com.au/Quintessential-Quintuplets-Nakano-Painted-Finished/dp/B0D6XR6CCT/ref=sr_1_7?dib=eyJ2IjoiMSJ9.Y35VZHwK1DVQmZaGQ_cZgYa-TAJ3DEnEmeAhI53tNHGlR6CEdQLehsSiO4JTVo3BZ2tTTwXNYAxoFUMinS8M3-mYcp6pL-5kZFiR0qa5_eG9U_ANSwa_2hn570Qk6AnqrIIs4RTrMXcYQ_GA4jAPrfHAZ5aNrIS5Po7wVMBqTVYAJs3Z5Gk34kIwSkQ3_3r53Zmr-G_amLY8mFuaTBs928T6ffa-ZigtEw8xUDiaMDg.CltZxYQKQ655maUAoOPLWkxRIn7CZI19oOYaWdIzAiQ&dib_tag=se&m=ANBW5NGGTP7SK&marketplaceID=A39IBJ37TRP1C6&qid=1777193475&refinements=p_36%3A37500-38000&s=merchant-items&sr=1-7#customerReviews,Proof TV Anime The Quintessential Quintuplets Miku Nakano Angel Ver. 1/7 Scale PVC Painted Finished Figure
4946510222,Tankobon Hardcover,377.04,https://www.amazon.com.au/%E6%B5%85%E5%80%89%E9%BE%8D%E9%9B%B2%E3%81%AE%E5%A2%A8%E5%BD%A9%E3%81%AF%E3%81%8C%E3%81%8D%E7%B5%B5-%E5%85%A5%E9%96%80%E3%82%B7%E3%83%AA%E3%83%BC%E3%82%BA/dp/4946510222/ref=sr_1_8?dib=eyJ2IjoiMSJ9.Y35VZHwK1DVQmZaGQ_cZgYa-TAJ3DEnEmeAhI53tNHGlR6CEdQLehsSiO4JTVo3BZ2tTTwXNYAxoFUMinS8M3-mYcp6pL-5kZFiR0qa5_eG9U_ANSwa_2hn570Qk6AnqrIIs4RTrMXcYQ_GA4jAPrfHAZ5aNrIS5Po7wVMBqTVYAJs3Z5Gk34kIwSkQ3_3r53Zmr-G_amLY8mFuaTBs928T6ffa-ZigtEw8xUDiaMDg.CltZxYQKQ655maUAoOPLWkxRIn7CZI19oOYaWdIzAiQ&dib_tag=se&m=ANBW5NGGTP7SK&marketplaceID=A39IBJ37TRP1C6&qid=1777193475&refinements=p_36%3A37500-38000&s=merchant-items&sr=1-8#customerReviews,浅倉龍雲の墨彩はがき絵 (入門シリーズ)
4946510222,,,,
B0DP628B99,,375.78,https://www.amazon.com.au/PBC101-2-Way-Brief-Black-Free/dp/B0DP628B99/ref=sr_1_9?dib=eyJ2IjoiMSJ9.Y35VZHwK1DVQmZaGQ_cZgYa-TAJ3DEnEmeAhI53tNHGlR6CEdQLehsSiO4JTVo3BZ2tTTwXNYAxoFUMinS8M3-mYcp6pL-5kZFiR0qa5_eG9U_ANSwa_2hn570Qk6AnqrIIs4RTrMXcYQ_GA4jAPrfHAZ5aNrIS5Po7wVMBqTVYAJs3Z5Gk34kIwSkQ3_3r53Zmr-G_amLY8mFuaTBs928T6ffa-ZigtEw8xUDiaMDg.CltZxYQKQ655maUAoOPLWkxRIn7CZI19oOYaWdIzAiQ&dib_tag=se&m=ANBW5NGGTP7SK&marketplaceID=A39IBJ37TRP1C6&qid=1777193475&refinements=p_36%3A37500-38000&s=merchant-items&sr=1-9,PID PBC101 2-Way Brief Bag
B0DP628B99,,,,
4946482377,Tankobon Softcover,375.61,https://www.amazon.com.au/%E7%A5%9E%E3%80%85%E3%81%A8%E6%97%85%E3%81%99%E3%82%8B%E5%86%A5%E7%95%8C-%E6%9D%A5%E4%B8%96%E3%81%B8-%E3%80%94%E5%BE%8C%E7%B7%A8%E3%80%95-%E5%9B%B3%E8%AA%AC%E5%8F%A4%E4%BB%A3%E3%82%A8%E3%82%B8%E3%83%97%E3%83%88%E8%AA%8C-3/dp/4946482377/ref=sr_1_10?dib=eyJ2IjoiMSJ9.Y35VZHwK1DVQmZaGQ_cZgYa-TAJ3DEnEmeAhI53tNHGlR6CEdQLehsSiO4JTVo3BZ2tTTwXNYAxoFUMinS8M3-mYcp6pL-5kZFiR0qa5_eG9U_ANSwa_2hn570Qk6AnqrIIs4RTrMXcYQ_GA4jAPrfHAZ5aNrIS5Po7wVMBqTVYAJs3Z5Gk34kIwSkQ3_3r53Zmr-G_amLY8mFuaTBs928T6ffa-ZigtEw8xUDiaMDg.CltZxYQKQ655maUAoOPLWkxRIn7CZI19oOYaWdIzAiQ&dib_tag=se&m=ANBW5NGGTP7SK&marketplaceID=A39IBJ37TRP1C6&qid=1777193475&refinements=p_36%3A37500-38000&s=merchant-items&sr=1-10#customerReviews,神々と旅する冥界 来世へ 〔後編〕 (図説古代エジプト誌): 3
4946482377,,,,
B0037YAP06,,858.49,https://www.amazon.com.au/High-Power-Soldering-Station-LRP65800/dp/B0037YAP06/ref=sr_1_11?dib=eyJ2IjoiMSJ9.Y35VZHwK1DVQmZaGQ_cZgYa-TAJ3DEnEmeAhI53tNHGlR6CEdQLehsSiO4JTVo3BZ2tTTwXNYAxoFUMinS8M3-mYcp6pL-5kZFiR0qa5_eG9U_ANSwa_2hn570Qk6AnqrIIs4RTrMXcYQ_GA4jAPrfHAZ5aNrIS5Po7wVMBqTVYAJs3Z5Gk34kIwSkQ3_3r53Zmr-G_amLY8mFuaTBs928T6ffa-ZigtEw8xUDiaMDg.CltZxYQKQ655maUAoOPLWkxRIn7CZI19oOYaWdIzAiQ&dib_tag=se&m=ANBW5NGGTP7SK&marketplaceID=A39IBJ37TRP1C6&qid=1777193475&refinements=p_36%3A37500-38000&s=merchant-items&sr=1-11,LRP High Power Soldering Station LRP65800
B0037YAP06,,,,
4921134448,Tankobon Softcover,375.42,https://www.amazon.com.au/%E7%A6%8F%E7%A5%89%E7%A4%BE%E4%BC%9A%E3%81%A8%E6%B3%95-%E5%92%8C%E7%94%B0-%E9%9A%86%E5%A4%AB/dp/4921134448/ref=sr_1_12?dib=eyJ2IjoiMSJ9.Y35VZHwK1DVQmZaGQ_cZgYa-TAJ3DEnEmeAhI53tNHGlR6CEdQLehsSiO4JTVo3BZ2tTTwXNYAxoFUMinS8M3-mYcp6pL-5kZFiR0qa5_eG9U_ANSwa_2hn570Qk6AnqrIIs4RTrMXcYQ_GA4jAPrfHAZ5aNrIS5Po7wVMBqTVYAJs3Z5Gk34kIwSkQ3_3r53Zmr-G_amLY8mFuaTBs928T6ffa-ZigtEw8xUDiaMDg.CltZxYQKQ655maUAoOPLWkxRIn7CZI19oOYaWdIzAiQ&dib_tag=se&m=ANBW5NGGTP7SK&marketplaceID=A39IBJ37TRP1C6&qid=1777193475&refinements=p_36%3A37500-38000&s=merchant-items&sr=1-12,福祉社会と法
4921134448,,,,
B0DP618PJM,,375.78,https://www.amazon.com.au/PBC101-2-Way-Brief-navy-Free/dp/B0DP618PJM/ref=sr_1_13?dib=eyJ2IjoiMSJ9.Y35VZHwK1DVQmZaGQ_cZgYa-TAJ3DEnEmeAhI53tNHGlR6CEdQLehsSiO4JTVo3BZ2tTTwXNYAxoFUMinS8M3-mYcp6pL-5kZFiR0qa5_eG9U_ANSwa_2hn570Qk6AnqrIIs4RTrMXcYQ_GA4jAPrfHAZ5aNrIS5Po7wVMBqTVYAJs3Z5Gk34kIwSkQ3_3r53Zmr-G_amLY8mFuaTBs928T6ffa-ZigtEw8xUDiaMDg.CltZxYQKQ655maUAoOPLWkxRIn7CZI19oOYaWdIzAiQ&dib_tag=se&m=ANBW5NGGTP7SK&marketplaceID=A39IBJ37TRP1C6&qid=1777193475&refinements=p_36%3A37500-38000&s=merchant-items&sr=1-13,PID PBC101 2-Way Brief Bag
B0DP618PJM,,,,
4916037979,Tankobon Hardcover,375.7,https://www.amazon.com.au/Gendai-seiji-no-riron-shoso/dp/4916037979/ref=sr_1_14?dib=eyJ2IjoiMSJ9.Y35VZHwK1DVQmZaGQ_cZgYa-TAJ3DEnEmeAhI53tNHGlR6CEdQLehsSiO4JTVo3BZ2tTTwXNYAxoFUMinS8M3-mYcp6pL-5kZFiR0qa5_eG9U_ANSwa_2hn570Qk6AnqrIIs4RTrMXcYQ_GA4jAPrfHAZ5aNrIS5Po7wVMBqTVYAJs3Z5Gk34kIwSkQ3_3r53Zmr-G_amLY8mFuaTBs928T6ffa-ZigtEw8xUDiaMDg.CltZxYQKQ655maUAoOPLWkxRIn7CZI19oOYaWdIzAiQ&dib_tag=se&m=ANBW5NGGTP7SK&marketplaceID=A39IBJ37TRP1C6&qid=1777193475&refinements=p_36%3A37500-38000&s=merchant-items&sr=1-14,Gendai seiji no riron to shoso??
4916037979,,,,
B00G15LFL6,,431.71,https://www.amazon.com.au/SHIMANO-Dura-Ace-9000-Chainring-Silver/dp/B00G15LFL6/ref=sr_1_15?dib=eyJ2IjoiMSJ9.Y35VZHwK1DVQmZaGQ_cZgYa-TAJ3DEnEmeAhI53tNHGlR6CEdQLehsSiO4JTVo3BZ2tTTwXNYAxoFUMinS8M3-mYcp6pL-5kZFiR0qa5_eG9U_ANSwa_2hn570Qk6AnqrIIs4RTrMXcYQ_GA4jAPrfHAZ5aNrIS5Po7wVMBqTVYAJs3Z5Gk34kIwSkQ3_3r53Zmr-G_amLY8mFuaTBs928T6ffa-ZigtEw8xUDiaMDg.CltZxYQKQ655maUAoOPLWkxRIn7CZI19oOYaWdIzAiQ&dib_tag=se&m=ANBW5NGGTP7SK&marketplaceID=A39IBJ37TRP1C6&qid=1777193475&refinements=p_36%3A37500-38000&s=merchant-items&sr=1-15#customerReviews,SHIMANO Dura-Ace 9000 Chainring
B00G15LFL6,,,,
4915699889,Tankobon Hardcover,375.61,https://www.amazon.com.au/%E6%99%B4%E3%82%8C%E3%81%A8%E3%81%8D%E3%81%A9%E3%81%8D%E3%81%A1%E3%82%8D%E3%82%8A%E3%82%93_%E6%9C%AA%E6%9D%A5%E6%B4%BE%E7%99%BE%E5%A7%93%E8%80%95%E4%BD%9C%E9%9B%91%E8%A8%98-%E8%A5%BF%E5%B7%9D-%E5%89%87%E5%AD%9D/dp/4915699889/ref=sr_1_16?dib=eyJ2IjoiMSJ9.Y35VZHwK1DVQmZaGQ_cZgYa-TAJ3DEnEmeAhI53tNHGlR6CEdQLehsSiO4JTVo3BZ2tTTwXNYAxoFUMinS8M3-mYcp6pL-5kZFiR0qa5_eG9U_ANSwa_2hn570Qk6AnqrIIs4RTrMXcYQ_GA4jAPrfHAZ5aNrIS5Po7wVMBqTVYAJs3Z5Gk34kIwSkQ3_3r53Zmr-G_amLY8mFuaTBs928T6ffa-ZigtEw8xUDiaMDg.CltZxYQKQ655maUAoOPLWkxRIn7CZI19oOYaWdIzAiQ&dib_tag=se&m=ANBW5NGGTP7SK&marketplaceID=A39IBJ37TRP1C6&qid=1777193475&refinements=p_36%3A37500-38000&s=merchant-items&sr=1-16,晴れときどきちろりん―未来派百姓耕作雑記
4915699889,,,,
B0DP5ZCQ3V,,375.78,https://www.amazon.com.au/PBC101-2-Way-Brief-gray-Free/dp/B0DP5ZCQ3V/ref=sr_1_17?dib=eyJ2IjoiMSJ9.6q-r86lLIHFWSeGWJWB5O_MfpYtecoRv-gX1Xg-Gy9gUjS6zp2L2g1WxRZZMEjs4-SutlBLxpmn5uUt5IYiMBI02AcxW_TFf-L9QVVvyaM3DrH8UtUoGlj1CQWjUTd9bbaTO9wUvhP0Fj1IHuyRjES-CoIoNz1iA_RIJ9o8e-1TKc0WCB9Lc9hfz85dOcRs8scZl3_rG9XFNNmF0c4sDINOop9irOCKHXauQtWFnjjk.QvyzZA3RLBFVmjM1Egk3VqksXPAXxEQFZd_5n73d484&dib_tag=se&m=ANBW5NGGTP7SK&marketplaceID=A39IBJ37TRP1C6&qid=1777193484&refinements=p_36%3A37500-38000&s=merchant-items&sr=1-17&xpid=aYwKknfHDKcCw,PID PBC101 2-Way Brief Bag
B0DP5ZCQ3V,,,,
4915659852,Tankobon Hardcover,376.56,https://www.amazon.com.au/%E3%83%89%E3%83%AC%E3%83%95%E3%83%A5%E3%82%B9%E4%BA%8B%E4%BB%B6%E3%81%A8%E3%82%A8%E3%83%9F%E3%83%BC%E3%83%AB%E3%83%BB%E3%82%BE%E3%83%A9_1897%E5%B9%B4-%E7%A8%B2%E8%91%89-%E4%B8%89%E5%8D%83%E7%94%B7/dp/4915659852/ref=sr_1_18?dib=eyJ2IjoiMSJ9.6q-r86lLIHFWSeGWJWB5O_MfpYtecoRv-gX1Xg-Gy9gUjS6zp2L2g1WxRZZMEjs4-SutlBLxpmn5uUt5IYiMBI02AcxW_TFf-L9QVVvyaM3DrH8UtUoGlj1CQWjUTd9bbaTO9wUvhP0Fj1IHuyRjES-CoIoNz1iA_RIJ9o8e-1TKc0WCB9Lc9hfz85dOcRs8scZl3_rG9XFNNmF0c4sDINOop9irOCKHXauQtWFnjjk.QvyzZA3RLBFVmjM1Egk3VqksXPAXxEQFZd_5n73d484&dib_tag=se&m=ANBW5NGGTP7SK&marketplaceID=A39IBJ37TRP1C6&qid=1777193484&refinements=p_36%3A37500-38000&s=merchant-items&sr=1-18&xpid=aYwKknfHDKcCw,ドレフュス事件とエミール・ゾラ―1897年
4915659852,,,,
B0BS9BZXXL,,377.62,https://www.amazon.com.au/MegaHouse-Musume-Pretty-Lucrea-Mayano/dp/B0BS9BZXXL/ref=sr_1_19?dib=eyJ2IjoiMSJ9.6q-r86lLIHFWSeGWJWB5O_MfpYtecoRv-gX1Xg-Gy9gUjS6zp2L2g1WxRZZMEjs4-SutlBLxpmn5uUt5IYiMBI02AcxW_TFf-L9QVVvyaM3DrH8UtUoGlj1CQWjUTd9bbaTO9wUvhP0Fj1IHuyRjES-CoIoNz1iA_RIJ9o8e-1TKc0WCB9Lc9hfz85dOcRs8scZl3_rG9XFNNmF0c4sDINOop9irOCKHXauQtWFnjjk.QvyzZA3RLBFVmjM1Egk3VqksXPAXxEQFZd_5n73d484&dib_tag=se&m=ANBW5NGGTP7SK&marketplaceID=A39IBJ37TRP1C6&qid=1777193484&refinements=p_36%3A37500-38000&s=merchant-items&sr=1-19&xpid=aYwKknfHDKcCw#customerReviews,MegaHouse - Uma Musume Pretty Derby - Lucrea - Mayano Top Gun Figure
4914974355,Print Magazine,377.52,https://www.amazon.com.au/%E6%88%A6%E9%97%98%E8%BB%8A%E8%BC%8C%E5%A4%A7%E7%99%BE%E7%A7%91-%E3%83%90%E3%83%A9%E3%82%A8%E3%83%86%E3%82%A3/dp/4914974355/ref=sr_1_20?dib=eyJ2IjoiMSJ9.6q-r86lLIHFWSeGWJWB5O_MfpYtecoRv-gX1Xg-Gy9gUjS6zp2L2g1WxRZZMEjs4-SutlBLxpmn5uUt5IYiMBI02AcxW_TFf-L9QVVvyaM3DrH8UtUoGlj1CQWjUTd9bbaTO9wUvhP0Fj1IHuyRjES-CoIoNz1iA_RIJ9o8e-1TKc0WCB9Lc9hfz85dOcRs8scZl3_rG9XFNNmF0c4sDINOop9irOCKHXauQtWFnjjk.QvyzZA3RLBFVmjM1Egk3VqksXPAXxEQFZd_5n73d484&dib_tag=se&m=ANBW5NGGTP7SK&marketplaceID=A39IBJ37TRP1C6&qid=1777193484&refinements=p_36%3A37500-38000&s=merchant-items&sr=1-20&xpid=aYwKknfHDKcCw#customerReviews,戦闘車輌大百科 ([バラエティ])
4914974355,,,,
B00BW9SHSK,,377.41,https://www.amazon.com.au/Eric-Michael-Womens-Jillian-Sandal/dp/B00BW9SHSK/ref=sr_1_21?dib=eyJ2IjoiMSJ9.6q-r86lLIHFWSeGWJWB5O_MfpYtecoRv-gX1Xg-Gy9gUjS6zp2L2g1WxRZZMEjs4-SutlBLxpmn5uUt5IYiMBI02AcxW_TFf-L9QVVvyaM3DrH8UtUoGlj1CQWjUTd9bbaTO9wUvhP0Fj1IHuyRjES-CoIoNz1iA_RIJ9o8e-1TKc0WCB9Lc9hfz85dOcRs8scZl3_rG9XFNNmF0c4sDINOop9irOCKHXauQtWFnjjk.QvyzZA3RLBFVmjM1Egk3VqksXPAXxEQFZd_5n73d484&dib_tag=se&m=ANBW5NGGTP7SK&marketplaceID=A39IBJ37TRP1C6&qid=1777193484&refinements=p_36%3A37500-38000&s=merchant-items&sr=1-21&xpid=aYwKknfHDKcCw#customerReviews,Eric Michael Womens Jillian Wedge Sandals
4910499016,Tankobon Hardcover,376.89,https://www.amazon.com.au/2021%E5%B9%B4%E7%89%88-%E6%A5%BD%E5%AD%A6%E8%B3%83%E7%AE%A1%E5%A3%AB-%E8%B3%83%E8%B2%B8%E4%BD%8F%E5%AE%85%E7%AE%A1%E7%90%86%E6%A5%AD%E6%B3%95-%E6%96%B0%E6%B3%95%E3%81%AB%E5%AE%8C%E5%85%A8%E5%AF%BE%E5%BF%9C-%E4%BB%95%E4%B8%8A%E3%81%92%E3%81%AE%E6%A8%A1%E6%93%AC%E8%A9%A6%E9%A8%93%E4%BB%98%E3%81%8D/dp/4910499016/ref=sr_1_22?dib=eyJ2IjoiMSJ9.6q-r86lLIHFWSeGWJWB5O_MfpYtecoRv-gX1Xg-Gy9gUjS6zp2L2g1WxRZZMEjs4-SutlBLxpmn5uUt5IYiMBI02AcxW_TFf-L9QVVvyaM3DrH8UtUoGlj1CQWjUTd9bbaTO9wUvhP0Fj1IHuyRjES-CoIoNz1iA_RIJ9o8e-1TKc0WCB9Lc9hfz85dOcRs8scZl3_rG9XFNNmF0c4sDINOop9irOCKHXauQtWFnjjk.QvyzZA3RLBFVmjM1Egk3VqksXPAXxEQFZd_5n73d484&dib_tag=se&m=ANBW5NGGTP7SK&marketplaceID=A39IBJ37TRP1C6&qid=1777193484&refinements=p_36%3A37500-38000&s=merchant-items&sr=1-22&xpid=aYwKknfHDKcCw#customerReviews,"2021年版 楽学賃管士 一問一答+模試 (“賃貸住宅管理業法""新法に完全対応! 仕上げの模擬試験付き)"
4910499016,,,,
B09R1YFXJF,,379.15,https://www.amazon.com.au/Daiwa-Caldia-14000-H-Spinning-Model/dp/B09R1YFXJF/ref=sr_1_23?dib=eyJ2IjoiMSJ9.6q-r86lLIHFWSeGWJWB5O_MfpYtecoRv-gX1Xg-Gy9gUjS6zp2L2g1WxRZZMEjs4-SutlBLxpmn5uUt5IYiMBI02AcxW_TFf-L9QVVvyaM3DrH8UtUoGlj1CQWjUTd9bbaTO9wUvhP0Fj1IHuyRjES-CoIoNz1iA_RIJ9o8e-1TKc0WCB9Lc9hfz85dOcRs8scZl3_rG9XFNNmF0c4sDINOop9irOCKHXauQtWFnjjk.QvyzZA3RLBFVmjM1Egk3VqksXPAXxEQFZd_5n73d484&dib_tag=se&m=ANBW5NGGTP7SK&marketplaceID=A39IBJ37TRP1C6&qid=1777193484&refinements=p_36%3A37500-38000&s=merchant-items&sr=1-23&xpid=aYwKknfHDKcCw#customerReviews,Daiwa 2022 Model Cardia SW Spinning Reel
B09R1YFXJF,,,,
4910154175,Tankobon Hardcover,378.09,https://www.amazon.com.au/%E4%BE%A0%E6%B0%97%E3%81%AE%E7%94%9F%E6%85%8B%E5%AD%A6-%E8%88%B9%E6%9C%A8%E6%8B%93%E7%94%9F/dp/4910154175/ref=sr_1_24?dib=eyJ2IjoiMSJ9.6q-r86lLIHFWSeGWJWB5O_MfpYtecoRv-gX1Xg-Gy9gUjS6zp2L2g1WxRZZMEjs4-SutlBLxpmn5uUt5IYiMBI02AcxW_TFf-L9QVVvyaM3DrH8UtUoGlj1CQWjUTd9bbaTO9wUvhP0Fj1IHuyRjES-CoIoNz1iA_RIJ9o8e-1TKc0WCB9Lc9hfz85dOcRs8scZl3_rG9XFNNmF0c4sDINOop9irOCKHXauQtWFnjjk.QvyzZA3RLBFVmjM1Egk3VqksXPAXxEQFZd_5n73d484&dib_tag=se&m=ANBW5NGGTP7SK&marketplaceID=A39IBJ37TRP1C6&qid=1777193484&refinements=p_36%3A37500-38000&s=merchant-items&sr=1-24&xpid=aYwKknfHDKcCw#customerReviews,侠気の生態学
4910154175,,,,
B003026VJO,,378.35,https://www.amazon.com.au/Onex-Womens-Cynthia-Wedge-Sandal/dp/B003026VJO/ref=sr_1_25?dib=eyJ2IjoiMSJ9.6q-r86lLIHFWSeGWJWB5O_MfpYtecoRv-gX1Xg-Gy9gUjS6zp2L2g1WxRZZMEjs4-SutlBLxpmn5uUt5IYiMBI02AcxW_TFf-L9QVVvyaM3DrH8UtUoGlj1CQWjUTd9bbaTO9wUvhP0Fj1IHuyRjES-CoIoNz1iA_RIJ9o8e-1TKc0WCB9Lc9hfz85dOcRs8scZl3_rG9XFNNmF0c4sDINOop9irOCKHXauQtWFnjjk.QvyzZA3RLBFVmjM1Egk3VqksXPAXxEQFZd_5n73d484&dib_tag=se&m=ANBW5NGGTP7SK&marketplaceID=A39IBJ37TRP1C6&qid=1777193484&refinements=p_36%3A37500-38000&s=merchant-items&sr=1-25&xpid=aYwKknfHDKcCw#customerReviews,"Onex Women's Cynthia Wedge Sandal, White, 8 M US"
B003026VJO,,,,
4910154124,Tankobon Hardcover,375.9,https://www.amazon.com.au/%E6%B5%B7%E3%81%8C%E3%81%9F%E3%82%8A-%E9%BB%92%E6%BD%AE%E3%82%B9%E3%83%88%E3%83%AA%E3%83%BC%E3%83%88-%E5%B9%B3%E7%94%B0%E6%AF%85/dp/4910154124/ref=sr_1_26?dib=eyJ2IjoiMSJ9.6q-r86lLIHFWSeGWJWB5O_MfpYtecoRv-gX1Xg-Gy9gUjS6zp2L2g1WxRZZMEjs4-SutlBLxpmn5uUt5IYiMBI02AcxW_TFf-L9QVVvyaM3DrH8UtUoGlj1CQWjUTd9bbaTO9wUvhP0Fj1IHuyRjES-CoIoNz1iA_RIJ9o8e-1TKc0WCB9Lc9hfz85dOcRs8scZl3_rG9XFNNmF0c4sDINOop9irOCKHXauQtWFnjjk.QvyzZA3RLBFVmjM1Egk3VqksXPAXxEQFZd_5n73d484&dib_tag=se&m=ANBW5NGGTP7SK&marketplaceID=A39IBJ37TRP1C6&qid=1777193484&refinements=p_36%3A37500-38000&s=merchant-items&sr=1-26&xpid=aYwKknfHDKcCw#customerReviews,海がたり 黒潮ストリート
4910154124,,,,
B07TZ3FW8N,,378.89,https://www.amazon.com.au/Unika-UR21-D095B-Multi-Functional-Rotation-Diameter/dp/B07TZ3FW8N/ref=sr_1_27?dib=eyJ2IjoiMSJ9.6q-r86lLIHFWSeGWJWB5O_MfpYtecoRv-gX1Xg-Gy9gUjS6zp2L2g1WxRZZMEjs4-SutlBLxpmn5uUt5IYiMBI02AcxW_TFf-L9QVVvyaM3DrH8UtUoGlj1CQWjUTd9bbaTO9wUvhP0Fj1IHuyRjES-CoIoNz1iA_RIJ9o8e-1TKc0WCB9Lc9hfz85dOcRs8scZl3_rG9XFNNmF0c4sDINOop9irOCKHXauQtWFnjjk.QvyzZA3RLBFVmjM1Egk3VqksXPAXxEQFZd_5n73d484&dib_tag=se&m=ANBW5NGGTP7SK&marketplaceID=A39IBJ37TRP1C6&qid=1777193484&refinements=p_36%3A37500-38000&s=merchant-items&sr=1-27&xpid=aYwKknfHDKcCw,"Unika UR21-D095B Multi-Functional Core Drill Body, D Series, Dry Type Diamond, for Rotation, Diameter 3.7 inches (95 mm)"
B07TZ3FW8N,,,,
4910004157,Tankobon Hardcover,375.28,https://www.amazon.com.au/%E5%A2%97%E8%A3%9C%E6%94%B9%E8%A8%82%E7%89%88-%E3%81%AF%E3%81%98%E3%82%81%E3%81%A6%E3%81%AE%E4%B8%AD%E5%9B%BD%E3%82%AD%E3%83%AA%E3%82%B9%E3%83%88%E6%95%99%E5%8F%B2-%E3%82%A2%E3%82%B8%E3%82%A2%E3%82%AD%E3%83%AA%E3%82%B9%E3%83%88%E6%95%99%E5%8F%B2%E5%8F%A2%E6%9B%B83-%E7%9F%B3%E5%B7%9D%E7%85%A7%E5%AD%90%E3%83%BB%E6%A1%90%E8%97%A4%E8%96%AB%E3%83%BB%E5%80%89%E7%94%B0%E6%98%8E%E5%AD%90%E3%83%BB%E6%9D%BE%E8%B0%B7%E6%9B%84%E4%BB%8B%E3%83%BB%E6%B8%A1%E8%BE%BA%E7%A5%90%E5%AD%90/dp/4910004157/ref=sr_1_28?dib=eyJ2IjoiMSJ9.6q-r86lLIHFWSeGWJWB5O_MfpYtecoRv-gX1Xg-Gy9gUjS6zp2L2g1WxRZZMEjs4-SutlBLxpmn5uUt5IYiMBI02AcxW_TFf-L9QVVvyaM3DrH8UtUoGlj1CQWjUTd9bbaTO9wUvhP0Fj1IHuyRjES-CoIoNz1iA_RIJ9o8e-1TKc0WCB9Lc9hfz85dOcRs8scZl3_rG9XFNNmF0c4sDINOop9irOCKHXauQtWFnjjk.QvyzZA3RLBFVmjM1Egk3VqksXPAXxEQFZd_5n73d484&dib_tag=se&m=ANBW5NGGTP7SK&marketplaceID=A39IBJ37TRP1C6&qid=1777193484&refinements=p_36%3A37500-38000&s=merchant-items&sr=1-28&xpid=aYwKknfHDKcCw#customerReviews,増補改訂版 はじめての中国キリスト教史 (アジアキリスト教史叢書3)
4910004157,,,,
B07S8JDKNP,,375.94,https://www.amazon.com.au/Bare-Mens-Exowear-Undergarment-Large/dp/B07S8JDKNP/ref=sr_1_29?dib=eyJ2IjoiMSJ9.6q-r86lLIHFWSeGWJWB5O_MfpYtecoRv-gX1Xg-Gy9gUjS6zp2L2g1WxRZZMEjs4-SutlBLxpmn5uUt5IYiMBI02AcxW_TFf-L9QVVvyaM3DrH8UtUoGlj1CQWjUTd9bbaTO9wUvhP0Fj1IHuyRjES-CoIoNz1iA_RIJ9o8e-1TKc0WCB9Lc9hfz85dOcRs8scZl3_rG9XFNNmF0c4sDINOop9irOCKHXauQtWFnjjk.QvyzZA3RLBFVmjM1Egk3VqksXPAXxEQFZd_5n73d484&dib_tag=se&m=ANBW5NGGTP7SK&marketplaceID=A39IBJ37TRP1C6&qid=1777193484&refinements=p_36%3A37500-38000&s=merchant-items&sr=1-29&xpid=aYwKknfHDKcCw#customerReviews,Bare Mens Exowear Vest Wet/Dry Undergarment
4909812369,Tankobon Hardcover,375.5,https://www.amazon.com.au/%E6%94%B9%E8%A8%82%E6%96%B0%E7%89%88-%E3%83%94%E3%82%B0%E3%83%9E%E3%83%AA%E3%82%AA%E3%83%B3%E3%83%BB%E3%82%B3%E3%83%B3%E3%83%97%E3%83%AC%E3%83%83%E3%82%AF%E3%82%B9-%E3%83%97%E3%83%AA%E3%83%86%E3%82%A3%E3%83%BB%E3%82%A6%E3%83%BC%E3%83%9E%E3%83%B3%E3%81%AE%E7%B3%BB%E8%AD%9C-%E5%B0%8F%E9%87%8E%E4%BF%8A%E5%A4%AA%E9%83%8E/dp/4909812369/ref=sr_1_30?dib=eyJ2IjoiMSJ9.6q-r86lLIHFWSeGWJWB5O_MfpYtecoRv-gX1Xg-Gy9gUjS6zp2L2g1WxRZZMEjs4-SutlBLxpmn5uUt5IYiMBI02AcxW_TFf-L9QVVvyaM3DrH8UtUoGlj1CQWjUTd9bbaTO9wUvhP0Fj1IHuyRjES-CoIoNz1iA_RIJ9o8e-1TKc0WCB9Lc9hfz85dOcRs8scZl3_rG9XFNNmF0c4sDINOop9irOCKHXauQtWFnjjk.QvyzZA3RLBFVmjM1Egk3VqksXPAXxEQFZd_5n73d484&dib_tag=se&m=ANBW5NGGTP7SK&marketplaceID=A39IBJ37TRP1C6&qid=1777193484&refinements=p_36%3A37500-38000&s=merchant-items&sr=1-30&xpid=aYwKknfHDKcCw#customerReviews,[改訂新版]ピグマリオン・コンプレックス: プリティ・ウーマンの系譜
4909812369,,,,
B07JQ9W9XR,,378.57,https://www.amazon.com.au/Megahouse-Naruto-Gals-Wedding-Multicolor/dp/B07JQ9W9XR/ref=sr_1_31?dib=eyJ2IjoiMSJ9.6q-r86lLIHFWSeGWJWB5O_MfpYtecoRv-gX1Xg-Gy9gUjS6zp2L2g1WxRZZMEjs4-SutlBLxpmn5uUt5IYiMBI02AcxW_TFf-L9QVVvyaM3DrH8UtUoGlj1CQWjUTd9bbaTO9wUvhP0Fj1IHuyRjES-CoIoNz1iA_RIJ9o8e-1TKc0WCB9Lc9hfz85dOcRs8scZl3_rG9XFNNmF0c4sDINOop9irOCKHXauQtWFnjjk.QvyzZA3RLBFVmjM1Egk3VqksXPAXxEQFZd_5n73d484&dib_tag=se&m=ANBW5NGGTP7SK&marketplaceID=A39IBJ37TRP1C6&qid=1777193484&refinements=p_36%3A37500-38000&s=merchant-items&sr=1-31&xpid=aYwKknfHDKcCw#customerReviews,"Megahouse Naruto Gals: Hinata Hyuga (Wedding Version) PVC Figure, Multicolor"
4909809163,JP Oversized,376.56,https://www.amazon.com.au/%E3%81%AF%E3%82%8B%E3%81%AE-%E3%81%86%E3%81%9F-imagination-unlimited-%E3%81%AA%E3%81%8A%E3%81%BF/dp/4909809163/ref=sr_1_32?dib=eyJ2IjoiMSJ9.6q-r86lLIHFWSeGWJWB5O_MfpYtecoRv-gX1Xg-Gy9gUjS6zp2L2g1WxRZZMEjs4-SutlBLxpmn5uUt5IYiMBI02AcxW_TFf-L9QVVvyaM3DrH8UtUoGlj1CQWjUTd9bbaTO9wUvhP0Fj1IHuyRjES-CoIoNz1iA_RIJ9o8e-1TKc0WCB9Lc9hfz85dOcRs8scZl3_rG9XFNNmF0c4sDINOop9irOCKHXauQtWFnjjk.QvyzZA3RLBFVmjM1Egk3VqksXPAXxEQFZd_5n73d484&dib_tag=se&m=ANBW5NGGTP7SK&marketplaceID=A39IBJ37TRP1C6&qid=1777193484&refinements=p_36%3A37500-38000&s=merchant-items&sr=1-32&xpid=aYwKknfHDKcCw#customerReviews,はるの うた (imagination unlimited)
4909809163,,,,
B013CTH4KO,,378.74,https://www.amazon.com.au/Comfortiva-Womens-Faye-Grey-Suede/dp/B013CTH4KO/ref=sr_1_33?dib=eyJ2IjoiMSJ9.Kf_j4Ak701q_v4YLqCabyyKsqd2Nx_-Shvi-qjPnNEy3k-_cnbqJ_A3W2k5NRb5l1w5RpqRAEpOIBOBTkPz3EA.RZbFHVGk6w20Yl-_fkb-aesLqt1YmuNEtV-qGkg4a0A&dib_tag=se&m=ANBW5NGGTP7SK&marketplaceID=A39IBJ37TRP1C6&qid=1777193492&refinements=p_36%3A37500-38000&s=merchant-items&sr=1-33&xpid=aYwKknfHDKcCw,Comfortiva Women's Faye Shoes Heeled Sandal
4909658343,Tankobon Hardcover,376.56,https://www.amazon.com.au/%E8%AA%AD%E6%9B%B8%E3%81%AE%E6%AD%B4%E5%8F%B2%E3%82%92%E5%95%8F%E3%81%86-%E6%9B%B8%E7%89%A9%E3%81%A8%E8%AA%AD%E8%80%85%E3%81%AE%E8%BF%91%E4%BB%A3-%E6%94%B9%E8%A8%82%E5%A2%97%E8%A3%9C%E7%89%88-%E5%92%8C%E7%94%B0-%E6%95%A6%E5%BD%A6/dp/4909658343/ref=sr_1_34?dib=eyJ2IjoiMSJ9.Kf_j4Ak701q_v4YLqCabyyKsqd2Nx_-Shvi-qjPnNEy3k-_cnbqJ_A3W2k5NRb5l1w5RpqRAEpOIBOBTkPz3EA.RZbFHVGk6w20Yl-_fkb-aesLqt1YmuNEtV-qGkg4a0A&dib_tag=se&m=ANBW5NGGTP7SK&marketplaceID=A39IBJ37TRP1C6&qid=1777193492&refinements=p_36%3A37500-38000&s=merchant-items&sr=1-34&xpid=aYwKknfHDKcCw#customerReviews,読書の歴史を問う: 書物と読者の近代 改訂増補版
4909658343,,,,
B016IO81PW,,378.67,https://www.amazon.com.au/Express-Scribe-Transcription-Foot-Pedal/dp/B016IO81PW/ref=sr_1_35?dib=eyJ2IjoiMSJ9.Kf_j4Ak701q_v4YLqCabyyKsqd2Nx_-Shvi-qjPnNEy3k-_cnbqJ_A3W2k5NRb5l1w5RpqRAEpOIBOBTkPz3EA.RZbFHVGk6w20Yl-_fkb-aesLqt1YmuNEtV-qGkg4a0A&dib_tag=se&m=ANBW5NGGTP7SK&marketplaceID=A39IBJ37TRP1C6&qid=1777193492&refinements=p_36%3A37500-38000&s=merchant-items&sr=1-35&xpid=aYwKknfHDKcCw,Express Scribe Pro Transcription Foot Pedal Kit
B016IO81PW,,,,
4908407266,Tankobon Hardcover,375.9,https://www.amazon.com.au/%E7%8F%BE%E4%BB%A3%E3%83%9B%E3%82%B9%E3%83%94%E3%82%BF%E3%83%AA%E3%83%86%E3%82%A3%E8%AB%96_%E3%81%9D%E3%81%AE%E5%8E%9F%E7%BE%A9%E3%81%8B%E3%82%89%E7%8F%BE%E4%BB%A3%E7%9A%84%E6%84%8F%E5%91%B3%E3%82%92%E8%AA%AD%E3%81%BF%E8%A7%A3%E3%81%8F-%E5%B1%B1%E8%B7%AF-%E9%A1%95/dp/4908407266/ref=sr_1_36?dib=eyJ2IjoiMSJ9.Kf_j4Ak701q_v4YLqCabyyKsqd2Nx_-Shvi-qjPnNEy3k-_cnbqJ_A3W2k5NRb5l1w5RpqRAEpOIBOBTkPz3EA.RZbFHVGk6w20Yl-_fkb-aesLqt1YmuNEtV-qGkg4a0A&dib_tag=se&m=ANBW5NGGTP7SK&marketplaceID=A39IBJ37TRP1C6&qid=1777193492&refinements=p_36%3A37500-38000&s=merchant-items&sr=1-36&xpid=aYwKknfHDKcCw,現代ホスピタリティ論―その原義から現代的意味を読み解く
4908407266,,,,
B075PVKQG7,,378.46,https://www.amazon.com.au/Eric-Michael-Womens-Sandals-Peltro/dp/B075PVKQG7/ref=sr_1_37?dib=eyJ2IjoiMSJ9.Kf_j4Ak701q_v4YLqCabyyKsqd2Nx_-Shvi-qjPnNEy3k-_cnbqJ_A3W2k5NRb5l1w5RpqRAEpOIBOBTkPz3EA.RZbFHVGk6w20Yl-_fkb-aesLqt1YmuNEtV-qGkg4a0A&dib_tag=se&m=ANBW5NGGTP7SK&marketplaceID=A39IBJ37TRP1C6&qid=1777193492&refinements=p_36%3A37500-38000&s=merchant-items&sr=1-37&xpid=aYwKknfHDKcCw#customerReviews,Eric Michael Womens LIAT Sandal
4907278640,Tankobon Softcover,376.09,https://www.amazon.com.au/%E5%A4%96%E8%B3%87%E7%B3%BB%E3%82%A2%E3%83%8A%E3%83%AA%E3%82%B9%E3%83%88%E3%81%8C%E6%9C%AC%E5%BD%93%E3%81%AB%E4%BD%BF%E3%81%A3%E3%81%A6%E3%81%84%E3%82%8B%E3%83%95%E3%82%A1%E3%83%B3%E3%83%80%E3%83%A1%E3%83%B3%E3%82%BF%E3%83%AB%E5%88%86%E6%9E%90%E3%81%AE%E6%89%8B%E6%B3%95%E3%81%A8%E5%AE%9F%E4%BE%8B-%E6%9D%BE%E4%B8%8B-%E6%95%8F%E4%B9%8B/dp/4907278640/ref=sr_1_33?dib=eyJ2IjoiMSJ9.EUW6xZTkwu7Dl63dXTrowdDMYNtrWjrolZ6NlNneUs4h2e1wHzv08QZyFSB6bXHzfKgVZ4K2biAlgW03DjHtU51HRUOGpnGKNT72zFLv5tQgfRAbNNBINsoBKPj5c5ZnHZIiiKKo6r-wIDJ4mraRuIv6RKhjktGaMlz-9PQ5rsc.sBHigbO6IZWa0SOPy_Dr5pzBbBsgDzruzyD_cEUWkrU&dib_tag=se&m=ANBW5NGGTP7SK&marketplaceID=A39IBJ37TRP1C6&qid=1777193492&refinements=p_36%3A37500-38000&s=merchant-items&sr=1-33&xpid=aYwKknfHDKcCw#customerReviews,外資系アナリストが本当に使っているファンダメンタル分析の手法と実例
4907278640,,,,
B0BT1NR8F8,,376.67,https://www.amazon.com.au/Shimano-Explode-166M-2-2-Piece-Additional/dp/B0BT1NR8F8/ref=sr_1_34?dib=eyJ2IjoiMSJ9.EUW6xZTkwu7Dl63dXTrowdDMYNtrWjrolZ6NlNneUs4h2e1wHzv08QZyFSB6bXHzfKgVZ4K2biAlgW03DjHtU51HRUOGpnGKNT72zFLv5tQgfRAbNNBINsoBKPj5c5ZnHZIiiKKo6r-wIDJ4mraRuIv6RKhjktGaMlz-9PQ5rsc.sBHigbO6IZWa0SOPy_Dr5pzBbBsgDzruzyD_cEUWkrU&dib_tag=se&m=ANBW5NGGTP7SK&marketplaceID=A39IBJ37TRP1C6&qid=1777193492&refinements=p_36%3A37500-38000&s=merchant-items&sr=1-34&xpid=aYwKknfHDKcCw#customerReviews,"Shimano 22 Explode Bass Rod, Spinning/Bait, Various"
B0BT1NR8F8,,,,
4907209622,Tankobon Hardcover,375.61,https://www.amazon.com.au/%E3%81%AC%E3%81%84%E3%81%90%E3%82%8B%E3%81%BF%E9%81%8A%E3%81%B3%E7%A0%94%E7%A9%B6%E3%81%AE%E5%88%86%E6%B0%B4%E5%B6%BA-%E8%87%AA%E6%88%91%E7%99%BA%E9%81%94%E3%81%A8%E7%B2%BE%E7%A5%9E%E7%97%85%E7%90%86-%E4%B8%AD%E4%BA%95-%E5%AD%9D%E7%AB%A0/dp/4907209622/ref=sr_1_35?dib=eyJ2IjoiMSJ9.EUW6xZTkwu7Dl63dXTrowdDMYNtrWjrolZ6NlNneUs4h2e1wHzv08QZyFSB6bXHzfKgVZ4K2biAlgW03DjHtU51HRUOGpnGKNT72zFLv5tQgfRAbNNBINsoBKPj5c5ZnHZIiiKKo6r-wIDJ4mraRuIv6RKhjktGaMlz-9PQ5rsc.sBHigbO6IZWa0SOPy_Dr5pzBbBsgDzruzyD_cEUWkrU&dib_tag=se&m=ANBW5NGGTP7SK&marketplaceID=A39IBJ37TRP1C6&qid=1777193492&refinements=p_36%3A37500-38000&s=merchant-items&sr=1-35&xpid=aYwKknfHDKcCw,ぬいぐるみ遊び研究の分水嶺 -自我発達と精神病理-
4907209622,,,,
B011FAWENO,,379.12,https://www.amazon.com.au/Eric-Michael-Womens-Brown-Sandal/dp/B011FAWENO/ref=sr_1_36?dib=eyJ2IjoiMSJ9.EUW6xZTkwu7Dl63dXTrowdDMYNtrWjrolZ6NlNneUs4h2e1wHzv08QZyFSB6bXHzfKgVZ4K2biAlgW03DjHtU51HRUOGpnGKNT72zFLv5tQgfRAbNNBINsoBKPj5c5ZnHZIiiKKo6r-wIDJ4mraRuIv6RKhjktGaMlz-9PQ5rsc.sBHigbO6IZWa0SOPy_Dr5pzBbBsgDzruzyD_cEUWkrU&dib_tag=se&m=ANBW5NGGTP7SK&marketplaceID=A39IBJ37TRP1C6&qid=1777193492&refinements=p_36%3A37500-38000&s=merchant-items&sr=1-36&xpid=aYwKknfHDKcCw#customerReviews,Eric Michael Womens LIAT Sandal
4907176740,Tankobon Hardcover,376.09,https://www.amazon.com.au/%E6%96%B0%E8%A8%82%E7%89%88%E3%83%8B%E3%83%A5%E3%83%BC%E3%83%AF%E3%83%BC%E3%82%AF%E3%83%96%E3%83%83%E3%82%AF%E5%9F%BA%E7%A4%8E%E7%9C%8B%E8%AD%B7-%E7%89%A7%E9%87%8E-%E7%94%B1%E5%8A%A0%E9%87%8C/dp/4907176740/ref=sr_1_37?dib=eyJ2IjoiMSJ9.EUW6xZTkwu7Dl63dXTrowdDMYNtrWjrolZ6NlNneUs4h2e1wHzv08QZyFSB6bXHzfKgVZ4K2biAlgW03DjHtU51HRUOGpnGKNT72zFLv5tQgfRAbNNBINsoBKPj5c5ZnHZIiiKKo6r-wIDJ4mraRuIv6RKhjktGaMlz-9PQ5rsc.sBHigbO6IZWa0SOPy_Dr5pzBbBsgDzruzyD_cEUWkrU&dib_tag=se&m=ANBW5NGGTP7SK&marketplaceID=A39IBJ37TRP1C6&qid=1777193492&refinements=p_36%3A37500-38000&s=merchant-items&sr=1-37&xpid=aYwKknfHDKcCw,新訂版ニューワークブック基礎看護
4907176740,,,,
B0CBYYFFXG,,378.34,https://www.amazon.com.au/Megahouse-Naruto-GALS-Shippuden-Tsunade/dp/B0CBYYFFXG/ref=sr_1_38?dib=eyJ2IjoiMSJ9.EUW6xZTkwu7Dl63dXTrowdDMYNtrWjrolZ6NlNneUs4h2e1wHzv08QZyFSB6bXHzfKgVZ4K2biAlgW03DjHtU51HRUOGpnGKNT72zFLv5tQgfRAbNNBINsoBKPj5c5ZnHZIiiKKo6r-wIDJ4mraRuIv6RKhjktGaMlz-9PQ5rsc.sBHigbO6IZWa0SOPy_Dr5pzBbBsgDzruzyD_cEUWkrU&dib_tag=se&m=ANBW5NGGTP7SK&marketplaceID=A39IBJ37TRP1C6&qid=1777193492&refinements=p_36%3A37500-38000&s=merchant-items&sr=1-38&xpid=aYwKknfHDKcCw#customerReviews,Megahouse Naruto GALS: Naruto Shippuden Tsunade (Repeat)
4906791255,Tankobon Hardcover,375.61,https://www.amazon.com.au/3%E3%83%BB11%E4%BB%A5%E5%BE%8C-%E3%81%93%E3%81%AE%E7%B5%B6%E6%9C%9B%E3%81%AE%E5%9B%BD%E3%81%A7-%E6%AD%BB%E8%80%85%E3%81%AE%E8%AA%9E%E3%82%8A%E3%81%AE%E5%9C%B0%E5%B9%B3%E3%81%8B%E3%82%89/dp/4906791255/ref=sr_1_39?dib=eyJ2IjoiMSJ9.EUW6xZTkwu7Dl63dXTrowdDMYNtrWjrolZ6NlNneUs4h2e1wHzv08QZyFSB6bXHzfKgVZ4K2biAlgW03DjHtU51HRUOGpnGKNT72zFLv5tQgfRAbNNBINsoBKPj5c5ZnHZIiiKKo6r-wIDJ4mraRuIv6RKhjktGaMlz-9PQ5rsc.sBHigbO6IZWa0SOPy_Dr5pzBbBsgDzruzyD_cEUWkrU&dib_tag=se&m=ANBW5NGGTP7SK&marketplaceID=A39IBJ37TRP1C6&qid=1777193492&refinements=p_36%3A37500-38000&s=merchant-items&sr=1-39&xpid=aYwKknfHDKcCw#customerReviews,3・11以後 この絶望の国で: 死者の語りの地平から
4906791255,,,,
4906768865,Tankobon Softcover,377.04,https://www.amazon.com.au/%E3%81%BE%E3%82%8B%E3%81%94%E3%81%A8%E6%B4%BB%E7%94%A8-%E4%B8%80%E5%A4%AA%E9%83%8E2021-%E3%83%AA%E3%83%95%E3%82%A1%E3%83%AC%E3%83%B3%E3%82%B9%E7%B7%A8-%E4%BA%95%E4%B8%8A%E5%81%A5%E8%AA%9E/dp/4906768865/ref=sr_1_40?dib=eyJ2IjoiMSJ9.EUW6xZTkwu7Dl63dXTrowdDMYNtrWjrolZ6NlNneUs4h2e1wHzv08QZyFSB6bXHzfKgVZ4K2biAlgW03DjHtU51HRUOGpnGKNT72zFLv5tQgfRAbNNBINsoBKPj5c5ZnHZIiiKKo6r-wIDJ4mraRuIv6RKhjktGaMlz-9PQ5rsc.sBHigbO6IZWa0SOPy_Dr5pzBbBsgDzruzyD_cEUWkrU&dib_tag=se&m=ANBW5NGGTP7SK&marketplaceID=A39IBJ37TRP1C6&qid=1777193492&refinements=p_36%3A37500-38000&s=merchant-items&sr=1-40&xpid=aYwKknfHDKcCw#customerReviews,まるごと活用! 一太郎2021[リファレンス編]
4906768865,,,,
B09R9DJTLL,,378.17,https://www.amazon.com.au/Shimano-Scorpion-bass-Fishing-Japan/dp/B09R9DJTLL/ref=sr_1_41?dib=eyJ2IjoiMSJ9.EUW6xZTkwu7Dl63dXTrowdDMYNtrWjrolZ6NlNneUs4h2e1wHzv08QZyFSB6bXHzfKgVZ4K2biAlgW03DjHtU51HRUOGpnGKNT72zFLv5tQgfRAbNNBINsoBKPj5c5ZnHZIiiKKo6r-wIDJ4mraRuIv6RKhjktGaMlz-9PQ5rsc.sBHigbO6IZWa0SOPy_Dr5pzBbBsgDzruzyD_cEUWkrU&dib_tag=se&m=ANBW5NGGTP7SK&marketplaceID=A39IBJ37TRP1C6&qid=1777193492&refinements=p_36%3A37500-38000&s=merchant-items&sr=1-41&xpid=aYwKknfHDKcCw#customerReviews,Shimano 22 SLX DC XT Scorpion bass Fishing Reel Japan Import (71)
B09R9DJTLL,,,,
4905530822,Tankobon Hardcover,377.23,https://www.amazon.com.au/%E3%83%9F%E3%82%A4%E3%83%A9%E5%AD%A6-%E3%82%A8%E3%82%B8%E3%83%97%E3%83%88%E3%81%AE%E3%83%9F%E3%82%A4%E3%83%A9%E8%81%B7%E4%BA%BA%E3%81%AE%E7%A7%98%E5%AF%86-%E3%82%AA%E3%83%AD%E3%82%B8%E3%83%BC%E3%82%BA%E3%82%B7%E3%83%AA%E3%83%BC%E3%82%BA-%E3%82%BF%E3%83%9E%E3%83%A9-%E3%83%90%E3%82%A6%E3%82%A2%E3%83%BC/dp/4905530822/ref=sr_1_42?dib=eyJ2IjoiMSJ9.EUW6xZTkwu7Dl63dXTrowdDMYNtrWjrolZ6NlNneUs4h2e1wHzv08QZyFSB6bXHzfKgVZ4K2biAlgW03DjHtU51HRUOGpnGKNT72zFLv5tQgfRAbNNBINsoBKPj5c5ZnHZIiiKKo6r-wIDJ4mraRuIv6RKhjktGaMlz-9PQ5rsc.sBHigbO6IZWa0SOPy_Dr5pzBbBsgDzruzyD_cEUWkrU&dib_tag=se&m=ANBW5NGGTP7SK&marketplaceID=A39IBJ37TRP1C6&qid=1777193492&refinements=p_36%3A37500-38000&s=merchant-items&sr=1-42&xpid=aYwKknfHDKcCw#customerReviews,ミイラ学 エジプトのミイラ職人の秘密 (オロジーズシリーズ)
4905530822,,,,
4905528100,Tankobon Hardcover,376.24,https://www.amazon.com.au/%E6%9C%9D%E9%AE%AE%E6%B0%91%E4%B8%BB%E4%B8%BB%E7%BE%A9%E4%BA%BA%E6%B0%91%E5%85%B1%E5%92%8C%E5%9B%BD%E7%B5%84%E7%B9%94%E5%88%A5%E4%BA%BA%E5%90%8D%E7%B0%BF%E3%80%882016%E3%80%89/dp/4905528100/ref=sr_1_43?dib=eyJ2IjoiMSJ9.EUW6xZTkwu7Dl63dXTrowdDMYNtrWjrolZ6NlNneUs4h2e1wHzv08QZyFSB6bXHzfKgVZ4K2biAlgW03DjHtU51HRUOGpnGKNT72zFLv5tQgfRAbNNBINsoBKPj5c5ZnHZIiiKKo6r-wIDJ4mraRuIv6RKhjktGaMlz-9PQ5rsc.sBHigbO6IZWa0SOPy_Dr5pzBbBsgDzruzyD_cEUWkrU&dib_tag=se&m=ANBW5NGGTP7SK&marketplaceID=A39IBJ37TRP1C6&qid=1777193492&refinements=p_36%3A37500-38000&s=merchant-items&sr=1-43&xpid=aYwKknfHDKcCw,朝鮮民主主義人民共和国組織別人名簿〈2016〉
4905528100,,,,
B09LCT88S9,,376.78,https://www.amazon.com.au/Five-Star-Model-Battleship-FSM360004/dp/B09LCT88S9/ref=sr_1_49?dib=eyJ2IjoiMSJ9.HwCTAuvyPzbTQ8qnzeoyemo0d5JNnvHacxGZXJv04S_3sSKJIdcrWAnmFaZfzB-ALTFhRDdF-H-a_FOXI8NH9w.33ibyRZYmOt9k-iLJG0IDI2zm9lAOOOQplEgbSOCXL8&dib_tag=se&m=ANBW5NGGTP7SK&marketplaceID=A39IBJ37TRP1C6&qid=1777193497&refinements=p_36%3A37500-38000&s=merchant-items&sr=1-49&xpid=aYwKknfHDKcCw,1/350 WWII Thai Navy Tomburi Class Marine Battleship Resin Kit FSM360004 Molded Color
B09LCT88S9,,,,
4904575741,Tankobon Hardcover,376.56,https://www.amazon.com.au/%E8%8B%B1%E4%BD%9C%E6%96%87%E3%81%AA%E3%82%93%E3%81%8B%E3%81%93%E3%82%8F%E3%81%8F%E3%81%AA%E3%81%84IV-%E3%83%91%E3%83%A9%E3%82%B0%E3%83%A9%E3%83%95%E7%B7%A8-4-%E7%8C%AA%E9%87%8E-%E7%9C%9F%E7%90%86%E6%9E%9D/dp/4904575741/ref=sr_1_50?dib=eyJ2IjoiMSJ9.HwCTAuvyPzbTQ8qnzeoyemo0d5JNnvHacxGZXJv04S_3sSKJIdcrWAnmFaZfzB-ALTFhRDdF-H-a_FOXI8NH9w.33ibyRZYmOt9k-iLJG0IDI2zm9lAOOOQplEgbSOCXL8&dib_tag=se&m=ANBW5NGGTP7SK&marketplaceID=A39IBJ37TRP1C6&qid=1777193497&refinements=p_36%3A37500-38000&s=merchant-items&sr=1-50&xpid=aYwKknfHDKcCw#customerReviews,英作文なんかこわくないIV パラグラフ編: 4
4904575741,,,,
4904575377,Tankobon Hardcover,375.09,https://www.amazon.com.au/%E8%BF%BD%E6%86%B6%E3%81%AE%E3%82%AB%E3%83%B3%E3%83%9C%E3%82%B8%E3%82%A2-%E7%89%A9%E8%AA%9E%E3%81%AE%E5%B3%B6-%E3%82%A2%E3%82%B8%E3%82%A2-%E3%83%81%E3%83%A5%E3%83%83%E3%83%88%E3%83%BB%E3%82%AB%E3%82%A4/dp/4904575377/ref=sr_1_51?dib=eyJ2IjoiMSJ9.HwCTAuvyPzbTQ8qnzeoyemo0d5JNnvHacxGZXJv04S_3sSKJIdcrWAnmFaZfzB-ALTFhRDdF-H-a_FOXI8NH9w.33ibyRZYmOt9k-iLJG0IDI2zm9lAOOOQplEgbSOCXL8&dib_tag=se&m=ANBW5NGGTP7SK&marketplaceID=A39IBJ37TRP1C6&qid=1777193497&refinements=p_36%3A37500-38000&s=merchant-items&sr=1-51&xpid=aYwKknfHDKcCw#customerReviews,追憶のカンボジア (物語の島　アジア)
4904575377,,,,
B08SQPW9N8,,375.92,https://www.amazon.com.au/Livre-10158-Shimano-18000-20000-Gunmeta/dp/B08SQPW9N8/ref=sr_1_52?dib=eyJ2IjoiMSJ9.HwCTAuvyPzbTQ8qnzeoyemo0d5JNnvHacxGZXJv04S_3sSKJIdcrWAnmFaZfzB-ALTFhRDdF-H-a_FOXI8NH9w.33ibyRZYmOt9k-iLJG0IDI2zm9lAOOOQplEgbSOCXL8&dib_tag=se&m=ANBW5NGGTP7SK&marketplaceID=A39IBJ37TRP1C6&qid=1777193497&refinements=p_36%3A37500-38000&s=merchant-items&sr=1-52&xpid=aYwKknfHDKcCw,Livre 10158 Power Arm 98 Shimano (Left) 18000-20000 Gunmeta/Blue
B08SQPW9N8,,,,
4903722562,Tankobon Softcover,375.76,https://www.amazon.com.au/%E3%82%B7%E3%83%93%E3%82%A2%E3%82%A2%E3%82%AF%E3%82%B7%E3%83%87%E3%83%B3%E3%83%88%E3%81%AE%E8%84%85%E5%A8%81-%E7%A7%91%E5%AD%A6%E7%9A%84%E8%84%B1%E5%8E%9F%E7%99%BA%E3%81%AE%E3%81%99%E3%81%99%E3%82%81-%E7%A7%91%E5%AD%A6%E3%81%A8%E4%BA%BA%E9%96%93%E3%82%B7%E3%83%AA%E3%83%BC%E3%82%BA-2-%E8%88%98%E9%87%8E-%E6%B7%B3/dp/4903722562/ref=sr_1_53?dib=eyJ2IjoiMSJ9.HwCTAuvyPzbTQ8qnzeoyemo0d5JNnvHacxGZXJv04S_3sSKJIdcrWAnmFaZfzB-ALTFhRDdF-H-a_FOXI8NH9w.33ibyRZYmOt9k-iLJG0IDI2zm9lAOOOQplEgbSOCXL8&dib_tag=se&m=ANBW5NGGTP7SK&marketplaceID=A39IBJ37TRP1C6&qid=1777193497&refinements=p_36%3A37500-38000&s=merchant-items&sr=1-53&xpid=aYwKknfHDKcCw,シビアアクシデントの脅威−科学的脱原発のすすめ (科学と人間シリーズ 2)
4903722562,,,,
4903707938,Tankobon Hardcover,376.01,https://www.amazon.com.au/%E6%97%A5%E9%AB%98%E6%99%A4%E9%83%8E%E3%83%95%E3%82%A9%E3%83%BC%E3%82%A8%E3%83%90%E3%83%BC-%E5%B7%9D%E5%B3%B6%E5%8D%9A%E8%A1%8C/dp/4903707938/ref=sr_1_49?dib=eyJ2IjoiMSJ9.fM0zv-GFphP5N69SMQxzgpTGAlBVl6nsf3zSYafZhwOWa0Wy95T0I8OBbXGJUMB4MRlilOmWdxBBIvrYTrf2N7YXKDrN5HZEOJtP1cZKD9BaBdytzGhzvMd9DWNOYTKf4HtYwc4j6ySoegEwUIlHAraSSvsdmS62-afy7b6ZuXY.OR74yfJje8EjCfyOW2Mutnurh8PTBtMgtgL-7suFG_A&dib_tag=se&m=ANBW5NGGTP7SK&marketplaceID=A39IBJ37TRP1C6&qid=1777193497&refinements=p_36%3A37500-38000&s=merchant-items&sr=1-49&xpid=aYwKknfHDKcCw#customerReviews,日高晤郎フォーエバー
4903707938,,,,
B083WHFCKK,,375.76,https://www.amazon.com.au/Daiwa-SU2400-Light-Cooler-Fishing/dp/B083WHFCKK/ref=sr_1_50?dib=eyJ2IjoiMSJ9.fM0zv-GFphP5N69SMQxzgpTGAlBVl6nsf3zSYafZhwOWa0Wy95T0I8OBbXGJUMB4MRlilOmWdxBBIvrYTrf2N7YXKDrN5HZEOJtP1cZKD9BaBdytzGhzvMd9DWNOYTKf4HtYwc4j6ySoegEwUIlHAraSSvsdmS62-afy7b6ZuXY.OR74yfJje8EjCfyOW2Mutnurh8PTBtMgtgL-7suFG_A&dib_tag=se&m=ANBW5NGGTP7SK&marketplaceID=A39IBJ37TRP1C6&qid=1777193497&refinements=p_36%3A37500-38000&s=merchant-items&sr=1-50&xpid=aYwKknfHDKcCw#customerReviews,"DAIWA Cooler Box Light Trunk α, 6.4-12.8 gal (24-32 L)"
B083WHFCKK,,,,
4903619222,Tankobon Hardcover,377.37,https://www.amazon.com.au/%E3%83%AD%E3%82%B7%E3%82%A2%E3%81%AE%E6%B0%91%E8%A9%B1%E3%80%883%E3%80%89/dp/4903619222/ref=sr_1_51?dib=eyJ2IjoiMSJ9.fM0zv-GFphP5N69SMQxzgpTGAlBVl6nsf3zSYafZhwOWa0Wy95T0I8OBbXGJUMB4MRlilOmWdxBBIvrYTrf2N7YXKDrN5HZEOJtP1cZKD9BaBdytzGhzvMd9DWNOYTKf4HtYwc4j6ySoegEwUIlHAraSSvsdmS62-afy7b6ZuXY.OR74yfJje8EjCfyOW2Mutnurh8PTBtMgtgL-7suFG_A&dib_tag=se&m=ANBW5NGGTP7SK&marketplaceID=A39IBJ37TRP1C6&qid=1777193497&refinements=p_36%3A37500-38000&s=merchant-items&sr=1-51&xpid=aYwKknfHDKcCw,ロシアの民話〈3〉
4903619222,,,,
4903541037,Tankobon Hardcover,377.29,https://www.amazon.com.au/%E6%9C%8D%E5%8B%99%E3%83%BB%E5%8B%A4%E5%8B%99%E6%99%82%E9%96%93%E3%83%BB%E4%BC%91%E6%9A%87%E9%96%A2%E4%BF%82%E6%B3%95%E4%BB%A4%E9%9B%86%E3%80%88%E5%B9%B3%E6%88%9019%E5%B9%B4%E7%89%88%E3%80%89/dp/4903541037/ref=sr_1_52?dib=eyJ2IjoiMSJ9.fM0zv-GFphP5N69SMQxzgpTGAlBVl6nsf3zSYafZhwOWa0Wy95T0I8OBbXGJUMB4MRlilOmWdxBBIvrYTrf2N7YXKDrN5HZEOJtP1cZKD9BaBdytzGhzvMd9DWNOYTKf4HtYwc4j6ySoegEwUIlHAraSSvsdmS62-afy7b6ZuXY.OR74yfJje8EjCfyOW2Mutnurh8PTBtMgtgL-7suFG_A&dib_tag=se&m=ANBW5NGGTP7SK&marketplaceID=A39IBJ37TRP1C6&qid=1777193497&refinements=p_36%3A37500-38000&s=merchant-items&sr=1-52&xpid=aYwKknfHDKcCw,服務・勤務時間・休暇関係法令集〈平成19年版〉
4903541037,,,,
B01BG9KUW6,,379.3,https://www.amazon.com.au/Daiwa-GU2500-Seacool-Cooler-Fishing/dp/B01BG9KUW6/ref=sr_1_53?dib=eyJ2IjoiMSJ9.fM0zv-GFphP5N69SMQxzgpTGAlBVl6nsf3zSYafZhwOWa0Wy95T0I8OBbXGJUMB4MRlilOmWdxBBIvrYTrf2N7YXKDrN5HZEOJtP1cZKD9BaBdytzGhzvMd9DWNOYTKf4HtYwc4j6ySoegEwUIlHAraSSvsdmS62-afy7b6ZuXY.OR74yfJje8EjCfyOW2Mutnurh8PTBtMgtgL-7suFG_A&dib_tag=se&m=ANBW5NGGTP7SK&marketplaceID=A39IBJ37TRP1C6&qid=1777193497&refinements=p_36%3A37500-38000&s=merchant-items&sr=1-53&xpid=aYwKknfHDKcCw#customerReviews,"Daiwa Seacool Carry 2 GU/S/SU Cooler Box, 25 Liters, Fishing"
B01BG9KUW6,,,,
4901998811,Tankobon Hardcover,376.23,https://www.amazon.com.au/%E6%9D%B1%E4%BA%AC%E3%83%90%E3%83%A9%E3%83%BC%E3%83%89%E3%80%81%E3%81%9D%E3%82%8C%E3%81%8B%E3%82%89/dp/4901998811/ref=sr_1_54?dib=eyJ2IjoiMSJ9.fM0zv-GFphP5N69SMQxzgpTGAlBVl6nsf3zSYafZhwOWa0Wy95T0I8OBbXGJUMB4MRlilOmWdxBBIvrYTrf2N7YXKDrN5HZEOJtP1cZKD9BaBdytzGhzvMd9DWNOYTKf4HtYwc4j6ySoegEwUIlHAraSSvsdmS62-afy7b6ZuXY.OR74yfJje8EjCfyOW2Mutnurh8PTBtMgtgL-7suFG_A&dib_tag=se&m=ANBW5NGGTP7SK&marketplaceID=A39IBJ37TRP1C6&qid=1777193497&refinements=p_36%3A37500-38000&s=merchant-items&sr=1-54&xpid=aYwKknfHDKcCw#customerReviews,東京バラード、それから
4901998811,,,,
4901524844,Tankobon Hardcover,375.61,https://www.amazon.com.au/%E5%90%8D%E9%96%80%E5%BE%A9%E6%B4%BB_%E3%83%8F%E3%83%B3%E3%83%89%E3%83%9C%E3%83%BC%E3%83%AB%E3%81%AB%E3%81%8B%E3%81%91%E3%81%9F%E7%86%B1%E3%81%8D%E9%AD%82/dp/4901524844/ref=sr_1_55?dib=eyJ2IjoiMSJ9.fM0zv-GFphP5N69SMQxzgpTGAlBVl6nsf3zSYafZhwOWa0Wy95T0I8OBbXGJUMB4MRlilOmWdxBBIvrYTrf2N7YXKDrN5HZEOJtP1cZKD9BaBdytzGhzvMd9DWNOYTKf4HtYwc4j6ySoegEwUIlHAraSSvsdmS62-afy7b6ZuXY.OR74yfJje8EjCfyOW2Mutnurh8PTBtMgtgL-7suFG_A&dib_tag=se&m=ANBW5NGGTP7SK&marketplaceID=A39IBJ37TRP1C6&qid=1777193497&refinements=p_36%3A37500-38000&s=merchant-items&sr=1-55&xpid=aYwKknfHDKcCw,名門復活―ハンドボールにかけた熱き魂
4901524844,,,,
B099NV58SK,,376.09,https://www.amazon.com.au/Daiwa-ELIMINATOR4000-Eliminator-Spinning-5-7/dp/B099NV58SK/ref=sr_1_56?dib=eyJ2IjoiMSJ9.fM0zv-GFphP5N69SMQxzgpTGAlBVl6nsf3zSYafZhwOWa0Wy95T0I8OBbXGJUMB4MRlilOmWdxBBIvrYTrf2N7YXKDrN5HZEOJtP1cZKD9BaBdytzGhzvMd9DWNOYTKf4HtYwc4j6ySoegEwUIlHAraSSvsdmS62-afy7b6ZuXY.OR74yfJje8EjCfyOW2Mutnurh8PTBtMgtgL-7suFG_A&dib_tag=se&m=ANBW5NGGTP7SK&marketplaceID=A39IBJ37TRP1C6&qid=1777193497&refinements=p_36%3A37500-38000&s=merchant-items&sr=1-56&xpid=aYwKknfHDKcCw#customerReviews,Daiwa Eliminator Spinning Reels
B099NV58SK,,,,
4898274226,Tankobon Hardcover,377.04,https://www.amazon.com.au/%E9%80%9F%E4%BF%AE%E3%83%86%E3%82%AD%E3%82%B9%E3%83%88%E3%80%883%E3%80%89%E4%BC%81%E6%A5%AD%E7%B5%8C%E5%96%B6%E7%90%86%E8%AB%96%E3%80%882013%E5%B9%B4%E7%89%88%E3%80%89-TBC%E4%B8%AD%E5%B0%8F%E4%BC%81%E6%A5%AD%E8%A8%BA%E6%96%AD%E5%A3%AB%E8%A9%A6%E9%A8%93%E3%82%B7%E3%83%AA%E3%83%BC%E3%82%BA-%E7%AB%B9%E6%B0%B8-%E4%BA%AE/dp/4898274226/ref=sr_1_57?dib=eyJ2IjoiMSJ9.fM0zv-GFphP5N69SMQxzgpTGAlBVl6nsf3zSYafZhwOWa0Wy95T0I8OBbXGJUMB4MRlilOmWdxBBIvrYTrf2N7YXKDrN5HZEOJtP1cZKD9BaBdytzGhzvMd9DWNOYTKf4HtYwc4j6ySoegEwUIlHAraSSvsdmS62-afy7b6ZuXY.OR74yfJje8EjCfyOW2Mutnurh8PTBtMgtgL-7suFG_A&dib_tag=se&m=ANBW5NGGTP7SK&marketplaceID=A39IBJ37TRP1C6&qid=1777193497&refinements=p_36%3A37500-38000&s=merchant-items&sr=1-57&xpid=aYwKknfHDKcCw,速修テキスト〈3〉企業経営理論〈2013年版〉 (TBC中小企業診断士試験シリーズ)
4898274226,,,,
489704460X,Tankobon Softcover,376.89,https://www.amazon.com.au/%E6%98%8E%E6%B2%BB150%E5%B9%B4-%E3%81%9D%E3%81%AE%E6%AD%A9%E3%81%BF%E3%82%92%E7%9F%A5%E3%82%8B%E3%81%A4%E3%81%AA%E3%81%90-%E5%89%8D%E7%B7%A8-%E8%A5%BF%E9%83%B7%E3%81%A9%E3%82%93%E3%80%81%E5%A4%A7%E4%B9%85%E4%BF%9D%E5%8D%BF%E3%80%81%E8%96%A9%E6%91%A9%E8%97%A9%E5%B9%B4%E8%A1%A8%E5%B8%96-%E4%B8%AD%E5%B7%BB/dp/489704460X/ref=sr_1_58?dib=eyJ2IjoiMSJ9.fM0zv-GFphP5N69SMQxzgpTGAlBVl6nsf3zSYafZhwOWa0Wy95T0I8OBbXGJUMB4MRlilOmWdxBBIvrYTrf2N7YXKDrN5HZEOJtP1cZKD9BaBdytzGhzvMd9DWNOYTKf4HtYwc4j6ySoegEwUIlHAraSSvsdmS62-afy7b6ZuXY.OR74yfJje8EjCfyOW2Mutnurh8PTBtMgtgL-7suFG_A&dib_tag=se&m=ANBW5NGGTP7SK&marketplaceID=A39IBJ37TRP1C6&qid=1777193497&refinements=p_36%3A37500-38000&s=merchant-items&sr=1-58&xpid=aYwKknfHDKcCw#customerReviews,明治150年 その歩みを知るつなぐ 前編 西郷どん、大久保卿、薩摩藩年表帖(中巻): 2
489704460X,,,,
B07LGH9H1D,,377.42,https://www.amazon.com.au/SHIMANO-TL-Cn35-Chain-Tool-Speed/dp/B07LGH9H1D/ref=sr_1_59?dib=eyJ2IjoiMSJ9.fM0zv-GFphP5N69SMQxzgpTGAlBVl6nsf3zSYafZhwOWa0Wy95T0I8OBbXGJUMB4MRlilOmWdxBBIvrYTrf2N7YXKDrN5HZEOJtP1cZKD9BaBdytzGhzvMd9DWNOYTKf4HtYwc4j6ySoegEwUIlHAraSSvsdmS62-afy7b6ZuXY.OR74yfJje8EjCfyOW2Mutnurh8PTBtMgtgL-7suFG_A&dib_tag=se&m=ANBW5NGGTP7SK&marketplaceID=A39IBJ37TRP1C6&qid=1777193497&refinements=p_36%3A37500-38000&s=merchant-items&sr=1-59&xpid=aYwKknfHDKcCw,SHIMANO TL-Cn35 Chain Tool 12 Speed - Y13098710
B07LGH9H1D,,,,
4896425456,Tankobon Hardcover,376.09,https://www.amazon.com.au/%E5%85%AB%E6%9C%A8%E6%B5%A9%E4%BB%8B%E3%81%AF%E6%9C%AA%E6%9D%A5%E5%BD%A2-%E6%BE%A4%E4%BA%95%E7%B9%81%E7%94%B7/dp/4896425456/ref=sr_1_65?dib=eyJ2IjoiMSJ9.CmJNZ0n8M9y07aHmJaNt4oe8wwoVe-tPAojROYsEW6IjolyqJJaWICaHkx8-VJVgpZEW2BOTfkwFgI6riHJNFA.8RaqkxSgk8fqEkmjOjikxo1eh6JHTHFskBD1IlAf3bg&dib_tag=se&m=ANBW5NGGTP7SK&marketplaceID=A39IBJ37TRP1C6&qid=1777193503&refinements=p_36%3A37500-38000&s=merchant-items&sr=1-65&xpid=aYwKknfHDKcCw,八木浩介は未来形
4896425456,,,,
4896424557,Tankobon Hardcover,375.9,https://www.amazon.com.au/%E7%9C%A0%E3%82%89%E3%81%AC%E4%BA%BA_%E3%83%AF%E3%82%B0%E3%83%8A%E3%83%BC%E6%95%99%E6%8E%88%E3%81%AE%E7%99%BA%E6%98%8E/dp/4896424557/ref=sr_1_66?dib=eyJ2IjoiMSJ9.CmJNZ0n8M9y07aHmJaNt4oe8wwoVe-tPAojROYsEW6IjolyqJJaWICaHkx8-VJVgpZEW2BOTfkwFgI6riHJNFA.8RaqkxSgk8fqEkmjOjikxo1eh6JHTHFskBD1IlAf3bg&dib_tag=se&m=ANBW5NGGTP7SK&marketplaceID=A39IBJ37TRP1C6&qid=1777193503&refinements=p_36%3A37500-38000&s=merchant-items&sr=1-66&xpid=aYwKknfHDKcCw#customerReviews,眠らぬ人―ワグナー教授の発明
4896424557,,,,
B0CZ73CSBM,,375.11,https://www.amazon.com.au/6000-8000-18000-20000-Titanium-PW93-D680-TIR-Spinning/dp/B0CZ73CSBM/ref=sr_1_67?dib=eyJ2IjoiMSJ9.CmJNZ0n8M9y07aHmJaNt4oe8wwoVe-tPAojROYsEW6IjolyqJJaWICaHkx8-VJVgpZEW2BOTfkwFgI6riHJNFA.8RaqkxSgk8fqEkmjOjikxo1eh6JHTHFskBD1IlAf3bg&dib_tag=se&m=ANBW5NGGTP7SK&marketplaceID=A39IBJ37TRP1C6&qid=1777193503&refinements=p_36%3A37500-38000&s=merchant-items&sr=1-67&xpid=aYwKknfHDKcCw,"Livre 11246 Power 93 Daiwa 6000-8000 (New 18000-20000) Titanium Plate + Red G PW93-D680-TIR [Large Spinning Reel, Custom Handle]"
B0CZ73CSBM,,,,
4896422325,Tankobon Hardcover,376.23,https://www.amazon.com.au/%E8%A3%B8%E8%B6%B3%E3%81%AE%E5%A5%B3_%E5%90%89%E9%87%8E%E3%81%9B%E3%81%84-%E5%B1%B1%E4%B8%8B-%E5%A4%9A%E6%81%B5%E5%AD%90/dp/4896422325/ref=sr_1_68?dib=eyJ2IjoiMSJ9.CmJNZ0n8M9y07aHmJaNt4oe8wwoVe-tPAojROYsEW6IjolyqJJaWICaHkx8-VJVgpZEW2BOTfkwFgI6riHJNFA.8RaqkxSgk8fqEkmjOjikxo1eh6JHTHFskBD1IlAf3bg&dib_tag=se&m=ANBW5NGGTP7SK&marketplaceID=A39IBJ37TRP1C6&qid=1777193503&refinements=p_36%3A37500-38000&s=merchant-items&sr=1-68&xpid=aYwKknfHDKcCw#customerReviews,裸足の女―吉野せい
4896422325,,,,
4896412222,Tankobon Hardcover,376.09,https://www.amazon.com.au/%E3%83%97%E3%83%AC%E3%82%BC%E3%83%B3%E3%83%86%E3%83%BC%E3%82%B7%E3%83%A7%E3%83%B3%E3%83%9F%E3%83%8B%E3%83%9E%E3%83%A0%E3%82%A8%E3%83%83%E3%82%BB%E3%83%B3%E3%82%B9_%E3%83%81%E3%83%BC%E3%83%A0%E3%81%A7%E5%83%8D%E3%81%8F%E5%8A%9B%E3%82%92%E8%82%B2%E3%82%80%E3%83%97%E3%83%AC%E3%82%BC%E3%83%B3%E6%8A%80%E8%A1%93-PowerPo/dp/4896412222/ref=sr_1_69?dib=eyJ2IjoiMSJ9.CmJNZ0n8M9y07aHmJaNt4oe8wwoVe-tPAojROYsEW6IjolyqJJaWICaHkx8-VJVgpZEW2BOTfkwFgI6riHJNFA.8RaqkxSgk8fqEkmjOjikxo1eh6JHTHFskBD1IlAf3bg&dib_tag=se&m=ANBW5NGGTP7SK&marketplaceID=A39IBJ37TRP1C6&qid=1777193503&refinements=p_36%3A37500-38000&s=merchant-items&sr=1-69&xpid=aYwKknfHDKcCw#customerReviews,プレゼンテーションミニマムエッセンス―チームで働く力を育むプレゼン技術& PowerPo
4896412222,,,,
4887136013,Tankobon Hardcover,376.42,https://www.amazon.com.au/%E8%A8%98%E6%86%B6%E3%81%AE%E4%B8%8D%E7%A2%BA%E5%AE%9A%E6%80%A7_%E7%A4%BE%E4%BC%9A%E5%AD%A6%E7%9A%84%E6%8E%A2%E7%A9%B6-%E6%9D%BE%E6%B5%A6-%E9%9B%84%E4%BB%8B/dp/4887136013/ref=sr_1_81?dib=eyJ2IjoiMSJ9.mwU6R0iTvPuKDU_L8KsyxRKMz1tfOUm0wSc7pAhHHKYsiKrpWd_waJ1iq5dqFRy06pLDFcKsOiCXimHtIScPNA.ZW-rPtdMQn7tkUEAVI5N7Hlt0spLIVVHWz92jr88rwc&dib_tag=se&m=ANBW5NGGTP7SK&marketplaceID=A39IBJ37TRP1C6&qid=1777193507&refinements=p_36%3A37500-38000&s=merchant-items&sr=1-81&xpid=aYwKknfHDKcCw#customerReviews,記憶の不確定性―社会学的探究
4887136013,,,,
B08PCGWV3R,,378.18,https://www.amazon.com.au/Daiwa-SW-4350B-NE-Wader-Black-S/dp/B08PCGWV3R/ref=sr_1_82?dib=eyJ2IjoiMSJ9.mwU6R0iTvPuKDU_L8KsyxRKMz1tfOUm0wSc7pAhHHKYsiKrpWd_waJ1iq5dqFRy06pLDFcKsOiCXimHtIScPNA.ZW-rPtdMQn7tkUEAVI5N7Hlt0spLIVVHWz92jr88rwc&dib_tag=se&m=ANBW5NGGTP7SK&marketplaceID=A39IBJ37TRP1C6&qid=1777193507&refinements=p_36%3A37500-38000&s=merchant-items&sr=1-82&xpid=aYwKknfHDKcCw#customerReviews,Daiwa SW-4350B-NE Wader
B08PCGWV3R,,,,
4886213278,Tankobon Hardcover,379.51,https://www.amazon.com.au/China-archeology-Ronko-ISBN-4886213278/dp/4886213278/ref=sr_1_83?dib=eyJ2IjoiMSJ9.mwU6R0iTvPuKDU_L8KsyxRKMz1tfOUm0wSc7pAhHHKYsiKrpWd_waJ1iq5dqFRy06pLDFcKsOiCXimHtIScPNA.ZW-rPtdMQn7tkUEAVI5N7Hlt0spLIVVHWz92jr88rwc&dib_tag=se&m=ANBW5NGGTP7SK&marketplaceID=A39IBJ37TRP1C6&qid=1777193507&refinements=p_36%3A37500-38000&s=merchant-items&sr=1-83&xpid=aYwKknfHDKcCw,China archeology Ronko (2005) ISBN: 4886213278 [Japanese Import]
4886213278,,,,
4885104319,JP Oversized,378.56,https://www.amazon.com.au/%E8%A7%A3%E5%89%96%E3%81%8B%E3%82%89%E5%AD%A6%E3%81%B6%E5%8F%A3%E8%85%94%E3%82%B1%E3%82%A2%E3%83%BB%E5%8F%A3%E8%85%94%E3%83%AA%E3%83%8F%E3%83%93%E3%83%AA%E3%81%AE%E6%89%8B%E6%8A%80%E3%81%A8%E3%80%81%E3%81%9D%E3%81%AE%E5%AE%9F%E5%8A%9B_%E3%82%AA%E3%83%BC%E3%83%A9%E3%83%AB%E3%83%95%E3%83%AC%E3%82%A4%E3%83%AB%E4%BA%88%E9%98%B2%E3%81%AE%E3%81%9F%E3%82%81%E3%81%AB-%E5%8C%97%E6%9D%91-%E6%B8%85%E4%B8%80%E9%83%8E/dp/4885104319/ref=sr_1_84?dib=eyJ2IjoiMSJ9.mwU6R0iTvPuKDU_L8KsyxRKMz1tfOUm0wSc7pAhHHKYsiKrpWd_waJ1iq5dqFRy06pLDFcKsOiCXimHtIScPNA.ZW-rPtdMQn7tkUEAVI5N7Hlt0spLIVVHWz92jr88rwc&dib_tag=se&m=ANBW5NGGTP7SK&marketplaceID=A39IBJ37TRP1C6&qid=1777193507&refinements=p_36%3A37500-38000&s=merchant-items&sr=1-84&xpid=aYwKknfHDKcCw#customerReviews,解剖から学ぶ口腔ケア・口腔リハビリの手技と、その実力―オーラルフレイル予防のために
4885104319,,,,
B07JKT2FFC,,376.61,https://www.amazon.com.au/Anchor-3371-Engine-Mount-Front/dp/B07JKT2FFC/ref=sr_1_85?dib=eyJ2IjoiMSJ9.mwU6R0iTvPuKDU_L8KsyxRKMz1tfOUm0wSc7pAhHHKYsiKrpWd_waJ1iq5dqFRy06pLDFcKsOiCXimHtIScPNA.ZW-rPtdMQn7tkUEAVI5N7Hlt0spLIVVHWz92jr88rwc&dib_tag=se&m=ANBW5NGGTP7SK&marketplaceID=A39IBJ37TRP1C6&qid=1777193507&refinements=p_36%3A37500-38000&s=merchant-items&sr=1-85&xpid=aYwKknfHDKcCw#customerReviews,Anchor 3371 Engine Mount Front Right & Left
B07JKT2FFC,,,,
4876983917,Tankobon Hardcover,376.23,https://www.amazon.com.au/%E5%B8%82%E6%B0%91%E3%81%AE%E6%A8%A9%E5%88%A9%E3%81%A8%E7%BE%A9%E5%8B%99-%E8%BF%91%E4%BB%A3%E7%A4%BE%E4%BC%9A%E6%80%9D%E6%83%B3%E3%82%B3%E3%83%AC%E3%82%AF%E3%82%B7%E3%83%A7%E3%83%B3-%E3%83%9E%E3%83%96%E3%83%AA/dp/4876983917/ref=sr_1_97?dib=eyJ2IjoiMSJ9.IlV1G_b8T5U0W_EnVyPn4mkqavyhR4EX3WHm-6nRrnl4mPBt9AWANkLOOXhLD_1DaIZ59OvBG58stUBkVgGkPw.iAO1Aj2RNvtCwZ3W9X9EW-rQupZ-lZmK4pJBEB6vC1c&dib_tag=se&m=ANBW5NGGTP7SK&marketplaceID=A39IBJ37TRP1C6&qid=1777193510&refinements=p_36%3A37500-38000&s=merchant-items&sr=1-97&xpid=aYwKknfHDKcCw,市民の権利と義務 (近代社会思想コレクション)
4876983917,,,,
4875263732,Tankobon Hardcover,376.09,https://www.amazon.com.au/%E5%9C%B0%E6%96%B9%E5%85%AC%E5%85%B1%E5%9B%A3%E4%BD%93%E3%81%AB%E3%81%8A%E3%81%91%E3%82%8B%E5%85%AC%E6%96%87%E6%9B%B8%E7%AE%A1%E7%90%86%E5%88%B6%E5%BA%A6%E3%81%AE%E5%BD%A2%E6%88%90_%E7%8F%BE%E7%8A%B6%E3%81%A8%E8%AA%B2%E9%A1%8C/dp/4875263732/ref=sr_1_98?dib=eyJ2IjoiMSJ9.IlV1G_b8T5U0W_EnVyPn4mkqavyhR4EX3WHm-6nRrnl4mPBt9AWANkLOOXhLD_1DaIZ59OvBG58stUBkVgGkPw.iAO1Aj2RNvtCwZ3W9X9EW-rQupZ-lZmK4pJBEB6vC1c&dib_tag=se&m=ANBW5NGGTP7SK&marketplaceID=A39IBJ37TRP1C6&qid=1777193510&refinements=p_36%3A37500-38000&s=merchant-items&sr=1-98&xpid=aYwKknfHDKcCw,地方公共団体における公文書管理制度の形成―現状と課題
4875263732,,,,
B079YCZQQM,,375.08,https://www.amazon.com.au/RIDEA-C-Type-Lever-Blue-147-04842/dp/B079YCZQQM/ref=sr_1_99?dib=eyJ2IjoiMSJ9.IlV1G_b8T5U0W_EnVyPn4mkqavyhR4EX3WHm-6nRrnl4mPBt9AWANkLOOXhLD_1DaIZ59OvBG58stUBkVgGkPw.iAO1Aj2RNvtCwZ3W9X9EW-rQupZ-lZmK4pJBEB6vC1c&dib_tag=se&m=ANBW5NGGTP7SK&marketplaceID=A39IBJ37TRP1C6&qid=1777193510&refinements=p_36%3A37500-38000&s=merchant-items&sr=1-99&xpid=aYwKknfHDKcCw,RIDEA C-Type Lever CNC RH2 Blue 147-04842
B079YCZQQM,,,,
4873764610,Tankobon Hardcover,375.76,https://www.amazon.com.au/%E3%81%82%E3%81%AE%E6%98%A0%E7%94%BB%E3%81%AB%E3%80%81%E3%81%93%E3%81%AE%E9%89%84%E9%81%93-%E5%B7%9D%E6%9C%AC%E4%B8%89%E9%83%8E/dp/4873764610/ref=sr_1_100?dib=eyJ2IjoiMSJ9.IlV1G_b8T5U0W_EnVyPn4mkqavyhR4EX3WHm-6nRrnl4mPBt9AWANkLOOXhLD_1DaIZ59OvBG58stUBkVgGkPw.iAO1Aj2RNvtCwZ3W9X9EW-rQupZ-lZmK4pJBEB6vC1c&dib_tag=se&m=ANBW5NGGTP7SK&marketplaceID=A39IBJ37TRP1C6&qid=1777193510&refinements=p_36%3A37500-38000&s=merchant-items&sr=1-100&xpid=aYwKknfHDKcCw#customerReviews,あの映画に、この鉄道
4873764610,,,,
4873027330,Tankobon Softcover,376.71,https://www.amazon.com.au/%E5%9B%9B%E6%98%8E%E3%81%8B%E3%82%89%E8%95%AA%E6%9D%91%E3%81%B8-%E5%86%A8%E7%94%B0-%E9%8B%BC%E4%B8%80%E9%83%8E/dp/4873027330/ref=sr_1_101?dib=eyJ2IjoiMSJ9.IlV1G_b8T5U0W_EnVyPn4mkqavyhR4EX3WHm-6nRrnl4mPBt9AWANkLOOXhLD_1DaIZ59OvBG58stUBkVgGkPw.iAO1Aj2RNvtCwZ3W9X9EW-rQupZ-lZmK4pJBEB6vC1c&dib_tag=se&m=ANBW5NGGTP7SK&marketplaceID=A39IBJ37TRP1C6&qid=1777193510&refinements=p_36%3A37500-38000&s=merchant-items&sr=1-101&xpid=aYwKknfHDKcCw#customerReviews,四明から蕪村へ
4873027330,,,,
B078YHRC3H,,375.11,https://www.amazon.com.au/RIDEA-C-Type-Lever-CNC-147-04838/dp/B078YHRC3H/ref=sr_1_97?dib=eyJ2IjoiMSJ9.K44P4gkronhr5eLR_31BBgYag6ttKOfBxhP1Kkf7zmJXXBbtTALXLXiXXP4yJHZg_rZBb002M_TpJ4f8KNMc01Wpt0_kMH0tHFnkMGF5SRuMH38YmuRuf3OIIvpQdpJ6Vte_Ru8xPihs5TRMDk7QzkdRIbOx4m-GIookU5W8SdI.Id-d17OTEY8TdbYJHfhS_18-W7CEC3OTuLosB2Ih0Fg&dib_tag=se&m=ANBW5NGGTP7SK&marketplaceID=A39IBJ37TRP1C6&qid=1777193510&refinements=p_36%3A37500-38000&s=merchant-items&sr=1-97&xpid=aYwKknfHDKcCw,RIDEA C-Type Lever CNC RH2 Red 147-04838
B078YHRC3H,,,,
4872426207,JP Oversized,378.03,https://www.amazon.com.au/%E7%82%8E%E8%8A%B8%E8%A1%93No-145_%E8%A6%8B%E3%81%A6%E3%83%BB%E8%B2%B7%E3%81%A3%E3%81%A6%E3%83%BB%E9%99%B6%E8%8A%B8%E3%82%92%E6%A5%BD%E3%81%97%E3%82%80-%E7%89%B9%E9%9B%86-%E5%8A%A0%E5%AE%88%E7%94%B0%E7%AB%A0%E4%BA%8C-%E9%A3%9B%E7%BF%94%E3%81%99%E3%82%8B%E9%BA%92%E9%BA%9F%E5%85%90-2021%E6%98%A5/dp/4872426207/ref=sr_1_98?dib=eyJ2IjoiMSJ9.K44P4gkronhr5eLR_31BBgYag6ttKOfBxhP1Kkf7zmJXXBbtTALXLXiXXP4yJHZg_rZBb002M_TpJ4f8KNMc01Wpt0_kMH0tHFnkMGF5SRuMH38YmuRuf3OIIvpQdpJ6Vte_Ru8xPihs5TRMDk7QzkdRIbOx4m-GIookU5W8SdI.Id-d17OTEY8TdbYJHfhS_18-W7CEC3OTuLosB2Ih0Fg&dib_tag=se&m=ANBW5NGGTP7SK&marketplaceID=A39IBJ37TRP1C6&qid=1777193510&refinements=p_36%3A37500-38000&s=merchant-items&sr=1-98&xpid=aYwKknfHDKcCw#customerReviews,炎芸術No.145―見て・買って・陶芸を楽しむ 特集 加守田章二 飛翔する麒麟児 (2021春)
4872426207,,,,
4872426169,JP Oversized,377.85,https://www.amazon.com.au/%E7%82%8E%E8%8A%B8%E8%A1%93no-141-%E8%A6%8B%E3%81%A6%E3%83%BB%E8%B2%B7%E3%81%A3%E3%81%A6%E3%83%BB%E4%BD%9C%E3%81%A3%E3%81%A6%E9%99%B6%E8%8A%B8%E3%82%92%E6%A5%BD%E3%81%97%E3%82%80-%E7%89%B9%E9%9B%86-%E8%90%A9%E7%84%BC-400%E5%B9%B4%E3%81%AE%E6%AD%B4%E5%8F%B2%E3%81%A8%E7%8F%BE%E5%9C%A8-2020%E6%98%A5/dp/4872426169/ref=sr_1_99?dib=eyJ2IjoiMSJ9.K44P4gkronhr5eLR_31BBgYag6ttKOfBxhP1Kkf7zmJXXBbtTALXLXiXXP4yJHZg_rZBb002M_TpJ4f8KNMc01Wpt0_kMH0tHFnkMGF5SRuMH38YmuRuf3OIIvpQdpJ6Vte_Ru8xPihs5TRMDk7QzkdRIbOx4m-GIookU5W8SdI.Id-d17OTEY8TdbYJHfhS_18-W7CEC3OTuLosB2Ih0Fg&dib_tag=se&m=ANBW5NGGTP7SK&marketplaceID=A39IBJ37TRP1C6&qid=1777193510&refinements=p_36%3A37500-38000&s=merchant-items&sr=1-99&xpid=aYwKknfHDKcCw#customerReviews,炎芸術no.141-見て・買って・作って陶芸を楽しむ 特集:萩焼 400年の歴史と現在 (2020春)
4872426169,,,,
B078YGSKY1,,375.11,https://www.amazon.com.au/RIDEA-C-Type-Lever-Gold-147-04839/dp/B078YGSKY1/ref=sr_1_100?dib=eyJ2IjoiMSJ9.K44P4gkronhr5eLR_31BBgYag6ttKOfBxhP1Kkf7zmJXXBbtTALXLXiXXP4yJHZg_rZBb002M_TpJ4f8KNMc01Wpt0_kMH0tHFnkMGF5SRuMH38YmuRuf3OIIvpQdpJ6Vte_Ru8xPihs5TRMDk7QzkdRIbOx4m-GIookU5W8SdI.Id-d17OTEY8TdbYJHfhS_18-W7CEC3OTuLosB2Ih0Fg&dib_tag=se&m=ANBW5NGGTP7SK&marketplaceID=A39IBJ37TRP1C6&qid=1777193510&refinements=p_36%3A37500-38000&s=merchant-items&sr=1-100&xpid=aYwKknfHDKcCw,RIDEA C-Type Lever CNC RH2 Gold 147-04839
B078YGSKY1,,,,
4872426150,JP Oversized,377.7,https://www.amazon.com.au/%E7%82%8E%E8%8A%B8%E8%A1%93no-140-%E8%A6%8B%E3%81%A6%E3%83%BB%E8%B2%B7%E3%81%A3%E3%81%A6%E3%83%BB%E4%BD%9C%E3%81%A3%E3%81%A6%E3%83%BB%E9%99%B6%E8%8A%B8%E3%82%92%E6%A5%BD%E3%81%97%E3%82%80-%E7%89%B9%E9%9B%86-%E5%A5%B3%E6%80%A7%E9%99%B6%E8%8A%B8%E5%AE%B6%E3%81%AE%E7%91%9E%E3%80%85%E3%81%97%E3%81%84%E5%8A%9B-2019%E5%86%AC/dp/4872426150/ref=sr_1_101?dib=eyJ2IjoiMSJ9.K44P4gkronhr5eLR_31BBgYag6ttKOfBxhP1Kkf7zmJXXBbtTALXLXiXXP4yJHZg_rZBb002M_TpJ4f8KNMc01Wpt0_kMH0tHFnkMGF5SRuMH38YmuRuf3OIIvpQdpJ6Vte_Ru8xPihs5TRMDk7QzkdRIbOx4m-GIookU5W8SdI.Id-d17OTEY8TdbYJHfhS_18-W7CEC3OTuLosB2Ih0Fg&dib_tag=se&m=ANBW5NGGTP7SK&marketplaceID=A39IBJ37TRP1C6&qid=1777193510&refinements=p_36%3A37500-38000&s=merchant-items&sr=1-101&xpid=aYwKknfHDKcCw#customerReviews,炎芸術no.140-見て・買って・作って・陶芸を楽しむ 特集:女性陶芸家の瑞々しい力 (2019冬)
4872426150,,,,
4872425677,JP Oversized,378.18,https://www.amazon.com.au/%E7%89%88%E7%94%BB%E8%8A%B8%E8%A1%93no-191-2021%E6%98%A5-_%E8%A6%8B%E3%81%A6%E3%83%BB%E8%B2%B7%E3%81%A3%E3%81%A6%E3%83%BB%E4%BD%9C%E3%81%A3%E3%81%A6%E3%83%BB%E3%82%A2%E3%83%BC%E3%83%88%E3%82%92%E6%A5%BD%E3%81%97%E3%82%80-191%E5%8F%B7-2021%E5%B9%B4%E6%98%A5%E5%8F%B7/dp/4872425677/ref=sr_1_102?dib=eyJ2IjoiMSJ9.K44P4gkronhr5eLR_31BBgYag6ttKOfBxhP1Kkf7zmJXXBbtTALXLXiXXP4yJHZg_rZBb002M_TpJ4f8KNMc01Wpt0_kMH0tHFnkMGF5SRuMH38YmuRuf3OIIvpQdpJ6Vte_Ru8xPihs5TRMDk7QzkdRIbOx4m-GIookU5W8SdI.Id-d17OTEY8TdbYJHfhS_18-W7CEC3OTuLosB2Ih0Fg&dib_tag=se&m=ANBW5NGGTP7SK&marketplaceID=A39IBJ37TRP1C6&qid=1777193510&refinements=p_36%3A37500-38000&s=merchant-items&sr=1-102&xpid=aYwKknfHDKcCw#customerReviews,版画芸術no.191(2021春)―見て・買って・作って・アートを楽しむ: 191号;2021年春号
4872425677,,,,
4789841863,CD-ROM,375.84,https://www.amazon.com.au/CD-ROM%E7%89%88-Interface-2018/dp/4789841863/ref=sr_1_103?dib=eyJ2IjoiMSJ9.K44P4gkronhr5eLR_31BBgYag6ttKOfBxhP1Kkf7zmJXXBbtTALXLXiXXP4yJHZg_rZBb002M_TpJ4f8KNMc01Wpt0_kMH0tHFnkMGF5SRuMH38YmuRuf3OIIvpQdpJ6Vte_Ru8xPihs5TRMDk7QzkdRIbOx4m-GIookU5W8SdI.Id-d17OTEY8TdbYJHfhS_18-W7CEC3OTuLosB2Ih0Fg&dib_tag=se&m=ANBW5NGGTP7SK&marketplaceID=A39IBJ37TRP1C6&qid=1777193510&refinements=p_36%3A37500-38000&s=merchant-items&sr=1-103&xpid=aYwKknfHDKcCw#customerReviews,CD-ROM版 Interface 2018
4789841863,,,,
4872424514,Tankobon Softcover,376.49,https://www.amazon.com.au/%E9%99%B6%E8%8A%B8%E3%81%AE%E6%8A%80%E6%B3%95%E3%82%92%E5%AD%A6%E3%81%BC%E3%81%86-%E9%99%B6%E8%8A%B8%E5%AE%9F%E8%B7%B5%E8%AC%9B%E5%BA%A7-%E7%82%8E%E8%8A%B8%E8%A1%93/dp/4872424514/ref=sr_1_104?dib=eyJ2IjoiMSJ9.K44P4gkronhr5eLR_31BBgYag6ttKOfBxhP1Kkf7zmJXXBbtTALXLXiXXP4yJHZg_rZBb002M_TpJ4f8KNMc01Wpt0_kMH0tHFnkMGF5SRuMH38YmuRuf3OIIvpQdpJ6Vte_Ru8xPihs5TRMDk7QzkdRIbOx4m-GIookU5W8SdI.Id-d17OTEY8TdbYJHfhS_18-W7CEC3OTuLosB2Ih0Fg&dib_tag=se&m=ANBW5NGGTP7SK&marketplaceID=A39IBJ37TRP1C6&qid=1777193510&refinements=p_36%3A37500-38000&s=merchant-items&sr=1-104&xpid=aYwKknfHDKcCw#customerReviews,陶芸の技法を学ぼう (陶芸実践講座)
4872424514,,,,
4870712008,Tankobon Hardcover,378.71,https://www.amazon.com.au/%E8%B6%85%E5%85%A5%E9%96%80-%E5%BB%BA%E7%AF%89%E6%B3%95%E8%A6%8F-%E7%AC%AC%E5%9B%9B%E7%89%88-%E6%B0%B8%E4%BA%95%E5%AD%9D%E4%BF%9D/dp/4870712008/ref=sr_1_105?dib=eyJ2IjoiMSJ9.K44P4gkronhr5eLR_31BBgYag6ttKOfBxhP1Kkf7zmJXXBbtTALXLXiXXP4yJHZg_rZBb002M_TpJ4f8KNMc01Wpt0_kMH0tHFnkMGF5SRuMH38YmuRuf3OIIvpQdpJ6Vte_Ru8xPihs5TRMDk7QzkdRIbOx4m-GIookU5W8SdI.Id-d17OTEY8TdbYJHfhS_18-W7CEC3OTuLosB2Ih0Fg&dib_tag=se&m=ANBW5NGGTP7SK&marketplaceID=A39IBJ37TRP1C6&qid=1777193510&refinements=p_36%3A37500-38000&s=merchant-items&sr=1-105&xpid=aYwKknfHDKcCw#customerReviews,超入門 建築法規(第四版)
4870712008,,,,
B07XCYJ153,,375.95,https://www.amazon.com.au/Inside-Out-Pre-Curved-Fingers-Waterski-XX-Large/dp/B07XCYJ153/ref=sr_1_106?dib=eyJ2IjoiMSJ9.K44P4gkronhr5eLR_31BBgYag6ttKOfBxhP1Kkf7zmJXXBbtTALXLXiXXP4yJHZg_rZBb002M_TpJ4f8KNMc01Wpt0_kMH0tHFnkMGF5SRuMH38YmuRuf3OIIvpQdpJ6Vte_Ru8xPihs5TRMDk7QzkdRIbOx4m-GIookU5W8SdI.Id-d17OTEY8TdbYJHfhS_18-W7CEC3OTuLosB2Ih0Fg&dib_tag=se&m=ANBW5NGGTP7SK&marketplaceID=A39IBJ37TRP1C6&qid=1777193510&refinements=p_36%3A37500-38000&s=merchant-items&sr=1-106&xpid=aYwKknfHDKcCw#customerReviews,Radar Men's Vice Inside-Out Pre-Curved Fingers Amara Palm Waterski Gloves
B07XCYJ153,,,,
4870515350,Tankobon Hardcover,375.61,https://www.amazon.com.au/%E3%81%AE%E3%81%B3%E3%81%AE%E3%81%B3%E5%8D%9A%E5%A3%AB%E3%81%AE%E3%83%8F%E3%83%83%E3%83%94%E3%83%BC%E3%81%8A%E8%AA%95%E7%94%9F%E4%BC%9A-%E6%98%A5%E5%A4%8F%E7%B7%A8-3%E6%9C%88-8%E6%9C%88-%E3%83%90%E3%83%A9%E3%82%A8%E3%83%86%E3%82%A3-%E8%97%A4%E5%8E%9F-%E9%82%A6%E6%81%AD/dp/4870515350/ref=sr_1_107?dib=eyJ2IjoiMSJ9.K44P4gkronhr5eLR_31BBgYag6ttKOfBxhP1Kkf7zmJXXBbtTALXLXiXXP4yJHZg_rZBb002M_TpJ4f8KNMc01Wpt0_kMH0tHFnkMGF5SRuMH38YmuRuf3OIIvpQdpJ6Vte_Ru8xPihs5TRMDk7QzkdRIbOx4m-GIookU5W8SdI.Id-d17OTEY8TdbYJHfhS_18-W7CEC3OTuLosB2Ih0Fg&dib_tag=se&m=ANBW5NGGTP7SK&marketplaceID=A39IBJ37TRP1C6&qid=1777193510&refinements=p_36%3A37500-38000&s=merchant-items&sr=1-107&xpid=aYwKknfHDKcCw#customerReviews,のびのび博士のハッピーお誕生会 春夏編(3月~8月) ([バラエティ])
4870515350,,,,
4866921307,Tankobon Softcover,375.61,https://www.amazon.com.au/%E4%BA%8B%E4%BE%8B%E3%81%AB%E5%AD%A6%E3%81%B6%E5%9C%B0%E5%9F%9F%E3%81%A5%E3%81%8F%E3%82%8A-%E6%BE%A4-%E4%BF%8A%E6%99%B4/dp/4866921307/ref=sr_1_113?dib=eyJ2IjoiMSJ9.Lwp1hDI0lBb5mDD8Z_ImRdgm0NlI5vYjF5EwlKdyz_UZA6rhzpfG-0ubIdgGguJM5AzsiS4l-zdIFUp03VrNlg.02_wIFZnwHjwv2SNgGfrEOwx8frdJ_c3Lb9vYUBtX64&dib_tag=se&m=ANBW5NGGTP7SK&marketplaceID=A39IBJ37TRP1C6&qid=1777193516&refinements=p_36%3A37500-38000&s=merchant-items&sr=1-113&xpid=aYwKknfHDKcCw#customerReviews,事例に学ぶ地域づくり
4866921307,,,,
B009ZC91YU,,378.0,https://www.amazon.com.au/Gullwing-Sidewinder-Truck-Silver-9-Inch/dp/B009ZC91YU/ref=sr_1_114?dib=eyJ2IjoiMSJ9.Lwp1hDI0lBb5mDD8Z_ImRdgm0NlI5vYjF5EwlKdyz_UZA6rhzpfG-0ubIdgGguJM5AzsiS4l-zdIFUp03VrNlg.02_wIFZnwHjwv2SNgGfrEOwx8frdJ_c3Lb9vYUBtX64&dib_tag=se&m=ANBW5NGGTP7SK&marketplaceID=A39IBJ37TRP1C6&qid=1777193516&refinements=p_36%3A37500-38000&s=merchant-items&sr=1-114&xpid=aYwKknfHDKcCw#customerReviews,Gullwing Sidewinder II Longboard/Skateboard Trucks Set of 2
B009ZC91YU,,,,
4866560851,Tankobon Softcover,376.01,https://www.amazon.com.au/%E8%8A%B1%E3%81%AB%E9%A2%A8-%E6%9E%97%E8%8A%99%E7%BE%8E%E5%AD%90%E3%81%AE%E7%94%9F%E6%B6%AF-%E5%AE%AE%E7%94%B0-%E4%BF%8A%E8%A1%8C/dp/4866560851/ref=sr_1_115?dib=eyJ2IjoiMSJ9.Lwp1hDI0lBb5mDD8Z_ImRdgm0NlI5vYjF5EwlKdyz_UZA6rhzpfG-0ubIdgGguJM5AzsiS4l-zdIFUp03VrNlg.02_wIFZnwHjwv2SNgGfrEOwx8frdJ_c3Lb9vYUBtX64&dib_tag=se&m=ANBW5NGGTP7SK&marketplaceID=A39IBJ37TRP1C6&qid=1777193516&refinements=p_36%3A37500-38000&s=merchant-items&sr=1-115&xpid=aYwKknfHDKcCw#customerReviews,花に風 林芙美子の生涯
4866560851,,,,
4866560827,Tankobon Softcover,379.7,https://www.amazon.com.au/%E5%8F%A4%E5%9C%B0%E5%9B%B3%E3%81%AE%E4%B8%AD%E3%81%AE%E7%A6%8F%E5%B2%A1%E3%83%BB%E5%8D%9A%E5%A4%9A-1800%E5%B9%B4%E9%A0%83%E3%81%AE%E7%94%BA%E4%B8%A6%E3%81%BF-%E5%AE%AE%E5%B4%8E-%E5%85%8B%E5%85%B8/dp/4866560827/ref=sr_1_116?dib=eyJ2IjoiMSJ9.Lwp1hDI0lBb5mDD8Z_ImRdgm0NlI5vYjF5EwlKdyz_UZA6rhzpfG-0ubIdgGguJM5AzsiS4l-zdIFUp03VrNlg.02_wIFZnwHjwv2SNgGfrEOwx8frdJ_c3Lb9vYUBtX64&dib_tag=se&m=ANBW5NGGTP7SK&marketplaceID=A39IBJ37TRP1C6&qid=1777193516&refinements=p_36%3A37500-38000&s=merchant-items&sr=1-116&xpid=aYwKknfHDKcCw#customerReviews,古地図の中の福岡・博多: 1800年頃の町並み
4866560827,,,,
B08BF4R62L,,377.02,https://www.amazon.com.au/SHIMANO-Deore-12-Speed-Bicycle-Crank/dp/B08BF4R62L/ref=sr_1_117?dib=eyJ2IjoiMSJ9.Lwp1hDI0lBb5mDD8Z_ImRdgm0NlI5vYjF5EwlKdyz_UZA6rhzpfG-0ubIdgGguJM5AzsiS4l-zdIFUp03VrNlg.02_wIFZnwHjwv2SNgGfrEOwx8frdJ_c3Lb9vYUBtX64&dib_tag=se&m=ANBW5NGGTP7SK&marketplaceID=A39IBJ37TRP1C6&qid=1777193516&refinements=p_36%3A37500-38000&s=merchant-items&sr=1-117&xpid=aYwKknfHDKcCw#customerReviews,SHIMANO Deore Rear 12-Speed Bicycle Crank Set - FC-M6100-1 (Black - 170MM 30T - for Chain LINE 52MM)
B08BF4R62L,,,,
4866460636,Mook,376.71,https://www.amazon.com.au/%E5%92%8C%E5%B8%83%E3%81%A8%E6%89%8B%E4%BD%9C%E3%82%8A-%E7%AC%AC11%E5%8F%B7-MUSASHI-MOOK/dp/4866460636/ref=sr_1_113?dib=eyJ2IjoiMSJ9._iffvVD5bY5cnBqtSDpwMzRy2VuSADIQlphv86sTq6_2jRYhT5OO2Wo3kM1EGGsqJNBWGOFMntX6HlOn0HY3PMfM8dwvfePCvUMKZSYd404mVqKVKi06-pAFMbx7nMLdVbfGyKIuMFlA96Ov-tNhLh8w1MMef1k3WtE4sy9fpEQ.r31jPw34w049MFihEqEYajuzh4wInQR2NUXdhICMDws&dib_tag=se&m=ANBW5NGGTP7SK&marketplaceID=A39IBJ37TRP1C6&qid=1777193516&refinements=p_36%3A37500-38000&s=merchant-items&sr=1-113&xpid=aYwKknfHDKcCw#customerReviews,和布と手作り 第11号 (MUSASHI MOOK)
4866460636,,,,
4866460598,Mook,376.64,https://www.amazon.com.au/%E5%92%8C%E5%B8%83%E3%81%A8%E6%89%8B%E4%BD%9C%E3%82%8A-%E7%AC%AC10%E5%8F%B7-MUSASHI-MOOK/dp/4866460598/ref=sr_1_114?dib=eyJ2IjoiMSJ9._iffvVD5bY5cnBqtSDpwMzRy2VuSADIQlphv86sTq6_2jRYhT5OO2Wo3kM1EGGsqJNBWGOFMntX6HlOn0HY3PMfM8dwvfePCvUMKZSYd404mVqKVKi06-pAFMbx7nMLdVbfGyKIuMFlA96Ov-tNhLh8w1MMef1k3WtE4sy9fpEQ.r31jPw34w049MFihEqEYajuzh4wInQR2NUXdhICMDws&dib_tag=se&m=ANBW5NGGTP7SK&marketplaceID=A39IBJ37TRP1C6&qid=1777193516&refinements=p_36%3A37500-38000&s=merchant-items&sr=1-114&xpid=aYwKknfHDKcCw#customerReviews,和布と手作り 第10号 (MUSASHI MOOK)
4866460598,,,,
B00VNOBNPS,,375.77,https://www.amazon.com.au/SARGENT-Tools-1008-Parallel-Action/dp/B00VNOBNPS/ref=sr_1_115?dib=eyJ2IjoiMSJ9._iffvVD5bY5cnBqtSDpwMzRy2VuSADIQlphv86sTq6_2jRYhT5OO2Wo3kM1EGGsqJNBWGOFMntX6HlOn0HY3PMfM8dwvfePCvUMKZSYd404mVqKVKi06-pAFMbx7nMLdVbfGyKIuMFlA96Ov-tNhLh8w1MMef1k3WtE4sy9fpEQ.r31jPw34w049MFihEqEYajuzh4wInQR2NUXdhICMDws&dib_tag=se&m=ANBW5NGGTP7SK&marketplaceID=A39IBJ37TRP1C6&qid=1777193516&refinements=p_36%3A37500-38000&s=merchant-items&sr=1-115&xpid=aYwKknfHDKcCw,"SARGENT Tools 1008 8"" Parallel Action Flat Nose Pliers"
B00VNOBNPS,,,,
4866412941,Tankobon Hardcover,376.31,https://www.amazon.com.au/%E5%80%AD%E8%AA%9E%E8%AB%96-%E2%94%80%E5%8D%91%E5%BD%8C%E5%91%BC%E3%81%AE%E8%A8%80%E8%AA%9E%E3%81%AE%E8%A7%A3%E8%AA%AD%E3%83%AC%E3%83%9D%E3%83%BC%E3%83%88%E2%94%80-%E8%B2%AB%E5%90%8D-%E5%BA%B7%E4%B9%8B/dp/4866412941/ref=sr_1_116?dib=eyJ2IjoiMSJ9._iffvVD5bY5cnBqtSDpwMzRy2VuSADIQlphv86sTq6_2jRYhT5OO2Wo3kM1EGGsqJNBWGOFMntX6HlOn0HY3PMfM8dwvfePCvUMKZSYd404mVqKVKi06-pAFMbx7nMLdVbfGyKIuMFlA96Ov-tNhLh8w1MMef1k3WtE4sy9fpEQ.r31jPw34w049MFihEqEYajuzh4wInQR2NUXdhICMDws&dib_tag=se&m=ANBW5NGGTP7SK&marketplaceID=A39IBJ37TRP1C6&qid=1777193516&refinements=p_36%3A37500-38000&s=merchant-items&sr=1-116&xpid=aYwKknfHDKcCw#customerReviews,倭語論 ─卑彌呼の言語の解読レポート─
4866412941,,,,
4865812407,Tankobon Softcover,376.01,https://www.amazon.com.au/%E6%97%A5%E6%9C%AC%E3%82%92%E6%8F%BA%E3%82%8B%E3%81%8C%E3%81%97%E3%81%9F%E4%B8%89%E5%B7%A8%E9%A0%AD-_%E9%BB%92%E5%B9%95%E3%83%BB%E6%94%BF%E5%95%86%E3%83%BB%E5%AE%B0%E7%9B%B8-%E5%A4%A7%E4%B8%8B-%E8%8B%B1%E6%B2%BB/dp/4865812407/ref=sr_1_117?dib=eyJ2IjoiMSJ9._iffvVD5bY5cnBqtSDpwMzRy2VuSADIQlphv86sTq6_2jRYhT5OO2Wo3kM1EGGsqJNBWGOFMntX6HlOn0HY3PMfM8dwvfePCvUMKZSYd404mVqKVKi06-pAFMbx7nMLdVbfGyKIuMFlA96Ov-tNhLh8w1MMef1k3WtE4sy9fpEQ.r31jPw34w049MFihEqEYajuzh4wInQR2NUXdhICMDws&dib_tag=se&m=ANBW5NGGTP7SK&marketplaceID=A39IBJ37TRP1C6&qid=1777193516&refinements=p_36%3A37500-38000&s=merchant-items&sr=1-117&xpid=aYwKknfHDKcCw#customerReviews,日本を揺るがした三巨頭 ―黒幕・政商・宰相
4865812407,,,,
B07VGM2PP3,,375.17,https://www.amazon.com.au/Shimano-CIS150HGB-Caius-150B-7-2/dp/B07VGM2PP3/ref=sr_1_118?dib=eyJ2IjoiMSJ9._iffvVD5bY5cnBqtSDpwMzRy2VuSADIQlphv86sTq6_2jRYhT5OO2Wo3kM1EGGsqJNBWGOFMntX6HlOn0HY3PMfM8dwvfePCvUMKZSYd404mVqKVKi06-pAFMbx7nMLdVbfGyKIuMFlA96Ov-tNhLh8w1MMef1k3WtE4sy9fpEQ.r31jPw34w049MFihEqEYajuzh4wInQR2NUXdhICMDws&dib_tag=se&m=ANBW5NGGTP7SK&marketplaceID=A39IBJ37TRP1C6&qid=1777193516&refinements=p_36%3A37500-38000&s=merchant-items&sr=1-118&xpid=aYwKknfHDKcCw#customerReviews,SHIMANO Caius Baitcast Fishing Reel
B07VGM2PP3,,,,
4865781803,Tankobon Hardcover,376.56,https://www.amazon.com.au/%E9%81%BA%E8%A8%80-%E3%80%94%E6%96%83%E3%82%8C%E3%81%A6%E3%81%AE%E3%81%A1%E5%85%83%E3%81%BE%E3%82%8B%E3%80%95-%E3%80%88%E5%A2%97%E8%A3%9C%E6%96%B0%E7%89%88%E3%80%89-%E9%B6%B4%E8%A6%8B-%E5%92%8C%E5%AD%90/dp/4865781803/ref=sr_1_119?dib=eyJ2IjoiMSJ9._iffvVD5bY5cnBqtSDpwMzRy2VuSADIQlphv86sTq6_2jRYhT5OO2Wo3kM1EGGsqJNBWGOFMntX6HlOn0HY3PMfM8dwvfePCvUMKZSYd404mVqKVKi06-pAFMbx7nMLdVbfGyKIuMFlA96Ov-tNhLh8w1MMef1k3WtE4sy9fpEQ.r31jPw34w049MFihEqEYajuzh4wInQR2NUXdhICMDws&dib_tag=se&m=ANBW5NGGTP7SK&marketplaceID=A39IBJ37TRP1C6&qid=1777193516&refinements=p_36%3A37500-38000&s=merchant-items&sr=1-119&xpid=aYwKknfHDKcCw#customerReviews,遺言 〔斃れてのち元まる〕 〈増補新版〉
4865781803,,,,
4865621067,JP Oversized,379.7,https://www.amazon.com.au/%E3%81%84%E3%81%AE%E3%81%A1-%E6%84%9B%E3%81%A8%E7%B5%86-%E8%A7%92-%E5%92%8C%E5%85%B8/dp/4865621067/ref=sr_1_120?dib=eyJ2IjoiMSJ9._iffvVD5bY5cnBqtSDpwMzRy2VuSADIQlphv86sTq6_2jRYhT5OO2Wo3kM1EGGsqJNBWGOFMntX6HlOn0HY3PMfM8dwvfePCvUMKZSYd404mVqKVKi06-pAFMbx7nMLdVbfGyKIuMFlA96Ov-tNhLh8w1MMef1k3WtE4sy9fpEQ.r31jPw34w049MFihEqEYajuzh4wInQR2NUXdhICMDws&dib_tag=se&m=ANBW5NGGTP7SK&marketplaceID=A39IBJ37TRP1C6&qid=1777193516&refinements=p_36%3A37500-38000&s=merchant-items&sr=1-120&xpid=aYwKknfHDKcCw#customerReviews,いのち -愛と絆-
4865621067,,,,
4865271031,Mook,377.04,https://www.amazon.com.au/%E4%BF%A1%E5%B7%9E%E3%81%AE%E5%BB%BA%E7%AF%89%E5%AE%B6%E3%81%A8%E3%81%A4%E3%81%8F%E3%82%8B%E5%AE%B615/dp/4865271031/ref=sr_1_121?dib=eyJ2IjoiMSJ9._iffvVD5bY5cnBqtSDpwMzRy2VuSADIQlphv86sTq6_2jRYhT5OO2Wo3kM1EGGsqJNBWGOFMntX6HlOn0HY3PMfM8dwvfePCvUMKZSYd404mVqKVKi06-pAFMbx7nMLdVbfGyKIuMFlA96Ov-tNhLh8w1MMef1k3WtE4sy9fpEQ.r31jPw34w049MFihEqEYajuzh4wInQR2NUXdhICMDws&dib_tag=se&m=ANBW5NGGTP7SK&marketplaceID=A39IBJ37TRP1C6&qid=1777193516&refinements=p_36%3A37500-38000&s=merchant-items&sr=1-121&xpid=aYwKknfHDKcCw#customerReviews,信州の建築家とつくる家15
4865271031,,,,
4865135529,Tankobon Hardcover,376.23,https://www.amazon.com.au/%E3%82%A2%E3%83%AB%E3%83%84%E3%83%8F%E3%82%A4%E3%83%9E%E3%83%BC%E7%97%85%E3%82%92%E9%98%B2%E3%81%90%E9%A3%9F%E4%BA%8B-%E6%9C%80%E5%85%88%E7%AB%AF%E3%81%AE%E6%89%8B%E5%BC%95%E3%81%8D-%E3%83%AA%E3%83%81%E3%83%A3%E3%83%BC%E3%83%89%E3%83%BBS-%E3%82%A4%E3%82%B5%E3%82%AF%E3%82%BD%E3%83%B3/dp/4865135529/ref=sr_1_122?dib=eyJ2IjoiMSJ9._iffvVD5bY5cnBqtSDpwMzRy2VuSADIQlphv86sTq6_2jRYhT5OO2Wo3kM1EGGsqJNBWGOFMntX6HlOn0HY3PMfM8dwvfePCvUMKZSYd404mVqKVKi06-pAFMbx7nMLdVbfGyKIuMFlA96Ov-tNhLh8w1MMef1k3WtE4sy9fpEQ.r31jPw34w049MFihEqEYajuzh4wInQR2NUXdhICMDws&dib_tag=se&m=ANBW5NGGTP7SK&marketplaceID=A39IBJ37TRP1C6&qid=1777193516&refinements=p_36%3A37500-38000&s=merchant-items&sr=1-122&xpid=aYwKknfHDKcCw#customerReviews,アルツハイマー病を防ぐ食事 最先端の手引き
4865135529,,,,
B07B8L3NHX,,379.17,https://www.amazon.com.au/Original-Character-Statue-Oshitsuke-Rocket/dp/B07B8L3NHX/ref=sr_1_123?dib=eyJ2IjoiMSJ9._iffvVD5bY5cnBqtSDpwMzRy2VuSADIQlphv86sTq6_2jRYhT5OO2Wo3kM1EGGsqJNBWGOFMntX6HlOn0HY3PMfM8dwvfePCvUMKZSYd404mVqKVKi06-pAFMbx7nMLdVbfGyKIuMFlA96Ov-tNhLh8w1MMef1k3WtE4sy9fpEQ.r31jPw34w049MFihEqEYajuzh4wInQR2NUXdhICMDws&dib_tag=se&m=ANBW5NGGTP7SK&marketplaceID=A39IBJ37TRP1C6&qid=1777193516&refinements=p_36%3A37500-38000&s=merchant-items&sr=1-123&xpid=aYwKknfHDKcCw,Original Character Statue 1/6 Oshitsuke 26 cm Rocket
4864868492,JP Oversized,375.51,https://www.amazon.com.au/2022%E5%B9%B4-%E5%80%8B%E5%88%A5%E8%A8%88%E7%AE%97%E5%95%8F%E9%A1%8C%E9%9B%86-%E7%A8%8E%E7%90%86%E5%A3%AB%E5%8F%97%E9%A8%93%E5%AF%BE%E7%AD%96%E3%82%B7%E3%83%AA%E3%83%BC%E3%82%BA-%E8%B3%87%E6%A0%BC%E3%81%AE%E5%A4%A7%E5%8E%9F-%E7%A8%8E%E7%90%86%E5%A3%AB%E8%AC%9B%E5%BA%A7/dp/4864868492/ref=sr_1_129?dib=eyJ2IjoiMSJ9.bGeArU54QqBxePub4uScMnvijZw0EfxCwDs0lnw8xW39RnaMk8dBtqsAMY_htglUlZo6rNbakgQd5MhY9-WT8w.KP_VRljbNgZl6JiQ2Ht14Mn-O12TpseEcpVikzPtGBs&dib_tag=se&m=ANBW5NGGTP7SK&marketplaceID=A39IBJ37TRP1C6&qid=1777193521&refinements=p_36%3A37500-38000&s=merchant-items&sr=1-129&xpid=aYwKknfHDKcCw#customerReviews,2022年 法人税法 個別計算問題集 (税理士受験対策シリーズ)
4864868492,,,,
4864719926,Tankobon Softcover,375.9,https://www.amazon.com.au/%E3%83%88%E3%83%A9%E3%83%B3%E3%83%97%E5%A4%A7%E7%B5%B1%E9%A0%98vs%E4%B8%AD%E5%9B%BD%E5%85%B1%E7%94%A3%E5%85%9A-%E7%B1%B3%E5%9B%BD%E4%B9%97%E3%81%A3%E5%8F%96%E3%82%8A%E5%A4%A7%E6%94%BB%E9%98%B2%E6%88%A6-%E9%B3%B4%E9%9C%9E/dp/4864719926/ref=sr_1_130?dib=eyJ2IjoiMSJ9.bGeArU54QqBxePub4uScMnvijZw0EfxCwDs0lnw8xW39RnaMk8dBtqsAMY_htglUlZo6rNbakgQd5MhY9-WT8w.KP_VRljbNgZl6JiQ2Ht14Mn-O12TpseEcpVikzPtGBs&dib_tag=se&m=ANBW5NGGTP7SK&marketplaceID=A39IBJ37TRP1C6&qid=1777193521&refinements=p_36%3A37500-38000&s=merchant-items&sr=1-130&xpid=aYwKknfHDKcCw#customerReviews,トランプ大統領vs中国共産党 米国乗っ取り大攻防戦
4864719926,,,,
B06ZZ31GR1,,378.14,https://www.amazon.com.au/AVHM10-BK-WICOM-Aviation-Headset-Black/dp/B06ZZ31GR1/ref=sr_1_131?dib=eyJ2IjoiMSJ9.bGeArU54QqBxePub4uScMnvijZw0EfxCwDs0lnw8xW39RnaMk8dBtqsAMY_htglUlZo6rNbakgQd5MhY9-WT8w.KP_VRljbNgZl6JiQ2Ht14Mn-O12TpseEcpVikzPtGBs&dib_tag=se&m=ANBW5NGGTP7SK&marketplaceID=A39IBJ37TRP1C6&qid=1777193521&refinements=p_36%3A37500-38000&s=merchant-items&sr=1-131&xpid=aYwKknfHDKcCw,Aviation Headset - Black
B06ZZ31GR1,,,,
4864541493,Tankobon Softcover,375.9,https://www.amazon.com.au/%E3%83%8A%E3%83%81%E3%83%A5%E3%83%A9%E3%83%AB%E8%8B%B1%E8%AA%9E%E3%82%92%E7%B5%B6%E5%AF%BE%E8%81%9E%E3%81%8D%E5%8F%96%E3%82%8B-5%E6%AE%B5%E5%A4%89%E9%80%9F%E3%83%AA%E3%82%B9%E3%83%8B%E3%83%B3%E3%82%B0%E5%AE%8C%E5%85%A8%E3%83%9E%E3%82%B9%E3%82%BF%E3%83%BC-%E6%96%B0%E7%94%B0-%E6%99%B4%E5%BD%A6/dp/4864541493/ref=sr_1_132?dib=eyJ2IjoiMSJ9.bGeArU54QqBxePub4uScMnvijZw0EfxCwDs0lnw8xW39RnaMk8dBtqsAMY_htglUlZo6rNbakgQd5MhY9-WT8w.KP_VRljbNgZl6JiQ2Ht14Mn-O12TpseEcpVikzPtGBs&dib_tag=se&m=ANBW5NGGTP7SK&marketplaceID=A39IBJ37TRP1C6&qid=1777193521&refinements=p_36%3A37500-38000&s=merchant-items&sr=1-132&xpid=aYwKknfHDKcCw#customerReviews,ナチュラル英語を絶対聞き取る! 5段変速リスニング完全マスター
4864541493,,,,
4864354596,Tankobon Softcover,375.68,https://www.amazon.com.au/%E5%AE%AE%E6%BE%A4%E8%B3%A2%E6%B2%BB%E3%83%BB%E4%B8%AD%E5%8E%9F%E4%B8%AD%E4%B9%9F%E3%83%BB%E9%87%91%E5%AD%90%E3%81%BF%E3%81%99%E3%82%9E-%E6%9C%AB%E5%8E%9F-%E6%AD%A3%E5%BD%A6/dp/4864354596/ref=sr_1_133?dib=eyJ2IjoiMSJ9.bGeArU54QqBxePub4uScMnvijZw0EfxCwDs0lnw8xW39RnaMk8dBtqsAMY_htglUlZo6rNbakgQd5MhY9-WT8w.KP_VRljbNgZl6JiQ2Ht14Mn-O12TpseEcpVikzPtGBs&dib_tag=se&m=ANBW5NGGTP7SK&marketplaceID=A39IBJ37TRP1C6&qid=1777193521&refinements=p_36%3A37500-38000&s=merchant-items&sr=1-133&xpid=aYwKknfHDKcCw,宮澤賢治・中原中也・金子みすゞ
4864354596,,,,
B00PB4T2PY,,377.78,https://www.amazon.com.au/Replacement-Projector-NP17LP-60003127-NP17LP-UM/dp/B00PB4T2PY/ref=sr_1_129?dib=eyJ2IjoiMSJ9.kX_mQhRQvgqyu86oHsp3nlkhkTvEIeNl6CW_wF6vr2Y8k3xjcgUfqp5P0VoH7bm4-LVXGPmUSQ4XKBREL45dsDsVO1AQF-AGO1-6SvKkG3YFDUYbH_k6Zimz9ULk_Wm-SfuEfAWXUdxEEuBeV_EZSsXZ4-gWCKE7Lvwe6rtNB0M.lfjyIC7akrx4B4aiIi2cSd1-OOH0oe1NZZ8HeiE8Ehc&dib_tag=se&m=ANBW5NGGTP7SK&marketplaceID=A39IBJ37TRP1C6&qid=1777193521&refinements=p_36%3A37500-38000&s=merchant-items&sr=1-129&xpid=aYwKknfHDKcCw,"Replacement Projector lamp for NEC NP17LP, 60003127, NP17LP-UM"
B00PB4T2PY,,,,
4864293651,Tankobon Hardcover,376.71,https://www.amazon.com.au/%E7%A4%BE%E4%BC%9A%E7%A6%8F%E7%A5%89%E8%A8%98%E4%BA%8B%E3%83%AF%E3%83%BC%E3%82%AF%E3%83%96%E3%83%83%E3%82%AF/dp/4864293651/ref=sr_1_130?dib=eyJ2IjoiMSJ9.kX_mQhRQvgqyu86oHsp3nlkhkTvEIeNl6CW_wF6vr2Y8k3xjcgUfqp5P0VoH7bm4-LVXGPmUSQ4XKBREL45dsDsVO1AQF-AGO1-6SvKkG3YFDUYbH_k6Zimz9ULk_Wm-SfuEfAWXUdxEEuBeV_EZSsXZ4-gWCKE7Lvwe6rtNB0M.lfjyIC7akrx4B4aiIi2cSd1-OOH0oe1NZZ8HeiE8Ehc&dib_tag=se&m=ANBW5NGGTP7SK&marketplaceID=A39IBJ37TRP1C6&qid=1777193521&refinements=p_36%3A37500-38000&s=merchant-items&sr=1-130&xpid=aYwKknfHDKcCw,社会福祉記事ワークブック
4864293651,,,,
4864172552,Tankobon Hardcover,377.37,https://www.amazon.com.au/%E5%BF%85%E5%8B%9D%E5%90%88%E6%A0%BC-%E5%AE%85%E5%BB%BA%E5%A3%AB%E3%82%AA%E3%83%AA%E3%82%B8%E3%83%8A%E3%83%AB%E5%95%8F%E9%A1%8C%E9%9B%86%E3%80%88%E5%B9%B3%E6%88%9030%E5%B9%B4%E5%BA%A6%E7%89%88%E3%80%89/dp/4864172552/ref=sr_1_131?dib=eyJ2IjoiMSJ9.kX_mQhRQvgqyu86oHsp3nlkhkTvEIeNl6CW_wF6vr2Y8k3xjcgUfqp5P0VoH7bm4-LVXGPmUSQ4XKBREL45dsDsVO1AQF-AGO1-6SvKkG3YFDUYbH_k6Zimz9ULk_Wm-SfuEfAWXUdxEEuBeV_EZSsXZ4-gWCKE7Lvwe6rtNB0M.lfjyIC7akrx4B4aiIi2cSd1-OOH0oe1NZZ8HeiE8Ehc&dib_tag=se&m=ANBW5NGGTP7SK&marketplaceID=A39IBJ37TRP1C6&qid=1777193521&refinements=p_36%3A37500-38000&s=merchant-items&sr=1-131&xpid=aYwKknfHDKcCw#customerReviews,必勝合格 宅建士オリジナル問題集〈平成30年度版〉
4864172552,,,,
B0090O4PMQ,,378.85,https://www.amazon.com.au/Shimano-FC-M640-68-Crank-length/dp/B0090O4PMQ/ref=sr_1_132?dib=eyJ2IjoiMSJ9.kX_mQhRQvgqyu86oHsp3nlkhkTvEIeNl6CW_wF6vr2Y8k3xjcgUfqp5P0VoH7bm4-LVXGPmUSQ4XKBREL45dsDsVO1AQF-AGO1-6SvKkG3YFDUYbH_k6Zimz9ULk_Wm-SfuEfAWXUdxEEuBeV_EZSsXZ4-gWCKE7Lvwe6rtNB0M.lfjyIC7akrx4B4aiIi2cSd1-OOH0oe1NZZ8HeiE8Ehc&dib_tag=se&m=ANBW5NGGTP7SK&marketplaceID=A39IBJ37TRP1C6&qid=1777193521&refinements=p_36%3A37500-38000&s=merchant-items&sr=1-132&xpid=aYwKknfHDKcCw#customerReviews,Shimano Zee FC-M640 Chain Set
B0090O4PMQ,,,,
4864121710,JP Oversized,376.82,https://www.amazon.com.au/%E6%96%B0-%E7%90%86%E7%A7%91%E3%81%AE%E6%8E%88%E6%A5%AD-6%E5%B9%B4-%E6%9C%AC%E8%B3%AA%E3%81%8C%E3%82%8F%E3%81%8B%E3%82%8B-%E3%82%84%E3%82%8A%E3%81%9F%E3%81%8F%E3%81%AA%E3%82%8B/dp/4864121710/ref=sr_1_133?dib=eyJ2IjoiMSJ9.kX_mQhRQvgqyu86oHsp3nlkhkTvEIeNl6CW_wF6vr2Y8k3xjcgUfqp5P0VoH7bm4-LVXGPmUSQ4XKBREL45dsDsVO1AQF-AGO1-6SvKkG3YFDUYbH_k6Zimz9ULk_Wm-SfuEfAWXUdxEEuBeV_EZSsXZ4-gWCKE7Lvwe6rtNB0M.lfjyIC7akrx4B4aiIi2cSd1-OOH0oe1NZZ8HeiE8Ehc&dib_tag=se&m=ANBW5NGGTP7SK&marketplaceID=A39IBJ37TRP1C6&qid=1777193521&refinements=p_36%3A37500-38000&s=merchant-items&sr=1-133&xpid=aYwKknfHDKcCw#customerReviews,新 理科の授業 6年 (本質がわかる やりたくなる): 4
4864121710,,,,
4863715781,Tankobon Hardcover,376.71,https://www.amazon.com.au/%E9%87%8D%E5%BA%A6%E3%83%BB%E9%87%8D%E8%A4%87%E9%9A%9C%E5%AE%B3%E3%81%AE%E5%AD%A6%E7%BF%92%E3%81%A8%E3%81%AF-%E6%A8%8B%E5%8F%A3-%E5%92%8C%E5%BD%A6/dp/4863715781/ref=sr_1_134?dib=eyJ2IjoiMSJ9.kX_mQhRQvgqyu86oHsp3nlkhkTvEIeNl6CW_wF6vr2Y8k3xjcgUfqp5P0VoH7bm4-LVXGPmUSQ4XKBREL45dsDsVO1AQF-AGO1-6SvKkG3YFDUYbH_k6Zimz9ULk_Wm-SfuEfAWXUdxEEuBeV_EZSsXZ4-gWCKE7Lvwe6rtNB0M.lfjyIC7akrx4B4aiIi2cSd1-OOH0oe1NZZ8HeiE8Ehc&dib_tag=se&m=ANBW5NGGTP7SK&marketplaceID=A39IBJ37TRP1C6&qid=1777193521&refinements=p_36%3A37500-38000&s=merchant-items&sr=1-134&xpid=aYwKknfHDKcCw#customerReviews,重度・重複障害の学習とは?
4863715781,,,,
B00I4TEIP2,,377.02,https://www.amazon.com.au/fleet-Collection-event-limited-sleeve/dp/B00I4TEIP2/ref=sr_1_135?dib=eyJ2IjoiMSJ9.kX_mQhRQvgqyu86oHsp3nlkhkTvEIeNl6CW_wF6vr2Y8k3xjcgUfqp5P0VoH7bm4-LVXGPmUSQ4XKBREL45dsDsVO1AQF-AGO1-6SvKkG3YFDUYbH_k6Zimz9ULk_Wm-SfuEfAWXUdxEEuBeV_EZSsXZ4-gWCKE7Lvwe6rtNB0M.lfjyIC7akrx4B4aiIi2cSd1-OOH0oe1NZZ8HeiE8Ehc&dib_tag=se&m=ANBW5NGGTP7SK&marketplaceID=A39IBJ37TRP1C6&qid=1777193521&refinements=p_36%3A37500-38000&s=merchant-items&sr=1-135&xpid=aYwKknfHDKcCw,"Aqr9 ""fleet Collection"" event limited sleeve VerP"
B00I4TEIP2,,,,
4863586779,Tankobon Softcover,376.56,https://www.amazon.com.au/%E5%AE%85%E5%BB%BA%E5%A3%AB%E3%81%A9%E3%81%93%E3%81%A7%E3%82%82%E9%81%8E%E5%8E%BB%E5%95%8F2%E5%AE%85%E5%BB%BA%E6%A5%AD%E6%B3%95%E7%B7%A8-%E6%97%A5%E5%BB%BA%E5%AD%A6%E9%99%A2%E5%AE%85%E5%BB%BA%E5%A3%AB%E4%B8%80%E7%99%BA%E5%90%88%E6%A0%BC-%E3%82%B7%E3%83%AA%E3%83%BC%E3%82%BA-%E6%97%A5%E5%BB%BA%E5%AD%A6%E9%99%A2/dp/4863586779/ref=sr_1_136?dib=eyJ2IjoiMSJ9.kX_mQhRQvgqyu86oHsp3nlkhkTvEIeNl6CW_wF6vr2Y8k3xjcgUfqp5P0VoH7bm4-LVXGPmUSQ4XKBREL45dsDsVO1AQF-AGO1-6SvKkG3YFDUYbH_k6Zimz9ULk_Wm-SfuEfAWXUdxEEuBeV_EZSsXZ4-gWCKE7Lvwe6rtNB0M.lfjyIC7akrx4B4aiIi2cSd1-OOH0oe1NZZ8HeiE8Ehc&dib_tag=se&m=ANBW5NGGTP7SK&marketplaceID=A39IBJ37TRP1C6&qid=1777193521&refinements=p_36%3A37500-38000&s=merchant-items&sr=1-136&xpid=aYwKknfHDKcCw#customerReviews,宅建士どこでも過去問2宅建業法編 (日建学院宅建士一発合格! シリーズ)
4863586779,,,,
4863543204,Tankobon Softcover,377.61,https://www.amazon.com.au/M5%E3%82%B7%E3%83%AA%E3%83%BC%E3%82%BA%E3%81%A7%E6%A5%BD%E3%81%97%E3%82%80%E3%83%AD%E3%83%9C%E3%83%83%E3%83%88%E9%96%8B%E7%99%BA-M5Stack-M5Camera-M5StickC-M5StickV%E5%AF%BE%E5%BF%9C/dp/4863543204/ref=sr_1_137?dib=eyJ2IjoiMSJ9.kX_mQhRQvgqyu86oHsp3nlkhkTvEIeNl6CW_wF6vr2Y8k3xjcgUfqp5P0VoH7bm4-LVXGPmUSQ4XKBREL45dsDsVO1AQF-AGO1-6SvKkG3YFDUYbH_k6Zimz9ULk_Wm-SfuEfAWXUdxEEuBeV_EZSsXZ4-gWCKE7Lvwe6rtNB0M.lfjyIC7akrx4B4aiIi2cSd1-OOH0oe1NZZ8HeiE8Ehc&dib_tag=se&m=ANBW5NGGTP7SK&marketplaceID=A39IBJ37TRP1C6&qid=1777193521&refinements=p_36%3A37500-38000&s=merchant-items&sr=1-137&xpid=aYwKknfHDKcCw#customerReviews,M5シリーズで楽しむロボット開発 M5Stack/M5Camera/M5StickC/M5StickV対応
4863543204,,,,
B00SKC0AF0,,375.65,https://www.amazon.com.au/DAIWA-15-power-Surf-4000QD/dp/B00SKC0AF0/ref=sr_1_138?dib=eyJ2IjoiMSJ9.kX_mQhRQvgqyu86oHsp3nlkhkTvEIeNl6CW_wF6vr2Y8k3xjcgUfqp5P0VoH7bm4-LVXGPmUSQ4XKBREL45dsDsVO1AQF-AGO1-6SvKkG3YFDUYbH_k6Zimz9ULk_Wm-SfuEfAWXUdxEEuBeV_EZSsXZ4-gWCKE7Lvwe6rtNB0M.lfjyIC7akrx4B4aiIi2cSd1-OOH0oe1NZZ8HeiE8Ehc&dib_tag=se&m=ANBW5NGGTP7SK&marketplaceID=A39IBJ37TRP1C6&qid=1777193521&refinements=p_36%3A37500-38000&s=merchant-items&sr=1-138&xpid=aYwKknfHDKcCw#customerReviews,Daiwa Spinning Reel (Throwing/Long Cast) 15 Power Surf QD (2015 Model)
B00SKC0AF0,,,,
4863422334,Tankobon Softcover,375.9,https://www.amazon.com.au/%E4%BB%B2%E9%96%93%E3%81%A8%E3%81%A8%E3%82%82%E3%81%AB%E8%82%B2%E3%81%A1%E3%81%82%E3%81%86%E8%B2%9D%E5%A1%9A%E9%A4%8A%E8%AD%B7%E5%AD%A6%E6%A0%A1-%E7%8C%AA%E7%8B%A9-%E6%81%B5%E7%BE%8E%E5%AD%90/dp/4863422334/ref=sr_1_139?dib=eyJ2IjoiMSJ9.kX_mQhRQvgqyu86oHsp3nlkhkTvEIeNl6CW_wF6vr2Y8k3xjcgUfqp5P0VoH7bm4-LVXGPmUSQ4XKBREL45dsDsVO1AQF-AGO1-6SvKkG3YFDUYbH_k6Zimz9ULk_Wm-SfuEfAWXUdxEEuBeV_EZSsXZ4-gWCKE7Lvwe6rtNB0M.lfjyIC7akrx4B4aiIi2cSd1-OOH0oe1NZZ8HeiE8Ehc&dib_tag=se&m=ANBW5NGGTP7SK&marketplaceID=A39IBJ37TRP1C6&qid=1777193521&refinements=p_36%3A37500-38000&s=merchant-items&sr=1-139&xpid=aYwKknfHDKcCw#customerReviews,仲間とともに育ちあう貝塚養護学校
4863422334,,,,
4863421478,Tankobon Softcover,376.09,https://www.amazon.com.au/%E8%AA%8D%E7%9F%A5%E7%97%87%E3%82%B1%E3%82%A2%E3%81%A8%E4%BA%88%E9%98%B2%E3%81%AB%E5%BD%B9%E7%AB%8B%E3%81%A4%E6%96%99%E7%90%86%E7%99%82%E6%B3%95-%E6%B9%AF%E5%B7%9D-%E5%A4%8F%E5%AD%90/dp/4863421478/ref=sr_1_145?dib=eyJ2IjoiMSJ9.qHenKZ8sdAQ0aIzZFM3l8f7LqhlHbIcjJP9cMjxYLxjCuIdQ3V-_BpUCeC0iv3nn47PzD-dAOe4vlzYrBsu-Lg.Dh2Z8lGAe46ARUys3He6i9Px8vWSUj2pUP_oP_WRKHE&dib_tag=se&m=ANBW5NGGTP7SK&marketplaceID=A39IBJ37TRP1C6&qid=1777193527&refinements=p_36%3A37500-38000&s=merchant-items&sr=1-145&xpid=aYwKknfHDKcCw#customerReviews,認知症ケアと予防に役立つ料理療法
4863421478,,,,
B004YT6R2I,,378.77,https://www.amazon.com.au/Touhou-Project-Kirisame-Matsukura-Kotobukiya/dp/B004YT6R2I/ref=sr_1_146?dib=eyJ2IjoiMSJ9.qHenKZ8sdAQ0aIzZFM3l8f7LqhlHbIcjJP9cMjxYLxjCuIdQ3V-_BpUCeC0iv3nn47PzD-dAOe4vlzYrBsu-Lg.Dh2Z8lGAe46ARUys3He6i9Px8vWSUj2pUP_oP_WRKHE&dib_tag=se&m=ANBW5NGGTP7SK&marketplaceID=A39IBJ37TRP1C6&qid=1777193527&refinements=p_36%3A37500-38000&s=merchant-items&sr=1-146&xpid=aYwKknfHDKcCw#customerReviews,Touhou Project - Kirisame Marisa - 1/8 Scale Nemu Matsukura Ver. by Kotobukiya
4863262973,Tankobon Hardcover,375.76,https://www.amazon.com.au/%E6%AE%8B%E6%A5%AD%E6%99%82%E9%96%93%E5%89%8A%E6%B8%9B%E3%81%AE%E9%80%B2%E3%82%81%E6%96%B9%E3%81%A8%E5%8A%B4%E5%83%8D%E6%99%82%E9%96%93%E7%AE%A1%E7%90%86-%E8%8D%BB%E5%8E%9F-%E5%8B%9D/dp/4863262973/ref=sr_1_147?dib=eyJ2IjoiMSJ9.qHenKZ8sdAQ0aIzZFM3l8f7LqhlHbIcjJP9cMjxYLxjCuIdQ3V-_BpUCeC0iv3nn47PzD-dAOe4vlzYrBsu-Lg.Dh2Z8lGAe46ARUys3He6i9Px8vWSUj2pUP_oP_WRKHE&dib_tag=se&m=ANBW5NGGTP7SK&marketplaceID=A39IBJ37TRP1C6&qid=1777193527&refinements=p_36%3A37500-38000&s=merchant-items&sr=1-147&xpid=aYwKknfHDKcCw#customerReviews,残業時間削減の進め方と労働時間管理
4863262973,,,,
4862795137,Mook,378.18,https://www.amazon.com.au/ROADSTER-BROS-%E3%83%AD%E3%83%BC%E3%83%89%E3%82%B9%E3%82%BF%E3%83%BC%E3%83%96%E3%83%AD%E3%82%B9-Vol-17-Magazine/dp/4862795137/ref=sr_1_148?dib=eyJ2IjoiMSJ9.qHenKZ8sdAQ0aIzZFM3l8f7LqhlHbIcjJP9cMjxYLxjCuIdQ3V-_BpUCeC0iv3nn47PzD-dAOe4vlzYrBsu-Lg.Dh2Z8lGAe46ARUys3He6i9Px8vWSUj2pUP_oP_WRKHE&dib_tag=se&m=ANBW5NGGTP7SK&marketplaceID=A39IBJ37TRP1C6&qid=1777193527&refinements=p_36%3A37500-38000&s=merchant-items&sr=1-148&xpid=aYwKknfHDKcCw#customerReviews,ROADSTER BROS. (ロードスターブロス) Vol.17 (Motor Magazine Mook)
4862795137,,,,
B000FHTHMA,,379.61,https://www.amazon.com.au/Yayoi-sales-slip-334203-japan/dp/B000FHTHMA/ref=sr_1_149?dib=eyJ2IjoiMSJ9.qHenKZ8sdAQ0aIzZFM3l8f7LqhlHbIcjJP9cMjxYLxjCuIdQ3V-_BpUCeC0iv3nn47PzD-dAOe4vlzYrBsu-Lg.Dh2Z8lGAe46ARUys3He6i9Px8vWSUj2pUP_oP_WRKHE&dib_tag=se&m=ANBW5NGGTP7SK&marketplaceID=A39IBJ37TRP1C6&qid=1777193527&refinements=p_36%3A37500-38000&s=merchant-items&sr=1-149&xpid=aYwKknfHDKcCw#customerReviews,Yayoi sales slip (203) 334203 (japan import)
B000FHTHMA,,,,
4862555683,Tankobon Softcover,376.09,https://www.amazon.com.au/%E3%83%95%E3%83%83%E3%83%88%E3%83%9C%E3%83%BC%E3%83%AB%E3%82%AF%E3%83%A9%E3%83%96%E5%93%B2%E5%AD%A6%E5%9B%B3%E9%91%91-%E8%A5%BF%E9%83%A8%E8%AC%99%E5%8F%B8/dp/4862555683/ref=sr_1_145?dib=eyJ2IjoiMSJ9.AVZ8wcFaIiRgliyhOBBn4X4pFOuhBjXKdM4iAgFQUBq3WSSJjlps4hHFbJl-foMJ-HddxHOuAvMnvCUK8wLuNskmfznsuf4vF1wG2zyDK6tP85un0MmmLufCLeriRVs3h0f-Yb9rK8_GNN8xO02efcxD_PUfWXvq6F2YYmx7Bus.td4HtQS8bf9pw3IY9pWl3lzvoPnz6eX1UyLLzihBMnc&dib_tag=se&m=ANBW5NGGTP7SK&marketplaceID=A39IBJ37TRP1C6&qid=1777193527&refinements=p_36%3A37500-38000&s=merchant-items&sr=1-145&xpid=aYwKknfHDKcCw#customerReviews,フットボールクラブ哲学図鑑
4862555683,,,,
4862513840,Tankobon Hardcover,379.37,https://www.amazon.com.au/%E9%9B%A8%E3%83%8B%E3%83%A2%E3%83%9E%E3%82%B1%E3%82%BA-%E5%AE%AE%E6%B2%A2%E8%B3%A2%E6%B2%BB%E5%A4%A7%E6%B4%BB%E5%AD%97%E6%9C%AC%E3%82%B7%E3%83%AA%E3%83%BC%E3%82%BA-6-%E5%AE%AE%E6%B2%A2-%E8%B3%A2%E6%B2%BB/dp/4862513840/ref=sr_1_146?dib=eyJ2IjoiMSJ9.AVZ8wcFaIiRgliyhOBBn4X4pFOuhBjXKdM4iAgFQUBq3WSSJjlps4hHFbJl-foMJ-HddxHOuAvMnvCUK8wLuNskmfznsuf4vF1wG2zyDK6tP85un0MmmLufCLeriRVs3h0f-Yb9rK8_GNN8xO02efcxD_PUfWXvq6F2YYmx7Bus.td4HtQS8bf9pw3IY9pWl3lzvoPnz6eX1UyLLzihBMnc&dib_tag=se&m=ANBW5NGGTP7SK&marketplaceID=A39IBJ37TRP1C6&qid=1777193527&refinements=p_36%3A37500-38000&s=merchant-items&sr=1-146&xpid=aYwKknfHDKcCw#customerReviews,雨ニモマケズ (宮沢賢治大活字本シリーズ): 6
4862513840,,,,
B01N3XJBP8,,377.25,https://www.amazon.com.au/Shimano-C6011-Interior-Premium-Specifications/dp/B01N3XJBP8/ref=sr_1_147?dib=eyJ2IjoiMSJ9.AVZ8wcFaIiRgliyhOBBn4X4pFOuhBjXKdM4iAgFQUBq3WSSJjlps4hHFbJl-foMJ-HddxHOuAvMnvCUK8wLuNskmfznsuf4vF1wG2zyDK6tP85un0MmmLufCLeriRVs3h0f-Yb9rK8_GNN8xO02efcxD_PUfWXvq6F2YYmx7Bus.td4HtQS8bf9pw3IY9pWl3lzvoPnz6eX1UyLLzihBMnc&dib_tag=se&m=ANBW5NGGTP7SK&marketplaceID=A39IBJ37TRP1C6&qid=1777193527&refinements=p_36%3A37500-38000&s=merchant-items&sr=1-147&xpid=aYwKknfHDKcCw,Shimano (Shimano) SG???C6011???V Interior 8S Premium Specifications 32H Old: 132?mm Roller Brake Mounting Be Aware of The Left Waterproof Cap Unit Taking Off to Your Senses Black ksgc60118vbl
B01N3XJBP8,,,,
4861632315,Tankobon Hardcover,378.46,https://www.amazon.com.au/%E3%82%AB%E3%83%B3%E3%83%88%E3%81%8B%E3%82%89%E3%83%98%E3%83%AB%E3%83%80%E3%83%BC%E3%83%AA%E3%83%B3%E3%81%B8_%E3%83%89%E3%82%A4%E3%83%84%E8%BF%91%E4%BB%A3%E6%80%9D%E6%83%B3%E3%81%AE%E8%BC%9D%E3%81%8D%E3%81%A8%E7%BF%B3%E3%82%8A-%E6%88%90%E8%B9%8A%E5%A4%A7%E5%AD%A6%E3%82%A2%E3%82%B8%E3%82%A2%E5%A4%AA%E5%B9%B3%E6%B4%8B%E7%A0%94%E7%A9%B6%E3%82%BB%E3%83%B3%E3%82%BF%E3%83%BC%E5%8F%A2%E6%9B%B8/dp/4861632315/ref=sr_1_148?dib=eyJ2IjoiMSJ9.AVZ8wcFaIiRgliyhOBBn4X4pFOuhBjXKdM4iAgFQUBq3WSSJjlps4hHFbJl-foMJ-HddxHOuAvMnvCUK8wLuNskmfznsuf4vF1wG2zyDK6tP85un0MmmLufCLeriRVs3h0f-Yb9rK8_GNN8xO02efcxD_PUfWXvq6F2YYmx7Bus.td4HtQS8bf9pw3IY9pWl3lzvoPnz6eX1UyLLzihBMnc&dib_tag=se&m=ANBW5NGGTP7SK&marketplaceID=A39IBJ37TRP1C6&qid=1777193527&refinements=p_36%3A37500-38000&s=merchant-items&sr=1-148&xpid=aYwKknfHDKcCw,カントからヘルダーリンへ―ドイツ近代思想の輝きと翳り (成蹊大学アジア太平洋研究センター叢書)
4861632315,,,,
4861327482,JP Oversized,376.42,https://www.amazon.com.au/%E3%83%95%E3%82%A1%E3%82%A4%E3%83%B3%E3%83%80%E3%83%BC%E3%81%AE%E5%90%91%E3%81%93%E3%81%86%E5%81%B4-%EF%BD%9E79-0%E3%81%AE%E6%92%AE%E5%BD%B1%E3%82%A8%E3%83%94%E3%82%BD%E3%83%BC%E3%83%89%EF%BD%9E/dp/4861327482/ref=sr_1_149?dib=eyJ2IjoiMSJ9.AVZ8wcFaIiRgliyhOBBn4X4pFOuhBjXKdM4iAgFQUBq3WSSJjlps4hHFbJl-foMJ-HddxHOuAvMnvCUK8wLuNskmfznsuf4vF1wG2zyDK6tP85un0MmmLufCLeriRVs3h0f-Yb9rK8_GNN8xO02efcxD_PUfWXvq6F2YYmx7Bus.td4HtQS8bf9pw3IY9pWl3lzvoPnz6eX1UyLLzihBMnc&dib_tag=se&m=ANBW5NGGTP7SK&marketplaceID=A39IBJ37TRP1C6&qid=1777193527&refinements=p_36%3A37500-38000&s=merchant-items&sr=1-149&xpid=aYwKknfHDKcCw#customerReviews,ファインダーの向こう側　～79.0の撮影エピソード～
4861327482,,,,
B01IE5I7EI,,375.63,https://www.amazon.com.au/Daiwa-SPARTAN-100SH-RIGHT-HANDLE/dp/B01IE5I7EI/ref=sr_1_150?dib=eyJ2IjoiMSJ9.AVZ8wcFaIiRgliyhOBBn4X4pFOuhBjXKdM4iAgFQUBq3WSSJjlps4hHFbJl-foMJ-HddxHOuAvMnvCUK8wLuNskmfznsuf4vF1wG2zyDK6tP85un0MmmLufCLeriRVs3h0f-Yb9rK8_GNN8xO02efcxD_PUfWXvq6F2YYmx7Bus.td4HtQS8bf9pw3IY9pWl3lzvoPnz6eX1UyLLzihBMnc&dib_tag=se&m=ANBW5NGGTP7SK&marketplaceID=A39IBJ37TRP1C6&qid=1777193527&refinements=p_36%3A37500-38000&s=merchant-items&sr=1-150&xpid=aYwKknfHDKcCw#customerReviews,Daiwa Spartan RT TW Double-Axis Reel 16 (Right/Left Handle) (2016 Model)
B01IE5I7EI,,,,
4861243467,Tankobon Softcover,376.23,https://www.amazon.com.au/%E5%B3%B6%E6%B4%A5%E5%9B%9B%E5%85%84%E5%BC%9F_%E7%BE%A9%E4%B9%85%E3%80%81%E7%BE%A9%E5%BC%98%E3%80%81%E6%AD%B3%E4%B9%85%E3%80%81%E5%AE%B6%E4%B9%85%E3%81%AE%E6%88%A6%E3%81%84_-1-%E6%A0%84%E6%9D%91-%E9%A1%95%E4%B9%85/dp/4861243467/ref=sr_1_151?dib=eyJ2IjoiMSJ9.AVZ8wcFaIiRgliyhOBBn4X4pFOuhBjXKdM4iAgFQUBq3WSSJjlps4hHFbJl-foMJ-HddxHOuAvMnvCUK8wLuNskmfznsuf4vF1wG2zyDK6tP85un0MmmLufCLeriRVs3h0f-Yb9rK8_GNN8xO02efcxD_PUfWXvq6F2YYmx7Bus.td4HtQS8bf9pw3IY9pWl3lzvoPnz6eX1UyLLzihBMnc&dib_tag=se&m=ANBW5NGGTP7SK&marketplaceID=A39IBJ37TRP1C6&qid=1777193527&refinements=p_36%3A37500-38000&s=merchant-items&sr=1-151&xpid=aYwKknfHDKcCw#customerReviews,島津四兄弟―義久、義弘、歳久、家久の戦い―: 1
4861243467,,,,
4861011353,Tankobon Hardcover,375.28,https://www.amazon.com.au/%E3%82%93%E3%81%90%E3%81%BE%E3%83%BC%E3%81%BE-%E8%B0%B7%E5%B7%9D%E4%BF%8A%E5%A4%AA%E9%83%8E%E3%81%95%E3%82%93%E3%81%AE%E3%80%8C%E3%81%82%E3%81%8B%E3%81%A1%E3%82%83%E3%82%93%E3%81%8B%E3%82%89%E7%B5%B5%E6%9C%AC%E3%80%8D-%E8%B0%B7%E5%B7%9D-%E4%BF%8A%E5%A4%AA%E9%83%8E/dp/4861011353/ref=sr_1_152?dib=eyJ2IjoiMSJ9.AVZ8wcFaIiRgliyhOBBn4X4pFOuhBjXKdM4iAgFQUBq3WSSJjlps4hHFbJl-foMJ-HddxHOuAvMnvCUK8wLuNskmfznsuf4vF1wG2zyDK6tP85un0MmmLufCLeriRVs3h0f-Yb9rK8_GNN8xO02efcxD_PUfWXvq6F2YYmx7Bus.td4HtQS8bf9pw3IY9pWl3lzvoPnz6eX1UyLLzihBMnc&dib_tag=se&m=ANBW5NGGTP7SK&marketplaceID=A39IBJ37TRP1C6&qid=1777193527&refinements=p_36%3A37500-38000&s=merchant-items&sr=1-152&xpid=aYwKknfHDKcCw#customerReviews,んぐまーま (谷川俊太郎さんの「あかちゃんから絵本」)
4861011353,,,,
B004BQ27A0,,375.37,https://www.amazon.com.au/Myler-English-Without-Hooks-5-Inch/dp/B004BQ27A0/ref=sr_1_153?dib=eyJ2IjoiMSJ9.AVZ8wcFaIiRgliyhOBBn4X4pFOuhBjXKdM4iAgFQUBq3WSSJjlps4hHFbJl-foMJ-HddxHOuAvMnvCUK8wLuNskmfznsuf4vF1wG2zyDK6tP85un0MmmLufCLeriRVs3h0f-Yb9rK8_GNN8xO02efcxD_PUfWXvq6F2YYmx7Bus.td4HtQS8bf9pw3IY9pWl3lzvoPnz6eX1UyLLzihBMnc&dib_tag=se&m=ANBW5NGGTP7SK&marketplaceID=A39IBJ37TRP1C6&qid=1777193527&refinements=p_36%3A37500-38000&s=merchant-items&sr=1-153&xpid=aYwKknfHDKcCw#customerReviews,Myler 9 English Dee Without Hooks
B004BQ27A0,,,,
4845111357,Tankobon Hardcover,378.62,https://www.amazon.com.au/%E8%B1%8A%E3%81%8B%E3%81%AA%E7%AF%80%E7%B4%84%E6%9A%AE%E3%82%89%E3%81%97_60%E6%AD%B3%E3%81%8B%E3%82%89%E3%81%AE%E3%82%B9%E3%83%AD%E3%83%BC%E3%83%A9%E3%82%A4%E3%83%95/dp/4845111357/ref=sr_1_154?dib=eyJ2IjoiMSJ9.AVZ8wcFaIiRgliyhOBBn4X4pFOuhBjXKdM4iAgFQUBq3WSSJjlps4hHFbJl-foMJ-HddxHOuAvMnvCUK8wLuNskmfznsuf4vF1wG2zyDK6tP85un0MmmLufCLeriRVs3h0f-Yb9rK8_GNN8xO02efcxD_PUfWXvq6F2YYmx7Bus.td4HtQS8bf9pw3IY9pWl3lzvoPnz6eX1UyLLzihBMnc&dib_tag=se&m=ANBW5NGGTP7SK&marketplaceID=A39IBJ37TRP1C6&qid=1777193527&refinements=p_36%3A37500-38000&s=merchant-items&sr=1-154&xpid=aYwKknfHDKcCw,豊かな節約暮らし―60歳からのスローライフ
4845111357,,,,
4843335258,JP Oversized,378.0,https://www.amazon.com.au/%E8%BB%8D%E4%BA%8B%E3%83%9E%E3%82%B7%E3%83%BC%E3%83%B3-%E6%9C%80%E5%85%88%E7%AB%AF%E3%83%93%E3%82%B8%E3%83%A5%E3%82%A2%E3%83%AB%E7%99%BE%E7%A7%91%E3%80%8C%E3%83%A2%E3%83%8E%E3%80%8D%E3%81%AE%E4%BB%95%E7%B5%84%E3%81%BF%E5%9B%B3%E9%91%91/dp/4843335258/ref=sr_1_155?dib=eyJ2IjoiMSJ9.AVZ8wcFaIiRgliyhOBBn4X4pFOuhBjXKdM4iAgFQUBq3WSSJjlps4hHFbJl-foMJ-HddxHOuAvMnvCUK8wLuNskmfznsuf4vF1wG2zyDK6tP85un0MmmLufCLeriRVs3h0f-Yb9rK8_GNN8xO02efcxD_PUfWXvq6F2YYmx7Bus.td4HtQS8bf9pw3IY9pWl3lzvoPnz6eX1UyLLzihBMnc&dib_tag=se&m=ANBW5NGGTP7SK&marketplaceID=A39IBJ37TRP1C6&qid=1777193527&refinements=p_36%3A37500-38000&s=merchant-items&sr=1-155&xpid=aYwKknfHDKcCw,軍事マシーン (最先端ビジュアル百科「モノ」の仕組み図鑑)
4843335258,,,,
B00367Z298,,385.3,https://www.amazon.com.au/UNI-PEX-Yunipekkusu-15W-megaphone-TRM-55A/dp/B00367Z298/ref=sr_1_161?dib=eyJ2IjoiMSJ9.r09NVux1_fh0aUJBm8SEX97jhf6itJYdB2Pdghdm2whJouw3MnDgKalbMVsDK0ZxkHSfni7WDnOjhBHwH5IrvQ.EwybvPPps5jg1qC20jz65YDWtru2K4fAMCoNChQOEX0&dib_tag=se&m=ANBW5NGGTP7SK&marketplaceID=A39IBJ37TRP1C6&qid=1777193533&refinements=p_36%3A37500-38000&s=merchant-items&sr=1-161&xpid=aYwKknfHDKcCw,UNI-PEX Yunipekkusu 15W megaphone TRM-55A
B00367Z298,,,,
4843329703,Tankobon Hardcover,379.95,https://www.amazon.com.au/%E3%82%B3%E3%83%AC%E3%82%AF%E3%82%B7%E3%83%A7%E3%83%B3%E3%83%BB%E3%83%A2%E3%83%80%E3%83%B3%E9%83%BD%E5%B8%82%E6%96%87%E5%8C%96%E3%80%88%E7%AC%AC58%E5%B7%BB%E3%80%89%E3%83%9E%E3%83%AB%E3%82%AF%E3%82%B9%E4%B8%BB%E7%BE%A9/dp/4843329703/ref=sr_1_162?dib=eyJ2IjoiMSJ9.r09NVux1_fh0aUJBm8SEX97jhf6itJYdB2Pdghdm2whJouw3MnDgKalbMVsDK0ZxkHSfni7WDnOjhBHwH5IrvQ.EwybvPPps5jg1qC20jz65YDWtru2K4fAMCoNChQOEX0&dib_tag=se&m=ANBW5NGGTP7SK&marketplaceID=A39IBJ37TRP1C6&qid=1777193533&refinements=p_36%3A37500-38000&s=merchant-items&sr=1-162&xpid=aYwKknfHDKcCw,コレクション・モダン都市文化〈第58巻〉マルクス主義
4843329703,,,,
4842595086,Tankobon Softcover,376.09,https://www.amazon.com.au/%E5%AE%9F%E8%B7%B5%E6%95%B0%E5%80%A4%E9%9B%BB%E7%A3%81%E7%95%8C%E8%A7%A3%E6%9E%90%E6%B3%95-%E6%97%A5%E6%9C%ACAEM%E5%AD%A6%E4%BC%9A-%E9%9B%BB%E7%A3%81%E5%8A%9B%E5%BF%9C%E7%94%A8%E3%82%B7%E3%83%AA%E3%83%BC%E3%82%BA/dp/4842595086/ref=sr_1_163?dib=eyJ2IjoiMSJ9.r09NVux1_fh0aUJBm8SEX97jhf6itJYdB2Pdghdm2whJouw3MnDgKalbMVsDK0ZxkHSfni7WDnOjhBHwH5IrvQ.EwybvPPps5jg1qC20jz65YDWtru2K4fAMCoNChQOEX0&dib_tag=se&m=ANBW5NGGTP7SK&marketplaceID=A39IBJ37TRP1C6&qid=1777193533&refinements=p_36%3A37500-38000&s=merchant-items&sr=1-163&xpid=aYwKknfHDKcCw,実践数値電磁界解析法 (日本AEM学会:電磁力応用シリーズ)
4842595086,,,,
B000U8FHZU,,377.16,https://www.amazon.com.au/Myler-English-Without-Hooks-4-5-Inch/dp/B000U8FHZU/ref=sr_1_164?dib=eyJ2IjoiMSJ9.r09NVux1_fh0aUJBm8SEX97jhf6itJYdB2Pdghdm2whJouw3MnDgKalbMVsDK0ZxkHSfni7WDnOjhBHwH5IrvQ.EwybvPPps5jg1qC20jz65YDWtru2K4fAMCoNChQOEX0&dib_tag=se&m=ANBW5NGGTP7SK&marketplaceID=A39IBJ37TRP1C6&qid=1777193533&refinements=p_36%3A37500-38000&s=merchant-items&sr=1-164&xpid=aYwKknfHDKcCw#customerReviews,Myler 9 English Dee Without Hooks
B000U8FHZU,,,,
4840466769,JP Oversized,375.9,https://www.amazon.com.au/%E8%84%B3%E7%A5%9E%E7%B5%8C%E5%A4%96%E7%A7%91%E9%80%9F%E5%A0%B1-2019%E5%B9%B411%E6%9C%88%E5%8F%B7-%E7%AC%AC29%E5%B7%BB11%E5%8F%B7-%E7%89%B9%E9%9B%86%EF%BC%9A%E6%82%AA%E6%80%A7%E8%84%B3%E8%85%AB%E7%98%8D-%E5%9B%BD%E9%9A%9B%E5%85%B1%E5%90%8C%E7%A0%94%E7%A9%B6/dp/4840466769/ref=sr_1_165?dib=eyJ2IjoiMSJ9.r09NVux1_fh0aUJBm8SEX97jhf6itJYdB2Pdghdm2whJouw3MnDgKalbMVsDK0ZxkHSfni7WDnOjhBHwH5IrvQ.EwybvPPps5jg1qC20jz65YDWtru2K4fAMCoNChQOEX0&dib_tag=se&m=ANBW5NGGTP7SK&marketplaceID=A39IBJ37TRP1C6&qid=1777193533&refinements=p_36%3A37500-38000&s=merchant-items&sr=1-165&xpid=aYwKknfHDKcCw,脳神経外科速報 2019年11月号(第29巻11号)特集：悪性脳腫瘍 国際共同研究
4840466769,,,,
4828308636,Tankobon Softcover,377.7,https://www.amazon.com.au/%E3%82%AE%E3%83%A3%E3%83%B3%E3%83%96%E3%83%AA%E3%83%B3%E3%82%B0%E5%AE%B3-%E8%B2%AA%E6%AC%B2%E3%81%AA%E6%A5%AD%E7%95%8C%E3%81%A8%E6%94%BF%E6%B2%BB%E3%81%AE%E6%AC%BA%E7%9E%9E-%E3%82%AD%E3%83%A3%E3%82%B7%E3%83%87%E3%82%A3-%E3%83%AC%E3%83%99%E3%83%83%E3%82%AB/dp/4828308636/ref=sr_1_177?dib=eyJ2IjoiMSJ9.baltBxlNCW21qE--wrrlIGOF1J1RtTiIkIrtJ5lCvhBbbir69jJcaqNxca-1LvQsBd3eVIVi86zadiwW-f3dMw.VOUT6-nlOBUHek6EAZ4Y3DMksZik1blv6TQj8mBAPwA&dib_tag=se&m=ANBW5NGGTP7SK&marketplaceID=A39IBJ37TRP1C6&qid=1777193537&refinements=p_36%3A37500-38000&s=merchant-items&sr=1-177&xpid=aYwKknfHDKcCw#customerReviews,ギャンブリング害~貪欲な業界と政治の欺瞞
4828308636,,,,
4827312052,Tankobon Hardcover,379.68,https://www.amazon.com.au/%E3%80%8C%E5%A4%A7%E5%8C%96%E6%94%B9%E6%96%B0%E3%80%8D%E3%81%AE%E5%8F%B2%E6%96%99%E6%89%B9%E5%88%A4/dp/4827312052/ref=sr_1_178?dib=eyJ2IjoiMSJ9.baltBxlNCW21qE--wrrlIGOF1J1RtTiIkIrtJ5lCvhBbbir69jJcaqNxca-1LvQsBd3eVIVi86zadiwW-f3dMw.VOUT6-nlOBUHek6EAZ4Y3DMksZik1blv6TQj8mBAPwA&dib_tag=se&m=ANBW5NGGTP7SK&marketplaceID=A39IBJ37TRP1C6&qid=1777193537&refinements=p_36%3A37500-38000&s=merchant-items&sr=1-178&xpid=aYwKknfHDKcCw,「大化改新」の史料批判
4827312052,,,,
4826902174,Tankobon Softcover,375.76,https://www.amazon.com.au/%E7%A7%91%E5%AD%A6%E3%81%8C%E6%9A%B4%E3%81%8F%E3%80%8C%E9%A3%9F%E3%81%B9%E3%81%A6%E3%81%AF%E3%81%84%E3%81%91%E3%81%AA%E3%81%84%E3%80%8D%E3%81%AE%E5%98%98_%E3%82%A8%E3%83%93%E3%83%87%E3%83%B3%E3%82%B9%E3%81%A7%E7%A4%BA%E3%81%99%E9%A3%9F%E3%81%AE%E6%96%B0%E5%B8%B8%E8%AD%98-%E3%82%A2%E3%83%BC%E3%83%AD%E3%83%B3%E3%83%BB%E3%82%AD%E3%83%A3%E3%83%AD%E3%83%AB/dp/4826902174/ref=sr_1_179?dib=eyJ2IjoiMSJ9.baltBxlNCW21qE--wrrlIGOF1J1RtTiIkIrtJ5lCvhBbbir69jJcaqNxca-1LvQsBd3eVIVi86zadiwW-f3dMw.VOUT6-nlOBUHek6EAZ4Y3DMksZik1blv6TQj8mBAPwA&dib_tag=se&m=ANBW5NGGTP7SK&marketplaceID=A39IBJ37TRP1C6&qid=1777193537&refinements=p_36%3A37500-38000&s=merchant-items&sr=1-179&xpid=aYwKknfHDKcCw#customerReviews,科学が暴く「食べてはいけない」の嘘―エビデンスで示す食の新常識
4826902174,,,,
4822409651,Tankobon Hardcover,375.76,https://www.amazon.com.au/%E5%8A%A0%E9%80%9F%E3%81%99%E3%82%8B%E6%9D%B1%E3%82%A2%E3%82%B8%E3%82%A2FTA_%E7%8F%BE%E5%9C%B0%E3%83%AA%E3%83%9D%E3%83%BC%E3%83%88%E3%81%AB%E3%81%BF%E3%82%8B%E7%B5%8C%E6%B8%88%E7%B5%B1%E5%90%88%E3%81%AE%E6%B3%A2-%E6%9C%A8%E6%9D%91-%E7%A6%8F%E6%88%90/dp/4822409651/ref=sr_1_180?dib=eyJ2IjoiMSJ9.baltBxlNCW21qE--wrrlIGOF1J1RtTiIkIrtJ5lCvhBbbir69jJcaqNxca-1LvQsBd3eVIVi86zadiwW-f3dMw.VOUT6-nlOBUHek6EAZ4Y3DMksZik1blv6TQj8mBAPwA&dib_tag=se&m=ANBW5NGGTP7SK&marketplaceID=A39IBJ37TRP1C6&qid=1777193537&refinements=p_36%3A37500-38000&s=merchant-items&sr=1-180&xpid=aYwKknfHDKcCw,加速する東アジアFTA―現地リポートにみる経済統合の波
4822409651,,,,
4818019712,Tankobon Hardcover,377.85,https://www.amazon.com.au/%E7%9C%8B%E8%AD%B7%E7%AE%A1%E7%90%86%E5%AD%A6%E7%BF%92%E3%83%86%E3%82%AD%E3%82%B9%E3%83%88-%E7%AC%AC2%E7%89%88-%E7%AC%AC1%E5%B7%BB-%E7%9C%8B%E8%AD%B7%E7%AE%A1%E7%90%86%E6%A6%82%E8%AA%AC-2016%E5%B9%B4%E5%BA%A6%E5%88%B7/dp/4818019712/ref=sr_1_181?dib=eyJ2IjoiMSJ9.baltBxlNCW21qE--wrrlIGOF1J1RtTiIkIrtJ5lCvhBbbir69jJcaqNxca-1LvQsBd3eVIVi86zadiwW-f3dMw.VOUT6-nlOBUHek6EAZ4Y3DMksZik1blv6TQj8mBAPwA&dib_tag=se&m=ANBW5NGGTP7SK&marketplaceID=A39IBJ37TRP1C6&qid=1777193537&refinements=p_36%3A37500-38000&s=merchant-items&sr=1-181&xpid=aYwKknfHDKcCw#customerReviews,看護管理学習テキスト 第2版 第1巻 看護管理概説(2016年度刷)
4818019712,,,,
4817197110,Tankobon Hardcover,379.09,https://www.amazon.com.au/%E3%82%BF%E3%82%B0%E3%83%81%E3%83%A1%E3%82%BD%E3%83%83%E3%83%89%E3%81%AB%E3%82%88%E3%82%8B%E6%8A%80%E8%A1%93%E9%96%8B%E7%99%BA-%E5%9F%BA%E6%9C%AC%E6%A9%9F%E8%83%BD%E3%82%92%E6%8E%A2%E7%B4%A2%E3%81%A7%E3%81%8D%E3%82%8BCS-T%E6%B3%95-%E7%B4%B0%E5%B7%9D-%E5%93%B2%E5%A4%AB/dp/4817197110/ref=sr_1_177?dib=eyJ2IjoiMSJ9.tQO2h4ExBI5Rj0AKO20e9WG6F3kDxynn5pKbFjv4dTYy3fCLWzHybTPjSWyTdmSiIthY-BuD4dvXInEnq1WORUW14EGTNHPEashRHnvvHzzjMU65Rg6G8kdsWyntsF0L41P4BegIvoukTXmkDdYzwtVrdXLOpvVTXw0CS1ztRlY.oUMtbiTEJy7YU08ncZCWt9HEdJfOYyqEv3o6buFkiXY&dib_tag=se&m=ANBW5NGGTP7SK&marketplaceID=A39IBJ37TRP1C6&qid=1777193537&refinements=p_36%3A37500-38000&s=merchant-items&sr=1-177&xpid=aYwKknfHDKcCw#customerReviews,タグチメソッドによる技術開発: 基本機能を探索できるCS-T法
4817197110,,,,
4815701318,Tankobon Hardcover,379.81,https://www.amazon.com.au/%E3%82%B7%E3%83%A5%E3%83%AD%E3%82%B9%E3%83%90%E3%83%BC%E3%82%B0%E3%81%AE%E8%87%A8%E5%BA%8A%E6%84%9F%E6%9F%93%E7%97%87%E5%AD%A6-David-Schlossberg/dp/4815701318/ref=sr_1_178?dib=eyJ2IjoiMSJ9.tQO2h4ExBI5Rj0AKO20e9WG6F3kDxynn5pKbFjv4dTYy3fCLWzHybTPjSWyTdmSiIthY-BuD4dvXInEnq1WORUW14EGTNHPEashRHnvvHzzjMU65Rg6G8kdsWyntsF0L41P4BegIvoukTXmkDdYzwtVrdXLOpvVTXw0CS1ztRlY.oUMtbiTEJy7YU08ncZCWt9HEdJfOYyqEv3o6buFkiXY&dib_tag=se&m=ANBW5NGGTP7SK&marketplaceID=A39IBJ37TRP1C6&qid=1777193537&refinements=p_36%3A37500-38000&s=merchant-items&sr=1-178&xpid=aYwKknfHDKcCw#customerReviews,シュロスバーグの臨床感染症学
4815701318,,,,
4814111649,Tankobon Hardcover,375.76,https://www.amazon.com.au/%E8%AA%89%E9%AB%98%E7%AD%89%E5%AD%A6%E6%A0%A1-2020%E5%B9%B4%E5%BA%A6%E7%94%A8-%E3%80%8A%E9%81%8E%E5%8E%BB4%E5%B9%B4%E5%88%86%E5%8F%8E%E9%8C%B2%E3%80%8B-%E9%AB%98%E6%A0%A1%E5%88%A5%E5%85%A5%E8%A9%A6%E9%81%8E%E5%8E%BB%E5%95%8F%E9%A1%8C%E3%82%B7%E3%83%AA%E3%83%BC%E3%82%BA-F31/dp/4814111649/ref=sr_1_179?dib=eyJ2IjoiMSJ9.tQO2h4ExBI5Rj0AKO20e9WG6F3kDxynn5pKbFjv4dTYy3fCLWzHybTPjSWyTdmSiIthY-BuD4dvXInEnq1WORUW14EGTNHPEashRHnvvHzzjMU65Rg6G8kdsWyntsF0L41P4BegIvoukTXmkDdYzwtVrdXLOpvVTXw0CS1ztRlY.oUMtbiTEJy7YU08ncZCWt9HEdJfOYyqEv3o6buFkiXY&dib_tag=se&m=ANBW5NGGTP7SK&marketplaceID=A39IBJ37TRP1C6&qid=1777193537&refinements=p_36%3A37500-38000&s=merchant-items&sr=1-179&xpid=aYwKknfHDKcCw,誉高等学校 2020年度用 《過去4年分収録》 (高校別入試過去問題シリーズ F31)
4814111649,,,,
4814002866,Tankobon Hardcover,376.16,https://www.amazon.com.au/%E8%82%A1%E5%80%89%E3%81%8B%E3%82%89%E3%81%BF%E3%82%8B%E3%80%8E%E3%83%8F%E3%83%A0%E3%83%AC%E3%83%83%E3%83%88%E3%80%8F-%E3%82%B7%E3%82%A7%E3%82%A4%E3%82%AF%E3%82%B9%E3%83%94%E3%82%A2%E3%81%A8%E6%97%A5%E6%9C%AC%E4%BA%BA-%E5%AD%A6%E8%A1%93%E9%81%B8%E6%9B%B8-%E8%8A%A6%E6%B4%A5-%E3%81%8B%E3%81%8A%E3%82%8A/dp/4814002866/ref=sr_1_180?dib=eyJ2IjoiMSJ9.tQO2h4ExBI5Rj0AKO20e9WG6F3kDxynn5pKbFjv4dTYy3fCLWzHybTPjSWyTdmSiIthY-BuD4dvXInEnq1WORUW14EGTNHPEashRHnvvHzzjMU65Rg6G8kdsWyntsF0L41P4BegIvoukTXmkDdYzwtVrdXLOpvVTXw0CS1ztRlY.oUMtbiTEJy7YU08ncZCWt9HEdJfOYyqEv3o6buFkiXY&dib_tag=se&m=ANBW5NGGTP7SK&marketplaceID=A39IBJ37TRP1C6&qid=1777193537&refinements=p_36%3A37500-38000&s=merchant-items&sr=1-180&xpid=aYwKknfHDKcCw#customerReviews,股倉からみる『ハムレット』: シェイクスピアと日本人 (学術選書): 092
4814002866,,,,
481220304X,Tankobon Hardcover,375.61,https://www.amazon.com.au/%E6%B0%B4%E3%81%A8%E6%9A%AE%E3%82%89%E3%81%97%E3%81%AE%E7%92%B0%E5%A2%83%E6%96%87%E5%8C%96_%E4%BA%AC%E9%83%BD%E3%81%8B%E3%82%89%E4%B8%96%E7%95%8C%E3%81%B8%E3%81%A4%E3%81%AA%E3%81%90/dp/481220304X/ref=sr_1_181?dib=eyJ2IjoiMSJ9.tQO2h4ExBI5Rj0AKO20e9WG6F3kDxynn5pKbFjv4dTYy3fCLWzHybTPjSWyTdmSiIthY-BuD4dvXInEnq1WORUW14EGTNHPEashRHnvvHzzjMU65Rg6G8kdsWyntsF0L41P4BegIvoukTXmkDdYzwtVrdXLOpvVTXw0CS1ztRlY.oUMtbiTEJy7YU08ncZCWt9HEdJfOYyqEv3o6buFkiXY&dib_tag=se&m=ANBW5NGGTP7SK&marketplaceID=A39IBJ37TRP1C6&qid=1777193537&refinements=p_36%3A37500-38000&s=merchant-items&sr=1-181&xpid=aYwKknfHDKcCw,水と暮らしの環境文化―京都から世界へつなぐ
481220304X,,,,
4812025966,Tankobon Hardcover,375.61,https://www.amazon.com.au/%E3%81%82%E3%81%AE%E6%97%A5%E3%80%81%E6%B0%B4%E3%81%AE%E6%A3%AE%E3%81%A7-%E8%A9%A9%E3%81%A8%E6%80%9D%E6%83%B3%E6%96%B0%E4%BA%BA%E8%B3%9E%E5%8F%A2%E6%9B%B8-%E8%8D%89%E9%96%93%E5%B0%8F%E9%B3%A5%E5%AD%90/dp/4812025966/ref=sr_1_182?dib=eyJ2IjoiMSJ9.tQO2h4ExBI5Rj0AKO20e9WG6F3kDxynn5pKbFjv4dTYy3fCLWzHybTPjSWyTdmSiIthY-BuD4dvXInEnq1WORUW14EGTNHPEashRHnvvHzzjMU65Rg6G8kdsWyntsF0L41P4BegIvoukTXmkDdYzwtVrdXLOpvVTXw0CS1ztRlY.oUMtbiTEJy7YU08ncZCWt9HEdJfOYyqEv3o6buFkiXY&dib_tag=se&m=ANBW5NGGTP7SK&marketplaceID=A39IBJ37TRP1C6&qid=1777193537&refinements=p_36%3A37500-38000&s=merchant-items&sr=1-182&xpid=aYwKknfHDKcCw#customerReviews,あの日、水の森で (詩と思想新人賞叢書)
4812025966,,,,
4811809831,Tankobon Hardcover,379.37,https://www.amazon.com.au/%E5%B9%BE%E4%BD%95%E6%95%99%E8%82%B2%E3%82%92%E3%81%A9%E3%81%86%E3%81%99%E3%81%99%E3%82%81%E3%82%8B%E3%81%8B-%E9%81%A0%E5%B1%B1%E5%95%93%E8%91%97%E4%BD%9C%E9%9B%86%E3%83%BB%E6%95%B0%E5%AD%A6%E6%95%99%E8%82%B2%E8%AB%96%E3%82%B7%E3%83%AA%E3%83%BC%E3%82%BA-7-%E9%81%A0%E5%B1%B1-%E5%95%93/dp/4811809831/ref=sr_1_183?dib=eyJ2IjoiMSJ9.tQO2h4ExBI5Rj0AKO20e9WG6F3kDxynn5pKbFjv4dTYy3fCLWzHybTPjSWyTdmSiIthY-BuD4dvXInEnq1WORUW14EGTNHPEashRHnvvHzzjMU65Rg6G8kdsWyntsF0L41P4BegIvoukTXmkDdYzwtVrdXLOpvVTXw0CS1ztRlY.oUMtbiTEJy7YU08ncZCWt9HEdJfOYyqEv3o6buFkiXY&dib_tag=se&m=ANBW5NGGTP7SK&marketplaceID=A39IBJ37TRP1C6&qid=1777193537&refinements=p_36%3A37500-38000&s=merchant-items&sr=1-183&xpid=aYwKknfHDKcCw,幾何教育をどうすすめるか (遠山啓著作集・数学教育論シリーズ 7)
4811809831,,,,
4811326768,Tankobon Hardcover,376.16,https://www.amazon.com.au/4-%E4%B8%96%E7%B4%80%E3%81%AE%E7%99%BA%E6%98%8E%E3%81%AF%E3%81%93%E3%81%93%E3%81%A7%E7%94%9F%E3%81%BE%E3%82%8C%E3%81%9F-%E3%83%93%E3%83%AB%E3%83%BB%E3%82%B2%E3%82%A4%E3%83%84%E3%81%BB%E3%81%8B-%E6%BD%9C%E5%85%A5-%E5%A4%A9%E6%89%8D%E7%A7%91%E5%AD%A6%E8%80%85%E3%81%AE%E5%AE%9F%E9%A8%93%E5%AE%A4/dp/4811326768/ref=sr_1_184?dib=eyJ2IjoiMSJ9.tQO2h4ExBI5Rj0AKO20e9WG6F3kDxynn5pKbFjv4dTYy3fCLWzHybTPjSWyTdmSiIthY-BuD4dvXInEnq1WORUW14EGTNHPEashRHnvvHzzjMU65Rg6G8kdsWyntsF0L41P4BegIvoukTXmkDdYzwtVrdXLOpvVTXw0CS1ztRlY.oUMtbiTEJy7YU08ncZCWt9HEdJfOYyqEv3o6buFkiXY&dib_tag=se&m=ANBW5NGGTP7SK&marketplaceID=A39IBJ37TRP1C6&qid=1777193537&refinements=p_36%3A37500-38000&s=merchant-items&sr=1-184&xpid=aYwKknfHDKcCw#customerReviews,4 世紀の発明はここで生まれた! ~ビル・ゲイツほか (潜入! 天才科学者の実験室)
4811326768,,,,
4811326423,Tankobon Hardcover,376.56,https://www.amazon.com.au/%E5%A4%95%E9%A3%9F%E3%81%A7%E3%81%AE%E3%82%93%E3%81%B3%E3%82%8A-%E3%81%BE%E3%81%8B%E3%81%9B%E3%81%A6%E3%81%AD-%E4%BB%8A%E6%97%A5%E3%81%AE%E7%8C%AE%E7%AB%8B-%E4%BB%8A-%E9%87%8C%E8%A1%A3/dp/4811326423/ref=sr_1_185?dib=eyJ2IjoiMSJ9.tQO2h4ExBI5Rj0AKO20e9WG6F3kDxynn5pKbFjv4dTYy3fCLWzHybTPjSWyTdmSiIthY-BuD4dvXInEnq1WORUW14EGTNHPEashRHnvvHzzjMU65Rg6G8kdsWyntsF0L41P4BegIvoukTXmkDdYzwtVrdXLOpvVTXw0CS1ztRlY.oUMtbiTEJy7YU08ncZCWt9HEdJfOYyqEv3o6buFkiXY&dib_tag=se&m=ANBW5NGGTP7SK&marketplaceID=A39IBJ37TRP1C6&qid=1777193537&refinements=p_36%3A37500-38000&s=merchant-items&sr=1-185&xpid=aYwKknfHDKcCw,夕食でのんびり (まかせてね　今日の献立)
4811326423,,,,
4806807435,Tankobon Hardcover,375.61,https://www.amazon.com.au/%E3%81%B5%E3%81%9F%E3%81%9F%E3%81%B3%E5%A4%A2%E3%81%AB%E5%90%91%E3%81%8B%E3%81%A3%E3%81%A6-%E9%AB%98%E9%87%8E%E5%B9%B9%E8%8B%B1/dp/4806807435/ref=sr_1_186?dib=eyJ2IjoiMSJ9.tQO2h4ExBI5Rj0AKO20e9WG6F3kDxynn5pKbFjv4dTYy3fCLWzHybTPjSWyTdmSiIthY-BuD4dvXInEnq1WORUW14EGTNHPEashRHnvvHzzjMU65Rg6G8kdsWyntsF0L41P4BegIvoukTXmkDdYzwtVrdXLOpvVTXw0CS1ztRlY.oUMtbiTEJy7YU08ncZCWt9HEdJfOYyqEv3o6buFkiXY&dib_tag=se&m=ANBW5NGGTP7SK&marketplaceID=A39IBJ37TRP1C6&qid=1777193537&refinements=p_36%3A37500-38000&s=merchant-items&sr=1-186&xpid=aYwKknfHDKcCw#customerReviews,ふたたび夢に向かって
4806807435,,,,
4799653245,Tankobon Hardcover,376.64,https://www.amazon.com.au/457%E6%99%BA%E5%AD%A6%E9%A4%A8%E4%B8%AD%E7%AD%89%E6%95%99%E8%82%B2%E5%AD%A6%E6%A0%A1-2021%E5%B9%B4%E5%BA%A6%E7%94%A8-3%E5%B9%B4%E9%96%93%E3%82%B9%E3%83%BC%E3%83%91%E3%83%BC%E9%81%8E%E5%8E%BB%E5%95%8F-%E5%A3%B0%E6%95%99%E3%81%AE%E4%B8%AD%E5%AD%A6%E9%81%8E%E5%8E%BB%E5%95%8F%E3%82%B7%E3%83%AA%E3%83%BC%E3%82%BA-%E5%A3%B0%E3%81%AE%E6%95%99%E8%82%B2%E7%A4%BE/dp/4799653245/ref=sr_1_187?dib=eyJ2IjoiMSJ9.tQO2h4ExBI5Rj0AKO20e9WG6F3kDxynn5pKbFjv4dTYy3fCLWzHybTPjSWyTdmSiIthY-BuD4dvXInEnq1WORUW14EGTNHPEashRHnvvHzzjMU65Rg6G8kdsWyntsF0L41P4BegIvoukTXmkDdYzwtVrdXLOpvVTXw0CS1ztRlY.oUMtbiTEJy7YU08ncZCWt9HEdJfOYyqEv3o6buFkiXY&dib_tag=se&m=ANBW5NGGTP7SK&marketplaceID=A39IBJ37TRP1C6&qid=1777193537&refinements=p_36%3A37500-38000&s=merchant-items&sr=1-187&xpid=aYwKknfHDKcCw,457智学館中等教育学校 2021年度用 3年間スーパー過去問 (声教の中学過去問シリーズ)
4799653245,,,,
4798915629,Tankobon Hardcover,379.34,https://www.amazon.com.au/%E4%BA%BA%E9%96%93%E8%AB%96%E3%81%AE%E7%A4%BE%E4%BC%9A%E5%AD%A6%E7%9A%84%E6%96%B9%E6%B3%95-%E5%89%AF%E7%94%B0%E7%BE%A9%E4%B9%9F%E7%A4%BE%E4%BC%9A%E5%AD%A6%E4%BD%9C%E5%93%81%E9%9B%86-1-%E5%89%AF%E7%94%B0%E7%BE%A9%E4%B9%9F/dp/4798915629/ref=sr_1_193?dib=eyJ2IjoiMSJ9.HHerUMlY5zXcDGa9QRngg8-LNLSUCRJUmv-CXaxpUKDstaJ_1uN_tu_i3LjccrdtgMuURJFsHu9QnQlKKhGv2g.wZ2MCnxPJAbuLWSPYF4THLKZYRYuuJUMdmq1E184DNc&dib_tag=se&m=ANBW5NGGTP7SK&marketplaceID=A39IBJ37TRP1C6&qid=1777193542&refinements=p_36%3A37500-38000&s=merchant-items&sr=1-193&xpid=aYwKknfHDKcCw,人間論の社会学的方法 (副田義也社会学作品集): 1
4798915629,,,,
4797267577,Tankobon Hardcover,375.16,https://www.amazon.com.au/%E5%9B%BD%E9%9A%9B%E7%9A%84%E6%B0%91%E4%BA%8B%E7%B4%9B%E4%BA%89%E3%81%A8%E4%BB%AE%E3%81%AE%E6%A8%A9%E5%88%A9%E4%BF%9D%E8%AD%B7-%E5%AD%A6%E8%A1%93%E9%81%B8%E6%9B%B8157-%E9%87%8E%E6%9D%91-%E7%A7%80%E6%95%8F/dp/4797267577/ref=sr_1_194?dib=eyJ2IjoiMSJ9.HHerUMlY5zXcDGa9QRngg8-LNLSUCRJUmv-CXaxpUKDstaJ_1uN_tu_i3LjccrdtgMuURJFsHu9QnQlKKhGv2g.wZ2MCnxPJAbuLWSPYF4THLKZYRYuuJUMdmq1E184DNc&dib_tag=se&m=ANBW5NGGTP7SK&marketplaceID=A39IBJ37TRP1C6&qid=1777193542&refinements=p_36%3A37500-38000&s=merchant-items&sr=1-194&xpid=aYwKknfHDKcCw,国際的民事紛争と仮の権利保護 (学術選書157)
4797267577,,,,
4797217723,Tankobon Hardcover,379.92,https://www.amazon.com.au/%E3%82%A4%E3%82%AE%E3%83%AA%E3%82%B9%E6%86%B2%E6%B3%95_%E8%AD%B0%E4%BC%9A%E4%B8%BB%E6%A8%A9%E3%81%A8%E6%B3%95%E3%81%AE%E6%94%AF%E9%85%8D-%E7%94%B0%E5%B3%B6%E8%A3%95%E8%91%97%E4%BD%9C%E9%9B%86%E7%AC%AC2%E5%B7%BB-%E7%94%B0%E5%B3%B6-%E8%A3%95/dp/4797217723/ref=sr_1_195?dib=eyJ2IjoiMSJ9.HHerUMlY5zXcDGa9QRngg8-LNLSUCRJUmv-CXaxpUKDstaJ_1uN_tu_i3LjccrdtgMuURJFsHu9QnQlKKhGv2g.wZ2MCnxPJAbuLWSPYF4THLKZYRYuuJUMdmq1E184DNc&dib_tag=se&m=ANBW5NGGTP7SK&marketplaceID=A39IBJ37TRP1C6&qid=1777193542&refinements=p_36%3A37500-38000&s=merchant-items&sr=1-195&xpid=aYwKknfHDKcCw,イギリス憲法―議会主権と法の支配 (田島裕著作集第2巻)
4797217723,,,,
4792352851,Tankobon Hardcover,378.16,https://www.amazon.com.au/%E3%82%AB%E3%83%AD%E3%83%AA%E3%83%BC%E3%83%8A%E5%88%91%E4%BA%8B%E6%B3%95%E5%85%B8%E3%81%AE%E7%A0%94%E7%A9%B6-%E4%B8%8A%E5%8F%A3-%E8%A3%95/dp/4792352851/ref=sr_1_196?dib=eyJ2IjoiMSJ9.HHerUMlY5zXcDGa9QRngg8-LNLSUCRJUmv-CXaxpUKDstaJ_1uN_tu_i3LjccrdtgMuURJFsHu9QnQlKKhGv2g.wZ2MCnxPJAbuLWSPYF4THLKZYRYuuJUMdmq1E184DNc&dib_tag=se&m=ANBW5NGGTP7SK&marketplaceID=A39IBJ37TRP1C6&qid=1777193542&refinements=p_36%3A37500-38000&s=merchant-items&sr=1-196&xpid=aYwKknfHDKcCw,カロリーナ刑事法典の研究
4792352851,,,,
4791773594,Tankobon Hardcover,375.42,https://www.amazon.com.au/%E6%80%92%E3%82%8A%E3%81%AE%E4%BA%BA%E9%A1%9E%E5%8F%B2-%E3%83%96%E3%83%83%E3%83%80%E3%81%8B%E3%82%89%E3%83%84%E3%82%A4%E3%83%83%E3%82%BF%E3%83%BC%E3%81%BE%E3%81%A7-%E3%83%90%E3%83%BC%E3%83%90%E3%83%A9%E3%83%BBH-%E3%83%AD%E3%83%BC%E3%82%BC%E3%83%B3%E3%83%AF%E3%82%A4%E3%83%B3/dp/4791773594/ref=sr_1_197?dib=eyJ2IjoiMSJ9.HHerUMlY5zXcDGa9QRngg8-LNLSUCRJUmv-CXaxpUKDstaJ_1uN_tu_i3LjccrdtgMuURJFsHu9QnQlKKhGv2g.wZ2MCnxPJAbuLWSPYF4THLKZYRYuuJUMdmq1E184DNc&dib_tag=se&m=ANBW5NGGTP7SK&marketplaceID=A39IBJ37TRP1C6&qid=1777193542&refinements=p_36%3A37500-38000&s=merchant-items&sr=1-197&xpid=aYwKknfHDKcCw#customerReviews,怒りの人類史 ブッダからツイッターまで
4791773594,,,,
4791760638,Tankobon Hardcover,375.76,https://www.amazon.com.au/%E7%A7%81%E3%81%AE%E6%88%A6%E5%BE%8C%E5%8F%B2_%E3%81%88%E3%81%94%E3%81%AE%E8%8A%B1%E9%99%8D%E3%82%8B/dp/4791760638/ref=sr_1_193?dib=eyJ2IjoiMSJ9.Y1RakBI5Gnw6ds8ynjsQ0dDhiI1JyAzD5QpavedGDDZWBQuumTLFBpQl9dfI-qkqykKC3j2nMyuhZotMhD8NwuwIeSN6rjrZKo-a3xVmQ9jinNhRRtJsifQaZFswxW9Z7f78YGX1jUN3FekQPUx-NLnvMshx7Xl62hL6552hWtg.0JAzqij0pONpiwfYKkL-EbM5KVJXIKQwsPlalh3JB-U&dib_tag=se&m=ANBW5NGGTP7SK&marketplaceID=A39IBJ37TRP1C6&qid=1777193542&refinements=p_36%3A37500-38000&s=merchant-items&sr=1-193&xpid=aYwKknfHDKcCw,私の戦後史―えごの花降る
4791760638,,,,
4790708179,Tankobon Hardcover,375.9,https://www.amazon.com.au/Tenkanki-ajia-keizai-manabu-tameni/dp/4790708179/ref=sr_1_194?dib=eyJ2IjoiMSJ9.Y1RakBI5Gnw6ds8ynjsQ0dDhiI1JyAzD5QpavedGDDZWBQuumTLFBpQl9dfI-qkqykKC3j2nMyuhZotMhD8NwuwIeSN6rjrZKo-a3xVmQ9jinNhRRtJsifQaZFswxW9Z7f78YGX1jUN3FekQPUx-NLnvMshx7Xl62hL6552hWtg.0JAzqij0pONpiwfYKkL-EbM5KVJXIKQwsPlalh3JB-U&dib_tag=se&m=ANBW5NGGTP7SK&marketplaceID=A39IBJ37TRP1C6&qid=1777193542&refinements=p_36%3A37500-38000&s=merchant-items&sr=1-194&xpid=aYwKknfHDKcCw#customerReviews,Tenkanki No ajia keizai o manabu hito No tameni
4790708179,,,,
4784911944,Tankobon Hardcover,379.45,https://www.amazon.com.au/%E6%96%B0%E5%BE%AE%E7%94%9F%E7%89%A9%E5%AD%A6-Q%E3%82%B7%E3%83%AA%E3%83%BC%E3%82%BA-%E8%88%98%E7%94%B0-%E4%B8%80%E5%8D%9A/dp/4784911944/ref=sr_1_195?dib=eyJ2IjoiMSJ9.Y1RakBI5Gnw6ds8ynjsQ0dDhiI1JyAzD5QpavedGDDZWBQuumTLFBpQl9dfI-qkqykKC3j2nMyuhZotMhD8NwuwIeSN6rjrZKo-a3xVmQ9jinNhRRtJsifQaZFswxW9Z7f78YGX1jUN3FekQPUx-NLnvMshx7Xl62hL6552hWtg.0JAzqij0pONpiwfYKkL-EbM5KVJXIKQwsPlalh3JB-U&dib_tag=se&m=ANBW5NGGTP7SK&marketplaceID=A39IBJ37TRP1C6&qid=1777193542&refinements=p_36%3A37500-38000&s=merchant-items&sr=1-195&xpid=aYwKknfHDKcCw#customerReviews,新微生物学 (Qシリーズ)
4784911944,,,,
4783737282,Tankobon Hardcover,377.68,https://www.amazon.com.au/%E9%9F%B3%E6%B3%A2-%E6%B0%B4%E7%94%B0%E5%AE%97%E5%AD%90/dp/4783737282/ref=sr_1_196?dib=eyJ2IjoiMSJ9.Y1RakBI5Gnw6ds8ynjsQ0dDhiI1JyAzD5QpavedGDDZWBQuumTLFBpQl9dfI-qkqykKC3j2nMyuhZotMhD8NwuwIeSN6rjrZKo-a3xVmQ9jinNhRRtJsifQaZFswxW9Z7f78YGX1jUN3FekQPUx-NLnvMshx7Xl62hL6552hWtg.0JAzqij0pONpiwfYKkL-EbM5KVJXIKQwsPlalh3JB-U&dib_tag=se&m=ANBW5NGGTP7SK&marketplaceID=A39IBJ37TRP1C6&qid=1777193542&refinements=p_36%3A37500-38000&s=merchant-items&sr=1-196&xpid=aYwKknfHDKcCw,音波
4783737282,,,,
4780706645,Tankobon Hardcover,375.85,https://www.amazon.com.au/%E5%8D%97%E3%82%A2%E3%83%95%E3%83%AA%E3%82%AB%E3%81%AE%E6%8C%87%E5%B0%8E%E8%80%85%E3%80%81%E5%AE%97%E6%95%99%E3%81%A8%E6%94%BF%E6%B2%BB%E3%82%92%E8%AA%9E%E3%82%8B_%E8%87%AA%E7%94%B1%E3%81%AE%E7%B2%BE%E7%A5%9E%E3%80%81%E5%B8%8C%E6%9C%9B%E3%82%92%E3%81%B2%E3%82%89%E3%81%8F-%E6%AD%A3%E6%B3%89%E5%AF%BA%E5%9B%BD%E9%9A%9B%E5%AE%97%E6%95%99%E6%96%87%E5%8C%96%E7%A0%94%E7%A9%B6%E6%89%80%E7%A0%94%E7%A9%B6%E5%8F%A2%E6%9B%B8/dp/4780706645/ref=sr_1_197?dib=eyJ2IjoiMSJ9.Y1RakBI5Gnw6ds8ynjsQ0dDhiI1JyAzD5QpavedGDDZWBQuumTLFBpQl9dfI-qkqykKC3j2nMyuhZotMhD8NwuwIeSN6rjrZKo-a3xVmQ9jinNhRRtJsifQaZFswxW9Z7f78YGX1jUN3FekQPUx-NLnvMshx7Xl62hL6552hWtg.0JAzqij0pONpiwfYKkL-EbM5KVJXIKQwsPlalh3JB-U&dib_tag=se&m=ANBW5NGGTP7SK&marketplaceID=A39IBJ37TRP1C6&qid=1777193542&refinements=p_36%3A37500-38000&s=merchant-items&sr=1-197&xpid=aYwKknfHDKcCw,南アフリカの指導者、宗教と政治を語る―自由の精神、希望をひらく (正泉寺国際宗教文化研究所研究叢書)
4780706645,,,,
4779124859,Tankobon Hardcover,375.76,https://www.amazon.com.au/%E6%A0%B9%E6%BA%90%E3%81%B8%E3%81%AE%E6%97%85-%E7%A5%9E%E8%A9%B1%E3%83%BB%E8%8A%B8%E8%A1%93%E3%83%BB%E9%A2%A8%E5%9C%9F-%E7%AB%8B%E9%87%8E-%E6%AD%A3%E8%A3%95/dp/4779124859/ref=sr_1_198?dib=eyJ2IjoiMSJ9.Y1RakBI5Gnw6ds8ynjsQ0dDhiI1JyAzD5QpavedGDDZWBQuumTLFBpQl9dfI-qkqykKC3j2nMyuhZotMhD8NwuwIeSN6rjrZKo-a3xVmQ9jinNhRRtJsifQaZFswxW9Z7f78YGX1jUN3FekQPUx-NLnvMshx7Xl62hL6552hWtg.0JAzqij0pONpiwfYKkL-EbM5KVJXIKQwsPlalh3JB-U&dib_tag=se&m=ANBW5NGGTP7SK&marketplaceID=A39IBJ37TRP1C6&qid=1777193542&refinements=p_36%3A37500-38000&s=merchant-items&sr=1-198&xpid=aYwKknfHDKcCw,根源への旅: 神話・芸術・風土
4779124859,,,,
4778033191,Comic,376.42,https://www.amazon.com.au/%E9%AD%94%E7%8E%8B%E3%83%80%E3%83%B3%E3%83%86-FIRST-%E3%83%95%E3%82%A1%E3%83%BC%E3%82%B9%E3%83%88-%EF%BC%92-%E5%BE%A9%E5%88%BB%E5%90%8D%E4%BD%9C%E6%BC%AB%E7%94%BB%E3%82%B7%E3%83%AA%E3%83%BC%E3%82%BA/dp/4778033191/ref=sr_1_199?dib=eyJ2IjoiMSJ9.Y1RakBI5Gnw6ds8ynjsQ0dDhiI1JyAzD5QpavedGDDZWBQuumTLFBpQl9dfI-qkqykKC3j2nMyuhZotMhD8NwuwIeSN6rjrZKo-a3xVmQ9jinNhRRtJsifQaZFswxW9Z7f78YGX1jUN3FekQPUx-NLnvMshx7Xl62hL6552hWtg.0JAzqij0pONpiwfYKkL-EbM5KVJXIKQwsPlalh3JB-U&dib_tag=se&m=ANBW5NGGTP7SK&marketplaceID=A39IBJ37TRP1C6&qid=1777193542&refinements=p_36%3A37500-38000&s=merchant-items&sr=1-199&xpid=aYwKknfHDKcCw#customerReviews,魔王ダンテ-THE FIRST-(ザ ファースト)　２ (復刻名作漫画シリーズ): 2
4778033191,,,,
4772695680,Tankobon Hardcover,375.61,https://www.amazon.com.au/%E5%A5%B3%E6%80%A7%E3%83%9B%E3%83%AB%E3%83%A2%E3%83%B3%E3%81%AF%E8%B3%A2%E3%81%84-%E6%84%9F%E6%83%85%E3%83%BB%E8%A1%8C%E5%8B%95%E3%83%BB%E6%84%9B%E3%83%BB%E9%81%B8%E6%8A%9E%E3%82%92%E5%B0%8E%E3%81%8F%E3%80%8C%E9%9A%A0%E3%82%8C%E3%81%9F%E7%9F%A5%E6%80%A7%E3%80%8D-%E3%83%9E%E3%83%BC%E3%83%86%E3%82%A3%E3%83%BC%E3%83%BB%E3%83%98%E3%82%A4%E3%82%BC%E3%83%AB%E3%83%88%E3%83%B3/dp/4772695680/ref=sr_1_200?dib=eyJ2IjoiMSJ9.Y1RakBI5Gnw6ds8ynjsQ0dDhiI1JyAzD5QpavedGDDZWBQuumTLFBpQl9dfI-qkqykKC3j2nMyuhZotMhD8NwuwIeSN6rjrZKo-a3xVmQ9jinNhRRtJsifQaZFswxW9Z7f78YGX1jUN3FekQPUx-NLnvMshx7Xl62hL6552hWtg.0JAzqij0pONpiwfYKkL-EbM5KVJXIKQwsPlalh3JB-U&dib_tag=se&m=ANBW5NGGTP7SK&marketplaceID=A39IBJ37TRP1C6&qid=1777193542&refinements=p_36%3A37500-38000&s=merchant-items&sr=1-200&xpid=aYwKknfHDKcCw#customerReviews,女性ホルモンは賢い: 感情・行動・愛・選択を導く「隠れた知性」
4772695680,,,,
4771905533,Tankobon Hardcover,379.37,https://www.amazon.com.au/%E4%BD%93%E9%A8%93%E3%81%99%E3%82%8B%E6%89%8B%E5%A4%96%E7%A7%91-%E7%AC%AC1%E5%B7%BB-%E5%A4%96%E5%82%B7%E7%B7%A8-%E9%B3%A5%E8%B0%B7%E9%83%A8%E8%8D%98%E5%85%AB/dp/4771905533/ref=sr_1_201?dib=eyJ2IjoiMSJ9.Y1RakBI5Gnw6ds8ynjsQ0dDhiI1JyAzD5QpavedGDDZWBQuumTLFBpQl9dfI-qkqykKC3j2nMyuhZotMhD8NwuwIeSN6rjrZKo-a3xVmQ9jinNhRRtJsifQaZFswxW9Z7f78YGX1jUN3FekQPUx-NLnvMshx7Xl62hL6552hWtg.0JAzqij0pONpiwfYKkL-EbM5KVJXIKQwsPlalh3JB-U&dib_tag=se&m=ANBW5NGGTP7SK&marketplaceID=A39IBJ37TRP1C6&qid=1777193542&refinements=p_36%3A37500-38000&s=merchant-items&sr=1-201&xpid=aYwKknfHDKcCw#customerReviews,体験する手外科 第1巻 外傷編
4771905533,,,,
4765746488,Tankobon Softcover,376.89,https://www.amazon.com.au/%E6%8C%81%E3%81%A1%E5%91%B3%E3%82%92%E6%B4%BB%E3%81%8B%E3%81%99%E7%B5%8C%E5%96%B6%E6%94%AF%E6%8F%B4-%E9%81%B8%E3%81%B0%E3%82%8C%E7%B6%9A%E3%81%91%E3%82%8B%E3%81%9F%E3%82%81%E3%81%AE%E7%9F%A5%E7%9A%84%E8%B3%87%E7%94%A3%E7%B5%8C%E5%96%B6%E3%81%AE%E3%81%99%E3%81%99%E3%82%81-%E6%A3%AE%E4%B8%8B-%E5%8B%89/dp/4765746488/ref=sr_1_202?dib=eyJ2IjoiMSJ9.Y1RakBI5Gnw6ds8ynjsQ0dDhiI1JyAzD5QpavedGDDZWBQuumTLFBpQl9dfI-qkqykKC3j2nMyuhZotMhD8NwuwIeSN6rjrZKo-a3xVmQ9jinNhRRtJsifQaZFswxW9Z7f78YGX1jUN3FekQPUx-NLnvMshx7Xl62hL6552hWtg.0JAzqij0pONpiwfYKkL-EbM5KVJXIKQwsPlalh3JB-U&dib_tag=se&m=ANBW5NGGTP7SK&marketplaceID=A39IBJ37TRP1C6&qid=1777193542&refinements=p_36%3A37500-38000&s=merchant-items&sr=1-202&xpid=aYwKknfHDKcCw#customerReviews,持ち味を活かす経営支援~選ばれ続けるための知的資産経営のすすめ
4765746488,,,,
4760832815,Tankobon Hardcover,375.02,https://www.amazon.com.au/%E3%83%93%E3%82%B8%E3%83%88%E3%83%AC-%E4%BB%8A%E6%97%A5%E3%81%8B%E3%82%89%E5%A7%8B%E3%82%81%E3%82%8B%E3%83%9F%E3%83%89%E3%83%AB%E3%82%B7%E3%83%8B%E3%82%A2%E3%81%AE%E3%82%AD%E3%83%A3%E3%83%AA%E3%82%A2%E9%96%8B%E7%99%BA-%E7%94%B0%E4%B8%AD-%E7%A0%94%E4%B9%8B%E8%BC%94/dp/4760832815/ref=sr_1_203?dib=eyJ2IjoiMSJ9.Y1RakBI5Gnw6ds8ynjsQ0dDhiI1JyAzD5QpavedGDDZWBQuumTLFBpQl9dfI-qkqykKC3j2nMyuhZotMhD8NwuwIeSN6rjrZKo-a3xVmQ9jinNhRRtJsifQaZFswxW9Z7f78YGX1jUN3FekQPUx-NLnvMshx7Xl62hL6552hWtg.0JAzqij0pONpiwfYKkL-EbM5KVJXIKQwsPlalh3JB-U&dib_tag=se&m=ANBW5NGGTP7SK&marketplaceID=A39IBJ37TRP1C6&qid=1777193542&refinements=p_36%3A37500-38000&s=merchant-items&sr=1-203&xpid=aYwKknfHDKcCw#customerReviews,ビジトレ: 今日から始めるミドルシニアのキャリア開発
4760832815,,,,
4757603835,Tankobon Hardcover,379.19,https://www.amazon.com.au/%E5%AE%9D%E6%B0%B8%E7%89%88%E6%9C%AC-%E8%A6%B3%E9%9F%B3%E5%86%A5%E5%BF%9C%E9%9B%86_%E6%9C%AC%E6%96%87%E3%81%A8%E8%AA%AC%E8%A9%B1%E7%9B%AE%E9%8C%B2-%E7%A0%94%E7%A9%B6%E5%8F%A2%E6%9B%B8/dp/4757603835/ref=sr_1_209?dib=eyJ2IjoiMSJ9.nTcBFeIPE6qyCLeURhllVtaxOrtwOK_XwPDzK08_dBsAb9yoTVobeuG5GnX5U01dGzAnV6BRWVqrAcA9Y7Gzbg.81JUc1QUPhu_wOjYHS2FwSUK7UhkC1ctUdhZmdbBg3s&dib_tag=se&m=ANBW5NGGTP7SK&marketplaceID=A39IBJ37TRP1C6&qid=1777193548&refinements=p_36%3A37500-38000&s=merchant-items&sr=1-209&xpid=aYwKknfHDKcCw,宝永版本 観音冥応集―本文と説話目録 (研究叢書)
4757603835,,,,
4757601557,Tankobon Hardcover,376.71,https://www.amazon.com.au/%E8%A5%BF%E9%B6%B4%E5%85%A8%E4%BD%9C%E5%93%81%E3%82%A8%E3%83%83%E3%82%BB%E3%83%B3%E3%82%B9%E9%9B%86%E6%88%90/dp/4757601557/ref=sr_1_210?dib=eyJ2IjoiMSJ9.nTcBFeIPE6qyCLeURhllVtaxOrtwOK_XwPDzK08_dBsAb9yoTVobeuG5GnX5U01dGzAnV6BRWVqrAcA9Y7Gzbg.81JUc1QUPhu_wOjYHS2FwSUK7UhkC1ctUdhZmdbBg3s&dib_tag=se&m=ANBW5NGGTP7SK&marketplaceID=A39IBJ37TRP1C6&qid=1777193548&refinements=p_36%3A37500-38000&s=merchant-items&sr=1-210&xpid=aYwKknfHDKcCw#customerReviews,西鶴全作品エッセンス集成
4757601557,,,,
4750333964,Tankobon Hardcover,377.83,https://www.amazon.com.au/%E7%A4%BE%E4%BC%9A%E4%B8%BB%E7%BE%A9%E7%9A%84%E8%BF%91%E4%BB%A3%E5%8C%96%E3%81%AE%E7%B5%8C%E9%A8%93_%E5%B9%B8%E3%81%9B%E3%81%AE%E5%AE%9F%E7%8F%BE%E3%81%A8%E7%96%8E%E5%A4%96_/dp/4750333964/ref=sr_1_211?dib=eyJ2IjoiMSJ9.nTcBFeIPE6qyCLeURhllVtaxOrtwOK_XwPDzK08_dBsAb9yoTVobeuG5GnX5U01dGzAnV6BRWVqrAcA9Y7Gzbg.81JUc1QUPhu_wOjYHS2FwSUK7UhkC1ctUdhZmdbBg3s&dib_tag=se&m=ANBW5NGGTP7SK&marketplaceID=A39IBJ37TRP1C6&qid=1777193548&refinements=p_36%3A37500-38000&s=merchant-items&sr=1-211&xpid=aYwKknfHDKcCw,社会主義的近代化の経験―幸せの実現と疎外―
4750333964,,,,
4641115958,Mook,377.9,https://www.amazon.com.au/%E4%BB%A4%E5%92%8C2%E5%B9%B4%E5%BA%A6%E9%87%8D%E8%A6%81%E5%88%A4%E4%BE%8B%E8%A7%A3%E8%AA%AC-%E3%82%B8%E3%83%A5%E3%83%AA%E3%82%B9%E3%83%88%E8%87%A8%E6%99%82%E5%A2%97%E5%88%8A-1557/dp/4641115958/ref=sr_1_212?dib=eyJ2IjoiMSJ9.nTcBFeIPE6qyCLeURhllVtaxOrtwOK_XwPDzK08_dBsAb9yoTVobeuG5GnX5U01dGzAnV6BRWVqrAcA9Y7Gzbg.81JUc1QUPhu_wOjYHS2FwSUK7UhkC1ctUdhZmdbBg3s&dib_tag=se&m=ANBW5NGGTP7SK&marketplaceID=A39IBJ37TRP1C6&qid=1777193548&refinements=p_36%3A37500-38000&s=merchant-items&sr=1-212&xpid=aYwKknfHDKcCw#customerReviews,令和2年度重要判例解説 (ジュリスト臨時増刊): 1557
4641115958,,,,
4641017948,Tankobon Hardcover,378.93,https://www.amazon.com.au/%E6%B3%A8%E9%87%88%E6%B0%91%E4%BA%8B%E8%A8%B4%E8%A8%9F%E6%B3%95%E7%AC%AC4%E5%B7%BB-%E7%AC%AC%E4%B8%80%E5%AF%A9%E3%81%AE%E8%A8%B4%E8%A8%9F%E6%89%8B%E7%B6%9A-179%E6%9D%A1-280%E6%9D%A1-%E6%9C%89%E6%96%90%E9%96%A3%E3%82%B3%E3%83%B3%E3%83%A1%E3%83%B3%E3%82%BF%E3%83%BC%E3%83%AB/dp/4641017948/ref=sr_1_213?dib=eyJ2IjoiMSJ9.nTcBFeIPE6qyCLeURhllVtaxOrtwOK_XwPDzK08_dBsAb9yoTVobeuG5GnX5U01dGzAnV6BRWVqrAcA9Y7Gzbg.81JUc1QUPhu_wOjYHS2FwSUK7UhkC1ctUdhZmdbBg3s&dib_tag=se&m=ANBW5NGGTP7SK&marketplaceID=A39IBJ37TRP1C6&qid=1777193548&refinements=p_36%3A37500-38000&s=merchant-items&sr=1-213&xpid=aYwKknfHDKcCw#customerReviews,注釈民事訴訟法第4巻 -- 第一審の訴訟手続(2) 179条~280条 (有斐閣コンメンタール)
4641017948,,,,
4634321114,Tankobon Hardcover,376.71,https://www.amazon.com.au/%E5%9F%BC%E7%8E%89%E7%9C%8C%E3%81%AE%E6%AD%B4%E5%8F%B2-%E7%9C%8C%E5%8F%B2/dp/4634321114/ref=sr_1_209?dib=eyJ2IjoiMSJ9.4iAb-eLfU6fHa7AZFTB4POSbw9ZYsB1GwGaC8qq9rerGWQeXMtlw8weI1V4zge6guyVu1XgqxSoYH8FSKiIMt4SxvfZrZrYUB4nJde7MnFp6zZN9sziyTr7k-4HpApZe7F4-ZplQcSf5w_UmksAVazHuqkEGhMHBHymd9X1Sgyo.EyDBM9J-mMjxmaiHQIwhBi0-ASeIri8RGEMeyM6plZo&dib_tag=se&m=ANBW5NGGTP7SK&marketplaceID=A39IBJ37TRP1C6&qid=1777193548&refinements=p_36%3A37500-38000&s=merchant-items&sr=1-209&xpid=aYwKknfHDKcCw#customerReviews,埼玉県の歴史 (県史)
4634321114,,,,
4623091708,Tankobon Hardcover,375.9,https://www.amazon.com.au/%E7%B5%8C%E5%96%B6%E6%88%A6%E7%95%A5%E3%83%AA%E3%82%B9%E3%82%AF%E3%83%9E%E3%83%8D%E3%82%B8%E3%83%A1%E3%83%B3%E3%83%88-%E7%90%86%E8%AB%96%E3%81%A8%E5%AE%9F%E8%B7%B5-%E5%A4%A7%E6%A3%AE-%E5%8B%89/dp/4623091708/ref=sr_1_210?dib=eyJ2IjoiMSJ9.4iAb-eLfU6fHa7AZFTB4POSbw9ZYsB1GwGaC8qq9rerGWQeXMtlw8weI1V4zge6guyVu1XgqxSoYH8FSKiIMt4SxvfZrZrYUB4nJde7MnFp6zZN9sziyTr7k-4HpApZe7F4-ZplQcSf5w_UmksAVazHuqkEGhMHBHymd9X1Sgyo.EyDBM9J-mMjxmaiHQIwhBi0-ASeIri8RGEMeyM6plZo&dib_tag=se&m=ANBW5NGGTP7SK&marketplaceID=A39IBJ37TRP1C6&qid=1777193548&refinements=p_36%3A37500-38000&s=merchant-items&sr=1-210&xpid=aYwKknfHDKcCw#customerReviews,経営戦略リスクマネジメント:理論と実践
4623091708,,,,
4623088111,Tankobon Hardcover,376.56,https://www.amazon.com.au/%E4%BF%9D%E8%82%B2%E5%86%85%E5%AE%B9%E3%80%8C%E5%81%A5%E5%BA%B7%E3%80%8D-%E9%81%8A%E3%81%B3%E3%82%84%E7%94%9F%E6%B4%BB%E3%81%8B%E3%82%89%E5%81%A5%E3%82%84%E3%81%8B%E3%81%AA%E5%BF%83%E3%81%A8%E4%BD%93%E3%82%92%E8%82%B2%E3%82%80/dp/4623088111/ref=sr_1_211?dib=eyJ2IjoiMSJ9.4iAb-eLfU6fHa7AZFTB4POSbw9ZYsB1GwGaC8qq9rerGWQeXMtlw8weI1V4zge6guyVu1XgqxSoYH8FSKiIMt4SxvfZrZrYUB4nJde7MnFp6zZN9sziyTr7k-4HpApZe7F4-ZplQcSf5w_UmksAVazHuqkEGhMHBHymd9X1Sgyo.EyDBM9J-mMjxmaiHQIwhBi0-ASeIri8RGEMeyM6plZo&dib_tag=se&m=ANBW5NGGTP7SK&marketplaceID=A39IBJ37TRP1C6&qid=1777193548&refinements=p_36%3A37500-38000&s=merchant-items&sr=1-211&xpid=aYwKknfHDKcCw,保育内容「健康」:遊びや生活から健やかな心と体を育む
4623088111,,,,
4623085015,Tankobon Hardcover,376.01,https://www.amazon.com.au/%E3%81%A1%E3%82%87%E3%81%A3%E3%81%A8%E3%81%B5%E3%81%97%E3%81%8E-%E5%AD%A6%E7%BF%92%E9%9A%9C%E5%AE%B3-LD%E3%81%AE%E3%81%8A%E3%81%A8%E3%82%82%E3%81%A0%E3%81%A1-%E3%81%82%E3%81%AE%E5%AD%90%E3%81%AE%E7%99%BA%E9%81%94%E9%9A%9C%E5%AE%B3%E3%81%8C%E3%82%8F%E3%81%8B%E3%82%8B%E6%9C%AC-2/dp/4623085015/ref=sr_1_212?dib=eyJ2IjoiMSJ9.4iAb-eLfU6fHa7AZFTB4POSbw9ZYsB1GwGaC8qq9rerGWQeXMtlw8weI1V4zge6guyVu1XgqxSoYH8FSKiIMt4SxvfZrZrYUB4nJde7MnFp6zZN9sziyTr7k-4HpApZe7F4-ZplQcSf5w_UmksAVazHuqkEGhMHBHymd9X1Sgyo.EyDBM9J-mMjxmaiHQIwhBi0-ASeIri8RGEMeyM6plZo&dib_tag=se&m=ANBW5NGGTP7SK&marketplaceID=A39IBJ37TRP1C6&qid=1777193548&refinements=p_36%3A37500-38000&s=merchant-items&sr=1-212&xpid=aYwKknfHDKcCw#customerReviews,ちょっとふしぎ 学習障害 LDのおともだち (あの子の発達障害がわかる本 2)
4623085015,,,,
4623082121,Tankobon Hardcover,376.42,https://www.amazon.com.au/%E5%AD%90%E3%81%A9%E3%82%82%E5%AE%B6%E5%BA%AD%E7%A6%8F%E7%A5%89%E5%B0%82%E9%96%80%E8%81%B7%E3%81%AE%E3%81%9F%E3%82%81%E3%81%AE-%E5%AD%90%E8%82%B2%E3%81%A6%E6%94%AF%E6%8F%B4%E5%85%A5%E9%96%80/dp/4623082121/ref=sr_1_213?dib=eyJ2IjoiMSJ9.4iAb-eLfU6fHa7AZFTB4POSbw9ZYsB1GwGaC8qq9rerGWQeXMtlw8weI1V4zge6guyVu1XgqxSoYH8FSKiIMt4SxvfZrZrYUB4nJde7MnFp6zZN9sziyTr7k-4HpApZe7F4-ZplQcSf5w_UmksAVazHuqkEGhMHBHymd9X1Sgyo.EyDBM9J-mMjxmaiHQIwhBi0-ASeIri8RGEMeyM6plZo&dib_tag=se&m=ANBW5NGGTP7SK&marketplaceID=A39IBJ37TRP1C6&qid=1777193548&refinements=p_36%3A37500-38000&s=merchant-items&sr=1-213&xpid=aYwKknfHDKcCw#customerReviews,子ども家庭福祉専門職のための 子育て支援入門
4623082121,,,,
462306641X,Tankobon Hardcover,376.42,https://www.amazon.com.au/%E5%AD%90%E3%81%A9%E3%82%82%E3%81%AE%E5%BF%83%E3%81%AE%E8%82%B2%E3%81%A1%E3%82%92%E3%82%A8%E3%83%94%E3%82%BD%E3%83%BC%E3%83%89%E3%81%A7%E6%8F%8F%E3%81%8F_%E8%87%AA%E5%B7%B1%E8%82%AF%E5%AE%9A%E6%84%9F%E3%82%92%E8%82%B2%E3%81%A6%E3%82%8B%E4%BF%9D%E8%82%B2%E3%81%AE%E3%81%9F%E3%82%81%E3%81%AB-%E9%AF%A8%E5%B2%A1-%E5%B3%BB/dp/462306641X/ref=sr_1_214?dib=eyJ2IjoiMSJ9.4iAb-eLfU6fHa7AZFTB4POSbw9ZYsB1GwGaC8qq9rerGWQeXMtlw8weI1V4zge6guyVu1XgqxSoYH8FSKiIMt4SxvfZrZrYUB4nJde7MnFp6zZN9sziyTr7k-4HpApZe7F4-ZplQcSf5w_UmksAVazHuqkEGhMHBHymd9X1Sgyo.EyDBM9J-mMjxmaiHQIwhBi0-ASeIri8RGEMeyM6plZo&dib_tag=se&m=ANBW5NGGTP7SK&marketplaceID=A39IBJ37TRP1C6&qid=1777193548&refinements=p_36%3A37500-38000&s=merchant-items&sr=1-214&xpid=aYwKknfHDKcCw#customerReviews,子どもの心の育ちをエピソードで描く―自己肯定感を育てる保育のために
462306641X,,,,
4623052168,Tankobon Hardcover,378.03,https://www.amazon.com.au/%E9%82%AA%E9%A6%AC%E5%A3%B9%E5%9B%BD%E3%81%AE%E8%AB%96%E7%90%86_%E5%8F%A4%E4%BB%A3%E3%81%AB%E7%9C%9F%E5%AE%9F%E3%82%92%E6%B1%82%E3%82%81%E3%81%A6-%E5%8F%A4%E7%94%B0%E6%AD%A6%E5%BD%A6%E3%83%BB%E5%8F%A4%E4%BB%A3%E5%8F%B2%E3%82%B3%E3%83%AC%E3%82%AF%E3%82%B7%E3%83%A7%E3%83%B3/dp/4623052168/ref=sr_1_215?dib=eyJ2IjoiMSJ9.4iAb-eLfU6fHa7AZFTB4POSbw9ZYsB1GwGaC8qq9rerGWQeXMtlw8weI1V4zge6guyVu1XgqxSoYH8FSKiIMt4SxvfZrZrYUB4nJde7MnFp6zZN9sziyTr7k-4HpApZe7F4-ZplQcSf5w_UmksAVazHuqkEGhMHBHymd9X1Sgyo.EyDBM9J-mMjxmaiHQIwhBi0-ASeIri8RGEMeyM6plZo&dib_tag=se&m=ANBW5NGGTP7SK&marketplaceID=A39IBJ37TRP1C6&qid=1777193548&refinements=p_36%3A37500-38000&s=merchant-items&sr=1-215&xpid=aYwKknfHDKcCw#customerReviews,邪馬壹国の論理：古代に真実を求めて (古田武彦・古代史コレクション 4)
4623052168,,,,
4542187896,Tankobon Hardcover,379.79,https://www.amazon.com.au/JIS%E3%83%8F%E3%83%B3%E3%83%89%E3%83%96%E3%83%83%E3%82%AF-55-%E5%9B%BD%E9%9A%9B%E6%A8%99%E6%BA%96%E5%8C%96-2020/dp/4542187896/ref=sr_1_216?dib=eyJ2IjoiMSJ9.4iAb-eLfU6fHa7AZFTB4POSbw9ZYsB1GwGaC8qq9rerGWQeXMtlw8weI1V4zge6guyVu1XgqxSoYH8FSKiIMt4SxvfZrZrYUB4nJde7MnFp6zZN9sziyTr7k-4HpApZe7F4-ZplQcSf5w_UmksAVazHuqkEGhMHBHymd9X1Sgyo.EyDBM9J-mMjxmaiHQIwhBi0-ASeIri8RGEMeyM6plZo&dib_tag=se&m=ANBW5NGGTP7SK&marketplaceID=A39IBJ37TRP1C6&qid=1777193548&refinements=p_36%3A37500-38000&s=merchant-items&sr=1-216&xpid=aYwKknfHDKcCw,JISハンドブック 55 国際標準化 (55;2020): 2020 55
4542187896,,,,
4542187721,Tankobon Hardcover,375.09,https://www.amazon.com.au/JIS%E3%83%8F%E3%83%B3%E3%83%89%E3%83%96%E3%83%83%E3%82%AF-%E9%9B%BB%E6%B0%97%E8%A8%AD%E5%82%99I-%E9%9B%BB%E7%B7%9A%E3%83%BB%E3%82%B1%E3%83%BC%E3%83%96%E3%83%AB-%E9%9B%BB%E7%B7%9A%E7%AE%A1%E3%83%BB%E3%83%80%E3%82%AF%E3%83%88%E3%83%BB%E9%99%84%E5%B1%9E%E5%93%81-2020/dp/4542187721/ref=sr_1_217?dib=eyJ2IjoiMSJ9.4iAb-eLfU6fHa7AZFTB4POSbw9ZYsB1GwGaC8qq9rerGWQeXMtlw8weI1V4zge6guyVu1XgqxSoYH8FSKiIMt4SxvfZrZrYUB4nJde7MnFp6zZN9sziyTr7k-4HpApZe7F4-ZplQcSf5w_UmksAVazHuqkEGhMHBHymd9X1Sgyo.EyDBM9J-mMjxmaiHQIwhBi0-ASeIri8RGEMeyM6plZo&dib_tag=se&m=ANBW5NGGTP7SK&marketplaceID=A39IBJ37TRP1C6&qid=1777193548&refinements=p_36%3A37500-38000&s=merchant-items&sr=1-217&xpid=aYwKknfHDKcCw,JISハンドブック 19 電気設備I[一般/電線・ケーブル/電線管・ダクト・附属品] (19;2020): 2020 19
4542187721,,,,
453217158X,Tankobon Hardcover,377.63,https://www.amazon.com.au/%E3%83%AF%E3%82%AB%E3%82%BF%E3%82%B1%E3%83%AB-%E6%B1%A0%E6%BE%A4-%E5%A4%8F%E6%A8%B9/dp/453217158X/ref=sr_1_218?dib=eyJ2IjoiMSJ9.4iAb-eLfU6fHa7AZFTB4POSbw9ZYsB1GwGaC8qq9rerGWQeXMtlw8weI1V4zge6guyVu1XgqxSoYH8FSKiIMt4SxvfZrZrYUB4nJde7MnFp6zZN9sziyTr7k-4HpApZe7F4-ZplQcSf5w_UmksAVazHuqkEGhMHBHymd9X1Sgyo.EyDBM9J-mMjxmaiHQIwhBi0-ASeIri8RGEMeyM6plZo&dib_tag=se&m=ANBW5NGGTP7SK&marketplaceID=A39IBJ37TRP1C6&qid=1777193548&refinements=p_36%3A37500-38000&s=merchant-items&sr=1-218&xpid=aYwKknfHDKcCw#customerReviews,ワカタケル
453217158X,,,,
4532168899,Tankobon Softcover,375.09,https://www.amazon.com.au/10%E7%A8%AE%E3%81%A7%E3%82%8F%E3%81%8B%E3%82%8B%E4%B8%96%E7%95%8C%E3%81%AE%E3%83%81%E3%83%BC%E3%82%BA/dp/4532168899/ref=sr_1_219?dib=eyJ2IjoiMSJ9.4iAb-eLfU6fHa7AZFTB4POSbw9ZYsB1GwGaC8qq9rerGWQeXMtlw8weI1V4zge6guyVu1XgqxSoYH8FSKiIMt4SxvfZrZrYUB4nJde7MnFp6zZN9sziyTr7k-4HpApZe7F4-ZplQcSf5w_UmksAVazHuqkEGhMHBHymd9X1Sgyo.EyDBM9J-mMjxmaiHQIwhBi0-ASeIri8RGEMeyM6plZo&dib_tag=se&m=ANBW5NGGTP7SK&marketplaceID=A39IBJ37TRP1C6&qid=1777193548&refinements=p_36%3A37500-38000&s=merchant-items&sr=1-219&xpid=aYwKknfHDKcCw#customerReviews,10種でわかる世界のチーズ
4532168899,,,,
4521733239,Tankobon Hardcover,377.73,https://www.amazon.com.au/%E7%B5%90%E8%86%9C%E7%82%8E%E3%82%AA%E3%83%BC%E3%83%AB%E3%83%A9%E3%82%A6%E3%83%B3%E3%83%89-%E5%B0%82%E9%96%80%E5%8C%BB%E3%81%AE%E3%81%9F%E3%82%81%E3%81%AE%E7%9C%BC%E7%A7%91%E8%A8%BA%E7%99%82%E3%82%AF%E3%82%AA%E3%83%AA%E3%83%95%E3%82%A1%E3%82%A4-2/dp/4521733239/ref=sr_1_225?dib=eyJ2IjoiMSJ9.9tio9y_GRLvePwxBDgvmIBXIh7KMBSlq7jcVWwnD60mq3q4UyV3MdR8mrBQE0laUjB3A5Zir6oN2ZJBCXAYQgg.x587mtSMxxRNWHTq2KyiN9-mtjuphVru5W8tR6VwmxU&dib_tag=se&m=ANBW5NGGTP7SK&marketplaceID=A39IBJ37TRP1C6&qid=1777193554&refinements=p_36%3A37500-38000&s=merchant-items&sr=1-225&xpid=aYwKknfHDKcCw#customerReviews,結膜炎オールラウンド (専門医のための眼科診療クオリファイ): 2
4521733239,,,,
4500007091,Tankobon Hardcover,377.06,https://www.amazon.com.au/%E3%83%96%E3%83%A9%E3%83%95%E3%83%9E%E3%83%BB%E3%82%B9%E3%83%BC%E3%83%88%E3%83%A9_%E3%82%B7%E3%83%A3%E3%83%B3%E3%82%AB%E3%83%A9%E3%81%AE%E8%A8%BB%E9%87%88%E3%80%88%E4%B8%8B%E3%80%89-%E6%B9%AF%E7%94%B0-%E8%B1%8A/dp/4500007091/ref=sr_1_226?dib=eyJ2IjoiMSJ9.9tio9y_GRLvePwxBDgvmIBXIh7KMBSlq7jcVWwnD60mq3q4UyV3MdR8mrBQE0laUjB3A5Zir6oN2ZJBCXAYQgg.x587mtSMxxRNWHTq2KyiN9-mtjuphVru5W8tR6VwmxU&dib_tag=se&m=ANBW5NGGTP7SK&marketplaceID=A39IBJ37TRP1C6&qid=1777193554&refinements=p_36%3A37500-38000&s=merchant-items&sr=1-226&xpid=aYwKknfHDKcCw,ブラフマ・スートラ―シャンカラの註釈〈下〉
4500007091,,,,
4490307713,Tankobon Hardcover,375.43,https://www.amazon.com.au/%E6%88%A6%E5%9B%BD%E9%81%BA%E6%96%87-%E5%A4%A7%E5%86%85%E6%B0%8F%E7%B7%A8-%E7%AC%AC2%E5%B7%BB/dp/4490307713/ref=sr_1_227?dib=eyJ2IjoiMSJ9.9tio9y_GRLvePwxBDgvmIBXIh7KMBSlq7jcVWwnD60mq3q4UyV3MdR8mrBQE0laUjB3A5Zir6oN2ZJBCXAYQgg.x587mtSMxxRNWHTq2KyiN9-mtjuphVru5W8tR6VwmxU&dib_tag=se&m=ANBW5NGGTP7SK&marketplaceID=A39IBJ37TRP1C6&qid=1777193554&refinements=p_36%3A37500-38000&s=merchant-items&sr=1-227&xpid=aYwKknfHDKcCw,戦国遺文 大内氏編 第2巻
4490307713,,,,
4434210068,Tankobon Hardcover,375.09,https://www.amazon.com.au/THE-NEW-GATE%E3%80%8805%E3%80%89%E7%B4%85%E3%81%AE%E6%AE%B1%E6%BB%85%E8%80%85/dp/4434210068/ref=sr_1_228?dib=eyJ2IjoiMSJ9.9tio9y_GRLvePwxBDgvmIBXIh7KMBSlq7jcVWwnD60mq3q4UyV3MdR8mrBQE0laUjB3A5Zir6oN2ZJBCXAYQgg.x587mtSMxxRNWHTq2KyiN9-mtjuphVru5W8tR6VwmxU&dib_tag=se&m=ANBW5NGGTP7SK&marketplaceID=A39IBJ37TRP1C6&qid=1777193554&refinements=p_36%3A37500-38000&s=merchant-items&sr=1-228&xpid=aYwKknfHDKcCw#customerReviews,THE NEW GATE〈05〉紅の殱滅者
4434210068,,,,
4322138233,Tankobon Softcover,376.09,https://www.amazon.com.au/2020%E5%B9%B4%E5%BA%A6%E7%89%88-DC%E3%83%97%E3%83%A9%E3%83%B3%E3%83%8A%E3%83%BC1%E7%B4%9A%E8%A9%A6%E9%A8%93%E5%95%8F%E9%A1%8C%E9%9B%86-%E4%B8%80%E8%88%AC%E7%A4%BE%E5%9B%A3%E6%B3%95%E4%BA%BA%E9%87%91%E8%9E%8D%E8%B2%A1%E6%94%BF%E4%BA%8B%E6%83%85%E7%A0%94%E7%A9%B6%E4%BC%9A-%E6%A4%9C%E5%AE%9A%E3%82%BB%E3%83%B3%E3%82%BF%E3%83%BC/dp/4322138233/ref=sr_1_229?dib=eyJ2IjoiMSJ9.9tio9y_GRLvePwxBDgvmIBXIh7KMBSlq7jcVWwnD60mq3q4UyV3MdR8mrBQE0laUjB3A5Zir6oN2ZJBCXAYQgg.x587mtSMxxRNWHTq2KyiN9-mtjuphVru5W8tR6VwmxU&dib_tag=se&m=ANBW5NGGTP7SK&marketplaceID=A39IBJ37TRP1C6&qid=1777193554&refinements=p_36%3A37500-38000&s=merchant-items&sr=1-229&xpid=aYwKknfHDKcCw#customerReviews,2020年度版 DCプランナー1級試験問題集
4322138233,,,,
4322135765,Tankobon Softcover,379.9,https://www.amazon.com.au/ESG%E6%8A%95%E8%B3%87%E3%81%A8%E3%83%91%E3%83%95%E3%82%A9%E3%83%BC%E3%83%9E%E3%83%B3%E3%82%B9_SDGs%E3%83%BB%E6%8C%81%E7%B6%9A%E5%8F%AF%E8%83%BD%E3%81%AA%E7%A4%BE%E4%BC%9A%E3%81%AB%E5%90%91%E3%81%91%E3%81%9F%E6%8A%95%E8%B3%87%E3%81%AF%E3%81%A9%E3%81%86%E3%81%82%E3%82%8B%E3%81%B9%E3%81%8D%E3%81%8B-%E6%B9%AF%E5%B1%B1-%E6%99%BA%E6%95%99/dp/4322135765/ref=sr_1_225?dib=eyJ2IjoiMSJ9.THknof6DnkUdoFTEvwZWRirXUHUsTJN9hFMJ2lcrd4_GjHj071QN20LucGBJIEps.JbupeQtSAnMMYLn6U8qnAnKRXHKdKvupUP-7TU42b6w&dib_tag=se&m=ANBW5NGGTP7SK&marketplaceID=A39IBJ37TRP1C6&qid=1777193554&refinements=p_36%3A37500-38000&s=merchant-items&sr=1-225&xpid=aYwKknfHDKcCw#customerReviews,ESG投資とパフォーマンス―SDGs・持続可能な社会に向けた投資はどうあるべきか
4322135765,,,,
426002082X,JP Oversized,378.56,https://www.amazon.com.au/%E8%84%B3%E5%8D%92%E4%B8%AD%E3%83%93%E3%82%B8%E3%83%A5%E3%82%A2%E3%83%AB%E3%83%86%E3%82%AD%E3%82%B9%E3%83%88-%E7%AC%AC4%E7%89%88-%E8%8D%92%E6%9C%A8-%E4%BF%A1%E5%A4%AB/dp/426002082X/ref=sr_1_226?dib=eyJ2IjoiMSJ9.THknof6DnkUdoFTEvwZWRirXUHUsTJN9hFMJ2lcrd4_GjHj071QN20LucGBJIEps.JbupeQtSAnMMYLn6U8qnAnKRXHKdKvupUP-7TU42b6w&dib_tag=se&m=ANBW5NGGTP7SK&marketplaceID=A39IBJ37TRP1C6&qid=1777193554&refinements=p_36%3A37500-38000&s=merchant-items&sr=1-226&xpid=aYwKknfHDKcCw#customerReviews,脳卒中ビジュアルテキスト 第4版
426002082X,,,,
4260014765,Tankobon Hardcover,378.56,https://www.amazon.com.au/%E8%85%B9%E8%85%94%E9%8F%A1%E4%B8%8B%E5%A4%A7%E8%85%B8%E7%99%8C%E6%89%8B%E8%A1%93_%E7%99%BA%E7%94%9F%E3%81%8B%E3%82%89%E3%81%BF%E3%81%9F%E7%AD%8B%E8%86%9C%E8%A7%A3%E5%89%96%E3%81%AB%E5%9F%BA%E3%81%A5%E3%81%8F%E6%89%8B%E8%A1%93%E6%89%8B%E6%8A%80-%E4%B8%89%E6%AF%9B-%E7%89%A7%E5%A4%AB/dp/4260014765/ref=sr_1_227?dib=eyJ2IjoiMSJ9.THknof6DnkUdoFTEvwZWRirXUHUsTJN9hFMJ2lcrd4_GjHj071QN20LucGBJIEps.JbupeQtSAnMMYLn6U8qnAnKRXHKdKvupUP-7TU42b6w&dib_tag=se&m=ANBW5NGGTP7SK&marketplaceID=A39IBJ37TRP1C6&qid=1777193554&refinements=p_36%3A37500-38000&s=merchant-items&sr=1-227&xpid=aYwKknfHDKcCw#customerReviews,腹腔鏡下大腸癌手術―発生からみた筋膜解剖に基づく手術手技
4260014765,,,,
