ASIN,Brand,Price,URL,Title
B0CLD46QBK,,156.31,https://www.amazon.com.au/Productions-Gurura-Non-Scale-Plastic-Pre-Painted/dp/B0CLD46QBK/ref=sr_1_1?dib=eyJ2IjoiMSJ9.tq0uuGlS7laCj2XBMN1cMQ3NBMq_cqnhFOCnA0X30gzLKCR4DfqbuxUpWupGdJdYbvIFWNWQBtvfp-Y7vcCbeCbCAxO1H6H0IyPXN3B7BQapcIwRMCtSF3LKxvg4oZsu0-Ojs0aQ26DN5YXbIOts3QmgNs6TjyOKY1H-Da7FxDBYs_KHkfnDbn7STLMllDc-S0Xx16dgu6Y1KAYTTOXRyG5MFZyl2wqa4z2qEmkBsTc.Ynu8vVg5wQ4awesVMm3bMRfNS564eh1pqmuT7_SpE2w&dib_tag=se&m=A3SFQLVXY8GUH2&marketplaceID=A39IBJ37TRP1C6&qid=1774740256&refinements=p_36%3A15500-16000&s=merchant-items&sr=1-1#customerReviews,"figma Holo Live Productions Gauru Gurura, Non-Scale, Plastic, Pre-Painted Action Figure"
B00GKQGI1I,,158.39,https://www.amazon.com.au/Wilson-Revolve-Tennis-String-Natural/dp/B00GKQGI1I/ref=sr_1_2?dib=eyJ2IjoiMSJ9.tq0uuGlS7laCj2XBMN1cMQ3NBMq_cqnhFOCnA0X30gzLKCR4DfqbuxUpWupGdJdYbvIFWNWQBtvfp-Y7vcCbeCbCAxO1H6H0IyPXN3B7BQapcIwRMCtSF3LKxvg4oZsu0-Ojs0aQ26DN5YXbIOts3QmgNs6TjyOKY1H-Da7FxDBYs_KHkfnDbn7STLMllDc-S0Xx16dgu6Y1KAYTTOXRyG5MFZyl2wqa4z2qEmkBsTc.Ynu8vVg5wQ4awesVMm3bMRfNS564eh1pqmuT7_SpE2w&dib_tag=se&m=A3SFQLVXY8GUH2&marketplaceID=A39IBJ37TRP1C6&qid=1774740256&refinements=p_36%3A15500-16000&s=merchant-items&sr=1-2#customerReviews,"Wilson 16 Sensation String-Transparent/Natural, Size 16G"
B00GKQGI1I,,,,
B0D6PW2HG8,,156.5,https://www.amazon.com.au/Skechers-Womens-Valencia-Trainers-Black/dp/B0D6PW2HG8/ref=sr_1_3?dib=eyJ2IjoiMSJ9.tq0uuGlS7laCj2XBMN1cMQ3NBMq_cqnhFOCnA0X30gzLKCR4DfqbuxUpWupGdJdYbvIFWNWQBtvfp-Y7vcCbeCbCAxO1H6H0IyPXN3B7BQapcIwRMCtSF3LKxvg4oZsu0-Ojs0aQ26DN5YXbIOts3QmgNs6TjyOKY1H-Da7FxDBYs_KHkfnDbn7STLMllDc-S0Xx16dgu6Y1KAYTTOXRyG5MFZyl2wqa4z2qEmkBsTc.Ynu8vVg5wQ4awesVMm3bMRfNS564eh1pqmuT7_SpE2w&dib_tag=se&m=A3SFQLVXY8GUH2&marketplaceID=A39IBJ37TRP1C6&qid=1774740256&refinements=p_36%3A15500-16000&s=merchant-items&sr=1-3#customerReviews,Skechers
B08TR13HCD,,156.67,https://www.amazon.com.au/Silverstone-ECS06-Non-RAID-Express-SST-ECS06/dp/B08TR13HCD/ref=sr_1_4?dib=eyJ2IjoiMSJ9.tq0uuGlS7laCj2XBMN1cMQ3NBMq_cqnhFOCnA0X30gzLKCR4DfqbuxUpWupGdJdYbvIFWNWQBtvfp-Y7vcCbeCbCAxO1H6H0IyPXN3B7BQapcIwRMCtSF3LKxvg4oZsu0-Ojs0aQ26DN5YXbIOts3QmgNs6TjyOKY1H-Da7FxDBYs_KHkfnDbn7STLMllDc-S0Xx16dgu6Y1KAYTTOXRyG5MFZyl2wqa4z2qEmkBsTc.Ynu8vVg5wQ4awesVMm3bMRfNS564eh1pqmuT7_SpE2w&dib_tag=se&m=A3SFQLVXY8GUH2&marketplaceID=A39IBJ37TRP1C6&qid=1774740256&refinements=p_36%3A15500-16000&s=merchant-items&sr=1-4#customerReviews,"Silverstone ECS06, 6 Ports SATA Gen3 (6Gbps) Non-RAID PCI Express Gen3 x2 Card, SST-ECS06"
B08TR13HCD,,,,
B0CL97K5N2,,158.69,https://www.amazon.com.au/MAFEX-No-224-Black-Total-Height/dp/B0CL97K5N2/ref=sr_1_5?dib=eyJ2IjoiMSJ9.tq0uuGlS7laCj2XBMN1cMQ3NBMq_cqnhFOCnA0X30gzLKCR4DfqbuxUpWupGdJdYbvIFWNWQBtvfp-Y7vcCbeCbCAxO1H6H0IyPXN3B7BQapcIwRMCtSF3LKxvg4oZsu0-Ojs0aQ26DN5YXbIOts3QmgNs6TjyOKY1H-Da7FxDBYs_KHkfnDbn7STLMllDc-S0Xx16dgu6Y1KAYTTOXRyG5MFZyl2wqa4z2qEmkBsTc.Ynu8vVg5wQ4awesVMm3bMRfNS564eh1pqmuT7_SpE2w&dib_tag=se&m=A3SFQLVXY8GUH2&marketplaceID=A39IBJ37TRP1C6&qid=1774740256&refinements=p_36%3A15500-16000&s=merchant-items&sr=1-5#customerReviews,"MAFEX No.224 Black ADAM Black Adam, Total Height: Approx. 6.5 inches (165 mm), Non-Scale, Painted Action Figure"
B0CRY369RL,,156.38,https://www.amazon.com.au/S-H-Monster-Arts-Godzilla-Kong/dp/B0CRY369RL/ref=sr_1_6?dib=eyJ2IjoiMSJ9.tq0uuGlS7laCj2XBMN1cMQ3NBMq_cqnhFOCnA0X30gzLKCR4DfqbuxUpWupGdJdYbvIFWNWQBtvfp-Y7vcCbeCbCAxO1H6H0IyPXN3B7BQapcIwRMCtSF3LKxvg4oZsu0-Ojs0aQ26DN5YXbIOts3QmgNs6TjyOKY1H-Da7FxDBYs_KHkfnDbn7STLMllDc-S0Xx16dgu6Y1KAYTTOXRyG5MFZyl2wqa4z2qEmkBsTc.Ynu8vVg5wQ4awesVMm3bMRfNS564eh1pqmuT7_SpE2w&dib_tag=se&m=A3SFQLVXY8GUH2&marketplaceID=A39IBJ37TRP1C6&qid=1774740256&refinements=p_36%3A15500-16000&s=merchant-items&sr=1-6#customerReviews,"S.H. Monster Arts Godzilla from Godzilla x Kong: The New Emperor (2024), Approx. 6.3 inches (160 mm), PVC Pre-Painted Action Figure"
B0D6PLXM6T,,159.16,https://www.amazon.com.au/Skechers-Womens-Glide-Step-Trainers-Taupe/dp/B0D6PLXM6T/ref=sr_1_7?dib=eyJ2IjoiMSJ9.tq0uuGlS7laCj2XBMN1cMQ3NBMq_cqnhFOCnA0X30gzLKCR4DfqbuxUpWupGdJdYbvIFWNWQBtvfp-Y7vcCbeCbCAxO1H6H0IyPXN3B7BQapcIwRMCtSF3LKxvg4oZsu0-Ojs0aQ26DN5YXbIOts3QmgNs6TjyOKY1H-Da7FxDBYs_KHkfnDbn7STLMllDc-S0Xx16dgu6Y1KAYTTOXRyG5MFZyl2wqa4z2qEmkBsTc.Ynu8vVg5wQ4awesVMm3bMRfNS564eh1pqmuT7_SpE2w&dib_tag=se&m=A3SFQLVXY8GUH2&marketplaceID=A39IBJ37TRP1C6&qid=1774740256&refinements=p_36%3A15500-16000&s=merchant-items&sr=1-7#customerReviews,Skechers Women's Glide-Step Pro Sneaker
B0D6PLXM6T,,,,
B08V64DFQW,Nintendo Switch,155.32,https://www.amazon.com.au/R-TYPE-FINAL-2-%E9%99%90%E5%AE%9A%E7%89%88-Switch/dp/B08V64DFQW/ref=sr_1_8?dib=eyJ2IjoiMSJ9.tq0uuGlS7laCj2XBMN1cMQ3NBMq_cqnhFOCnA0X30gzLKCR4DfqbuxUpWupGdJdYbvIFWNWQBtvfp-Y7vcCbeCbCAxO1H6H0IyPXN3B7BQapcIwRMCtSF3LKxvg4oZsu0-Ojs0aQ26DN5YXbIOts3QmgNs6TjyOKY1H-Da7FxDBYs_KHkfnDbn7STLMllDc-S0Xx16dgu6Y1KAYTTOXRyG5MFZyl2wqa4z2qEmkBsTc.Ynu8vVg5wQ4awesVMm3bMRfNS564eh1pqmuT7_SpE2w&dib_tag=se&m=A3SFQLVXY8GUH2&marketplaceID=A39IBJ37TRP1C6&qid=1774740256&refinements=p_36%3A15500-16000&s=merchant-items&sr=1-8#customerReviews,R-TYPE FINAL 2 限定版 - Switch
B08V64DFQW,,,,
B0D8TKQSRM,,155.47,https://www.amazon.com.au/Thermaltake-CT120-ARGB-Matcha-Green/dp/B0D8TKQSRM/ref=sr_1_9?dib=eyJ2IjoiMSJ9.tq0uuGlS7laCj2XBMN1cMQ3NBMq_cqnhFOCnA0X30gzLKCR4DfqbuxUpWupGdJdYbvIFWNWQBtvfp-Y7vcCbeCbCAxO1H6H0IyPXN3B7BQapcIwRMCtSF3LKxvg4oZsu0-Ojs0aQ26DN5YXbIOts3QmgNs6TjyOKY1H-Da7FxDBYs_KHkfnDbn7STLMllDc-S0Xx16dgu6Y1KAYTTOXRyG5MFZyl2wqa4z2qEmkBsTc.Ynu8vVg5wQ4awesVMm3bMRfNS564eh1pqmuT7_SpE2w&dib_tag=se&m=A3SFQLVXY8GUH2&marketplaceID=A39IBJ37TRP1C6&qid=1774740256&refinements=p_36%3A15500-16000&s=merchant-items&sr=1-9#customerReviews,Thermaltake CT120 EX ARGB Matcha Green 3 Fan Pack
B0D8TKQSRM,,,,
B09Y5LWWVM,,158.69,https://www.amazon.com.au/MAFEX-No-182-Comic-Total-Height/dp/B09Y5LWWVM/ref=sr_1_10?dib=eyJ2IjoiMSJ9.tq0uuGlS7laCj2XBMN1cMQ3NBMq_cqnhFOCnA0X30gzLKCR4DfqbuxUpWupGdJdYbvIFWNWQBtvfp-Y7vcCbeCbCAxO1H6H0IyPXN3B7BQapcIwRMCtSF3LKxvg4oZsu0-Ojs0aQ26DN5YXbIOts3QmgNs6TjyOKY1H-Da7FxDBYs_KHkfnDbn7STLMllDc-S0Xx16dgu6Y1KAYTTOXRyG5MFZyl2wqa4z2qEmkBsTc.Ynu8vVg5wQ4awesVMm3bMRfNS564eh1pqmuT7_SpE2w&dib_tag=se&m=A3SFQLVXY8GUH2&marketplaceID=A39IBJ37TRP1C6&qid=1774740256&refinements=p_36%3A15500-16000&s=merchant-items&sr=1-10#customerReviews,"MAFEX No.182 Thor Thor (Comic Ver.) Total Height: Approx. 6.3 inches (160 mm), Non-Scale, Pre-Painted Action Figure"
B08LL8CNB8,Nintendo Switch,155.59,https://www.amazon.com.au/DMM-GAMES-%E3%82%B5%E3%83%A0%E3%83%A9%E3%82%A4%E3%82%B8%E3%83%A3%E3%83%83%E3%82%AF-%E6%99%82%E7%A9%BA%E3%81%AE%E6%88%A6%E3%81%84-Switch/dp/B08LL8CNB8/ref=sr_1_11?dib=eyJ2IjoiMSJ9.tq0uuGlS7laCj2XBMN1cMQ3NBMq_cqnhFOCnA0X30gzLKCR4DfqbuxUpWupGdJdYbvIFWNWQBtvfp-Y7vcCbeCbCAxO1H6H0IyPXN3B7BQapcIwRMCtSF3LKxvg4oZsu0-Ojs0aQ26DN5YXbIOts3QmgNs6TjyOKY1H-Da7FxDBYs_KHkfnDbn7STLMllDc-S0Xx16dgu6Y1KAYTTOXRyG5MFZyl2wqa4z2qEmkBsTc.Ynu8vVg5wQ4awesVMm3bMRfNS564eh1pqmuT7_SpE2w&dib_tag=se&m=A3SFQLVXY8GUH2&marketplaceID=A39IBJ37TRP1C6&qid=1774740256&refinements=p_36%3A15500-16000&s=merchant-items&sr=1-11#customerReviews,サムライジャック:時空の戦い - Switch
B08LL8CNB8,,,,
B01MSAM035,,155.09,https://www.amazon.com.au/Edoten-Japan-Kimono-Jinbei-Black/dp/B01MSAM035/ref=sr_1_12?dib=eyJ2IjoiMSJ9.tq0uuGlS7laCj2XBMN1cMQ3NBMq_cqnhFOCnA0X30gzLKCR4DfqbuxUpWupGdJdYbvIFWNWQBtvfp-Y7vcCbeCbCAxO1H6H0IyPXN3B7BQapcIwRMCtSF3LKxvg4oZsu0-Ojs0aQ26DN5YXbIOts3QmgNs6TjyOKY1H-Da7FxDBYs_KHkfnDbn7STLMllDc-S0Xx16dgu6Y1KAYTTOXRyG5MFZyl2wqa4z2qEmkBsTc.Ynu8vVg5wQ4awesVMm3bMRfNS564eh1pqmuT7_SpE2w&dib_tag=se&m=A3SFQLVXY8GUH2&marketplaceID=A39IBJ37TRP1C6&qid=1774740256&refinements=p_36%3A15500-16000&s=merchant-items&sr=1-12#customerReviews,Edoten Men's Japan Kimono Jimbei SIJIRAORI 100% Cotton.
B01M7X41IO,PlayStation 4,159.25,https://www.amazon.com.au/Super-Robot-Taisen-Production-Encapsulated/dp/B01M7X41IO/ref=sr_1_13?dib=eyJ2IjoiMSJ9.tq0uuGlS7laCj2XBMN1cMQ3NBMq_cqnhFOCnA0X30gzLKCR4DfqbuxUpWupGdJdYbvIFWNWQBtvfp-Y7vcCbeCbCAxO1H6H0IyPXN3B7BQapcIwRMCtSF3LKxvg4oZsu0-Ojs0aQ26DN5YXbIOts3QmgNs6TjyOKY1H-Da7FxDBYs_KHkfnDbn7STLMllDc-S0Xx16dgu6Y1KAYTTOXRyG5MFZyl2wqa4z2qEmkBsTc.Ynu8vVg5wQ4awesVMm3bMRfNS564eh1pqmuT7_SpE2w&dib_tag=se&m=A3SFQLVXY8GUH2&marketplaceID=A39IBJ37TRP1C6&qid=1774740256&refinements=p_36%3A15500-16000&s=merchant-items&sr=1-13#customerReviews,Super Robot Taisen V - Premium Animation Song & Sound Edition - Normal Edition / Limited Edition 's First Product Production Includes Product Code that Enables First Time Encapsulated 3 Benefits
B01M7X41IO,,,,
B000U3RZJQ,,145.0,https://www.amazon.com.au/KNIPEX-85-01-250-atramentized/dp/B000U3RZJQ/ref=sr_1_14?dib=eyJ2IjoiMSJ9.tq0uuGlS7laCj2XBMN1cMQ3NBMq_cqnhFOCnA0X30gzLKCR4DfqbuxUpWupGdJdYbvIFWNWQBtvfp-Y7vcCbeCbCAxO1H6H0IyPXN3B7BQapcIwRMCtSF3LKxvg4oZsu0-Ojs0aQ26DN5YXbIOts3QmgNs6TjyOKY1H-Da7FxDBYs_KHkfnDbn7STLMllDc-S0Xx16dgu6Y1KAYTTOXRyG5MFZyl2wqa4z2qEmkBsTc.Ynu8vVg5wQ4awesVMm3bMRfNS564eh1pqmuT7_SpE2w&dib_tag=se&m=A3SFQLVXY8GUH2&marketplaceID=A39IBJ37TRP1C6&qid=1774740256&refinements=p_36%3A15500-16000&s=merchant-items&sr=1-14#customerReviews,"Knipex SmartGrip® Water Pump Pliers with automatic adjustment grey atramentized, with non-slip plastic coating 250 mm 85 01 250"
B000U3RZJQ,,,,
B09XTT2RGP,,158.63,https://www.amazon.com.au/Thermaltake-Riser-Cable-Express-Extender/dp/B09XTT2RGP/ref=sr_1_15?dib=eyJ2IjoiMSJ9.tq0uuGlS7laCj2XBMN1cMQ3NBMq_cqnhFOCnA0X30gzLKCR4DfqbuxUpWupGdJdYbvIFWNWQBtvfp-Y7vcCbeCbCAxO1H6H0IyPXN3B7BQapcIwRMCtSF3LKxvg4oZsu0-Ojs0aQ26DN5YXbIOts3QmgNs6TjyOKY1H-Da7FxDBYs_KHkfnDbn7STLMllDc-S0Xx16dgu6Y1KAYTTOXRyG5MFZyl2wqa4z2qEmkBsTc.Ynu8vVg5wQ4awesVMm3bMRfNS564eh1pqmuT7_SpE2w&dib_tag=se&m=A3SFQLVXY8GUH2&marketplaceID=A39IBJ37TRP1C6&qid=1774740256&refinements=p_36%3A15500-16000&s=merchant-items&sr=1-15#customerReviews,Thermaltake PCI-E 4.0 Riser Cable Express Extender 16X - 200mm with 90 Degree Adapter
B09XTT2RGP,,,,
B0000694RC,Sega Dreamcast,155.93,https://www.amazon.com.au/Simple-2000-Vol-Fureai-Simulation/dp/B0000694RC/ref=sr_1_16?dib=eyJ2IjoiMSJ9.tq0uuGlS7laCj2XBMN1cMQ3NBMq_cqnhFOCnA0X30gzLKCR4DfqbuxUpWupGdJdYbvIFWNWQBtvfp-Y7vcCbeCbCAxO1H6H0IyPXN3B7BQapcIwRMCtSF3LKxvg4oZsu0-Ojs0aQ26DN5YXbIOts3QmgNs6TjyOKY1H-Da7FxDBYs_KHkfnDbn7STLMllDc-S0Xx16dgu6Y1KAYTTOXRyG5MFZyl2wqa4z2qEmkBsTc.Ynu8vVg5wQ4awesVMm3bMRfNS564eh1pqmuT7_SpE2w&dib_tag=se&m=A3SFQLVXY8GUH2&marketplaceID=A39IBJ37TRP1C6&qid=1774740256&refinements=p_36%3A15500-16000&s=merchant-items&sr=1-16#customerReviews,Simple 2000 Series DC Vol. 03 Fureai: The Renai Simulation [Japan Import]
B0000694RC,,,,
B0B3CMYCK2,,159.71,https://www.amazon.com.au/Mizuno-Volleyball-Activities-Indoor-Lightweight/dp/B0B3CMYCK2/ref=sr_1_17?dib=eyJ2IjoiMSJ9.7KNh5kRvMKT0rRaehrBvWDcJ27T-dhb7AIgEQ33TAuWEzP1NRC-aVKeuvCxsMNulb_XSSbkZuCyGTmN93sNWZp-hqYHYeYC3xnlmwshoT5rVF3m46UM2LynJshi8yvlKgQMO-D7KT5Qp10waD45m5KYmjpP9rDGyDi-LHZaHWkDOWmuOWFVfp_S13XbnSUrhLO_7BZ29mttof5GrmBs_j76DRxkAvNI9XcBKlp0hgHw.GXji-_dvayf2CWfoDBT4YHBGP_p_DtowLcK39adP6O8&dib_tag=se&m=A3SFQLVXY8GUH2&marketplaceID=A39IBJ37TRP1C6&qid=1774740263&refinements=p_36%3A15500-16000&s=merchant-items&sr=1-17&xpid=TFdhnNZBnbxxK#customerReviews,"Mizuno Fly Volleyball Shoes, Club Activities, Indoor, Wide, Lightweight, Indoor"
B0BMNZGWQ5,,156.9,https://www.amazon.com.au/Medicom-Terminator-Version-Action-Figure/dp/B0BMNZGWQ5/ref=sr_1_18?dib=eyJ2IjoiMSJ9.7KNh5kRvMKT0rRaehrBvWDcJ27T-dhb7AIgEQ33TAuWEzP1NRC-aVKeuvCxsMNulb_XSSbkZuCyGTmN93sNWZp-hqYHYeYC3xnlmwshoT5rVF3m46UM2LynJshi8yvlKgQMO-D7KT5Qp10waD45m5KYmjpP9rDGyDi-LHZaHWkDOWmuOWFVfp_S13XbnSUrhLO_7BZ29mttof5GrmBs_j76DRxkAvNI9XcBKlp0hgHw.GXji-_dvayf2CWfoDBT4YHBGP_p_DtowLcK39adP6O8&dib_tag=se&m=A3SFQLVXY8GUH2&marketplaceID=A39IBJ37TRP1C6&qid=1774740263&refinements=p_36%3A15500-16000&s=merchant-items&sr=1-18&xpid=TFdhnNZBnbxxK#customerReviews,Medicom - Terminator - T-800 T2 Version Mafex Action Figure
B004HEXWEG,Sony PSP,157.65,https://www.amazon.com.au/Are-You-Alice-Limited-Japan/dp/B004HEXWEG/ref=sr_1_19?dib=eyJ2IjoiMSJ9.7KNh5kRvMKT0rRaehrBvWDcJ27T-dhb7AIgEQ33TAuWEzP1NRC-aVKeuvCxsMNulb_XSSbkZuCyGTmN93sNWZp-hqYHYeYC3xnlmwshoT5rVF3m46UM2LynJshi8yvlKgQMO-D7KT5Qp10waD45m5KYmjpP9rDGyDi-LHZaHWkDOWmuOWFVfp_S13XbnSUrhLO_7BZ29mttof5GrmBs_j76DRxkAvNI9XcBKlp0hgHw.GXji-_dvayf2CWfoDBT4YHBGP_p_DtowLcK39adP6O8&dib_tag=se&m=A3SFQLVXY8GUH2&marketplaceID=A39IBJ37TRP1C6&qid=1774740263&refinements=p_36%3A15500-16000&s=merchant-items&sr=1-19&xpid=TFdhnNZBnbxxK#customerReviews,Are You Alice? [Limited Edition] [Japan Import]
B004HEXWEG,,,,
B00FPH4K5O,,157.14,https://www.amazon.com.au/black-Professiona-English-array-PD-KB400KTB/dp/B00FPH4K5O/ref=sr_1_20?dib=eyJ2IjoiMSJ9.7KNh5kRvMKT0rRaehrBvWDcJ27T-dhb7AIgEQ33TAuWEzP1NRC-aVKeuvCxsMNulb_XSSbkZuCyGTmN93sNWZp-hqYHYeYC3xnlmwshoT5rVF3m46UM2LynJshi8yvlKgQMO-D7KT5Qp10waD45m5KYmjpP9rDGyDi-LHZaHWkDOWmuOWFVfp_S13XbnSUrhLO_7BZ29mttof5GrmBs_j76DRxkAvNI9XcBKlp0hgHw.GXji-_dvayf2CWfoDBT4YHBGP_p_DtowLcK39adP6O8&dib_tag=se&m=A3SFQLVXY8GUH2&marketplaceID=A39IBJ37TRP1C6&qid=1774740263&refinements=p_36%3A15500-16000&s=merchant-items&sr=1-20&xpid=TFdhnNZBnbxxK#customerReviews,PFU key top set black (HHKB Professiona series English array model) PD-KB400KTB
B00FPH4K5O,,,,
B07DDMM678,,155.45,https://www.amazon.com.au/HOKA-ONE-Fashion-Sneakers-Black/dp/B07DDMM678/ref=sr_1_21?dib=eyJ2IjoiMSJ9.7KNh5kRvMKT0rRaehrBvWDcJ27T-dhb7AIgEQ33TAuWEzP1NRC-aVKeuvCxsMNulb_XSSbkZuCyGTmN93sNWZp-hqYHYeYC3xnlmwshoT5rVF3m46UM2LynJshi8yvlKgQMO-D7KT5Qp10waD45m5KYmjpP9rDGyDi-LHZaHWkDOWmuOWFVfp_S13XbnSUrhLO_7BZ29mttof5GrmBs_j76DRxkAvNI9XcBKlp0hgHw.GXji-_dvayf2CWfoDBT4YHBGP_p_DtowLcK39adP6O8&dib_tag=se&m=A3SFQLVXY8GUH2&marketplaceID=A39IBJ37TRP1C6&qid=1774740263&refinements=p_36%3A15500-16000&s=merchant-items&sr=1-21&xpid=TFdhnNZBnbxxK#customerReviews,HOKA
B07DDMM678,,,,
B000NVS8Y6,Sony PSP,156.4,https://www.amazon.com.au/Colin-McRae-Rally-Japan-Import/dp/B000NVS8Y6/ref=sr_1_22?dib=eyJ2IjoiMSJ9.7KNh5kRvMKT0rRaehrBvWDcJ27T-dhb7AIgEQ33TAuWEzP1NRC-aVKeuvCxsMNulb_XSSbkZuCyGTmN93sNWZp-hqYHYeYC3xnlmwshoT5rVF3m46UM2LynJshi8yvlKgQMO-D7KT5Qp10waD45m5KYmjpP9rDGyDi-LHZaHWkDOWmuOWFVfp_S13XbnSUrhLO_7BZ29mttof5GrmBs_j76DRxkAvNI9XcBKlp0hgHw.GXji-_dvayf2CWfoDBT4YHBGP_p_DtowLcK39adP6O8&dib_tag=se&m=A3SFQLVXY8GUH2&marketplaceID=A39IBJ37TRP1C6&qid=1774740263&refinements=p_36%3A15500-16000&s=merchant-items&sr=1-22&xpid=TFdhnNZBnbxxK#customerReviews,Colin McRae Rally [Japan Import]
B000NVS8Y6,,,,
B0CVRXMGRD,,155.98,https://www.amazon.com.au/HARIO-GNR-150-B-W-Visible-Heat-Resistant-Ceramic/dp/B0CVRXMGRD/ref=sr_1_23?dib=eyJ2IjoiMSJ9.7KNh5kRvMKT0rRaehrBvWDcJ27T-dhb7AIgEQ33TAuWEzP1NRC-aVKeuvCxsMNulb_XSSbkZuCyGTmN93sNWZp-hqYHYeYC3xnlmwshoT5rVF3m46UM2LynJshi8yvlKgQMO-D7KT5Qp10waD45m5KYmjpP9rDGyDi-LHZaHWkDOWmuOWFVfp_S13XbnSUrhLO_7BZ29mttof5GrmBs_j76DRxkAvNI9XcBKlp0hgHw.GXji-_dvayf2CWfoDBT4YHBGP_p_DtowLcK39adP6O8&dib_tag=se&m=A3SFQLVXY8GUH2&marketplaceID=A39IBJ37TRP1C6&qid=1774740263&refinements=p_36%3A15500-16000&s=merchant-items&sr=1-23&xpid=TFdhnNZBnbxxK#customerReviews,"HARIO GNR-150-B-W Rice Pot with Glass Lid, 1 to 2 Cups, Visible Inside, Heat-Resistant Glass, Ceramic, Made in Japan"
B0CVRXMGRD,,,,
B000BX0FNI,Xbox 360,157.77,https://www.amazon.com.au/Peter-Jacksons-King-Kong-Official/dp/B000BX0FNI/ref=sr_1_24?dib=eyJ2IjoiMSJ9.7KNh5kRvMKT0rRaehrBvWDcJ27T-dhb7AIgEQ33TAuWEzP1NRC-aVKeuvCxsMNulb_XSSbkZuCyGTmN93sNWZp-hqYHYeYC3xnlmwshoT5rVF3m46UM2LynJshi8yvlKgQMO-D7KT5Qp10waD45m5KYmjpP9rDGyDi-LHZaHWkDOWmuOWFVfp_S13XbnSUrhLO_7BZ29mttof5GrmBs_j76DRxkAvNI9XcBKlp0hgHw.GXji-_dvayf2CWfoDBT4YHBGP_p_DtowLcK39adP6O8&dib_tag=se&m=A3SFQLVXY8GUH2&marketplaceID=A39IBJ37TRP1C6&qid=1774740263&refinements=p_36%3A15500-16000&s=merchant-items&sr=1-24&xpid=TFdhnNZBnbxxK#customerReviews,Peter Jackson's King Kong: The Official Game of the Movie [Japan Import]
B000BX0FNI,,,,
B09VCDZMCD,,157.58,https://www.amazon.com.au/Thermaltake-CL-P075-AL12RG-refroidissement-dordinateur-Ventilateur/dp/B09VCDZMCD/ref=sr_1_25?dib=eyJ2IjoiMSJ9.7KNh5kRvMKT0rRaehrBvWDcJ27T-dhb7AIgEQ33TAuWEzP1NRC-aVKeuvCxsMNulb_XSSbkZuCyGTmN93sNWZp-hqYHYeYC3xnlmwshoT5rVF3m46UM2LynJshi8yvlKgQMO-D7KT5Qp10waD45m5KYmjpP9rDGyDi-LHZaHWkDOWmuOWFVfp_S13XbnSUrhLO_7BZ29mttof5GrmBs_j76DRxkAvNI9XcBKlp0hgHw.GXji-_dvayf2CWfoDBT4YHBGP_p_DtowLcK39adP6O8&dib_tag=se&m=A3SFQLVXY8GUH2&marketplaceID=A39IBJ37TRP1C6&qid=1774740263&refinements=p_36%3A15500-16000&s=merchant-items&sr=1-25&xpid=TFdhnNZBnbxxK#customerReviews,Thermaltake CL-P075-AL12RG-A système de refroidissement d’ordinateur Processeur Ventilateur 12 cm Vert 1 pièce(s)
B09VCDZMCD,,,,
B08JGYCC59,,155.07,https://www.amazon.com.au/KEEN-Womens-ASTORIA-SANDAL-W-Black/dp/B08JGYCC59/ref=sr_1_26?dib=eyJ2IjoiMSJ9.7KNh5kRvMKT0rRaehrBvWDcJ27T-dhb7AIgEQ33TAuWEzP1NRC-aVKeuvCxsMNulb_XSSbkZuCyGTmN93sNWZp-hqYHYeYC3xnlmwshoT5rVF3m46UM2LynJshi8yvlKgQMO-D7KT5Qp10waD45m5KYmjpP9rDGyDi-LHZaHWkDOWmuOWFVfp_S13XbnSUrhLO_7BZ29mttof5GrmBs_j76DRxkAvNI9XcBKlp0hgHw.GXji-_dvayf2CWfoDBT4YHBGP_p_DtowLcK39adP6O8&dib_tag=se&m=A3SFQLVXY8GUH2&marketplaceID=A39IBJ37TRP1C6&qid=1774740263&refinements=p_36%3A15500-16000&s=merchant-items&sr=1-26&xpid=TFdhnNZBnbxxK#customerReviews,KEEN Women's Astoria West Sandal
B08JGYCC59,,,,
B00005ULZR,Sega Dreamcast,155.69,https://www.amazon.com.au/Mizuiro-Limited-Edition-Japan-Import/dp/B00005ULZR/ref=sr_1_27?dib=eyJ2IjoiMSJ9.7KNh5kRvMKT0rRaehrBvWDcJ27T-dhb7AIgEQ33TAuWEzP1NRC-aVKeuvCxsMNulb_XSSbkZuCyGTmN93sNWZp-hqYHYeYC3xnlmwshoT5rVF3m46UM2LynJshi8yvlKgQMO-D7KT5Qp10waD45m5KYmjpP9rDGyDi-LHZaHWkDOWmuOWFVfp_S13XbnSUrhLO_7BZ29mttof5GrmBs_j76DRxkAvNI9XcBKlp0hgHw.GXji-_dvayf2CWfoDBT4YHBGP_p_DtowLcK39adP6O8&dib_tag=se&m=A3SFQLVXY8GUH2&marketplaceID=A39IBJ37TRP1C6&qid=1774740263&refinements=p_36%3A15500-16000&s=merchant-items&sr=1-27&xpid=TFdhnNZBnbxxK#customerReviews,Mizuiro [Limited Edition] [Japan Import]
B00005ULZR,,,,
B000B8PPC4,,155.28,https://www.amazon.com.au/Snow-Peak-Kitchen-Scissors-Black/dp/B000B8PPC4/ref=sr_1_28?dib=eyJ2IjoiMSJ9.7KNh5kRvMKT0rRaehrBvWDcJ27T-dhb7AIgEQ33TAuWEzP1NRC-aVKeuvCxsMNulb_XSSbkZuCyGTmN93sNWZp-hqYHYeYC3xnlmwshoT5rVF3m46UM2LynJshi8yvlKgQMO-D7KT5Qp10waD45m5KYmjpP9rDGyDi-LHZaHWkDOWmuOWFVfp_S13XbnSUrhLO_7BZ29mttof5GrmBs_j76DRxkAvNI9XcBKlp0hgHw.GXji-_dvayf2CWfoDBT4YHBGP_p_DtowLcK39adP6O8&dib_tag=se&m=A3SFQLVXY8GUH2&marketplaceID=A39IBJ37TRP1C6&qid=1774740263&refinements=p_36%3A15500-16000&s=merchant-items&sr=1-28&xpid=TFdhnNZBnbxxK#customerReviews,"Snow Peak Kitchen Scissors Set - Garlic Press, Bottle Opener, Meat Tenderizer, Nut Cracker"
B000B8PPC4,,,,
B08BCY5QYJ,Nintendo Switch,157.91,https://www.amazon.com.au/%E6%97%A5%E6%9C%AC%E4%B8%80%E3%82%BD%E3%83%95%E3%83%88%E3%82%A6%E3%82%A7%E3%82%A2-MAD-RAT-DEAD-Switch/dp/B08BCY5QYJ/ref=sr_1_29?dib=eyJ2IjoiMSJ9.7KNh5kRvMKT0rRaehrBvWDcJ27T-dhb7AIgEQ33TAuWEzP1NRC-aVKeuvCxsMNulb_XSSbkZuCyGTmN93sNWZp-hqYHYeYC3xnlmwshoT5rVF3m46UM2LynJshi8yvlKgQMO-D7KT5Qp10waD45m5KYmjpP9rDGyDi-LHZaHWkDOWmuOWFVfp_S13XbnSUrhLO_7BZ29mttof5GrmBs_j76DRxkAvNI9XcBKlp0hgHw.GXji-_dvayf2CWfoDBT4YHBGP_p_DtowLcK39adP6O8&dib_tag=se&m=A3SFQLVXY8GUH2&marketplaceID=A39IBJ37TRP1C6&qid=1774740263&refinements=p_36%3A15500-16000&s=merchant-items&sr=1-29&xpid=TFdhnNZBnbxxK#customerReviews,MAD RAT DEAD - Switch
B08BCY5QYJ,,,,
B000CSSNWM,,158.03,https://www.amazon.com.au/AP9335T-Temperature-Sensor-Smart-Systems/dp/B000CSSNWM/ref=sr_1_30?dib=eyJ2IjoiMSJ9.7KNh5kRvMKT0rRaehrBvWDcJ27T-dhb7AIgEQ33TAuWEzP1NRC-aVKeuvCxsMNulb_XSSbkZuCyGTmN93sNWZp-hqYHYeYC3xnlmwshoT5rVF3m46UM2LynJshi8yvlKgQMO-D7KT5Qp10waD45m5KYmjpP9rDGyDi-LHZaHWkDOWmuOWFVfp_S13XbnSUrhLO_7BZ29mttof5GrmBs_j76DRxkAvNI9XcBKlp0hgHw.GXji-_dvayf2CWfoDBT4YHBGP_p_DtowLcK39adP6O8&dib_tag=se&m=A3SFQLVXY8GUH2&marketplaceID=A39IBJ37TRP1C6&qid=1774740263&refinements=p_36%3A15500-16000&s=merchant-items&sr=1-30&xpid=TFdhnNZBnbxxK#customerReviews,"APC AP9335T Temperature Sensor, for APC Smart UPS Systems"
B000CSSNWM,,,,
B002VWK6MM,,157.94,https://www.amazon.com.au/Carhartt-Midweight-Sweatshirt-Pullover-Original/dp/B002VWK6MM/ref=sr_1_31?dib=eyJ2IjoiMSJ9.7KNh5kRvMKT0rRaehrBvWDcJ27T-dhb7AIgEQ33TAuWEzP1NRC-aVKeuvCxsMNulb_XSSbkZuCyGTmN93sNWZp-hqYHYeYC3xnlmwshoT5rVF3m46UM2LynJshi8yvlKgQMO-D7KT5Qp10waD45m5KYmjpP9rDGyDi-LHZaHWkDOWmuOWFVfp_S13XbnSUrhLO_7BZ29mttof5GrmBs_j76DRxkAvNI9XcBKlp0hgHw.GXji-_dvayf2CWfoDBT4YHBGP_p_DtowLcK39adP6O8&dib_tag=se&m=A3SFQLVXY8GUH2&marketplaceID=A39IBJ37TRP1C6&qid=1774740263&refinements=p_36%3A15500-16000&s=merchant-items&sr=1-31&xpid=TFdhnNZBnbxxK#customerReviews,Carhartt Men's Midweight Original Fit Hooded Pullover Sweatshirt K121
B002VWK6MM,,,,
B00006D2DS,,157.81,https://www.amazon.com.au/Metal-Gear-Solid-Substance-Japan/dp/B00006D2DS/ref=sr_1_32?dib=eyJ2IjoiMSJ9.7KNh5kRvMKT0rRaehrBvWDcJ27T-dhb7AIgEQ33TAuWEzP1NRC-aVKeuvCxsMNulb_XSSbkZuCyGTmN93sNWZp-hqYHYeYC3xnlmwshoT5rVF3m46UM2LynJshi8yvlKgQMO-D7KT5Qp10waD45m5KYmjpP9rDGyDi-LHZaHWkDOWmuOWFVfp_S13XbnSUrhLO_7BZ29mttof5GrmBs_j76DRxkAvNI9XcBKlp0hgHw.GXji-_dvayf2CWfoDBT4YHBGP_p_DtowLcK39adP6O8&dib_tag=se&m=A3SFQLVXY8GUH2&marketplaceID=A39IBJ37TRP1C6&qid=1774740263&refinements=p_36%3A15500-16000&s=merchant-items&sr=1-32&xpid=TFdhnNZBnbxxK#customerReviews,Metal Gear Solid 2: Substance [Japan Import]
B00006D2DS,,,,
B0734ZVCST,,155.69,https://www.amazon.com.au/Manfrotto-Element-Aluminum-Five-Stage-MKELES5BK-BH/dp/B0734ZVCST/ref=sr_1_33?dib=eyJ2IjoiMSJ9.xIOtOxlRf3GCw4y-0OWo1NR3Bpkzv5R7_F6cDg_NJyHTBp6_qu73CtmoeLvZAAuHGZ6Wm2nvVgtZmP2znmDPLA.AL_pCry9fRu7e0AZyHc0MJYVYEiC--dP6EEKvXZ5OSc&dib_tag=se&m=A3SFQLVXY8GUH2&marketplaceID=A39IBJ37TRP1C6&qid=1774740270&refinements=p_36%3A15500-16000&s=merchant-items&sr=1-33&xpid=TFdhnNZBnbxxK#customerReviews,"Manfrotto MKELES5BK-BH, Element Small Traveller Tripod with Aluminium Ball Head, Telescopic Column, Payload 4 kg, for CSC, DSLR, Mirrorless, Black"
B0734ZVCST,,,,
B00007K4M3,Audio CD,158.0,https://www.amazon.com.au/Get-Backers-OST-Various/dp/B00007K4M3/ref=sr_1_34?dib=eyJ2IjoiMSJ9.xIOtOxlRf3GCw4y-0OWo1NR3Bpkzv5R7_F6cDg_NJyHTBp6_qu73CtmoeLvZAAuHGZ6Wm2nvVgtZmP2znmDPLA.AL_pCry9fRu7e0AZyHc0MJYVYEiC--dP6EEKvXZ5OSc&dib_tag=se&m=A3SFQLVXY8GUH2&marketplaceID=A39IBJ37TRP1C6&qid=1774740270&refinements=p_36%3A15500-16000&s=merchant-items&sr=1-34&xpid=TFdhnNZBnbxxK#customerReviews,Get Backers (OST)
B000W9MXI6,,158.89,https://www.amazon.com.au/Lobtex-HR002D/dp/B000W9MXI6/ref=sr_1_35?dib=eyJ2IjoiMSJ9.xIOtOxlRf3GCw4y-0OWo1NR3Bpkzv5R7_F6cDg_NJyHTBp6_qu73CtmoeLvZAAuHGZ6Wm2nvVgtZmP2znmDPLA.AL_pCry9fRu7e0AZyHc0MJYVYEiC--dP6EEKvXZ5OSc&dib_tag=se&m=A3SFQLVXY8GUH2&marketplaceID=A39IBJ37TRP1C6&qid=1774740270&refinements=p_36%3A15500-16000&s=merchant-items&sr=1-35&xpid=TFdhnNZBnbxxK#customerReviews,HR002D
B000W9MXI6,,,,
B0D6PK1WKB,,155.25,https://www.amazon.com.au/Skechers-Summits-Daily-Womens-Trainers/dp/B0D6PK1WKB/ref=sr_1_36?dib=eyJ2IjoiMSJ9.xIOtOxlRf3GCw4y-0OWo1NR3Bpkzv5R7_F6cDg_NJyHTBp6_qu73CtmoeLvZAAuHGZ6Wm2nvVgtZmP2znmDPLA.AL_pCry9fRu7e0AZyHc0MJYVYEiC--dP6EEKvXZ5OSc&dib_tag=se&m=A3SFQLVXY8GUH2&marketplaceID=A39IBJ37TRP1C6&qid=1774740270&refinements=p_36%3A15500-16000&s=merchant-items&sr=1-36&xpid=TFdhnNZBnbxxK#customerReviews,Skechers
B0C77CY7Z3,Vinyl,156.92,https://www.amazon.com.au/YOASOBI-Idol-Limited-Yoasobi-Japanese/dp/B0C77CY7Z3/ref=sr_1_37?dib=eyJ2IjoiMSJ9.xIOtOxlRf3GCw4y-0OWo1NR3Bpkzv5R7_F6cDg_NJyHTBp6_qu73CtmoeLvZAAuHGZ6Wm2nvVgtZmP2znmDPLA.AL_pCry9fRu7e0AZyHc0MJYVYEiC--dP6EEKvXZ5OSc&dib_tag=se&m=A3SFQLVXY8GUH2&marketplaceID=A39IBJ37TRP1C6&qid=1774740270&refinements=p_36%3A15500-16000&s=merchant-items&sr=1-37&xpid=TFdhnNZBnbxxK#customerReviews,"YOASOBI ""Idol"" Limited Edition Oshi no Ko Yoasobi Japanese Band"
B08TXRMWMH,,158.12,https://www.amazon.com.au/Tamashi-Nations-Godzilla-Spirits-S-H-Monsterarts/dp/B08TXRMWMH/ref=sr_1_33?dib=eyJ2IjoiMSJ9.sWd-2to20ipR49AEYiAb-rhh9gVRCJf3hUHakC5es4sk7_MT5oNy_qL9pKju68tbHV9GWuH_QGVICoBFpkJkZmBhL5hI6JwujfYVPC7CuLJKlBNCB9SFoCLnK6hlGjHDVYsPyNNoADuW9V2UF3tLeHrTPlufGTMo1vmHyAm1eso.LtcuhEj_y1vFVchL9GPW59oxz-jVG2tlyfNcZmeIZL0&dib_tag=se&m=A3SFQLVXY8GUH2&marketplaceID=A39IBJ37TRP1C6&qid=1774740270&refinements=p_36%3A15500-16000&s=merchant-items&sr=1-33&xpid=TFdhnNZBnbxxK#customerReviews,"Tamashi Nations - Godzilla VS. Kong - Godzilla from Movie Godzilla VS. Kong (2021), Bandai Spirits S.H.Monsterarts"
B00005G3XZ,Audio CD,155.38,https://www.amazon.com.au/Smash-Offspring/dp/B00005G3XZ/ref=sr_1_34?dib=eyJ2IjoiMSJ9.sWd-2to20ipR49AEYiAb-rhh9gVRCJf3hUHakC5es4sk7_MT5oNy_qL9pKju68tbHV9GWuH_QGVICoBFpkJkZmBhL5hI6JwujfYVPC7CuLJKlBNCB9SFoCLnK6hlGjHDVYsPyNNoADuW9V2UF3tLeHrTPlufGTMo1vmHyAm1eso.LtcuhEj_y1vFVchL9GPW59oxz-jVG2tlyfNcZmeIZL0&dib_tag=se&m=A3SFQLVXY8GUH2&marketplaceID=A39IBJ37TRP1C6&qid=1774740270&refinements=p_36%3A15500-16000&s=merchant-items&sr=1-34&xpid=TFdhnNZBnbxxK#customerReviews,Smash
B002UC81JS,,159.46,https://www.amazon.com.au/HT170-HT-170-HT170-150/dp/B002UC81JS/ref=sr_1_35?dib=eyJ2IjoiMSJ9.sWd-2to20ipR49AEYiAb-rhh9gVRCJf3hUHakC5es4sk7_MT5oNy_qL9pKju68tbHV9GWuH_QGVICoBFpkJkZmBhL5hI6JwujfYVPC7CuLJKlBNCB9SFoCLnK6hlGjHDVYsPyNNoADuW9V2UF3tLeHrTPlufGTMo1vmHyAm1eso.LtcuhEj_y1vFVchL9GPW59oxz-jVG2tlyfNcZmeIZL0&dib_tag=se&m=A3SFQLVXY8GUH2&marketplaceID=A39IBJ37TRP1C6&qid=1774740270&refinements=p_36%3A15500-16000&s=merchant-items&sr=1-35&xpid=TFdhnNZBnbxxK,HT-170 (HT170-150)
B002UC81JS,,,,
B09NQ44NMF,,157.96,https://www.amazon.com.au/KEEN-Womens-Height-Toasted-Coconut/dp/B09NQ44NMF/ref=sr_1_36?dib=eyJ2IjoiMSJ9.sWd-2to20ipR49AEYiAb-rhh9gVRCJf3hUHakC5es4sk7_MT5oNy_qL9pKju68tbHV9GWuH_QGVICoBFpkJkZmBhL5hI6JwujfYVPC7CuLJKlBNCB9SFoCLnK6hlGjHDVYsPyNNoADuW9V2UF3tLeHrTPlufGTMo1vmHyAm1eso.LtcuhEj_y1vFVchL9GPW59oxz-jVG2tlyfNcZmeIZL0&dib_tag=se&m=A3SFQLVXY8GUH2&marketplaceID=A39IBJ37TRP1C6&qid=1774740270&refinements=p_36%3A15500-16000&s=merchant-items&sr=1-36&xpid=TFdhnNZBnbxxK#customerReviews,KEEN Women's Hood Clog Low Height Slip on Mules
B09NQ44NMF,,,,
B0CLR62225,Audio CD,159.38,https://www.amazon.com.au/YouRe-My-Valentine-Limited-Sparqlew/dp/B0CLR62225/ref=sr_1_37?dib=eyJ2IjoiMSJ9.sWd-2to20ipR49AEYiAb-rhh9gVRCJf3hUHakC5es4sk7_MT5oNy_qL9pKju68tbHV9GWuH_QGVICoBFpkJkZmBhL5hI6JwujfYVPC7CuLJKlBNCB9SFoCLnK6hlGjHDVYsPyNNoADuW9V2UF3tLeHrTPlufGTMo1vmHyAm1eso.LtcuhEj_y1vFVchL9GPW59oxz-jVG2tlyfNcZmeIZL0&dib_tag=se&m=A3SFQLVXY8GUH2&marketplaceID=A39IBJ37TRP1C6&qid=1774740270&refinements=p_36%3A15500-16000&s=merchant-items&sr=1-37&xpid=TFdhnNZBnbxxK#customerReviews,You'Re My Valentine Limited
B00H8DYZVC,,155.57,https://www.amazon.com.au/Hario-VSS-1206-OV-Pour-Stand-Brown/dp/B00H8DYZVC/ref=sr_1_38?dib=eyJ2IjoiMSJ9.sWd-2to20ipR49AEYiAb-rhh9gVRCJf3hUHakC5es4sk7_MT5oNy_qL9pKju68tbHV9GWuH_QGVICoBFpkJkZmBhL5hI6JwujfYVPC7CuLJKlBNCB9SFoCLnK6hlGjHDVYsPyNNoADuW9V2UF3tLeHrTPlufGTMo1vmHyAm1eso.LtcuhEj_y1vFVchL9GPW59oxz-jVG2tlyfNcZmeIZL0&dib_tag=se&m=A3SFQLVXY8GUH2&marketplaceID=A39IBJ37TRP1C6&qid=1774740270&refinements=p_36%3A15500-16000&s=merchant-items&sr=1-38&xpid=TFdhnNZBnbxxK#customerReviews,"HARIO VSS-1206-OV Pour Over Stand, Brown, 20 x 15 x 30 cm"
B00H8DYZVC,,,,
B09TNFKHWV,Audio CD,157.47,https://www.amazon.com.au/BOLLOCKS-%E5%88%9D%E5%9B%9E%E7%9B%A4-ASP/dp/B09TNFKHWV/ref=sr_1_39?dib=eyJ2IjoiMSJ9.sWd-2to20ipR49AEYiAb-rhh9gVRCJf3hUHakC5es4sk7_MT5oNy_qL9pKju68tbHV9GWuH_QGVICoBFpkJkZmBhL5hI6JwujfYVPC7CuLJKlBNCB9SFoCLnK6hlGjHDVYsPyNNoADuW9V2UF3tLeHrTPlufGTMo1vmHyAm1eso.LtcuhEj_y1vFVchL9GPW59oxz-jVG2tlyfNcZmeIZL0&dib_tag=se&m=A3SFQLVXY8GUH2&marketplaceID=A39IBJ37TRP1C6&qid=1774740270&refinements=p_36%3A15500-16000&s=merchant-items&sr=1-39&xpid=TFdhnNZBnbxxK#customerReviews,BOLLOCKS 初回盤
B00HM5HXCY,,158.0,https://www.amazon.com.au/Trusco-TH51C127/dp/B00HM5HXCY/ref=sr_1_40?dib=eyJ2IjoiMSJ9.sWd-2to20ipR49AEYiAb-rhh9gVRCJf3hUHakC5es4sk7_MT5oNy_qL9pKju68tbHV9GWuH_QGVICoBFpkJkZmBhL5hI6JwujfYVPC7CuLJKlBNCB9SFoCLnK6hlGjHDVYsPyNNoADuW9V2UF3tLeHrTPlufGTMo1vmHyAm1eso.LtcuhEj_y1vFVchL9GPW59oxz-jVG2tlyfNcZmeIZL0&dib_tag=se&m=A3SFQLVXY8GUH2&marketplaceID=A39IBJ37TRP1C6&qid=1774740270&refinements=p_36%3A15500-16000&s=merchant-items&sr=1-40&xpid=TFdhnNZBnbxxK,TH51C127
B00HM5HXCY,,,,
B0BHY1ZM6V,,157.6,https://www.amazon.com.au/Dimensional-Superstar-American-Graphic-T-Shirt/dp/B0BHY1ZM6V/ref=sr_1_41?dib=eyJ2IjoiMSJ9.sWd-2to20ipR49AEYiAb-rhh9gVRCJf3hUHakC5es4sk7_MT5oNy_qL9pKju68tbHV9GWuH_QGVICoBFpkJkZmBhL5hI6JwujfYVPC7CuLJKlBNCB9SFoCLnK6hlGjHDVYsPyNNoADuW9V2UF3tLeHrTPlufGTMo1vmHyAm1eso.LtcuhEj_y1vFVchL9GPW59oxz-jVG2tlyfNcZmeIZL0&dib_tag=se&m=A3SFQLVXY8GUH2&marketplaceID=A39IBJ37TRP1C6&qid=1774740270&refinements=p_36%3A15500-16000&s=merchant-items&sr=1-41&xpid=TFdhnNZBnbxxK,Two Dimensional Cospa Love Live! Superstar!! Drawn American Woman Mei Double Sided Full Graphic T-Shirt Small
B0BHY1ZM6V,,,,
B099C8S3RH,Audio CD,157.1,https://www.amazon.com.au/%E3%80%8E%E4%BA%BA%E3%81%AE%E5%A3%B0%E3%81%AE%E3%81%94%E3%81%A8%E3%81%8F%E3%80%8F-%E3%82%A8%E3%83%B3%E3%83%AA%E3%82%B3%E3%83%BB%E3%82%AC%E3%83%83%E3%83%86%E3%82%A3-ARCANA%E3%83%AC%E3%83%BC%E3%83%99%E3%83%AB%E5%85%A8%E9%8C%B2%E9%9F%B3/dp/B099C8S3RH/ref=sr_1_42?dib=eyJ2IjoiMSJ9.sWd-2to20ipR49AEYiAb-rhh9gVRCJf3hUHakC5es4sk7_MT5oNy_qL9pKju68tbHV9GWuH_QGVICoBFpkJkZmBhL5hI6JwujfYVPC7CuLJKlBNCB9SFoCLnK6hlGjHDVYsPyNNoADuW9V2UF3tLeHrTPlufGTMo1vmHyAm1eso.LtcuhEj_y1vFVchL9GPW59oxz-jVG2tlyfNcZmeIZL0&dib_tag=se&m=A3SFQLVXY8GUH2&marketplaceID=A39IBJ37TRP1C6&qid=1774740270&refinements=p_36%3A15500-16000&s=merchant-items&sr=1-42&xpid=TFdhnNZBnbxxK,『人の声のごとく』 エンリコ・ガッティ ARCANAレーベル全録音
B08XHW7NMM,,155.61,https://www.amazon.com.au/Kenko-237656-Lens-Filter/dp/B08XHW7NMM/ref=sr_1_43?dib=eyJ2IjoiMSJ9.sWd-2to20ipR49AEYiAb-rhh9gVRCJf3hUHakC5es4sk7_MT5oNy_qL9pKju68tbHV9GWuH_QGVICoBFpkJkZmBhL5hI6JwujfYVPC7CuLJKlBNCB9SFoCLnK6hlGjHDVYsPyNNoADuW9V2UF3tLeHrTPlufGTMo1vmHyAm1eso.LtcuhEj_y1vFVchL9GPW59oxz-jVG2tlyfNcZmeIZL0&dib_tag=se&m=A3SFQLVXY8GUH2&marketplaceID=A39IBJ37TRP1C6&qid=1774740270&refinements=p_36%3A15500-16000&s=merchant-items&sr=1-43&xpid=TFdhnNZBnbxxK#customerReviews,Kenko Lens Filter
B08XHW7NMM,,,,
B00A893HI0,Tools & Home Improvement,155.49,https://www.amazon.com.au/American-Packing-Gasket-4660/dp/B00A893HI0/ref=sr_1_49?dib=eyJ2IjoiMSJ9.1cPmbW9zkTDONPd_KFYr9u05HC7fYfN4ewQb5DkKzghkFs_81DjbgtJziGk9cXm80GpqGK4aOGon9aYgxSleHg.c5hVGwzkomnLR9T-XIbwr2y4wUfmCcoTFSVPUrM1Q1Q&dib_tag=se&m=A3SFQLVXY8GUH2&marketplaceID=A39IBJ37TRP1C6&qid=1774740275&refinements=p_36%3A15500-16000&s=merchant-items&sr=1-49&xpid=TFdhnNZBnbxxK,4660
B00A893HI0,,,,
B002P7JW50,,155.9,https://www.amazon.com.au/CCE0302/dp/B002P7JW50/ref=sr_1_50?dib=eyJ2IjoiMSJ9.1cPmbW9zkTDONPd_KFYr9u05HC7fYfN4ewQb5DkKzghkFs_81DjbgtJziGk9cXm80GpqGK4aOGon9aYgxSleHg.c5hVGwzkomnLR9T-XIbwr2y4wUfmCcoTFSVPUrM1Q1Q&dib_tag=se&m=A3SFQLVXY8GUH2&marketplaceID=A39IBJ37TRP1C6&qid=1774740275&refinements=p_36%3A15500-16000&s=merchant-items&sr=1-50&xpid=TFdhnNZBnbxxK#customerReviews,CCE0302
B002P7JW50,,,,
B0BHXY631J,,157.6,https://www.amazon.com.au/Superstar-Arashi-Chisagu-Graphic-T-Shirt/dp/B0BHXY631J/ref=sr_1_51?dib=eyJ2IjoiMSJ9.1cPmbW9zkTDONPd_KFYr9u05HC7fYfN4ewQb5DkKzghkFs_81DjbgtJziGk9cXm80GpqGK4aOGon9aYgxSleHg.c5hVGwzkomnLR9T-XIbwr2y4wUfmCcoTFSVPUrM1Q1Q&dib_tag=se&m=A3SFQLVXY8GUH2&marketplaceID=A39IBJ37TRP1C6&qid=1774740275&refinements=p_36%3A15500-16000&s=merchant-items&sr=1-51&xpid=TFdhnNZBnbxxK,2D Cospa Love Live! Superstar!! Drawn Arashi Chisagu Double Sided Full Graphic T-Shirt Small
B0BHXY631J,,,,
B006QF8CBM,Audio CD,158.34,https://www.amazon.com.au/Loversmile-Limited-Lisa/dp/B006QF8CBM/ref=sr_1_52?dib=eyJ2IjoiMSJ9.1cPmbW9zkTDONPd_KFYr9u05HC7fYfN4ewQb5DkKzghkFs_81DjbgtJziGk9cXm80GpqGK4aOGon9aYgxSleHg.c5hVGwzkomnLR9T-XIbwr2y4wUfmCcoTFSVPUrM1Q1Q&dib_tag=se&m=A3SFQLVXY8GUH2&marketplaceID=A39IBJ37TRP1C6&qid=1774740275&refinements=p_36%3A15500-16000&s=merchant-items&sr=1-52&xpid=TFdhnNZBnbxxK#customerReviews,Lover's'mile [Limited]
B0BMNW6LRG,,156.55,https://www.amazon.com.au/Medicom-Batman-Poison-Action-Figure/dp/B0BMNW6LRG/ref=sr_1_53?dib=eyJ2IjoiMSJ9.1cPmbW9zkTDONPd_KFYr9u05HC7fYfN4ewQb5DkKzghkFs_81DjbgtJziGk9cXm80GpqGK4aOGon9aYgxSleHg.c5hVGwzkomnLR9T-XIbwr2y4wUfmCcoTFSVPUrM1Q1Q&dib_tag=se&m=A3SFQLVXY8GUH2&marketplaceID=A39IBJ37TRP1C6&qid=1774740275&refinements=p_36%3A15500-16000&s=merchant-items&sr=1-53&xpid=TFdhnNZBnbxxK#customerReviews,Medicom - Batman: Hush - Poison Ivy Mafex Action Figure
B000J3FF3A,Audio CD,156.99,https://www.amazon.com.au/Bridge-Gundam-Seed-Destiny-Various-Artists/dp/B000J3FF3A/ref=sr_1_49?dib=eyJ2IjoiMSJ9.E7_sFywQkfAepFWMOoR0beecakXorZw2lnM5Fjf-eXfkRCLFampLgGwdJHDA6u8zJrtxwbvoSrccpiMJ1mE-g93t0ZbmSKK2V-azGaay4Q-EQ62zPU6O-WjvS7Ezxsvg5HlQ9RYfFpACgKZT8zc0Ng_5r8TW6b2GAnSoEIMoXpw.f-sJzPynTCqgptDXQdnmIGd-Sd1EQY3Gim7qBOGyJfs&dib_tag=se&m=A3SFQLVXY8GUH2&marketplaceID=A39IBJ37TRP1C6&qid=1774740275&refinements=p_36%3A15500-16000&s=merchant-items&sr=1-49&xpid=TFdhnNZBnbxxK#customerReviews,Bridge-Gundam Seed Destiny Best
B017MZ9EPW,,157.67,https://www.amazon.com.au/NEC-toner-cartridge-cyan-PR-L9010C-13/dp/B017MZ9EPW/ref=sr_1_50?dib=eyJ2IjoiMSJ9.E7_sFywQkfAepFWMOoR0beecakXorZw2lnM5Fjf-eXfkRCLFampLgGwdJHDA6u8zJrtxwbvoSrccpiMJ1mE-g93t0ZbmSKK2V-azGaay4Q-EQ62zPU6O-WjvS7Ezxsvg5HlQ9RYfFpACgKZT8zc0Ng_5r8TW6b2GAnSoEIMoXpw.f-sJzPynTCqgptDXQdnmIGd-Sd1EQY3Gim7qBOGyJfs&dib_tag=se&m=A3SFQLVXY8GUH2&marketplaceID=A39IBJ37TRP1C6&qid=1774740275&refinements=p_36%3A15500-16000&s=merchant-items&sr=1-50&xpid=TFdhnNZBnbxxK,NEC toner cartridge cyan PR-L9010C-13
B017MZ9EPW,,,,
B09HQKTXT5,,155.22,https://www.amazon.com.au/Sunline-SUW-06127-Active-Fleece-Heather/dp/B09HQKTXT5/ref=sr_1_51?dib=eyJ2IjoiMSJ9.E7_sFywQkfAepFWMOoR0beecakXorZw2lnM5Fjf-eXfkRCLFampLgGwdJHDA6u8zJrtxwbvoSrccpiMJ1mE-g93t0ZbmSKK2V-azGaay4Q-EQ62zPU6O-WjvS7Ezxsvg5HlQ9RYfFpACgKZT8zc0Ng_5r8TW6b2GAnSoEIMoXpw.f-sJzPynTCqgptDXQdnmIGd-Sd1EQY3Gim7qBOGyJfs&dib_tag=se&m=A3SFQLVXY8GUH2&marketplaceID=A39IBJ37TRP1C6&qid=1774740275&refinements=p_36%3A15500-16000&s=merchant-items&sr=1-51&xpid=TFdhnNZBnbxxK,"Sunline SUW-06127 Active Fleece Hoodie, Heather Gray"
B09HQKTXT5,,,,
B000RHKZLU,,155.34,https://www.amazon.com.au/Bandai-Gundam-Master-Action-Figure/dp/B000RHKZLU/ref=sr_1_52?dib=eyJ2IjoiMSJ9.E7_sFywQkfAepFWMOoR0beecakXorZw2lnM5Fjf-eXfkRCLFampLgGwdJHDA6u8zJrtxwbvoSrccpiMJ1mE-g93t0ZbmSKK2V-azGaay4Q-EQ62zPU6O-WjvS7Ezxsvg5HlQ9RYfFpACgKZT8zc0Ng_5r8TW6b2GAnSoEIMoXpw.f-sJzPynTCqgptDXQdnmIGd-Sd1EQY3Gim7qBOGyJfs&dib_tag=se&m=A3SFQLVXY8GUH2&marketplaceID=A39IBJ37TRP1C6&qid=1774740275&refinements=p_36%3A15500-16000&s=merchant-items&sr=1-52&xpid=TFdhnNZBnbxxK#customerReviews,"Bandai Hobby Turn A Gundam, Bandai Master Grade Action Figure"
B000RHKZLU,,,,
B00B4TJEJO,,159.35,https://www.amazon.com.au/CT305-8-CT3058/dp/B00B4TJEJO/ref=sr_1_53?dib=eyJ2IjoiMSJ9.E7_sFywQkfAepFWMOoR0beecakXorZw2lnM5Fjf-eXfkRCLFampLgGwdJHDA6u8zJrtxwbvoSrccpiMJ1mE-g93t0ZbmSKK2V-azGaay4Q-EQ62zPU6O-WjvS7Ezxsvg5HlQ9RYfFpACgKZT8zc0Ng_5r8TW6b2GAnSoEIMoXpw.f-sJzPynTCqgptDXQdnmIGd-Sd1EQY3Gim7qBOGyJfs&dib_tag=se&m=A3SFQLVXY8GUH2&marketplaceID=A39IBJ37TRP1C6&qid=1774740275&refinements=p_36%3A15500-16000&s=merchant-items&sr=1-53&xpid=TFdhnNZBnbxxK,CT3058
B00B4TJEJO,,,,
B0BQLN87TY,,158.46,https://www.amazon.com.au/Babolat-Womens-Court-Tennis-Shoes/dp/B0BQLN87TY/ref=sr_1_54?dib=eyJ2IjoiMSJ9.E7_sFywQkfAepFWMOoR0beecakXorZw2lnM5Fjf-eXfkRCLFampLgGwdJHDA6u8zJrtxwbvoSrccpiMJ1mE-g93t0ZbmSKK2V-azGaay4Q-EQ62zPU6O-WjvS7Ezxsvg5HlQ9RYfFpACgKZT8zc0Ng_5r8TW6b2GAnSoEIMoXpw.f-sJzPynTCqgptDXQdnmIGd-Sd1EQY3Gim7qBOGyJfs&dib_tag=se&m=A3SFQLVXY8GUH2&marketplaceID=A39IBJ37TRP1C6&qid=1774740275&refinements=p_36%3A15500-16000&s=merchant-items&sr=1-54&xpid=TFdhnNZBnbxxK#customerReviews,Babolat School Shoes
B0BQLN87TY,,,,
B0B4N8KVGQ,,158.22,https://www.amazon.com.au/LULUFUN-Building-Architecture-Collection-Children/dp/B0B4N8KVGQ/ref=sr_1_55?dib=eyJ2IjoiMSJ9.E7_sFywQkfAepFWMOoR0beecakXorZw2lnM5Fjf-eXfkRCLFampLgGwdJHDA6u8zJrtxwbvoSrccpiMJ1mE-g93t0ZbmSKK2V-azGaay4Q-EQ62zPU6O-WjvS7Ezxsvg5HlQ9RYfFpACgKZT8zc0Ng_5r8TW6b2GAnSoEIMoXpw.f-sJzPynTCqgptDXQdnmIGd-Sd1EQY3Gim7qBOGyJfs&dib_tag=se&m=A3SFQLVXY8GUH2&marketplaceID=A39IBJ37TRP1C6&qid=1774740275&refinements=p_36%3A15500-16000&s=merchant-items&sr=1-55&xpid=TFdhnNZBnbxxK#customerReviews,"LULUFUN United States Capitol Building Model Building Kit, Famous Architecture Mini Building Block, Collection Model Sets, Toy Gifts for Children and Adults, 4030 Pieces"
B002A5XVEK,,159.04,https://www.amazon.com.au/Trusco-ATUS30-ATUS-30/dp/B002A5XVEK/ref=sr_1_56?dib=eyJ2IjoiMSJ9.E7_sFywQkfAepFWMOoR0beecakXorZw2lnM5Fjf-eXfkRCLFampLgGwdJHDA6u8zJrtxwbvoSrccpiMJ1mE-g93t0ZbmSKK2V-azGaay4Q-EQ62zPU6O-WjvS7Ezxsvg5HlQ9RYfFpACgKZT8zc0Ng_5r8TW6b2GAnSoEIMoXpw.f-sJzPynTCqgptDXQdnmIGd-Sd1EQY3Gim7qBOGyJfs&dib_tag=se&m=A3SFQLVXY8GUH2&marketplaceID=A39IBJ37TRP1C6&qid=1774740275&refinements=p_36%3A15500-16000&s=merchant-items&sr=1-56&xpid=TFdhnNZBnbxxK#customerReviews,ATUS-30
B002A5XVEK,,,,
B07T9TLYR9,,155.45,https://www.amazon.com.au/KEEN-Womens-Elle-Backstrap-Black/dp/B07T9TLYR9/ref=sr_1_57?dib=eyJ2IjoiMSJ9.E7_sFywQkfAepFWMOoR0beecakXorZw2lnM5Fjf-eXfkRCLFampLgGwdJHDA6u8zJrtxwbvoSrccpiMJ1mE-g93t0ZbmSKK2V-azGaay4Q-EQ62zPU6O-WjvS7Ezxsvg5HlQ9RYfFpACgKZT8zc0Ng_5r8TW6b2GAnSoEIMoXpw.f-sJzPynTCqgptDXQdnmIGd-Sd1EQY3Gim7qBOGyJfs&dib_tag=se&m=A3SFQLVXY8GUH2&marketplaceID=A39IBJ37TRP1C6&qid=1774740275&refinements=p_36%3A15500-16000&s=merchant-items&sr=1-57&xpid=TFdhnNZBnbxxK#customerReviews,KEEN Female Elle Backstrap
B07T9TLYR9,,,,
B0CK4HSFTG,,159.79,https://www.amazon.com.au/Gauge-Metro-Marunouchi-10-1134S-Railway/dp/B0CK4HSFTG/ref=sr_1_58?dib=eyJ2IjoiMSJ9.E7_sFywQkfAepFWMOoR0beecakXorZw2lnM5Fjf-eXfkRCLFampLgGwdJHDA6u8zJrtxwbvoSrccpiMJ1mE-g93t0ZbmSKK2V-azGaay4Q-EQ62zPU6O-WjvS7Ezxsvg5HlQ9RYfFpACgKZT8zc0Ng_5r8TW6b2GAnSoEIMoXpw.f-sJzPynTCqgptDXQdnmIGd-Sd1EQY3Gim7qBOGyJfs&dib_tag=se&m=A3SFQLVXY8GUH2&marketplaceID=A39IBJ37TRP1C6&qid=1774740275&refinements=p_36%3A15500-16000&s=merchant-items&sr=1-58&xpid=TFdhnNZBnbxxK#customerReviews,KATO N Gauge Metro Type 500 Marunouchi Line Red Train 3-Car Basic Set 10-1134S Railway Model Train
B002A5OG12,,159.56,https://www.amazon.com.au/Trusco-TSB20240-TSB20-240/dp/B002A5OG12/ref=sr_1_59?dib=eyJ2IjoiMSJ9.E7_sFywQkfAepFWMOoR0beecakXorZw2lnM5Fjf-eXfkRCLFampLgGwdJHDA6u8zJrtxwbvoSrccpiMJ1mE-g93t0ZbmSKK2V-azGaay4Q-EQ62zPU6O-WjvS7Ezxsvg5HlQ9RYfFpACgKZT8zc0Ng_5r8TW6b2GAnSoEIMoXpw.f-sJzPynTCqgptDXQdnmIGd-Sd1EQY3Gim7qBOGyJfs&dib_tag=se&m=A3SFQLVXY8GUH2&marketplaceID=A39IBJ37TRP1C6&qid=1774740275&refinements=p_36%3A15500-16000&s=merchant-items&sr=1-59&xpid=TFdhnNZBnbxxK,TSB20-240
B002A5OG12,,,,
B0CCN5C9KR,,155.5,https://www.amazon.com.au/Daiwa-LT2500S-DH-Spinning-Reel-Legalis/dp/B0CCN5C9KR/ref=sr_1_65?dib=eyJ2IjoiMSJ9.IkqAgkxys3ZprZtq7GHjoFNsWTSKDcXc0Z2ZR2GnX7mS_vRyZBDkudwlhfitdDBjqGnjUqq99Z0_iZq78EHhRw.UHWhQ9X_bNl0NeOVpdTDzy2BgkXXBqcDoyOK_lM7v94&dib_tag=se&m=A3SFQLVXY8GUH2&marketplaceID=A39IBJ37TRP1C6&qid=1774740281&refinements=p_36%3A15500-16000&s=merchant-items&sr=1-65&xpid=TFdhnNZBnbxxK#customerReviews,"Daiwa LT 1000S - 6000D-H Spinning Reel, 23 Legalis, Various (2023 Model)"
B0CCN5C9KR,,,,
B0028W8GAY,,158.52,https://www.amazon.com.au/KTC-TB3E09/dp/B0028W8GAY/ref=sr_1_66?dib=eyJ2IjoiMSJ9.IkqAgkxys3ZprZtq7GHjoFNsWTSKDcXc0Z2ZR2GnX7mS_vRyZBDkudwlhfitdDBjqGnjUqq99Z0_iZq78EHhRw.UHWhQ9X_bNl0NeOVpdTDzy2BgkXXBqcDoyOK_lM7v94&dib_tag=se&m=A3SFQLVXY8GUH2&marketplaceID=A39IBJ37TRP1C6&qid=1774740281&refinements=p_36%3A15500-16000&s=merchant-items&sr=1-66&xpid=TFdhnNZBnbxxK#customerReviews,KTC (Keteshi) 9.5mm (3/8 inch) E-type Torx wrench set nine sets TB3E09
B0028W8GAY,,,,
B0BNHXW8DQ,,158.93,https://www.amazon.com.au/Snow-Peak-SET-123-Vacuum-Stacking/dp/B0BNHXW8DQ/ref=sr_1_67?dib=eyJ2IjoiMSJ9.IkqAgkxys3ZprZtq7GHjoFNsWTSKDcXc0Z2ZR2GnX7mS_vRyZBDkudwlhfitdDBjqGnjUqq99Z0_iZq78EHhRw.UHWhQ9X_bNl0NeOVpdTDzy2BgkXXBqcDoyOK_lM7v94&dib_tag=se&m=A3SFQLVXY8GUH2&marketplaceID=A39IBJ37TRP1C6&qid=1774740281&refinements=p_36%3A15500-16000&s=merchant-items&sr=1-67&xpid=TFdhnNZBnbxxK#customerReviews,"Snow Peak SET-123 Vacuum Snow Peak Stacking Mug, 300/450 Mat Set"
B0BNHXW8DQ,,,,
B091Y84P23,,156.9,https://www.amazon.com.au/Silverstone-SuperSpeed-20Gbps-Expansion-SST-ECU06/dp/B091Y84P23/ref=sr_1_68?dib=eyJ2IjoiMSJ9.IkqAgkxys3ZprZtq7GHjoFNsWTSKDcXc0Z2ZR2GnX7mS_vRyZBDkudwlhfitdDBjqGnjUqq99Z0_iZq78EHhRw.UHWhQ9X_bNl0NeOVpdTDzy2BgkXXBqcDoyOK_lM7v94&dib_tag=se&m=A3SFQLVXY8GUH2&marketplaceID=A39IBJ37TRP1C6&qid=1774740281&refinements=p_36%3A15500-16000&s=merchant-items&sr=1-68&xpid=TFdhnNZBnbxxK#customerReviews,"SilverStone Technology ECU06, SuperSpeed USB 20Gbps / USB-C 3.2 Gen 2x2 PCIe Expansion Card, SST-ECU06"
B091Y84P23,,,,
B00MIMDLAO,,155.78,https://www.amazon.com.au/Tomytec-979491-Track-Layout-Model/dp/B00MIMDLAO/ref=sr_1_69?dib=eyJ2IjoiMSJ9.IkqAgkxys3ZprZtq7GHjoFNsWTSKDcXc0Z2ZR2GnX7mS_vRyZBDkudwlhfitdDBjqGnjUqq99Z0_iZq78EHhRw.UHWhQ9X_bNl0NeOVpdTDzy2BgkXXBqcDoyOK_lM7v94&dib_tag=se&m=A3SFQLVXY8GUH2&marketplaceID=A39IBJ37TRP1C6&qid=1774740281&refinements=p_36%3A15500-16000&s=merchant-items&sr=1-69&xpid=TFdhnNZBnbxxK#customerReviews,Tomytec 979491 Track A Layout Model Kit
B000FK8XQ8,,156.55,https://www.amazon.com.au/Rothco-Type-Poncho-Liner-Ties/dp/B000FK8XQ8/ref=sr_1_65?dib=eyJ2IjoiMSJ9.VMLpOVOO-yxQ8y46jP2ZJGcrrICBrHgvasawQYzcRKA5mXykD3cWJ-b1FJA9WKKpTyS3bKSVvdcFZNA2RygCW1w-1E1YTrm2f8X2IR2wgJazSYW_2Y5RzeqiC2RkAp_cLmHJkp7KhZuuXvjTt6KdzbAl_9nbaVC4h5azg4cd0ws.iX2TxjEtGMBGNZdnOZ-oO0OXg7k49S2ShEXw_it0jGs&dib_tag=se&m=A3SFQLVXY8GUH2&marketplaceID=A39IBJ37TRP1C6&qid=1774740281&refinements=p_36%3A15500-16000&s=merchant-items&sr=1-65&xpid=TFdhnNZBnbxxK#customerReviews,Rothco Gi Type R/S Poncho Liner W/Ties - ACU
B000FK8XQ8,,,,
B0BMFPJCH9,,159.53,https://www.amazon.com.au/Prox-MOBTS608UL-Mobatra-8PLUS1-SE/dp/B0BMFPJCH9/ref=sr_1_66?dib=eyJ2IjoiMSJ9.VMLpOVOO-yxQ8y46jP2ZJGcrrICBrHgvasawQYzcRKA5mXykD3cWJ-b1FJA9WKKpTyS3bKSVvdcFZNA2RygCW1w-1E1YTrm2f8X2IR2wgJazSYW_2Y5RzeqiC2RkAp_cLmHJkp7KhZuuXvjTt6KdzbAl_9nbaVC4h5azg4cd0ws.iX2TxjEtGMBGNZdnOZ-oO0OXg7k49S2ShEXw_it0jGs&dib_tag=se&m=A3SFQLVXY8GUH2&marketplaceID=A39IBJ37TRP1C6&qid=1774740281&refinements=p_36%3A15500-16000&s=merchant-items&sr=1-66&xpid=TFdhnNZBnbxxK#customerReviews,Prox MOBTS608UL Mobatra 8PLUS1 SE
B0BMFPJCH9,,,,
B00M9XOVMY,,155.65,https://www.amazon.com.au/Lihit-stand-width-390mm-A7335-0/dp/B00M9XOVMY/ref=sr_1_67?dib=eyJ2IjoiMSJ9.VMLpOVOO-yxQ8y46jP2ZJGcrrICBrHgvasawQYzcRKA5mXykD3cWJ-b1FJA9WKKpTyS3bKSVvdcFZNA2RygCW1w-1E1YTrm2f8X2IR2wgJazSYW_2Y5RzeqiC2RkAp_cLmHJkp7KhZuuXvjTt6KdzbAl_9nbaVC4h5azg4cd0ws.iX2TxjEtGMBGNZdnOZ-oO0OXg7k49S2ShEXw_it0jGs&dib_tag=se&m=A3SFQLVXY8GUH2&marketplaceID=A39IBJ37TRP1C6&qid=1774740281&refinements=p_36%3A15500-16000&s=merchant-items&sr=1-67&xpid=TFdhnNZBnbxxK#customerReviews,"Lihit Lab A7335-0 Computer Stand, Monitor Stand, White, Width 15.4 x Depth 9.8 x Height 13.2 inches (39 x 25 x 33.5 cm), Tall Load Capacity 33.1 lbs (15 kg)"
B00M9XOVMY,,,,
B0050A5ZB4,,158.88,https://www.amazon.com.au/HIOKI-Hioki-3030-10-analog-tester/dp/B0050A5ZB4/ref=sr_1_68?dib=eyJ2IjoiMSJ9.VMLpOVOO-yxQ8y46jP2ZJGcrrICBrHgvasawQYzcRKA5mXykD3cWJ-b1FJA9WKKpTyS3bKSVvdcFZNA2RygCW1w-1E1YTrm2f8X2IR2wgJazSYW_2Y5RzeqiC2RkAp_cLmHJkp7KhZuuXvjTt6KdzbAl_9nbaVC4h5azg4cd0ws.iX2TxjEtGMBGNZdnOZ-oO0OXg7k49S2ShEXw_it0jGs&dib_tag=se&m=A3SFQLVXY8GUH2&marketplaceID=A39IBJ37TRP1C6&qid=1774740281&refinements=p_36%3A15500-16000&s=merchant-items&sr=1-68&xpid=TFdhnNZBnbxxK#customerReviews,HIOKI (Hioki) 3030-10 analog tester
B0050A5ZB4,,,,
B0BVQK6SPM,,155.28,https://www.amazon.com.au/Soshin-7657-Surf-Shoes-Black/dp/B0BVQK6SPM/ref=sr_1_69?dib=eyJ2IjoiMSJ9.VMLpOVOO-yxQ8y46jP2ZJGcrrICBrHgvasawQYzcRKA5mXykD3cWJ-b1FJA9WKKpTyS3bKSVvdcFZNA2RygCW1w-1E1YTrm2f8X2IR2wgJazSYW_2Y5RzeqiC2RkAp_cLmHJkp7KhZuuXvjTt6KdzbAl_9nbaVC4h5azg4cd0ws.iX2TxjEtGMBGNZdnOZ-oO0OXg7k49S2ShEXw_it0jGs&dib_tag=se&m=A3SFQLVXY8GUH2&marketplaceID=A39IBJ37TRP1C6&qid=1774740281&refinements=p_36%3A15500-16000&s=merchant-items&sr=1-69&xpid=TFdhnNZBnbxxK#customerReviews,Soshin 7657 RBB Surf Shoes II Hi Black M
B0BVQK6SPM,,,,
B0CCN5FCTS,,159.01,https://www.amazon.com.au/Daiwa-LT3000D-C-Spinning-Reel-Legalis/dp/B0CCN5FCTS/ref=sr_1_70?dib=eyJ2IjoiMSJ9.VMLpOVOO-yxQ8y46jP2ZJGcrrICBrHgvasawQYzcRKA5mXykD3cWJ-b1FJA9WKKpTyS3bKSVvdcFZNA2RygCW1w-1E1YTrm2f8X2IR2wgJazSYW_2Y5RzeqiC2RkAp_cLmHJkp7KhZuuXvjTt6KdzbAl_9nbaVC4h5azg4cd0ws.iX2TxjEtGMBGNZdnOZ-oO0OXg7k49S2ShEXw_it0jGs&dib_tag=se&m=A3SFQLVXY8GUH2&marketplaceID=A39IBJ37TRP1C6&qid=1774740281&refinements=p_36%3A15500-16000&s=merchant-items&sr=1-70&xpid=TFdhnNZBnbxxK#customerReviews,"Daiwa LT 1000S - 6000D-H Spinning Reel, 23 Legalis, Various (2023 Model)"
B0CCN5FCTS,,,,
B00HM5HCUC,,158.68,https://www.amazon.com.au/Trusco-TA8C160/dp/B00HM5HCUC/ref=sr_1_71?dib=eyJ2IjoiMSJ9.VMLpOVOO-yxQ8y46jP2ZJGcrrICBrHgvasawQYzcRKA5mXykD3cWJ-b1FJA9WKKpTyS3bKSVvdcFZNA2RygCW1w-1E1YTrm2f8X2IR2wgJazSYW_2Y5RzeqiC2RkAp_cLmHJkp7KhZuuXvjTt6KdzbAl_9nbaVC4h5azg4cd0ws.iX2TxjEtGMBGNZdnOZ-oO0OXg7k49S2ShEXw_it0jGs&dib_tag=se&m=A3SFQLVXY8GUH2&marketplaceID=A39IBJ37TRP1C6&qid=1774740281&refinements=p_36%3A15500-16000&s=merchant-items&sr=1-71&xpid=TFdhnNZBnbxxK,TA8C160
B00HM5HCUC,,,,
B001AX91MO,,158.48,https://www.amazon.com.au/Suzuki-Holes-Humming-Tremolo-Harmonica/dp/B001AX91MO/ref=sr_1_72?dib=eyJ2IjoiMSJ9.VMLpOVOO-yxQ8y46jP2ZJGcrrICBrHgvasawQYzcRKA5mXykD3cWJ-b1FJA9WKKpTyS3bKSVvdcFZNA2RygCW1w-1E1YTrm2f8X2IR2wgJazSYW_2Y5RzeqiC2RkAp_cLmHJkp7KhZuuXvjTt6KdzbAl_9nbaVC4h5azg4cd0ws.iX2TxjEtGMBGNZdnOZ-oO0OXg7k49S2ShEXw_it0jGs&dib_tag=se&m=A3SFQLVXY8GUH2&marketplaceID=A39IBJ37TRP1C6&qid=1774740281&refinements=p_36%3A15500-16000&s=merchant-items&sr=1-72&xpid=TFdhnNZBnbxxK#customerReviews,Suzuki 21-hole Tremolo Harmonica Humming SU-21HM - key of E
B001AX91MO,,,,
B000FH7OQQ,,158.93,https://www.amazon.com.au/Rothco-Vintage-Vietnam-Fatigue-X-Smal/dp/B000FH7OQQ/ref=sr_1_73?dib=eyJ2IjoiMSJ9.VMLpOVOO-yxQ8y46jP2ZJGcrrICBrHgvasawQYzcRKA5mXykD3cWJ-b1FJA9WKKpTyS3bKSVvdcFZNA2RygCW1w-1E1YTrm2f8X2IR2wgJazSYW_2Y5RzeqiC2RkAp_cLmHJkp7KhZuuXvjTt6KdzbAl_9nbaVC4h5azg4cd0ws.iX2TxjEtGMBGNZdnOZ-oO0OXg7k49S2ShEXw_it0jGs&dib_tag=se&m=A3SFQLVXY8GUH2&marketplaceID=A39IBJ37TRP1C6&qid=1774740281&refinements=p_36%3A15500-16000&s=merchant-items&sr=1-73&xpid=TFdhnNZBnbxxK#customerReviews,Rothco
B000FH7OQQ,,,,
B08R1CVMC7,,158.93,https://www.amazon.com.au/MediCos-JoJos-Bizarre-Adventure-Part/dp/B08R1CVMC7/ref=sr_1_74?dib=eyJ2IjoiMSJ9.VMLpOVOO-yxQ8y46jP2ZJGcrrICBrHgvasawQYzcRKA5mXykD3cWJ-b1FJA9WKKpTyS3bKSVvdcFZNA2RygCW1w-1E1YTrm2f8X2IR2wgJazSYW_2Y5RzeqiC2RkAp_cLmHJkp7KhZuuXvjTt6KdzbAl_9nbaVC4h5azg4cd0ws.iX2TxjEtGMBGNZdnOZ-oO0OXg7k49S2ShEXw_it0jGs&dib_tag=se&m=A3SFQLVXY8GUH2&marketplaceID=A39IBJ37TRP1C6&qid=1774740281&refinements=p_36%3A15500-16000&s=merchant-items&sr=1-74&xpid=TFdhnNZBnbxxK#customerReviews,Medicos Entertainment Jojos Bizarre Adventure Part V: Giorno Giovanna Version Black Super Action Figure
B005FRMWIQ,,157.79,https://www.amazon.com.au/Hillsound-Trail-Crampon-Traction-Device/dp/B005FRMWIQ/ref=sr_1_75?dib=eyJ2IjoiMSJ9.VMLpOVOO-yxQ8y46jP2ZJGcrrICBrHgvasawQYzcRKA5mXykD3cWJ-b1FJA9WKKpTyS3bKSVvdcFZNA2RygCW1w-1E1YTrm2f8X2IR2wgJazSYW_2Y5RzeqiC2RkAp_cLmHJkp7KhZuuXvjTt6KdzbAl_9nbaVC4h5azg4cd0ws.iX2TxjEtGMBGNZdnOZ-oO0OXg7k49S2ShEXw_it0jGs&dib_tag=se&m=A3SFQLVXY8GUH2&marketplaceID=A39IBJ37TRP1C6&qid=1774740281&refinements=p_36%3A15500-16000&s=merchant-items&sr=1-75&xpid=TFdhnNZBnbxxK#customerReviews,Hillsound Trail Crampon Traction Device
B005FRMWIQ,,,,
B00FBPU8VK,,158.14,https://www.amazon.com.au/KNIPEX-Spring-Hose-Clamp-Pliers/dp/B00FBPU8VK/ref=sr_1_81?dib=eyJ2IjoiMSJ9.S0F8bwp-Zq8U0i00iCVheSUKS2ZVOwJKB7dyz-gO9CTHUBtXzBu6XNziaPSqxpqcMS_aTfdDL4XPOpg_zQdyZw.c_6eHCI_ynUsLCC5_Ew8G2EStomKh7QYBRFs4naYLK8&dib_tag=se&m=A3SFQLVXY8GUH2&marketplaceID=A39IBJ37TRP1C6&qid=1774740286&refinements=p_36%3A15500-16000&s=merchant-items&sr=1-81&xpid=TFdhnNZBnbxxK#customerReviews,KNIPEX 85 51 250 A Spring Band Clamp Pliers Coated with Non-Slip Plastic Grey Atramentized 250 mm
B00FBPU8VK,,,,
B07Y4T9LKJ,,155.9,https://www.amazon.com.au/Daiwa-ST225-Fish-Grip-Reel/dp/B07Y4T9LKJ/ref=sr_1_82?dib=eyJ2IjoiMSJ9.S0F8bwp-Zq8U0i00iCVheSUKS2ZVOwJKB7dyz-gO9CTHUBtXzBu6XNziaPSqxpqcMS_aTfdDL4XPOpg_zQdyZw.c_6eHCI_ynUsLCC5_Ew8G2EStomKh7QYBRFs4naYLK8&dib_tag=se&m=A3SFQLVXY8GUH2&marketplaceID=A39IBJ37TRP1C6&qid=1774740286&refinements=p_36%3A15500-16000&s=merchant-items&sr=1-82&xpid=TFdhnNZBnbxxK#customerReviews,"Daiwa ST225 Fish Grip,"
B07Y4T9LKJ,,,,
B0DMZX4HJJ,,155.45,https://www.amazon.com.au/TAMASHII-NATIONS-Pavilion-RX-78F00-Pre-Painted/dp/B0DMZX4HJJ/ref=sr_1_83?dib=eyJ2IjoiMSJ9.S0F8bwp-Zq8U0i00iCVheSUKS2ZVOwJKB7dyz-gO9CTHUBtXzBu6XNziaPSqxpqcMS_aTfdDL4XPOpg_zQdyZw.c_6eHCI_ynUsLCC5_Ew8G2EStomKh7QYBRFs4naYLK8&dib_tag=se&m=A3SFQLVXY8GUH2&marketplaceID=A39IBJ37TRP1C6&qid=1774740286&refinements=p_36%3A15500-16000&s=merchant-items&sr=1-83&xpid=TFdhnNZBnbxxK#customerReviews,"TAMASHII NATIONS Robot Spirits Gundam Next Future Pavilion RX-78F00/E Gundam Approx. 5.1 inches (130 mm), PVC & ABS Pre-Painted Action Figure"
B07WTCVTBH,,159.11,https://www.amazon.com.au/Yamazaki-Industries-4746-Under-Cabinet-Multi-Functional/dp/B07WTCVTBH/ref=sr_1_84?dib=eyJ2IjoiMSJ9.S0F8bwp-Zq8U0i00iCVheSUKS2ZVOwJKB7dyz-gO9CTHUBtXzBu6XNziaPSqxpqcMS_aTfdDL4XPOpg_zQdyZw.c_6eHCI_ynUsLCC5_Ew8G2EStomKh7QYBRFs4naYLK8&dib_tag=se&m=A3SFQLVXY8GUH2&marketplaceID=A39IBJ37TRP1C6&qid=1774740286&refinements=p_36%3A15500-16000&s=merchant-items&sr=1-84&xpid=TFdhnNZBnbxxK#customerReviews,"Yamazaki 4746 Under Cabinet Multi-functional Rack, White, Approx. W 12.0 x D 9.6 x H 7.1 inches (30.5 x 24.5 x 18 cm), Plate, Kitchen Storage Bulk Storage, Kitchen Paper Holder"
B07WTCVTBH,,,,
B0991YCB7R,,156.51,https://www.amazon.com.au/MAGNA-Barbecue-Bonfire-Domestic-Processing/dp/B0991YCB7R/ref=sr_1_85?dib=eyJ2IjoiMSJ9.S0F8bwp-Zq8U0i00iCVheSUKS2ZVOwJKB7dyz-gO9CTHUBtXzBu6XNziaPSqxpqcMS_aTfdDL4XPOpg_zQdyZw.c_6eHCI_ynUsLCC5_Ew8G2EStomKh7QYBRFs4naYLK8&dib_tag=se&m=A3SFQLVXY8GUH2&marketplaceID=A39IBJ37TRP1C6&qid=1774740286&refinements=p_36%3A15500-16000&s=merchant-items&sr=1-85&xpid=TFdhnNZBnbxxK#customerReviews,"MAGNA Fire Grill, Barbecue Stove, Bonfire Stand, 2-in-1, Compact, Durable, Domestic Processing, Storage Case, Includes Grate (05 Fire Grill, Solo)"
B0991YCB7R,,,,
B001EQDWHW,,159.09,https://www.amazon.com.au/PMD18/dp/B001EQDWHW/ref=sr_1_81?dib=eyJ2IjoiMSJ9.lGAimfdVrQr2d0_S4S_8FoPIcDIO-_Hehn6gbJ7punGqMgIsr8gUKWSB6oWlY5WHTDNQkPiZoanQArj4hZesdw2icJd4iQhtlr9h1uHeTaajTRRfpZ8IV4yQ1qqw1bpX17nuNwzmP9m10HxwdcbboMp1KqUS1j-dHLjw2AVTazA.h_O3im9ITaiBQrYvyecYRE1qk-WkYi0_Wpt-f279Ffs&dib_tag=se&m=A3SFQLVXY8GUH2&marketplaceID=A39IBJ37TRP1C6&qid=1774740286&refinements=p_36%3A15500-16000&s=merchant-items&sr=1-81&xpid=TFdhnNZBnbxxK#customerReviews,"Kyoto Machine Tools (KTC) Resin Handle Screwdriver Set, Piercing Type, Set of 8 PMD18"
B001EQDWHW,,,,
B0D2Q7FRGR,,155.62,https://www.amazon.com.au/Tokaido-Ueno-Tokyo-Extension-10-1268-Railway/dp/B0D2Q7FRGR/ref=sr_1_82?dib=eyJ2IjoiMSJ9.lGAimfdVrQr2d0_S4S_8FoPIcDIO-_Hehn6gbJ7punGqMgIsr8gUKWSB6oWlY5WHTDNQkPiZoanQArj4hZesdw2icJd4iQhtlr9h1uHeTaajTRRfpZ8IV4yQ1qqw1bpX17nuNwzmP9m10HxwdcbboMp1KqUS1j-dHLjw2AVTazA.h_O3im9ITaiBQrYvyecYRE1qk-WkYi0_Wpt-f279Ffs&dib_tag=se&m=A3SFQLVXY8GUH2&marketplaceID=A39IBJ37TRP1C6&qid=1774740286&refinements=p_36%3A15500-16000&s=merchant-items&sr=1-82&xpid=TFdhnNZBnbxxK#customerReviews,KATO N Gauge E233 Series 3000 Series Tokaido Line Ueno-Tokyo Line Extension Set A 4 Car 10-1268 Railway Model Train
B0D2Q7FRGR,,,,
B0D2WXY26T,,159.65,https://www.amazon.com.au/%E3%82%BF%E3%82%AB%E3%83%A9%E3%83%88%E3%83%9F%E3%83%BC-TAKARA-TOMY-sportshuman-trivet/dp/B0D2WXY26T/ref=sr_1_83?dib=eyJ2IjoiMSJ9.lGAimfdVrQr2d0_S4S_8FoPIcDIO-_Hehn6gbJ7punGqMgIsr8gUKWSB6oWlY5WHTDNQkPiZoanQArj4hZesdw2icJd4iQhtlr9h1uHeTaajTRRfpZ8IV4yQ1qqw1bpX17nuNwzmP9m10HxwdcbboMp1KqUS1j-dHLjw2AVTazA.h_O3im9ITaiBQrYvyecYRE1qk-WkYi0_Wpt-f279Ffs&dib_tag=se&m=A3SFQLVXY8GUH2&marketplaceID=A39IBJ37TRP1C6&qid=1774740286&refinements=p_36%3A15500-16000&s=merchant-items&sr=1-83&xpid=TFdhnNZBnbxxK#customerReviews,sportshuman trivet
B0CZKDZS5K,,155.92,https://www.amazon.com.au/Good-Smile-Faputa-Nendoroid-Action/dp/B0CZKDZS5K/ref=sr_1_84?dib=eyJ2IjoiMSJ9.lGAimfdVrQr2d0_S4S_8FoPIcDIO-_Hehn6gbJ7punGqMgIsr8gUKWSB6oWlY5WHTDNQkPiZoanQArj4hZesdw2icJd4iQhtlr9h1uHeTaajTRRfpZ8IV4yQ1qqw1bpX17nuNwzmP9m10HxwdcbboMp1KqUS1j-dHLjw2AVTazA.h_O3im9ITaiBQrYvyecYRE1qk-WkYi0_Wpt-f279Ffs&dib_tag=se&m=A3SFQLVXY8GUH2&marketplaceID=A39IBJ37TRP1C6&qid=1774740286&refinements=p_36%3A15500-16000&s=merchant-items&sr=1-84&xpid=TFdhnNZBnbxxK#customerReviews,Good Smile - Made In Abyss - Faputa Nendoroid Action Figure
B09VGH3D8H,,161.76,https://www.amazon.com.au/BANDAI-MODEL-KIT-2602252-Bandai/dp/B09VGH3D8H/ref=sr_1_85?dib=eyJ2IjoiMSJ9.lGAimfdVrQr2d0_S4S_8FoPIcDIO-_Hehn6gbJ7punGqMgIsr8gUKWSB6oWlY5WHTDNQkPiZoanQArj4hZesdw2icJd4iQhtlr9h1uHeTaajTRRfpZ8IV4yQ1qqw1bpX17nuNwzmP9m10HxwdcbboMp1KqUS1j-dHLjw2AVTazA.h_O3im9ITaiBQrYvyecYRE1qk-WkYi0_Wpt-f279Ffs&dib_tag=se&m=A3SFQLVXY8GUH2&marketplaceID=A39IBJ37TRP1C6&qid=1774740286&refinements=p_36%3A15500-16000&s=merchant-items&sr=1-85&xpid=TFdhnNZBnbxxK#customerReviews,Bandai Hobby Kit Rg Gaogaigar
B077S8DMDN,,155.56,https://www.amazon.com.au/NEPROS-Compact-Head-Ratchet-90-Tooth/dp/B077S8DMDN/ref=sr_1_86?dib=eyJ2IjoiMSJ9.lGAimfdVrQr2d0_S4S_8FoPIcDIO-_Hehn6gbJ7punGqMgIsr8gUKWSB6oWlY5WHTDNQkPiZoanQArj4hZesdw2icJd4iQhtlr9h1uHeTaajTRRfpZ8IV4yQ1qqw1bpX17nuNwzmP9m10HxwdcbboMp1KqUS1j-dHLjw2AVTazA.h_O3im9ITaiBQrYvyecYRE1qk-WkYi0_Wpt-f279Ffs&dib_tag=se&m=A3SFQLVXY8GUH2&marketplaceID=A39IBJ37TRP1C6&qid=1774740286&refinements=p_36%3A15500-16000&s=merchant-items&sr=1-86&xpid=TFdhnNZBnbxxK#customerReviews,Kyoto Tools (KTC) Nepros 9.5 sq. Compact Ratchet Handle NBRC390 NBRC390
B077S8DMDN,,,,
B0B8NGR6TC,,158.23,https://www.amazon.com.au/Good-Smile-Company-M06843-FALSLANDER/dp/B0B8NGR6TC/ref=sr_1_87?dib=eyJ2IjoiMSJ9.lGAimfdVrQr2d0_S4S_8FoPIcDIO-_Hehn6gbJ7punGqMgIsr8gUKWSB6oWlY5WHTDNQkPiZoanQArj4hZesdw2icJd4iQhtlr9h1uHeTaajTRRfpZ8IV4yQ1qqw1bpX17nuNwzmP9m10HxwdcbboMp1KqUS1j-dHLjw2AVTazA.h_O3im9ITaiBQrYvyecYRE1qk-WkYi0_Wpt-f279Ffs&dib_tag=se&m=A3SFQLVXY8GUH2&marketplaceID=A39IBJ37TRP1C6&qid=1774740286&refinements=p_36%3A15500-16000&s=merchant-items&sr=1-87&xpid=TFdhnNZBnbxxK#customerReviews,FALSLANDER figma Hemet Nethel
B0CPLT1WMD,,155.89,https://www.amazon.com.au/Shiro-Concert-Ver-Fig-Parade/dp/B0CPLT1WMD/ref=sr_1_88?dib=eyJ2IjoiMSJ9.lGAimfdVrQr2d0_S4S_8FoPIcDIO-_Hehn6gbJ7punGqMgIsr8gUKWSB6oWlY5WHTDNQkPiZoanQArj4hZesdw2icJd4iQhtlr9h1uHeTaajTRRfpZ8IV4yQ1qqw1bpX17nuNwzmP9m10HxwdcbboMp1KqUS1j-dHLjw2AVTazA.h_O3im9ITaiBQrYvyecYRE1qk-WkYi0_Wpt-f279Ffs&dib_tag=se&m=A3SFQLVXY8GUH2&marketplaceID=A39IBJ37TRP1C6&qid=1774740286&refinements=p_36%3A15500-16000&s=merchant-items&sr=1-88&xpid=TFdhnNZBnbxxK#customerReviews,Shiro Concert Ver. Fig. 21 cm No Game No Life Zero Pop Up Parade L
B0B2154735,,155.05,https://www.amazon.com.au/ICY-Fortune-Days-Jointed-Including/dp/B0B2154735/ref=sr_1_89?dib=eyJ2IjoiMSJ9.lGAimfdVrQr2d0_S4S_8FoPIcDIO-_Hehn6gbJ7punGqMgIsr8gUKWSB6oWlY5WHTDNQkPiZoanQArj4hZesdw2icJd4iQhtlr9h1uHeTaajTRRfpZ8IV4yQ1qqw1bpX17nuNwzmP9m10HxwdcbboMp1KqUS1j-dHLjw2AVTazA.h_O3im9ITaiBQrYvyecYRE1qk-WkYi0_Wpt-f279Ffs&dib_tag=se&m=A3SFQLVXY8GUH2&marketplaceID=A39IBJ37TRP1C6&qid=1774740286&refinements=p_36%3A15500-16000&s=merchant-items&sr=1-89&xpid=TFdhnNZBnbxxK#customerReviews,"ICY Fortune Days 1/4 Scale Anime Style 16 Inch BJD Ball Jointed Doll Full Set Including Wig, 3D Eyes, Clothes, Shoes (Kanai)"
B001U01U12,,159.74,https://www.amazon.com.au/Meister-commerciale-AHLS301-paquet-japonais/dp/B001U01U12/ref=sr_1_90?dib=eyJ2IjoiMSJ9.lGAimfdVrQr2d0_S4S_8FoPIcDIO-_Hehn6gbJ7punGqMgIsr8gUKWSB6oWlY5WHTDNQkPiZoanQArj4hZesdw2icJd4iQhtlr9h1uHeTaajTRRfpZ8IV4yQ1qqw1bpX17nuNwzmP9m10HxwdcbboMp1KqUS1j-dHLjw2AVTazA.h_O3im9ITaiBQrYvyecYRE1qk-WkYi0_Wpt-f279Ffs&dib_tag=se&m=A3SFQLVXY8GUH2&marketplaceID=A39IBJ37TRP1C6&qid=1774740286&refinements=p_36%3A15500-16000&s=merchant-items&sr=1-90&xpid=TFdhnNZBnbxxK#customerReviews,"Hokua AHLS301 Meister Commercial IH CT Frying Pan, 7.1 inches (18 cm)"
B001U01U12,,,,
B0CHYS7CMS,,159.47,https://www.amazon.com.au/ZEN-Camps-Air-2-Table-Lightweight/dp/B0CHYS7CMS/ref=sr_1_91?dib=eyJ2IjoiMSJ9.lGAimfdVrQr2d0_S4S_8FoPIcDIO-_Hehn6gbJ7punGqMgIsr8gUKWSB6oWlY5WHTDNQkPiZoanQArj4hZesdw2icJd4iQhtlr9h1uHeTaajTRRfpZ8IV4yQ1qqw1bpX17nuNwzmP9m10HxwdcbboMp1KqUS1j-dHLjw2AVTazA.h_O3im9ITaiBQrYvyecYRE1qk-WkYi0_Wpt-f279Ffs&dib_tag=se&m=A3SFQLVXY8GUH2&marketplaceID=A39IBJ37TRP1C6&qid=1774740286&refinements=p_36%3A15500-16000&s=merchant-items&sr=1-91&xpid=TFdhnNZBnbxxK#customerReviews,"ZEN Camps Air-2 Table Outdoor Table, Solo Camping, Compact, Foldable, Aluminum, Ultra Lightweight, 20.1 oz (566 g) (Silver (Body))"
B0CHYS7CMS,,,,
B07Q25TKWD,,159.07,https://www.amazon.com.au/Fotodiox-Adapter-Compatible-Auto-Reflex-Z-Mount/dp/B07Q25TKWD/ref=sr_1_97?dib=eyJ2IjoiMSJ9.iVJl1s5ZIFYW8txaEA24ks5Xa8PuSMaS9-fgIumpq-yWpLMBYQETOSzG2ZiXDJHJGQu5h7mrUhQ_UgdRLB-dCQ.IHFa1_mglPOcKpLG05hb_cNmozAr4Qdizzr90rRZHQE&dib_tag=se&m=A3SFQLVXY8GUH2&marketplaceID=A39IBJ37TRP1C6&qid=1774740292&refinements=p_36%3A15500-16000&s=merchant-items&sr=1-97&xpid=TFdhnNZBnbxxK#customerReviews,Fotodiox Pro Lens Mount Adapter Compatible with Konica Auto-Reflex (AR) Lenses to Nikon Z-Mount Cameras
B07Q25TKWD,,,,
B09Y5RF9NC,,158.23,https://www.amazon.com.au/Peacock-MPP-22-ZA-Glass-Thermos/dp/B09Y5RF9NC/ref=sr_1_98?dib=eyJ2IjoiMSJ9.iVJl1s5ZIFYW8txaEA24ks5Xa8PuSMaS9-fgIumpq-yWpLMBYQETOSzG2ZiXDJHJGQu5h7mrUhQ_UgdRLB-dCQ.IHFa1_mglPOcKpLG05hb_cNmozAr4Qdizzr90rRZHQE&dib_tag=se&m=A3SFQLVXY8GUH2&marketplaceID=A39IBJ37TRP1C6&qid=1774740292&refinements=p_36%3A15500-16000&s=merchant-items&sr=1-98&xpid=TFdhnNZBnbxxK#customerReviews,"Peacock MPP-22 ZA Thermal Pot, Air Pot, 0.58 gal (2.2 L), Glass, Gray Color, Made in Japan"
B09Y5RF9NC,,,,
B09YWTSZG5,,155.83,https://www.amazon.com.au/Daiwa-Works-Machine-Double-Handle/dp/B09YWTSZG5/ref=sr_1_99?dib=eyJ2IjoiMSJ9.iVJl1s5ZIFYW8txaEA24ks5Xa8PuSMaS9-fgIumpq-yWpLMBYQETOSzG2ZiXDJHJGQu5h7mrUhQ_UgdRLB-dCQ.IHFa1_mglPOcKpLG05hb_cNmozAr4Qdizzr90rRZHQE&dib_tag=se&m=A3SFQLVXY8GUH2&marketplaceID=A39IBJ37TRP1C6&qid=1774740292&refinements=p_36%3A15500-16000&s=merchant-items&sr=1-99&xpid=TFdhnNZBnbxxK#customerReviews,Daiwa SLP Works 22RCS Machine Cut Light Handle
B09YWTSZG5,,,,
B07MJQ1942,,158.74,https://www.amazon.com.au/Imabari-Towels-Certified-Specifications-Absorbent/dp/B07MJQ1942/ref=sr_1_100?dib=eyJ2IjoiMSJ9.iVJl1s5ZIFYW8txaEA24ks5Xa8PuSMaS9-fgIumpq-yWpLMBYQETOSzG2ZiXDJHJGQu5h7mrUhQ_UgdRLB-dCQ.IHFa1_mglPOcKpLG05hb_cNmozAr4Qdizzr90rRZHQE&dib_tag=se&m=A3SFQLVXY8GUH2&marketplaceID=A39IBJ37TRP1C6&qid=1774740292&refinements=p_36%3A15500-16000&s=merchant-items&sr=1-100&xpid=TFdhnNZBnbxxK#customerReviews,"Bloom Imabari Towels, Certified, Set of 2, Ciel, Hotel Specifications, Absorbent, Quick Drying, Room Drying, 100% Cotton, Made in Japan (Navy)"
B07MJQ1942,,,,
B07DW4FY1Q,,156.47,https://www.amazon.com.au/VARIVAS-Avani-Jigging-10x10-Power/dp/B07DW4FY1Q/ref=sr_1_101?dib=eyJ2IjoiMSJ9.iVJl1s5ZIFYW8txaEA24ks5Xa8PuSMaS9-fgIumpq-yWpLMBYQETOSzG2ZiXDJHJGQu5h7mrUhQ_UgdRLB-dCQ.IHFa1_mglPOcKpLG05hb_cNmozAr4Qdizzr90rRZHQE&dib_tag=se&m=A3SFQLVXY8GUH2&marketplaceID=A39IBJ37TRP1C6&qid=1774740292&refinements=p_36%3A15500-16000&s=merchant-items&sr=1-101&xpid=TFdhnNZBnbxxK#customerReviews,VARIVAS Avani Jigging 10x10 Max Power PE x8
B01I12KZ3U,,156.84,https://www.amazon.com.au/Shinwa-measurement-one-shot-aluminum-62113/dp/B01I12KZ3U/ref=sr_1_97?dib=eyJ2IjoiMSJ9.OGoIZ5gOQ5n9dcLzg1yZ-BzJwUXgvPyZJfuy8j63eKPYH587STm-CGerPW8pxd9khRxc5eoiZbrMyGUbzJdQha9VepUQVakF8TkfIL4LEu4rs8glTZ2HcbEIk8iH35a4RyD8zTQQD84UGxvQcKTY8ePekHUEg5sMs1AJhaUtvPU.ISCEr2DFFiribQRtKhPgBBZNmX_hpGa742YFroZ-0IA&dib_tag=se&m=A3SFQLVXY8GUH2&marketplaceID=A39IBJ37TRP1C6&qid=1774740292&refinements=p_36%3A15500-16000&s=merchant-items&sr=1-97&xpid=TFdhnNZBnbxxK#customerReviews,"Shinwa Sokutei 62113 Single Stop Ruler, Aluminum, Pack of 6"
B01I12KZ3U,,,,
B08V5L1LBY,,158.23,https://www.amazon.com.au/Bandai-Jujutsu-Kaisen-Metal-Collection/dp/B08V5L1LBY/ref=sr_1_98?dib=eyJ2IjoiMSJ9.OGoIZ5gOQ5n9dcLzg1yZ-BzJwUXgvPyZJfuy8j63eKPYH587STm-CGerPW8pxd9khRxc5eoiZbrMyGUbzJdQha9VepUQVakF8TkfIL4LEu4rs8glTZ2HcbEIk8iH35a4RyD8zTQQD84UGxvQcKTY8ePekHUEg5sMs1AJhaUtvPU.ISCEr2DFFiribQRtKhPgBBZNmX_hpGa742YFroZ-0IA&dib_tag=se&m=A3SFQLVXY8GUH2&marketplaceID=A39IBJ37TRP1C6&qid=1774740292&refinements=p_36%3A15500-16000&s=merchant-items&sr=1-98&xpid=TFdhnNZBnbxxK#customerReviews,Bandai Jujutsu Kaisen Metal Card Collection (Box)
B09FLNYK2X,,156.75,https://www.amazon.com.au/Friday-Squid-Compact-Design-Carry/dp/B09FLNYK2X/ref=sr_1_99?dib=eyJ2IjoiMSJ9.OGoIZ5gOQ5n9dcLzg1yZ-BzJwUXgvPyZJfuy8j63eKPYH587STm-CGerPW8pxd9khRxc5eoiZbrMyGUbzJdQha9VepUQVakF8TkfIL4LEu4rs8glTZ2HcbEIk8iH35a4RyD8zTQQD84UGxvQcKTY8ePekHUEg5sMs1AJhaUtvPU.ISCEr2DFFiribQRtKhPgBBZNmX_hpGa742YFroZ-0IA&dib_tag=se&m=A3SFQLVXY8GUH2&marketplaceID=A39IBJ37TRP1C6&qid=1774740292&refinements=p_36%3A15500-16000&s=merchant-items&sr=1-99&xpid=TFdhnNZBnbxxK#customerReviews,"Friday 300/400 Squid Gaff, Compact Design, Easy to Carry"
B09FLNYK2X,,,,
B0982Q6TGB,,159.93,https://www.amazon.com.au/Brita-Water-Purifier-Filtered-Capacity/dp/B0982Q6TGB/ref=sr_1_100?dib=eyJ2IjoiMSJ9.OGoIZ5gOQ5n9dcLzg1yZ-BzJwUXgvPyZJfuy8j63eKPYH587STm-CGerPW8pxd9khRxc5eoiZbrMyGUbzJdQha9VepUQVakF8TkfIL4LEu4rs8glTZ2HcbEIk8iH35a4RyD8zTQQD84UGxvQcKTY8ePekHUEg5sMs1AJhaUtvPU.ISCEr2DFFiribQRtKhPgBBZNmX_hpGa742YFroZ-0IA&dib_tag=se&m=A3SFQLVXY8GUH2&marketplaceID=A39IBJ37TRP1C6&qid=1774740292&refinements=p_36%3A15500-16000&s=merchant-items&sr=1-100&xpid=TFdhnNZBnbxxK#customerReviews,"Brita Water Purifier, Pot Type, PFOS/PFOA Removal Tested, Filtration Water Capacity: 0.6 gal (1.75 L) (Total Capacity: 1.5 L), Genuine Japanese Product, Aruna XL Maxtra Plus Pure Performance Cartridge"
B0982Q6TGB,,,,
B0D34X4FN6,,157.13,https://www.amazon.com.au/Tamashii-Nations-S-H-Figuarts-Dragon/dp/B0D34X4FN6/ref=sr_1_101?dib=eyJ2IjoiMSJ9.OGoIZ5gOQ5n9dcLzg1yZ-BzJwUXgvPyZJfuy8j63eKPYH587STm-CGerPW8pxd9khRxc5eoiZbrMyGUbzJdQha9VepUQVakF8TkfIL4LEu4rs8glTZ2HcbEIk8iH35a4RyD8zTQQD84UGxvQcKTY8ePekHUEg5sMs1AJhaUtvPU.ISCEr2DFFiribQRtKhPgBBZNmX_hpGa742YFroZ-0IA&dib_tag=se&m=A3SFQLVXY8GUH2&marketplaceID=A39IBJ37TRP1C6&qid=1774740292&refinements=p_36%3A15500-16000&s=merchant-items&sr=1-101&xpid=TFdhnNZBnbxxK#customerReviews,Tamashii Nations S.H. Figuarts Dragon Ball GT - Super Android 17
B0C3ZSM7YH,,156.73,https://www.amazon.com.au/Max-Factory-Evangelion-Advance-Shikinami/dp/B0C3ZSM7YH/ref=sr_1_102?dib=eyJ2IjoiMSJ9.OGoIZ5gOQ5n9dcLzg1yZ-BzJwUXgvPyZJfuy8j63eKPYH587STm-CGerPW8pxd9khRxc5eoiZbrMyGUbzJdQha9VepUQVakF8TkfIL4LEu4rs8glTZ2HcbEIk8iH35a4RyD8zTQQD84UGxvQcKTY8ePekHUEg5sMs1AJhaUtvPU.ISCEr2DFFiribQRtKhPgBBZNmX_hpGa742YFroZ-0IA&dib_tag=se&m=A3SFQLVXY8GUH2&marketplaceID=A39IBJ37TRP1C6&qid=1774740292&refinements=p_36%3A15500-16000&s=merchant-items&sr=1-102&xpid=TFdhnNZBnbxxK#customerReviews,Max Factory Evangelion 2.0 You Can (Not) Advance Figure PLAMAX Asuka Shikinami Langley 20 cm
B0DFXVGQGH,,156.41,https://www.amazon.com.au/Godzilla-Reprint-Non-scale-Unpainted-Assembly/dp/B0DFXVGQGH/ref=sr_1_103?dib=eyJ2IjoiMSJ9.OGoIZ5gOQ5n9dcLzg1yZ-BzJwUXgvPyZJfuy8j63eKPYH587STm-CGerPW8pxd9khRxc5eoiZbrMyGUbzJdQha9VepUQVakF8TkfIL4LEu4rs8glTZ2HcbEIk8iH35a4RyD8zTQQD84UGxvQcKTY8ePekHUEg5sMs1AJhaUtvPU.ISCEr2DFFiribQRtKhPgBBZNmX_hpGa742YFroZ-0IA&dib_tag=se&m=A3SFQLVXY8GUH2&marketplaceID=A39IBJ37TRP1C6&qid=1774740292&refinements=p_36%3A15500-16000&s=merchant-items&sr=1-103&xpid=TFdhnNZBnbxxK,"Mame Godzilla (1993) Sofubi Kit Reprint Version, Non-scale, Soft Vinyl, Unpainted, Assembly Kit"
B0C3VLRJ71,,157.13,https://www.amazon.com.au/Bosch-Professional-FlexiClick-Flexibility-Compatible/dp/B0C3VLRJ71/ref=sr_1_104?dib=eyJ2IjoiMSJ9.OGoIZ5gOQ5n9dcLzg1yZ-BzJwUXgvPyZJfuy8j63eKPYH587STm-CGerPW8pxd9khRxc5eoiZbrMyGUbzJdQha9VepUQVakF8TkfIL4LEu4rs8glTZ2HcbEIk8iH35a4RyD8zTQQD84UGxvQcKTY8ePekHUEg5sMs1AJhaUtvPU.ISCEr2DFFiribQRtKhPgBBZNmX_hpGa742YFroZ-0IA&dib_tag=se&m=A3SFQLVXY8GUH2&marketplaceID=A39IBJ37TRP1C6&qid=1774740292&refinements=p_36%3A15500-16000&s=merchant-items&sr=1-104&xpid=TFdhnNZBnbxxK#customerReviews,"Bosch Professional FlexiClick Adapter GFA 18-WM (high Flexibility, it can be Locked in 16 Different Positions, at a 360° Angle, Compatible with The 18V FlexiClick Drill Driver GSR 18V-90 FC)"
B0C3VLRJ71,,,,
B000ZEHDU6,,158.6,https://www.amazon.com.au/Knipex-79-120-Electronics-Multi-Component/dp/B000ZEHDU6/ref=sr_1_105?dib=eyJ2IjoiMSJ9.OGoIZ5gOQ5n9dcLzg1yZ-BzJwUXgvPyZJfuy8j63eKPYH587STm-CGerPW8pxd9khRxc5eoiZbrMyGUbzJdQha9VepUQVakF8TkfIL4LEu4rs8glTZ2HcbEIk8iH35a4RyD8zTQQD84UGxvQcKTY8ePekHUEg5sMs1AJhaUtvPU.ISCEr2DFFiribQRtKhPgBBZNmX_hpGa742YFroZ-0IA&dib_tag=se&m=A3SFQLVXY8GUH2&marketplaceID=A39IBJ37TRP1C6&qid=1774740292&refinements=p_36%3A15500-16000&s=merchant-items&sr=1-105&xpid=TFdhnNZBnbxxK#customerReviews,"Knipex 79 02 120 Precision Electronics Diagonal Burnished Cutter, 120 mm Length"
B000ZEHDU6,,,,
B07K7K11LW,,155.93,https://www.amazon.com.au/Bandai-Figuarts-Wasp-Antman-Included/dp/B07K7K11LW/ref=sr_1_106?dib=eyJ2IjoiMSJ9.OGoIZ5gOQ5n9dcLzg1yZ-BzJwUXgvPyZJfuy8j63eKPYH587STm-CGerPW8pxd9khRxc5eoiZbrMyGUbzJdQha9VepUQVakF8TkfIL4LEu4rs8glTZ2HcbEIk8iH35a4RyD8zTQQD84UGxvQcKTY8ePekHUEg5sMs1AJhaUtvPU.ISCEr2DFFiribQRtKhPgBBZNmX_hpGa742YFroZ-0IA&dib_tag=se&m=A3SFQLVXY8GUH2&marketplaceID=A39IBJ37TRP1C6&qid=1774740292&refinements=p_36%3A15500-16000&s=merchant-items&sr=1-106&xpid=TFdhnNZBnbxxK#customerReviews,Bandai S. H. Figuarts Wasp Antman & Wasp Not Included Antman Body
B00RIHDEHE,,155.99,https://www.amazon.com.au/Snow-Peak-Anodized-Aluminum-Cookset/dp/B00RIHDEHE/ref=sr_1_107?dib=eyJ2IjoiMSJ9.OGoIZ5gOQ5n9dcLzg1yZ-BzJwUXgvPyZJfuy8j63eKPYH587STm-CGerPW8pxd9khRxc5eoiZbrMyGUbzJdQha9VepUQVakF8TkfIL4LEu4rs8glTZ2HcbEIk8iH35a4RyD8zTQQD84UGxvQcKTY8ePekHUEg5sMs1AJhaUtvPU.ISCEr2DFFiribQRtKhPgBBZNmX_hpGa742YFroZ-0IA&dib_tag=se&m=A3SFQLVXY8GUH2&marketplaceID=A39IBJ37TRP1C6&qid=1774740292&refinements=p_36%3A15500-16000&s=merchant-items&sr=1-107&xpid=TFdhnNZBnbxxK#customerReviews,スノーピーク(Snow Peak) シングルバーナー コンパクト収納 スタッキング ヤエンシリーズ SCS-201/CS-251/GS-360 防災
B00RIHDEHE,,,,
B071RRXDKH,,159.27,https://www.amazon.com.au/PEARL-CH-930S-Cymbal-Holder-Uni-Lock/dp/B071RRXDKH/ref=sr_1_113?dib=eyJ2IjoiMSJ9.WolRnu5iKTUjhkqBKfHIBzcf_yBYl7w4iNeik5kk4HwzJoPzE0pF82W-VoO78i7krhhQPgJvxkwo7YD4nEvcRQ.9blN4uHqFAJzET3zgff_tSncAF77r_14NKYTiyg9DUA&dib_tag=se&m=A3SFQLVXY8GUH2&marketplaceID=A39IBJ37TRP1C6&qid=1774740297&refinements=p_36%3A15500-16000&s=merchant-items&sr=1-113&xpid=TFdhnNZBnbxxK#customerReviews,"Pearl CH-930S, Screw Boom Cymbal Holder"
B071RRXDKH,,,,
B0BYRM5WPB,,157.42,https://www.amazon.com.au/MAFEX-No-208-BO-KATAN-Mandalorian-Non-scale/dp/B0BYRM5WPB/ref=sr_1_114?dib=eyJ2IjoiMSJ9.WolRnu5iKTUjhkqBKfHIBzcf_yBYl7w4iNeik5kk4HwzJoPzE0pF82W-VoO78i7krhhQPgJvxkwo7YD4nEvcRQ.9blN4uHqFAJzET3zgff_tSncAF77r_14NKYTiyg9DUA&dib_tag=se&m=A3SFQLVXY8GUH2&marketplaceID=A39IBJ37TRP1C6&qid=1774740297&refinements=p_36%3A15500-16000&s=merchant-items&sr=1-114&xpid=TFdhnNZBnbxxK#customerReviews,"MAFEX No.208 BO-KATAN KRYZE The Mandalorian Ver., Total Height Approx. 5.9 inches (150 mm), Non-scale, Painted Action Figure"
B0CNJZKMH8,,155.22,https://www.amazon.com.au/Medicom-Batman-Hush-Riddler-Mafex/dp/B0CNJZKMH8/ref=sr_1_115?dib=eyJ2IjoiMSJ9.WolRnu5iKTUjhkqBKfHIBzcf_yBYl7w4iNeik5kk4HwzJoPzE0pF82W-VoO78i7krhhQPgJvxkwo7YD4nEvcRQ.9blN4uHqFAJzET3zgff_tSncAF77r_14NKYTiyg9DUA&dib_tag=se&m=A3SFQLVXY8GUH2&marketplaceID=A39IBJ37TRP1C6&qid=1774740297&refinements=p_36%3A15500-16000&s=merchant-items&sr=1-115&xpid=TFdhnNZBnbxxK#customerReviews,Medicom - Batman: Hush - Riddler Mafex Af
B084Q7TMJ4,,158.69,https://www.amazon.com.au/Ledlenser-Lightweight-Rechargeable-Removable-Backpacking/dp/B084Q7TMJ4/ref=sr_1_116?dib=eyJ2IjoiMSJ9.WolRnu5iKTUjhkqBKfHIBzcf_yBYl7w4iNeik5kk4HwzJoPzE0pF82W-VoO78i7krhhQPgJvxkwo7YD4nEvcRQ.9blN4uHqFAJzET3zgff_tSncAF77r_14NKYTiyg9DUA&dib_tag=se&m=A3SFQLVXY8GUH2&marketplaceID=A39IBJ37TRP1C6&qid=1774740297&refinements=p_36%3A15500-16000&s=merchant-items&sr=1-116&xpid=TFdhnNZBnbxxK#customerReviews,"Ledlenser - MH8 Lightweight Rechargeable Headlamp with Removable Headstrap, High Power LED, 600 Lumens, Red/Green/Blue Functions, Hunting, Backpacking, Hiking, Camping"
B084Q7TMJ4,,,,
B0C6TBKDGP,,160.66,https://www.amazon.com.au/Good-Smile-Company-Cardcaptor-Sakura/dp/B0C6TBKDGP/ref=sr_1_117?dib=eyJ2IjoiMSJ9.WolRnu5iKTUjhkqBKfHIBzcf_yBYl7w4iNeik5kk4HwzJoPzE0pF82W-VoO78i7krhhQPgJvxkwo7YD4nEvcRQ.9blN4uHqFAJzET3zgff_tSncAF77r_14NKYTiyg9DUA&dib_tag=se&m=A3SFQLVXY8GUH2&marketplaceID=A39IBJ37TRP1C6&qid=1774740297&refinements=p_36%3A15500-16000&s=merchant-items&sr=1-117&xpid=TFdhnNZBnbxxK#customerReviews,Good Smile Company Cardcaptor Sakura: Clear Card Figurine Nendoroid Sakura Kinomoto: Tomoeda Junior High Uniform Ver. (re-Run) 10 cm
B0BNVGVTMY,,156.85,https://www.amazon.com.au/Deda-ZERO100-Polish-Cycle-Parts/dp/B0BNVGVTMY/ref=sr_1_113?dib=eyJ2IjoiMSJ9.yTuB5RG45V2KVh8JwJuvDTAOqvbiGwfELTkixnBnwiLZaF708P0Go_noLplDSkl8Vn8G5GNErEU703QO_Q9cDPDmgJiHdiPN9XNTI3tJfptreAPv6F1apaMraMHj33KlNkL_S7G09fick7mLx1z-h1AHtoq8Krjxj-YCG1Z-J-A.LuA6eR0P-W1AaaJGwGCj3rJWgEwX72l0z4kGIRZ5RNs&dib_tag=se&m=A3SFQLVXY8GUH2&marketplaceID=A39IBJ37TRP1C6&qid=1774740297&refinements=p_36%3A15500-16000&s=merchant-items&sr=1-113&xpid=TFdhnNZBnbxxK#customerReviews,Deda ZERO100 SIL Polish 31.7 / Stem Cycle Parts
B0BNVGVTMY,,,,
B09DY6RYQS,,155.45,https://www.amazon.com.au/Kaguya-sama-Love-Kaguya-Shinomiya-Figma/dp/B09DY6RYQS/ref=sr_1_114?dib=eyJ2IjoiMSJ9.yTuB5RG45V2KVh8JwJuvDTAOqvbiGwfELTkixnBnwiLZaF708P0Go_noLplDSkl8Vn8G5GNErEU703QO_Q9cDPDmgJiHdiPN9XNTI3tJfptreAPv6F1apaMraMHj33KlNkL_S7G09fick7mLx1z-h1AHtoq8Krjxj-YCG1Z-J-A.LuA6eR0P-W1AaaJGwGCj3rJWgEwX72l0z4kGIRZ5RNs&dib_tag=se&m=A3SFQLVXY8GUH2&marketplaceID=A39IBJ37TRP1C6&qid=1774740297&refinements=p_36%3A15500-16000&s=merchant-items&sr=1-114&xpid=TFdhnNZBnbxxK#customerReviews,Max Factory Figma Kaguya Shinomiya PVC Figure
B000A6ODT8,,155.05,https://www.amazon.com.au/Bandai-MSN-04-Master-Action-Figure/dp/B000A6ODT8/ref=sr_1_115?dib=eyJ2IjoiMSJ9.yTuB5RG45V2KVh8JwJuvDTAOqvbiGwfELTkixnBnwiLZaF708P0Go_noLplDSkl8Vn8G5GNErEU703QO_Q9cDPDmgJiHdiPN9XNTI3tJfptreAPv6F1apaMraMHj33KlNkL_S7G09fick7mLx1z-h1AHtoq8Krjxj-YCG1Z-J-A.LuA6eR0P-W1AaaJGwGCj3rJWgEwX72l0z4kGIRZ5RNs&dib_tag=se&m=A3SFQLVXY8GUH2&marketplaceID=A39IBJ37TRP1C6&qid=1774740297&refinements=p_36%3A15500-16000&s=merchant-items&sr=1-115&xpid=TFdhnNZBnbxxK#customerReviews,Bandai Hobby MSN-04 Acguy Master Grade Action Figure
B0BDDB66J3,,155.02,https://www.amazon.com.au/Reement-Shin-chan-Everyones-Atsumare-Kindergarten/dp/B0BDDB66J3/ref=sr_1_116?dib=eyJ2IjoiMSJ9.yTuB5RG45V2KVh8JwJuvDTAOqvbiGwfELTkixnBnwiLZaF708P0Go_noLplDSkl8Vn8G5GNErEU703QO_Q9cDPDmgJiHdiPN9XNTI3tJfptreAPv6F1apaMraMHj33KlNkL_S7G09fick7mLx1z-h1AHtoq8Krjxj-YCG1Z-J-A.LuA6eR0P-W1AaaJGwGCj3rJWgEwX72l0z4kGIRZ5RNs&dib_tag=se&m=A3SFQLVXY8GUH2&marketplaceID=A39IBJ37TRP1C6&qid=1774740297&refinements=p_36%3A15500-16000&s=merchant-items&sr=1-116&xpid=TFdhnNZBnbxxK,"Reement Crayon Shin-chan Everyone's Atsumare! Futaba Kindergarten, Box Product, 6 Types in Total, 6 Pieces"
B08F2B82LB,,158.65,https://www.amazon.com.au/Shimomura-40372-Frying-inches-Lightweight/dp/B08F2B82LB/ref=sr_1_117?dib=eyJ2IjoiMSJ9.yTuB5RG45V2KVh8JwJuvDTAOqvbiGwfELTkixnBnwiLZaF708P0Go_noLplDSkl8Vn8G5GNErEU703QO_Q9cDPDmgJiHdiPN9XNTI3tJfptreAPv6F1apaMraMHj33KlNkL_S7G09fick7mLx1z-h1AHtoq8Krjxj-YCG1Z-J-A.LuA6eR0P-W1AaaJGwGCj3rJWgEwX72l0z4kGIRZ5RNs&dib_tag=se&m=A3SFQLVXY8GUH2&marketplaceID=A39IBJ37TRP1C6&qid=1774740297&refinements=p_36%3A15500-16000&s=merchant-items&sr=1-117&xpid=TFdhnNZBnbxxK,"Shimomura Kihan IH 40372 Deep Frying Pan, 9.4 inches (24 cm), Made in Japan, Lightweight"
B08F2B82LB,,,,
B091DSX4Y3,,156.96,https://www.amazon.com.au/Tamashi-Nations-Stardust-RGM-79Q-N-I-M/dp/B091DSX4Y3/ref=sr_1_118?dib=eyJ2IjoiMSJ9.yTuB5RG45V2KVh8JwJuvDTAOqvbiGwfELTkixnBnwiLZaF708P0Go_noLplDSkl8Vn8G5GNErEU703QO_Q9cDPDmgJiHdiPN9XNTI3tJfptreAPv6F1apaMraMHj33KlNkL_S7G09fick7mLx1z-h1AHtoq8Krjxj-YCG1Z-J-A.LuA6eR0P-W1AaaJGwGCj3rJWgEwX72l0z4kGIRZ5RNs&dib_tag=se&m=A3SFQLVXY8GUH2&marketplaceID=A39IBJ37TRP1C6&qid=1774740297&refinements=p_36%3A15500-16000&s=merchant-items&sr=1-118&xpid=TFdhnNZBnbxxK#customerReviews,Tamashii Nations Robot Spirits RGM79Q GM Quel Ver. A.N.I.M.E. Action Figure
B00EZV171G,,155.8,https://www.amazon.com.au/Master-Grade-Gundam-Spver-Limited/dp/B00EZV171G/ref=sr_1_119?dib=eyJ2IjoiMSJ9.yTuB5RG45V2KVh8JwJuvDTAOqvbiGwfELTkixnBnwiLZaF708P0Go_noLplDSkl8Vn8G5GNErEU703QO_Q9cDPDmgJiHdiPN9XNTI3tJfptreAPv6F1apaMraMHj33KlNkL_S7G09fick7mLx1z-h1AHtoq8Krjxj-YCG1Z-J-A.LuA6eR0P-W1AaaJGwGCj3rJWgEwX72l0z4kGIRZ5RNs&dib_tag=se&m=A3SFQLVXY8GUH2&marketplaceID=A39IBJ37TRP1C6&qid=1774740297&refinements=p_36%3A15500-16000&s=merchant-items&sr=1-119&xpid=TFdhnNZBnbxxK#customerReviews,Master Grade MG 1/100 Gundam Age-2 Spver. Limited Model Kit
B00EZV171G,,,,
B0BTH867F9,,158.12,https://www.amazon.com.au/Tamashii-Nations-Figuarts-Zero-Chouett/dp/B0BTH867F9/ref=sr_1_120?dib=eyJ2IjoiMSJ9.yTuB5RG45V2KVh8JwJuvDTAOqvbiGwfELTkixnBnwiLZaF708P0Go_noLplDSkl8Vn8G5GNErEU703QO_Q9cDPDmgJiHdiPN9XNTI3tJfptreAPv6F1apaMraMHj33KlNkL_S7G09fick7mLx1z-h1AHtoq8Krjxj-YCG1Z-J-A.LuA6eR0P-W1AaaJGwGCj3rJWgEwX72l0z4kGIRZ5RNs&dib_tag=se&m=A3SFQLVXY8GUH2&marketplaceID=A39IBJ37TRP1C6&qid=1774740297&refinements=p_36%3A15500-16000&s=merchant-items&sr=1-120&xpid=TFdhnNZBnbxxK#customerReviews,Tamashii Nations Figuarts Zero Chouett Lum
B0BFDMF6R6,,155.45,https://www.amazon.com.au/Good-Smile-Company-Musume-Nendoroid/dp/B0BFDMF6R6/ref=sr_1_121?dib=eyJ2IjoiMSJ9.yTuB5RG45V2KVh8JwJuvDTAOqvbiGwfELTkixnBnwiLZaF708P0Go_noLplDSkl8Vn8G5GNErEU703QO_Q9cDPDmgJiHdiPN9XNTI3tJfptreAPv6F1apaMraMHj33KlNkL_S7G09fick7mLx1z-h1AHtoq8Krjxj-YCG1Z-J-A.LuA6eR0P-W1AaaJGwGCj3rJWgEwX72l0z4kGIRZ5RNs&dib_tag=se&m=A3SFQLVXY8GUH2&marketplaceID=A39IBJ37TRP1C6&qid=1774740297&refinements=p_36%3A15500-16000&s=merchant-items&sr=1-121&xpid=TFdhnNZBnbxxK#customerReviews,Good Smile Company Umamusume Pretty Derby Nendoroid Twin Turbo
B00CCZ42MI,,158.81,https://www.amazon.com.au/Marumi-Antistatic-Filter-Circular-Polarizer/dp/B00CCZ42MI/ref=sr_1_122?dib=eyJ2IjoiMSJ9.yTuB5RG45V2KVh8JwJuvDTAOqvbiGwfELTkixnBnwiLZaF708P0Go_noLplDSkl8Vn8G5GNErEU703QO_Q9cDPDmgJiHdiPN9XNTI3tJfptreAPv6F1apaMraMHj33KlNkL_S7G09fick7mLx1z-h1AHtoq8Krjxj-YCG1Z-J-A.LuA6eR0P-W1AaaJGwGCj3rJWgEwX72l0z4kGIRZ5RNs&dib_tag=se&m=A3SFQLVXY8GUH2&marketplaceID=A39IBJ37TRP1C6&qid=1774740297&refinements=p_36%3A15500-16000&s=merchant-items&sr=1-122&xpid=TFdhnNZBnbxxK#customerReviews,EXUS 77mm CPL 77 Marumi Antistatic MC Slim Thin Filter Circular Polarizer made in Japan
B00CCZ42MI,,,,
B0CBLB29SN,,156.62,https://www.amazon.com.au/Triad-Orbit-IO-C2-Mini-Clamp/dp/B0CBLB29SN/ref=sr_1_123?dib=eyJ2IjoiMSJ9.yTuB5RG45V2KVh8JwJuvDTAOqvbiGwfELTkixnBnwiLZaF708P0Go_noLplDSkl8Vn8G5GNErEU703QO_Q9cDPDmgJiHdiPN9XNTI3tJfptreAPv6F1apaMraMHj33KlNkL_S7G09fick7mLx1z-h1AHtoq8Krjxj-YCG1Z-J-A.LuA6eR0P-W1AaaJGwGCj3rJWgEwX72l0z4kGIRZ5RNs&dib_tag=se&m=A3SFQLVXY8GUH2&marketplaceID=A39IBJ37TRP1C6&qid=1774740297&refinements=p_36%3A15500-16000&s=merchant-items&sr=1-123&xpid=TFdhnNZBnbxxK,Triad-Orbit IO-C2 Mini Clamp
B0CBLB29SN,,,,
B097FJMT98,,155.69,https://www.amazon.com.au/Captain-Endgame-Version-Approx-Painted/dp/B097FJMT98/ref=sr_1_129?dib=eyJ2IjoiMSJ9.fVgdtIWjkzysc7uqXmAEN394CEzcvUdqbRtpWJVAJMlvp3Z94p90WRcou-RRs_W8Z4ketCPqiYf8S5Vfe20u2g.p2Cqz30jiWreslWj85eObHg6LIO_OxdTurMfZsWbrr8&dib_tag=se&m=A3SFQLVXY8GUH2&marketplaceID=A39IBJ37TRP1C6&qid=1774740302&refinements=p_36%3A15500-16000&s=merchant-items&sr=1-129&xpid=TFdhnNZBnbxxK#customerReviews,"MAFEX No. 163 Captain Marvel Endgame Version, Total Height Approx. 5.9 inches (150 mm), Painted Action Figure"
B095XL6D25,,157.25,https://www.amazon.com.au/Retro-51-Tornado-Metalsmith-Ballpoint/dp/B095XL6D25/ref=sr_1_130?dib=eyJ2IjoiMSJ9.fVgdtIWjkzysc7uqXmAEN394CEzcvUdqbRtpWJVAJMlvp3Z94p90WRcou-RRs_W8Z4ketCPqiYf8S5Vfe20u2g.p2Cqz30jiWreslWj85eObHg6LIO_OxdTurMfZsWbrr8&dib_tag=se&m=A3SFQLVXY8GUH2&marketplaceID=A39IBJ37TRP1C6&qid=1774740302&refinements=p_36%3A15500-16000&s=merchant-items&sr=1-130&xpid=TFdhnNZBnbxxK#customerReviews,Retro 51 Tornado Vintage Metalsmith Brutus Barber Roller/Ballpoint Pen
B095XL6D25,,,,
B00AUKDO30,,156.68,https://www.amazon.com.au/Fotodiox-Adapter-Fujifilm-X-Mount-Mirrorless/dp/B00AUKDO30/ref=sr_1_131?dib=eyJ2IjoiMSJ9.fVgdtIWjkzysc7uqXmAEN394CEzcvUdqbRtpWJVAJMlvp3Z94p90WRcou-RRs_W8Z4ketCPqiYf8S5Vfe20u2g.p2Cqz30jiWreslWj85eObHg6LIO_OxdTurMfZsWbrr8&dib_tag=se&m=A3SFQLVXY8GUH2&marketplaceID=A39IBJ37TRP1C6&qid=1774740302&refinements=p_36%3A15500-16000&s=merchant-items&sr=1-131&xpid=TFdhnNZBnbxxK#customerReviews,"Fotodiox Pro Lens Mount Adapter, for Leica M Lens to Fujifilm X-Mount Mirrorless Cameras, Black, (LM-FXRF-Pro)"
B00AUKDO30,,,,
B08GFP26QP,,155.58,https://www.amazon.com.au/CM-5000U-BK-Microphone-Unidirectional-Windscreen/dp/B08GFP26QP/ref=sr_1_132?dib=eyJ2IjoiMSJ9.fVgdtIWjkzysc7uqXmAEN394CEzcvUdqbRtpWJVAJMlvp3Z94p90WRcou-RRs_W8Z4ketCPqiYf8S5Vfe20u2g.p2Cqz30jiWreslWj85eObHg6LIO_OxdTurMfZsWbrr8&dib_tag=se&m=A3SFQLVXY8GUH2&marketplaceID=A39IBJ37TRP1C6&qid=1774740302&refinements=p_36%3A15500-16000&s=merchant-items&sr=1-132&xpid=TFdhnNZBnbxxK,"CUSTOMTRY CM-5000U/BK Custom Tri USB Condenser Microphone All-in-One Set, Unidirectional (Microphone, Pop Guard, Windscreen, Arm Stand, USB Cable Included)"
B08GFP26QP,,,,
B0CCXWT7R3,,159.68,https://www.amazon.com.au/BOSS-CB-404-Carry-Case-SP-404/dp/B0CCXWT7R3/ref=sr_1_133?dib=eyJ2IjoiMSJ9.fVgdtIWjkzysc7uqXmAEN394CEzcvUdqbRtpWJVAJMlvp3Z94p90WRcou-RRs_W8Z4ketCPqiYf8S5Vfe20u2g.p2Cqz30jiWreslWj85eObHg6LIO_OxdTurMfZsWbrr8&dib_tag=se&m=A3SFQLVXY8GUH2&marketplaceID=A39IBJ37TRP1C6&qid=1774740302&refinements=p_36%3A15500-16000&s=merchant-items&sr=1-133&xpid=TFdhnNZBnbxxK#customerReviews,"Roland CB-404 Carry Case | Official Custom Carry Case for Sampler SP-404MKII, SP-404A, SP-404SX & SP-404 | Orange Customization Control | Lightweight & Durable"
B0CCXWT7R3,,,,
B00CCZ41BK,,155.04,https://www.amazon.com.au/Marumi-Antistatic-Filter-Circular-Polarizer/dp/B00CCZ41BK/ref=sr_1_129?dib=eyJ2IjoiMSJ9.MvDmfVkMe69NHm9sKyHT7sGYlsj_9yKcUnehPMiTsJnILdztAQcMELqjKB3d0PWKvbLy9dEnka5BvuvKidlLfnK21HJ9OsTtH5M2NHJ_eEMaLoLh5gKpGKWg3HS44OooBEtTZOrs8E2J3TMZzWsE2NVn1YceQ41_B4pncwT_PQA.MufVwRFFNYT73ljD-RsEfNcbI0L1PyBDvzE05oTMZg0&dib_tag=se&m=A3SFQLVXY8GUH2&marketplaceID=A39IBJ37TRP1C6&qid=1774740302&refinements=p_36%3A15500-16000&s=merchant-items&sr=1-129&xpid=TFdhnNZBnbxxK#customerReviews,Marumi EXUS 72mm Circular Polariser Filter
B00CCZ41BK,,,,
B0BRSL2JTG,,158.81,https://www.amazon.com.au/Golden-Kamuy-Nendoroid-Hyakunosuke-re-Run/dp/B0BRSL2JTG/ref=sr_1_130?dib=eyJ2IjoiMSJ9.MvDmfVkMe69NHm9sKyHT7sGYlsj_9yKcUnehPMiTsJnILdztAQcMELqjKB3d0PWKvbLy9dEnka5BvuvKidlLfnK21HJ9OsTtH5M2NHJ_eEMaLoLh5gKpGKWg3HS44OooBEtTZOrs8E2J3TMZzWsE2NVn1YceQ41_B4pncwT_PQA.MufVwRFFNYT73ljD-RsEfNcbI0L1PyBDvzE05oTMZg0&dib_tag=se&m=A3SFQLVXY8GUH2&marketplaceID=A39IBJ37TRP1C6&qid=1774740302&refinements=p_36%3A15500-16000&s=merchant-items&sr=1-130&xpid=TFdhnNZBnbxxK#customerReviews,Good Smile Golden Kamuy Nendoroid Hyakunosuke Ogata (re-Run)
B0DQW5W4P1,,159.14,https://www.amazon.com.au/HC-645-Half-Size-Compatible-Fluororesin-Processing/dp/B0DQW5W4P1/ref=sr_1_131?dib=eyJ2IjoiMSJ9.MvDmfVkMe69NHm9sKyHT7sGYlsj_9yKcUnehPMiTsJnILdztAQcMELqjKB3d0PWKvbLy9dEnka5BvuvKidlLfnK21HJ9OsTtH5M2NHJ_eEMaLoLh5gKpGKWg3HS44OooBEtTZOrs8E2J3TMZzWsE2NVn1YceQ41_B4pncwT_PQA.MufVwRFFNYT73ljD-RsEfNcbI0L1PyBDvzE05oTMZg0&dib_tag=se&m=A3SFQLVXY8GUH2&marketplaceID=A39IBJ37TRP1C6&qid=1774740302&refinements=p_36%3A15500-16000&s=merchant-items&sr=1-131&xpid=TFdhnNZBnbxxK#customerReviews,"Pearl Metal HC-645 Half-Size Pot Curry Stew Pot 8.7 inches (22 cm) with Glass Lid, Induction Compatible, Fluororesin Coating Film Processing, Brown"
B0DQW5W4P1,,,,
B0BHSV61NB,,158.1,https://www.amazon.com.au/ICY-Fortune-Days-Generation-Including/dp/B0BHSV61NB/ref=sr_1_132?dib=eyJ2IjoiMSJ9.MvDmfVkMe69NHm9sKyHT7sGYlsj_9yKcUnehPMiTsJnILdztAQcMELqjKB3d0PWKvbLy9dEnka5BvuvKidlLfnK21HJ9OsTtH5M2NHJ_eEMaLoLh5gKpGKWg3HS44OooBEtTZOrs8E2J3TMZzWsE2NVn1YceQ41_B4pncwT_PQA.MufVwRFFNYT73ljD-RsEfNcbI0L1PyBDvzE05oTMZg0&dib_tag=se&m=A3SFQLVXY8GUH2&marketplaceID=A39IBJ37TRP1C6&qid=1774740302&refinements=p_36%3A15500-16000&s=merchant-items&sr=1-132&xpid=TFdhnNZBnbxxK#customerReviews,"ICY Fortune Days 2nd Generation 1/4 Scale Anime Style 16 Inch BJD Ball Jointed Doll Full Set Including Wig, 3D Eyes, Clothes, Shoes, for Children Age 8+(Rabbit)"
B08VN99N8L,,156.13,https://www.amazon.com.au/BUNDOK-BDK-75B-Teepee-Person-Camping/dp/B08VN99N8L/ref=sr_1_133?dib=eyJ2IjoiMSJ9.MvDmfVkMe69NHm9sKyHT7sGYlsj_9yKcUnehPMiTsJnILdztAQcMELqjKB3d0PWKvbLy9dEnka5BvuvKidlLfnK21HJ9OsTtH5M2NHJ_eEMaLoLh5gKpGKWg3HS44OooBEtTZOrs8E2J3TMZzWsE2NVn1YceQ41_B4pncwT_PQA.MufVwRFFNYT73ljD-RsEfNcbI0L1PyBDvzE05oTMZg0&dib_tag=se&m=A3SFQLVXY8GUH2&marketplaceID=A39IBJ37TRP1C6&qid=1774740302&refinements=p_36%3A15500-16000&s=merchant-items&sr=1-133&xpid=TFdhnNZBnbxxK#customerReviews,BUNDOK Solo Tepee BDK-75 Single Pole Tent Compact Storage Case Included
B08VN99N8L,,,,
B0CZXL323V,,157.12,https://www.amazon.com.au/Bushiroad-Rubber-Collection-Persona-Reload/dp/B0CZXL323V/ref=sr_1_134?dib=eyJ2IjoiMSJ9.MvDmfVkMe69NHm9sKyHT7sGYlsj_9yKcUnehPMiTsJnILdztAQcMELqjKB3d0PWKvbLy9dEnka5BvuvKidlLfnK21HJ9OsTtH5M2NHJ_eEMaLoLh5gKpGKWg3HS44OooBEtTZOrs8E2J3TMZzWsE2NVn1YceQ41_B4pncwT_PQA.MufVwRFFNYT73ljD-RsEfNcbI0L1PyBDvzE05oTMZg0&dib_tag=se&m=A3SFQLVXY8GUH2&marketplaceID=A39IBJ37TRP1C6&qid=1774740302&refinements=p_36%3A15500-16000&s=merchant-items&sr=1-134&xpid=TFdhnNZBnbxxK,Bushiroad Rubber Mat Collection V2 Vol. 1218 Persona 3 Reload Aigis
B0CXH5DWSM,,159.69,https://www.amazon.com.au/Bushiroad-Rubber-Collection-Persona-Reload/dp/B0CXH5DWSM/ref=sr_1_135?dib=eyJ2IjoiMSJ9.MvDmfVkMe69NHm9sKyHT7sGYlsj_9yKcUnehPMiTsJnILdztAQcMELqjKB3d0PWKvbLy9dEnka5BvuvKidlLfnK21HJ9OsTtH5M2NHJ_eEMaLoLh5gKpGKWg3HS44OooBEtTZOrs8E2J3TMZzWsE2NVn1YceQ41_B4pncwT_PQA.MufVwRFFNYT73ljD-RsEfNcbI0L1PyBDvzE05oTMZg0&dib_tag=se&m=A3SFQLVXY8GUH2&marketplaceID=A39IBJ37TRP1C6&qid=1774740302&refinements=p_36%3A15500-16000&s=merchant-items&sr=1-135&xpid=TFdhnNZBnbxxK#customerReviews,"Bushiroad Rubber Mat Collection V2 Vol. 1170 ""Persona 3 Reload"
B0BXKSGRRB,,157.34,https://www.amazon.com.au/Whole-WE2MDZ54-Camping-Ground-Rampart/dp/B0BXKSGRRB/ref=sr_1_136?dib=eyJ2IjoiMSJ9.MvDmfVkMe69NHm9sKyHT7sGYlsj_9yKcUnehPMiTsJnILdztAQcMELqjKB3d0PWKvbLy9dEnka5BvuvKidlLfnK21HJ9OsTtH5M2NHJ_eEMaLoLh5gKpGKWg3HS44OooBEtTZOrs8E2J3TMZzWsE2NVn1YceQ41_B4pncwT_PQA.MufVwRFFNYT73ljD-RsEfNcbI0L1PyBDvzE05oTMZg0&dib_tag=se&m=A3SFQLVXY8GUH2&marketplaceID=A39IBJ37TRP1C6&qid=1774740302&refinements=p_36%3A15500-16000&s=merchant-items&sr=1-136&xpid=TFdhnNZBnbxxK#customerReviews,"Whole Earth WE2MDZ54 SBEG Camping Tent, Camp, Ground Rampart S"
B0BXKSGRRB,,,,
B006LD6QTY,,156.79,https://www.amazon.com.au/china-Sorrentino-porcelain-P58043A-4562/dp/B006LD6QTY/ref=sr_1_137?dib=eyJ2IjoiMSJ9.MvDmfVkMe69NHm9sKyHT7sGYlsj_9yKcUnehPMiTsJnILdztAQcMELqjKB3d0PWKvbLy9dEnka5BvuvKidlLfnK21HJ9OsTtH5M2NHJ_eEMaLoLh5gKpGKWg3HS44OooBEtTZOrs8E2J3TMZzWsE2NVn1YceQ41_B4pncwT_PQA.MufVwRFFNYT73ljD-RsEfNcbI0L1PyBDvzE05oTMZg0&dib_tag=se&m=A3SFQLVXY8GUH2&marketplaceID=A39IBJ37TRP1C6&qid=1774740302&refinements=p_36%3A15500-16000&s=merchant-items&sr=1-137&xpid=TFdhnNZBnbxxK#customerReviews,Noritake P58043A/4562 Tea Cups & Saucers (Pear Set) 180cc Blue Solentino 2 Guest Bone China
B006LD6QTY,,,,
B09RPL5DVG,,159.27,https://www.amazon.com.au/Sasaki-M-207BRM-F-Gymnastics-International-Association/dp/B09RPL5DVG/ref=sr_1_138?dib=eyJ2IjoiMSJ9.MvDmfVkMe69NHm9sKyHT7sGYlsj_9yKcUnehPMiTsJnILdztAQcMELqjKB3d0PWKvbLy9dEnka5BvuvKidlLfnK21HJ9OsTtH5M2NHJ_eEMaLoLh5gKpGKWg3HS44OooBEtTZOrs8E2J3TMZzWsE2NVn1YceQ41_B4pncwT_PQA.MufVwRFFNYT73ljD-RsEfNcbI0L1PyBDvzE05oTMZg0&dib_tag=se&m=A3SFQLVXY8GUH2&marketplaceID=A39IBJ37TRP1C6&qid=1774740302&refinements=p_36%3A15500-16000&s=merchant-items&sr=1-138&xpid=TFdhnNZBnbxxK#customerReviews,"Sasaki M-207BRM-F Rhythmic Gymnastics Tools, Ball, International Gymnastics Federation Certified, Japan Gymnastics Association Certified, Metia Ball, Diameter 7.3 inches (18.5 cm)"
B09RPL5DVG,,,,
B09LCLCWP2,,159.85,https://www.amazon.com.au/Good-Smile-Company-G12702-Figure/dp/B09LCLCWP2/ref=sr_1_139?dib=eyJ2IjoiMSJ9.MvDmfVkMe69NHm9sKyHT7sGYlsj_9yKcUnehPMiTsJnILdztAQcMELqjKB3d0PWKvbLy9dEnka5BvuvKidlLfnK21HJ9OsTtH5M2NHJ_eEMaLoLh5gKpGKWg3HS44OooBEtTZOrs8E2J3TMZzWsE2NVn1YceQ41_B4pncwT_PQA.MufVwRFFNYT73ljD-RsEfNcbI0L1PyBDvzE05oTMZg0&dib_tag=se&m=A3SFQLVXY8GUH2&marketplaceID=A39IBJ37TRP1C6&qid=1774740302&refinements=p_36%3A15500-16000&s=merchant-items&sr=1-139&xpid=TFdhnNZBnbxxK#customerReviews,Good Smile Company Nendoroid Roxy Migurdia Figure
B0BVR8JCM2,,155.11,https://www.amazon.com.au/Good-Smile-Company-Moderoid-Plastic/dp/B0BVR8JCM2/ref=sr_1_145?dib=eyJ2IjoiMSJ9.-u4cp4koVH-SSmV6A1tnh7PFMf6x6EWUoTIdN5EpeZ3XWSPKGLOW5RJrokEH7vr8aT-3sLozZIVryOjEmn2HjA.T_fbT59BXp-pvt7bFnJeGmwGUmN4fW2EqgbjnAYeMfk&dib_tag=se&m=A3SFQLVXY8GUH2&marketplaceID=A39IBJ37TRP1C6&qid=1774740307&refinements=p_36%3A15500-16000&s=merchant-items&sr=1-145&xpid=TFdhnNZBnbxxK#customerReviews,Good Smile Company Gun x Sword Moderoid Plastic Model Kit El Dora V Figure 20cm
B0BVR8JCM2,,,,
B000O1P8FW,,158.52,https://www.amazon.com.au/Iwachu-cm-Cast-Iron-Nabe/dp/B000O1P8FW/ref=sr_1_146?dib=eyJ2IjoiMSJ9.-u4cp4koVH-SSmV6A1tnh7PFMf6x6EWUoTIdN5EpeZ3XWSPKGLOW5RJrokEH7vr8aT-3sLozZIVryOjEmn2HjA.T_fbT59BXp-pvt7bFnJeGmwGUmN4fW2EqgbjnAYeMfk&dib_tag=se&m=A3SFQLVXY8GUH2&marketplaceID=A39IBJ37TRP1C6&qid=1774740307&refinements=p_36%3A15500-16000&s=merchant-items&sr=1-146&xpid=TFdhnNZBnbxxK#customerReviews,"Iwachu 21108 Furusato Hot Pot, Deep 8.3 inches (21 mm), Black Baking, Inner Diameter 8.3 inches (21 cm), Induction Compatible, Nambu Ironware"
B000O1P8FW,,,,
B0CCSVNW11,,156.96,https://www.amazon.com.au/TAMASHII-NATIONS-Metron-Spirits-S-H-Figuarts/dp/B0CCSVNW11/ref=sr_1_147?dib=eyJ2IjoiMSJ9.-u4cp4koVH-SSmV6A1tnh7PFMf6x6EWUoTIdN5EpeZ3XWSPKGLOW5RJrokEH7vr8aT-3sLozZIVryOjEmn2HjA.T_fbT59BXp-pvt7bFnJeGmwGUmN4fW2EqgbjnAYeMfk&dib_tag=se&m=A3SFQLVXY8GUH2&marketplaceID=A39IBJ37TRP1C6&qid=1774740307&refinements=p_36%3A15500-16000&s=merchant-items&sr=1-147&xpid=TFdhnNZBnbxxK#customerReviews,"TAMASHII NATIONS - Ultra Seven - Alien Metron, Bandai Spirits S.H.Figuarts Action Figure"
B07SH71CSR,,158.12,https://www.amazon.com.au/Shippuden-Uzumaki-RASENGAN-Relation-BandaiFiguartsZERO/dp/B07SH71CSR/ref=sr_1_148?dib=eyJ2IjoiMSJ9.-u4cp4koVH-SSmV6A1tnh7PFMf6x6EWUoTIdN5EpeZ3XWSPKGLOW5RJrokEH7vr8aT-3sLozZIVryOjEmn2HjA.T_fbT59BXp-pvt7bFnJeGmwGUmN4fW2EqgbjnAYeMfk&dib_tag=se&m=A3SFQLVXY8GUH2&marketplaceID=A39IBJ37TRP1C6&qid=1774740307&refinements=p_36%3A15500-16000&s=merchant-items&sr=1-148&xpid=TFdhnNZBnbxxK#customerReviews,"Naruto Shippuden Naruto Uzumaki -RASENGAN- KIZUNA Relation, BandaiFiguartsZERO"
B09G61LZ7B,,156.9,https://www.amazon.com.au/Headphones-Water-Resistant-Bluetooth-Microphone-Comfortable/dp/B09G61LZ7B/ref=sr_1_149?dib=eyJ2IjoiMSJ9.-u4cp4koVH-SSmV6A1tnh7PFMf6x6EWUoTIdN5EpeZ3XWSPKGLOW5RJrokEH7vr8aT-3sLozZIVryOjEmn2HjA.T_fbT59BXp-pvt7bFnJeGmwGUmN4fW2EqgbjnAYeMfk&dib_tag=se&m=A3SFQLVXY8GUH2&marketplaceID=A39IBJ37TRP1C6&qid=1774740307&refinements=p_36%3A15500-16000&s=merchant-items&sr=1-149&xpid=TFdhnNZBnbxxK#customerReviews,"Denon AH-C630W True Wireless in-Ear Headphones, Water-Resistant Bluetooth Earbuds with Built-in Microphone, Noise Isolating, Superior Sound, Comfortable Fit, Black"
B09G61LZ7B,,,,
B0087BJIM0,,155.11,https://www.amazon.com.au/BC-04-Buster-Bandai-Tokumei-Sentai/dp/B0087BJIM0/ref=sr_1_145?dib=eyJ2IjoiMSJ9.J0yAjNfjp2GAQWZo16lRWCeCef4GHx8UHs7i74oKt9S646MWJ8_vmlwYnEh_TCHYNAm7vvebkoDtaFH6iQx4dEUc41LYM-0fDxbblJOBgDTULz-dVTn1aQHkNkfPNY6qXVAd2wfh-9ti3mPVtQkOnysi542Y_-TDylncz2bvTnQ.tC3MpEY0s2x60MG4a4NujAON4KPdm9hN9jagS524Go8&dib_tag=se&m=A3SFQLVXY8GUH2&marketplaceID=A39IBJ37TRP1C6&qid=1774740307&refinements=p_36%3A15500-16000&s=merchant-items&sr=1-145&xpid=TFdhnNZBnbxxK#customerReviews,BC-04 DX Go Buster Beet Bandai Tokumei Sentai Go Buster [JAPAN]
B003OQ6BYG,,157.58,https://www.amazon.com.au/SUPER-TOOL-MWR36/dp/B003OQ6BYG/ref=sr_1_146?dib=eyJ2IjoiMSJ9.J0yAjNfjp2GAQWZo16lRWCeCef4GHx8UHs7i74oKt9S646MWJ8_vmlwYnEh_TCHYNAm7vvebkoDtaFH6iQx4dEUc41LYM-0fDxbblJOBgDTULz-dVTn1aQHkNkfPNY6qXVAd2wfh-9ti3mPVtQkOnysi542Y_-TDylncz2bvTnQ.tC3MpEY0s2x60MG4a4NujAON4KPdm9hN9jagS524Go8&dib_tag=se&m=A3SFQLVXY8GUH2&marketplaceID=A39IBJ37TRP1C6&qid=1774740307&refinements=p_36%3A15500-16000&s=merchant-items&sr=1-146&xpid=TFdhnNZBnbxxK#customerReviews,SUPERTOOL MWR36 Ratchet Type Wide Adjustable Wrench
B003OQ6BYG,,,,
B0003J5JY0,,159.21,https://www.amazon.com.au/1-24-MITSUBISHI-COLT-SPORTS-X/dp/B0003J5JY0/ref=sr_1_147?dib=eyJ2IjoiMSJ9.J0yAjNfjp2GAQWZo16lRWCeCef4GHx8UHs7i74oKt9S646MWJ8_vmlwYnEh_TCHYNAm7vvebkoDtaFH6iQx4dEUc41LYM-0fDxbblJOBgDTULz-dVTn1aQHkNkfPNY6qXVAd2wfh-9ti3mPVtQkOnysi542Y_-TDylncz2bvTnQ.tC3MpEY0s2x60MG4a4NujAON4KPdm9hN9jagS524Go8&dib_tag=se&m=A3SFQLVXY8GUH2&marketplaceID=A39IBJ37TRP1C6&qid=1774740307&refinements=p_36%3A15500-16000&s=merchant-items&sr=1-147&xpid=TFdhnNZBnbxxK#customerReviews,1/24 MITSUBISHI COLT SPORTS-X
B0003J5JY0,,,,
B08N172XLQ,,155.21,https://www.amazon.com.au/Bianchi-Display-JPP0204011CK000-Celeste-inches/dp/B08N172XLQ/ref=sr_1_148?dib=eyJ2IjoiMSJ9.J0yAjNfjp2GAQWZo16lRWCeCef4GHx8UHs7i74oKt9S646MWJ8_vmlwYnEh_TCHYNAm7vvebkoDtaFH6iQx4dEUc41LYM-0fDxbblJOBgDTULz-dVTn1aQHkNkfPNY6qXVAd2wfh-9ti3mPVtQkOnysi542Y_-TDylncz2bvTnQ.tC3MpEY0s2x60MG4a4NujAON4KPdm9hN9jagS524Go8&dib_tag=se&m=A3SFQLVXY8GUH2&marketplaceID=A39IBJ37TRP1C6&qid=1774740307&refinements=p_36%3A15500-16000&s=merchant-items&sr=1-148&xpid=TFdhnNZBnbxxK#customerReviews,Bianchi Display Stand A CK16 JPP0204011CK000 Celeste 12.2 x 10.0 x 7.4 inches (30.8 x 25.3 x 18.9 cm)
B08N172XLQ,,,,
B08236YKBM,,159.81,https://www.amazon.com.au/Daiwa-LT2000S-XH-Revros-Spinning-Model/dp/B08236YKBM/ref=sr_1_149?dib=eyJ2IjoiMSJ9.J0yAjNfjp2GAQWZo16lRWCeCef4GHx8UHs7i74oKt9S646MWJ8_vmlwYnEh_TCHYNAm7vvebkoDtaFH6iQx4dEUc41LYM-0fDxbblJOBgDTULz-dVTn1aQHkNkfPNY6qXVAd2wfh-9ti3mPVtQkOnysi542Y_-TDylncz2bvTnQ.tC3MpEY0s2x60MG4a4NujAON4KPdm9hN9jagS524Go8&dib_tag=se&m=A3SFQLVXY8GUH2&marketplaceID=A39IBJ37TRP1C6&qid=1774740307&refinements=p_36%3A15500-16000&s=merchant-items&sr=1-149&xpid=TFdhnNZBnbxxK#customerReviews,Daiwa Spinning Reel 20 Revros LT (2020 Model)
B08236YKBM,,,,
B01D7MIM6Q,,158.93,https://www.amazon.com.au/TAKASHI-MURAKAMI-kaikaikiki-Limited-exclusive/dp/B01D7MIM6Q/ref=sr_1_150?dib=eyJ2IjoiMSJ9.J0yAjNfjp2GAQWZo16lRWCeCef4GHx8UHs7i74oKt9S646MWJ8_vmlwYnEh_TCHYNAm7vvebkoDtaFH6iQx4dEUc41LYM-0fDxbblJOBgDTULz-dVTn1aQHkNkfPNY6qXVAd2wfh-9ti3mPVtQkOnysi542Y_-TDylncz2bvTnQ.tC3MpEY0s2x60MG4a4NujAON4KPdm9hN9jagS524Go8&dib_tag=se&m=A3SFQLVXY8GUH2&marketplaceID=A39IBJ37TRP1C6&qid=1774740307&refinements=p_36%3A15500-16000&s=merchant-items&sr=1-150&xpid=TFdhnNZBnbxxK,TAKASHI MURAKAMI Coffee Tea Mug Cup Flower Ohana kaikaikiki Limited exclusive
B01D7MIM6Q,,,,
B07L4NVJPN,,157.36,https://www.amazon.com.au/Captain-UG-3039-Ginghis-Seasoning-Required/dp/B07L4NVJPN/ref=sr_1_151?dib=eyJ2IjoiMSJ9.J0yAjNfjp2GAQWZo16lRWCeCef4GHx8UHs7i74oKt9S646MWJ8_vmlwYnEh_TCHYNAm7vvebkoDtaFH6iQx4dEUc41LYM-0fDxbblJOBgDTULz-dVTn1aQHkNkfPNY6qXVAd2wfh-9ti3mPVtQkOnysi542Y_-TDylncz2bvTnQ.tC3MpEY0s2x60MG4a4NujAON4KPdm9hN9jagS524Go8&dib_tag=se&m=A3SFQLVXY8GUH2&marketplaceID=A39IBJ37TRP1C6&qid=1774740307&refinements=p_36%3A15500-16000&s=merchant-items&sr=1-151&xpid=TFdhnNZBnbxxK#customerReviews,"Captain Stag UG-3039 Cast Ginghis Can Pot with Hook Handle, No Seasoning Required"
B07L4NVJPN,,,,
B07JMJLDYC,,159.87,https://www.amazon.com.au/THT-17-T-Shaped-Hexagon-Wrench-inches/dp/B07JMJLDYC/ref=sr_1_152?dib=eyJ2IjoiMSJ9.J0yAjNfjp2GAQWZo16lRWCeCef4GHx8UHs7i74oKt9S646MWJ8_vmlwYnEh_TCHYNAm7vvebkoDtaFH6iQx4dEUc41LYM-0fDxbblJOBgDTULz-dVTn1aQHkNkfPNY6qXVAd2wfh-9ti3mPVtQkOnysi542Y_-TDylncz2bvTnQ.tC3MpEY0s2x60MG4a4NujAON4KPdm9hN9jagS524Go8&dib_tag=se&m=A3SFQLVXY8GUH2&marketplaceID=A39IBJ37TRP1C6&qid=1774740307&refinements=p_36%3A15500-16000&s=merchant-items&sr=1-152&xpid=TFdhnNZBnbxxK,"Tone THT-17 T-Shaped Hexagon Wrench, Width 0.7 inches (17 mm)"
B07JMJLDYC,,,,
B06VV4TJK1,,156.11,https://www.amazon.com.au/Bulk-purchase-APAGARD-Premio-Quasi/dp/B06VV4TJK1/ref=sr_1_153?dib=eyJ2IjoiMSJ9.J0yAjNfjp2GAQWZo16lRWCeCef4GHx8UHs7i74oKt9S646MWJ8_vmlwYnEh_TCHYNAm7vvebkoDtaFH6iQx4dEUc41LYM-0fDxbblJOBgDTULz-dVTn1aQHkNkfPNY6qXVAd2wfh-9ti3mPVtQkOnysi542Y_-TDylncz2bvTnQ.tC3MpEY0s2x60MG4a4NujAON4KPdm9hN9jagS524Go8&dib_tag=se&m=A3SFQLVXY8GUH2&marketplaceID=A39IBJ37TRP1C6&qid=1774740307&refinements=p_36%3A15500-16000&s=merchant-items&sr=1-153&xpid=TFdhnNZBnbxxK#customerReviews,[Buying] APAGARD (Apagado) Premio [Quasi-Drugs] 100g ~ 5 Pieces
B06VV4TJK1,,,,
B00RGKIW4I,,157.46,https://www.amazon.com.au/Takom-Russian-KRAZ-260-Truck-Scale/dp/B00RGKIW4I/ref=sr_1_154?dib=eyJ2IjoiMSJ9.J0yAjNfjp2GAQWZo16lRWCeCef4GHx8UHs7i74oKt9S646MWJ8_vmlwYnEh_TCHYNAm7vvebkoDtaFH6iQx4dEUc41LYM-0fDxbblJOBgDTULz-dVTn1aQHkNkfPNY6qXVAd2wfh-9ti3mPVtQkOnysi542Y_-TDylncz2bvTnQ.tC3MpEY0s2x60MG4a4NujAON4KPdm9hN9jagS524Go8&dib_tag=se&m=A3SFQLVXY8GUH2&marketplaceID=A39IBJ37TRP1C6&qid=1774740307&refinements=p_36%3A15500-16000&s=merchant-items&sr=1-154&xpid=TFdhnNZBnbxxK,Takom Russian KRAZ-260 Truck (1/35 Scale)
B00RGKIW4I,,,,
B004CBA260,,159.09,https://www.amazon.com.au/Medicos-JoJos-Bizarre-Adventure-Unbreakable/dp/B004CBA260/ref=sr_1_155?dib=eyJ2IjoiMSJ9.J0yAjNfjp2GAQWZo16lRWCeCef4GHx8UHs7i74oKt9S646MWJ8_vmlwYnEh_TCHYNAm7vvebkoDtaFH6iQx4dEUc41LYM-0fDxbblJOBgDTULz-dVTn1aQHkNkfPNY6qXVAd2wfh-9ti3mPVtQkOnysi542Y_-TDylncz2bvTnQ.tC3MpEY0s2x60MG4a4NujAON4KPdm9hN9jagS524Go8&dib_tag=se&m=A3SFQLVXY8GUH2&marketplaceID=A39IBJ37TRP1C6&qid=1774740307&refinements=p_36%3A15500-16000&s=merchant-items&sr=1-155&xpid=TFdhnNZBnbxxK,Medicos JoJo's Bizarre Adventure: Part 4--Diamond is Unbreakable: Koichi Hirose & Echoes ACT1 Super Action Statue
B004CBA260,,159.09,https://www.amazon.com.au/Medicos-JoJos-Bizarre-Adventure-Unbreakable/dp/B004CBA260/ref=sr_1_161?dib=eyJ2IjoiMSJ9.A4APffpyxPFLifzkxyVXAMcvL6z8k6_nr3wqBCmKIXjb_kF9HV90KARcThT3-laxHOa3azW-YwCnO9nPz2T94A.l13bOEaGg6R9sgMVE09XtcRCIseFaBAHYlp4jAfgSWY&dib_tag=se&m=A3SFQLVXY8GUH2&marketplaceID=A39IBJ37TRP1C6&qid=1774740312&refinements=p_36%3A15500-16000&s=merchant-items&sr=1-161&xpid=TFdhnNZBnbxxK,Medicos JoJo's Bizarre Adventure: Part 4--Diamond is Unbreakable: Koichi Hirose & Echoes ACT1 Super Action Statue
B0006N1488,,156.82,https://www.amazon.com.au/Bandai-Hobby-EW-03-Endless-Tallgeese/dp/B0006N1488/ref=sr_1_162?dib=eyJ2IjoiMSJ9.A4APffpyxPFLifzkxyVXAMcvL6z8k6_nr3wqBCmKIXjb_kF9HV90KARcThT3-laxHOa3azW-YwCnO9nPz2T94A.l13bOEaGg6R9sgMVE09XtcRCIseFaBAHYlp4jAfgSWY&dib_tag=se&m=A3SFQLVXY8GUH2&marketplaceID=A39IBJ37TRP1C6&qid=1774740312&refinements=p_36%3A15500-16000&s=merchant-items&sr=1-162&xpid=TFdhnNZBnbxxK#customerReviews,Bandai Hobby EW-03 1/100 High Grade Endless Waltz Tallgeese III Model Kit
B0006N1488,,,,
B0B5TTPLS4,,155.19,https://www.amazon.com.au/Nendoroid-Non-Scale-Pre-Painted-Action-Figure/dp/B0B5TTPLS4/ref=sr_1_163?dib=eyJ2IjoiMSJ9.A4APffpyxPFLifzkxyVXAMcvL6z8k6_nr3wqBCmKIXjb_kF9HV90KARcThT3-laxHOa3azW-YwCnO9nPz2T94A.l13bOEaGg6R9sgMVE09XtcRCIseFaBAHYlp4jAfgSWY&dib_tag=se&m=A3SFQLVXY8GUH2&marketplaceID=A39IBJ37TRP1C6&qid=1774740312&refinements=p_36%3A15500-16000&s=merchant-items&sr=1-163&xpid=TFdhnNZBnbxxK#customerReviews,"Nendoroid Evil God Drop Kick Evil God Chan, Non-Scale, ABS & PVC, Pre-Painted Action Figure, Resale"
B08PPHXYHM,,158.24,https://www.amazon.com.au/National-Railway-Electric-Locomotive-7147/dp/B08PPHXYHM/ref=sr_1_164?dib=eyJ2IjoiMSJ9.A4APffpyxPFLifzkxyVXAMcvL6z8k6_nr3wqBCmKIXjb_kF9HV90KARcThT3-laxHOa3azW-YwCnO9nPz2T94A.l13bOEaGg6R9sgMVE09XtcRCIseFaBAHYlp4jAfgSWY&dib_tag=se&m=A3SFQLVXY8GUH2&marketplaceID=A39IBJ37TRP1C6&qid=1774740312&refinements=p_36%3A15500-16000&s=merchant-items&sr=1-164&xpid=TFdhnNZBnbxxK#customerReviews,"TOMIX N Gauge National Railway EF60 500 Type Electric Locomotive, Express Color, 7147 Railway Model, Electric Locomotive"
B08PPHXYHM,,,,
B0C1WBQRNS,,159.62,https://www.amazon.com.au/TAMA-ISO-BASE-Reduction-Pedals-TIBP1/dp/B0C1WBQRNS/ref=sr_1_165?dib=eyJ2IjoiMSJ9.A4APffpyxPFLifzkxyVXAMcvL6z8k6_nr3wqBCmKIXjb_kF9HV90KARcThT3-laxHOa3azW-YwCnO9nPz2T94A.l13bOEaGg6R9sgMVE09XtcRCIseFaBAHYlp4jAfgSWY&dib_tag=se&m=A3SFQLVXY8GUH2&marketplaceID=A39IBJ37TRP1C6&qid=1774740312&refinements=p_36%3A15500-16000&s=merchant-items&sr=1-165&xpid=TFdhnNZBnbxxK#customerReviews,"TAMA Tama ISO-BASE Sound Reduction Pad ""For Pedals"" 1pc TIBP1 Black"
B0C1WBQRNS,,,,
B001Q8IRZK,,157.76,https://www.amazon.com.au/Bach-Trumpet-Mouthpiece-Silver-5B/dp/B001Q8IRZK/ref=sr_1_161?dib=eyJ2IjoiMSJ9.R9lIWpTZJ3_GrB-lNalosefyA3urZcqyOKZIeN8CQobnTYZ7GNmy8GzpKGpkqBu70h8q5JNtkhMDFIu1NpuqKuJfUxCy7JqkS_To7MtWgTOPJ3JiB9exVDV9wiKlDCWdDShoixTuDOYwi9H7CTdKNoiZPbWpbxDuAlNXkGk2aYU.4nZS-DdkvLHvWNlbRnGYKl75Nw3ENN_B8vQ-yKaapAI&dib_tag=se&m=A3SFQLVXY8GUH2&marketplaceID=A39IBJ37TRP1C6&qid=1774740312&refinements=p_36%3A15500-16000&s=merchant-items&sr=1-161&xpid=TFdhnNZBnbxxK,Bach Classic Trumpet Silver Plated Mouthpiece Size 5B (3515B)
B001Q8IRZK,,,,
B0CCCKZRMJ,,156.18,https://www.amazon.com.au/Panaracer-Gravel-Tubeless-Ready-F745-GK-SS-D/dp/B0CCCKZRMJ/ref=sr_1_162?dib=eyJ2IjoiMSJ9.R9lIWpTZJ3_GrB-lNalosefyA3urZcqyOKZIeN8CQobnTYZ7GNmy8GzpKGpkqBu70h8q5JNtkhMDFIu1NpuqKuJfUxCy7JqkS_To7MtWgTOPJ3JiB9exVDV9wiKlDCWdDShoixTuDOYwi9H7CTdKNoiZPbWpbxDuAlNXkGk2aYU.4nZS-DdkvLHvWNlbRnGYKl75Nw3ENN_B8vQ-yKaapAI&dib_tag=se&m=A3SFQLVXY8GUH2&marketplaceID=A39IBJ37TRP1C6&qid=1774740312&refinements=p_36%3A15500-16000&s=merchant-items&sr=1-162&xpid=TFdhnNZBnbxxK#customerReviews,Panaracer Gravel King SS Black/Black Brown Tubeless Tire
B0CCCKZRMJ,,,,
B0002E2CQY,,156.03,https://www.amazon.com.au/Bach-Cornet-Mouthpiece-Silver-3C/dp/B0002E2CQY/ref=sr_1_163?dib=eyJ2IjoiMSJ9.R9lIWpTZJ3_GrB-lNalosefyA3urZcqyOKZIeN8CQobnTYZ7GNmy8GzpKGpkqBu70h8q5JNtkhMDFIu1NpuqKuJfUxCy7JqkS_To7MtWgTOPJ3JiB9exVDV9wiKlDCWdDShoixTuDOYwi9H7CTdKNoiZPbWpbxDuAlNXkGk2aYU.4nZS-DdkvLHvWNlbRnGYKl75Nw3ENN_B8vQ-yKaapAI&dib_tag=se&m=A3SFQLVXY8GUH2&marketplaceID=A39IBJ37TRP1C6&qid=1774740312&refinements=p_36%3A15500-16000&s=merchant-items&sr=1-163&xpid=TFdhnNZBnbxxK#customerReviews,Bach Classic Cornet Silver Plated Mouthpiece Size 3C (3493C)
B0002E2CQY,,,,
B089VXCTS4,,156.63,https://www.amazon.com.au/JEKCA-ST19DSD02-M02-Dachshund-02S-M02/dp/B089VXCTS4/ref=sr_1_164?dib=eyJ2IjoiMSJ9.R9lIWpTZJ3_GrB-lNalosefyA3urZcqyOKZIeN8CQobnTYZ7GNmy8GzpKGpkqBu70h8q5JNtkhMDFIu1NpuqKuJfUxCy7JqkS_To7MtWgTOPJ3JiB9exVDV9wiKlDCWdDShoixTuDOYwi9H7CTdKNoiZPbWpbxDuAlNXkGk2aYU.4nZS-DdkvLHvWNlbRnGYKl75Nw3ENN_B8vQ-yKaapAI&dib_tag=se&m=A3SFQLVXY8GUH2&marketplaceID=A39IBJ37TRP1C6&qid=1774740312&refinements=p_36%3A15500-16000&s=merchant-items&sr=1-164&xpid=TFdhnNZBnbxxK,JEKCA Dachshund 02S-M02
B0B7W1PJ8B,,157.6,https://www.amazon.com.au/Dimensional-Cospa-Kotori-Graphic-T-Shirt/dp/B0B7W1PJ8B/ref=sr_1_165?dib=eyJ2IjoiMSJ9.R9lIWpTZJ3_GrB-lNalosefyA3urZcqyOKZIeN8CQobnTYZ7GNmy8GzpKGpkqBu70h8q5JNtkhMDFIu1NpuqKuJfUxCy7JqkS_To7MtWgTOPJ3JiB9exVDV9wiKlDCWdDShoixTuDOYwi9H7CTdKNoiZPbWpbxDuAlNXkGk2aYU.4nZS-DdkvLHvWNlbRnGYKl75Nw3ENN_B8vQ-yKaapAI&dib_tag=se&m=A3SFQLVXY8GUH2&marketplaceID=A39IBJ37TRP1C6&qid=1774740312&refinements=p_36%3A15500-16000&s=merchant-items&sr=1-165&xpid=TFdhnNZBnbxxK#customerReviews,Two Dimensional Cospa Date A Live IV Kotori Gokawa Full Graphic T-Shirt White Large Cotton
B0B7W1PJ8B,,,,
B09646WJ3G,,182.65,https://www.amazon.com.au/Bandai-S-H-Figuarts-Masked-Anniversary-Version/dp/B09646WJ3G/ref=sr_1_166?dib=eyJ2IjoiMSJ9.R9lIWpTZJ3_GrB-lNalosefyA3urZcqyOKZIeN8CQobnTYZ7GNmy8GzpKGpkqBu70h8q5JNtkhMDFIu1NpuqKuJfUxCy7JqkS_To7MtWgTOPJ3JiB9exVDV9wiKlDCWdDShoixTuDOYwi9H7CTdKNoiZPbWpbxDuAlNXkGk2aYU.4nZS-DdkvLHvWNlbRnGYKl75Nw3ENN_B8vQ-yKaapAI&dib_tag=se&m=A3SFQLVXY8GUH2&marketplaceID=A39IBJ37TRP1C6&qid=1774740312&refinements=p_36%3A15500-16000&s=merchant-items&sr=1-166&xpid=TFdhnNZBnbxxK#customerReviews,Bandai S.H.Figuarts Masked Rider 1 50Th Anniversary Version Action Figure
B08W21CHP6,,157.0,https://www.amazon.com.au/Taylor-Balls-Piece-Model-N0803301/dp/B08W21CHP6/ref=sr_1_167?dib=eyJ2IjoiMSJ9.R9lIWpTZJ3_GrB-lNalosefyA3urZcqyOKZIeN8CQobnTYZ7GNmy8GzpKGpkqBu70h8q5JNtkhMDFIu1NpuqKuJfUxCy7JqkS_To7MtWgTOPJ3JiB9exVDV9wiKlDCWdDShoixTuDOYwi9H7CTdKNoiZPbWpbxDuAlNXkGk2aYU.4nZS-DdkvLHvWNlbRnGYKl75Nw3ENN_B8vQ-yKaapAI&dib_tag=se&m=A3SFQLVXY8GUH2&marketplaceID=A39IBJ37TRP1C6&qid=1774740312&refinements=p_36%3A15500-16000&s=merchant-items&sr=1-167&xpid=TFdhnNZBnbxxK#customerReviews,Taylor Made TP5 Pix Golf Balls 5 Piece 2021 Model
B08W21CHP6,,,,
B07G2WLLWF,,157.96,https://www.amazon.com.au/Carmate-BW541-Headlight-Transport-Compliant/dp/B07G2WLLWF/ref=sr_1_168?dib=eyJ2IjoiMSJ9.R9lIWpTZJ3_GrB-lNalosefyA3urZcqyOKZIeN8CQobnTYZ7GNmy8GzpKGpkqBu70h8q5JNtkhMDFIu1NpuqKuJfUxCy7JqkS_To7MtWgTOPJ3JiB9exVDV9wiKlDCWdDShoixTuDOYwi9H7CTdKNoiZPbWpbxDuAlNXkGk2aYU.4nZS-DdkvLHvWNlbRnGYKl75Nw3ENN_B8vQ-yKaapAI&dib_tag=se&m=A3SFQLVXY8GUH2&marketplaceID=A39IBJ37TRP1C6&qid=1774740312&refinements=p_36%3A15500-16000&s=merchant-items&sr=1-168&xpid=TFdhnNZBnbxxK#customerReviews,"Carmate BW541 Car LED Headlight, GIGA E3400 Series, H4, 6,500 K, 1,700/1,300 lm/1 Light, Road Transport Vehicle Act Compliant"
B07G2WLLWF,,,,
B00UQIAACO,,159.66,https://www.amazon.com.au/Clover-Crochet-Amyure-needle-3-point/dp/B00UQIAACO/ref=sr_1_169?dib=eyJ2IjoiMSJ9.R9lIWpTZJ3_GrB-lNalosefyA3urZcqyOKZIeN8CQobnTYZ7GNmy8GzpKGpkqBu70h8q5JNtkhMDFIu1NpuqKuJfUxCy7JqkS_To7MtWgTOPJ3JiB9exVDV9wiKlDCWdDShoixTuDOYwi9H7CTdKNoiZPbWpbxDuAlNXkGk2aYU.4nZS-DdkvLHvWNlbRnGYKl75Nw3ENN_B8vQ-yKaapAI&dib_tag=se&m=A3SFQLVXY8GUH2&marketplaceID=A39IBJ37TRP1C6&qid=1774740312&refinements=p_36%3A15500-16000&s=merchant-items&sr=1-169&xpid=TFdhnNZBnbxxK#customerReviews,"Clover Crochet ""Amyure"" set & Lace needle ""Amyure"" set & zipper Crochet case 3-point set"
B00UQIAACO,,,,
B08SJ7F9WL,,158.93,https://www.amazon.com.au/Ibanez-PHMINI-Phaser-Pedal-Bypass/dp/B08SJ7F9WL/ref=sr_1_170?dib=eyJ2IjoiMSJ9.R9lIWpTZJ3_GrB-lNalosefyA3urZcqyOKZIeN8CQobnTYZ7GNmy8GzpKGpkqBu70h8q5JNtkhMDFIu1NpuqKuJfUxCy7JqkS_To7MtWgTOPJ3JiB9exVDV9wiKlDCWdDShoixTuDOYwi9H7CTdKNoiZPbWpbxDuAlNXkGk2aYU.4nZS-DdkvLHvWNlbRnGYKl75Nw3ENN_B8vQ-yKaapAI&dib_tag=se&m=A3SFQLVXY8GUH2&marketplaceID=A39IBJ37TRP1C6&qid=1774740312&refinements=p_36%3A15500-16000&s=merchant-items&sr=1-170&xpid=TFdhnNZBnbxxK#customerReviews,Ibanez PHMINI Phaser Pedal - True Bypass - Red
B08SJ7F9WL,,,,
B0C7C4PNQT,,159.97,https://www.amazon.com.au/Rement-Sample-Happiness-Product-Pieces/dp/B0C7C4PNQT/ref=sr_1_171?dib=eyJ2IjoiMSJ9.R9lIWpTZJ3_GrB-lNalosefyA3urZcqyOKZIeN8CQobnTYZ7GNmy8GzpKGpkqBu70h8q5JNtkhMDFIu1NpuqKuJfUxCy7JqkS_To7MtWgTOPJ3JiB9exVDV9wiKlDCWdDShoixTuDOYwi9H7CTdKNoiZPbWpbxDuAlNXkGk2aYU.4nZS-DdkvLHvWNlbRnGYKl75Nw3ENN_B8vQ-yKaapAI&dib_tag=se&m=A3SFQLVXY8GUH2&marketplaceID=A39IBJ37TRP1C6&qid=1774740312&refinements=p_36%3A15500-16000&s=merchant-items&sr=1-171&xpid=TFdhnNZBnbxxK,"Rement Petit Sample Series, Hot Happiness, Taste of Our Home, Box Product, 8 Types, 8 Pieces"
B0C7C4PNQT,,,,
B0BV9B2LLH,,156.1,https://www.amazon.com.au/Cardfight-Vanguard-Special-Collection-VG-D-PV01/dp/B0BV9B2LLH/ref=sr_1_177?dib=eyJ2IjoiMSJ9.709ZpzFQqLPFoDjPttvSDaCR1sqrahygUsJadJNTaTRNLhqKsrYHhpUFb9sCPvvCNqHXM0DZRn3dSsMUEmG0XQ.i2X3cm0VPPwpEv0rcbiff0Qj4imscBZ2E1gQy_D2Xq4&dib_tag=se&m=A3SFQLVXY8GUH2&marketplaceID=A39IBJ37TRP1C6&qid=1774740318&refinements=p_36%3A15500-16000&s=merchant-items&sr=1-177&xpid=TFdhnNZBnbxxK#customerReviews,Cardfight!! Vanguard P&V Special Series History Collection VG-D-PV01 Box
B07H6KQRTG,,156.61,https://www.amazon.com.au/BANDAI-Sinanju-Titanium-Finish-Mobile/dp/B07H6KQRTG/ref=sr_1_178?dib=eyJ2IjoiMSJ9.709ZpzFQqLPFoDjPttvSDaCR1sqrahygUsJadJNTaTRNLhqKsrYHhpUFb9sCPvvCNqHXM0DZRn3dSsMUEmG0XQ.i2X3cm0VPPwpEv0rcbiff0Qj4imscBZ2E1gQy_D2Xq4&dib_tag=se&m=A3SFQLVXY8GUH2&marketplaceID=A39IBJ37TRP1C6&qid=1774740318&refinements=p_36%3A15500-16000&s=merchant-items&sr=1-178&xpid=TFdhnNZBnbxxK#customerReviews,HGUC 1/144 Sinanju Titanium Finish Plastic Model from Mobile Suit Gundam Unicorn
B0002U3D70,,158.12,https://www.amazon.com.au/G-Armor-Gundam-Action-Figure-Bandai/dp/B0002U3D70/ref=sr_1_179?dib=eyJ2IjoiMSJ9.709ZpzFQqLPFoDjPttvSDaCR1sqrahygUsJadJNTaTRNLhqKsrYHhpUFb9sCPvvCNqHXM0DZRn3dSsMUEmG0XQ.i2X3cm0VPPwpEv0rcbiff0Qj4imscBZ2E1gQy_D2Xq4&dib_tag=se&m=A3SFQLVXY8GUH2&marketplaceID=A39IBJ37TRP1C6&qid=1774740318&refinements=p_36%3A15500-16000&s=merchant-items&sr=1-179&xpid=TFdhnNZBnbxxK#customerReviews,G-Armor Gundam FIX Gundam Action Figure #0004 1/144 Scale by Bandai
B09K7F7BZR,,156.46,https://www.amazon.com.au/Illustration-Non-Scale-Painted-Complete-Figure/dp/B09K7F7BZR/ref=sr_1_180?dib=eyJ2IjoiMSJ9.709ZpzFQqLPFoDjPttvSDaCR1sqrahygUsJadJNTaTRNLhqKsrYHhpUFb9sCPvvCNqHXM0DZRn3dSsMUEmG0XQ.i2X3cm0VPPwpEv0rcbiff0Qj4imscBZ2E1gQy_D2Xq4&dib_tag=se&m=A3SFQLVXY8GUH2&marketplaceID=A39IBJ37TRP1C6&qid=1774740318&refinements=p_36%3A15500-16000&s=merchant-items&sr=1-180&xpid=TFdhnNZBnbxxK#customerReviews,Bae.C Illustration Lirin Non-Scale PVC & ABS Painted Complete Figure
B00IN468WY,,156.52,https://www.amazon.com.au/GEDORE-Impact-Fix-Impact-Screwdriver-Insert/dp/B00IN468WY/ref=sr_1_181?dib=eyJ2IjoiMSJ9.709ZpzFQqLPFoDjPttvSDaCR1sqrahygUsJadJNTaTRNLhqKsrYHhpUFb9sCPvvCNqHXM0DZRn3dSsMUEmG0XQ.i2X3cm0VPPwpEv0rcbiff0Qj4imscBZ2E1gQy_D2Xq4&dib_tag=se&m=A3SFQLVXY8GUH2&marketplaceID=A39IBJ37TRP1C6&qid=1774740318&refinements=p_36%3A15500-16000&s=merchant-items&sr=1-181&xpid=TFdhnNZBnbxxK,"Gedore 1-Inch Long UD Profile UD Profile Impact Socket, 46 mm Flats Width"
B00IN468WY,,,,
B08WQX91XH,,155.96,https://www.amazon.com.au/Kaiyodo-Evangelion-Collection-Evagirls-Complete/dp/B08WQX91XH/ref=sr_1_177?dib=eyJ2IjoiMSJ9.TZEaYoZ1E1TB9N2O5C4C7fmJR5Sv4AfyJrX8q99e-fVwV9mc5Bbnmyh6qpRH6x5hgY5qzw62T7kIgt77dheHA3KahwyYMRUmZsput_aGuv4jb3KsXcisw5ESIwsWhhIM8E4cZEvnYvKCWWU6ZhDJndRbBgUNnS6ESJOOeiQ_XSk.JcnO1C1qCKG2a16g_Vr3gXRZHD9xYHg5iXMeCdGV40c&dib_tag=se&m=A3SFQLVXY8GUH2&marketplaceID=A39IBJ37TRP1C6&qid=1774740318&refinements=p_36%3A15500-16000&s=merchant-items&sr=1-177&xpid=TFdhnNZBnbxxK#customerReviews,Kaiyodo - Evangelion - Hayashi Hiroki Figure Collection [Evagirls] 1/7 Complete Figure Rei
B00HI5D89A,,157.88,https://www.amazon.com.au/Snow-Peak-Fal-2-Footprint/dp/B00HI5D89A/ref=sr_1_178?dib=eyJ2IjoiMSJ9.TZEaYoZ1E1TB9N2O5C4C7fmJR5Sv4AfyJrX8q99e-fVwV9mc5Bbnmyh6qpRH6x5hgY5qzw62T7kIgt77dheHA3KahwyYMRUmZsput_aGuv4jb3KsXcisw5ESIwsWhhIM8E4cZEvnYvKCWWU6ZhDJndRbBgUNnS6ESJOOeiQ_XSk.JcnO1C1qCKG2a16g_Vr3gXRZHD9xYHg5iXMeCdGV40c&dib_tag=se&m=A3SFQLVXY8GUH2&marketplaceID=A39IBJ37TRP1C6&qid=1774740318&refinements=p_36%3A15500-16000&s=merchant-items&sr=1-178&xpid=TFdhnNZBnbxxK#customerReviews,Snow Peak FAL 2 Ground Sheet SSD-602-1
B00HI5D89A,,,,
B00V9FJRX6,,155.73,https://www.amazon.com.au/Wera-05074794001-Fixed-Torque-Screwdriver/dp/B00V9FJRX6/ref=sr_1_179?dib=eyJ2IjoiMSJ9.TZEaYoZ1E1TB9N2O5C4C7fmJR5Sv4AfyJrX8q99e-fVwV9mc5Bbnmyh6qpRH6x5hgY5qzw62T7kIgt77dheHA3KahwyYMRUmZsput_aGuv4jb3KsXcisw5ESIwsWhhIM8E4cZEvnYvKCWWU6ZhDJndRbBgUNnS6ESJOOeiQ_XSk.JcnO1C1qCKG2a16g_Vr3gXRZHD9xYHg5iXMeCdGV40c&dib_tag=se&m=A3SFQLVXY8GUH2&marketplaceID=A39IBJ37TRP1C6&qid=1774740318&refinements=p_36%3A15500-16000&s=merchant-items&sr=1-179&xpid=TFdhnNZBnbxxK#customerReviews,Wera 05074794001 0.9 Nm Fixed Torque Screwdriver
B00V9FJRX6,,,,
B01MYB8UCE,,156.38,https://www.amazon.com.au/Selle-SMP-Medium-Black-Saddle/dp/B01MYB8UCE/ref=sr_1_180?dib=eyJ2IjoiMSJ9.TZEaYoZ1E1TB9N2O5C4C7fmJR5Sv4AfyJrX8q99e-fVwV9mc5Bbnmyh6qpRH6x5hgY5qzw62T7kIgt77dheHA3KahwyYMRUmZsput_aGuv4jb3KsXcisw5ESIwsWhhIM8E4cZEvnYvKCWWU6ZhDJndRbBgUNnS6ESJOOeiQ_XSk.JcnO1C1qCKG2a16g_Vr3gXRZHD9xYHg5iXMeCdGV40c&dib_tag=se&m=A3SFQLVXY8GUH2&marketplaceID=A39IBJ37TRP1C6&qid=1774740318&refinements=p_36%3A15500-16000&s=merchant-items&sr=1-180&xpid=TFdhnNZBnbxxK#customerReviews,Cicli Bonin SMP TRK Medium Man 2017 Saddles
B01MYB8UCE,,,,
B001EQFCGG,,155.5,https://www.amazon.com.au/TS208/dp/B001EQFCGG/ref=sr_1_181?dib=eyJ2IjoiMSJ9.TZEaYoZ1E1TB9N2O5C4C7fmJR5Sv4AfyJrX8q99e-fVwV9mc5Bbnmyh6qpRH6x5hgY5qzw62T7kIgt77dheHA3KahwyYMRUmZsput_aGuv4jb3KsXcisw5ESIwsWhhIM8E4cZEvnYvKCWWU6ZhDJndRbBgUNnS6ESJOOeiQ_XSk.JcnO1C1qCKG2a16g_Vr3gXRZHD9xYHg5iXMeCdGV40c&dib_tag=se&m=A3SFQLVXY8GUH2&marketplaceID=A39IBJ37TRP1C6&qid=1774740318&refinements=p_36%3A15500-16000&s=merchant-items&sr=1-181&xpid=TFdhnNZBnbxxK#customerReviews,"Kyoto Machine Tools (KTC) TS208 Spanner Set, Set of 8"
B001EQFCGG,,,,
B0C1FL4GDG,,159.28,https://www.amazon.com.au/Hasegawa-07523-Skyhawk-Plastic-Model/dp/B0C1FL4GDG/ref=sr_1_182?dib=eyJ2IjoiMSJ9.TZEaYoZ1E1TB9N2O5C4C7fmJR5Sv4AfyJrX8q99e-fVwV9mc5Bbnmyh6qpRH6x5hgY5qzw62T7kIgt77dheHA3KahwyYMRUmZsput_aGuv4jb3KsXcisw5ESIwsWhhIM8E4cZEvnYvKCWWU6ZhDJndRbBgUNnS6ESJOOeiQ_XSk.JcnO1C1qCKG2a16g_Vr3gXRZHD9xYHg5iXMeCdGV40c&dib_tag=se&m=A3SFQLVXY8GUH2&marketplaceID=A39IBJ37TRP1C6&qid=1774740318&refinements=p_36%3A15500-16000&s=merchant-items&sr=1-182&xpid=TFdhnNZBnbxxK,Hasegawa 07523 1/48 US Navy A-4E Skyhawk Top Gun Plastic Model
B0C1FL4GDG,,,,
B0BJTTGWWQ,,158.93,https://www.amazon.com.au/Nendoroid-Doll-Zero-Non-Scale-Pre-Painted/dp/B0BJTTGWWQ/ref=sr_1_183?dib=eyJ2IjoiMSJ9.TZEaYoZ1E1TB9N2O5C4C7fmJR5Sv4AfyJrX8q99e-fVwV9mc5Bbnmyh6qpRH6x5hgY5qzw62T7kIgt77dheHA3KahwyYMRUmZsput_aGuv4jb3KsXcisw5ESIwsWhhIM8E4cZEvnYvKCWWU6ZhDJndRbBgUNnS6ESJOOeiQ_XSk.JcnO1C1qCKG2a16g_Vr3gXRZHD9xYHg5iXMeCdGV40c&dib_tag=se&m=A3SFQLVXY8GUH2&marketplaceID=A39IBJ37TRP1C6&qid=1774740318&refinements=p_36%3A15500-16000&s=merchant-items&sr=1-183&xpid=TFdhnNZBnbxxK#customerReviews,"Nendoroid Doll Re Zero - Starting Life in Another World Rem Non-Scale, Cloth & Magnet & Plastic Pre-Painted Action Figure"
B0BN42X6C6,,156.21,https://www.amazon.com.au/KINTO-29234-Plant-inches-Earth/dp/B0BN42X6C6/ref=sr_1_184?dib=eyJ2IjoiMSJ9.TZEaYoZ1E1TB9N2O5C4C7fmJR5Sv4AfyJrX8q99e-fVwV9mc5Bbnmyh6qpRH6x5hgY5qzw62T7kIgt77dheHA3KahwyYMRUmZsput_aGuv4jb3KsXcisw5ESIwsWhhIM8E4cZEvnYvKCWWU6ZhDJndRbBgUNnS6ESJOOeiQ_XSk.JcnO1C1qCKG2a16g_Vr3gXRZHD9xYHg5iXMeCdGV40c&dib_tag=se&m=A3SFQLVXY8GUH2&marketplaceID=A39IBJ37TRP1C6&qid=1774740318&refinements=p_36%3A15500-16000&s=merchant-items&sr=1-184&xpid=TFdhnNZBnbxxK#customerReviews,KINTO 29234 211_ Plant Pot 6.3 inches (160 mm) Earth Gray Stand Type Pot
B0BN42X6C6,,,,
B0BCCZSVW3,,157.58,https://www.amazon.com.au/Tamashii-Nations-Kimetsu-Advancing-FiguartsZERO/dp/B0BCCZSVW3/ref=sr_1_185?dib=eyJ2IjoiMSJ9.TZEaYoZ1E1TB9N2O5C4C7fmJR5Sv4AfyJrX8q99e-fVwV9mc5Bbnmyh6qpRH6x5hgY5qzw62T7kIgt77dheHA3KahwyYMRUmZsput_aGuv4jb3KsXcisw5ESIwsWhhIM8E4cZEvnYvKCWWU6ZhDJndRbBgUNnS6ESJOOeiQ_XSk.JcnO1C1qCKG2a16g_Vr3gXRZHD9xYHg5iXMeCdGV40c&dib_tag=se&m=A3SFQLVXY8GUH2&marketplaceID=A39IBJ37TRP1C6&qid=1774740318&refinements=p_36%3A15500-16000&s=merchant-items&sr=1-185&xpid=TFdhnNZBnbxxK#customerReviews,"Bandai Tamashii Nations - Demon Slayer: Kimetsu no Yaiba - Nezuko Kamado Demon Form Advancing Version, Spirits FiguartsZERO"
B07YCK2ZBY,,155.98,https://www.amazon.com.au/Max-Factory-M06623-figma-San/dp/B07YCK2ZBY/ref=sr_1_186?dib=eyJ2IjoiMSJ9.TZEaYoZ1E1TB9N2O5C4C7fmJR5Sv4AfyJrX8q99e-fVwV9mc5Bbnmyh6qpRH6x5hgY5qzw62T7kIgt77dheHA3KahwyYMRUmZsput_aGuv4jb3KsXcisw5ESIwsWhhIM8E4cZEvnYvKCWWU6ZhDJndRbBgUNnS6ESJOOeiQ_XSk.JcnO1C1qCKG2a16g_Vr3gXRZHD9xYHg5iXMeCdGV40c&dib_tag=se&m=A3SFQLVXY8GUH2&marketplaceID=A39IBJ37TRP1C6&qid=1774740318&refinements=p_36%3A15500-16000&s=merchant-items&sr=1-186&xpid=TFdhnNZBnbxxK#customerReviews,figma San
B0BKRLC38W,,155.69,https://www.amazon.com.au/Union-Creative-Kurehito-Illustration-Swimsuit/dp/B0BKRLC38W/ref=sr_1_187?dib=eyJ2IjoiMSJ9.TZEaYoZ1E1TB9N2O5C4C7fmJR5Sv4AfyJrX8q99e-fVwV9mc5Bbnmyh6qpRH6x5hgY5qzw62T7kIgt77dheHA3KahwyYMRUmZsput_aGuv4jb3KsXcisw5ESIwsWhhIM8E4cZEvnYvKCWWU6ZhDJndRbBgUNnS6ESJOOeiQ_XSk.JcnO1C1qCKG2a16g_Vr3gXRZHD9xYHg5iXMeCdGV40c&dib_tag=se&m=A3SFQLVXY8GUH2&marketplaceID=A39IBJ37TRP1C6&qid=1774740318&refinements=p_36%3A15500-16000&s=merchant-items&sr=1-187&xpid=TFdhnNZBnbxxK#customerReviews,Union Creative - Kurehito Misaki Illustration - Near Swimsuit PVC Figure (Mr)
B0C6KBRMGN,,159.38,https://www.amazon.com.au/Persona5-Figurine-Nendoroid-Morgana-3rd-Run/dp/B0C6KBRMGN/ref=sr_1_193?dib=eyJ2IjoiMSJ9.ipkZAt5OjK3CxtJmVEhPhGO3oXkJQeP5uwOgC6N5755p_MUFod8fuXxxfALfY5qmHmfnC6ARTIau_cLkijwQiw.yXJjTH0Kcl1i2p43-TRxilSua140IouKhFEbqkSMtrw&dib_tag=se&m=A3SFQLVXY8GUH2&marketplaceID=A39IBJ37TRP1C6&qid=1774740323&refinements=p_36%3A15500-16000&s=merchant-items&sr=1-193&xpid=TFdhnNZBnbxxK#customerReviews,Persona5 Figurine Nendoroid Morgana (3rd-Run) 10 cm
B005I7HWHY,,158.5,https://www.amazon.com.au/Trusco-RS3025Z-8-L50/dp/B005I7HWHY/ref=sr_1_194?dib=eyJ2IjoiMSJ9.ipkZAt5OjK3CxtJmVEhPhGO3oXkJQeP5uwOgC6N5755p_MUFod8fuXxxfALfY5qmHmfnC6ARTIau_cLkijwQiw.yXJjTH0Kcl1i2p43-TRxilSua140IouKhFEbqkSMtrw&dib_tag=se&m=A3SFQLVXY8GUH2&marketplaceID=A39IBJ37TRP1C6&qid=1774740323&refinements=p_36%3A15500-16000&s=merchant-items&sr=1-194&xpid=TFdhnNZBnbxxK#customerReviews,"Yamashita Industrial Laboratory Koken Z-EAL 3/8 (9.5 mm) SQ. Torx Bit Socket Rail Set, Total Length 2.0 inches (50 mm), Set of 8 RS3025Z/8-L50"
B005I7HWHY,,,,
B08VB4PMXG,,159.45,https://www.amazon.com.au/Tamashi-Nations-Battle-Kozuki-SpiritsFiguarts/dp/B08VB4PMXG/ref=sr_1_195?dib=eyJ2IjoiMSJ9.ipkZAt5OjK3CxtJmVEhPhGO3oXkJQeP5uwOgC6N5755p_MUFod8fuXxxfALfY5qmHmfnC6ARTIau_cLkijwQiw.yXJjTH0Kcl1i2p43-TRxilSua140IouKhFEbqkSMtrw&dib_tag=se&m=A3SFQLVXY8GUH2&marketplaceID=A39IBJ37TRP1C6&qid=1774740323&refinements=p_36%3A15500-16000&s=merchant-items&sr=1-195&xpid=TFdhnNZBnbxxK#customerReviews,"Tamashi Nations - One Piece [Extra Battle] Kozuki Oden, Bandai SpiritsFiguarts Zero"
B0CGD2C4HP,,159.16,https://www.amazon.com.au/MONORAL-MT-0039-Camping-150SIL-Included/dp/B0CGD2C4HP/ref=sr_1_196?dib=eyJ2IjoiMSJ9.ipkZAt5OjK3CxtJmVEhPhGO3oXkJQeP5uwOgC6N5755p_MUFod8fuXxxfALfY5qmHmfnC6ARTIau_cLkijwQiw.yXJjTH0Kcl1i2p43-TRxilSua140IouKhFEbqkSMtrw&dib_tag=se&m=A3SFQLVXY8GUH2&marketplaceID=A39IBJ37TRP1C6&qid=1774740323&refinements=p_36%3A15500-16000&s=merchant-items&sr=1-196&xpid=TFdhnNZBnbxxK#customerReviews,"MONORAL MT-0039 Camping Tarp (Sky Color) Sky Film 150SIL (No Pegs Included) Square (Square Shape), for 1-3 People"
B0CGD2C4HP,,,,
B0BNVHB1CK,,156.63,https://www.amazon.com.au/Deda-ZERO100-Polish-Cycle-Parts/dp/B0BNVHB1CK/ref=sr_1_197?dib=eyJ2IjoiMSJ9.ipkZAt5OjK3CxtJmVEhPhGO3oXkJQeP5uwOgC6N5755p_MUFod8fuXxxfALfY5qmHmfnC6ARTIau_cLkijwQiw.yXJjTH0Kcl1i2p43-TRxilSua140IouKhFEbqkSMtrw&dib_tag=se&m=A3SFQLVXY8GUH2&marketplaceID=A39IBJ37TRP1C6&qid=1774740323&refinements=p_36%3A15500-16000&s=merchant-items&sr=1-197&xpid=TFdhnNZBnbxxK#customerReviews,Deda ZERO100 SIL Polish 31.7 / Stem Cycle Parts
B0BNVHB1CK,,,,
B096ZK1RBM,,156.53,https://www.amazon.com.au/Good-Smile-Company-Dioramansion-Daytime/dp/B096ZK1RBM/ref=sr_1_193?dib=eyJ2IjoiMSJ9.juRhA51D-YFTmghDq_eTdSuCan4uvExzfr113lN9uJAGYyvqaEdhTW5aIRUqixLUsS3VdJqQl12W9beRYv_0EIyOJBXJZHg9qWnNEPuqlgsOSHQG-E_0jZvWr0t9L-XkcNAtpFXYImf6C8G6b6vFBTCLd15MxKMkJdmN8BeFf58.uVrc6ReMRTbqRK5FF-DGtbNZYKKDpNXKKSeOm7Z3qGI&dib_tag=se&m=A3SFQLVXY8GUH2&marketplaceID=A39IBJ37TRP1C6&qid=1774740323&refinements=p_36%3A15500-16000&s=merchant-items&sr=1-193&xpid=TFdhnNZBnbxxK,Good Smile Company - Dioramansion 150 Bamboo Forest Daytime Figure Diorama
B08P6BRPVV,,159.59,https://www.amazon.com.au/Megahouse-Makeup-Artist-First-Debut/dp/B08P6BRPVV/ref=sr_1_194?dib=eyJ2IjoiMSJ9.juRhA51D-YFTmghDq_eTdSuCan4uvExzfr113lN9uJAGYyvqaEdhTW5aIRUqixLUsS3VdJqQl12W9beRYv_0EIyOJBXJZHg9qWnNEPuqlgsOSHQG-E_0jZvWr0t9L-XkcNAtpFXYImf6C8G6b6vFBTCLd15MxKMkJdmN8BeFf58.uVrc6ReMRTbqRK5FF-DGtbNZYKKDpNXKKSeOm7Z3qGI&dib_tag=se&m=A3SFQLVXY8GUH2&marketplaceID=A39IBJ37TRP1C6&qid=1774740323&refinements=p_36%3A15500-16000&s=merchant-items&sr=1-194&xpid=TFdhnNZBnbxxK#customerReviews,MegaHouse Hair and Makeup Artist First Debut
B08P6BRPVV,,,,
B08M9N223G,,158.19,https://www.amazon.com.au/SIGNET-34549-Flexible-Glasses-Wrench/dp/B08M9N223G/ref=sr_1_195?dib=eyJ2IjoiMSJ9.juRhA51D-YFTmghDq_eTdSuCan4uvExzfr113lN9uJAGYyvqaEdhTW5aIRUqixLUsS3VdJqQl12W9beRYv_0EIyOJBXJZHg9qWnNEPuqlgsOSHQG-E_0jZvWr0t9L-XkcNAtpFXYImf6C8G6b6vFBTCLd15MxKMkJdmN8BeFf58.uVrc6ReMRTbqRK5FF-DGtbNZYKKDpNXKKSeOm7Z3qGI&dib_tag=se&m=A3SFQLVXY8GUH2&marketplaceID=A39IBJ37TRP1C6&qid=1774740323&refinements=p_36%3A15500-16000&s=merchant-items&sr=1-195&xpid=TFdhnNZBnbxxK,"SIGNET 34549 72 Gear Ultra Long Flexible Glasses, SIGNET Wrench, 0.7 inches (17 mm)"
B08M9N223G,,,,
B07DCB3BQZ,,159.27,https://www.amazon.com.au/Akashiya-AR-08SC-Calligraphy-Echizen-Coating/dp/B07DCB3BQZ/ref=sr_1_196?dib=eyJ2IjoiMSJ9.juRhA51D-YFTmghDq_eTdSuCan4uvExzfr113lN9uJAGYyvqaEdhTW5aIRUqixLUsS3VdJqQl12W9beRYv_0EIyOJBXJZHg9qWnNEPuqlgsOSHQG-E_0jZvWr0t9L-XkcNAtpFXYImf6C8G6b6vFBTCLd15MxKMkJdmN8BeFf58.uVrc6ReMRTbqRK5FF-DGtbNZYKKDpNXKKSeOm7Z3qGI&dib_tag=se&m=A3SFQLVXY8GUH2&marketplaceID=A39IBJ37TRP1C6&qid=1774740323&refinements=p_36%3A15500-16000&s=merchant-items&sr=1-196&xpid=TFdhnNZBnbxxK,"Akashiya AR-08SC Adult Calligraphy Set, Echizen Coating, Black, Bird and Beast Carica, Small"
B07DCB3BQZ,,,,
B00XP038QU,,155.0,https://www.amazon.com.au/Bosch-Professional-Guard-Extractor-Grinders/dp/B00XP038QU/ref=sr_1_197?dib=eyJ2IjoiMSJ9.juRhA51D-YFTmghDq_eTdSuCan4uvExzfr113lN9uJAGYyvqaEdhTW5aIRUqixLUsS3VdJqQl12W9beRYv_0EIyOJBXJZHg9qWnNEPuqlgsOSHQG-E_0jZvWr0t9L-XkcNAtpFXYImf6C8G6b6vFBTCLd15MxKMkJdmN8BeFf58.uVrc6ReMRTbqRK5FF-DGtbNZYKKDpNXKKSeOm7Z3qGI&dib_tag=se&m=A3SFQLVXY8GUH2&marketplaceID=A39IBJ37TRP1C6&qid=1774740323&refinements=p_36%3A15500-16000&s=merchant-items&sr=1-197&xpid=TFdhnNZBnbxxK#customerReviews,Bosch Professional GDE 125 FC-T dust Extraction Guard for Cutting (Suitable for Many Bosch Professional Angle Grinders with Protective Guard Adjustable Without Tools and disc Dia. 115 mm and 125 mm)
B00XP038QU,,,,
B0CCNQ1KWK,,158.64,https://www.amazon.com.au/Power-Winter-Gloves-Black-PG-23250/dp/B0CCNQ1KWK/ref=sr_1_198?dib=eyJ2IjoiMSJ9.juRhA51D-YFTmghDq_eTdSuCan4uvExzfr113lN9uJAGYyvqaEdhTW5aIRUqixLUsS3VdJqQl12W9beRYv_0EIyOJBXJZHg9qWnNEPuqlgsOSHQG-E_0jZvWr0t9L-XkcNAtpFXYImf6C8G6b6vFBTCLd15MxKMkJdmN8BeFf58.uVrc6ReMRTbqRK5FF-DGtbNZYKKDpNXKKSeOm7Z3qGI&dib_tag=se&m=A3SFQLVXY8GUH2&marketplaceID=A39IBJ37TRP1C6&qid=1774740323&refinements=p_36%3A15500-16000&s=merchant-items&sr=1-198&xpid=TFdhnNZBnbxxK#customerReviews,Power Age Soft Feel Winter Gloves
B0CCNQ1KWK,,,,
B0C4P241HT,,159.46,https://www.amazon.com.au/NISHI-Sports-3833A727-Balance-Unbalance/dp/B0C4P241HT/ref=sr_1_199?dib=eyJ2IjoiMSJ9.juRhA51D-YFTmghDq_eTdSuCan4uvExzfr113lN9uJAGYyvqaEdhTW5aIRUqixLUsS3VdJqQl12W9beRYv_0EIyOJBXJZHg9qWnNEPuqlgsOSHQG-E_0jZvWr0t9L-XkcNAtpFXYImf6C8G6b6vFBTCLd15MxKMkJdmN8BeFf58.uVrc6ReMRTbqRK5FF-DGtbNZYKKDpNXKKSeOm7Z3qGI&dib_tag=se&m=A3SFQLVXY8GUH2&marketplaceID=A39IBJ37TRP1C6&qid=1774740323&refinements=p_36%3A15500-16000&s=merchant-items&sr=1-199&xpid=TFdhnNZBnbxxK,NISHI Sports 3833A727 Balance Disc Unbalance Pad III
B0C4P241HT,,,,
B00920F3H4,,158.91,https://www.amazon.com.au/Machine-KTC-Neplos-NTB206WA-Insertion/dp/B00920F3H4/ref=sr_1_200?dib=eyJ2IjoiMSJ9.juRhA51D-YFTmghDq_eTdSuCan4uvExzfr113lN9uJAGYyvqaEdhTW5aIRUqixLUsS3VdJqQl12W9beRYv_0EIyOJBXJZHg9qWnNEPuqlgsOSHQG-E_0jZvWr0t9L-XkcNAtpFXYImf6C8G6b6vFBTCLd15MxKMkJdmN8BeFf58.uVrc6ReMRTbqRK5FF-DGtbNZYKKDpNXKKSeOm7Z3qGI&dib_tag=se&m=A3SFQLVXY8GUH2&marketplaceID=A39IBJ37TRP1C6&qid=1774740323&refinements=p_36%3A15500-16000&s=merchant-items&sr=1-200&xpid=TFdhnNZBnbxxK#customerReviews,"Kyoto Machine Tools (KTC) Neplos Socket Set NTB206WA Insertion Angle: 0.25 inch (6.3 mm), Set of 6"
B00920F3H4,,,,
B07MZX8H73,,155.39,https://www.amazon.com.au/Daiwa-DAIWA-Reel-19-Chinumaster/dp/B07MZX8H73/ref=sr_1_201?dib=eyJ2IjoiMSJ9.juRhA51D-YFTmghDq_eTdSuCan4uvExzfr113lN9uJAGYyvqaEdhTW5aIRUqixLUsS3VdJqQl12W9beRYv_0EIyOJBXJZHg9qWnNEPuqlgsOSHQG-E_0jZvWr0t9L-XkcNAtpFXYImf6C8G6b6vFBTCLd15MxKMkJdmN8BeFf58.uVrc6ReMRTbqRK5FF-DGtbNZYKKDpNXKKSeOm7Z3qGI&dib_tag=se&m=A3SFQLVXY8GUH2&marketplaceID=A39IBJ37TRP1C6&qid=1774740323&refinements=p_36%3A15500-16000&s=merchant-items&sr=1-201&xpid=TFdhnNZBnbxxK#customerReviews,DAIWA Reel 19 Chinumaster
B07MZX8H73,,,,
B004IKOGEE,,156.03,https://www.amazon.com.au/BrandName-KOKEN-PK2763-6/dp/B004IKOGEE/ref=sr_1_202?dib=eyJ2IjoiMSJ9.juRhA51D-YFTmghDq_eTdSuCan4uvExzfr113lN9uJAGYyvqaEdhTW5aIRUqixLUsS3VdJqQl12W9beRYv_0EIyOJBXJZHg9qWnNEPuqlgsOSHQG-E_0jZvWr0t9L-XkcNAtpFXYImf6C8G6b6vFBTCLd15MxKMkJdmN8BeFf58.uVrc6ReMRTbqRK5FF-DGtbNZYKKDpNXKKSeOm7Z3qGI&dib_tag=se&m=A3SFQLVXY8GUH2&marketplaceID=A39IBJ37TRP1C6&qid=1774740323&refinements=p_36%3A15500-16000&s=merchant-items&sr=1-202&xpid=TFdhnNZBnbxxK#customerReviews,JGO.ALARGADERAS PK2763/6 1/4 Inch
B004IKOGEE,,,,
B0006L011Q,,156.59,https://www.amazon.com.au/Kokuyo-paper-FSC-certified-sheets-KB-38N/dp/B0006L011Q/ref=sr_1_203?dib=eyJ2IjoiMSJ9.juRhA51D-YFTmghDq_eTdSuCan4uvExzfr113lN9uJAGYyvqaEdhTW5aIRUqixLUsS3VdJqQl12W9beRYv_0EIyOJBXJZHg9qWnNEPuqlgsOSHQG-E_0jZvWr0t9L-XkcNAtpFXYImf6C8G6b6vFBTCLd15MxKMkJdmN8BeFf58.uVrc6ReMRTbqRK5FF-DGtbNZYKKDpNXKKSeOm7Z3qGI&dib_tag=se&m=A3SFQLVXY8GUH2&marketplaceID=A39IBJ37TRP1C6&qid=1774740323&refinements=p_36%3A15500-16000&s=merchant-items&sr=1-203&xpid=TFdhnNZBnbxxK#customerReviews,Kokuyo KB Paper Both FSC-Certified Paper 64g A3 500 Sheets KB-38N (Japan Import)
B0006L011Q,,,,
B07G3DGLWV,,159.27,https://www.amazon.com.au/Sasaki-M-207BRM-F-Gymnastics-International-Association/dp/B07G3DGLWV/ref=sr_1_209?dib=eyJ2IjoiMSJ9.uojLok8x2jYiuzbIGp46AfJjkrerdiRjmMN5YZwUPIpw_tCRKBbTUl5-mfgAcJt1U-n4_NIysqAgmMQxoklrcw.rZZxogW5QXuCRQtoNXRy2vAPW8W4jGB1s3hMeZAXUqE&dib_tag=se&m=A3SFQLVXY8GUH2&marketplaceID=A39IBJ37TRP1C6&qid=1774740328&refinements=p_36%3A15500-16000&s=merchant-items&sr=1-209&xpid=TFdhnNZBnbxxK#customerReviews,"Sasaki M-207BRM-F Rhythmic Gymnastics, Hand Gear, Ball, International Gymnastics Federation Certified, Certified by The Japan Gymnastics Association, Diameter 7.3 inches (18.5 cm)"
B07G3DGLWV,,,,
B00LZLMBKA,,155.07,https://www.amazon.com.au/Umbra-Reflexion-Jewelry-Box-Pieces/dp/B00LZLMBKA/ref=sr_1_210?dib=eyJ2IjoiMSJ9.uojLok8x2jYiuzbIGp46AfJjkrerdiRjmMN5YZwUPIpw_tCRKBbTUl5-mfgAcJt1U-n4_NIysqAgmMQxoklrcw.rZZxogW5QXuCRQtoNXRy2vAPW8W4jGB1s3hMeZAXUqE&dib_tag=se&m=A3SFQLVXY8GUH2&marketplaceID=A39IBJ37TRP1C6&qid=1774740328&refinements=p_36%3A15500-16000&s=merchant-items&sr=1-210&xpid=TFdhnNZBnbxxK#customerReviews,"Umbra Reflexion Jewelry Box, 6 Pieces"
B00LZLMBKA,,,,
B071SB92VW,,157.61,https://www.amazon.com.au/CAMPAGNOLO-Centaur-Pivot-Front-Caliper/dp/B071SB92VW/ref=sr_1_211?dib=eyJ2IjoiMSJ9.uojLok8x2jYiuzbIGp46AfJjkrerdiRjmMN5YZwUPIpw_tCRKBbTUl5-mfgAcJt1U-n4_NIysqAgmMQxoklrcw.rZZxogW5QXuCRQtoNXRy2vAPW8W4jGB1s3hMeZAXUqE&dib_tag=se&m=A3SFQLVXY8GUH2&marketplaceID=A39IBJ37TRP1C6&qid=1774740328&refinements=p_36%3A15500-16000&s=merchant-items&sr=1-211&xpid=TFdhnNZBnbxxK#customerReviews,Campagnolo Unisex - Adult Centaur Brake Kit
B071SB92VW,,,,
B09FX14BV3,,155.15,https://www.amazon.com.au/Slayer-ConoFig-Inosuke-Hashibira-Non-Scale/dp/B09FX14BV3/ref=sr_1_212?dib=eyJ2IjoiMSJ9.uojLok8x2jYiuzbIGp46AfJjkrerdiRjmMN5YZwUPIpw_tCRKBbTUl5-mfgAcJt1U-n4_NIysqAgmMQxoklrcw.rZZxogW5QXuCRQtoNXRy2vAPW8W4jGB1s3hMeZAXUqE&dib_tag=se&m=A3SFQLVXY8GUH2&marketplaceID=A39IBJ37TRP1C6&qid=1774740328&refinements=p_36%3A15500-16000&s=merchant-items&sr=1-212&xpid=TFdhnNZBnbxxK,Demon Slayer ConoFig Inosuke Hashibira Non-Scale Figure About 5.1″
B08Q7Y2RH5,,157.79,https://www.amazon.com.au/Good-Smile-Company-Dangaioh-Non-Scale/dp/B08Q7Y2RH5/ref=sr_1_213?dib=eyJ2IjoiMSJ9.uojLok8x2jYiuzbIGp46AfJjkrerdiRjmMN5YZwUPIpw_tCRKBbTUl5-mfgAcJt1U-n4_NIysqAgmMQxoklrcw.rZZxogW5QXuCRQtoNXRy2vAPW8W4jGB1s3hMeZAXUqE&dib_tag=se&m=A3SFQLVXY8GUH2&marketplaceID=A39IBJ37TRP1C6&qid=1774740328&refinements=p_36%3A15500-16000&s=merchant-items&sr=1-213&xpid=TFdhnNZBnbxxK#customerReviews,Good Smile Company - Hyper Combat Unit Dangaioh Non-Scale Plastic Model Kit
B07TNRM37M,,159.72,https://www.amazon.com.au/Battleship-Garmillas-Cruiser-BandaiSoul-Chogokin/dp/B07TNRM37M/ref=sr_1_209?dib=eyJ2IjoiMSJ9.YS79HtbFEab0fJSaYHwHon3tSnKxktHpmFqoEIvCg316QbAsHk44ngwiJ1tUNq_CoEq5Cn4QmeLauGSGn8MPmUNsLz6-hZx6mdWZcbEmNE3Cx3Q4qsKIR9uvdDETEGX0Li97ZZ8OvOfi3eKtx9ku33TiPMDD58Dgl3CRRBNmYA8.cutwJ1rNrgxfumcvt0td4355lvGIJLbPaYY9KZrPJJg&dib_tag=se&m=A3SFQLVXY8GUH2&marketplaceID=A39IBJ37TRP1C6&qid=1774740328&refinements=p_36%3A15500-16000&s=merchant-items&sr=1-209&xpid=TFdhnNZBnbxxK#customerReviews,"Space Battleship Yamato 2202 GX-89 Garmillas Space Cruiser, Bandai Soul of Chogokin"
B07TNRM37M,,,,
B07WVBTZY2,,156.96,https://www.amazon.com.au/Max-Factory-Fate-Grand-Order/dp/B07WVBTZY2/ref=sr_1_210?dib=eyJ2IjoiMSJ9.YS79HtbFEab0fJSaYHwHon3tSnKxktHpmFqoEIvCg316QbAsHk44ngwiJ1tUNq_CoEq5Cn4QmeLauGSGn8MPmUNsLz6-hZx6mdWZcbEmNE3Cx3Q4qsKIR9uvdDETEGX0Li97ZZ8OvOfi3eKtx9ku33TiPMDD58Dgl3CRRBNmYA8.cutwJ1rNrgxfumcvt0td4355lvGIJLbPaYY9KZrPJJg&dib_tag=se&m=A3SFQLVXY8GUH2&marketplaceID=A39IBJ37TRP1C6&qid=1774740328&refinements=p_36%3A15500-16000&s=merchant-items&sr=1-210&xpid=TFdhnNZBnbxxK#customerReviews,figma Archer/Jeanne d'Arc
B01N7CB1CE,,158.43,https://www.amazon.com.au/IRWIN-Vise-Grip-Locking-Clamp-Swivel/dp/B01N7CB1CE/ref=sr_1_211?dib=eyJ2IjoiMSJ9.YS79HtbFEab0fJSaYHwHon3tSnKxktHpmFqoEIvCg316QbAsHk44ngwiJ1tUNq_CoEq5Cn4QmeLauGSGn8MPmUNsLz6-hZx6mdWZcbEmNE3Cx3Q4qsKIR9uvdDETEGX0Li97ZZ8OvOfi3eKtx9ku33TiPMDD58Dgl3CRRBNmYA8.cutwJ1rNrgxfumcvt0td4355lvGIJLbPaYY9KZrPJJg&dib_tag=se&m=A3SFQLVXY8GUH2&marketplaceID=A39IBJ37TRP1C6&qid=1774740328&refinements=p_36%3A15500-16000&s=merchant-items&sr=1-211&xpid=TFdhnNZBnbxxK#customerReviews,IRWIN Vise-Grip - 18SP Locking C Clamp Swivel Pad 450mm (18in)
B01N7CB1CE,,,,
B07VZMYS9M,,156.15,https://www.amazon.com.au/Ritchey-Comp-Zero-Seatpost-31-6mm/dp/B07VZMYS9M/ref=sr_1_212?dib=eyJ2IjoiMSJ9.YS79HtbFEab0fJSaYHwHon3tSnKxktHpmFqoEIvCg316QbAsHk44ngwiJ1tUNq_CoEq5Cn4QmeLauGSGn8MPmUNsLz6-hZx6mdWZcbEmNE3Cx3Q4qsKIR9uvdDETEGX0Li97ZZ8OvOfi3eKtx9ku33TiPMDD58Dgl3CRRBNmYA8.cutwJ1rNrgxfumcvt0td4355lvGIJLbPaYY9KZrPJJg&dib_tag=se&m=A3SFQLVXY8GUH2&marketplaceID=A39IBJ37TRP1C6&qid=1774740328&refinements=p_36%3A15500-16000&s=merchant-items&sr=1-212&xpid=TFdhnNZBnbxxK#customerReviews,"Ritchey Comp Zero Seatpost: 31.6mm, 400mm, Black, 2020 Model"
B07VZMYS9M,,,,
B073JPCP28,,159.16,https://www.amazon.com.au/Tamashii-Nations-Spirits-Lancelot-Cavalry/dp/B073JPCP28/ref=sr_1_213?dib=eyJ2IjoiMSJ9.YS79HtbFEab0fJSaYHwHon3tSnKxktHpmFqoEIvCg316QbAsHk44ngwiJ1tUNq_CoEq5Cn4QmeLauGSGn8MPmUNsLz6-hZx6mdWZcbEmNE3Cx3Q4qsKIR9uvdDETEGX0Li97ZZ8OvOfi3eKtx9ku33TiPMDD58Dgl3CRRBNmYA8.cutwJ1rNrgxfumcvt0td4355lvGIJLbPaYY9KZrPJJg&dib_tag=se&m=A3SFQLVXY8GUH2&marketplaceID=A39IBJ37TRP1C6&qid=1774740328&refinements=p_36%3A15500-16000&s=merchant-items&sr=1-213&xpid=TFdhnNZBnbxxK#customerReviews,Bandai Tamashii Nations Robot Spirits Lancelot Air Cavalry Code Geass Action Figure
B071CYCQR5,,155.33,https://www.amazon.com.au/Good-Smile-Saekano-Girlfriend-Kasumigaoka/dp/B071CYCQR5/ref=sr_1_214?dib=eyJ2IjoiMSJ9.YS79HtbFEab0fJSaYHwHon3tSnKxktHpmFqoEIvCg316QbAsHk44ngwiJ1tUNq_CoEq5Cn4QmeLauGSGn8MPmUNsLz6-hZx6mdWZcbEmNE3Cx3Q4qsKIR9uvdDETEGX0Li97ZZ8OvOfi3eKtx9ku33TiPMDD58Dgl3CRRBNmYA8.cutwJ1rNrgxfumcvt0td4355lvGIJLbPaYY9KZrPJJg&dib_tag=se&m=A3SFQLVXY8GUH2&marketplaceID=A39IBJ37TRP1C6&qid=1774740328&refinements=p_36%3A15500-16000&s=merchant-items&sr=1-214&xpid=TFdhnNZBnbxxK#customerReviews,Good Smile Saekano: How to Raise a Boring Girlfriend: Utaha Kasumigaoka (Swimsuit Version) 1: 7 Scale PVC Figure
B017V4QYV6,,159.4,https://www.amazon.com.au/Grip-C-Type-Pliers-460mm-12418/dp/B017V4QYV6/ref=sr_1_215?dib=eyJ2IjoiMSJ9.YS79HtbFEab0fJSaYHwHon3tSnKxktHpmFqoEIvCg316QbAsHk44ngwiJ1tUNq_CoEq5Cn4QmeLauGSGn8MPmUNsLz6-hZx6mdWZcbEmNE3Cx3Q4qsKIR9uvdDETEGX0Li97ZZ8OvOfi3eKtx9ku33TiPMDD58Dgl3CRRBNmYA8.cutwJ1rNrgxfumcvt0td4355lvGIJLbPaYY9KZrPJJg&dib_tag=se&m=A3SFQLVXY8GUH2&marketplaceID=A39IBJ37TRP1C6&qid=1774740328&refinements=p_36%3A15500-16000&s=merchant-items&sr=1-215&xpid=TFdhnNZBnbxxK,GRIP-ON 12418 C-Shaped Grip Pliers 18.1 inches (460 mm)
B017V4QYV6,,,,
B015ZHSHM0,,158.75,https://www.amazon.com.au/Max-Factory-Expelled-Paradise-Angela/dp/B015ZHSHM0/ref=sr_1_216?dib=eyJ2IjoiMSJ9.YS79HtbFEab0fJSaYHwHon3tSnKxktHpmFqoEIvCg316QbAsHk44ngwiJ1tUNq_CoEq5Cn4QmeLauGSGn8MPmUNsLz6-hZx6mdWZcbEmNE3Cx3Q4qsKIR9uvdDETEGX0Li97ZZ8OvOfi3eKtx9ku33TiPMDD58Dgl3CRRBNmYA8.cutwJ1rNrgxfumcvt0td4355lvGIJLbPaYY9KZrPJJg&dib_tag=se&m=A3SFQLVXY8GUH2&marketplaceID=A39IBJ37TRP1C6&qid=1774740328&refinements=p_36%3A15500-16000&s=merchant-items&sr=1-216&xpid=TFdhnNZBnbxxK#customerReviews,Max Factory Expelled from Paradise: Angela Balzac Figma Action Figure
B00V3B2DL4,,157.28,https://www.amazon.com.au/Knipex-79-125-Electronics-Multi-Component/dp/B00V3B2DL4/ref=sr_1_217?dib=eyJ2IjoiMSJ9.YS79HtbFEab0fJSaYHwHon3tSnKxktHpmFqoEIvCg316QbAsHk44ngwiJ1tUNq_CoEq5Cn4QmeLauGSGn8MPmUNsLz6-hZx6mdWZcbEmNE3Cx3Q4qsKIR9uvdDETEGX0Li97ZZ8OvOfi3eKtx9ku33TiPMDD58Dgl3CRRBNmYA8.cutwJ1rNrgxfumcvt0td4355lvGIJLbPaYY9KZrPJJg&dib_tag=se&m=A3SFQLVXY8GUH2&marketplaceID=A39IBJ37TRP1C6&qid=1774740328&refinements=p_36%3A15500-16000&s=merchant-items&sr=1-217&xpid=TFdhnNZBnbxxK#customerReviews,"Knipex Precision Electronic Side Cutter Plier ESD, 125 mm"
B00V3B2DL4,,,,
B00SIMTZ3A,,158.69,https://www.amazon.com.au/sanwa-Clamp-Meter-multi-meter-function/dp/B00SIMTZ3A/ref=sr_1_218?dib=eyJ2IjoiMSJ9.YS79HtbFEab0fJSaYHwHon3tSnKxktHpmFqoEIvCg316QbAsHk44ngwiJ1tUNq_CoEq5Cn4QmeLauGSGn8MPmUNsLz6-hZx6mdWZcbEmNE3Cx3Q4qsKIR9uvdDETEGX0Li97ZZ8OvOfi3eKtx9ku33TiPMDD58Dgl3CRRBNmYA8.cutwJ1rNrgxfumcvt0td4355lvGIJLbPaYY9KZrPJJg&dib_tag=se&m=A3SFQLVXY8GUH2&marketplaceID=A39IBJ37TRP1C6&qid=1774740328&refinements=p_36%3A15500-16000&s=merchant-items&sr=1-218&xpid=TFdhnNZBnbxxK#customerReviews,sanwa Clamp Meter True RMS with a multi-meter function for AC
B00SIMTZ3A,,,,
B00GU6MT9I,,156.03,https://www.amazon.com.au/Homeo-Beau-Cream-40g-1-4oz/dp/B00GU6MT9I/ref=sr_1_219?dib=eyJ2IjoiMSJ9.YS79HtbFEab0fJSaYHwHon3tSnKxktHpmFqoEIvCg316QbAsHk44ngwiJ1tUNq_CoEq5Cn4QmeLauGSGn8MPmUNsLz6-hZx6mdWZcbEmNE3Cx3Q4qsKIR9uvdDETEGX0Li97ZZ8OvOfi3eKtx9ku33TiPMDD58Dgl3CRRBNmYA8.cutwJ1rNrgxfumcvt0td4355lvGIJLbPaYY9KZrPJJg&dib_tag=se&m=A3SFQLVXY8GUH2&marketplaceID=A39IBJ37TRP1C6&qid=1774740328&refinements=p_36%3A15500-16000&s=merchant-items&sr=1-219&xpid=TFdhnNZBnbxxK#customerReviews,Homeo Beau Cream 40g/1.4oz
B00GU6MT9I,,,,
B00FH90IOM,,154.75,https://www.amazon.com.au/Banpresto-Master-Dragon-Scultures-Colosseum/dp/B00FH90IOM/ref=sr_1_225?dib=eyJ2IjoiMSJ9.j768nqRcVNjwEQ7dNKXb2ZVSuLzLsAXU53X3dBTO3lFiwfGvEKpesUYtZPF13S6xiYZ0LtrGKs_ZGTwNzs4PTg.rvZu70vbivplTsA0Xxzjf2-NDX0iuFWqwMkM-5rM49g&dib_tag=se&m=A3SFQLVXY8GUH2&marketplaceID=A39IBJ37TRP1C6&qid=1774740334&refinements=p_36%3A15500-16000&s=merchant-items&sr=1-225&xpid=TFdhnNZBnbxxK#customerReviews,"Banpresto Master Roshi Dragon Ball Scultures Colosseum 7"" Figure"
B00C4MD9IC,,157.19,https://www.amazon.com.au/Bandai-Tamashii-Nations-Gundam-Spirits/dp/B00C4MD9IC/ref=sr_1_226?dib=eyJ2IjoiMSJ9.j768nqRcVNjwEQ7dNKXb2ZVSuLzLsAXU53X3dBTO3lFiwfGvEKpesUYtZPF13S6xiYZ0LtrGKs_ZGTwNzs4PTg.rvZu70vbivplTsA0Xxzjf2-NDX0iuFWqwMkM-5rM49g&dib_tag=se&m=A3SFQLVXY8GUH2&marketplaceID=A39IBJ37TRP1C6&qid=1774740334&refinements=p_36%3A15500-16000&s=merchant-items&sr=1-226&xpid=TFdhnNZBnbxxK#customerReviews,Bandai Tamashii Nations Gundam Double X Robot Spirits Action Figure
B00B17DHO2,,155.06,https://www.amazon.com.au/Miku-Hatsune-Racing-2012-Figure/dp/B00B17DHO2/ref=sr_1_227?dib=eyJ2IjoiMSJ9.j768nqRcVNjwEQ7dNKXb2ZVSuLzLsAXU53X3dBTO3lFiwfGvEKpesUYtZPF13S6xiYZ0LtrGKs_ZGTwNzs4PTg.rvZu70vbivplTsA0Xxzjf2-NDX0iuFWqwMkM-5rM49g&dib_tag=se&m=A3SFQLVXY8GUH2&marketplaceID=A39IBJ37TRP1C6&qid=1774740334&refinements=p_36%3A15500-16000&s=merchant-items&sr=1-227&xpid=TFdhnNZBnbxxK#customerReviews,Good Smile Racing Miku PVC Figure (2012 Version)
B00A6IJT6C,,159.94,https://www.amazon.com.au/Medicos-JoJos-Bizarre-Adventure-Pannacotta/dp/B00A6IJT6C/ref=sr_1_228?dib=eyJ2IjoiMSJ9.j768nqRcVNjwEQ7dNKXb2ZVSuLzLsAXU53X3dBTO3lFiwfGvEKpesUYtZPF13S6xiYZ0LtrGKs_ZGTwNzs4PTg.rvZu70vbivplTsA0Xxzjf2-NDX0iuFWqwMkM-5rM49g&dib_tag=se&m=A3SFQLVXY8GUH2&marketplaceID=A39IBJ37TRP1C6&qid=1774740334&refinements=p_36%3A15500-16000&s=merchant-items&sr=1-228&xpid=TFdhnNZBnbxxK,Medicos JoJo's Bizarre Adventure: Part 5--Golden Wind: Pannacotta Fugo Super Action Statue
B00956T1N2,,157.78,https://www.amazon.com.au/ROBOT-Damashii-SIDE-MS-Glowing/dp/B00956T1N2/ref=sr_1_229?dib=eyJ2IjoiMSJ9.j768nqRcVNjwEQ7dNKXb2ZVSuLzLsAXU53X3dBTO3lFiwfGvEKpesUYtZPF13S6xiYZ0LtrGKs_ZGTwNzs4PTg.rvZu70vbivplTsA0Xxzjf2-NDX0iuFWqwMkM-5rM49g&dib_tag=se&m=A3SFQLVXY8GUH2&marketplaceID=A39IBJ37TRP1C6&qid=1774740334&refinements=p_36%3A15500-16000&s=merchant-items&sr=1-229&xpid=TFdhnNZBnbxxK#customerReviews,ROBOT Damashii [SIDE MS] - Mobile Suit Gundam UC (Psycho Frame Glowing Stage Set)
B00712Y5FQ,,155.5,https://www.amazon.com.au/Revoltech-Takeya-No-003-Ashura-Kaiyodo/dp/B00712Y5FQ/ref=sr_1_225?dib=eyJ2IjoiMSJ9.W9fBCfXaT7LPRLckWdQWBd4Oo6BgNm2EwZ-EtSxqs7F36CO50eoEjBdonOtC4nAOAR8s-4LJtDbvdb81gPvHUq2ww5E5MBZ2_2CGMKQjBXrmjvVdy-hYrnHetZ_KuOWBIyU8QhKWq3KP8xpDjlZMvYEUr-rSskeoaRg2TSB5NFw.qfNgcQNhtUOPCnhI7Fg4WefIZV7I10hKnkaAl8spX3A&dib_tag=se&m=A3SFQLVXY8GUH2&marketplaceID=A39IBJ37TRP1C6&qid=1774740334&refinements=p_36%3A15500-16000&s=merchant-items&sr=1-225&xpid=TFdhnNZBnbxxK#customerReviews,Kaiyodo Takeya Revoltech #003: Ashura Action Figure
B005W8WSPU,,156.02,https://www.amazon.com.au/Choro-Japan-Championship-limited-units/dp/B005W8WSPU/ref=sr_1_226?dib=eyJ2IjoiMSJ9.W9fBCfXaT7LPRLckWdQWBd4Oo6BgNm2EwZ-EtSxqs7F36CO50eoEjBdonOtC4nAOAR8s-4LJtDbvdb81gPvHUq2ww5E5MBZ2_2CGMKQjBXrmjvVdy-hYrnHetZ_KuOWBIyU8QhKWq3KP8xpDjlZMvYEUr-rSskeoaRg2TSB5NFw.qfNgcQNhtUOPCnhI7Fg4WefIZV7I10hKnkaAl8spX3A&dib_tag=se&m=A3SFQLVXY8GUH2&marketplaceID=A39IBJ37TRP1C6&qid=1774740334&refinements=p_36%3A15500-16000&s=merchant-items&sr=1-226&xpid=TFdhnNZBnbxxK,Choro Q All Japan GT Championship series 2001 limited 10 units set
B005W8WSPU,,,,
B005T63OYY,,156.29,https://www.amazon.com.au/Panduit-S100X125VAC-Cassette-Self-Laminated-Label/dp/B005T63OYY/ref=sr_1_227?dib=eyJ2IjoiMSJ9.W9fBCfXaT7LPRLckWdQWBd4Oo6BgNm2EwZ-EtSxqs7F36CO50eoEjBdonOtC4nAOAR8s-4LJtDbvdb81gPvHUq2ww5E5MBZ2_2CGMKQjBXrmjvVdy-hYrnHetZ_KuOWBIyU8QhKWq3KP8xpDjlZMvYEUr-rSskeoaRg2TSB5NFw.qfNgcQNhtUOPCnhI7Fg4WefIZV7I10hKnkaAl8spX3A&dib_tag=se&m=A3SFQLVXY8GUH2&marketplaceID=A39IBJ37TRP1C6&qid=1774740334&refinements=p_36%3A15500-16000&s=merchant-items&sr=1-227&xpid=TFdhnNZBnbxxK#customerReviews,Panduit S100X125VAC P1 Cassette Self-Laminated Label Vinyl White
B005T63OYY,,,,
B004H4UA2I,,157.77,https://www.amazon.com.au/Robot-Spirits-Lancelot-Exclusive-Knightmare/dp/B004H4UA2I/ref=sr_1_228?dib=eyJ2IjoiMSJ9.W9fBCfXaT7LPRLckWdQWBd4Oo6BgNm2EwZ-EtSxqs7F36CO50eoEjBdonOtC4nAOAR8s-4LJtDbvdb81gPvHUq2ww5E5MBZ2_2CGMKQjBXrmjvVdy-hYrnHetZ_KuOWBIyU8QhKWq3KP8xpDjlZMvYEUr-rSskeoaRg2TSB5NFw.qfNgcQNhtUOPCnhI7Fg4WefIZV7I10hKnkaAl8spX3A&dib_tag=se&m=A3SFQLVXY8GUH2&marketplaceID=A39IBJ37TRP1C6&qid=1774740334&refinements=p_36%3A15500-16000&s=merchant-items&sr=1-228&xpid=TFdhnNZBnbxxK#customerReviews,Robot Spirits - Lancelot Albion Energy Clear Version Exclusive Knightmare Frame Action Figure
B004CLZUD0,,158.5,https://www.amazon.com.au/Working-GT-Concept-Miyazawa-limited-Model/dp/B004CLZUD0/ref=sr_1_229?dib=eyJ2IjoiMSJ9.W9fBCfXaT7LPRLckWdQWBd4Oo6BgNm2EwZ-EtSxqs7F36CO50eoEjBdonOtC4nAOAR8s-4LJtDbvdb81gPvHUq2ww5E5MBZ2_2CGMKQjBXrmjvVdy-hYrnHetZ_KuOWBIyU8QhKWq3KP8xpDjlZMvYEUr-rSskeoaRg2TSB5NFw.qfNgcQNhtUOPCnhI7Fg4WefIZV7I10hKnkaAl8spX3A&dib_tag=se&m=A3SFQLVXY8GUH2&marketplaceID=A39IBJ37TRP1C6&qid=1774740334&refinements=p_36%3A15500-16000&s=merchant-items&sr=1-229&xpid=TFdhnNZBnbxxK#customerReviews,1/24 Working FD3S RX-7 A spec Type GT-Concept -Miyazawa limited- (Model Car)
B004CLZUD0,,,,
B004BLKD24,,159.48,https://www.amazon.com.au/GSR-Character-Customise-Decals-Racing/dp/B004BLKD24/ref=sr_1_230?dib=eyJ2IjoiMSJ9.W9fBCfXaT7LPRLckWdQWBd4Oo6BgNm2EwZ-EtSxqs7F36CO50eoEjBdonOtC4nAOAR8s-4LJtDbvdb81gPvHUq2ww5E5MBZ2_2CGMKQjBXrmjvVdy-hYrnHetZ_KuOWBIyU8QhKWq3KP8xpDjlZMvYEUr-rSskeoaRg2TSB5NFw.qfNgcQNhtUOPCnhI7Fg4WefIZV7I10hKnkaAl8spX3A&dib_tag=se&m=A3SFQLVXY8GUH2&marketplaceID=A39IBJ37TRP1C6&qid=1774740334&refinements=p_36%3A15500-16000&s=merchant-items&sr=1-230&xpid=TFdhnNZBnbxxK,GSR Character Customise Series: Decals 017 - Racing Miku vol.2
B002YHQFBU,,159.31,https://www.amazon.com.au/Gundam-FIRST-limited-Custom-Clear/dp/B002YHQFBU/ref=sr_1_231?dib=eyJ2IjoiMSJ9.W9fBCfXaT7LPRLckWdQWBd4Oo6BgNm2EwZ-EtSxqs7F36CO50eoEjBdonOtC4nAOAR8s-4LJtDbvdb81gPvHUq2ww5E5MBZ2_2CGMKQjBXrmjvVdy-hYrnHetZ_KuOWBIyU8QhKWq3KP8xpDjlZMvYEUr-rSskeoaRg2TSB5NFw.qfNgcQNhtUOPCnhI7Fg4WefIZV7I10hKnkaAl8spX3A&dib_tag=se&m=A3SFQLVXY8GUH2&marketplaceID=A39IBJ37TRP1C6&qid=1774740334&refinements=p_36%3A15500-16000&s=merchant-items&sr=1-231&xpid=TFdhnNZBnbxxK#customerReviews,Gundam THE FIRST limited HGUC Char Custom MS Clear Ver
B001F8TSZ4,,155.76,https://www.amazon.com.au/One-Piece-OnePiece-Portrait-Pirates/dp/B001F8TSZ4/ref=sr_1_232?dib=eyJ2IjoiMSJ9.W9fBCfXaT7LPRLckWdQWBd4Oo6BgNm2EwZ-EtSxqs7F36CO50eoEjBdonOtC4nAOAR8s-4LJtDbvdb81gPvHUq2ww5E5MBZ2_2CGMKQjBXrmjvVdy-hYrnHetZ_KuOWBIyU8QhKWq3KP8xpDjlZMvYEUr-rSskeoaRg2TSB5NFw.qfNgcQNhtUOPCnhI7Fg4WefIZV7I10hKnkaAl8spX3A&dib_tag=se&m=A3SFQLVXY8GUH2&marketplaceID=A39IBJ37TRP1C6&qid=1774740334&refinements=p_36%3A15500-16000&s=merchant-items&sr=1-232&xpid=TFdhnNZBnbxxK#customerReviews,One Piece Rob Lucci Portrait of Pirates NEO ExModel Figure by MegaHouse
B0010KE48I,,159.54,https://www.amazon.com.au/BR4FL/dp/B0010KE48I/ref=sr_1_233?dib=eyJ2IjoiMSJ9.W9fBCfXaT7LPRLckWdQWBd4Oo6BgNm2EwZ-EtSxqs7F36CO50eoEjBdonOtC4nAOAR8s-4LJtDbvdb81gPvHUq2ww5E5MBZ2_2CGMKQjBXrmjvVdy-hYrnHetZ_KuOWBIyU8QhKWq3KP8xpDjlZMvYEUr-rSskeoaRg2TSB5NFw.qfNgcQNhtUOPCnhI7Fg4WefIZV7I10hKnkaAl8spX3A&dib_tag=se&m=A3SFQLVXY8GUH2&marketplaceID=A39IBJ37TRP1C6&qid=1774740334&refinements=p_36%3A15500-16000&s=merchant-items&sr=1-233&xpid=TFdhnNZBnbxxK#customerReviews,KYOTO TOOL (KTC) BR4FL Automotive Tool Ratchet Handle
B0010KE48I,,,,
B000UYZBTQ,,156.73,https://www.amazon.com.au/Gedore-Bi-Hexagon-Friction-Ratchet-Diameter/dp/B000UYZBTQ/ref=sr_1_234?dib=eyJ2IjoiMSJ9.W9fBCfXaT7LPRLckWdQWBd4Oo6BgNm2EwZ-EtSxqs7F36CO50eoEjBdonOtC4nAOAR8s-4LJtDbvdb81gPvHUq2ww5E5MBZ2_2CGMKQjBXrmjvVdy-hYrnHetZ_KuOWBIyU8QhKWq3KP8xpDjlZMvYEUr-rSskeoaRg2TSB5NFw.qfNgcQNhtUOPCnhI7Fg4WefIZV7I10hKnkaAl8spX3A&dib_tag=se&m=A3SFQLVXY8GUH2&marketplaceID=A39IBJ37TRP1C6&qid=1774740334&refinements=p_36%3A15500-16000&s=merchant-items&sr=1-234&xpid=TFdhnNZBnbxxK#customerReviews,"Gedore 75 mm Insert Ring for Bi-Hexagon Friction Ratchet, 108 mm Diameter"
B000UYZBTQ,,,,
B000Q8SHGA,,156.09,https://www.amazon.com.au/Ideal-Industries-Stripmaster-Wire-Stripper/dp/B000Q8SHGA/ref=sr_1_235?dib=eyJ2IjoiMSJ9.W9fBCfXaT7LPRLckWdQWBd4Oo6BgNm2EwZ-EtSxqs7F36CO50eoEjBdonOtC4nAOAR8s-4LJtDbvdb81gPvHUq2ww5E5MBZ2_2CGMKQjBXrmjvVdy-hYrnHetZ_KuOWBIyU8QhKWq3KP8xpDjlZMvYEUr-rSskeoaRg2TSB5NFw.qfNgcQNhtUOPCnhI7Fg4WefIZV7I10hKnkaAl8spX3A&dib_tag=se&m=A3SFQLVXY8GUH2&marketplaceID=A39IBJ37TRP1C6&qid=1774740334&refinements=p_36%3A15500-16000&s=merchant-items&sr=1-235&xpid=TFdhnNZBnbxxK#customerReviews,Ideal Industries Stripmaster Wire Stripper #14 to #22 AWG
B000Q8SHGA,,,,
B000HZJA6S,,157.36,https://www.amazon.com.au/Scale-Reactive-Armored-Macross-Hasegawa/dp/B000HZJA6S/ref=sr_1_241?dib=eyJ2IjoiMSJ9.di9zHkN_sVVeB8NZSQRYTW58pTHLvxKiFk13a9CAVGl_qVzyxcDxYrkW6x5wuUwFZbkLdHJwugCb7KRiiibLSQ.wR2bZridqRbkhyMvypOcWPuB_DI8ykqmJ8B8iZYQsXA&dib_tag=se&m=A3SFQLVXY8GUH2&marketplaceID=A39IBJ37TRP1C6&qid=1774740339&refinements=p_36%3A15500-16000&s=merchant-items&sr=1-241&xpid=TFdhnNZBnbxxK,Hasegawa 1/72 Macross Zero Series Reactive Armored VF-0S Macross Zero
B000HZJA6S,,,,
B000CMNIXM,,158.89,https://www.amazon.com.au/S-I-C-Imaginative-Chogokin-Masked-Akumaizer/dp/B000CMNIXM/ref=sr_1_242?dib=eyJ2IjoiMSJ9.di9zHkN_sVVeB8NZSQRYTW58pTHLvxKiFk13a9CAVGl_qVzyxcDxYrkW6x5wuUwFZbkLdHJwugCb7KRiiibLSQ.wR2bZridqRbkhyMvypOcWPuB_DI8ykqmJ8B8iZYQsXA&dib_tag=se&m=A3SFQLVXY8GUH2&marketplaceID=A39IBJ37TRP1C6&qid=1774740339&refinements=p_36%3A15500-16000&s=merchant-items&sr=1-242&xpid=TFdhnNZBnbxxK#customerReviews,SIC S.I.C. Super Imaginative Chogokin Vol. 31 70's Kamen Masked Rider Akumaizer 3 Bandai
B0003K5H5U,,155.63,https://www.amazon.com.au/Kato-1-508-Suhafu-Passenger-Brown/dp/B0003K5H5U/ref=sr_1_243?dib=eyJ2IjoiMSJ9.di9zHkN_sVVeB8NZSQRYTW58pTHLvxKiFk13a9CAVGl_qVzyxcDxYrkW6x5wuUwFZbkLdHJwugCb7KRiiibLSQ.wR2bZridqRbkhyMvypOcWPuB_DI8ykqmJ8B8iZYQsXA&dib_tag=se&m=A3SFQLVXY8GUH2&marketplaceID=A39IBJ37TRP1C6&qid=1774740339&refinements=p_36%3A15500-16000&s=merchant-items&sr=1-243&xpid=TFdhnNZBnbxxK#customerReviews,KATO 1-508 HO Gauge Suchaff 42 Brown Railway Model Passenger Car
B0003K5H5U,,,,
B0002O7LMY,,155.94,https://www.amazon.com.au/Audix-OM3-Live-Vocal-Mic/dp/B0002O7LMY/ref=sr_1_244?dib=eyJ2IjoiMSJ9.di9zHkN_sVVeB8NZSQRYTW58pTHLvxKiFk13a9CAVGl_qVzyxcDxYrkW6x5wuUwFZbkLdHJwugCb7KRiiibLSQ.wR2bZridqRbkhyMvypOcWPuB_DI8ykqmJ8B8iZYQsXA&dib_tag=se&m=A3SFQLVXY8GUH2&marketplaceID=A39IBJ37TRP1C6&qid=1774740339&refinements=p_36%3A15500-16000&s=merchant-items&sr=1-244&xpid=TFdhnNZBnbxxK#customerReviews,Audix OM3 Microphone
B0002O7LMY,,,,
B07L6JK5R2,,159.16,https://www.amazon.com.au/Kancolle-Kashima-Shopping-Scale-Figure/dp/B07L6JK5R2/ref=sr_1_245?dib=eyJ2IjoiMSJ9.di9zHkN_sVVeB8NZSQRYTW58pTHLvxKiFk13a9CAVGl_qVzyxcDxYrkW6x5wuUwFZbkLdHJwugCb7KRiiibLSQ.wR2bZridqRbkhyMvypOcWPuB_DI8ykqmJ8B8iZYQsXA&dib_tag=se&m=A3SFQLVXY8GUH2&marketplaceID=A39IBJ37TRP1C6&qid=1774740339&refinements=p_36%3A15500-16000&s=merchant-items&sr=1-245&xpid=TFdhnNZBnbxxK#customerReviews,Kancolle: Kashima (Shopping Mode) 1:8 Scale PVC Figure
B07DMSBG2Q,,155.22,https://www.amazon.com.au/Bandai-Tamashii-Nations-S-H-Figuarts-Avengers/dp/B07DMSBG2Q/ref=sr_1_241?dib=eyJ2IjoiMSJ9.ZPQp0t7WrxcWsEbc-LI8iR5jzdpM4waolUb-8xKU768FY5M7iUMYjM9QyiaYwLAVkh3JiCW7GslL8DB04qnjA05JRGL-Xh9972e4kwsNhBvtpCw0iiYOp6kFwHhzWWAl-oktXcqPGDOdUqouWsYw-pSmhmhAPspvyJYjHVzbB8g.2NnjbynI1lGpDVy0X6qXHTeO96G7g_mJxePyRviyF6o&dib_tag=se&m=A3SFQLVXY8GUH2&marketplaceID=A39IBJ37TRP1C6&qid=1774740339&refinements=p_36%3A15500-16000&s=merchant-items&sr=1-241&xpid=TFdhnNZBnbxxK#customerReviews,Tamashii Nations Bandai S.H.Figuarts Falcon Avengers: Infinity War Action Figure
B079ZWPSBB,,159.85,https://www.amazon.com.au/Little-Armory-TeruyasukikuA-non-scale-painted/dp/B079ZWPSBB/ref=sr_1_242?dib=eyJ2IjoiMSJ9.ZPQp0t7WrxcWsEbc-LI8iR5jzdpM4waolUb-8xKU768FY5M7iUMYjM9QyiaYwLAVkh3JiCW7GslL8DB04qnjA05JRGL-Xh9972e4kwsNhBvtpCw0iiYOp6kFwHhzWWAl-oktXcqPGDOdUqouWsYw-pSmhmhAPspvyJYjHVzbB8g.2NnjbynI1lGpDVy0X6qXHTeO96G7g_mJxePyRviyF6o&dib_tag=se&m=A3SFQLVXY8GUH2&marketplaceID=A39IBJ37TRP1C6&qid=1774740339&refinements=p_36%3A15500-16000&s=merchant-items&sr=1-242&xpid=TFdhnNZBnbxxK#customerReviews,figma Little Armory TeruyasukikuA non-scale ABS & PVC painted action figure
B076JC8461,,155.29,https://www.amazon.com.au/Fleet-Collection-FIGURE-INTEGRATED-Complete/dp/B076JC8461/ref=sr_1_243?dib=eyJ2IjoiMSJ9.ZPQp0t7WrxcWsEbc-LI8iR5jzdpM4waolUb-8xKU768FY5M7iUMYjM9QyiaYwLAVkh3JiCW7GslL8DB04qnjA05JRGL-Xh9972e4kwsNhBvtpCw0iiYOp6kFwHhzWWAl-oktXcqPGDOdUqouWsYw-pSmhmhAPspvyJYjHVzbB8g.2NnjbynI1lGpDVy0X6qXHTeO96G7g_mJxePyRviyF6o&dib_tag=se&m=A3SFQLVXY8GUH2&marketplaceID=A39IBJ37TRP1C6&qid=1774740339&refinements=p_36%3A15500-16000&s=merchant-items&sr=1-243&xpid=TFdhnNZBnbxxK#customerReviews,"Fleet Collection - ship this - Hiryu CA mode FIGURE INTEGRATED ""ship This"" jet A320 Complete Figure (second 肆回 ""can this"" naval review only)"
B074QMN764,,156.22,https://www.amazon.com.au/Good-Smile-New-Game-Nendoroid/dp/B074QMN764/ref=sr_1_244?dib=eyJ2IjoiMSJ9.ZPQp0t7WrxcWsEbc-LI8iR5jzdpM4waolUb-8xKU768FY5M7iUMYjM9QyiaYwLAVkh3JiCW7GslL8DB04qnjA05JRGL-Xh9972e4kwsNhBvtpCw0iiYOp6kFwHhzWWAl-oktXcqPGDOdUqouWsYw-pSmhmhAPspvyJYjHVzbB8g.2NnjbynI1lGpDVy0X6qXHTeO96G7g_mJxePyRviyF6o&dib_tag=se&m=A3SFQLVXY8GUH2&marketplaceID=A39IBJ37TRP1C6&qid=1774740339&refinements=p_36%3A15500-16000&s=merchant-items&sr=1-244&xpid=TFdhnNZBnbxxK#customerReviews,Good Smile Company New Game Aoba Suzukaze(Re-Run) Nendoroid Action Figure
B072DXCRY9,,157.47,https://www.amazon.com.au/Kinnikuman-Terryman-Colored-Action-Figure/dp/B072DXCRY9/ref=sr_1_245?dib=eyJ2IjoiMSJ9.ZPQp0t7WrxcWsEbc-LI8iR5jzdpM4waolUb-8xKU768FY5M7iUMYjM9QyiaYwLAVkh3JiCW7GslL8DB04qnjA05JRGL-Xh9972e4kwsNhBvtpCw0iiYOp6kFwHhzWWAl-oktXcqPGDOdUqouWsYw-pSmhmhAPspvyJYjHVzbB8g.2NnjbynI1lGpDVy0X6qXHTeO96G7g_mJxePyRviyF6o&dib_tag=se&m=A3SFQLVXY8GUH2&marketplaceID=A39IBJ37TRP1C6&qid=1774740339&refinements=p_36%3A15500-16000&s=merchant-items&sr=1-245&xpid=TFdhnNZBnbxxK#customerReviews,Kinnikuman Terryman Colored Edition Action Figure
B06Y1Q7FT9,,155.1,https://www.amazon.com.au/Comolife-Manekineko-Golden-Piggy-Bank/dp/B06Y1Q7FT9/ref=sr_1_246?dib=eyJ2IjoiMSJ9.ZPQp0t7WrxcWsEbc-LI8iR5jzdpM4waolUb-8xKU768FY5M7iUMYjM9QyiaYwLAVkh3JiCW7GslL8DB04qnjA05JRGL-Xh9972e4kwsNhBvtpCw0iiYOp6kFwHhzWWAl-oktXcqPGDOdUqouWsYw-pSmhmhAPspvyJYjHVzbB8g.2NnjbynI1lGpDVy0X6qXHTeO96G7g_mJxePyRviyF6o&dib_tag=se&m=A3SFQLVXY8GUH2&marketplaceID=A39IBJ37TRP1C6&qid=1774740339&refinements=p_36%3A15500-16000&s=merchant-items&sr=1-246&xpid=TFdhnNZBnbxxK#customerReviews,Golden Maneki Cat Money Box Large
B06Y1Q7FT9,,,,
B01NAZ13NR,,158.79,https://www.amazon.com.au/Kamen-Rider-Ex-Aid-Gashat-Gear/dp/B01NAZ13NR/ref=sr_1_247?dib=eyJ2IjoiMSJ9.ZPQp0t7WrxcWsEbc-LI8iR5jzdpM4waolUb-8xKU768FY5M7iUMYjM9QyiaYwLAVkh3JiCW7GslL8DB04qnjA05JRGL-Xh9972e4kwsNhBvtpCw0iiYOp6kFwHhzWWAl-oktXcqPGDOdUqouWsYw-pSmhmhAPspvyJYjHVzbB8g.2NnjbynI1lGpDVy0X6qXHTeO96G7g_mJxePyRviyF6o&dib_tag=se&m=A3SFQLVXY8GUH2&marketplaceID=A39IBJ37TRP1C6&qid=1774740339&refinements=p_36%3A15500-16000&s=merchant-items&sr=1-247&xpid=TFdhnNZBnbxxK#customerReviews,Kamen Rider Ex-Aid DX Gashat Gear Dual B
B01N6WAS2V,,156.92,https://www.amazon.com.au/Bandai-Tamashii-Nations-Figuarts-Action/dp/B01N6WAS2V/ref=sr_1_248?dib=eyJ2IjoiMSJ9.ZPQp0t7WrxcWsEbc-LI8iR5jzdpM4waolUb-8xKU768FY5M7iUMYjM9QyiaYwLAVkh3JiCW7GslL8DB04qnjA05JRGL-Xh9972e4kwsNhBvtpCw0iiYOp6kFwHhzWWAl-oktXcqPGDOdUqouWsYw-pSmhmhAPspvyJYjHVzbB8g.2NnjbynI1lGpDVy0X6qXHTeO96G7g_mJxePyRviyF6o&dib_tag=se&m=A3SFQLVXY8GUH2&marketplaceID=A39IBJ37TRP1C6&qid=1774740339&refinements=p_36%3A15500-16000&s=merchant-items&sr=1-248&xpid=TFdhnNZBnbxxK#customerReviews,Bandai Tamashii Nations S.H. Figuarts King Joe Ultra Seven Action Figure
B01MSWEN89,,156.79,https://www.amazon.com.au/OBLIGATO-obbligato-fraction-violin-strings/dp/B01MSWEN89/ref=sr_1_249?dib=eyJ2IjoiMSJ9.ZPQp0t7WrxcWsEbc-LI8iR5jzdpM4waolUb-8xKU768FY5M7iUMYjM9QyiaYwLAVkh3JiCW7GslL8DB04qnjA05JRGL-Xh9972e4kwsNhBvtpCw0iiYOp6kFwHhzWWAl-oktXcqPGDOdUqouWsYw-pSmhmhAPspvyJYjHVzbB8g.2NnjbynI1lGpDVy0X6qXHTeO96G7g_mJxePyRviyF6o&dib_tag=se&m=A3SFQLVXY8GUH2&marketplaceID=A39IBJ37TRP1C6&qid=1774740339&refinements=p_36%3A15500-16000&s=merchant-items&sr=1-249&xpid=TFdhnNZBnbxxK,OBLIGATO Obrigato Fraction Violin String Set (3/4+1/2)
B01MSWEN89,,,,
B01MQS46TZ,,157.27,https://www.amazon.com.au/Character-Premium-Macross-Frontier-Dimension/dp/B01MQS46TZ/ref=sr_1_250?dib=eyJ2IjoiMSJ9.ZPQp0t7WrxcWsEbc-LI8iR5jzdpM4waolUb-8xKU768FY5M7iUMYjM9QyiaYwLAVkh3JiCW7GslL8DB04qnjA05JRGL-Xh9972e4kwsNhBvtpCw0iiYOp6kFwHhzWWAl-oktXcqPGDOdUqouWsYw-pSmhmhAPspvyJYjHVzbB8g.2NnjbynI1lGpDVy0X6qXHTeO96G7g_mJxePyRviyF6o&dib_tag=se&m=A3SFQLVXY8GUH2&marketplaceID=A39IBJ37TRP1C6&qid=1774740339&refinements=p_36%3A15500-16000&s=merchant-items&sr=1-250&xpid=TFdhnNZBnbxxK,Character N Kuji Premium Macross Frontier ~ Super Dimension encore ~ F award matter most Macross F - Special Characters ver. ~ (Set of 6) (japan import) by Banpresto
B00P3IVY8Q,,155.91,https://www.amazon.com.au/Yorozufurusho-Ginmine-pottery-chrysanthemum-cooking/dp/B00P3IVY8Q/ref=sr_1_251?dib=eyJ2IjoiMSJ9.ZPQp0t7WrxcWsEbc-LI8iR5jzdpM4waolUb-8xKU768FY5M7iUMYjM9QyiaYwLAVkh3JiCW7GslL8DB04qnjA05JRGL-Xh9972e4kwsNhBvtpCw0iiYOp6kFwHhzWWAl-oktXcqPGDOdUqouWsYw-pSmhmhAPspvyJYjHVzbB8g.2NnjbynI1lGpDVy0X6qXHTeO96G7g_mJxePyRviyF6o&dib_tag=se&m=A3SFQLVXY8GUH2&marketplaceID=A39IBJ37TRP1C6&qid=1774740339&refinements=p_36%3A15500-16000&s=merchant-items&sr=1-251&xpid=TFdhnNZBnbxxK#customerReviews,Yorozufurusho Ginmine pottery chrysanthemum rice pot (cooking Ruri glaze 2 Go)
B00P3IVY8Q,,,,
B00BTHLPEI,,159.37,https://www.amazon.com.au/Robot-Damashii-Blitz-Gundam-Exclusive/dp/B00BTHLPEI/ref=sr_1_257?dib=eyJ2IjoiMSJ9.V9j1Zg_jJeiy37cU2P-cDNscQyP1Mqvom20V6Hg1Q6vnvBGpH21ORkH9ypgNpsKioH20LOeUe0Ls1JN8UVY3AQ.5z_9qFnqHxCyVT8uJLwUYrq7JayO46T2Qzc1j5hmK-I&dib_tag=se&m=A3SFQLVXY8GUH2&marketplaceID=A39IBJ37TRP1C6&qid=1774740344&refinements=p_36%3A15500-16000&s=merchant-items&sr=1-257&xpid=TFdhnNZBnbxxK#customerReviews,Robot Damashii Blitz Gundam Exclusive
B00B5LOV8U,,159.75,https://www.amazon.com.au/Panduit-ACC38-AT-C-Adhesive-Acrylic-Diameter/dp/B00B5LOV8U/ref=sr_1_258?dib=eyJ2IjoiMSJ9.V9j1Zg_jJeiy37cU2P-cDNscQyP1Mqvom20V6Hg1Q6vnvBGpH21ORkH9ypgNpsKioH20LOeUe0Ls1JN8UVY3AQ.5z_9qFnqHxCyVT8uJLwUYrq7JayO46T2Qzc1j5hmK-I&dib_tag=se&m=A3SFQLVXY8GUH2&marketplaceID=A39IBJ37TRP1C6&qid=1774740344&refinements=p_36%3A15500-16000&s=merchant-items&sr=1-258&xpid=TFdhnNZBnbxxK,Panduit ACC38-AT-C Adhesive Backed Cord Clip Nylon 6.6 Acrylic Adhesive Type Natural 0.38 Max Bundle Diameter 0.38 Height 1.00 Width 1.00 Length (Pack of 100)
B00B5LOV8U,,,,
B005T73LHI,,155.78,https://www.amazon.com.au/Panduit-BT2S-M0-Standard-Resistant-1000-Pack/dp/B005T73LHI/ref=sr_1_259?dib=eyJ2IjoiMSJ9.V9j1Zg_jJeiy37cU2P-cDNscQyP1Mqvom20V6Hg1Q6vnvBGpH21ORkH9ypgNpsKioH20LOeUe0Ls1JN8UVY3AQ.5z_9qFnqHxCyVT8uJLwUYrq7JayO46T2Qzc1j5hmK-I&dib_tag=se&m=A3SFQLVXY8GUH2&marketplaceID=A39IBJ37TRP1C6&qid=1774740344&refinements=p_36%3A15500-16000&s=merchant-items&sr=1-259&xpid=TFdhnNZBnbxxK#customerReviews,Panduit BT2S-M0 Cable Tie Metal Barb Standard Weather Resistant Nylon 6.6 8.0-Inch Length Black (1000-Pack)
B005T73LHI,,,,
B005C88K2A,,158.98,https://www.amazon.com.au/Saha-Tomix-Gauge-8948-455/dp/B005C88K2A/ref=sr_1_260?dib=eyJ2IjoiMSJ9.V9j1Zg_jJeiy37cU2P-cDNscQyP1Mqvom20V6Hg1Q6vnvBGpH21ORkH9ypgNpsKioH20LOeUe0Ls1JN8UVY3AQ.5z_9qFnqHxCyVT8uJLwUYrq7JayO46T2Qzc1j5hmK-I&dib_tag=se&m=A3SFQLVXY8GUH2&marketplaceID=A39IBJ37TRP1C6&qid=1774740344&refinements=p_36%3A15500-16000&s=merchant-items&sr=1-260&xpid=TFdhnNZBnbxxK#customerReviews,Saha Tomix N Gauge 8948 455
B005C88K2A,,,,
B004NNIR1O,,159.4,https://www.amazon.com.au/S-H-Figuarts-Masked-Rider-Eternal-Bandai/dp/B004NNIR1O/ref=sr_1_261?dib=eyJ2IjoiMSJ9.V9j1Zg_jJeiy37cU2P-cDNscQyP1Mqvom20V6Hg1Q6vnvBGpH21ORkH9ypgNpsKioH20LOeUe0Ls1JN8UVY3AQ.5z_9qFnqHxCyVT8uJLwUYrq7JayO46T2Qzc1j5hmK-I&dib_tag=se&m=A3SFQLVXY8GUH2&marketplaceID=A39IBJ37TRP1C6&qid=1774740344&refinements=p_36%3A15500-16000&s=merchant-items&sr=1-261&xpid=TFdhnNZBnbxxK#customerReviews,S.H.Figuarts Masked Rider Eternal Bandai [Japan]
B004INJZFQ,,157.54,https://www.amazon.com.au/Spirits-Susanoo-Transam-Tamashii-Exclusive/dp/B004INJZFQ/ref=sr_1_257?dib=eyJ2IjoiMSJ9.1Tcps2siSIfGBLBPdbx-oJXzneglRHfOLI__4bzEq4REs_bwCXbfOlBa0aChzOHP27F63pUTUhJpoSECD0PrVENrm3_gPZNh5aTIAZd_M5kD9sH3Ofhu_JDSwB35WIpNqp65yiRPF7ZXsgfBLFmwe85xDOOQSzI2eNJYU-sGOng.lHb8Rr9ndUcl__h4lO-UBnjZRG8lZNLvO_VmR3h_-BI&dib_tag=se&m=A3SFQLVXY8GUH2&marketplaceID=A39IBJ37TRP1C6&qid=1774740344&refinements=p_36%3A15500-16000&s=merchant-items&sr=1-257&xpid=TFdhnNZBnbxxK#customerReviews,Robot Spirits [SIDE MS] Susanoo Transam ver. Tamashii Web Exclusive
B004IKRYHA,,157.7,https://www.amazon.com.au/socket-full-length-months-RS3025-9-HOLE/dp/B004IKRYHA/ref=sr_1_258?dib=eyJ2IjoiMSJ9.1Tcps2siSIfGBLBPdbx-oJXzneglRHfOLI__4bzEq4REs_bwCXbfOlBa0aChzOHP27F63pUTUhJpoSECD0PrVENrm3_gPZNh5aTIAZd_M5kD9sH3Ofhu_JDSwB35WIpNqp65yiRPF7ZXsgfBLFmwe85xDOOQSzI2eNJYU-sGOng.lHb8Rr9ndUcl__h4lO-UBnjZRG8lZNLvO_VmR3h_-BI&dib_tag=se&m=A3SFQLVXY8GUH2&marketplaceID=A39IBJ37TRP1C6&qid=1774740344&refinements=p_36%3A15500-16000&s=merchant-items&sr=1-258&xpid=TFdhnNZBnbxxK#customerReviews,Koken 3/8 (9.5mm) SQ. Ijiri stop Torx bit socket rail set the full-length 50mm 9 months set RS3025 / 9-HOLE
B004IKRYHA,,,,
B0044WVGCG,,159.76,https://www.amazon.com.au/L-GAIM-Robot-Spirits-L-Gaim/dp/B0044WVGCG/ref=sr_1_259?dib=eyJ2IjoiMSJ9.1Tcps2siSIfGBLBPdbx-oJXzneglRHfOLI__4bzEq4REs_bwCXbfOlBa0aChzOHP27F63pUTUhJpoSECD0PrVENrm3_gPZNh5aTIAZd_M5kD9sH3Ofhu_JDSwB35WIpNqp65yiRPF7ZXsgfBLFmwe85xDOOQSzI2eNJYU-sGOng.lHb8Rr9ndUcl__h4lO-UBnjZRG8lZNLvO_VmR3h_-BI&dib_tag=se&m=A3SFQLVXY8GUH2&marketplaceID=A39IBJ37TRP1C6&qid=1774740344&refinements=p_36%3A15500-16000&s=merchant-items&sr=1-259&xpid=TFdhnNZBnbxxK#customerReviews,Robot Spirits : L-Gaim
B00122J5VK,,158.5,https://www.amazon.com.au/Gimnic-%E3%82%AE%E3%83%A0%E3%83%8B%E3%82%AF-%E3%83%95%E3%82%A3%E3%83%83%E3%83%88%E3%83%9C%E3%83%BC%E3%83%AB-65cm-%E3%83%91%E3%83%BC%E3%83%AB%E3%83%9B%E3%83%AF%E3%82%A4%E3%83%88/dp/B00122J5VK/ref=sr_1_260?dib=eyJ2IjoiMSJ9.1Tcps2siSIfGBLBPdbx-oJXzneglRHfOLI__4bzEq4REs_bwCXbfOlBa0aChzOHP27F63pUTUhJpoSECD0PrVENrm3_gPZNh5aTIAZd_M5kD9sH3Ofhu_JDSwB35WIpNqp65yiRPF7ZXsgfBLFmwe85xDOOQSzI2eNJYU-sGOng.lHb8Rr9ndUcl__h4lO-UBnjZRG8lZNLvO_VmR3h_-BI&dib_tag=se&m=A3SFQLVXY8GUH2&marketplaceID=A39IBJ37TRP1C6&qid=1774740344&refinements=p_36%3A15500-16000&s=merchant-items&sr=1-260&xpid=TFdhnNZBnbxxK#customerReviews,ギムニク フィットボール 65cm パールホワイト
B00122J5VK,,,,
B000F8QT8Y,,158.33,https://www.amazon.com.au/Ledraplastic-S-p-26-Inch-Exercise-Ball/dp/B000F8QT8Y/ref=sr_1_261?dib=eyJ2IjoiMSJ9.1Tcps2siSIfGBLBPdbx-oJXzneglRHfOLI__4bzEq4REs_bwCXbfOlBa0aChzOHP27F63pUTUhJpoSECD0PrVENrm3_gPZNh5aTIAZd_M5kD9sH3Ofhu_JDSwB35WIpNqp65yiRPF7ZXsgfBLFmwe85xDOOQSzI2eNJYU-sGOng.lHb8Rr9ndUcl__h4lO-UBnjZRG8lZNLvO_VmR3h_-BI&dib_tag=se&m=A3SFQLVXY8GUH2&marketplaceID=A39IBJ37TRP1C6&qid=1774740344&refinements=p_36%3A15500-16000&s=merchant-items&sr=1-261&xpid=TFdhnNZBnbxxK#customerReviews,Ledraplastic S.p.A. 26-Inch Hop Exercise Ball
B000F8QT8Y,,,,
B000E1AIVQ,,159.11,https://www.amazon.com.au/Gundam-Destiny-Lunamaria-Hawke-figure/dp/B000E1AIVQ/ref=sr_1_262?dib=eyJ2IjoiMSJ9.1Tcps2siSIfGBLBPdbx-oJXzneglRHfOLI__4bzEq4REs_bwCXbfOlBa0aChzOHP27F63pUTUhJpoSECD0PrVENrm3_gPZNh5aTIAZd_M5kD9sH3Ofhu_JDSwB35WIpNqp65yiRPF7ZXsgfBLFmwe85xDOOQSzI2eNJYU-sGOng.lHb8Rr9ndUcl__h4lO-UBnjZRG8lZNLvO_VmR3h_-BI&dib_tag=se&m=A3SFQLVXY8GUH2&marketplaceID=A39IBJ37TRP1C6&qid=1774740344&refinements=p_36%3A15500-16000&s=merchant-items&sr=1-262&xpid=TFdhnNZBnbxxK,Gundam Seed Destiny Lunamaria Hawke 1/7 Scale Resin Figure
B0002E2DRW,,155.66,https://www.amazon.com.au/Bach-35110RA-Trumpet-Mouthpiece/dp/B0002E2DRW/ref=sr_1_263?dib=eyJ2IjoiMSJ9.1Tcps2siSIfGBLBPdbx-oJXzneglRHfOLI__4bzEq4REs_bwCXbfOlBa0aChzOHP27F63pUTUhJpoSECD0PrVENrm3_gPZNh5aTIAZd_M5kD9sH3Ofhu_JDSwB35WIpNqp65yiRPF7ZXsgfBLFmwe85xDOOQSzI2eNJYU-sGOng.lHb8Rr9ndUcl__h4lO-UBnjZRG8lZNLvO_VmR3h_-BI&dib_tag=se&m=A3SFQLVXY8GUH2&marketplaceID=A39IBJ37TRP1C6&qid=1774740344&refinements=p_36%3A15500-16000&s=merchant-items&sr=1-263&xpid=TFdhnNZBnbxxK,"Bach Trumpet Mouthpiece, 10&Frac34; A"
B0002E2DRW,,,,
B07H8PZG4X,,158.14,https://www.amazon.com.au/Elementi-Zero100-Dritto-Seatpost-Length/dp/B07H8PZG4X/ref=sr_1_264?dib=eyJ2IjoiMSJ9.1Tcps2siSIfGBLBPdbx-oJXzneglRHfOLI__4bzEq4REs_bwCXbfOlBa0aChzOHP27F63pUTUhJpoSECD0PrVENrm3_gPZNh5aTIAZd_M5kD9sH3Ofhu_JDSwB35WIpNqp65yiRPF7ZXsgfBLFmwe85xDOOQSzI2eNJYU-sGOng.lHb8Rr9ndUcl__h4lO-UBnjZRG8lZNLvO_VmR3h_-BI&dib_tag=se&m=A3SFQLVXY8GUH2&marketplaceID=A39IBJ37TRP1C6&qid=1774740344&refinements=p_36%3A15500-16000&s=merchant-items&sr=1-264&xpid=TFdhnNZBnbxxK#customerReviews,Deda Elementi Zero100 in-line Seatpost
B07H8PZG4X,,,,
B07GRWRZ19,,157.07,https://www.amazon.com.au/Tamashii-Nations-S-H-Figuarts-Action-Figure/dp/B07GRWRZ19/ref=sr_1_265?dib=eyJ2IjoiMSJ9.1Tcps2siSIfGBLBPdbx-oJXzneglRHfOLI__4bzEq4REs_bwCXbfOlBa0aChzOHP27F63pUTUhJpoSECD0PrVENrm3_gPZNh5aTIAZd_M5kD9sH3Ofhu_JDSwB35WIpNqp65yiRPF7ZXsgfBLFmwe85xDOOQSzI2eNJYU-sGOng.lHb8Rr9ndUcl__h4lO-UBnjZRG8lZNLvO_VmR3h_-BI&dib_tag=se&m=A3SFQLVXY8GUH2&marketplaceID=A39IBJ37TRP1C6&qid=1774740344&refinements=p_36%3A15500-16000&s=merchant-items&sr=1-265&xpid=TFdhnNZBnbxxK#customerReviews,Bandai Tamashii Nations S.H.Figuarts Kamen Rider Drive Type Speed -20 Kamen Rider Kicks Ver.-
B078ZZKR85,,157.42,https://www.amazon.com.au/Ocarina-Single-Blowing-Musical-Instrument/dp/B078ZZKR85/ref=sr_1_266?dib=eyJ2IjoiMSJ9.1Tcps2siSIfGBLBPdbx-oJXzneglRHfOLI__4bzEq4REs_bwCXbfOlBa0aChzOHP27F63pUTUhJpoSECD0PrVENrm3_gPZNh5aTIAZd_M5kD9sH3Ofhu_JDSwB35WIpNqp65yiRPF7ZXsgfBLFmwe85xDOOQSzI2eNJYU-sGOng.lHb8Rr9ndUcl__h4lO-UBnjZRG8lZNLvO_VmR3h_-BI&dib_tag=se&m=A3SFQLVXY8GUH2&marketplaceID=A39IBJ37TRP1C6&qid=1774740344&refinements=p_36%3A15500-16000&s=merchant-items&sr=1-266&xpid=TFdhnNZBnbxxK,TNG Ocarina Single 12 Hole Alto C Tone Ocarina Luxury Tube Blowing Musical Instrument Made in Taiwan AC (Glaze Blue)
B078ZZKR85,,,,
B01N6Y1T8P,,159.47,https://www.amazon.com.au/Bandai-Gundam-Exia-REPAIR-Plastic/dp/B01N6Y1T8P/ref=sr_1_267?dib=eyJ2IjoiMSJ9.1Tcps2siSIfGBLBPdbx-oJXzneglRHfOLI__4bzEq4REs_bwCXbfOlBa0aChzOHP27F63pUTUhJpoSECD0PrVENrm3_gPZNh5aTIAZd_M5kD9sH3Ofhu_JDSwB35WIpNqp65yiRPF7ZXsgfBLFmwe85xDOOQSzI2eNJYU-sGOng.lHb8Rr9ndUcl__h4lO-UBnjZRG8lZNLvO_VmR3h_-BI&dib_tag=se&m=A3SFQLVXY8GUH2&marketplaceID=A39IBJ37TRP1C6&qid=1774740344&refinements=p_36%3A15500-16000&s=merchant-items&sr=1-267&xpid=TFdhnNZBnbxxK#customerReviews,Bandai RG 1/144 Gundam Exia REPAIR 2 Plastic Kit
B01N6Y1T8P,,,,
B005D0T5SU,,157.65,https://www.amazon.com.au/Piece-Portrait-Pirates-LIMITED-Chopperman/dp/B005D0T5SU/ref=sr_1_273?dib=eyJ2IjoiMSJ9.R60FwIsNu9yviTetg3SEyx4vpE9Sspn3l1cBXhYU1ARf25lOzWBUbhavs1suQiiwFJ8FS-AWFvPkKOsGB-JBcw.AxvYXaw6Rc4Z7-QDA4fcg3XsV0dRX3OYL86Soi5duYU&dib_tag=se&m=A3SFQLVXY8GUH2&marketplaceID=A39IBJ37TRP1C6&qid=1774740349&refinements=p_36%3A15500-16000&s=merchant-items&sr=1-273&xpid=TFdhnNZBnbxxK#customerReviews,One Piece Portrait of Pirates LIMITED Chopperman Black Vers.
B003YC1XV6,,159.16,https://www.amazon.com.au/Bandai-Tamashii-Nations-Sinanju-Unicorn/dp/B003YC1XV6/ref=sr_1_274?dib=eyJ2IjoiMSJ9.R60FwIsNu9yviTetg3SEyx4vpE9Sspn3l1cBXhYU1ARf25lOzWBUbhavs1suQiiwFJ8FS-AWFvPkKOsGB-JBcw.AxvYXaw6Rc4Z7-QDA4fcg3XsV0dRX3OYL86Soi5duYU&dib_tag=se&m=A3SFQLVXY8GUH2&marketplaceID=A39IBJ37TRP1C6&qid=1774740349&refinements=p_36%3A15500-16000&s=merchant-items&sr=1-274&xpid=TFdhnNZBnbxxK#customerReviews,Bandai Tamashii Nations Sinanju Gundam Unicorn - Robot Spirits Bandai Tamashii Nations
B08BXQPW72,,155.19,https://www.amazon.com.au/WEPOTO-80219-Z7-Release-Compatible-Aluminium/dp/B08BXQPW72/ref=sr_1_275?dib=eyJ2IjoiMSJ9.R60FwIsNu9yviTetg3SEyx4vpE9Sspn3l1cBXhYU1ARf25lOzWBUbhavs1suQiiwFJ8FS-AWFvPkKOsGB-JBcw.AxvYXaw6Rc4Z7-QDA4fcg3XsV0dRX3OYL86Soi5duYU&dib_tag=se&m=A3SFQLVXY8GUH2&marketplaceID=A39IBJ37TRP1C6&qid=1774740349&refinements=p_36%3A15500-16000&s=merchant-items&sr=1-275&xpid=TFdhnNZBnbxxK#customerReviews,80219-Z7 Hand Grip Quick Release Plate L Bracket QR Plate Compatible with Nikon Z5 Z6 Z7 Z6II Z7II Camera -Aluminium Leather
B08BXQPW72,,,,
B07HP7MSDN,,158.12,https://www.amazon.com.au/Good-Smile-AUG188625-Beatless-Multi-Color/dp/B07HP7MSDN/ref=sr_1_276?dib=eyJ2IjoiMSJ9.R60FwIsNu9yviTetg3SEyx4vpE9Sspn3l1cBXhYU1ARf25lOzWBUbhavs1suQiiwFJ8FS-AWFvPkKOsGB-JBcw.AxvYXaw6Rc4Z7-QDA4fcg3XsV0dRX3OYL86Soi5duYU&dib_tag=se&m=A3SFQLVXY8GUH2&marketplaceID=A39IBJ37TRP1C6&qid=1774740349&refinements=p_36%3A15500-16000&s=merchant-items&sr=1-276&xpid=TFdhnNZBnbxxK#customerReviews,"Good Smile Aug188625 Beatless: Lacia Nendoroid Action Figure, Multicolor"
B0722GP3TM,,155.66,https://www.amazon.com.au/Fujimi-equipment-turrets-plastic-accessory/dp/B0722GP3TM/ref=sr_1_277?dib=eyJ2IjoiMSJ9.R60FwIsNu9yviTetg3SEyx4vpE9Sspn3l1cBXhYU1ARf25lOzWBUbhavs1suQiiwFJ8FS-AWFvPkKOsGB-JBcw.AxvYXaw6Rc4Z7-QDA4fcg3XsV0dRX3OYL86Soi5duYU&dib_tag=se&m=A3SFQLVXY8GUH2&marketplaceID=A39IBJ37TRP1C6&qid=1774740349&refinements=p_36%3A15500-16000&s=merchant-items&sr=1-277&xpid=TFdhnNZBnbxxK#customerReviews,Fujimi model 1/200 equipment series No.1 Yamato 94 46 cm 3 of main turrets have color plastic accessory 1
B0722GP3TM,,,,
B071P6CSH2,,159.5,https://www.amazon.com.au/Grunge-Fifty-5ifty-Pedal-Black/dp/B071P6CSH2/ref=sr_1_273?dib=eyJ2IjoiMSJ9.aBlKModGnRBuL5uvk01iiJ6Vyy_qNE9ZlLeXmd1fPDQ0xAY9Xj3hTfWGCTqRfouyDm5faybjnfaZtZ9le4n9y6XLA9MjGbTmZkHE-abKp7VRHQHPV1SCKnkj-Ewf2YlpmAgumrGw8q1L9GRu8svY4_Su7F6Sc937HEBq_ncCuVI.M9TrAyqtZyZq4-xUNa4j-ZcwTpjVSWAAcDznOgkR4Ck&dib_tag=se&m=A3SFQLVXY8GUH2&marketplaceID=A39IBJ37TRP1C6&qid=1774740349&refinements=p_36%3A15500-16000&s=merchant-items&sr=1-273&xpid=TFdhnNZBnbxxK,grunge (grunge) Fifty (5ifty) pedal BK black
B071P6CSH2,,,,
B06XTX229X,,158.76,https://www.amazon.com.au/Slip-Joint-PLIERS-250-TAH/dp/B06XTX229X/ref=sr_1_274?dib=eyJ2IjoiMSJ9.aBlKModGnRBuL5uvk01iiJ6Vyy_qNE9ZlLeXmd1fPDQ0xAY9Xj3hTfWGCTqRfouyDm5faybjnfaZtZ9le4n9y6XLA9MjGbTmZkHE-abKp7VRHQHPV1SCKnkj-Ewf2YlpmAgumrGw8q1L9GRu8svY4_Su7F6Sc937HEBq_ncCuVI.M9TrAyqtZyZq4-xUNa4j-ZcwTpjVSWAAcDznOgkR4Ck&dib_tag=se&m=A3SFQLVXY8GUH2&marketplaceID=A39IBJ37TRP1C6&qid=1774740349&refinements=p_36%3A15500-16000&s=merchant-items&sr=1-274&xpid=TFdhnNZBnbxxK,Slip Joint PLIERS 250 mm TAH
B06XTX229X,,,,
B01GKK56A2,,156.39,https://www.amazon.com.au/Daiwa-Spinning-Liberty-Small-Fishing/dp/B01GKK56A2/ref=sr_1_275?dib=eyJ2IjoiMSJ9.aBlKModGnRBuL5uvk01iiJ6Vyy_qNE9ZlLeXmd1fPDQ0xAY9Xj3hTfWGCTqRfouyDm5faybjnfaZtZ9le4n9y6XLA9MjGbTmZkHE-abKp7VRHQHPV1SCKnkj-Ewf2YlpmAgumrGw8q1L9GRu8svY4_Su7F6Sc937HEBq_ncCuVI.M9TrAyqtZyZq4-xUNa4j-ZcwTpjVSWAAcDznOgkR4Ck&dib_tag=se&m=A3SFQLVXY8GUH2&marketplaceID=A39IBJ37TRP1C6&qid=1774740349&refinements=p_36%3A15500-16000&s=merchant-items&sr=1-275&xpid=TFdhnNZBnbxxK#customerReviews,DAIWA LBT C (Liberty Club) Iso/Breakwater Koichi Iso No. 2-3
B01GKK56A2,,,,
B00TSTAVNU,,157.12,https://www.amazon.com.au/1-479-08-1-2-BH1-479-08-1-2-Cut-1-2-Multi-Colour-Pieces/dp/B00TSTAVNU/ref=sr_1_276?dib=eyJ2IjoiMSJ9.aBlKModGnRBuL5uvk01iiJ6Vyy_qNE9ZlLeXmd1fPDQ0xAY9Xj3hTfWGCTqRfouyDm5faybjnfaZtZ9le4n9y6XLA9MjGbTmZkHE-abKp7VRHQHPV1SCKnkj-Ewf2YlpmAgumrGw8q1L9GRu8svY4_Su7F6Sc937HEBq_ncCuVI.M9TrAyqtZyZq4-xUNa4j-ZcwTpjVSWAAcDznOgkR4Ck&dib_tag=se&m=A3SFQLVXY8GUH2&marketplaceID=A39IBJ37TRP1C6&qid=1774740349&refinements=p_36%3A15500-16000&s=merchant-items&sr=1-276&xpid=TFdhnNZBnbxxK,Bahco Ergo 1-479-08-1-2 File Set 200 mm 5-Piece Cut 1 and 2
B00TSTAVNU,,,,
B0077ARRDO,,156.01,https://www.amazon.com.au/Novak-Club-Sensored-Brushless-ESC/dp/B0077ARRDO/ref=sr_1_277?dib=eyJ2IjoiMSJ9.aBlKModGnRBuL5uvk01iiJ6Vyy_qNE9ZlLeXmd1fPDQ0xAY9Xj3hTfWGCTqRfouyDm5faybjnfaZtZ9le4n9y6XLA9MjGbTmZkHE-abKp7VRHQHPV1SCKnkj-Ewf2YlpmAgumrGw8q1L9GRu8svY4_Su7F6Sc937HEBq_ncCuVI.M9TrAyqtZyZq4-xUNa4j-ZcwTpjVSWAAcDznOgkR4Ck&dib_tag=se&m=A3SFQLVXY8GUH2&marketplaceID=A39IBJ37TRP1C6&qid=1774740349&refinements=p_36%3A15500-16000&s=merchant-items&sr=1-277&xpid=TFdhnNZBnbxxK#customerReviews,Novak Club Sensored Brushless ESC
B0077ARRDO,,,,
B001VL5VBK,,155.05,https://www.amazon.com.au/EBISU-Post-Level-ED-30POSPN-Japan/dp/B001VL5VBK/ref=sr_1_278?dib=eyJ2IjoiMSJ9.aBlKModGnRBuL5uvk01iiJ6Vyy_qNE9ZlLeXmd1fPDQ0xAY9Xj3hTfWGCTqRfouyDm5faybjnfaZtZ9le4n9y6XLA9MjGbTmZkHE-abKp7VRHQHPV1SCKnkj-Ewf2YlpmAgumrGw8q1L9GRu8svY4_Su7F6Sc937HEBq_ncCuVI.M9TrAyqtZyZq4-xUNa4j-ZcwTpjVSWAAcDznOgkR4Ck&dib_tag=se&m=A3SFQLVXY8GUH2&marketplaceID=A39IBJ37TRP1C6&qid=1774740349&refinements=p_36%3A15500-16000&s=merchant-items&sr=1-278&xpid=TFdhnNZBnbxxK,Ebis Post-Level-Pro ED-30POSPN
B001VL5VBK,,,,
B000EHQXJQ,,159.62,https://www.amazon.com.au/Excellent-Model-Bleach-Matsumoto-Rangiku/dp/B000EHQXJQ/ref=sr_1_279?dib=eyJ2IjoiMSJ9.aBlKModGnRBuL5uvk01iiJ6Vyy_qNE9ZlLeXmd1fPDQ0xAY9Xj3hTfWGCTqRfouyDm5faybjnfaZtZ9le4n9y6XLA9MjGbTmZkHE-abKp7VRHQHPV1SCKnkj-Ewf2YlpmAgumrGw8q1L9GRu8svY4_Su7F6Sc937HEBq_ncCuVI.M9TrAyqtZyZq4-xUNa4j-ZcwTpjVSWAAcDznOgkR4Ck&dib_tag=se&m=A3SFQLVXY8GUH2&marketplaceID=A39IBJ37TRP1C6&qid=1774740349&refinements=p_36%3A15500-16000&s=merchant-items&sr=1-279&xpid=TFdhnNZBnbxxK#customerReviews,Excellent Model Bleach Matsumoto Rangiku
B000E870DI,,157.86,https://www.amazon.com.au/Genshiken-Ono-Kanako-Statue-Scale/dp/B000E870DI/ref=sr_1_280?dib=eyJ2IjoiMSJ9.aBlKModGnRBuL5uvk01iiJ6Vyy_qNE9ZlLeXmd1fPDQ0xAY9Xj3hTfWGCTqRfouyDm5faybjnfaZtZ9le4n9y6XLA9MjGbTmZkHE-abKp7VRHQHPV1SCKnkj-Ewf2YlpmAgumrGw8q1L9GRu8svY4_Su7F6Sc937HEBq_ncCuVI.M9TrAyqtZyZq4-xUNa4j-ZcwTpjVSWAAcDznOgkR4Ck&dib_tag=se&m=A3SFQLVXY8GUH2&marketplaceID=A39IBJ37TRP1C6&qid=1774740349&refinements=p_36%3A15500-16000&s=merchant-items&sr=1-280&xpid=TFdhnNZBnbxxK#customerReviews,Genshiken Ono Kanako PVC Statue 1/8 Scale
B01N6WR3HO,,155.8,https://www.amazon.com.au/Bahco-NS006-1722-Double-Wrench-17X22mm/dp/B01N6WR3HO/ref=sr_1_281?dib=eyJ2IjoiMSJ9.aBlKModGnRBuL5uvk01iiJ6Vyy_qNE9ZlLeXmd1fPDQ0xAY9Xj3hTfWGCTqRfouyDm5faybjnfaZtZ9le4n9y6XLA9MjGbTmZkHE-abKp7VRHQHPV1SCKnkj-Ewf2YlpmAgumrGw8q1L9GRu8svY4_Su7F6Sc937HEBq_ncCuVI.M9TrAyqtZyZq4-xUNa4j-ZcwTpjVSWAAcDznOgkR4Ck&dib_tag=se&m=A3SFQLVXY8GUH2&marketplaceID=A39IBJ37TRP1C6&qid=1774740349&refinements=p_36%3A15500-16000&s=merchant-items&sr=1-281&xpid=TFdhnNZBnbxxK#customerReviews,"Bahco NS006-1722 Double Open Ended Wrench, Gold, 17X22mm"
B01N6WR3HO,,,,
B0072587WY,,155.72,https://www.amazon.com.au/Knipex-97-90-00-Mini-Sustainer/dp/B0072587WY/ref=sr_1_282?dib=eyJ2IjoiMSJ9.aBlKModGnRBuL5uvk01iiJ6Vyy_qNE9ZlLeXmd1fPDQ0xAY9Xj3hTfWGCTqRfouyDm5faybjnfaZtZ9le4n9y6XLA9MjGbTmZkHE-abKp7VRHQHPV1SCKnkj-Ewf2YlpmAgumrGw8q1L9GRu8svY4_Su7F6Sc937HEBq_ncCuVI.M9TrAyqtZyZq4-xUNa4j-ZcwTpjVSWAAcDznOgkR4Ck&dib_tag=se&m=A3SFQLVXY8GUH2&marketplaceID=A39IBJ37TRP1C6&qid=1774740349&refinements=p_36%3A15500-16000&s=merchant-items&sr=1-282&xpid=TFdhnNZBnbxxK#customerReviews,Knipex 97 90 00 Le Tanos Mini-Sustainer Empty
B0072587WY,,,,
B079GW92J9,,155.17,https://www.amazon.com.au/Electric-Receiver-R334SBS-Domestic-products%E3%80%91%E3%80%90Ships/dp/B079GW92J9/ref=sr_1_283?dib=eyJ2IjoiMSJ9.aBlKModGnRBuL5uvk01iiJ6Vyy_qNE9ZlLeXmd1fPDQ0xAY9Xj3hTfWGCTqRfouyDm5faybjnfaZtZ9le4n9y6XLA9MjGbTmZkHE-abKp7VRHQHPV1SCKnkj-Ewf2YlpmAgumrGw8q1L9GRu8svY4_Su7F6Sc937HEBq_ncCuVI.M9TrAyqtZyZq4-xUNa4j-ZcwTpjVSWAAcDznOgkR4Ck&dib_tag=se&m=A3SFQLVXY8GUH2&marketplaceID=A39IBJ37TRP1C6&qid=1774740349&refinements=p_36%3A15500-16000&s=merchant-items&sr=1-283&xpid=TFdhnNZBnbxxK,R334SBS-E Electric Dedicated Receiver 00107145-3
B079GW92J9,,,,
B07796WYW6,,155.39,https://www.amazon.com.au/Kamoi-paint-masking-Masamune-30mmX18M/dp/B07796WYW6/ref=sr_1_289?dib=eyJ2IjoiMSJ9.YPx7ik-hqa9NMrUEY1Htvw6E6y3Skm5rvggiWaeVRIlJfBA9LQiTEo8Bg1sQrPw2zfa5bmNucCSdZQ-8AQJ5fg.ypYCAKFsggZO6887zl-rfcMTfonpapLPF865Ouykv1E&dib_tag=se&m=A3SFQLVXY8GUH2&marketplaceID=A39IBJ37TRP1C6&qid=1774740354&refinements=p_36%3A15500-16000&s=merchant-items&sr=1-289&xpid=TFdhnNZBnbxxK#customerReviews,Kamoi paint masking tape Masamune 30mmX18M 40P
B07796WYW6,,,,
B074MQQZMS,,156.41,https://www.amazon.com.au/deodorant-processing-antibacterial-component-2022671/dp/B074MQQZMS/ref=sr_1_290?dib=eyJ2IjoiMSJ9.YPx7ik-hqa9NMrUEY1Htvw6E6y3Skm5rvggiWaeVRIlJfBA9LQiTEo8Bg1sQrPw2zfa5bmNucCSdZQ-8AQJ5fg.ypYCAKFsggZO6887zl-rfcMTfonpapLPF865Ouykv1E&dib_tag=se&m=A3SFQLVXY8GUH2&marketplaceID=A39IBJ37TRP1C6&qid=1774740354&refinements=p_36%3A15500-16000&s=merchant-items&sr=1-290&xpid=TFdhnNZBnbxxK#customerReviews,"Aprica NioPoi 2022671 Strong Deodorizing Paper Diaper Disposal Pot, Common Cassette, Pack of 3"
B074MQQZMS,,,,
B0719WRQNC,,156.53,https://www.amazon.com.au/Ichibankuji-Panzer-theater-version-Battle/dp/B0719WRQNC/ref=sr_1_291?dib=eyJ2IjoiMSJ9.YPx7ik-hqa9NMrUEY1Htvw6E6y3Skm5rvggiWaeVRIlJfBA9LQiTEo8Bg1sQrPw2zfa5bmNucCSdZQ-8AQJ5fg.ypYCAKFsggZO6887zl-rfcMTfonpapLPF865Ouykv1E&dib_tag=se&m=A3SFQLVXY8GUH2&marketplaceID=A39IBJ37TRP1C6&qid=1774740354&refinements=p_36%3A15500-16000&s=merchant-items&sr=1-291&xpid=TFdhnNZBnbxxK,Ichibankuji Girl Panzer theater version Tank Road Battle! A prize Oarai girls' school visual towel
B0719WRQNC,,,,
B00UA8KSCW,,155.15,https://www.amazon.com.au/NTN-6822-GROOVE-BEARINGS-110mm/dp/B00UA8KSCW/ref=sr_1_292?dib=eyJ2IjoiMSJ9.YPx7ik-hqa9NMrUEY1Htvw6E6y3Skm5rvggiWaeVRIlJfBA9LQiTEo8Bg1sQrPw2zfa5bmNucCSdZQ-8AQJ5fg.ypYCAKFsggZO6887zl-rfcMTfonpapLPF865Ouykv1E&dib_tag=se&m=A3SFQLVXY8GUH2&marketplaceID=A39IBJ37TRP1C6&qid=1774740354&refinements=p_36%3A15500-16000&s=merchant-items&sr=1-292&xpid=TFdhnNZBnbxxK,NTN 6822 DEEP GROOVE BALL BEARINGS 110mm ID 140mm OD 16mm Width
B00UA8KSCW,,,,
B00IMRG3SG,,158.26,https://www.amazon.com.au/Character-Rubber-Magical-rebellion-Broccoli/dp/B00IMRG3SG/ref=sr_1_293?dib=eyJ2IjoiMSJ9.YPx7ik-hqa9NMrUEY1Htvw6E6y3Skm5rvggiWaeVRIlJfBA9LQiTEo8Bg1sQrPw2zfa5bmNucCSdZQ-8AQJ5fg.ypYCAKFsggZO6887zl-rfcMTfonpapLPF865Ouykv1E&dib_tag=se&m=A3SFQLVXY8GUH2&marketplaceID=A39IBJ37TRP1C6&qid=1774740354&refinements=p_36%3A15500-16000&s=merchant-items&sr=1-293&xpid=TFdhnNZBnbxxK,Character Rubber Mat The Movie Magical Girl Madoka Magika [New Edition] Story of rebellion [Madoka & Homura] for Card Game by Broccoli
B00IMRG3SG,,,,
B00762HFJO,,157.44,https://www.amazon.com.au/Supertool-AP450E/dp/B00762HFJO/ref=sr_1_289?dib=eyJ2IjoiMSJ9.3UmnT1kGFfu8noF99Ehfvn8_OwLRbeGx-nU7CBcMlcIUWrWn_JcrvtLyIvpPRuDheBMuQt-YQjCY_e1Ww9hfZ_SS2CEkfA741wwiwClRhGe9EfxAXV5kAznevqCyi5kmCcW_xAencCgeJRbm3fkgHR1IgM3qoYeSRQjya5dzINM.AVZjZeV5Av7Vlt4f47LVXc0fW0UI04zYfMI1el2e_jA&dib_tag=se&m=A3SFQLVXY8GUH2&marketplaceID=A39IBJ37TRP1C6&qid=1774740354&refinements=p_36%3A15500-16000&s=merchant-items&sr=1-289&xpid=TFdhnNZBnbxxK#customerReviews,SUPER TOOL Pipe Wrench Straight Aluminum Alloy Body AP450E (Japan Import)
B00762HFJO,,,,
B006WJYDDI,,157.71,https://www.amazon.com.au/Fireside-starter-ignition-number-D100/dp/B006WJYDDI/ref=sr_1_290?dib=eyJ2IjoiMSJ9.3UmnT1kGFfu8noF99Ehfvn8_OwLRbeGx-nU7CBcMlcIUWrWn_JcrvtLyIvpPRuDheBMuQt-YQjCY_e1Ww9hfZ_SS2CEkfA741wwiwClRhGe9EfxAXV5kAznevqCyi5kmCcW_xAencCgeJRbm3fkgHR1IgM3qoYeSRQjya5dzINM.AVZjZeV5Av7Vlt4f47LVXc0fW0UI04zYfMI1el2e_jA&dib_tag=se&m=A3SFQLVXY8GUH2&marketplaceID=A39IBJ37TRP1C6&qid=1774740354&refinements=p_36%3A15500-16000&s=merchant-items&sr=1-290&xpid=TFdhnNZBnbxxK#customerReviews,Fireside (Fireside) Fire starter ignition agent [part number D100]
B006WJYDDI,,,,
B004OA7N20,,158.27,https://www.amazon.com.au/Pinta-3-Masted-1492-Sailing-Mamoli/dp/B004OA7N20/ref=sr_1_291?dib=eyJ2IjoiMSJ9.3UmnT1kGFfu8noF99Ehfvn8_OwLRbeGx-nU7CBcMlcIUWrWn_JcrvtLyIvpPRuDheBMuQt-YQjCY_e1Ww9hfZ_SS2CEkfA741wwiwClRhGe9EfxAXV5kAznevqCyi5kmCcW_xAencCgeJRbm3fkgHR1IgM3qoYeSRQjya5dzINM.AVZjZeV5Av7Vlt4f47LVXc0fW0UI04zYfMI1el2e_jA&dib_tag=se&m=A3SFQLVXY8GUH2&marketplaceID=A39IBJ37TRP1C6&qid=1774740354&refinements=p_36%3A15500-16000&s=merchant-items&sr=1-291&xpid=TFdhnNZBnbxxK,Pinta 3-Masted 1492 Sailing Ship 1/106 Mamoli
B004OA7N20,,,,
B004M7W686,,158.82,https://www.amazon.com.au/Asuka-personal-binding-machine-B2500/dp/B004M7W686/ref=sr_1_292?dib=eyJ2IjoiMSJ9.3UmnT1kGFfu8noF99Ehfvn8_OwLRbeGx-nU7CBcMlcIUWrWn_JcrvtLyIvpPRuDheBMuQt-YQjCY_e1Ww9hfZ_SS2CEkfA741wwiwClRhGe9EfxAXV5kAznevqCyi5kmCcW_xAencCgeJRbm3fkgHR1IgM3qoYeSRQjya5dzINM.AVZjZeV5Av7Vlt4f47LVXc0fW0UI04zYfMI1el2e_jA&dib_tag=se&m=A3SFQLVXY8GUH2&marketplaceID=A39IBJ37TRP1C6&qid=1774740354&refinements=p_36%3A15500-16000&s=merchant-items&sr=1-292&xpid=TFdhnNZBnbxxK#customerReviews,Asuka (Asmix) personal binding machine B2500 (japan import)
B004M7W686,,,,
B002UBWB04,,155.18,https://www.amazon.com.au/Shogi-Hiba-Piece-Table-Tabletop/dp/B002UBWB04/ref=sr_1_293?dib=eyJ2IjoiMSJ9.3UmnT1kGFfu8noF99Ehfvn8_OwLRbeGx-nU7CBcMlcIUWrWn_JcrvtLyIvpPRuDheBMuQt-YQjCY_e1Ww9hfZ_SS2CEkfA741wwiwClRhGe9EfxAXV5kAznevqCyi5kmCcW_xAencCgeJRbm3fkgHR1IgM3qoYeSRQjya5dzINM.AVZjZeV5Av7Vlt4f47LVXc0fW0UI04zYfMI1el2e_jA&dib_tag=se&m=A3SFQLVXY8GUH2&marketplaceID=A39IBJ37TRP1C6&qid=1774740354&refinements=p_36%3A15500-16000&s=merchant-items&sr=1-293&xpid=TFdhnNZBnbxxK,Shogi Hiba Piece Table 2 cun Tabletop
B0016LWNLG,,155.46,https://www.amazon.com.au/Gundam-MSIA-Throne-Extended-Figure/dp/B0016LWNLG/ref=sr_1_294?dib=eyJ2IjoiMSJ9.3UmnT1kGFfu8noF99Ehfvn8_OwLRbeGx-nU7CBcMlcIUWrWn_JcrvtLyIvpPRuDheBMuQt-YQjCY_e1Ww9hfZ_SS2CEkfA741wwiwClRhGe9EfxAXV5kAznevqCyi5kmCcW_xAencCgeJRbm3fkgHR1IgM3qoYeSRQjya5dzINM.AVZjZeV5Av7Vlt4f47LVXc0fW0UI04zYfMI1el2e_jA&dib_tag=se&m=A3SFQLVXY8GUH2&marketplaceID=A39IBJ37TRP1C6&qid=1774740354&refinements=p_36%3A15500-16000&s=merchant-items&sr=1-294&xpid=TFdhnNZBnbxxK#customerReviews,Gundam MSIA Gundam Throne Eins Extended Ver Figure
B000ZH6X9K,,158.28,https://www.amazon.com.au/Williams-Penthouse-Italy-Keegan-japan/dp/B000ZH6X9K/ref=sr_1_295?dib=eyJ2IjoiMSJ9.3UmnT1kGFfu8noF99Ehfvn8_OwLRbeGx-nU7CBcMlcIUWrWn_JcrvtLyIvpPRuDheBMuQt-YQjCY_e1Ww9hfZ_SS2CEkfA741wwiwClRhGe9EfxAXV5kAznevqCyi5kmCcW_xAencCgeJRbm3fkgHR1IgM3qoYeSRQjya5dzINM.AVZjZeV5Av7Vlt4f47LVXc0fW0UI04zYfMI1el2e_jA&dib_tag=se&m=A3SFQLVXY8GUH2&marketplaceID=A39IBJ37TRP1C6&qid=1774740354&refinements=p_36%3A15500-16000&s=merchant-items&sr=1-295&xpid=TFdhnNZBnbxxK,PMA 1/43 Williams FW07 Penthouse 1980 Italy GP # 50 R. Keegan (japan import)
B000ZH6X9K,,,,
B000P3ZJ62,,158.18,https://www.amazon.com.au/Collective-File-DX-Naruto-Weapons/dp/B000P3ZJ62/ref=sr_1_296?dib=eyJ2IjoiMSJ9.3UmnT1kGFfu8noF99Ehfvn8_OwLRbeGx-nU7CBcMlcIUWrWn_JcrvtLyIvpPRuDheBMuQt-YQjCY_e1Ww9hfZ_SS2CEkfA741wwiwClRhGe9EfxAXV5kAznevqCyi5kmCcW_xAencCgeJRbm3fkgHR1IgM3qoYeSRQjya5dzINM.AVZjZeV5Av7Vlt4f47LVXc0fW0UI04zYfMI1el2e_jA&dib_tag=se&m=A3SFQLVXY8GUH2&marketplaceID=A39IBJ37TRP1C6&qid=1774740354&refinements=p_36%3A15500-16000&s=merchant-items&sr=1-296&xpid=TFdhnNZBnbxxK#customerReviews,Collective File DX - Naruto / Sakura Action Figure with Weapons
B000JMJYXS,,158.67,https://www.amazon.com.au/Gundam-FA-78-1-Action-Figure-Bandai/dp/B000JMJYXS/ref=sr_1_297?dib=eyJ2IjoiMSJ9.3UmnT1kGFfu8noF99Ehfvn8_OwLRbeGx-nU7CBcMlcIUWrWn_JcrvtLyIvpPRuDheBMuQt-YQjCY_e1Ww9hfZ_SS2CEkfA741wwiwClRhGe9EfxAXV5kAznevqCyi5kmCcW_xAencCgeJRbm3fkgHR1IgM3qoYeSRQjya5dzINM.AVZjZeV5Av7Vlt4f47LVXc0fW0UI04zYfMI1el2e_jA&dib_tag=se&m=A3SFQLVXY8GUH2&marketplaceID=A39IBJ37TRP1C6&qid=1774740354&refinements=p_36%3A15500-16000&s=merchant-items&sr=1-297&xpid=TFdhnNZBnbxxK#customerReviews,Gundam FIX 0001 FA-78-1 Full Armor Action Figure by Bandai
B0002YM3QS,,157.71,https://www.amazon.com.au/Saint-Seiya-Andromeda-cloth-figure/dp/B0002YM3QS/ref=sr_1_298?dib=eyJ2IjoiMSJ9.3UmnT1kGFfu8noF99Ehfvn8_OwLRbeGx-nU7CBcMlcIUWrWn_JcrvtLyIvpPRuDheBMuQt-YQjCY_e1Ww9hfZ_SS2CEkfA741wwiwClRhGe9EfxAXV5kAznevqCyi5kmCcW_xAencCgeJRbm3fkgHR1IgM3qoYeSRQjya5dzINM.AVZjZeV5Av7Vlt4f47LVXc0fW0UI04zYfMI1el2e_jA&dib_tag=se&m=A3SFQLVXY8GUH2&marketplaceID=A39IBJ37TRP1C6&qid=1774740354&refinements=p_36%3A15500-16000&s=merchant-items&sr=1-298&xpid=TFdhnNZBnbxxK#customerReviews,Saint Seiya Andromeda Shun myth cloth v2 figure
B0002U3FWS,,157.79,https://www.amazon.com.au/BANDAI-ZEONOGRAPHY-3003-Zaku-Ramba-Ral/dp/B0002U3FWS/ref=sr_1_299?dib=eyJ2IjoiMSJ9.3UmnT1kGFfu8noF99Ehfvn8_OwLRbeGx-nU7CBcMlcIUWrWn_JcrvtLyIvpPRuDheBMuQt-YQjCY_e1Ww9hfZ_SS2CEkfA741wwiwClRhGe9EfxAXV5kAznevqCyi5kmCcW_xAencCgeJRbm3fkgHR1IgM3qoYeSRQjya5dzINM.AVZjZeV5Av7Vlt4f47LVXc0fW0UI04zYfMI1el2e_jA&dib_tag=se&m=A3SFQLVXY8GUH2&marketplaceID=A39IBJ37TRP1C6&qid=1774740354&refinements=p_36%3A15500-16000&s=merchant-items&sr=1-299&xpid=TFdhnNZBnbxxK#customerReviews,ZEONOGRAPHY 3003.Zaku Ramba Ral
B086TCHW6J,,155.8,https://www.amazon.com.au/Topeak-Unisex-Adult-TourGuide-Handlebar/dp/B086TCHW6J/ref=sr_1_305?dib=eyJ2IjoiMSJ9.zTBgo6Hf3Apphe6ioaQ9p_rQAmv6tu9TwLsJ3mtQxuY.Xyzb0RR_Y_9zwGAjEWeQgjULlobGkNEXO0wCS_-zclU&dib_tag=se&m=A3SFQLVXY8GUH2&marketplaceID=A39IBJ37TRP1C6&qid=1774740360&refinements=p_36%3A15500-16000&s=merchant-items&sr=1-305&xpid=TFdhnNZBnbxxK#customerReviews,"Topeak Tourguide Bicycle Handlebar Bag, 5 Litre Capacity, Black"
B086TCHW6J,,,,
B0C5372N8S,,155.0,https://www.amazon.com.au/Prox-PX3352LL-Teflon-Polyester-Wader/dp/B0C5372N8S/ref=sr_1_306?dib=eyJ2IjoiMSJ9.zTBgo6Hf3Apphe6ioaQ9p_rQAmv6tu9TwLsJ3mtQxuY.Xyzb0RR_Y_9zwGAjEWeQgjULlobGkNEXO0wCS_-zclU&dib_tag=se&m=A3SFQLVXY8GUH2&marketplaceID=A39IBJ37TRP1C6&qid=1774740360&refinements=p_36%3A15500-16000&s=merchant-items&sr=1-306&xpid=TFdhnNZBnbxxK#customerReviews,"Prox Teflon Polyester Wader, Non-Breathable Teflon Water Repellent Treatment, Ripstop Fabric; Sizes: 3S/SS/S/M/L/LL/3L/4L/5L/6L; Sole Type: Felt/Radial/Felt Spikes"
B0C5372N8S,,,,
