ASIN,Brand,Price,URL,Title
4916055748,Hardcover,176.55,https://www.amazon.sg/Self-Defense-Forces-Postwar-Politics-Japan/dp/4916055748/ref=sr_1_1?dib=eyJ2IjoiMSJ9.7GxY4JkAKAI1rAIhm6SWtCSrOoLfly2C-kS1rW9uO12yq7NpIyrf6sFCMRxg56ah6t2RJ1LvgUbCn6rGF5541FAs-KpJjBLirk7xMM_WMqLe2sR5kFvHi9elvobILfwmod1nZy6avh55CU2RB2KPCVS3Exoyn_9_7FbJVGhOPKpYEwKhOdDWPYP4v-Kdq-pK0f_yiM8iWBnFFCxiFTey79_eKFqTPgXIvEZQuZ12dKk.v9rWS0cVv0YEgcam403BEWOh-AJwWf2WKeY0mpiCULA&dib_tag=se&m=A3UEK3VBJ6ADB7&marketplaceID=A19VAU5U5O7RUS&qid=1776496789&refinements=p_36%3A17500-18000&s=merchant-items&sr=1-1#customerReviews,The Self-Defense Forces and Postwar Politics in Japan
4916055748,,,,
4909185089,Comic,175.76,https://www.amazon.sg/%E5%B9%BB%E5%A6%96%E9%A4%A8%E3%81%AB%E3%82%88%E3%81%86%E3%81%93%E3%81%9D-%E3%83%97%E3%83%AC%E3%83%9F%E3%82%A2%E3%83%A0%E7%89%88/dp/4909185089/ref=sr_1_2?dib=eyJ2IjoiMSJ9.7GxY4JkAKAI1rAIhm6SWtCSrOoLfly2C-kS1rW9uO12yq7NpIyrf6sFCMRxg56ah6t2RJ1LvgUbCn6rGF5541FAs-KpJjBLirk7xMM_WMqLe2sR5kFvHi9elvobILfwmod1nZy6avh55CU2RB2KPCVS3Exoyn_9_7FbJVGhOPKpYEwKhOdDWPYP4v-Kdq-pK0f_yiM8iWBnFFCxiFTey79_eKFqTPgXIvEZQuZ12dKk.v9rWS0cVv0YEgcam403BEWOh-AJwWf2WKeY0mpiCULA&dib_tag=se&m=A3UEK3VBJ6ADB7&marketplaceID=A19VAU5U5O7RUS&qid=1776496789&refinements=p_36%3A17500-18000&s=merchant-items&sr=1-2#customerReviews,幻妖館にようこそ プレミアム版
4909185089,,,,
4904224221,Tankobon Hardcover,176.89,https://www.amazon.sg/%E3%80%8C%E8%A9%B3%E8%A7%A3%E3%80%8D%E9%87%9D%E7%81%B8%E8%A6%81%E7%A9%B4%E8%BE%9E%E5%85%B8/dp/4904224221/ref=sr_1_3?dib=eyJ2IjoiMSJ9.7GxY4JkAKAI1rAIhm6SWtCSrOoLfly2C-kS1rW9uO12yq7NpIyrf6sFCMRxg56ah6t2RJ1LvgUbCn6rGF5541FAs-KpJjBLirk7xMM_WMqLe2sR5kFvHi9elvobILfwmod1nZy6avh55CU2RB2KPCVS3Exoyn_9_7FbJVGhOPKpYEwKhOdDWPYP4v-Kdq-pK0f_yiM8iWBnFFCxiFTey79_eKFqTPgXIvEZQuZ12dKk.v9rWS0cVv0YEgcam403BEWOh-AJwWf2WKeY0mpiCULA&dib_tag=se&m=A3UEK3VBJ6ADB7&marketplaceID=A19VAU5U5O7RUS&qid=1776496789&refinements=p_36%3A17500-18000&s=merchant-items&sr=1-3#customerReviews,「詳解」針灸要穴辞典
4904224221,,,,
4899991053,Sheet music,179.9,https://www.amazon.sg/%E3%83%90%E3%83%B3%E3%83%89%E3%82%B9%E3%82%B3%E3%82%A2-%E3%82%B0%E3%83%83%E3%83%89%E3%82%B7%E3%83%A3%E3%83%BC%E3%83%AD%E3%83%83%E3%83%88-GOOD-CHARLOTTE/dp/4899991053/ref=sr_1_4?dib=eyJ2IjoiMSJ9.7GxY4JkAKAI1rAIhm6SWtCSrOoLfly2C-kS1rW9uO12yq7NpIyrf6sFCMRxg56ah6t2RJ1LvgUbCn6rGF5541FAs-KpJjBLirk7xMM_WMqLe2sR5kFvHi9elvobILfwmod1nZy6avh55CU2RB2KPCVS3Exoyn_9_7FbJVGhOPKpYEwKhOdDWPYP4v-Kdq-pK0f_yiM8iWBnFFCxiFTey79_eKFqTPgXIvEZQuZ12dKk.v9rWS0cVv0YEgcam403BEWOh-AJwWf2WKeY0mpiCULA&dib_tag=se&m=A3UEK3VBJ6ADB7&marketplaceID=A19VAU5U5O7RUS&qid=1776496789&refinements=p_36%3A17500-18000&s=merchant-items&sr=1-4#customerReviews,バンドスコア グッドシャーロット/GOOD CHARLOTTE
4899991053,,,,
4886862411,Tankobon Hardcover,175.7,https://www.amazon.sg/%E9%9B%BB%E6%B0%97%E8%A8%AD%E5%82%99%E3%81%AE%E8%A8%BA%E6%96%AD%E6%8A%80%E8%A1%93/dp/4886862411/ref=sr_1_5?dib=eyJ2IjoiMSJ9.7GxY4JkAKAI1rAIhm6SWtCSrOoLfly2C-kS1rW9uO12yq7NpIyrf6sFCMRxg56ah6t2RJ1LvgUbCn6rGF5541FAs-KpJjBLirk7xMM_WMqLe2sR5kFvHi9elvobILfwmod1nZy6avh55CU2RB2KPCVS3Exoyn_9_7FbJVGhOPKpYEwKhOdDWPYP4v-Kdq-pK0f_yiM8iWBnFFCxiFTey79_eKFqTPgXIvEZQuZ12dKk.v9rWS0cVv0YEgcam403BEWOh-AJwWf2WKeY0mpiCULA&dib_tag=se&m=A3UEK3VBJ6ADB7&marketplaceID=A19VAU5U5O7RUS&qid=1776496789&refinements=p_36%3A17500-18000&s=merchant-items&sr=1-5#customerReviews,電気設備の診断技術
4886862411,,,,
4886218296,Tankobon Hardcover,175.85,https://www.amazon.sg/%E9%BB%92%E6%9B%9C%E5%B2%A9%E8%A3%BD%E7%9F%B3%E5%99%A8%E3%81%AE%E5%AE%9F%E9%A8%93%E7%97%95%E8%B7%A1%E7%A0%94%E7%A9%B6/dp/4886218296/ref=sr_1_6?dib=eyJ2IjoiMSJ9.7GxY4JkAKAI1rAIhm6SWtCSrOoLfly2C-kS1rW9uO12yq7NpIyrf6sFCMRxg56ah6t2RJ1LvgUbCn6rGF5541FAs-KpJjBLirk7xMM_WMqLe2sR5kFvHi9elvobILfwmod1nZy6avh55CU2RB2KPCVS3Exoyn_9_7FbJVGhOPKpYEwKhOdDWPYP4v-Kdq-pK0f_yiM8iWBnFFCxiFTey79_eKFqTPgXIvEZQuZ12dKk.v9rWS0cVv0YEgcam403BEWOh-AJwWf2WKeY0mpiCULA&dib_tag=se&m=A3UEK3VBJ6ADB7&marketplaceID=A19VAU5U5O7RUS&qid=1776496789&refinements=p_36%3A17500-18000&s=merchant-items&sr=1-6,黒曜岩製石器の実験痕跡研究
4886218296,,,,
4885006686,Tankobon Hardcover,175.02,https://www.amazon.sg/%E3%82%AF%E3%82%A4%E3%83%83%E3%82%AF%E3%83%BB%E3%83%AA%E3%83%95%E3%82%A1%E3%83%AC%E3%83%B3%E3%82%B9-%E3%82%A4%E3%83%A9%E3%82%B9%E3%83%88%E3%81%A7%E3%82%8F%E3%81%8B%E3%82%8B%E7%8A%AC%E3%83%BB%E7%8C%AB%E3%81%AE%E8%87%A8%E5%BA%8A%E6%A4%9C%E6%9F%BB%E3%81%A8%E6%89%8B%E6%8A%80/dp/4885006686/ref=sr_1_7?dib=eyJ2IjoiMSJ9.7GxY4JkAKAI1rAIhm6SWtCSrOoLfly2C-kS1rW9uO12yq7NpIyrf6sFCMRxg56ah6t2RJ1LvgUbCn6rGF5541FAs-KpJjBLirk7xMM_WMqLe2sR5kFvHi9elvobILfwmod1nZy6avh55CU2RB2KPCVS3Exoyn_9_7FbJVGhOPKpYEwKhOdDWPYP4v-Kdq-pK0f_yiM8iWBnFFCxiFTey79_eKFqTPgXIvEZQuZ12dKk.v9rWS0cVv0YEgcam403BEWOh-AJwWf2WKeY0mpiCULA&dib_tag=se&m=A3UEK3VBJ6ADB7&marketplaceID=A19VAU5U5O7RUS&qid=1776496789&refinements=p_36%3A17500-18000&s=merchant-items&sr=1-7#customerReviews,クイック・リファレンス イラストでわかる犬・猫の臨床検査と手技
4885006686,,,,
4872424875,JP Oversized,176.5,https://www.amazon.sg/YOSHIDA-Hiroshi-Complete-Woodblock-Prints/dp/4872424875/ref=sr_1_8?dib=eyJ2IjoiMSJ9.7GxY4JkAKAI1rAIhm6SWtCSrOoLfly2C-kS1rW9uO12yq7NpIyrf6sFCMRxg56ah6t2RJ1LvgUbCn6rGF5541FAs-KpJjBLirk7xMM_WMqLe2sR5kFvHi9elvobILfwmod1nZy6avh55CU2RB2KPCVS3Exoyn_9_7FbJVGhOPKpYEwKhOdDWPYP4v-Kdq-pK0f_yiM8iWBnFFCxiFTey79_eKFqTPgXIvEZQuZ12dKk.v9rWS0cVv0YEgcam403BEWOh-AJwWf2WKeY0mpiCULA&dib_tag=se&m=A3UEK3VBJ6ADB7&marketplaceID=A19VAU5U5O7RUS&qid=1776496789&refinements=p_36%3A17500-18000&s=merchant-items&sr=1-8#customerReviews,吉田博 全木版画集 増補新版 YOSHIDA Hiroshi The Complete Woodblock Prints
4872424875,,,,
4838602359,Tankobon Hardcover,176.0,https://www.amazon.sg/%E6%97%A5%E6%9C%AC%E8%AA%9E%E8%A1%A8%E7%8F%BE%E6%B3%95%E3%81%AE%E7%A0%94%E7%A9%B6/dp/4838602359/ref=sr_1_9?dib=eyJ2IjoiMSJ9.7GxY4JkAKAI1rAIhm6SWtCSrOoLfly2C-kS1rW9uO12yq7NpIyrf6sFCMRxg56ah6t2RJ1LvgUbCn6rGF5541FAs-KpJjBLirk7xMM_WMqLe2sR5kFvHi9elvobILfwmod1nZy6avh55CU2RB2KPCVS3Exoyn_9_7FbJVGhOPKpYEwKhOdDWPYP4v-Kdq-pK0f_yiM8iWBnFFCxiFTey79_eKFqTPgXIvEZQuZ12dKk.v9rWS0cVv0YEgcam403BEWOh-AJwWf2WKeY0mpiCULA&dib_tag=se&m=A3UEK3VBJ6ADB7&marketplaceID=A19VAU5U5O7RUS&qid=1776496789&refinements=p_36%3A17500-18000&s=merchant-items&sr=1-9,日本語表現法の研究
4838602359,,,,
4805503041,Tankobon Hardcover,175.99,https://www.amazon.sg/%E8%81%96%E7%97%95%E5%8D%B0%E5%88%BB_%E3%82%B8%E3%83%A7%E3%83%83%E3%83%88%E3%81%AE%E5%BE%8C%E6%9C%9F%E5%A3%81%E7%94%BB%E3%82%92%E3%82%81%E3%81%90%E3%81%A3%E3%81%A6/dp/4805503041/ref=sr_1_10?dib=eyJ2IjoiMSJ9.7GxY4JkAKAI1rAIhm6SWtCSrOoLfly2C-kS1rW9uO12yq7NpIyrf6sFCMRxg56ah6t2RJ1LvgUbCn6rGF5541FAs-KpJjBLirk7xMM_WMqLe2sR5kFvHi9elvobILfwmod1nZy6avh55CU2RB2KPCVS3Exoyn_9_7FbJVGhOPKpYEwKhOdDWPYP4v-Kdq-pK0f_yiM8iWBnFFCxiFTey79_eKFqTPgXIvEZQuZ12dKk.v9rWS0cVv0YEgcam403BEWOh-AJwWf2WKeY0mpiCULA&dib_tag=se&m=A3UEK3VBJ6ADB7&marketplaceID=A19VAU5U5O7RUS&qid=1776496789&refinements=p_36%3A17500-18000&s=merchant-items&sr=1-10,聖痕印刻―ジョットの後期壁画をめぐって
4805503041,,,,
479230654X,Tankobon Hardcover,175.25,https://www.amazon.sg/%E4%BC%9D%E7%B5%B1%E4%B8%AD%E5%9B%BD%E3%81%A8%E8%BF%91%E4%BB%A3%E6%B3%95%E3%80%81%E4%BA%BA/dp/479230654X/ref=sr_1_11?dib=eyJ2IjoiMSJ9.7GxY4JkAKAI1rAIhm6SWtCSrOoLfly2C-kS1rW9uO12yq7NpIyrf6sFCMRxg56ah6t2RJ1LvgUbCn6rGF5541FAs-KpJjBLirk7xMM_WMqLe2sR5kFvHi9elvobILfwmod1nZy6avh55CU2RB2KPCVS3Exoyn_9_7FbJVGhOPKpYEwKhOdDWPYP4v-Kdq-pK0f_yiM8iWBnFFCxiFTey79_eKFqTPgXIvEZQuZ12dKk.v9rWS0cVv0YEgcam403BEWOh-AJwWf2WKeY0mpiCULA&dib_tag=se&m=A3UEK3VBJ6ADB7&marketplaceID=A19VAU5U5O7RUS&qid=1776496789&refinements=p_36%3A17500-18000&s=merchant-items&sr=1-11,伝統中国と近代法、人
479230654X,,,,
4785728280,Tankobon Hardcover,177.22,https://www.amazon.sg/%E3%82%B9%E3%82%BF%E3%83%BC%E3%83%88%E3%82%A2%E3%83%83%E3%83%97%E6%8A%95%E8%B3%87%E5%A5%91%E7%B4%84__%E3%83%A2%E3%83%87%E3%83%AB%E5%A5%91%E7%B4%84%E3%81%A8%E8%A7%A3%E8%AA%AC/dp/4785728280/ref=sr_1_12?dib=eyJ2IjoiMSJ9.7GxY4JkAKAI1rAIhm6SWtCSrOoLfly2C-kS1rW9uO12yq7NpIyrf6sFCMRxg56ah6t2RJ1LvgUbCn6rGF5541FAs-KpJjBLirk7xMM_WMqLe2sR5kFvHi9elvobILfwmod1nZy6avh55CU2RB2KPCVS3Exoyn_9_7FbJVGhOPKpYEwKhOdDWPYP4v-Kdq-pK0f_yiM8iWBnFFCxiFTey79_eKFqTPgXIvEZQuZ12dKk.v9rWS0cVv0YEgcam403BEWOh-AJwWf2WKeY0mpiCULA&dib_tag=se&m=A3UEK3VBJ6ADB7&marketplaceID=A19VAU5U5O7RUS&qid=1776496789&refinements=p_36%3A17500-18000&s=merchant-items&sr=1-12#customerReviews,スタートアップ投資契約――モデル契約と解説
4785728280,,,,
478572210X,Tankobon Hardcover,178.31,https://www.amazon.sg/%E4%BC%9A%E7%A4%BE%E6%B3%95%E3%82%B3%E3%83%B3%E3%83%A1%E3%83%B3%E3%82%BF%E3%83%BC%E3%83%AB-%E7%AC%AC9%E5%B7%BB-%E6%A9%9F%E9%96%A2%E3%80%883/dp/478572210X/ref=sr_1_13?dib=eyJ2IjoiMSJ9.7GxY4JkAKAI1rAIhm6SWtCSrOoLfly2C-kS1rW9uO12yq7NpIyrf6sFCMRxg56ah6t2RJ1LvgUbCn6rGF5541FAs-KpJjBLirk7xMM_WMqLe2sR5kFvHi9elvobILfwmod1nZy6avh55CU2RB2KPCVS3Exoyn_9_7FbJVGhOPKpYEwKhOdDWPYP4v-Kdq-pK0f_yiM8iWBnFFCxiFTey79_eKFqTPgXIvEZQuZ12dKk.v9rWS0cVv0YEgcam403BEWOh-AJwWf2WKeY0mpiCULA&dib_tag=se&m=A3UEK3VBJ6ADB7&marketplaceID=A19VAU5U5O7RUS&qid=1776496789&refinements=p_36%3A17500-18000&s=merchant-items&sr=1-13,会社法コンメンタール 第9巻 機関〈3)
478572210X,,,,
4642037950,Tankobon Hardcover,177.14,https://www.amazon.sg/%E6%BA%80%E6%B4%B2%E7%B4%B3%E5%A3%AB%E9%8C%B2%E3%81%AE%E7%A0%94%E7%A9%B6/dp/4642037950/ref=sr_1_14?dib=eyJ2IjoiMSJ9.7GxY4JkAKAI1rAIhm6SWtCSrOoLfly2C-kS1rW9uO12yq7NpIyrf6sFCMRxg56ah6t2RJ1LvgUbCn6rGF5541FAs-KpJjBLirk7xMM_WMqLe2sR5kFvHi9elvobILfwmod1nZy6avh55CU2RB2KPCVS3Exoyn_9_7FbJVGhOPKpYEwKhOdDWPYP4v-Kdq-pK0f_yiM8iWBnFFCxiFTey79_eKFqTPgXIvEZQuZ12dKk.v9rWS0cVv0YEgcam403BEWOh-AJwWf2WKeY0mpiCULA&dib_tag=se&m=A3UEK3VBJ6ADB7&marketplaceID=A19VAU5U5O7RUS&qid=1776496789&refinements=p_36%3A17500-18000&s=merchant-items&sr=1-14,満洲紳士録の研究
4642037950,,,,
4535559821,Tankobon Hardcover,184.25,https://www.amazon.sg/%E8%B6%8A%E5%A2%83%E3%81%99%E3%82%8B%E4%BB%8B%E8%AD%B7%E6%94%BF%E7%AD%96-%E6%97%A5%E6%9C%AC%E3%81%A8%E3%83%89%E3%82%A4%E3%83%84%E3%81%AE%E4%BB%8B%E8%AD%B7%E4%BF%9D%E9%9A%9C%E3%82%B7%E3%82%B9%E3%83%86%E3%83%A0%E3%81%AE%E6%A4%9C%E8%A8%BC/dp/4535559821/ref=sr_1_15?dib=eyJ2IjoiMSJ9.7GxY4JkAKAI1rAIhm6SWtCSrOoLfly2C-kS1rW9uO12yq7NpIyrf6sFCMRxg56ah6t2RJ1LvgUbCn6rGF5541FAs-KpJjBLirk7xMM_WMqLe2sR5kFvHi9elvobILfwmod1nZy6avh55CU2RB2KPCVS3Exoyn_9_7FbJVGhOPKpYEwKhOdDWPYP4v-Kdq-pK0f_yiM8iWBnFFCxiFTey79_eKFqTPgXIvEZQuZ12dKk.v9rWS0cVv0YEgcam403BEWOh-AJwWf2WKeY0mpiCULA&dib_tag=se&m=A3UEK3VBJ6ADB7&marketplaceID=A19VAU5U5O7RUS&qid=1776496789&refinements=p_36%3A17500-18000&s=merchant-items&sr=1-15,越境する介護政策 日本とドイツの介護保障システムの検証
4535559821,,,,
4425313046,Tankobon Hardcover,177.15,https://www.amazon.sg/%E8%A8%AD%E5%95%8F%E5%BC%8F-%E5%AE%9A%E6%9C%9F%E5%82%AD%E8%88%B9%E5%A5%91%E7%B4%84%E3%81%AE%E8%A7%A3%E8%AA%AC-%E6%96%B0%E8%A8%82%E7%89%88/dp/4425313046/ref=sr_1_16?dib=eyJ2IjoiMSJ9.7GxY4JkAKAI1rAIhm6SWtCSrOoLfly2C-kS1rW9uO12yq7NpIyrf6sFCMRxg56ah6t2RJ1LvgUbCn6rGF5541FAs-KpJjBLirk7xMM_WMqLe2sR5kFvHi9elvobILfwmod1nZy6avh55CU2RB2KPCVS3Exoyn_9_7FbJVGhOPKpYEwKhOdDWPYP4v-Kdq-pK0f_yiM8iWBnFFCxiFTey79_eKFqTPgXIvEZQuZ12dKk.v9rWS0cVv0YEgcam403BEWOh-AJwWf2WKeY0mpiCULA&dib_tag=se&m=A3UEK3VBJ6ADB7&marketplaceID=A19VAU5U5O7RUS&qid=1776496789&refinements=p_36%3A17500-18000&s=merchant-items&sr=1-16#customerReviews,設問式 定期傭船契約の解説(新訂版)
4425313046,,,,
4393424565,Tankobon Hardcover,179.32,https://www.amazon.sg/%E5%A4%96%E4%BA%BA%E3%81%AE%E8%A6%8B%E3%81%9F%E5%B9%95%E6%9C%AB%E3%83%BB%E6%98%8E%E6%B2%BB%E5%88%9D%E6%9C%9F-%E6%97%A5%E6%9C%AC%E5%9B%B3%E4%BC%9A-%E7%94%9F%E6%B4%BB%E3%83%BB%E6%8A%80%E8%A1%93%E7%AF%87/dp/4393424565/ref=sr_1_17?dib=eyJ2IjoiMSJ9.LW68FSpT8u61sxvfpVROAKFwcy8uSN4ZV94q_5g-nQItFaGzPOB42BKiC3k5odpRwIgwKvW4hHKCoCcW22EJk7zhaF0MUSRGP1ukFIjZAaLUWlfRO5HVPlVAgY_Kms9tx65Vs3oNNsub3chjne11yprz7KDUmAYG99JA5-BCb2e7QxPUzdytYX7l5-S410g8l7giEDIu1OhZiGeydKSZlSOnSIlNbq4-oHw0FGafg3o.nmidQAbYNZkuj9EivzV6ebxUKs4YEhAwcIdnKGxhAYs&dib_tag=se&m=A3UEK3VBJ6ADB7&marketplaceID=A19VAU5U5O7RUS&qid=1776496796&refinements=p_36%3A17500-18000&s=merchant-items&sr=1-17&xpid=JMQsO61hn7ubk,外人の見た幕末・明治初期 日本図会(生活・技術篇)
4393424565,,,,
4047291803,Tankobon Hardcover,175.15,https://www.amazon.sg/%E3%83%88%E3%83%BC%E3%82%AD%E3%83%A7%E3%83%BCN%E2%97%8EVA-AXLERATION-%E3%83%AD%E3%82%B0%E3%82%A4%E3%83%B3%E3%83%86%E3%83%BC%E3%83%96%E3%83%AB%E3%83%88%E3%83%BC%E3%82%AFRPG%E3%82%B7%E3%83%AA%E3%83%BC%E3%82%BA-%E9%88%B4%E5%90%B9%E5%A4%AA%E9%83%8E/dp/4047291803/ref=sr_1_18?dib=eyJ2IjoiMSJ9.LW68FSpT8u61sxvfpVROAKFwcy8uSN4ZV94q_5g-nQItFaGzPOB42BKiC3k5odpRwIgwKvW4hHKCoCcW22EJk7zhaF0MUSRGP1ukFIjZAaLUWlfRO5HVPlVAgY_Kms9tx65Vs3oNNsub3chjne11yprz7KDUmAYG99JA5-BCb2e7QxPUzdytYX7l5-S410g8l7giEDIu1OhZiGeydKSZlSOnSIlNbq4-oHw0FGafg3o.nmidQAbYNZkuj9EivzV6ebxUKs4YEhAwcIdnKGxhAYs&dib_tag=se&m=A3UEK3VBJ6ADB7&marketplaceID=A19VAU5U5O7RUS&qid=1776496796&refinements=p_36%3A17500-18000&s=merchant-items&sr=1-18&xpid=JMQsO61hn7ubk#customerReviews,トーキョーN◎VA THE AXLERATION (ログインテーブルトークRPGシリーズ)
4047291803,,,,
2732491454,Paperback,175.6,https://www.amazon.sg/Louis-Fun%C3%A8s-%C3%A0-folie/dp/2732491454/ref=sr_1_19?dib=eyJ2IjoiMSJ9.LW68FSpT8u61sxvfpVROAKFwcy8uSN4ZV94q_5g-nQItFaGzPOB42BKiC3k5odpRwIgwKvW4hHKCoCcW22EJk7zhaF0MUSRGP1ukFIjZAaLUWlfRO5HVPlVAgY_Kms9tx65Vs3oNNsub3chjne11yprz7KDUmAYG99JA5-BCb2e7QxPUzdytYX7l5-S410g8l7giEDIu1OhZiGeydKSZlSOnSIlNbq4-oHw0FGafg3o.nmidQAbYNZkuj9EivzV6ebxUKs4YEhAwcIdnKGxhAYs&dib_tag=se&m=A3UEK3VBJ6ADB7&marketplaceID=A19VAU5U5O7RUS&qid=1776496796&refinements=p_36%3A17500-18000&s=merchant-items&sr=1-19&xpid=JMQsO61hn7ubk#customerReviews,"Louis de Funès, à la folie"
2732491454,,,,
2382400226,Paperback,175.55,https://www.amazon.sg/savoirs-sorci%C3%A8re-c%C3%A9l%C3%A9brations-sortil%C3%A8ges-cristaux/dp/2382400226/ref=sr_1_20?dib=eyJ2IjoiMSJ9.LW68FSpT8u61sxvfpVROAKFwcy8uSN4ZV94q_5g-nQItFaGzPOB42BKiC3k5odpRwIgwKvW4hHKCoCcW22EJk7zhaF0MUSRGP1ukFIjZAaLUWlfRO5HVPlVAgY_Kms9tx65Vs3oNNsub3chjne11yprz7KDUmAYG99JA5-BCb2e7QxPUzdytYX7l5-S410g8l7giEDIu1OhZiGeydKSZlSOnSIlNbq4-oHw0FGafg3o.nmidQAbYNZkuj9EivzV6ebxUKs4YEhAwcIdnKGxhAYs&dib_tag=se&m=A3UEK3VBJ6ADB7&marketplaceID=A19VAU5U5O7RUS&qid=1776496796&refinements=p_36%3A17500-18000&s=merchant-items&sr=1-20&xpid=JMQsO61hn7ubk#customerReviews,"Traité des usages et savoirs de sorcière. Rituels, célébrations, sortilèges, cristaux, plantes, divi"
2382400226,,,,
2365262988,Paperback,176.61,https://www.amazon.sg/365-jours-d%C3%A9clarations-pri%C3%A8res-inspir%C3%A9es/dp/2365262988/ref=sr_1_21?dib=eyJ2IjoiMSJ9.LW68FSpT8u61sxvfpVROAKFwcy8uSN4ZV94q_5g-nQItFaGzPOB42BKiC3k5odpRwIgwKvW4hHKCoCcW22EJk7zhaF0MUSRGP1ukFIjZAaLUWlfRO5HVPlVAgY_Kms9tx65Vs3oNNsub3chjne11yprz7KDUmAYG99JA5-BCb2e7QxPUzdytYX7l5-S410g8l7giEDIu1OhZiGeydKSZlSOnSIlNbq4-oHw0FGafg3o.nmidQAbYNZkuj9EivzV6ebxUKs4YEhAwcIdnKGxhAYs&dib_tag=se&m=A3UEK3VBJ6ADB7&marketplaceID=A19VAU5U5O7RUS&qid=1776496796&refinements=p_36%3A17500-18000&s=merchant-items&sr=1-21&xpid=JMQsO61hn7ubk#customerReviews,365 jours de déclarations et de prières inspirées
2365262988,,,,
2021420574,Hardcover,178.81,https://www.amazon.sg/Jaune-Histoire-couleur-Michel-Pastoureau/dp/2021420574/ref=sr_1_22?dib=eyJ2IjoiMSJ9.LW68FSpT8u61sxvfpVROAKFwcy8uSN4ZV94q_5g-nQItFaGzPOB42BKiC3k5odpRwIgwKvW4hHKCoCcW22EJk7zhaF0MUSRGP1ukFIjZAaLUWlfRO5HVPlVAgY_Kms9tx65Vs3oNNsub3chjne11yprz7KDUmAYG99JA5-BCb2e7QxPUzdytYX7l5-S410g8l7giEDIu1OhZiGeydKSZlSOnSIlNbq4-oHw0FGafg3o.nmidQAbYNZkuj9EivzV6ebxUKs4YEhAwcIdnKGxhAYs&dib_tag=se&m=A3UEK3VBJ6ADB7&marketplaceID=A19VAU5U5O7RUS&qid=1776496796&refinements=p_36%3A17500-18000&s=merchant-items&sr=1-22&xpid=JMQsO61hn7ubk#customerReviews,Jaune: Histoire d'une couleur
2021420574,,,,
B009OZTLD4,,184.38,https://www.amazon.sg/Porter-052-02207-Current-Card-Black/dp/B009OZTLD4/ref=sr_1_23?dib=eyJ2IjoiMSJ9.LW68FSpT8u61sxvfpVROAKFwcy8uSN4ZV94q_5g-nQItFaGzPOB42BKiC3k5odpRwIgwKvW4hHKCoCcW22EJk7zhaF0MUSRGP1ukFIjZAaLUWlfRO5HVPlVAgY_Kms9tx65Vs3oNNsub3chjne11yprz7KDUmAYG99JA5-BCb2e7QxPUzdytYX7l5-S410g8l7giEDIu1OhZiGeydKSZlSOnSIlNbq4-oHw0FGafg3o.nmidQAbYNZkuj9EivzV6ebxUKs4YEhAwcIdnKGxhAYs&dib_tag=se&m=A3UEK3VBJ6ADB7&marketplaceID=A19VAU5U5O7RUS&qid=1776496796&refinements=p_36%3A17500-18000&s=merchant-items&sr=1-23&xpid=JMQsO61hn7ubk#customerReviews,Porter 052-02207 Current Card Case
B009OZTLD4,,,,
B07W5RRDZP,,193.81,https://www.amazon.sg/GOSEN-Badminton-Racket-INFERNO-BRIFLT/dp/B07W5RRDZP/ref=sr_1_24?dib=eyJ2IjoiMSJ9.LW68FSpT8u61sxvfpVROAKFwcy8uSN4ZV94q_5g-nQItFaGzPOB42BKiC3k5odpRwIgwKvW4hHKCoCcW22EJk7zhaF0MUSRGP1ukFIjZAaLUWlfRO5HVPlVAgY_Kms9tx65Vs3oNNsub3chjne11yprz7KDUmAYG99JA5-BCb2e7QxPUzdytYX7l5-S410g8l7giEDIu1OhZiGeydKSZlSOnSIlNbq4-oHw0FGafg3o.nmidQAbYNZkuj9EivzV6ebxUKs4YEhAwcIdnKGxhAYs&dib_tag=se&m=A3UEK3VBJ6ADB7&marketplaceID=A19VAU5U5O7RUS&qid=1776496796&refinements=p_36%3A17500-18000&s=merchant-items&sr=1-24&xpid=JMQsO61hn7ubk#customerReviews,Gosen Inferno Light BRIFLTWH6M Badminton Unstretched Racquet: White GOSEN
B07W5RRDZP,,,,
B0CP8WCXBJ,,175.43,https://www.amazon.sg/10-1873-N-Gauge-Bedside-Railroad-Passenger/dp/B0CP8WCXBJ/ref=sr_1_25?dib=eyJ2IjoiMSJ9.LW68FSpT8u61sxvfpVROAKFwcy8uSN4ZV94q_5g-nQItFaGzPOB42BKiC3k5odpRwIgwKvW4hHKCoCcW22EJk7zhaF0MUSRGP1ukFIjZAaLUWlfRO5HVPlVAgY_Kms9tx65Vs3oNNsub3chjne11yprz7KDUmAYG99JA5-BCb2e7QxPUzdytYX7l5-S410g8l7giEDIu1OhZiGeydKSZlSOnSIlNbq4-oHw0FGafg3o.nmidQAbYNZkuj9EivzV6ebxUKs4YEhAwcIdnKGxhAYs&dib_tag=se&m=A3UEK3VBJ6ADB7&marketplaceID=A19VAU5U5O7RUS&qid=1776496796&refinements=p_36%3A17500-18000&s=merchant-items&sr=1-25&xpid=JMQsO61hn7ubk#customerReviews,"KATO 10-1873 N-Gauge 20 Series Bedside Express Sakura, 8-Car Set, Railroad Model, Passenger Train"
B0CP8WCXBJ,,,,
B0CHHB45PQ,Not Machine Specific,178.45,https://www.amazon.sg/TAMASHII-NATIONS-Dragonball-Figuarts-Exclusive/dp/B0CHHB45PQ/ref=sr_1_26?dib=eyJ2IjoiMSJ9.LW68FSpT8u61sxvfpVROAKFwcy8uSN4ZV94q_5g-nQItFaGzPOB42BKiC3k5odpRwIgwKvW4hHKCoCcW22EJk7zhaF0MUSRGP1ukFIjZAaLUWlfRO5HVPlVAgY_Kms9tx65Vs3oNNsub3chjne11yprz7KDUmAYG99JA5-BCb2e7QxPUzdytYX7l5-S410g8l7giEDIu1OhZiGeydKSZlSOnSIlNbq4-oHw0FGafg3o.nmidQAbYNZkuj9EivzV6ebxUKs4YEhAwcIdnKGxhAYs&dib_tag=se&m=A3UEK3VBJ6ADB7&marketplaceID=A19VAU5U5O7RUS&qid=1776496796&refinements=p_36%3A17500-18000&s=merchant-items&sr=1-26&xpid=JMQsO61hn7ubk#customerReviews,TAMASHII NATIONS Dragonball Z 6 Inch Action Figure S.H. Figuarts Exclusive - Mecha Frieza
B0BT1MVSYB,,175.81,https://www.amazon.sg/SHIRO-Perfume-Diffuser-Glass-Base/dp/B0BT1MVSYB/ref=sr_1_27?dib=eyJ2IjoiMSJ9.LW68FSpT8u61sxvfpVROAKFwcy8uSN4ZV94q_5g-nQItFaGzPOB42BKiC3k5odpRwIgwKvW4hHKCoCcW22EJk7zhaF0MUSRGP1ukFIjZAaLUWlfRO5HVPlVAgY_Kms9tx65Vs3oNNsub3chjne11yprz7KDUmAYG99JA5-BCb2e7QxPUzdytYX7l5-S410g8l7giEDIu1OhZiGeydKSZlSOnSIlNbq4-oHw0FGafg3o.nmidQAbYNZkuj9EivzV6ebxUKs4YEhAwcIdnKGxhAYs&dib_tag=se&m=A3UEK3VBJ6ADB7&marketplaceID=A19VAU5U5O7RUS&qid=1776496796&refinements=p_36%3A17500-18000&s=merchant-items&sr=1-27&xpid=JMQsO61hn7ubk#customerReviews,SHIRO Perfume Diffuser Glass Base
B0BT1MVSYB,,,,
B09P545LRZ,,175.69,https://www.amazon.sg/10-1738-Gauge-80000-Number-14-Car/dp/B09P545LRZ/ref=sr_1_28?dib=eyJ2IjoiMSJ9.LW68FSpT8u61sxvfpVROAKFwcy8uSN4ZV94q_5g-nQItFaGzPOB42BKiC3k5odpRwIgwKvW4hHKCoCcW22EJk7zhaF0MUSRGP1ukFIjZAaLUWlfRO5HVPlVAgY_Kms9tx65Vs3oNNsub3chjne11yprz7KDUmAYG99JA5-BCb2e7QxPUzdytYX7l5-S410g8l7giEDIu1OhZiGeydKSZlSOnSIlNbq4-oHw0FGafg3o.nmidQAbYNZkuj9EivzV6ebxUKs4YEhAwcIdnKGxhAYs&dib_tag=se&m=A3UEK3VBJ6ADB7&marketplaceID=A19VAU5U5O7RUS&qid=1776496796&refinements=p_36%3A17500-18000&s=merchant-items&sr=1-28&xpid=JMQsO61hn7ubk#customerReviews,KATO 10-1738 N Gauge Wham 80000 28000 Number 14-Car Set
B09P545LRZ,,,,
B08YQYCDLJ,,177.62,https://www.amazon.sg/FCS-MF-Tri-Fin-Set-Black-Olive/dp/B08YQYCDLJ/ref=sr_1_29?dib=eyJ2IjoiMSJ9.LW68FSpT8u61sxvfpVROAKFwcy8uSN4ZV94q_5g-nQItFaGzPOB42BKiC3k5odpRwIgwKvW4hHKCoCcW22EJk7zhaF0MUSRGP1ukFIjZAaLUWlfRO5HVPlVAgY_Kms9tx65Vs3oNNsub3chjne11yprz7KDUmAYG99JA5-BCb2e7QxPUzdytYX7l5-S410g8l7giEDIu1OhZiGeydKSZlSOnSIlNbq4-oHw0FGafg3o.nmidQAbYNZkuj9EivzV6ebxUKs4YEhAwcIdnKGxhAYs&dib_tag=se&m=A3UEK3VBJ6ADB7&marketplaceID=A19VAU5U5O7RUS&qid=1776496796&refinements=p_36%3A17500-18000&s=merchant-items&sr=1-29&xpid=JMQsO61hn7ubk,FCS 2 MF PC Tri-Fin Set Black-Olive L
B08YQYCDLJ,,,,
B0CN1HPV41,,175.77,https://www.amazon.sg/Prologo-Tirox-Saddle-Black-147mm/dp/B0CN1HPV41/ref=sr_1_30?dib=eyJ2IjoiMSJ9.LW68FSpT8u61sxvfpVROAKFwcy8uSN4ZV94q_5g-nQItFaGzPOB42BKiC3k5odpRwIgwKvW4hHKCoCcW22EJk7zhaF0MUSRGP1ukFIjZAaLUWlfRO5HVPlVAgY_Kms9tx65Vs3oNNsub3chjne11yprz7KDUmAYG99JA5-BCb2e7QxPUzdytYX7l5-S410g8l7giEDIu1OhZiGeydKSZlSOnSIlNbq4-oHw0FGafg3o.nmidQAbYNZkuj9EivzV6ebxUKs4YEhAwcIdnKGxhAYs&dib_tag=se&m=A3UEK3VBJ6ADB7&marketplaceID=A19VAU5U5O7RUS&qid=1776496796&refinements=p_36%3A17500-18000&s=merchant-items&sr=1-30&xpid=JMQsO61hn7ubk#customerReviews,Prologo Nago R4 Pas Tirox Road Bike Saddle
B0CN1HPV41,,,,
B07N6PMH3T,,186.62,https://www.amazon.sg/Socket-Mobile-Charging-Stand-Scans/dp/B07N6PMH3T/ref=sr_1_31?dib=eyJ2IjoiMSJ9.LW68FSpT8u61sxvfpVROAKFwcy8uSN4ZV94q_5g-nQItFaGzPOB42BKiC3k5odpRwIgwKvW4hHKCoCcW22EJk7zhaF0MUSRGP1ukFIjZAaLUWlfRO5HVPlVAgY_Kms9tx65Vs3oNNsub3chjne11yprz7KDUmAYG99JA5-BCb2e7QxPUzdytYX7l5-S410g8l7giEDIu1OhZiGeydKSZlSOnSIlNbq4-oHw0FGafg3o.nmidQAbYNZkuj9EivzV6ebxUKs4YEhAwcIdnKGxhAYs&dib_tag=se&m=A3UEK3VBJ6ADB7&marketplaceID=A19VAU5U5O7RUS&qid=1776496796&refinements=p_36%3A17500-18000&s=merchant-items&sr=1-31&xpid=JMQsO61hn7ubk#customerReviews,Socket Mobile Charging Stand for 7/600/700 Series Scans
B07N6PMH3T,,,,
B08VHWJ23G,,179.02,https://www.amazon.sg/KCNC-Titanium-Bicycle-Cycling-KSC03-001/dp/B08VHWJ23G/ref=sr_1_32?dib=eyJ2IjoiMSJ9.LW68FSpT8u61sxvfpVROAKFwcy8uSN4ZV94q_5g-nQItFaGzPOB42BKiC3k5odpRwIgwKvW4hHKCoCcW22EJk7zhaF0MUSRGP1ukFIjZAaLUWlfRO5HVPlVAgY_Kms9tx65Vs3oNNsub3chjne11yprz7KDUmAYG99JA5-BCb2e7QxPUzdytYX7l5-S410g8l7giEDIu1OhZiGeydKSZlSOnSIlNbq4-oHw0FGafg3o.nmidQAbYNZkuj9EivzV6ebxUKs4YEhAwcIdnKGxhAYs&dib_tag=se&m=A3UEK3VBJ6ADB7&marketplaceID=A19VAU5U5O7RUS&qid=1776496796&refinements=p_36%3A17500-18000&s=merchant-items&sr=1-32&xpid=JMQsO61hn7ubk#customerReviews,"KCNC Tiwer Titanium Bicycle Cycling Shifter Wire Cable w/Nano Teflon Coating, KSC03-001, SK2274"
B08VHWJ23G,,,,
B07YNDXYRV,,179.89,https://www.amazon.sg/Tennis-String-Xplosive-Seed-1-33/dp/B07YNDXYRV/ref=sr_1_33?dib=eyJ2IjoiMSJ9.634GalPAkCqddDvck8J-Swh-FA9nCgBogrMb51UAwgqUw8CBQ9D5O3pFMyEja__8iPrenuwY2OZimt1ll530bA.GV0p4iDo4nnx95JUNyUhHPjg1raceZMZlaJ-8AO6gcY&dib_tag=se&m=A3UEK3VBJ6ADB7&marketplaceID=A19VAU5U5O7RUS&qid=1776496803&refinements=p_36%3A17500-18000&s=merchant-items&sr=1-33&xpid=JMQsO61hn7ubk#customerReviews,"Kirschbaum Tennis String Xplosive Speed, 200m Reel"
B0BKWY6DLK,,178.59,https://www.amazon.sg/Smartwool-Classic-All-Season-Merino-Layer/dp/B0BKWY6DLK/ref=sr_1_34?dib=eyJ2IjoiMSJ9.634GalPAkCqddDvck8J-Swh-FA9nCgBogrMb51UAwgqUw8CBQ9D5O3pFMyEja__8iPrenuwY2OZimt1ll530bA.GV0p4iDo4nnx95JUNyUhHPjg1raceZMZlaJ-8AO6gcY&dib_tag=se&m=A3UEK3VBJ6ADB7&marketplaceID=A19VAU5U5O7RUS&qid=1776496803&refinements=p_36%3A17500-18000&s=merchant-items&sr=1-34&xpid=JMQsO61hn7ubk#customerReviews,Smartwool Classic All-Season Merino Base Layer - Men's
B08BDG1KMW,,194.5,https://www.amazon.sg/Smartwool-Merino-Baselayer-Crew-2021/dp/B08BDG1KMW/ref=sr_1_35?dib=eyJ2IjoiMSJ9.634GalPAkCqddDvck8J-Swh-FA9nCgBogrMb51UAwgqUw8CBQ9D5O3pFMyEja__8iPrenuwY2OZimt1ll530bA.GV0p4iDo4nnx95JUNyUhHPjg1raceZMZlaJ-8AO6gcY&dib_tag=se&m=A3UEK3VBJ6ADB7&marketplaceID=A19VAU5U5O7RUS&qid=1776496803&refinements=p_36%3A17500-18000&s=merchant-items&sr=1-35&xpid=JMQsO61hn7ubk#customerReviews,Smartwool Merino 250 Base Layer Crew
B08BDG1KMW,,,,
B082WLSJV7,,180.0,https://www.amazon.sg/M-YIP14-5-YIPPY-Accessory-Standard-Cushion/dp/B082WLSJV7/ref=sr_1_36?dib=eyJ2IjoiMSJ9.634GalPAkCqddDvck8J-Swh-FA9nCgBogrMb51UAwgqUw8CBQ9D5O3pFMyEja__8iPrenuwY2OZimt1ll530bA.GV0p4iDo4nnx95JUNyUhHPjg1raceZMZlaJ-8AO6gcY&dib_tag=se&m=A3UEK3VBJ6ADB7&marketplaceID=A19VAU5U5O7RUS&qid=1776496803&refinements=p_36%3A17500-18000&s=merchant-items&sr=1-36&xpid=JMQsO61hn7ubk#customerReviews,"Moji M-YIP14-5 YIPPY High Chair Accessory, Standard Cushion, Plant"
B082WLSJV7,,,,
B0F487FT5W,,175.1,https://www.amazon.sg/Good-Smile-Company-COMPANY-Funeral/dp/B0F487FT5W/ref=sr_1_37?dib=eyJ2IjoiMSJ9.634GalPAkCqddDvck8J-Swh-FA9nCgBogrMb51UAwgqUw8CBQ9D5O3pFMyEja__8iPrenuwY2OZimt1ll530bA.GV0p4iDo4nnx95JUNyUhHPjg1raceZMZlaJ-8AO6gcY&dib_tag=se&m=A3UEK3VBJ6ADB7&marketplaceID=A19VAU5U5O7RUS&qid=1776496803&refinements=p_36%3A17500-18000&s=merchant-items&sr=1-37&xpid=JMQsO61hn7ubk#customerReviews,Good Smile Company [GOOD SMILE COMPANY] Funeral Freeren Mimic Large Plush Toy
B0D4YCCZLC,,176.65,https://www.amazon.sg/Kotobukiya-Anime-Rurouni-Kenshin-Pre-painted/dp/B0D4YCCZLC/ref=sr_1_33?dib=eyJ2IjoiMSJ9.Ponmhqm0fNgoFHYuuAS00e5a_OnpmLoA0JZbQVbNiltPkqIur98bfNWT46RZ6isP4pfGqXLk2ElTJGF1Hrjej_rGVTziQgZk22SVjyiGdZjdpCC7YKE-3Swpulv0p6tE7hWXTAxxIo5D-8KTwVR276OBi0jOuPjr-HXqyBql6jI.5Dw_5FYRLyz1Q3udBhzY7X6B9EgGV4WyoKrc1tSS82Q&dib_tag=se&m=A3UEK3VBJ6ADB7&marketplaceID=A19VAU5U5O7RUS&qid=1776496803&refinements=p_36%3A17500-18000&s=merchant-items&sr=1-33&xpid=JMQsO61hn7ubk,"Kotobukiya TV Anime Rurouni Kenshin - Meiji Swordsman Romantic Tan, ARTFX J, Hajime Saito, 1/8 Scale, PVC Pre-painted Complete Figure"
B0D146YT3Q,,177.12,https://www.amazon.sg/Kotobukiya-PROMARE-Fotia-Figure-Statue/dp/B0D146YT3Q/ref=sr_1_34?dib=eyJ2IjoiMSJ9.Ponmhqm0fNgoFHYuuAS00e5a_OnpmLoA0JZbQVbNiltPkqIur98bfNWT46RZ6isP4pfGqXLk2ElTJGF1Hrjej_rGVTziQgZk22SVjyiGdZjdpCC7YKE-3Swpulv0p6tE7hWXTAxxIo5D-8KTwVR276OBi0jOuPjr-HXqyBql6jI.5Dw_5FYRLyz1Q3udBhzY7X6B9EgGV4WyoKrc1tSS82Q&dib_tag=se&m=A3UEK3VBJ6ADB7&marketplaceID=A19VAU5U5O7RUS&qid=1776496803&refinements=p_36%3A17500-18000&s=merchant-items&sr=1-34&xpid=JMQsO61hn7ubk,Kotobukiya PROMARE Lio Fotia 1/7 Scale Figure Statue
B0CSXR1J2S,,178.69,https://www.amazon.sg/DAIWA-LT2000S-Spinning-Reel-Tsukiyobijin/dp/B0CSXR1J2S/ref=sr_1_35?dib=eyJ2IjoiMSJ9.Ponmhqm0fNgoFHYuuAS00e5a_OnpmLoA0JZbQVbNiltPkqIur98bfNWT46RZ6isP4pfGqXLk2ElTJGF1Hrjej_rGVTziQgZk22SVjyiGdZjdpCC7YKE-3Swpulv0p6tE7hWXTAxxIo5D-8KTwVR276OBi0jOuPjr-HXqyBql6jI.5Dw_5FYRLyz1Q3udBhzY7X6B9EgGV4WyoKrc1tSS82Q&dib_tag=se&m=A3UEK3VBJ6ADB7&marketplaceID=A19VAU5U5O7RUS&qid=1776496803&refinements=p_36%3A17500-18000&s=merchant-items&sr=1-35&xpid=JMQsO61hn7ubk#customerReviews,"Daiwa Spinning Reel, 24 Tsukiyobijin X LT 1000S-P/2000S-P/2000S, Various (2024 Model)"
B0CSXR1J2S,,,,
B0CPXY2CC8,,176.1,https://www.amazon.sg/Good-Smile-Company-Robocop-Moderoid/dp/B0CPXY2CC8/ref=sr_1_36?dib=eyJ2IjoiMSJ9.Ponmhqm0fNgoFHYuuAS00e5a_OnpmLoA0JZbQVbNiltPkqIur98bfNWT46RZ6isP4pfGqXLk2ElTJGF1Hrjej_rGVTziQgZk22SVjyiGdZjdpCC7YKE-3Swpulv0p6tE7hWXTAxxIo5D-8KTwVR276OBi0jOuPjr-HXqyBql6jI.5Dw_5FYRLyz1Q3udBhzY7X6B9EgGV4WyoKrc1tSS82Q&dib_tag=se&m=A3UEK3VBJ6ADB7&marketplaceID=A19VAU5U5O7RUS&qid=1776496803&refinements=p_36%3A17500-18000&s=merchant-items&sr=1-36&xpid=JMQsO61hn7ubk#customerReviews,Good Smile Company Robocop: ED-209 Moderoid Plastic Model Kit
B0CLQQXDFS,,175.31,https://www.amazon.sg/31826-Kintetsu-Smoking-Formation-Construction/dp/B0CLQQXDFS/ref=sr_1_37?dib=eyJ2IjoiMSJ9.Ponmhqm0fNgoFHYuuAS00e5a_OnpmLoA0JZbQVbNiltPkqIur98bfNWT46RZ6isP4pfGqXLk2ElTJGF1Hrjej_rGVTziQgZk22SVjyiGdZjdpCC7YKE-3Swpulv0p6tE7hWXTAxxIo5D-8KTwVR276OBi0jOuPjr-HXqyBql6jI.5Dw_5FYRLyz1Q3udBhzY7X6B9EgGV4WyoKrc1tSS82Q&dib_tag=se&m=A3UEK3VBJ6ADB7&marketplaceID=A19VAU5U5O7RUS&qid=1776496803&refinements=p_36%3A17500-18000&s=merchant-items&sr=1-37&xpid=JMQsO61hn7ubk,"Green Max 31826 N Gauge Kintetsu 12410 Series (Old Paint, No Smoking Room, 12411 Formation), 4-Car Construction Set (No Power), Railway Model Train"
B0CLQQXDFS,,,,
B0CFTDLRP3,,175.41,https://www.amazon.sg/Hobby-Yurucamp-Shiobayashi-Version-Finished/dp/B0CFTDLRP3/ref=sr_1_38?dib=eyJ2IjoiMSJ9.Ponmhqm0fNgoFHYuuAS00e5a_OnpmLoA0JZbQVbNiltPkqIur98bfNWT46RZ6isP4pfGqXLk2ElTJGF1Hrjej_rGVTziQgZk22SVjyiGdZjdpCC7YKE-3Swpulv0p6tE7hWXTAxxIo5D-8KTwVR276OBi0jOuPjr-HXqyBql6jI.5Dw_5FYRLyz1Q3udBhzY7X6B9EgGV4WyoKrc1tSS82Q&dib_tag=se&m=A3UEK3VBJ6ADB7&marketplaceID=A19VAU5U5O7RUS&qid=1776496803&refinements=p_36%3A17500-18000&s=merchant-items&sr=1-38&xpid=JMQsO61hn7ubk#customerReviews,"Hobby Stock ""Yurucamp"" Shima Rin Lake Shiobayashi Camp Version, Total Height Approx. 8.7 inches (22 cm), ABS & PVC 1/7 Scale Painted Finished Product Figure"
B0C6KBTL5Y,,176.85,https://www.amazon.sg/Good-Smile-Company-Persona-Nendoroid/dp/B0C6KBTL5Y/ref=sr_1_39?dib=eyJ2IjoiMSJ9.Ponmhqm0fNgoFHYuuAS00e5a_OnpmLoA0JZbQVbNiltPkqIur98bfNWT46RZ6isP4pfGqXLk2ElTJGF1Hrjej_rGVTziQgZk22SVjyiGdZjdpCC7YKE-3Swpulv0p6tE7hWXTAxxIo5D-8KTwVR276OBi0jOuPjr-HXqyBql6jI.5Dw_5FYRLyz1Q3udBhzY7X6B9EgGV4WyoKrc1tSS82Q&dib_tag=se&m=A3UEK3VBJ6ADB7&marketplaceID=A19VAU5U5O7RUS&qid=1776496803&refinements=p_36%3A17500-18000&s=merchant-items&sr=1-39&xpid=JMQsO61hn7ubk#customerReviews,Good Smile Company Persona 5: Futaba Sakura Nendoroid Action Figure
B0C58B3YWW,,178.49,https://www.amazon.sg/Kotobukiya-Brave-Police-J-Decker-Plastic/dp/B0C58B3YWW/ref=sr_1_40?dib=eyJ2IjoiMSJ9.Ponmhqm0fNgoFHYuuAS00e5a_OnpmLoA0JZbQVbNiltPkqIur98bfNWT46RZ6isP4pfGqXLk2ElTJGF1Hrjej_rGVTziQgZk22SVjyiGdZjdpCC7YKE-3Swpulv0p6tE7hWXTAxxIo5D-8KTwVR276OBi0jOuPjr-HXqyBql6jI.5Dw_5FYRLyz1Q3udBhzY7X6B9EgGV4WyoKrc1tSS82Q&dib_tag=se&m=A3UEK3VBJ6ADB7&marketplaceID=A19VAU5U5O7RUS&qid=1776496803&refinements=p_36%3A17500-18000&s=merchant-items&sr=1-40&xpid=JMQsO61hn7ubk#customerReviews,Kotobukiya Brave Police J-Decker Plastic Model Kit Super Build Tiger 18 cm
B0C3ZSDZ6G,,176.22,https://www.amazon.sg/Good-Smile-Company-Nendoroid-Figurine/dp/B0C3ZSDZ6G/ref=sr_1_41?dib=eyJ2IjoiMSJ9.Ponmhqm0fNgoFHYuuAS00e5a_OnpmLoA0JZbQVbNiltPkqIur98bfNWT46RZ6isP4pfGqXLk2ElTJGF1Hrjej_rGVTziQgZk22SVjyiGdZjdpCC7YKE-3Swpulv0p6tE7hWXTAxxIo5D-8KTwVR276OBi0jOuPjr-HXqyBql6jI.5Dw_5FYRLyz1Q3udBhzY7X6B9EgGV4WyoKrc1tSS82Q&dib_tag=se&m=A3UEK3VBJ6ADB7&marketplaceID=A19VAU5U5O7RUS&qid=1776496803&refinements=p_36%3A17500-18000&s=merchant-items&sr=1-41&xpid=JMQsO61hn7ubk#customerReviews,Good Smile Company Berserk 10 cm Nendoroid Guts Figurine
B0C24244RX,,176.85,https://www.amazon.sg/Good-Smile-Company-Reiwa-Charat/dp/B0C24244RX/ref=sr_1_42?dib=eyJ2IjoiMSJ9.Ponmhqm0fNgoFHYuuAS00e5a_OnpmLoA0JZbQVbNiltPkqIur98bfNWT46RZ6isP4pfGqXLk2ElTJGF1Hrjej_rGVTziQgZk22SVjyiGdZjdpCC7YKE-3Swpulv0p6tE7hWXTAxxIo5D-8KTwVR276OBi0jOuPjr-HXqyBql6jI.5Dw_5FYRLyz1Q3udBhzY7X6B9EgGV4WyoKrc1tSS82Q&dib_tag=se&m=A3UEK3VBJ6ADB7&marketplaceID=A19VAU5U5O7RUS&qid=1776496803&refinements=p_36%3A17500-18000&s=merchant-items&sr=1-42&xpid=JMQsO61hn7ubk#customerReviews,Good Smile Company Reiwa no Di Gi Charat: Di Gi Charat Nendoroid Action Figure
B0BY8V2TSV,,192.63,https://www.amazon.sg/Frontline-Beautiful-Plastic-Pre-painted-Complete/dp/B0BY8V2TSV/ref=sr_1_43?dib=eyJ2IjoiMSJ9.Ponmhqm0fNgoFHYuuAS00e5a_OnpmLoA0JZbQVbNiltPkqIur98bfNWT46RZ6isP4pfGqXLk2ElTJGF1Hrjej_rGVTziQgZk22SVjyiGdZjdpCC7YKE-3Swpulv0p6tE7hWXTAxxIo5D-8KTwVR276OBi0jOuPjr-HXqyBql6jI.5Dw_5FYRLyz1Q3udBhzY7X6B9EgGV4WyoKrc1tSS82Q&dib_tag=se&m=A3UEK3VBJ6ADB7&marketplaceID=A19VAU5U5O7RUS&qid=1776496803&refinements=p_36%3A17500-18000&s=merchant-items&sr=1-43&xpid=JMQsO61hn7ubk,"Dolls Frontline ZB 26 Beautiful Dream Corner Ver., 1/7 Scale Plastic Pre-painted Complete Figure"
B0BX4498Y5,,177.44,https://www.amazon.sg/Daiwa-Works-Carbon-Crank-Handle/dp/B0BX4498Y5/ref=sr_1_49?dib=eyJ2IjoiMSJ9.6zi4Prf2MVA56MmLKSTdvEYPX42u1MWEv9Vropak3v9v4V6VV30COdwEc1-xkDf26f9Gh4-Mo9jzuhuB60Zmvw.3qk_aDDLH4L02H4R7Z9ePQMg2jNlBIGszqdeXrCZY_U&dib_tag=se&m=A3UEK3VBJ6ADB7&marketplaceID=A19VAU5U5O7RUS&qid=1776496807&refinements=p_36%3A17500-18000&s=merchant-items&sr=1-49&xpid=JMQsO61hn7ubk#customerReviews,Daiwa Slp Works 23 RCSB Carbon Crank Handle 90mm
B0BX4498Y5,,,,
B0BX3KCFX2,,179.73,https://www.amazon.sg/Daiwa-Works-Carbon-Crank-Handle/dp/B0BX3KCFX2/ref=sr_1_50?dib=eyJ2IjoiMSJ9.6zi4Prf2MVA56MmLKSTdvEYPX42u1MWEv9Vropak3v9v4V6VV30COdwEc1-xkDf26f9Gh4-Mo9jzuhuB60Zmvw.3qk_aDDLH4L02H4R7Z9ePQMg2jNlBIGszqdeXrCZY_U&dib_tag=se&m=A3UEK3VBJ6ADB7&marketplaceID=A19VAU5U5O7RUS&qid=1776496807&refinements=p_36%3A17500-18000&s=merchant-items&sr=1-50&xpid=JMQsO61hn7ubk#customerReviews,Daiwa Slp Works 23 RCSB Carbon Crank Handle 95mm
B0BX3KCFX2,,,,
B0BS98G5XB,,175.5,https://www.amazon.sg/Reins-reins-buckan-middle-black/dp/B0BS98G5XB/ref=sr_1_51?dib=eyJ2IjoiMSJ9.6zi4Prf2MVA56MmLKSTdvEYPX42u1MWEv9Vropak3v9v4V6VV30COdwEc1-xkDf26f9Gh4-Mo9jzuhuB60Zmvw.3qk_aDDLH4L02H4R7Z9ePQMg2jNlBIGszqdeXrCZY_U&dib_tag=se&m=A3UEK3VBJ6ADB7&marketplaceID=A19VAU5U5O7RUS&qid=1776496807&refinements=p_36%3A17500-18000&s=merchant-items&sr=1-51&xpid=JMQsO61hn7ubk#customerReviews,reins buckan middle black
B0BS98G5XB,,,,
B0BNX9BGXT,,179.72,https://www.amazon.sg/Neonmax-Creative-Original-Character-Statuette/dp/B0BNX9BGXT/ref=sr_1_52?dib=eyJ2IjoiMSJ9.6zi4Prf2MVA56MmLKSTdvEYPX42u1MWEv9Vropak3v9v4V6VV30COdwEc1-xkDf26f9Gh4-Mo9jzuhuB60Zmvw.3qk_aDDLH4L02H4R7Z9ePQMg2jNlBIGszqdeXrCZY_U&dib_tag=se&m=A3UEK3VBJ6ADB7&marketplaceID=A19VAU5U5O7RUS&qid=1776496807&refinements=p_36%3A17500-18000&s=merchant-items&sr=1-52&xpid=JMQsO61hn7ubk,Original Character Statuette PVC 1/6 Miyan 20 cm
B0BMP9VX1H,,178.92,https://www.amazon.sg/CASPORT-Misoperation-Operation-Assistance-Handsupport/dp/B0BMP9VX1H/ref=sr_1_53?dib=eyJ2IjoiMSJ9.6zi4Prf2MVA56MmLKSTdvEYPX42u1MWEv9Vropak3v9v4V6VV30COdwEc1-xkDf26f9Gh4-Mo9jzuhuB60Zmvw.3qk_aDDLH4L02H4R7Z9ePQMg2jNlBIGszqdeXrCZY_U&dib_tag=se&m=A3UEK3VBJ6ADB7&marketplaceID=A19VAU5U5O7RUS&qid=1776496807&refinements=p_36%3A17500-18000&s=merchant-items&sr=1-53&xpid=JMQsO61hn7ubk#customerReviews,CASPORT for V-W Golf Mk8 Display Prevent Misoperation Handrest Easy Operation Safety Operation Assistance Handsupport GPS Accessory (Carbon Style)
B0BMP9VX1H,,,,
B0BKP4SLZQ,,179.97,https://www.amazon.sg/HIDISC-128GB-CLASS10-UHS-II-HDSDX128GCL10U3JP3V90/dp/B0BKP4SLZQ/ref=sr_1_49?dib=eyJ2IjoiMSJ9.NMMbolad7gePqifrduK9FlMwq26BtzXELpT-tBsch0ehcwNJZnxFn7FRyLtCCdWaKnkjaN6S7ZWOmBtuzQ46471u6Uz-dft2hevBFznZpCdRpKAipc4rSE83bWdpobG2WqornePRSqlUOn17YRxrjnw7n43OB2J_yyuiqrjZEF4.q0sSlv0Ro6T1xhxKMOKnHHYg1WyUeqkQ6fMj7HobQ2g&dib_tag=se&m=A3UEK3VBJ6ADB7&marketplaceID=A19VAU5U5O7RUS&qid=1776496807&refinements=p_36%3A17500-18000&s=merchant-items&sr=1-49&xpid=JMQsO61hn7ubk,"HIDISC 128GB Super Speed SDXC Card for CLASS10 UHS-II, U3, V90 HDSDX128GCL10U3JP3V90"
B0BKP4SLZQ,,,,
B0BHCLHDC8,,179.41,https://www.amazon.sg/Hakusho-Kurama-Pre-painted-Complete-PV110/dp/B0BHCLHDC8/ref=sr_1_50?dib=eyJ2IjoiMSJ9.NMMbolad7gePqifrduK9FlMwq26BtzXELpT-tBsch0ehcwNJZnxFn7FRyLtCCdWaKnkjaN6S7ZWOmBtuzQ46471u6Uz-dft2hevBFznZpCdRpKAipc4rSE83bWdpobG2WqornePRSqlUOn17YRxrjnw7n43OB2J_yyuiqrjZEF4.q0sSlv0Ro6T1xhxKMOKnHHYg1WyUeqkQ6fMj7HobQ2g&dib_tag=se&m=A3UEK3VBJ6ADB7&marketplaceID=A19VAU5U5O7RUS&qid=1776496807&refinements=p_36%3A17500-18000&s=merchant-items&sr=1-50&xpid=JMQsO61hn7ubk#customerReviews,"ARTFX J Yu Yu Hakusho Kurama, 1/8 Scale, PVC Pre-painted Complete Figure PV110"
B0BH4RKF98,,178.01,https://www.amazon.sg/Ram-Wedding-Ver-Re-Pre-painted/dp/B0BH4RKF98/ref=sr_1_51?dib=eyJ2IjoiMSJ9.NMMbolad7gePqifrduK9FlMwq26BtzXELpT-tBsch0ehcwNJZnxFn7FRyLtCCdWaKnkjaN6S7ZWOmBtuzQ46471u6Uz-dft2hevBFznZpCdRpKAipc4rSE83bWdpobG2WqornePRSqlUOn17YRxrjnw7n43OB2J_yyuiqrjZEF4.q0sSlv0Ro6T1xhxKMOKnHHYg1WyUeqkQ6fMj7HobQ2g&dib_tag=se&m=A3UEK3VBJ6ADB7&marketplaceID=A19VAU5U5O7RUS&qid=1776496807&refinements=p_36%3A17500-18000&s=merchant-items&sr=1-51&xpid=JMQsO61hn7ubk,"Ram Wedding Ver. Re:Zero - Starting Life in Another World, Plastic Pre-painted Complete Figure, 1/7 Scale Resale"
B0BH43H624,,176.15,https://www.amazon.sg/LOGOS-74175027-Flickering-Classico-Lantern/dp/B0BH43H624/ref=sr_1_52?dib=eyJ2IjoiMSJ9.NMMbolad7gePqifrduK9FlMwq26BtzXELpT-tBsch0ehcwNJZnxFn7FRyLtCCdWaKnkjaN6S7ZWOmBtuzQ46471u6Uz-dft2hevBFznZpCdRpKAipc4rSE83bWdpobG2WqornePRSqlUOn17YRxrjnw7n43OB2J_yyuiqrjZEF4.q0sSlv0Ro6T1xhxKMOKnHHYg1WyUeqkQ6fMj7HobQ2g&dib_tag=se&m=A3UEK3VBJ6ADB7&marketplaceID=A19VAU5U5O7RUS&qid=1776496807&refinements=p_36%3A17500-18000&s=merchant-items&sr=1-52&xpid=JMQsO61hn7ubk#customerReviews,LOGOS 74175027 Flickering Classico Metal Lantern
B0BH43H624,,,,
B0BH2M8LGB,,177.89,https://www.amazon.sg/Avail-Available-MicrocastSpool-22BTM33R-Black/dp/B0BH2M8LGB/ref=sr_1_53?dib=eyJ2IjoiMSJ9.NMMbolad7gePqifrduK9FlMwq26BtzXELpT-tBsch0ehcwNJZnxFn7FRyLtCCdWaKnkjaN6S7ZWOmBtuzQ46471u6Uz-dft2hevBFznZpCdRpKAipc4rSE83bWdpobG2WqornePRSqlUOn17YRxrjnw7n43OB2J_yyuiqrjZEF4.q0sSlv0Ro6T1xhxKMOKnHHYg1WyUeqkQ6fMj7HobQ2g&dib_tag=se&m=A3UEK3VBJ6ADB7&marketplaceID=A19VAU5U5O7RUS&qid=1776496807&refinements=p_36%3A17500-18000&s=merchant-items&sr=1-53&xpid=JMQsO61hn7ubk,"Available MicrocastSpool 22BTM33R, Black"
B0BH2M8LGB,,,,
B0BG2VJ457,,178.35,https://www.amazon.sg/Nendoroid-Rilakkuma-Non-Scale-Plastic-Pre-Painted/dp/B0BG2VJ457/ref=sr_1_54?dib=eyJ2IjoiMSJ9.NMMbolad7gePqifrduK9FlMwq26BtzXELpT-tBsch0ehcwNJZnxFn7FRyLtCCdWaKnkjaN6S7ZWOmBtuzQ46471u6Uz-dft2hevBFznZpCdRpKAipc4rSE83bWdpobG2WqornePRSqlUOn17YRxrjnw7n43OB2J_yyuiqrjZEF4.q0sSlv0Ro6T1xhxKMOKnHHYg1WyUeqkQ6fMj7HobQ2g&dib_tag=se&m=A3UEK3VBJ6ADB7&marketplaceID=A19VAU5U5O7RUS&qid=1776496807&refinements=p_36%3A17500-18000&s=merchant-items&sr=1-54&xpid=JMQsO61hn7ubk#customerReviews,Nendoroid Rilakkuma Non-Scale Plastic Pre-Painted Action Figure
B0BF58682X,,179.51,https://www.amazon.sg/PARADE-Non-Scale-Plastic-Painted-Complete/dp/B0BF58682X/ref=sr_1_55?dib=eyJ2IjoiMSJ9.NMMbolad7gePqifrduK9FlMwq26BtzXELpT-tBsch0ehcwNJZnxFn7FRyLtCCdWaKnkjaN6S7ZWOmBtuzQ46471u6Uz-dft2hevBFznZpCdRpKAipc4rSE83bWdpobG2WqornePRSqlUOn17YRxrjnw7n43OB2J_yyuiqrjZEF4.q0sSlv0Ro6T1xhxKMOKnHHYg1WyUeqkQ6fMj7HobQ2g&dib_tag=se&m=A3UEK3VBJ6ADB7&marketplaceID=A19VAU5U5O7RUS&qid=1776496807&refinements=p_36%3A17500-18000&s=merchant-items&sr=1-55&xpid=JMQsO61hn7ubk#customerReviews,POP UP PARADE Silent Hill 2 Bubble Head Nurse Non-Scale Plastic Painted Complete Figure
B0BBVKHZ15,,177.8,https://www.amazon.sg/Nendoroid-Mazinger-AC06000-Non-Scale-Pre-Painted/dp/B0BBVKHZ15/ref=sr_1_56?dib=eyJ2IjoiMSJ9.NMMbolad7gePqifrduK9FlMwq26BtzXELpT-tBsch0ehcwNJZnxFn7FRyLtCCdWaKnkjaN6S7ZWOmBtuzQ46471u6Uz-dft2hevBFznZpCdRpKAipc4rSE83bWdpobG2WqornePRSqlUOn17YRxrjnw7n43OB2J_yyuiqrjZEF4.q0sSlv0Ro6T1xhxKMOKnHHYg1WyUeqkQ6fMj7HobQ2g&dib_tag=se&m=A3UEK3VBJ6ADB7&marketplaceID=A19VAU5U5O7RUS&qid=1776496807&refinements=p_36%3A17500-18000&s=merchant-items&sr=1-56&xpid=JMQsO61hn7ubk#customerReviews,Nendoroid Mazinger Z AC06000 Non-Scale Plastic Pre-Painted Action Figure
B0BB72FH9Z,,177.32,https://www.amazon.sg/Eduard-EDU11166-Limited-Midway-Plastic/dp/B0BB72FH9Z/ref=sr_1_57?dib=eyJ2IjoiMSJ9.NMMbolad7gePqifrduK9FlMwq26BtzXELpT-tBsch0ehcwNJZnxFn7FRyLtCCdWaKnkjaN6S7ZWOmBtuzQ46471u6Uz-dft2hevBFznZpCdRpKAipc4rSE83bWdpobG2WqornePRSqlUOn17YRxrjnw7n43OB2J_yyuiqrjZEF4.q0sSlv0Ro6T1xhxKMOKnHHYg1WyUeqkQ6fMj7HobQ2g&dib_tag=se&m=A3UEK3VBJ6ADB7&marketplaceID=A19VAU5U5O7RUS&qid=1776496807&refinements=p_36%3A17500-18000&s=merchant-items&sr=1-57&xpid=JMQsO61hn7ubk,Eduard EDU11166 1/48 Dual Combo Limited Edition US Navy F4F-3/4 Midway Plastic Model
B0B7H9N8R6,,195.98,https://www.amazon.sg/Prince-7TJ160-BEAST-Tennis-Racquet/dp/B0B7H9N8R6/ref=sr_1_58?dib=eyJ2IjoiMSJ9.NMMbolad7gePqifrduK9FlMwq26BtzXELpT-tBsch0ehcwNJZnxFn7FRyLtCCdWaKnkjaN6S7ZWOmBtuzQ46471u6Uz-dft2hevBFznZpCdRpKAipc4rSE83bWdpobG2WqornePRSqlUOn17YRxrjnw7n43OB2J_yyuiqrjZEF4.q0sSlv0Ro6T1xhxKMOKnHHYg1WyUeqkQ6fMj7HobQ2g&dib_tag=se&m=A3UEK3VBJ6ADB7&marketplaceID=A19VAU5U5O7RUS&qid=1776496807&refinements=p_36%3A17500-18000&s=merchant-items&sr=1-58&xpid=JMQsO61hn7ubk#customerReviews,Prince Solid Tennis Racquet
B09R479NQV,,179.78,https://www.amazon.sg/Idolmaster-Cinderella-Kanzaki-Hakuhime-Complete/dp/B09R479NQV/ref=sr_1_59?dib=eyJ2IjoiMSJ9.NMMbolad7gePqifrduK9FlMwq26BtzXELpT-tBsch0ehcwNJZnxFn7FRyLtCCdWaKnkjaN6S7ZWOmBtuzQ46471u6Uz-dft2hevBFznZpCdRpKAipc4rSE83bWdpobG2WqornePRSqlUOn17YRxrjnw7n43OB2J_yyuiqrjZEF4.q0sSlv0Ro6T1xhxKMOKnHHYg1WyUeqkQ6fMj7HobQ2g&dib_tag=se&m=A3UEK3VBJ6ADB7&marketplaceID=A19VAU5U5O7RUS&qid=1776496807&refinements=p_36%3A17500-18000&s=merchant-items&sr=1-59&xpid=JMQsO61hn7ubk#customerReviews,The Idolmaster Cinderella Girls Ranko Kanzaki no Hakuhime Ver. 1/7 Scale Plastic Painted Complete Figure
B09MQJLWM1,,179.92,https://www.amazon.sg/Senhime-Zetchou-Symphogear-Plastic-Finished/dp/B09MQJLWM1/ref=sr_1_65?dib=eyJ2IjoiMSJ9.b-qdpL1cIvX54-p1fyT3Bwo8_Kx_Lp0drd2BJeWIRu-y8HVfqPqaypIUElJa-EDXiGcuEvXMUtbp2fOOWq3iuA.VmXR53a9KA-N19DafLUTR7Ndc5zdDlQiGgBefS3s-TM&dib_tag=se&m=A3UEK3VBJ6ADB7&marketplaceID=A19VAU5U5O7RUS&qid=1776496812&refinements=p_36%3A17500-18000&s=merchant-items&sr=1-65&xpid=JMQsO61hn7ubk#customerReviews,"Senhime Zetchou Symphogear G Snow Sound Chris Lovely Maid Style AQ, 1/7 Scale Plastic Painted Finished Figure"
B09G2P9FSP,,175.75,https://www.amazon.sg/SunRace-CSMX8-Cassette-11-51T-Silver/dp/B09G2P9FSP/ref=sr_1_66?dib=eyJ2IjoiMSJ9.b-qdpL1cIvX54-p1fyT3Bwo8_Kx_Lp0drd2BJeWIRu-y8HVfqPqaypIUElJa-EDXiGcuEvXMUtbp2fOOWq3iuA.VmXR53a9KA-N19DafLUTR7Ndc5zdDlQiGgBefS3s-TM&dib_tag=se&m=A3UEK3VBJ6ADB7&marketplaceID=A19VAU5U5O7RUS&qid=1776496812&refinements=p_36%3A17500-18000&s=merchant-items&sr=1-66&xpid=JMQsO61hn7ubk,"SunRace CSMX8 Wide Ratio Cassette 11-51T, 11 Speed, Silver, ST2465"
B09G2P9FSP,,,,
B09G2N6KNB,,175.75,https://www.amazon.sg/SunRace-CSMX8-Cassette-11-51T-ST2464/dp/B09G2N6KNB/ref=sr_1_67?dib=eyJ2IjoiMSJ9.b-qdpL1cIvX54-p1fyT3Bwo8_Kx_Lp0drd2BJeWIRu-y8HVfqPqaypIUElJa-EDXiGcuEvXMUtbp2fOOWq3iuA.VmXR53a9KA-N19DafLUTR7Ndc5zdDlQiGgBefS3s-TM&dib_tag=se&m=A3UEK3VBJ6ADB7&marketplaceID=A19VAU5U5O7RUS&qid=1776496812&refinements=p_36%3A17500-18000&s=merchant-items&sr=1-67&xpid=JMQsO61hn7ubk,"SunRace CSMX8 Wide Ratio Cassette 11-51T, 11 Speed, Black, ST2464"
B09G2N6KNB,,,,
B09DPNPJ1S,,177.33,https://www.amazon.sg/G-Force-BLC50-D-Combo-17-5T-G0373/dp/B09DPNPJ1S/ref=sr_1_68?dib=eyJ2IjoiMSJ9.b-qdpL1cIvX54-p1fyT3Bwo8_Kx_Lp0drd2BJeWIRu-y8HVfqPqaypIUElJa-EDXiGcuEvXMUtbp2fOOWq3iuA.VmXR53a9KA-N19DafLUTR7Ndc5zdDlQiGgBefS3s-TM&dib_tag=se&m=A3UEK3VBJ6ADB7&marketplaceID=A19VAU5U5O7RUS&qid=1776496812&refinements=p_36%3A17500-18000&s=merchant-items&sr=1-68&xpid=JMQsO61hn7ubk,G-Force BLC50 D-Combo (NEO FAST 17.5T) G0373
B09DPNPJ1S,,,,
B09DCT6Y7H,,179.7,https://www.amazon.sg/Passage-Sunflower-Momose-Kurumi-Figure/dp/B09DCT6Y7H/ref=sr_1_69?dib=eyJ2IjoiMSJ9.b-qdpL1cIvX54-p1fyT3Bwo8_Kx_Lp0drd2BJeWIRu-y8HVfqPqaypIUElJa-EDXiGcuEvXMUtbp2fOOWq3iuA.VmXR53a9KA-N19DafLUTR7Ndc5zdDlQiGgBefS3s-TM&dib_tag=se&m=A3UEK3VBJ6ADB7&marketplaceID=A19VAU5U5O7RUS&qid=1776496812&refinements=p_36%3A17500-18000&s=merchant-items&sr=1-69&xpid=JMQsO61hn7ubk#customerReviews,Passage - Sunflower Girl Momose Kurumi 1/6 PVC Figure (A)
B09B74LRQ2,,179.56,https://www.amazon.sg/Wings-Inc-Onikiri-PVC-Figurine/dp/B09B74LRQ2/ref=sr_1_65?dib=eyJ2IjoiMSJ9.4cf3VDbpa8hGaTywhjm9v-iq6AGN6mREuCpbyIJaqDocBN0gkrjkcVlFMDXIYI9gfnrVksW4e7i4o0FYy8PU68lMMsGYRoZBXt2JKdldjvuxo3QxNK5u_9BKSNqgb2RzebhRn-uCqxXX1MzNor9CKaq0O-MAofwSnMh-cHLiZfg.c6f44k_zBB-gEnDeX4hzS9uVcXHMhgfpIDALAuJl_nw&dib_tag=se&m=A3UEK3VBJ6ADB7&marketplaceID=A19VAU5U5O7RUS&qid=1776496812&refinements=p_36%3A17500-18000&s=merchant-items&sr=1-65&xpid=JMQsO61hn7ubk,Wings Inc. Onikiri PVC Figurine 1/7 30 cm
B095VDQLVZ,,177.3,https://www.amazon.sg/Onway-OW-4545-BLK-Easy-Round-Grill/dp/B095VDQLVZ/ref=sr_1_66?dib=eyJ2IjoiMSJ9.4cf3VDbpa8hGaTywhjm9v-iq6AGN6mREuCpbyIJaqDocBN0gkrjkcVlFMDXIYI9gfnrVksW4e7i4o0FYy8PU68lMMsGYRoZBXt2JKdldjvuxo3QxNK5u_9BKSNqgb2RzebhRn-uCqxXX1MzNor9CKaq0O-MAofwSnMh-cHLiZfg.c6f44k_zBB-gEnDeX4hzS9uVcXHMhgfpIDALAuJl_nw&dib_tag=se&m=A3UEK3VBJ6ADB7&marketplaceID=A19VAU5U5O7RUS&qid=1776496812&refinements=p_36%3A17500-18000&s=merchant-items&sr=1-66&xpid=JMQsO61hn7ubk#customerReviews,Onway OW-4545-BLK Easy to Set Up Round Grill Set
B095VDQLVZ,,,,
B08W56YWVS,,175.68,https://www.amazon.sg/DAIWA-Light-Holder-%CE%B1160CH-Dark/dp/B08W56YWVS/ref=sr_1_67?dib=eyJ2IjoiMSJ9.4cf3VDbpa8hGaTywhjm9v-iq6AGN6mREuCpbyIJaqDocBN0gkrjkcVlFMDXIYI9gfnrVksW4e7i4o0FYy8PU68lMMsGYRoZBXt2JKdldjvuxo3QxNK5u_9BKSNqgb2RzebhRn-uCqxXX1MzNor9CKaq0O-MAofwSnMh-cHLiZfg.c6f44k_zBB-gEnDeX4hzS9uVcXHMhgfpIDALAuJl_nw&dib_tag=se&m=A3UEK3VBJ6ADB7&marketplaceID=A19VAU5U5O7RUS&qid=1776496812&refinements=p_36%3A17500-18000&s=merchant-items&sr=1-67&xpid=JMQsO61hn7ubk#customerReviews,Daiwa α160CH Light Holder
B08W56YWVS,,,,
B08VD3T3ZM,,179.31,https://www.amazon.sg/SHIMANO-Spinning-C2000SHG-Mebaling-Mountain/dp/B08VD3T3ZM/ref=sr_1_68?dib=eyJ2IjoiMSJ9.4cf3VDbpa8hGaTywhjm9v-iq6AGN6mREuCpbyIJaqDocBN0gkrjkcVlFMDXIYI9gfnrVksW4e7i4o0FYy8PU68lMMsGYRoZBXt2JKdldjvuxo3QxNK5u_9BKSNqgb2RzebhRn-uCqxXX1MzNor9CKaq0O-MAofwSnMh-cHLiZfg.c6f44k_zBB-gEnDeX4hzS9uVcXHMhgfpIDALAuJl_nw&dib_tag=se&m=A3UEK3VBJ6ADB7&marketplaceID=A19VAU5U5O7RUS&qid=1776496812&refinements=p_36%3A17500-18000&s=merchant-items&sr=1-68&xpid=JMQsO61hn7ubk#customerReviews,Shimano Spinning Reel 21 Artegra Assorted
B08VD3T3ZM,,,,
B08TW8C3KM,,176.67,https://www.amazon.sg/Imabari-Certified-Specifications-Drying-02-White/dp/B08TW8C3KM/ref=sr_1_69?dib=eyJ2IjoiMSJ9.4cf3VDbpa8hGaTywhjm9v-iq6AGN6mREuCpbyIJaqDocBN0gkrjkcVlFMDXIYI9gfnrVksW4e7i4o0FYy8PU68lMMsGYRoZBXt2JKdldjvuxo3QxNK5u_9BKSNqgb2RzebhRn-uCqxXX1MzNor9CKaq0O-MAofwSnMh-cHLiZfg.c6f44k_zBB-gEnDeX4hzS9uVcXHMhgfpIDALAuJl_nw&dib_tag=se&m=A3UEK3VBJ6ADB7&marketplaceID=A19VAU5U5O7RUS&qid=1776496812&refinements=p_36%3A17500-18000&s=merchant-items&sr=1-69&xpid=JMQsO61hn7ubk#customerReviews,"KOJ RLX Bloom Imabari Towel Certified Bath Towel Set of 2, Ciel, Hotel Specifications, Quick Drying, Made in Japan (02.White x Navy)"
B08TW8C3KM,,,,
B08SVTJTK7,,176.91,https://www.amazon.sg/Yahari-Machigataru-Complete-Yuigahama-Painted/dp/B08SVTJTK7/ref=sr_1_70?dib=eyJ2IjoiMSJ9.4cf3VDbpa8hGaTywhjm9v-iq6AGN6mREuCpbyIJaqDocBN0gkrjkcVlFMDXIYI9gfnrVksW4e7i4o0FYy8PU68lMMsGYRoZBXt2JKdldjvuxo3QxNK5u_9BKSNqgb2RzebhRn-uCqxXX1MzNor9CKaq0O-MAofwSnMh-cHLiZfg.c6f44k_zBB-gEnDeX4hzS9uVcXHMhgfpIDALAuJl_nw&dib_tag=se&m=A3UEK3VBJ6ADB7&marketplaceID=A19VAU5U5O7RUS&qid=1776496812&refinements=p_36%3A17500-18000&s=merchant-items&sr=1-70&xpid=JMQsO61hn7ubk,"Yahari My Youth Love Comedy is Machigataru. Complete Yui Yuigahama, Rock. Ver. 1/7 Scale, ABS & PVC, Painted Complete Figure"
B08R8J2258,,177.55,https://www.amazon.sg/PRO-Gryphon-Performance-inches-Perforated/dp/B08R8J2258/ref=sr_1_71?dib=eyJ2IjoiMSJ9.4cf3VDbpa8hGaTywhjm9v-iq6AGN6mREuCpbyIJaqDocBN0gkrjkcVlFMDXIYI9gfnrVksW4e7i4o0FYy8PU68lMMsGYRoZBXt2JKdldjvuxo3QxNK5u_9BKSNqgb2RzebhRn-uCqxXX1MzNor9CKaq0O-MAofwSnMh-cHLiZfg.c6f44k_zBB-gEnDeX4hzS9uVcXHMhgfpIDALAuJl_nw&dib_tag=se&m=A3UEK3VBJ6ADB7&marketplaceID=A19VAU5U5O7RUS&qid=1776496812&refinements=p_36%3A17500-18000&s=merchant-items&sr=1-71&xpid=JMQsO61hn7ubk,pro saddle performance 142mm
B08R8J2258,,,,
B08KGQRYLH,,179.81,https://www.amazon.sg/LOOK-Cycle-Slip-Proof-Innovative-High-Performance/dp/B08KGQRYLH/ref=sr_1_72?dib=eyJ2IjoiMSJ9.4cf3VDbpa8hGaTywhjm9v-iq6AGN6mREuCpbyIJaqDocBN0gkrjkcVlFMDXIYI9gfnrVksW4e7i4o0FYy8PU68lMMsGYRoZBXt2JKdldjvuxo3QxNK5u_9BKSNqgb2RzebhRn-uCqxXX1MzNor9CKaq0O-MAofwSnMh-cHLiZfg.c6f44k_zBB-gEnDeX4hzS9uVcXHMhgfpIDALAuJl_nw&dib_tag=se&m=A3UEK3VBJ6ADB7&marketplaceID=A19VAU5U5O7RUS&qid=1776496812&refinements=p_36%3A17500-18000&s=merchant-items&sr=1-72&xpid=JMQsO61hn7ubk#customerReviews,LOOK Cycle - Geo City Grip - MTB Bike Pedals - Flat Pedals - Slip-Proof Safety - Innovative Activ Grip Rubber - Premium High-Performance Urban Bike Pedal - Black
B08KGQRYLH,,,,
B08JYGSF2S,,175.0,https://www.amazon.sg/1000T-160-Jigsaw-Puzzle-Fantasy-Station/dp/B08JYGSF2S/ref=sr_1_73?dib=eyJ2IjoiMSJ9.4cf3VDbpa8hGaTywhjm9v-iq6AGN6mREuCpbyIJaqDocBN0gkrjkcVlFMDXIYI9gfnrVksW4e7i4o0FYy8PU68lMMsGYRoZBXt2JKdldjvuxo3QxNK5u_9BKSNqgb2RzebhRn-uCqxXX1MzNor9CKaq0O-MAofwSnMh-cHLiZfg.c6f44k_zBB-gEnDeX4hzS9uVcXHMhgfpIDALAuJl_nw&dib_tag=se&m=A3UEK3VBJ6ADB7&marketplaceID=A19VAU5U5O7RUS&qid=1776496812&refinements=p_36%3A17500-18000&s=merchant-items&sr=1-73&xpid=JMQsO61hn7ubk,"Ensky 1000T-160 1000 Piece Jigsaw Puzzle, Tokyo Fantasy Ueno Station"
B08JYGSF2S,,,,
B08C4KT1B4,,175.87,https://www.amazon.sg/MUNGYO-Gallery-Handmade-Cardboard-assorted/dp/B08C4KT1B4/ref=sr_1_74?dib=eyJ2IjoiMSJ9.4cf3VDbpa8hGaTywhjm9v-iq6AGN6mREuCpbyIJaqDocBN0gkrjkcVlFMDXIYI9gfnrVksW4e7i4o0FYy8PU68lMMsGYRoZBXt2JKdldjvuxo3QxNK5u_9BKSNqgb2RzebhRn-uCqxXX1MzNor9CKaq0O-MAofwSnMh-cHLiZfg.c6f44k_zBB-gEnDeX4hzS9uVcXHMhgfpIDALAuJl_nw&dib_tag=se&m=A3UEK3VBJ6ADB7&marketplaceID=A19VAU5U5O7RUS&qid=1776496812&refinements=p_36%3A17500-18000&s=merchant-items&sr=1-74&xpid=JMQsO61hn7ubk#customerReviews,MUNGYO Gallery Handmade soft pastel (Cardboard box of 60 assorted colors)
B08C4KT1B4,,,,
B08BTN7BYB,,176.57,https://www.amazon.sg/P58880-Kaguya-Sama-Asasetai-Fujiwara-Pre-Painted/dp/B08BTN7BYB/ref=sr_1_75?dib=eyJ2IjoiMSJ9.4cf3VDbpa8hGaTywhjm9v-iq6AGN6mREuCpbyIJaqDocBN0gkrjkcVlFMDXIYI9gfnrVksW4e7i4o0FYy8PU68lMMsGYRoZBXt2JKdldjvuxo3QxNK5u_9BKSNqgb2RzebhRn-uCqxXX1MzNor9CKaq0O-MAofwSnMh-cHLiZfg.c6f44k_zBB-gEnDeX4hzS9uVcXHMhgfpIDALAuJl_nw&dib_tag=se&m=A3UEK3VBJ6ADB7&marketplaceID=A19VAU5U5O7RUS&qid=1776496812&refinements=p_36%3A17500-18000&s=merchant-items&sr=1-75&xpid=JMQsO61hn7ubk#customerReviews,"Fat Company P58880 Kaguya-Sama wa Asasetai ~ Genius Love Brain War ~ Chika Fujiwara Swimsuit Version, 1/7 Scale, ABS & PVC Pre-Painted Complete Figure"
B089KSXP34,,177.82,https://www.amazon.sg/Aniplex-22-Nicole-Saito-Figure/dp/B089KSXP34/ref=sr_1_81?dib=eyJ2IjoiMSJ9.EA6D4q8Q8p_kKV3iy6ET8ii4ZqbgrXu363VruBQekkffQYFO5pyx3eDTfsd5UoQnsY1mIQJTHCLxWs2GubskzA.x8Zkf3-yK3KXbITl73Kuyv8fMbQ7cv8oYbU2F3QOwEU&dib_tag=se&m=A3UEK3VBJ6ADB7&marketplaceID=A19VAU5U5O7RUS&qid=1776496817&refinements=p_36%3A17500-18000&s=merchant-items&sr=1-81&xpid=JMQsO61hn7ubk,Aniplex 22/7: Nicole Saito 1/7 Scale Figure
B07ZYX4K2S,,175.79,https://www.amazon.sg/Daiwa-Tenkara-Stream-Fishing-Rod/dp/B07ZYX4K2S/ref=sr_1_82?dib=eyJ2IjoiMSJ9.EA6D4q8Q8p_kKV3iy6ET8ii4ZqbgrXu363VruBQekkffQYFO5pyx3eDTfsd5UoQnsY1mIQJTHCLxWs2GubskzA.x8Zkf3-yK3KXbITl73Kuyv8fMbQ7cv8oYbU2F3QOwEU&dib_tag=se&m=A3UEK3VBJ6ADB7&marketplaceID=A19VAU5U5O7RUS&qid=1776496817&refinements=p_36%3A17500-18000&s=merchant-items&sr=1-82&xpid=JMQsO61hn7ubk#customerReviews,Daiwa Tenkara X 39 Stream Fishing Rod
B07ZYX4K2S,,,,
B07YNV1W5C,,175.62,https://www.amazon.sg/Modeling-Support-Gigantic-Strike-Serpent/dp/B07YNV1W5C/ref=sr_1_83?dib=eyJ2IjoiMSJ9.EA6D4q8Q8p_kKV3iy6ET8ii4ZqbgrXu363VruBQekkffQYFO5pyx3eDTfsd5UoQnsY1mIQJTHCLxWs2GubskzA.x8Zkf3-yK3KXbITl73Kuyv8fMbQ7cv8oYbU2F3QOwEU&dib_tag=se&m=A3UEK3VBJ6ADB7&marketplaceID=A19VAU5U5O7RUS&qid=1776496817&refinements=p_36%3A17500-18000&s=merchant-items&sr=1-83&xpid=JMQsO61hn7ubk#customerReviews,"M.S.G Modeling Support Goods, Gigantic Arms Strike Serpent, Total Length: Approx. 13.3 inches (338 mm), NON Scale Plastic Model"
B07XJ52DVP,,178.73,https://www.amazon.sg/Rebuild-Evangelion-Shikinami-Langley-Nendoroid/dp/B07XJ52DVP/ref=sr_1_84?dib=eyJ2IjoiMSJ9.EA6D4q8Q8p_kKV3iy6ET8ii4ZqbgrXu363VruBQekkffQYFO5pyx3eDTfsd5UoQnsY1mIQJTHCLxWs2GubskzA.x8Zkf3-yK3KXbITl73Kuyv8fMbQ7cv8oYbU2F3QOwEU&dib_tag=se&m=A3UEK3VBJ6ADB7&marketplaceID=A19VAU5U5O7RUS&qid=1776496817&refinements=p_36%3A17500-18000&s=merchant-items&sr=1-84&xpid=JMQsO61hn7ubk#customerReviews,Rebuild of Evangelion: Asuka Shikinami Langley Nendoroid Action Figure
B07WTN4RXV,,177.32,https://www.amazon.sg/Banpresto-STAMPEDE-Collectible-Figure-Figurine/dp/B07WTN4RXV/ref=sr_1_85?dib=eyJ2IjoiMSJ9.EA6D4q8Q8p_kKV3iy6ET8ii4ZqbgrXu363VruBQekkffQYFO5pyx3eDTfsd5UoQnsY1mIQJTHCLxWs2GubskzA.x8Zkf3-yK3KXbITl73Kuyv8fMbQ7cv8oYbU2F3QOwEU&dib_tag=se&m=A3UEK3VBJ6ADB7&marketplaceID=A19VAU5U5O7RUS&qid=1776496817&refinements=p_36%3A17500-18000&s=merchant-items&sr=1-85&xpid=JMQsO61hn7ubk#customerReviews,Banpresto ONE PIECE STAMPEDE World Collectible Figure Figurine 7cm vol.2 6set
B07T6N3865,,201.39,https://www.amazon.sg/Bell-Fine-My-Hero-Academia/dp/B07T6N3865/ref=sr_1_81?dib=eyJ2IjoiMSJ9.bqfkqpW419hHfb0rOpoyxFsISyA98WUCJaDJX7QnWrNCNw_EM4QJyRui8iKpYJZMbE4tgGMeaOUTUjuQ2oV2cIZzeWTb_rByizaBlqRnPAiUBcnqkLYaq-e71Nsarh8RsLd5HFG51wP5WY8P6b6wJonZPONujcEseWKzrChrNlo.VnIfIpOG4TgnVdJxRsMYx8d9W68KPB6i_BzEtjpBIj4&dib_tag=se&m=A3UEK3VBJ6ADB7&marketplaceID=A19VAU5U5O7RUS&qid=1776496817&refinements=p_36%3A17500-18000&s=merchant-items&sr=1-81&xpid=JMQsO61hn7ubk#customerReviews,Bell Fine My Hero Academia: Kyoka Jiro (Hero Suit Version) 1: 8 Scale PVC Figure
B07SNS2JCP,,219.04,https://www.amazon.sg/CAMP-Turbohand-Pro-Ascender-Right/dp/B07SNS2JCP/ref=sr_1_82?dib=eyJ2IjoiMSJ9.bqfkqpW419hHfb0rOpoyxFsISyA98WUCJaDJX7QnWrNCNw_EM4QJyRui8iKpYJZMbE4tgGMeaOUTUjuQ2oV2cIZzeWTb_rByizaBlqRnPAiUBcnqkLYaq-e71Nsarh8RsLd5HFG51wP5WY8P6b6wJonZPONujcEseWKzrChrNlo.VnIfIpOG4TgnVdJxRsMYx8d9W68KPB6i_BzEtjpBIj4&dib_tag=se&m=A3UEK3VBJ6ADB7&marketplaceID=A19VAU5U5O7RUS&qid=1776496817&refinements=p_36%3A17500-18000&s=merchant-items&sr=1-82&xpid=JMQsO61hn7ubk#customerReviews,CAMP Turbohand Pro Ascender - Right
B07SNS2JCP,,,,
B07SGN1F1S,,185.24,https://www.amazon.sg/CAMP-Turbohand-Pro-Ascender-Left/dp/B07SGN1F1S/ref=sr_1_83?dib=eyJ2IjoiMSJ9.bqfkqpW419hHfb0rOpoyxFsISyA98WUCJaDJX7QnWrNCNw_EM4QJyRui8iKpYJZMbE4tgGMeaOUTUjuQ2oV2cIZzeWTb_rByizaBlqRnPAiUBcnqkLYaq-e71Nsarh8RsLd5HFG51wP5WY8P6b6wJonZPONujcEseWKzrChrNlo.VnIfIpOG4TgnVdJxRsMYx8d9W68KPB6i_BzEtjpBIj4&dib_tag=se&m=A3UEK3VBJ6ADB7&marketplaceID=A19VAU5U5O7RUS&qid=1776496817&refinements=p_36%3A17500-18000&s=merchant-items&sr=1-83&xpid=JMQsO61hn7ubk,CAMP Turbohand Pro Ascender - Left
B07SGN1F1S,,,,
B07RQ568LX,,310.0,https://www.amazon.sg/Interform-CL-3709BL-Refteo-Diameter-inches/dp/B07RQ568LX/ref=sr_1_84?dib=eyJ2IjoiMSJ9.bqfkqpW419hHfb0rOpoyxFsISyA98WUCJaDJX7QnWrNCNw_EM4QJyRui8iKpYJZMbE4tgGMeaOUTUjuQ2oV2cIZzeWTb_rByizaBlqRnPAiUBcnqkLYaq-e71Nsarh8RsLd5HFG51wP5WY8P6b6wJonZPONujcEseWKzrChrNlo.VnIfIpOG4TgnVdJxRsMYx8d9W68KPB6i_BzEtjpBIj4&dib_tag=se&m=A3UEK3VBJ6ADB7&marketplaceID=A19VAU5U5O7RUS&qid=1776496817&refinements=p_36%3A17500-18000&s=merchant-items&sr=1-84&xpid=JMQsO61hn7ubk#customerReviews,"Interform CL-3709BL Refteo Wall Clock, Radio Watch, Blue, Wood, Diameter 11.8 inches (30 cm)"
B07RQ568LX,,,,
B07R85PVN8,,177.71,https://www.amazon.sg/Eldridge-Painted-Complete-Figure-Resale/dp/B07R85PVN8/ref=sr_1_85?dib=eyJ2IjoiMSJ9.bqfkqpW419hHfb0rOpoyxFsISyA98WUCJaDJX7QnWrNCNw_EM4QJyRui8iKpYJZMbE4tgGMeaOUTUjuQ2oV2cIZzeWTb_rByizaBlqRnPAiUBcnqkLYaq-e71Nsarh8RsLd5HFG51wP5WY8P6b6wJonZPONujcEseWKzrChrNlo.VnIfIpOG4TgnVdJxRsMYx8d9W68KPB6i_BzEtjpBIj4&dib_tag=se&m=A3UEK3VBJ6ADB7&marketplaceID=A19VAU5U5O7RUS&qid=1776496817&refinements=p_36%3A17500-18000&s=merchant-items&sr=1-85&xpid=JMQsO61hn7ubk#customerReviews,Azure Lane Eldridge 1/7 Scale PVC Painted Complete Figure Resale
B07NMXXGZ6,,176.28,https://www.amazon.sg/Fujii-Denko-TBL-T-99-Fall-Prevention-Equipment/dp/B07NMXXGZ6/ref=sr_1_86?dib=eyJ2IjoiMSJ9.bqfkqpW419hHfb0rOpoyxFsISyA98WUCJaDJX7QnWrNCNw_EM4QJyRui8iKpYJZMbE4tgGMeaOUTUjuQ2oV2cIZzeWTb_rByizaBlqRnPAiUBcnqkLYaq-e71Nsarh8RsLd5HFG51wP5WY8P6b6wJonZPONujcEseWKzrChrNlo.VnIfIpOG4TgnVdJxRsMYx8d9W68KPB6i_BzEtjpBIj4&dib_tag=se&m=A3UEK3VBJ6ADB7&marketplaceID=A19VAU5U5O7RUS&qid=1776496817&refinements=p_36%3A17500-18000&s=merchant-items&sr=1-86&xpid=JMQsO61hn7ubk#customerReviews,"Fujii Denko TBL-T-99 Tsuyoron Fall-Prevention Equipment Safety Belt, Updated Standard, Waist Belt Type, Rope Type"
B07NMXXGZ6,,,,
B07NCRH9HW,,178.62,https://www.amazon.sg/TOEI-LIGHT-B2766-Backpack-Basket/dp/B07NCRH9HW/ref=sr_1_87?dib=eyJ2IjoiMSJ9.bqfkqpW419hHfb0rOpoyxFsISyA98WUCJaDJX7QnWrNCNw_EM4QJyRui8iKpYJZMbE4tgGMeaOUTUjuQ2oV2cIZzeWTb_rByizaBlqRnPAiUBcnqkLYaq-e71Nsarh8RsLd5HFG51wP5WY8P6b6wJonZPONujcEseWKzrChrNlo.VnIfIpOG4TgnVdJxRsMYx8d9W68KPB6i_BzEtjpBIj4&dib_tag=se&m=A3UEK3VBJ6ADB7&marketplaceID=A19VAU5U5O7RUS&qid=1776496817&refinements=p_36%3A17500-18000&s=merchant-items&sr=1-87&xpid=JMQsO61hn7ubk,TOEI LIGHT B2766 Backpack Basket
B07NCRH9HW,,,,
B07MKJPB1P,,178.2,https://www.amazon.sg/Hang-Out-LGS-325OL-Bonfire-Carry/dp/B07MKJPB1P/ref=sr_1_88?dib=eyJ2IjoiMSJ9.bqfkqpW419hHfb0rOpoyxFsISyA98WUCJaDJX7QnWrNCNw_EM4QJyRui8iKpYJZMbE4tgGMeaOUTUjuQ2oV2cIZzeWTb_rByizaBlqRnPAiUBcnqkLYaq-e71Nsarh8RsLd5HFG51wP5WY8P6b6wJonZPONujcEseWKzrChrNlo.VnIfIpOG4TgnVdJxRsMYx8d9W68KPB6i_BzEtjpBIj4&dib_tag=se&m=A3UEK3VBJ6ADB7&marketplaceID=A19VAU5U5O7RUS&qid=1776496817&refinements=p_36%3A17500-18000&s=merchant-items&sr=1-88&xpid=JMQsO61hn7ubk,"HangOut LGS-325 Log Carrier with Stand, Foldable, Compact, Firewood Carrier, Bag, Portable, Outdoor, Camping Goods"
B07MKJPB1P,,,,
B07MJQ1942,,185.0,https://www.amazon.sg/Imabari-Certified-Specifications-Absorbent-Drying/dp/B07MJQ1942/ref=sr_1_89?dib=eyJ2IjoiMSJ9.bqfkqpW419hHfb0rOpoyxFsISyA98WUCJaDJX7QnWrNCNw_EM4QJyRui8iKpYJZMbE4tgGMeaOUTUjuQ2oV2cIZzeWTb_rByizaBlqRnPAiUBcnqkLYaq-e71Nsarh8RsLd5HFG51wP5WY8P6b6wJonZPONujcEseWKzrChrNlo.VnIfIpOG4TgnVdJxRsMYx8d9W68KPB6i_BzEtjpBIj4&dib_tag=se&m=A3UEK3VBJ6ADB7&marketplaceID=A19VAU5U5O7RUS&qid=1776496817&refinements=p_36%3A17500-18000&s=merchant-items&sr=1-89&xpid=JMQsO61hn7ubk#customerReviews,"Bloom Imabari Towel, Certified Bath Towel, Set of 2, Ciel, Hotel Specifications, Water Absorbent, Quick Drying, Room Drying, 100% Cotton, Made in Japan (Navy)"
B07MJQ1942,,,,
B07L32CY4X,,193.64,https://www.amazon.sg/Banpresto-Dragon-Ichiban-Kuji-Prize-Saiyan/dp/B07L32CY4X/ref=sr_1_90?dib=eyJ2IjoiMSJ9.bqfkqpW419hHfb0rOpoyxFsISyA98WUCJaDJX7QnWrNCNw_EM4QJyRui8iKpYJZMbE4tgGMeaOUTUjuQ2oV2cIZzeWTb_rByizaBlqRnPAiUBcnqkLYaq-e71Nsarh8RsLd5HFG51wP5WY8P6b6wJonZPONujcEseWKzrChrNlo.VnIfIpOG4TgnVdJxRsMYx8d9W68KPB6i_BzEtjpBIj4&dib_tag=se&m=A3UEK3VBJ6ADB7&marketplaceID=A19VAU5U5O7RUS&qid=1776496817&refinements=p_36%3A17500-18000&s=merchant-items&sr=1-90&xpid=JMQsO61hn7ubk#customerReviews,"Banpresto "" Dragon Ball Ichiban-Kuji The 20Th Film [Prize Last One] Super Saiyan Broly (Japan Import)"
B07KR9SWVX,,196.59,https://www.amazon.sg/Plum-Azur-Lane-Eldridge-Multicolor/dp/B07KR9SWVX/ref=sr_1_91?dib=eyJ2IjoiMSJ9.bqfkqpW419hHfb0rOpoyxFsISyA98WUCJaDJX7QnWrNCNw_EM4QJyRui8iKpYJZMbE4tgGMeaOUTUjuQ2oV2cIZzeWTb_rByizaBlqRnPAiUBcnqkLYaq-e71Nsarh8RsLd5HFG51wP5WY8P6b6wJonZPONujcEseWKzrChrNlo.VnIfIpOG4TgnVdJxRsMYx8d9W68KPB6i_BzEtjpBIj4&dib_tag=se&m=A3UEK3VBJ6ADB7&marketplaceID=A19VAU5U5O7RUS&qid=1776496817&refinements=p_36%3A17500-18000&s=merchant-items&sr=1-91&xpid=JMQsO61hn7ubk#customerReviews,"Plum Azur Lane: USS Eldridge 1: 7 Scale PVC Figure, Multicolor"
B07KCFQ9XG,,193.26,https://www.amazon.sg/FCS-Performance-Core-Tri-Fin/dp/B07KCFQ9XG/ref=sr_1_97?dib=eyJ2IjoiMSJ9.HhSkO7Np_AyqbFTW0uXXzXgDfRwRiP5Tid6YjoOlQStuDIvS-1UHR-6g88sr36YNMOIsP_qdX1lu_n4j2xpZ5A.N82BeZaxNx_9x7Q68tpPyvkh95-Klb6do5_FHCMPy5k&dib_tag=se&m=A3UEK3VBJ6ADB7&marketplaceID=A19VAU5U5O7RUS&qid=1776496821&refinements=p_36%3A17500-18000&s=merchant-items&sr=1-97&xpid=JMQsO61hn7ubk#customerReviews,"FCS II Al Merrick AirCore Fin Set - Designed for Radical Progressive Surfing, high Performance fin Set Designed for All Conditions"
B07KCFQ9XG,,,,
B07KCDTZN1,,193.26,https://www.amazon.sg/FCS-Performance-Core-Tri-Fin/dp/B07KCDTZN1/ref=sr_1_98?dib=eyJ2IjoiMSJ9.HhSkO7Np_AyqbFTW0uXXzXgDfRwRiP5Tid6YjoOlQStuDIvS-1UHR-6g88sr36YNMOIsP_qdX1lu_n4j2xpZ5A.N82BeZaxNx_9x7Q68tpPyvkh95-Klb6do5_FHCMPy5k&dib_tag=se&m=A3UEK3VBJ6ADB7&marketplaceID=A19VAU5U5O7RUS&qid=1776496821&refinements=p_36%3A17500-18000&s=merchant-items&sr=1-98&xpid=JMQsO61hn7ubk#customerReviews,FCS II AM Performance Core Tri Fin Set - Grey - Large
B07KCDTZN1,,,,
B07JD94221,,176.09,https://www.amazon.sg/Venture-Polished-V-Light-Skateboard-Trucks/dp/B07JD94221/ref=sr_1_99?dib=eyJ2IjoiMSJ9.HhSkO7Np_AyqbFTW0uXXzXgDfRwRiP5Tid6YjoOlQStuDIvS-1UHR-6g88sr36YNMOIsP_qdX1lu_n4j2xpZ5A.N82BeZaxNx_9x7Q68tpPyvkh95-Klb6do5_FHCMPy5k&dib_tag=se&m=A3UEK3VBJ6ADB7&marketplaceID=A19VAU5U5O7RUS&qid=1776496821&refinements=p_36%3A17500-18000&s=merchant-items&sr=1-99&xpid=JMQsO61hn7ubk,"Venture All Polished V-Light Skateboard Trucks HI - Set of 2 (5.0(8.0""))"
B07JD94221,,,,
B07HYHTRYH,,183.33,https://www.amazon.sg/Urushiyama-Industries-Single-Handle-Compatible-Multi-Deep/dp/B07HYHTRYH/ref=sr_1_100?dib=eyJ2IjoiMSJ9.HhSkO7Np_AyqbFTW0uXXzXgDfRwRiP5Tid6YjoOlQStuDIvS-1UHR-6g88sr36YNMOIsP_qdX1lu_n4j2xpZ5A.N82BeZaxNx_9x7Q68tpPyvkh95-Klb6do5_FHCMPy5k&dib_tag=se&m=A3UEK3VBJ6ADB7&marketplaceID=A19VAU5U5O7RUS&qid=1776496821&refinements=p_36%3A17500-18000&s=merchant-items&sr=1-100&xpid=JMQsO61hn7ubk#customerReviews,"Urushiyama Metal Industries 20007 Itaru Single-Handle Pot, With Glass Lid, Induction Compatible, Multi-Deep Pan, 9.4 inches (24 cm), Silver"
B07HYHTRYH,,,,
B07H2WG6RG,,190.55,https://www.amazon.sg/Shimano-M9120-rezinpaddo-haidoro-rikku-ibrm9120mprf/dp/B07H2WG6RG/ref=sr_1_101?dib=eyJ2IjoiMSJ9.HhSkO7Np_AyqbFTW0uXXzXgDfRwRiP5Tid6YjoOlQStuDIvS-1UHR-6g88sr36YNMOIsP_qdX1lu_n4j2xpZ5A.N82BeZaxNx_9x7Q68tpPyvkh95-Klb6do5_FHCMPy5k&dib_tag=se&m=A3UEK3VBJ6ADB7&marketplaceID=A19VAU5U5O7RUS&qid=1776496821&refinements=p_36%3A17500-18000&s=merchant-items&sr=1-101&xpid=JMQsO61hn7ubk#customerReviews,Shimano BR M9120 rezinpaddo (N03) Fins with haidoro-rikku ibrm9120mprf
B07H2WG6RG,,,,
B07G6ND1T6,,177.79,https://www.amazon.sg/Signum-Pro-Fibercore-1-30mm-200M/dp/B07G6ND1T6/ref=sr_1_97?dib=eyJ2IjoiMSJ9.Zgdjy-ughXqlUFB1N5d9oRp9I6cgQGeeDhJX2w24zzt77SfzXNOwQKo7ojYHZPDB3dx6d2zTjYTrc6ElxHWJS7Nve_3xkQ5dx2aWLh0xmtfB35qOP9NU88Xsy9vvoKsvkLWCOiBejFeBG_zxj8dGpa9QNWb1I3P1RiSaqej2yjg.dc52CqIpDCT8r8d58F-9msFUVAvJUVhv3JMpIJDj3NU&dib_tag=se&m=A3UEK3VBJ6ADB7&marketplaceID=A19VAU5U5O7RUS&qid=1776496821&refinements=p_36%3A17500-18000&s=merchant-items&sr=1-97&xpid=JMQsO61hn7ubk,Signum Pro Fibercore 16 1.30mm 200M Reel
B07G6ND1T6,,,,
B077GRP3WP,,177.17,https://www.amazon.sg/Banpresto-Ichiban-Kuji-Apocrypha-Ruler-Figure/dp/B077GRP3WP/ref=sr_1_98?dib=eyJ2IjoiMSJ9.Zgdjy-ughXqlUFB1N5d9oRp9I6cgQGeeDhJX2w24zzt77SfzXNOwQKo7ojYHZPDB3dx6d2zTjYTrc6ElxHWJS7Nve_3xkQ5dx2aWLh0xmtfB35qOP9NU88Xsy9vvoKsvkLWCOiBejFeBG_zxj8dGpa9QNWb1I3P1RiSaqej2yjg.dc52CqIpDCT8r8d58F-9msFUVAvJUVhv3JMpIJDj3NU&dib_tag=se&m=A3UEK3VBJ6ADB7&marketplaceID=A19VAU5U5O7RUS&qid=1776496821&refinements=p_36%3A17500-18000&s=merchant-items&sr=1-98&xpid=JMQsO61hn7ubk#customerReviews,Banpresto Ichiban-Kuji Fate Apocrypha Ruler Figure A Award
B077GRP3WP,,,,
B077G8HKQH,,176.9,https://www.amazon.sg/DEDA-PARABOLICA-ALTA-Aerobar-Medium/dp/B077G8HKQH/ref=sr_1_99?dib=eyJ2IjoiMSJ9.Zgdjy-ughXqlUFB1N5d9oRp9I6cgQGeeDhJX2w24zzt77SfzXNOwQKo7ojYHZPDB3dx6d2zTjYTrc6ElxHWJS7Nve_3xkQ5dx2aWLh0xmtfB35qOP9NU88Xsy9vvoKsvkLWCOiBejFeBG_zxj8dGpa9QNWb1I3P1RiSaqej2yjg.dc52CqIpDCT8r8d58F-9msFUVAvJUVhv3JMpIJDj3NU&dib_tag=se&m=A3UEK3VBJ6ADB7&marketplaceID=A19VAU5U5O7RUS&qid=1776496821&refinements=p_36%3A17500-18000&s=merchant-items&sr=1-99&xpid=JMQsO61hn7ubk#customerReviews,DEDA PARABOLICA ALTA UNO 31.7 Aerobar Medium
B077G8HKQH,,,,
B077G8FLNT,,177.84,https://www.amazon.sg/DEDA-PARABOLICA-ALTA-31-7-Handlebar/dp/B077G8FLNT/ref=sr_1_100?dib=eyJ2IjoiMSJ9.Zgdjy-ughXqlUFB1N5d9oRp9I6cgQGeeDhJX2w24zzt77SfzXNOwQKo7ojYHZPDB3dx6d2zTjYTrc6ElxHWJS7Nve_3xkQ5dx2aWLh0xmtfB35qOP9NU88Xsy9vvoKsvkLWCOiBejFeBG_zxj8dGpa9QNWb1I3P1RiSaqej2yjg.dc52CqIpDCT8r8d58F-9msFUVAvJUVhv3JMpIJDj3NU&dib_tag=se&m=A3UEK3VBJ6ADB7&marketplaceID=A19VAU5U5O7RUS&qid=1776496821&refinements=p_36%3A17500-18000&s=merchant-items&sr=1-100&xpid=JMQsO61hn7ubk#customerReviews,Deda Elementi Parabolica Due Handlebar Extensions
B077G8FLNT,,,,
B076MFNZ9V,,177.85,https://www.amazon.sg/DEDA-ZERO-SHALLOW-Handlebar-Black/dp/B076MFNZ9V/ref=sr_1_101?dib=eyJ2IjoiMSJ9.Zgdjy-ughXqlUFB1N5d9oRp9I6cgQGeeDhJX2w24zzt77SfzXNOwQKo7ojYHZPDB3dx6d2zTjYTrc6ElxHWJS7Nve_3xkQ5dx2aWLh0xmtfB35qOP9NU88Xsy9vvoKsvkLWCOiBejFeBG_zxj8dGpa9QNWb1I3P1RiSaqej2yjg.dc52CqIpDCT8r8d58F-9msFUVAvJUVhv3JMpIJDj3NU&dib_tag=se&m=A3UEK3VBJ6ADB7&marketplaceID=A19VAU5U5O7RUS&qid=1776496821&refinements=p_36%3A17500-18000&s=merchant-items&sr=1-101&xpid=JMQsO61hn7ubk#customerReviews,DEDA ZERO 100 SHALLOW BLK 31.7/440 Handlebar Black
B076MFNZ9V,,,,
B072JJW8YK,,175.08,https://www.amazon.sg/Good-Smile-Character-Vocal-Nendoroid/dp/B072JJW8YK/ref=sr_1_102?dib=eyJ2IjoiMSJ9.Zgdjy-ughXqlUFB1N5d9oRp9I6cgQGeeDhJX2w24zzt77SfzXNOwQKo7ojYHZPDB3dx6d2zTjYTrc6ElxHWJS7Nve_3xkQ5dx2aWLh0xmtfB35qOP9NU88Xsy9vvoKsvkLWCOiBejFeBG_zxj8dGpa9QNWb1I3P1RiSaqej2yjg.dc52CqIpDCT8r8d58F-9msFUVAvJUVhv3JMpIJDj3NU&dib_tag=se&m=A3UEK3VBJ6ADB7&marketplaceID=A19VAU5U5O7RUS&qid=1776496821&refinements=p_36%3A17500-18000&s=merchant-items&sr=1-102&xpid=JMQsO61hn7ubk#customerReviews,Good Smile Character Vocal Series 02: Kagamine Len (Harvest Moon Version) Nendoroid Action Figure
B071L3QZYN,,176.45,https://www.amazon.sg/Banpresto-Dragon-Creator-Vegeta-Figure/dp/B071L3QZYN/ref=sr_1_103?dib=eyJ2IjoiMSJ9.Zgdjy-ughXqlUFB1N5d9oRp9I6cgQGeeDhJX2w24zzt77SfzXNOwQKo7ojYHZPDB3dx6d2zTjYTrc6ElxHWJS7Nve_3xkQ5dx2aWLh0xmtfB35qOP9NU88Xsy9vvoKsvkLWCOiBejFeBG_zxj8dGpa9QNWb1I3P1RiSaqej2yjg.dc52CqIpDCT8r8d58F-9msFUVAvJUVhv3JMpIJDj3NU&dib_tag=se&m=A3UEK3VBJ6ADB7&marketplaceID=A19VAU5U5O7RUS&qid=1776496821&refinements=p_36%3A17500-18000&s=merchant-items&sr=1-103&xpid=JMQsO61hn7ubk#customerReviews,Banpresto Dragon Ball Z Creator X Creator Great Ape Vegeta Figure
B0714PT7YS,,176.43,https://www.amazon.sg/FCS-Modern-Performance-Glass-Large/dp/B0714PT7YS/ref=sr_1_104?dib=eyJ2IjoiMSJ9.Zgdjy-ughXqlUFB1N5d9oRp9I6cgQGeeDhJX2w24zzt77SfzXNOwQKo7ojYHZPDB3dx6d2zTjYTrc6ElxHWJS7Nve_3xkQ5dx2aWLh0xmtfB35qOP9NU88Xsy9vvoKsvkLWCOiBejFeBG_zxj8dGpa9QNWb1I3P1RiSaqej2yjg.dc52CqIpDCT8r8d58F-9msFUVAvJUVhv3JMpIJDj3NU&dib_tag=se&m=A3UEK3VBJ6ADB7&marketplaceID=A19VAU5U5O7RUS&qid=1776496821&refinements=p_36%3A17500-18000&s=merchant-items&sr=1-104&xpid=JMQsO61hn7ubk#customerReviews,FCS II Modern Keel Performance Glass Twin Fin X Large Blue
B0714PT7YS,,,,
B06XTYCLV5,,198.95,https://www.amazon.sg/Volkl-V-Pro-1-18mm-200M-Reel/dp/B06XTYCLV5/ref=sr_1_105?dib=eyJ2IjoiMSJ9.Zgdjy-ughXqlUFB1N5d9oRp9I6cgQGeeDhJX2w24zzt77SfzXNOwQKo7ojYHZPDB3dx6d2zTjYTrc6ElxHWJS7Nve_3xkQ5dx2aWLh0xmtfB35qOP9NU88Xsy9vvoKsvkLWCOiBejFeBG_zxj8dGpa9QNWb1I3P1RiSaqej2yjg.dc52CqIpDCT8r8d58F-9msFUVAvJUVhv3JMpIJDj3NU&dib_tag=se&m=A3UEK3VBJ6ADB7&marketplaceID=A19VAU5U5O7RUS&qid=1776496821&refinements=p_36%3A17500-18000&s=merchant-items&sr=1-105&xpid=JMQsO61hn7ubk#customerReviews,Volkl V-Pro Tennis String Reel Blue
B06XTYCLV5,,,,
B06X9HLQK9,,178.09,https://www.amazon.sg/Shimano-FC-R2000-50X34T-Chainwheel-EFCR2000AX04X/dp/B06X9HLQK9/ref=sr_1_106?dib=eyJ2IjoiMSJ9.Zgdjy-ughXqlUFB1N5d9oRp9I6cgQGeeDhJX2w24zzt77SfzXNOwQKo7ojYHZPDB3dx6d2zTjYTrc6ElxHWJS7Nve_3xkQ5dx2aWLh0xmtfB35qOP9NU88Xsy9vvoKsvkLWCOiBejFeBG_zxj8dGpa9QNWb1I3P1RiSaqej2yjg.dc52CqIpDCT8r8d58F-9msFUVAvJUVhv3JMpIJDj3NU&dib_tag=se&m=A3UEK3VBJ6ADB7&marketplaceID=A19VAU5U5O7RUS&qid=1776496821&refinements=p_36%3A17500-18000&s=merchant-items&sr=1-106&xpid=JMQsO61hn7ubk#customerReviews,Shimano FC-R2000 50X34T Front Chainwheel 6.5 inches (165 mm) 8S EFCR2000AX04X CLARIS
B06X9HLQK9,,,,
B06X8YWLJJ,,179.06,https://www.amazon.sg/Banpresto-5-5-Inch-Fujiko-Opening-Vignette/dp/B06X8YWLJJ/ref=sr_1_107?dib=eyJ2IjoiMSJ9.Zgdjy-ughXqlUFB1N5d9oRp9I6cgQGeeDhJX2w24zzt77SfzXNOwQKo7ojYHZPDB3dx6d2zTjYTrc6ElxHWJS7Nve_3xkQ5dx2aWLh0xmtfB35qOP9NU88Xsy9vvoKsvkLWCOiBejFeBG_zxj8dGpa9QNWb1I3P1RiSaqej2yjg.dc52CqIpDCT8r8d58F-9msFUVAvJUVhv3JMpIJDj3NU&dib_tag=se&m=A3UEK3VBJ6ADB7&marketplaceID=A19VAU5U5O7RUS&qid=1776496821&refinements=p_36%3A17500-18000&s=merchant-items&sr=1-107&xpid=JMQsO61hn7ubk#customerReviews,"Banpresto "" 5.5-Inch Lupin The Third Fujiko Mine Opening Vignette Iii"
B06X8YWLJJ,,,,
B01NASHC1U,,176.33,https://www.amazon.sg/Frame-arms-SA-17s-Lapierre-Zephyr/dp/B01NASHC1U/ref=sr_1_113?dib=eyJ2IjoiMSJ9.DJD5EkKeXJQY3jL-FGqpGtkwENc7Oajt5L1mzPqK4O99heoixsbqR7xH_-cX3Mt5Q2dYwtP0CE9PSPC8jzMTuQ.wk9ITOm3O_-nISvCWzj9bnqyW-YgSKFs44ji40Fsnaw&dib_tag=se&m=A3UEK3VBJ6ADB7&marketplaceID=A19VAU5U5O7RUS&qid=1776496827&refinements=p_36%3A17500-18000&s=merchant-items&sr=1-113&xpid=JMQsO61hn7ubk#customerReviews,Frame arms SA-17s Lapierre Zephyr:RE Height approx about 1/100 (number) Scale Plastic model
B01MSBC0CX,,176.0,https://www.amazon.sg/Shimano-Spinning-Reel-Sedona-c2000hgs/dp/B01MSBC0CX/ref=sr_1_114?dib=eyJ2IjoiMSJ9.DJD5EkKeXJQY3jL-FGqpGtkwENc7Oajt5L1mzPqK4O99heoixsbqR7xH_-cX3Mt5Q2dYwtP0CE9PSPC8jzMTuQ.wk9ITOm3O_-nISvCWzj9bnqyW-YgSKFs44ji40Fsnaw&dib_tag=se&m=A3UEK3VBJ6ADB7&marketplaceID=A19VAU5U5O7RUS&qid=1776496827&refinements=p_36%3A17500-18000&s=merchant-items&sr=1-114&xpid=JMQsO61hn7ubk#customerReviews,"Shimano C2000HGS 17 Sedona Spinning Reel, Horse Mackerel, Rockfish"
B01MSBC0CX,,,,
B01LX6D4WW,,177.0,https://www.amazon.sg/Takagi-Metal-Induction-Compatible-Enamel/dp/B01LX6D4WW/ref=sr_1_115?dib=eyJ2IjoiMSJ9.DJD5EkKeXJQY3jL-FGqpGtkwENc7Oajt5L1mzPqK4O99heoixsbqR7xH_-cX3Mt5Q2dYwtP0CE9PSPC8jzMTuQ.wk9ITOm3O_-nISvCWzj9bnqyW-YgSKFs44ji40Fsnaw&dib_tag=se&m=A3UEK3VBJ6ADB7&marketplaceID=A19VAU5U5O7RUS&qid=1776496827&refinements=p_36%3A17500-18000&s=merchant-items&sr=1-115&xpid=JMQsO61hn7ubk,"Takagi Metal ON-22F Deep Pot, Induction Compatible, Enamel, 8.7 inches (22 cm), Black Onyx"
B01LX6D4WW,,,,
B01KVTPIDI,,177.8,https://www.amazon.sg/Grivel-Thor-Hammer-with-Leash/dp/B01KVTPIDI/ref=sr_1_116?dib=eyJ2IjoiMSJ9.DJD5EkKeXJQY3jL-FGqpGtkwENc7Oajt5L1mzPqK4O99heoixsbqR7xH_-cX3Mt5Q2dYwtP0CE9PSPC8jzMTuQ.wk9ITOm3O_-nISvCWzj9bnqyW-YgSKFs44ji40Fsnaw&dib_tag=se&m=A3UEK3VBJ6ADB7&marketplaceID=A19VAU5U5O7RUS&qid=1776496827&refinements=p_36%3A17500-18000&s=merchant-items&sr=1-116&xpid=JMQsO61hn7ubk#customerReviews,Grivel Thor Hammer with Leash
B01GPRYEJE,,176.19,https://www.amazon.sg/Good-Smile-Nendoroid-Yoshikawa-Non-scale/dp/B01GPRYEJE/ref=sr_1_117?dib=eyJ2IjoiMSJ9.DJD5EkKeXJQY3jL-FGqpGtkwENc7Oajt5L1mzPqK4O99heoixsbqR7xH_-cX3Mt5Q2dYwtP0CE9PSPC8jzMTuQ.wk9ITOm3O_-nISvCWzj9bnqyW-YgSKFs44ji40Fsnaw&dib_tag=se&m=A3UEK3VBJ6ADB7&marketplaceID=A19VAU5U5O7RUS&qid=1776496827&refinements=p_36%3A17500-18000&s=merchant-items&sr=1-117&xpid=JMQsO61hn7ubk#customerReviews,Good Smile Company [Yuru Yuri San Hai!] Nendoroid Chinatsu Yoshikawa (Non-scale ABS & PVC painted movable figure) (Japan Import)
B01E13E8O0,,176.67,https://www.amazon.sg/B-AIR-STRAP-Saxophone-Standard-BSN-AP-L/dp/B01E13E8O0/ref=sr_1_113?dib=eyJ2IjoiMSJ9.MzNl8tSIlNEXhbvdkPFei3Bt1YZVS1pMwz7RMgiZZ0H1UZRht7_mzKQ2mPmxQPmECPNBonraFU0SCGTgLEwzxQftGkyV9HynUp0tX7VLUJQISg_R6LTE9Td53QEPpFPvuq2B5S5WSvi01KXdfEP379tJbMxrSX3sGSG8sXsx1r4.9kClEBdrxoeuyxMWz9aTfvcf1DyIAzXpWmwRn1kUyKA&dib_tag=se&m=A3UEK3VBJ6ADB7&marketplaceID=A19VAU5U5O7RUS&qid=1776496827&refinements=p_36%3A17500-18000&s=merchant-items&sr=1-113&xpid=JMQsO61hn7ubk,B.AIR BIRD STRAP Saxophone Strap Standard Long BSN-AP-L Large
B01E13E8O0,,,,
B017ILTWZM,,178.08,https://www.amazon.sg/ZOIDS-Hayate-Liger-Action-Figure/dp/B017ILTWZM/ref=sr_1_114?dib=eyJ2IjoiMSJ9.MzNl8tSIlNEXhbvdkPFei3Bt1YZVS1pMwz7RMgiZZ0H1UZRht7_mzKQ2mPmxQPmECPNBonraFU0SCGTgLEwzxQftGkyV9HynUp0tX7VLUJQISg_R6LTE9Td53QEPpFPvuq2B5S5WSvi01KXdfEP379tJbMxrSX3sGSG8sXsx1r4.9kClEBdrxoeuyxMWz9aTfvcf1DyIAzXpWmwRn1kUyKA&dib_tag=se&m=A3UEK3VBJ6ADB7&marketplaceID=A19VAU5U5O7RUS&qid=1776496827&refinements=p_36%3A17500-18000&s=merchant-items&sr=1-114&xpid=JMQsO61hn7ubk#customerReviews,ZOIDS ZA Hayate Liger 1/100 Scale ABS Action Figure
B014A49KJ8,,270.0,https://www.amazon.sg/Daiwa-Model-Spinning-Monster-Distant/dp/B014A49KJ8/ref=sr_1_115?dib=eyJ2IjoiMSJ9.MzNl8tSIlNEXhbvdkPFei3Bt1YZVS1pMwz7RMgiZZ0H1UZRht7_mzKQ2mPmxQPmECPNBonraFU0SCGTgLEwzxQftGkyV9HynUp0tX7VLUJQISg_R6LTE9Td53QEPpFPvuq2B5S5WSvi01KXdfEP379tJbMxrSX3sGSG8sXsx1r4.9kClEBdrxoeuyxMWz9aTfvcf1DyIAzXpWmwRn1kUyKA&dib_tag=se&m=A3UEK3VBJ6ADB7&marketplaceID=A19VAU5U5O7RUS&qid=1776496827&refinements=p_36%3A17500-18000&s=merchant-items&sr=1-115&xpid=JMQsO61hn7ubk#customerReviews,"Daiwa 6000 2015 Model Spinning Reel, Taman Monster (Throw/Distant Throw)"
B014A49KJ8,,,,
B0113PN1RY,,179.8,https://www.amazon.sg/Kotobukiya-Romantic-Comedy-Yukino-Yukinoshita/dp/B0113PN1RY/ref=sr_1_116?dib=eyJ2IjoiMSJ9.MzNl8tSIlNEXhbvdkPFei3Bt1YZVS1pMwz7RMgiZZ0H1UZRht7_mzKQ2mPmxQPmECPNBonraFU0SCGTgLEwzxQftGkyV9HynUp0tX7VLUJQISg_R6LTE9Td53QEPpFPvuq2B5S5WSvi01KXdfEP379tJbMxrSX3sGSG8sXsx1r4.9kClEBdrxoeuyxMWz9aTfvcf1DyIAzXpWmwRn1kUyKA&dib_tag=se&m=A3UEK3VBJ6ADB7&marketplaceID=A19VAU5U5O7RUS&qid=1776496827&refinements=p_36%3A17500-18000&s=merchant-items&sr=1-116&xpid=JMQsO61hn7ubk#customerReviews,Kotobukiya My Teen Romantic Comedy Snafu Too! Yukino Yukinoshita Ani Statue
B00YS7E4VC,,207.85,https://www.amazon.sg/NTN-DOUBLE-ROW-ANGULAR-CONTACT/dp/B00YS7E4VC/ref=sr_1_117?dib=eyJ2IjoiMSJ9.MzNl8tSIlNEXhbvdkPFei3Bt1YZVS1pMwz7RMgiZZ0H1UZRht7_mzKQ2mPmxQPmECPNBonraFU0SCGTgLEwzxQftGkyV9HynUp0tX7VLUJQISg_R6LTE9Td53QEPpFPvuq2B5S5WSvi01KXdfEP379tJbMxrSX3sGSG8sXsx1r4.9kClEBdrxoeuyxMWz9aTfvcf1DyIAzXpWmwRn1kUyKA&dib_tag=se&m=A3UEK3VBJ6ADB7&marketplaceID=A19VAU5U5O7RUS&qid=1776496827&refinements=p_36%3A17500-18000&s=merchant-items&sr=1-117&xpid=JMQsO61hn7ubk,NTN DOUBLE ROW ANGULAR CONTACT (5311)
B00YS7E4VC,,,,
B00VD1OAVU,,175.93,https://www.amazon.sg/Campagnolo-HB-SH100-USB-Bearing-Wheel/dp/B00VD1OAVU/ref=sr_1_118?dib=eyJ2IjoiMSJ9.MzNl8tSIlNEXhbvdkPFei3Bt1YZVS1pMwz7RMgiZZ0H1UZRht7_mzKQ2mPmxQPmECPNBonraFU0SCGTgLEwzxQftGkyV9HynUp0tX7VLUJQISg_R6LTE9Td53QEPpFPvuq2B5S5WSvi01KXdfEP379tJbMxrSX3sGSG8sXsx1r4.9kClEBdrxoeuyxMWz9aTfvcf1DyIAzXpWmwRn1kUyKA&dib_tag=se&m=A3UEK3VBJ6ADB7&marketplaceID=A19VAU5U5O7RUS&qid=1776496827&refinements=p_36%3A17500-18000&s=merchant-items&sr=1-118&xpid=JMQsO61hn7ubk#customerReviews,Campagnolo HB-SH100 USB Bearing Kit (For 1 Wheel)
B00VD1OAVU,,,,
B00UWB47UQ,,175.76,https://www.amazon.sg/Sugino-CBBAL-113-Cartridge-Bottom-Bracket/dp/B00UWB47UQ/ref=sr_1_119?dib=eyJ2IjoiMSJ9.MzNl8tSIlNEXhbvdkPFei3Bt1YZVS1pMwz7RMgiZZ0H1UZRht7_mzKQ2mPmxQPmECPNBonraFU0SCGTgLEwzxQftGkyV9HynUp0tX7VLUJQISg_R6LTE9Td53QEPpFPvuq2B5S5WSvi01KXdfEP379tJbMxrSX3sGSG8sXsx1r4.9kClEBdrxoeuyxMWz9aTfvcf1DyIAzXpWmwRn1kUyKA&dib_tag=se&m=A3UEK3VBJ6ADB7&marketplaceID=A19VAU5U5O7RUS&qid=1776496827&refinements=p_36%3A17500-18000&s=merchant-items&sr=1-119&xpid=JMQsO61hn7ubk,Sugino CBBAL-113 Cartridge Bottom Bracket
B00UWB47UQ,,,,
B00UH9LY3G,,192.43,https://www.amazon.sg/NTN-Bearing-16022-Single-Clearance/dp/B00UH9LY3G/ref=sr_1_120?dib=eyJ2IjoiMSJ9.MzNl8tSIlNEXhbvdkPFei3Bt1YZVS1pMwz7RMgiZZ0H1UZRht7_mzKQ2mPmxQPmECPNBonraFU0SCGTgLEwzxQftGkyV9HynUp0tX7VLUJQISg_R6LTE9Td53QEPpFPvuq2B5S5WSvi01KXdfEP379tJbMxrSX3sGSG8sXsx1r4.9kClEBdrxoeuyxMWz9aTfvcf1DyIAzXpWmwRn1kUyKA&dib_tag=se&m=A3UEK3VBJ6ADB7&marketplaceID=A19VAU5U5O7RUS&qid=1776496827&refinements=p_36%3A17500-18000&s=merchant-items&sr=1-120&xpid=JMQsO61hn7ubk,"NTN Bearing 16022 Single Row Deep Groove Radial Ball Bearing, Normal Clearance, Steel Cage, 110 mm Bore ID, 170 mm OD, 19 mm Width, Open"
B00UH9LY3G,,,,
B00SM8E1AW,,175.88,https://www.amazon.sg/Coca-Cola-0050876-0003-Mirror-inches/dp/B00SM8E1AW/ref=sr_1_121?dib=eyJ2IjoiMSJ9.MzNl8tSIlNEXhbvdkPFei3Bt1YZVS1pMwz7RMgiZZ0H1UZRht7_mzKQ2mPmxQPmECPNBonraFU0SCGTgLEwzxQftGkyV9HynUp0tX7VLUJQISg_R6LTE9Td53QEPpFPvuq2B5S5WSvi01KXdfEP379tJbMxrSX3sGSG8sXsx1r4.9kClEBdrxoeuyxMWz9aTfvcf1DyIAzXpWmwRn1kUyKA&dib_tag=se&m=A3UEK3VBJ6ADB7&marketplaceID=A19VAU5U5O7RUS&qid=1776496827&refinements=p_36%3A17500-18000&s=merchant-items&sr=1-121&xpid=JMQsO61hn7ubk,"Coca Cola 0050876-0003 Mirror Mirror, 24.8 x 15.0 x 1.4 inches (63 x 38 x 3.5 cm)"
B00SM8E1AW,,,,
B00R70VVV8,,178.55,https://www.amazon.sg/Triad-Orbit-Orbit-OA-Free-Standing-Single-Arm/dp/B00R70VVV8/ref=sr_1_122?dib=eyJ2IjoiMSJ9.MzNl8tSIlNEXhbvdkPFei3Bt1YZVS1pMwz7RMgiZZ0H1UZRht7_mzKQ2mPmxQPmECPNBonraFU0SCGTgLEwzxQftGkyV9HynUp0tX7VLUJQISg_R6LTE9Td53QEPpFPvuq2B5S5WSvi01KXdfEP379tJbMxrSX3sGSG8sXsx1r4.9kClEBdrxoeuyxMWz9aTfvcf1DyIAzXpWmwRn1kUyKA&dib_tag=se&m=A3UEK3VBJ6ADB7&marketplaceID=A19VAU5U5O7RUS&qid=1776496827&refinements=p_36%3A17500-18000&s=merchant-items&sr=1-122&xpid=JMQsO61hn7ubk#customerReviews,Triad-Orbit Orbit Arm OA Free-Standing Single-Arm Boom
B00R70VVV8,,,,
B00PXIDWOA,,178.63,https://www.amazon.sg/Banpresto-rider-Figures-awakening-Shining/dp/B00PXIDWOA/ref=sr_1_123?dib=eyJ2IjoiMSJ9.MzNl8tSIlNEXhbvdkPFei3Bt1YZVS1pMwz7RMgiZZ0H1UZRht7_mzKQ2mPmxQPmECPNBonraFU0SCGTgLEwzxQftGkyV9HynUp0tX7VLUJQISg_R6LTE9Td53QEPpFPvuq2B5S5WSvi01KXdfEP379tJbMxrSX3sGSG8sXsx1r4.9kClEBdrxoeuyxMWz9aTfvcf1DyIAzXpWmwRn1kUyKA&dib_tag=se&m=A3UEK3VBJ6ADB7&marketplaceID=A19VAU5U5O7RUS&qid=1776496827&refinements=p_36%3A17500-18000&s=merchant-items&sr=1-123&xpid=JMQsO61hn7ubk,Banpresto DX rider Figures & bike Agito awakening Hen Agito Shining Form
B00MGETUH2,,182.76,https://www.amazon.sg/DT-Swiss-tooth-ratchets-ratchet/dp/B00MGETUH2/ref=sr_1_129?dib=eyJ2IjoiMSJ9.H0b5SX1LJbCVqn5BizUrddDXoBzJr8MD17hMZchBTFBqqji70BS35B3OSzIY3mS-C66Ofq4pE-Qddegw7PKFOw.qdMFz0SjSR5CCYaA6YsOboNOt--zAWYaHsp-Hx4wA28&dib_tag=se&m=A3UEK3VBJ6ADB7&marketplaceID=A19VAU5U5O7RUS&qid=1776496831&refinements=p_36%3A17500-18000&s=merchant-items&sr=1-129&xpid=JMQsO61hn7ubk,DT Swiss 36 tooth ratchets rings for star ratchet hubs - 180/240 / 350
B00MGETUH2,,,,
B00JM5GLUM,,176.92,https://www.amazon.sg/Banpresto-48754-Dragon-Battle-Figure/dp/B00JM5GLUM/ref=sr_1_130?dib=eyJ2IjoiMSJ9.H0b5SX1LJbCVqn5BizUrddDXoBzJr8MD17hMZchBTFBqqji70BS35B3OSzIY3mS-C66Ofq4pE-Qddegw7PKFOw.qdMFz0SjSR5CCYaA6YsOboNOt--zAWYaHsp-Hx4wA28&dib_tag=se&m=A3UEK3VBJ6ADB7&marketplaceID=A19VAU5U5O7RUS&qid=1776496831&refinements=p_36%3A17500-18000&s=merchant-items&sr=1-130&xpid=JMQsO61hn7ubk#customerReviews,"Banpresto 48754 Dragon Ball Z Battle of The Gods Whis Figure, 7"""
B00JDH92RI,,176.19,https://www.amazon.sg/DIXNA-Libra-Pedal-Powder-Gray/dp/B00JDH92RI/ref=sr_1_131?dib=eyJ2IjoiMSJ9.H0b5SX1LJbCVqn5BizUrddDXoBzJr8MD17hMZchBTFBqqji70BS35B3OSzIY3mS-C66Ofq4pE-Qddegw7PKFOw.qdMFz0SjSR5CCYaA6YsOboNOt--zAWYaHsp-Hx4wA28&dib_tag=se&m=A3UEK3VBJ6ADB7&marketplaceID=A19VAU5U5O7RUS&qid=1776496831&refinements=p_36%3A17500-18000&s=merchant-items&sr=1-131&xpid=JMQsO61hn7ubk,"DIXNA Libra QRD Pedal, Powder Gray, Powder Gray"
B00JDH92RI,,,,
B00G0OM8P0,,177.8,https://www.amazon.sg/THOMSON-SILVER-SME163SL-Silver-31-8mm/dp/B00G0OM8P0/ref=sr_1_132?dib=eyJ2IjoiMSJ9.H0b5SX1LJbCVqn5BizUrddDXoBzJr8MD17hMZchBTFBqqji70BS35B3OSzIY3mS-C66Ofq4pE-Qddegw7PKFOw.qdMFz0SjSR5CCYaA6YsOboNOt--zAWYaHsp-Hx4wA28&dib_tag=se&m=A3UEK3VBJ6ADB7&marketplaceID=A19VAU5U5O7RUS&qid=1776496831&refinements=p_36%3A17500-18000&s=merchant-items&sr=1-132&xpid=JMQsO61hn7ubk#customerReviews,"Thomson X4 Bike Stem, Silver"
B00G0OM8P0,,,,
B00FA5R8GE,,179.7,https://www.amazon.sg/THOMSON-Bike-Stem-Black-0-Degree/dp/B00FA5R8GE/ref=sr_1_133?dib=eyJ2IjoiMSJ9.H0b5SX1LJbCVqn5BizUrddDXoBzJr8MD17hMZchBTFBqqji70BS35B3OSzIY3mS-C66Ofq4pE-Qddegw7PKFOw.qdMFz0SjSR5CCYaA6YsOboNOt--zAWYaHsp-Hx4wA28&dib_tag=se&m=A3UEK3VBJ6ADB7&marketplaceID=A19VAU5U5O7RUS&qid=1776496831&refinements=p_36%3A17500-18000&s=merchant-items&sr=1-133&xpid=JMQsO61hn7ubk#customerReviews,"Thomson X4 Bike Stem, Silver"
B00FA5R8GE,,,,
B00D2K9CBS,,178.94,https://www.amazon.sg/Pearl-D-730S-Drum-Sloane/dp/B00D2K9CBS/ref=sr_1_129?dib=eyJ2IjoiMSJ9.kfxx9pRK-_ez2Pp3f_dUL0IaxhvBGY0Cn_KozuY--bPPrIDz4BSJmkqeH_NCCF_yvVPTFsUUHw4CtMzmpqoFmh2ytw-rmT8IDlCPZJ8BG-D4xYH0Lec8ZQHw6XulHhtUV3gPH94hX4tuijUqJ3tQPtWZNfjUKEaNoNzj7Iz_09M.tM81C1mCswq3qIKOJ0OGtBv9OkAQcO1Rn1K3FtZ14dU&dib_tag=se&m=A3UEK3VBJ6ADB7&marketplaceID=A19VAU5U5O7RUS&qid=1776496831&refinements=p_36%3A17500-18000&s=merchant-items&sr=1-129&xpid=JMQsO61hn7ubk#customerReviews,Pearl D-730S Drum Sloane
B00D2K9CBS,,,,
B00BP2SOXC,,175.8,https://www.amazon.sg/Mini-Kagami-Biraki-Set-Celebrations/dp/B00BP2SOXC/ref=sr_1_130?dib=eyJ2IjoiMSJ9.kfxx9pRK-_ez2Pp3f_dUL0IaxhvBGY0Cn_KozuY--bPPrIDz4BSJmkqeH_NCCF_yvVPTFsUUHw4CtMzmpqoFmh2ytw-rmT8IDlCPZJ8BG-D4xYH0Lec8ZQHw6XulHhtUV3gPH94hX4tuijUqJ3tQPtWZNfjUKEaNoNzj7Iz_09M.tM81C1mCswq3qIKOJ0OGtBv9OkAQcO1Rn1K3FtZ14dU&dib_tag=se&m=A3UEK3VBJ6ADB7&marketplaceID=A19VAU5U5O7RUS&qid=1776496831&refinements=p_36%3A17500-18000&s=merchant-items&sr=1-130&xpid=JMQsO61hn7ubk,Mini Kagami Biraki Set: Special Sake Set for Celebrations Sakura Mori Cherry Blossom
B00BP2SOXC,,,,
B00BJWDVNG,,175.39,https://www.amazon.sg/Megahouse-Lord-Lords-Ryu-Knight/dp/B00BJWDVNG/ref=sr_1_131?dib=eyJ2IjoiMSJ9.kfxx9pRK-_ez2Pp3f_dUL0IaxhvBGY0Cn_KozuY--bPPrIDz4BSJmkqeH_NCCF_yvVPTFsUUHw4CtMzmpqoFmh2ytw-rmT8IDlCPZJ8BG-D4xYH0Lec8ZQHw6XulHhtUV3gPH94hX4tuijUqJ3tQPtWZNfjUKEaNoNzj7Iz_09M.tM81C1mCswq3qIKOJ0OGtBv9OkAQcO1Rn1K3FtZ14dU&dib_tag=se&m=A3UEK3VBJ6ADB7&marketplaceID=A19VAU5U5O7RUS&qid=1776496831&refinements=p_36%3A17500-18000&s=merchant-items&sr=1-131&xpid=JMQsO61hn7ubk#customerReviews,Megahouse Lord Of Lords Ryu Knight: Ryu Paladin (Adieu Legend)
B00B8KR8GU,,176.61,https://www.amazon.sg/fejidaw-%E8%97%A4-%E5%9C%AD%E5%AD%90-%E8%89%B6%E3%83%BB%E6%80%A8%E3%83%BB%E6%BC%94%E6%AD%8C/dp/B00B8KR8GU/ref=sr_1_132?dib=eyJ2IjoiMSJ9.kfxx9pRK-_ez2Pp3f_dUL0IaxhvBGY0Cn_KozuY--bPPrIDz4BSJmkqeH_NCCF_yvVPTFsUUHw4CtMzmpqoFmh2ytw-rmT8IDlCPZJ8BG-D4xYH0Lec8ZQHw6XulHhtUV3gPH94hX4tuijUqJ3tQPtWZNfjUKEaNoNzj7Iz_09M.tM81C1mCswq3qIKOJ0OGtBv9OkAQcO1Rn1K3FtZ14dU&dib_tag=se&m=A3UEK3VBJ6ADB7&marketplaceID=A19VAU5U5O7RUS&qid=1776496831&refinements=p_36%3A17500-18000&s=merchant-items&sr=1-132&xpid=JMQsO61hn7ubk#customerReviews,藤 圭子 艶・怨・演歌
B00B8KR8GU,,,,
B00B7YHVLO,,177.61,https://www.amazon.sg/Nissin-Uzaki-Prospec-2-Way-Tenkara/dp/B00B7YHVLO/ref=sr_1_133?dib=eyJ2IjoiMSJ9.kfxx9pRK-_ez2Pp3f_dUL0IaxhvBGY0Cn_KozuY--bPPrIDz4BSJmkqeH_NCCF_yvVPTFsUUHw4CtMzmpqoFmh2ytw-rmT8IDlCPZJ8BG-D4xYH0Lec8ZQHw6XulHhtUV3gPH94hX4tuijUqJ3tQPtWZNfjUKEaNoNzj7Iz_09M.tM81C1mCswq3qIKOJ0OGtBv9OkAQcO1Rn1K3FtZ14dU&dib_tag=se&m=A3UEK3VBJ6ADB7&marketplaceID=A19VAU5U5O7RUS&qid=1776496831&refinements=p_36%3A17500-18000&s=merchant-items&sr=1-133&xpid=JMQsO61hn7ubk,Nissin Uzaki Prospec 2-Way Tenkara 7:3 360
B00B7YHVLO,,,,
B00B707QNQ,,178.79,https://www.amazon.sg/SHIMANO-Dura-Ace-BB-7700-Internal-Bracket/dp/B00B707QNQ/ref=sr_1_134?dib=eyJ2IjoiMSJ9.kfxx9pRK-_ez2Pp3f_dUL0IaxhvBGY0Cn_KozuY--bPPrIDz4BSJmkqeH_NCCF_yvVPTFsUUHw4CtMzmpqoFmh2ytw-rmT8IDlCPZJ8BG-D4xYH0Lec8ZQHw6XulHhtUV3gPH94hX4tuijUqJ3tQPtWZNfjUKEaNoNzj7Iz_09M.tM81C1mCswq3qIKOJ0OGtBv9OkAQcO1Rn1K3FtZ14dU&dib_tag=se&m=A3UEK3VBJ6ADB7&marketplaceID=A19VAU5U5O7RUS&qid=1776496831&refinements=p_36%3A17500-18000&s=merchant-items&sr=1-134&xpid=JMQsO61hn7ubk#customerReviews,SHIMANO Dura-Ace BB-7700 Internal Bottom Bracket (Design: 70mm/italian)
B00B707QNQ,,,,
B009KZ9P02,,179.99,https://www.amazon.sg/Banpresto-Scultures-Tenkaichi-Budoukai-Mercenary/dp/B009KZ9P02/ref=sr_1_135?dib=eyJ2IjoiMSJ9.kfxx9pRK-_ez2Pp3f_dUL0IaxhvBGY0Cn_KozuY--bPPrIDz4BSJmkqeH_NCCF_yvVPTFsUUHw4CtMzmpqoFmh2ytw-rmT8IDlCPZJ8BG-D4xYH0Lec8ZQHw6XulHhtUV3gPH94hX4tuijUqJ3tQPtWZNfjUKEaNoNzj7Iz_09M.tM81C1mCswq3qIKOJ0OGtBv9OkAQcO1Rn1K3FtZ14dU&dib_tag=se&m=A3UEK3VBJ6ADB7&marketplaceID=A19VAU5U5O7RUS&qid=1776496831&refinements=p_36%3A17500-18000&s=merchant-items&sr=1-135&xpid=JMQsO61hn7ubk#customerReviews,"Banpresto Dragon Ball Scultures Zoukei Tenkaichi Budoukai 2 Mercenary Tao Pai Pai 6"" Figure"
B0094BG9SS,,178.02,https://www.amazon.sg/KanuLock-Lockable-Reinforced-Stainless-Straps/dp/B0094BG9SS/ref=sr_1_136?dib=eyJ2IjoiMSJ9.kfxx9pRK-_ez2Pp3f_dUL0IaxhvBGY0Cn_KozuY--bPPrIDz4BSJmkqeH_NCCF_yvVPTFsUUHw4CtMzmpqoFmh2ytw-rmT8IDlCPZJ8BG-D4xYH0Lec8ZQHw6XulHhtUV3gPH94hX4tuijUqJ3tQPtWZNfjUKEaNoNzj7Iz_09M.tM81C1mCswq3qIKOJ0OGtBv9OkAQcO1Rn1K3FtZ14dU&dib_tag=se&m=A3UEK3VBJ6ADB7&marketplaceID=A19VAU5U5O7RUS&qid=1776496831&refinements=p_36%3A17500-18000&s=merchant-items&sr=1-136&xpid=JMQsO61hn7ubk#customerReviews,Lockable Reinforced Stainless Steel Tie Down Straps 13 Foot
B0094BG9SS,,,,
B007JG6Y2G,,177.89,https://www.amazon.sg/Orlando-120O-Sweetfish-Medium-Orange/dp/B007JG6Y2G/ref=sr_1_137?dib=eyJ2IjoiMSJ9.kfxx9pRK-_ez2Pp3f_dUL0IaxhvBGY0Cn_KozuY--bPPrIDz4BSJmkqeH_NCCF_yvVPTFsUUHw4CtMzmpqoFmh2ytw-rmT8IDlCPZJ8BG-D4xYH0Lec8ZQHw6XulHhtUV3gPH94hX4tuijUqJ3tQPtWZNfjUKEaNoNzj7Iz_09M.tM81C1mCswq3qIKOJ0OGtBv9OkAQcO1Rn1K3FtZ14dU&dib_tag=se&m=A3UEK3VBJ6ADB7&marketplaceID=A19VAU5U5O7RUS&qid=1776496831&refinements=p_36%3A17500-18000&s=merchant-items&sr=1-137&xpid=JMQsO61hn7ubk,Orlando ON-120O Line Sweetfish Horn (Medium) Orange
B007JG6Y2G,,,,
B007H3IQHC,,178.35,https://www.amazon.sg/SUNSTAR-525-39T-ZEPHYR750-RH-106-39-Sprocket/dp/B007H3IQHC/ref=sr_1_138?dib=eyJ2IjoiMSJ9.kfxx9pRK-_ez2Pp3f_dUL0IaxhvBGY0Cn_KozuY--bPPrIDz4BSJmkqeH_NCCF_yvVPTFsUUHw4CtMzmpqoFmh2ytw-rmT8IDlCPZJ8BG-D4xYH0Lec8ZQHw6XulHhtUV3gPH94hX4tuijUqJ3tQPtWZNfjUKEaNoNzj7Iz_09M.tM81C1mCswq3qIKOJ0OGtBv9OkAQcO1Rn1K3FtZ14dU&dib_tag=se&m=A3UEK3VBJ6ADB7&marketplaceID=A19VAU5U5O7RUS&qid=1776496831&refinements=p_36%3A17500-18000&s=merchant-items&sr=1-138&xpid=JMQsO61hn7ubk#customerReviews,SUNSTAR 525-39T 18H ZEPHYR750/RS RH-106-39 Rear Sprocket
B007H3IQHC,,,,
B00762AG2W,,178.06,https://www.amazon.sg/KTC-TBT309BH-Tbt309Bh/dp/B00762AG2W/ref=sr_1_139?dib=eyJ2IjoiMSJ9.kfxx9pRK-_ez2Pp3f_dUL0IaxhvBGY0Cn_KozuY--bPPrIDz4BSJmkqeH_NCCF_yvVPTFsUUHw4CtMzmpqoFmh2ytw-rmT8IDlCPZJ8BG-D4xYH0Lec8ZQHw6XulHhtUV3gPH94hX4tuijUqJ3tQPtWZNfjUKEaNoNzj7Iz_09M.tM81C1mCswq3qIKOJ0OGtBv9OkAQcO1Rn1K3FtZ14dU&dib_tag=se&m=A3UEK3VBJ6ADB7&marketplaceID=A19VAU5U5O7RUS&qid=1776496831&refinements=p_36%3A17500-18000&s=merchant-items&sr=1-139&xpid=JMQsO61hn7ubk#customerReviews,"KTC""Tbt309Bh"
B00762AG2W,,,,
B0073BNOH0,,180.75,https://www.amazon.sg/Uta-Prince-sama-Maji-LOVE-1000/dp/B0073BNOH0/ref=sr_1_145?dib=eyJ2IjoiMSJ9.rV4xWaCWhEvS4P4Pf5jw0Os2fI7bJ-m3akvSERITK-6YOVnbgN7RA0Sjx9fegc5gmFPUCMHNHHJvSly7wbYP6A.KTdyy951qUesLa4xukPb2lm_SZ23GOz47B-H-PoJPS4&dib_tag=se&m=A3UEK3VBJ6ADB7&marketplaceID=A19VAU5U5O7RUS&qid=1776496836&refinements=p_36%3A17500-18000&s=merchant-items&sr=1-145&xpid=JMQsO61hn7ubk,Uta no Prince-sama Maji LOVE 1000% - Goodnight Bed Sheet: Sho Kurusu
B0073BNOH0,,,,
B004YIBAV2,,179.19,https://www.amazon.sg/THOMSON-SME158BK-ELITE-inches-Degree/dp/B004YIBAV2/ref=sr_1_146?dib=eyJ2IjoiMSJ9.rV4xWaCWhEvS4P4Pf5jw0Os2fI7bJ-m3akvSERITK-6YOVnbgN7RA0Sjx9fegc5gmFPUCMHNHHJvSly7wbYP6A.KTdyy951qUesLa4xukPb2lm_SZ23GOz47B-H-PoJPS4&dib_tag=se&m=A3UEK3VBJ6ADB7&marketplaceID=A19VAU5U5O7RUS&qid=1776496836&refinements=p_36%3A17500-18000&s=merchant-items&sr=1-146&xpid=JMQsO61hn7ubk#customerReviews,"THOMSON SME158BK ELITE X4 Stem, 1.2 inches (31.8 mm), Black, 3.0 inches (75 mm), O.P.F, 0 Degree, 1.2 inches (31.8 mm)"
B004YIBAV2,,,,
B004SCU81W,,193.53,https://www.amazon.sg/SUPER-HPC0-5N-Horizontal-Hanging-Clamp/dp/B004SCU81W/ref=sr_1_147?dib=eyJ2IjoiMSJ9.rV4xWaCWhEvS4P4Pf5jw0Os2fI7bJ-m3akvSERITK-6YOVnbgN7RA0Sjx9fegc5gmFPUCMHNHHJvSly7wbYP6A.KTdyy951qUesLa4xukPb2lm_SZ23GOz47B-H-PoJPS4&dib_tag=se&m=A3UEK3VBJ6ADB7&marketplaceID=A19VAU5U5O7RUS&qid=1776496836&refinements=p_36%3A17500-18000&s=merchant-items&sr=1-147&xpid=JMQsO61hn7ubk,SUPER TOOL HPC0.5N Horizontal Horizontal Hanging Clamp
B004SCU81W,,,,
B004OQXZQW,,177.21,https://www.amazon.sg/CKD-F800025WF-F8000-25-W-F/dp/B004OQXZQW/ref=sr_1_148?dib=eyJ2IjoiMSJ9.rV4xWaCWhEvS4P4Pf5jw0Os2fI7bJ-m3akvSERITK-6YOVnbgN7RA0Sjx9fegc5gmFPUCMHNHHJvSly7wbYP6A.KTdyy951qUesLa4xukPb2lm_SZ23GOz47B-H-PoJPS4&dib_tag=se&m=A3UEK3VBJ6ADB7&marketplaceID=A19VAU5U5O7RUS&qid=1776496836&refinements=p_36%3A17500-18000&s=merchant-items&sr=1-148&xpid=JMQsO61hn7ubk,F8000-25-W-F
B004OQXZQW,,,,
B004MXKPNI,,175.0,https://www.amazon.sg/Tsubosan-HI01256T-Precision-File-Flat/dp/B004MXKPNI/ref=sr_1_149?dib=eyJ2IjoiMSJ9.rV4xWaCWhEvS4P4Pf5jw0Os2fI7bJ-m3akvSERITK-6YOVnbgN7RA0Sjx9fegc5gmFPUCMHNHHJvSly7wbYP6A.KTdyy951qUesLa4xukPb2lm_SZ23GOz47B-H-PoJPS4&dib_tag=se&m=A3UEK3VBJ6ADB7&marketplaceID=A19VAU5U5O7RUS&qid=1776496836&refinements=p_36%3A17500-18000&s=merchant-items&sr=1-149&xpid=JMQsO61hn7ubk,Tsubosan HI01256T Precision File Set of 12 Flat
B004MXKPNI,,,,
B004D2GC1M,,190.2,https://www.amazon.sg/Terrine-Package-Manual-written-Japanese/dp/B004D2GC1M/ref=sr_1_145?dib=eyJ2IjoiMSJ9.j1gDdEbWcXVAQrUIWlwceee1xFXuqjQRCQ4wZfPzbjULaVD7C9L-dwVN8WxjlESLq0-Ebi6FZ3kDWhaLtnTmnNJPShvxvfIWgVaXfWhd013DtQl3F1KT_6ps-4oQH2IQN6Mmtm_NLNI_WAUSWohn3VqNU-Bmp_HQc3-Nh9dqnkY.9TLzRgUW4sJrupyHrh3JSevF0VleO9u3KhhWhRgXJ-w&dib_tag=se&m=A3UEK3VBJ6ADB7&marketplaceID=A19VAU5U5O7RUS&qid=1776496836&refinements=p_36%3A17500-18000&s=merchant-items&sr=1-145&xpid=JMQsO61hn7ubk,77 18-0 Terrine 45 cm (Japan Import / Package and Manual are written in Japanese)
B004D2GC1M,,,,
B003UASGV2,,176.74,https://www.amazon.sg/Shimano-FC-7710-Dura-Ace-chainring-Thickness/dp/B003UASGV2/ref=sr_1_146?dib=eyJ2IjoiMSJ9.j1gDdEbWcXVAQrUIWlwceee1xFXuqjQRCQ4wZfPzbjULaVD7C9L-dwVN8WxjlESLq0-Ebi6FZ3kDWhaLtnTmnNJPShvxvfIWgVaXfWhd013DtQl3F1KT_6ps-4oQH2IQN6Mmtm_NLNI_WAUSWohn3VqNU-Bmp_HQc3-Nh9dqnkY.9TLzRgUW4sJrupyHrh3JSevF0VleO9u3KhhWhRgXJ-w&dib_tag=se&m=A3UEK3VBJ6ADB7&marketplaceID=A19VAU5U5O7RUS&qid=1776496836&refinements=p_36%3A17500-18000&s=merchant-items&sr=1-146&xpid=JMQsO61hn7ubk,"Shimano FC-7710 Dura-Ace Track chainring 0.2cm Thickness 55 Teeth, Silver"
B003UASGV2,,,,
B003FTL0NO,,179.72,https://www.amazon.sg/Gosen-Micro-TS412-White-Pack/dp/B003FTL0NO/ref=sr_1_147?dib=eyJ2IjoiMSJ9.j1gDdEbWcXVAQrUIWlwceee1xFXuqjQRCQ4wZfPzbjULaVD7C9L-dwVN8WxjlESLq0-Ebi6FZ3kDWhaLtnTmnNJPShvxvfIWgVaXfWhd013DtQl3F1KT_6ps-4oQH2IQN6Mmtm_NLNI_WAUSWohn3VqNU-Bmp_HQc3-Nh9dqnkY.9TLzRgUW4sJrupyHrh3JSevF0VleO9u3KhhWhRgXJ-w&dib_tag=se&m=A3UEK3VBJ6ADB7&marketplaceID=A19VAU5U5O7RUS&qid=1776496836&refinements=p_36%3A17500-18000&s=merchant-items&sr=1-147&xpid=JMQsO61hn7ubk#customerReviews,"Gosen Micro II 15L TS412 W/White, Pack of 20"
B003FTL0NO,,,,
B003B30I32,,184.53,https://www.amazon.sg/NTN-Bearing-6412ZZ-Clearance-Shielded/dp/B003B30I32/ref=sr_1_148?dib=eyJ2IjoiMSJ9.j1gDdEbWcXVAQrUIWlwceee1xFXuqjQRCQ4wZfPzbjULaVD7C9L-dwVN8WxjlESLq0-Ebi6FZ3kDWhaLtnTmnNJPShvxvfIWgVaXfWhd013DtQl3F1KT_6ps-4oQH2IQN6Mmtm_NLNI_WAUSWohn3VqNU-Bmp_HQc3-Nh9dqnkY.9TLzRgUW4sJrupyHrh3JSevF0VleO9u3KhhWhRgXJ-w&dib_tag=se&m=A3UEK3VBJ6ADB7&marketplaceID=A19VAU5U5O7RUS&qid=1776496836&refinements=p_36%3A17500-18000&s=merchant-items&sr=1-148&xpid=JMQsO61hn7ubk,"NTN Bearing 6412ZZ Single Row Deep Groove Radial Ball Bearing, Normal Clearance, Steel Cage, 60 mm Bore ID, 150 mm OD, 35 mm Width, Double Shielded"
B003B30I32,,,,
B002UBMMIU,,202.48,https://www.amazon.sg/%E3%83%AD%E3%83%96%E3%83%86%E3%83%83%E3%82%AF%E3%82%B9-NSA510-NSA5-10-Blind-Rivet/dp/B002UBMMIU/ref=sr_1_149?dib=eyJ2IjoiMSJ9.j1gDdEbWcXVAQrUIWlwceee1xFXuqjQRCQ4wZfPzbjULaVD7C9L-dwVN8WxjlESLq0-Ebi6FZ3kDWhaLtnTmnNJPShvxvfIWgVaXfWhd013DtQl3F1KT_6ps-4oQH2IQN6Mmtm_NLNI_WAUSWohn3VqNU-Bmp_HQc3-Nh9dqnkY.9TLzRgUW4sJrupyHrh3JSevF0VleO9u3KhhWhRgXJ-w&dib_tag=se&m=A3UEK3VBJ6ADB7&marketplaceID=A19VAU5U5O7RUS&qid=1776496836&refinements=p_36%3A17500-18000&s=merchant-items&sr=1-149&xpid=JMQsO61hn7ubk,NSA5-10 Blind Rivet
B002UBMMIU,,,,
B002P8QT96,,184.84,https://www.amazon.sg/Nitto-High-Brooch-One-Touch-16229/dp/B002P8QT96/ref=sr_1_150?dib=eyJ2IjoiMSJ9.j1gDdEbWcXVAQrUIWlwceee1xFXuqjQRCQ4wZfPzbjULaVD7C9L-dwVN8WxjlESLq0-Ebi6FZ3kDWhaLtnTmnNJPShvxvfIWgVaXfWhd013DtQl3F1KT_6ps-4oQH2IQN6Mmtm_NLNI_WAUSWohn3VqNU-Bmp_HQc3-Nh9dqnkY.9TLzRgUW4sJrupyHrh3JSevF0VleO9u3KhhWhRgXJ-w&dib_tag=se&m=A3UEK3VBJ6ADB7&marketplaceID=A19VAU5U5O7RUS&qid=1776496836&refinements=p_36%3A17500-18000&s=merchant-items&sr=1-150&xpid=JMQsO61hn7ubk,Nitto High Brooch One-Touch Type No. 16229
B002P8QT96,,,,
B002P7EZFM,,179.32,https://www.amazon.sg/%E6%97%AD%E9%87%91%E5%B1%9E%E5%B7%A5%E6%A5%AD-KL0025-25MM/dp/B002P7EZFM/ref=sr_1_151?dib=eyJ2IjoiMSJ9.j1gDdEbWcXVAQrUIWlwceee1xFXuqjQRCQ4wZfPzbjULaVD7C9L-dwVN8WxjlESLq0-Ebi6FZ3kDWhaLtnTmnNJPShvxvfIWgVaXfWhd013DtQl3F1KT_6ps-4oQH2IQN6Mmtm_NLNI_WAUSWohn3VqNU-Bmp_HQc3-Nh9dqnkY.9TLzRgUW4sJrupyHrh3JSevF0VleO9u3KhhWhRgXJ-w&dib_tag=se&m=A3UEK3VBJ6ADB7&marketplaceID=A19VAU5U5O7RUS&qid=1776496836&refinements=p_36%3A17500-18000&s=merchant-items&sr=1-151&xpid=JMQsO61hn7ubk,KL0025 (25MM)
B002P7EZFM,,,,
B002OASYIO,,185.24,https://www.amazon.sg/Uzaki-Nissin-2WAY-mountain-Carbide/dp/B002OASYIO/ref=sr_1_152?dib=eyJ2IjoiMSJ9.j1gDdEbWcXVAQrUIWlwceee1xFXuqjQRCQ4wZfPzbjULaVD7C9L-dwVN8WxjlESLq0-Ebi6FZ3kDWhaLtnTmnNJPShvxvfIWgVaXfWhd013DtQl3F1KT_6ps-4oQH2IQN6Mmtm_NLNI_WAUSWohn3VqNU-Bmp_HQc3-Nh9dqnkY.9TLzRgUW4sJrupyHrh3JSevF0VleO9u3KhhWhRgXJ-w&dib_tag=se&m=A3UEK3VBJ6ADB7&marketplaceID=A19VAU5U5O7RUS&qid=1776496836&refinements=p_36%3A17500-18000&s=merchant-items&sr=1-152&xpid=JMQsO61hn7ubk,Uzaki Nissin 2WAY Yu 's mountain ZX Carbide 6215
B002OASYIO,,,,
B002K06LII,,178.78,https://www.amazon.sg/%E3%83%AD%E3%83%96%E3%83%86%E3%83%83%E3%82%AF%E3%82%B9-HO43G/dp/B002K06LII/ref=sr_1_153?dib=eyJ2IjoiMSJ9.j1gDdEbWcXVAQrUIWlwceee1xFXuqjQRCQ4wZfPzbjULaVD7C9L-dwVN8WxjlESLq0-Ebi6FZ3kDWhaLtnTmnNJPShvxvfIWgVaXfWhd013DtQl3F1KT_6ps-4oQH2IQN6Mmtm_NLNI_WAUSWohn3VqNU-Bmp_HQc3-Nh9dqnkY.9TLzRgUW4sJrupyHrh3JSevF0VleO9u3KhhWhRgXJ-w&dib_tag=se&m=A3UEK3VBJ6ADB7&marketplaceID=A19VAU5U5O7RUS&qid=1776496836&refinements=p_36%3A17500-18000&s=merchant-items&sr=1-153&xpid=JMQsO61hn7ubk,HO43G
B002K06LII,,,,
B002K03X5W,,187.15,https://www.amazon.sg/MCC-PV-0200-PV0200/dp/B002K03X5W/ref=sr_1_154?dib=eyJ2IjoiMSJ9.j1gDdEbWcXVAQrUIWlwceee1xFXuqjQRCQ4wZfPzbjULaVD7C9L-dwVN8WxjlESLq0-Ebi6FZ3kDWhaLtnTmnNJPShvxvfIWgVaXfWhd013DtQl3F1KT_6ps-4oQH2IQN6Mmtm_NLNI_WAUSWohn3VqNU-Bmp_HQc3-Nh9dqnkY.9TLzRgUW4sJrupyHrh3JSevF0VleO9u3KhhWhRgXJ-w&dib_tag=se&m=A3UEK3VBJ6ADB7&marketplaceID=A19VAU5U5O7RUS&qid=1776496836&refinements=p_36%3A17500-18000&s=merchant-items&sr=1-154&xpid=JMQsO61hn7ubk#customerReviews,PV0200
B002K03X5W,,,,
B002GHN6LU,,180.0,https://www.amazon.sg/X-Plus-Large-Monster-Black-White/dp/B002GHN6LU/ref=sr_1_155?dib=eyJ2IjoiMSJ9.j1gDdEbWcXVAQrUIWlwceee1xFXuqjQRCQ4wZfPzbjULaVD7C9L-dwVN8WxjlESLq0-Ebi6FZ3kDWhaLtnTmnNJPShvxvfIWgVaXfWhd013DtQl3F1KT_6ps-4oQH2IQN6Mmtm_NLNI_WAUSWohn3VqNU-Bmp_HQc3-Nh9dqnkY.9TLzRgUW4sJrupyHrh3JSevF0VleO9u3KhhWhRgXJ-w&dib_tag=se&m=A3UEK3VBJ6ADB7&marketplaceID=A19VAU5U5O7RUS&qid=1776496836&refinements=p_36%3A17500-18000&s=merchant-items&sr=1-155&xpid=JMQsO61hn7ubk,X-Plus Large Monster Series - Ultra Q: Namegon (Black-and-White ver.)
B001UJGNLK,,181.33,https://www.amazon.sg/square-teapot-people-2202-0507-5241an/dp/B001UJGNLK/ref=sr_1_161?dib=eyJ2IjoiMSJ9.Mrbh_9J4MQpmG9hgRbOEx5G4FrV9UsvR0SAc8Z9vBhMSqY0B4-1370MUCOSKJW_Pm8jKuuA9mXZ5aVfEyKhgtQ.TIVdx196zQD7o8mfjCbYUu8XRLi92rr2rawndx8p5H0&dib_tag=se&m=A3UEK3VBJ6ADB7&marketplaceID=A19VAU5U5O7RUS&qid=1776496842&refinements=p_36%3A17500-18000&s=merchant-items&sr=1-161&xpid=JMQsO61hn7ubk,square teapot for 5 people 2202-0507 5241an
B001UJGNLK,,,,
B000P0597Y,,175.08,https://www.amazon.sg/Romando-Terryman-Jctc-Limited-Clear/dp/B000P0597Y/ref=sr_1_162?dib=eyJ2IjoiMSJ9.Mrbh_9J4MQpmG9hgRbOEx5G4FrV9UsvR0SAc8Z9vBhMSqY0B4-1370MUCOSKJW_Pm8jKuuA9mXZ5aVfEyKhgtQ.TIVdx196zQD7o8mfjCbYUu8XRLi92rr2rawndx8p5H0&dib_tag=se&m=A3UEK3VBJ6ADB7&marketplaceID=A19VAU5U5O7RUS&qid=1776496842&refinements=p_36%3A17500-18000&s=merchant-items&sr=1-162&xpid=JMQsO61hn7ubk,"Romando ""Terryman Jctc Limited Clear Ver."
B000P0597Y,,,,
B000OVK0UA,,196.98,https://www.amazon.sg/Kato-10-289-Kansai-Line-Light-Green/dp/B000OVK0UA/ref=sr_1_163?dib=eyJ2IjoiMSJ9.Mrbh_9J4MQpmG9hgRbOEx5G4FrV9UsvR0SAc8Z9vBhMSqY0B4-1370MUCOSKJW_Pm8jKuuA9mXZ5aVfEyKhgtQ.TIVdx196zQD7o8mfjCbYUu8XRLi92rr2rawndx8p5H0&dib_tag=se&m=A3UEK3VBJ6ADB7&marketplaceID=A19VAU5U5O7RUS&qid=1776496842&refinements=p_36%3A17500-18000&s=merchant-items&sr=1-163&xpid=JMQsO61hn7ubk#customerReviews,Kato 10-289 Series 101 Kansai-Line Light Green 6-Car Set
B000OVK0UA,,,,
B000NJ1AHK,,179.11,https://www.amazon.sg/Springfield-Marine-1100031-1-Non-Locking-Pedestal/dp/B000NJ1AHK/ref=sr_1_164?dib=eyJ2IjoiMSJ9.Mrbh_9J4MQpmG9hgRbOEx5G4FrV9UsvR0SAc8Z9vBhMSqY0B4-1370MUCOSKJW_Pm8jKuuA9mXZ5aVfEyKhgtQ.TIVdx196zQD7o8mfjCbYUu8XRLi92rr2rawndx8p5H0&dib_tag=se&m=A3UEK3VBJ6ADB7&marketplaceID=A19VAU5U5O7RUS&qid=1776496842&refinements=p_36%3A17500-18000&s=merchant-items&sr=1-164&xpid=JMQsO61hn7ubk#customerReviews,"Springfield Marine 1100031-1 Non-Locking Pedestal Swivel - 2-3/8"", Bulk"
B000NJ1AHK,,,,
B000L4L28E,,311.42,https://www.amazon.sg/Lexmark-Photoconductor-Multipack-Magenta-C53074X/dp/B000L4L28E/ref=sr_1_165?dib=eyJ2IjoiMSJ9.Mrbh_9J4MQpmG9hgRbOEx5G4FrV9UsvR0SAc8Z9vBhMSqY0B4-1370MUCOSKJW_Pm8jKuuA9mXZ5aVfEyKhgtQ.TIVdx196zQD7o8mfjCbYUu8XRLi92rr2rawndx8p5H0&dib_tag=se&m=A3UEK3VBJ6ADB7&marketplaceID=A19VAU5U5O7RUS&qid=1776496842&refinements=p_36%3A17500-18000&s=merchant-items&sr=1-165&xpid=JMQsO61hn7ubk#customerReviews,"Lexmark Photoconductor Multipack, for Use in Cyan Magenta Yellow or Black, 4 x 20000 Yield (C53074X)"
B000L4L28E,,,,
B000C81M0C,,177.57,https://www.amazon.sg/Standard-Motor-Products-PC479-Crankshaft/dp/B000C81M0C/ref=sr_1_161?dib=eyJ2IjoiMSJ9.Cok7uzZFrlx3zVATko8upLakxbGd10_tDBsZUAH_QTMhoWH1AUbRTitac6GDN87uBtodI81mKkJO1HJMrJWxgM5lmVWuTTqX6HqfvHa32IlWGk0WlRe0unCgqvD_YbZcLSuTfXfBE7fniBS4-IcHJuA49hYliF_55maFStKJWKU.w18eedwUyZTUTXAJdxWncSBv5J84FCk6Is8kaMy1lUc&dib_tag=se&m=A3UEK3VBJ6ADB7&marketplaceID=A19VAU5U5O7RUS&qid=1776496842&refinements=p_36%3A17500-18000&s=merchant-items&sr=1-161&xpid=JMQsO61hn7ubk,Standard Motor Products PC479 Crankshaft Sensor
B000C81M0C,,,,
B0009PVU1Y,,178.73,https://www.amazon.sg/Rolly-Strong-Wheelbarrow-Metal-270804/dp/B0009PVU1Y/ref=sr_1_162?dib=eyJ2IjoiMSJ9.Cok7uzZFrlx3zVATko8upLakxbGd10_tDBsZUAH_QTMhoWH1AUbRTitac6GDN87uBtodI81mKkJO1HJMrJWxgM5lmVWuTTqX6HqfvHa32IlWGk0WlRe0unCgqvD_YbZcLSuTfXfBE7fniBS4-IcHJuA49hYliF_55maFStKJWKU.w18eedwUyZTUTXAJdxWncSBv5J84FCk6Is8kaMy1lUc&dib_tag=se&m=A3UEK3VBJ6ADB7&marketplaceID=A19VAU5U5O7RUS&qid=1776496842&refinements=p_36%3A17500-18000&s=merchant-items&sr=1-162&xpid=JMQsO61hn7ubk#customerReviews,SPIG Rolly Toys | Strong Wheelbarrow With Metal Frame | 270804
B0009PVU1Y,,,,
B0BYC69CVK,,189.95,https://www.amazon.sg/SHIMANO-CUES-SL-U8000-11R-Shifter-Rapidfire/dp/B0BYC69CVK/ref=sr_1_163?dib=eyJ2IjoiMSJ9.Cok7uzZFrlx3zVATko8upLakxbGd10_tDBsZUAH_QTMhoWH1AUbRTitac6GDN87uBtodI81mKkJO1HJMrJWxgM5lmVWuTTqX6HqfvHa32IlWGk0WlRe0unCgqvD_YbZcLSuTfXfBE7fniBS4-IcHJuA49hYliF_55maFStKJWKU.w18eedwUyZTUTXAJdxWncSBv5J84FCk6Is8kaMy1lUc&dib_tag=se&m=A3UEK3VBJ6ADB7&marketplaceID=A19VAU5U5O7RUS&qid=1776496842&refinements=p_36%3A17500-18000&s=merchant-items&sr=1-163&xpid=JMQsO61hn7ubk#customerReviews,"SHIMANO CUES SL-U8000-11R Shifter - Right, 11-Speed, Rapidfire Plus, Black"
B0BYC69CVK,,,,
B09WQWYN66,,176.67,https://www.amazon.sg/Nendoroid-Shadow-Non-Scale-Plastic-Painted/dp/B09WQWYN66/ref=sr_1_164?dib=eyJ2IjoiMSJ9.Cok7uzZFrlx3zVATko8upLakxbGd10_tDBsZUAH_QTMhoWH1AUbRTitac6GDN87uBtodI81mKkJO1HJMrJWxgM5lmVWuTTqX6HqfvHa32IlWGk0WlRe0unCgqvD_YbZcLSuTfXfBE7fniBS4-IcHJuA49hYliF_55maFStKJWKU.w18eedwUyZTUTXAJdxWncSBv5J84FCk6Is8kaMy1lUc&dib_tag=se&m=A3UEK3VBJ6ADB7&marketplaceID=A19VAU5U5O7RUS&qid=1776496842&refinements=p_36%3A17500-18000&s=merchant-items&sr=1-164&xpid=JMQsO61hn7ubk#customerReviews,Nendoroid Doll Shadow House Kate Non-Scale Plastic Painted Action Figure
B09MRR9XLS,,176.67,https://www.amazon.sg/AX-FRL909sv-Lourdes-Style-Sheet-Silver/dp/B09MRR9XLS/ref=sr_1_165?dib=eyJ2IjoiMSJ9.Cok7uzZFrlx3zVATko8upLakxbGd10_tDBsZUAH_QTMhoWH1AUbRTitac6GDN87uBtodI81mKkJO1HJMrJWxgM5lmVWuTTqX6HqfvHa32IlWGk0WlRe0unCgqvD_YbZcLSuTfXfBE7fniBS4-IcHJuA49hYliF_55maFStKJWKU.w18eedwUyZTUTXAJdxWncSBv5J84FCk6Is8kaMy1lUc&dib_tag=se&m=A3UEK3VBJ6ADB7&marketplaceID=A19VAU5U5O7RUS&qid=1776496842&refinements=p_36%3A17500-18000&s=merchant-items&sr=1-165&xpid=JMQsO61hn7ubk#customerReviews,"Atex AX-FRL909sv Lourdes Style EMS Sheet 2, Silver"
B09MRR9XLS,,,,
B08GYNF51S,,179.24,https://www.amazon.sg/Bojesen-Monkey-Figures-Christmas-Decoration/dp/B08GYNF51S/ref=sr_1_166?dib=eyJ2IjoiMSJ9.Cok7uzZFrlx3zVATko8upLakxbGd10_tDBsZUAH_QTMhoWH1AUbRTitac6GDN87uBtodI81mKkJO1HJMrJWxgM5lmVWuTTqX6HqfvHa32IlWGk0WlRe0unCgqvD_YbZcLSuTfXfBE7fniBS4-IcHJuA49hYliF_55maFStKJWKU.w18eedwUyZTUTXAJdxWncSBv5J84FCk6Is8kaMy1lUc&dib_tag=se&m=A3UEK3VBJ6ADB7&marketplaceID=A19VAU5U5O7RUS&qid=1776496842&refinements=p_36%3A17500-18000&s=merchant-items&sr=1-166&xpid=JMQsO61hn7ubk#customerReviews,Kay Bojesen Monkey Mini Figures 9.5 cm Monkey Christmas Decoration Dark Wood
B083NH5N7G,,181.3,https://www.amazon.sg/Metolius-Prime-Rib-Training-Board/dp/B083NH5N7G/ref=sr_1_167?dib=eyJ2IjoiMSJ9.Cok7uzZFrlx3zVATko8upLakxbGd10_tDBsZUAH_QTMhoWH1AUbRTitac6GDN87uBtodI81mKkJO1HJMrJWxgM5lmVWuTTqX6HqfvHa32IlWGk0WlRe0unCgqvD_YbZcLSuTfXfBE7fniBS4-IcHJuA49hYliF_55maFStKJWKU.w18eedwUyZTUTXAJdxWncSBv5J84FCk6Is8kaMy1lUc&dib_tag=se&m=A3UEK3VBJ6ADB7&marketplaceID=A19VAU5U5O7RUS&qid=1776496842&refinements=p_36%3A17500-18000&s=merchant-items&sr=1-167&xpid=JMQsO61hn7ubk#customerReviews,"Metolius, Prime Rib"
B083NH5N7G,,,,
B07F2Z2HS6,,176.67,https://www.amazon.sg/RightOn-STRAPS-37-4-57-1-White-Cat/dp/B07F2Z2HS6/ref=sr_1_168?dib=eyJ2IjoiMSJ9.Cok7uzZFrlx3zVATko8upLakxbGd10_tDBsZUAH_QTMhoWH1AUbRTitac6GDN87uBtodI81mKkJO1HJMrJWxgM5lmVWuTTqX6HqfvHa32IlWGk0WlRe0unCgqvD_YbZcLSuTfXfBE7fniBS4-IcHJuA49hYliF_55maFStKJWKU.w18eedwUyZTUTXAJdxWncSBv5J84FCk6Is8kaMy1lUc&dib_tag=se&m=A3UEK3VBJ6ADB7&marketplaceID=A19VAU5U5O7RUS&qid=1776496842&refinements=p_36%3A17500-18000&s=merchant-items&sr=1-168&xpid=JMQsO61hn7ubk#customerReviews,RightOn! STRAPS ギター・ベース用ストラップ 幅 6cm、長さ 95~145cm Cat
B07F2Z2HS6,,,,
B07CPVHBLM,,176.62,https://www.amazon.sg/Furemuamuzu-Shirufi-Height-Approx-Plastic/dp/B07CPVHBLM/ref=sr_1_169?dib=eyJ2IjoiMSJ9.Cok7uzZFrlx3zVATko8upLakxbGd10_tDBsZUAH_QTMhoWH1AUbRTitac6GDN87uBtodI81mKkJO1HJMrJWxgM5lmVWuTTqX6HqfvHa32IlWGk0WlRe0unCgqvD_YbZcLSuTfXfBE7fniBS4-IcHJuA49hYliF_55maFStKJWKU.w18eedwUyZTUTXAJdxWncSBv5J84FCk6Is8kaMy1lUc&dib_tag=se&m=A3UEK3VBJ6ADB7&marketplaceID=A19VAU5U5O7RUS&qid=1776496842&refinements=p_36%3A17500-18000&s=merchant-items&sr=1-169&xpid=JMQsO61hn7ubk#customerReviews,"Frame Arms Girl ""Furemuamuzu Girl Shirufi Height Approx 105Mm Non Scale Plastic Model"
B07BSNBM7B,,178.83,https://www.amazon.sg/Rightline-Gear-Truck-Built-Weatherproof/dp/B07BSNBM7B/ref=sr_1_170?dib=eyJ2IjoiMSJ9.Cok7uzZFrlx3zVATko8upLakxbGd10_tDBsZUAH_QTMhoWH1AUbRTitac6GDN87uBtodI81mKkJO1HJMrJWxgM5lmVWuTTqX6HqfvHa32IlWGk0WlRe0unCgqvD_YbZcLSuTfXfBE7fniBS4-IcHJuA49hYliF_55maFStKJWKU.w18eedwUyZTUTXAJdxWncSBv5J84FCk6Is8kaMy1lUc&dib_tag=se&m=A3UEK3VBJ6ADB7&marketplaceID=A19VAU5U5O7RUS&qid=1776496842&refinements=p_36%3A17500-18000&s=merchant-items&sr=1-170&xpid=JMQsO61hn7ubk#customerReviews,"Rightline Gear Truck Bed Cargo Net with Built-in Tarp, Weatherproof, 8.8' W x 10' L"
B07BSNBM7B,,,,
B01BP4FQ0I,,176.2,https://www.amazon.sg/Star-Micronics-Handheld-Barcode-Scanner/dp/B01BP4FQ0I/ref=sr_1_171?dib=eyJ2IjoiMSJ9.Cok7uzZFrlx3zVATko8upLakxbGd10_tDBsZUAH_QTMhoWH1AUbRTitac6GDN87uBtodI81mKkJO1HJMrJWxgM5lmVWuTTqX6HqfvHa32IlWGk0WlRe0unCgqvD_YbZcLSuTfXfBE7fniBS4-IcHJuA49hYliF_55maFStKJWKU.w18eedwUyZTUTXAJdxWncSBv5J84FCk6Is8kaMy1lUc&dib_tag=se&m=A3UEK3VBJ6ADB7&marketplaceID=A19VAU5U5O7RUS&qid=1776496842&refinements=p_36%3A17500-18000&s=merchant-items&sr=1-171&xpid=JMQsO61hn7ubk#customerReviews,Star Micronics mPOP Handheld USB 1D Barcode Scanner with Stand - White
B01BP4FQ0I,,,,
B00AECR24G,,273.23,https://www.amazon.sg/CAMP-0975-Camp-Dyneema-Tricam/dp/B00AECR24G/ref=sr_1_177?dib=eyJ2IjoiMSJ9.HceI-uxBwFo71Y63B-2-Cc9p_cb5MeAjqoCxC-nt5vPWOeIqcP6FEZAxNDiEbS4gx6TVsSdT_x6403B8KZJWVw.GJGmlJSS0OHPY1ufTj67IM97RDgajeBzfFk-w58AcTc&dib_tag=se&m=A3UEK3VBJ6ADB7&marketplaceID=A19VAU5U5O7RUS&qid=1776496847&refinements=p_36%3A17500-18000&s=merchant-items&sr=1-177&xpid=JMQsO61hn7ubk#customerReviews,Camp Dyneema Tricam Set
B00AECR24G,,,,
B007H3J2UW,,186.57,https://www.amazon.sg/SUNSTAR-525-41T-MARVIC-RK-111-41-Sprocket/dp/B007H3J2UW/ref=sr_1_178?dib=eyJ2IjoiMSJ9.HceI-uxBwFo71Y63B-2-Cc9p_cb5MeAjqoCxC-nt5vPWOeIqcP6FEZAxNDiEbS4gx6TVsSdT_x6403B8KZJWVw.GJGmlJSS0OHPY1ufTj67IM97RDgajeBzfFk-w58AcTc&dib_tag=se&m=A3UEK3VBJ6ADB7&marketplaceID=A19VAU5U5O7RUS&qid=1776496847&refinements=p_36%3A17500-18000&s=merchant-items&sr=1-178&xpid=JMQsO61hn7ubk#customerReviews,SUNSTAR 525-41T 12H MARVIC/DUOMO RK-111-41 Rear Sprocket
B007H3J2UW,,,,
B002K00Y8G,,179.2,https://www.amazon.sg/%E3%83%AD%E3%83%96%E3%83%86%E3%83%83%E3%82%AF%E3%82%B9-NSS44-NSS4-4-1000pcs/dp/B002K00Y8G/ref=sr_1_179?dib=eyJ2IjoiMSJ9.HceI-uxBwFo71Y63B-2-Cc9p_cb5MeAjqoCxC-nt5vPWOeIqcP6FEZAxNDiEbS4gx6TVsSdT_x6403B8KZJWVw.GJGmlJSS0OHPY1ufTj67IM97RDgajeBzfFk-w58AcTc&dib_tag=se&m=A3UEK3VBJ6ADB7&marketplaceID=A19VAU5U5O7RUS&qid=1776496847&refinements=p_36%3A17500-18000&s=merchant-items&sr=1-179&xpid=JMQsO61hn7ubk,NSS4-4 (1000pcs)
B002K00Y8G,,,,
B001EQHE0I,,181.69,https://www.amazon.sg/KTC-NTD1M04-Nepros-Flathead-Screwdriver/dp/B001EQHE0I/ref=sr_1_180?dib=eyJ2IjoiMSJ9.HceI-uxBwFo71Y63B-2-Cc9p_cb5MeAjqoCxC-nt5vPWOeIqcP6FEZAxNDiEbS4gx6TVsSdT_x6403B8KZJWVw.GJGmlJSS0OHPY1ufTj67IM97RDgajeBzfFk-w58AcTc&dib_tag=se&m=A3UEK3VBJ6ADB7&marketplaceID=A19VAU5U5O7RUS&qid=1776496847&refinements=p_36%3A17500-18000&s=merchant-items&sr=1-180&xpid=JMQsO61hn7ubk#customerReviews,"Kyoto Tools (KTC) NTD1M04 Nepros Resin Handle Flathead Screwdriver Set, Set of 4"
B001EQHE0I,,,,
B00065UZN6,,178.31,https://www.amazon.sg/Stainless-Unpolished-Finish-Temper-Thickness/dp/B00065UZN6/ref=sr_1_181?dib=eyJ2IjoiMSJ9.HceI-uxBwFo71Y63B-2-Cc9p_cb5MeAjqoCxC-nt5vPWOeIqcP6FEZAxNDiEbS4gx6TVsSdT_x6403B8KZJWVw.GJGmlJSS0OHPY1ufTj67IM97RDgajeBzfFk-w58AcTc&dib_tag=se&m=A3UEK3VBJ6ADB7&marketplaceID=A19VAU5U5O7RUS&qid=1776496847&refinements=p_36%3A17500-18000&s=merchant-items&sr=1-181&xpid=JMQsO61hn7ubk,"302 Stainless Steel Shim Stock, Unpolished (Mill) Finish, Hard Temper, ASTM A666, 0.50mm Thickness, 1.25 m Width, 1.25 m Length"
B0BHGYBNHK,,175.03,https://www.amazon.sg/Colantotte-ZEST-Twist-COA-Necklace/dp/B0BHGYBNHK/ref=sr_1_177?dib=eyJ2IjoiMSJ9.Zv62lNpaWrSY7D14htgZT9MA_UD3rTowSJW1nr22tY4s1ofCQpfl60mhz2QL9lD_pkrmYvCHGZoG8W5Efs7BD9myWkpLrDWU2HmKNkX0bJ8.O-yPPq4Y3cYBtVUSioglgT2xLD-B5S2bfEd-23ZjVNY&dib_tag=se&m=A3UEK3VBJ6ADB7&marketplaceID=A19VAU5U5O7RUS&qid=1776496847&refinements=p_36%3A17500-18000&s=merchant-items&sr=1-177&xpid=JMQsO61hn7ubk#customerReviews,Colantotte ZEST Twist COA Necklace
B0BHGYBNHK,,,,
B083Q72R9X,,178.49,https://www.amazon.sg/Colantotte-Necklace-Slim-RAFFI-Silver/dp/B083Q72R9X/ref=sr_1_178?dib=eyJ2IjoiMSJ9.Zv62lNpaWrSY7D14htgZT9MA_UD3rTowSJW1nr22tY4s1ofCQpfl60mhz2QL9lD_pkrmYvCHGZoG8W5Efs7BD9myWkpLrDWU2HmKNkX0bJ8.O-yPPq4Y3cYBtVUSioglgT2xLD-B5S2bfEd-23ZjVNY&dib_tag=se&m=A3UEK3VBJ6ADB7&marketplaceID=A19VAU5U5O7RUS&qid=1776496847&refinements=p_36%3A17500-18000&s=merchant-items&sr=1-178&xpid=JMQsO61hn7ubk#customerReviews,コラントッテ(Colantotte) TAO ネックレス スリム RAFFI mini シルバー
B075K798N5,,175.96,https://www.amazon.sg/Twisted-Mens-Slip-Chukka-Driving/dp/B075K798N5/ref=sr_1_179?dib=eyJ2IjoiMSJ9.Zv62lNpaWrSY7D14htgZT9MA_UD3rTowSJW1nr22tY4s1ofCQpfl60mhz2QL9lD_pkrmYvCHGZoG8W5Efs7BD9myWkpLrDWU2HmKNkX0bJ8.O-yPPq4Y3cYBtVUSioglgT2xLD-B5S2bfEd-23ZjVNY&dib_tag=se&m=A3UEK3VBJ6ADB7&marketplaceID=A19VAU5U5O7RUS&qid=1776496847&refinements=p_36%3A17500-18000&s=merchant-items&sr=1-179&xpid=JMQsO61hn7ubk#customerReviews,Twisted X Men’s Slip-On Driving Moc
B075K798N5,,,,
B075428ZMS,,268.31,https://www.amazon.sg/ARUKAN-1218-608-Alcan-Meteor-Bundle/dp/B075428ZMS/ref=sr_1_180?dib=eyJ2IjoiMSJ9.Zv62lNpaWrSY7D14htgZT9MA_UD3rTowSJW1nr22tY4s1ofCQpfl60mhz2QL9lD_pkrmYvCHGZoG8W5Efs7BD9myWkpLrDWU2HmKNkX0bJ8.O-yPPq4Y3cYBtVUSioglgT2xLD-B5S2bfEd-23ZjVNY&dib_tag=se&m=A3UEK3VBJ6ADB7&marketplaceID=A19VAU5U5O7RUS&qid=1776496847&refinements=p_36%3A17500-18000&s=merchant-items&sr=1-180&xpid=JMQsO61hn7ubk#customerReviews,Arcan Meteor Wallet
B075428ZMS,,,,
B071F958XZ,,176.26,https://www.amazon.sg/Caravan-CV0035025-24-0cm-Sweetfish-Keiryu/dp/B071F958XZ/ref=sr_1_181?dib=eyJ2IjoiMSJ9.Zv62lNpaWrSY7D14htgZT9MA_UD3rTowSJW1nr22tY4s1ofCQpfl60mhz2QL9lD_pkrmYvCHGZoG8W5Efs7BD9myWkpLrDWU2HmKNkX0bJ8.O-yPPq4Y3cYBtVUSioglgT2xLD-B5S2bfEd-23ZjVNY&dib_tag=se&m=A3UEK3VBJ6ADB7&marketplaceID=A19VAU5U5O7RUS&qid=1776496847&refinements=p_36%3A17500-18000&s=merchant-items&sr=1-181&xpid=JMQsO61hn7ubk,"Caravan CV0035025 Sweetfish Tabi, Keiryu Tabi, 660 Blue"
B071F958XZ,,,,
B004D2EWCS,,178.34,https://www.amazon.sg/Tokyo-Medical-CA104-Denken-Ventilated/dp/B004D2EWCS/ref=sr_1_182?dib=eyJ2IjoiMSJ9.Zv62lNpaWrSY7D14htgZT9MA_UD3rTowSJW1nr22tY4s1ofCQpfl60mhz2QL9lD_pkrmYvCHGZoG8W5Efs7BD9myWkpLrDWU2HmKNkX0bJ8.O-yPPq4Y3cYBtVUSioglgT2xLD-B5S2bfEd-23ZjVNY&dib_tag=se&m=A3UEK3VBJ6ADB7&marketplaceID=A19VAU5U5O7RUS&qid=1776496847&refinements=p_36%3A17500-18000&s=merchant-items&sr=1-182&xpid=JMQsO61hn7ubk#customerReviews,"Tokyo Medical CA104 Denken Hat, Ventilated with Brim, Pack of 50"
B004D2EWCS,,,,
