ASIN,Brand,Price,URL,Title
B0BN244B4L,Audio CD,97.88,https://www.amazon.sg/Favourite-Nightmare-%E7%B4%99%E3%82%B8%E3%83%A3%E3%82%B1%E3%83%83%E3%83%88%E4%BB%95%E6%A7%98-%E9%AB%98%E9%9F%B3%E8%B3%AAUHQCD-%E5%88%9D%E5%9B%9E%E7%94%9F%E7%94%A3%E5%88%86%E3%81%AE%E3%81%BF%E3%83%AD%E3%82%B4%E3%82%B9%E3%83%86%E3%83%83%E3%82%AB%E3%83%BC%E5%B0%81%E5%85%A5/dp/B0BN244B4L/ref=sr_1_1?dib=eyJ2IjoiMSJ9.KqA00hqvfg_6V-VzxU0NLbO9hinrtO6baKdDKj0n9m7SaLlY71Uxa-WYXVRZmIKUiSf6R3Oq-zZRPs12SgYa0Oms4UXtm1_EJlsgN_5FdvlunbKqw2sII1VOibRKkRnq2N9G30iVDbHGr_T04IjJ7sdig2EpekxjHutDoLug1ep294kACqwu0GpddFVdIDUoMD3L-y7UV-26xT1Cr0PGUb0cmQRlJaY4ITBK9JQ3CPY.C07A2_VzXD6m5V89NpeesO2dL5M0WGenJfV3CJiZCS8&dib_tag=se&m=A31NFQQ4065CWX&marketplaceID=A19VAU5U5O7RUS&qid=1773376892&refinements=p_36%3A9500-10000&s=merchant-items&sr=1-1#customerReviews,Favourite Worst Nightmare [紙ジャケット仕様 / 高音質UHQCD / 解説・歌詞対訳 / 初回生産分のみロゴステッカー封入 / 国内盤] (BRC718 )
B09SYZ1JXR,Audio CD,96.57,https://www.amazon.sg/Come-Away-SHM-SACD-Norah-Jones/dp/B09SYZ1JXR/ref=sr_1_2?dib=eyJ2IjoiMSJ9.KqA00hqvfg_6V-VzxU0NLbO9hinrtO6baKdDKj0n9m7SaLlY71Uxa-WYXVRZmIKUiSf6R3Oq-zZRPs12SgYa0Oms4UXtm1_EJlsgN_5FdvlunbKqw2sII1VOibRKkRnq2N9G30iVDbHGr_T04IjJ7sdig2EpekxjHutDoLug1ep294kACqwu0GpddFVdIDUoMD3L-y7UV-26xT1Cr0PGUb0cmQRlJaY4ITBK9JQ3CPY.C07A2_VzXD6m5V89NpeesO2dL5M0WGenJfV3CJiZCS8&dib_tag=se&m=A31NFQQ4065CWX&marketplaceID=A19VAU5U5O7RUS&qid=1773376892&refinements=p_36%3A9500-10000&s=merchant-items&sr=1-2#customerReviews,Come Away With Me (SHM-SACD)
B0BQWCR1PQ,Vinyl,112.49,https://www.amazon.sg/Ride-Time-Remastered-Tatsuro-Yamashita/dp/B0BQWCR1PQ/ref=sr_1_3?dib=eyJ2IjoiMSJ9.KqA00hqvfg_6V-VzxU0NLbO9hinrtO6baKdDKj0n9m7SaLlY71Uxa-WYXVRZmIKUiSf6R3Oq-zZRPs12SgYa0Oms4UXtm1_EJlsgN_5FdvlunbKqw2sII1VOibRKkRnq2N9G30iVDbHGr_T04IjJ7sdig2EpekxjHutDoLug1ep294kACqwu0GpddFVdIDUoMD3L-y7UV-26xT1Cr0PGUb0cmQRlJaY4ITBK9JQ3CPY.C07A2_VzXD6m5V89NpeesO2dL5M0WGenJfV3CJiZCS8&dib_tag=se&m=A31NFQQ4065CWX&marketplaceID=A19VAU5U5O7RUS&qid=1773376892&refinements=p_36%3A9500-10000&s=merchant-items&sr=1-3#customerReviews,Ride On Time - Remastered
B00005HDRA,Audio CD,96.47,https://www.amazon.sg/BEST-ROBERTA-FLACK/dp/B00005HDRA/ref=sr_1_4?dib=eyJ2IjoiMSJ9.KqA00hqvfg_6V-VzxU0NLbO9hinrtO6baKdDKj0n9m7SaLlY71Uxa-WYXVRZmIKUiSf6R3Oq-zZRPs12SgYa0Oms4UXtm1_EJlsgN_5FdvlunbKqw2sII1VOibRKkRnq2N9G30iVDbHGr_T04IjJ7sdig2EpekxjHutDoLug1ep294kACqwu0GpddFVdIDUoMD3L-y7UV-26xT1Cr0PGUb0cmQRlJaY4ITBK9JQ3CPY.C07A2_VzXD6m5V89NpeesO2dL5M0WGenJfV3CJiZCS8&dib_tag=se&m=A31NFQQ4065CWX&marketplaceID=A19VAU5U5O7RUS&qid=1773376892&refinements=p_36%3A9500-10000&s=merchant-items&sr=1-4#customerReviews,BEST OF
B005N4I24Y,Sony PSP,98.49,https://www.amazon.sg/Sony-Playstation-Memory-Original-Version/dp/B005N4I24Y/ref=sr_1_5?dib=eyJ2IjoiMSJ9.KqA00hqvfg_6V-VzxU0NLbO9hinrtO6baKdDKj0n9m7SaLlY71Uxa-WYXVRZmIKUiSf6R3Oq-zZRPs12SgYa0Oms4UXtm1_EJlsgN_5FdvlunbKqw2sII1VOibRKkRnq2N9G30iVDbHGr_T04IjJ7sdig2EpekxjHutDoLug1ep294kACqwu0GpddFVdIDUoMD3L-y7UV-26xT1Cr0PGUb0cmQRlJaY4ITBK9JQ3CPY.C07A2_VzXD6m5V89NpeesO2dL5M0WGenJfV3CJiZCS8&dib_tag=se&m=A31NFQQ4065CWX&marketplaceID=A19VAU5U5O7RUS&qid=1773376892&refinements=p_36%3A9500-10000&s=merchant-items&sr=1-5#customerReviews,Sony Playstation Vita 16 Gb Memory Card [] (Original Version)
B005N4I24Y,,,,
B08PJD4WWX,,113.19,https://www.amazon.sg/Final-VR3000-Ear-Microphone-equipments/dp/B08PJD4WWX/ref=sr_1_6?dib=eyJ2IjoiMSJ9.KqA00hqvfg_6V-VzxU0NLbO9hinrtO6baKdDKj0n9m7SaLlY71Uxa-WYXVRZmIKUiSf6R3Oq-zZRPs12SgYa0Oms4UXtm1_EJlsgN_5FdvlunbKqw2sII1VOibRKkRnq2N9G30iVDbHGr_T04IjJ7sdig2EpekxjHutDoLug1ep294kACqwu0GpddFVdIDUoMD3L-y7UV-26xT1Cr0PGUb0cmQRlJaY4ITBK9JQ3CPY.C07A2_VzXD6m5V89NpeesO2dL5M0WGenJfV3CJiZCS8&dib_tag=se&m=A31NFQQ4065CWX&marketplaceID=A19VAU5U5O7RUS&qid=1773376892&refinements=p_36%3A9500-10000&s=merchant-items&sr=1-6#customerReviews,"Final VR3000 – in-Ear Gaming Headset with Microphone for PC Gaming, Consoles and VR equipments"
B08PJD4WWX,,,,
B08SD55XM8,Audio CD,99.36,https://www.amazon.sg/Dragon-Quest-Daibouken-Original-Soundtrack/dp/B08SD55XM8/ref=sr_1_7?dib=eyJ2IjoiMSJ9.KqA00hqvfg_6V-VzxU0NLbO9hinrtO6baKdDKj0n9m7SaLlY71Uxa-WYXVRZmIKUiSf6R3Oq-zZRPs12SgYa0Oms4UXtm1_EJlsgN_5FdvlunbKqw2sII1VOibRKkRnq2N9G30iVDbHGr_T04IjJ7sdig2EpekxjHutDoLug1ep294kACqwu0GpddFVdIDUoMD3L-y7UV-26xT1Cr0PGUb0cmQRlJaY4ITBK9JQ3CPY.C07A2_VzXD6m5V89NpeesO2dL5M0WGenJfV3CJiZCS8&dib_tag=se&m=A31NFQQ4065CWX&marketplaceID=A19VAU5U5O7RUS&qid=1773376892&refinements=p_36%3A9500-10000&s=merchant-items&sr=1-7#customerReviews,Dragon Quest Dai No Daibouken Original Soundtrack Vol 1
B07H7G3LK2,PlayStation 4,96.97,https://www.amazon.sg/Activision-Shadows-Playstation-Japanese-Version/dp/B07H7G3LK2/ref=sr_1_8?dib=eyJ2IjoiMSJ9.KqA00hqvfg_6V-VzxU0NLbO9hinrtO6baKdDKj0n9m7SaLlY71Uxa-WYXVRZmIKUiSf6R3Oq-zZRPs12SgYa0Oms4UXtm1_EJlsgN_5FdvlunbKqw2sII1VOibRKkRnq2N9G30iVDbHGr_T04IjJ7sdig2EpekxjHutDoLug1ep294kACqwu0GpddFVdIDUoMD3L-y7UV-26xT1Cr0PGUb0cmQRlJaY4ITBK9JQ3CPY.C07A2_VzXD6m5V89NpeesO2dL5M0WGenJfV3CJiZCS8&dib_tag=se&m=A31NFQQ4065CWX&marketplaceID=A19VAU5U5O7RUS&qid=1773376892&refinements=p_36%3A9500-10000&s=merchant-items&sr=1-8#customerReviews,"PS4 ""Activision Sekiro Shadows Die Twice Sony Playstation 4 Japanese Version"
B07H7G3LK2,,,,
B085YD22C3,Audio CD,107.26,https://www.amazon.sg/ERA%E3%80%90Blu-ray%E4%BB%98%E7%94%9F%E7%94%A3%E9%99%90%E5%AE%9A%E7%9B%A4%E3%80%91-RAISE-SUILEN/dp/B085YD22C3/ref=sr_1_9?dib=eyJ2IjoiMSJ9.KqA00hqvfg_6V-VzxU0NLbO9hinrtO6baKdDKj0n9m7SaLlY71Uxa-WYXVRZmIKUiSf6R3Oq-zZRPs12SgYa0Oms4UXtm1_EJlsgN_5FdvlunbKqw2sII1VOibRKkRnq2N9G30iVDbHGr_T04IjJ7sdig2EpekxjHutDoLug1ep294kACqwu0GpddFVdIDUoMD3L-y7UV-26xT1Cr0PGUb0cmQRlJaY4ITBK9JQ3CPY.C07A2_VzXD6m5V89NpeesO2dL5M0WGenJfV3CJiZCS8&dib_tag=se&m=A31NFQQ4065CWX&marketplaceID=A19VAU5U5O7RUS&qid=1773376892&refinements=p_36%3A9500-10000&s=merchant-items&sr=1-9#customerReviews,ERA【Blu-ray付生産限定盤】
B099TN9XJB,Audio CD,103.01,https://www.amazon.sg/%E5%B3%B6%E6%B4%A5%E4%BA%9C%E7%9F%A2-2022%E5%B9%B4%E5%85%A8%E6%9B%B2%E9%9B%86/dp/B099TN9XJB/ref=sr_1_10?dib=eyJ2IjoiMSJ9.KqA00hqvfg_6V-VzxU0NLbO9hinrtO6baKdDKj0n9m7SaLlY71Uxa-WYXVRZmIKUiSf6R3Oq-zZRPs12SgYa0Oms4UXtm1_EJlsgN_5FdvlunbKqw2sII1VOibRKkRnq2N9G30iVDbHGr_T04IjJ7sdig2EpekxjHutDoLug1ep294kACqwu0GpddFVdIDUoMD3L-y7UV-26xT1Cr0PGUb0cmQRlJaY4ITBK9JQ3CPY.C07A2_VzXD6m5V89NpeesO2dL5M0WGenJfV3CJiZCS8&dib_tag=se&m=A31NFQQ4065CWX&marketplaceID=A19VAU5U5O7RUS&qid=1773376892&refinements=p_36%3A9500-10000&s=merchant-items&sr=1-10#customerReviews,島津亜矢 2022年全曲集
B094D7WRPG,Audio CD,99.32,https://www.amazon.sg/J-S-Bach-Herbert-Von-Bach-Karajan/dp/B094D7WRPG/ref=sr_1_11?dib=eyJ2IjoiMSJ9.KqA00hqvfg_6V-VzxU0NLbO9hinrtO6baKdDKj0n9m7SaLlY71Uxa-WYXVRZmIKUiSf6R3Oq-zZRPs12SgYa0Oms4UXtm1_EJlsgN_5FdvlunbKqw2sII1VOibRKkRnq2N9G30iVDbHGr_T04IjJ7sdig2EpekxjHutDoLug1ep294kACqwu0GpddFVdIDUoMD3L-y7UV-26xT1Cr0PGUb0cmQRlJaY4ITBK9JQ3CPY.C07A2_VzXD6m5V89NpeesO2dL5M0WGenJfV3CJiZCS8&dib_tag=se&m=A31NFQQ4065CWX&marketplaceID=A19VAU5U5O7RUS&qid=1773376892&refinements=p_36%3A9500-10000&s=merchant-items&sr=1-11#customerReviews,J.S.Bach: Brandenburg Concertos (SACD-SHM)
B08CYRBMYW,PlayStation 4,98.69,https://www.amazon.sg/NHL-21-Great-Eight-PlayStation/dp/B08CYRBMYW/ref=sr_1_12?dib=eyJ2IjoiMSJ9.KqA00hqvfg_6V-VzxU0NLbO9hinrtO6baKdDKj0n9m7SaLlY71Uxa-WYXVRZmIKUiSf6R3Oq-zZRPs12SgYa0Oms4UXtm1_EJlsgN_5FdvlunbKqw2sII1VOibRKkRnq2N9G30iVDbHGr_T04IjJ7sdig2EpekxjHutDoLug1ep294kACqwu0GpddFVdIDUoMD3L-y7UV-26xT1Cr0PGUb0cmQRlJaY4ITBK9JQ3CPY.C07A2_VzXD6m5V89NpeesO2dL5M0WGenJfV3CJiZCS8&dib_tag=se&m=A31NFQQ4065CWX&marketplaceID=A19VAU5U5O7RUS&qid=1773376892&refinements=p_36%3A9500-10000&s=merchant-items&sr=1-12#customerReviews,NHL 21 Great Eight Edition - PlayStation 4
B08CYRBMYW,,,,
B082PQRHY4,Audio CD,99.52,https://www.amazon.sg/Last-Three-Sonatas-Uhq-CD-Maurizio-Pollini/dp/B082PQRHY4/ref=sr_1_13?dib=eyJ2IjoiMSJ9.KqA00hqvfg_6V-VzxU0NLbO9hinrtO6baKdDKj0n9m7SaLlY71Uxa-WYXVRZmIKUiSf6R3Oq-zZRPs12SgYa0Oms4UXtm1_EJlsgN_5FdvlunbKqw2sII1VOibRKkRnq2N9G30iVDbHGr_T04IjJ7sdig2EpekxjHutDoLug1ep294kACqwu0GpddFVdIDUoMD3L-y7UV-26xT1Cr0PGUb0cmQRlJaY4ITBK9JQ3CPY.C07A2_VzXD6m5V89NpeesO2dL5M0WGenJfV3CJiZCS8&dib_tag=se&m=A31NFQQ4065CWX&marketplaceID=A19VAU5U5O7RUS&qid=1773376892&refinements=p_36%3A9500-10000&s=merchant-items&sr=1-13#customerReviews,The Last Three Sonatas-Uhq-CD
B07WYGWLCT,Audio CD,99.36,https://www.amazon.sg/Y-%E6%9C%80%E5%BE%8C%E3%81%AE%E8%AD%A6%E5%91%8A-40th-%E3%82%A2%E3%83%8B%E3%83%B4%E3%82%A1%E3%83%BC%E3%82%B5%E3%83%AA%E3%83%BC%E3%83%BB%E3%82%A8%E3%83%87%E3%82%A3%E3%82%B7%E3%83%A7%E3%83%B3-%E3%82%B6%E3%83%BB%E3%83%9D%E3%83%83%E3%83%97%E3%83%BB%E3%82%B0%E3%83%AB%E3%83%BC%E3%83%97/dp/B07WYGWLCT/ref=sr_1_14?dib=eyJ2IjoiMSJ9.KqA00hqvfg_6V-VzxU0NLbO9hinrtO6baKdDKj0n9m7SaLlY71Uxa-WYXVRZmIKUiSf6R3Oq-zZRPs12SgYa0Oms4UXtm1_EJlsgN_5FdvlunbKqw2sII1VOibRKkRnq2N9G30iVDbHGr_T04IjJ7sdig2EpekxjHutDoLug1ep294kACqwu0GpddFVdIDUoMD3L-y7UV-26xT1Cr0PGUb0cmQRlJaY4ITBK9JQ3CPY.C07A2_VzXD6m5V89NpeesO2dL5M0WGenJfV3CJiZCS8&dib_tag=se&m=A31NFQQ4065CWX&marketplaceID=A19VAU5U5O7RUS&qid=1773376892&refinements=p_36%3A9500-10000&s=merchant-items&sr=1-14#customerReviews,Y(最後の警告) 40th アニヴァーサリー・エディション
B01G6018AS,Vinyl,95.09,https://www.amazon.sg/%E3%82%86%E3%81%BF%E3%81%8B%E3%81%90%E3%82%89-kagura-vinyl-version-Analog/dp/B01G6018AS/ref=sr_1_15?dib=eyJ2IjoiMSJ9.KqA00hqvfg_6V-VzxU0NLbO9hinrtO6baKdDKj0n9m7SaLlY71Uxa-WYXVRZmIKUiSf6R3Oq-zZRPs12SgYa0Oms4UXtm1_EJlsgN_5FdvlunbKqw2sII1VOibRKkRnq2N9G30iVDbHGr_T04IjJ7sdig2EpekxjHutDoLug1ep294kACqwu0GpddFVdIDUoMD3L-y7UV-26xT1Cr0PGUb0cmQRlJaY4ITBK9JQ3CPY.C07A2_VzXD6m5V89NpeesO2dL5M0WGenJfV3CJiZCS8&dib_tag=se&m=A31NFQQ4065CWX&marketplaceID=A19VAU5U5O7RUS&qid=1773376892&refinements=p_36%3A9500-10000&s=merchant-items&sr=1-15#customerReviews,弓神楽(ゆみかぐら)Yumi kagura [vinyl LP version] [Analog]
B00M69J2UM,Audio CD,99.45,https://www.amazon.sg/%E3%83%AD%E3%83%BC%E3%83%A9%E5%AF%BE%E3%83%91%E3%83%AF%E3%83%BC%E3%83%9E%E3%83%B3%E3%80%81%E3%83%9E%E3%83%8D%E3%83%BC%E3%82%B4%E3%83%BC%E3%83%A9%E3%82%A6%E3%83%B3%E3%83%89%E7%B5%84-%E7%AC%AC1%E5%9B%9E%E6%88%A6-%E3%83%AC%E3%82%AC%E3%82%B7%E3%83%BC%E3%83%BB%E3%82%A8%E3%83%87%E3%82%A3%E3%82%B7%E3%83%A7%E3%83%B3-%E5%AE%8C%E5%85%A8%E7%94%9F%E7%94%A3%E9%99%90%E5%AE%9A%E7%9B%A4-%E3%82%B6%E3%83%BB%E3%82%AD%E3%83%B3%E3%82%AF%E3%82%B9/dp/B00M69J2UM/ref=sr_1_16?dib=eyJ2IjoiMSJ9.KqA00hqvfg_6V-VzxU0NLbO9hinrtO6baKdDKj0n9m7SaLlY71Uxa-WYXVRZmIKUiSf6R3Oq-zZRPs12SgYa0Oms4UXtm1_EJlsgN_5FdvlunbKqw2sII1VOibRKkRnq2N9G30iVDbHGr_T04IjJ7sdig2EpekxjHutDoLug1ep294kACqwu0GpddFVdIDUoMD3L-y7UV-26xT1Cr0PGUb0cmQRlJaY4ITBK9JQ3CPY.C07A2_VzXD6m5V89NpeesO2dL5M0WGenJfV3CJiZCS8&dib_tag=se&m=A31NFQQ4065CWX&marketplaceID=A19VAU5U5O7RUS&qid=1773376892&refinements=p_36%3A9500-10000&s=merchant-items&sr=1-16#customerReviews,ローラ対パワーマン、マネーゴーラウンド組 第1回戦 レガシー・エディション(完全生産限定盤)
B00GXEY17U,Audio CD,97.11,https://www.amazon.sg/Warpaint/dp/B00GXEY17U/ref=sr_1_17?dib=eyJ2IjoiMSJ9.X-BmTSI5iFzhuHjVwQP4rik6DYpQQbzQhPa4Q46qXYFuOkfILY5GqrB2pDD0yTmdlEmLBLCUMYrJnM9rNrU2RZy7eEPMjph3Tfed_PqzfYlQYI6AvmcuPk4OwzH0p6usL13KgWK3GBcxuiTlQaS_1eO1EstBp2d40cG3m1yxU4Ukgm5lZEraNtV34TK6vKbe2ngnWsQimuF7YOMKWYoCtCZsqCLQCcB5X_aC8LplU2U.0Hj6e19bQCOwRDzof8yAN9_79mUTVMZjChErHo45kFA&dib_tag=se&m=A31NFQQ4065CWX&marketplaceID=A19VAU5U5O7RUS&qid=1773376899&refinements=p_36%3A9500-10000&s=merchant-items&sr=1-17&xpid=fFiMQgBxAhMWv#customerReviews,Warpaint
B00B1GMQFE,Audio CD,96.58,https://www.amazon.sg/%E3%82%AA%E3%82%B8%E3%82%B5%E3%83%9E%E5%B0%82%E7%A7%91Vol-7-My-Graduation-%E3%81%95%E3%82%88%E3%81%AA%E3%82%89%E6%84%9B%E3%81%97%E3%81%AE%E3%83%86%E3%82%A3%E3%83%BC%E3%83%81%E3%83%A3%E3%83%BC-%E4%B8%AD%E5%B0%BE%E9%9A%86%E8%81%96/dp/B00B1GMQFE/ref=sr_1_18?dib=eyJ2IjoiMSJ9.X-BmTSI5iFzhuHjVwQP4rik6DYpQQbzQhPa4Q46qXYFuOkfILY5GqrB2pDD0yTmdlEmLBLCUMYrJnM9rNrU2RZy7eEPMjph3Tfed_PqzfYlQYI6AvmcuPk4OwzH0p6usL13KgWK3GBcxuiTlQaS_1eO1EstBp2d40cG3m1yxU4Ukgm5lZEraNtV34TK6vKbe2ngnWsQimuF7YOMKWYoCtCZsqCLQCcB5X_aC8LplU2U.0Hj6e19bQCOwRDzof8yAN9_79mUTVMZjChErHo45kFA&dib_tag=se&m=A31NFQQ4065CWX&marketplaceID=A19VAU5U5O7RUS&qid=1773376899&refinements=p_36%3A9500-10000&s=merchant-items&sr=1-18&xpid=fFiMQgBxAhMWv#customerReviews,オジサマ専科Vol.7 My Graduation~さよなら愛しのティーチャー~
B0072KWOYQ,Audio CD,98.62,https://www.amazon.sg/%E3%82%B0%E3%83%AC%E3%83%BC%E3%83%88%E3%83%BB%E3%83%87%E3%82%A3%E3%82%B7%E3%83%BC%E3%83%B4%E3%82%A1%E3%83%BC2-K2HD-%E7%B4%99%E3%82%B8%E3%83%A3%E3%82%B1%E3%83%83%E3%83%88%E4%BB%95%E6%A7%98-%E3%82%AD%E3%83%B3%E3%82%B0%E3%83%BB%E3%82%AF%E3%83%AA%E3%83%A0%E3%82%BE%E3%83%B3/dp/B0072KWOYQ/ref=sr_1_19?dib=eyJ2IjoiMSJ9.X-BmTSI5iFzhuHjVwQP4rik6DYpQQbzQhPa4Q46qXYFuOkfILY5GqrB2pDD0yTmdlEmLBLCUMYrJnM9rNrU2RZy7eEPMjph3Tfed_PqzfYlQYI6AvmcuPk4OwzH0p6usL13KgWK3GBcxuiTlQaS_1eO1EstBp2d40cG3m1yxU4Ukgm5lZEraNtV34TK6vKbe2ngnWsQimuF7YOMKWYoCtCZsqCLQCcB5X_aC8LplU2U.0Hj6e19bQCOwRDzof8yAN9_79mUTVMZjChErHo45kFA&dib_tag=se&m=A31NFQQ4065CWX&marketplaceID=A19VAU5U5O7RUS&qid=1773376899&refinements=p_36%3A9500-10000&s=merchant-items&sr=1-19&xpid=fFiMQgBxAhMWv#customerReviews,グレート・ディシーヴァー2(K2HD/紙ジャケット仕様)
B002FQKKDO,Sony PSP,95.47,https://www.amazon.sg/GUST-Mana-Khemia-Renkinjutsushi-Portable/dp/B002FQKKDO/ref=sr_1_20?dib=eyJ2IjoiMSJ9.X-BmTSI5iFzhuHjVwQP4rik6DYpQQbzQhPa4Q46qXYFuOkfILY5GqrB2pDD0yTmdlEmLBLCUMYrJnM9rNrU2RZy7eEPMjph3Tfed_PqzfYlQYI6AvmcuPk4OwzH0p6usL13KgWK3GBcxuiTlQaS_1eO1EstBp2d40cG3m1yxU4Ukgm5lZEraNtV34TK6vKbe2ngnWsQimuF7YOMKWYoCtCZsqCLQCcB5X_aC8LplU2U.0Hj6e19bQCOwRDzof8yAN9_79mUTVMZjChErHo45kFA&dib_tag=se&m=A31NFQQ4065CWX&marketplaceID=A19VAU5U5O7RUS&qid=1773376899&refinements=p_36%3A9500-10000&s=merchant-items&sr=1-20&xpid=fFiMQgBxAhMWv#customerReviews,GUST Mana Khemia 2: Ochita Gakuen To Renkinjutsushi Tachi Portable+ [Japan Import]
B002FQKKDO,,,,
B0012PYF58,Audio CD,98.6,https://www.amazon.sg/%E9%81%99%E3%81%8B%E3%81%AA%E3%82%8B%E6%99%82%E7%A9%BA%E3%81%AE%E4%B8%AD%E3%81%A73-%E7%B4%85%E3%81%AE%E6%9C%88-%E7%AC%AC%E4%BA%8C%E5%A4%9C-TV%E3%82%B5%E3%83%B3%E3%83%88%E3%83%A9/dp/B0012PYF58/ref=sr_1_21?dib=eyJ2IjoiMSJ9.X-BmTSI5iFzhuHjVwQP4rik6DYpQQbzQhPa4Q46qXYFuOkfILY5GqrB2pDD0yTmdlEmLBLCUMYrJnM9rNrU2RZy7eEPMjph3Tfed_PqzfYlQYI6AvmcuPk4OwzH0p6usL13KgWK3GBcxuiTlQaS_1eO1EstBp2d40cG3m1yxU4Ukgm5lZEraNtV34TK6vKbe2ngnWsQimuF7YOMKWYoCtCZsqCLQCcB5X_aC8LplU2U.0Hj6e19bQCOwRDzof8yAN9_79mUTVMZjChErHo45kFA&dib_tag=se&m=A31NFQQ4065CWX&marketplaceID=A19VAU5U5O7RUS&qid=1773376899&refinements=p_36%3A9500-10000&s=merchant-items&sr=1-21&xpid=fFiMQgBxAhMWv#customerReviews,遙かなる時空の中で3 紅の月 第二夜
B000M2EAZW,Audio CD,95.36,https://www.amazon.sg/%E3%83%96%E3%83%AB%E3%83%BC%E3%82%B9%E3%83%BB%E3%83%AD%E3%83%90%E3%83%BC%E3%83%84-%E7%B4%99%E3%82%B8%E3%83%A3%E3%82%B1%E3%83%83%E3%83%88%E4%BB%95%E6%A7%98/dp/B000M2EAZW/ref=sr_1_22?dib=eyJ2IjoiMSJ9.X-BmTSI5iFzhuHjVwQP4rik6DYpQQbzQhPa4Q46qXYFuOkfILY5GqrB2pDD0yTmdlEmLBLCUMYrJnM9rNrU2RZy7eEPMjph3Tfed_PqzfYlQYI6AvmcuPk4OwzH0p6usL13KgWK3GBcxuiTlQaS_1eO1EstBp2d40cG3m1yxU4Ukgm5lZEraNtV34TK6vKbe2ngnWsQimuF7YOMKWYoCtCZsqCLQCcB5X_aC8LplU2U.0Hj6e19bQCOwRDzof8yAN9_79mUTVMZjChErHo45kFA&dib_tag=se&m=A31NFQQ4065CWX&marketplaceID=A19VAU5U5O7RUS&qid=1773376899&refinements=p_36%3A9500-10000&s=merchant-items&sr=1-22&xpid=fFiMQgBxAhMWv#customerReviews,ブルース・ロバーツ(紙ジャケット仕様)
B000CBCVEA,Sony PSP,98.66,https://www.amazon.sg/Capcom-Classics-Collection-Remixed-Sony/dp/B000CBCVEA/ref=sr_1_23?dib=eyJ2IjoiMSJ9.X-BmTSI5iFzhuHjVwQP4rik6DYpQQbzQhPa4Q46qXYFuOkfILY5GqrB2pDD0yTmdlEmLBLCUMYrJnM9rNrU2RZy7eEPMjph3Tfed_PqzfYlQYI6AvmcuPk4OwzH0p6usL13KgWK3GBcxuiTlQaS_1eO1EstBp2d40cG3m1yxU4Ukgm5lZEraNtV34TK6vKbe2ngnWsQimuF7YOMKWYoCtCZsqCLQCcB5X_aC8LplU2U.0Hj6e19bQCOwRDzof8yAN9_79mUTVMZjChErHo45kFA&dib_tag=se&m=A31NFQQ4065CWX&marketplaceID=A19VAU5U5O7RUS&qid=1773376899&refinements=p_36%3A9500-10000&s=merchant-items&sr=1-23&xpid=fFiMQgBxAhMWv#customerReviews,Capcom Classics Collection Remixed - Sony PSP
B000CBCVEA,,,,
B00000JD1H,Audio CD,96.52,https://www.amazon.sg/Ka-Chou-Huu-Getsu-Spitz/dp/B00000JD1H/ref=sr_1_24?dib=eyJ2IjoiMSJ9.X-BmTSI5iFzhuHjVwQP4rik6DYpQQbzQhPa4Q46qXYFuOkfILY5GqrB2pDD0yTmdlEmLBLCUMYrJnM9rNrU2RZy7eEPMjph3Tfed_PqzfYlQYI6AvmcuPk4OwzH0p6usL13KgWK3GBcxuiTlQaS_1eO1EstBp2d40cG3m1yxU4Ukgm5lZEraNtV34TK6vKbe2ngnWsQimuF7YOMKWYoCtCZsqCLQCcB5X_aC8LplU2U.0Hj6e19bQCOwRDzof8yAN9_79mUTVMZjChErHo45kFA&dib_tag=se&m=A31NFQQ4065CWX&marketplaceID=A19VAU5U5O7RUS&qid=1773376899&refinements=p_36%3A9500-10000&s=merchant-items&sr=1-24&xpid=fFiMQgBxAhMWv#customerReviews,Ka Chou Huu Getsu
B0D2BK8ZFN,Vinyl,98.69,https://www.amazon.sg/Double-Happiness-Asuka-Ando/dp/B0D2BK8ZFN/ref=sr_1_25?dib=eyJ2IjoiMSJ9.X-BmTSI5iFzhuHjVwQP4rik6DYpQQbzQhPa4Q46qXYFuOkfILY5GqrB2pDD0yTmdlEmLBLCUMYrJnM9rNrU2RZy7eEPMjph3Tfed_PqzfYlQYI6AvmcuPk4OwzH0p6usL13KgWK3GBcxuiTlQaS_1eO1EstBp2d40cG3m1yxU4Ukgm5lZEraNtV34TK6vKbe2ngnWsQimuF7YOMKWYoCtCZsqCLQCcB5X_aC8LplU2U.0Hj6e19bQCOwRDzof8yAN9_79mUTVMZjChErHo45kFA&dib_tag=se&m=A31NFQQ4065CWX&marketplaceID=A19VAU5U5O7RUS&qid=1773376899&refinements=p_36%3A9500-10000&s=merchant-items&sr=1-25&xpid=fFiMQgBxAhMWv#customerReviews,Double Happiness
B094B42VJY,Video Game,95.92,https://www.amazon.sg/Metro-Exodus-Complete-PlayStation-5/dp/B094B42VJY/ref=sr_1_26?dib=eyJ2IjoiMSJ9.X-BmTSI5iFzhuHjVwQP4rik6DYpQQbzQhPa4Q46qXYFuOkfILY5GqrB2pDD0yTmdlEmLBLCUMYrJnM9rNrU2RZy7eEPMjph3Tfed_PqzfYlQYI6AvmcuPk4OwzH0p6usL13KgWK3GBcxuiTlQaS_1eO1EstBp2d40cG3m1yxU4Ukgm5lZEraNtV34TK6vKbe2ngnWsQimuF7YOMKWYoCtCZsqCLQCcB5X_aC8LplU2U.0Hj6e19bQCOwRDzof8yAN9_79mUTVMZjChErHo45kFA&dib_tag=se&m=A31NFQQ4065CWX&marketplaceID=A19VAU5U5O7RUS&qid=1773376899&refinements=p_36%3A9500-10000&s=merchant-items&sr=1-26&xpid=fFiMQgBxAhMWv#customerReviews,Metro Exodus: Complete Edition - PlayStation 5
B094B42VJY,,,,
B08LQVXBJK,Video Game,99.97,https://www.amazon.sg/dramaticcreate-%E3%82%B9%E3%83%81%E3%83%BC%E3%83%A0%E3%83%97%E3%83%AA%E3%82%BA%E3%83%B3-Switch/dp/B08LQVXBJK/ref=sr_1_27?dib=eyJ2IjoiMSJ9.X-BmTSI5iFzhuHjVwQP4rik6DYpQQbzQhPa4Q46qXYFuOkfILY5GqrB2pDD0yTmdlEmLBLCUMYrJnM9rNrU2RZy7eEPMjph3Tfed_PqzfYlQYI6AvmcuPk4OwzH0p6usL13KgWK3GBcxuiTlQaS_1eO1EstBp2d40cG3m1yxU4Ukgm5lZEraNtV34TK6vKbe2ngnWsQimuF7YOMKWYoCtCZsqCLQCcB5X_aC8LplU2U.0Hj6e19bQCOwRDzof8yAN9_79mUTVMZjChErHo45kFA&dib_tag=se&m=A31NFQQ4065CWX&marketplaceID=A19VAU5U5O7RUS&qid=1773376899&refinements=p_36%3A9500-10000&s=merchant-items&sr=1-27&xpid=fFiMQgBxAhMWv#customerReviews,スチームプリズン - Switch
B08LQVXBJK,,,,
B072BL9MBY,PlayStation 4,96.09,https://www.amazon.sg/INSIDE-LIMBO-Double-Pack-PlayStation/dp/B072BL9MBY/ref=sr_1_28?dib=eyJ2IjoiMSJ9.X-BmTSI5iFzhuHjVwQP4rik6DYpQQbzQhPa4Q46qXYFuOkfILY5GqrB2pDD0yTmdlEmLBLCUMYrJnM9rNrU2RZy7eEPMjph3Tfed_PqzfYlQYI6AvmcuPk4OwzH0p6usL13KgWK3GBcxuiTlQaS_1eO1EstBp2d40cG3m1yxU4Ukgm5lZEraNtV34TK6vKbe2ngnWsQimuF7YOMKWYoCtCZsqCLQCcB5X_aC8LplU2U.0Hj6e19bQCOwRDzof8yAN9_79mUTVMZjChErHo45kFA&dib_tag=se&m=A31NFQQ4065CWX&marketplaceID=A19VAU5U5O7RUS&qid=1773376899&refinements=p_36%3A9500-10000&s=merchant-items&sr=1-28&xpid=fFiMQgBxAhMWv#customerReviews,INSIDE / LIMBO Double Pack - PlayStation 4
B072BL9MBY,,,,
B00NI9FQMM,Audio CD,96.73,https://www.amazon.sg/Boss-SEIICHI-NAKAMURA-QUINTET-2/dp/B00NI9FQMM/ref=sr_1_29?dib=eyJ2IjoiMSJ9.X-BmTSI5iFzhuHjVwQP4rik6DYpQQbzQhPa4Q46qXYFuOkfILY5GqrB2pDD0yTmdlEmLBLCUMYrJnM9rNrU2RZy7eEPMjph3Tfed_PqzfYlQYI6AvmcuPk4OwzH0p6usL13KgWK3GBcxuiTlQaS_1eO1EstBp2d40cG3m1yxU4Ukgm5lZEraNtV34TK6vKbe2ngnWsQimuF7YOMKWYoCtCZsqCLQCcB5X_aC8LplU2U.0Hj6e19bQCOwRDzof8yAN9_79mUTVMZjChErHo45kFA&dib_tag=se&m=A31NFQQ4065CWX&marketplaceID=A19VAU5U5O7RUS&qid=1773376899&refinements=p_36%3A9500-10000&s=merchant-items&sr=1-29&xpid=fFiMQgBxAhMWv#customerReviews,Boss
B00BGA9Y3W,PlayStation 4,98.46,https://www.amazon.sg/Destiny-Standard-Edition-PlayStation-4/dp/B00BGA9Y3W/ref=sr_1_30?dib=eyJ2IjoiMSJ9.X-BmTSI5iFzhuHjVwQP4rik6DYpQQbzQhPa4Q46qXYFuOkfILY5GqrB2pDD0yTmdlEmLBLCUMYrJnM9rNrU2RZy7eEPMjph3Tfed_PqzfYlQYI6AvmcuPk4OwzH0p6usL13KgWK3GBcxuiTlQaS_1eO1EstBp2d40cG3m1yxU4Ukgm5lZEraNtV34TK6vKbe2ngnWsQimuF7YOMKWYoCtCZsqCLQCcB5X_aC8LplU2U.0Hj6e19bQCOwRDzof8yAN9_79mUTVMZjChErHo45kFA&dib_tag=se&m=A31NFQQ4065CWX&marketplaceID=A19VAU5U5O7RUS&qid=1773376899&refinements=p_36%3A9500-10000&s=merchant-items&sr=1-30&xpid=fFiMQgBxAhMWv#customerReviews,Destiny - Standard Edition - PlayStation 4
B00BGA9Y3W,,,,
B08LT4PJ7B,Audio CD,97.73,https://www.amazon.sg/Raw-Special-Deluxe-Collectors/dp/B08LT4PJ7B/ref=sr_1_31?dib=eyJ2IjoiMSJ9.X-BmTSI5iFzhuHjVwQP4rik6DYpQQbzQhPa4Q46qXYFuOkfILY5GqrB2pDD0yTmdlEmLBLCUMYrJnM9rNrU2RZy7eEPMjph3Tfed_PqzfYlQYI6AvmcuPk4OwzH0p6usL13KgWK3GBcxuiTlQaS_1eO1EstBp2d40cG3m1yxU4Ukgm5lZEraNtV34TK6vKbe2ngnWsQimuF7YOMKWYoCtCZsqCLQCcB5X_aC8LplU2U.0Hj6e19bQCOwRDzof8yAN9_79mUTVMZjChErHo45kFA&dib_tag=se&m=A31NFQQ4065CWX&marketplaceID=A19VAU5U5O7RUS&qid=1773376899&refinements=p_36%3A9500-10000&s=merchant-items&sr=1-31&xpid=fFiMQgBxAhMWv#customerReviews,In The Raw (Special Deluxe Collector's Edition)
B07S28WB4T,Audio CD,99.36,https://www.amazon.sg/Darkness-Light-Japanese-Bonus-Material/dp/B07S28WB4T/ref=sr_1_32?dib=eyJ2IjoiMSJ9.X-BmTSI5iFzhuHjVwQP4rik6DYpQQbzQhPa4Q46qXYFuOkfILY5GqrB2pDD0yTmdlEmLBLCUMYrJnM9rNrU2RZy7eEPMjph3Tfed_PqzfYlQYI6AvmcuPk4OwzH0p6usL13KgWK3GBcxuiTlQaS_1eO1EstBp2d40cG3m1yxU4Ukgm5lZEraNtV34TK6vKbe2ngnWsQimuF7YOMKWYoCtCZsqCLQCcB5X_aC8LplU2U.0Hj6e19bQCOwRDzof8yAN9_79mUTVMZjChErHo45kFA&dib_tag=se&m=A31NFQQ4065CWX&marketplaceID=A19VAU5U5O7RUS&qid=1773376899&refinements=p_36%3A9500-10000&s=merchant-items&sr=1-32&xpid=fFiMQgBxAhMWv#customerReviews,From Darkness To Light (Japanese Bonus Material)
B017NFIVVO,Nintendo Wii U,95.6,https://www.amazon.sg/Classic-Officials-Nintendo-Totakeke-Crossing/dp/B017NFIVVO/ref=sr_1_33?dib=eyJ2IjoiMSJ9.SryU0FF9WW3YRzRduwcZ02mpPKPrYF0s-cW_Eh08jDGOdKqDFncQ2aOdX898InbMi5t-GfG6rzshHrl7lfshzw.RQsnu6FYcgXIyTyEHU-VsnJxM-dvk8JVGFuGzARVHOk&dib_tag=se&m=A31NFQQ4065CWX&marketplaceID=A19VAU5U5O7RUS&qid=1773376905&refinements=p_36%3A9500-10000&s=merchant-items&sr=1-33&xpid=fFiMQgBxAhMWv#customerReviews,"Classic Officials Nintendo ""Amiibo Triple Set [Kaizo / Totakeke / Lisa] (Animal Crossing Series)"
B017NFIVVO,,,,
B08NSJFNSS,,95.43,https://www.amazon.sg/HyperX-Pulsefire-Haste-Ultra-Lightweight-Programmable/dp/B08NSJFNSS/ref=sr_1_34?dib=eyJ2IjoiMSJ9.SryU0FF9WW3YRzRduwcZ02mpPKPrYF0s-cW_Eh08jDGOdKqDFncQ2aOdX898InbMi5t-GfG6rzshHrl7lfshzw.RQsnu6FYcgXIyTyEHU-VsnJxM-dvk8JVGFuGzARVHOk&dib_tag=se&m=A31NFQQ4065CWX&marketplaceID=A19VAU5U5O7RUS&qid=1773376905&refinements=p_36%3A9500-10000&s=merchant-items&sr=1-34&xpid=fFiMQgBxAhMWv#customerReviews,"HyperX Pulsefire Haste – Gaming Mouse, Ultra-Lightweight, 59g, Honeycomb Shell, Hex Design, RGB, HyperFlex USB Cable, Up to 16000 DPI, 6 Programmable Buttons"
B08NSJFNSS,,,,
B0CHJDMYS4,Audio CD,96.16,https://www.amazon.sg/Greatest-King-Gnu/dp/B0CHJDMYS4/ref=sr_1_35?dib=eyJ2IjoiMSJ9.SryU0FF9WW3YRzRduwcZ02mpPKPrYF0s-cW_Eh08jDGOdKqDFncQ2aOdX898InbMi5t-GfG6rzshHrl7lfshzw.RQsnu6FYcgXIyTyEHU-VsnJxM-dvk8JVGFuGzARVHOk&dib_tag=se&m=A31NFQQ4065CWX&marketplaceID=A19VAU5U5O7RUS&qid=1773376905&refinements=p_36%3A9500-10000&s=merchant-items&sr=1-35&xpid=fFiMQgBxAhMWv#customerReviews,The Greatest Unknown
B09PVJJP1W,Vinyl,98.89,https://www.amazon.sg/Heart-Station-Japanese-Pressing-Hikaru/dp/B09PVJJP1W/ref=sr_1_36?dib=eyJ2IjoiMSJ9.SryU0FF9WW3YRzRduwcZ02mpPKPrYF0s-cW_Eh08jDGOdKqDFncQ2aOdX898InbMi5t-GfG6rzshHrl7lfshzw.RQsnu6FYcgXIyTyEHU-VsnJxM-dvk8JVGFuGzARVHOk&dib_tag=se&m=A31NFQQ4065CWX&marketplaceID=A19VAU5U5O7RUS&qid=1773376905&refinements=p_36%3A9500-10000&s=merchant-items&sr=1-36&xpid=fFiMQgBxAhMWv#customerReviews,Heart Station (Japanese Pressing)
B08F2Q6CVJ,Audio CD,99.13,https://www.amazon.sg/Cherry-Blossom-Deluxe-Limited-material/dp/B08F2Q6CVJ/ref=sr_1_37?dib=eyJ2IjoiMSJ9.SryU0FF9WW3YRzRduwcZ02mpPKPrYF0s-cW_Eh08jDGOdKqDFncQ2aOdX898InbMi5t-GfG6rzshHrl7lfshzw.RQsnu6FYcgXIyTyEHU-VsnJxM-dvk8JVGFuGzARVHOk&dib_tag=se&m=A31NFQQ4065CWX&marketplaceID=A19VAU5U5O7RUS&qid=1773376905&refinements=p_36%3A9500-10000&s=merchant-items&sr=1-37&xpid=fFiMQgBxAhMWv#customerReviews,Cherry Blossom Deluxe Edition (Limited) (incl. bonus material)
B07XB4HF6Y,Nintendo Switch,100.36,https://www.amazon.sg/Illusion-Revelations-%E2%99%AFFE-Encore-Switch/dp/B07XB4HF6Y/ref=sr_1_33?dib=eyJ2IjoiMSJ9.1hAYKN211td3hCgo4alq3CV_tD5x7Rzi2jJs2tjvo3O5W3JhhysvXD_SyrNrvYgitS8Bb_tDdzONktuQ5Qswpdi3EBNRupO1itU0ZeNmbmSOmsGOIL6N1D8JrkMS85tMJrcq2GRthHy3dxw4PvS7kfKfTI5wJorgoQaTFi3uydY.3v-f52SHRUTe9XlNbmHi7wXleUY6gQZgsgyKyNtq29k&dib_tag=se&m=A31NFQQ4065CWX&marketplaceID=A19VAU5U5O7RUS&qid=1773376905&refinements=p_36%3A9500-10000&s=merchant-items&sr=1-33&xpid=fFiMQgBxAhMWv#customerReviews,Illusion Revelations ♯FE Encore -Switch
B07XB4HF6Y,,,,
B07RNQPTHR,Audio CD,99.36,https://www.amazon.sg/%E5%8D%83%E5%B9%B4%E3%83%8E%E8%AA%BF%E3%81%B9-RAZOR/dp/B07RNQPTHR/ref=sr_1_34?dib=eyJ2IjoiMSJ9.1hAYKN211td3hCgo4alq3CV_tD5x7Rzi2jJs2tjvo3O5W3JhhysvXD_SyrNrvYgitS8Bb_tDdzONktuQ5Qswpdi3EBNRupO1itU0ZeNmbmSOmsGOIL6N1D8JrkMS85tMJrcq2GRthHy3dxw4PvS7kfKfTI5wJorgoQaTFi3uydY.3v-f52SHRUTe9XlNbmHi7wXleUY6gQZgsgyKyNtq29k&dib_tag=se&m=A31NFQQ4065CWX&marketplaceID=A19VAU5U5O7RUS&qid=1773376905&refinements=p_36%3A9500-10000&s=merchant-items&sr=1-34&xpid=fFiMQgBxAhMWv#customerReviews,千年ノ調べ
B07G1ZS37L,Audio CD,95.02,https://www.amazon.sg/%E3%82%A2%E3%82%B2%E3%83%B3%E3%82%B9%E3%83%88%E3%82%B6%E3%83%9A%E3%82%A4%E3%83%B3-%E5%AE%8C%E5%85%A8%E7%94%9F%E7%94%A3%E9%99%90%E5%AE%9A%E7%9B%A4/dp/B07G1ZS37L/ref=sr_1_35?dib=eyJ2IjoiMSJ9.1hAYKN211td3hCgo4alq3CV_tD5x7Rzi2jJs2tjvo3O5W3JhhysvXD_SyrNrvYgitS8Bb_tDdzONktuQ5Qswpdi3EBNRupO1itU0ZeNmbmSOmsGOIL6N1D8JrkMS85tMJrcq2GRthHy3dxw4PvS7kfKfTI5wJorgoQaTFi3uydY.3v-f52SHRUTe9XlNbmHi7wXleUY6gQZgsgyKyNtq29k&dib_tag=se&m=A31NFQQ4065CWX&marketplaceID=A19VAU5U5O7RUS&qid=1773376905&refinements=p_36%3A9500-10000&s=merchant-items&sr=1-35&xpid=fFiMQgBxAhMWv#customerReviews,アゲンストザペイン (完全生産限定盤)
B075WKDQZC,Audio CD,98.06,https://www.amazon.sg/Puccini-Tosca-Covent-Carden-1964/dp/B075WKDQZC/ref=sr_1_36?dib=eyJ2IjoiMSJ9.1hAYKN211td3hCgo4alq3CV_tD5x7Rzi2jJs2tjvo3O5W3JhhysvXD_SyrNrvYgitS8Bb_tDdzONktuQ5Qswpdi3EBNRupO1itU0ZeNmbmSOmsGOIL6N1D8JrkMS85tMJrcq2GRthHy3dxw4PvS7kfKfTI5wJorgoQaTFi3uydY.3v-f52SHRUTe9XlNbmHi7wXleUY6gQZgsgyKyNtq29k&dib_tag=se&m=A31NFQQ4065CWX&marketplaceID=A19VAU5U5O7RUS&qid=1773376905&refinements=p_36%3A9500-10000&s=merchant-items&sr=1-36&xpid=fFiMQgBxAhMWv#customerReviews,Puccini: Tosca (Covent Carden 2/24/1964)
B0756C8ZZB,Nintendo Switch,106.49,https://www.amazon.sg/Nintendo-Switch%C3%A3%E2%82%AC-Micro-Memory-Switch/dp/B0756C8ZZB/ref=sr_1_37?dib=eyJ2IjoiMSJ9.1hAYKN211td3hCgo4alq3CV_tD5x7Rzi2jJs2tjvo3O5W3JhhysvXD_SyrNrvYgitS8Bb_tDdzONktuQ5Qswpdi3EBNRupO1itU0ZeNmbmSOmsGOIL6N1D8JrkMS85tMJrcq2GRthHy3dxw4PvS7kfKfTI5wJorgoQaTFi3uydY.3v-f52SHRUTe9XlNbmHi7wXleUY6gQZgsgyKyNtq29k&dib_tag=se&m=A31NFQQ4065CWX&marketplaceID=A19VAU5U5O7RUS&qid=1773376905&refinements=p_36%3A9500-10000&s=merchant-items&sr=1-37&xpid=fFiMQgBxAhMWv#customerReviews,Ã€ Nintendo Switchã€‘ Micro Sd Memory Card 128Gb For Nintendo Switch
B0756C8ZZB,,,,
B06XXSSV2B,Audio CD,98.19,https://www.amazon.sg/Mozart-Die-Zauberflote-OTTO-KLEMPERER/dp/B06XXSSV2B/ref=sr_1_38?dib=eyJ2IjoiMSJ9.1hAYKN211td3hCgo4alq3CV_tD5x7Rzi2jJs2tjvo3O5W3JhhysvXD_SyrNrvYgitS8Bb_tDdzONktuQ5Qswpdi3EBNRupO1itU0ZeNmbmSOmsGOIL6N1D8JrkMS85tMJrcq2GRthHy3dxw4PvS7kfKfTI5wJorgoQaTFi3uydY.3v-f52SHRUTe9XlNbmHi7wXleUY6gQZgsgyKyNtq29k&dib_tag=se&m=A31NFQQ4065CWX&marketplaceID=A19VAU5U5O7RUS&qid=1773376905&refinements=p_36%3A9500-10000&s=merchant-items&sr=1-38&xpid=fFiMQgBxAhMWv#customerReviews,Mozart: Die Zauberflote
B0152Y30WS,Vinyl,100.0,https://www.amazon.sg/akiko-Analog-%E7%9F%A2%E9%87%8E%E9%A1%95%E5%AD%90/dp/B0152Y30WS/ref=sr_1_39?dib=eyJ2IjoiMSJ9.1hAYKN211td3hCgo4alq3CV_tD5x7Rzi2jJs2tjvo3O5W3JhhysvXD_SyrNrvYgitS8Bb_tDdzONktuQ5Qswpdi3EBNRupO1itU0ZeNmbmSOmsGOIL6N1D8JrkMS85tMJrcq2GRthHy3dxw4PvS7kfKfTI5wJorgoQaTFi3uydY.3v-f52SHRUTe9XlNbmHi7wXleUY6gQZgsgyKyNtq29k&dib_tag=se&m=A31NFQQ4065CWX&marketplaceID=A19VAU5U5O7RUS&qid=1773376905&refinements=p_36%3A9500-10000&s=merchant-items&sr=1-39&xpid=fFiMQgBxAhMWv#customerReviews,akiko [Analog]
B00NHBJX1G,Audio CD,98.4,https://www.amazon.sg/Best-New-Limited-Girls-Generation/dp/B00NHBJX1G/ref=sr_1_40?dib=eyJ2IjoiMSJ9.1hAYKN211td3hCgo4alq3CV_tD5x7Rzi2jJs2tjvo3O5W3JhhysvXD_SyrNrvYgitS8Bb_tDdzONktuQ5Qswpdi3EBNRupO1itU0ZeNmbmSOmsGOIL6N1D8JrkMS85tMJrcq2GRthHy3dxw4PvS7kfKfTI5wJorgoQaTFi3uydY.3v-f52SHRUTe9XlNbmHi7wXleUY6gQZgsgyKyNtq29k&dib_tag=se&m=A31NFQQ4065CWX&marketplaceID=A19VAU5U5O7RUS&qid=1773376905&refinements=p_36%3A9500-10000&s=merchant-items&sr=1-40&xpid=fFiMQgBxAhMWv#customerReviews,Best-New Edition: Limited Edition
B00FMNNQD8,PlayStation 4,96.52,https://www.amazon.sg/SIE-CUH-ZEY1-PlayStation-Camera/dp/B00FMNNQD8/ref=sr_1_41?dib=eyJ2IjoiMSJ9.1hAYKN211td3hCgo4alq3CV_tD5x7Rzi2jJs2tjvo3O5W3JhhysvXD_SyrNrvYgitS8Bb_tDdzONktuQ5Qswpdi3EBNRupO1itU0ZeNmbmSOmsGOIL6N1D8JrkMS85tMJrcq2GRthHy3dxw4PvS7kfKfTI5wJorgoQaTFi3uydY.3v-f52SHRUTe9XlNbmHi7wXleUY6gQZgsgyKyNtq29k&dib_tag=se&m=A31NFQQ4065CWX&marketplaceID=A19VAU5U5O7RUS&qid=1773376905&refinements=p_36%3A9500-10000&s=merchant-items&sr=1-41&xpid=fFiMQgBxAhMWv#customerReviews,PlayStation Camera
B00FMNNQD8,,,,
B0095OXD9M,PlayStation 3,96.66,https://www.amazon.sg/Publisher-Dream-Club-Complete-Edipyon/dp/B0095OXD9M/ref=sr_1_42?dib=eyJ2IjoiMSJ9.1hAYKN211td3hCgo4alq3CV_tD5x7Rzi2jJs2tjvo3O5W3JhhysvXD_SyrNrvYgitS8Bb_tDdzONktuQ5Qswpdi3EBNRupO1itU0ZeNmbmSOmsGOIL6N1D8JrkMS85tMJrcq2GRthHy3dxw4PvS7kfKfTI5wJorgoQaTFi3uydY.3v-f52SHRUTe9XlNbmHi7wXleUY6gQZgsgyKyNtq29k&dib_tag=se&m=A31NFQQ4065CWX&marketplaceID=A19VAU5U5O7RUS&qid=1773376905&refinements=p_36%3A9500-10000&s=merchant-items&sr=1-42&xpid=fFiMQgBxAhMWv#customerReviews,"D3 Publisher ""Dream C Club Complete Edipyon! [Ps3]"
B0095OXD9M,,,,
B005JWC8AE,Sony PSP,99.55,https://www.amazon.sg/Monster-Hunter-Portable-Japanese-Language/dp/B005JWC8AE/ref=sr_1_43?dib=eyJ2IjoiMSJ9.1hAYKN211td3hCgo4alq3CV_tD5x7Rzi2jJs2tjvo3O5W3JhhysvXD_SyrNrvYgitS8Bb_tDdzONktuQ5Qswpdi3EBNRupO1itU0ZeNmbmSOmsGOIL6N1D8JrkMS85tMJrcq2GRthHy3dxw4PvS7kfKfTI5wJorgoQaTFi3uydY.3v-f52SHRUTe9XlNbmHi7wXleUY6gQZgsgyKyNtq29k&dib_tag=se&m=A31NFQQ4065CWX&marketplaceID=A19VAU5U5O7RUS&qid=1773376905&refinements=p_36%3A9500-10000&s=merchant-items&sr=1-43&xpid=fFiMQgBxAhMWv#customerReviews,Monster Hunter Portable 3rd for PSP (Japanese Language Import)
B005JWC8AE,,,,
B0035JJCNE,Nintendo DS,95.06,https://www.amazon.sg/Katekyoo-Hitman-Reborn-Fate-Heat/dp/B0035JJCNE/ref=sr_1_49?dib=eyJ2IjoiMSJ9.bcpLKlbsasXTwnCoO8iham32V0mL7lPN6zPmXHRaoBq1fJcTmWppzrGHeIyNtSMrYtcskNZzwgkpEk-zSLYNvg._EvzDhYUU733QGWBNlF3T0gTR_uBZ1aqZv3T-vhXxj0&dib_tag=se&m=A31NFQQ4065CWX&marketplaceID=A19VAU5U5O7RUS&qid=1773376910&refinements=p_36%3A9500-10000&s=merchant-items&sr=1-49&xpid=fFiMQgBxAhMWv#customerReviews,Katekyoo Hitman Reborn! DS Fate of Heat III - Yuki no Shugomono Raishuu! [Japan Import]
B0035JJCNE,,,,
B000EXIIL6,Sony PSP,95.16,https://www.amazon.sg/SIE-13305731-Talkman-Japan-Import/dp/B000EXIIL6/ref=sr_1_50?dib=eyJ2IjoiMSJ9.bcpLKlbsasXTwnCoO8iham32V0mL7lPN6zPmXHRaoBq1fJcTmWppzrGHeIyNtSMrYtcskNZzwgkpEk-zSLYNvg._EvzDhYUU733QGWBNlF3T0gTR_uBZ1aqZv3T-vhXxj0&dib_tag=se&m=A31NFQQ4065CWX&marketplaceID=A19VAU5U5O7RUS&qid=1773376910&refinements=p_36%3A9500-10000&s=merchant-items&sr=1-50&xpid=fFiMQgBxAhMWv#customerReviews,Talkman [Japan Import]
B000EXIIL6,,,,
B000007VYB,Audio CD,96.67,https://www.amazon.sg/Neon-Genesis-Evangelion-Addition-Soundtrack/dp/B000007VYB/ref=sr_1_51?dib=eyJ2IjoiMSJ9.bcpLKlbsasXTwnCoO8iham32V0mL7lPN6zPmXHRaoBq1fJcTmWppzrGHeIyNtSMrYtcskNZzwgkpEk-zSLYNvg._EvzDhYUU733QGWBNlF3T0gTR_uBZ1aqZv3T-vhXxj0&dib_tag=se&m=A31NFQQ4065CWX&marketplaceID=A19VAU5U5O7RUS&qid=1773376910&refinements=p_36%3A9500-10000&s=merchant-items&sr=1-51&xpid=fFiMQgBxAhMWv#customerReviews,Neon Genesis Evangelion Addition (Soundtrack)
B0CDBND86T,Audio CD,98.54,https://www.amazon.sg/Pokemon-Music-Collective-Game-Soundtrack/dp/B0CDBND86T/ref=sr_1_52?dib=eyJ2IjoiMSJ9.bcpLKlbsasXTwnCoO8iham32V0mL7lPN6zPmXHRaoBq1fJcTmWppzrGHeIyNtSMrYtcskNZzwgkpEk-zSLYNvg._EvzDhYUU733QGWBNlF3T0gTR_uBZ1aqZv3T-vhXxj0&dib_tag=se&m=A31NFQQ4065CWX&marketplaceID=A19VAU5U5O7RUS&qid=1773376910&refinements=p_36%3A9500-10000&s=merchant-items&sr=1-52&xpid=fFiMQgBxAhMWv#customerReviews,Pokemon Music Collective (Game Soundtrack) - Limited 3 CD Edition
B0CBMV3G5N,Audio CD,95.05,https://www.amazon.sg/SHM-Paper-Sleeve-Helloween/dp/B0CBMV3G5N/ref=sr_1_53?dib=eyJ2IjoiMSJ9.bcpLKlbsasXTwnCoO8iham32V0mL7lPN6zPmXHRaoBq1fJcTmWppzrGHeIyNtSMrYtcskNZzwgkpEk-zSLYNvg._EvzDhYUU733QGWBNlF3T0gTR_uBZ1aqZv3T-vhXxj0&dib_tag=se&m=A31NFQQ4065CWX&marketplaceID=A19VAU5U5O7RUS&qid=1773376910&refinements=p_36%3A9500-10000&s=merchant-items&sr=1-53&xpid=fFiMQgBxAhMWv#customerReviews,With The - SHM/Paper Sleeve
B0CB7WN3RV,Audio CD,98.31,https://www.amazon.sg/Night-Train-SHM-Paper-Sleeve/dp/B0CB7WN3RV/ref=sr_1_49?dib=eyJ2IjoiMSJ9.hKjvSoc-PHblOyobPo1H2euice0d0DEiRaE5ab1WqaeeAJ2R3QreFzFJ5nK6o5fu-yWJOtdAT-CZji5klFhP7fNnYzJO0lqerzLRFAqtXLNVcUVG-C6b9WFe-sBuitUqEE17u6iF5PcPLdeKRBbrR9kJp-wyGLOXv07nKPGS2Uo.uArMa3ZfD6H04zu0WiIy44qoI8Ubz43Wg69X1lHXFMw&dib_tag=se&m=A31NFQQ4065CWX&marketplaceID=A19VAU5U5O7RUS&qid=1773376910&refinements=p_36%3A9500-10000&s=merchant-items&sr=1-49&xpid=fFiMQgBxAhMWv#customerReviews,Night Train - SHM / Paper Sleeve
B0BRZZCS24,Audio CD,95.47,https://www.amazon.sg/Songs-Bacharach-Costello-Elvis-Burt/dp/B0BRZZCS24/ref=sr_1_50?dib=eyJ2IjoiMSJ9.hKjvSoc-PHblOyobPo1H2euice0d0DEiRaE5ab1WqaeeAJ2R3QreFzFJ5nK6o5fu-yWJOtdAT-CZji5klFhP7fNnYzJO0lqerzLRFAqtXLNVcUVG-C6b9WFe-sBuitUqEE17u6iF5PcPLdeKRBbrR9kJp-wyGLOXv07nKPGS2Uo.uArMa3ZfD6H04zu0WiIy44qoI8Ubz43Wg69X1lHXFMw&dib_tag=se&m=A31NFQQ4065CWX&marketplaceID=A19VAU5U5O7RUS&qid=1773376910&refinements=p_36%3A9500-10000&s=merchant-items&sr=1-50&xpid=fFiMQgBxAhMWv#customerReviews,Songs of Bacharach & Costello - SHM-CD
B0BRMCPD5P,Audio CD,96.69,https://www.amazon.sg/Incredible-Jazz-Guitar-Wes-Montgomery/dp/B0BRMCPD5P/ref=sr_1_51?dib=eyJ2IjoiMSJ9.hKjvSoc-PHblOyobPo1H2euice0d0DEiRaE5ab1WqaeeAJ2R3QreFzFJ5nK6o5fu-yWJOtdAT-CZji5klFhP7fNnYzJO0lqerzLRFAqtXLNVcUVG-C6b9WFe-sBuitUqEE17u6iF5PcPLdeKRBbrR9kJp-wyGLOXv07nKPGS2Uo.uArMa3ZfD6H04zu0WiIy44qoI8Ubz43Wg69X1lHXFMw&dib_tag=se&m=A31NFQQ4065CWX&marketplaceID=A19VAU5U5O7RUS&qid=1773376910&refinements=p_36%3A9500-10000&s=merchant-items&sr=1-51&xpid=fFiMQgBxAhMWv#customerReviews,Incredible Jazz Guitar - UHQCD
B08SGWTC8F,Audio CD,97.42,https://www.amazon.sg/Bach-Sonatas-Partitas-Violin-Solo/dp/B08SGWTC8F/ref=sr_1_52?dib=eyJ2IjoiMSJ9.hKjvSoc-PHblOyobPo1H2euice0d0DEiRaE5ab1WqaeeAJ2R3QreFzFJ5nK6o5fu-yWJOtdAT-CZji5klFhP7fNnYzJO0lqerzLRFAqtXLNVcUVG-C6b9WFe-sBuitUqEE17u6iF5PcPLdeKRBbrR9kJp-wyGLOXv07nKPGS2Uo.uArMa3ZfD6H04zu0WiIy44qoI8Ubz43Wg69X1lHXFMw&dib_tag=se&m=A31NFQQ4065CWX&marketplaceID=A19VAU5U5O7RUS&qid=1773376910&refinements=p_36%3A9500-10000&s=merchant-items&sr=1-52&xpid=fFiMQgBxAhMWv#customerReviews,Bach: Sonatas And Partitas For Violin Solo (SACD)
B08PGG795D,Audio CD,99.72,https://www.amazon.sg/Limited-incl-Photobook-Super-Junior/dp/B08PGG795D/ref=sr_1_53?dib=eyJ2IjoiMSJ9.hKjvSoc-PHblOyobPo1H2euice0d0DEiRaE5ab1WqaeeAJ2R3QreFzFJ5nK6o5fu-yWJOtdAT-CZji5klFhP7fNnYzJO0lqerzLRFAqtXLNVcUVG-C6b9WFe-sBuitUqEE17u6iF5PcPLdeKRBbrR9kJp-wyGLOXv07nKPGS2Uo.uArMa3ZfD6H04zu0WiIy44qoI8Ubz43Wg69X1lHXFMw&dib_tag=se&m=A31NFQQ4065CWX&marketplaceID=A19VAU5U5O7RUS&qid=1773376910&refinements=p_36%3A9500-10000&s=merchant-items&sr=1-53&xpid=fFiMQgBxAhMWv#customerReviews,Star (Limited Edition) (incl. Photobook)
B00ANSOSY8,Audio CD,96.66,https://www.amazon.sg/GRANRODEO-GREATEST-HITS-GIFT-REGISTRY-DVD%E4%BB%98/dp/B00ANSOSY8/ref=sr_1_54?dib=eyJ2IjoiMSJ9.hKjvSoc-PHblOyobPo1H2euice0d0DEiRaE5ab1WqaeeAJ2R3QreFzFJ5nK6o5fu-yWJOtdAT-CZji5klFhP7fNnYzJO0lqerzLRFAqtXLNVcUVG-C6b9WFe-sBuitUqEE17u6iF5PcPLdeKRBbrR9kJp-wyGLOXv07nKPGS2Uo.uArMa3ZfD6H04zu0WiIy44qoI8Ubz43Wg69X1lHXFMw&dib_tag=se&m=A31NFQQ4065CWX&marketplaceID=A19VAU5U5O7RUS&qid=1773376910&refinements=p_36%3A9500-10000&s=merchant-items&sr=1-54&xpid=fFiMQgBxAhMWv#customerReviews,GRANRODEO GREATEST HITS~GIFT REGISTRY~(DVD付)
B07Q94VQHZ,Nintendo Switch,114.42,https://www.amazon.sg/IDEA-FACTORY-JAKOU-NO-LYLA/dp/B07Q94VQHZ/ref=sr_1_55?dib=eyJ2IjoiMSJ9.hKjvSoc-PHblOyobPo1H2euice0d0DEiRaE5ab1WqaeeAJ2R3QreFzFJ5nK6o5fu-yWJOtdAT-CZji5klFhP7fNnYzJO0lqerzLRFAqtXLNVcUVG-C6b9WFe-sBuitUqEE17u6iF5PcPLdeKRBbrR9kJp-wyGLOXv07nKPGS2Uo.uArMa3ZfD6H04zu0WiIy44qoI8Ubz43Wg69X1lHXFMw&dib_tag=se&m=A31NFQQ4065CWX&marketplaceID=A19VAU5U5O7RUS&qid=1773376910&refinements=p_36%3A9500-10000&s=merchant-items&sr=1-55&xpid=fFiMQgBxAhMWv#customerReviews,IDEA FACTORY JAKOU NO LYLA: TRAP OF MUSK FOR NINTENDO SWITCH REGION FREE JAPANESE VERSION
B07Q94VQHZ,,,,
B06XS7FWCP,Nintendo 3DS,105.01,https://www.amazon.sg/Historia-Chronology-Japanese-Compatible-American/dp/B06XS7FWCP/ref=sr_1_56?dib=eyJ2IjoiMSJ9.hKjvSoc-PHblOyobPo1H2euice0d0DEiRaE5ab1WqaeeAJ2R3QreFzFJ5nK6o5fu-yWJOtdAT-CZji5klFhP7fNnYzJO0lqerzLRFAqtXLNVcUVG-C6b9WFe-sBuitUqEE17u6iF5PcPLdeKRBbrR9kJp-wyGLOXv07nKPGS2Uo.uArMa3ZfD6H04zu0WiIy44qoI8Ubz43Wg69X1lHXFMw&dib_tag=se&m=A31NFQQ4065CWX&marketplaceID=A19VAU5U5O7RUS&qid=1773376910&refinements=p_36%3A9500-10000&s=merchant-items&sr=1-56&xpid=fFiMQgBxAhMWv#customerReviews,Radiant Historia Perfect Chronology Japanese Ver.[Region Locked / Not Compatible with North American Nintendo 3ds] [Japan] [Nintendo 3ds]
B06XS7FWCP,,,,
B01HEFSHGM,PlayStation 4,95.35,https://www.amazon.sg/KT-SG_B01HEFSHGM_US-Berserk-Musou-Japanese/dp/B01HEFSHGM/ref=sr_1_57?dib=eyJ2IjoiMSJ9.hKjvSoc-PHblOyobPo1H2euice0d0DEiRaE5ab1WqaeeAJ2R3QreFzFJ5nK6o5fu-yWJOtdAT-CZji5klFhP7fNnYzJO0lqerzLRFAqtXLNVcUVG-C6b9WFe-sBuitUqEE17u6iF5PcPLdeKRBbrR9kJp-wyGLOXv07nKPGS2Uo.uArMa3ZfD6H04zu0WiIy44qoI8Ubz43Wg69X1lHXFMw&dib_tag=se&m=A31NFQQ4065CWX&marketplaceID=A19VAU5U5O7RUS&qid=1773376910&refinements=p_36%3A9500-10000&s=merchant-items&sr=1-57&xpid=fFiMQgBxAhMWv#customerReviews,Berserk Musou Japanese Ver.
B01HEFSHGM,,,,
B01GH8WTHK,PlayStation 4,95.73,https://www.amazon.sg/Sengoku-BASARA4-Imperial-Best-Price/dp/B01GH8WTHK/ref=sr_1_58?dib=eyJ2IjoiMSJ9.hKjvSoc-PHblOyobPo1H2euice0d0DEiRaE5ab1WqaeeAJ2R3QreFzFJ5nK6o5fu-yWJOtdAT-CZji5klFhP7fNnYzJO0lqerzLRFAqtXLNVcUVG-C6b9WFe-sBuitUqEE17u6iF5PcPLdeKRBbrR9kJp-wyGLOXv07nKPGS2Uo.uArMa3ZfD6H04zu0WiIy44qoI8Ubz43Wg69X1lHXFMw&dib_tag=se&m=A31NFQQ4065CWX&marketplaceID=A19VAU5U5O7RUS&qid=1773376910&refinements=p_36%3A9500-10000&s=merchant-items&sr=1-58&xpid=fFiMQgBxAhMWv#customerReviews,Sengoku BASARA4 Imperial Best Price - PS4
B01GH8WTHK,,,,
B00IAMFWNA,CD-ROM,96.76,https://www.amazon.sg/HOUSOU-SHITSU-VOL-176-200/dp/B00IAMFWNA/ref=sr_1_59?dib=eyJ2IjoiMSJ9.hKjvSoc-PHblOyobPo1H2euice0d0DEiRaE5ab1WqaeeAJ2R3QreFzFJ5nK6o5fu-yWJOtdAT-CZji5klFhP7fNnYzJO0lqerzLRFAqtXLNVcUVG-C6b9WFe-sBuitUqEE17u6iF5PcPLdeKRBbrR9kJp-wyGLOXv07nKPGS2Uo.uArMa3ZfD6H04zu0WiIy44qoI8Ubz43Wg69X1lHXFMw&dib_tag=se&m=A31NFQQ4065CWX&marketplaceID=A19VAU5U5O7RUS&qid=1773376910&refinements=p_36%3A9500-10000&s=merchant-items&sr=1-59&xpid=fFiMQgBxAhMWv#customerReviews,HOUSOU SHITSU VOL.176-200
B00IAMFWNA,,,,
B002M76PB2,PlayStation 3,95.47,https://www.amazon.sg/Software-Dot-Game-Heroes-Japan/dp/B002M76PB2/ref=sr_1_65?dib=eyJ2IjoiMSJ9._r9lU0TWdxKnxyw2s49H946coFrH3Qil1Y54tbjDoWJIe4TL5VxyDhldar68kbV51M39kelrivWRehs15SZpog.ZOsQ2-9ZX33VDN8ymOtj_PGEbKm-tbr-D9JD18EkGh8&dib_tag=se&m=A31NFQQ4065CWX&marketplaceID=A19VAU5U5O7RUS&qid=1773376915&refinements=p_36%3A9500-10000&s=merchant-items&sr=1-65&xpid=fFiMQgBxAhMWv#customerReviews,From Software 3D Dot Game Heroes [Japan Import]
B002M76PB2,,,,
B0CBKGR75L,Audio CD,98.94,https://www.amazon.sg/Heavy-Construkction-Ltd-SHM-Mini/dp/B0CBKGR75L/ref=sr_1_66?dib=eyJ2IjoiMSJ9._r9lU0TWdxKnxyw2s49H946coFrH3Qil1Y54tbjDoWJIe4TL5VxyDhldar68kbV51M39kelrivWRehs15SZpog.ZOsQ2-9ZX33VDN8ymOtj_PGEbKm-tbr-D9JD18EkGh8&dib_tag=se&m=A31NFQQ4065CWX&marketplaceID=A19VAU5U5O7RUS&qid=1773376915&refinements=p_36%3A9500-10000&s=merchant-items&sr=1-66&xpid=fFiMQgBxAhMWv#customerReviews,Heavy Construkction - Ltd SHM/Mini LP
B089BHZYDH,Audio CD,102.96,https://www.amazon.sg/John-Williams-Vienna-UHQCD-MQA/dp/B089BHZYDH/ref=sr_1_67?dib=eyJ2IjoiMSJ9._r9lU0TWdxKnxyw2s49H946coFrH3Qil1Y54tbjDoWJIe4TL5VxyDhldar68kbV51M39kelrivWRehs15SZpog.ZOsQ2-9ZX33VDN8ymOtj_PGEbKm-tbr-D9JD18EkGh8&dib_tag=se&m=A31NFQQ4065CWX&marketplaceID=A19VAU5U5O7RUS&qid=1773376915&refinements=p_36%3A9500-10000&s=merchant-items&sr=1-67&xpid=fFiMQgBxAhMWv#customerReviews,John Williams In Vienna (UHQCD-MQA)
B01K9F3E62,Audio CD,95.17,https://www.amazon.sg/Luno-CD-DVD-%E9%99%90%E5%AE%9A%E7%9B%A4-%E8%97%8D%E5%9D%8A%E4%B8%BB/dp/B01K9F3E62/ref=sr_1_68?dib=eyJ2IjoiMSJ9._r9lU0TWdxKnxyw2s49H946coFrH3Qil1Y54tbjDoWJIe4TL5VxyDhldar68kbV51M39kelrivWRehs15SZpog.ZOsQ2-9ZX33VDN8ymOtj_PGEbKm-tbr-D9JD18EkGh8&dib_tag=se&m=A31NFQQ4065CWX&marketplaceID=A19VAU5U5O7RUS&qid=1773376915&refinements=p_36%3A9500-10000&s=merchant-items&sr=1-68&xpid=fFiMQgBxAhMWv#customerReviews,Luno [CD+DVD](限定盤)
B001BAQFUC,Nintendo Wii,96.41,https://www.amazon.sg/HUDSON-SOFT-Kororinpa-Hudson-Japan/dp/B001BAQFUC/ref=sr_1_69?dib=eyJ2IjoiMSJ9._r9lU0TWdxKnxyw2s49H946coFrH3Qil1Y54tbjDoWJIe4TL5VxyDhldar68kbV51M39kelrivWRehs15SZpog.ZOsQ2-9ZX33VDN8ymOtj_PGEbKm-tbr-D9JD18EkGh8&dib_tag=se&m=A31NFQQ4065CWX&marketplaceID=A19VAU5U5O7RUS&qid=1773376915&refinements=p_36%3A9500-10000&s=merchant-items&sr=1-69&xpid=fFiMQgBxAhMWv#customerReviews,HUDSON SOFT Kororinpa (Hudson The Best) [Japan Import]
B001BAQFUC,,,,
B0CDQ3M5FN,Vinyl,99.87,https://www.amazon.sg/Shaker-3-Akina-Nakamori/dp/B0CDQ3M5FN/ref=sr_1_65?dib=eyJ2IjoiMSJ9.Sq8hy-J_vaYHpkno5RAlUZkWaEvjRtCrS8YWEcIwLYXqUMyE73oGyeA8eK6OOni4FC5wo0OykFqG6k10tQzX8GL4X9fPuqwQuqL6wAn8G3klRTeska6SZJSDHw_rpRI-qApKjLv2z9X3COWSaVdzvYmrt9AiLKOl7g18-s89rSU.Q_si26a5u-qgXAroiwzjVqoQBpB80MY6HAW-f1COejk&dib_tag=se&m=A31NFQQ4065CWX&marketplaceID=A19VAU5U5O7RUS&qid=1773376915&refinements=p_36%3A9500-10000&s=merchant-items&sr=1-65&xpid=fFiMQgBxAhMWv#customerReviews,Shaker + 3
B07VL94HJV,PlayStation 4,95.3,https://www.amazon.sg/MARVELOUS-TRAVIS-STRIKES-JAPANESE-VERSION/dp/B07VL94HJV/ref=sr_1_66?dib=eyJ2IjoiMSJ9.Sq8hy-J_vaYHpkno5RAlUZkWaEvjRtCrS8YWEcIwLYXqUMyE73oGyeA8eK6OOni4FC5wo0OykFqG6k10tQzX8GL4X9fPuqwQuqL6wAn8G3klRTeska6SZJSDHw_rpRI-qApKjLv2z9X3COWSaVdzvYmrt9AiLKOl7g18-s89rSU.Q_si26a5u-qgXAroiwzjVqoQBpB80MY6HAW-f1COejk&dib_tag=se&m=A31NFQQ4065CWX&marketplaceID=A19VAU5U5O7RUS&qid=1773376915&refinements=p_36%3A9500-10000&s=merchant-items&sr=1-66&xpid=fFiMQgBxAhMWv#customerReviews,MARVELOUS TRAVIS STRIKES AGAIN NO MORE HEROES FOR SONY PS4 REGION FREE JAPANESE VERSION
B07VL94HJV,,,,
B01MRUAWH8,PlayStation Vita,113.19,https://www.amazon.sg/%E3%82%B3%E3%83%B3%E3%83%91%E3%82%A4%E3%83%AB%E3%83%8F%E3%83%BC%E3%83%88-Gangan-Pixies-Japanese-Ver/dp/B01MRUAWH8/ref=sr_1_67?dib=eyJ2IjoiMSJ9.Sq8hy-J_vaYHpkno5RAlUZkWaEvjRtCrS8YWEcIwLYXqUMyE73oGyeA8eK6OOni4FC5wo0OykFqG6k10tQzX8GL4X9fPuqwQuqL6wAn8G3klRTeska6SZJSDHw_rpRI-qApKjLv2z9X3COWSaVdzvYmrt9AiLKOl7g18-s89rSU.Q_si26a5u-qgXAroiwzjVqoQBpB80MY6HAW-f1COejk&dib_tag=se&m=A31NFQQ4065CWX&marketplaceID=A19VAU5U5O7RUS&qid=1773376915&refinements=p_36%3A9500-10000&s=merchant-items&sr=1-67&xpid=fFiMQgBxAhMWv#customerReviews,Gangan Pixies Japanese Ver.
B01MRUAWH8,,,,
B0157QM7SO,PlayStation 4,104.19,https://www.amazon.sg/HORI-PS4-Controller-Plus-supported/dp/B0157QM7SO/ref=sr_1_68?dib=eyJ2IjoiMSJ9.Sq8hy-J_vaYHpkno5RAlUZkWaEvjRtCrS8YWEcIwLYXqUMyE73oGyeA8eK6OOni4FC5wo0OykFqG6k10tQzX8GL4X9fPuqwQuqL6wAn8G3klRTeska6SZJSDHw_rpRI-qApKjLv2z9X3COWSaVdzvYmrt9AiLKOl7g18-s89rSU.Q_si26a5u-qgXAroiwzjVqoQBpB80MY6HAW-f1COejk&dib_tag=se&m=A31NFQQ4065CWX&marketplaceID=A19VAU5U5O7RUS&qid=1773376915&refinements=p_36%3A9500-10000&s=merchant-items&sr=1-68&xpid=fFiMQgBxAhMWv#customerReviews,HORI PS4 / PS3 Controller FPS Plus supported - BLUE
B0157QM7SO,,,,
B00RMT96AW,Audio CD,99.72,https://www.amazon.sg/THE-LAST-3CD/dp/B00RMT96AW/ref=sr_1_69?dib=eyJ2IjoiMSJ9.Sq8hy-J_vaYHpkno5RAlUZkWaEvjRtCrS8YWEcIwLYXqUMyE73oGyeA8eK6OOni4FC5wo0OykFqG6k10tQzX8GL4X9fPuqwQuqL6wAn8G3klRTeska6SZJSDHw_rpRI-qApKjLv2z9X3COWSaVdzvYmrt9AiLKOl7g18-s89rSU.Q_si26a5u-qgXAroiwzjVqoQBpB80MY6HAW-f1COejk&dib_tag=se&m=A31NFQQ4065CWX&marketplaceID=A19VAU5U5O7RUS&qid=1773376915&refinements=p_36%3A9500-10000&s=merchant-items&sr=1-69&xpid=fFiMQgBxAhMWv#customerReviews,THE LAST(3CD)
B00006LJQV,PlayStation,104.12,https://www.amazon.sg/SquareSoft-Final-Fantasy-Tactics/dp/B00006LJQV/ref=sr_1_70?dib=eyJ2IjoiMSJ9.Sq8hy-J_vaYHpkno5RAlUZkWaEvjRtCrS8YWEcIwLYXqUMyE73oGyeA8eK6OOni4FC5wo0OykFqG6k10tQzX8GL4X9fPuqwQuqL6wAn8G3klRTeska6SZJSDHw_rpRI-qApKjLv2z9X3COWSaVdzvYmrt9AiLKOl7g18-s89rSU.Q_si26a5u-qgXAroiwzjVqoQBpB80MY6HAW-f1COejk&dib_tag=se&m=A31NFQQ4065CWX&marketplaceID=A19VAU5U5O7RUS&qid=1773376915&refinements=p_36%3A9500-10000&s=merchant-items&sr=1-70&xpid=fFiMQgBxAhMWv#customerReviews,SquareSoft Final Fantasy Tactics
B00006LJQV,,,,
B0BYZ7QZLX,Video Game,96.79,https://www.amazon.sg/SEGA-%E3%82%BD%E3%83%8B%E3%83%83%E3%82%AF%E3%82%AA%E3%83%AA%E3%82%B8%E3%83%B3%E3%82%BA%E3%83%BB%E3%83%97%E3%83%A9%E3%82%B9-PS5/dp/B0BYZ7QZLX/ref=sr_1_71?dib=eyJ2IjoiMSJ9.Sq8hy-J_vaYHpkno5RAlUZkWaEvjRtCrS8YWEcIwLYXqUMyE73oGyeA8eK6OOni4FC5wo0OykFqG6k10tQzX8GL4X9fPuqwQuqL6wAn8G3klRTeska6SZJSDHw_rpRI-qApKjLv2z9X3COWSaVdzvYmrt9AiLKOl7g18-s89rSU.Q_si26a5u-qgXAroiwzjVqoQBpB80MY6HAW-f1COejk&dib_tag=se&m=A31NFQQ4065CWX&marketplaceID=A19VAU5U5O7RUS&qid=1773376915&refinements=p_36%3A9500-10000&s=merchant-items&sr=1-71&xpid=fFiMQgBxAhMWv#customerReviews,ソニックオリジンズ・プラス- PS5
B0BYZ7QZLX,,,,
B092FCYVVS,PlayStation 5,98.89,https://www.amazon.sg/505-Games-71501230-Ghostrunner-PlayStation/dp/B092FCYVVS/ref=sr_1_72?dib=eyJ2IjoiMSJ9.Sq8hy-J_vaYHpkno5RAlUZkWaEvjRtCrS8YWEcIwLYXqUMyE73oGyeA8eK6OOni4FC5wo0OykFqG6k10tQzX8GL4X9fPuqwQuqL6wAn8G3klRTeska6SZJSDHw_rpRI-qApKjLv2z9X3COWSaVdzvYmrt9AiLKOl7g18-s89rSU.Q_si26a5u-qgXAroiwzjVqoQBpB80MY6HAW-f1COejk&dib_tag=se&m=A31NFQQ4065CWX&marketplaceID=A19VAU5U5O7RUS&qid=1773376915&refinements=p_36%3A9500-10000&s=merchant-items&sr=1-72&xpid=fFiMQgBxAhMWv#customerReviews,Ghostrunner - PlayStation 5
B092FCYVVS,,,,
B08BRQKSMB,Nintendo Switch,95.37,https://www.amazon.sg/Nintendo-Switch-Just-Dance-R1Nintendo/dp/B08BRQKSMB/ref=sr_1_73?dib=eyJ2IjoiMSJ9.Sq8hy-J_vaYHpkno5RAlUZkWaEvjRtCrS8YWEcIwLYXqUMyE73oGyeA8eK6OOni4FC5wo0OykFqG6k10tQzX8GL4X9fPuqwQuqL6wAn8G3klRTeska6SZJSDHw_rpRI-qApKjLv2z9X3COWSaVdzvYmrt9AiLKOl7g18-s89rSU.Q_si26a5u-qgXAroiwzjVqoQBpB80MY6HAW-f1COejk&dib_tag=se&m=A31NFQQ4065CWX&marketplaceID=A19VAU5U5O7RUS&qid=1773376915&refinements=p_36%3A9500-10000&s=merchant-items&sr=1-73&xpid=fFiMQgBxAhMWv#customerReviews,Nintendo Switch Just Dance 2021 R1Nintendo Switch;
B08BRQKSMB,,,,
B08CY552PY,Audio CD,95.0,https://www.amazon.sg/Live-Philadelphia-1983-Genesis/dp/B08CY552PY/ref=sr_1_74?dib=eyJ2IjoiMSJ9.Sq8hy-J_vaYHpkno5RAlUZkWaEvjRtCrS8YWEcIwLYXqUMyE73oGyeA8eK6OOni4FC5wo0OykFqG6k10tQzX8GL4X9fPuqwQuqL6wAn8G3klRTeska6SZJSDHw_rpRI-qApKjLv2z9X3COWSaVdzvYmrt9AiLKOl7g18-s89rSU.Q_si26a5u-qgXAroiwzjVqoQBpB80MY6HAW-f1COejk&dib_tag=se&m=A31NFQQ4065CWX&marketplaceID=A19VAU5U5O7RUS&qid=1773376915&refinements=p_36%3A9500-10000&s=merchant-items&sr=1-74&xpid=fFiMQgBxAhMWv#customerReviews,Live In Philadelphia 1983
B0B5B2B2S1,PlayStation 5,99.05,https://www.amazon.sg/Crisis-Core-Fantasy-Reunion-PlayStation/dp/B0B5B2B2S1/ref=sr_1_75?dib=eyJ2IjoiMSJ9.Sq8hy-J_vaYHpkno5RAlUZkWaEvjRtCrS8YWEcIwLYXqUMyE73oGyeA8eK6OOni4FC5wo0OykFqG6k10tQzX8GL4X9fPuqwQuqL6wAn8G3klRTeska6SZJSDHw_rpRI-qApKjLv2z9X3COWSaVdzvYmrt9AiLKOl7g18-s89rSU.Q_si26a5u-qgXAroiwzjVqoQBpB80MY6HAW-f1COejk&dib_tag=se&m=A31NFQQ4065CWX&marketplaceID=A19VAU5U5O7RUS&qid=1773376915&refinements=p_36%3A9500-10000&s=merchant-items&sr=1-75&xpid=fFiMQgBxAhMWv#customerReviews,Crisis Core: Final Fantasy VII Reunion - PlayStation 5
B0B5B2B2S1,,,,
B0725H9NNR,No Operating System,104.5,https://www.amazon.sg/%E3%82%B3%E3%83%AD%E3%83%B3%E3%83%90%E3%82%B9%E3%82%B5%E3%83%BC%E3%82%AF%E3%83%AB-4582286321780-SFC-SFC%E4%BA%92%E6%8F%9B%E6%A9%9F%E7%94%A8-%E6%94%B9%E9%80%A0%E7%94%BA%E4%BA%BA%E3%82%B7%E3%83%A5%E3%83%93%E3%83%93%E3%83%B3%E3%83%9E%E3%83%B3%E9%9B%B6/dp/B0725H9NNR/ref=sr_1_81?dib=eyJ2IjoiMSJ9.XrIJeiMDd9B4sb5kTg5in6pter_9u6KeWKn6Xp2UNen8Yy5TUSwTxjkYr-kHAUnwiG4bpUpcUYxilQn5gORN_g.J_HfgCkSi1XKK7hM5H2jL-erPffJAd9EYOWYziloyO4&dib_tag=se&m=A31NFQQ4065CWX&marketplaceID=A19VAU5U5O7RUS&qid=1773376920&refinements=p_36%3A9500-10000&s=merchant-items&sr=1-81&xpid=fFiMQgBxAhMWv#customerReviews,(SFC/SFC互換機用) 改造町人シュビビンマン零
B0725H9NNR,,,,
B09XM5P43Q,Nintendo Switch,99.27,https://www.amazon.sg/%E3%83%95%E3%82%A1%E3%82%A4%E3%83%86%E3%82%A3%E3%83%B3%E3%82%B0-%E3%82%B3%E3%83%AC%E3%82%AF%E3%82%B7%E3%83%A7%E3%83%B3-Switch-%E3%80%90%E6%95%B0%E9%87%8F%E9%99%90%E5%AE%9A%E7%89%B9%E5%85%B8%E3%80%91%E6%96%B0%E8%A6%8F%E3%83%AA%E3%83%9F%E3%83%83%E3%82%AF%E3%82%B9%E3%82%B5%E3%82%A6%E3%83%B3%E3%83%89-%E3%80%8E%E3%83%AF%E3%83%B3%E3%83%80%E3%83%BC3%E3%80%8F%E3%81%8C%E5%85%A5%E6%89%8B%E3%81%A7%E3%81%8D%E3%82%8B%E3%82%B3%E3%83%BC%E3%83%89%E5%8D%B0%E5%AD%97%E3%83%81%E3%83%A9%E3%82%B7/dp/B09XM5P43Q/ref=sr_1_82?dib=eyJ2IjoiMSJ9.XrIJeiMDd9B4sb5kTg5in6pter_9u6KeWKn6Xp2UNen8Yy5TUSwTxjkYr-kHAUnwiG4bpUpcUYxilQn5gORN_g.J_HfgCkSi1XKK7hM5H2jL-erPffJAd9EYOWYziloyO4&dib_tag=se&m=A31NFQQ4065CWX&marketplaceID=A19VAU5U5O7RUS&qid=1773376920&refinements=p_36%3A9500-10000&s=merchant-items&sr=1-82&xpid=fFiMQgBxAhMWv#customerReviews,カプコン ファイティング コレクション -Switch (【数量限定特典】新規リミックスサウンド(合計:18曲)+オリジナル描きおろしイラスト(合計:5点)が入手できるコード印字チラシ&Capcom Arcade 2nd Stadium本編+『ワンダー3』が入手できるコード印字チラシ 同梱)
B09XM5P43Q,,,,
B0C1J6N7FG,,98.12,https://www.amazon.sg/Konami-4988602175943-SW%E7%89%88-%E3%82%B9%E3%83%BC%E3%83%91%E3%83%BC%E3%83%9C%E3%83%B3%E3%83%90%E3%83%BC%E3%83%9E%E3%83%B3-R-%EF%BC%92/dp/B0C1J6N7FG/ref=sr_1_83?dib=eyJ2IjoiMSJ9.XrIJeiMDd9B4sb5kTg5in6pter_9u6KeWKn6Xp2UNen8Yy5TUSwTxjkYr-kHAUnwiG4bpUpcUYxilQn5gORN_g.J_HfgCkSi1XKK7hM5H2jL-erPffJAd9EYOWYziloyO4&dib_tag=se&m=A31NFQQ4065CWX&marketplaceID=A19VAU5U5O7RUS&qid=1773376920&refinements=p_36%3A9500-10000&s=merchant-items&sr=1-83&xpid=fFiMQgBxAhMWv#customerReviews,SW版　スーパーボンバーマン R ２
B0C1J6N7FG,,,,
B00904SP0Y,Audio CD,97.18,https://www.amazon.sg/%E3%82%B7%E3%83%B3%E3%82%B0%E3%83%AB%E3%82%B3%E3%83%AC%E3%82%AF%E3%82%B7%E3%83%A7%E3%83%B3-%E3%83%9F%E3%83%84%E3%83%90%E3%83%81-%E5%88%9D%E5%9B%9E%E9%99%90%E5%AE%9A%E7%9B%A4-Blu-ray-Disc%E4%BB%98/dp/B00904SP0Y/ref=sr_1_84?dib=eyJ2IjoiMSJ9.XrIJeiMDd9B4sb5kTg5in6pter_9u6KeWKn6Xp2UNen8Yy5TUSwTxjkYr-kHAUnwiG4bpUpcUYxilQn5gORN_g.J_HfgCkSi1XKK7hM5H2jL-erPffJAd9EYOWYziloyO4&dib_tag=se&m=A31NFQQ4065CWX&marketplaceID=A19VAU5U5O7RUS&qid=1773376920&refinements=p_36%3A9500-10000&s=merchant-items&sr=1-84&xpid=fFiMQgBxAhMWv#customerReviews,シングルコレクション+ミツバチ(初回限定盤)(Blu-ray Disc付)
B0CHMG5663,Tankobon Hardcover,99.15,https://www.amazon.sg/%E5%A3%B2%E3%82%8C%E3%82%8B%E8%84%B3%E7%A7%91%E5%AD%A6-%E3%82%AF%E3%83%AA%E3%82%B9%E3%83%88%E3%83%95%E3%83%BB%E3%83%A2%E3%83%AA%E3%83%B3-%E3%83%91%E3%83%88%E3%83%AA%E3%83%83%E3%82%AF%E3%83%BB%E3%83%A9%E3%83%B3%E3%83%B4%E3%82%A9%E3%83%AF%E3%82%BC/dp/B0CHMG5663/ref=sr_1_85?dib=eyJ2IjoiMSJ9.XrIJeiMDd9B4sb5kTg5in6pter_9u6KeWKn6Xp2UNen8Yy5TUSwTxjkYr-kHAUnwiG4bpUpcUYxilQn5gORN_g.J_HfgCkSi1XKK7hM5H2jL-erPffJAd9EYOWYziloyO4&dib_tag=se&m=A31NFQQ4065CWX&marketplaceID=A19VAU5U5O7RUS&qid=1773376920&refinements=p_36%3A9500-10000&s=merchant-items&sr=1-85&xpid=fFiMQgBxAhMWv#customerReviews,売れる脳科学
B0CHMG5663,,,,
4909907289,Tankobon Hardcover,99.88,https://www.amazon.sg/%E6%97%A5%E6%9C%AC%E3%81%A7%E9%80%B2%E5%AD%A6%E3%81%99%E3%82%8B%E3%81%9F%E3%82%81%E3%81%AE%E7%B7%8F%E5%90%88%E6%97%A5%E6%9C%AC%E8%AA%9E-%E6%96%87%E6%B3%95%E3%81%A8%E8%A1%A8%E7%8F%BE-%E5%90%8D%E6%A0%A1%E5%BF%97%E5%90%91%E5%A1%BE%E7%95%99%E5%AD%A6%E7%94%9F%E5%A4%A7%E5%AD%A6%E5%8F%97%E9%A8%93%E5%8F%A2%E6%9B%B8-%E5%90%8D%E6%A0%A1%E5%BF%97%E5%90%91%E5%A1%BE/dp/4909907289/ref=sr_1_81?dib=eyJ2IjoiMSJ9.norhjRPomSsxBVjajkqjRDloZ84VFMMcYUEXE1V1YM7vDXne4gDoOj95GWMEXhCC5gFCxwhjGm-T4AaQOQHMf9bsoavI24Cjqf8ZwEWkiHM_xqb2T3z38zFR4z15LpqlK6ElqJgHKvrI6UmT7x2DbGarhofBEGnPe_PPiSPaIfQ.tEX6mPGRI6bnqj5-5o6x0vc2LL-HNbwu6TZ3CEZAkxo&dib_tag=se&m=A31NFQQ4065CWX&marketplaceID=A19VAU5U5O7RUS&qid=1773376920&refinements=p_36%3A9500-10000&s=merchant-items&sr=1-81&xpid=fFiMQgBxAhMWv#customerReviews,日本で進学するための総合日本語 文法と表現 (名校志向塾留学生大学受験叢書)
4909907289,,,,
4909600299,Tankobon Softcover,96.55,https://www.amazon.sg/%E3%83%95%E3%83%AD%E3%83%BC%E3%83%81%E3%83%A3%E3%83%BC%E3%83%88%E6%B6%88%E8%B2%BB%E7%A8%8E-_%E5%9B%B3%E8%A7%A3%E3%81%AB%E3%82%88%E3%82%8B%E6%B6%88%E8%B2%BB%E7%A8%8E%E3%81%AE%E8%AA%B2%E7%A8%8E%E9%96%A2%E4%BF%82_-%E5%86%85%E5%B7%9D-%E6%AF%85%E5%BD%A6/dp/4909600299/ref=sr_1_82?dib=eyJ2IjoiMSJ9.norhjRPomSsxBVjajkqjRDloZ84VFMMcYUEXE1V1YM7vDXne4gDoOj95GWMEXhCC5gFCxwhjGm-T4AaQOQHMf9bsoavI24Cjqf8ZwEWkiHM_xqb2T3z38zFR4z15LpqlK6ElqJgHKvrI6UmT7x2DbGarhofBEGnPe_PPiSPaIfQ.tEX6mPGRI6bnqj5-5o6x0vc2LL-HNbwu6TZ3CEZAkxo&dib_tag=se&m=A31NFQQ4065CWX&marketplaceID=A19VAU5U5O7RUS&qid=1773376920&refinements=p_36%3A9500-10000&s=merchant-items&sr=1-82&xpid=fFiMQgBxAhMWv,フローチャート消費税　―図解による消費税の課税関係―
4909600299,,,,
4908468311,Tankobon Hardcover,97.26,https://www.amazon.sg/%E6%9D%B1%E6%AC%A7%E3%83%96%E3%83%A9%E3%83%83%E3%82%AF%E3%83%A1%E3%82%BF%E3%83%AB%E3%82%AC%E3%82%A4%E3%83%89%E3%83%96%E3%83%83%E3%82%AF2-%E3%82%A6%E3%82%AF%E3%83%A9%E3%82%A4%E3%83%8A%E3%83%BB%E3%83%99%E3%83%A9%E3%83%AB%E3%83%BC%E3%82%B7%E3%83%BB%E3%83%90%E3%83%AB%E3%83%88%E3%83%BB%E3%83%90%E3%83%AB%E3%82%AB%E3%83%B3%E3%81%AE%E6%9A%97%E9%BB%92%E9%9F%B3%E6%A5%BD-%E4%B8%96%E7%95%8C%E9%81%8E%E6%BF%80%E9%9F%B3%E6%A5%BD-%E5%B2%A1%E7%94%B0-%E6%97%A9%E7%94%B1/dp/4908468311/ref=sr_1_83?dib=eyJ2IjoiMSJ9.norhjRPomSsxBVjajkqjRDloZ84VFMMcYUEXE1V1YM7vDXne4gDoOj95GWMEXhCC5gFCxwhjGm-T4AaQOQHMf9bsoavI24Cjqf8ZwEWkiHM_xqb2T3z38zFR4z15LpqlK6ElqJgHKvrI6UmT7x2DbGarhofBEGnPe_PPiSPaIfQ.tEX6mPGRI6bnqj5-5o6x0vc2LL-HNbwu6TZ3CEZAkxo&dib_tag=se&m=A31NFQQ4065CWX&marketplaceID=A19VAU5U5O7RUS&qid=1773376920&refinements=p_36%3A9500-10000&s=merchant-items&sr=1-83&xpid=fFiMQgBxAhMWv#customerReviews,東欧ブラックメタルガイドブック2: ウクライナ・ベラルーシ・バルト・バルカンの暗黒音楽 (世界過激音楽)
4908468311,,,,
4908468273,Tankobon Hardcover,99.88,https://www.amazon.sg/%E3%83%87%E3%82%B9%E3%83%A1%E3%82%BF%E3%83%AB%E3%82%B3%E3%83%AA%E3%82%A2-%E9%9F%93%E5%9B%BD%E3%83%A1%E3%82%BF%E3%83%AB%E5%A4%A7%E5%85%A8-%E4%B8%96%E7%95%8C%E9%81%8E%E6%BF%80%E9%9F%B3%E6%A5%BD-%E6%B0%B4%E7%A7%91-%E5%93%B2%E5%93%89/dp/4908468273/ref=sr_1_84?dib=eyJ2IjoiMSJ9.norhjRPomSsxBVjajkqjRDloZ84VFMMcYUEXE1V1YM7vDXne4gDoOj95GWMEXhCC5gFCxwhjGm-T4AaQOQHMf9bsoavI24Cjqf8ZwEWkiHM_xqb2T3z38zFR4z15LpqlK6ElqJgHKvrI6UmT7x2DbGarhofBEGnPe_PPiSPaIfQ.tEX6mPGRI6bnqj5-5o6x0vc2LL-HNbwu6TZ3CEZAkxo&dib_tag=se&m=A31NFQQ4065CWX&marketplaceID=A19VAU5U5O7RUS&qid=1773376920&refinements=p_36%3A9500-10000&s=merchant-items&sr=1-84&xpid=fFiMQgBxAhMWv#customerReviews,デスメタルコリア: 韓国メタル大全 (世界過激音楽): 8
4908468273,,,,
4906953689,JP Oversized,95.36,https://www.amazon.sg/%E4%B8%AD%E5%B7%9D%E5%A4%A7%E5%BF%97-%E5%86%99%E7%9C%9F%E9%9B%86%E3%80%8Emaka-hou%E3%80%8F-%E4%B8%AD%E5%B7%9D-%E5%A4%A7%E5%BF%97/dp/4906953689/ref=sr_1_85?dib=eyJ2IjoiMSJ9.norhjRPomSsxBVjajkqjRDloZ84VFMMcYUEXE1V1YM7vDXne4gDoOj95GWMEXhCC5gFCxwhjGm-T4AaQOQHMf9bsoavI24Cjqf8ZwEWkiHM_xqb2T3z38zFR4z15LpqlK6ElqJgHKvrI6UmT7x2DbGarhofBEGnPe_PPiSPaIfQ.tEX6mPGRI6bnqj5-5o6x0vc2LL-HNbwu6TZ3CEZAkxo&dib_tag=se&m=A31NFQQ4065CWX&marketplaceID=A19VAU5U5O7RUS&qid=1773376920&refinements=p_36%3A9500-10000&s=merchant-items&sr=1-85&xpid=fFiMQgBxAhMWv#customerReviews,中川大志 写真集『maka hou』
4906953689,,,,
4906618715,Tankobon Softcover,96.37,https://www.amazon.sg/%E6%96%B0%E8%A8%82%E7%89%88-%E5%A4%96%E5%9B%BD%E4%BA%BA%E5%8F%97%E3%81%91%E5%85%A5%E3%82%8C%E5%AE%9F%E5%8B%99%E8%80%85%E3%81%AE%E3%81%9F%E3%82%81%E3%81%AE%E5%85%A5%E7%AE%A1%E6%89%8B%E7%B6%9A-Q-A/dp/4906618715/ref=sr_1_86?dib=eyJ2IjoiMSJ9.norhjRPomSsxBVjajkqjRDloZ84VFMMcYUEXE1V1YM7vDXne4gDoOj95GWMEXhCC5gFCxwhjGm-T4AaQOQHMf9bsoavI24Cjqf8ZwEWkiHM_xqb2T3z38zFR4z15LpqlK6ElqJgHKvrI6UmT7x2DbGarhofBEGnPe_PPiSPaIfQ.tEX6mPGRI6bnqj5-5o6x0vc2LL-HNbwu6TZ3CEZAkxo&dib_tag=se&m=A31NFQQ4065CWX&marketplaceID=A19VAU5U5O7RUS&qid=1773376920&refinements=p_36%3A9500-10000&s=merchant-items&sr=1-86&xpid=fFiMQgBxAhMWv,新訂版 外国人受け入れ実務者のための入管手続 Q&A
4906618715,,,,
4903348105,Tankobon Softcover,95.36,https://www.amazon.sg/%E3%81%BE%E3%81%A1%E3%81%A0%E3%83%AF%E3%83%B3%E3%83%80%E3%83%95%E3%83%AB%E3%83%BB%E3%82%B9%E3%83%88%E3%83%AA%E3%83%BC%E3%83%88_%E6%96%B0%E5%80%89%E5%AD%9D%E9%9B%84%E5%86%99%E7%9C%9F%E9%9B%86/dp/4903348105/ref=sr_1_87?dib=eyJ2IjoiMSJ9.norhjRPomSsxBVjajkqjRDloZ84VFMMcYUEXE1V1YM7vDXne4gDoOj95GWMEXhCC5gFCxwhjGm-T4AaQOQHMf9bsoavI24Cjqf8ZwEWkiHM_xqb2T3z38zFR4z15LpqlK6ElqJgHKvrI6UmT7x2DbGarhofBEGnPe_PPiSPaIfQ.tEX6mPGRI6bnqj5-5o6x0vc2LL-HNbwu6TZ3CEZAkxo&dib_tag=se&m=A31NFQQ4065CWX&marketplaceID=A19VAU5U5O7RUS&qid=1773376920&refinements=p_36%3A9500-10000&s=merchant-items&sr=1-87&xpid=fFiMQgBxAhMWv,まちだワンダフル・ストリート―新倉孝雄写真集
4903348105,,,,
4900997706,Tankobon Hardcover,95.36,https://www.amazon.sg/%E6%B4%A5%E5%B3%B6%E4%BD%91%E5%AD%90-%E5%85%89%E3%81%A8%E6%B0%B4%E3%81%AF%E5%9C%B0%E3%82%92%E8%A6%86%E3%81%88%E3%82%8A/dp/4900997706/ref=sr_1_88?dib=eyJ2IjoiMSJ9.norhjRPomSsxBVjajkqjRDloZ84VFMMcYUEXE1V1YM7vDXne4gDoOj95GWMEXhCC5gFCxwhjGm-T4AaQOQHMf9bsoavI24Cjqf8ZwEWkiHM_xqb2T3z38zFR4z15LpqlK6ElqJgHKvrI6UmT7x2DbGarhofBEGnPe_PPiSPaIfQ.tEX6mPGRI6bnqj5-5o6x0vc2LL-HNbwu6TZ3CEZAkxo&dib_tag=se&m=A31NFQQ4065CWX&marketplaceID=A19VAU5U5O7RUS&qid=1773376920&refinements=p_36%3A9500-10000&s=merchant-items&sr=1-88&xpid=fFiMQgBxAhMWv,津島佑子　光と水は地を覆えり
4900997706,,,,
4898275710,Tankobon Softcover,97.39,https://www.amazon.sg/%E9%80%9F%E4%BF%AE%E3%83%86%E3%82%AD%E3%82%B9%E3%83%88%E3%80%882%E3%80%89%E8%B2%A1%E5%8B%99%E3%83%BB%E4%BC%9A%E8%A8%88-2-2024%E5%B9%B4%E7%89%88-%E9%81%A0%E5%B1%B1-%E7%9B%B4%E5%B9%B9/dp/4898275710/ref=sr_1_89?dib=eyJ2IjoiMSJ9.norhjRPomSsxBVjajkqjRDloZ84VFMMcYUEXE1V1YM7vDXne4gDoOj95GWMEXhCC5gFCxwhjGm-T4AaQOQHMf9bsoavI24Cjqf8ZwEWkiHM_xqb2T3z38zFR4z15LpqlK6ElqJgHKvrI6UmT7x2DbGarhofBEGnPe_PPiSPaIfQ.tEX6mPGRI6bnqj5-5o6x0vc2LL-HNbwu6TZ3CEZAkxo&dib_tag=se&m=A31NFQQ4065CWX&marketplaceID=A19VAU5U5O7RUS&qid=1773376920&refinements=p_36%3A9500-10000&s=merchant-items&sr=1-89&xpid=fFiMQgBxAhMWv#customerReviews,速修テキスト〈2〉財務・会計 (2;2024年版)
4898275710,,,,
4896287428,Tankobon Hardcover,99.82,https://www.amazon.sg/%E3%82%AF%E3%83%A9%E3%82%A6%E3%83%89%E3%83%BB%E3%82%B3%E3%83%B3%E3%83%94%E3%83%A5%E3%83%BC%E3%83%86%E3%82%A3%E3%83%B3%E3%82%B0%E3%81%AE%E6%B3%95%E5%BE%8B/dp/4896287428/ref=sr_1_90?dib=eyJ2IjoiMSJ9.norhjRPomSsxBVjajkqjRDloZ84VFMMcYUEXE1V1YM7vDXne4gDoOj95GWMEXhCC5gFCxwhjGm-T4AaQOQHMf9bsoavI24Cjqf8ZwEWkiHM_xqb2T3z38zFR4z15LpqlK6ElqJgHKvrI6UmT7x2DbGarhofBEGnPe_PPiSPaIfQ.tEX6mPGRI6bnqj5-5o6x0vc2LL-HNbwu6TZ3CEZAkxo&dib_tag=se&m=A31NFQQ4065CWX&marketplaceID=A19VAU5U5O7RUS&qid=1773376920&refinements=p_36%3A9500-10000&s=merchant-items&sr=1-90&xpid=fFiMQgBxAhMWv#customerReviews,クラウド・コンピューティングの法律
4896287428,,,,
4891981474,Tankobon Hardcover,97.58,https://www.amazon.sg/%E3%82%AA%E3%83%BC%E3%83%AB%E3%83%BB%E3%82%A4%E3%83%B3%E3%82%BF%E3%83%93%E3%83%A5%E3%83%BC%E3%82%BA-%E3%83%9F%E3%83%A5%E3%83%BC%E3%82%B8%E3%82%AB%E3%83%AB%E3%80%8E%E3%82%A8%E3%83%AA%E3%82%B6%E3%83%99%E3%83%BC%E3%83%88%E3%80%8F%E3%81%AF%E3%81%93%E3%81%86%E3%81%97%E3%81%A6%E7%94%9F%E3%81%BE%E3%82%8C%E3%81%9F/dp/4891981474/ref=sr_1_91?dib=eyJ2IjoiMSJ9.norhjRPomSsxBVjajkqjRDloZ84VFMMcYUEXE1V1YM7vDXne4gDoOj95GWMEXhCC5gFCxwhjGm-T4AaQOQHMf9bsoavI24Cjqf8ZwEWkiHM_xqb2T3z38zFR4z15LpqlK6ElqJgHKvrI6UmT7x2DbGarhofBEGnPe_PPiSPaIfQ.tEX6mPGRI6bnqj5-5o6x0vc2LL-HNbwu6TZ3CEZAkxo&dib_tag=se&m=A31NFQQ4065CWX&marketplaceID=A19VAU5U5O7RUS&qid=1773376920&refinements=p_36%3A9500-10000&s=merchant-items&sr=1-91&xpid=fFiMQgBxAhMWv#customerReviews,オール・インタビューズ ミュージカル『エリザベート』はこうして生まれた
4891981474,,,,
4887063156,Paperback,99.52,https://www.amazon.sg/Riken-Yamamoto/dp/4887063156/ref=sr_1_97?dib=eyJ2IjoiMSJ9.kXRlajdItsHstQrVAKYqK6IyV1cPQlamxOwczVpoaEwUlQsABqe-wz0HA9PRI1o-Q5Qj8wYgX0xTmbnERN4LTw.C_bY6eL-IKdj0TMJIIjiW8Mv8FoC1grvU3m4KtC1htY&dib_tag=se&m=A31NFQQ4065CWX&marketplaceID=A19VAU5U5O7RUS&qid=1773376925&refinements=p_36%3A9500-10000&s=merchant-items&sr=1-97&xpid=fFiMQgBxAhMWv#customerReviews,Riken Yamamoto
4887063156,,,,
4883752275,Tankobon Softcover,98.29,https://www.amazon.sg/DARK-ALICE-TH-COMIC-eat/dp/4883752275/ref=sr_1_98?dib=eyJ2IjoiMSJ9.kXRlajdItsHstQrVAKYqK6IyV1cPQlamxOwczVpoaEwUlQsABqe-wz0HA9PRI1o-Q5Qj8wYgX0xTmbnERN4LTw.C_bY6eL-IKdj0TMJIIjiW8Mv8FoC1grvU3m4KtC1htY&dib_tag=se&m=A31NFQQ4065CWX&marketplaceID=A19VAU5U5O7RUS&qid=1773376925&refinements=p_36%3A9500-10000&s=merchant-items&sr=1-98&xpid=fFiMQgBxAhMWv#customerReviews,DARK ALICE (TH COMIC SERIES)
4883752275,,,,
4883601218,Tankobon Hardcover,99.1,https://www.amazon.sg/%E4%B8%AD%E5%9B%BD%E9%83%BD%E5%B8%82%E5%B8%82%E5%A0%B4%E6%83%85%E5%A0%B1_106%E9%83%BD%E5%B8%82%E3%81%A8%E4%BC%81%E6%A5%AD%E6%88%A6%E7%95%A5/dp/4883601218/ref=sr_1_99?dib=eyJ2IjoiMSJ9.kXRlajdItsHstQrVAKYqK6IyV1cPQlamxOwczVpoaEwUlQsABqe-wz0HA9PRI1o-Q5Qj8wYgX0xTmbnERN4LTw.C_bY6eL-IKdj0TMJIIjiW8Mv8FoC1grvU3m4KtC1htY&dib_tag=se&m=A31NFQQ4065CWX&marketplaceID=A19VAU5U5O7RUS&qid=1773376925&refinements=p_36%3A9500-10000&s=merchant-items&sr=1-99&xpid=fFiMQgBxAhMWv,中国都市市場情報―106都市と企業戦略
4883601218,,,,
4874243541,Paperback,97.05,https://www.amazon.sg/SHADOWING-NIHONGO-HANASOU-Hitoshi-Saito/dp/4874243541/ref=sr_1_100?dib=eyJ2IjoiMSJ9.kXRlajdItsHstQrVAKYqK6IyV1cPQlamxOwczVpoaEwUlQsABqe-wz0HA9PRI1o-Q5Qj8wYgX0xTmbnERN4LTw.C_bY6eL-IKdj0TMJIIjiW8Mv8FoC1grvU3m4KtC1htY&dib_tag=se&m=A31NFQQ4065CWX&marketplaceID=A19VAU5U5O7RUS&qid=1773376925&refinements=p_36%3A9500-10000&s=merchant-items&sr=1-100&xpid=fFiMQgBxAhMWv#customerReviews,SHADOWING NIHONGO WO HANASOU
4874243541,,,,
487217741X,Paperback,97.39,https://www.amazon.sg/%E5%88%9D%E7%B4%9A%E6%96%87%E5%9E%8B%E3%81%A7%E3%81%A7%E3%81%8D%E3%82%8B-%E3%81%AB%E3%81%BB%E3%82%93%E3%81%94%E7%99%BA%E9%9F%B3%E3%82%A2%E3%82%AF%E3%83%86%E3%82%A3%E3%83%93%E3%83%86%E3%82%A3-Shoukyuubunkei-Nihongo-Akutibiti/dp/487217741X/ref=sr_1_101?dib=eyJ2IjoiMSJ9.kXRlajdItsHstQrVAKYqK6IyV1cPQlamxOwczVpoaEwUlQsABqe-wz0HA9PRI1o-Q5Qj8wYgX0xTmbnERN4LTw.C_bY6eL-IKdj0TMJIIjiW8Mv8FoC1grvU3m4KtC1htY&dib_tag=se&m=A31NFQQ4065CWX&marketplaceID=A19VAU5U5O7RUS&qid=1773376925&refinements=p_36%3A9500-10000&s=merchant-items&sr=1-101&xpid=fFiMQgBxAhMWv#customerReviews,初級文型でできる にほんご発音アクティビティ(CD付) Shoukyuubunkei de Dekiru Nihongo Hatsuon Akutibiti
487217741X,,,,
4865713077,Sheet music,100.0,https://www.amazon.sg/%E5%88%9D%E5%BF%83%E8%80%85%E3%81%A7%E3%82%82%E5%BC%BE%E3%81%91%E3%82%8B-%E8%B6%85%E3%81%8B%E3%82%93%E3%81%9F%E3%82%93%E3%83%BB%E3%81%BF%E3%82%93%E3%81%AA%E3%81%AE%E3%83%94%E3%82%A2%E3%83%8E%E6%9B%B2%E9%9B%86-%E5%AE%AE%E5%B4%8E%E9%A7%BF-%E3%82%B9%E3%82%BF%E3%82%B8%E3%82%AA%E3%82%B8%E3%83%96%E3%83%AA%E7%B7%A8-%E9%9F%B3%E5%90%8D%E3%81%B5%E3%82%8A%E3%81%8C%E3%81%AA%E4%BB%98%E3%81%8D%E3%81%AE%E5%A4%A7%E3%81%8D%E3%81%AA%E8%AD%9C%E9%9D%A2/dp/4865713077/ref=sr_1_97?dib=eyJ2IjoiMSJ9.plon_8m5WSUOqxad0smRkH75iC5khR2DuEsVbjgzHgBbOd7BTlv04t8Y-k7vemyNN2o2rGxUgwDz-LodkjcgoN-jHq8ISZnner_jOp0bZ2CQ-pDNqifQY1DxXIhFRtLHN1hrTivlVhzA46Mi_E4GG7TpSSsqSMXRFORGa0SnSaM.2JEme5jSNnW0EAr592xnnBMTNgoMXFKK27Ld-cWHWbM&dib_tag=se&m=A31NFQQ4065CWX&marketplaceID=A19VAU5U5O7RUS&qid=1773376925&refinements=p_36%3A9500-10000&s=merchant-items&sr=1-97&xpid=fFiMQgBxAhMWv#customerReviews,初心者でも弾ける 超かんたん・みんなのピアノ曲集 [宮崎駿&スタジオジブリ編] 音名ふりがな付きの大きな譜面
4865713077,,,,
4863133308,Tankobon Softcover,96.29,https://www.amazon.sg/%E3%83%8A%E3%82%B7%E3%83%A7%E3%83%8A%E3%83%AB-%E3%82%B8%E3%82%AA%E3%82%B0%E3%83%A9%E3%83%95%E3%82%A3%E3%83%83%E3%82%AF-%E3%83%97%E3%83%AD%E3%81%AE%E6%92%AE%E3%82%8A%E6%96%B9-%E5%89%B5%E9%80%A0%E5%8A%9B%E3%82%92%E6%A5%B5%E3%82%81%E3%82%8B-%E3%83%96%E3%83%A9%E3%82%A4%E3%82%A2%E3%83%B3%E3%83%BB%E3%83%94%E3%83%BC%E3%82%BF%E3%83%BC%E3%82%BD%E3%83%B3/dp/4863133308/ref=sr_1_98?dib=eyJ2IjoiMSJ9.plon_8m5WSUOqxad0smRkH75iC5khR2DuEsVbjgzHgBbOd7BTlv04t8Y-k7vemyNN2o2rGxUgwDz-LodkjcgoN-jHq8ISZnner_jOp0bZ2CQ-pDNqifQY1DxXIhFRtLHN1hrTivlVhzA46Mi_E4GG7TpSSsqSMXRFORGa0SnSaM.2JEme5jSNnW0EAr592xnnBMTNgoMXFKK27Ld-cWHWbM&dib_tag=se&m=A31NFQQ4065CWX&marketplaceID=A19VAU5U5O7RUS&qid=1773376925&refinements=p_36%3A9500-10000&s=merchant-items&sr=1-98&xpid=fFiMQgBxAhMWv#customerReviews,ナショナル ジオグラフィック プロの撮り方 創造力を極める
4863133308,,,,
4861824001,Tankobon Hardcover,99.59,https://www.amazon.sg/%E3%83%8A%E3%83%90%E3%83%86%E3%82%A2%E6%96%87%E6%98%8E/dp/4861824001/ref=sr_1_99?dib=eyJ2IjoiMSJ9.plon_8m5WSUOqxad0smRkH75iC5khR2DuEsVbjgzHgBbOd7BTlv04t8Y-k7vemyNN2o2rGxUgwDz-LodkjcgoN-jHq8ISZnner_jOp0bZ2CQ-pDNqifQY1DxXIhFRtLHN1hrTivlVhzA46Mi_E4GG7TpSSsqSMXRFORGa0SnSaM.2JEme5jSNnW0EAr592xnnBMTNgoMXFKK27Ld-cWHWbM&dib_tag=se&m=A31NFQQ4065CWX&marketplaceID=A19VAU5U5O7RUS&qid=1773376925&refinements=p_36%3A9500-10000&s=merchant-items&sr=1-99&xpid=fFiMQgBxAhMWv#customerReviews,ナバテア文明
4861824001,,,,
4861528186,Tankobon Softcover,98.65,https://www.amazon.sg/Love-Letter-%E3%82%AF%E3%83%AD%E3%83%80-%E3%83%9F%E3%82%B5%E3%83%88/dp/4861528186/ref=sr_1_100?dib=eyJ2IjoiMSJ9.plon_8m5WSUOqxad0smRkH75iC5khR2DuEsVbjgzHgBbOd7BTlv04t8Y-k7vemyNN2o2rGxUgwDz-LodkjcgoN-jHq8ISZnner_jOp0bZ2CQ-pDNqifQY1DxXIhFRtLHN1hrTivlVhzA46Mi_E4GG7TpSSsqSMXRFORGa0SnSaM.2JEme5jSNnW0EAr592xnnBMTNgoMXFKK27Ld-cWHWbM&dib_tag=se&m=A31NFQQ4065CWX&marketplaceID=A19VAU5U5O7RUS&qid=1773376925&refinements=p_36%3A9500-10000&s=merchant-items&sr=1-100&xpid=fFiMQgBxAhMWv#customerReviews,Love Letter
4861528186,,,,
4861524997,Paperback,96.3,https://www.amazon.sg/Sapeurs-Gentlemen-Bacongo-Japanese-Ed/dp/4861524997/ref=sr_1_101?dib=eyJ2IjoiMSJ9.plon_8m5WSUOqxad0smRkH75iC5khR2DuEsVbjgzHgBbOd7BTlv04t8Y-k7vemyNN2o2rGxUgwDz-LodkjcgoN-jHq8ISZnner_jOp0bZ2CQ-pDNqifQY1DxXIhFRtLHN1hrTivlVhzA46Mi_E4GG7TpSSsqSMXRFORGa0SnSaM.2JEme5jSNnW0EAr592xnnBMTNgoMXFKK27Ld-cWHWbM&dib_tag=se&m=A31NFQQ4065CWX&marketplaceID=A19VAU5U5O7RUS&qid=1773376925&refinements=p_36%3A9500-10000&s=merchant-items&sr=1-101&xpid=fFiMQgBxAhMWv#customerReviews,Sapeurs - The Gentlemen of Bacongo (Japanese Ed.)
4861524997,,,,
4847045076,Tankobon Hardcover,98.01,https://www.amazon.sg/%E6%97%A5%E5%8D%97%E9%9F%BF%E5%AD%90-%E5%86%99%E7%9C%9F%E9%9B%86-%E3%80%8E-mau-%E3%80%8F/dp/4847045076/ref=sr_1_102?dib=eyJ2IjoiMSJ9.plon_8m5WSUOqxad0smRkH75iC5khR2DuEsVbjgzHgBbOd7BTlv04t8Y-k7vemyNN2o2rGxUgwDz-LodkjcgoN-jHq8ISZnner_jOp0bZ2CQ-pDNqifQY1DxXIhFRtLHN1hrTivlVhzA46Mi_E4GG7TpSSsqSMXRFORGa0SnSaM.2JEme5jSNnW0EAr592xnnBMTNgoMXFKK27Ld-cWHWbM&dib_tag=se&m=A31NFQQ4065CWX&marketplaceID=A19VAU5U5O7RUS&qid=1773376925&refinements=p_36%3A9500-10000&s=merchant-items&sr=1-102&xpid=fFiMQgBxAhMWv#customerReviews,日南響子 写真集 『 mau 』
4847045076,,,,
4847044452,Tankobon Hardcover,99.27,https://www.amazon.sg/%E5%B7%9D%E5%8F%A3%E6%98%A5%E5%A5%88-%E3%83%95%E3%82%A1%E3%83%BC%E3%82%B9%E3%83%88%E5%86%99%E7%9C%9F%E9%9B%86-%E3%80%8E-haruna-%E3%80%8F/dp/4847044452/ref=sr_1_103?dib=eyJ2IjoiMSJ9.plon_8m5WSUOqxad0smRkH75iC5khR2DuEsVbjgzHgBbOd7BTlv04t8Y-k7vemyNN2o2rGxUgwDz-LodkjcgoN-jHq8ISZnner_jOp0bZ2CQ-pDNqifQY1DxXIhFRtLHN1hrTivlVhzA46Mi_E4GG7TpSSsqSMXRFORGa0SnSaM.2JEme5jSNnW0EAr592xnnBMTNgoMXFKK27Ld-cWHWbM&dib_tag=se&m=A31NFQQ4065CWX&marketplaceID=A19VAU5U5O7RUS&qid=1773376925&refinements=p_36%3A9500-10000&s=merchant-items&sr=1-103&xpid=fFiMQgBxAhMWv#customerReviews,川口春奈 ファースト写真集 『 haruna 』
4847044452,,,,
4847039459,JP Oversized,99.47,https://www.amazon.sg/Honjo-raita-wakusu-Miritaria-ryosangata/dp/4847039459/ref=sr_1_104?dib=eyJ2IjoiMSJ9.plon_8m5WSUOqxad0smRkH75iC5khR2DuEsVbjgzHgBbOd7BTlv04t8Y-k7vemyNN2o2rGxUgwDz-LodkjcgoN-jHq8ISZnner_jOp0bZ2CQ-pDNqifQY1DxXIhFRtLHN1hrTivlVhzA46Mi_E4GG7TpSSsqSMXRFORGa0SnSaM.2JEme5jSNnW0EAr592xnnBMTNgoMXFKK27Ld-cWHWbM&dib_tag=se&m=A31NFQQ4065CWX&marketplaceID=A19VAU5U5O7RUS&qid=1773376925&refinements=p_36%3A9500-10000&s=merchant-items&sr=1-104&xpid=fFiMQgBxAhMWv#customerReviews,Honjo raita ato wakusu. 1 (Miritaria ryosangata).
4847039459,,,,
4846122158,Tankobon Hardcover,98.93,https://www.amazon.sg/%E4%B8%80%E7%84%A1%E6%95%99%E4%BC%9A%E3%82%AD%E3%83%AA%E3%82%B9%E3%83%88%E8%80%85%E3%81%AE%E3%81%82%E3%82%86%E3%81%BF-%E7%AD%92%E4%BA%95-%E5%93%B2%E9%83%8E/dp/4846122158/ref=sr_1_105?dib=eyJ2IjoiMSJ9.plon_8m5WSUOqxad0smRkH75iC5khR2DuEsVbjgzHgBbOd7BTlv04t8Y-k7vemyNN2o2rGxUgwDz-LodkjcgoN-jHq8ISZnner_jOp0bZ2CQ-pDNqifQY1DxXIhFRtLHN1hrTivlVhzA46Mi_E4GG7TpSSsqSMXRFORGa0SnSaM.2JEme5jSNnW0EAr592xnnBMTNgoMXFKK27Ld-cWHWbM&dib_tag=se&m=A31NFQQ4065CWX&marketplaceID=A19VAU5U5O7RUS&qid=1773376925&refinements=p_36%3A9500-10000&s=merchant-items&sr=1-105&xpid=fFiMQgBxAhMWv,一無教会キリスト者のあゆみ
4846122158,,,,
4845635186,Tankobon Hardcover,96.37,https://www.amazon.sg/CD%E4%BB%98%E3%81%8D-%E3%82%BD%E3%83%AD%E3%83%BB%E3%83%99%E3%83%BC%E3%82%B9%E3%81%AE%E3%81%97%E3%82%89%E3%81%B9-%E3%83%99%E3%82%B9%E3%83%88%E3%83%BB%E3%82%BB%E3%83%AC%E3%82%AF%E3%82%B7%E3%83%A7%E3%83%B3-BASS-MAGAZINE/dp/4845635186/ref=sr_1_106?dib=eyJ2IjoiMSJ9.plon_8m5WSUOqxad0smRkH75iC5khR2DuEsVbjgzHgBbOd7BTlv04t8Y-k7vemyNN2o2rGxUgwDz-LodkjcgoN-jHq8ISZnner_jOp0bZ2CQ-pDNqifQY1DxXIhFRtLHN1hrTivlVhzA46Mi_E4GG7TpSSsqSMXRFORGa0SnSaM.2JEme5jSNnW0EAr592xnnBMTNgoMXFKK27Ld-cWHWbM&dib_tag=se&m=A31NFQQ4065CWX&marketplaceID=A19VAU5U5O7RUS&qid=1773376925&refinements=p_36%3A9500-10000&s=merchant-items&sr=1-106&xpid=fFiMQgBxAhMWv#customerReviews,(CD付き) ソロ・ベースのしらべ ベスト・セレクション (BASS MAGAZINE)
4845635186,,,,
4845635054,Mook,95.65,https://www.amazon.sg/PIANO-STYLE-%E3%83%94%E3%82%A2%E3%83%8E%E3%82%B9%E3%82%BF%E3%82%A4%E3%83%AB-%E3%83%97%E3%83%AC%E3%83%9F%E3%82%A2%E3%83%A0%E3%83%BB%E3%82%BB%E3%83%AC%E3%82%AF%E3%82%B7%E3%83%A7%E3%83%B3Vol-8-%E3%83%AA%E3%83%83%E3%83%88%E3%83%BC%E3%83%9F%E3%83%A5%E3%83%BC%E3%82%B8%E3%83%83%E3%82%AF%E3%83%BB%E3%83%A0%E3%83%83%E3%82%AF/dp/4845635054/ref=sr_1_107?dib=eyJ2IjoiMSJ9.plon_8m5WSUOqxad0smRkH75iC5khR2DuEsVbjgzHgBbOd7BTlv04t8Y-k7vemyNN2o2rGxUgwDz-LodkjcgoN-jHq8ISZnner_jOp0bZ2CQ-pDNqifQY1DxXIhFRtLHN1hrTivlVhzA46Mi_E4GG7TpSSsqSMXRFORGa0SnSaM.2JEme5jSNnW0EAr592xnnBMTNgoMXFKK27Ld-cWHWbM&dib_tag=se&m=A31NFQQ4065CWX&marketplaceID=A19VAU5U5O7RUS&qid=1773376925&refinements=p_36%3A9500-10000&s=merchant-items&sr=1-107&xpid=fFiMQgBxAhMWv#customerReviews,(CD付き) PIANO STYLE (ピアノスタイル) プレミアム・セレクションVol.8 (リットーミュージック・ムック)
4845635054,,,,
4838105568,Tankobon Hardcover,97.04,https://www.amazon.sg/Utsuyaka-Taka-Kobayashi/dp/4838105568/ref=sr_1_113?dib=eyJ2IjoiMSJ9.GIg49ZjU9fAJkuprEgLv2yU1H2FGRW9IQzLt7l3asVaM7bgmW6LmyDeUe_Emp46uGUcgHi9V2pIBHrsBOpak1A.xM6VlWR4i7pDTtXWZuQrktt9uI-IeqmLYmL-5XU-MoE&dib_tag=se&m=A31NFQQ4065CWX&marketplaceID=A19VAU5U5O7RUS&qid=1773376931&refinements=p_36%3A9500-10000&s=merchant-items&sr=1-113&xpid=fFiMQgBxAhMWv#customerReviews,Utsuyaka
4838105568,,,,
4837306721,JP Oversized,99.35,https://www.amazon.sg/%E5%A6%96%E7%B2%BE%E3%81%9F%E3%81%A1%E3%81%8C%E8%A6%8B%E3%81%9F%E3%81%B5%E3%81%97%E3%81%8E%E3%81%AA%E4%BA%BA%E9%96%93%E4%B8%96%E7%95%8C-%E3%82%B9%E3%83%B4%E3%82%A7%E3%83%BC%E3%82%BF%E3%83%BB%E3%83%89%E3%83%BC%E3%83%AD%E3%82%B7%E3%82%A7%E3%83%B4%E3%82%A1/dp/4837306721/ref=sr_1_114?dib=eyJ2IjoiMSJ9.GIg49ZjU9fAJkuprEgLv2yU1H2FGRW9IQzLt7l3asVaM7bgmW6LmyDeUe_Emp46uGUcgHi9V2pIBHrsBOpak1A.xM6VlWR4i7pDTtXWZuQrktt9uI-IeqmLYmL-5XU-MoE&dib_tag=se&m=A31NFQQ4065CWX&marketplaceID=A19VAU5U5O7RUS&qid=1773376931&refinements=p_36%3A9500-10000&s=merchant-items&sr=1-114&xpid=fFiMQgBxAhMWv#customerReviews,妖精たちが見たふしぎな人間世界
4837306721,,,,
4837301967,Tankobon Softcover,98.98,https://www.amazon.sg/%E6%B0%B4%E3%81%A8%E7%A9%BA%E3%81%A8%E6%A3%AE-%E3%83%95%E3%82%A1%E3%83%B3%E3%82%BF%E3%82%B8%E3%83%BC%E4%B8%96%E7%95%8C%E3%81%AE%E7%94%9F%E3%81%8D%E7%89%A9%E3%82%92%E6%8F%8F%E3%81%8F/dp/4837301967/ref=sr_1_115?dib=eyJ2IjoiMSJ9.GIg49ZjU9fAJkuprEgLv2yU1H2FGRW9IQzLt7l3asVaM7bgmW6LmyDeUe_Emp46uGUcgHi9V2pIBHrsBOpak1A.xM6VlWR4i7pDTtXWZuQrktt9uI-IeqmLYmL-5XU-MoE&dib_tag=se&m=A31NFQQ4065CWX&marketplaceID=A19VAU5U5O7RUS&qid=1773376931&refinements=p_36%3A9500-10000&s=merchant-items&sr=1-115&xpid=fFiMQgBxAhMWv#customerReviews,水と空と森 ファンタジー世界の生き物を描く
4837301967,,,,
4834253449,Tankobon Hardcover,95.65,https://www.amazon.sg/%E6%9B%B8%E8%A9%95%E3%81%AE%E6%98%9F%E5%BA%A7-%E7%B4%99%E3%83%97%E3%83%AD%E7%B7%A8-%E5%90%89%E7%94%B0%E8%B1%AA%E3%81%AE%E3%83%97%E3%83%AD%E3%83%AC%E3%82%B9-%E6%A0%BC%E9%97%98%E6%8A%80%E6%9C%AC%E3%83%A1%E3%83%83%E3%82%BF%E6%96%AC%E3%82%8A-1995-2004/dp/4834253449/ref=sr_1_116?dib=eyJ2IjoiMSJ9.GIg49ZjU9fAJkuprEgLv2yU1H2FGRW9IQzLt7l3asVaM7bgmW6LmyDeUe_Emp46uGUcgHi9V2pIBHrsBOpak1A.xM6VlWR4i7pDTtXWZuQrktt9uI-IeqmLYmL-5XU-MoE&dib_tag=se&m=A31NFQQ4065CWX&marketplaceID=A19VAU5U5O7RUS&qid=1773376931&refinements=p_36%3A9500-10000&s=merchant-items&sr=1-116&xpid=fFiMQgBxAhMWv#customerReviews,書評の星座 紙プロ編 吉田豪のプロレス&格闘技本メッタ斬り 1995-2004
4834253449,,,,
4822255557,Tankobon Hardcover,95.13,https://www.amazon.sg/%E3%83%A9%E3%82%A4%E3%83%95%E3%83%AD%E3%83%B3%E3%82%B0%E3%83%BB%E3%82%AD%E3%83%B3%E3%83%80%E3%83%BC%E3%82%AC%E3%83%BC%E3%83%86%E3%83%B3-%E5%89%B5%E9%80%A0%E7%9A%84%E6%80%9D%E8%80%83%E5%8A%9B%E3%82%92%E8%82%B2%E3%82%804%E3%81%A4%E3%81%AE%E5%8E%9F%E5%89%87-%E3%83%9F%E3%83%83%E3%83%81%E3%82%A7%E3%83%AB%E3%83%BB%E3%83%AC%E3%82%BA%E3%83%8B%E3%83%83%E3%82%AF/dp/4822255557/ref=sr_1_117?dib=eyJ2IjoiMSJ9.GIg49ZjU9fAJkuprEgLv2yU1H2FGRW9IQzLt7l3asVaM7bgmW6LmyDeUe_Emp46uGUcgHi9V2pIBHrsBOpak1A.xM6VlWR4i7pDTtXWZuQrktt9uI-IeqmLYmL-5XU-MoE&dib_tag=se&m=A31NFQQ4065CWX&marketplaceID=A19VAU5U5O7RUS&qid=1773376931&refinements=p_36%3A9500-10000&s=merchant-items&sr=1-117&xpid=fFiMQgBxAhMWv#customerReviews,ライフロング・キンダーガーテン 創造的思考力を育む4つの原則
4822255557,,,,
481703470X,JP Oversized,97.89,https://www.amazon.sg/%E5%8F%A4%E3%81%84%E6%9D%91%E3%83%BB%E6%97%A7%E3%81%84%E8%A1%97-%E6%B7%A1%E5%BD%A9%E3%81%A7%E6%8F%8F%E3%81%8F%E3%81%84%E3%81%A4%E3%81%8B%E8%A6%8B%E3%81%9F%E9%A2%A8%E6%99%AF_%E8%8A%B1%E5%9F%8E%E5%BA%B7%E9%9B%84%E7%94%BB%E9%9B%86-%E8%8A%B1%E5%9F%8E-%E5%BA%B7%E9%9B%84/dp/481703470X/ref=sr_1_113?dib=eyJ2IjoiMSJ9.0KLFefFHMjocUDg7qYavxvaS1wnh3Sys0sAfd40D50HxH41Bto1rN1iUgiwEyOI1ftiQFDzQVr3Jtp7xijPlt5D4E1HvW7f5IOGyuM-2VVsnTklgwiauIkvbDAYbFms2BI-kQmnRcBx6DmfxQjGQDy34KGWd2tT0gVeKT1hffQE.tjR7jilUqc-X5xmUJRZ8ags-nnBRg8pUk825j0BrVi0&dib_tag=se&m=A31NFQQ4065CWX&marketplaceID=A19VAU5U5O7RUS&qid=1773376931&refinements=p_36%3A9500-10000&s=merchant-items&sr=1-113&xpid=fFiMQgBxAhMWv#customerReviews,古い村・旧い街 淡彩で描くいつか見た風景―花城康雄画集
481703470X,,,,
4806529273,Tankobon Softcover,97.86,https://www.amazon.sg/%E4%B8%AD%E5%9B%BD%E7%9F%A5%E8%B2%A1%E4%BA%8B%E4%BE%8B%E8%A7%A3%E8%AA%AC%E9%9B%86-%E5%AE%9F%E7%94%A8%E6%96%B0%E6%A1%88%E7%AF%87-%E7%8F%BE%E4%BB%A3%E7%94%A3%E6%A5%AD%E9%81%B8%E6%9B%B8_%E7%9F%A5%E7%9A%84%E8%B2%A1%E7%94%A3%E5%AE%9F%E5%8B%99%E3%82%B7%E3%83%AA%E3%83%BC%E3%82%BA-%E4%B8%AD%E5%9B%BD%E5%9B%BD%E5%AE%B6%E7%9F%A5%E8%AD%98%E7%94%A3%E6%A8%A9%E5%B1%80%E7%89%B9%E8%A8%B1%E5%BA%81%E5%AE%9F%E7%94%A8%E6%96%B0%E6%A1%88%E5%AF%A9%E6%9F%BB%E9%83%A8/dp/4806529273/ref=sr_1_114?dib=eyJ2IjoiMSJ9.0KLFefFHMjocUDg7qYavxvaS1wnh3Sys0sAfd40D50HxH41Bto1rN1iUgiwEyOI1ftiQFDzQVr3Jtp7xijPlt5D4E1HvW7f5IOGyuM-2VVsnTklgwiauIkvbDAYbFms2BI-kQmnRcBx6DmfxQjGQDy34KGWd2tT0gVeKT1hffQE.tjR7jilUqc-X5xmUJRZ8ags-nnBRg8pUk825j0BrVi0&dib_tag=se&m=A31NFQQ4065CWX&marketplaceID=A19VAU5U5O7RUS&qid=1773376931&refinements=p_36%3A9500-10000&s=merchant-items&sr=1-114&xpid=fFiMQgBxAhMWv,中国知財事例解説集 実用新案篇 (現代産業選書―知的財産実務シリーズ)
4806529273,,,,
4798618594,Mook,98.22,https://www.amazon.sg/%E5%AE%87%E5%AE%99%E8%88%B9%E5%88%A5%E5%86%8A-SSSS-GRIDMAN/dp/4798618594/ref=sr_1_115?dib=eyJ2IjoiMSJ9.0KLFefFHMjocUDg7qYavxvaS1wnh3Sys0sAfd40D50HxH41Bto1rN1iUgiwEyOI1ftiQFDzQVr3Jtp7xijPlt5D4E1HvW7f5IOGyuM-2VVsnTklgwiauIkvbDAYbFms2BI-kQmnRcBx6DmfxQjGQDy34KGWd2tT0gVeKT1hffQE.tjR7jilUqc-X5xmUJRZ8ags-nnBRg8pUk825j0BrVi0&dib_tag=se&m=A31NFQQ4065CWX&marketplaceID=A19VAU5U5O7RUS&qid=1773376931&refinements=p_36%3A9500-10000&s=merchant-items&sr=1-115&xpid=fFiMQgBxAhMWv#customerReviews,宇宙船別冊 SSSS.GRIDMAN
4798618594,,,,
479812608X,JP Oversized,97.26,https://www.amazon.sg/Photoshop-CS6-%E9%80%86%E5%BC%95%E3%81%8D%E3%83%87%E3%82%B6%E3%82%A4%E3%83%B3%E4%BA%8B%E5%85%B8PLUS-%E4%B8%8A%E5%8E%9F-%E3%82%BC%E3%83%B3%E3%82%B8/dp/479812608X/ref=sr_1_116?dib=eyJ2IjoiMSJ9.0KLFefFHMjocUDg7qYavxvaS1wnh3Sys0sAfd40D50HxH41Bto1rN1iUgiwEyOI1ftiQFDzQVr3Jtp7xijPlt5D4E1HvW7f5IOGyuM-2VVsnTklgwiauIkvbDAYbFms2BI-kQmnRcBx6DmfxQjGQDy34KGWd2tT0gVeKT1hffQE.tjR7jilUqc-X5xmUJRZ8ags-nnBRg8pUk825j0BrVi0&dib_tag=se&m=A31NFQQ4065CWX&marketplaceID=A19VAU5U5O7RUS&qid=1773376931&refinements=p_36%3A9500-10000&s=merchant-items&sr=1-116&xpid=fFiMQgBxAhMWv#customerReviews,Photoshop CS6 逆引きデザイン事典PLUS
479812608X,,,,
4796878998,Tankobon Softcover,95.36,https://www.amazon.sg/%E3%83%90%E3%83%83%E3%83%88%E3%83%9E%E3%83%B3-%E3%82%B4%E3%83%BC%E3%82%B9%E3%83%88%E3%83%BB%E3%82%B9%E3%83%88%E3%83%BC%E3%83%AA%E3%83%BC%E3%82%BA/dp/4796878998/ref=sr_1_117?dib=eyJ2IjoiMSJ9.0KLFefFHMjocUDg7qYavxvaS1wnh3Sys0sAfd40D50HxH41Bto1rN1iUgiwEyOI1ftiQFDzQVr3Jtp7xijPlt5D4E1HvW7f5IOGyuM-2VVsnTklgwiauIkvbDAYbFms2BI-kQmnRcBx6DmfxQjGQDy34KGWd2tT0gVeKT1hffQE.tjR7jilUqc-X5xmUJRZ8ags-nnBRg8pUk825j0BrVi0&dib_tag=se&m=A31NFQQ4065CWX&marketplaceID=A19VAU5U5O7RUS&qid=1773376931&refinements=p_36%3A9500-10000&s=merchant-items&sr=1-117&xpid=fFiMQgBxAhMWv#customerReviews,バットマン:ゴースト・ストーリーズ
4796878998,,,,
4796876391,Tankobon Softcover,97.28,https://www.amazon.sg/%E3%83%90%E3%83%83%E3%83%88%E3%83%9E%E3%83%B3-%E3%83%9F%E3%83%A5%E3%83%BC%E3%82%BF%E3%83%B3%E3%83%88-%E3%82%BF%E3%83%BC%E3%83%88%E3%83%AB%E3%82%BA-ShoPro-Books/dp/4796876391/ref=sr_1_118?dib=eyJ2IjoiMSJ9.0KLFefFHMjocUDg7qYavxvaS1wnh3Sys0sAfd40D50HxH41Bto1rN1iUgiwEyOI1ftiQFDzQVr3Jtp7xijPlt5D4E1HvW7f5IOGyuM-2VVsnTklgwiauIkvbDAYbFms2BI-kQmnRcBx6DmfxQjGQDy34KGWd2tT0gVeKT1hffQE.tjR7jilUqc-X5xmUJRZ8ags-nnBRg8pUk825j0BrVi0&dib_tag=se&m=A31NFQQ4065CWX&marketplaceID=A19VAU5U5O7RUS&qid=1773376931&refinements=p_36%3A9500-10000&s=merchant-items&sr=1-118&xpid=fFiMQgBxAhMWv#customerReviews,バットマン/ミュータント タートルズ (ShoPro Books)
4796876391,,,,
4778038401,Comic,97.76,https://www.amazon.sg/%E5%AE%8C%E5%85%A8%E7%89%88-%E3%82%A6%E3%83%AB%E3%83%88%E3%83%A9%E3%83%9E%E3%83%B3%E3%83%A1%E3%83%93%E3%82%A6%E3%82%B9%E5%A4%96%E4%BC%9D%E3%83%97%E3%83%A9%E3%82%B9%E5%B9%B3%E6%88%90%E3%82%A6%E3%83%AB%E3%83%88%E3%83%A9%E3%83%9E%E3%83%B3%E4%BD%9C%E5%93%81%E9%9B%86-%E5%B0%8F%E5%AD%A6%E9%A4%A8%E3%82%AF%E3%83%AA%E3%82%A8%E3%82%A4%E3%83%86%E3%82%A3%E3%83%96%E5%8D%98%E8%A1%8C%E6%9C%AC-%E5%86%85%E5%B1%B1-%E3%81%BE%E3%82%82%E3%82%8B/dp/4778038401/ref=sr_1_119?dib=eyJ2IjoiMSJ9.0KLFefFHMjocUDg7qYavxvaS1wnh3Sys0sAfd40D50HxH41Bto1rN1iUgiwEyOI1ftiQFDzQVr3Jtp7xijPlt5D4E1HvW7f5IOGyuM-2VVsnTklgwiauIkvbDAYbFms2BI-kQmnRcBx6DmfxQjGQDy34KGWd2tT0gVeKT1hffQE.tjR7jilUqc-X5xmUJRZ8ags-nnBRg8pUk825j0BrVi0&dib_tag=se&m=A31NFQQ4065CWX&marketplaceID=A19VAU5U5O7RUS&qid=1773376931&refinements=p_36%3A9500-10000&s=merchant-items&sr=1-119&xpid=fFiMQgBxAhMWv#customerReviews,完全版 ウルトラマンメビウス外伝プラス平成ウルトラマン作品集 (小学館クリエイティブ単行本)
4778038401,,,,
4775401815,Tankobon Hardcover,96.8,https://www.amazon.sg/%E9%9D%92%E3%81%84%E8%96%94%E8%96%87_%E3%82%AD%E3%83%97%E3%83%AA%E3%83%B3%E3%82%B0%E3%81%A8%E3%82%A4%E3%83%B3%E3%83%89-%E6%A9%8B%E6%9C%AC-%E6%A7%87%E7%9F%A9/dp/4775401815/ref=sr_1_120?dib=eyJ2IjoiMSJ9.0KLFefFHMjocUDg7qYavxvaS1wnh3Sys0sAfd40D50HxH41Bto1rN1iUgiwEyOI1ftiQFDzQVr3Jtp7xijPlt5D4E1HvW7f5IOGyuM-2VVsnTklgwiauIkvbDAYbFms2BI-kQmnRcBx6DmfxQjGQDy34KGWd2tT0gVeKT1hffQE.tjR7jilUqc-X5xmUJRZ8ags-nnBRg8pUk825j0BrVi0&dib_tag=se&m=A31NFQQ4065CWX&marketplaceID=A19VAU5U5O7RUS&qid=1773376931&refinements=p_36%3A9500-10000&s=merchant-items&sr=1-120&xpid=fFiMQgBxAhMWv#customerReviews,青い薔薇―キプリングとインド
4775401815,,,,
4773244798,Sheet music,99.92,https://www.amazon.sg/Guitar-songbook-%E5%90%89%E7%94%B0%E6%8B%93%E9%83%8E%E3%83%99%E3%82%B9%E3%83%88%E6%9B%B2%E9%9B%86-%E6%A5%BD%E8%AD%9C-%E7%B7%A8%E9%9B%86%E9%83%A8/dp/4773244798/ref=sr_1_121?dib=eyJ2IjoiMSJ9.0KLFefFHMjocUDg7qYavxvaS1wnh3Sys0sAfd40D50HxH41Bto1rN1iUgiwEyOI1ftiQFDzQVr3Jtp7xijPlt5D4E1HvW7f5IOGyuM-2VVsnTklgwiauIkvbDAYbFms2BI-kQmnRcBx6DmfxQjGQDy34KGWd2tT0gVeKT1hffQE.tjR7jilUqc-X5xmUJRZ8ags-nnBRg8pUk825j0BrVi0&dib_tag=se&m=A31NFQQ4065CWX&marketplaceID=A19VAU5U5O7RUS&qid=1773376931&refinements=p_36%3A9500-10000&s=merchant-items&sr=1-121&xpid=fFiMQgBxAhMWv#customerReviews,Guitar songbook 吉田拓郎ベスト曲集 (楽譜)
4773244798,,,,
4769204051,Tankobon Hardcover,96.8,https://www.amazon.sg/%E3%83%91%E3%82%BD%E3%82%B3%E3%83%B3%E6%83%85%E5%A0%B1%E5%AD%A6%E5%85%A5%E9%96%80_%E3%82%84%E3%81%95%E3%81%97%E3%81%84Excel%E3%83%BBVB%E6%B4%BB%E7%94%A8%E6%B3%95-%E4%B8%8A%E6%9D%A1-%E8%B3%A2%E4%B8%80/dp/4769204051/ref=sr_1_122?dib=eyJ2IjoiMSJ9.0KLFefFHMjocUDg7qYavxvaS1wnh3Sys0sAfd40D50HxH41Bto1rN1iUgiwEyOI1ftiQFDzQVr3Jtp7xijPlt5D4E1HvW7f5IOGyuM-2VVsnTklgwiauIkvbDAYbFms2BI-kQmnRcBx6DmfxQjGQDy34KGWd2tT0gVeKT1hffQE.tjR7jilUqc-X5xmUJRZ8ags-nnBRg8pUk825j0BrVi0&dib_tag=se&m=A31NFQQ4065CWX&marketplaceID=A19VAU5U5O7RUS&qid=1773376931&refinements=p_36%3A9500-10000&s=merchant-items&sr=1-122&xpid=fFiMQgBxAhMWv,パソコン情報学入門―やさしいExcel・VB活用法
4769204051,,,,
4758068542,Comic,99.2,https://www.amazon.sg/%E5%85%AB%E5%8D%81%E4%BA%80%E3%81%A1%E3%82%83%E3%82%93%E3%81%8B%E3%82%93%E3%81%95%E3%81%A4%E3%81%AB%E3%81%A3%E3%81%8D-8-%E7%89%B9%E8%A3%85%E7%89%88-%E3%80%90Blu-ray%E4%BB%98%E3%81%8D%E3%80%91-REX%E3%82%B3%E3%83%9F%E3%83%83%E3%82%AF%E3%82%B9/dp/4758068542/ref=sr_1_123?dib=eyJ2IjoiMSJ9.0KLFefFHMjocUDg7qYavxvaS1wnh3Sys0sAfd40D50HxH41Bto1rN1iUgiwEyOI1ftiQFDzQVr3Jtp7xijPlt5D4E1HvW7f5IOGyuM-2VVsnTklgwiauIkvbDAYbFms2BI-kQmnRcBx6DmfxQjGQDy34KGWd2tT0gVeKT1hffQE.tjR7jilUqc-X5xmUJRZ8ags-nnBRg8pUk825j0BrVi0&dib_tag=se&m=A31NFQQ4065CWX&marketplaceID=A19VAU5U5O7RUS&qid=1773376931&refinements=p_36%3A9500-10000&s=merchant-items&sr=1-123&xpid=fFiMQgBxAhMWv#customerReviews,八十亀ちゃんかんさつにっき (8) 特装版 【Blu-ray付き】 (REXコミックス)
4758068542,,,,
4758016917,Tankobon Softcover,97.28,https://www.amazon.sg/GRANBLUE-FANTASY-%E3%82%B0%E3%83%A9%E3%83%B3%E3%83%96%E3%83%AB%E3%83%BC%E3%83%95%E3%82%A1%E3%83%B3%E3%82%BF%E3%82%B8%E3%83%BC-GRAPHIC-ARCHIVE/dp/4758016917/ref=sr_1_129?dib=eyJ2IjoiMSJ9.fBCkpdT_-GZXon3PHkJw4H1f1GzU57YuKskDWHMB4XKZV2HX4xFEw2J6Az1Yf6JjOZlt3YjwZ0xlrAKqZCalaw.jzsJ8kZOv-LL4hxNjrvNNMdQredebzhoGHyuvs6s_dk&dib_tag=se&m=A31NFQQ4065CWX&marketplaceID=A19VAU5U5O7RUS&qid=1773376937&refinements=p_36%3A9500-10000&s=merchant-items&sr=1-129&xpid=fFiMQgBxAhMWv#customerReviews,GRANBLUE FANTASY グランブルーファンタジー GRAPHIC ARCHIVE VI: 6
4758016917,,,,
475772120X,Tankobon Hardcover,95.24,https://www.amazon.sg/%E6%A9%9F%E5%8B%95%E6%88%A6%E5%A3%AB%E3%82%AC%E3%83%B3%E3%83%80%E3%83%A0SEED-%E7%B5%82%E3%82%8F%E3%82%89%E3%81%AA%E3%81%84%E6%98%8E%E6%97%A5%E3%81%B8-%E3%82%B3%E3%83%B3%E3%83%97%E3%83%AA%E3%83%BC%E3%83%88%E3%82%AC%E3%82%A4%E3%83%89/dp/475772120X/ref=sr_1_130?dib=eyJ2IjoiMSJ9.fBCkpdT_-GZXon3PHkJw4H1f1GzU57YuKskDWHMB4XKZV2HX4xFEw2J6Az1Yf6JjOZlt3YjwZ0xlrAKqZCalaw.jzsJ8kZOv-LL4hxNjrvNNMdQredebzhoGHyuvs6s_dk&dib_tag=se&m=A31NFQQ4065CWX&marketplaceID=A19VAU5U5O7RUS&qid=1773376937&refinements=p_36%3A9500-10000&s=merchant-items&sr=1-130&xpid=fFiMQgBxAhMWv#customerReviews,機動戦士ガンダムSEED 終わらない明日へ コンプリートガイド
475772120X,,,,
4636946812,Sheet music,96.17,https://www.amazon.sg/%E3%83%94%E3%82%A2%E3%83%8E%E3%82%BD%E3%83%AD-%E4%B8%8A%E7%B4%9A-%E6%A5%B5%E4%B8%8A%E3%81%AE%E3%83%94%E3%82%A2%E3%83%8E%E3%83%97%E3%83%AC%E3%82%BC%E3%83%B3%E3%83%84-%E4%B8%8A%E7%B4%9A%E3%83%94%E3%82%A2%E3%83%8B%E3%82%B9%E3%83%88%E3%81%B8%E8%B4%88%E3%82%8B%E4%BA%BA%E6%B0%97%E5%AE%9A%E7%95%AA%E6%9B%B240-%E3%80%90%E6%B1%BA%E5%AE%9A%E7%89%88%E3%80%91/dp/4636946812/ref=sr_1_131?dib=eyJ2IjoiMSJ9.fBCkpdT_-GZXon3PHkJw4H1f1GzU57YuKskDWHMB4XKZV2HX4xFEw2J6Az1Yf6JjOZlt3YjwZ0xlrAKqZCalaw.jzsJ8kZOv-LL4hxNjrvNNMdQredebzhoGHyuvs6s_dk&dib_tag=se&m=A31NFQQ4065CWX&marketplaceID=A19VAU5U5O7RUS&qid=1773376937&refinements=p_36%3A9500-10000&s=merchant-items&sr=1-131&xpid=fFiMQgBxAhMWv#customerReviews,ピアノソロ 上級 極上のピアノプレゼンツ 上級ピアニストへ贈る人気定番曲40 【決定版】
4636946812,,,,
4623087301,Tankobon Hardcover,99.69,https://www.amazon.sg/%E4%B8%96%E7%95%8C%E7%B5%8C%E6%B8%88%E8%AB%96-%E5%B2%90%E8%B7%AF%E3%81%AB%E7%AB%8B%E3%81%A4%E3%82%B0%E3%83%AD%E3%83%BC%E3%83%90%E3%83%AA%E3%82%BC%E3%83%BC%E3%82%B7%E3%83%A7%E3%83%B3/dp/4623087301/ref=sr_1_132?dib=eyJ2IjoiMSJ9.fBCkpdT_-GZXon3PHkJw4H1f1GzU57YuKskDWHMB4XKZV2HX4xFEw2J6Az1Yf6JjOZlt3YjwZ0xlrAKqZCalaw.jzsJ8kZOv-LL4hxNjrvNNMdQredebzhoGHyuvs6s_dk&dib_tag=se&m=A31NFQQ4065CWX&marketplaceID=A19VAU5U5O7RUS&qid=1773376937&refinements=p_36%3A9500-10000&s=merchant-items&sr=1-132&xpid=fFiMQgBxAhMWv#customerReviews,世界経済論:岐路に立つグローバリゼーション
4623087301,,,,
4588316176,Tankobon Hardcover,95.27,https://www.amazon.sg/%E5%B0%8F%E5%80%89%E9%87%91%E4%B9%8B%E5%8A%A9_%E7%94%9F%E6%B6%AF%E3%81%A8%E3%81%9D%E3%81%AE%E6%99%82%E4%BB%A3/dp/4588316176/ref=sr_1_133?dib=eyJ2IjoiMSJ9.fBCkpdT_-GZXon3PHkJw4H1f1GzU57YuKskDWHMB4XKZV2HX4xFEw2J6Az1Yf6JjOZlt3YjwZ0xlrAKqZCalaw.jzsJ8kZOv-LL4hxNjrvNNMdQredebzhoGHyuvs6s_dk&dib_tag=se&m=A31NFQQ4065CWX&marketplaceID=A19VAU5U5O7RUS&qid=1773376937&refinements=p_36%3A9500-10000&s=merchant-items&sr=1-133&xpid=fFiMQgBxAhMWv,小倉金之助―生涯とその時代
4588316176,,,,
4585011838,Tankobon Hardcover,95.7,https://www.amazon.sg/%E3%80%8C%E6%88%A6%E8%89%A6%E5%A4%A7%E5%92%8C%E3%80%8D%E6%97%A5%E8%A8%98-3-%E6%97%A9%E5%9D%82%E6%9A%81%E3%82%B3%E3%83%AC%E3%82%AF%E3%82%B7%E3%83%A7%E3%83%B33-%E6%97%A9%E5%9D%82%E6%9A%81/dp/4585011838/ref=sr_1_129?dib=eyJ2IjoiMSJ9.6sGuROWte36LB3GIdLWej2VGoTrUTWpgWD98pSVdsQdFrAtu-iA9_D78-GRY_L8KNugDbYqOTfBB54ZSYYNoiMjyf4at_709ATuDxOxkEoxJwa6XVFg0UPIRwknHv_usm3CSztYL5M6uP3xbZrf-aNoDr5dIMzGu1ptNT70I01o.R3l2gDlji1n0RA_UQ_X4zY_RX0GrLhYeoCylsvg6c2k&dib_tag=se&m=A31NFQQ4065CWX&marketplaceID=A19VAU5U5O7RUS&qid=1773376937&refinements=p_36%3A9500-10000&s=merchant-items&sr=1-129&xpid=fFiMQgBxAhMWv#customerReviews,「戦艦大和」日記 3 (早坂暁コレクション3)
4585011838,,,,
4525285427,Tankobon Hardcover,95.39,https://www.amazon.sg/%E3%83%8B%E3%83%A5%E3%83%BC%E3%83%99%E3%83%83%E3%83%89%E3%82%B5%E3%82%A4%E3%83%89%E3%83%A1%E3%83%A2%E5%B0%8F%E5%85%90%E7%A7%91/dp/4525285427/ref=sr_1_130?dib=eyJ2IjoiMSJ9.6sGuROWte36LB3GIdLWej2VGoTrUTWpgWD98pSVdsQdFrAtu-iA9_D78-GRY_L8KNugDbYqOTfBB54ZSYYNoiMjyf4at_709ATuDxOxkEoxJwa6XVFg0UPIRwknHv_usm3CSztYL5M6uP3xbZrf-aNoDr5dIMzGu1ptNT70I01o.R3l2gDlji1n0RA_UQ_X4zY_RX0GrLhYeoCylsvg6c2k&dib_tag=se&m=A31NFQQ4065CWX&marketplaceID=A19VAU5U5O7RUS&qid=1773376937&refinements=p_36%3A9500-10000&s=merchant-items&sr=1-130&xpid=fFiMQgBxAhMWv,ニューベッドサイドメモ小児科
4525285427,,,,
4473009165,Tankobon Hardcover,99.83,https://www.amazon.sg/%E6%AD%A3%E5%8D%88%E3%81%AE%E8%8C%B6%E4%BA%8B-%E9%A2%A8%E7%82%89%E7%B7%A8-%E8%8C%B6%E3%81%AE%E6%B9%AF%E5%AE%9F%E8%B7%B5%E8%AC%9B%E5%BA%A7-1/dp/4473009165/ref=sr_1_131?dib=eyJ2IjoiMSJ9.6sGuROWte36LB3GIdLWej2VGoTrUTWpgWD98pSVdsQdFrAtu-iA9_D78-GRY_L8KNugDbYqOTfBB54ZSYYNoiMjyf4at_709ATuDxOxkEoxJwa6XVFg0UPIRwknHv_usm3CSztYL5M6uP3xbZrf-aNoDr5dIMzGu1ptNT70I01o.R3l2gDlji1n0RA_UQ_X4zY_RX0GrLhYeoCylsvg6c2k&dib_tag=se&m=A31NFQQ4065CWX&marketplaceID=A19VAU5U5O7RUS&qid=1773376937&refinements=p_36%3A9500-10000&s=merchant-items&sr=1-131&xpid=fFiMQgBxAhMWv#customerReviews,正午の茶事 (風炉編) (茶の湯実践講座): 1
4473009165,,,,
4418142169,Tankobon Hardcover,95.47,https://www.amazon.sg/%E3%81%BE%E3%82%93%E3%81%8C%E6%97%A5%E6%9C%AC%E5%8F%B21000%E4%BA%BA-%E5%8F%A4%E4%BB%A3%E5%9B%BD%E5%AE%B6%E3%81%AE%E8%AA%95%E7%94%9F%E3%81%8B%E3%82%89%E5%A4%AA%E5%B9%B3%E6%B4%8B%E6%88%A6%E4%BA%89%E3%81%AE%E7%B5%82%E7%B5%90%E3%81%BE%E3%81%A7/dp/4418142169/ref=sr_1_132?dib=eyJ2IjoiMSJ9.6sGuROWte36LB3GIdLWej2VGoTrUTWpgWD98pSVdsQdFrAtu-iA9_D78-GRY_L8KNugDbYqOTfBB54ZSYYNoiMjyf4at_709ATuDxOxkEoxJwa6XVFg0UPIRwknHv_usm3CSztYL5M6uP3xbZrf-aNoDr5dIMzGu1ptNT70I01o.R3l2gDlji1n0RA_UQ_X4zY_RX0GrLhYeoCylsvg6c2k&dib_tag=se&m=A31NFQQ4065CWX&marketplaceID=A19VAU5U5O7RUS&qid=1773376937&refinements=p_36%3A9500-10000&s=merchant-items&sr=1-132&xpid=fFiMQgBxAhMWv#customerReviews,まんが日本史1000人 古代国家の誕生から太平洋戦争の終結まで
4418142169,,,,
4416314329,Paperback,96.76,https://www.amazon.sg/%E3%82%AC%E3%83%BC%E3%83%AA%E3%83%BC%E3%83%94%E3%83%B3%E3%82%AF%E3%81%AA%E3%81%8B%E3%81%8E%E9%87%9D%E7%B7%A8%E3%81%BF-101%E3%83%A2%E3%83%81%E3%83%BC%E3%83%95-460%E9%85%8D%E8%89%B2-%E3%83%94%E3%83%B3%E3%82%AF%E8%89%B2%E3%81%A8%E3%81%BB%E3%81%8B%E3%81%AE%E8%89%B2%E3%81%AE%E7%B3%B8%E3%81%AE%E7%B5%84%E3%81%BF%E5%90%88%E3%82%8F%E3%81%9B%E3%81%8C%E4%B8%80%E7%9B%AE%E3%81%A7%E3%82%8F%E3%81%8B%E3%82%8B/dp/4416314329/ref=sr_1_133?dib=eyJ2IjoiMSJ9.6sGuROWte36LB3GIdLWej2VGoTrUTWpgWD98pSVdsQdFrAtu-iA9_D78-GRY_L8KNugDbYqOTfBB54ZSYYNoiMjyf4at_709ATuDxOxkEoxJwa6XVFg0UPIRwknHv_usm3CSztYL5M6uP3xbZrf-aNoDr5dIMzGu1ptNT70I01o.R3l2gDlji1n0RA_UQ_X4zY_RX0GrLhYeoCylsvg6c2k&dib_tag=se&m=A31NFQQ4065CWX&marketplaceID=A19VAU5U5O7RUS&qid=1773376937&refinements=p_36%3A9500-10000&s=merchant-items&sr=1-133&xpid=fFiMQgBxAhMWv#customerReviews,ガーリーピンクなかぎ針編み 101モチーフ+460配色: ピンク色とほかの色の糸の組み合わせが一目でわかる
4416314329,,,,
4411005336,Tankobon Hardcover,99.88,https://www.amazon.sg/%E5%AE%8C%E5%85%A8%E4%BA%88%E6%83%B3-%E4%BB%8F%E6%A4%9C%E6%BA%962%E7%B4%9A-%E7%AD%86%E8%A8%98%E5%95%8F%E9%A1%8C%E7%B7%A8-%E5%AF%8C%E7%94%B0-%E6%AD%A3%E4%BA%8C/dp/4411005336/ref=sr_1_134?dib=eyJ2IjoiMSJ9.6sGuROWte36LB3GIdLWej2VGoTrUTWpgWD98pSVdsQdFrAtu-iA9_D78-GRY_L8KNugDbYqOTfBB54ZSYYNoiMjyf4at_709ATuDxOxkEoxJwa6XVFg0UPIRwknHv_usm3CSztYL5M6uP3xbZrf-aNoDr5dIMzGu1ptNT70I01o.R3l2gDlji1n0RA_UQ_X4zY_RX0GrLhYeoCylsvg6c2k&dib_tag=se&m=A31NFQQ4065CWX&marketplaceID=A19VAU5U5O7RUS&qid=1773376937&refinements=p_36%3A9500-10000&s=merchant-items&sr=1-134&xpid=fFiMQgBxAhMWv#customerReviews,完全予想 仏検準2級 筆記問題編
4411005336,,,,
4401366549,Sheet music,99.56,https://www.amazon.sg/%E3%83%90%E3%83%B3%E3%83%89%E3%83%BB%E3%82%B9%E3%82%B3%E3%82%A2-%E3%82%B6%E3%83%BB%E3%83%93%E3%83%BC%E3%83%88%E3%83%AB%E3%82%BA%E3%80%8C%E3%83%AC%E3%83%83%E3%83%88%E3%83%BB%E3%82%A4%E3%83%83%E3%83%88%E3%83%BB%E3%83%93%E3%83%BC%E3%83%BB%E3%83%8D%E3%82%A4%E3%82%AD%E3%83%83%E3%83%89%E3%80%8D-%E3%83%AF%E3%82%A4%E3%83%89%E7%89%88/dp/4401366549/ref=sr_1_135?dib=eyJ2IjoiMSJ9.6sGuROWte36LB3GIdLWej2VGoTrUTWpgWD98pSVdsQdFrAtu-iA9_D78-GRY_L8KNugDbYqOTfBB54ZSYYNoiMjyf4at_709ATuDxOxkEoxJwa6XVFg0UPIRwknHv_usm3CSztYL5M6uP3xbZrf-aNoDr5dIMzGu1ptNT70I01o.R3l2gDlji1n0RA_UQ_X4zY_RX0GrLhYeoCylsvg6c2k&dib_tag=se&m=A31NFQQ4065CWX&marketplaceID=A19VAU5U5O7RUS&qid=1773376937&refinements=p_36%3A9500-10000&s=merchant-items&sr=1-135&xpid=fFiMQgBxAhMWv#customerReviews,バンド・スコア ザ・ビートルズ「レット・イット・ビー・ネイキッド」[ワイド版]
4401366549,,,,
4401041992,Sheet music,97.26,https://www.amazon.sg/%E9%9F%B3%E5%90%8D%E3%82%AB%E3%83%8A%E3%81%A4%E3%81%8D%E3%82%84%E3%81%95%E3%81%97%E3%81%84%E3%83%94%E3%82%A2%E3%83%8E%E3%83%BB%E3%82%BD%E3%83%AD-%E3%82%B7%E3%83%86%E3%82%A3%E3%83%BB%E3%83%9D%E3%83%83%E3%83%97%E3%83%BB%E3%82%BB%E3%83%AC%E3%82%AF%E3%82%B7%E3%83%A7%E3%83%B3/dp/4401041992/ref=sr_1_136?dib=eyJ2IjoiMSJ9.6sGuROWte36LB3GIdLWej2VGoTrUTWpgWD98pSVdsQdFrAtu-iA9_D78-GRY_L8KNugDbYqOTfBB54ZSYYNoiMjyf4at_709ATuDxOxkEoxJwa6XVFg0UPIRwknHv_usm3CSztYL5M6uP3xbZrf-aNoDr5dIMzGu1ptNT70I01o.R3l2gDlji1n0RA_UQ_X4zY_RX0GrLhYeoCylsvg6c2k&dib_tag=se&m=A31NFQQ4065CWX&marketplaceID=A19VAU5U5O7RUS&qid=1773376937&refinements=p_36%3A9500-10000&s=merchant-items&sr=1-136&xpid=fFiMQgBxAhMWv,音名カナつきやさしいピアノ・ソロ　シティ・ポップ・セレクション
4401041992,,,,
4388062049,Tankobon Hardcover,99.88,https://www.amazon.sg/%E3%83%8A%E3%83%9D%E3%83%AA%E9%87%8E%E8%8F%9C%E6%96%99%E7%90%86-%EF%BC%8D%E5%8D%97%E3%82%A4%E3%82%BF%E3%83%AA%E3%82%A2%E3%80%81%E7%BE%8E%E5%91%B3%E3%81%AE%E7%9F%A5%E6%81%B5%EF%BC%8D/dp/4388062049/ref=sr_1_137?dib=eyJ2IjoiMSJ9.6sGuROWte36LB3GIdLWej2VGoTrUTWpgWD98pSVdsQdFrAtu-iA9_D78-GRY_L8KNugDbYqOTfBB54ZSYYNoiMjyf4at_709ATuDxOxkEoxJwa6XVFg0UPIRwknHv_usm3CSztYL5M6uP3xbZrf-aNoDr5dIMzGu1ptNT70I01o.R3l2gDlji1n0RA_UQ_X4zY_RX0GrLhYeoCylsvg6c2k&dib_tag=se&m=A31NFQQ4065CWX&marketplaceID=A19VAU5U5O7RUS&qid=1773376937&refinements=p_36%3A9500-10000&s=merchant-items&sr=1-137&xpid=fFiMQgBxAhMWv#customerReviews,ナポリ野菜料理　－南イタリア、美味の知恵－
4388062049,,,,
4384059515,Tankobon Softcover,97.98,https://www.amazon.sg/%E6%96%B0%E3%82%8F%E3%81%8B%E3%82%8A%E3%82%84%E3%81%99%E3%81%84%E5%9B%BD%E9%80%A3%E3%81%AE%E6%B4%BB%E5%8B%95%E3%81%A8%E4%B8%96%E7%95%8C-%E5%85%AC%E7%9B%8A%E8%B2%A1%E5%9B%A3%E6%B3%95%E4%BA%BA%E6%97%A5%E6%9C%AC%E5%9B%BD%E9%9A%9B%E9%80%A3%E5%90%88%E5%8D%94%E4%BC%9A/dp/4384059515/ref=sr_1_138?dib=eyJ2IjoiMSJ9.6sGuROWte36LB3GIdLWej2VGoTrUTWpgWD98pSVdsQdFrAtu-iA9_D78-GRY_L8KNugDbYqOTfBB54ZSYYNoiMjyf4at_709ATuDxOxkEoxJwa6XVFg0UPIRwknHv_usm3CSztYL5M6uP3xbZrf-aNoDr5dIMzGu1ptNT70I01o.R3l2gDlji1n0RA_UQ_X4zY_RX0GrLhYeoCylsvg6c2k&dib_tag=se&m=A31NFQQ4065CWX&marketplaceID=A19VAU5U5O7RUS&qid=1773376937&refinements=p_36%3A9500-10000&s=merchant-items&sr=1-138&xpid=fFiMQgBxAhMWv#customerReviews,新わかりやすい国連の活動と世界
4384059515,,,,
4309629105,Tankobon Hardcover,95.37,https://www.amazon.sg/%E5%AE%8C%E5%85%A8%E7%89%88-%E3%83%94%E3%83%BC%E3%83%8A%E3%83%83%E3%83%84%E5%85%A8%E9%9B%86-10-%E3%82%B9%E3%83%8C%E3%83%BC%E3%83%94%E3%83%BC1969-1970-%E3%83%81%E3%83%A3%E3%83%BC%E3%83%AB%E3%82%BA%E3%83%BBM%E3%83%BB%E3%82%B7%E3%83%A5%E3%83%AB%E3%83%84/dp/4309629105/ref=sr_1_139?dib=eyJ2IjoiMSJ9.6sGuROWte36LB3GIdLWej2VGoTrUTWpgWD98pSVdsQdFrAtu-iA9_D78-GRY_L8KNugDbYqOTfBB54ZSYYNoiMjyf4at_709ATuDxOxkEoxJwa6XVFg0UPIRwknHv_usm3CSztYL5M6uP3xbZrf-aNoDr5dIMzGu1ptNT70I01o.R3l2gDlji1n0RA_UQ_X4zY_RX0GrLhYeoCylsvg6c2k&dib_tag=se&m=A31NFQQ4065CWX&marketplaceID=A19VAU5U5O7RUS&qid=1773376937&refinements=p_36%3A9500-10000&s=merchant-items&sr=1-139&xpid=fFiMQgBxAhMWv#customerReviews,完全版 ピーナッツ全集 10: スヌーピー1969~1970
4309629105,,,,
4197203268,JP Oversized,97.26,https://www.amazon.sg/%E3%80%8E%E6%9C%88%E5%88%8A%E3%82%A2%E3%83%8B%E3%83%A1%E3%83%BC%E3%82%B8%E3%83%A5%E3%80%8F%E3%81%AE%E7%89%B9%E9%9B%86%E8%A8%98%E4%BA%8B%E3%81%A7%E8%A6%8B%E3%82%8B%E3%82%B9%E3%82%BF%E3%82%B8%E3%82%AA%E3%82%B8%E3%83%96%E3%83%AA%E3%81%AE%E8%BB%8C%E8%B7%A1_1984-2011-%E3%83%AD%E3%83%9E%E3%83%B3%E3%82%A2%E3%83%AB%E3%83%90%E3%83%A0/dp/4197203268/ref=sr_1_145?dib=eyJ2IjoiMSJ9.AAJfxTi3h4War_ZSHfI44qfXezTslgshOyUlpPLGvsoV3tC_eWIrTuQCtNhCOhZto-cmdf_BTRasNRcaKcUwWQ.T2XjKBEoFbfJoT-YR0RbZWSegSX4zVxYSjkTpWIgnIA&dib_tag=se&m=A31NFQQ4065CWX&marketplaceID=A19VAU5U5O7RUS&qid=1773376942&refinements=p_36%3A9500-10000&s=merchant-items&sr=1-145&xpid=fFiMQgBxAhMWv#customerReviews,『月刊アニメージュ』の特集記事で見るスタジオジブリの軌跡―1984-2011 (ロマンアルバム)
4197203268,,,,
4140553111,Sheet music,97.67,https://www.amazon.sg/%E5%90%88%E5%94%B1%E6%8C%87%E5%B0%8E%E3%83%86%E3%82%AF%E3%83%8B%E3%83%83%E3%82%AF-%E5%9F%BA%E7%A4%8E%E3%81%8B%E3%82%89%E5%AE%9F%E8%B7%B5%E3%81%BE%E3%81%A7-%E6%B8%85%E6%B0%B4-%E6%95%AC%E4%B8%80/dp/4140553111/ref=sr_1_146?dib=eyJ2IjoiMSJ9.AAJfxTi3h4War_ZSHfI44qfXezTslgshOyUlpPLGvsoV3tC_eWIrTuQCtNhCOhZto-cmdf_BTRasNRcaKcUwWQ.T2XjKBEoFbfJoT-YR0RbZWSegSX4zVxYSjkTpWIgnIA&dib_tag=se&m=A31NFQQ4065CWX&marketplaceID=A19VAU5U5O7RUS&qid=1773376942&refinements=p_36%3A9500-10000&s=merchant-items&sr=1-146&xpid=fFiMQgBxAhMWv#customerReviews,合唱指導テクニック 基礎から実践まで
4140553111,,,,
4093886113,Tankobon Hardcover,99.09,https://www.amazon.sg/Sphero%E5%AE%8C%E5%85%A8%E3%82%AC%E3%82%A4%E3%83%89-%E4%BA%BA%E6%B0%97No-1%E3%83%97%E3%83%AD%E3%82%B0%E3%83%A9%E3%83%9F%E3%83%B3%E3%82%B0%E3%83%BB%E3%83%AD%E3%83%9C%E3%83%83%E3%83%88-%E3%82%B9%E3%83%95%E3%82%A3%E3%83%AD-Edu%E7%A0%94%E7%A9%B6%E4%BC%9A/dp/4093886113/ref=sr_1_147?dib=eyJ2IjoiMSJ9.AAJfxTi3h4War_ZSHfI44qfXezTslgshOyUlpPLGvsoV3tC_eWIrTuQCtNhCOhZto-cmdf_BTRasNRcaKcUwWQ.T2XjKBEoFbfJoT-YR0RbZWSegSX4zVxYSjkTpWIgnIA&dib_tag=se&m=A31NFQQ4065CWX&marketplaceID=A19VAU5U5O7RUS&qid=1773376942&refinements=p_36%3A9500-10000&s=merchant-items&sr=1-147&xpid=fFiMQgBxAhMWv#customerReviews,Sphero完全ガイド: 人気No.1プログラミング・ロボット
4093886113,,,,
4093864632,Tankobon Hardcover,96.76,https://www.amazon.sg/%E6%9C%AC%E3%82%92%E5%AE%88%E3%82%8D%E3%81%86%E3%81%A8%E3%81%99%E3%82%8B%E7%8C%AB%E3%81%AE%E8%A9%B1-%E5%A4%8F%E5%B7%9D-%E8%8D%89%E4%BB%8B/dp/4093864632/ref=sr_1_148?dib=eyJ2IjoiMSJ9.AAJfxTi3h4War_ZSHfI44qfXezTslgshOyUlpPLGvsoV3tC_eWIrTuQCtNhCOhZto-cmdf_BTRasNRcaKcUwWQ.T2XjKBEoFbfJoT-YR0RbZWSegSX4zVxYSjkTpWIgnIA&dib_tag=se&m=A31NFQQ4065CWX&marketplaceID=A19VAU5U5O7RUS&qid=1773376942&refinements=p_36%3A9500-10000&s=merchant-items&sr=1-148&xpid=fFiMQgBxAhMWv#customerReviews,本を守ろうとする猫の話
4093864632,,,,
4092172311,Tankobon Hardcover,95.57,https://www.amazon.sg/Comparison-Guide/dp/4092172311/ref=sr_1_149?dib=eyJ2IjoiMSJ9.AAJfxTi3h4War_ZSHfI44qfXezTslgshOyUlpPLGvsoV3tC_eWIrTuQCtNhCOhZto-cmdf_BTRasNRcaKcUwWQ.T2XjKBEoFbfJoT-YR0RbZWSegSX4zVxYSjkTpWIgnIA&dib_tag=se&m=A31NFQQ4065CWX&marketplaceID=A19VAU5U5O7RUS&qid=1773376942&refinements=p_36%3A9500-10000&s=merchant-items&sr=1-149&xpid=fFiMQgBxAhMWv#customerReviews,Comparison Guide
4092172311,,,,
4091434754,Comic,99.27,https://www.amazon.sg/%E8%97%A4%E5%AD%90%E3%83%BBF%E3%83%BB%E4%B8%8D%E4%BA%8C%E9%9B%84%E5%A4%A7%E5%85%A8%E9%9B%86-%E3%83%89%E3%83%A9%E3%81%88%E3%82%82%E3%82%93-%E7%AC%AC3%E6%9C%9F-16/dp/4091434754/ref=sr_1_145?dib=eyJ2IjoiMSJ9.ezLGVYBGm3Vn-WVWDYr4IUP1KViPdoZBnlyfKznF6GnG74iciutACjBOgJ-hQT3tjKfyCFVVzHBu5icvxeXGaxOF9U0P4ddYBoxWTGFk-e-PJjB86xyZWXRfNc-srgVrUUaJfwU1DWGEsLHcEWvdpf67MwbXmeAqoJhgW3LTvys.QiA553LyxsEA8zvM7i6CPrrTOONZaUittDJhnrvsOag&dib_tag=se&m=A31NFQQ4065CWX&marketplaceID=A19VAU5U5O7RUS&qid=1773376942&refinements=p_36%3A9500-10000&s=merchant-items&sr=1-145&xpid=fFiMQgBxAhMWv#customerReviews,藤子・F・不二雄大全集 ドラえもん: 藤子・F・不二雄大全集 第3期 (16)
4091434754,,,,
4091434495,Comic,96.06,https://www.amazon.sg/%E8%97%A4%E5%AD%90%E3%83%BB%EF%BC%A6%E3%83%BB%E4%B8%8D%E4%BA%8C%E9%9B%84%E5%A4%A7%E5%85%A8%E9%9B%86-%E5%A4%A7%E9%95%B7%E7%B7%A8%E3%83%89%E3%83%A9%E3%81%88%E3%82%82%E3%82%93-2-%E8%97%A4%E5%AD%90%E3%83%BBF%E3%83%BB-%E4%B8%8D%E4%BA%8C%E9%9B%84/dp/4091434495/ref=sr_1_146?dib=eyJ2IjoiMSJ9.ezLGVYBGm3Vn-WVWDYr4IUP1KViPdoZBnlyfKznF6GnG74iciutACjBOgJ-hQT3tjKfyCFVVzHBu5icvxeXGaxOF9U0P4ddYBoxWTGFk-e-PJjB86xyZWXRfNc-srgVrUUaJfwU1DWGEsLHcEWvdpf67MwbXmeAqoJhgW3LTvys.QiA553LyxsEA8zvM7i6CPrrTOONZaUittDJhnrvsOag&dib_tag=se&m=A31NFQQ4065CWX&marketplaceID=A19VAU5U5O7RUS&qid=1773376942&refinements=p_36%3A9500-10000&s=merchant-items&sr=1-146&xpid=fFiMQgBxAhMWv#customerReviews,藤子・Ｆ・不二雄大全集　大長編ドラえもん　2
4091434495,,,,
409143438X,Comic,98.73,https://www.amazon.sg/%E8%97%A4%E5%AD%90%E3%83%BBF%E3%83%BB%E4%B8%8D%E4%BA%8C%E9%9B%84%E5%A4%A7%E5%85%A8%E9%9B%86-%E5%A4%A7%E9%95%B7%E7%B7%A8%E3%83%89%E3%83%A9%E3%81%88%E3%82%82%E3%82%93-1-%E8%97%A4%E5%AD%90%E3%83%BBF%E3%83%BB-%E4%B8%8D%E4%BA%8C%E9%9B%84/dp/409143438X/ref=sr_1_147?dib=eyJ2IjoiMSJ9.ezLGVYBGm3Vn-WVWDYr4IUP1KViPdoZBnlyfKznF6GnG74iciutACjBOgJ-hQT3tjKfyCFVVzHBu5icvxeXGaxOF9U0P4ddYBoxWTGFk-e-PJjB86xyZWXRfNc-srgVrUUaJfwU1DWGEsLHcEWvdpf67MwbXmeAqoJhgW3LTvys.QiA553LyxsEA8zvM7i6CPrrTOONZaUittDJhnrvsOag&dib_tag=se&m=A31NFQQ4065CWX&marketplaceID=A19VAU5U5O7RUS&qid=1773376942&refinements=p_36%3A9500-10000&s=merchant-items&sr=1-147&xpid=fFiMQgBxAhMWv#customerReviews,藤子・F・不二雄大全集 大長編ドラえもん (1)
409143438X,,,,
4087824470,Comic,98.8,https://www.amazon.sg/Love-ru-Darkness-Book-Harem-Gold/dp/4087824470/ref=sr_1_148?dib=eyJ2IjoiMSJ9.ezLGVYBGm3Vn-WVWDYr4IUP1KViPdoZBnlyfKznF6GnG74iciutACjBOgJ-hQT3tjKfyCFVVzHBu5icvxeXGaxOF9U0P4ddYBoxWTGFk-e-PJjB86xyZWXRfNc-srgVrUUaJfwU1DWGEsLHcEWvdpf67MwbXmeAqoJhgW3LTvys.QiA553LyxsEA8zvM7i6CPrrTOONZaUittDJhnrvsOag&dib_tag=se&m=A31NFQQ4065CWX&marketplaceID=A19VAU5U5O7RUS&qid=1773376942&refinements=p_36%3A9500-10000&s=merchant-items&sr=1-148&xpid=fFiMQgBxAhMWv#customerReviews,To Love-ru Darkness Art Book Harem Gold
4087824470,,,,
408703920X,Paperback Shinsho,98.25,https://www.amazon.sg/%E5%B0%8F%E8%AA%AC%E7%89%88-%E9%BB%92%E5%AD%90%E3%81%AE%E3%83%90%E3%82%B9%E3%82%B1-Replace-6%E5%86%8A%E3%82%BB%E3%83%83%E3%83%88-JUMP-BOOKS/dp/408703920X/ref=sr_1_149?dib=eyJ2IjoiMSJ9.ezLGVYBGm3Vn-WVWDYr4IUP1KViPdoZBnlyfKznF6GnG74iciutACjBOgJ-hQT3tjKfyCFVVzHBu5icvxeXGaxOF9U0P4ddYBoxWTGFk-e-PJjB86xyZWXRfNc-srgVrUUaJfwU1DWGEsLHcEWvdpf67MwbXmeAqoJhgW3LTvys.QiA553LyxsEA8zvM7i6CPrrTOONZaUittDJhnrvsOag&dib_tag=se&m=A31NFQQ4065CWX&marketplaceID=A19VAU5U5O7RUS&qid=1773376942&refinements=p_36%3A9500-10000&s=merchant-items&sr=1-149&xpid=fFiMQgBxAhMWv#customerReviews,小説版 黒子のバスケ-Replace- 6冊セット (JUMP j BOOKS)
408703920X,,,,
4063588572,Paperback Shinsho,98.88,https://www.amazon.sg/%E3%82%AB%E3%83%BC%E3%83%89%E3%82%AD%E3%83%A3%E3%83%97%E3%82%BF%E3%83%BC%E3%81%95%E3%81%8F%E3%82%89-%E3%82%AF%E3%83%AA%E3%82%A2%E3%82%AB%E3%83%BC%E3%83%89%E7%B7%A8-%E3%82%B9%E3%83%9A%E3%82%B7%E3%83%A3%E3%83%AB%E3%82%B0%E3%83%83%E3%82%BABOX2-%E8%AC%9B%E8%AB%87%E7%A4%BE%E3%82%AD%E3%83%A3%E3%83%A9%E3%82%AF%E3%82%BF%E3%83%BC%E3%82%BAA-CLAMP/dp/4063588572/ref=sr_1_150?dib=eyJ2IjoiMSJ9.ezLGVYBGm3Vn-WVWDYr4IUP1KViPdoZBnlyfKznF6GnG74iciutACjBOgJ-hQT3tjKfyCFVVzHBu5icvxeXGaxOF9U0P4ddYBoxWTGFk-e-PJjB86xyZWXRfNc-srgVrUUaJfwU1DWGEsLHcEWvdpf67MwbXmeAqoJhgW3LTvys.QiA553LyxsEA8zvM7i6CPrrTOONZaUittDJhnrvsOag&dib_tag=se&m=A31NFQQ4065CWX&marketplaceID=A19VAU5U5O7RUS&qid=1773376942&refinements=p_36%3A9500-10000&s=merchant-items&sr=1-150&xpid=fFiMQgBxAhMWv#customerReviews,カードキャプターさくら~クリアカード編~スペシャルグッズBOX2 (講談社キャラクターズA)
4063588572,,,,
4062166984,Tankobon Hardcover,96.95,https://www.amazon.sg/%E6%B0%B4%E5%8E%9F%E5%B8%8C%E5%AD%90%E3%83%95%E3%82%A9%E3%83%88%E3%83%96%E3%83%83%E3%82%AF-KIKO-%E6%B0%B4%E5%8E%9F-%E5%B8%8C%E5%AD%90/dp/4062166984/ref=sr_1_151?dib=eyJ2IjoiMSJ9.ezLGVYBGm3Vn-WVWDYr4IUP1KViPdoZBnlyfKznF6GnG74iciutACjBOgJ-hQT3tjKfyCFVVzHBu5icvxeXGaxOF9U0P4ddYBoxWTGFk-e-PJjB86xyZWXRfNc-srgVrUUaJfwU1DWGEsLHcEWvdpf67MwbXmeAqoJhgW3LTvys.QiA553LyxsEA8zvM7i6CPrrTOONZaUittDJhnrvsOag&dib_tag=se&m=A31NFQQ4065CWX&marketplaceID=A19VAU5U5O7RUS&qid=1773376942&refinements=p_36%3A9500-10000&s=merchant-items&sr=1-151&xpid=fFiMQgBxAhMWv#customerReviews,水原希子フォトブック KIKO
4062166984,,,,
4010752718,Tankobon Hardcover,98.08,https://www.amazon.sg/%E3%83%9E%E3%82%A4%E3%82%B9%E3%82%BF%E3%83%87%E3%82%A3%E8%8B%B1%E5%92%8C%E3%83%BB%E5%92%8C%E8%8B%B1%E8%BE%9E%E5%85%B8-%E5%88%9D%E7%89%88-%E9%87%91%E8%B0%B7-%E6%86%B2/dp/4010752718/ref=sr_1_152?dib=eyJ2IjoiMSJ9.ezLGVYBGm3Vn-WVWDYr4IUP1KViPdoZBnlyfKznF6GnG74iciutACjBOgJ-hQT3tjKfyCFVVzHBu5icvxeXGaxOF9U0P4ddYBoxWTGFk-e-PJjB86xyZWXRfNc-srgVrUUaJfwU1DWGEsLHcEWvdpf67MwbXmeAqoJhgW3LTvys.QiA553LyxsEA8zvM7i6CPrrTOONZaUittDJhnrvsOag&dib_tag=se&m=A31NFQQ4065CWX&marketplaceID=A19VAU5U5O7RUS&qid=1773376942&refinements=p_36%3A9500-10000&s=merchant-items&sr=1-152&xpid=fFiMQgBxAhMWv#customerReviews,マイスタディ英和・和英辞典 初版
4010752718,,,,
B07999MR3S,,97.89,https://www.amazon.sg/Meinl-Mini-Cajon-Internal-Snares/dp/B07999MR3S/ref=sr_1_153?dib=eyJ2IjoiMSJ9.ezLGVYBGm3Vn-WVWDYr4IUP1KViPdoZBnlyfKznF6GnG74iciutACjBOgJ-hQT3tjKfyCFVVzHBu5icvxeXGaxOF9U0P4ddYBoxWTGFk-e-PJjB86xyZWXRfNc-srgVrUUaJfwU1DWGEsLHcEWvdpf67MwbXmeAqoJhgW3LTvys.QiA553LyxsEA8zvM7i6CPrrTOONZaUittDJhnrvsOag&dib_tag=se&m=A31NFQQ4065CWX&marketplaceID=A19VAU5U5O7RUS&qid=1773376942&refinements=p_36%3A9500-10000&s=merchant-items&sr=1-153&xpid=fFiMQgBxAhMWv#customerReviews,"Meinl Mini Cajon Box Drum with Internal Snares - MADE IN EUROPE - Baltic Birch Frontplate/Almond Birch Body, Miniature Size, 2-YEAR WARRANTY (MC1AB-B)"
B07999MR3S,,,,
B08F54YPQ3,,99.9,https://www.amazon.sg/Good-Smile-Arts-Shanghai-Arknights/dp/B08F54YPQ3/ref=sr_1_154?dib=eyJ2IjoiMSJ9.ezLGVYBGm3Vn-WVWDYr4IUP1KViPdoZBnlyfKznF6GnG74iciutACjBOgJ-hQT3tjKfyCFVVzHBu5icvxeXGaxOF9U0P4ddYBoxWTGFk-e-PJjB86xyZWXRfNc-srgVrUUaJfwU1DWGEsLHcEWvdpf67MwbXmeAqoJhgW3LTvys.QiA553LyxsEA8zvM7i6CPrrTOONZaUittDJhnrvsOag&dib_tag=se&m=A31NFQQ4065CWX&marketplaceID=A19VAU5U5O7RUS&qid=1773376942&refinements=p_36%3A9500-10000&s=merchant-items&sr=1-154&xpid=fFiMQgBxAhMWv#customerReviews,"Good Smile Arts Shanghai Arknights: Ch'en Nendoroid Action Figure, Multicolor"
B084C6V632,,109.72,https://www.amazon.sg/BANDAI-Sentai-Kiramager-Kirameijin-Weapons/dp/B084C6V632/ref=sr_1_155?dib=eyJ2IjoiMSJ9.ezLGVYBGm3Vn-WVWDYr4IUP1KViPdoZBnlyfKznF6GnG74iciutACjBOgJ-hQT3tjKfyCFVVzHBu5icvxeXGaxOF9U0P4ddYBoxWTGFk-e-PJjB86xyZWXRfNc-srgVrUUaJfwU1DWGEsLHcEWvdpf67MwbXmeAqoJhgW3LTvys.QiA553LyxsEA8zvM7i6CPrrTOONZaUittDJhnrvsOag&dib_tag=se&m=A31NFQQ4065CWX&marketplaceID=A19VAU5U5O7RUS&qid=1773376942&refinements=p_36%3A9500-10000&s=merchant-items&sr=1-155&xpid=fFiMQgBxAhMWv#customerReviews,BANDAI Magic Sentai Kiramager Mashin Gai DX Kirameijin Masin Weapons Set Action Figure Set
B00S5CU6I6,,96.8,https://www.amazon.sg/Creuset-Signature-Glass-Stainless-Steel/dp/B00S5CU6I6/ref=sr_1_161?dib=eyJ2IjoiMSJ9.qmqxUkvZi4KwzB10dl1G7k-3ddQIPOr9QHfdDpmJDp7NYi6eARXzuKRkqepcYbbjuLHTlKuOi6j43CmxS67pyA.svUtcGRKkRkJx_OjRyj_POSzGTbzHEM0yrgCFmkxCKA&dib_tag=se&m=A31NFQQ4065CWX&marketplaceID=A19VAU5U5O7RUS&qid=1773376948&refinements=p_36%3A9500-10000&s=merchant-items&sr=1-161&xpid=fFiMQgBxAhMWv#customerReviews,"Le Creuset Signature Glass Lid with Stainless Steel Knob, 11"""
B00S5CU6I6,,,,
B005XZINEW,,103.09,https://www.amazon.sg/Ergon-GS3-ERGON-LEICHTBAU-Large/dp/B005XZINEW/ref=sr_1_162?dib=eyJ2IjoiMSJ9.qmqxUkvZi4KwzB10dl1G7k-3ddQIPOr9QHfdDpmJDp7NYi6eARXzuKRkqepcYbbjuLHTlKuOi6j43CmxS67pyA.svUtcGRKkRkJx_OjRyj_POSzGTbzHEM0yrgCFmkxCKA&dib_tag=se&m=A31NFQQ4065CWX&marketplaceID=A19VAU5U5O7RUS&qid=1773376948&refinements=p_36%3A9500-10000&s=merchant-items&sr=1-162&xpid=fFiMQgBxAhMWv#customerReviews,Ergon GS3-S Grips: Small White
B005XZINEW,,,,
B08VSB9SXM,,98.57,https://www.amazon.sg/Bridgestone-Golf-Contact-Balls-White/dp/B08VSB9SXM/ref=sr_1_163?dib=eyJ2IjoiMSJ9.qmqxUkvZi4KwzB10dl1G7k-3ddQIPOr9QHfdDpmJDp7NYi6eARXzuKRkqepcYbbjuLHTlKuOi6j43CmxS67pyA.svUtcGRKkRkJx_OjRyj_POSzGTbzHEM0yrgCFmkxCKA&dib_tag=se&m=A31NFQQ4065CWX&marketplaceID=A19VAU5U5O7RUS&qid=1773376948&refinements=p_36%3A9500-10000&s=merchant-items&sr=1-163&xpid=fFiMQgBxAhMWv#customerReviews,Bridgestone Golf e12 Contact
B08VSB9SXM,,,,
B07QFZR8YV,,96.8,https://www.amazon.sg/SHIMANO-Unisex-Adults-PD-RS500-SPD-SL/dp/B07QFZR8YV/ref=sr_1_164?dib=eyJ2IjoiMSJ9.qmqxUkvZi4KwzB10dl1G7k-3ddQIPOr9QHfdDpmJDp7NYi6eARXzuKRkqepcYbbjuLHTlKuOi6j43CmxS67pyA.svUtcGRKkRkJx_OjRyj_POSzGTbzHEM0yrgCFmkxCKA&dib_tag=se&m=A31NFQQ4065CWX&marketplaceID=A19VAU5U5O7RUS&qid=1773376948&refinements=p_36%3A9500-10000&s=merchant-items&sr=1-164&xpid=fFiMQgBxAhMWv#customerReviews,Shimano PD-RS500 SPD-SL Road Pedal
B07QFZR8YV,,,,
B01NAZ13NR,,109.1,https://www.amazon.sg/Bandai-Kamen-Rider-Ex-Aid-Gashat/dp/B01NAZ13NR/ref=sr_1_165?dib=eyJ2IjoiMSJ9.qmqxUkvZi4KwzB10dl1G7k-3ddQIPOr9QHfdDpmJDp7NYi6eARXzuKRkqepcYbbjuLHTlKuOi6j43CmxS67pyA.svUtcGRKkRkJx_OjRyj_POSzGTbzHEM0yrgCFmkxCKA&dib_tag=se&m=A31NFQQ4065CWX&marketplaceID=A19VAU5U5O7RUS&qid=1773376948&refinements=p_36%3A9500-10000&s=merchant-items&sr=1-165&xpid=fFiMQgBxAhMWv#customerReviews,Bandai Kamen Rider Ex-Aid DX Gashat Gear Dual Beta
B08KGDBPR1,,95.53,https://www.amazon.sg/Too-Copic-Ciao-Start-Color/dp/B08KGDBPR1/ref=sr_1_161?dib=eyJ2IjoiMSJ9.JJYFGBolcCqzzBjJsmZgFe8QBc-hqtkMU3IRNFqT0pq6DGlWKQLXuvaGvY5pTO_wWyR3jiH1M9Z6BH_tAlQRXuI5IukFDIf2QO4orJUY-P0JUxxIFrBD-G6UWbq50UfEdZouNip0za28d2oUewCFGIJEOKMC8khxeDi0zSP-y4Q.EfuyFFsidOYlUuaNS7ISq8BtGJnzgbrUW60o2PRyLFc&dib_tag=se&m=A31NFQQ4065CWX&marketplaceID=A19VAU5U5O7RUS&qid=1773376948&refinements=p_36%3A9500-10000&s=merchant-items&sr=1-161&xpid=fFiMQgBxAhMWv#customerReviews,Too Copic Ciao Start 24 Color Set
B08KGDBPR1,,,,
B093H67RST,,121.15,https://www.amazon.sg/Tamiya-Mcdonnell-Douglas-Phantom-TAM61121/dp/B093H67RST/ref=sr_1_162?dib=eyJ2IjoiMSJ9.JJYFGBolcCqzzBjJsmZgFe8QBc-hqtkMU3IRNFqT0pq6DGlWKQLXuvaGvY5pTO_wWyR3jiH1M9Z6BH_tAlQRXuI5IukFDIf2QO4orJUY-P0JUxxIFrBD-G6UWbq50UfEdZouNip0za28d2oUewCFGIJEOKMC8khxeDi0zSP-y4Q.EfuyFFsidOYlUuaNS7ISq8BtGJnzgbrUW60o2PRyLFc&dib_tag=se&m=A31NFQQ4065CWX&marketplaceID=A19VAU5U5O7RUS&qid=1773376948&refinements=p_36%3A9500-10000&s=merchant-items&sr=1-162&xpid=fFiMQgBxAhMWv#customerReviews,"Tamiya 1/48 Mcdonnell Douglas F-4B Phantom II, TAM61121"
B0B5G5W1XN,,95.5,https://www.amazon.sg/Shadowverse-EVOLVE-Collaboration-Musume-Pretty/dp/B0B5G5W1XN/ref=sr_1_163?dib=eyJ2IjoiMSJ9.JJYFGBolcCqzzBjJsmZgFe8QBc-hqtkMU3IRNFqT0pq6DGlWKQLXuvaGvY5pTO_wWyR3jiH1M9Z6BH_tAlQRXuI5IukFDIf2QO4orJUY-P0JUxxIFrBD-G6UWbq50UfEdZouNip0za28d2oUewCFGIJEOKMC8khxeDi0zSP-y4Q.EfuyFFsidOYlUuaNS7ISq8BtGJnzgbrUW60o2PRyLFc&dib_tag=se&m=A31NFQQ4065CWX&marketplaceID=A19VAU5U5O7RUS&qid=1773376948&refinements=p_36%3A9500-10000&s=merchant-items&sr=1-163&xpid=fFiMQgBxAhMWv#customerReviews,"Shadowverse EVOLVE Collaboration Pack ""Uma Musume Pretty Derby"" Box"
B0B5G5W1XN,,,,
B09Y1TTY71,,99.29,https://www.amazon.sg/Profile-Servo-SC-1251MG-Digital-Metal/dp/B09Y1TTY71/ref=sr_1_164?dib=eyJ2IjoiMSJ9.JJYFGBolcCqzzBjJsmZgFe8QBc-hqtkMU3IRNFqT0pq6DGlWKQLXuvaGvY5pTO_wWyR3jiH1M9Z6BH_tAlQRXuI5IukFDIf2QO4orJUY-P0JUxxIFrBD-G6UWbq50UfEdZouNip0za28d2oUewCFGIJEOKMC8khxeDi0zSP-y4Q.EfuyFFsidOYlUuaNS7ISq8BtGJnzgbrUW60o2PRyLFc&dib_tag=se&m=A31NFQQ4065CWX&marketplaceID=A19VAU5U5O7RUS&qid=1773376948&refinements=p_36%3A9500-10000&s=merchant-items&sr=1-164&xpid=fFiMQgBxAhMWv,"Low Profile Servo SC-1251MG+ Digital, Metal Gear, 9 kg"
B09Y1TTY71,,,,
B076DQ547Q,,99.35,https://www.amazon.sg/KINTO-21232-Teapot-Strainer-Dishwasher/dp/B076DQ547Q/ref=sr_1_165?dib=eyJ2IjoiMSJ9.JJYFGBolcCqzzBjJsmZgFe8QBc-hqtkMU3IRNFqT0pq6DGlWKQLXuvaGvY5pTO_wWyR3jiH1M9Z6BH_tAlQRXuI5IukFDIf2QO4orJUY-P0JUxxIFrBD-G6UWbq50UfEdZouNip0za28d2oUewCFGIJEOKMC8khxeDi0zSP-y4Q.EfuyFFsidOYlUuaNS7ISq8BtGJnzgbrUW60o2PRyLFc&dib_tag=se&m=A31NFQQ4065CWX&marketplaceID=A19VAU5U5O7RUS&qid=1773376948&refinements=p_36%3A9500-10000&s=merchant-items&sr=1-165&xpid=fFiMQgBxAhMWv#customerReviews,"KINTO LT 21232 Teapot 21232 20.2 fl oz (600 ml), White with Strainer, Dishwasher Safe"
B076DQ547Q,,,,
B07JW7X1WF,,104.93,https://www.amazon.sg/JEJ-600X-Stocker-Capacity-Stackable/dp/B07JW7X1WF/ref=sr_1_166?dib=eyJ2IjoiMSJ9.JJYFGBolcCqzzBjJsmZgFe8QBc-hqtkMU3IRNFqT0pq6DGlWKQLXuvaGvY5pTO_wWyR3jiH1M9Z6BH_tAlQRXuI5IukFDIf2QO4orJUY-P0JUxxIFrBD-G6UWbq50UfEdZouNip0za28d2oUewCFGIJEOKMC8khxeDi0zSP-y4Q.EfuyFFsidOYlUuaNS7ISq8BtGJnzgbrUW60o2PRyLFc&dib_tag=se&m=A31NFQQ4065CWX&marketplaceID=A19VAU5U5O7RUS&qid=1773376948&refinements=p_36%3A9500-10000&s=merchant-items&sr=1-166&xpid=fFiMQgBxAhMWv#customerReviews,"JEJ Astage X Series 600X Active Stocker Storage Box, Made in Japan, Outdoor, Camping, Load Capacity 176.4 lbs (80 kg), Stackable, Width 23.6 x Depth 15.0 x Height 13.0 inches (60 x 38 x 33 cm)"
B07JW7X1WF,,,,
B0012SIML8,,96.03,https://www.amazon.sg/Zojirushi-SF-CC20XA-Sports-Stainless-68-Ounce/dp/B0012SIML8/ref=sr_1_167?dib=eyJ2IjoiMSJ9.JJYFGBolcCqzzBjJsmZgFe8QBc-hqtkMU3IRNFqT0pq6DGlWKQLXuvaGvY5pTO_wWyR3jiH1M9Z6BH_tAlQRXuI5IukFDIf2QO4orJUY-P0JUxxIFrBD-G6UWbq50UfEdZouNip0za28d2oUewCFGIJEOKMC8khxeDi0zSP-y4Q.EfuyFFsidOYlUuaNS7ISq8BtGJnzgbrUW60o2PRyLFc&dib_tag=se&m=A31NFQQ4065CWX&marketplaceID=A19VAU5U5O7RUS&qid=1773376948&refinements=p_36%3A9500-10000&s=merchant-items&sr=1-167&xpid=fFiMQgBxAhMWv#customerReviews,"Zojirushi SF-CC20XA Tuff Sports Stainless Steel Travel Mug, 68-Ounce"
B0012SIML8,,,,
B081C98QRM,,98.82,https://www.amazon.sg/Topeak-Unisexs-Midloader-Green-4-5L/dp/B081C98QRM/ref=sr_1_168?dib=eyJ2IjoiMSJ9.JJYFGBolcCqzzBjJsmZgFe8QBc-hqtkMU3IRNFqT0pq6DGlWKQLXuvaGvY5pTO_wWyR3jiH1M9Z6BH_tAlQRXuI5IukFDIf2QO4orJUY-P0JUxxIFrBD-G6UWbq50UfEdZouNip0za28d2oUewCFGIJEOKMC8khxeDi0zSP-y4Q.EfuyFFsidOYlUuaNS7ISq8BtGJnzgbrUW60o2PRyLFc&dib_tag=se&m=A31NFQQ4065CWX&marketplaceID=A19VAU5U5O7RUS&qid=1773376948&refinements=p_36%3A9500-10000&s=merchant-items&sr=1-168&xpid=fFiMQgBxAhMWv#customerReviews,TOPEAK Midloader Green Bag
B081C98QRM,,,,
B0B2P1NDPW,,103.68,https://www.amazon.sg/Musume-Pretty-Derby-Tokai-Chibi/dp/B0B2P1NDPW/ref=sr_1_169?dib=eyJ2IjoiMSJ9.JJYFGBolcCqzzBjJsmZgFe8QBc-hqtkMU3IRNFqT0pq6DGlWKQLXuvaGvY5pTO_wWyR3jiH1M9Z6BH_tAlQRXuI5IukFDIf2QO4orJUY-P0JUxxIFrBD-G6UWbq50UfEdZouNip0za28d2oUewCFGIJEOKMC8khxeDi0zSP-y4Q.EfuyFFsidOYlUuaNS7ISq8BtGJnzgbrUW60o2PRyLFc&dib_tag=se&m=A31NFQQ4065CWX&marketplaceID=A19VAU5U5O7RUS&qid=1773376948&refinements=p_36%3A9500-10000&s=merchant-items&sr=1-169&xpid=fFiMQgBxAhMWv#customerReviews,Uma Musume Pretty Derby Tokai Teo Chibi Plush Toy
B004LY259K,,97.98,https://www.amazon.sg/64-11-115-Electronics-Cutting/dp/B004LY259K/ref=sr_1_170?dib=eyJ2IjoiMSJ9.JJYFGBolcCqzzBjJsmZgFe8QBc-hqtkMU3IRNFqT0pq6DGlWKQLXuvaGvY5pTO_wWyR3jiH1M9Z6BH_tAlQRXuI5IukFDIf2QO4orJUY-P0JUxxIFrBD-G6UWbq50UfEdZouNip0za28d2oUewCFGIJEOKMC8khxeDi0zSP-y4Q.EfuyFFsidOYlUuaNS7ISq8BtGJnzgbrUW60o2PRyLFc&dib_tag=se&m=A31NFQQ4065CWX&marketplaceID=A19VAU5U5O7RUS&qid=1773376948&refinements=p_36%3A9500-10000&s=merchant-items&sr=1-170&xpid=fFiMQgBxAhMWv#customerReviews,"Knipex 64 11 115 Electronics End Cutting Nippers 4,53"" without bevel"
B004LY259K,,,,
B08V8972QH,,99.27,https://www.amazon.sg/Copic-Classic-Alcohol-based-Markers-Basic/dp/B08V8972QH/ref=sr_1_171?dib=eyJ2IjoiMSJ9.JJYFGBolcCqzzBjJsmZgFe8QBc-hqtkMU3IRNFqT0pq6DGlWKQLXuvaGvY5pTO_wWyR3jiH1M9Z6BH_tAlQRXuI5IukFDIf2QO4orJUY-P0JUxxIFrBD-G6UWbq50UfEdZouNip0za28d2oUewCFGIJEOKMC8khxeDi0zSP-y4Q.EfuyFFsidOYlUuaNS7ISq8BtGJnzgbrUW60o2PRyLFc&dib_tag=se&m=A31NFQQ4065CWX&marketplaceID=A19VAU5U5O7RUS&qid=1773376948&refinements=p_36%3A9500-10000&s=merchant-items&sr=1-171&xpid=fFiMQgBxAhMWv#customerReviews,"Copic Classic, Alcohol-based Markers, 12pc Set, Basic (New ver.)"
B08V8972QH,,,,
B000MRR3RE,,96.0,https://www.amazon.sg/Copic-Markers-12-Piece-Cool-Gray/dp/B000MRR3RE/ref=sr_1_177?dib=eyJ2IjoiMSJ9.QTJhnUJnoipODUIJux6nfEO_YUdkfO2pa_rWZMEVyRWfZzVGICEg1R45IraPWbf5KUK_LATqLWS-P32zvKLbmw.-Elo67uN1mcOQuVJlAF69J243Jr1Fsh-hN8YyKabBEo&dib_tag=se&m=A31NFQQ4065CWX&marketplaceID=A19VAU5U5O7RUS&qid=1773376953&refinements=p_36%3A9500-10000&s=merchant-items&sr=1-177&xpid=fFiMQgBxAhMWv#customerReviews,Copic Markers 12-Piece Cool Gray Set
B000MRR3RE,,,,
B002OCRRFS,,98.94,https://www.amazon.sg/Tiger-Vacuum-Insulated-Stainless-Lunchbox/dp/B002OCRRFS/ref=sr_1_178?dib=eyJ2IjoiMSJ9.QTJhnUJnoipODUIJux6nfEO_YUdkfO2pa_rWZMEVyRWfZzVGICEg1R45IraPWbf5KUK_LATqLWS-P32zvKLbmw.-Elo67uN1mcOQuVJlAF69J243Jr1Fsh-hN8YyKabBEo&dib_tag=se&m=A31NFQQ4065CWX&marketplaceID=A19VAU5U5O7RUS&qid=1773376953&refinements=p_36%3A9500-10000&s=merchant-items&sr=1-178&xpid=fFiMQgBxAhMWv#customerReviews,"Tiger Vacuum Insulated Double Stainless Steel Lunchbox and Bag, Pink, PG, 0.9 L"
B002OCRRFS,,,,
B0C9PM5HGS,,97.85,https://www.amazon.sg/S-H-Figuarts-BLEACH-Millennial-Blood/dp/B0C9PM5HGS/ref=sr_1_179?dib=eyJ2IjoiMSJ9.QTJhnUJnoipODUIJux6nfEO_YUdkfO2pa_rWZMEVyRWfZzVGICEg1R45IraPWbf5KUK_LATqLWS-P32zvKLbmw.-Elo67uN1mcOQuVJlAF69J243Jr1Fsh-hN8YyKabBEo&dib_tag=se&m=A31NFQQ4065CWX&marketplaceID=A19VAU5U5O7RUS&qid=1773376953&refinements=p_36%3A9500-10000&s=merchant-items&sr=1-179&xpid=fFiMQgBxAhMWv#customerReviews,"S.H. Figuarts BLEACH Millennial Blood War: Shiraya Kutsuki Approx. 6.1 inches (155 mm), ABS & PVC Pre-painted Action Figure"
B09M6TK2NP,,106.8,https://www.amazon.sg/Figuarts-Sentai-Zenkaiger-Approx-Painted/dp/B09M6TK2NP/ref=sr_1_180?dib=eyJ2IjoiMSJ9.QTJhnUJnoipODUIJux6nfEO_YUdkfO2pa_rWZMEVyRWfZzVGICEg1R45IraPWbf5KUK_LATqLWS-P32zvKLbmw.-Elo67uN1mcOQuVJlAF69J243Jr1Fsh-hN8YyKabBEo&dib_tag=se&m=A31NFQQ4065CWX&marketplaceID=A19VAU5U5O7RUS&qid=1773376953&refinements=p_36%3A9500-10000&s=merchant-items&sr=1-180&xpid=fFiMQgBxAhMWv#customerReviews,"S.H. Figuarts Kikai Sentai Zenkaiger, Approx. 5.7 inches (145 mm), PVC and ABS, Painted Action Figure"
B0C1B387WK,,108.28,https://www.amazon.sg/Alice-Gear-Aegis-Sitara-Kaneshiya/dp/B0C1B387WK/ref=sr_1_181?dib=eyJ2IjoiMSJ9.QTJhnUJnoipODUIJux6nfEO_YUdkfO2pa_rWZMEVyRWfZzVGICEg1R45IraPWbf5KUK_LATqLWS-P32zvKLbmw.-Elo67uN1mcOQuVJlAF69J243Jr1Fsh-hN8YyKabBEo&dib_tag=se&m=A31NFQQ4065CWX&marketplaceID=A19VAU5U5O7RUS&qid=1773376953&refinements=p_36%3A9500-10000&s=merchant-items&sr=1-181&xpid=fFiMQgBxAhMWv#customerReviews,Alice Gear Aegis: Sitara Kaneshiya Ver. Karwa Chauth Model Kit
B00266QM8K,,100.59,https://www.amazon.sg/King-Medium-Grain-Sharpening-Stone/dp/B00266QM8K/ref=sr_1_177?dib=eyJ2IjoiMSJ9.AD1NjxGLIQ4let5EP0swDMBMxRAb8JcM7pCoxDz7gRlAhZctbTSarc8J4LzFsdRW-cOrLJplDcV7rFQdjdCByaCBwjs78yT0dSNRXGIxR0FgkCvZd4xbkfdAboe-3yAYQgz1URNt33NMAGvEhLnzWpA2fHoqbvEVZOE6WxgPuDQ.l-piAIBJUs3pJhipft9hIwT5eEfPrpHF9eUyHhW6vSQ&dib_tag=se&m=A31NFQQ4065CWX&marketplaceID=A19VAU5U5O7RUS&qid=1773376953&refinements=p_36%3A9500-10000&s=merchant-items&sr=1-177&xpid=fFiMQgBxAhMWv#customerReviews,"King Medium Grain Sharpening Stone- #1000 - M (8-1/4"" (Long) X 2-3/4"" (Wide) X 2-1/4"" (High)"
B00266QM8K,,,,
B09VK6QD8X,,98.87,https://www.amazon.sg/EVERNEW-Titanium-Lightweight-Strainer-ECA548/dp/B09VK6QD8X/ref=sr_1_178?dib=eyJ2IjoiMSJ9.AD1NjxGLIQ4let5EP0swDMBMxRAb8JcM7pCoxDz7gRlAhZctbTSarc8J4LzFsdRW-cOrLJplDcV7rFQdjdCByaCBwjs78yT0dSNRXGIxR0FgkCvZd4xbkfdAboe-3yAYQgz1URNt33NMAGvEhLnzWpA2fHoqbvEVZOE6WxgPuDQ.l-piAIBJUs3pJhipft9hIwT5eEfPrpHF9eUyHhW6vSQ&dib_tag=se&m=A31NFQQ4065CWX&marketplaceID=A19VAU5U5O7RUS&qid=1773376953&refinements=p_36%3A9500-10000&s=merchant-items&sr=1-178&xpid=fFiMQgBxAhMWv#customerReviews,"EVERNEW Titanium Lightweight Pasta Camping Pot with Strainer Lid, 1000, Medium (ECA548)"
B09VK6QD8X,,,,
B0046AMGW0,,106.85,https://www.amazon.sg/ARDUINO-Single-Board-Computer-Adapter/dp/B0046AMGW0/ref=sr_1_179?dib=eyJ2IjoiMSJ9.AD1NjxGLIQ4let5EP0swDMBMxRAb8JcM7pCoxDz7gRlAhZctbTSarc8J4LzFsdRW-cOrLJplDcV7rFQdjdCByaCBwjs78yT0dSNRXGIxR0FgkCvZd4xbkfdAboe-3yAYQgz1URNt33NMAGvEhLnzWpA2fHoqbvEVZOE6WxgPuDQ.l-piAIBJUs3pJhipft9hIwT5eEfPrpHF9eUyHhW6vSQ&dib_tag=se&m=A31NFQQ4065CWX&marketplaceID=A19VAU5U5O7RUS&qid=1773376953&refinements=p_36%3A9500-10000&s=merchant-items&sr=1-179&xpid=fFiMQgBxAhMWv#customerReviews,ARDUINO MEGA 2560 REV3 Single Board Computer with USB Cable and Power Adapter
B0046AMGW0,,,,
B0C1N5NBZR,,96.28,https://www.amazon.sg/SASAKI-AC56-Rhythmic-Gymnastics-Cover/dp/B0C1N5NBZR/ref=sr_1_180?dib=eyJ2IjoiMSJ9.AD1NjxGLIQ4let5EP0swDMBMxRAb8JcM7pCoxDz7gRlAhZctbTSarc8J4LzFsdRW-cOrLJplDcV7rFQdjdCByaCBwjs78yT0dSNRXGIxR0FgkCvZd4xbkfdAboe-3yAYQgz1URNt33NMAGvEhLnzWpA2fHoqbvEVZOE6WxgPuDQ.l-piAIBJUs3pJhipft9hIwT5eEfPrpHF9eUyHhW6vSQ&dib_tag=se&m=A31NFQQ4065CWX&marketplaceID=A19VAU5U5O7RUS&qid=1773376953&refinements=p_36%3A9500-10000&s=merchant-items&sr=1-180&xpid=fFiMQgBxAhMWv#customerReviews,"SASAKI AC56 Rhythmic Gymnastics Hand Tool Case I LOVE R.G. Hoop Cover, Light Blue (LIBU)"
B0C1N5NBZR,,,,
B08WWYRGD6,,97.76,https://www.amazon.sg/LEGO-71389-Lakitu-Expansion-Pieces/dp/B08WWYRGD6/ref=sr_1_181?dib=eyJ2IjoiMSJ9.AD1NjxGLIQ4let5EP0swDMBMxRAb8JcM7pCoxDz7gRlAhZctbTSarc8J4LzFsdRW-cOrLJplDcV7rFQdjdCByaCBwjs78yT0dSNRXGIxR0FgkCvZd4xbkfdAboe-3yAYQgz1URNt33NMAGvEhLnzWpA2fHoqbvEVZOE6WxgPuDQ.l-piAIBJUs3pJhipft9hIwT5eEfPrpHF9eUyHhW6vSQ&dib_tag=se&m=A31NFQQ4065CWX&marketplaceID=A19VAU5U5O7RUS&qid=1773376953&refinements=p_36%3A9500-10000&s=merchant-items&sr=1-181&xpid=fFiMQgBxAhMWv#customerReviews,LEGO Super Mario 71389 Lakitu Sky World Expansion Set (484 Pieces)
B00IG7Q00I,,99.32,https://www.amazon.sg/PB-SWISS-TOOLS-L-Wrenches-Torx-screws/dp/B00IG7Q00I/ref=sr_1_182?dib=eyJ2IjoiMSJ9.AD1NjxGLIQ4let5EP0swDMBMxRAb8JcM7pCoxDz7gRlAhZctbTSarc8J4LzFsdRW-cOrLJplDcV7rFQdjdCByaCBwjs78yT0dSNRXGIxR0FgkCvZd4xbkfdAboe-3yAYQgz1URNt33NMAGvEhLnzWpA2fHoqbvEVZOE6WxgPuDQ.l-piAIBJUs3pJhipft9hIwT5eEfPrpHF9eUyHhW6vSQ&dib_tag=se&m=A31NFQQ4065CWX&marketplaceID=A19VAU5U5O7RUS&qid=1773376953&refinements=p_36%3A9500-10000&s=merchant-items&sr=1-182&xpid=fFiMQgBxAhMWv#customerReviews,"PB SWISS TOOLS - 8 RainBow Key L-Wrenches for Torx-screws that is Colour Coded by Size, Model #410.H 6-25 RB CN, Set in a Practical Plastic Holder, Hex Key Tools"
B00IG7Q00I,,,,
B0BKVYGFVZ,,111.15,https://www.amazon.sg/Gauge-Unitrack-Endless-Track-3-115/dp/B0BKVYGFVZ/ref=sr_1_183?dib=eyJ2IjoiMSJ9.AD1NjxGLIQ4let5EP0swDMBMxRAb8JcM7pCoxDz7gRlAhZctbTSarc8J4LzFsdRW-cOrLJplDcV7rFQdjdCByaCBwjs78yT0dSNRXGIxR0FgkCvZd4xbkfdAboe-3yAYQgz1URNt33NMAGvEhLnzWpA2fHoqbvEVZOE6WxgPuDQ.l-piAIBJUs3pJhipft9hIwT5eEfPrpHF9eUyHhW6vSQ&dib_tag=se&m=A31NFQQ4065CWX&marketplaceID=A19VAU5U5O7RUS&qid=1773376953&refinements=p_36%3A9500-10000&s=merchant-items&sr=1-183&xpid=fFiMQgBxAhMWv#customerReviews,KATO HO Gauge HV-5 HO Unitrack R550 Endless Track Set 3-115 Model Train Rail Set
B0C3GCG7RD,,98.64,https://www.amazon.sg/SPIRITS-Figuarts-Jigokuraku-Approx-Pre-painted/dp/B0C3GCG7RD/ref=sr_1_184?dib=eyJ2IjoiMSJ9.AD1NjxGLIQ4let5EP0swDMBMxRAb8JcM7pCoxDz7gRlAhZctbTSarc8J4LzFsdRW-cOrLJplDcV7rFQdjdCByaCBwjs78yT0dSNRXGIxR0FgkCvZd4xbkfdAboe-3yAYQgz1URNt33NMAGvEhLnzWpA2fHoqbvEVZOE6WxgPuDQ.l-piAIBJUs3pJhipft9hIwT5eEfPrpHF9eUyHhW6vSQ&dib_tag=se&m=A31NFQQ4065CWX&marketplaceID=A19VAU5U5O7RUS&qid=1773376953&refinements=p_36%3A9500-10000&s=merchant-items&sr=1-184&xpid=fFiMQgBxAhMWv#customerReviews,"BANDAI SPIRITS S.H. Figuarts Jigokuraku Yamada Asamon Sakiri, Approx. 6.1 inches (155 mm), PVC & ABS, Pre-painted Action Figure"
B08X36FJ5F,,99.59,https://www.amazon.sg/TAMASHII-Nations-S-H-Figuarts-Zero-One-Action/dp/B08X36FJ5F/ref=sr_1_185?dib=eyJ2IjoiMSJ9.AD1NjxGLIQ4let5EP0swDMBMxRAb8JcM7pCoxDz7gRlAhZctbTSarc8J4LzFsdRW-cOrLJplDcV7rFQdjdCByaCBwjs78yT0dSNRXGIxR0FgkCvZd4xbkfdAboe-3yAYQgz1URNt33NMAGvEhLnzWpA2fHoqbvEVZOE6WxgPuDQ.l-piAIBJUs3pJhipft9hIwT5eEfPrpHF9eUyHhW6vSQ&dib_tag=se&m=A31NFQQ4065CWX&marketplaceID=A19VAU5U5O7RUS&qid=1773376953&refinements=p_36%3A9500-10000&s=merchant-items&sr=1-185&xpid=fFiMQgBxAhMWv#customerReviews,TAMASHII Nations S.H.Figuarts Kamen Rider Naki Kamen Rider Zero-One Action Figure
B09WXTL6J5,,98.85,https://www.amazon.sg/Bandai-Gundam-Universe-GN-000-GNR-010-Action/dp/B09WXTL6J5/ref=sr_1_186?dib=eyJ2IjoiMSJ9.AD1NjxGLIQ4let5EP0swDMBMxRAb8JcM7pCoxDz7gRlAhZctbTSarc8J4LzFsdRW-cOrLJplDcV7rFQdjdCByaCBwjs78yT0dSNRXGIxR0FgkCvZd4xbkfdAboe-3yAYQgz1URNt33NMAGvEhLnzWpA2fHoqbvEVZOE6WxgPuDQ.l-piAIBJUs3pJhipft9hIwT5eEfPrpHF9eUyHhW6vSQ&dib_tag=se&m=A31NFQQ4065CWX&marketplaceID=A19VAU5U5O7RUS&qid=1773376953&refinements=p_36%3A9500-10000&s=merchant-items&sr=1-186&xpid=fFiMQgBxAhMWv#customerReviews,Bandai Gundam Universe GN-000-GNR-010 00 Riser Action Figure Toy
B0DFBSHDZK,,99.34,https://www.amazon.sg/Bandai-Hobby-Mobile-Gundam-Principality/dp/B0DFBSHDZK/ref=sr_1_187?dib=eyJ2IjoiMSJ9.AD1NjxGLIQ4let5EP0swDMBMxRAb8JcM7pCoxDz7gRlAhZctbTSarc8J4LzFsdRW-cOrLJplDcV7rFQdjdCByaCBwjs78yT0dSNRXGIxR0FgkCvZd4xbkfdAboe-3yAYQgz1URNt33NMAGvEhLnzWpA2fHoqbvEVZOE6WxgPuDQ.l-piAIBJUs3pJhipft9hIwT5eEfPrpHF9eUyHhW6vSQ&dib_tag=se&m=A31NFQQ4065CWX&marketplaceID=A19VAU5U5O7RUS&qid=1773376953&refinements=p_36%3A9500-10000&s=merchant-items&sr=1-187&xpid=fFiMQgBxAhMWv#customerReviews,Bandai Hobby - Mobile Suit Gundam - BB Senshi Mobile Suit Gundam Principality of Zeon Mobile Suit Set SD Model Kit
B0CDLBRDLY,,96.67,https://www.amazon.sg/CBJAPAN-Bottle-Memory-Lightweight-Portable/dp/B0CDLBRDLY/ref=sr_1_193?dib=eyJ2IjoiMSJ9.__H9TCzVXOpsYSF6_hGkpHwZ7W2wAgbDRae3Jm8aYJvhDOostQsS-b7-Py-3_TwdpsfWJNyvEsI4Zemo-46fNQ.GpBld7yFTeUiTALL8wVaRHwduTxXb7QALstN6zH0uwI&dib_tag=se&m=A31NFQQ4065CWX&marketplaceID=A19VAU5U5O7RUS&qid=1773376957&refinements=p_36%3A9500-10000&s=merchant-items&sr=1-193&xpid=fFiMQgBxAhMWv#customerReviews,"CBJAPAN Water Bottle White with Memory, 1 Liter, Lightweight, Portable, Tritan BPA Free, My Sauna Totnoy Bottle tomte"
B0CDLBRDLY,,,,
B0C67XZQNJ,,101.97,https://www.amazon.sg/BANDAI-Spirits-Ichibansho-Academia-Collectible/dp/B0C67XZQNJ/ref=sr_1_194?dib=eyJ2IjoiMSJ9.__H9TCzVXOpsYSF6_hGkpHwZ7W2wAgbDRae3Jm8aYJvhDOostQsS-b7-Py-3_TwdpsfWJNyvEsI4Zemo-46fNQ.GpBld7yFTeUiTALL8wVaRHwduTxXb7QALstN6zH0uwI&dib_tag=se&m=A31NFQQ4065CWX&marketplaceID=A19VAU5U5O7RUS&qid=1773376957&refinements=p_36%3A9500-10000&s=merchant-items&sr=1-194&xpid=fFiMQgBxAhMWv#customerReviews,"BANDAI Spirits Ichibansho - My Hero Academia - Katsuki Bakugo (VS), Collectible Figure"
B0BZSK3BY4,,98.31,https://www.amazon.sg/Non-Scale-Plastic-Pre-Painted-Action-Figure/dp/B0BZSK3BY4/ref=sr_1_195?dib=eyJ2IjoiMSJ9.__H9TCzVXOpsYSF6_hGkpHwZ7W2wAgbDRae3Jm8aYJvhDOostQsS-b7-Py-3_TwdpsfWJNyvEsI4Zemo-46fNQ.GpBld7yFTeUiTALL8wVaRHwduTxXb7QALstN6zH0uwI&dib_tag=se&m=A31NFQQ4065CWX&marketplaceID=A19VAU5U5O7RUS&qid=1773376957&refinements=p_36%3A9500-10000&s=merchant-items&sr=1-195&xpid=fFiMQgBxAhMWv#customerReviews,figma Wild Horse [White] Non-Scale Plastic Pre-Painted Action Figure
B0B8MJYHPV,,99.67,https://www.amazon.sg/Rement-Petite-Sample-Santas-Product/dp/B0B8MJYHPV/ref=sr_1_196?dib=eyJ2IjoiMSJ9.__H9TCzVXOpsYSF6_hGkpHwZ7W2wAgbDRae3Jm8aYJvhDOostQsS-b7-Py-3_TwdpsfWJNyvEsI4Zemo-46fNQ.GpBld7yFTeUiTALL8wVaRHwduTxXb7QALstN6zH0uwI&dib_tag=se&m=A31NFQQ4065CWX&marketplaceID=A19VAU5U5O7RUS&qid=1773376957&refinements=p_36%3A9500-10000&s=merchant-items&sr=1-196&xpid=fFiMQgBxAhMWv,"Rement Petite Sample Series, Santa's House Box Product, 8 Types Total, 8 Pieces, PVC"
B0B8MJYHPV,,,,
B0B3185N5F,,99.47,https://www.amazon.sg/TaylorMade-Response-Balls-N0803601-White/dp/B0B3185N5F/ref=sr_1_197?dib=eyJ2IjoiMSJ9.__H9TCzVXOpsYSF6_hGkpHwZ7W2wAgbDRae3Jm8aYJvhDOostQsS-b7-Py-3_TwdpsfWJNyvEsI4Zemo-46fNQ.GpBld7yFTeUiTALL8wVaRHwduTxXb7QALstN6zH0uwI&dib_tag=se&m=A31NFQQ4065CWX&marketplaceID=A19VAU5U5O7RUS&qid=1773376957&refinements=p_36%3A9500-10000&s=merchant-items&sr=1-197&xpid=fFiMQgBxAhMWv#customerReviews,テーラーメイド TM22 Soft Response JPN dz ソフトレスポンス ゴルフボール 2022 N0803601 ホワイト
B0B3185N5F,,,,
B0B183QD33,,100.0,https://www.amazon.sg/Abdominal-Electrode-Intensity-Rechargeable-Operation/dp/B0B183QD33/ref=sr_1_193?dib=eyJ2IjoiMSJ9.-8n8mrPfE8gyhVZoJwcGeDaeQ1lnC7YUhW3gnX0CQoYmQLx73NPglDtzqPuNpsRoxBUVFphSoqIrv1qNcm-nYUZoH9Nh8MCzJ2NGGwzYlYtw5aQdFiNc5lLX3zyKewcKHpW67JieIWv8WMqOIOW3JEVF7DjKX5omZqlJ_VHwdZc.RLhMKh1SIGN8gwRqmIhcFU9eJ0wUiu8Lzk49cLLfa3g&dib_tag=se&m=A31NFQQ4065CWX&marketplaceID=A19VAU5U5O7RUS&qid=1773376957&refinements=p_36%3A9500-10000&s=merchant-items&sr=1-193&xpid=fFiMQgBxAhMWv#customerReviews,"RELX EMS Belt, Abdominal Muscle Belt, 8 Electrode Pads, 6 Modes, 18 Intensity Levels, Abdominal Muscles, Training, USB Rechargeable, Easy Operation, Unisex, Mother's Day Gift"
B0B183QD33,,,,
B09TL8WP9H,,105.73,https://www.amazon.sg/Kaweco-11000097-Liliput-Aluminum-Fountain/dp/B09TL8WP9H/ref=sr_1_194?dib=eyJ2IjoiMSJ9.-8n8mrPfE8gyhVZoJwcGeDaeQ1lnC7YUhW3gnX0CQoYmQLx73NPglDtzqPuNpsRoxBUVFphSoqIrv1qNcm-nYUZoH9Nh8MCzJ2NGGwzYlYtw5aQdFiNc5lLX3zyKewcKHpW67JieIWv8WMqOIOW3JEVF7DjKX5omZqlJ_VHwdZc.RLhMKh1SIGN8gwRqmIhcFU9eJ0wUiu8Lzk49cLLfa3g&dib_tag=se&m=A31NFQQ4065CWX&marketplaceID=A19VAU5U5O7RUS&qid=1773376957&refinements=p_36%3A9500-10000&s=merchant-items&sr=1-194&xpid=fFiMQgBxAhMWv#customerReviews,"Kaweco 11000097 Liliput Green Aluminum Fountain Pen, Fine Nib"
B09TL8WP9H,,,,
B097H84QLS,,102.93,https://www.amazon.sg/Bandai-Sentai-Zenkaiger-Zenkai-Zenkaijuoh/dp/B097H84QLS/ref=sr_1_195?dib=eyJ2IjoiMSJ9.-8n8mrPfE8gyhVZoJwcGeDaeQ1lnC7YUhW3gnX0CQoYmQLx73NPglDtzqPuNpsRoxBUVFphSoqIrv1qNcm-nYUZoH9Nh8MCzJ2NGGwzYlYtw5aQdFiNc5lLX3zyKewcKHpW67JieIWv8WMqOIOW3JEVF7DjKX5omZqlJ_VHwdZc.RLhMKh1SIGN8gwRqmIhcFU9eJ0wUiu8Lzk49cLLfa3g&dib_tag=se&m=A31NFQQ4065CWX&marketplaceID=A19VAU5U5O7RUS&qid=1773376957&refinements=p_36%3A9500-10000&s=merchant-items&sr=1-195&xpid=fFiMQgBxAhMWv#customerReviews,Bandai Kikai Sentai Zenkaiger Chou Zenkai Gattai Ju DX Zenkaijuoh
B091PVQTF6,,98.51,https://www.amazon.sg/Tibhar-Evolution-Tennis-Rubber-2-1-2-2/dp/B091PVQTF6/ref=sr_1_196?dib=eyJ2IjoiMSJ9.-8n8mrPfE8gyhVZoJwcGeDaeQ1lnC7YUhW3gnX0CQoYmQLx73NPglDtzqPuNpsRoxBUVFphSoqIrv1qNcm-nYUZoH9Nh8MCzJ2NGGwzYlYtw5aQdFiNc5lLX3zyKewcKHpW67JieIWv8WMqOIOW3JEVF7DjKX5omZqlJ_VHwdZc.RLhMKh1SIGN8gwRqmIhcFU9eJ0wUiu8Lzk49cLLfa3g&dib_tag=se&m=A31NFQQ4065CWX&marketplaceID=A19VAU5U5O7RUS&qid=1773376957&refinements=p_36%3A9500-10000&s=merchant-items&sr=1-196&xpid=fFiMQgBxAhMWv,Tibhar Evolution MX-D Table Tennis Rubber
B091PVQTF6,,,,
B085F77N3Q,,95.0,https://www.amazon.sg/Thomastik-Infeld-Violin-Synthetic-Aluminum-Professionals/dp/B085F77N3Q/ref=sr_1_197?dib=eyJ2IjoiMSJ9.-8n8mrPfE8gyhVZoJwcGeDaeQ1lnC7YUhW3gnX0CQoYmQLx73NPglDtzqPuNpsRoxBUVFphSoqIrv1qNcm-nYUZoH9Nh8MCzJ2NGGwzYlYtw5aQdFiNc5lLX3zyKewcKHpW67JieIWv8WMqOIOW3JEVF7DjKX5omZqlJ_VHwdZc.RLhMKh1SIGN8gwRqmIhcFU9eJ0wUiu8Lzk49cLLfa3g&dib_tag=se&m=A31NFQQ4065CWX&marketplaceID=A19VAU5U5O7RUS&qid=1773376957&refinements=p_36%3A9500-10000&s=merchant-items&sr=1-197&xpid=fFiMQgBxAhMWv#customerReviews,"Thomastik-Infeld Rondo Violin A String RO02, Synthetic Core Aluminum Wound for Professionals - Deep Tonal Intensity with Compact Focus – Vast Dynamic Range – Powerful Presence - Made in Vienna"
B085F77N3Q,,,,
B0B7VQZW4B,,98.11,https://www.amazon.sg/Tamagotchi-Tama-Anniversary-Party-Friends/dp/B0B7VQZW4B/ref=sr_1_198?dib=eyJ2IjoiMSJ9.-8n8mrPfE8gyhVZoJwcGeDaeQ1lnC7YUhW3gnX0CQoYmQLx73NPglDtzqPuNpsRoxBUVFphSoqIrv1qNcm-nYUZoH9Nh8MCzJ2NGGwzYlYtw5aQdFiNc5lLX3zyKewcKHpW67JieIWv8WMqOIOW3JEVF7DjKX5omZqlJ_VHwdZc.RLhMKh1SIGN8gwRqmIhcFU9eJ0wUiu8Lzk49cLLfa3g&dib_tag=se&m=A31NFQQ4065CWX&marketplaceID=A19VAU5U5O7RUS&qid=1773376957&refinements=p_36%3A9500-10000&s=merchant-items&sr=1-198&xpid=fFiMQgBxAhMWv#customerReviews,Tamagotchi Tama Card Anniversary Party Friends (Ages 6 and up)
B0B7VQZW4B,,,,
B09RWJZ5PM,,95.57,https://www.amazon.sg/HAKUBA-Carry-Cart-Pouch-Black/dp/B09RWJZ5PM/ref=sr_1_199?dib=eyJ2IjoiMSJ9.-8n8mrPfE8gyhVZoJwcGeDaeQ1lnC7YUhW3gnX0CQoYmQLx73NPglDtzqPuNpsRoxBUVFphSoqIrv1qNcm-nYUZoH9Nh8MCzJ2NGGwzYlYtw5aQdFiNc5lLX3zyKewcKHpW67JieIWv8WMqOIOW3JEVF7DjKX5omZqlJ_VHwdZc.RLhMKh1SIGN8gwRqmIhcFU9eJ0wUiu8Lzk49cLLfa3g&dib_tag=se&m=A31NFQQ4065CWX&marketplaceID=A19VAU5U5O7RUS&qid=1773376957&refinements=p_36%3A9500-10000&s=merchant-items&sr=1-199&xpid=fFiMQgBxAhMWv#customerReviews,HAKUBA Soft Lens Pouch 02
B09RWJZ5PM,,,,
B0B6BRTGKL,,95.19,https://www.amazon.sg/Skater-STOT3-Insulated-Stainless-One-Touch/dp/B0B6BRTGKL/ref=sr_1_200?dib=eyJ2IjoiMSJ9.-8n8mrPfE8gyhVZoJwcGeDaeQ1lnC7YUhW3gnX0CQoYmQLx73NPglDtzqPuNpsRoxBUVFphSoqIrv1qNcm-nYUZoH9Nh8MCzJ2NGGwzYlYtw5aQdFiNc5lLX3zyKewcKHpW67JieIWv8WMqOIOW3JEVF7DjKX5omZqlJ_VHwdZc.RLhMKh1SIGN8gwRqmIhcFU9eJ0wUiu8Lzk49cLLfa3g&dib_tag=se&m=A31NFQQ4065CWX&marketplaceID=A19VAU5U5O7RUS&qid=1773376957&refinements=p_36%3A9500-10000&s=merchant-items&sr=1-200&xpid=fFiMQgBxAhMWv#customerReviews,"Skater STOT3-A Insulated Stainless Steel Mug Bottle, 11.8 fl oz (350 ml), One-Touch Open, My Melo, Chromi, Otona Kawaii, Sanrio"
B0B6BRTGKL,,,,
B0B7QYLGPL,,97.47,https://www.amazon.sg/Spirits-GAT-X102-Version-N-I-M-Pre-painted/dp/B0B7QYLGPL/ref=sr_1_201?dib=eyJ2IjoiMSJ9.-8n8mrPfE8gyhVZoJwcGeDaeQ1lnC7YUhW3gnX0CQoYmQLx73NPglDtzqPuNpsRoxBUVFphSoqIrv1qNcm-nYUZoH9Nh8MCzJ2NGGwzYlYtw5aQdFiNc5lLX3zyKewcKHpW67JieIWv8WMqOIOW3JEVF7DjKX5omZqlJ_VHwdZc.RLhMKh1SIGN8gwRqmIhcFU9eJ0wUiu8Lzk49cLLfa3g&dib_tag=se&m=A31NFQQ4065CWX&marketplaceID=A19VAU5U5O7RUS&qid=1773376957&refinements=p_36%3A9500-10000&s=merchant-items&sr=1-201&xpid=fFiMQgBxAhMWv#customerReviews,"Robot Spirits Mobile Suit Gundam SEED GAT-X102 Duel Gundam Version, A.N.I.M.E. Approx. 4.9 inches (125 mm), PVC & ABS Pre-painted Action Figure"
B07NFD1SVM,,95.78,https://www.amazon.sg/veloToze-Waterpoof-Cycling-Glove-Small/dp/B07NFD1SVM/ref=sr_1_202?dib=eyJ2IjoiMSJ9.-8n8mrPfE8gyhVZoJwcGeDaeQ1lnC7YUhW3gnX0CQoYmQLx73NPglDtzqPuNpsRoxBUVFphSoqIrv1qNcm-nYUZoH9Nh8MCzJ2NGGwzYlYtw5aQdFiNc5lLX3zyKewcKHpW67JieIWv8WMqOIOW3JEVF7DjKX5omZqlJ_VHwdZc.RLhMKh1SIGN8gwRqmIhcFU9eJ0wUiu8Lzk49cLLfa3g&dib_tag=se&m=A31NFQQ4065CWX&marketplaceID=A19VAU5U5O7RUS&qid=1773376957&refinements=p_36%3A9500-10000&s=merchant-items&sr=1-202&xpid=fFiMQgBxAhMWv#customerReviews,"veloToze Waterpoof Cycling Glove - Fully Waterproof, Flexible Neoprene Glove for Biking; Designed to fit Men and Women; Keep Hands Dry and Warm in Rainy Spring and Fall Weather or Cold Winter"
B07NFD1SVM,,,,
B00H91BQ7Y,,95.6,https://www.amazon.sg/StarTech-com-USB-3-0-HDMI-Adapter/dp/B00H91BQ7Y/ref=sr_1_203?dib=eyJ2IjoiMSJ9.-8n8mrPfE8gyhVZoJwcGeDaeQ1lnC7YUhW3gnX0CQoYmQLx73NPglDtzqPuNpsRoxBUVFphSoqIrv1qNcm-nYUZoH9Nh8MCzJ2NGGwzYlYtw5aQdFiNc5lLX3zyKewcKHpW67JieIWv8WMqOIOW3JEVF7DjKX5omZqlJ_VHwdZc.RLhMKh1SIGN8gwRqmIhcFU9eJ0wUiu8Lzk49cLLfa3g&dib_tag=se&m=A31NFQQ4065CWX&marketplaceID=A19VAU5U5O7RUS&qid=1773376957&refinements=p_36%3A9500-10000&s=merchant-items&sr=1-203&xpid=fFiMQgBxAhMWv#customerReviews,StarTech.com USB 3.0 To HDMI Adapter - 1080p (1900x1200) - Dual/Multi Monitor Video Display Adapter with External Graphics Card (USB32HDES)
B00H91BQ7Y,,,,
B00H91BQ7Y,,95.6,https://www.amazon.sg/StarTech-com-USB-3-0-HDMI-Adapter/dp/B00H91BQ7Y/ref=sr_1_209?dib=eyJ2IjoiMSJ9.6dh1iWPIIBkESID2VFnv6FUkY8ibJd8a5267Cz6zwpQWU4sMpketvoz_v4OP8JvJ27uC5DN1YO1bp-T-xQsfEA.Em6lc8yAfjxiaVPLF1VMhD3eEcEPKIVWayfOhhFH4E0&dib_tag=se&m=A31NFQQ4065CWX&marketplaceID=A19VAU5U5O7RUS&qid=1773376962&refinements=p_36%3A9500-10000&s=merchant-items&sr=1-209&xpid=fFiMQgBxAhMWv#customerReviews,StarTech.com USB 3.0 To HDMI Adapter - 1080p (1900x1200) - Dual/Multi Monitor Video Display Adapter with External Graphics Card (USB32HDES)
B00H91BQ7Y,,,,
B0DFLY2M8K,,106.24,https://www.amazon.sg/TAMASHII-NATIONS-S-H-Figuarts-Piece/dp/B0DFLY2M8K/ref=sr_1_210?dib=eyJ2IjoiMSJ9.6dh1iWPIIBkESID2VFnv6FUkY8ibJd8a5267Cz6zwpQWU4sMpketvoz_v4OP8JvJ27uC5DN1YO1bp-T-xQsfEA.Em6lc8yAfjxiaVPLF1VMhD3eEcEPKIVWayfOhhFH4E0&dib_tag=se&m=A31NFQQ4065CWX&marketplaceID=A19VAU5U5O7RUS&qid=1773376962&refinements=p_36%3A9500-10000&s=merchant-items&sr=1-210&xpid=fFiMQgBxAhMWv#customerReviews,"TAMASHII NATIONS S.H. Figuarts One Piece Sabo - Chief of Staff of the Revolutionary Army, Approx. 6.1 inches (155 mm), PVC & ABS Pre-painted Action Figure"
B0CD153S4Y,,96.5,https://www.amazon.sg/Movie-Monster-Series-Kaiser-Ghidorah/dp/B0CD153S4Y/ref=sr_1_211?dib=eyJ2IjoiMSJ9.6dh1iWPIIBkESID2VFnv6FUkY8ibJd8a5267Cz6zwpQWU4sMpketvoz_v4OP8JvJ27uC5DN1YO1bp-T-xQsfEA.Em6lc8yAfjxiaVPLF1VMhD3eEcEPKIVWayfOhhFH4E0&dib_tag=se&m=A31NFQQ4065CWX&marketplaceID=A19VAU5U5O7RUS&qid=1773376962&refinements=p_36%3A9500-10000&s=merchant-items&sr=1-211&xpid=fFiMQgBxAhMWv#customerReviews,Movie Monster Series Kaiser Ghidorah
B07P2FW6Y9,,95.5,https://www.amazon.sg/VARIVAS-Avani-Casting-PE-Power/dp/B07P2FW6Y9/ref=sr_1_212?dib=eyJ2IjoiMSJ9.6dh1iWPIIBkESID2VFnv6FUkY8ibJd8a5267Cz6zwpQWU4sMpketvoz_v4OP8JvJ27uC5DN1YO1bp-T-xQsfEA.Em6lc8yAfjxiaVPLF1VMhD3eEcEPKIVWayfOhhFH4E0&dib_tag=se&m=A31NFQQ4065CWX&marketplaceID=A19VAU5U5O7RUS&qid=1773376962&refinements=p_36%3A9500-10000&s=merchant-items&sr=1-212&xpid=fFiMQgBxAhMWv#customerReviews,VARIVAS Avani Casting PE Max Power X8
B0B799QJW7,,95.09,https://www.amazon.sg/Hokuriku-Aluminum-Lightweight-Lightest-Time-saving/dp/B0B799QJW7/ref=sr_1_213?dib=eyJ2IjoiMSJ9.6dh1iWPIIBkESID2VFnv6FUkY8ibJd8a5267Cz6zwpQWU4sMpketvoz_v4OP8JvJ27uC5DN1YO1bp-T-xQsfEA.Em6lc8yAfjxiaVPLF1VMhD3eEcEPKIVWayfOhhFH4E0&dib_tag=se&m=A31NFQQ4065CWX&marketplaceID=A19VAU5U5O7RUS&qid=1773376962&refinements=p_36%3A9500-10000&s=merchant-items&sr=1-213&xpid=fFiMQgBxAhMWv#customerReviews,"Hokuriku Aluminum Pot, 11.8 inches (30 cm), Lightweight, Aluminum, Gas Fire, Made in Japan, Lightest in Series, All-Over Heating Evenly, Time-saving Frying Pan, Durable, Frying Pan Made in Japan,"
B0B799QJW7,,,,
B076DGL222,,98.28,https://www.amazon.sg/21237-Canister-Storage-Container-Present/dp/B076DGL222/ref=sr_1_209?dib=eyJ2IjoiMSJ9.PxreDlRmn9n2IEDMpleIozZsidKUx8NSHRQQarTunw21ky0wKijhd8figkqGIHsdVApOhU7D7_2_u6WlOH9DB5H05dcbjrwj5AiqcWku92dL-59vpTvZF-5qQiguL_bcLJhurZzgPE63TbQ54FcSK37R1h6LxhF_J_Tu4IupEiY.ZgoZ2t0wMF1BJKQDfCXXK4ojYuUew0DaxGYn0zbkiV8&dib_tag=se&m=A31NFQQ4065CWX&marketplaceID=A19VAU5U5O7RUS&qid=1773376962&refinements=p_36%3A9500-10000&s=merchant-items&sr=1-209&xpid=fFiMQgBxAhMWv#customerReviews,"KINTO LT 21237 Canister, 8.5 fl oz (250 ml), Tea Canister, Storage Container, Tea Gift, Present"
B076DGL222,,,,
B0BCD2YYPJ,,95.0,https://www.amazon.sg/Button-Anti-Bac-Vaccum-Insulated-Stainless/dp/B0BCD2YYPJ/ref=sr_1_210?dib=eyJ2IjoiMSJ9.PxreDlRmn9n2IEDMpleIozZsidKUx8NSHRQQarTunw21ky0wKijhd8figkqGIHsdVApOhU7D7_2_u6WlOH9DB5H05dcbjrwj5AiqcWku92dL-59vpTvZF-5qQiguL_bcLJhurZzgPE63TbQ54FcSK37R1h6LxhF_J_Tu4IupEiY.ZgoZ2t0wMF1BJKQDfCXXK4ojYuUew0DaxGYn0zbkiV8&dib_tag=se&m=A31NFQQ4065CWX&marketplaceID=A19VAU5U5O7RUS&qid=1773376962&refinements=p_36%3A9500-10000&s=merchant-items&sr=1-210&xpid=fFiMQgBxAhMWv#customerReviews,TIGER 600ml Push Button Lid Anti-Bac Vaccum Insulated Double Stainless Steel Bottle (KK - Stone Black)
B0BCD2YYPJ,,,,
B07Q3Z7JGN,,99.16,https://www.amazon.sg/51952-23245-Honiton-Microwave-Dishwasher-Included/dp/B07Q3Z7JGN/ref=sr_1_211?dib=eyJ2IjoiMSJ9.PxreDlRmn9n2IEDMpleIozZsidKUx8NSHRQQarTunw21ky0wKijhd8figkqGIHsdVApOhU7D7_2_u6WlOH9DB5H05dcbjrwj5AiqcWku92dL-59vpTvZF-5qQiguL_bcLJhurZzgPE63TbQ54FcSK37R1h6LxhF_J_Tu4IupEiY.ZgoZ2t0wMF1BJKQDfCXXK4ojYuUew0DaxGYn0zbkiV8&dib_tag=se&m=A31NFQQ4065CWX&marketplaceID=A19VAU5U5O7RUS&qid=1773376962&refinements=p_36%3A9500-10000&s=merchant-items&sr=1-211&xpid=fFiMQgBxAhMWv#customerReviews,Narumi 51952-23245 Honiton Lace Bright 11.8 fl oz (350 cc) White Lace Pattern Cute Large Wedding Gift Present Microwave Warm Dishwasher Safe Gift Box Included
B07Q3Z7JGN,,,,
B08FDV6PHV,,112.97,https://www.amazon.sg/JEJ-Storage-Stepladder-Capacity-Stackable/dp/B08FDV6PHV/ref=sr_1_212?dib=eyJ2IjoiMSJ9.PxreDlRmn9n2IEDMpleIozZsidKUx8NSHRQQarTunw21ky0wKijhd8figkqGIHsdVApOhU7D7_2_u6WlOH9DB5H05dcbjrwj5AiqcWku92dL-59vpTvZF-5qQiguL_bcLJhurZzgPE63TbQ54FcSK37R1h6LxhF_J_Tu4IupEiY.ZgoZ2t0wMF1BJKQDfCXXK4ojYuUew0DaxGYn0zbkiV8&dib_tag=se&m=A31NFQQ4065CWX&marketplaceID=A19VAU5U5O7RUS&qid=1773376962&refinements=p_36%3A9500-10000&s=merchant-items&sr=1-212&xpid=fFiMQgBxAhMWv#customerReviews,"JEJ Astage Storage Box, Made in Japan, Outdoor, Camping, Stepladder, Load Capacity 176.4 lbs (80 kg), In-Car, Stackable, S Series Tool Stocker 600S (W x D x H): 23.6 x 15.0 x 13.0 inches (60 x 38 x 33"
B08FDV6PHV,,,,
B00KA8G3I0,,107.52,https://www.amazon.sg/LAMY-Studio-Ballpoint-Imperial-L267IB/dp/B00KA8G3I0/ref=sr_1_213?dib=eyJ2IjoiMSJ9.PxreDlRmn9n2IEDMpleIozZsidKUx8NSHRQQarTunw21ky0wKijhd8figkqGIHsdVApOhU7D7_2_u6WlOH9DB5H05dcbjrwj5AiqcWku92dL-59vpTvZF-5qQiguL_bcLJhurZzgPE63TbQ54FcSK37R1h6LxhF_J_Tu4IupEiY.ZgoZ2t0wMF1BJKQDfCXXK4ojYuUew0DaxGYn0zbkiV8&dib_tag=se&m=A31NFQQ4065CWX&marketplaceID=A19VAU5U5O7RUS&qid=1773376962&refinements=p_36%3A9500-10000&s=merchant-items&sr=1-213&xpid=fFiMQgBxAhMWv#customerReviews,"LAMY Studio Ballpoint, Imperial Blue (L267IB)"
B00KA8G3I0,,,,
B004BUECRM,,104.85,https://www.amazon.sg/Topeak-Tools-Thirdhook-Under-Twoup/dp/B004BUECRM/ref=sr_1_214?dib=eyJ2IjoiMSJ9.PxreDlRmn9n2IEDMpleIozZsidKUx8NSHRQQarTunw21ky0wKijhd8figkqGIHsdVApOhU7D7_2_u6WlOH9DB5H05dcbjrwj5AiqcWku92dL-59vpTvZF-5qQiguL_bcLJhurZzgPE63TbQ54FcSK37R1h6LxhF_J_Tu4IupEiY.ZgoZ2t0wMF1BJKQDfCXXK4ojYuUew0DaxGYn0zbkiV8&dib_tag=se&m=A31NFQQ4065CWX&marketplaceID=A19VAU5U5O7RUS&qid=1773376962&refinements=p_36%3A9500-10000&s=merchant-items&sr=1-214&xpid=fFiMQgBxAhMWv#customerReviews,Topeak Bike Tools Thirdhook Under For Twoup Stand
B004BUECRM,,,,
B07WPD5ZDP,,99.64,https://www.amazon.sg/Yamazaki-4291-Magnetic-Kitchen-Approx/dp/B07WPD5ZDP/ref=sr_1_215?dib=eyJ2IjoiMSJ9.PxreDlRmn9n2IEDMpleIozZsidKUx8NSHRQQarTunw21ky0wKijhd8figkqGIHsdVApOhU7D7_2_u6WlOH9DB5H05dcbjrwj5AiqcWku92dL-59vpTvZF-5qQiguL_bcLJhurZzgPE63TbQ54FcSK37R1h6LxhF_J_Tu4IupEiY.ZgoZ2t0wMF1BJKQDfCXXK4ojYuUew0DaxGYn0zbkiV8&dib_tag=se&m=A31NFQQ4065CWX&marketplaceID=A19VAU5U5O7RUS&qid=1773376962&refinements=p_36%3A9500-10000&s=merchant-items&sr=1-215&xpid=fFiMQgBxAhMWv#customerReviews,"Yamazaki 4291 Magnetic Kitchen Paper & Cling Wrap Holder, White, Approx. 29 x 8 x 20 cm, Plate"
B07WPD5ZDP,,,,
B07BYR6NTG,,95.0,https://www.amazon.sg/Skater-STB2N-Neighbor-Stainless-Tumbler/dp/B07BYR6NTG/ref=sr_1_216?dib=eyJ2IjoiMSJ9.PxreDlRmn9n2IEDMpleIozZsidKUx8NSHRQQarTunw21ky0wKijhd8figkqGIHsdVApOhU7D7_2_u6WlOH9DB5H05dcbjrwj5AiqcWku92dL-59vpTvZF-5qQiguL_bcLJhurZzgPE63TbQ54FcSK37R1h6LxhF_J_Tu4IupEiY.ZgoZ2t0wMF1BJKQDfCXXK4ojYuUew0DaxGYn0zbkiV8&dib_tag=se&m=A31NFQQ4065CWX&marketplaceID=A19VAU5U5O7RUS&qid=1773376962&refinements=p_36%3A9500-10000&s=merchant-items&sr=1-216&xpid=fFiMQgBxAhMWv#customerReviews,"Skater STB2N-A My Neighbor Totoro Stainless Steel Tumbler, 8.5 fl oz (250 ml), Ghibli"
B07BYR6NTG,,,,
B00IWD9XKU,,106.55,https://www.amazon.sg/ENGINEER-PAD-13-Automotive-Connector-interchangeable/dp/B00IWD9XKU/ref=sr_1_217?dib=eyJ2IjoiMSJ9.PxreDlRmn9n2IEDMpleIozZsidKUx8NSHRQQarTunw21ky0wKijhd8figkqGIHsdVApOhU7D7_2_u6WlOH9DB5H05dcbjrwj5AiqcWku92dL-59vpTvZF-5qQiguL_bcLJhurZzgPE63TbQ54FcSK37R1h6LxhF_J_Tu4IupEiY.ZgoZ2t0wMF1BJKQDfCXXK4ojYuUew0DaxGYn0zbkiV8&dib_tag=se&m=A31NFQQ4065CWX&marketplaceID=A19VAU5U5O7RUS&qid=1773376962&refinements=p_36%3A9500-10000&s=merchant-items&sr=1-217&xpid=fFiMQgBxAhMWv#customerReviews,"ENGINEER PAD-13 Open Barrel, Automotive Connector, Crimp Tool, 5 crimper dies loaded, dies plate interchangeable"
B00IWD9XKU,,,,
B09BCK6MFR,,98.85,https://www.amazon.sg/Tamashi-Nations-Version-N-I-M-Spirits/dp/B09BCK6MFR/ref=sr_1_218?dib=eyJ2IjoiMSJ9.PxreDlRmn9n2IEDMpleIozZsidKUx8NSHRQQarTunw21ky0wKijhd8figkqGIHsdVApOhU7D7_2_u6WlOH9DB5H05dcbjrwj5AiqcWku92dL-59vpTvZF-5qQiguL_bcLJhurZzgPE63TbQ54FcSK37R1h6LxhF_J_Tu4IupEiY.ZgoZ2t0wMF1BJKQDfCXXK4ojYuUew0DaxGYn0zbkiV8&dib_tag=se&m=A31NFQQ4065CWX&marketplaceID=A19VAU5U5O7RUS&qid=1773376962&refinements=p_36%3A9500-10000&s=merchant-items&sr=1-218&xpid=fFiMQgBxAhMWv#customerReviews,"Tamashi Nations - Mobile Suit Gundam: The 08th MS Team Option Parts Set Version A.N.I.M.E., Bandai Spirits The Robot Spirits"
B0C7BPVF8X,,97.69,https://www.amazon.sg/Shimano-4000-Sedona-Spinning-Reel/dp/B0C7BPVF8X/ref=sr_1_219?dib=eyJ2IjoiMSJ9.PxreDlRmn9n2IEDMpleIozZsidKUx8NSHRQQarTunw21ky0wKijhd8figkqGIHsdVApOhU7D7_2_u6WlOH9DB5H05dcbjrwj5AiqcWku92dL-59vpTvZF-5qQiguL_bcLJhurZzgPE63TbQ54FcSK37R1h6LxhF_J_Tu4IupEiY.ZgoZ2t0wMF1BJKQDfCXXK4ojYuUew0DaxGYn0zbkiV8&dib_tag=se&m=A31NFQQ4065CWX&marketplaceID=A19VAU5U5O7RUS&qid=1773376962&refinements=p_36%3A9500-10000&s=merchant-items&sr=1-219&xpid=fFiMQgBxAhMWv#customerReviews,"SHIMANO 500–C5000XG 23 Sedona Spinning Reel, Various Models"
B0C7BPVF8X,,,,
B09BCK6MFR,,98.85,https://www.amazon.sg/Tamashi-Nations-Version-N-I-M-Spirits/dp/B09BCK6MFR/ref=sr_1_225?dib=eyJ2IjoiMSJ9.UY3HAbQdzvn_B6yPLNaIAauVsEMC838cnNq38JhXr3ZHd7gJ4Wq9P9laJOSVVtEnc50KAYwKVqty9Qez8mrxgQ.-NaqaAyTk7BPLmuuNjQNCjjSIfE_UyhtrSn6-0xi0XI&dib_tag=se&m=A31NFQQ4065CWX&marketplaceID=A19VAU5U5O7RUS&qid=1773376967&refinements=p_36%3A9500-10000&s=merchant-items&sr=1-225&xpid=fFiMQgBxAhMWv#customerReviews,"Tamashi Nations - Mobile Suit Gundam: The 08th MS Team Option Parts Set Version A.N.I.M.E., Bandai Spirits The Robot Spirits"
B0C7BPVF8X,,97.69,https://www.amazon.sg/Shimano-4000-Sedona-Spinning-Reel/dp/B0C7BPVF8X/ref=sr_1_226?dib=eyJ2IjoiMSJ9.UY3HAbQdzvn_B6yPLNaIAauVsEMC838cnNq38JhXr3ZHd7gJ4Wq9P9laJOSVVtEnc50KAYwKVqty9Qez8mrxgQ.-NaqaAyTk7BPLmuuNjQNCjjSIfE_UyhtrSn6-0xi0XI&dib_tag=se&m=A31NFQQ4065CWX&marketplaceID=A19VAU5U5O7RUS&qid=1773376967&refinements=p_36%3A9500-10000&s=merchant-items&sr=1-226&xpid=fFiMQgBxAhMWv#customerReviews,"SHIMANO 500–C5000XG 23 Sedona Spinning Reel, Various Models"
B0C7BPVF8X,,,,
B0C7BKWR3K,,96.94,https://www.amazon.sg/Shimano-Sedona-500-Spinning-Reel/dp/B0C7BKWR3K/ref=sr_1_227?dib=eyJ2IjoiMSJ9.UY3HAbQdzvn_B6yPLNaIAauVsEMC838cnNq38JhXr3ZHd7gJ4Wq9P9laJOSVVtEnc50KAYwKVqty9Qez8mrxgQ.-NaqaAyTk7BPLmuuNjQNCjjSIfE_UyhtrSn6-0xi0XI&dib_tag=se&m=A31NFQQ4065CWX&marketplaceID=A19VAU5U5O7RUS&qid=1773376967&refinements=p_36%3A9500-10000&s=merchant-items&sr=1-227&xpid=fFiMQgBxAhMWv#customerReviews,"SHIMANO 500–C5000XG 23 Sedona Spinning Reel, Various Models"
B0C7BKWR3K,,,,
B0C7BJ48PV,,99.41,https://www.amazon.sg/Shimano-Sedona-2500S-Spinning-Reel/dp/B0C7BJ48PV/ref=sr_1_228?dib=eyJ2IjoiMSJ9.UY3HAbQdzvn_B6yPLNaIAauVsEMC838cnNq38JhXr3ZHd7gJ4Wq9P9laJOSVVtEnc50KAYwKVqty9Qez8mrxgQ.-NaqaAyTk7BPLmuuNjQNCjjSIfE_UyhtrSn6-0xi0XI&dib_tag=se&m=A31NFQQ4065CWX&marketplaceID=A19VAU5U5O7RUS&qid=1773376967&refinements=p_36%3A9500-10000&s=merchant-items&sr=1-228&xpid=fFiMQgBxAhMWv#customerReviews,"SHIMANO 500–C5000XG 23 Sedona Spinning Reel, Various Models"
B0C7BJ48PV,,,,
B0BXX4L6ZL,,99.05,https://www.amazon.sg/Zenith-Okuma-Multi-Striker-V-MSV-101A/dp/B0BXX4L6ZL/ref=sr_1_229?dib=eyJ2IjoiMSJ9.UY3HAbQdzvn_B6yPLNaIAauVsEMC838cnNq38JhXr3ZHd7gJ4Wq9P9laJOSVVtEnc50KAYwKVqty9Qez8mrxgQ.-NaqaAyTk7BPLmuuNjQNCjjSIfE_UyhtrSn6-0xi0XI&dib_tag=se&m=A31NFQQ4065CWX&marketplaceID=A19VAU5U5O7RUS&qid=1773376967&refinements=p_36%3A9500-10000&s=merchant-items&sr=1-229&xpid=fFiMQgBxAhMWv#customerReviews,Okuma MULTISTRIKER V Multi-Striker V Sailfish Boat Fishing
B0BXX4L6ZL,,,,
B07CV67HHJ,,97.73,https://www.amazon.sg/Macally-Ultra-Wired-Computer-Keyboard/dp/B07CV67HHJ/ref=sr_1_225?dib=eyJ2IjoiMSJ9.SnJoRweEQ-VMkDGpgLjdrMijI1z3oB_DgMVxBFOKnweKlWwl058zluMaicnFOVbdMa7YEboXAvNEdRSfJnjH1NP2Z5YDw1svRS3BZ28Gji-f-Edek_IgYJFHJ1ooH6V5fW_RAZ2wrzAQx7xcoXNufzuBrhVyEijNE7XHqXDNibE.5EDoUn_3dRl7re9hpPr1moLzUQuL5hno-NZy0-aGVMQ&dib_tag=se&m=A31NFQQ4065CWX&marketplaceID=A19VAU5U5O7RUS&qid=1773376967&refinements=p_36%3A9500-10000&s=merchant-items&sr=1-225&xpid=fFiMQgBxAhMWv#customerReviews,Macally Ultra Slim USB Wired Computer Keyboard - Compatible Apple Keyboard or Windows - Full Size with 20 Mac Keyboard Keys -with Numeric Keypad - Silver Aluminum Finish
B07CV67HHJ,,,,
B001QEIYBG,,95.39,https://www.amazon.sg/Noritake-Y6578A-1507-14-Changing-Porcelain/dp/B001QEIYBG/ref=sr_1_226?dib=eyJ2IjoiMSJ9.SnJoRweEQ-VMkDGpgLjdrMijI1z3oB_DgMVxBFOKnweKlWwl058zluMaicnFOVbdMa7YEboXAvNEdRSfJnjH1NP2Z5YDw1svRS3BZ28Gji-f-Edek_IgYJFHJ1ooH6V5fW_RAZ2wrzAQx7xcoXNufzuBrhVyEijNE7XHqXDNibE.5EDoUn_3dRl7re9hpPr1moLzUQuL5hno-NZy0-aGVMQ&dib_tag=se&m=A31NFQQ4065CWX&marketplaceID=A19VAU5U5O7RUS&qid=1773376967&refinements=p_36%3A9500-10000&s=merchant-items&sr=1-226&xpid=fFiMQgBxAhMWv#customerReviews,Noritake Y6578A/1507-14 Cup & Saucer Color Changing Pair Set (Coffee & Tea) 220cc Racewood Gold 2 Guests Blue Pink Fine Porcelain
B001QEIYBG,,,,
B0C3GLD27D,,98.41,https://www.amazon.sg/Pok%C3%A9mon-Pokepiece-Belamping-Terrace-Potchama/dp/B0C3GLD27D/ref=sr_1_227?dib=eyJ2IjoiMSJ9.SnJoRweEQ-VMkDGpgLjdrMijI1z3oB_DgMVxBFOKnweKlWwl058zluMaicnFOVbdMa7YEboXAvNEdRSfJnjH1NP2Z5YDw1svRS3BZ28Gji-f-Edek_IgYJFHJ1ooH6V5fW_RAZ2wrzAQx7xcoXNufzuBrhVyEijNE7XHqXDNibE.5EDoUn_3dRl7re9hpPr1moLzUQuL5hno-NZy0-aGVMQ&dib_tag=se&m=A31NFQQ4065CWX&marketplaceID=A19VAU5U5O7RUS&qid=1773376967&refinements=p_36%3A9500-10000&s=merchant-items&sr=1-227&xpid=fFiMQgBxAhMWv#customerReviews,Pokémon Pokémon Pokepiece House Belamping Terrace Mokuro & Potchama
B0BM3MKDBG,,98.47,https://www.amazon.sg/SEGA-Goods-Chainsaw-Man-Statuette/dp/B0BM3MKDBG/ref=sr_1_228?dib=eyJ2IjoiMSJ9.SnJoRweEQ-VMkDGpgLjdrMijI1z3oB_DgMVxBFOKnweKlWwl058zluMaicnFOVbdMa7YEboXAvNEdRSfJnjH1NP2Z5YDw1svRS3BZ28Gji-f-Edek_IgYJFHJ1ooH6V5fW_RAZ2wrzAQx7xcoXNufzuBrhVyEijNE7XHqXDNibE.5EDoUn_3dRl7re9hpPr1moLzUQuL5hno-NZy0-aGVMQ&dib_tag=se&m=A31NFQQ4065CWX&marketplaceID=A19VAU5U5O7RUS&qid=1773376967&refinements=p_36%3A9500-10000&s=merchant-items&sr=1-228&xpid=fFiMQgBxAhMWv#customerReviews,SEGA Goods Chainsaw Man - Makima - Statuette Luminasta 22cm
B0C7Q38QXD,,95.1,https://www.amazon.sg/Bottleman-BOT-56-Black-Dragon-King/dp/B0C7Q38QXD/ref=sr_1_229?dib=eyJ2IjoiMSJ9.SnJoRweEQ-VMkDGpgLjdrMijI1z3oB_DgMVxBFOKnweKlWwl058zluMaicnFOVbdMa7YEboXAvNEdRSfJnjH1NP2Z5YDw1svRS3BZ28Gji-f-Edek_IgYJFHJ1ooH6V5fW_RAZ2wrzAQx7xcoXNufzuBrhVyEijNE7XHqXDNibE.5EDoUn_3dRl7re9hpPr1moLzUQuL5hno-NZy0-aGVMQ&dib_tag=se&m=A31NFQQ4065CWX&marketplaceID=A19VAU5U5O7RUS&qid=1773376967&refinements=p_36%3A9500-10000&s=merchant-items&sr=1-229&xpid=fFiMQgBxAhMWv#customerReviews,Bottleman BOT-56 Black Dragon King G
B0BGK1S623,,99.67,https://www.amazon.sg/Skater-KSTCH6-Snoopy-Two-Tone-Included/dp/B0BGK1S623/ref=sr_1_230?dib=eyJ2IjoiMSJ9.SnJoRweEQ-VMkDGpgLjdrMijI1z3oB_DgMVxBFOKnweKlWwl058zluMaicnFOVbdMa7YEboXAvNEdRSfJnjH1NP2Z5YDw1svRS3BZ28Gji-f-Edek_IgYJFHJ1ooH6V5fW_RAZ2wrzAQx7xcoXNufzuBrhVyEijNE7XHqXDNibE.5EDoUn_3dRl7re9hpPr1moLzUQuL5hno-NZy0-aGVMQ&dib_tag=se&m=A31NFQQ4065CWX&marketplaceID=A19VAU5U5O7RUS&qid=1773376967&refinements=p_36%3A9500-10000&s=merchant-items&sr=1-230&xpid=fFiMQgBxAhMWv#customerReviews,"Skater KSTCH6-A Snoopy Two-Tone Water Bottle, 20.1 fl oz (600 ml), Cover Included"
B0BGK1S623,,,,
B0CDFXTG41,,99.46,https://www.amazon.sg/Megahouse-Monkey-Nyanto-Collectible-Figure/dp/B0CDFXTG41/ref=sr_1_231?dib=eyJ2IjoiMSJ9.SnJoRweEQ-VMkDGpgLjdrMijI1z3oB_DgMVxBFOKnweKlWwl058zluMaicnFOVbdMa7YEboXAvNEdRSfJnjH1NP2Z5YDw1svRS3BZ28Gji-f-Edek_IgYJFHJ1ooH6V5fW_RAZ2wrzAQx7xcoXNufzuBrhVyEijNE7XHqXDNibE.5EDoUn_3dRl7re9hpPr1moLzUQuL5hno-NZy0-aGVMQ&dib_tag=se&m=A31NFQQ4065CWX&marketplaceID=A19VAU5U5O7RUS&qid=1773376967&refinements=p_36%3A9500-10000&s=merchant-items&sr=1-231&xpid=fFiMQgBxAhMWv#customerReviews,"Megahouse - One Piece - Monkey D. Luffy, Nyanto! The Big ONE Piece Series Collectible Figure"
B0CGQZ93Q1,,102.63,https://www.amazon.sg/Takara-Plarail-Class-Express-Thunderbird/dp/B0CGQZ93Q1/ref=sr_1_232?dib=eyJ2IjoiMSJ9.SnJoRweEQ-VMkDGpgLjdrMijI1z3oB_DgMVxBFOKnweKlWwl058zluMaicnFOVbdMa7YEboXAvNEdRSfJnjH1NP2Z5YDw1svRS3BZ28Gji-f-Edek_IgYJFHJ1ooH6V5fW_RAZ2wrzAQx7xcoXNufzuBrhVyEijNE7XHqXDNibE.5EDoUn_3dRl7re9hpPr1moLzUQuL5hno-NZy0-aGVMQ&dib_tag=se&m=A31NFQQ4065CWX&marketplaceID=A19VAU5U5O7RUS&qid=1773376967&refinements=p_36%3A9500-10000&s=merchant-items&sr=1-232&xpid=fFiMQgBxAhMWv#customerReviews,Takara Tomy Plarail Real Class 485 Series Express Train (Thunderbird)
B0CGQZ93Q1,,,,
B0BZZLT1F8,,106.33,https://www.amazon.sg/Banpresto-Slayer-Kimetsu-Vol-41-Statue/dp/B0BZZLT1F8/ref=sr_1_233?dib=eyJ2IjoiMSJ9.SnJoRweEQ-VMkDGpgLjdrMijI1z3oB_DgMVxBFOKnweKlWwl058zluMaicnFOVbdMa7YEboXAvNEdRSfJnjH1NP2Z5YDw1svRS3BZ28Gji-f-Edek_IgYJFHJ1ooH6V5fW_RAZ2wrzAQx7xcoXNufzuBrhVyEijNE7XHqXDNibE.5EDoUn_3dRl7re9hpPr1moLzUQuL5hno-NZy0-aGVMQ&dib_tag=se&m=A31NFQQ4065CWX&marketplaceID=A19VAU5U5O7RUS&qid=1773376967&refinements=p_36%3A9500-10000&s=merchant-items&sr=1-233&xpid=fFiMQgBxAhMWv#customerReviews,Banpresto - Demon Slayer: Kimetsu No Yaiba - Vol.41 Kanae Kocho Statue
B088934NTJ,,95.34,https://www.amazon.sg/TOTO-YH600FMR-EL-Double-Toilet/dp/B088934NTJ/ref=sr_1_234?dib=eyJ2IjoiMSJ9.SnJoRweEQ-VMkDGpgLjdrMijI1z3oB_DgMVxBFOKnweKlWwl058zluMaicnFOVbdMa7YEboXAvNEdRSfJnjH1NP2Z5YDw1svRS3BZ28Gji-f-Edek_IgYJFHJ1ooH6V5fW_RAZ2wrzAQx7xcoXNufzuBrhVyEijNE7XHqXDNibE.5EDoUn_3dRl7re9hpPr1moLzUQuL5hno-NZy0-aGVMQ&dib_tag=se&m=A31NFQQ4065CWX&marketplaceID=A19VAU5U5O7RUS&qid=1773376967&refinements=p_36%3A9500-10000&s=merchant-items&sr=1-234&xpid=fFiMQgBxAhMWv#customerReviews,TOTO YH600FMR #EL Light Wood N Double Toilet Paper Holder with Shelf (Wood)
B088934NTJ,,,,
B01FLHV690,,96.57,https://www.amazon.sg/Kaweco-CSP-RD-Classic-Mechanical-Pencil/dp/B01FLHV690/ref=sr_1_235?dib=eyJ2IjoiMSJ9.SnJoRweEQ-VMkDGpgLjdrMijI1z3oB_DgMVxBFOKnweKlWwl058zluMaicnFOVbdMa7YEboXAvNEdRSfJnjH1NP2Z5YDw1svRS3BZ28Gji-f-Edek_IgYJFHJ1ooH6V5fW_RAZ2wrzAQx7xcoXNufzuBrhVyEijNE7XHqXDNibE.5EDoUn_3dRl7re9hpPr1moLzUQuL5hno-NZy0-aGVMQ&dib_tag=se&m=A31NFQQ4065CWX&marketplaceID=A19VAU5U5O7RUS&qid=1773376967&refinements=p_36%3A9500-10000&s=merchant-items&sr=1-235&xpid=fFiMQgBxAhMWv#customerReviews,"Kaweco CSP-RD Classic Sport Mechanical Pencil, Red, 0.1 inch (3.2 mm)"
B01FLHV690,,,,
B0CDFXTG41,,99.46,https://www.amazon.sg/Megahouse-Monkey-Nyanto-Collectible-Figure/dp/B0CDFXTG41/ref=sr_1_241?dib=eyJ2IjoiMSJ9.QLSG1pG1ijcQBxJ-0QN9KmSZgO-yGSbyI9g_MV8gIjMLYwsF8hmvTEet3Thbh1VZg5ZLdC3bzoJ1fWB7Jn-jIg.3sbf2rfOGlYa2CgtoA1mygd31vLooHGvmvVWLePDVpA&dib_tag=se&m=A31NFQQ4065CWX&marketplaceID=A19VAU5U5O7RUS&qid=1773376972&refinements=p_36%3A9500-10000&s=merchant-items&sr=1-241&xpid=fFiMQgBxAhMWv#customerReviews,"Megahouse - One Piece - Monkey D. Luffy, Nyanto! The Big ONE Piece Series Collectible Figure"
B0CGQZ93Q1,,102.63,https://www.amazon.sg/Takara-Plarail-Class-Express-Thunderbird/dp/B0CGQZ93Q1/ref=sr_1_242?dib=eyJ2IjoiMSJ9.QLSG1pG1ijcQBxJ-0QN9KmSZgO-yGSbyI9g_MV8gIjMLYwsF8hmvTEet3Thbh1VZg5ZLdC3bzoJ1fWB7Jn-jIg.3sbf2rfOGlYa2CgtoA1mygd31vLooHGvmvVWLePDVpA&dib_tag=se&m=A31NFQQ4065CWX&marketplaceID=A19VAU5U5O7RUS&qid=1773376972&refinements=p_36%3A9500-10000&s=merchant-items&sr=1-242&xpid=fFiMQgBxAhMWv#customerReviews,Takara Tomy Plarail Real Class 485 Series Express Train (Thunderbird)
B0CGQZ93Q1,,,,
B0BZZLT1F8,,106.33,https://www.amazon.sg/Banpresto-Slayer-Kimetsu-Vol-41-Statue/dp/B0BZZLT1F8/ref=sr_1_243?dib=eyJ2IjoiMSJ9.QLSG1pG1ijcQBxJ-0QN9KmSZgO-yGSbyI9g_MV8gIjMLYwsF8hmvTEet3Thbh1VZg5ZLdC3bzoJ1fWB7Jn-jIg.3sbf2rfOGlYa2CgtoA1mygd31vLooHGvmvVWLePDVpA&dib_tag=se&m=A31NFQQ4065CWX&marketplaceID=A19VAU5U5O7RUS&qid=1773376972&refinements=p_36%3A9500-10000&s=merchant-items&sr=1-243&xpid=fFiMQgBxAhMWv#customerReviews,Banpresto - Demon Slayer: Kimetsu No Yaiba - Vol.41 Kanae Kocho Statue
B088934NTJ,,95.34,https://www.amazon.sg/TOTO-YH600FMR-EL-Double-Toilet/dp/B088934NTJ/ref=sr_1_244?dib=eyJ2IjoiMSJ9.QLSG1pG1ijcQBxJ-0QN9KmSZgO-yGSbyI9g_MV8gIjMLYwsF8hmvTEet3Thbh1VZg5ZLdC3bzoJ1fWB7Jn-jIg.3sbf2rfOGlYa2CgtoA1mygd31vLooHGvmvVWLePDVpA&dib_tag=se&m=A31NFQQ4065CWX&marketplaceID=A19VAU5U5O7RUS&qid=1773376972&refinements=p_36%3A9500-10000&s=merchant-items&sr=1-244&xpid=fFiMQgBxAhMWv#customerReviews,TOTO YH600FMR #EL Light Wood N Double Toilet Paper Holder with Shelf (Wood)
B088934NTJ,,,,
B01FLHV690,,96.57,https://www.amazon.sg/Kaweco-CSP-RD-Classic-Mechanical-Pencil/dp/B01FLHV690/ref=sr_1_245?dib=eyJ2IjoiMSJ9.QLSG1pG1ijcQBxJ-0QN9KmSZgO-yGSbyI9g_MV8gIjMLYwsF8hmvTEet3Thbh1VZg5ZLdC3bzoJ1fWB7Jn-jIg.3sbf2rfOGlYa2CgtoA1mygd31vLooHGvmvVWLePDVpA&dib_tag=se&m=A31NFQQ4065CWX&marketplaceID=A19VAU5U5O7RUS&qid=1773376972&refinements=p_36%3A9500-10000&s=merchant-items&sr=1-245&xpid=fFiMQgBxAhMWv#customerReviews,"Kaweco CSP-RD Classic Sport Mechanical Pencil, Red, 0.1 inch (3.2 mm)"
B01FLHV690,,,,
B00ATVEL78,,95.26,https://www.amazon.sg/JEJ-Astage-All-Box-Double/dp/B00ATVEL78/ref=sr_1_241?dib=eyJ2IjoiMSJ9.lri5aKf4UvXwCSf-5iTVKoMrb0wWlbo99E_DwDjfWe0Cxv6BaC8I022crZimv2br44kzpOWAam5XRqiWgboA8UUktUhBBSDxgByNEYHW7MlEMuuW7UjtxYuZWI5TgZZHBQ_C_3EIirfAAV6zaZAnlscj0pVfwp12ilnK-0ztsJ0.hQnILDbFUjpm7_IuIzQapjnUQ0-vji9NsUv9BgBJ624&dib_tag=se&m=A31NFQQ4065CWX&marketplaceID=A19VAU5U5O7RUS&qid=1773376972&refinements=p_36%3A9500-10000&s=merchant-items&sr=1-241&xpid=fFiMQgBxAhMWv#customerReviews,"JEJ Astage All-in-Box Double Tray, Blue, (W x D x H): 13.3 x 7.7 x 6.2 inches (33.7 x 19.6 x 15.9 cm), DIY Tools, Hobby, Leisure Supplies, Storage"
B00ATVEL78,,,,
B001OUX1V0,,96.85,https://www.amazon.sg/Pelikan-Leather-Double-Black-923417/dp/B001OUX1V0/ref=sr_1_242?dib=eyJ2IjoiMSJ9.lri5aKf4UvXwCSf-5iTVKoMrb0wWlbo99E_DwDjfWe0Cxv6BaC8I022crZimv2br44kzpOWAam5XRqiWgboA8UUktUhBBSDxgByNEYHW7MlEMuuW7UjtxYuZWI5TgZZHBQ_C_3EIirfAAV6zaZAnlscj0pVfwp12ilnK-0ztsJ0.hQnILDbFUjpm7_IuIzQapjnUQ0-vji9NsUv9BgBJ624&dib_tag=se&m=A31NFQQ4065CWX&marketplaceID=A19VAU5U5O7RUS&qid=1773376972&refinements=p_36%3A9500-10000&s=merchant-items&sr=1-242&xpid=fFiMQgBxAhMWv#customerReviews,Pelikan Leather Double Pen Case Black (923417)
B001OUX1V0,,,,
B09YHD3KXH,,95.46,https://www.amazon.sg/Nendoroid-Matrix-Non-Scale-Plastic-Pre-Painted/dp/B09YHD3KXH/ref=sr_1_243?dib=eyJ2IjoiMSJ9.lri5aKf4UvXwCSf-5iTVKoMrb0wWlbo99E_DwDjfWe0Cxv6BaC8I022crZimv2br44kzpOWAam5XRqiWgboA8UUktUhBBSDxgByNEYHW7MlEMuuW7UjtxYuZWI5TgZZHBQ_C_3EIirfAAV6zaZAnlscj0pVfwp12ilnK-0ztsJ0.hQnILDbFUjpm7_IuIzQapjnUQ0-vji9NsUv9BgBJ624&dib_tag=se&m=A31NFQQ4065CWX&marketplaceID=A19VAU5U5O7RUS&qid=1773376972&refinements=p_36%3A9500-10000&s=merchant-items&sr=1-243&xpid=fFiMQgBxAhMWv#customerReviews,Nendoroid Matrix Neo Non-Scale Plastic Pre-Painted Action Figure
B0CDRLJ8DG,,102.94,https://www.amazon.sg/TAMASHII-NATIONS-Kamen-Rider-ARTlized/dp/B0CDRLJ8DG/ref=sr_1_244?dib=eyJ2IjoiMSJ9.lri5aKf4UvXwCSf-5iTVKoMrb0wWlbo99E_DwDjfWe0Cxv6BaC8I022crZimv2br44kzpOWAam5XRqiWgboA8UUktUhBBSDxgByNEYHW7MlEMuuW7UjtxYuZWI5TgZZHBQ_C_3EIirfAAV6zaZAnlscj0pVfwp12ilnK-0ztsJ0.hQnILDbFUjpm7_IuIzQapjnUQ0-vji9NsUv9BgBJ624&dib_tag=se&m=A31NFQQ4065CWX&marketplaceID=A19VAU5U5O7RUS&qid=1773376972&refinements=p_36%3A9500-10000&s=merchant-items&sr=1-244&xpid=fFiMQgBxAhMWv#customerReviews,"TAMASHII NATIONS BOX Kamen Rider ARTlized - Ikuzo! Rider Kick!!- (Box) Approx. 3.5 inches (90 mm), PVC & ABS, Painted Finished Figure"
B07SZ6SLNW,,97.88,https://www.amazon.sg/Underground-Training-Fitness-Running-Barefoot/dp/B07SZ6SLNW/ref=sr_1_245?dib=eyJ2IjoiMSJ9.lri5aKf4UvXwCSf-5iTVKoMrb0wWlbo99E_DwDjfWe0Cxv6BaC8I022crZimv2br44kzpOWAam5XRqiWgboA8UUktUhBBSDxgByNEYHW7MlEMuuW7UjtxYuZWI5TgZZHBQ_C_3EIirfAAV6zaZAnlscj0pVfwp12ilnK-0ztsJ0.hQnILDbFUjpm7_IuIzQapjnUQ0-vji9NsUv9BgBJ624&dib_tag=se&m=A31NFQQ4065CWX&marketplaceID=A19VAU5U5O7RUS&qid=1773376972&refinements=p_36%3A9500-10000&s=merchant-items&sr=1-245&xpid=fFiMQgBxAhMWv#customerReviews,Marugo Tabi Action Shoes Split Toe Breathable Sneakers Sports Jog II
B0BNHLC9Z9,,95.22,https://www.amazon.sg/Anello-GTM0334Z-Shoulder-Multiple-Storage/dp/B0BNHLC9Z9/ref=sr_1_246?dib=eyJ2IjoiMSJ9.lri5aKf4UvXwCSf-5iTVKoMrb0wWlbo99E_DwDjfWe0Cxv6BaC8I022crZimv2br44kzpOWAam5XRqiWgboA8UUktUhBBSDxgByNEYHW7MlEMuuW7UjtxYuZWI5TgZZHBQ_C_3EIirfAAV6zaZAnlscj0pVfwp12ilnK-0ztsJ0.hQnILDbFUjpm7_IuIzQapjnUQ0-vji9NsUv9BgBJ624&dib_tag=se&m=A31NFQQ4065CWX&marketplaceID=A19VAU5U5O7RUS&qid=1773376972&refinements=p_36%3A9500-10000&s=merchant-items&sr=1-246&xpid=fFiMQgBxAhMWv#customerReviews,"Anello Grande GTM0334Z Shoulder Bag, A4, Multiple Storage"
B0BNHLC9Z9,,,,
B085WFNHCL,,102.3,https://www.amazon.sg/Anello-Grande-GT-T0474-Shoulder-Black/dp/B085WFNHCL/ref=sr_1_247?dib=eyJ2IjoiMSJ9.lri5aKf4UvXwCSf-5iTVKoMrb0wWlbo99E_DwDjfWe0Cxv6BaC8I022crZimv2br44kzpOWAam5XRqiWgboA8UUktUhBBSDxgByNEYHW7MlEMuuW7UjtxYuZWI5TgZZHBQ_C_3EIirfAAV6zaZAnlscj0pVfwp12ilnK-0ztsJ0.hQnILDbFUjpm7_IuIzQapjnUQ0-vji9NsUv9BgBJ624&dib_tag=se&m=A31NFQQ4065CWX&marketplaceID=A19VAU5U5O7RUS&qid=1773376972&refinements=p_36%3A9500-10000&s=merchant-items&sr=1-247&xpid=fFiMQgBxAhMWv#customerReviews,Anello Grande GL GT-T0474 Shoulder Bag
B085WFNHCL,,,,
B00SBSOTGO,,95.0,https://www.amazon.sg/Meinl-Percussion-CFT5-BK-Tambourine-Jingles/dp/B00SBSOTGO/ref=sr_1_248?dib=eyJ2IjoiMSJ9.lri5aKf4UvXwCSf-5iTVKoMrb0wWlbo99E_DwDjfWe0Cxv6BaC8I022crZimv2br44kzpOWAam5XRqiWgboA8UUktUhBBSDxgByNEYHW7MlEMuuW7UjtxYuZWI5TgZZHBQ_C_3EIirfAAV6zaZAnlscj0pVfwp12ilnK-0ztsJ0.hQnILDbFUjpm7_IuIzQapjnUQ0-vji9NsUv9BgBJ624&dib_tag=se&m=A31NFQQ4065CWX&marketplaceID=A19VAU5U5O7RUS&qid=1773376972&refinements=p_36%3A9500-10000&s=merchant-items&sr=1-248&xpid=fFiMQgBxAhMWv#customerReviews,"Meinl Percussion CFT5-BK Cajon Foot Tambourine with Steel Jingles, Black"
B00SBSOTGO,,,,
B0B3DG6K2X,,96.62,https://www.amazon.sg/Weapon-Princess-Shaped-Approx-Plastic/dp/B0B3DG6K2X/ref=sr_1_249?dib=eyJ2IjoiMSJ9.lri5aKf4UvXwCSf-5iTVKoMrb0wWlbo99E_DwDjfWe0Cxv6BaC8I022crZimv2br44kzpOWAam5XRqiWgboA8UUktUhBBSDxgByNEYHW7MlEMuuW7UjtxYuZWI5TgZZHBQ_C_3EIirfAAV6zaZAnlscj0pVfwp12ilnK-0ztsJ0.hQnILDbFUjpm7_IuIzQapjnUQ0-vji9NsUv9BgBJ624&dib_tag=se&m=A31NFQQ4065CWX&marketplaceID=A19VAU5U5O7RUS&qid=1773376972&refinements=p_36%3A9500-10000&s=merchant-items&sr=1-249&xpid=fFiMQgBxAhMWv#customerReviews,"Weapon God Princess KP377 Angel Shaped Arnval, Total Height Approx. 7.9 inches (200 mm), 1/1 Scale, Plastic Model, Molded Color"
B0BGK21PNJ,,99.67,https://www.amazon.sg/Skater-KSTCH6-Disney-Water-Bottle/dp/B0BGK21PNJ/ref=sr_1_250?dib=eyJ2IjoiMSJ9.lri5aKf4UvXwCSf-5iTVKoMrb0wWlbo99E_DwDjfWe0Cxv6BaC8I022crZimv2br44kzpOWAam5XRqiWgboA8UUktUhBBSDxgByNEYHW7MlEMuuW7UjtxYuZWI5TgZZHBQ_C_3EIirfAAV6zaZAnlscj0pVfwp12ilnK-0ztsJ0.hQnILDbFUjpm7_IuIzQapjnUQ0-vji9NsUv9BgBJ624&dib_tag=se&m=A31NFQQ4065CWX&marketplaceID=A19VAU5U5O7RUS&qid=1773376972&refinements=p_36%3A9500-10000&s=merchant-items&sr=1-250&xpid=fFiMQgBxAhMWv#customerReviews,"Skater KSTCH6-A Disney Chip & Dale Water Bottle, 20.3 fl oz (600 ml), Includes Cover, Girls"
B0BGK21PNJ,,,,
B00E59PO8K,,98.42,https://www.amazon.sg/Panasonic-Mens-Shaver-ES9032-blade/dp/B00E59PO8K/ref=sr_1_251?dib=eyJ2IjoiMSJ9.lri5aKf4UvXwCSf-5iTVKoMrb0wWlbo99E_DwDjfWe0Cxv6BaC8I022crZimv2br44kzpOWAam5XRqiWgboA8UUktUhBBSDxgByNEYHW7MlEMuuW7UjtxYuZWI5TgZZHBQ_C_3EIirfAAV6zaZAnlscj0pVfwp12ilnK-0ztsJ0.hQnILDbFUjpm7_IuIzQapjnUQ0-vji9NsUv9BgBJ624&dib_tag=se&m=A31NFQQ4065CWX&marketplaceID=A19VAU5U5O7RUS&qid=1773376972&refinements=p_36%3A9500-10000&s=merchant-items&sr=1-251&xpid=fFiMQgBxAhMWv#customerReviews,Panasonic Men's Shaver ES9032 blade set
B00E59PO8K,,,,
B0BGK21PNJ,,99.67,https://www.amazon.sg/Skater-KSTCH6-Disney-Water-Bottle/dp/B0BGK21PNJ/ref=sr_1_257?dib=eyJ2IjoiMSJ9.2QkNYtp7I0XLH8SAK4VwfXHxdYANcHL5MIx6bNZGc9LYNUX1ahPanQP18jE01B0eij2D6aHST-scKwwNKiJkAw.cmWnn8IinkJl2wajKWhzpQefThPTTmwlSKH5vOiD1hE&dib_tag=se&m=A31NFQQ4065CWX&marketplaceID=A19VAU5U5O7RUS&qid=1773376977&refinements=p_36%3A9500-10000&s=merchant-items&sr=1-257&xpid=fFiMQgBxAhMWv#customerReviews,"Skater KSTCH6-A Disney Chip & Dale Water Bottle, 20.3 fl oz (600 ml), Includes Cover, Girls"
B0BGK21PNJ,,,,
B00E59PO8K,,98.42,https://www.amazon.sg/Panasonic-Mens-Shaver-ES9032-blade/dp/B00E59PO8K/ref=sr_1_258?dib=eyJ2IjoiMSJ9.2QkNYtp7I0XLH8SAK4VwfXHxdYANcHL5MIx6bNZGc9LYNUX1ahPanQP18jE01B0eij2D6aHST-scKwwNKiJkAw.cmWnn8IinkJl2wajKWhzpQefThPTTmwlSKH5vOiD1hE&dib_tag=se&m=A31NFQQ4065CWX&marketplaceID=A19VAU5U5O7RUS&qid=1773376977&refinements=p_36%3A9500-10000&s=merchant-items&sr=1-258&xpid=fFiMQgBxAhMWv#customerReviews,Panasonic Men's Shaver ES9032 blade set
B00E59PO8K,,,,
B0B9WHSLTC,,96.09,https://www.amazon.sg/Yoshikawa-Sakura-SJ3419-Whistling-Compatible/dp/B0B9WHSLTC/ref=sr_1_259?dib=eyJ2IjoiMSJ9.2QkNYtp7I0XLH8SAK4VwfXHxdYANcHL5MIx6bNZGc9LYNUX1ahPanQP18jE01B0eij2D6aHST-scKwwNKiJkAw.cmWnn8IinkJl2wajKWhzpQefThPTTmwlSKH5vOiD1hE&dib_tag=se&m=A31NFQQ4065CWX&marketplaceID=A19VAU5U5O7RUS&qid=1773376977&refinements=p_36%3A9500-10000&s=merchant-items&sr=1-259&xpid=fFiMQgBxAhMWv#customerReviews,"Yoshikawa Sakura SJ3419 Whistling Kettle, Made in Japan, Compatible with Gas Fire, 0.7 gal (2.5 L), Sound When Hot Water Boils"
B0B9WHSLTC,,,,
B0B873W4PW,,99.51,https://www.amazon.sg/Tiger-Stainless-Insulated-Retention-MMZ-K35PWT/dp/B0B873W4PW/ref=sr_1_260?dib=eyJ2IjoiMSJ9.2QkNYtp7I0XLH8SAK4VwfXHxdYANcHL5MIx6bNZGc9LYNUX1ahPanQP18jE01B0eij2D6aHST-scKwwNKiJkAw.cmWnn8IinkJl2wajKWhzpQefThPTTmwlSKH5vOiD1hE&dib_tag=se&m=A31NFQQ4065CWX&marketplaceID=A19VAU5U5O7RUS&qid=1773376977&refinements=p_36%3A9500-10000&s=merchant-items&sr=1-260&xpid=fFiMQgBxAhMWv#customerReviews,"Tiger Water Bottle, 11.8 fl oz (350 ml), Screw, Mug Bottle, Stainless Steel Bottle, Vacuum Insulated Bottle, Hot and Cold Retention, For Home Use, Tumbler, Tiger & Tiggle MMZ-K35PWT"
B0B873W4PW,,,,
B0BCXD46X7,,98.22,https://www.amazon.sg/DAddario-Guitar-Strings-XSAPB1047-3P-Exceptional/dp/B0BCXD46X7/ref=sr_1_261?dib=eyJ2IjoiMSJ9.2QkNYtp7I0XLH8SAK4VwfXHxdYANcHL5MIx6bNZGc9LYNUX1ahPanQP18jE01B0eij2D6aHST-scKwwNKiJkAw.cmWnn8IinkJl2wajKWhzpQefThPTTmwlSKH5vOiD1hE&dib_tag=se&m=A31NFQQ4065CWX&marketplaceID=A19VAU5U5O7RUS&qid=1773376977&refinements=p_36%3A9500-10000&s=merchant-items&sr=1-261&xpid=fFiMQgBxAhMWv#customerReviews,"D'Addario Guitar Strings - XS Phosphor Bronze Coated Acoustic Guitar Strings - XSAPB1047-3P - Maximum Life with Smooth Feel & Exceptional Tone - For 6 String Guitars - 10-47 Extra Light, 3-Pack"
B0BCXD46X7,,,,
B00JR24JEA,,95.05,https://www.amazon.sg/Hosa-HMIC-Microphone-Cables-XLR3F/dp/B00JR24JEA/ref=sr_1_257?dib=eyJ2IjoiMSJ9.FKxYhhRRC2KuIgeq__Mf5guvMoQ3j7VjElV7cv3JlVhAGWFEsmDeAvw1wK1Gh6_A6_xgrbtsMo_T1L0OXqX3EHf_XdwXqoQ-MnCMKN-By7YCxQlta9K7IbTm7SG5VFlk9oaDqb7L9ojxtzH2BVYm4RgnR4QcjaKHKSvgtufZRgU.3bBUxkuNZ6h9PzEY3qS2AF6yjAiNtIVfMYu2-Z_-piQ&dib_tag=se&m=A31NFQQ4065CWX&marketplaceID=A19VAU5U5O7RUS&qid=1773376977&refinements=p_36%3A9500-10000&s=merchant-items&sr=1-257&xpid=fFiMQgBxAhMWv#customerReviews,Hosa HMIC Pro Microphone Cables REAN XLR3F to XLRM - (30 Feet) (Black)
B00JR24JEA,,,,
B0043AV4BW,,102.13,https://www.amazon.sg/Riverlite-Frying-Nitrided-Compatible-Resistant/dp/B0043AV4BW/ref=sr_1_258?dib=eyJ2IjoiMSJ9.FKxYhhRRC2KuIgeq__Mf5guvMoQ3j7VjElV7cv3JlVhAGWFEsmDeAvw1wK1Gh6_A6_xgrbtsMo_T1L0OXqX3EHf_XdwXqoQ-MnCMKN-By7YCxQlta9K7IbTm7SG5VFlk9oaDqb7L9ojxtzH2BVYm4RgnR4QcjaKHKSvgtufZRgU.3bBUxkuNZ6h9PzEY3qS2AF6yjAiNtIVfMYu2-Z_-piQ&dib_tag=se&m=A31NFQQ4065CWX&marketplaceID=A19VAU5U5O7RUS&qid=1773376977&refinements=p_36%3A9500-10000&s=merchant-items&sr=1-258&xpid=fFiMQgBxAhMWv#customerReviews,"Riverlite K1218 Pole Iron Frying Pan, 7.1 inches (18 cm), Nitrided, IH Compatible, Rust Resistant, Wok"
B0043AV4BW,,,,
B0C9FJ687D,,95.92,https://www.amazon.sg/Wolf-Tooth-LoneWolf-Chainguide-Braze/dp/B0C9FJ687D/ref=sr_1_259?dib=eyJ2IjoiMSJ9.FKxYhhRRC2KuIgeq__Mf5guvMoQ3j7VjElV7cv3JlVhAGWFEsmDeAvw1wK1Gh6_A6_xgrbtsMo_T1L0OXqX3EHf_XdwXqoQ-MnCMKN-By7YCxQlta9K7IbTm7SG5VFlk9oaDqb7L9ojxtzH2BVYm4RgnR4QcjaKHKSvgtufZRgU.3bBUxkuNZ6h9PzEY3qS2AF6yjAiNtIVfMYu2-Z_-piQ&dib_tag=se&m=A31NFQQ4065CWX&marketplaceID=A19VAU5U5O7RUS&qid=1773376977&refinements=p_36%3A9500-10000&s=merchant-items&sr=1-259&xpid=fFiMQgBxAhMWv#customerReviews,Wolf Tooth LoneWolf Aero Chainguide Braze-On Mount
B0C9FJ687D,,,,
B092DD51K9,,100.0,https://www.amazon.sg/AbuGarcia-CARDINAL-SX2500SH-Spinning-Replacement/dp/B092DD51K9/ref=sr_1_260?dib=eyJ2IjoiMSJ9.FKxYhhRRC2KuIgeq__Mf5guvMoQ3j7VjElV7cv3JlVhAGWFEsmDeAvw1wK1Gh6_A6_xgrbtsMo_T1L0OXqX3EHf_XdwXqoQ-MnCMKN-By7YCxQlta9K7IbTm7SG5VFlk9oaDqb7L9ojxtzH2BVYm4RgnR4QcjaKHKSvgtufZRgU.3bBUxkuNZ6h9PzEY3qS2AF6yjAiNtIVfMYu2-Z_-piQ&dib_tag=se&m=A31NFQQ4065CWX&marketplaceID=A19VAU5U5O7RUS&qid=1773376977&refinements=p_36%3A9500-10000&s=merchant-items&sr=1-260&xpid=fFiMQgBxAhMWv#customerReviews,Abu Garcia CardinalIII SX Spinning Reel with Various Replacement Spools
B092DD51K9,,,,
B005OH08I8,,97.02,https://www.amazon.sg/LIVE-LINE-R5MS-Stage-Sealed/dp/B005OH08I8/ref=sr_1_261?dib=eyJ2IjoiMSJ9.FKxYhhRRC2KuIgeq__Mf5guvMoQ3j7VjElV7cv3JlVhAGWFEsmDeAvw1wK1Gh6_A6_xgrbtsMo_T1L0OXqX3EHf_XdwXqoQ-MnCMKN-By7YCxQlta9K7IbTm7SG5VFlk9oaDqb7L9ojxtzH2BVYm4RgnR4QcjaKHKSvgtufZRgU.3bBUxkuNZ6h9PzEY3qS2AF6yjAiNtIVfMYu2-Z_-piQ&dib_tag=se&m=A31NFQQ4065CWX&marketplaceID=A19VAU5U5O7RUS&qid=1773376977&refinements=p_36%3A9500-10000&s=merchant-items&sr=1-261&xpid=fFiMQgBxAhMWv,"LIVE LINE LE-R5MS/L Live Line LE-Stage Series Sealed Cable, 16.4 ft (5 m), Red (Red)"
B005OH08I8,,,,
B09XTPYMRT,,95.22,https://www.amazon.sg/Mell-chan-Doll-Fashionable-Released-1851571/dp/B09XTPYMRT/ref=sr_1_262?dib=eyJ2IjoiMSJ9.FKxYhhRRC2KuIgeq__Mf5guvMoQ3j7VjElV7cv3JlVhAGWFEsmDeAvw1wK1Gh6_A6_xgrbtsMo_T1L0OXqX3EHf_XdwXqoQ-MnCMKN-By7YCxQlta9K7IbTm7SG5VFlk9oaDqb7L9ojxtzH2BVYm4RgnR4QcjaKHKSvgtufZRgU.3bBUxkuNZ6h9PzEY3qS2AF6yjAiNtIVfMYu2-Z_-piQ&dib_tag=se&m=A31NFQQ4065CWX&marketplaceID=A19VAU5U5O7RUS&qid=1773376977&refinements=p_36%3A9500-10000&s=merchant-items&sr=1-262&xpid=fFiMQgBxAhMWv,"Mell-chan Doll Set, Fashionable Hair Mell-chan (2022 Released), Pink 1851571"
B0BHD9C8CZ,,98.43,https://www.amazon.sg/HARIO-XRCP-1-Resistant-Contents-Microwave/dp/B0BHD9C8CZ/ref=sr_1_263?dib=eyJ2IjoiMSJ9.FKxYhhRRC2KuIgeq__Mf5guvMoQ3j7VjElV7cv3JlVhAGWFEsmDeAvw1wK1Gh6_A6_xgrbtsMo_T1L0OXqX3EHf_XdwXqoQ-MnCMKN-By7YCxQlta9K7IbTm7SG5VFlk9oaDqb7L9ojxtzH2BVYm4RgnR4QcjaKHKSvgtufZRgU.3bBUxkuNZ6h9PzEY3qS2AF6yjAiNtIVfMYu2-Z_-piQ&dib_tag=se&m=A31NFQQ4065CWX&marketplaceID=A19VAU5U5O7RUS&qid=1773376977&refinements=p_36%3A9500-10000&s=merchant-items&sr=1-263&xpid=fFiMQgBxAhMWv#customerReviews,"HARIO XRCP-1 Single Pair Set, Heat Resistant Glass, Visible Contents, Easy Cooking in the Microwave, 10 Minutes, Home Rice, For One, Clear"
B0BHD9C8CZ,,,,
B0CD3STMD3,,99.27,https://www.amazon.sg/BANDAI-TAMASHII-NATIONS-Generations-S-H-Figuarts/dp/B0CD3STMD3/ref=sr_1_264?dib=eyJ2IjoiMSJ9.FKxYhhRRC2KuIgeq__Mf5guvMoQ3j7VjElV7cv3JlVhAGWFEsmDeAvw1wK1Gh6_A6_xgrbtsMo_T1L0OXqX3EHf_XdwXqoQ-MnCMKN-By7YCxQlta9K7IbTm7SG5VFlk9oaDqb7L9ojxtzH2BVYm4RgnR4QcjaKHKSvgtufZRgU.3bBUxkuNZ6h9PzEY3qS2AF6yjAiNtIVfMYu2-Z_-piQ&dib_tag=se&m=A31NFQQ4065CWX&marketplaceID=A19VAU5U5O7RUS&qid=1773376977&refinements=p_36%3A9500-10000&s=merchant-items&sr=1-264&xpid=fFiMQgBxAhMWv#customerReviews,"BANDAI TAMASHII NATIONS - Kamen Rider Drive - Kamen Rider Drive Type Speed Heisei Generations Edition, Spirits S.H.Figuarts"
B0CWRM6VF9,,95.29,https://www.amazon.sg/Good-Smile-Company-Hololive-Production/dp/B0CWRM6VF9/ref=sr_1_265?dib=eyJ2IjoiMSJ9.FKxYhhRRC2KuIgeq__Mf5guvMoQ3j7VjElV7cv3JlVhAGWFEsmDeAvw1wK1Gh6_A6_xgrbtsMo_T1L0OXqX3EHf_XdwXqoQ-MnCMKN-By7YCxQlta9K7IbTm7SG5VFlk9oaDqb7L9ojxtzH2BVYm4RgnR4QcjaKHKSvgtufZRgU.3bBUxkuNZ6h9PzEY3qS2AF6yjAiNtIVfMYu2-Z_-piQ&dib_tag=se&m=A31NFQQ4065CWX&marketplaceID=A19VAU5U5O7RUS&qid=1773376977&refinements=p_36%3A9500-10000&s=merchant-items&sr=1-265&xpid=fFiMQgBxAhMWv#customerReviews,Good Smile Company Hololive Production: Hakui Koyori Nendoroid Action Figure
B0C68DTPM2,,102.46,https://www.amazon.sg/VISIONS-CP-8690-Resistant-Microwave-Dishwasher/dp/B0C68DTPM2/ref=sr_1_266?dib=eyJ2IjoiMSJ9.FKxYhhRRC2KuIgeq__Mf5guvMoQ3j7VjElV7cv3JlVhAGWFEsmDeAvw1wK1Gh6_A6_xgrbtsMo_T1L0OXqX3EHf_XdwXqoQ-MnCMKN-By7YCxQlta9K7IbTm7SG5VFlk9oaDqb7L9ojxtzH2BVYm4RgnR4QcjaKHKSvgtufZRgU.3bBUxkuNZ6h9PzEY3qS2AF6yjAiNtIVfMYu2-Z_-piQ&dib_tag=se&m=A31NFQQ4065CWX&marketplaceID=A19VAU5U5O7RUS&qid=1773376977&refinements=p_36%3A9500-10000&s=merchant-items&sr=1-266&xpid=fFiMQgBxAhMWv#customerReviews,"VISIONS CP-8690 H Saucepan Saucepan, 3.3 gal (1.0 L) / 6.3 inches (16 cm), Heat Resistant Glass, Microwave Safe, Dishwasher Safe"
B0C68DTPM2,,,,
B08KR4DWY4,,97.07,https://www.amazon.sg/FineMolds-Fighter-Early-Aircraft-Vietnam/dp/B08KR4DWY4/ref=sr_1_267?dib=eyJ2IjoiMSJ9.FKxYhhRRC2KuIgeq__Mf5guvMoQ3j7VjElV7cv3JlVhAGWFEsmDeAvw1wK1Gh6_A6_xgrbtsMo_T1L0OXqX3EHf_XdwXqoQ-MnCMKN-By7YCxQlta9K7IbTm7SG5VFlk9oaDqb7L9ojxtzH2BVYm4RgnR4QcjaKHKSvgtufZRgU.3bBUxkuNZ6h9PzEY3qS2AF6yjAiNtIVfMYu2-Z_-piQ&dib_tag=se&m=A31NFQQ4065CWX&marketplaceID=A19VAU5U5O7RUS&qid=1773376977&refinements=p_36%3A9500-10000&s=merchant-items&sr=1-267&xpid=fFiMQgBxAhMWv,FineMolds 1/72 USAF F-4E Fighter (Early) Aircraft Vietnam War - Plastic Model Building Kit # FP41
B08KR4DWY4,,97.07,https://www.amazon.sg/FineMolds-Fighter-Early-Aircraft-Vietnam/dp/B08KR4DWY4/ref=sr_1_273?dib=eyJ2IjoiMSJ9.B0CMm7pLm9QnNcbBc2XOhlouBvXAkVJiedSCz7OkaXoLx0TfcHQpGkHXCa7OcQH06_BGl1iaDb6Ga4ZvWuvNUQ.YV1BlnQo63iSz9KNugwPiZqlkHiDGYMkb3otmE-UkXE&dib_tag=se&m=A31NFQQ4065CWX&marketplaceID=A19VAU5U5O7RUS&qid=1773376982&refinements=p_36%3A9500-10000&s=merchant-items&sr=1-273&xpid=fFiMQgBxAhMWv,FineMolds 1/72 USAF F-4E Fighter (Early) Aircraft Vietnam War - Plastic Model Building Kit # FP41
B083KLVSCX,,101.94,https://www.amazon.sg/Gudam-Seed-Destiny-Impulse-Spirits/dp/B083KLVSCX/ref=sr_1_274?dib=eyJ2IjoiMSJ9.B0CMm7pLm9QnNcbBc2XOhlouBvXAkVJiedSCz7OkaXoLx0TfcHQpGkHXCa7OcQH06_BGl1iaDb6Ga4ZvWuvNUQ.YV1BlnQo63iSz9KNugwPiZqlkHiDGYMkb3otmE-UkXE&dib_tag=se&m=A31NFQQ4065CWX&marketplaceID=A19VAU5U5O7RUS&qid=1773376982&refinements=p_36%3A9500-10000&s=merchant-items&sr=1-274&xpid=fFiMQgBxAhMWv#customerReviews,"Gudam Seed Destiny: #33 Force Impulse Gundam, Bandai Spirits RG 1/144"
B09D7G34V9,,95.0,https://www.amazon.sg/Skater-KCLJC6AG-Antibacterial-Insulated-Nekotto/dp/B09D7G34V9/ref=sr_1_275?dib=eyJ2IjoiMSJ9.B0CMm7pLm9QnNcbBc2XOhlouBvXAkVJiedSCz7OkaXoLx0TfcHQpGkHXCa7OcQH06_BGl1iaDb6Ga4ZvWuvNUQ.YV1BlnQo63iSz9KNugwPiZqlkHiDGYMkb3otmE-UkXE&dib_tag=se&m=A31NFQQ4065CWX&marketplaceID=A19VAU5U5O7RUS&qid=1773376982&refinements=p_36%3A9500-10000&s=merchant-items&sr=1-275&xpid=fFiMQgBxAhMWv#customerReviews,"Skater KCLJC6AG-A Antibacterial Insulated Bento Box, Lunch Jar, Nekotto, 16.9 fl oz (560 ml)"
B09D7G34V9,,,,
B0D1G3YNRN,,98.44,https://www.amazon.sg/Nendoroid-Furumi-san-Communism-Non-scale-Pre-painted/dp/B0D1G3YNRN/ref=sr_1_276?dib=eyJ2IjoiMSJ9.B0CMm7pLm9QnNcbBc2XOhlouBvXAkVJiedSCz7OkaXoLx0TfcHQpGkHXCa7OcQH06_BGl1iaDb6Ga4ZvWuvNUQ.YV1BlnQo63iSz9KNugwPiZqlkHiDGYMkb3otmE-UkXE&dib_tag=se&m=A31NFQQ4065CWX&marketplaceID=A19VAU5U5O7RUS&qid=1773376982&refinements=p_36%3A9500-10000&s=merchant-items&sr=1-276&xpid=fFiMQgBxAhMWv#customerReviews,"Nendoroid Furumi-san is a Communism - Furumi Glass, Ponytail Ver., Non-scale, Plastic Pre-painted Action Figure"
B0CWL8F6QM,,98.1,https://www.amazon.sg/Good-Smile-Company-Rascal-Senpai/dp/B0CWL8F6QM/ref=sr_1_277?dib=eyJ2IjoiMSJ9.B0CMm7pLm9QnNcbBc2XOhlouBvXAkVJiedSCz7OkaXoLx0TfcHQpGkHXCa7OcQH06_BGl1iaDb6Ga4ZvWuvNUQ.YV1BlnQo63iSz9KNugwPiZqlkHiDGYMkb3otmE-UkXE&dib_tag=se&m=A31NFQQ4065CWX&marketplaceID=A19VAU5U5O7RUS&qid=1773376982&refinements=p_36%3A9500-10000&s=merchant-items&sr=1-277&xpid=fFiMQgBxAhMWv#customerReviews,Good Smile Company Rascal Does Not Dream of Bunny Girl Senpai: Mai Sakurajima (Bunny Girl Ver.) Nendoroid Action Figure
B0CTJB5KDN,,97.39,https://www.amazon.sg/IRC-Bicycle-FORMULA-HOOKLESS-TUBELESS/dp/B0CTJB5KDN/ref=sr_1_273?dib=eyJ2IjoiMSJ9.HPmAuiWCz0TkYwfqc_1hMYM-3K7GUuYL4tSq1dlp0d1s-FSv00ySMHVgF4TPmzzdvb43-Uy7pa7Hg4cBL6RLMqVnDrI_h4r2F8vLCAVHtfjiy4Sh_xnCXjj5L3MJJ4fzl7yaudX_d-pLb03h9qNZEsPpLecIYXT_3_GiHYDVUtU.KHej2TLvICJ5NDlw3K9FvUL0Ni3Yq2i9k831AFPlF0w&dib_tag=se&m=A31NFQQ4065CWX&marketplaceID=A19VAU5U5O7RUS&qid=1773376982&refinements=p_36%3A9500-10000&s=merchant-items&sr=1-273&xpid=fFiMQgBxAhMWv#customerReviews,アイアールシータイヤ(IRC tire) 自転車 タイヤ FORMULA PRO HOOKLESS TUBELESS READY S-LIGHT (第5世代) 各サイズ・カラー/モデル
B0CTJB5KDN,,,,
B0CT8JG5YZ,,98.36,https://www.amazon.sg/Good-Smile-Evangelion-Plugsuit-Nendoroid/dp/B0CT8JG5YZ/ref=sr_1_274?dib=eyJ2IjoiMSJ9.HPmAuiWCz0TkYwfqc_1hMYM-3K7GUuYL4tSq1dlp0d1s-FSv00ySMHVgF4TPmzzdvb43-Uy7pa7Hg4cBL6RLMqVnDrI_h4r2F8vLCAVHtfjiy4Sh_xnCXjj5L3MJJ4fzl7yaudX_d-pLb03h9qNZEsPpLecIYXT_3_GiHYDVUtU.KHej2TLvICJ5NDlw3K9FvUL0Ni3Yq2i9k831AFPlF0w&dib_tag=se&m=A31NFQQ4065CWX&marketplaceID=A19VAU5U5O7RUS&qid=1773376982&refinements=p_36%3A9500-10000&s=merchant-items&sr=1-274&xpid=fFiMQgBxAhMWv#customerReviews,Good Smile - Rebuild Of Evangelion - Asuka Langley Plugsuit Nendoroid Action Figure
B0CT48W1W3,,95.81,https://www.amazon.sg/Fujimi-Sangyo-OF-CNBK-Unit-Chair/dp/B0CT48W1W3/ref=sr_1_275?dib=eyJ2IjoiMSJ9.HPmAuiWCz0TkYwfqc_1hMYM-3K7GUuYL4tSq1dlp0d1s-FSv00ySMHVgF4TPmzzdvb43-Uy7pa7Hg4cBL6RLMqVnDrI_h4r2F8vLCAVHtfjiy4Sh_xnCXjj5L3MJJ4fzl7yaudX_d-pLb03h9qNZEsPpLecIYXT_3_GiHYDVUtU.KHej2TLvICJ5NDlw3K9FvUL0Ni3Yq2i9k831AFPlF0w&dib_tag=se&m=A31NFQQ4065CWX&marketplaceID=A19VAU5U5O7RUS&qid=1773376982&refinements=p_36%3A9500-10000&s=merchant-items&sr=1-275&xpid=fFiMQgBxAhMWv,Fujimi Sangyo OF-CNBK Unit Chair
B0CT48W1W3,,,,
B0CMQGDDMY,,98.92,https://www.amazon.sg/BANDAI-Carddass-Mobile-Gundam-FREEDOM/dp/B0CMQGDDMY/ref=sr_1_276?dib=eyJ2IjoiMSJ9.HPmAuiWCz0TkYwfqc_1hMYM-3K7GUuYL4tSq1dlp0d1s-FSv00ySMHVgF4TPmzzdvb43-Uy7pa7Hg4cBL6RLMqVnDrI_h4r2F8vLCAVHtfjiy4Sh_xnCXjj5L3MJJ4fzl7yaudX_d-pLb03h9qNZEsPpLecIYXT_3_GiHYDVUtU.KHej2TLvICJ5NDlw3K9FvUL0Ni3Yq2i9k831AFPlF0w&dib_tag=se&m=A31NFQQ4065CWX&marketplaceID=A19VAU5U5O7RUS&qid=1773376982&refinements=p_36%3A9500-10000&s=merchant-items&sr=1-276&xpid=fFiMQgBxAhMWv#customerReviews,"BANDAI Carddass Mobile Suit Gundam SEED FREEDOM (Pack), Pack of 20"
B0CMQGDDMY,,,,
B0CKL4F12J,,96.96,https://www.amazon.sg/Bocchi-Rock-Yamada-Nendoroid-Action/dp/B0CKL4F12J/ref=sr_1_277?dib=eyJ2IjoiMSJ9.HPmAuiWCz0TkYwfqc_1hMYM-3K7GUuYL4tSq1dlp0d1s-FSv00ySMHVgF4TPmzzdvb43-Uy7pa7Hg4cBL6RLMqVnDrI_h4r2F8vLCAVHtfjiy4Sh_xnCXjj5L3MJJ4fzl7yaudX_d-pLb03h9qNZEsPpLecIYXT_3_GiHYDVUtU.KHej2TLvICJ5NDlw3K9FvUL0Ni3Yq2i9k831AFPlF0w&dib_tag=se&m=A31NFQQ4065CWX&marketplaceID=A19VAU5U5O7RUS&qid=1773376982&refinements=p_36%3A9500-10000&s=merchant-items&sr=1-277&xpid=fFiMQgBxAhMWv#customerReviews,Bocchi The Rock!: Ryo Yamada Nendoroid Action Figure
B0CK29S71B,,96.01,https://www.amazon.sg/Mashle-Muscles-Nendoroid-Action-Figure/dp/B0CK29S71B/ref=sr_1_278?dib=eyJ2IjoiMSJ9.HPmAuiWCz0TkYwfqc_1hMYM-3K7GUuYL4tSq1dlp0d1s-FSv00ySMHVgF4TPmzzdvb43-Uy7pa7Hg4cBL6RLMqVnDrI_h4r2F8vLCAVHtfjiy4Sh_xnCXjj5L3MJJ4fzl7yaudX_d-pLb03h9qNZEsPpLecIYXT_3_GiHYDVUtU.KHej2TLvICJ5NDlw3K9FvUL0Ni3Yq2i9k831AFPlF0w&dib_tag=se&m=A31NFQQ4065CWX&marketplaceID=A19VAU5U5O7RUS&qid=1773376982&refinements=p_36%3A9500-10000&s=merchant-items&sr=1-278&xpid=fFiMQgBxAhMWv#customerReviews,Mashle: Magic and Muscles – Lance Crown Nendoroid Action Figure
B0CJRG3443,,98.23,https://www.amazon.sg/Orange-Rouge-Marginal-Service-Nightraider/dp/B0CJRG3443/ref=sr_1_279?dib=eyJ2IjoiMSJ9.HPmAuiWCz0TkYwfqc_1hMYM-3K7GUuYL4tSq1dlp0d1s-FSv00ySMHVgF4TPmzzdvb43-Uy7pa7Hg4cBL6RLMqVnDrI_h4r2F8vLCAVHtfjiy4Sh_xnCXjj5L3MJJ4fzl7yaudX_d-pLb03h9qNZEsPpLecIYXT_3_GiHYDVUtU.KHej2TLvICJ5NDlw3K9FvUL0Ni3Yq2i9k831AFPlF0w&dib_tag=se&m=A31NFQQ4065CWX&marketplaceID=A19VAU5U5O7RUS&qid=1773376982&refinements=p_36%3A9500-10000&s=merchant-items&sr=1-279&xpid=fFiMQgBxAhMWv,Orange Rouge The Marginal Service: Brian Nightraider Nendoroid Action Figure
B0CJ2LDDYK,,99.1,https://www.amazon.sg/FIELDOOR-Container-Construction-Stainless-Insulated/dp/B0CJ2LDDYK/ref=sr_1_280?dib=eyJ2IjoiMSJ9.HPmAuiWCz0TkYwfqc_1hMYM-3K7GUuYL4tSq1dlp0d1s-FSv00ySMHVgF4TPmzzdvb43-Uy7pa7Hg4cBL6RLMqVnDrI_h4r2F8vLCAVHtfjiy4Sh_xnCXjj5L3MJJ4fzl7yaudX_d-pLb03h9qNZEsPpLecIYXT_3_GiHYDVUtU.KHej2TLvICJ5NDlw3K9FvUL0Ni3Yq2i9k831AFPlF0w&dib_tag=se&m=A31NFQQ4065CWX&marketplaceID=A19VAU5U5O7RUS&qid=1773376982&refinements=p_36%3A9500-10000&s=merchant-items&sr=1-280&xpid=fFiMQgBxAhMWv#customerReviews,"FIELDOOR Ice Container, Large Capacity 0.6 gal (1.9 L), Black, Double Wall Vacuum Construction, Stainless Steel, Insulated Drink Container"
B0CJ2LDDYK,,,,
B0CHXQ6ZRF,,95.0,https://www.amazon.sg/PSB5SANAG-Chiikawa-Antibacterial-Child-friendly-Lightweight/dp/B0CHXQ6ZRF/ref=sr_1_281?dib=eyJ2IjoiMSJ9.HPmAuiWCz0TkYwfqc_1hMYM-3K7GUuYL4tSq1dlp0d1s-FSv00ySMHVgF4TPmzzdvb43-Uy7pa7Hg4cBL6RLMqVnDrI_h4r2F8vLCAVHtfjiy4Sh_xnCXjj5L3MJJ4fzl7yaudX_d-pLb03h9qNZEsPpLecIYXT_3_GiHYDVUtU.KHej2TLvICJ5NDlw3K9FvUL0Ni3Yq2i9k831AFPlF0w&dib_tag=se&m=A31NFQQ4065CWX&marketplaceID=A19VAU5U5O7RUS&qid=1773376982&refinements=p_36%3A9500-10000&s=merchant-items&sr=1-281&xpid=fFiMQgBxAhMWv#customerReviews,"Skater PSB5SANAG-A Chiikawa Water Bottle, 16.2 fl oz (480 ml), For Kids, Antibacterial, Plastic, Child-friendly, Lightweight, Made in Japan"
B0CHXQ6ZRF,,,,
B0CHK2CMH5,,99.15,https://www.amazon.sg/Jujutsu-Kaisen-Mahito-Noodle-Stopper/dp/B0CHK2CMH5/ref=sr_1_282?dib=eyJ2IjoiMSJ9.HPmAuiWCz0TkYwfqc_1hMYM-3K7GUuYL4tSq1dlp0d1s-FSv00ySMHVgF4TPmzzdvb43-Uy7pa7Hg4cBL6RLMqVnDrI_h4r2F8vLCAVHtfjiy4Sh_xnCXjj5L3MJJ4fzl7yaudX_d-pLb03h9qNZEsPpLecIYXT_3_GiHYDVUtU.KHej2TLvICJ5NDlw3K9FvUL0Ni3Yq2i9k831AFPlF0w&dib_tag=se&m=A31NFQQ4065CWX&marketplaceID=A19VAU5U5O7RUS&qid=1773376982&refinements=p_36%3A9500-10000&s=merchant-items&sr=1-282&xpid=fFiMQgBxAhMWv,Jujutsu Kaisen: Mahito Noodle Stopper Figure
B0CHJ8H2MR,,96.29,https://www.amazon.sg/Good-Smile-Company-Kaguya-sama-Nendoroid/dp/B0CHJ8H2MR/ref=sr_1_283?dib=eyJ2IjoiMSJ9.HPmAuiWCz0TkYwfqc_1hMYM-3K7GUuYL4tSq1dlp0d1s-FSv00ySMHVgF4TPmzzdvb43-Uy7pa7Hg4cBL6RLMqVnDrI_h4r2F8vLCAVHtfjiy4Sh_xnCXjj5L3MJJ4fzl7yaudX_d-pLb03h9qNZEsPpLecIYXT_3_GiHYDVUtU.KHej2TLvICJ5NDlw3K9FvUL0Ni3Yq2i9k831AFPlF0w&dib_tag=se&m=A31NFQQ4065CWX&marketplaceID=A19VAU5U5O7RUS&qid=1773376982&refinements=p_36%3A9500-10000&s=merchant-items&sr=1-283&xpid=fFiMQgBxAhMWv#customerReviews,Good Smile Company Kaguya-sama: Love is War – Ai Hayasaka Nendoroid Action Figure
B0CHJ8H2MR,,96.29,https://www.amazon.sg/Good-Smile-Company-Kaguya-sama-Nendoroid/dp/B0CHJ8H2MR/ref=sr_1_289?dib=eyJ2IjoiMSJ9.0__J2TnPATb8BZBKpfaX6V397vX897XhHpmEWTZEHw42u05N9YI5J87QlwwJvBQszowq6R3GTAuRVEXmWnzksA.sIqjSn-9nwhepALZkTBvyp5njptJ6Z-BVlhMxjuhmzI&dib_tag=se&m=A31NFQQ4065CWX&marketplaceID=A19VAU5U5O7RUS&qid=1773376986&refinements=p_36%3A9500-10000&s=merchant-items&sr=1-289&xpid=fFiMQgBxAhMWv#customerReviews,Good Smile Company Kaguya-sama: Love is War – Ai Hayasaka Nendoroid Action Figure
B0CHJ5MT2Z,,100.0,https://www.amazon.sg/CRESCENDO-Stadium-Watching-Sports-Protectors/dp/B0CHJ5MT2Z/ref=sr_1_290?dib=eyJ2IjoiMSJ9.0__J2TnPATb8BZBKpfaX6V397vX897XhHpmEWTZEHw42u05N9YI5J87QlwwJvBQszowq6R3GTAuRVEXmWnzksA.sIqjSn-9nwhepALZkTBvyp5njptJ6Z-BVlhMxjuhmzI&dib_tag=se&m=A31NFQQ4065CWX&marketplaceID=A19VAU5U5O7RUS&qid=1773376986&refinements=p_36%3A9500-10000&s=merchant-items&sr=1-290&xpid=fFiMQgBxAhMWv#customerReviews,CRESCENDO Stadium 20 Ear Plugs for Watching Sports Ear Protectors
B0CHJ5MT2Z,,,,
B0CGZT9RMD,,97.91,https://www.amazon.sg/WRAPGRADE-Skin-Stickers-Compatible-Yellow/dp/B0CGZT9RMD/ref=sr_1_291?dib=eyJ2IjoiMSJ9.0__J2TnPATb8BZBKpfaX6V397vX897XhHpmEWTZEHw42u05N9YI5J87QlwwJvBQszowq6R3GTAuRVEXmWnzksA.sIqjSn-9nwhepALZkTBvyp5njptJ6Z-BVlhMxjuhmzI&dib_tag=se&m=A31NFQQ4065CWX&marketplaceID=A19VAU5U5O7RUS&qid=1773376986&refinements=p_36%3A9500-10000&s=merchant-items&sr=1-291&xpid=fFiMQgBxAhMWv#customerReviews,WRAPGRADE Skin Stickers Compatible with DJI Air 3 | Full Wrap (NEON Yellow)
B0CGZT9RMD,,,,
B0CGTC9MVJ,,96.87,https://www.amazon.sg/Disney-Cross-Bandy-Saddle-WHGY/dp/B0CGTC9MVJ/ref=sr_1_292?dib=eyJ2IjoiMSJ9.0__J2TnPATb8BZBKpfaX6V397vX897XhHpmEWTZEHw42u05N9YI5J87QlwwJvBQszowq6R3GTAuRVEXmWnzksA.sIqjSn-9nwhepALZkTBvyp5njptJ6Z-BVlhMxjuhmzI&dib_tag=se&m=A31NFQQ4065CWX&marketplaceID=A19VAU5U5O7RUS&qid=1773376986&refinements=p_36%3A9500-10000&s=merchant-items&sr=1-292&xpid=fFiMQgBxAhMWv,Disney Cross Bandy Saddle WHGY
B0CGTC9MVJ,,,,
B0CGM7PHH7,,99.87,https://www.amazon.sg/lowliu-Sauna-Poncho-Womens-Microfiber/dp/B0CGM7PHH7/ref=sr_1_293?dib=eyJ2IjoiMSJ9.0__J2TnPATb8BZBKpfaX6V397vX897XhHpmEWTZEHw42u05N9YI5J87QlwwJvBQszowq6R3GTAuRVEXmWnzksA.sIqjSn-9nwhepALZkTBvyp5njptJ6Z-BVlhMxjuhmzI&dib_tag=se&m=A31NFQQ4065CWX&marketplaceID=A19VAU5U5O7RUS&qid=1773376986&refinements=p_36%3A9500-10000&s=merchant-items&sr=1-293&xpid=fFiMQgBxAhMWv#customerReviews,"lowliu Sauna Poncho, Men's, Women's, Microfiber, Sauna Goods, One Size Fits Most"
B0CGM7PHH7,,,,
B0CGHSG9YS,,95.47,https://www.amazon.sg/DAIWA-Tungsten-Bait-Hairfish-Full/dp/B0CGHSG9YS/ref=sr_1_289?dib=eyJ2IjoiMSJ9.3Q7-z76SDkG-bf_aWW1p1owc1-lW2slWlLniULT7u1SNyd-NtCuiEnQI_0IFFrLzWNiTPj1i-OPSmJ94sLdcuiuXG_P1dCPiCgsqXYU4ECpmLp2HwB4SfJKy0T5GPWlHyg9IIhWl-yQzzYgcZlgOh5UOtO65thGDYmBwUYVRNls.NFjI1HnzIn19dZhWxVMxIomYIOTc_k43fkUMDlvMtk8&dib_tag=se&m=A31NFQQ4065CWX&marketplaceID=A19VAU5U5O7RUS&qid=1773376986&refinements=p_36%3A9500-10000&s=merchant-items&sr=1-289&xpid=fFiMQgBxAhMWv#customerReviews,DAIWA Tungsten Jig
B0CGHQZDP4,,95.56,https://www.amazon.sg/ARCHISS-UPRIGHT-STAND-Laptop-Stands-AS-URBM2-DS/dp/B0CGHQZDP4/ref=sr_1_290?dib=eyJ2IjoiMSJ9.3Q7-z76SDkG-bf_aWW1p1owc1-lW2slWlLniULT7u1SNyd-NtCuiEnQI_0IFFrLzWNiTPj1i-OPSmJ94sLdcuiuXG_P1dCPiCgsqXYU4ECpmLp2HwB4SfJKy0T5GPWlHyg9IIhWl-yQzzYgcZlgOh5UOtO65thGDYmBwUYVRNls.NFjI1HnzIn19dZhWxVMxIomYIOTc_k43fkUMDlvMtk8&dib_tag=se&m=A31NFQQ4065CWX&marketplaceID=A19VAU5U5O7RUS&qid=1773376986&refinements=p_36%3A9500-10000&s=merchant-items&sr=1-290&xpid=fFiMQgBxAhMWv#customerReviews,"IAKTD ARCHISS UPRIGHT-STAND BY ME2 Laptop Stand, 2 Stands, Silver AS-URBM2-DS"
B0CGHQZDP4,,,,
B0CFHDT4NC,,96.67,https://www.amazon.sg/LeLante-Deodorizer-Antibacterial-Exfoliating-Massage/dp/B0CFHDT4NC/ref=sr_1_291?dib=eyJ2IjoiMSJ9.3Q7-z76SDkG-bf_aWW1p1owc1-lW2slWlLniULT7u1SNyd-NtCuiEnQI_0IFFrLzWNiTPj1i-OPSmJ94sLdcuiuXG_P1dCPiCgsqXYU4ECpmLp2HwB4SfJKy0T5GPWlHyg9IIhWl-yQzzYgcZlgOh5UOtO65thGDYmBwUYVRNls.NFjI1HnzIn19dZhWxVMxIomYIOTc_k43fkUMDlvMtk8&dib_tag=se&m=A31NFQQ4065CWX&marketplaceID=A19VAU5U5O7RUS&qid=1773376986&refinements=p_36%3A9500-10000&s=merchant-items&sr=1-291&xpid=fFiMQgBxAhMWv#customerReviews,"LeLante Foot Brush, Foot Wash Mat, Deodorizer, Foot Brush, Body Brush, Foot Odor, Antibacterial, Exfoliating Care, Foot Massage, Dark Gray"
B0CFHDT4NC,,,,
B0CFCZCXDP,,96.34,https://www.amazon.sg/Bandai-Hobby-Chars-Customize-Collection/dp/B0CFCZCXDP/ref=sr_1_292?dib=eyJ2IjoiMSJ9.3Q7-z76SDkG-bf_aWW1p1owc1-lW2slWlLniULT7u1SNyd-NtCuiEnQI_0IFFrLzWNiTPj1i-OPSmJ94sLdcuiuXG_P1dCPiCgsqXYU4ECpmLp2HwB4SfJKy0T5GPWlHyg9IIhWl-yQzzYgcZlgOh5UOtO65thGDYmBwUYVRNls.NFjI1HnzIn19dZhWxVMxIomYIOTc_k43fkUMDlvMtk8&dib_tag=se&m=A31NFQQ4065CWX&marketplaceID=A19VAU5U5O7RUS&qid=1773376986&refinements=p_36%3A9500-10000&s=merchant-items&sr=1-292&xpid=fFiMQgBxAhMWv#customerReviews,Bandai Hobby GG Char's Customize MS Collection SD Model Kit
B0CDQJD2Y1,,96.27,https://www.amazon.sg/Banpresto-Academia-Bandai-Spirits-Villains/dp/B0CDQJD2Y1/ref=sr_1_293?dib=eyJ2IjoiMSJ9.3Q7-z76SDkG-bf_aWW1p1owc1-lW2slWlLniULT7u1SNyd-NtCuiEnQI_0IFFrLzWNiTPj1i-OPSmJ94sLdcuiuXG_P1dCPiCgsqXYU4ECpmLp2HwB4SfJKy0T5GPWlHyg9IIhWl-yQzzYgcZlgOh5UOtO65thGDYmBwUYVRNls.NFjI1HnzIn19dZhWxVMxIomYIOTc_k43fkUMDlvMtk8&dib_tag=se&m=A31NFQQ4065CWX&marketplaceID=A19VAU5U5O7RUS&qid=1773376986&refinements=p_36%3A9500-10000&s=merchant-items&sr=1-293&xpid=fFiMQgBxAhMWv#customerReviews,"Banpresto - My Hero Academia - Dabi II, Bandai Spirits The Evil Villains DX Figure"
B0CDP4PMH2,,97.53,https://www.amazon.sg/%E3%82%BF%E3%82%AB%E3%83%A9%E3%83%88%E3%83%9F%E3%83%BC-TAKARA-TOMY-Transformers-TL-53/dp/B0CDP4PMH2/ref=sr_1_294?dib=eyJ2IjoiMSJ9.3Q7-z76SDkG-bf_aWW1p1owc1-lW2slWlLniULT7u1SNyd-NtCuiEnQI_0IFFrLzWNiTPj1i-OPSmJ94sLdcuiuXG_P1dCPiCgsqXYU4ECpmLp2HwB4SfJKy0T5GPWlHyg9IIhWl-yQzzYgcZlgOh5UOtO65thGDYmBwUYVRNls.NFjI1HnzIn19dZhWxVMxIomYIOTc_k43fkUMDlvMtk8&dib_tag=se&m=A31NFQQ4065CWX&marketplaceID=A19VAU5U5O7RUS&qid=1773376986&refinements=p_36%3A9500-10000&s=merchant-items&sr=1-294&xpid=fFiMQgBxAhMWv#customerReviews,タカラトミー(TAKARA TOMY) Transformers Legacy TL-53 Brasion
B0CDLD2G6G,,99.96,https://www.amazon.sg/SHIMANO-Unisex-Adult-Bicycle-Levers/dp/B0CDLD2G6G/ref=sr_1_295?dib=eyJ2IjoiMSJ9.3Q7-z76SDkG-bf_aWW1p1owc1-lW2slWlLniULT7u1SNyd-NtCuiEnQI_0IFFrLzWNiTPj1i-OPSmJ94sLdcuiuXG_P1dCPiCgsqXYU4ECpmLp2HwB4SfJKy0T5GPWlHyg9IIhWl-yQzzYgcZlgOh5UOtO65thGDYmBwUYVRNls.NFjI1HnzIn19dZhWxVMxIomYIOTc_k43fkUMDlvMtk8&dib_tag=se&m=A31NFQQ4065CWX&marketplaceID=A19VAU5U5O7RUS&qid=1773376986&refinements=p_36%3A9500-10000&s=merchant-items&sr=1-295&xpid=fFiMQgBxAhMWv,SHIMANO Unisex Adult Bicycle Levers
B0CDLD2G6G,,,,
B0CDL9Y98P,,97.96,https://www.amazon.sg/SHIMANO-EFCU40102BCX62-Unisex-Adult-Crankset/dp/B0CDL9Y98P/ref=sr_1_296?dib=eyJ2IjoiMSJ9.3Q7-z76SDkG-bf_aWW1p1owc1-lW2slWlLniULT7u1SNyd-NtCuiEnQI_0IFFrLzWNiTPj1i-OPSmJ94sLdcuiuXG_P1dCPiCgsqXYU4ECpmLp2HwB4SfJKy0T5GPWlHyg9IIhWl-yQzzYgcZlgOh5UOtO65thGDYmBwUYVRNls.NFjI1HnzIn19dZhWxVMxIomYIOTc_k43fkUMDlvMtk8&dib_tag=se&m=A31NFQQ4065CWX&marketplaceID=A19VAU5U5O7RUS&qid=1773376986&refinements=p_36%3A9500-10000&s=merchant-items&sr=1-296&xpid=fFiMQgBxAhMWv,SHIMANO Unisex Adult Crankset
B0CDL9Y98P,,,,
B0CDL9LDM8,,97.19,https://www.amazon.sg/SHIMANO-Unisex-Adult-Bicycle-Levers/dp/B0CDL9LDM8/ref=sr_1_297?dib=eyJ2IjoiMSJ9.3Q7-z76SDkG-bf_aWW1p1owc1-lW2slWlLniULT7u1SNyd-NtCuiEnQI_0IFFrLzWNiTPj1i-OPSmJ94sLdcuiuXG_P1dCPiCgsqXYU4ECpmLp2HwB4SfJKy0T5GPWlHyg9IIhWl-yQzzYgcZlgOh5UOtO65thGDYmBwUYVRNls.NFjI1HnzIn19dZhWxVMxIomYIOTc_k43fkUMDlvMtk8&dib_tag=se&m=A31NFQQ4065CWX&marketplaceID=A19VAU5U5O7RUS&qid=1773376986&refinements=p_36%3A9500-10000&s=merchant-items&sr=1-297&xpid=fFiMQgBxAhMWv#customerReviews,SHIMANO Unisex Adult Bicycle Levers
B0CDL9LDM8,,,,
B0CDBM2YPZ,,97.27,https://www.amazon.sg/Daiwa-DC-9023W-Ear-Warm-S-King/dp/B0CDBM2YPZ/ref=sr_1_298?dib=eyJ2IjoiMSJ9.3Q7-z76SDkG-bf_aWW1p1owc1-lW2slWlLniULT7u1SNyd-NtCuiEnQI_0IFFrLzWNiTPj1i-OPSmJ94sLdcuiuXG_P1dCPiCgsqXYU4ECpmLp2HwB4SfJKy0T5GPWlHyg9IIhWl-yQzzYgcZlgOh5UOtO65thGDYmBwUYVRNls.NFjI1HnzIn19dZhWxVMxIomYIOTc_k43fkUMDlvMtk8&dib_tag=se&m=A31NFQQ4065CWX&marketplaceID=A19VAU5U5O7RUS&qid=1773376986&refinements=p_36%3A9500-10000&s=merchant-items&sr=1-298&xpid=fFiMQgBxAhMWv#customerReviews,"Daiwa DC-9023W Ear Warm Hat, S-King"
B0CDBM2YPZ,,,,
B0CD7PGZDG,,97.62,https://www.amazon.sg/Shinwa-Sokutei-73534-Circular-Combination/dp/B0CD7PGZDG/ref=sr_1_299?dib=eyJ2IjoiMSJ9.3Q7-z76SDkG-bf_aWW1p1owc1-lW2slWlLniULT7u1SNyd-NtCuiEnQI_0IFFrLzWNiTPj1i-OPSmJ94sLdcuiuXG_P1dCPiCgsqXYU4ECpmLp2HwB4SfJKy0T5GPWlHyg9IIhWl-yQzzYgcZlgOh5UOtO65thGDYmBwUYVRNls.NFjI1HnzIn19dZhWxVMxIomYIOTc_k43fkUMDlvMtk8&dib_tag=se&m=A31NFQQ4065CWX&marketplaceID=A19VAU5U5O7RUS&qid=1773376986&refinements=p_36%3A9500-10000&s=merchant-items&sr=1-299&xpid=fFiMQgBxAhMWv,"Shinwa Sokutei 73534 Circular Saw Guide Ruler, Folding T-Slide, Slim Shift, 5.9 inches (15 cm), Combination Scale"
B0CD7PGZDG,,,,
B0CD7PGZDG,,97.62,https://www.amazon.sg/Shinwa-Sokutei-73534-Circular-Combination/dp/B0CD7PGZDG/ref=sr_1_305?dib=eyJ2IjoiMSJ9.C-LxOW71Ld7uDYhvlcoJ2mzfsbC3Xb6MDCObG_HkOOk.Gy0vVdMd8V6LhgALFkX2zpLCq7Of9teDr5keSBOeRM8&dib_tag=se&m=A31NFQQ4065CWX&marketplaceID=A19VAU5U5O7RUS&qid=1773376992&refinements=p_36%3A9500-10000&s=merchant-items&sr=1-305&xpid=fFiMQgBxAhMWv,"Shinwa Sokutei 73534 Circular Saw Guide Ruler, Folding T-Slide, Slim Shift, 5.9 inches (15 cm), Combination Scale"
B0CD7PGZDG,,,,
B0CD3S2QK9,,95.3,https://www.amazon.sg/TAMASHII-NATIONS-Generations-Spirits-S-H-Figuarts/dp/B0CD3S2QK9/ref=sr_1_306?dib=eyJ2IjoiMSJ9.C-LxOW71Ld7uDYhvlcoJ2mzfsbC3Xb6MDCObG_HkOOk.Gy0vVdMd8V6LhgALFkX2zpLCq7Of9teDr5keSBOeRM8&dib_tag=se&m=A31NFQQ4065CWX&marketplaceID=A19VAU5U5O7RUS&qid=1773376992&refinements=p_36%3A9500-10000&s=merchant-items&sr=1-306&xpid=fFiMQgBxAhMWv#customerReviews,"TAMASHII NATIONS - Kamen Rider Ex-Aid - Kamen Rider Ex-Aid Action Gamer Level 2 Heisei Generations Edition, Bandai Spirits S.H.Figuarts Action Figure"
