ASIN,Brand,Price,URL,Title
B001DCQI8W,Audio CD,170.31,https://www.amazon.sg/Bruckner-9-Symphonies-Box-Set/dp/B001DCQI8W/ref=sr_1_1?dib=eyJ2IjoiMSJ9.Z78ffOejpj9U-4hbvGcKs4CovpvDMgmIOTOPX7wLAwwBHki029yadFNPZkOS-3mH1AStzlDTlLASATWNvTiKDCmUcQ78tkjP99Pa-8aLhxKjaps3J2yEy7CTsRVFnoAYzY57lexZhCq2jcCvNpGmDPekS0PzBxoiT85yFgh6hMEXhr3wMliZZyBTf29huTZxkPHTHsbKSd6-6kTA6pWNGYl4Sity0Tt-uW5fY_HoRN8.L8e4LnlnPlnst5IdRjEf1BJuuzeXXbOgOHoRRqks6PA&dib_tag=se&m=A31NFQQ4065CWX&marketplaceID=A19VAU5U5O7RUS&qid=1775480057&refinements=p_36%3A17000-17500&s=merchant-items&sr=1-1#customerReviews,Bruckner: 9 Symphonies [Box Set]
B0D13XJ5XN,Vinyl,199.14,https://www.amazon.sg/Science-Fiction-Hikaru-Utada/dp/B0D13XJ5XN/ref=sr_1_2?dib=eyJ2IjoiMSJ9.Z78ffOejpj9U-4hbvGcKs4CovpvDMgmIOTOPX7wLAwwBHki029yadFNPZkOS-3mH1AStzlDTlLASATWNvTiKDCmUcQ78tkjP99Pa-8aLhxKjaps3J2yEy7CTsRVFnoAYzY57lexZhCq2jcCvNpGmDPekS0PzBxoiT85yFgh6hMEXhr3wMliZZyBTf29huTZxkPHTHsbKSd6-6kTA6pWNGYl4Sity0Tt-uW5fY_HoRN8.L8e4LnlnPlnst5IdRjEf1BJuuzeXXbOgOHoRRqks6PA&dib_tag=se&m=A31NFQQ4065CWX&marketplaceID=A19VAU5U5O7RUS&qid=1775480057&refinements=p_36%3A17000-17500&s=merchant-items&sr=1-2#customerReviews,Science Fiction
B0D4MRR882,Audio CD,171.31,https://www.amazon.sg/Thomas-Percussion-Quartet-Augusta-Read/dp/B0D4MRR882/ref=sr_1_3?dib=eyJ2IjoiMSJ9.Z78ffOejpj9U-4hbvGcKs4CovpvDMgmIOTOPX7wLAwwBHki029yadFNPZkOS-3mH1AStzlDTlLASATWNvTiKDCmUcQ78tkjP99Pa-8aLhxKjaps3J2yEy7CTsRVFnoAYzY57lexZhCq2jcCvNpGmDPekS0PzBxoiT85yFgh6hMEXhr3wMliZZyBTf29huTZxkPHTHsbKSd6-6kTA6pWNGYl4Sity0Tt-uW5fY_HoRN8.L8e4LnlnPlnst5IdRjEf1BJuuzeXXbOgOHoRRqks6PA&dib_tag=se&m=A31NFQQ4065CWX&marketplaceID=A19VAU5U5O7RUS&qid=1775480057&refinements=p_36%3A17000-17500&s=merchant-items&sr=1-3,Thomas: Con Moto for Percussion Quartet
B08QZWBJTV,Audio CD,170.08,https://www.amazon.sg/ORF%E6%88%A6%E5%BE%8C%E3%83%A9%E3%82%A4%E3%83%B4%E5%A4%A7%E9%9B%86%E6%88%90-%E3%83%8F%E3%83%B3%E3%82%B9%E3%83%BB%E3%82%AF%E3%83%8A%E3%83%83%E3%83%91%E3%83%BC%E3%83%84%E3%83%96%E3%83%83%E3%82%B7%E3%83%A5-Recordings-Knappertsbusch-Philharmoniker/dp/B08QZWBJTV/ref=sr_1_4?dib=eyJ2IjoiMSJ9.Z78ffOejpj9U-4hbvGcKs4CovpvDMgmIOTOPX7wLAwwBHki029yadFNPZkOS-3mH1AStzlDTlLASATWNvTiKDCmUcQ78tkjP99Pa-8aLhxKjaps3J2yEy7CTsRVFnoAYzY57lexZhCq2jcCvNpGmDPekS0PzBxoiT85yFgh6hMEXhr3wMliZZyBTf29huTZxkPHTHsbKSd6-6kTA6pWNGYl4Sity0Tt-uW5fY_HoRN8.L8e4LnlnPlnst5IdRjEf1BJuuzeXXbOgOHoRRqks6PA&dib_tag=se&m=A31NFQQ4065CWX&marketplaceID=A19VAU5U5O7RUS&qid=1775480057&refinements=p_36%3A17000-17500&s=merchant-items&sr=1-4#customerReviews,"ウィーン・フィル ORF戦後ライヴ大集成 / ハンス・クナッパーツブッシュ (ORF Great Recordings / Hans Knappertsbusch, Wiener Philharmoniker) [6CD] [国内プレス] [日本語帯・解説付き] [Live]"
B08J1SKPJM,Vinyl,174.31,https://www.amazon.sg/Always-Limited-Mixed-Color-Vinyl/dp/B08J1SKPJM/ref=sr_1_5?dib=eyJ2IjoiMSJ9.Z78ffOejpj9U-4hbvGcKs4CovpvDMgmIOTOPX7wLAwwBHki029yadFNPZkOS-3mH1AStzlDTlLASATWNvTiKDCmUcQ78tkjP99Pa-8aLhxKjaps3J2yEy7CTsRVFnoAYzY57lexZhCq2jcCvNpGmDPekS0PzBxoiT85yFgh6hMEXhr3wMliZZyBTf29huTZxkPHTHsbKSd6-6kTA6pWNGYl4Sity0Tt-uW5fY_HoRN8.L8e4LnlnPlnst5IdRjEf1BJuuzeXXbOgOHoRRqks6PA&dib_tag=se&m=A31NFQQ4065CWX&marketplaceID=A19VAU5U5O7RUS&qid=1775480057&refinements=p_36%3A17000-17500&s=merchant-items&sr=1-5#customerReviews,We Will Always Love You (Limited Mixed Color Vinyl)
B07FDN3YFJ,Nintendo Switch,170.36,https://www.amazon.sg/Pokemon-Lets-Go-Eevee-Switch/dp/B07FDN3YFJ/ref=sr_1_6?dib=eyJ2IjoiMSJ9.Z78ffOejpj9U-4hbvGcKs4CovpvDMgmIOTOPX7wLAwwBHki029yadFNPZkOS-3mH1AStzlDTlLASATWNvTiKDCmUcQ78tkjP99Pa-8aLhxKjaps3J2yEy7CTsRVFnoAYzY57lexZhCq2jcCvNpGmDPekS0PzBxoiT85yFgh6hMEXhr3wMliZZyBTf29huTZxkPHTHsbKSd6-6kTA6pWNGYl4Sity0Tt-uW5fY_HoRN8.L8e4LnlnPlnst5IdRjEf1BJuuzeXXbOgOHoRRqks6PA&dib_tag=se&m=A31NFQQ4065CWX&marketplaceID=A19VAU5U5O7RUS&qid=1775480057&refinements=p_36%3A17000-17500&s=merchant-items&sr=1-6#customerReviews,! Pokemon Let's Go Eevee - Switch
B07FDN3YFJ,,,,
B07B627C37,Audio CD,170.38,https://www.amazon.sg/Beethoven-Symphonies-HERBERT-VON-KARAJAN/dp/B07B627C37/ref=sr_1_7?dib=eyJ2IjoiMSJ9.Z78ffOejpj9U-4hbvGcKs4CovpvDMgmIOTOPX7wLAwwBHki029yadFNPZkOS-3mH1AStzlDTlLASATWNvTiKDCmUcQ78tkjP99Pa-8aLhxKjaps3J2yEy7CTsRVFnoAYzY57lexZhCq2jcCvNpGmDPekS0PzBxoiT85yFgh6hMEXhr3wMliZZyBTf29huTZxkPHTHsbKSd6-6kTA6pWNGYl4Sity0Tt-uW5fY_HoRN8.L8e4LnlnPlnst5IdRjEf1BJuuzeXXbOgOHoRRqks6PA&dib_tag=se&m=A31NFQQ4065CWX&marketplaceID=A19VAU5U5O7RUS&qid=1775480057&refinements=p_36%3A17000-17500&s=merchant-items&sr=1-7#customerReviews,Beethoven: The 9 Symphonies
B07W6Z52J9,Audio CD,171.18,https://www.amazon.sg/%E3%82%AB%E3%83%AB%E3%83%9A%E3%83%BB%E3%83%87%E3%82%A3%E3%82%A8%E3%83%A0-%E5%88%9D%E5%9B%9E%E9%99%90%E5%AE%9A%E7%9B%A4B-%E7%89%B9%E5%85%B8%E3%81%AF%E4%BB%98%E3%81%8D%E3%81%BE%E3%81%9B%E3%82%93-BACK-HORN/dp/B07W6Z52J9/ref=sr_1_8?dib=eyJ2IjoiMSJ9.Z78ffOejpj9U-4hbvGcKs4CovpvDMgmIOTOPX7wLAwwBHki029yadFNPZkOS-3mH1AStzlDTlLASATWNvTiKDCmUcQ78tkjP99Pa-8aLhxKjaps3J2yEy7CTsRVFnoAYzY57lexZhCq2jcCvNpGmDPekS0PzBxoiT85yFgh6hMEXhr3wMliZZyBTf29huTZxkPHTHsbKSd6-6kTA6pWNGYl4Sity0Tt-uW5fY_HoRN8.L8e4LnlnPlnst5IdRjEf1BJuuzeXXbOgOHoRRqks6PA&dib_tag=se&m=A31NFQQ4065CWX&marketplaceID=A19VAU5U5O7RUS&qid=1775480057&refinements=p_36%3A17000-17500&s=merchant-items&sr=1-8#customerReviews,カルペ・ディエム(初回限定盤B) (特典は付きません)
B00KPQ66MU,PlayStation 3,190.96,https://www.amazon.sg/SEGA-Shining-Resonance-Swimsuit-Appendix/dp/B00KPQ66MU/ref=sr_1_9?dib=eyJ2IjoiMSJ9.Z78ffOejpj9U-4hbvGcKs4CovpvDMgmIOTOPX7wLAwwBHki029yadFNPZkOS-3mH1AStzlDTlLASATWNvTiKDCmUcQ78tkjP99Pa-8aLhxKjaps3J2yEy7CTsRVFnoAYzY57lexZhCq2jcCvNpGmDPekS0PzBxoiT85yFgh6hMEXhr3wMliZZyBTf29huTZxkPHTHsbKSd6-6kTA6pWNGYl4Sity0Tt-uW5fY_HoRN8.L8e4LnlnPlnst5IdRjEf1BJuuzeXXbOgOHoRRqks6PA&dib_tag=se&m=A31NFQQ4065CWX&marketplaceID=A19VAU5U5O7RUS&qid=1775480057&refinements=p_36%3A17000-17500&s=merchant-items&sr=1-9#customerReviews,SEGA Shining Resonance Limited Edition 1/7 Scale Kirika Towa Alma Figure Swimsuit Version & Dlc Appendix Ps3
B00KPQ66MU,,,,
B0CVR4LRX9,Audio CD,172.1,https://www.amazon.sg/Complete-Symphonic-Concertante-Sacred-Recordings/dp/B0CVR4LRX9/ref=sr_1_10?dib=eyJ2IjoiMSJ9.Z78ffOejpj9U-4hbvGcKs4CovpvDMgmIOTOPX7wLAwwBHki029yadFNPZkOS-3mH1AStzlDTlLASATWNvTiKDCmUcQ78tkjP99Pa-8aLhxKjaps3J2yEy7CTsRVFnoAYzY57lexZhCq2jcCvNpGmDPekS0PzBxoiT85yFgh6hMEXhr3wMliZZyBTf29huTZxkPHTHsbKSd6-6kTA6pWNGYl4Sity0Tt-uW5fY_HoRN8.L8e4LnlnPlnst5IdRjEf1BJuuzeXXbOgOHoRRqks6PA&dib_tag=se&m=A31NFQQ4065CWX&marketplaceID=A19VAU5U5O7RUS&qid=1775480057&refinements=p_36%3A17000-17500&s=merchant-items&sr=1-10#customerReviews,"Complete Symphonic, Concertante & Sacred Music Recordings"
B09JWJZ96Q,Video Game,172.26,https://www.amazon.sg/CYBER-%E3%82%AD%E3%83%BC%E3%83%9C%E3%83%BC%E3%83%89%E4%BB%98%E3%81%8D%E3%83%80%E3%83%96%E3%83%AB%E3%82%B9%E3%82%BF%E3%82%A4%E3%83%AB%E3%82%B3%E3%83%B3%E3%83%88%E3%83%AD%E3%83%BC%E3%83%A9%E3%83%BC-SWITCH-%E6%9C%89%E6%A9%9FEL-%E3%83%96%E3%83%A9%E3%83%83%E3%82%AF/dp/B09JWJZ96Q/ref=sr_1_11?dib=eyJ2IjoiMSJ9.Z78ffOejpj9U-4hbvGcKs4CovpvDMgmIOTOPX7wLAwwBHki029yadFNPZkOS-3mH1AStzlDTlLASATWNvTiKDCmUcQ78tkjP99Pa-8aLhxKjaps3J2yEy7CTsRVFnoAYzY57lexZhCq2jcCvNpGmDPekS0PzBxoiT85yFgh6hMEXhr3wMliZZyBTf29huTZxkPHTHsbKSd6-6kTA6pWNGYl4Sity0Tt-uW5fY_HoRN8.L8e4LnlnPlnst5IdRjEf1BJuuzeXXbOgOHoRRqks6PA&dib_tag=se&m=A31NFQQ4065CWX&marketplaceID=A19VAU5U5O7RUS&qid=1775480057&refinements=p_36%3A17000-17500&s=merchant-items&sr=1-11#customerReviews,CYBER ・ キーボード付きダブルスタイルコントローラー ( SWITCH / SWITCH 有機EL 用) ブラック - Switch
B09JWJZ96Q,,,,
4906514855,Tankobon Hardcover,173.17,https://www.amazon.sg/%E7%B5%84%E7%B9%94%E7%B4%B0%E8%83%9E%E5%8C%96%E5%AD%A6-2014/dp/4906514855/ref=sr_1_12?dib=eyJ2IjoiMSJ9.Z78ffOejpj9U-4hbvGcKs4CovpvDMgmIOTOPX7wLAwwBHki029yadFNPZkOS-3mH1AStzlDTlLASATWNvTiKDCmUcQ78tkjP99Pa-8aLhxKjaps3J2yEy7CTsRVFnoAYzY57lexZhCq2jcCvNpGmDPekS0PzBxoiT85yFgh6hMEXhr3wMliZZyBTf29huTZxkPHTHsbKSd6-6kTA6pWNGYl4Sity0Tt-uW5fY_HoRN8.L8e4LnlnPlnst5IdRjEf1BJuuzeXXbOgOHoRRqks6PA&dib_tag=se&m=A31NFQQ4065CWX&marketplaceID=A19VAU5U5O7RUS&qid=1775480057&refinements=p_36%3A17000-17500&s=merchant-items&sr=1-12,組織細胞化学 2014
4906514855,,,,
4896947894,Tankobon Hardcover,172.12,https://www.amazon.sg/%E5%A4%A7%E5%A0%B4%E7%A7%80%E7%AB%A0%E8%91%97%E4%BD%9C%E9%81%B8%E3%80%882%E3%80%89%E6%A4%8D%E7%89%A9%E5%88%86%E9%A1%9E%E5%AD%A6%E3%83%BB%E6%A4%8D%E7%89%A9%E5%9C%B0%E7%90%86%E7%94%9F%E6%85%8B%E5%AD%A6-%E5%A4%A7%E5%A0%B4-%E7%A7%80%E7%AB%A0/dp/4896947894/ref=sr_1_13?dib=eyJ2IjoiMSJ9.Z78ffOejpj9U-4hbvGcKs4CovpvDMgmIOTOPX7wLAwwBHki029yadFNPZkOS-3mH1AStzlDTlLASATWNvTiKDCmUcQ78tkjP99Pa-8aLhxKjaps3J2yEy7CTsRVFnoAYzY57lexZhCq2jcCvNpGmDPekS0PzBxoiT85yFgh6hMEXhr3wMliZZyBTf29huTZxkPHTHsbKSd6-6kTA6pWNGYl4Sity0Tt-uW5fY_HoRN8.L8e4LnlnPlnst5IdRjEf1BJuuzeXXbOgOHoRRqks6PA&dib_tag=se&m=A31NFQQ4065CWX&marketplaceID=A19VAU5U5O7RUS&qid=1775480057&refinements=p_36%3A17000-17500&s=merchant-items&sr=1-13,大場秀章著作選〈2〉植物分類学・植物地理生態学
4896947894,,,,
4895902951,Tankobon Hardcover,170.46,https://www.amazon.sg/%E7%89%87%E9%BA%BB%E7%97%BA%E8%83%BD%E5%8A%9B%E5%9B%9E%E5%BE%A9%E3%81%A8%E8%87%AA%E7%AB%8B%E9%81%94%E6%88%90%E3%81%AE%E6%8A%80%E8%A1%93_%E7%8F%BE%E5%9C%A8%E3%81%AE%E9%99%90%E7%95%8C%E3%82%92%E8%B6%85%E3%81%88%E3%81%A6/dp/4895902951/ref=sr_1_14?dib=eyJ2IjoiMSJ9.Z78ffOejpj9U-4hbvGcKs4CovpvDMgmIOTOPX7wLAwwBHki029yadFNPZkOS-3mH1AStzlDTlLASATWNvTiKDCmUcQ78tkjP99Pa-8aLhxKjaps3J2yEy7CTsRVFnoAYzY57lexZhCq2jcCvNpGmDPekS0PzBxoiT85yFgh6hMEXhr3wMliZZyBTf29huTZxkPHTHsbKSd6-6kTA6pWNGYl4Sity0Tt-uW5fY_HoRN8.L8e4LnlnPlnst5IdRjEf1BJuuzeXXbOgOHoRRqks6PA&dib_tag=se&m=A31NFQQ4065CWX&marketplaceID=A19VAU5U5O7RUS&qid=1775480057&refinements=p_36%3A17000-17500&s=merchant-items&sr=1-14#customerReviews,片麻痺能力回復と自立達成の技術―現在の限界を超えて
4895902951,,,,
4886941532,JP Oversized,171.31,https://www.amazon.sg/%E3%82%B7%E3%83%AD%E3%82%A2%E3%83%AA%E9%A9%9A%E7%95%B0%E3%81%AE%E4%B8%96%E7%95%8C%E3%80%88%E7%AC%AC3%E5%B7%BB%E3%80%89%E3%82%B7%E3%83%AD%E3%82%A2%E3%83%AA%E5%AE%9F%E6%85%8B%E3%83%AA%E3%83%9D%E3%83%BC%E3%83%88%E3%80%81%E3%82%A4%E3%82%A8%E3%82%B7%E3%83%AD%E3%82%A2%E3%83%AA%E3%80%81%E7%84%A1%E6%83%85%E3%81%AA%E8%A2%AB%E5%AE%B3%E3%81%A8%E8%A8%B4%E8%A8%9F%E5%BB%BA%E7%89%A9/dp/4886941532/ref=sr_1_15?dib=eyJ2IjoiMSJ9.Z78ffOejpj9U-4hbvGcKs4CovpvDMgmIOTOPX7wLAwwBHki029yadFNPZkOS-3mH1AStzlDTlLASATWNvTiKDCmUcQ78tkjP99Pa-8aLhxKjaps3J2yEy7CTsRVFnoAYzY57lexZhCq2jcCvNpGmDPekS0PzBxoiT85yFgh6hMEXhr3wMliZZyBTf29huTZxkPHTHsbKSd6-6kTA6pWNGYl4Sity0Tt-uW5fY_HoRN8.L8e4LnlnPlnst5IdRjEf1BJuuzeXXbOgOHoRRqks6PA&dib_tag=se&m=A31NFQQ4065CWX&marketplaceID=A19VAU5U5O7RUS&qid=1775480057&refinements=p_36%3A17000-17500&s=merchant-items&sr=1-15,シロアリ驚異の世界〈第3巻〉シロアリ実態リポート、イエシロアリ、無情な被害と訴訟建物
4886941532,,,,
4883521516,Tankobon Hardcover,172.53,https://www.amazon.sg/%E3%82%A2%E3%83%A1%E3%83%AA%E3%82%AB%E7%B5%8C%E6%B8%88%E7%B5%8C%E5%96%B6%E5%8F%B2%E4%BA%8B%E5%85%B8-%E3%82%B8%E3%82%A7%E3%83%BC%E3%83%A0%E3%82%BA%E3%83%BBS-%E3%82%AA%E3%83%AB%E3%82%BD%E3%83%B3/dp/4883521516/ref=sr_1_16?dib=eyJ2IjoiMSJ9.Z78ffOejpj9U-4hbvGcKs4CovpvDMgmIOTOPX7wLAwwBHki029yadFNPZkOS-3mH1AStzlDTlLASATWNvTiKDCmUcQ78tkjP99Pa-8aLhxKjaps3J2yEy7CTsRVFnoAYzY57lexZhCq2jcCvNpGmDPekS0PzBxoiT85yFgh6hMEXhr3wMliZZyBTf29huTZxkPHTHsbKSd6-6kTA6pWNGYl4Sity0Tt-uW5fY_HoRN8.L8e4LnlnPlnst5IdRjEf1BJuuzeXXbOgOHoRRqks6PA&dib_tag=se&m=A31NFQQ4065CWX&marketplaceID=A19VAU5U5O7RUS&qid=1775480057&refinements=p_36%3A17000-17500&s=merchant-items&sr=1-16,アメリカ経済経営史事典
4883521516,,,,
488198831X,Tankobon Hardcover,171.61,https://www.amazon.sg/%E3%83%9E%E3%83%BC%E3%83%B4%E3%82%A7%E3%83%AB%E6%9B%B8%E7%B0%A1%E9%9B%86_%E7%8E%8B%E6%94%BF%E5%BE%A9%E5%8F%A4%E6%99%82%E4%BB%A3%E3%82%A4%E3%83%B3%E3%82%B0%E3%83%A9%E3%83%B3%E3%83%89%E3%81%B8%E3%81%AE%E7%AA%93%E3%81%A8%E3%81%97%E3%81%A6/dp/488198831X/ref=sr_1_17?dib=eyJ2IjoiMSJ9.etj84Jvl6zt6Abxtc7qmhGTnZdkBm5-5mu_tMPa_27_pSDSp_cIkX1iNThHxHbXJoFXmhuM4QRKSFPzm3N_R_-v5aQdQ7FrOcWriFIoyuZ1JHcJ8WpBXinuZQ966LbCm3qLwr84rmYU5dcWPu7bUlIBd9GQV5aMiC_WIqLNldXF3koGOiknBX9knKi3dLnAAcyBAA-nQfvPgRDMEyIBs_0mXayJcP4QmilGrQR9UEKQ.P3LPRNXWhSEp3NM-GeHiaDooUZJuEfWduaT0UyLxsK8&dib_tag=se&m=A31NFQQ4065CWX&marketplaceID=A19VAU5U5O7RUS&qid=1775480062&refinements=p_36%3A17000-17500&s=merchant-items&sr=1-17&xpid=DRA1ti-Wt98Vd,マーヴェル書簡集―王政復古時代イングランドへの窓として
488198831X,,,,
4879623792,Mook,180.36,https://www.amazon.sg/%E7%9A%AE%E8%86%9A%E8%BB%9F%E9%83%A8%E8%85%AB%E7%98%8D%E3%82%A2%E3%83%88%E3%83%A9%E3%82%B9/dp/4879623792/ref=sr_1_18?dib=eyJ2IjoiMSJ9.etj84Jvl6zt6Abxtc7qmhGTnZdkBm5-5mu_tMPa_27_pSDSp_cIkX1iNThHxHbXJoFXmhuM4QRKSFPzm3N_R_-v5aQdQ7FrOcWriFIoyuZ1JHcJ8WpBXinuZQ966LbCm3qLwr84rmYU5dcWPu7bUlIBd9GQV5aMiC_WIqLNldXF3koGOiknBX9knKi3dLnAAcyBAA-nQfvPgRDMEyIBs_0mXayJcP4QmilGrQR9UEKQ.P3LPRNXWhSEp3NM-GeHiaDooUZJuEfWduaT0UyLxsK8&dib_tag=se&m=A31NFQQ4065CWX&marketplaceID=A19VAU5U5O7RUS&qid=1775480062&refinements=p_36%3A17000-17500&s=merchant-items&sr=1-18&xpid=DRA1ti-Wt98Vd#customerReviews,皮膚軟部腫瘍アトラス
4879623792,,,,
4865563628,Tankobon Softcover,171.38,https://www.amazon.sg/%E6%9B%B8%E5%BC%8F-%E6%B0%91%E4%BA%8B%E4%BF%9D%E5%85%A8%E3%81%AE%E5%AE%9F%E5%8B%99%E3%80%94%E5%85%A8%E8%A8%82%E5%85%AD%E7%89%88%E3%80%95%E2%94%80%E7%94%B3%E7%AB%8B%E3%81%A6%E3%81%8B%E3%82%89%E5%9F%B7%E8%A1%8C%E7%B5%82%E4%BA%86%E3%81%BE%E3%81%A7%E3%81%AE%E6%9B%B8%E5%BC%8F%E3%81%A8%E7%90%86%E8%AB%96-%E8%A3%81%E5%88%A4%E4%BA%8B%E5%8B%99%E6%89%8B%E7%B6%9A%E8%AC%9B%E5%BA%A7-6/dp/4865563628/ref=sr_1_19?dib=eyJ2IjoiMSJ9.etj84Jvl6zt6Abxtc7qmhGTnZdkBm5-5mu_tMPa_27_pSDSp_cIkX1iNThHxHbXJoFXmhuM4QRKSFPzm3N_R_-v5aQdQ7FrOcWriFIoyuZ1JHcJ8WpBXinuZQ966LbCm3qLwr84rmYU5dcWPu7bUlIBd9GQV5aMiC_WIqLNldXF3koGOiknBX9knKi3dLnAAcyBAA-nQfvPgRDMEyIBs_0mXayJcP4QmilGrQR9UEKQ.P3LPRNXWhSEp3NM-GeHiaDooUZJuEfWduaT0UyLxsK8&dib_tag=se&m=A31NFQQ4065CWX&marketplaceID=A19VAU5U5O7RUS&qid=1775480062&refinements=p_36%3A17000-17500&s=merchant-items&sr=1-19&xpid=DRA1ti-Wt98Vd#customerReviews,書式 民事保全の実務〔全訂六版〕─申立てから執行終了までの書式と理論 (裁判事務手続講座): 6
4865563628,,,,
4863260458,Tankobon Hardcover,,https://www.amazon.sg/%E7%A4%BE%E5%A4%96%E5%8B%A4%E5%8B%99%E7%AE%A1%E7%90%86%E3%83%8F%E3%83%B3%E3%83%89%E3%83%96%E3%83%83%E3%82%AF_%E4%BC%9A%E7%A4%BE%E5%A4%96%E3%81%A7%E3%81%AE%E5%8B%A4%E5%8B%99%E3%82%92%E7%AE%A1%E7%90%86%E3%81%97%E3%80%81%E6%9F%94%E8%BB%9F%E3%81%AA%E5%83%8D%E3%81%8D%E6%96%B9%E3%82%92%E5%86%86%E6%BB%91%E3%81%AB%E9%80%B2%E3%82%81%E3%82%8B%E3%81%9F%E3%82%81%E3%81%AB/dp/4863260458/ref=sr_1_20?dib=eyJ2IjoiMSJ9.etj84Jvl6zt6Abxtc7qmhGTnZdkBm5-5mu_tMPa_27_pSDSp_cIkX1iNThHxHbXJoFXmhuM4QRKSFPzm3N_R_-v5aQdQ7FrOcWriFIoyuZ1JHcJ8WpBXinuZQ966LbCm3qLwr84rmYU5dcWPu7bUlIBd9GQV5aMiC_WIqLNldXF3koGOiknBX9knKi3dLnAAcyBAA-nQfvPgRDMEyIBs_0mXayJcP4QmilGrQR9UEKQ.P3LPRNXWhSEp3NM-GeHiaDooUZJuEfWduaT0UyLxsK8&dib_tag=se&m=A31NFQQ4065CWX&marketplaceID=A19VAU5U5O7RUS&qid=1775480062&refinements=p_36%3A17000-17500&s=merchant-items&sr=1-20&xpid=DRA1ti-Wt98Vd,社外勤務管理ハンドブック―会社外での勤務を管理し、柔軟な働き方を円滑に進めるために
483427909X,Paperback Bunko,172.96,https://www.amazon.sg/NHK%E3%81%9D%E3%81%AE%E6%99%82%E6%AD%B4%E5%8F%B2%E3%81%8C%E5%8B%95%E3%81%84%E3%81%9F%E3%82%B3%E3%83%9F%E3%83%83%E3%82%AF%E7%89%88-%E3%83%86%E3%83%BC%E3%83%9E%E5%88%A5%E6%84%9F%E5%8B%95%E6%AD%B4%E5%8F%B2%E7%B7%A8-5%E5%86%8A%E3%82%BB%E3%83%83%E3%83%88-%E3%83%9B%E3%83%BC%E3%83%A0%E7%A4%BE%E6%BC%AB%E7%94%BB%E6%96%87%E5%BA%AB-1x51339set20180131/dp/483427909X/ref=sr_1_21?dib=eyJ2IjoiMSJ9.etj84Jvl6zt6Abxtc7qmhGTnZdkBm5-5mu_tMPa_27_pSDSp_cIkX1iNThHxHbXJoFXmhuM4QRKSFPzm3N_R_-v5aQdQ7FrOcWriFIoyuZ1JHcJ8WpBXinuZQ966LbCm3qLwr84rmYU5dcWPu7bUlIBd9GQV5aMiC_WIqLNldXF3koGOiknBX9knKi3dLnAAcyBAA-nQfvPgRDMEyIBs_0mXayJcP4QmilGrQR9UEKQ.P3LPRNXWhSEp3NM-GeHiaDooUZJuEfWduaT0UyLxsK8&dib_tag=se&m=A31NFQQ4065CWX&marketplaceID=A19VAU5U5O7RUS&qid=1775480062&refinements=p_36%3A17000-17500&s=merchant-items&sr=1-21&xpid=DRA1ti-Wt98Vd#customerReviews,NHKその時歴史が動いたコミック版 テーマ別感動歴史編 5冊セット (ホーム社漫画文庫): 1x51339set20180131
483427909X,,,,
4830627565,Tankobon Hardcover,172.75,https://www.amazon.sg/%E6%89%8B%E3%81%AE%E5%A4%96%E7%A7%91%E3%81%AE%E8%A6%81%E7%82%B9%E3%81%A8%E7%9B%B2%E7%82%B9-%E6%95%B4%E5%BD%A2%E5%A4%96%E7%A7%91Knack-Pitfalls/dp/4830627565/ref=sr_1_22?dib=eyJ2IjoiMSJ9.etj84Jvl6zt6Abxtc7qmhGTnZdkBm5-5mu_tMPa_27_pSDSp_cIkX1iNThHxHbXJoFXmhuM4QRKSFPzm3N_R_-v5aQdQ7FrOcWriFIoyuZ1JHcJ8WpBXinuZQ966LbCm3qLwr84rmYU5dcWPu7bUlIBd9GQV5aMiC_WIqLNldXF3koGOiknBX9knKi3dLnAAcyBAA-nQfvPgRDMEyIBs_0mXayJcP4QmilGrQR9UEKQ.P3LPRNXWhSEp3NM-GeHiaDooUZJuEfWduaT0UyLxsK8&dib_tag=se&m=A31NFQQ4065CWX&marketplaceID=A19VAU5U5O7RUS&qid=1775480062&refinements=p_36%3A17000-17500&s=merchant-items&sr=1-22&xpid=DRA1ti-Wt98Vd#customerReviews,手の外科の要点と盲点 (整形外科Knack&Pitfalls)
4830627565,,,,
4792306396,Tankobon Hardcover,171.18,https://www.amazon.sg/%E3%83%8F%E3%82%A4%E3%82%A8%E3%82%AF%E3%81%AE%E4%BC%9D%E7%B5%B1%E8%AB%96%E3%81%AE%E5%86%8D%E6%A7%8B%E6%88%90-%E6%96%B0%E5%9F%BA%E7%A4%8E%E6%B3%95%E5%AD%A6%E5%8F%A2%E6%9B%B8-15/dp/4792306396/ref=sr_1_23?dib=eyJ2IjoiMSJ9.etj84Jvl6zt6Abxtc7qmhGTnZdkBm5-5mu_tMPa_27_pSDSp_cIkX1iNThHxHbXJoFXmhuM4QRKSFPzm3N_R_-v5aQdQ7FrOcWriFIoyuZ1JHcJ8WpBXinuZQ966LbCm3qLwr84rmYU5dcWPu7bUlIBd9GQV5aMiC_WIqLNldXF3koGOiknBX9knKi3dLnAAcyBAA-nQfvPgRDMEyIBs_0mXayJcP4QmilGrQR9UEKQ.P3LPRNXWhSEp3NM-GeHiaDooUZJuEfWduaT0UyLxsK8&dib_tag=se&m=A31NFQQ4065CWX&marketplaceID=A19VAU5U5O7RUS&qid=1775480062&refinements=p_36%3A17000-17500&s=merchant-items&sr=1-23&xpid=DRA1ti-Wt98Vd,ハイエクの伝統論の再構成 (新基礎法学叢書 15)
4792306396,,,,
4787915223,Tankobon Hardcover,170.64,https://www.amazon.sg/%E5%85%A8%E9%87%88%E7%B6%9A%E3%81%BF%E3%81%AA%E3%81%97%E3%81%90%E3%82%8A-%E6%96%B0%E5%85%B8%E7%A4%BE%E6%B3%A8%E9%87%88%E5%8F%A2%E6%9B%B822/dp/4787915223/ref=sr_1_24?dib=eyJ2IjoiMSJ9.etj84Jvl6zt6Abxtc7qmhGTnZdkBm5-5mu_tMPa_27_pSDSp_cIkX1iNThHxHbXJoFXmhuM4QRKSFPzm3N_R_-v5aQdQ7FrOcWriFIoyuZ1JHcJ8WpBXinuZQ966LbCm3qLwr84rmYU5dcWPu7bUlIBd9GQV5aMiC_WIqLNldXF3koGOiknBX9knKi3dLnAAcyBAA-nQfvPgRDMEyIBs_0mXayJcP4QmilGrQR9UEKQ.P3LPRNXWhSEp3NM-GeHiaDooUZJuEfWduaT0UyLxsK8&dib_tag=se&m=A31NFQQ4065CWX&marketplaceID=A19VAU5U5O7RUS&qid=1775480062&refinements=p_36%3A17000-17500&s=merchant-items&sr=1-24&xpid=DRA1ti-Wt98Vd,全釈続みなしぐり (新典社注釈叢書22)
4787915223,,,,
4784957804,Tankobon Softcover,170.46,https://www.amazon.sg/%E9%95%B7%E5%BC%95%E3%81%8F%E8%86%9D%E3%81%AE%E7%97%9B%E3%81%BF%E3%81%AB%E5%AF%BE%E3%81%99%E3%82%8B%E6%B2%BB%E7%99%82%E6%88%A6%E7%95%A5/dp/4784957804/ref=sr_1_25?dib=eyJ2IjoiMSJ9.etj84Jvl6zt6Abxtc7qmhGTnZdkBm5-5mu_tMPa_27_pSDSp_cIkX1iNThHxHbXJoFXmhuM4QRKSFPzm3N_R_-v5aQdQ7FrOcWriFIoyuZ1JHcJ8WpBXinuZQ966LbCm3qLwr84rmYU5dcWPu7bUlIBd9GQV5aMiC_WIqLNldXF3koGOiknBX9knKi3dLnAAcyBAA-nQfvPgRDMEyIBs_0mXayJcP4QmilGrQR9UEKQ.P3LPRNXWhSEp3NM-GeHiaDooUZJuEfWduaT0UyLxsK8&dib_tag=se&m=A31NFQQ4065CWX&marketplaceID=A19VAU5U5O7RUS&qid=1775480062&refinements=p_36%3A17000-17500&s=merchant-items&sr=1-25&xpid=DRA1ti-Wt98Vd#customerReviews,長引く膝の痛みに対する治療戦略
4784957804,,,,
4784945903,Tankobon Hardcover,171.18,https://www.amazon.sg/%E6%95%91%E5%91%BD%E6%95%91%E6%80%A5%E3%83%BB%E9%9B%86%E4%B8%AD%E6%B2%BB%E7%99%82%E3%82%A8%E3%82%AD%E3%82%B9%E3%83%91%E3%83%BC%E3%83%88%E3%83%96%E3%83%83%E3%82%AFR35-%E4%B8%89%E5%AE%85-%E5%BA%B7%E5%8F%B2/dp/4784945903/ref=sr_1_26?dib=eyJ2IjoiMSJ9.etj84Jvl6zt6Abxtc7qmhGTnZdkBm5-5mu_tMPa_27_pSDSp_cIkX1iNThHxHbXJoFXmhuM4QRKSFPzm3N_R_-v5aQdQ7FrOcWriFIoyuZ1JHcJ8WpBXinuZQ966LbCm3qLwr84rmYU5dcWPu7bUlIBd9GQV5aMiC_WIqLNldXF3koGOiknBX9knKi3dLnAAcyBAA-nQfvPgRDMEyIBs_0mXayJcP4QmilGrQR9UEKQ.P3LPRNXWhSEp3NM-GeHiaDooUZJuEfWduaT0UyLxsK8&dib_tag=se&m=A31NFQQ4065CWX&marketplaceID=A19VAU5U5O7RUS&qid=1775480062&refinements=p_36%3A17000-17500&s=merchant-items&sr=1-26&xpid=DRA1ti-Wt98Vd#customerReviews,救命救急・集中治療エキスパートブックR35
4784945903,,,,
4780908612,Tankobon Hardcover,171.09,https://www.amazon.sg/%E7%94%BB%E5%83%8F%E3%81%A8%E7%97%85%E7%90%86%E3%81%AE%E5%AF%BE%E6%AF%94%E3%81%8B%E3%82%89%E5%AD%A6%E3%81%B6%E8%86%B5%E7%99%8C%E8%A8%BA%E7%99%82%E3%82%A2%E3%83%88%E3%83%A9%E3%82%B9_%E6%89%8B%E8%A1%93%E9%81%A9%E5%BF%9C%E3%81%AE%E6%B1%BA%E5%AE%9A%E3%81%A8%E8%A1%93%E5%BC%8F%E7%AB%8B%E6%A1%88%E3%81%AB%E5%BD%B9%E7%AB%8B%E3%81%A4%E8%AA%AD%E5%BD%B1%E3%81%AE%E8%A6%81%E7%82%B9%E3%81%AB%E8%BF%AB%E3%82%8B/dp/4780908612/ref=sr_1_27?dib=eyJ2IjoiMSJ9.etj84Jvl6zt6Abxtc7qmhGTnZdkBm5-5mu_tMPa_27_pSDSp_cIkX1iNThHxHbXJoFXmhuM4QRKSFPzm3N_R_-v5aQdQ7FrOcWriFIoyuZ1JHcJ8WpBXinuZQ966LbCm3qLwr84rmYU5dcWPu7bUlIBd9GQV5aMiC_WIqLNldXF3koGOiknBX9knKi3dLnAAcyBAA-nQfvPgRDMEyIBs_0mXayJcP4QmilGrQR9UEKQ.P3LPRNXWhSEp3NM-GeHiaDooUZJuEfWduaT0UyLxsK8&dib_tag=se&m=A31NFQQ4065CWX&marketplaceID=A19VAU5U5O7RUS&qid=1775480062&refinements=p_36%3A17000-17500&s=merchant-items&sr=1-27&xpid=DRA1ti-Wt98Vd#customerReviews,画像と病理の対比から学ぶ膵癌診療アトラス―手術適応の決定と術式立案に役立つ読影の要点に迫る!
4780908612,,,,
4759816224,Tankobon Hardcover,173.42,https://www.amazon.sg/%E6%9C%89%E6%A9%9F%E5%8C%96%E5%AD%A6-%E7%AC%AC2%E7%89%88-%E3%83%99%E3%83%BC%E3%82%B7%E3%83%83%E3%82%AF%E8%96%AC%E5%AD%A6%E6%95%99%E7%A7%91%E6%9B%B8%E3%82%B7%E3%83%AA%E3%83%BC%E3%82%BA/dp/4759816224/ref=sr_1_28?dib=eyJ2IjoiMSJ9.etj84Jvl6zt6Abxtc7qmhGTnZdkBm5-5mu_tMPa_27_pSDSp_cIkX1iNThHxHbXJoFXmhuM4QRKSFPzm3N_R_-v5aQdQ7FrOcWriFIoyuZ1JHcJ8WpBXinuZQ966LbCm3qLwr84rmYU5dcWPu7bUlIBd9GQV5aMiC_WIqLNldXF3koGOiknBX9knKi3dLnAAcyBAA-nQfvPgRDMEyIBs_0mXayJcP4QmilGrQR9UEKQ.P3LPRNXWhSEp3NM-GeHiaDooUZJuEfWduaT0UyLxsK8&dib_tag=se&m=A31NFQQ4065CWX&marketplaceID=A19VAU5U5O7RUS&qid=1775480062&refinements=p_36%3A17000-17500&s=merchant-items&sr=1-28&xpid=DRA1ti-Wt98Vd#customerReviews,有機化学(第2版) (ベーシック薬学教科書シリーズ)
4759816224,,,,
4758112037,Tankobon Hardcover,170.56,https://www.amazon.sg/%E9%87%8D%E7%97%87%E6%82%A3%E8%80%85%E3%81%AE%E7%97%9B%E3%81%BF%E3%83%BB%E4%B8%8D%E7%A9%8F%E3%83%BB%E3%81%9B%E3%82%93%E5%A6%84-%E5%AE%9F%E9%9A%9B%E3%81%A9%E3%81%86%E3%81%99%E3%82%8B-%E3%80%9C%E4%BD%BF%E3%81%88%E3%82%8B%E3%82%A8%E3%83%93%E3%83%87%E3%83%B3%E3%82%B9%E3%81%A8%E7%8F%BE%E5%A0%B4%E3%81%8B%E3%82%89%E3%81%AE%E3%82%A2%E3%83%89%E3%83%90%E3%82%A4%E3%82%B9-Surviving-ICU%E3%82%B7%E3%83%AA%E3%83%BC%E3%82%BA/dp/4758112037/ref=sr_1_29?dib=eyJ2IjoiMSJ9.etj84Jvl6zt6Abxtc7qmhGTnZdkBm5-5mu_tMPa_27_pSDSp_cIkX1iNThHxHbXJoFXmhuM4QRKSFPzm3N_R_-v5aQdQ7FrOcWriFIoyuZ1JHcJ8WpBXinuZQ966LbCm3qLwr84rmYU5dcWPu7bUlIBd9GQV5aMiC_WIqLNldXF3koGOiknBX9knKi3dLnAAcyBAA-nQfvPgRDMEyIBs_0mXayJcP4QmilGrQR9UEKQ.P3LPRNXWhSEp3NM-GeHiaDooUZJuEfWduaT0UyLxsK8&dib_tag=se&m=A31NFQQ4065CWX&marketplaceID=A19VAU5U5O7RUS&qid=1775480062&refinements=p_36%3A17000-17500&s=merchant-items&sr=1-29&xpid=DRA1ti-Wt98Vd#customerReviews,重症患者の痛み・不穏・せん妄 実際どうする?〜使えるエビデンスと現場からのアドバイス (Surviving ICUシリーズ)
4758112037,,,,
4625570522,Tankobon Hardcover,172.23,https://www.amazon.sg/%E7%AE%A1%E5%AD%90-%E4%B8%8B-%E6%96%B0%E9%87%88%E6%BC%A2%E6%96%87%E5%A4%A7%E7%B3%BB-52/dp/4625570522/ref=sr_1_30?dib=eyJ2IjoiMSJ9.etj84Jvl6zt6Abxtc7qmhGTnZdkBm5-5mu_tMPa_27_pSDSp_cIkX1iNThHxHbXJoFXmhuM4QRKSFPzm3N_R_-v5aQdQ7FrOcWriFIoyuZ1JHcJ8WpBXinuZQ966LbCm3qLwr84rmYU5dcWPu7bUlIBd9GQV5aMiC_WIqLNldXF3koGOiknBX9knKi3dLnAAcyBAA-nQfvPgRDMEyIBs_0mXayJcP4QmilGrQR9UEKQ.P3LPRNXWhSEp3NM-GeHiaDooUZJuEfWduaT0UyLxsK8&dib_tag=se&m=A31NFQQ4065CWX&marketplaceID=A19VAU5U5O7RUS&qid=1775480062&refinements=p_36%3A17000-17500&s=merchant-items&sr=1-30&xpid=DRA1ti-Wt98Vd#customerReviews,管子 下 新釈漢文大系 (52)
4625570522,,,,
4267890021,Paperback Bunko,174.9,https://www.amazon.sg/Buddha-Complete-Paperback-Collection-Japanese/dp/4267890021/ref=sr_1_31?dib=eyJ2IjoiMSJ9.etj84Jvl6zt6Abxtc7qmhGTnZdkBm5-5mu_tMPa_27_pSDSp_cIkX1iNThHxHbXJoFXmhuM4QRKSFPzm3N_R_-v5aQdQ7FrOcWriFIoyuZ1JHcJ8WpBXinuZQ966LbCm3qLwr84rmYU5dcWPu7bUlIBd9GQV5aMiC_WIqLNldXF3koGOiknBX9knKi3dLnAAcyBAA-nQfvPgRDMEyIBs_0mXayJcP4QmilGrQR9UEKQ.P3LPRNXWhSEp3NM-GeHiaDooUZJuEfWduaT0UyLxsK8&dib_tag=se&m=A31NFQQ4065CWX&marketplaceID=A19VAU5U5O7RUS&qid=1775480062&refinements=p_36%3A17000-17500&s=merchant-items&sr=1-31&xpid=DRA1ti-Wt98Vd#customerReviews,"Buddha, the Complete Paperback Collection [Comic] [Japanese Edition]"
4267890021,,,,
B0B3CMPFXM,,172.78,https://www.amazon.sg/KM22-01-Lemnos-Aluminum-Diameter-Thickness/dp/B0B3CMPFXM/ref=sr_1_32?dib=eyJ2IjoiMSJ9.etj84Jvl6zt6Abxtc7qmhGTnZdkBm5-5mu_tMPa_27_pSDSp_cIkX1iNThHxHbXJoFXmhuM4QRKSFPzm3N_R_-v5aQdQ7FrOcWriFIoyuZ1JHcJ8WpBXinuZQ966LbCm3qLwr84rmYU5dcWPu7bUlIBd9GQV5aMiC_WIqLNldXF3koGOiknBX9knKi3dLnAAcyBAA-nQfvPgRDMEyIBs_0mXayJcP4QmilGrQR9UEKQ.P3LPRNXWhSEp3NM-GeHiaDooUZJuEfWduaT0UyLxsK8&dib_tag=se&m=A31NFQQ4065CWX&marketplaceID=A19VAU5U5O7RUS&qid=1775480062&refinements=p_36%3A17000-17500&s=merchant-items&sr=1-32&xpid=DRA1ti-Wt98Vd#customerReviews,"Remnos KM22-01 WH Lemnos Wall Clock, Analog, Plaster Aluminum, White, Diameter 5.1 x Thickness 2.2 inches (130 x 55 mm)"
B0B3CMPFXM,,,,
B0D33SN26G,,171.3,https://www.amazon.sg/Pitchblack-Bass-Tuner-Ultra-Buffer/dp/B0D33SN26G/ref=sr_1_33?dib=eyJ2IjoiMSJ9.QuInjxp7vZSVe5-SlaGYWYTIN1WoOk6EE5GNAj1S7Uju9_nMrLuG_oNc8IRim4y8YDtqTa-Bps6KCrSNlGqBAQ.44zAuxFbIh6IPYAqCMdLxpBJpsZ-aK79flr8ouTuMrw&dib_tag=se&m=A31NFQQ4065CWX&marketplaceID=A19VAU5U5O7RUS&qid=1775480069&refinements=p_36%3A17000-17500&s=merchant-items&sr=1-33&xpid=DRA1ti-Wt98Vd#customerReviews,Pitchblack XS Bass Slim Tuner with Ultra Buffer
B0D33SN26G,,,,
B0DGFZ6WR2,,173.05,https://www.amazon.sg/TAKARA-TOMY-BEYBLADE-BX-37-Beyblade/dp/B0DGFZ6WR2/ref=sr_1_34?dib=eyJ2IjoiMSJ9.QuInjxp7vZSVe5-SlaGYWYTIN1WoOk6EE5GNAj1S7Uju9_nMrLuG_oNc8IRim4y8YDtqTa-Bps6KCrSNlGqBAQ.44zAuxFbIh6IPYAqCMdLxpBJpsZ-aK79flr8ouTuMrw&dib_tag=se&m=A31NFQQ4065CWX&marketplaceID=A19VAU5U5O7RUS&qid=1775480069&refinements=p_36%3A17000-17500&s=merchant-items&sr=1-34&xpid=DRA1ti-Wt98Vd#customerReviews,"TAKARA TOMY BEYBLADE X BX-37 Double Extreme Stadium Set with Beyblade, Winder Launcher, Plastic Material, Ages 6+"
B0DGFZ6WR2,,,,
B00Q78WQF6,,173.11,https://www.amazon.sg/E78CHB-Multi-Beam-Proximity-Long-Range-Technology/dp/B00Q78WQF6/ref=sr_1_35?dib=eyJ2IjoiMSJ9.QuInjxp7vZSVe5-SlaGYWYTIN1WoOk6EE5GNAj1S7Uju9_nMrLuG_oNc8IRim4y8YDtqTa-Bps6KCrSNlGqBAQ.44zAuxFbIh6IPYAqCMdLxpBJpsZ-aK79flr8ouTuMrw&dib_tag=se&m=A31NFQQ4065CWX&marketplaceID=A19VAU5U5O7RUS&qid=1775480069&refinements=p_36%3A17000-17500&s=merchant-items&sr=1-35&xpid=DRA1ti-Wt98Vd,"Petzl E78CHB 2 PIXA 3 Multi-Beam Headlamp Suitable for Proximity Lighting, Movement and Long-Range Vision, with Constant Light Technology, 100 lm, Black/Yellow"
B00Q78WQF6,,,,
B001T1FJ4G,,186.99,https://www.amazon.sg/Shoji-ATY62033-Commercial-inches-Titanium/dp/B001T1FJ4G/ref=sr_1_36?dib=eyJ2IjoiMSJ9.QuInjxp7vZSVe5-SlaGYWYTIN1WoOk6EE5GNAj1S7Uju9_nMrLuG_oNc8IRim4y8YDtqTa-Bps6KCrSNlGqBAQ.44zAuxFbIh6IPYAqCMdLxpBJpsZ-aK79flr8ouTuMrw&dib_tag=se&m=A31NFQQ4065CWX&marketplaceID=A19VAU5U5O7RUS&qid=1775480069&refinements=p_36%3A17000-17500&s=merchant-items&sr=1-36&xpid=DRA1ti-Wt98Vd#customerReviews,"Endo Shoji ATY62033 Commercial Wok, 13.0 inches (33 cm), Titanium, Made in Japan"
B001T1FJ4G,,,,
B08VF2CTNQ,,174.78,https://www.amazon.sg/DAIWA-00621053-Daiwa-150PL-OP-Fune/dp/B08VF2CTNQ/ref=sr_1_37?dib=eyJ2IjoiMSJ9.QuInjxp7vZSVe5-SlaGYWYTIN1WoOk6EE5GNAj1S7Uju9_nMrLuG_oNc8IRim4y8YDtqTa-Bps6KCrSNlGqBAQ.44zAuxFbIh6IPYAqCMdLxpBJpsZ-aK79flr8ouTuMrw&dib_tag=se&m=A31NFQQ4065CWX&marketplaceID=A19VAU5U5O7RUS&qid=1775480069&refinements=p_36%3A17000-17500&s=merchant-items&sr=1-37&xpid=DRA1ti-Wt98Vd#customerReviews,Daiwa XT 150P/150PL/150P-PE3 Double Shaft Reel for Octopus
B08VF2CTNQ,,,,
B083RTGHLH,,171.07,https://www.amazon.sg/D-I-D-520ERV7100ZB-Performance-X-Ring-Connecting/dp/B083RTGHLH/ref=sr_1_33?dib=eyJ2IjoiMSJ9.p9FFZbhG1mAIGNjlS1R6EhjuBDVWCIrA4WVJL7dDF6hrwhdY1Z8-rBTeP0HQ4bQzEiiwkZmFD1OqdA4Zkd6OfbI-picC2E-hhccepaPeC4xkEGluy_nvlJE1G1xCg4hkjYG9J6dLM2AMau3mxxXN29stfIl9IeF0LaDYK_VlwEA.jQ8otfb3MnpIXURqPyY4YkJEn_ND1EWbUwAvcsWACt0&dib_tag=se&m=A31NFQQ4065CWX&marketplaceID=A19VAU5U5O7RUS&qid=1775480069&refinements=p_36%3A17000-17500&s=merchant-items&sr=1-33&xpid=DRA1ti-Wt98Vd,D.I.D 520ERV7100ZB 100 High Performance X-Ring Chain with Connecting Link
B083RTGHLH,,,,
B0C24PNVBX,,181.49,https://www.amazon.sg/Dragon-Ball-S-H-Figuarts-Frieza-Form/dp/B0C24PNVBX/ref=sr_1_34?dib=eyJ2IjoiMSJ9.p9FFZbhG1mAIGNjlS1R6EhjuBDVWCIrA4WVJL7dDF6hrwhdY1Z8-rBTeP0HQ4bQzEiiwkZmFD1OqdA4Zkd6OfbI-picC2E-hhccepaPeC4xkEGluy_nvlJE1G1xCg4hkjYG9J6dLM2AMau3mxxXN29stfIl9IeF0LaDYK_VlwEA.jQ8otfb3MnpIXURqPyY4YkJEn_ND1EWbUwAvcsWACt0&dib_tag=se&m=A31NFQQ4065CWX&marketplaceID=A19VAU5U5O7RUS&qid=1775480069&refinements=p_36%3A17000-17500&s=merchant-items&sr=1-34&xpid=DRA1ti-Wt98Vd#customerReviews,Dragon Ball Z S.H.Figuarts Frieza 3rd Form
B0D9K1HGNT,,171.11,https://www.amazon.sg/Heartfilia-Costume-Non-scale-Pre-painted-Complete/dp/B0D9K1HGNT/ref=sr_1_35?dib=eyJ2IjoiMSJ9.p9FFZbhG1mAIGNjlS1R6EhjuBDVWCIrA4WVJL7dDF6hrwhdY1Z8-rBTeP0HQ4bQzEiiwkZmFD1OqdA4Zkd6OfbI-picC2E-hhccepaPeC4xkEGluy_nvlJE1G1xCg4hkjYG9J6dLM2AMau3mxxXN29stfIl9IeF0LaDYK_VlwEA.jQ8otfb3MnpIXURqPyY4YkJEn_ND1EWbUwAvcsWACt0&dib_tag=se&m=A31NFQQ4065CWX&marketplaceID=A19VAU5U5O7RUS&qid=1775480069&refinements=p_36%3A17000-17500&s=merchant-items&sr=1-35&xpid=DRA1ti-Wt98Vd#customerReviews,"POP UP PARADE FAIRY TAIL Lucy Heartfilia Natsu Costume Ver. L Size, Non-scale, Plastic, Pre-painted Complete Figure"
B0CC92QZRB,,179.74,https://www.amazon.sg/Frontal-Victoria-Complete-Action-Figure/dp/B0CC92QZRB/ref=sr_1_36?dib=eyJ2IjoiMSJ9.p9FFZbhG1mAIGNjlS1R6EhjuBDVWCIrA4WVJL7dDF6hrwhdY1Z8-rBTeP0HQ4bQzEiiwkZmFD1OqdA4Zkd6OfbI-picC2E-hhccepaPeC4xkEGluy_nvlJE1G1xCg4hkjYG9J6dLM2AMau3mxxXN29stfIl9IeF0LaDYK_VlwEA.jQ8otfb3MnpIXURqPyY4YkJEn_ND1EWbUwAvcsWACt0&dib_tag=se&m=A31NFQQ4065CWX&marketplaceID=A19VAU5U5O7RUS&qid=1775480069&refinements=p_36%3A17000-17500&s=merchant-items&sr=1-36&xpid=DRA1ti-Wt98Vd,Frontal Armor Girl Victoria 1/12 Complete Action Figure
B0BYHN6PQX,,181.43,https://www.amazon.sg/Wilson-Burn-100ULS-Tennis-Racquet/dp/B0BYHN6PQX/ref=sr_1_37?dib=eyJ2IjoiMSJ9.p9FFZbhG1mAIGNjlS1R6EhjuBDVWCIrA4WVJL7dDF6hrwhdY1Z8-rBTeP0HQ4bQzEiiwkZmFD1OqdA4Zkd6OfbI-picC2E-hhccepaPeC4xkEGluy_nvlJE1G1xCg4hkjYG9J6dLM2AMau3mxxXN29stfIl9IeF0LaDYK_VlwEA.jQ8otfb3MnpIXURqPyY4YkJEn_ND1EWbUwAvcsWACt0&dib_tag=se&m=A31NFQQ4065CWX&marketplaceID=A19VAU5U5O7RUS&qid=1775480069&refinements=p_36%3A17000-17500&s=merchant-items&sr=1-37&xpid=DRA1ti-Wt98Vd#customerReviews,Wilson Burn 100ULS v5.0 Tennis Racquet
B0B7NB9L94,,171.12,https://www.amazon.sg/SMILE-COMPANY-Mobile-Police-Patlabor/dp/B0B7NB9L94/ref=sr_1_38?dib=eyJ2IjoiMSJ9.p9FFZbhG1mAIGNjlS1R6EhjuBDVWCIrA4WVJL7dDF6hrwhdY1Z8-rBTeP0HQ4bQzEiiwkZmFD1OqdA4Zkd6OfbI-picC2E-hhccepaPeC4xkEGluy_nvlJE1G1xCg4hkjYG9J6dLM2AMau3mxxXN29stfIl9IeF0LaDYK_VlwEA.jQ8otfb3MnpIXURqPyY4YkJEn_ND1EWbUwAvcsWACt0&dib_tag=se&m=A31NFQQ4065CWX&marketplaceID=A19VAU5U5O7RUS&qid=1775480069&refinements=p_36%3A17000-17500&s=merchant-items&sr=1-38&xpid=DRA1ti-Wt98Vd#customerReviews,GOOD SMILE COMPANY Mobile Police Patlabor 2 The Movie: AV-98 Ingram Moderoid Plastic Model Kit
B0B1MDVF5X,,171.22,https://www.amazon.sg/Daiwa-DS-Shoes-Spike-25-0-29-0/dp/B0B1MDVF5X/ref=sr_1_39?dib=eyJ2IjoiMSJ9.p9FFZbhG1mAIGNjlS1R6EhjuBDVWCIrA4WVJL7dDF6hrwhdY1Z8-rBTeP0HQ4bQzEiiwkZmFD1OqdA4Zkd6OfbI-picC2E-hhccepaPeC4xkEGluy_nvlJE1G1xCg4hkjYG9J6dLM2AMau3mxxXN29stfIl9IeF0LaDYK_VlwEA.jQ8otfb3MnpIXURqPyY4YkJEn_ND1EWbUwAvcsWACt0&dib_tag=se&m=A31NFQQ4065CWX&marketplaceID=A19VAU5U5O7RUS&qid=1775480069&refinements=p_36%3A17000-17500&s=merchant-items&sr=1-39&xpid=DRA1ti-Wt98Vd#customerReviews,"Daiwa DS - 2103 Shoes (Spike Sole), Black/Red/Green Camo, US Men's Size 7-11 (25.0-29.0 cm)"
B08XB9JL4K,,171.67,https://www.amazon.sg/CME-Wireless-Adapter-Standard-Included/dp/B08XB9JL4K/ref=sr_1_40?dib=eyJ2IjoiMSJ9.p9FFZbhG1mAIGNjlS1R6EhjuBDVWCIrA4WVJL7dDF6hrwhdY1Z8-rBTeP0HQ4bQzEiiwkZmFD1OqdA4Zkd6OfbI-picC2E-hhccepaPeC4xkEGluy_nvlJE1G1xCg4hkjYG9J6dLM2AMau3mxxXN29stfIl9IeF0LaDYK_VlwEA.jQ8otfb3MnpIXURqPyY4YkJEn_ND1EWbUwAvcsWACt0&dib_tag=se&m=A31NFQQ4065CWX&marketplaceID=A19VAU5U5O7RUS&qid=1775480069&refinements=p_36%3A17000-17500&s=merchant-items&sr=1-40&xpid=DRA1ti-Wt98Vd,"CME WIDI Jack w/MIDI DIN-5 Cable Wireless MIDI Adapter, Standard DIN (Male) MIDI Cable Included"
B08XB9JL4K,,,,
B08G88VF6B,,182.15,https://www.amazon.sg/BANDAI-BD-DIGIVICE-2020-Bandai-Digimon-DIGIVICE/dp/B08G88VF6B/ref=sr_1_41?dib=eyJ2IjoiMSJ9.p9FFZbhG1mAIGNjlS1R6EhjuBDVWCIrA4WVJL7dDF6hrwhdY1Z8-rBTeP0HQ4bQzEiiwkZmFD1OqdA4Zkd6OfbI-picC2E-hhccepaPeC4xkEGluy_nvlJE1G1xCg4hkjYG9J6dLM2AMau3mxxXN29stfIl9IeF0LaDYK_VlwEA.jQ8otfb3MnpIXURqPyY4YkJEn_ND1EWbUwAvcsWACt0&dib_tag=se&m=A31NFQQ4065CWX&marketplaceID=A19VAU5U5O7RUS&qid=1775480069&refinements=p_36%3A17000-17500&s=merchant-items&sr=1-41&xpid=DRA1ti-Wt98Vd#customerReviews,Bandai Digimon DIGIVICE
B08DR7Y7DT,,173.99,https://www.amazon.sg/SHIMANO-S90ML-4-Tailfish-Rockfish-Jigging/dp/B08DR7Y7DT/ref=sr_1_42?dib=eyJ2IjoiMSJ9.p9FFZbhG1mAIGNjlS1R6EhjuBDVWCIrA4WVJL7dDF6hrwhdY1Z8-rBTeP0HQ4bQzEiiwkZmFD1OqdA4Zkd6OfbI-picC2E-hhccepaPeC4xkEGluy_nvlJE1G1xCg4hkjYG9J6dLM2AMau3mxxXN29stfIl9IeF0LaDYK_VlwEA.jQ8otfb3MnpIXURqPyY4YkJEn_ND1EWbUwAvcsWACt0&dib_tag=se&m=A31NFQQ4065CWX&marketplaceID=A19VAU5U5O7RUS&qid=1775480069&refinements=p_36%3A17000-17500&s=merchant-items&sr=1-42&xpid=DRA1ti-Wt98Vd#customerReviews,"Shimano Mobile Rod, 20 MB Various Types, Sea Bass, Egging, Rockfish, Shore Jigging, Bass, Trout"
B08DR7Y7DT,,,,
B07QYMR5V1,,174.97,https://www.amazon.sg/Furutech-NCF-Booster-Signal-L-Connector-Supporter/dp/B07QYMR5V1/ref=sr_1_43?dib=eyJ2IjoiMSJ9.p9FFZbhG1mAIGNjlS1R6EhjuBDVWCIrA4WVJL7dDF6hrwhdY1Z8-rBTeP0HQ4bQzEiiwkZmFD1OqdA4Zkd6OfbI-picC2E-hhccepaPeC4xkEGluy_nvlJE1G1xCg4hkjYG9J6dLM2AMau3mxxXN29stfIl9IeF0LaDYK_VlwEA.jQ8otfb3MnpIXURqPyY4YkJEn_ND1EWbUwAvcsWACt0&dib_tag=se&m=A31NFQQ4065CWX&marketplaceID=A19VAU5U5O7RUS&qid=1775480069&refinements=p_36%3A17000-17500&s=merchant-items&sr=1-43&xpid=DRA1ti-Wt98Vd#customerReviews,Furutech NCF Booster-Signal-L Connector & Cable Supporter
B07QYMR5V1,,,,
B07Q5SCK6S,,190.69,https://www.amazon.sg/TAMASHII-NATIONS-Bandai-Figuarts-Endgame/dp/B07Q5SCK6S/ref=sr_1_49?dib=eyJ2IjoiMSJ9.i1RaSSThuef_ATdmx03xtdIBnmQX4PZDKa5RZsMIlJgdZsS5ZN-OSlWvK5BY9S1zEArpRpCMzlFPehqmJvVfDA.EUmlC6BW0vf0M_mO--MyeJhYz4IPs2OauIYhdi74mRQ&dib_tag=se&m=A31NFQQ4065CWX&marketplaceID=A19VAU5U5O7RUS&qid=1775480074&refinements=p_36%3A17000-17500&s=merchant-items&sr=1-49&xpid=DRA1ti-Wt98Vd#customerReviews,TAMASHII NATIONS Bandai S.H. Figuarts Thanos (Endgame Ver.)
B07MYSWPD4,,199.3,https://www.amazon.sg/Square-Enix-Automata-Action-Figure/dp/B07MYSWPD4/ref=sr_1_50?dib=eyJ2IjoiMSJ9.i1RaSSThuef_ATdmx03xtdIBnmQX4PZDKa5RZsMIlJgdZsS5ZN-OSlWvK5BY9S1zEArpRpCMzlFPehqmJvVfDA.EUmlC6BW0vf0M_mO--MyeJhYz4IPs2OauIYhdi74mRQ&dib_tag=se&m=A31NFQQ4065CWX&marketplaceID=A19VAU5U5O7RUS&qid=1775480074&refinements=p_36%3A17000-17500&s=merchant-items&sr=1-50&xpid=DRA1ti-Wt98Vd#customerReviews,Square Enix Nier Automata 2B (YoRHa No. 2 Type B) Ver. 2 Bring Arts Action Figure
B07F2K6K2Z,,170.44,https://www.amazon.sg/Shimano-Brake-Caliper-Black-Size/dp/B07F2K6K2Z/ref=sr_1_51?dib=eyJ2IjoiMSJ9.i1RaSSThuef_ATdmx03xtdIBnmQX4PZDKa5RZsMIlJgdZsS5ZN-OSlWvK5BY9S1zEArpRpCMzlFPehqmJvVfDA.EUmlC6BW0vf0M_mO--MyeJhYz4IPs2OauIYhdi74mRQ&dib_tag=se&m=A31NFQQ4065CWX&marketplaceID=A19VAU5U5O7RUS&qid=1775480074&refinements=p_36%3A17000-17500&s=merchant-items&sr=1-51&xpid=DRA1ti-Wt98Vd#customerReviews,Shimano XTR Brake Caliper Black One Size
B07F2K6K2Z,,,,
B075N5KHMM,,173.41,https://www.amazon.sg/Narumi-41721-33459-Boutique-Microwave-Warming/dp/B075N5KHMM/ref=sr_1_52?dib=eyJ2IjoiMSJ9.i1RaSSThuef_ATdmx03xtdIBnmQX4PZDKa5RZsMIlJgdZsS5ZN-OSlWvK5BY9S1zEArpRpCMzlFPehqmJvVfDA.EUmlC6BW0vf0M_mO--MyeJhYz4IPs2OauIYhdi74mRQ&dib_tag=se&m=A31NFQQ4065CWX&marketplaceID=A19VAU5U5O7RUS&qid=1775480074&refinements=p_36%3A17000-17500&s=merchant-items&sr=1-52&xpid=DRA1ti-Wt98Vd#customerReviews,"Narumi 41721-33459 Floral Boutique Cup and Saucer Set, 8.3 fl oz (210 cc), 5 Piece Set, Microwave Warming Safe"
B075N5KHMM,,,,
B0736NZ55T,,171.82,https://www.amazon.sg/LEH121-Headlights-Equivalent-Inspection-Compatible/dp/B0736NZ55T/ref=sr_1_53?dib=eyJ2IjoiMSJ9.i1RaSSThuef_ATdmx03xtdIBnmQX4PZDKa5RZsMIlJgdZsS5ZN-OSlWvK5BY9S1zEArpRpCMzlFPehqmJvVfDA.EUmlC6BW0vf0M_mO--MyeJhYz4IPs2OauIYhdi74mRQ&dib_tag=se&m=A31NFQQ4065CWX&marketplaceID=A19VAU5U5O7RUS&qid=1775480074&refinements=p_36%3A17000-17500&s=merchant-items&sr=1-53&xpid=DRA1ti-Wt98Vd#customerReviews,"PIAA LEH121 LED Bulb for Headlights/Fog Lights, HB3 / HB4 / HIR1 / HIR2 6000K 58000 cd 6,500 lm Equivalent*Vehicle Inspection Compatible with 12V/24V Common Use, 23W Premium, Long Beam for High Speed"
B0736NZ55T,,,,
B00KIIS6PU,,192.29,https://www.amazon.sg/Hioki-DT4221/dp/B00KIIS6PU/ref=sr_1_49?dib=eyJ2IjoiMSJ9._2SGTsy9ztyBykGDWm8wm9jVKS46SQUW2ZIU6-9FLRIYOYMW1kGphwwQ5zR4L9CEz3fBQdu0tDLaHlLMX_dzVIMaYsMWMZIrvuub6Fcp5_6w89EqS4PEBMWShj99AJVdEhu1j678MUURxhVSN43KKrCS5udbnqh4Che4Ip0YBBg.6PPGyw_WyA_7pEcwkPTW_RzJSwDZl5HiYjf64ecdyPA&dib_tag=se&m=A31NFQQ4065CWX&marketplaceID=A19VAU5U5O7RUS&qid=1775480074&refinements=p_36%3A17000-17500&s=merchant-items&sr=1-49&xpid=DRA1ti-Wt98Vd#customerReviews,DT4221
B00KIIS6PU,,,,
B0CK16G6KM,,177.37,https://www.amazon.sg/TAMASHII-NATIONS-Bandai-Spirits-Chogokin/dp/B0CK16G6KM/ref=sr_1_50?dib=eyJ2IjoiMSJ9._2SGTsy9ztyBykGDWm8wm9jVKS46SQUW2ZIU6-9FLRIYOYMW1kGphwwQ5zR4L9CEz3fBQdu0tDLaHlLMX_dzVIMaYsMWMZIrvuub6Fcp5_6w89EqS4PEBMWShj99AJVdEhu1j678MUURxhVSN43KKrCS5udbnqh4Che4Ip0YBBg.6PPGyw_WyA_7pEcwkPTW_RzJSwDZl5HiYjf64ecdyPA&dib_tag=se&m=A31NFQQ4065CWX&marketplaceID=A19VAU5U5O7RUS&qid=1775480074&refinements=p_36%3A17000-17500&s=merchant-items&sr=1-50&xpid=DRA1ti-Wt98Vd#customerReviews,"TAMASHII NATIONS - Sand Land - Sand Land Tank 104, Bandai Spirits Chogokin Figure"
B07F345PJZ,,170.57,https://www.amazon.sg/Tamashii-Nations-Spirits-Msm-03C-Hy-Gogg/dp/B07F345PJZ/ref=sr_1_51?dib=eyJ2IjoiMSJ9._2SGTsy9ztyBykGDWm8wm9jVKS46SQUW2ZIU6-9FLRIYOYMW1kGphwwQ5zR4L9CEz3fBQdu0tDLaHlLMX_dzVIMaYsMWMZIrvuub6Fcp5_6w89EqS4PEBMWShj99AJVdEhu1j678MUURxhVSN43KKrCS5udbnqh4Che4Ip0YBBg.6PPGyw_WyA_7pEcwkPTW_RzJSwDZl5HiYjf64ecdyPA&dib_tag=se&m=A31NFQQ4065CWX&marketplaceID=A19VAU5U5O7RUS&qid=1775480074&refinements=p_36%3A17000-17500&s=merchant-items&sr=1-51&xpid=DRA1ti-Wt98Vd#customerReviews,"Tamashii Nations Robot Spirits Msm-03C Hy-Gogg Ver. A.N.I.M.E. ""Mobile Suit Gundam: 0080 War in the Pocket"" Action Figure"
B06XCH23FT,,185.92,https://www.amazon.sg/YUPITERU-GST-7-BLEJapan-Domestic-products/dp/B06XCH23FT/ref=sr_1_52?dib=eyJ2IjoiMSJ9._2SGTsy9ztyBykGDWm8wm9jVKS46SQUW2ZIU6-9FLRIYOYMW1kGphwwQ5zR4L9CEz3fBQdu0tDLaHlLMX_dzVIMaYsMWMZIrvuub6Fcp5_6w89EqS4PEBMWShj99AJVdEhu1j678MUURxhVSN43KKrCS5udbnqh4Che4Ip0YBBg.6PPGyw_WyA_7pEcwkPTW_RzJSwDZl5HiYjf64ecdyPA&dib_tag=se&m=A31NFQQ4065CWX&marketplaceID=A19VAU5U5O7RUS&qid=1775480074&refinements=p_36%3A17000-17500&s=merchant-items&sr=1-52&xpid=DRA1ti-Wt98Vd#customerReviews,YUPITERU Golf Swing Trainer GST-7 BLEJapan Domestic genuine products
B06XCH23FT,,,,
B0C7BRHGJG,,184.53,https://www.amazon.sg/LEGO-40634-Icons-Play-New/dp/B0C7BRHGJG/ref=sr_1_53?dib=eyJ2IjoiMSJ9._2SGTsy9ztyBykGDWm8wm9jVKS46SQUW2ZIU6-9FLRIYOYMW1kGphwwQ5zR4L9CEz3fBQdu0tDLaHlLMX_dzVIMaYsMWMZIrvuub6Fcp5_6w89EqS4PEBMWShj99AJVdEhu1j678MUURxhVSN43KKrCS5udbnqh4Che4Ip0YBBg.6PPGyw_WyA_7pEcwkPTW_RzJSwDZl5HiYjf64ecdyPA&dib_tag=se&m=A31NFQQ4065CWX&marketplaceID=A19VAU5U5O7RUS&qid=1775480074&refinements=p_36%3A17000-17500&s=merchant-items&sr=1-53&xpid=DRA1ti-Wt98Vd#customerReviews,LEGO 40634 Icons of Play - New.
B09RQWKLFM,,174.1,https://www.amazon.sg/Tamashi-Nations-Kimetsu-Spirits-FiguartsZERO/dp/B09RQWKLFM/ref=sr_1_54?dib=eyJ2IjoiMSJ9._2SGTsy9ztyBykGDWm8wm9jVKS46SQUW2ZIU6-9FLRIYOYMW1kGphwwQ5zR4L9CEz3fBQdu0tDLaHlLMX_dzVIMaYsMWMZIrvuub6Fcp5_6w89EqS4PEBMWShj99AJVdEhu1j678MUURxhVSN43KKrCS5udbnqh4Che4Ip0YBBg.6PPGyw_WyA_7pEcwkPTW_RzJSwDZl5HiYjf64ecdyPA&dib_tag=se&m=A31NFQQ4065CWX&marketplaceID=A19VAU5U5O7RUS&qid=1775480074&refinements=p_36%3A17000-17500&s=merchant-items&sr=1-54&xpid=DRA1ti-Wt98Vd#customerReviews,"Tamashi Nations - Demon Slayer: Kimetsu no Yaiba - Tengen Uzui, Bandai Spirits FiguartsZERO"
B007B61IJ8,,170.87,https://www.amazon.sg/StarTech-com-5Gbps-Active-Extension-Cable/dp/B007B61IJ8/ref=sr_1_55?dib=eyJ2IjoiMSJ9._2SGTsy9ztyBykGDWm8wm9jVKS46SQUW2ZIU6-9FLRIYOYMW1kGphwwQ5zR4L9CEz3fBQdu0tDLaHlLMX_dzVIMaYsMWMZIrvuub6Fcp5_6w89EqS4PEBMWShj99AJVdEhu1j678MUURxhVSN43KKrCS5udbnqh4Che4Ip0YBBg.6PPGyw_WyA_7pEcwkPTW_RzJSwDZl5HiYjf64ecdyPA&dib_tag=se&m=A31NFQQ4065CWX&marketplaceID=A19VAU5U5O7RUS&qid=1775480074&refinements=p_36%3A17000-17500&s=merchant-items&sr=1-55&xpid=DRA1ti-Wt98Vd#customerReviews,"StarTech.com 3m USB 3.0 (5Gbps) Active Extension Cable - M/F - 3m USB 3.0 Extension Cable - USB 3.0 repeater Cable, TAA (USB3AAEXT3M)"
B007B61IJ8,,,,
B0CPDHZJLV,,173.83,https://www.amazon.sg/TCG-DUEL-PRINCESS-Divine-Cross/dp/B0CPDHZJLV/ref=sr_1_56?dib=eyJ2IjoiMSJ9._2SGTsy9ztyBykGDWm8wm9jVKS46SQUW2ZIU6-9FLRIYOYMW1kGphwwQ5zR4L9CEz3fBQdu0tDLaHlLMX_dzVIMaYsMWMZIrvuub6Fcp5_6w89EqS4PEBMWShj99AJVdEhu1j678MUURxhVSN43KKrCS5udbnqh4Che4Ip0YBBg.6PPGyw_WyA_7pEcwkPTW_RzJSwDZl5HiYjf64ecdyPA&dib_tag=se&m=A31NFQQ4065CWX&marketplaceID=A19VAU5U5O7RUS&qid=1775480074&refinements=p_36%3A17000-17500&s=merchant-items&sr=1-56&xpid=DRA1ti-Wt98Vd#customerReviews,Tea Zee (TCG) DUEL PRINCESS Vol. 2 Divine Cross Box of 20
B0CPDHZJLV,,,,
B0C8N96RVQ,,190.34,https://www.amazon.sg/MODEROID-Gridman-Universe-Non-Scale-Buildable/dp/B0C8N96RVQ/ref=sr_1_57?dib=eyJ2IjoiMSJ9._2SGTsy9ztyBykGDWm8wm9jVKS46SQUW2ZIU6-9FLRIYOYMW1kGphwwQ5zR4L9CEz3fBQdu0tDLaHlLMX_dzVIMaYsMWMZIrvuub6Fcp5_6w89EqS4PEBMWShj99AJVdEhu1j678MUURxhVSN43KKrCS5udbnqh4Che4Ip0YBBg.6PPGyw_WyA_7pEcwkPTW_RzJSwDZl5HiYjf64ecdyPA&dib_tag=se&m=A31NFQQ4065CWX&marketplaceID=A19VAU5U5O7RUS&qid=1775480074&refinements=p_36%3A17000-17500&s=merchant-items&sr=1-57&xpid=DRA1ti-Wt98Vd#customerReviews,"MODEROID ""Gridman Universe"" Rogue Keizel Gridman, Non-Scale, Buildable Plastic Model"
B09RF7N7SB,,174.21,https://www.amazon.sg/TOPEAK-Backloader-Bicycle-Packer-Saddle/dp/B09RF7N7SB/ref=sr_1_58?dib=eyJ2IjoiMSJ9._2SGTsy9ztyBykGDWm8wm9jVKS46SQUW2ZIU6-9FLRIYOYMW1kGphwwQ5zR4L9CEz3fBQdu0tDLaHlLMX_dzVIMaYsMWMZIrvuub6Fcp5_6w89EqS4PEBMWShj99AJVdEhu1j678MUURxhVSN43KKrCS5udbnqh4Che4Ip0YBBg.6PPGyw_WyA_7pEcwkPTW_RzJSwDZl5HiYjf64ecdyPA&dib_tag=se&m=A31NFQQ4065CWX&marketplaceID=A19VAU5U5O7RUS&qid=1775480074&refinements=p_36%3A17000-17500&s=merchant-items&sr=1-58&xpid=DRA1ti-Wt98Vd#customerReviews,TOPEAK Backloader Bicycle Bike Packer Saddle Bag 10 L Black
B09RF7N7SB,,,,
B098DPKGCV,,173.05,https://www.amazon.sg/Nendoroid-G12523-Non-Scale-Pre-Painted-Regular/dp/B098DPKGCV/ref=sr_1_59?dib=eyJ2IjoiMSJ9._2SGTsy9ztyBykGDWm8wm9jVKS46SQUW2ZIU6-9FLRIYOYMW1kGphwwQ5zR4L9CEz3fBQdu0tDLaHlLMX_dzVIMaYsMWMZIrvuub6Fcp5_6w89EqS4PEBMWShj99AJVdEhu1j678MUURxhVSN43KKrCS5udbnqh4Che4Ip0YBBg.6PPGyw_WyA_7pEcwkPTW_RzJSwDZl5HiYjf64ecdyPA&dib_tag=se&m=A31NFQQ4065CWX&marketplaceID=A19VAU5U5O7RUS&qid=1775480074&refinements=p_36%3A17000-17500&s=merchant-items&sr=1-59&xpid=DRA1ti-Wt98Vd#customerReviews,"Nendoroid G12523 Marvel Comics Venom Non-Scale ABS & PVC Pre-Painted Full Action Figure, Regular Edition"
B097JZQZ85,,171.92,https://www.amazon.sg/UNEEK-Slide-Womens-Unique-Sandals/dp/B097JZQZ85/ref=sr_1_65?dib=eyJ2IjoiMSJ9.2WxE44hKRbnrCnyGsqwMSqmdY6czJJwS7r2GG_x0JBA8AHpTykfT3qxjZUId8IPFX7sIKU5iHa8trmGzXXfFFw.dfPT1oXpkoELOJHaJ9qWjYNo9Pc9bluHu_ZDCwYrnlw&dib_tag=se&m=A31NFQQ4065CWX&marketplaceID=A19VAU5U5O7RUS&qid=1775480079&refinements=p_36%3A17000-17500&s=merchant-items&sr=1-65&xpid=DRA1ti-Wt98Vd#customerReviews,KEEN(キーン) Women UNEEK II SLIDE Unique Two SlideSandals
B097JZQZ85,,,,
B001CLDH2E,,184.73,https://www.amazon.sg/Tombo-Double-Harmonica-Premium-Iwasaki/dp/B001CLDH2E/ref=sr_1_66?dib=eyJ2IjoiMSJ9.2WxE44hKRbnrCnyGsqwMSqmdY6czJJwS7r2GG_x0JBA8AHpTykfT3qxjZUId8IPFX7sIKU5iHa8trmGzXXfFFw.dfPT1oXpkoELOJHaJ9qWjYNo9Pc9bluHu_ZDCwYrnlw&dib_tag=se&m=A31NFQQ4065CWX&marketplaceID=A19VAU5U5O7RUS&qid=1775480079&refinements=p_36%3A17000-17500&s=merchant-items&sr=1-66&xpid=DRA1ti-Wt98Vd#customerReviews,Tombo 1921S 21 Holes Double Harmonica LD Tone Super Premium Iwasaki Solo
B001CLDH2E,,,,
B0D6MX2936,,175.0,https://www.amazon.sg/North-Face-Horizon-Unisex-bronze/dp/B0D6MX2936/ref=sr_1_67?dib=eyJ2IjoiMSJ9.2WxE44hKRbnrCnyGsqwMSqmdY6czJJwS7r2GG_x0JBA8AHpTykfT3qxjZUId8IPFX7sIKU5iHa8trmGzXXfFFw.dfPT1oXpkoELOJHaJ9qWjYNo9Pc9bluHu_ZDCwYrnlw&dib_tag=se&m=A31NFQQ4065CWX&marketplaceID=A19VAU5U5O7RUS&qid=1775480079&refinements=p_36%3A17000-17500&s=merchant-items&sr=1-67&xpid=DRA1ti-Wt98Vd#customerReviews,[ザ・ノース・フェイス] 帽子 ホライズンハット NN02336 ユニセックス大人
B0DBKW53G7,,197.44,https://www.amazon.sg/SPIRITS-Figuarts-Dandadan-Transformation-Pre-painted/dp/B0DBKW53G7/ref=sr_1_68?dib=eyJ2IjoiMSJ9.2WxE44hKRbnrCnyGsqwMSqmdY6czJJwS7r2GG_x0JBA8AHpTykfT3qxjZUId8IPFX7sIKU5iHa8trmGzXXfFFw.dfPT1oXpkoELOJHaJ9qWjYNo9Pc9bluHu_ZDCwYrnlw&dib_tag=se&m=A31NFQQ4065CWX&marketplaceID=A19VAU5U5O7RUS&qid=1775480079&refinements=p_36%3A17000-17500&s=merchant-items&sr=1-68&xpid=DRA1ti-Wt98Vd#customerReviews,"BANDAI SPIRITS S.H. Figuarts Dandadan Okarun (Transformation) Approx. 5.9 inches (150 mm), PVC & ABS, Pre-painted Action Figure"
B0CHRBKPCX,,171.42,https://www.amazon.sg/Plarail-Driving-Mascon-Shinkansen-Hayabusa/dp/B0CHRBKPCX/ref=sr_1_69?dib=eyJ2IjoiMSJ9.2WxE44hKRbnrCnyGsqwMSqmdY6czJJwS7r2GG_x0JBA8AHpTykfT3qxjZUId8IPFX7sIKU5iHa8trmGzXXfFFw.dfPT1oXpkoELOJHaJ9qWjYNo9Pc9bluHu_ZDCwYrnlw&dib_tag=se&m=A31NFQQ4065CWX&marketplaceID=A19VAU5U5O7RUS&qid=1775480079&refinements=p_36%3A17000-17500&s=merchant-items&sr=1-69&xpid=DRA1ti-Wt98Vd#customerReviews,"Plarail Kimi Ga Driving! Grip Mascon E5 Series Shinkansen Hayabusa DX Set, Train Toy, for Ages 3 and Up"
B06VW1VQ44,,176.24,https://www.amazon.sg/Venum-Elite-Headgear-White-Size/dp/B06VW1VQ44/ref=sr_1_65?dib=eyJ2IjoiMSJ9.43A3C7Zde7gyjyBnGRKRmBNaNqd1cz0IvaeFumBEMoWGDGkb1kPpVCUz42jTs4ofXkh_R5ViltDVhUpXvbdZqLDBz8qGpzoN19-yJlVr4S8xDNX34Rw4zn_QizEBfzx505xc5Z7pCR45yynGksOEh0agBZSHNjb60EpAusUG1ok.c_EdLeXYIRaMTkvWRCirgXwaNpnnrVEd8f4GJCLP4Q8&dib_tag=se&m=A31NFQQ4065CWX&marketplaceID=A19VAU5U5O7RUS&qid=1775480079&refinements=p_36%3A17000-17500&s=merchant-items&sr=1-65&xpid=DRA1ti-Wt98Vd#customerReviews,Venum Elite Headgear
B06VW1VQ44,,,,
B00ET5HO6A,,200.53,https://www.amazon.sg/Bojesen-Figures-Wooden-Original-Design/dp/B00ET5HO6A/ref=sr_1_66?dib=eyJ2IjoiMSJ9.43A3C7Zde7gyjyBnGRKRmBNaNqd1cz0IvaeFumBEMoWGDGkb1kPpVCUz42jTs4ofXkh_R5ViltDVhUpXvbdZqLDBz8qGpzoN19-yJlVr4S8xDNX34Rw4zn_QizEBfzx505xc5Z7pCR45yynGksOEh0agBZSHNjb60EpAusUG1ok.c_EdLeXYIRaMTkvWRCirgXwaNpnnrVEd8f4GJCLP4Q8&dib_tag=se&m=A31NFQQ4065CWX&marketplaceID=A19VAU5U5O7RUS&qid=1775480079&refinements=p_36%3A17000-17500&s=merchant-items&sr=1-66&xpid=DRA1ti-Wt98Vd#customerReviews,"Kay Bojesen Santa Claus Figures, 19.5 cm, Wooden Figures, Original Design, Red"
B06W52YVBK,,188.08,https://www.amazon.sg/Magic-MTG-Combo-Amonkhet-Booster/dp/B06W52YVBK/ref=sr_1_67?dib=eyJ2IjoiMSJ9.43A3C7Zde7gyjyBnGRKRmBNaNqd1cz0IvaeFumBEMoWGDGkb1kPpVCUz42jTs4ofXkh_R5ViltDVhUpXvbdZqLDBz8qGpzoN19-yJlVr4S8xDNX34Rw4zn_QizEBfzx505xc5Z7pCR45yynGksOEh0agBZSHNjb60EpAusUG1ok.c_EdLeXYIRaMTkvWRCirgXwaNpnnrVEd8f4GJCLP4Q8&dib_tag=se&m=A31NFQQ4065CWX&marketplaceID=A19VAU5U5O7RUS&qid=1775480079&refinements=p_36%3A17000-17500&s=merchant-items&sr=1-67&xpid=DRA1ti-Wt98Vd#customerReviews,Magic MTG Combo: Amonkhet Booster Box + Bundle
B06W52YVBK,,,,
B0FC2JQ9X4,,180.98,https://www.amazon.sg/Metroid-Prime-Corruption-Action-Figure/dp/B0FC2JQ9X4/ref=sr_1_68?dib=eyJ2IjoiMSJ9.43A3C7Zde7gyjyBnGRKRmBNaNqd1cz0IvaeFumBEMoWGDGkb1kPpVCUz42jTs4ofXkh_R5ViltDVhUpXvbdZqLDBz8qGpzoN19-yJlVr4S8xDNX34Rw4zn_QizEBfzx505xc5Z7pCR45yynGksOEh0agBZSHNjb60EpAusUG1ok.c_EdLeXYIRaMTkvWRCirgXwaNpnnrVEd8f4GJCLP4Q8&dib_tag=se&m=A31NFQQ4065CWX&marketplaceID=A19VAU5U5O7RUS&qid=1775480079&refinements=p_36%3A17000-17500&s=merchant-items&sr=1-68&xpid=DRA1ti-Wt98Vd#customerReviews,Metroid Prime 3 Corruption Figma Action Figure Samus Aran Prime 3 Ver. 16 cm
B0F6C5H8P7,,173.34,https://www.amazon.sg/Kiwet-Tetsukettle-Compatible-Traditional-Supplement/dp/B0F6C5H8P7/ref=sr_1_69?dib=eyJ2IjoiMSJ9.43A3C7Zde7gyjyBnGRKRmBNaNqd1cz0IvaeFumBEMoWGDGkb1kPpVCUz42jTs4ofXkh_R5ViltDVhUpXvbdZqLDBz8qGpzoN19-yJlVr4S8xDNX34Rw4zn_QizEBfzx505xc5Z7pCR45yynGksOEh0agBZSHNjb60EpAusUG1ok.c_EdLeXYIRaMTkvWRCirgXwaNpnnrVEd8f4GJCLP4Q8&dib_tag=se&m=A31NFQQ4065CWX&marketplaceID=A19VAU5U5O7RUS&qid=1775480079&refinements=p_36%3A17000-17500&s=merchant-items&sr=1-69&xpid=DRA1ti-Wt98Vd,"Tetsubin Tetsukettle, Teapot, Tea Ceremony Tool, Compatible with IH, Multiple Sizes, Traditional Crafts, Stainless Steel Filter, Iron Supplement, Stylish, Tea Set, Home, Decorative, Office, Gift"
B0F6C5H8P7,,,,
B0F66VF1VL,,170.0,https://www.amazon.sg/Emuia-Induction-Compatible-Vegetables-One-Handled/dp/B0F66VF1VL/ref=sr_1_70?dib=eyJ2IjoiMSJ9.43A3C7Zde7gyjyBnGRKRmBNaNqd1cz0IvaeFumBEMoWGDGkb1kPpVCUz42jTs4ofXkh_R5ViltDVhUpXvbdZqLDBz8qGpzoN19-yJlVr4S8xDNX34Rw4zn_QizEBfzx505xc5Z7pCR45yynGksOEh0agBZSHNjb60EpAusUG1ok.c_EdLeXYIRaMTkvWRCirgXwaNpnnrVEd8f4GJCLP4Q8&dib_tag=se&m=A31NFQQ4065CWX&marketplaceID=A19VAU5U5O7RUS&qid=1775480079&refinements=p_36%3A17000-17500&s=merchant-items&sr=1-70&xpid=DRA1ti-Wt98Vd,"Wok, Iron, Induction Compatible, Beijing Pot, Handmade, Round Bottom, Wooden Handle | Perfect for Fried Vegetables, Fried Rice, Dumplings, No Coating Layer, Natural Oil Film, One-Handled Frying"
B0F66VF1VL,,,,
B0F66R9YDG,,173.34,https://www.amazon.sg/Emuia-Induction-Compatible-Vegetables-One-Handled/dp/B0F66R9YDG/ref=sr_1_71?dib=eyJ2IjoiMSJ9.43A3C7Zde7gyjyBnGRKRmBNaNqd1cz0IvaeFumBEMoWGDGkb1kPpVCUz42jTs4ofXkh_R5ViltDVhUpXvbdZqLDBz8qGpzoN19-yJlVr4S8xDNX34Rw4zn_QizEBfzx505xc5Z7pCR45yynGksOEh0agBZSHNjb60EpAusUG1ok.c_EdLeXYIRaMTkvWRCirgXwaNpnnrVEd8f4GJCLP4Q8&dib_tag=se&m=A31NFQQ4065CWX&marketplaceID=A19VAU5U5O7RUS&qid=1775480079&refinements=p_36%3A17000-17500&s=merchant-items&sr=1-71&xpid=DRA1ti-Wt98Vd,"Wok, Iron, Induction Compatible, Beijing Pot, Hand Forged, Round Bottom, Wooden Handle | Perfect for Fried Vegetables, Fried Rice, Dumplings, No Coating Layer, Natural Oil Film, One-Handled Fry"
B0F66R9YDG,,,,
B0F245Q56F,,170.0,https://www.amazon.sg/Diexgiy-Handheld-Household-Temperature-Resistant/dp/B0F245Q56F/ref=sr_1_72?dib=eyJ2IjoiMSJ9.43A3C7Zde7gyjyBnGRKRmBNaNqd1cz0IvaeFumBEMoWGDGkb1kPpVCUz42jTs4ofXkh_R5ViltDVhUpXvbdZqLDBz8qGpzoN19-yJlVr4S8xDNX34Rw4zn_QizEBfzx505xc5Z7pCR45yynGksOEh0agBZSHNjb60EpAusUG1ok.c_EdLeXYIRaMTkvWRCirgXwaNpnnrVEd8f4GJCLP4Q8&dib_tag=se&m=A31NFQQ4065CWX&marketplaceID=A19VAU5U5O7RUS&qid=1775480079&refinements=p_36%3A17000-17500&s=merchant-items&sr=1-72&xpid=DRA1ti-Wt98Vd,"Ceramic Handheld Coffee Bean Roaster Household Large Capacity Open Fire Roaster High Temperature Resistant Camping Manual Roaster for Coffee, Beans, Tea, Cereal (Large+Leather Case)"
B0F245Q56F,,,,
B0DRZ77T9B,,171.3,https://www.amazon.sg/Babolat-Court-Tennis-Shoes-Black/dp/B0DRZ77T9B/ref=sr_1_73?dib=eyJ2IjoiMSJ9.43A3C7Zde7gyjyBnGRKRmBNaNqd1cz0IvaeFumBEMoWGDGkb1kPpVCUz42jTs4ofXkh_R5ViltDVhUpXvbdZqLDBz8qGpzoN19-yJlVr4S8xDNX34Rw4zn_QizEBfzx505xc5Z7pCR45yynGksOEh0agBZSHNjb60EpAusUG1ok.c_EdLeXYIRaMTkvWRCirgXwaNpnnrVEd8f4GJCLP4Q8&dib_tag=se&m=A31NFQQ4065CWX&marketplaceID=A19VAU5U5O7RUS&qid=1775480079&refinements=p_36%3A17000-17500&s=merchant-items&sr=1-73&xpid=DRA1ti-Wt98Vd#customerReviews,Babolat Men's Jet Tere 2 All Court Tennis Shoes
B0DRZ77T9B,,,,
B0DKTDD9ZK,,173.34,https://www.amazon.sg/Table-Stainless-Column-Design-Retractable/dp/B0DKTDD9ZK/ref=sr_1_74?dib=eyJ2IjoiMSJ9.43A3C7Zde7gyjyBnGRKRmBNaNqd1cz0IvaeFumBEMoWGDGkb1kPpVCUz42jTs4ofXkh_R5ViltDVhUpXvbdZqLDBz8qGpzoN19-yJlVr4S8xDNX34Rw4zn_QizEBfzx505xc5Z7pCR45yynGksOEh0agBZSHNjb60EpAusUG1ok.c_EdLeXYIRaMTkvWRCirgXwaNpnnrVEd8f4GJCLP4Q8&dib_tag=se&m=A31NFQQ4065CWX&marketplaceID=A19VAU5U5O7RUS&qid=1775480079&refinements=p_36%3A17000-17500&s=merchant-items&sr=1-74&xpid=DRA1ti-Wt98Vd#customerReviews,"Bath Table, Bath, Table, Bath Rack, Tub Tray, Stainless Steel Column Design, Retractable Design, 24.4 - 38.6 inches (62 - 98 cm), Rust Resistant, Relaxing Bath, Bath Goods, Tub Rack, Extendable,"
B0DKTDD9ZK,,,,
B0DH7THFFZ,,172.48,https://www.amazon.sg/Blessing-Wonderful-Non-Scale-Plastic-Finished/dp/B0DH7THFFZ/ref=sr_1_75?dib=eyJ2IjoiMSJ9.43A3C7Zde7gyjyBnGRKRmBNaNqd1cz0IvaeFumBEMoWGDGkb1kPpVCUz42jTs4ofXkh_R5ViltDVhUpXvbdZqLDBz8qGpzoN19-yJlVr4S8xDNX34Rw4zn_QizEBfzx505xc5Z7pCR45yynGksOEh0agBZSHNjb60EpAusUG1ok.c_EdLeXYIRaMTkvWRCirgXwaNpnnrVEd8f4GJCLP4Q8&dib_tag=se&m=A31NFQQ4065CWX&marketplaceID=A19VAU5U5O7RUS&qid=1775480079&refinements=p_36%3A17000-17500&s=merchant-items&sr=1-75&xpid=DRA1ti-Wt98Vd#customerReviews,"POP UP PARADE TV Anime ""Blessing This Wonderful World!"" 3 With L Size Non-Scale Plastic Painted Finished Figure"
B0DBY6QQ5Q,,171.67,https://www.amazon.sg/CLEAN-HOUSE-Vegetable-Colander-Dishwasher/dp/B0DBY6QQ5Q/ref=sr_1_81?dib=eyJ2IjoiMSJ9.IMKvwL9-F_ATQt05LdsLYrogBfttXF_uqACB8QEMZCvPWAmIL47cWuUk3Xudac01TdSkVUiHz9fG8Anzo_cRdg.Msv0dCyMtPY4QHKqg_YDWFG9K_qWleOwq0klCkpZMnc&dib_tag=se&m=A31NFQQ4065CWX&marketplaceID=A19VAU5U5O7RUS&qid=1775480083&refinements=p_36%3A17000-17500&s=merchant-items&sr=1-81&xpid=DRA1ti-Wt98Vd#customerReviews,"CLEAN HOUSE Vegetable Colander, Salad Spinner, Dishwasher Safe, Push Type, Colander Bowl, Cookware, Kitchen Utensils (Clear, 1.2 gal (4.2 L)"
B0DBY6QQ5Q,,,,
B0D975PRTT,,171.67,https://www.amazon.sg/utensils-Included-Accessories-Connecting-Specialty/dp/B0D975PRTT/ref=sr_1_82?dib=eyJ2IjoiMSJ9.IMKvwL9-F_ATQt05LdsLYrogBfttXF_uqACB8QEMZCvPWAmIL47cWuUk3Xudac01TdSkVUiHz9fG8Anzo_cRdg.Msv0dCyMtPY4QHKqg_YDWFG9K_qWleOwq0klCkpZMnc&dib_tag=se&m=A31NFQQ4065CWX&marketplaceID=A19VAU5U5O7RUS&qid=1775480083&refinements=p_36%3A17000-17500&s=merchant-items&sr=1-82&xpid=DRA1ti-Wt98Vd,"Tea utensils, Kaishi Included, Japanese Style Accessories, Bamboo Grove Cat Connecting Brocade, Red, Pure Silk Specialty Ripping, Ryuson Art Textiles"
B0D975PRTT,,,,
B0D7P573Y3,,173.29,https://www.amazon.sg/BWT14494-Exellent-Balance-Baseball-Natural/dp/B0D7P573Y3/ref=sr_1_83?dib=eyJ2IjoiMSJ9.IMKvwL9-F_ATQt05LdsLYrogBfttXF_uqACB8QEMZCvPWAmIL47cWuUk3Xudac01TdSkVUiHz9fG8Anzo_cRdg.Msv0dCyMtPY4QHKqg_YDWFG9K_qWleOwq0klCkpZMnc&dib_tag=se&m=A31NFQQ4065CWX&marketplaceID=A19VAU5U5O7RUS&qid=1775480083&refinements=p_36%3A17000-17500&s=merchant-items&sr=1-83&xpid=DRA1ti-Wt98Vd,"ZETT BWT14494 Exellent Balance Hard Baseball Bat, Wooden (Hard Maple) 33.1 inches (84 cm), Natural (1200), Made in Japan"
B0D7P573Y3,,,,
B0D6N3FL7N,,173.34,https://www.amazon.sg/North-Face-smoky-brown-X-Large/dp/B0D6N3FL7N/ref=sr_1_84?dib=eyJ2IjoiMSJ9.IMKvwL9-F_ATQt05LdsLYrogBfttXF_uqACB8QEMZCvPWAmIL47cWuUk3Xudac01TdSkVUiHz9fG8Anzo_cRdg.Msv0dCyMtPY4QHKqg_YDWFG9K_qWleOwq0klCkpZMnc&dib_tag=se&m=A31NFQQ4065CWX&marketplaceID=A19VAU5U5O7RUS&qid=1775480083&refinements=p_36%3A17000-17500&s=merchant-items&sr=1-84&xpid=DRA1ti-Wt98Vd#customerReviews,The North Face Camp Side Hat
B0CVLB1VSF,,174.84,https://www.amazon.sg/Daiwa-Works-inches-Crank-Handle/dp/B0CVLB1VSF/ref=sr_1_85?dib=eyJ2IjoiMSJ9.IMKvwL9-F_ATQt05LdsLYrogBfttXF_uqACB8QEMZCvPWAmIL47cWuUk3Xudac01TdSkVUiHz9fG8Anzo_cRdg.Msv0dCyMtPY4QHKqg_YDWFG9K_qWleOwq0klCkpZMnc&dib_tag=se&m=A31NFQQ4065CWX&marketplaceID=A19VAU5U5O7RUS&qid=1775480083&refinements=p_36%3A17000-17500&s=merchant-items&sr=1-85&xpid=DRA1ti-Wt98Vd#customerReviews,Daiwa Slp Works SLPW 4.3 inches (110 mm) Crank Handle
B0CVLB1VSF,,,,
B0CQC76BTP,,173.2,https://www.amazon.sg/Wolf-Tooth-Direct-Chainring-Drop-Stop/dp/B0CQC76BTP/ref=sr_1_81?dib=eyJ2IjoiMSJ9.6m4AVwPFGmqPX_x4g74JybV9uWP7kYB89Goe53-u788MQlphTKgokK91E3cuGaqbthKQGGgseQOPtnDHSoN03qKNylDoCIy8EBq5s_uUSHFbVn5SZfQg3CbYis_D7IcYtjnYH5CZR0txI-2staV9B0M282-Xi9QMRNXpCs1nchA.IpGpBlcAmfSLHTkaU4sjwg9fLkNiphF9h7EDPos4st0&dib_tag=se&m=A31NFQQ4065CWX&marketplaceID=A19VAU5U5O7RUS&qid=1775480083&refinements=p_36%3A17000-17500&s=merchant-items&sr=1-81&xpid=DRA1ti-Wt98Vd,Wolf Tooth Direct Mount Chainring for Race Face Cinch Drop-Stop B 32T 0mm Offset
B0CQC76BTP,,,,
B0CMZFF1KM,,170.0,https://www.amazon.sg/Yamazaki-1992-Horizontal-Condiment-Included/dp/B0CMZFF1KM/ref=sr_1_82?dib=eyJ2IjoiMSJ9.6m4AVwPFGmqPX_x4g74JybV9uWP7kYB89Goe53-u788MQlphTKgokK91E3cuGaqbthKQGGgseQOPtnDHSoN03qKNylDoCIy8EBq5s_uUSHFbVn5SZfQg3CbYis_D7IcYtjnYH5CZR0txI-2staV9B0M282-Xi9QMRNXpCs1nchA.IpGpBlcAmfSLHTkaU4sjwg9fLkNiphF9h7EDPos4st0&dib_tag=se&m=A31NFQQ4065CWX&marketplaceID=A19VAU5U5O7RUS&qid=1775480083&refinements=p_36%3A17000-17500&s=merchant-items&sr=1-82&xpid=DRA1ti-Wt98Vd#customerReviews,"Yamazaki 1992 Wipe Bottom Horizontal Stove Rack, 2 Tiers, Black, Approx. W 19.7 x D 5.5 x H 19.1 inches (50 x 14 x 48.5 cm), Tower Gap Storage, Condiment Rack, Hook Included"
B0CMZFF1KM,,,,
B0CJ4RPWGB,,170.59,https://www.amazon.sg/Sugino-130J-SILVER-Chain-Piece/dp/B0CJ4RPWGB/ref=sr_1_83?dib=eyJ2IjoiMSJ9.6m4AVwPFGmqPX_x4g74JybV9uWP7kYB89Goe53-u788MQlphTKgokK91E3cuGaqbthKQGGgseQOPtnDHSoN03qKNylDoCIy8EBq5s_uUSHFbVn5SZfQg3CbYis_D7IcYtjnYH5CZR0txI-2staV9B0M282-Xi9QMRNXpCs1nchA.IpGpBlcAmfSLHTkaU4sjwg9fLkNiphF9h7EDPos4st0&dib_tag=se&m=A31NFQQ4065CWX&marketplaceID=A19VAU5U5O7RUS&qid=1775480083&refinements=p_36%3A17000-17500&s=merchant-items&sr=1-83&xpid=DRA1ti-Wt98Vd,Sugino 130J 1/8 SILVER 47T Chain Ring 1 Piece
B0CJ4RPWGB,,,,
B0CJ2N3XW1,,171.68,https://www.amazon.sg/movio-MWP200-Waterproof-Digital-Camera/dp/B0CJ2N3XW1/ref=sr_1_84?dib=eyJ2IjoiMSJ9.6m4AVwPFGmqPX_x4g74JybV9uWP7kYB89Goe53-u788MQlphTKgokK91E3cuGaqbthKQGGgseQOPtnDHSoN03qKNylDoCIy8EBq5s_uUSHFbVn5SZfQg3CbYis_D7IcYtjnYH5CZR0txI-2staV9B0M282-Xi9QMRNXpCs1nchA.IpGpBlcAmfSLHTkaU4sjwg9fLkNiphF9h7EDPos4st0&dib_tag=se&m=A31NFQQ4065CWX&marketplaceID=A19VAU5U5O7RUS&qid=1775480083&refinements=p_36%3A17000-17500&s=merchant-items&sr=1-84&xpid=DRA1ti-Wt98Vd#customerReviews,movio MWP200 5MP Waterproof Digital Camera
B0CJ2N3XW1,,,,
B0CH85LTNF,,182.01,https://www.amazon.sg/HI-GOLD-First-Baseman-ROOKIES-RKG-811F/dp/B0CH85LTNF/ref=sr_1_85?dib=eyJ2IjoiMSJ9.6m4AVwPFGmqPX_x4g74JybV9uWP7kYB89Goe53-u788MQlphTKgokK91E3cuGaqbthKQGGgseQOPtnDHSoN03qKNylDoCIy8EBq5s_uUSHFbVn5SZfQg3CbYis_D7IcYtjnYH5CZR0txI-2staV9B0M282-Xi9QMRNXpCs1nchA.IpGpBlcAmfSLHTkaU4sjwg9fLkNiphF9h7EDPos4st0&dib_tag=se&m=A31NFQQ4065CWX&marketplaceID=A19VAU5U5O7RUS&qid=1775480083&refinements=p_36%3A17000-17500&s=merchant-items&sr=1-85&xpid=DRA1ti-Wt98Vd,HI-GOLD High Gold Boys Soft First Baseman Mitt ROOKIES Series RKG-811F Black LH Right Throw First Mitt
B0CH85LTNF,,,,
B0C9ZWVDQG,,172.16,https://www.amazon.sg/Orange-Rouge-Banana-Fish-Nendoroid/dp/B0C9ZWVDQG/ref=sr_1_86?dib=eyJ2IjoiMSJ9.6m4AVwPFGmqPX_x4g74JybV9uWP7kYB89Goe53-u788MQlphTKgokK91E3cuGaqbthKQGGgseQOPtnDHSoN03qKNylDoCIy8EBq5s_uUSHFbVn5SZfQg3CbYis_D7IcYtjnYH5CZR0txI-2staV9B0M282-Xi9QMRNXpCs1nchA.IpGpBlcAmfSLHTkaU4sjwg9fLkNiphF9h7EDPos4st0&dib_tag=se&m=A31NFQQ4065CWX&marketplaceID=A19VAU5U5O7RUS&qid=1775480083&refinements=p_36%3A17000-17500&s=merchant-items&sr=1-86&xpid=DRA1ti-Wt98Vd#customerReviews,Orange Rouge Banana Fish: Ash Lynx Nendoroid Action Figure
B0C8YTK314,,171.26,https://www.amazon.sg/Good-Smile-Company-Persona-Animation/dp/B0C8YTK314/ref=sr_1_87?dib=eyJ2IjoiMSJ9.6m4AVwPFGmqPX_x4g74JybV9uWP7kYB89Goe53-u788MQlphTKgokK91E3cuGaqbthKQGGgseQOPtnDHSoN03qKNylDoCIy8EBq5s_uUSHFbVn5SZfQg3CbYis_D7IcYtjnYH5CZR0txI-2staV9B0M282-Xi9QMRNXpCs1nchA.IpGpBlcAmfSLHTkaU4sjwg9fLkNiphF9h7EDPos4st0&dib_tag=se&m=A31NFQQ4065CWX&marketplaceID=A19VAU5U5O7RUS&qid=1775480083&refinements=p_36%3A17000-17500&s=merchant-items&sr=1-87&xpid=DRA1ti-Wt98Vd#customerReviews,Good Smile Company Persona 5 The Animation: Yusuke Kitagawa (Phantom Thief Ver.) Nendoroid Action Figure
B0C85JZ7CM,,171.94,https://www.amazon.sg/Kawabata-Takisaburo-Induction-Compatible-Supplement/dp/B0C85JZ7CM/ref=sr_1_88?dib=eyJ2IjoiMSJ9.6m4AVwPFGmqPX_x4g74JybV9uWP7kYB89Goe53-u788MQlphTKgokK91E3cuGaqbthKQGGgseQOPtnDHSoN03qKNylDoCIy8EBq5s_uUSHFbVn5SZfQg3CbYis_D7IcYtjnYH5CZR0txI-2staV9B0M282-Xi9QMRNXpCs1nchA.IpGpBlcAmfSLHTkaU4sjwg9fLkNiphF9h7EDPos4st0&dib_tag=se&m=A31NFQQ4065CWX&marketplaceID=A19VAU5U5O7RUS&qid=1775480083&refinements=p_36%3A17000-17500&s=merchant-items&sr=1-88&xpid=DRA1ti-Wt98Vd#customerReviews,"Kawabata Takisaburo Shoten Frying Pan, 7.9 inches (20 cm), Induction Compatible, Made in Japan, Iron, Original, Wooden Handle, Gas Fire, Iron Supplement, Easy Care, Popular, Kitchen Goods, Outdoor"
B0C85JZ7CM,,,,
B0C4P1XRBZ,,170.77,https://www.amazon.sg/Imabari-Certified-Specifications-Absorbent-Charcoal/dp/B0C4P1XRBZ/ref=sr_1_89?dib=eyJ2IjoiMSJ9.6m4AVwPFGmqPX_x4g74JybV9uWP7kYB89Goe53-u788MQlphTKgokK91E3cuGaqbthKQGGgseQOPtnDHSoN03qKNylDoCIy8EBq5s_uUSHFbVn5SZfQg3CbYis_D7IcYtjnYH5CZR0txI-2staV9B0M282-Xi9QMRNXpCs1nchA.IpGpBlcAmfSLHTkaU4sjwg9fLkNiphF9h7EDPos4st0&dib_tag=se&m=A31NFQQ4065CWX&marketplaceID=A19VAU5U5O7RUS&qid=1775480083&refinements=p_36%3A17000-17500&s=merchant-items&sr=1-89&xpid=DRA1ti-Wt98Vd#customerReviews,"Bloom Imabari Towel, Certified Bath Towel, Set of 2, Ciel, Hotel Specifications, Water Absorbent, Quick Drying, Room Drying, 100% Cotton, Made in Japan (Charcoal)"
B0C4P1XRBZ,,,,
B0C3B9DTG4,,173.34,https://www.amazon.sg/GoodPlus-Bespoke-Cotton-Whistling-Kettle/dp/B0C3B9DTG4/ref=sr_1_90?dib=eyJ2IjoiMSJ9.6m4AVwPFGmqPX_x4g74JybV9uWP7kYB89Goe53-u788MQlphTKgokK91E3cuGaqbthKQGGgseQOPtnDHSoN03qKNylDoCIy8EBq5s_uUSHFbVn5SZfQg3CbYis_D7IcYtjnYH5CZR0txI-2staV9B0M282-Xi9QMRNXpCs1nchA.IpGpBlcAmfSLHTkaU4sjwg9fLkNiphF9h7EDPos4st0&dib_tag=se&m=A31NFQQ4065CWX&marketplaceID=A19VAU5U5O7RUS&qid=1775480083&refinements=p_36%3A17000-17500&s=merchant-items&sr=1-90&xpid=DRA1ti-Wt98Vd#customerReviews,"Good Plus (GoodPlus+) Bespoke Cotton (Whistling Kettle 2.1L, Gray)"
B0C3B9DTG4,,,,
B0C23QSZJ2,,171.64,https://www.amazon.sg/Nissin-Uzaki-Prospec-Tenkara-3608/dp/B0C23QSZJ2/ref=sr_1_91?dib=eyJ2IjoiMSJ9.6m4AVwPFGmqPX_x4g74JybV9uWP7kYB89Goe53-u788MQlphTKgokK91E3cuGaqbthKQGGgseQOPtnDHSoN03qKNylDoCIy8EBq5s_uUSHFbVn5SZfQg3CbYis_D7IcYtjnYH5CZR0txI-2staV9B0M282-Xi9QMRNXpCs1nchA.IpGpBlcAmfSLHTkaU4sjwg9fLkNiphF9h7EDPos4st0&dib_tag=se&m=A31NFQQ4065CWX&marketplaceID=A19VAU5U5O7RUS&qid=1775480083&refinements=p_36%3A17000-17500&s=merchant-items&sr=1-91&xpid=DRA1ti-Wt98Vd,nissin uzaki prospec tenkara 7:3
B0C23QSZJ2,,,,
B0C85JZ7CM,,171.94,https://www.amazon.sg/Kawabata-Takisaburo-Induction-Compatible-Supplement/dp/B0C85JZ7CM/ref=sr_1_97?dib=eyJ2IjoiMSJ9.ST1e6J0HaNsTUCU62N1QpzE0YCheEI6_IR5iTqvgorQvrogxoN5eluGubyD36-mH-Mjliu1nRCbuoS4WaKGrtA.DQdaCv6mp49xxJqncvQAw2u3R91j2wcIeMnq1h9PO94&dib_tag=se&m=A31NFQQ4065CWX&marketplaceID=A19VAU5U5O7RUS&qid=1775480089&refinements=p_36%3A17000-17500&s=merchant-items&sr=1-97&xpid=DRA1ti-Wt98Vd#customerReviews,"Kawabata Takisaburo Shoten Frying Pan, 7.9 inches (20 cm), Induction Compatible, Made in Japan, Iron, Original, Wooden Handle, Gas Fire, Iron Supplement, Easy Care, Popular, Kitchen Goods, Outdoor"
B0C85JZ7CM,,,,
B0C4P1XRBZ,,170.77,https://www.amazon.sg/Imabari-Certified-Specifications-Absorbent-Charcoal/dp/B0C4P1XRBZ/ref=sr_1_98?dib=eyJ2IjoiMSJ9.ST1e6J0HaNsTUCU62N1QpzE0YCheEI6_IR5iTqvgorQvrogxoN5eluGubyD36-mH-Mjliu1nRCbuoS4WaKGrtA.DQdaCv6mp49xxJqncvQAw2u3R91j2wcIeMnq1h9PO94&dib_tag=se&m=A31NFQQ4065CWX&marketplaceID=A19VAU5U5O7RUS&qid=1775480089&refinements=p_36%3A17000-17500&s=merchant-items&sr=1-98&xpid=DRA1ti-Wt98Vd#customerReviews,"Bloom Imabari Towel, Certified Bath Towel, Set of 2, Ciel, Hotel Specifications, Water Absorbent, Quick Drying, Room Drying, 100% Cotton, Made in Japan (Charcoal)"
B0C4P1XRBZ,,,,
B0C3B9DTG4,,173.34,https://www.amazon.sg/GoodPlus-Bespoke-Cotton-Whistling-Kettle/dp/B0C3B9DTG4/ref=sr_1_99?dib=eyJ2IjoiMSJ9.ST1e6J0HaNsTUCU62N1QpzE0YCheEI6_IR5iTqvgorQvrogxoN5eluGubyD36-mH-Mjliu1nRCbuoS4WaKGrtA.DQdaCv6mp49xxJqncvQAw2u3R91j2wcIeMnq1h9PO94&dib_tag=se&m=A31NFQQ4065CWX&marketplaceID=A19VAU5U5O7RUS&qid=1775480089&refinements=p_36%3A17000-17500&s=merchant-items&sr=1-99&xpid=DRA1ti-Wt98Vd#customerReviews,"Good Plus (GoodPlus+) Bespoke Cotton (Whistling Kettle 2.1L, Gray)"
B0C3B9DTG4,,,,
B0C23QSZJ2,,171.64,https://www.amazon.sg/Nissin-Uzaki-Prospec-Tenkara-3608/dp/B0C23QSZJ2/ref=sr_1_100?dib=eyJ2IjoiMSJ9.ST1e6J0HaNsTUCU62N1QpzE0YCheEI6_IR5iTqvgorQvrogxoN5eluGubyD36-mH-Mjliu1nRCbuoS4WaKGrtA.DQdaCv6mp49xxJqncvQAw2u3R91j2wcIeMnq1h9PO94&dib_tag=se&m=A31NFQQ4065CWX&marketplaceID=A19VAU5U5O7RUS&qid=1775480089&refinements=p_36%3A17000-17500&s=merchant-items&sr=1-100&xpid=DRA1ti-Wt98Vd,nissin uzaki prospec tenkara 7:3
B0C23QSZJ2,,,,
B0BSNFMKBL,,172.4,https://www.amazon.sg/Good-Smile-Third-Generation-Seishuusengou-Uemon-no-jou/dp/B0BSNFMKBL/ref=sr_1_101?dib=eyJ2IjoiMSJ9.ST1e6J0HaNsTUCU62N1QpzE0YCheEI6_IR5iTqvgorQvrogxoN5eluGubyD36-mH-Mjliu1nRCbuoS4WaKGrtA.DQdaCv6mp49xxJqncvQAw2u3R91j2wcIeMnq1h9PO94&dib_tag=se&m=A31NFQQ4065CWX&marketplaceID=A19VAU5U5O7RUS&qid=1775480089&refinements=p_36%3A17000-17500&s=merchant-items&sr=1-101&xpid=DRA1ti-Wt98Vd#customerReviews,Good Smile Company Full Metal Daemon Muramasa Figurine Moderoid Plastic Model Kit Third-Generation Seishuusengou Uemon-no-jou Muramasa 16c
B0BQ2ZH95J,,171.67,https://www.amazon.sg/Kutsuwa-KZ010-Disaster-Prevention-Cover/dp/B0BQ2ZH95J/ref=sr_1_97?dib=eyJ2IjoiMSJ9.S4LOVqBfzxC14VbI4wNjr4VCW82pkerZvTosokAJGTRVj8ZRyeFm1_CRSh7iCb7DTV3Z9ktRBVGymdIhH79A_y1cGtJBuwXjvQzqqtpy0yPVHd-VUDmO37OIiFFlEvPoAxXBwEyTDJH572Aq1nLJIeJGKaEgKPD0THkIWGOgO4c.A-Z8usqVgVFLDxdO7TRCocI6jLebB5amz5rOxXeHy7E&dib_tag=se&m=A31NFQQ4065CWX&marketplaceID=A19VAU5U5O7RUS&qid=1775480089&refinements=p_36%3A17000-17500&s=merchant-items&sr=1-97&xpid=DRA1ti-Wt98Vd,Kutsuwa KZ010 Disaster Prevention Head Cover
B0BQ2ZH95J,,,,
B0BQ22MZS6,,177.68,https://www.amazon.sg/Kotobukiya-MY-HERO-ACADEMIA-Statuette/dp/B0BQ22MZS6/ref=sr_1_98?dib=eyJ2IjoiMSJ9.S4LOVqBfzxC14VbI4wNjr4VCW82pkerZvTosokAJGTRVj8ZRyeFm1_CRSh7iCb7DTV3Z9ktRBVGymdIhH79A_y1cGtJBuwXjvQzqqtpy0yPVHd-VUDmO37OIiFFlEvPoAxXBwEyTDJH572Aq1nLJIeJGKaEgKPD0THkIWGOgO4c.A-Z8usqVgVFLDxdO7TRCocI6jLebB5amz5rOxXeHy7E&dib_tag=se&m=A31NFQQ4065CWX&marketplaceID=A19VAU5U5O7RUS&qid=1775480089&refinements=p_36%3A17000-17500&s=merchant-items&sr=1-98&xpid=DRA1ti-Wt98Vd#customerReviews,Kotobukiya MY HERO ACADEMIA - Himiko Toga - Statuette 1/8 ARTFXJ 20cm
B0BLS5PSJG,,182.01,https://www.amazon.sg/Chainsawman-Non-Scale-Plastic-Pre-painted-Action/dp/B0BLS5PSJG/ref=sr_1_99?dib=eyJ2IjoiMSJ9.S4LOVqBfzxC14VbI4wNjr4VCW82pkerZvTosokAJGTRVj8ZRyeFm1_CRSh7iCb7DTV3Z9ktRBVGymdIhH79A_y1cGtJBuwXjvQzqqtpy0yPVHd-VUDmO37OIiFFlEvPoAxXBwEyTDJH572Aq1nLJIeJGKaEgKPD0THkIWGOgO4c.A-Z8usqVgVFLDxdO7TRCocI6jLebB5amz5rOxXeHy7E&dib_tag=se&m=A31NFQQ4065CWX&marketplaceID=A19VAU5U5O7RUS&qid=1775480089&refinements=p_36%3A17000-17500&s=merchant-items&sr=1-99&xpid=DRA1ti-Wt98Vd#customerReviews,figma Chainsawman Denji Non-Scale Plastic Pre-painted Action Figure
B0BDYSVLCB,,183.03,https://www.amazon.sg/Re-Zero-Starting-Pre-Painted-Complete/dp/B0BDYSVLCB/ref=sr_1_100?dib=eyJ2IjoiMSJ9.S4LOVqBfzxC14VbI4wNjr4VCW82pkerZvTosokAJGTRVj8ZRyeFm1_CRSh7iCb7DTV3Z9ktRBVGymdIhH79A_y1cGtJBuwXjvQzqqtpy0yPVHd-VUDmO37OIiFFlEvPoAxXBwEyTDJH572Aq1nLJIeJGKaEgKPD0THkIWGOgO4c.A-Z8usqVgVFLDxdO7TRCocI6jLebB5amz5rOxXeHy7E&dib_tag=se&m=A31NFQQ4065CWX&marketplaceID=A19VAU5U5O7RUS&qid=1775480089&refinements=p_36%3A17000-17500&s=merchant-items&sr=1-100&xpid=DRA1ti-Wt98Vd#customerReviews,Re Zero - Starting Life in Another World Emilia Wedding Ver. 1/7 Scale Plastic Pre-Painted Complete Figure for Resale
B0B7VBFHRQ,,172.18,https://www.amazon.sg/Primadoll-Feather-Painted-Complete-Figure/dp/B0B7VBFHRQ/ref=sr_1_101?dib=eyJ2IjoiMSJ9.S4LOVqBfzxC14VbI4wNjr4VCW82pkerZvTosokAJGTRVj8ZRyeFm1_CRSh7iCb7DTV3Z9ktRBVGymdIhH79A_y1cGtJBuwXjvQzqqtpy0yPVHd-VUDmO37OIiFFlEvPoAxXBwEyTDJH572Aq1nLJIeJGKaEgKPD0THkIWGOgO4c.A-Z8usqVgVFLDxdO7TRCocI6jLebB5amz5rOxXeHy7E&dib_tag=se&m=A31NFQQ4065CWX&marketplaceID=A19VAU5U5O7RUS&qid=1775480089&refinements=p_36%3A17000-17500&s=merchant-items&sr=1-101&xpid=DRA1ti-Wt98Vd#customerReviews,Primadoll Raven Feather 1/7 Scale PVC Painted Complete Figure
B0B5YXXYXS,,173.77,https://www.amazon.sg/Limited-Silhouette-Specifications-Finished-324300/dp/B0B5YXXYXS/ref=sr_1_102?dib=eyJ2IjoiMSJ9.S4LOVqBfzxC14VbI4wNjr4VCW82pkerZvTosokAJGTRVj8ZRyeFm1_CRSh7iCb7DTV3Z9ktRBVGymdIhH79A_y1cGtJBuwXjvQzqqtpy0yPVHd-VUDmO37OIiFFlEvPoAxXBwEyTDJH572Aq1nLJIeJGKaEgKPD0THkIWGOgO4c.A-Z8usqVgVFLDxdO7TRCocI6jLebB5amz5rOxXeHy7E&dib_tag=se&m=A31NFQQ4065CWX&marketplaceID=A19VAU5U5O7RUS&qid=1775480089&refinements=p_36%3A17000-17500&s=merchant-items&sr=1-102&xpid=DRA1ti-Wt98Vd#customerReviews,"Tomica Limited Vintage Neo 1/64 LV-N Tomica Skyline Super Silhouette 82 Year Specifications, Finished Product 324300"
B0B5YXXYXS,,,,
B0B52J8BF2,,174.24,https://www.amazon.sg/Babolat-30F2101-School-Shoes/dp/B0B52J8BF2/ref=sr_1_103?dib=eyJ2IjoiMSJ9.S4LOVqBfzxC14VbI4wNjr4VCW82pkerZvTosokAJGTRVj8ZRyeFm1_CRSh7iCb7DTV3Z9ktRBVGymdIhH79A_y1cGtJBuwXjvQzqqtpy0yPVHd-VUDmO37OIiFFlEvPoAxXBwEyTDJH572Aq1nLJIeJGKaEgKPD0THkIWGOgO4c.A-Z8usqVgVFLDxdO7TRCocI6jLebB5amz5rOxXeHy7E&dib_tag=se&m=A31NFQQ4065CWX&marketplaceID=A19VAU5U5O7RUS&qid=1775480089&refinements=p_36%3A17000-17500&s=merchant-items&sr=1-103&xpid=DRA1ti-Wt98Vd#customerReviews,Babolat Women 30F2101school shoes
B09ZQK4FQV,,170.0,https://www.amazon.sg/DAIWIN-Storage-Shelves-Condiment-Capacity/dp/B09ZQK4FQV/ref=sr_1_104?dib=eyJ2IjoiMSJ9.S4LOVqBfzxC14VbI4wNjr4VCW82pkerZvTosokAJGTRVj8ZRyeFm1_CRSh7iCb7DTV3Z9ktRBVGymdIhH79A_y1cGtJBuwXjvQzqqtpy0yPVHd-VUDmO37OIiFFlEvPoAxXBwEyTDJH572Aq1nLJIeJGKaEgKPD0THkIWGOgO4c.A-Z8usqVgVFLDxdO7TRCocI6jLebB5amz5rOxXeHy7E&dib_tag=se&m=A31NFQQ4065CWX&marketplaceID=A19VAU5U5O7RUS&qid=1775480089&refinements=p_36%3A17000-17500&s=merchant-items&sr=1-104&xpid=DRA1ti-Wt98Vd#customerReviews,"DAIWIN Under Sink Storage, Slide Rack, 2 Shelves, 2 Shelves, Width 1.0 inches (27 cm), Drawers, Condiment Storage Rack, Kitchen Storage, Large Capacity, Kitchen Storage Rack, Gap Storage, Easy"
B09ZQK4FQV,,,,
B09XM2LF89,,170.0,https://www.amazon.sg/K-IS10-BLG-K-IS10-Stepless-Adjustment-Flavored/dp/B09XM2LF89/ref=sr_1_105?dib=eyJ2IjoiMSJ9.S4LOVqBfzxC14VbI4wNjr4VCW82pkerZvTosokAJGTRVj8ZRyeFm1_CRSh7iCb7DTV3Z9ktRBVGymdIhH79A_y1cGtJBuwXjvQzqqtpy0yPVHd-VUDmO37OIiFFlEvPoAxXBwEyTDJH572Aq1nLJIeJGKaEgKPD0THkIWGOgO4c.A-Z8usqVgVFLDxdO7TRCocI6jLebB5amz5rOxXeHy7E&dib_tag=se&m=A31NFQQ4065CWX&marketplaceID=A19VAU5U5O7RUS&qid=1775480089&refinements=p_36%3A17000-17500&s=merchant-items&sr=1-105&xpid=DRA1ti-Wt98Vd#customerReviews,"Toffy K-IS10-BLG Compact Fluffy Shaved Ice Maker, K-IS10 (Blue Gray), Manual, Fluffy, Smooth, Crunchy Crunchy, Stepless Adjustment, Flavored Ice, Juice, Milk Ice, Frozen Fruit, Outdoors"
B09XM2LF89,,,,
B09VGF5915,,172.81,https://www.amazon.sg/Doomatsu-Harem-Ryuzouji-Dress-up-Figure/dp/B09VGF5915/ref=sr_1_106?dib=eyJ2IjoiMSJ9.S4LOVqBfzxC14VbI4wNjr4VCW82pkerZvTosokAJGTRVj8ZRyeFm1_CRSh7iCb7DTV3Z9ktRBVGymdIhH79A_y1cGtJBuwXjvQzqqtpy0yPVHd-VUDmO37OIiFFlEvPoAxXBwEyTDJH572Aq1nLJIeJGKaEgKPD0THkIWGOgO4c.A-Z8usqVgVFLDxdO7TRCocI6jLebB5amz5rOxXeHy7E&dib_tag=se&m=A31NFQQ4065CWX&marketplaceID=A19VAU5U5O7RUS&qid=1775480089&refinements=p_36%3A17000-17500&s=merchant-items&sr=1-106&xpid=DRA1ti-Wt98Vd,Doomatsu no Harem Ryuzouji Akane Dress-up Nurse Figure
B09TP7CNZ7,,172.63,https://www.amazon.sg/LOGOS-Outdoor-Cooler-81448053-Approx/dp/B09TP7CNZ7/ref=sr_1_107?dib=eyJ2IjoiMSJ9.S4LOVqBfzxC14VbI4wNjr4VCW82pkerZvTosokAJGTRVj8ZRyeFm1_CRSh7iCb7DTV3Z9ktRBVGymdIhH79A_y1cGtJBuwXjvQzqqtpy0yPVHd-VUDmO37OIiFFlEvPoAxXBwEyTDJH572Aq1nLJIeJGKaEgKPD0THkIWGOgO4c.A-Z8usqVgVFLDxdO7TRCocI6jLebB5amz5rOxXeHy7E&dib_tag=se&m=A31NFQQ4065CWX&marketplaceID=A19VAU5U5O7RUS&qid=1775480089&refinements=p_36%3A17000-17500&s=merchant-items&sr=1-107&xpid=DRA1ti-Wt98Vd#customerReviews,LOGOS Outdoor Cooler
B09TP7CNZ7,,,,
B09SKVQXRQ,,171.67,https://www.amazon.sg/Yoseka-Cocktail-Shaker-Utensil-Bartender/dp/B09SKVQXRQ/ref=sr_1_113?dib=eyJ2IjoiMSJ9.0799M8rKbMbiM07p1LHFBsfEROZL1pnBVnFmb_66kN6bcQm7PbHzklCTPbEbP2m2IWu-_rRKMwlWFghqXqNRmQ.cYZutLcuuY1JuQ4LSJQCHtlSgFN2f0cydnba0zTB4UY&dib_tag=se&m=A31NFQQ4065CWX&marketplaceID=A19VAU5U5O7RUS&qid=1775480093&refinements=p_36%3A17000-17500&s=merchant-items&sr=1-113&xpid=DRA1ti-Wt98Vd#customerReviews,Cocktail Set Cocktail 12 Piece Cocktail Shaker 550ml Cocktail Utensil Set Bar Set Shaker Cocktail Set Luxury Bartender Cocktail Set (12 Pieces Wooden Set)
B09SKVQXRQ,,,,
B09RWRDS41,,181.18,https://www.amazon.sg/Final-Plastic-Painted-Complete-Figure/dp/B09RWRDS41/ref=sr_1_114?dib=eyJ2IjoiMSJ9.0799M8rKbMbiM07p1LHFBsfEROZL1pnBVnFmb_66kN6bcQm7PbHzklCTPbEbP2m2IWu-_rRKMwlWFghqXqNRmQ.cYZutLcuuY1JuQ4LSJQCHtlSgFN2f0cydnba0zTB4UY&dib_tag=se&m=A31NFQQ4065CWX&marketplaceID=A19VAU5U5O7RUS&qid=1775480093&refinements=p_36%3A17000-17500&s=merchant-items&sr=1-114&xpid=DRA1ti-Wt98Vd,Final Harem Todo Akira 1/7 Scale Plastic Painted Complete Figure
B09RPG4J3H,,183.35,https://www.amazon.sg/ZETA-Radiator-CRF1100L-2020-2021-Aluminum/dp/B09RPG4J3H/ref=sr_1_115?dib=eyJ2IjoiMSJ9.0799M8rKbMbiM07p1LHFBsfEROZL1pnBVnFmb_66kN6bcQm7PbHzklCTPbEbP2m2IWu-_rRKMwlWFghqXqNRmQ.cYZutLcuuY1JuQ4LSJQCHtlSgFN2f0cydnba0zTB4UY&dib_tag=se&m=A31NFQQ4065CWX&marketplaceID=A19VAU5U5O7RUS&qid=1775480093&refinements=p_36%3A17000-17500&s=merchant-items&sr=1-115&xpid=DRA1ti-Wt98Vd,"ZETA Radiator Core Guard for Honda CRF1100L/DCT (2020-2021), CRF1100L ADV SPORT ES/DCT (2020-2021), Aluminum Alloy"
B09RPG4J3H,,,,
B09R49YNJQ,,172.64,https://www.amazon.sg/G12772-Homelander-Non-Scale-Plastic-Painted/dp/B09R49YNJQ/ref=sr_1_116?dib=eyJ2IjoiMSJ9.0799M8rKbMbiM07p1LHFBsfEROZL1pnBVnFmb_66kN6bcQm7PbHzklCTPbEbP2m2IWu-_rRKMwlWFghqXqNRmQ.cYZutLcuuY1JuQ4LSJQCHtlSgFN2f0cydnba0zTB4UY&dib_tag=se&m=A31NFQQ4065CWX&marketplaceID=A19VAU5U5O7RUS&qid=1775480093&refinements=p_36%3A17000-17500&s=merchant-items&sr=1-116&xpid=DRA1ti-Wt98Vd#customerReviews,figma THE BOYS TM G12772 Homelander Non-Scale Plastic Painted Action Figure
B09QSFSKPZ,,173.34,https://www.amazon.sg/Camping-Equipment-Copper-Yakiniku-Plate/dp/B09QSFSKPZ/ref=sr_1_117?dib=eyJ2IjoiMSJ9.0799M8rKbMbiM07p1LHFBsfEROZL1pnBVnFmb_66kN6bcQm7PbHzklCTPbEbP2m2IWu-_rRKMwlWFghqXqNRmQ.cYZutLcuuY1JuQ4LSJQCHtlSgFN2f0cydnba0zTB4UY&dib_tag=se&m=A31NFQQ4065CWX&marketplaceID=A19VAU5U5O7RUS&qid=1775480093&refinements=p_36%3A17000-17500&s=merchant-items&sr=1-117&xpid=DRA1ti-Wt98Vd#customerReviews,"Solo Camping Equipment, Pure Copper Yakiniku Plate, B6 Size (W x H x H): Approx. 7.2 x 5.0 inches (182 x 128 mm), Thickness 0.1 inches (3 mm), Includes Lifter"
B09QSFSKPZ,,,,
B09N7BQY2G,,170.35,https://www.amazon.sg/Aoshima-Combined-Musashi-Approx-Included/dp/B09N7BQY2G/ref=sr_1_113?dib=eyJ2IjoiMSJ9.fM4uTnXNnyDcamCURCjQmCaL49CVp5yPggucjpqPesQFpHO8wdjUhkkbxNersZ9P4aZfNZalxYtHc44fUfdeSAa4JGlTN9jvXdtF1_NugUjJwK9rBgVhFST6-PYwEzX35Dbc8Ob0lTcPFYTq-OweBDn2NvXh3qn4LLT7HLwaVOA.vUL0ZRF9JKrpgHcnXuh_sF4h6hHxBeyOBxTZKSUGtZw&dib_tag=se&m=A31NFQQ4065CWX&marketplaceID=A19VAU5U5O7RUS&qid=1775480093&refinements=p_36%3A17000-17500&s=merchant-items&sr=1-113&xpid=DRA1ti-Wt98Vd#customerReviews,"Aoshima Bunka Kyozai GR-03 New Combined Series Musashi Total Height Approx. 6.9 inches (175 mm), Nagisa Jinguji Included Set, Color Coded Plastic Model"
B09L71P7VD,,173.34,https://www.amazon.sg/Molamola-Swimsuit-Leggings-Amphibious-Color-101/dp/B09L71P7VD/ref=sr_1_114?dib=eyJ2IjoiMSJ9.fM4uTnXNnyDcamCURCjQmCaL49CVp5yPggucjpqPesQFpHO8wdjUhkkbxNersZ9P4aZfNZalxYtHc44fUfdeSAa4JGlTN9jvXdtF1_NugUjJwK9rBgVhFST6-PYwEzX35Dbc8Ob0lTcPFYTq-OweBDn2NvXh3qn4LLT7HLwaVOA.vUL0ZRF9JKrpgHcnXuh_sF4h6hHxBeyOBxTZKSUGtZw&dib_tag=se&m=A31NFQQ4065CWX&marketplaceID=A19VAU5U5O7RUS&qid=1775480093&refinements=p_36%3A17000-17500&s=merchant-items&sr=1-114&xpid=DRA1ti-Wt98Vd#customerReviews,"Molamola Men's Rash Guard Swimsuit, Long Sleeve, Hoodie, Cooling Leggings, Surf Pants, Fitness, Swimming, Amphibious, Large Size"
B09L71P7VD,,,,
B09JZ1N46N,,195.18,https://www.amazon.sg/Museum-Tutankhamen-Non-Scale-Plastic-Painted/dp/B09JZ1N46N/ref=sr_1_115?dib=eyJ2IjoiMSJ9.fM4uTnXNnyDcamCURCjQmCaL49CVp5yPggucjpqPesQFpHO8wdjUhkkbxNersZ9P4aZfNZalxYtHc44fUfdeSAa4JGlTN9jvXdtF1_NugUjJwK9rBgVhFST6-PYwEzX35Dbc8Ob0lTcPFYTq-OweBDn2NvXh3qn4LLT7HLwaVOA.vUL0ZRF9JKrpgHcnXuh_sF4h6hHxBeyOBxTZKSUGtZw&dib_tag=se&m=A31NFQQ4065CWX&marketplaceID=A19VAU5U5O7RUS&qid=1775480093&refinements=p_36%3A17000-17500&s=merchant-items&sr=1-115&xpid=DRA1ti-Wt98Vd,figma Table Art Museum Branch Tutankhamen DX Ver. Non-Scale Plastic Painted Action Figure
B09HKHXT3K,,171.6,https://www.amazon.sg/Shimano-Unisex-Adult-Ultegra-Racing/dp/B09HKHXT3K/ref=sr_1_116?dib=eyJ2IjoiMSJ9.fM4uTnXNnyDcamCURCjQmCaL49CVp5yPggucjpqPesQFpHO8wdjUhkkbxNersZ9P4aZfNZalxYtHc44fUfdeSAa4JGlTN9jvXdtF1_NugUjJwK9rBgVhFST6-PYwEzX35Dbc8Ob0lTcPFYTq-OweBDn2NvXh3qn4LLT7HLwaVOA.vUL0ZRF9JKrpgHcnXuh_sF4h6hHxBeyOBxTZKSUGtZw&dib_tag=se&m=A31NFQQ4065CWX&marketplaceID=A19VAU5U5O7RUS&qid=1775480093&refinements=p_36%3A17000-17500&s=merchant-items&sr=1-116&xpid=DRA1ti-Wt98Vd,"Shimano Unisex - Adult Ultegra Racing Brake, Black, 51mm"
B09HKHXT3K,,,,
B09GVTGTMJ,,208.56,https://www.amazon.sg/Idolmaster-Romance-P57578-Pre-painted-Complete/dp/B09GVTGTMJ/ref=sr_1_117?dib=eyJ2IjoiMSJ9.fM4uTnXNnyDcamCURCjQmCaL49CVp5yPggucjpqPesQFpHO8wdjUhkkbxNersZ9P4aZfNZalxYtHc44fUfdeSAa4JGlTN9jvXdtF1_NugUjJwK9rBgVhFST6-PYwEzX35Dbc8Ob0lTcPFYTq-OweBDn2NvXh3qn4LLT7HLwaVOA.vUL0ZRF9JKrpgHcnXuh_sF4h6hHxBeyOBxTZKSUGtZw&dib_tag=se&m=A31NFQQ4065CWX&marketplaceID=A19VAU5U5O7RUS&qid=1775480093&refinements=p_36%3A17000-17500&s=merchant-items&sr=1-117&xpid=DRA1ti-Wt98Vd,Idolmaster Shiny Colors Yuko Winter Neon Light Romance Version P57578 1/7 Scale ABS & PVC Pre-painted Complete Figure
B09CGQTT72,,170.0,https://www.amazon.sg/Home-240/dp/B09CGQTT72/ref=sr_1_118?dib=eyJ2IjoiMSJ9.fM4uTnXNnyDcamCURCjQmCaL49CVp5yPggucjpqPesQFpHO8wdjUhkkbxNersZ9P4aZfNZalxYtHc44fUfdeSAa4JGlTN9jvXdtF1_NugUjJwK9rBgVhFST6-PYwEzX35Dbc8Ob0lTcPFYTq-OweBDn2NvXh3qn4LLT7HLwaVOA.vUL0ZRF9JKrpgHcnXuh_sF4h6hHxBeyOBxTZKSUGtZw&dib_tag=se&m=A31NFQQ4065CWX&marketplaceID=A19VAU5U5O7RUS&qid=1775480093&refinements=p_36%3A17000-17500&s=merchant-items&sr=1-118&xpid=DRA1ti-Wt98Vd#customerReviews,/ Home - 240 - 240 - 240 - 240 - 240 - 240 - 240 - 240
B09CGQTT72,,,,
B09CCVJPDZ,,174.11,https://www.amazon.sg/Fissler-159-121-20-100-Induction-Compatible-Non-stick/dp/B09CCVJPDZ/ref=sr_1_119?dib=eyJ2IjoiMSJ9.fM4uTnXNnyDcamCURCjQmCaL49CVp5yPggucjpqPesQFpHO8wdjUhkkbxNersZ9P4aZfNZalxYtHc44fUfdeSAa4JGlTN9jvXdtF1_NugUjJwK9rBgVhFST6-PYwEzX35Dbc8Ob0lTcPFYTq-OweBDn2NvXh3qn4LLT7HLwaVOA.vUL0ZRF9JKrpgHcnXuh_sF4h6hHxBeyOBxTZKSUGtZw&dib_tag=se&m=A31NFQQ4065CWX&marketplaceID=A19VAU5U5O7RUS&qid=1775480093&refinements=p_36%3A17000-17500&s=merchant-items&sr=1-119&xpid=DRA1ti-Wt98Vd#customerReviews,"Fissler 159-121-20-100 Frying Pan, 7.9 inches (20 cm), Levital+Comfort, Gas Fire/Induction Compatible, Made in Germany, Coding, Non-stick, Non-Stick Effect"
B09CCVJPDZ,,,,
B09BFMRKHW,,171.38,https://www.amazon.sg/Shimano-NASCI-Fishing-Shipped-2500HG/dp/B09BFMRKHW/ref=sr_1_120?dib=eyJ2IjoiMSJ9.fM4uTnXNnyDcamCURCjQmCaL49CVp5yPggucjpqPesQFpHO8wdjUhkkbxNersZ9P4aZfNZalxYtHc44fUfdeSAa4JGlTN9jvXdtF1_NugUjJwK9rBgVhFST6-PYwEzX35Dbc8Ob0lTcPFYTq-OweBDn2NvXh3qn4LLT7HLwaVOA.vUL0ZRF9JKrpgHcnXuh_sF4h6hHxBeyOBxTZKSUGtZw&dib_tag=se&m=A31NFQQ4065CWX&marketplaceID=A19VAU5U5O7RUS&qid=1775480093&refinements=p_36%3A17000-17500&s=merchant-items&sr=1-120&xpid=DRA1ti-Wt98Vd#customerReviews,Shimano 21 NASCI Fishing Reel Shipped from Japan 2022 Model
B099CY428F,,172.35,https://www.amazon.sg/NORDISK-107257-THRYMHEIM-FOOTPRINT-Outdoors/dp/B099CY428F/ref=sr_1_121?dib=eyJ2IjoiMSJ9.fM4uTnXNnyDcamCURCjQmCaL49CVp5yPggucjpqPesQFpHO8wdjUhkkbxNersZ9P4aZfNZalxYtHc44fUfdeSAa4JGlTN9jvXdtF1_NugUjJwK9rBgVhFST6-PYwEzX35Dbc8Ob0lTcPFYTq-OweBDn2NvXh3qn4LLT7HLwaVOA.vUL0ZRF9JKrpgHcnXuh_sF4h6hHxBeyOBxTZKSUGtZw&dib_tag=se&m=A31NFQQ4065CWX&marketplaceID=A19VAU5U5O7RUS&qid=1775480093&refinements=p_36%3A17000-17500&s=merchant-items&sr=1-121&xpid=DRA1ti-Wt98Vd,NORDISK Footprint for Lumheim 5 Thrymheim5 Footprint
B099CY428F,,,,
B0953J2P43,,171.87,https://www.amazon.sg/Electronic-Adventures-Non-Scale-Multicolor-G14617/dp/B0953J2P43/ref=sr_1_122?dib=eyJ2IjoiMSJ9.fM4uTnXNnyDcamCURCjQmCaL49CVp5yPggucjpqPesQFpHO8wdjUhkkbxNersZ9P4aZfNZalxYtHc44fUfdeSAa4JGlTN9jvXdtF1_NugUjJwK9rBgVhFST6-PYwEzX35Dbc8Ob0lTcPFYTq-OweBDn2NvXh3qn4LLT7HLwaVOA.vUL0ZRF9JKrpgHcnXuh_sF4h6hHxBeyOBxTZKSUGtZw&dib_tag=se&m=A31NFQQ4065CWX&marketplaceID=A19VAU5U5O7RUS&qid=1775480093&refinements=p_36%3A17000-17500&s=merchant-items&sr=1-122&xpid=DRA1ti-Wt98Vd#customerReviews,"MODEROID Electronic Adventures Web Diver Gladion Non-Scale PS & ABS Plastic Model, Multicolor (G14617)"
B08Z7HMYFL,,174.09,https://www.amazon.sg/Aniplex-Saekano-Movie-Girlfriend-Kasumigaoka/dp/B08Z7HMYFL/ref=sr_1_123?dib=eyJ2IjoiMSJ9.fM4uTnXNnyDcamCURCjQmCaL49CVp5yPggucjpqPesQFpHO8wdjUhkkbxNersZ9P4aZfNZalxYtHc44fUfdeSAa4JGlTN9jvXdtF1_NugUjJwK9rBgVhFST6-PYwEzX35Dbc8Ob0lTcPFYTq-OweBDn2NvXh3qn4LLT7HLwaVOA.vUL0ZRF9JKrpgHcnXuh_sF4h6hHxBeyOBxTZKSUGtZw&dib_tag=se&m=A31NFQQ4065CWX&marketplaceID=A19VAU5U5O7RUS&qid=1775480093&refinements=p_36%3A17000-17500&s=merchant-items&sr=1-123&xpid=DRA1ti-Wt98Vd,Aniplex Saekano The Movie: Finale -How to Raise a Boring Girlfriend- Utaha Kasumigaoka Maid Version 1/7 Scale Figure
B08TBDY3J5,,190.37,https://www.amazon.sg/Onway-OW-4053-Side-Cafe-Table/dp/B08TBDY3J5/ref=sr_1_129?dib=eyJ2IjoiMSJ9.8pjbZt-nvoC7VQxinHy_2YAEhGME7WfHrCaEptXiQutV_dCXptLlFTVyogwmQ6rrYIw5_74bKk1dwcsYaeO2qw.3joM7Qidgk1jdNztu3Ow1fEbJ2ha9PvV-DhyV4Pmh-s&dib_tag=se&m=A31NFQQ4065CWX&marketplaceID=A19VAU5U5O7RUS&qid=1775480098&refinements=p_36%3A17000-17500&s=merchant-items&sr=1-129&xpid=DRA1ti-Wt98Vd#customerReviews,Onway OW-4053 Side Cafe Table
B08TBDY3J5,,,,
B08RBXXWCR,,192.3,https://www.amazon.sg/AMU-FNX230-Kakamihara-Nadeshiko-Furisode-Finished/dp/B08RBXXWCR/ref=sr_1_130?dib=eyJ2IjoiMSJ9.8pjbZt-nvoC7VQxinHy_2YAEhGME7WfHrCaEptXiQutV_dCXptLlFTVyogwmQ6rrYIw5_74bKk1dwcsYaeO2qw.3joM7Qidgk1jdNztu3Ow1fEbJ2ha9PvV-DhyV4Pmh-s&dib_tag=se&m=A31NFQQ4065CWX&marketplaceID=A19VAU5U5O7RUS&qid=1775480098&refinements=p_36%3A17000-17500&s=merchant-items&sr=1-130&xpid=DRA1ti-Wt98Vd,"SEASON 2 AMU-FNX230 Kakamihara Nadeshiko Furisode 1/7 Scale, PVC, Painted, Finished Product Figure"
B08LG4BRN2,,189.62,https://www.amazon.sg/KCNC-Grooving-Titanium-Skewer-KQR05-001G/dp/B08LG4BRN2/ref=sr_1_131?dib=eyJ2IjoiMSJ9.8pjbZt-nvoC7VQxinHy_2YAEhGME7WfHrCaEptXiQutV_dCXptLlFTVyogwmQ6rrYIw5_74bKk1dwcsYaeO2qw.3joM7Qidgk1jdNztu3Ow1fEbJ2ha9PvV-DhyV4Pmh-s&dib_tag=se&m=A31NFQQ4065CWX&marketplaceID=A19VAU5U5O7RUS&qid=1775480098&refinements=p_36%3A17000-17500&s=merchant-items&sr=1-131&xpid=DRA1ti-Wt98Vd,"KCNC Grooving QR Road Titanium Axle Hub Skewer, Gold, KQR05-001G, SK2141"
B08LG4BRN2,,,,
B08KSR12XW,,170.3,https://www.amazon.sg/PF144-Shallow-Painted-Finished-Product/dp/B08KSR12XW/ref=sr_1_132?dib=eyJ2IjoiMSJ9.8pjbZt-nvoC7VQxinHy_2YAEhGME7WfHrCaEptXiQutV_dCXptLlFTVyogwmQ6rrYIw5_74bKk1dwcsYaeO2qw.3joM7Qidgk1jdNztu3Ow1fEbJ2ha9PvV-DhyV4Pmh-s&dib_tag=se&m=A31NFQQ4065CWX&marketplaceID=A19VAU5U5O7RUS&qid=1775480098&refinements=p_36%3A17000-17500&s=merchant-items&sr=1-132&xpid=DRA1ti-Wt98Vd#customerReviews,"PM Office A PF144 Is the Order a Rabbit? Shallow Cafe Style 1/7 Scale, PVC, Painted, Finished Product, Figure, Resale"
B08J3Y75MT,,173.34,https://www.amazon.sg/Kamoshika-Kettle-Compatible-Microwave-Ceramic/dp/B08J3Y75MT/ref=sr_1_133?dib=eyJ2IjoiMSJ9.8pjbZt-nvoC7VQxinHy_2YAEhGME7WfHrCaEptXiQutV_dCXptLlFTVyogwmQ6rrYIw5_74bKk1dwcsYaeO2qw.3joM7Qidgk1jdNztu3Ow1fEbJ2ha9PvV-DhyV4Pmh-s&dib_tag=se&m=A31NFQQ4065CWX&marketplaceID=A19VAU5U5O7RUS&qid=1775480098&refinements=p_36%3A17000-17500&s=merchant-items&sr=1-133&xpid=DRA1ti-Wt98Vd,"Kamoshika Tools Shop Kettle, 0.3 gal (1 L), Gas Compatible, Microwave Safe, Made in Japan, Banko Ware, Ceramic, Brass, For Direct Fire, Ceramic Kettle (Black, Fumble)"
B08J3Y75MT,,,,
B08HYX995P,,187.67,https://www.amazon.sg/KADOKAWA-KDcolle-Next-Explosion-Pre-Painted/dp/B08HYX995P/ref=sr_1_129?dib=eyJ2IjoiMSJ9.hD6DtpdqTVfWH1tbN8w_b7UTJl9XPOOJsfzw-oAdRZQ1v0922WOsdFETqlWGgFuXzUw5JYsR2V45oY2Rb88C8JwmyWLS4o0XC2itEzxFX7IoTn2y3bWcMH0fxpuxSeNuXGtu0_F3XZhs360-R9xeXrUJJnB4NmSfnyuxAnjzOzw.BuF6RWhd0OYAS-h_JvzLlpZfZnLICF2W79ZifttwSe8&dib_tag=se&m=A31NFQQ4065CWX&marketplaceID=A19VAU5U5O7RUS&qid=1775480098&refinements=p_36%3A17000-17500&s=merchant-items&sr=1-129&xpid=DRA1ti-Wt98Vd#customerReviews,"KADOKAWA KDcolle Next - Explosion in this wonderful world! Megumin Original Edition, Thief Team Version, 1/7 Scale, PVC Pre-Painted Complete Figure"
B08HN7VQBB,,189.62,https://www.amazon.sg/KCNC-Grooving-Titanium-Skewer-KQR05-001R/dp/B08HN7VQBB/ref=sr_1_130?dib=eyJ2IjoiMSJ9.hD6DtpdqTVfWH1tbN8w_b7UTJl9XPOOJsfzw-oAdRZQ1v0922WOsdFETqlWGgFuXzUw5JYsR2V45oY2Rb88C8JwmyWLS4o0XC2itEzxFX7IoTn2y3bWcMH0fxpuxSeNuXGtu0_F3XZhs360-R9xeXrUJJnB4NmSfnyuxAnjzOzw.BuF6RWhd0OYAS-h_JvzLlpZfZnLICF2W79ZifttwSe8&dib_tag=se&m=A31NFQQ4065CWX&marketplaceID=A19VAU5U5O7RUS&qid=1775480098&refinements=p_36%3A17000-17500&s=merchant-items&sr=1-130&xpid=DRA1ti-Wt98Vd,"KCNC Grooving QR Road Titanium Axle Hub Skewer, Red, KQR05-001R, SK2116"
B08HN7VQBB,,,,
B08BWVC2TS,,171.67,https://www.amazon.sg/Imabari-Certified-Natural-Absorbent-Drying/dp/B08BWVC2TS/ref=sr_1_131?dib=eyJ2IjoiMSJ9.hD6DtpdqTVfWH1tbN8w_b7UTJl9XPOOJsfzw-oAdRZQ1v0922WOsdFETqlWGgFuXzUw5JYsR2V45oY2Rb88C8JwmyWLS4o0XC2itEzxFX7IoTn2y3bWcMH0fxpuxSeNuXGtu0_F3XZhs360-R9xeXrUJJnB4NmSfnyuxAnjzOzw.BuF6RWhd0OYAS-h_JvzLlpZfZnLICF2W79ZifttwSe8&dib_tag=se&m=A31NFQQ4065CWX&marketplaceID=A19VAU5U5O7RUS&qid=1775480098&refinements=p_36%3A17000-17500&s=merchant-items&sr=1-131&xpid=DRA1ti-Wt98Vd#customerReviews,"Oruta Face Towel, Imabari Certified, Natural, Imabari Towel Set, Made in Japan, Thin, Water Absorbent, Quick Drying, Room Drying, 100% Cotton (Set of 10, Pink)"
B08BWVC2TS,,,,
B085Q3X6MY,,171.67,https://www.amazon.sg/Solid-SD-20W-Casserole-Smoke-inches/dp/B085Q3X6MY/ref=sr_1_132?dib=eyJ2IjoiMSJ9.hD6DtpdqTVfWH1tbN8w_b7UTJl9XPOOJsfzw-oAdRZQ1v0922WOsdFETqlWGgFuXzUw5JYsR2V45oY2Rb88C8JwmyWLS4o0XC2itEzxFX7IoTn2y3bWcMH0fxpuxSeNuXGtu0_F3XZhs360-R9xeXrUJJnB4NmSfnyuxAnjzOzw.BuF6RWhd0OYAS-h_JvzLlpZfZnLICF2W79ZifttwSe8&dib_tag=se&m=A31NFQQ4065CWX&marketplaceID=A19VAU5U5O7RUS&qid=1775480098&refinements=p_36%3A17000-17500&s=merchant-items&sr=1-132&xpid=DRA1ti-Wt98Vd#customerReviews,"Fuji Horo Solid SD-20W SB Casserole, Smoke Blue, 7.9 inches (20 cm)"
B085Q3X6MY,,,,
B085CXHRS1,,171.03,https://www.amazon.sg/Orange-Rouge-Nendoroid-Rider-Ozymandias/dp/B085CXHRS1/ref=sr_1_133?dib=eyJ2IjoiMSJ9.hD6DtpdqTVfWH1tbN8w_b7UTJl9XPOOJsfzw-oAdRZQ1v0922WOsdFETqlWGgFuXzUw5JYsR2V45oY2Rb88C8JwmyWLS4o0XC2itEzxFX7IoTn2y3bWcMH0fxpuxSeNuXGtu0_F3XZhs360-R9xeXrUJJnB4NmSfnyuxAnjzOzw.BuF6RWhd0OYAS-h_JvzLlpZfZnLICF2W79ZifttwSe8&dib_tag=se&m=A31NFQQ4065CWX&marketplaceID=A19VAU5U5O7RUS&qid=1775480098&refinements=p_36%3A17000-17500&s=merchant-items&sr=1-133&xpid=DRA1ti-Wt98Vd#customerReviews,"Orange Rouge Nendoroid Rider/Ozymandias: Ascension Ver., Multicolor (G12042)"
B084YXYKDT,,205.78,https://www.amazon.sg/FCS-Performance-Core-Tri-Fin/dp/B084YXYKDT/ref=sr_1_134?dib=eyJ2IjoiMSJ9.hD6DtpdqTVfWH1tbN8w_b7UTJl9XPOOJsfzw-oAdRZQ1v0922WOsdFETqlWGgFuXzUw5JYsR2V45oY2Rb88C8JwmyWLS4o0XC2itEzxFX7IoTn2y3bWcMH0fxpuxSeNuXGtu0_F3XZhs360-R9xeXrUJJnB4NmSfnyuxAnjzOzw.BuF6RWhd0OYAS-h_JvzLlpZfZnLICF2W79ZifttwSe8&dib_tag=se&m=A31NFQQ4065CWX&marketplaceID=A19VAU5U5O7RUS&qid=1775480098&refinements=p_36%3A17000-17500&s=merchant-items&sr=1-134&xpid=DRA1ti-Wt98Vd#customerReviews,FCS II AM PC Medium Tri Fin Set 2024 - Medium
B084YXYKDT,,,,
B084RDHVZC,,,,Babolat Babolat Women's Shadow Tour Spirit W SHADOW SPIRIT W 31S2004
B083WCRK8D,,173.75,https://www.amazon.sg/Tone-DSQ700P-Quick-Spanner-Pieces/dp/B083WCRK8D/ref=sr_1_136?dib=eyJ2IjoiMSJ9.hD6DtpdqTVfWH1tbN8w_b7UTJl9XPOOJsfzw-oAdRZQ1v0922WOsdFETqlWGgFuXzUw5JYsR2V45oY2Rb88C8JwmyWLS4o0XC2itEzxFX7IoTn2y3bWcMH0fxpuxSeNuXGtu0_F3XZhs360-R9xeXrUJJnB4NmSfnyuxAnjzOzw.BuF6RWhd0OYAS-h_JvzLlpZfZnLICF2W79ZifttwSe8&dib_tag=se&m=A31NFQQ4065CWX&marketplaceID=A19VAU5U5O7RUS&qid=1775480098&refinements=p_36%3A17000-17500&s=merchant-items&sr=1-136&xpid=DRA1ti-Wt98Vd#customerReviews,"Tone DSQ700P Quick Spanner Set, Red, 7 Pieces"
B083WCRK8D,,,,
B083QHLN52,,171.43,https://www.amazon.sg/DAIWA-BRAISON-Mobile-666TLS-Fishing/dp/B083QHLN52/ref=sr_1_137?dib=eyJ2IjoiMSJ9.hD6DtpdqTVfWH1tbN8w_b7UTJl9XPOOJsfzw-oAdRZQ1v0922WOsdFETqlWGgFuXzUw5JYsR2V45oY2Rb88C8JwmyWLS4o0XC2itEzxFX7IoTn2y3bWcMH0fxpuxSeNuXGtu0_F3XZhs360-R9xeXrUJJnB4NmSfnyuxAnjzOzw.BuF6RWhd0OYAS-h_JvzLlpZfZnLICF2W79ZifttwSe8&dib_tag=se&m=A31NFQQ4065CWX&marketplaceID=A19VAU5U5O7RUS&qid=1775480098&refinements=p_36%3A17000-17500&s=merchant-items&sr=1-137&xpid=DRA1ti-Wt98Vd#customerReviews,DAIWA BRAISON BASON BASS ROD MOBILE VARIETY
B083QHLN52,,,,
B081D7DSJJ,,192.5,https://www.amazon.sg/Ibanez-WH10V3-Wah-Pedal-Board/dp/B081D7DSJJ/ref=sr_1_138?dib=eyJ2IjoiMSJ9.hD6DtpdqTVfWH1tbN8w_b7UTJl9XPOOJsfzw-oAdRZQ1v0922WOsdFETqlWGgFuXzUw5JYsR2V45oY2Rb88C8JwmyWLS4o0XC2itEzxFX7IoTn2y3bWcMH0fxpuxSeNuXGtu0_F3XZhs360-R9xeXrUJJnB4NmSfnyuxAnjzOzw.BuF6RWhd0OYAS-h_JvzLlpZfZnLICF2W79ZifttwSe8&dib_tag=se&m=A31NFQQ4065CWX&marketplaceID=A19VAU5U5O7RUS&qid=1775480098&refinements=p_36%3A17000-17500&s=merchant-items&sr=1-138&xpid=DRA1ti-Wt98Vd#customerReviews,Ibanez WH10V3 Wah Wah Pedal Board
B081D7DSJJ,,,,
B081BBL69V,,186.53,https://www.amazon.sg/Black-Diamond-Miniwire-Quickpack-12Cm/dp/B081BBL69V/ref=sr_1_139?dib=eyJ2IjoiMSJ9.hD6DtpdqTVfWH1tbN8w_b7UTJl9XPOOJsfzw-oAdRZQ1v0922WOsdFETqlWGgFuXzUw5JYsR2V45oY2Rb88C8JwmyWLS4o0XC2itEzxFX7IoTn2y3bWcMH0fxpuxSeNuXGtu0_F3XZhs360-R9xeXrUJJnB4NmSfnyuxAnjzOzw.BuF6RWhd0OYAS-h_JvzLlpZfZnLICF2W79ZifttwSe8&dib_tag=se&m=A31NFQQ4065CWX&marketplaceID=A19VAU5U5O7RUS&qid=1775480098&refinements=p_36%3A17000-17500&s=merchant-items&sr=1-139&xpid=DRA1ti-Wt98Vd#customerReviews,"Black Diamond Miniwire Quickpack 12Cm, One Size"
B081BBL69V,,,,
B08131P8ZR,,194.08,https://www.amazon.sg/1003160006-Legendro-inches-Handle-Shredless/dp/B08131P8ZR/ref=sr_1_145?dib=eyJ2IjoiMSJ9.nA5UvYayaK2HOlvpJtoE6A40Y0ersjpkFNBTYOzWAjPloI7Lc9kVmOQHV0Q5Ix7Nxv9SFAJgm7NrOAfRzTrbjQ.JCrZEMjVvRpmqHpk-HQR-_ufWNkhFy2Rg9BerpoAdoA&dib_tag=se&m=A31NFQQ4065CWX&marketplaceID=A19VAU5U5O7RUS&qid=1775480103&refinements=p_36%3A17000-17500&s=merchant-items&sr=1-145&xpid=DRA1ti-Wt98Vd,"DEDA 1003160006 Super Legendro Stem (31.7) TEAM (BK) (2020), Black, 3.2 x 5.1 inches (82° x 130 mm), Handle Stem (Lade/Shredless)"
B08131P8ZR,,,,
B07YNQ1955,,195.9,https://www.amazon.sg/HI-METAL-Lightning-Dimension-Fortress-Macross/dp/B07YNQ1955/ref=sr_1_146?dib=eyJ2IjoiMSJ9.nA5UvYayaK2HOlvpJtoE6A40Y0ersjpkFNBTYOzWAjPloI7Lc9kVmOQHV0Q5Ix7Nxv9SFAJgm7NrOAfRzTrbjQ.JCrZEMjVvRpmqHpk-HQR-_ufWNkhFy2Rg9BerpoAdoA&dib_tag=se&m=A31NFQQ4065CWX&marketplaceID=A19VAU5U5O7RUS&qid=1775480103&refinements=p_36%3A17000-17500&s=merchant-items&sr=1-146&xpid=DRA1ti-Wt98Vd#customerReviews,"HI-METAL R VF-4G Lightning III ""The Super Dimension Fortress Macross Flash Back 2012"""
B07YL5Q8FX,,172.45,https://www.amazon.sg/LAMY-Studio-Fountain-Matte-Lacquer/dp/B07YL5Q8FX/ref=sr_1_147?dib=eyJ2IjoiMSJ9.nA5UvYayaK2HOlvpJtoE6A40Y0ersjpkFNBTYOzWAjPloI7Lc9kVmOQHV0Q5Ix7Nxv9SFAJgm7NrOAfRzTrbjQ.JCrZEMjVvRpmqHpk-HQR-_ufWNkhFy2Rg9BerpoAdoA&dib_tag=se&m=A31NFQQ4065CWX&marketplaceID=A19VAU5U5O7RUS&qid=1775480103&refinements=p_36%3A17000-17500&s=merchant-items&sr=1-147&xpid=DRA1ti-Wt98Vd#customerReviews,LAMY Studio Fountain Pen Matte Lacquer Govde Ef Uc Blue
B07YL5Q8FX,,,,
B07W4T1T17,,172.57,https://www.amazon.sg/Shimano-Reel-Jigging-Spheros-4000XG/dp/B07W4T1T17/ref=sr_1_148?dib=eyJ2IjoiMSJ9.nA5UvYayaK2HOlvpJtoE6A40Y0ersjpkFNBTYOzWAjPloI7Lc9kVmOQHV0Q5Ix7Nxv9SFAJgm7NrOAfRzTrbjQ.JCrZEMjVvRpmqHpk-HQR-_ufWNkhFy2Rg9BerpoAdoA&dib_tag=se&m=A31NFQQ4065CWX&marketplaceID=A19VAU5U5O7RUS&qid=1775480103&refinements=p_36%3A17000-17500&s=merchant-items&sr=1-148&xpid=DRA1ti-Wt98Vd#customerReviews,Shimano Shore Jigging 19 Spheros SW 3000XG/4000HG/4000XG Reel
B07W4T1T17,,,,
B0CH3SHR28,,172.5,https://www.amazon.sg/Skechers-Mens-Walk-7-Free-Sneaker/dp/B0CH3SHR28/ref=sr_1_149?dib=eyJ2IjoiMSJ9.nA5UvYayaK2HOlvpJtoE6A40Y0ersjpkFNBTYOzWAjPloI7Lc9kVmOQHV0Q5Ix7Nxv9SFAJgm7NrOAfRzTrbjQ.JCrZEMjVvRpmqHpk-HQR-_ufWNkhFy2Rg9BerpoAdoA&dib_tag=se&m=A31NFQQ4065CWX&marketplaceID=A19VAU5U5O7RUS&qid=1775480103&refinements=p_36%3A17000-17500&s=merchant-items&sr=1-149&xpid=DRA1ti-Wt98Vd#customerReviews,Skechers mens Go Walk 7 - Free Hand 2Sneaker
B0CH3SHR28,,,,
B09R1SWMW9,,186.38,https://www.amazon.sg/Baby-G-BGA-2800-Shipped-Released-BGA-2800-4A2JF/dp/B09R1SWMW9/ref=sr_1_145?dib=eyJ2IjoiMSJ9.3dMce9D295rn01wU297Wac8tes1i0CnpWB8Hx5hn0Zom0fM5CHN4zlXH8f9mLMigJu3a2wOB5fovBf1UPQHXfxOn_BWJeyqEn4us5fEQKsjx7sGKu5vVa4sCbFocg1Fx9ugnyo5btf7aSZ97N3q9wtiozcg1iVOL-w1FyIJUgtM.BdWe8A-KP0OqZelIwGn8AtVGejDUi99KeKYPCuvl2_M&dib_tag=se&m=A31NFQQ4065CWX&marketplaceID=A19VAU5U5O7RUS&qid=1775480103&refinements=p_36%3A17000-17500&s=merchant-items&sr=1-145&xpid=DRA1ti-Wt98Vd#customerReviews,"CASIO Baby-G BGA-2800 Radio Solar Model Shipped from Japan Released in Feb 2022, Smoky pink beige BGA-2800-4A2JF"
B09R1SWMW9,,,,
B0DVSGSTM9,,171.67,https://www.amazon.sg/Mont-bell-Umbrella-Lightweight-Trekking-%E7%9B%B4%E5%BE%8495cm%E3%80%81%E9%95%B7%E3%81%9555cm/dp/B0DVSGSTM9/ref=sr_1_146?dib=eyJ2IjoiMSJ9.3dMce9D295rn01wU297Wac8tes1i0CnpWB8Hx5hn0Zom0fM5CHN4zlXH8f9mLMigJu3a2wOB5fovBf1UPQHXfxOn_BWJeyqEn4us5fEQKsjx7sGKu5vVa4sCbFocg1Fx9ugnyo5btf7aSZ97N3q9wtiozcg1iVOL-w1FyIJUgtM.BdWe8A-KP0OqZelIwGn8AtVGejDUi99KeKYPCuvl2_M&dib_tag=se&m=A31NFQQ4065CWX&marketplaceID=A19VAU5U5O7RUS&qid=1775480103&refinements=p_36%3A17000-17500&s=merchant-items&sr=1-146&xpid=DRA1ti-Wt98Vd,"Montbell 1128701 Mont-bell Folding Umbrella, Men's, Women's, Lightweight, Trekking Umbrella, 55"
B0DVSGSTM9,,,,
B0DGL64875,,175.0,https://www.amazon.sg/Montbell-1128702-Folding-Umbrella-Black/dp/B0DGL64875/ref=sr_1_147?dib=eyJ2IjoiMSJ9.3dMce9D295rn01wU297Wac8tes1i0CnpWB8Hx5hn0Zom0fM5CHN4zlXH8f9mLMigJu3a2wOB5fovBf1UPQHXfxOn_BWJeyqEn4us5fEQKsjx7sGKu5vVa4sCbFocg1Fx9ugnyo5btf7aSZ97N3q9wtiozcg1iVOL-w1FyIJUgtM.BdWe8A-KP0OqZelIwGn8AtVGejDUi99KeKYPCuvl2_M&dib_tag=se&m=A31NFQQ4065CWX&marketplaceID=A19VAU5U5O7RUS&qid=1775480103&refinements=p_36%3A17000-17500&s=merchant-items&sr=1-147&xpid=DRA1ti-Wt98Vd,Montbell 1128702 Folding Umbrella
B0DGL64875,,,,
B005ILK7NQ,,182.52,https://www.amazon.sg/Castelbajac-59114-Panse-Vertical-Shoulder/dp/B005ILK7NQ/ref=sr_1_148?dib=eyJ2IjoiMSJ9.3dMce9D295rn01wU297Wac8tes1i0CnpWB8Hx5hn0Zom0fM5CHN4zlXH8f9mLMigJu3a2wOB5fovBf1UPQHXfxOn_BWJeyqEn4us5fEQKsjx7sGKu5vVa4sCbFocg1Fx9ugnyo5btf7aSZ97N3q9wtiozcg1iVOL-w1FyIJUgtM.BdWe8A-KP0OqZelIwGn8AtVGejDUi99KeKYPCuvl2_M&dib_tag=se&m=A31NFQQ4065CWX&marketplaceID=A19VAU5U5O7RUS&qid=1775480103&refinements=p_36%3A17000-17500&s=merchant-items&sr=1-148&xpid=DRA1ti-Wt98Vd#customerReviews,Castelbajac 59114 Panse Vertical Shoulder Bag
B005ILK7NQ,,,,
B07TZS9XC3,,171.47,https://www.amazon.sg/Genuine-Theory-2508PE-H-Number-0005599128A82/dp/B07TZS9XC3/ref=sr_1_149?dib=eyJ2IjoiMSJ9.3dMce9D295rn01wU297Wac8tes1i0CnpWB8Hx5hn0Zom0fM5CHN4zlXH8f9mLMigJu3a2wOB5fovBf1UPQHXfxOn_BWJeyqEn4us5fEQKsjx7sGKu5vVa4sCbFocg1Fx9ugnyo5btf7aSZ97N3q9wtiozcg1iVOL-w1FyIJUgtM.BdWe8A-KP0OqZelIwGn8AtVGejDUi99KeKYPCuvl2_M&dib_tag=se&m=A31NFQQ4065CWX&marketplaceID=A19VAU5U5O7RUS&qid=1775480103&refinements=p_36%3A17000-17500&s=merchant-items&sr=1-149&xpid=DRA1ti-Wt98Vd,"Daiwa Genuine Part 17 Theory 2508PE-H Spool (2-8), Part Number 8, Part Code 128A82 0005599128A82"
B07TZS9XC3,,,,
B07TXQG693,,173.62,https://www.amazon.sg/Genuine-Celtate-LT3000-Number-00060050128D21/dp/B07TXQG693/ref=sr_1_150?dib=eyJ2IjoiMSJ9.3dMce9D295rn01wU297Wac8tes1i0CnpWB8Hx5hn0Zom0fM5CHN4zlXH8f9mLMigJu3a2wOB5fovBf1UPQHXfxOn_BWJeyqEn4us5fEQKsjx7sGKu5vVa4sCbFocg1Fx9ugnyo5btf7aSZ97N3q9wtiozcg1iVOL-w1FyIJUgtM.BdWe8A-KP0OqZelIwGn8AtVGejDUi99KeKYPCuvl2_M&dib_tag=se&m=A31NFQQ4065CWX&marketplaceID=A19VAU5U5O7RUS&qid=1775480103&refinements=p_36%3A17000-17500&s=merchant-items&sr=1-150&xpid=DRA1ti-Wt98Vd#customerReviews,"Daiwa Genuine Part 19 Celtate LT3000 Spool (2-12), Part Number 9, Part Code 128D21 00060050128D21"
B07TXQG693,,,,
B07TVJM8SK,,170.18,https://www.amazon.sg/Daiwa-Genuine-Celtate-Handle-Number/dp/B07TVJM8SK/ref=sr_1_151?dib=eyJ2IjoiMSJ9.3dMce9D295rn01wU297Wac8tes1i0CnpWB8Hx5hn0Zom0fM5CHN4zlXH8f9mLMigJu3a2wOB5fovBf1UPQHXfxOn_BWJeyqEn4us5fEQKsjx7sGKu5vVa4sCbFocg1Fx9ugnyo5btf7aSZ97N3q9wtiozcg1iVOL-w1FyIJUgtM.BdWe8A-KP0OqZelIwGn8AtVGejDUi99KeKYPCuvl2_M&dib_tag=se&m=A31NFQQ4065CWX&marketplaceID=A19VAU5U5O7RUS&qid=1775480103&refinements=p_36%3A17000-17500&s=merchant-items&sr=1-151&xpid=DRA1ti-Wt98Vd,"Daiwa Genuine Part 16 Celtate 3012, Handle Number: 97, Part Code: 1H2017 000563091H2017"
B07TVJM8SK,,,,
B07TVJK4CZ,,174.05,https://www.amazon.sg/Genuine-Saltiga-Number-129621-00607269129621/dp/B07TVJK4CZ/ref=sr_1_152?dib=eyJ2IjoiMSJ9.3dMce9D295rn01wU297Wac8tes1i0CnpWB8Hx5hn0Zom0fM5CHN4zlXH8f9mLMigJu3a2wOB5fovBf1UPQHXfxOn_BWJeyqEn4us5fEQKsjx7sGKu5vVa4sCbFocg1Fx9ugnyo5btf7aSZ97N3q9wtiozcg1iVOL-w1FyIJUgtM.BdWe8A-KP0OqZelIwGn8AtVGejDUi99KeKYPCuvl2_M&dib_tag=se&m=A31NFQQ4065CWX&marketplaceID=A19VAU5U5O7RUS&qid=1775480103&refinements=p_36%3A17000-17500&s=merchant-items&sr=1-152&xpid=DRA1ti-Wt98Vd,"Daiwa Reel Genuine Part 16, Saltiga 35NH Spool (23-26), Part Number 23, Part Code 129621 00607269129621"
B07TVJK4CZ,,,,
B07TTJ1RWS,,170.18,https://www.amazon.sg/Genuine-Celtate-LT2500S-Handle-000600451H2B49/dp/B07TTJ1RWS/ref=sr_1_153?dib=eyJ2IjoiMSJ9.3dMce9D295rn01wU297Wac8tes1i0CnpWB8Hx5hn0Zom0fM5CHN4zlXH8f9mLMigJu3a2wOB5fovBf1UPQHXfxOn_BWJeyqEn4us5fEQKsjx7sGKu5vVa4sCbFocg1Fx9ugnyo5btf7aSZ97N3q9wtiozcg1iVOL-w1FyIJUgtM.BdWe8A-KP0OqZelIwGn8AtVGejDUi99KeKYPCuvl2_M&dib_tag=se&m=A31NFQQ4065CWX&marketplaceID=A19VAU5U5O7RUS&qid=1775480103&refinements=p_36%3A17000-17500&s=merchant-items&sr=1-153&xpid=DRA1ti-Wt98Vd,Daiwa Genuine Part 19 Celtate LT2500S Handle Part Number 105 Part Code 1H2B49 000600451H2B49
B07TTJ1RWS,,,,
B07TTHYXG2,,170.37,https://www.amazon.sg/DAIWA-Genuine-Celtate-LT2500S-XH-6J847001/dp/B07TTHYXG2/ref=sr_1_154?dib=eyJ2IjoiMSJ9.3dMce9D295rn01wU297Wac8tes1i0CnpWB8Hx5hn0Zom0fM5CHN4zlXH8f9mLMigJu3a2wOB5fovBf1UPQHXfxOn_BWJeyqEn4us5fEQKsjx7sGKu5vVa4sCbFocg1Fx9ugnyo5btf7aSZ97N3q9wtiozcg1iVOL-w1FyIJUgtM.BdWe8A-KP0OqZelIwGn8AtVGejDUi99KeKYPCuvl2_M&dib_tag=se&m=A31NFQQ4065CWX&marketplaceID=A19VAU5U5O7RUS&qid=1775480103&refinements=p_36%3A17000-17500&s=merchant-items&sr=1-154&xpid=DRA1ti-Wt98Vd,DAIWA Genuine Part 19 Celtate LT2500S-XH Spool Part Number 9 Part Code 6J847001
B07TTHYXG2,,,,
B07RVX5HYQ,,183.79,https://www.amazon.sg/Shimano-ST-RX400-Mechanical-Hydraulic-10-Speed/dp/B07RVX5HYQ/ref=sr_1_155?dib=eyJ2IjoiMSJ9.3dMce9D295rn01wU297Wac8tes1i0CnpWB8Hx5hn0Zom0fM5CHN4zlXH8f9mLMigJu3a2wOB5fovBf1UPQHXfxOn_BWJeyqEn4us5fEQKsjx7sGKu5vVa4sCbFocg1Fx9ugnyo5btf7aSZ97N3q9wtiozcg1iVOL-w1FyIJUgtM.BdWe8A-KP0OqZelIwGn8AtVGejDUi99KeKYPCuvl2_M&dib_tag=se&m=A31NFQQ4065CWX&marketplaceID=A19VAU5U5O7RUS&qid=1775480103&refinements=p_36%3A17000-17500&s=merchant-items&sr=1-155&xpid=DRA1ti-Wt98Vd#customerReviews,"Shimano GRX ST-RX400 GRX Mechanical Shift Hydraulic STI Lever, 10-Speed, Right Hand"
B07RVX5HYQ,,,,
B07R14QT9K,,203.29,https://www.amazon.sg/Tamashii-Nations-Fourze-States-Multicolor/dp/B07R14QT9K/ref=sr_1_161?dib=eyJ2IjoiMSJ9.WSrCHZ39ljdQub_l-UIdi0xoxBLGfhuY24lwjBQuk89jLtgPxWoWbbvS-d1UWcJudTnMpm7_bbKq_Nr4537Qhw.y19rIPtyALP1e3T4WZvRBz0Ahmk1O610Fvx0xQB16dU&dib_tag=se&m=A31NFQQ4065CWX&marketplaceID=A19VAU5U5O7RUS&qid=1775480109&refinements=p_36%3A17000-17500&s=merchant-items&sr=1-161&xpid=DRA1ti-Wt98Vd#customerReviews,"Tamashii Nations SIC Kamen Rider Fourze Base States ""Kamen Rider"", Multicolor"
B07QS6Y9GR,,203.61,https://www.amazon.sg/MS-06R-1A-Eric-Mansfield-Dedicated-Zaku/dp/B07QS6Y9GR/ref=sr_1_162?dib=eyJ2IjoiMSJ9.WSrCHZ39ljdQub_l-UIdi0xoxBLGfhuY24lwjBQuk89jLtgPxWoWbbvS-d1UWcJudTnMpm7_bbKq_Nr4537Qhw.y19rIPtyALP1e3T4WZvRBz0Ahmk1O610Fvx0xQB16dU&dib_tag=se&m=A31NFQQ4065CWX&marketplaceID=A19VAU5U5O7RUS&qid=1775480109&refinements=p_36%3A17000-17500&s=merchant-items&sr=1-162&xpid=DRA1ti-Wt98Vd#customerReviews,RG MS-06R-1A Eric Mansfield Dedicated Zaku II 1/144
B07QS6Y9GR,,,,
B07QM53MFT,,172.09,https://www.amazon.sg/FIELDOOR-Aluminum-Flexible-Hardware-Protection/dp/B07QM53MFT/ref=sr_1_163?dib=eyJ2IjoiMSJ9.WSrCHZ39ljdQub_l-UIdi0xoxBLGfhuY24lwjBQuk89jLtgPxWoWbbvS-d1UWcJudTnMpm7_bbKq_Nr4537Qhw.y19rIPtyALP1e3T4WZvRBz0Ahmk1O610Fvx0xQB16dU&dib_tag=se&m=A31NFQQ4065CWX&marketplaceID=A19VAU5U5O7RUS&qid=1775480109&refinements=p_36%3A17000-17500&s=merchant-items&sr=1-163&xpid=DRA1ti-Wt98Vd#customerReviews,"FIELDOOR RECTOR TARP 170.9 x 19.7 inches (435 x 500 cm), Storage Carry Bag + Rope + Pegs + Aluminum Flexible Hardware Included, For 4 to 6 People, UV Protection, Silver Coating"
B07QM53MFT,,,,
B07QK2HB66,,173.96,https://www.amazon.sg/Gamakatsu-GM-3594-Protective-Gaiter-Socks/dp/B07QK2HB66/ref=sr_1_164?dib=eyJ2IjoiMSJ9.WSrCHZ39ljdQub_l-UIdi0xoxBLGfhuY24lwjBQuk89jLtgPxWoWbbvS-d1UWcJudTnMpm7_bbKq_Nr4537Qhw.y19rIPtyALP1e3T4WZvRBz0Ahmk1O610Fvx0xQB16dU&dib_tag=se&m=A31NFQQ4065CWX&marketplaceID=A19VAU5U5O7RUS&qid=1775480109&refinements=p_36%3A17000-17500&s=merchant-items&sr=1-164&xpid=DRA1ti-Wt98Vd#customerReviews,"Gamakatsu GM-3594 Protective Gaiter (with Socks), Red, LL"
B07QK2HB66,,,,
B07PY69Z6C,,188.85,https://www.amazon.sg/Dungeon-Travelers-Alisia-Yamiochi-Version/dp/B07PY69Z6C/ref=sr_1_165?dib=eyJ2IjoiMSJ9.WSrCHZ39ljdQub_l-UIdi0xoxBLGfhuY24lwjBQuk89jLtgPxWoWbbvS-d1UWcJudTnMpm7_bbKq_Nr4537Qhw.y19rIPtyALP1e3T4WZvRBz0Ahmk1O610Fvx0xQB16dU&dib_tag=se&m=A31NFQQ4065CWX&marketplaceID=A19VAU5U5O7RUS&qid=1775480109&refinements=p_36%3A17000-17500&s=merchant-items&sr=1-165&xpid=DRA1ti-Wt98Vd#customerReviews,Dungeon Travelers 2: Alisia Heart (Yamiochi Version) PVC Figure
B07NQQGHMB,,170.91,https://www.amazon.sg/Solo-Stove-Stainless-Pieces-Accessories/dp/B07NQQGHMB/ref=sr_1_161?dib=eyJ2IjoiMSJ9._TDdjuCZ7FHEjIGP2ms19ibAPRsz7OJyZRYytFDHpX0h5P1KQm8nqfaWEXVWP2sqvKtqoCFMFHudM28xhzDYY_HhT7GzcSPzp9vKxIS4YgVvfdYfWT1jOEJuZja06RwMT3ZzdCwr6Eo2WIbSZDb8opQMCQqxNAWAL7ko6_KpSL4.5vKuYN8QHq4hyDL23JgVxtmzfuuNXGMdj6eqVXJTd2g&dib_tag=se&m=A31NFQQ4065CWX&marketplaceID=A19VAU5U5O7RUS&qid=1775480109&refinements=p_36%3A17000-17500&s=merchant-items&sr=1-161&xpid=DRA1ti-Wt98Vd#customerReviews,Solo Stove Stainless Steel Fire Pit Tools Tongs for Wood in Fire Pit Includes 2 Pieces. 36.5 inch Fire Pit Wood Grabber Poker and 32 inch Grabber Great for Outdoor Fire Pits and Fire Pit Accessories
B07NQQGHMB,,,,
B07NDCRFD3,,183.93,https://www.amazon.sg/Tama-Powerpad-Designer-Collection-Cymbal/dp/B07NDCRFD3/ref=sr_1_162?dib=eyJ2IjoiMSJ9._TDdjuCZ7FHEjIGP2ms19ibAPRsz7OJyZRYytFDHpX0h5P1KQm8nqfaWEXVWP2sqvKtqoCFMFHudM28xhzDYY_HhT7GzcSPzp9vKxIS4YgVvfdYfWT1jOEJuZja06RwMT3ZzdCwr6Eo2WIbSZDb8opQMCQqxNAWAL7ko6_KpSL4.5vKuYN8QHq4hyDL23JgVxtmzfuuNXGMdj6eqVXJTd2g&dib_tag=se&m=A31NFQQ4065CWX&marketplaceID=A19VAU5U5O7RUS&qid=1775480109&refinements=p_36%3A17000-17500&s=merchant-items&sr=1-162&xpid=DRA1ti-Wt98Vd#customerReviews,Tama Powerpad Designer Collection Cymbal Bag - Black
B07NDCRFD3,,,,
B07K8HNHMX,,172.84,https://www.amazon.sg/DAIWA-Stream-Kiyose-Steamed-Fishing/dp/B07K8HNHMX/ref=sr_1_163?dib=eyJ2IjoiMSJ9._TDdjuCZ7FHEjIGP2ms19ibAPRsz7OJyZRYytFDHpX0h5P1KQm8nqfaWEXVWP2sqvKtqoCFMFHudM28xhzDYY_HhT7GzcSPzp9vKxIS4YgVvfdYfWT1jOEJuZja06RwMT3ZzdCwr6Eo2WIbSZDb8opQMCQqxNAWAL7ko6_KpSL4.5vKuYN8QHq4hyDL23JgVxtmzfuuNXGMdj6eqVXJTd2g&dib_tag=se&m=A31NFQQ4065CWX&marketplaceID=A19VAU5U5O7RUS&qid=1775480109&refinements=p_36%3A17000-17500&s=merchant-items&sr=1-163&xpid=DRA1ti-Wt98Vd#customerReviews,DAIWA Stream Rod Kiyose Y Stream Steamed Fishing Rod 53M Y Fishing Rod
B07K8HNHMX,,,,
B07K1953HP,,172.37,https://www.amazon.sg/Crankbrothers-Doubleshot-Platform-Pedals-Black/dp/B07K1953HP/ref=sr_1_164?dib=eyJ2IjoiMSJ9._TDdjuCZ7FHEjIGP2ms19ibAPRsz7OJyZRYytFDHpX0h5P1KQm8nqfaWEXVWP2sqvKtqoCFMFHudM28xhzDYY_HhT7GzcSPzp9vKxIS4YgVvfdYfWT1jOEJuZja06RwMT3ZzdCwr6Eo2WIbSZDb8opQMCQqxNAWAL7ko6_KpSL4.5vKuYN8QHq4hyDL23JgVxtmzfuuNXGMdj6eqVXJTd2g&dib_tag=se&m=A31NFQQ4065CWX&marketplaceID=A19VAU5U5O7RUS&qid=1775480109&refinements=p_36%3A17000-17500&s=merchant-items&sr=1-164&xpid=DRA1ti-Wt98Vd#customerReviews,Crankbrothers Doubleshot Platform Pedals Black
B07K1953HP,,,,
B07H54XBH4,,195.17,https://www.amazon.sg/Square-Enix-Automata-pre-painted-figures/dp/B07H54XBH4/ref=sr_1_165?dib=eyJ2IjoiMSJ9._TDdjuCZ7FHEjIGP2ms19ibAPRsz7OJyZRYytFDHpX0h5P1KQm8nqfaWEXVWP2sqvKtqoCFMFHudM28xhzDYY_HhT7GzcSPzp9vKxIS4YgVvfdYfWT1jOEJuZja06RwMT3ZzdCwr6Eo2WIbSZDb8opQMCQqxNAWAL7ko6_KpSL4.5vKuYN8QHq4hyDL23JgVxtmzfuuNXGMdj6eqVXJTd2g&dib_tag=se&m=A31NFQQ4065CWX&marketplaceID=A19VAU5U5O7RUS&qid=1775480109&refinements=p_36%3A17000-17500&s=merchant-items&sr=1-165&xpid=DRA1ti-Wt98Vd#customerReviews,Square Enix (SQUARE ENIX) NieR Automata bring Arts Jorja A Type Two A-2 items made of PVC pre-painted moving figures
B07GKJ6G37,,195.9,https://www.amazon.sg/dubois-ebony-Ebony-Desktop-Organizer/dp/B07GKJ6G37/ref=sr_1_166?dib=eyJ2IjoiMSJ9._TDdjuCZ7FHEjIGP2ms19ibAPRsz7OJyZRYytFDHpX0h5P1KQm8nqfaWEXVWP2sqvKtqoCFMFHudM28xhzDYY_HhT7GzcSPzp9vKxIS4YgVvfdYfWT1jOEJuZja06RwMT3ZzdCwr6Eo2WIbSZDb8opQMCQqxNAWAL7ko6_KpSL4.5vKuYN8QHq4hyDL23JgVxtmzfuuNXGMdj6eqVXJTd2g&dib_tag=se&m=A31NFQQ4065CWX&marketplaceID=A19VAU5U5O7RUS&qid=1775480109&refinements=p_36%3A17000-17500&s=merchant-items&sr=1-166&xpid=DRA1ti-Wt98Vd,Ebony Pen Tray Desktop Organizer in Gift Box
B07GKJ6G37,,,,
B07D711LXH,,197.96,https://www.amazon.sg/Max-Factory-Blockade-Battlefront-Beyond/dp/B07D711LXH/ref=sr_1_167?dib=eyJ2IjoiMSJ9._TDdjuCZ7FHEjIGP2ms19ibAPRsz7OJyZRYytFDHpX0h5P1KQm8nqfaWEXVWP2sqvKtqoCFMFHudM28xhzDYY_HhT7GzcSPzp9vKxIS4YgVvfdYfWT1jOEJuZja06RwMT3ZzdCwr6Eo2WIbSZDb8opQMCQqxNAWAL7ko6_KpSL4.5vKuYN8QHq4hyDL23JgVxtmzfuuNXGMdj6eqVXJTd2g&dib_tag=se&m=A31NFQQ4065CWX&marketplaceID=A19VAU5U5O7RUS&qid=1775480109&refinements=p_36%3A17000-17500&s=merchant-items&sr=1-167&xpid=DRA1ti-Wt98Vd#customerReviews,"Max Factory Blood Blockade Battlefront & Beyond: Leonardo Watch Figma Action Figure, Blue, White, Brown, One-Size"
B07C589H2D,,170.2,https://www.amazon.sg/Good-Smile-Monsters-Inc-Nendoroid/dp/B07C589H2D/ref=sr_1_168?dib=eyJ2IjoiMSJ9._TDdjuCZ7FHEjIGP2ms19ibAPRsz7OJyZRYytFDHpX0h5P1KQm8nqfaWEXVWP2sqvKtqoCFMFHudM28xhzDYY_HhT7GzcSPzp9vKxIS4YgVvfdYfWT1jOEJuZja06RwMT3ZzdCwr6Eo2WIbSZDb8opQMCQqxNAWAL7ko6_KpSL4.5vKuYN8QHq4hyDL23JgVxtmzfuuNXGMdj6eqVXJTd2g&dib_tag=se&m=A31NFQQ4065CWX&marketplaceID=A19VAU5U5O7RUS&qid=1775480109&refinements=p_36%3A17000-17500&s=merchant-items&sr=1-168&xpid=DRA1ti-Wt98Vd#customerReviews,"Good Smile Monsters, Inc.: Sulley Nendoroid Action Figure Standard Version"
B07BQP394X,,175.0,https://www.amazon.sg/SUZUKI-BCH-8-Bell-Harmony-Case/dp/B07BQP394X/ref=sr_1_169?dib=eyJ2IjoiMSJ9._TDdjuCZ7FHEjIGP2ms19ibAPRsz7OJyZRYytFDHpX0h5P1KQm8nqfaWEXVWP2sqvKtqoCFMFHudM28xhzDYY_HhT7GzcSPzp9vKxIS4YgVvfdYfWT1jOEJuZja06RwMT3ZzdCwr6Eo2WIbSZDb8opQMCQqxNAWAL7ko6_KpSL4.5vKuYN8QHq4hyDL23JgVxtmzfuuNXGMdj6eqVXJTd2g&dib_tag=se&m=A31NFQQ4065CWX&marketplaceID=A19VAU5U5O7RUS&qid=1775480109&refinements=p_36%3A17000-17500&s=merchant-items&sr=1-169&xpid=DRA1ti-Wt98Vd#customerReviews,SUZUKI BCH-8 Bell Harmony Case for Hand Type
B07BQP394X,,,,
B07BM9YSKM,,170.17,https://www.amazon.sg/HGBF-Gundam-Julian-MACKENZIES-Mobile/dp/B07BM9YSKM/ref=sr_1_170?dib=eyJ2IjoiMSJ9._TDdjuCZ7FHEjIGP2ms19ibAPRsz7OJyZRYytFDHpX0h5P1KQm8nqfaWEXVWP2sqvKtqoCFMFHudM28xhzDYY_HhT7GzcSPzp9vKxIS4YgVvfdYfWT1jOEJuZja06RwMT3ZzdCwr6Eo2WIbSZDb8opQMCQqxNAWAL7ko6_KpSL4.5vKuYN8QHq4hyDL23JgVxtmzfuuNXGMdj6eqVXJTd2g&dib_tag=se&m=A31NFQQ4065CWX&marketplaceID=A19VAU5U5O7RUS&qid=1775480109&refinements=p_36%3A17000-17500&s=merchant-items&sr=1-170&xpid=DRA1ti-Wt98Vd#customerReviews,HGBF 1/144 Gundam M91(Julian MACKENZIE'S Mobile Suit)
B079DNFQLQ,,171.67,https://www.amazon.sg/Debika-Star-143520-Disaster-Prevention/dp/B079DNFQLQ/ref=sr_1_171?dib=eyJ2IjoiMSJ9._TDdjuCZ7FHEjIGP2ms19ibAPRsz7OJyZRYytFDHpX0h5P1KQm8nqfaWEXVWP2sqvKtqoCFMFHudM28xhzDYY_HhT7GzcSPzp9vKxIS4YgVvfdYfWT1jOEJuZja06RwMT3ZzdCwr6Eo2WIbSZDb8opQMCQqxNAWAL7ko6_KpSL4.5vKuYN8QHq4hyDL23JgVxtmzfuuNXGMdj6eqVXJTd2g&dib_tag=se&m=A31NFQQ4065CWX&marketplaceID=A19VAU5U5O7RUS&qid=1775480109&refinements=p_36%3A17000-17500&s=merchant-items&sr=1-171&xpid=DRA1ti-Wt98Vd,Debika MT Star 143520 Disaster Prevention Hood
B07873927R,,182.42,https://www.amazon.sg/One-Control-Gecko-MkIII-Controller/dp/B07873927R/ref=sr_1_177?dib=eyJ2IjoiMSJ9.VZ_xCcQE8zDH63Mt2D9oxXiL1Ex-7QamJADMoaCNNzBBwj2qiBL6UB2J_ZCbfNUCSUsBVi4CzKDzoTrEADqYIw.CAOa4Cg0rVcAQaAgHOMef8f7_HG7hNJLRUrDRmTLIjM&dib_tag=se&m=A31NFQQ4065CWX&marketplaceID=A19VAU5U5O7RUS&qid=1775480113&refinements=p_36%3A17000-17500&s=merchant-items&sr=1-177&xpid=DRA1ti-Wt98Vd,One Control Gecko MkIII/One Control MIDI Controller
B07873927R,,,,
B076M214KW,,174.08,https://www.amazon.sg/Music-Bell-Desk-Sound-Bells/dp/B076M214KW/ref=sr_1_178?dib=eyJ2IjoiMSJ9.VZ_xCcQE8zDH63Mt2D9oxXiL1Ex-7QamJADMoaCNNzBBwj2qiBL6UB2J_ZCbfNUCSUsBVi4CzKDzoTrEADqYIw.CAOa4Cg0rVcAQaAgHOMef8f7_HG7hNJLRUrDRmTLIjM&dib_tag=se&m=A31NFQQ4065CWX&marketplaceID=A19VAU5U5O7RUS&qid=1775480113&refinements=p_36%3A17000-17500&s=merchant-items&sr=1-178&xpid=DRA1ti-Wt98Vd#customerReviews,KC Music Bell (Desk Bell) 8 Sound Set Bear Desk Bells MB – lcs-ant-8db-st
B076M214KW,,,,
B075N39GBR,,198.68,https://www.amazon.sg/41721-33460-Dinnerware-Boutique-Patterns-Microwave/dp/B075N39GBR/ref=sr_1_179?dib=eyJ2IjoiMSJ9.VZ_xCcQE8zDH63Mt2D9oxXiL1Ex-7QamJADMoaCNNzBBwj2qiBL6UB2J_ZCbfNUCSUsBVi4CzKDzoTrEADqYIw.CAOa4Cg0rVcAQaAgHOMef8f7_HG7hNJLRUrDRmTLIjM&dib_tag=se&m=A31NFQQ4065CWX&marketplaceID=A19VAU5U5O7RUS&qid=1775480113&refinements=p_36%3A17000-17500&s=merchant-items&sr=1-179&xpid=DRA1ti-Wt98Vd#customerReviews,"Narumi 41721-33460 Dinnerware Set, Floral Boutique, Floral Pattern, Set of 5 Patterns, Stylish, Gorgeous, 11 Pieces, Microwave Safe Included, Made in Japan, Gift Box Included"
B075N39GBR,,,,
B074DRDHF5,,170.28,https://www.amazon.sg/Copic-COPIC-Sketch-Marker-Piece/dp/B074DRDHF5/ref=sr_1_180?dib=eyJ2IjoiMSJ9.VZ_xCcQE8zDH63Mt2D9oxXiL1Ex-7QamJADMoaCNNzBBwj2qiBL6UB2J_ZCbfNUCSUsBVi4CzKDzoTrEADqYIw.CAOa4Cg0rVcAQaAgHOMef8f7_HG7hNJLRUrDRmTLIjM&dib_tag=se&m=A31NFQQ4065CWX&marketplaceID=A19VAU5U5O7RUS&qid=1775480113&refinements=p_36%3A17000-17500&s=merchant-items&sr=1-180&xpid=DRA1ti-Wt98Vd#customerReviews,"Copic COPIC"" Sketch Marker 12 Piece Sketch Basic C Set"
B074DRDHF5,,,,
B06ZY872TV,,195.9,https://www.amazon.sg/MOOER-MICRO-PREAMP-005-preamplifier/dp/B06ZY872TV/ref=sr_1_181?dib=eyJ2IjoiMSJ9.VZ_xCcQE8zDH63Mt2D9oxXiL1Ex-7QamJADMoaCNNzBBwj2qiBL6UB2J_ZCbfNUCSUsBVi4CzKDzoTrEADqYIw.CAOa4Cg0rVcAQaAgHOMef8f7_HG7hNJLRUrDRmTLIjM&dib_tag=se&m=A31NFQQ4065CWX&marketplaceID=A19VAU5U5O7RUS&qid=1775480113&refinements=p_36%3A17000-17500&s=merchant-items&sr=1-181&xpid=DRA1ti-Wt98Vd#customerReviews,MOOER / MICRO PREAMP 005 Mua preamplifier
B06ZY872TV,,,,
B06Y274STZ,,170.45,https://www.amazon.sg/Kenko-348529-Aperture-Repellent-Oleophobic/dp/B06Y274STZ/ref=sr_1_177?dib=eyJ2IjoiMSJ9.V6yAN5djk9urkQ3RayvCf1s7pVcHED9g_oXC_ktS7qXs1gqD5-tJglSYt8Tcicqd4G4P_185f5ryv1BOy-pGPsobdSSvelNc0ea26spXSN9WL4U9v-CDb4tbB2SzsD8QDQyelMnQ6vteCSuDhNE6WnVJhK4J9Dc4uRL4_znAgU8.aCtGSrn6bjJTER4i4XS-zjehl4ACvqYJ5dqW1B7Inrk&dib_tag=se&m=A31NFQQ4065CWX&marketplaceID=A19VAU5U5O7RUS&qid=1775480113&refinements=p_36%3A17000-17500&s=merchant-items&sr=1-177&xpid=DRA1ti-Wt98Vd#customerReviews,"Kenko 348529 ND Filter ZX ND8, 2.3 inches (58 mm), 3-Level Dimmer Aperture, Water Repellent, Oleophobic Coating, Floating Frame System"
B06Y274STZ,,,,
B06XH9CPYD,,172.76,https://www.amazon.sg/noboru-TS-631-Rainy-Megaphone-Yellow/dp/B06XH9CPYD/ref=sr_1_178?dib=eyJ2IjoiMSJ9.V6yAN5djk9urkQ3RayvCf1s7pVcHED9g_oXC_ktS7qXs1gqD5-tJglSYt8Tcicqd4G4P_185f5ryv1BOy-pGPsobdSSvelNc0ea26spXSN9WL4U9v-CDb4tbB2SzsD8QDQyelMnQ6vteCSuDhNE6WnVJhK4J9Dc4uRL4_znAgU8.aCtGSrn6bjJTER4i4XS-zjehl4ACvqYJ5dqW1B7Inrk&dib_tag=se&m=A31NFQQ4065CWX&marketplaceID=A19VAU5U5O7RUS&qid=1775480113&refinements=p_36%3A17000-17500&s=merchant-items&sr=1-178&xpid=DRA1ti-Wt98Vd#customerReviews,"noboru TS-631 Rainy Megaphone Tough Plus, 6W, Yellow"
B06XH9CPYD,,,,
B01MZFXAV0,,174.27,https://www.amazon.sg/TRUSCO-SPS2HN-Spatter-Eyelets-inches/dp/B01MZFXAV0/ref=sr_1_179?dib=eyJ2IjoiMSJ9.V6yAN5djk9urkQ3RayvCf1s7pVcHED9g_oXC_ktS7qXs1gqD5-tJglSYt8Tcicqd4G4P_185f5ryv1BOy-pGPsobdSSvelNc0ea26spXSN9WL4U9v-CDb4tbB2SzsD8QDQyelMnQ6vteCSuDhNE6WnVJhK4J9Dc4uRL4_znAgU8.aCtGSrn6bjJTER4i4XS-zjehl4ACvqYJ5dqW1B7Inrk&dib_tag=se&m=A31NFQQ4065CWX&marketplaceID=A19VAU5U5O7RUS&qid=1775480113&refinements=p_36%3A17000-17500&s=merchant-items&sr=1-179&xpid=DRA1ti-Wt98Vd#customerReviews,"TRUSCO SPS2HN Spatter Sheet DX, No Eyelets, No. 2, 36.2 x 76.2 inches (920 x 1920 mm)"
B01MZFXAV0,,,,
B01MSOT6UQ,,192.09,https://www.amazon.sg/Max-Factory-Panzer-Version-Action/dp/B01MSOT6UQ/ref=sr_1_180?dib=eyJ2IjoiMSJ9.V6yAN5djk9urkQ3RayvCf1s7pVcHED9g_oXC_ktS7qXs1gqD5-tJglSYt8Tcicqd4G4P_185f5ryv1BOy-pGPsobdSSvelNc0ea26spXSN9WL4U9v-CDb4tbB2SzsD8QDQyelMnQ6vteCSuDhNE6WnVJhK4J9Dc4uRL4_znAgU8.aCtGSrn6bjJTER4i4XS-zjehl4ACvqYJ5dqW1B7Inrk&dib_tag=se&m=A31NFQQ4065CWX&marketplaceID=A19VAU5U5O7RUS&qid=1775480113&refinements=p_36%3A17000-17500&s=merchant-items&sr=1-180&xpid=DRA1ti-Wt98Vd#customerReviews,Max Factory Girls Und Panzer Maho & Erika (Film Version) Figma Set Action Figure
B01D8CP9I4,,173.11,https://www.amazon.sg/SHIMANO-Shift-Lever-R3000-Triple/dp/B01D8CP9I4/ref=sr_1_181?dib=eyJ2IjoiMSJ9.V6yAN5djk9urkQ3RayvCf1s7pVcHED9g_oXC_ktS7qXs1gqD5-tJglSYt8Tcicqd4G4P_185f5ryv1BOy-pGPsobdSSvelNc0ea26spXSN9WL4U9v-CDb4tbB2SzsD8QDQyelMnQ6vteCSuDhNE6WnVJhK4J9Dc4uRL4_znAgU8.aCtGSrn6bjJTER4i4XS-zjehl4ACvqYJ5dqW1B7Inrk&dib_tag=se&m=A31NFQQ4065CWX&marketplaceID=A19VAU5U5O7RUS&qid=1775480113&refinements=p_36%3A17000-17500&s=merchant-items&sr=1-181&xpid=DRA1ti-Wt98Vd#customerReviews,SHIMANO Shift Lever Sora R3000 Triple Flat bar
B01D8CP9I4,,,,
B01C6TOXIC,,173.31,https://www.amazon.sg/BANDAI-Bandai-Sailor-Moon-Multicoloured/dp/B01C6TOXIC/ref=sr_1_182?dib=eyJ2IjoiMSJ9.V6yAN5djk9urkQ3RayvCf1s7pVcHED9g_oXC_ktS7qXs1gqD5-tJglSYt8Tcicqd4G4P_185f5ryv1BOy-pGPsobdSSvelNc0ea26spXSN9WL4U9v-CDb4tbB2SzsD8QDQyelMnQ6vteCSuDhNE6WnVJhK4J9Dc4uRL4_znAgU8.aCtGSrn6bjJTER4i4XS-zjehl4ACvqYJ5dqW1B7Inrk&dib_tag=se&m=A31NFQQ4065CWX&marketplaceID=A19VAU5U5O7RUS&qid=1775480113&refinements=p_36%3A17000-17500&s=merchant-items&sr=1-182&xpid=DRA1ti-Wt98Vd#customerReviews,"BANDAI Bandai Sailor Moon – Sailor Moon Gift Idea, Accessory, Multicoloured, 3629"
B01BJTHL98,,173.36,https://www.amazon.sg/Work-lightweight-black-length-34mmWORKRSNUT-BK15/dp/B01BJTHL98/ref=sr_1_183?dib=eyJ2IjoiMSJ9.V6yAN5djk9urkQ3RayvCf1s7pVcHED9g_oXC_ktS7qXs1gqD5-tJglSYt8Tcicqd4G4P_185f5ryv1BOy-pGPsobdSSvelNc0ea26spXSN9WL4U9v-CDb4tbB2SzsD8QDQyelMnQ6vteCSuDhNE6WnVJhK4J9Dc4uRL4_znAgU8.aCtGSrn6bjJTER4i4XS-zjehl4ACvqYJ5dqW1B7Inrk&dib_tag=se&m=A31NFQQ4065CWX&marketplaceID=A19VAU5U5O7RUS&qid=1775480113&refinements=p_36%3A17000-17500&s=merchant-items&sr=1-183&xpid=DRA1ti-Wt98Vd#customerReviews,Work lightweight lock nut set RS nut black 21HEX M12 × P1.5 total length 34mmWORKRSNUT-BK15
B01BJTHL98,,,,
B01BJTHL8Y,,173.36,https://www.amazon.sg/WORK-WORKRSNUT-RD15-Lightweight-Length-inches/dp/B01BJTHL8Y/ref=sr_1_184?dib=eyJ2IjoiMSJ9.V6yAN5djk9urkQ3RayvCf1s7pVcHED9g_oXC_ktS7qXs1gqD5-tJglSYt8Tcicqd4G4P_185f5ryv1BOy-pGPsobdSSvelNc0ea26spXSN9WL4U9v-CDb4tbB2SzsD8QDQyelMnQ6vteCSuDhNE6WnVJhK4J9Dc4uRL4_znAgU8.aCtGSrn6bjJTER4i4XS-zjehl4ACvqYJ5dqW1B7Inrk&dib_tag=se&m=A31NFQQ4065CWX&marketplaceID=A19VAU5U5O7RUS&qid=1775480113&refinements=p_36%3A17000-17500&s=merchant-items&sr=1-184&xpid=DRA1ti-Wt98Vd#customerReviews,"WORK WORKRSNUT-RD15 Lightweight Lock Nut Set, RS Nuts, Red, 21HEX, M12 x P1.5, Total Length 1.3 inches (34 mm)"
B01BJTHL8Y,,,,
B017W18VF0,,172.09,https://www.amazon.sg/Bronco-Models-Panzerkampfwagen-Ausf-Model/dp/B017W18VF0/ref=sr_1_185?dib=eyJ2IjoiMSJ9.V6yAN5djk9urkQ3RayvCf1s7pVcHED9g_oXC_ktS7qXs1gqD5-tJglSYt8Tcicqd4G4P_185f5ryv1BOy-pGPsobdSSvelNc0ea26spXSN9WL4U9v-CDb4tbB2SzsD8QDQyelMnQ6vteCSuDhNE6WnVJhK4J9Dc4uRL4_znAgU8.aCtGSrn6bjJTER4i4XS-zjehl4ACvqYJ5dqW1B7Inrk&dib_tag=se&m=A31NFQQ4065CWX&marketplaceID=A19VAU5U5O7RUS&qid=1775480113&refinements=p_36%3A17000-17500&s=merchant-items&sr=1-185&xpid=DRA1ti-Wt98Vd,Bronco Models Panzerkampfwagen III Ausf. A Model Kit (1/35 Scale)
B017W18VF0,,,,
B017NPSIBM,,189.12,https://www.amazon.sg/Red-Rock-Outdoor-Gear-Transporter/dp/B017NPSIBM/ref=sr_1_186?dib=eyJ2IjoiMSJ9.V6yAN5djk9urkQ3RayvCf1s7pVcHED9g_oXC_ktS7qXs1gqD5-tJglSYt8Tcicqd4G4P_185f5ryv1BOy-pGPsobdSSvelNc0ea26spXSN9WL4U9v-CDb4tbB2SzsD8QDQyelMnQ6vteCSuDhNE6WnVJhK4J9Dc4uRL4_znAgU8.aCtGSrn6bjJTER4i4XS-zjehl4ACvqYJ5dqW1B7Inrk&dib_tag=se&m=A31NFQQ4065CWX&marketplaceID=A19VAU5U5O7RUS&qid=1775480113&refinements=p_36%3A17000-17500&s=merchant-items&sr=1-186&xpid=DRA1ti-Wt98Vd#customerReviews,Red Rock Outdoor Gear - Transporter Day Pack
B017NPSIBM,,,,
B00YICU52Y,,186.05,https://www.amazon.sg/Bandai-Hobby-RGM-89S-Stark-CCA-MSV/dp/B00YICU52Y/ref=sr_1_187?dib=eyJ2IjoiMSJ9.V6yAN5djk9urkQ3RayvCf1s7pVcHED9g_oXC_ktS7qXs1gqD5-tJglSYt8Tcicqd4G4P_185f5ryv1BOy-pGPsobdSSvelNc0ea26spXSN9WL4U9v-CDb4tbB2SzsD8QDQyelMnQ6vteCSuDhNE6WnVJhK4J9Dc4uRL4_znAgU8.aCtGSrn6bjJTER4i4XS-zjehl4ACvqYJ5dqW1B7Inrk&dib_tag=se&m=A31NFQQ4065CWX&marketplaceID=A19VAU5U5O7RUS&qid=1775480113&refinements=p_36%3A17000-17500&s=merchant-items&sr=1-187&xpid=DRA1ti-Wt98Vd#customerReviews,Bandai Hobby HGUC 1/144 RGM-89S Stark Jegan (CCA-MSV Ver.)
B00VXVXYNK,,189.52,https://www.amazon.sg/Pny-Graphics-Displayport-Category-Components/dp/B00VXVXYNK/ref=sr_1_193?dib=eyJ2IjoiMSJ9.1nyhRdIsb9V5Zg9p4MObGSZ1o_3FszcwuHtghVtWrOWh3wM3IoCJWumB_UU2d08pS-FfIUoqaRPEODBgLj1aPw.JbYriOG8hbQnsuoqS4TfcKNG9wWCvycpGp1frMOJ85w&dib_tag=se&m=A31NFQQ4065CWX&marketplaceID=A19VAU5U5O7RUS&qid=1775480118&refinements=p_36%3A17000-17500&s=merchant-items&sr=1-193&xpid=DRA1ti-Wt98Vd,"Pny - Nvidia Quadro K620 Graphics Card Quadro K620 2 Gb Ddr3 Pcie 2.0 X16 Low Profile Dvi, Displayport ""Product Category: Computer Components/Video Cards & Adapters"""
B00VXVXYNK,,,,
B00UMJJTI8,,170.17,https://www.amazon.sg/Illustration-Archives-Picture-Painted-Pre-Assembled/dp/B00UMJJTI8/ref=sr_1_194?dib=eyJ2IjoiMSJ9.1nyhRdIsb9V5Zg9p4MObGSZ1o_3FszcwuHtghVtWrOWh3wM3IoCJWumB_UU2d08pS-FfIUoqaRPEODBgLj1aPw.JbYriOG8hbQnsuoqS4TfcKNG9wWCvycpGp1frMOJ85w&dib_tag=se&m=A31NFQQ4065CWX&marketplaceID=A19VAU5U5O7RUS&qid=1775480118&refinements=p_36%3A17000-17500&s=merchant-items&sr=1-194&xpid=DRA1ti-Wt98Vd#customerReviews,"Orchid Seed Push !! Illustration Archives Cover Picture Yu Cover Girl 1/7 Scale Pvc Figure (Painted, Pre-Assembled)"
B00SVKW0HM,,173.05,https://www.amazon.sg/Bandai-Kikaider-Shfiguarts-White-Crow/dp/B00SVKW0HM/ref=sr_1_195?dib=eyJ2IjoiMSJ9.1nyhRdIsb9V5Zg9p4MObGSZ1o_3FszcwuHtghVtWrOWh3wM3IoCJWumB_UU2d08pS-FfIUoqaRPEODBgLj1aPw.JbYriOG8hbQnsuoqS4TfcKNG9wWCvycpGp1frMOJ85w&dib_tag=se&m=A31NFQQ4065CWX&marketplaceID=A19VAU5U5O7RUS&qid=1775480118&refinements=p_36%3A17000-17500&s=merchant-items&sr=1-195&xpid=DRA1ti-Wt98Vd#customerReviews,"Bandai ""Kikaider Shfiguarts White Crow"
B00O1F5JX8,,196.0,https://www.amazon.sg/Max-Factory-Sengoku-Bushouki-Himejijou/dp/B00O1F5JX8/ref=sr_1_196?dib=eyJ2IjoiMSJ9.1nyhRdIsb9V5Zg9p4MObGSZ1o_3FszcwuHtghVtWrOWh3wM3IoCJWumB_UU2d08pS-FfIUoqaRPEODBgLj1aPw.JbYriOG8hbQnsuoqS4TfcKNG9wWCvycpGp1frMOJ85w&dib_tag=se&m=A31NFQQ4065CWX&marketplaceID=A19VAU5U5O7RUS&qid=1775480118&refinements=p_36%3A17000-17500&s=merchant-items&sr=1-196&xpid=DRA1ti-Wt98Vd#customerReviews,Max Factory Sengoku Bushouki: Muramasa Himejijou Pvc Figure
B00KD22SUU,,171.67,https://www.amazon.sg/M-301-Cotton-Thread-Vibraphone-Marimba/dp/B00KD22SUU/ref=sr_1_197?dib=eyJ2IjoiMSJ9.1nyhRdIsb9V5Zg9p4MObGSZ1o_3FszcwuHtghVtWrOWh3wM3IoCJWumB_UU2d08pS-FfIUoqaRPEODBgLj1aPw.JbYriOG8hbQnsuoqS4TfcKNG9wWCvycpGp1frMOJ85w&dib_tag=se&m=A31NFQQ4065CWX&marketplaceID=A19VAU5U5O7RUS&qid=1775480118&refinements=p_36%3A17000-17500&s=merchant-items&sr=1-197&xpid=DRA1ti-Wt98Vd#customerReviews,PLAY WOOD M-301 Cotton Thread Wrap Mallet for Vibraphone Marimba
B00KD22SUU,,,,
B00H491O9G,,182.86,https://www.amazon.sg/Bosch-Professional-GDEMAX-Suction-Adapter/dp/B00H491O9G/ref=sr_1_193?dib=eyJ2IjoiMSJ9.NddoP1RdYR0anQ3mNKc2Ysb98kGfcteQVhJnXcvc6UnsOa106018xH05RrG6OIZs8rdCJw9L4yngsiIxzHMZPGUIai-BZcm1Fb0DwVM6Xw51BR6Qkz-4x0lowqrJNgL8RKwvr5UNA_-mSPGN5vU8YLFCi-lhbhMcpRI5DFzulLA.RI_iCzJmRSoGbPaGn5ba9LnXP1hXbGxSa0qD6z87EsI&dib_tag=se&m=A31NFQQ4065CWX&marketplaceID=A19VAU5U5O7RUS&qid=1775480118&refinements=p_36%3A17000-17500&s=merchant-items&sr=1-193&xpid=DRA1ti-Wt98Vd#customerReviews,Bosch Professional GDEMAX Blast Hammer Dust Suction Adapter
B00H491O9G,,,,
B00GQX5JY2,,172.84,https://www.amazon.sg/%E3%83%8F%E3%82%BB%E3%82%AC%E3%83%AF-4993896900096-Modern-Kagari-kagari/dp/B00GQX5JY2/ref=sr_1_194?dib=eyJ2IjoiMSJ9.NddoP1RdYR0anQ3mNKc2Ysb98kGfcteQVhJnXcvc6UnsOa106018xH05RrG6OIZs8rdCJw9L4yngsiIxzHMZPGUIai-BZcm1Fb0DwVM6Xw51BR6Qkz-4x0lowqrJNgL8RKwvr5UNA_-mSPGN5vU8YLFCi-lhbhMcpRI5DFzulLA.RI_iCzJmRSoGbPaGn5ba9LnXP1hXbGxSa0qD6z87EsI&dib_tag=se&m=A31NFQQ4065CWX&marketplaceID=A19VAU5U5O7RUS&qid=1775480118&refinements=p_36%3A17000-17500&s=merchant-items&sr=1-194&xpid=DRA1ti-Wt98Vd#customerReviews,Modern 神棚 Kagari???kagari???
B00GQX5JY2,,,,
B00CP4SUUQ,,174.69,https://www.amazon.sg/Yamashita-Industrial-Laboratory-RS2300MZ-12/dp/B00CP4SUUQ/ref=sr_1_195?dib=eyJ2IjoiMSJ9.NddoP1RdYR0anQ3mNKc2Ysb98kGfcteQVhJnXcvc6UnsOa106018xH05RrG6OIZs8rdCJw9L4yngsiIxzHMZPGUIai-BZcm1Fb0DwVM6Xw51BR6Qkz-4x0lowqrJNgL8RKwvr5UNA_-mSPGN5vU8YLFCi-lhbhMcpRI5DFzulLA.RI_iCzJmRSoGbPaGn5ba9LnXP1hXbGxSa0qD6z87EsI&dib_tag=se&m=A31NFQQ4065CWX&marketplaceID=A19VAU5U5O7RUS&qid=1775480118&refinements=p_36%3A17000-17500&s=merchant-items&sr=1-195&xpid=DRA1ti-Wt98Vd#customerReviews,"Yamashita Industrial Laboratory Z-EAL RS2300MZ/12 Deep Socket Rail Set, 12 Pieces, 1 Set"
B00CP4SUUQ,,,,
B00BAKCCS2,,170.59,https://www.amazon.sg/Hobby-JAPAN-QueenS-Blade-Excellent/dp/B00BAKCCS2/ref=sr_1_196?dib=eyJ2IjoiMSJ9.NddoP1RdYR0anQ3mNKc2Ysb98kGfcteQVhJnXcvc6UnsOa106018xH05RrG6OIZs8rdCJw9L4yngsiIxzHMZPGUIai-BZcm1Fb0DwVM6Xw51BR6Qkz-4x0lowqrJNgL8RKwvr5UNA_-mSPGN5vU8YLFCi-lhbhMcpRI5DFzulLA.RI_iCzJmRSoGbPaGn5ba9LnXP1hXbGxSa0qD6z87EsI&dib_tag=se&m=A31NFQQ4065CWX&marketplaceID=A19VAU5U5O7RUS&qid=1775480118&refinements=p_36%3A17000-17500&s=merchant-items&sr=1-196&xpid=DRA1ti-Wt98Vd#customerReviews,Hobby JAPAN Queen'S Blade: Alleyne Excellent Model Core 1/8 Scale Figure Figure /W Plastic Sheet
B00APRXWZ8,,170.61,https://www.amazon.sg/Jet-Inoue-510873-Bumper-Standard/dp/B00APRXWZ8/ref=sr_1_197?dib=eyJ2IjoiMSJ9.NddoP1RdYR0anQ3mNKc2Ysb98kGfcteQVhJnXcvc6UnsOa106018xH05RrG6OIZs8rdCJw9L4yngsiIxzHMZPGUIai-BZcm1Fb0DwVM6Xw51BR6Qkz-4x0lowqrJNgL8RKwvr5UNA_-mSPGN5vU8YLFCi-lhbhMcpRI5DFzulLA.RI_iCzJmRSoGbPaGn5ba9LnXP1hXbGxSa0qD6z87EsI&dib_tag=se&m=A31NFQQ4065CWX&marketplaceID=A19VAU5U5O7RUS&qid=1775480118&refinements=p_36%3A17000-17500&s=merchant-items&sr=1-197&xpid=DRA1ti-Wt98Vd#customerReviews,Jet Inoue 510873 Bumper Stay Blue Tech Canter Standard Car
B00APRXWZ8,,,,
B0095D7CAO,,174.26,https://www.amazon.sg/Kuretake-DAY140-29-Fountain-Curetake-Monogatari/dp/B0095D7CAO/ref=sr_1_198?dib=eyJ2IjoiMSJ9.NddoP1RdYR0anQ3mNKc2Ysb98kGfcteQVhJnXcvc6UnsOa106018xH05RrG6OIZs8rdCJw9L4yngsiIxzHMZPGUIai-BZcm1Fb0DwVM6Xw51BR6Qkz-4x0lowqrJNgL8RKwvr5UNA_-mSPGN5vU8YLFCi-lhbhMcpRI5DFzulLA.RI_iCzJmRSoGbPaGn5ba9LnXP1hXbGxSa0qD6z87EsI&dib_tag=se&m=A31NFQQ4065CWX&marketplaceID=A19VAU5U5O7RUS&qid=1775480118&refinements=p_36%3A17000-17500&s=merchant-items&sr=1-198&xpid=DRA1ti-Wt98Vd#customerReviews,"Kuretake DAY140-29 Brush Pen, Fountain Pen, Curetake Fountain Pen, Dream Galaxy, Makie Monogatari Red Fuji"
B0095D7CAO,,,,
B0089ITRIG,,173.86,https://www.amazon.sg/Kamaki-Branch-Cutting-Shears-Aluminum/dp/B0089ITRIG/ref=sr_1_199?dib=eyJ2IjoiMSJ9.NddoP1RdYR0anQ3mNKc2Ysb98kGfcteQVhJnXcvc6UnsOa106018xH05RrG6OIZs8rdCJw9L4yngsiIxzHMZPGUIai-BZcm1Fb0DwVM6Xw51BR6Qkz-4x0lowqrJNgL8RKwvr5UNA_-mSPGN5vU8YLFCi-lhbhMcpRI5DFzulLA.RI_iCzJmRSoGbPaGn5ba9LnXP1hXbGxSa0qD6z87EsI&dib_tag=se&m=A31NFQQ4065CWX&marketplaceID=A19VAU5U5O7RUS&qid=1775480118&refinements=p_36%3A17000-17500&s=merchant-items&sr=1-199&xpid=DRA1ti-Wt98Vd,Kamaki L-82 Extra Thick Branch Cutting Shears with Aluminum Handle
B0089ITRIG,,,,
B0067CX8IQ,,173.46,https://www.amazon.sg/Kusakabe-school-No-41-HTRC-japan/dp/B0067CX8IQ/ref=sr_1_200?dib=eyJ2IjoiMSJ9.NddoP1RdYR0anQ3mNKc2Ysb98kGfcteQVhJnXcvc6UnsOa106018xH05RrG6OIZs8rdCJw9L4yngsiIxzHMZPGUIai-BZcm1Fb0DwVM6Xw51BR6Qkz-4x0lowqrJNgL8RKwvr5UNA_-mSPGN5vU8YLFCi-lhbhMcpRI5DFzulLA.RI_iCzJmRSoGbPaGn5ba9LnXP1hXbGxSa0qD6z87EsI&dib_tag=se&m=A31NFQQ4065CWX&marketplaceID=A19VAU5U5O7RUS&qid=1775480118&refinements=p_36%3A17000-17500&s=merchant-items&sr=1-200&xpid=DRA1ti-Wt98Vd,Kusakabe school set A No.41 [HTRC 3] (japan import)
B0067CX8IQ,,,,
B005O65226,,171.33,https://www.amazon.sg/LEATHERMAN-LT200-Leatherman-Multitool-SIDEKICK/dp/B005O65226/ref=sr_1_201?dib=eyJ2IjoiMSJ9.NddoP1RdYR0anQ3mNKc2Ysb98kGfcteQVhJnXcvc6UnsOa106018xH05RrG6OIZs8rdCJw9L4yngsiIxzHMZPGUIai-BZcm1Fb0DwVM6Xw51BR6Qkz-4x0lowqrJNgL8RKwvr5UNA_-mSPGN5vU8YLFCi-lhbhMcpRI5DFzulLA.RI_iCzJmRSoGbPaGn5ba9LnXP1hXbGxSa0qD6z87EsI&dib_tag=se&m=A31NFQQ4065CWX&marketplaceID=A19VAU5U5O7RUS&qid=1775480118&refinements=p_36%3A17000-17500&s=merchant-items&sr=1-201&xpid=DRA1ti-Wt98Vd,Leatherman Multitool SIDEKICK
B005O65226,,,,
B004KV1AEU,,,,Masahiro LL-180 40117 Commercial Rough Whetstone
B002Z2BO42,,180.12,https://www.amazon.sg/Ice-Armor-Sled-Pulling-Harness/dp/B002Z2BO42/ref=sr_1_203?dib=eyJ2IjoiMSJ9.NddoP1RdYR0anQ3mNKc2Ysb98kGfcteQVhJnXcvc6UnsOa106018xH05RrG6OIZs8rdCJw9L4yngsiIxzHMZPGUIai-BZcm1Fb0DwVM6Xw51BR6Qkz-4x0lowqrJNgL8RKwvr5UNA_-mSPGN5vU8YLFCi-lhbhMcpRI5DFzulLA.RI_iCzJmRSoGbPaGn5ba9LnXP1hXbGxSa0qD6z87EsI&dib_tag=se&m=A31NFQQ4065CWX&marketplaceID=A19VAU5U5O7RUS&qid=1775480118&refinements=p_36%3A17000-17500&s=merchant-items&sr=1-203&xpid=DRA1ti-Wt98Vd#customerReviews,Ice Armor Sled Pulling Harness
B002Z2BO42,,,,
B002YLRLQY,,174.93,https://www.amazon.sg/Kyocera-FKR-180HIP-FP-Treatment-Ceramic-Dishwasher/dp/B002YLRLQY/ref=sr_1_209?dib=eyJ2IjoiMSJ9.lgQYDc4j7-xQl-kd5cRYM8zSpqFgMGN8NC_noPkDV3Qm0JC_ehTGk573XR2j7EHQ00N3JIL008yxmmlza6dFBw.Ij79C9oQXq8PaRm9nScYdLm3LPUVAOOvsaC_IWHJvys&dib_tag=se&m=A31NFQQ4065CWX&marketplaceID=A19VAU5U5O7RUS&qid=1775480123&refinements=p_36%3A17000-17500&s=merchant-items&sr=1-209&xpid=DRA1ti-Wt98Vd#customerReviews,"Kyocera FKR-180HIP-FP Knife, Made in Japan, HIP Treatment, Fine Ceramic Chefs, 7.1 inches (180 mm), Dishwasher Safe, Black"
B002YLRLQY,,,,
B0028VYR7G,,171.44,https://www.amazon.sg/Kyoto-KTC-TBT308T-T-Type-Socket/dp/B0028VYR7G/ref=sr_1_210?dib=eyJ2IjoiMSJ9.lgQYDc4j7-xQl-kd5cRYM8zSpqFgMGN8NC_noPkDV3Qm0JC_ehTGk573XR2j7EHQ00N3JIL008yxmmlza6dFBw.Ij79C9oQXq8PaRm9nScYdLm3LPUVAOOvsaC_IWHJvys&dib_tag=se&m=A31NFQQ4065CWX&marketplaceID=A19VAU5U5O7RUS&qid=1775480123&refinements=p_36%3A17000-17500&s=merchant-items&sr=1-210&xpid=DRA1ti-Wt98Vd#customerReviews,"Kyoto Tool (KTC) TBT308T 3/8"" T-Type Torx Bit Socket Set, Set of 8"
B0028VYR7G,,,,
B0022HA2IY,,171.59,https://www.amazon.sg/Logos-81063940-Barbecue-Tubular-People/dp/B0022HA2IY/ref=sr_1_211?dib=eyJ2IjoiMSJ9.lgQYDc4j7-xQl-kd5cRYM8zSpqFgMGN8NC_noPkDV3Qm0JC_ehTGk573XR2j7EHQ00N3JIL008yxmmlza6dFBw.Ij79C9oQXq8PaRm9nScYdLm3LPUVAOOvsaC_IWHJvys&dib_tag=se&m=A31NFQQ4065CWX&marketplaceID=A19VAU5U5O7RUS&qid=1775480123&refinements=p_36%3A17000-17500&s=merchant-items&sr=1-211&xpid=DRA1ti-Wt98Vd#customerReviews,"Logos 81063940 Barbecue Stove, Eco Cera Table Tubular S, For 2-4 People"
B0022HA2IY,,,,
B001EQDVHS,,180.47,https://www.amazon.sg/KYOTO-KTC-T-Type-Wrench-LTXH11/dp/B001EQDVHS/ref=sr_1_212?dib=eyJ2IjoiMSJ9.lgQYDc4j7-xQl-kd5cRYM8zSpqFgMGN8NC_noPkDV3Qm0JC_ehTGk573XR2j7EHQ00N3JIL008yxmmlza6dFBw.Ij79C9oQXq8PaRm9nScYdLm3LPUVAOOvsaC_IWHJvys&dib_tag=se&m=A31NFQQ4065CWX&marketplaceID=A19VAU5U5O7RUS&qid=1775480123&refinements=p_36%3A17000-17500&s=merchant-items&sr=1-212&xpid=DRA1ti-Wt98Vd#customerReviews,KYOTO TOOL (KTC) T-Type Torx Wrench Set LTXH11
B001EQDVHS,,,,
B001D3GZIO,,170.0,https://www.amazon.sg/RS-54-Single-Spanner-inches-Forged/dp/B001D3GZIO/ref=sr_1_213?dib=eyJ2IjoiMSJ9.lgQYDc4j7-xQl-kd5cRYM8zSpqFgMGN8NC_noPkDV3Qm0JC_ehTGk573XR2j7EHQ00N3JIL008yxmmlza6dFBw.Ij79C9oQXq8PaRm9nScYdLm3LPUVAOOvsaC_IWHJvys&dib_tag=se&m=A31NFQQ4065CWX&marketplaceID=A19VAU5U5O7RUS&qid=1775480123&refinements=p_36%3A17000-17500&s=merchant-items&sr=1-213&xpid=DRA1ti-Wt98Vd,"TOP RS-54 Single Mouth Spanner, Round Shape, 2.1 inches (54 mm), Forged, Made in Japan, Strong Grade"
B001D3GZIO,,,,
B001D3FRTC,,171.67,https://www.amazon.sg/Stahlwille-Open-ended-insert-mount/dp/B001D3FRTC/ref=sr_1_209?dib=eyJ2IjoiMSJ9.CSfdG-GOZJRaMqGOKqjLrdj4Uj5Y0ipgHzsILfnHwUpnEJ1BbpttoIqnw1gHOLyAHWZlrzn9rzZ1D9r16fhUJOzOH-RFRMl3P-JSZjKiGrPWW-7I5LspOMkvAqcm8jmMLmuHi055Wv5R7esXOSfLpHvGY37TzpsTI1V1SSvVe18.1ug6GhJnbIPOUpC2zhq1v_wc0NzaWwXc0e7JrFlwsL0&dib_tag=se&m=A31NFQQ4065CWX&marketplaceID=A19VAU5U5O7RUS&qid=1775480123&refinements=p_36%3A17000-17500&s=merchant-items&sr=1-209&xpid=DRA1ti-Wt98Vd#customerReviews,Stahlwille Open ended insert tool size 17 mm size of mount 9x12 mm
B001D3FRTC,,,,
B0016OFPUO,,172.7,https://www.amazon.sg/Kenko-Binoculars-Caliber-Observation-Watching/dp/B0016OFPUO/ref=sr_1_210?dib=eyJ2IjoiMSJ9.CSfdG-GOZJRaMqGOKqjLrdj4Uj5Y0ipgHzsILfnHwUpnEJ1BbpttoIqnw1gHOLyAHWZlrzn9rzZ1D9r16fhUJOzOH-RFRMl3P-JSZjKiGrPWW-7I5LspOMkvAqcm8jmMLmuHi055Wv5R7esXOSfLpHvGY37TzpsTI1V1SSvVe18.1ug6GhJnbIPOUpC2zhq1v_wc0NzaWwXc0e7JrFlwsL0&dib_tag=se&m=A31NFQQ4065CWX&marketplaceID=A19VAU5U5O7RUS&qid=1775480123&refinements=p_36%3A17000-17500&s=merchant-items&sr=1-210&xpid=DRA1ti-Wt98Vd#customerReviews,Kenko New Mirage 7x50 Polo Prism Binoculars 7x 50 Caliber Starry Sky Observation Bird Watching Binoculars 103168 Black
B0016OFPUO,,,,
B000XTQJ4O,,187.33,https://www.amazon.sg/LIQUITEX-Acrylic-Paint-Matte-Medium/dp/B000XTQJ4O/ref=sr_1_211?dib=eyJ2IjoiMSJ9.CSfdG-GOZJRaMqGOKqjLrdj4Uj5Y0ipgHzsILfnHwUpnEJ1BbpttoIqnw1gHOLyAHWZlrzn9rzZ1D9r16fhUJOzOH-RFRMl3P-JSZjKiGrPWW-7I5LspOMkvAqcm8jmMLmuHi055Wv5R7esXOSfLpHvGY37TzpsTI1V1SSvVe18.1ug6GhJnbIPOUpC2zhq1v_wc0NzaWwXc0e7JrFlwsL0&dib_tag=se&m=A31NFQQ4065CWX&marketplaceID=A19VAU5U5O7RUS&qid=1775480123&refinements=p_36%3A17000-17500&s=merchant-items&sr=1-211&xpid=DRA1ti-Wt98Vd#customerReviews,"LIQUITEX Acrylic Paint, Matte Medium, 65.8 fl oz (2,000 ml)"
B000OVK0UA,,179.43,https://www.amazon.sg/Kato-10-289-Kansai-Line-Light-Green/dp/B000OVK0UA/ref=sr_1_212?dib=eyJ2IjoiMSJ9.CSfdG-GOZJRaMqGOKqjLrdj4Uj5Y0ipgHzsILfnHwUpnEJ1BbpttoIqnw1gHOLyAHWZlrzn9rzZ1D9r16fhUJOzOH-RFRMl3P-JSZjKiGrPWW-7I5LspOMkvAqcm8jmMLmuHi055Wv5R7esXOSfLpHvGY37TzpsTI1V1SSvVe18.1ug6GhJnbIPOUpC2zhq1v_wc0NzaWwXc0e7JrFlwsL0&dib_tag=se&m=A31NFQQ4065CWX&marketplaceID=A19VAU5U5O7RUS&qid=1775480123&refinements=p_36%3A17000-17500&s=merchant-items&sr=1-212&xpid=DRA1ti-Wt98Vd#customerReviews,Kato 10-289 Series 101 Kansai-Line Light Green 6-Car Set
B000OVK0UA,,,,
B000NIRL60,,176.23,https://www.amazon.sg/Paderno-Stainless-Steel-Quart-Rondeau/dp/B000NIRL60/ref=sr_1_213?dib=eyJ2IjoiMSJ9.CSfdG-GOZJRaMqGOKqjLrdj4Uj5Y0ipgHzsILfnHwUpnEJ1BbpttoIqnw1gHOLyAHWZlrzn9rzZ1D9r16fhUJOzOH-RFRMl3P-JSZjKiGrPWW-7I5LspOMkvAqcm8jmMLmuHi055Wv5R7esXOSfLpHvGY37TzpsTI1V1SSvVe18.1ug6GhJnbIPOUpC2zhq1v_wc0NzaWwXc0e7JrFlwsL0&dib_tag=se&m=A31NFQQ4065CWX&marketplaceID=A19VAU5U5O7RUS&qid=1775480123&refinements=p_36%3A17000-17500&s=merchant-items&sr=1-213&xpid=DRA1ti-Wt98Vd#customerReviews,Paderno Stainless Steel 4 Quart Rondeau Pot
B000NIRL60,,,,
B000N2DA8O,,170.6,https://www.amazon.sg/Ferrari-365GTB-Black-Finished-Product/dp/B000N2DA8O/ref=sr_1_214?dib=eyJ2IjoiMSJ9.CSfdG-GOZJRaMqGOKqjLrdj4Uj5Y0ipgHzsILfnHwUpnEJ1BbpttoIqnw1gHOLyAHWZlrzn9rzZ1D9r16fhUJOzOH-RFRMl3P-JSZjKiGrPWW-7I5LspOMkvAqcm8jmMLmuHi055Wv5R7esXOSfLpHvGY37TzpsTI1V1SSvVe18.1ug6GhJnbIPOUpC2zhq1v_wc0NzaWwXc0e7JrFlwsL0&dib_tag=se&m=A31NFQQ4065CWX&marketplaceID=A19VAU5U5O7RUS&qid=1775480123&refinements=p_36%3A17000-17500&s=merchant-items&sr=1-214&xpid=DRA1ti-Wt98Vd#customerReviews,Ferrari 365GTB/4 Black Finished Product
B000N2DA8O,,,,
B000FHV462,,181.85,https://www.amazon.sg/12-imposition-oriental-print-sheet-label/dp/B000FHV462/ref=sr_1_215?dib=eyJ2IjoiMSJ9.CSfdG-GOZJRaMqGOKqjLrdj4Uj5Y0ipgHzsILfnHwUpnEJ1BbpttoIqnw1gHOLyAHWZlrzn9rzZ1D9r16fhUJOzOH-RFRMl3P-JSZjKiGrPWW-7I5LspOMkvAqcm8jmMLmuHi055Wv5R7esXOSfLpHvGY37TzpsTI1V1SSvVe18.1ug6GhJnbIPOUpC2zhq1v_wc0NzaWwXc0e7JrFlwsL0&dib_tag=se&m=A31NFQQ4065CWX&marketplaceID=A19VAU5U5O7RUS&qid=1775480123&refinements=p_36%3A17000-17500&s=merchant-items&sr=1-215&xpid=DRA1ti-Wt98Vd,A4 size 12-imposition oriental print sheet cut label (one case 500 sheet) C12G (japan import)
B000FHV462,,,,
B0003095B2,,170.84,https://www.amazon.sg/BANDAI-Godzilla-2004-Anniversary-Monster/dp/B0003095B2/ref=sr_1_216?dib=eyJ2IjoiMSJ9.CSfdG-GOZJRaMqGOKqjLrdj4Uj5Y0ipgHzsILfnHwUpnEJ1BbpttoIqnw1gHOLyAHWZlrzn9rzZ1D9r16fhUJOzOH-RFRMl3P-JSZjKiGrPWW-7I5LspOMkvAqcm8jmMLmuHi055Wv5R7esXOSfLpHvGY37TzpsTI1V1SSvVe18.1ug6GhJnbIPOUpC2zhq1v_wc0NzaWwXc0e7JrFlwsL0&dib_tag=se&m=A31NFQQ4065CWX&marketplaceID=A19VAU5U5O7RUS&qid=1775480123&refinements=p_36%3A17000-17500&s=merchant-items&sr=1-216&xpid=DRA1ti-Wt98Vd#customerReviews,BANDAI Godzilla 2004 - 50th Anniversary PVC Movie Monster - Minilla
B0CP91DFRL,,171.04,https://www.amazon.sg/Kenko-Accessory-Focusing-Photography-549803/dp/B0CP91DFRL/ref=sr_1_217?dib=eyJ2IjoiMSJ9.CSfdG-GOZJRaMqGOKqjLrdj4Uj5Y0ipgHzsILfnHwUpnEJ1BbpttoIqnw1gHOLyAHWZlrzn9rzZ1D9r16fhUJOzOH-RFRMl3P-JSZjKiGrPWW-7I5LspOMkvAqcm8jmMLmuHi055Wv5R7esXOSfLpHvGY37TzpsTI1V1SSvVe18.1ug6GhJnbIPOUpC2zhq1v_wc0NzaWwXc0e7JrFlwsL0&dib_tag=se&m=A31NFQQ4065CWX&marketplaceID=A19VAU5U5O7RUS&qid=1775480123&refinements=p_36%3A17000-17500&s=merchant-items&sr=1-217&xpid=DRA1ti-Wt98Vd#customerReviews,"Kenko Filter Accessory Night Focus Φ82mm, Star Focusing Tool for Astro Photography, Made in Japan 549803"
B0CP91DFRL,,,,
B0B747NB3V,,170.0,https://www.amazon.sg/VISIONS-CP-1747-Induction-Compatible-Coating/dp/B0B747NB3V/ref=sr_1_218?dib=eyJ2IjoiMSJ9.CSfdG-GOZJRaMqGOKqjLrdj4Uj5Y0ipgHzsILfnHwUpnEJ1BbpttoIqnw1gHOLyAHWZlrzn9rzZ1D9r16fhUJOzOH-RFRMl3P-JSZjKiGrPWW-7I5LspOMkvAqcm8jmMLmuHi055Wv5R7esXOSfLpHvGY37TzpsTI1V1SSvVe18.1ug6GhJnbIPOUpC2zhq1v_wc0NzaWwXc0e7JrFlwsL0&dib_tag=se&m=A31NFQQ4065CWX&marketplaceID=A19VAU5U5O7RUS&qid=1775480123&refinements=p_36%3A17000-17500&s=merchant-items&sr=1-218&xpid=DRA1ti-Wt98Vd#customerReviews,"VISIONS CP-1747 Frying Pan, 10.2 inches (26 cm), Induction Compatible, Black, GOLD Coating"
B0B747NB3V,,,,
B0B39KSXS3,,173.05,https://www.amazon.sg/Wolf-Tooth-Gravel-Chainring-Drop-Stop/dp/B0B39KSXS3/ref=sr_1_219?dib=eyJ2IjoiMSJ9.CSfdG-GOZJRaMqGOKqjLrdj4Uj5Y0ipgHzsILfnHwUpnEJ1BbpttoIqnw1gHOLyAHWZlrzn9rzZ1D9r16fhUJOzOH-RFRMl3P-JSZjKiGrPWW-7I5LspOMkvAqcm8jmMLmuHi055Wv5R7esXOSfLpHvGY37TzpsTI1V1SSvVe18.1ug6GhJnbIPOUpC2zhq1v_wc0NzaWwXc0e7JrFlwsL0&dib_tag=se&m=A31NFQQ4065CWX&marketplaceID=A19VAU5U5O7RUS&qid=1775480123&refinements=p_36%3A17000-17500&s=merchant-items&sr=1-219&xpid=DRA1ti-Wt98Vd#customerReviews,Wolf Tooth 107 BCD Chainring for SRAM
B0B39KSXS3,,,,
B0B31DHLY2,,174.19,https://www.amazon.sg/Genuine-Certate-6000-P-Handle-Number/dp/B0B31DHLY2/ref=sr_1_225?dib=eyJ2IjoiMSJ9.f5t7ncMZloq3F6Wxy_NLplyMrpnbb8T9VSmca1hVhHsv4dMAxBHBOhO8AGC4Pnzv5eHWsH0QGDCIr9MA1_ZPCg.V_b-CzmmgnJd5OKASlWrg_RFJJ9NKUUFmpncs0J5uDM&dib_tag=se&m=A31NFQQ4065CWX&marketplaceID=A19VAU5U5O7RUS&qid=1775480129&refinements=p_36%3A17000-17500&s=merchant-items&sr=1-225&xpid=DRA1ti-Wt98Vd,"Daiwa Genuine Part 21 Certate SW 6000-P Handle Number: 91, Part Code: 1H2B54"
B0B31DHLY2,,,,
B09RF6VW4R,,174.76,https://www.amazon.sg/TPSH50-1P15-Hanging-Maximum-Working-Capacity/dp/B09RF6VW4R/ref=sr_1_226?dib=eyJ2IjoiMSJ9.f5t7ncMZloq3F6Wxy_NLplyMrpnbb8T9VSmca1hVhHsv4dMAxBHBOhO8AGC4Pnzv5eHWsH0QGDCIr9MA1_ZPCg.V_b-CzmmgnJd5OKASlWrg_RFJJ9NKUUFmpncs0J5uDM&dib_tag=se&m=A31NFQQ4065CWX&marketplaceID=A19VAU5U5O7RUS&qid=1775480129&refinements=p_36%3A17000-17500&s=merchant-items&sr=1-226&xpid=DRA1ti-Wt98Vd,"TRUSCO TPSH50-1P15 Single Hanging Belt Sling Set, 2.0 inches (50 mm) x 5.9 ft (1.5 m), Maximum Working Load Capacity: 0.6 oz (2 g)"
B09RF6VW4R,,,,
B09MZ2X2RB,,171.28,https://www.amazon.sg/Fjallraven-78150-Outdoor-Patina-Small-Medium/dp/B09MZ2X2RB/ref=sr_1_227?dib=eyJ2IjoiMSJ9.f5t7ncMZloq3F6Wxy_NLplyMrpnbb8T9VSmca1hVhHsv4dMAxBHBOhO8AGC4Pnzv5eHWsH0QGDCIr9MA1_ZPCg.V_b-CzmmgnJd5OKASlWrg_RFJJ9NKUUFmpncs0J5uDM&dib_tag=se&m=A31NFQQ4065CWX&marketplaceID=A19VAU5U5O7RUS&qid=1775480129&refinements=p_36%3A17000-17500&s=merchant-items&sr=1-227&xpid=DRA1ti-Wt98Vd#customerReviews,[フェールラーベン] アウトドア 帽子 キャップ High Coast Lite Cap 78150
B09MZ2X2RB,,,,
B09J5BHZ24,,171.06,https://www.amazon.sg/MODEROID-Patlabor-Assembly-Plastic-G15460/dp/B09J5BHZ24/ref=sr_1_228?dib=eyJ2IjoiMSJ9.f5t7ncMZloq3F6Wxy_NLplyMrpnbb8T9VSmca1hVhHsv4dMAxBHBOhO8AGC4Pnzv5eHWsH0QGDCIr9MA1_ZPCg.V_b-CzmmgnJd5OKASlWrg_RFJJ9NKUUFmpncs0J5uDM&dib_tag=se&m=A31NFQQ4065CWX&marketplaceID=A19VAU5U5O7RUS&qid=1775480129&refinements=p_36%3A17000-17500&s=merchant-items&sr=1-228&xpid=DRA1ti-Wt98Vd#customerReviews,MODEROID Mobile Police Patlabor HAL X10 1/60 Scale Assembly Plastic Model G15460
B094VTJPSP,,173.34,https://www.amazon.sg/Behringer-SAMPLE-RANDOM-VOLTAGE-MODULE/dp/B094VTJPSP/ref=sr_1_229?dib=eyJ2IjoiMSJ9.f5t7ncMZloq3F6Wxy_NLplyMrpnbb8T9VSmca1hVhHsv4dMAxBHBOhO8AGC4Pnzv5eHWsH0QGDCIr9MA1_ZPCg.V_b-CzmmgnJd5OKASlWrg_RFJJ9NKUUFmpncs0J5uDM&dib_tag=se&m=A31NFQQ4065CWX&marketplaceID=A19VAU5U5O7RUS&qid=1775480129&refinements=p_36%3A17000-17500&s=merchant-items&sr=1-229&xpid=DRA1ti-Wt98Vd#customerReviews,Behringer Analog Synthesizer Modular Euro Rack Module Compatible with Euro Rack Dual Sample&Hold/Random Voltage Module 2500 Series SAMPLE & HOLD/RANDOM VOLTAGE MODULE 1036 Silver
B094VTJPSP,,,,
B07PWGCLZR,,172.64,https://www.amazon.sg/Bosch-X-LOCK-2608615161-Diamond-Diameter/dp/B07PWGCLZR/ref=sr_1_225?dib=eyJ2IjoiMSJ9.LCYeans6k2oG82W9AYqVi5mFm4u5AHCIgYdv7uQLFnA55d5IyD9yBVIUqikqPs8FxY6tg2XnSVLn7zAhEVWe47gHG6yNhhfDPWA6XgAhvn-Xl47fpPhm54wCTy3mx9B6VYQzfvLGvz5HTTL9Kx9f28Fn2z_R8uMReGUvvfj6Wv0.qjLEfo9DUSmHxqoC7E2lqvXiCJEMpnkA3Mi7Kubex_4&dib_tag=se&m=A31NFQQ4065CWX&marketplaceID=A19VAU5U5O7RUS&qid=1775480129&refinements=p_36%3A17000-17500&s=merchant-items&sr=1-225&xpid=DRA1ti-Wt98Vd#customerReviews,Bosch X-LOCK 2608615161 Diamond Wheel Vest 4.9 inches (125 mm) Diameter x 0.09 inches (2.2 mm)
B07PWGCLZR,,,,
B07NF481F1,,178.0,https://www.amazon.sg/Carradice-Manchester-Musette-BK-Black/dp/B07NF481F1/ref=sr_1_226?dib=eyJ2IjoiMSJ9.LCYeans6k2oG82W9AYqVi5mFm4u5AHCIgYdv7uQLFnA55d5IyD9yBVIUqikqPs8FxY6tg2XnSVLn7zAhEVWe47gHG6yNhhfDPWA6XgAhvn-Xl47fpPhm54wCTy3mx9B6VYQzfvLGvz5HTTL9Kx9f28Fn2z_R8uMReGUvvfj6Wv0.qjLEfo9DUSmHxqoC7E2lqvXiCJEMpnkA3Mi7Kubex_4&dib_tag=se&m=A31NFQQ4065CWX&marketplaceID=A19VAU5U5O7RUS&qid=1775480129&refinements=p_36%3A17000-17500&s=merchant-items&sr=1-226&xpid=DRA1ti-Wt98Vd,Carradice Manchester Musette BK Black
B07NF481F1,,,,
B07N6FDMNT,,173.52,https://www.amazon.sg/Hakuba-AC-HC01-LBK-Camera-Aluminum-Specifications/dp/B07N6FDMNT/ref=sr_1_227?dib=eyJ2IjoiMSJ9.LCYeans6k2oG82W9AYqVi5mFm4u5AHCIgYdv7uQLFnA55d5IyD9yBVIUqikqPs8FxY6tg2XnSVLn7zAhEVWe47gHG6yNhhfDPWA6XgAhvn-Xl47fpPhm54wCTy3mx9B6VYQzfvLGvz5HTTL9Kx9f28Fn2z_R8uMReGUvvfj6Wv0.qjLEfo9DUSmHxqoC7E2lqvXiCJEMpnkA3Mi7Kubex_4&dib_tag=se&m=A31NFQQ4065CWX&marketplaceID=A19VAU5U5O7RUS&qid=1775480129&refinements=p_36%3A17000-17500&s=merchant-items&sr=1-227&xpid=DRA1ti-Wt98Vd#customerReviews,Hakuba AC-HC01-LBK Camera Case Hard Case HC-01L 15.2L Aluminum Frame & ABS Resin Panel All Black Specifications
B07N6FDMNT,,,,
B073XT419C,,212.05,https://www.amazon.sg/Shimano-WH-MT500-Front-Inch-49231/dp/B073XT419C/ref=sr_1_228?dib=eyJ2IjoiMSJ9.LCYeans6k2oG82W9AYqVi5mFm4u5AHCIgYdv7uQLFnA55d5IyD9yBVIUqikqPs8FxY6tg2XnSVLn7zAhEVWe47gHG6yNhhfDPWA6XgAhvn-Xl47fpPhm54wCTy3mx9B6VYQzfvLGvz5HTTL9Kx9f28Fn2z_R8uMReGUvvfj6Wv0.qjLEfo9DUSmHxqoC7E2lqvXiCJEMpnkA3Mi7Kubex_4&dib_tag=se&m=A31NFQQ4065CWX&marketplaceID=A19VAU5U5O7RUS&qid=1775480129&refinements=p_36%3A17000-17500&s=merchant-items&sr=1-228&xpid=DRA1ti-Wt98Vd#customerReviews,Shimano WH-MT500 QR 29-Inch Wheel
B073XT419C,,,,
B00B96JOTC,,174.56,https://www.amazon.sg/Suehiro-Whetstone-Sharpening-Sharpener-3030/dp/B00B96JOTC/ref=sr_1_229?dib=eyJ2IjoiMSJ9.LCYeans6k2oG82W9AYqVi5mFm4u5AHCIgYdv7uQLFnA55d5IyD9yBVIUqikqPs8FxY6tg2XnSVLn7zAhEVWe47gHG6yNhhfDPWA6XgAhvn-Xl47fpPhm54wCTy3mx9B6VYQzfvLGvz5HTTL9Kx9f28Fn2z_R8uMReGUvvfj6Wv0.qjLEfo9DUSmHxqoC7E2lqvXiCJEMpnkA3Mi7Kubex_4&dib_tag=se&m=A31NFQQ4065CWX&marketplaceID=A19VAU5U5O7RUS&qid=1775480129&refinements=p_36%3A17000-17500&s=merchant-items&sr=1-229&xpid=DRA1ti-Wt98Vd#customerReviews,Suehiro Whetstone Japanese Extra Large Sharpening Stone Whetstone Grit 1000 Kitchen Knife Sharpener Sharpening for Knives Made in Japan Cerax 3030
B00B96JOTC,,,,
B0012IUS5Q,,173.34,https://www.amazon.sg/ESCHENBACH-1176-10-Magnifier-Magnification-Inspection/dp/B0012IUS5Q/ref=sr_1_230?dib=eyJ2IjoiMSJ9.LCYeans6k2oG82W9AYqVi5mFm4u5AHCIgYdv7uQLFnA55d5IyD9yBVIUqikqPs8FxY6tg2XnSVLn7zAhEVWe47gHG6yNhhfDPWA6XgAhvn-Xl47fpPhm54wCTy3mx9B6VYQzfvLGvz5HTTL9Kx9f28Fn2z_R8uMReGUvvfj6Wv0.qjLEfo9DUSmHxqoC7E2lqvXiCJEMpnkA3Mi7Kubex_4&dib_tag=se&m=A31NFQQ4065CWX&marketplaceID=A19VAU5U5O7RUS&qid=1775480129&refinements=p_36%3A17000-17500&s=merchant-items&sr=1-230&xpid=DRA1ti-Wt98Vd#customerReviews,ESCHENBACH 1176-10 Folding Metal Magnifier 10x Magnification Inspection Loupe
B0012IUS5Q,,,,
B0DGL62YXK,,171.67,https://www.amazon.sg/Montbell-1128702-Folding-Umbrella-blue/dp/B0DGL62YXK/ref=sr_1_231?dib=eyJ2IjoiMSJ9.LCYeans6k2oG82W9AYqVi5mFm4u5AHCIgYdv7uQLFnA55d5IyD9yBVIUqikqPs8FxY6tg2XnSVLn7zAhEVWe47gHG6yNhhfDPWA6XgAhvn-Xl47fpPhm54wCTy3mx9B6VYQzfvLGvz5HTTL9Kx9f28Fn2z_R8uMReGUvvfj6Wv0.qjLEfo9DUSmHxqoC7E2lqvXiCJEMpnkA3Mi7Kubex_4&dib_tag=se&m=A31NFQQ4065CWX&marketplaceID=A19VAU5U5O7RUS&qid=1775480129&refinements=p_36%3A17000-17500&s=merchant-items&sr=1-231&xpid=DRA1ti-Wt98Vd,Montbell 1128702 Folding Umbrella
B0DGL62YXK,,,,
B0BMKDR4CS,,175.73,https://www.amazon.sg/Compatible-G-Shock-DW-6900-Stainless-Gemstone/dp/B0BMKDR4CS/ref=sr_1_232?dib=eyJ2IjoiMSJ9.LCYeans6k2oG82W9AYqVi5mFm4u5AHCIgYdv7uQLFnA55d5IyD9yBVIUqikqPs8FxY6tg2XnSVLn7zAhEVWe47gHG6yNhhfDPWA6XgAhvn-Xl47fpPhm54wCTy3mx9B6VYQzfvLGvz5HTTL9Kx9f28Fn2z_R8uMReGUvvfj6Wv0.qjLEfo9DUSmHxqoC7E2lqvXiCJEMpnkA3Mi7Kubex_4&dib_tag=se&m=A31NFQQ4065CWX&marketplaceID=A19VAU5U5O7RUS&qid=1775480129&refinements=p_36%3A17000-17500&s=merchant-items&sr=1-232&xpid=DRA1ti-Wt98Vd#customerReviews,"MOD Custom Kit Compatible with Casio G-Shock DW 6900 DW-6900 Metal Case Bezel 316 Stainless Steel Band Strap Casio G-Shock Watch Parts, DW-6900 シリーズ, No Gemstone"
B0BMKDR4CS,,,,
B08CDSYJMW,,171.67,https://www.amazon.sg/Teva-Hurricane-Sandal-Sunset-Little/dp/B08CDSYJMW/ref=sr_1_233?dib=eyJ2IjoiMSJ9.LCYeans6k2oG82W9AYqVi5mFm4u5AHCIgYdv7uQLFnA55d5IyD9yBVIUqikqPs8FxY6tg2XnSVLn7zAhEVWe47gHG6yNhhfDPWA6XgAhvn-Xl47fpPhm54wCTy3mx9B6VYQzfvLGvz5HTTL9Kx9f28Fn2z_R8uMReGUvvfj6Wv0.qjLEfo9DUSmHxqoC7E2lqvXiCJEMpnkA3Mi7Kubex_4&dib_tag=se&m=A31NFQQ4065CWX&marketplaceID=A19VAU5U5O7RUS&qid=1775480129&refinements=p_36%3A17000-17500&s=merchant-items&sr=1-233&xpid=DRA1ti-Wt98Vd#customerReviews,Teva Women's Midform Universal Geometric Sandal
B08CDSYJMW,,,,
B08CDSFD5J,,171.67,https://www.amazon.sg/Teva-Unisex-Hurricane-Sodalite-Little/dp/B08CDSFD5J/ref=sr_1_234?dib=eyJ2IjoiMSJ9.LCYeans6k2oG82W9AYqVi5mFm4u5AHCIgYdv7uQLFnA55d5IyD9yBVIUqikqPs8FxY6tg2XnSVLn7zAhEVWe47gHG6yNhhfDPWA6XgAhvn-Xl47fpPhm54wCTy3mx9B6VYQzfvLGvz5HTTL9Kx9f28Fn2z_R8uMReGUvvfj6Wv0.qjLEfo9DUSmHxqoC7E2lqvXiCJEMpnkA3Mi7Kubex_4&dib_tag=se&m=A31NFQQ4065CWX&marketplaceID=A19VAU5U5O7RUS&qid=1775480129&refinements=p_36%3A17000-17500&s=merchant-items&sr=1-234&xpid=DRA1ti-Wt98Vd#customerReviews,Teva unisex-child Hurricane Xlt 2Sport Sandal
B08CDSFD5J,,,,
B06XTGBHDZ,,188.08,https://www.amazon.sg/CASTELBAJAC-Shoulder-033901-Yellow-Unique/dp/B06XTGBHDZ/ref=sr_1_235?dib=eyJ2IjoiMSJ9.LCYeans6k2oG82W9AYqVi5mFm4u5AHCIgYdv7uQLFnA55d5IyD9yBVIUqikqPs8FxY6tg2XnSVLn7zAhEVWe47gHG6yNhhfDPWA6XgAhvn-Xl47fpPhm54wCTy3mx9B6VYQzfvLGvz5HTTL9Kx9f28Fn2z_R8uMReGUvvfj6Wv0.qjLEfo9DUSmHxqoC7E2lqvXiCJEMpnkA3Mi7Kubex_4&dib_tag=se&m=A31NFQQ4065CWX&marketplaceID=A19VAU5U5O7RUS&qid=1775480129&refinements=p_36%3A17000-17500&s=merchant-items&sr=1-235&xpid=DRA1ti-Wt98Vd,"CASTELBAJAC Repos Shoulder bag 033901, Yellow, One Size, Unique"
B06XTGBHDZ,,,,
B01FRXJ43S,,171.76,https://www.amazon.sg/Citizen-CITIZEN-REGUNO-KM1-211-13-Modern/dp/B01FRXJ43S/ref=sr_1_241?dib=eyJ2IjoiMSJ9.q-ddrFzWE-vX1XqAbxMw_JOInJsW6hmtsSXRaLAEEg8.P_fm-xIq0ZESjHvPErPp8wC7ui03bhCYvwJbYDYTbDo&dib_tag=se&m=A31NFQQ4065CWX&marketplaceID=A19VAU5U5O7RUS&qid=1775480134&refinements=p_36%3A17000-17500&s=merchant-items&sr=1-241&xpid=DRA1ti-Wt98Vd#customerReviews,"[Citizen] CITIZEN watch REGUNO ring solar KM1-211-13 Men's, Modern"
B01FRXJ43S,,,,
B0050EVNWU,,172.43,https://www.amazon.sg/Rothco-Rip-Stop-Cargo-Pants-Olive/dp/B0050EVNWU/ref=sr_1_242?dib=eyJ2IjoiMSJ9.q-ddrFzWE-vX1XqAbxMw_JOInJsW6hmtsSXRaLAEEg8.P_fm-xIq0ZESjHvPErPp8wC7ui03bhCYvwJbYDYTbDo&dib_tag=se&m=A31NFQQ4065CWX&marketplaceID=A19VAU5U5O7RUS&qid=1775480134&refinements=p_36%3A17000-17500&s=merchant-items&sr=1-242&xpid=DRA1ti-Wt98Vd#customerReviews,Rothco BDU R/S Short Length Pants
B0050EVNWU,,,,
