ASIN,Brand,Price,URL,Title
B0CL5HJNLM,,219.37,https://www.amazon.sg/Disc-Drive-Digital-Consoles-slim/dp/B0CL5HJNLM/ref=sr_1_1?dib=eyJ2IjoiMSJ9.JqNQvRaSCBLrkJbtnRAnRkOBP3vS_j3ryxyPXG2Soh-h-z-DTcLKQfs2pi_6IFC6E_pv4AvivuuolcxQg1V31mWaY0QAXO-RModlMDLBVmwQa5NNxbiCkrjJkE6eXnk5rkul6tNcZoD4mmQd4Vt0Da8fJ_MjhkiAB98Fwom7EVMU_Z5TFh3a6QjixTT5KWtdwncnAIpL-qaLgkbjJQmM2M4B-GXrI4yvLx6MlUA087M.udBncBYLlT1_bEDjRiXfofY_4N4iF0fx_MsCjtmsuRI&dib_tag=se&m=A1YKPOZG28EHWI&marketplaceID=A19VAU5U5O7RUS&qid=1776420817&refinements=p_36%3A19500-20000&s=merchant-items&sr=1-1#customerReviews,Disc Drive For PS5 Digital Edition Consoles (slim)
B0CL5HJNLM,,,,
B08MZYZQ6N,,196.08,https://www.amazon.sg/Gong-Miss-Kobayashis-Dragon-Tohru/dp/B08MZYZQ6N/ref=sr_1_2?dib=eyJ2IjoiMSJ9.JqNQvRaSCBLrkJbtnRAnRkOBP3vS_j3ryxyPXG2Soh-h-z-DTcLKQfs2pi_6IFC6E_pv4AvivuuolcxQg1V31mWaY0QAXO-RModlMDLBVmwQa5NNxbiCkrjJkE6eXnk5rkul6tNcZoD4mmQd4Vt0Da8fJ_MjhkiAB98Fwom7EVMU_Z5TFh3a6QjixTT5KWtdwncnAIpL-qaLgkbjJQmM2M4B-GXrI4yvLx6MlUA087M.udBncBYLlT1_bEDjRiXfofY_4N4iF0fx_MsCjtmsuRI&dib_tag=se&m=A1YKPOZG28EHWI&marketplaceID=A19VAU5U5O7RUS&qid=1776420817&refinements=p_36%3A19500-20000&s=merchant-items&sr=1-2,Gong - Miss Kobayashi's Dragon Maid - Tohru 1/7 PVC Fig
B0D1BXRXCL,Audio CD,196.31,https://www.amazon.sg/Fragile-Yes/dp/B0D1BXRXCL/ref=sr_1_3?dib=eyJ2IjoiMSJ9.JqNQvRaSCBLrkJbtnRAnRkOBP3vS_j3ryxyPXG2Soh-h-z-DTcLKQfs2pi_6IFC6E_pv4AvivuuolcxQg1V31mWaY0QAXO-RModlMDLBVmwQa5NNxbiCkrjJkE6eXnk5rkul6tNcZoD4mmQd4Vt0Da8fJ_MjhkiAB98Fwom7EVMU_Z5TFh3a6QjixTT5KWtdwncnAIpL-qaLgkbjJQmM2M4B-GXrI4yvLx6MlUA087M.udBncBYLlT1_bEDjRiXfofY_4N4iF0fx_MsCjtmsuRI&dib_tag=se&m=A1YKPOZG28EHWI&marketplaceID=A19VAU5U5O7RUS&qid=1776420817&refinements=p_36%3A19500-20000&s=merchant-items&sr=1-3#customerReviews,Fragile [Import]
B010LX4RWW,Audio CD,198.34,https://www.amazon.sg/%E3%82%B5%E3%83%83%E3%82%AF%E3%82%B9%E3%81%8C%E5%94%84%E3%81%86-%E6%AD%8C%E3%81%AE%E3%81%AA%E3%81%84%E3%83%A0%E3%83%BC%E3%83%89%E6%AD%8C%E8%AC%A1-%E5%B0%BE%E7%94%B0%E6%82%9F/dp/B010LX4RWW/ref=sr_1_4?dib=eyJ2IjoiMSJ9.JqNQvRaSCBLrkJbtnRAnRkOBP3vS_j3ryxyPXG2Soh-h-z-DTcLKQfs2pi_6IFC6E_pv4AvivuuolcxQg1V31mWaY0QAXO-RModlMDLBVmwQa5NNxbiCkrjJkE6eXnk5rkul6tNcZoD4mmQd4Vt0Da8fJ_MjhkiAB98Fwom7EVMU_Z5TFh3a6QjixTT5KWtdwncnAIpL-qaLgkbjJQmM2M4B-GXrI4yvLx6MlUA087M.udBncBYLlT1_bEDjRiXfofY_4N4iF0fx_MsCjtmsuRI&dib_tag=se&m=A1YKPOZG28EHWI&marketplaceID=A19VAU5U5O7RUS&qid=1776420817&refinements=p_36%3A19500-20000&s=merchant-items&sr=1-4,サックスが唄う 歌のないムード歌謡
B001UDYRUA,,201.78,https://www.amazon.sg/Max-numbering-NR-807-japan-import/dp/B001UDYRUA/ref=sr_1_5?dib=eyJ2IjoiMSJ9.JqNQvRaSCBLrkJbtnRAnRkOBP3vS_j3ryxyPXG2Soh-h-z-DTcLKQfs2pi_6IFC6E_pv4AvivuuolcxQg1V31mWaY0QAXO-RModlMDLBVmwQa5NNxbiCkrjJkE6eXnk5rkul6tNcZoD4mmQd4Vt0Da8fJ_MjhkiAB98Fwom7EVMU_Z5TFh3a6QjixTT5KWtdwncnAIpL-qaLgkbjJQmM2M4B-GXrI4yvLx6MlUA087M.udBncBYLlT1_bEDjRiXfofY_4N4iF0fx_MsCjtmsuRI&dib_tag=se&m=A1YKPOZG28EHWI&marketplaceID=A19VAU5U5O7RUS&qid=1776420817&refinements=p_36%3A19500-20000&s=merchant-items&sr=1-5,Max numbering NR-807 (japan import)
B001UDYRUA,,,,
B08JDX79HY,Vinyl,197.35,https://www.amazon.sg/End-Live-Los-Angeles-2LP/dp/B08JDX79HY/ref=sr_1_6?dib=eyJ2IjoiMSJ9.JqNQvRaSCBLrkJbtnRAnRkOBP3vS_j3ryxyPXG2Soh-h-z-DTcLKQfs2pi_6IFC6E_pv4AvivuuolcxQg1V31mWaY0QAXO-RModlMDLBVmwQa5NNxbiCkrjJkE6eXnk5rkul6tNcZoD4mmQd4Vt0Da8fJ_MjhkiAB98Fwom7EVMU_Z5TFh3a6QjixTT5KWtdwncnAIpL-qaLgkbjJQmM2M4B-GXrI4yvLx6MlUA087M.udBncBYLlT1_bEDjRiXfofY_4N4iF0fx_MsCjtmsuRI&dib_tag=se&m=A1YKPOZG28EHWI&marketplaceID=A19VAU5U5O7RUS&qid=1776420817&refinements=p_36%3A19500-20000&s=merchant-items&sr=1-6#customerReviews,The End: Live In Los Angeles (2LP+DVD)
B075Q8VCN4,PlayStation 4,196.46,https://www.amazon.sg/Hori-Licensed-Wired-Controller-Light/dp/B075Q8VCN4/ref=sr_1_7?dib=eyJ2IjoiMSJ9.JqNQvRaSCBLrkJbtnRAnRkOBP3vS_j3ryxyPXG2Soh-h-z-DTcLKQfs2pi_6IFC6E_pv4AvivuuolcxQg1V31mWaY0QAXO-RModlMDLBVmwQa5NNxbiCkrjJkE6eXnk5rkul6tNcZoD4mmQd4Vt0Da8fJ_MjhkiAB98Fwom7EVMU_Z5TFh3a6QjixTT5KWtdwncnAIpL-qaLgkbjJQmM2M4B-GXrI4yvLx6MlUA087M.udBncBYLlT1_bEDjRiXfofY_4N4iF0fx_MsCjtmsuRI&dib_tag=se&m=A1YKPOZG28EHWI&marketplaceID=A19VAU5U5O7RUS&qid=1776420817&refinements=p_36%3A19500-20000&s=merchant-items&sr=1-7#customerReviews,Hori SONY Licensed Wired Controller Light Small Red for PS4
B075Q8VCN4,,,,
B074H7ZM24,Vinyl,195.9,https://www.amazon.sg/Gnosis-2-LP-David-Virelles/dp/B074H7ZM24/ref=sr_1_8?dib=eyJ2IjoiMSJ9.JqNQvRaSCBLrkJbtnRAnRkOBP3vS_j3ryxyPXG2Soh-h-z-DTcLKQfs2pi_6IFC6E_pv4AvivuuolcxQg1V31mWaY0QAXO-RModlMDLBVmwQa5NNxbiCkrjJkE6eXnk5rkul6tNcZoD4mmQd4Vt0Da8fJ_MjhkiAB98Fwom7EVMU_Z5TFh3a6QjixTT5KWtdwncnAIpL-qaLgkbjJQmM2M4B-GXrI4yvLx6MlUA087M.udBncBYLlT1_bEDjRiXfofY_4N4iF0fx_MsCjtmsuRI&dib_tag=se&m=A1YKPOZG28EHWI&marketplaceID=A19VAU5U5O7RUS&qid=1776420817&refinements=p_36%3A19500-20000&s=merchant-items&sr=1-8#customerReviews,Gnosis [2 LP]
B09SVNX2BK,Video Game,198.4,https://www.amazon.sg/25th%E3%82%A2%E3%83%8B%E3%83%90%E3%83%BC%E3%82%B5%E3%83%AA%E3%83%BC%E3%82%A8%E3%83%87%E3%82%A3%E3%82%B7%E3%83%A7%E3%83%B3%E3%80%90%E6%97%A9%E6%9C%9F%E8%B3%BC%E5%85%A5%E7%89%B9%E5%85%B8%E3%80%91%E3%80%8E%E3%83%9A%E3%83%AB%E3%82%BD%E3%83%8A5%E3%80%8F%E8%A1%A3%E8%A3%85-%E3%80%90%E5%90%8C%E6%A2%B1%E7%89%A9%E3%80%91%E3%82%BD%E3%82%A6%E3%83%AB%E3%83%8F%E3%83%83%E3%82%AB%E3%83%BC%E3%82%BA-25th%E3%82%A2%E3%83%8B%E3%83%90%E3%83%BC%E3%82%B5%E3%83%AA%E3%83%BC%E3%83%9F%E3%83%A5%E3%83%BC%E3%82%B8%E3%83%83%E3%82%AF%E3%82%A2%E3%83%AB%E3%83%90%E3%83%A0-25th%E3%82%A2%E3%83%8B%E3%83%90%E3%83%BC%E3%82%B5%E3%83%AA%E3%83%BC%E3%83%96%E3%83%83%E3%82%AF-%E3%82%B9%E3%83%9A%E3%82%B7%E3%83%A3%E3%83%AB%E8%A1%A3%E8%A3%85DLC%E3%80%8C%E3%83%A1%E3%82%A2%E3%83%AA%E9%A2%A8%E3%83%A1%E3%82%A4%E3%83%89%E6%9C%8D%E3%80%8D/dp/B09SVNX2BK/ref=sr_1_9?dib=eyJ2IjoiMSJ9.JqNQvRaSCBLrkJbtnRAnRkOBP3vS_j3ryxyPXG2Soh-h-z-DTcLKQfs2pi_6IFC6E_pv4AvivuuolcxQg1V31mWaY0QAXO-RModlMDLBVmwQa5NNxbiCkrjJkE6eXnk5rkul6tNcZoD4mmQd4Vt0Da8fJ_MjhkiAB98Fwom7EVMU_Z5TFh3a6QjixTT5KWtdwncnAIpL-qaLgkbjJQmM2M4B-GXrI4yvLx6MlUA087M.udBncBYLlT1_bEDjRiXfofY_4N4iF0fx_MsCjtmsuRI&dib_tag=se&m=A1YKPOZG28EHWI&marketplaceID=A19VAU5U5O7RUS&qid=1776420817&refinements=p_36%3A19500-20000&s=merchant-items&sr=1-9#customerReviews,ソウルハッカーズ2 25thアニバーサリーエディション【早期購入特典】『ペルソナ5』衣装&BGMセット2 同梱 【同梱物】ソウルハッカーズ 25thアニバーサリーミュージックアルバム(CD3枚組全30曲) & ソウルハッカーズ 25thアニバーサリーブック & 「Aiホーくん」フィギュア & スペシャル衣装DLC「メアリ風メイド服」 & 「Aiホーくん」DLC - PS4
B09SVNX2BK,,,,
B096TN8QP1,Vinyl,199.48,https://www.amazon.sg/Anthology-Albert-Hommes-Sauvages-Pepermans/dp/B096TN8QP1/ref=sr_1_10?dib=eyJ2IjoiMSJ9.JqNQvRaSCBLrkJbtnRAnRkOBP3vS_j3ryxyPXG2Soh-h-z-DTcLKQfs2pi_6IFC6E_pv4AvivuuolcxQg1V31mWaY0QAXO-RModlMDLBVmwQa5NNxbiCkrjJkE6eXnk5rkul6tNcZoD4mmQd4Vt0Da8fJ_MjhkiAB98Fwom7EVMU_Z5TFh3a6QjixTT5KWtdwncnAIpL-qaLgkbjJQmM2M4B-GXrI4yvLx6MlUA087M.udBncBYLlT1_bEDjRiXfofY_4N4iF0fx_MsCjtmsuRI&dib_tag=se&m=A1YKPOZG28EHWI&marketplaceID=A19VAU5U5O7RUS&qid=1776420817&refinements=p_36%3A19500-20000&s=merchant-items&sr=1-10#customerReviews,Anthology
B00H72QR2Y,Comic,199.02,https://www.amazon.sg/Goodnight-Punpun-Shogakukan-Sunday-Japanese/dp/B00H72QR2Y/ref=sr_1_11?dib=eyJ2IjoiMSJ9.JqNQvRaSCBLrkJbtnRAnRkOBP3vS_j3ryxyPXG2Soh-h-z-DTcLKQfs2pi_6IFC6E_pv4AvivuuolcxQg1V31mWaY0QAXO-RModlMDLBVmwQa5NNxbiCkrjJkE6eXnk5rkul6tNcZoD4mmQd4Vt0Da8fJ_MjhkiAB98Fwom7EVMU_Z5TFh3a6QjixTT5KWtdwncnAIpL-qaLgkbjJQmM2M4B-GXrI4yvLx6MlUA087M.udBncBYLlT1_bEDjRiXfofY_4N4iF0fx_MsCjtmsuRI&dib_tag=se&m=A1YKPOZG28EHWI&marketplaceID=A19VAU5U5O7RUS&qid=1776420817&refinements=p_36%3A19500-20000&s=merchant-items&sr=1-11#customerReviews,All 13 volume set Goodnight Punpun(Shogakukan Young Sunday Comics)[Japanese Import] (Japanese)
B00H72QR2Y,,,,
B003U2S5RU,Paperback Bunko,197.02,https://www.amazon.sg/%E7%AB%9C%E9%A6%AC%E3%81%8C%E3%82%86%E3%81%8F-%E6%96%B0%E8%A3%85%E7%89%88-%E5%AE%8C%E7%B5%90%E3%82%BB%E3%83%83%E3%83%88-%E6%96%87%E6%98%A5%E6%96%87%E5%BA%AB-1x99786set20180131/dp/B003U2S5RU/ref=sr_1_12?dib=eyJ2IjoiMSJ9.JqNQvRaSCBLrkJbtnRAnRkOBP3vS_j3ryxyPXG2Soh-h-z-DTcLKQfs2pi_6IFC6E_pv4AvivuuolcxQg1V31mWaY0QAXO-RModlMDLBVmwQa5NNxbiCkrjJkE6eXnk5rkul6tNcZoD4mmQd4Vt0Da8fJ_MjhkiAB98Fwom7EVMU_Z5TFh3a6QjixTT5KWtdwncnAIpL-qaLgkbjJQmM2M4B-GXrI4yvLx6MlUA087M.udBncBYLlT1_bEDjRiXfofY_4N4iF0fx_MsCjtmsuRI&dib_tag=se&m=A1YKPOZG28EHWI&marketplaceID=A19VAU5U5O7RUS&qid=1776420817&refinements=p_36%3A19500-20000&s=merchant-items&sr=1-12#customerReviews,竜馬がゆく (新装版) 文庫 全8巻 完結セット (文春文庫): 1x99786set20180131
B003U2S5RU,,,,
B002DELM76,Comic,198.78,https://www.amazon.sg/All-Hakusho-Jump-Comics-ISBN/dp/B002DELM76/ref=sr_1_13?dib=eyJ2IjoiMSJ9.JqNQvRaSCBLrkJbtnRAnRkOBP3vS_j3ryxyPXG2Soh-h-z-DTcLKQfs2pi_6IFC6E_pv4AvivuuolcxQg1V31mWaY0QAXO-RModlMDLBVmwQa5NNxbiCkrjJkE6eXnk5rkul6tNcZoD4mmQd4Vt0Da8fJ_MjhkiAB98Fwom7EVMU_Z5TFh3a6QjixTT5KWtdwncnAIpL-qaLgkbjJQmM2M4B-GXrI4yvLx6MlUA087M.udBncBYLlT1_bEDjRiXfofY_4N4iF0fx_MsCjtmsuRI&dib_tag=se&m=A1YKPOZG28EHWI&marketplaceID=A19VAU5U5O7RUS&qid=1776420817&refinements=p_36%3A19500-20000&s=merchant-items&sr=1-13#customerReviews,All 19 volume set Yu Yu Hakusho (Jump Comics) ISBN: 4088519051 [Japanese Import]
B002DELM76,,,,
9811904995,Paperback,198.63,https://www.amazon.sg/Handbook-Intravenous-Fluids-Supradip-Ghosh/dp/9811904995/ref=sr_1_14?dib=eyJ2IjoiMSJ9.JqNQvRaSCBLrkJbtnRAnRkOBP3vS_j3ryxyPXG2Soh-h-z-DTcLKQfs2pi_6IFC6E_pv4AvivuuolcxQg1V31mWaY0QAXO-RModlMDLBVmwQa5NNxbiCkrjJkE6eXnk5rkul6tNcZoD4mmQd4Vt0Da8fJ_MjhkiAB98Fwom7EVMU_Z5TFh3a6QjixTT5KWtdwncnAIpL-qaLgkbjJQmM2M4B-GXrI4yvLx6MlUA087M.udBncBYLlT1_bEDjRiXfofY_4N4iF0fx_MsCjtmsuRI&dib_tag=se&m=A1YKPOZG28EHWI&marketplaceID=A19VAU5U5O7RUS&qid=1776420817&refinements=p_36%3A19500-20000&s=merchant-items&sr=1-14#customerReviews,Handbook of Intravenous Fluids
9811904995,,,,
6207252918,Paperback,200.07,https://www.amazon.sg/Impulskaufverhalten-Verbraucher-Bekleidung-Gopal-Thapa/dp/6207252918/ref=sr_1_15?dib=eyJ2IjoiMSJ9.JqNQvRaSCBLrkJbtnRAnRkOBP3vS_j3ryxyPXG2Soh-h-z-DTcLKQfs2pi_6IFC6E_pv4AvivuuolcxQg1V31mWaY0QAXO-RModlMDLBVmwQa5NNxbiCkrjJkE6eXnk5rkul6tNcZoD4mmQd4Vt0Da8fJ_MjhkiAB98Fwom7EVMU_Z5TFh3a6QjixTT5KWtdwncnAIpL-qaLgkbjJQmM2M4B-GXrI4yvLx6MlUA087M.udBncBYLlT1_bEDjRiXfofY_4N4iF0fx_MsCjtmsuRI&dib_tag=se&m=A1YKPOZG28EHWI&marketplaceID=A19VAU5U5O7RUS&qid=1776420817&refinements=p_36%3A19500-20000&s=merchant-items&sr=1-15,Impulskaufverhalten Der Verbraucher Bei Bekleidung
6207252918,,,,
4915689247,Tankobon Hardcover,197.51,https://www.amazon.sg/%E5%AE%B6%E6%97%8F%E6%B3%95%E6%9C%AA%E7%99%BA%E8%A1%A8%E5%88%A4%E6%B1%BA%E6%8B%BE%E9%81%BA_%E6%98%8E%E6%B2%BB31%E5%B9%B4%E3%81%AA%E3%81%84%E3%81%97%E6%98%8E%E6%B2%BB38%E5%B9%B4-%E5%AE%B6%E6%97%8F%E6%B3%95%E3%83%BB%E5%AE%B6%E6%97%8F%E5%8F%B2%E7%A0%94%E7%A9%B6-%E4%BD%90%E8%97%A4-%E8%89%AF%E9%9B%84/dp/4915689247/ref=sr_1_16?dib=eyJ2IjoiMSJ9.JqNQvRaSCBLrkJbtnRAnRkOBP3vS_j3ryxyPXG2Soh-h-z-DTcLKQfs2pi_6IFC6E_pv4AvivuuolcxQg1V31mWaY0QAXO-RModlMDLBVmwQa5NNxbiCkrjJkE6eXnk5rkul6tNcZoD4mmQd4Vt0Da8fJ_MjhkiAB98Fwom7EVMU_Z5TFh3a6QjixTT5KWtdwncnAIpL-qaLgkbjJQmM2M4B-GXrI4yvLx6MlUA087M.udBncBYLlT1_bEDjRiXfofY_4N4iF0fx_MsCjtmsuRI&dib_tag=se&m=A1YKPOZG28EHWI&marketplaceID=A19VAU5U5O7RUS&qid=1776420817&refinements=p_36%3A19500-20000&s=merchant-items&sr=1-16,家族法未発表判決拾遺―明治31年ないし明治38年 (家族法・家族史研究)
4915689247,,,,
4902613387,JP Oversized,198.41,https://www.amazon.sg/%E6%B6%88%E8%B2%BB%E7%A4%BE%E4%BC%9A%E7%99%BD%E6%9B%B8%E3%80%882014%E3%80%89%E6%96%B0%E3%81%97%E3%81%84%E6%B6%88%E8%B2%BB%E3%81%B8%E3%81%AE%E9%9B%A2%E9%99%B8-%E6%9D%BE%E7%94%B0%E4%B9%85%E4%B8%80/dp/4902613387/ref=sr_1_17?dib=eyJ2IjoiMSJ9.wBvNbjaamne0LTdhPPaU6aMbMJiUCn2MzHxh_sYLaTf2nMaILktXnRmLrHDBkBga6oeeARZ-ZC4l_IhZ0j87A4q_RXb-8MlgXP-5-bQhswoC04NvNGAZK9RkYA8OTzpZ7tyDcFDhHv2fPuQLHP3NTxbGfr0V1PUgeInkbaT-Q0baIdQBdPH0cLL9t-AWnglBoGRByX70zEmkBGx5xr70hbAZn7s9ZOOGFILG_wY0e4Y.ib3TuFUx95MX4pec4rle00RYZhQI6MRxVA5hYfOSBIQ&dib_tag=se&m=A1YKPOZG28EHWI&marketplaceID=A19VAU5U5O7RUS&qid=1776420824&refinements=p_36%3A19500-20000&s=merchant-items&sr=1-17&xpid=5xt-p85bextIq,消費社会白書〈2014〉新しい消費への離陸
4902613387,,,,
4890134883,Tankobon Hardcover,196.62,https://www.amazon.sg/%E3%82%AF%E3%83%A9%E3%83%BC%E3%82%AF%E3%82%BD%E3%83%B3-%E7%AD%8B%E3%83%BB%E9%AA%A8%E6%A0%BC%E7%B3%BB%E8%A9%95%E4%BE%A1%E6%B3%95%E3%83%8F%E3%83%B3%E3%83%89%E3%83%96%E3%83%83%E3%82%AF_%E9%96%A2%E7%AF%80%E9%81%8B%E5%8B%95%E3%81%A8%E7%AD%8B%E6%A9%9F%E8%83%BD%E3%83%86%E3%82%B9%E3%83%88-H-M/dp/4890134883/ref=sr_1_18?dib=eyJ2IjoiMSJ9.wBvNbjaamne0LTdhPPaU6aMbMJiUCn2MzHxh_sYLaTf2nMaILktXnRmLrHDBkBga6oeeARZ-ZC4l_IhZ0j87A4q_RXb-8MlgXP-5-bQhswoC04NvNGAZK9RkYA8OTzpZ7tyDcFDhHv2fPuQLHP3NTxbGfr0V1PUgeInkbaT-Q0baIdQBdPH0cLL9t-AWnglBoGRByX70zEmkBGx5xr70hbAZn7s9ZOOGFILG_wY0e4Y.ib3TuFUx95MX4pec4rle00RYZhQI6MRxVA5hYfOSBIQ&dib_tag=se&m=A1YKPOZG28EHWI&marketplaceID=A19VAU5U5O7RUS&qid=1776420824&refinements=p_36%3A19500-20000&s=merchant-items&sr=1-18&xpid=5xt-p85bextIq,クラークソン 筋・骨格系評価法ハンドブック―関節運動と筋機能テスト
4890134883,,,,
4886218466,Tankobon Hardcover,195.4,https://www.amazon.sg/%E5%B1%B1%E5%B2%B3%E4%BF%A1%E4%BB%B0%E3%81%A8%E8%80%83%E5%8F%A4%E5%AD%A6III-3/dp/4886218466/ref=sr_1_19?dib=eyJ2IjoiMSJ9.wBvNbjaamne0LTdhPPaU6aMbMJiUCn2MzHxh_sYLaTf2nMaILktXnRmLrHDBkBga6oeeARZ-ZC4l_IhZ0j87A4q_RXb-8MlgXP-5-bQhswoC04NvNGAZK9RkYA8OTzpZ7tyDcFDhHv2fPuQLHP3NTxbGfr0V1PUgeInkbaT-Q0baIdQBdPH0cLL9t-AWnglBoGRByX70zEmkBGx5xr70hbAZn7s9ZOOGFILG_wY0e4Y.ib3TuFUx95MX4pec4rle00RYZhQI6MRxVA5hYfOSBIQ&dib_tag=se&m=A1YKPOZG28EHWI&marketplaceID=A19VAU5U5O7RUS&qid=1776420824&refinements=p_36%3A19500-20000&s=merchant-items&sr=1-19&xpid=5xt-p85bextIq,山岳信仰と考古学III: 3
4886218466,,,,
4883789292,Tankobon Hardcover,197.32,https://www.amazon.sg/%E3%82%A4%E3%83%A9%E3%82%B9%E3%83%88%E3%81%A7%E3%82%A4%E3%83%A1%E3%83%BC%E3%82%B8%E3%81%99%E3%82%8B-%E5%B0%8F%E5%85%90%E3%81%AE%E5%BF%83%E3%82%A8%E3%82%B3%E3%83%BC-%E7%AC%AC2%E7%89%88-%E9%8E%8C%E7%94%B0-%E6%94%BF%E5%8D%9A/dp/4883789292/ref=sr_1_20?dib=eyJ2IjoiMSJ9.wBvNbjaamne0LTdhPPaU6aMbMJiUCn2MzHxh_sYLaTf2nMaILktXnRmLrHDBkBga6oeeARZ-ZC4l_IhZ0j87A4q_RXb-8MlgXP-5-bQhswoC04NvNGAZK9RkYA8OTzpZ7tyDcFDhHv2fPuQLHP3NTxbGfr0V1PUgeInkbaT-Q0baIdQBdPH0cLL9t-AWnglBoGRByX70zEmkBGx5xr70hbAZn7s9ZOOGFILG_wY0e4Y.ib3TuFUx95MX4pec4rle00RYZhQI6MRxVA5hYfOSBIQ&dib_tag=se&m=A1YKPOZG28EHWI&marketplaceID=A19VAU5U5O7RUS&qid=1776420824&refinements=p_36%3A19500-20000&s=merchant-items&sr=1-20&xpid=5xt-p85bextIq#customerReviews,イラストでイメージする 小児の心エコー 第2版 (第2版)
4883789292,,,,
4883591026,Tankobon Hardcover,198.93,https://www.amazon.sg/%E8%8B%B1%E8%AA%9E%E5%8F%B2%E6%A6%82%E8%AA%AC-%E7%AC%AC1%E5%B7%BB-%E3%83%A4%E3%83%84%E3%82%A7%E3%82%AF-%E3%83%95%E3%82%A3%E3%82%B7%E3%83%A3%E3%82%AF/dp/4883591026/ref=sr_1_21?dib=eyJ2IjoiMSJ9.wBvNbjaamne0LTdhPPaU6aMbMJiUCn2MzHxh_sYLaTf2nMaILktXnRmLrHDBkBga6oeeARZ-ZC4l_IhZ0j87A4q_RXb-8MlgXP-5-bQhswoC04NvNGAZK9RkYA8OTzpZ7tyDcFDhHv2fPuQLHP3NTxbGfr0V1PUgeInkbaT-Q0baIdQBdPH0cLL9t-AWnglBoGRByX70zEmkBGx5xr70hbAZn7s9ZOOGFILG_wY0e4Y.ib3TuFUx95MX4pec4rle00RYZhQI6MRxVA5hYfOSBIQ&dib_tag=se&m=A1YKPOZG28EHWI&marketplaceID=A19VAU5U5O7RUS&qid=1776420824&refinements=p_36%3A19500-20000&s=merchant-items&sr=1-21&xpid=5xt-p85bextIq,英語史概説 (第1巻)
4883591026,,,,
4881370375,Tankobon Softcover,196.09,https://www.amazon.sg/%E7%A8%B2%E3%81%AE%E7%97%85%E5%AE%B3_%E8%A8%BA%E6%96%AD%E3%83%BB%E7%94%9F%E6%85%8B%E3%83%BB%E9%98%B2%E9%99%A4/dp/4881370375/ref=sr_1_22?dib=eyJ2IjoiMSJ9.wBvNbjaamne0LTdhPPaU6aMbMJiUCn2MzHxh_sYLaTf2nMaILktXnRmLrHDBkBga6oeeARZ-ZC4l_IhZ0j87A4q_RXb-8MlgXP-5-bQhswoC04NvNGAZK9RkYA8OTzpZ7tyDcFDhHv2fPuQLHP3NTxbGfr0V1PUgeInkbaT-Q0baIdQBdPH0cLL9t-AWnglBoGRByX70zEmkBGx5xr70hbAZn7s9ZOOGFILG_wY0e4Y.ib3TuFUx95MX4pec4rle00RYZhQI6MRxVA5hYfOSBIQ&dib_tag=se&m=A1YKPOZG28EHWI&marketplaceID=A19VAU5U5O7RUS&qid=1776420824&refinements=p_36%3A19500-20000&s=merchant-items&sr=1-22&xpid=5xt-p85bextIq,稲の病害―診断・生態・防除
4881370375,,,,
4880026786,Tankobon Hardcover,198.22,https://www.amazon.sg/%E5%A4%9A%E7%99%BA%E6%80%A7%E7%A1%AC%E5%8C%96%E7%97%87%E3%81%AE%E8%A8%BA%E6%96%AD%E3%81%A8%E6%B2%BB%E7%99%82/dp/4880026786/ref=sr_1_23?dib=eyJ2IjoiMSJ9.wBvNbjaamne0LTdhPPaU6aMbMJiUCn2MzHxh_sYLaTf2nMaILktXnRmLrHDBkBga6oeeARZ-ZC4l_IhZ0j87A4q_RXb-8MlgXP-5-bQhswoC04NvNGAZK9RkYA8OTzpZ7tyDcFDhHv2fPuQLHP3NTxbGfr0V1PUgeInkbaT-Q0baIdQBdPH0cLL9t-AWnglBoGRByX70zEmkBGx5xr70hbAZn7s9ZOOGFILG_wY0e4Y.ib3TuFUx95MX4pec4rle00RYZhQI6MRxVA5hYfOSBIQ&dib_tag=se&m=A1YKPOZG28EHWI&marketplaceID=A19VAU5U5O7RUS&qid=1776420824&refinements=p_36%3A19500-20000&s=merchant-items&sr=1-23&xpid=5xt-p85bextIq#customerReviews,多発性硬化症の診断と治療
4880026786,,,,
4876986770,Tankobon Hardcover,196.89,https://www.amazon.sg/%E7%B7%8F%E5%90%88%E9%98%B2%E7%81%BD%E5%AD%A6%E3%81%B8%E3%81%AE%E9%81%93-%E8%90%A9%E5%8E%9F-%E8%89%AF%E5%B7%B3/dp/4876986770/ref=sr_1_24?dib=eyJ2IjoiMSJ9.wBvNbjaamne0LTdhPPaU6aMbMJiUCn2MzHxh_sYLaTf2nMaILktXnRmLrHDBkBga6oeeARZ-ZC4l_IhZ0j87A4q_RXb-8MlgXP-5-bQhswoC04NvNGAZK9RkYA8OTzpZ7tyDcFDhHv2fPuQLHP3NTxbGfr0V1PUgeInkbaT-Q0baIdQBdPH0cLL9t-AWnglBoGRByX70zEmkBGx5xr70hbAZn7s9ZOOGFILG_wY0e4Y.ib3TuFUx95MX4pec4rle00RYZhQI6MRxVA5hYfOSBIQ&dib_tag=se&m=A1YKPOZG28EHWI&marketplaceID=A19VAU5U5O7RUS&qid=1776420824&refinements=p_36%3A19500-20000&s=merchant-items&sr=1-24&xpid=5xt-p85bextIq,総合防災学への道
4876986770,,,,
4866932651,Tankobon Hardcover,195.73,https://www.amazon.sg/%E6%97%A5%E6%9C%AC%E3%81%AE%E5%9C%B0%E8%A1%A3%E9%A1%9E-%E6%97%A5%E6%9C%AC%E7%94%A3%E5%9C%B0%E8%A1%A3%E9%A1%9E%E3%81%AE%E5%85%A8%E5%9B%BD%E7%94%A3%E5%9C%B0%E7%B7%8F%E7%9B%AE%E9%8C%B2-%E3%80%8C%E6%9C%A8%E6%AF%9B%E3%80%8D%E3%82%A6%E3%82%A9%E3%83%83%E3%83%81%E3%83%B3%E3%82%B0%E3%81%AE%E3%81%9F%E3%82%81%E3%81%AE%E6%89%8B%E5%BC%95%E3%81%8D-%E5%B1%B1%E6%9C%AC-%E5%A5%BD%E5%92%8C/dp/4866932651/ref=sr_1_25?dib=eyJ2IjoiMSJ9.wBvNbjaamne0LTdhPPaU6aMbMJiUCn2MzHxh_sYLaTf2nMaILktXnRmLrHDBkBga6oeeARZ-ZC4l_IhZ0j87A4q_RXb-8MlgXP-5-bQhswoC04NvNGAZK9RkYA8OTzpZ7tyDcFDhHv2fPuQLHP3NTxbGfr0V1PUgeInkbaT-Q0baIdQBdPH0cLL9t-AWnglBoGRByX70zEmkBGx5xr70hbAZn7s9ZOOGFILG_wY0e4Y.ib3TuFUx95MX4pec4rle00RYZhQI6MRxVA5hYfOSBIQ&dib_tag=se&m=A1YKPOZG28EHWI&marketplaceID=A19VAU5U5O7RUS&qid=1776420824&refinements=p_36%3A19500-20000&s=merchant-items&sr=1-25&xpid=5xt-p85bextIq#customerReviews,日本の地衣類　日本産地衣類の全国産地総目録 (「木毛」ウォッチングのための手引き)
4866932651,,,,
486541035X,Tankobon Hardcover,197.13,https://www.amazon.sg/%E3%82%88%E3%81%99%E3%81%8C/dp/486541035X/ref=sr_1_26?dib=eyJ2IjoiMSJ9.wBvNbjaamne0LTdhPPaU6aMbMJiUCn2MzHxh_sYLaTf2nMaILktXnRmLrHDBkBga6oeeARZ-ZC4l_IhZ0j87A4q_RXb-8MlgXP-5-bQhswoC04NvNGAZK9RkYA8OTzpZ7tyDcFDhHv2fPuQLHP3NTxbGfr0V1PUgeInkbaT-Q0baIdQBdPH0cLL9t-AWnglBoGRByX70zEmkBGx5xr70hbAZn7s9ZOOGFILG_wY0e4Y.ib3TuFUx95MX4pec4rle00RYZhQI6MRxVA5hYfOSBIQ&dib_tag=se&m=A1YKPOZG28EHWI&marketplaceID=A19VAU5U5O7RUS&qid=1776420824&refinements=p_36%3A19500-20000&s=merchant-items&sr=1-26&xpid=5xt-p85bextIq,よすが
486541035X,,,,
4865192182,Tankobon Hardcover,199.47,https://www.amazon.sg/%E3%81%9D%E3%81%93%E3%81%8C%E7%9F%A5%E3%82%8A%E3%81%9F%E3%81%84-%E9%81%94%E4%BA%BA%E3%81%8C%E4%BC%9D%E6%8E%88%E3%81%99%E3%82%8B%E6%97%A5%E5%B8%B8%E7%9A%AE%E8%86%9A%E8%A8%BA%E7%99%82%E3%81%AE%E6%A5%B5%E6%84%8F%E3%81%A8%E8%A3%8F%E3%83%AF%E3%82%B6/dp/4865192182/ref=sr_1_27?dib=eyJ2IjoiMSJ9.wBvNbjaamne0LTdhPPaU6aMbMJiUCn2MzHxh_sYLaTf2nMaILktXnRmLrHDBkBga6oeeARZ-ZC4l_IhZ0j87A4q_RXb-8MlgXP-5-bQhswoC04NvNGAZK9RkYA8OTzpZ7tyDcFDhHv2fPuQLHP3NTxbGfr0V1PUgeInkbaT-Q0baIdQBdPH0cLL9t-AWnglBoGRByX70zEmkBGx5xr70hbAZn7s9ZOOGFILG_wY0e4Y.ib3TuFUx95MX4pec4rle00RYZhQI6MRxVA5hYfOSBIQ&dib_tag=se&m=A1YKPOZG28EHWI&marketplaceID=A19VAU5U5O7RUS&qid=1776420824&refinements=p_36%3A19500-20000&s=merchant-items&sr=1-27&xpid=5xt-p85bextIq#customerReviews,そこが知りたい 達人が伝授する日常皮膚診療の極意と裏ワザ
4865192182,,,,
4865031626,Hardcover,198.52,https://www.amazon.sg/%E5%B7%A1%E7%A4%BC-%E9%AB%99%EF%A8%91%E7%B4%97%E5%BC%A5%E9%A6%99%E5%86%99%E7%9C%9F%E9%9B%86/dp/4865031626/ref=sr_1_28?dib=eyJ2IjoiMSJ9.wBvNbjaamne0LTdhPPaU6aMbMJiUCn2MzHxh_sYLaTf2nMaILktXnRmLrHDBkBga6oeeARZ-ZC4l_IhZ0j87A4q_RXb-8MlgXP-5-bQhswoC04NvNGAZK9RkYA8OTzpZ7tyDcFDhHv2fPuQLHP3NTxbGfr0V1PUgeInkbaT-Q0baIdQBdPH0cLL9t-AWnglBoGRByX70zEmkBGx5xr70hbAZn7s9ZOOGFILG_wY0e4Y.ib3TuFUx95MX4pec4rle00RYZhQI6MRxVA5hYfOSBIQ&dib_tag=se&m=A1YKPOZG28EHWI&marketplaceID=A19VAU5U5O7RUS&qid=1776420824&refinements=p_36%3A19500-20000&s=merchant-items&sr=1-28&xpid=5xt-p85bextIq,巡礼　髙﨑紗弥香写真集
4865031626,,,,
4860140524,Tankobon Hardcover,195.12,https://www.amazon.sg/%E9%87%91%E8%9E%8D%E8%B3%87%E6%9C%AC%E8%AB%96%E3%81%A8%E6%81%90%E6%85%8C%E3%83%BB%E7%94%A3%E6%A5%AD%E5%BE%AA%E7%92%B0/dp/4860140524/ref=sr_1_29?dib=eyJ2IjoiMSJ9.wBvNbjaamne0LTdhPPaU6aMbMJiUCn2MzHxh_sYLaTf2nMaILktXnRmLrHDBkBga6oeeARZ-ZC4l_IhZ0j87A4q_RXb-8MlgXP-5-bQhswoC04NvNGAZK9RkYA8OTzpZ7tyDcFDhHv2fPuQLHP3NTxbGfr0V1PUgeInkbaT-Q0baIdQBdPH0cLL9t-AWnglBoGRByX70zEmkBGx5xr70hbAZn7s9ZOOGFILG_wY0e4Y.ib3TuFUx95MX4pec4rle00RYZhQI6MRxVA5hYfOSBIQ&dib_tag=se&m=A1YKPOZG28EHWI&marketplaceID=A19VAU5U5O7RUS&qid=1776420824&refinements=p_36%3A19500-20000&s=merchant-items&sr=1-29&xpid=5xt-p85bextIq,金融資本論と恐慌・産業循環
4860140524,,,,
4845113198,Tankobon Hardcover,196.8,https://www.amazon.sg/%E6%97%A5%E6%9C%AC%E5%8A%B4%E5%83%8D%E5%B9%B4%E9%91%91-%E7%AC%AC83%E9%9B%86-2013%E5%B9%B4%E7%89%88/dp/4845113198/ref=sr_1_30?dib=eyJ2IjoiMSJ9.wBvNbjaamne0LTdhPPaU6aMbMJiUCn2MzHxh_sYLaTf2nMaILktXnRmLrHDBkBga6oeeARZ-ZC4l_IhZ0j87A4q_RXb-8MlgXP-5-bQhswoC04NvNGAZK9RkYA8OTzpZ7tyDcFDhHv2fPuQLHP3NTxbGfr0V1PUgeInkbaT-Q0baIdQBdPH0cLL9t-AWnglBoGRByX70zEmkBGx5xr70hbAZn7s9ZOOGFILG_wY0e4Y.ib3TuFUx95MX4pec4rle00RYZhQI6MRxVA5hYfOSBIQ&dib_tag=se&m=A1YKPOZG28EHWI&marketplaceID=A19VAU5U5O7RUS&qid=1776420824&refinements=p_36%3A19500-20000&s=merchant-items&sr=1-30&xpid=5xt-p85bextIq,日本労働年鑑 第83集 2013年版
4845113198,,,,
4843339008,Tankobon Hardcover,198.74,https://www.amazon.sg/%E4%B8%96%E7%95%8C%E3%82%A2%E3%83%8B%E3%83%A1%E3%83%BC%E3%82%B7%E3%83%A7%E3%83%B3%E6%AD%B4%E5%8F%B2%E4%BA%8B%E5%85%B8-%E3%82%B9%E3%83%86%E3%82%A3%E3%83%BC%E3%83%B4%E3%83%B3%E3%83%BB%E3%82%AD%E3%83%A3%E3%83%B4%E3%82%A1%E3%83%AA%E3%82%A2/dp/4843339008/ref=sr_1_31?dib=eyJ2IjoiMSJ9.wBvNbjaamne0LTdhPPaU6aMbMJiUCn2MzHxh_sYLaTf2nMaILktXnRmLrHDBkBga6oeeARZ-ZC4l_IhZ0j87A4q_RXb-8MlgXP-5-bQhswoC04NvNGAZK9RkYA8OTzpZ7tyDcFDhHv2fPuQLHP3NTxbGfr0V1PUgeInkbaT-Q0baIdQBdPH0cLL9t-AWnglBoGRByX70zEmkBGx5xr70hbAZn7s9ZOOGFILG_wY0e4Y.ib3TuFUx95MX4pec4rle00RYZhQI6MRxVA5hYfOSBIQ&dib_tag=se&m=A1YKPOZG28EHWI&marketplaceID=A19VAU5U5O7RUS&qid=1776420824&refinements=p_36%3A19500-20000&s=merchant-items&sr=1-31&xpid=5xt-p85bextIq#customerReviews,世界アニメーション歴史事典
4843339008,,,,
4835010442,Tankobon Hardcover,199.65,https://www.amazon.sg/%E5%8D%81%E4%BA%94%E5%B9%B4%E6%88%A6%E4%BA%89%E6%A5%B5%E7%A7%98%E8%B3%87%E6%96%99%E9%9B%86-%E8%A3%9C%E5%B7%BB-14-%E8%BB%8D%E5%BE%8B%E6%B3%95%E5%BB%B7%E5%AF%A9%E5%88%A4%E4%BE%8B%E9%9B%86-%E5%8C%97%E5%8D%9A%E6%98%AD/dp/4835010442/ref=sr_1_32?dib=eyJ2IjoiMSJ9.wBvNbjaamne0LTdhPPaU6aMbMJiUCn2MzHxh_sYLaTf2nMaILktXnRmLrHDBkBga6oeeARZ-ZC4l_IhZ0j87A4q_RXb-8MlgXP-5-bQhswoC04NvNGAZK9RkYA8OTzpZ7tyDcFDhHv2fPuQLHP3NTxbGfr0V1PUgeInkbaT-Q0baIdQBdPH0cLL9t-AWnglBoGRByX70zEmkBGx5xr70hbAZn7s9ZOOGFILG_wY0e4Y.ib3TuFUx95MX4pec4rle00RYZhQI6MRxVA5hYfOSBIQ&dib_tag=se&m=A1YKPOZG28EHWI&marketplaceID=A19VAU5U5O7RUS&qid=1776420824&refinements=p_36%3A19500-20000&s=merchant-items&sr=1-32&xpid=5xt-p85bextIq,十五年戦争極秘資料集 補巻 14 軍律法廷審判例集
4835010442,,,,
4830626356,Tankobon Hardcover,197.32,https://www.amazon.sg/%E5%8C%A0%E3%81%8C%E6%95%99%E3%81%88%E3%82%8B%E7%BE%8E%E5%AE%B9%E5%A4%96%E7%A7%91%E6%B3%A8%E5%85%A5%E8%A1%93/dp/4830626356/ref=sr_1_33?dib=eyJ2IjoiMSJ9.Lqj9Qj9Nsve8Lr_M_paUiPSUtKDDpxv10uOR4KUeuW-eDW0ego3tEkR-eL4e10ApCg21d0yONpqp-22OKctxCw.v0GAKVty-UJ0yhHuSdff_Nac3OM_B2-foVw8-WoE9hk&dib_tag=se&m=A1YKPOZG28EHWI&marketplaceID=A19VAU5U5O7RUS&qid=1776420831&refinements=p_36%3A19500-20000&s=merchant-items&sr=1-33&xpid=5xt-p85bextIq,匠が教える美容外科注入術
4830626356,,,,
481890631X,Tankobon Hardcover,195.89,https://www.amazon.sg/%E5%A3%81%E5%BC%8F%E9%89%84%E7%AD%8B%E3%82%B3%E3%83%B3%E3%82%AF%E3%83%AA%E3%83%BC%E3%83%88%E9%80%A0%E8%A8%AD%E8%A8%88%E3%83%BB%E8%A8%88%E7%AE%97%E8%A6%8F%E6%BA%96%E3%83%BB%E5%90%8C%E8%A7%A3%E8%AA%AC/dp/481890631X/ref=sr_1_34?dib=eyJ2IjoiMSJ9.Lqj9Qj9Nsve8Lr_M_paUiPSUtKDDpxv10uOR4KUeuW-eDW0ego3tEkR-eL4e10ApCg21d0yONpqp-22OKctxCw.v0GAKVty-UJ0yhHuSdff_Nac3OM_B2-foVw8-WoE9hk&dib_tag=se&m=A1YKPOZG28EHWI&marketplaceID=A19VAU5U5O7RUS&qid=1776420831&refinements=p_36%3A19500-20000&s=merchant-items&sr=1-34&xpid=5xt-p85bextIq#customerReviews,壁式鉄筋コンクリート造設計・計算規準・同解説
481890631X,,,,
4805504153,Tankobon Hardcover,196.29,https://www.amazon.sg/%E6%9D%BE%E5%B2%A1%E5%AF%BF%E7%A0%94%E7%A9%B6/dp/4805504153/ref=sr_1_35?dib=eyJ2IjoiMSJ9.Lqj9Qj9Nsve8Lr_M_paUiPSUtKDDpxv10uOR4KUeuW-eDW0ego3tEkR-eL4e10ApCg21d0yONpqp-22OKctxCw.v0GAKVty-UJ0yhHuSdff_Nac3OM_B2-foVw8-WoE9hk&dib_tag=se&m=A1YKPOZG28EHWI&marketplaceID=A19VAU5U5O7RUS&qid=1776420831&refinements=p_36%3A19500-20000&s=merchant-items&sr=1-35&xpid=5xt-p85bextIq,松岡寿研究
4805504153,,,,
4798064017,Tankobon Hardcover,197.14,https://www.amazon.sg/%E4%B8%80%E7%B4%9A%E5%BB%BA%E7%AF%89%E5%A3%AB-%E8%A3%BD%E5%9B%B3%E8%A9%A6%E9%A8%93-%E7%8B%AC%E7%BF%92%E5%90%88%E6%A0%BC%E3%83%86%E3%82%AD%E3%82%B9%E3%83%88-2021%E5%B9%B4%E7%89%88/dp/4798064017/ref=sr_1_36?dib=eyJ2IjoiMSJ9.Lqj9Qj9Nsve8Lr_M_paUiPSUtKDDpxv10uOR4KUeuW-eDW0ego3tEkR-eL4e10ApCg21d0yONpqp-22OKctxCw.v0GAKVty-UJ0yhHuSdff_Nac3OM_B2-foVw8-WoE9hk&dib_tag=se&m=A1YKPOZG28EHWI&marketplaceID=A19VAU5U5O7RUS&qid=1776420831&refinements=p_36%3A19500-20000&s=merchant-items&sr=1-36&xpid=5xt-p85bextIq#customerReviews,一級建築士 製図試験 独習合格テキスト 2021年版
4798064017,,,,
4757602553,Tankobon Hardcover,197.02,https://www.amazon.sg/%E8%BF%91%E4%BB%A3%E6%88%A6%E4%BA%89%E6%96%87%E5%AD%A6%E4%BA%8B%E5%85%B8%E3%80%88%E7%AC%AC8%E8%BC%AF%E3%80%89-%E5%92%8C%E6%B3%89%E4%BA%8B%E5%85%B8%E3%82%B7%E3%83%AA%E3%83%BC%E3%82%BA/dp/4757602553/ref=sr_1_37?dib=eyJ2IjoiMSJ9.Lqj9Qj9Nsve8Lr_M_paUiPSUtKDDpxv10uOR4KUeuW-eDW0ego3tEkR-eL4e10ApCg21d0yONpqp-22OKctxCw.v0GAKVty-UJ0yhHuSdff_Nac3OM_B2-foVw8-WoE9hk&dib_tag=se&m=A1YKPOZG28EHWI&marketplaceID=A19VAU5U5O7RUS&qid=1776420831&refinements=p_36%3A19500-20000&s=merchant-items&sr=1-37&xpid=5xt-p85bextIq,近代戦争文学事典〈第8輯〉 (和泉事典シリーズ)
4757602553,,,,
4540072935,Tankobon Hardcover,195.7,https://www.amazon.sg/%E5%8E%9F%E8%89%B2%E8%8A%B1%E5%8D%89%E7%97%85%E5%AE%B3%E8%99%AB%E7%99%BE%E7%A7%91%E3%80%887%E3%80%89%E8%8A%B1%E6%9C%A8%E3%83%BB%E5%BA%AD%E6%9C%A8%E3%83%BB%E7%B7%91%E5%8C%96%E6%A8%B92/dp/4540072935/ref=sr_1_33?dib=eyJ2IjoiMSJ9.wdDmcMs4wyGqCYgz3tFnSoViWv2IW78InJnHUf1UX3fKWDf04hx3x4OpDbZD_OKfx4vQPUpt0E1-hDFb62wNfrCWV9QuweVUJvtI2jVZMyujqYXabCPBICgZeOcdnzJ4_Hzkhl8uWiWevgo7JyoTJcdniJL88bBEzn4zve5jh6w.aKjHK8ur07asSS_hjEqRPnv3e2deeBwwOb0kZRGFXmo&dib_tag=se&m=A1YKPOZG28EHWI&marketplaceID=A19VAU5U5O7RUS&qid=1776420831&refinements=p_36%3A19500-20000&s=merchant-items&sr=1-33&xpid=5xt-p85bextIq,原色花卉病害虫百科〈7〉花木・庭木・緑化樹2
4540072935,,,,
4535523657,Tankobon Hardcover,197.32,https://www.amazon.sg/%E5%B0%91%E5%B9%B4%E7%9F%AF%E6%AD%A3%E5%88%B6%E5%BA%A6%E3%81%AE%E5%86%8D%E6%A7%8B%E7%AF%89/dp/4535523657/ref=sr_1_34?dib=eyJ2IjoiMSJ9.wdDmcMs4wyGqCYgz3tFnSoViWv2IW78InJnHUf1UX3fKWDf04hx3x4OpDbZD_OKfx4vQPUpt0E1-hDFb62wNfrCWV9QuweVUJvtI2jVZMyujqYXabCPBICgZeOcdnzJ4_Hzkhl8uWiWevgo7JyoTJcdniJL88bBEzn4zve5jh6w.aKjHK8ur07asSS_hjEqRPnv3e2deeBwwOb0kZRGFXmo&dib_tag=se&m=A1YKPOZG28EHWI&marketplaceID=A19VAU5U5O7RUS&qid=1776420831&refinements=p_36%3A19500-20000&s=merchant-items&sr=1-34&xpid=5xt-p85bextIq#customerReviews,少年矯正制度の再構築
4535523657,,,,
4434005626,Tankobon Hardcover,198.75,https://www.amazon.sg/%E6%97%A5%E3%80%85%E7%A0%94%E9%91%BD_%E6%A5%B5%E7%9C%9F%E7%A9%BA%E6%89%8B%E3%83%BB%E7%9B%A7%E5%B1%B1%E5%88%9D%E9%9B%84%E3%81%AE%E7%A9%BA%E6%89%8B%E6%A5%B5%E6%84%8F%E6%9B%B8-%E7%9B%A7%E5%B1%B1-%E5%88%9D%E9%9B%84/dp/4434005626/ref=sr_1_35?dib=eyJ2IjoiMSJ9.wdDmcMs4wyGqCYgz3tFnSoViWv2IW78InJnHUf1UX3fKWDf04hx3x4OpDbZD_OKfx4vQPUpt0E1-hDFb62wNfrCWV9QuweVUJvtI2jVZMyujqYXabCPBICgZeOcdnzJ4_Hzkhl8uWiWevgo7JyoTJcdniJL88bBEzn4zve5jh6w.aKjHK8ur07asSS_hjEqRPnv3e2deeBwwOb0kZRGFXmo&dib_tag=se&m=A1YKPOZG28EHWI&marketplaceID=A19VAU5U5O7RUS&qid=1776420831&refinements=p_36%3A19500-20000&s=merchant-items&sr=1-35&xpid=5xt-p85bextIq#customerReviews,日々研鑽―極真空手・盧山初雄の空手極意書
4434005626,,,,
4263242408,Tankobon Softcover,198.97,https://www.amazon.sg/%E7%8F%BE%E4%BB%A3%E9%8D%BC%E7%81%B8%E8%87%A8%E5%BA%8A%E3%81%AE%E5%AE%9F%E9%9A%9B%E6%94%B9%E8%A8%82%E7%AC%AC2%E7%89%88/dp/4263242408/ref=sr_1_36?dib=eyJ2IjoiMSJ9.wdDmcMs4wyGqCYgz3tFnSoViWv2IW78InJnHUf1UX3fKWDf04hx3x4OpDbZD_OKfx4vQPUpt0E1-hDFb62wNfrCWV9QuweVUJvtI2jVZMyujqYXabCPBICgZeOcdnzJ4_Hzkhl8uWiWevgo7JyoTJcdniJL88bBEzn4zve5jh6w.aKjHK8ur07asSS_hjEqRPnv3e2deeBwwOb0kZRGFXmo&dib_tag=se&m=A1YKPOZG28EHWI&marketplaceID=A19VAU5U5O7RUS&qid=1776420831&refinements=p_36%3A19500-20000&s=merchant-items&sr=1-36&xpid=5xt-p85bextIq#customerReviews,現代鍼灸臨床の実際改訂第2版
4263242408,,,,
4263211774,Tankobon Softcover,196.75,https://www.amazon.sg/%E8%84%B3%E6%A9%9F%E8%83%BD%E7%94%BB%E5%83%8F%E8%A7%A3%E6%9E%90%E5%85%A5%E9%96%80CD-ROM%E4%BB%98SPM%E3%81%A7fMRI-%E6%8B%A1%E6%95%A3%E3%83%86%E3%83%B3%E3%82%BD%E3%83%AB%E3%82%92%E4%BD%BF%E3%81%84%E3%81%93%E3%81%AA%E3%81%99-%E6%9C%88%E6%9C%AC-%E6%B4%8B/dp/4263211774/ref=sr_1_37?dib=eyJ2IjoiMSJ9.wdDmcMs4wyGqCYgz3tFnSoViWv2IW78InJnHUf1UX3fKWDf04hx3x4OpDbZD_OKfx4vQPUpt0E1-hDFb62wNfrCWV9QuweVUJvtI2jVZMyujqYXabCPBICgZeOcdnzJ4_Hzkhl8uWiWevgo7JyoTJcdniJL88bBEzn4zve5jh6w.aKjHK8ur07asSS_hjEqRPnv3e2deeBwwOb0kZRGFXmo&dib_tag=se&m=A1YKPOZG28EHWI&marketplaceID=A19VAU5U5O7RUS&qid=1776420831&refinements=p_36%3A19500-20000&s=merchant-items&sr=1-37&xpid=5xt-p85bextIq#customerReviews,"脳機能画像解析入門CD-ROM付SPMでfMRI,拡散テンソルを使いこなす"
4263211774,,,,
4260052934,Tankobon Hardcover,198.52,https://www.amazon.sg/%E9%81%8B%E5%8B%95%E7%99%82%E6%B3%95%E5%AD%A6-%E5%90%84%E8%AB%96-%E7%AC%AC5%E7%89%88-%E6%A8%99%E6%BA%96%E7%90%86%E5%AD%A6%E7%99%82%E6%B3%95%E5%AD%A6-%E5%B0%82%E9%96%80%E5%88%86%E9%87%8E/dp/4260052934/ref=sr_1_38?dib=eyJ2IjoiMSJ9.wdDmcMs4wyGqCYgz3tFnSoViWv2IW78InJnHUf1UX3fKWDf04hx3x4OpDbZD_OKfx4vQPUpt0E1-hDFb62wNfrCWV9QuweVUJvtI2jVZMyujqYXabCPBICgZeOcdnzJ4_Hzkhl8uWiWevgo7JyoTJcdniJL88bBEzn4zve5jh6w.aKjHK8ur07asSS_hjEqRPnv3e2deeBwwOb0kZRGFXmo&dib_tag=se&m=A1YKPOZG28EHWI&marketplaceID=A19VAU5U5O7RUS&qid=1776420831&refinements=p_36%3A19500-20000&s=merchant-items&sr=1-38&xpid=5xt-p85bextIq,運動療法学 各論 第5版 (標準理学療法学 専門分野)
4260052934,,,,
4086179598,Paperback Bunko,197.7,https://www.amazon.sg/%E6%96%B0%E3%82%B8%E3%83%A3%E3%83%B3%E3%82%B0%E3%83%AB%E3%81%AE%E7%8E%8B%E8%80%85-%E3%82%BF%E3%83%BC%E3%81%A1%E3%82%83%E3%82%93-%E5%85%A812%E5%B7%BB%E5%AE%8C%E7%B5%90%E3%82%BB%E3%83%83%E3%83%88-%E9%9B%86%E8%8B%B1%E7%A4%BE%E6%96%87%E5%BA%AB_%E3%82%B3%E3%83%9F%E3%83%83%E3%82%AF%E7%89%88-1x16236set20180131/dp/4086179598/ref=sr_1_39?dib=eyJ2IjoiMSJ9.wdDmcMs4wyGqCYgz3tFnSoViWv2IW78InJnHUf1UX3fKWDf04hx3x4OpDbZD_OKfx4vQPUpt0E1-hDFb62wNfrCWV9QuweVUJvtI2jVZMyujqYXabCPBICgZeOcdnzJ4_Hzkhl8uWiWevgo7JyoTJcdniJL88bBEzn4zve5jh6w.aKjHK8ur07asSS_hjEqRPnv3e2deeBwwOb0kZRGFXmo&dib_tag=se&m=A1YKPOZG28EHWI&marketplaceID=A19VAU5U5O7RUS&qid=1776420831&refinements=p_36%3A19500-20000&s=merchant-items&sr=1-39&xpid=5xt-p85bextIq#customerReviews,新ジャングルの王者 ターちゃん 文庫版 コミック 全12巻完結セット (集英社文庫―コミック版): 1x16236set20180131
4086179598,,,,
3319700804,Hardcover,196.43,https://www.amazon.sg/Long-Term-Care-Europe-Juridical-Approach/dp/3319700804/ref=sr_1_40?dib=eyJ2IjoiMSJ9.wdDmcMs4wyGqCYgz3tFnSoViWv2IW78InJnHUf1UX3fKWDf04hx3x4OpDbZD_OKfx4vQPUpt0E1-hDFb62wNfrCWV9QuweVUJvtI2jVZMyujqYXabCPBICgZeOcdnzJ4_Hzkhl8uWiWevgo7JyoTJcdniJL88bBEzn4zve5jh6w.aKjHK8ur07asSS_hjEqRPnv3e2deeBwwOb0kZRGFXmo&dib_tag=se&m=A1YKPOZG28EHWI&marketplaceID=A19VAU5U5O7RUS&qid=1776420831&refinements=p_36%3A19500-20000&s=merchant-items&sr=1-40&xpid=5xt-p85bextIq,Long-Term Care in Europe: A Juridical Approach
3319700804,,,,
1617031615,Hardcover,199.21,https://www.amazon.sg/Black-Yellow-Making-Revolutionary-Identities/dp/1617031615/ref=sr_1_41?dib=eyJ2IjoiMSJ9.wdDmcMs4wyGqCYgz3tFnSoViWv2IW78InJnHUf1UX3fKWDf04hx3x4OpDbZD_OKfx4vQPUpt0E1-hDFb62wNfrCWV9QuweVUJvtI2jVZMyujqYXabCPBICgZeOcdnzJ4_Hzkhl8uWiWevgo7JyoTJcdniJL88bBEzn4zve5jh6w.aKjHK8ur07asSS_hjEqRPnv3e2deeBwwOb0kZRGFXmo&dib_tag=se&m=A1YKPOZG28EHWI&marketplaceID=A19VAU5U5O7RUS&qid=1776420831&refinements=p_36%3A19500-20000&s=merchant-items&sr=1-41&xpid=5xt-p85bextIq,"Black Power, Yellow Power, and the Making of Revolutionary Identities"
1617031615,,,,
150363454X,Hardcover,198.21,https://www.amazon.sg/Master-Bondage-Factory-Workers-1949-2019/dp/150363454X/ref=sr_1_42?dib=eyJ2IjoiMSJ9.wdDmcMs4wyGqCYgz3tFnSoViWv2IW78InJnHUf1UX3fKWDf04hx3x4OpDbZD_OKfx4vQPUpt0E1-hDFb62wNfrCWV9QuweVUJvtI2jVZMyujqYXabCPBICgZeOcdnzJ4_Hzkhl8uWiWevgo7JyoTJcdniJL88bBEzn4zve5jh6w.aKjHK8ur07asSS_hjEqRPnv3e2deeBwwOb0kZRGFXmo&dib_tag=se&m=A1YKPOZG28EHWI&marketplaceID=A19VAU5U5O7RUS&qid=1776420831&refinements=p_36%3A19500-20000&s=merchant-items&sr=1-42&xpid=5xt-p85bextIq#customerReviews,"The Master in Bondage: Factory Workers in China, 1949-2019"
150363454X,,,,
1405161302,Hardcover,234.51,https://www.amazon.sg/Shadow-Side-Fieldwork-Exploring-Ethnography/dp/1405161302/ref=sr_1_43?dib=eyJ2IjoiMSJ9.wdDmcMs4wyGqCYgz3tFnSoViWv2IW78InJnHUf1UX3fKWDf04hx3x4OpDbZD_OKfx4vQPUpt0E1-hDFb62wNfrCWV9QuweVUJvtI2jVZMyujqYXabCPBICgZeOcdnzJ4_Hzkhl8uWiWevgo7JyoTJcdniJL88bBEzn4zve5jh6w.aKjHK8ur07asSS_hjEqRPnv3e2deeBwwOb0kZRGFXmo&dib_tag=se&m=A1YKPOZG28EHWI&marketplaceID=A19VAU5U5O7RUS&qid=1776420831&refinements=p_36%3A19500-20000&s=merchant-items&sr=1-43&xpid=5xt-p85bextIq#customerReviews,The Shadow Side of Fieldwork: Exploring the Blurred Borders between Ethnography and Life
1405161302,,,,
1107136032,Hardcover,199.83,https://www.amazon.sg/Religious-Diversity-Workplace-Jawad-Syed/dp/1107136032/ref=sr_1_49?dib=eyJ2IjoiMSJ9.nn71J0RlrcI-iPU-h-Atfe6HeoNSLd8YaDVj1ywsPvcS8QL60nxbM0fgNPG49L3ESJiiaHIzhnhiLsq_J9kVJA.3T7Mhce2eZ1OMZVojcKYZ_ZWUg-jjpSmZVUr-REDgv8&dib_tag=se&m=A1YKPOZG28EHWI&marketplaceID=A19VAU5U5O7RUS&qid=1776420836&refinements=p_36%3A19500-20000&s=merchant-items&sr=1-49&xpid=5xt-p85bextIq#customerReviews,Religious Diversity in the Workplace
1107136032,,,,
084930038X,Hardcover,196.0,https://www.amazon.sg/Vegetables-Fruits-Herbs-Health-Promotion/dp/084930038X/ref=sr_1_50?dib=eyJ2IjoiMSJ9.nn71J0RlrcI-iPU-h-Atfe6HeoNSLd8YaDVj1ywsPvcS8QL60nxbM0fgNPG49L3ESJiiaHIzhnhiLsq_J9kVJA.3T7Mhce2eZ1OMZVojcKYZ_ZWUg-jjpSmZVUr-REDgv8&dib_tag=se&m=A1YKPOZG28EHWI&marketplaceID=A19VAU5U5O7RUS&qid=1776420836&refinements=p_36%3A19500-20000&s=merchant-items&sr=1-50&xpid=5xt-p85bextIq,"Vegetables, Fruits, and Herbs in Health Promotion"
084930038X,,,,
B06WWQ2NF1,,197.4,https://www.amazon.sg/Helinox-1822177-Camping-Lightweight-Polyester/dp/B06WWQ2NF1/ref=sr_1_51?dib=eyJ2IjoiMSJ9.nn71J0RlrcI-iPU-h-Atfe6HeoNSLd8YaDVj1ywsPvcS8QL60nxbM0fgNPG49L3ESJiiaHIzhnhiLsq_J9kVJA.3T7Mhce2eZ1OMZVojcKYZ_ZWUg-jjpSmZVUr-REDgv8&dib_tag=se&m=A1YKPOZG28EHWI&marketplaceID=A19VAU5U5O7RUS&qid=1776420836&refinements=p_36%3A19500-20000&s=merchant-items&sr=1-51&xpid=5xt-p85bextIq#customerReviews,Helinox 1822177 Camping Chair Zero Lightweight Polyester Black
B06WWQ2NF1,,,,
B09WR887VS,,197.94,https://www.amazon.sg/ORTLIEB-Quick-F78104-Black-Small/dp/B09WR887VS/ref=sr_1_52?dib=eyJ2IjoiMSJ9.nn71J0RlrcI-iPU-h-Atfe6HeoNSLd8YaDVj1ywsPvcS8QL60nxbM0fgNPG49L3ESJiiaHIzhnhiLsq_J9kVJA.3T7Mhce2eZ1OMZVojcKYZ_ZWUg-jjpSmZVUr-REDgv8&dib_tag=se&m=A1YKPOZG28EHWI&marketplaceID=A19VAU5U5O7RUS&qid=1776420836&refinements=p_36%3A19500-20000&s=merchant-items&sr=1-52&xpid=5xt-p85bextIq#customerReviews,ORTLIEB Quick Rack F78104 Black Small
B09WR887VS,,,,
B01CSEUVA4,,199.0,https://www.amazon.sg/VARIVAS-Avani-Casting-Si-X-160lb/dp/B01CSEUVA4/ref=sr_1_53?dib=eyJ2IjoiMSJ9.nn71J0RlrcI-iPU-h-Atfe6HeoNSLd8YaDVj1ywsPvcS8QL60nxbM0fgNPG49L3ESJiiaHIzhnhiLsq_J9kVJA.3T7Mhce2eZ1OMZVojcKYZ_ZWUg-jjpSmZVUr-REDgv8&dib_tag=se&m=A1YKPOZG28EHWI&marketplaceID=A19VAU5U5O7RUS&qid=1776420836&refinements=p_36%3A19500-20000&s=merchant-items&sr=1-53&xpid=5xt-p85bextIq#customerReviews,VARIVAS Avani Casting PE Si-X
B0D5TVWMZR,,195.22,https://www.amazon.sg/KEEN-Hyperport-Breathable-Comfortable-Sandals/dp/B0D5TVWMZR/ref=sr_1_49?dib=eyJ2IjoiMSJ9.Ki5bK12FzDpQw_JROSSjJnw7a9fOc-OClz7RB9mW05Sk5Yt_sNpGv6cp-2jiNLmpk973jHiFPje2jdJ_R4bl-GFzTs1IVcwXShTXah3HGJixar4YJEuGExf44tpUzCD_jo_-wFDUM4pR0cszS75T_IJan5dNwtVOCa3n1LRvd2o.lKT7DWMzyjgUVvvQ91H4YeMVsE-tE6Jq3W928B6uVFU&dib_tag=se&m=A1YKPOZG28EHWI&marketplaceID=A19VAU5U5O7RUS&qid=1776420836&refinements=p_36%3A19500-20000&s=merchant-items&sr=1-49&xpid=5xt-p85bextIq#customerReviews,KEEN mens Hyperport H2 Closed Toe Breathable Easy on Comfortable Hiking and WaterSandals
B0D5TVWMZR,,,,
B000N5MK8M,,198.79,https://www.amazon.sg/EBOW-Heet-Sound-PLUS-Guitar/dp/B000N5MK8M/ref=sr_1_50?dib=eyJ2IjoiMSJ9.Ki5bK12FzDpQw_JROSSjJnw7a9fOc-OClz7RB9mW05Sk5Yt_sNpGv6cp-2jiNLmpk973jHiFPje2jdJ_R4bl-GFzTs1IVcwXShTXah3HGJixar4YJEuGExf44tpUzCD_jo_-wFDUM4pR0cszS75T_IJan5dNwtVOCa3n1LRvd2o.lKT7DWMzyjgUVvvQ91H4YeMVsE-tE6Jq3W928B6uVFU&dib_tag=se&m=A1YKPOZG28EHWI&marketplaceID=A19VAU5U5O7RUS&qid=1776420836&refinements=p_36%3A19500-20000&s=merchant-items&sr=1-50&xpid=5xt-p85bextIq#customerReviews,EBOW Heet Sound PLUS Plus EBow for Guitar
B000N5MK8M,,,,
B0BFF1YWZD,,199.28,https://www.amazon.sg/Snow-Peak-TW-115-Titanium-Skittle/dp/B0BFF1YWZD/ref=sr_1_51?dib=eyJ2IjoiMSJ9.Ki5bK12FzDpQw_JROSSjJnw7a9fOc-OClz7RB9mW05Sk5Yt_sNpGv6cp-2jiNLmpk973jHiFPje2jdJ_R4bl-GFzTs1IVcwXShTXah3HGJixar4YJEuGExf44tpUzCD_jo_-wFDUM4pR0cszS75T_IJan5dNwtVOCa3n1LRvd2o.lKT7DWMzyjgUVvvQ91H4YeMVsE-tE6Jq3W928B6uVFU&dib_tag=se&m=A1YKPOZG28EHWI&marketplaceID=A19VAU5U5O7RUS&qid=1776420836&refinements=p_36%3A19500-20000&s=merchant-items&sr=1-51&xpid=5xt-p85bextIq#customerReviews,Snow Peak TW-115 One Titanium Skittle 250
B0BFF1YWZD,,,,
B0DV1QYQ2N,,208.07,https://www.amazon.sg/Magic-Gathering-Spider-Man-Booster-D45240000/dp/B0DV1QYQ2N/ref=sr_1_52?dib=eyJ2IjoiMSJ9.Ki5bK12FzDpQw_JROSSjJnw7a9fOc-OClz7RB9mW05Sk5Yt_sNpGv6cp-2jiNLmpk973jHiFPje2jdJ_R4bl-GFzTs1IVcwXShTXah3HGJixar4YJEuGExf44tpUzCD_jo_-wFDUM4pR0cszS75T_IJan5dNwtVOCa3n1LRvd2o.lKT7DWMzyjgUVvvQ91H4YeMVsE-tE6Jq3W928B6uVFU&dib_tag=se&m=A1YKPOZG28EHWI&marketplaceID=A19VAU5U5O7RUS&qid=1776420836&refinements=p_36%3A19500-20000&s=merchant-items&sr=1-52&xpid=5xt-p85bextIq#customerReviews,Magic: the Gathering Marvel Spider-Man Play Booster English Version (Box 30 Packs) MTG Trading Card Wizards of the Coast SPM D45240000
B0DV1QYQ2N,,,,
B0BSTMPM66,,199.01,https://www.amazon.sg/Daiwa-6000D-H-Spinning-Reel-23BG/dp/B0BSTMPM66/ref=sr_1_53?dib=eyJ2IjoiMSJ9.Ki5bK12FzDpQw_JROSSjJnw7a9fOc-OClz7RB9mW05Sk5Yt_sNpGv6cp-2jiNLmpk973jHiFPje2jdJ_R4bl-GFzTs1IVcwXShTXah3HGJixar4YJEuGExf44tpUzCD_jo_-wFDUM4pR0cszS75T_IJan5dNwtVOCa3n1LRvd2o.lKT7DWMzyjgUVvvQ91H4YeMVsE-tE6Jq3W928B6uVFU&dib_tag=se&m=A1YKPOZG28EHWI&marketplaceID=A19VAU5U5O7RUS&qid=1776420836&refinements=p_36%3A19500-20000&s=merchant-items&sr=1-53&xpid=5xt-p85bextIq#customerReviews,"Daiwa 23BG SW 4000–18000 Spinning Reel, All Types, 2023 Model"
B0BSTMPM66,,,,
B01N1Q24UT,,196.21,https://www.amazon.sg/iStorage-datAshur-Personal2-Secure-FL-DAP3-B-16/dp/B01N1Q24UT/ref=sr_1_54?dib=eyJ2IjoiMSJ9.Ki5bK12FzDpQw_JROSSjJnw7a9fOc-OClz7RB9mW05Sk5Yt_sNpGv6cp-2jiNLmpk973jHiFPje2jdJ_R4bl-GFzTs1IVcwXShTXah3HGJixar4YJEuGExf44tpUzCD_jo_-wFDUM4pR0cszS75T_IJan5dNwtVOCa3n1LRvd2o.lKT7DWMzyjgUVvvQ91H4YeMVsE-tE6Jq3W928B6uVFU&dib_tag=se&m=A1YKPOZG28EHWI&marketplaceID=A19VAU5U5O7RUS&qid=1776420836&refinements=p_36%3A19500-20000&s=merchant-items&sr=1-54&xpid=5xt-p85bextIq#customerReviews,"iStorage datAshur Personal2 16 GB Secure Flash Drive - Password Protected, Dust, Portable, Military Grade Hardware Encryption, USB 3.0 IS-FL-DAP3-B-16"
B01N1Q24UT,,,,
B07TBS1L39,,195.87,https://www.amazon.sg/KEEN-Newport-Closed-Water-Sandals/dp/B07TBS1L39/ref=sr_1_55?dib=eyJ2IjoiMSJ9.Ki5bK12FzDpQw_JROSSjJnw7a9fOc-OClz7RB9mW05Sk5Yt_sNpGv6cp-2jiNLmpk973jHiFPje2jdJ_R4bl-GFzTs1IVcwXShTXah3HGJixar4YJEuGExf44tpUzCD_jo_-wFDUM4pR0cszS75T_IJan5dNwtVOCa3n1LRvd2o.lKT7DWMzyjgUVvvQ91H4YeMVsE-tE6Jq3W928B6uVFU&dib_tag=se&m=A1YKPOZG28EHWI&marketplaceID=A19VAU5U5O7RUS&qid=1776420836&refinements=p_36%3A19500-20000&s=merchant-items&sr=1-55&xpid=5xt-p85bextIq#customerReviews,KEEN Men 1001938Sandal
B01BHQYNAI,,240.8,https://www.amazon.sg/Kato-Sanyo-Steam-Locomotive-Scale/dp/B01BHQYNAI/ref=sr_1_56?dib=eyJ2IjoiMSJ9.Ki5bK12FzDpQw_JROSSjJnw7a9fOc-OClz7RB9mW05Sk5Yt_sNpGv6cp-2jiNLmpk973jHiFPje2jdJ_R4bl-GFzTs1IVcwXShTXah3HGJixar4YJEuGExf44tpUzCD_jo_-wFDUM4pR0cszS75T_IJan5dNwtVOCa3n1LRvd2o.lKT7DWMzyjgUVvvQ91H4YeMVsE-tE6Jq3W928B6uVFU&dib_tag=se&m=A1YKPOZG28EHWI&marketplaceID=A19VAU5U5O7RUS&qid=1776420836&refinements=p_36%3A19500-20000&s=merchant-items&sr=1-56&xpid=5xt-p85bextIq#customerReviews,Kato 5 C62 Sanyo Type Steam Locomotive Kure Line N Scale Japan
B01BHQYNAI,,,,
B0BXP77XVC,,195.85,https://www.amazon.sg/Captain-UE-90-Charmant-Capacity-Stopper/dp/B0BXP77XVC/ref=sr_1_57?dib=eyJ2IjoiMSJ9.Ki5bK12FzDpQw_JROSSjJnw7a9fOc-OClz7RB9mW05Sk5Yt_sNpGv6cp-2jiNLmpk973jHiFPje2jdJ_R4bl-GFzTs1IVcwXShTXah3HGJixar4YJEuGExf44tpUzCD_jo_-wFDUM4pR0cszS75T_IJan5dNwtVOCa3n1LRvd2o.lKT7DWMzyjgUVvvQ91H4YeMVsE-tE6Jq3W928B6uVFU&dib_tag=se&m=A1YKPOZG28EHWI&marketplaceID=A19VAU5U5O7RUS&qid=1776420836&refinements=p_36%3A19500-20000&s=merchant-items&sr=1-57&xpid=5xt-p85bextIq#customerReviews,キャプテンスタッグ(CAPTAIN STAG) クーラーボックス 【 シエロ 容量6.8/12/22/28/33L ブルー 】 【 CSシャルマン 容量7/14/25/35/45L ベージュ 】 日本製
B0BXP77XVC,,,,
B09FJP2RYN,,195.8,https://www.amazon.sg/Sailor-11-1038-240-Profitlight-Fountain-Shining/dp/B09FJP2RYN/ref=sr_1_58?dib=eyJ2IjoiMSJ9.Ki5bK12FzDpQw_JROSSjJnw7a9fOc-OClz7RB9mW05Sk5Yt_sNpGv6cp-2jiNLmpk973jHiFPje2jdJ_R4bl-GFzTs1IVcwXShTXah3HGJixar4YJEuGExf44tpUzCD_jo_-wFDUM4pR0cszS75T_IJan5dNwtVOCa3n1LRvd2o.lKT7DWMzyjgUVvvQ91H4YeMVsE-tE6Jq3W928B6uVFU&dib_tag=se&m=A1YKPOZG28EHWI&marketplaceID=A19VAU5U5O7RUS&qid=1776420836&refinements=p_36%3A19500-20000&s=merchant-items&sr=1-58&xpid=5xt-p85bextIq#customerReviews,"Sailor 11-1038-240 Profitlight Fountain Pen, Gold Trim, Shining Blue, Fine Point"
B09FJP2RYN,,,,
B07BH1YX7D,,196.08,https://www.amazon.sg/ORTLIEB-F78103-Bike-Black-Small/dp/B07BH1YX7D/ref=sr_1_59?dib=eyJ2IjoiMSJ9.Ki5bK12FzDpQw_JROSSjJnw7a9fOc-OClz7RB9mW05Sk5Yt_sNpGv6cp-2jiNLmpk973jHiFPje2jdJ_R4bl-GFzTs1IVcwXShTXah3HGJixar4YJEuGExf44tpUzCD_jo_-wFDUM4pR0cszS75T_IJan5dNwtVOCa3n1LRvd2o.lKT7DWMzyjgUVvvQ91H4YeMVsE-tE6Jq3W928B6uVFU&dib_tag=se&m=A1YKPOZG28EHWI&marketplaceID=A19VAU5U5O7RUS&qid=1776420836&refinements=p_36%3A19500-20000&s=merchant-items&sr=1-59&xpid=5xt-p85bextIq#customerReviews,ORTLIEB F78103 Bike Rack 3 Black Small
B07BH1YX7D,,,,
B016OQXPZU,,206.26,https://www.amazon.sg/Mallet-Raw-Red-Spring/dp/B016OQXPZU/ref=sr_1_65?dib=eyJ2IjoiMSJ9.EzQq9uSbHql7bgzfNvAWVtCUo2O3tNs1ryOERw7f36I22tLZLu5mOrgATBMbzpSS4l3RMcMZ6iBE74CkSf00Nw.lLswjlUayWfPTDkx7GqXJSgi48Z8bPzfu5_FrVpvP_A&dib_tag=se&m=A1YKPOZG28EHWI&marketplaceID=A19VAU5U5O7RUS&qid=1776420842&refinements=p_36%3A19500-20000&s=merchant-items&sr=1-65&xpid=5xt-p85bextIq#customerReviews,Crankbrothers Mallet MTB Bike Pedal
B016OQXPZU,,,,
B0BPVZBRGJ,,199.69,https://www.amazon.sg/KEEN-Womens-Zionic-Waterproof-Terrain/dp/B0BPVZBRGJ/ref=sr_1_66?dib=eyJ2IjoiMSJ9.EzQq9uSbHql7bgzfNvAWVtCUo2O3tNs1ryOERw7f36I22tLZLu5mOrgATBMbzpSS4l3RMcMZ6iBE74CkSf00Nw.lLswjlUayWfPTDkx7GqXJSgi48Z8bPzfu5_FrVpvP_A&dib_tag=se&m=A1YKPOZG28EHWI&marketplaceID=A19VAU5U5O7RUS&qid=1776420842&refinements=p_36%3A19500-20000&s=merchant-items&sr=1-66&xpid=5xt-p85bextIq#customerReviews,KEEN Women's Zionic Mid Height Waterproof All Terrain Hiking Boots
B0CLR52RDL,,198.28,https://www.amazon.sg/31825-Kintetsu-Smoking-Formation-Construction/dp/B0CLR52RDL/ref=sr_1_67?dib=eyJ2IjoiMSJ9.EzQq9uSbHql7bgzfNvAWVtCUo2O3tNs1ryOERw7f36I22tLZLu5mOrgATBMbzpSS4l3RMcMZ6iBE74CkSf00Nw.lLswjlUayWfPTDkx7GqXJSgi48Z8bPzfu5_FrVpvP_A&dib_tag=se&m=A1YKPOZG28EHWI&marketplaceID=A19VAU5U5O7RUS&qid=1776420842&refinements=p_36%3A19500-20000&s=merchant-items&sr=1-67&xpid=5xt-p85bextIq,"Green Max 31825 N Gauge Kintetsu 12410 Series (Old Paint, No Smoking Room, 12412 Formation), Basic 4-Car Construction Set (with Power)"
B0CLR52RDL,,,,
B0CCY5234J,,199.88,https://www.amazon.sg/COMPANY-Fig-Zero-Ultraman-12-inch-Arrival/dp/B0CCY5234J/ref=sr_1_68?dib=eyJ2IjoiMSJ9.EzQq9uSbHql7bgzfNvAWVtCUo2O3tNs1ryOERw7f36I22tLZLu5mOrgATBMbzpSS4l3RMcMZ6iBE74CkSf00Nw.lLswjlUayWfPTDkx7GqXJSgi48Z8bPzfu5_FrVpvP_A&dib_tag=se&m=A1YKPOZG28EHWI&marketplaceID=A19VAU5U5O7RUS&qid=1776420842&refinements=p_36%3A19500-20000&s=merchant-items&sr=1-68&xpid=5xt-p85bextIq#customerReviews,GOOD SMILE COMPANY Fig-Zero Thin Ultraman 12-inch Ultraman Arrival Version
B0C9M28BFP,,195.75,https://www.amazon.sg/Daiwa-LT3000S-C-Spinning-Reel-LEXA/dp/B0C9M28BFP/ref=sr_1_69?dib=eyJ2IjoiMSJ9.EzQq9uSbHql7bgzfNvAWVtCUo2O3tNs1ryOERw7f36I22tLZLu5mOrgATBMbzpSS4l3RMcMZ6iBE74CkSf00Nw.lLswjlUayWfPTDkx7GqXJSgi48Z8bPzfu5_FrVpvP_A&dib_tag=se&m=A1YKPOZG28EHWI&marketplaceID=A19VAU5U5O7RUS&qid=1776420842&refinements=p_36%3A19500-20000&s=merchant-items&sr=1-69&xpid=5xt-p85bextIq#customerReviews,"DAIWA Spinning Reel, LEXA, 2500-6000, Various (2023 Model)"
B0C9M28BFP,,,,
B09JSJK2C8,,195.02,https://www.amazon.sg/RITCHEY-BUTANO-BLATTE-Drop-Handlebar/dp/B09JSJK2C8/ref=sr_1_65?dib=eyJ2IjoiMSJ9.gYJWo13YeM7Qzj0UPgHYD_Vf5iIf_o71XW0m9pKMkFjsTHRxZ079E-QQasWml0VljzXs9X8x3iAZyAIriZKqkn9X2RWNW9eJcS57lJmvRoYzqXlZQHHr-ghKHLd0upSozo6IEWfKiFS3mqqBseoEoN6f_7UTuMIZWoRYRZpPe5w.IjcR4GW9kvlDEqol3fsUkT1k9po1lMqdiVHSq1GN1g4&dib_tag=se&m=A1YKPOZG28EHWI&marketplaceID=A19VAU5U5O7RUS&qid=1776420842&refinements=p_36%3A19500-20000&s=merchant-items&sr=1-65&xpid=5xt-p85bextIq,RITCHEY WCS Bar BUTANO V2 BLATTE 460 C-C Drop Handlebar
B09JSJK2C8,,,,
B097DQF7XV,,197.44,https://www.amazon.sg/Honda-Saddlebag-Stay-GB350-08L72-K0Z-J01/dp/B097DQF7XV/ref=sr_1_66?dib=eyJ2IjoiMSJ9.gYJWo13YeM7Qzj0UPgHYD_Vf5iIf_o71XW0m9pKMkFjsTHRxZ079E-QQasWml0VljzXs9X8x3iAZyAIriZKqkn9X2RWNW9eJcS57lJmvRoYzqXlZQHHr-ghKHLd0upSozo6IEWfKiFS3mqqBseoEoN6f_7UTuMIZWoRYRZpPe5w.IjcR4GW9kvlDEqol3fsUkT1k9po1lMqdiVHSq1GN1g4&dib_tag=se&m=A1YKPOZG28EHWI&marketplaceID=A19VAU5U5O7RUS&qid=1776420842&refinements=p_36%3A19500-20000&s=merchant-items&sr=1-66&xpid=5xt-p85bextIq#customerReviews,Honda Saddlebag Stay (Left Side) for GB350 (NC59) 08L72-K0Z-J01
B097DQF7XV,,,,
B08M354ZZ6,,198.8,https://www.amazon.sg/Nittaku-NC0466-Tennis-Racket-Straight/dp/B08M354ZZ6/ref=sr_1_67?dib=eyJ2IjoiMSJ9.gYJWo13YeM7Qzj0UPgHYD_Vf5iIf_o71XW0m9pKMkFjsTHRxZ079E-QQasWml0VljzXs9X8x3iAZyAIriZKqkn9X2RWNW9eJcS57lJmvRoYzqXlZQHHr-ghKHLd0upSozo6IEWfKiFS3mqqBseoEoN6f_7UTuMIZWoRYRZpPe5w.IjcR4GW9kvlDEqol3fsUkT1k9po1lMqdiVHSq1GN1g4&dib_tag=se&m=A1YKPOZG28EHWI&marketplaceID=A19VAU5U5O7RUS&qid=1776420842&refinements=p_36%3A19500-20000&s=merchant-items&sr=1-67&xpid=5xt-p85bextIq#customerReviews,"Nittaku Table Tennis Racket, Misaki Ito, Shake Hand, For Attack, Carbon"
B08M354ZZ6,,,,
B08HM3KHYH,,215.88,https://www.amazon.sg/Bandai-spirits-Metal-Striker-Included/dp/B08HM3KHYH/ref=sr_1_68?dib=eyJ2IjoiMSJ9.gYJWo13YeM7Qzj0UPgHYD_Vf5iIf_o71XW0m9pKMkFjsTHRxZ079E-QQasWml0VljzXs9X8x3iAZyAIriZKqkn9X2RWNW9eJcS57lJmvRoYzqXlZQHHr-ghKHLd0upSozo6IEWfKiFS3mqqBseoEoN6f_7UTuMIZWoRYRZpPe5w.IjcR4GW9kvlDEqol3fsUkT1k9po1lMqdiVHSq1GN1g4&dib_tag=se&m=A1YKPOZG28EHWI&marketplaceID=A19VAU5U5O7RUS&qid=1776420842&refinements=p_36%3A19500-20000&s=merchant-items&sr=1-68&xpid=5xt-p85bextIq#customerReviews,"Bandai spirits Metal Build Sword Striker, No Included MS Body"
B08D746JV3,,197.74,https://www.amazon.sg/DT-Swiss-Unisexs-HBDT9376S-Shifters/dp/B08D746JV3/ref=sr_1_69?dib=eyJ2IjoiMSJ9.gYJWo13YeM7Qzj0UPgHYD_Vf5iIf_o71XW0m9pKMkFjsTHRxZ079E-QQasWml0VljzXs9X8x3iAZyAIriZKqkn9X2RWNW9eJcS57lJmvRoYzqXlZQHHr-ghKHLd0upSozo6IEWfKiFS3mqqBseoEoN6f_7UTuMIZWoRYRZpPe5w.IjcR4GW9kvlDEqol3fsUkT1k9po1lMqdiVHSq1GN1g4&dib_tag=se&m=A1YKPOZG28EHWI&marketplaceID=A19VAU5U5O7RUS&qid=1776420842&refinements=p_36%3A19500-20000&s=merchant-items&sr=1-69&xpid=5xt-p85bextIq,DT Swiss Exp Ratchet Upgrade Kit
B08D746JV3,,,,
B07RVKY3D1,,199.35,https://www.amazon.sg/Kenko-Binocular-Compact-Watching-912102/dp/B07RVKY3D1/ref=sr_1_70?dib=eyJ2IjoiMSJ9.gYJWo13YeM7Qzj0UPgHYD_Vf5iIf_o71XW0m9pKMkFjsTHRxZ079E-QQasWml0VljzXs9X8x3iAZyAIriZKqkn9X2RWNW9eJcS57lJmvRoYzqXlZQHHr-ghKHLd0upSozo6IEWfKiFS3mqqBseoEoN6f_7UTuMIZWoRYRZpPe5w.IjcR4GW9kvlDEqol3fsUkT1k9po1lMqdiVHSq1GN1g4&dib_tag=se&m=A1YKPOZG28EHWI&marketplaceID=A19VAU5U5O7RUS&qid=1776420842&refinements=p_36%3A19500-20000&s=merchant-items&sr=1-70&xpid=5xt-p85bextIq#customerReviews,"Kenko Binocular SG EX 8x34 OP WP, Roof Prism, Water Proof, Compact Design, for Outdoor and Bird Watching, Concert 912102"
B07RVKY3D1,,,,
B07LH6N2SK,,208.11,https://www.amazon.sg/ENO-Outfitters-Lounger-Camping-Outdoor/dp/B07LH6N2SK/ref=sr_1_71?dib=eyJ2IjoiMSJ9.gYJWo13YeM7Qzj0UPgHYD_Vf5iIf_o71XW0m9pKMkFjsTHRxZ079E-QQasWml0VljzXs9X8x3iAZyAIriZKqkn9X2RWNW9eJcS57lJmvRoYzqXlZQHHr-ghKHLd0upSozo6IEWfKiFS3mqqBseoEoN6f_7UTuMIZWoRYRZpPe5w.IjcR4GW9kvlDEqol3fsUkT1k9po1lMqdiVHSq1GN1g4&dib_tag=se&m=A1YKPOZG28EHWI&marketplaceID=A19VAU5U5O7RUS&qid=1776420842&refinements=p_36%3A19500-20000&s=merchant-items&sr=1-71&xpid=5xt-p85bextIq#customerReviews,"ENO, Eagles Nest Outfitters Lounger SL Camping Chair, Outdoor Lounge Chair, Olive"
B07LH6N2SK,,,,
B07K4GNSGK,,206.77,https://www.amazon.sg/Ampeg-Classic-Analog-Preamp-Pedal/dp/B07K4GNSGK/ref=sr_1_72?dib=eyJ2IjoiMSJ9.gYJWo13YeM7Qzj0UPgHYD_Vf5iIf_o71XW0m9pKMkFjsTHRxZ079E-QQasWml0VljzXs9X8x3iAZyAIriZKqkn9X2RWNW9eJcS57lJmvRoYzqXlZQHHr-ghKHLd0upSozo6IEWfKiFS3mqqBseoEoN6f_7UTuMIZWoRYRZpPe5w.IjcR4GW9kvlDEqol3fsUkT1k9po1lMqdiVHSq1GN1g4&dib_tag=se&m=A1YKPOZG28EHWI&marketplaceID=A19VAU5U5O7RUS&qid=1776420842&refinements=p_36%3A19500-20000&s=merchant-items&sr=1-72&xpid=5xt-p85bextIq#customerReviews,Ampeg Classic Analog Bass Preamp Pedal
B07K4GNSGK,,,,
B00YIEW27S,,197.08,https://www.amazon.sg/ASTN007-2-Layer-Construction-Induction-Compatible/dp/B00YIEW27S/ref=sr_1_73?dib=eyJ2IjoiMSJ9.gYJWo13YeM7Qzj0UPgHYD_Vf5iIf_o71XW0m9pKMkFjsTHRxZ079E-QQasWml0VljzXs9X8x3iAZyAIriZKqkn9X2RWNW9eJcS57lJmvRoYzqXlZQHHr-ghKHLd0upSozo6IEWfKiFS3mqqBseoEoN6f_7UTuMIZWoRYRZpPe5w.IjcR4GW9kvlDEqol3fsUkT1k9po1lMqdiVHSq1GN1g4&dib_tag=se&m=A1YKPOZG28EHWI&marketplaceID=A19VAU5U5O7RUS&qid=1776420842&refinements=p_36%3A19500-20000&s=merchant-items&sr=1-73&xpid=5xt-p85bextIq#customerReviews,"Endo Shoji TKG ASTN007 IH Select Outer Wheel Pot, 11.8 inches (30 cm), 2-Layer Construction, Induction Compatible"
B00YIEW27S,,,,
B09WR6GHK7,,199.99,https://www.amazon.sg/ORTLIEB-F78105-Quick-Light-Black/dp/B09WR6GHK7/ref=sr_1_74?dib=eyJ2IjoiMSJ9.gYJWo13YeM7Qzj0UPgHYD_Vf5iIf_o71XW0m9pKMkFjsTHRxZ079E-QQasWml0VljzXs9X8x3iAZyAIriZKqkn9X2RWNW9eJcS57lJmvRoYzqXlZQHHr-ghKHLd0upSozo6IEWfKiFS3mqqBseoEoN6f_7UTuMIZWoRYRZpPe5w.IjcR4GW9kvlDEqol3fsUkT1k9po1lMqdiVHSq1GN1g4&dib_tag=se&m=A1YKPOZG28EHWI&marketplaceID=A19VAU5U5O7RUS&qid=1776420842&refinements=p_36%3A19500-20000&s=merchant-items&sr=1-74&xpid=5xt-p85bextIq#customerReviews,"ORTLIEB F78105 Quick Rack Light, Black, Small"
B09WR6GHK7,,,,
B0DVFYK8TB,,197.95,https://www.amazon.sg/TAMASHII-NATIONS-Spirits-GQuuuuuuuX-Reading/dp/B0DVFYK8TB/ref=sr_1_75?dib=eyJ2IjoiMSJ9.gYJWo13YeM7Qzj0UPgHYD_Vf5iIf_o71XW0m9pKMkFjsTHRxZ079E-QQasWml0VljzXs9X8x3iAZyAIriZKqkn9X2RWNW9eJcS57lJmvRoYzqXlZQHHr-ghKHLd0upSozo6IEWfKiFS3mqqBseoEoN6f_7UTuMIZWoRYRZpPe5w.IjcR4GW9kvlDEqol3fsUkT1k9po1lMqdiVHSq1GN1g4&dib_tag=se&m=A1YKPOZG28EHWI&marketplaceID=A19VAU5U5O7RUS&qid=1776420842&refinements=p_36%3A19500-20000&s=merchant-items&sr=1-75&xpid=5xt-p85bextIq#customerReviews,"TAMASHII NATIONS METAL ROBOT Spirits, Mobile Suit Gundam GQuuuuuuuX (Reading: Siegax) New Model"
B097P6WLGS,,201.99,https://www.amazon.sg/ThunderboltEX-Thunderbolt-DisplayPort-Interface-Expansion/dp/B097P6WLGS/ref=sr_1_81?dib=eyJ2IjoiMSJ9.KdmBwPxDpA5lhYGuYpX6YgsJ49BVF8YBtVQC7T58mG6DgcyhysVhtQA-4qp-pp6pEogPUL0VTkrDXCxYrLkO-Q.PvI3XFwvfIKVlHOmyls8m_mDGupxi0w33ep2OruF6LA&dib_tag=se&m=A1YKPOZG28EHWI&marketplaceID=A19VAU5U5O7RUS&qid=1776420847&refinements=p_36%3A19500-20000&s=merchant-items&sr=1-81&xpid=5xt-p85bextIq#customerReviews,ASUSTek ThunderboltEX 4 Dual Thunderbolt 4 (USB‑C) Port DisplayPort 1.4 PCIe 3.0x4 Interface Expansion Card
B097P6WLGS,,,,
B07TBSJWVT,,199.13,https://www.amazon.sg/KEEN-Newport-Closed-Water-Sandals/dp/B07TBSJWVT/ref=sr_1_82?dib=eyJ2IjoiMSJ9.KdmBwPxDpA5lhYGuYpX6YgsJ49BVF8YBtVQC7T58mG6DgcyhysVhtQA-4qp-pp6pEogPUL0VTkrDXCxYrLkO-Q.PvI3XFwvfIKVlHOmyls8m_mDGupxi0w33ep2OruF6LA&dib_tag=se&m=A1YKPOZG28EHWI&marketplaceID=A19VAU5U5O7RUS&qid=1776420847&refinements=p_36%3A19500-20000&s=merchant-items&sr=1-82&xpid=5xt-p85bextIq#customerReviews,KEEN Men's Newport H2 Closed Toe Water Sandal
B07TBSJWVT,,,,
B0D93HNR9S,,195.8,https://www.amazon.sg/Wilson-Tennis-Badminton-Racquet-Black/dp/B0D93HNR9S/ref=sr_1_83?dib=eyJ2IjoiMSJ9.KdmBwPxDpA5lhYGuYpX6YgsJ49BVF8YBtVQC7T58mG6DgcyhysVhtQA-4qp-pp6pEogPUL0VTkrDXCxYrLkO-Q.PvI3XFwvfIKVlHOmyls8m_mDGupxi0w33ep2OruF6LA&dib_tag=se&m=A1YKPOZG28EHWI&marketplaceID=A19VAU5U5O7RUS&qid=1776420847&refinements=p_36%3A19500-20000&s=merchant-items&sr=1-83&xpid=5xt-p85bextIq#customerReviews,Wilson Tennis Badminton Racket Bag COURAGE COLLECTION (College Collection) Holds 2 to 15 Racquets (Based on Medium Weight Racquets)
B0D93HNR9S,,,,
B08DG1GTR6,,229.04,https://www.amazon.sg/Snow-Peak-ST-021-Campfire-Activities/dp/B08DG1GTR6/ref=sr_1_84?dib=eyJ2IjoiMSJ9.KdmBwPxDpA5lhYGuYpX6YgsJ49BVF8YBtVQC7T58mG6DgcyhysVhtQA-4qp-pp6pEogPUL0VTkrDXCxYrLkO-Q.PvI3XFwvfIKVlHOmyls8m_mDGupxi0w33ep2OruF6LA&dib_tag=se&m=A1YKPOZG28EHWI&marketplaceID=A19VAU5U5O7RUS&qid=1776420847&refinements=p_36%3A19500-20000&s=merchant-items&sr=1-84&xpid=5xt-p85bextIq#customerReviews,"Snow Peak SR ST-021 Campfire Stand, Camping, Outdoor Activities"
B08DG1GTR6,,,,
B001EQE9H4,,195.04,https://www.amazon.sg/Machine-KTC-Neplos-Semi-Deep-NTB3M06A/dp/B001EQE9H4/ref=sr_1_85?dib=eyJ2IjoiMSJ9.KdmBwPxDpA5lhYGuYpX6YgsJ49BVF8YBtVQC7T58mG6DgcyhysVhtQA-4qp-pp6pEogPUL0VTkrDXCxYrLkO-Q.PvI3XFwvfIKVlHOmyls8m_mDGupxi0w33ep2OruF6LA&dib_tag=se&m=A1YKPOZG28EHWI&marketplaceID=A19VAU5U5O7RUS&qid=1776420847&refinements=p_36%3A19500-20000&s=merchant-items&sr=1-85&xpid=5xt-p85bextIq#customerReviews,"Kyoto Machine Tools (KTC) Neplos 3/8 Inch (9.5 mm) Semi-Deep Socket Set, Set of 6 NTB3M06A"
B001EQE9H4,,,,
B086TC875F,,214.79,https://www.amazon.sg/Frame-Bag-Topeak-TourGuide-HandleBar/dp/B086TC875F/ref=sr_1_81?dib=eyJ2IjoiMSJ9.EjD4AZ7C1cXl6U1k2txsJElIGLHXxhtTjLKztVZqknQla_CruhknI90_FBH0kuJ3ME1TVT5P4nDUdT0Avv9_HRz-nBchkUib8DdQx7PkJiN39BHw6dVjXCNVWpTnXZLXXonqCe3KDi8bdKpOh3Wr4ytBqsfknWdpzbRlJZzRoDs.T7Ufj9ZYxlcCwxYg32sU7wywT1aHcvxTjoEIz6s_45E&dib_tag=se&m=A1YKPOZG28EHWI&marketplaceID=A19VAU5U5O7RUS&qid=1776420847&refinements=p_36%3A19500-20000&s=merchant-items&sr=1-81&xpid=5xt-p85bextIq#customerReviews,Frame Bag Topeak TourGuide HandleBar Bag DX
B086TC875F,,,,
B081DH7N4D,,216.57,https://www.amazon.sg/TOPEAK-Unisex-Tetrarack-Rack-Black/dp/B081DH7N4D/ref=sr_1_82?dib=eyJ2IjoiMSJ9.EjD4AZ7C1cXl6U1k2txsJElIGLHXxhtTjLKztVZqknQla_CruhknI90_FBH0kuJ3ME1TVT5P4nDUdT0Avv9_HRz-nBchkUib8DdQx7PkJiN39BHw6dVjXCNVWpTnXZLXXonqCe3KDi8bdKpOh3Wr4ytBqsfknWdpzbRlJZzRoDs.T7Ufj9ZYxlcCwxYg32sU7wywT1aHcvxTjoEIz6s_45E&dib_tag=se&m=A1YKPOZG28EHWI&marketplaceID=A19VAU5U5O7RUS&qid=1776420847&refinements=p_36%3A19500-20000&s=merchant-items&sr=1-82&xpid=5xt-p85bextIq#customerReviews,Topeak Tetrarack M2 R
B081DH7N4D,,,,
B0B1DXB87G,,198.82,https://www.amazon.sg/FitVille-Walking-Men-Sneakers-Relief/dp/B0B1DXB87G/ref=sr_1_83?dib=eyJ2IjoiMSJ9.EjD4AZ7C1cXl6U1k2txsJElIGLHXxhtTjLKztVZqknQla_CruhknI90_FBH0kuJ3ME1TVT5P4nDUdT0Avv9_HRz-nBchkUib8DdQx7PkJiN39BHw6dVjXCNVWpTnXZLXXonqCe3KDi8bdKpOh3Wr4ytBqsfknWdpzbRlJZzRoDs.T7Ufj9ZYxlcCwxYg32sU7wywT1aHcvxTjoEIz6s_45E&dib_tag=se&m=A1YKPOZG28EHWI&marketplaceID=A19VAU5U5O7RUS&qid=1776420847&refinements=p_36%3A19500-20000&s=merchant-items&sr=1-83&xpid=5xt-p85bextIq#customerReviews,FitVille womens Rebound Core for WomenSneaker
B005M0BIHM,,198.52,https://www.amazon.sg/BG66UM-2-Badminton-Strings-Ultimate-Metallic/dp/B005M0BIHM/ref=sr_1_84?dib=eyJ2IjoiMSJ9.EjD4AZ7C1cXl6U1k2txsJElIGLHXxhtTjLKztVZqknQla_CruhknI90_FBH0kuJ3ME1TVT5P4nDUdT0Avv9_HRz-nBchkUib8DdQx7PkJiN39BHw6dVjXCNVWpTnXZLXXonqCe3KDi8bdKpOh3Wr4ytBqsfknWdpzbRlJZzRoDs.T7Ufj9ZYxlcCwxYg32sU7wywT1aHcvxTjoEIz6s_45E&dib_tag=se&m=A1YKPOZG28EHWI&marketplaceID=A19VAU5U5O7RUS&qid=1776420847&refinements=p_36%3A19500-20000&s=merchant-items&sr=1-84&xpid=5xt-p85bextIq#customerReviews,ヨネックス(YONEX) バドミントン ストリング BG66アルティマックス BG66 ULTIMAX
B005M0BIHM,,,,
B09F26FTM9,,203.24,https://www.amazon.sg/Tamashi-Nations-Evangelion-Production-Model-08y/dp/B09F26FTM9/ref=sr_1_85?dib=eyJ2IjoiMSJ9.EjD4AZ7C1cXl6U1k2txsJElIGLHXxhtTjLKztVZqknQla_CruhknI90_FBH0kuJ3ME1TVT5P4nDUdT0Avv9_HRz-nBchkUib8DdQx7PkJiN39BHw6dVjXCNVWpTnXZLXXonqCe3KDi8bdKpOh3Wr4ytBqsfknWdpzbRlJZzRoDs.T7Ufj9ZYxlcCwxYg32sU7wywT1aHcvxTjoEIz6s_45E&dib_tag=se&m=A1YKPOZG28EHWI&marketplaceID=A19VAU5U5O7RUS&qid=1776420847&refinements=p_36%3A19500-20000&s=merchant-items&sr=1-85&xpid=5xt-p85bextIq#customerReviews,"Tamashi Nations - Evangelion:3.0+1.0 Thrice Upon a Time - Evangelion Production Model-08y, Bandai Spirits Robot Spirits"
B0D69HZ48P,,198.19,https://www.amazon.sg/Stabilizer-Smartphone-AI-Tracking-AOCHUAN/dp/B0D69HZ48P/ref=sr_1_86?dib=eyJ2IjoiMSJ9.EjD4AZ7C1cXl6U1k2txsJElIGLHXxhtTjLKztVZqknQla_CruhknI90_FBH0kuJ3ME1TVT5P4nDUdT0Avv9_HRz-nBchkUib8DdQx7PkJiN39BHw6dVjXCNVWpTnXZLXXonqCe3KDi8bdKpOh3Wr4ytBqsfknWdpzbRlJZzRoDs.T7Ufj9ZYxlcCwxYg32sU7wywT1aHcvxTjoEIz6s_45E&dib_tag=se&m=A1YKPOZG28EHWI&marketplaceID=A19VAU5U5O7RUS&qid=1776420847&refinements=p_36%3A19500-20000&s=merchant-items&sr=1-86&xpid=5xt-p85bextIq#customerReviews,"Gimbal Stabilizer for Smartphone AI Tracking(No App), 3-axis Gimbal with OLED Display/Built-in Light, Stabilizer for iPhone&Android, AOCHUAN X Pro Grey AI Version"
B0D69HZ48P,,,,
B0CVN7NNQN,,197.52,https://www.amazon.sg/BRGB33420R-Baseball-Winning-All-Round-Pastel/dp/B0CVN7NNQN/ref=sr_1_87?dib=eyJ2IjoiMSJ9.EjD4AZ7C1cXl6U1k2txsJElIGLHXxhtTjLKztVZqknQla_CruhknI90_FBH0kuJ3ME1TVT5P4nDUdT0Avv9_HRz-nBchkUib8DdQx7PkJiN39BHw6dVjXCNVWpTnXZLXXonqCe3KDi8bdKpOh3Wr4ytBqsfknWdpzbRlJZzRoDs.T7Ufj9ZYxlcCwxYg32sU7wywT1aHcvxTjoEIz6s_45E&dib_tag=se&m=A1YKPOZG28EHWI&marketplaceID=A19VAU5U5O7RUS&qid=1776420847&refinements=p_36%3A19500-20000&s=merchant-items&sr=1-87&xpid=5xt-p85bextIq,ZETT BRGB33420R Soft Baseball Glove Winning Road All-Round Pastel Brown x Black Right Throw Size: 6
B0CVN7NNQN,,,,
B0CRQXV41J,,197.77,https://www.amazon.sg/10-1879-Gauge-Nocturnal-Railway-Passenger/dp/B0CRQXV41J/ref=sr_1_88?dib=eyJ2IjoiMSJ9.EjD4AZ7C1cXl6U1k2txsJElIGLHXxhtTjLKztVZqknQla_CruhknI90_FBH0kuJ3ME1TVT5P4nDUdT0Avv9_HRz-nBchkUib8DdQx7PkJiN39BHw6dVjXCNVWpTnXZLXXonqCe3KDi8bdKpOh3Wr4ytBqsfknWdpzbRlJZzRoDs.T7Ufj9ZYxlcCwxYg32sU7wywT1aHcvxTjoEIz6s_45E&dib_tag=se&m=A1YKPOZG28EHWI&marketplaceID=A19VAU5U5O7RUS&qid=1776420847&refinements=p_36%3A19500-20000&s=merchant-items&sr=1-88&xpid=5xt-p85bextIq#customerReviews,"KATO 10-1879 N Gauge Nocturnal ""Sanin"" 9-Car Set 10-1879 Railway Model Passenger Car"
B0CRQXV41J,,,,
B0CPHZ6SM1,,195.92,https://www.amazon.sg/Xanax-BRG24DB1S-Baseball-Pitcher-Spectus/dp/B0CPHZ6SM1/ref=sr_1_89?dib=eyJ2IjoiMSJ9.EjD4AZ7C1cXl6U1k2txsJElIGLHXxhtTjLKztVZqknQla_CruhknI90_FBH0kuJ3ME1TVT5P4nDUdT0Avv9_HRz-nBchkUib8DdQx7PkJiN39BHw6dVjXCNVWpTnXZLXXonqCe3KDi8bdKpOh3Wr4ytBqsfknWdpzbRlJZzRoDs.T7Ufj9ZYxlcCwxYg32sU7wywT1aHcvxTjoEIz6s_45E&dib_tag=se&m=A1YKPOZG28EHWI&marketplaceID=A19VAU5U5O7RUS&qid=1776420847&refinements=p_36%3A19500-20000&s=merchant-items&sr=1-89&xpid=5xt-p85bextIq,Xanax BRG24DB1S Baseball Soft Baseball Right Throw Soft Pitcher Grab Spectus DR Orange (DR20) R (Right Throw)
B0CPHZ6SM1,,,,
B0CMC4K3L2,,198.11,https://www.amazon.sg/Gauge-Kuroshio-6-Car-10-1179S-Railway/dp/B0CMC4K3L2/ref=sr_1_90?dib=eyJ2IjoiMSJ9.EjD4AZ7C1cXl6U1k2txsJElIGLHXxhtTjLKztVZqknQla_CruhknI90_FBH0kuJ3ME1TVT5P4nDUdT0Avv9_HRz-nBchkUib8DdQx7PkJiN39BHw6dVjXCNVWpTnXZLXXonqCe3KDi8bdKpOh3Wr4ytBqsfknWdpzbRlJZzRoDs.T7Ufj9ZYxlcCwxYg32sU7wywT1aHcvxTjoEIz6s_45E&dib_tag=se&m=A1YKPOZG28EHWI&marketplaceID=A19VAU5U5O7RUS&qid=1776420847&refinements=p_36%3A19500-20000&s=merchant-items&sr=1-90&xpid=5xt-p85bextIq#customerReviews,KATO N Gauge 287 Series Kuroshio 6-Car Basic Set 10-1179S Railway Model Train
B0CMC4K3L2,,,,
B0CJ4VGK2T,,199.34,https://www.amazon.sg/Character-Vocal-Hatsune-Miku-Plush/dp/B0CJ4VGK2T/ref=sr_1_91?dib=eyJ2IjoiMSJ9.EjD4AZ7C1cXl6U1k2txsJElIGLHXxhtTjLKztVZqknQla_CruhknI90_FBH0kuJ3ME1TVT5P4nDUdT0Avv9_HRz-nBchkUib8DdQx7PkJiN39BHw6dVjXCNVWpTnXZLXXonqCe3KDi8bdKpOh3Wr4ytBqsfknWdpzbRlJZzRoDs.T7Ufj9ZYxlcCwxYg32sU7wywT1aHcvxTjoEIz6s_45E&dib_tag=se&m=A1YKPOZG28EHWI&marketplaceID=A19VAU5U5O7RUS&qid=1776420847&refinements=p_36%3A19500-20000&s=merchant-items&sr=1-91&xpid=5xt-p85bextIq,Character Vocal Series 01 Hatsune Miku Big Plush MIKU EXPO 2021
B0CBTRKWQW,,197.52,https://www.amazon.sg/BJFB71413S-Baseball-First-Stage-Baseman/dp/B0CBTRKWQW/ref=sr_1_97?dib=eyJ2IjoiMSJ9.QsTVZRkoE4rcncku4SCk7qvsDVoUtfyr8mEg4eberowOEIGflyefjVIb1waMgB37nlN2wN8xWPetUKwIFJuMhg.WoSHEmwfFNYI49NM58JkPg754jYuSE77I9vgaJ9h-Qg&dib_tag=se&m=A1YKPOZG28EHWI&marketplaceID=A19VAU5U5O7RUS&qid=1776420852&refinements=p_36%3A19500-20000&s=merchant-items&sr=1-97&xpid=5xt-p85bextIq,"ZETT BJFB71413S Boys Baseball First Mitt, Zero One Stage, For First Baseman, Right Throw"
B0CBTRKWQW,,,,
B0CBTR5RTW,,197.52,https://www.amazon.sg/BJFB71413S-Baseball-First-Stage-Baseman/dp/B0CBTR5RTW/ref=sr_1_98?dib=eyJ2IjoiMSJ9.QsTVZRkoE4rcncku4SCk7qvsDVoUtfyr8mEg4eberowOEIGflyefjVIb1waMgB37nlN2wN8xWPetUKwIFJuMhg.WoSHEmwfFNYI49NM58JkPg754jYuSE77I9vgaJ9h-Qg&dib_tag=se&m=A1YKPOZG28EHWI&marketplaceID=A19VAU5U5O7RUS&qid=1776420852&refinements=p_36%3A19500-20000&s=merchant-items&sr=1-98&xpid=5xt-p85bextIq,"ZETT BJFB71413S Boys Baseball First Mitt, Zero One Stage, For First Baseman, Right Throw"
B0CBTR5RTW,,,,
B0CBTQ1N2D,,197.52,https://www.amazon.sg/BRGB33420R-Baseball-Winning-All-round-Right/dp/B0CBTQ1N2D/ref=sr_1_99?dib=eyJ2IjoiMSJ9.QsTVZRkoE4rcncku4SCk7qvsDVoUtfyr8mEg4eberowOEIGflyefjVIb1waMgB37nlN2wN8xWPetUKwIFJuMhg.WoSHEmwfFNYI49NM58JkPg754jYuSE77I9vgaJ9h-Qg&dib_tag=se&m=A1YKPOZG28EHWI&marketplaceID=A19VAU5U5O7RUS&qid=1776420852&refinements=p_36%3A19500-20000&s=merchant-items&sr=1-99&xpid=5xt-p85bextIq,"ZETT BRGB33420R Soft Baseball Grab, Winning Road, All-round, Right Throw"
B0CBTQ1N2D,,,,
B0C7L11NXT,,198.97,https://www.amazon.sg/SUNTOUR-Suspension-Protective-31-6X350mm-Silver/dp/B0C7L11NXT/ref=sr_1_100?dib=eyJ2IjoiMSJ9.QsTVZRkoE4rcncku4SCk7qvsDVoUtfyr8mEg4eberowOEIGflyefjVIb1waMgB37nlN2wN8xWPetUKwIFJuMhg.WoSHEmwfFNYI49NM58JkPg754jYuSE77I9vgaJ9h-Qg&dib_tag=se&m=A1YKPOZG28EHWI&marketplaceID=A19VAU5U5O7RUS&qid=1776420852&refinements=p_36%3A19500-20000&s=merchant-items&sr=1-100&xpid=5xt-p85bextIq,"Walking Cane with Dual Handle, All Terrain Walking Cane with LED Lights and Alarms - Foldable, Adjustable, Collapsible, Free Standing Cane, Pivot Tip, Heavy Duty | Walking Sticks"
B0C7L11NXT,,,,
B0C1SB5FJZ,,196.33,https://www.amazon.sg/TOOL-LAB-Leather-Pocket-%E3%80%90Tochigi-Leather%E3%80%91/dp/B0C1SB5FJZ/ref=sr_1_101?dib=eyJ2IjoiMSJ9.QsTVZRkoE4rcncku4SCk7qvsDVoUtfyr8mEg4eberowOEIGflyefjVIb1waMgB37nlN2wN8xWPetUKwIFJuMhg.WoSHEmwfFNYI49NM58JkPg754jYuSE77I9vgaJ9h-Qg&dib_tag=se&m=A1YKPOZG28EHWI&marketplaceID=A19VAU5U5O7RUS&qid=1776420852&refinements=p_36%3A19500-20000&s=merchant-items&sr=1-101&xpid=5xt-p85bextIq#customerReviews,Leather Work Pocket DOPE 【Tochigi Leather】 Made in Japan (Brown)
B0C1SB5FJZ,,,,
B0BYHMB25T,,198.3,https://www.amazon.sg/Wilson-Burn-100LS-Tennis-Racquet/dp/B0BYHMB25T/ref=sr_1_97?dib=eyJ2IjoiMSJ9.dKup65Se9FDE3PLLP5qaoeOkvRV2OQ_mX8m5crGxVZQmC0gX0hqkSUpAJgKbvFNyCuow67MhFdgVyRM_-OCIF8yQXx0x9nwxBS72JACxdbLAbkl-UYUyFcWUFx6CkPLmuv6J7kDbM4E3DfhoDzbDTejHT6qqpL0VzmXovjIBINg.SjzNbYbFJJR5diqTFV6KpId9PqJVpf1b7CLloA1Rhyk&dib_tag=se&m=A1YKPOZG28EHWI&marketplaceID=A19VAU5U5O7RUS&qid=1776420852&refinements=p_36%3A19500-20000&s=merchant-items&sr=1-97&xpid=5xt-p85bextIq#customerReviews,Wilson Burn 100LS v5.0 Tennis Racquet
B0BVQL72WH,,198.57,https://www.amazon.sg/Lemnos-Analog-Natural-Chestnut-PIL23-04/dp/B0BVQL72WH/ref=sr_1_98?dib=eyJ2IjoiMSJ9.dKup65Se9FDE3PLLP5qaoeOkvRV2OQ_mX8m5crGxVZQmC0gX0hqkSUpAJgKbvFNyCuow67MhFdgVyRM_-OCIF8yQXx0x9nwxBS72JACxdbLAbkl-UYUyFcWUFx6CkPLmuv6J7kDbM4E3DfhoDzbDTejHT6qqpL0VzmXovjIBINg.SjzNbYbFJJR5diqTFV6KpId9PqJVpf1b7CLloA1Rhyk&dib_tag=se&m=A1YKPOZG28EHWI&marketplaceID=A19VAU5U5O7RUS&qid=1776420852&refinements=p_36%3A19500-20000&s=merchant-items&sr=1-98&xpid=5xt-p85bextIq,Lemnos Wall Clock Analog Basin Number Natural Color Wood Chestnut Basin Number Natural PIL23-04 NT Lemnos
B0BVQL72WH,,,,
B0BP259CSK,,195.62,https://www.amazon.sg/NFHK-Type-C-Enclosure-20Gbps-Adapter/dp/B0BP259CSK/ref=sr_1_99?dib=eyJ2IjoiMSJ9.dKup65Se9FDE3PLLP5qaoeOkvRV2OQ_mX8m5crGxVZQmC0gX0hqkSUpAJgKbvFNyCuow67MhFdgVyRM_-OCIF8yQXx0x9nwxBS72JACxdbLAbkl-UYUyFcWUFx6CkPLmuv6J7kDbM4E3DfhoDzbDTejHT6qqpL0VzmXovjIBINg.SjzNbYbFJJR5diqTFV6KpId9PqJVpf1b7CLloA1Rhyk&dib_tag=se&m=A1YKPOZG28EHWI&marketplaceID=A19VAU5U5O7RUS&qid=1776420852&refinements=p_36%3A19500-20000&s=merchant-items&sr=1-99&xpid=5xt-p85bextIq#customerReviews,NFHK Dual NVME M.2 NGFF M-Key to USB-C Type-C Raid0 Raid1 JOBD Big Enclosure 20Gbps with Fan Raid0 Hyper Adapter
B0BP259CSK,,,,
B0BKZTM35Y,,198.22,https://www.amazon.sg/NUX-NDO-6-Overdrive-Stacked-Horseman/dp/B0BKZTM35Y/ref=sr_1_100?dib=eyJ2IjoiMSJ9.dKup65Se9FDE3PLLP5qaoeOkvRV2OQ_mX8m5crGxVZQmC0gX0hqkSUpAJgKbvFNyCuow67MhFdgVyRM_-OCIF8yQXx0x9nwxBS72JACxdbLAbkl-UYUyFcWUFx6CkPLmuv6J7kDbM4E3DfhoDzbDTejHT6qqpL0VzmXovjIBINg.SjzNbYbFJJR5diqTFV6KpId9PqJVpf1b7CLloA1Rhyk&dib_tag=se&m=A1YKPOZG28EHWI&marketplaceID=A19VAU5U5O7RUS&qid=1776420852&refinements=p_36%3A19500-20000&s=merchant-items&sr=1-100&xpid=5xt-p85bextIq#customerReviews,NUX NDO-6 Queen of Tone Dual Overdrive Pedal Stacked with Horseman and Morning Star
B0BKZTM35Y,,,,
B0BDK8V9R9,,195.07,https://www.amazon.sg/Daiwa-Works-Spool-Tail-Length/dp/B0BDK8V9R9/ref=sr_1_101?dib=eyJ2IjoiMSJ9.dKup65Se9FDE3PLLP5qaoeOkvRV2OQ_mX8m5crGxVZQmC0gX0hqkSUpAJgKbvFNyCuow67MhFdgVyRM_-OCIF8yQXx0x9nwxBS72JACxdbLAbkl-UYUyFcWUFx6CkPLmuv6J7kDbM4E3DfhoDzbDTejHT6qqpL0VzmXovjIBINg.SjzNbYbFJJR5diqTFV6KpId9PqJVpf1b7CLloA1Rhyk&dib_tag=se&m=A1YKPOZG28EHWI&marketplaceID=A19VAU5U5O7RUS&qid=1776420852&refinements=p_36%3A19500-20000&s=merchant-items&sr=1-101&xpid=5xt-p85bextIq#customerReviews,Daiwa Slp Works 22 RCS ISO Spool Thick/Tail Length
B0BDK8V9R9,,,,
B0BBVN3N2T,,196.97,https://www.amazon.sg/AddOn-TRVDKC4-Docking-Station/dp/B0BBVN3N2T/ref=sr_1_102?dib=eyJ2IjoiMSJ9.dKup65Se9FDE3PLLP5qaoeOkvRV2OQ_mX8m5crGxVZQmC0gX0hqkSUpAJgKbvFNyCuow67MhFdgVyRM_-OCIF8yQXx0x9nwxBS72JACxdbLAbkl-UYUyFcWUFx6CkPLmuv6J7kDbM4E3DfhoDzbDTejHT6qqpL0VzmXovjIBINg.SjzNbYbFJJR5diqTFV6KpId9PqJVpf1b7CLloA1Rhyk&dib_tag=se&m=A1YKPOZG28EHWI&marketplaceID=A19VAU5U5O7RUS&qid=1776420852&refinements=p_36%3A19500-20000&s=merchant-items&sr=1-102&xpid=5xt-p85bextIq,AddOn Docking Station
B0BBVN3N2T,,,,
B0B7KY4XGG,,195.96,https://www.amazon.sg/Bandai-Transformation-Desire-Raising-Recommended/dp/B0B7KY4XGG/ref=sr_1_103?dib=eyJ2IjoiMSJ9.dKup65Se9FDE3PLLP5qaoeOkvRV2OQ_mX8m5crGxVZQmC0gX0hqkSUpAJgKbvFNyCuow67MhFdgVyRM_-OCIF8yQXx0x9nwxBS72JACxdbLAbkl-UYUyFcWUFx6CkPLmuv6J7kDbM4E3DfhoDzbDTejHT6qqpL0VzmXovjIBINg.SjzNbYbFJJR5diqTFV6KpId9PqJVpf1b7CLloA1Rhyk&dib_tag=se&m=A1YKPOZG28EHWI&marketplaceID=A19VAU5U5O7RUS&qid=1776420852&refinements=p_36%3A19500-20000&s=merchant-items&sr=1-103&xpid=5xt-p85bextIq#customerReviews,"Bandai Kamen Rider Gear Transformation Belt, DX Desire Driver, Zombie Raising Buckle & Raise Buckle Holder (Recommended Age: 3 years and up)"
B0B7KR26ZG,,198.0,https://www.amazon.sg/DAIWA-Fishing-Outdoor-Camping-Magenta/dp/B0B7KR26ZG/ref=sr_1_104?dib=eyJ2IjoiMSJ9.dKup65Se9FDE3PLLP5qaoeOkvRV2OQ_mX8m5crGxVZQmC0gX0hqkSUpAJgKbvFNyCuow67MhFdgVyRM_-OCIF8yQXx0x9nwxBS72JACxdbLAbkl-UYUyFcWUFx6CkPLmuv6J7kDbM4E3DfhoDzbDTejHT6qqpL0VzmXovjIBINg.SjzNbYbFJJR5diqTFV6KpId9PqJVpf1b7CLloA1Rhyk&dib_tag=se&m=A1YKPOZG28EHWI&marketplaceID=A19VAU5U5O7RUS&qid=1776420852&refinements=p_36%3A19500-20000&s=merchant-items&sr=1-104&xpid=5xt-p85bextIq#customerReviews,"Daiwa Cooler Box for Fishing, Outdoors, Camping"
B0B7KR26ZG,,,,
B09YRV3D6K,,199.33,https://www.amazon.sg/BANDAI-SPIRITS-00820000-spirits-S-H-Figuarts/dp/B09YRV3D6K/ref=sr_1_105?dib=eyJ2IjoiMSJ9.dKup65Se9FDE3PLLP5qaoeOkvRV2OQ_mX8m5crGxVZQmC0gX0hqkSUpAJgKbvFNyCuow67MhFdgVyRM_-OCIF8yQXx0x9nwxBS72JACxdbLAbkl-UYUyFcWUFx6CkPLmuv6J7kDbM4E3DfhoDzbDTejHT6qqpL0VzmXovjIBINg.SjzNbYbFJJR5diqTFV6KpId9PqJVpf1b7CLloA1Rhyk&dib_tag=se&m=A1YKPOZG28EHWI&marketplaceID=A19VAU5U5O7RUS&qid=1776420852&refinements=p_36%3A19500-20000&s=merchant-items&sr=1-105&xpid=5xt-p85bextIq#customerReviews,Bandai spirits S.H.Figuarts Zarbon
B09HRQTGSZ,,200.0,https://www.amazon.sg/Yamazaki-5545-Approx-inches-Protects/dp/B09HRQTGSZ/ref=sr_1_106?dib=eyJ2IjoiMSJ9.dKup65Se9FDE3PLLP5qaoeOkvRV2OQ_mX8m5crGxVZQmC0gX0hqkSUpAJgKbvFNyCuow67MhFdgVyRM_-OCIF8yQXx0x9nwxBS72JACxdbLAbkl-UYUyFcWUFx6CkPLmuv6J7kDbM4E3DfhoDzbDTejHT6qqpL0VzmXovjIBINg.SjzNbYbFJJR5diqTFV6KpId9PqJVpf1b7CLloA1Rhyk&dib_tag=se&m=A1YKPOZG28EHWI&marketplaceID=A19VAU5U5O7RUS&qid=1776420852&refinements=p_36%3A19500-20000&s=merchant-items&sr=1-106&xpid=5xt-p85bextIq#customerReviews,"Yamazaki 5545 Soap Tray with Cover, Black, Approx. W 4.5 x D 3.3 x H 2.4 inches (11.5 x 8.5 x 6 cm), Tower, Protects Soap from Water"
B09HRQTGSZ,,,,
B09FKVK27B,,198.97,https://www.amazon.sg/RKG-2111-Rookies-Gloves-Right-Throw/dp/B09FKVK27B/ref=sr_1_107?dib=eyJ2IjoiMSJ9.dKup65Se9FDE3PLLP5qaoeOkvRV2OQ_mX8m5crGxVZQmC0gX0hqkSUpAJgKbvFNyCuow67MhFdgVyRM_-OCIF8yQXx0x9nwxBS72JACxdbLAbkl-UYUyFcWUFx6CkPLmuv6J7kDbM4E3DfhoDzbDTejHT6qqpL0VzmXovjIBINg.SjzNbYbFJJR5diqTFV6KpId9PqJVpf1b7CLloA1Rhyk&dib_tag=se&m=A1YKPOZG28EHWI&marketplaceID=A19VAU5U5O7RUS&qid=1776420852&refinements=p_36%3A19500-20000&s=merchant-items&sr=1-107&xpid=5xt-p85bextIq,"RKG-2111 Rookies Series Soft Gloves, Black"
B09FKVK27B,,,,
B09HRQTGSZ,,200.0,https://www.amazon.sg/Yamazaki-5545-Approx-inches-Protects/dp/B09HRQTGSZ/ref=sr_1_113?dib=eyJ2IjoiMSJ9.X64V0IQpVUQhkcgYiLVtNiIZ66wLk6XLoonfmOkvhZiXRV6iSNz6pycWvp0p3RwVaqpUsh1tmdHHnk_sJmdR3w.likezWE4ESNobMYUY_rsbX6zc9cN6WlcJV4elF0274E&dib_tag=se&m=A1YKPOZG28EHWI&marketplaceID=A19VAU5U5O7RUS&qid=1776420857&refinements=p_36%3A19500-20000&s=merchant-items&sr=1-113&xpid=5xt-p85bextIq#customerReviews,"Yamazaki 5545 Soap Tray with Cover, Black, Approx. W 4.5 x D 3.3 x H 2.4 inches (11.5 x 8.5 x 6 cm), Tower, Protects Soap from Water"
B09HRQTGSZ,,,,
B09FKVK27B,,198.97,https://www.amazon.sg/RKG-2111-Rookies-Gloves-Right-Throw/dp/B09FKVK27B/ref=sr_1_114?dib=eyJ2IjoiMSJ9.X64V0IQpVUQhkcgYiLVtNiIZ66wLk6XLoonfmOkvhZiXRV6iSNz6pycWvp0p3RwVaqpUsh1tmdHHnk_sJmdR3w.likezWE4ESNobMYUY_rsbX6zc9cN6WlcJV4elF0274E&dib_tag=se&m=A1YKPOZG28EHWI&marketplaceID=A19VAU5U5O7RUS&qid=1776420857&refinements=p_36%3A19500-20000&s=merchant-items&sr=1-114&xpid=5xt-p85bextIq,"RKG-2111 Rookies Series Soft Gloves, Black"
B09FKVK27B,,,,
B09CYSD9ZM,,198.34,https://www.amazon.sg/Yanagisawa-Instrument-Yany-Ligature-Tightening/dp/B09CYSD9ZM/ref=sr_1_115?dib=eyJ2IjoiMSJ9.X64V0IQpVUQhkcgYiLVtNiIZ66wLk6XLoonfmOkvhZiXRV6iSNz6pycWvp0p3RwVaqpUsh1tmdHHnk_sJmdR3w.likezWE4ESNobMYUY_rsbX6zc9cN6WlcJV4elF0274E&dib_tag=se&m=A1YKPOZG28EHWI&marketplaceID=A19VAU5U5O7RUS&qid=1776420857&refinements=p_36%3A19500-20000&s=merchant-items&sr=1-115&xpid=5xt-p85bextIq,"Yanagisawa Wind Instrument Yany Ligature Ebonite (Reverse Tightening/1 Screw) for Soprano Saxophone, Gold Plated Finish, Yany Niko-chan"
B09CYSD9ZM,,,,
B09CMZQ1QX,,198.0,https://www.amazon.sg/J5create-USB-Ultra-Webcam-Model/dp/B09CMZQ1QX/ref=sr_1_116?dib=eyJ2IjoiMSJ9.X64V0IQpVUQhkcgYiLVtNiIZ66wLk6XLoonfmOkvhZiXRV6iSNz6pycWvp0p3RwVaqpUsh1tmdHHnk_sJmdR3w.likezWE4ESNobMYUY_rsbX6zc9cN6WlcJV4elF0274E&dib_tag=se&m=A1YKPOZG28EHWI&marketplaceID=A19VAU5U5O7RUS&qid=1776420857&refinements=p_36%3A19500-20000&s=merchant-items&sr=1-116&xpid=5xt-p85bextIq,J5create USB 4K Ultra HD Webcam Model: JVU430 - Support 4K at 30FPS or 1080P at 60FPS - Ideal for Live streaming
B09CMZQ1QX,,,,
B098JCMZ3J,,198.34,https://www.amazon.sg/RightOn-STRAPS-FILLMOREII-Guitar-inches/dp/B098JCMZ3J/ref=sr_1_117?dib=eyJ2IjoiMSJ9.X64V0IQpVUQhkcgYiLVtNiIZ66wLk6XLoonfmOkvhZiXRV6iSNz6pycWvp0p3RwVaqpUsh1tmdHHnk_sJmdR3w.likezWE4ESNobMYUY_rsbX6zc9cN6WlcJV4elF0274E&dib_tag=se&m=A1YKPOZG28EHWI&marketplaceID=A19VAU5U5O7RUS&qid=1776420857&refinements=p_36%3A19500-20000&s=merchant-items&sr=1-117&xpid=5xt-p85bextIq,"RightOn! STRAPS FILLMOREII Guitar Strap, Width 2.4 inches (6 cm), Length 35.4 - 59.1 inches (90 - 150 cm), Blue"
B098JCMZ3J,,,,
B09156HSHD,,197.05,https://www.amazon.sg/Clipless-Compact-Platform-Mountain-Compatible/dp/B09156HSHD/ref=sr_1_113?dib=eyJ2IjoiMSJ9.KYF9DeFF-5KNVrfIfjC2eiQpt2KYtBStMmVbEZp4cW-z1m5u7NLkAg-1_axLF3PmSTTZZq4DfnpMQE1Cr2i3_PYeelwePxQ2ujqvc7lDf8M8AQrspYM_Ehju7w7txW3CcYEibFe-y56x8064dsxOTiS4R3dAI3H0YAeJr9qS-Ss.2iPjfGMl1BVedjOG6OJYQDBQ0-Rrdn1ciYA0y0JPE9Q&dib_tag=se&m=A1YKPOZG28EHWI&marketplaceID=A19VAU5U5O7RUS&qid=1776420857&refinements=p_36%3A19500-20000&s=merchant-items&sr=1-113&xpid=5xt-p85bextIq#customerReviews,"Funn Mamba S MTB Clipless Pedals, Double Sided Clip Compact Platform Mountain Bike Pedals, Compatible with SPD Cleats, 9/16-Inch CrMo Axle Bicycle Pedals for MTB/BMX/Gravel Cycling"
B09156HSHD,,,,
B09151RZ7T,,196.75,https://www.amazon.sg/Clipless-Compact-Platform-Mountain-Compatible/dp/B09151RZ7T/ref=sr_1_114?dib=eyJ2IjoiMSJ9.KYF9DeFF-5KNVrfIfjC2eiQpt2KYtBStMmVbEZp4cW-z1m5u7NLkAg-1_axLF3PmSTTZZq4DfnpMQE1Cr2i3_PYeelwePxQ2ujqvc7lDf8M8AQrspYM_Ehju7w7txW3CcYEibFe-y56x8064dsxOTiS4R3dAI3H0YAeJr9qS-Ss.2iPjfGMl1BVedjOG6OJYQDBQ0-Rrdn1ciYA0y0JPE9Q&dib_tag=se&m=A1YKPOZG28EHWI&marketplaceID=A19VAU5U5O7RUS&qid=1776420857&refinements=p_36%3A19500-20000&s=merchant-items&sr=1-114&xpid=5xt-p85bextIq#customerReviews,"Funn Mamba S MTB Clipless Pedals, Double Sided Clip Compact Platform Mountain Bike Pedals, Compatible with SPD Cleats, 9/16-Inch CrMo Axle Bicycle Pedals for MTB/BMX/Gravel Cycling"
B09151RZ7T,,,,
B0914QLJ2H,,199.04,https://www.amazon.sg/Clipless-Compact-Platform-Mountain-Compatible/dp/B0914QLJ2H/ref=sr_1_115?dib=eyJ2IjoiMSJ9.KYF9DeFF-5KNVrfIfjC2eiQpt2KYtBStMmVbEZp4cW-z1m5u7NLkAg-1_axLF3PmSTTZZq4DfnpMQE1Cr2i3_PYeelwePxQ2ujqvc7lDf8M8AQrspYM_Ehju7w7txW3CcYEibFe-y56x8064dsxOTiS4R3dAI3H0YAeJr9qS-Ss.2iPjfGMl1BVedjOG6OJYQDBQ0-Rrdn1ciYA0y0JPE9Q&dib_tag=se&m=A1YKPOZG28EHWI&marketplaceID=A19VAU5U5O7RUS&qid=1776420857&refinements=p_36%3A19500-20000&s=merchant-items&sr=1-115&xpid=5xt-p85bextIq#customerReviews,"Funn Mamba S MTB Clipless Pedals, Double Sided Clip Compact Platform Mountain Bike Pedals, Compatible with SPD Cleats, 9/16-Inch CrMo Axle Bicycle Pedals for MTB/BMX/Gravel Cycling"
B0914QLJ2H,,,,
B08W56JNFT,,195.46,https://www.amazon.sg/Daiwa-ST-3000W25-Short-Tights-Black/dp/B08W56JNFT/ref=sr_1_116?dib=eyJ2IjoiMSJ9.KYF9DeFF-5KNVrfIfjC2eiQpt2KYtBStMmVbEZp4cW-z1m5u7NLkAg-1_axLF3PmSTTZZq4DfnpMQE1Cr2i3_PYeelwePxQ2ujqvc7lDf8M8AQrspYM_Ehju7w7txW3CcYEibFe-y56x8064dsxOTiS4R3dAI3H0YAeJr9qS-Ss.2iPjfGMl1BVedjOG6OJYQDBQ0-Rrdn1ciYA0y0JPE9Q&dib_tag=se&m=A1YKPOZG28EHWI&marketplaceID=A19VAU5U5O7RUS&qid=1776420857&refinements=p_36%3A19500-20000&s=merchant-items&sr=1-116&xpid=5xt-p85bextIq#customerReviews,"Daiwa ST-3000W25 Short Tights, Black"
B08W56JNFT,,,,
B08VDJ4RNQ,,195.14,https://www.amazon.sg/DAIWA-Daiwa-21-Maruica-MH-155/dp/B08VDJ4RNQ/ref=sr_1_117?dib=eyJ2IjoiMSJ9.KYF9DeFF-5KNVrfIfjC2eiQpt2KYtBStMmVbEZp4cW-z1m5u7NLkAg-1_axLF3PmSTTZZq4DfnpMQE1Cr2i3_PYeelwePxQ2ujqvc7lDf8M8AQrspYM_Ehju7w7txW3CcYEibFe-y56x8064dsxOTiS4R3dAI3H0YAeJr9qS-Ss.2iPjfGMl1BVedjOG6OJYQDBQ0-Rrdn1ciYA0y0JPE9Q&dib_tag=se&m=A1YKPOZG28EHWI&marketplaceID=A19VAU5U5O7RUS&qid=1776420857&refinements=p_36%3A19500-20000&s=merchant-items&sr=1-117&xpid=5xt-p85bextIq#customerReviews,DAIWA 21 Maruica X
B08VDJ4RNQ,,,,
B08PFFRR1K,,197.9,https://www.amazon.sg/FCS-Christenson-Longboard-Black-8-5in/dp/B08PFFRR1K/ref=sr_1_118?dib=eyJ2IjoiMSJ9.KYF9DeFF-5KNVrfIfjC2eiQpt2KYtBStMmVbEZp4cW-z1m5u7NLkAg-1_axLF3PmSTTZZq4DfnpMQE1Cr2i3_PYeelwePxQ2ujqvc7lDf8M8AQrspYM_Ehju7w7txW3CcYEibFe-y56x8064dsxOTiS4R3dAI3H0YAeJr9qS-Ss.2iPjfGMl1BVedjOG6OJYQDBQ0-Rrdn1ciYA0y0JPE9Q&dib_tag=se&m=A1YKPOZG28EHWI&marketplaceID=A19VAU5U5O7RUS&qid=1776420857&refinements=p_36%3A19500-20000&s=merchant-items&sr=1-118&xpid=5xt-p85bextIq#customerReviews,FCS Christenson PG Fin 2024-9
B08PFFRR1K,,,,
B08HMDZTLR,,197.5,https://www.amazon.sg/Wancher-%E4%B8%96%E7%95%8C%E6%A8%B9%E4%B8%87%E5%B9%B4%E7%AD%86-%E3%83%99%E3%83%A9%E3%82%A6%E3%83%83%E3%83%89-Verawood-%E4%B8%96%E7%95%8C%E3%81%AE%E9%8A%98%E6%9C%A8%E3%81%8B%E3%82%89%E5%8E%B3%E9%81%B8/dp/B08HMDZTLR/ref=sr_1_119?dib=eyJ2IjoiMSJ9.KYF9DeFF-5KNVrfIfjC2eiQpt2KYtBStMmVbEZp4cW-z1m5u7NLkAg-1_axLF3PmSTTZZq4DfnpMQE1Cr2i3_PYeelwePxQ2ujqvc7lDf8M8AQrspYM_Ehju7w7txW3CcYEibFe-y56x8064dsxOTiS4R3dAI3H0YAeJr9qS-Ss.2iPjfGMl1BVedjOG6OJYQDBQ0-Rrdn1ciYA0y0JPE9Q&dib_tag=se&m=A1YKPOZG28EHWI&marketplaceID=A19VAU5U5O7RUS&qid=1776420857&refinements=p_36%3A19500-20000&s=merchant-items&sr=1-119&xpid=5xt-p85bextIq#customerReviews,"Wancher 万年筆 世界樹万年筆 ベラウッド Verawood 世界の銘木から厳選 木軸 万年筆 (Fine), Grey"
B08HMDZTLR,,,,
B08G1DN9Z8,,198.34,https://www.amazon.sg/Mittens-Resistant-Large-2-Pack-Beige/dp/B08G1DN9Z8/ref=sr_1_120?dib=eyJ2IjoiMSJ9.KYF9DeFF-5KNVrfIfjC2eiQpt2KYtBStMmVbEZp4cW-z1m5u7NLkAg-1_axLF3PmSTTZZq4DfnpMQE1Cr2i3_PYeelwePxQ2ujqvc7lDf8M8AQrspYM_Ehju7w7txW3CcYEibFe-y56x8064dsxOTiS4R3dAI3H0YAeJr9qS-Ss.2iPjfGMl1BVedjOG6OJYQDBQ0-Rrdn1ciYA0y0JPE9Q&dib_tag=se&m=A1YKPOZG28EHWI&marketplaceID=A19VAU5U5O7RUS&qid=1776420857&refinements=p_36%3A19500-20000&s=merchant-items&sr=1-120&xpid=5xt-p85bextIq#customerReviews,"Oaks Reye Mittens, Heat Resistant, Grab and Grab, Large, 2-Pack, Beige, Navy"
B08G1DN9Z8,,,,
B08DFMNFQ4,,198.23,https://www.amazon.sg/FILCO-MAJESTOUCH-Convertible-FFBTR63MC-EMB/dp/B08DFMNFQ4/ref=sr_1_121?dib=eyJ2IjoiMSJ9.KYF9DeFF-5KNVrfIfjC2eiQpt2KYtBStMmVbEZp4cW-z1m5u7NLkAg-1_axLF3PmSTTZZq4DfnpMQE1Cr2i3_PYeelwePxQ2ujqvc7lDf8M8AQrspYM_Ehju7w7txW3CcYEibFe-y56x8064dsxOTiS4R3dAI3H0YAeJr9qS-Ss.2iPjfGMl1BVedjOG6OJYQDBQ0-Rrdn1ciYA0y0JPE9Q&dib_tag=se&m=A1YKPOZG28EHWI&marketplaceID=A19VAU5U5O7RUS&qid=1776420857&refinements=p_36%3A19500-20000&s=merchant-items&sr=1-121&xpid=5xt-p85bextIq,FILCO MAJESTOUCH MINILA-R Convertible 63 US ASCII Mech Keyboard Matte Black Key Switch MX Blue (FFBTR63MC/EMB)
B08DFMNFQ4,,,,
B08C4QBH4H,,203.86,https://www.amazon.sg/MUNGYO-Gallery-Handmade-Cardboard-assorted/dp/B08C4QBH4H/ref=sr_1_122?dib=eyJ2IjoiMSJ9.KYF9DeFF-5KNVrfIfjC2eiQpt2KYtBStMmVbEZp4cW-z1m5u7NLkAg-1_axLF3PmSTTZZq4DfnpMQE1Cr2i3_PYeelwePxQ2ujqvc7lDf8M8AQrspYM_Ehju7w7txW3CcYEibFe-y56x8064dsxOTiS4R3dAI3H0YAeJr9qS-Ss.2iPjfGMl1BVedjOG6OJYQDBQ0-Rrdn1ciYA0y0JPE9Q&dib_tag=se&m=A1YKPOZG28EHWI&marketplaceID=A19VAU5U5O7RUS&qid=1776420857&refinements=p_36%3A19500-20000&s=merchant-items&sr=1-122&xpid=5xt-p85bextIq#customerReviews,MUNGYO Gallery Handmade soft pastel (Cardboard box of 30 assorted colors)
B08C4QBH4H,,,,
B08BLJFNTW,,195.0,https://www.amazon.sg/HOHNER-Marine-Harmonic-Miner-Harmonica/dp/B08BLJFNTW/ref=sr_1_123?dib=eyJ2IjoiMSJ9.KYF9DeFF-5KNVrfIfjC2eiQpt2KYtBStMmVbEZp4cW-z1m5u7NLkAg-1_axLF3PmSTTZZq4DfnpMQE1Cr2i3_PYeelwePxQ2ujqvc7lDf8M8AQrspYM_Ehju7w7txW3CcYEibFe-y56x8064dsxOTiS4R3dAI3H0YAeJr9qS-Ss.2iPjfGMl1BVedjOG6OJYQDBQ0-Rrdn1ciYA0y0JPE9Q&dib_tag=se&m=A1YKPOZG28EHWI&marketplaceID=A19VAU5U5O7RUS&qid=1776420857&refinements=p_36%3A19500-20000&s=merchant-items&sr=1-123&xpid=5xt-p85bextIq#customerReviews,HOHNER Marine Band 1896/A Flat Harmonic Miner Marine Band 10 Hole Harmonica
B08BLJFNTW,,,,
B08BLJFNTW,,195.0,https://www.amazon.sg/HOHNER-Marine-Harmonic-Miner-Harmonica/dp/B08BLJFNTW/ref=sr_1_129?dib=eyJ2IjoiMSJ9.XQhkvleXvpodcTIVlMhBb-b4rN9_oZRQpMF5A_bqCqHJHDhnFsCy0IjnEuusz6KHbfUPsaRI3UnLOCxsMhFw9A.UHb-mPYMYjsVjFsG6BQrhZWA4QCOLKB7he_9n3-bfQM&dib_tag=se&m=A1YKPOZG28EHWI&marketplaceID=A19VAU5U5O7RUS&qid=1776420863&refinements=p_36%3A19500-20000&s=merchant-items&sr=1-129&xpid=5xt-p85bextIq#customerReviews,HOHNER Marine Band 1896/A Flat Harmonic Miner Marine Band 10 Hole Harmonica
B08BLJFNTW,,,,
B089YWZL81,,195.61,https://www.amazon.sg/Pearl-Cymbal-Stand-Metal-BC-930S/dp/B089YWZL81/ref=sr_1_130?dib=eyJ2IjoiMSJ9.XQhkvleXvpodcTIVlMhBb-b4rN9_oZRQpMF5A_bqCqHJHDhnFsCy0IjnEuusz6KHbfUPsaRI3UnLOCxsMhFw9A.UHb-mPYMYjsVjFsG6BQrhZWA4QCOLKB7he_9n3-bfQM&dib_tag=se&m=A1YKPOZG28EHWI&marketplaceID=A19VAU5U5O7RUS&qid=1776420863&refinements=p_36%3A19500-20000&s=merchant-items&sr=1-130&xpid=5xt-p85bextIq#customerReviews,"Pearl Boom Cymbal Stand, Metal, (BC-930S)"
B089YWZL81,,,,
B088FRVHP3,,201.29,https://www.amazon.sg/LIVRE-60-65-Daiwa-Titanium-Plate/dp/B088FRVHP3/ref=sr_1_131?dib=eyJ2IjoiMSJ9.XQhkvleXvpodcTIVlMhBb-b4rN9_oZRQpMF5A_bqCqHJHDhnFsCy0IjnEuusz6KHbfUPsaRI3UnLOCxsMhFw9A.UHb-mPYMYjsVjFsG6BQrhZWA4QCOLKB7he_9n3-bfQM&dib_tag=se&m=A1YKPOZG28EHWI&marketplaceID=A19VAU5U5O7RUS&qid=1776420863&refinements=p_36%3A19500-20000&s=merchant-items&sr=1-131&xpid=5xt-p85bextIq,LIVRE SB 60-65 Daiwa/Abu Left Roll (Titanium Plate + Red G)
B088FRVHP3,,,,
B087743V7X,,195.59,https://www.amazon.sg/Tailwalk-Speaky-SPEAKY-2500HGX-Black/dp/B087743V7X/ref=sr_1_132?dib=eyJ2IjoiMSJ9.XQhkvleXvpodcTIVlMhBb-b4rN9_oZRQpMF5A_bqCqHJHDhnFsCy0IjnEuusz6KHbfUPsaRI3UnLOCxsMhFw9A.UHb-mPYMYjsVjFsG6BQrhZWA4QCOLKB7he_9n3-bfQM&dib_tag=se&m=A1YKPOZG28EHWI&marketplaceID=A19VAU5U5O7RUS&qid=1776420863&refinements=p_36%3A19500-20000&s=merchant-items&sr=1-132&xpid=5xt-p85bextIq#customerReviews,Tailwalk Speaky SPEAKY 2500HGX Black
B087743V7X,,,,
B085Q2ZN77,,198.3,https://www.amazon.sg/ATEN-UH3237-Docking-Station-Pass-Through/dp/B085Q2ZN77/ref=sr_1_133?dib=eyJ2IjoiMSJ9.XQhkvleXvpodcTIVlMhBb-b4rN9_oZRQpMF5A_bqCqHJHDhnFsCy0IjnEuusz6KHbfUPsaRI3UnLOCxsMhFw9A.UHb-mPYMYjsVjFsG6BQrhZWA4QCOLKB7he_9n3-bfQM&dib_tag=se&m=A1YKPOZG28EHWI&marketplaceID=A19VAU5U5O7RUS&qid=1776420863&refinements=p_36%3A19500-20000&s=merchant-items&sr=1-133&xpid=5xt-p85bextIq#customerReviews,ATEN UH3237 USB-C Docking Station 13-in-1 USB C Dock for 13 Devices USB SD Micro SD with Power Pass-Through 85W PD 3.0 4K at 30Hz one HDMI or Dual Display Output at 60Hz Gold and Black Premium Design
B085Q2ZN77,,,,
B085J8S1RH,,197.0,https://www.amazon.sg/Fanvil-SIP-Mini-Intercom-i10V/dp/B085J8S1RH/ref=sr_1_129?dib=eyJ2IjoiMSJ9.d_zV5k2mgGoEO3e_zDaHhkezRswF9Tr-akHPXm9rdBEHK-ZEc0d9ZtdnmQRhFT09AK8X0jFEqSVb9AqxDmrgFECtJ9MdmU5W97oA4wRyZ1L6brBlwtGyToENE-KAVyLSW9E5oEykRxhPFpWvFYPlw7qkzXThy-D-ZZwLrfWTbaI.-SN4K-23WYIbdKgFFxoLonsuboor608H-f-J4R7RmpU&dib_tag=se&m=A1YKPOZG28EHWI&marketplaceID=A19VAU5U5O7RUS&qid=1776420863&refinements=p_36%3A19500-20000&s=merchant-items&sr=1-129&xpid=5xt-p85bextIq#customerReviews,Fanvil SIP Mini Intercom i10V
B085J8S1RH,,,,
B084RH1PFM,,197.0,https://www.amazon.sg/SunRace-CSMZ800-11-51T-Cassette-ST1875/dp/B084RH1PFM/ref=sr_1_130?dib=eyJ2IjoiMSJ9.d_zV5k2mgGoEO3e_zDaHhkezRswF9Tr-akHPXm9rdBEHK-ZEc0d9ZtdnmQRhFT09AK8X0jFEqSVb9AqxDmrgFECtJ9MdmU5W97oA4wRyZ1L6brBlwtGyToENE-KAVyLSW9E5oEykRxhPFpWvFYPlw7qkzXThy-D-ZZwLrfWTbaI.-SN4K-23WYIbdKgFFxoLonsuboor608H-f-J4R7RmpU&dib_tag=se&m=A1YKPOZG28EHWI&marketplaceID=A19VAU5U5O7RUS&qid=1776420863&refinements=p_36%3A19500-20000&s=merchant-items&sr=1-130&xpid=5xt-p85bextIq,"SunRace CSMZ800 11-51T 12 Speed Wide Ratio Cassette, Black, ST1875"
B084RH1PFM,,,,
B084BRZN8S,,195.0,https://www.amazon.sg/Sleeping-Camping-Outdoors-Waterproof-Seasons/dp/B084BRZN8S/ref=sr_1_131?dib=eyJ2IjoiMSJ9.d_zV5k2mgGoEO3e_zDaHhkezRswF9Tr-akHPXm9rdBEHK-ZEc0d9ZtdnmQRhFT09AK8X0jFEqSVb9AqxDmrgFECtJ9MdmU5W97oA4wRyZ1L6brBlwtGyToENE-KAVyLSW9E5oEykRxhPFpWvFYPlw7qkzXThy-D-ZZwLrfWTbaI.-SN4K-23WYIbdKgFFxoLonsuboor608H-f-J4R7RmpU&dib_tag=se&m=A1YKPOZG28EHWI&marketplaceID=A19VAU5U5O7RUS&qid=1776420863&refinements=p_36%3A19500-20000&s=merchant-items&sr=1-131&xpid=5xt-p85bextIq#customerReviews,"Hawk Gear Sleeping Bag, Camping, Outdoors, Simple, Waterproof, All Seasons"
B084BRZN8S,,,,
B082SXZFVJ,,195.84,https://www.amazon.sg/AISIN-Water-Dendo-Product-Number/dp/B082SXZFVJ/ref=sr_1_132?dib=eyJ2IjoiMSJ9.d_zV5k2mgGoEO3e_zDaHhkezRswF9Tr-akHPXm9rdBEHK-ZEc0d9ZtdnmQRhFT09AK8X0jFEqSVb9AqxDmrgFECtJ9MdmU5W97oA4wRyZ1L6brBlwtGyToENE-KAVyLSW9E5oEykRxhPFpWvFYPlw7qkzXThy-D-ZZwLrfWTbaI.-SN4K-23WYIbdKgFFxoLonsuboor608H-f-J4R7RmpU&dib_tag=se&m=A1YKPOZG28EHWI&marketplaceID=A19VAU5U5O7RUS&qid=1776420863&refinements=p_36%3A19500-20000&s=merchant-items&sr=1-132&xpid=5xt-p85bextIq#customerReviews,AISIN Water Pump Dendo Product Number: WPT-205
B082SXZFVJ,,,,
B08235CRXY,,198.29,https://www.amazon.sg/Festool-Systainer-SYS3-M-187/dp/B08235CRXY/ref=sr_1_133?dib=eyJ2IjoiMSJ9.d_zV5k2mgGoEO3e_zDaHhkezRswF9Tr-akHPXm9rdBEHK-ZEc0d9ZtdnmQRhFT09AK8X0jFEqSVb9AqxDmrgFECtJ9MdmU5W97oA4wRyZ1L6brBlwtGyToENE-KAVyLSW9E5oEykRxhPFpWvFYPlw7qkzXThy-D-ZZwLrfWTbaI.-SN4K-23WYIbdKgFFxoLonsuboor608H-f-J4R7RmpU&dib_tag=se&m=A1YKPOZG28EHWI&marketplaceID=A19VAU5U5O7RUS&qid=1776420863&refinements=p_36%3A19500-20000&s=merchant-items&sr=1-133&xpid=5xt-p85bextIq#customerReviews,Festool Systainer SYS3 M 187
B08235CRXY,,,,
B0822485S7,,199.12,https://www.amazon.sg/XV-U4R-Monitor-Wireless-System-Receiver/dp/B0822485S7/ref=sr_1_134?dib=eyJ2IjoiMSJ9.d_zV5k2mgGoEO3e_zDaHhkezRswF9Tr-akHPXm9rdBEHK-ZEc0d9ZtdnmQRhFT09AK8X0jFEqSVb9AqxDmrgFECtJ9MdmU5W97oA4wRyZ1L6brBlwtGyToENE-KAVyLSW9E5oEykRxhPFpWvFYPlw7qkzXThy-D-ZZwLrfWTbaI.-SN4K-23WYIbdKgFFxoLonsuboor608H-f-J4R7RmpU&dib_tag=se&m=A1YKPOZG28EHWI&marketplaceID=A19VAU5U5O7RUS&qid=1776420863&refinements=p_36%3A19500-20000&s=merchant-items&sr=1-134&xpid=5xt-p85bextIq#customerReviews,XVIVE XV-U4R In-Ear Monitor Wireless System (Receiver Only)
B0822485S7,,,,
B07YN8LJTZ,,196.6,https://www.amazon.sg/Sistener-L187-20-2L-508x296x180-83000008/dp/B07YN8LJTZ/ref=sr_1_135?dib=eyJ2IjoiMSJ9.d_zV5k2mgGoEO3e_zDaHhkezRswF9Tr-akHPXm9rdBEHK-ZEc0d9ZtdnmQRhFT09AK8X0jFEqSVb9AqxDmrgFECtJ9MdmU5W97oA4wRyZ1L6brBlwtGyToENE-KAVyLSW9E5oEykRxhPFpWvFYPlw7qkzXThy-D-ZZwLrfWTbaI.-SN4K-23WYIbdKgFFxoLonsuboor608H-f-J4R7RmpU&dib_tag=se&m=A1YKPOZG28EHWI&marketplaceID=A19VAU5U5O7RUS&qid=1776420863&refinements=p_36%3A19500-20000&s=merchant-items&sr=1-135&xpid=5xt-p85bextIq,Sistener 3 L187 20.2L 508x296x180 83000008
B07YN8LJTZ,,,,
B07WKJ58X3,,197.68,https://www.amazon.sg/Lemnos-YD14-08-Analog-Natural-Educational/dp/B07WKJ58X3/ref=sr_1_136?dib=eyJ2IjoiMSJ9.d_zV5k2mgGoEO3e_zDaHhkezRswF9Tr-akHPXm9rdBEHK-ZEc0d9ZtdnmQRhFT09AK8X0jFEqSVb9AqxDmrgFECtJ9MdmU5W97oA4wRyZ1L6brBlwtGyToENE-KAVyLSW9E5oEykRxhPFpWvFYPlw7qkzXThy-D-ZZwLrfWTbaI.-SN4K-23WYIbdKgFFxoLonsuboor608H-f-J4R7RmpU&dib_tag=se&m=A1YKPOZG28EHWI&marketplaceID=A19VAU5U5O7RUS&qid=1776420863&refinements=p_36%3A19500-20000&s=merchant-items&sr=1-136&xpid=5xt-p85bextIq#customerReviews,"Lemnos YD14-08 Wall Clock, Soft Clock, Large, Analog, Wooden Frame, Natural Color Wood Fabric, L Size, Kids, Educational"
B07WKJ58X3,,,,
B07VDHYYKQ,,197.72,https://www.amazon.sg/Poppy-PDS-9312-Metal-Diameter-inches/dp/B07VDHYYKQ/ref=sr_1_137?dib=eyJ2IjoiMSJ9.d_zV5k2mgGoEO3e_zDaHhkezRswF9Tr-akHPXm9rdBEHK-ZEc0d9ZtdnmQRhFT09AK8X0jFEqSVb9AqxDmrgFECtJ9MdmU5W97oA4wRyZ1L6brBlwtGyToENE-KAVyLSW9E5oEykRxhPFpWvFYPlw7qkzXThy-D-ZZwLrfWTbaI.-SN4K-23WYIbdKgFFxoLonsuboor608H-f-J4R7RmpU&dib_tag=se&m=A1YKPOZG28EHWI&marketplaceID=A19VAU5U5O7RUS&qid=1776420863&refinements=p_36%3A19500-20000&s=merchant-items&sr=1-137&xpid=5xt-p85bextIq,"Poppy PDS-9312 Metal Cup A Parts, Diameter 9.1 x H 9.8 inches (23 x 25 cm), Screw 0.8 inches (2 cm)"
B07VDHYYKQ,,,,
B0CHRK67NT,,198.9,https://www.amazon.sg/DAIWA-Boots-FB-3350-T-Dark-Brown/dp/B0CHRK67NT/ref=sr_1_138?dib=eyJ2IjoiMSJ9.d_zV5k2mgGoEO3e_zDaHhkezRswF9Tr-akHPXm9rdBEHK-ZEc0d9ZtdnmQRhFT09AK8X0jFEqSVb9AqxDmrgFECtJ9MdmU5W97oA4wRyZ1L6brBlwtGyToENE-KAVyLSW9E5oEykRxhPFpWvFYPlw7qkzXThy-D-ZZwLrfWTbaI.-SN4K-23WYIbdKgFFxoLonsuboor608H-f-J4R7RmpU&dib_tag=se&m=A1YKPOZG28EHWI&marketplaceID=A19VAU5U5O7RUS&qid=1776420863&refinements=p_36%3A19500-20000&s=merchant-items&sr=1-138&xpid=5xt-p85bextIq#customerReviews,DAIWA Fishing Boots FB-2350/2450/2550/3350/3450/3550-T Long/Short Various
B0CHRK67NT,,,,
B0B1MGJ6WP,,195.34,https://www.amazon.sg/Daiwa-DS-2103-Shoes-Mens-Size/dp/B0B1MGJ6WP/ref=sr_1_139?dib=eyJ2IjoiMSJ9.d_zV5k2mgGoEO3e_zDaHhkezRswF9Tr-akHPXm9rdBEHK-ZEc0d9ZtdnmQRhFT09AK8X0jFEqSVb9AqxDmrgFECtJ9MdmU5W97oA4wRyZ1L6brBlwtGyToENE-KAVyLSW9E5oEykRxhPFpWvFYPlw7qkzXThy-D-ZZwLrfWTbaI.-SN4K-23WYIbdKgFFxoLonsuboor608H-f-J4R7RmpU&dib_tag=se&m=A1YKPOZG28EHWI&marketplaceID=A19VAU5U5O7RUS&qid=1776420863&refinements=p_36%3A19500-20000&s=merchant-items&sr=1-139&xpid=5xt-p85bextIq#customerReviews,"Daiwa DS - 2103 Shoes (Spike Sole), Black/Red/Green Camo, US Men's Size 7-11 (25.0-29.0 cm)"
B0B1MGJ6WP,,195.34,https://www.amazon.sg/Daiwa-DS-2103-Shoes-Mens-Size/dp/B0B1MGJ6WP/ref=sr_1_145?dib=eyJ2IjoiMSJ9.Rxuy7BL9by-tI2oGVnAcjuk1cY5FkqUVLd8kkUWZMYZ6eTiusoc5mGkt_4gRvvmVbJHU4wDE0yox-dTINYINyA.LQtgraKFmHiDjHIBb6Lm26qUs9ofoDXl-KTUYobttcU&dib_tag=se&m=A1YKPOZG28EHWI&marketplaceID=A19VAU5U5O7RUS&qid=1776420869&refinements=p_36%3A19500-20000&s=merchant-items&sr=1-145&xpid=5xt-p85bextIq#customerReviews,"Daiwa DS - 2103 Shoes (Spike Sole), Black/Red/Green Camo, US Men's Size 7-11 (25.0-29.0 cm)"
B07H59DR1Z,,199.53,https://www.amazon.sg/CASTELBAJAC-Piccolo-wallet-022615-White/dp/B07H59DR1Z/ref=sr_1_146?dib=eyJ2IjoiMSJ9.Rxuy7BL9by-tI2oGVnAcjuk1cY5FkqUVLd8kkUWZMYZ6eTiusoc5mGkt_4gRvvmVbJHU4wDE0yox-dTINYINyA.LQtgraKFmHiDjHIBb6Lm26qUs9ofoDXl-KTUYobttcU&dib_tag=se&m=A1YKPOZG28EHWI&marketplaceID=A19VAU5U5O7RUS&qid=1776420869&refinements=p_36%3A19500-20000&s=merchant-items&sr=1-146&xpid=5xt-p85bextIq#customerReviews,"CASTELBAJAC Piccolo long wallet 022615, White, One Size"
B07H59DR1Z,,,,
B07D287MQ3,,197.55,https://www.amazon.sg/CASTELBAJAC-RAINBOW-wallet-079615-Modern/dp/B07D287MQ3/ref=sr_1_147?dib=eyJ2IjoiMSJ9.Rxuy7BL9by-tI2oGVnAcjuk1cY5FkqUVLd8kkUWZMYZ6eTiusoc5mGkt_4gRvvmVbJHU4wDE0yox-dTINYINyA.LQtgraKFmHiDjHIBb6Lm26qUs9ofoDXl-KTUYobttcU&dib_tag=se&m=A1YKPOZG28EHWI&marketplaceID=A19VAU5U5O7RUS&qid=1776420869&refinements=p_36%3A19500-20000&s=merchant-items&sr=1-147&xpid=5xt-p85bextIq#customerReviews,"CASTELBAJAC RAINBOW long wallet 079615, black, One Size, Modern"
B07D287MQ3,,,,
B07D27TQ61,,197.54,https://www.amazon.sg/CASTELBAJAC-RAINBOW-wallet-Rainbow-rainbow/dp/B07D27TQ61/ref=sr_1_148?dib=eyJ2IjoiMSJ9.Rxuy7BL9by-tI2oGVnAcjuk1cY5FkqUVLd8kkUWZMYZ6eTiusoc5mGkt_4gRvvmVbJHU4wDE0yox-dTINYINyA.LQtgraKFmHiDjHIBb6Lm26qUs9ofoDXl-KTUYobttcU&dib_tag=se&m=A1YKPOZG28EHWI&marketplaceID=A19VAU5U5O7RUS&qid=1776420869&refinements=p_36%3A19500-20000&s=merchant-items&sr=1-148&xpid=5xt-p85bextIq#customerReviews,"CASTELBAJAC RAINBOW long wallet 079615 white, White,Rainbow, Modern, White,rainbow, One Size, Modern"
B07D27TQ61,,,,
B06XT9BS1D,,195.98,https://www.amazon.sg/CASTELBAJAC-Repos-Shoulder-033102-Yellow/dp/B06XT9BS1D/ref=sr_1_149?dib=eyJ2IjoiMSJ9.Rxuy7BL9by-tI2oGVnAcjuk1cY5FkqUVLd8kkUWZMYZ6eTiusoc5mGkt_4gRvvmVbJHU4wDE0yox-dTINYINyA.LQtgraKFmHiDjHIBb6Lm26qUs9ofoDXl-KTUYobttcU&dib_tag=se&m=A1YKPOZG28EHWI&marketplaceID=A19VAU5U5O7RUS&qid=1776420869&refinements=p_36%3A19500-20000&s=merchant-items&sr=1-149&xpid=5xt-p85bextIq#customerReviews,"CASTELBAJAC Repos Shoulder bag 033102, Yellow, One Size"
B06XT9BS1D,,,,
B004K0GP4Q,,195.49,https://www.amazon.sg/Hakko-T121404/dp/B004K0GP4Q/ref=sr_1_145?dib=eyJ2IjoiMSJ9.w6dtExmjhAVYCL9BLWPocM39hIy-zPrYxOe4IWsH1n_JYrwFinAGWmE_kh5wRzJm-B2UPZcOOEzLWw_CzeWEQ-9nyf5PMgEywQhhNjT_vCR_6oCHY2iamg3AI2ukXUC8j1afEU431sLxgVMnWsGuGYF_3TBoWszggmjKmSpOrVM.pMUc8Zfn3mx8IFnxvOnYMJAPTf59FqQOWoZqvwHBK2M&dib_tag=se&m=A1YKPOZG28EHWI&marketplaceID=A19VAU5U5O7RUS&qid=1776420869&refinements=p_36%3A19500-20000&s=merchant-items&sr=1-145&xpid=5xt-p85bextIq,T121404
B004K0GP4Q,,,,
B0049XNZCY,,198.86,https://www.amazon.sg/Rothco-EMT-Pants-Navy-Blue/dp/B0049XNZCY/ref=sr_1_146?dib=eyJ2IjoiMSJ9.w6dtExmjhAVYCL9BLWPocM39hIy-zPrYxOe4IWsH1n_JYrwFinAGWmE_kh5wRzJm-B2UPZcOOEzLWw_CzeWEQ-9nyf5PMgEywQhhNjT_vCR_6oCHY2iamg3AI2ukXUC8j1afEU431sLxgVMnWsGuGYF_3TBoWszggmjKmSpOrVM.pMUc8Zfn3mx8IFnxvOnYMJAPTf59FqQOWoZqvwHBK2M&dib_tag=se&m=A1YKPOZG28EHWI&marketplaceID=A19VAU5U5O7RUS&qid=1776420869&refinements=p_36%3A19500-20000&s=merchant-items&sr=1-146&xpid=5xt-p85bextIq#customerReviews,Rothco EMT Pants
B002P8GOL4,,200.0,https://www.amazon.sg/KANON-Nakamura-MFG-N30QLK-N30Qlk/dp/B002P8GOL4/ref=sr_1_147?dib=eyJ2IjoiMSJ9.w6dtExmjhAVYCL9BLWPocM39hIy-zPrYxOe4IWsH1n_JYrwFinAGWmE_kh5wRzJm-B2UPZcOOEzLWw_CzeWEQ-9nyf5PMgEywQhhNjT_vCR_6oCHY2iamg3AI2ukXUC8j1afEU431sLxgVMnWsGuGYF_3TBoWszggmjKmSpOrVM.pMUc8Zfn3mx8IFnxvOnYMJAPTf59FqQOWoZqvwHBK2M&dib_tag=se&m=A1YKPOZG28EHWI&marketplaceID=A19VAU5U5O7RUS&qid=1776420869&refinements=p_36%3A19500-20000&s=merchant-items&sr=1-147&xpid=5xt-p85bextIq,N30Qlk
B002P8GOL4,,,,
B001D7JCM6,,197.0,https://www.amazon.sg/%E6%96%B0%E6%BD%9F%E7%B2%BE%E6%A9%9F-Niigataseiki-MC30430I-MC304-30I/dp/B001D7JCM6/ref=sr_1_148?dib=eyJ2IjoiMSJ9.w6dtExmjhAVYCL9BLWPocM39hIy-zPrYxOe4IWsH1n_JYrwFinAGWmE_kh5wRzJm-B2UPZcOOEzLWw_CzeWEQ-9nyf5PMgEywQhhNjT_vCR_6oCHY2iamg3AI2ukXUC8j1afEU431sLxgVMnWsGuGYF_3TBoWszggmjKmSpOrVM.pMUc8Zfn3mx8IFnxvOnYMJAPTf59FqQOWoZqvwHBK2M&dib_tag=se&m=A1YKPOZG28EHWI&marketplaceID=A19VAU5U5O7RUS&qid=1776420869&refinements=p_36%3A19500-20000&s=merchant-items&sr=1-148&xpid=5xt-p85bextIq#customerReviews,MC304-30I
B001D7JCM6,,,,
B07TZS9X4L,,199.02,https://www.amazon.sg/Genuine-Alphas-Number-129611-0061411129611/dp/B07TZS9X4L/ref=sr_1_149?dib=eyJ2IjoiMSJ9.w6dtExmjhAVYCL9BLWPocM39hIy-zPrYxOe4IWsH1n_JYrwFinAGWmE_kh5wRzJm-B2UPZcOOEzLWw_CzeWEQ-9nyf5PMgEywQhhNjT_vCR_6oCHY2iamg3AI2ukXUC8j1afEU431sLxgVMnWsGuGYF_3TBoWszggmjKmSpOrVM.pMUc8Zfn3mx8IFnxvOnYMJAPTf59FqQOWoZqvwHBK2M&dib_tag=se&m=A1YKPOZG28EHWI&marketplaceID=A19VAU5U5O7RUS&qid=1776420869&refinements=p_36%3A19500-20000&s=merchant-items&sr=1-149&xpid=5xt-p85bextIq,"Daiwa Reel Genuine Part 16, Alphas, AIR 7.2R Spool (18-28), Part Number 24, Part Code 129611 0061411129611"
B07TZS9X4L,,,,
B07TYV8NCZ,,199.02,https://www.amazon.sg/Genuine-Alphas-Number-129611-00614110129611/dp/B07TYV8NCZ/ref=sr_1_150?dib=eyJ2IjoiMSJ9.w6dtExmjhAVYCL9BLWPocM39hIy-zPrYxOe4IWsH1n_JYrwFinAGWmE_kh5wRzJm-B2UPZcOOEzLWw_CzeWEQ-9nyf5PMgEywQhhNjT_vCR_6oCHY2iamg3AI2ukXUC8j1afEU431sLxgVMnWsGuGYF_3TBoWszggmjKmSpOrVM.pMUc8Zfn3mx8IFnxvOnYMJAPTf59FqQOWoZqvwHBK2M&dib_tag=se&m=A1YKPOZG28EHWI&marketplaceID=A19VAU5U5O7RUS&qid=1776420869&refinements=p_36%3A19500-20000&s=merchant-items&sr=1-150&xpid=5xt-p85bextIq,"Daiwa Reel Genuine Part 16, Alphas, AIR 5.8L Spool (18-28), Part Number 24, Part Code 129611 00614110129611"
B07TYV8NCZ,,,,
B07TYV81MR,,199.02,https://www.amazon.sg/Genuine-Alphas-Number-129611-00614109129611/dp/B07TYV81MR/ref=sr_1_151?dib=eyJ2IjoiMSJ9.w6dtExmjhAVYCL9BLWPocM39hIy-zPrYxOe4IWsH1n_JYrwFinAGWmE_kh5wRzJm-B2UPZcOOEzLWw_CzeWEQ-9nyf5PMgEywQhhNjT_vCR_6oCHY2iamg3AI2ukXUC8j1afEU431sLxgVMnWsGuGYF_3TBoWszggmjKmSpOrVM.pMUc8Zfn3mx8IFnxvOnYMJAPTf59FqQOWoZqvwHBK2M&dib_tag=se&m=A1YKPOZG28EHWI&marketplaceID=A19VAU5U5O7RUS&qid=1776420869&refinements=p_36%3A19500-20000&s=merchant-items&sr=1-151&xpid=5xt-p85bextIq,"Daiwa Reel Genuine Part 16, Alphas, AIR 5.8R Spool (18-28), Part Number 24, Part Code 129611 00614109129611"
B07TYV81MR,,,,
B07TYV6D88,,199.02,https://www.amazon.sg/Daiwa-Genuine-Celtate-Handle-Number/dp/B07TYV6D88/ref=sr_1_152?dib=eyJ2IjoiMSJ9.w6dtExmjhAVYCL9BLWPocM39hIy-zPrYxOe4IWsH1n_JYrwFinAGWmE_kh5wRzJm-B2UPZcOOEzLWw_CzeWEQ-9nyf5PMgEywQhhNjT_vCR_6oCHY2iamg3AI2ukXUC8j1afEU431sLxgVMnWsGuGYF_3TBoWszggmjKmSpOrVM.pMUc8Zfn3mx8IFnxvOnYMJAPTf59FqQOWoZqvwHBK2M&dib_tag=se&m=A1YKPOZG28EHWI&marketplaceID=A19VAU5U5O7RUS&qid=1776420869&refinements=p_36%3A19500-20000&s=merchant-items&sr=1-152&xpid=5xt-p85bextIq,"Daiwa Genuine Parts 16 Celtate HD 4000H, Handle Number: 84, Part Code: 1H2179 000563131H2179"
B07TYV6D88,,,,
B07TXQFRK1,,199.02,https://www.amazon.sg/Genuine-Alphas-Number-129611-00614112129611/dp/B07TXQFRK1/ref=sr_1_153?dib=eyJ2IjoiMSJ9.w6dtExmjhAVYCL9BLWPocM39hIy-zPrYxOe4IWsH1n_JYrwFinAGWmE_kh5wRzJm-B2UPZcOOEzLWw_CzeWEQ-9nyf5PMgEywQhhNjT_vCR_6oCHY2iamg3AI2ukXUC8j1afEU431sLxgVMnWsGuGYF_3TBoWszggmjKmSpOrVM.pMUc8Zfn3mx8IFnxvOnYMJAPTf59FqQOWoZqvwHBK2M&dib_tag=se&m=A1YKPOZG28EHWI&marketplaceID=A19VAU5U5O7RUS&qid=1776420869&refinements=p_36%3A19500-20000&s=merchant-items&sr=1-153&xpid=5xt-p85bextIq,"Daiwa Reel Genuine Part 16, Alphas, AIR 7.2L Spool (18-28), Part Number 24, Part Code 129611 00614112129611"
B07TXQFRK1,,,,
B07TVJM7J9,,199.02,https://www.amazon.sg/Genuine-Saltiga-Handle-Number-006072671H1638/dp/B07TVJM7J9/ref=sr_1_154?dib=eyJ2IjoiMSJ9.w6dtExmjhAVYCL9BLWPocM39hIy-zPrYxOe4IWsH1n_JYrwFinAGWmE_kh5wRzJm-B2UPZcOOEzLWw_CzeWEQ-9nyf5PMgEywQhhNjT_vCR_6oCHY2iamg3AI2ukXUC8j1afEU431sLxgVMnWsGuGYF_3TBoWszggmjKmSpOrVM.pMUc8Zfn3mx8IFnxvOnYMJAPTf59FqQOWoZqvwHBK2M&dib_tag=se&m=A1YKPOZG28EHWI&marketplaceID=A19VAU5U5O7RUS&qid=1776420869&refinements=p_36%3A19500-20000&s=merchant-items&sr=1-154&xpid=5xt-p85bextIq,"Daiwa Reel Genuine Part 16 Saltiga 35N Handle, Part Number 98, Part Code 1H1638 006072671H1638"
B07TVJM7J9,,,,
B07TSDKGYY,,195.38,https://www.amazon.sg/Genuine-Gillion-1516SHL-Handle-006134631H1727/dp/B07TSDKGYY/ref=sr_1_155?dib=eyJ2IjoiMSJ9.w6dtExmjhAVYCL9BLWPocM39hIy-zPrYxOe4IWsH1n_JYrwFinAGWmE_kh5wRzJm-B2UPZcOOEzLWw_CzeWEQ-9nyf5PMgEywQhhNjT_vCR_6oCHY2iamg3AI2ukXUC8j1afEU431sLxgVMnWsGuGYF_3TBoWszggmjKmSpOrVM.pMUc8Zfn3mx8IFnxvOnYMJAPTf59FqQOWoZqvwHBK2M&dib_tag=se&m=A1YKPOZG28EHWI&marketplaceID=A19VAU5U5O7RUS&qid=1776420869&refinements=p_36%3A19500-20000&s=merchant-items&sr=1-155&xpid=5xt-p85bextIq,"Daiwa Reel Genuine Part 18, Gillion TW HLC 1516SHL, Handle, Part Number 109, Part Code 1H1727 006134631H1727"
B07TSDKGYY,,,,
B07TSDKGYY,,195.38,https://www.amazon.sg/Genuine-Gillion-1516SHL-Handle-006134631H1727/dp/B07TSDKGYY/ref=sr_1_161?dib=eyJ2IjoiMSJ9.L1M8vSLb978RPFg5_2_RAfCz-gD7Mkh-Ey3g2ebCejNeLEGmestVd0wDtxmbblOwFkuMIEf7sS6DgEEltwedqg.AUh343TkBfwW_Hxppd5cRv-VLRx2UhU7SgyKkejHA_U&dib_tag=se&m=A1YKPOZG28EHWI&marketplaceID=A19VAU5U5O7RUS&qid=1776420874&refinements=p_36%3A19500-20000&s=merchant-items&sr=1-161&xpid=5xt-p85bextIq,"Daiwa Reel Genuine Part 18, Gillion TW HLC 1516SHL, Handle, Part Number 109, Part Code 1H1727 006134631H1727"
B07TSDKGYY,,,,
B07SZZY8GT,,197.58,https://www.amazon.sg/Bahco-BH98-8-9x12-Ring-End/dp/B07SZZY8GT/ref=sr_1_162?dib=eyJ2IjoiMSJ9.L1M8vSLb978RPFg5_2_RAfCz-gD7Mkh-Ey3g2ebCejNeLEGmestVd0wDtxmbblOwFkuMIEf7sS6DgEEltwedqg.AUh343TkBfwW_Hxppd5cRv-VLRx2UhU7SgyKkejHA_U&dib_tag=se&m=A1YKPOZG28EHWI&marketplaceID=A19VAU5U5O7RUS&qid=1776420874&refinements=p_36%3A19500-20000&s=merchant-items&sr=1-162&xpid=5xt-p85bextIq,9x12 Ring End 8 - Unid: 1
B07SZZY8GT,,,,
B07RZNM8M3,,197.74,https://www.amazon.sg/MEE-audio-Professional-Triple-Driver-Transparent/dp/B07RZNM8M3/ref=sr_1_163?dib=eyJ2IjoiMSJ9.L1M8vSLb978RPFg5_2_RAfCz-gD7Mkh-Ey3g2ebCejNeLEGmestVd0wDtxmbblOwFkuMIEf7sS6DgEEltwedqg.AUh343TkBfwW_Hxppd5cRv-VLRx2UhU7SgyKkejHA_U&dib_tag=se&m=A1YKPOZG28EHWI&marketplaceID=A19VAU5U5O7RUS&qid=1776420874&refinements=p_36%3A19500-20000&s=merchant-items&sr=1-163&xpid=5xt-p85bextIq#customerReviews,"MEE audio Professional MX3 PRO Triple-Driver Hybrid Musician's in Ear Monitor Headphones with Enhanced Midrange and Warm Tonality, Noise Isolating Earphones with Detachable Cables, Transparent"
B07RZNM8M3,,,,
B07RZ9SJV9,,195.49,https://www.amazon.sg/DMR-Vault-Midi-Pedals-Black/dp/B07RZ9SJV9/ref=sr_1_164?dib=eyJ2IjoiMSJ9.L1M8vSLb978RPFg5_2_RAfCz-gD7Mkh-Ey3g2ebCejNeLEGmestVd0wDtxmbblOwFkuMIEf7sS6DgEEltwedqg.AUh343TkBfwW_Hxppd5cRv-VLRx2UhU7SgyKkejHA_U&dib_tag=se&m=A1YKPOZG28EHWI&marketplaceID=A19VAU5U5O7RUS&qid=1776420874&refinements=p_36%3A19500-20000&s=merchant-items&sr=1-164&xpid=5xt-p85bextIq#customerReviews,"DMR Vault Midi Pedals Black, One Size"
B07RZ9SJV9,,,,
B07NLG8VD4,,205.57,https://www.amazon.sg/Shutter-Precision-SP-Dynamo-S43HUB00503/dp/B07NLG8VD4/ref=sr_1_165?dib=eyJ2IjoiMSJ9.L1M8vSLb978RPFg5_2_RAfCz-gD7Mkh-Ey3g2ebCejNeLEGmestVd0wDtxmbblOwFkuMIEf7sS6DgEEltwedqg.AUh343TkBfwW_Hxppd5cRv-VLRx2UhU7SgyKkejHA_U&dib_tag=se&m=A1YKPOZG28EHWI&marketplaceID=A19VAU5U5O7RUS&qid=1776420874&refinements=p_36%3A19500-20000&s=merchant-items&sr=1-165&xpid=5xt-p85bextIq,Shutter Precision (SP) Ultra Small Dynamo Hub SD-8 BK 28H S43HUB00503 Black 28H
B07NLG8VD4,,,,
B07MZ693S1,,196.0,https://www.amazon.sg/Nordisc-148057-Outdoor-Activities-Camping/dp/B07MZ693S1/ref=sr_1_161?dib=eyJ2IjoiMSJ9.oKfRktZaG5tmSqz3r_mUXLFdKGl9Ymxx5gYbC8rdtyyBHNxQ84umX7TbzkG3SlfDC49Cu4yDjP5AicVKRD9B56715xTWOzVzTDoKcqWBRr9-cl7LTvbfgnnOFdQ8geu2Uy6tjgdyc5lE5atp8zTUKcKOerDr5ZoodasfrB7zeG4.Ol8bs_Kn1wth8lZkELzzJYIQRCjkWmA4MLF0a-XD6vs&dib_tag=se&m=A1YKPOZG28EHWI&marketplaceID=A19VAU5U5O7RUS&qid=1776420874&refinements=p_36%3A19500-20000&s=merchant-items&sr=1-161&xpid=5xt-p85bextIq#customerReviews,Nordisk Asgard Mini Color Pack Tent Parts Set
B07MZ693S1,,,,
B07MCXBQQ7,,199.03,https://www.amazon.sg/TOP-FRC-6000LK-Oscillating-Combination-Mechanism/dp/B07MCXBQQ7/ref=sr_1_162?dib=eyJ2IjoiMSJ9.oKfRktZaG5tmSqz3r_mUXLFdKGl9Ymxx5gYbC8rdtyyBHNxQ84umX7TbzkG3SlfDC49Cu4yDjP5AicVKRD9B56715xTWOzVzTDoKcqWBRr9-cl7LTvbfgnnOFdQ8geu2Uy6tjgdyc5lE5atp8zTUKcKOerDr5ZoodasfrB7zeG4.Ol8bs_Kn1wth8lZkELzzJYIQRCjkWmA4MLF0a-XD6vs&dib_tag=se&m=A1YKPOZG28EHWI&marketplaceID=A19VAU5U5O7RUS&qid=1776420874&refinements=p_36%3A19500-20000&s=merchant-items&sr=1-162&xpid=5xt-p85bextIq#customerReviews,"TOP FRC-6000LK Oscillating Lock Ratchet Combination Set with Holder, 8 Oscillating Locking Mechanism"
B07MCXBQQ7,,,,
B07KVXRTMF,,198.79,https://www.amazon.sg/Diecast-Masters-International-Tridem-Tractor/dp/B07KVXRTMF/ref=sr_1_163?dib=eyJ2IjoiMSJ9.oKfRktZaG5tmSqz3r_mUXLFdKGl9Ymxx5gYbC8rdtyyBHNxQ84umX7TbzkG3SlfDC49Cu4yDjP5AicVKRD9B56715xTWOzVzTDoKcqWBRr9-cl7LTvbfgnnOFdQ8geu2Uy6tjgdyc5lE5atp8zTUKcKOerDr5ZoodasfrB7zeG4.Ol8bs_Kn1wth8lZkELzzJYIQRCjkWmA4MLF0a-XD6vs&dib_tag=se&m=A1YKPOZG28EHWI&marketplaceID=A19VAU5U5O7RUS&qid=1776420874&refinements=p_36%3A19500-20000&s=merchant-items&sr=1-163&xpid=5xt-p85bextIq#customerReviews,Diecast Masters International HX620 Day Cab Tridem Tractor Black 1/50 Diecast Model by 71009
B07KVXRTMF,,,,
B07KFG5QSG,,200.45,https://www.amazon.sg/Under-Armour-Sunglasses-Offshore-Polarized/dp/B07KFG5QSG/ref=sr_1_164?dib=eyJ2IjoiMSJ9.oKfRktZaG5tmSqz3r_mUXLFdKGl9Ymxx5gYbC8rdtyyBHNxQ84umX7TbzkG3SlfDC49Cu4yDjP5AicVKRD9B56715xTWOzVzTDoKcqWBRr9-cl7LTvbfgnnOFdQ8geu2Uy6tjgdyc5lE5atp8zTUKcKOerDr5ZoodasfrB7zeG4.Ol8bs_Kn1wth8lZkELzzJYIQRCjkWmA4MLF0a-XD6vs&dib_tag=se&m=A1YKPOZG28EHWI&marketplaceID=A19VAU5U5O7RUS&qid=1776420874&refinements=p_36%3A19500-20000&s=merchant-items&sr=1-164&xpid=5xt-p85bextIq#customerReviews,Under Armour No Limits Sunglasses Square
B07KFG5QSG,,,,
B07K2QCSXW,,205.96,https://www.amazon.sg/Under-Armour-Changeup-Baseball-8650129-060164/dp/B07K2QCSXW/ref=sr_1_165?dib=eyJ2IjoiMSJ9.oKfRktZaG5tmSqz3r_mUXLFdKGl9Ymxx5gYbC8rdtyyBHNxQ84umX7TbzkG3SlfDC49Cu4yDjP5AicVKRD9B56715xTWOzVzTDoKcqWBRr9-cl7LTvbfgnnOFdQ8geu2Uy6tjgdyc5lE5atp8zTUKcKOerDr5ZoodasfrB7zeG4.Ol8bs_Kn1wth8lZkELzzJYIQRCjkWmA4MLF0a-XD6vs&dib_tag=se&m=A1YKPOZG28EHWI&marketplaceID=A19VAU5U5O7RUS&qid=1776420874&refinements=p_36%3A19500-20000&s=merchant-items&sr=1-165&xpid=5xt-p85bextIq#customerReviews,Under Armour Changeup Dual Sunglasses Wrap
B07K2QCSXW,,,,
B07HMDZMPW,,195.47,https://www.amazon.sg/CableMod-Classic-ModFlex-Sleeved-Corsair/dp/B07HMDZMPW/ref=sr_1_166?dib=eyJ2IjoiMSJ9.oKfRktZaG5tmSqz3r_mUXLFdKGl9Ymxx5gYbC8rdtyyBHNxQ84umX7TbzkG3SlfDC49Cu4yDjP5AicVKRD9B56715xTWOzVzTDoKcqWBRr9-cl7LTvbfgnnOFdQ8geu2Uy6tjgdyc5lE5atp8zTUKcKOerDr5ZoodasfrB7zeG4.Ol8bs_Kn1wth8lZkELzzJYIQRCjkWmA4MLF0a-XD6vs&dib_tag=se&m=A1YKPOZG28EHWI&marketplaceID=A19VAU5U5O7RUS&qid=1776420874&refinements=p_36%3A19500-20000&s=merchant-items&sr=1-166&xpid=5xt-p85bextIq#customerReviews,CableMod C-Series Classic ModFlex Sleeved Cable Kit for Corsair Type 4 RM Black Label/RMi/RMX (White)
B07HMDZMPW,,,,
B07H3XM14C,,196.72,https://www.amazon.sg/Bandai-S-H-Figuarts-Ultraman-Beyond/dp/B07H3XM14C/ref=sr_1_167?dib=eyJ2IjoiMSJ9.oKfRktZaG5tmSqz3r_mUXLFdKGl9Ymxx5gYbC8rdtyyBHNxQ84umX7TbzkG3SlfDC49Cu4yDjP5AicVKRD9B56715xTWOzVzTDoKcqWBRr9-cl7LTvbfgnnOFdQ8geu2Uy6tjgdyc5lE5atp8zTUKcKOerDr5ZoodasfrB7zeG4.Ol8bs_Kn1wth8lZkELzzJYIQRCjkWmA4MLF0a-XD6vs&dib_tag=se&m=A1YKPOZG28EHWI&marketplaceID=A19VAU5U5O7RUS&qid=1776420874&refinements=p_36%3A19500-20000&s=merchant-items&sr=1-167&xpid=5xt-p85bextIq,Bandai S.H. Figuarts Ultraman Zero Beyond Ultraman Gide
B07GGXPP6W,,196.92,https://www.amazon.sg/Seto-Craft-SI-2275-900-Post-Stand/dp/B07GGXPP6W/ref=sr_1_168?dib=eyJ2IjoiMSJ9.oKfRktZaG5tmSqz3r_mUXLFdKGl9Ymxx5gYbC8rdtyyBHNxQ84umX7TbzkG3SlfDC49Cu4yDjP5AicVKRD9B56715xTWOzVzTDoKcqWBRr9-cl7LTvbfgnnOFdQ8geu2Uy6tjgdyc5lE5atp8zTUKcKOerDr5ZoodasfrB7zeG4.Ol8bs_Kn1wth8lZkELzzJYIQRCjkWmA4MLF0a-XD6vs&dib_tag=se&m=A1YKPOZG28EHWI&marketplaceID=A19VAU5U5O7RUS&qid=1776420874&refinements=p_36%3A19500-20000&s=merchant-items&sr=1-168&xpid=5xt-p85bextIq,Seto Craft SI-2275-900 Post Stand
B07GGXPP6W,,,,
B07FY8DTW9,,195.0,https://www.amazon.sg/Disaster-Prevention-Cyblock-Part-Number/dp/B07FY8DTW9/ref=sr_1_169?dib=eyJ2IjoiMSJ9.oKfRktZaG5tmSqz3r_mUXLFdKGl9Ymxx5gYbC8rdtyyBHNxQ84umX7TbzkG3SlfDC49Cu4yDjP5AicVKRD9B56715xTWOzVzTDoKcqWBRr9-cl7LTvbfgnnOFdQ8geu2Uy6tjgdyc5lE5atp8zTUKcKOerDr5ZoodasfrB7zeG4.Ol8bs_Kn1wth8lZkELzzJYIQRCjkWmA4MLF0a-XD6vs&dib_tag=se&m=A1YKPOZG28EHWI&marketplaceID=A19VAU5U5O7RUS&qid=1776420874&refinements=p_36%3A19500-20000&s=merchant-items&sr=1-169&xpid=5xt-p85bextIq,"Car Disaster Prevention Bow Cyblock, Part Number: 8429"
B07DFVY66D,,196.13,https://www.amazon.sg/Daiwa-RW-1301-Fishing-Wader-Radial/dp/B07DFVY66D/ref=sr_1_170?dib=eyJ2IjoiMSJ9.oKfRktZaG5tmSqz3r_mUXLFdKGl9Ymxx5gYbC8rdtyyBHNxQ84umX7TbzkG3SlfDC49Cu4yDjP5AicVKRD9B56715xTWOzVzTDoKcqWBRr9-cl7LTvbfgnnOFdQ8geu2Uy6tjgdyc5lE5atp8zTUKcKOerDr5ZoodasfrB7zeG4.Ol8bs_Kn1wth8lZkELzzJYIQRCjkWmA4MLF0a-XD6vs&dib_tag=se&m=A1YKPOZG28EHWI&marketplaceID=A19VAU5U5O7RUS&qid=1776420874&refinements=p_36%3A19500-20000&s=merchant-items&sr=1-170&xpid=5xt-p85bextIq#customerReviews,Daiwa RW-1301 Radial Waders
B07DFVY66D,,,,
B07CHT1YJ8,,198.72,https://www.amazon.sg/Easton-8023019-EA90SL-Stem-31-8/dp/B07CHT1YJ8/ref=sr_1_171?dib=eyJ2IjoiMSJ9.oKfRktZaG5tmSqz3r_mUXLFdKGl9Ymxx5gYbC8rdtyyBHNxQ84umX7TbzkG3SlfDC49Cu4yDjP5AicVKRD9B56715xTWOzVzTDoKcqWBRr9-cl7LTvbfgnnOFdQ8geu2Uy6tjgdyc5lE5atp8zTUKcKOerDr5ZoodasfrB7zeG4.Ol8bs_Kn1wth8lZkELzzJYIQRCjkWmA4MLF0a-XD6vs&dib_tag=se&m=A1YKPOZG28EHWI&marketplaceID=A19VAU5U5O7RUS&qid=1776420874&refinements=p_36%3A19500-20000&s=merchant-items&sr=1-171&xpid=5xt-p85bextIq#customerReviews,Easton EA90 SL Stem
B07CHT1YJ8,,,,
B07CHT1YJ8,,198.72,https://www.amazon.sg/Easton-8023019-EA90SL-Stem-31-8/dp/B07CHT1YJ8/ref=sr_1_177?dib=eyJ2IjoiMSJ9.49tZ3r7w9m1arBrsy5xJkH1Dld2bpx_rUBW5b0P9g2E8V1jIg2hhlXinWUSkr2HaCD_B_XevNOA2XM7St_qusw.syfGnMCNjsANPsToL9pYm0qzJUQE9BXXnDmLnCNhapA&dib_tag=se&m=A1YKPOZG28EHWI&marketplaceID=A19VAU5U5O7RUS&qid=1776420879&refinements=p_36%3A19500-20000&s=merchant-items&sr=1-177&xpid=5xt-p85bextIq#customerReviews,Easton EA90 SL Stem
B07CHT1YJ8,,,,
B07BRX2JVK,,196.37,https://www.amazon.sg/7781-Ring-spanner-insert-32/dp/B07BRX2JVK/ref=sr_1_178?dib=eyJ2IjoiMSJ9.49tZ3r7w9m1arBrsy5xJkH1Dld2bpx_rUBW5b0P9g2E8V1jIg2hhlXinWUSkr2HaCD_B_XevNOA2XM7St_qusw.syfGnMCNjsANPsToL9pYm0qzJUQE9BXXnDmLnCNhapA&dib_tag=se&m=A1YKPOZG28EHWI&marketplaceID=A19VAU5U5O7RUS&qid=1776420879&refinements=p_36%3A19500-20000&s=merchant-items&sr=1-178&xpid=5xt-p85bextIq,"7781 Ring spanner insert, 32 x 81 mm"
B07BRX2JVK,,,,
B07BMPB68D,,197.07,https://www.amazon.sg/TOTO-TH5E0017-Drive/dp/B07BMPB68D/ref=sr_1_179?dib=eyJ2IjoiMSJ9.49tZ3r7w9m1arBrsy5xJkH1Dld2bpx_rUBW5b0P9g2E8V1jIg2hhlXinWUSkr2HaCD_B_XevNOA2XM7St_qusw.syfGnMCNjsANPsToL9pYm0qzJUQE9BXXnDmLnCNhapA&dib_tag=se&m=A1YKPOZG28EHWI&marketplaceID=A19VAU5U5O7RUS&qid=1776420879&refinements=p_36%3A19500-20000&s=merchant-items&sr=1-179&xpid=5xt-p85bextIq,TOTO TH5E0017 Drive
B07BMPB68D,,,,
B07BKV1BV8,,196.51,https://www.amazon.sg/Golden-Gate-Pancake-P-130-Strings/dp/B07BKV1BV8/ref=sr_1_180?dib=eyJ2IjoiMSJ9.49tZ3r7w9m1arBrsy5xJkH1Dld2bpx_rUBW5b0P9g2E8V1jIg2hhlXinWUSkr2HaCD_B_XevNOA2XM7St_qusw.syfGnMCNjsANPsToL9pYm0qzJUQE9BXXnDmLnCNhapA&dib_tag=se&m=A1YKPOZG28EHWI&marketplaceID=A19VAU5U5O7RUS&qid=1776420879&refinements=p_36%3A19500-20000&s=merchant-items&sr=1-180&xpid=5xt-p85bextIq#customerReviews,"Golden Gate Pancake Style P-130 Banjo Pegs, Nickel for 1-4 Strings, Set of 4"
B07BKV1BV8,,,,
B07B87V5H1,,195.24,https://www.amazon.sg/Tovatec-T1000V-T1000-Video-Light/dp/B07B87V5H1/ref=sr_1_181?dib=eyJ2IjoiMSJ9.49tZ3r7w9m1arBrsy5xJkH1Dld2bpx_rUBW5b0P9g2E8V1jIg2hhlXinWUSkr2HaCD_B_XevNOA2XM7St_qusw.syfGnMCNjsANPsToL9pYm0qzJUQE9BXXnDmLnCNhapA&dib_tag=se&m=A1YKPOZG28EHWI&marketplaceID=A19VAU5U5O7RUS&qid=1776420879&refinements=p_36%3A19500-20000&s=merchant-items&sr=1-181&xpid=5xt-p85bextIq#customerReviews,Tovatec T1000 Video Light
B07B87V5H1,,,,
B0796JN336,,196.57,https://www.amazon.sg/Daiwa-CS90CH-Power-Holder-Black/dp/B0796JN336/ref=sr_1_177?dib=eyJ2IjoiMSJ9.-xlAYBCylyMjTkJrxuvYHV2XqDhGw7vFPYKYObxVw1Yten5Ar2hT0zc22uobDdj0skN0ZuFgt4H7Jv6srrpoM9lRyCt8pZBvfsGOViyce94lcnRqhG9UycpxFfBzEsPX5qlrqeanJj23cnAZjTWrlyySUrVMScUnh3g2jJ4cE7Y.C3E1IGMz2MiMf2_4p9lZBgjTv0FNUpWiwQC3OzKqRMg&dib_tag=se&m=A1YKPOZG28EHWI&marketplaceID=A19VAU5U5O7RUS&qid=1776420879&refinements=p_36%3A19500-20000&s=merchant-items&sr=1-177&xpid=5xt-p85bextIq#customerReviews,"Daiwa CS90CH Power Holder, Black"
B0796JN336,,,,
B078M8XYNJ,,202.03,https://www.amazon.sg/Under-Armour-Changeup-Sunglasses-X-Large/dp/B078M8XYNJ/ref=sr_1_178?dib=eyJ2IjoiMSJ9.-xlAYBCylyMjTkJrxuvYHV2XqDhGw7vFPYKYObxVw1Yten5Ar2hT0zc22uobDdj0skN0ZuFgt4H7Jv6srrpoM9lRyCt8pZBvfsGOViyce94lcnRqhG9UycpxFfBzEsPX5qlrqeanJj23cnAZjTWrlyySUrVMScUnh3g2jJ4cE7Y.C3E1IGMz2MiMf2_4p9lZBgjTv0FNUpWiwQC3OzKqRMg&dib_tag=se&m=A1YKPOZG28EHWI&marketplaceID=A19VAU5U5O7RUS&qid=1776420879&refinements=p_36%3A19500-20000&s=merchant-items&sr=1-178&xpid=5xt-p85bextIq#customerReviews,Under Armour Changeup Sunglasses Wrap
B078M8XYNJ,,,,
B075N16X5M,,197.53,https://www.amazon.sg/Ernie-Ball-Anniversary-Pedal-P06110/dp/B075N16X5M/ref=sr_1_179?dib=eyJ2IjoiMSJ9.-xlAYBCylyMjTkJrxuvYHV2XqDhGw7vFPYKYObxVw1Yten5Ar2hT0zc22uobDdj0skN0ZuFgt4H7Jv6srrpoM9lRyCt8pZBvfsGOViyce94lcnRqhG9UycpxFfBzEsPX5qlrqeanJj23cnAZjTWrlyySUrVMScUnh3g2jJ4cE7Y.C3E1IGMz2MiMf2_4p9lZBgjTv0FNUpWiwQC3OzKqRMg&dib_tag=se&m=A1YKPOZG28EHWI&marketplaceID=A19VAU5U5O7RUS&qid=1776420879&refinements=p_36%3A19500-20000&s=merchant-items&sr=1-179&xpid=5xt-p85bextIq#customerReviews,Ernie Ball 40th Anniversary Volume Pedal (P06110)
B075N16X5M,,,,
B0754FR4H4,,212.2,https://www.amazon.sg/Orange-Getaway-Driver-Overdrive-Effects/dp/B0754FR4H4/ref=sr_1_180?dib=eyJ2IjoiMSJ9.-xlAYBCylyMjTkJrxuvYHV2XqDhGw7vFPYKYObxVw1Yten5Ar2hT0zc22uobDdj0skN0ZuFgt4H7Jv6srrpoM9lRyCt8pZBvfsGOViyce94lcnRqhG9UycpxFfBzEsPX5qlrqeanJj23cnAZjTWrlyySUrVMScUnh3g2jJ4cE7Y.C3E1IGMz2MiMf2_4p9lZBgjTv0FNUpWiwQC3OzKqRMg&dib_tag=se&m=A1YKPOZG28EHWI&marketplaceID=A19VAU5U5O7RUS&qid=1776420879&refinements=p_36%3A19500-20000&s=merchant-items&sr=1-180&xpid=5xt-p85bextIq#customerReviews,Orange Getaway Driver '70s Amp-In-A-Box Overdrive Guitar Effects Pedal
B0754FR4H4,,,,
B073RZDNZD,,197.02,https://www.amazon.sg/Magic-Gathering-Booster-Japanese-Language/dp/B073RZDNZD/ref=sr_1_181?dib=eyJ2IjoiMSJ9.-xlAYBCylyMjTkJrxuvYHV2XqDhGw7vFPYKYObxVw1Yten5Ar2hT0zc22uobDdj0skN0ZuFgt4H7Jv6srrpoM9lRyCt8pZBvfsGOViyce94lcnRqhG9UycpxFfBzEsPX5qlrqeanJj23cnAZjTWrlyySUrVMScUnh3g2jJ4cE7Y.C3E1IGMz2MiMf2_4p9lZBgjTv0FNUpWiwQC3OzKqRMg&dib_tag=se&m=A1YKPOZG28EHWI&marketplaceID=A19VAU5U5O7RUS&qid=1776420879&refinements=p_36%3A19500-20000&s=merchant-items&sr=1-181&xpid=5xt-p85bextIq#customerReviews,MTG Magic the Gathering Ixalan Booster Box (Japanese Language Version) - 36 packs
B073RZDNZD,,,,
B071YRXNGF,,200.76,https://www.amazon.sg/Magic-Hour-Devastation-Booster-JAPANESE/dp/B071YRXNGF/ref=sr_1_182?dib=eyJ2IjoiMSJ9.-xlAYBCylyMjTkJrxuvYHV2XqDhGw7vFPYKYObxVw1Yten5Ar2hT0zc22uobDdj0skN0ZuFgt4H7Jv6srrpoM9lRyCt8pZBvfsGOViyce94lcnRqhG9UycpxFfBzEsPX5qlrqeanJj23cnAZjTWrlyySUrVMScUnh3g2jJ4cE7Y.C3E1IGMz2MiMf2_4p9lZBgjTv0FNUpWiwQC3OzKqRMg&dib_tag=se&m=A1YKPOZG28EHWI&marketplaceID=A19VAU5U5O7RUS&qid=1776420879&refinements=p_36%3A19500-20000&s=merchant-items&sr=1-182&xpid=5xt-p85bextIq#customerReviews,Magic Hour of Devastation MTG Booster Box JAPANESE
B071YRXNGF,,,,
B06XWCFVKH,,196.37,https://www.amazon.sg/PRO-Performance-Bicycle-Frame-Minipump/dp/B06XWCFVKH/ref=sr_1_183?dib=eyJ2IjoiMSJ9.-xlAYBCylyMjTkJrxuvYHV2XqDhGw7vFPYKYObxVw1Yten5Ar2hT0zc22uobDdj0skN0ZuFgt4H7Jv6srrpoM9lRyCt8pZBvfsGOViyce94lcnRqhG9UycpxFfBzEsPX5qlrqeanJj23cnAZjTWrlyySUrVMScUnh3g2jJ4cE7Y.C3E1IGMz2MiMf2_4p9lZBgjTv0FNUpWiwQC3OzKqRMg&dib_tag=se&m=A1YKPOZG28EHWI&marketplaceID=A19VAU5U5O7RUS&qid=1776420879&refinements=p_36%3A19500-20000&s=merchant-items&sr=1-183&xpid=5xt-p85bextIq,PRO Performance HV Bicycle Frame Minipump - PRPU0092
B06XWCFVKH,,,,
B06XBFP23R,,197.75,https://www.amazon.sg/Captain-Stag-Classics-UA-1069-Hexagon/dp/B06XBFP23R/ref=sr_1_184?dib=eyJ2IjoiMSJ9.-xlAYBCylyMjTkJrxuvYHV2XqDhGw7vFPYKYObxVw1Yten5Ar2hT0zc22uobDdj0skN0ZuFgt4H7Jv6srrpoM9lRyCt8pZBvfsGOViyce94lcnRqhG9UycpxFfBzEsPX5qlrqeanJj23cnAZjTWrlyySUrVMScUnh3g2jJ4cE7Y.C3E1IGMz2MiMf2_4p9lZBgjTv0FNUpWiwQC3OzKqRMg&dib_tag=se&m=A1YKPOZG28EHWI&marketplaceID=A19VAU5U5O7RUS&qid=1776420879&refinements=p_36%3A19500-20000&s=merchant-items&sr=1-184&xpid=5xt-p85bextIq#customerReviews,"Captain Stag CS Classics UA-1069 Tarp, Hexagon, Size: 15.7 x 16.5 x 86.6 inches (400 x 420 x 220 cm), UV and PU Treatment, Carrying Bag Included, White"
B06XBFP23R,,,,
B01NAZAVVL,,196.84,https://www.amazon.sg/Panduit-IMSP12T35-QR6L-Strapping-316L-Epoxy/dp/B01NAZAVVL/ref=sr_1_185?dib=eyJ2IjoiMSJ9.-xlAYBCylyMjTkJrxuvYHV2XqDhGw7vFPYKYObxVw1Yten5Ar2hT0zc22uobDdj0skN0ZuFgt4H7Jv6srrpoM9lRyCt8pZBvfsGOViyce94lcnRqhG9UycpxFfBzEsPX5qlrqeanJj23cnAZjTWrlyySUrVMScUnh3g2jJ4cE7Y.C3E1IGMz2MiMf2_4p9lZBgjTv0FNUpWiwQC3OzKqRMg&dib_tag=se&m=A1YKPOZG28EHWI&marketplaceID=A19VAU5U5O7RUS&qid=1776420879&refinements=p_36%3A19500-20000&s=merchant-items&sr=1-185&xpid=5xt-p85bextIq,"Panduit - IMSP12T35-QR6L - Panduit IMSP12T35-QR6L IMS Strapping, 316L SS, Epoxy FC, 12mm"
B01NAZAVVL,,,,
B01N6EK4PV,,198.0,https://www.amazon.sg/iStorage-datAshur-Personal2-Secure-FL-DAP3-B-32/dp/B01N6EK4PV/ref=sr_1_186?dib=eyJ2IjoiMSJ9.-xlAYBCylyMjTkJrxuvYHV2XqDhGw7vFPYKYObxVw1Yten5Ar2hT0zc22uobDdj0skN0ZuFgt4H7Jv6srrpoM9lRyCt8pZBvfsGOViyce94lcnRqhG9UycpxFfBzEsPX5qlrqeanJj23cnAZjTWrlyySUrVMScUnh3g2jJ4cE7Y.C3E1IGMz2MiMf2_4p9lZBgjTv0FNUpWiwQC3OzKqRMg&dib_tag=se&m=A1YKPOZG28EHWI&marketplaceID=A19VAU5U5O7RUS&qid=1776420879&refinements=p_36%3A19500-20000&s=merchant-items&sr=1-186&xpid=5xt-p85bextIq#customerReviews,"iStorage datAshur Personal2 32 GB Secure Flash Drive - Password Protected, Portable, Military Grade Hardware Encryption, USB 3.0 IS-FL-DAP3-B-32"
B01N6EK4PV,,,,
B01N4S24U6,,196.49,https://www.amazon.sg/DAIWA-Spinning-Throwing-Throw-WINDCAST/dp/B01N4S24U6/ref=sr_1_187?dib=eyJ2IjoiMSJ9.-xlAYBCylyMjTkJrxuvYHV2XqDhGw7vFPYKYObxVw1Yten5Ar2hT0zc22uobDdj0skN0ZuFgt4H7Jv6srrpoM9lRyCt8pZBvfsGOViyce94lcnRqhG9UycpxFfBzEsPX5qlrqeanJj23cnAZjTWrlyySUrVMScUnh3g2jJ4cE7Y.C3E1IGMz2MiMf2_4p9lZBgjTv0FNUpWiwQC3OzKqRMg&dib_tag=se&m=A1YKPOZG28EHWI&marketplaceID=A19VAU5U5O7RUS&qid=1776420879&refinements=p_36%3A19500-20000&s=merchant-items&sr=1-187&xpid=5xt-p85bextIq#customerReviews,DAIWA Spinning Reel (Throwing/Far Throw) 17 Windcast (2017 Model)
B01N4S24U6,,,,
B01MV3T1ED,,199.2,https://www.amazon.sg/Comodo-Pillow-Cmd9000-High-Class-160Cm/dp/B01MV3T1ED/ref=sr_1_193?dib=eyJ2IjoiMSJ9.4GCrUzYA8Agsh0KazKJgj21qLKPlIW1wJK-wWI5bIuQ9PIz1B4KnmoeoGhO4UJwf10wB244LnvIgGSq7IEs9ww.iCGiL9C0Nf5mts2Ba_rvtn1z0nY_tHLLbdsnvoyJhS4&dib_tag=se&m=A1YKPOZG28EHWI&marketplaceID=A19VAU5U5O7RUS&qid=1776420885&refinements=p_36%3A19500-20000&s=merchant-items&sr=1-193&xpid=5xt-p85bextIq#customerReviews,"Comodo""Pillow Cmd9000 High-Class (160Cm 50Cm) - Original [Made In Japan]"
B01MV3T1ED,,,,
B01E15EUY6,,196.67,https://www.amazon.sg/B-AIR-STRAP-Saxophone-Strap-BSN-BS-M/dp/B01E15EUY6/ref=sr_1_194?dib=eyJ2IjoiMSJ9.4GCrUzYA8Agsh0KazKJgj21qLKPlIW1wJK-wWI5bIuQ9PIz1B4KnmoeoGhO4UJwf10wB244LnvIgGSq7IEs9ww.iCGiL9C0Nf5mts2Ba_rvtn1z0nY_tHLLbdsnvoyJhS4&dib_tag=se&m=A1YKPOZG28EHWI&marketplaceID=A19VAU5U5O7RUS&qid=1776420885&refinements=p_36%3A19500-20000&s=merchant-items&sr=1-194&xpid=5xt-p85bextIq,B.AIR BIRD STRAP Saxophone Strap Slim Long BSN-BS
B01E15EUY6,,,,
B01DJWWOQ8,,196.8,https://www.amazon.sg/Knipex-KNIPEX-7005-180TBK-Diagonal-Prevention/dp/B01DJWWOQ8/ref=sr_1_195?dib=eyJ2IjoiMSJ9.4GCrUzYA8Agsh0KazKJgj21qLKPlIW1wJK-wWI5bIuQ9PIz1B4KnmoeoGhO4UJwf10wB244LnvIgGSq7IEs9ww.iCGiL9C0Nf5mts2Ba_rvtn1z0nY_tHLLbdsnvoyJhS4&dib_tag=se&m=A1YKPOZG28EHWI&marketplaceID=A19VAU5U5O7RUS&qid=1776420885&refinements=p_36%3A19500-20000&s=merchant-items&sr=1-195&xpid=5xt-p85bextIq#customerReviews,"Knipex KNIPEX 7005-180TBK Diagonal Nipper, Drop Prevention"
B01DJWWOQ8,,,,
B01DJWWKM6,,212.12,https://www.amazon.sg/00-20-01-V09-Pliers/dp/B01DJWWKM6/ref=sr_1_196?dib=eyJ2IjoiMSJ9.4GCrUzYA8Agsh0KazKJgj21qLKPlIW1wJK-wWI5bIuQ9PIz1B4KnmoeoGhO4UJwf10wB244LnvIgGSq7IEs9ww.iCGiL9C0Nf5mts2Ba_rvtn1z0nY_tHLLbdsnvoyJhS4&dib_tag=se&m=A1YKPOZG28EHWI&marketplaceID=A19VAU5U5O7RUS&qid=1776420885&refinements=p_36%3A19500-20000&s=merchant-items&sr=1-196&xpid=5xt-p85bextIq#customerReviews,"00 20 01 V09 Pliers Set ""Srz Ii"" 4Piece"
B01DJWWKM6,,,,
B017NKVMWE,,199.11,https://www.amazon.sg/S-Yairi-Acoustic-YM-02-UBL-Included/dp/B017NKVMWE/ref=sr_1_197?dib=eyJ2IjoiMSJ9.4GCrUzYA8Agsh0KazKJgj21qLKPlIW1wJK-wWI5bIuQ9PIz1B4KnmoeoGhO4UJwf10wB244LnvIgGSq7IEs9ww.iCGiL9C0Nf5mts2Ba_rvtn1z0nY_tHLLbdsnvoyJhS4&dib_tag=se&m=A1YKPOZG28EHWI&marketplaceID=A19VAU5U5O7RUS&qid=1776420885&refinements=p_36%3A19500-20000&s=merchant-items&sr=1-197&xpid=5xt-p85bextIq,S.Yairi Compact Acoustic Series YM-02/UBL Mini Acoustic Guitar Light Blue [Soft Case Included] Right Hand
B017NKVMWE,,,,
B0177LXR1I,,198.54,https://www.amazon.sg/Selma-Paris-Clarinet-Mouthpiece-Concept/dp/B0177LXR1I/ref=sr_1_193?dib=eyJ2IjoiMSJ9.vzWnrwNlMyOwSr3fhMNPgp7zJx-Etoyak1f1eyvaCWKUDecVerHL1mQtp9R3sxNHRzS_M6R3s1xhtoTBoNUMxCl_tXcx7xKJzPfKwpr2qWyubbYFGRDzY8E_a0vaFL9VFTTWo6EoU5pgv48GTMX9E5kPHfD4tTg3DZCm2uu5GAM.blTrtSjtuQQMKqVZu9vUR6ulxMXdpJdqVG3AusePg4E&dib_tag=se&m=A1YKPOZG28EHWI&marketplaceID=A19VAU5U5O7RUS&qid=1776420885&refinements=p_36%3A19500-20000&s=merchant-items&sr=1-193&xpid=5xt-p85bextIq#customerReviews,Selma Paris B™ Clarinet Mouthpiece Concept
B0177LXR1I,,,,
B016U0VT2Q,,200.0,https://www.amazon.sg/Sanwa-Supply-MM-SPHMW4-Wireless-Microphone/dp/B016U0VT2Q/ref=sr_1_194?dib=eyJ2IjoiMSJ9.vzWnrwNlMyOwSr3fhMNPgp7zJx-Etoyak1f1eyvaCWKUDecVerHL1mQtp9R3sxNHRzS_M6R3s1xhtoTBoNUMxCl_tXcx7xKJzPfKwpr2qWyubbYFGRDzY8E_a0vaFL9VFTTWo6EoU5pgv48GTMX9E5kPHfD4tTg3DZCm2uu5GAM.blTrtSjtuQQMKqVZu9vUR6ulxMXdpJdqVG3AusePg4E&dib_tag=se&m=A1YKPOZG28EHWI&marketplaceID=A19VAU5U5O7RUS&qid=1776420885&refinements=p_36%3A19500-20000&s=merchant-items&sr=1-194&xpid=5xt-p85bextIq#customerReviews,Sanwa Supply MM-SPHMW4 Wireless Microphone
B016U0VT2Q,,,,
B016K5X03C,,197.88,https://www.amazon.sg/Mr-Dj-MAGICSHOT-Lighting-Projector/dp/B016K5X03C/ref=sr_1_195?dib=eyJ2IjoiMSJ9.vzWnrwNlMyOwSr3fhMNPgp7zJx-Etoyak1f1eyvaCWKUDecVerHL1mQtp9R3sxNHRzS_M6R3s1xhtoTBoNUMxCl_tXcx7xKJzPfKwpr2qWyubbYFGRDzY8E_a0vaFL9VFTTWo6EoU5pgv48GTMX9E5kPHfD4tTg3DZCm2uu5GAM.blTrtSjtuQQMKqVZu9vUR6ulxMXdpJdqVG3AusePg4E&dib_tag=se&m=A1YKPOZG28EHWI&marketplaceID=A19VAU5U5O7RUS&qid=1776420885&refinements=p_36%3A19500-20000&s=merchant-items&sr=1-195&xpid=5xt-p85bextIq#customerReviews,Mr. Dj MAGICSHOT 86 RGB LED Stage Light Party Show DMX Lighting Disco Projector
B016K5X03C,,,,
B015A5O5KK,,196.32,https://www.amazon.sg/Panduit-PBMS-H25-M-0-25-Inch-Natural-000-Pack/dp/B015A5O5KK/ref=sr_1_196?dib=eyJ2IjoiMSJ9.vzWnrwNlMyOwSr3fhMNPgp7zJx-Etoyak1f1eyvaCWKUDecVerHL1mQtp9R3sxNHRzS_M6R3s1xhtoTBoNUMxCl_tXcx7xKJzPfKwpr2qWyubbYFGRDzY8E_a0vaFL9VFTTWo6EoU5pgv48GTMX9E5kPHfD4tTg3DZCm2uu5GAM.blTrtSjtuQQMKqVZu9vUR6ulxMXdpJdqVG3AusePg4E&dib_tag=se&m=A1YKPOZG28EHWI&marketplaceID=A19VAU5U5O7RUS&qid=1776420885&refinements=p_36%3A19500-20000&s=merchant-items&sr=1-196&xpid=5xt-p85bextIq,"Panduit PBMS-H25-M Push Button Cable Tie Mount, Push Barb, Nylon 6.6, 0.25-Inch Hole, Natural (1,000-Pack)"
B015A5O5KK,,,,
B0158DPB8E,,197.43,https://www.amazon.sg/12-7cm-high-angle-Yamato-shield-GF86/dp/B0158DPB8E/ref=sr_1_197?dib=eyJ2IjoiMSJ9.vzWnrwNlMyOwSr3fhMNPgp7zJx-Etoyak1f1eyvaCWKUDecVerHL1mQtp9R3sxNHRzS_M6R3s1xhtoTBoNUMxCl_tXcx7xKJzPfKwpr2qWyubbYFGRDzY8E_a0vaFL9VFTTWo6EoU5pgv48GTMX9E5kPHfD4tTg3DZCm2uu5GAM.blTrtSjtuQQMKqVZu9vUR6ulxMXdpJdqVG3AusePg4E&dib_tag=se&m=A1YKPOZG28EHWI&marketplaceID=A19VAU5U5O7RUS&qid=1776420885&refinements=p_36%3A19500-20000&s=merchant-items&sr=1-197&xpid=5xt-p85bextIq,Pit road 1/35 Type 89 12.7cm twin high-angle gun Yamato type shield metal resin kit GF86
B0145TJ63S,,195.27,https://www.amazon.sg/SONY-MUSIC-%E6%9F%B3%E5%AE%B6%E5%B0%8F%E4%B8%89%E6%B2%BB-%E3%81%BE%E3%81%8F%E3%82%89%E5%85%A8%E9%9B%86-%E3%82%AB%E3%83%BC%E3%83%88%E3%83%B3%E3%83%9C%E3%83%83%E3%82%AF%E3%82%B9%E5%85%A5%E3%82%8A/dp/B0145TJ63S/ref=sr_1_198?dib=eyJ2IjoiMSJ9.vzWnrwNlMyOwSr3fhMNPgp7zJx-Etoyak1f1eyvaCWKUDecVerHL1mQtp9R3sxNHRzS_M6R3s1xhtoTBoNUMxCl_tXcx7xKJzPfKwpr2qWyubbYFGRDzY8E_a0vaFL9VFTTWo6EoU5pgv48GTMX9E5kPHfD4tTg3DZCm2uu5GAM.blTrtSjtuQQMKqVZu9vUR6ulxMXdpJdqVG3AusePg4E&dib_tag=se&m=A1YKPOZG28EHWI&marketplaceID=A19VAU5U5O7RUS&qid=1776420885&refinements=p_36%3A19500-20000&s=merchant-items&sr=1-198&xpid=5xt-p85bextIq#customerReviews,柳家小三治 まくら全集 CD5枚組 カートンボックス入り
B0145TJ63S,,,,
B00ZZYDJTK,,198.41,https://www.amazon.sg/KAWASAKI-Genuine-Parts-Tool-56007-1338/dp/B00ZZYDJTK/ref=sr_1_199?dib=eyJ2IjoiMSJ9.vzWnrwNlMyOwSr3fhMNPgp7zJx-Etoyak1f1eyvaCWKUDecVerHL1mQtp9R3sxNHRzS_M6R3s1xhtoTBoNUMxCl_tXcx7xKJzPfKwpr2qWyubbYFGRDzY8E_a0vaFL9VFTTWo6EoU5pgv48GTMX9E5kPHfD4tTg3DZCm2uu5GAM.blTrtSjtuQQMKqVZu9vUR6ulxMXdpJdqVG3AusePg4E&dib_tag=se&m=A1YKPOZG28EHWI&marketplaceID=A19VAU5U5O7RUS&qid=1776420885&refinements=p_36%3A19500-20000&s=merchant-items&sr=1-199&xpid=5xt-p85bextIq,KAWASAKI Genuine Parts (OEM) Tool Fox 56007-1338
B00ZZYDJTK,,,,
B00YQCWMGS,,198.13,https://www.amazon.sg/Fotodiox-Adapter-Pentax-Fujifilm-Mirrorless/dp/B00YQCWMGS/ref=sr_1_200?dib=eyJ2IjoiMSJ9.vzWnrwNlMyOwSr3fhMNPgp7zJx-Etoyak1f1eyvaCWKUDecVerHL1mQtp9R3sxNHRzS_M6R3s1xhtoTBoNUMxCl_tXcx7xKJzPfKwpr2qWyubbYFGRDzY8E_a0vaFL9VFTTWo6EoU5pgv48GTMX9E5kPHfD4tTg3DZCm2uu5GAM.blTrtSjtuQQMKqVZu9vUR6ulxMXdpJdqVG3AusePg4E&dib_tag=se&m=A1YKPOZG28EHWI&marketplaceID=A19VAU5U5O7RUS&qid=1776420885&refinements=p_36%3A19500-20000&s=merchant-items&sr=1-200&xpid=5xt-p85bextIq,"Fotodiox Pro Lens Mount Shift Adapter Pentax 6x7 (P67, PK67) Mount Lenses to Fujifilm X-Series Mirrorless Camera Adapter - fits X-Mount Camera Bodies Such as X-Pro1, X-E1, X-M1, X-A1, X-E2, X-T1"
B00YQCWMGS,,,,
B00YQCWKN8,,203.86,https://www.amazon.sg/Fotodiox-Adapter-Hasselblad-Fujifilm-Mirrorless/dp/B00YQCWKN8/ref=sr_1_201?dib=eyJ2IjoiMSJ9.vzWnrwNlMyOwSr3fhMNPgp7zJx-Etoyak1f1eyvaCWKUDecVerHL1mQtp9R3sxNHRzS_M6R3s1xhtoTBoNUMxCl_tXcx7xKJzPfKwpr2qWyubbYFGRDzY8E_a0vaFL9VFTTWo6EoU5pgv48GTMX9E5kPHfD4tTg3DZCm2uu5GAM.blTrtSjtuQQMKqVZu9vUR6ulxMXdpJdqVG3AusePg4E&dib_tag=se&m=A1YKPOZG28EHWI&marketplaceID=A19VAU5U5O7RUS&qid=1776420885&refinements=p_36%3A19500-20000&s=merchant-items&sr=1-201&xpid=5xt-p85bextIq,"Fotodiox Pro Lens Mount Shift Adapter Hasselblad V-Mount Lenses to Fujifilm X-Series Mirrorless Camera Adapter - fits X-Mount Camera Bodies Such as X-Pro1, X-E1, X-M1, X-A1, X-E2, X-T1"
B00YQCWKN8,,,,
B00YIEVOLI,,195.29,https://www.amazon.sg/AHVF605-Half-Size-Construction-Induction-Compatible/dp/B00YIEVOLI/ref=sr_1_202?dib=eyJ2IjoiMSJ9.vzWnrwNlMyOwSr3fhMNPgp7zJx-Etoyak1f1eyvaCWKUDecVerHL1mQtp9R3sxNHRzS_M6R3s1xhtoTBoNUMxCl_tXcx7xKJzPfKwpr2qWyubbYFGRDzY8E_a0vaFL9VFTTWo6EoU5pgv48GTMX9E5kPHfD4tTg3DZCm2uu5GAM.blTrtSjtuQQMKqVZu9vUR6ulxMXdpJdqVG3AusePg4E&dib_tag=se&m=A1YKPOZG28EHWI&marketplaceID=A19VAU5U5O7RUS&qid=1776420885&refinements=p_36%3A19500-20000&s=merchant-items&sr=1-202&xpid=5xt-p85bextIq#customerReviews,"Endo Shoji TKG AHVF605 IH Select Half-Size Pot, 10.2 inches (26 cm), 2-Layer Construction, Induction Compatible"
B00YIEVOLI,,,,
B00VH6AVH8,,199.02,https://www.amazon.sg/Daiwa-Holder-Fully-Painted-Pieces/dp/B00VH6AVH8/ref=sr_1_203?dib=eyJ2IjoiMSJ9.vzWnrwNlMyOwSr3fhMNPgp7zJx-Etoyak1f1eyvaCWKUDecVerHL1mQtp9R3sxNHRzS_M6R3s1xhtoTBoNUMxCl_tXcx7xKJzPfKwpr2qWyubbYFGRDzY8E_a0vaFL9VFTTWo6EoU5pgv48GTMX9E5kPHfD4tTg3DZCm2uu5GAM.blTrtSjtuQQMKqVZu9vUR6ulxMXdpJdqVG3AusePg4E&dib_tag=se&m=A1YKPOZG28EHWI&marketplaceID=A19VAU5U5O7RUS&qid=1776420885&refinements=p_36%3A19500-20000&s=merchant-items&sr=1-203&xpid=5xt-p85bextIq#customerReviews,"Daiwa Rod Holder (Rod Holder), Fully Painted, Rin, 2 Pieces"
B00VH6AVH8,,,,
B00UYFY32M,,196.72,https://www.amazon.sg/Uzaki-Nissin-Prominent-Fishing-Myakutsuri/dp/B00UYFY32M/ref=sr_1_209?dib=eyJ2IjoiMSJ9.SWEYuUPwREgMPZ3gKOtRqJmATy03paeQVdJkz6ArxI0bv6J3NLzhtLnVjARq590Mvd7A_BgCb6CR4Fw91khA7w.K7oM713SwXncGz4diQlpMe7JIszGWAkcsUiEZEDa69Q&dib_tag=se&m=A1YKPOZG28EHWI&marketplaceID=A19VAU5U5O7RUS&qid=1776420890&refinements=p_36%3A19500-20000&s=merchant-items&sr=1-209&xpid=5xt-p85bextIq,Uzaki Nissin Prominent sea Fishing Pond Myakutsuri SP 3004.
B00UYFY32M,,,,
B00UH9JAB4,,197.73,https://www.amazon.sg/NTN-Bearing-6024LLU-Contact-Clearance/dp/B00UH9JAB4/ref=sr_1_210?dib=eyJ2IjoiMSJ9.SWEYuUPwREgMPZ3gKOtRqJmATy03paeQVdJkz6ArxI0bv6J3NLzhtLnVjARq590Mvd7A_BgCb6CR4Fw91khA7w.K7oM713SwXncGz4diQlpMe7JIszGWAkcsUiEZEDa69Q&dib_tag=se&m=A1YKPOZG28EHWI&marketplaceID=A19VAU5U5O7RUS&qid=1776420890&refinements=p_36%3A19500-20000&s=merchant-items&sr=1-210&xpid=5xt-p85bextIq,"NTN Bearing 6024LLU Single Row Deep Groove Radial Ball Bearing, Double Sealed, Contact, Normal Clearance, Steel Cage, 120mm Bore, 180mm OD, 28mm Width"
B00UH9JAB4,,,,
B00U2CD53K,,196.14,https://www.amazon.sg/NTN-MEDIUM-SIZE-BALL-7318B/dp/B00U2CD53K/ref=sr_1_211?dib=eyJ2IjoiMSJ9.SWEYuUPwREgMPZ3gKOtRqJmATy03paeQVdJkz6ArxI0bv6J3NLzhtLnVjARq590Mvd7A_BgCb6CR4Fw91khA7w.K7oM713SwXncGz4diQlpMe7JIszGWAkcsUiEZEDa69Q&dib_tag=se&m=A1YKPOZG28EHWI&marketplaceID=A19VAU5U5O7RUS&qid=1776420890&refinements=p_36%3A19500-20000&s=merchant-items&sr=1-211&xpid=5xt-p85bextIq,NTN MEDIUM SIZE BALL BRG (7318B)
B00U2CD53K,,,,
B00STQYCL0,,199.02,https://www.amazon.sg/Xerox-Phaser-WorkCentre-Yellow-Toner-Cartridge/dp/B00STQYCL0/ref=sr_1_212?dib=eyJ2IjoiMSJ9.SWEYuUPwREgMPZ3gKOtRqJmATy03paeQVdJkz6ArxI0bv6J3NLzhtLnVjARq590Mvd7A_BgCb6CR4Fw91khA7w.K7oM713SwXncGz4diQlpMe7JIszGWAkcsUiEZEDa69Q&dib_tag=se&m=A1YKPOZG28EHWI&marketplaceID=A19VAU5U5O7RUS&qid=1776420890&refinements=p_36%3A19500-20000&s=merchant-items&sr=1-212&xpid=5xt-p85bextIq#customerReviews,"Xerox Phaser 6022/WorkCentre 6027 Yellow Toner-Cartridge (1,000 Pages) - 106R02758"
B00STQYCL0,,,,
B00S7ZL0HM,,209.52,https://www.amazon.sg/NTN-Bearing-6026-Single-Clearance/dp/B00S7ZL0HM/ref=sr_1_213?dib=eyJ2IjoiMSJ9.SWEYuUPwREgMPZ3gKOtRqJmATy03paeQVdJkz6ArxI0bv6J3NLzhtLnVjARq590Mvd7A_BgCb6CR4Fw91khA7w.K7oM713SwXncGz4diQlpMe7JIszGWAkcsUiEZEDa69Q&dib_tag=se&m=A1YKPOZG28EHWI&marketplaceID=A19VAU5U5O7RUS&qid=1776420890&refinements=p_36%3A19500-20000&s=merchant-items&sr=1-213&xpid=5xt-p85bextIq,"NTN Bearing 6026 Single Row Deep Groove Radial Ball Bearing, Normal Clearance, Steel Cage, 130 mm Bore ID, 200 mm OD, 33 mm Width, Open"
B00S7ZL0HM,,,,
B00N3LTNFQ,,199.2,https://www.amazon.sg/Stahlwille-Ring-insert-tool-mount/dp/B00N3LTNFQ/ref=sr_1_209?dib=eyJ2IjoiMSJ9.N5yddTNqx1SOvazYWmuDVqnN0h9WKkyAjlCOfuEs1DAj7Uo8bHLy2baDPp4WaQkBbX-OlbUBNTPjv0U5yycL3SH05YIvVQ1YsM_uYSrEG3Te10gi5mfl5evndFRDoThhfHwqe1ATMaIq0-30NdFXiQy_RxZhyMkqRt22oC1q484.VGSGOS9ldYqCgiwfDLeFfKchI0q3kUrDaCjmnQnMBnc&dib_tag=se&m=A1YKPOZG28EHWI&marketplaceID=A19VAU5U5O7RUS&qid=1776420890&refinements=p_36%3A19500-20000&s=merchant-items&sr=1-209&xpid=5xt-p85bextIq#customerReviews,Stahlwille Ring insert tool size 14 mm size of mount 9x12 mm
B00N3LTNFQ,,,,
B00LP8R72U,,195.29,https://www.amazon.sg/Makita-57679-Diamond-Core-%CF%8652DM/dp/B00LP8R72U/ref=sr_1_210?dib=eyJ2IjoiMSJ9.N5yddTNqx1SOvazYWmuDVqnN0h9WKkyAjlCOfuEs1DAj7Uo8bHLy2baDPp4WaQkBbX-OlbUBNTPjv0U5yycL3SH05YIvVQ1YsM_uYSrEG3Te10gi5mfl5evndFRDoThhfHwqe1ATMaIq0-30NdFXiQy_RxZhyMkqRt22oC1q484.VGSGOS9ldYqCgiwfDLeFfKchI0q3kUrDaCjmnQnMBnc&dib_tag=se&m=A1YKPOZG28EHWI&marketplaceID=A19VAU5U5O7RUS&qid=1776420890&refinements=p_36%3A19500-20000&s=merchant-items&sr=1-210&xpid=5xt-p85bextIq#customerReviews,"Makita A-57679 Wet Diamond Core Bit, φ52DM"
B00LP8R72U,,,,
B00KV5MJEO,,199.97,https://www.amazon.sg/Banpresto-Giant-Warudokorekutaburufigyua-Vol-March/dp/B00KV5MJEO/ref=sr_1_211?dib=eyJ2IjoiMSJ9.N5yddTNqx1SOvazYWmuDVqnN0h9WKkyAjlCOfuEs1DAj7Uo8bHLy2baDPp4WaQkBbX-OlbUBNTPjv0U5yycL3SH05YIvVQ1YsM_uYSrEG3Te10gi5mfl5evndFRDoThhfHwqe1ATMaIq0-30NdFXiQy_RxZhyMkqRt22oC1q484.VGSGOS9ldYqCgiwfDLeFfKchI0q3kUrDaCjmnQnMBnc&dib_tag=se&m=A1YKPOZG28EHWI&marketplaceID=A19VAU5U5O7RUS&qid=1776420890&refinements=p_36%3A19500-20000&s=merchant-items&sr=1-211&xpid=5xt-p85bextIq,"Banpresto ""Giant Warudokorekutaburufigyua Vol Of March ."
B00KNSJCVW,,196.38,https://www.amazon.sg/CALSLA-Crown-trumpet-straight-aluminum/dp/B00KNSJCVW/ref=sr_1_212?dib=eyJ2IjoiMSJ9.N5yddTNqx1SOvazYWmuDVqnN0h9WKkyAjlCOfuEs1DAj7Uo8bHLy2baDPp4WaQkBbX-OlbUBNTPjv0U5yycL3SH05YIvVQ1YsM_uYSrEG3Te10gi5mfl5evndFRDoThhfHwqe1ATMaIq0-30NdFXiQy_RxZhyMkqRt22oC1q484.VGSGOS9ldYqCgiwfDLeFfKchI0q3kUrDaCjmnQnMBnc&dib_tag=se&m=A1YKPOZG28EHWI&marketplaceID=A19VAU5U5O7RUS&qid=1776420890&refinements=p_36%3A19500-20000&s=merchant-items&sr=1-212&xpid=5xt-p85bextIq,Tom Crown mute trumpet straight aluminum
B00KNSJCVW,,,,
B00JS3A7TO,,195.12,https://www.amazon.sg/Man-Machine-Mighty-MM-W5/dp/B00JS3A7TO/ref=sr_1_213?dib=eyJ2IjoiMSJ9.N5yddTNqx1SOvazYWmuDVqnN0h9WKkyAjlCOfuEs1DAj7Uo8bHLy2baDPp4WaQkBbX-OlbUBNTPjv0U5yycL3SH05YIvVQ1YsM_uYSrEG3Te10gi5mfl5evndFRDoThhfHwqe1ATMaIq0-30NdFXiQy_RxZhyMkqRt22oC1q484.VGSGOS9ldYqCgiwfDLeFfKchI0q3kUrDaCjmnQnMBnc&dib_tag=se&m=A1YKPOZG28EHWI&marketplaceID=A19VAU5U5O7RUS&qid=1776420890&refinements=p_36%3A19500-20000&s=merchant-items&sr=1-213&xpid=5xt-p85bextIq,Man & Machine Mighty Mouse MM/W5
B00JS3A7TO,,,,
B00J4Y9360,,195.59,https://www.amazon.sg/Paiste-PST-Splash-10/dp/B00J4Y9360/ref=sr_1_214?dib=eyJ2IjoiMSJ9.N5yddTNqx1SOvazYWmuDVqnN0h9WKkyAjlCOfuEs1DAj7Uo8bHLy2baDPp4WaQkBbX-OlbUBNTPjv0U5yycL3SH05YIvVQ1YsM_uYSrEG3Te10gi5mfl5evndFRDoThhfHwqe1ATMaIq0-30NdFXiQy_RxZhyMkqRt22oC1q484.VGSGOS9ldYqCgiwfDLeFfKchI0q3kUrDaCjmnQnMBnc&dib_tag=se&m=A1YKPOZG28EHWI&marketplaceID=A19VAU5U5O7RUS&qid=1776420890&refinements=p_36%3A19500-20000&s=merchant-items&sr=1-214&xpid=5xt-p85bextIq,Paiste PST 7 Splash 10 in.
B00J4Y9360,,,,
B00GXYCI48,,200.0,https://www.amazon.sg/21121-Pistol-Shaped-Sheath-inches/dp/B00GXYCI48/ref=sr_1_215?dib=eyJ2IjoiMSJ9.N5yddTNqx1SOvazYWmuDVqnN0h9WKkyAjlCOfuEs1DAj7Uo8bHLy2baDPp4WaQkBbX-OlbUBNTPjv0U5yycL3SH05YIvVQ1YsM_uYSrEG3Te10gi5mfl5evndFRDoThhfHwqe1ATMaIq0-30NdFXiQy_RxZhyMkqRt22oC1q484.VGSGOS9ldYqCgiwfDLeFfKchI0q3kUrDaCjmnQnMBnc&dib_tag=se&m=A1YKPOZG28EHWI&marketplaceID=A19VAU5U5O7RUS&qid=1776420890&refinements=p_36%3A19500-20000&s=merchant-items&sr=1-215&xpid=5xt-p85bextIq,"21121 Pistol Shaped Ice Saw with Sheath, 10.6 inches (27 cm)"
B00GXYCI48,,,,
B00GX35YMM,,195.65,https://www.amazon.sg/Supermicro-AOC-S3008L-L8I-Internal-Ports-63HDD/dp/B00GX35YMM/ref=sr_1_216?dib=eyJ2IjoiMSJ9.N5yddTNqx1SOvazYWmuDVqnN0h9WKkyAjlCOfuEs1DAj7Uo8bHLy2baDPp4WaQkBbX-OlbUBNTPjv0U5yycL3SH05YIvVQ1YsM_uYSrEG3Te10gi5mfl5evndFRDoThhfHwqe1ATMaIq0-30NdFXiQy_RxZhyMkqRt22oC1q484.VGSGOS9ldYqCgiwfDLeFfKchI0q3kUrDaCjmnQnMBnc&dib_tag=se&m=A1YKPOZG28EHWI&marketplaceID=A19VAU5U5O7RUS&qid=1776420890&refinements=p_36%3A19500-20000&s=merchant-items&sr=1-216&xpid=5xt-p85bextIq#customerReviews,Supermicro AOC-S3008L-L8I 8 Internal Ports 12Gb s 63HDD RAID Card
B00GX35YMM,,,,
B00GI0T282,,199.82,https://www.amazon.sg/Tombo-9521Gm-Dragonfly-Double-Harmonica/dp/B00GI0T282/ref=sr_1_217?dib=eyJ2IjoiMSJ9.N5yddTNqx1SOvazYWmuDVqnN0h9WKkyAjlCOfuEs1DAj7Uo8bHLy2baDPp4WaQkBbX-OlbUBNTPjv0U5yycL3SH05YIvVQ1YsM_uYSrEG3Te10gi5mfl5evndFRDoThhfHwqe1ATMaIq0-30NdFXiQy_RxZhyMkqRt22oC1q484.VGSGOS9ldYqCgiwfDLeFfKchI0q3kUrDaCjmnQnMBnc&dib_tag=se&m=A1YKPOZG28EHWI&marketplaceID=A19VAU5U5O7RUS&qid=1776420890&refinements=p_36%3A19500-20000&s=merchant-items&sr=1-217&xpid=5xt-p85bextIq,"Tombo No. 9521Gm Dragonfly Double Tone Harmonica, Dragonfly Octave 21 Holes"
B00GI0T282,,,,
B00GH01SNK,,197.37,https://www.amazon.sg/Tombo-Compound-Harmonica-Special-Iwasaki/dp/B00GH01SNK/ref=sr_1_218?dib=eyJ2IjoiMSJ9.N5yddTNqx1SOvazYWmuDVqnN0h9WKkyAjlCOfuEs1DAj7Uo8bHLy2baDPp4WaQkBbX-OlbUBNTPjv0U5yycL3SH05YIvVQ1YsM_uYSrEG3Te10gi5mfl5evndFRDoThhfHwqe1ATMaIq0-30NdFXiQy_RxZhyMkqRt22oC1q484.VGSGOS9ldYqCgiwfDLeFfKchI0q3kUrDaCjmnQnMBnc&dib_tag=se&m=A1YKPOZG28EHWI&marketplaceID=A19VAU5U5O7RUS&qid=1776420890&refinements=p_36%3A19500-20000&s=merchant-items&sr=1-218&xpid=5xt-p85bextIq,Tombo 1921S-A#m Tombow Compound Harmonica Super Special Iwasaki Solo
B00GH01SNK,,,,
B00FS8RKZW,Audio CD,196.06,https://www.amazon.sg/%E8%87%B3%E7%A6%8F%E3%81%AE%E6%AD%8C%E8%AC%A1%E6%9B%B2%E9%BB%84%E9%87%91%E6%99%82%E4%BB%A3-%E6%98%A5%E6%97%A5%E5%85%AB%E9%83%8E/dp/B00FS8RKZW/ref=sr_1_219?dib=eyJ2IjoiMSJ9.N5yddTNqx1SOvazYWmuDVqnN0h9WKkyAjlCOfuEs1DAj7Uo8bHLy2baDPp4WaQkBbX-OlbUBNTPjv0U5yycL3SH05YIvVQ1YsM_uYSrEG3Te10gi5mfl5evndFRDoThhfHwqe1ATMaIq0-30NdFXiQy_RxZhyMkqRt22oC1q484.VGSGOS9ldYqCgiwfDLeFfKchI0q3kUrDaCjmnQnMBnc&dib_tag=se&m=A1YKPOZG28EHWI&marketplaceID=A19VAU5U5O7RUS&qid=1776420890&refinements=p_36%3A19500-20000&s=merchant-items&sr=1-219&xpid=5xt-p85bextIq,至福の歌謡曲黄金時代
B00F77N3SW,,204.06,https://www.amazon.sg/Tohichi-Seisakusho-QL5N-Torque-Wrench/dp/B00F77N3SW/ref=sr_1_225?dib=eyJ2IjoiMSJ9.7wZ7OzTH1jf4JvvMLv_Ck30dbNlsGdVMhjwZvl830YKfU4Getl_WGbTMKMEODB_-apQt-fl6maWvm9d2ZeGXeg.ID4DhMCXf0z2JVbBgyqbHTNXvJ0vwExXOgglAEXsQJs&dib_tag=se&m=A1YKPOZG28EHWI&marketplaceID=A19VAU5U5O7RUS&qid=1776420895&refinements=p_36%3A19500-20000&s=merchant-items&sr=1-225&xpid=5xt-p85bextIq#customerReviews,Tohichi Seisakusho QL5N Torque Wrench
B00F77N3SW,,,,
B00ERZ4MK8,,196.78,https://www.amazon.sg/Airbrush-beauty-trigger-passion-red/dp/B00ERZ4MK8/ref=sr_1_226?dib=eyJ2IjoiMSJ9.7wZ7OzTH1jf4JvvMLv_Ck30dbNlsGdVMhjwZvl830YKfU4Getl_WGbTMKMEODB_-apQt-fl6maWvm9d2ZeGXeg.ID4DhMCXf0z2JVbBgyqbHTNXvJ0vwExXOgglAEXsQJs&dib_tag=se&m=A1YKPOZG28EHWI&marketplaceID=A19VAU5U5O7RUS&qid=1776420895&refinements=p_36%3A19500-20000&s=merchant-items&sr=1-226&xpid=5xt-p85bextIq,Airbrush beauty 4+ trigger passion / red
B00ERZ4MK8,,,,
B00EETVTL2,,198.38,https://www.amazon.sg/Tohichi-Seisakusho-CSP140N3X15D-Torque-Wrench/dp/B00EETVTL2/ref=sr_1_227?dib=eyJ2IjoiMSJ9.7wZ7OzTH1jf4JvvMLv_Ck30dbNlsGdVMhjwZvl830YKfU4Getl_WGbTMKMEODB_-apQt-fl6maWvm9d2ZeGXeg.ID4DhMCXf0z2JVbBgyqbHTNXvJ0vwExXOgglAEXsQJs&dib_tag=se&m=A1YKPOZG28EHWI&marketplaceID=A19VAU5U5O7RUS&qid=1776420895&refinements=p_36%3A19500-20000&s=merchant-items&sr=1-227&xpid=5xt-p85bextIq,Tohichi Seisakusho CSP140N3X15D Torque Wrench
B00EETVTL2,,,,
B00E19R996,,196.67,https://www.amazon.sg/TAMA-MH24B-Drums-Cancelling-Practice/dp/B00E19R996/ref=sr_1_228?dib=eyJ2IjoiMSJ9.7wZ7OzTH1jf4JvvMLv_Ck30dbNlsGdVMhjwZvl830YKfU4Getl_WGbTMKMEODB_-apQt-fl6maWvm9d2ZeGXeg.ID4DhMCXf0z2JVbBgyqbHTNXvJ0vwExXOgglAEXsQJs&dib_tag=se&m=A1YKPOZG28EHWI&marketplaceID=A19VAU5U5O7RUS&qid=1776420895&refinements=p_36%3A19500-20000&s=merchant-items&sr=1-228&xpid=5xt-p85bextIq#customerReviews,"TAMA MH24B Mesh Head for 24"" Bass Drums with High Noise Cancelling for Home Practice"
B00E19R996,,,,
B00D3Z0JJQ,,198.55,https://www.amazon.sg/Sugatsune-Industries-BOS-240-Stainless-Folding/dp/B00D3Z0JJQ/ref=sr_1_229?dib=eyJ2IjoiMSJ9.7wZ7OzTH1jf4JvvMLv_Ck30dbNlsGdVMhjwZvl830YKfU4Getl_WGbTMKMEODB_-apQt-fl6maWvm9d2ZeGXeg.ID4DhMCXf0z2JVbBgyqbHTNXvJ0vwExXOgglAEXsQJs&dib_tag=se&m=A1YKPOZG28EHWI&marketplaceID=A19VAU5U5O7RUS&qid=1776420895&refinements=p_36%3A19500-20000&s=merchant-items&sr=1-229&xpid=5xt-p85bextIq,Sugatsune Industries BOS-240 Stainless Steel Folding Shelf Holder
B00D3Z0JJQ,,,,
B00CWCNZIS,,198.36,https://www.amazon.sg/Wadasuke-Seisakusho-3446-0273-Copper-Handle/dp/B00CWCNZIS/ref=sr_1_225?dib=eyJ2IjoiMSJ9.PGPkShZlOxAcGRrVpl-3MOEfwj2OLlVRPgHb25uFWLBRTGtNIrPToXpR4AvAAKC3x3Mker7ZZl0v9imRXL3bq-J8mv2xjt9gjiK2etaAxuwptjIexbBU0vj_JlKcC0vrmTxaSp5qgheLtXNjCzJslKGhOKtUViHX0PoNU2ZNo6M.FMHjobPWxCA61duBTliRUAmU3nELr02uoRUjj3AwtN8&dib_tag=se&m=A1YKPOZG28EHWI&marketplaceID=A19VAU5U5O7RUS&qid=1776420895&refinements=p_36%3A19500-20000&s=merchant-items&sr=1-225&xpid=5xt-p85bextIq,"Wadasuke Seisakusho 3446-0273 Copper Extra Thick Pot Handle Lid, Brass Handle, 10.6 inches (27 cm)"
B00CWCNZIS,,,,
B00CN049DO,,196.45,https://www.amazon.sg/Helinox-helicopter-Comfort-Chair-Steel/dp/B00CN049DO/ref=sr_1_226?dib=eyJ2IjoiMSJ9.PGPkShZlOxAcGRrVpl-3MOEfwj2OLlVRPgHb25uFWLBRTGtNIrPToXpR4AvAAKC3x3Mker7ZZl0v9imRXL3bq-J8mv2xjt9gjiK2etaAxuwptjIexbBU0vj_JlKcC0vrmTxaSp5qgheLtXNjCzJslKGhOKtUViHX0PoNU2ZNo6M.FMHjobPWxCA61duBTliRUAmU3nELr02uoRUjj3AwtN8&dib_tag=se&m=A1YKPOZG28EHWI&marketplaceID=A19VAU5U5O7RUS&qid=1776420895&refinements=p_36%3A19500-20000&s=merchant-items&sr=1-226&xpid=5xt-p85bextIq#customerReviews,Helinox (helicopter Knox) Heli Knox Comfort Chair Helinox [Steel Gray]
B00CN049DO,,,,
B00CL5OUYO,,198.13,https://www.amazon.sg/LOF-Striker-1-TS-STR-CYT-USA-MD-1STRUSA-TANMD/dp/B00CL5OUYO/ref=sr_1_227?dib=eyJ2IjoiMSJ9.PGPkShZlOxAcGRrVpl-3MOEfwj2OLlVRPgHb25uFWLBRTGtNIrPToXpR4AvAAKC3x3Mker7ZZl0v9imRXL3bq-J8mv2xjt9gjiK2etaAxuwptjIexbBU0vj_JlKcC0vrmTxaSp5qgheLtXNjCzJslKGhOKtUViHX0PoNU2ZNo6M.FMHjobPWxCA61duBTliRUAmU3nELr02uoRUjj3AwtN8&dib_tag=se&m=A1YKPOZG28EHWI&marketplaceID=A19VAU5U5O7RUS&qid=1776420895&refinements=p_36%3A19500-20000&s=merchant-items&sr=1-227&xpid=5xt-p85bextIq,LOF Striker M (1-TS-STR-CYT-USA-MD) 1STRUSA TANMD
B00CL5OUYO,,,,
B00BQWHI2Y,,199.19,https://www.amazon.sg/Aluminum-Seisakusho-EBM-Kingdenji-Tapered/dp/B00BQWHI2Y/ref=sr_1_228?dib=eyJ2IjoiMSJ9.PGPkShZlOxAcGRrVpl-3MOEfwj2OLlVRPgHb25uFWLBRTGtNIrPToXpR4AvAAKC3x3Mker7ZZl0v9imRXL3bq-J8mv2xjt9gjiK2etaAxuwptjIexbBU0vj_JlKcC0vrmTxaSp5qgheLtXNjCzJslKGhOKtUViHX0PoNU2ZNo6M.FMHjobPWxCA61duBTliRUAmU3nELr02uoRUjj3AwtN8&dib_tag=se&m=A1YKPOZG28EHWI&marketplaceID=A19VAU5U5O7RUS&qid=1776420895&refinements=p_36%3A19500-20000&s=merchant-items&sr=1-228&xpid=5xt-p85bextIq,"Nakao Aluminum Seisakusho EBM Kingdenji Tapered Saute Pan, 9.4 inches (24 cm)"
B00BQWHI2Y,,,,
B00BQWCFMC,,197.43,https://www.amazon.sg/EBM-Bistro-Double-Frying-inches/dp/B00BQWCFMC/ref=sr_1_229?dib=eyJ2IjoiMSJ9.PGPkShZlOxAcGRrVpl-3MOEfwj2OLlVRPgHb25uFWLBRTGtNIrPToXpR4AvAAKC3x3Mker7ZZl0v9imRXL3bq-J8mv2xjt9gjiK2etaAxuwptjIexbBU0vj_JlKcC0vrmTxaSp5qgheLtXNjCzJslKGhOKtUViHX0PoNU2ZNo6M.FMHjobPWxCA61duBTliRUAmU3nELr02uoRUjj3AwtN8&dib_tag=se&m=A1YKPOZG28EHWI&marketplaceID=A19VAU5U5O7RUS&qid=1776420895&refinements=p_36%3A19500-20000&s=merchant-items&sr=1-229&xpid=5xt-p85bextIq,"EBM Bistro Double Layer Clad Frying Pan, 11.8 inches (30 cm)"
B00BQWCFMC,,,,
B00BOHDD98,,195.81,https://www.amazon.sg/Waterproof-Digital-Thermometer-CT5200WP-W70xH180xD40-5mm/dp/B00BOHDD98/ref=sr_1_230?dib=eyJ2IjoiMSJ9.PGPkShZlOxAcGRrVpl-3MOEfwj2OLlVRPgHb25uFWLBRTGtNIrPToXpR4AvAAKC3x3Mker7ZZl0v9imRXL3bq-J8mv2xjt9gjiK2etaAxuwptjIexbBU0vj_JlKcC0vrmTxaSp5qgheLtXNjCzJslKGhOKtUViHX0PoNU2ZNo6M.FMHjobPWxCA61duBTliRUAmU3nELr02uoRUjj3AwtN8&dib_tag=se&m=A1YKPOZG28EHWI&marketplaceID=A19VAU5U5O7RUS&qid=1776420895&refinements=p_36%3A19500-20000&s=merchant-items&sr=1-230&xpid=5xt-p85bextIq#customerReviews,Custom Waterproof Digital Thermometer CT5200WP Gray W70xH180xD40.5mm
B00BOHDD98,,,,
B00B5LT5MW,,199.49,https://www.amazon.sg/Panduit-HBN1-5-T-Standard-1-5-Inch-200-Pack/dp/B00B5LT5MW/ref=sr_1_231?dib=eyJ2IjoiMSJ9.PGPkShZlOxAcGRrVpl-3MOEfwj2OLlVRPgHb25uFWLBRTGtNIrPToXpR4AvAAKC3x3Mker7ZZl0v9imRXL3bq-J8mv2xjt9gjiK2etaAxuwptjIexbBU0vj_JlKcC0vrmTxaSp5qgheLtXNjCzJslKGhOKtUViHX0PoNU2ZNo6M.FMHjobPWxCA61duBTliRUAmU3nELr02uoRUjj3AwtN8&dib_tag=se&m=A1YKPOZG28EHWI&marketplaceID=A19VAU5U5O7RUS&qid=1776420895&refinements=p_36%3A19500-20000&s=merchant-items&sr=1-231&xpid=5xt-p85bextIq,"Panduit HBN1.5-T Harness Board Nail, Standard, 1.5-Inch Length (200-Pack)"
B00B5LT5MW,,,,
B00B5LL1G0,,199.25,https://www.amazon.sg/Panduit-Mechanically-Pre-Installed-Adhesive-Mounting/dp/B00B5LL1G0/ref=sr_1_232?dib=eyJ2IjoiMSJ9.PGPkShZlOxAcGRrVpl-3MOEfwj2OLlVRPgHb25uFWLBRTGtNIrPToXpR4AvAAKC3x3Mker7ZZl0v9imRXL3bq-J8mv2xjt9gjiK2etaAxuwptjIexbBU0vj_JlKcC0vrmTxaSp5qgheLtXNjCzJslKGhOKtUViHX0PoNU2ZNo6M.FMHjobPWxCA61duBTliRUAmU3nELr02uoRUjj3AwtN8&dib_tag=se&m=A1YKPOZG28EHWI&marketplaceID=A19VAU5U5O7RUS&qid=1776420895&refinements=p_36%3A19500-20000&s=merchant-items&sr=1-232&xpid=5xt-p85bextIq,"Panduit SMS-A-C Snap-In Cable Tie Mount, Mechanically Applied, Pre-Installed Adhesive, Rubber Mounting Method, White (Pack of 100)"
B00B5LL1G0,,,,
B00B4TNVV6,,196.67,https://www.amazon.sg/Showa-Gloves-Simple-Packaging-Hylon/dp/B00B4TNVV6/ref=sr_1_233?dib=eyJ2IjoiMSJ9.PGPkShZlOxAcGRrVpl-3MOEfwj2OLlVRPgHb25uFWLBRTGtNIrPToXpR4AvAAKC3x3Mker7ZZl0v9imRXL3bq-J8mv2xjt9gjiK2etaAxuwptjIexbBU0vj_JlKcC0vrmTxaSp5qgheLtXNjCzJslKGhOKtUViHX0PoNU2ZNo6M.FMHjobPWxCA61duBTliRUAmU3nELr02uoRUjj3AwtN8&dib_tag=se&m=A1YKPOZG28EHWI&marketplaceID=A19VAU5U5O7RUS&qid=1776420895&refinements=p_36%3A19500-20000&s=merchant-items&sr=1-233&xpid=5xt-p85bextIq#customerReviews,Showa Gloves [10 Pair Pack] Simple Packaging Hylon #40 LL Size 10 Pairs
B00B4TNVV6,,,,
B008FVKBQO,,196.11,https://www.amazon.sg/Fujinos-133540-Compatible-Master-inches/dp/B008FVKBQO/ref=sr_1_234?dib=eyJ2IjoiMSJ9.PGPkShZlOxAcGRrVpl-3MOEfwj2OLlVRPgHb25uFWLBRTGtNIrPToXpR4AvAAKC3x3Mker7ZZl0v9imRXL3bq-J8mv2xjt9gjiK2etaAxuwptjIexbBU0vj_JlKcC0vrmTxaSp5qgheLtXNjCzJslKGhOKtUViHX0PoNU2ZNo6M.FMHjobPWxCA61duBTliRUAmU3nELr02uoRUjj3AwtN8&dib_tag=se&m=A1YKPOZG28EHWI&marketplaceID=A19VAU5U5O7RUS&qid=1776420895&refinements=p_36%3A19500-20000&s=merchant-items&sr=1-234&xpid=5xt-p85bextIq,"Fujinos 133540 IH Compatible Elec Master Light Miere, 9.4 inches (24 cm) Multi Pan (with Glass Lid)"
B008FVKBQO,,,,
B007XDY6Q6,,196.66,https://www.amazon.sg/Lexmark-Magenta-Program-Cartridge-X746A1MG/dp/B007XDY6Q6/ref=sr_1_235?dib=eyJ2IjoiMSJ9.PGPkShZlOxAcGRrVpl-3MOEfwj2OLlVRPgHb25uFWLBRTGtNIrPToXpR4AvAAKC3x3Mker7ZZl0v9imRXL3bq-J8mv2xjt9gjiK2etaAxuwptjIexbBU0vj_JlKcC0vrmTxaSp5qgheLtXNjCzJslKGhOKtUViHX0PoNU2ZNo6M.FMHjobPWxCA61duBTliRUAmU3nELr02uoRUjj3AwtN8&dib_tag=se&m=A1YKPOZG28EHWI&marketplaceID=A19VAU5U5O7RUS&qid=1776420895&refinements=p_36%3A19500-20000&s=merchant-items&sr=1-235&xpid=5xt-p85bextIq#customerReviews,"Lexmark Magenta Return Program Toner Cartridge, 7000 Yield (X746A1MG)"
B007XDY6Q6,,,,
B007NGO0JG,,198.39,https://www.amazon.sg/Toyota-85910-33010-Circuit-Opening-Assembly/dp/B007NGO0JG/ref=sr_1_241?dib=eyJ2IjoiMSJ9.x48e6fJWTqxdLafRb_H_7CMQstyhw9qhh3xxDQ1Mngt9QX-Zdv9zhjQeKIwcYjfqjDwc9nStywdIsBvwrmHq5A.Bvp8Wg7kAz2jRMzsIiL65JJeAi1QC8N-8DMakuAraW8&dib_tag=se&m=A1YKPOZG28EHWI&marketplaceID=A19VAU5U5O7RUS&qid=1776420901&refinements=p_36%3A19500-20000&s=merchant-items&sr=1-241&xpid=5xt-p85bextIq#customerReviews,Toyota 85910-33010 Circuit Opening Relay Assembly (For Efi)
B007NGO0JG,,,,
B007M6E33A,,199.34,https://www.amazon.sg/Kaitendoh-Kaitendo-Exile-Alvis-Hamilton/dp/B007M6E33A/ref=sr_1_242?dib=eyJ2IjoiMSJ9.x48e6fJWTqxdLafRb_H_7CMQstyhw9qhh3xxDQ1Mngt9QX-Zdv9zhjQeKIwcYjfqjDwc9nStywdIsBvwrmHq5A.Bvp8Wg7kAz2jRMzsIiL65JJeAi1QC8N-8DMakuAraW8&dib_tag=se&m=A1YKPOZG28EHWI&marketplaceID=A19VAU5U5O7RUS&qid=1776420901&refinements=p_36%3A19500-20000&s=merchant-items&sr=1-242&xpid=5xt-p85bextIq,"Kaitendo ""Last Exile Alvis E. Hamilton [1/8 Scale Pvc]"
B007J4ADV6,,195.48,https://www.amazon.sg/Hohner-Accordions-M2011BXLF-Thunderbird-Harmonica/dp/B007J4ADV6/ref=sr_1_243?dib=eyJ2IjoiMSJ9.x48e6fJWTqxdLafRb_H_7CMQstyhw9qhh3xxDQ1Mngt9QX-Zdv9zhjQeKIwcYjfqjDwc9nStywdIsBvwrmHq5A.Bvp8Wg7kAz2jRMzsIiL65JJeAi1QC8N-8DMakuAraW8&dib_tag=se&m=A1YKPOZG28EHWI&marketplaceID=A19VAU5U5O7RUS&qid=1776420901&refinements=p_36%3A19500-20000&s=merchant-items&sr=1-243&xpid=5xt-p85bextIq#customerReviews,Hohner Accordions M2011BXLF Marine Band Thunderbird Diatonic Harmonica - Key of Low F
B007J4ADV6,,,,
B007H3JNHE,,199.34,https://www.amazon.sg/SUNSTAR-520-42T-HORNET250-RH-104-42-Sprocket/dp/B007H3JNHE/ref=sr_1_244?dib=eyJ2IjoiMSJ9.x48e6fJWTqxdLafRb_H_7CMQstyhw9qhh3xxDQ1Mngt9QX-Zdv9zhjQeKIwcYjfqjDwc9nStywdIsBvwrmHq5A.Bvp8Wg7kAz2jRMzsIiL65JJeAi1QC8N-8DMakuAraW8&dib_tag=se&m=A1YKPOZG28EHWI&marketplaceID=A19VAU5U5O7RUS&qid=1776420901&refinements=p_36%3A19500-20000&s=merchant-items&sr=1-244&xpid=5xt-p85bextIq#customerReviews,SUNSTAR 520-42T 18H HORNET250/JADE RH-104-42 Rear Sprocket
B007H3JNHE,,,,
B007924YT0,,197.72,https://www.amazon.sg/Stahlville-11007-Pinch-Bar-400MM/dp/B007924YT0/ref=sr_1_245?dib=eyJ2IjoiMSJ9.x48e6fJWTqxdLafRb_H_7CMQstyhw9qhh3xxDQ1Mngt9QX-Zdv9zhjQeKIwcYjfqjDwc9nStywdIsBvwrmHq5A.Bvp8Wg7kAz2jRMzsIiL65JJeAi1QC8N-8DMakuAraW8&dib_tag=se&m=A1YKPOZG28EHWI&marketplaceID=A19VAU5U5O7RUS&qid=1776420901&refinements=p_36%3A19500-20000&s=merchant-items&sr=1-245&xpid=5xt-p85bextIq#customerReviews,Stahlville 11007 Pinch Bar 400MM
B007924YT0,,,,
B00762IBWY,,199.26,https://www.amazon.sg/SK-SATO-SK100WP-SK-100WP/dp/B00762IBWY/ref=sr_1_241?dib=eyJ2IjoiMSJ9.Yo5ZjIBc49Ex-2x72_lJI6lJcBcPQrM4qJ8_Dz45eVcpclfPVrhvC1xHjkR5x0PHxi3NDBxc1TlkcNeRNDK7fO6yrQ7gl0LXbqGV0qOZm_BeaDqsxFNTDzHmpcfrESzAZr01Yzs5u1Meh79V4AFoDgxQiK3ACgSYZRe4Zc8CgPE.kuviS4jPzzsb-haof2MBIy1rPJXMG4UQcn--AgXBkNg&dib_tag=se&m=A1YKPOZG28EHWI&marketplaceID=A19VAU5U5O7RUS&qid=1776420901&refinements=p_36%3A19500-20000&s=merchant-items&sr=1-241&xpid=5xt-p85bextIq,SK-100WP
B00762IBWY,,,,
B00762GH02,,199.13,https://www.amazon.sg/Trusco-2SNMS34EGH-2S-NMS-34EG-H-5100/dp/B00762GH02/ref=sr_1_242?dib=eyJ2IjoiMSJ9.Yo5ZjIBc49Ex-2x72_lJI6lJcBcPQrM4qJ8_Dz45eVcpclfPVrhvC1xHjkR5x0PHxi3NDBxc1TlkcNeRNDK7fO6yrQ7gl0LXbqGV0qOZm_BeaDqsxFNTDzHmpcfrESzAZr01Yzs5u1Meh79V4AFoDgxQiK3ACgSYZRe4Zc8CgPE.kuviS4jPzzsb-haof2MBIy1rPJXMG4UQcn--AgXBkNg&dib_tag=se&m=A1YKPOZG28EHWI&marketplaceID=A19VAU5U5O7RUS&qid=1776420901&refinements=p_36%3A19500-20000&s=merchant-items&sr=1-242&xpid=5xt-p85bextIq,2S-NMS-34EG-H 5100
B00762GH02,,,,
B00762A1FO,,199.37,https://www.amazon.sg/TRUSCO-TNND180-600-Nylon-inches-Diameter/dp/B00762A1FO/ref=sr_1_243?dib=eyJ2IjoiMSJ9.Yo5ZjIBc49Ex-2x72_lJI6lJcBcPQrM4qJ8_Dz45eVcpclfPVrhvC1xHjkR5x0PHxi3NDBxc1TlkcNeRNDK7fO6yrQ7gl0LXbqGV0qOZm_BeaDqsxFNTDzHmpcfrESzAZr01Yzs5u1Meh79V4AFoDgxQiK3ACgSYZRe4Zc8CgPE.kuviS4jPzzsb-haof2MBIy1rPJXMG4UQcn--AgXBkNg&dib_tag=se&m=A1YKPOZG28EHWI&marketplaceID=A19VAU5U5O7RUS&qid=1776420901&refinements=p_36%3A19500-20000&s=merchant-items&sr=1-243&xpid=5xt-p85bextIq,"TRUSCO TNND180-600 New Nylon Disc, Φ7.1 inches (180 mm), Hole Diameter 0.9 inches (22 mm), 600# (Pack of 5)"
B00762A1FO,,,,
B0076290N8,,197.51,https://www.amazon.sg/TRUSCO-TRJ32-30-Round-Sling-Standard/dp/B0076290N8/ref=sr_1_244?dib=eyJ2IjoiMSJ9.Yo5ZjIBc49Ex-2x72_lJI6lJcBcPQrM4qJ8_Dz45eVcpclfPVrhvC1xHjkR5x0PHxi3NDBxc1TlkcNeRNDK7fO6yrQ7gl0LXbqGV0qOZm_BeaDqsxFNTDzHmpcfrESzAZr01Yzs5u1Meh79V4AFoDgxQiK3ACgSYZRe4Zc8CgPE.kuviS4jPzzsb-haof2MBIy1rPJXMG4UQcn--AgXBkNg&dib_tag=se&m=A1YKPOZG28EHWI&marketplaceID=A19VAU5U5O7RUS&qid=1776420901&refinements=p_36%3A19500-20000&s=merchant-items&sr=1-244&xpid=5xt-p85bextIq#customerReviews,TRUSCO TRJ32-30 Round Sling (JIS Standard) 9.8 x 9.8 ft (3.2 x 3.0 m)
B0076290N8,,,,
B006XMSLDC,,195.57,https://www.amazon.sg/Akashiya-A040527-Calligraphy-Circular-Jiangs/dp/B006XMSLDC/ref=sr_1_245?dib=eyJ2IjoiMSJ9.Yo5ZjIBc49Ex-2x72_lJI6lJcBcPQrM4qJ8_Dz45eVcpclfPVrhvC1xHjkR5x0PHxi3NDBxc1TlkcNeRNDK7fO6yrQ7gl0LXbqGV0qOZm_BeaDqsxFNTDzHmpcfrESzAZr01Yzs5u1Meh79V4AFoDgxQiK3ACgSYZRe4Zc8CgPE.kuviS4jPzzsb-haof2MBIy1rPJXMG4UQcn--AgXBkNg&dib_tag=se&m=A1YKPOZG28EHWI&marketplaceID=A19VAU5U5O7RUS&qid=1776420901&refinements=p_36%3A19500-20000&s=merchant-items&sr=1-245&xpid=5xt-p85bextIq,"Akashiya A040527 Calligraphy Brush, Circular, Large, For Kanji Jiangs"
B006XMSLDC,,,,
B0066N4GYQ,,196.59,https://www.amazon.sg/WORKS-903S-Vehicles-without-Airbag/dp/B0066N4GYQ/ref=sr_1_246?dib=eyJ2IjoiMSJ9.Yo5ZjIBc49Ex-2x72_lJI6lJcBcPQrM4qJ8_Dz45eVcpclfPVrhvC1xHjkR5x0PHxi3NDBxc1TlkcNeRNDK7fO6yrQ7gl0LXbqGV0qOZm_BeaDqsxFNTDzHmpcfrESzAZr01Yzs5u1Meh79V4AFoDgxQiK3ACgSYZRe4Zc8CgPE.kuviS4jPzzsb-haof2MBIy1rPJXMG4UQcn--AgXBkNg&dib_tag=se&m=A1YKPOZG28EHWI&marketplaceID=A19VAU5U5O7RUS&qid=1776420901&refinements=p_36%3A19500-20000&s=merchant-items&sr=1-246&xpid=5xt-p85bextIq,WORKS BELL 903S for Mazda Vehicles without Airbag
B0066N4GYQ,,,,
B0065TXCQO,,198.15,https://www.amazon.sg/X-M-Japan-A5507-38-sprocket/dp/B0065TXCQO/ref=sr_1_247?dib=eyJ2IjoiMSJ9.Yo5ZjIBc49Ex-2x72_lJI6lJcBcPQrM4qJ8_Dz45eVcpclfPVrhvC1xHjkR5x0PHxi3NDBxc1TlkcNeRNDK7fO6yrQ7gl0LXbqGV0qOZm_BeaDqsxFNTDzHmpcfrESzAZr01Yzs5u1Meh79V4AFoDgxQiK3ACgSYZRe4Zc8CgPE.kuviS4jPzzsb-haof2MBIy1rPJXMG4UQcn--AgXBkNg&dib_tag=se&m=A1YKPOZG28EHWI&marketplaceID=A19VAU5U5O7RUS&qid=1776420901&refinements=p_36%3A19500-20000&s=merchant-items&sr=1-247&xpid=5xt-p85bextIq,X.A.M Japan A5507-38 525-38T sprocket A5507-38
B0065TXCQO,,,,
B005Q57FPC,,197.59,https://www.amazon.sg/Gundam-Ichibankuji-Head-Bank-Amuro/dp/B005Q57FPC/ref=sr_1_248?dib=eyJ2IjoiMSJ9.Yo5ZjIBc49Ex-2x72_lJI6lJcBcPQrM4qJ8_Dz45eVcpclfPVrhvC1xHjkR5x0PHxi3NDBxc1TlkcNeRNDK7fO6yrQ7gl0LXbqGV0qOZm_BeaDqsxFNTDzHmpcfrESzAZr01Yzs5u1Meh79V4AFoDgxQiK3ACgSYZRe4Zc8CgPE.kuviS4jPzzsb-haof2MBIy1rPJXMG4UQcn--AgXBkNg&dib_tag=se&m=A1YKPOZG28EHWI&marketplaceID=A19VAU5U5O7RUS&qid=1776420901&refinements=p_36%3A19500-20000&s=merchant-items&sr=1-248&xpid=5xt-p85bextIq#customerReviews,Gundam Ichibankuji Head Bank Ver. Amuro
B004MXMD6A,,196.06,https://www.amazon.sg/CKD-4F32008AC100V-4F320-08-Ac100V/dp/B004MXMD6A/ref=sr_1_249?dib=eyJ2IjoiMSJ9.Yo5ZjIBc49Ex-2x72_lJI6lJcBcPQrM4qJ8_Dz45eVcpclfPVrhvC1xHjkR5x0PHxi3NDBxc1TlkcNeRNDK7fO6yrQ7gl0LXbqGV0qOZm_BeaDqsxFNTDzHmpcfrESzAZr01Yzs5u1Meh79V4AFoDgxQiK3ACgSYZRe4Zc8CgPE.kuviS4jPzzsb-haof2MBIy1rPJXMG4UQcn--AgXBkNg&dib_tag=se&m=A1YKPOZG28EHWI&marketplaceID=A19VAU5U5O7RUS&qid=1776420901&refinements=p_36%3A19500-20000&s=merchant-items&sr=1-249&xpid=5xt-p85bextIq,CKD 4F320-08-Ac100V
B004MXMD6A,,,,
B004MXMC4I,,198.05,https://www.amazon.sg/Trusco-AMCSS-1-2D24MM/dp/B004MXMC4I/ref=sr_1_250?dib=eyJ2IjoiMSJ9.Yo5ZjIBc49Ex-2x72_lJI6lJcBcPQrM4qJ8_Dz45eVcpclfPVrhvC1xHjkR5x0PHxi3NDBxc1TlkcNeRNDK7fO6yrQ7gl0LXbqGV0qOZm_BeaDqsxFNTDzHmpcfrESzAZr01Yzs5u1Meh79V4AFoDgxQiK3ACgSYZRe4Zc8CgPE.kuviS4jPzzsb-haof2MBIy1rPJXMG4UQcn--AgXBkNg&dib_tag=se&m=A1YKPOZG28EHWI&marketplaceID=A19VAU5U5O7RUS&qid=1776420901&refinements=p_36%3A19500-20000&s=merchant-items&sr=1-250&xpid=5xt-p85bextIq,AMCSS-1/2D24MM
B004MXMC4I,,,,
B004HHSAQ8,,199.72,https://www.amazon.sg/Kato-10-835-ES26-Sleeper-Cassiopeia/dp/B004HHSAQ8/ref=sr_1_251?dib=eyJ2IjoiMSJ9.Yo5ZjIBc49Ex-2x72_lJI6lJcBcPQrM4qJ8_Dz45eVcpclfPVrhvC1xHjkR5x0PHxi3NDBxc1TlkcNeRNDK7fO6yrQ7gl0LXbqGV0qOZm_BeaDqsxFNTDzHmpcfrESzAZr01Yzs5u1Meh79V4AFoDgxQiK3ACgSYZRe4Zc8CgPE.kuviS4jPzzsb-haof2MBIy1rPJXMG4UQcn--AgXBkNg&dib_tag=se&m=A1YKPOZG28EHWI&marketplaceID=A19VAU5U5O7RUS&qid=1776420901&refinements=p_36%3A19500-20000&s=merchant-items&sr=1-251&xpid=5xt-p85bextIq#customerReviews,Kato 10-835 ES26 Sleeper Cassiopeia 6 Car Add On Set
B004D2ELMO,,196.47,https://www.amazon.sg/M30-417-Paper-Laminate-Purple-Sheets/dp/B004D2ELMO/ref=sr_1_257?dib=eyJ2IjoiMSJ9.bAKGMTixnvfd3zDkZmK3-J7jJR5JpMizMrYQfCNbo3nVdlXQAt-vp10Gf9XaTrIAYgfyCKKgfhnFuPibXXw9Sg.D0PbqUIS5r69rGhFHNvcbwTOsHI2SN9jBiLF-GWq8BU&dib_tag=se&m=A1YKPOZG28EHWI&marketplaceID=A19VAU5U5O7RUS&qid=1776420906&refinements=p_36%3A19500-20000&s=merchant-items&sr=1-257&xpid=5xt-p85bextIq,"Min M30-417 Gold Foil Paper Laminate, Purple (500 Sheets)"
B004D2ELMO,,,,
B003VY2JHO,,195.75,https://www.amazon.sg/Banpresto-Lottery-Lupin-Award-Fujiko/dp/B003VY2JHO/ref=sr_1_258?dib=eyJ2IjoiMSJ9.bAKGMTixnvfd3zDkZmK3-J7jJR5JpMizMrYQfCNbo3nVdlXQAt-vp10Gf9XaTrIAYgfyCKKgfhnFuPibXXw9Sg.D0PbqUIS5r69rGhFHNvcbwTOsHI2SN9jBiLF-GWq8BU&dib_tag=se&m=A1YKPOZG28EHWI&marketplaceID=A19VAU5U5O7RUS&qid=1776420906&refinements=p_36%3A19500-20000&s=merchant-items&sr=1-258&xpid=5xt-p85bextIq#customerReviews,"Banpresto ""Lottery Dx Lupin Iii Most 1St. B Award Fujiko & Model Bike (Japan Import)"
B003U8ZWKC,,199.35,https://www.amazon.sg/KimuHisashi-Japanese-dressmaking-spatula-especially/dp/B003U8ZWKC/ref=sr_1_259?dib=eyJ2IjoiMSJ9.bAKGMTixnvfd3zDkZmK3-J7jJR5JpMizMrYQfCNbo3nVdlXQAt-vp10Gf9XaTrIAYgfyCKKgfhnFuPibXXw9Sg.D0PbqUIS5r69rGhFHNvcbwTOsHI2SN9jBiLF-GWq8BU&dib_tag=se&m=A1YKPOZG28EHWI&marketplaceID=A19VAU5U5O7RUS&qid=1776420906&refinements=p_36%3A19500-20000&s=merchant-items&sr=1-259&xpid=5xt-p85bextIq,[KimuHisashi] 460042 Japanese dressmaking spatula stand especially No. total cloth (Japanese dressmaking table)
B003U8ZWKC,,,,
B003R129Y4,,195.04,https://www.amazon.sg/ATAGO-Concentration-Handheld-Refractometer-MASTER-MENTSU/dp/B003R129Y4/ref=sr_1_260?dib=eyJ2IjoiMSJ9.bAKGMTixnvfd3zDkZmK3-J7jJR5JpMizMrYQfCNbo3nVdlXQAt-vp10Gf9XaTrIAYgfyCKKgfhnFuPibXXw9Sg.D0PbqUIS5r69rGhFHNvcbwTOsHI2SN9jBiLF-GWq8BU&dib_tag=se&m=A1YKPOZG28EHWI&marketplaceID=A19VAU5U5O7RUS&qid=1776420906&refinements=p_36%3A19500-20000&s=merchant-items&sr=1-260&xpid=5xt-p85bextIq,"ATAGO Concentration Meter, Handheld Refractometer, MASTER-MENTSU M"
B003R129Y4,,,,
B003MUOCUO,,204.62,https://www.amazon.sg/CUSTOm-LK-1200I-LK1200I/dp/B003MUOCUO/ref=sr_1_261?dib=eyJ2IjoiMSJ9.bAKGMTixnvfd3zDkZmK3-J7jJR5JpMizMrYQfCNbo3nVdlXQAt-vp10Gf9XaTrIAYgfyCKKgfhnFuPibXXw9Sg.D0PbqUIS5r69rGhFHNvcbwTOsHI2SN9jBiLF-GWq8BU&dib_tag=se&m=A1YKPOZG28EHWI&marketplaceID=A19VAU5U5O7RUS&qid=1776420906&refinements=p_36%3A19500-20000&s=merchant-items&sr=1-261&xpid=5xt-p85bextIq#customerReviews,LK1200I
B003MUOCUO,,,,
B003917XAW,,198.95,https://www.amazon.sg/Aluminum-Spread-Circle-inches-AEV02042/dp/B003917XAW/ref=sr_1_257?dib=eyJ2IjoiMSJ9.2BAYPCHVY5L-cEQ11FqgTCq0jJynqt-ELf3TBTLxo2BlM8uWWQJqnWM_vRaTssXsdh-ca_YeOnfl0ZIrkU0fWc5qq33Al7i9HCTMVk4tAxsgtynKaH-V65Kk5SBXlFG0A9YiTIL4rIZb3zvQgMop4Ao8ebjoqN6j65xRPpCoWKU.IRtBQ53IxN8q-Hpk_3ThOpg3G7dLr6m9fzwjptfhfjM&dib_tag=se&m=A1YKPOZG28EHWI&marketplaceID=A19VAU5U5O7RUS&qid=1776420906&refinements=p_36%3A19500-20000&s=merchant-items&sr=1-257&xpid=5xt-p85bextIq#customerReviews,"Akao Aluminum DON Pot with Don Spread Circle 16.5 inches (42 cm) Aluminum Alloy, Handle (Die Cast Aluminum), Japan AEV02042"
B003917XAW,,,,
B002WG5OQA,,204.27,https://www.amazon.sg/TONE-Hexagon-Socket-Wrench-H4100MP/dp/B002WG5OQA/ref=sr_1_258?dib=eyJ2IjoiMSJ9.2BAYPCHVY5L-cEQ11FqgTCq0jJynqt-ELf3TBTLxo2BlM8uWWQJqnWM_vRaTssXsdh-ca_YeOnfl0ZIrkU0fWc5qq33Al7i9HCTMVk4tAxsgtynKaH-V65Kk5SBXlFG0A9YiTIL4rIZb3zvQgMop4Ao8ebjoqN6j65xRPpCoWKU.IRtBQ53IxN8q-Hpk_3ThOpg3G7dLr6m9fzwjptfhfjM&dib_tag=se&m=A1YKPOZG28EHWI&marketplaceID=A19VAU5U5O7RUS&qid=1776420906&refinements=p_36%3A19500-20000&s=merchant-items&sr=1-258&xpid=5xt-p85bextIq#customerReviews,TONE Hexagon Socket Wrench Set H4100MP 1/2 inch Drive Angle 12.7 mm Red 12 Pieces
B002WG5OQA,,,,
B002UU46FS,,196.42,https://www.amazon.sg/Lexmark-W850H21G-Toner-Cartridge-Black/dp/B002UU46FS/ref=sr_1_259?dib=eyJ2IjoiMSJ9.2BAYPCHVY5L-cEQ11FqgTCq0jJynqt-ELf3TBTLxo2BlM8uWWQJqnWM_vRaTssXsdh-ca_YeOnfl0ZIrkU0fWc5qq33Al7i9HCTMVk4tAxsgtynKaH-V65Kk5SBXlFG0A9YiTIL4rIZb3zvQgMop4Ao8ebjoqN6j65xRPpCoWKU.IRtBQ53IxN8q-Hpk_3ThOpg3G7dLr6m9fzwjptfhfjM&dib_tag=se&m=A1YKPOZG28EHWI&marketplaceID=A19VAU5U5O7RUS&qid=1776420906&refinements=p_36%3A19500-20000&s=merchant-items&sr=1-259&xpid=5xt-p85bextIq,"Lexmark W850H21G Toner Cartridge, Black"
B002UU46FS,,,,
B002QJZLCA,,196.13,https://www.amazon.sg/LSI-Logic-LSI00188-External-9200-8e/dp/B002QJZLCA/ref=sr_1_260?dib=eyJ2IjoiMSJ9.2BAYPCHVY5L-cEQ11FqgTCq0jJynqt-ELf3TBTLxo2BlM8uWWQJqnWM_vRaTssXsdh-ca_YeOnfl0ZIrkU0fWc5qq33Al7i9HCTMVk4tAxsgtynKaH-V65Kk5SBXlFG0A9YiTIL4rIZb3zvQgMop4Ao8ebjoqN6j65xRPpCoWKU.IRtBQ53IxN8q-Hpk_3ThOpg3G7dLr6m9fzwjptfhfjM&dib_tag=se&m=A1YKPOZG28EHWI&marketplaceID=A19VAU5U5O7RUS&qid=1776420906&refinements=p_36%3A19500-20000&s=merchant-items&sr=1-260&xpid=5xt-p85bextIq,LSI Logic LSI00188 / LSI PCIEx8 (Gen2.0) SATA/SAS 6Gb/s External 8 Port HBA LSI SAS 9200-8e SGL
B002QJZLCA,,,,
B002PIM0NU,,196.55,https://www.amazon.sg/Lexmark-Program-Cartridge-Government-C736H4KG/dp/B002PIM0NU/ref=sr_1_261?dib=eyJ2IjoiMSJ9.2BAYPCHVY5L-cEQ11FqgTCq0jJynqt-ELf3TBTLxo2BlM8uWWQJqnWM_vRaTssXsdh-ca_YeOnfl0ZIrkU0fWc5qq33Al7i9HCTMVk4tAxsgtynKaH-V65Kk5SBXlFG0A9YiTIL4rIZb3zvQgMop4Ao8ebjoqN6j65xRPpCoWKU.IRtBQ53IxN8q-Hpk_3ThOpg3G7dLr6m9fzwjptfhfjM&dib_tag=se&m=A1YKPOZG28EHWI&marketplaceID=A19VAU5U5O7RUS&qid=1776420906&refinements=p_36%3A19500-20000&s=merchant-items&sr=1-261&xpid=5xt-p85bextIq#customerReviews,"Lexmark High Yield Black Return Program Toner Cartridge for US Government, 12000 Yield (C736H4KG)"
B002PIM0NU,,,,
B002P97VG0,,209.43,https://www.amazon.sg/Sn-3Ag-0-5Cu-Lead-Free-Solder-Diameter-inches/dp/B002P97VG0/ref=sr_1_262?dib=eyJ2IjoiMSJ9.2BAYPCHVY5L-cEQ11FqgTCq0jJynqt-ELf3TBTLxo2BlM8uWWQJqnWM_vRaTssXsdh-ca_YeOnfl0ZIrkU0fWc5qq33Al7i9HCTMVk4tAxsgtynKaH-V65Kk5SBXlFG0A9YiTIL4rIZb3zvQgMop4Ao8ebjoqN6j65xRPpCoWKU.IRtBQ53IxN8q-Hpk_3ThOpg3G7dLr6m9fzwjptfhfjM&dib_tag=se&m=A1YKPOZG28EHWI&marketplaceID=A19VAU5U5O7RUS&qid=1776420906&refinements=p_36%3A19500-20000&s=merchant-items&sr=1-262&xpid=5xt-p85bextIq#customerReviews,"Hozan Sn-3Ag-0.5Cu Lead-Free Solder, Lead Free Solder, Wire Diameter 0.04 inches (1.0 mm), Weight: 28.1 oz (800 g)"
B002P97VG0,,,,
B002P8W6Q6,,208.97,https://www.amazon.sg/Tohnichi-Torque-Wrench-DB1-5N4-S-0-2-1-5NM/dp/B002P8W6Q6/ref=sr_1_263?dib=eyJ2IjoiMSJ9.2BAYPCHVY5L-cEQ11FqgTCq0jJynqt-ELf3TBTLxo2BlM8uWWQJqnWM_vRaTssXsdh-ca_YeOnfl0ZIrkU0fWc5qq33Al7i9HCTMVk4tAxsgtynKaH-V65Kk5SBXlFG0A9YiTIL4rIZb3zvQgMop4Ao8ebjoqN6j65xRPpCoWKU.IRtBQ53IxN8q-Hpk_3ThOpg3G7dLr6m9fzwjptfhfjM&dib_tag=se&m=A1YKPOZG28EHWI&marketplaceID=A19VAU5U5O7RUS&qid=1776420906&refinements=p_36%3A19500-20000&s=merchant-items&sr=1-263&xpid=5xt-p85bextIq#customerReviews,Tohnichi Dial Torque Wrench DB1.5N4-S (0.2~1.5NM)
B002P8W6Q6,,,,
B002P8K4U6,,207.7,https://www.amazon.sg/Tonichi-Torque-Wrench-Drive-inches/dp/B002P8K4U6/ref=sr_1_264?dib=eyJ2IjoiMSJ9.2BAYPCHVY5L-cEQ11FqgTCq0jJynqt-ELf3TBTLxo2BlM8uWWQJqnWM_vRaTssXsdh-ca_YeOnfl0ZIrkU0fWc5qq33Al7i9HCTMVk4tAxsgtynKaH-V65Kk5SBXlFG0A9YiTIL4rIZb3zvQgMop4Ao8ebjoqN6j65xRPpCoWKU.IRtBQ53IxN8q-Hpk_3ThOpg3G7dLr6m9fzwjptfhfjM&dib_tag=se&m=A1YKPOZG28EHWI&marketplaceID=A19VAU5U5O7RUS&qid=1776420906&refinements=p_36%3A19500-20000&s=merchant-items&sr=1-264&xpid=5xt-p85bextIq#customerReviews,"Tonichi Torque Wrench, Drive: 0.5 inches (12.7 mm), Total Length: 15.7 inches (400"
B002P8K4U6,,,,
B002P8GQGC,,196.3,https://www.amazon.sg/Tohnichi-RQH22DX22/dp/B002P8GQGC/ref=sr_1_265?dib=eyJ2IjoiMSJ9.2BAYPCHVY5L-cEQ11FqgTCq0jJynqt-ELf3TBTLxo2BlM8uWWQJqnWM_vRaTssXsdh-ca_YeOnfl0ZIrkU0fWc5qq33Al7i9HCTMVk4tAxsgtynKaH-V65Kk5SBXlFG0A9YiTIL4rIZb3zvQgMop4Ao8ebjoqN6j65xRPpCoWKU.IRtBQ53IxN8q-Hpk_3ThOpg3G7dLr6m9fzwjptfhfjM&dib_tag=se&m=A1YKPOZG28EHWI&marketplaceID=A19VAU5U5O7RUS&qid=1776420906&refinements=p_36%3A19500-20000&s=merchant-items&sr=1-265&xpid=5xt-p85bextIq,RQH22DX22
B002P8GQGC,,,,
B002OD8DQY,,195.28,https://www.amazon.sg/X-M-Japan-A4110X41-Sprocket/dp/B002OD8DQY/ref=sr_1_266?dib=eyJ2IjoiMSJ9.2BAYPCHVY5L-cEQ11FqgTCq0jJynqt-ELf3TBTLxo2BlM8uWWQJqnWM_vRaTssXsdh-ca_YeOnfl0ZIrkU0fWc5qq33Al7i9HCTMVk4tAxsgtynKaH-V65Kk5SBXlFG0A9YiTIL4rIZb3zvQgMop4Ao8ebjoqN6j65xRPpCoWKU.IRtBQ53IxN8q-Hpk_3ThOpg3G7dLr6m9fzwjptfhfjM&dib_tag=se&m=A1YKPOZG28EHWI&marketplaceID=A19VAU5U5O7RUS&qid=1776420906&refinements=p_36%3A19500-20000&s=merchant-items&sr=1-266&xpid=5xt-p85bextIq,X.A.M Japan A4110X41 520-41T Sprocket A4110X41
B002OD8DQY,,,,
B002OAX2U4,,198.46,https://www.amazon.sg/Uzaki-Nissin-2WAY-mountain-contrast/dp/B002OAX2U4/ref=sr_1_267?dib=eyJ2IjoiMSJ9.2BAYPCHVY5L-cEQ11FqgTCq0jJynqt-ELf3TBTLxo2BlM8uWWQJqnWM_vRaTssXsdh-ca_YeOnfl0ZIrkU0fWc5qq33Al7i9HCTMVk4tAxsgtynKaH-V65Kk5SBXlFG0A9YiTIL4rIZb3zvQgMop4Ao8ebjoqN6j65xRPpCoWKU.IRtBQ53IxN8q-Hpk_3ThOpg3G7dLr6m9fzwjptfhfjM&dib_tag=se&m=A1YKPOZG28EHWI&marketplaceID=A19VAU5U5O7RUS&qid=1776420906&refinements=p_36%3A19500-20000&s=merchant-items&sr=1-267&xpid=5xt-p85bextIq,Uzaki Nissin 2WAY Yu 's mountain ZX high contrast 6215
B002OAX2U4,,,,
B002K06PL6,,197.27,https://www.amazon.sg/%E3%83%AD%E3%83%96%E3%83%86%E3%83%83%E3%82%AF%E3%82%B9-NST43-NST4-3-1000pcs/dp/B002K06PL6/ref=sr_1_273?dib=eyJ2IjoiMSJ9.fTplt5fsfhyM7zFLgA3JLZATiCmLoOYzJ_2FnX-o-4Aj0sAtNy69Ib6yo2szNGd7e0c8Hc2T1VUGyYZbiVE_DQ._hIcjgQEYQEgQhCjYzo-o8iRWfXM4KKfmcQPZicmAIs&dib_tag=se&m=A1YKPOZG28EHWI&marketplaceID=A19VAU5U5O7RUS&qid=1776420911&refinements=p_36%3A19500-20000&s=merchant-items&sr=1-273&xpid=5xt-p85bextIq,NST4-3 (1000pcs)
B002K06PL6,,,,
B002K010BG,,197.61,https://www.amazon.sg/NSS45-Shrimp-Rivets-Pieces-Stainless/dp/B002K010BG/ref=sr_1_274?dib=eyJ2IjoiMSJ9.fTplt5fsfhyM7zFLgA3JLZATiCmLoOYzJ_2FnX-o-4Aj0sAtNy69Ib6yo2szNGd7e0c8Hc2T1VUGyYZbiVE_DQ._hIcjgQEYQEgQhCjYzo-o8iRWfXM4KKfmcQPZicmAIs&dib_tag=se&m=A1YKPOZG28EHWI&marketplaceID=A19VAU5U5O7RUS&qid=1776420911&refinements=p_36%3A19500-20000&s=merchant-items&sr=1-274&xpid=5xt-p85bextIq,"NSS45 Shrimp Blind Rivets (1000 Pieces), Stainless Steel, Steel 4-5"
B002K010BG,,,,
B002K00XVY,,196.78,https://www.amazon.sg/LOBTEX-Lobtex-Aluminum-Wrench-Apw450/dp/B002K00XVY/ref=sr_1_275?dib=eyJ2IjoiMSJ9.fTplt5fsfhyM7zFLgA3JLZATiCmLoOYzJ_2FnX-o-4Aj0sAtNy69Ib6yo2szNGd7e0c8Hc2T1VUGyYZbiVE_DQ._hIcjgQEYQEgQhCjYzo-o8iRWfXM4KKfmcQPZicmAIs&dib_tag=se&m=A1YKPOZG28EHWI&marketplaceID=A19VAU5U5O7RUS&qid=1776420911&refinements=p_36%3A19500-20000&s=merchant-items&sr=1-275&xpid=5xt-p85bextIq#customerReviews,"LOBTEX Lobtex""Aluminum Pipe Wrench Apw450"
B002K00XVY,,,,
B002I33C6Q,,197.28,https://www.amazon.sg/industrial-diamond-Discone-antenna-D130/dp/B002I33C6Q/ref=sr_1_276?dib=eyJ2IjoiMSJ9.fTplt5fsfhyM7zFLgA3JLZATiCmLoOYzJ_2FnX-o-4Aj0sAtNy69Ib6yo2szNGd7e0c8Hc2T1VUGyYZbiVE_DQ._hIcjgQEYQEgQhCjYzo-o8iRWfXM4KKfmcQPZicmAIs&dib_tag=se&m=A1YKPOZG28EHWI&marketplaceID=A19VAU5U5O7RUS&qid=1776420911&refinements=p_36%3A19500-20000&s=merchant-items&sr=1-276&xpid=5xt-p85bextIq,The first wave industrial diamond super Discone antenna (for fixed station) D130
B002I33C6Q,,,,
B002F9MHJG,,197.59,https://www.amazon.sg/Captain-Capacity-tire-Handle-Cooler-Regard/dp/B002F9MHJG/ref=sr_1_277?dib=eyJ2IjoiMSJ9.fTplt5fsfhyM7zFLgA3JLZATiCmLoOYzJ_2FnX-o-4Aj0sAtNy69Ib6yo2szNGd7e0c8Hc2T1VUGyYZbiVE_DQ._hIcjgQEYQEgQhCjYzo-o8iRWfXM4KKfmcQPZicmAIs&dib_tag=se&m=A1YKPOZG28EHWI&marketplaceID=A19VAU5U5O7RUS&qid=1776420911&refinements=p_36%3A19500-20000&s=merchant-items&sr=1-277&xpid=5xt-p85bextIq#customerReviews,Captain Stagg [Capacity 48L / with tire-Handle] Cooler Box Regard Wheel Cooler 48L Blue M-5059
B002F9MHJG,,,,
B002A5U5B2,,197.39,https://www.amazon.sg/TRUSCO-GX50-1000ELS-Loading-Machine-Endless/dp/B002A5U5B2/ref=sr_1_273?dib=eyJ2IjoiMSJ9.cD4Mzb0cxc8vCgp9it8-AM_weoMsKwQ59LCLAuZ1B9Onb_z-IA1ugtvG0No-btGuRSQL5xNK4c-yWUYi4LCOtHV469y0GsgQzROwk7BGMMLEuqff7xbdkar2eHxRSsUMujPHTS7kvHkoqxIvM1npeuDtA6hQdxRAHcxhz_A0Ka8.kRDZacMR7OO7zLP4kGe-mldHRY63cOhVKbHFlvH5Spc&dib_tag=se&m=A1YKPOZG28EHWI&marketplaceID=A19VAU5U5O7RUS&qid=1776420911&refinements=p_36%3A19500-20000&s=merchant-items&sr=1-273&xpid=5xt-p85bextIq,"TRUSCO GX50-1000ELS Strong Belt Loading Machine, 2.0 inches (50 mm), Width 220.5 lbs (1,000 kg), Endless Type"
B002A5U5B2,,,,
B002A5QGIS,,199.35,https://www.amazon.sg/TRUSCO-TH-32-Tap-Handle-inches/dp/B002A5QGIS/ref=sr_1_274?dib=eyJ2IjoiMSJ9.cD4Mzb0cxc8vCgp9it8-AM_weoMsKwQ59LCLAuZ1B9Onb_z-IA1ugtvG0No-btGuRSQL5xNK4c-yWUYi4LCOtHV469y0GsgQzROwk7BGMMLEuqff7xbdkar2eHxRSsUMujPHTS7kvHkoqxIvM1npeuDtA6hQdxRAHcxhz_A0Ka8.kRDZacMR7OO7zLP4kGe-mldHRY63cOhVKbHFlvH5Spc&dib_tag=se&m=A1YKPOZG28EHWI&marketplaceID=A19VAU5U5O7RUS&qid=1776420911&refinements=p_36%3A19500-20000&s=merchant-items&sr=1-274&xpid=5xt-p85bextIq#customerReviews,"TRUSCO TH-32 Tap Handle, 1.3 inches (32 mm)"
B002A5QGIS,,,,
B0025QT2S8,,195.21,https://www.amazon.sg/BANDIT4V-020065-02-Motorcycle-Accessory-Adjuster/dp/B0025QT2S8/ref=sr_1_275?dib=eyJ2IjoiMSJ9.cD4Mzb0cxc8vCgp9it8-AM_weoMsKwQ59LCLAuZ1B9Onb_z-IA1ugtvG0No-btGuRSQL5xNK4c-yWUYi4LCOtHV469y0GsgQzROwk7BGMMLEuqff7xbdkar2eHxRSsUMujPHTS7kvHkoqxIvM1npeuDtA6hQdxRAHcxhz_A0Ka8.kRDZacMR7OO7zLP4kGe-mldHRY63cOhVKbHFlvH5Spc&dib_tag=se&m=A1YKPOZG28EHWI&marketplaceID=A19VAU5U5O7RUS&qid=1776420911&refinements=p_36%3A19500-20000&s=merchant-items&sr=1-275&xpid=5xt-p85bextIq,"POSH BANDIT4V 020065-02 Motorcycle Accessory, Initial Adjuster, Red"
B0025QT2S8,,,,
B00200PNHI,,195.73,https://www.amazon.sg/Schonbard-9148336-Gratin-Brown-inches/dp/B00200PNHI/ref=sr_1_276?dib=eyJ2IjoiMSJ9.cD4Mzb0cxc8vCgp9it8-AM_weoMsKwQ59LCLAuZ1B9Onb_z-IA1ugtvG0No-btGuRSQL5xNK4c-yWUYi4LCOtHV469y0GsgQzROwk7BGMMLEuqff7xbdkar2eHxRSsUMujPHTS7kvHkoqxIvM1npeuDtA6hQdxRAHcxhz_A0Ka8.kRDZacMR7OO7zLP4kGe-mldHRY63cOhVKbHFlvH5Spc&dib_tag=se&m=A1YKPOZG28EHWI&marketplaceID=A19VAU5U5O7RUS&qid=1776420911&refinements=p_36%3A19500-20000&s=merchant-items&sr=1-276&xpid=5xt-p85bextIq,"Schonbard 9148336 Oval Gratin Dish with Brim, Brown, 14.2 inches (36 cm)"
B00200PNHI,,,,
B001Y51RZM,,199.78,https://www.amazon.sg/Trusco-ES-D70SDS-Es-D70Sds-174D070Sds/dp/B001Y51RZM/ref=sr_1_277?dib=eyJ2IjoiMSJ9.cD4Mzb0cxc8vCgp9it8-AM_weoMsKwQ59LCLAuZ1B9Onb_z-IA1ugtvG0No-btGuRSQL5xNK4c-yWUYi4LCOtHV469y0GsgQzROwk7BGMMLEuqff7xbdkar2eHxRSsUMujPHTS7kvHkoqxIvM1npeuDtA6hQdxRAHcxhz_A0Ka8.kRDZacMR7OO7zLP4kGe-mldHRY63cOhVKbHFlvH5Spc&dib_tag=se&m=A1YKPOZG28EHWI&marketplaceID=A19VAU5U5O7RUS&qid=1776420911&refinements=p_36%3A19500-20000&s=merchant-items&sr=1-277&xpid=5xt-p85bextIq#customerReviews,Trusco Es-D70Sds(174D070Sds)
B001Y51RZM,,,,
B001U7CV0Y,,196.45,https://www.amazon.sg/Hikimoto-ATY24036-Chinese-inches-Aluminum/dp/B001U7CV0Y/ref=sr_1_278?dib=eyJ2IjoiMSJ9.cD4Mzb0cxc8vCgp9it8-AM_weoMsKwQ59LCLAuZ1B9Onb_z-IA1ugtvG0No-btGuRSQL5xNK4c-yWUYi4LCOtHV469y0GsgQzROwk7BGMMLEuqff7xbdkar2eHxRSsUMujPHTS7kvHkoqxIvM1npeuDtA6hQdxRAHcxhz_A0Ka8.kRDZacMR7OO7zLP4kGe-mldHRY63cOhVKbHFlvH5Spc&dib_tag=se&m=A1YKPOZG28EHWI&marketplaceID=A19VAU5U5O7RUS&qid=1776420911&refinements=p_36%3A19500-20000&s=merchant-items&sr=1-278&xpid=5xt-p85bextIq,"Hikimoto ATY24036 Chinese Ceiro Lid, 14.2 inches (36 cm), Aluminum, Japan"
B001U7CV0Y,,,,
B001T188TY,,197.41,https://www.amazon.sg/AEK0704-Meister-Half-Size-Treatment-Aluminum/dp/B001T188TY/ref=sr_1_279?dib=eyJ2IjoiMSJ9.cD4Mzb0cxc8vCgp9it8-AM_weoMsKwQ59LCLAuZ1B9Onb_z-IA1ugtvG0No-btGuRSQL5xNK4c-yWUYi4LCOtHV469y0GsgQzROwk7BGMMLEuqff7xbdkar2eHxRSsUMujPHTS7kvHkoqxIvM1npeuDtA6hQdxRAHcxhz_A0Ka8.kRDZacMR7OO7zLP4kGe-mldHRY63cOhVKbHFlvH5Spc&dib_tag=se&m=A1YKPOZG28EHWI&marketplaceID=A19VAU5U5O7RUS&qid=1776420911&refinements=p_36%3A19500-20000&s=merchant-items&sr=1-279&xpid=5xt-p85bextIq,"Endo Shoji AEK0704 Meister Half-Size Pot, 10.6 inches (27 cm), Eco Clean Treatment, Aluminum Alloy, Made in Japan"
B001T188TY,,,,
B001T149RE,,195.12,https://www.amazon.sg/oxalate-practical-AZT04028-package-Japanese/dp/B001T149RE/ref=sr_1_280?dib=eyJ2IjoiMSJ9.cD4Mzb0cxc8vCgp9it8-AM_weoMsKwQ59LCLAuZ1B9Onb_z-IA1ugtvG0No-btGuRSQL5xNK4c-yWUYi4LCOtHV469y0GsgQzROwk7BGMMLEuqff7xbdkar2eHxRSsUMujPHTS7kvHkoqxIvM1npeuDtA6hQdxRAHcxhz_A0Ka8.kRDZacMR7OO7zLP4kGe-mldHRY63cOhVKbHFlvH5Spc&dib_tag=se&m=A1YKPOZG28EHWI&marketplaceID=A19VAU5U5O7RUS&qid=1776420911&refinements=p_36%3A19500-20000&s=merchant-items&sr=1-280&xpid=5xt-p85bextIq#customerReviews,Akao oxalate practical pot 28 cm AZT04028 (Japan import/package and manual are written in Japanese)
B001T149RE,,,,
B001HQKZAQ,,196.61,https://www.amazon.sg/Robtex-PW600-Strong-Wrench-inches/dp/B001HQKZAQ/ref=sr_1_281?dib=eyJ2IjoiMSJ9.cD4Mzb0cxc8vCgp9it8-AM_weoMsKwQ59LCLAuZ1B9Onb_z-IA1ugtvG0No-btGuRSQL5xNK4c-yWUYi4LCOtHV469y0GsgQzROwk7BGMMLEuqff7xbdkar2eHxRSsUMujPHTS7kvHkoqxIvM1npeuDtA6hQdxRAHcxhz_A0Ka8.kRDZacMR7OO7zLP4kGe-mldHRY63cOhVKbHFlvH5Spc&dib_tag=se&m=A1YKPOZG28EHWI&marketplaceID=A19VAU5U5O7RUS&qid=1776420911&refinements=p_36%3A19500-20000&s=merchant-items&sr=1-281&xpid=5xt-p85bextIq#customerReviews,"Robtex PW600 Strong Pipe Wrench, 23.6 inches (600 mm)"
B001HQKZAQ,,,,
B001EQFRO8,,199.86,https://www.amazon.sg/KTC-Nepros-NTM5S04-Glasses-Wrench/dp/B001EQFRO8/ref=sr_1_282?dib=eyJ2IjoiMSJ9.cD4Mzb0cxc8vCgp9it8-AM_weoMsKwQ59LCLAuZ1B9Onb_z-IA1ugtvG0No-btGuRSQL5xNK4c-yWUYi4LCOtHV469y0GsgQzROwk7BGMMLEuqff7xbdkar2eHxRSsUMujPHTS7kvHkoqxIvM1npeuDtA6hQdxRAHcxhz_A0Ka8.kRDZacMR7OO7zLP4kGe-mldHRY63cOhVKbHFlvH5Spc&dib_tag=se&m=A1YKPOZG28EHWI&marketplaceID=A19VAU5U5O7RUS&qid=1776420911&refinements=p_36%3A19500-20000&s=merchant-items&sr=1-282&xpid=5xt-p85bextIq#customerReviews,"Kyoto Tool (KTC) Nepros NTM5S04 45° x 6° Short Glasses Wrench Set, Set of 4"
B001EQFRO8,,,,
B001D3H49S,,199.94,https://www.amazon.sg/Industries-SSS-310-Surface-Ratchet-Included/dp/B001D3H49S/ref=sr_1_283?dib=eyJ2IjoiMSJ9.cD4Mzb0cxc8vCgp9it8-AM_weoMsKwQ59LCLAuZ1B9Onb_z-IA1ugtvG0No-btGuRSQL5xNK4c-yWUYi4LCOtHV469y0GsgQzROwk7BGMMLEuqff7xbdkar2eHxRSsUMujPHTS7kvHkoqxIvM1npeuDtA6hQdxRAHcxhz_A0Ka8.kRDZacMR7OO7zLP4kGe-mldHRY63cOhVKbHFlvH5Spc&dib_tag=se&m=A1YKPOZG28EHWI&marketplaceID=A19VAU5U5O7RUS&qid=1776420911&refinements=p_36%3A19500-20000&s=merchant-items&sr=1-283&xpid=5xt-p85bextIq#customerReviews,"Top Industries SSS-310 Surface Socket Wrench Set, 0.37 inches (9.5 mm), Ratchet Handle, 0.2-0.9 inches (6-22 mm), Hex Sockets, 13 Pieces Total, Case Included, Made in Japan"
B001D3H49S,,,,
B0017UY1YS,,196.27,https://www.amazon.sg/Fisher-Bolt-Anchors-FAZ2-95470/dp/B0017UY1YS/ref=sr_1_289?dib=eyJ2IjoiMSJ9._Hy1qux33IIFB9i8i5lW_VCH9nwarCEIA2GvwI8B_x_pPBB_j20J12zgbNoTJ1Vj2QVuGaCrK5iBq900SDEBsA.T9Ah9EtY5VCC6pS6EuWeFs6hqHYFbAtm9q9U58kCDE0&dib_tag=se&m=A1YKPOZG28EHWI&marketplaceID=A19VAU5U5O7RUS&qid=1776420917&refinements=p_36%3A19500-20000&s=merchant-items&sr=1-289&xpid=5xt-p85bextIq#customerReviews,Fisher Bolt Anchors FAZ2 12/100 Pack of 20 95470
B0017UY1YS,,,,
B0010KFV6C,,196.22,https://www.amazon.sg/Machine-KTC-Piston-Resetter-ABX-105/dp/B0010KFV6C/ref=sr_1_290?dib=eyJ2IjoiMSJ9._Hy1qux33IIFB9i8i5lW_VCH9nwarCEIA2GvwI8B_x_pPBB_j20J12zgbNoTJ1Vj2QVuGaCrK5iBq900SDEBsA.T9Ah9EtY5VCC6pS6EuWeFs6hqHYFbAtm9q9U58kCDE0&dib_tag=se&m=A1YKPOZG28EHWI&marketplaceID=A19VAU5U5O7RUS&qid=1776420917&refinements=p_36%3A19500-20000&s=merchant-items&sr=1-290&xpid=5xt-p85bextIq#customerReviews,Kyoto Machine Tools (KTC) Brake Piston Resetter ABX-105
B0010KFV6C,,,,
B000XPX8HE,,199.37,https://www.amazon.sg/Kokuyo-l_ger-board-FB-SL23W-Japan/dp/B000XPX8HE/ref=sr_1_291?dib=eyJ2IjoiMSJ9._Hy1qux33IIFB9i8i5lW_VCH9nwarCEIA2GvwI8B_x_pPBB_j20J12zgbNoTJ1Vj2QVuGaCrK5iBq900SDEBsA.T9Ah9EtY5VCC6pS6EuWeFs6hqHYFbAtm9q9U58kCDE0&dib_tag=se&m=A1YKPOZG28EHWI&marketplaceID=A19VAU5U5O7RUS&qid=1776420917&refinements=p_36%3A19500-20000&s=merchant-items&sr=1-291&xpid=5xt-p85bextIq#customerReviews,Kokuyo type l_ger board FB-SL23W (Japan import)
B000XPX8HE,,,,
B000W9FNOM,,197.21,https://www.amazon.sg/KANON-Nakamura-MFG-N230Qlk-Qlk23N/dp/B000W9FNOM/ref=sr_1_292?dib=eyJ2IjoiMSJ9._Hy1qux33IIFB9i8i5lW_VCH9nwarCEIA2GvwI8B_x_pPBB_j20J12zgbNoTJ1Vj2QVuGaCrK5iBq900SDEBsA.T9Ah9EtY5VCC6pS6EuWeFs6hqHYFbAtm9q9U58kCDE0&dib_tag=se&m=A1YKPOZG28EHWI&marketplaceID=A19VAU5U5O7RUS&qid=1776420917&refinements=p_36%3A19500-20000&s=merchant-items&sr=1-292&xpid=5xt-p85bextIq,N230Qlk (Qlk23N)
B000W9FNOM,,,,
B000VD9ENK,,197.81,https://www.amazon.sg/Fisher-Bolt-Anchors-FAZ2-95446/dp/B000VD9ENK/ref=sr_1_293?dib=eyJ2IjoiMSJ9._Hy1qux33IIFB9i8i5lW_VCH9nwarCEIA2GvwI8B_x_pPBB_j20J12zgbNoTJ1Vj2QVuGaCrK5iBq900SDEBsA.T9Ah9EtY5VCC6pS6EuWeFs6hqHYFbAtm9q9U58kCDE0&dib_tag=se&m=A1YKPOZG28EHWI&marketplaceID=A19VAU5U5O7RUS&qid=1776420917&refinements=p_36%3A19500-20000&s=merchant-items&sr=1-293&xpid=5xt-p85bextIq#customerReviews,Fisher Bolt Anchors FAZ2 12/50 Pack of 20 95446
B000VD9ENK,,,,
B000I5QQ0K,,197.35,https://www.amazon.sg/Miyazaki-Seisakusho-KT-1-Miyaco-Stainless/dp/B000I5QQ0K/ref=sr_1_289?dib=eyJ2IjoiMSJ9.TGdICNfL2KHXsfR8fBtpqLh6E3e-cj2E-7nEdIcpEA7mgYGf1uBSXPqNRh4S7_lYyYLNXbzGioLCLIoSQ6FH8XBGmxSBONBm6ybBySh913IR-MB96gVmwdWzYN3A43BCPsiqLSchdpGRyDpV_A6R_kulQwJ-W2u1d_xrmc8a2a4.eHI64VzxAlGQh7w_jMnHNTySA5hgS7C9rkPzoALeF3U&dib_tag=se&m=A1YKPOZG28EHWI&marketplaceID=A19VAU5U5O7RUS&qid=1776420917&refinements=p_36%3A19500-20000&s=merchant-items&sr=1-289&xpid=5xt-p85bextIq,"Miyazaki Seisakusho KT-1 Miyaco Water Pot, 0.3 gal (1.2 L), Stainless Steel, Made in Japan"
B000I5QQ0K,,,,
B000H6PJSA,,195.52,https://www.amazon.sg/Medicom-Evangelion-Figurine-Ayanami-Bandaged/dp/B000H6PJSA/ref=sr_1_290?dib=eyJ2IjoiMSJ9.TGdICNfL2KHXsfR8fBtpqLh6E3e-cj2E-7nEdIcpEA7mgYGf1uBSXPqNRh4S7_lYyYLNXbzGioLCLIoSQ6FH8XBGmxSBONBm6ybBySh913IR-MB96gVmwdWzYN3A43BCPsiqLSchdpGRyDpV_A6R_kulQwJ-W2u1d_xrmc8a2a4.eHI64VzxAlGQh7w_jMnHNTySA5hgS7C9rkPzoALeF3U&dib_tag=se&m=A1YKPOZG28EHWI&marketplaceID=A19VAU5U5O7RUS&qid=1776420917&refinements=p_36%3A19500-20000&s=merchant-items&sr=1-290&xpid=5xt-p85bextIq#customerReviews,Medicom - Evangelion Figurine Rah Rei Ayanami Bandaged 30 Cm
B0006TZBEK,,195.62,https://www.amazon.sg/Aurora-Ipsilon-Yellow-Fountain-Pen/dp/B0006TZBEK/ref=sr_1_291?dib=eyJ2IjoiMSJ9.TGdICNfL2KHXsfR8fBtpqLh6E3e-cj2E-7nEdIcpEA7mgYGf1uBSXPqNRh4S7_lYyYLNXbzGioLCLIoSQ6FH8XBGmxSBONBm6ybBySh913IR-MB96gVmwdWzYN3A43BCPsiqLSchdpGRyDpV_A6R_kulQwJ-W2u1d_xrmc8a2a4.eHI64VzxAlGQh7w_jMnHNTySA5hgS7C9rkPzoALeF3U&dib_tag=se&m=A1YKPOZG28EHWI&marketplaceID=A19VAU5U5O7RUS&qid=1776420917&refinements=p_36%3A19500-20000&s=merchant-items&sr=1-291&xpid=5xt-p85bextIq,Aurora Ipsilon Resin Yellow Medium Point Fountain Pen - AU-B11Y-M
B0006TZBEK,,,,
B00065UXI8,,195.0,https://www.amazon.sg/Steel-Stock-Temper-0-65mm-Length/dp/B00065UXI8/ref=sr_1_292?dib=eyJ2IjoiMSJ9.TGdICNfL2KHXsfR8fBtpqLh6E3e-cj2E-7nEdIcpEA7mgYGf1uBSXPqNRh4S7_lYyYLNXbzGioLCLIoSQ6FH8XBGmxSBONBm6ybBySh913IR-MB96gVmwdWzYN3A43BCPsiqLSchdpGRyDpV_A6R_kulQwJ-W2u1d_xrmc8a2a4.eHI64VzxAlGQh7w_jMnHNTySA5hgS7C9rkPzoALeF3U&dib_tag=se&m=A1YKPOZG28EHWI&marketplaceID=A19VAU5U5O7RUS&qid=1776420917&refinements=p_36%3A19500-20000&s=merchant-items&sr=1-292&xpid=5xt-p85bextIq,"1008 Steel Shim Stock, Full Hard Temper, ASTM A109/AISI 1008/AISI 1010, 0.65mm Thick, 150mm Width, 2.5m Length"
B0003JV0KW,,199.0,https://www.amazon.sg/Kato-10-426-189-Azusa-Car/dp/B0003JV0KW/ref=sr_1_293?dib=eyJ2IjoiMSJ9.TGdICNfL2KHXsfR8fBtpqLh6E3e-cj2E-7nEdIcpEA7mgYGf1uBSXPqNRh4S7_lYyYLNXbzGioLCLIoSQ6FH8XBGmxSBONBm6ybBySh913IR-MB96gVmwdWzYN3A43BCPsiqLSchdpGRyDpV_A6R_kulQwJ-W2u1d_xrmc8a2a4.eHI64VzxAlGQh7w_jMnHNTySA5hgS7C9rkPzoALeF3U&dib_tag=se&m=A1YKPOZG28EHWI&marketplaceID=A19VAU5U5O7RUS&qid=1776420917&refinements=p_36%3A19500-20000&s=merchant-items&sr=1-293&xpid=5xt-p85bextIq#customerReviews,Kato 10-426 189 Series Azusa 7 Car Emu
B0003JV0KW,,,,
B0002ZQH5K,,199.55,https://www.amazon.sg/Kokuyo-pouch-micrometers-sheets-MSP-15F220307/dp/B0002ZQH5K/ref=sr_1_294?dib=eyJ2IjoiMSJ9.TGdICNfL2KHXsfR8fBtpqLh6E3e-cj2E-7nEdIcpEA7mgYGf1uBSXPqNRh4S7_lYyYLNXbzGioLCLIoSQ6FH8XBGmxSBONBm6ybBySh913IR-MB96gVmwdWzYN3A43BCPsiqLSchdpGRyDpV_A6R_kulQwJ-W2u1d_xrmc8a2a4.eHI64VzxAlGQh7w_jMnHNTySA5hgS7C9rkPzoALeF3U&dib_tag=se&m=A1YKPOZG28EHWI&marketplaceID=A19VAU5U5O7RUS&qid=1776420917&refinements=p_36%3A19500-20000&s=merchant-items&sr=1-294&xpid=5xt-p85bextIq,Kokuyo pouch film A4 150 micrometers 100 sheets MSP-15F220307
B0002ZQH5K,,,,
B0002I9QYQ,,196.61,https://www.amazon.sg/Vandoren-E-Clarinet-Mouthpiece-B40/dp/B0002I9QYQ/ref=sr_1_295?dib=eyJ2IjoiMSJ9.TGdICNfL2KHXsfR8fBtpqLh6E3e-cj2E-7nEdIcpEA7mgYGf1uBSXPqNRh4S7_lYyYLNXbzGioLCLIoSQ6FH8XBGmxSBONBm6ybBySh913IR-MB96gVmwdWzYN3A43BCPsiqLSchdpGRyDpV_A6R_kulQwJ-W2u1d_xrmc8a2a4.eHI64VzxAlGQh7w_jMnHNTySA5hgS7C9rkPzoALeF3U&dib_tag=se&m=A1YKPOZG28EHWI&marketplaceID=A19VAU5U5O7RUS&qid=1776420917&refinements=p_36%3A19500-20000&s=merchant-items&sr=1-295&xpid=5xt-p85bextIq#customerReviews,Vandoren E Clarinet Mouthpiece B40
B0002I9QYQ,,,,
B0002E2B24,,199.06,https://www.amazon.sg/Bach-35015EW-Trombone-Mouthpiece-Shallow/dp/B0002E2B24/ref=sr_1_296?dib=eyJ2IjoiMSJ9.TGdICNfL2KHXsfR8fBtpqLh6E3e-cj2E-7nEdIcpEA7mgYGf1uBSXPqNRh4S7_lYyYLNXbzGioLCLIoSQ6FH8XBGmxSBONBm6ybBySh913IR-MB96gVmwdWzYN3A43BCPsiqLSchdpGRyDpV_A6R_kulQwJ-W2u1d_xrmc8a2a4.eHI64VzxAlGQh7w_jMnHNTySA5hgS7C9rkPzoALeF3U&dib_tag=se&m=A1YKPOZG28EHWI&marketplaceID=A19VAU5U5O7RUS&qid=1776420917&refinements=p_36%3A19500-20000&s=merchant-items&sr=1-296&xpid=5xt-p85bextIq#customerReviews,"Bach 35015EW Small Shank Tenor Trombone Mouthpiece, Silver Plated, 15EW Cup Very Shallow"
B0002E2B24,,,,
B0002CZRRC,,198.95,https://www.amazon.sg/Vandoren-CM3028-Profile-Clarinet-Mouthpiece/dp/B0002CZRRC/ref=sr_1_297?dib=eyJ2IjoiMSJ9.TGdICNfL2KHXsfR8fBtpqLh6E3e-cj2E-7nEdIcpEA7mgYGf1uBSXPqNRh4S7_lYyYLNXbzGioLCLIoSQ6FH8XBGmxSBONBm6ybBySh913IR-MB96gVmwdWzYN3A43BCPsiqLSchdpGRyDpV_A6R_kulQwJ-W2u1d_xrmc8a2a4.eHI64VzxAlGQh7w_jMnHNTySA5hgS7C9rkPzoALeF3U&dib_tag=se&m=A1YKPOZG28EHWI&marketplaceID=A19VAU5U5O7RUS&qid=1776420917&refinements=p_36%3A19500-20000&s=merchant-items&sr=1-297&xpid=5xt-p85bextIq#customerReviews,Vandoren CM3028 5RV Lyre Profile 88 Bb Clarinet Mouthpiece
B0002CZRRC,,,,
B0CY297CKF,,210.5,https://www.amazon.sg/ORX-005-Gigantic-RE-BOOT-Version-ADVANCE/dp/B0CY297CKF/ref=sr_1_298?dib=eyJ2IjoiMSJ9.TGdICNfL2KHXsfR8fBtpqLh6E3e-cj2E-7nEdIcpEA7mgYGf1uBSXPqNRh4S7_lYyYLNXbzGioLCLIoSQ6FH8XBGmxSBONBm6ybBySh913IR-MB96gVmwdWzYN3A43BCPsiqLSchdpGRyDpV_A6R_kulQwJ-W2u1d_xrmc8a2a4.eHI64VzxAlGQh7w_jMnHNTySA5hgS7C9rkPzoALeF3U&dib_tag=se&m=A1YKPOZG28EHWI&marketplaceID=A19VAU5U5O7RUS&qid=1776420917&refinements=p_36%3A19500-20000&s=merchant-items&sr=1-298&xpid=5xt-p85bextIq#customerReviews,"1/144 HG ORX-005 GAPLAN TR-5 [FLYROU] Gigantic Arm Unit (A.O.Z RE-BOOT Version) ""Under the Flag of ADVANCE OF Z Titans"""
B081DGLJNJ,,199.4,https://www.amazon.sg/Topeak-Unisex-Adult-Tetrarack-Pannier/dp/B081DGLJNJ/ref=sr_1_299?dib=eyJ2IjoiMSJ9.TGdICNfL2KHXsfR8fBtpqLh6E3e-cj2E-7nEdIcpEA7mgYGf1uBSXPqNRh4S7_lYyYLNXbzGioLCLIoSQ6FH8XBGmxSBONBm6ybBySh913IR-MB96gVmwdWzYN3A43BCPsiqLSchdpGRyDpV_A6R_kulQwJ-W2u1d_xrmc8a2a4.eHI64VzxAlGQh7w_jMnHNTySA5hgS7C9rkPzoALeF3U&dib_tag=se&m=A1YKPOZG28EHWI&marketplaceID=A19VAU5U5O7RUS&qid=1776420917&refinements=p_36%3A19500-20000&s=merchant-items&sr=1-299&xpid=5xt-p85bextIq#customerReviews,"Topeak Unisex - Adult Tetrarack M1 Pannier Rack, Black, 37.4 cm"
B081DGLJNJ,,,,
B01N4K0OMI,,198.8,https://www.amazon.sg/KARCHER-26439090-Quick-Connect-46-2/dp/B01N4K0OMI/ref=sr_1_305?dib=eyJ2IjoiMSJ9.A8Auq9MzHUaydAprFCKywpQgxwh9bnLum7GmBVlb5A4.QsSLPtpbVCUtYBG_cPgBmjZ41wnmjWfMJa7zeiwWYZk&dib_tag=se&m=A1YKPOZG28EHWI&marketplaceID=A19VAU5U5O7RUS&qid=1776420923&refinements=p_36%3A19500-20000&s=merchant-items&sr=1-305&xpid=5xt-p85bextIq#customerReviews,"KARCHER 26439090 Quick Connect Kit, 46.2 ft (12 m)"
B01N4K0OMI,,,,
B00YS7UASI,,207.57,https://www.amazon.sg/NTN-Bearing-2313C3-Self-Aligning-Clearance/dp/B00YS7UASI/ref=sr_1_306?dib=eyJ2IjoiMSJ9.A8Auq9MzHUaydAprFCKywpQgxwh9bnLum7GmBVlb5A4.QsSLPtpbVCUtYBG_cPgBmjZ41wnmjWfMJa7zeiwWYZk&dib_tag=se&m=A1YKPOZG28EHWI&marketplaceID=A19VAU5U5O7RUS&qid=1776420923&refinements=p_36%3A19500-20000&s=merchant-items&sr=1-306&xpid=5xt-p85bextIq,"NTN Bearing 2313C3 Double Row Self-Aligning Radial Ball Bearing, C3 Clearance, Steel Cage, 65 mm Bore ID, 140 mm OD, 48 mm Width, Open"
B00YS7UASI,,,,
