ASIN,Brand,Price,URL,Title
B000N3SY16,Audio CD,181.86,https://www.amazon.sg/Emotionally-Blue-Shakatak/dp/B000N3SY16/ref=sr_1_1?dib=eyJ2IjoiMSJ9.NIvjVN0-B9wkph1ueE3XrQpcLFK_nqevoHM39wl7URTSpsE_AHXO034j7332-qT4DUca8j8ZJGlnXdQDZekLkf8cybfRSdZNULpi4Y-DrR8QwbxdTCURZ7PJw6nTiJ2s39iOQxO3uUVvUCFARCra7c4HVnEEMGJ3czg69t8cc3HRRrYeiOFdX2CvsymG78vroHw4I4fAaHCbn3V4RQ_YTrKb2npgnFS4Z0OdvnLr4BI.aFL8QgeMiqa2pMIFrHppj5CvdUYqEEdWSV0HdAHqZHU&dib_tag=se&m=A31NFQQ4065CWX&marketplaceID=A19VAU5U5O7RUS&qid=1775480222&refinements=p_36%3A18000-18500&s=merchant-items&sr=1-1#customerReviews,Emotionally Blue
B08KTTXGD5,Audio CD,181.15,https://www.amazon.sg/mind-Prominence%E3%80%90Blu-ray%E4%BB%98%E7%94%9F%E7%94%A3%E9%99%90%E5%AE%9A%E7%9B%A4%E3%80%91-RAISE-SUILEN/dp/B08KTTXGD5/ref=sr_1_2?dib=eyJ2IjoiMSJ9.NIvjVN0-B9wkph1ueE3XrQpcLFK_nqevoHM39wl7URTSpsE_AHXO034j7332-qT4DUca8j8ZJGlnXdQDZekLkf8cybfRSdZNULpi4Y-DrR8QwbxdTCURZ7PJw6nTiJ2s39iOQxO3uUVvUCFARCra7c4HVnEEMGJ3czg69t8cc3HRRrYeiOFdX2CvsymG78vroHw4I4fAaHCbn3V4RQ_YTrKb2npgnFS4Z0OdvnLr4BI.aFL8QgeMiqa2pMIFrHppj5CvdUYqEEdWSV0HdAHqZHU&dib_tag=se&m=A31NFQQ4065CWX&marketplaceID=A19VAU5U5O7RUS&qid=1775480222&refinements=p_36%3A18000-18500&s=merchant-items&sr=1-2#customerReviews,mind of Prominence【Blu-ray付生産限定盤】
B0B5YRC13G,Nintendo Switch,183.02,https://www.amazon.sg/Cobra-Kai-Rising-Nintendo-Switch/dp/B0B5YRC13G/ref=sr_1_3?dib=eyJ2IjoiMSJ9.NIvjVN0-B9wkph1ueE3XrQpcLFK_nqevoHM39wl7URTSpsE_AHXO034j7332-qT4DUca8j8ZJGlnXdQDZekLkf8cybfRSdZNULpi4Y-DrR8QwbxdTCURZ7PJw6nTiJ2s39iOQxO3uUVvUCFARCra7c4HVnEEMGJ3czg69t8cc3HRRrYeiOFdX2CvsymG78vroHw4I4fAaHCbn3V4RQ_YTrKb2npgnFS4Z0OdvnLr4BI.aFL8QgeMiqa2pMIFrHppj5CvdUYqEEdWSV0HdAHqZHU&dib_tag=se&m=A31NFQQ4065CWX&marketplaceID=A19VAU5U5O7RUS&qid=1775480222&refinements=p_36%3A18000-18500&s=merchant-items&sr=1-3#customerReviews,Cobra Kai 2: Dojos Rising - Nintendo Switch
B0B5YRC13G,,,,
B007JLLTQM,Audio CD,184.12,https://www.amazon.sg/Mothership-Returns-Return-Forever/dp/B007JLLTQM/ref=sr_1_4?dib=eyJ2IjoiMSJ9.NIvjVN0-B9wkph1ueE3XrQpcLFK_nqevoHM39wl7URTSpsE_AHXO034j7332-qT4DUca8j8ZJGlnXdQDZekLkf8cybfRSdZNULpi4Y-DrR8QwbxdTCURZ7PJw6nTiJ2s39iOQxO3uUVvUCFARCra7c4HVnEEMGJ3czg69t8cc3HRRrYeiOFdX2CvsymG78vroHw4I4fAaHCbn3V4RQ_YTrKb2npgnFS4Z0OdvnLr4BI.aFL8QgeMiqa2pMIFrHppj5CvdUYqEEdWSV0HdAHqZHU&dib_tag=se&m=A31NFQQ4065CWX&marketplaceID=A19VAU5U5O7RUS&qid=1775480222&refinements=p_36%3A18000-18500&s=merchant-items&sr=1-4#customerReviews,Mothership Returns
B007JLLTQM,,,,
4906917852,Tankobon Hardcover,182.64,https://www.amazon.sg/%E3%80%88%E6%88%A6%E5%89%8D%E6%88%A6%E4%B8%AD%E3%80%89%E5%A4%96%E4%BA%A4%E5%AE%98%E3%81%AE%E8%A6%8B%E3%81%9F%E5%9B%9E%E6%95%99%E4%B8%96%E7%95%8C__%E7%AC%A0%E9%96%93%E6%9D%B2%E9%9B%84%E8%91%97%E4%BD%9C%E9%81%B8%E9%9B%86/dp/4906917852/ref=sr_1_5?dib=eyJ2IjoiMSJ9.NIvjVN0-B9wkph1ueE3XrQpcLFK_nqevoHM39wl7URTSpsE_AHXO034j7332-qT4DUca8j8ZJGlnXdQDZekLkf8cybfRSdZNULpi4Y-DrR8QwbxdTCURZ7PJw6nTiJ2s39iOQxO3uUVvUCFARCra7c4HVnEEMGJ3czg69t8cc3HRRrYeiOFdX2CvsymG78vroHw4I4fAaHCbn3V4RQ_YTrKb2npgnFS4Z0OdvnLr4BI.aFL8QgeMiqa2pMIFrHppj5CvdUYqEEdWSV0HdAHqZHU&dib_tag=se&m=A31NFQQ4065CWX&marketplaceID=A19VAU5U5O7RUS&qid=1775480222&refinements=p_36%3A18000-18500&s=merchant-items&sr=1-5,〈戦前戦中〉外交官の見た回教世界――笠間杲雄著作選集
4906917852,,,,
4904862406,Tankobon Hardcover,181.33,https://www.amazon.sg/%E8%86%9D%E9%96%A2%E7%AF%80%E6%8B%98%E7%B8%AE%E3%81%AE%E8%A9%95%E4%BE%A1%E3%81%A8%E9%81%8B%E5%8B%95%E7%99%82%E6%B3%95-%E9%81%8B%E5%8B%95%E3%81%A8%E5%8C%BB%E5%AD%A6%E3%81%AE%E5%87%BA%E7%89%88%E7%A4%BE%E3%81%AE%E8%87%A8%E5%BA%8A%E5%AE%B6%E3%82%B7%E3%83%AA%E3%83%BC%E3%82%BA-%E6%A9%8B%E6%9C%AC-%E8%B2%B4%E5%B9%B8/dp/4904862406/ref=sr_1_6?dib=eyJ2IjoiMSJ9.NIvjVN0-B9wkph1ueE3XrQpcLFK_nqevoHM39wl7URTSpsE_AHXO034j7332-qT4DUca8j8ZJGlnXdQDZekLkf8cybfRSdZNULpi4Y-DrR8QwbxdTCURZ7PJw6nTiJ2s39iOQxO3uUVvUCFARCra7c4HVnEEMGJ3czg69t8cc3HRRrYeiOFdX2CvsymG78vroHw4I4fAaHCbn3V4RQ_YTrKb2npgnFS4Z0OdvnLr4BI.aFL8QgeMiqa2pMIFrHppj5CvdUYqEEdWSV0HdAHqZHU&dib_tag=se&m=A31NFQQ4065CWX&marketplaceID=A19VAU5U5O7RUS&qid=1775480222&refinements=p_36%3A18000-18500&s=merchant-items&sr=1-6#customerReviews,膝関節拘縮の評価と運動療法 (運動と医学の出版社の臨床家シリーズ)
4904862406,,,,
4903487334,JP Oversized,,https://www.amazon.sg/%E3%83%93%E3%82%B8%E3%83%A5%E3%82%A2%E3%83%AB%E7%89%88-%E5%8B%95%E7%89%A9%E3%81%9F%E3%81%A1%E3%81%AE%E5%9C%B0%E7%90%83%E5%A4%A7%E7%A7%BB%E5%8B%95_%E7%A9%BA%E3%81%A8%E6%B5%B7%E3%81%A8%E5%A4%A7%E5%9C%B0%E3%82%92%E3%82%81%E3%81%90%E3%82%8B%E7%A5%9E%E7%A7%98%E3%81%AE%E3%83%A9%E3%82%A4%E3%83%95%E3%83%BB%E3%82%B5%E3%82%A4%E3%82%AF%E3%83%AB/dp/4903487334/ref=sr_1_7?dib=eyJ2IjoiMSJ9.NIvjVN0-B9wkph1ueE3XrQpcLFK_nqevoHM39wl7URTSpsE_AHXO034j7332-qT4DUca8j8ZJGlnXdQDZekLkf8cybfRSdZNULpi4Y-DrR8QwbxdTCURZ7PJw6nTiJ2s39iOQxO3uUVvUCFARCra7c4HVnEEMGJ3czg69t8cc3HRRrYeiOFdX2CvsymG78vroHw4I4fAaHCbn3V4RQ_YTrKb2npgnFS4Z0OdvnLr4BI.aFL8QgeMiqa2pMIFrHppj5CvdUYqEEdWSV0HdAHqZHU&dib_tag=se&m=A31NFQQ4065CWX&marketplaceID=A19VAU5U5O7RUS&qid=1775480222&refinements=p_36%3A18000-18500&s=merchant-items&sr=1-7#customerReviews,ビジュアル版 動物たちの地球大移動―空と海と大地をめぐる神秘のライフ・サイクル
4902385619,Tankobon Hardcover,183.72,https://www.amazon.sg/%E8%B0%B7%E5%B7%9D%E5%81%A5%E4%B8%80%E5%85%A8%E9%9B%86%E3%80%88%E7%AC%AC8%E5%B7%BB%E3%80%89%E6%B2%96%E7%B8%844-%E6%B5%B7%E3%81%AE%E7%BE%A4%E6%98%9F-%E7%A5%9E%E3%81%AB%E8%BF%BD%E3%82%8F%E3%82%8C%E3%81%A6-%E4%BB%96/dp/4902385619/ref=sr_1_8?dib=eyJ2IjoiMSJ9.NIvjVN0-B9wkph1ueE3XrQpcLFK_nqevoHM39wl7URTSpsE_AHXO034j7332-qT4DUca8j8ZJGlnXdQDZekLkf8cybfRSdZNULpi4Y-DrR8QwbxdTCURZ7PJw6nTiJ2s39iOQxO3uUVvUCFARCra7c4HVnEEMGJ3czg69t8cc3HRRrYeiOFdX2CvsymG78vroHw4I4fAaHCbn3V4RQ_YTrKb2npgnFS4Z0OdvnLr4BI.aFL8QgeMiqa2pMIFrHppj5CvdUYqEEdWSV0HdAHqZHU&dib_tag=se&m=A31NFQQ4065CWX&marketplaceID=A19VAU5U5O7RUS&qid=1775480222&refinements=p_36%3A18000-18500&s=merchant-items&sr=1-8#customerReviews,谷川健一全集〈第8巻〉沖縄4　海の群星　神に追われて 他
4902385619,,,,
4896941896,Tankobon Hardcover,184.54,https://www.amazon.sg/%E5%9B%B3%E8%AA%AC-%E4%B8%96%E7%95%8C%E3%82%B7%E3%83%B3%E3%83%9C%E3%83%AB%E4%BA%8B%E5%85%B8/dp/4896941896/ref=sr_1_9?dib=eyJ2IjoiMSJ9.NIvjVN0-B9wkph1ueE3XrQpcLFK_nqevoHM39wl7URTSpsE_AHXO034j7332-qT4DUca8j8ZJGlnXdQDZekLkf8cybfRSdZNULpi4Y-DrR8QwbxdTCURZ7PJw6nTiJ2s39iOQxO3uUVvUCFARCra7c4HVnEEMGJ3czg69t8cc3HRRrYeiOFdX2CvsymG78vroHw4I4fAaHCbn3V4RQ_YTrKb2npgnFS4Z0OdvnLr4BI.aFL8QgeMiqa2pMIFrHppj5CvdUYqEEdWSV0HdAHqZHU&dib_tag=se&m=A31NFQQ4065CWX&marketplaceID=A19VAU5U5O7RUS&qid=1775480222&refinements=p_36%3A18000-18500&s=merchant-items&sr=1-9#customerReviews,図説 世界シンボル事典
4896941896,,,,
4887771134,Tankobon Hardcover,,https://www.amazon.sg/%E6%B8%85%E6%9C%AB%E3%83%BB%E5%B9%95%E6%9C%AB%E3%81%AB%E6%96%BC%E3%81%91%E3%82%8BS%E3%83%BB%E3%82%A6%E3%82%A7%E3%83%AB%E3%82%BA%E3%83%BB%E3%82%A6%E3%82%A3%E3%83%AA%E3%82%A2%E3%83%A0%E3%82%BA%E7%94%9F%E6%B6%AF%E3%81%A8%E6%9B%B8%E7%B0%A1/dp/4887771134/ref=sr_1_10?dib=eyJ2IjoiMSJ9.NIvjVN0-B9wkph1ueE3XrQpcLFK_nqevoHM39wl7URTSpsE_AHXO034j7332-qT4DUca8j8ZJGlnXdQDZekLkf8cybfRSdZNULpi4Y-DrR8QwbxdTCURZ7PJw6nTiJ2s39iOQxO3uUVvUCFARCra7c4HVnEEMGJ3czg69t8cc3HRRrYeiOFdX2CvsymG78vroHw4I4fAaHCbn3V4RQ_YTrKb2npgnFS4Z0OdvnLr4BI.aFL8QgeMiqa2pMIFrHppj5CvdUYqEEdWSV0HdAHqZHU&dib_tag=se&m=A31NFQQ4065CWX&marketplaceID=A19VAU5U5O7RUS&qid=1775480222&refinements=p_36%3A18000-18500&s=merchant-items&sr=1-10,清末・幕末に於けるS・ウェルズ・ウィリアムズ生涯と書簡
4881252003,Tankobon Hardcover,,https://www.amazon.sg/%E3%83%89%E3%82%A4%E3%83%84%E4%B8%AD%E4%B8%96%E7%BE%8E%E8%A1%93%E3%80%881%E3%80%89/dp/4881252003/ref=sr_1_11?dib=eyJ2IjoiMSJ9.NIvjVN0-B9wkph1ueE3XrQpcLFK_nqevoHM39wl7URTSpsE_AHXO034j7332-qT4DUca8j8ZJGlnXdQDZekLkf8cybfRSdZNULpi4Y-DrR8QwbxdTCURZ7PJw6nTiJ2s39iOQxO3uUVvUCFARCra7c4HVnEEMGJ3czg69t8cc3HRRrYeiOFdX2CvsymG78vroHw4I4fAaHCbn3V4RQ_YTrKb2npgnFS4Z0OdvnLr4BI.aFL8QgeMiqa2pMIFrHppj5CvdUYqEEdWSV0HdAHqZHU&dib_tag=se&m=A31NFQQ4065CWX&marketplaceID=A19VAU5U5O7RUS&qid=1775480222&refinements=p_36%3A18000-18500&s=merchant-items&sr=1-11,ドイツ中世美術〈1〉
4862464416,Tankobon Softcover,182.61,https://www.amazon.sg/Maya%E3%83%AA%E3%82%AE%E3%83%B3%E3%82%B0-%E6%94%B9%E8%A8%82%E7%89%88-Tina-OHailey/dp/4862464416/ref=sr_1_12?dib=eyJ2IjoiMSJ9.NIvjVN0-B9wkph1ueE3XrQpcLFK_nqevoHM39wl7URTSpsE_AHXO034j7332-qT4DUca8j8ZJGlnXdQDZekLkf8cybfRSdZNULpi4Y-DrR8QwbxdTCURZ7PJw6nTiJ2s39iOQxO3uUVvUCFARCra7c4HVnEEMGJ3czg69t8cc3HRRrYeiOFdX2CvsymG78vroHw4I4fAaHCbn3V4RQ_YTrKb2npgnFS4Z0OdvnLr4BI.aFL8QgeMiqa2pMIFrHppj5CvdUYqEEdWSV0HdAHqZHU&dib_tag=se&m=A31NFQQ4065CWX&marketplaceID=A19VAU5U5O7RUS&qid=1775480222&refinements=p_36%3A18000-18500&s=merchant-items&sr=1-12#customerReviews,Mayaリギング 改訂版
4862464416,,,,
4861823013,Tankobon Hardcover,181.75,https://www.amazon.sg/%E3%83%99%E3%83%BC%E3%83%88%E3%83%BC%E3%83%B4%E3%82%A7%E3%83%B3__%E9%9F%B3%E6%A5%BD%E3%81%AE%E5%93%B2%E5%AD%A6%E3%80%8A%E6%94%B9%E8%A8%82%E7%89%88%E3%80%8B/dp/4861823013/ref=sr_1_13?dib=eyJ2IjoiMSJ9.NIvjVN0-B9wkph1ueE3XrQpcLFK_nqevoHM39wl7URTSpsE_AHXO034j7332-qT4DUca8j8ZJGlnXdQDZekLkf8cybfRSdZNULpi4Y-DrR8QwbxdTCURZ7PJw6nTiJ2s39iOQxO3uUVvUCFARCra7c4HVnEEMGJ3czg69t8cc3HRRrYeiOFdX2CvsymG78vroHw4I4fAaHCbn3V4RQ_YTrKb2npgnFS4Z0OdvnLr4BI.aFL8QgeMiqa2pMIFrHppj5CvdUYqEEdWSV0HdAHqZHU&dib_tag=se&m=A31NFQQ4065CWX&marketplaceID=A19VAU5U5O7RUS&qid=1775480222&refinements=p_36%3A18000-18500&s=merchant-items&sr=1-13,ベートーヴェン――音楽の哲学《改訂版》
4861823013,,,,
4840753172,Tankobon Hardcover,180.14,https://www.amazon.sg/%E3%83%90%E3%82%A4%E3%82%AA%E5%8C%BB%E8%96%AC%E5%93%81%E3%83%8F%E3%83%B3%E3%83%89%E3%83%96%E3%83%83%E3%82%AF-%E7%AC%AC4%E7%89%88-Biologics%E3%81%AE%E8%A3%BD%E9%80%A0%E3%81%8B%E3%82%89%E5%93%81%E8%B3%AA%E7%AE%A1%E7%90%86%E3%81%BE%E3%81%A7/dp/4840753172/ref=sr_1_14?dib=eyJ2IjoiMSJ9.NIvjVN0-B9wkph1ueE3XrQpcLFK_nqevoHM39wl7URTSpsE_AHXO034j7332-qT4DUca8j8ZJGlnXdQDZekLkf8cybfRSdZNULpi4Y-DrR8QwbxdTCURZ7PJw6nTiJ2s39iOQxO3uUVvUCFARCra7c4HVnEEMGJ3czg69t8cc3HRRrYeiOFdX2CvsymG78vroHw4I4fAaHCbn3V4RQ_YTrKb2npgnFS4Z0OdvnLr4BI.aFL8QgeMiqa2pMIFrHppj5CvdUYqEEdWSV0HdAHqZHU&dib_tag=se&m=A31NFQQ4065CWX&marketplaceID=A19VAU5U5O7RUS&qid=1775480222&refinements=p_36%3A18000-18500&s=merchant-items&sr=1-14#customerReviews,バイオ医薬品ハンドブック 第4版 ~Biologicsの製造から品質管理まで
4840753172,,,,
4818906425,Tankobon Hardcover,180.93,https://www.amazon.sg/%E5%B1%B1%E7%95%99%E3%82%81%E8%A8%AD%E8%A8%88%E6%8C%87%E9%87%9D/dp/4818906425/ref=sr_1_15?dib=eyJ2IjoiMSJ9.NIvjVN0-B9wkph1ueE3XrQpcLFK_nqevoHM39wl7URTSpsE_AHXO034j7332-qT4DUca8j8ZJGlnXdQDZekLkf8cybfRSdZNULpi4Y-DrR8QwbxdTCURZ7PJw6nTiJ2s39iOQxO3uUVvUCFARCra7c4HVnEEMGJ3czg69t8cc3HRRrYeiOFdX2CvsymG78vroHw4I4fAaHCbn3V4RQ_YTrKb2npgnFS4Z0OdvnLr4BI.aFL8QgeMiqa2pMIFrHppj5CvdUYqEEdWSV0HdAHqZHU&dib_tag=se&m=A31NFQQ4065CWX&marketplaceID=A19VAU5U5O7RUS&qid=1775480222&refinements=p_36%3A18000-18500&s=merchant-items&sr=1-15#customerReviews,山留め設計指針
4818906425,,,,
4807909088,Tankobon Hardcover,183.54,https://www.amazon.sg/%E3%82%A2%E3%83%88%E3%82%AD%E3%83%B3%E3%82%B9%E7%89%A9%E7%90%86%E5%8C%96%E5%AD%A6%E3%80%88%E4%B8%8A%E3%80%89-Peter-Atkins/dp/4807909088/ref=sr_1_16?dib=eyJ2IjoiMSJ9.NIvjVN0-B9wkph1ueE3XrQpcLFK_nqevoHM39wl7URTSpsE_AHXO034j7332-qT4DUca8j8ZJGlnXdQDZekLkf8cybfRSdZNULpi4Y-DrR8QwbxdTCURZ7PJw6nTiJ2s39iOQxO3uUVvUCFARCra7c4HVnEEMGJ3czg69t8cc3HRRrYeiOFdX2CvsymG78vroHw4I4fAaHCbn3V4RQ_YTrKb2npgnFS4Z0OdvnLr4BI.aFL8QgeMiqa2pMIFrHppj5CvdUYqEEdWSV0HdAHqZHU&dib_tag=se&m=A31NFQQ4065CWX&marketplaceID=A19VAU5U5O7RUS&qid=1775480222&refinements=p_36%3A18000-18500&s=merchant-items&sr=1-16#customerReviews,アトキンス物理化学〈上〉
4807909088,,,,
4783600996,Tankobon Hardcover,180.45,https://www.amazon.sg/%E6%BA%90%E6%B5%81%E3%81%8B%E3%82%89%E6%9C%AA%E6%9D%A5%E3%81%B8-%E3%80%8C%E6%80%9D%E6%83%B3%E3%81%AE%E7%A7%91%E5%AD%A6%E3%80%8D%E4%BA%94%E5%8D%81%E5%B9%B4/dp/4783600996/ref=sr_1_17?dib=eyJ2IjoiMSJ9.-w2HmnuC1VLaBHUdWWsZFVtZ2DzcU24lDP84n52i8NoZ0z2Y0OQDh3MpDuHg7mPD4bML3Q5Mlsp647KKEufoNjg_DYnKxgpMyr2_o9FHwSJ01VCATk1xReVABpz32SVIy9DtSGogBDjRVe_dK3e_gp1wYgiPK-JOgehU1NPgLbDscWnHKo0yaLrt9ekge9WAIgBesTYwpSMZ7C6dcoFkE_1EgrAmlcLGqrhHqXN6_GM.nbm-c1nIE5g76rfLDvJ8l5Fweu7jZuuvzUuDA-4oL6w&dib_tag=se&m=A31NFQQ4065CWX&marketplaceID=A19VAU5U5O7RUS&qid=1775480229&refinements=p_36%3A18000-18500&s=merchant-items&sr=1-17&xpid=Zhy8G3InZ8NL4#customerReviews,源流から未来へ: 「思想の科学」五十年
4783600996,,,,
475172620X,Hardcover,180.24,https://www.amazon.sg/%E6%97%A5%E6%9C%AC%E4%B8%AD%E4%B8%96%E3%81%AE%E5%86%85%E4%B9%B1%E3%81%A8%E6%B0%91%E8%A1%86%E9%81%8B%E5%8B%95-%E6%AD%B4%E5%8F%B2%E7%A7%91%E5%AD%A6%E5%8F%A2%E6%9B%B8-%E4%BD%90%E8%97%A4-%E5%92%8C%E5%BD%A6/dp/475172620X/ref=sr_1_18?dib=eyJ2IjoiMSJ9.-w2HmnuC1VLaBHUdWWsZFVtZ2DzcU24lDP84n52i8NoZ0z2Y0OQDh3MpDuHg7mPD4bML3Q5Mlsp647KKEufoNjg_DYnKxgpMyr2_o9FHwSJ01VCATk1xReVABpz32SVIy9DtSGogBDjRVe_dK3e_gp1wYgiPK-JOgehU1NPgLbDscWnHKo0yaLrt9ekge9WAIgBesTYwpSMZ7C6dcoFkE_1EgrAmlcLGqrhHqXN6_GM.nbm-c1nIE5g76rfLDvJ8l5Fweu7jZuuvzUuDA-4oL6w&dib_tag=se&m=A31NFQQ4065CWX&marketplaceID=A19VAU5U5O7RUS&qid=1775480229&refinements=p_36%3A18000-18500&s=merchant-items&sr=1-18&xpid=Zhy8G3InZ8NL4,日本中世の内乱と民衆運動 (歴史科学叢書)
475172620X,,,,
4625571006,Tankobon Hardcover,181.27,https://www.amazon.sg/%E7%99%BD%E6%B0%8F%E6%96%87%E9%9B%86-4-%E6%96%B0%E9%87%88%E6%BC%A2%E6%96%87%E5%A4%A7%E7%B3%BB-100/dp/4625571006/ref=sr_1_19?dib=eyJ2IjoiMSJ9.-w2HmnuC1VLaBHUdWWsZFVtZ2DzcU24lDP84n52i8NoZ0z2Y0OQDh3MpDuHg7mPD4bML3Q5Mlsp647KKEufoNjg_DYnKxgpMyr2_o9FHwSJ01VCATk1xReVABpz32SVIy9DtSGogBDjRVe_dK3e_gp1wYgiPK-JOgehU1NPgLbDscWnHKo0yaLrt9ekge9WAIgBesTYwpSMZ7C6dcoFkE_1EgrAmlcLGqrhHqXN6_GM.nbm-c1nIE5g76rfLDvJ8l5Fweu7jZuuvzUuDA-4oL6w&dib_tag=se&m=A31NFQQ4065CWX&marketplaceID=A19VAU5U5O7RUS&qid=1775480229&refinements=p_36%3A18000-18500&s=merchant-items&sr=1-19&xpid=Zhy8G3InZ8NL4#customerReviews,白氏文集 4 新釈漢文大系 (100)
4625571006,,,,
4502277916,Tankobon Hardcover,180.76,https://www.amazon.sg/%E6%A4%9C%E8%A8%BC%E4%BC%81%E6%A5%AD%E8%AA%B2%E7%A8%8E%E8%AB%96/dp/4502277916/ref=sr_1_20?dib=eyJ2IjoiMSJ9.-w2HmnuC1VLaBHUdWWsZFVtZ2DzcU24lDP84n52i8NoZ0z2Y0OQDh3MpDuHg7mPD4bML3Q5Mlsp647KKEufoNjg_DYnKxgpMyr2_o9FHwSJ01VCATk1xReVABpz32SVIy9DtSGogBDjRVe_dK3e_gp1wYgiPK-JOgehU1NPgLbDscWnHKo0yaLrt9ekge9WAIgBesTYwpSMZ7C6dcoFkE_1EgrAmlcLGqrhHqXN6_GM.nbm-c1nIE5g76rfLDvJ8l5Fweu7jZuuvzUuDA-4oL6w&dib_tag=se&m=A31NFQQ4065CWX&marketplaceID=A19VAU5U5O7RUS&qid=1775480229&refinements=p_36%3A18000-18500&s=merchant-items&sr=1-20&xpid=Zhy8G3InZ8NL4,検証企業課税論
4502277916,,,,
4469012394,JP Oversized,181.38,https://www.amazon.sg/%E6%97%A5%E6%9C%AC%E6%AD%8C%E8%AA%9E%E4%BA%8B%E5%85%B8/dp/4469012394/ref=sr_1_21?dib=eyJ2IjoiMSJ9.-w2HmnuC1VLaBHUdWWsZFVtZ2DzcU24lDP84n52i8NoZ0z2Y0OQDh3MpDuHg7mPD4bML3Q5Mlsp647KKEufoNjg_DYnKxgpMyr2_o9FHwSJ01VCATk1xReVABpz32SVIy9DtSGogBDjRVe_dK3e_gp1wYgiPK-JOgehU1NPgLbDscWnHKo0yaLrt9ekge9WAIgBesTYwpSMZ7C6dcoFkE_1EgrAmlcLGqrhHqXN6_GM.nbm-c1nIE5g76rfLDvJ8l5Fweu7jZuuvzUuDA-4oL6w&dib_tag=se&m=A31NFQQ4065CWX&marketplaceID=A19VAU5U5O7RUS&qid=1775480229&refinements=p_36%3A18000-18500&s=merchant-items&sr=1-21&xpid=Zhy8G3InZ8NL4#customerReviews,日本歌語事典
4469012394,,,,
4254301170,Tankobon Hardcover,181.07,https://www.amazon.sg/%E6%94%BE%E5%B0%84%E7%B7%9A%E5%8C%BB%E7%A7%91%E5%AD%A6%E3%81%AE%E4%BA%8B%E5%85%B8-%E6%94%BE%E5%B0%84%E7%B7%9A%E3%81%8A%E3%82%88%E3%81%B3%E7%B4%AB%E5%A4%96%E7%B7%9A%E3%83%BB%E9%9B%BB%E7%A3%81%E6%B3%A2%E3%83%BB%E8%B6%85%E9%9F%B3%E6%B3%A2/dp/4254301170/ref=sr_1_22?dib=eyJ2IjoiMSJ9.-w2HmnuC1VLaBHUdWWsZFVtZ2DzcU24lDP84n52i8NoZ0z2Y0OQDh3MpDuHg7mPD4bML3Q5Mlsp647KKEufoNjg_DYnKxgpMyr2_o9FHwSJ01VCATk1xReVABpz32SVIy9DtSGogBDjRVe_dK3e_gp1wYgiPK-JOgehU1NPgLbDscWnHKo0yaLrt9ekge9WAIgBesTYwpSMZ7C6dcoFkE_1EgrAmlcLGqrhHqXN6_GM.nbm-c1nIE5g76rfLDvJ8l5Fweu7jZuuvzUuDA-4oL6w&dib_tag=se&m=A31NFQQ4065CWX&marketplaceID=A19VAU5U5O7RUS&qid=1775480229&refinements=p_36%3A18000-18500&s=merchant-items&sr=1-22&xpid=Zhy8G3InZ8NL4#customerReviews,放射線医科学の事典: 放射線および紫外線・電磁波・超音波
4254301170,,,,
4086189119,Paperback Bunko,180.69,https://www.amazon.sg/%E3%82%A2%E3%82%A4%E3%82%BA-%E3%82%B3%E3%83%9F%E3%83%83%E3%82%AF-%E5%85%A89%E5%B7%BB%E5%AE%8C%E7%B5%90%E3%82%BB%E3%83%83%E3%83%88-%E9%9B%86%E8%8B%B1%E7%A4%BE%E6%96%87%E5%BA%AB_%E3%82%B3%E3%83%9F%E3%83%83%E3%82%AF%E7%89%88-1x36007set20180131/dp/4086189119/ref=sr_1_23?dib=eyJ2IjoiMSJ9.-w2HmnuC1VLaBHUdWWsZFVtZ2DzcU24lDP84n52i8NoZ0z2Y0OQDh3MpDuHg7mPD4bML3Q5Mlsp647KKEufoNjg_DYnKxgpMyr2_o9FHwSJ01VCATk1xReVABpz32SVIy9DtSGogBDjRVe_dK3e_gp1wYgiPK-JOgehU1NPgLbDscWnHKo0yaLrt9ekge9WAIgBesTYwpSMZ7C6dcoFkE_1EgrAmlcLGqrhHqXN6_GM.nbm-c1nIE5g76rfLDvJ8l5Fweu7jZuuvzUuDA-4oL6w&dib_tag=se&m=A31NFQQ4065CWX&marketplaceID=A19VAU5U5O7RUS&qid=1775480229&refinements=p_36%3A18000-18500&s=merchant-items&sr=1-23&xpid=Zhy8G3InZ8NL4#customerReviews,"I""s <アイズ> 文庫版 コミック 全9巻完結セット (集英社文庫―コミック版): 1x36007set20180131"
4086189119,,,,
4000054619,Tankobon Hardcover,183.33,https://www.amazon.sg/%E4%BA%BA%E4%BD%93%E8%A6%B3%E3%81%AE%E6%AD%B4%E5%8F%B2-%E5%9D%82%E4%BA%95-%E5%BB%BA%E9%9B%84/dp/4000054619/ref=sr_1_24?dib=eyJ2IjoiMSJ9.-w2HmnuC1VLaBHUdWWsZFVtZ2DzcU24lDP84n52i8NoZ0z2Y0OQDh3MpDuHg7mPD4bML3Q5Mlsp647KKEufoNjg_DYnKxgpMyr2_o9FHwSJ01VCATk1xReVABpz32SVIy9DtSGogBDjRVe_dK3e_gp1wYgiPK-JOgehU1NPgLbDscWnHKo0yaLrt9ekge9WAIgBesTYwpSMZ7C6dcoFkE_1EgrAmlcLGqrhHqXN6_GM.nbm-c1nIE5g76rfLDvJ8l5Fweu7jZuuvzUuDA-4oL6w&dib_tag=se&m=A31NFQQ4065CWX&marketplaceID=A19VAU5U5O7RUS&qid=1775480229&refinements=p_36%3A18000-18500&s=merchant-items&sr=1-24&xpid=Zhy8G3InZ8NL4#customerReviews,人体観の歴史
4000054619,,,,
B09Z7Y1ZYT,,184.73,https://www.amazon.sg/TOYO-ST-350R-2-Tier-Tool-Box/dp/B09Z7Y1ZYT/ref=sr_1_25?dib=eyJ2IjoiMSJ9.-w2HmnuC1VLaBHUdWWsZFVtZ2DzcU24lDP84n52i8NoZ0z2Y0OQDh3MpDuHg7mPD4bML3Q5Mlsp647KKEufoNjg_DYnKxgpMyr2_o9FHwSJ01VCATk1xReVABpz32SVIy9DtSGogBDjRVe_dK3e_gp1wYgiPK-JOgehU1NPgLbDscWnHKo0yaLrt9ekge9WAIgBesTYwpSMZ7C6dcoFkE_1EgrAmlcLGqrhHqXN6_GM.nbm-c1nIE5g76rfLDvJ8l5Fweu7jZuuvzUuDA-4oL6w&dib_tag=se&m=A31NFQQ4065CWX&marketplaceID=A19VAU5U5O7RUS&qid=1775480229&refinements=p_36%3A18000-18500&s=merchant-items&sr=1-25&xpid=Zhy8G3InZ8NL4#customerReviews,TOYO ST-350R 2-Tier Tool Box
B09Z7Y1ZYT,,,,
B071PFF4L9,,180.29,https://www.amazon.sg/Takara-Tomy-Transformers-TLK-19-Megatron/dp/B071PFF4L9/ref=sr_1_26?dib=eyJ2IjoiMSJ9.-w2HmnuC1VLaBHUdWWsZFVtZ2DzcU24lDP84n52i8NoZ0z2Y0OQDh3MpDuHg7mPD4bML3Q5Mlsp647KKEufoNjg_DYnKxgpMyr2_o9FHwSJ01VCATk1xReVABpz32SVIy9DtSGogBDjRVe_dK3e_gp1wYgiPK-JOgehU1NPgLbDscWnHKo0yaLrt9ekge9WAIgBesTYwpSMZ7C6dcoFkE_1EgrAmlcLGqrhHqXN6_GM.nbm-c1nIE5g76rfLDvJ8l5Fweu7jZuuvzUuDA-4oL6w&dib_tag=se&m=A31NFQQ4065CWX&marketplaceID=A19VAU5U5O7RUS&qid=1775480229&refinements=p_36%3A18000-18500&s=merchant-items&sr=1-26&xpid=Zhy8G3InZ8NL4#customerReviews,Takara Tomy Transformers TLK-19 Megatron
B071PFF4L9,,,,
B0CWH1QW3K,,256.53,https://www.amazon.sg/LEGO-Express-71437-Nintendo-Character/dp/B0CWH1QW3K/ref=sr_1_27?dib=eyJ2IjoiMSJ9.-w2HmnuC1VLaBHUdWWsZFVtZ2DzcU24lDP84n52i8NoZ0z2Y0OQDh3MpDuHg7mPD4bML3Q5Mlsp647KKEufoNjg_DYnKxgpMyr2_o9FHwSJ01VCATk1xReVABpz32SVIy9DtSGogBDjRVe_dK3e_gp1wYgiPK-JOgehU1NPgLbDscWnHKo0yaLrt9ekge9WAIgBesTYwpSMZ7C6dcoFkE_1EgrAmlcLGqrhHqXN6_GM.nbm-c1nIE5g76rfLDvJ8l5Fweu7jZuuvzUuDA-4oL6w&dib_tag=se&m=A31NFQQ4065CWX&marketplaceID=A19VAU5U5O7RUS&qid=1775480229&refinements=p_36%3A18000-18500&s=merchant-items&sr=1-27&xpid=Zhy8G3InZ8NL4#customerReviews,LEGO Super Mario The Bowser Express Train Toy Playset 71437 Nintendo Character Set for Kids (1392 Pieces)
B09G14T7ZG,,186.64,https://www.amazon.sg/necomimi-Model-Lightweight-signaled-movement/dp/B09G14T7ZG/ref=sr_1_28?dib=eyJ2IjoiMSJ9.-w2HmnuC1VLaBHUdWWsZFVtZ2DzcU24lDP84n52i8NoZ0z2Y0OQDh3MpDuHg7mPD4bML3Q5Mlsp647KKEufoNjg_DYnKxgpMyr2_o9FHwSJ01VCATk1xReVABpz32SVIy9DtSGogBDjRVe_dK3e_gp1wYgiPK-JOgehU1NPgLbDscWnHKo0yaLrt9ekge9WAIgBesTYwpSMZ7C6dcoFkE_1EgrAmlcLGqrhHqXN6_GM.nbm-c1nIE5g76rfLDvJ8l5Fweu7jZuuvzUuDA-4oL6w&dib_tag=se&m=A31NFQQ4065CWX&marketplaceID=A19VAU5U5O7RUS&qid=1775480229&refinements=p_36%3A18000-18500&s=merchant-items&sr=1-28&xpid=Zhy8G3InZ8NL4#customerReviews,necomimi 2021 Model Lightweight Brain waves signaled by cat's ear movement and voice
B09Y984TDM,,193.82,https://www.amazon.sg/Snow-Peak-Titanium-Skittle-TW-116/dp/B09Y984TDM/ref=sr_1_29?dib=eyJ2IjoiMSJ9.-w2HmnuC1VLaBHUdWWsZFVtZ2DzcU24lDP84n52i8NoZ0z2Y0OQDh3MpDuHg7mPD4bML3Q5Mlsp647KKEufoNjg_DYnKxgpMyr2_o9FHwSJ01VCATk1xReVABpz32SVIy9DtSGogBDjRVe_dK3e_gp1wYgiPK-JOgehU1NPgLbDscWnHKo0yaLrt9ekge9WAIgBesTYwpSMZ7C6dcoFkE_1EgrAmlcLGqrhHqXN6_GM.nbm-c1nIE5g76rfLDvJ8l5Fweu7jZuuvzUuDA-4oL6w&dib_tag=se&m=A31NFQQ4065CWX&marketplaceID=A19VAU5U5O7RUS&qid=1775480229&refinements=p_36%3A18000-18500&s=merchant-items&sr=1-29&xpid=Zhy8G3InZ8NL4#customerReviews,Snow Peak Titanium Skittle 150 TW-116
B09Y984TDM,,,,
B00SW9BG9A,,203.78,https://www.amazon.sg/DAIWA-957748-B-B-B-636TMLRB/dp/B00SW9BG9A/ref=sr_1_30?dib=eyJ2IjoiMSJ9.-w2HmnuC1VLaBHUdWWsZFVtZ2DzcU24lDP84n52i8NoZ0z2Y0OQDh3MpDuHg7mPD4bML3Q5Mlsp647KKEufoNjg_DYnKxgpMyr2_o9FHwSJ01VCATk1xReVABpz32SVIy9DtSGogBDjRVe_dK3e_gp1wYgiPK-JOgehU1NPgLbDscWnHKo0yaLrt9ekge9WAIgBesTYwpSMZ7C6dcoFkE_1EgrAmlcLGqrhHqXN6_GM.nbm-c1nIE5g76rfLDvJ8l5Fweu7jZuuvzUuDA-4oL6w&dib_tag=se&m=A31NFQQ4065CWX&marketplaceID=A19VAU5U5O7RUS&qid=1775480229&refinements=p_36%3A18000-18500&s=merchant-items&sr=1-30&xpid=Zhy8G3InZ8NL4#customerReviews,DAIWA B.B.B 636TMLRB
B00SW9BG9A,,,,
B07HCZCVF8,,181.75,https://www.amazon.sg/Club3D-CAC-1061-DisplayPort-Cable-certified/dp/B07HCZCVF8/ref=sr_1_31?dib=eyJ2IjoiMSJ9.-w2HmnuC1VLaBHUdWWsZFVtZ2DzcU24lDP84n52i8NoZ0z2Y0OQDh3MpDuHg7mPD4bML3Q5Mlsp647KKEufoNjg_DYnKxgpMyr2_o9FHwSJ01VCATk1xReVABpz32SVIy9DtSGogBDjRVe_dK3e_gp1wYgiPK-JOgehU1NPgLbDscWnHKo0yaLrt9ekge9WAIgBesTYwpSMZ7C6dcoFkE_1EgrAmlcLGqrhHqXN6_GM.nbm-c1nIE5g76rfLDvJ8l5Fweu7jZuuvzUuDA-4oL6w&dib_tag=se&m=A31NFQQ4065CWX&marketplaceID=A19VAU5U5O7RUS&qid=1775480229&refinements=p_36%3A18000-18500&s=merchant-items&sr=1-31&xpid=Zhy8G3InZ8NL4#customerReviews,"Club3D CAC-1061 DisplayPort to DisplayPort 1.4/HBR3 Cable DP 1.4 8K 60Hz 5 Meter/16,4 Feet Black VESA certified"
B07HCZCVF8,,,,
B00YZREHXA,,190.75,https://www.amazon.sg/AKG-Audio-Professional-Dynamic-Microphone/dp/B00YZREHXA/ref=sr_1_32?dib=eyJ2IjoiMSJ9.-w2HmnuC1VLaBHUdWWsZFVtZ2DzcU24lDP84n52i8NoZ0z2Y0OQDh3MpDuHg7mPD4bML3Q5Mlsp647KKEufoNjg_DYnKxgpMyr2_o9FHwSJ01VCATk1xReVABpz32SVIy9DtSGogBDjRVe_dK3e_gp1wYgiPK-JOgehU1NPgLbDscWnHKo0yaLrt9ekge9WAIgBesTYwpSMZ7C6dcoFkE_1EgrAmlcLGqrhHqXN6_GM.nbm-c1nIE5g76rfLDvJ8l5Fweu7jZuuvzUuDA-4oL6w&dib_tag=se&m=A31NFQQ4065CWX&marketplaceID=A19VAU5U5O7RUS&qid=1775480229&refinements=p_36%3A18000-18500&s=merchant-items&sr=1-32&xpid=Zhy8G3InZ8NL4#customerReviews,AKG Pro Audio D5 C Professional Dynamic Microphone
B00YZREHXA,,,,
B0CWH3FX32,,219.25,https://www.amazon.sg/LEGO-Friends-Breakfast-Mini-Dolls-42638/dp/B0CWH3FX32/ref=sr_1_33?dib=eyJ2IjoiMSJ9.3BYhys-z_8WnZ-tx3ODGUIeIfIT07ExoNdRdmn39LQYEX_WEEO5IlbVUiu0cIEfzzxdeQIqcDZoVQSIxySVNuw.VhWvel4I3AnOdO9isji8jsEeiHWfwoVzPCeEK8HuZNk&dib_tag=se&m=A31NFQQ4065CWX&marketplaceID=A19VAU5U5O7RUS&qid=1775480235&refinements=p_36%3A18000-18500&s=merchant-items&sr=1-33&xpid=Zhy8G3InZ8NL4#customerReviews,LEGO Friends Castle Bed and Breakfast Hotel Playset for Kids with 4 Mini-Dolls 42638 (1311 Pieces)
B0B3HLRJJW,,185.0,https://www.amazon.sg/Yamazaki-Industries-Folding-Elevated-Foldable/dp/B0B3HLRJJW/ref=sr_1_34?dib=eyJ2IjoiMSJ9.3BYhys-z_8WnZ-tx3ODGUIeIfIT07ExoNdRdmn39LQYEX_WEEO5IlbVUiu0cIEfzzxdeQIqcDZoVQSIxySVNuw.VhWvel4I3AnOdO9isji8jsEeiHWfwoVzPCeEK8HuZNk&dib_tag=se&m=A31NFQQ4065CWX&marketplaceID=A19VAU5U5O7RUS&qid=1775480235&refinements=p_36%3A18000-18500&s=merchant-items&sr=1-34&xpid=Zhy8G3InZ8NL4#customerReviews,"Yamazaki Industries 5662 Folding Elevated Laundry Basket, Black, Approx. W 18.1 x D 14.0 x H 27.6 inches (46 x 35.5 x 70 cm) (when in use), Tower Laundry Bag, Foldable, Laundry Basket"
B0B3HLRJJW,,,,
B0C1B64JNG,,181.85,https://www.amazon.sg/S-H-Figuarts-Avengers-INFINITY-Pre-painted/dp/B0C1B64JNG/ref=sr_1_35?dib=eyJ2IjoiMSJ9.3BYhys-z_8WnZ-tx3ODGUIeIfIT07ExoNdRdmn39LQYEX_WEEO5IlbVUiu0cIEfzzxdeQIqcDZoVQSIxySVNuw.VhWvel4I3AnOdO9isji8jsEeiHWfwoVzPCeEK8HuZNk&dib_tag=se&m=A31NFQQ4065CWX&marketplaceID=A19VAU5U5O7RUS&qid=1775480235&refinements=p_36%3A18000-18500&s=merchant-items&sr=1-35&xpid=Zhy8G3InZ8NL4#customerReviews,"S.H. Figuarts Avengers: End Game Thanos - FIVE YEARS LATER ~ 2023 EDITION- (THE INFINITY SAGA) Approx. 7.7 inches (195 mm), PVC & ABS, Pre-painted Action Figure"
B0CCLRD77Z,,183.39,https://www.amazon.sg/Android-Fig-Dragon-Ball-Figuarts/dp/B0CCLRD77Z/ref=sr_1_36?dib=eyJ2IjoiMSJ9.3BYhys-z_8WnZ-tx3ODGUIeIfIT07ExoNdRdmn39LQYEX_WEEO5IlbVUiu0cIEfzzxdeQIqcDZoVQSIxySVNuw.VhWvel4I3AnOdO9isji8jsEeiHWfwoVzPCeEK8HuZNk&dib_tag=se&m=A31NFQQ4065CWX&marketplaceID=A19VAU5U5O7RUS&qid=1775480235&refinements=p_36%3A18000-18500&s=merchant-items&sr=1-36&xpid=Zhy8G3InZ8NL4#customerReviews,Android 19 Fig 13 cm Dragon Ball z SH Figuarts
B0D25FRW78,,200.43,https://www.amazon.sg/Nittaku-G-REVISION-NC0495-Cracket-Acoustic/dp/B0D25FRW78/ref=sr_1_37?dib=eyJ2IjoiMSJ9.3BYhys-z_8WnZ-tx3ODGUIeIfIT07ExoNdRdmn39LQYEX_WEEO5IlbVUiu0cIEfzzxdeQIqcDZoVQSIxySVNuw.VhWvel4I3AnOdO9isji8jsEeiHWfwoVzPCeEK8HuZNk&dib_tag=se&m=A31NFQQ4065CWX&marketplaceID=A19VAU5U5O7RUS&qid=1775480235&refinements=p_36%3A18000-18500&s=merchant-items&sr=1-37&xpid=Zhy8G3InZ8NL4#customerReviews,"Nittaku G-Revision Table Tennis Shake Cracket, Acoustic Carbon"
B0D25FRW78,,,,
B0CN35Q7C9,,184.07,https://www.amazon.sg/Wilson-Tennis-Shoes-Black-Ombre/dp/B0CN35Q7C9/ref=sr_1_33?dib=eyJ2IjoiMSJ9.9v0YrcFTZjgjYVZDFG5genM1M9zjdSsxUyCnpR36rz6XUw-iMkSwMGH-GfVwsiy4Fw_ipc__WL22COCp79A4wDslEIGVELWQ1A3XRud6btnxIFapeqQM50VqH_K6oCbDs_gmbB--6ESx9aWH434yMXLBxzLj7ccejk_Nm6a-1Xw.SoDadwuKuQ80rugzy5mlGIDFpZJ0ioOmQRK8o_xCboA&dib_tag=se&m=A31NFQQ4065CWX&marketplaceID=A19VAU5U5O7RUS&qid=1775480235&refinements=p_36%3A18000-18500&s=merchant-items&sr=1-33&xpid=Zhy8G3InZ8NL4#customerReviews,WILSON womens Women's Rush Pro AceSneaker
B0CN35Q7C9,,,,
B0C6M44CX3,,184.56,https://www.amazon.sg/Good-Smile-Company-Nendoroid-Figurine/dp/B0C6M44CX3/ref=sr_1_34?dib=eyJ2IjoiMSJ9.9v0YrcFTZjgjYVZDFG5genM1M9zjdSsxUyCnpR36rz6XUw-iMkSwMGH-GfVwsiy4Fw_ipc__WL22COCp79A4wDslEIGVELWQ1A3XRud6btnxIFapeqQM50VqH_K6oCbDs_gmbB--6ESx9aWH434yMXLBxzLj7ccejk_Nm6a-1Xw.SoDadwuKuQ80rugzy5mlGIDFpZJ0ioOmQRK8o_xCboA&dib_tag=se&m=A31NFQQ4065CWX&marketplaceID=A19VAU5U5O7RUS&qid=1775480235&refinements=p_36%3A18000-18500&s=merchant-items&sr=1-34&xpid=Zhy8G3InZ8NL4#customerReviews,Good Smile Company Uma Musume Pretty Derby Nendoroid Rice Shower Figurine 10cm
B0BX4QPJDH,,182.22,https://www.amazon.sg/Ichibansho-Bandai-Spirits-Hero-Academia/dp/B0BX4QPJDH/ref=sr_1_35?dib=eyJ2IjoiMSJ9.9v0YrcFTZjgjYVZDFG5genM1M9zjdSsxUyCnpR36rz6XUw-iMkSwMGH-GfVwsiy4Fw_ipc__WL22COCp79A4wDslEIGVELWQ1A3XRud6btnxIFapeqQM50VqH_K6oCbDs_gmbB--6ESx9aWH434yMXLBxzLj7ccejk_Nm6a-1Xw.SoDadwuKuQ80rugzy5mlGIDFpZJ0ioOmQRK8o_xCboA&dib_tag=se&m=A31NFQQ4065CWX&marketplaceID=A19VAU5U5O7RUS&qid=1775480235&refinements=p_36%3A18000-18500&s=merchant-items&sr=1-35&xpid=Zhy8G3InZ8NL4#customerReviews,Ichibansho Bandai Spirits My Hero Academia - Izuku Midoriya (Mate) Collectible Figure
B0BT8FSYFD,,181.19,https://www.amazon.sg/LEKI-Aluminum-Adjustable-Lightweight-Trekking/dp/B0BT8FSYFD/ref=sr_1_36?dib=eyJ2IjoiMSJ9.9v0YrcFTZjgjYVZDFG5genM1M9zjdSsxUyCnpR36rz6XUw-iMkSwMGH-GfVwsiy4Fw_ipc__WL22COCp79A4wDslEIGVELWQ1A3XRud6btnxIFapeqQM50VqH_K6oCbDs_gmbB--6ESx9aWH434yMXLBxzLj7ccejk_Nm6a-1Xw.SoDadwuKuQ80rugzy5mlGIDFpZJ0ioOmQRK8o_xCboA&dib_tag=se&m=A31NFQQ4065CWX&marketplaceID=A19VAU5U5O7RUS&qid=1775480235&refinements=p_36%3A18000-18500&s=merchant-items&sr=1-36&xpid=Zhy8G3InZ8NL4#customerReviews,LEKI Spin Shark SL Aluminum Adjustable Lightweight Trekking Poles for Hiking & Nordic Walking
B0BT8FSYFD,,,,
B0B31GV17R,,183.1,https://www.amazon.sg/Avani-Casting-SMP-PE-Braid/dp/B0B31GV17R/ref=sr_1_37?dib=eyJ2IjoiMSJ9.9v0YrcFTZjgjYVZDFG5genM1M9zjdSsxUyCnpR36rz6XUw-iMkSwMGH-GfVwsiy4Fw_ipc__WL22COCp79A4wDslEIGVELWQ1A3XRud6btnxIFapeqQM50VqH_K6oCbDs_gmbB--6ESx9aWH434yMXLBxzLj7ccejk_Nm6a-1Xw.SoDadwuKuQ80rugzy5mlGIDFpZJ0ioOmQRK8o_xCboA&dib_tag=se&m=A31NFQQ4065CWX&marketplaceID=A19VAU5U5O7RUS&qid=1775480235&refinements=p_36%3A18000-18500&s=merchant-items&sr=1-37&xpid=Zhy8G3InZ8NL4#customerReviews,Avani Casting SMP PE x8 Braid - Hiramasa Tune
B09ZCB5SS2,,191.42,https://www.amazon.sg/Veto-MB3-Large-Zippered-Diagnostic/dp/B09ZCB5SS2/ref=sr_1_38?dib=eyJ2IjoiMSJ9.9v0YrcFTZjgjYVZDFG5genM1M9zjdSsxUyCnpR36rz6XUw-iMkSwMGH-GfVwsiy4Fw_ipc__WL22COCp79A4wDslEIGVELWQ1A3XRud6btnxIFapeqQM50VqH_K6oCbDs_gmbB--6ESx9aWH434yMXLBxzLj7ccejk_Nm6a-1Xw.SoDadwuKuQ80rugzy5mlGIDFpZJ0ioOmQRK8o_xCboA&dib_tag=se&m=A31NFQQ4065CWX&marketplaceID=A19VAU5U5O7RUS&qid=1775480235&refinements=p_36%3A18000-18500&s=merchant-items&sr=1-38&xpid=Zhy8G3InZ8NL4#customerReviews,Veto Pro Pac MB3 (Large Sized Zippered Diagnostic Bag)
B09ZCB5SS2,,,,
B09R49DWXQ,,205.76,https://www.amazon.sg/DAIWA-Mobile-Pack-965TMH-Black/dp/B09R49DWXQ/ref=sr_1_39?dib=eyJ2IjoiMSJ9.9v0YrcFTZjgjYVZDFG5genM1M9zjdSsxUyCnpR36rz6XUw-iMkSwMGH-GfVwsiy4Fw_ipc__WL22COCp79A4wDslEIGVELWQ1A3XRud6btnxIFapeqQM50VqH_K6oCbDs_gmbB--6ESx9aWH434yMXLBxzLj7ccejk_Nm6a-1Xw.SoDadwuKuQ80rugzy5mlGIDFpZJ0ioOmQRK8o_xCboA&dib_tag=se&m=A31NFQQ4065CWX&marketplaceID=A19VAU5U5O7RUS&qid=1775480235&refinements=p_36%3A18000-18500&s=merchant-items&sr=1-39&xpid=Zhy8G3InZ8NL4#customerReviews,DAIWA Shaving/Telescopic/Bass/Egging/Sea Bass/Shore Jigging Rod Mobile Pack (2022 Model)
B09R49DWXQ,,,,
B09FJQ7PBL,,180.98,https://www.amazon.sg/Sailor-11-1039-920-Fountain-Light-Silver/dp/B09FJQ7PBL/ref=sr_1_40?dib=eyJ2IjoiMSJ9.9v0YrcFTZjgjYVZDFG5genM1M9zjdSsxUyCnpR36rz6XUw-iMkSwMGH-GfVwsiy4Fw_ipc__WL22COCp79A4wDslEIGVELWQ1A3XRud6btnxIFapeqQM50VqH_K6oCbDs_gmbB--6ESx9aWH434yMXLBxzLj7ccejk_Nm6a-1Xw.SoDadwuKuQ80rugzy5mlGIDFpZJ0ioOmQRK8o_xCboA&dib_tag=se&m=A31NFQQ4065CWX&marketplaceID=A19VAU5U5O7RUS&qid=1775480235&refinements=p_36%3A18000-18500&s=merchant-items&sr=1-40&xpid=Zhy8G3InZ8NL4,"Sailor 11-1039-920 Fountain Pen, Pro Fit Light, Silver Trim, Black Music"
B09FJQ7PBL,,,,
B09BFNFBV6,,181.02,https://www.amazon.sg/Shimano-Bi-Axis-Barchetta-Jigging-General/dp/B09BFNFBV6/ref=sr_1_41?dib=eyJ2IjoiMSJ9.9v0YrcFTZjgjYVZDFG5genM1M9zjdSsxUyCnpR36rz6XUw-iMkSwMGH-GfVwsiy4Fw_ipc__WL22COCp79A4wDslEIGVELWQ1A3XRud6btnxIFapeqQM50VqH_K6oCbDs_gmbB--6ESx9aWH434yMXLBxzLj7ccejk_Nm6a-1Xw.SoDadwuKuQ80rugzy5mlGIDFpZJ0ioOmQRK8o_xCboA&dib_tag=se&m=A31NFQQ4065CWX&marketplaceID=A19VAU5U5O7RUS&qid=1775480235&refinements=p_36%3A18000-18500&s=merchant-items&sr=1-41&xpid=Zhy8G3InZ8NL4#customerReviews,Shimano Bi-Axis Reel 21 Barchetta BB 300HG Metal Sutte Tylava Light Jigging General Purpose
B09BFNFBV6,,,,
B099Z9C7DP,,182.6,https://www.amazon.sg/Bandai-Bracelet-Digital-Monster-Digivice/dp/B099Z9C7DP/ref=sr_1_42?dib=eyJ2IjoiMSJ9.9v0YrcFTZjgjYVZDFG5genM1M9zjdSsxUyCnpR36rz6XUw-iMkSwMGH-GfVwsiy4Fw_ipc__WL22COCp79A4wDslEIGVELWQ1A3XRud6btnxIFapeqQM50VqH_K6oCbDs_gmbB--6ESx9aWH434yMXLBxzLj7ccejk_Nm6a-1Xw.SoDadwuKuQ80rugzy5mlGIDFpZJ0ioOmQRK8o_xCboA&dib_tag=se&m=A31NFQQ4065CWX&marketplaceID=A19VAU5U5O7RUS&qid=1775480235&refinements=p_36%3A18000-18500&s=merchant-items&sr=1-42&xpid=Zhy8G3InZ8NL4#customerReviews,Bandai Vital Bracelet Digital Monster Digivice -V-
B099Z9C7DP,,,,
B0995SB6VP,,206.91,https://www.amazon.sg/Attack-200303-Non-scale-Pre-painted-Action/dp/B0995SB6VP/ref=sr_1_43?dib=eyJ2IjoiMSJ9.9v0YrcFTZjgjYVZDFG5genM1M9zjdSsxUyCnpR36rz6XUw-iMkSwMGH-GfVwsiy4Fw_ipc__WL22COCp79A4wDslEIGVELWQ1A3XRud6btnxIFapeqQM50VqH_K6oCbDs_gmbB--6ESx9aWH434yMXLBxzLj7ccejk_Nm6a-1Xw.SoDadwuKuQ80rugzy5mlGIDFpZJ0ioOmQRK8o_xCboA&dib_tag=se&m=A31NFQQ4065CWX&marketplaceID=A19VAU5U5O7RUS&qid=1775480235&refinements=p_36%3A18000-18500&s=merchant-items&sr=1-43&xpid=Zhy8G3InZ8NL4#customerReviews,"figma Attack on Titan 200303 Elvin Smith, Non-scale, ABS & PVC, Pre-painted Action Figure, Resale"
B08SBZ7JTJ,,181.67,https://www.amazon.sg/Yamazaki-5222-Stove-Approx-inches/dp/B08SBZ7JTJ/ref=sr_1_49?dib=eyJ2IjoiMSJ9.z5l262iD6PD6QEelmcewWWKk4s84D3o-4cG4GQr_PXSzYHeDRfVoO6o1oRXnFrzD02T8FGtgrVssNf3miZzdMQ.cKKh1NtFLhfo_S2LSiZRlUGKeufJ7OIqG_yMF1QY1qY&dib_tag=se&m=A31NFQQ4065CWX&marketplaceID=A19VAU5U5O7RUS&qid=1775480240&refinements=p_36%3A18000-18500&s=merchant-items&sr=1-49&xpid=Zhy8G3InZ8NL4#customerReviews,"Yamazaki 5222 Stove Deep Gap Rack, 2 Tiers, Black, Approx. W 22.6 x D 4.3 x H 16.7 inches (57.5 x 11 x 42.5 cm), Tower with Hole for Gas Hose"
B08SBZ7JTJ,,,,
B08R7RBLJ2,,207.73,https://www.amazon.sg/Bandai-Tamashii-Nations-Figuarts-Cross-Z/dp/B08R7RBLJ2/ref=sr_1_50?dib=eyJ2IjoiMSJ9.z5l262iD6PD6QEelmcewWWKk4s84D3o-4cG4GQr_PXSzYHeDRfVoO6o1oRXnFrzD02T8FGtgrVssNf3miZzdMQ.cKKh1NtFLhfo_S2LSiZRlUGKeufJ7OIqG_yMF1QY1qY&dib_tag=se&m=A31NFQQ4065CWX&marketplaceID=A19VAU5U5O7RUS&qid=1775480240&refinements=p_36%3A18000-18500&s=merchant-items&sr=1-50&xpid=Zhy8G3InZ8NL4,Bandai Tamashii Nations S.H. Figuarts Kamen Rider Build Cross-Z Build Form Kamen Rider Build Action Figure
B086VPRMCB,,202.59,https://www.amazon.sg/Naruto-Shippuden-Relation-TamashiiNations-Figuarts/dp/B086VPRMCB/ref=sr_1_51?dib=eyJ2IjoiMSJ9.z5l262iD6PD6QEelmcewWWKk4s84D3o-4cG4GQr_PXSzYHeDRfVoO6o1oRXnFrzD02T8FGtgrVssNf3miZzdMQ.cKKh1NtFLhfo_S2LSiZRlUGKeufJ7OIqG_yMF1QY1qY&dib_tag=se&m=A31NFQQ4065CWX&marketplaceID=A19VAU5U5O7RUS&qid=1775480240&refinements=p_36%3A18000-18500&s=merchant-items&sr=1-51&xpid=Zhy8G3InZ8NL4#customerReviews,"Naruto Shippuden - Naruto Uzumaki - KIZUNA Relation, Bandai TamashiiNations Figuarts Zero"
B07Y3DZ7VQ,,182.93,https://www.amazon.sg/Bandai-RX-121-2-Gundam-Hazel-Reserve/dp/B07Y3DZ7VQ/ref=sr_1_52?dib=eyJ2IjoiMSJ9.z5l262iD6PD6QEelmcewWWKk4s84D3o-4cG4GQr_PXSzYHeDRfVoO6o1oRXnFrzD02T8FGtgrVssNf3miZzdMQ.cKKh1NtFLhfo_S2LSiZRlUGKeufJ7OIqG_yMF1QY1qY&dib_tag=se&m=A31NFQQ4065CWX&marketplaceID=A19VAU5U5O7RUS&qid=1775480240&refinements=p_36%3A18000-18500&s=merchant-items&sr=1-52&xpid=Zhy8G3InZ8NL4#customerReviews,Bandai MG 1/100 RX-121-2 Gundam TR-1 [Hazel Ⅱ] Early Type/Hazel Reserve Unit/GM Quel Model kit
B07W91HQ29,,187.56,https://www.amazon.sg/Avani-Casting-SMP-PE-Braid/dp/B07W91HQ29/ref=sr_1_53?dib=eyJ2IjoiMSJ9.z5l262iD6PD6QEelmcewWWKk4s84D3o-4cG4GQr_PXSzYHeDRfVoO6o1oRXnFrzD02T8FGtgrVssNf3miZzdMQ.cKKh1NtFLhfo_S2LSiZRlUGKeufJ7OIqG_yMF1QY1qY&dib_tag=se&m=A31NFQQ4065CWX&marketplaceID=A19VAU5U5O7RUS&qid=1775480240&refinements=p_36%3A18000-18500&s=merchant-items&sr=1-53&xpid=Zhy8G3InZ8NL4#customerReviews,Avani Casting SMP PE x8 Braid - Hiramasa Tune
B07SH712Z5,,197.44,https://www.amazon.sg/TAMASHII-NATIONS-Bandai-S-H-Figuarts-Shinkocchou/dp/B07SH712Z5/ref=sr_1_49?dib=eyJ2IjoiMSJ9.FWu4VdyRo9v6__96xQvKyYeZtQIJkko89wk5tDjtx7wHwotoKtFF8Zwa1zfChsIeSy39l_xntWfYGnxb8r0-LNvQIZG07tj00AlvKQi7QMuorGukk9UvvdOH1icvvrFlZhHMY4KhgXEX_TBMh-26Jw3Jj0hy0HdVxL909HF5g2Q.0whfaRQGo9cwB5cTYAdtkLid8PlkvV9XaakCfmivp98&dib_tag=se&m=A31NFQQ4065CWX&marketplaceID=A19VAU5U5O7RUS&qid=1775480240&refinements=p_36%3A18000-18500&s=merchant-items&sr=1-49&xpid=Zhy8G3InZ8NL4#customerReviews,TAMASHII NATIONS Bandai S.H.Figuarts (Shinkocchou Seihou) Masked Rider Kuuga Mighty Form (Decade Kuuga) Kamen Rider Decade
B07RTLCKK3,,180.14,https://www.amazon.sg/Kenko-Binocular-Compact-Watching-122105/dp/B07RTLCKK3/ref=sr_1_50?dib=eyJ2IjoiMSJ9.FWu4VdyRo9v6__96xQvKyYeZtQIJkko89wk5tDjtx7wHwotoKtFF8Zwa1zfChsIeSy39l_xntWfYGnxb8r0-LNvQIZG07tj00AlvKQi7QMuorGukk9UvvdOH1icvvrFlZhHMY4KhgXEX_TBMh-26Jw3Jj0hy0HdVxL909HF5g2Q.0whfaRQGo9cwB5cTYAdtkLid8PlkvV9XaakCfmivp98&dib_tag=se&m=A31NFQQ4065CWX&marketplaceID=A19VAU5U5O7RUS&qid=1775480240&refinements=p_36%3A18000-18500&s=merchant-items&sr=1-50&xpid=Zhy8G3InZ8NL4#customerReviews,"Kenko Binocular SG EX 8x26 OP WP, Roof Prism, Water Proof, Compact Design, for Outdoor and Bird Watching, Concert 122105"
B07RTLCKK3,,,,
B01MQ5M0ZH,,195.49,https://www.amazon.sg/RITCHEYE-LINK-27-2-BLATE17-27-2mm/dp/B01MQ5M0ZH/ref=sr_1_51?dib=eyJ2IjoiMSJ9.FWu4VdyRo9v6__96xQvKyYeZtQIJkko89wk5tDjtx7wHwotoKtFF8Zwa1zfChsIeSy39l_xntWfYGnxb8r0-LNvQIZG07tj00AlvKQi7QMuorGukk9UvvdOH1icvvrFlZhHMY4KhgXEX_TBMh-26Jw3Jj0hy0HdVxL909HF5g2Q.0whfaRQGo9cwB5cTYAdtkLid8PlkvV9XaakCfmivp98&dib_tag=se&m=A31NFQQ4065CWX&marketplaceID=A19VAU5U5O7RUS&qid=1775480240&refinements=p_36%3A18000-18500&s=merchant-items&sr=1-51&xpid=Zhy8G3InZ8NL4#customerReviews,Ritchey WCSカーボンLink Flexlogic自転車シートポスト
B01MQ5M0ZH,,,,
B00SIIYS9U,,,,Banpresto Masked Remodeling Human Vibration Belt All Two
B0C9L6GCVN,,194.82,https://www.amazon.sg/Aoshima-Macross-Monster-MC-12-Plastic/dp/B0C9L6GCVN/ref=sr_1_53?dib=eyJ2IjoiMSJ9.FWu4VdyRo9v6__96xQvKyYeZtQIJkko89wk5tDjtx7wHwotoKtFF8Zwa1zfChsIeSy39l_xntWfYGnxb8r0-LNvQIZG07tj00AlvKQi7QMuorGukk9UvvdOH1icvvrFlZhHMY4KhgXEX_TBMh-26Jw3Jj0hy0HdVxL909HF5g2Q.0whfaRQGo9cwB5cTYAdtkLid8PlkvV9XaakCfmivp98&dib_tag=se&m=A31NFQQ4065CWX&marketplaceID=A19VAU5U5O7RUS&qid=1775480240&refinements=p_36%3A18000-18500&s=merchant-items&sr=1-53&xpid=Zhy8G3InZ8NL4#customerReviews,Aoshima Bunka Kyozai VFG Macross Delta VB-6 König Monster MC-12 Plastic Model Total Height Approx. 6.1 inches (155 mm) Color Coded
B071WL1RZT,,183.77,https://www.amazon.sg/Shimano-Holiday-Breakwater-Spinning-Fishing/dp/B071WL1RZT/ref=sr_1_54?dib=eyJ2IjoiMSJ9.FWu4VdyRo9v6__96xQvKyYeZtQIJkko89wk5tDjtx7wHwotoKtFF8Zwa1zfChsIeSy39l_xntWfYGnxb8r0-LNvQIZG07tj00AlvKQi7QMuorGukk9UvvdOH1icvvrFlZhHMY4KhgXEX_TBMh-26Jw3Jj0hy0HdVxL909HF5g2Q.0whfaRQGo9cwB5cTYAdtkLid8PlkvV9XaakCfmivp98&dib_tag=se&m=A31NFQQ4065CWX&marketplaceID=A19VAU5U5O7RUS&qid=1775480240&refinements=p_36%3A18000-18500&s=merchant-items&sr=1-54&xpid=Zhy8G3InZ8NL4#customerReviews,"Shimano 17 Holiday Pack (Breakwater, Ship), Spinning/Bait, Various Choy Throws, Sabiki Fishing, Marine Fishing Ponds"
B071WL1RZT,,,,
B0CZX59D4C,,182.29,https://www.amazon.sg/%E3%82%BF%E3%82%AB%E3%83%A9%E3%83%88%E3%83%9F%E3%83%BC-TAKARA-TOMY-MP-60-Transformers/dp/B0CZX59D4C/ref=sr_1_55?dib=eyJ2IjoiMSJ9.FWu4VdyRo9v6__96xQvKyYeZtQIJkko89wk5tDjtx7wHwotoKtFF8Zwa1zfChsIeSy39l_xntWfYGnxb8r0-LNvQIZG07tj00AlvKQi7QMuorGukk9UvvdOH1icvvrFlZhHMY4KhgXEX_TBMh-26Jw3Jj0hy0HdVxL909HF5g2Q.0whfaRQGo9cwB5cTYAdtkLid8PlkvV9XaakCfmivp98&dib_tag=se&m=A31NFQQ4065CWX&marketplaceID=A19VAU5U5O7RUS&qid=1775480240&refinements=p_36%3A18000-18500&s=merchant-items&sr=1-55&xpid=Zhy8G3InZ8NL4#customerReviews,Transformers Masterpiece MP-60 Jinrai
B0DJ2DSYZY,,183.88,https://www.amazon.sg/TAMASHII-NATIONS-Yu-Gi-Oh-Magician-S-H-MonsterArts/dp/B0DJ2DSYZY/ref=sr_1_56?dib=eyJ2IjoiMSJ9.FWu4VdyRo9v6__96xQvKyYeZtQIJkko89wk5tDjtx7wHwotoKtFF8Zwa1zfChsIeSy39l_xntWfYGnxb8r0-LNvQIZG07tj00AlvKQi7QMuorGukk9UvvdOH1icvvrFlZhHMY4KhgXEX_TBMh-26Jw3Jj0hy0HdVxL909HF5g2Q.0whfaRQGo9cwB5cTYAdtkLid8PlkvV9XaakCfmivp98&dib_tag=se&m=A31NFQQ4065CWX&marketplaceID=A19VAU5U5O7RUS&qid=1775480240&refinements=p_36%3A18000-18500&s=merchant-items&sr=1-56&xpid=Zhy8G3InZ8NL4#customerReviews,"TAMASHII NATIONS - Yu-Gi-Oh! - Dark Magician, Bandai Spirits S.H.MonsterArts Action Figure"
B005WG8OH8,,212.62,https://www.amazon.sg/Eschenbach-Professional-Precision-Inspection-Extraction/dp/B005WG8OH8/ref=sr_1_57?dib=eyJ2IjoiMSJ9.FWu4VdyRo9v6__96xQvKyYeZtQIJkko89wk5tDjtx7wHwotoKtFF8Zwa1zfChsIeSy39l_xntWfYGnxb8r0-LNvQIZG07tj00AlvKQi7QMuorGukk9UvvdOH1icvvrFlZhHMY4KhgXEX_TBMh-26Jw3Jj0hy0HdVxL909HF5g2Q.0whfaRQGo9cwB5cTYAdtkLid8PlkvV9XaakCfmivp98&dib_tag=se&m=A31NFQQ4065CWX&marketplaceID=A19VAU5U5O7RUS&qid=1775480240&refinements=p_36%3A18000-18500&s=merchant-items&sr=1-57&xpid=Zhy8G3InZ8NL4#customerReviews,"Eschenbach 1186-9 Professional Precision Inspection Magnifier ""Precision Extraction Magnifier"" 3x, 6x, 9x"
B005WG8OH8,,,,
B0B5FD49G9,,184.66,https://www.amazon.sg/Keen-NEWPORT-Sandals-MONOCHROME-OLIVE/dp/B0B5FD49G9/ref=sr_1_58?dib=eyJ2IjoiMSJ9.FWu4VdyRo9v6__96xQvKyYeZtQIJkko89wk5tDjtx7wHwotoKtFF8Zwa1zfChsIeSy39l_xntWfYGnxb8r0-LNvQIZG07tj00AlvKQi7QMuorGukk9UvvdOH1icvvrFlZhHMY4KhgXEX_TBMh-26Jw3Jj0hy0HdVxL909HF5g2Q.0whfaRQGo9cwB5cTYAdtkLid8PlkvV9XaakCfmivp98&dib_tag=se&m=A31NFQQ4065CWX&marketplaceID=A19VAU5U5O7RUS&qid=1775480240&refinements=p_36%3A18000-18500&s=merchant-items&sr=1-58&xpid=Zhy8G3InZ8NL4#customerReviews,KEEN womens UNEEK-WSandals
B0B5FD49G9,,,,
B08Q2DQGTB,,200.11,https://www.amazon.sg/Wolf-Tooth-GeoShift-Performance-Headset/dp/B08Q2DQGTB/ref=sr_1_59?dib=eyJ2IjoiMSJ9.FWu4VdyRo9v6__96xQvKyYeZtQIJkko89wk5tDjtx7wHwotoKtFF8Zwa1zfChsIeSy39l_xntWfYGnxb8r0-LNvQIZG07tj00AlvKQi7QMuorGukk9UvvdOH1icvvrFlZhHMY4KhgXEX_TBMh-26Jw3Jj0hy0HdVxL909HF5g2Q.0whfaRQGo9cwB5cTYAdtkLid8PlkvV9XaakCfmivp98&dib_tag=se&m=A31NFQQ4065CWX&marketplaceID=A19VAU5U5O7RUS&qid=1775480240&refinements=p_36%3A18000-18500&s=merchant-items&sr=1-59&xpid=Zhy8G3InZ8NL4#customerReviews,"Wolf Tooth GeoShift Performance Angle Headset ZS44/28.6 Upper, EC49/40 Lower/Long 115-140 mm"
B08Q2DQGTB,,,,
B002TYZQ2C,,180.0,https://www.amazon.sg/KAKURI-Carpentry-Surface-Finishing-Machining/dp/B002TYZQ2C/ref=sr_1_65?dib=eyJ2IjoiMSJ9.RtxioWuuyJhYpihjYnISgFyou2Jjzkw5HFXiKT-YA99cnvxeM2OdkKxSppu8i4WU11xtia2VDWr_Khgaxym8_w.xP_o9HfmbiZZDe6OkxCdvR1MkCGEwBP0DTN1UCa0f4E&dib_tag=se&m=A31NFQQ4065CWX&marketplaceID=A19VAU5U5O7RUS&qid=1775480245&refinements=p_36%3A18000-18500&s=merchant-items&sr=1-65&xpid=Zhy8G3InZ8NL4#customerReviews,"KAKURI 12525 Double Blade Plane, Blade Width 2.6 inches (65 mm), Cana, Planer, Flat DIY Carpentry Tool, Wood, Surface Finishing, Machining"
B002TYZQ2C,,,,
B0BCDT8SXM,,190.96,https://www.amazon.sg/Xero-Shoes-Mens-Mesa-Trail/dp/B0BCDT8SXM/ref=sr_1_66?dib=eyJ2IjoiMSJ9.RtxioWuuyJhYpihjYnISgFyou2Jjzkw5HFXiKT-YA99cnvxeM2OdkKxSppu8i4WU11xtia2VDWr_Khgaxym8_w.xP_o9HfmbiZZDe6OkxCdvR1MkCGEwBP0DTN1UCa0f4E&dib_tag=se&m=A31NFQQ4065CWX&marketplaceID=A19VAU5U5O7RUS&qid=1775480245&refinements=p_36%3A18000-18500&s=merchant-items&sr=1-66&xpid=Zhy8G3InZ8NL4#customerReviews,Xero Shoes Lightweight Barefoot Trail Runner Mesa Trail II Barefoot Shoes Men Xero Drop Sole Wide Toe Box Minimalist
B0BCDT8SXM,,,,
B071FCS8PG,,189.52,https://www.amazon.sg/CAMPAGNOLO-Centaur-11-32-Cassette-Silver/dp/B071FCS8PG/ref=sr_1_67?dib=eyJ2IjoiMSJ9.RtxioWuuyJhYpihjYnISgFyou2Jjzkw5HFXiKT-YA99cnvxeM2OdkKxSppu8i4WU11xtia2VDWr_Khgaxym8_w.xP_o9HfmbiZZDe6OkxCdvR1MkCGEwBP0DTN1UCa0f4E&dib_tag=se&m=A31NFQQ4065CWX&marketplaceID=A19VAU5U5O7RUS&qid=1775480245&refinements=p_36%3A18000-18500&s=merchant-items&sr=1-67&xpid=Zhy8G3InZ8NL4#customerReviews,Campagnolo Centaur Cassette
B071FCS8PG,,,,
B0D5L911CF,,199.71,https://www.amazon.sg/TAMASHII-NATIONS-Thousand-Year-FiguartsZERO-Collectible/dp/B0D5L911CF/ref=sr_1_68?dib=eyJ2IjoiMSJ9.RtxioWuuyJhYpihjYnISgFyou2Jjzkw5HFXiKT-YA99cnvxeM2OdkKxSppu8i4WU11xtia2VDWr_Khgaxym8_w.xP_o9HfmbiZZDe6OkxCdvR1MkCGEwBP0DTN1UCa0f4E&dib_tag=se&m=A31NFQQ4065CWX&marketplaceID=A19VAU5U5O7RUS&qid=1775480245&refinements=p_36%3A18000-18500&s=merchant-items&sr=1-68&xpid=Zhy8G3InZ8NL4#customerReviews,"TAMASHII NATIONS - Bleach: Thousand-Year Blood War - Byakuya Kuchiki -The Blood Warfare-, Bandai Spirits FiguartsZERO Collectible Figure"
B0C2HW373Q,,191.75,https://www.amazon.sg/STRICH-Lightweight-Pedalboard-28-STANDARD/dp/B0C2HW373Q/ref=sr_1_69?dib=eyJ2IjoiMSJ9.RtxioWuuyJhYpihjYnISgFyou2Jjzkw5HFXiKT-YA99cnvxeM2OdkKxSppu8i4WU11xtia2VDWr_Khgaxym8_w.xP_o9HfmbiZZDe6OkxCdvR1MkCGEwBP0DTN1UCa0f4E&dib_tag=se&m=A31NFQQ4065CWX&marketplaceID=A19VAU5U5O7RUS&qid=1775480245&refinements=p_36%3A18000-18500&s=merchant-items&sr=1-69&xpid=Zhy8G3InZ8NL4#customerReviews,"STRICH Guitar Pedal Board Aluminum Alloy 3.24lb Lightweight Pedalboard 28'' x 13.78'' Extra Large Effect Pedals board with Carry Bag, STANDARD 28 (Angled)"
B0C2HW373Q,,,,
B082WLSJV7,,180.0,https://www.amazon.sg/M-YIP14-5-YIPPY-Accessory-Standard-Cushion/dp/B082WLSJV7/ref=sr_1_65?dib=eyJ2IjoiMSJ9.DqHxL7Eiyo8i-uvVoKniDzGyn3mhXKyq400_jqR0k2oB7_-eleOTsQ3kkxkP0Blsmvcw5QoExy25wYaSItDY12GoMimyoHRm8kkRKSivgCY5VooLFBTZmYh-sh77lAeJfjR2XSdoLwHAurGfmIiBBK-M3OXk0Xm4M-RoNOF9w_k.6J0n_56MV4nzcZXhJpsI3GhB8c_myeBx_u2jInRaPpI&dib_tag=se&m=A31NFQQ4065CWX&marketplaceID=A19VAU5U5O7RUS&qid=1775480245&refinements=p_36%3A18000-18500&s=merchant-items&sr=1-65&xpid=Zhy8G3InZ8NL4#customerReviews,"Moji M-YIP14-5 YIPPY High Chair Accessory, Standard Cushion, Plant"
B082WLSJV7,,,,
B07HRL4ZG4,,198.06,https://www.amazon.sg/Fizik-Tempo-Powerstrap-White-Cycling/dp/B07HRL4ZG4/ref=sr_1_66?dib=eyJ2IjoiMSJ9.DqHxL7Eiyo8i-uvVoKniDzGyn3mhXKyq400_jqR0k2oB7_-eleOTsQ3kkxkP0Blsmvcw5QoExy25wYaSItDY12GoMimyoHRm8kkRKSivgCY5VooLFBTZmYh-sh77lAeJfjR2XSdoLwHAurGfmIiBBK-M3OXk0Xm4M-RoNOF9w_k.6J0n_56MV4nzcZXhJpsI3GhB8c_myeBx_u2jInRaPpI&dib_tag=se&m=A31NFQQ4065CWX&marketplaceID=A19VAU5U5O7RUS&qid=1775480245&refinements=p_36%3A18000-18500&s=merchant-items&sr=1-66&xpid=Zhy8G3InZ8NL4#customerReviews,"Fizik X5 Terra Mountain Bike Shoe - Adaptive Fit, Carbon Fiber, Microtex MTB Shoe"
B0F2SPDQCM,,185.0,https://www.amazon.sg/Montbell-1114003-Summits-T-Shirt-X-Large/dp/B0F2SPDQCM/ref=sr_1_67?dib=eyJ2IjoiMSJ9.DqHxL7Eiyo8i-uvVoKniDzGyn3mhXKyq400_jqR0k2oB7_-eleOTsQ3kkxkP0Blsmvcw5QoExy25wYaSItDY12GoMimyoHRm8kkRKSivgCY5VooLFBTZmYh-sh77lAeJfjR2XSdoLwHAurGfmIiBBK-M3OXk0Xm4M-RoNOF9w_k.6J0n_56MV4nzcZXhJpsI3GhB8c_myeBx_u2jInRaPpI&dib_tag=se&m=A31NFQQ4065CWX&marketplaceID=A19VAU5U5O7RUS&qid=1775480245&refinements=p_36%3A18000-18500&s=merchant-items&sr=1-67&xpid=Zhy8G3InZ8NL4,"Montbell 1114003 50th WIC.T Summits Short Sleeve T-Shirt, Men's, Women's"
B0F2SPDQCM,,,,
B000AQZO6E,,180.98,https://www.amazon.sg/Montbell-Mesh-Gear-Container-20L/dp/B000AQZO6E/ref=sr_1_68?dib=eyJ2IjoiMSJ9.DqHxL7Eiyo8i-uvVoKniDzGyn3mhXKyq400_jqR0k2oB7_-eleOTsQ3kkxkP0Blsmvcw5QoExy25wYaSItDY12GoMimyoHRm8kkRKSivgCY5VooLFBTZmYh-sh77lAeJfjR2XSdoLwHAurGfmIiBBK-M3OXk0Xm4M-RoNOF9w_k.6J0n_56MV4nzcZXhJpsI3GhB8c_myeBx_u2jInRaPpI&dib_tag=se&m=A31NFQQ4065CWX&marketplaceID=A19VAU5U5O7RUS&qid=1775480245&refinements=p_36%3A18000-18500&s=merchant-items&sr=1-68&xpid=Zhy8G3InZ8NL4,Montbell Mesh Gear Container 20
B000AQZO6E,,,,
B0B3JDDRBZ,,183.46,https://www.amazon.sg/North-Face-Escape-Shoulder-Unisex/dp/B0B3JDDRBZ/ref=sr_1_69?dib=eyJ2IjoiMSJ9.DqHxL7Eiyo8i-uvVoKniDzGyn3mhXKyq400_jqR0k2oB7_-eleOTsQ3kkxkP0Blsmvcw5QoExy25wYaSItDY12GoMimyoHRm8kkRKSivgCY5VooLFBTZmYh-sh77lAeJfjR2XSdoLwHAurGfmIiBBK-M3OXk0Xm4M-RoNOF9w_k.6J0n_56MV4nzcZXhJpsI3GhB8c_myeBx_u2jInRaPpI&dib_tag=se&m=A31NFQQ4065CWX&marketplaceID=A19VAU5U5O7RUS&qid=1775480245&refinements=p_36%3A18000-18500&s=merchant-items&sr=1-69&xpid=Zhy8G3InZ8NL4,"The North Face Escape Shoulder Pouch, Unisex"
B0B3JDDRBZ,,,,
B000ECO7TY,,197.31,https://www.amazon.sg/Buyer-Frypan-Round-Carbone-Plus-300mm/dp/B000ECO7TY/ref=sr_1_70?dib=eyJ2IjoiMSJ9.DqHxL7Eiyo8i-uvVoKniDzGyn3mhXKyq400_jqR0k2oB7_-eleOTsQ3kkxkP0Blsmvcw5QoExy25wYaSItDY12GoMimyoHRm8kkRKSivgCY5VooLFBTZmYh-sh77lAeJfjR2XSdoLwHAurGfmIiBBK-M3OXk0Xm4M-RoNOF9w_k.6J0n_56MV4nzcZXhJpsI3GhB8c_myeBx_u2jInRaPpI&dib_tag=se&m=A31NFQQ4065CWX&marketplaceID=A19VAU5U5O7RUS&qid=1775480245&refinements=p_36%3A18000-18500&s=merchant-items&sr=1-70&xpid=Zhy8G3InZ8NL4#customerReviews,de Buyer Frypan-Round (Carbone Plus) - 300mm
B000ECO7TY,,,,
B0F66HTHB9,,183.34,https://www.amazon.sg/Emuia-Induction-Compatible-Vegetables-One-Handled/dp/B0F66HTHB9/ref=sr_1_71?dib=eyJ2IjoiMSJ9.DqHxL7Eiyo8i-uvVoKniDzGyn3mhXKyq400_jqR0k2oB7_-eleOTsQ3kkxkP0Blsmvcw5QoExy25wYaSItDY12GoMimyoHRm8kkRKSivgCY5VooLFBTZmYh-sh77lAeJfjR2XSdoLwHAurGfmIiBBK-M3OXk0Xm4M-RoNOF9w_k.6J0n_56MV4nzcZXhJpsI3GhB8c_myeBx_u2jInRaPpI&dib_tag=se&m=A31NFQQ4065CWX&marketplaceID=A19VAU5U5O7RUS&qid=1775480245&refinements=p_36%3A18000-18500&s=merchant-items&sr=1-71&xpid=Zhy8G3InZ8NL4,"Wok, Iron, Induction Compatible, Beijing Pot, Hand Forged, Round Bottom, Wooden Handle | Perfect for Fried Vegetables, Fried Rice, Dumplings, Uncoated Layer, Natural Oil Film, One-Handled Fry"
B0F66HTHB9,,,,
B0F66HSQSQ,,180.0,https://www.amazon.sg/Emuia-Induction-Compatible-Vegetables-One-Handled/dp/B0F66HSQSQ/ref=sr_1_72?dib=eyJ2IjoiMSJ9.DqHxL7Eiyo8i-uvVoKniDzGyn3mhXKyq400_jqR0k2oB7_-eleOTsQ3kkxkP0Blsmvcw5QoExy25wYaSItDY12GoMimyoHRm8kkRKSivgCY5VooLFBTZmYh-sh77lAeJfjR2XSdoLwHAurGfmIiBBK-M3OXk0Xm4M-RoNOF9w_k.6J0n_56MV4nzcZXhJpsI3GhB8c_myeBx_u2jInRaPpI&dib_tag=se&m=A31NFQQ4065CWX&marketplaceID=A19VAU5U5O7RUS&qid=1775480245&refinements=p_36%3A18000-18500&s=merchant-items&sr=1-72&xpid=Zhy8G3InZ8NL4,"Wok, Iron, Induction Compatible, Beijing Pot, Hand Forged, Round Bottom, Wooden Handle | Perfect for Fried Vegetables, Fried Rice, Dumplings, Uncoated Layer, Natural Oil Film, One-Handled Fry"
B0F66HSQSQ,,,,
B0DZCL6PRJ,,183.34,https://www.amazon.sg/Jopsavm-Ironware-Ceremony-Strainer-Traditional/dp/B0DZCL6PRJ/ref=sr_1_73?dib=eyJ2IjoiMSJ9.DqHxL7Eiyo8i-uvVoKniDzGyn3mhXKyq400_jqR0k2oB7_-eleOTsQ3kkxkP0Blsmvcw5QoExy25wYaSItDY12GoMimyoHRm8kkRKSivgCY5VooLFBTZmYh-sh77lAeJfjR2XSdoLwHAurGfmIiBBK-M3OXk0Xm4M-RoNOF9w_k.6J0n_56MV4nzcZXhJpsI3GhB8c_myeBx_u2jInRaPpI&dib_tag=se&m=A31NFQQ4065CWX&marketplaceID=A19VAU5U5O7RUS&qid=1775480245&refinements=p_36%3A18000-18500&s=merchant-items&sr=1-73&xpid=Zhy8G3InZ8NL4,"Ironware, Nambu Ironware, Grilled Iron Tea Ceremony, Teapot, Iron, 1,200 ml, Tea Set with Strainer, Can be Heated on Direct Fire, Traditional Gold Edge Pattern for Making Tea or Coffee Inside"
B0DZCL6PRJ,,,,
B0DZCG9NGN,,183.34,https://www.amazon.sg/Jopsavm-Ironware-Grilling-Tetsubin-Traditional/dp/B0DZCG9NGN/ref=sr_1_74?dib=eyJ2IjoiMSJ9.DqHxL7Eiyo8i-uvVoKniDzGyn3mhXKyq400_jqR0k2oB7_-eleOTsQ3kkxkP0Blsmvcw5QoExy25wYaSItDY12GoMimyoHRm8kkRKSivgCY5VooLFBTZmYh-sh77lAeJfjR2XSdoLwHAurGfmIiBBK-M3OXk0Xm4M-RoNOF9w_k.6J0n_56MV4nzcZXhJpsI3GhB8c_myeBx_u2jInRaPpI&dib_tag=se&m=A31NFQQ4065CWX&marketplaceID=A19VAU5U5O7RUS&qid=1775480245&refinements=p_36%3A18000-18500&s=merchant-items&sr=1-74&xpid=Zhy8G3InZ8NL4,"Ironware, Nambu Ironware, Grilling Tetsubin Tea Ceremony, Teapot, Iron, 1,200 ml, Tea Set with Strainer, Can be Heated on Direct Fire, Traditional Gold Edge Pattern for Making Tea or Coffee"
B0DZCG9NGN,,,,
B0DZCG8QRZ,,183.34,https://www.amazon.sg/Jopsavm-Ironware-Ceremony-Strainer-Traditional/dp/B0DZCG8QRZ/ref=sr_1_75?dib=eyJ2IjoiMSJ9.DqHxL7Eiyo8i-uvVoKniDzGyn3mhXKyq400_jqR0k2oB7_-eleOTsQ3kkxkP0Blsmvcw5QoExy25wYaSItDY12GoMimyoHRm8kkRKSivgCY5VooLFBTZmYh-sh77lAeJfjR2XSdoLwHAurGfmIiBBK-M3OXk0Xm4M-RoNOF9w_k.6J0n_56MV4nzcZXhJpsI3GhB8c_myeBx_u2jInRaPpI&dib_tag=se&m=A31NFQQ4065CWX&marketplaceID=A19VAU5U5O7RUS&qid=1775480245&refinements=p_36%3A18000-18500&s=merchant-items&sr=1-75&xpid=Zhy8G3InZ8NL4,"Ironware, Nambu Ironware, Grilled Iron Tea Ceremony, Teapot, Iron, 1,200 ml, Tea Set with Strainer, Can be Heated on Direct Fire, Traditional Gold Edge Pattern for Making Tea or Coffee Inside"
B0DZCG8QRZ,,,,
B0DXL3XBM2,,181.67,https://www.amazon.sg/Gtzbciv-Spiller-Ceremony-Capacity-Stylish/dp/B0DXL3XBM2/ref=sr_1_81?dib=eyJ2IjoiMSJ9.pcOwZQZmbrqBXW1GqOj1MJxxAuueimDIGbyjHZEAqTGNcc1HH3QHVHBw0knB3cml-b3YszaotZfRZabretYUeA.14VIozBo1uEYKVSoNg3kCYs7mZMiPKMHXABsfqT6Gls&dib_tag=se&m=A31NFQQ4065CWX&marketplaceID=A19VAU5U5O7RUS&qid=1775480250&refinements=p_36%3A18000-18500&s=merchant-items&sr=1-81&xpid=Zhy8G3InZ8NL4,"Tea Spiller, Tea Hull, Tea Ceremony, Large Capacity, Simple, For Home Use, Stylish, Storage Case, Tea Leaves, Green Tea, Tea Ceremony, Crafts, Present (Zen Urn - Yellow, Large 590 ml)"
B0DXL3XBM2,,,,
B0DXL2HBDC,,181.67,https://www.amazon.sg/Gtzbciv-Spiller-Ceremony-Capacity-Stylish/dp/B0DXL2HBDC/ref=sr_1_82?dib=eyJ2IjoiMSJ9.pcOwZQZmbrqBXW1GqOj1MJxxAuueimDIGbyjHZEAqTGNcc1HH3QHVHBw0knB3cml-b3YszaotZfRZabretYUeA.14VIozBo1uEYKVSoNg3kCYs7mZMiPKMHXABsfqT6Gls&dib_tag=se&m=A31NFQQ4065CWX&marketplaceID=A19VAU5U5O7RUS&qid=1775480250&refinements=p_36%3A18000-18500&s=merchant-items&sr=1-82&xpid=Zhy8G3InZ8NL4,"Tea Spiller, Tea Hull, Tea Ceremony, Large Capacity, Simple, For Home Use, Stylish, Storage Case, Tea Leaves, Green Tea, Tea Ceremony, Crafts, Present (Zen Urn - Coffee, Large 59.1 fl oz"
B0DXL2HBDC,,,,
B0DPFK3K5X,,180.48,https://www.amazon.sg/T-SPARK-Transformers-Mandalorian-Starfighter-Action/dp/B0DPFK3K5X/ref=sr_1_83?dib=eyJ2IjoiMSJ9.pcOwZQZmbrqBXW1GqOj1MJxxAuueimDIGbyjHZEAqTGNcc1HH3QHVHBw0knB3cml-b3YszaotZfRZabretYUeA.14VIozBo1uEYKVSoNg3kCYs7mZMiPKMHXABsfqT6Gls&dib_tag=se&m=A31NFQQ4065CWX&marketplaceID=A19VAU5U5O7RUS&qid=1775480250&refinements=p_36%3A18000-18500&s=merchant-items&sr=1-83&xpid=Zhy8G3InZ8NL4#customerReviews,T-SPARK Transformers Star Wars Mandalorian/N-1 Starfighter Action Figure
B0DKXPGGKW,,183.34,https://www.amazon.sg/TAKEY-Insulated-Capacity-Stainless-Tableware/dp/B0DKXPGGKW/ref=sr_1_84?dib=eyJ2IjoiMSJ9.pcOwZQZmbrqBXW1GqOj1MJxxAuueimDIGbyjHZEAqTGNcc1HH3QHVHBw0knB3cml-b3YszaotZfRZabretYUeA.14VIozBo1uEYKVSoNg3kCYs7mZMiPKMHXABsfqT6Gls&dib_tag=se&m=A31NFQQ4065CWX&marketplaceID=A19VAU5U5O7RUS&qid=1775480250&refinements=p_36%3A18000-18500&s=merchant-items&sr=1-84&xpid=Zhy8G3InZ8NL4,"TAKEY Insulated Bento Box Set, Thermos, Lunch Jar, Large Capacity, 2 Tiers, 3 Tiers, 4 Tiers, Stainless Steel Thermal Lunch Jar, Portable Lunch Box, Includes Tableware and Storage Bag, Lunch Box, Food"
B0DKXPGGKW,,,,
B0DFY8Z8PD,,192.58,https://www.amazon.sg/Good-Smile-Company-Playroom-Nendoroid/dp/B0DFY8Z8PD/ref=sr_1_85?dib=eyJ2IjoiMSJ9.pcOwZQZmbrqBXW1GqOj1MJxxAuueimDIGbyjHZEAqTGNcc1HH3QHVHBw0knB3cml-b3YszaotZfRZabretYUeA.14VIozBo1uEYKVSoNg3kCYs7mZMiPKMHXABsfqT6Gls&dib_tag=se&m=A31NFQQ4065CWX&marketplaceID=A19VAU5U5O7RUS&qid=1775480250&refinements=p_36%3A18000-18500&s=merchant-items&sr=1-85&xpid=Zhy8G3InZ8NL4#customerReviews,Good Smile Company Astro Figure 10 cm Astro's Playroom Nendoroid Re-Run
B0DFB7NQ7G,,181.67,https://www.amazon.sg/Montbell-1108743-Trekking-Activities-Protection/dp/B0DFB7NQ7G/ref=sr_1_81?dib=eyJ2IjoiMSJ9.c94aV2rJ29E2DhSgWfHQWiBaS0r9tfdLejjFVNcAf5kF5-nchUOj9CIDA2NLuleHPX1ygFf0pb8GbIQk8DUs_HIXCIimx_e0b_oXBfajoWkbj61rMb89sKz2P8MZwK97Bmc0uQtnYq7tBnVe4eQlMGVQgmiRjObjNtBlib-s3jE.EvWemKWNSgbQGrIKUXr4XKGLlYfN2zrFX0nmWbD99lE&dib_tag=se&m=A31NFQQ4065CWX&marketplaceID=A19VAU5U5O7RUS&qid=1775480250&refinements=p_36%3A18000-18500&s=merchant-items&sr=1-81&xpid=Zhy8G3InZ8NL4,"Montbell 1108743 Wide Brim Hat, Men's, Women's, Hat, Outdoor, Trekking, Activities, Nylon, Brim Length 3.1 inches (8 cm), UV Protection, Sun Protection"
B0D6G8BYY7,,189.52,https://www.amazon.sg/Sugino-CY4-SHC-Cycloid-Chain-Super/dp/B0D6G8BYY7/ref=sr_1_82?dib=eyJ2IjoiMSJ9.c94aV2rJ29E2DhSgWfHQWiBaS0r9tfdLejjFVNcAf5kF5-nchUOj9CIDA2NLuleHPX1ygFf0pb8GbIQk8DUs_HIXCIimx_e0b_oXBfajoWkbj61rMb89sKz2P8MZwK97Bmc0uQtnYq7tBnVe4eQlMGVQgmiRjObjNtBlib-s3jE.EvWemKWNSgbQGrIKUXr4XKGLlYfN2zrFX0nmWbD99lE&dib_tag=se&m=A31NFQQ4065CWX&marketplaceID=A19VAU5U5O7RUS&qid=1775480250&refinements=p_36%3A18000-18500&s=merchant-items&sr=1-82&xpid=Zhy8G3InZ8NL4,Sugino CY4-SHC 12S BLK 36T Cycloid Chain Ring Super Hill Climb
B0D6G8BYY7,,,,
B0D48MVXB2,,184.14,https://www.amazon.sg/Kotobukiya-Shinomiya-Kikoru-Painted-Complete/dp/B0D48MVXB2/ref=sr_1_83?dib=eyJ2IjoiMSJ9.c94aV2rJ29E2DhSgWfHQWiBaS0r9tfdLejjFVNcAf5kF5-nchUOj9CIDA2NLuleHPX1ygFf0pb8GbIQk8DUs_HIXCIimx_e0b_oXBfajoWkbj61rMb89sKz2P8MZwK97Bmc0uQtnYq7tBnVe4eQlMGVQgmiRjObjNtBlib-s3jE.EvWemKWNSgbQGrIKUXr4XKGLlYfN2zrFX0nmWbD99lE&dib_tag=se&m=A31NFQQ4065CWX&marketplaceID=A19VAU5U5O7RUS&qid=1775480250&refinements=p_36%3A18000-18500&s=merchant-items&sr=1-83&xpid=Zhy8G3InZ8NL4,Kotobukiya Kaiju No. 8 ARTFX J Shinomiya Kikoru 1/8 Scale PVC Painted Complete Figure
B0CYLY2YBF,,184.58,https://www.amazon.sg/Target-Darts-Nathan-Aspinall-Tungsten/dp/B0CYLY2YBF/ref=sr_1_84?dib=eyJ2IjoiMSJ9.c94aV2rJ29E2DhSgWfHQWiBaS0r9tfdLejjFVNcAf5kF5-nchUOj9CIDA2NLuleHPX1ygFf0pb8GbIQk8DUs_HIXCIimx_e0b_oXBfajoWkbj61rMb89sKz2P8MZwK97Bmc0uQtnYq7tBnVe4eQlMGVQgmiRjObjNtBlib-s3jE.EvWemKWNSgbQGrIKUXr4XKGLlYfN2zrFX0nmWbD99lE&dib_tag=se&m=A31NFQQ4065CWX&marketplaceID=A19VAU5U5O7RUS&qid=1775480250&refinements=p_36%3A18000-18500&s=merchant-items&sr=1-84&xpid=Zhy8G3InZ8NL4#customerReviews,"Target Darts Nathan Aspinall x Echo 90% Tungsten Soft Tip Dart Set – 18G Player Edition Darts, Pixel Tip Dart with Pro Grip Shafts & Pro Ultra No.2 Flights"
B0CYLY2YBF,,,,
B0CTMG7CBD,,181.67,https://www.amazon.sg/Yamazaki-1745-Cleaner-Organizer-Cleaning/dp/B0CTMG7CBD/ref=sr_1_85?dib=eyJ2IjoiMSJ9.c94aV2rJ29E2DhSgWfHQWiBaS0r9tfdLejjFVNcAf5kF5-nchUOj9CIDA2NLuleHPX1ygFf0pb8GbIQk8DUs_HIXCIimx_e0b_oXBfajoWkbj61rMb89sKz2P8MZwK97Bmc0uQtnYq7tBnVe4eQlMGVQgmiRjObjNtBlib-s3jE.EvWemKWNSgbQGrIKUXr4XKGLlYfN2zrFX0nmWbD99lE&dib_tag=se&m=A31NFQQ4065CWX&marketplaceID=A19VAU5U5O7RUS&qid=1775480250&refinements=p_36%3A18000-18500&s=merchant-items&sr=1-85&xpid=Zhy8G3InZ8NL4#customerReviews,"Yamazaki 1745 Cleaner Tool Organizer, Brown, Approx. W 7.9 x D 5.0 x H 11.0 inches (20 x 12.7 x 28 cm), Rin Rin Rin, Cleaning, Great Storage"
B0CTMG7CBD,,,,
B0CRP378H7,,182.41,https://www.amazon.sg/BJGB74440-Baseball-Glove-All-round-Pastel/dp/B0CRP378H7/ref=sr_1_86?dib=eyJ2IjoiMSJ9.c94aV2rJ29E2DhSgWfHQWiBaS0r9tfdLejjFVNcAf5kF5-nchUOj9CIDA2NLuleHPX1ygFf0pb8GbIQk8DUs_HIXCIimx_e0b_oXBfajoWkbj61rMb89sKz2P8MZwK97Bmc0uQtnYq7tBnVe4eQlMGVQgmiRjObjNtBlib-s3jE.EvWemKWNSgbQGrIKUXr4XKGLlYfN2zrFX0nmWbD99lE&dib_tag=se&m=A31NFQQ4065CWX&marketplaceID=A19VAU5U5O7RUS&qid=1775480250&refinements=p_36%3A18000-18500&s=merchant-items&sr=1-86&xpid=Zhy8G3InZ8NL4,ZETT BJGB74440 Boys Baseball Soft Glove Soft Steer All-round Left Throw Pastel Brown (3200) Size: L
B0CRP378H7,,,,
B0CRP2J82Y,,182.82,https://www.amazon.sg/BAT34484-Baseball-Metallic-Duralumin-Average/dp/B0CRP2J82Y/ref=sr_1_87?dib=eyJ2IjoiMSJ9.c94aV2rJ29E2DhSgWfHQWiBaS0r9tfdLejjFVNcAf5kF5-nchUOj9CIDA2NLuleHPX1ygFf0pb8GbIQk8DUs_HIXCIimx_e0b_oXBfajoWkbj61rMb89sKz2P8MZwK97Bmc0uQtnYq7tBnVe4eQlMGVQgmiRjObjNtBlib-s3jE.EvWemKWNSgbQGrIKUXr4XKGLlYfN2zrFX0nmWbD99lE&dib_tag=se&m=A31NFQQ4065CWX&marketplaceID=A19VAU5U5O7RUS&qid=1775480250&refinements=p_36%3A18000-18500&s=merchant-items&sr=1-87&xpid=Zhy8G3InZ8NL4#customerReviews,"ZETT BAT34484 Gouda GM Soft Baseball Bat, Metallic (Ultra Duralumin) 33.1 inches (84 cm), 23.6 oz (670 g), Average Gold (8200)"
B0CRP2J82Y,,,,
B0CPSRG3VP,,182.13,https://www.amazon.sg/Wolf-Tooth-Direct-Chainring-8-Bolt/dp/B0CPSRG3VP/ref=sr_1_88?dib=eyJ2IjoiMSJ9.c94aV2rJ29E2DhSgWfHQWiBaS0r9tfdLejjFVNcAf5kF5-nchUOj9CIDA2NLuleHPX1ygFf0pb8GbIQk8DUs_HIXCIimx_e0b_oXBfajoWkbj61rMb89sKz2P8MZwK97Bmc0uQtnYq7tBnVe4eQlMGVQgmiRjObjNtBlib-s3jE.EvWemKWNSgbQGrIKUXr4XKGLlYfN2zrFX0nmWbD99lE&dib_tag=se&m=A31NFQQ4065CWX&marketplaceID=A19VAU5U5O7RUS&qid=1775480250&refinements=p_36%3A18000-18500&s=merchant-items&sr=1-88&xpid=Zhy8G3InZ8NL4,Wolf Tooth Direct Mount Chainring for SRAM 8-Bolt 32T 0mm Offset
B0CPSRG3VP,,,,
B0CHDSHJ4B,,196.05,https://www.amazon.sg/Shadow-Umamaid-Midori-chan-Painted-Finished/dp/B0CHDSHJ4B/ref=sr_1_89?dib=eyJ2IjoiMSJ9.c94aV2rJ29E2DhSgWfHQWiBaS0r9tfdLejjFVNcAf5kF5-nchUOj9CIDA2NLuleHPX1ygFf0pb8GbIQk8DUs_HIXCIimx_e0b_oXBfajoWkbj61rMb89sKz2P8MZwK97Bmc0uQtnYq7tBnVe4eQlMGVQgmiRjObjNtBlib-s3jE.EvWemKWNSgbQGrIKUXr4XKGLlYfN2zrFX0nmWbD99lE&dib_tag=se&m=A31NFQQ4065CWX&marketplaceID=A19VAU5U5O7RUS&qid=1775480250&refinements=p_36%3A18000-18500&s=merchant-items&sr=1-89&xpid=Zhy8G3InZ8NL4,"MAGI ARTS x Shadow Hoshi Umamaid, Midori-chan, 1/7 Scale, PVC & ABS, Painted Finished Figure"
B0CDPMTWLM,,183.2,https://www.amazon.sg/Good-Smile-Company-Danganronpa-Reload/dp/B0CDPMTWLM/ref=sr_1_90?dib=eyJ2IjoiMSJ9.c94aV2rJ29E2DhSgWfHQWiBaS0r9tfdLejjFVNcAf5kF5-nchUOj9CIDA2NLuleHPX1ygFf0pb8GbIQk8DUs_HIXCIimx_e0b_oXBfajoWkbj61rMb89sKz2P8MZwK97Bmc0uQtnYq7tBnVe4eQlMGVQgmiRjObjNtBlib-s3jE.EvWemKWNSgbQGrIKUXr4XKGLlYfN2zrFX0nmWbD99lE&dib_tag=se&m=A31NFQQ4065CWX&marketplaceID=A19VAU5U5O7RUS&qid=1775480250&refinements=p_36%3A18000-18500&s=merchant-items&sr=1-90&xpid=Zhy8G3InZ8NL4#customerReviews,Good Smile Company Danganronpa 1•2 Reload: Chiaki Nanami Nendoroid Action Figure
B0CBNX75Y4,,183.34,https://www.amazon.sg/KAISIN-Boxing-Storage-Kickboxer-Supervision/dp/B0CBNX75Y4/ref=sr_1_91?dib=eyJ2IjoiMSJ9.c94aV2rJ29E2DhSgWfHQWiBaS0r9tfdLejjFVNcAf5kF5-nchUOj9CIDA2NLuleHPX1ygFf0pb8GbIQk8DUs_HIXCIimx_e0b_oXBfajoWkbj61rMb89sKz2P8MZwK97Bmc0uQtnYq7tBnVe4eQlMGVQgmiRjObjNtBlib-s3jE.EvWemKWNSgbQGrIKUXr4XKGLlYfN2zrFX0nmWbD99lE&dib_tag=se&m=A31NFQQ4065CWX&marketplaceID=A19VAU5U5O7RUS&qid=1775480250&refinements=p_36%3A18000-18500&s=merchant-items&sr=1-91&xpid=Zhy8G3InZ8NL4#customerReviews,KAISIN Boxing Gloves Mitt Set with Storage Bag (Supervised by Active Kickboxers)
B0CBNX75Y4,,,,
B0CDPMTWLM,,183.2,https://www.amazon.sg/Good-Smile-Company-Danganronpa-Reload/dp/B0CDPMTWLM/ref=sr_1_97?dib=eyJ2IjoiMSJ9.8oZL0jkXbrL07ok1F2vz1izjRnl69wocmAr6fcHQdlHxkzat9oxz22rptVrP4fx9EkuD0rT8qGZrMwZZ5GmBlg.2NehtVtGe23PtYmajajPldQydtKMLyUMtTzQtg9ER0E&dib_tag=se&m=A31NFQQ4065CWX&marketplaceID=A19VAU5U5O7RUS&qid=1775480255&refinements=p_36%3A18000-18500&s=merchant-items&sr=1-97&xpid=Zhy8G3InZ8NL4#customerReviews,Good Smile Company Danganronpa 1•2 Reload: Chiaki Nanami Nendoroid Action Figure
B0CBNX75Y4,,183.34,https://www.amazon.sg/KAISIN-Boxing-Storage-Kickboxer-Supervision/dp/B0CBNX75Y4/ref=sr_1_98?dib=eyJ2IjoiMSJ9.8oZL0jkXbrL07ok1F2vz1izjRnl69wocmAr6fcHQdlHxkzat9oxz22rptVrP4fx9EkuD0rT8qGZrMwZZ5GmBlg.2NehtVtGe23PtYmajajPldQydtKMLyUMtTzQtg9ER0E&dib_tag=se&m=A31NFQQ4065CWX&marketplaceID=A19VAU5U5O7RUS&qid=1775480255&refinements=p_36%3A18000-18500&s=merchant-items&sr=1-98&xpid=Zhy8G3InZ8NL4#customerReviews,KAISIN Boxing Gloves Mitt Set with Storage Bag (Supervised by Active Kickboxers)
B0CBNX75Y4,,,,
B0C739B1ZH,,184.43,https://www.amazon.sg/YASAKA-YR233-Tennis-Racket-Resonate/dp/B0C739B1ZH/ref=sr_1_99?dib=eyJ2IjoiMSJ9.8oZL0jkXbrL07ok1F2vz1izjRnl69wocmAr6fcHQdlHxkzat9oxz22rptVrP4fx9EkuD0rT8qGZrMwZZ5GmBlg.2NehtVtGe23PtYmajajPldQydtKMLyUMtTzQtg9ER0E&dib_tag=se&m=A31NFQQ4065CWX&marketplaceID=A19VAU5U5O7RUS&qid=1775480255&refinements=p_36%3A18000-18500&s=merchant-items&sr=1-99&xpid=Zhy8G3InZ8NL4#customerReviews,YASAKA YR233 Table Tennis Racket Shake Hand Racket for Attack Resonate GO Flare (FLA)
B0C739B1ZH,,,,
B0C6M6GHYZ,,184.21,https://www.amazon.sg/Callaway-CB-WEDGE-Bounce-N-S-PRO/dp/B0C6M6GHYZ/ref=sr_1_100?dib=eyJ2IjoiMSJ9.8oZL0jkXbrL07ok1F2vz1izjRnl69wocmAr6fcHQdlHxkzat9oxz22rptVrP4fx9EkuD0rT8qGZrMwZZ5GmBlg.2NehtVtGe23PtYmajajPldQydtKMLyUMtTzQtg9ER0E&dib_tag=se&m=A31NFQQ4065CWX&marketplaceID=A19VAU5U5O7RUS&qid=1775480255&refinements=p_36%3A18000-18500&s=merchant-items&sr=1-100&xpid=Zhy8G3InZ8NL4#customerReviews,Callaway CB WEDGE 23 Right Wedge ([Loft] 50° [Bounce Angle] 12° N.S.PRO 950GH neo S [Length] 35.5 inch D2) Chrome Plated Men's
B0C6M6GHYZ,,,,
B0C695YW1J,,183.47,https://www.amazon.sg/Orange-Rouge-IDOLiSH7-Nendoroid-Action/dp/B0C695YW1J/ref=sr_1_101?dib=eyJ2IjoiMSJ9.8oZL0jkXbrL07ok1F2vz1izjRnl69wocmAr6fcHQdlHxkzat9oxz22rptVrP4fx9EkuD0rT8qGZrMwZZ5GmBlg.2NehtVtGe23PtYmajajPldQydtKMLyUMtTzQtg9ER0E&dib_tag=se&m=A31NFQQ4065CWX&marketplaceID=A19VAU5U5O7RUS&qid=1775480255&refinements=p_36%3A18000-18500&s=merchant-items&sr=1-101&xpid=Zhy8G3InZ8NL4#customerReviews,Orange Rouge IDOLiSH7: Iori Izumi Nendoroid Action Figure
B0C3LTSPGL,,181.96,https://www.amazon.sg/BANDAI-Spirits-ZGMF-X10A-Freedom-Action/dp/B0C3LTSPGL/ref=sr_1_97?dib=eyJ2IjoiMSJ9.pR8-rZDb1ZncgDGCSluwev6SQQgZXCknn9hJVbhR_uM483Daj8Ttj6GkeH5CF75KVcKlGh6Q9lGYRk5L_eYFw5aU_5VVD__YW76m_KivcF6ZXArA7fZfTAUCX30gfWMQ3nfYFnEQAPdXdiWOCj_vb5cS4_YNP1JAkb_AYfdOPJQ.43I4S-X2Holac1DoVk9Jd1Pm5uUt3xYWtiovQy11NIo&dib_tag=se&m=A31NFQQ4065CWX&marketplaceID=A19VAU5U5O7RUS&qid=1775480255&refinements=p_36%3A18000-18500&s=merchant-items&sr=1-97&xpid=Zhy8G3InZ8NL4#customerReviews,BANDAI Robot Spirits ZGMF-X10A Freedom Ver. GCP Action Figure
B0C335DGF4,,180.75,https://www.amazon.sg/Acoustune-RS-ONE-Sumire-Performance/dp/B0C335DGF4/ref=sr_1_98?dib=eyJ2IjoiMSJ9.pR8-rZDb1ZncgDGCSluwev6SQQgZXCknn9hJVbhR_uM483Daj8Ttj6GkeH5CF75KVcKlGh6Q9lGYRk5L_eYFw5aU_5VVD__YW76m_KivcF6ZXArA7fZfTAUCX30gfWMQ3nfYFnEQAPdXdiWOCj_vb5cS4_YNP1JAkb_AYfdOPJQ.43I4S-X2Holac1DoVk9Jd1Pm5uUt3xYWtiovQy11NIo&dib_tag=se&m=A31NFQQ4065CWX&marketplaceID=A19VAU5U5O7RUS&qid=1775480255&refinements=p_36%3A18000-18500&s=merchant-items&sr=1-98&xpid=Zhy8G3InZ8NL4#customerReviews,"Acoustune RS ONE Sumire High Input Performance Monitor Earbuds With Milinx EL Driver, High Sound Isolation, for Stage, PA, Recording, Mixing"
B0C335DGF4,,,,
B0BZV1XJ1R,,191.73,https://www.amazon.sg/Richey-WCS-CHICANE-Stem-80D/dp/B0BZV1XJ1R/ref=sr_1_99?dib=eyJ2IjoiMSJ9.pR8-rZDb1ZncgDGCSluwev6SQQgZXCknn9hJVbhR_uM483Daj8Ttj6GkeH5CF75KVcKlGh6Q9lGYRk5L_eYFw5aU_5VVD__YW76m_KivcF6ZXArA7fZfTAUCX30gfWMQ3nfYFnEQAPdXdiWOCj_vb5cS4_YNP1JAkb_AYfdOPJQ.43I4S-X2Holac1DoVk9Jd1Pm5uUt3xYWtiovQy11NIo&dib_tag=se&m=A31NFQQ4065CWX&marketplaceID=A19VAU5U5O7RUS&qid=1775480255&refinements=p_36%3A18000-18500&s=merchant-items&sr=1-99&xpid=Zhy8G3InZ8NL4,Richey WCS CHICANE Stem 80D 120
B0BZV1XJ1R,,,,
B0BXCM992J,,182.27,https://www.amazon.sg/Takara-Tomy-Transformers-SS-109-Scarge/dp/B0BXCM992J/ref=sr_1_100?dib=eyJ2IjoiMSJ9.pR8-rZDb1ZncgDGCSluwev6SQQgZXCknn9hJVbhR_uM483Daj8Ttj6GkeH5CF75KVcKlGh6Q9lGYRk5L_eYFw5aU_5VVD__YW76m_KivcF6ZXArA7fZfTAUCX30gfWMQ3nfYFnEQAPdXdiWOCj_vb5cS4_YNP1JAkb_AYfdOPJQ.43I4S-X2Holac1DoVk9Jd1Pm5uUt3xYWtiovQy11NIo&dib_tag=se&m=A31NFQQ4065CWX&marketplaceID=A19VAU5U5O7RUS&qid=1775480255&refinements=p_36%3A18000-18500&s=merchant-items&sr=1-100&xpid=Zhy8G3InZ8NL4#customerReviews,Takara Tomy Transformers SS-109 Scarge
B0BX3TJHY3,,180.87,https://www.amazon.sg/Daiwa-Works-Carbon-Crank-Handle/dp/B0BX3TJHY3/ref=sr_1_101?dib=eyJ2IjoiMSJ9.pR8-rZDb1ZncgDGCSluwev6SQQgZXCknn9hJVbhR_uM483Daj8Ttj6GkeH5CF75KVcKlGh6Q9lGYRk5L_eYFw5aU_5VVD__YW76m_KivcF6ZXArA7fZfTAUCX30gfWMQ3nfYFnEQAPdXdiWOCj_vb5cS4_YNP1JAkb_AYfdOPJQ.43I4S-X2Holac1DoVk9Jd1Pm5uUt3xYWtiovQy11NIo&dib_tag=se&m=A31NFQQ4065CWX&marketplaceID=A19VAU5U5O7RUS&qid=1775480255&refinements=p_36%3A18000-18500&s=merchant-items&sr=1-101&xpid=Zhy8G3InZ8NL4#customerReviews,Daiwa Slp Works 23 RCSB Carbon Crank Handle 85mm
B0BX3TJHY3,,,,
B0BWXH63MZ,,201.87,https://www.amazon.sg/PLUMPMOA-Idolmaster-Cinderella-Pre-painted-Complete/dp/B0BWXH63MZ/ref=sr_1_102?dib=eyJ2IjoiMSJ9.pR8-rZDb1ZncgDGCSluwev6SQQgZXCknn9hJVbhR_uM483Daj8Ttj6GkeH5CF75KVcKlGh6Q9lGYRk5L_eYFw5aU_5VVD__YW76m_KivcF6ZXArA7fZfTAUCX30gfWMQ3nfYFnEQAPdXdiWOCj_vb5cS4_YNP1JAkb_AYfdOPJQ.43I4S-X2Holac1DoVk9Jd1Pm5uUt3xYWtiovQy11NIo&dib_tag=se&m=A31NFQQ4065CWX&marketplaceID=A19VAU5U5O7RUS&qid=1775480255&refinements=p_36%3A18000-18500&s=merchant-items&sr=1-102&xpid=Zhy8G3InZ8NL4#customerReviews,PLUMPMOA Idolmaster Cinderella Girls Miria Akagi [Maid Oriko] 1/7 Scale PVC Pre-painted Complete Figure Resale
B0BWMBS1VF,,191.58,https://www.amazon.sg/Namco-Bandai-SPIRITS-RX-78NT-1-N-I-M/dp/B0BWMBS1VF/ref=sr_1_103?dib=eyJ2IjoiMSJ9.pR8-rZDb1ZncgDGCSluwev6SQQgZXCknn9hJVbhR_uM483Daj8Ttj6GkeH5CF75KVcKlGh6Q9lGYRk5L_eYFw5aU_5VVD__YW76m_KivcF6ZXArA7fZfTAUCX30gfWMQ3nfYFnEQAPdXdiWOCj_vb5cS4_YNP1JAkb_AYfdOPJQ.43I4S-X2Holac1DoVk9Jd1Pm5uUt3xYWtiovQy11NIo&dib_tag=se&m=A31NFQQ4065CWX&marketplaceID=A19VAU5U5O7RUS&qid=1775480255&refinements=p_36%3A18000-18500&s=merchant-items&sr=1-103&xpid=Zhy8G3InZ8NL4#customerReviews,Namco Bandai ROBOT SPIRITS SIDE MS RX-78NT-1 Gundam NT-1 Proto ver. A.N.I.M.E.
B0BWGXC1CS,,191.77,https://www.amazon.sg/Machine-KTC-Neplos-Ratchet-NBR390AL/dp/B0BWGXC1CS/ref=sr_1_104?dib=eyJ2IjoiMSJ9.pR8-rZDb1ZncgDGCSluwev6SQQgZXCknn9hJVbhR_uM483Daj8Ttj6GkeH5CF75KVcKlGh6Q9lGYRk5L_eYFw5aU_5VVD__YW76m_KivcF6ZXArA7fZfTAUCX30gfWMQ3nfYFnEQAPdXdiWOCj_vb5cS4_YNP1JAkb_AYfdOPJQ.43I4S-X2Holac1DoVk9Jd1Pm5uUt3xYWtiovQy11NIo&dib_tag=se&m=A31NFQQ4065CWX&marketplaceID=A19VAU5U5O7RUS&qid=1775480255&refinements=p_36%3A18000-18500&s=merchant-items&sr=1-104&xpid=Zhy8G3InZ8NL4#customerReviews,Kyoto Machine Tools (KTC) Neplos 9.5sq. Long Ratchet Handle NBR390AL
B0BWGXC1CS,,,,
B0BTD3T4JK,,180.94,https://www.amazon.sg/Good-Smile-Black-Lagoon-Nendoroid/dp/B0BTD3T4JK/ref=sr_1_105?dib=eyJ2IjoiMSJ9.pR8-rZDb1ZncgDGCSluwev6SQQgZXCknn9hJVbhR_uM483Daj8Ttj6GkeH5CF75KVcKlGh6Q9lGYRk5L_eYFw5aU_5VVD__YW76m_KivcF6ZXArA7fZfTAUCX30gfWMQ3nfYFnEQAPdXdiWOCj_vb5cS4_YNP1JAkb_AYfdOPJQ.43I4S-X2Holac1DoVk9Jd1Pm5uUt3xYWtiovQy11NIo&dib_tag=se&m=A31NFQQ4065CWX&marketplaceID=A19VAU5U5O7RUS&qid=1775480255&refinements=p_36%3A18000-18500&s=merchant-items&sr=1-105&xpid=Zhy8G3InZ8NL4#customerReviews,Good Smile Black Lagoon: Revy Nendoroid Action Figure
B0BQHW35VK,,180.0,https://www.amazon.sg/Wadaiko-Included-Cowhide-Resonance-Festivals/dp/B0BQHW35VK/ref=sr_1_106?dib=eyJ2IjoiMSJ9.pR8-rZDb1ZncgDGCSluwev6SQQgZXCknn9hJVbhR_uM483Daj8Ttj6GkeH5CF75KVcKlGh6Q9lGYRk5L_eYFw5aU_5VVD__YW76m_KivcF6ZXArA7fZfTAUCX30gfWMQ3nfYFnEQAPdXdiWOCj_vb5cS4_YNP1JAkb_AYfdOPJQ.43I4S-X2Holac1DoVk9Jd1Pm5uUt3xYWtiovQy11NIo&dib_tag=se&m=A31NFQQ4065CWX&marketplaceID=A19VAU5U5O7RUS&qid=1775480255&refinements=p_36%3A18000-18500&s=merchant-items&sr=1-106&xpid=Zhy8G3InZ8NL4#customerReviews,"Wadaiko Drums, Small Drums, 2 Bees Included, Neck Strap Included, Made of Cowhide Leather, Good Resonance, Festivals, Cheer Groups, Events, Party Goods"
B0BQHW35VK,,,,
B0BPGLSSGS,,180.56,https://www.amazon.sg/Tajima-KR150FA-Multi-Use-A1KR150FA-L8-Standards/dp/B0BPGLSSGS/ref=sr_1_107?dib=eyJ2IjoiMSJ9.pR8-rZDb1ZncgDGCSluwev6SQQgZXCknn9hJVbhR_uM483Daj8Ttj6GkeH5CF75KVcKlGh6Q9lGYRk5L_eYFw5aU_5VVD__YW76m_KivcF6ZXArA7fZfTAUCX30gfWMQ3nfYFnEQAPdXdiWOCj_vb5cS4_YNP1JAkb_AYfdOPJQ.43I4S-X2Holac1DoVk9Jd1Pm5uUt3xYWtiovQy11NIo&dib_tag=se&m=A31NFQQ4065CWX&marketplaceID=A19VAU5U5O7RUS&qid=1775480255&refinements=p_36%3A18000-18500&s=merchant-items&sr=1-107&xpid=Zhy8G3InZ8NL4#customerReviews,Tajima KR150FA Multi-Use L8 A1KR150FA-L8 Lanyard with New Standards
B0BPGLSSGS,,,,
B0BQHW35VK,,180.0,https://www.amazon.sg/Wadaiko-Included-Cowhide-Resonance-Festivals/dp/B0BQHW35VK/ref=sr_1_113?dib=eyJ2IjoiMSJ9.RHnsuDorRb0IknVg7Suk2Pjp-71omfwgV79ZvyUdTlQrQvU5Q0Zkf9SmonhFjAKfimlGHv-iyA1aUhu8ZkMXPg.YIFLOuHXwZldOIMnRyoZpDkwFyAnREdtMsVV0bZenao&dib_tag=se&m=A31NFQQ4065CWX&marketplaceID=A19VAU5U5O7RUS&qid=1775480260&refinements=p_36%3A18000-18500&s=merchant-items&sr=1-113&xpid=Zhy8G3InZ8NL4#customerReviews,"Wadaiko Drums, Small Drums, 2 Bees Included, Neck Strap Included, Made of Cowhide Leather, Good Resonance, Festivals, Cheer Groups, Events, Party Goods"
B0BQHW35VK,,,,
B0BPGLSSGS,,180.56,https://www.amazon.sg/Tajima-KR150FA-Multi-Use-A1KR150FA-L8-Standards/dp/B0BPGLSSGS/ref=sr_1_114?dib=eyJ2IjoiMSJ9.RHnsuDorRb0IknVg7Suk2Pjp-71omfwgV79ZvyUdTlQrQvU5Q0Zkf9SmonhFjAKfimlGHv-iyA1aUhu8ZkMXPg.YIFLOuHXwZldOIMnRyoZpDkwFyAnREdtMsVV0bZenao&dib_tag=se&m=A31NFQQ4065CWX&marketplaceID=A19VAU5U5O7RUS&qid=1775480260&refinements=p_36%3A18000-18500&s=merchant-items&sr=1-114&xpid=Zhy8G3InZ8NL4#customerReviews,Tajima KR150FA Multi-Use L8 A1KR150FA-L8 Lanyard with New Standards
B0BPGLSSGS,,,,
B0BNX9BGXT,,195.59,https://www.amazon.sg/Neonmax-Creative-Original-Character-Statuette/dp/B0BNX9BGXT/ref=sr_1_115?dib=eyJ2IjoiMSJ9.RHnsuDorRb0IknVg7Suk2Pjp-71omfwgV79ZvyUdTlQrQvU5Q0Zkf9SmonhFjAKfimlGHv-iyA1aUhu8ZkMXPg.YIFLOuHXwZldOIMnRyoZpDkwFyAnREdtMsVV0bZenao&dib_tag=se&m=A31NFQQ4065CWX&marketplaceID=A19VAU5U5O7RUS&qid=1775480260&refinements=p_36%3A18000-18500&s=merchant-items&sr=1-115&xpid=Zhy8G3InZ8NL4,Original Character Statuette PVC 1/6 Miyan 20 cm
B0BJPWZTTL,,180.0,https://www.amazon.sg/%E3%82%A8%E3%83%B3%E3%82%B9%E3%82%AB%E3%82%A4-ENSKY-Colorful-Kurutoga-Naokiri/dp/B0BJPWZTTL/ref=sr_1_116?dib=eyJ2IjoiMSJ9.RHnsuDorRb0IknVg7Suk2Pjp-71omfwgV79ZvyUdTlQrQvU5Q0Zkf9SmonhFjAKfimlGHv-iyA1aUhu8ZkMXPg.YIFLOuHXwZldOIMnRyoZpDkwFyAnREdtMsVV0bZenao&dib_tag=se&m=A31NFQQ4065CWX&marketplaceID=A19VAU5U5O7RUS&qid=1775480260&refinements=p_36%3A18000-18500&s=merchant-items&sr=1-116&xpid=Zhy8G3InZ8NL4,Colorful Peach Kurutoga Naokiri
B0BJPWZTTL,,,,
B0BHCLHDC8,,180.21,https://www.amazon.sg/Hakusho-Kurama-Pre-painted-Complete-PV110/dp/B0BHCLHDC8/ref=sr_1_117?dib=eyJ2IjoiMSJ9.RHnsuDorRb0IknVg7Suk2Pjp-71omfwgV79ZvyUdTlQrQvU5Q0Zkf9SmonhFjAKfimlGHv-iyA1aUhu8ZkMXPg.YIFLOuHXwZldOIMnRyoZpDkwFyAnREdtMsVV0bZenao&dib_tag=se&m=A31NFQQ4065CWX&marketplaceID=A19VAU5U5O7RUS&qid=1775480260&refinements=p_36%3A18000-18500&s=merchant-items&sr=1-117&xpid=Zhy8G3InZ8NL4#customerReviews,"ARTFX J Yu Yu Hakusho Kurama, 1/8 Scale, PVC Pre-painted Complete Figure PV110"
B0BFHSMSPN,,198.99,https://www.amazon.sg/Good-Smile-Company-Kobayashis-Nendoroid/dp/B0BFHSMSPN/ref=sr_1_113?dib=eyJ2IjoiMSJ9.ARgLc5KzrZp0lroHTgjpLUk2dAbtcNSluO_l9zuxRBCZNjMMstYB7p5m8tBuy4BGAiEN2IkOl3-_iP0oxi5tRJgBk7Lv-fLsfcWali3ThrMEE9P8MARe2e6rwmvZVvTU87hic5bNCta2Rmx9upFFCZG1X5cJBtq_CBCdpFcK0wU.-ao3f-cEP7XiacgLmMAICMdqb-SXp7emVB4EZSanHpY&dib_tag=se&m=A31NFQQ4065CWX&marketplaceID=A19VAU5U5O7RUS&qid=1775480260&refinements=p_36%3A18000-18500&s=merchant-items&sr=1-113&xpid=Zhy8G3InZ8NL4#customerReviews,Good Smile Company - Miss Kobayashi's Dragon Maid - Tohru Nendoroid Action Figure
B0B7RCZGR3,,180.01,https://www.amazon.sg/Daiwa-Christia-LTD-Temptation-White/dp/B0B7RCZGR3/ref=sr_1_114?dib=eyJ2IjoiMSJ9.ARgLc5KzrZp0lroHTgjpLUk2dAbtcNSluO_l9zuxRBCZNjMMstYB7p5m8tBuy4BGAiEN2IkOl3-_iP0oxi5tRJgBk7Lv-fLsfcWali3ThrMEE9P8MARe2e6rwmvZVvTU87hic5bNCta2Rmx9upFFCZG1X5cJBtq_CBCdpFcK0wU.-ao3f-cEP7XiacgLmMAICMdqb-SXp7emVB4EZSanHpY&dib_tag=se&m=A31NFQQ4065CWX&marketplaceID=A19VAU5U5O7RUS&qid=1775480260&refinements=p_36%3A18000-18500&s=merchant-items&sr=1-114&xpid=Zhy8G3InZ8NL4#customerReviews,Daiwa LTD AGS 21 Christia Smelt Tip
B0B7RCZGR3,,,,
B0B6J3V5CS,,214.32,https://www.amazon.sg/Princess-Connect-Plastic-Painted-Complete/dp/B0B6J3V5CS/ref=sr_1_115?dib=eyJ2IjoiMSJ9.ARgLc5KzrZp0lroHTgjpLUk2dAbtcNSluO_l9zuxRBCZNjMMstYB7p5m8tBuy4BGAiEN2IkOl3-_iP0oxi5tRJgBk7Lv-fLsfcWali3ThrMEE9P8MARe2e6rwmvZVvTU87hic5bNCta2Rmx9upFFCZG1X5cJBtq_CBCdpFcK0wU.-ao3f-cEP7XiacgLmMAICMdqb-SXp7emVB4EZSanHpY&dib_tag=se&m=A31NFQQ4065CWX&marketplaceID=A19VAU5U5O7RUS&qid=1775480260&refinements=p_36%3A18000-18500&s=merchant-items&sr=1-115&xpid=Zhy8G3InZ8NL4#customerReviews,Princess Connect! Re Dive Kyoka 1/7 Scale Plastic Painted Complete Figure
B0B2YTZBV8,,184.81,https://www.amazon.sg/Ortovox-Shovel-Lightweight-Avalanche-Touring/dp/B0B2YTZBV8/ref=sr_1_116?dib=eyJ2IjoiMSJ9.ARgLc5KzrZp0lroHTgjpLUk2dAbtcNSluO_l9zuxRBCZNjMMstYB7p5m8tBuy4BGAiEN2IkOl3-_iP0oxi5tRJgBk7Lv-fLsfcWali3ThrMEE9P8MARe2e6rwmvZVvTU87hic5bNCta2Rmx9upFFCZG1X5cJBtq_CBCdpFcK0wU.-ao3f-cEP7XiacgLmMAICMdqb-SXp7emVB4EZSanHpY&dib_tag=se&m=A31NFQQ4065CWX&marketplaceID=A19VAU5U5O7RUS&qid=1775480260&refinements=p_36%3A18000-18500&s=merchant-items&sr=1-116&xpid=Zhy8G3InZ8NL4#customerReviews,Ortovox Shovel Beast PC Lightweight Avalanche Shovel for Ski Touring
B0B2YTZBV8,,,,
B09ZTXTX25,,185.0,https://www.amazon.sg/Taniguchi-Smooth-Karu-I2-Frying-inches/dp/B09ZTXTX25/ref=sr_1_117?dib=eyJ2IjoiMSJ9.ARgLc5KzrZp0lroHTgjpLUk2dAbtcNSluO_l9zuxRBCZNjMMstYB7p5m8tBuy4BGAiEN2IkOl3-_iP0oxi5tRJgBk7Lv-fLsfcWali3ThrMEE9P8MARe2e6rwmvZVvTU87hic5bNCta2Rmx9upFFCZG1X5cJBtq_CBCdpFcK0wU.-ao3f-cEP7XiacgLmMAICMdqb-SXp7emVB4EZSanHpY&dib_tag=se&m=A31NFQQ4065CWX&marketplaceID=A19VAU5U5O7RUS&qid=1775480260&refinements=p_36%3A18000-18500&s=merchant-items&sr=1-117&xpid=Zhy8G3InZ8NL4#customerReviews,"Taniguchi Metal Smooth Super Karu-I2 Frying Pan, IH 12.6 inches (32 cm)"
B09ZTXTX25,,,,
B09XX974N5,,184.5,https://www.amazon.sg/PF203-Festival-Repackage-Painted-Finished/dp/B09XX974N5/ref=sr_1_118?dib=eyJ2IjoiMSJ9.ARgLc5KzrZp0lroHTgjpLUk2dAbtcNSluO_l9zuxRBCZNjMMstYB7p5m8tBuy4BGAiEN2IkOl3-_iP0oxi5tRJgBk7Lv-fLsfcWali3ThrMEE9P8MARe2e6rwmvZVvTU87hic5bNCta2Rmx9upFFCZG1X5cJBtq_CBCdpFcK0wU.-ao3f-cEP7XiacgLmMAICMdqb-SXp7emVB4EZSanHpY&dib_tag=se&m=A31NFQQ4065CWX&marketplaceID=A19VAU5U5O7RUS&qid=1775480260&refinements=p_36%3A18000-18500&s=merchant-items&sr=1-118&xpid=Zhy8G3InZ8NL4#customerReviews,"PLUM PF203 Summer Festival = Repackage Edition = Figure, 1/7 Scale, PVC, Painted, Finished Product"
B09VGLK6R6,,180.76,https://www.amazon.sg/TRUSCO-THCN66-P-Double-Caster-Bearing/dp/B09VGLK6R6/ref=sr_1_119?dib=eyJ2IjoiMSJ9.ARgLc5KzrZp0lroHTgjpLUk2dAbtcNSluO_l9zuxRBCZNjMMstYB7p5m8tBuy4BGAiEN2IkOl3-_iP0oxi5tRJgBk7Lv-fLsfcWali3ThrMEE9P8MARe2e6rwmvZVvTU87hic5bNCta2Rmx9upFFCZG1X5cJBtq_CBCdpFcK0wU.-ao3f-cEP7XiacgLmMAICMdqb-SXp7emVB4EZSanHpY&dib_tag=se&m=A31NFQQ4065CWX&marketplaceID=A19VAU5U5O7RUS&qid=1775480260&refinements=p_36%3A18000-18500&s=merchant-items&sr=1-119&xpid=Zhy8G3InZ8NL4,TRUSCO THCN66-P Plate Type Heavy Duty Low Floor Type Double Wheel Caster Double Bearing Nylon Car 2.6 inches (66 mm)
B09VGLK6R6,,,,
B09SPZ2TND,,183.45,https://www.amazon.sg/M06812-Yatokami-Non-scale-Plastic-Pre-painted/dp/B09SPZ2TND/ref=sr_1_120?dib=eyJ2IjoiMSJ9.ARgLc5KzrZp0lroHTgjpLUk2dAbtcNSluO_l9zuxRBCZNjMMstYB7p5m8tBuy4BGAiEN2IkOl3-_iP0oxi5tRJgBk7Lv-fLsfcWali3ThrMEE9P8MARe2e6rwmvZVvTU87hic5bNCta2Rmx9upFFCZG1X5cJBtq_CBCdpFcK0wU.-ao3f-cEP7XiacgLmMAICMdqb-SXp7emVB4EZSanHpY&dib_tag=se&m=A31NFQQ4065CWX&marketplaceID=A19VAU5U5O7RUS&qid=1775480260&refinements=p_36%3A18000-18500&s=merchant-items&sr=1-120&xpid=Zhy8G3InZ8NL4#customerReviews,"figma Date A Live III M06812 Juka Yatokami Jin, Non-scale, Plastic, Pre-painted Action Figure"
B09S31NXM1,,184.2,https://www.amazon.sg/Nendoroid-G12787-Dokidoki-Non-scale-Pre-painted/dp/B09S31NXM1/ref=sr_1_121?dib=eyJ2IjoiMSJ9.ARgLc5KzrZp0lroHTgjpLUk2dAbtcNSluO_l9zuxRBCZNjMMstYB7p5m8tBuy4BGAiEN2IkOl3-_iP0oxi5tRJgBk7Lv-fLsfcWali3ThrMEE9P8MARe2e6rwmvZVvTU87hic5bNCta2Rmx9upFFCZG1X5cJBtq_CBCdpFcK0wU.-ao3f-cEP7XiacgLmMAICMdqb-SXp7emVB4EZSanHpY&dib_tag=se&m=A31NFQQ4065CWX&marketplaceID=A19VAU5U5O7RUS&qid=1775480260&refinements=p_36%3A18000-18500&s=merchant-items&sr=1-121&xpid=Zhy8G3InZ8NL4#customerReviews,"Nendoroid G12787 Dokidoki Literary Club! Monica, Non-scale, Plastic, Pre-painted Action Figure"
B09R48XTP9,,183.42,https://www.amazon.sg/ZUM-2PMP-Microphone-Zoom-Podcasts-Black/dp/B09R48XTP9/ref=sr_1_122?dib=eyJ2IjoiMSJ9.ARgLc5KzrZp0lroHTgjpLUk2dAbtcNSluO_l9zuxRBCZNjMMstYB7p5m8tBuy4BGAiEN2IkOl3-_iP0oxi5tRJgBk7Lv-fLsfcWali3ThrMEE9P8MARe2e6rwmvZVvTU87hic5bNCta2Rmx9upFFCZG1X5cJBtq_CBCdpFcK0wU.-ao3f-cEP7XiacgLmMAICMdqb-SXp7emVB4EZSanHpY&dib_tag=se&m=A31NFQQ4065CWX&marketplaceID=A19VAU5U5O7RUS&qid=1775480260&refinements=p_36%3A18000-18500&s=merchant-items&sr=1-122&xpid=Zhy8G3InZ8NL4#customerReviews,"ZOOM ZUM-2PMP Microphone Pack for Zoom Podcasts, Black"
B09R48XTP9,,,,
B09PY57MV7,,181.49,https://www.amazon.sg/CAROL-Super-Cardiod-Unidirectional-Potentiometer-AC-910S/dp/B09PY57MV7/ref=sr_1_123?dib=eyJ2IjoiMSJ9.ARgLc5KzrZp0lroHTgjpLUk2dAbtcNSluO_l9zuxRBCZNjMMstYB7p5m8tBuy4BGAiEN2IkOl3-_iP0oxi5tRJgBk7Lv-fLsfcWali3ThrMEE9P8MARe2e6rwmvZVvTU87hic5bNCta2Rmx9upFFCZG1X5cJBtq_CBCdpFcK0wU.-ao3f-cEP7XiacgLmMAICMdqb-SXp7emVB4EZSanHpY&dib_tag=se&m=A31NFQQ4065CWX&marketplaceID=A19VAU5U5O7RUS&qid=1775480260&refinements=p_36%3A18000-18500&s=merchant-items&sr=1-123&xpid=Zhy8G3InZ8NL4#customerReviews,"CAROL Dynamic Microphone Vocal with Super-Cardiod Unidirectional, Top Choice for Live Stage Performance Noise Cancelling AHNC Technology with Slide Potentiometer Switch, AC-910S"
B09PY57MV7,,,,
B09PY57MV7,,181.49,https://www.amazon.sg/CAROL-Super-Cardiod-Unidirectional-Potentiometer-AC-910S/dp/B09PY57MV7/ref=sr_1_129?dib=eyJ2IjoiMSJ9.gP78GuKkWFg_CJPCSEdOajlW5XgU9jgrpD-1O1R1ao2qGuU1y4iSvXs1SX8_Pk97CXLKRbmkLm7pFGM9MGWYyA.ve57dQM1Egcv3HibW3lYvKG12OUfoO9SwJJ9ZrYhrw4&dib_tag=se&m=A31NFQQ4065CWX&marketplaceID=A19VAU5U5O7RUS&qid=1775480264&refinements=p_36%3A18000-18500&s=merchant-items&sr=1-129&xpid=Zhy8G3InZ8NL4#customerReviews,"CAROL Dynamic Microphone Vocal with Super-Cardiod Unidirectional, Top Choice for Live Stage Performance Noise Cancelling AHNC Technology with Slide Potentiometer Switch, AC-910S"
B09PY57MV7,,,,
B09NPRSV4B,,193.33,https://www.amazon.sg/FALSLANDER-SAMURAI-Plastic-Painted-Complete/dp/B09NPRSV4B/ref=sr_1_130?dib=eyJ2IjoiMSJ9.gP78GuKkWFg_CJPCSEdOajlW5XgU9jgrpD-1O1R1ao2qGuU1y4iSvXs1SX8_Pk97CXLKRbmkLm7pFGM9MGWYyA.ve57dQM1Egcv3HibW3lYvKG12OUfoO9SwJJ9ZrYhrw4&dib_tag=se&m=A31NFQQ4065CWX&marketplaceID=A19VAU5U5O7RUS&qid=1775480264&refinements=p_36%3A18000-18500&s=merchant-items&sr=1-130&xpid=Zhy8G3InZ8NL4#customerReviews,FALSLANDER SAMURAI 1/7 Scale Plastic & Iron Painted Complete Figure
B09NHST67R,,185.0,https://www.amazon.sg/Kenko-KL-05PL-Function-Smartphone-Included/dp/B09NHST67R/ref=sr_1_131?dib=eyJ2IjoiMSJ9.gP78GuKkWFg_CJPCSEdOajlW5XgU9jgrpD-1O1R1ao2qGuU1y4iSvXs1SX8_Pk97CXLKRbmkLm7pFGM9MGWYyA.ve57dQM1Egcv3HibW3lYvKG12OUfoO9SwJJ9ZrYhrw4&dib_tag=se&m=A31NFQQ4065CWX&marketplaceID=A19VAU5U5O7RUS&qid=1775480264&refinements=p_36%3A18000-18500&s=merchant-items&sr=1-131&xpid=Zhy8G3InZ8NL4#customerReviews,"Kenko KL-05PL LED Light, Glare Free, 12 Inch LED Panel Light, 9 Levels of Dimming, 3 Tone Levels, Off Timer Function, Smartphone Holder Included, USB Type-C Powered"
B09NHST67R,,,,
B09L7XVKC5,,209.23,https://www.amazon.sg/Phat-Fate-Grand-Order-Scathach-Skadi/dp/B09L7XVKC5/ref=sr_1_132?dib=eyJ2IjoiMSJ9.gP78GuKkWFg_CJPCSEdOajlW5XgU9jgrpD-1O1R1ao2qGuU1y4iSvXs1SX8_Pk97CXLKRbmkLm7pFGM9MGWYyA.ve57dQM1Egcv3HibW3lYvKG12OUfoO9SwJJ9ZrYhrw4&dib_tag=se&m=A31NFQQ4065CWX&marketplaceID=A19VAU5U5O7RUS&qid=1775480264&refinements=p_36%3A18000-18500&s=merchant-items&sr=1-132&xpid=Zhy8G3InZ8NL4#customerReviews,Phat Fate/Grand Order: Caster/Scathach-Skadi 1:7 Scale Figure Multicolor
B09KGN82LV,,181.58,https://www.amazon.sg/Flyhawk-FLYFH1157-British-Cruiser-Plastic/dp/B09KGN82LV/ref=sr_1_133?dib=eyJ2IjoiMSJ9.gP78GuKkWFg_CJPCSEdOajlW5XgU9jgrpD-1O1R1ao2qGuU1y4iSvXs1SX8_Pk97CXLKRbmkLm7pFGM9MGWYyA.ve57dQM1Egcv3HibW3lYvKG12OUfoO9SwJJ9ZrYhrw4&dib_tag=se&m=A31NFQQ4065CWX&marketplaceID=A19VAU5U5O7RUS&qid=1775480264&refinements=p_36%3A18000-18500&s=merchant-items&sr=1-133&xpid=Zhy8G3InZ8NL4,Flyhawk FLYFH1157 1/700 British Navy Light Cruiser Aurora 1941 Full Hull Edition Plastic Model Molded Color
B09K84M9X6,,185.0,https://www.amazon.sg/RightOn-STRAPS-BEPPU-II-37-4-59-1/dp/B09K84M9X6/ref=sr_1_129?dib=eyJ2IjoiMSJ9.0azm7UWfaNUjYzd2htmmduoWCdI_6uW-2SPOqFbUKjjOv2RCqMf9-DG6lfIxGXpIzr8FmEYT7PAc90bXNJoM5qURKAUaKOe09CydQC0muN7L0oS_5RJUMSMT5c8y8ROPQp6s7_X6cMDzGXvB-TqxiKI4U6iRAlmK0sZotAvY80A.TQSOdYGKeaM-LRu6JIKmSF25JWcSQSzFRIY3XVw9Vtk&dib_tag=se&m=A31NFQQ4065CWX&marketplaceID=A19VAU5U5O7RUS&qid=1775480264&refinements=p_36%3A18000-18500&s=merchant-items&sr=1-129&xpid=Zhy8G3InZ8NL4#customerReviews,"RightOn! STRAPS BEPPU II Unique Guitar Strap, Width 2.4 inches (6 cm), Length 37.4-59.1 inches (95-150 cm)"
B09K84M9X6,,,,
B09JNQPS5T,,181.17,https://www.amazon.sg/Nendoroid-Knights-GAS12682-Non-Scale-Pre-Painted/dp/B09JNQPS5T/ref=sr_1_130?dib=eyJ2IjoiMSJ9.0azm7UWfaNUjYzd2htmmduoWCdI_6uW-2SPOqFbUKjjOv2RCqMf9-DG6lfIxGXpIzr8FmEYT7PAc90bXNJoM5qURKAUaKOe09CydQC0muN7L0oS_5RJUMSMT5c8y8ROPQp6s7_X6cMDzGXvB-TqxiKI4U6iRAlmK0sZotAvY80A.TQSOdYGKeaM-LRu6JIKmSF25JWcSQSzFRIY3XVw9Vtk&dib_tag=se&m=A31NFQQ4065CWX&marketplaceID=A19VAU5U5O7RUS&qid=1775480264&refinements=p_36%3A18000-18500&s=merchant-items&sr=1-130&xpid=Zhy8G3InZ8NL4#customerReviews,"Nendoroid Arc Knights W GAS12682 Non-Scale ABS & PVC Pre-Painted Action Figure, Resale"
B09HKJR19C,,184.71,https://www.amazon.sg/Shimano-Unisex-Adult-Ultegra-Racing/dp/B09HKJR19C/ref=sr_1_131?dib=eyJ2IjoiMSJ9.0azm7UWfaNUjYzd2htmmduoWCdI_6uW-2SPOqFbUKjjOv2RCqMf9-DG6lfIxGXpIzr8FmEYT7PAc90bXNJoM5qURKAUaKOe09CydQC0muN7L0oS_5RJUMSMT5c8y8ROPQp6s7_X6cMDzGXvB-TqxiKI4U6iRAlmK0sZotAvY80A.TQSOdYGKeaM-LRu6JIKmSF25JWcSQSzFRIY3XVw9Vtk&dib_tag=se&m=A31NFQQ4065CWX&marketplaceID=A19VAU5U5O7RUS&qid=1775480264&refinements=p_36%3A18000-18500&s=merchant-items&sr=1-131&xpid=Zhy8G3InZ8NL4#customerReviews,"Shimano Unisex - Adult Ultegra Racing Brake, Black, 51mm"
B09HKJR19C,,,,
B09H7TBN3Q,,183.37,https://www.amazon.sg/TAMASHII-NATIONS-Demon-Slayer-Figuarts/dp/B09H7TBN3Q/ref=sr_1_132?dib=eyJ2IjoiMSJ9.0azm7UWfaNUjYzd2htmmduoWCdI_6uW-2SPOqFbUKjjOv2RCqMf9-DG6lfIxGXpIzr8FmEYT7PAc90bXNJoM5qURKAUaKOe09CydQC0muN7L0oS_5RJUMSMT5c8y8ROPQp6s7_X6cMDzGXvB-TqxiKI4U6iRAlmK0sZotAvY80A.TQSOdYGKeaM-LRu6JIKmSF25JWcSQSzFRIY3XVw9Vtk&dib_tag=se&m=A31NFQQ4065CWX&marketplaceID=A19VAU5U5O7RUS&qid=1775480264&refinements=p_36%3A18000-18500&s=merchant-items&sr=1-132&xpid=Zhy8G3InZ8NL4#customerReviews,"TAMASHII NATIONS Demon Slayer: Kimetsu no Yaiba - Kyojuro Rengoku Flame Hashira, Bandai Spirits Figuarts Zero (BAS62105)"
B09GYYNKNT,,194.66,https://www.amazon.sg/SNAIL-SHELL-Phantom-Machine-Pre-painted/dp/B09GYYNKNT/ref=sr_1_133?dib=eyJ2IjoiMSJ9.0azm7UWfaNUjYzd2htmmduoWCdI_6uW-2SPOqFbUKjjOv2RCqMf9-DG6lfIxGXpIzr8FmEYT7PAc90bXNJoM5qURKAUaKOe09CydQC0muN7L0oS_5RJUMSMT5c8y8ROPQp6s7_X6cMDzGXvB-TqxiKI4U6iRAlmK0sZotAvY80A.TQSOdYGKeaM-LRu6JIKmSF25JWcSQSzFRIY3XVw9Vtk&dib_tag=se&m=A31NFQQ4065CWX&marketplaceID=A19VAU5U5O7RUS&qid=1775480264&refinements=p_36%3A18000-18500&s=merchant-items&sr=1-133&xpid=Zhy8G3InZ8NL4,"SNAIL SHELL Phantom 001 Phantom Machine Reverse Change Set, 1/12 Scale, PVC, ABS, POM, Pre-painted Action Figure"
B09G2QKXSD,,208.87,https://www.amazon.sg/Kotobukiya-Evangelion-Illustratious-Resistant-Prototype/dp/B09G2QKXSD/ref=sr_1_134?dib=eyJ2IjoiMSJ9.0azm7UWfaNUjYzd2htmmduoWCdI_6uW-2SPOqFbUKjjOv2RCqMf9-DG6lfIxGXpIzr8FmEYT7PAc90bXNJoM5qURKAUaKOe09CydQC0muN7L0oS_5RJUMSMT5c8y8ROPQp6s7_X6cMDzGXvB-TqxiKI4U6iRAlmK0sZotAvY80A.TQSOdYGKeaM-LRu6JIKmSF25JWcSQSzFRIY3XVw9Vtk&dib_tag=se&m=A31NFQQ4065CWX&marketplaceID=A19VAU5U5O7RUS&qid=1775480264&refinements=p_36%3A18000-18500&s=merchant-items&sr=1-134&xpid=Zhy8G3InZ8NL4#customerReviews,Kotobukiya Shin Evangelion PP981 Movie Version Makinami Mari Illustratious ~ Pressure Resistant Prototype Plug Suit for Deep Dive ~ 1/6 Scale PVC Painted Complete Figure
B09FJW9TX6,,180.04,https://www.amazon.sg/Hasegawa-Masinen-Krieger-P-K-H-103-Waltgeist/dp/B09FJW9TX6/ref=sr_1_135?dib=eyJ2IjoiMSJ9.0azm7UWfaNUjYzd2htmmduoWCdI_6uW-2SPOqFbUKjjOv2RCqMf9-DG6lfIxGXpIzr8FmEYT7PAc90bXNJoM5qURKAUaKOe09CydQC0muN7L0oS_5RJUMSMT5c8y8ROPQp6s7_X6cMDzGXvB-TqxiKI4U6iRAlmK0sZotAvY80A.TQSOdYGKeaM-LRu6JIKmSF25JWcSQSzFRIY3XVw9Vtk&dib_tag=se&m=A31NFQQ4065CWX&marketplaceID=A19VAU5U5O7RUS&qid=1775480264&refinements=p_36%3A18000-18500&s=merchant-items&sr=1-135&xpid=Zhy8G3InZ8NL4,"Hasegawa 64124 Masinen Krieger, P.K.H.103, Nut Locker, Waltgeist, 1/35 Scale, Plastic Model"
B09DCT6Y7H,,187.67,https://www.amazon.sg/Passage-Sunflower-Momose-Kurumi-Figure/dp/B09DCT6Y7H/ref=sr_1_136?dib=eyJ2IjoiMSJ9.0azm7UWfaNUjYzd2htmmduoWCdI_6uW-2SPOqFbUKjjOv2RCqMf9-DG6lfIxGXpIzr8FmEYT7PAc90bXNJoM5qURKAUaKOe09CydQC0muN7L0oS_5RJUMSMT5c8y8ROPQp6s7_X6cMDzGXvB-TqxiKI4U6iRAlmK0sZotAvY80A.TQSOdYGKeaM-LRu6JIKmSF25JWcSQSzFRIY3XVw9Vtk&dib_tag=se&m=A31NFQQ4065CWX&marketplaceID=A19VAU5U5O7RUS&qid=1775480264&refinements=p_36%3A18000-18500&s=merchant-items&sr=1-136&xpid=Zhy8G3InZ8NL4#customerReviews,Passage - Sunflower Girl Momose Kurumi 1/6 PVC Figure (A)
B09BFNSTWK,,180.8,https://www.amazon.sg/Shimano-NASCI-Fishing-Shipped-Japan/dp/B09BFNSTWK/ref=sr_1_137?dib=eyJ2IjoiMSJ9.0azm7UWfaNUjYzd2htmmduoWCdI_6uW-2SPOqFbUKjjOv2RCqMf9-DG6lfIxGXpIzr8FmEYT7PAc90bXNJoM5qURKAUaKOe09CydQC0muN7L0oS_5RJUMSMT5c8y8ROPQp6s7_X6cMDzGXvB-TqxiKI4U6iRAlmK0sZotAvY80A.TQSOdYGKeaM-LRu6JIKmSF25JWcSQSzFRIY3XVw9Vtk&dib_tag=se&m=A31NFQQ4065CWX&marketplaceID=A19VAU5U5O7RUS&qid=1775480264&refinements=p_36%3A18000-18500&s=merchant-items&sr=1-137&xpid=Zhy8G3InZ8NL4#customerReviews,Shimano 21 NASCI Fishing Reel Shipped from Japan 2022 Model
B09646WJ3G,,181.47,https://www.amazon.sg/Figuarts-Carving-Manufacturing-Anniversary-Version/dp/B09646WJ3G/ref=sr_1_138?dib=eyJ2IjoiMSJ9.0azm7UWfaNUjYzd2htmmduoWCdI_6uW-2SPOqFbUKjjOv2RCqMf9-DG6lfIxGXpIzr8FmEYT7PAc90bXNJoM5qURKAUaKOe09CydQC0muN7L0oS_5RJUMSMT5c8y8ROPQp6s7_X6cMDzGXvB-TqxiKI4U6iRAlmK0sZotAvY80A.TQSOdYGKeaM-LRu6JIKmSF25JWcSQSzFRIY3XVw9Vtk&dib_tag=se&m=A31NFQQ4065CWX&marketplaceID=A19VAU5U5O7RUS&qid=1775480264&refinements=p_36%3A18000-18500&s=merchant-items&sr=1-138&xpid=Zhy8G3InZ8NL4#customerReviews,"S.H. Figuarts (True Bone Carving Manufacturing Method) Kamen Rider New No. 1 50th Anniversary Version, Approx. 5.7 inches (145 mm), PVC & ABS Painted Action Figure"
B095R685WV,,183.45,https://www.amazon.sg/Pokemon-Get-It-Pokeball-Go/dp/B095R685WV/ref=sr_1_139?dib=eyJ2IjoiMSJ9.0azm7UWfaNUjYzd2htmmduoWCdI_6uW-2SPOqFbUKjjOv2RCqMf9-DG6lfIxGXpIzr8FmEYT7PAc90bXNJoM5qURKAUaKOe09CydQC0muN7L0oS_5RJUMSMT5c8y8ROPQp6s7_X6cMDzGXvB-TqxiKI4U6iRAlmK0sZotAvY80A.TQSOdYGKeaM-LRu6JIKmSF25JWcSQSzFRIY3XVw9Vtk&dib_tag=se&m=A31NFQQ4065CWX&marketplaceID=A19VAU5U5O7RUS&qid=1775480264&refinements=p_36%3A18000-18500&s=merchant-items&sr=1-139&xpid=Zhy8G3InZ8NL4#customerReviews,Pokemon Get It! Pokeball Go!
B095P9QV1K,,187.36,https://www.amazon.sg/School-Monogatari-Painted-Complete-Figure/dp/B095P9QV1K/ref=sr_1_145?dib=eyJ2IjoiMSJ9.O-saPD0iZra7CXC1DoX1ZQ7-4ZV90DhMmC92nLycVvugHMRt0kOoGOJAkOPJxV5jWfFFaVk74QaUoehZ4NJDdQ.JXJJyfin5yT12U-fpQQbG3Z0AmzQNTHqy6oKBSsDy38&dib_tag=se&m=A31NFQQ4065CWX&marketplaceID=A19VAU5U5O7RUS&qid=1775480269&refinements=p_36%3A18000-18500&s=merchant-items&sr=1-145&xpid=Zhy8G3InZ8NL4,Dolls Front Line PA-15 High School Chest Kyun Monogatari 1/7 Scale ABS & PVC Painted Complete Figure
B0922W98MT,,180.14,https://www.amazon.sg/Pilot-Custom-Heritage-BKVH-15SR-Ballpoint/dp/B0922W98MT/ref=sr_1_146?dib=eyJ2IjoiMSJ9.O-saPD0iZra7CXC1DoX1ZQ7-4ZV90DhMmC92nLycVvugHMRt0kOoGOJAkOPJxV5jWfFFaVk74QaUoehZ4NJDdQ.JXJJyfin5yT12U-fpQQbG3Z0AmzQNTHqy6oKBSsDy38&dib_tag=se&m=A31NFQQ4065CWX&marketplaceID=A19VAU5U5O7RUS&qid=1775480269&refinements=p_36%3A18000-18500&s=merchant-items&sr=1-146&xpid=Zhy8G3InZ8NL4#customerReviews,"Pilot Custom Heritage SE BKVH-15SR Ballpoint Pen, Marble Red, MAR"
B0922W98MT,,,,
B0922VBLW4,,180.6,https://www.amazon.sg/Pilot-Custom-Heritage-BKVH-15SR-Ballpoint/dp/B0922VBLW4/ref=sr_1_147?dib=eyJ2IjoiMSJ9.O-saPD0iZra7CXC1DoX1ZQ7-4ZV90DhMmC92nLycVvugHMRt0kOoGOJAkOPJxV5jWfFFaVk74QaUoehZ4NJDdQ.JXJJyfin5yT12U-fpQQbG3Z0AmzQNTHqy6oKBSsDy38&dib_tag=se&m=A31NFQQ4065CWX&marketplaceID=A19VAU5U5O7RUS&qid=1775480269&refinements=p_36%3A18000-18500&s=merchant-items&sr=1-147&xpid=Zhy8G3InZ8NL4#customerReviews,"Pilot Custom Heritage SE BKVH-15SR Ballpoint Pen, Marble Blue, MAL"
B0922VBLW4,,,,
B08ZZGLPPZ,,205.16,https://www.amazon.sg/Sen-Ti-Nel-Fighting-Deadpool-Action-Figure/dp/B08ZZGLPPZ/ref=sr_1_148?dib=eyJ2IjoiMSJ9.O-saPD0iZra7CXC1DoX1ZQ7-4ZV90DhMmC92nLycVvugHMRt0kOoGOJAkOPJxV5jWfFFaVk74QaUoehZ4NJDdQ.JXJJyfin5yT12U-fpQQbG3Z0AmzQNTHqy6oKBSsDy38&dib_tag=se&m=A31NFQQ4065CWX&marketplaceID=A19VAU5U5O7RUS&qid=1775480269&refinements=p_36%3A18000-18500&s=merchant-items&sr=1-148&xpid=Zhy8G3InZ8NL4,Sen-Ti-Nel : Fighting Armor Deadpool Action Figure Toy
B08Z43MZ1B,,180.47,https://www.amazon.sg/Gen1-Active-Extension-Cable-28AWG/dp/B08Z43MZ1B/ref=sr_1_149?dib=eyJ2IjoiMSJ9.O-saPD0iZra7CXC1DoX1ZQ7-4ZV90DhMmC92nLycVvugHMRt0kOoGOJAkOPJxV5jWfFFaVk74QaUoehZ4NJDdQ.JXJJyfin5yT12U-fpQQbG3Z0AmzQNTHqy6oKBSsDy38&dib_tag=se&m=A31NFQQ4065CWX&marketplaceID=A19VAU5U5O7RUS&qid=1775480269&refinements=p_36%3A18000-18500&s=merchant-items&sr=1-149&xpid=Zhy8G3InZ8NL4#customerReviews,USB 3.2 Gen1 Active Extension Cable 15 m Male/B 28AWG
B08Z43MZ1B,,,,
B08WLLCCYH,,185.0,https://www.amazon.sg/Marushin-1065003300-inches-Delivery-Service/dp/B08WLLCCYH/ref=sr_1_145?dib=eyJ2IjoiMSJ9.X5AV_394eSILwCt2Oj8Q8jypygm6709B9e4codQYc5V7MD6Mmq-FwxzRO8ipV53wO26BZXsmQZMNeBxJC8MWUKqfXATk_wgUxdylWoHkBHS57LhWhskOg4khigpb7oCMo99MlWuI2y-ewji4ZN2tq3o1bCE91gd2rCkaRLtc1FE.i9FMn23rE7xMt1ZDien5FByXmLLkKD6cO8FIErbguU8&dib_tag=se&m=A31NFQQ4065CWX&marketplaceID=A19VAU5U5O7RUS&qid=1775480269&refinements=p_36%3A18000-18500&s=merchant-items&sr=1-145&xpid=Zhy8G3InZ8NL4#customerReviews,"Marushin 1065003300 23.6 inches (60 cm) Rolled Towel, Ghibli Kiki's Delivery Service, Jiji Kids, Pink"
B08WLLCCYH,,,,
B08VDJZJZX,,181.15,https://www.amazon.sg/SHIMANO-Spinning-General-Purpose-Altegra/dp/B08VDJZJZX/ref=sr_1_146?dib=eyJ2IjoiMSJ9.X5AV_394eSILwCt2Oj8Q8jypygm6709B9e4codQYc5V7MD6Mmq-FwxzRO8ipV53wO26BZXsmQZMNeBxJC8MWUKqfXATk_wgUxdylWoHkBHS57LhWhskOg4khigpb7oCMo99MlWuI2y-ewji4ZN2tq3o1bCE91gd2rCkaRLtc1FE.i9FMn23rE7xMt1ZDien5FByXmLLkKD6cO8FIErbguU8&dib_tag=se&m=A31NFQQ4065CWX&marketplaceID=A19VAU5U5O7RUS&qid=1775480269&refinements=p_36%3A18000-18500&s=merchant-items&sr=1-146&xpid=Zhy8G3InZ8NL4#customerReviews,Shimano Spinning Reel 21 Artegra Assorted
B08VDJZJZX,,,,
B08TRK3ZR1,,183.2,https://www.amazon.sg/TAMASHII-Nations-SHINKOCCHO-Zeronos-Figuarts/dp/B08TRK3ZR1/ref=sr_1_147?dib=eyJ2IjoiMSJ9.X5AV_394eSILwCt2Oj8Q8jypygm6709B9e4codQYc5V7MD6Mmq-FwxzRO8ipV53wO26BZXsmQZMNeBxJC8MWUKqfXATk_wgUxdylWoHkBHS57LhWhskOg4khigpb7oCMo99MlWuI2y-ewji4ZN2tq3o1bCE91gd2rCkaRLtc1FE.i9FMn23rE7xMt1ZDien5FByXmLLkKD6cO8FIErbguU8&dib_tag=se&m=A31NFQQ4065CWX&marketplaceID=A19VAU5U5O7RUS&qid=1775480269&refinements=p_36%3A18000-18500&s=merchant-items&sr=1-147&xpid=Zhy8G3InZ8NL4#customerReviews,"TAMASHII Nations (SHINKOCCHO SEIHOU) Masked Rider Zeronos Altair Form Masked Rider Den-O, Bandai S.H. Figuarts"
B08PCBVSF1,,184.0,https://www.amazon.sg/Wiha-32514-32514-WIH-084705325149/dp/B08PCBVSF1/ref=sr_1_148?dib=eyJ2IjoiMSJ9.X5AV_394eSILwCt2Oj8Q8jypygm6709B9e4codQYc5V7MD6Mmq-FwxzRO8ipV53wO26BZXsmQZMNeBxJC8MWUKqfXATk_wgUxdylWoHkBHS57LhWhskOg4khigpb7oCMo99MlWuI2y-ewji4ZN2tq3o1bCE91gd2rCkaRLtc1FE.i9FMn23rE7xMt1ZDien5FByXmLLkKD6cO8FIErbguU8&dib_tag=se&m=A31NFQQ4065CWX&marketplaceID=A19VAU5U5O7RUS&qid=1775480269&refinements=p_36%3A18000-18500&s=merchant-items&sr=1-148&xpid=Zhy8G3InZ8NL4,32514-WIH 084705325149
B08PCBVSF1,,,,
B08MXTSWDP,,183.22,https://www.amazon.sg/spirits-Spirits-MS-14Fs-Gelgoog-Garahaus/dp/B08MXTSWDP/ref=sr_1_149?dib=eyJ2IjoiMSJ9.X5AV_394eSILwCt2Oj8Q8jypygm6709B9e4codQYc5V7MD6Mmq-FwxzRO8ipV53wO26BZXsmQZMNeBxJC8MWUKqfXATk_wgUxdylWoHkBHS57LhWhskOg4khigpb7oCMo99MlWuI2y-ewji4ZN2tq3o1bCE91gd2rCkaRLtc1FE.i9FMn23rE7xMt1ZDien5FByXmLLkKD6cO8FIErbguU8&dib_tag=se&m=A31NFQQ4065CWX&marketplaceID=A19VAU5U5O7RUS&qid=1775480269&refinements=p_36%3A18000-18500&s=merchant-items&sr=1-149&xpid=Zhy8G3InZ8NL4#customerReviews,Bandai spirits Robot Spirits Side MS MS-14Fs Gelgoog Marine CIMA Garahau's Custom Model Ver. A.N.I.M.E.
B08LB8WTK7,,198.15,https://www.amazon.sg/Vertex-Originals-Oshigoto-Sakurata-Height/dp/B08LB8WTK7/ref=sr_1_150?dib=eyJ2IjoiMSJ9.X5AV_394eSILwCt2Oj8Q8jypygm6709B9e4codQYc5V7MD6Mmq-FwxzRO8ipV53wO26BZXsmQZMNeBxJC8MWUKqfXATk_wgUxdylWoHkBHS57LhWhskOg4khigpb7oCMo99MlWuI2y-ewji4ZN2tq3o1bCE91gd2rCkaRLtc1FE.i9FMn23rE7xMt1ZDien5FByXmLLkKD6cO8FIErbguU8&dib_tag=se&m=A31NFQQ4065CWX&marketplaceID=A19VAU5U5O7RUS&qid=1775480269&refinements=p_36%3A18000-18500&s=merchant-items&sr=1-150&xpid=Zhy8G3InZ8NL4,"Vertex Originals ""Tight Oshigoto"" Oshigoto 1, Asahi Sakurata, Total Height: Approx. 9.8 inches (250 mm), PVC/ABS, Painted Complete Figure"
B08L7LGZRD,,183.44,https://www.amazon.sg/Good-Smile-G12269-NENDOROID-MARUKO-CHAN/dp/B08L7LGZRD/ref=sr_1_151?dib=eyJ2IjoiMSJ9.X5AV_394eSILwCt2Oj8Q8jypygm6709B9e4codQYc5V7MD6Mmq-FwxzRO8ipV53wO26BZXsmQZMNeBxJC8MWUKqfXATk_wgUxdylWoHkBHS57LhWhskOg4khigpb7oCMo99MlWuI2y-ewji4ZN2tq3o1bCE91gd2rCkaRLtc1FE.i9FMn23rE7xMt1ZDien5FByXmLLkKD6cO8FIErbguU8&dib_tag=se&m=A31NFQQ4065CWX&marketplaceID=A19VAU5U5O7RUS&qid=1775480269&refinements=p_36%3A18000-18500&s=merchant-items&sr=1-151&xpid=Zhy8G3InZ8NL4#customerReviews,NENDOROID NO.1500 (CHIBI MARUKO-CHAN)
B08KDC473H,,214.84,https://www.amazon.sg/Good-Smile-Saekano-Movie-Multicolor/dp/B08KDC473H/ref=sr_1_152?dib=eyJ2IjoiMSJ9.X5AV_394eSILwCt2Oj8Q8jypygm6709B9e4codQYc5V7MD6Mmq-FwxzRO8ipV53wO26BZXsmQZMNeBxJC8MWUKqfXATk_wgUxdylWoHkBHS57LhWhskOg4khigpb7oCMo99MlWuI2y-ewji4ZN2tq3o1bCE91gd2rCkaRLtc1FE.i9FMn23rE7xMt1ZDien5FByXmLLkKD6cO8FIErbguU8&dib_tag=se&m=A31NFQQ4065CWX&marketplaceID=A19VAU5U5O7RUS&qid=1775480269&refinements=p_36%3A18000-18500&s=merchant-items&sr=1-152&xpid=Zhy8G3InZ8NL4#customerReviews,"Good Smile Saekano The Movie: Finale: Eriri Spencer Sawamura (Casual Version) 1:7 Scale PVC Figure, Multicolor"
B08H97JFXG,,181.54,https://www.amazon.sg/Kotobukiya-Universe-Harley-Figure-Statue/dp/B08H97JFXG/ref=sr_1_153?dib=eyJ2IjoiMSJ9.X5AV_394eSILwCt2Oj8Q8jypygm6709B9e4codQYc5V7MD6Mmq-FwxzRO8ipV53wO26BZXsmQZMNeBxJC8MWUKqfXATk_wgUxdylWoHkBHS57LhWhskOg4khigpb7oCMo99MlWuI2y-ewji4ZN2tq3o1bCE91gd2rCkaRLtc1FE.i9FMn23rE7xMt1ZDien5FByXmLLkKD6cO8FIErbguU8&dib_tag=se&m=A31NFQQ4065CWX&marketplaceID=A19VAU5U5O7RUS&qid=1775480269&refinements=p_36%3A18000-18500&s=merchant-items&sr=1-153&xpid=Zhy8G3InZ8NL4#customerReviews,Kotobukiya ARTFX DC Universe Birds of Prey Harley Quinn 1/6 Scale Figure Statue
B08CMV1TWB,,213.34,https://www.amazon.sg/Max-Factory-84795-figma-Rem/dp/B08CMV1TWB/ref=sr_1_154?dib=eyJ2IjoiMSJ9.X5AV_394eSILwCt2Oj8Q8jypygm6709B9e4codQYc5V7MD6Mmq-FwxzRO8ipV53wO26BZXsmQZMNeBxJC8MWUKqfXATk_wgUxdylWoHkBHS57LhWhskOg4khigpb7oCMo99MlWuI2y-ewji4ZN2tq3o1bCE91gd2rCkaRLtc1FE.i9FMn23rE7xMt1ZDien5FByXmLLkKD6cO8FIErbguU8&dib_tag=se&m=A31NFQQ4065CWX&marketplaceID=A19VAU5U5O7RUS&qid=1775480269&refinements=p_36%3A18000-18500&s=merchant-items&sr=1-154&xpid=Zhy8G3InZ8NL4#customerReviews,figma Rem: Re:ZERO
B08B3DKN2H,,194.41,https://www.amazon.sg/Shimano-Unisex-FC-MT610-2-610-B2-Crankset/dp/B08B3DKN2H/ref=sr_1_155?dib=eyJ2IjoiMSJ9.X5AV_394eSILwCt2Oj8Q8jypygm6709B9e4codQYc5V7MD6Mmq-FwxzRO8ipV53wO26BZXsmQZMNeBxJC8MWUKqfXATk_wgUxdylWoHkBHS57LhWhskOg4khigpb7oCMo99MlWuI2y-ewji4ZN2tq3o1bCE91gd2rCkaRLtc1FE.i9FMn23rE7xMt1ZDien5FByXmLLkKD6cO8FIErbguU8&dib_tag=se&m=A31NFQQ4065CWX&marketplaceID=A19VAU5U5O7RUS&qid=1775480269&refinements=p_36%3A18000-18500&s=merchant-items&sr=1-155&xpid=Zhy8G3InZ8NL4,"Shimano Unisex - Adult FC-MT610-2 and 610-B2 Crankset, Black, One Size"
B08B3DKN2H,,,,
B089MZNMYW,,180.7,https://www.amazon.sg/DAIWA-Katufugu-HH-150-Fishing-Rod/dp/B089MZNMYW/ref=sr_1_161?dib=eyJ2IjoiMSJ9.UO3PIJF5N35eqn1-Vvz25mvOzmiKprbKzMxRzrTS_IfQoVJuD9VUE6WlaGKBBrFvINEsz_m4_Bqren5v-m85pg.EHOsRF01P2ju9LDujuXdhljZ_8g2rvQuvjkBmZbU2Qc&dib_tag=se&m=A31NFQQ4065CWX&marketplaceID=A19VAU5U5O7RUS&qid=1775480274&refinements=p_36%3A18000-18500&s=merchant-items&sr=1-161&xpid=Zhy8G3InZ8NL4#customerReviews,DAIWA Katufugu X HH-150/R Fishing Rod
B089MZNMYW,,,,
B088WVKPR5,,182.89,https://www.amazon.sg/Parktool-BFS-1-682-Bushing-Compatible/dp/B088WVKPR5/ref=sr_1_162?dib=eyJ2IjoiMSJ9.UO3PIJF5N35eqn1-Vvz25mvOzmiKprbKzMxRzrTS_IfQoVJuD9VUE6WlaGKBBrFvINEsz_m4_Bqren5v-m85pg.EHOsRF01P2ju9LDujuXdhljZ_8g2rvQuvjkBmZbU2Qc&dib_tag=se&m=A31NFQQ4065CWX&marketplaceID=A19VAU5U5O7RUS&qid=1775480274&refinements=p_36%3A18000-18500&s=merchant-items&sr=1-162&xpid=Zhy8G3InZ8NL4,"Parktool BFS-1#682 Guide Bushing, Compatible"
B088WVKPR5,,,,
B086Z6WNQG,,183.34,https://www.amazon.sg/Venum-VENUM-1395-537-Elite-Boxing-Headgear/dp/B086Z6WNQG/ref=sr_1_163?dib=eyJ2IjoiMSJ9.UO3PIJF5N35eqn1-Vvz25mvOzmiKprbKzMxRzrTS_IfQoVJuD9VUE6WlaGKBBrFvINEsz_m4_Bqren5v-m85pg.EHOsRF01P2ju9LDujuXdhljZ_8g2rvQuvjkBmZbU2Qc&dib_tag=se&m=A31NFQQ4065CWX&marketplaceID=A19VAU5U5O7RUS&qid=1775480274&refinements=p_36%3A18000-18500&s=merchant-items&sr=1-163&xpid=Zhy8G3InZ8NL4#customerReviews,"Venum VENUM-1395-537 Elite Boxing Headgear, Black/Pink Gold"
B086Z6WNQG,,,,
B0868LYXP2,,183.34,https://www.amazon.sg/Yamazaki-4907-Horizontal-Opening-Sorting/dp/B0868LYXP2/ref=sr_1_164?dib=eyJ2IjoiMSJ9.UO3PIJF5N35eqn1-Vvz25mvOzmiKprbKzMxRzrTS_IfQoVJuD9VUE6WlaGKBBrFvINEsz_m4_Bqren5v-m85pg.EHOsRF01P2ju9LDujuXdhljZ_8g2rvQuvjkBmZbU2Qc&dib_tag=se&m=A31NFQQ4065CWX&marketplaceID=A19VAU5U5O7RUS&qid=1775480274&refinements=p_36%3A18000-18500&s=merchant-items&sr=1-164&xpid=Zhy8G3InZ8NL4#customerReviews,"Yamazaki 4907 Horizontal Opening Sorting Garbage Bag Holder, White, Approx. W 8.7 x D 13.4 x H 22.0 inches (22 x 34 x 56 cm), Luce, Trash Can, Wide Opening, Easy Access to Garbage Bags"
B0868LYXP2,,,,
B0842WVDTR,,198.99,https://www.amazon.sg/Mammut-Womens-Comfort-Climbing-Harness/dp/B0842WVDTR/ref=sr_1_165?dib=eyJ2IjoiMSJ9.UO3PIJF5N35eqn1-Vvz25mvOzmiKprbKzMxRzrTS_IfQoVJuD9VUE6WlaGKBBrFvINEsz_m4_Bqren5v-m85pg.EHOsRF01P2ju9LDujuXdhljZ_8g2rvQuvjkBmZbU2Qc&dib_tag=se&m=A31NFQQ4065CWX&marketplaceID=A19VAU5U5O7RUS&qid=1775480274&refinements=p_36%3A18000-18500&s=merchant-items&sr=1-165&xpid=Zhy8G3InZ8NL4,Mammut Women's Comfort Fast Adjust Climbing Harness. Shark Safety Orange M
B0842WVDTR,,,,
B082X1H4LY,,180.15,https://www.amazon.sg/Bandai-C-S-M-Tatsulot-Kamen-Rider/dp/B082X1H4LY/ref=sr_1_161?dib=eyJ2IjoiMSJ9.YUhSEc0-rI26tt44-G7I-K8r7aVwqJKAxZyWb6rXxHKd0H1j4fjtntnGqKDmIMSMx6eSDwO5kJhjMG0OLLud8PlRIQENd5BeOW5y3yCfd040CJfclFfrj_VgoKWPr52__NzewMhGQPa6x7PHq5ti0GeyklaCaV32nVwhcvPbyqI.qfxdfjm873JSny80zbFXupho-t9plBR4FyCFHgu65Wc&dib_tag=se&m=A31NFQQ4065CWX&marketplaceID=A19VAU5U5O7RUS&qid=1775480274&refinements=p_36%3A18000-18500&s=merchant-items&sr=1-161&xpid=Zhy8G3InZ8NL4#customerReviews,"Bandai Boys Toys C.S.M. Tatsulot ""Kamen Rider Kiva"""
B082K4R214,,181.67,https://www.amazon.sg/Tajima-SFKBG-KG2S-Detachable-Waist-Tiers/dp/B082K4R214/ref=sr_1_162?dib=eyJ2IjoiMSJ9.YUhSEc0-rI26tt44-G7I-K8r7aVwqJKAxZyWb6rXxHKd0H1j4fjtntnGqKDmIMSMx6eSDwO5kJhjMG0OLLud8PlRIQENd5BeOW5y3yCfd040CJfclFfrj_VgoKWPr52__NzewMhGQPa6x7PHq5ti0GeyklaCaV32nVwhcvPbyqI.qfxdfjm873JSny80zbFXupho-t9plBR4FyCFHgu65Wc&dib_tag=se&m=A31NFQQ4065CWX&marketplaceID=A19VAU5U5O7RUS&qid=1775480274&refinements=p_36%3A18000-18500&s=merchant-items&sr=1-162&xpid=Zhy8G3InZ8NL4#customerReviews,"Tajima SFKBG-KG2S Detachable Waist Bag, G, Nail Bag, 2 Tiers, Small"
B082K4R214,,,,
B07Z4W8SR9,,183.34,https://www.amazon.sg/GronG-Dumbbell-Barbell-Diameter-inches/dp/B07Z4W8SR9/ref=sr_1_163?dib=eyJ2IjoiMSJ9.YUhSEc0-rI26tt44-G7I-K8r7aVwqJKAxZyWb6rXxHKd0H1j4fjtntnGqKDmIMSMx6eSDwO5kJhjMG0OLLud8PlRIQENd5BeOW5y3yCfd040CJfclFfrj_VgoKWPr52__NzewMhGQPa6x7PHq5ti0GeyklaCaV32nVwhcvPbyqI.qfxdfjm873JSny80zbFXupho-t9plBR4FyCFHgu65Wc&dib_tag=se&m=A31NFQQ4065CWX&marketplaceID=A19VAU5U5O7RUS&qid=1775480274&refinements=p_36%3A18000-18500&s=merchant-items&sr=1-163&xpid=Zhy8G3InZ8NL4#customerReviews,"GronG Iron Plate, 5.5 lbs (2.5 kg), Set of 2, 11.0 lbs (5 kg), Dumbbell, Barbell, Shaft Diameter 1.1 inches (28 mm), Iron"
B07Z4W8SR9,,,,
B07YNP661J,,183.82,https://www.amazon.sg/Spirits-Ichibansho-Admirals-Sakazuki-Akainu-Figuarts/dp/B07YNP661J/ref=sr_1_164?dib=eyJ2IjoiMSJ9.YUhSEc0-rI26tt44-G7I-K8r7aVwqJKAxZyWb6rXxHKd0H1j4fjtntnGqKDmIMSMx6eSDwO5kJhjMG0OLLud8PlRIQENd5BeOW5y3yCfd040CJfclFfrj_VgoKWPr52__NzewMhGQPa6x7PHq5ti0GeyklaCaV32nVwhcvPbyqI.qfxdfjm873JSny80zbFXupho-t9plBR4FyCFHgu65Wc&dib_tag=se&m=A31NFQQ4065CWX&marketplaceID=A19VAU5U5O7RUS&qid=1775480274&refinements=p_36%3A18000-18500&s=merchant-items&sr=1-164&xpid=Zhy8G3InZ8NL4#customerReviews,"Bandai Spirits Ichibansho The Three Admirals Sakazuki-Akainu- ""One Piece"", Bandai Figuarts ZERO"
B07XFW92LY,,202.28,https://www.amazon.sg/Saekano-Boring-Girlfriend-Megumi-Version/dp/B07XFW92LY/ref=sr_1_165?dib=eyJ2IjoiMSJ9.YUhSEc0-rI26tt44-G7I-K8r7aVwqJKAxZyWb6rXxHKd0H1j4fjtntnGqKDmIMSMx6eSDwO5kJhjMG0OLLud8PlRIQENd5BeOW5y3yCfd040CJfclFfrj_VgoKWPr52__NzewMhGQPa6x7PHq5ti0GeyklaCaV32nVwhcvPbyqI.qfxdfjm873JSny80zbFXupho-t9plBR4FyCFHgu65Wc&dib_tag=se&m=A31NFQQ4065CWX&marketplaceID=A19VAU5U5O7RUS&qid=1775480274&refinements=p_36%3A18000-18500&s=merchant-items&sr=1-165&xpid=Zhy8G3InZ8NL4#customerReviews,Saekano: How To Raise A Boring Girlfriend: Megumi Kato (Pillow Version) 1: 7 Scale PVC Figure
B07X3KS1T4,,188.62,https://www.amazon.sg/Coolline-Cristia-S1000X-Fishing-Styrofoam/dp/B07X3KS1T4/ref=sr_1_166?dib=eyJ2IjoiMSJ9.YUhSEc0-rI26tt44-G7I-K8r7aVwqJKAxZyWb6rXxHKd0H1j4fjtntnGqKDmIMSMx6eSDwO5kJhjMG0OLLud8PlRIQENd5BeOW5y3yCfd040CJfclFfrj_VgoKWPr52__NzewMhGQPa6x7PHq5ti0GeyklaCaV32nVwhcvPbyqI.qfxdfjm873JSny80zbFXupho-t9plBR4FyCFHgu65Wc&dib_tag=se&m=A31NFQQ4065CWX&marketplaceID=A19VAU5U5O7RUS&qid=1775480274&refinements=p_36%3A18000-18500&s=merchant-items&sr=1-166&xpid=Zhy8G3InZ8NL4#customerReviews,"Daiwa Coolline α Cristia S1000X Cooler Box, Fishing, Small, 10 Liters Styrofoam"
B07X3KS1T4,,,,
B07VGZ4V9F,,182.27,https://www.amazon.sg/Kaiyodo-Revoltech-Evangelion-Evolution-Natayanagi/dp/B07VGZ4V9F/ref=sr_1_167?dib=eyJ2IjoiMSJ9.YUhSEc0-rI26tt44-G7I-K8r7aVwqJKAxZyWb6rXxHKd0H1j4fjtntnGqKDmIMSMx6eSDwO5kJhjMG0OLLud8PlRIQENd5BeOW5y3yCfd040CJfclFfrj_VgoKWPr52__NzewMhGQPa6x7PHq5ti0GeyklaCaV32nVwhcvPbyqI.qfxdfjm873JSny80zbFXupho-t9plBR4FyCFHgu65Wc&dib_tag=se&m=A31NFQQ4065CWX&marketplaceID=A19VAU5U5O7RUS&qid=1775480274&refinements=p_36%3A18000-18500&s=merchant-items&sr=1-167&xpid=Zhy8G3InZ8NL4#customerReviews,Kaiyodo Revoltech: Evangelion Evolution EVA-01 Natayanagi Action Figure
B07S171WJ1,,228.11,https://www.amazon.sg/Furyu-Laid-Back-Camp-Kagamihara/dp/B07S171WJ1/ref=sr_1_168?dib=eyJ2IjoiMSJ9.YUhSEc0-rI26tt44-G7I-K8r7aVwqJKAxZyWb6rXxHKd0H1j4fjtntnGqKDmIMSMx6eSDwO5kJhjMG0OLLud8PlRIQENd5BeOW5y3yCfd040CJfclFfrj_VgoKWPr52__NzewMhGQPa6x7PHq5ti0GeyklaCaV32nVwhcvPbyqI.qfxdfjm873JSny80zbFXupho-t9plBR4FyCFHgu65Wc&dib_tag=se&m=A31NFQQ4065CWX&marketplaceID=A19VAU5U5O7RUS&qid=1775480274&refinements=p_36%3A18000-18500&s=merchant-items&sr=1-168&xpid=Zhy8G3InZ8NL4,"Furyu Laid Back Camp: Nadeshiko Kagamihara (Premium Noodle Stopper Version) 1: 8 Scale PVC Figure, Multicolor"
B07RXLW1HN,,183.35,https://www.amazon.sg/Lowerpro-Truckee-BP-150-LX/dp/B07RXLW1HN/ref=sr_1_169?dib=eyJ2IjoiMSJ9.YUhSEc0-rI26tt44-G7I-K8r7aVwqJKAxZyWb6rXxHKd0H1j4fjtntnGqKDmIMSMx6eSDwO5kJhjMG0OLLud8PlRIQENd5BeOW5y3yCfd040CJfclFfrj_VgoKWPr52__NzewMhGQPa6x7PHq5ti0GeyklaCaV32nVwhcvPbyqI.qfxdfjm873JSny80zbFXupho-t9plBR4FyCFHgu65Wc&dib_tag=se&m=A31NFQQ4065CWX&marketplaceID=A19VAU5U5O7RUS&qid=1775480274&refinements=p_36%3A18000-18500&s=merchant-items&sr=1-169&xpid=Zhy8G3InZ8NL4#customerReviews,Lowerpro Truckee BP 150 LX
B07RMPHLMK,,187.1,https://www.amazon.sg/SHIMANO-Brake-Shift-TIAGRA-ST-4720/dp/B07RMPHLMK/ref=sr_1_170?dib=eyJ2IjoiMSJ9.YUhSEc0-rI26tt44-G7I-K8r7aVwqJKAxZyWb6rXxHKd0H1j4fjtntnGqKDmIMSMx6eSDwO5kJhjMG0OLLud8PlRIQENd5BeOW5y3yCfd040CJfclFfrj_VgoKWPr52__NzewMhGQPa6x7PHq5ti0GeyklaCaV32nVwhcvPbyqI.qfxdfjm873JSny80zbFXupho-t9plBR4FyCFHgu65Wc&dib_tag=se&m=A31NFQQ4065CWX&marketplaceID=A19VAU5U5O7RUS&qid=1775480274&refinements=p_36%3A18000-18500&s=merchant-items&sr=1-170&xpid=Zhy8G3InZ8NL4#customerReviews,SHIMANO Brake/Shift Lever LH 2V Shim. Hydra TIAGRA ST-4720
B07RMPHLMK,,,,
B07R5GJ87W,,181.67,https://www.amazon.sg/MOTOLED-D45-18-708-Holder-CRF250L-CRF250/dp/B07R5GJ87W/ref=sr_1_171?dib=eyJ2IjoiMSJ9.YUhSEc0-rI26tt44-G7I-K8r7aVwqJKAxZyWb6rXxHKd0H1j4fjtntnGqKDmIMSMx6eSDwO5kJhjMG0OLLud8PlRIQENd5BeOW5y3yCfd040CJfclFfrj_VgoKWPr52__NzewMhGQPa6x7PHq5ti0GeyklaCaV32nVwhcvPbyqI.qfxdfjm873JSny80zbFXupho-t9plBR4FyCFHgu65Wc&dib_tag=se&m=A31NFQQ4065CWX&marketplaceID=A19VAU5U5O7RUS&qid=1775480274&refinements=p_36%3A18000-18500&s=merchant-items&sr=1-171&xpid=Zhy8G3InZ8NL4#customerReviews,MOTOLED D45-18-708 Edge Holder Kit CRF250L CRF250 RALLY (17-) Red Lens
B07R5GJ87W,,,,
B07QWV2PGZ,,183.81,https://www.amazon.sg/Ichiban-Oltenaus-Rubber-Assassin-Nightless/dp/B07QWV2PGZ/ref=sr_1_177?dib=eyJ2IjoiMSJ9.RRkeHMvp8QkVbP15aQ60vP0jNSgYm7DI4-AA8DoShVr3cs9aFQSRvelydEvnY5ScG1YJJgR2LNDHaWN02JbjrA.qQysA8KKrbK74oobNFx2NBkMKxegDvCDJKvCOnYo9Ec&dib_tag=se&m=A31NFQQ4065CWX&marketplaceID=A19VAU5U5O7RUS&qid=1775480279&refinements=p_36%3A18000-18500&s=merchant-items&sr=1-177&xpid=Zhy8G3InZ8NL4#customerReviews,Ichiban Kuji Fate Grand Order Oltenaus C Award Rubber Strap Assassin of Nightless City Wu Zetian
B07QWV2PGZ,,,,
B07N22F9R2,,195.9,https://www.amazon.sg/Daiwa-Bait-Reel-Tattooa-Model/dp/B07N22F9R2/ref=sr_1_178?dib=eyJ2IjoiMSJ9.RRkeHMvp8QkVbP15aQ60vP0jNSgYm7DI4-AA8DoShVr3cs9aFQSRvelydEvnY5ScG1YJJgR2LNDHaWN02JbjrA.qQysA8KKrbK74oobNFx2NBkMKxegDvCDJKvCOnYo9Ec&dib_tag=se&m=A31NFQQ4065CWX&marketplaceID=A19VAU5U5O7RUS&qid=1775480279&refinements=p_36%3A18000-18500&s=merchant-items&sr=1-178&xpid=Zhy8G3InZ8NL4#customerReviews,Daiwa Bait Reel 19 Tattooa TW (Right/Left Handle) (2019 Model)
B07N22F9R2,,,,
B07M7MW2Z6,,185.0,https://www.amazon.sg/Yamazaki-4490-Telescopic-Approx-21-8-35-4/dp/B07M7MW2Z6/ref=sr_1_179?dib=eyJ2IjoiMSJ9.RRkeHMvp8QkVbP15aQ60vP0jNSgYm7DI4-AA8DoShVr3cs9aFQSRvelydEvnY5ScG1YJJgR2LNDHaWN02JbjrA.qQysA8KKrbK74oobNFx2NBkMKxegDvCDJKvCOnYo9Ec&dib_tag=se&m=A31NFQQ4065CWX&marketplaceID=A19VAU5U5O7RUS&qid=1775480279&refinements=p_36%3A18000-18500&s=merchant-items&sr=1-179&xpid=Zhy8G3InZ8NL4#customerReviews,"Yamazaki 4490 Under Sink Telescopic Rack, Slim, White, Approx. W 21.8-35.4 x D 4.9 x H 3.0 inches (55.5-90 x 12.5 x 7.5 cm), Tower Kitchen Rack, Spice Rack, Under Sink Storage"
B07M7MW2Z6,,,,
B07LFW3XQG,,182.82,https://www.amazon.sg/Tama-TSDB1465NB-Drum-Bag-Snare/dp/B07LFW3XQG/ref=sr_1_180?dib=eyJ2IjoiMSJ9.RRkeHMvp8QkVbP15aQ60vP0jNSgYm7DI4-AA8DoShVr3cs9aFQSRvelydEvnY5ScG1YJJgR2LNDHaWN02JbjrA.qQysA8KKrbK74oobNFx2NBkMKxegDvCDJKvCOnYo9Ec&dib_tag=se&m=A31NFQQ4065CWX&marketplaceID=A19VAU5U5O7RUS&qid=1775480279&refinements=p_36%3A18000-18500&s=merchant-items&sr=1-180&xpid=Zhy8G3InZ8NL4#customerReviews,"Tama TSDB1465NB Drum Bag Snare - 6.5"" x 14"" - Navy Blue"
B07LFW3XQG,,,,
B07L32CY4X,,208.2,https://www.amazon.sg/Banpresto-Dragon-Ichiban-Kuji-Prize-Saiyan/dp/B07L32CY4X/ref=sr_1_181?dib=eyJ2IjoiMSJ9.RRkeHMvp8QkVbP15aQ60vP0jNSgYm7DI4-AA8DoShVr3cs9aFQSRvelydEvnY5ScG1YJJgR2LNDHaWN02JbjrA.qQysA8KKrbK74oobNFx2NBkMKxegDvCDJKvCOnYo9Ec&dib_tag=se&m=A31NFQQ4065CWX&marketplaceID=A19VAU5U5O7RUS&qid=1775480279&refinements=p_36%3A18000-18500&s=merchant-items&sr=1-181&xpid=Zhy8G3InZ8NL4#customerReviews,"Banpresto "" Dragon Ball Ichiban-Kuji The 20Th Film [Prize Last One] Super Saiyan Broly (Japan Import)"
B07JFWGT61,,192.97,https://www.amazon.sg/KAWAI-Syrophone-Piano-Ground-Type/dp/B07JFWGT61/ref=sr_1_177?dib=eyJ2IjoiMSJ9.eFa0TSVGE4KUFuS9GIp8jebtATeH2Mnev-V8H3jZYdALETcM0LYdvKaKY6zkWcUX22j66ZYppxmtrahMSQ2u0gsw57MmOo39f2uOiFaAEF1Kd8vDirhz_eRAbqtsiX6_WiLrKN-dWZSR9bDnpw8E0NewSw_6P6GLmT4jGG0y-KA.gEe5OLmLLFaJ2WMVf9Il_u-HaQWuTCu733HdD-W6Jx8&dib_tag=se&m=A31NFQQ4065CWX&marketplaceID=A19VAU5U5O7RUS&qid=1775480279&refinements=p_36%3A18000-18500&s=merchant-items&sr=1-177&xpid=Zhy8G3InZ8NL4#customerReviews,KAWAI Syrophone Piano G (Ground Type)
B07JDT6785,,180.33,https://www.amazon.sg/Venture-Polished-V-Hollow-Skateboard-Trucks/dp/B07JDT6785/ref=sr_1_178?dib=eyJ2IjoiMSJ9.eFa0TSVGE4KUFuS9GIp8jebtATeH2Mnev-V8H3jZYdALETcM0LYdvKaKY6zkWcUX22j66ZYppxmtrahMSQ2u0gsw57MmOo39f2uOiFaAEF1Kd8vDirhz_eRAbqtsiX6_WiLrKN-dWZSR9bDnpw8E0NewSw_6P6GLmT4jGG0y-KA.gEe5OLmLLFaJ2WMVf9Il_u-HaQWuTCu733HdD-W6Jx8&dib_tag=se&m=A31NFQQ4065CWX&marketplaceID=A19VAU5U5O7RUS&qid=1775480279&refinements=p_36%3A18000-18500&s=merchant-items&sr=1-178&xpid=Zhy8G3InZ8NL4,Venture All Polished V-Hollow Skateboard Trucks HI - Set of 2
B07JDT6785,,,,
B07HF8QN54,,208.35,https://www.amazon.sg/BrandName-Kotobukiya-Shaman-Painted-Figure/dp/B07HF8QN54/ref=sr_1_179?dib=eyJ2IjoiMSJ9.eFa0TSVGE4KUFuS9GIp8jebtATeH2Mnev-V8H3jZYdALETcM0LYdvKaKY6zkWcUX22j66ZYppxmtrahMSQ2u0gsw57MmOo39f2uOiFaAEF1Kd8vDirhz_eRAbqtsiX6_WiLrKN-dWZSR9bDnpw8E0NewSw_6P6GLmT4jGG0y-KA.gEe5OLmLLFaJ2WMVf9Il_u-HaQWuTCu733HdD-W6Jx8&dib_tag=se&m=A31NFQQ4065CWX&marketplaceID=A19VAU5U5O7RUS&qid=1775480279&refinements=p_36%3A18000-18500&s=merchant-items&sr=1-179&xpid=Zhy8G3InZ8NL4#customerReviews,"BrandName ""ţ½ű‹(Kotobukiya) Artfx J Shaman King Hao 1/8 Scale Painted Pvc Figure"
B07F2NL7G7,,182.97,https://www.amazon.sg/Shimano-BR-M9120-Brake-calliper-Mount/dp/B07F2NL7G7/ref=sr_1_180?dib=eyJ2IjoiMSJ9.eFa0TSVGE4KUFuS9GIp8jebtATeH2Mnev-V8H3jZYdALETcM0LYdvKaKY6zkWcUX22j66ZYppxmtrahMSQ2u0gsw57MmOo39f2uOiFaAEF1Kd8vDirhz_eRAbqtsiX6_WiLrKN-dWZSR9bDnpw8E0NewSw_6P6GLmT4jGG0y-KA.gEe5OLmLLFaJ2WMVf9Il_u-HaQWuTCu733HdD-W6Jx8&dib_tag=se&m=A31NFQQ4065CWX&marketplaceID=A19VAU5U5O7RUS&qid=1775480279&refinements=p_36%3A18000-18500&s=merchant-items&sr=1-180&xpid=Zhy8G3InZ8NL4#customerReviews,Shimano XTR M9120 Disc Brake Calliper
B07F2NL7G7,,,,
B07DZKXJ9Q,,185.0,https://www.amazon.sg/Imabari-Certified-Specifications-Absorbent-Drying/dp/B07DZKXJ9Q/ref=sr_1_181?dib=eyJ2IjoiMSJ9.eFa0TSVGE4KUFuS9GIp8jebtATeH2Mnev-V8H3jZYdALETcM0LYdvKaKY6zkWcUX22j66ZYppxmtrahMSQ2u0gsw57MmOo39f2uOiFaAEF1Kd8vDirhz_eRAbqtsiX6_WiLrKN-dWZSR9bDnpw8E0NewSw_6P6GLmT4jGG0y-KA.gEe5OLmLLFaJ2WMVf9Il_u-HaQWuTCu733HdD-W6Jx8&dib_tag=se&m=A31NFQQ4065CWX&marketplaceID=A19VAU5U5O7RUS&qid=1775480279&refinements=p_36%3A18000-18500&s=merchant-items&sr=1-181&xpid=Zhy8G3InZ8NL4#customerReviews,"Bloom Imabari Towel, Certified Bath Towel, Set of 2, Ciel, Hotel Specifications, Water Absorbent, Quick Drying, Room Drying, 100% Cotton, Made in Japan (White)"
B07DZKXJ9Q,,,,
B079FPB6SV,,183.81,https://www.amazon.sg/ValleyHill-Advan-42565-Separately-inches/dp/B079FPB6SV/ref=sr_1_182?dib=eyJ2IjoiMSJ9.eFa0TSVGE4KUFuS9GIp8jebtATeH2Mnev-V8H3jZYdALETcM0LYdvKaKY6zkWcUX22j66ZYppxmtrahMSQ2u0gsw57MmOo39f2uOiFaAEF1Kd8vDirhz_eRAbqtsiX6_WiLrKN-dWZSR9bDnpw8E0NewSw_6P6GLmT4jGG0y-KA.gEe5OLmLLFaJ2WMVf9Il_u-HaQWuTCu733HdD-W6Jx8&dib_tag=se&m=A31NFQQ4065CWX&marketplaceID=A19VAU5U5O7RUS&qid=1775480279&refinements=p_36%3A18000-18500&s=merchant-items&sr=1-182&xpid=Zhy8G3InZ8NL4,"ValleyHill Advan 42565 Piton Feet Sold Separately, For SP 6.3 inches (16 Φ40 cm)"
B079FPB6SV,,,,
B078LHYPGX,,203.04,https://www.amazon.sg/Bandai-Saint-Goddess-Athena-Figure/dp/B078LHYPGX/ref=sr_1_183?dib=eyJ2IjoiMSJ9.eFa0TSVGE4KUFuS9GIp8jebtATeH2Mnev-V8H3jZYdALETcM0LYdvKaKY6zkWcUX22j66ZYppxmtrahMSQ2u0gsw57MmOo39f2uOiFaAEF1Kd8vDirhz_eRAbqtsiX6_WiLrKN-dWZSR9bDnpw8E0NewSw_6P6GLmT4jGG0y-KA.gEe5OLmLLFaJ2WMVf9Il_u-HaQWuTCu733HdD-W6Jx8&dib_tag=se&m=A31NFQQ4065CWX&marketplaceID=A19VAU5U5O7RUS&qid=1775480279&refinements=p_36%3A18000-18500&s=merchant-items&sr=1-183&xpid=Zhy8G3InZ8NL4#customerReviews,"Bandai "" Saint Seiya Cloth Myth The Sun God Abel And Goddess Athena Set Of 2 Figure"
B078H2QKM6,,203.0,https://www.amazon.sg/Odin-Sphere-Leifthrasir-Gwendolyn-Figure/dp/B078H2QKM6/ref=sr_1_184?dib=eyJ2IjoiMSJ9.eFa0TSVGE4KUFuS9GIp8jebtATeH2Mnev-V8H3jZYdALETcM0LYdvKaKY6zkWcUX22j66ZYppxmtrahMSQ2u0gsw57MmOo39f2uOiFaAEF1Kd8vDirhz_eRAbqtsiX6_WiLrKN-dWZSR9bDnpw8E0NewSw_6P6GLmT4jGG0y-KA.gEe5OLmLLFaJ2WMVf9Il_u-HaQWuTCu733HdD-W6Jx8&dib_tag=se&m=A31NFQQ4065CWX&marketplaceID=A19VAU5U5O7RUS&qid=1775480279&refinements=p_36%3A18000-18500&s=merchant-items&sr=1-184&xpid=Zhy8G3InZ8NL4#customerReviews,Odin Sphere Leifthrasir: Gwendolyn Figure
B077M28N3L,,199.3,https://www.amazon.sg/One-Control-Apricot-Guitar-Effect/dp/B077M28N3L/ref=sr_1_185?dib=eyJ2IjoiMSJ9.eFa0TSVGE4KUFuS9GIp8jebtATeH2Mnev-V8H3jZYdALETcM0LYdvKaKY6zkWcUX22j66ZYppxmtrahMSQ2u0gsw57MmOo39f2uOiFaAEF1Kd8vDirhz_eRAbqtsiX6_WiLrKN-dWZSR9bDnpw8E0NewSw_6P6GLmT4jGG0y-KA.gEe5OLmLLFaJ2WMVf9Il_u-HaQWuTCu733HdD-W6Jx8&dib_tag=se&m=A31NFQQ4065CWX&marketplaceID=A19VAU5U5O7RUS&qid=1775480279&refinements=p_36%3A18000-18500&s=merchant-items&sr=1-185&xpid=Zhy8G3InZ8NL4,One Control Super Apricot OD · Guitar Effect
B077M28N3L,,,,
B071G7V6GN,,183.3,https://www.amazon.sg/Educational-Addictive-Finger-Development-Months/dp/B071G7V6GN/ref=sr_1_186?dib=eyJ2IjoiMSJ9.eFa0TSVGE4KUFuS9GIp8jebtATeH2Mnev-V8H3jZYdALETcM0LYdvKaKY6zkWcUX22j66ZYppxmtrahMSQ2u0gsw57MmOo39f2uOiFaAEF1Kd8vDirhz_eRAbqtsiX6_WiLrKN-dWZSR9bDnpw8E0NewSw_6P6GLmT4jGG0y-KA.gEe5OLmLLFaJ2WMVf9Il_u-HaQWuTCu733HdD-W6Jx8&dib_tag=se&m=A31NFQQ4065CWX&marketplaceID=A19VAU5U5O7RUS&qid=1775480279&refinements=p_36%3A18000-18500&s=merchant-items&sr=1-186&xpid=Zhy8G3InZ8NL4#customerReviews,"Royal Educational Toy, Addictive Box (Educational Toy, Finger Play, Development), Boys, Girls, Baby Toy, Ages 10 Months and Up"
B06Y216PKV,,182.81,https://www.amazon.sg/Instrument-Venova-YVS-100%E3%80%90Japan-Domestic-products%E3%80%91/dp/B06Y216PKV/ref=sr_1_187?dib=eyJ2IjoiMSJ9.eFa0TSVGE4KUFuS9GIp8jebtATeH2Mnev-V8H3jZYdALETcM0LYdvKaKY6zkWcUX22j66ZYppxmtrahMSQ2u0gsw57MmOo39f2uOiFaAEF1Kd8vDirhz_eRAbqtsiX6_WiLrKN-dWZSR9bDnpw8E0NewSw_6P6GLmT4jGG0y-KA.gEe5OLmLLFaJ2WMVf9Il_u-HaQWuTCu733HdD-W6Jx8&dib_tag=se&m=A31NFQQ4065CWX&marketplaceID=A19VAU5U5O7RUS&qid=1775480279&refinements=p_36%3A18000-18500&s=merchant-items&sr=1-187&xpid=Zhy8G3InZ8NL4#customerReviews,"YAMAHA Casual Wind Instrument""Venova"" YVS-100【Japan Domestic genuine products】"
B06Y216PKV,,,,
B01NAWFKQR,,199.24,https://www.amazon.sg/EVAH-PIRAZZI-GOLD-Pilazzi-Violin/dp/B01NAWFKQR/ref=sr_1_193?dib=eyJ2IjoiMSJ9.rEOEAOkm7oRKhcsth05Q2ACh4vePiw0_KT6YmErZkdPnTmttrSgl1iHXeKcvgHk6Fcpp0AEWtZGSRkuGPOJSJw.7VIJFODl9QiobZ4NE7pNXwR2Yf3ulK1CzAhfAWPr204&dib_tag=se&m=A31NFQQ4065CWX&marketplaceID=A19VAU5U5O7RUS&qid=1775480283&refinements=p_36%3A18000-18500&s=merchant-items&sr=1-193&xpid=Zhy8G3InZ8NL4,EVAH PIRAZZI GOLD Eva Pilazzi Gold Violin String Set (G Wire Silver) (E Wire Ball End)
B01NAWFKQR,,,,
B01MSPBDOJ,,202.89,https://www.amazon.sg/Industries-RH-6R-Ratchet-Handle-Strong/dp/B01MSPBDOJ/ref=sr_1_194?dib=eyJ2IjoiMSJ9.rEOEAOkm7oRKhcsth05Q2ACh4vePiw0_KT6YmErZkdPnTmttrSgl1iHXeKcvgHk6Fcpp0AEWtZGSRkuGPOJSJw.7VIJFODl9QiobZ4NE7pNXwR2Yf3ulK1CzAhfAWPr204&dib_tag=se&m=A31NFQQ4065CWX&marketplaceID=A19VAU5U5O7RUS&qid=1775480283&refinements=p_36%3A18000-18500&s=merchant-items&sr=1-194&xpid=Zhy8G3InZ8NL4#customerReviews,"Top Industries RH-6R Ratchet Handle, Strong Type, 15° Feed, Drive: 0.7 inches (19.0 mm), Forged"
B01MSPBDOJ,,,,
B01KYU0NUC,,211.49,https://www.amazon.sg/Daiwa-Spinning-Reel-Blast-Model/dp/B01KYU0NUC/ref=sr_1_195?dib=eyJ2IjoiMSJ9.rEOEAOkm7oRKhcsth05Q2ACh4vePiw0_KT6YmErZkdPnTmttrSgl1iHXeKcvgHk6Fcpp0AEWtZGSRkuGPOJSJw.7VIJFODl9QiobZ4NE7pNXwR2Yf3ulK1CzAhfAWPr204&dib_tag=se&m=A31NFQQ4065CWX&marketplaceID=A19VAU5U5O7RUS&qid=1775480283&refinements=p_36%3A18000-18500&s=merchant-items&sr=1-195&xpid=Zhy8G3InZ8NL4#customerReviews,Daiwa Spinning Reel 16 Blast (2016 Model)
B01KYU0NUC,,,,
B01JA7Z5XK,,215.61,https://www.amazon.sg/PLUM-Fate-Grand-Order-Scathach/dp/B01JA7Z5XK/ref=sr_1_196?dib=eyJ2IjoiMSJ9.rEOEAOkm7oRKhcsth05Q2ACh4vePiw0_KT6YmErZkdPnTmttrSgl1iHXeKcvgHk6Fcpp0AEWtZGSRkuGPOJSJw.7VIJFODl9QiobZ4NE7pNXwR2Yf3ulK1CzAhfAWPr204&dib_tag=se&m=A31NFQQ4065CWX&marketplaceID=A19VAU5U5O7RUS&qid=1775480283&refinements=p_36%3A18000-18500&s=merchant-items&sr=1-196&xpid=Zhy8G3InZ8NL4,PLUM Fate/Grand Order: Lancer Scathach 1:7 Scale PVC Figure PVC Figure
B01G8BEFXM,,180.0,https://www.amazon.sg/ZERO-JAPAN-Universal-ZG-004-CA/dp/B01G8BEFXM/ref=sr_1_197?dib=eyJ2IjoiMSJ9.rEOEAOkm7oRKhcsth05Q2ACh4vePiw0_KT6YmErZkdPnTmttrSgl1iHXeKcvgHk6Fcpp0AEWtZGSRkuGPOJSJw.7VIJFODl9QiobZ4NE7pNXwR2Yf3ulK1CzAhfAWPr204&dib_tag=se&m=A31NFQQ4065CWX&marketplaceID=A19VAU5U5O7RUS&qid=1775480283&refinements=p_36%3A18000-18500&s=merchant-items&sr=1-197&xpid=Zhy8G3InZ8NL4,"ZERO JAPAN Gift Set Universal Teapot for 4 People & 2 Teacup Tall Carrot ZG-004 CA Teapot / W170 x D110 x H123mm, Teacup Diameter 3.1 x H3.0 inches (80 x 78 mm)"
B01G8BEFXM,,,,
B01A8BLF4K,,184.27,https://www.amazon.sg/TAKOM-T-55-Russian-Medium-Model/dp/B01A8BLF4K/ref=sr_1_193?dib=eyJ2IjoiMSJ9.uw-OJRMlQGa13CIz7vxhSCy6UW9e1EnB5m_PJTN2OdC8FbNiSVRM0xfD59WsVy7Q3Jpe2etomx-VHD38k4pmegeuupFSCjfqGvNQkdgETkmGtAfpYuw4evCKEYeD-Uzn_q3V0X_j79zZwIcTGsm79baHD7lS3PU5rJoLZmPpA0c.krtswylNPdcOhxh6k-sLAeN9HDp2ZCNPCdsXbDfEUFs&dib_tag=se&m=A31NFQQ4065CWX&marketplaceID=A19VAU5U5O7RUS&qid=1775480283&refinements=p_36%3A18000-18500&s=merchant-items&sr=1-193&xpid=Zhy8G3InZ8NL4,TAKOM T-55 AM Russian Medium Tank Model Kit
B01A8BLF4K,,,,
B017NS3Q7K,,181.91,https://www.amazon.sg/Cisco-SFP-mini-GBIC-Transceiver-Module/dp/B017NS3Q7K/ref=sr_1_194?dib=eyJ2IjoiMSJ9.uw-OJRMlQGa13CIz7vxhSCy6UW9e1EnB5m_PJTN2OdC8FbNiSVRM0xfD59WsVy7Q3Jpe2etomx-VHD38k4pmegeuupFSCjfqGvNQkdgETkmGtAfpYuw4evCKEYeD-Uzn_q3V0X_j79zZwIcTGsm79baHD7lS3PU5rJoLZmPpA0c.krtswylNPdcOhxh6k-sLAeN9HDp2ZCNPCdsXbDfEUFs&dib_tag=se&m=A31NFQQ4065CWX&marketplaceID=A19VAU5U5O7RUS&qid=1775480283&refinements=p_36%3A18000-18500&s=merchant-items&sr=1-194&xpid=Zhy8G3InZ8NL4#customerReviews,Cisco SFP (mini-GBIC) Transceiver Module
B017NS3Q7K,,,,
B0152V74RS,,183.34,https://www.amazon.sg/RightOn-STRAPS-Guitar-95-150cm-SANDOKAN/dp/B0152V74RS/ref=sr_1_195?dib=eyJ2IjoiMSJ9.uw-OJRMlQGa13CIz7vxhSCy6UW9e1EnB5m_PJTN2OdC8FbNiSVRM0xfD59WsVy7Q3Jpe2etomx-VHD38k4pmegeuupFSCjfqGvNQkdgETkmGtAfpYuw4evCKEYeD-Uzn_q3V0X_j79zZwIcTGsm79baHD7lS3PU5rJoLZmPpA0c.krtswylNPdcOhxh6k-sLAeN9HDp2ZCNPCdsXbDfEUFs&dib_tag=se&m=A31NFQQ4065CWX&marketplaceID=A19VAU5U5O7RUS&qid=1775480283&refinements=p_36%3A18000-18500&s=merchant-items&sr=1-195&xpid=Zhy8G3InZ8NL4#customerReviews,RightOn! STRAPS ギターストラップ 幅 6cm、長さ 95~150cm SANDOKAN
B0152V74RS,,,,
B00VDM9VLI,,204.79,https://www.amazon.sg/Acrylic-Aquarium-Observation-Flat-2-724-02/dp/B00VDM9VLI/ref=sr_1_196?dib=eyJ2IjoiMSJ9.uw-OJRMlQGa13CIz7vxhSCy6UW9e1EnB5m_PJTN2OdC8FbNiSVRM0xfD59WsVy7Q3Jpe2etomx-VHD38k4pmegeuupFSCjfqGvNQkdgETkmGtAfpYuw4evCKEYeD-Uzn_q3V0X_j79zZwIcTGsm79baHD7lS3PU5rJoLZmPpA0c.krtswylNPdcOhxh6k-sLAeN9HDp2ZCNPCdsXbDfEUFs&dib_tag=se&m=A31NFQQ4065CWX&marketplaceID=A19VAU5U5O7RUS&qid=1775480283&refinements=p_36%3A18000-18500&s=merchant-items&sr=1-196&xpid=Zhy8G3InZ8NL4#customerReviews,AS ONE Acrylic Aquarium for Observation Flat Type (300 x 80) / 2-724-02
B00VDM9VLI,,,,
B00UY1EFGA,,182.49,https://www.amazon.sg/Bandai-MS-09R-Dozuru-Zabi-Rick/dp/B00UY1EFGA/ref=sr_1_197?dib=eyJ2IjoiMSJ9.uw-OJRMlQGa13CIz7vxhSCy6UW9e1EnB5m_PJTN2OdC8FbNiSVRM0xfD59WsVy7Q3Jpe2etomx-VHD38k4pmegeuupFSCjfqGvNQkdgETkmGtAfpYuw4evCKEYeD-Uzn_q3V0X_j79zZwIcTGsm79baHD7lS3PU5rJoLZmPpA0c.krtswylNPdcOhxh6k-sLAeN9HDp2ZCNPCdsXbDfEUFs&dib_tag=se&m=A31NFQQ4065CWX&marketplaceID=A19VAU5U5O7RUS&qid=1775480283&refinements=p_36%3A18000-18500&s=merchant-items&sr=1-197&xpid=Zhy8G3InZ8NL4#customerReviews,Bandai MG 1/100 MS-09R Dozuru Zabi Rick Dom
B00QUMHOYM,,212.37,https://www.amazon.sg/Gauge-Tokaido-Tokyo-Included-Railway/dp/B00QUMHOYM/ref=sr_1_198?dib=eyJ2IjoiMSJ9.uw-OJRMlQGa13CIz7vxhSCy6UW9e1EnB5m_PJTN2OdC8FbNiSVRM0xfD59WsVy7Q3Jpe2etomx-VHD38k4pmegeuupFSCjfqGvNQkdgETkmGtAfpYuw4evCKEYeD-Uzn_q3V0X_j79zZwIcTGsm79baHD7lS3PU5rJoLZmPpA0c.krtswylNPdcOhxh6k-sLAeN9HDp2ZCNPCdsXbDfEUFs&dib_tag=se&m=A31NFQQ4065CWX&marketplaceID=A19VAU5U5O7RUS&qid=1775480283&refinements=p_36%3A18000-18500&s=merchant-items&sr=1-198&xpid=Zhy8G3InZ8NL4#customerReviews,"KATO N Gauge E233 Series 3000 Series Tokaido Line and Ueno Tokyo Line Included, Set of 5, Railway Model Train"
B00NUN3C9U,,189.66,https://www.amazon.sg/KTC-Nepros-NBR490-Ratchet-Handle/dp/B00NUN3C9U/ref=sr_1_199?dib=eyJ2IjoiMSJ9.uw-OJRMlQGa13CIz7vxhSCy6UW9e1EnB5m_PJTN2OdC8FbNiSVRM0xfD59WsVy7Q3Jpe2etomx-VHD38k4pmegeuupFSCjfqGvNQkdgETkmGtAfpYuw4evCKEYeD-Uzn_q3V0X_j79zZwIcTGsm79baHD7lS3PU5rJoLZmPpA0c.krtswylNPdcOhxh6k-sLAeN9HDp2ZCNPCdsXbDfEUFs&dib_tag=se&m=A31NFQQ4065CWX&marketplaceID=A19VAU5U5O7RUS&qid=1775480283&refinements=p_36%3A18000-18500&s=merchant-items&sr=1-199&xpid=Zhy8G3InZ8NL4#customerReviews,"KTC Kyoto Tools () Nepros NBR490 1/2"" Ratchet Handle"
B00NUN3C9U,,,,
B00MGETUH2,,205.21,https://www.amazon.sg/DT-Swiss-tooth-ratchets-ratchet/dp/B00MGETUH2/ref=sr_1_200?dib=eyJ2IjoiMSJ9.uw-OJRMlQGa13CIz7vxhSCy6UW9e1EnB5m_PJTN2OdC8FbNiSVRM0xfD59WsVy7Q3Jpe2etomx-VHD38k4pmegeuupFSCjfqGvNQkdgETkmGtAfpYuw4evCKEYeD-Uzn_q3V0X_j79zZwIcTGsm79baHD7lS3PU5rJoLZmPpA0c.krtswylNPdcOhxh6k-sLAeN9HDp2ZCNPCdsXbDfEUFs&dib_tag=se&m=A31NFQQ4065CWX&marketplaceID=A19VAU5U5O7RUS&qid=1775480283&refinements=p_36%3A18000-18500&s=merchant-items&sr=1-200&xpid=Zhy8G3InZ8NL4,DT Swiss 36 tooth ratchets rings for star ratchet hubs - 180/240 / 350
B00MGETUH2,,,,
B00LBZU2MY,,184.99,https://www.amazon.sg/Bandai-Ressha-Sentai-ToQger-SafariGaOh/dp/B00LBZU2MY/ref=sr_1_201?dib=eyJ2IjoiMSJ9.uw-OJRMlQGa13CIz7vxhSCy6UW9e1EnB5m_PJTN2OdC8FbNiSVRM0xfD59WsVy7Q3Jpe2etomx-VHD38k4pmegeuupFSCjfqGvNQkdgETkmGtAfpYuw4evCKEYeD-Uzn_q3V0X_j79zZwIcTGsm79baHD7lS3PU5rJoLZmPpA0c.krtswylNPdcOhxh6k-sLAeN9HDp2ZCNPCdsXbDfEUFs&dib_tag=se&m=A31NFQQ4065CWX&marketplaceID=A19VAU5U5O7RUS&qid=1775480283&refinements=p_36%3A18000-18500&s=merchant-items&sr=1-201&xpid=Zhy8G3InZ8NL4#customerReviews,Bandai Ressha Sentai ToQger Train Union Series EX Ressha Gattai DX SafariGaOh
B00KRJDF1A,,191.94,https://www.amazon.sg/Banda%C3%AF-Bandai-Gundam-Ms-06F-Dozle/dp/B00KRJDF1A/ref=sr_1_202?dib=eyJ2IjoiMSJ9.uw-OJRMlQGa13CIz7vxhSCy6UW9e1EnB5m_PJTN2OdC8FbNiSVRM0xfD59WsVy7Q3Jpe2etomx-VHD38k4pmegeuupFSCjfqGvNQkdgETkmGtAfpYuw4evCKEYeD-Uzn_q3V0X_j79zZwIcTGsm79baHD7lS3PU5rJoLZmPpA0c.krtswylNPdcOhxh6k-sLAeN9HDp2ZCNPCdsXbDfEUFs&dib_tag=se&m=A31NFQQ4065CWX&marketplaceID=A19VAU5U5O7RUS&qid=1775480283&refinements=p_36%3A18000-18500&s=merchant-items&sr=1-202&xpid=Zhy8G3InZ8NL4#customerReviews,Bandaï Bandai Gundam Mg Ms-06F Zaku Ii Dozle Zabi - 1/100 Model Kit Premium Bandai Ltd.
B00EVJRL2Q,,180.3,https://www.amazon.sg/Banda%C3%AF-Kamen-Rider-Musou-Saber/dp/B00EVJRL2Q/ref=sr_1_203?dib=eyJ2IjoiMSJ9.uw-OJRMlQGa13CIz7vxhSCy6UW9e1EnB5m_PJTN2OdC8FbNiSVRM0xfD59WsVy7Q3Jpe2etomx-VHD38k4pmegeuupFSCjfqGvNQkdgETkmGtAfpYuw4evCKEYeD-Uzn_q3V0X_j79zZwIcTGsm79baHD7lS3PU5rJoLZmPpA0c.krtswylNPdcOhxh6k-sLAeN9HDp2ZCNPCdsXbDfEUFs&dib_tag=se&m=A31NFQQ4065CWX&marketplaceID=A19VAU5U5O7RUS&qid=1775480283&refinements=p_36%3A18000-18500&s=merchant-items&sr=1-203&xpid=Zhy8G3InZ8NL4#customerReviews,Bandaï Kamen Rider Gaim Dx Musou Saber & Melon Lock Seed
B00DUBHD8S,,183.33,https://www.amazon.sg/Thule-931100-EasyFold-Carrying-Carrier/dp/B00DUBHD8S/ref=sr_1_209?dib=eyJ2IjoiMSJ9.VH1WY8sVnGa2ztPeaIc7-Txr2dv4-l51Pnroa5LGzVA-RpVAn3FgdYB4M9DAPhEH5iVaVWJ0jIu1MblOWI6OdA.bTfT9kmUtasTf4vipym1c-wd_WqG4heJKKGPrSBapKI&dib_tag=se&m=A31NFQQ4065CWX&marketplaceID=A19VAU5U5O7RUS&qid=1775480288&refinements=p_36%3A18000-18500&s=merchant-items&sr=1-209&xpid=Zhy8G3InZ8NL4#customerReviews,Thule 931100 EasyFold Carrying Bag Bike Carrier
B00DUBHD8S,,,,
B00BKV9ZPE,,191.27,https://www.amazon.sg/Horie-titanium-double-tumbler-booster/dp/B00BKV9ZPE/ref=sr_1_210?dib=eyJ2IjoiMSJ9.VH1WY8sVnGa2ztPeaIc7-Txr2dv4-l51Pnroa5LGzVA-RpVAn3FgdYB4M9DAPhEH5iVaVWJ0jIu1MblOWI6OdA.bTfT9kmUtasTf4vipym1c-wd_WqG4heJKKGPrSBapKI&dib_tag=se&m=A31NFQQ4065CWX&marketplaceID=A19VAU5U5O7RUS&qid=1775480288&refinements=p_36%3A18000-18500&s=merchant-items&sr=1-210&xpid=Zhy8G3InZ8NL4#customerReviews,Horie titanium double tumbler booster cup 270 (japan import)
B00BKV9ZPE,,,,
B00AQFU6BW,,197.39,https://www.amazon.sg/Violin-strings-Pirazzi-4-string-Silver/dp/B00AQFU6BW/ref=sr_1_211?dib=eyJ2IjoiMSJ9.VH1WY8sVnGa2ztPeaIc7-Txr2dv4-l51Pnroa5LGzVA-RpVAn3FgdYB4M9DAPhEH5iVaVWJ0jIu1MblOWI6OdA.bTfT9kmUtasTf4vipym1c-wd_WqG4heJKKGPrSBapKI&dib_tag=se&m=A31NFQQ4065CWX&marketplaceID=A19VAU5U5O7RUS&qid=1775480288&refinements=p_36%3A18000-18500&s=merchant-items&sr=1-211&xpid=Zhy8G3InZ8NL4,"Violin strings Evah Pirazzi 4-string set (Silver E ball, A D G)"
B00AQFU6BW,,,,
B009AM1IRS,,181.34,https://www.amazon.sg/Manchu-Fighter-Dragon-Formula-Kawasaki/dp/B009AM1IRS/ref=sr_1_212?dib=eyJ2IjoiMSJ9.VH1WY8sVnGa2ztPeaIc7-Txr2dv4-l51Pnroa5LGzVA-RpVAn3FgdYB4M9DAPhEH5iVaVWJ0jIu1MblOWI6OdA.bTfT9kmUtasTf4vipym1c-wd_WqG4heJKKGPrSBapKI&dib_tag=se&m=A31NFQQ4065CWX&marketplaceID=A19VAU5U5O7RUS&qid=1775480288&refinements=p_36%3A18000-18500&s=merchant-items&sr=1-212&xpid=Zhy8G3InZ8NL4,Manchu Army Air Corps Fighter Kill a Dragon Hei Type Two Seater Formula Breaks Kawasaki Ki 45 1/48
B00762AG9A,,181.64,https://www.amazon.sg/Machine-KTC-Hexagon-Socket-TBT3L07BPBH/dp/B00762AG9A/ref=sr_1_213?dib=eyJ2IjoiMSJ9.VH1WY8sVnGa2ztPeaIc7-Txr2dv4-l51Pnroa5LGzVA-RpVAn3FgdYB4M9DAPhEH5iVaVWJ0jIu1MblOWI6OdA.bTfT9kmUtasTf4vipym1c-wd_WqG4heJKKGPrSBapKI&dib_tag=se&m=A31NFQQ4065CWX&marketplaceID=A19VAU5U5O7RUS&qid=1775480288&refinements=p_36%3A18000-18500&s=merchant-items&sr=1-213&xpid=Zhy8G3InZ8NL4#customerReviews,Kyoto Machine Tools (KTC) 3/8 inch (9.5 mm) Long Ball Point Hexagon Bit Socket Set of 7 TBT3L07BPBH
B00762AG9A,,,,
B006O6EIEI,,180.68,https://www.amazon.sg/Barbie-X7738-Photo-Fashion-Doll/dp/B006O6EIEI/ref=sr_1_209?dib=eyJ2IjoiMSJ9.PfDVz3jsTSx5OyptGNKPm3IoEi4Tw6SAC-xc39muVykdOMgsXEGXylbjt8RGcWmh_iXkI7lEvlRaljs6OU668icZctv9zHBw-nR_G7LCyd8pi-RAzSQFihagLHF6aOnAW9N5g7QJVE-lQcVH46Bc-YOf9O4djTrL7TTp3QmwONo.1eN1RWBXyim_C8hpNoWHvsVtZXWTF576VpvMUKMKisg&dib_tag=se&m=A31NFQQ4065CWX&marketplaceID=A19VAU5U5O7RUS&qid=1775480288&refinements=p_36%3A18000-18500&s=merchant-items&sr=1-209&xpid=Zhy8G3InZ8NL4#customerReviews,Barbie Photo Fashion Doll
B005M2WJDW,,183.26,https://www.amazon.sg/Wera-05073220001-073220-Tool-Check/dp/B005M2WJDW/ref=sr_1_210?dib=eyJ2IjoiMSJ9.PfDVz3jsTSx5OyptGNKPm3IoEi4Tw6SAC-xc39muVykdOMgsXEGXylbjt8RGcWmh_iXkI7lEvlRaljs6OU668icZctv9zHBw-nR_G7LCyd8pi-RAzSQFihagLHF6aOnAW9N5g7QJVE-lQcVH46Bc-YOf9O4djTrL7TTp3QmwONo.1eN1RWBXyim_C8hpNoWHvsVtZXWTF576VpvMUKMKisg&dib_tag=se&m=A31NFQQ4065CWX&marketplaceID=A19VAU5U5O7RUS&qid=1775480288&refinements=p_36%3A18000-18500&s=merchant-items&sr=1-210&xpid=Zhy8G3InZ8NL4#customerReviews,"Wera 073220 ""Tool Check"""
B005M2WJDW,,,,
B004MXSH74,,212.46,https://www.amazon.sg/CKD-4F22008AC200V-4F220-08-Ac200V/dp/B004MXSH74/ref=sr_1_211?dib=eyJ2IjoiMSJ9.PfDVz3jsTSx5OyptGNKPm3IoEi4Tw6SAC-xc39muVykdOMgsXEGXylbjt8RGcWmh_iXkI7lEvlRaljs6OU668icZctv9zHBw-nR_G7LCyd8pi-RAzSQFihagLHF6aOnAW9N5g7QJVE-lQcVH46Bc-YOf9O4djTrL7TTp3QmwONo.1eN1RWBXyim_C8hpNoWHvsVtZXWTF576VpvMUKMKisg&dib_tag=se&m=A31NFQQ4065CWX&marketplaceID=A19VAU5U5O7RUS&qid=1775480288&refinements=p_36%3A18000-18500&s=merchant-items&sr=1-211&xpid=Zhy8G3InZ8NL4,CKD 4F220-08-Ac200V
B004MXSH74,,,,
B004KZUC18,,181.2,https://www.amazon.sg/Thomson-Elite-Mountain-Stem-Black/dp/B004KZUC18/ref=sr_1_212?dib=eyJ2IjoiMSJ9.PfDVz3jsTSx5OyptGNKPm3IoEi4Tw6SAC-xc39muVykdOMgsXEGXylbjt8RGcWmh_iXkI7lEvlRaljs6OU668icZctv9zHBw-nR_G7LCyd8pi-RAzSQFihagLHF6aOnAW9N5g7QJVE-lQcVH46Bc-YOf9O4djTrL7TTp3QmwONo.1eN1RWBXyim_C8hpNoWHvsVtZXWTF576VpvMUKMKisg&dib_tag=se&m=A31NFQQ4065CWX&marketplaceID=A19VAU5U5O7RUS&qid=1775480288&refinements=p_36%3A18000-18500&s=merchant-items&sr=1-212&xpid=Zhy8G3InZ8NL4#customerReviews,Thomson Elite X4 MTN Mountain Stem 31.8 0d x 80mm Black
B004KZUC18,,,,
B004ISTICQ,,191.75,https://www.amazon.sg/Gedore-1500-CT1-IN-19-LKM/dp/B004ISTICQ/ref=sr_1_213?dib=eyJ2IjoiMSJ9.PfDVz3jsTSx5OyptGNKPm3IoEi4Tw6SAC-xc39muVykdOMgsXEGXylbjt8RGcWmh_iXkI7lEvlRaljs6OU668icZctv9zHBw-nR_G7LCyd8pi-RAzSQFihagLHF6aOnAW9N5g7QJVE-lQcVH46Bc-YOf9O4djTrL7TTp3QmwONo.1eN1RWBXyim_C8hpNoWHvsVtZXWTF576VpvMUKMKisg&dib_tag=se&m=A31NFQQ4065CWX&marketplaceID=A19VAU5U5O7RUS&qid=1775480288&refinements=p_36%3A18000-18500&s=merchant-items&sr=1-213&xpid=Zhy8G3InZ8NL4,Gedore 2308932 Hexagon Bit
B004ISTICQ,,,,
B004IKTXPQ,,200.42,https://www.amazon.sg/Ko-ken-3252M-9-5mm-Socket-15-Piece/dp/B004IKTXPQ/ref=sr_1_214?dib=eyJ2IjoiMSJ9.PfDVz3jsTSx5OyptGNKPm3IoEi4Tw6SAC-xc39muVykdOMgsXEGXylbjt8RGcWmh_iXkI7lEvlRaljs6OU668icZctv9zHBw-nR_G7LCyd8pi-RAzSQFihagLHF6aOnAW9N5g7QJVE-lQcVH46Bc-YOf9O4djTrL7TTp3QmwONo.1eN1RWBXyim_C8hpNoWHvsVtZXWTF576VpvMUKMKisg&dib_tag=se&m=A31NFQQ4065CWX&marketplaceID=A19VAU5U5O7RUS&qid=1775480288&refinements=p_36%3A18000-18500&s=merchant-items&sr=1-214&xpid=Zhy8G3InZ8NL4#customerReviews,"Ko-ken 3252M 3/8 (9.5mm) SQ. Socket Set, 15-Piece Set"
B004IKTXPQ,,,,
B004D2FXP8,,180.59,https://www.amazon.sg/Cortina-YUS180-0169000-Super-inches/dp/B004D2FXP8/ref=sr_1_215?dib=eyJ2IjoiMSJ9.PfDVz3jsTSx5OyptGNKPm3IoEi4Tw6SAC-xc39muVykdOMgsXEGXylbjt8RGcWmh_iXkI7lEvlRaljs6OU668icZctv9zHBw-nR_G7LCyd8pi-RAzSQFihagLHF6aOnAW9N5g7QJVE-lQcVH46Bc-YOf9O4djTrL7TTp3QmwONo.1eN1RWBXyim_C8hpNoWHvsVtZXWTF576VpvMUKMKisg&dib_tag=se&m=A31NFQQ4065CWX&marketplaceID=A19VAU5U5O7RUS&qid=1775480288&refinements=p_36%3A18000-18500&s=merchant-items&sr=1-215&xpid=Zhy8G3InZ8NL4,"Cortina YUS180 0169000 Super Thick Sole Sauce Pan, 7.1 inches (18 cm), One Hand"
B004D2FXP8,,,,
B003UAYG48,,190.03,https://www.amazon.sg/SHIMANO-Shimano-Dura-Ace-8-inch-Y16S53001/dp/B003UAYG48/ref=sr_1_216?dib=eyJ2IjoiMSJ9.PfDVz3jsTSx5OyptGNKPm3IoEi4Tw6SAC-xc39muVykdOMgsXEGXylbjt8RGcWmh_iXkI7lEvlRaljs6OU668icZctv9zHBw-nR_G7LCyd8pi-RAzSQFihagLHF6aOnAW9N5g7QJVE-lQcVH46Bc-YOf9O4djTrL7TTp3QmwONo.1eN1RWBXyim_C8hpNoWHvsVtZXWTF576VpvMUKMKisg&dib_tag=se&m=A31NFQQ4065CWX&marketplaceID=A19VAU5U5O7RUS&qid=1775480288&refinements=p_36%3A18000-18500&s=merchant-items&sr=1-216&xpid=Zhy8G3InZ8NL4,SHIMANO (Shimano) Dura-Ace Track Chain Ring 1/2 inch x1 / 8-inch Thick Tooth 53T NJS Y16S53001
B003UAYG48,,,,
B002UBTR5G,,,https://www.amazon.sg/Shrimp-Punch-Steel-Tubes-A63/dp/B002UBTR5G/ref=sr_1_217?dib=eyJ2IjoiMSJ9.PfDVz3jsTSx5OyptGNKPm3IoEi4Tw6SAC-xc39muVykdOMgsXEGXylbjt8RGcWmh_iXkI7lEvlRaljs6OU668icZctv9zHBw-nR_G7LCyd8pi-RAzSQFihagLHF6aOnAW9N5g7QJVE-lQcVH46Bc-YOf9O4djTrL7TTp3QmwONo.1eN1RWBXyim_C8hpNoWHvsVtZXWTF576VpvMUKMKisg&dib_tag=se&m=A31NFQQ4065CWX&marketplaceID=A19VAU5U5O7RUS&qid=1775480288&refinements=p_36%3A18000-18500&s=merchant-items&sr=1-217&xpid=Zhy8G3InZ8NL4#customerReviews,Shrimp Punch Dice for Thin Steel Tubes A63
B002A5XOJW,,180.48,https://www.amazon.sg/Trusco-B3-B-3-Y/dp/B002A5XOJW/ref=sr_1_218?dib=eyJ2IjoiMSJ9.PfDVz3jsTSx5OyptGNKPm3IoEi4Tw6SAC-xc39muVykdOMgsXEGXylbjt8RGcWmh_iXkI7lEvlRaljs6OU668icZctv9zHBw-nR_G7LCyd8pi-RAzSQFihagLHF6aOnAW9N5g7QJVE-lQcVH46Bc-YOf9O4djTrL7TTp3QmwONo.1eN1RWBXyim_C8hpNoWHvsVtZXWTF576VpvMUKMKisg&dib_tag=se&m=A31NFQQ4065CWX&marketplaceID=A19VAU5U5O7RUS&qid=1775480288&refinements=p_36%3A18000-18500&s=merchant-items&sr=1-218&xpid=Zhy8G3InZ8NL4,B-3-Y
B002A5XOJW,,,,
B001U53R72,,184.76,https://www.amazon.sg/Victorinox-1-6795-LB1-Swiss-Leather-Pocket/dp/B001U53R72/ref=sr_1_219?dib=eyJ2IjoiMSJ9.PfDVz3jsTSx5OyptGNKPm3IoEi4Tw6SAC-xc39muVykdOMgsXEGXylbjt8RGcWmh_iXkI7lEvlRaljs6OU668icZctv9zHBw-nR_G7LCyd8pi-RAzSQFihagLHF6aOnAW9N5g7QJVE-lQcVH46Bc-YOf9O4djTrL7TTp3QmwONo.1eN1RWBXyim_C8hpNoWHvsVtZXWTF576VpvMUKMKisg&dib_tag=se&m=A31NFQQ4065CWX&marketplaceID=A19VAU5U5O7RUS&qid=1775480288&refinements=p_36%3A18000-18500&s=merchant-items&sr=1-219&xpid=Zhy8G3InZ8NL4#customerReviews,Victorinox 1.6795.LB1 Swiss Champ Army Knife with Leather Pouch Pocket
B001U53R72,,,,
B001RWAG8Q,,180.29,https://www.amazon.sg/572-TONE-Square-Drive-Ratchet/dp/B001RWAG8Q/ref=sr_1_225?dib=eyJ2IjoiMSJ9.E2K0E4iCTxKabYi0piqr3ge_7ehB0dOHaJUHW83iQAAGB7grdC6bQT4M4FNZTjLW05BnQR2hvnM4piZ4g9nofg.GmpcfbqR5-EUiktybgzvQGO_rxaU3m1ohZV0UKH4Mb0&dib_tag=se&m=A31NFQQ4065CWX&marketplaceID=A19VAU5U5O7RUS&qid=1775480294&refinements=p_36%3A18000-18500&s=merchant-items&sr=1-225&xpid=Zhy8G3InZ8NL4,"572 TONE 1"" Square Drive 24 Teeth Ratchet Head"
B001RWAG8Q,,,,
B001MWAE92,,183.01,https://www.amazon.sg/Tama-CA45EN-Cymbal-Attachment-inches/dp/B001MWAE92/ref=sr_1_226?dib=eyJ2IjoiMSJ9.E2K0E4iCTxKabYi0piqr3ge_7ehB0dOHaJUHW83iQAAGB7grdC6bQT4M4FNZTjLW05BnQR2hvnM4piZ4g9nofg.GmpcfbqR5-EUiktybgzvQGO_rxaU3m1ohZV0UKH4Mb0&dib_tag=se&m=A31NFQQ4065CWX&marketplaceID=A19VAU5U5O7RUS&qid=1775480294&refinements=p_36%3A18000-18500&s=merchant-items&sr=1-226&xpid=Zhy8G3InZ8NL4#customerReviews,"Tama CA45EN Boom Cymbal Attachment, Long Type, 17.7 inches (450 mm)"
B001MWAE92,,,,
B001HC2U80,,194.8,https://www.amazon.sg/Windlass-Covered-Foot-Switch-Wht/dp/B001HC2U80/ref=sr_1_227?dib=eyJ2IjoiMSJ9.E2K0E4iCTxKabYi0piqr3ge_7ehB0dOHaJUHW83iQAAGB7grdC6bQT4M4FNZTjLW05BnQR2hvnM4piZ4g9nofg.GmpcfbqR5-EUiktybgzvQGO_rxaU3m1ohZV0UKH4Mb0&dib_tag=se&m=A31NFQQ4065CWX&marketplaceID=A19VAU5U5O7RUS&qid=1775480294&refinements=p_36%3A18000-18500&s=merchant-items&sr=1-227&xpid=Zhy8G3InZ8NL4,Windlass Covered Foot Switch Wht Up Covered Foot Switch
B001HC2U80,,,,
B000Y7UMUM,,180.78,https://www.amazon.sg/TAMA-MS205STBK-Microphone-Stand-Short/dp/B000Y7UMUM/ref=sr_1_228?dib=eyJ2IjoiMSJ9.E2K0E4iCTxKabYi0piqr3ge_7ehB0dOHaJUHW83iQAAGB7grdC6bQT4M4FNZTjLW05BnQR2hvnM4piZ4g9nofg.GmpcfbqR5-EUiktybgzvQGO_rxaU3m1ohZV0UKH4Mb0&dib_tag=se&m=A31NFQQ4065CWX&marketplaceID=A19VAU5U5O7RUS&qid=1775480294&refinements=p_36%3A18000-18500&s=merchant-items&sr=1-228&xpid=Zhy8G3InZ8NL4#customerReviews,"TAMA MS205STBK Boom Microphone Stand, Short, Black"
B000Y7UMUM,,,,
B000W9IN6W,,209.45,https://www.amazon.sg/KANON-Nakamura-MFG-N450Qlk-Qlk45N/dp/B000W9IN6W/ref=sr_1_229?dib=eyJ2IjoiMSJ9.E2K0E4iCTxKabYi0piqr3ge_7ehB0dOHaJUHW83iQAAGB7grdC6bQT4M4FNZTjLW05BnQR2hvnM4piZ4g9nofg.GmpcfbqR5-EUiktybgzvQGO_rxaU3m1ohZV0UKH4Mb0&dib_tag=se&m=A31NFQQ4065CWX&marketplaceID=A19VAU5U5O7RUS&qid=1775480294&refinements=p_36%3A18000-18500&s=merchant-items&sr=1-229&xpid=Zhy8G3InZ8NL4,N450Qlk (Qlk45N)
B000W9IN6W,,,,
B000TGCS1E,,203.59,https://www.amazon.sg/T-Shaped-Slide-Handle-inches-415/dp/B000TGCS1E/ref=sr_1_225?dib=eyJ2IjoiMSJ9.DcUq80kJlohUu_FwFu9akHbkUXMggUZzz4fjicMRAGhi444hizjSxb5F9VslKg4F29A48aMnWhriuHBteZJIbpWxGhGMOMKtreyv_w6tNn4WqucuROgCzAPaCpGenoxQsujx2OTE6qUVDm_u-16R0XN4Yrkdr20Y0CZqMut_KcQ.PVCLMfFOY2uDqrZHlwmFxu1J4kJjnr3EA10HHxxnsI4&dib_tag=se&m=A31NFQQ4065CWX&marketplaceID=A19VAU5U5O7RUS&qid=1775480294&refinements=p_36%3A18000-18500&s=merchant-items&sr=1-225&xpid=Zhy8G3InZ8NL4#customerReviews,"Tone T-Shaped Slide Handle, 16.3 inches (415 mm), Drive: 1.0 inches (25.4 mm)"
B000TGCS1E,,,,
B000T9NGF8,,183.27,https://www.amazon.sg/Ortofon-OM-Qbert-Q-Bert/dp/B000T9NGF8/ref=sr_1_226?dib=eyJ2IjoiMSJ9.DcUq80kJlohUu_FwFu9akHbkUXMggUZzz4fjicMRAGhi444hizjSxb5F9VslKg4F29A48aMnWhriuHBteZJIbpWxGhGMOMKtreyv_w6tNn4WqucuROgCzAPaCpGenoxQsujx2OTE6qUVDm_u-16R0XN4Yrkdr20Y0CZqMut_KcQ.PVCLMfFOY2uDqrZHlwmFxu1J4kJjnr3EA10HHxxnsI4&dib_tag=se&m=A31NFQQ4065CWX&marketplaceID=A19VAU5U5O7RUS&qid=1775480294&refinements=p_36%3A18000-18500&s=merchant-items&sr=1-226&xpid=Zhy8G3InZ8NL4#customerReviews,Ortofon OM Q.Bert
B000T9NGF8,,,,
B000FIHF1O,,183.0,https://www.amazon.sg/Kawai-6030-passenger-bike-6030-8/dp/B000FIHF1O/ref=sr_1_227?dib=eyJ2IjoiMSJ9.DcUq80kJlohUu_FwFu9akHbkUXMggUZzz4fjicMRAGhi444hizjSxb5F9VslKg4F29A48aMnWhriuHBteZJIbpWxGhGMOMKtreyv_w6tNn4WqucuROgCzAPaCpGenoxQsujx2OTE6qUVDm_u-16R0XN4Yrkdr20Y0CZqMut_KcQ.PVCLMfFOY2uDqrZHlwmFxu1J4kJjnr3EA10HHxxnsI4&dib_tag=se&m=A31NFQQ4065CWX&marketplaceID=A19VAU5U5O7RUS&qid=1775480294&refinements=p_36%3A18000-18500&s=merchant-items&sr=1-227&xpid=Zhy8G3InZ8NL4#customerReviews,passenger bike 6030-8
B000BUMEOE,,203.51,https://www.amazon.sg/Bandai-Gundam-Mrx-009-Action-Figure/dp/B000BUMEOE/ref=sr_1_228?dib=eyJ2IjoiMSJ9.DcUq80kJlohUu_FwFu9akHbkUXMggUZzz4fjicMRAGhi444hizjSxb5F9VslKg4F29A48aMnWhriuHBteZJIbpWxGhGMOMKtreyv_w6tNn4WqucuROgCzAPaCpGenoxQsujx2OTE6qUVDm_u-16R0XN4Yrkdr20Y0CZqMut_KcQ.PVCLMfFOY2uDqrZHlwmFxu1J4kJjnr3EA10HHxxnsI4&dib_tag=se&m=A31NFQQ4065CWX&marketplaceID=A19VAU5U5O7RUS&qid=1775480294&refinements=p_36%3A18000-18500&s=merchant-items&sr=1-228&xpid=Zhy8G3InZ8NL4#customerReviews,Bandai Gundam Msia Mrx-009 Psyco Gundam Action Figure
B0009TCDX4,,183.15,https://www.amazon.sg/Symmons-TA-10-Temptrol-Replacement-Cartridge/dp/B0009TCDX4/ref=sr_1_229?dib=eyJ2IjoiMSJ9.DcUq80kJlohUu_FwFu9akHbkUXMggUZzz4fjicMRAGhi444hizjSxb5F9VslKg4F29A48aMnWhriuHBteZJIbpWxGhGMOMKtreyv_w6tNn4WqucuROgCzAPaCpGenoxQsujx2OTE6qUVDm_u-16R0XN4Yrkdr20Y0CZqMut_KcQ.PVCLMfFOY2uDqrZHlwmFxu1J4kJjnr3EA10HHxxnsI4&dib_tag=se&m=A31NFQQ4065CWX&marketplaceID=A19VAU5U5O7RUS&qid=1775480294&refinements=p_36%3A18000-18500&s=merchant-items&sr=1-229&xpid=Zhy8G3InZ8NL4#customerReviews,"Symmons TA-10 Geniune Temptrol Replacement Spindle/Cartridge, N/A"
B0009TCDX4,,,,
B00063JF7A,,184.04,https://www.amazon.sg/Wave-Five-Star-Stories-Transparent/dp/B00063JF7A/ref=sr_1_230?dib=eyJ2IjoiMSJ9.DcUq80kJlohUu_FwFu9akHbkUXMggUZzz4fjicMRAGhi444hizjSxb5F9VslKg4F29A48aMnWhriuHBteZJIbpWxGhGMOMKtreyv_w6tNn4WqucuROgCzAPaCpGenoxQsujx2OTE6qUVDm_u-16R0XN4Yrkdr20Y0CZqMut_KcQ.PVCLMfFOY2uDqrZHlwmFxu1J4kJjnr3EA10HHxxnsI4&dib_tag=se&m=A31NFQQ4065CWX&marketplaceID=A19VAU5U5O7RUS&qid=1775480294&refinements=p_36%3A18000-18500&s=merchant-items&sr=1-230&xpid=Zhy8G3InZ8NL4#customerReviews,"""Wave ""Five Star Stories: Fs127 Mirage Red Transparent Armor Edition Plastic Model 1/100 Scale"
B0003KDF4U,,181.85,https://www.amazon.sg/Kato-2006-1-Standard-Steam-Locomotive/dp/B0003KDF4U/ref=sr_1_231?dib=eyJ2IjoiMSJ9.DcUq80kJlohUu_FwFu9akHbkUXMggUZzz4fjicMRAGhi444hizjSxb5F9VslKg4F29A48aMnWhriuHBteZJIbpWxGhGMOMKtreyv_w6tNn4WqucuROgCzAPaCpGenoxQsujx2OTE6qUVDm_u-16R0XN4Yrkdr20Y0CZqMut_KcQ.PVCLMfFOY2uDqrZHlwmFxu1J4kJjnr3EA10HHxxnsI4&dib_tag=se&m=A31NFQQ4065CWX&marketplaceID=A19VAU5U5O7RUS&qid=1775480294&refinements=p_36%3A18000-18500&s=merchant-items&sr=1-231&xpid=Zhy8G3InZ8NL4#customerReviews,Kato 2006-1 D51 Standard Steam Locomotive
B0003KDF4U,,,,
B0D9VZ4QQY,,181.67,https://www.amazon.sg/Character-Hatsune-Non-scale-Pre-painted-Complete/dp/B0D9VZ4QQY/ref=sr_1_232?dib=eyJ2IjoiMSJ9.DcUq80kJlohUu_FwFu9akHbkUXMggUZzz4fjicMRAGhi444hizjSxb5F9VslKg4F29A48aMnWhriuHBteZJIbpWxGhGMOMKtreyv_w6tNn4WqucuROgCzAPaCpGenoxQsujx2OTE6qUVDm_u-16R0XN4Yrkdr20Y0CZqMut_KcQ.PVCLMfFOY2uDqrZHlwmFxu1J4kJjnr3EA10HHxxnsI4&dib_tag=se&m=A31NFQQ4065CWX&marketplaceID=A19VAU5U5O7RUS&qid=1775480294&refinements=p_36%3A18000-18500&s=merchant-items&sr=1-232&xpid=Zhy8G3InZ8NL4#customerReviews,"POP UP PARADE Character Vocal Series 01 Hatsune Miku Little Missing Stars Ver. Non-scale, Plastic, Pre-painted Complete Figure"
B0D7HRRLF6,,183.86,https://www.amazon.sg/Topeak-Elementa-Strap-Unisex-Adult/dp/B0D7HRRLF6/ref=sr_1_233?dib=eyJ2IjoiMSJ9.DcUq80kJlohUu_FwFu9akHbkUXMggUZzz4fjicMRAGhi444hizjSxb5F9VslKg4F29A48aMnWhriuHBteZJIbpWxGhGMOMKtreyv_w6tNn4WqucuROgCzAPaCpGenoxQsujx2OTE6qUVDm_u-16R0XN4Yrkdr20Y0CZqMut_KcQ.PVCLMfFOY2uDqrZHlwmFxu1J4kJjnr3EA10HHxxnsI4&dib_tag=se&m=A31NFQQ4065CWX&marketplaceID=A19VAU5U5O7RUS&qid=1775480294&refinements=p_36%3A18000-18500&s=merchant-items&sr=1-233&xpid=Zhy8G3InZ8NL4#customerReviews,Topeak MTX 2.0 TrunkBag
B0D7HRRLF6,,,,
B0D4TRW5ZF,,181.01,https://www.amazon.sg/DAIWA-Tackle-Storage-Supplies-Semi-Hard/dp/B0D4TRW5ZF/ref=sr_1_234?dib=eyJ2IjoiMSJ9.DcUq80kJlohUu_FwFu9akHbkUXMggUZzz4fjicMRAGhi444hizjSxb5F9VslKg4F29A48aMnWhriuHBteZJIbpWxGhGMOMKtreyv_w6tNn4WqucuROgCzAPaCpGenoxQsujx2OTE6qUVDm_u-16R0XN4Yrkdr20Y0CZqMut_KcQ.PVCLMfFOY2uDqrZHlwmFxu1J4kJjnr3EA10HHxxnsI4&dib_tag=se&m=A31NFQQ4065CWX&marketplaceID=A19VAU5U5O7RUS&qid=1775480294&refinements=p_36%3A18000-18500&s=merchant-items&sr=1-234&xpid=Zhy8G3InZ8NL4#customerReviews,"DAIWA Semi-Hard Reel Cover/Reel Case for Baits and Spinning, Various"
B0D4TRW5ZF,,,,
B0CJZZ8DBP,,183.34,https://www.amazon.sg/Bandai-BANDAI-Gatchard-Trading-PHASE/dp/B0CJZZ8DBP/ref=sr_1_235?dib=eyJ2IjoiMSJ9.DcUq80kJlohUu_FwFu9akHbkUXMggUZzz4fjicMRAGhi444hizjSxb5F9VslKg4F29A48aMnWhriuHBteZJIbpWxGhGMOMKtreyv_w6tNn4WqucuROgCzAPaCpGenoxQsujx2OTE6qUVDm_u-16R0XN4Yrkdr20Y0CZqMut_KcQ.PVCLMfFOY2uDqrZHlwmFxu1J4kJjnr3EA10HHxxnsI4&dib_tag=se&m=A31NFQQ4065CWX&marketplaceID=A19VAU5U5O7RUS&qid=1775480294&refinements=p_36%3A18000-18500&s=merchant-items&sr=1-235&xpid=Zhy8G3InZ8NL4#customerReviews,Bandai (BANDAI) Kamen Rider Gatchard Ride Chemey Trading Card PHASE: 01 (Box) 20 Pack
B0CJZZ8DBP,,,,
B0B9ZV4G3H,,182.41,https://www.amazon.sg/Good-Smile-Nendoroid-Non-scale-Pre-painted/dp/B0B9ZV4G3H/ref=sr_1_241?dib=eyJ2IjoiMSJ9.W_dEAFqPu1nyywOXLUbGojCOYs30Qn_AL6DlZ0TByt1bjLWhohP-IPDqTvnG8Owt04Ll1KzPXnBp1FlGy5qD6Q.4WRlVWvGMgwJPMCA13kOB07mxMUy6C7yi-LuYwjVvpA&dib_tag=se&m=A31NFQQ4065CWX&marketplaceID=A19VAU5U5O7RUS&qid=1775480299&refinements=p_36%3A18000-18500&s=merchant-items&sr=1-241&xpid=Zhy8G3InZ8NL4#customerReviews,"Good Smile Company G17046 Nendoroid My Hero Academia The Movie World Heroes Mission Rody Soul Total Height Approx. 3.9 inches (100 mm), Non-scale, ABS & PVC, Pre-painted Action Figure, Small"
B09PDR9Y3F,,180.0,https://www.amazon.sg/CME-Wireless-Adapter-USB-MIDI-Compatible/dp/B09PDR9Y3F/ref=sr_1_242?dib=eyJ2IjoiMSJ9.W_dEAFqPu1nyywOXLUbGojCOYs30Qn_AL6DlZ0TByt1bjLWhohP-IPDqTvnG8Owt04Ll1KzPXnBp1FlGy5qD6Q.4WRlVWvGMgwJPMCA13kOB07mxMUy6C7yi-LuYwjVvpA&dib_tag=se&m=A31NFQQ4065CWX&marketplaceID=A19VAU5U5O7RUS&qid=1775480299&refinements=p_36%3A18000-18500&s=merchant-items&sr=1-242&xpid=Zhy8G3InZ8NL4,"CME WIDI Uhost Wireless MIDI Adapter, USB-MIDI Compatible, Blue"
B09PDR9Y3F,,,,
B09BCFKD35,,182.52,https://www.amazon.sg/Nendoroid-Producer-Non-Scale-Pre-painted-Action/dp/B09BCFKD35/ref=sr_1_243?dib=eyJ2IjoiMSJ9.W_dEAFqPu1nyywOXLUbGojCOYs30Qn_AL6DlZ0TByt1bjLWhohP-IPDqTvnG8Owt04Ll1KzPXnBp1FlGy5qD6Q.4WRlVWvGMgwJPMCA13kOB07mxMUy6C7yi-LuYwjVvpA&dib_tag=se&m=A31NFQQ4065CWX&marketplaceID=A19VAU5U5O7RUS&qid=1775480299&refinements=p_36%3A18000-18500&s=merchant-items&sr=1-243&xpid=Zhy8G3InZ8NL4#customerReviews,"Nendoroid Love Producer EVOL x LOVE Show, Non-Scale, ABS & PVC Pre-painted Action Figure"
B08CR3C74F,,180.63,https://www.amazon.sg/%E3%81%82%E3%81%95%E3%81%B2-Asahi-66354000-Wood-Basket/dp/B08CR3C74F/ref=sr_1_244?dib=eyJ2IjoiMSJ9.W_dEAFqPu1nyywOXLUbGojCOYs30Qn_AL6DlZ0TByt1bjLWhohP-IPDqTvnG8Owt04Ll1KzPXnBp1FlGy5qD6Q.4WRlVWvGMgwJPMCA13kOB07mxMUy6C7yi-LuYwjVvpA&dib_tag=se&m=A31NFQQ4065CWX&marketplaceID=A19VAU5U5O7RUS&qid=1775480299&refinements=p_36%3A18000-18500&s=merchant-items&sr=1-244&xpid=Zhy8G3InZ8NL4#customerReviews,Asahi MV Wood Basket
B08CR3C74F,,,,
B07T6N3865,,203.15,https://www.amazon.sg/Bell-Fine-My-Hero-Academia/dp/B07T6N3865/ref=sr_1_245?dib=eyJ2IjoiMSJ9.W_dEAFqPu1nyywOXLUbGojCOYs30Qn_AL6DlZ0TByt1bjLWhohP-IPDqTvnG8Owt04Ll1KzPXnBp1FlGy5qD6Q.4WRlVWvGMgwJPMCA13kOB07mxMUy6C7yi-LuYwjVvpA&dib_tag=se&m=A31NFQQ4065CWX&marketplaceID=A19VAU5U5O7RUS&qid=1775480299&refinements=p_36%3A18000-18500&s=merchant-items&sr=1-245&xpid=Zhy8G3InZ8NL4#customerReviews,Bell Fine My Hero Academia: Kyoka Jiro (Hero Suit Version) 1: 8 Scale PVC Figure
B07PK9C28Q,,183.34,https://www.amazon.sg/Kenko-AGY-A4SQ-SV-Gallery-Picture-Aluminum/dp/B07PK9C28Q/ref=sr_1_241?dib=eyJ2IjoiMSJ9.8Lut_a3pEyA7-blRXBltCjEVwX1s8Ei2F16AZTUFUWi-1vj1Ls7S4IBJqhhU4w3cs4lhSCxEmtPFdYWot0G_CWObzitqKM-lLqjWj8w4gKs1vy-Xa7UqpdmP63Z1owPGY8b2gBr0Ozs4zDr9M8BGp_QrXrn5L2wl6E_zEGPRt6c.kNsLRy3rU8GFXNpOdtUNug9zzxYYh4JiR5bWANZlLlY&dib_tag=se&m=A31NFQQ4065CWX&marketplaceID=A19VAU5U5O7RUS&qid=1775480299&refinements=p_36%3A18000-18500&s=merchant-items&sr=1-241&xpid=Zhy8G3InZ8NL4#customerReviews,"Kenko AGY-A4SQ-SV Gallery Picture Frame, A4, Square, Acrylic Type, Aluminum Frame, Silver, Made in Japan"
B07PK9C28Q,,,,
B07K2WB7RJ,,183.34,https://www.amazon.sg/RightOn-STRAPS-Guitar-Length-95-145cm/dp/B07K2WB7RJ/ref=sr_1_242?dib=eyJ2IjoiMSJ9.8Lut_a3pEyA7-blRXBltCjEVwX1s8Ei2F16AZTUFUWi-1vj1Ls7S4IBJqhhU4w3cs4lhSCxEmtPFdYWot0G_CWObzitqKM-lLqjWj8w4gKs1vy-Xa7UqpdmP63Z1owPGY8b2gBr0Ozs4zDr9M8BGp_QrXrn5L2wl6E_zEGPRt6c.kNsLRy3rU8GFXNpOdtUNug9zzxYYh4JiR5bWANZlLlY&dib_tag=se&m=A31NFQQ4065CWX&marketplaceID=A19VAU5U5O7RUS&qid=1775480299&refinements=p_36%3A18000-18500&s=merchant-items&sr=1-242&xpid=Zhy8G3InZ8NL4#customerReviews,RightOn! STRAPS ギター・ベース用ストラップ 幅 6cm、長さ 95~145cm Cat
B07K2WB7RJ,,,,
B074Y5CL83,,184.33,https://www.amazon.sg/Gundam-Limited-Scale-RX-78-2-CLEAR/dp/B074Y5CL83/ref=sr_1_243?dib=eyJ2IjoiMSJ9.8Lut_a3pEyA7-blRXBltCjEVwX1s8Ei2F16AZTUFUWi-1vj1Ls7S4IBJqhhU4w3cs4lhSCxEmtPFdYWot0G_CWObzitqKM-lLqjWj8w4gKs1vy-Xa7UqpdmP63Z1owPGY8b2gBr0Ozs4zDr9M8BGp_QrXrn5L2wl6E_zEGPRt6c.kNsLRy3rU8GFXNpOdtUNug9zzxYYh4JiR5bWANZlLlY&dib_tag=se&m=A31NFQQ4065CWX&marketplaceID=A19VAU5U5O7RUS&qid=1775480299&refinements=p_36%3A18000-18500&s=merchant-items&sr=1-243&xpid=Zhy8G3InZ8NL4#customerReviews,The Gundam Base Limited MG 1/100 Scale Gundam RX-78-2 Ver. 3.0 [CLEAR COLOR] Model kit [Japan import]
B073RJJM35,,205.32,https://www.amazon.sg/Kotobukiya-RZ-029-Sworder-Highend-Master/dp/B073RJJM35/ref=sr_1_244?dib=eyJ2IjoiMSJ9.8Lut_a3pEyA7-blRXBltCjEVwX1s8Ei2F16AZTUFUWi-1vj1Ls7S4IBJqhhU4w3cs4lhSCxEmtPFdYWot0G_CWObzitqKM-lLqjWj8w4gKs1vy-Xa7UqpdmP63Z1owPGY8b2gBr0Ozs4zDr9M8BGp_QrXrn5L2wl6E_zEGPRt6c.kNsLRy3rU8GFXNpOdtUNug9zzxYYh4JiR5bWANZlLlY&dib_tag=se&m=A31NFQQ4065CWX&marketplaceID=A19VAU5U5O7RUS&qid=1775480299&refinements=p_36%3A18000-18500&s=merchant-items&sr=1-244&xpid=Zhy8G3InZ8NL4#customerReviews,Kotobukiya ZOIDS RZ-029 Storm Sworder 1/72 HMM Highend Master Model Kit
B010SD7XIU,,202.48,https://www.amazon.sg/NTN-Bearing-16024-Single-Clearance/dp/B010SD7XIU/ref=sr_1_245?dib=eyJ2IjoiMSJ9.8Lut_a3pEyA7-blRXBltCjEVwX1s8Ei2F16AZTUFUWi-1vj1Ls7S4IBJqhhU4w3cs4lhSCxEmtPFdYWot0G_CWObzitqKM-lLqjWj8w4gKs1vy-Xa7UqpdmP63Z1owPGY8b2gBr0Ozs4zDr9M8BGp_QrXrn5L2wl6E_zEGPRt6c.kNsLRy3rU8GFXNpOdtUNug9zzxYYh4JiR5bWANZlLlY&dib_tag=se&m=A31NFQQ4065CWX&marketplaceID=A19VAU5U5O7RUS&qid=1775480299&refinements=p_36%3A18000-18500&s=merchant-items&sr=1-245&xpid=Zhy8G3InZ8NL4,"NTN Bearing 16024 Single Row Deep Groove Radial Ball Bearing, Normal Clearance, Steel Cage, 120 mm Bore ID, 180 mm OD, 19 mm Width, Open"
B010SD7XIU,,,,
B001T199XS,,181.66,https://www.amazon.sg/Shoji-AAG09030-Commercial-Frying-inches/dp/B001T199XS/ref=sr_1_246?dib=eyJ2IjoiMSJ9.8Lut_a3pEyA7-blRXBltCjEVwX1s8Ei2F16AZTUFUWi-1vj1Ls7S4IBJqhhU4w3cs4lhSCxEmtPFdYWot0G_CWObzitqKM-lLqjWj8w4gKs1vy-Xa7UqpdmP63Z1owPGY8b2gBr0Ozs4zDr9M8BGp_QrXrn5L2wl6E_zEGPRt6c.kNsLRy3rU8GFXNpOdtUNug9zzxYYh4JiR5bWANZlLlY&dib_tag=se&m=A31NFQQ4065CWX&marketplaceID=A19VAU5U5O7RUS&qid=1775480299&refinements=p_36%3A18000-18500&s=merchant-items&sr=1-246&xpid=Zhy8G3InZ8NL4#customerReviews,"Endo Shoji AAG09030 Commercial Plank Frying Pot, 11.8 inches (30 cm), Iron, Made in Japan"
B001T199XS,,,,
B000BVRPOC,,180.53,https://www.amazon.sg/outside-double-endless-20-865-railroad/dp/B000BVRPOC/ref=sr_1_247?dib=eyJ2IjoiMSJ9.8Lut_a3pEyA7-blRXBltCjEVwX1s8Ei2F16AZTUFUWi-1vj1Ls7S4IBJqhhU4w3cs4lhSCxEmtPFdYWot0G_CWObzitqKM-lLqjWj8w4gKs1vy-Xa7UqpdmP63Z1owPGY8b2gBr0Ozs4zDr9M8BGp_QrXrn5L2wl6E_zEGPRt6c.kNsLRy3rU8GFXNpOdtUNug9zzxYYh4JiR5bWANZlLlY&dib_tag=se&m=A31NFQQ4065CWX&marketplaceID=A19VAU5U5O7RUS&qid=1775480299&refinements=p_36%3A18000-18500&s=merchant-items&sr=1-247&xpid=Zhy8G3InZ8NL4#customerReviews,KATO N gauge V6 outside double track for endless set 20-865 model railroad rail set
B0CWQYTWPD,,183.6,https://www.amazon.sg/Babolat-Badminton-Womens-SHADOW-31S24472-5060/dp/B0CWQYTWPD/ref=sr_1_248?dib=eyJ2IjoiMSJ9.8Lut_a3pEyA7-blRXBltCjEVwX1s8Ei2F16AZTUFUWi-1vj1Ls7S4IBJqhhU4w3cs4lhSCxEmtPFdYWot0G_CWObzitqKM-lLqjWj8w4gKs1vy-Xa7UqpdmP63Z1owPGY8b2gBr0Ozs4zDr9M8BGp_QrXrn5L2wl6E_zEGPRt6c.kNsLRy3rU8GFXNpOdtUNug9zzxYYh4JiR5bWANZlLlY&dib_tag=se&m=A31NFQQ4065CWX&marketplaceID=A19VAU5U5O7RUS&qid=1775480299&refinements=p_36%3A18000-18500&s=merchant-items&sr=1-248&xpid=Zhy8G3InZ8NL4#customerReviews,バボラ Babolat バドミントンシューズ レディース SHADOW TOUR 5 WOMEN シャドウ ツアー 5 ウィメン 31S24472-5060
B0CWQYTWPD,,,,
B09KBT26HR,,180.92,https://www.amazon.sg/Casio-Watch-Septer-Japan-LWA-M145L-8AJF/dp/B09KBT26HR/ref=sr_1_249?dib=eyJ2IjoiMSJ9.8Lut_a3pEyA7-blRXBltCjEVwX1s8Ei2F16AZTUFUWi-1vj1Ls7S4IBJqhhU4w3cs4lhSCxEmtPFdYWot0G_CWObzitqKM-lLqjWj8w4gKs1vy-Xa7UqpdmP63Z1owPGY8b2gBr0Ozs4zDr9M8BGp_QrXrn5L2wl6E_zEGPRt6c.kNsLRy3rU8GFXNpOdtUNug9zzxYYh4JiR5bWANZlLlY&dib_tag=se&m=A31NFQQ4065CWX&marketplaceID=A19VAU5U5O7RUS&qid=1775480299&refinements=p_36%3A18000-18500&s=merchant-items&sr=1-249&xpid=Zhy8G3InZ8NL4#customerReviews,Casio] Watch Wave Septer [Japan Import] Radio Solar LWA-M145L-8AJF Gray
B09KBT26HR,,,,
B07D282R6K,,203.1,https://www.amazon.sg/CASTELBAJAC-RAINBOW-wallet-079615-Modern/dp/B07D282R6K/ref=sr_1_250?dib=eyJ2IjoiMSJ9.8Lut_a3pEyA7-blRXBltCjEVwX1s8Ei2F16AZTUFUWi-1vj1Ls7S4IBJqhhU4w3cs4lhSCxEmtPFdYWot0G_CWObzitqKM-lLqjWj8w4gKs1vy-Xa7UqpdmP63Z1owPGY8b2gBr0Ozs4zDr9M8BGp_QrXrn5L2wl6E_zEGPRt6c.kNsLRy3rU8GFXNpOdtUNug9zzxYYh4JiR5bWANZlLlY&dib_tag=se&m=A31NFQQ4065CWX&marketplaceID=A19VAU5U5O7RUS&qid=1775480299&refinements=p_36%3A18000-18500&s=merchant-items&sr=1-250&xpid=Zhy8G3InZ8NL4#customerReviews,"CASTELBAJAC RAINBOW long wallet 079615, Navy, One Size, Modern"
B07D282R6K,,,,
B06XTPNBK7,,207.94,https://www.amazon.sg/CASTELBAJAC-Repos-Shoulder-033101-White/dp/B06XTPNBK7/ref=sr_1_251?dib=eyJ2IjoiMSJ9.8Lut_a3pEyA7-blRXBltCjEVwX1s8Ei2F16AZTUFUWi-1vj1Ls7S4IBJqhhU4w3cs4lhSCxEmtPFdYWot0G_CWObzitqKM-lLqjWj8w4gKs1vy-Xa7UqpdmP63Z1owPGY8b2gBr0Ozs4zDr9M8BGp_QrXrn5L2wl6E_zEGPRt6c.kNsLRy3rU8GFXNpOdtUNug9zzxYYh4JiR5bWANZlLlY&dib_tag=se&m=A31NFQQ4065CWX&marketplaceID=A19VAU5U5O7RUS&qid=1775480299&refinements=p_36%3A18000-18500&s=merchant-items&sr=1-251&xpid=Zhy8G3InZ8NL4#customerReviews,"CASTELBAJAC Repos Shoulder Bag 033101, White, One Size"
B06XTPNBK7,,,,
B018LS45GC,,181.53,https://www.amazon.sg/Maurogeraldi-MJ040-4-Wristwatch-Titanium-Resistant/dp/B018LS45GC/ref=sr_1_257?dib=eyJ2IjoiMSJ9.8EYz8LfADBipGTXEzFoIWwnofzN_X0WI6Q7h-7-ZrnvGjHj071QN20LucGBJIEps.RRR5jqUYhJPfHYwBDPUtFvzkylY3rnN0UheQHOgq_Mc&dib_tag=se&m=A31NFQQ4065CWX&marketplaceID=A19VAU5U5O7RUS&qid=1775480304&refinements=p_36%3A18000-18500&s=merchant-items&sr=1-257&xpid=Zhy8G3InZ8NL4#customerReviews,"Maurogeraldi MJ040-4 Wristwatch, Solar, Titanium, Water Resistant to 10 ATM, Silver, Dial color - white, watch"
B018LS45GC,,,,
B007V2ZZWS,,183.71,https://www.amazon.sg/Casio-G-Shock-GA100-1A2-Ana-Digi-Indicator/dp/B007V2ZZWS/ref=sr_1_258?dib=eyJ2IjoiMSJ9.8EYz8LfADBipGTXEzFoIWwnofzN_X0WI6Q7h-7-ZrnvGjHj071QN20LucGBJIEps.RRR5jqUYhJPfHYwBDPUtFvzkylY3rnN0UheQHOgq_Mc&dib_tag=se&m=A31NFQQ4065CWX&marketplaceID=A19VAU5U5O7RUS&qid=1775480304&refinements=p_36%3A18000-18500&s=merchant-items&sr=1-258&xpid=Zhy8G3InZ8NL4#customerReviews,Casio G-Shock GA100-1A2 Ana-Digi Speed Indicator Black Dial Men's Watch
B007V2ZZWS,,,,
B01EWQ8554,,181.98,https://www.amazon.sg/Michelin-Boston-2-Way-Shoulder-checker/dp/B01EWQ8554/ref=sr_1_259?dib=eyJ2IjoiMSJ9.8EYz8LfADBipGTXEzFoIWwnofzN_X0WI6Q7h-7-ZrnvGjHj071QN20LucGBJIEps.RRR5jqUYhJPfHYwBDPUtFvzkylY3rnN0UheQHOgq_Mc&dib_tag=se&m=A31NFQQ4065CWX&marketplaceID=A19VAU5U5O7RUS&qid=1775480304&refinements=p_36%3A18000-18500&s=merchant-items&sr=1-259&xpid=Zhy8G3InZ8NL4#customerReviews,Michelin Mini Boston 2-Way Shoulder Bag with Clasp
B01EWQ8554,,,,
