ASIN,Brand,Price,URL,Title
B0C1N9FJ3H,Vinyl,134.88,https://www.amazon.sg/Mobile-Gundam-Mercury-Original-Soundtrack/dp/B0C1N9FJ3H/ref=sr_1_1?dib=eyJ2IjoiMSJ9.6ALu77et63cbu1hfg75aiks-eH2_2uQ7BSxH7xhmZcy2ZNbyoXtg6pFjxvHlOpr6h1hLWkRVQiZ4U63au4wXJ1NwZOKrgFmo64kM4Zj3bB-qw0-tbue6IOsLqUk3YWjzHGEzqpNbCqpdxjWxLxfZqrniCzhcM5U-rPj55b_zReeqDCeLI1_0jJ6LJZA9C4aVkCXycvchoO-0nLDE7cCTLIGwKRu2SEAoAf-oS9GE7ng.1tqRzpe6Aj4E7QJbmSNuo6WloJFwk3FKNzVp-MtnnBo&dib_tag=se&m=A31NFQQ4065CWX&marketplaceID=A19VAU5U5O7RUS&qid=1773377599&refinements=p_36%3A13000-13500&s=merchant-items&sr=1-1#customerReviews,Mobile Suit Gundam The Witch From Mercury Original Soundtrack - Analog Edition
B09JZCLZK2,Audio CD,131.67,https://www.amazon.sg/Kyougen-incl-DVD-Book-Ado/dp/B09JZCLZK2/ref=sr_1_2?dib=eyJ2IjoiMSJ9.6ALu77et63cbu1hfg75aiks-eH2_2uQ7BSxH7xhmZcy2ZNbyoXtg6pFjxvHlOpr6h1hLWkRVQiZ4U63au4wXJ1NwZOKrgFmo64kM4Zj3bB-qw0-tbue6IOsLqUk3YWjzHGEzqpNbCqpdxjWxLxfZqrniCzhcM5U-rPj55b_zReeqDCeLI1_0jJ6LJZA9C4aVkCXycvchoO-0nLDE7cCTLIGwKRu2SEAoAf-oS9GE7ng.1tqRzpe6Aj4E7QJbmSNuo6WloJFwk3FKNzVp-MtnnBo&dib_tag=se&m=A31NFQQ4065CWX&marketplaceID=A19VAU5U5O7RUS&qid=1773377599&refinements=p_36%3A13000-13500&s=merchant-items&sr=1-2#customerReviews,Kyougen (incl. DVD + Book)
B003TRS3YQ,DVD,134.87,https://www.amazon.sg/Witch-Holy-Night-Mahou-Tsukai/dp/B003TRS3YQ/ref=sr_1_3?dib=eyJ2IjoiMSJ9.6ALu77et63cbu1hfg75aiks-eH2_2uQ7BSxH7xhmZcy2ZNbyoXtg6pFjxvHlOpr6h1hLWkRVQiZ4U63au4wXJ1NwZOKrgFmo64kM4Zj3bB-qw0-tbue6IOsLqUk3YWjzHGEzqpNbCqpdxjWxLxfZqrniCzhcM5U-rPj55b_zReeqDCeLI1_0jJ6LJZA9C4aVkCXycvchoO-0nLDE7cCTLIGwKRu2SEAoAf-oS9GE7ng.1tqRzpe6Aj4E7QJbmSNuo6WloJFwk3FKNzVp-MtnnBo&dib_tag=se&m=A31NFQQ4065CWX&marketplaceID=A19VAU5U5O7RUS&qid=1773377599&refinements=p_36%3A13000-13500&s=merchant-items&sr=1-3#customerReviews,Witch on the Holy Night (Mahou Tsukai No Yoru) [Import]
B003TRS3YQ,,,,
B0D8SLHY89,Vinyl,132.23,https://www.amazon.sg/C-b-jim-Blankey-Jet-City/dp/B0D8SLHY89/ref=sr_1_4?dib=eyJ2IjoiMSJ9.6ALu77et63cbu1hfg75aiks-eH2_2uQ7BSxH7xhmZcy2ZNbyoXtg6pFjxvHlOpr6h1hLWkRVQiZ4U63au4wXJ1NwZOKrgFmo64kM4Zj3bB-qw0-tbue6IOsLqUk3YWjzHGEzqpNbCqpdxjWxLxfZqrniCzhcM5U-rPj55b_zReeqDCeLI1_0jJ6LJZA9C4aVkCXycvchoO-0nLDE7cCTLIGwKRu2SEAoAf-oS9GE7ng.1tqRzpe6Aj4E7QJbmSNuo6WloJFwk3FKNzVp-MtnnBo&dib_tag=se&m=A31NFQQ4065CWX&marketplaceID=A19VAU5U5O7RUS&qid=1773377599&refinements=p_36%3A13000-13500&s=merchant-items&sr=1-4#customerReviews,C.b.jim
B08CYQDM5M,Xbox One,130.08,https://www.amazon.sg/NHL-21-Great-Eight-Xbox/dp/B08CYQDM5M/ref=sr_1_5?dib=eyJ2IjoiMSJ9.6ALu77et63cbu1hfg75aiks-eH2_2uQ7BSxH7xhmZcy2ZNbyoXtg6pFjxvHlOpr6h1hLWkRVQiZ4U63au4wXJ1NwZOKrgFmo64kM4Zj3bB-qw0-tbue6IOsLqUk3YWjzHGEzqpNbCqpdxjWxLxfZqrniCzhcM5U-rPj55b_zReeqDCeLI1_0jJ6LJZA9C4aVkCXycvchoO-0nLDE7cCTLIGwKRu2SEAoAf-oS9GE7ng.1tqRzpe6Aj4E7QJbmSNuo6WloJFwk3FKNzVp-MtnnBo&dib_tag=se&m=A31NFQQ4065CWX&marketplaceID=A19VAU5U5O7RUS&qid=1773377599&refinements=p_36%3A13000-13500&s=merchant-items&sr=1-5#customerReviews,NHL 21 Great Eight Edition - Xbox One
B08CYQDM5M,,,,
B01F0TZ8W0,Audio CD,130.49,https://www.amazon.sg/Fuki-Commune-Welcome-Japan-VICL-64585/dp/B01F0TZ8W0/ref=sr_1_6?dib=eyJ2IjoiMSJ9.6ALu77et63cbu1hfg75aiks-eH2_2uQ7BSxH7xhmZcy2ZNbyoXtg6pFjxvHlOpr6h1hLWkRVQiZ4U63au4wXJ1NwZOKrgFmo64kM4Zj3bB-qw0-tbue6IOsLqUk3YWjzHGEzqpNbCqpdxjWxLxfZqrniCzhcM5U-rPj55b_zReeqDCeLI1_0jJ6LJZA9C4aVkCXycvchoO-0nLDE7cCTLIGwKRu2SEAoAf-oS9GE7ng.1tqRzpe6Aj4E7QJbmSNuo6WloJFwk3FKNzVp-MtnnBo&dib_tag=se&m=A31NFQQ4065CWX&marketplaceID=A19VAU5U5O7RUS&qid=1773377599&refinements=p_36%3A13000-13500&s=merchant-items&sr=1-6#customerReviews,Fuki Commune - Welcome! [Japan CD] VICL-64585
B00CDG7994,,131.24,https://www.amazon.sg/Logicool-F710r-Controller-Operation-Recommended/dp/B00CDG7994/ref=sr_1_7?dib=eyJ2IjoiMSJ9.6ALu77et63cbu1hfg75aiks-eH2_2uQ7BSxH7xhmZcy2ZNbyoXtg6pFjxvHlOpr6h1hLWkRVQiZ4U63au4wXJ1NwZOKrgFmo64kM4Zj3bB-qw0-tbue6IOsLqUk3YWjzHGEzqpNbCqpdxjWxLxfZqrniCzhcM5U-rPj55b_zReeqDCeLI1_0jJ6LJZA9C4aVkCXycvchoO-0nLDE7cCTLIGwKRu2SEAoAf-oS9GE7ng.1tqRzpe6Aj4E7QJbmSNuo6WloJFwk3FKNzVp-MtnnBo&dib_tag=se&m=A31NFQQ4065CWX&marketplaceID=A19VAU5U5O7RUS&qid=1773377599&refinements=p_36%3A13000-13500&s=merchant-items&sr=1-7#customerReviews,"Logicool G Gamepad F710r Game Controller, Wireless USB Receiver, Smooth Operation, FF14 Steam, PC, PS5, PS4, Windows F710, Genuine Japanese Product, Final Fantasy XIV Recommended Model"
B00CDG7994,,,,
B0000DAVKC,CD-ROM,131.97,https://www.amazon.sg/Front-Mission-4-Japan-Import/dp/B0000DAVKC/ref=sr_1_8?dib=eyJ2IjoiMSJ9.6ALu77et63cbu1hfg75aiks-eH2_2uQ7BSxH7xhmZcy2ZNbyoXtg6pFjxvHlOpr6h1hLWkRVQiZ4U63au4wXJ1NwZOKrgFmo64kM4Zj3bB-qw0-tbue6IOsLqUk3YWjzHGEzqpNbCqpdxjWxLxfZqrniCzhcM5U-rPj55b_zReeqDCeLI1_0jJ6LJZA9C4aVkCXycvchoO-0nLDE7cCTLIGwKRu2SEAoAf-oS9GE7ng.1tqRzpe6Aj4E7QJbmSNuo6WloJFwk3FKNzVp-MtnnBo&dib_tag=se&m=A31NFQQ4065CWX&marketplaceID=A19VAU5U5O7RUS&qid=1773377599&refinements=p_36%3A13000-13500&s=merchant-items&sr=1-8#customerReviews,Front Mission 4 [Japan Import]
B0000DAVKC,,,,
B096Y2MZZF,Audio CD,130.48,https://www.amazon.sg/Eric-Clapton-Anniversary-Deluxe-SHM-CD/dp/B096Y2MZZF/ref=sr_1_9?dib=eyJ2IjoiMSJ9.6ALu77et63cbu1hfg75aiks-eH2_2uQ7BSxH7xhmZcy2ZNbyoXtg6pFjxvHlOpr6h1hLWkRVQiZ4U63au4wXJ1NwZOKrgFmo64kM4Zj3bB-qw0-tbue6IOsLqUk3YWjzHGEzqpNbCqpdxjWxLxfZqrniCzhcM5U-rPj55b_zReeqDCeLI1_0jJ6LJZA9C4aVkCXycvchoO-0nLDE7cCTLIGwKRu2SEAoAf-oS9GE7ng.1tqRzpe6Aj4E7QJbmSNuo6WloJFwk3FKNzVp-MtnnBo&dib_tag=se&m=A31NFQQ4065CWX&marketplaceID=A19VAU5U5O7RUS&qid=1773377599&refinements=p_36%3A13000-13500&s=merchant-items&sr=1-9#customerReviews,Eric Clapton (Anniversary Deluxe Edition) (4 x SHM-CD)
B0B2TBJC7S,Vinyl,131.96,https://www.amazon.sg/Speed-Space-Concept-Music-Analog/dp/B0B2TBJC7S/ref=sr_1_10?dib=eyJ2IjoiMSJ9.6ALu77et63cbu1hfg75aiks-eH2_2uQ7BSxH7xhmZcy2ZNbyoXtg6pFjxvHlOpr6h1hLWkRVQiZ4U63au4wXJ1NwZOKrgFmo64kM4Zj3bB-qw0-tbue6IOsLqUk3YWjzHGEzqpNbCqpdxjWxLxfZqrniCzhcM5U-rPj55b_zReeqDCeLI1_0jJ6LJZA9C4aVkCXycvchoO-0nLDE7cCTLIGwKRu2SEAoAf-oS9GE7ng.1tqRzpe6Aj4E7QJbmSNuo6WloJFwk3FKNzVp-MtnnBo&dib_tag=se&m=A31NFQQ4065CWX&marketplaceID=A19VAU5U5O7RUS&qid=1773377599&refinements=p_36%3A13000-13500&s=merchant-items&sr=1-10#customerReviews,Speed & Space: Concept of Space in Music [Analog]
B08XXHH85H,Nintendo Switch,131.12,https://www.amazon.sg/Samurai-Warriors-5-Nintendo-Switch/dp/B08XXHH85H/ref=sr_1_11?dib=eyJ2IjoiMSJ9.6ALu77et63cbu1hfg75aiks-eH2_2uQ7BSxH7xhmZcy2ZNbyoXtg6pFjxvHlOpr6h1hLWkRVQiZ4U63au4wXJ1NwZOKrgFmo64kM4Zj3bB-qw0-tbue6IOsLqUk3YWjzHGEzqpNbCqpdxjWxLxfZqrniCzhcM5U-rPj55b_zReeqDCeLI1_0jJ6LJZA9C4aVkCXycvchoO-0nLDE7cCTLIGwKRu2SEAoAf-oS9GE7ng.1tqRzpe6Aj4E7QJbmSNuo6WloJFwk3FKNzVp-MtnnBo&dib_tag=se&m=A31NFQQ4065CWX&marketplaceID=A19VAU5U5O7RUS&qid=1773377599&refinements=p_36%3A13000-13500&s=merchant-items&sr=1-11#customerReviews,Samurai Warriors 5 - Nintendo Switch
B08XXHH85H,,,,
B089MMSZHG,Nintendo Switch,132.34,https://www.amazon.sg/%E3%80%90%E4%BB%BB%E5%A4%A9%E5%A0%82%E3%83%A9%E3%82%A4%E3%82%BB%E3%83%B3%E3%82%B9%E5%95%86%E5%93%81%E3%80%91%E3%83%9B%E3%83%AA%E3%83%91%E3%83%83%E3%83%89%E3%83%9F%E3%83%8B-Nintendo-Switch-%E3%83%A1%E3%82%AB%E3%83%8B%E3%83%83%E3%82%AF%E3%83%AC%E3%83%83%E3%83%89%E3%80%90Nintendo-Switch%E5%AF%BE%E5%BF%9C%E3%80%91/dp/B089MMSZHG/ref=sr_1_12?dib=eyJ2IjoiMSJ9.6ALu77et63cbu1hfg75aiks-eH2_2uQ7BSxH7xhmZcy2ZNbyoXtg6pFjxvHlOpr6h1hLWkRVQiZ4U63au4wXJ1NwZOKrgFmo64kM4Zj3bB-qw0-tbue6IOsLqUk3YWjzHGEzqpNbCqpdxjWxLxfZqrniCzhcM5U-rPj55b_zReeqDCeLI1_0jJ6LJZA9C4aVkCXycvchoO-0nLDE7cCTLIGwKRu2SEAoAf-oS9GE7ng.1tqRzpe6Aj4E7QJbmSNuo6WloJFwk3FKNzVp-MtnnBo&dib_tag=se&m=A31NFQQ4065CWX&marketplaceID=A19VAU5U5O7RUS&qid=1773377599&refinements=p_36%3A13000-13500&s=merchant-items&sr=1-12#customerReviews,【任天堂ライセンス商品】ホリパッドミニ for Nintendo Switch メカニックレッド【Nintendo Switch対応】
B089MMSZHG,,,,
B07W5CHDPP,Audio CD,145.42,https://www.amazon.sg/Beethoven-Complete-Symphonies-Ultra-High-Quality/dp/B07W5CHDPP/ref=sr_1_13?dib=eyJ2IjoiMSJ9.6ALu77et63cbu1hfg75aiks-eH2_2uQ7BSxH7xhmZcy2ZNbyoXtg6pFjxvHlOpr6h1hLWkRVQiZ4U63au4wXJ1NwZOKrgFmo64kM4Zj3bB-qw0-tbue6IOsLqUk3YWjzHGEzqpNbCqpdxjWxLxfZqrniCzhcM5U-rPj55b_zReeqDCeLI1_0jJ6LJZA9C4aVkCXycvchoO-0nLDE7cCTLIGwKRu2SEAoAf-oS9GE7ng.1tqRzpe6Aj4E7QJbmSNuo6WloJFwk3FKNzVp-MtnnBo&dib_tag=se&m=A31NFQQ4065CWX&marketplaceID=A19VAU5U5O7RUS&qid=1773377599&refinements=p_36%3A13000-13500&s=merchant-items&sr=1-13#customerReviews,Beethoven: Complete Symphonies (5 x Ultra-High Quality CD)
B00NN4Q5J0,Audio CD,130.63,https://www.amazon.sg/%E3%82%A6%E3%82%A7%E3%83%BC%E3%83%90%E3%83%BC-Freischutze-Symphony-Celibidache-Orchestre/dp/B00NN4Q5J0/ref=sr_1_14?dib=eyJ2IjoiMSJ9.6ALu77et63cbu1hfg75aiks-eH2_2uQ7BSxH7xhmZcy2ZNbyoXtg6pFjxvHlOpr6h1hLWkRVQiZ4U63au4wXJ1NwZOKrgFmo64kM4Zj3bB-qw0-tbue6IOsLqUk3YWjzHGEzqpNbCqpdxjWxLxfZqrniCzhcM5U-rPj55b_zReeqDCeLI1_0jJ6LJZA9C4aVkCXycvchoO-0nLDE7cCTLIGwKRu2SEAoAf-oS9GE7ng.1tqRzpe6Aj4E7QJbmSNuo6WloJFwk3FKNzVp-MtnnBo&dib_tag=se&m=A31NFQQ4065CWX&marketplaceID=A19VAU5U5O7RUS&qid=1773377599&refinements=p_36%3A13000-13500&s=merchant-items&sr=1-14#customerReviews,ウェーバー : 歌劇 「魔弾の射手」 序曲 | ハイドン : 交響曲 第102番 | シューマン : 交響曲 第2番 (Weber : Der Freischutze | Haydn : Symphony No.102 | Schumann : Symphony No.2 / Sergiu Celibidache | Orchestre National de l'ORTF)
B00NGKGX5M,Audio CD,131.97,https://www.amazon.sg/%E3%83%9D%E3%83%AA%E3%82%AA%E3%83%9F%E3%83%8E-%E5%88%9D%E5%9B%9E%E9%99%90%E5%AE%9A%E7%9B%A4-2CD-DVD-%E3%82%84%E3%81%AA%E3%81%8E%E3%81%AA%E3%81%8E/dp/B00NGKGX5M/ref=sr_1_15?dib=eyJ2IjoiMSJ9.6ALu77et63cbu1hfg75aiks-eH2_2uQ7BSxH7xhmZcy2ZNbyoXtg6pFjxvHlOpr6h1hLWkRVQiZ4U63au4wXJ1NwZOKrgFmo64kM4Zj3bB-qw0-tbue6IOsLqUk3YWjzHGEzqpNbCqpdxjWxLxfZqrniCzhcM5U-rPj55b_zReeqDCeLI1_0jJ6LJZA9C4aVkCXycvchoO-0nLDE7cCTLIGwKRu2SEAoAf-oS9GE7ng.1tqRzpe6Aj4E7QJbmSNuo6WloJFwk3FKNzVp-MtnnBo&dib_tag=se&m=A31NFQQ4065CWX&marketplaceID=A19VAU5U5O7RUS&qid=1773377599&refinements=p_36%3A13000-13500&s=merchant-items&sr=1-15#customerReviews,ポリオミノ (初回限定盤 2CD+DVD)
B000RG1DNA,Audio CD,132.73,https://www.amazon.sg/%E5%9C%B0%E7%90%83%E3%81%B8%E3%83%BB%E3%83%BB%E3%83%BB-%E3%82%AA%E3%83%AA%E3%82%B8%E3%83%8A%E3%83%AB%E3%82%B5%E3%82%A6%E3%83%B3%E3%83%89%E3%83%88%E3%83%A9%E3%83%83%E3%82%AF-%E9%AB%98%E6%A2%A8%E5%BA%B7%E6%B2%BB/dp/B000RG1DNA/ref=sr_1_16?dib=eyJ2IjoiMSJ9.6ALu77et63cbu1hfg75aiks-eH2_2uQ7BSxH7xhmZcy2ZNbyoXtg6pFjxvHlOpr6h1hLWkRVQiZ4U63au4wXJ1NwZOKrgFmo64kM4Zj3bB-qw0-tbue6IOsLqUk3YWjzHGEzqpNbCqpdxjWxLxfZqrniCzhcM5U-rPj55b_zReeqDCeLI1_0jJ6LJZA9C4aVkCXycvchoO-0nLDE7cCTLIGwKRu2SEAoAf-oS9GE7ng.1tqRzpe6Aj4E7QJbmSNuo6WloJFwk3FKNzVp-MtnnBo&dib_tag=se&m=A31NFQQ4065CWX&marketplaceID=A19VAU5U5O7RUS&qid=1773377599&refinements=p_36%3A13000-13500&s=merchant-items&sr=1-16#customerReviews,地球へ・・・ オリジナルサウンドトラック
B00006D2DS,PlayStation2,133.57,https://www.amazon.sg/Metal-Gear-Solid-Substance-Japan/dp/B00006D2DS/ref=sr_1_17?dib=eyJ2IjoiMSJ9.TDkQI3533HpocFUUgz0e-Vpwo4uiE00pVX3sqkrZi5X9WZHBmPQgh0xAoaACPlCPsLE5w4iuSrasSSh9yz_PuFgKJR4Bhm7tSjFmWxTgr4X7a2D33eodqybH8AzqMHNzJDTAMBcmo8CR2C2U7j0wS4tvLOLZHB8IaF-EKdeeDSc9bEH1r1VooONw-CqpY578aov2SyDDisni1jHA1xtnVZKmjJRVp5iMqv4DIgcCp90.902Oy9mjHAcANxAFWFdLeItZM-kaC60X_PUkxEMqpPw&dib_tag=se&m=A31NFQQ4065CWX&marketplaceID=A19VAU5U5O7RUS&qid=1773377606&refinements=p_36%3A13000-13500&s=merchant-items&sr=1-17&xpid=Je23C5mlZKodo#customerReviews,Metal Gear Solid 2: Substance [Japan Import]
B00006D2DS,,,,
B0C99ZK9QZ,Audio CD,134.49,https://www.amazon.sg/Street-Fighter-Original-Game-Soundtrack/dp/B0C99ZK9QZ/ref=sr_1_18?dib=eyJ2IjoiMSJ9.TDkQI3533HpocFUUgz0e-Vpwo4uiE00pVX3sqkrZi5X9WZHBmPQgh0xAoaACPlCPsLE5w4iuSrasSSh9yz_PuFgKJR4Bhm7tSjFmWxTgr4X7a2D33eodqybH8AzqMHNzJDTAMBcmo8CR2C2U7j0wS4tvLOLZHB8IaF-EKdeeDSc9bEH1r1VooONw-CqpY578aov2SyDDisni1jHA1xtnVZKmjJRVp5iMqv4DIgcCp90.902Oy9mjHAcANxAFWFdLeItZM-kaC60X_PUkxEMqpPw&dib_tag=se&m=A31NFQQ4065CWX&marketplaceID=A19VAU5U5O7RUS&qid=1773377606&refinements=p_36%3A13000-13500&s=merchant-items&sr=1-18&xpid=Je23C5mlZKodo#customerReviews,Street Fighter 6 Original Game Soundtrack
B0CB3N8RD2,Vinyl,130.82,https://www.amazon.sg/Babymetal-Begins-Other-Black-Night/dp/B0CB3N8RD2/ref=sr_1_19?dib=eyJ2IjoiMSJ9.TDkQI3533HpocFUUgz0e-Vpwo4uiE00pVX3sqkrZi5X9WZHBmPQgh0xAoaACPlCPsLE5w4iuSrasSSh9yz_PuFgKJR4Bhm7tSjFmWxTgr4X7a2D33eodqybH8AzqMHNzJDTAMBcmo8CR2C2U7j0wS4tvLOLZHB8IaF-EKdeeDSc9bEH1r1VooONw-CqpY578aov2SyDDisni1jHA1xtnVZKmjJRVp5iMqv4DIgcCp90.902Oy9mjHAcANxAFWFdLeItZM-kaC60X_PUkxEMqpPw&dib_tag=se&m=A31NFQQ4065CWX&marketplaceID=A19VAU5U5O7RUS&qid=1773377606&refinements=p_36%3A13000-13500&s=merchant-items&sr=1-19&xpid=Je23C5mlZKodo#customerReviews,Babymetal Begins - The Other One - Black Night
B07D4K5QJ7,PlayStation 4,132.83,https://www.amazon.sg/Utawarerumono-Zan-Premium-Japanese-Ver/dp/B07D4K5QJ7/ref=sr_1_20?dib=eyJ2IjoiMSJ9.TDkQI3533HpocFUUgz0e-Vpwo4uiE00pVX3sqkrZi5X9WZHBmPQgh0xAoaACPlCPsLE5w4iuSrasSSh9yz_PuFgKJR4Bhm7tSjFmWxTgr4X7a2D33eodqybH8AzqMHNzJDTAMBcmo8CR2C2U7j0wS4tvLOLZHB8IaF-EKdeeDSc9bEH1r1VooONw-CqpY578aov2SyDDisni1jHA1xtnVZKmjJRVp5iMqv4DIgcCp90.902Oy9mjHAcANxAFWFdLeItZM-kaC60X_PUkxEMqpPw&dib_tag=se&m=A31NFQQ4065CWX&marketplaceID=A19VAU5U5O7RUS&qid=1773377606&refinements=p_36%3A13000-13500&s=merchant-items&sr=1-20&xpid=Je23C5mlZKodo#customerReviews,Utawarerumono Zan Premium Edition Japanese Ver
B07D4K5QJ7,,,,
B019S5YNDM,Audio CD,133.07,https://www.amazon.sg/%E3%82%B9%E3%83%88%E3%83%AA%E3%83%BC%E3%83%88%E3%83%95%E3%82%A1%E3%82%A4%E3%82%BF%E3%83%BCV-%E3%82%AA%E3%83%AA%E3%82%B8%E3%83%8A%E3%83%AB%E3%83%BB%E3%82%B5%E3%82%A6%E3%83%B3%E3%83%89%E3%83%88%E3%83%A9%E3%83%83%E3%82%AF-%E3%82%B2%E3%83%BC%E3%83%A0-%E3%83%9F%E3%83%A5%E3%83%BC%E3%82%B8%E3%83%83%E3%82%AF/dp/B019S5YNDM/ref=sr_1_21?dib=eyJ2IjoiMSJ9.TDkQI3533HpocFUUgz0e-Vpwo4uiE00pVX3sqkrZi5X9WZHBmPQgh0xAoaACPlCPsLE5w4iuSrasSSh9yz_PuFgKJR4Bhm7tSjFmWxTgr4X7a2D33eodqybH8AzqMHNzJDTAMBcmo8CR2C2U7j0wS4tvLOLZHB8IaF-EKdeeDSc9bEH1r1VooONw-CqpY578aov2SyDDisni1jHA1xtnVZKmjJRVp5iMqv4DIgcCp90.902Oy9mjHAcANxAFWFdLeItZM-kaC60X_PUkxEMqpPw&dib_tag=se&m=A31NFQQ4065CWX&marketplaceID=A19VAU5U5O7RUS&qid=1773377606&refinements=p_36%3A13000-13500&s=merchant-items&sr=1-21&xpid=Je23C5mlZKodo#customerReviews,ストリートファイターV オリジナル・サウンドトラック
B012MUTNVM,PlayStation 4,131.07,https://www.amazon.sg/EATER-SHOT-Shio-anime-Vol-5/dp/B012MUTNVM/ref=sr_1_22?dib=eyJ2IjoiMSJ9.TDkQI3533HpocFUUgz0e-Vpwo4uiE00pVX3sqkrZi5X9WZHBmPQgh0xAoaACPlCPsLE5w4iuSrasSSh9yz_PuFgKJR4Bhm7tSjFmWxTgr4X7a2D33eodqybH8AzqMHNzJDTAMBcmo8CR2C2U7j0wS4tvLOLZHB8IaF-EKdeeDSc9bEH1r1VooONw-CqpY578aov2SyDDisni1jHA1xtnVZKmjJRVp5iMqv4DIgcCp90.902Oy9mjHAcANxAFWFdLeItZM-kaC60X_PUkxEMqpPw&dib_tag=se&m=A31NFQQ4065CWX&marketplaceID=A19VAU5U5O7RUS&qid=1773377606&refinements=p_36%3A13000-13500&s=merchant-items&sr=1-22&xpid=Je23C5mlZKodo#customerReviews,GOD EATER OFF SHOT Shio Hen Twin Pack & anime Vol.5
B012MUTNVM,,,,
B00NWU1HDO,Audio CD,130.0,https://www.amazon.sg/%E3%83%A2%E3%83%80%E3%83%B3%E3%83%BB%E3%82%BF%E3%82%A4%E3%83%A0%E3%82%BA-%E7%B4%99%E3%82%B8%E3%83%A3%E3%82%B1%E3%83%83%E3%83%88%E4%BB%95%E6%A7%98-%E3%83%9C%E3%83%96%E3%83%BB%E3%83%87%E3%82%A3%E3%83%A9%E3%83%B3/dp/B00NWU1HDO/ref=sr_1_23?dib=eyJ2IjoiMSJ9.TDkQI3533HpocFUUgz0e-Vpwo4uiE00pVX3sqkrZi5X9WZHBmPQgh0xAoaACPlCPsLE5w4iuSrasSSh9yz_PuFgKJR4Bhm7tSjFmWxTgr4X7a2D33eodqybH8AzqMHNzJDTAMBcmo8CR2C2U7j0wS4tvLOLZHB8IaF-EKdeeDSc9bEH1r1VooONw-CqpY578aov2SyDDisni1jHA1xtnVZKmjJRVp5iMqv4DIgcCp90.902Oy9mjHAcANxAFWFdLeItZM-kaC60X_PUkxEMqpPw&dib_tag=se&m=A31NFQQ4065CWX&marketplaceID=A19VAU5U5O7RUS&qid=1773377606&refinements=p_36%3A13000-13500&s=merchant-items&sr=1-23&xpid=Je23C5mlZKodo#customerReviews,モダン・タイムズ(紙ジャケット仕様)
B005JWC9GW,Sony PSP,153.3,https://www.amazon.sg/Idea-Factory-Hanayaka-Ichizoku-Japan/dp/B005JWC9GW/ref=sr_1_24?dib=eyJ2IjoiMSJ9.TDkQI3533HpocFUUgz0e-Vpwo4uiE00pVX3sqkrZi5X9WZHBmPQgh0xAoaACPlCPsLE5w4iuSrasSSh9yz_PuFgKJR4Bhm7tSjFmWxTgr4X7a2D33eodqybH8AzqMHNzJDTAMBcmo8CR2C2U7j0wS4tvLOLZHB8IaF-EKdeeDSc9bEH1r1VooONw-CqpY578aov2SyDDisni1jHA1xtnVZKmjJRVp5iMqv4DIgcCp90.902Oy9mjHAcANxAFWFdLeItZM-kaC60X_PUkxEMqpPw&dib_tag=se&m=A31NFQQ4065CWX&marketplaceID=A19VAU5U5O7RUS&qid=1773377606&refinements=p_36%3A13000-13500&s=merchant-items&sr=1-24&xpid=Je23C5mlZKodo#customerReviews,"Idea Factory Hanayaka Kana, Ware Ga Ichizoku Twin Pack [Japan Import]"
B005JWC9GW,,,,
B0000ZPLS6,Not Machine Specific,147.92,https://www.amazon.sg/NEC-G%C3%B6tzendiener-Japan-Import/dp/B0000ZPLS6/ref=sr_1_25?dib=eyJ2IjoiMSJ9.TDkQI3533HpocFUUgz0e-Vpwo4uiE00pVX3sqkrZi5X9WZHBmPQgh0xAoaACPlCPsLE5w4iuSrasSSh9yz_PuFgKJR4Bhm7tSjFmWxTgr4X7a2D33eodqybH8AzqMHNzJDTAMBcmo8CR2C2U7j0wS4tvLOLZHB8IaF-EKdeeDSc9bEH1r1VooONw-CqpY578aov2SyDDisni1jHA1xtnVZKmjJRVp5iMqv4DIgcCp90.902Oy9mjHAcANxAFWFdLeItZM-kaC60X_PUkxEMqpPw&dib_tag=se&m=A31NFQQ4065CWX&marketplaceID=A19VAU5U5O7RUS&qid=1773377606&refinements=p_36%3A13000-13500&s=merchant-items&sr=1-25&xpid=Je23C5mlZKodo#customerReviews,Götzendiener [Japan Import]
B0000ZPLS6,,,,
B0BZ57BQGQ,Vinyl,131.07,https://www.amazon.sg/Beck-Bogert-Appice-Anniversary-180-Gram/dp/B0BZ57BQGQ/ref=sr_1_26?dib=eyJ2IjoiMSJ9.TDkQI3533HpocFUUgz0e-Vpwo4uiE00pVX3sqkrZi5X9WZHBmPQgh0xAoaACPlCPsLE5w4iuSrasSSh9yz_PuFgKJR4Bhm7tSjFmWxTgr4X7a2D33eodqybH8AzqMHNzJDTAMBcmo8CR2C2U7j0wS4tvLOLZHB8IaF-EKdeeDSc9bEH1r1VooONw-CqpY578aov2SyDDisni1jHA1xtnVZKmjJRVp5iMqv4DIgcCp90.902Oy9mjHAcANxAFWFdLeItZM-kaC60X_PUkxEMqpPw&dib_tag=se&m=A31NFQQ4065CWX&marketplaceID=A19VAU5U5O7RUS&qid=1773377606&refinements=p_36%3A13000-13500&s=merchant-items&sr=1-26&xpid=Je23C5mlZKodo#customerReviews,Beck Bogert & Appice: 50th Anniversary - 180-Gram Black Vinyl [Analog]
B07Q58PMJ8,Audio CD,134.9,https://www.amazon.sg/Pretender-%E5%88%9D%E5%9B%9E%E9%99%90%E5%AE%9A%E7%9B%A4-%E7%89%B9%E5%85%B8%E3%81%AA%E3%81%97-Official%E9%AB%AD%E7%94%B7dism/dp/B07Q58PMJ8/ref=sr_1_27?dib=eyJ2IjoiMSJ9.TDkQI3533HpocFUUgz0e-Vpwo4uiE00pVX3sqkrZi5X9WZHBmPQgh0xAoaACPlCPsLE5w4iuSrasSSh9yz_PuFgKJR4Bhm7tSjFmWxTgr4X7a2D33eodqybH8AzqMHNzJDTAMBcmo8CR2C2U7j0wS4tvLOLZHB8IaF-EKdeeDSc9bEH1r1VooONw-CqpY578aov2SyDDisni1jHA1xtnVZKmjJRVp5iMqv4DIgcCp90.902Oy9mjHAcANxAFWFdLeItZM-kaC60X_PUkxEMqpPw&dib_tag=se&m=A31NFQQ4065CWX&marketplaceID=A19VAU5U5O7RUS&qid=1773377606&refinements=p_36%3A13000-13500&s=merchant-items&sr=1-27&xpid=Je23C5mlZKodo#customerReviews,Pretender(初回限定盤)(特典なし)
B008Q1POOM,,131.29,https://www.amazon.sg/Glass-Heart-Princess-Limited-Japan/dp/B008Q1POOM/ref=sr_1_28?dib=eyJ2IjoiMSJ9.TDkQI3533HpocFUUgz0e-Vpwo4uiE00pVX3sqkrZi5X9WZHBmPQgh0xAoaACPlCPsLE5w4iuSrasSSh9yz_PuFgKJR4Bhm7tSjFmWxTgr4X7a2D33eodqybH8AzqMHNzJDTAMBcmo8CR2C2U7j0wS4tvLOLZHB8IaF-EKdeeDSc9bEH1r1VooONw-CqpY578aov2SyDDisni1jHA1xtnVZKmjJRVp5iMqv4DIgcCp90.902Oy9mjHAcANxAFWFdLeItZM-kaC60X_PUkxEMqpPw&dib_tag=se&m=A31NFQQ4065CWX&marketplaceID=A19VAU5U5O7RUS&qid=1773377606&refinements=p_36%3A13000-13500&s=merchant-items&sr=1-28&xpid=Je23C5mlZKodo,Glass Heart Princess [Limited Edition] [Japan Import]
B008Q1POOM,,,,
B000VK98KW,PlayStation2,134.5,https://www.amazon.sg/ERTAIN-658036-Xyanide-Japan-Import/dp/B000VK98KW/ref=sr_1_29?dib=eyJ2IjoiMSJ9.TDkQI3533HpocFUUgz0e-Vpwo4uiE00pVX3sqkrZi5X9WZHBmPQgh0xAoaACPlCPsLE5w4iuSrasSSh9yz_PuFgKJR4Bhm7tSjFmWxTgr4X7a2D33eodqybH8AzqMHNzJDTAMBcmo8CR2C2U7j0wS4tvLOLZHB8IaF-EKdeeDSc9bEH1r1VooONw-CqpY578aov2SyDDisni1jHA1xtnVZKmjJRVp5iMqv4DIgcCp90.902Oy9mjHAcANxAFWFdLeItZM-kaC60X_PUkxEMqpPw&dib_tag=se&m=A31NFQQ4065CWX&marketplaceID=A19VAU5U5O7RUS&qid=1773377606&refinements=p_36%3A13000-13500&s=merchant-items&sr=1-29&xpid=Je23C5mlZKodo,Xyanide [Japan Import]
B000VK98KW,,,,
B0CCDHG8VZ,Vinyl,132.89,https://www.amazon.sg/Myself-%E7%89%B9%E5%85%B8%E3%81%AA%E3%81%97-Analog-%E6%9D%BE%E5%8E%9F%E3%81%BF%E3%81%8D/dp/B0CCDHG8VZ/ref=sr_1_30?dib=eyJ2IjoiMSJ9.TDkQI3533HpocFUUgz0e-Vpwo4uiE00pVX3sqkrZi5X9WZHBmPQgh0xAoaACPlCPsLE5w4iuSrasSSh9yz_PuFgKJR4Bhm7tSjFmWxTgr4X7a2D33eodqybH8AzqMHNzJDTAMBcmo8CR2C2U7j0wS4tvLOLZHB8IaF-EKdeeDSc9bEH1r1VooONw-CqpY578aov2SyDDisni1jHA1xtnVZKmjJRVp5iMqv4DIgcCp90.902Oy9mjHAcANxAFWFdLeItZM-kaC60X_PUkxEMqpPw&dib_tag=se&m=A31NFQQ4065CWX&marketplaceID=A19VAU5U5O7RUS&qid=1773377606&refinements=p_36%3A13000-13500&s=merchant-items&sr=1-30&xpid=Je23C5mlZKodo#customerReviews,Myself(特典なし) [Analog]
499117452X,Tankobon Hardcover,131.97,https://www.amazon.sg/Turquoise-from-Bolivia/dp/499117452X/ref=sr_1_31?dib=eyJ2IjoiMSJ9.TDkQI3533HpocFUUgz0e-Vpwo4uiE00pVX3sqkrZi5X9WZHBmPQgh0xAoaACPlCPsLE5w4iuSrasSSh9yz_PuFgKJR4Bhm7tSjFmWxTgr4X7a2D33eodqybH8AzqMHNzJDTAMBcmo8CR2C2U7j0wS4tvLOLZHB8IaF-EKdeeDSc9bEH1r1VooONw-CqpY578aov2SyDDisni1jHA1xtnVZKmjJRVp5iMqv4DIgcCp90.902Oy9mjHAcANxAFWFdLeItZM-kaC60X_PUkxEMqpPw&dib_tag=se&m=A31NFQQ4065CWX&marketplaceID=A19VAU5U5O7RUS&qid=1773377606&refinements=p_36%3A13000-13500&s=merchant-items&sr=1-31&xpid=Je23C5mlZKodo,Turquoise from Bolivia
499117452X,,,,
4909683895,Tankobon Hardcover,130.46,https://www.amazon.sg/2021%E5%B9%B4%E7%89%88-%E3%83%9E%E3%83%B3%E3%82%AC%E3%81%AF%E3%81%98%E3%82%81%E3%81%A6%E3%83%9E%E3%83%B3%E3%82%B7%E3%83%A7%E3%83%B3%E7%AE%A1%E7%90%86%E5%A3%AB%E3%83%BB%E7%AE%A1%E7%90%86%E6%A5%AD%E5%8B%99%E4%B8%BB%E4%BB%BB%E8%80%85-%E3%81%AF%E3%81%98%E3%82%81%E3%81%A6%E3%81%AA%E3%82%89%E3%83%9E%E3%83%B3%E3%82%AC%E3%81%8C%E3%82%8F%E3%81%8B%E3%82%8A%E3%82%84%E3%81%99%E3%81%84/dp/4909683895/ref=sr_1_32?dib=eyJ2IjoiMSJ9.TDkQI3533HpocFUUgz0e-Vpwo4uiE00pVX3sqkrZi5X9WZHBmPQgh0xAoaACPlCPsLE5w4iuSrasSSh9yz_PuFgKJR4Bhm7tSjFmWxTgr4X7a2D33eodqybH8AzqMHNzJDTAMBcmo8CR2C2U7j0wS4tvLOLZHB8IaF-EKdeeDSc9bEH1r1VooONw-CqpY578aov2SyDDisni1jHA1xtnVZKmjJRVp5iMqv4DIgcCp90.902Oy9mjHAcANxAFWFdLeItZM-kaC60X_PUkxEMqpPw&dib_tag=se&m=A31NFQQ4065CWX&marketplaceID=A19VAU5U5O7RUS&qid=1773377606&refinements=p_36%3A13000-13500&s=merchant-items&sr=1-32&xpid=Je23C5mlZKodo#customerReviews,2021年版 マンガはじめてマンション管理士・管理業務主任者 (はじめてならマンガがわかりやすい!)
4909683895,,,,
4906724582,Tankobon Softcover,130.79,https://www.amazon.sg/%E3%80%90%E7%A7%98%E8%A8%A3%E3%80%91%E7%B4%AB%E5%BE%AE%E6%96%97%E6%95%B01-%E5%91%BD%E7%9B%A4%E3%82%92%E8%AA%AD%E3%81%BF%E8%A7%A3%E3%81%8F-%E5%BC%B5-%E7%8E%89%E6%AD%A3/dp/4906724582/ref=sr_1_33?dib=eyJ2IjoiMSJ9.k6XfT6TzRd7VK3dYtsW4Y1ppJ2BTKzW1UB_qtCt6QfzYeG981JzORfCGbTkRmpu_EP1Cd0Gm7CRvtRPr4ly_wQ.YcPpep1iXe_Dpf_HrEImJWkaL8d1qVh07jufPs9Uj5o&dib_tag=se&m=A31NFQQ4065CWX&marketplaceID=A19VAU5U5O7RUS&qid=1773377612&refinements=p_36%3A13000-13500&s=merchant-items&sr=1-33&xpid=Je23C5mlZKodo#customerReviews,【秘訣】紫微斗数1 命盤を読み解く
4906724582,,,,
4903426513,Tankobon Hardcover,,https://www.amazon.sg/%E5%90%89%E9%87%8E%E4%BD%9C%E9%80%A0%E3%81%AE%E5%9B%BD%E9%9A%9B%E6%94%BF%E6%B2%BB%E8%AB%96-%E3%82%82%E3%81%86%E3%81%B2%E3%81%A8%E3%81%A4%E3%81%AE%E5%A4%A7%E9%99%B8%E6%94%BF%E7%AD%96/dp/4903426513/ref=sr_1_34?dib=eyJ2IjoiMSJ9.k6XfT6TzRd7VK3dYtsW4Y1ppJ2BTKzW1UB_qtCt6QfzYeG981JzORfCGbTkRmpu_EP1Cd0Gm7CRvtRPr4ly_wQ.YcPpep1iXe_Dpf_HrEImJWkaL8d1qVh07jufPs9Uj5o&dib_tag=se&m=A31NFQQ4065CWX&marketplaceID=A19VAU5U5O7RUS&qid=1773377612&refinements=p_36%3A13000-13500&s=merchant-items&sr=1-34&xpid=Je23C5mlZKodo,吉野作造の国際政治論 もうひとつの大陸政策
4902496542,Tankobon Hardcover,134.45,https://www.amazon.sg/%E7%9C%BC%E7%A7%91%E5%86%99%E7%9C%9F%E6%92%AE%E5%BD%B1A-Z-%E6%97%A5%E6%9C%AC%E7%9C%BC%E7%A7%91%E5%86%99%E7%9C%9F%E5%8D%94%E4%BC%9A/dp/4902496542/ref=sr_1_35?dib=eyJ2IjoiMSJ9.k6XfT6TzRd7VK3dYtsW4Y1ppJ2BTKzW1UB_qtCt6QfzYeG981JzORfCGbTkRmpu_EP1Cd0Gm7CRvtRPr4ly_wQ.YcPpep1iXe_Dpf_HrEImJWkaL8d1qVh07jufPs9Uj5o&dib_tag=se&m=A31NFQQ4065CWX&marketplaceID=A19VAU5U5O7RUS&qid=1773377612&refinements=p_36%3A13000-13500&s=merchant-items&sr=1-35&xpid=Je23C5mlZKodo#customerReviews,眼科写真撮影A to Z
4902496542,,,,
4895316858,JP Oversized,133.87,https://www.amazon.sg/%E7%95%B0%E5%B8%B8%E6%B0%97%E8%B1%A1_%E5%9C%B0%E7%90%83%E6%B8%A9%E6%9A%96%E5%8C%96%E3%81%A8%E6%9A%B4%E9%A2%A8%E9%9B%A8%E3%81%AE%E3%83%A1%E3%82%AB%E3%83%8B%E3%82%BA%E3%83%A0-%E3%83%9E%E3%83%BC%E3%82%AF-%E3%83%9E%E3%82%B9%E3%83%AA%E3%83%B3/dp/4895316858/ref=sr_1_36?dib=eyJ2IjoiMSJ9.k6XfT6TzRd7VK3dYtsW4Y1ppJ2BTKzW1UB_qtCt6QfzYeG981JzORfCGbTkRmpu_EP1Cd0Gm7CRvtRPr4ly_wQ.YcPpep1iXe_Dpf_HrEImJWkaL8d1qVh07jufPs9Uj5o&dib_tag=se&m=A31NFQQ4065CWX&marketplaceID=A19VAU5U5O7RUS&qid=1773377612&refinements=p_36%3A13000-13500&s=merchant-items&sr=1-36&xpid=Je23C5mlZKodo,異常気象―地球温暖化と暴風雨のメカニズム
4895316858,,,,
4881241923,Hardcover,130.4,https://www.amazon.sg/%E6%97%A5%E3%83%BB%E7%B1%B3%E3%83%BB%E8%8B%B1-%E3%83%95%E3%82%A1%E3%83%83%E3%82%B7%E3%83%A7%E3%83%B3%E7%94%A8%E8%AA%9E%E3%82%A4%E3%83%A9%E3%82%B9%E3%83%88%E4%BA%8B%E5%85%B8-%E7%AC%AC4%E7%89%88-%E8%8B%A5%E6%9C%88%E7%BE%8E%E5%A5%88%E3%80%81%E6%9D%89%E6%9C%AC%E4%BD%B3%E5%AD%90/dp/4881241923/ref=sr_1_37?dib=eyJ2IjoiMSJ9.k6XfT6TzRd7VK3dYtsW4Y1ppJ2BTKzW1UB_qtCt6QfzYeG981JzORfCGbTkRmpu_EP1Cd0Gm7CRvtRPr4ly_wQ.YcPpep1iXe_Dpf_HrEImJWkaL8d1qVh07jufPs9Uj5o&dib_tag=se&m=A31NFQQ4065CWX&marketplaceID=A19VAU5U5O7RUS&qid=1773377612&refinements=p_36%3A13000-13500&s=merchant-items&sr=1-37&xpid=Je23C5mlZKodo#customerReviews,日・米・英/ファッション用語イラスト事典 (第4版)
4881241923,,,,
4880026832,Tankobon Hardcover,131.25,https://www.amazon.sg/%E3%82%A2%E3%83%AB%E3%82%B3%E3%83%BC%E3%83%AB%E5%8C%BB%E7%99%82%E3%82%B1%E3%83%BC%E3%82%B9%E3%83%BB%E3%82%B9%E3%82%BF%E3%83%87%E3%82%A3/dp/4880026832/ref=sr_1_33?dib=eyJ2IjoiMSJ9.A8eIQcX2aBr2U5I_5SGJNhJu7DwiEh_yJe82AevbQVcNcmLVcNWUPf5_a0eGxE_7cgYcoSw6lV2ho7RlGecOL3ZCjNN4py49DGHASkzgZQr_oAkIUGY3ZKTe-wTuje-nTlO4tfz9ltsOBMMAzJzuQXiAGpcNTpyqlSmb5mu0Q_0.gCGj85lWNIwWmKzn0810ufDRBsCWQ1fpfL6NJpSyOIY&dib_tag=se&m=A31NFQQ4065CWX&marketplaceID=A19VAU5U5O7RUS&qid=1773377612&refinements=p_36%3A13000-13500&s=merchant-items&sr=1-33&xpid=Je23C5mlZKodo#customerReviews,アルコール医療ケース・スタディ
4880026832,,,,
4875831250,Tankobon Hardcover,,https://www.amazon.sg/%E6%B6%88%E5%8C%96%E5%99%A8%E7%96%BE%E6%82%A3%E3%81%AB%E3%81%8A%E3%81%91%E3%82%8Btranslational-research_%E5%88%86%E5%AD%90%E6%B6%88%E5%8C%96%E5%99%A8%E7%97%85%E5%AD%A6%E7%A0%94%E7%A9%B6%E4%BC%9A%E7%AC%AC15%E5%9B%9E%E6%B5%9C%E5%90%8D%E6%B9%96%E3%82%B7%E3%83%B3%E3%83%9D%E3%82%B8%E3%82%A6%E3%83%A0%E8%A8%98%E9%8C%B2-%E5%B0%8F%E4%BF%A3%E6%94%BF%E7%94%B7/dp/4875831250/ref=sr_1_34?dib=eyJ2IjoiMSJ9.A8eIQcX2aBr2U5I_5SGJNhJu7DwiEh_yJe82AevbQVcNcmLVcNWUPf5_a0eGxE_7cgYcoSw6lV2ho7RlGecOL3ZCjNN4py49DGHASkzgZQr_oAkIUGY3ZKTe-wTuje-nTlO4tfz9ltsOBMMAzJzuQXiAGpcNTpyqlSmb5mu0Q_0.gCGj85lWNIwWmKzn0810ufDRBsCWQ1fpfL6NJpSyOIY&dib_tag=se&m=A31NFQQ4065CWX&marketplaceID=A19VAU5U5O7RUS&qid=1773377612&refinements=p_36%3A13000-13500&s=merchant-items&sr=1-34&xpid=Je23C5mlZKodo,消化器疾患におけるtranslational research―分子消化器病学研究会第15回浜名湖シンポジウム記録
487559271X,Tankobon Hardcover,131.25,https://www.amazon.sg/%E9%BB%92%E7%94%B0%E5%AF%9B%E4%B8%80%E5%88%9D%E6%9C%9F%E8%AB%96%E7%A8%BF%E9%9B%86%E3%80%88%E7%AC%AC6%E5%B7%BB%E3%80%89%E4%BA%BA%E9%96%93%E3%81%A8%E6%96%87%E5%AD%A6_%E8%8A%B8%E8%A1%93%E3%83%BB%E8%A1%A8%E7%8F%BE%E8%AB%96%E3%81%AE%E6%8E%A2%E6%B1%82/dp/487559271X/ref=sr_1_35?dib=eyJ2IjoiMSJ9.A8eIQcX2aBr2U5I_5SGJNhJu7DwiEh_yJe82AevbQVcNcmLVcNWUPf5_a0eGxE_7cgYcoSw6lV2ho7RlGecOL3ZCjNN4py49DGHASkzgZQr_oAkIUGY3ZKTe-wTuje-nTlO4tfz9ltsOBMMAzJzuQXiAGpcNTpyqlSmb5mu0Q_0.gCGj85lWNIwWmKzn0810ufDRBsCWQ1fpfL6NJpSyOIY&dib_tag=se&m=A31NFQQ4065CWX&marketplaceID=A19VAU5U5O7RUS&qid=1773377612&refinements=p_36%3A13000-13500&s=merchant-items&sr=1-35&xpid=Je23C5mlZKodo,黒田寛一初期論稿集〈第6巻〉人間と文学―芸術・表現論の探求
487559271X,,,,
4865030239,Tankobon Hardcover,131.25,https://www.amazon.sg/%E5%AD%98%E5%9C%A8%E3%81%A8%E3%83%AD%E3%82%B4%E3%82%B9__%E5%88%9D%E6%9C%9F%E3%83%8F%E3%82%A4%E3%83%87%E3%82%AC%E3%83%BC%E3%81%AB%E3%81%8A%E3%81%91%E3%82%8B%E3%82%A2%E3%83%AA%E3%82%B9%E3%83%88%E3%83%86%E3%83%AC%E3%82%B9%E8%A7%A3%E9%87%88-%E3%82%B7%E3%83%AA%E3%83%BC%E3%82%BA%E3%83%BB%E5%8F%A4%E5%85%B8%E8%BB%A2%E7%94%9F10/dp/4865030239/ref=sr_1_36?dib=eyJ2IjoiMSJ9.A8eIQcX2aBr2U5I_5SGJNhJu7DwiEh_yJe82AevbQVcNcmLVcNWUPf5_a0eGxE_7cgYcoSw6lV2ho7RlGecOL3ZCjNN4py49DGHASkzgZQr_oAkIUGY3ZKTe-wTuje-nTlO4tfz9ltsOBMMAzJzuQXiAGpcNTpyqlSmb5mu0Q_0.gCGj85lWNIwWmKzn0810ufDRBsCWQ1fpfL6NJpSyOIY&dib_tag=se&m=A31NFQQ4065CWX&marketplaceID=A19VAU5U5O7RUS&qid=1773377612&refinements=p_36%3A13000-13500&s=merchant-items&sr=1-36&xpid=Je23C5mlZKodo,存在とロゴス――初期ハイデガーにおけるアリストテレス解釈 (シリーズ・古典転生10)
4865030239,,,,
4864175063,Tankobon Softcover,133.15,https://www.amazon.sg/%E4%BB%A4%E5%92%8C6%E5%B9%B4%E5%BA%A6%E7%89%88%EF%BC%882024%E5%B9%B4%E5%BA%A6%E7%89%88%EF%BC%89-1%E7%B4%9A%E5%BB%BA%E7%AF%89%E5%A3%AB%E8%A9%A6%E9%A8%93-%E5%AD%A6%E7%A7%91-%E9%81%8E%E5%8E%BB%E5%95%8F%E3%82%B9%E3%83%BC%E3%83%91%E3%83%BC%EF%BC%97-%E7%B7%8F%E5%90%88%E8%B3%87%E6%A0%BC%E5%AD%A6%E9%99%A2/dp/4864175063/ref=sr_1_37?dib=eyJ2IjoiMSJ9.A8eIQcX2aBr2U5I_5SGJNhJu7DwiEh_yJe82AevbQVcNcmLVcNWUPf5_a0eGxE_7cgYcoSw6lV2ho7RlGecOL3ZCjNN4py49DGHASkzgZQr_oAkIUGY3ZKTe-wTuje-nTlO4tfz9ltsOBMMAzJzuQXiAGpcNTpyqlSmb5mu0Q_0.gCGj85lWNIwWmKzn0810ufDRBsCWQ1fpfL6NJpSyOIY&dib_tag=se&m=A31NFQQ4065CWX&marketplaceID=A19VAU5U5O7RUS&qid=1773377612&refinements=p_36%3A13000-13500&s=merchant-items&sr=1-37&xpid=Je23C5mlZKodo#customerReviews,令和6年度版（2024年度版）　1級建築士試験 学科 過去問スーパー７
4864175063,,,,
4862510140,Tankobon Hardcover,,https://www.amazon.sg/%E7%A4%BE%E4%BC%9A%E5%AD%A6%E3%81%AE%E9%A5%97%E5%AE%B4%E3%80%882%E3%80%89%E9%80%8D%E9%81%A5%E3%81%99%E3%82%8B%E8%A8%98%E6%86%B6_%E6%97%85%E3%81%A8%E9%87%8C%E7%A8%8B%E6%A8%99-%E7%A4%BE%E4%BC%9A%E5%AD%A6%E3%81%AE%E9%A5%97%E5%AE%B4-2/dp/4862510140/ref=sr_1_38?dib=eyJ2IjoiMSJ9.A8eIQcX2aBr2U5I_5SGJNhJu7DwiEh_yJe82AevbQVcNcmLVcNWUPf5_a0eGxE_7cgYcoSw6lV2ho7RlGecOL3ZCjNN4py49DGHASkzgZQr_oAkIUGY3ZKTe-wTuje-nTlO4tfz9ltsOBMMAzJzuQXiAGpcNTpyqlSmb5mu0Q_0.gCGj85lWNIwWmKzn0810ufDRBsCWQ1fpfL6NJpSyOIY&dib_tag=se&m=A31NFQQ4065CWX&marketplaceID=A19VAU5U5O7RUS&qid=1773377612&refinements=p_36%3A13000-13500&s=merchant-items&sr=1-38&xpid=Je23C5mlZKodo,社会学の饗宴〈2〉逍遥する記憶―旅と里程標 (社会学の饗宴 2)
4860847466,JP Oversized,133.15,https://www.amazon.sg/%E5%B0%8F%E6%9E%97%E3%83%A6%E3%83%AA%E5%86%99%E7%9C%9F%E9%9B%86%E3%80%8E%EF%BC%AE%EF%BD%95%E3%80%8F/dp/4860847466/ref=sr_1_39?dib=eyJ2IjoiMSJ9.A8eIQcX2aBr2U5I_5SGJNhJu7DwiEh_yJe82AevbQVcNcmLVcNWUPf5_a0eGxE_7cgYcoSw6lV2ho7RlGecOL3ZCjNN4py49DGHASkzgZQr_oAkIUGY3ZKTe-wTuje-nTlO4tfz9ltsOBMMAzJzuQXiAGpcNTpyqlSmb5mu0Q_0.gCGj85lWNIwWmKzn0810ufDRBsCWQ1fpfL6NJpSyOIY&dib_tag=se&m=A31NFQQ4065CWX&marketplaceID=A19VAU5U5O7RUS&qid=1773377612&refinements=p_36%3A13000-13500&s=merchant-items&sr=1-39&xpid=Je23C5mlZKodo#customerReviews,小林ユリ写真集『Ｎｕ』
4860847466,,,,
4844364707,Tankobon Hardcover,132.39,https://www.amazon.sg/%E3%83%97%E3%83%AD%E3%81%A8%E3%81%97%E3%81%A6%E6%81%A5%E3%81%9A%E3%81%8B%E3%81%97%E3%81%8F%E3%81%AA%E3%81%84-%E6%96%B0%E3%83%BBWEB%E3%83%87%E3%82%B6%E3%82%A4%E3%83%B3%E3%81%AE%E5%A4%A7%E5%8E%9F%E5%89%87-%E5%A4%A7%E8%97%A4-%E5%B9%B9/dp/4844364707/ref=sr_1_40?dib=eyJ2IjoiMSJ9.A8eIQcX2aBr2U5I_5SGJNhJu7DwiEh_yJe82AevbQVcNcmLVcNWUPf5_a0eGxE_7cgYcoSw6lV2ho7RlGecOL3ZCjNN4py49DGHASkzgZQr_oAkIUGY3ZKTe-wTuje-nTlO4tfz9ltsOBMMAzJzuQXiAGpcNTpyqlSmb5mu0Q_0.gCGj85lWNIwWmKzn0810ufDRBsCWQ1fpfL6NJpSyOIY&dib_tag=se&m=A31NFQQ4065CWX&marketplaceID=A19VAU5U5O7RUS&qid=1773377612&refinements=p_36%3A13000-13500&s=merchant-items&sr=1-40&xpid=Je23C5mlZKodo#customerReviews,プロとして恥ずかしくない 新・WEBデザインの大原則
4844364707,,,,
4840468753,Tankobon Softcover,134.89,https://www.amazon.sg/%E3%83%98%E3%83%AB%E3%82%B9%E3%82%B1%E3%82%A2%E3%83%97%E3%83%AD%E3%83%90%E3%82%A4%E3%83%80%E3%83%BC%E3%81%AE%E3%81%9F%E3%82%81%E3%81%AE%E3%81%8C%E3%82%93%E3%83%BB%E7%94%9F%E6%AE%96%E5%8C%BB%E7%99%82-%E3%82%A4%E3%83%A9%E3%82%B9%E3%83%88%E3%81%A8Q-A%E3%81%A7%E3%82%8F%E3%81%8B%E3%82%8B-%E6%82%A3%E8%80%85%E3%83%BB%E5%AE%B6%E6%97%8F%E8%AA%AC%E6%98%8E%E3%81%AB%E3%81%9D%E3%81%AE%E3%81%BE%E3%81%BE%E4%BD%BF%E3%81%88%E3%82%8B/dp/4840468753/ref=sr_1_41?dib=eyJ2IjoiMSJ9.A8eIQcX2aBr2U5I_5SGJNhJu7DwiEh_yJe82AevbQVcNcmLVcNWUPf5_a0eGxE_7cgYcoSw6lV2ho7RlGecOL3ZCjNN4py49DGHASkzgZQr_oAkIUGY3ZKTe-wTuje-nTlO4tfz9ltsOBMMAzJzuQXiAGpcNTpyqlSmb5mu0Q_0.gCGj85lWNIwWmKzn0810ufDRBsCWQ1fpfL6NJpSyOIY&dib_tag=se&m=A31NFQQ4065CWX&marketplaceID=A19VAU5U5O7RUS&qid=1773377612&refinements=p_36%3A13000-13500&s=merchant-items&sr=1-41&xpid=Je23C5mlZKodo#customerReviews,ヘルスケアプロバイダーのためのがん・生殖医療: イラストとQ&Aでわかる 患者・家族説明にそのまま使える
4840468753,,,,
4835456955,Comic,133.81,https://www.amazon.sg/%E4%B8%8D%E6%9D%A1%E7%90%86%E6%97%A5%E8%A8%98-%E5%AE%8C%E5%85%A8%E7%89%88/dp/4835456955/ref=sr_1_42?dib=eyJ2IjoiMSJ9.A8eIQcX2aBr2U5I_5SGJNhJu7DwiEh_yJe82AevbQVcNcmLVcNWUPf5_a0eGxE_7cgYcoSw6lV2ho7RlGecOL3ZCjNN4py49DGHASkzgZQr_oAkIUGY3ZKTe-wTuje-nTlO4tfz9ltsOBMMAzJzuQXiAGpcNTpyqlSmb5mu0Q_0.gCGj85lWNIwWmKzn0810ufDRBsCWQ1fpfL6NJpSyOIY&dib_tag=se&m=A31NFQQ4065CWX&marketplaceID=A19VAU5U5O7RUS&qid=1773377612&refinements=p_36%3A13000-13500&s=merchant-items&sr=1-42&xpid=Je23C5mlZKodo#customerReviews,不条理日記 完全版
4835456955,,,,
4834041921,Tankobon Hardcover,130.5,https://www.amazon.sg/%E3%81%90%E3%82%8A%E3%81%A8%E3%81%90%E3%82%89%E3%81%A8%E3%81%84%E3%81%A3%E3%81%97%E3%82%87%E3%81%AB%E3%81%8A%E3%81%A7%E3%81%8B%E3%81%91%E7%B5%B5%E6%9C%AC%E3%82%BB%E3%83%83%E3%83%88%E3%80%907%E5%86%8A%E3%80%91-%E3%81%90%E3%82%8A%E3%81%A8%E3%81%90%E3%82%89%E3%81%AE%E7%B5%B5%E6%9C%AC-%E3%81%AA%E3%81%8B%E3%81%8C%E3%82%8F-%E3%82%8A%E3%81%88%E3%81%93/dp/4834041921/ref=sr_1_43?dib=eyJ2IjoiMSJ9.A8eIQcX2aBr2U5I_5SGJNhJu7DwiEh_yJe82AevbQVcNcmLVcNWUPf5_a0eGxE_7cgYcoSw6lV2ho7RlGecOL3ZCjNN4py49DGHASkzgZQr_oAkIUGY3ZKTe-wTuje-nTlO4tfz9ltsOBMMAzJzuQXiAGpcNTpyqlSmb5mu0Q_0.gCGj85lWNIwWmKzn0810ufDRBsCWQ1fpfL6NJpSyOIY&dib_tag=se&m=A31NFQQ4065CWX&marketplaceID=A19VAU5U5O7RUS&qid=1773377612&refinements=p_36%3A13000-13500&s=merchant-items&sr=1-43&xpid=Je23C5mlZKodo#customerReviews,ぐりとぐらといっしょにおでかけ絵本セット【7冊】 (ぐりとぐらの絵本)
4834041921,,,,
4831512109,Tankobon Hardcover,130.58,https://www.amazon.sg/%E8%A5%BF%E9%B6%B4%E6%96%B0%E8%A7%A3_%E8%89%B2%E6%81%8B%E3%81%A8%E6%AD%A6%E9%81%93%E3%81%AE%E4%B8%96%E7%95%8C-%E5%BA%83%E5%B6%8B-%E9%80%B2/dp/4831512109/ref=sr_1_49?dib=eyJ2IjoiMSJ9.V7wqt-H68yR_O5LQ_IE72UgrH8ZEoPg3GDICJMVObvqHmusje582es0Hwz_jtewZ9Bp6unNUnZbYlpgKDtifLQ.kbzD-P6tImlSJ3H2l_MkETTs7P6o1dDwTXz-YZIQHbE&dib_tag=se&m=A31NFQQ4065CWX&marketplaceID=A19VAU5U5O7RUS&qid=1773377617&refinements=p_36%3A13000-13500&s=merchant-items&sr=1-49&xpid=Je23C5mlZKodo,西鶴新解―色恋と武道の世界
4831512109,,,,
4818815411,Tankobon Hardcover,134.15,https://www.amazon.sg/%E8%BE%B2%E6%A5%AD%E5%BE%8C%E7%B6%99%E8%80%85%E3%81%AE%E8%BF%91%E4%BB%A3%E7%9A%84%E8%82%B2%E6%88%90_%E6%8A%80%E8%A1%93%E6%99%AE%E5%8F%8A%E3%81%A8%E8%BE%B2%E6%9D%91%E9%9D%92%E5%B9%B4%E3%81%AE%E7%B7%A8%E6%88%90/dp/4818815411/ref=sr_1_50?dib=eyJ2IjoiMSJ9.V7wqt-H68yR_O5LQ_IE72UgrH8ZEoPg3GDICJMVObvqHmusje582es0Hwz_jtewZ9Bp6unNUnZbYlpgKDtifLQ.kbzD-P6tImlSJ3H2l_MkETTs7P6o1dDwTXz-YZIQHbE&dib_tag=se&m=A31NFQQ4065CWX&marketplaceID=A19VAU5U5O7RUS&qid=1773377617&refinements=p_36%3A13000-13500&s=merchant-items&sr=1-50&xpid=Je23C5mlZKodo,農業後継者の近代的育成―技術普及と農村青年の編成
4818815411,,,,
4801493629,Tankobon Hardcover,131.1,https://www.amazon.sg/%E3%82%A2%E3%82%AC%E3%83%AB%E3%83%BC%E3%83%88%E3%81%AE%E5%8F%B8%E6%B3%95%E8%A9%A6%E9%A8%93%E3%83%BB%E4%BA%88%E5%82%99%E8%A9%A6%E9%A8%93-%E5%90%88%E6%A0%BC%E8%AB%96%E8%A8%BC%E9%9B%86-%E5%88%91%E6%B3%95%E3%83%BB%E5%88%91%E4%BA%8B%E8%A8%B4%E8%A8%9F%E6%B3%95/dp/4801493629/ref=sr_1_51?dib=eyJ2IjoiMSJ9.V7wqt-H68yR_O5LQ_IE72UgrH8ZEoPg3GDICJMVObvqHmusje582es0Hwz_jtewZ9Bp6unNUnZbYlpgKDtifLQ.kbzD-P6tImlSJ3H2l_MkETTs7P6o1dDwTXz-YZIQHbE&dib_tag=se&m=A31NFQQ4065CWX&marketplaceID=A19VAU5U5O7RUS&qid=1773377617&refinements=p_36%3A13000-13500&s=merchant-items&sr=1-51&xpid=Je23C5mlZKodo#customerReviews,アガルートの司法試験・予備試験 合格論証集 刑法・刑事訴訟法
4801493629,,,,
4798111112,Tankobon Softcover,132.11,https://www.amazon.sg/%E3%82%AA%E3%83%96%E3%82%B8%E3%82%A7%E3%82%AF%E3%83%88%E6%8C%87%E5%90%91%E5%85%A5%E9%96%80-%E7%AC%AC2%E7%89%88-%E5%8E%9F%E5%89%87%E3%83%BB%E3%82%B3%E3%83%B3%E3%82%BB%E3%83%97%E3%83%88-ArchitectArchive-%E3%82%AF%E3%83%A9%E3%82%B7%E3%83%83%E3%82%AF%E3%83%A2%E3%83%80%E3%83%B3%E3%83%BB%E3%82%B3%E3%83%B3%E3%83%94%E3%83%A5%E3%83%BC%E3%83%86%E3%82%A3%E3%83%B3%E3%82%B0/dp/4798111112/ref=sr_1_52?dib=eyJ2IjoiMSJ9.V7wqt-H68yR_O5LQ_IE72UgrH8ZEoPg3GDICJMVObvqHmusje582es0Hwz_jtewZ9Bp6unNUnZbYlpgKDtifLQ.kbzD-P6tImlSJ3H2l_MkETTs7P6o1dDwTXz-YZIQHbE&dib_tag=se&m=A31NFQQ4065CWX&marketplaceID=A19VAU5U5O7RUS&qid=1773377617&refinements=p_36%3A13000-13500&s=merchant-items&sr=1-52&xpid=Je23C5mlZKodo#customerReviews,オブジェクト指向入門 第2版 原則・コンセプト (IT Architect’Archive クラシックモダン・コンピューティング)
4798111112,,,,
4789300145,Tankobon Hardcover,,https://www.amazon.sg/%E8%B3%87%E6%96%99-%E6%BF%80%E5%8B%95%E6%9C%9F%E3%83%BB%E7%B5%82%E7%84%89%E6%9C%9F%E3%81%AE%E3%83%89%E3%82%A4%E3%83%84%E6%B0%91%E4%B8%BB%E5%85%B1%E5%92%8C%E5%9B%BD-DDR-%E5%8A%B4%E5%83%8D%E6%B3%95-%E6%84%9B%E7%9F%A5%E5%A4%A7%E5%AD%A6%E5%9B%BD%E7%A0%94%E5%8F%A2%E6%9B%B8/dp/4789300145/ref=sr_1_53?dib=eyJ2IjoiMSJ9.V7wqt-H68yR_O5LQ_IE72UgrH8ZEoPg3GDICJMVObvqHmusje582es0Hwz_jtewZ9Bp6unNUnZbYlpgKDtifLQ.kbzD-P6tImlSJ3H2l_MkETTs7P6o1dDwTXz-YZIQHbE&dib_tag=se&m=A31NFQQ4065CWX&marketplaceID=A19VAU5U5O7RUS&qid=1773377617&refinements=p_36%3A13000-13500&s=merchant-items&sr=1-53&xpid=Je23C5mlZKodo,資料 激動期・終焉期のドイツ民主共和国(DDR)労働法 (愛知大学国研叢書)
4787601016,Tankobon Hardcover,,https://www.amazon.sg/%E5%90%8D%E5%93%81%E6%92%B0-%E5%8F%A4%E4%BC%8A%E4%B8%87%E9%87%8C%E9%87%91%E8%A5%B4%E6%89%8B%E4%BD%9C%E5%93%81-%E6%A0%97%E7%94%B0-%E4%BF%8A%E8%8B%B1/dp/4787601016/ref=sr_1_49?dib=eyJ2IjoiMSJ9.5-7FnST1NCINYwYgjA6wVBgggcl-eKDQFgXrD0pVKHcC8RSEizK86DzahnNLKuFW9HLW0-30K4V7kKFTVFxw3QYbEc-m_PJ7O1qUZLzpKvcJqEJfYacVfVZV0C0ht4H5virOYmPY3IW1xuloz4Fqz2s9gOUApVb_FM6FQpLdgLo.R7XzeC8TFhKWFFMQ605dW5e-n9V_ZZntGrjMj2UQg0I&dib_tag=se&m=A31NFQQ4065CWX&marketplaceID=A19VAU5U5O7RUS&qid=1773377617&refinements=p_36%3A13000-13500&s=merchant-items&sr=1-49&xpid=Je23C5mlZKodo#customerReviews,名品撰 古伊万里金襴手作品
4779506247,Tankobon Hardcover,,https://www.amazon.sg/%E3%83%87%E3%83%BC%E3%82%BF%E3%81%A7%E8%A6%8B%E3%82%8B%E6%9D%B1%E3%82%A2%E3%82%B8%E3%82%A2%E3%81%AE%E6%96%87%E5%8C%96%E3%81%A8%E4%BE%A1%E5%80%A4%E8%A6%B3_%E6%9D%B1%E3%82%A2%E3%82%B8%E7%A4%BE%E4%BC%9A%E8%AA%BF%E6%9F%BB%E3%81%AB%E3%82%88%E3%82%8B%E6%97%A5%E9%9F%93%E4%B8%AD%E5%8F%B0%E3%81%AE%E6%AF%94%E8%BC%83%E3%80%882%E3%80%89/dp/4779506247/ref=sr_1_50?dib=eyJ2IjoiMSJ9.5-7FnST1NCINYwYgjA6wVBgggcl-eKDQFgXrD0pVKHcC8RSEizK86DzahnNLKuFW9HLW0-30K4V7kKFTVFxw3QYbEc-m_PJ7O1qUZLzpKvcJqEJfYacVfVZV0C0ht4H5virOYmPY3IW1xuloz4Fqz2s9gOUApVb_FM6FQpLdgLo.R7XzeC8TFhKWFFMQ605dW5e-n9V_ZZntGrjMj2UQg0I&dib_tag=se&m=A31NFQQ4065CWX&marketplaceID=A19VAU5U5O7RUS&qid=1773377617&refinements=p_36%3A13000-13500&s=merchant-items&sr=1-50&xpid=Je23C5mlZKodo,データで見る東アジアの文化と価値観―東アジ社会調査による日韓中台の比較〈2〉
477323864X,Sheet music,132.79,https://www.amazon.sg/Spirited-Collection-Piano-Sheet-Music/dp/477323864X/ref=sr_1_51?dib=eyJ2IjoiMSJ9.5-7FnST1NCINYwYgjA6wVBgggcl-eKDQFgXrD0pVKHcC8RSEizK86DzahnNLKuFW9HLW0-30K4V7kKFTVFxw3QYbEc-m_PJ7O1qUZLzpKvcJqEJfYacVfVZV0C0ht4H5virOYmPY3IW1xuloz4Fqz2s9gOUApVb_FM6FQpLdgLo.R7XzeC8TFhKWFFMQ605dW5e-n9V_ZZntGrjMj2UQg0I&dib_tag=se&m=A31NFQQ4065CWX&marketplaceID=A19VAU5U5O7RUS&qid=1773377617&refinements=p_36%3A13000-13500&s=merchant-items&sr=1-51&xpid=Je23C5mlZKodo#customerReviews,Spirited Away Collection Piano Solo Sheet Music Book
477323864X,,,,
4768312063,Mook,130.0,https://www.amazon.sg/Sculptors02-%E3%82%B9%E3%82%AB%E3%83%AB%E3%83%97%E3%82%BF%E3%83%BC%E3%82%BA02-Genkosha/dp/4768312063/ref=sr_1_52?dib=eyJ2IjoiMSJ9.5-7FnST1NCINYwYgjA6wVBgggcl-eKDQFgXrD0pVKHcC8RSEizK86DzahnNLKuFW9HLW0-30K4V7kKFTVFxw3QYbEc-m_PJ7O1qUZLzpKvcJqEJfYacVfVZV0C0ht4H5virOYmPY3IW1xuloz4Fqz2s9gOUApVb_FM6FQpLdgLo.R7XzeC8TFhKWFFMQ605dW5e-n9V_ZZntGrjMj2UQg0I&dib_tag=se&m=A31NFQQ4065CWX&marketplaceID=A19VAU5U5O7RUS&qid=1773377617&refinements=p_36%3A13000-13500&s=merchant-items&sr=1-52&xpid=Je23C5mlZKodo#customerReviews,Sculptors02 / スカルプターズ02
4768312063,,,,
4758103534,Tankobon Hardcover,134.11,https://www.amazon.sg/%E5%AE%9F%E9%A8%93%E5%8C%BB%E5%AD%A6%E5%A2%97%E5%88%8A-Vol-34-No-5-%E3%83%93%E3%83%83%E3%82%B0%E3%83%87%E3%83%BC%E3%82%BF-%E5%A4%89%E9%9D%A9%E3%81%99%E3%82%8B%E7%94%9F%E5%91%BD%E7%A7%91%E5%AD%A6%E3%83%BB%E5%8C%BB%E7%99%82%E3%80%9C%E6%BF%80%E5%A2%97%E3%81%99%E3%82%8B%E3%82%AA%E3%83%9F%E3%82%AF%E3%82%B9%E3%83%87%E3%83%BC%E3%82%BF%E3%83%BB%E5%8C%BB%E7%99%82%E3%83%87%E3%83%BC%E3%82%BF%E3%81%A8%E3%81%A9%E3%81%86%E5%90%91%E3%81%8D%E5%90%88%E3%81%84%E3%80%81%E3%81%A9%E3%81%86%E6%B4%BB%E7%94%A8%E3%81%99%E3%81%B9%E3%81%8D%E3%81%8B/dp/4758103534/ref=sr_1_53?dib=eyJ2IjoiMSJ9.5-7FnST1NCINYwYgjA6wVBgggcl-eKDQFgXrD0pVKHcC8RSEizK86DzahnNLKuFW9HLW0-30K4V7kKFTVFxw3QYbEc-m_PJ7O1qUZLzpKvcJqEJfYacVfVZV0C0ht4H5virOYmPY3IW1xuloz4Fqz2s9gOUApVb_FM6FQpLdgLo.R7XzeC8TFhKWFFMQ605dW5e-n9V_ZZntGrjMj2UQg0I&dib_tag=se&m=A31NFQQ4065CWX&marketplaceID=A19VAU5U5O7RUS&qid=1773377617&refinements=p_36%3A13000-13500&s=merchant-items&sr=1-53&xpid=Je23C5mlZKodo#customerReviews,実験医学増刊 Vol.34 No.5 ビッグデータ 変革する生命科学・医療〜激増するオミクスデータ・医療データとどう向き合い、どう活用すべきか?
4758103534,,,,
4639025289,Tankobon Hardcover,134.25,https://www.amazon.sg/%E4%B8%AD%E8%BF%91%E4%B8%96%E9%99%B6%E7%A3%81%E5%99%A8%E3%81%AE%E8%80%83%E5%8F%A4%E5%AD%A6%E3%80%88%E7%AC%AC%E4%B8%83%E5%B7%BB%E3%80%89-7/dp/4639025289/ref=sr_1_54?dib=eyJ2IjoiMSJ9.5-7FnST1NCINYwYgjA6wVBgggcl-eKDQFgXrD0pVKHcC8RSEizK86DzahnNLKuFW9HLW0-30K4V7kKFTVFxw3QYbEc-m_PJ7O1qUZLzpKvcJqEJfYacVfVZV0C0ht4H5virOYmPY3IW1xuloz4Fqz2s9gOUApVb_FM6FQpLdgLo.R7XzeC8TFhKWFFMQ605dW5e-n9V_ZZntGrjMj2UQg0I&dib_tag=se&m=A31NFQQ4065CWX&marketplaceID=A19VAU5U5O7RUS&qid=1773377617&refinements=p_36%3A13000-13500&s=merchant-items&sr=1-54&xpid=Je23C5mlZKodo#customerReviews,中近世陶磁器の考古学〈第七巻〉: 7
4639025289,,,,
4535525544,Tankobon Hardcover,133.32,https://www.amazon.sg/%E5%88%91%E6%B3%95%E3%81%AB%E3%81%8A%E3%81%91%E3%82%8B%E7%B5%90%E6%9E%9C%E5%9B%9E%E9%81%BF%E5%8F%AF%E8%83%BD%E6%80%A7-%E6%97%A5%E6%9C%AC%E3%81%A8%E3%83%89%E3%82%A4%E3%83%84%E3%81%AE%E6%AF%94%E8%BC%83%E3%81%8B%E3%82%89/dp/4535525544/ref=sr_1_55?dib=eyJ2IjoiMSJ9.5-7FnST1NCINYwYgjA6wVBgggcl-eKDQFgXrD0pVKHcC8RSEizK86DzahnNLKuFW9HLW0-30K4V7kKFTVFxw3QYbEc-m_PJ7O1qUZLzpKvcJqEJfYacVfVZV0C0ht4H5virOYmPY3IW1xuloz4Fqz2s9gOUApVb_FM6FQpLdgLo.R7XzeC8TFhKWFFMQ605dW5e-n9V_ZZntGrjMj2UQg0I&dib_tag=se&m=A31NFQQ4065CWX&marketplaceID=A19VAU5U5O7RUS&qid=1773377617&refinements=p_36%3A13000-13500&s=merchant-items&sr=1-55&xpid=Je23C5mlZKodo,刑法における結果回避可能性 日本とドイツの比較から
4535525544,,,,
4502840459,Tankobon Hardcover,134.19,https://www.amazon.sg/%E6%89%80%E5%BE%97%E7%A8%8E%E6%B3%95%E8%A6%8F%E9%9B%86-%E4%BB%A4%E5%92%8C4%E5%B9%B47%E6%9C%881%E6%97%A5%E7%8F%BE%E5%9C%A8-%E5%9B%BD%E7%A8%8E%E3%81%AE%E6%B3%95%E8%A6%8F%E9%80%9A%E9%81%94%E9%9B%86%E3%82%B7%E3%83%AA%E3%83%BC%E3%82%BA/dp/4502840459/ref=sr_1_56?dib=eyJ2IjoiMSJ9.5-7FnST1NCINYwYgjA6wVBgggcl-eKDQFgXrD0pVKHcC8RSEizK86DzahnNLKuFW9HLW0-30K4V7kKFTVFxw3QYbEc-m_PJ7O1qUZLzpKvcJqEJfYacVfVZV0C0ht4H5virOYmPY3IW1xuloz4Fqz2s9gOUApVb_FM6FQpLdgLo.R7XzeC8TFhKWFFMQ605dW5e-n9V_ZZntGrjMj2UQg0I&dib_tag=se&m=A31NFQQ4065CWX&marketplaceID=A19VAU5U5O7RUS&qid=1773377617&refinements=p_36%3A13000-13500&s=merchant-items&sr=1-56&xpid=Je23C5mlZKodo,所得税法規集(令和4年7月1日現在) (国税の法規通達集シリーズ)
4502840459,,,,
4495176412,Tankobon Hardcover,131.25,https://www.amazon.sg/%E7%A7%9F%E7%A8%8E%E8%B2%A0%E6%8B%85%E5%89%8A%E6%B8%9B%E8%A1%8C%E5%8B%95%E3%81%AE%E7%B5%8C%E6%B8%88%E7%9A%84%E8%A6%81%E5%9B%A0_%E7%A7%9F%E7%A8%8E%E8%B2%A0%E6%8B%85%E5%89%8A%E6%B8%9B%E8%A1%8C%E5%8B%95%E3%82%A4%E3%83%B3%E3%82%BB%E3%83%B3%E3%83%86%E3%82%A3%E3%83%96%E3%81%AE%E5%AE%9F%E8%A8%BC%E5%88%86%E6%9E%90/dp/4495176412/ref=sr_1_57?dib=eyJ2IjoiMSJ9.5-7FnST1NCINYwYgjA6wVBgggcl-eKDQFgXrD0pVKHcC8RSEizK86DzahnNLKuFW9HLW0-30K4V7kKFTVFxw3QYbEc-m_PJ7O1qUZLzpKvcJqEJfYacVfVZV0C0ht4H5virOYmPY3IW1xuloz4Fqz2s9gOUApVb_FM6FQpLdgLo.R7XzeC8TFhKWFFMQ605dW5e-n9V_ZZntGrjMj2UQg0I&dib_tag=se&m=A31NFQQ4065CWX&marketplaceID=A19VAU5U5O7RUS&qid=1773377617&refinements=p_36%3A13000-13500&s=merchant-items&sr=1-57&xpid=Je23C5mlZKodo,租税負担削減行動の経済的要因―租税負担削減行動インセンティブの実証分析
4495176412,,,,
4489020082,Tankobon Hardcover,131.21,https://www.amazon.sg/%E5%85%B1%E5%88%86%E6%95%A3%E6%A7%8B%E9%80%A0%E5%88%86%E6%9E%90-Amos%E7%B7%A8-_%E6%A7%8B%E9%80%A0%E6%96%B9%E7%A8%8B%E5%BC%8F%E3%83%A2%E3%83%87%E3%83%AA%E3%83%B3%E3%82%B0_-%E8%B1%8A%E7%94%B0-%E7%A7%80%E6%A8%B9/dp/4489020082/ref=sr_1_58?dib=eyJ2IjoiMSJ9.5-7FnST1NCINYwYgjA6wVBgggcl-eKDQFgXrD0pVKHcC8RSEizK86DzahnNLKuFW9HLW0-30K4V7kKFTVFxw3QYbEc-m_PJ7O1qUZLzpKvcJqEJfYacVfVZV0C0ht4H5virOYmPY3IW1xuloz4Fqz2s9gOUApVb_FM6FQpLdgLo.R7XzeC8TFhKWFFMQ605dW5e-n9V_ZZntGrjMj2UQg0I&dib_tag=se&m=A31NFQQ4065CWX&marketplaceID=A19VAU5U5O7RUS&qid=1773377617&refinements=p_36%3A13000-13500&s=merchant-items&sr=1-58&xpid=Je23C5mlZKodo#customerReviews,共分散構造分析[Amos編]―構造方程式モデリング―
4489020082,,,,
4480028803,Paperback Bunko,131.49,https://www.amazon.sg/%E3%82%B2%E3%82%B2%E3%82%B2%E3%81%AE%E9%AC%BC%E5%A4%AA%E9%83%8E-%E5%85%A87%E5%B7%BB%E3%82%BB%E3%83%83%E3%83%88/dp/4480028803/ref=sr_1_59?dib=eyJ2IjoiMSJ9.5-7FnST1NCINYwYgjA6wVBgggcl-eKDQFgXrD0pVKHcC8RSEizK86DzahnNLKuFW9HLW0-30K4V7kKFTVFxw3QYbEc-m_PJ7O1qUZLzpKvcJqEJfYacVfVZV0C0ht4H5virOYmPY3IW1xuloz4Fqz2s9gOUApVb_FM6FQpLdgLo.R7XzeC8TFhKWFFMQ605dW5e-n9V_ZZntGrjMj2UQg0I&dib_tag=se&m=A31NFQQ4065CWX&marketplaceID=A19VAU5U5O7RUS&qid=1773377617&refinements=p_36%3A13000-13500&s=merchant-items&sr=1-59&xpid=Je23C5mlZKodo#customerReviews,ゲゲゲの鬼太郎 全7巻セット
4480028803,,,,
4474068653,Tankobon Hardcover,131.19,https://www.amazon.sg/%E6%B3%A8%E8%A7%A3-%E9%89%84%E9%81%93%E5%85%AD%E6%B3%95%E3%80%94%E4%BB%A4%E5%92%8C%E5%85%83%E5%B9%B4%E7%89%88%E3%80%95/dp/4474068653/ref=sr_1_65?dib=eyJ2IjoiMSJ9.VQ84p4-JcDIZStB2UkTeZ3IP5f1g9yLBQq6L32JkdWhIKnpecNOeF3q0NNRjGu2vKc4wCAnLlkVo79JNg4QPRQ.bgdGUuTz6V6W2YQx4NbCCjWpJxRAf8FdQuHD0-zOt-A&dib_tag=se&m=A31NFQQ4065CWX&marketplaceID=A19VAU5U5O7RUS&qid=1773377623&refinements=p_36%3A13000-13500&s=merchant-items&sr=1-65&xpid=Je23C5mlZKodo#customerReviews,注解 鉄道六法〔令和元年版〕
4474068653,,,,
4434260650,JP Oversized,132.25,https://www.amazon.sg/%E3%82%B7%E3%82%A7%E3%83%95_%E4%B8%80%E6%B5%81%E3%81%AE%E3%82%B7%E3%82%A7%E3%83%95%E3%81%9F%E3%81%A1-chef%E3%80%88123%E3%80%89%E7%89%B9%E9%9B%86-meilleur-CUISSON-%E8%87%AA%E4%BF%A1%E3%81%AE%E7%81%AB%E5%85%A5%E3%82%8C/dp/4434260650/ref=sr_1_66?dib=eyJ2IjoiMSJ9.VQ84p4-JcDIZStB2UkTeZ3IP5f1g9yLBQq6L32JkdWhIKnpecNOeF3q0NNRjGu2vKc4wCAnLlkVo79JNg4QPRQ.bgdGUuTz6V6W2YQx4NbCCjWpJxRAf8FdQuHD0-zOt-A&dib_tag=se&m=A31NFQQ4065CWX&marketplaceID=A19VAU5U5O7RUS&qid=1773377623&refinements=p_36%3A13000-13500&s=merchant-items&sr=1-66&xpid=Je23C5mlZKodo#customerReviews,シェフ―一流のシェフたち chef〈123〉特集 Ma meilleur CUISSON 自信の火入れ
4434260650,,,,
4263734165,Tankobon Softcover,131.25,https://www.amazon.sg/%E5%8C%BB%E7%94%A8%E9%9B%BB%E5%AD%90%E5%B7%A5%E5%AD%A6-%E7%AC%AC2%E7%89%88-%E8%87%A8%E5%BA%8A%E5%B7%A5%E5%AD%A6%E8%AC%9B%E5%BA%A7/dp/4263734165/ref=sr_1_67?dib=eyJ2IjoiMSJ9.VQ84p4-JcDIZStB2UkTeZ3IP5f1g9yLBQq6L32JkdWhIKnpecNOeF3q0NNRjGu2vKc4wCAnLlkVo79JNg4QPRQ.bgdGUuTz6V6W2YQx4NbCCjWpJxRAf8FdQuHD0-zOt-A&dib_tag=se&m=A31NFQQ4065CWX&marketplaceID=A19VAU5U5O7RUS&qid=1773377623&refinements=p_36%3A13000-13500&s=merchant-items&sr=1-67&xpid=Je23C5mlZKodo#customerReviews,医用電子工学　第2版 (臨床工学講座)
4263734165,,,,
4130740032,Tankobon Hardcover,133.16,https://www.amazon.sg/%E6%97%A5%E6%9C%AC%E7%94%A3%E6%A5%AD%E5%8F%B2%E5%A4%A7%E7%B3%BB%E3%80%883%E3%80%89%E6%9D%B1%E5%8C%97%E5%9C%B0%E6%96%B9%E7%AF%87/dp/4130740032/ref=sr_1_68?dib=eyJ2IjoiMSJ9.VQ84p4-JcDIZStB2UkTeZ3IP5f1g9yLBQq6L32JkdWhIKnpecNOeF3q0NNRjGu2vKc4wCAnLlkVo79JNg4QPRQ.bgdGUuTz6V6W2YQx4NbCCjWpJxRAf8FdQuHD0-zOt-A&dib_tag=se&m=A31NFQQ4065CWX&marketplaceID=A19VAU5U5O7RUS&qid=1773377623&refinements=p_36%3A13000-13500&s=merchant-items&sr=1-68&xpid=Je23C5mlZKodo,日本産業史大系〈3〉東北地方篇
4130740032,,,,
4103152338,JP Oversized,131.67,https://www.amazon.sg/%E6%97%A5%E6%9C%AC%E3%82%A2%E3%83%AB%E3%83%97%E3%82%B9%E3%81%AE%E3%83%A9%E3%82%A4%E3%83%81%E3%83%A7%E3%82%A6-%E6%B0%B4%E8%B6%8A-%E6%AD%A6/dp/4103152338/ref=sr_1_69?dib=eyJ2IjoiMSJ9.VQ84p4-JcDIZStB2UkTeZ3IP5f1g9yLBQq6L32JkdWhIKnpecNOeF3q0NNRjGu2vKc4wCAnLlkVo79JNg4QPRQ.bgdGUuTz6V6W2YQx4NbCCjWpJxRAf8FdQuHD0-zOt-A&dib_tag=se&m=A31NFQQ4065CWX&marketplaceID=A19VAU5U5O7RUS&qid=1773377623&refinements=p_36%3A13000-13500&s=merchant-items&sr=1-69&xpid=Je23C5mlZKodo#customerReviews,日本アルプスのライチョウ
4103152338,,,,
4086179083,Comic,130.75,https://www.amazon.sg/JoJos-Bizarre-Adventure-Kimyou-Bouken/dp/4086179083/ref=sr_1_65?dib=eyJ2IjoiMSJ9.h5naaj_9BtUxeuetGp8FmaziC8Pt8jybMO91nR-0_deSeXFu8LbuxTtx5nHzHev4tbSS7xR_rnCA93g6-SGRlIJ_DFcEsqkghG28ZKbHQCPN93iIaMDctfwEHssG_YScj27cKnQAaQWnjFfimVpIvG8jjSMAeoXZNB4PE7FTiUE.VGulbq0YLH06gtHpA2xIU90f9b-rxfAUiI2gbgt5-60&dib_tag=se&m=A31NFQQ4065CWX&marketplaceID=A19VAU5U5O7RUS&qid=1773377623&refinements=p_36%3A13000-13500&s=merchant-items&sr=1-65&xpid=Je23C5mlZKodo#customerReviews,JoJo's Bizarre Adventure / Jojo no Kimyou na Bouken Vol.1 - Vol.7 Set [JAPANESE EDITION]
4086179083,,,,
4065293561,Comic,132.04,https://www.amazon.sg/Animation-AKIRA-Layouts-Key-Frames/dp/4065293561/ref=sr_1_66?dib=eyJ2IjoiMSJ9.h5naaj_9BtUxeuetGp8FmaziC8Pt8jybMO91nR-0_deSeXFu8LbuxTtx5nHzHev4tbSS7xR_rnCA93g6-SGRlIJ_DFcEsqkghG28ZKbHQCPN93iIaMDctfwEHssG_YScj27cKnQAaQWnjFfimVpIvG8jjSMAeoXZNB4PE7FTiUE.VGulbq0YLH06gtHpA2xIU90f9b-rxfAUiI2gbgt5-60&dib_tag=se&m=A31NFQQ4065CWX&marketplaceID=A19VAU5U5O7RUS&qid=1773377623&refinements=p_36%3A13000-13500&s=merchant-items&sr=1-66&xpid=Je23C5mlZKodo#customerReviews,Animation AKIRA Layouts & Key Frames 2
4065293561,,,,
4000237977,Tankobon Hardcover,133.82,https://www.amazon.sg/%E4%BB%8F%E7%8B%AC%E5%85%B1%E5%90%8C%E9%80%9A%E5%8F%B2-%E7%AC%AC%E4%B8%80%E6%AC%A1%E4%B8%96%E7%95%8C%E5%A4%A7%E6%88%A6%EF%BC%88%E4%B8%8B%EF%BC%89/dp/4000237977/ref=sr_1_67?dib=eyJ2IjoiMSJ9.h5naaj_9BtUxeuetGp8FmaziC8Pt8jybMO91nR-0_deSeXFu8LbuxTtx5nHzHev4tbSS7xR_rnCA93g6-SGRlIJ_DFcEsqkghG28ZKbHQCPN93iIaMDctfwEHssG_YScj27cKnQAaQWnjFfimVpIvG8jjSMAeoXZNB4PE7FTiUE.VGulbq0YLH06gtHpA2xIU90f9b-rxfAUiI2gbgt5-60&dib_tag=se&m=A31NFQQ4065CWX&marketplaceID=A19VAU5U5O7RUS&qid=1773377623&refinements=p_36%3A13000-13500&s=merchant-items&sr=1-67&xpid=Je23C5mlZKodo#customerReviews,仏独共同通史 第一次世界大戦（下）
4000237977,,,,
B07WWH83G8,,131.67,https://www.amazon.sg/Yamazaki-4762-Approx-inches-Tissue/dp/B07WWH83G8/ref=sr_1_68?dib=eyJ2IjoiMSJ9.h5naaj_9BtUxeuetGp8FmaziC8Pt8jybMO91nR-0_deSeXFu8LbuxTtx5nHzHev4tbSS7xR_rnCA93g6-SGRlIJ_DFcEsqkghG28ZKbHQCPN93iIaMDctfwEHssG_YScj27cKnQAaQWnjFfimVpIvG8jjSMAeoXZNB4PE7FTiUE.VGulbq0YLH06gtHpA2xIU90f9b-rxfAUiI2gbgt5-60&dib_tag=se&m=A31NFQQ4065CWX&marketplaceID=A19VAU5U5O7RUS&qid=1773377623&refinements=p_36%3A13000-13500&s=merchant-items&sr=1-68&xpid=Je23C5mlZKodo#customerReviews,"Yamazaki 4762 Paper Towel Case with Lid, Black, Approx. W 10.2 x D 5.1 x H 3.1 inches (26 x 13 x 8 cm), Tower Towel, Tissue Case"
B07WWH83G8,,,,
B08G4HNQTC,,166.77,https://www.amazon.sg/LEGO-71738-Zanes-Titan-Battle/dp/B08G4HNQTC/ref=sr_1_69?dib=eyJ2IjoiMSJ9.h5naaj_9BtUxeuetGp8FmaziC8Pt8jybMO91nR-0_deSeXFu8LbuxTtx5nHzHev4tbSS7xR_rnCA93g6-SGRlIJ_DFcEsqkghG28ZKbHQCPN93iIaMDctfwEHssG_YScj27cKnQAaQWnjFfimVpIvG8jjSMAeoXZNB4PE7FTiUE.VGulbq0YLH06gtHpA2xIU90f9b-rxfAUiI2gbgt5-60&dib_tag=se&m=A31NFQQ4065CWX&marketplaceID=A19VAU5U5O7RUS&qid=1773377623&refinements=p_36%3A13000-13500&s=merchant-items&sr=1-69&xpid=Je23C5mlZKodo#customerReviews,LEGO 71738 Zane's Titan Mech Battle
B005FKF4NS,,132.08,https://www.amazon.sg/DAddario-ETB92-5-5-String-Tapewound-Strings/dp/B005FKF4NS/ref=sr_1_70?dib=eyJ2IjoiMSJ9.h5naaj_9BtUxeuetGp8FmaziC8Pt8jybMO91nR-0_deSeXFu8LbuxTtx5nHzHev4tbSS7xR_rnCA93g6-SGRlIJ_DFcEsqkghG28ZKbHQCPN93iIaMDctfwEHssG_YScj27cKnQAaQWnjFfimVpIvG8jjSMAeoXZNB4PE7FTiUE.VGulbq0YLH06gtHpA2xIU90f9b-rxfAUiI2gbgt5-60&dib_tag=se&m=A31NFQQ4065CWX&marketplaceID=A19VAU5U5O7RUS&qid=1773377623&refinements=p_36%3A13000-13500&s=merchant-items&sr=1-70&xpid=Je23C5mlZKodo#customerReviews,"D'Addario ETB92-5 5-String Tapewound Bass Guitar Strings, Medium, 50-135, Long Scale"
B005FKF4NS,,,,
B0762L8CY1,,149.1,https://www.amazon.sg/Ergon-Road-Sport-Womens-Black/dp/B0762L8CY1/ref=sr_1_71?dib=eyJ2IjoiMSJ9.h5naaj_9BtUxeuetGp8FmaziC8Pt8jybMO91nR-0_deSeXFu8LbuxTtx5nHzHev4tbSS7xR_rnCA93g6-SGRlIJ_DFcEsqkghG28ZKbHQCPN93iIaMDctfwEHssG_YScj27cKnQAaQWnjFfimVpIvG8jjSMAeoXZNB4PE7FTiUE.VGulbq0YLH06gtHpA2xIU90f9b-rxfAUiI2gbgt5-60&dib_tag=se&m=A31NFQQ4065CWX&marketplaceID=A19VAU5U5O7RUS&qid=1773377623&refinements=p_36%3A13000-13500&s=merchant-items&sr=1-71&xpid=Je23C5mlZKodo#customerReviews,Ergon SR Sport Gel Saddle - Women's
B0762L8CY1,,,,
B07NVH3VFZ,,130.79,https://www.amazon.sg/Remnos-SUR18-16-Ladybug-Analog-Natural/dp/B07NVH3VFZ/ref=sr_1_72?dib=eyJ2IjoiMSJ9.h5naaj_9BtUxeuetGp8FmaziC8Pt8jybMO91nR-0_deSeXFu8LbuxTtx5nHzHev4tbSS7xR_rnCA93g6-SGRlIJ_DFcEsqkghG28ZKbHQCPN93iIaMDctfwEHssG_YScj27cKnQAaQWnjFfimVpIvG8jjSMAeoXZNB4PE7FTiUE.VGulbq0YLH06gtHpA2xIU90f9b-rxfAUiI2gbgt5-60&dib_tag=se&m=A31NFQQ4065CWX&marketplaceID=A19VAU5U5O7RUS&qid=1773377623&refinements=p_36%3A13000-13500&s=merchant-items&sr=1-72&xpid=Je23C5mlZKodo#customerReviews,"Remnos SUR18-16 TENTO Wall Clock, Perch Clock, Tent, Ladybug, Analog, Wooden Frame, Natural Color Wood, 10.0 x 1.9 inches (25.4 x 4.8 cm)"
B07NVH3VFZ,,,,
B07BY3863T,,130.0,https://www.amazon.sg/SCANDINOVIA-Unbreakable-Dishwasher-Stackable-Drinkware/dp/B07BY3863T/ref=sr_1_73?dib=eyJ2IjoiMSJ9.h5naaj_9BtUxeuetGp8FmaziC8Pt8jybMO91nR-0_deSeXFu8LbuxTtx5nHzHev4tbSS7xR_rnCA93g6-SGRlIJ_DFcEsqkghG28ZKbHQCPN93iIaMDctfwEHssG_YScj27cKnQAaQWnjFfimVpIvG8jjSMAeoXZNB4PE7FTiUE.VGulbq0YLH06gtHpA2xIU90f9b-rxfAUiI2gbgt5-60&dib_tag=se&m=A31NFQQ4065CWX&marketplaceID=A19VAU5U5O7RUS&qid=1773377623&refinements=p_36%3A13000-13500&s=merchant-items&sr=1-73&xpid=Je23C5mlZKodo#customerReviews,SCANDINOVIA - 19oz Unbreakable Premium Drinking Glasses Set of 6 - Super Grade Acrylic Plastic - Perfect for Gifts - Dishwasher Safe - Stackable - Drinkware Cups Reusable Water Tumbler
B07BY3863T,,,,
B0CH68Z74X,,140.39,https://www.amazon.sg/BANDAI-Figuarts-Kamen-Rider-Takeshi/dp/B0CH68Z74X/ref=sr_1_74?dib=eyJ2IjoiMSJ9.h5naaj_9BtUxeuetGp8FmaziC8Pt8jybMO91nR-0_deSeXFu8LbuxTtx5nHzHev4tbSS7xR_rnCA93g6-SGRlIJ_DFcEsqkghG28ZKbHQCPN93iIaMDctfwEHssG_YScj27cKnQAaQWnjFfimVpIvG8jjSMAeoXZNB4PE7FTiUE.VGulbq0YLH06gtHpA2xIU90f9b-rxfAUiI2gbgt5-60&dib_tag=se&m=A31NFQQ4065CWX&marketplaceID=A19VAU5U5O7RUS&qid=1773377623&refinements=p_36%3A13000-13500&s=merchant-items&sr=1-74&xpid=Je23C5mlZKodo#customerReviews,BANDAI S.H. Figuarts Kamen Rider Takeshi Hongo Shin Kamen Rider
B07TXYKPGT,,144.55,https://www.amazon.sg/KEEN-Zerraport-Closed-Lightweight-Sandals/dp/B07TXYKPGT/ref=sr_1_75?dib=eyJ2IjoiMSJ9.h5naaj_9BtUxeuetGp8FmaziC8Pt8jybMO91nR-0_deSeXFu8LbuxTtx5nHzHev4tbSS7xR_rnCA93g6-SGRlIJ_DFcEsqkghG28ZKbHQCPN93iIaMDctfwEHssG_YScj27cKnQAaQWnjFfimVpIvG8jjSMAeoXZNB4PE7FTiUE.VGulbq0YLH06gtHpA2xIU90f9b-rxfAUiI2gbgt5-60&dib_tag=se&m=A31NFQQ4065CWX&marketplaceID=A19VAU5U5O7RUS&qid=1773377623&refinements=p_36%3A13000-13500&s=merchant-items&sr=1-75&xpid=Je23C5mlZKodo#customerReviews,KEEN mens Zerraport IiSandals
B07TXYKPGT,,,,
B0CCN6SSVJ,,132.5,https://www.amazon.sg/Daiwa-LT2000S-XH-Spinning-Reel-Legalis/dp/B0CCN6SSVJ/ref=sr_1_81?dib=eyJ2IjoiMSJ9.mRjOxKYsuw1jy-frK2P0UInDFQahgLGlQpTlQowvtrJzQ521Mv5-pAVzBqvMnMhiWF4Ti0qajmRVVCsvU8GG2A.UZ1wv1tejvvpOgV1CnUZZ_OixVgJQzQP19Buzwa6nA4&dib_tag=se&m=A31NFQQ4065CWX&marketplaceID=A19VAU5U5O7RUS&qid=1773377628&refinements=p_36%3A13000-13500&s=merchant-items&sr=1-81&xpid=Je23C5mlZKodo#customerReviews,"Daiwa 23 LEGALIS LT1000S–6000D-H Spinning Reel, Various (2023 Model)"
B0CCN6SSVJ,,,,
B096LYTL2T,Linux,139.09,https://www.amazon.sg/Fantasy-Remake-Jessie-Pre-painted-Action/dp/B096LYTL2T/ref=sr_1_82?dib=eyJ2IjoiMSJ9.mRjOxKYsuw1jy-frK2P0UInDFQahgLGlQpTlQowvtrJzQ521Mv5-pAVzBqvMnMhiWF4Ti0qajmRVVCsvU8GG2A.UZ1wv1tejvvpOgV1CnUZZ_OixVgJQzQP19Buzwa6nA4&dib_tag=se&m=A31NFQQ4065CWX&marketplaceID=A19VAU5U5O7RUS&qid=1773377628&refinements=p_36%3A13000-13500&s=merchant-items&sr=1-82&xpid=Je23C5mlZKodo#customerReviews,Final Fantasy VII Remake Play Arts Kai Jessie PVC Pre-painted Action Figure
B09CYQZRFG,,132.02,https://www.amazon.sg/BANDAI-Tamagotchi-Smart-NiziU-Special/dp/B09CYQZRFG/ref=sr_1_83?dib=eyJ2IjoiMSJ9.mRjOxKYsuw1jy-frK2P0UInDFQahgLGlQpTlQowvtrJzQ521Mv5-pAVzBqvMnMhiWF4Ti0qajmRVVCsvU8GG2A.UZ1wv1tejvvpOgV1CnUZZ_OixVgJQzQP19Buzwa6nA4&dib_tag=se&m=A31NFQQ4065CWX&marketplaceID=A19VAU5U5O7RUS&qid=1773377628&refinements=p_36%3A13000-13500&s=merchant-items&sr=1-83&xpid=Je23C5mlZKodo#customerReviews,"BANDAI Tamagotchi Smart NiziU Special Set: Electronic Pet Game for Girls, NiziU Theme, LCD Platform, Wearable, Limited Color"
B09CYQZRFG,,,,
B0C7BH7FNW,,133.32,https://www.amazon.sg/SHIMANO-2500-Sedona-Spinning-Reel/dp/B0C7BH7FNW/ref=sr_1_84?dib=eyJ2IjoiMSJ9.mRjOxKYsuw1jy-frK2P0UInDFQahgLGlQpTlQowvtrJzQ521Mv5-pAVzBqvMnMhiWF4Ti0qajmRVVCsvU8GG2A.UZ1wv1tejvvpOgV1CnUZZ_OixVgJQzQP19Buzwa6nA4&dib_tag=se&m=A31NFQQ4065CWX&marketplaceID=A19VAU5U5O7RUS&qid=1773377628&refinements=p_36%3A13000-13500&s=merchant-items&sr=1-84&xpid=Je23C5mlZKodo#customerReviews,"SHIMANO 500–C5000XG 23 Sedona Spinning Reel, Various Models"
B0C7BH7FNW,,,,
B000BI6CZ8,,130.0,https://www.amazon.sg/Benriner-Vegetable-Cooker-Helper-Slicer/dp/B000BI6CZ8/ref=sr_1_85?dib=eyJ2IjoiMSJ9.mRjOxKYsuw1jy-frK2P0UInDFQahgLGlQpTlQowvtrJzQ521Mv5-pAVzBqvMnMhiWF4Ti0qajmRVVCsvU8GG2A.UZ1wv1tejvvpOgV1CnUZZ_OixVgJQzQP19Buzwa6nA4&dib_tag=se&m=A31NFQQ4065CWX&marketplaceID=A19VAU5U5O7RUS&qid=1773377628&refinements=p_36%3A13000-13500&s=merchant-items&sr=1-85&xpid=Je23C5mlZKodo#customerReviews,"Benriner Vegetable, One Size, Cooker Helper Slicer"
B000BI6CZ8,,,,
B09BFML2Q1,,131.72,https://www.amazon.sg/Shimano-NASCI-Fishing-Shipped-Japan/dp/B09BFML2Q1/ref=sr_1_81?dib=eyJ2IjoiMSJ9.nhvxOAmSFga7ceCUJqPmjHbBhcp_76cQtdRouGKeawhEXEKwGXO80YaFSIsjJry7yKSY5lrLG7DW5ArbFu3tARwqP8qjjBJOg9FKo-M6U8no7UdlGnFShxhDYEa7CJHIIba0QvKat_55xrnEKN2ys3ux3hhv_mNvnbyr47oKrAQ.ToiidNVNatTz_zUqaY0kEexJ54uigS_sKy-rDFhYHak&dib_tag=se&m=A31NFQQ4065CWX&marketplaceID=A19VAU5U5O7RUS&qid=1773377628&refinements=p_36%3A13000-13500&s=merchant-items&sr=1-81&xpid=Je23C5mlZKodo#customerReviews,Shimano 21 NASCI Fishing Reel Shipped from Japan 2022 Model
B07B4BSCTY,,133.77,https://www.amazon.sg/AT0085-115-Gunmetal-Rollerball-Polished-Appointments/dp/B07B4BSCTY/ref=sr_1_82?dib=eyJ2IjoiMSJ9.nhvxOAmSFga7ceCUJqPmjHbBhcp_76cQtdRouGKeawhEXEKwGXO80YaFSIsjJry7yKSY5lrLG7DW5ArbFu3tARwqP8qjjBJOg9FKo-M6U8no7UdlGnFShxhDYEa7CJHIIba0QvKat_55xrnEKN2ys3ux3hhv_mNvnbyr47oKrAQ.ToiidNVNatTz_zUqaY0kEexJ54uigS_sKy-rDFhYHak&dib_tag=se&m=A31NFQQ4065CWX&marketplaceID=A19VAU5U5O7RUS&qid=1773377628&refinements=p_36%3A13000-13500&s=merchant-items&sr=1-82&xpid=Je23C5mlZKodo#customerReviews,"Cross AT0085-115 Century II Gunmetal Gray Rollerball Pen w/Polished Black PVD Appointments, Gunmetal Gray"
B07B4BSCTY,,,,
B004RAR2GY,,131.66,https://www.amazon.sg/Whetstone-Deluxe-No-400L-Shape-inches/dp/B004RAR2GY/ref=sr_1_83?dib=eyJ2IjoiMSJ9.nhvxOAmSFga7ceCUJqPmjHbBhcp_76cQtdRouGKeawhEXEKwGXO80YaFSIsjJry7yKSY5lrLG7DW5ArbFu3tARwqP8qjjBJOg9FKo-M6U8no7UdlGnFShxhDYEa7CJHIIba0QvKat_55xrnEKN2ys3ux3hhv_mNvnbyr47oKrAQ.ToiidNVNatTz_zUqaY0kEexJ54uigS_sKy-rDFhYHak&dib_tag=se&m=A31NFQQ4065CWX&marketplaceID=A19VAU5U5O7RUS&qid=1773377628&refinements=p_36%3A13000-13500&s=merchant-items&sr=1-83&xpid=Je23C5mlZKodo#customerReviews,"King Whetstone Deluxe No.400L Shape, 8.7 x 3.1 x 2.8 inches (220 x 80 x 70 mm), Grit Size: #400, For Rough Sharpening, Gray"
B004RAR2GY,,,,
B0CD7F3MSW,,130.19,https://www.amazon.sg/Good-Smile-Company-Legend-Zelda/dp/B0CD7F3MSW/ref=sr_1_84?dib=eyJ2IjoiMSJ9.nhvxOAmSFga7ceCUJqPmjHbBhcp_76cQtdRouGKeawhEXEKwGXO80YaFSIsjJry7yKSY5lrLG7DW5ArbFu3tARwqP8qjjBJOg9FKo-M6U8no7UdlGnFShxhDYEa7CJHIIba0QvKat_55xrnEKN2ys3ux3hhv_mNvnbyr47oKrAQ.ToiidNVNatTz_zUqaY0kEexJ54uigS_sKy-rDFhYHak&dib_tag=se&m=A31NFQQ4065CWX&marketplaceID=A19VAU5U5O7RUS&qid=1773377628&refinements=p_36%3A13000-13500&s=merchant-items&sr=1-84&xpid=Je23C5mlZKodo#customerReviews,Good Smile Company The Legend of Zelda: Breath of The Wild – Zelda Nendoroid Action Figure
B0C6PGDBMC,,134.68,https://www.amazon.sg/Pokemon-Scarlet-Violet-Expansion-Japanese/dp/B0C6PGDBMC/ref=sr_1_85?dib=eyJ2IjoiMSJ9.nhvxOAmSFga7ceCUJqPmjHbBhcp_76cQtdRouGKeawhEXEKwGXO80YaFSIsjJry7yKSY5lrLG7DW5ArbFu3tARwqP8qjjBJOg9FKo-M6U8no7UdlGnFShxhDYEa7CJHIIba0QvKat_55xrnEKN2ys3ux3hhv_mNvnbyr47oKrAQ.ToiidNVNatTz_zUqaY0kEexJ54uigS_sKy-rDFhYHak&dib_tag=se&m=A31NFQQ4065CWX&marketplaceID=A19VAU5U5O7RUS&qid=1773377628&refinements=p_36%3A13000-13500&s=merchant-items&sr=1-85&xpid=Je23C5mlZKodo#customerReviews,Pokemon Card Game Scarlet & Violet Expansion Pack Future Flash Box (Japanese ver)
B0C6PGDBMC,,,,
B0BPFYD6L7,,134.64,https://www.amazon.sg/Action-Bizarre-Adventure-Approx-Painted/dp/B0BPFYD6L7/ref=sr_1_86?dib=eyJ2IjoiMSJ9.nhvxOAmSFga7ceCUJqPmjHbBhcp_76cQtdRouGKeawhEXEKwGXO80YaFSIsjJry7yKSY5lrLG7DW5ArbFu3tARwqP8qjjBJOg9FKo-M6U8no7UdlGnFShxhDYEa7CJHIIba0QvKat_55xrnEKN2ys3ux3hhv_mNvnbyr47oKrAQ.ToiidNVNatTz_zUqaY0kEexJ54uigS_sKy-rDFhYHak&dib_tag=se&m=A31NFQQ4065CWX&marketplaceID=A19VAU5U5O7RUS&qid=1773377628&refinements=p_36%3A13000-13500&s=merchant-items&sr=1-86&xpid=Je23C5mlZKodo,"Super Action Statue ""JoJo's Bizarre Adventure Part 3"" Jotaro Kujo Ver. 1.5, Approx. 6.1 inches (155 mm), PVC, ABS & Nylon, Painted Action Figure"
B0BMFPJCH9,,138.87,https://www.amazon.sg/Prox-8PLUS1-MOBTS608UL-Fishing-Casting/dp/B0BMFPJCH9/ref=sr_1_87?dib=eyJ2IjoiMSJ9.nhvxOAmSFga7ceCUJqPmjHbBhcp_76cQtdRouGKeawhEXEKwGXO80YaFSIsjJry7yKSY5lrLG7DW5ArbFu3tARwqP8qjjBJOg9FKo-M6U8no7UdlGnFShxhDYEa7CJHIIba0QvKat_55xrnEKN2ys3ux3hhv_mNvnbyr47oKrAQ.ToiidNVNatTz_zUqaY0kEexJ54uigS_sKy-rDFhYHak&dib_tag=se&m=A31NFQQ4065CWX&marketplaceID=A19VAU5U5O7RUS&qid=1773377628&refinements=p_36%3A13000-13500&s=merchant-items&sr=1-87&xpid=Je23C5mlZKodo#customerReviews,Prox Moba Tiger 8PLUS1 SE MOBTS608UL Ultra Light Fishing Rod Casting Trout
B0BMFPJCH9,,,,
B0BDZ3NWBH,,146.75,https://www.amazon.sg/Snow-Peak-CS-270R-Classic-Kettle/dp/B0BDZ3NWBH/ref=sr_1_88?dib=eyJ2IjoiMSJ9.nhvxOAmSFga7ceCUJqPmjHbBhcp_76cQtdRouGKeawhEXEKwGXO80YaFSIsjJry7yKSY5lrLG7DW5ArbFu3tARwqP8qjjBJOg9FKo-M6U8no7UdlGnFShxhDYEa7CJHIIba0QvKat_55xrnEKN2ys3ux3hhv_mNvnbyr47oKrAQ.ToiidNVNatTz_zUqaY0kEexJ54uigS_sKy-rDFhYHak&dib_tag=se&m=A31NFQQ4065CWX&marketplaceID=A19VAU5U5O7RUS&qid=1773377628&refinements=p_36%3A13000-13500&s=merchant-items&sr=1-88&xpid=Je23C5mlZKodo#customerReviews,"Snow Peak CS-270R Classic Kettle, 1.8 Inch (1.8 mm)"
B0BDZ3NWBH,,,,
B0BCFBW2L5,,149.66,https://www.amazon.sg/Honma-Balls-Model-Dozen-Yellow/dp/B0BCFBW2L5/ref=sr_1_89?dib=eyJ2IjoiMSJ9.nhvxOAmSFga7ceCUJqPmjHbBhcp_76cQtdRouGKeawhEXEKwGXO80YaFSIsjJry7yKSY5lrLG7DW5ArbFu3tARwqP8qjjBJOg9FKo-M6U8no7UdlGnFShxhDYEa7CJHIIba0QvKat_55xrnEKN2ys3ux3hhv_mNvnbyr47oKrAQ.ToiidNVNatTz_zUqaY0kEexJ54uigS_sKy-rDFhYHak&dib_tag=se&m=A31NFQQ4065CWX&marketplaceID=A19VAU5U5O7RUS&qid=1773377628&refinements=p_36%3A13000-13500&s=merchant-items&sr=1-89&xpid=Je23C5mlZKodo#customerReviews,Honma Golf TW-S Balls 2021 Model 3 Dozen Set 3 Dozen (Pack of 36)
B0BCFBW2L5,,,,
B09Z7MPQ5K,,130.35,https://www.amazon.sg/SAKUTTO-Portable-Purifier-Disaster-Japanese/dp/B09Z7MPQ5K/ref=sr_1_90?dib=eyJ2IjoiMSJ9.nhvxOAmSFga7ceCUJqPmjHbBhcp_76cQtdRouGKeawhEXEKwGXO80YaFSIsjJry7yKSY5lrLG7DW5ArbFu3tARwqP8qjjBJOg9FKo-M6U8no7UdlGnFShxhDYEa7CJHIIba0QvKat_55xrnEKN2ys3ux3hhv_mNvnbyr47oKrAQ.ToiidNVNatTz_zUqaY0kEexJ54uigS_sKy-rDFhYHak&dib_tag=se&m=A31NFQQ4065CWX&marketplaceID=A19VAU5U5O7RUS&qid=1773377628&refinements=p_36%3A13000-13500&s=merchant-items&sr=1-90&xpid=Je23C5mlZKodo#customerReviews,"SAKUTTO Portable Water Purifier, Water Purifier, Filter, Outdoor, Disaster, Genuine Japanese Product, Designed for Outdoor Use"
B09Z7MPQ5K,,,,
B09JG7GCTD,,135.09,https://www.amazon.sg/MAFEX-No-170-Batman-HUNTRESS/dp/B09JG7GCTD/ref=sr_1_91?dib=eyJ2IjoiMSJ9.nhvxOAmSFga7ceCUJqPmjHbBhcp_76cQtdRouGKeawhEXEKwGXO80YaFSIsjJry7yKSY5lrLG7DW5ArbFu3tARwqP8qjjBJOg9FKo-M6U8no7UdlGnFShxhDYEa7CJHIIba0QvKat_55xrnEKN2ys3ux3hhv_mNvnbyr47oKrAQ.ToiidNVNatTz_zUqaY0kEexJ54uigS_sKy-rDFhYHak&dib_tag=se&m=A31NFQQ4065CWX&marketplaceID=A19VAU5U5O7RUS&qid=1773377628&refinements=p_36%3A13000-13500&s=merchant-items&sr=1-91&xpid=Je23C5mlZKodo#customerReviews,"MAFEX No. 170 Batman: Hush HUNTRESS Huntless (BATMAN: HUSH Ver.) Total Height Approx. 5.9 inches (150 mm), Painted Action Figure"
B09CYN4F7M,,131.95,https://www.amazon.sg/Yany-Ligature-Tightening-Saxophone-Niko-chan/dp/B09CYN4F7M/ref=sr_1_97?dib=eyJ2IjoiMSJ9.AIVX93ARwF_fEGYlbop5jouL0MqHgvCowa08d-TjgoHwCRt4s-uaKRZuoO80sJsp5sK77YMO7Qe1Y-14iB_0iQ.ALzR25NwRQ1PzUql6b-mWskemRhwzUjti1Yxm7jB-i8&dib_tag=se&m=A31NFQQ4065CWX&marketplaceID=A19VAU5U5O7RUS&qid=1773377633&refinements=p_36%3A13000-13500&s=merchant-items&sr=1-97&xpid=Je23C5mlZKodo,"Yany Ligature Ebonite Ligature (Reverse Tightening/One Screw) for Alto Saxophone, Gold Plated Finish, Yani Niko-chan"
B09CYN4F7M,,,,
B099WHCQG8,,134.36,https://www.amazon.sg/Plarail-Shinkansen-Transforming-Robot-Shinkalion/dp/B099WHCQG8/ref=sr_1_98?dib=eyJ2IjoiMSJ9.AIVX93ARwF_fEGYlbop5jouL0MqHgvCowa08d-TjgoHwCRt4s-uaKRZuoO80sJsp5sK77YMO7Qe1Y-14iB_0iQ.ALzR25NwRQ1PzUql6b-mWskemRhwzUjti1Yxm7jB-i8&dib_tag=se&m=A31NFQQ4065CWX&marketplaceID=A19VAU5U5O7RUS&qid=1773377633&refinements=p_36%3A13000-13500&s=merchant-items&sr=1-98&xpid=Je23C5mlZKodo#customerReviews,Plarail Shinkansen Transforming Robot Shinkalion Z 500 Osaka Kanjo Set
B099WHCQG8,,,,
B08ZCYCMJ4,,141.53,https://www.amazon.sg/Bandai-Shokugan-So-Do-Chronicle-Genesis/dp/B08ZCYCMJ4/ref=sr_1_99?dib=eyJ2IjoiMSJ9.AIVX93ARwF_fEGYlbop5jouL0MqHgvCowa08d-TjgoHwCRt4s-uaKRZuoO80sJsp5sK77YMO7Qe1Y-14iB_0iQ.ALzR25NwRQ1PzUql6b-mWskemRhwzUjti1Yxm7jB-i8&dib_tag=se&m=A31NFQQ4065CWX&marketplaceID=A19VAU5U5O7RUS&qid=1773377633&refinements=p_36%3A13000-13500&s=merchant-items&sr=1-99&xpid=Je23C5mlZKodo#customerReviews,Bandai Shokugan So-Do Chronicle Kamen Rider Gaim Genesis Rider Set
B08NL7ZB35,,130.62,https://www.amazon.sg/RITCHEY-BEACON-Blatte-31-8mm-Handlebar/dp/B08NL7ZB35/ref=sr_1_100?dib=eyJ2IjoiMSJ9.AIVX93ARwF_fEGYlbop5jouL0MqHgvCowa08d-TjgoHwCRt4s-uaKRZuoO80sJsp5sK77YMO7Qe1Y-14iB_0iQ.ALzR25NwRQ1PzUql6b-mWskemRhwzUjti1Yxm7jB-i8&dib_tag=se&m=A31NFQQ4065CWX&marketplaceID=A19VAU5U5O7RUS&qid=1773377633&refinements=p_36%3A13000-13500&s=merchant-items&sr=1-100&xpid=Je23C5mlZKodo#customerReviews,RITCHEY COMP Bar BEACON Blatte 440 31.8mm Black Drop Handlebar
B08NL7ZB35,,,,
B0895KLP2C,,132.05,https://www.amazon.sg/Audio-Technica-AT-LH11H-Aluminum-Headshell-ATLH11H/dp/B0895KLP2C/ref=sr_1_101?dib=eyJ2IjoiMSJ9.AIVX93ARwF_fEGYlbop5jouL0MqHgvCowa08d-TjgoHwCRt4s-uaKRZuoO80sJsp5sK77YMO7Qe1Y-14iB_0iQ.ALzR25NwRQ1PzUql6b-mWskemRhwzUjti1Yxm7jB-i8&dib_tag=se&m=A31NFQQ4065CWX&marketplaceID=A19VAU5U5O7RUS&qid=1773377633&refinements=p_36%3A13000-13500&s=merchant-items&sr=1-101&xpid=Je23C5mlZKodo#customerReviews,"Audio-Technica AT-LH11H Aluminum Headshell, ATLH11H"
B0895KLP2C,,,,
B087ZVHZWW,,130.29,https://www.amazon.sg/Avengers-Endgame-Captain-BandaiTamashii-S-H-Figuarts/dp/B087ZVHZWW/ref=sr_1_97?dib=eyJ2IjoiMSJ9.eARXvjVuqjNcd1FcH0sHbtERBR0aKhX6Ax8S8p4mpjVLvKUaS5Z8qVmmLwCD-q_4JWwWsFT-F2L42b2xR042b5RQ_JXLeqNkWmO0vIvIu97HBaAQuA3QCnnkxFImBwN386B-qZESnoGjt49P3H9EMpi6TEcJTJmvFSXi26sWH1E.zWTnm-xN9OFAEqYvETiERJKKFAM8KnF37jCJaZSKQ6U&dib_tag=se&m=A31NFQQ4065CWX&marketplaceID=A19VAU5U5O7RUS&qid=1773377633&refinements=p_36%3A13000-13500&s=merchant-items&sr=1-97&xpid=Je23C5mlZKodo#customerReviews,"Avengers: Endgame - Captain America ? Cap VS. Cap Edition, BandaiTamashii Nations S.H.Figuarts, Blue"
B07QZ12S1Z,,151.56,https://www.amazon.sg/Bandai-S-H-Figuarts-Spider-Man/dp/B07QZ12S1Z/ref=sr_1_98?dib=eyJ2IjoiMSJ9.eARXvjVuqjNcd1FcH0sHbtERBR0aKhX6Ax8S8p4mpjVLvKUaS5Z8qVmmLwCD-q_4JWwWsFT-F2L42b2xR042b5RQ_JXLeqNkWmO0vIvIu97HBaAQuA3QCnnkxFImBwN386B-qZESnoGjt49P3H9EMpi6TEcJTJmvFSXi26sWH1E.zWTnm-xN9OFAEqYvETiERJKKFAM8KnF37jCJaZSKQ6U&dib_tag=se&m=A31NFQQ4065CWX&marketplaceID=A19VAU5U5O7RUS&qid=1773377633&refinements=p_36%3A13000-13500&s=merchant-items&sr=1-98&xpid=Je23C5mlZKodo#customerReviews,Bandai S.H. Figuarts Spider Man (Spider Man: Far from Home)
B0CDQY53JS,,147.57,https://www.amazon.sg/TAMASHII-NATIONS-Automata-Ver1-1a-S-H-Figuarts/dp/B0CDQY53JS/ref=sr_1_99?dib=eyJ2IjoiMSJ9.eARXvjVuqjNcd1FcH0sHbtERBR0aKhX6Ax8S8p4mpjVLvKUaS5Z8qVmmLwCD-q_4JWwWsFT-F2L42b2xR042b5RQ_JXLeqNkWmO0vIvIu97HBaAQuA3QCnnkxFImBwN386B-qZESnoGjt49P3H9EMpi6TEcJTJmvFSXi26sWH1E.zWTnm-xN9OFAEqYvETiERJKKFAM8KnF37jCJaZSKQ6U&dib_tag=se&m=A31NFQQ4065CWX&marketplaceID=A19VAU5U5O7RUS&qid=1773377633&refinements=p_36%3A13000-13500&s=merchant-items&sr=1-99&xpid=Je23C5mlZKodo#customerReviews,"TAMASHII NATIONS - NieR: Automata Ver1.1a - 2B, Bandai Spirits S.H.Figuarts Action Figure"
B0CMZS84KP,,134.68,https://www.amazon.sg/Pok%C3%A9mon-Scarlet-Violet-Expansion-Japanese/dp/B0CMZS84KP/ref=sr_1_100?dib=eyJ2IjoiMSJ9.eARXvjVuqjNcd1FcH0sHbtERBR0aKhX6Ax8S8p4mpjVLvKUaS5Z8qVmmLwCD-q_4JWwWsFT-F2L42b2xR042b5RQ_JXLeqNkWmO0vIvIu97HBaAQuA3QCnnkxFImBwN386B-qZESnoGjt49P3H9EMpi6TEcJTJmvFSXi26sWH1E.zWTnm-xN9OFAEqYvETiERJKKFAM8KnF37jCJaZSKQ6U&dib_tag=se&m=A31NFQQ4065CWX&marketplaceID=A19VAU5U5O7RUS&qid=1773377633&refinements=p_36%3A13000-13500&s=merchant-items&sr=1-100&xpid=Je23C5mlZKodo#customerReviews,Pokémon Card Game Scarlet & Violet Expansion Pack Cyber Judge Box (Japanese ver)
B0CMZS84KP,,,,
B01NCETPCH,,132.0,https://www.amazon.sg/PETZL-V-Link-Webbing-Technical-Axes/dp/B01NCETPCH/ref=sr_1_101?dib=eyJ2IjoiMSJ9.eARXvjVuqjNcd1FcH0sHbtERBR0aKhX6Ax8S8p4mpjVLvKUaS5Z8qVmmLwCD-q_4JWwWsFT-F2L42b2xR042b5RQ_JXLeqNkWmO0vIvIu97HBaAQuA3QCnnkxFImBwN386B-qZESnoGjt49P3H9EMpi6TEcJTJmvFSXi26sWH1E.zWTnm-xN9OFAEqYvETiERJKKFAM8KnF37jCJaZSKQ6U&dib_tag=se&m=A31NFQQ4065CWX&marketplaceID=A19VAU5U5O7RUS&qid=1773377633&refinements=p_36%3A13000-13500&s=merchant-items&sr=1-101&xpid=Je23C5mlZKodo#customerReviews,PETZL V Link Wrist Strap
B0BNQ8N38K,,134.2,https://www.amazon.sg/ENGINEER-DXZ-06-Compatible-Screwdriver-Countersunk/dp/B0BNQ8N38K/ref=sr_1_102?dib=eyJ2IjoiMSJ9.eARXvjVuqjNcd1FcH0sHbtERBR0aKhX6Ax8S8p4mpjVLvKUaS5Z8qVmmLwCD-q_4JWwWsFT-F2L42b2xR042b5RQ_JXLeqNkWmO0vIvIu97HBaAQuA3QCnnkxFImBwN386B-qZESnoGjt49P3H9EMpi6TEcJTJmvFSXi26sWH1E.zWTnm-xN9OFAEqYvETiERJKKFAM8KnF37jCJaZSKQ6U&dib_tag=se&m=A31NFQQ4065CWX&marketplaceID=A19VAU5U5O7RUS&qid=1773377633&refinements=p_36%3A13000-13500&s=merchant-items&sr=1-102&xpid=Je23C5mlZKodo#customerReviews,"ENGINEER DXZ-06 Engineer Combining Tools 7-Piece Set, Compatible with Crushed Phillips and Hex Socket Bolts, Screwdriver for Removing Countersunk Screws"
B0BNQ8N38K,,,,
B08C9SSJXC,,135.67,https://www.amazon.sg/HOKA-Womens-Recovery-flip-Flop-Sandals-Black/dp/B08C9SSJXC/ref=sr_1_103?dib=eyJ2IjoiMSJ9.eARXvjVuqjNcd1FcH0sHbtERBR0aKhX6Ax8S8p4mpjVLvKUaS5Z8qVmmLwCD-q_4JWwWsFT-F2L42b2xR042b5RQ_JXLeqNkWmO0vIvIu97HBaAQuA3QCnnkxFImBwN386B-qZESnoGjt49P3H9EMpi6TEcJTJmvFSXi26sWH1E.zWTnm-xN9OFAEqYvETiERJKKFAM8KnF37jCJaZSKQ6U&dib_tag=se&m=A31NFQQ4065CWX&marketplaceID=A19VAU5U5O7RUS&qid=1773377633&refinements=p_36%3A13000-13500&s=merchant-items&sr=1-103&xpid=Je23C5mlZKodo#customerReviews,HOKA ONE ONE Women's Ora Recovery flip-Flop-Sandals
B08C9SSJXC,,,,
B0BNF5Q8BH,,131.82,https://www.amazon.sg/SIROOLAC-Tempered-Thickness-Accurately-Opponents/dp/B0BNF5Q8BH/ref=sr_1_104?dib=eyJ2IjoiMSJ9.eARXvjVuqjNcd1FcH0sHbtERBR0aKhX6Ax8S8p4mpjVLvKUaS5Z8qVmmLwCD-q_4JWwWsFT-F2L42b2xR042b5RQ_JXLeqNkWmO0vIvIu97HBaAQuA3QCnnkxFImBwN386B-qZESnoGjt49P3H9EMpi6TEcJTJmvFSXi26sWH1E.zWTnm-xN9OFAEqYvETiERJKKFAM8KnF37jCJaZSKQ6U&dib_tag=se&m=A31NFQQ4065CWX&marketplaceID=A19VAU5U5O7RUS&qid=1773377633&refinements=p_36%3A13000-13500&s=merchant-items&sr=1-104&xpid=Je23C5mlZKodo#customerReviews,"Glass Gaming Mouse Pad 320mm x 360mm FPS Game Special Tempered Glass Durable 3mm Thickness Accurately and Quickly Shoot Opponents (320mm x 360mm, White)"
B0BNF5Q8BH,,,,
B093V1GGK1,,135.0,https://www.amazon.sg/Peacock-AHW-100-Thermal-Tabletop-Retention/dp/B093V1GGK1/ref=sr_1_105?dib=eyJ2IjoiMSJ9.eARXvjVuqjNcd1FcH0sHbtERBR0aKhX6Ax8S8p4mpjVLvKUaS5Z8qVmmLwCD-q_4JWwWsFT-F2L42b2xR042b5RQ_JXLeqNkWmO0vIvIu97HBaAQuA3QCnnkxFImBwN386B-qZESnoGjt49P3H9EMpi6TEcJTJmvFSXi26sWH1E.zWTnm-xN9OFAEqYvETiERJKKFAM8KnF37jCJaZSKQ6U&dib_tag=se&m=A31NFQQ4065CWX&marketplaceID=A19VAU5U5O7RUS&qid=1773377633&refinements=p_36%3A13000-13500&s=merchant-items&sr=1-105&xpid=Je23C5mlZKodo#customerReviews,Peacock AHW-100 TD Thermal Pot Tabletop Pot Hot and Cold Retention 33.8 fl oz (1000 ml) 1L Brown
B093V1GGK1,,,,
B0CCN5FKJG,,137.95,https://www.amazon.sg/Daiwa-LEGALIS-LT2500D-Spinning-Reel/dp/B0CCN5FKJG/ref=sr_1_106?dib=eyJ2IjoiMSJ9.eARXvjVuqjNcd1FcH0sHbtERBR0aKhX6Ax8S8p4mpjVLvKUaS5Z8qVmmLwCD-q_4JWwWsFT-F2L42b2xR042b5RQ_JXLeqNkWmO0vIvIu97HBaAQuA3QCnnkxFImBwN386B-qZESnoGjt49P3H9EMpi6TEcJTJmvFSXi26sWH1E.zWTnm-xN9OFAEqYvETiERJKKFAM8KnF37jCJaZSKQ6U&dib_tag=se&m=A31NFQQ4065CWX&marketplaceID=A19VAU5U5O7RUS&qid=1773377633&refinements=p_36%3A13000-13500&s=merchant-items&sr=1-106&xpid=Je23C5mlZKodo#customerReviews,"Daiwa 23 LEGALIS LT1000S–6000D-H Spinning Reel, Various (2023 Model)"
B0CCN5FKJG,,,,
B0014F9INA,,131.19,https://www.amazon.sg/Van-Gogh-Watercolor-Paint-12-Half/dp/B0014F9INA/ref=sr_1_107?dib=eyJ2IjoiMSJ9.eARXvjVuqjNcd1FcH0sHbtERBR0aKhX6Ax8S8p4mpjVLvKUaS5Z8qVmmLwCD-q_4JWwWsFT-F2L42b2xR042b5RQ_JXLeqNkWmO0vIvIu97HBaAQuA3QCnnkxFImBwN386B-qZESnoGjt49P3H9EMpi6TEcJTJmvFSXi26sWH1E.zWTnm-xN9OFAEqYvETiERJKKFAM8KnF37jCJaZSKQ6U&dib_tag=se&m=A31NFQQ4065CWX&marketplaceID=A19VAU5U5O7RUS&qid=1773377633&refinements=p_36%3A13000-13500&s=merchant-items&sr=1-107&xpid=Je23C5mlZKodo#customerReviews,"Van Gogh Watercolor Paint Set, Metal Tin, 12-Half Pan"
B0014F9INA,,131.19,https://www.amazon.sg/Van-Gogh-Watercolor-Paint-12-Half/dp/B0014F9INA/ref=sr_1_113?dib=eyJ2IjoiMSJ9.l_MulnluHzqkEYgHXINO0A1XJTpstl9XEstpKElig-atY5NT8pErFjXfhPgc7mnqYUgU13CEt1XAQyRY4Ioopw.SjKarUOP8vckNJ8Ymhe1yqRGvS9NcBv3lYjxY6vlESk&dib_tag=se&m=A31NFQQ4065CWX&marketplaceID=A19VAU5U5O7RUS&qid=1773377638&refinements=p_36%3A13000-13500&s=merchant-items&sr=1-113&xpid=Je23C5mlZKodo#customerReviews,"Van Gogh Watercolor Paint Set, Metal Tin, 12-Half Pan"
B0B34S672C,,134.41,https://www.amazon.sg/North-Face-Gore-Tex-Waterproof-Breathable/dp/B0B34S672C/ref=sr_1_114?dib=eyJ2IjoiMSJ9.l_MulnluHzqkEYgHXINO0A1XJTpstl9XEstpKElig-atY5NT8pErFjXfhPgc7mnqYUgU13CEt1XAQyRY4Ioopw.SjKarUOP8vckNJ8Ymhe1yqRGvS9NcBv3lYjxY6vlESk&dib_tag=se&m=A31NFQQ4065CWX&marketplaceID=A19VAU5U5O7RUS&qid=1773377638&refinements=p_36%3A13000-13500&s=merchant-items&sr=1-114&xpid=Je23C5mlZKodo#customerReviews,"The North Face Gore-Tex Hat, Unisex, Adult"
B08WJNKXXJ,,132.5,https://www.amazon.sg/Shoei-CWR-F2-Pinlock-Motorcycle-Helmet/dp/B08WJNKXXJ/ref=sr_1_115?dib=eyJ2IjoiMSJ9.l_MulnluHzqkEYgHXINO0A1XJTpstl9XEstpKElig-atY5NT8pErFjXfhPgc7mnqYUgU13CEt1XAQyRY4Ioopw.SjKarUOP8vckNJ8Ymhe1yqRGvS9NcBv3lYjxY6vlESk&dib_tag=se&m=A31NFQQ4065CWX&marketplaceID=A19VAU5U5O7RUS&qid=1773377638&refinements=p_36%3A13000-13500&s=merchant-items&sr=1-115&xpid=Je23C5mlZKodo#customerReviews,Shoei CWR-F2 Pinlock Ready Motorcycle Helmet Face Shield
B08WJNKXXJ,,,,
B00JWEZUC8,,131.6,https://www.amazon.sg/Good-Smile-Company-Cardcaptor-Sakura/dp/B00JWEZUC8/ref=sr_1_116?dib=eyJ2IjoiMSJ9.l_MulnluHzqkEYgHXINO0A1XJTpstl9XEstpKElig-atY5NT8pErFjXfhPgc7mnqYUgU13CEt1XAQyRY4Ioopw.SjKarUOP8vckNJ8Ymhe1yqRGvS9NcBv3lYjxY6vlESk&dib_tag=se&m=A31NFQQ4065CWX&marketplaceID=A19VAU5U5O7RUS&qid=1773377638&refinements=p_36%3A13000-13500&s=merchant-items&sr=1-116&xpid=Je23C5mlZKodo#customerReviews,"Good Smile Company "" Cardcaptor Sakura: Sakura Kinomoto Nendoroid Action Figure"
B07DXJVF8X,,132.67,https://www.amazon.sg/Wolf-Tooth-Premium-Lower-Headset/dp/B07DXJVF8X/ref=sr_1_117?dib=eyJ2IjoiMSJ9.l_MulnluHzqkEYgHXINO0A1XJTpstl9XEstpKElig-atY5NT8pErFjXfhPgc7mnqYUgU13CEt1XAQyRY4Ioopw.SjKarUOP8vckNJ8Ymhe1yqRGvS9NcBv3lYjxY6vlESk&dib_tag=se&m=A31NFQQ4065CWX&marketplaceID=A19VAU5U5O7RUS&qid=1773377638&refinements=p_36%3A13000-13500&s=merchant-items&sr=1-117&xpid=Je23C5mlZKodo#customerReviews,Wolf Tooth Premium EC44/40 Lower Headset Red
B07DXJVF8X,,,,
B01N9RI9ZM,,131.69,https://www.amazon.sg/56028-Flashlight-Waterproof-Hands-free-Magnetic/dp/B01N9RI9ZM/ref=sr_1_113?dib=eyJ2IjoiMSJ9.Xp2wGm23BBnphfo81WJhjo3DMG2GDnEPo1_sKXUr0sK4ejYzBdgDxC1uF0QWrQj0p8JW6bZzAdO__UNpJH2u-3vv0Zg7Axl01B6ILZH5Z0diGaGq_Lk0Uvh_CzlIf0pu7hooD3LmOhosdM06-wVBDTLSI9GhYD1sGDwt1yHhn2k.uMvKaWnR2k512XhVjQPUkfTq1JFiBxLRlMar1uu-zZM&dib_tag=se&m=A31NFQQ4065CWX&marketplaceID=A19VAU5U5O7RUS&qid=1773377638&refinements=p_36%3A13000-13500&s=merchant-items&sr=1-113&xpid=Je23C5mlZKodo#customerReviews,"Klein Tools 56028 LED Flashlight and Work Light, Durable, Waterproof, Compact, Hands-free Magnetic End, Runs to 12 Hrs, for Work and Outdoor"
B01N9RI9ZM,,,,
B0C7B9TR9X,,130.0,https://www.amazon.sg/Shimano-C3000-Sedona-Spinning-Reel/dp/B0C7B9TR9X/ref=sr_1_114?dib=eyJ2IjoiMSJ9.Xp2wGm23BBnphfo81WJhjo3DMG2GDnEPo1_sKXUr0sK4ejYzBdgDxC1uF0QWrQj0p8JW6bZzAdO__UNpJH2u-3vv0Zg7Axl01B6ILZH5Z0diGaGq_Lk0Uvh_CzlIf0pu7hooD3LmOhosdM06-wVBDTLSI9GhYD1sGDwt1yHhn2k.uMvKaWnR2k512XhVjQPUkfTq1JFiBxLRlMar1uu-zZM&dib_tag=se&m=A31NFQQ4065CWX&marketplaceID=A19VAU5U5O7RUS&qid=1773377638&refinements=p_36%3A13000-13500&s=merchant-items&sr=1-114&xpid=Je23C5mlZKodo#customerReviews,"SHIMANO 500–C5000XG 23 Sedona Spinning Reel, Various Models"
B0C7B9TR9X,,,,
B01615SWMK,,134.12,https://www.amazon.sg/HB-1860-Arresta-Drainer-Tableware-Compatible/dp/B01615SWMK/ref=sr_1_115?dib=eyJ2IjoiMSJ9.Xp2wGm23BBnphfo81WJhjo3DMG2GDnEPo1_sKXUr0sK4ejYzBdgDxC1uF0QWrQj0p8JW6bZzAdO__UNpJH2u-3vv0Zg7Axl01B6ILZH5Z0diGaGq_Lk0Uvh_CzlIf0pu7hooD3LmOhosdM06-wVBDTLSI9GhYD1sGDwt1yHhn2k.uMvKaWnR2k512XhVjQPUkfTq1JFiBxLRlMar1uu-zZM&dib_tag=se&m=A31NFQQ4065CWX&marketplaceID=A19VAU5U5O7RUS&qid=1773377638&refinements=p_36%3A13000-13500&s=merchant-items&sr=1-115&xpid=Je23C5mlZKodo#customerReviews,"Pearl Metal HB-1860 Arresta Dish Drainer, Rack Slim, 3 Tiers, Water Flow Tray, Tableware Compatible"
B01615SWMK,,,,
B0BSPHMNX4,,132.82,https://www.amazon.sg/ATS0757-Crossbody-Repellent-Multiple-Storage/dp/B0BSPHMNX4/ref=sr_1_116?dib=eyJ2IjoiMSJ9.Xp2wGm23BBnphfo81WJhjo3DMG2GDnEPo1_sKXUr0sK4ejYzBdgDxC1uF0QWrQj0p8JW6bZzAdO__UNpJH2u-3vv0Zg7Axl01B6ILZH5Z0diGaGq_Lk0Uvh_CzlIf0pu7hooD3LmOhosdM06-wVBDTLSI9GhYD1sGDwt1yHhn2k.uMvKaWnR2k512XhVjQPUkfTq1JFiBxLRlMar1uu-zZM&dib_tag=se&m=A31NFQQ4065CWX&marketplaceID=A19VAU5U5O7RUS&qid=1773377638&refinements=p_36%3A13000-13500&s=merchant-items&sr=1-116&xpid=Je23C5mlZKodo#customerReviews,"Anello NILE ATS0757 Crossbody A5 Water Repellent, Multiple Storage"
B0BSPHMNX4,,,,
B07BL2MYPT,,137.68,https://www.amazon.sg/Casio-BEACH-TRAVELER-BGA-250-Watch/dp/B07BL2MYPT/ref=sr_1_117?dib=eyJ2IjoiMSJ9.Xp2wGm23BBnphfo81WJhjo3DMG2GDnEPo1_sKXUr0sK4ejYzBdgDxC1uF0QWrQj0p8JW6bZzAdO__UNpJH2u-3vv0Zg7Axl01B6ILZH5Z0diGaGq_Lk0Uvh_CzlIf0pu7hooD3LmOhosdM06-wVBDTLSI9GhYD1sGDwt1yHhn2k.uMvKaWnR2k512XhVjQPUkfTq1JFiBxLRlMar1uu-zZM&dib_tag=se&m=A31NFQQ4065CWX&marketplaceID=A19VAU5U5O7RUS&qid=1773377638&refinements=p_36%3A13000-13500&s=merchant-items&sr=1-117&xpid=Je23C5mlZKodo#customerReviews,Casio BEACH TRAVELER BGA-250 Series Watch
B07BL2MYPT,,,,
B0018JEZDU,,140.04,https://www.amazon.sg/G-Shock-GLX-5600-1JF-Casio-Watch/dp/B0018JEZDU/ref=sr_1_118?dib=eyJ2IjoiMSJ9.Xp2wGm23BBnphfo81WJhjo3DMG2GDnEPo1_sKXUr0sK4ejYzBdgDxC1uF0QWrQj0p8JW6bZzAdO__UNpJH2u-3vv0Zg7Axl01B6ILZH5Z0diGaGq_Lk0Uvh_CzlIf0pu7hooD3LmOhosdM06-wVBDTLSI9GhYD1sGDwt1yHhn2k.uMvKaWnR2k512XhVjQPUkfTq1JFiBxLRlMar1uu-zZM&dib_tag=se&m=A31NFQQ4065CWX&marketplaceID=A19VAU5U5O7RUS&qid=1773377638&refinements=p_36%3A13000-13500&s=merchant-items&sr=1-118&xpid=Je23C5mlZKodo#customerReviews,Casio - Watch - GLX-5600-1JF
B0018JEZDU,,,,
B0BNHKPTJJ,,131.2,https://www.amazon.sg/ATB0197Z-Backpack-Repellent-Multiple-tricolor/dp/B0BNHKPTJJ/ref=sr_1_119?dib=eyJ2IjoiMSJ9.Xp2wGm23BBnphfo81WJhjo3DMG2GDnEPo1_sKXUr0sK4ejYzBdgDxC1uF0QWrQj0p8JW6bZzAdO__UNpJH2u-3vv0Zg7Axl01B6ILZH5Z0diGaGq_Lk0Uvh_CzlIf0pu7hooD3LmOhosdM06-wVBDTLSI9GhYD1sGDwt1yHhn2k.uMvKaWnR2k512XhVjQPUkfTq1JFiBxLRlMar1uu-zZM&dib_tag=se&m=A31NFQQ4065CWX&marketplaceID=A19VAU5U5O7RUS&qid=1773377638&refinements=p_36%3A13000-13500&s=merchant-items&sr=1-119&xpid=Je23C5mlZKodo#customerReviews,Anello CROSS BOTTLE ATB0197Z Base Backpack (S)/A4 Base/Water Repellent/Multiple Storage/PC Storage
B0BNHKPTJJ,,,,
B0CB862LGL,,132.41,https://www.amazon.sg/Reement-Pokemon-Pyokotto-Welcome-Collection/dp/B0CB862LGL/ref=sr_1_120?dib=eyJ2IjoiMSJ9.Xp2wGm23BBnphfo81WJhjo3DMG2GDnEPo1_sKXUr0sK4ejYzBdgDxC1uF0QWrQj0p8JW6bZzAdO__UNpJH2u-3vv0Zg7Axl01B6ILZH5Z0diGaGq_Lk0Uvh_CzlIf0pu7hooD3LmOhosdM06-wVBDTLSI9GhYD1sGDwt1yHhn2k.uMvKaWnR2k512XhVjQPUkfTq1JFiBxLRlMar1uu-zZM&dib_tag=se&m=A31NFQQ4065CWX&marketplaceID=A19VAU5U5O7RUS&qid=1773377638&refinements=p_36%3A13000-13500&s=merchant-items&sr=1-120&xpid=Je23C5mlZKodo,"Reement Pokemon Pyokotto Welcome Home! Collection Box Product, 6 Types, 6 Pieces, Approx. H 2.8 x W 5.5 x D 2.2 inches (70 x 140 x 55 mm)"
B0CB862LGL,,,,
B08BW5SJKC,,133.85,https://www.amazon.sg/Shimano-Tote-BA-048T-Fishing-Black/dp/B08BW5SJKC/ref=sr_1_121?dib=eyJ2IjoiMSJ9.Xp2wGm23BBnphfo81WJhjo3DMG2GDnEPo1_sKXUr0sK4ejYzBdgDxC1uF0QWrQj0p8JW6bZzAdO__UNpJH2u-3vv0Zg7Axl01B6ILZH5Z0diGaGq_Lk0Uvh_CzlIf0pu7hooD3LmOhosdM06-wVBDTLSI9GhYD1sGDwt1yHhn2k.uMvKaWnR2k512XhVjQPUkfTq1JFiBxLRlMar1uu-zZM&dib_tag=se&m=A31NFQQ4065CWX&marketplaceID=A19VAU5U5O7RUS&qid=1773377638&refinements=p_36%3A13000-13500&s=merchant-items&sr=1-121&xpid=Je23C5mlZKodo#customerReviews,Shimano Tote BA-048T Fishing Bag
B08BW5SJKC,,,,
B07WRPBP6Y,,134.1,https://www.amazon.sg/Knipex-8602-180SB-Pliers-Wrench-Comfort/dp/B07WRPBP6Y/ref=sr_1_122?dib=eyJ2IjoiMSJ9.Xp2wGm23BBnphfo81WJhjo3DMG2GDnEPo1_sKXUr0sK4ejYzBdgDxC1uF0QWrQj0p8JW6bZzAdO__UNpJH2u-3vv0Zg7Axl01B6ILZH5Z0diGaGq_Lk0Uvh_CzlIf0pu7hooD3LmOhosdM06-wVBDTLSI9GhYD1sGDwt1yHhn2k.uMvKaWnR2k512XhVjQPUkfTq1JFiBxLRlMar1uu-zZM&dib_tag=se&m=A31NFQQ4065CWX&marketplaceID=A19VAU5U5O7RUS&qid=1773377638&refinements=p_36%3A13000-13500&s=merchant-items&sr=1-122&xpid=Je23C5mlZKodo#customerReviews,"Knipex 8602-180SB Pliers Wrench, Comfort Handle"
B07WRPBP6Y,,,,
B008BDXQI6,,131.67,https://www.amazon.sg/Mizuno-85ZB75009-Goods-inches-Black/dp/B008BDXQI6/ref=sr_1_123?dib=eyJ2IjoiMSJ9.Xp2wGm23BBnphfo81WJhjo3DMG2GDnEPo1_sKXUr0sK4ejYzBdgDxC1uF0QWrQj0p8JW6bZzAdO__UNpJH2u-3vv0Zg7Axl01B6ILZH5Z0diGaGq_Lk0Uvh_CzlIf0pu7hooD3LmOhosdM06-wVBDTLSI9GhYD1sGDwt1yHhn2k.uMvKaWnR2k512XhVjQPUkfTq1JFiBxLRlMar1uu-zZM&dib_tag=se&m=A31NFQQ4065CWX&marketplaceID=A19VAU5U5O7RUS&qid=1773377638&refinements=p_36%3A13000-13500&s=merchant-items&sr=1-123&xpid=Je23C5mlZKodo#customerReviews,Mizuno 85ZB75 Swim Goods Pull Buoy 11.0 x 9.4 x 2.4 inches (28 x 24 x 6 cm)
B008BDXQI6,,131.67,https://www.amazon.sg/Mizuno-85ZB75009-Goods-inches-Black/dp/B008BDXQI6/ref=sr_1_129?dib=eyJ2IjoiMSJ9.-dAqZRTx2JGBdpwPRh4ERw_isomJYJdni8d2fj7Hb2Pflm6FWTop02tB7VfYskxNmb_2LpxfYSrwS-O6976xbA.-v-zqONcv0apKOD_Qb4vGiXlAn-hnMJ_u6TaC5u_6-g&dib_tag=se&m=A31NFQQ4065CWX&marketplaceID=A19VAU5U5O7RUS&qid=1773377643&refinements=p_36%3A13000-13500&s=merchant-items&sr=1-129&xpid=Je23C5mlZKodo#customerReviews,Mizuno 85ZB75 Swim Goods Pull Buoy 11.0 x 9.4 x 2.4 inches (28 x 24 x 6 cm)
B008BDXQHM,,131.67,https://www.amazon.sg/Mizuno-85ZB75065-Swim-Goods-inches/dp/B008BDXQHM/ref=sr_1_130?dib=eyJ2IjoiMSJ9.-dAqZRTx2JGBdpwPRh4ERw_isomJYJdni8d2fj7Hb2Pflm6FWTop02tB7VfYskxNmb_2LpxfYSrwS-O6976xbA.-v-zqONcv0apKOD_Qb4vGiXlAn-hnMJ_u6TaC5u_6-g&dib_tag=se&m=A31NFQQ4065CWX&marketplaceID=A19VAU5U5O7RUS&qid=1773377643&refinements=p_36%3A13000-13500&s=merchant-items&sr=1-130&xpid=Je23C5mlZKodo#customerReviews,Mizuno 85ZB75 Swim Goods Pull Buoy 11.0 x 9.4 x 2.4 inches (28 x 24 x 6 cm)
B09L7FC9S1,,136.93,https://www.amazon.sg/TAMASHII-Nations-Sarutobi-Ninjaden-Figuarts/dp/B09L7FC9S1/ref=sr_1_131?dib=eyJ2IjoiMSJ9.-dAqZRTx2JGBdpwPRh4ERw_isomJYJdni8d2fj7Hb2Pflm6FWTop02tB7VfYskxNmb_2LpxfYSrwS-O6976xbA.-v-zqONcv0apKOD_Qb4vGiXlAn-hnMJ_u6TaC5u_6-g&dib_tag=se&m=A31NFQQ4065CWX&marketplaceID=A19VAU5U5O7RUS&qid=1773377643&refinements=p_36%3A13000-13500&s=merchant-items&sr=1-131&xpid=Je23C5mlZKodo#customerReviews,"TAMASHII Nations Kamen Rider Kenzan Sarutobi Ninjaden Kamen Rider Saber, Bandai Spirits S. H. Figuarts"
B0CDLXRWFD,,130.0,https://www.amazon.sg/SCANDINOVIA-Unbreakable-Tumblers-Shatterproof-Dishwasher/dp/B0CDLXRWFD/ref=sr_1_132?dib=eyJ2IjoiMSJ9.-dAqZRTx2JGBdpwPRh4ERw_isomJYJdni8d2fj7Hb2Pflm6FWTop02tB7VfYskxNmb_2LpxfYSrwS-O6976xbA.-v-zqONcv0apKOD_Qb4vGiXlAn-hnMJ_u6TaC5u_6-g&dib_tag=se&m=A31NFQQ4065CWX&marketplaceID=A19VAU5U5O7RUS&qid=1773377643&refinements=p_36%3A13000-13500&s=merchant-items&sr=1-132&xpid=Je23C5mlZKodo#customerReviews,"SCANDINOVIA - 19 Oz Unbreakable Cups - Vibrant Acrylic Tumblers, Shatterproof, Reusable & Dishwasher Safe, Smooth Rims, BPA-Free, Indoor & Outdoor Use, Plastic Cocktail Glasses - Set of 6-19 Oz"
B0CDLXRWFD,,,,
B09FX4X91L,,131.67,https://www.amazon.sg/Sasaki-Glass-Tumbler-Dishwasher-B-21208CS/dp/B09FX4X91L/ref=sr_1_133?dib=eyJ2IjoiMSJ9.-dAqZRTx2JGBdpwPRh4ERw_isomJYJdni8d2fj7Hb2Pflm6FWTop02tB7VfYskxNmb_2LpxfYSrwS-O6976xbA.-v-zqONcv0apKOD_Qb4vGiXlAn-hnMJ_u6TaC5u_6-g&dib_tag=se&m=A31NFQQ4065CWX&marketplaceID=A19VAU5U5O7RUS&qid=1773377643&refinements=p_36%3A13000-13500&s=merchant-items&sr=1-133&xpid=Je23C5mlZKodo#customerReviews,"Toyo Sasaki Glass Tumbler, Silk Line, Dishwasher Safe, Made in Japan, 9.0 fl oz (255 ml), Set of 6 B-21208CS"
B09FX4X91L,,,,
B09FJSMLT3,,133.34,https://www.amazon.sg/Warakuan-HB-5968-Stainless-Shabu-shabu-inches/dp/B09FJSMLT3/ref=sr_1_129?dib=eyJ2IjoiMSJ9.lF7Z6ZARJ1UDFoJoNA6lBoSENPJsYcFJzKIN2R1cwN9knqVP0QnqiuQiys4VWcqY2lEOfLoL60ZIKWvoaGzvmhq4Dcw_rPIedVFYEF5s-uP5URTD6wy7hDLRwr4nvvZjwKJrslPuZuC3sYK2XNph8z62L4NLxz7cxyyY4Qhxsz0.bPsVhGuOFqu-VL9x9p6-IQOZldjSbSelnabxLKLI6mA&dib_tag=se&m=A31NFQQ4065CWX&marketplaceID=A19VAU5U5O7RUS&qid=1773377643&refinements=p_36%3A13000-13500&s=merchant-items&sr=1-129&xpid=Je23C5mlZKodo#customerReviews,"Pearl Metal Warakuan HB-5968 Stainless Steel Shabu-shabu Pot, 8.3 inches (21 cm), Made in Japan, Gas Fire Only"
B09FJSMLT3,,,,
B009LH50MQ,,133.73,https://www.amazon.sg/BHL40R-Baseball-Catchers-Helmet-Royal/dp/B009LH50MQ/ref=sr_1_130?dib=eyJ2IjoiMSJ9.lF7Z6ZARJ1UDFoJoNA6lBoSENPJsYcFJzKIN2R1cwN9knqVP0QnqiuQiys4VWcqY2lEOfLoL60ZIKWvoaGzvmhq4Dcw_rPIedVFYEF5s-uP5URTD6wy7hDLRwr4nvvZjwKJrslPuZuC3sYK2XNph8z62L4NLxz7cxyyY4Qhxsz0.bPsVhGuOFqu-VL9x9p6-IQOZldjSbSelnabxLKLI6mA&dib_tag=se&m=A31NFQQ4065CWX&marketplaceID=A19VAU5U5O7RUS&qid=1773377643&refinements=p_36%3A13000-13500&s=merchant-items&sr=1-130&xpid=Je23C5mlZKodo#customerReviews,ZETT BHL40R Baseball Soft Catcher's Helmet
B009LH50MQ,,,,
B0BT854JDS,,143.17,https://www.amazon.sg/EDELRID-ER72058-Zodiac-II-Icemint/dp/B0BT854JDS/ref=sr_1_131?dib=eyJ2IjoiMSJ9.lF7Z6ZARJ1UDFoJoNA6lBoSENPJsYcFJzKIN2R1cwN9knqVP0QnqiuQiys4VWcqY2lEOfLoL60ZIKWvoaGzvmhq4Dcw_rPIedVFYEF5s-uP5URTD6wy7hDLRwr4nvvZjwKJrslPuZuC3sYK2XNph8z62L4NLxz7cxyyY4Qhxsz0.bPsVhGuOFqu-VL9x9p6-IQOZldjSbSelnabxLKLI6mA&dib_tag=se&m=A31NFQQ4065CWX&marketplaceID=A19VAU5U5O7RUS&qid=1773377643&refinements=p_36%3A13000-13500&s=merchant-items&sr=1-131&xpid=Je23C5mlZKodo#customerReviews,EDELRID Zodiac II
B0BT854JDS,,,,
B0BT1J1653,,148.65,https://www.amazon.sg/Daiwa-HG-Hip-Bag-GR/dp/B0BT1J1653/ref=sr_1_132?dib=eyJ2IjoiMSJ9.lF7Z6ZARJ1UDFoJoNA6lBoSENPJsYcFJzKIN2R1cwN9knqVP0QnqiuQiys4VWcqY2lEOfLoL60ZIKWvoaGzvmhq4Dcw_rPIedVFYEF5s-uP5URTD6wy7hDLRwr4nvvZjwKJrslPuZuC3sYK2XNph8z62L4NLxz7cxyyY4Qhxsz0.bPsVhGuOFqu-VL9x9p6-IQOZldjSbSelnabxLKLI6mA&dib_tag=se&m=A31NFQQ4065CWX&marketplaceID=A19VAU5U5O7RUS&qid=1773377643&refinements=p_36%3A13000-13500&s=merchant-items&sr=1-132&xpid=Je23C5mlZKodo#customerReviews,"DAIWA HG Hip Bag, Shoulder Bag, Waist Pouch, Messenger Bag, Backpack (C) Various (2023 Model)"
B0BT1J1653,,,,
B0B23LTW4B,,142.04,https://www.amazon.sg/Tamashi-Nations-Dragon-Spirits-S-H-Figuarts/dp/B0B23LTW4B/ref=sr_1_133?dib=eyJ2IjoiMSJ9.lF7Z6ZARJ1UDFoJoNA6lBoSENPJsYcFJzKIN2R1cwN9knqVP0QnqiuQiys4VWcqY2lEOfLoL60ZIKWvoaGzvmhq4Dcw_rPIedVFYEF5s-uP5URTD6wy7hDLRwr4nvvZjwKJrslPuZuC3sYK2XNph8z62L4NLxz7cxyyY4Qhxsz0.bPsVhGuOFqu-VL9x9p6-IQOZldjSbSelnabxLKLI6mA&dib_tag=se&m=A31NFQQ4065CWX&marketplaceID=A19VAU5U5O7RUS&qid=1773377643&refinements=p_36%3A13000-13500&s=merchant-items&sr=1-133&xpid=Je23C5mlZKodo#customerReviews,"Tamashi Nations - Dragon Ball GT - Super Saiyan 4 Vegeta, Bandai Spirits S.H.Figuarts"
B0BT7PKK5N,,140.72,https://www.amazon.sg/Shredder-Office-Compact-Crosscut-Running/dp/B0BT7PKK5N/ref=sr_1_134?dib=eyJ2IjoiMSJ9.lF7Z6ZARJ1UDFoJoNA6lBoSENPJsYcFJzKIN2R1cwN9knqVP0QnqiuQiys4VWcqY2lEOfLoL60ZIKWvoaGzvmhq4Dcw_rPIedVFYEF5s-uP5URTD6wy7hDLRwr4nvvZjwKJrslPuZuC3sYK2XNph8z62L4NLxz7cxyyY4Qhxsz0.bPsVhGuOFqu-VL9x9p6-IQOZldjSbSelnabxLKLI6mA&dib_tag=se&m=A31NFQQ4065CWX&marketplaceID=A19VAU5U5O7RUS&qid=1773377643&refinements=p_36%3A13000-13500&s=merchant-items&sr=1-134&xpid=Je23C5mlZKodo#customerReviews,"Paper Shredder for Home Office, White Compact Design, 2 Sheet Crosscut Paper, 10 Mins Running Time"
B0BT7PKK5N,,,,
B09PYHFJJY,,133.95,https://www.amazon.sg/Callaway-CHROME-Balls-Dozen-Pieces/dp/B09PYHFJJY/ref=sr_1_135?dib=eyJ2IjoiMSJ9.lF7Z6ZARJ1UDFoJoNA6lBoSENPJsYcFJzKIN2R1cwN9knqVP0QnqiuQiys4VWcqY2lEOfLoL60ZIKWvoaGzvmhq4Dcw_rPIedVFYEF5s-uP5URTD6wy7hDLRwr4nvvZjwKJrslPuZuC3sYK2XNph8z62L4NLxz7cxyyY4Qhxsz0.bPsVhGuOFqu-VL9x9p6-IQOZldjSbSelnabxLKLI6mA&dib_tag=se&m=A31NFQQ4065CWX&marketplaceID=A19VAU5U5O7RUS&qid=1773377643&refinements=p_36%3A13000-13500&s=merchant-items&sr=1-135&xpid=Je23C5mlZKodo#customerReviews,Callaway CHROME SOFT 2022 Golf Ball
B09PYHFJJY,,,,
B0C61HFCGD,,134.7,https://www.amazon.sg/Kotobukiya-Lumbar-Height-Approx-Plastic/dp/B0C61HFCGD/ref=sr_1_136?dib=eyJ2IjoiMSJ9.lF7Z6ZARJ1UDFoJoNA6lBoSENPJsYcFJzKIN2R1cwN9knqVP0QnqiuQiys4VWcqY2lEOfLoL60ZIKWvoaGzvmhq4Dcw_rPIedVFYEF5s-uP5URTD6wy7hDLRwr4nvvZjwKJrslPuZuC3sYK2XNph8z62L4NLxz7cxyyY4Qhxsz0.bPsVhGuOFqu-VL9x9p6-IQOZldjSbSelnabxLKLI6mA&dib_tag=se&m=A31NFQQ4065CWX&marketplaceID=A19VAU5U5O7RUS&qid=1773377643&refinements=p_36%3A13000-13500&s=merchant-items&sr=1-136&xpid=Je23C5mlZKodo#customerReviews,"Kotobukiya Hexa Gear Bulk Arm Beta Lumbar Jack, Total Height Approx. 6.7 inches (170 mm), 1/24 Scale Plastic Model"
B0D3PN2Z21,,131.4,https://www.amazon.sg/BLL324C-Hitter-Guard-Yellow-Black/dp/B0D3PN2Z21/ref=sr_1_137?dib=eyJ2IjoiMSJ9.lF7Z6ZARJ1UDFoJoNA6lBoSENPJsYcFJzKIN2R1cwN9knqVP0QnqiuQiys4VWcqY2lEOfLoL60ZIKWvoaGzvmhq4Dcw_rPIedVFYEF5s-uP5URTD6wy7hDLRwr4nvvZjwKJrslPuZuC3sYK2XNph8z62L4NLxz7cxyyY4Qhxsz0.bPsVhGuOFqu-VL9x9p6-IQOZldjSbSelnabxLKLI6mA&dib_tag=se&m=A31NFQQ4065CWX&marketplaceID=A19VAU5U5O7RUS&qid=1773377643&refinements=p_36%3A13000-13500&s=merchant-items&sr=1-137&xpid=Je23C5mlZKodo#customerReviews,ZETT BLL324C Hitter Leg Guard Yellow x Black (5319)
B0D3PN2Z21,,,,
B0CXH5DWSM,,134.48,https://www.amazon.sg/Bushiroad-Rubber-Collection-Persona-Reload/dp/B0CXH5DWSM/ref=sr_1_138?dib=eyJ2IjoiMSJ9.lF7Z6ZARJ1UDFoJoNA6lBoSENPJsYcFJzKIN2R1cwN9knqVP0QnqiuQiys4VWcqY2lEOfLoL60ZIKWvoaGzvmhq4Dcw_rPIedVFYEF5s-uP5URTD6wy7hDLRwr4nvvZjwKJrslPuZuC3sYK2XNph8z62L4NLxz7cxyyY4Qhxsz0.bPsVhGuOFqu-VL9x9p6-IQOZldjSbSelnabxLKLI6mA&dib_tag=se&m=A31NFQQ4065CWX&marketplaceID=A19VAU5U5O7RUS&qid=1773377643&refinements=p_36%3A13000-13500&s=merchant-items&sr=1-138&xpid=Je23C5mlZKodo#customerReviews,"Bushiroad Rubber Mat Collection V2 Vol. 1170 ""Persona 3 Reload"""
B0CXH5DWSM,,,,
B0CX1KB88T,,131.22,https://www.amazon.sg/Whole-Earth-WE2RDF21-Leather-Griddle/dp/B0CX1KB88T/ref=sr_1_139?dib=eyJ2IjoiMSJ9.lF7Z6ZARJ1UDFoJoNA6lBoSENPJsYcFJzKIN2R1cwN9knqVP0QnqiuQiys4VWcqY2lEOfLoL60ZIKWvoaGzvmhq4Dcw_rPIedVFYEF5s-uP5URTD6wy7hDLRwr4nvvZjwKJrslPuZuC3sYK2XNph8z62L4NLxz7cxyyY4Qhxsz0.bPsVhGuOFqu-VL9x9p6-IQOZldjSbSelnabxLKLI6mA&dib_tag=se&m=A31NFQQ4065CWX&marketplaceID=A19VAU5U5O7RUS&qid=1773377643&refinements=p_36%3A13000-13500&s=merchant-items&sr=1-139&xpid=Je23C5mlZKodo,Whole Earth KUICHI WE2RDF21 Black Leather Griddle Camping BBQ (Silver/FF)
B0CX1KB88T,,,,
B0CWL5PQPZ,,132.78,https://www.amazon.sg/Good-Smile-Character-Hatsune-Nendoroid/dp/B0CWL5PQPZ/ref=sr_1_145?dib=eyJ2IjoiMSJ9.UcpXqmMdLBXbQNckLa1gxzeQ8N94X5svXopIk2c_B832Sr0r2uCBaTHIztSSS8Rivp9UsA-bfWyaYgAYvMpDkA.1-ExV9dhrCqcj6WPxemCdVgDsT8zjqVO6Yabs_xIx0o&dib_tag=se&m=A31NFQQ4065CWX&marketplaceID=A19VAU5U5O7RUS&qid=1773377648&refinements=p_36%3A13000-13500&s=merchant-items&sr=1-145&xpid=Je23C5mlZKodo#customerReviews,Good Smile - Character Vocal Series 01 - Hatsune Miku V3 Nendoroid
B0CR9QK8MR,,130.03,https://www.amazon.sg/Weiss-Schwarz-Premium-Production-Ambassador/dp/B0CR9QK8MR/ref=sr_1_146?dib=eyJ2IjoiMSJ9.UcpXqmMdLBXbQNckLa1gxzeQ8N94X5svXopIk2c_B832Sr0r2uCBaTHIztSSS8Rivp9UsA-bfWyaYgAYvMpDkA.1-ExV9dhrCqcj6WPxemCdVgDsT8zjqVO6Yabs_xIx0o&dib_tag=se&m=A31NFQQ4065CWX&marketplaceID=A19VAU5U5O7RUS&qid=1773377648&refinements=p_36%3A13000-13500&s=merchant-items&sr=1-146&xpid=Je23C5mlZKodo#customerReviews,Weiss Schwarz Premium Set Holo Live Production feat. Weiss Schwarz Ambassador
B0CR9QK8MR,,,,
B0CPD57QSD,,138.56,https://www.amazon.sg/BJGB74430-Baseball-Glove-All-round-Pastel/dp/B0CPD57QSD/ref=sr_1_147?dib=eyJ2IjoiMSJ9.UcpXqmMdLBXbQNckLa1gxzeQ8N94X5svXopIk2c_B832Sr0r2uCBaTHIztSSS8Rivp9UsA-bfWyaYgAYvMpDkA.1-ExV9dhrCqcj6WPxemCdVgDsT8zjqVO6Yabs_xIx0o&dib_tag=se&m=A31NFQQ4065CWX&marketplaceID=A19VAU5U5O7RUS&qid=1773377648&refinements=p_36%3A13000-13500&s=merchant-items&sr=1-147&xpid=Je23C5mlZKodo#customerReviews,ゼット(ZETT) 少年野球 グラブ(グローブ) ソフトステア オールラウンド用 サイズ:M BJGB74430
B0CPD57QSD,,,,
B0CP7SMF2N,,138.41,https://www.amazon.sg/BCT77410-Baseball-Hitting-Machine-Carbon/dp/B0CP7SMF2N/ref=sr_1_148?dib=eyJ2IjoiMSJ9.UcpXqmMdLBXbQNckLa1gxzeQ8N94X5svXopIk2c_B832Sr0r2uCBaTHIztSSS8Rivp9UsA-bfWyaYgAYvMpDkA.1-ExV9dhrCqcj6WPxemCdVgDsT8zjqVO6Yabs_xIx0o&dib_tag=se&m=A31NFQQ4065CWX&marketplaceID=A19VAU5U5O7RUS&qid=1773377648&refinements=p_36%3A13000-13500&s=merchant-items&sr=1-148&xpid=Je23C5mlZKodo,"ZETT BCT77410 Soft Baseball Bat Hitting Machine, FRP (Carbon + Glass), 27.6 inches (70 cm), 13.6 oz (370 g), Red (6400)"
B0CP7SMF2N,,,,
B0CMQC32NN,,131.37,https://www.amazon.sg/Good-Smile-Nendoroid-Interchangeable-Selection/dp/B0CMQC32NN/ref=sr_1_149?dib=eyJ2IjoiMSJ9.UcpXqmMdLBXbQNckLa1gxzeQ8N94X5svXopIk2c_B832Sr0r2uCBaTHIztSSS8Rivp9UsA-bfWyaYgAYvMpDkA.1-ExV9dhrCqcj6WPxemCdVgDsT8zjqVO6Yabs_xIx0o&dib_tag=se&m=A31NFQQ4065CWX&marketplaceID=A19VAU5U5O7RUS&qid=1773377648&refinements=p_36%3A13000-13500&s=merchant-items&sr=1-149&xpid=Je23C5mlZKodo#customerReviews,"Good Smile Company Nendoroid More Anime Bocchiza Roku! Interchangeable Face Rainbow Summer Ryo Ikuyo Selection Plastic Painted Complete Trading Figure, Box of 6"
B0CGX13XCT,,133.21,https://www.amazon.sg/10Gbps-Type-C-Multiport-Adapter-OWL-DSU31A2HLC-SV/dp/B0CGX13XCT/ref=sr_1_145?dib=eyJ2IjoiMSJ9.FprnrCSfsvC1PSx46XGvS_6L9yJVYJIvQmZ5gqXvsJ6YHVco8XDUJspd8KHD92FZY2Cf36U5N2Z2qSbzdPIFJhPavJqgNhAbc9iF0LON2b8yP4UDTPmIKUVu8l_n3oGwgIqj_rgFdUtiD_tDy23tusThX4n3ZORnJp6lQI8lgm4.JwdB80IGQlX1l064wLLNFlthDVKptYElAq9Gqn4CWWM&dib_tag=se&m=A31NFQQ4065CWX&marketplaceID=A19VAU5U5O7RUS&qid=1773377648&refinements=p_36%3A13000-13500&s=merchant-items&sr=1-145&xpid=Je23C5mlZKodo#customerReviews,Owtec USB 10Gbps HDMI / LAN / 2 x USB Type-A / USB Type-C 5 in 1 USB Type-C Multiport Adapter Silver OWL-DSU31A2HLC-SV
B0CGX13XCT,,,,
B0CDMS8PZC,,139.0,https://www.amazon.sg/Fieludens-Dish-Case-NM52351-Cappuccino/dp/B0CDMS8PZC/ref=sr_1_146?dib=eyJ2IjoiMSJ9.FprnrCSfsvC1PSx46XGvS_6L9yJVYJIvQmZ5gqXvsJ6YHVco8XDUJspd8KHD92FZY2Cf36U5N2Z2qSbzdPIFJhPavJqgNhAbc9iF0LON2b8yP4UDTPmIKUVu8l_n3oGwgIqj_rgFdUtiD_tDy23tusThX4n3ZORnJp6lQI8lgm4.JwdB80IGQlX1l064wLLNFlthDVKptYElAq9Gqn4CWWM&dib_tag=se&m=A31NFQQ4065CWX&marketplaceID=A19VAU5U5O7RUS&qid=1773377648&refinements=p_36%3A13000-13500&s=merchant-items&sr=1-146&xpid=Je23C5mlZKodo,Fieludens(R) Dish Case L NM52351
B0CDMS8PZC,,,,
B0CDLD3946,,134.15,https://www.amazon.sg/SHIMANO-Crankset-Speed-Multi-Colour-Size/dp/B0CDLD3946/ref=sr_1_147?dib=eyJ2IjoiMSJ9.FprnrCSfsvC1PSx46XGvS_6L9yJVYJIvQmZ5gqXvsJ6YHVco8XDUJspd8KHD92FZY2Cf36U5N2Z2qSbzdPIFJhPavJqgNhAbc9iF0LON2b8yP4UDTPmIKUVu8l_n3oGwgIqj_rgFdUtiD_tDy23tusThX4n3ZORnJp6lQI8lgm4.JwdB80IGQlX1l064wLLNFlthDVKptYElAq9Gqn4CWWM&dib_tag=se&m=A31NFQQ4065CWX&marketplaceID=A19VAU5U5O7RUS&qid=1773377648&refinements=p_36%3A13000-13500&s=merchant-items&sr=1-147&xpid=Je23C5mlZKodo,"SHIMANO Crankset 9/10/11 Speed Crankset, Multi-Colour, One Size"
B0CDLD3946,,,,
B0CDL7YZ9K,,132.63,https://www.amazon.sg/SHIMANO-Crankset-Speed-Multi-Colour-Size/dp/B0CDL7YZ9K/ref=sr_1_148?dib=eyJ2IjoiMSJ9.FprnrCSfsvC1PSx46XGvS_6L9yJVYJIvQmZ5gqXvsJ6YHVco8XDUJspd8KHD92FZY2Cf36U5N2Z2qSbzdPIFJhPavJqgNhAbc9iF0LON2b8yP4UDTPmIKUVu8l_n3oGwgIqj_rgFdUtiD_tDy23tusThX4n3ZORnJp6lQI8lgm4.JwdB80IGQlX1l064wLLNFlthDVKptYElAq9Gqn4CWWM&dib_tag=se&m=A31NFQQ4065CWX&marketplaceID=A19VAU5U5O7RUS&qid=1773377648&refinements=p_36%3A13000-13500&s=merchant-items&sr=1-148&xpid=Je23C5mlZKodo,"SHIMANO Crankset 9/10/11 Speed Crankset, Multi-Colour, One Size"
B0CDL7YZ9K,,,,
B0CDBKKRXC,,134.92,https://www.amazon.sg/Daiwa-Works-Saltiga-Handle-inches/dp/B0CDBKKRXC/ref=sr_1_149?dib=eyJ2IjoiMSJ9.FprnrCSfsvC1PSx46XGvS_6L9yJVYJIvQmZ5gqXvsJ6YHVco8XDUJspd8KHD92FZY2Cf36U5N2Z2qSbzdPIFJhPavJqgNhAbc9iF0LON2b8yP4UDTPmIKUVu8l_n3oGwgIqj_rgFdUtiD_tDy23tusThX4n3ZORnJp6lQI8lgm4.JwdB80IGQlX1l064wLLNFlthDVKptYElAq9Gqn4CWWM&dib_tag=se&m=A31NFQQ4065CWX&marketplaceID=A19VAU5U5O7RUS&qid=1773377648&refinements=p_36%3A13000-13500&s=merchant-items&sr=1-149&xpid=Je23C5mlZKodo#customerReviews,"Daiwa Slp Works 23 Saltiga Handle, 2.6 inches (65 mm), Gold"
B0CDBKKRXC,,,,
B0CC889YW2,,131.46,https://www.amazon.sg/Square-Enix-Fantasy-Pre-Painted-Action/dp/B0CC889YW2/ref=sr_1_150?dib=eyJ2IjoiMSJ9.FprnrCSfsvC1PSx46XGvS_6L9yJVYJIvQmZ5gqXvsJ6YHVco8XDUJspd8KHD92FZY2Cf36U5N2Z2qSbzdPIFJhPavJqgNhAbc9iF0LON2b8yP4UDTPmIKUVu8l_n3oGwgIqj_rgFdUtiD_tDy23tusThX4n3ZORnJp6lQI8lgm4.JwdB80IGQlX1l064wLLNFlthDVKptYElAq9Gqn4CWWM&dib_tag=se&m=A31NFQQ4065CWX&marketplaceID=A19VAU5U5O7RUS&qid=1773377648&refinements=p_36%3A13000-13500&s=merchant-items&sr=1-150&xpid=Je23C5mlZKodo#customerReviews,Square Enix Final Fantasy XVI Bling Arts PVC Pre-Painted Action Figure
B0CBTSFPJ8,,137.99,https://www.amazon.sg/BJCB76412-Baseball-Catcher-Ground-Right/dp/B0CBTSFPJ8/ref=sr_1_151?dib=eyJ2IjoiMSJ9.FprnrCSfsvC1PSx46XGvS_6L9yJVYJIvQmZ5gqXvsJ6YHVco8XDUJspd8KHD92FZY2Cf36U5N2Z2qSbzdPIFJhPavJqgNhAbc9iF0LON2b8yP4UDTPmIKUVu8l_n3oGwgIqj_rgFdUtiD_tDy23tusThX4n3ZORnJp6lQI8lgm4.JwdB80IGQlX1l064wLLNFlthDVKptYElAq9Gqn4CWWM&dib_tag=se&m=A31NFQQ4065CWX&marketplaceID=A19VAU5U5O7RUS&qid=1773377648&refinements=p_36%3A13000-13500&s=merchant-items&sr=1-151&xpid=Je23C5mlZKodo#customerReviews,"ZETT BJCB76412 Boys Baseball Catcher Mitt, Ground Hero Catcher Right Throw"
B0CBTSFPJ8,,,,
B0CBTPR8FW,,131.59,https://www.amazon.sg/BJGB74440-Baseball-Glove-Steer-All-Round/dp/B0CBTPR8FW/ref=sr_1_152?dib=eyJ2IjoiMSJ9.FprnrCSfsvC1PSx46XGvS_6L9yJVYJIvQmZ5gqXvsJ6YHVco8XDUJspd8KHD92FZY2Cf36U5N2Z2qSbzdPIFJhPavJqgNhAbc9iF0LON2b8yP4UDTPmIKUVu8l_n3oGwgIqj_rgFdUtiD_tDy23tusThX4n3ZORnJp6lQI8lgm4.JwdB80IGQlX1l064wLLNFlthDVKptYElAq9Gqn4CWWM&dib_tag=se&m=A31NFQQ4065CWX&marketplaceID=A19VAU5U5O7RUS&qid=1773377648&refinements=p_36%3A13000-13500&s=merchant-items&sr=1-152&xpid=Je23C5mlZKodo#customerReviews,ゼット(ZETT) 少年野球 軟式 グラブ(グローブ) ソフトステア オールラウンド用 サイズ:L BJGB74440
B0CBTPR8FW,,,,
B0C9SZ53DX,,133.96,https://www.amazon.sg/Dora-Wings-DWS48051-Thunderbolt-Plastic/dp/B0C9SZ53DX/ref=sr_1_153?dib=eyJ2IjoiMSJ9.FprnrCSfsvC1PSx46XGvS_6L9yJVYJIvQmZ5gqXvsJ6YHVco8XDUJspd8KHD92FZY2Cf36U5N2Z2qSbzdPIFJhPavJqgNhAbc9iF0LON2b8yP4UDTPmIKUVu8l_n3oGwgIqj_rgFdUtiD_tDy23tusThX4n3ZORnJp6lQI8lgm4.JwdB80IGQlX1l064wLLNFlthDVKptYElAq9Gqn4CWWM&dib_tag=se&m=A31NFQQ4065CWX&marketplaceID=A19VAU5U5O7RUS&qid=1773377648&refinements=p_36%3A13000-13500&s=merchant-items&sr=1-153&xpid=Je23C5mlZKodo,DWS48051 1/48 USA P-47B Thunderbolt Plastic Model
B0C9SZ53DX,,,,
B0C9J6K95Q,,132.9,https://www.amazon.sg/MODEROID-Gallon-Non-Scale-Buildable-Plastic/dp/B0C9J6K95Q/ref=sr_1_154?dib=eyJ2IjoiMSJ9.FprnrCSfsvC1PSx46XGvS_6L9yJVYJIvQmZ5gqXvsJ6YHVco8XDUJspd8KHD92FZY2Cf36U5N2Z2qSbzdPIFJhPavJqgNhAbc9iF0LON2b8yP4UDTPmIKUVu8l_n3oGwgIqj_rgFdUtiD_tDy23tusThX4n3ZORnJp6lQI8lgm4.JwdB80IGQlX1l064wLLNFlthDVKptYElAq9Gqn4CWWM&dib_tag=se&m=A31NFQQ4065CWX&marketplaceID=A19VAU5U5O7RUS&qid=1773377648&refinements=p_36%3A13000-13500&s=merchant-items&sr=1-154&xpid=Je23C5mlZKodo#customerReviews,MODEROID Pro Mare Rio De Gallon Non-Scale Buildable Plastic Model
B0C88K536T,,134.9,https://www.amazon.sg/Metaverse-Tifoeus-Chimera-Color-coded-Plastic/dp/B0C88K536T/ref=sr_1_155?dib=eyJ2IjoiMSJ9.FprnrCSfsvC1PSx46XGvS_6L9yJVYJIvQmZ5gqXvsJ6YHVco8XDUJspd8KHD92FZY2Cf36U5N2Z2qSbzdPIFJhPavJqgNhAbc9iF0LON2b8yP4UDTPmIKUVu8l_n3oGwgIqj_rgFdUtiD_tDy23tusThX4n3ZORnJp6lQI8lgm4.JwdB80IGQlX1l064wLLNFlthDVKptYElAq9Gqn4CWWM&dib_tag=se&m=A31NFQQ4065CWX&marketplaceID=A19VAU5U5O7RUS&qid=1773377648&refinements=p_36%3A13000-13500&s=merchant-items&sr=1-155&xpid=Je23C5mlZKodo#customerReviews,HG Gundam Build Metaverse Tifoeus Gundam Chimera 1/144 Scale Color-coded Plastic Model
B0C9J6K95Q,,132.9,https://www.amazon.sg/MODEROID-Gallon-Non-Scale-Buildable-Plastic/dp/B0C9J6K95Q/ref=sr_1_161?dib=eyJ2IjoiMSJ9.aU1fVlwV14_OUYbhGXlMkrL81HmVWuQRkCB1T8MB2Zcgriq9_1YT4Brp1pbj5Ayu2aqCdSHP7PlnnFehTK30OQ.NADU5OJN-tmulScV0e3UIqH8KJR5u_a7hBKzrj0pI4E&dib_tag=se&m=A31NFQQ4065CWX&marketplaceID=A19VAU5U5O7RUS&qid=1773377653&refinements=p_36%3A13000-13500&s=merchant-items&sr=1-161&xpid=Je23C5mlZKodo#customerReviews,MODEROID Pro Mare Rio De Gallon Non-Scale Buildable Plastic Model
B0C88K536T,,134.9,https://www.amazon.sg/Metaverse-Tifoeus-Chimera-Color-coded-Plastic/dp/B0C88K536T/ref=sr_1_162?dib=eyJ2IjoiMSJ9.aU1fVlwV14_OUYbhGXlMkrL81HmVWuQRkCB1T8MB2Zcgriq9_1YT4Brp1pbj5Ayu2aqCdSHP7PlnnFehTK30OQ.NADU5OJN-tmulScV0e3UIqH8KJR5u_a7hBKzrj0pI4E&dib_tag=se&m=A31NFQQ4065CWX&marketplaceID=A19VAU5U5O7RUS&qid=1773377653&refinements=p_36%3A13000-13500&s=merchant-items&sr=1-162&xpid=Je23C5mlZKodo#customerReviews,HG Gundam Build Metaverse Tifoeus Gundam Chimera 1/144 Scale Color-coded Plastic Model
B0C818TQ3R,,130.08,https://www.amazon.sg/FIELDOOR-Seasoning-Compatible-Included-Activities/dp/B0C818TQ3R/ref=sr_1_163?dib=eyJ2IjoiMSJ9.aU1fVlwV14_OUYbhGXlMkrL81HmVWuQRkCB1T8MB2Zcgriq9_1YT4Brp1pbj5Ayu2aqCdSHP7PlnnFehTK30OQ.NADU5OJN-tmulScV0e3UIqH8KJR5u_a7hBKzrj0pI4E&dib_tag=se&m=A31NFQQ4065CWX&marketplaceID=A19VAU5U5O7RUS&qid=1773377653&refinements=p_36%3A13000-13500&s=merchant-items&sr=1-163&xpid=Je23C5mlZKodo#customerReviews,"FIELDOOR Round Griddle Pan, Grill Pan, Innoble Coating, No Seasoning, Easy to Clean, Bonfire, Gas, IH Compatible, Spout and Storage Bag Included, Camping, BBQ, Outdoor Activities, 13.0 inches (33 cm"
B0C818TQ3R,,,,
B0C6M2LYWS,,136.36,https://www.amazon.sg/Hasegawa-02449-Maritime-Self-Defense-ShinMaywa/dp/B0C6M2LYWS/ref=sr_1_164?dib=eyJ2IjoiMSJ9.aU1fVlwV14_OUYbhGXlMkrL81HmVWuQRkCB1T8MB2Zcgriq9_1YT4Brp1pbj5Ayu2aqCdSHP7PlnnFehTK30OQ.NADU5OJN-tmulScV0e3UIqH8KJR5u_a7hBKzrj0pI4E&dib_tag=se&m=A31NFQQ4065CWX&marketplaceID=A19VAU5U5O7RUS&qid=1773377653&refinements=p_36%3A13000-13500&s=merchant-items&sr=1-164&xpid=Je23C5mlZKodo,Hasegawa 02449 1/72 Maritime Self-Defense Force ShinMaywa US-1A 71st Air Corps Plastic Model
B0C6BQ6WVR,,134.75,https://www.amazon.sg/Trixie-Backpack-Unisex-Nursery-Kindergarten/dp/B0C6BQ6WVR/ref=sr_1_165?dib=eyJ2IjoiMSJ9.aU1fVlwV14_OUYbhGXlMkrL81HmVWuQRkCB1T8MB2Zcgriq9_1YT4Brp1pbj5Ayu2aqCdSHP7PlnnFehTK30OQ.NADU5OJN-tmulScV0e3UIqH8KJR5u_a7hBKzrj0pI4E&dib_tag=se&m=A31NFQQ4065CWX&marketplaceID=A19VAU5U5O7RUS&qid=1773377653&refinements=p_36%3A13000-13500&s=merchant-items&sr=1-165&xpid=Je23C5mlZKodo#customerReviews,[トリクシー] CA88-Backpacksmall Mr. Penguin
B0C6BQ6WVR,,,,
B0C5MCW2W8,,130.95,https://www.amazon.sg/Good-Smile-Company-Hatsune-Miku/dp/B0C5MCW2W8/ref=sr_1_161?dib=eyJ2IjoiMSJ9.B1ioTP2K2Rw1fLdUHsZn6UmuS2ja274aXEmra4_t3LE-1OGNK64Ml8CodMeOD6kCJzbpzKS9y9lSvc-MnpxZNkS7gEJVLcAJgUkYhcgz00TER3sanuZjapiey31Epjx-xkMBVrr2VjWSTbpUYsUKFWhGZzGeK5mvNrnhrxKZFro.UyXzPST_TzaFqMSd8cg05FRrkKR3mY6nrELW-SKq78o&dib_tag=se&m=A31NFQQ4065CWX&marketplaceID=A19VAU5U5O7RUS&qid=1773377653&refinements=p_36%3A13000-13500&s=merchant-items&sr=1-161&xpid=Je23C5mlZKodo#customerReviews,Good Smile Company Hatsune Miku: Colorful Stage! Hatsune Miku (School Sekai Ver.) Nendoroid Action Figure
B0C58N1HYG,,131.18,https://www.amazon.sg/Good-Smile-Nendoroid-Non-Scale-Pre-Painted/dp/B0C58N1HYG/ref=sr_1_162?dib=eyJ2IjoiMSJ9.B1ioTP2K2Rw1fLdUHsZn6UmuS2ja274aXEmra4_t3LE-1OGNK64Ml8CodMeOD6kCJzbpzKS9y9lSvc-MnpxZNkS7gEJVLcAJgUkYhcgz00TER3sanuZjapiey31Epjx-xkMBVrr2VjWSTbpUYsUKFWhGZzGeK5mvNrnhrxKZFro.UyXzPST_TzaFqMSd8cg05FRrkKR3mY6nrELW-SKq78o&dib_tag=se&m=A31NFQQ4065CWX&marketplaceID=A19VAU5U5O7RUS&qid=1773377653&refinements=p_36%3A13000-13500&s=merchant-items&sr=1-162&xpid=Je23C5mlZKodo#customerReviews,Good Smile Arts Shanghai Nendoroid Azur Lane Cheshire DX Non-Scale Plastic Pre-Painted Action Figure
B0C4PDD5BG,,130.64,https://www.amazon.sg/FUTUREFOX-Lantern-Paraffin-Continuous-Required/dp/B0C4PDD5BG/ref=sr_1_163?dib=eyJ2IjoiMSJ9.B1ioTP2K2Rw1fLdUHsZn6UmuS2ja274aXEmra4_t3LE-1OGNK64Ml8CodMeOD6kCJzbpzKS9y9lSvc-MnpxZNkS7gEJVLcAJgUkYhcgz00TER3sanuZjapiey31Epjx-xkMBVrr2VjWSTbpUYsUKFWhGZzGeK5mvNrnhrxKZFro.UyXzPST_TzaFqMSd8cg05FRrkKR3mY6nrELW-SKq78o&dib_tag=se&m=A31NFQQ4065CWX&marketplaceID=A19VAU5U5O7RUS&qid=1773377653&refinements=p_36%3A13000-13500&s=merchant-items&sr=1-163&xpid=Je23C5mlZKodo#customerReviews,"FUTUREFOX Lantern Oil Lantern, Antique Paraffin Oil, Candle Lantern, Tank 5.1 fl oz (150 ml), 48 Hours of Continuous Use, No Pumping Required (Gunmeta)"
B0C4PDD5BG,,,,
B0C3WLGTB9,,131.38,https://www.amazon.sg/DEMON-SLAYER-KIMETSU-POSKET-GENYA-SHINAZUGAWA/dp/B0C3WLGTB9/ref=sr_1_164?dib=eyJ2IjoiMSJ9.B1ioTP2K2Rw1fLdUHsZn6UmuS2ja274aXEmra4_t3LE-1OGNK64Ml8CodMeOD6kCJzbpzKS9y9lSvc-MnpxZNkS7gEJVLcAJgUkYhcgz00TER3sanuZjapiey31Epjx-xkMBVrr2VjWSTbpUYsUKFWhGZzGeK5mvNrnhrxKZFro.UyXzPST_TzaFqMSd8cg05FRrkKR3mY6nrELW-SKq78o&dib_tag=se&m=A31NFQQ4065CWX&marketplaceID=A19VAU5U5O7RUS&qid=1773377653&refinements=p_36%3A13000-13500&s=merchant-items&sr=1-164&xpid=Je23C5mlZKodo#customerReviews,DEMON SLAYER: KIMETSU NO YAIBA Q POSKET-GENYA SHINAZUGAWA-
B0C3294B3Y,,133.72,https://www.amazon.sg/%E9%9D%92%E5%B3%B6%E6%96%87%E5%8C%96%E6%95%99%E6%9D%90%E7%A4%BE-AOSHIMA-Kawasaki-Complete-Motorcycle/dp/B0C3294B3Y/ref=sr_1_165?dib=eyJ2IjoiMSJ9.B1ioTP2K2Rw1fLdUHsZn6UmuS2ja274aXEmra4_t3LE-1OGNK64Ml8CodMeOD6kCJzbpzKS9y9lSvc-MnpxZNkS7gEJVLcAJgUkYhcgz00TER3sanuZjapiey31Epjx-xkMBVrr2VjWSTbpUYsUKFWhGZzGeK5mvNrnhrxKZFro.UyXzPST_TzaFqMSd8cg05FRrkKR3mY6nrELW-SKq78o&dib_tag=se&m=A31NFQQ4065CWX&marketplaceID=A19VAU5U5O7RUS&qid=1773377653&refinements=p_36%3A13000-13500&s=merchant-items&sr=1-165&xpid=Je23C5mlZKodo#customerReviews,青島文化教材社(AOSHIMA) Skynet Kawasaki Ninja H2 CARBON '19 1/12 Complete Motorcycle Figures
B0BZJ5JW5J,,133.54,https://www.amazon.sg/Vanguard-VEO-City-Technical-Camera/dp/B0BZJ5JW5J/ref=sr_1_166?dib=eyJ2IjoiMSJ9.B1ioTP2K2Rw1fLdUHsZn6UmuS2ja274aXEmra4_t3LE-1OGNK64Ml8CodMeOD6kCJzbpzKS9y9lSvc-MnpxZNkS7gEJVLcAJgUkYhcgz00TER3sanuZjapiey31Epjx-xkMBVrr2VjWSTbpUYsUKFWhGZzGeK5mvNrnhrxKZFro.UyXzPST_TzaFqMSd8cg05FRrkKR3mY6nrELW-SKq78o&dib_tag=se&m=A31NFQQ4065CWX&marketplaceID=A19VAU5U5O7RUS&qid=1773377653&refinements=p_36%3A13000-13500&s=merchant-items&sr=1-166&xpid=Je23C5mlZKodo,Vanguard VEO City TP23 Technical Pack Camera Bag - Grey
B0BZJ5JW5J,,,,
B0BWZXFLN6,,130.0,https://www.amazon.sg/U-Makes-Training-Supervised-Bodybuilding-Champions/dp/B0BWZXFLN6/ref=sr_1_167?dib=eyJ2IjoiMSJ9.B1ioTP2K2Rw1fLdUHsZn6UmuS2ja274aXEmra4_t3LE-1OGNK64Ml8CodMeOD6kCJzbpzKS9y9lSvc-MnpxZNkS7gEJVLcAJgUkYhcgz00TER3sanuZjapiey31Epjx-xkMBVrr2VjWSTbpUYsUKFWhGZzGeK5mvNrnhrxKZFro.UyXzPST_TzaFqMSd8cg05FRrkKR3mY6nrELW-SKq78o&dib_tag=se&m=A31NFQQ4065CWX&marketplaceID=A19VAU5U5O7RUS&qid=1773377653&refinements=p_36%3A13000-13500&s=merchant-items&sr=1-167&xpid=Je23C5mlZKodo#customerReviews,"U-Makes Training Belt, Muscle Training Belt, Power Belt, Waist, Bench Press, Supervised by Bodybuilding Champions, Japanese Brand"
B0BWZXFLN6,,,,
B0BWNXXSD4,,131.67,https://www.amazon.sg/Recovery-Me-Storage-Mounted-Screwed/dp/B0BWNXXSD4/ref=sr_1_168?dib=eyJ2IjoiMSJ9.B1ioTP2K2Rw1fLdUHsZn6UmuS2ja274aXEmra4_t3LE-1OGNK64Ml8CodMeOD6kCJzbpzKS9y9lSvc-MnpxZNkS7gEJVLcAJgUkYhcgz00TER3sanuZjapiey31Epjx-xkMBVrr2VjWSTbpUYsUKFWhGZzGeK5mvNrnhrxKZFro.UyXzPST_TzaFqMSd8cg05FRrkKR3mY6nrELW-SKq78o&dib_tag=se&m=A31NFQQ4065CWX&marketplaceID=A19VAU5U5O7RUS&qid=1773377653&refinements=p_36%3A13000-13500&s=merchant-items&sr=1-168&xpid=Je23C5mlZKodo#customerReviews,"Dryer Holder, Dryer Storage, Wall Mounted, Screwed, Rental, Dryer Storage Case, Dryer Storage Box, Dryer Storage, Wall Hook, Basket (White)"
B0BWNXXSD4,,,,
B0BTKSJKVX,,130.0,https://www.amazon.sg/Funvino-lacris-wine-opener/dp/B0BTKSJKVX/ref=sr_1_169?dib=eyJ2IjoiMSJ9.B1ioTP2K2Rw1fLdUHsZn6UmuS2ja274aXEmra4_t3LE-1OGNK64Ml8CodMeOD6kCJzbpzKS9y9lSvc-MnpxZNkS7gEJVLcAJgUkYhcgz00TER3sanuZjapiey31Epjx-xkMBVrr2VjWSTbpUYsUKFWhGZzGeK5mvNrnhrxKZFro.UyXzPST_TzaFqMSd8cg05FRrkKR3mY6nrELW-SKq78o&dib_tag=se&m=A31NFQQ4065CWX&marketplaceID=A19VAU5U5O7RUS&qid=1773377653&refinements=p_36%3A13000-13500&s=merchant-items&sr=1-169&xpid=Je23C5mlZKodo,lacris wine opener
B0BTKSJKVX,,,,
B0BSTP6MDN,,132.28,https://www.amazon.sg/Piece-HEYE-PUZZLE-Puzzle-G%C3%B6bel/dp/B0BSTP6MDN/ref=sr_1_170?dib=eyJ2IjoiMSJ9.B1ioTP2K2Rw1fLdUHsZn6UmuS2ja274aXEmra4_t3LE-1OGNK64Ml8CodMeOD6kCJzbpzKS9y9lSvc-MnpxZNkS7gEJVLcAJgUkYhcgz00TER3sanuZjapiey31Epjx-xkMBVrr2VjWSTbpUYsUKFWhGZzGeK5mvNrnhrxKZFro.UyXzPST_TzaFqMSd8cg05FRrkKR3mY6nrELW-SKq78o&dib_tag=se&m=A31NFQQ4065CWX&marketplaceID=A19VAU5U5O7RUS&qid=1773377653&refinements=p_36%3A13000-13500&s=merchant-items&sr=1-170&xpid=Je23C5mlZKodo,2000 Piece HEYE PUZZLE Hay Puzzle Göbel & Knorr : Fresh Fish! 27 x 38 inches 30025
B0BSTP6MDN,,,,
B0BSQR5K43,,138.34,https://www.amazon.sg/Schwarz-Booster-Hololive-Production-Japanese/dp/B0BSQR5K43/ref=sr_1_171?dib=eyJ2IjoiMSJ9.B1ioTP2K2Rw1fLdUHsZn6UmuS2ja274aXEmra4_t3LE-1OGNK64Ml8CodMeOD6kCJzbpzKS9y9lSvc-MnpxZNkS7gEJVLcAJgUkYhcgz00TER3sanuZjapiey31Epjx-xkMBVrr2VjWSTbpUYsUKFWhGZzGeK5mvNrnhrxKZFro.UyXzPST_TzaFqMSd8cg05FRrkKR3mY6nrELW-SKq78o&dib_tag=se&m=A31NFQQ4065CWX&marketplaceID=A19VAU5U5O7RUS&qid=1773377653&refinements=p_36%3A13000-13500&s=merchant-items&sr=1-171&xpid=Je23C5mlZKodo#customerReviews,Weiss Schwarz Booster Pack Hololive Production Vol.2 Box(Japanese)
B0BSQR5K43,,,,
B0BRSLB3H3,,133.52,https://www.amazon.sg/Nendoroid-Ashikupa-Non-scale-Plastic-Pre-painted/dp/B0BRSLB3H3/ref=sr_1_177?dib=eyJ2IjoiMSJ9.Etg-LIKF4QUdwhRoyFWhDp0jrVpKiswYUIbfcXPP0hb-Iinbg4bB0bxjVsK2EZzKaQtulX3KJ0plMzQeVwztBQ.VzF3Ue29eXusnzPgKqO1K0Xm95xaiutb0uLcYgGep8A&dib_tag=se&m=A31NFQQ4065CWX&marketplaceID=A19VAU5U5O7RUS&qid=1773377658&refinements=p_36%3A13000-13500&s=merchant-items&sr=1-177&xpid=Je23C5mlZKodo#customerReviews,"Nendoroid Golden Kamui, Ashikupa, Non-scale, Plastic, Pre-painted Action Figure, Resale"
B0BR7YD4RB,,133.98,https://www.amazon.sg/TRUSCO-SY188350-Band-13-8-inches/dp/B0BR7YD4RB/ref=sr_1_178?dib=eyJ2IjoiMSJ9.Etg-LIKF4QUdwhRoyFWhDp0jrVpKiswYUIbfcXPP0hb-Iinbg4bB0bxjVsK2EZzKaQtulX3KJ0plMzQeVwztBQ.VzF3Ue29eXusnzPgKqO1K0Xm95xaiutb0uLcYgGep8A&dib_tag=se&m=A31NFQQ4065CWX&marketplaceID=A19VAU5U5O7RUS&qid=1773377658&refinements=p_36%3A13000-13500&s=merchant-items&sr=1-178&xpid=Je23C5mlZKodo,TRUSCO SY188350 SY Band 13.8 inches (350 mm)
B0BR7YD4RB,,,,
B0BQLN87TY,,133.86,https://www.amazon.sg/Babolat-31S23651-Womens-Tennis-Shoes/dp/B0BQLN87TY/ref=sr_1_179?dib=eyJ2IjoiMSJ9.Etg-LIKF4QUdwhRoyFWhDp0jrVpKiswYUIbfcXPP0hb-Iinbg4bB0bxjVsK2EZzKaQtulX3KJ0plMzQeVwztBQ.VzF3Ue29eXusnzPgKqO1K0Xm95xaiutb0uLcYgGep8A&dib_tag=se&m=A31NFQQ4065CWX&marketplaceID=A19VAU5U5O7RUS&qid=1773377658&refinements=p_36%3A13000-13500&s=merchant-items&sr=1-179&xpid=Je23C5mlZKodo#customerReviews,[バボラ] テニスシューズ レディス ジェット テレ オールコート W 31S23651（4103）
B0BQLN87TY,,,,
B0BPX5NGLC,,133.89,https://www.amazon.sg/Flyhawk-FLYFH1312S-British-Deluxe-Plastic/dp/B0BPX5NGLC/ref=sr_1_180?dib=eyJ2IjoiMSJ9.Etg-LIKF4QUdwhRoyFWhDp0jrVpKiswYUIbfcXPP0hb-Iinbg4bB0bxjVsK2EZzKaQtulX3KJ0plMzQeVwztBQ.VzF3Ue29eXusnzPgKqO1K0Xm95xaiutb0uLcYgGep8A&dib_tag=se&m=A31NFQQ4065CWX&marketplaceID=A19VAU5U5O7RUS&qid=1773377658&refinements=p_36%3A13000-13500&s=merchant-items&sr=1-180&xpid=Je23C5mlZKodo,Flyhawk FLYFH1312S 1/700 British Navy HMS Iron Duke 1914 Deluxe Edition Plastic Model
B0BNTKSV9J,,134.32,https://www.amazon.sg/Dolce-HO-1691-Tumbler-Birthday-Celebration/dp/B0BNTKSV9J/ref=sr_1_181?dib=eyJ2IjoiMSJ9.Etg-LIKF4QUdwhRoyFWhDp0jrVpKiswYUIbfcXPP0hb-Iinbg4bB0bxjVsK2EZzKaQtulX3KJ0plMzQeVwztBQ.VzF3Ue29eXusnzPgKqO1K0Xm95xaiutb0uLcYgGep8A&dib_tag=se&m=A31NFQQ4065CWX&marketplaceID=A19VAU5U5O7RUS&qid=1773377658&refinements=p_36%3A13000-13500&s=merchant-items&sr=1-181&xpid=Je23C5mlZKodo,"Dolce Duo HO-1691 Pair Tumbler, Beer Cup, Beer Tumbler, Shochu Cup, 11.2 fl oz (330 ml), Boxed, Mino Ware Gift, Returns, Birthday, Home Celebration"
B0BNTKSV9J,,,,
B0BNKCYCR8,,137.95,https://www.amazon.sg/Pokemon-Scarlet-Violet-Expansion-Included/dp/B0BNKCYCR8/ref=sr_1_177?dib=eyJ2IjoiMSJ9.9_X_n4XmHTQJnLHeYSspWAkYTb7DJOULpXvARJ02RNUKPIZzS2H86ZDsc6YRENkMeB5UeSPHsCRcUauSXk5nWDKHlimoq096WmgyN5tRyJGH1mYzcG2ORVVz7_6yldxqzHHsQxZn2t607TeiJNuNQ3N5YC1FiXYgh35sdZoOzWE.sBwajh-4xkt5cGpeDox1nCfhAwFmQz8H2Hd0YMOAh_s&dib_tag=se&m=A31NFQQ4065CWX&marketplaceID=A19VAU5U5O7RUS&qid=1773377658&refinements=p_36%3A13000-13500&s=merchant-items&sr=1-177&xpid=Je23C5mlZKodo#customerReviews,Pokemon Card Game Scarlet & Violet Expansion Pack Violet ex Box (No Promo Card Included)
B0BNKCYCR8,,,,
B0BNJY7ZVM,,134.98,https://www.amazon.sg/BANDAI-Hobby-Braves-GaoGaiGar-Gordymarg/dp/B0BNJY7ZVM/ref=sr_1_178?dib=eyJ2IjoiMSJ9.9_X_n4XmHTQJnLHeYSspWAkYTb7DJOULpXvARJ02RNUKPIZzS2H86ZDsc6YRENkMeB5UeSPHsCRcUauSXk5nWDKHlimoq096WmgyN5tRyJGH1mYzcG2ORVVz7_6yldxqzHHsQxZn2t607TeiJNuNQ3N5YC1FiXYgh35sdZoOzWE.sBwajh-4xkt5cGpeDox1nCfhAwFmQz8H2Hd0YMOAh_s&dib_tag=se&m=A31NFQQ4065CWX&marketplaceID=A19VAU5U5O7RUS&qid=1773377658&refinements=p_36%3A13000-13500&s=merchant-items&sr=1-178&xpid=Je23C5mlZKodo#customerReviews,BANDAI Hobby - The King of Braves GaoGaiGar RG Gordymarg Model Kit
B0BNHXW8DQ,,135.36,https://www.amazon.sg/Snow-Peak-SET-123-Vacuum-Stacking/dp/B0BNHXW8DQ/ref=sr_1_179?dib=eyJ2IjoiMSJ9.9_X_n4XmHTQJnLHeYSspWAkYTb7DJOULpXvARJ02RNUKPIZzS2H86ZDsc6YRENkMeB5UeSPHsCRcUauSXk5nWDKHlimoq096WmgyN5tRyJGH1mYzcG2ORVVz7_6yldxqzHHsQxZn2t607TeiJNuNQ3N5YC1FiXYgh35sdZoOzWE.sBwajh-4xkt5cGpeDox1nCfhAwFmQz8H2Hd0YMOAh_s&dib_tag=se&m=A31NFQQ4065CWX&marketplaceID=A19VAU5U5O7RUS&qid=1773377658&refinements=p_36%3A13000-13500&s=merchant-items&sr=1-179&xpid=Je23C5mlZKodo#customerReviews,"Snow Peak SET-123 Vacuum Snow Peak Stacking Mug, 300/450 Mat Set"
B0BNHXW8DQ,,,,
B0BNBG9TLD,,133.99,https://www.amazon.sg/ASICS-COURT-SLIDE-Tennis-auburn/dp/B0BNBG9TLD/ref=sr_1_180?dib=eyJ2IjoiMSJ9.9_X_n4XmHTQJnLHeYSspWAkYTb7DJOULpXvARJ02RNUKPIZzS2H86ZDsc6YRENkMeB5UeSPHsCRcUauSXk5nWDKHlimoq096WmgyN5tRyJGH1mYzcG2ORVVz7_6yldxqzHHsQxZn2t607TeiJNuNQ3N5YC1FiXYgh35sdZoOzWE.sBwajh-4xkt5cGpeDox1nCfhAwFmQz8H2Hd0YMOAh_s&dib_tag=se&m=A31NFQQ4065CWX&marketplaceID=A19VAU5U5O7RUS&qid=1773377658&refinements=p_36%3A13000-13500&s=merchant-items&sr=1-180&xpid=Je23C5mlZKodo#customerReviews,ASICS COURT SLIDE 3 CLAY/OC Men's Tennis Shoes
B0BNBG9TLD,,,,
B0BN5QLWFS,,131.21,https://www.amazon.sg/Starship-Entertainment-IVE-SEASONS-GREETINGS/dp/B0BN5QLWFS/ref=sr_1_181?dib=eyJ2IjoiMSJ9.9_X_n4XmHTQJnLHeYSspWAkYTb7DJOULpXvARJ02RNUKPIZzS2H86ZDsc6YRENkMeB5UeSPHsCRcUauSXk5nWDKHlimoq096WmgyN5tRyJGH1mYzcG2ORVVz7_6yldxqzHHsQxZn2t607TeiJNuNQ3N5YC1FiXYgh35sdZoOzWE.sBwajh-4xkt5cGpeDox1nCfhAwFmQz8H2Hd0YMOAh_s&dib_tag=se&m=A31NFQQ4065CWX&marketplaceID=A19VAU5U5O7RUS&qid=1773377658&refinements=p_36%3A13000-13500&s=merchant-items&sr=1-181&xpid=Je23C5mlZKodo,"Starship Entertainment IVE - 2023 SEASON'S GREETINGS [READY, GET SET, IVE!] [Korean Edition]"
B0BN5QLWFS,,,,
B0BLBSFQPB,,144.9,https://www.amazon.sg/S-H-Figuarts-Krilin-Combat-Suit/dp/B0BLBSFQPB/ref=sr_1_182?dib=eyJ2IjoiMSJ9.9_X_n4XmHTQJnLHeYSspWAkYTb7DJOULpXvARJ02RNUKPIZzS2H86ZDsc6YRENkMeB5UeSPHsCRcUauSXk5nWDKHlimoq096WmgyN5tRyJGH1mYzcG2ORVVz7_6yldxqzHHsQxZn2t607TeiJNuNQ3N5YC1FiXYgh35sdZoOzWE.sBwajh-4xkt5cGpeDox1nCfhAwFmQz8H2Hd0YMOAh_s&dib_tag=se&m=A31NFQQ4065CWX&marketplaceID=A19VAU5U5O7RUS&qid=1773377658&refinements=p_36%3A13000-13500&s=merchant-items&sr=1-182&xpid=Je23C5mlZKodo#customerReviews,S.H. Figuarts Krilin Combat Suit
B0BL6BLWKH,,134.85,https://www.amazon.sg/Original-Pok%C3%A9mon-Accessory-Smartphone-Shoulder/dp/B0BL6BLWKH/ref=sr_1_183?dib=eyJ2IjoiMSJ9.9_X_n4XmHTQJnLHeYSspWAkYTb7DJOULpXvARJ02RNUKPIZzS2H86ZDsc6YRENkMeB5UeSPHsCRcUauSXk5nWDKHlimoq096WmgyN5tRyJGH1mYzcG2ORVVz7_6yldxqzHHsQxZn2t607TeiJNuNQ3N5YC1FiXYgh35sdZoOzWE.sBwajh-4xkt5cGpeDox1nCfhAwFmQz8H2Hd0YMOAh_s&dib_tag=se&m=A31NFQQ4065CWX&marketplaceID=A19VAU5U5O7RUS&qid=1773377658&refinements=p_36%3A13000-13500&s=merchant-items&sr=1-183&xpid=Je23C5mlZKodo#customerReviews,Pokemon Center Original Pokémon Accessory x 25 NICOLE Smartphone Shoulder with Wallet Function Pikachu
B0BL6BLWKH,,,,
B0BDZ5HS3S,,130.74,https://www.amazon.sg/Narumi-52439-23354-Blossom-Wedding-Included/dp/B0BDZ5HS3S/ref=sr_1_184?dib=eyJ2IjoiMSJ9.9_X_n4XmHTQJnLHeYSspWAkYTb7DJOULpXvARJ02RNUKPIZzS2H86ZDsc6YRENkMeB5UeSPHsCRcUauSXk5nWDKHlimoq096WmgyN5tRyJGH1mYzcG2ORVVz7_6yldxqzHHsQxZn2t607TeiJNuNQ3N5YC1FiXYgh35sdZoOzWE.sBwajh-4xkt5cGpeDox1nCfhAwFmQz8H2Hd0YMOAh_s&dib_tag=se&m=A31NFQQ4065CWX&marketplaceID=A19VAU5U5O7RUS&qid=1773377658&refinements=p_36%3A13000-13500&s=merchant-items&sr=1-184&xpid=Je23C5mlZKodo#customerReviews,"Narumi 52439-23354 Heavy Milan, 7.1 inches (18 cm), Blue, Plum Blossom, Chintz, Wedding Gift, Plate & Bowl, Gift Box Included"
B0BDZ5HS3S,,,,
B0BC9XX274,,134.39,https://www.amazon.sg/Club-3D-DisplayPort-4K60Hz-CSV-1598/dp/B0BC9XX274/ref=sr_1_185?dib=eyJ2IjoiMSJ9.9_X_n4XmHTQJnLHeYSspWAkYTb7DJOULpXvARJ02RNUKPIZzS2H86ZDsc6YRENkMeB5UeSPHsCRcUauSXk5nWDKHlimoq096WmgyN5tRyJGH1mYzcG2ORVVz7_6yldxqzHHsQxZn2t607TeiJNuNQ3N5YC1FiXYgh35sdZoOzWE.sBwajh-4xkt5cGpeDox1nCfhAwFmQz8H2Hd0YMOAh_s&dib_tag=se&m=A31NFQQ4065CWX&marketplaceID=A19VAU5U5O7RUS&qid=1773377658&refinements=p_36%3A13000-13500&s=merchant-items&sr=1-185&xpid=Je23C5mlZKodo#customerReviews,Club 3D USB Gen2 Type C 7-in-1 Hub to 2x DisplayPort 4K60Hz / 2x USB A / RJ45 / USB C 10Gbps / USB C PD3.0 100W (CSV-1598)
B0BC9XX274,,,,
B0BBT22YB1,,131.13,https://www.amazon.sg/SK11-DEVICE-DVC-KZ27-Hammer-Conveyor/dp/B0BBT22YB1/ref=sr_1_186?dib=eyJ2IjoiMSJ9.9_X_n4XmHTQJnLHeYSspWAkYTb7DJOULpXvARJ02RNUKPIZzS2H86ZDsc6YRENkMeB5UeSPHsCRcUauSXk5nWDKHlimoq096WmgyN5tRyJGH1mYzcG2ORVVz7_6yldxqzHHsQxZn2t607TeiJNuNQ3N5YC1FiXYgh35sdZoOzWE.sBwajh-4xkt5cGpeDox1nCfhAwFmQz8H2Hd0YMOAh_s&dib_tag=se&m=A31NFQQ4065CWX&marketplaceID=A19VAU5U5O7RUS&qid=1773377658&refinements=p_36%3A13000-13500&s=merchant-items&sr=1-186&xpid=Je23C5mlZKodo,"SK11 DEVICE DVC-KZ27 Suede Waist Nail Bag, 3 Tiers, Hammer and Conveyor Holder"
B0BBT22YB1,,,,
B0BBGBJ7KL,,132.67,https://www.amazon.sg/Nendoroid-Bungo-Stray-Atsushi-Nakajima/dp/B0BBGBJ7KL/ref=sr_1_187?dib=eyJ2IjoiMSJ9.9_X_n4XmHTQJnLHeYSspWAkYTb7DJOULpXvARJ02RNUKPIZzS2H86ZDsc6YRENkMeB5UeSPHsCRcUauSXk5nWDKHlimoq096WmgyN5tRyJGH1mYzcG2ORVVz7_6yldxqzHHsQxZn2t607TeiJNuNQ3N5YC1FiXYgh35sdZoOzWE.sBwajh-4xkt5cGpeDox1nCfhAwFmQz8H2Hd0YMOAh_s&dib_tag=se&m=A31NFQQ4065CWX&marketplaceID=A19VAU5U5O7RUS&qid=1773377658&refinements=p_36%3A13000-13500&s=merchant-items&sr=1-187&xpid=Je23C5mlZKodo#customerReviews,Nendoroid Bungo Stray Dogs DEAD APPLE Atsushi Nakajima
B0B94X6WGW,,133.02,https://www.amazon.sg/Tracer-Blaze-Sleeping-Ultralight-Regular/dp/B0B94X6WGW/ref=sr_1_193?dib=eyJ2IjoiMSJ9.Gff6LYPu3GBLN1mIsioYgaPU5VSeCE1y04MoZPuFtlJ8W1MRiSlrlIF_FsLj_FIjel6sArsct9TxAu3J6irg4Q.netoYWmerP4N_od1cQSEE92WCy1P2pW8n692T-GGGVo&dib_tag=se&m=A31NFQQ4065CWX&marketplaceID=A19VAU5U5O7RUS&qid=1773377663&refinements=p_36%3A13000-13500&s=merchant-items&sr=1-193&xpid=Je23C5mlZKodo#customerReviews,Nemo Tracer Sleeping Bag Liner
B0B94X6WGW,,,,
B0B8HRS15S,,130.92,https://www.amazon.sg/Bibabala-Paintless-Removal-Reflector-Ajustment/dp/B0B8HRS15S/ref=sr_1_194?dib=eyJ2IjoiMSJ9.Gff6LYPu3GBLN1mIsioYgaPU5VSeCE1y04MoZPuFtlJ8W1MRiSlrlIF_FsLj_FIjel6sArsct9TxAu3J6irg4Q.netoYWmerP4N_od1cQSEE92WCy1P2pW8n692T-GGGVo&dib_tag=se&m=A31NFQQ4065CWX&marketplaceID=A19VAU5U5O7RUS&qid=1773377663&refinements=p_36%3A13000-13500&s=merchant-items&sr=1-194&xpid=Je23C5mlZKodo#customerReviews,"Bibabala Paintless Dent Repair LED Line Board Double Stripe,Paintless Dent Removal Repair Tool Reflector Board with Ajustment Holder,USB Car LED Stripe Line Board Light(Black White)"
B0B8HRS15S,,,,
B0B6VGTTWH,,134.2,https://www.amazon.sg/CYCLING_EQUIPMENT-Unisex-Adult-Cover-Sis-sp41/dp/B0B6VGTTWH/ref=sr_1_195?dib=eyJ2IjoiMSJ9.Gff6LYPu3GBLN1mIsioYgaPU5VSeCE1y04MoZPuFtlJ8W1MRiSlrlIF_FsLj_FIjel6sArsct9TxAu3J6irg4Q.netoYWmerP4N_od1cQSEE92WCy1P2pW8n692T-GGGVo&dib_tag=se&m=A31NFQQ4065CWX&marketplaceID=A19VAU5U5O7RUS&qid=1773377663&refinements=p_36%3A13000-13500&s=merchant-items&sr=1-195&xpid=Je23C5mlZKodo#customerReviews,"CYCLING_EQUIPMENT Unisex Adult Roll Cover Sis Sp41 Sis-sp41 50 m Case, Black, One Size"
B0B6VGTTWH,,,,
B0B5Z1984V,,134.08,https://www.amazon.sg/Pokemon-Center-Original-Plush-Niper/dp/B0B5Z1984V/ref=sr_1_196?dib=eyJ2IjoiMSJ9.Gff6LYPu3GBLN1mIsioYgaPU5VSeCE1y04MoZPuFtlJ8W1MRiSlrlIF_FsLj_FIjel6sArsct9TxAu3J6irg4Q.netoYWmerP4N_od1cQSEE92WCy1P2pW8n692T-GGGVo&dib_tag=se&m=A31NFQQ4065CWX&marketplaceID=A19VAU5U5O7RUS&qid=1773377663&refinements=p_36%3A13000-13500&s=merchant-items&sr=1-196&xpid=Je23C5mlZKodo#customerReviews,Pokemon Center Original Plush Jade Niper
B0B3WT78ZR,,134.32,https://www.amazon.sg/Fantasy-Remake-Pre-Painted-Action-Figure/dp/B0B3WT78ZR/ref=sr_1_197?dib=eyJ2IjoiMSJ9.Gff6LYPu3GBLN1mIsioYgaPU5VSeCE1y04MoZPuFtlJ8W1MRiSlrlIF_FsLj_FIjel6sArsct9TxAu3J6irg4Q.netoYWmerP4N_od1cQSEE92WCy1P2pW8n692T-GGGVo&dib_tag=se&m=A31NFQQ4065CWX&marketplaceID=A19VAU5U5O7RUS&qid=1773377663&refinements=p_36%3A13000-13500&s=merchant-items&sr=1-197&xpid=Je23C5mlZKodo#customerReviews,Final Fantasy VII Remake Play Arts Kai Roche PVC Pre-Painted Action Figure
B0B34K8328,,133.32,https://www.amazon.sg/SHIMANO-Crankset-Tools-Multi-Colour-Size/dp/B0B34K8328/ref=sr_1_193?dib=eyJ2IjoiMSJ9.xNLcC_1xqwzMtnLtStwwsLwxDvgiwt_ShxnFuqz8pgLYaD1ghO8KusvEQhawHRpkKD1E2hF6lDiXi2UQMo7bAOijMeAXkcVHhoNi-53WPesnDc1iQFD_XPgx_TljgiPxlHTiCVOvz0uAF9514-XpnNl0wJwq0tCcfsJBbGccoIk.rEpVyhQ8QYThCAhYpiRCZEhYgBs81nZ9Rl9cZtyfhVE&dib_tag=se&m=A31NFQQ4065CWX&marketplaceID=A19VAU5U5O7RUS&qid=1773377663&refinements=p_36%3A13000-13500&s=merchant-items&sr=1-193&xpid=Je23C5mlZKodo,"SHIMANO Crankset Iz. 175 mm Tools, Multi-Colour (Multi-Colour), One Size"
B0B34K8328,,,,
B0B34K522S,,134.34,https://www.amazon.sg/SHIMANO-Unisex-Crankset-Multi-Colour-Multicoloured/dp/B0B34K522S/ref=sr_1_194?dib=eyJ2IjoiMSJ9.xNLcC_1xqwzMtnLtStwwsLwxDvgiwt_ShxnFuqz8pgLYaD1ghO8KusvEQhawHRpkKD1E2hF6lDiXi2UQMo7bAOijMeAXkcVHhoNi-53WPesnDc1iQFD_XPgx_TljgiPxlHTiCVOvz0uAF9514-XpnNl0wJwq0tCcfsJBbGccoIk.rEpVyhQ8QYThCAhYpiRCZEhYgBs81nZ9Rl9cZtyfhVE&dib_tag=se&m=A31NFQQ4065CWX&marketplaceID=A19VAU5U5O7RUS&qid=1773377663&refinements=p_36%3A13000-13500&s=merchant-items&sr=1-194&xpid=Je23C5mlZKodo,"SHIMANO Unisex Adult Crankset Iz. 165mm Tools, Multi-Colour (Multicoloured), One Size"
B0B34K522S,,,,
B0B128QXVX,,131.77,https://www.amazon.sg/Kyosho-Original-Lamborghini-Finished-Product/dp/B0B128QXVX/ref=sr_1_195?dib=eyJ2IjoiMSJ9.xNLcC_1xqwzMtnLtStwwsLwxDvgiwt_ShxnFuqz8pgLYaD1ghO8KusvEQhawHRpkKD1E2hF6lDiXi2UQMo7bAOijMeAXkcVHhoNi-53WPesnDc1iQFD_XPgx_TljgiPxlHTiCVOvz0uAF9514-XpnNl0wJwq0tCcfsJBbGccoIk.rEpVyhQ8QYThCAhYpiRCZEhYgBs81nZ9Rl9cZtyfhVE&dib_tag=se&m=A31NFQQ4065CWX&marketplaceID=A19VAU5U5O7RUS&qid=1773377663&refinements=p_36%3A13000-13500&s=merchant-items&sr=1-195&xpid=Je23C5mlZKodo#customerReviews,Kyosho Original 1/43 Lamborghini Miura SVR Red/Black Finished Product
B0B128QXVX,,,,
B09ZY75K6Z,,132.77,https://www.amazon.sg/MODEROID-Combat-Zabungle-Assembly-Plastic/dp/B09ZY75K6Z/ref=sr_1_196?dib=eyJ2IjoiMSJ9.xNLcC_1xqwzMtnLtStwwsLwxDvgiwt_ShxnFuqz8pgLYaD1ghO8KusvEQhawHRpkKD1E2hF6lDiXi2UQMo7bAOijMeAXkcVHhoNi-53WPesnDc1iQFD_XPgx_TljgiPxlHTiCVOvz0uAF9514-XpnNl0wJwq0tCcfsJBbGccoIk.rEpVyhQ8QYThCAhYpiRCZEhYgBs81nZ9Rl9cZtyfhVE&dib_tag=se&m=A31NFQQ4065CWX&marketplaceID=A19VAU5U5O7RUS&qid=1773377663&refinements=p_36%3A13000-13500&s=merchant-items&sr=1-196&xpid=Je23C5mlZKodo#customerReviews,MODEROID Combat Mecha Zabungle Zabungle 1/100 Scale Assembly Plastic Model
B09Z1QK429,,134.37,https://www.amazon.sg/Karenai-Reina-Pre-painted-Complete-Figure/dp/B09Z1QK429/ref=sr_1_197?dib=eyJ2IjoiMSJ9.xNLcC_1xqwzMtnLtStwwsLwxDvgiwt_ShxnFuqz8pgLYaD1ghO8KusvEQhawHRpkKD1E2hF6lDiXi2UQMo7bAOijMeAXkcVHhoNi-53WPesnDc1iQFD_XPgx_TljgiPxlHTiCVOvz0uAF9514-XpnNl0wJwq0tCcfsJBbGccoIk.rEpVyhQ8QYThCAhYpiRCZEhYgBs81nZ9Rl9cZtyfhVE&dib_tag=se&m=A31NFQQ4065CWX&marketplaceID=A19VAU5U5O7RUS&qid=1773377663&refinements=p_36%3A13000-13500&s=merchant-items&sr=1-197&xpid=Je23C5mlZKodo,Fuyu Awa Ren Ha Karenai Reina Aami 1/7 Scale PVC Pre-painted Complete Figure
B09X6ZXW7W,,131.17,https://www.amazon.sg/Moderoid-Planning-Zeolimer-Non-scale-Secondary/dp/B09X6ZXW7W/ref=sr_1_198?dib=eyJ2IjoiMSJ9.xNLcC_1xqwzMtnLtStwwsLwxDvgiwt_ShxnFuqz8pgLYaD1ghO8KusvEQhawHRpkKD1E2hF6lDiXi2UQMo7bAOijMeAXkcVHhoNi-53WPesnDc1iQFD_XPgx_TljgiPxlHTiCVOvz0uAF9514-XpnNl0wJwq0tCcfsJBbGccoIk.rEpVyhQ8QYThCAhYpiRCZEhYgBs81nZ9Rl9cZtyfhVE&dib_tag=se&m=A31NFQQ4065CWX&marketplaceID=A19VAU5U5O7RUS&qid=1773377663&refinements=p_36%3A13000-13500&s=merchant-items&sr=1-198&xpid=Je23C5mlZKodo#customerReviews,"Moderoid Meo Planning Zeolimer, Great Zeolimer, Non-scale, PS & ABS, Assembly Type Plastic Model, Secondary Resale"
B09X6ZXW7W,,,,
B09X2KRP1Z,,132.3,https://www.amazon.sg/MRG-Stepping-Training-Equipment-Exercise/dp/B09X2KRP1Z/ref=sr_1_199?dib=eyJ2IjoiMSJ9.xNLcC_1xqwzMtnLtStwwsLwxDvgiwt_ShxnFuqz8pgLYaD1ghO8KusvEQhawHRpkKD1E2hF6lDiXi2UQMo7bAOijMeAXkcVHhoNi-53WPesnDc1iQFD_XPgx_TljgiPxlHTiCVOvz0uAF9514-XpnNl0wJwq0tCcfsJBbGccoIk.rEpVyhQ8QYThCAhYpiRCZEhYgBs81nZ9Rl9cZtyfhVE&dib_tag=se&m=A31NFQQ4065CWX&marketplaceID=A19VAU5U5O7RUS&qid=1773377663&refinements=p_36%3A13000-13500&s=merchant-items&sr=1-199&xpid=Je23C5mlZKodo#customerReviews,MRG 2023 Air Stepper Foot Stepper Foot Stepping Stool Exercise Core Core Core Training Silent Health Equipment Cardio Exercise Indoor Diet Equipment 2023 Small Exercise Equipment Home Training Lack of
B09X2KRP1Z,,,,
B09RV3ZBW3,,131.67,https://www.amazon.sg/MAHALO-MKA17KA-Kalimba-Thumb-Material/dp/B09RV3ZBW3/ref=sr_1_200?dib=eyJ2IjoiMSJ9.xNLcC_1xqwzMtnLtStwwsLwxDvgiwt_ShxnFuqz8pgLYaD1ghO8KusvEQhawHRpkKD1E2hF6lDiXi2UQMo7bAOijMeAXkcVHhoNi-53WPesnDc1iQFD_XPgx_TljgiPxlHTiCVOvz0uAF9514-XpnNl0wJwq0tCcfsJBbGccoIk.rEpVyhQ8QYThCAhYpiRCZEhYgBs81nZ9Rl9cZtyfhVE&dib_tag=se&m=A31NFQQ4065CWX&marketplaceID=A19VAU5U5O7RUS&qid=1773377663&refinements=p_36%3A13000-13500&s=merchant-items&sr=1-200&xpid=Je23C5mlZKodo#customerReviews,"MAHALO MKA17KA Kalimba Thumb Piano, 17 Keys, Core Material Print, Tuned"
B09RV3ZBW3,,,,
B09R938HPG,,133.34,https://www.amazon.sg/Senko-48521-Delivery-Service-Seaside/dp/B09R938HPG/ref=sr_1_201?dib=eyJ2IjoiMSJ9.xNLcC_1xqwzMtnLtStwwsLwxDvgiwt_ShxnFuqz8pgLYaD1ghO8KusvEQhawHRpkKD1E2hF6lDiXi2UQMo7bAOijMeAXkcVHhoNi-53WPesnDc1iQFD_XPgx_TljgiPxlHTiCVOvz0uAF9514-XpnNl0wJwq0tCcfsJBbGccoIk.rEpVyhQ8QYThCAhYpiRCZEhYgBs81nZ9Rl9cZtyfhVE&dib_tag=se&m=A31NFQQ4065CWX&marketplaceID=A19VAU5U5O7RUS&qid=1773377663&refinements=p_36%3A13000-13500&s=merchant-items&sr=1-201&xpid=Je23C5mlZKodo#customerReviews,"Senko 48521 Kiki's Delivery Service Gigi to the Seaside Fluffy Boa Mat, Approx. 19.7 x 47.2 inches (50 x 120 cm), Pink"
B09R938HPG,,,,
B09R43RJF1,,132.88,https://www.amazon.sg/Daiwa-56UL-4-Mobile-Lure-Black/dp/B09R43RJF1/ref=sr_1_202?dib=eyJ2IjoiMSJ9.xNLcC_1xqwzMtnLtStwwsLwxDvgiwt_ShxnFuqz8pgLYaD1ghO8KusvEQhawHRpkKD1E2hF6lDiXi2UQMo7bAOijMeAXkcVHhoNi-53WPesnDc1iQFD_XPgx_TljgiPxlHTiCVOvz0uAF9514-XpnNl0wJwq0tCcfsJBbGccoIk.rEpVyhQ8QYThCAhYpiRCZEhYgBs81nZ9Rl9cZtyfhVE&dib_tag=se&m=A31NFQQ4065CWX&marketplaceID=A19VAU5U5O7RUS&qid=1773377663&refinements=p_36%3A13000-13500&s=merchant-items&sr=1-202&xpid=Je23C5mlZKodo#customerReviews,DAIWA LURENIST Mobile (2022 Model) Rockfish/Horse Mackerel/Bass/Trout/Egging/Sea Bass/Shore Jigging Rod
B09R43RJF1,,,,
B09QQ7QVZM,,133.02,https://www.amazon.sg/Barebones-Forest-Lantern-Rechargeable-Adjustable/dp/B09QQ7QVZM/ref=sr_1_203?dib=eyJ2IjoiMSJ9.xNLcC_1xqwzMtnLtStwwsLwxDvgiwt_ShxnFuqz8pgLYaD1ghO8KusvEQhawHRpkKD1E2hF6lDiXi2UQMo7bAOijMeAXkcVHhoNi-53WPesnDc1iQFD_XPgx_TljgiPxlHTiCVOvz0uAF9514-XpnNl0wJwq0tCcfsJBbGccoIk.rEpVyhQ8QYThCAhYpiRCZEhYgBs81nZ9Rl9cZtyfhVE&dib_tag=se&m=A31NFQQ4065CWX&marketplaceID=A19VAU5U5O7RUS&qid=1773377663&refinements=p_36%3A13000-13500&s=merchant-items&sr=1-203&xpid=Je23C5mlZKodo#customerReviews,"Barebones Forest Lantern – Teal, Vintage Rechargeable LED Lantern with Adjustable Brightness – Battery Operated Camping Light for Outdoor Adventures, Backyard Gatherings, and Emergency Use"
B09QQ7QVZM,,,,
B09R938HPG,,133.34,https://www.amazon.sg/Senko-48521-Delivery-Service-Seaside/dp/B09R938HPG/ref=sr_1_209?dib=eyJ2IjoiMSJ9.zU_rIT34NYRPJwE2h_bx9bHt2E_08fzU1TZMjEXbpwuAgqEu9rK7-PtKP2r4KhFB8njpNNysm_K7pTuyJ6TbaQ.66tDJCpgMZJtW67-q3ERMhFsMWW0PpBrZIckFn69gGU&dib_tag=se&m=A31NFQQ4065CWX&marketplaceID=A19VAU5U5O7RUS&qid=1773377668&refinements=p_36%3A13000-13500&s=merchant-items&sr=1-209&xpid=Je23C5mlZKodo#customerReviews,"Senko 48521 Kiki's Delivery Service Gigi to the Seaside Fluffy Boa Mat, Approx. 19.7 x 47.2 inches (50 x 120 cm), Pink"
B09R938HPG,,,,
B09R43RJF1,,132.88,https://www.amazon.sg/Daiwa-56UL-4-Mobile-Lure-Black/dp/B09R43RJF1/ref=sr_1_210?dib=eyJ2IjoiMSJ9.zU_rIT34NYRPJwE2h_bx9bHt2E_08fzU1TZMjEXbpwuAgqEu9rK7-PtKP2r4KhFB8njpNNysm_K7pTuyJ6TbaQ.66tDJCpgMZJtW67-q3ERMhFsMWW0PpBrZIckFn69gGU&dib_tag=se&m=A31NFQQ4065CWX&marketplaceID=A19VAU5U5O7RUS&qid=1773377668&refinements=p_36%3A13000-13500&s=merchant-items&sr=1-210&xpid=Je23C5mlZKodo#customerReviews,DAIWA LURENIST Mobile (2022 Model) Rockfish/Horse Mackerel/Bass/Trout/Egging/Sea Bass/Shore Jigging Rod
B09R43RJF1,,,,
B09QQ7QVZM,,133.02,https://www.amazon.sg/Barebones-Forest-Lantern-Rechargeable-Adjustable/dp/B09QQ7QVZM/ref=sr_1_211?dib=eyJ2IjoiMSJ9.zU_rIT34NYRPJwE2h_bx9bHt2E_08fzU1TZMjEXbpwuAgqEu9rK7-PtKP2r4KhFB8njpNNysm_K7pTuyJ6TbaQ.66tDJCpgMZJtW67-q3ERMhFsMWW0PpBrZIckFn69gGU&dib_tag=se&m=A31NFQQ4065CWX&marketplaceID=A19VAU5U5O7RUS&qid=1773377668&refinements=p_36%3A13000-13500&s=merchant-items&sr=1-211&xpid=Je23C5mlZKodo#customerReviews,"Barebones Forest Lantern – Teal, Vintage Rechargeable LED Lantern with Adjustable Brightness – Battery Operated Camping Light for Outdoor Adventures, Backyard Gatherings, and Emergency Use"
B09QQ7QVZM,,,,
B09QM2VWFY,,136.36,https://www.amazon.sg/Fieludens-Dish-NM82208-Filden-ONESIZE/dp/B09QM2VWFY/ref=sr_1_212?dib=eyJ2IjoiMSJ9.zU_rIT34NYRPJwE2h_bx9bHt2E_08fzU1TZMjEXbpwuAgqEu9rK7-PtKP2r4KhFB8njpNNysm_K7pTuyJ6TbaQ.66tDJCpgMZJtW67-q3ERMhFsMWW0PpBrZIckFn69gGU&dib_tag=se&m=A31NFQQ4065CWX&marketplaceID=A19VAU5U5O7RUS&qid=1773377668&refinements=p_36%3A13000-13500&s=merchant-items&sr=1-212&xpid=Je23C5mlZKodo#customerReviews,Fieludens Dish Case フィルデンスディッシュケース NM82208 ONESIZE
B09QM2VWFY,,,,
B09NMK5F34,,131.67,https://www.amazon.sg/VRTX-Resistance-Band-Fitness-Light/dp/B09NMK5F34/ref=sr_1_213?dib=eyJ2IjoiMSJ9.zU_rIT34NYRPJwE2h_bx9bHt2E_08fzU1TZMjEXbpwuAgqEu9rK7-PtKP2r4KhFB8njpNNysm_K7pTuyJ6TbaQ.66tDJCpgMZJtW67-q3ERMhFsMWW0PpBrZIckFn69gGU&dib_tag=se&m=A31NFQQ4065CWX&marketplaceID=A19VAU5U5O7RUS&qid=1773377668&refinements=p_36%3A13000-13500&s=merchant-items&sr=1-213&xpid=Je23C5mlZKodo#customerReviews,VRTX Resistance Band Fitness Band (Light #2)
B09NMK5F34,,,,
B09NL725VL,,133.42,https://www.amazon.sg/P-Golf-Head-Cover-Black-Piece/dp/B09NL725VL/ref=sr_1_209?dib=eyJ2IjoiMSJ9.lUv0552WUHbMJhWV1MSYOXc7IbgrHu4r8V0Rz7FWWA64M-aoU-IpMDkriGVFt4Uj3BVpX4Fi6sGPzneL4-hwZtT0zR_T8senBFlsJ1OKbV2v7w_qlBtZbba2a2nezyXkIe5w-rMGrjGhy5uMbK7s9EazZlIQt367MGOkTg5Dut0.jMY36tnsmneG--7cfg5HyKdccASiEyQW5SiHPGifGls&dib_tag=se&m=A31NFQQ4065CWX&marketplaceID=A19VAU5U5O7RUS&qid=1773377668&refinements=p_36%3A13000-13500&s=merchant-items&sr=1-209&xpid=Je23C5mlZKodo,P.Golf Head Cover Black Cat [Single Item]
B09NL725VL,,,,
B09MVQ776B,,133.09,https://www.amazon.sg/BSR8875-Rafiette-Baseball-Training-Shoes/dp/B09MVQ776B/ref=sr_1_210?dib=eyJ2IjoiMSJ9.lUv0552WUHbMJhWV1MSYOXc7IbgrHu4r8V0Rz7FWWA64M-aoU-IpMDkriGVFt4Uj3BVpX4Fi6sGPzneL4-hwZtT0zR_T8senBFlsJ1OKbV2v7w_qlBtZbba2a2nezyXkIe5w-rMGrjGhy5uMbK7s9EazZlIQt367MGOkTg5Dut0.jMY36tnsmneG--7cfg5HyKdccASiEyQW5SiHPGifGls&dib_tag=se&m=A31NFQQ4065CWX&marketplaceID=A19VAU5U5O7RUS&qid=1773377668&refinements=p_36%3A13000-13500&s=merchant-items&sr=1-210&xpid=Je23C5mlZKodo,ZETT BSR8875 Rafiette SP Baseball Training Shoes
B09MVQ776B,,,,
B09KBY7S1M,,136.28,https://www.amazon.sg/97129-21974-Stylish-Patterns-Wedding-Included/dp/B09KBY7S1M/ref=sr_1_211?dib=eyJ2IjoiMSJ9.lUv0552WUHbMJhWV1MSYOXc7IbgrHu4r8V0Rz7FWWA64M-aoU-IpMDkriGVFt4Uj3BVpX4Fi6sGPzneL4-hwZtT0zR_T8senBFlsJ1OKbV2v7w_qlBtZbba2a2nezyXkIe5w-rMGrjGhy5uMbK7s9EazZlIQt367MGOkTg5Dut0.jMY36tnsmneG--7cfg5HyKdccASiEyQW5SiHPGifGls&dib_tag=se&m=A31NFQQ4065CWX&marketplaceID=A19VAU5U5O7RUS&qid=1773377668&refinements=p_36%3A13000-13500&s=merchant-items&sr=1-211&xpid=Je23C5mlZKodo#customerReviews,"Jill Stuart 97129-21974 Pair Mug, 10.1 fl oz (300 cc), Stylish, Cute, Set of 2 Patterns, Pink, Blue, Wedding Gift, Gift Box Included"
B09KBY7S1M,,,,
B09KBVJS66,,145.08,https://www.amazon.sg/LOGOS-Colorful-73311000-Yellow-Approx/dp/B09KBVJS66/ref=sr_1_212?dib=eyJ2IjoiMSJ9.lUv0552WUHbMJhWV1MSYOXc7IbgrHu4r8V0Rz7FWWA64M-aoU-IpMDkriGVFt4Uj3BVpX4Fi6sGPzneL4-hwZtT0zR_T8senBFlsJ1OKbV2v7w_qlBtZbba2a2nezyXkIe5w-rMGrjGhy5uMbK7s9EazZlIQt367MGOkTg5Dut0.jMY36tnsmneG--7cfg5HyKdccASiEyQW5SiHPGifGls&dib_tag=se&m=A31NFQQ4065CWX&marketplaceID=A19VAU5U5O7RUS&qid=1773377668&refinements=p_36%3A13000-13500&s=merchant-items&sr=1-212&xpid=Je23C5mlZKodo#customerReviews,"LOGOS Life Agura Chair (Colorful Logos) 73311000 Yellow, Approx. Width 22.2 x Depth 26.8 x Height 26.6 inches (56.5 x 68 x 67.5 cm), Seat Height 9.1 inches (23 cm)"
B09KBVJS66,,,,
B09K7FV6SB,,132.32,https://www.amazon.sg/Promare-Non-Scale-Plastic-Pre-painted-Action/dp/B09K7FV6SB/ref=sr_1_213?dib=eyJ2IjoiMSJ9.lUv0552WUHbMJhWV1MSYOXc7IbgrHu4r8V0Rz7FWWA64M-aoU-IpMDkriGVFt4Uj3BVpX4Fi6sGPzneL4-hwZtT0zR_T8senBFlsJ1OKbV2v7w_qlBtZbba2a2nezyXkIe5w-rMGrjGhy5uMbK7s9EazZlIQt367MGOkTg5Dut0.jMY36tnsmneG--7cfg5HyKdccASiEyQW5SiHPGifGls&dib_tag=se&m=A31NFQQ4065CWX&marketplaceID=A19VAU5U5O7RUS&qid=1773377668&refinements=p_36%3A13000-13500&s=merchant-items&sr=1-213&xpid=Je23C5mlZKodo#customerReviews,figma Promare Rio 4tier Non-Scale Plastic Pre-painted Action Figure
B09JSJ2917,,131.02,https://www.amazon.sg/RITCHEY-COMP-VENTUREMAX-Black-Handlebar/dp/B09JSJ2917/ref=sr_1_214?dib=eyJ2IjoiMSJ9.lUv0552WUHbMJhWV1MSYOXc7IbgrHu4r8V0Rz7FWWA64M-aoU-IpMDkriGVFt4Uj3BVpX4Fi6sGPzneL4-hwZtT0zR_T8senBFlsJ1OKbV2v7w_qlBtZbba2a2nezyXkIe5w-rMGrjGhy5uMbK7s9EazZlIQt367MGOkTg5Dut0.jMY36tnsmneG--7cfg5HyKdccASiEyQW5SiHPGifGls&dib_tag=se&m=A31NFQQ4065CWX&marketplaceID=A19VAU5U5O7RUS&qid=1773377668&refinements=p_36%3A13000-13500&s=merchant-items&sr=1-214&xpid=Je23C5mlZKodo#customerReviews,RITCHEY COMP Bar VENTUREMAX II 420 31.8 Black Drop Handlebar
B09JSJ2917,,,,
B09HKHC7CM,,133.49,https://www.amazon.sg/Shimano-Unisex-Adult-Ultegra-Racing/dp/B09HKHC7CM/ref=sr_1_215?dib=eyJ2IjoiMSJ9.lUv0552WUHbMJhWV1MSYOXc7IbgrHu4r8V0Rz7FWWA64M-aoU-IpMDkriGVFt4Uj3BVpX4Fi6sGPzneL4-hwZtT0zR_T8senBFlsJ1OKbV2v7w_qlBtZbba2a2nezyXkIe5w-rMGrjGhy5uMbK7s9EazZlIQt367MGOkTg5Dut0.jMY36tnsmneG--7cfg5HyKdccASiEyQW5SiHPGifGls&dib_tag=se&m=A31NFQQ4065CWX&marketplaceID=A19VAU5U5O7RUS&qid=1773377668&refinements=p_36%3A13000-13500&s=merchant-items&sr=1-215&xpid=Je23C5mlZKodo,"Shimano Unisex - Adult Ultegra Racing Brake, Black, 51mm"
B09HKHC7CM,,,,
B09HDSFS3P,,133.37,https://www.amazon.sg/CORSAIR-Maglev-AirGuide-Lighting-CO-9050115-WW/dp/B09HDSFS3P/ref=sr_1_216?dib=eyJ2IjoiMSJ9.lUv0552WUHbMJhWV1MSYOXc7IbgrHu4r8V0Rz7FWWA64M-aoU-IpMDkriGVFt4Uj3BVpX4Fi6sGPzneL4-hwZtT0zR_T8senBFlsJ1OKbV2v7w_qlBtZbba2a2nezyXkIe5w-rMGrjGhy5uMbK7s9EazZlIQt367MGOkTg5Dut0.jMY36tnsmneG--7cfg5HyKdccASiEyQW5SiHPGifGls&dib_tag=se&m=A31NFQQ4065CWX&marketplaceID=A19VAU5U5O7RUS&qid=1773377668&refinements=p_36%3A13000-13500&s=merchant-items&sr=1-216&xpid=Je23C5mlZKodo#customerReviews,"CORSAIR ML140 RGB ELITE, 140mm Maglev RGB Fan with AirGuide, 2-Pack with Lighting Node CORE CO-9050115-WW"
B09HDSFS3P,,,,
B09GB13ZLD,,133.25,https://www.amazon.sg/Bandai-Spirits-Figuarts-Piece-Rolonoa/dp/B09GB13ZLD/ref=sr_1_217?dib=eyJ2IjoiMSJ9.lUv0552WUHbMJhWV1MSYOXc7IbgrHu4r8V0Rz7FWWA64M-aoU-IpMDkriGVFt4Uj3BVpX4Fi6sGPzneL4-hwZtT0zR_T8senBFlsJ1OKbV2v7w_qlBtZbba2a2nezyXkIe5w-rMGrjGhy5uMbK7s9EazZlIQt367MGOkTg5Dut0.jMY36tnsmneG--7cfg5HyKdccASiEyQW5SiHPGifGls&dib_tag=se&m=A31NFQQ4065CWX&marketplaceID=A19VAU5U5O7RUS&qid=1773377668&refinements=p_36%3A13000-13500&s=merchant-items&sr=1-217&xpid=Je23C5mlZKodo#customerReviews,"Bandai Spirits Figuarts Zero One Piece Rolonoa Zorro - WT100 Commemorative Drawn by Eiichiro Oda, Large Pirate Hyakusei - 6.7 inches (170 mm), ABS & PVC Pre-painted Complete Figure 201925 (BAS63001)"
B09FSTMHFY,,138.16,https://www.amazon.sg/Takara-Beyblade-B-191-Overdrive-Starter/dp/B09FSTMHFY/ref=sr_1_218?dib=eyJ2IjoiMSJ9.lUv0552WUHbMJhWV1MSYOXc7IbgrHu4r8V0Rz7FWWA64M-aoU-IpMDkriGVFt4Uj3BVpX4Fi6sGPzneL4-hwZtT0zR_T8senBFlsJ1OKbV2v7w_qlBtZbba2a2nezyXkIe5w-rMGrjGhy5uMbK7s9EazZlIQt367MGOkTg5Dut0.jMY36tnsmneG--7cfg5HyKdccASiEyQW5SiHPGifGls&dib_tag=se&m=A31NFQQ4065CWX&marketplaceID=A19VAU5U5O7RUS&qid=1773377668&refinements=p_36%3A13000-13500&s=merchant-items&sr=1-218&xpid=Je23C5mlZKodo#customerReviews,Takara Tomy Beyblade Burst B-191 Overdrive SP Starter Set
B09FSTMHFY,,,,
B09FJWDT2Y,,134.68,https://www.amazon.sg/10-1710-Gauge-Tokai-Color-Railway/dp/B09FJWDT2Y/ref=sr_1_219?dib=eyJ2IjoiMSJ9.lUv0552WUHbMJhWV1MSYOXc7IbgrHu4r8V0Rz7FWWA64M-aoU-IpMDkriGVFt4Uj3BVpX4Fi6sGPzneL4-hwZtT0zR_T8senBFlsJ1OKbV2v7w_qlBtZbba2a2nezyXkIe5w-rMGrjGhy5uMbK7s9EazZlIQt367MGOkTg5Dut0.jMY36tnsmneG--7cfg5HyKdccASiEyQW5SiHPGifGls&dib_tag=se&m=A31NFQQ4065CWX&marketplaceID=A19VAU5U5O7RUS&qid=1773377668&refinements=p_36%3A13000-13500&s=merchant-items&sr=1-219&xpid=Je23C5mlZKodo#customerReviews,"KATO 10-1710 N Gauge 117 Series, JR Tokai Color, Set of 4, Railway Model, Train, White"
B09FJWDT2Y,,,,
B09FJWDT2Y,,134.68,https://www.amazon.sg/10-1710-Gauge-Tokai-Color-Railway/dp/B09FJWDT2Y/ref=sr_1_225?dib=eyJ2IjoiMSJ9.fjI2Onn9wrPkCw_yAod0pHWFqh02AqjGeSqb_Dbday-eSFsxbUtbSrIngMTzWCJv4QYfKTV1KK4LaMxbkWDI3w.eMxq73x-yKjhvvx2m3RG-9IscIvoqXCk4ycw17OaeBs&dib_tag=se&m=A31NFQQ4065CWX&marketplaceID=A19VAU5U5O7RUS&qid=1773377673&refinements=p_36%3A13000-13500&s=merchant-items&sr=1-225&xpid=Je23C5mlZKodo#customerReviews,"KATO 10-1710 N Gauge 117 Series, JR Tokai Color, Set of 4, Railway Model, Train, White"
B09FJWDT2Y,,,,
B09DTLJVQV,,132.53,https://www.amazon.sg/Ichiban-Dragon-Saiyan-Omnibus-Ichibansho/dp/B09DTLJVQV/ref=sr_1_226?dib=eyJ2IjoiMSJ9.fjI2Onn9wrPkCw_yAod0pHWFqh02AqjGeSqb_Dbday-eSFsxbUtbSrIngMTzWCJv4QYfKTV1KK4LaMxbkWDI3w.eMxq73x-yKjhvvx2m3RG-9IscIvoqXCk4ycw17OaeBs&dib_tag=se&m=A31NFQQ4065CWX&marketplaceID=A19VAU5U5O7RUS&qid=1773377673&refinements=p_36%3A13000-13500&s=merchant-items&sr=1-226&xpid=Je23C5mlZKodo#customerReviews,"Ichiban - Dragon Ball GT - Super Saiyan 4 Gogeta (Vs Omnibus Super), Bandai Ichibansho Figure"
B09DTC1BQT,,131.43,https://www.amazon.sg/DEDA-TOP-COVER-VINCI-Compatible/dp/B09DTC1BQT/ref=sr_1_227?dib=eyJ2IjoiMSJ9.fjI2Onn9wrPkCw_yAod0pHWFqh02AqjGeSqb_Dbday-eSFsxbUtbSrIngMTzWCJv4QYfKTV1KK4LaMxbkWDI3w.eMxq73x-yKjhvvx2m3RG-9IscIvoqXCk4ycw17OaeBs&dib_tag=se&m=A31NFQQ4065CWX&marketplaceID=A19VAU5U5O7RUS&qid=1773377673&refinements=p_36%3A13000-13500&s=merchant-items&sr=1-227&xpid=Je23C5mlZKodo,"DEDA TOP COVER AD. VINCI Compatible with: COLNAGO (C64, CONCEPT, V3RS)"
B09DTC1BQT,,,,
B09DT8JVBL,,131.43,https://www.amazon.sg/DEDA-TOP-COVER-ALANERA-Compatible/dp/B09DT8JVBL/ref=sr_1_228?dib=eyJ2IjoiMSJ9.fjI2Onn9wrPkCw_yAod0pHWFqh02AqjGeSqb_Dbday-eSFsxbUtbSrIngMTzWCJv4QYfKTV1KK4LaMxbkWDI3w.eMxq73x-yKjhvvx2m3RG-9IscIvoqXCk4ycw17OaeBs&dib_tag=se&m=A31NFQQ4065CWX&marketplaceID=A19VAU5U5O7RUS&qid=1773377673&refinements=p_36%3A13000-13500&s=merchant-items&sr=1-228&xpid=Je23C5mlZKodo,DEDA TOP COVER AD. ALANERA Compatible
B09DT8JVBL,,,,
B09CYP6J57,,137.86,https://www.amazon.sg/Polynian-Mortroid-Non-Scale-Pre-Painted-Complete/dp/B09CYP6J57/ref=sr_1_229?dib=eyJ2IjoiMSJ9.fjI2Onn9wrPkCw_yAod0pHWFqh02AqjGeSqb_Dbday-eSFsxbUtbSrIngMTzWCJv4QYfKTV1KK4LaMxbkWDI3w.eMxq73x-yKjhvvx2m3RG-9IscIvoqXCk4ycw17OaeBs&dib_tag=se&m=A31NFQQ4065CWX&marketplaceID=A19VAU5U5O7RUS&qid=1773377673&refinements=p_36%3A13000-13500&s=merchant-items&sr=1-229&xpid=Je23C5mlZKodo,Polynian Realy/Mortroid Arty Non-Scale PVC & ABS Pre-Painted Complete Figure
B09CTBVJ35,,132.15,https://www.amazon.sg/Rubber-Hood-Campagnolo-EC-EK600-EKAR/dp/B09CTBVJ35/ref=sr_1_225?dib=eyJ2IjoiMSJ9.-mSBml-Z1lrRZ2n8plw7NPMMT-RO_Sx_Rq8GxG14SGotavYy-VOg8XelpV2EY80CxVB5l2lPBs8DN5F-K4RPGXuvrSVGkH2nvL53OX9tVYHAEeQOhCxasN4QDNnFXrpDTI6LPENURfn8yPCToh6w2nbONYMYuDaBGrmGxL94kaY.to3cM4TBCMl74wxhRWel_3g_hUcpUWQcwkrYvoqvb9E&dib_tag=se&m=A31NFQQ4065CWX&marketplaceID=A19VAU5U5O7RUS&qid=1773377673&refinements=p_36%3A13000-13500&s=merchant-items&sr=1-225&xpid=Je23C5mlZKodo,Rubber Hood for Campagnolo EC-EK600 EKAR 13s
B09CTBVJ35,,,,
B09882L2KX,,134.37,https://www.amazon.sg/Bandai-Spirits-Ichibansho-Figure-Midoriya/dp/B09882L2KX/ref=sr_1_226?dib=eyJ2IjoiMSJ9.-mSBml-Z1lrRZ2n8plw7NPMMT-RO_Sx_Rq8GxG14SGotavYy-VOg8XelpV2EY80CxVB5l2lPBs8DN5F-K4RPGXuvrSVGkH2nvL53OX9tVYHAEeQOhCxasN4QDNnFXrpDTI6LPENURfn8yPCToh6w2nbONYMYuDaBGrmGxL94kaY.to3cM4TBCMl74wxhRWel_3g_hUcpUWQcwkrYvoqvb9E&dib_tag=se&m=A31NFQQ4065CWX&marketplaceID=A19VAU5U5O7RUS&qid=1773377673&refinements=p_36%3A13000-13500&s=merchant-items&sr=1-226&xpid=Je23C5mlZKodo#customerReviews,Bandai Spirits Ichibansho Figure - Izuku Midoriya
B097MTQYHL,,138.46,https://www.amazon.sg/Max-Factory-Hololive-Production-Multicolor/dp/B097MTQYHL/ref=sr_1_227?dib=eyJ2IjoiMSJ9.-mSBml-Z1lrRZ2n8plw7NPMMT-RO_Sx_Rq8GxG14SGotavYy-VOg8XelpV2EY80CxVB5l2lPBs8DN5F-K4RPGXuvrSVGkH2nvL53OX9tVYHAEeQOhCxasN4QDNnFXrpDTI6LPENURfn8yPCToh6w2nbONYMYuDaBGrmGxL94kaY.to3cM4TBCMl74wxhRWel_3g_hUcpUWQcwkrYvoqvb9E&dib_tag=se&m=A31NFQQ4065CWX&marketplaceID=A19VAU5U5O7RUS&qid=1773377673&refinements=p_36%3A13000-13500&s=merchant-items&sr=1-227&xpid=Je23C5mlZKodo#customerReviews,"Max Factory Hololive Production: Usada Pekora Figma Action Figure, Multicolor"
B0978DTSTF,,133.02,https://www.amazon.sg/Hexa-Gear-Bolrex-Total-Length/dp/B0978DTSTF/ref=sr_1_228?dib=eyJ2IjoiMSJ9.-mSBml-Z1lrRZ2n8plw7NPMMT-RO_Sx_Rq8GxG14SGotavYy-VOg8XelpV2EY80CxVB5l2lPBs8DN5F-K4RPGXuvrSVGkH2nvL53OX9tVYHAEeQOhCxasN4QDNnFXrpDTI6LPENURfn8yPCToh6w2nbONYMYuDaBGrmGxL94kaY.to3cM4TBCMl74wxhRWel_3g_hUcpUWQcwkrYvoqvb9E&dib_tag=se&m=A31NFQQ4065CWX&marketplaceID=A19VAU5U5O7RUS&qid=1773377673&refinements=p_36%3A13000-13500&s=merchant-items&sr=1-228&xpid=Je23C5mlZKodo#customerReviews,"Hexa Gear Bolrex Lars, Total Length: Approx. 6.5 inches (165 mm), 1/24 Scale Plastic Model"
B0977K7RBR,,131.3,https://www.amazon.sg/PREMIER-UNIVERSE-MK366-Costume-Assembly/dp/B0977K7RBR/ref=sr_1_229?dib=eyJ2IjoiMSJ9.-mSBml-Z1lrRZ2n8plw7NPMMT-RO_Sx_Rq8GxG14SGotavYy-VOg8XelpV2EY80CxVB5l2lPBs8DN5F-K4RPGXuvrSVGkH2nvL53OX9tVYHAEeQOhCxasN4QDNnFXrpDTI6LPENURfn8yPCToh6w2nbONYMYuDaBGrmGxL94kaY.to3cM4TBCMl74wxhRWel_3g_hUcpUWQcwkrYvoqvb9E&dib_tag=se&m=A31NFQQ4065CWX&marketplaceID=A19VAU5U5O7RUS&qid=1773377673&refinements=p_36%3A13000-13500&s=merchant-items&sr=1-229&xpid=Je23C5mlZKodo#customerReviews,"ARTFX PREMIER MARVEL UNIVERSE MK366 Black Widow White Costume Edition, 1/10 Scale, PVC, Painted, Simple Assembly Figure"
B096F63XVG,,131.67,https://www.amazon.sg/Foldable-Lightweight-Washable-Exercise-Cushionable/dp/B096F63XVG/ref=sr_1_230?dib=eyJ2IjoiMSJ9.-mSBml-Z1lrRZ2n8plw7NPMMT-RO_Sx_Rq8GxG14SGotavYy-VOg8XelpV2EY80CxVB5l2lPBs8DN5F-K4RPGXuvrSVGkH2nvL53OX9tVYHAEeQOhCxasN4QDNnFXrpDTI6LPENURfn8yPCToh6w2nbONYMYuDaBGrmGxL94kaY.to3cM4TBCMl74wxhRWel_3g_hUcpUWQcwkrYvoqvb9E&dib_tag=se&m=A31NFQQ4065CWX&marketplaceID=A19VAU5U5O7RUS&qid=1773377673&refinements=p_36%3A13000-13500&s=merchant-items&sr=1-230&xpid=Je23C5mlZKodo#customerReviews,"(uFit) Yoga Mat, Foldable, Popular, Lightweight, 0.2 inches (4 mm), Washable, Exercise Mat, Portable, Cushionable (Black)"
B096F63XVG,,,,
B094K1RS8Z,,132.45,https://www.amazon.sg/Pruninzu-PuniMint-Japanese-Division-Excellence/dp/B094K1RS8Z/ref=sr_1_231?dib=eyJ2IjoiMSJ9.-mSBml-Z1lrRZ2n8plw7NPMMT-RO_Sx_Rq8GxG14SGotavYy-VOg8XelpV2EY80CxVB5l2lPBs8DN5F-K4RPGXuvrSVGkH2nvL53OX9tVYHAEeQOhCxasN4QDNnFXrpDTI6LPENURfn8yPCToh6w2nbONYMYuDaBGrmGxL94kaY.to3cM4TBCMl74wxhRWel_3g_hUcpUWQcwkrYvoqvb9E&dib_tag=se&m=A31NFQQ4065CWX&marketplaceID=A19VAU5U5O7RUS&qid=1773377673&refinements=p_36%3A13000-13500&s=merchant-items&sr=1-231&xpid=Je23C5mlZKodo#customerReviews,Pruninzu PuniMint Japanese Toy Awards 2021 Next Toy Division Excellence Award
B09494J287,,132.32,https://www.amazon.sg/Nendoroid-Amiya-3rd-re-run-Arknights/dp/B09494J287/ref=sr_1_232?dib=eyJ2IjoiMSJ9.-mSBml-Z1lrRZ2n8plw7NPMMT-RO_Sx_Rq8GxG14SGotavYy-VOg8XelpV2EY80CxVB5l2lPBs8DN5F-K4RPGXuvrSVGkH2nvL53OX9tVYHAEeQOhCxasN4QDNnFXrpDTI6LPENURfn8yPCToh6w2nbONYMYuDaBGrmGxL94kaY.to3cM4TBCMl74wxhRWel_3g_hUcpUWQcwkrYvoqvb9E&dib_tag=se&m=A31NFQQ4065CWX&marketplaceID=A19VAU5U5O7RUS&qid=1773377673&refinements=p_36%3A13000-13500&s=merchant-items&sr=1-232&xpid=Je23C5mlZKodo#customerReviews,Nendoroid Amiya (3rd re-run): Arknights
B093BTR4Q4,,132.58,https://www.amazon.sg/Panasonic-Shaver-Replacement-5-blade-ES9040/dp/B093BTR4Q4/ref=sr_1_233?dib=eyJ2IjoiMSJ9.-mSBml-Z1lrRZ2n8plw7NPMMT-RO_Sx_Rq8GxG14SGotavYy-VOg8XelpV2EY80CxVB5l2lPBs8DN5F-K4RPGXuvrSVGkH2nvL53OX9tVYHAEeQOhCxasN4QDNnFXrpDTI6LPENURfn8yPCToh6w2nbONYMYuDaBGrmGxL94kaY.to3cM4TBCMl74wxhRWel_3g_hUcpUWQcwkrYvoqvb9E&dib_tag=se&m=A31NFQQ4065CWX&marketplaceID=A19VAU5U5O7RUS&qid=1773377673&refinements=p_36%3A13000-13500&s=merchant-items&sr=1-233&xpid=Je23C5mlZKodo#customerReviews,Panasonic Men's Shaver Replacement Blade Set for 5-blade ES9040
B093BTR4Q4,,,,
B092VJQZ2Q,,150.79,https://www.amazon.sg/BX8655-Baseball-Training-Junior-Focus/dp/B092VJQZ2Q/ref=sr_1_234?dib=eyJ2IjoiMSJ9.-mSBml-Z1lrRZ2n8plw7NPMMT-RO_Sx_Rq8GxG14SGotavYy-VOg8XelpV2EY80CxVB5l2lPBs8DN5F-K4RPGXuvrSVGkH2nvL53OX9tVYHAEeQOhCxasN4QDNnFXrpDTI6LPENURfn8yPCToh6w2nbONYMYuDaBGrmGxL94kaY.to3cM4TBCMl74wxhRWel_3g_hUcpUWQcwkrYvoqvb9E&dib_tag=se&m=A31NFQQ4065CWX&marketplaceID=A19VAU5U5O7RUS&qid=1773377673&refinements=p_36%3A13000-13500&s=merchant-items&sr=1-234&xpid=Je23C5mlZKodo,UNIX BX8655 Baseball Training Net Junior Focus Net
B092VJQZ2Q,,,,
B0922P6VN8,,135.61,https://www.amazon.sg/%E3%83%8F%E3%82%A4%E3%83%9E%E3%82%A6%E3%83%B3%E3%83%88-62451-Mesh-Table-SOLO/dp/B0922P6VN8/ref=sr_1_235?dib=eyJ2IjoiMSJ9.-mSBml-Z1lrRZ2n8plw7NPMMT-RO_Sx_Rq8GxG14SGotavYy-VOg8XelpV2EY80CxVB5l2lPBs8DN5F-K4RPGXuvrSVGkH2nvL53OX9tVYHAEeQOhCxasN4QDNnFXrpDTI6LPENURfn8yPCToh6w2nbONYMYuDaBGrmGxL94kaY.to3cM4TBCMl74wxhRWel_3g_hUcpUWQcwkrYvoqvb9E&dib_tag=se&m=A31NFQQ4065CWX&marketplaceID=A19VAU5U5O7RUS&qid=1773377673&refinements=p_36%3A13000-13500&s=merchant-items&sr=1-235&xpid=Je23C5mlZKodo#customerReviews,Mesh Table BK SOLO
B0922P6VN8,,,,
B092VJQZ2Q,,150.79,https://www.amazon.sg/BX8655-Baseball-Training-Junior-Focus/dp/B092VJQZ2Q/ref=sr_1_241?dib=eyJ2IjoiMSJ9.rYTu6pITGBA92Zap6lBXAIFoSrrFdm1XWpGJ9XmNMzMUA_JOkbJYJeRCbDkvEW7JqE25mP0e5j0I9pCqHKiPgg.Qe-QhyvldsJhGL2_mZHNGE_NEyhepVOchw-0c2CgXDE&dib_tag=se&m=A31NFQQ4065CWX&marketplaceID=A19VAU5U5O7RUS&qid=1773377678&refinements=p_36%3A13000-13500&s=merchant-items&sr=1-241&xpid=Je23C5mlZKodo,UNIX BX8655 Baseball Training Net Junior Focus Net
B092VJQZ2Q,,,,
B0922P6VN8,,135.61,https://www.amazon.sg/%E3%83%8F%E3%82%A4%E3%83%9E%E3%82%A6%E3%83%B3%E3%83%88-62451-Mesh-Table-SOLO/dp/B0922P6VN8/ref=sr_1_242?dib=eyJ2IjoiMSJ9.rYTu6pITGBA92Zap6lBXAIFoSrrFdm1XWpGJ9XmNMzMUA_JOkbJYJeRCbDkvEW7JqE25mP0e5j0I9pCqHKiPgg.Qe-QhyvldsJhGL2_mZHNGE_NEyhepVOchw-0c2CgXDE&dib_tag=se&m=A31NFQQ4065CWX&marketplaceID=A19VAU5U5O7RUS&qid=1773377678&refinements=p_36%3A13000-13500&s=merchant-items&sr=1-242&xpid=Je23C5mlZKodo#customerReviews,Mesh Table BK SOLO
B0922P6VN8,,,,
B08YYNCHKM,,148.18,https://www.amazon.sg/Yurukan-Nadeshiko-Kagamihara-Non-Scale-Pre-painted/dp/B08YYNCHKM/ref=sr_1_243?dib=eyJ2IjoiMSJ9.rYTu6pITGBA92Zap6lBXAIFoSrrFdm1XWpGJ9XmNMzMUA_JOkbJYJeRCbDkvEW7JqE25mP0e5j0I9pCqHKiPgg.Qe-QhyvldsJhGL2_mZHNGE_NEyhepVOchw-0c2CgXDE&dib_tag=se&m=A31NFQQ4065CWX&marketplaceID=A19VAU5U5O7RUS&qid=1773377678&refinements=p_36%3A13000-13500&s=merchant-items&sr=1-243&xpid=Je23C5mlZKodo#customerReviews,"Figma Yurukan Nadeshiko Kagamihara DX Edition, Non-Scale, ABS & PVC, Pre-painted Action Figure"
B08XYVRJKD,,131.67,https://www.amazon.sg/shumeifang-Cookware-Utensils-Resistant-Certified/dp/B08XYVRJKD/ref=sr_1_244?dib=eyJ2IjoiMSJ9.rYTu6pITGBA92Zap6lBXAIFoSrrFdm1XWpGJ9XmNMzMUA_JOkbJYJeRCbDkvEW7JqE25mP0e5j0I9pCqHKiPgg.Qe-QhyvldsJhGL2_mZHNGE_NEyhepVOchw-0c2CgXDE&dib_tag=se&m=A31NFQQ4065CWX&marketplaceID=A19VAU5U5O7RUS&qid=1773377678&refinements=p_36%3A13000-13500&s=merchant-items&sr=1-244&xpid=Je23C5mlZKodo#customerReviews,Kitchen Tools Cookware Set of 10 Kitchen Tools Set Cooking Tools Utensils Kitchen Utensils Heat Resistant Silicone Food Safe Certified FDA Approved Kitchen Utensils Cooking Cooking Pastry
B08XYVRJKD,,,,
B08WQX91XH,,133.13,https://www.amazon.sg/Eva-Girls-Painted-Complete-Figure/dp/B08WQX91XH/ref=sr_1_245?dib=eyJ2IjoiMSJ9.rYTu6pITGBA92Zap6lBXAIFoSrrFdm1XWpGJ9XmNMzMUA_JOkbJYJeRCbDkvEW7JqE25mP0e5j0I9pCqHKiPgg.Qe-QhyvldsJhGL2_mZHNGE_NEyhepVOchw-0c2CgXDE&dib_tag=se&m=A31NFQQ4065CWX&marketplaceID=A19VAU5U5O7RUS&qid=1773377678&refinements=p_36%3A13000-13500&s=merchant-items&sr=1-245&xpid=Je23C5mlZKodo#customerReviews,Eva Girls Rey PVC & ABS Painted Complete Figure
B08VD1NZ2B,,134.8,https://www.amazon.sg/DAIWA-21-Frems-FC-LT1000S/dp/B08VD1NZ2B/ref=sr_1_241?dib=eyJ2IjoiMSJ9.9q9fsUUpda2k3nOt1D29jWmK8ZYSZkhzVZIhtcevdkst7E2E4l0g8NTIFkbDcd8EUUHOppy4OhLXp93Qvk-R_EAA9oS5d2X5qrqiB5vmQ5nEN-stFw3axpAAp7a3ItAz3-ulektLbBbclFFXg0fWLZ5JrDNa37PlomRDE-qP-v8.rQHRpW-NB1xxsI5XcHLv6xcpWEBtoZkKcDLx1aHgVGM&dib_tag=se&m=A31NFQQ4065CWX&marketplaceID=A19VAU5U5O7RUS&qid=1773377678&refinements=p_36%3A13000-13500&s=merchant-items&sr=1-241&xpid=Je23C5mlZKodo#customerReviews,Daiwa Freems LT Spinning Reel 21 (2021 Model)
B08VD1NZ2B,,,,
B08V8R8BJ8,,133.34,https://www.amazon.sg/Copic-Classic-Alcohol-Marker-Toner/dp/B08V8R8BJ8/ref=sr_1_242?dib=eyJ2IjoiMSJ9.9q9fsUUpda2k3nOt1D29jWmK8ZYSZkhzVZIhtcevdkst7E2E4l0g8NTIFkbDcd8EUUHOppy4OhLXp93Qvk-R_EAA9oS5d2X5qrqiB5vmQ5nEN-stFw3axpAAp7a3ItAz3-ulektLbBbclFFXg0fWLZ5JrDNa37PlomRDE-qP-v8.rQHRpW-NB1xxsI5XcHLv6xcpWEBtoZkKcDLx1aHgVGM&dib_tag=se&m=A31NFQQ4065CWX&marketplaceID=A19VAU5U5O7RUS&qid=1773377678&refinements=p_36%3A13000-13500&s=merchant-items&sr=1-242&xpid=Je23C5mlZKodo#customerReviews,"Copic Classic Alcohol Marker Set, Toner Gray"
B08V8R8BJ8,,,,
B08THFKBG7,,135.0,https://www.amazon.sg/607-29-Protection-Moisture-Wicking-Non-Slip/dp/B08THFKBG7/ref=sr_1_243?dib=eyJ2IjoiMSJ9.9q9fsUUpda2k3nOt1D29jWmK8ZYSZkhzVZIhtcevdkst7E2E4l0g8NTIFkbDcd8EUUHOppy4OhLXp93Qvk-R_EAA9oS5d2X5qrqiB5vmQ5nEN-stFw3axpAAp7a3ItAz3-ulektLbBbclFFXg0fWLZ5JrDNa37PlomRDE-qP-v8.rQHRpW-NB1xxsI5XcHLv6xcpWEBtoZkKcDLx1aHgVGM&dib_tag=se&m=A31NFQQ4065CWX&marketplaceID=A19VAU5U5O7RUS&qid=1773377678&refinements=p_36%3A13000-13500&s=merchant-items&sr=1-243&xpid=Je23C5mlZKodo#customerReviews,"Astro 607-29 Car Seat Protection Mat, Brown, Mesh, Moisture Wicking, Smooth, Non-Slip"
B08THFKBG7,,,,
B08Q3QY4K5,,130.0,https://www.amazon.sg/ARTIO-CR-S1-Artio-In-Ear-Earphones/dp/B08Q3QY4K5/ref=sr_1_244?dib=eyJ2IjoiMSJ9.9q9fsUUpda2k3nOt1D29jWmK8ZYSZkhzVZIhtcevdkst7E2E4l0g8NTIFkbDcd8EUUHOppy4OhLXp93Qvk-R_EAA9oS5d2X5qrqiB5vmQ5nEN-stFw3axpAAp7a3ItAz3-ulektLbBbclFFXg0fWLZ5JrDNa37PlomRDE-qP-v8.rQHRpW-NB1xxsI5XcHLv6xcpWEBtoZkKcDLx1aHgVGM&dib_tag=se&m=A31NFQQ4065CWX&marketplaceID=A19VAU5U5O7RUS&qid=1773377678&refinements=p_36%3A13000-13500&s=merchant-items&sr=1-244&xpid=Je23C5mlZKodo,Artio CR-S1 In-Ear Earphones
B08Q3QY4K5,,,,
B08M16MQWF,,135.0,https://www.amazon.sg/PLATINUM-Plaisir-Anniversary-Fountain-PGB-3000D/dp/B08M16MQWF/ref=sr_1_245?dib=eyJ2IjoiMSJ9.9q9fsUUpda2k3nOt1D29jWmK8ZYSZkhzVZIhtcevdkst7E2E4l0g8NTIFkbDcd8EUUHOppy4OhLXp93Qvk-R_EAA9oS5d2X5qrqiB5vmQ5nEN-stFw3axpAAp7a3ItAz3-ulektLbBbclFFXg0fWLZ5JrDNa37PlomRDE-qP-v8.rQHRpW-NB1xxsI5XcHLv6xcpWEBtoZkKcDLx1aHgVGM&dib_tag=se&m=A31NFQQ4065CWX&marketplaceID=A19VAU5U5O7RUS&qid=1773377678&refinements=p_36%3A13000-13500&s=merchant-items&sr=1-245&xpid=Je23C5mlZKodo,"PLATINUM Plaisir 10th Anniversary Fountain Pen Fine Nib Limite Edition, PGB-3000D#59-2"
B08M16MQWF,,,,
B08LCYBN75,,131.67,https://www.amazon.sg/Training-Personal-Trainer-Recommended-Lifting/dp/B08LCYBN75/ref=sr_1_246?dib=eyJ2IjoiMSJ9.9q9fsUUpda2k3nOt1D29jWmK8ZYSZkhzVZIhtcevdkst7E2E4l0g8NTIFkbDcd8EUUHOppy4OhLXp93Qvk-R_EAA9oS5d2X5qrqiB5vmQ5nEN-stFw3axpAAp7a3ItAz3-ulektLbBbclFFXg0fWLZ5JrDNa37PlomRDE-qP-v8.rQHRpW-NB1xxsI5XcHLv6xcpWEBtoZkKcDLx1aHgVGM&dib_tag=se&m=A31NFQQ4065CWX&marketplaceID=A19VAU5U5O7RUS&qid=1773377678&refinements=p_36%3A13000-13500&s=merchant-items&sr=1-246&xpid=Je23C5mlZKodo#customerReviews,"NonModo Training Belt, Power Belt, Personal Trainer Yuji Recommended, Muscle Training Belt, Waist, Lifting Belt"
B08LCYBN75,,,,
B08L7GDHLR,,131.67,https://www.amazon.sg/Yamazaki-Plastic-Aluminum-Organizer-Kitchen/dp/B08L7GDHLR/ref=sr_1_247?dib=eyJ2IjoiMSJ9.9q9fsUUpda2k3nOt1D29jWmK8ZYSZkhzVZIhtcevdkst7E2E4l0g8NTIFkbDcd8EUUHOppy4OhLXp93Qvk-R_EAA9oS5d2X5qrqiB5vmQ5nEN-stFw3axpAAp7a3ItAz3-ulektLbBbclFFXg0fWLZ5JrDNa37PlomRDE-qP-v8.rQHRpW-NB1xxsI5XcHLv6xcpWEBtoZkKcDLx1aHgVGM&dib_tag=se&m=A31NFQQ4065CWX&marketplaceID=A19VAU5U5O7RUS&qid=1773377678&refinements=p_36%3A13000-13500&s=merchant-items&sr=1-247&xpid=Je23C5mlZKodo#customerReviews,"Yamazaki Home Tower 4-Tier Plastic Food Wrap Or Aluminum Foil Organizer, Metal Kitchen Storage Holder - Steel"
B08L7GDHLR,,,,
B08L75YMP5,,131.67,https://www.amazon.sg/YAMAZAKI-Plastic-Aluminum-Organizer-Kitchen/dp/B08L75YMP5/ref=sr_1_248?dib=eyJ2IjoiMSJ9.9q9fsUUpda2k3nOt1D29jWmK8ZYSZkhzVZIhtcevdkst7E2E4l0g8NTIFkbDcd8EUUHOppy4OhLXp93Qvk-R_EAA9oS5d2X5qrqiB5vmQ5nEN-stFw3axpAAp7a3ItAz3-ulektLbBbclFFXg0fWLZ5JrDNa37PlomRDE-qP-v8.rQHRpW-NB1xxsI5XcHLv6xcpWEBtoZkKcDLx1aHgVGM&dib_tag=se&m=A31NFQQ4065CWX&marketplaceID=A19VAU5U5O7RUS&qid=1773377678&refinements=p_36%3A13000-13500&s=merchant-items&sr=1-248&xpid=Je23C5mlZKodo#customerReviews,"YAMAZAKI Home Tower 4-Tier Plastic Food Wrap Or Aluminum Foil Organizer, Metal Kitchen Storage Holder - Steel"
B08L75YMP5,,,,
B08KYB3VN1,,134.63,https://www.amazon.sg/Behringer-System-100-Eurorack-Module/dp/B08KYB3VN1/ref=sr_1_249?dib=eyJ2IjoiMSJ9.9q9fsUUpda2k3nOt1D29jWmK8ZYSZkhzVZIhtcevdkst7E2E4l0g8NTIFkbDcd8EUUHOppy4OhLXp93Qvk-R_EAA9oS5d2X5qrqiB5vmQ5nEN-stFw3axpAAp7a3ItAz3-ulektLbBbclFFXg0fWLZ5JrDNa37PlomRDE-qP-v8.rQHRpW-NB1xxsI5XcHLv6xcpWEBtoZkKcDLx1aHgVGM&dib_tag=se&m=A31NFQQ4065CWX&marketplaceID=A19VAU5U5O7RUS&qid=1773377678&refinements=p_36%3A13000-13500&s=merchant-items&sr=1-249&xpid=Je23C5mlZKodo#customerReviews,Behringer System 100 110 VCO/VCF/VCA Eurorack Module
B08KYB3VN1,,,,
B08HVXHQQH,,133.34,https://www.amazon.sg/Banpresto-Movie-Grand-Order-Divine-Realm/dp/B08HVXHQQH/ref=sr_1_250?dib=eyJ2IjoiMSJ9.9q9fsUUpda2k3nOt1D29jWmK8ZYSZkhzVZIhtcevdkst7E2E4l0g8NTIFkbDcd8EUUHOppy4OhLXp93Qvk-R_EAA9oS5d2X5qrqiB5vmQ5nEN-stFw3axpAAp7a3ItAz3-ulektLbBbclFFXg0fWLZ5JrDNa37PlomRDE-qP-v8.rQHRpW-NB1xxsI5XcHLv6xcpWEBtoZkKcDLx1aHgVGM&dib_tag=se&m=A31NFQQ4065CWX&marketplaceID=A19VAU5U5O7RUS&qid=1773377678&refinements=p_36%3A13000-13500&s=merchant-items&sr=1-250&xpid=Je23C5mlZKodo#customerReviews,"Banpresto The Movie Fate/Grand Order-Divine Realm of The Round Table: Camelot - Servant Figure ~MASH KYRIELIGHT~, Multiple Colors (BP16599)"
B08HGW5MQ9,,131.67,https://www.amazon.sg/Minoyaki-Scandinavian-5-Pattern-Tableware-Botanical/dp/B08HGW5MQ9/ref=sr_1_251?dib=eyJ2IjoiMSJ9.9q9fsUUpda2k3nOt1D29jWmK8ZYSZkhzVZIhtcevdkst7E2E4l0g8NTIFkbDcd8EUUHOppy4OhLXp93Qvk-R_EAA9oS5d2X5qrqiB5vmQ5nEN-stFw3axpAAp7a3ItAz3-ulektLbBbclFFXg0fWLZ5JrDNa37PlomRDE-qP-v8.rQHRpW-NB1xxsI5XcHLv6xcpWEBtoZkKcDLx1aHgVGM&dib_tag=se&m=A31NFQQ4065CWX&marketplaceID=A19VAU5U5O7RUS&qid=1773377678&refinements=p_36%3A13000-13500&s=merchant-items&sr=1-251&xpid=Je23C5mlZKodo#customerReviews,"Minoyaki Scandinavian Flower Bowl 5-Pattern Set Tableware [ Botanical / Flower / Made in Japan / Diameter: 12.5cm ] bowls, tableware (microwave-safe, dishwasher-safe), porcelain"
B08HGW5MQ9,,,,
B08HVXHQQH,,133.34,https://www.amazon.sg/Banpresto-Movie-Grand-Order-Divine-Realm/dp/B08HVXHQQH/ref=sr_1_257?dib=eyJ2IjoiMSJ9.FTwu_ujvlOkuEFqIlLj19lE0DB0ZUDL-OxGYBJ9O2DvmH917N85B85WPQHr3U3o7PorEh1NDM2w8FK2PEMIMWQ.vNPxZiGMKzBYTaStd7Uopp7bHGerENMnOcLewwn_PUc&dib_tag=se&m=A31NFQQ4065CWX&marketplaceID=A19VAU5U5O7RUS&qid=1773377683&refinements=p_36%3A13000-13500&s=merchant-items&sr=1-257&xpid=Je23C5mlZKodo#customerReviews,"Banpresto The Movie Fate/Grand Order-Divine Realm of The Round Table: Camelot - Servant Figure ~MASH KYRIELIGHT~, Multiple Colors (BP16599)"
B08HGW5MQ9,,131.67,https://www.amazon.sg/Minoyaki-Scandinavian-5-Pattern-Tableware-Botanical/dp/B08HGW5MQ9/ref=sr_1_258?dib=eyJ2IjoiMSJ9.FTwu_ujvlOkuEFqIlLj19lE0DB0ZUDL-OxGYBJ9O2DvmH917N85B85WPQHr3U3o7PorEh1NDM2w8FK2PEMIMWQ.vNPxZiGMKzBYTaStd7Uopp7bHGerENMnOcLewwn_PUc&dib_tag=se&m=A31NFQQ4065CWX&marketplaceID=A19VAU5U5O7RUS&qid=1773377683&refinements=p_36%3A13000-13500&s=merchant-items&sr=1-258&xpid=Je23C5mlZKodo#customerReviews,"Minoyaki Scandinavian Flower Bowl 5-Pattern Set Tableware [ Botanical / Flower / Made in Japan / Diameter: 12.5cm ] bowls, tableware (microwave-safe, dishwasher-safe), porcelain"
B08HGW5MQ9,,,,
B08FBBQFLH,,150.23,https://www.amazon.sg/Banpresto-JoJos-Bizarre-Adventure-Grandista-DIO/dp/B08FBBQFLH/ref=sr_1_259?dib=eyJ2IjoiMSJ9.FTwu_ujvlOkuEFqIlLj19lE0DB0ZUDL-OxGYBJ9O2DvmH917N85B85WPQHr3U3o7PorEh1NDM2w8FK2PEMIMWQ.vNPxZiGMKzBYTaStd7Uopp7bHGerENMnOcLewwn_PUc&dib_tag=se&m=A31NFQQ4065CWX&marketplaceID=A19VAU5U5O7RUS&qid=1773377683&refinements=p_36%3A13000-13500&s=merchant-items&sr=1-259&xpid=Je23C5mlZKodo#customerReviews,"Banpresto JoJo's Bizarre Adventure:Stardust Crusaders Grandista-DIO-, Multiple Colors (BP16697)"
B08DNTB3T8,,133.55,https://www.amazon.sg/Tone-10DRH3FH-Replacement-Oscillating-Ratchet/dp/B08DNTB3T8/ref=sr_1_260?dib=eyJ2IjoiMSJ9.FTwu_ujvlOkuEFqIlLj19lE0DB0ZUDL-OxGYBJ9O2DvmH917N85B85WPQHr3U3o7PorEh1NDM2w8FK2PEMIMWQ.vNPxZiGMKzBYTaStd7Uopp7bHGerENMnOcLewwn_PUc&dib_tag=se&m=A31NFQQ4065CWX&marketplaceID=A19VAU5U5O7RUS&qid=1773377683&refinements=p_36%3A13000-13500&s=merchant-items&sr=1-260&xpid=Je23C5mlZKodo,"Tone 10DRH3FH Replacement Oscillating Ratchet Head (Hold Type), 0.4 inch (10 mm) & 0.4 inch (9.5 mm)"
B08DNTB3T8,,,,
B08CR6KNLG,,133.34,https://www.amazon.sg/Pearl-Presage-Enameled-One-Handed-inches/dp/B08CR6KNLG/ref=sr_1_261?dib=eyJ2IjoiMSJ9.FTwu_ujvlOkuEFqIlLj19lE0DB0ZUDL-OxGYBJ9O2DvmH917N85B85WPQHr3U3o7PorEh1NDM2w8FK2PEMIMWQ.vNPxZiGMKzBYTaStd7Uopp7bHGerENMnOcLewwn_PUc&dib_tag=se&m=A31NFQQ4065CWX&marketplaceID=A19VAU5U5O7RUS&qid=1773377683&refinements=p_36%3A13000-13500&s=merchant-items&sr=1-261&xpid=Je23C5mlZKodo#customerReviews,"Pearl Metal Presage Enameled One-Handed Pot, 6.3 inches (16 cm), Black"
B08CR6KNLG,,,,
B08C5QSB7G,,148.18,https://www.amazon.sg/Belfind-SR-3MP-Painted-Complete-BF082/dp/B08C5QSB7G/ref=sr_1_257?dib=eyJ2IjoiMSJ9.lx1o0fOj2Yz3IZdZA_19uiLUqecyY9vr044YGmKRf2HMH5QsDPpspnpTLSPLsyTBDIYqGu12Ni-SlgmvIQMNlcRDv2U0pbmxyhA_jQxsbpYV5xFQS5pW8hM4ciN2l0iDsCDSweQ43AKXpblEfrO637rFMEnxRUyHYauK211oEe8.PTTxtU5qi6T1WTGLkyNI-p4eTdm-_uEowqryl7IWZGg&dib_tag=se&m=A31NFQQ4065CWX&marketplaceID=A19VAU5U5O7RUS&qid=1773377683&refinements=p_36%3A13000-13500&s=merchant-items&sr=1-257&xpid=Je23C5mlZKodo#customerReviews,Belfind Dolls Front Line SR-3MP 1/8 Scale PVC Painted Complete Figure BF082
B08BNFL4PJ,,134.95,https://www.amazon.sg/Narumi-GW6068-222RD-Glass-Works-Leison/dp/B08BNFL4PJ/ref=sr_1_258?dib=eyJ2IjoiMSJ9.lx1o0fOj2Yz3IZdZA_19uiLUqecyY9vr044YGmKRf2HMH5QsDPpspnpTLSPLsyTBDIYqGu12Ni-SlgmvIQMNlcRDv2U0pbmxyhA_jQxsbpYV5xFQS5pW8hM4ciN2l0iDsCDSweQ43AKXpblEfrO637rFMEnxRUyHYauK211oEe8.PTTxtU5qi6T1WTGLkyNI-p4eTdm-_uEowqryl7IWZGg&dib_tag=se&m=A31NFQQ4065CWX&marketplaceID=A19VAU5U5O7RUS&qid=1773377683&refinements=p_36%3A13000-13500&s=merchant-items&sr=1-258&xpid=Je23C5mlZKodo#customerReviews,"Narumi GW6068-222RD Glass Works Leison, Red, 9.1 fl oz (270 cc), Old"
B08BNFL4PJ,,,,
B08BLPQ4PP,,131.87,https://www.amazon.sg/SHIMANO-Accesorios-Ciclismo-Unisex-Adulto/dp/B08BLPQ4PP/ref=sr_1_259?dib=eyJ2IjoiMSJ9.lx1o0fOj2Yz3IZdZA_19uiLUqecyY9vr044YGmKRf2HMH5QsDPpspnpTLSPLsyTBDIYqGu12Ni-SlgmvIQMNlcRDv2U0pbmxyhA_jQxsbpYV5xFQS5pW8hM4ciN2l0iDsCDSweQ43AKXpblEfrO637rFMEnxRUyHYauK211oEe8.PTTxtU5qi6T1WTGLkyNI-p4eTdm-_uEowqryl7IWZGg&dib_tag=se&m=A31NFQQ4065CWX&marketplaceID=A19VAU5U5O7RUS&qid=1773377683&refinements=p_36%3A13000-13500&s=merchant-items&sr=1-259&xpid=Je23C5mlZKodo,"SHIMANO Accesorios Bici Ciclismo Unisex Adulto Chain Link Pin, Black, One Size"
B08BLPQ4PP,,,,
B088WXWGHM,,134.0,https://www.amazon.sg/Parktool-Cutter-Compatible-DT-5-2-2171/dp/B088WXWGHM/ref=sr_1_260?dib=eyJ2IjoiMSJ9.lx1o0fOj2Yz3IZdZA_19uiLUqecyY9vr044YGmKRf2HMH5QsDPpspnpTLSPLsyTBDIYqGu12Ni-SlgmvIQMNlcRDv2U0pbmxyhA_jQxsbpYV5xFQS5pW8hM4ciN2l0iDsCDSweQ43AKXpblEfrO637rFMEnxRUyHYauK211oEe8.PTTxtU5qi6T1WTGLkyNI-p4eTdm-_uEowqryl7IWZGg&dib_tag=se&m=A31NFQQ4065CWX&marketplaceID=A19VAU5U5O7RUS&qid=1773377683&refinements=p_36%3A13000-13500&s=merchant-items&sr=1-260&xpid=Je23C5mlZKodo,"Parktool Post Mount Cutter Compatible DT-5, DT-5.2#2171"
B088WXWGHM,,,,
B0865QXGKX,,133.34,https://www.amazon.sg/Kutsuwa-FS103NB-Storage-Case-Hard/dp/B0865QXGKX/ref=sr_1_261?dib=eyJ2IjoiMSJ9.lx1o0fOj2Yz3IZdZA_19uiLUqecyY9vr044YGmKRf2HMH5QsDPpspnpTLSPLsyTBDIYqGu12Ni-SlgmvIQMNlcRDv2U0pbmxyhA_jQxsbpYV5xFQS5pW8hM4ciN2l0iDsCDSweQ43AKXpblEfrO637rFMEnxRUyHYauK211oEe8.PTTxtU5qi6T1WTGLkyNI-p4eTdm-_uEowqryl7IWZGg&dib_tag=se&m=A31NFQQ4065CWX&marketplaceID=A19VAU5U5O7RUS&qid=1773377683&refinements=p_36%3A13000-13500&s=merchant-items&sr=1-261&xpid=Je23C5mlZKodo,"Kutsuwa FS103NB Storage Case, Hard Storage, Bag-in-Bag, A4, Navy"
B0865QXGKX,,,,
B085WSSV2V,,134.75,https://www.amazon.sg/Microphone-Condenser-Single-Directional-Stand/dp/B085WSSV2V/ref=sr_1_262?dib=eyJ2IjoiMSJ9.lx1o0fOj2Yz3IZdZA_19uiLUqecyY9vr044YGmKRf2HMH5QsDPpspnpTLSPLsyTBDIYqGu12Ni-SlgmvIQMNlcRDv2U0pbmxyhA_jQxsbpYV5xFQS5pW8hM4ciN2l0iDsCDSweQ43AKXpblEfrO637rFMEnxRUyHYauK211oEe8.PTTxtU5qi6T1WTGLkyNI-p4eTdm-_uEowqryl7IWZGg&dib_tag=se&m=A31NFQQ4065CWX&marketplaceID=A19VAU5U5O7RUS&qid=1773377683&refinements=p_36%3A13000-13500&s=merchant-items&sr=1-262&xpid=Je23C5mlZKodo#customerReviews,"USB Microphone, Condenser Microphone, Single Directional Microphone Stand"
B085WSSV2V,,,,
B085WCXSSH,,134.61,https://www.amazon.sg/Dunlop-DS42003-DUNLOP-JETSTORM-Magenta/dp/B085WCXSSH/ref=sr_1_263?dib=eyJ2IjoiMSJ9.lx1o0fOj2Yz3IZdZA_19uiLUqecyY9vr044YGmKRf2HMH5QsDPpspnpTLSPLsyTBDIYqGu12Ni-SlgmvIQMNlcRDv2U0pbmxyhA_jQxsbpYV5xFQS5pW8hM4ciN2l0iDsCDSweQ43AKXpblEfrO637rFMEnxRUyHYauK211oEe8.PTTxtU5qi6T1WTGLkyNI-p4eTdm-_uEowqryl7IWZGg&dib_tag=se&m=A31NFQQ4065CWX&marketplaceID=A19VAU5U5O7RUS&qid=1773377683&refinements=p_36%3A13000-13500&s=merchant-items&sr=1-263&xpid=Je23C5mlZKodo#customerReviews,ダンロップ(DUNLOP) ソフトテニス ラケット DUNLOP JETSTORM 500V【フレームのみ】 ブラック×マゼンタ DS42003
B085WCXSSH,,,,
B085L88X2K,,131.25,https://www.amazon.sg/NAGOMI-Premium-Peeling-Stainless-Vegetables/dp/B085L88X2K/ref=sr_1_264?dib=eyJ2IjoiMSJ9.lx1o0fOj2Yz3IZdZA_19uiLUqecyY9vr044YGmKRf2HMH5QsDPpspnpTLSPLsyTBDIYqGu12Ni-SlgmvIQMNlcRDv2U0pbmxyhA_jQxsbpYV5xFQS5pW8hM4ciN2l0iDsCDSweQ43AKXpblEfrO637rFMEnxRUyHYauK211oEe8.PTTxtU5qi6T1WTGLkyNI-p4eTdm-_uEowqryl7IWZGg&dib_tag=se&m=A31NFQQ4065CWX&marketplaceID=A19VAU5U5O7RUS&qid=1773377683&refinements=p_36%3A13000-13500&s=merchant-items&sr=1-264&xpid=Je23C5mlZKodo#customerReviews,"NAGOMI 3.5 inch Premium Peeling Paring Knife, Stainless Steel HRC58 Handy Ultra Sharp Paring Knife for Curved Surface Of Fruits & Vegetables | Black Stylish Gift Box"
B085L88X2K,,,,
B085GHYSM7,,150.23,https://www.amazon.sg/Ibanez-FL-Mini-Flanger-Guitar/dp/B085GHYSM7/ref=sr_1_265?dib=eyJ2IjoiMSJ9.lx1o0fOj2Yz3IZdZA_19uiLUqecyY9vr044YGmKRf2HMH5QsDPpspnpTLSPLsyTBDIYqGu12Ni-SlgmvIQMNlcRDv2U0pbmxyhA_jQxsbpYV5xFQS5pW8hM4ciN2l0iDsCDSweQ43AKXpblEfrO637rFMEnxRUyHYauK211oEe8.PTTxtU5qi6T1WTGLkyNI-p4eTdm-_uEowqryl7IWZGg&dib_tag=se&m=A31NFQQ4065CWX&marketplaceID=A19VAU5U5O7RUS&qid=1773377683&refinements=p_36%3A13000-13500&s=merchant-items&sr=1-265&xpid=Je23C5mlZKodo#customerReviews,Ibanez FL Mini Flanger - Guitar Effect
B085GHYSM7,,,,
B084KCMYRY,,142.8,https://www.amazon.sg/Topeak-Unisexs-Turbo-Morph-Black/dp/B084KCMYRY/ref=sr_1_266?dib=eyJ2IjoiMSJ9.lx1o0fOj2Yz3IZdZA_19uiLUqecyY9vr044YGmKRf2HMH5QsDPpspnpTLSPLsyTBDIYqGu12Ni-SlgmvIQMNlcRDv2U0pbmxyhA_jQxsbpYV5xFQS5pW8hM4ciN2l0iDsCDSweQ43AKXpblEfrO637rFMEnxRUyHYauK211oEe8.PTTxtU5qi6T1WTGLkyNI-p4eTdm-_uEowqryl7IWZGg&dib_tag=se&m=A31NFQQ4065CWX&marketplaceID=A19VAU5U5O7RUS&qid=1773377683&refinements=p_36%3A13000-13500&s=merchant-items&sr=1-266&xpid=Je23C5mlZKodo#customerReviews,"Topeak Unisex's Turbo Morph Pump, Black, One Size"
B084KCMYRY,,,,
B084GYS67G,,130.0,https://www.amazon.sg/Alcube-S-1062-Bread-Glass-inches/dp/B084GYS67G/ref=sr_1_267?dib=eyJ2IjoiMSJ9.lx1o0fOj2Yz3IZdZA_19uiLUqecyY9vr044YGmKRf2HMH5QsDPpspnpTLSPLsyTBDIYqGu12Ni-SlgmvIQMNlcRDv2U0pbmxyhA_jQxsbpYV5xFQS5pW8hM4ciN2l0iDsCDSweQ43AKXpblEfrO637rFMEnxRUyHYauK211oEe8.PTTxtU5qi6T1WTGLkyNI-p4eTdm-_uEowqryl7IWZGg&dib_tag=se&m=A31NFQQ4065CWX&marketplaceID=A19VAU5U5O7RUS&qid=1773377683&refinements=p_36%3A13000-13500&s=merchant-items&sr=1-267&xpid=Je23C5mlZKodo,"Alcube S-1062 Pot & Bread Hat, Glass Lid, For 9.4, 10.2, 11.0 inches (24, 26, 28 cm)"
B084GYS67G,,,,
B084BZNFN7,,131.67,https://www.amazon.sg/Imabari-Border-Pattern-inches-Sheets/dp/B084BZNFN7/ref=sr_1_273?dib=eyJ2IjoiMSJ9.CIdiPeLyuokphhACU6BsnfLR1bQil7HiTJhbT6UJ73csdGVg8CXbmypmL9St7wWtLzTbwj8mHYyF33lsUrFgQQ.PP9zHssxLDUEf3iV5jAAJ7Bx7eTfccHcEf6-M_PpR9M&dib_tag=se&m=A31NFQQ4065CWX&marketplaceID=A19VAU5U5O7RUS&qid=1773377688&refinements=p_36%3A13000-13500&s=merchant-items&sr=1-273&xpid=Je23C5mlZKodo,"Imabari Towel Face Towel, Set of 3, Border Bear Pattern, 13.4 x 31.5 inches (34 x 80 cm) (Pink 3 Sheets)"
B084BZNFN7,,,,
B084BZ8CGB,,131.67,https://www.amazon.sg/Imabari-Border-Pattern-inches-Sheets/dp/B084BZ8CGB/ref=sr_1_274?dib=eyJ2IjoiMSJ9.CIdiPeLyuokphhACU6BsnfLR1bQil7HiTJhbT6UJ73csdGVg8CXbmypmL9St7wWtLzTbwj8mHYyF33lsUrFgQQ.PP9zHssxLDUEf3iV5jAAJ7Bx7eTfccHcEf6-M_PpR9M&dib_tag=se&m=A31NFQQ4065CWX&marketplaceID=A19VAU5U5O7RUS&qid=1773377688&refinements=p_36%3A13000-13500&s=merchant-items&sr=1-274&xpid=Je23C5mlZKodo,"Imabari Towel Face Towel, Set of 3, Border Bear Pattern, 13.4 x 31.5 inches (34 x 80 cm) (Blue 3 Sheets)"
B084BZ8CGB,,,,
B083ZTG1BJ,,130.93,https://www.amazon.sg/Shimano-Winding-Double-Kawahagi-Maruika/dp/B083ZTG1BJ/ref=sr_1_275?dib=eyJ2IjoiMSJ9.CIdiPeLyuokphhACU6BsnfLR1bQil7HiTJhbT6UJ73csdGVg8CXbmypmL9St7wWtLzTbwj8mHYyF33lsUrFgQQ.PP9zHssxLDUEf3iV5jAAJ7Bx7eTfccHcEf6-M_PpR9M&dib_tag=se&m=A31NFQQ4065CWX&marketplaceID=A19VAU5U5O7RUS&qid=1773377688&refinements=p_36%3A13000-13500&s=merchant-items&sr=1-275&xpid=Je23C5mlZKodo#customerReviews,"Shimano XT 151 Gempu Ship and Hand Winding Reel, Double Axis, 20 (Left), Kawahagi, Maruika Curry"
B083ZTG1BJ,,,,
B083XWR9C1,,132.35,https://www.amazon.sg/Daiwa-DA-3020SP-Sweetfish-Belt-Red/dp/B083XWR9C1/ref=sr_1_276?dib=eyJ2IjoiMSJ9.CIdiPeLyuokphhACU6BsnfLR1bQil7HiTJhbT6UJ73csdGVg8CXbmypmL9St7wWtLzTbwj8mHYyF33lsUrFgQQ.PP9zHssxLDUEf3iV5jAAJ7Bx7eTfccHcEf6-M_PpR9M&dib_tag=se&m=A31NFQQ4065CWX&marketplaceID=A19VAU5U5O7RUS&qid=1773377688&refinements=p_36%3A13000-13500&s=merchant-items&sr=1-276&xpid=Je23C5mlZKodo#customerReviews,"Daiwa DA-3020SP Sweetfish Belt, Red"
B083XWR9C1,,,,
B081ZLZ92D,,134.63,https://www.amazon.sg/Pilot-BR-1MR-OCL-Oil-Based-Ballpoint-inches/dp/B081ZLZ92D/ref=sr_1_277?dib=eyJ2IjoiMSJ9.CIdiPeLyuokphhACU6BsnfLR1bQil7HiTJhbT6UJ73csdGVg8CXbmypmL9St7wWtLzTbwj8mHYyF33lsUrFgQQ.PP9zHssxLDUEf3iV5jAAJ7Bx7eTfccHcEf6-M_PpR9M&dib_tag=se&m=A31NFQQ4065CWX&marketplaceID=A19VAU5U5O7RUS&qid=1773377688&refinements=p_36%3A13000-13500&s=merchant-items&sr=1-277&xpid=Je23C5mlZKodo#customerReviews,"Pilot BR-1MR-OCL Oil-Based Ballpoint Pen, Rise, Fine Point, 0.03 inches (0.7 mm), Ocean Blue"
B081ZLZ92D,,,,
B08194TG1W,,146.19,https://www.amazon.sg/Harrows-Avanti-Tungsten-Soft-Darts/dp/B08194TG1W/ref=sr_1_273?dib=eyJ2IjoiMSJ9.zTPBjBwqYSwrlb5uqQijeMI0V1G6yn44NoucatBo3pCvRpO6gCjcpUDLVv_v76ZdFCWoj32iGiJ1geM80X8n56Rb3PqHACnlGfrZBeuPrpLrgfSSq2MA_kFLh5C9IjCY-rYgiGimvAsmzpp9g58wlKmgnYT-euM9p1nyVl9U_tI.SeLvI98K6hDeTXW9ZR1pyIqOth3OJNrZNeZ9bXWfBK8&dib_tag=se&m=A31NFQQ4065CWX&marketplaceID=A19VAU5U5O7RUS&qid=1773377688&refinements=p_36%3A13000-13500&s=merchant-items&sr=1-273&xpid=Je23C5mlZKodo#customerReviews,Harrows Avanti 90% Tungsten Soft Tip Darts
B08194TG1W,,,,
B07ZSB4KB5,,134.27,https://www.amazon.sg/Online-Integral-Factor-Kirito-Espresto/dp/B07ZSB4KB5/ref=sr_1_274?dib=eyJ2IjoiMSJ9.zTPBjBwqYSwrlb5uqQijeMI0V1G6yn44NoucatBo3pCvRpO6gCjcpUDLVv_v76ZdFCWoj32iGiJ1geM80X8n56Rb3PqHACnlGfrZBeuPrpLrgfSSq2MA_kFLh5C9IjCY-rYgiGimvAsmzpp9g58wlKmgnYT-euM9p1nyVl9U_tI.SeLvI98K6hDeTXW9ZR1pyIqOth3OJNrZNeZ9bXWfBK8&dib_tag=se&m=A31NFQQ4065CWX&marketplaceID=A19VAU5U5O7RUS&qid=1773377688&refinements=p_36%3A13000-13500&s=merchant-items&sr=1-274&xpid=Je23C5mlZKodo#customerReviews,Sword Art Online Integral Factor Kirito Espresto Figure
B07Z7HYN9Q,,138.62,https://www.amazon.sg/Bandai-RGM-79DO-Philip-Hughess-Dominance/dp/B07Z7HYN9Q/ref=sr_1_275?dib=eyJ2IjoiMSJ9.zTPBjBwqYSwrlb5uqQijeMI0V1G6yn44NoucatBo3pCvRpO6gCjcpUDLVv_v76ZdFCWoj32iGiJ1geM80X8n56Rb3PqHACnlGfrZBeuPrpLrgfSSq2MA_kFLh5C9IjCY-rYgiGimvAsmzpp9g58wlKmgnYT-euM9p1nyVl9U_tI.SeLvI98K6hDeTXW9ZR1pyIqOth3OJNrZNeZ9bXWfBK8&dib_tag=se&m=A31NFQQ4065CWX&marketplaceID=A19VAU5U5O7RUS&qid=1773377688&refinements=p_36%3A13000-13500&s=merchant-items&sr=1-275&xpid=Je23C5mlZKodo#customerReviews,Bandai MG 1/100 RGM-79DO Philip Hughes's GM Dominance Model kit
B07YG1P6GF,,130.56,https://www.amazon.sg/TM-7000-Double-Eyeglass-Wrench-Included/dp/B07YG1P6GF/ref=sr_1_276?dib=eyJ2IjoiMSJ9.zTPBjBwqYSwrlb5uqQijeMI0V1G6yn44NoucatBo3pCvRpO6gCjcpUDLVv_v76ZdFCWoj32iGiJ1geM80X8n56Rb3PqHACnlGfrZBeuPrpLrgfSSq2MA_kFLh5C9IjCY-rYgiGimvAsmzpp9g58wlKmgnYT-euM9p1nyVl9U_tI.SeLvI98K6hDeTXW9ZR1pyIqOth3OJNrZNeZ9bXWfBK8&dib_tag=se&m=A31NFQQ4065CWX&marketplaceID=A19VAU5U5O7RUS&qid=1773377688&refinements=p_36%3A13000-13500&s=merchant-items&sr=1-276&xpid=Je23C5mlZKodo#customerReviews,"TOP TM-7000 Double Mouth Eyeglass Wrench Set, Set of 7, 45° Offset, Forged, Made in Japan, Wrench Holder Included"
B07YG1P6GF,,,,
B07YCV1XYP,,134.77,https://www.amazon.sg/Twsbi-Fountain-Clear-Purple-M7447640/dp/B07YCV1XYP/ref=sr_1_277?dib=eyJ2IjoiMSJ9.zTPBjBwqYSwrlb5uqQijeMI0V1G6yn44NoucatBo3pCvRpO6gCjcpUDLVv_v76ZdFCWoj32iGiJ1geM80X8n56Rb3PqHACnlGfrZBeuPrpLrgfSSq2MA_kFLh5C9IjCY-rYgiGimvAsmzpp9g58wlKmgnYT-euM9p1nyVl9U_tI.SeLvI98K6hDeTXW9ZR1pyIqOth3OJNrZNeZ9bXWfBK8&dib_tag=se&m=A31NFQQ4065CWX&marketplaceID=A19VAU5U5O7RUS&qid=1773377688&refinements=p_36%3A13000-13500&s=merchant-items&sr=1-277&xpid=Je23C5mlZKodo#customerReviews,Twsbi Eco Fountain Pen Clear Purple EF M7447640
B07YCV1XYP,,,,
B07YCK2ZBY,,151.56,https://www.amazon.sg/Max-Factory-figma-Multicolor-M06623/dp/B07YCK2ZBY/ref=sr_1_278?dib=eyJ2IjoiMSJ9.zTPBjBwqYSwrlb5uqQijeMI0V1G6yn44NoucatBo3pCvRpO6gCjcpUDLVv_v76ZdFCWoj32iGiJ1geM80X8n56Rb3PqHACnlGfrZBeuPrpLrgfSSq2MA_kFLh5C9IjCY-rYgiGimvAsmzpp9g58wlKmgnYT-euM9p1nyVl9U_tI.SeLvI98K6hDeTXW9ZR1pyIqOth3OJNrZNeZ9bXWfBK8&dib_tag=se&m=A31NFQQ4065CWX&marketplaceID=A19VAU5U5O7RUS&qid=1773377688&refinements=p_36%3A13000-13500&s=merchant-items&sr=1-278&xpid=Je23C5mlZKodo#customerReviews,"Max Factory figma San, Multicolor (M06623)"
B07Y4T9LKJ,,133.82,https://www.amazon.sg/Daiwa-ST225-Reel-Case-Fish/dp/B07Y4T9LKJ/ref=sr_1_279?dib=eyJ2IjoiMSJ9.zTPBjBwqYSwrlb5uqQijeMI0V1G6yn44NoucatBo3pCvRpO6gCjcpUDLVv_v76ZdFCWoj32iGiJ1geM80X8n56Rb3PqHACnlGfrZBeuPrpLrgfSSq2MA_kFLh5C9IjCY-rYgiGimvAsmzpp9g58wlKmgnYT-euM9p1nyVl9U_tI.SeLvI98K6hDeTXW9ZR1pyIqOth3OJNrZNeZ9bXWfBK8&dib_tag=se&m=A31NFQQ4065CWX&marketplaceID=A19VAU5U5O7RUS&qid=1773377688&refinements=p_36%3A13000-13500&s=merchant-items&sr=1-279&xpid=Je23C5mlZKodo#customerReviews,"Daiwa ST225 Fish Grip, Various Colors"
B07Y4T9LKJ,,,,
B07XC1GJTM,,134.57,https://www.amazon.sg/Language-Translator-Support-Countries-Translation/dp/B07XC1GJTM/ref=sr_1_280?dib=eyJ2IjoiMSJ9.zTPBjBwqYSwrlb5uqQijeMI0V1G6yn44NoucatBo3pCvRpO6gCjcpUDLVv_v76ZdFCWoj32iGiJ1geM80X8n56Rb3PqHACnlGfrZBeuPrpLrgfSSq2MA_kFLh5C9IjCY-rYgiGimvAsmzpp9g58wlKmgnYT-euM9p1nyVl9U_tI.SeLvI98K6hDeTXW9ZR1pyIqOth3OJNrZNeZ9bXWfBK8&dib_tag=se&m=A31NFQQ4065CWX&marketplaceID=A19VAU5U5O7RUS&qid=1773377688&refinements=p_36%3A13000-13500&s=merchant-items&sr=1-280&xpid=Je23C5mlZKodo#customerReviews,Language Translator Device Pocket AI Voice Translator Device Support 180 Countries Two Way Instant Translation Record/Text Translator with 2.4 Touch Screen – FFF SMART LIFE CONNECTED
B07XC1GJTM,,,,
B07WXNT9F4,,146.65,https://www.amazon.sg/Good-Smile-Nendoroid-Altria-Pendragon/dp/B07WXNT9F4/ref=sr_1_281?dib=eyJ2IjoiMSJ9.zTPBjBwqYSwrlb5uqQijeMI0V1G6yn44NoucatBo3pCvRpO6gCjcpUDLVv_v76ZdFCWoj32iGiJ1geM80X8n56Rb3PqHACnlGfrZBeuPrpLrgfSSq2MA_kFLh5C9IjCY-rYgiGimvAsmzpp9g58wlKmgnYT-euM9p1nyVl9U_tI.SeLvI98K6hDeTXW9ZR1pyIqOth3OJNrZNeZ9bXWfBK8&dib_tag=se&m=A31NFQQ4065CWX&marketplaceID=A19VAU5U5O7RUS&qid=1773377688&refinements=p_36%3A13000-13500&s=merchant-items&sr=1-281&xpid=Je23C5mlZKodo#customerReviews,Good Smile Nendoroid Altria Pendragon: Racing Ver.
B07WSMV3Z8,,131.67,https://www.amazon.sg/Tajima-PE15-Laser-Rangefinder-Red/dp/B07WSMV3Z8/ref=sr_1_282?dib=eyJ2IjoiMSJ9.zTPBjBwqYSwrlb5uqQijeMI0V1G6yn44NoucatBo3pCvRpO6gCjcpUDLVv_v76ZdFCWoj32iGiJ1geM80X8n56Rb3PqHACnlGfrZBeuPrpLrgfSSq2MA_kFLh5C9IjCY-rYgiGimvAsmzpp9g58wlKmgnYT-euM9p1nyVl9U_tI.SeLvI98K6hDeTXW9ZR1pyIqOth3OJNrZNeZ9bXWfBK8&dib_tag=se&m=A31NFQQ4065CWX&marketplaceID=A19VAU5U5O7RUS&qid=1773377688&refinements=p_36%3A13000-13500&s=merchant-items&sr=1-282&xpid=Je23C5mlZKodo#customerReviews,Tajima Laser Distance Meter
B07WSMV3Z8,,,,
B07WN1C3CN,,145.03,https://www.amazon.sg/LOOK-GEO-TREKKING-VISION-BLACK/dp/B07WN1C3CN/ref=sr_1_283?dib=eyJ2IjoiMSJ9.zTPBjBwqYSwrlb5uqQijeMI0V1G6yn44NoucatBo3pCvRpO6gCjcpUDLVv_v76ZdFCWoj32iGiJ1geM80X8n56Rb3PqHACnlGfrZBeuPrpLrgfSSq2MA_kFLh5C9IjCY-rYgiGimvAsmzpp9g58wlKmgnYT-euM9p1nyVl9U_tI.SeLvI98K6hDeTXW9ZR1pyIqOth3OJNrZNeZ9bXWfBK8&dib_tag=se&m=A31NFQQ4065CWX&marketplaceID=A19VAU5U5O7RUS&qid=1773377688&refinements=p_36%3A13000-13500&s=merchant-items&sr=1-283&xpid=Je23C5mlZKodo#customerReviews,LOOK GEO TREKKING VISION BLACK
B07WN1C3CN,,,,
B07WN1C3CN,,145.03,https://www.amazon.sg/LOOK-GEO-TREKKING-VISION-BLACK/dp/B07WN1C3CN/ref=sr_1_289?dib=eyJ2IjoiMSJ9.lXpIhmmBoFrzc0RlB7FDQeQcjR4wogry3SS7Rs80oV4K5_RPIVLXU1wPzPCcu0Udgb7iIC9OSpZSTMOSc2KwJw.qgwYMmFRuVP3kAK7gGCaFoRA9JmjEzP1Kp5bYoFmH3k&dib_tag=se&m=A31NFQQ4065CWX&marketplaceID=A19VAU5U5O7RUS&qid=1773377693&refinements=p_36%3A13000-13500&s=merchant-items&sr=1-289&xpid=Je23C5mlZKodo#customerReviews,LOOK GEO TREKKING VISION BLACK
B07WN1C3CN,,,,
B07W5Y4NCG,,153.58,https://www.amazon.sg/SHIMANO-Trout-Rise-S60UL-Rod/dp/B07W5Y4NCG/ref=sr_1_290?dib=eyJ2IjoiMSJ9.lXpIhmmBoFrzc0RlB7FDQeQcjR4wogry3SS7Rs80oV4K5_RPIVLXU1wPzPCcu0Udgb7iIC9OSpZSTMOSc2KwJw.qgwYMmFRuVP3kAK7gGCaFoRA9JmjEzP1Kp5bYoFmH3k&dib_tag=se&m=A31NFQQ4065CWX&marketplaceID=A19VAU5U5O7RUS&qid=1773377693&refinements=p_36%3A13000-13500&s=merchant-items&sr=1-290&xpid=Je23C5mlZKodo#customerReviews,SHIMANO Trout Rise S60UL Trout Rod
B07W5Y4NCG,,,,
B07W1RYZ35,,147.57,https://www.amazon.sg/Good-Smile-Company-KonoSuba-Nendoroid/dp/B07W1RYZ35/ref=sr_1_291?dib=eyJ2IjoiMSJ9.lXpIhmmBoFrzc0RlB7FDQeQcjR4wogry3SS7Rs80oV4K5_RPIVLXU1wPzPCcu0Udgb7iIC9OSpZSTMOSc2KwJw.qgwYMmFRuVP3kAK7gGCaFoRA9JmjEzP1Kp5bYoFmH3k&dib_tag=se&m=A31NFQQ4065CWX&marketplaceID=A19VAU5U5O7RUS&qid=1773377693&refinements=p_36%3A13000-13500&s=merchant-items&sr=1-291&xpid=Je23C5mlZKodo#customerReviews,Good Smile Company Aqua KonoSuba Nendoroid Action Figure
B07VLMP5Y7,,133.34,https://www.amazon.sg/iittala-Rami-Wine-Glass-Pair/dp/B07VLMP5Y7/ref=sr_1_292?dib=eyJ2IjoiMSJ9.lXpIhmmBoFrzc0RlB7FDQeQcjR4wogry3SS7Rs80oV4K5_RPIVLXU1wPzPCcu0Udgb7iIC9OSpZSTMOSc2KwJw.qgwYMmFRuVP3kAK7gGCaFoRA9JmjEzP1Kp5bYoFmH3k&dib_tag=se&m=A31NFQQ4065CWX&marketplaceID=A19VAU5U5O7RUS&qid=1773377693&refinements=p_36%3A13000-13500&s=merchant-items&sr=1-292&xpid=Je23C5mlZKodo#customerReviews,"iittala Rami Red Wine Glass, 9.5 fl oz (280 ml), Pair"
B07VLMP5Y7,,,,
B07VHK85T7,,133.34,https://www.amazon.sg/Banpresto-39840-Academia-Heroes-Figure/dp/B07VHK85T7/ref=sr_1_293?dib=eyJ2IjoiMSJ9.lXpIhmmBoFrzc0RlB7FDQeQcjR4wogry3SS7Rs80oV4K5_RPIVLXU1wPzPCcu0Udgb7iIC9OSpZSTMOSc2KwJw.qgwYMmFRuVP3kAK7gGCaFoRA9JmjEzP1Kp5bYoFmH3k&dib_tag=se&m=A31NFQQ4065CWX&marketplaceID=A19VAU5U5O7RUS&qid=1773377693&refinements=p_36%3A13000-13500&s=merchant-items&sr=1-293&xpid=Je23C5mlZKodo#customerReviews,Banpresto 39840 My Hero Academia Age of Heroes Red Riot Figure
B07VBLP6KG,,137.59,https://www.amazon.sg/SEQUENZ-SC-B2N-Electronic-Piano-Soft/dp/B07VBLP6KG/ref=sr_1_289?dib=eyJ2IjoiMSJ9.vj6t_u0hZdEYcCkTw-EgZh9ervJgyDu5N4wRpCMoa1PkjhVLvu4PyWP2HFagn39RlEcdo5K_qCGL7m7YA-hcijDSH-SK7_-C-i2JaP1rbhPz7rNNzcXP-tJ18yTQuGNTZgKJgCNwSchdRP3Fj1lIpKPu-S7a4LmXKIkwAAOEFrA.s0rCFrMps5k8_9GNL7d56mLj31EDor9Ifi4IcA4GeBQ&dib_tag=se&m=A31NFQQ4065CWX&marketplaceID=A19VAU5U5O7RUS&qid=1773377693&refinements=p_36%3A13000-13500&s=merchant-items&sr=1-289&xpid=Je23C5mlZKodo#customerReviews,SEQUENZ SC-B2N Electronic Piano Soft Case for KORG B2N
B07VBLP6KG,,,,
B07TT63X42,,135.0,https://www.amazon.sg/shumeifang-Cookware-Utensils-Resistant-Certified/dp/B07TT63X42/ref=sr_1_290?dib=eyJ2IjoiMSJ9.vj6t_u0hZdEYcCkTw-EgZh9ervJgyDu5N4wRpCMoa1PkjhVLvu4PyWP2HFagn39RlEcdo5K_qCGL7m7YA-hcijDSH-SK7_-C-i2JaP1rbhPz7rNNzcXP-tJ18yTQuGNTZgKJgCNwSchdRP3Fj1lIpKPu-S7a4LmXKIkwAAOEFrA.s0rCFrMps5k8_9GNL7d56mLj31EDor9Ifi4IcA4GeBQ&dib_tag=se&m=A31NFQQ4065CWX&marketplaceID=A19VAU5U5O7RUS&qid=1773377693&refinements=p_36%3A13000-13500&s=merchant-items&sr=1-290&xpid=Je23C5mlZKodo#customerReviews,"Kitchen Tools Cookware Set of 11 Kitchen Utensils, Wooden Kitchen Tools, Cooking Tools, Baking Utensils, Heat Resistant Silicone, Japanese Food Safe Certified, FDA Approved, Cooking,"
B07TT63X42,,,,
B07TGCHSRK,,131.67,https://www.amazon.sg/Conutoo-Induction-Compatible-Supplement-Traditional/dp/B07TGCHSRK/ref=sr_1_291?dib=eyJ2IjoiMSJ9.vj6t_u0hZdEYcCkTw-EgZh9ervJgyDu5N4wRpCMoa1PkjhVLvu4PyWP2HFagn39RlEcdo5K_qCGL7m7YA-hcijDSH-SK7_-C-i2JaP1rbhPz7rNNzcXP-tJ18yTQuGNTZgKJgCNwSchdRP3Fj1lIpKPu-S7a4LmXKIkwAAOEFrA.s0rCFrMps5k8_9GNL7d56mLj31EDor9Ifi4IcA4GeBQ&dib_tag=se&m=A31NFQQ4065CWX&marketplaceID=A19VAU5U5O7RUS&qid=1773377693&refinements=p_36%3A13000-13500&s=merchant-items&sr=1-291&xpid=Je23C5mlZKodo,"Nambu Ironware, Tetsubin Induction Compatible, Kettle, Iron Bottle, Ironware, Castings, Tea Ceremony Tools, Iron Supplement, Traditional Crafts, Compatible with Various Heat Sources, Direct"
B07TGCHSRK,,,,
B07TBLC6QD,,154.11,https://www.amazon.sg/Megahouse-Actibuilder-SSSS-Gridman-Gridkight-Multicolor/dp/B07TBLC6QD/ref=sr_1_292?dib=eyJ2IjoiMSJ9.vj6t_u0hZdEYcCkTw-EgZh9ervJgyDu5N4wRpCMoa1PkjhVLvu4PyWP2HFagn39RlEcdo5K_qCGL7m7YA-hcijDSH-SK7_-C-i2JaP1rbhPz7rNNzcXP-tJ18yTQuGNTZgKJgCNwSchdRP3Fj1lIpKPu-S7a4LmXKIkwAAOEFrA.s0rCFrMps5k8_9GNL7d56mLj31EDor9Ifi4IcA4GeBQ&dib_tag=se&m=A31NFQQ4065CWX&marketplaceID=A19VAU5U5O7RUS&qid=1773377693&refinements=p_36%3A13000-13500&s=merchant-items&sr=1-292&xpid=Je23C5mlZKodo#customerReviews,"Megahouse Actibuilder SSSS.Gridman: Gridkight & Gridman Fighter Action Figure Set, Multicolor"
B07T4B55QG,,131.78,https://www.amazon.sg/ZOIDS-Zoids-Wild-ZW25-Beestriger/dp/B07T4B55QG/ref=sr_1_293?dib=eyJ2IjoiMSJ9.vj6t_u0hZdEYcCkTw-EgZh9ervJgyDu5N4wRpCMoa1PkjhVLvu4PyWP2HFagn39RlEcdo5K_qCGL7m7YA-hcijDSH-SK7_-C-i2JaP1rbhPz7rNNzcXP-tJ18yTQuGNTZgKJgCNwSchdRP3Fj1lIpKPu-S7a4LmXKIkwAAOEFrA.s0rCFrMps5k8_9GNL7d56mLj31EDor9Ifi4IcA4GeBQ&dib_tag=se&m=A31NFQQ4065CWX&marketplaceID=A19VAU5U5O7RUS&qid=1773377693&refinements=p_36%3A13000-13500&s=merchant-items&sr=1-293&xpid=Je23C5mlZKodo#customerReviews,ZOIDS Zoids Wild ZW25 Beestriger
B07SHSBN96,,134.91,https://www.amazon.sg/Bandai-Orikeshi-Marche-Recommended-Ages/dp/B07SHSBN96/ref=sr_1_294?dib=eyJ2IjoiMSJ9.vj6t_u0hZdEYcCkTw-EgZh9ervJgyDu5N4wRpCMoa1PkjhVLvu4PyWP2HFagn39RlEcdo5K_qCGL7m7YA-hcijDSH-SK7_-C-i2JaP1rbhPz7rNNzcXP-tJ18yTQuGNTZgKJgCNwSchdRP3Fj1lIpKPu-S7a4LmXKIkwAAOEFrA.s0rCFrMps5k8_9GNL7d56mLj31EDor9Ifi4IcA4GeBQ&dib_tag=se&m=A31NFQQ4065CWX&marketplaceID=A19VAU5U5O7RUS&qid=1773377693&refinements=p_36%3A13000-13500&s=merchant-items&sr=1-294&xpid=Je23C5mlZKodo#customerReviews,"Bandai Orikeshi Marche DX Box Set, Recommended for Ages 8 and Up"
B07S5PKJ89,,131.95,https://www.amazon.sg/Spitfire-Formula-Four-Tablets-Wheels/dp/B07S5PKJ89/ref=sr_1_295?dib=eyJ2IjoiMSJ9.vj6t_u0hZdEYcCkTw-EgZh9ervJgyDu5N4wRpCMoa1PkjhVLvu4PyWP2HFagn39RlEcdo5K_qCGL7m7YA-hcijDSH-SK7_-C-i2JaP1rbhPz7rNNzcXP-tJ18yTQuGNTZgKJgCNwSchdRP3Fj1lIpKPu-S7a4LmXKIkwAAOEFrA.s0rCFrMps5k8_9GNL7d56mLj31EDor9Ifi4IcA4GeBQ&dib_tag=se&m=A31NFQQ4065CWX&marketplaceID=A19VAU5U5O7RUS&qid=1773377693&refinements=p_36%3A13000-13500&s=merchant-items&sr=1-295&xpid=Je23C5mlZKodo#customerReviews,Spitfire Formula Four 99D Tablet Skateboard Wheels - Set of 4
B07S5PKJ89,,,,
B07RHZT2M5,,138.6,https://www.amazon.sg/Design-Fabulous-Emology-Kit-CFA-600/dp/B07RHZT2M5/ref=sr_1_296?dib=eyJ2IjoiMSJ9.vj6t_u0hZdEYcCkTw-EgZh9ervJgyDu5N4wRpCMoa1PkjhVLvu4PyWP2HFagn39RlEcdo5K_qCGL7m7YA-hcijDSH-SK7_-C-i2JaP1rbhPz7rNNzcXP-tJ18yTQuGNTZgKJgCNwSchdRP3Fj1lIpKPu-S7a4LmXKIkwAAOEFrA.s0rCFrMps5k8_9GNL7d56mLj31EDor9Ifi4IcA4GeBQ&dib_tag=se&m=A31NFQQ4065CWX&marketplaceID=A19VAU5U5O7RUS&qid=1773377693&refinements=p_36%3A13000-13500&s=merchant-items&sr=1-296&xpid=Je23C5mlZKodo,C&F Design Fabulous Emology Kit CFA-600/OW
B07RHZT2M5,,,,
B07QS7Q6VT,,143.58,https://www.amazon.sg/Kenko-Starry-Pollution-Reduction-Filter/dp/B07QS7Q6VT/ref=sr_1_297?dib=eyJ2IjoiMSJ9.vj6t_u0hZdEYcCkTw-EgZh9ervJgyDu5N4wRpCMoa1PkjhVLvu4PyWP2HFagn39RlEcdo5K_qCGL7m7YA-hcijDSH-SK7_-C-i2JaP1rbhPz7rNNzcXP-tJ18yTQuGNTZgKJgCNwSchdRP3Fj1lIpKPu-S7a4LmXKIkwAAOEFrA.s0rCFrMps5k8_9GNL7d56mLj31EDor9Ifi4IcA4GeBQ&dib_tag=se&m=A31NFQQ4065CWX&marketplaceID=A19VAU5U5O7RUS&qid=1773377693&refinements=p_36%3A13000-13500&s=merchant-items&sr=1-297&xpid=Je23C5mlZKodo#customerReviews,Kenko Starry Night Wide Angle Slim Ring 77mm Light Pollution Reduction Filter
B07QS7Q6VT,,,,
B07QLPZNPP,,131.96,https://www.amazon.sg/Kizuna-Pop-Parade-PVC-Figure/dp/B07QLPZNPP/ref=sr_1_298?dib=eyJ2IjoiMSJ9.vj6t_u0hZdEYcCkTw-EgZh9ervJgyDu5N4wRpCMoa1PkjhVLvu4PyWP2HFagn39RlEcdo5K_qCGL7m7YA-hcijDSH-SK7_-C-i2JaP1rbhPz7rNNzcXP-tJ18yTQuGNTZgKJgCNwSchdRP3Fj1lIpKPu-S7a4LmXKIkwAAOEFrA.s0rCFrMps5k8_9GNL7d56mLj31EDor9Ifi4IcA4GeBQ&dib_tag=se&m=A31NFQQ4065CWX&marketplaceID=A19VAU5U5O7RUS&qid=1773377693&refinements=p_36%3A13000-13500&s=merchant-items&sr=1-298&xpid=Je23C5mlZKodo#customerReviews,Kizuna Ai Pop Up Parade PVC Figure
B07Q6XP8DC,,148.69,https://www.amazon.sg/TAMASHII-NATIONS-Bandai-Figuarts-Endgame/dp/B07Q6XP8DC/ref=sr_1_299?dib=eyJ2IjoiMSJ9.vj6t_u0hZdEYcCkTw-EgZh9ervJgyDu5N4wRpCMoa1PkjhVLvu4PyWP2HFagn39RlEcdo5K_qCGL7m7YA-hcijDSH-SK7_-C-i2JaP1rbhPz7rNNzcXP-tJ18yTQuGNTZgKJgCNwSchdRP3Fj1lIpKPu-S7a4LmXKIkwAAOEFrA.s0rCFrMps5k8_9GNL7d56mLj31EDor9Ifi4IcA4GeBQ&dib_tag=se&m=A31NFQQ4065CWX&marketplaceID=A19VAU5U5O7RUS&qid=1773377693&refinements=p_36%3A13000-13500&s=merchant-items&sr=1-299&xpid=Je23C5mlZKodo#customerReviews,TAMASHII NATIONS Bandai S.H. Figuarts Iron Man MK-50 Nano Weapon Set 2 (Endgame Ver.)
B07Q33WLSX,,149.1,https://www.amazon.sg/Jojos-Bizarre-Adventure-Part-Action/dp/B07Q33WLSX/ref=sr_1_305?dib=eyJ2IjoiMSJ9.BxlzOBK3I-X28meMVU3r3BFBG7_AvVPCDpFE_MT3g-A.8ccXZHp4EAWyGkzg9QdrhvF2xO-8ZSu8FjcU1nDIRz8&dib_tag=se&m=A31NFQQ4065CWX&marketplaceID=A19VAU5U5O7RUS&qid=1773377698&refinements=p_36%3A13000-13500&s=merchant-items&sr=1-305&xpid=Je23C5mlZKodo#customerReviews,Jojo's Bizarre Adventure Part 2: Chozo Kado Wamuu Super Action Statue Figure
B07Q1HFZ6P,,130.38,https://www.amazon.sg/ZOOM-Zoom-Carrying-Bag-CBR-16/dp/B07Q1HFZ6P/ref=sr_1_306?dib=eyJ2IjoiMSJ9.BxlzOBK3I-X28meMVU3r3BFBG7_AvVPCDpFE_MT3g-A.8ccXZHp4EAWyGkzg9QdrhvF2xO-8ZSu8FjcU1nDIRz8&dib_tag=se&m=A31NFQQ4065CWX&marketplaceID=A19VAU5U5O7RUS&qid=1773377698&refinements=p_36%3A13000-13500&s=merchant-items&sr=1-306&xpid=Je23C5mlZKodo#customerReviews,ZOOM Zoom Carrying Bag for R16/R24/V6 CBR-16
B07Q1HFZ6P,,,,
