ASIN,Brand,Price,URL,Title
B01HV9BD8A,Audio CD,188.34,https://www.amazon.sg/Mahler-Symphonies-Christmas-Matinee/dp/B01HV9BD8A/ref=sr_1_1?dib=eyJ2IjoiMSJ9.4ZLVd4xK_FyiKo7--B1IRMG8_iLiuxM1hs-P7ESKsycFzUeHVkITRA3O_Uq4K-Ny1gPFLGZ5T51ebIxjri4IJOD8gvTRgFuaPDHp_a4qO-P_KLxnFbIwJbnrCjWSC0fVowXVWBXaP2h6L7ogrx_RGv8wHIMW7TpJnC4QPGHwpiVwtoql1jNkTDWfsSwrQdz0QNC-fFm1lbX9bDmN7RHAwNRmNqthCmfJdkQ1iwycCMc.ICrkduLQZ6pB_-9MGGq-uoAcD8QXm4344J9HruCep5c&dib_tag=se&m=A31NFQQ4065CWX&marketplaceID=A19VAU5U5O7RUS&qid=1773378702&refinements=p_36%3A18500-19000&s=merchant-items&sr=1-1#customerReviews,Mahler: Symphonies - Christmas Matinee
B0007NOMQ8,,186.37,https://www.amazon.sg/Bandai-Soul-Soft-Vinyl-Japan/dp/B0007NOMQ8/ref=sr_1_2?dib=eyJ2IjoiMSJ9.4ZLVd4xK_FyiKo7--B1IRMG8_iLiuxM1hs-P7ESKsycFzUeHVkITRA3O_Uq4K-Ny1gPFLGZ5T51ebIxjri4IJOD8gvTRgFuaPDHp_a4qO-P_KLxnFbIwJbnrCjWSC0fVowXVWBXaP2h6L7ogrx_RGv8wHIMW7TpJnC4QPGHwpiVwtoql1jNkTDWfsSwrQdz0QNC-fFm1lbX9bDmN7RHAwNRmNqthCmfJdkQ1iwycCMc.ICrkduLQZ6pB_-9MGGq-uoAcD8QXm4344J9HruCep5c&dib_tag=se&m=A31NFQQ4065CWX&marketplaceID=A19VAU5U5O7RUS&qid=1773378702&refinements=p_36%3A18500-19000&s=merchant-items&sr=1-2#customerReviews,Bandai Soul Of Soft Vinyl Evil (Japan Import)
B00ENTI3C6,Comic,187.31,https://www.amazon.sg/Silver-Spoon-%E3%82%B3%E3%83%9F%E3%83%83%E3%82%AF%E3%82%BB%E3%83%83%E3%83%88-%E5%B0%91%E5%B9%B4%E3%82%B5%E3%83%B3%E3%83%87%E3%83%BC%E3%82%B3%E3%83%9F%E3%83%83%E3%82%AF%E3%82%B9-%E3%83%9E%E3%83%BC%E3%82%B1%E3%83%83%E3%83%88%E3%83%97%E3%83%AC%E3%82%A4%E3%82%B9%E3%82%BB%E3%83%83%E3%83%88/dp/B00ENTI3C6/ref=sr_1_3?dib=eyJ2IjoiMSJ9.4ZLVd4xK_FyiKo7--B1IRMG8_iLiuxM1hs-P7ESKsycFzUeHVkITRA3O_Uq4K-Ny1gPFLGZ5T51ebIxjri4IJOD8gvTRgFuaPDHp_a4qO-P_KLxnFbIwJbnrCjWSC0fVowXVWBXaP2h6L7ogrx_RGv8wHIMW7TpJnC4QPGHwpiVwtoql1jNkTDWfsSwrQdz0QNC-fFm1lbX9bDmN7RHAwNRmNqthCmfJdkQ1iwycCMc.ICrkduLQZ6pB_-9MGGq-uoAcD8QXm4344J9HruCep5c&dib_tag=se&m=A31NFQQ4065CWX&marketplaceID=A19VAU5U5O7RUS&qid=1773378702&refinements=p_36%3A18500-19000&s=merchant-items&sr=1-3#customerReviews,銀の匙 Silver Spoon コミックセット (少年サンデーコミックス) [マーケットプレイスセット]
B00ENTI3C6,,,,
4896420179,Tankobon Hardcover,188.81,https://www.amazon.sg/%E7%B5%90%E5%9F%8E%E4%BF%A1%E4%B8%80%E5%85%A8%E9%9B%86-%E7%AC%AC3%E5%B7%BB/dp/4896420179/ref=sr_1_4?dib=eyJ2IjoiMSJ9.4ZLVd4xK_FyiKo7--B1IRMG8_iLiuxM1hs-P7ESKsycFzUeHVkITRA3O_Uq4K-Ny1gPFLGZ5T51ebIxjri4IJOD8gvTRgFuaPDHp_a4qO-P_KLxnFbIwJbnrCjWSC0fVowXVWBXaP2h6L7ogrx_RGv8wHIMW7TpJnC4QPGHwpiVwtoql1jNkTDWfsSwrQdz0QNC-fFm1lbX9bDmN7RHAwNRmNqthCmfJdkQ1iwycCMc.ICrkduLQZ6pB_-9MGGq-uoAcD8QXm4344J9HruCep5c&dib_tag=se&m=A31NFQQ4065CWX&marketplaceID=A19VAU5U5O7RUS&qid=1773378702&refinements=p_36%3A18500-19000&s=merchant-items&sr=1-4,結城信一全集 (第3巻)
4896420179,,,,
4895924912,Tankobon Hardcover,,https://www.amazon.sg/%E5%B0%8F%E5%85%90%E7%A7%91%E3%82%B7%E3%83%BC%E3%82%AF%E3%83%AC%E3%83%83%E3%83%88-%E3%82%B7%E3%83%BC%E3%82%AF%E3%83%AC%E3%83%83%E3%83%88%E3%82%B7%E3%83%AA%E3%83%BC%E3%82%BA/dp/4895924912/ref=sr_1_5?dib=eyJ2IjoiMSJ9.4ZLVd4xK_FyiKo7--B1IRMG8_iLiuxM1hs-P7ESKsycFzUeHVkITRA3O_Uq4K-Ny1gPFLGZ5T51ebIxjri4IJOD8gvTRgFuaPDHp_a4qO-P_KLxnFbIwJbnrCjWSC0fVowXVWBXaP2h6L7ogrx_RGv8wHIMW7TpJnC4QPGHwpiVwtoql1jNkTDWfsSwrQdz0QNC-fFm1lbX9bDmN7RHAwNRmNqthCmfJdkQ1iwycCMc.ICrkduLQZ6pB_-9MGGq-uoAcD8QXm4344J9HruCep5c&dib_tag=se&m=A31NFQQ4065CWX&marketplaceID=A19VAU5U5O7RUS&qid=1773378702&refinements=p_36%3A18500-19000&s=merchant-items&sr=1-5#customerReviews,小児科シークレット (シークレットシリーズ)
4886217583,Tankobon Hardcover,187.12,https://www.amazon.sg/%E5%BC%A5%E7%94%9F%E6%99%82%E4%BB%A3%E4%BA%BA%E7%89%A9%E9%80%A0%E5%BD%A2%E5%93%81%E3%81%AE%E7%A0%94%E7%A9%B6-%E8%A8%AD%E6%A5%BD-%E5%8D%9A%E5%B7%B1/dp/4886217583/ref=sr_1_6?dib=eyJ2IjoiMSJ9.4ZLVd4xK_FyiKo7--B1IRMG8_iLiuxM1hs-P7ESKsycFzUeHVkITRA3O_Uq4K-Ny1gPFLGZ5T51ebIxjri4IJOD8gvTRgFuaPDHp_a4qO-P_KLxnFbIwJbnrCjWSC0fVowXVWBXaP2h6L7ogrx_RGv8wHIMW7TpJnC4QPGHwpiVwtoql1jNkTDWfsSwrQdz0QNC-fFm1lbX9bDmN7RHAwNRmNqthCmfJdkQ1iwycCMc.ICrkduLQZ6pB_-9MGGq-uoAcD8QXm4344J9HruCep5c&dib_tag=se&m=A31NFQQ4065CWX&marketplaceID=A19VAU5U5O7RUS&qid=1773378702&refinements=p_36%3A18500-19000&s=merchant-items&sr=1-6,弥生時代人物造形品の研究
4886217583,,,,
4872947231,Tankobon Hardcover,,https://www.amazon.sg/%E9%96%A2%E6%9D%B1%E3%81%AE%E6%88%A6%E5%9B%BD%E6%9C%9F%E9%A0%98%E4%B8%BB%E3%81%A8%E6%B5%81%E9%80%9A_%E5%B2%A9%E4%BB%98%E3%83%BB%E5%B9%B8%E6%89%8B%E3%83%BB%E9%96%A2%E5%AE%BF-%E6%88%A6%E5%9B%BD%E5%8F%B2%E7%A0%94%E7%A9%B6%E5%8F%A2%E6%9B%B8-8-%E6%96%B0%E4%BA%95-%E6%B5%A9%E6%96%87/dp/4872947231/ref=sr_1_7?dib=eyJ2IjoiMSJ9.4ZLVd4xK_FyiKo7--B1IRMG8_iLiuxM1hs-P7ESKsycFzUeHVkITRA3O_Uq4K-Ny1gPFLGZ5T51ebIxjri4IJOD8gvTRgFuaPDHp_a4qO-P_KLxnFbIwJbnrCjWSC0fVowXVWBXaP2h6L7ogrx_RGv8wHIMW7TpJnC4QPGHwpiVwtoql1jNkTDWfsSwrQdz0QNC-fFm1lbX9bDmN7RHAwNRmNqthCmfJdkQ1iwycCMc.ICrkduLQZ6pB_-9MGGq-uoAcD8QXm4344J9HruCep5c&dib_tag=se&m=A31NFQQ4065CWX&marketplaceID=A19VAU5U5O7RUS&qid=1773378702&refinements=p_36%3A18500-19000&s=merchant-items&sr=1-7,関東の戦国期領主と流通―岩付・幸手・関宿 (戦国史研究叢書 8)
4832271865,Comic,186.0,https://www.amazon.sg/%E3%81%8D%E3%82%93%E3%81%84%E3%82%8D%E3%83%A2%E3%82%B6%E3%82%A4%E3%82%AF-11-%E3%81%BE%E3%82%93%E3%81%8C%E3%82%BF%E3%82%A4%E3%83%A0KR%E3%82%B3%E3%83%9F%E3%83%83%E3%82%AF%E3%82%B9-%E5%8E%9F%E6%82%A0%E8%A1%A3/dp/4832271865/ref=sr_1_8?dib=eyJ2IjoiMSJ9.4ZLVd4xK_FyiKo7--B1IRMG8_iLiuxM1hs-P7ESKsycFzUeHVkITRA3O_Uq4K-Ny1gPFLGZ5T51ebIxjri4IJOD8gvTRgFuaPDHp_a4qO-P_KLxnFbIwJbnrCjWSC0fVowXVWBXaP2h6L7ogrx_RGv8wHIMW7TpJnC4QPGHwpiVwtoql1jNkTDWfsSwrQdz0QNC-fFm1lbX9bDmN7RHAwNRmNqthCmfJdkQ1iwycCMc.ICrkduLQZ6pB_-9MGGq-uoAcD8QXm4344J9HruCep5c&dib_tag=se&m=A31NFQQ4065CWX&marketplaceID=A19VAU5U5O7RUS&qid=1773378702&refinements=p_36%3A18500-19000&s=merchant-items&sr=1-8#customerReviews,きんいろモザイク (11) (まんがタイムKRコミックス)
4832271865,,,,
4772241817,Tankobon Hardcover,,https://www.amazon.sg/%E5%88%9D%E5%A9%9A%E9%96%A2%E6%95%B0%E3%81%AE%E6%95%B0%E7%90%86_%E7%A9%8D%E5%88%86%E6%96%B9%E7%A8%8B%E5%BC%8F%E3%81%A8%E3%81%97%E3%81%A6%E3%81%AE%E5%AE%9A%E5%BC%8F%E5%8C%96%E3%83%BB%E3%81%9D%E3%81%AE%E5%8B%95%E6%85%8B%E5%8C%96%E3%81%A8%E5%88%9D%E5%A9%9A%E7%94%9F%E6%88%90%E3%81%AE%E4%BA%88%E6%B8%AC-%E6%B1%A0-%E5%91%A8%E4%B8%80%E9%83%8E/dp/4772241817/ref=sr_1_9?dib=eyJ2IjoiMSJ9.4ZLVd4xK_FyiKo7--B1IRMG8_iLiuxM1hs-P7ESKsycFzUeHVkITRA3O_Uq4K-Ny1gPFLGZ5T51ebIxjri4IJOD8gvTRgFuaPDHp_a4qO-P_KLxnFbIwJbnrCjWSC0fVowXVWBXaP2h6L7ogrx_RGv8wHIMW7TpJnC4QPGHwpiVwtoql1jNkTDWfsSwrQdz0QNC-fFm1lbX9bDmN7RHAwNRmNqthCmfJdkQ1iwycCMc.ICrkduLQZ6pB_-9MGGq-uoAcD8QXm4344J9HruCep5c&dib_tag=se&m=A31NFQQ4065CWX&marketplaceID=A19VAU5U5O7RUS&qid=1773378702&refinements=p_36%3A18500-19000&s=merchant-items&sr=1-9,初婚関数の数理―積分方程式としての定式化・その動態化と初婚生成の予測
4393112210,Tankobon Hardcover,187.23,https://www.amazon.sg/%E5%8E%9F%E5%A7%8B%E4%BB%8F%E5%85%B8%E3%80%88%E7%AC%AC1%E5%B7%BB%E3%80%89%E9%95%B7%E9%83%A8%E7%B5%8C%E5%85%B81/dp/4393112210/ref=sr_1_10?dib=eyJ2IjoiMSJ9.4ZLVd4xK_FyiKo7--B1IRMG8_iLiuxM1hs-P7ESKsycFzUeHVkITRA3O_Uq4K-Ny1gPFLGZ5T51ebIxjri4IJOD8gvTRgFuaPDHp_a4qO-P_KLxnFbIwJbnrCjWSC0fVowXVWBXaP2h6L7ogrx_RGv8wHIMW7TpJnC4QPGHwpiVwtoql1jNkTDWfsSwrQdz0QNC-fFm1lbX9bDmN7RHAwNRmNqthCmfJdkQ1iwycCMc.ICrkduLQZ6pB_-9MGGq-uoAcD8QXm4344J9HruCep5c&dib_tag=se&m=A31NFQQ4065CWX&marketplaceID=A19VAU5U5O7RUS&qid=1773378702&refinements=p_36%3A18500-19000&s=merchant-items&sr=1-10#customerReviews,原始仏典〈第1巻〉長部経典1 (　)
4393112210,,,,
B09KZPHC2Q,,205.64,https://www.amazon.sg/Mammut-Lithium-25-Lightweight-trekking/dp/B09KZPHC2Q/ref=sr_1_11?dib=eyJ2IjoiMSJ9.4ZLVd4xK_FyiKo7--B1IRMG8_iLiuxM1hs-P7ESKsycFzUeHVkITRA3O_Uq4K-Ny1gPFLGZ5T51ebIxjri4IJOD8gvTRgFuaPDHp_a4qO-P_KLxnFbIwJbnrCjWSC0fVowXVWBXaP2h6L7ogrx_RGv8wHIMW7TpJnC4QPGHwpiVwtoql1jNkTDWfsSwrQdz0QNC-fFm1lbX9bDmN7RHAwNRmNqthCmfJdkQ1iwycCMc.ICrkduLQZ6pB_-9MGGq-uoAcD8QXm4344J9HruCep5c&dib_tag=se&m=A31NFQQ4065CWX&marketplaceID=A19VAU5U5O7RUS&qid=1773378702&refinements=p_36%3A18500-19000&s=merchant-items&sr=1-11#customerReviews,バックパック [マムート] リチウム 25L / Lithium 25
B09KZPHC2Q,,,,
B0B3H251F5,,220.81,https://www.amazon.sg/Nikon-Binoculars-Prostaff-P7-8x30/dp/B0B3H251F5/ref=sr_1_12?dib=eyJ2IjoiMSJ9.4ZLVd4xK_FyiKo7--B1IRMG8_iLiuxM1hs-P7ESKsycFzUeHVkITRA3O_Uq4K-Ny1gPFLGZ5T51ebIxjri4IJOD8gvTRgFuaPDHp_a4qO-P_KLxnFbIwJbnrCjWSC0fVowXVWBXaP2h6L7ogrx_RGv8wHIMW7TpJnC4QPGHwpiVwtoql1jNkTDWfsSwrQdz0QNC-fFm1lbX9bDmN7RHAwNRmNqthCmfJdkQ1iwycCMc.ICrkduLQZ6pB_-9MGGq-uoAcD8QXm4344J9HruCep5c&dib_tag=se&m=A31NFQQ4065CWX&marketplaceID=A19VAU5U5O7RUS&qid=1773378702&refinements=p_36%3A18500-19000&s=merchant-items&sr=1-12#customerReviews,Nikon Binoculars Prostaff P7 8x30
B0B3H251F5,,,,
B004VMWZLU,,220.8,https://www.amazon.sg/Wera-Kraftform-Kompakt-Zyklop-Speed/dp/B004VMWZLU/ref=sr_1_13?dib=eyJ2IjoiMSJ9.4ZLVd4xK_FyiKo7--B1IRMG8_iLiuxM1hs-P7ESKsycFzUeHVkITRA3O_Uq4K-Ny1gPFLGZ5T51ebIxjri4IJOD8gvTRgFuaPDHp_a4qO-P_KLxnFbIwJbnrCjWSC0fVowXVWBXaP2h6L7ogrx_RGv8wHIMW7TpJnC4QPGHwpiVwtoql1jNkTDWfsSwrQdz0QNC-fFm1lbX9bDmN7RHAwNRmNqthCmfJdkQ1iwycCMc.ICrkduLQZ6pB_-9MGGq-uoAcD8QXm4344J9HruCep5c&dib_tag=se&m=A31NFQQ4065CWX&marketplaceID=A19VAU5U5O7RUS&qid=1773378702&refinements=p_36%3A18500-19000&s=merchant-items&sr=1-13#customerReviews,"Wera 05051045001 | Kraftform Kompakt Zyklop Speed Ratchet Set (Soft Case), 26 Piece"
B004VMWZLU,,,,
B0D2WX2M3W,,189.1,https://www.amazon.sg/Pok%C3%A9mon-Paradise-Dragona-Booster-Display/dp/B0D2WX2M3W/ref=sr_1_14?dib=eyJ2IjoiMSJ9.4ZLVd4xK_FyiKo7--B1IRMG8_iLiuxM1hs-P7ESKsycFzUeHVkITRA3O_Uq4K-Ny1gPFLGZ5T51ebIxjri4IJOD8gvTRgFuaPDHp_a4qO-P_KLxnFbIwJbnrCjWSC0fVowXVWBXaP2h6L7ogrx_RGv8wHIMW7TpJnC4QPGHwpiVwtoql1jNkTDWfsSwrQdz0QNC-fFm1lbX9bDmN7RHAwNRmNqthCmfJdkQ1iwycCMc.ICrkduLQZ6pB_-9MGGq-uoAcD8QXm4344J9HruCep5c&dib_tag=se&m=A31NFQQ4065CWX&marketplaceID=A19VAU5U5O7RUS&qid=1773378702&refinements=p_36%3A18500-19000&s=merchant-items&sr=1-14#customerReviews,Pokémon Paradise Dragona (sv7a) Booster Display - JPN
B0D2WX2M3W,,,,
B001KAIBGE,,189.0,https://www.amazon.sg/137199-Backrest-Adjustable-Pressure-Dispersion/dp/B001KAIBGE/ref=sr_1_15?dib=eyJ2IjoiMSJ9.4ZLVd4xK_FyiKo7--B1IRMG8_iLiuxM1hs-P7ESKsycFzUeHVkITRA3O_Uq4K-Ny1gPFLGZ5T51ebIxjri4IJOD8gvTRgFuaPDHp_a4qO-P_KLxnFbIwJbnrCjWSC0fVowXVWBXaP2h6L7ogrx_RGv8wHIMW7TpJnC4QPGHwpiVwtoql1jNkTDWfsSwrQdz0QNC-fFm1lbX9bDmN7RHAwNRmNqthCmfJdkQ1iwycCMc.ICrkduLQZ6pB_-9MGGq-uoAcD8QXm4344J9HruCep5c&dib_tag=se&m=A31NFQQ4065CWX&marketplaceID=A19VAU5U5O7RUS&qid=1773378702&refinements=p_36%3A18500-19000&s=merchant-items&sr=1-15#customerReviews,"Tempur 137199 Cushion, Lumbar Support, For Chairs, Lower Back Support, Place On Backrest, Posture Support, Adjustable Height, Back Cover, Waist Pads, Body Pressure Dispersion, Chair Pad, Dark Blue,"
B001KAIBGE,,,,
B075FWQ669,,209.82,https://www.amazon.sg/Gauge-Primary-2024-Train-Locomotive/dp/B075FWQ669/ref=sr_1_16?dib=eyJ2IjoiMSJ9.4ZLVd4xK_FyiKo7--B1IRMG8_iLiuxM1hs-P7ESKsycFzUeHVkITRA3O_Uq4K-Ny1gPFLGZ5T51ebIxjri4IJOD8gvTRgFuaPDHp_a4qO-P_KLxnFbIwJbnrCjWSC0fVowXVWBXaP2h6L7ogrx_RGv8wHIMW7TpJnC4QPGHwpiVwtoql1jNkTDWfsSwrQdz0QNC-fFm1lbX9bDmN7RHAwNRmNqthCmfJdkQ1iwycCMc.ICrkduLQZ6pB_-9MGGq-uoAcD8QXm4344J9HruCep5c&dib_tag=se&m=A31NFQQ4065CWX&marketplaceID=A19VAU5U5O7RUS&qid=1773378702&refinements=p_36%3A18500-19000&s=merchant-items&sr=1-16#customerReviews,"KATO N Gauge C57 Primary Type 2024 Train Model Steam Locomotive, Black"
B075FWQ669,,,,
B0BGKMN6D7,,186.63,https://www.amazon.sg/pokemon-mecha-nage-ball/dp/B0BGKMN6D7/ref=sr_1_17?dib=eyJ2IjoiMSJ9.mygFmJBC-Gym1eYo1fnB-dPel3Xa4-idBeIyJMlVXVSmc4QGqINxbm_yYzR7M6_hVByETKgqe_WJjB_rkEJ5HbepSK-uRXOc8617ixdgwXovNvNeiOa2Kkc31vi17lJ1o50lKlaiAv5ndteJe01KeX8OPQHVMA4oIv9Ya_UCOTI6d_2p7J8tVwkhh5v66EZTx0EvA5w-dWGt4LA7xJjuTYAt704wrkYsgFohDBLjwSs.XkdTeQ_ha9k3fxdlIf5oLdcoiCSZOfytO0HW_7lys_M&dib_tag=se&m=A31NFQQ4065CWX&marketplaceID=A19VAU5U5O7RUS&qid=1773378709&refinements=p_36%3A18500-19000&s=merchant-items&sr=1-17&xpid=muRFYqH7pYs9s#customerReviews,pokemon pokemon mecha nage! pokemon ball
B0BGKMN6D7,,,,
B0B5WJDKWZ,,187.28,https://www.amazon.sg/ME22421-Bizarre-Adventure-Yoshikage-Approx/dp/B0B5WJDKWZ/ref=sr_1_18?dib=eyJ2IjoiMSJ9.mygFmJBC-Gym1eYo1fnB-dPel3Xa4-idBeIyJMlVXVSmc4QGqINxbm_yYzR7M6_hVByETKgqe_WJjB_rkEJ5HbepSK-uRXOc8617ixdgwXovNvNeiOa2Kkc31vi17lJ1o50lKlaiAv5ndteJe01KeX8OPQHVMA4oIv9Ya_UCOTI6d_2p7J8tVwkhh5v66EZTx0EvA5w-dWGt4LA7xJjuTYAt704wrkYsgFohDBLjwSs.XkdTeQ_ha9k3fxdlIf5oLdcoiCSZOfytO0HW_7lys_M&dib_tag=se&m=A31NFQQ4065CWX&marketplaceID=A19VAU5U5O7RUS&qid=1773378709&refinements=p_36%3A18500-19000&s=merchant-items&sr=1-18&xpid=muRFYqH7pYs9s#customerReviews,"Super Action Statue ME22421 JoJo's Bizarre Adventure Part 4 ""Kira Yoshikage Second"" Approx. 6.3 inches (160 mm) PVC & ABS & Nylon Painted Action Figure"
B0B3HLRJJW,,185.0,https://www.amazon.sg/Yamazaki-Industries-Folding-Elevated-Foldable/dp/B0B3HLRJJW/ref=sr_1_19?dib=eyJ2IjoiMSJ9.mygFmJBC-Gym1eYo1fnB-dPel3Xa4-idBeIyJMlVXVSmc4QGqINxbm_yYzR7M6_hVByETKgqe_WJjB_rkEJ5HbepSK-uRXOc8617ixdgwXovNvNeiOa2Kkc31vi17lJ1o50lKlaiAv5ndteJe01KeX8OPQHVMA4oIv9Ya_UCOTI6d_2p7J8tVwkhh5v66EZTx0EvA5w-dWGt4LA7xJjuTYAt704wrkYsgFohDBLjwSs.XkdTeQ_ha9k3fxdlIf5oLdcoiCSZOfytO0HW_7lys_M&dib_tag=se&m=A31NFQQ4065CWX&marketplaceID=A19VAU5U5O7RUS&qid=1773378709&refinements=p_36%3A18500-19000&s=merchant-items&sr=1-19&xpid=muRFYqH7pYs9s#customerReviews,"Yamazaki Industries 5662 Folding Elevated Laundry Basket, Black, Approx. W 18.1 x D 14.0 x H 27.6 inches (46 x 35.5 x 70 cm) (when in use), Tower Laundry Bag, Foldable, Laundry Basket"
B0B3HLRJJW,,,,
B00T957WQ2,,200.35,https://www.amazon.sg/Tamiya-electric-No-610-chassis-off-road/dp/B00T957WQ2/ref=sr_1_20?dib=eyJ2IjoiMSJ9.mygFmJBC-Gym1eYo1fnB-dPel3Xa4-idBeIyJMlVXVSmc4QGqINxbm_yYzR7M6_hVByETKgqe_WJjB_rkEJ5HbepSK-uRXOc8617ixdgwXovNvNeiOa2Kkc31vi17lJ1o50lKlaiAv5ndteJe01KeX8OPQHVMA4oIv9Ya_UCOTI6d_2p7J8tVwkhh5v66EZTx0EvA5w-dWGt4LA7xJjuTYAt704wrkYsgFohDBLjwSs.XkdTeQ_ha9k3fxdlIf5oLdcoiCSZOfytO0HW_7lys_M&dib_tag=se&m=A31NFQQ4065CWX&marketplaceID=A19VAU5U5O7RUS&qid=1773378709&refinements=p_36%3A18500-19000&s=merchant-items&sr=1-20&xpid=muRFYqH7pYs9s#customerReviews,Tamiya 1/10 electric RC Car Series No.610 acro shot (DT-03T chassis) off-road 58610
B00T957WQ2,,,,
B00GGZI30M,,189.46,https://www.amazon.sg/Tombo-1921S-Harmonica-Premium-Iwasaki/dp/B00GGZI30M/ref=sr_1_21?dib=eyJ2IjoiMSJ9.mygFmJBC-Gym1eYo1fnB-dPel3Xa4-idBeIyJMlVXVSmc4QGqINxbm_yYzR7M6_hVByETKgqe_WJjB_rkEJ5HbepSK-uRXOc8617ixdgwXovNvNeiOa2Kkc31vi17lJ1o50lKlaiAv5ndteJe01KeX8OPQHVMA4oIv9Ya_UCOTI6d_2p7J8tVwkhh5v66EZTx0EvA5w-dWGt4LA7xJjuTYAt704wrkYsgFohDBLjwSs.XkdTeQ_ha9k3fxdlIf5oLdcoiCSZOfytO0HW_7lys_M&dib_tag=se&m=A31NFQQ4065CWX&marketplaceID=A19VAU5U5O7RUS&qid=1773378709&refinements=p_36%3A18500-19000&s=merchant-items&sr=1-21&xpid=muRFYqH7pYs9s#customerReviews,Tombo 1921S-E Double Harmonica Super Premium Iwasaki Solo
B00GGZI30M,,,,
B0CJ2BTCJX,,188.75,https://www.amazon.sg/Medicos-Entertainment-Statue-Bizarre-Adventure/dp/B0CJ2BTCJX/ref=sr_1_22?dib=eyJ2IjoiMSJ9.mygFmJBC-Gym1eYo1fnB-dPel3Xa4-idBeIyJMlVXVSmc4QGqINxbm_yYzR7M6_hVByETKgqe_WJjB_rkEJ5HbepSK-uRXOc8617ixdgwXovNvNeiOa2Kkc31vi17lJ1o50lKlaiAv5ndteJe01KeX8OPQHVMA4oIv9Ya_UCOTI6d_2p7J8tVwkhh5v66EZTx0EvA5w-dWGt4LA7xJjuTYAt704wrkYsgFohDBLjwSs.XkdTeQ_ha9k3fxdlIf5oLdcoiCSZOfytO0HW_7lys_M&dib_tag=se&m=A31NFQQ4065CWX&marketplaceID=A19VAU5U5O7RUS&qid=1773378709&refinements=p_36%3A18500-19000&s=merchant-items&sr=1-22&xpid=muRFYqH7pYs9s,"Medicos Entertainment Statue Legend JoJo's Bizarre Adventure Part 3 Cream Ver.SP Second: Approx. 8.3 inches (210 mm), PVC & ABS, Painted Finished Figure"
B0C466SLQS,,206.95,https://www.amazon.sg/Tamiya-Toyota-Racing-Chassis-58716/dp/B0C466SLQS/ref=sr_1_23?dib=eyJ2IjoiMSJ9.mygFmJBC-Gym1eYo1fnB-dPel3Xa4-idBeIyJMlVXVSmc4QGqINxbm_yYzR7M6_hVByETKgqe_WJjB_rkEJ5HbepSK-uRXOc8617ixdgwXovNvNeiOa2Kkc31vi17lJ1o50lKlaiAv5ndteJe01KeX8OPQHVMA4oIv9Ya_UCOTI6d_2p7J8tVwkhh5v66EZTx0EvA5w-dWGt4LA7xJjuTYAt704wrkYsgFohDBLjwSs.XkdTeQ_ha9k3fxdlIf5oLdcoiCSZOfytO0HW_7lys_M&dib_tag=se&m=A31NFQQ4065CWX&marketplaceID=A19VAU5U5O7RUS&qid=1773378709&refinements=p_36%3A18500-19000&s=merchant-items&sr=1-23&xpid=muRFYqH7pYs9s#customerReviews,Tamiya 1/10 Toyota GAZOO Racing WRT GR Yaris Rally1 Hybrid TT-02 Chassis RC Kit 58716
B0C466SLQS,,,,
B0BX2KZ9ZZ,,185.32,https://www.amazon.sg/TAMASHII-NATIONS-Deadpool-Spirits-S-H-Figuarts/dp/B0BX2KZ9ZZ/ref=sr_1_24?dib=eyJ2IjoiMSJ9.mygFmJBC-Gym1eYo1fnB-dPel3Xa4-idBeIyJMlVXVSmc4QGqINxbm_yYzR7M6_hVByETKgqe_WJjB_rkEJ5HbepSK-uRXOc8617ixdgwXovNvNeiOa2Kkc31vi17lJ1o50lKlaiAv5ndteJe01KeX8OPQHVMA4oIv9Ya_UCOTI6d_2p7J8tVwkhh5v66EZTx0EvA5w-dWGt4LA7xJjuTYAt704wrkYsgFohDBLjwSs.XkdTeQ_ha9k3fxdlIf5oLdcoiCSZOfytO0HW_7lys_M&dib_tag=se&m=A31NFQQ4065CWX&marketplaceID=A19VAU5U5O7RUS&qid=1773378709&refinements=p_36%3A18500-19000&s=merchant-items&sr=1-24&xpid=muRFYqH7pYs9s#customerReviews,"TAMASHII NATIONS - Deadpool 2 - Deadpool (Deadpool 2), Bandai Spirits S.H.Figuarts Action Figure"
B0BKTXC5TH,,212.2,https://www.amazon.sg/Bandai-Tamashii-Nations-Dragon-Super/dp/B0BKTXC5TH/ref=sr_1_25?dib=eyJ2IjoiMSJ9.mygFmJBC-Gym1eYo1fnB-dPel3Xa4-idBeIyJMlVXVSmc4QGqINxbm_yYzR7M6_hVByETKgqe_WJjB_rkEJ5HbepSK-uRXOc8617ixdgwXovNvNeiOa2Kkc31vi17lJ1o50lKlaiAv5ndteJe01KeX8OPQHVMA4oIv9Ya_UCOTI6d_2p7J8tVwkhh5v66EZTx0EvA5w-dWGt4LA7xJjuTYAt704wrkYsgFohDBLjwSs.XkdTeQ_ha9k3fxdlIf5oLdcoiCSZOfytO0HW_7lys_M&dib_tag=se&m=A31NFQQ4065CWX&marketplaceID=A19VAU5U5O7RUS&qid=1773378709&refinements=p_36%3A18500-19000&s=merchant-items&sr=1-25&xpid=muRFYqH7pYs9s#customerReviews,Bandai Tamashii Nations Dragon Ball Super: Super Hero - Gamma 1 - Figure S.H. Figuarts 14 cm
B0B87TVKHR,,190.0,https://www.amazon.sg/Official-Limited-ReFa-Shampoo-Treatment/dp/B0B87TVKHR/ref=sr_1_26?dib=eyJ2IjoiMSJ9.mygFmJBC-Gym1eYo1fnB-dPel3Xa4-idBeIyJMlVXVSmc4QGqINxbm_yYzR7M6_hVByETKgqe_WJjB_rkEJ5HbepSK-uRXOc8617ixdgwXovNvNeiOa2Kkc31vi17lJ1o50lKlaiAv5ndteJe01KeX8OPQHVMA4oIv9Ya_UCOTI6d_2p7J8tVwkhh5v66EZTx0EvA5w-dWGt4LA7xJjuTYAt704wrkYsgFohDBLjwSs.XkdTeQ_ha9k3fxdlIf5oLdcoiCSZOfytO0HW_7lys_M&dib_tag=se&m=A31NFQQ4065CWX&marketplaceID=A19VAU5U5O7RUS&qid=1773378709&refinements=p_36%3A18500-19000&s=merchant-items&sr=1-26&xpid=muRFYqH7pYs9s#customerReviews,[Official Store Limited] ReFa ION CARE BRUSH Silver Shampoo & Treatment Pouch MTG MTI Hair Brush for Bath Scalp Scalp Brush
B0B87TVKHR,,,,
B08WLLCCYH,,185.0,https://www.amazon.sg/Marushin-1065003300-inches-Delivery-Service/dp/B08WLLCCYH/ref=sr_1_27?dib=eyJ2IjoiMSJ9.mygFmJBC-Gym1eYo1fnB-dPel3Xa4-idBeIyJMlVXVSmc4QGqINxbm_yYzR7M6_hVByETKgqe_WJjB_rkEJ5HbepSK-uRXOc8617ixdgwXovNvNeiOa2Kkc31vi17lJ1o50lKlaiAv5ndteJe01KeX8OPQHVMA4oIv9Ya_UCOTI6d_2p7J8tVwkhh5v66EZTx0EvA5w-dWGt4LA7xJjuTYAt704wrkYsgFohDBLjwSs.XkdTeQ_ha9k3fxdlIf5oLdcoiCSZOfytO0HW_7lys_M&dib_tag=se&m=A31NFQQ4065CWX&marketplaceID=A19VAU5U5O7RUS&qid=1773378709&refinements=p_36%3A18500-19000&s=merchant-items&sr=1-27&xpid=muRFYqH7pYs9s#customerReviews,"Marushin 1065003300 23.6 inches (60 cm) Rolled Towel, Ghibli Kiki's Delivery Service, Jiji Kids, Pink"
B08WLLCCYH,,,,
B08DFZZGCS,,211.81,https://www.amazon.sg/Snow-Peak-PR-880-Coffee-Master/dp/B08DFZZGCS/ref=sr_1_28?dib=eyJ2IjoiMSJ9.mygFmJBC-Gym1eYo1fnB-dPel3Xa4-idBeIyJMlVXVSmc4QGqINxbm_yYzR7M6_hVByETKgqe_WJjB_rkEJ5HbepSK-uRXOc8617ixdgwXovNvNeiOa2Kkc31vi17lJ1o50lKlaiAv5ndteJe01KeX8OPQHVMA4oIv9Ya_UCOTI6d_2p7J8tVwkhh5v66EZTx0EvA5w-dWGt4LA7xJjuTYAt704wrkYsgFohDBLjwSs.XkdTeQ_ha9k3fxdlIf5oLdcoiCSZOfytO0HW_7lys_M&dib_tag=se&m=A31NFQQ4065CWX&marketplaceID=A19VAU5U5O7RUS&qid=1773378709&refinements=p_36%3A18500-19000&s=merchant-items&sr=1-28&xpid=muRFYqH7pYs9s#customerReviews,Snow Peak PR-880 Field Coffee Master
B08DFZZGCS,,,,
B087QX3XD8,,212.94,https://www.amazon.sg/Fist-North-Star-Kenshiro-Multicolor/dp/B087QX3XD8/ref=sr_1_29?dib=eyJ2IjoiMSJ9.mygFmJBC-Gym1eYo1fnB-dPel3Xa4-idBeIyJMlVXVSmc4QGqINxbm_yYzR7M6_hVByETKgqe_WJjB_rkEJ5HbepSK-uRXOc8617ixdgwXovNvNeiOa2Kkc31vi17lJ1o50lKlaiAv5ndteJe01KeX8OPQHVMA4oIv9Ya_UCOTI6d_2p7J8tVwkhh5v66EZTx0EvA5w-dWGt4LA7xJjuTYAt704wrkYsgFohDBLjwSs.XkdTeQ_ha9k3fxdlIf5oLdcoiCSZOfytO0HW_7lys_M&dib_tag=se&m=A31NFQQ4065CWX&marketplaceID=A19VAU5U5O7RUS&qid=1773378709&refinements=p_36%3A18500-19000&s=merchant-items&sr=1-29&xpid=muRFYqH7pYs9s#customerReviews,"Fist of the North Star: Kenshiro Chozo Kado Action Figure, Multicolor"
B086DWWVHW,,212.27,https://www.amazon.sg/Veto-TP5B-Clip-Service-Pouch/dp/B086DWWVHW/ref=sr_1_30?dib=eyJ2IjoiMSJ9.mygFmJBC-Gym1eYo1fnB-dPel3Xa4-idBeIyJMlVXVSmc4QGqINxbm_yYzR7M6_hVByETKgqe_WJjB_rkEJ5HbepSK-uRXOc8617ixdgwXovNvNeiOa2Kkc31vi17lJ1o50lKlaiAv5ndteJe01KeX8OPQHVMA4oIv9Ya_UCOTI6d_2p7J8tVwkhh5v66EZTx0EvA5w-dWGt4LA7xJjuTYAt704wrkYsgFohDBLjwSs.XkdTeQ_ha9k3fxdlIf5oLdcoiCSZOfytO0HW_7lys_M&dib_tag=se&m=A31NFQQ4065CWX&marketplaceID=A19VAU5U5O7RUS&qid=1773378709&refinements=p_36%3A18500-19000&s=merchant-items&sr=1-30&xpid=muRFYqH7pYs9s#customerReviews,Veto TP5B Clip-on Service Tool Pouch
B086DWWVHW,,,,
B07WSRYDS3,,186.95,https://www.amazon.sg/TAMASHII-NATIONS-Figuarts-Fighter-BAS56703/dp/B07WSRYDS3/ref=sr_1_31?dib=eyJ2IjoiMSJ9.mygFmJBC-Gym1eYo1fnB-dPel3Xa4-idBeIyJMlVXVSmc4QGqINxbm_yYzR7M6_hVByETKgqe_WJjB_rkEJ5HbepSK-uRXOc8617ixdgwXovNvNeiOa2Kkc31vi17lJ1o50lKlaiAv5ndteJe01KeX8OPQHVMA4oIv9Ya_UCOTI6d_2p7J8tVwkhh5v66EZTx0EvA5w-dWGt4LA7xJjuTYAt704wrkYsgFohDBLjwSs.XkdTeQ_ha9k3fxdlIf5oLdcoiCSZOfytO0HW_7lys_M&dib_tag=se&m=A31NFQQ4065CWX&marketplaceID=A19VAU5U5O7RUS&qid=1773378709&refinements=p_36%3A18500-19000&s=merchant-items&sr=1-31&xpid=muRFYqH7pYs9s#customerReviews,"TAMASHII NATIONS S.H. Figuarts M. Bison Street Fighter, Multi (BAS56703)"
B07TVM8HMQ,,189.67,https://www.amazon.sg/DAIWA-Fune-150PL-Bi-Axis-Reel/dp/B07TVM8HMQ/ref=sr_1_32?dib=eyJ2IjoiMSJ9.mygFmJBC-Gym1eYo1fnB-dPel3Xa4-idBeIyJMlVXVSmc4QGqINxbm_yYzR7M6_hVByETKgqe_WJjB_rkEJ5HbepSK-uRXOc8617ixdgwXovNvNeiOa2Kkc31vi17lJ1o50lKlaiAv5ndteJe01KeX8OPQHVMA4oIv9Ya_UCOTI6d_2p7J8tVwkhh5v66EZTx0EvA5w-dWGt4LA7xJjuTYAt704wrkYsgFohDBLjwSs.XkdTeQ_ha9k3fxdlIf5oLdcoiCSZOfytO0HW_7lys_M&dib_tag=se&m=A31NFQQ4065CWX&marketplaceID=A19VAU5U5O7RUS&qid=1773378709&refinements=p_36%3A18500-19000&s=merchant-items&sr=1-32&xpid=muRFYqH7pYs9s#customerReviews,Daiwa Double Axis Reel Fune XT (Right/Left Handle)
B07TVM8HMQ,,,,
B07SH712Z5,,186.87,https://www.amazon.sg/TAMASHII-NATIONS-Bandai-S-H-Figuarts-Shinkocchou/dp/B07SH712Z5/ref=sr_1_33?dib=eyJ2IjoiMSJ9.9XdmdglYg_T6vp5tCE-QtHQFUuJH8GzPlsNeZVJ4HkIWEKwoAVgVyJbGIRKpD9f9K2W8dMXROK5u-ypVXlXAZA.h74XUUZcmk42L-0-Z8gz2G-cqhUfeDzESFs-561W1kU&dib_tag=se&m=A31NFQQ4065CWX&marketplaceID=A19VAU5U5O7RUS&qid=1773378715&refinements=p_36%3A18500-19000&s=merchant-items&sr=1-33&xpid=muRFYqH7pYs9s#customerReviews,TAMASHII NATIONS Bandai S.H.Figuarts (Shinkocchou Seihou) Masked Rider Kuuga Mighty Form (Decade Kuuga) Kamen Rider Decade
B07QSTSC3P,,254.4,https://www.amazon.sg/Tamiya-58667-Quattro-Rally-Chassis/dp/B07QSTSC3P/ref=sr_1_34?dib=eyJ2IjoiMSJ9.9XdmdglYg_T6vp5tCE-QtHQFUuJH8GzPlsNeZVJ4HkIWEKwoAVgVyJbGIRKpD9f9K2W8dMXROK5u-ypVXlXAZA.h74XUUZcmk42L-0-Z8gz2G-cqhUfeDzESFs-561W1kU&dib_tag=se&m=A31NFQQ4065CWX&marketplaceID=A19VAU5U5O7RUS&qid=1773378715&refinements=p_36%3A18500-19000&s=merchant-items&sr=1-34&xpid=muRFYqH7pYs9s#customerReviews,"Tamiya 58667 RC Audi Quattro A2 Rally Car Kit, TT-02 Chassis"
B07QSTSC3P,,,,
B07CZVBFQH,,189.06,https://www.amazon.sg/Kato-10-1509-Ishikawa-Railways-Powered/dp/B07CZVBFQH/ref=sr_1_35?dib=eyJ2IjoiMSJ9.9XdmdglYg_T6vp5tCE-QtHQFUuJH8GzPlsNeZVJ4HkIWEKwoAVgVyJbGIRKpD9f9K2W8dMXROK5u-ypVXlXAZA.h74XUUZcmk42L-0-Z8gz2G-cqhUfeDzESFs-561W1kU&dib_tag=se&m=A31NFQQ4065CWX&marketplaceID=A19VAU5U5O7RUS&qid=1773378715&refinements=p_36%3A18500-19000&s=merchant-items&sr=1-35&xpid=muRFYqH7pYs9s#customerReviews,Kato 10-1509 Ishikawa Railways 521 Series EMU 2 Car Powered Set Blue
B07CZVBFQH,,,,
B075MXJ1YM,,200.34,https://www.amazon.sg/Nittaku-NC-0431-Special-Material-Straight/dp/B075MXJ1YM/ref=sr_1_36?dib=eyJ2IjoiMSJ9.9XdmdglYg_T6vp5tCE-QtHQFUuJH8GzPlsNeZVJ4HkIWEKwoAVgVyJbGIRKpD9f9K2W8dMXROK5u-ypVXlXAZA.h74XUUZcmk42L-0-Z8gz2G-cqhUfeDzESFs-561W1kU&dib_tag=se&m=A31NFQQ4065CWX&marketplaceID=A19VAU5U5O7RUS&qid=1773378715&refinements=p_36%3A18500-19000&s=merchant-items&sr=1-36&xpid=muRFYqH7pYs9s,ニッタク(Nittaku) 卓球 ラケット バイオリンカーボン シェークハンド 攻撃用 特殊素材入り
B075MXJ1YM,,,,
B09NPRSV4B,,192.17,https://www.amazon.sg/FALSLANDER-SAMURAI-Plastic-Painted-Complete/dp/B09NPRSV4B/ref=sr_1_37?dib=eyJ2IjoiMSJ9.9XdmdglYg_T6vp5tCE-QtHQFUuJH8GzPlsNeZVJ4HkIWEKwoAVgVyJbGIRKpD9f9K2W8dMXROK5u-ypVXlXAZA.h74XUUZcmk42L-0-Z8gz2G-cqhUfeDzESFs-561W1kU&dib_tag=se&m=A31NFQQ4065CWX&marketplaceID=A19VAU5U5O7RUS&qid=1773378715&refinements=p_36%3A18500-19000&s=merchant-items&sr=1-37&xpid=muRFYqH7pYs9s#customerReviews,FALSLANDER SAMURAI 1/7 Scale Plastic & Iron Painted Complete Figure
B07B2X9YN7,,223.47,https://www.amazon.sg/Helinox-1822225-Chair-Outdoor-Large/dp/B07B2X9YN7/ref=sr_1_33?dib=eyJ2IjoiMSJ9.DNWxhcVZYWSMr1O_2Po7BZTj8BRKa53HS45S9M3l4SD-h-OxgU-qW9res8yT4zgANT2N5gMkk2KkiIdhGGMKIETTxIhitSXewmRepkGt4JQ_rpzgRG7syU-CfNIygjBAuhWHn6vu32-W4V_1t-KvACErhvYdZCChaO5yW6g7gB4.kXHwmVLRn-RXRHr0Gg9SVIB01Og_2pczFx3xpE98iS0&dib_tag=se&m=A31NFQQ4065CWX&marketplaceID=A19VAU5U5O7RUS&qid=1773378715&refinements=p_36%3A18500-19000&s=merchant-items&sr=1-33&xpid=muRFYqH7pYs9s#customerReviews,"Helinox 1822225 Chair One Outdoor Chair, Large, Black"
B07B2X9YN7,,,,
B086Z7QRJ8,,194.57,https://www.amazon.sg/Venum-VENUM-1394-534-XL-Elite-Guards-Khaki/dp/B086Z7QRJ8/ref=sr_1_34?dib=eyJ2IjoiMSJ9.DNWxhcVZYWSMr1O_2Po7BZTj8BRKa53HS45S9M3l4SD-h-OxgU-qW9res8yT4zgANT2N5gMkk2KkiIdhGGMKIETTxIhitSXewmRepkGt4JQ_rpzgRG7syU-CfNIygjBAuhWHn6vu32-W4V_1t-KvACErhvYdZCChaO5yW6g7gB4.kXHwmVLRn-RXRHr0Gg9SVIB01Og_2pczFx3xpE98iS0&dib_tag=se&m=A31NFQQ4065CWX&marketplaceID=A19VAU5U5O7RUS&qid=1773378715&refinements=p_36%3A18500-19000&s=merchant-items&sr=1-34&xpid=muRFYqH7pYs9s#customerReviews,Venum Elite
B086Z7QRJ8,,,,
B06XHK13RN,,186.11,https://www.amazon.sg/Protection-Tempered-Anti-Static-Repellent-Resistant/dp/B06XHK13RN/ref=sr_1_35?dib=eyJ2IjoiMSJ9.DNWxhcVZYWSMr1O_2Po7BZTj8BRKa53HS45S9M3l4SD-h-OxgU-qW9res8yT4zgANT2N5gMkk2KkiIdhGGMKIETTxIhitSXewmRepkGt4JQ_rpzgRG7syU-CfNIygjBAuhWHn6vu32-W4V_1t-KvACErhvYdZCChaO5yW6g7gB4.kXHwmVLRn-RXRHr0Gg9SVIB01Og_2pczFx3xpE98iS0&dib_tag=se&m=A31NFQQ4065CWX&marketplaceID=A19VAU5U5O7RUS&qid=1773378715&refinements=p_36%3A18500-19000&s=merchant-items&sr=1-35&xpid=muRFYqH7pYs9s#customerReviews,"MARUMI Lens Filter, 3.2 inches (82 mm), EXUS Lens Protection, SOLID 3.2 inches (82 mm), Lens Protection, Tempered Glass, Anti-Static, Water Repellent, Stain Resistant, Thin Frame, Made in Japan"
B06XHK13RN,,,,
B09R7575V1,,189.67,https://www.amazon.sg/Dokidoki-Standards-Certified-TAKARA-TOMY/dp/B09R7575V1/ref=sr_1_36?dib=eyJ2IjoiMSJ9.DNWxhcVZYWSMr1O_2Po7BZTj8BRKa53HS45S9M3l4SD-h-OxgU-qW9res8yT4zgANT2N5gMkk2KkiIdhGGMKIETTxIhitSXewmRepkGt4JQ_rpzgRG7syU-CfNIygjBAuhWHn6vu32-W4V_1t-KvACErhvYdZCChaO5yW6g7gB4.kXHwmVLRn-RXRHr0Gg9SVIB01Og_2pczFx3xpE98iS0&dib_tag=se&m=A31NFQQ4065CWX&marketplaceID=A19VAU5U5O7RUS&qid=1773378715&refinements=p_36%3A18500-19000&s=merchant-items&sr=1-36&xpid=muRFYqH7pYs9s#customerReviews,"Takara Tomy Plarail Thomas the Tank Engine Got! Buune! Dokidoki Mountain DX Train, Toy, Ages 3 and Up, Passed Toy Safety Standards, ST Mark Certified, PLARAIL TAKARA TOMY"
B09QJSX2K4,,192.9,https://www.amazon.sg/North-Face-NV22207-Inner-Evabase/dp/B09QJSX2K4/ref=sr_1_37?dib=eyJ2IjoiMSJ9.DNWxhcVZYWSMr1O_2Po7BZTj8BRKa53HS45S9M3l4SD-h-OxgU-qW9res8yT4zgANT2N5gMkk2KkiIdhGGMKIETTxIhitSXewmRepkGt4JQ_rpzgRG7syU-CfNIygjBAuhWHn6vu32-W4V_1t-KvACErhvYdZCChaO5yW6g7gB4.kXHwmVLRn-RXRHr0Gg9SVIB01Og_2pczFx3xpE98iS0&dib_tag=se&m=A31NFQQ4065CWX&marketplaceID=A19VAU5U5O7RUS&qid=1773378715&refinements=p_36%3A18500-19000&s=merchant-items&sr=1-37&xpid=muRFYqH7pYs9s#customerReviews,The North Face EVABASE 6 HF Inner 6 Half Inner
B09QJSX2K4,,,,
B07XB1C3ZR,,207.04,https://www.amazon.sg/TAMIYA-America-Toyota-Supra-TAM58674/dp/B07XB1C3ZR/ref=sr_1_38?dib=eyJ2IjoiMSJ9.DNWxhcVZYWSMr1O_2Po7BZTj8BRKa53HS45S9M3l4SD-h-OxgU-qW9res8yT4zgANT2N5gMkk2KkiIdhGGMKIETTxIhitSXewmRepkGt4JQ_rpzgRG7syU-CfNIygjBAuhWHn6vu32-W4V_1t-KvACErhvYdZCChaO5yW6g7gB4.kXHwmVLRn-RXRHr0Gg9SVIB01Og_2pczFx3xpE98iS0&dib_tag=se&m=A31NFQQ4065CWX&marketplaceID=A19VAU5U5O7RUS&qid=1773378715&refinements=p_36%3A18500-19000&s=merchant-items&sr=1-38&xpid=muRFYqH7pYs9s#customerReviews,"TAMIYA America, Inc 1/10 Toyota GR Supra 4WD TT-02 Kit, TAM58674"
B07J1STNYS,,208.18,https://www.amazon.sg/Foldio360-Extension-Photography-Turntable-ORANGEMONKIE/dp/B07J1STNYS/ref=sr_1_39?dib=eyJ2IjoiMSJ9.DNWxhcVZYWSMr1O_2Po7BZTj8BRKa53HS45S9M3l4SD-h-OxgU-qW9res8yT4zgANT2N5gMkk2KkiIdhGGMKIETTxIhitSXewmRepkGt4JQ_rpzgRG7syU-CfNIygjBAuhWHn6vu32-W4V_1t-KvACErhvYdZCChaO5yW6g7gB4.kXHwmVLRn-RXRHr0Gg9SVIB01Og_2pczFx3xpE98iS0&dib_tag=se&m=A31NFQQ4065CWX&marketplaceID=A19VAU5U5O7RUS&qid=1773378715&refinements=p_36%3A18500-19000&s=merchant-items&sr=1-39&xpid=muRFYqH7pYs9s#customerReviews,Foldio360 Extension Kit (Photography Smart Turntable Extender Accessory) by ORANGEMONKIE
B07J1STNYS,,,,
B07PTYW6X7,,222.33,https://www.amazon.sg/PAN202-3-Way-Lightweight-Business-Backpack/dp/B07PTYW6X7/ref=sr_1_40?dib=eyJ2IjoiMSJ9.DNWxhcVZYWSMr1O_2Po7BZTj8BRKa53HS45S9M3l4SD-h-OxgU-qW9res8yT4zgANT2N5gMkk2KkiIdhGGMKIETTxIhitSXewmRepkGt4JQ_rpzgRG7syU-CfNIygjBAuhWHn6vu32-W4V_1t-KvACErhvYdZCChaO5yW6g7gB4.kXHwmVLRn-RXRHr0Gg9SVIB01Og_2pczFx3xpE98iS0&dib_tag=se&m=A31NFQQ4065CWX&marketplaceID=A19VAU5U5O7RUS&qid=1773378715&refinements=p_36%3A18500-19000&s=merchant-items&sr=1-40&xpid=muRFYqH7pYs9s,"P D PAN202 3-Way Lightweight Business Bag, Business Backpack, Nove"
B07PTYW6X7,,,,
B081BBL7HC,,186.56,https://www.amazon.sg/Black-Diamond-Momentum-Climbing-Anthracite/dp/B081BBL7HC/ref=sr_1_41?dib=eyJ2IjoiMSJ9.DNWxhcVZYWSMr1O_2Po7BZTj8BRKa53HS45S9M3l4SD-h-OxgU-qW9res8yT4zgANT2N5gMkk2KkiIdhGGMKIETTxIhitSXewmRepkGt4JQ_rpzgRG7syU-CfNIygjBAuhWHn6vu32-W4V_1t-KvACErhvYdZCChaO5yW6g7gB4.kXHwmVLRn-RXRHr0Gg9SVIB01Og_2pczFx3xpE98iS0&dib_tag=se&m=A31NFQQ4065CWX&marketplaceID=A19VAU5U5O7RUS&qid=1773378715&refinements=p_36%3A18500-19000&s=merchant-items&sr=1-41&xpid=muRFYqH7pYs9s#customerReviews,Black Diamond Momentum Harness
B081BBL7HC,,,,
B00ICYB4EW,,185.0,https://www.amazon.sg/Colander-Liberal-inches-Liberalista-Microwave/dp/B00ICYB4EW/ref=sr_1_42?dib=eyJ2IjoiMSJ9.DNWxhcVZYWSMr1O_2Po7BZTj8BRKa53HS45S9M3l4SD-h-OxgU-qW9res8yT4zgANT2N5gMkk2KkiIdhGGMKIETTxIhitSXewmRepkGt4JQ_rpzgRG7syU-CfNIygjBAuhWHn6vu32-W4V_1t-KvACErhvYdZCChaO5yW6g7gB4.kXHwmVLRn-RXRHr0Gg9SVIB01Og_2pczFx3xpE98iS0&dib_tag=se&m=A31NFQQ4065CWX&marketplaceID=A19VAU5U5O7RUS&qid=1773378715&refinements=p_36%3A18500-19000&s=merchant-items&sr=1-42&xpid=muRFYqH7pYs9s#customerReviews,"Risu Colander Bowl Set, Bowl Colander with Lid, Large, Liberal, 8.7 inches (22 cm), Liberalista, Microwave Safe, Made in Japan"
B00ICYB4EW,,,,
B00LI86P2U,,203.42,https://www.amazon.sg/HEAD-281794-AN-17-Lynx-Reel/dp/B00LI86P2U/ref=sr_1_43?dib=eyJ2IjoiMSJ9.DNWxhcVZYWSMr1O_2Po7BZTj8BRKa53HS45S9M3l4SD-h-OxgU-qW9res8yT4zgANT2N5gMkk2KkiIdhGGMKIETTxIhitSXewmRepkGt4JQ_rpzgRG7syU-CfNIygjBAuhWHn6vu32-W4V_1t-KvACErhvYdZCChaO5yW6g7gB4.kXHwmVLRn-RXRHr0Gg9SVIB01Og_2pczFx3xpE98iS0&dib_tag=se&m=A31NFQQ4065CWX&marketplaceID=A19VAU5U5O7RUS&qid=1773378715&refinements=p_36%3A18500-19000&s=merchant-items&sr=1-43&xpid=muRFYqH7pYs9s#customerReviews,Lynx Reel
B00LI86P2U,,,,
B0CP2LMTTM,,192.27,https://www.amazon.sg/TAMASHII-NATIONS-Figures-Action-Multicolor/dp/B0CP2LMTTM/ref=sr_1_49?dib=eyJ2IjoiMSJ9.yj7YSbkb25sMZlrbJzm3xmTFDsN4mAPDuvZwczCJYN59i0XjGIEWR0oodYl0laMPHze9kEPEcIP9OAlXfwS2_w.mRtFBOc6iAmIDx2cYj7CAdy63YjbAAJxAkPs7GZkdhM&dib_tag=se&m=A31NFQQ4065CWX&marketplaceID=A19VAU5U5O7RUS&qid=1773378720&refinements=p_36%3A18500-19000&s=merchant-items&sr=1-49&xpid=muRFYqH7pYs9s#customerReviews,"TAMASHII NATIONS - Figures and Action Figures, Multicolor (162600)"
B00YTIPPV8,,214.98,https://www.amazon.sg/Selection-Wristwatch-SBPN071-Silver-Bracelet/dp/B00YTIPPV8/ref=sr_1_50?dib=eyJ2IjoiMSJ9.yj7YSbkb25sMZlrbJzm3xmTFDsN4mAPDuvZwczCJYN59i0XjGIEWR0oodYl0laMPHze9kEPEcIP9OAlXfwS2_w.mRtFBOc6iAmIDx2cYj7CAdy63YjbAAJxAkPs7GZkdhM&dib_tag=se&m=A31NFQQ4065CWX&marketplaceID=A19VAU5U5O7RUS&qid=1773378720&refinements=p_36%3A18500-19000&s=merchant-items&sr=1-50&xpid=muRFYqH7pYs9s,"Seiko Selection Men's Wristwatch, Solar Watch, SBPN071, Silver, silver/blue, Bracelet Type"
B00YTIPPV8,,,,
B0BMKDR4CS,,192.78,https://www.amazon.sg/Compatible-G-Shock-DW-6900-Stainless-Gemstone/dp/B0BMKDR4CS/ref=sr_1_51?dib=eyJ2IjoiMSJ9.yj7YSbkb25sMZlrbJzm3xmTFDsN4mAPDuvZwczCJYN59i0XjGIEWR0oodYl0laMPHze9kEPEcIP9OAlXfwS2_w.mRtFBOc6iAmIDx2cYj7CAdy63YjbAAJxAkPs7GZkdhM&dib_tag=se&m=A31NFQQ4065CWX&marketplaceID=A19VAU5U5O7RUS&qid=1773378720&refinements=p_36%3A18500-19000&s=merchant-items&sr=1-51&xpid=muRFYqH7pYs9s#customerReviews,"MOD Custom Kit Compatible with Casio G-Shock DW 6900 DW-6900 Metal Case Bezel 316 Stainless Steel Band Strap Casio G-Shock Watch Parts, DW-6900 シリーズ, No Gemstone"
B0BMKDR4CS,,,,
B0BP8FLGYR,,189.83,https://www.amazon.sg/Hoka-One-Running-Shoes-white/dp/B0BP8FLGYR/ref=sr_1_52?dib=eyJ2IjoiMSJ9.yj7YSbkb25sMZlrbJzm3xmTFDsN4mAPDuvZwczCJYN59i0XjGIEWR0oodYl0laMPHze9kEPEcIP9OAlXfwS2_w.mRtFBOc6iAmIDx2cYj7CAdy63YjbAAJxAkPs7GZkdhM&dib_tag=se&m=A31NFQQ4065CWX&marketplaceID=A19VAU5U5O7RUS&qid=1773378720&refinements=p_36%3A18500-19000&s=merchant-items&sr=1-52&xpid=muRFYqH7pYs9s#customerReviews,HOKA ONE ONE Men's Sneaker
B000EO9R9W,,186.08,https://www.amazon.sg/UGG-Womens-Coquette-Slipper-Black/dp/B000EO9R9W/ref=sr_1_53?dib=eyJ2IjoiMSJ9.yj7YSbkb25sMZlrbJzm3xmTFDsN4mAPDuvZwczCJYN59i0XjGIEWR0oodYl0laMPHze9kEPEcIP9OAlXfwS2_w.mRtFBOc6iAmIDx2cYj7CAdy63YjbAAJxAkPs7GZkdhM&dib_tag=se&m=A31NFQQ4065CWX&marketplaceID=A19VAU5U5O7RUS&qid=1773378720&refinements=p_36%3A18500-19000&s=merchant-items&sr=1-53&xpid=muRFYqH7pYs9s#customerReviews,UGG Women's Coquette Slipper
B000EO9R9W,,,,
B074T34LW7,,186.86,https://www.amazon.sg/Rothco-Flight-Jacket-Patches-Included/dp/B074T34LW7/ref=sr_1_49?dib=eyJ2IjoiMSJ9.dsg8d93LRDa1y6fDmEizZjtmh4pfACZJbOrW27l9tuPpP90YKb09cPddlwRWGqVB2_a3tuuH6-SlR6MWXBDBHf9NkkAsy4eQNciaZTri9jxOiQQHRHqfmt6cpdazIw3-zpP7u7SXp0B8Z1D764HVcb671Wcj4_MHMnd1Z2H_cM4.44Rl3L_lW1EL04bJ1_5IzHdAVvajrAmbIPQ76cdXG8g&dib_tag=se&m=A31NFQQ4065CWX&marketplaceID=A19VAU5U5O7RUS&qid=1773378720&refinements=p_36%3A18500-19000&s=merchant-items&sr=1-49&xpid=muRFYqH7pYs9s#customerReviews,Rothco Flight Jacket with Patches - Classic Cold Weather Bomber Jacket with Morale Patches Included
B074T34LW7,,,,
B0CQNYHC3J,,194.79,https://www.amazon.sg/Casio-G-Shock-GA-700BCE-1AJF-Utility-Black/dp/B0CQNYHC3J/ref=sr_1_50?dib=eyJ2IjoiMSJ9.dsg8d93LRDa1y6fDmEizZjtmh4pfACZJbOrW27l9tuPpP90YKb09cPddlwRWGqVB2_a3tuuH6-SlR6MWXBDBHf9NkkAsy4eQNciaZTri9jxOiQQHRHqfmt6cpdazIw3-zpP7u7SXp0B8Z1D764HVcb671Wcj4_MHMnd1Z2H_cM4.44Rl3L_lW1EL04bJ1_5IzHdAVvajrAmbIPQ76cdXG8g&dib_tag=se&m=A31NFQQ4065CWX&marketplaceID=A19VAU5U5O7RUS&qid=1773378720&refinements=p_36%3A18500-19000&s=merchant-items&sr=1-50&xpid=muRFYqH7pYs9s#customerReviews,"Casio G-Shock GA-700BCE-1AJF [G-Shock Utility Black Series], Black"
B0CQNYHC3J,,,,
B0BHWSC231,,185.0,https://www.amazon.sg/DANISH-ENDURANCE-Shirt-Long-Sleeve/dp/B0BHWSC231/ref=sr_1_51?dib=eyJ2IjoiMSJ9.dsg8d93LRDa1y6fDmEizZjtmh4pfACZJbOrW27l9tuPpP90YKb09cPddlwRWGqVB2_a3tuuH6-SlR6MWXBDBHf9NkkAsy4eQNciaZTri9jxOiQQHRHqfmt6cpdazIw3-zpP7u7SXp0B8Z1D764HVcb671Wcj4_MHMnd1Z2H_cM4.44Rl3L_lW1EL04bJ1_5IzHdAVvajrAmbIPQ76cdXG8g&dib_tag=se&m=A31NFQQ4065CWX&marketplaceID=A19VAU5U5O7RUS&qid=1773378720&refinements=p_36%3A18500-19000&s=merchant-items&sr=1-51&xpid=muRFYqH7pYs9s#customerReviews,DANISH ENDURANCE Men's Merino Wool Thermal Underwear Long Sleeve Shirt Leggings & Thermoset Moisture Wicking & Breathable
B09NQ44NMF,,192.79,https://www.amazon.sg/Womens-Sneakers-TOASTED-COCONUT-BLACK/dp/B09NQ44NMF/ref=sr_1_52?dib=eyJ2IjoiMSJ9.dsg8d93LRDa1y6fDmEizZjtmh4pfACZJbOrW27l9tuPpP90YKb09cPddlwRWGqVB2_a3tuuH6-SlR6MWXBDBHf9NkkAsy4eQNciaZTri9jxOiQQHRHqfmt6cpdazIw3-zpP7u7SXp0B8Z1D764HVcb671Wcj4_MHMnd1Z2H_cM4.44Rl3L_lW1EL04bJ1_5IzHdAVvajrAmbIPQ76cdXG8g&dib_tag=se&m=A31NFQQ4065CWX&marketplaceID=A19VAU5U5O7RUS&qid=1773378720&refinements=p_36%3A18500-19000&s=merchant-items&sr=1-52&xpid=muRFYqH7pYs9s#customerReviews,KEEN Women HOOD CLOG HOOD CLOGSneakers
B09NQ44NMF,,,,
B09DK9GD84,,194.0,https://www.amazon.sg/Anello-Grande-GTM0311-Backpack-Pockets/dp/B09DK9GD84/ref=sr_1_53?dib=eyJ2IjoiMSJ9.dsg8d93LRDa1y6fDmEizZjtmh4pfACZJbOrW27l9tuPpP90YKb09cPddlwRWGqVB2_a3tuuH6-SlR6MWXBDBHf9NkkAsy4eQNciaZTri9jxOiQQHRHqfmt6cpdazIw3-zpP7u7SXp0B8Z1D764HVcb671Wcj4_MHMnd1Z2H_cM4.44Rl3L_lW1EL04bJ1_5IzHdAVvajrAmbIPQ76cdXG8g&dib_tag=se&m=A31NFQQ4065CWX&marketplaceID=A19VAU5U5O7RUS&qid=1773378720&refinements=p_36%3A18500-19000&s=merchant-items&sr=1-53&xpid=muRFYqH7pYs9s#customerReviews,Anello Grande GTM0311 Women's Backpack A4 10 Pockets
B09DK9GD84,,,,
B0992LS2HT,,186.28,https://www.amazon.sg/Babolat-30F2101-School-Shoes/dp/B0992LS2HT/ref=sr_1_54?dib=eyJ2IjoiMSJ9.dsg8d93LRDa1y6fDmEizZjtmh4pfACZJbOrW27l9tuPpP90YKb09cPddlwRWGqVB2_a3tuuH6-SlR6MWXBDBHf9NkkAsy4eQNciaZTri9jxOiQQHRHqfmt6cpdazIw3-zpP7u7SXp0B8Z1D764HVcb671Wcj4_MHMnd1Z2H_cM4.44Rl3L_lW1EL04bJ1_5IzHdAVvajrAmbIPQ76cdXG8g&dib_tag=se&m=A31NFQQ4065CWX&marketplaceID=A19VAU5U5O7RUS&qid=1773378720&refinements=p_36%3A18500-19000&s=merchant-items&sr=1-54&xpid=muRFYqH7pYs9s#customerReviews,Babolat Women 30F2101school shoes
B0992LS2HT,,,,
B08ZYTQQQV,,191.27,https://www.amazon.sg/BGA-2800-7AJF-Baby-G-Resistant-Ladies-Shipped/dp/B08ZYTQQQV/ref=sr_1_55?dib=eyJ2IjoiMSJ9.dsg8d93LRDa1y6fDmEizZjtmh4pfACZJbOrW27l9tuPpP90YKb09cPddlwRWGqVB2_a3tuuH6-SlR6MWXBDBHf9NkkAsy4eQNciaZTri9jxOiQQHRHqfmt6cpdazIw3-zpP7u7SXp0B8Z1D764HVcb671Wcj4_MHMnd1Z2H_cM4.44Rl3L_lW1EL04bJ1_5IzHdAVvajrAmbIPQ76cdXG8g&dib_tag=se&m=A31NFQQ4065CWX&marketplaceID=A19VAU5U5O7RUS&qid=1773378720&refinements=p_36%3A18500-19000&s=merchant-items&sr=1-55&xpid=muRFYqH7pYs9s#customerReviews,"Casio BGA-2800-7AJF [Baby-G Radio Wave Solar Watch 10 ATM Water Resistant Ladies Rubber Band] Watch Shipped from Japan 2021 Model, white"
B08ZYTQQQV,,,,
B08H5TQD69,,186.04,https://www.amazon.sg/KEEN-Womens-Terradora-Sandal-African/dp/B08H5TQD69/ref=sr_1_56?dib=eyJ2IjoiMSJ9.dsg8d93LRDa1y6fDmEizZjtmh4pfACZJbOrW27l9tuPpP90YKb09cPddlwRWGqVB2_a3tuuH6-SlR6MWXBDBHf9NkkAsy4eQNciaZTri9jxOiQQHRHqfmt6cpdazIw3-zpP7u7SXp0B8Z1D764HVcb671Wcj4_MHMnd1Z2H_cM4.44Rl3L_lW1EL04bJ1_5IzHdAVvajrAmbIPQ76cdXG8g&dib_tag=se&m=A31NFQQ4065CWX&marketplaceID=A19VAU5U5O7RUS&qid=1773378720&refinements=p_36%3A18500-19000&s=merchant-items&sr=1-56&xpid=muRFYqH7pYs9s#customerReviews,KEEN Women's Terradora 2 Strappy Open Toe Sport Sandal
B08H5TQD69,,,,
B07YS19DBR,,188.77,https://www.amazon.sg/Fizik-Unisex-Ergolace-Cycling-Caramel/dp/B07YS19DBR/ref=sr_1_57?dib=eyJ2IjoiMSJ9.dsg8d93LRDa1y6fDmEizZjtmh4pfACZJbOrW27l9tuPpP90YKb09cPddlwRWGqVB2_a3tuuH6-SlR6MWXBDBHf9NkkAsy4eQNciaZTri9jxOiQQHRHqfmt6cpdazIw3-zpP7u7SXp0B8Z1D764HVcb671Wcj4_MHMnd1Z2H_cM4.44Rl3L_lW1EL04bJ1_5IzHdAVvajrAmbIPQ76cdXG8g&dib_tag=se&m=A31NFQQ4065CWX&marketplaceID=A19VAU5U5O7RUS&qid=1773378720&refinements=p_36%3A18500-19000&s=merchant-items&sr=1-57&xpid=muRFYqH7pYs9s#customerReviews,FIZIK X2 TERRA ERGOLACE Rubber Shoes
B07YS19DBR,,,,
B07R22FTRF,Vinyl,185.81,https://www.amazon.sg/Big-Shoes-TONE-HOUSE-SHOES/dp/B07R22FTRF/ref=sr_1_58?dib=eyJ2IjoiMSJ9.dsg8d93LRDa1y6fDmEizZjtmh4pfACZJbOrW27l9tuPpP90YKb09cPddlwRWGqVB2_a3tuuH6-SlR6MWXBDBHf9NkkAsy4eQNciaZTri9jxOiQQHRHqfmt6cpdazIw3-zpP7u7SXp0B8Z1D764HVcb671Wcj4_MHMnd1Z2H_cM4.44Rl3L_lW1EL04bJ1_5IzHdAVvajrAmbIPQ76cdXG8g&dib_tag=se&m=A31NFQQ4065CWX&marketplaceID=A19VAU5U5O7RUS&qid=1773378720&refinements=p_36%3A18500-19000&s=merchant-items&sr=1-58&xpid=muRFYqH7pYs9s#customerReviews,Big Shoes
B07JZFK14J,,205.98,https://www.amazon.sg/ARUKAN-1212-612-Meteor-L-Zipper-Wallet/dp/B07JZFK14J/ref=sr_1_59?dib=eyJ2IjoiMSJ9.dsg8d93LRDa1y6fDmEizZjtmh4pfACZJbOrW27l9tuPpP90YKb09cPddlwRWGqVB2_a3tuuH6-SlR6MWXBDBHf9NkkAsy4eQNciaZTri9jxOiQQHRHqfmt6cpdazIw3-zpP7u7SXp0B8Z1D764HVcb671Wcj4_MHMnd1Z2H_cM4.44Rl3L_lW1EL04bJ1_5IzHdAVvajrAmbIPQ76cdXG8g&dib_tag=se&m=A31NFQQ4065CWX&marketplaceID=A19VAU5U5O7RUS&qid=1773378720&refinements=p_36%3A18500-19000&s=merchant-items&sr=1-59&xpid=muRFYqH7pYs9s#customerReviews,Arcan Meteor L Zipper Long Wallet
B07JZFK14J,,,,
B076J7RGPJ,,187.33,https://www.amazon.sg/Volcom-Womens-Juniors-Simply-Rashguard/dp/B076J7RGPJ/ref=sr_1_65?dib=eyJ2IjoiMSJ9.eb-UWOcnCG3YfS_CLpXaxqhI_j3sFXQSMNDya3id3kBk-YIWfqsNNPIcVi2irWRfBppbBMdq1crfaSxqui6b4w.eiPoF6mdMav5CuJs7hD2WBkLoYPQD0dEafZ9FUwajE0&dib_tag=se&m=A31NFQQ4065CWX&marketplaceID=A19VAU5U5O7RUS&qid=1773378725&refinements=p_36%3A18500-19000&s=merchant-items&sr=1-65&xpid=muRFYqH7pYs9s#customerReviews,Volcom Women's Junior's Simply Solid Long Sleeve Rashguard
B076J7RGPJ,,,,
B06Y2XJ6ZY,PlayStation 4,187.97,https://www.amazon.sg/Multi-Function-Travel-Case-Shoulder-Strap/dp/B06Y2XJ6ZY/ref=sr_1_66?dib=eyJ2IjoiMSJ9.eb-UWOcnCG3YfS_CLpXaxqhI_j3sFXQSMNDya3id3kBk-YIWfqsNNPIcVi2irWRfBppbBMdq1crfaSxqui6b4w.eiPoF6mdMav5CuJs7hD2WBkLoYPQD0dEafZ9FUwajE0&dib_tag=se&m=A31NFQQ4065CWX&marketplaceID=A19VAU5U5O7RUS&qid=1773378725&refinements=p_36%3A18500-19000&s=merchant-items&sr=1-66&xpid=muRFYqH7pYs9s#customerReviews,Multi-Function Travel Case with Shoulder Strap and Hand Grip
B06Y2XJ6ZY,,,,
B06XTPNBK7,,206.7,https://www.amazon.sg/CASTELBAJAC-Repos-Shoulder-033101-White/dp/B06XTPNBK7/ref=sr_1_67?dib=eyJ2IjoiMSJ9.eb-UWOcnCG3YfS_CLpXaxqhI_j3sFXQSMNDya3id3kBk-YIWfqsNNPIcVi2irWRfBppbBMdq1crfaSxqui6b4w.eiPoF6mdMav5CuJs7hD2WBkLoYPQD0dEafZ9FUwajE0&dib_tag=se&m=A31NFQQ4065CWX&marketplaceID=A19VAU5U5O7RUS&qid=1773378725&refinements=p_36%3A18500-19000&s=merchant-items&sr=1-67&xpid=muRFYqH7pYs9s#customerReviews,"CASTELBAJAC Repos Shoulder Bag 033101, White, One Size"
B06XTPNBK7,,,,
B01M0AWXQX,,195.2,https://www.amazon.sg/El-Naturalista-Womens-Leaves-N5000/dp/B01M0AWXQX/ref=sr_1_68?dib=eyJ2IjoiMSJ9.eb-UWOcnCG3YfS_CLpXaxqhI_j3sFXQSMNDya3id3kBk-YIWfqsNNPIcVi2irWRfBppbBMdq1crfaSxqui6b4w.eiPoF6mdMav5CuJs7hD2WBkLoYPQD0dEafZ9FUwajE0&dib_tag=se&m=A31NFQQ4065CWX&marketplaceID=A19VAU5U5O7RUS&qid=1773378725&refinements=p_36%3A18500-19000&s=merchant-items&sr=1-68&xpid=muRFYqH7pYs9s#customerReviews,El Naturalista Women's Leaves N5000 Mule
B01M0AWXQX,,,,
B00PCR3R42,,189.8,https://www.amazon.sg/Company-Ultimate-Hooded-Sweatshirt-Charcoal/dp/B00PCR3R42/ref=sr_1_69?dib=eyJ2IjoiMSJ9.eb-UWOcnCG3YfS_CLpXaxqhI_j3sFXQSMNDya3id3kBk-YIWfqsNNPIcVi2irWRfBppbBMdq1crfaSxqui6b4w.eiPoF6mdMav5CuJs7hD2WBkLoYPQD0dEafZ9FUwajE0&dib_tag=se&m=A31NFQQ4065CWX&marketplaceID=A19VAU5U5O7RUS&qid=1773378725&refinements=p_36%3A18500-19000&s=merchant-items&sr=1-69&xpid=muRFYqH7pYs9s#customerReviews,Port & Company Men's Tall Ultimate Full Zip Hooded Sweatshirt
B00PCR3R42,,,,
B005PODV7A,,189.62,https://www.amazon.sg/Cienta-Kids-Mary-Fuchsia-Little/dp/B005PODV7A/ref=sr_1_65?dib=eyJ2IjoiMSJ9.mX6n85mtBq2RHmKWTyO5V0q5oMqbA-fGqE02jxtr2bZbUK-_E0xiRY4_tc5-WsHnc6u1Ve8_uJlB9umqG_GUXhJnhaPSne6wNKEXqbKKStfyjS4nWz7n6-bUKnv-eVZ531aFWQACtMq4eRNgYTz5DC2CVDMjWGeDBX0jATTkYto.v8XMDgtG3B_GA9C5iT9J7IuxxulZjTQAXtcuxPAp-a0&dib_tag=se&m=A31NFQQ4065CWX&marketplaceID=A19VAU5U5O7RUS&qid=1773378725&refinements=p_36%3A18500-19000&s=merchant-items&sr=1-65&xpid=muRFYqH7pYs9s,Cienta Kids Mary Jane Shoe
B005PODV7A,,,,
B0045Y0QQK,,222.75,https://www.amazon.sg/HANRO-Womens-Moments-Cami-Medium/dp/B0045Y0QQK/ref=sr_1_66?dib=eyJ2IjoiMSJ9.mX6n85mtBq2RHmKWTyO5V0q5oMqbA-fGqE02jxtr2bZbUK-_E0xiRY4_tc5-WsHnc6u1Ve8_uJlB9umqG_GUXhJnhaPSne6wNKEXqbKKStfyjS4nWz7n6-bUKnv-eVZ531aFWQACtMq4eRNgYTz5DC2CVDMjWGeDBX0jATTkYto.v8XMDgtG3B_GA9C5iT9J7IuxxulZjTQAXtcuxPAp-a0&dib_tag=se&m=A31NFQQ4065CWX&marketplaceID=A19VAU5U5O7RUS&qid=1773378725&refinements=p_36%3A18500-19000&s=merchant-items&sr=1-66&xpid=muRFYqH7pYs9s#customerReviews,HANRO Women's Moments Cami - Black - Medium
B0045Y0QQK,,,,
B002LG00ZQ,,187.85,https://www.amazon.sg/Rothco-M-65-Field-Jacket-Liner/dp/B002LG00ZQ/ref=sr_1_67?dib=eyJ2IjoiMSJ9.mX6n85mtBq2RHmKWTyO5V0q5oMqbA-fGqE02jxtr2bZbUK-_E0xiRY4_tc5-WsHnc6u1Ve8_uJlB9umqG_GUXhJnhaPSne6wNKEXqbKKStfyjS4nWz7n6-bUKnv-eVZ531aFWQACtMq4eRNgYTz5DC2CVDMjWGeDBX0jATTkYto.v8XMDgtG3B_GA9C5iT9J7IuxxulZjTQAXtcuxPAp-a0&dib_tag=se&m=A31NFQQ4065CWX&marketplaceID=A19VAU5U5O7RUS&qid=1773378725&refinements=p_36%3A18500-19000&s=merchant-items&sr=1-67&xpid=muRFYqH7pYs9s#customerReviews,Rothco M-65 Field Jacket Liner
B002LG00ZQ,,,,
B000W9IN6W,,212.82,https://www.amazon.sg/KANON-Nakamura-MFG-N450Qlk-Qlk45N/dp/B000W9IN6W/ref=sr_1_68?dib=eyJ2IjoiMSJ9.mX6n85mtBq2RHmKWTyO5V0q5oMqbA-fGqE02jxtr2bZbUK-_E0xiRY4_tc5-WsHnc6u1Ve8_uJlB9umqG_GUXhJnhaPSne6wNKEXqbKKStfyjS4nWz7n6-bUKnv-eVZ531aFWQACtMq4eRNgYTz5DC2CVDMjWGeDBX0jATTkYto.v8XMDgtG3B_GA9C5iT9J7IuxxulZjTQAXtcuxPAp-a0&dib_tag=se&m=A31NFQQ4065CWX&marketplaceID=A19VAU5U5O7RUS&qid=1773378725&refinements=p_36%3A18500-19000&s=merchant-items&sr=1-68&xpid=muRFYqH7pYs9s,N450Qlk (Qlk45N)
B000W9IN6W,,,,
B0CKTB99CK,,187.44,https://www.amazon.sg/Good-Smile-Company-Nichijou-Naganohara/dp/B0CKTB99CK/ref=sr_1_69?dib=eyJ2IjoiMSJ9.mX6n85mtBq2RHmKWTyO5V0q5oMqbA-fGqE02jxtr2bZbUK-_E0xiRY4_tc5-WsHnc6u1Ve8_uJlB9umqG_GUXhJnhaPSne6wNKEXqbKKStfyjS4nWz7n6-bUKnv-eVZ531aFWQACtMq4eRNgYTz5DC2CVDMjWGeDBX0jATTkYto.v8XMDgtG3B_GA9C5iT9J7IuxxulZjTQAXtcuxPAp-a0&dib_tag=se&m=A31NFQQ4065CWX&marketplaceID=A19VAU5U5O7RUS&qid=1773378725&refinements=p_36%3A18500-19000&s=merchant-items&sr=1-69&xpid=muRFYqH7pYs9s#customerReviews,Good Smile Company Nichijou: Mino Naganohara (Keiichi Arawi Ver.) Nendoroid Action Figure
B0CDL6QG8B,,189.77,https://www.amazon.sg/SHIMANO-Unisex-Adult-Cycling-Cassette/dp/B0CDL6QG8B/ref=sr_1_70?dib=eyJ2IjoiMSJ9.mX6n85mtBq2RHmKWTyO5V0q5oMqbA-fGqE02jxtr2bZbUK-_E0xiRY4_tc5-WsHnc6u1Ve8_uJlB9umqG_GUXhJnhaPSne6wNKEXqbKKStfyjS4nWz7n6-bUKnv-eVZ531aFWQACtMq4eRNgYTz5DC2CVDMjWGeDBX0jATTkYto.v8XMDgtG3B_GA9C5iT9J7IuxxulZjTQAXtcuxPAp-a0&dib_tag=se&m=A31NFQQ4065CWX&marketplaceID=A19VAU5U5O7RUS&qid=1773378725&refinements=p_36%3A18500-19000&s=merchant-items&sr=1-70&xpid=muRFYqH7pYs9s#customerReviews,SHIMANO Unisex Adult Cycling Cassette
B0CDL6QG8B,,,,
B0CBTRL146,,185.33,https://www.amazon.sg/BRGB33440R-Baseball-Winning-All-round-Right/dp/B0CBTRL146/ref=sr_1_71?dib=eyJ2IjoiMSJ9.mX6n85mtBq2RHmKWTyO5V0q5oMqbA-fGqE02jxtr2bZbUK-_E0xiRY4_tc5-WsHnc6u1Ve8_uJlB9umqG_GUXhJnhaPSne6wNKEXqbKKStfyjS4nWz7n6-bUKnv-eVZ531aFWQACtMq4eRNgYTz5DC2CVDMjWGeDBX0jATTkYto.v8XMDgtG3B_GA9C5iT9J7IuxxulZjTQAXtcuxPAp-a0&dib_tag=se&m=A31NFQQ4065CWX&marketplaceID=A19VAU5U5O7RUS&qid=1773378725&refinements=p_36%3A18500-19000&s=merchant-items&sr=1-71&xpid=muRFYqH7pYs9s,ゼット(ZETT) 軟式野球 グラブ(グローブ) ウイニングロード オールラウンド BRGB33440R
B0CBTRL146,,,,
B0CBTQXVP5,,186.14,https://www.amazon.sg/BRGB35430-Steer-All-Round-Baseball-Right/dp/B0CBTQXVP5/ref=sr_1_72?dib=eyJ2IjoiMSJ9.mX6n85mtBq2RHmKWTyO5V0q5oMqbA-fGqE02jxtr2bZbUK-_E0xiRY4_tc5-WsHnc6u1Ve8_uJlB9umqG_GUXhJnhaPSne6wNKEXqbKKStfyjS4nWz7n6-bUKnv-eVZ531aFWQACtMq4eRNgYTz5DC2CVDMjWGeDBX0jATTkYto.v8XMDgtG3B_GA9C5iT9J7IuxxulZjTQAXtcuxPAp-a0&dib_tag=se&m=A31NFQQ4065CWX&marketplaceID=A19VAU5U5O7RUS&qid=1773378725&refinements=p_36%3A18500-19000&s=merchant-items&sr=1-72&xpid=muRFYqH7pYs9s#customerReviews,"ZETT BRGB35430 Soft Steer All-Round Baseball Grab, For Right Throw"
B0CBTQXVP5,,,,
B0CBTPXYKG,,186.36,https://www.amazon.sg/BJCB74412-Baseball-Catcher-Steer-Catchers/dp/B0CBTPXYKG/ref=sr_1_73?dib=eyJ2IjoiMSJ9.mX6n85mtBq2RHmKWTyO5V0q5oMqbA-fGqE02jxtr2bZbUK-_E0xiRY4_tc5-WsHnc6u1Ve8_uJlB9umqG_GUXhJnhaPSne6wNKEXqbKKStfyjS4nWz7n6-bUKnv-eVZ531aFWQACtMq4eRNgYTz5DC2CVDMjWGeDBX0jATTkYto.v8XMDgtG3B_GA9C5iT9J7IuxxulZjTQAXtcuxPAp-a0&dib_tag=se&m=A31NFQQ4065CWX&marketplaceID=A19VAU5U5O7RUS&qid=1773378725&refinements=p_36%3A18500-19000&s=merchant-items&sr=1-73&xpid=muRFYqH7pYs9s,"ZETT BJCB74412 Boys Baseball Catcher Mitt, Soft Steer, For Catchers, Right Throw"
B0CBTPXYKG,,,,
B0C9LBC398,,189.32,https://www.amazon.sg/Dream-Serious-Pre-painted-Complete-Figure/dp/B0C9LBC398/ref=sr_1_74?dib=eyJ2IjoiMSJ9.mX6n85mtBq2RHmKWTyO5V0q5oMqbA-fGqE02jxtr2bZbUK-_E0xiRY4_tc5-WsHnc6u1Ve8_uJlB9umqG_GUXhJnhaPSne6wNKEXqbKKStfyjS4nWz7n6-bUKnv-eVZ531aFWQACtMq4eRNgYTz5DC2CVDMjWGeDBX0jATTkYto.v8XMDgtG3B_GA9C5iT9J7IuxxulZjTQAXtcuxPAp-a0&dib_tag=se&m=A31NFQQ4065CWX&marketplaceID=A19VAU5U5O7RUS&qid=1773378725&refinements=p_36%3A18500-19000&s=merchant-items&sr=1-74&xpid=muRFYqH7pYs9s#customerReviews,"Wave Dream Tech Azur Lane Serious White Rose, 1/7 Scale, PVC Pre-painted Complete Figure"
B0C8M7CCV7,,185.8,https://www.amazon.sg/Kotobukiya-Expansion-Takahata-Approx-Non-scale/dp/B0C8M7CCV7/ref=sr_1_75?dib=eyJ2IjoiMSJ9.mX6n85mtBq2RHmKWTyO5V0q5oMqbA-fGqE02jxtr2bZbUK-_E0xiRY4_tc5-WsHnc6u1Ve8_uJlB9umqG_GUXhJnhaPSne6wNKEXqbKKStfyjS4nWz7n6-bUKnv-eVZ531aFWQACtMq4eRNgYTz5DC2CVDMjWGeDBX0jATTkYto.v8XMDgtG3B_GA9C5iT9J7IuxxulZjTQAXtcuxPAp-a0&dib_tag=se&m=A31NFQQ4065CWX&marketplaceID=A19VAU5U5O7RUS&qid=1773378725&refinements=p_36%3A18500-19000&s=merchant-items&sr=1-75&xpid=muRFYqH7pYs9s#customerReviews,"Kotobukiya Megami Device Alice Gear Aegis Expansion Takahata Nodoka Total Height Approx. 8.1 inches (205 mm), Non-scale, Plastic Model"
B0C7T42YZP,,202.82,https://www.amazon.sg/RITCHEY-VENTUREMAX-Total-Measurement-Outside/dp/B0C7T42YZP/ref=sr_1_81?dib=eyJ2IjoiMSJ9.WgXfUaQampIeZWdeCEiACSlZu35maoSq2XNsRI2gqUEsqSVt2_M60hykTvp0b6Cw-C8vdBbpP6dDcxbdpeA1PQ.wokYaOR_-3H06KvOoz-FAB-T_CiNCHULq4RRccX-098&dib_tag=se&m=A31NFQQ4065CWX&marketplaceID=A19VAU5U5O7RUS&qid=1773378730&refinements=p_36%3A18500-19000&s=merchant-items&sr=1-81&xpid=muRFYqH7pYs9s,RITCHEY WCS Bar VENTUREMAX XL BLK 500 (Total Width Measurement Outside Bar Ends: 25.5 inches (647 mm)
B0C7T42YZP,,,,
B0C6KB3QC5,,188.09,https://www.amazon.sg/Good-Smile-Company-Slayers-Nendoroid/dp/B0C6KB3QC5/ref=sr_1_82?dib=eyJ2IjoiMSJ9.WgXfUaQampIeZWdeCEiACSlZu35maoSq2XNsRI2gqUEsqSVt2_M60hykTvp0b6Cw-C8vdBbpP6dDcxbdpeA1PQ.wokYaOR_-3H06KvOoz-FAB-T_CiNCHULq4RRccX-098&dib_tag=se&m=A31NFQQ4065CWX&marketplaceID=A19VAU5U5O7RUS&qid=1773378730&refinements=p_36%3A18500-19000&s=merchant-items&sr=1-82&xpid=muRFYqH7pYs9s#customerReviews,Good Smile Company Slayers Nendoroid Lina Reverse (re-Run) 10 cmm Action Figure
B0C35TWKRF,,188.46,https://www.amazon.sg/Hang-Out-SOT-R5015-Field-Rack/dp/B0C35TWKRF/ref=sr_1_83?dib=eyJ2IjoiMSJ9.WgXfUaQampIeZWdeCEiACSlZu35maoSq2XNsRI2gqUEsqSVt2_M60hykTvp0b6Cw-C8vdBbpP6dDcxbdpeA1PQ.wokYaOR_-3H06KvOoz-FAB-T_CiNCHULq4RRccX-098&dib_tag=se&m=A31NFQQ4065CWX&marketplaceID=A19VAU5U5O7RUS&qid=1773378730&refinements=p_36%3A18500-19000&s=merchant-items&sr=1-83&xpid=muRFYqH7pYs9s,Hang Out SOT-R5015 SOT Field Rack & Lost
B0C35TWKRF,,,,
B0C13LSSP6,,214.16,https://www.amazon.sg/Takasaki-Driving-Station-Passenger-10-1805/dp/B0C13LSSP6/ref=sr_1_84?dib=eyJ2IjoiMSJ9.WgXfUaQampIeZWdeCEiACSlZu35maoSq2XNsRI2gqUEsqSVt2_M60hykTvp0b6Cw-C8vdBbpP6dDcxbdpeA1PQ.wokYaOR_-3H06KvOoz-FAB-T_CiNCHULq4RRccX-098&dib_tag=se&m=A31NFQQ4065CWX&marketplaceID=A19VAU5U5O7RUS&qid=1773378730&refinements=p_36%3A18500-19000&s=merchant-items&sr=1-84&xpid=muRFYqH7pYs9s#customerReviews,"KATO N Gauge Takasaki Driving Station Old Model Passenger Car, Set of 7 Cars, 10-1805 Railway Model Passenger Car"
B0C13LSSP6,,,,
B0BZV3B4FX,,189.08,https://www.amazon.sg/Richey-WCS-CHICANE-Stem-80D/dp/B0BZV3B4FX/ref=sr_1_85?dib=eyJ2IjoiMSJ9.WgXfUaQampIeZWdeCEiACSlZu35maoSq2XNsRI2gqUEsqSVt2_M60hykTvp0b6Cw-C8vdBbpP6dDcxbdpeA1PQ.wokYaOR_-3H06KvOoz-FAB-T_CiNCHULq4RRccX-098&dib_tag=se&m=A31NFQQ4065CWX&marketplaceID=A19VAU5U5O7RUS&qid=1773378730&refinements=p_36%3A18500-19000&s=merchant-items&sr=1-85&xpid=muRFYqH7pYs9s,Richey WCS CHICANE Stem 80D 80
B0BZV3B4FX,,,,
B0BX3X8XKB,,186.79,https://www.amazon.sg/Daiwa-Works-Carbon-Handle-inches/dp/B0BX3X8XKB/ref=sr_1_81?dib=eyJ2IjoiMSJ9.oYjyiFIoSMG5kcwgKMmagfbXaHNpOTV32KzXwwpzQ_DPlcIB9vWW7K3gBfcNBpeTt8h3Xx_LVbUWnHmtD2oGrJDyw4m6gKgSKnWRL1C__KR29tiomqxWdeyYrYQqk6KCKBbbu0ehGy0LYg4pDKnTX2okP18XebYmMv0KtrkIAMc.1XI7JHb_bXzs9EIiD9ZeEmbDFFMIrpcuOQH5msWwEPI&dib_tag=se&m=A31NFQQ4065CWX&marketplaceID=A19VAU5U5O7RUS&qid=1773378730&refinements=p_36%3A18500-19000&s=merchant-items&sr=1-81&xpid=muRFYqH7pYs9s#customerReviews,Daiwa Slp Works 23 RCSB Carbon Crank Handle 3.9 inches (100 mm)
B0BX3X8XKB,,,,
B0BV24YRJH,,190.96,https://www.amazon.sg/Kadokawa-Uzaki-Wants-Tsuki-Figure/dp/B0BV24YRJH/ref=sr_1_82?dib=eyJ2IjoiMSJ9.oYjyiFIoSMG5kcwgKMmagfbXaHNpOTV32KzXwwpzQ_DPlcIB9vWW7K3gBfcNBpeTt8h3Xx_LVbUWnHmtD2oGrJDyw4m6gKgSKnWRL1C__KR29tiomqxWdeyYrYQqk6KCKBbbu0ehGy0LYg4pDKnTX2okP18XebYmMv0KtrkIAMc.1XI7JHb_bXzs9EIiD9ZeEmbDFFMIrpcuOQH5msWwEPI&dib_tag=se&m=A31NFQQ4065CWX&marketplaceID=A19VAU5U5O7RUS&qid=1773378730&refinements=p_36%3A18500-19000&s=merchant-items&sr=1-82&xpid=muRFYqH7pYs9s#customerReviews,Kadokawa - Uzaki Chan Wants To Hang Out - Tsuki Uzaki Sugoi 1/7 PVC Figure (Net)
B0BTPPLB5T,,188.22,https://www.amazon.sg/Good-Smile-Company-Reincarnated-Nendoroid/dp/B0BTPPLB5T/ref=sr_1_83?dib=eyJ2IjoiMSJ9.oYjyiFIoSMG5kcwgKMmagfbXaHNpOTV32KzXwwpzQ_DPlcIB9vWW7K3gBfcNBpeTt8h3Xx_LVbUWnHmtD2oGrJDyw4m6gKgSKnWRL1C__KR29tiomqxWdeyYrYQqk6KCKBbbu0ehGy0LYg4pDKnTX2okP18XebYmMv0KtrkIAMc.1XI7JHb_bXzs9EIiD9ZeEmbDFFMIrpcuOQH5msWwEPI&dib_tag=se&m=A31NFQQ4065CWX&marketplaceID=A19VAU5U5O7RUS&qid=1773378730&refinements=p_36%3A18500-19000&s=merchant-items&sr=1-83&xpid=muRFYqH7pYs9s#customerReviews,Good Smile Company That Time I Got Reincarnated as a Slime Nendoroid Shuna Figure 10cm
B0BTGYHGRR,,188.77,https://www.amazon.sg/Plum-Love-Live-Tokui-Aozora/dp/B0BTGYHGRR/ref=sr_1_84?dib=eyJ2IjoiMSJ9.oYjyiFIoSMG5kcwgKMmagfbXaHNpOTV32KzXwwpzQ_DPlcIB9vWW7K3gBfcNBpeTt8h3Xx_LVbUWnHmtD2oGrJDyw4m6gKgSKnWRL1C__KR29tiomqxWdeyYrYQqk6KCKBbbu0ehGy0LYg4pDKnTX2okP18XebYmMv0KtrkIAMc.1XI7JHb_bXzs9EIiD9ZeEmbDFFMIrpcuOQH5msWwEPI&dib_tag=se&m=A31NFQQ4065CWX&marketplaceID=A19VAU5U5O7RUS&qid=1773378730&refinements=p_36%3A18500-19000&s=merchant-items&sr=1-84&xpid=muRFYqH7pYs9s#customerReviews,Plum Love Live! & Tokui Aozora Deep Land: Nico Yazawa 1:7 Scale PVC Figure
B0BQ22MZS6,,189.32,https://www.amazon.sg/Kotobukiya-MY-HERO-ACADEMIA-Statuette/dp/B0BQ22MZS6/ref=sr_1_85?dib=eyJ2IjoiMSJ9.oYjyiFIoSMG5kcwgKMmagfbXaHNpOTV32KzXwwpzQ_DPlcIB9vWW7K3gBfcNBpeTt8h3Xx_LVbUWnHmtD2oGrJDyw4m6gKgSKnWRL1C__KR29tiomqxWdeyYrYQqk6KCKBbbu0ehGy0LYg4pDKnTX2okP18XebYmMv0KtrkIAMc.1XI7JHb_bXzs9EIiD9ZeEmbDFFMIrpcuOQH5msWwEPI&dib_tag=se&m=A31NFQQ4065CWX&marketplaceID=A19VAU5U5O7RUS&qid=1773378730&refinements=p_36%3A18500-19000&s=merchant-items&sr=1-85&xpid=muRFYqH7pYs9s#customerReviews,Kotobukiya MY HERO ACADEMIA - Himiko Toga - Statuette 1/8 ARTFXJ 20cm
B0BNQ86J8K,,187.41,https://www.amazon.sg/Engineer-DXZ-08-Combination-Compatible-Countersunk/dp/B0BNQ86J8K/ref=sr_1_86?dib=eyJ2IjoiMSJ9.oYjyiFIoSMG5kcwgKMmagfbXaHNpOTV32KzXwwpzQ_DPlcIB9vWW7K3gBfcNBpeTt8h3Xx_LVbUWnHmtD2oGrJDyw4m6gKgSKnWRL1C__KR29tiomqxWdeyYrYQqk6KCKBbbu0ehGy0LYg4pDKnTX2okP18XebYmMv0KtrkIAMc.1XI7JHb_bXzs9EIiD9ZeEmbDFFMIrpcuOQH5msWwEPI&dib_tag=se&m=A31NFQQ4065CWX&marketplaceID=A19VAU5U5O7RUS&qid=1773378730&refinements=p_36%3A18500-19000&s=merchant-items&sr=1-86&xpid=muRFYqH7pYs9s#customerReviews,"Engineer DXZ-08 Combination Tool Set, Compatible with Broken Head Phillips Screws and Hex Socket Bolts, Can Remove Countersunk Screws"
B0BNQ86J8K,,,,
B0BN9RQGLP,,187.63,https://www.amazon.sg/Callaway-Cooler-LAIDBACK-COOLER-Khaki/dp/B0BN9RQGLP/ref=sr_1_87?dib=eyJ2IjoiMSJ9.oYjyiFIoSMG5kcwgKMmagfbXaHNpOTV32KzXwwpzQ_DPlcIB9vWW7K3gBfcNBpeTt8h3Xx_LVbUWnHmtD2oGrJDyw4m6gKgSKnWRL1C__KR29tiomqxWdeyYrYQqk6KCKBbbu0ehGy0LYg4pDKnTX2okP18XebYmMv0KtrkIAMc.1XI7JHb_bXzs9EIiD9ZeEmbDFFMIrpcuOQH5msWwEPI&dib_tag=se&m=A31NFQQ4065CWX&marketplaceID=A19VAU5U5O7RUS&qid=1773378730&refinements=p_36%3A18500-19000&s=merchant-items&sr=1-87&xpid=muRFYqH7pYs9s#customerReviews,Callaway LAIDBACK COOLER BAG 23 Men's
B0BN9RQGLP,,,,
B0BHJCHH4K,,188.79,https://www.amazon.sg/Zenkaiger-Kiramager-Sempaiger-Kirameki-Zenkaiju/dp/B0BHJCHH4K/ref=sr_1_88?dib=eyJ2IjoiMSJ9.oYjyiFIoSMG5kcwgKMmagfbXaHNpOTV32KzXwwpzQ_DPlcIB9vWW7K3gBfcNBpeTt8h3Xx_LVbUWnHmtD2oGrJDyw4m6gKgSKnWRL1C__KR29tiomqxWdeyYrYQqk6KCKBbbu0ehGy0LYg4pDKnTX2okP18XebYmMv0KtrkIAMc.1XI7JHb_bXzs9EIiD9ZeEmbDFFMIrpcuOQH5msWwEPI&dib_tag=se&m=A31NFQQ4065CWX&marketplaceID=A19VAU5U5O7RUS&qid=1773378730&refinements=p_36%3A18500-19000&s=merchant-items&sr=1-88&xpid=muRFYqH7pYs9s,Bandai Kikai Sentai Zenkaiger VS Kiramager VS Sempaiger DX Kirameki Zenkaiju Gear
B0BH3YMVD4,,185.53,https://www.amazon.sg/Wandara-Unicorn-Painted-Finished-Figure/dp/B0BH3YMVD4/ref=sr_1_89?dib=eyJ2IjoiMSJ9.oYjyiFIoSMG5kcwgKMmagfbXaHNpOTV32KzXwwpzQ_DPlcIB9vWW7K3gBfcNBpeTt8h3Xx_LVbUWnHmtD2oGrJDyw4m6gKgSKnWRL1C__KR29tiomqxWdeyYrYQqk6KCKBbbu0ehGy0LYg4pDKnTX2okP18XebYmMv0KtrkIAMc.1XI7JHb_bXzs9EIiD9ZeEmbDFFMIrpcuOQH5msWwEPI&dib_tag=se&m=A31NFQQ4065CWX&marketplaceID=A19VAU5U5O7RUS&qid=1773378730&refinements=p_36%3A18500-19000&s=merchant-items&sr=1-89&xpid=muRFYqH7pYs9s,"Wandara, Azur Lane, Unicorn, 1/7 Scale, PVC & ABS, Painted Finished Figure"
B0BH3YMVD4,,,,
B0BF9PRT3D,,188.47,https://www.amazon.sg/%E3%82%AD%E3%83%A5%E3%83%BC%E3%82%BAQ-quesQ-Atelier-Lizarin-Complete/dp/B0BF9PRT3D/ref=sr_1_90?dib=eyJ2IjoiMSJ9.oYjyiFIoSMG5kcwgKMmagfbXaHNpOTV32KzXwwpzQ_DPlcIB9vWW7K3gBfcNBpeTt8h3Xx_LVbUWnHmtD2oGrJDyw4m6gKgSKnWRL1C__KR29tiomqxWdeyYrYQqk6KCKBbbu0ehGy0LYg4pDKnTX2okP18XebYmMv0KtrkIAMc.1XI7JHb_bXzs9EIiD9ZeEmbDFFMIrpcuOQH5msWwEPI&dib_tag=se&m=A31NFQQ4065CWX&marketplaceID=A19VAU5U5O7RUS&qid=1773378730&refinements=p_36%3A18500-19000&s=merchant-items&sr=1-90&xpid=muRFYqH7pYs9s,"Cue Q Atelier of Risa 2 ~ Lost Lore and Secret Fairy ~ Liza (Lizarin Staut) Change Mode, 1/7 Scale, PVC, Painted Complete Figure"
B0BCYSW371,,189.93,https://www.amazon.sg/SHIMANO-Shimano-C2000SSPG-Spinning-Soare/dp/B0BCYSW371/ref=sr_1_91?dib=eyJ2IjoiMSJ9.oYjyiFIoSMG5kcwgKMmagfbXaHNpOTV32KzXwwpzQ_DPlcIB9vWW7K3gBfcNBpeTt8h3Xx_LVbUWnHmtD2oGrJDyw4m6gKgSKnWRL1C__KR29tiomqxWdeyYrYQqk6KCKBbbu0ehGy0LYg4pDKnTX2okP18XebYmMv0KtrkIAMc.1XI7JHb_bXzs9EIiD9ZeEmbDFFMIrpcuOQH5msWwEPI&dib_tag=se&m=A31NFQQ4065CWX&marketplaceID=A19VAU5U5O7RUS&qid=1773378730&refinements=p_36%3A18500-19000&s=merchant-items&sr=1-91&xpid=muRFYqH7pYs9s#customerReviews,Shimano 22 Soare BB Spinning Reel
B0BCYSW371,,,,
B0BCYSW371,,189.93,https://www.amazon.sg/SHIMANO-Shimano-C2000SSPG-Spinning-Soare/dp/B0BCYSW371/ref=sr_1_97?dib=eyJ2IjoiMSJ9.y_ero_4-b6JM3-abZFB1QIiJIk5BXlkFCJIAGJ8KAJFRhoYgdCZ5VWNXtma3PXgh3XxRxKJjrWDbmCE7lRafqQ.V4hh1w3hJlUhdWUK2s1TZ_U4NMuDuSWUc7TOzrs2A7s&dib_tag=se&m=A31NFQQ4065CWX&marketplaceID=A19VAU5U5O7RUS&qid=1773378735&refinements=p_36%3A18500-19000&s=merchant-items&sr=1-97&xpid=muRFYqH7pYs9s#customerReviews,Shimano 22 Soare BB Spinning Reel
B0BCYSW371,,,,
B0BBVJSQL6,,188.83,https://www.amazon.sg/Nendoroid-Non-Scale-Plastic-Pre-Painted-Secondary/dp/B0BBVJSQL6/ref=sr_1_98?dib=eyJ2IjoiMSJ9.y_ero_4-b6JM3-abZFB1QIiJIk5BXlkFCJIAGJ8KAJFRhoYgdCZ5VWNXtma3PXgh3XxRxKJjrWDbmCE7lRafqQ.V4hh1w3hJlUhdWUK2s1TZ_U4NMuDuSWUc7TOzrs2A7s&dib_tag=se&m=A31NFQQ4065CWX&marketplaceID=A19VAU5U5O7RUS&qid=1773378735&refinements=p_36%3A18500-19000&s=merchant-items&sr=1-98&xpid=muRFYqH7pYs9s#customerReviews,Nendoroid Kirby's Dream Land Meta Knight Non-Scale Plastic Pre-Painted Action Figure Secondary Resale
B0B8774ZSM,,194.05,https://www.amazon.sg/ARTFX-Pre-painted-Simple-Assembly-Figure/dp/B0B8774ZSM/ref=sr_1_99?dib=eyJ2IjoiMSJ9.y_ero_4-b6JM3-abZFB1QIiJIk5BXlkFCJIAGJ8KAJFRhoYgdCZ5VWNXtma3PXgh3XxRxKJjrWDbmCE7lRafqQ.V4hh1w3hJlUhdWUK2s1TZ_U4NMuDuSWUc7TOzrs2A7s&dib_tag=se&m=A31NFQQ4065CWX&marketplaceID=A19VAU5U5O7RUS&qid=1773378735&refinements=p_36%3A18500-19000&s=merchant-items&sr=1-99&xpid=muRFYqH7pYs9s#customerReviews,ARTFX+ The Book of Boba Fett 1/10 Scale PVC Pre-painted Simple Assembly Figure
B0B7VBFHRQ,,188.74,https://www.amazon.sg/Primadoll-Feather-Painted-Complete-Figure/dp/B0B7VBFHRQ/ref=sr_1_100?dib=eyJ2IjoiMSJ9.y_ero_4-b6JM3-abZFB1QIiJIk5BXlkFCJIAGJ8KAJFRhoYgdCZ5VWNXtma3PXgh3XxRxKJjrWDbmCE7lRafqQ.V4hh1w3hJlUhdWUK2s1TZ_U4NMuDuSWUc7TOzrs2A7s&dib_tag=se&m=A31NFQQ4065CWX&marketplaceID=A19VAU5U5O7RUS&qid=1773378735&refinements=p_36%3A18500-19000&s=merchant-items&sr=1-100&xpid=muRFYqH7pYs9s#customerReviews,Primadoll Raven Feather 1/7 Scale PVC Painted Complete Figure
B0B31BLMRX,,188.44,https://www.amazon.sg/Daiwa-LT4000-CXH-Genuine-Rubias-Number/dp/B0B31BLMRX/ref=sr_1_101?dib=eyJ2IjoiMSJ9.y_ero_4-b6JM3-abZFB1QIiJIk5BXlkFCJIAGJ8KAJFRhoYgdCZ5VWNXtma3PXgh3XxRxKJjrWDbmCE7lRafqQ.V4hh1w3hJlUhdWUK2s1TZ_U4NMuDuSWUc7TOzrs2A7s&dib_tag=se&m=A31NFQQ4065CWX&marketplaceID=A19VAU5U5O7RUS&qid=1773378735&refinements=p_36%3A18500-19000&s=merchant-items&sr=1-101&xpid=muRFYqH7pYs9s#customerReviews,"Daiwa LT4000-CXH Genuine Parts 21 Rubias Air Spool (2-12), Part Number: 9, Part Code: 128E28"
B0B31BLMRX,,,,
B0B2DX31JP,,186.66,https://www.amazon.sg/LOGOS-Touring-Pentatarp-Limited-71202003/dp/B0B2DX31JP/ref=sr_1_97?dib=eyJ2IjoiMSJ9.8KtGqSvofts9TyQWorAMM4_NLDFFRWwM4N8X-E9bSDJZuCdup-9iUH6Hzu_O5IbZCzcmWqeVHlHT9F9GPq1wXfU2g-w5kfp0GSL__rKfvXcgdqztUPDajyyGttC_I1-I9K6e2Rtz2J1-c1_aKR3bELLo5ToRy82YFdRZxoiRylc.6A0yJtjR4Yq8O8WFguZ9U5oKnlTldtVPOcmT-IaZa1Y&dib_tag=se&m=A31NFQQ4065CWX&marketplaceID=A19VAU5U5O7RUS&qid=1773378735&refinements=p_36%3A18500-19000&s=merchant-items&sr=1-97&xpid=muRFYqH7pYs9s#customerReviews,LOGOS Touring Tepee Pentatarp (2023 Limited) 71202003 Green Size: Approx. Width 16.9 x Total Length 173.3 inches (440 cm)
B0B2DX31JP,,,,
B09ZTXTX25,,185.0,https://www.amazon.sg/Taniguchi-Smooth-Karu-I2-Frying-inches/dp/B09ZTXTX25/ref=sr_1_98?dib=eyJ2IjoiMSJ9.8KtGqSvofts9TyQWorAMM4_NLDFFRWwM4N8X-E9bSDJZuCdup-9iUH6Hzu_O5IbZCzcmWqeVHlHT9F9GPq1wXfU2g-w5kfp0GSL__rKfvXcgdqztUPDajyyGttC_I1-I9K6e2Rtz2J1-c1_aKR3bELLo5ToRy82YFdRZxoiRylc.6A0yJtjR4Yq8O8WFguZ9U5oKnlTldtVPOcmT-IaZa1Y&dib_tag=se&m=A31NFQQ4065CWX&marketplaceID=A19VAU5U5O7RUS&qid=1773378735&refinements=p_36%3A18500-19000&s=merchant-items&sr=1-98&xpid=muRFYqH7pYs9s#customerReviews,"Taniguchi Metal Smooth Super Karu-I2 Frying Pan, IH 12.6 inches (32 cm)"
B09ZTXTX25,,,,
B09Y8ZW6MC,,189.64,https://www.amazon.sg/Archive-Sandwolf-Shiroko-Non-Scale-Plastic/dp/B09Y8ZW6MC/ref=sr_1_99?dib=eyJ2IjoiMSJ9.8KtGqSvofts9TyQWorAMM4_NLDFFRWwM4N8X-E9bSDJZuCdup-9iUH6Hzu_O5IbZCzcmWqeVHlHT9F9GPq1wXfU2g-w5kfp0GSL__rKfvXcgdqztUPDajyyGttC_I1-I9K6e2Rtz2J1-c1_aKR3bELLo5ToRy82YFdRZxoiRylc.6A0yJtjR4Yq8O8WFguZ9U5oKnlTldtVPOcmT-IaZa1Y&dib_tag=se&m=A31NFQQ4065CWX&marketplaceID=A19VAU5U5O7RUS&qid=1773378735&refinements=p_36%3A18500-19000&s=merchant-items&sr=1-99&xpid=muRFYqH7pYs9s#customerReviews,figma Blue Archive Blue Sandwolf Shiroko Non-Scale Plastic Painted Action Figure
B09WMKLB5R,,188.26,https://www.amazon.sg/Smore-Dedicated-Aluminum-Outdoors-One-Touch/dp/B09WMKLB5R/ref=sr_1_100?dib=eyJ2IjoiMSJ9.8KtGqSvofts9TyQWorAMM4_NLDFFRWwM4N8X-E9bSDJZuCdup-9iUH6Hzu_O5IbZCzcmWqeVHlHT9F9GPq1wXfU2g-w5kfp0GSL__rKfvXcgdqztUPDajyyGttC_I1-I9K6e2Rtz2J1-c1_aKR3bELLo5ToRy82YFdRZxoiRylc.6A0yJtjR4Yq8O8WFguZ9U5oKnlTldtVPOcmT-IaZa1Y&dib_tag=se&m=A31NFQQ4065CWX&marketplaceID=A19VAU5U5O7RUS&qid=1773378735&refinements=p_36%3A18500-19000&s=merchant-items&sr=1-100&xpid=muRFYqH7pYs9s#customerReviews,"S'more One Touch Storage Wagon Dedicated Roll Table, Aluminum, Compact, Camping, Picnic, Outdoors, Storage Bag Included, 35.8 x 20.1 inches (91 x 51 cm), One-Touch Storage Wagon Tables, One Touch"
B09WMKLB5R,,,,
B09TP81KDQ,,188.34,https://www.amazon.sg/Smarty-Washable-Sweating-Included-Exercise/dp/B09TP81KDQ/ref=sr_1_101?dib=eyJ2IjoiMSJ9.8KtGqSvofts9TyQWorAMM4_NLDFFRWwM4N8X-E9bSDJZuCdup-9iUH6Hzu_O5IbZCzcmWqeVHlHT9F9GPq1wXfU2g-w5kfp0GSL__rKfvXcgdqztUPDajyyGttC_I1-I9K6e2Rtz2J1-c1_aKR3bELLo5ToRy82YFdRZxoiRylc.6A0yJtjR4Yq8O8WFguZ9U5oKnlTldtVPOcmT-IaZa1Y&dib_tag=se&m=A31NFQQ4065CWX&marketplaceID=A19VAU5U5O7RUS&qid=1773378735&refinements=p_36%3A18500-19000&s=merchant-items&sr=1-101&xpid=muRFYqH7pYs9s#customerReviews,"Smarty Sauna Suit, Women's, Men's, Top and Bottom Set, Top and Bottom Set, Washable, Large Sweating, Running, Walking, Sports Bra Included, Exercise, Rose Lady's, Large"
B09TP81KDQ,,,,
B09SFR8V8C,,188.34,https://www.amazon.sg/KOKUYO-Kaha-BRSB130-2-Storage-BIZRACK-Brown/dp/B09SFR8V8C/ref=sr_1_102?dib=eyJ2IjoiMSJ9.8KtGqSvofts9TyQWorAMM4_NLDFFRWwM4N8X-E9bSDJZuCdup-9iUH6Hzu_O5IbZCzcmWqeVHlHT9F9GPq1wXfU2g-w5kfp0GSL__rKfvXcgdqztUPDajyyGttC_I1-I9K6e2Rtz2J1-c1_aKR3bELLo5ToRy82YFdRZxoiRylc.6A0yJtjR4Yq8O8WFguZ9U5oKnlTldtVPOcmT-IaZa1Y&dib_tag=se&m=A31NFQQ4065CWX&marketplaceID=A19VAU5U5O7RUS&qid=1773378735&refinements=p_36%3A18500-19000&s=merchant-items&sr=1-102&xpid=muRFYqH7pYs9s#customerReviews,Kokuyo BIZRACK Storage Bag
B09SFR8V8C,,,,
B09RQG7Q7K,,189.02,https://www.amazon.sg/DAIWA-Coolline-GU1000X-Fishing-Outdoor/dp/B09RQG7Q7K/ref=sr_1_103?dib=eyJ2IjoiMSJ9.8KtGqSvofts9TyQWorAMM4_NLDFFRWwM4N8X-E9bSDJZuCdup-9iUH6Hzu_O5IbZCzcmWqeVHlHT9F9GPq1wXfU2g-w5kfp0GSL__rKfvXcgdqztUPDajyyGttC_I1-I9K6e2Rtz2J1-c1_aKR3bELLo5ToRy82YFdRZxoiRylc.6A0yJtjR4Yq8O8WFguZ9U5oKnlTldtVPOcmT-IaZa1Y&dib_tag=se&m=A31NFQQ4065CWX&marketplaceID=A19VAU5U5O7RUS&qid=1773378735&refinements=p_36%3A18500-19000&s=merchant-items&sr=1-103&xpid=muRFYqH7pYs9s#customerReviews,"Daiwa Coolline α3 Cooler Box, Fishing, Outdoor, Camping, 2.3 gal (10 L) - 25 L (2022 & 2023 Models)"
B09RQG7Q7K,,,,
B09R4989JG,,188.47,https://www.amazon.sg/APEX-Karayukimi-Asahana-Version-Complete/dp/B09R4989JG/ref=sr_1_104?dib=eyJ2IjoiMSJ9.8KtGqSvofts9TyQWorAMM4_NLDFFRWwM4N8X-E9bSDJZuCdup-9iUH6Hzu_O5IbZCzcmWqeVHlHT9F9GPq1wXfU2g-w5kfp0GSL__rKfvXcgdqztUPDajyyGttC_I1-I9K6e2Rtz2J1-c1_aKR3bELLo5ToRy82YFdRZxoiRylc.6A0yJtjR4Yq8O8WFguZ9U5oKnlTldtVPOcmT-IaZa1Y&dib_tag=se&m=A31NFQQ4065CWX&marketplaceID=A19VAU5U5O7RUS&qid=1773378735&refinements=p_36%3A18500-19000&s=merchant-items&sr=1-104&xpid=muRFYqH7pYs9s,"APEX ""Sengen Kyoden 3"" Karayukimi Asahana Eiyuki Version, 1/7 Scale, PVC & ABS Painted Complete Figure"
B09R1Y48TW,,187.57,https://www.amazon.sg/DAIWA-Bait-Reel-Tattoora-Model/dp/B09R1Y48TW/ref=sr_1_105?dib=eyJ2IjoiMSJ9.8KtGqSvofts9TyQWorAMM4_NLDFFRWwM4N8X-E9bSDJZuCdup-9iUH6Hzu_O5IbZCzcmWqeVHlHT9F9GPq1wXfU2g-w5kfp0GSL__rKfvXcgdqztUPDajyyGttC_I1-I9K6e2Rtz2J1-c1_aKR3bELLo5ToRy82YFdRZxoiRylc.6A0yJtjR4Yq8O8WFguZ9U5oKnlTldtVPOcmT-IaZa1Y&dib_tag=se&m=A31NFQQ4065CWX&marketplaceID=A19VAU5U5O7RUS&qid=1773378735&refinements=p_36%3A18500-19000&s=merchant-items&sr=1-105&xpid=muRFYqH7pYs9s#customerReviews,DAIWA Bait Reel TATULA 80/80H/80XH Right/Left Handle (Model 2022)
B09R1Y48TW,,,,
B09PYWMBTN,,220.45,https://www.amazon.sg/Production-Mobile-Version-Pre-painted-Complete/dp/B09PYWMBTN/ref=sr_1_106?dib=eyJ2IjoiMSJ9.8KtGqSvofts9TyQWorAMM4_NLDFFRWwM4N8X-E9bSDJZuCdup-9iUH6Hzu_O5IbZCzcmWqeVHlHT9F9GPq1wXfU2g-w5kfp0GSL__rKfvXcgdqztUPDajyyGttC_I1-I9K6e2Rtz2J1-c1_aKR3bELLo5ToRy82YFdRZxoiRylc.6A0yJtjR4Yq8O8WFguZ9U5oKnlTldtVPOcmT-IaZa1Y&dib_tag=se&m=A31NFQQ4065CWX&marketplaceID=A19VAU5U5O7RUS&qid=1773378735&refinements=p_36%3A18500-19000&s=merchant-items&sr=1-106&xpid=muRFYqH7pYs9s,"PR Production Mobile Sentai Iron Saga Slokai Law Suit Version, 1/7 Scale, PVC & ABS Pre-painted Complete Figure"
B09NHST67R,,185.0,https://www.amazon.sg/Kenko-KL-05PL-Function-Smartphone-Included/dp/B09NHST67R/ref=sr_1_107?dib=eyJ2IjoiMSJ9.8KtGqSvofts9TyQWorAMM4_NLDFFRWwM4N8X-E9bSDJZuCdup-9iUH6Hzu_O5IbZCzcmWqeVHlHT9F9GPq1wXfU2g-w5kfp0GSL__rKfvXcgdqztUPDajyyGttC_I1-I9K6e2Rtz2J1-c1_aKR3bELLo5ToRy82YFdRZxoiRylc.6A0yJtjR4Yq8O8WFguZ9U5oKnlTldtVPOcmT-IaZa1Y&dib_tag=se&m=A31NFQQ4065CWX&marketplaceID=A19VAU5U5O7RUS&qid=1773378735&refinements=p_36%3A18500-19000&s=merchant-items&sr=1-107&xpid=muRFYqH7pYs9s#customerReviews,"Kenko KL-05PL LED Light, Glare Free, 12 Inch LED Panel Light, 9 Levels of Dimming, 3 Tone Levels, Off Timer Function, Smartphone Holder Included, USB Type-C Powered"
B09NHST67R,,,,
B09NHST67R,,185.0,https://www.amazon.sg/Kenko-KL-05PL-Function-Smartphone-Included/dp/B09NHST67R/ref=sr_1_113?dib=eyJ2IjoiMSJ9.X3pVdGyxuTCE6k5XMc4b2P_I_KUhZ4Quw0KSE7NAYudBDA-Kk0yWaIJoGefiZa8ZotltCu6w8UvWSAFyzi8stA.BkA-CWw3IGxWHRUOtYveiPjcSSxtVYwceq_BNMW_fY8&dib_tag=se&m=A31NFQQ4065CWX&marketplaceID=A19VAU5U5O7RUS&qid=1773378740&refinements=p_36%3A18500-19000&s=merchant-items&sr=1-113&xpid=muRFYqH7pYs9s#customerReviews,"Kenko KL-05PL LED Light, Glare Free, 12 Inch LED Panel Light, 9 Levels of Dimming, 3 Tone Levels, Off Timer Function, Smartphone Holder Included, USB Type-C Powered"
B09NHST67R,,,,
B09MCS6PLR,,195.36,https://www.amazon.sg/Illustrated-Committees-Non-scale-Pre-painted-Complete/dp/B09MCS6PLR/ref=sr_1_114?dib=eyJ2IjoiMSJ9.X3pVdGyxuTCE6k5XMc4b2P_I_KUhZ4Quw0KSE7NAYudBDA-Kk0yWaIJoGefiZa8ZotltCu6w8UvWSAFyzi8stA.BkA-CWw3IGxWHRUOtYveiPjcSSxtVYwceq_BNMW_fY8&dib_tag=se&m=A31NFQQ4065CWX&marketplaceID=A19VAU5U5O7RUS&qid=1773378740&refinements=p_36%3A18500-19000&s=merchant-items&sr=1-114&xpid=muRFYqH7pYs9s#customerReviews,"Illustrated by Yuyu Ichino, My Class Class Class Committees"", Non-scale, PVC & ABS, Pre-painted Complete Figure"
B09K84M9X6,,185.0,https://www.amazon.sg/RightOn-STRAPS-BEPPU-II-37-4-59-1/dp/B09K84M9X6/ref=sr_1_115?dib=eyJ2IjoiMSJ9.X3pVdGyxuTCE6k5XMc4b2P_I_KUhZ4Quw0KSE7NAYudBDA-Kk0yWaIJoGefiZa8ZotltCu6w8UvWSAFyzi8stA.BkA-CWw3IGxWHRUOtYveiPjcSSxtVYwceq_BNMW_fY8&dib_tag=se&m=A31NFQQ4065CWX&marketplaceID=A19VAU5U5O7RUS&qid=1773378740&refinements=p_36%3A18500-19000&s=merchant-items&sr=1-115&xpid=muRFYqH7pYs9s#customerReviews,"RightOn! STRAPS BEPPU II Unique Guitar Strap, Width 2.4 inches (6 cm), Length 37.4-59.1 inches (95-150 cm)"
B09K84M9X6,,,,
B09HXMFCFF,,189.61,https://www.amazon.sg/curble-Grand-Extra-Wide-Sturdy/dp/B09HXMFCFF/ref=sr_1_116?dib=eyJ2IjoiMSJ9.X3pVdGyxuTCE6k5XMc4b2P_I_KUhZ4Quw0KSE7NAYudBDA-Kk0yWaIJoGefiZa8ZotltCu6w8UvWSAFyzi8stA.BkA-CWw3IGxWHRUOtYveiPjcSSxtVYwceq_BNMW_fY8&dib_tag=se&m=A31NFQQ4065CWX&marketplaceID=A19VAU5U5O7RUS&qid=1773378740&refinements=p_36%3A18500-19000&s=merchant-items&sr=1-116&xpid=muRFYqH7pYs9s#customerReviews,"curble Grand(Extra Wide & Sturdy) – Ergonomic Back and Lumbar Support for Good Posture Correction and Back Pain Relief, Perfect for Office, Floor Seat, and Work from Home, Patented (Red)"
B09HXMFCFF,,,,
B09CYV67F3,,188.34,https://www.amazon.sg/Yany-Ligature-Tightening-Saxophone-Nico-chan/dp/B09CYV67F3/ref=sr_1_117?dib=eyJ2IjoiMSJ9.X3pVdGyxuTCE6k5XMc4b2P_I_KUhZ4Quw0KSE7NAYudBDA-Kk0yWaIJoGefiZa8ZotltCu6w8UvWSAFyzi8stA.BkA-CWw3IGxWHRUOtYveiPjcSSxtVYwceq_BNMW_fY8&dib_tag=se&m=A31NFQQ4065CWX&marketplaceID=A19VAU5U5O7RUS&qid=1773378740&refinements=p_36%3A18500-19000&s=merchant-items&sr=1-117&xpid=muRFYqH7pYs9s,"Yany Ligature Ebonite Ligature (Reverse Tightening/One Screw) for Baritone Saxophone, Gold Plated Finish, Yanny Nico-chan"
B09CYV67F3,,,,
B09BP44ZPG,,195.78,https://www.amazon.sg/Furyu-Sword-Art-Online-Alicization/dp/B09BP44ZPG/ref=sr_1_113?dib=eyJ2IjoiMSJ9.auNUcqmDi12QlqZ3E-vwA0dBQox0bHtd5NNbTBSi9pUPbMn6orgJiq3K-AwXceQ2BYeeUeNKZkoYa5JcKdKbKOS9lhsZBhFh30Yew00BNyfXunjnUhB_WOksCdCqo25EP-Or1Utku1isNSE6rDuMXgGJNMCcW5W3W5FJ_Z-S9Pg.b7rQeNgBJUw7VTv2_OLS8V-Pug-LTwHp8J2BDF1sKQU&dib_tag=se&m=A31NFQQ4065CWX&marketplaceID=A19VAU5U5O7RUS&qid=1773378740&refinements=p_36%3A18500-19000&s=merchant-items&sr=1-113&xpid=muRFYqH7pYs9s,"Furyu Sword Art Online: Alicization Alice (Chinese Dress Ver.) 1:7 Scale PVC Figure,Multicolor"
B098QCQCW2,,185.84,https://www.amazon.sg/Good-Smile-Project-Sekai-Colorful/dp/B098QCQCW2/ref=sr_1_114?dib=eyJ2IjoiMSJ9.auNUcqmDi12QlqZ3E-vwA0dBQox0bHtd5NNbTBSi9pUPbMn6orgJiq3K-AwXceQ2BYeeUeNKZkoYa5JcKdKbKOS9lhsZBhFh30Yew00BNyfXunjnUhB_WOksCdCqo25EP-Or1Utku1isNSE6rDuMXgGJNMCcW5W3W5FJ_Z-S9Pg.b7rQeNgBJUw7VTv2_OLS8V-Pug-LTwHp8J2BDF1sKQU&dib_tag=se&m=A31NFQQ4065CWX&marketplaceID=A19VAU5U5O7RUS&qid=1773378740&refinements=p_36%3A18500-19000&s=merchant-items&sr=1-114&xpid=muRFYqH7pYs9s#customerReviews,"Good Smile Project Sekai Colorful Stage!: Hatsune Miku Nendoroid Action Figure, Multicolor"
B098K3Y66T,,186.95,https://www.amazon.sg/Lamy-Studio-Fountain-Forest-Special/dp/B098K3Y66T/ref=sr_1_115?dib=eyJ2IjoiMSJ9.auNUcqmDi12QlqZ3E-vwA0dBQox0bHtd5NNbTBSi9pUPbMn6orgJiq3K-AwXceQ2BYeeUeNKZkoYa5JcKdKbKOS9lhsZBhFh30Yew00BNyfXunjnUhB_WOksCdCqo25EP-Or1Utku1isNSE6rDuMXgGJNMCcW5W3W5FJ_Z-S9Pg.b7rQeNgBJUw7VTv2_OLS8V-Pug-LTwHp8J2BDF1sKQU&dib_tag=se&m=A31NFQQ4065CWX&marketplaceID=A19VAU5U5O7RUS&qid=1773378740&refinements=p_36%3A18500-19000&s=merchant-items&sr=1-115&xpid=muRFYqH7pYs9s#customerReviews,Lamy - Studio 066 Fountain Pen - Black Forest Special Edition - Fine Nib
B098K3Y66T,,,,
B0931DGS4F,,199.69,https://www.amazon.sg/AMIF-SC-002-Idolmaster-Devoting-Rynnever-Finished/dp/B0931DGS4F/ref=sr_1_116?dib=eyJ2IjoiMSJ9.auNUcqmDi12QlqZ3E-vwA0dBQox0bHtd5NNbTBSi9pUPbMn6orgJiq3K-AwXceQ2BYeeUeNKZkoYa5JcKdKbKOS9lhsZBhFh30Yew00BNyfXunjnUhB_WOksCdCqo25EP-Or1Utku1isNSE6rDuMXgGJNMCcW5W3W5FJ_Z-S9Pg.b7rQeNgBJUw7VTv2_OLS8V-Pug-LTwHp8J2BDF1sKQU&dib_tag=se&m=A31NFQQ4065CWX&marketplaceID=A19VAU5U5O7RUS&qid=1773378740&refinements=p_36%3A18500-19000&s=merchant-items&sr=1-116&xpid=muRFYqH7pYs9s#customerReviews,"Amami AMIF-SC-002 Idolmaster Shiny Colors Osaki Satika Devoting Rynnever. 1/8 Scale, PVC, ABS, Painted, Finished Product Figure"
B08TH9Y5J8,,186.04,https://www.amazon.sg/Parker-2123509-Fountain-Fine-Point/dp/B08TH9Y5J8/ref=sr_1_117?dib=eyJ2IjoiMSJ9.auNUcqmDi12QlqZ3E-vwA0dBQox0bHtd5NNbTBSi9pUPbMn6orgJiq3K-AwXceQ2BYeeUeNKZkoYa5JcKdKbKOS9lhsZBhFh30Yew00BNyfXunjnUhB_WOksCdCqo25EP-Or1Utku1isNSE6rDuMXgGJNMCcW5W3W5FJ_Z-S9Pg.b7rQeNgBJUw7VTv2_OLS8V-Pug-LTwHp8J2BDF1sKQU&dib_tag=se&m=A31NFQQ4065CWX&marketplaceID=A19VAU5U5O7RUS&qid=1773378740&refinements=p_36%3A18500-19000&s=merchant-items&sr=1-117&xpid=muRFYqH7pYs9s#customerReviews,"Parker CT 2123509 Fountain Pen, F, Fine Point, 51, Teal Blue, Dual Use Type"
B08TH9Y5J8,,,,
B08SVTJTK7,,199.53,https://www.amazon.sg/Yahari-Machigataru-Complete-Yuigahama-Painted/dp/B08SVTJTK7/ref=sr_1_118?dib=eyJ2IjoiMSJ9.auNUcqmDi12QlqZ3E-vwA0dBQox0bHtd5NNbTBSi9pUPbMn6orgJiq3K-AwXceQ2BYeeUeNKZkoYa5JcKdKbKOS9lhsZBhFh30Yew00BNyfXunjnUhB_WOksCdCqo25EP-Or1Utku1isNSE6rDuMXgGJNMCcW5W3W5FJ_Z-S9Pg.b7rQeNgBJUw7VTv2_OLS8V-Pug-LTwHp8J2BDF1sKQU&dib_tag=se&m=A31NFQQ4065CWX&marketplaceID=A19VAU5U5O7RUS&qid=1773378740&refinements=p_36%3A18500-19000&s=merchant-items&sr=1-118&xpid=muRFYqH7pYs9s,"Yahari My Youth Love Comedy is Machigataru. Complete Yui Yuigahama, Rock. Ver. 1/7 Scale, ABS & PVC, Painted Complete Figure"
B08R7RBLJ2,,206.49,https://www.amazon.sg/Bandai-Tamashii-Nations-Figuarts-Cross-Z/dp/B08R7RBLJ2/ref=sr_1_119?dib=eyJ2IjoiMSJ9.auNUcqmDi12QlqZ3E-vwA0dBQox0bHtd5NNbTBSi9pUPbMn6orgJiq3K-AwXceQ2BYeeUeNKZkoYa5JcKdKbKOS9lhsZBhFh30Yew00BNyfXunjnUhB_WOksCdCqo25EP-Or1Utku1isNSE6rDuMXgGJNMCcW5W3W5FJ_Z-S9Pg.b7rQeNgBJUw7VTv2_OLS8V-Pug-LTwHp8J2BDF1sKQU&dib_tag=se&m=A31NFQQ4065CWX&marketplaceID=A19VAU5U5O7RUS&qid=1773378740&refinements=p_36%3A18500-19000&s=merchant-items&sr=1-119&xpid=muRFYqH7pYs9s,Bandai Tamashii Nations S.H. Figuarts Kamen Rider Build Cross-Z Build Form Kamen Rider Build Action Figure
B08R5M18PG,,186.67,https://www.amazon.sg/KIWAYA-No-30-S-AM-Lightweight-Aquamarine/dp/B08R5M18PG/ref=sr_1_120?dib=eyJ2IjoiMSJ9.auNUcqmDi12QlqZ3E-vwA0dBQox0bHtd5NNbTBSi9pUPbMn6orgJiq3K-AwXceQ2BYeeUeNKZkoYa5JcKdKbKOS9lhsZBhFh30Yew00BNyfXunjnUhB_WOksCdCqo25EP-Or1Utku1isNSE6rDuMXgGJNMCcW5W3W5FJ_Z-S9Pg.b7rQeNgBJUw7VTv2_OLS8V-Pug-LTwHp8J2BDF1sKQU&dib_tag=se&m=A31NFQQ4065CWX&marketplaceID=A19VAU5U5O7RUS&qid=1773378740&refinements=p_36%3A18500-19000&s=merchant-items&sr=1-120&xpid=muRFYqH7pYs9s#customerReviews,KIWAYA No.30-S/AM Soft Case for Soprano Ukulele (Durable and Lightweight Aquamarine with Shoulder Strap)
B08R5M18PG,,,,
B08MZWZNRL,,185.94,https://www.amazon.sg/MODEROID-Heavenly-Escafrone-Arcades-Non-Scale/dp/B08MZWZNRL/ref=sr_1_121?dib=eyJ2IjoiMSJ9.auNUcqmDi12QlqZ3E-vwA0dBQox0bHtd5NNbTBSi9pUPbMn6orgJiq3K-AwXceQ2BYeeUeNKZkoYa5JcKdKbKOS9lhsZBhFh30Yew00BNyfXunjnUhB_WOksCdCqo25EP-Or1Utku1isNSE6rDuMXgGJNMCcW5W3W5FJ_Z-S9Pg.b7rQeNgBJUw7VTv2_OLS8V-Pug-LTwHp8J2BDF1sKQU&dib_tag=se&m=A31NFQQ4065CWX&marketplaceID=A19VAU5U5O7RUS&qid=1773378740&refinements=p_36%3A18500-19000&s=merchant-items&sr=1-121&xpid=muRFYqH7pYs9s#customerReviews,"MODEROID Heavenly Escafrone Arcades Dilandu Machine, Non-Scale, PS & ABS Plastic Model"
B08MXTSWDP,,185.13,https://www.amazon.sg/spirits-Spirits-MS-14Fs-Gelgoog-Garahaus/dp/B08MXTSWDP/ref=sr_1_122?dib=eyJ2IjoiMSJ9.auNUcqmDi12QlqZ3E-vwA0dBQox0bHtd5NNbTBSi9pUPbMn6orgJiq3K-AwXceQ2BYeeUeNKZkoYa5JcKdKbKOS9lhsZBhFh30Yew00BNyfXunjnUhB_WOksCdCqo25EP-Or1Utku1isNSE6rDuMXgGJNMCcW5W3W5FJ_Z-S9Pg.b7rQeNgBJUw7VTv2_OLS8V-Pug-LTwHp8J2BDF1sKQU&dib_tag=se&m=A31NFQQ4065CWX&marketplaceID=A19VAU5U5O7RUS&qid=1773378740&refinements=p_36%3A18500-19000&s=merchant-items&sr=1-122&xpid=muRFYqH7pYs9s#customerReviews,Bandai spirits Robot Spirits Side MS MS-14Fs Gelgoog Marine CIMA Garahau's Custom Model Ver. A.N.I.M.E.
B08K91H6G8,,188.46,https://www.amazon.sg/KCNC-Fully-Machined-Brake-SK2126/dp/B08K91H6G8/ref=sr_1_123?dib=eyJ2IjoiMSJ9.auNUcqmDi12QlqZ3E-vwA0dBQox0bHtd5NNbTBSi9pUPbMn6orgJiq3K-AwXceQ2BYeeUeNKZkoYa5JcKdKbKOS9lhsZBhFh30Yew00BNyfXunjnUhB_WOksCdCqo25EP-Or1Utku1isNSE6rDuMXgGJNMCcW5W3W5FJ_Z-S9Pg.b7rQeNgBJUw7VTv2_OLS8V-Pug-LTwHp8J2BDF1sKQU&dib_tag=se&m=A31NFQQ4065CWX&marketplaceID=A19VAU5U5O7RUS&qid=1773378740&refinements=p_36%3A18500-19000&s=merchant-items&sr=1-123&xpid=muRFYqH7pYs9s#customerReviews,"KCNC V6 Fully CNC Machined MTB Brake Lever, 66g, Gold, SK2126"
B08K91H6G8,,,,
B08K91H6G8,,188.46,https://www.amazon.sg/KCNC-Fully-Machined-Brake-SK2126/dp/B08K91H6G8/ref=sr_1_129?dib=eyJ2IjoiMSJ9.HMuYhBu96XP_a4vnEbZ-qeNDZtG1Fx5-2zumDergTxD4lrILxLpLywEuYeaxMfe1jaoa6VTvqP5U34UMWyKZaA.fSqsXBBROI2Za75qi_zKeAuKlE-oTgMuNrTA4v_lAaE&dib_tag=se&m=A31NFQQ4065CWX&marketplaceID=A19VAU5U5O7RUS&qid=1773378745&refinements=p_36%3A18500-19000&s=merchant-items&sr=1-129&xpid=muRFYqH7pYs9s#customerReviews,"KCNC V6 Fully CNC Machined MTB Brake Lever, 66g, Gold, SK2126"
B08K91H6G8,,,,
B08K914L4T,,187.04,https://www.amazon.sg/KCNC-Fully-Machined-Brake-SK2124/dp/B08K914L4T/ref=sr_1_130?dib=eyJ2IjoiMSJ9.HMuYhBu96XP_a4vnEbZ-qeNDZtG1Fx5-2zumDergTxD4lrILxLpLywEuYeaxMfe1jaoa6VTvqP5U34UMWyKZaA.fSqsXBBROI2Za75qi_zKeAuKlE-oTgMuNrTA4v_lAaE&dib_tag=se&m=A31NFQQ4065CWX&marketplaceID=A19VAU5U5O7RUS&qid=1773378745&refinements=p_36%3A18500-19000&s=merchant-items&sr=1-130&xpid=muRFYqH7pYs9s#customerReviews,"KCNC V6 Fully CNC Machined MTB Brake Lever, 66g, Black, SK2124"
B08K914L4T,,,,
B08HR3XBZ2,,190.0,https://www.amazon.sg/NUX-MIGHTY-PLUG-Multifunction-Headphone/dp/B08HR3XBZ2/ref=sr_1_131?dib=eyJ2IjoiMSJ9.HMuYhBu96XP_a4vnEbZ-qeNDZtG1Fx5-2zumDergTxD4lrILxLpLywEuYeaxMfe1jaoa6VTvqP5U34UMWyKZaA.fSqsXBBROI2Za75qi_zKeAuKlE-oTgMuNrTA4v_lAaE&dib_tag=se&m=A31NFQQ4065CWX&marketplaceID=A19VAU5U5O7RUS&qid=1773378745&refinements=p_36%3A18500-19000&s=merchant-items&sr=1-131&xpid=muRFYqH7pYs9s#customerReviews,NUX MIGHTY PLUG MP-2 Multifunction Headphone Amplifier
B08HR3XBZ2,,,,
B08G1DCBFX,,188.34,https://www.amazon.sg/Oaks-Mittens-Resistant-Large-2-Pack/dp/B08G1DCBFX/ref=sr_1_132?dib=eyJ2IjoiMSJ9.HMuYhBu96XP_a4vnEbZ-qeNDZtG1Fx5-2zumDergTxD4lrILxLpLywEuYeaxMfe1jaoa6VTvqP5U34UMWyKZaA.fSqsXBBROI2Za75qi_zKeAuKlE-oTgMuNrTA4v_lAaE&dib_tag=se&m=A31NFQQ4065CWX&marketplaceID=A19VAU5U5O7RUS&qid=1773378745&refinements=p_36%3A18500-19000&s=merchant-items&sr=1-132&xpid=muRFYqH7pYs9s#customerReviews,"Oaks Reye Mittens, Heat Resistant, Grab, Large, 2-Pack, Pink and Gray"
B08G1DCBFX,,,,
B089NQZX5Z,,224.55,https://www.amazon.sg/Good-Smile-Racing-Type-Moon-Multicolor/dp/B089NQZX5Z/ref=sr_1_133?dib=eyJ2IjoiMSJ9.HMuYhBu96XP_a4vnEbZ-qeNDZtG1Fx5-2zumDergTxD4lrILxLpLywEuYeaxMfe1jaoa6VTvqP5U34UMWyKZaA.fSqsXBBROI2Za75qi_zKeAuKlE-oTgMuNrTA4v_lAaE&dib_tag=se&m=A31NFQQ4065CWX&marketplaceID=A19VAU5U5O7RUS&qid=1773378745&refinements=p_36%3A18500-19000&s=merchant-items&sr=1-133&xpid=muRFYqH7pYs9s#customerReviews,"Good Smile Racing & Type-Moon Racing: Altria Pendragon (Racing Version) 1:7 Scale PVC Figure, Multicolor"
B086VPRMCB,,206.49,https://www.amazon.sg/Naruto-Shippuden-Relation-TamashiiNations-Figuarts/dp/B086VPRMCB/ref=sr_1_129?dib=eyJ2IjoiMSJ9.lVTji69yeN9nM_0suaV0Syg5ahk5XXQwEkgPxSSHadAAkW1InmyQi3sJMUkVbO0V5dm-7ZaSfhqHogBQydgMd65RUHH0NciS0yz7DIE3IrJF7RJjLfUs-q4SfIBAGaaXktdTszvJEy8ZPwRq5qu7rFYHBSzFZ421iB8YTwQnbB4.PUdnrSUk1hJyCYvWdeL-FXx40IWLXwpcxpaPk0DKacA&dib_tag=se&m=A31NFQQ4065CWX&marketplaceID=A19VAU5U5O7RUS&qid=1773378745&refinements=p_36%3A18500-19000&s=merchant-items&sr=1-129&xpid=muRFYqH7pYs9s#customerReviews,"Naruto Shippuden - Naruto Uzumaki - KIZUNA Relation, Bandai TamashiiNations Figuarts Zero"
B086VP5TG2,,210.79,https://www.amazon.sg/Naruto-Shippuden-Relation-TamashiiNations-Figuarts/dp/B086VP5TG2/ref=sr_1_130?dib=eyJ2IjoiMSJ9.lVTji69yeN9nM_0suaV0Syg5ahk5XXQwEkgPxSSHadAAkW1InmyQi3sJMUkVbO0V5dm-7ZaSfhqHogBQydgMd65RUHH0NciS0yz7DIE3IrJF7RJjLfUs-q4SfIBAGaaXktdTszvJEy8ZPwRq5qu7rFYHBSzFZ421iB8YTwQnbB4.PUdnrSUk1hJyCYvWdeL-FXx40IWLXwpcxpaPk0DKacA&dib_tag=se&m=A31NFQQ4065CWX&marketplaceID=A19VAU5U5O7RUS&qid=1773378745&refinements=p_36%3A18500-19000&s=merchant-items&sr=1-130&xpid=muRFYqH7pYs9s#customerReviews,"Naruto Shippuden - Sasuke Uchiha - KIZUNA Relation, Bandai TamashiiNations Figuarts ZERO"
B082W12KW6,,189.41,https://www.amazon.sg/TAMASHII-NATIONS-BAS58737-Figuarts-Jackie/dp/B082W12KW6/ref=sr_1_131?dib=eyJ2IjoiMSJ9.lVTji69yeN9nM_0suaV0Syg5ahk5XXQwEkgPxSSHadAAkW1InmyQi3sJMUkVbO0V5dm-7ZaSfhqHogBQydgMd65RUHH0NciS0yz7DIE3IrJF7RJjLfUs-q4SfIBAGaaXktdTszvJEy8ZPwRq5qu7rFYHBSzFZ421iB8YTwQnbB4.PUdnrSUk1hJyCYvWdeL-FXx40IWLXwpcxpaPk0DKacA&dib_tag=se&m=A31NFQQ4065CWX&marketplaceID=A19VAU5U5O7RUS&qid=1773378745&refinements=p_36%3A18500-19000&s=merchant-items&sr=1-131&xpid=muRFYqH7pYs9s#customerReviews,"TAMASHII NATIONS BAS58737 S.H. Figuarts Jackie Chun ""Dragon Ball"", Multi"
B0824FDVY9,,193.19,https://www.amazon.sg/Mooer-E7-Guitar-Synthesizer-Effector/dp/B0824FDVY9/ref=sr_1_132?dib=eyJ2IjoiMSJ9.lVTji69yeN9nM_0suaV0Syg5ahk5XXQwEkgPxSSHadAAkW1InmyQi3sJMUkVbO0V5dm-7ZaSfhqHogBQydgMd65RUHH0NciS0yz7DIE3IrJF7RJjLfUs-q4SfIBAGaaXktdTszvJEy8ZPwRq5qu7rFYHBSzFZ421iB8YTwQnbB4.PUdnrSUk1hJyCYvWdeL-FXx40IWLXwpcxpaPk0DKacA&dib_tag=se&m=A31NFQQ4065CWX&marketplaceID=A19VAU5U5O7RUS&qid=1773378745&refinements=p_36%3A18500-19000&s=merchant-items&sr=1-132&xpid=muRFYqH7pYs9s#customerReviews,Mooer E7 Guitar Synthesizer Guitar Effector
B0824FDVY9,,,,
B081Q9WMD8,,187.44,https://www.amazon.sg/Cinelli-Boss-Drop-Handlebar-Black/dp/B081Q9WMD8/ref=sr_1_133?dib=eyJ2IjoiMSJ9.lVTji69yeN9nM_0suaV0Syg5ahk5XXQwEkgPxSSHadAAkW1InmyQi3sJMUkVbO0V5dm-7ZaSfhqHogBQydgMd65RUHH0NciS0yz7DIE3IrJF7RJjLfUs-q4SfIBAGaaXktdTszvJEy8ZPwRq5qu7rFYHBSzFZ421iB8YTwQnbB4.PUdnrSUk1hJyCYvWdeL-FXx40IWLXwpcxpaPk0DKacA&dib_tag=se&m=A31NFQQ4065CWX&marketplaceID=A19VAU5U5O7RUS&qid=1773378745&refinements=p_36%3A18500-19000&s=merchant-items&sr=1-133&xpid=muRFYqH7pYs9s#customerReviews,"Cinelli Boss Drop Handlebar, Black, 44cm"
B081Q9WMD8,,,,
B081MMX3ZX,,187.54,https://www.amazon.sg/PB-8218FLHTBB-Replacement-Screwdriver-Turquoise/dp/B081MMX3ZX/ref=sr_1_134?dib=eyJ2IjoiMSJ9.lVTji69yeN9nM_0suaV0Syg5ahk5XXQwEkgPxSSHadAAkW1InmyQi3sJMUkVbO0V5dm-7ZaSfhqHogBQydgMd65RUHH0NciS0yz7DIE3IrJF7RJjLfUs-q4SfIBAGaaXktdTszvJEy8ZPwRq5qu7rFYHBSzFZ421iB8YTwQnbB4.PUdnrSUk1hJyCYvWdeL-FXx40IWLXwpcxpaPk0DKacA&dib_tag=se&m=A31NFQQ4065CWX&marketplaceID=A19VAU5U5O7RUS&qid=1773378745&refinements=p_36%3A18500-19000&s=merchant-items&sr=1-134&xpid=muRFYqH7pYs9s#customerReviews,"PB Swiss Tools 8218FLHTBB Replacement Screwdriver Set, Turquoise (Box)"
B081MMX3ZX,,,,
B08132NVN4,,185.72,https://www.amazon.sg/Super-Legero-1003160003-Handle-Shredless/dp/B08132NVN4/ref=sr_1_135?dib=eyJ2IjoiMSJ9.lVTji69yeN9nM_0suaV0Syg5ahk5XXQwEkgPxSSHadAAkW1InmyQi3sJMUkVbO0V5dm-7ZaSfhqHogBQydgMd65RUHH0NciS0yz7DIE3IrJF7RJjLfUs-q4SfIBAGaaXktdTszvJEy8ZPwRq5qu7rFYHBSzFZ421iB8YTwQnbB4.PUdnrSUk1hJyCYvWdeL-FXx40IWLXwpcxpaPk0DKacA&dib_tag=se&m=A31NFQQ4065CWX&marketplaceID=A19VAU5U5O7RUS&qid=1773378745&refinements=p_36%3A18500-19000&s=merchant-items&sr=1-135&xpid=muRFYqH7pYs9s#customerReviews,DEDA Super Legero Stem (31.7) TEAM(BK) (2020) Black 82° x 100mm 1003160003 Handle Stem (Road/Shredless)
B08132NVN4,,,,
B07Z915R8W,,190.0,https://www.amazon.sg/Logic-Numbered-Warranty-Basketball-Municipality/dp/B07Z915R8W/ref=sr_1_136?dib=eyJ2IjoiMSJ9.lVTji69yeN9nM_0suaV0Syg5ahk5XXQwEkgPxSSHadAAkW1InmyQi3sJMUkVbO0V5dm-7ZaSfhqHogBQydgMd65RUHH0NciS0yz7DIE3IrJF7RJjLfUs-q4SfIBAGaaXktdTszvJEy8ZPwRq5qu7rFYHBSzFZ421iB8YTwQnbB4.PUdnrSUk1hJyCYvWdeL-FXx40IWLXwpcxpaPk0DKacA&dib_tag=se&m=A31NFQQ4065CWX&marketplaceID=A19VAU5U5O7RUS&qid=1773378745&refinements=p_36%3A18500-19000&s=merchant-items&sr=1-136&xpid=muRFYqH7pYs9s,"Logic Bibs Set for Kids, Adults, 7 Colors, Includes Storage Bag, Numbered Mesh, 30 Day Warranty, Football, Basketball, Futsal, School, Events, Municipality, Sports Festival, Set of 12, red, 大人用"
B07Z915R8W,,,,
B07Z8XPKRQ,,190.0,https://www.amazon.sg/Logic-Storage-Numbered-Basketball-Municipality/dp/B07Z8XPKRQ/ref=sr_1_137?dib=eyJ2IjoiMSJ9.lVTji69yeN9nM_0suaV0Syg5ahk5XXQwEkgPxSSHadAAkW1InmyQi3sJMUkVbO0V5dm-7ZaSfhqHogBQydgMd65RUHH0NciS0yz7DIE3IrJF7RJjLfUs-q4SfIBAGaaXktdTszvJEy8ZPwRq5qu7rFYHBSzFZ421iB8YTwQnbB4.PUdnrSUk1hJyCYvWdeL-FXx40IWLXwpcxpaPk0DKacA&dib_tag=se&m=A31NFQQ4065CWX&marketplaceID=A19VAU5U5O7RUS&qid=1773378745&refinements=p_36%3A18500-19000&s=merchant-items&sr=1-137&xpid=muRFYqH7pYs9s,"Logic Bib Set, 7 Colors, Zekken with Storage Bag, Numbered, Mesh, Soccer Basketball, Futsal, School, Events, Municipality, Sports Events (Adult Size, Yellow, 12 Pieces)"
B07Z8XPKRQ,,,,
B07Y23PD71,,211.61,https://www.amazon.sg/Max-Factory-Fate-Grand-Order/dp/B07Y23PD71/ref=sr_1_138?dib=eyJ2IjoiMSJ9.lVTji69yeN9nM_0suaV0Syg5ahk5XXQwEkgPxSSHadAAkW1InmyQi3sJMUkVbO0V5dm-7ZaSfhqHogBQydgMd65RUHH0NciS0yz7DIE3IrJF7RJjLfUs-q4SfIBAGaaXktdTszvJEy8ZPwRq5qu7rFYHBSzFZ421iB8YTwQnbB4.PUdnrSUk1hJyCYvWdeL-FXx40IWLXwpcxpaPk0DKacA&dib_tag=se&m=A31NFQQ4065CWX&marketplaceID=A19VAU5U5O7RUS&qid=1773378745&refinements=p_36%3A18500-19000&s=merchant-items&sr=1-138&xpid=muRFYqH7pYs9s#customerReviews,Max Factory Fate/Grand Order: Berserker/Jeanne D'Arc (Alter) Figma Action Figure
B07XTJGQJ1,,185.78,https://www.amazon.sg/SCHWALBE-Schwalbe-Clincher-Classic-Parallel/dp/B07XTJGQJ1/ref=sr_1_139?dib=eyJ2IjoiMSJ9.lVTji69yeN9nM_0suaV0Syg5ahk5XXQwEkgPxSSHadAAkW1InmyQi3sJMUkVbO0V5dm-7ZaSfhqHogBQydgMd65RUHH0NciS0yz7DIE3IrJF7RJjLfUs-q4SfIBAGaaXktdTszvJEy8ZPwRq5qu7rFYHBSzFZ421iB8YTwQnbB4.PUdnrSUk1hJyCYvWdeL-FXx40IWLXwpcxpaPk0DKacA&dib_tag=se&m=A31NFQQ4065CWX&marketplaceID=A19VAU5U5O7RUS&qid=1773378745&refinements=p_36%3A18500-19000&s=merchant-items&sr=1-139&xpid=muRFYqH7pYs9s#customerReviews,"Set of 2 SCHWALBE ONE ADDIX Schwalbe One Clincher 700c (700 x 25c, Classic Skin) [Parallel Import]"
B07XTJGQJ1,,,,
B07XTJGQJ1,,185.78,https://www.amazon.sg/SCHWALBE-Schwalbe-Clincher-Classic-Parallel/dp/B07XTJGQJ1/ref=sr_1_145?dib=eyJ2IjoiMSJ9.BxCiydPY1r_xHyHaDnzgJ69K2unl8jtTGru_pSdZjf1Ohreik1Cq5dK2uvhgDxtyv-L0XgXkqFE6QJOsFhkQ0w.L8fYNgA1hY5foSbZJPR6usUjLTiyhXmqiB-hIvx1SI8&dib_tag=se&m=A31NFQQ4065CWX&marketplaceID=A19VAU5U5O7RUS&qid=1773378749&refinements=p_36%3A18500-19000&s=merchant-items&sr=1-145&xpid=muRFYqH7pYs9s#customerReviews,"Set of 2 SCHWALBE ONE ADDIX Schwalbe One Clincher 700c (700 x 25c, Classic Skin) [Parallel Import]"
B07XTJGQJ1,,,,
B07WS75J23,,189.86,https://www.amazon.sg/Good-Smile-Weathering-You-multicolor/dp/B07WS75J23/ref=sr_1_146?dib=eyJ2IjoiMSJ9.BxCiydPY1r_xHyHaDnzgJ69K2unl8jtTGru_pSdZjf1Ohreik1Cq5dK2uvhgDxtyv-L0XgXkqFE6QJOsFhkQ0w.L8fYNgA1hY5foSbZJPR6usUjLTiyhXmqiB-hIvx1SI8&dib_tag=se&m=A31NFQQ4065CWX&marketplaceID=A19VAU5U5O7RUS&qid=1773378749&refinements=p_36%3A18500-19000&s=merchant-items&sr=1-146&xpid=muRFYqH7pYs9s#customerReviews,"Good Smile Weathering with You: Hina Amano Nendoroid Action Figure, multicolor"
B07W3SGLTN,,213.65,https://www.amazon.sg/Kenko-Accessories-RF-16-Electronic/dp/B07W3SGLTN/ref=sr_1_147?dib=eyJ2IjoiMSJ9.BxCiydPY1r_xHyHaDnzgJ69K2unl8jtTGru_pSdZjf1Ohreik1Cq5dK2uvhgDxtyv-L0XgXkqFE6QJOsFhkQ0w.L8fYNgA1hY5foSbZJPR6usUjLTiyhXmqiB-hIvx1SI8&dib_tag=se&m=A31NFQQ4065CWX&marketplaceID=A19VAU5U5O7RUS&qid=1773378749&refinements=p_36%3A18500-19000&s=merchant-items&sr=1-147&xpid=muRFYqH7pYs9s#customerReviews,"Kenko 515495 Lens Accessories Digital Close-Up Ring Set for Canon RF Mounts, 0.4/0.6 inches (10/16 mm), Set of 2, Includes Electronic Contacts, Made in Japan"
B07W3SGLTN,,,,
B07TXQG6JJ,,189.88,https://www.amazon.sg/DAIWA-Genuine-Z2020SHL-Limited-00613656129498/dp/B07TXQG6JJ/ref=sr_1_148?dib=eyJ2IjoiMSJ9.BxCiydPY1r_xHyHaDnzgJ69K2unl8jtTGru_pSdZjf1Ohreik1Cq5dK2uvhgDxtyv-L0XgXkqFE6QJOsFhkQ0w.L8fYNgA1hY5foSbZJPR6usUjLTiyhXmqiB-hIvx1SI8&dib_tag=se&m=A31NFQQ4065CWX&marketplaceID=A19VAU5U5O7RUS&qid=1773378749&refinements=p_36%3A18500-19000&s=merchant-items&sr=1-148&xpid=muRFYqH7pYs9s,DAIWA Reel Genuine Part 16 Z2020SHL BLACK Limited Spool (105-114) Part Number 105 Part Code 129498 00613656129498
B07TXQG6JJ,,,,
B07TVJMFN7,,189.88,https://www.amazon.sg/DAIWA-Genuine-Celtate-LT4000-CXH-00060053128D19/dp/B07TVJMFN7/ref=sr_1_149?dib=eyJ2IjoiMSJ9.BxCiydPY1r_xHyHaDnzgJ69K2unl8jtTGru_pSdZjf1Ohreik1Cq5dK2uvhgDxtyv-L0XgXkqFE6QJOsFhkQ0w.L8fYNgA1hY5foSbZJPR6usUjLTiyhXmqiB-hIvx1SI8&dib_tag=se&m=A31NFQQ4065CWX&marketplaceID=A19VAU5U5O7RUS&qid=1773378749&refinements=p_36%3A18500-19000&s=merchant-items&sr=1-149&xpid=muRFYqH7pYs9s#customerReviews,DAIWA Genuine Part 19 Celtate LT4000-CXH Spool (2-12) Part Number 9 Part Code 128D19 00060053128D19
B07TVJMFN7,,,,
B07TVJM6W5,,189.88,https://www.amazon.sg/Genuine-Igujisuto-LT3000-CH-Handle-000557201H2A68/dp/B07TVJM6W5/ref=sr_1_145?dib=eyJ2IjoiMSJ9.-URkrsIVt6CxKkxmzix6YTflgeN3Ol8aBB2xVBu7caHmMxZGAUixA1UkeAvULeSp1SHIw4169lTx9uFYUNAZ1ScDHcRXdvwN4nk54ZbSmtCFzGZ5gjB1-OnnXTGrnlHxxqo1eY2vuBb5e4StcTrIDlZelEkVsIzkKWP6TLwxI-Y.ORO1D1-sZHXxBqUNFITtPHZfGwT--KQo3HaaMubdqAs&dib_tag=se&m=A31NFQQ4065CWX&marketplaceID=A19VAU5U5O7RUS&qid=1773378749&refinements=p_36%3A18500-19000&s=merchant-items&sr=1-145&xpid=muRFYqH7pYs9s,"Daiwa Genuine Part 18, Igujisuto LT3000-CH Handle, Part Number 114, Part Code 1H2A68 000557201H2A68"
B07TVJM6W5,,,,
B07TVJLWXN,,189.88,https://www.amazon.sg/Genuine-Celtate-Number-128977-00056305128977/dp/B07TVJLWXN/ref=sr_1_146?dib=eyJ2IjoiMSJ9.-URkrsIVt6CxKkxmzix6YTflgeN3Ol8aBB2xVBu7caHmMxZGAUixA1UkeAvULeSp1SHIw4169lTx9uFYUNAZ1ScDHcRXdvwN4nk54ZbSmtCFzGZ5gjB1-OnnXTGrnlHxxqo1eY2vuBb5e4StcTrIDlZelEkVsIzkKWP6TLwxI-Y.ORO1D1-sZHXxBqUNFITtPHZfGwT--KQo3HaaMubdqAs&dib_tag=se&m=A31NFQQ4065CWX&marketplaceID=A19VAU5U5O7RUS&qid=1773378749&refinements=p_36%3A18500-19000&s=merchant-items&sr=1-146&xpid=muRFYqH7pYs9s,"Daiwa Genuine Part 16 Celtate 2506H Spool (2-8) Part Number 8, Part Code 128977 00056305128977"
B07TVJLWXN,,,,
B07TTHZQ2F,,189.88,https://www.amazon.sg/Genuine-Igujisuto-LT3000S-C-Handle-000557181H2A67/dp/B07TTHZQ2F/ref=sr_1_147?dib=eyJ2IjoiMSJ9.-URkrsIVt6CxKkxmzix6YTflgeN3Ol8aBB2xVBu7caHmMxZGAUixA1UkeAvULeSp1SHIw4169lTx9uFYUNAZ1ScDHcRXdvwN4nk54ZbSmtCFzGZ5gjB1-OnnXTGrnlHxxqo1eY2vuBb5e4StcTrIDlZelEkVsIzkKWP6TLwxI-Y.ORO1D1-sZHXxBqUNFITtPHZfGwT--KQo3HaaMubdqAs&dib_tag=se&m=A31NFQQ4065CWX&marketplaceID=A19VAU5U5O7RUS&qid=1773378749&refinements=p_36%3A18500-19000&s=merchant-items&sr=1-147&xpid=muRFYqH7pYs9s,"Daiwa Genuine Part 18, Igujisuto LT3000S-C, Handle, Part Number 114, Part Code 1H2A67 000557181H2A67"
B07TTHZQ2F,,,,
B07T9W11V7,,260.67,https://www.amazon.sg/SHIMANO-Spirex-2500FG-Spinning-SR2500FG/dp/B07T9W11V7/ref=sr_1_148?dib=eyJ2IjoiMSJ9.-URkrsIVt6CxKkxmzix6YTflgeN3Ol8aBB2xVBu7caHmMxZGAUixA1UkeAvULeSp1SHIw4169lTx9uFYUNAZ1ScDHcRXdvwN4nk54ZbSmtCFzGZ5gjB1-OnnXTGrnlHxxqo1eY2vuBb5e4StcTrIDlZelEkVsIzkKWP6TLwxI-Y.ORO1D1-sZHXxBqUNFITtPHZfGwT--KQo3HaaMubdqAs&dib_tag=se&m=A31NFQQ4065CWX&marketplaceID=A19VAU5U5O7RUS&qid=1773378749&refinements=p_36%3A18500-19000&s=merchant-items&sr=1-148&xpid=muRFYqH7pYs9s#customerReviews,SHIMANO Spirex 2500FG Spinning Reel SR2500FG
B07T9W11V7,,,,
B07SV5TMCS,,233.54,https://www.amazon.sg/SHIMANO-Steps-SW-E7000-R-Bicycle-Switch/dp/B07SV5TMCS/ref=sr_1_149?dib=eyJ2IjoiMSJ9.-URkrsIVt6CxKkxmzix6YTflgeN3Ol8aBB2xVBu7caHmMxZGAUixA1UkeAvULeSp1SHIw4169lTx9uFYUNAZ1ScDHcRXdvwN4nk54ZbSmtCFzGZ5gjB1-OnnXTGrnlHxxqo1eY2vuBb5e4StcTrIDlZelEkVsIzkKWP6TLwxI-Y.ORO1D1-sZHXxBqUNFITtPHZfGwT--KQo3HaaMubdqAs&dib_tag=se&m=A31NFQQ4065CWX&marketplaceID=A19VAU5U5O7RUS&qid=1773378749&refinements=p_36%3A18500-19000&s=merchant-items&sr=1-149&xpid=muRFYqH7pYs9s#customerReviews,SHIMANO Steps SW-E7000-R E-Bicycle Switch Unit - SW-E7000 - ISWE7000R300
B07SV5TMCS,,,,
B07SDF5JR8,,273.88,https://www.amazon.sg/Ibanez-4449EG6X-Guitar-Tools/dp/B07SDF5JR8/ref=sr_1_150?dib=eyJ2IjoiMSJ9.-URkrsIVt6CxKkxmzix6YTflgeN3Ol8aBB2xVBu7caHmMxZGAUixA1UkeAvULeSp1SHIw4169lTx9uFYUNAZ1ScDHcRXdvwN4nk54ZbSmtCFzGZ5gjB1-OnnXTGrnlHxxqo1eY2vuBb5e4StcTrIDlZelEkVsIzkKWP6TLwxI-Y.ORO1D1-sZHXxBqUNFITtPHZfGwT--KQo3HaaMubdqAs&dib_tag=se&m=A31NFQQ4065CWX&marketplaceID=A19VAU5U5O7RUS&qid=1773378749&refinements=p_36%3A18500-19000&s=merchant-items&sr=1-150&xpid=muRFYqH7pYs9s#customerReviews,Ibanez Guitar Tools (4449EG6X)
B07SDF5JR8,,,,
B07RMPHLMK,,187.38,https://www.amazon.sg/SHIMANO-Brake-Shift-TIAGRA-ST-4720/dp/B07RMPHLMK/ref=sr_1_151?dib=eyJ2IjoiMSJ9.-URkrsIVt6CxKkxmzix6YTflgeN3Ol8aBB2xVBu7caHmMxZGAUixA1UkeAvULeSp1SHIw4169lTx9uFYUNAZ1ScDHcRXdvwN4nk54ZbSmtCFzGZ5gjB1-OnnXTGrnlHxxqo1eY2vuBb5e4StcTrIDlZelEkVsIzkKWP6TLwxI-Y.ORO1D1-sZHXxBqUNFITtPHZfGwT--KQo3HaaMubdqAs&dib_tag=se&m=A31NFQQ4065CWX&marketplaceID=A19VAU5U5O7RUS&qid=1773378749&refinements=p_36%3A18500-19000&s=merchant-items&sr=1-151&xpid=muRFYqH7pYs9s#customerReviews,SHIMANO Brake/Shift Lever LH 2V Shim. Hydra TIAGRA ST-4720
B07RMPHLMK,,,,
B07R7C9ZDB,,197.59,https://www.amazon.sg/Campagnolo-Chorus-Direct-Derailleur-Aluminium/dp/B07R7C9ZDB/ref=sr_1_152?dib=eyJ2IjoiMSJ9.-URkrsIVt6CxKkxmzix6YTflgeN3Ol8aBB2xVBu7caHmMxZGAUixA1UkeAvULeSp1SHIw4169lTx9uFYUNAZ1ScDHcRXdvwN4nk54ZbSmtCFzGZ5gjB1-OnnXTGrnlHxxqo1eY2vuBb5e4StcTrIDlZelEkVsIzkKWP6TLwxI-Y.ORO1D1-sZHXxBqUNFITtPHZfGwT--KQo3HaaMubdqAs&dib_tag=se&m=A31NFQQ4065CWX&marketplaceID=A19VAU5U5O7RUS&qid=1773378749&refinements=p_36%3A18500-19000&s=merchant-items&sr=1-152&xpid=muRFYqH7pYs9s#customerReviews,"Campagnolo Chorus 12S 12s Direct Mount Front Derailleur, Black, Silver, Aluminium"
B07R7C9ZDB,,,,
B07R67JNS9,,187.67,https://www.amazon.sg/Campagnolo-Frame-Mount-MOUNTING-AC19-CAFEPS/dp/B07R67JNS9/ref=sr_1_153?dib=eyJ2IjoiMSJ9.-URkrsIVt6CxKkxmzix6YTflgeN3Ol8aBB2xVBu7caHmMxZGAUixA1UkeAvULeSp1SHIw4169lTx9uFYUNAZ1ScDHcRXdvwN4nk54ZbSmtCFzGZ5gjB1-OnnXTGrnlHxxqo1eY2vuBb5e4StcTrIDlZelEkVsIzkKWP6TLwxI-Y.ORO1D1-sZHXxBqUNFITtPHZfGwT--KQo3HaaMubdqAs&dib_tag=se&m=A31NFQQ4065CWX&marketplaceID=A19VAU5U5O7RUS&qid=1773378749&refinements=p_36%3A18500-19000&s=merchant-items&sr=1-153&xpid=muRFYqH7pYs9s,Campagnolo EPS V4 Frame Mount Cable FRAME MOUNTING CABLE AC19-CAFEPS 1 Set -
B07R67JNS9,,,,
B07PBYX58Q,,208.93,https://www.amazon.sg/Hero-Academia-PP791-Statue-Various/dp/B07PBYX58Q/ref=sr_1_154?dib=eyJ2IjoiMSJ9.-URkrsIVt6CxKkxmzix6YTflgeN3Ol8aBB2xVBu7caHmMxZGAUixA1UkeAvULeSp1SHIw4169lTx9uFYUNAZ1ScDHcRXdvwN4nk54ZbSmtCFzGZ5gjB1-OnnXTGrnlHxxqo1eY2vuBb5e4StcTrIDlZelEkVsIzkKWP6TLwxI-Y.ORO1D1-sZHXxBqUNFITtPHZfGwT--KQo3HaaMubdqAs&dib_tag=se&m=A31NFQQ4065CWX&marketplaceID=A19VAU5U5O7RUS&qid=1773378749&refinements=p_36%3A18500-19000&s=merchant-items&sr=1-154&xpid=muRFYqH7pYs9s#customerReviews,"My Hero Academia PP791 Statue, Various"
B07M7MW2Z6,,185.0,https://www.amazon.sg/Yamazaki-4490-Telescopic-Approx-21-8-35-4/dp/B07M7MW2Z6/ref=sr_1_155?dib=eyJ2IjoiMSJ9.-URkrsIVt6CxKkxmzix6YTflgeN3Ol8aBB2xVBu7caHmMxZGAUixA1UkeAvULeSp1SHIw4169lTx9uFYUNAZ1ScDHcRXdvwN4nk54ZbSmtCFzGZ5gjB1-OnnXTGrnlHxxqo1eY2vuBb5e4StcTrIDlZelEkVsIzkKWP6TLwxI-Y.ORO1D1-sZHXxBqUNFITtPHZfGwT--KQo3HaaMubdqAs&dib_tag=se&m=A31NFQQ4065CWX&marketplaceID=A19VAU5U5O7RUS&qid=1773378749&refinements=p_36%3A18500-19000&s=merchant-items&sr=1-155&xpid=muRFYqH7pYs9s#customerReviews,"Yamazaki 4490 Under Sink Telescopic Rack, Slim, White, Approx. W 21.8-35.4 x D 4.9 x H 3.0 inches (55.5-90 x 12.5 x 7.5 cm), Tower Kitchen Rack, Spice Rack, Under Sink Storage"
B07M7MW2Z6,,,,
B07R67JNS9,,187.67,https://www.amazon.sg/Campagnolo-Frame-Mount-MOUNTING-AC19-CAFEPS/dp/B07R67JNS9/ref=sr_1_161?dib=eyJ2IjoiMSJ9._c5PUPupxzPrOowZDJ9V3sdW9D4lvPT2mjxl1L-WKjY_doozE8BvlIOQmtxiurfNmYhZat-2BupaR9-QTkbBHA.MjC3zSPwG7GC3ss3AgGte2NFvHrnubEG9BH-lhLVKqc&dib_tag=se&m=A31NFQQ4065CWX&marketplaceID=A19VAU5U5O7RUS&qid=1773378755&refinements=p_36%3A18500-19000&s=merchant-items&sr=1-161&xpid=muRFYqH7pYs9s,Campagnolo EPS V4 Frame Mount Cable FRAME MOUNTING CABLE AC19-CAFEPS 1 Set -
B07R67JNS9,,,,
B07PBYX58Q,,208.93,https://www.amazon.sg/Hero-Academia-PP791-Statue-Various/dp/B07PBYX58Q/ref=sr_1_162?dib=eyJ2IjoiMSJ9._c5PUPupxzPrOowZDJ9V3sdW9D4lvPT2mjxl1L-WKjY_doozE8BvlIOQmtxiurfNmYhZat-2BupaR9-QTkbBHA.MjC3zSPwG7GC3ss3AgGte2NFvHrnubEG9BH-lhLVKqc&dib_tag=se&m=A31NFQQ4065CWX&marketplaceID=A19VAU5U5O7RUS&qid=1773378755&refinements=p_36%3A18500-19000&s=merchant-items&sr=1-162&xpid=muRFYqH7pYs9s#customerReviews,"My Hero Academia PP791 Statue, Various"
B07M7MW2Z6,,185.0,https://www.amazon.sg/Yamazaki-4490-Telescopic-Approx-21-8-35-4/dp/B07M7MW2Z6/ref=sr_1_163?dib=eyJ2IjoiMSJ9._c5PUPupxzPrOowZDJ9V3sdW9D4lvPT2mjxl1L-WKjY_doozE8BvlIOQmtxiurfNmYhZat-2BupaR9-QTkbBHA.MjC3zSPwG7GC3ss3AgGte2NFvHrnubEG9BH-lhLVKqc&dib_tag=se&m=A31NFQQ4065CWX&marketplaceID=A19VAU5U5O7RUS&qid=1773378755&refinements=p_36%3A18500-19000&s=merchant-items&sr=1-163&xpid=muRFYqH7pYs9s#customerReviews,"Yamazaki 4490 Under Sink Telescopic Rack, Slim, White, Approx. W 21.8-35.4 x D 4.9 x H 3.0 inches (55.5-90 x 12.5 x 7.5 cm), Tower Kitchen Rack, Spice Rack, Under Sink Storage"
B07M7MW2Z6,,,,
B07L9LMNVT,,188.26,https://www.amazon.sg/Ritchey-EvoCurve-Aluminum-Handlebar-Cyclocross/dp/B07L9LMNVT/ref=sr_1_164?dib=eyJ2IjoiMSJ9._c5PUPupxzPrOowZDJ9V3sdW9D4lvPT2mjxl1L-WKjY_doozE8BvlIOQmtxiurfNmYhZat-2BupaR9-QTkbBHA.MjC3zSPwG7GC3ss3AgGte2NFvHrnubEG9BH-lhLVKqc&dib_tag=se&m=A31NFQQ4065CWX&marketplaceID=A19VAU5U5O7RUS&qid=1773378755&refinements=p_36%3A18500-19000&s=merchant-items&sr=1-164&xpid=muRFYqH7pYs9s#customerReviews,Ritchey WCS EvoCurve Aluminum Alloy Road Bike Drop Handlebar for Road Gravel Cyclocross Bicycle
B07L9LMNVT,,,,
B07L6C131L,,207.17,https://www.amazon.sg/TOP-EDX-824AS-Electric-Included-Conversion/dp/B07L6C131L/ref=sr_1_165?dib=eyJ2IjoiMSJ9._c5PUPupxzPrOowZDJ9V3sdW9D4lvPT2mjxl1L-WKjY_doozE8BvlIOQmtxiurfNmYhZat-2BupaR9-QTkbBHA.MjC3zSPwG7GC3ss3AgGte2NFvHrnubEG9BH-lhLVKqc&dib_tag=se&m=A31NFQQ4065CWX&marketplaceID=A19VAU5U5O7RUS&qid=1773378755&refinements=p_36%3A18500-19000&s=merchant-items&sr=1-165&xpid=muRFYqH7pYs9s#customerReviews,"TOP EDX-824AS Alpha Socket Set of 11 for Electric Drills, 0.3-0.9 inches (8-24 mm), Case Included, Socket Conversion Adapter Included"
B07L6C131L,,,,
B07KXDY87N,,186.98,https://www.amazon.sg/Idolmaster-Cinderella-Girls-Version-Figure/dp/B07KXDY87N/ref=sr_1_161?dib=eyJ2IjoiMSJ9.Um_5cnEz1sNasykmQNAi8b3gDPfKWXYKer4WABoKwDqCuosB6z1eDC76e3FLILPkduSL-mIKeqWYW2WRlhNEpCG2sIjL5--HUG5b4ZwrGpJsjupnBycJTIb_J-bFcIr1WCGMd7yrhJi69uWOm_R-lm7XMFj4eXIH7uAqWeYAl8Q.JmHnTun_zdWKOyBCmP3lCkRQspmEZDDXfYDBX5AC9Eo&dib_tag=se&m=A31NFQQ4065CWX&marketplaceID=A19VAU5U5O7RUS&qid=1773378755&refinements=p_36%3A18500-19000&s=merchant-items&sr=1-161&xpid=muRFYqH7pYs9s#customerReviews,The Idolmaster Cinderella Girls: Miria Akagi (Party Version) 1: 7 Scale PVC Figure
B07KLG3LJT,,190.81,https://www.amazon.sg/Lobtex-BM3512A-Shrimp-Handle-Standard/dp/B07KLG3LJT/ref=sr_1_162?dib=eyJ2IjoiMSJ9.Um_5cnEz1sNasykmQNAi8b3gDPfKWXYKer4WABoKwDqCuosB6z1eDC76e3FLILPkduSL-mIKeqWYW2WRlhNEpCG2sIjL5--HUG5b4ZwrGpJsjupnBycJTIb_J-bFcIr1WCGMd7yrhJi69uWOm_R-lm7XMFj4eXIH7uAqWeYAl8Q.JmHnTun_zdWKOyBCmP3lCkRQspmEZDDXfYDBX5AC9Eo&dib_tag=se&m=A31NFQQ4065CWX&marketplaceID=A19VAU5U5O7RUS&qid=1773378755&refinements=p_36%3A18500-19000&s=merchant-items&sr=1-162&xpid=muRFYqH7pYs9s,Lobtex BM3512A Shrimp Vise Bar Handle Standard Type
B07KLG3LJT,,,,
B07KGHMMQR,,202.8,https://www.amazon.sg/thatsArte-com-Italian-Ceramic-Pottery-Handmade/dp/B07KGHMMQR/ref=sr_1_163?dib=eyJ2IjoiMSJ9.Um_5cnEz1sNasykmQNAi8b3gDPfKWXYKer4WABoKwDqCuosB6z1eDC76e3FLILPkduSL-mIKeqWYW2WRlhNEpCG2sIjL5--HUG5b4ZwrGpJsjupnBycJTIb_J-bFcIr1WCGMd7yrhJi69uWOm_R-lm7XMFj4eXIH7uAqWeYAl8Q.JmHnTun_zdWKOyBCmP3lCkRQspmEZDDXfYDBX5AC9Eo&dib_tag=se&m=A31NFQQ4065CWX&marketplaceID=A19VAU5U5O7RUS&qid=1773378755&refinements=p_36%3A18500-19000&s=merchant-items&sr=1-163&xpid=muRFYqH7pYs9s#customerReviews,"Italian Ceramic Mug Ricco Deruta Blu - Hand Made Pottery Coffee Mugs, Deruta Italian Pottery, Painted Mug, Italian Ceramic, Made in Italy, Painted Coffee Mug, Mugs Handmade"
B07KGHMMQR,,,,
B07K8GG76C,,189.47,https://www.amazon.sg/Daiwa-Mountain-Stream-Kiyose-Fishing/dp/B07K8GG76C/ref=sr_1_164?dib=eyJ2IjoiMSJ9.Um_5cnEz1sNasykmQNAi8b3gDPfKWXYKer4WABoKwDqCuosB6z1eDC76e3FLILPkduSL-mIKeqWYW2WRlhNEpCG2sIjL5--HUG5b4ZwrGpJsjupnBycJTIb_J-bFcIr1WCGMd7yrhJi69uWOm_R-lm7XMFj4eXIH7uAqWeYAl8Q.JmHnTun_zdWKOyBCmP3lCkRQspmEZDDXfYDBX5AC9Eo&dib_tag=se&m=A31NFQQ4065CWX&marketplaceID=A19VAU5U5O7RUS&qid=1773378755&refinements=p_36%3A18500-19000&s=merchant-items&sr=1-164&xpid=muRFYqH7pYs9s#customerReviews,"Daiwa Mountain Stream Rod, Kiyose, Y, Hard Tone, 62.8 ft (62 m), Y Fishing Rod"
B07K8GG76C,,,,
B07HF8QN54,,215.08,https://www.amazon.sg/BrandName-Kotobukiya-Shaman-Painted-Figure/dp/B07HF8QN54/ref=sr_1_165?dib=eyJ2IjoiMSJ9.Um_5cnEz1sNasykmQNAi8b3gDPfKWXYKer4WABoKwDqCuosB6z1eDC76e3FLILPkduSL-mIKeqWYW2WRlhNEpCG2sIjL5--HUG5b4ZwrGpJsjupnBycJTIb_J-bFcIr1WCGMd7yrhJi69uWOm_R-lm7XMFj4eXIH7uAqWeYAl8Q.JmHnTun_zdWKOyBCmP3lCkRQspmEZDDXfYDBX5AC9Eo&dib_tag=se&m=A31NFQQ4065CWX&marketplaceID=A19VAU5U5O7RUS&qid=1773378755&refinements=p_36%3A18500-19000&s=merchant-items&sr=1-165&xpid=muRFYqH7pYs9s#customerReviews,"BrandName ""ţ½ű‹(Kotobukiya) Artfx J Shaman King Hao 1/8 Scale Painted Pvc Figure"
B07H2WG6RG,,196.45,https://www.amazon.sg/Shimano-M9120-rezinpaddo-haidoro-rikku-ibrm9120mprf/dp/B07H2WG6RG/ref=sr_1_166?dib=eyJ2IjoiMSJ9.Um_5cnEz1sNasykmQNAi8b3gDPfKWXYKer4WABoKwDqCuosB6z1eDC76e3FLILPkduSL-mIKeqWYW2WRlhNEpCG2sIjL5--HUG5b4ZwrGpJsjupnBycJTIb_J-bFcIr1WCGMd7yrhJi69uWOm_R-lm7XMFj4eXIH7uAqWeYAl8Q.JmHnTun_zdWKOyBCmP3lCkRQspmEZDDXfYDBX5AC9Eo&dib_tag=se&m=A31NFQQ4065CWX&marketplaceID=A19VAU5U5O7RUS&qid=1773378755&refinements=p_36%3A18500-19000&s=merchant-items&sr=1-166&xpid=muRFYqH7pYs9s#customerReviews,Shimano BR M9120 rezinpaddo (N03) Fins with haidoro-rikku ibrm9120mprf
B07H2WG6RG,,,,
B07GSQFQ3K,,206.94,https://www.amazon.sg/Max-Factory-Fate-Grand-Order/dp/B07GSQFQ3K/ref=sr_1_167?dib=eyJ2IjoiMSJ9.Um_5cnEz1sNasykmQNAi8b3gDPfKWXYKer4WABoKwDqCuosB6z1eDC76e3FLILPkduSL-mIKeqWYW2WRlhNEpCG2sIjL5--HUG5b4ZwrGpJsjupnBycJTIb_J-bFcIr1WCGMd7yrhJi69uWOm_R-lm7XMFj4eXIH7uAqWeYAl8Q.JmHnTun_zdWKOyBCmP3lCkRQspmEZDDXfYDBX5AC9Eo&dib_tag=se&m=A31NFQQ4065CWX&marketplaceID=A19VAU5U5O7RUS&qid=1773378755&refinements=p_36%3A18500-19000&s=merchant-items&sr=1-167&xpid=muRFYqH7pYs9s#customerReviews,Max Factory Fate/Grand Order: Saber/Frankenstein 1: 7 Scale PVC Figure
B07FNSJHTN,,186.63,https://www.amazon.sg/Molten-Europa-League-Official-Orange/dp/B07FNSJHTN/ref=sr_1_168?dib=eyJ2IjoiMSJ9.Um_5cnEz1sNasykmQNAi8b3gDPfKWXYKer4WABoKwDqCuosB6z1eDC76e3FLILPkduSL-mIKeqWYW2WRlhNEpCG2sIjL5--HUG5b4ZwrGpJsjupnBycJTIb_J-bFcIr1WCGMd7yrhJi69uWOm_R-lm7XMFj4eXIH7uAqWeYAl8Q.JmHnTun_zdWKOyBCmP3lCkRQspmEZDDXfYDBX5AC9Eo&dib_tag=se&m=A31NFQQ4065CWX&marketplaceID=A19VAU5U5O7RUS&qid=1773378755&refinements=p_36%3A18500-19000&s=merchant-items&sr=1-168&xpid=muRFYqH7pYs9s#customerReviews,"Molten The UEFA Europa League Official Match Ball, Orange, Size 5"
B07FNSJHTN,,,,
B07DZKXJ9Q,,185.0,https://www.amazon.sg/Imabari-Certified-Specifications-Absorbent-Drying/dp/B07DZKXJ9Q/ref=sr_1_169?dib=eyJ2IjoiMSJ9.Um_5cnEz1sNasykmQNAi8b3gDPfKWXYKer4WABoKwDqCuosB6z1eDC76e3FLILPkduSL-mIKeqWYW2WRlhNEpCG2sIjL5--HUG5b4ZwrGpJsjupnBycJTIb_J-bFcIr1WCGMd7yrhJi69uWOm_R-lm7XMFj4eXIH7uAqWeYAl8Q.JmHnTun_zdWKOyBCmP3lCkRQspmEZDDXfYDBX5AC9Eo&dib_tag=se&m=A31NFQQ4065CWX&marketplaceID=A19VAU5U5O7RUS&qid=1773378755&refinements=p_36%3A18500-19000&s=merchant-items&sr=1-169&xpid=muRFYqH7pYs9s#customerReviews,"Bloom Imabari Towel, Certified Bath Towel, Set of 2, Ciel, Hotel Specifications, Water Absorbent, Quick Drying, Room Drying, 100% Cotton, Made in Japan (White)"
B07DZKXJ9Q,,,,
B07DX9Q6W9,,188.12,https://www.amazon.sg/Wolf-Tooth-Premium-Upper-Headset/dp/B07DX9Q6W9/ref=sr_1_170?dib=eyJ2IjoiMSJ9.Um_5cnEz1sNasykmQNAi8b3gDPfKWXYKer4WABoKwDqCuosB6z1eDC76e3FLILPkduSL-mIKeqWYW2WRlhNEpCG2sIjL5--HUG5b4ZwrGpJsjupnBycJTIb_J-bFcIr1WCGMd7yrhJi69uWOm_R-lm7XMFj4eXIH7uAqWeYAl8Q.JmHnTun_zdWKOyBCmP3lCkRQspmEZDDXfYDBX5AC9Eo&dib_tag=se&m=A31NFQQ4065CWX&marketplaceID=A19VAU5U5O7RUS&qid=1773378755&refinements=p_36%3A18500-19000&s=merchant-items&sr=1-170&xpid=muRFYqH7pYs9s#customerReviews,Wolf Tooth Premium ZS44/28.6 Upper Headset 6mm Stack Blue
B07DX9Q6W9,,,,
B07DWJR36X,,197.15,https://www.amazon.sg/Westcott-40-Degree-Crate-Stripbank-Switch/dp/B07DWJR36X/ref=sr_1_171?dib=eyJ2IjoiMSJ9.Um_5cnEz1sNasykmQNAi8b3gDPfKWXYKer4WABoKwDqCuosB6z1eDC76e3FLILPkduSL-mIKeqWYW2WRlhNEpCG2sIjL5--HUG5b4ZwrGpJsjupnBycJTIb_J-bFcIr1WCGMd7yrhJi69uWOm_R-lm7XMFj4eXIH7uAqWeYAl8Q.JmHnTun_zdWKOyBCmP3lCkRQspmEZDDXfYDBX5AC9Eo&dib_tag=se&m=A31NFQQ4065CWX&marketplaceID=A19VAU5U5O7RUS&qid=1773378755&refinements=p_36%3A18500-19000&s=merchant-items&sr=1-171&xpid=muRFYqH7pYs9s#customerReviews,Westcott 40-Degree Egg Crate Grid for 12x36 Stripbank & 1x3' Switch
B07DWJR36X,,,,
B07DW679PN,,350.0,https://www.amazon.sg/Bandai-Hobby-Gyunei-Chars-Counterattack/dp/B07DW679PN/ref=sr_1_177?dib=eyJ2IjoiMSJ9.D2oV8wOkd_Z4fhlM5eiXpH_aDt1WkGbpjpOl6kR7idJDm8dPURPz7Vi9yeNZDZTZDUK4YMrkhyTPF-qmr4yKJw.gi4VVwZjj0YLcdQ1fc0Gh1JPWmVzv-vsU966PETPKRc&dib_tag=se&m=A31NFQQ4065CWX&marketplaceID=A19VAU5U5O7RUS&qid=1773378760&refinements=p_36%3A18500-19000&s=merchant-items&sr=1-177&xpid=muRFYqH7pYs9s#customerReviews,"Bandai Hobby RE/100#10 Gyunei Guss’ Jagd Doga ""Char's Counterattack"""
B07D78MM2Z,,209.87,https://www.amazon.sg/Buffalo-corresponding-Portable-Standard-HD-PCG2-0U3-GBA/dp/B07D78MM2Z/ref=sr_1_178?dib=eyJ2IjoiMSJ9.D2oV8wOkd_Z4fhlM5eiXpH_aDt1WkGbpjpOl6kR7idJDm8dPURPz7Vi9yeNZDZTZDUK4YMrkhyTPF-qmr4yKJw.gi4VVwZjj0YLcdQ1fc0Gh1JPWmVzv-vsU966PETPKRc&dib_tag=se&m=A31NFQQ4065CWX&marketplaceID=A19VAU5U5O7RUS&qid=1773378760&refinements=p_36%3A18500-19000&s=merchant-items&sr=1-178&xpid=muRFYqH7pYs9s#customerReviews,Buffalo USB3.1 (Gen.1) corresponding Portable HDD Standard Model Black 2TB HD-PCG2.0U3-GBA
B07D78MM2Z,,,,
B07CP57WTB,,188.58,https://www.amazon.sg/Tamashii-Nations-Figuarts-Skywalker-Revenge/dp/B07CP57WTB/ref=sr_1_179?dib=eyJ2IjoiMSJ9.D2oV8wOkd_Z4fhlM5eiXpH_aDt1WkGbpjpOl6kR7idJDm8dPURPz7Vi9yeNZDZTZDUK4YMrkhyTPF-qmr4yKJw.gi4VVwZjj0YLcdQ1fc0Gh1JPWmVzv-vsU966PETPKRc&dib_tag=se&m=A31NFQQ4065CWX&marketplaceID=A19VAU5U5O7RUS&qid=1773378760&refinements=p_36%3A18500-19000&s=merchant-items&sr=1-179&xpid=muRFYqH7pYs9s#customerReviews,"Bandai Tamashii Nations ""S.H. Figuarts Star Wars (Star ??Wars) Anakin Skywalker (Revenge Of The Sith) About 150Mm Abs & Pvc Painted Action Figure"
B07CKXQWQM,,187.71,https://www.amazon.sg/Cokin-NXPRG8-NUANCES-Gradient-Tempered/dp/B07CKXQWQM/ref=sr_1_180?dib=eyJ2IjoiMSJ9.D2oV8wOkd_Z4fhlM5eiXpH_aDt1WkGbpjpOl6kR7idJDm8dPURPz7Vi9yeNZDZTZDUK4YMrkhyTPF-qmr4yKJw.gi4VVwZjj0YLcdQ1fc0Gh1JPWmVzv-vsU966PETPKRc&dib_tag=se&m=A31NFQQ4065CWX&marketplaceID=A19VAU5U5O7RUS&qid=1773378760&refinements=p_36%3A18500-19000&s=merchant-items&sr=1-180&xpid=muRFYqH7pYs9s#customerReviews,Cokin NXPRG8 Square ND Filter NUANCES EXTREME Half Gradient Reverse GND ND8 Medium 84mm x 100mm Tempered Glass
B07CKXQWQM,,,,
B07C3XFJVQ,,189.49,https://www.amazon.sg/CableMod-ModMesh-Sleeved-Extension-Carbon/dp/B07C3XFJVQ/ref=sr_1_181?dib=eyJ2IjoiMSJ9.D2oV8wOkd_Z4fhlM5eiXpH_aDt1WkGbpjpOl6kR7idJDm8dPURPz7Vi9yeNZDZTZDUK4YMrkhyTPF-qmr4yKJw.gi4VVwZjj0YLcdQ1fc0Gh1JPWmVzv-vsU966PETPKRc&dib_tag=se&m=A31NFQQ4065CWX&marketplaceID=A19VAU5U5O7RUS&qid=1773378760&refinements=p_36%3A18500-19000&s=merchant-items&sr=1-181&xpid=muRFYqH7pYs9s#customerReviews,CableMod Pro ModMesh Sleeved Cable Extension Kit (Carbon)
B07C3XFJVQ,,,,
B079YMMVFC,,187.44,https://www.amazon.sg/Ortofon-Omega-1e-Consumer-Cartridge/dp/B079YMMVFC/ref=sr_1_177?dib=eyJ2IjoiMSJ9.8q8ndDwkP6y13Opk0nCn_6Yz4ZWUr__ax0wJGGLzYByPexIY2UbzscwNv7CR6xfpXO9tdFcp_IRFDaZ-IsfkBZhlJ7pAoKKr3msr0e7dHTmaypZhZ_b4Hx6E2u8nZHDIYauK2KVAvmq6pgofSrxMINdkC39rEsodaMX5o5aL2iM.3lyWWc0xGWL2QM8rsVgKk0qhsRr8mUeH_HuIqIu2yPg&dib_tag=se&m=A31NFQQ4065CWX&marketplaceID=A19VAU5U5O7RUS&qid=1773378760&refinements=p_36%3A18500-19000&s=merchant-items&sr=1-177&xpid=muRFYqH7pYs9s#customerReviews,Ortofon Omega Consumer Cartridge
B079YMMVFC,,,,
B079RXNDL2,,190.0,https://www.amazon.sg/Mizuno-R3JTA801-Rugby-Headgear-XS/dp/B079RXNDL2/ref=sr_1_178?dib=eyJ2IjoiMSJ9.8q8ndDwkP6y13Opk0nCn_6Yz4ZWUr__ax0wJGGLzYByPexIY2UbzscwNv7CR6xfpXO9tdFcp_IRFDaZ-IsfkBZhlJ7pAoKKr3msr0e7dHTmaypZhZ_b4Hx6E2u8nZHDIYauK2KVAvmq6pgofSrxMINdkC39rEsodaMX5o5aL2iM.3lyWWc0xGWL2QM8rsVgKk0qhsRr8mUeH_HuIqIu2yPg&dib_tag=se&m=A31NFQQ4065CWX&marketplaceID=A19VAU5U5O7RUS&qid=1773378760&refinements=p_36%3A18500-19000&s=merchant-items&sr=1-178&xpid=muRFYqH7pYs9s#customerReviews,"Mizuno R3JTA801 Rugby Headgear, XS - XO Size"
B079RXNDL2,,,,
B079KK1M63,,190.0,https://www.amazon.sg/Minoura-KCL-4F-Bicycle-Carrier-Large/dp/B079KK1M63/ref=sr_1_179?dib=eyJ2IjoiMSJ9.8q8ndDwkP6y13Opk0nCn_6Yz4ZWUr__ax0wJGGLzYByPexIY2UbzscwNv7CR6xfpXO9tdFcp_IRFDaZ-IsfkBZhlJ7pAoKKr3msr0e7dHTmaypZhZ_b4Hx6E2u8nZHDIYauK2KVAvmq6pgofSrxMINdkC39rEsodaMX5o5aL2iM.3lyWWc0xGWL2QM8rsVgKk0qhsRr8mUeH_HuIqIu2yPg&dib_tag=se&m=A31NFQQ4065CWX&marketplaceID=A19VAU5U5O7RUS&qid=1773378760&refinements=p_36%3A18500-19000&s=merchant-items&sr=1-179&xpid=muRFYqH7pYs9s,"Minoura KCL-4F Bicycle King Carrier, Main Unit Only (No Large Frame), Black, Size: L 11.4 x W 16.9 x H 18.9 inches (29 x 43 x 460 cm), Top Plate: L 11.4 x W 16.9 inches (29 x 43 cm)"
B079KK1M63,,,,
B0784DHMH2,,197.08,https://www.amazon.sg/Tovatec-Compact-Waterproof-Underwater-Adjustable/dp/B0784DHMH2/ref=sr_1_180?dib=eyJ2IjoiMSJ9.8q8ndDwkP6y13Opk0nCn_6Yz4ZWUr__ax0wJGGLzYByPexIY2UbzscwNv7CR6xfpXO9tdFcp_IRFDaZ-IsfkBZhlJ7pAoKKr3msr0e7dHTmaypZhZ_b4Hx6E2u8nZHDIYauK2KVAvmq6pgofSrxMINdkC39rEsodaMX5o5aL2iM.3lyWWc0xGWL2QM8rsVgKk0qhsRr8mUeH_HuIqIu2yPg&dib_tag=se&m=A31NFQQ4065CWX&marketplaceID=A19VAU5U5O7RUS&qid=1773378760&refinements=p_36%3A18500-19000&s=merchant-items&sr=1-180&xpid=muRFYqH7pYs9s#customerReviews,Tovatec Compact Waterproof Scuba Diving Underwater 395NM LED UV Light with Adjustable Beam Angle
B0784DHMH2,,,,
B0781ZBLLZ,,202.33,https://www.amazon.sg/Kanda-036138-Color-Black-inches/dp/B0781ZBLLZ/ref=sr_1_181?dib=eyJ2IjoiMSJ9.8q8ndDwkP6y13Opk0nCn_6Yz4ZWUr__ax0wJGGLzYByPexIY2UbzscwNv7CR6xfpXO9tdFcp_IRFDaZ-IsfkBZhlJ7pAoKKr3msr0e7dHTmaypZhZ_b4Hx6E2u8nZHDIYauK2KVAvmq6pgofSrxMINdkC39rEsodaMX5o5aL2iM.3lyWWc0xGWL2QM8rsVgKk0qhsRr8mUeH_HuIqIu2yPg&dib_tag=se&m=A31NFQQ4065CWX&marketplaceID=A19VAU5U5O7RUS&qid=1773378760&refinements=p_36%3A18500-19000&s=merchant-items&sr=1-181&xpid=muRFYqH7pYs9s,"Kanda 036138 18-8 Color Ball Black, 17.7 inches (45 cm) (20.2 L)"
B0781ZBLLZ,,,,
B076S5KYWP,,188.96,https://www.amazon.sg/Sugino-43211-3358-PJ130-MSGR-SILVER44T/dp/B076S5KYWP/ref=sr_1_182?dib=eyJ2IjoiMSJ9.8q8ndDwkP6y13Opk0nCn_6Yz4ZWUr__ax0wJGGLzYByPexIY2UbzscwNv7CR6xfpXO9tdFcp_IRFDaZ-IsfkBZhlJ7pAoKKr3msr0e7dHTmaypZhZ_b4Hx6E2u8nZHDIYauK2KVAvmq6pgofSrxMINdkC39rEsodaMX5o5aL2iM.3lyWWc0xGWL2QM8rsVgKk0qhsRr8mUeH_HuIqIu2yPg&dib_tag=se&m=A31NFQQ4065CWX&marketplaceID=A19VAU5U5O7RUS&qid=1773378760&refinements=p_36%3A18500-19000&s=merchant-items&sr=1-182&xpid=muRFYqH7pYs9s,Sugino PJ130 MSGR SILVER44T
B076S5KYWP,,,,
B075RDMC1T,,208.75,https://www.amazon.sg/Fotodiox-Pro-Lens-Mount-Adapter/dp/B075RDMC1T/ref=sr_1_183?dib=eyJ2IjoiMSJ9.8q8ndDwkP6y13Opk0nCn_6Yz4ZWUr__ax0wJGGLzYByPexIY2UbzscwNv7CR6xfpXO9tdFcp_IRFDaZ-IsfkBZhlJ7pAoKKr3msr0e7dHTmaypZhZ_b4Hx6E2u8nZHDIYauK2KVAvmq6pgofSrxMINdkC39rEsodaMX5o5aL2iM.3lyWWc0xGWL2QM8rsVgKk0qhsRr8mUeH_HuIqIu2yPg&dib_tag=se&m=A31NFQQ4065CWX&marketplaceID=A19VAU5U5O7RUS&qid=1773378760&refinements=p_36%3A18500-19000&s=merchant-items&sr=1-183&xpid=muRFYqH7pYs9s#customerReviews,Fotodiox Pro Lens Mount Adapter - Nikon Nikkor F Mount G-Type D/SLR Lens to Leica T (701) and SL/TL (601) Mount Mirrorless Camera Body
B075RDMC1T,,,,
B074WN79TG,,217.73,https://www.amazon.sg/Mountain-Clipless-Platform-Compatible-16-Inch/dp/B074WN79TG/ref=sr_1_184?dib=eyJ2IjoiMSJ9.8q8ndDwkP6y13Opk0nCn_6Yz4ZWUr__ax0wJGGLzYByPexIY2UbzscwNv7CR6xfpXO9tdFcp_IRFDaZ-IsfkBZhlJ7pAoKKr3msr0e7dHTmaypZhZ_b4Hx6E2u8nZHDIYauK2KVAvmq6pgofSrxMINdkC39rEsodaMX5o5aL2iM.3lyWWc0xGWL2QM8rsVgKk0qhsRr8mUeH_HuIqIu2yPg&dib_tag=se&m=A31NFQQ4065CWX&marketplaceID=A19VAU5U5O7RUS&qid=1773378760&refinements=p_36%3A18500-19000&s=merchant-items&sr=1-184&xpid=muRFYqH7pYs9s#customerReviews,"Funn Mamba Mountain Bike Clipless Pedals, Double Sided Clip Wide Platform MTB Pedals, Compatible with SPD Cleats, 9/16-Inch CrMo Axle Bicycle Pedals for MTB/BMX/Gravel Cycling"
B074WN79TG,,,,
B074B4MP2V,,211.4,https://www.amazon.sg/Digimerge-N253V8-15FPS-1080p-Camera/dp/B074B4MP2V/ref=sr_1_185?dib=eyJ2IjoiMSJ9.8q8ndDwkP6y13Opk0nCn_6Yz4ZWUr__ax0wJGGLzYByPexIY2UbzscwNv7CR6xfpXO9tdFcp_IRFDaZ-IsfkBZhlJ7pAoKKr3msr0e7dHTmaypZhZ_b4Hx6E2u8nZHDIYauK2KVAvmq6pgofSrxMINdkC39rEsodaMX5o5aL2iM.3lyWWc0xGWL2QM8rsVgKk0qhsRr8mUeH_HuIqIu2yPg&dib_tag=se&m=A31NFQQ4065CWX&marketplaceID=A19VAU5U5O7RUS&qid=1773378760&refinements=p_36%3A18500-19000&s=merchant-items&sr=1-185&xpid=muRFYqH7pYs9s,"Digimerge N253V8 15FPS 4MP 1080p Mini Dome Camera, White"
B074B4MP2V,,,,
B0749JF7FT,,185.0,https://www.amazon.sg/Hokuriku-Aluminum-Yukihira-Lightweight-Transmission/dp/B0749JF7FT/ref=sr_1_186?dib=eyJ2IjoiMSJ9.8q8ndDwkP6y13Opk0nCn_6Yz4ZWUr__ax0wJGGLzYByPexIY2UbzscwNv7CR6xfpXO9tdFcp_IRFDaZ-IsfkBZhlJ7pAoKKr3msr0e7dHTmaypZhZ_b4Hx6E2u8nZHDIYauK2KVAvmq6pgofSrxMINdkC39rEsodaMX5o5aL2iM.3lyWWc0xGWL2QM8rsVgKk0qhsRr8mUeH_HuIqIu2yPg&dib_tag=se&m=A31NFQQ4065CWX&marketplaceID=A19VAU5U5O7RUS&qid=1773378760&refinements=p_36%3A18500-19000&s=merchant-items&sr=1-186&xpid=muRFYqH7pYs9s#customerReviews,"Hokuriku Aluminum Yukihira Pot, 7.1 inches (18 cm), For Gas Stoves, Lightweight, Pure Oxyric Acid, Small Transmission Tool, Made in Japan"
B0749JF7FT,,,,
B072WRK1H4,,187.71,https://www.amazon.sg/S-H-Figuarts-Kiriya-blue-purple-Soleil/dp/B072WRK1H4/ref=sr_1_187?dib=eyJ2IjoiMSJ9.8q8ndDwkP6y13Opk0nCn_6Yz4ZWUr__ax0wJGGLzYByPexIY2UbzscwNv7CR6xfpXO9tdFcp_IRFDaZ-IsfkBZhlJ7pAoKKr3msr0e7dHTmaypZhZ_b4Hx6E2u8nZHDIYauK2KVAvmq6pgofSrxMINdkC39rEsodaMX5o5aL2iM.3lyWWc0xGWL2QM8rsVgKk0qhsRr8mUeH_HuIqIu2yPg&dib_tag=se&m=A31NFQQ4065CWX&marketplaceID=A19VAU5U5O7RUS&qid=1773378760&refinements=p_36%3A18500-19000&s=merchant-items&sr=1-187&xpid=muRFYqH7pYs9s#customerReviews,"S.H.Figuarts Kiriya blue, purple 吹蘭 (Soleil ver.) Set"
B07216BYS2,,218.15,https://www.amazon.sg/Shimano-PD-R8000-Ultegra-Clipless-Bicycle/dp/B07216BYS2/ref=sr_1_193?dib=eyJ2IjoiMSJ9._5rNFxu5iCMyHn4Qkx-OML-UjtsnauyvO94c1CeorbycX9nsmycEA16MQrt7h-bRiEHwJXPftS3pzMvGMKKDrQ.JdHL0mIIsBk-ImPlClsY5qUJfIIecLAalNKhRZQXqeM&dib_tag=se&m=A31NFQQ4065CWX&marketplaceID=A19VAU5U5O7RUS&qid=1773378765&refinements=p_36%3A18500-19000&s=merchant-items&sr=1-193&xpid=muRFYqH7pYs9s#customerReviews,Shimano PD-R8000E Pedals - Black
B07216BYS2,,,,
B0719D55JC,,192.6,https://www.amazon.sg/BANDAI-Mobile-Gundam-TRI-Stars-144/dp/B0719D55JC/ref=sr_1_194?dib=eyJ2IjoiMSJ9._5rNFxu5iCMyHn4Qkx-OML-UjtsnauyvO94c1CeorbycX9nsmycEA16MQrt7h-bRiEHwJXPftS3pzMvGMKKDrQ.JdHL0mIIsBk-ImPlClsY5qUJfIIecLAalNKhRZQXqeM&dib_tag=se&m=A31NFQQ4065CWX&marketplaceID=A19VAU5U5O7RUS&qid=1773378765&refinements=p_36%3A18500-19000&s=merchant-items&sr=1-194&xpid=muRFYqH7pYs9s#customerReviews,BANDAI HG Mobile Suit Gundam The Origin MS-05 Zaku I [Black TRI-Stars] 1/144 (Japan Import)
B06Y4LCYZ9,,185.11,https://www.amazon.sg/Shimano-Unisexs-FCR2030C090-Parts-Standard/dp/B06Y4LCYZ9/ref=sr_1_195?dib=eyJ2IjoiMSJ9._5rNFxu5iCMyHn4Qkx-OML-UjtsnauyvO94c1CeorbycX9nsmycEA16MQrt7h-bRiEHwJXPftS3pzMvGMKKDrQ.JdHL0mIIsBk-ImPlClsY5qUJfIIecLAalNKhRZQXqeM&dib_tag=se&m=A31NFQQ4065CWX&marketplaceID=A19VAU5U5O7RUS&qid=1773378765&refinements=p_36%3A18500-19000&s=merchant-items&sr=1-195&xpid=muRFYqH7pYs9s#customerReviews,"Shimano Unisex's FCR2030C090 Bike Parts, Standard, One"
B06Y4LCYZ9,,,,
B06X9GJYVY,,283.34,https://www.amazon.sg/Shimano-Unisex-Adult-Claris-Crankset/dp/B06X9GJYVY/ref=sr_1_196?dib=eyJ2IjoiMSJ9._5rNFxu5iCMyHn4Qkx-OML-UjtsnauyvO94c1CeorbycX9nsmycEA16MQrt7h-bRiEHwJXPftS3pzMvGMKKDrQ.JdHL0mIIsBk-ImPlClsY5qUJfIIecLAalNKhRZQXqeM&dib_tag=se&m=A31NFQQ4065CWX&marketplaceID=A19VAU5U5O7RUS&qid=1773378765&refinements=p_36%3A18500-19000&s=merchant-items&sr=1-196&xpid=muRFYqH7pYs9s#customerReviews,Shimano Claris R2000 50/34 8 Speed Double Chain Set
B06X9GJYVY,,,,
B01NBCKK77,,187.45,https://www.amazon.sg/Saekano-Boring-Girlfriend-Spencer-Sawamura/dp/B01NBCKK77/ref=sr_1_197?dib=eyJ2IjoiMSJ9._5rNFxu5iCMyHn4Qkx-OML-UjtsnauyvO94c1CeorbycX9nsmycEA16MQrt7h-bRiEHwJXPftS3pzMvGMKKDrQ.JdHL0mIIsBk-ImPlClsY5qUJfIIecLAalNKhRZQXqeM&dib_tag=se&m=A31NFQQ4065CWX&marketplaceID=A19VAU5U5O7RUS&qid=1773378765&refinements=p_36%3A18500-19000&s=merchant-items&sr=1-197&xpid=muRFYqH7pYs9s,Saekano: How to Raise a Boring Girlfriend Statue 1/8 Eriri Spencer Sawamura Kimo
B01N9SM2VF,,190.0,https://www.amazon.sg/Gogi-YJ2111-Single-Handle-inches/dp/B01N9SM2VF/ref=sr_1_193?dib=eyJ2IjoiMSJ9.BMhQo4ySOpJWEX6t1dXvV8lg0b3jCJ9auHtOJekKi5K97JnClkKjWlaRtukH4KK4G6JzwONYUn-UlIJOU80pnR6VPHsrWk13NFcDvaduZ4z3qbojXoWRlUFbhnpqesX6TnoNZBu5GC2M87-KAk8sTnP73mZyKYx7aCUHTOCNMXY.NC9rbkUx7kBu6Fi8u2sr8UYbLY5jx06xMR_tngHq9zc&dib_tag=se&m=A31NFQQ4065CWX&marketplaceID=A19VAU5U5O7RUS&qid=1773378765&refinements=p_36%3A18500-19000&s=merchant-items&sr=1-193&xpid=muRFYqH7pYs9s#customerReviews,"Gogi YJ2111 Single Handle Pot, 7.1 inches (18 cm)"
B01N9SM2VF,,,,
B01N7XRKO8,,186.71,https://www.amazon.sg/Bahco-NS006-2122-Double-Wrench-21X22mm/dp/B01N7XRKO8/ref=sr_1_194?dib=eyJ2IjoiMSJ9.BMhQo4ySOpJWEX6t1dXvV8lg0b3jCJ9auHtOJekKi5K97JnClkKjWlaRtukH4KK4G6JzwONYUn-UlIJOU80pnR6VPHsrWk13NFcDvaduZ4z3qbojXoWRlUFbhnpqesX6TnoNZBu5GC2M87-KAk8sTnP73mZyKYx7aCUHTOCNMXY.NC9rbkUx7kBu6Fi8u2sr8UYbLY5jx06xMR_tngHq9zc&dib_tag=se&m=A31NFQQ4065CWX&marketplaceID=A19VAU5U5O7RUS&qid=1773378765&refinements=p_36%3A18500-19000&s=merchant-items&sr=1-194&xpid=muRFYqH7pYs9s,"Bahco NS006-2122 Double Open Ended Wrench, Gold, 21X22mm"
B01N7XRKO8,,,,
B01N6UZ7R2,,188.29,https://www.amazon.sg/DAIWA-Spinning-Throwing-Throw-WINDCAST/dp/B01N6UZ7R2/ref=sr_1_195?dib=eyJ2IjoiMSJ9.BMhQo4ySOpJWEX6t1dXvV8lg0b3jCJ9auHtOJekKi5K97JnClkKjWlaRtukH4KK4G6JzwONYUn-UlIJOU80pnR6VPHsrWk13NFcDvaduZ4z3qbojXoWRlUFbhnpqesX6TnoNZBu5GC2M87-KAk8sTnP73mZyKYx7aCUHTOCNMXY.NC9rbkUx7kBu6Fi8u2sr8UYbLY5jx06xMR_tngHq9zc&dib_tag=se&m=A31NFQQ4065CWX&marketplaceID=A19VAU5U5O7RUS&qid=1773378765&refinements=p_36%3A18500-19000&s=merchant-items&sr=1-195&xpid=muRFYqH7pYs9s#customerReviews,DAIWA Spinning Reel (Throwing/Far Throw) 17 Windcast (2017 Model)
B01N6UZ7R2,,,,
B01N6B5ST9,,185.0,https://www.amazon.sg/Sanwa-Supply-CB-CT5-Wiring-Universal/dp/B01N6B5ST9/ref=sr_1_196?dib=eyJ2IjoiMSJ9.BMhQo4ySOpJWEX6t1dXvV8lg0b3jCJ9auHtOJekKi5K97JnClkKjWlaRtukH4KK4G6JzwONYUn-UlIJOU80pnR6VPHsrWk13NFcDvaduZ4z3qbojXoWRlUFbhnpqesX6TnoNZBu5GC2M87-KAk8sTnP73mZyKYx7aCUHTOCNMXY.NC9rbkUx7kBu6Fi8u2sr8UYbLY5jx06xMR_tngHq9zc&dib_tag=se&m=A31NFQQ4065CWX&marketplaceID=A19VAU5U5O7RUS&qid=1773378765&refinements=p_36%3A18500-19000&s=merchant-items&sr=1-196&xpid=muRFYqH7pYs9s#customerReviews,"Sanwa Supply CB-CT5 Cable Wiring Tray, Mesh, Universal Type"
B01N6B5ST9,,,,
B01N4S4HM4,,185.77,https://www.amazon.sg/DAIWA-Spinning-Throwing-Throw-WINDSURF35/dp/B01N4S4HM4/ref=sr_1_197?dib=eyJ2IjoiMSJ9.BMhQo4ySOpJWEX6t1dXvV8lg0b3jCJ9auHtOJekKi5K97JnClkKjWlaRtukH4KK4G6JzwONYUn-UlIJOU80pnR6VPHsrWk13NFcDvaduZ4z3qbojXoWRlUFbhnpqesX6TnoNZBu5GC2M87-KAk8sTnP73mZyKYx7aCUHTOCNMXY.NC9rbkUx7kBu6Fi8u2sr8UYbLY5jx06xMR_tngHq9zc&dib_tag=se&m=A31NFQQ4065CWX&marketplaceID=A19VAU5U5O7RUS&qid=1773378765&refinements=p_36%3A18500-19000&s=merchant-items&sr=1-197&xpid=muRFYqH7pYs9s#customerReviews,DAIWA Windsurf Spinning Reel (2017 Model) 17 Windsurf
B01N4S4HM4,,,,
B01N4RVV97,,220.81,https://www.amazon.sg/Nousaku-NAJIMI-Tumbler-Two-Pair/dp/B01N4RVV97/ref=sr_1_198?dib=eyJ2IjoiMSJ9.BMhQo4ySOpJWEX6t1dXvV8lg0b3jCJ9auHtOJekKi5K97JnClkKjWlaRtukH4KK4G6JzwONYUn-UlIJOU80pnR6VPHsrWk13NFcDvaduZ4z3qbojXoWRlUFbhnpqesX6TnoNZBu5GC2M87-KAk8sTnP73mZyKYx7aCUHTOCNMXY.NC9rbkUx7kBu6Fi8u2sr8UYbLY5jx06xMR_tngHq9zc&dib_tag=se&m=A31NFQQ4065CWX&marketplaceID=A19VAU5U5O7RUS&qid=1773378765&refinements=p_36%3A18500-19000&s=merchant-items&sr=1-198&xpid=muRFYqH7pYs9s#customerReviews,Nousaku NAJIMI Tumbler Two Pair Set
B01N4RVV97,,,,
B01MZFOPHJ,,185.93,https://www.amazon.sg/Bahco-Sledge-Hammer-Al-Br-1000Fb/dp/B01MZFOPHJ/ref=sr_1_199?dib=eyJ2IjoiMSJ9.BMhQo4ySOpJWEX6t1dXvV8lg0b3jCJ9auHtOJekKi5K97JnClkKjWlaRtukH4KK4G6JzwONYUn-UlIJOU80pnR6VPHsrWk13NFcDvaduZ4z3qbojXoWRlUFbhnpqesX6TnoNZBu5GC2M87-KAk8sTnP73mZyKYx7aCUHTOCNMXY.NC9rbkUx7kBu6Fi8u2sr8UYbLY5jx06xMR_tngHq9zc&dib_tag=se&m=A31NFQQ4065CWX&marketplaceID=A19VAU5U5O7RUS&qid=1773378765&refinements=p_36%3A18500-19000&s=merchant-items&sr=1-199&xpid=muRFYqH7pYs9s,Bahco Ns Sledge Hammer Al-Br 1000Fb
B01MZFOPHJ,,,,
B01MUGTU10,,189.52,https://www.amazon.sg/DAIWA-BX-750S-Daiwa-Yumatsu-Blue/dp/B01MUGTU10/ref=sr_1_200?dib=eyJ2IjoiMSJ9.BMhQo4ySOpJWEX6t1dXvV8lg0b3jCJ9auHtOJekKi5K97JnClkKjWlaRtukH4KK4G6JzwONYUn-UlIJOU80pnR6VPHsrWk13NFcDvaduZ4z3qbojXoWRlUFbhnpqesX6TnoNZBu5GC2M87-KAk8sTnP73mZyKYx7aCUHTOCNMXY.NC9rbkUx7kBu6Fi8u2sr8UYbLY5jx06xMR_tngHq9zc&dib_tag=se&m=A31NFQQ4065CWX&marketplaceID=A19VAU5U5O7RUS&qid=1773378765&refinements=p_36%3A18500-19000&s=merchant-items&sr=1-200&xpid=muRFYqH7pYs9s#customerReviews,"Daiwa BX-750S Yumatsu, Blue"
B01MUGTU10,,,,
B01MPXFSNC,,188.79,https://www.amazon.sg/Max-Factory-Yoshihiko-Action-Figure/dp/B01MPXFSNC/ref=sr_1_201?dib=eyJ2IjoiMSJ9.BMhQo4ySOpJWEX6t1dXvV8lg0b3jCJ9auHtOJekKi5K97JnClkKjWlaRtukH4KK4G6JzwONYUn-UlIJOU80pnR6VPHsrWk13NFcDvaduZ4z3qbojXoWRlUFbhnpqesX6TnoNZBu5GC2M87-KAk8sTnP73mZyKYx7aCUHTOCNMXY.NC9rbkUx7kBu6Fi8u2sr8UYbLY5jx06xMR_tngHq9zc&dib_tag=se&m=A31NFQQ4065CWX&marketplaceID=A19VAU5U5O7RUS&qid=1773378765&refinements=p_36%3A18500-19000&s=merchant-items&sr=1-201&xpid=muRFYqH7pYs9s#customerReviews,Max Factory Brave Yoshihiko Figma Action Figure
B01LQQHI8I,,188.14,https://www.amazon.sg/WD-Passport-Secure-Portable-Drive/dp/B01LQQHI8I/ref=sr_1_202?dib=eyJ2IjoiMSJ9.BMhQo4ySOpJWEX6t1dXvV8lg0b3jCJ9auHtOJekKi5K97JnClkKjWlaRtukH4KK4G6JzwONYUn-UlIJOU80pnR6VPHsrWk13NFcDvaduZ4z3qbojXoWRlUFbhnpqesX6TnoNZBu5GC2M87-KAk8sTnP73mZyKYx7aCUHTOCNMXY.NC9rbkUx7kBu6Fi8u2sr8UYbLY5jx06xMR_tngHq9zc&dib_tag=se&m=A31NFQQ4065CWX&marketplaceID=A19VAU5U5O7RUS&qid=1773378765&refinements=p_36%3A18500-19000&s=merchant-items&sr=1-202&xpid=muRFYqH7pYs9s#customerReviews,"WD 1TB My Passport USB 3.0 Secure Portable Hard Drive, Black"
B01LQQHI8I,,,,
B01IAY589U,,196.15,https://www.amazon.sg/Phat-Idolmaster-Cinderella-Anniversary-Princess/dp/B01IAY589U/ref=sr_1_203?dib=eyJ2IjoiMSJ9.BMhQo4ySOpJWEX6t1dXvV8lg0b3jCJ9auHtOJekKi5K97JnClkKjWlaRtukH4KK4G6JzwONYUn-UlIJOU80pnR6VPHsrWk13NFcDvaduZ4z3qbojXoWRlUFbhnpqesX6TnoNZBu5GC2M87-KAk8sTnP73mZyKYx7aCUHTOCNMXY.NC9rbkUx7kBu6Fi8u2sr8UYbLY5jx06xMR_tngHq9zc&dib_tag=se&m=A31NFQQ4065CWX&marketplaceID=A19VAU5U5O7RUS&qid=1773378765&refinements=p_36%3A18500-19000&s=merchant-items&sr=1-203&xpid=muRFYqH7pYs9s#customerReviews,Phat Idolmaster: Cinderella Girls Ranko PVC Figure (Anniversary Princess Mad Banquet Version) (Re-Run)
B01G81FPQI,,188.76,https://www.amazon.sg/Ding-spacious-kitchen-Rika-chan-range/dp/B01G81FPQI/ref=sr_1_209?dib=eyJ2IjoiMSJ9.2lIrwGfnzpaE8gNH870JPxxAIWcZ3cKZHF61ZN02wPMqUCck_onv5YXWhs9qilMBn0iUkw3R9vZZlDopcBDRXg.5tgbDQHDPm_S5eovJok_snLdGChne3JYKZCABED8uqQ&dib_tag=se&m=A31NFQQ4065CWX&marketplaceID=A19VAU5U5O7RUS&qid=1773378770&refinements=p_36%3A18500-19000&s=merchant-items&sr=1-209&xpid=muRFYqH7pYs9s#customerReviews,Ding spacious kitchen with Rika-chan range
B01B8ODQ70,,193.27,https://www.amazon.sg/DAIWA-04756098-Yubune-BX-800S-Yellow/dp/B01B8ODQ70/ref=sr_1_210?dib=eyJ2IjoiMSJ9.2lIrwGfnzpaE8gNH870JPxxAIWcZ3cKZHF61ZN02wPMqUCck_onv5YXWhs9qilMBn0iUkw3R9vZZlDopcBDRXg.5tgbDQHDPm_S5eovJok_snLdGChne3JYKZCABED8uqQ&dib_tag=se&m=A31NFQQ4065CWX&marketplaceID=A19VAU5U5O7RUS&qid=1773378770&refinements=p_36%3A18500-19000&s=merchant-items&sr=1-210&xpid=muRFYqH7pYs9s#customerReviews,Daiwa Yubune BX-800S Yellow
B01B8ODQ70,,,,
B01ALCG9IS,,185.2,https://www.amazon.sg/Max-Factory-Love-Live-Nozomi/dp/B01ALCG9IS/ref=sr_1_211?dib=eyJ2IjoiMSJ9.2lIrwGfnzpaE8gNH870JPxxAIWcZ3cKZHF61ZN02wPMqUCck_onv5YXWhs9qilMBn0iUkw3R9vZZlDopcBDRXg.5tgbDQHDPm_S5eovJok_snLdGChne3JYKZCABED8uqQ&dib_tag=se&m=A31NFQQ4065CWX&marketplaceID=A19VAU5U5O7RUS&qid=1773378770&refinements=p_36%3A18500-19000&s=merchant-items&sr=1-211&xpid=muRFYqH7pYs9s#customerReviews,Max Factory Love Live!: Nozomi Tojo Figma Action Figure
B01AFQRMF4,,215.23,https://www.amazon.sg/Kotobukiya-Muv-Luv-Scharzesmarken-Ani-Statue/dp/B01AFQRMF4/ref=sr_1_212?dib=eyJ2IjoiMSJ9.2lIrwGfnzpaE8gNH870JPxxAIWcZ3cKZHF61ZN02wPMqUCck_onv5YXWhs9qilMBn0iUkw3R9vZZlDopcBDRXg.5tgbDQHDPm_S5eovJok_snLdGChne3JYKZCABED8uqQ&dib_tag=se&m=A31NFQQ4065CWX&marketplaceID=A19VAU5U5O7RUS&qid=1773378770&refinements=p_36%3A18500-19000&s=merchant-items&sr=1-212&xpid=muRFYqH7pYs9s#customerReviews,Kotobukiya Muv Luv: Scharzesmarken: Katia Waldheim Ani-Statue (1:7 Scale)
B0184XH4QM,,188.41,https://www.amazon.sg/Banpresto-Haikyuu-Hitoka-Manager-Special/dp/B0184XH4QM/ref=sr_1_213?dib=eyJ2IjoiMSJ9.2lIrwGfnzpaE8gNH870JPxxAIWcZ3cKZHF61ZN02wPMqUCck_onv5YXWhs9qilMBn0iUkw3R9vZZlDopcBDRXg.5tgbDQHDPm_S5eovJok_snLdGChne3JYKZCABED8uqQ&dib_tag=se&m=A31NFQQ4065CWX&marketplaceID=A19VAU5U5O7RUS&qid=1773378770&refinements=p_36%3A18500-19000&s=merchant-items&sr=1-213&xpid=muRFYqH7pYs9s#customerReviews,Banpresto Haikyuu!! Hitoka Yachi DXF Figure Manager Special!!
B015W7DB92,,188.58,https://www.amazon.sg/Good-Smile-Fire-Emblem-Nendoroid/dp/B015W7DB92/ref=sr_1_209?dib=eyJ2IjoiMSJ9.p-3fkB-mN5GREEOEi0NeO7SlrpIiymWLREnPWPQHVkv-If_lO5lo42wAi20YswdTMaKgP8ldoWdbG5OqkP7YuRfAIBaG-4g4fvqSzl629CpucdFwJXrbasl6w8FgULAM3rJI0dbUFqNLGIG_YfhXuk9uQC6vGfD5e1rtkdB-1xg.x0B2-iTl8tDjJnBkXv-_kNYOih3wEOBwKpcfO-s2NBE&dib_tag=se&m=A31NFQQ4065CWX&marketplaceID=A19VAU5U5O7RUS&qid=1773378770&refinements=p_36%3A18500-19000&s=merchant-items&sr=1-209&xpid=muRFYqH7pYs9s#customerReviews,Good Smile Fire Emblem: New Mystery of The Emblem: Marth Nendoroid Action Figure
B014MAOXXI,,188.38,https://www.amazon.sg/Neo-Products-NEOUSBS2MR2-Class-Cable/dp/B014MAOXXI/ref=sr_1_210?dib=eyJ2IjoiMSJ9.p-3fkB-mN5GREEOEi0NeO7SlrpIiymWLREnPWPQHVkv-If_lO5lo42wAi20YswdTMaKgP8ldoWdbG5OqkP7YuRfAIBaG-4g4fvqSzl629CpucdFwJXrbasl6w8FgULAM3rJI0dbUFqNLGIG_YfhXuk9uQC6vGfD5e1rtkdB-1xg.x0B2-iTl8tDjJnBkXv-_kNYOih3wEOBwKpcfO-s2NBE&dib_tag=se&m=A31NFQQ4065CWX&marketplaceID=A19VAU5U5O7RUS&qid=1773378770&refinements=p_36%3A18500-19000&s=merchant-items&sr=1-210&xpid=muRFYqH7pYs9s#customerReviews,Neo d+ USB Class S (2 m) Cable
B014MAOXXI,,,,
B014ERLCM4,,209.76,https://www.amazon.sg/FREEing-Love-Ru-Darkness-Golden-Version/dp/B014ERLCM4/ref=sr_1_211?dib=eyJ2IjoiMSJ9.p-3fkB-mN5GREEOEi0NeO7SlrpIiymWLREnPWPQHVkv-If_lO5lo42wAi20YswdTMaKgP8ldoWdbG5OqkP7YuRfAIBaG-4g4fvqSzl629CpucdFwJXrbasl6w8FgULAM3rJI0dbUFqNLGIG_YfhXuk9uQC6vGfD5e1rtkdB-1xg.x0B2-iTl8tDjJnBkXv-_kNYOih3wEOBwKpcfO-s2NBE&dib_tag=se&m=A31NFQQ4065CWX&marketplaceID=A19VAU5U5O7RUS&qid=1773378770&refinements=p_36%3A18500-19000&s=merchant-items&sr=1-211&xpid=muRFYqH7pYs9s,FREEing To Love-Ru Darkness: Golden Darkness Pvc Figure (Yukata Version)
B014CGOKP8,,188.83,https://www.amazon.sg/Fujifilm-Instax-Strawberry-Instant-Camera/dp/B014CGOKP8/ref=sr_1_212?dib=eyJ2IjoiMSJ9.p-3fkB-mN5GREEOEi0NeO7SlrpIiymWLREnPWPQHVkv-If_lO5lo42wAi20YswdTMaKgP8ldoWdbG5OqkP7YuRfAIBaG-4g4fvqSzl629CpucdFwJXrbasl6w8FgULAM3rJI0dbUFqNLGIG_YfhXuk9uQC6vGfD5e1rtkdB-1xg.x0B2-iTl8tDjJnBkXv-_kNYOih3wEOBwKpcfO-s2NBE&dib_tag=se&m=A31NFQQ4065CWX&marketplaceID=A19VAU5U5O7RUS&qid=1773378770&refinements=p_36%3A18500-19000&s=merchant-items&sr=1-212&xpid=muRFYqH7pYs9s#customerReviews,Fujifilm Instax Mini 8+ (Strawberry) Instant Film Camera + Self Shot Mirror for Selfie Use - International Version (No Warranty)
B014CGOKP8,,,,
B0123C3DXI,,192.1,https://www.amazon.sg/Uniqum-Rubino-Non-Stick-Frying-Size/dp/B0123C3DXI/ref=sr_1_213?dib=eyJ2IjoiMSJ9.p-3fkB-mN5GREEOEi0NeO7SlrpIiymWLREnPWPQHVkv-If_lO5lo42wAi20YswdTMaKgP8ldoWdbG5OqkP7YuRfAIBaG-4g4fvqSzl629CpucdFwJXrbasl6w8FgULAM3rJI0dbUFqNLGIG_YfhXuk9uQC6vGfD5e1rtkdB-1xg.x0B2-iTl8tDjJnBkXv-_kNYOih3wEOBwKpcfO-s2NBE&dib_tag=se&m=A31NFQQ4065CWX&marketplaceID=A19VAU5U5O7RUS&qid=1773378770&refinements=p_36%3A18500-19000&s=merchant-items&sr=1-213&xpid=muRFYqH7pYs9s,"Uniqum Rubino Non-Stick Frying Pan Size: 7.75"" Diameter"
B0123C3DXI,,,,
B0101SHOPY,,190.0,https://www.amazon.sg/RightOn-STRAPS-Guitar-95-150cm-RACE/dp/B0101SHOPY/ref=sr_1_214?dib=eyJ2IjoiMSJ9.p-3fkB-mN5GREEOEi0NeO7SlrpIiymWLREnPWPQHVkv-If_lO5lo42wAi20YswdTMaKgP8ldoWdbG5OqkP7YuRfAIBaG-4g4fvqSzl629CpucdFwJXrbasl6w8FgULAM3rJI0dbUFqNLGIG_YfhXuk9uQC6vGfD5e1rtkdB-1xg.x0B2-iTl8tDjJnBkXv-_kNYOih3wEOBwKpcfO-s2NBE&dib_tag=se&m=A31NFQQ4065CWX&marketplaceID=A19VAU5U5O7RUS&qid=1773378770&refinements=p_36%3A18500-19000&s=merchant-items&sr=1-214&xpid=muRFYqH7pYs9s#customerReviews,RightOn! STRAPS ギターストラップ 幅 6cm、長さ 95~150cm RACE
B0101SHOPY,,,,
B00TKU6A78,,186.84,https://www.amazon.sg/Fotodiox-Lens-Mount-Shift-Adapter/dp/B00TKU6A78/ref=sr_1_215?dib=eyJ2IjoiMSJ9.p-3fkB-mN5GREEOEi0NeO7SlrpIiymWLREnPWPQHVkv-If_lO5lo42wAi20YswdTMaKgP8ldoWdbG5OqkP7YuRfAIBaG-4g4fvqSzl629CpucdFwJXrbasl6w8FgULAM3rJI0dbUFqNLGIG_YfhXuk9uQC6vGfD5e1rtkdB-1xg.x0B2-iTl8tDjJnBkXv-_kNYOih3wEOBwKpcfO-s2NBE&dib_tag=se&m=A31NFQQ4065CWX&marketplaceID=A19VAU5U5O7RUS&qid=1773378770&refinements=p_36%3A18500-19000&s=merchant-items&sr=1-215&xpid=muRFYqH7pYs9s#customerReviews,"Fotodiox Pro Lens Mount Shift Adapter - Minolta Rokkor (SR/MD/MC) SLR Lens to Micro Four Thirds (MFT, M4/3) Mount Mirrorless Camera Body"
B00TKU6A78,,,,
B00SOKGQBA,,211.09,https://www.amazon.sg/Bandai-Tamashii-Nations-BAN94625-FiguartsZero/dp/B00SOKGQBA/ref=sr_1_216?dib=eyJ2IjoiMSJ9.p-3fkB-mN5GREEOEi0NeO7SlrpIiymWLREnPWPQHVkv-If_lO5lo42wAi20YswdTMaKgP8ldoWdbG5OqkP7YuRfAIBaG-4g4fvqSzl629CpucdFwJXrbasl6w8FgULAM3rJI0dbUFqNLGIG_YfhXuk9uQC6vGfD5e1rtkdB-1xg.x0B2-iTl8tDjJnBkXv-_kNYOih3wEOBwKpcfO-s2NBE&dib_tag=se&m=A31NFQQ4065CWX&marketplaceID=A19VAU5U5O7RUS&qid=1773378770&refinements=p_36%3A18500-19000&s=merchant-items&sr=1-216&xpid=muRFYqH7pYs9s#customerReviews,Bandai Tamashii Nations BAN94625 FiguartsZero Vegeta Galick Gun Action Figure
B00SBSYWF2,,195.29,https://www.amazon.sg/TAMA-HS80W-Tama-Snare-Stand/dp/B00SBSYWF2/ref=sr_1_217?dib=eyJ2IjoiMSJ9.p-3fkB-mN5GREEOEi0NeO7SlrpIiymWLREnPWPQHVkv-If_lO5lo42wAi20YswdTMaKgP8ldoWdbG5OqkP7YuRfAIBaG-4g4fvqSzl629CpucdFwJXrbasl6w8FgULAM3rJI0dbUFqNLGIG_YfhXuk9uQC6vGfD5e1rtkdB-1xg.x0B2-iTl8tDjJnBkXv-_kNYOih3wEOBwKpcfO-s2NBE&dib_tag=se&m=A31NFQQ4065CWX&marketplaceID=A19VAU5U5O7RUS&qid=1773378770&refinements=p_36%3A18500-19000&s=merchant-items&sr=1-217&xpid=muRFYqH7pYs9s#customerReviews,"TAMA HS80W Tama Road Pro Series Snare Stand for 12"" to 15"""
B00SBSYWF2,,,,
B00R17CTFO,,185.57,https://www.amazon.sg/Neo-Oyaide-Elec-PA-02-Meters/dp/B00R17CTFO/ref=sr_1_218?dib=eyJ2IjoiMSJ9.p-3fkB-mN5GREEOEi0NeO7SlrpIiymWLREnPWPQHVkv-If_lO5lo42wAi20YswdTMaKgP8ldoWdbG5OqkP7YuRfAIBaG-4g4fvqSzl629CpucdFwJXrbasl6w8FgULAM3rJI0dbUFqNLGIG_YfhXuk9uQC6vGfD5e1rtkdB-1xg.x0B2-iTl8tDjJnBkXv-_kNYOih3wEOBwKpcfO-s2NBE&dib_tag=se&m=A31NFQQ4065CWX&marketplaceID=A19VAU5U5O7RUS&qid=1773378770&refinements=p_36%3A18500-19000&s=merchant-items&sr=1-218&xpid=muRFYqH7pYs9s#customerReviews,"Neo by Oyaide Elec. PA-02 XLR V2, 5.0 Meters"
B00R17CTFO,,,,
B00QW2GFV8,,185.82,https://www.amazon.sg/Raypak-Parts-009133F-Pressure-Switch/dp/B00QW2GFV8/ref=sr_1_219?dib=eyJ2IjoiMSJ9.p-3fkB-mN5GREEOEi0NeO7SlrpIiymWLREnPWPQHVkv-If_lO5lo42wAi20YswdTMaKgP8ldoWdbG5OqkP7YuRfAIBaG-4g4fvqSzl629CpucdFwJXrbasl6w8FgULAM3rJI0dbUFqNLGIG_YfhXuk9uQC6vGfD5e1rtkdB-1xg.x0B2-iTl8tDjJnBkXv-_kNYOih3wEOBwKpcfO-s2NBE&dib_tag=se&m=A31NFQQ4065CWX&marketplaceID=A19VAU5U5O7RUS&qid=1773378770&refinements=p_36%3A18500-19000&s=merchant-items&sr=1-219&xpid=muRFYqH7pYs9s#customerReviews,Raypak Parts 009133F Pressure Switch - 11 Psi
B00QW2GFV8,,,,
B00PXCEQIC,,189.27,https://www.amazon.sg/Good-Smile-Company-Kantai-Collection/dp/B00PXCEQIC/ref=sr_1_225?dib=eyJ2IjoiMSJ9.lE14foJn-g1E8iT4d-T4okoEbckL1oqoZd-cG8UCHQEJTu0-ORlMt4UsiSlPXiTWyAiNQx7If13q5fBnDfXYUw.XzZL8RSd4UELunXEY2pNx_d2QNf6GCitckBzd_YCUZ4&dib_tag=se&m=A31NFQQ4065CWX&marketplaceID=A19VAU5U5O7RUS&qid=1773378775&refinements=p_36%3A18500-19000&s=merchant-items&sr=1-225&xpid=muRFYqH7pYs9s#customerReviews,"Good Smile Company "" Kantai Collection: Kancolle: Musashi Kai Light Armament Version Action Figure"
B00P094YDU,,200.78,https://www.amazon.sg/Rosco-Photo-Lighting-Filter-Sheets/dp/B00P094YDU/ref=sr_1_226?dib=eyJ2IjoiMSJ9.lE14foJn-g1E8iT4d-T4okoEbckL1oqoZd-cG8UCHQEJTu0-ORlMt4UsiSlPXiTWyAiNQx7If13q5fBnDfXYUw.XzZL8RSd4UELunXEY2pNx_d2QNf6GCitckBzd_YCUZ4&dib_tag=se&m=A31NFQQ4065CWX&marketplaceID=A19VAU5U5O7RUS&qid=1773378775&refinements=p_36%3A18500-19000&s=merchant-items&sr=1-226&xpid=muRFYqH7pYs9s#customerReviews,"Rosco Photo Lighting Filter Kit, 12 x 12"" Sheets"
B00P094YDU,,,,
B00OC19MEI,,212.7,https://www.amazon.sg/Bandai-Robot-Damashii-I-T-N/dp/B00OC19MEI/ref=sr_1_227?dib=eyJ2IjoiMSJ9.lE14foJn-g1E8iT4d-T4okoEbckL1oqoZd-cG8UCHQEJTu0-ORlMt4UsiSlPXiTWyAiNQx7If13q5fBnDfXYUw.XzZL8RSd4UELunXEY2pNx_d2QNf6GCitckBzd_YCUZ4&dib_tag=se&m=A31NFQQ4065CWX&marketplaceID=A19VAU5U5O7RUS&qid=1773378775&refinements=p_36%3A18500-19000&s=merchant-items&sr=1-227&xpid=muRFYqH7pYs9s#customerReviews,"Bandai ""Robot Damashii - Knightmare Frame: Guren S.E.I.T.E.N. Eight Elements (Energy Clear Ver.) [Tamashii Web Exclusive]"
B00NUN3C9U,,188.53,https://www.amazon.sg/KTC-Nepros-NBR490-Ratchet-Handle/dp/B00NUN3C9U/ref=sr_1_228?dib=eyJ2IjoiMSJ9.lE14foJn-g1E8iT4d-T4okoEbckL1oqoZd-cG8UCHQEJTu0-ORlMt4UsiSlPXiTWyAiNQx7If13q5fBnDfXYUw.XzZL8RSd4UELunXEY2pNx_d2QNf6GCitckBzd_YCUZ4&dib_tag=se&m=A31NFQQ4065CWX&marketplaceID=A19VAU5U5O7RUS&qid=1773378775&refinements=p_36%3A18500-19000&s=merchant-items&sr=1-228&xpid=muRFYqH7pYs9s#customerReviews,"KTC Kyoto Tools () Nepros NBR490 1/2"" Ratchet Handle"
B00NUN3C9U,,,,
B00IR46S48,,188.34,https://www.amazon.sg/Pearl-RTL-SLP-Rhythm-Traveler-Silent/dp/B00IR46S48/ref=sr_1_229?dib=eyJ2IjoiMSJ9.lE14foJn-g1E8iT4d-T4okoEbckL1oqoZd-cG8UCHQEJTu0-ORlMt4UsiSlPXiTWyAiNQx7If13q5fBnDfXYUw.XzZL8RSd4UELunXEY2pNx_d2QNf6GCitckBzd_YCUZ4&dib_tag=se&m=A31NFQQ4065CWX&marketplaceID=A19VAU5U5O7RUS&qid=1773378775&refinements=p_36%3A18500-19000&s=merchant-items&sr=1-229&xpid=muRFYqH7pYs9s#customerReviews,Pearl RTL-SLP Rhythm Traveler Light Silent Pack
B00IR46S48,,,,
B00I5D7QNI,,202.4,https://www.amazon.sg/Megahouse-%E3%83%A4%E3%83%9E%E3%83%88%E3%82%AC%E3%83%BC%E3%83%AB%E3%82%BA%E3%82%B3%E3%83%AC%E3%82%AF%E3%82%B7%E3%83%A7%E3%83%B3-%E5%AE%87%E5%AE%99%E6%88%A6%E8%89%A6%E3%83%A4%E3%83%9E%E3%83%882199-%E6%A3%AE%E9%9B%AA-YC%E3%82%AA%E3%83%AA%E3%82%B8%E3%83%8A%E3%83%AB%E3%82%AB%E3%83%A9%E3%83%BCver-B/dp/B00I5D7QNI/ref=sr_1_225?dib=eyJ2IjoiMSJ9.8M8aJ_34HVgOvdz4NKVpahPS9OstEElSEi8yEpLdN2r7A4rND7CZ7hSaUCBPE906_RSZ8DbWEdQHpOEph-AMcpvzibUkpqFqjQ9eyy9-XIXdRpKOy3Wm-IzZvNYbrNUTqPaJMixoTk8WpxQpBcOJeng1mK7Mrmx5zMgnvmeN-8Q.levAQsC_pYgmcagPa5U_YPLK2ROXmqXezGXz2Etp238&dib_tag=se&m=A31NFQQ4065CWX&marketplaceID=A19VAU5U5O7RUS&qid=1773378775&refinements=p_36%3A18500-19000&s=merchant-items&sr=1-225&xpid=muRFYqH7pYs9s#customerReviews,ヤマトガールズコレクション 宇宙戦艦ヤマト2199 森雪 YCオリジナルカラーver.B
B00HIUHC9C,,190.0,https://www.amazon.sg/pa-ru%E9%87%91%E5%B1%9E-buru-daiyamondoko-Induction-Compatible-Frying/dp/B00HIUHC9C/ref=sr_1_226?dib=eyJ2IjoiMSJ9.8M8aJ_34HVgOvdz4NKVpahPS9OstEElSEi8yEpLdN2r7A4rND7CZ7hSaUCBPE906_RSZ8DbWEdQHpOEph-AMcpvzibUkpqFqjQ9eyy9-XIXdRpKOy3Wm-IzZvNYbrNUTqPaJMixoTk8WpxQpBcOJeng1mK7Mrmx5zMgnvmeN-8Q.levAQsC_pYgmcagPa5U_YPLK2ROXmqXezGXz2Etp238&dib_tag=se&m=A31NFQQ4065CWX&marketplaceID=A19VAU5U5O7RUS&qid=1773378775&refinements=p_36%3A18500-19000&s=merchant-items&sr=1-226&xpid=muRFYqH7pYs9s#customerReviews,pa-ru金属 Rise buru-daiyamondoko-to Induction Compatible Frying Pan
B00HIUHC9C,,,,
B00GTDR0L4,,189.32,https://www.amazon.sg/Audio-Technica-ATM510-audio-technica-Dynamic-Microphone/dp/B00GTDR0L4/ref=sr_1_227?dib=eyJ2IjoiMSJ9.8M8aJ_34HVgOvdz4NKVpahPS9OstEElSEi8yEpLdN2r7A4rND7CZ7hSaUCBPE906_RSZ8DbWEdQHpOEph-AMcpvzibUkpqFqjQ9eyy9-XIXdRpKOy3Wm-IzZvNYbrNUTqPaJMixoTk8WpxQpBcOJeng1mK7Mrmx5zMgnvmeN-8Q.levAQsC_pYgmcagPa5U_YPLK2ROXmqXezGXz2Etp238&dib_tag=se&m=A31NFQQ4065CWX&marketplaceID=A19VAU5U5O7RUS&qid=1773378775&refinements=p_36%3A18500-19000&s=merchant-items&sr=1-227&xpid=muRFYqH7pYs9s,audio-technica ATM510 Dynamic Microphone
B00GTDR0L4,,,,
B00FPT8D4Q,,185.38,https://www.amazon.sg/Electro-Harmonix-Glove-MOSFET-Overdrive-Pedal/dp/B00FPT8D4Q/ref=sr_1_228?dib=eyJ2IjoiMSJ9.8M8aJ_34HVgOvdz4NKVpahPS9OstEElSEi8yEpLdN2r7A4rND7CZ7hSaUCBPE906_RSZ8DbWEdQHpOEph-AMcpvzibUkpqFqjQ9eyy9-XIXdRpKOy3Wm-IzZvNYbrNUTqPaJMixoTk8WpxQpBcOJeng1mK7Mrmx5zMgnvmeN-8Q.levAQsC_pYgmcagPa5U_YPLK2ROXmqXezGXz2Etp238&dib_tag=se&m=A31NFQQ4065CWX&marketplaceID=A19VAU5U5O7RUS&qid=1773378775&refinements=p_36%3A18500-19000&s=merchant-items&sr=1-228&xpid=muRFYqH7pYs9s#customerReviews,Electro-Harmonix OD Glove MOSFET Overdrive Pedal
B00FPT8D4Q,,,,
B00CZ749C6,,207.97,https://www.amazon.sg/Captain-Aluminum-Adjuster-120-60cm-UC-510/dp/B00CZ749C6/ref=sr_1_229?dib=eyJ2IjoiMSJ9.8M8aJ_34HVgOvdz4NKVpahPS9OstEElSEi8yEpLdN2r7A4rND7CZ7hSaUCBPE906_RSZ8DbWEdQHpOEph-AMcpvzibUkpqFqjQ9eyy9-XIXdRpKOy3Wm-IzZvNYbrNUTqPaJMixoTk8WpxQpBcOJeng1mK7Mrmx5zMgnvmeN-8Q.levAQsC_pYgmcagPa5U_YPLK2ROXmqXezGXz2Etp238&dib_tag=se&m=A31NFQQ4065CWX&marketplaceID=A19VAU5U5O7RUS&qid=1773378775&refinements=p_36%3A18500-19000&s=merchant-items&sr=1-229&xpid=muRFYqH7pYs9s#customerReviews,Captain Stagg (Captain STAG) Laforet Aluminum Two-Way with Table Adjuster M 120~60cm UC-510
B00CZ749C6,,,,
B00C9TNELC,,216.21,https://www.amazon.sg/Portrait-Pirates-Piece-NEO-DX-Roger/dp/B00C9TNELC/ref=sr_1_230?dib=eyJ2IjoiMSJ9.8M8aJ_34HVgOvdz4NKVpahPS9OstEElSEi8yEpLdN2r7A4rND7CZ7hSaUCBPE906_RSZ8DbWEdQHpOEph-AMcpvzibUkpqFqjQ9eyy9-XIXdRpKOy3Wm-IzZvNYbrNUTqPaJMixoTk8WpxQpBcOJeng1mK7Mrmx5zMgnvmeN-8Q.levAQsC_pYgmcagPa5U_YPLK2ROXmqXezGXz2Etp238&dib_tag=se&m=A31NFQQ4065CWX&marketplaceID=A19VAU5U5O7RUS&qid=1773378775&refinements=p_36%3A18500-19000&s=merchant-items&sr=1-230&xpid=muRFYqH7pYs9s#customerReviews,Portrait.Of.Pirates One Piece Series NEO-DX goal D Roger (japan import)
B00BXXIGUO,,189.64,https://www.amazon.sg/Good-Smile-Company-Woosers-Nendoroid/dp/B00BXXIGUO/ref=sr_1_231?dib=eyJ2IjoiMSJ9.8M8aJ_34HVgOvdz4NKVpahPS9OstEElSEi8yEpLdN2r7A4rND7CZ7hSaUCBPE906_RSZ8DbWEdQHpOEph-AMcpvzibUkpqFqjQ9eyy9-XIXdRpKOy3Wm-IzZvNYbrNUTqPaJMixoTk8WpxQpBcOJeng1mK7Mrmx5zMgnvmeN-8Q.levAQsC_pYgmcagPa5U_YPLK2ROXmqXezGXz2Etp238&dib_tag=se&m=A31NFQQ4065CWX&marketplaceID=A19VAU5U5O7RUS&qid=1773378775&refinements=p_36%3A18500-19000&s=merchant-items&sr=1-231&xpid=muRFYqH7pYs9s#customerReviews,"Good Smile Company "" Woosers Hand-To-Mouth Life Ren And Darth Nendoroid Action Figure"
B009KK3M0Q,,186.83,https://www.amazon.sg/Daiwa-Ball-Pattern-Landing-Pole/dp/B009KK3M0Q/ref=sr_1_232?dib=eyJ2IjoiMSJ9.8M8aJ_34HVgOvdz4NKVpahPS9OstEElSEi8yEpLdN2r7A4rND7CZ7hSaUCBPE906_RSZ8DbWEdQHpOEph-AMcpvzibUkpqFqjQ9eyy9-XIXdRpKOy3Wm-IzZvNYbrNUTqPaJMixoTk8WpxQpBcOJeng1mK7Mrmx5zMgnvmeN-8Q.levAQsC_pYgmcagPa5U_YPLK2ROXmqXezGXz2Etp238&dib_tag=se&m=A31NFQQ4065CWX&marketplaceID=A19VAU5U5O7RUS&qid=1773378775&refinements=p_36%3A18500-19000&s=merchant-items&sr=1-232&xpid=muRFYqH7pYs9s#customerReviews,Daiwa Ball Pattern Landing Pole 2 40/50/60 Fishing
B009KK3M0Q,,,,
B0093HTH2I,,188.15,https://www.amazon.sg/Tryten-Mini-Security-Mount-Enclosure/dp/B0093HTH2I/ref=sr_1_233?dib=eyJ2IjoiMSJ9.8M8aJ_34HVgOvdz4NKVpahPS9OstEElSEi8yEpLdN2r7A4rND7CZ7hSaUCBPE906_RSZ8DbWEdQHpOEph-AMcpvzibUkpqFqjQ9eyy9-XIXdRpKOy3Wm-IzZvNYbrNUTqPaJMixoTk8WpxQpBcOJeng1mK7Mrmx5zMgnvmeN-8Q.levAQsC_pYgmcagPa5U_YPLK2ROXmqXezGXz2Etp238&dib_tag=se&m=A31NFQQ4065CWX&marketplaceID=A19VAU5U5O7RUS&qid=1773378775&refinements=p_36%3A18500-19000&s=merchant-items&sr=1-233&xpid=muRFYqH7pYs9s#customerReviews,"Mac Mini Security Mount Enclosure - VESA Compatible, Wall Mount, Under Desk - TAA (T5425US)"
B0093HTH2I,,,,
B008U5FJOE,,186.18,https://www.amazon.sg/Megahouse-Mado-King-Granzort-Variable/dp/B008U5FJOE/ref=sr_1_234?dib=eyJ2IjoiMSJ9.8M8aJ_34HVgOvdz4NKVpahPS9OstEElSEi8yEpLdN2r7A4rND7CZ7hSaUCBPE906_RSZ8DbWEdQHpOEph-AMcpvzibUkpqFqjQ9eyy9-XIXdRpKOy3Wm-IzZvNYbrNUTqPaJMixoTk8WpxQpBcOJeng1mK7Mrmx5zMgnvmeN-8Q.levAQsC_pYgmcagPa5U_YPLK2ROXmqXezGXz2Etp238&dib_tag=se&m=A31NFQQ4065CWX&marketplaceID=A19VAU5U5O7RUS&qid=1773378775&refinements=p_36%3A18500-19000&s=merchant-items&sr=1-234&xpid=muRFYqH7pYs9s#customerReviews,Megahouse Mado King Granzort: Hell Metal Variable Action Figure
B0086V023U,,,,"Bike Parts Center Z50J/AB27 Motorcycle Seat with Base, Honda Monkey"
B007UVKEHG,,186.29,https://www.amazon.sg/Disney-Kaiyodo-Talking-Lightyear-Takaratomy/dp/B007UVKEHG/ref=sr_1_241?dib=eyJ2IjoiMSJ9.ZwaQucGMJgfbLCK-XdBwlOlPvTXRGbpCRXAW1KCa_KFdheF--3YneDkMeaHMD29Dn4s711WtK5dBFRMbOg4ATA.j1_NdoOAyYA_V2W5jeQ9vUNxvCIBelm9zUTLqLnNFRI&dib_tag=se&m=A31NFQQ4065CWX&marketplaceID=A19VAU5U5O7RUS&qid=1773378779&refinements=p_36%3A18500-19000&s=merchant-items&sr=1-241&xpid=muRFYqH7pYs9s#customerReviews,"Disney Kaiyodo ""My Talking Action Figure Buzz Lightyear Toy Story (Takaratomy) [Japan]"
B007UVKEHG,,,,
B007IO5RZE,,185.96,https://www.amazon.sg/MediCos-Medicos-JojoS-Bizarre-Adventure/dp/B007IO5RZE/ref=sr_1_242?dib=eyJ2IjoiMSJ9.ZwaQucGMJgfbLCK-XdBwlOlPvTXRGbpCRXAW1KCa_KFdheF--3YneDkMeaHMD29Dn4s711WtK5dBFRMbOg4ATA.j1_NdoOAyYA_V2W5jeQ9vUNxvCIBelm9zUTLqLnNFRI&dib_tag=se&m=A31NFQQ4065CWX&marketplaceID=A19VAU5U5O7RUS&qid=1773378779&refinements=p_36%3A18500-19000&s=merchant-items&sr=1-242&xpid=muRFYqH7pYs9s,"MediCos Medicos "" Jojo'S Bizarre Adventure: Part 5--Golden Wind: J. P. Polnareff Super Action Statue"
B007DG2IEK,,199.79,https://www.amazon.sg/Revol-BC0226N-rectangular-baking-Style/dp/B007DG2IEK/ref=sr_1_243?dib=eyJ2IjoiMSJ9.ZwaQucGMJgfbLCK-XdBwlOlPvTXRGbpCRXAW1KCa_KFdheF--3YneDkMeaHMD29Dn4s711WtK5dBFRMbOg4ATA.j1_NdoOAyYA_V2W5jeQ9vUNxvCIBelm9zUTLqLnNFRI&dib_tag=se&m=A31NFQQ4065CWX&marketplaceID=A19VAU5U5O7RUS&qid=1773378779&refinements=p_36%3A18500-19000&s=merchant-items&sr=1-243&xpid=muRFYqH7pYs9s#customerReviews,"Revol BC0226N rectangular baking dish, 1.8 QT, Cast Iron Style"
B007DG2IEK,,,,
B006ZZSBI2,,188.43,https://www.amazon.sg/Zoukei-Mura-SHINDEN-Japanese-Fighter-BUILDING/dp/B006ZZSBI2/ref=sr_1_244?dib=eyJ2IjoiMSJ9.ZwaQucGMJgfbLCK-XdBwlOlPvTXRGbpCRXAW1KCa_KFdheF--3YneDkMeaHMD29Dn4s711WtK5dBFRMbOg4ATA.j1_NdoOAyYA_V2W5jeQ9vUNxvCIBelm9zUTLqLnNFRI&dib_tag=se&m=A31NFQQ4065CWX&marketplaceID=A19VAU5U5O7RUS&qid=1773378779&refinements=p_36%3A18500-19000&s=merchant-items&sr=1-244&xpid=muRFYqH7pYs9s#customerReviews,SWS Zoukei-Mura 1/32 SHINDEN Japanese Navy Fighter # J7W1 [MODEL BUILDING KIT]
B0058LX9SG,,188.85,https://www.amazon.sg/Japan-RAZOR-MS-105-Orange-shoulder/dp/B0058LX9SG/ref=sr_1_245?dib=eyJ2IjoiMSJ9.ZwaQucGMJgfbLCK-XdBwlOlPvTXRGbpCRXAW1KCa_KFdheF--3YneDkMeaHMD29Dn4s711WtK5dBFRMbOg4ATA.j1_NdoOAyYA_V2W5jeQ9vUNxvCIBelm9zUTLqLnNFRI&dib_tag=se&m=A31NFQQ4065CWX&marketplaceID=A19VAU5U5O7RUS&qid=1773378779&refinements=p_36%3A18500-19000&s=merchant-items&sr=1-245&xpid=muRFYqH7pYs9s,Jay Di Japan JD RAZOR MS-105 Orange with shoulder strap by
B0058LX9SG,,,,
B004IKQB42,,186.67,https://www.amazon.sg/Ko-ken-PK2346-9-5mm-SQ-Adapter/dp/B004IKQB42/ref=sr_1_241?dib=eyJ2IjoiMSJ9.6WJOY01vaLulhqOzACV-X8VLe_bnzObjDp9N7f01AEohN0uZwj8J2H_xbAZJVPvCm3nkRvC1lYqsN2e1vK5o2sffhxefxStMMi5yAJlT2yjKF9YbPt1zqF7DMvDgQjtbPjPx79FBK-Txc2z-gsIizIyPM05RM2p-Gj4xqCBPM_k.nleRstYsZIyzsKZ3SUHjfwDhF0GLNXvVaMI6ro-zuyI&dib_tag=se&m=A31NFQQ4065CWX&marketplaceID=A19VAU5U5O7RUS&qid=1773378779&refinements=p_36%3A18500-19000&s=merchant-items&sr=1-241&xpid=muRFYqH7pYs9s#customerReviews,"Ko-ken PK2346/6 3/8 (9.5mm) SQ. Adapter Set, Set of 6"
B004IKQB42,,,,
B004D2GB3G,,,,"EBM 18-8 Press with Yakumi, 6 Pieces"
B004D26WXK,,189.71,https://www.amazon.sg/Kanematsu-Japanese-Steel-Octopus-inches/dp/B004D26WXK/ref=sr_1_243?dib=eyJ2IjoiMSJ9.6WJOY01vaLulhqOzACV-X8VLe_bnzObjDp9N7f01AEohN0uZwj8J2H_xbAZJVPvCm3nkRvC1lYqsN2e1vK5o2sffhxefxStMMi5yAJlT2yjKF9YbPt1zqF7DMvDgQjtbPjPx79FBK-Txc2z-gsIizIyPM05RM2p-Gj4xqCBPM_k.nleRstYsZIyzsKZ3SUHjfwDhF0GLNXvVaMI6ro-zuyI&dib_tag=se&m=A31NFQQ4065CWX&marketplaceID=A19VAU5U5O7RUS&qid=1773378779&refinements=p_36%3A18500-19000&s=merchant-items&sr=1-243&xpid=muRFYqH7pYs9s,"Kanematsu Saku Japanese Steel Octopus Knife, 9.4 inches (24 cm)"
B004D26WXK,,,,
B003UYR2P4,,212.02,https://www.amazon.sg/Kuretake-DAY140-14-Fountain-Genuine-Leather/dp/B003UYR2P4/ref=sr_1_244?dib=eyJ2IjoiMSJ9.6WJOY01vaLulhqOzACV-X8VLe_bnzObjDp9N7f01AEohN0uZwj8J2H_xbAZJVPvCm3nkRvC1lYqsN2e1vK5o2sffhxefxStMMi5yAJlT2yjKF9YbPt1zqF7DMvDgQjtbPjPx79FBK-Txc2z-gsIizIyPM05RM2p-Gj4xqCBPM_k.nleRstYsZIyzsKZ3SUHjfwDhF0GLNXvVaMI6ro-zuyI&dib_tag=se&m=A31NFQQ4065CWX&marketplaceID=A19VAU5U5O7RUS&qid=1773378779&refinements=p_36%3A18500-19000&s=merchant-items&sr=1-244&xpid=muRFYqH7pYs9s#customerReviews,"Kuretake DAY140-14 Brush Pen, Fountain Pen, Kuretake Dream Galaxy, Genuine Leather, Black"
B003UYR2P4,,,,
B002Z2BO42,,197.35,https://www.amazon.sg/Ice-Armor-Sled-Pulling-Harness/dp/B002Z2BO42/ref=sr_1_245?dib=eyJ2IjoiMSJ9.6WJOY01vaLulhqOzACV-X8VLe_bnzObjDp9N7f01AEohN0uZwj8J2H_xbAZJVPvCm3nkRvC1lYqsN2e1vK5o2sffhxefxStMMi5yAJlT2yjKF9YbPt1zqF7DMvDgQjtbPjPx79FBK-Txc2z-gsIizIyPM05RM2p-Gj4xqCBPM_k.nleRstYsZIyzsKZ3SUHjfwDhF0GLNXvVaMI6ro-zuyI&dib_tag=se&m=A31NFQQ4065CWX&marketplaceID=A19VAU5U5O7RUS&qid=1773378779&refinements=p_36%3A18500-19000&s=merchant-items&sr=1-245&xpid=muRFYqH7pYs9s#customerReviews,Ice Armor Sled Pulling Harness
B002Z2BO42,,,,
B002ST36IY,,189.16,https://www.amazon.sg/MOMO-SK83-Shift-Combat-Carbon/dp/B002ST36IY/ref=sr_1_246?dib=eyJ2IjoiMSJ9.6WJOY01vaLulhqOzACV-X8VLe_bnzObjDp9N7f01AEohN0uZwj8J2H_xbAZJVPvCm3nkRvC1lYqsN2e1vK5o2sffhxefxStMMi5yAJlT2yjKF9YbPt1zqF7DMvDgQjtbPjPx79FBK-Txc2z-gsIizIyPM05RM2p-Gj4xqCBPM_k.nleRstYsZIyzsKZ3SUHjfwDhF0GLNXvVaMI6ro-zuyI&dib_tag=se&m=A31NFQQ4065CWX&marketplaceID=A19VAU5U5O7RUS&qid=1773378779&refinements=p_36%3A18500-19000&s=merchant-items&sr=1-246&xpid=muRFYqH7pYs9s#customerReviews,"MOMO SK83 Shift Knob, Combat EVO Carbon"
B002ST36IY,,,,
B002A5XOJW,,186.06,https://www.amazon.sg/Trusco-B3-B-3-Y/dp/B002A5XOJW/ref=sr_1_247?dib=eyJ2IjoiMSJ9.6WJOY01vaLulhqOzACV-X8VLe_bnzObjDp9N7f01AEohN0uZwj8J2H_xbAZJVPvCm3nkRvC1lYqsN2e1vK5o2sffhxefxStMMi5yAJlT2yjKF9YbPt1zqF7DMvDgQjtbPjPx79FBK-Txc2z-gsIizIyPM05RM2p-Gj4xqCBPM_k.nleRstYsZIyzsKZ3SUHjfwDhF0GLNXvVaMI6ro-zuyI&dib_tag=se&m=A31NFQQ4065CWX&marketplaceID=A19VAU5U5O7RUS&qid=1773378779&refinements=p_36%3A18500-19000&s=merchant-items&sr=1-247&xpid=muRFYqH7pYs9s,B-3-Y
B002A5XOJW,,,,
B001TPC8LE,,189.44,https://www.amazon.sg/Sakai-Takayuki-Kasumi-Wooden-Cover/dp/B001TPC8LE/ref=sr_1_248?dib=eyJ2IjoiMSJ9.6WJOY01vaLulhqOzACV-X8VLe_bnzObjDp9N7f01AEohN0uZwj8J2H_xbAZJVPvCm3nkRvC1lYqsN2e1vK5o2sffhxefxStMMi5yAJlT2yjKF9YbPt1zqF7DMvDgQjtbPjPx79FBK-Txc2z-gsIizIyPM05RM2p-Gj4xqCBPM_k.nleRstYsZIyzsKZ3SUHjfwDhF0GLNXvVaMI6ro-zuyI&dib_tag=se&m=A31NFQQ4065CWX&marketplaceID=A19VAU5U5O7RUS&qid=1773378779&refinements=p_36%3A18500-19000&s=merchant-items&sr=1-248&xpid=muRFYqH7pYs9s#customerReviews,Sakai Takayuki New 18 cm. Kasumi Deba w/Wooden Cover Made In Japan
B001TPC8LE,,,,
B001HLXFAS,,185.78,https://www.amazon.sg/Shinki-Synthetic-Tombow-Cutting-Height/dp/B001HLXFAS/ref=sr_1_249?dib=eyJ2IjoiMSJ9.6WJOY01vaLulhqOzACV-X8VLe_bnzObjDp9N7f01AEohN0uZwj8J2H_xbAZJVPvCm3nkRvC1lYqsN2e1vK5o2sffhxefxStMMi5yAJlT2yjKF9YbPt1zqF7DMvDgQjtbPjPx79FBK-Txc2z-gsIizIyPM05RM2p-Gj4xqCBPM_k.nleRstYsZIyzsKZ3SUHjfwDhF0GLNXvVaMI6ro-zuyI&dib_tag=se&m=A31NFQQ4065CWX&marketplaceID=A19VAU5U5O7RUS&qid=1773378779&refinements=p_36%3A18500-19000&s=merchant-items&sr=1-249&xpid=muRFYqH7pYs9s#customerReviews,"Shinki Synthetic Tombow Cutting Board, Made in Japan, Width 19.7 x Depth 10.6 x Height 0.8 inches (50 x 27"
B001HLXFAS,,,,
B001DOJREC,,213.65,https://www.amazon.sg/BANDAI-Mothra-2001-Attack-Figure/dp/B001DOJREC/ref=sr_1_250?dib=eyJ2IjoiMSJ9.6WJOY01vaLulhqOzACV-X8VLe_bnzObjDp9N7f01AEohN0uZwj8J2H_xbAZJVPvCm3nkRvC1lYqsN2e1vK5o2sffhxefxStMMi5yAJlT2yjKF9YbPt1zqF7DMvDgQjtbPjPx79FBK-Txc2z-gsIizIyPM05RM2p-Gj4xqCBPM_k.nleRstYsZIyzsKZ3SUHjfwDhF0GLNXvVaMI6ro-zuyI&dib_tag=se&m=A31NFQQ4065CWX&marketplaceID=A19VAU5U5O7RUS&qid=1773378779&refinements=p_36%3A18500-19000&s=merchant-items&sr=1-250&xpid=muRFYqH7pYs9s#customerReviews,BANDAI Big Mothra 2001 GMK All Out Attack Figure
B001D7H73W,,188.51,https://www.amazon.sg/Aluminum-Anodized-Oxidized-Tsutsumi-BYW01004/dp/B001D7H73W/ref=sr_1_251?dib=eyJ2IjoiMSJ9.6WJOY01vaLulhqOzACV-X8VLe_bnzObjDp9N7f01AEohN0uZwj8J2H_xbAZJVPvCm3nkRvC1lYqsN2e1vK5o2sffhxefxStMMi5yAJlT2yjKF9YbPt1zqF7DMvDgQjtbPjPx79FBK-Txc2z-gsIizIyPM05RM2p-Gj4xqCBPM_k.nleRstYsZIyzsKZ3SUHjfwDhF0GLNXvVaMI6ro-zuyI&dib_tag=se&m=A31NFQQ4065CWX&marketplaceID=A19VAU5U5O7RUS&qid=1773378779&refinements=p_36%3A18500-19000&s=merchant-items&sr=1-251&xpid=muRFYqH7pYs9s#customerReviews,"Akao Aluminum Water Boil, 0.1 gal (4 L), Aluminum (Anodized Oxidized), Tsutsumi (Phenolic Resin), Japan BYW01004"
B001D7H73W,,,,
B001ABE06I,,188.29,https://www.amazon.sg/dbx-dB10-Passive-Direct-Box/dp/B001ABE06I/ref=sr_1_257?dib=eyJ2IjoiMSJ9.QhDOAhkNJ_UI_TMK4hQnhr-_eE_5AZ2Z3OqHY3wVF7npG5rlC2RwDS0f6Yd9lXMrWZp4V2H5T4nnVYKiJZzzGA.qobTPKNQT3DQ_sY0Pa6AhsCKIkHnf04nBS3rPjDMlX8&dib_tag=se&m=A31NFQQ4065CWX&marketplaceID=A19VAU5U5O7RUS&qid=1773378784&refinements=p_36%3A18500-19000&s=merchant-items&sr=1-257&xpid=muRFYqH7pYs9s#customerReviews,dbx dB10 Passive Direct Box
B001ABE06I,,,,
B0013NFZHQ,,187.23,https://www.amazon.sg/Boss-OS-2-Overdrive-Distortion-Pedal/dp/B0013NFZHQ/ref=sr_1_258?dib=eyJ2IjoiMSJ9.QhDOAhkNJ_UI_TMK4hQnhr-_eE_5AZ2Z3OqHY3wVF7npG5rlC2RwDS0f6Yd9lXMrWZp4V2H5T4nnVYKiJZzzGA.qobTPKNQT3DQ_sY0Pa6AhsCKIkHnf04nBS3rPjDMlX8&dib_tag=se&m=A31NFQQ4065CWX&marketplaceID=A19VAU5U5O7RUS&qid=1773378784&refinements=p_36%3A18500-19000&s=merchant-items&sr=1-258&xpid=muRFYqH7pYs9s#customerReviews,Boss OS-2 Overdrive Distortion Pedal
B0013NFZHQ,,,,
B0012QXVJS,,187.48,https://www.amazon.sg/Kokuyo-Clear-Fixed-Portrait-Sheets/dp/B0012QXVJS/ref=sr_1_259?dib=eyJ2IjoiMSJ9.QhDOAhkNJ_UI_TMK4hQnhr-_eE_5AZ2Z3OqHY3wVF7npG5rlC2RwDS0f6Yd9lXMrWZp4V2H5T4nnVYKiJZzzGA.qobTPKNQT3DQ_sY0Pa6AhsCKIkHnf04nBS3rPjDMlX8&dib_tag=se&m=A31NFQQ4065CWX&marketplaceID=A19VAU5U5O7RUS&qid=1773378784&refinements=p_36%3A18500-19000&s=merchant-items&sr=1-259&xpid=muRFYqH7pYs9s#customerReviews,"Kokuyo Co, Ltd. Kokuyo Clear Book Fixed Black A4 Portrait 80 Sheets La -B80D"
B0012QXVJS,,,,
B000R4NC8G,,233.99,https://www.amazon.sg/Banda%C3%AF-Bandai-Ultraman-Kaiju-Monster/dp/B000R4NC8G/ref=sr_1_260?dib=eyJ2IjoiMSJ9.QhDOAhkNJ_UI_TMK4hQnhr-_eE_5AZ2Z3OqHY3wVF7npG5rlC2RwDS0f6Yd9lXMrWZp4V2H5T4nnVYKiJZzzGA.qobTPKNQT3DQ_sY0Pa6AhsCKIkHnf04nBS3rPjDMlX8&dib_tag=se&m=A31NFQQ4065CWX&marketplaceID=A19VAU5U5O7RUS&qid=1773378784&refinements=p_36%3A18500-19000&s=merchant-items&sr=1-260&xpid=muRFYqH7pYs9s#customerReviews,Bandaï Bandai Ultraman Kaiju Ultra Monster Series #28: Alien Magma
B000MDVZ6I,,186.12,https://www.amazon.sg/Delta-Design-Seurat-2-Bike-Floor/dp/B000MDVZ6I/ref=sr_1_261?dib=eyJ2IjoiMSJ9.QhDOAhkNJ_UI_TMK4hQnhr-_eE_5AZ2Z3OqHY3wVF7npG5rlC2RwDS0f6Yd9lXMrWZp4V2H5T4nnVYKiJZzzGA.qobTPKNQT3DQ_sY0Pa6AhsCKIkHnf04nBS3rPjDMlX8&dib_tag=se&m=A31NFQQ4065CWX&marketplaceID=A19VAU5U5O7RUS&qid=1773378784&refinements=p_36%3A18500-19000&s=merchant-items&sr=1-261&xpid=muRFYqH7pYs9s#customerReviews,"Delta Design Seurat 2-Bike Floor Stand, style may vary"
B000MDVZ6I,,,,
B000FP4858,,188.34,https://www.amazon.sg/%E5%8C%A0%E3%81%AE%E6%8A%80-stainless-steel-shaggy-scissors/dp/B000FP4858/ref=sr_1_257?dib=eyJ2IjoiMSJ9.e92HQd7d_ZnO2ZMC406Rr0dUIuBfPSYveBYXFP0c5L7Own54Q7qghxOCHBZlryjj_l5bjeYhnmeZfMqlusQlPI7OOdlsWSMCsTPGRnipZEyVWW4E-MPHAbIZKDD-9H-Sbcorp-GfgkMon9S4r6GMZGyLWWw6kog8TjonymGW-70.jW9uQz236P1v1HpXTOEVA2OT04e3L3LtNT5qBHeJCak&dib_tag=se&m=A31NFQQ4065CWX&marketplaceID=A19VAU5U5O7RUS&qid=1773378784&refinements=p_36%3A18500-19000&s=merchant-items&sr=1-257&xpid=muRFYqH7pYs9s#customerReviews,stainless steel shaggy scissors
B000FP4858,,,,
B000BUMSRC,,189.81,https://www.amazon.sg/Shinko-Copper-Grater-Utensil-HMO-7/dp/B000BUMSRC/ref=sr_1_258?dib=eyJ2IjoiMSJ9.e92HQd7d_ZnO2ZMC406Rr0dUIuBfPSYveBYXFP0c5L7Own54Q7qghxOCHBZlryjj_l5bjeYhnmeZfMqlusQlPI7OOdlsWSMCsTPGRnipZEyVWW4E-MPHAbIZKDD-9H-Sbcorp-GfgkMon9S4r6GMZGyLWWw6kog8TjonymGW-70.jW9uQz236P1v1HpXTOEVA2OT04e3L3LtNT5qBHeJCak&dib_tag=se&m=A31NFQQ4065CWX&marketplaceID=A19VAU5U5O7RUS&qid=1773378784&refinements=p_36%3A18500-19000&s=merchant-items&sr=1-258&xpid=muRFYqH7pYs9s#customerReviews,Shinko Metal Pure Copper Grater 4 Copper Utensil HMO-7
B000BUMSRC,,,,
B0009U57OK,,188.05,https://www.amazon.sg/Good-Smile-Nagi-Akizuki-Company/dp/B0009U57OK/ref=sr_1_259?dib=eyJ2IjoiMSJ9.e92HQd7d_ZnO2ZMC406Rr0dUIuBfPSYveBYXFP0c5L7Own54Q7qghxOCHBZlryjj_l5bjeYhnmeZfMqlusQlPI7OOdlsWSMCsTPGRnipZEyVWW4E-MPHAbIZKDD-9H-Sbcorp-GfgkMon9S4r6GMZGyLWWw6kog8TjonymGW-70.jW9uQz236P1v1HpXTOEVA2OT04e3L3LtNT5qBHeJCak&dib_tag=se&m=A31NFQQ4065CWX&marketplaceID=A19VAU5U5O7RUS&qid=1773378784&refinements=p_36%3A18500-19000&s=merchant-items&sr=1-259&xpid=muRFYqH7pYs9s,"Good Smile ""Nagi Akizuki 1/8 Pvc ( Company)"
B00063ZTIY,,186.49,https://www.amazon.sg/TWINBIRD%EF%BC%88%E3%83%84%E3%82%A4%E3%83%B3%E3%83%90%E3%83%BC%E3%83%89%EF%BC%89-CI-3546-TWINBIRD-ice-crusher/dp/B00063ZTIY/ref=sr_1_260?dib=eyJ2IjoiMSJ9.e92HQd7d_ZnO2ZMC406Rr0dUIuBfPSYveBYXFP0c5L7Own54Q7qghxOCHBZlryjj_l5bjeYhnmeZfMqlusQlPI7OOdlsWSMCsTPGRnipZEyVWW4E-MPHAbIZKDD-9H-Sbcorp-GfgkMon9S4r6GMZGyLWWw6kog8TjonymGW-70.jW9uQz236P1v1HpXTOEVA2OT04e3L3LtNT5qBHeJCak&dib_tag=se&m=A31NFQQ4065CWX&marketplaceID=A19VAU5U5O7RUS&qid=1773378784&refinements=p_36%3A18500-19000&s=merchant-items&sr=1-260&xpid=muRFYqH7pYs9s#customerReviews,TWINBIRD ice crusher CI-3546
B00063ZTIY,,,,
B0003JW8XU,,217.74,https://www.amazon.sg/Kato-10-437-415-100-Colour-Standard/dp/B0003JW8XU/ref=sr_1_261?dib=eyJ2IjoiMSJ9.e92HQd7d_ZnO2ZMC406Rr0dUIuBfPSYveBYXFP0c5L7Own54Q7qghxOCHBZlryjj_l5bjeYhnmeZfMqlusQlPI7OOdlsWSMCsTPGRnipZEyVWW4E-MPHAbIZKDD-9H-Sbcorp-GfgkMon9S4r6GMZGyLWWw6kog8TjonymGW-70.jW9uQz236P1v1HpXTOEVA2OT04e3L3LtNT5qBHeJCak&dib_tag=se&m=A31NFQQ4065CWX&marketplaceID=A19VAU5U5O7RUS&qid=1773378784&refinements=p_36%3A18500-19000&s=merchant-items&sr=1-261&xpid=muRFYqH7pYs9s#customerReviews,"Kato "" 10-437 415-100 New Colour Standard 4-Car Set"
B0003JW8XU,,,,
B0002KZJ6S,,186.03,https://www.amazon.sg/Fender-1-BUTTON-VINTAGE-STYLE-FOOTSWITCH-SHIELDED/dp/B0002KZJ6S/ref=sr_1_262?dib=eyJ2IjoiMSJ9.e92HQd7d_ZnO2ZMC406Rr0dUIuBfPSYveBYXFP0c5L7Own54Q7qghxOCHBZlryjj_l5bjeYhnmeZfMqlusQlPI7OOdlsWSMCsTPGRnipZEyVWW4E-MPHAbIZKDD-9H-Sbcorp-GfgkMon9S4r6GMZGyLWWw6kog8TjonymGW-70.jW9uQz236P1v1HpXTOEVA2OT04e3L3LtNT5qBHeJCak&dib_tag=se&m=A31NFQQ4065CWX&marketplaceID=A19VAU5U5O7RUS&qid=1773378784&refinements=p_36%3A18500-19000&s=merchant-items&sr=1-262&xpid=muRFYqH7pYs9s#customerReviews,"Fender Fender Foot Switch 1-BUTTON VINTAGE-STYLE FOOTSWITCH (SHIELDED WITH 1/4"" JACK)"
B0002KZJ6S,,,,
B00005NPNE,,201.5,https://www.amazon.sg/Classroom-4721-Harry-Potter-Hogwarts/dp/B00005NPNE/ref=sr_1_263?dib=eyJ2IjoiMSJ9.e92HQd7d_ZnO2ZMC406Rr0dUIuBfPSYveBYXFP0c5L7Own54Q7qghxOCHBZlryjj_l5bjeYhnmeZfMqlusQlPI7OOdlsWSMCsTPGRnipZEyVWW4E-MPHAbIZKDD-9H-Sbcorp-GfgkMon9S4r6GMZGyLWWw6kog8TjonymGW-70.jW9uQz236P1v1HpXTOEVA2OT04e3L3LtNT5qBHeJCak&dib_tag=se&m=A31NFQQ4065CWX&marketplaceID=A19VAU5U5O7RUS&qid=1773378784&refinements=p_36%3A18500-19000&s=merchant-items&sr=1-263&xpid=muRFYqH7pYs9s#customerReviews,Classroom of 4721 Harry Potter Hogwarts Lego
B0CJM8LB6Z,,188.34,https://www.amazon.sg/CP-8805-Tabletop-Induction-Compatible-Included/dp/B0CJM8LB6Z/ref=sr_1_264?dib=eyJ2IjoiMSJ9.e92HQd7d_ZnO2ZMC406Rr0dUIuBfPSYveBYXFP0c5L7Own54Q7qghxOCHBZlryjj_l5bjeYhnmeZfMqlusQlPI7OOdlsWSMCsTPGRnipZEyVWW4E-MPHAbIZKDD-9H-Sbcorp-GfgkMon9S4r6GMZGyLWWw6kog8TjonymGW-70.jW9uQz236P1v1HpXTOEVA2OT04e3L3LtNT5qBHeJCak&dib_tag=se&m=A31NFQQ4065CWX&marketplaceID=A19VAU5U5O7RUS&qid=1773378784&refinements=p_36%3A18500-19000&s=merchant-items&sr=1-264&xpid=muRFYqH7pYs9s,"VISIONS Gold Coating CP-8805 Pot, Tabletop Pot, 10.2 inches (26 cm), Induction Compatible, Glass Lid Included"
B0CJM8LB6Z,,,,
B0CH381TZQ,,206.97,https://www.amazon.sg/TOP-TBP-4525-Tool-Plus-Large/dp/B0CH381TZQ/ref=sr_1_265?dib=eyJ2IjoiMSJ9.e92HQd7d_ZnO2ZMC406Rr0dUIuBfPSYveBYXFP0c5L7Own54Q7qghxOCHBZlryjj_l5bjeYhnmeZfMqlusQlPI7OOdlsWSMCsTPGRnipZEyVWW4E-MPHAbIZKDD-9H-Sbcorp-GfgkMon9S4r6GMZGyLWWw6kog8TjonymGW-70.jW9uQz236P1v1HpXTOEVA2OT04e3L3LtNT5qBHeJCak&dib_tag=se&m=A31NFQQ4065CWX&marketplaceID=A19VAU5U5O7RUS&qid=1773378784&refinements=p_36%3A18500-19000&s=merchant-items&sr=1-265&xpid=muRFYqH7pYs9s,TOP TBP-4525 Tool Bag Plus (Large)
B0CH381TZQ,,,,
B0BS6R3P46,,195.27,https://www.amazon.sg/Teenage-Mutant-Ninja-Turtles-Nendoroid/dp/B0BS6R3P46/ref=sr_1_266?dib=eyJ2IjoiMSJ9.e92HQd7d_ZnO2ZMC406Rr0dUIuBfPSYveBYXFP0c5L7Own54Q7qghxOCHBZlryjj_l5bjeYhnmeZfMqlusQlPI7OOdlsWSMCsTPGRnipZEyVWW4E-MPHAbIZKDD-9H-Sbcorp-GfgkMon9S4r6GMZGyLWWw6kog8TjonymGW-70.jW9uQz236P1v1HpXTOEVA2OT04e3L3LtNT5qBHeJCak&dib_tag=se&m=A31NFQQ4065CWX&marketplaceID=A19VAU5U5O7RUS&qid=1773378784&refinements=p_36%3A18500-19000&s=merchant-items&sr=1-266&xpid=muRFYqH7pYs9s#customerReviews,Teenage Mutant Ninja Turtles: Raphael Nendoroid Action Figure
B0BMT5TCP9,,187.95,https://www.amazon.sg/NEMO-Dragonfly-Bikepack-Footprint-1-Person/dp/B0BMT5TCP9/ref=sr_1_267?dib=eyJ2IjoiMSJ9.e92HQd7d_ZnO2ZMC406Rr0dUIuBfPSYveBYXFP0c5L7Own54Q7qghxOCHBZlryjj_l5bjeYhnmeZfMqlusQlPI7OOdlsWSMCsTPGRnipZEyVWW4E-MPHAbIZKDD-9H-Sbcorp-GfgkMon9S4r6GMZGyLWWw6kog8TjonymGW-70.jW9uQz236P1v1HpXTOEVA2OT04e3L3LtNT5qBHeJCak&dib_tag=se&m=A31NFQQ4065CWX&marketplaceID=A19VAU5U5O7RUS&qid=1773378784&refinements=p_36%3A18500-19000&s=merchant-items&sr=1-267&xpid=muRFYqH7pYs9s#customerReviews,NEMO Dragonfly Bikepack Footprint - 1-Person - Boreal
B0BMT5TCP9,,,,
B0BJZY6QRZ,,187.58,https://www.amazon.sg/Kaweco-COLLECTION-Ruby-Fountain-Pen/dp/B0BJZY6QRZ/ref=sr_1_273?dib=eyJ2IjoiMSJ9.GaIKdLNwB6BSi_hRhCJEAXuyzV-7JEDNPasK6PBXMoKdgJCRjtS4ynUTLYRzjh6z1ZSFvjgT2CcnKZNLLe28qA.ojcbcEjgno2F19zfW4MECINDuQOjU2hXzan_HyL1Pn8&dib_tag=se&m=A31NFQQ4065CWX&marketplaceID=A19VAU5U5O7RUS&qid=1773378789&refinements=p_36%3A18500-19000&s=merchant-items&sr=1-273&xpid=muRFYqH7pYs9s#customerReviews,"Kaweco COLLECTION Ruby Fountain Pen - Premium Steel Nib, Fine Point, 13 cm"
B0BJZY6QRZ,,,,
B0B42BDJ13,,190.0,https://www.amazon.sg/Good-Smile-Company-Nendoroid-Iwaizumi/dp/B0B42BDJ13/ref=sr_1_274?dib=eyJ2IjoiMSJ9.GaIKdLNwB6BSi_hRhCJEAXuyzV-7JEDNPasK6PBXMoKdgJCRjtS4ynUTLYRzjh6z1ZSFvjgT2CcnKZNLLe28qA.ojcbcEjgno2F19zfW4MECINDuQOjU2hXzan_HyL1Pn8&dib_tag=se&m=A31NFQQ4065CWX&marketplaceID=A19VAU5U5O7RUS&qid=1773378789&refinements=p_36%3A18500-19000&s=merchant-items&sr=1-274&xpid=muRFYqH7pYs9s#customerReviews,Good Smile Company Nendoroid 699 Haikyu!! Hajime Iwaizumi Action Figure
B09RQHW8C6,,190.42,https://www.amazon.sg/DAIWA-Coolline-GU1000X-Fishing-Outdoor/dp/B09RQHW8C6/ref=sr_1_275?dib=eyJ2IjoiMSJ9.GaIKdLNwB6BSi_hRhCJEAXuyzV-7JEDNPasK6PBXMoKdgJCRjtS4ynUTLYRzjh6z1ZSFvjgT2CcnKZNLLe28qA.ojcbcEjgno2F19zfW4MECINDuQOjU2hXzan_HyL1Pn8&dib_tag=se&m=A31NFQQ4065CWX&marketplaceID=A19VAU5U5O7RUS&qid=1773378789&refinements=p_36%3A18500-19000&s=merchant-items&sr=1-275&xpid=muRFYqH7pYs9s#customerReviews,"Daiwa Coolline α3 Cooler Box, Fishing, Outdoor, Camping, 2.3 gal (10 L) - 25 L (2022 & 2023 Models)"
B09RQHW8C6,,,,
B09Q6GH9HN,,189.3,https://www.amazon.sg/Mobile-Gundam-STARDUST-RX-78GP02A-Plastic/dp/B09Q6GH9HN/ref=sr_1_276?dib=eyJ2IjoiMSJ9.GaIKdLNwB6BSi_hRhCJEAXuyzV-7JEDNPasK6PBXMoKdgJCRjtS4ynUTLYRzjh6z1ZSFvjgT2CcnKZNLLe28qA.ojcbcEjgno2F19zfW4MECINDuQOjU2hXzan_HyL1Pn8&dib_tag=se&m=A31NFQQ4065CWX&marketplaceID=A19VAU5U5O7RUS&qid=1773378789&refinements=p_36%3A18500-19000&s=merchant-items&sr=1-276&xpid=muRFYqH7pYs9s#customerReviews,MG Mobile Suit Gundam 0083 STARDUST MEMORY RX-78GP02A Gundam GP02A 1/100 Scale Color Coded Plastic Model
B09HXKZXQJ,,190.0,https://www.amazon.sg/Nendoroid-G12670-Agatsuma-Non-Scale-Pre-Painted/dp/B09HXKZXQJ/ref=sr_1_277?dib=eyJ2IjoiMSJ9.GaIKdLNwB6BSi_hRhCJEAXuyzV-7JEDNPasK6PBXMoKdgJCRjtS4ynUTLYRzjh6z1ZSFvjgT2CcnKZNLLe28qA.ojcbcEjgno2F19zfW4MECINDuQOjU2hXzan_HyL1Pn8&dib_tag=se&m=A31NFQQ4065CWX&marketplaceID=A19VAU5U5O7RUS&qid=1773378789&refinements=p_36%3A18500-19000&s=merchant-items&sr=1-277&xpid=muRFYqH7pYs9s#customerReviews,Nendoroid Doll G12670 Demon Slayer Zenitsu Agatsuma Non-Scale Plastic Pre-Painted Action Figure
B08YNZG1CN,,207.6,https://www.amazon.sg/J-FLUORO-FLUOROCARBON-LEADER-PARALLEL-SPOOLING/dp/B08YNZG1CN/ref=sr_1_273?dib=eyJ2IjoiMSJ9.7B2BHs-qpW0wsJgekaLjnk_t1qE4NiYzrNnNlM3c4rGPCafFiyY09ngzkWc0XArLVgUtlMnv2c34M8zMTa4KOwWiNku0bxsgqIcWYwxv2Pbt2pAuLS8OregGdAp8k9HPlC6cvJeR5UWFfvGlxDEifGr2_Rid2F4QzPmAvOHP_mc.jYCb8yfRkA8crgeveqn20rsQBROU0v3kJ2e5GW1NVwc&dib_tag=se&m=A31NFQQ4065CWX&marketplaceID=A19VAU5U5O7RUS&qid=1773378789&refinements=p_36%3A18500-19000&s=merchant-items&sr=1-273&xpid=muRFYqH7pYs9s#customerReviews,J-FLUORO FLUOROCARBON LEADER W/PARALLEL SPOOLING BAND
B08YNZG1CN,,,,
B0842WVDTR,,200.86,https://www.amazon.sg/Mammut-Womens-Comfort-Climbing-Harness/dp/B0842WVDTR/ref=sr_1_274?dib=eyJ2IjoiMSJ9.7B2BHs-qpW0wsJgekaLjnk_t1qE4NiYzrNnNlM3c4rGPCafFiyY09ngzkWc0XArLVgUtlMnv2c34M8zMTa4KOwWiNku0bxsgqIcWYwxv2Pbt2pAuLS8OregGdAp8k9HPlC6cvJeR5UWFfvGlxDEifGr2_Rid2F4QzPmAvOHP_mc.jYCb8yfRkA8crgeveqn20rsQBROU0v3kJ2e5GW1NVwc&dib_tag=se&m=A31NFQQ4065CWX&marketplaceID=A19VAU5U5O7RUS&qid=1773378789&refinements=p_36%3A18500-19000&s=merchant-items&sr=1-274&xpid=muRFYqH7pYs9s,Mammut Women's Comfort Fast Adjust Climbing Harness. Shark Safety Orange M
B0842WVDTR,,,,
B081MN868Z,,188.34,https://www.amazon.sg/PB-SWISS-TOOLS-1560-CBB-Screwdriver/dp/B081MN868Z/ref=sr_1_275?dib=eyJ2IjoiMSJ9.7B2BHs-qpW0wsJgekaLjnk_t1qE4NiYzrNnNlM3c4rGPCafFiyY09ngzkWc0XArLVgUtlMnv2c34M8zMTa4KOwWiNku0bxsgqIcWYwxv2Pbt2pAuLS8OregGdAp8k9HPlC6cvJeR5UWFfvGlxDEifGr2_Rid2F4QzPmAvOHP_mc.jYCb8yfRkA8crgeveqn20rsQBROU0v3kJ2e5GW1NVwc&dib_tag=se&m=A31NFQQ4065CWX&marketplaceID=A19VAU5U5O7RUS&qid=1773378789&refinements=p_36%3A18500-19000&s=merchant-items&sr=1-275&xpid=muRFYqH7pYs9s#customerReviews,PB SWISS TOOLS 1560.CBB 6-Piece Classic Handle Screwdriver Set (Negative Plus) in Paper Box
B081MN868Z,,,,
B07Z6DXN8F,,185.11,https://www.amazon.sg/Prostate-Shoulder-BAP520-Bronze-White/dp/B07Z6DXN8F/ref=sr_1_276?dib=eyJ2IjoiMSJ9.7B2BHs-qpW0wsJgekaLjnk_t1qE4NiYzrNnNlM3c4rGPCafFiyY09ngzkWc0XArLVgUtlMnv2c34M8zMTa4KOwWiNku0bxsgqIcWYwxv2Pbt2pAuLS8OregGdAp8k9HPlC6cvJeR5UWFfvGlxDEifGr2_Rid2F4QzPmAvOHP_mc.jYCb8yfRkA8crgeveqn20rsQBROU0v3kJ2e5GW1NVwc&dib_tag=se&m=A31NFQQ4065CWX&marketplaceID=A19VAU5U5O7RUS&qid=1773378789&refinements=p_36%3A18500-19000&s=merchant-items&sr=1-276&xpid=muRFYqH7pYs9s#customerReviews,"Zet Baseball Pro Status Body Bag, Black (1900), Approx. 1.5 gal (5 L)"
B07Z6DXN8F,,,,
B07TZPFWJ5,,188.44,https://www.amazon.sg/Genuine-Tournament-Handle-Number-000593891H2A74/dp/B07TZPFWJ5/ref=sr_1_277?dib=eyJ2IjoiMSJ9.7B2BHs-qpW0wsJgekaLjnk_t1qE4NiYzrNnNlM3c4rGPCafFiyY09ngzkWc0XArLVgUtlMnv2c34M8zMTa4KOwWiNku0bxsgqIcWYwxv2Pbt2pAuLS8OregGdAp8k9HPlC6cvJeR5UWFfvGlxDEifGr2_Rid2F4QzPmAvOHP_mc.jYCb8yfRkA8crgeveqn20rsQBROU0v3kJ2e5GW1NVwc&dib_tag=se&m=A31NFQQ4065CWX&marketplaceID=A19VAU5U5O7RUS&qid=1773378789&refinements=p_36%3A18500-19000&s=merchant-items&sr=1-277&xpid=muRFYqH7pYs9s,Daiwa Genuine Part 18 Tournament Surf 35 15PE Handle Number 83 Part Code 1H2A74 000593891H2A74
B07TZPFWJ5,,,,
B07TSDKDPH,,188.44,https://www.amazon.sg/Genuine-Celtate-Number-128976-00056304128976/dp/B07TSDKDPH/ref=sr_1_278?dib=eyJ2IjoiMSJ9.7B2BHs-qpW0wsJgekaLjnk_t1qE4NiYzrNnNlM3c4rGPCafFiyY09ngzkWc0XArLVgUtlMnv2c34M8zMTa4KOwWiNku0bxsgqIcWYwxv2Pbt2pAuLS8OregGdAp8k9HPlC6cvJeR5UWFfvGlxDEifGr2_Rid2F4QzPmAvOHP_mc.jYCb8yfRkA8crgeveqn20rsQBROU0v3kJ2e5GW1NVwc&dib_tag=se&m=A31NFQQ4065CWX&marketplaceID=A19VAU5U5O7RUS&qid=1773378789&refinements=p_36%3A18500-19000&s=merchant-items&sr=1-278&xpid=muRFYqH7pYs9s,"Daiwa Genuine Part 16 Celtate 2506 Spool (2-8) Part Number 8, Part Code 128976 00056304128976"
B07TSDKDPH,,,,
B07RVX5HYQ,,186.49,https://www.amazon.sg/Shimano-ST-RX400-Mechanical-Hydraulic-10-Speed/dp/B07RVX5HYQ/ref=sr_1_279?dib=eyJ2IjoiMSJ9.7B2BHs-qpW0wsJgekaLjnk_t1qE4NiYzrNnNlM3c4rGPCafFiyY09ngzkWc0XArLVgUtlMnv2c34M8zMTa4KOwWiNku0bxsgqIcWYwxv2Pbt2pAuLS8OregGdAp8k9HPlC6cvJeR5UWFfvGlxDEifGr2_Rid2F4QzPmAvOHP_mc.jYCb8yfRkA8crgeveqn20rsQBROU0v3kJ2e5GW1NVwc&dib_tag=se&m=A31NFQQ4065CWX&marketplaceID=A19VAU5U5O7RUS&qid=1773378789&refinements=p_36%3A18500-19000&s=merchant-items&sr=1-279&xpid=muRFYqH7pYs9s#customerReviews,"Shimano GRX ST-RX400 GRX Mechanical Shift Hydraulic STI Lever, 10-Speed, Right Hand"
B07RVX5HYQ,,,,
B079VPH6YV,,188.78,https://www.amazon.sg/Mobility-Artillery-Rocket-System-Plastic/dp/B079VPH6YV/ref=sr_1_280?dib=eyJ2IjoiMSJ9.7B2BHs-qpW0wsJgekaLjnk_t1qE4NiYzrNnNlM3c4rGPCafFiyY09ngzkWc0XArLVgUtlMnv2c34M8zMTa4KOwWiNku0bxsgqIcWYwxv2Pbt2pAuLS8OregGdAp8k9HPlC6cvJeR5UWFfvGlxDEifGr2_Rid2F4QzPmAvOHP_mc.jYCb8yfRkA8crgeveqn20rsQBROU0v3kJ2e5GW1NVwc&dib_tag=se&m=A31NFQQ4065CWX&marketplaceID=A19VAU5U5O7RUS&qid=1773378789&refinements=p_36%3A18500-19000&s=merchant-items&sr=1-280&xpid=muRFYqH7pYs9s,"M142 High Mobility Artillery Rocket System Plastic Model Kit, 1/35 Scale"
B077PPZZVH,,189.85,https://www.amazon.sg/Humminbird-740176-1-Reinforced-Mounting-Models/dp/B077PPZZVH/ref=sr_1_281?dib=eyJ2IjoiMSJ9.7B2BHs-qpW0wsJgekaLjnk_t1qE4NiYzrNnNlM3c4rGPCafFiyY09ngzkWc0XArLVgUtlMnv2c34M8zMTa4KOwWiNku0bxsgqIcWYwxv2Pbt2pAuLS8OregGdAp8k9HPlC6cvJeR5UWFfvGlxDEifGr2_Rid2F4QzPmAvOHP_mc.jYCb8yfRkA8crgeveqn20rsQBROU0v3kJ2e5GW1NVwc&dib_tag=se&m=A31NFQQ4065CWX&marketplaceID=A19VAU5U5O7RUS&qid=1773378789&refinements=p_36%3A18500-19000&s=merchant-items&sr=1-281&xpid=muRFYqH7pYs9s#customerReviews,Humminbird 740176-1 IDMK S12R Reinforced In-Dash Mounting Kit for SOLIX 12 Models
B077PPZZVH,,,,
B0742G6G8P,,198.99,https://www.amazon.sg/Panasonic-Replacement-5-Blade-Es9036-Compatible/dp/B0742G6G8P/ref=sr_1_282?dib=eyJ2IjoiMSJ9.7B2BHs-qpW0wsJgekaLjnk_t1qE4NiYzrNnNlM3c4rGPCafFiyY09ngzkWc0XArLVgUtlMnv2c34M8zMTa4KOwWiNku0bxsgqIcWYwxv2Pbt2pAuLS8OregGdAp8k9HPlC6cvJeR5UWFfvGlxDEifGr2_Rid2F4QzPmAvOHP_mc.jYCb8yfRkA8crgeveqn20rsQBROU0v3kJ2e5GW1NVwc&dib_tag=se&m=A31NFQQ4065CWX&marketplaceID=A19VAU5U5O7RUS&qid=1773378789&refinements=p_36%3A18500-19000&s=merchant-items&sr=1-282&xpid=muRFYqH7pYs9s#customerReviews,"Panasonic"" Replacement Blade Set For 5-Blade Es9036 (Compatible Es9034 Es9032)"
B0742G6G8P,,,,
B01MSOT6UQ,,213.65,https://www.amazon.sg/Max-Factory-Panzer-Version-Action/dp/B01MSOT6UQ/ref=sr_1_283?dib=eyJ2IjoiMSJ9.7B2BHs-qpW0wsJgekaLjnk_t1qE4NiYzrNnNlM3c4rGPCafFiyY09ngzkWc0XArLVgUtlMnv2c34M8zMTa4KOwWiNku0bxsgqIcWYwxv2Pbt2pAuLS8OregGdAp8k9HPlC6cvJeR5UWFfvGlxDEifGr2_Rid2F4QzPmAvOHP_mc.jYCb8yfRkA8crgeveqn20rsQBROU0v3kJ2e5GW1NVwc&dib_tag=se&m=A31NFQQ4065CWX&marketplaceID=A19VAU5U5O7RUS&qid=1773378789&refinements=p_36%3A18500-19000&s=merchant-items&sr=1-283&xpid=muRFYqH7pYs9s#customerReviews,Max Factory Girls Und Panzer Maho & Erika (Film Version) Figma Set Action Figure
B01E7Q19BG,,189.04,https://www.amazon.sg/Silver-Fox-SB4002-Skateboard-Complete/dp/B01E7Q19BG/ref=sr_1_289?dib=eyJ2IjoiMSJ9.-V0psjABJ8IolmWiqCdFWs0J5-f6h1pFthjlgdmoghHnE4Q-QCznU134eg_deebN4HZUX1bJKP1_2BHkdCaX9w.570V59n5LplJ-ePQ7VFMnjkCEb98NFW77hY-CuM31fU&dib_tag=se&m=A31NFQQ4065CWX&marketplaceID=A19VAU5U5O7RUS&qid=1773378794&refinements=p_36%3A18500-19000&s=merchant-items&sr=1-289&xpid=muRFYqH7pYs9s,"Silver Fox Skateboard 31"" Complete SUPER HARD"
B01E7Q19BG,,,,
B00UH9CN4U,,189.55,https://www.amazon.sg/NTN-Angular-Bearing-7208CDB-GNP5/dp/B00UH9CN4U/ref=sr_1_290?dib=eyJ2IjoiMSJ9.-V0psjABJ8IolmWiqCdFWs0J5-f6h1pFthjlgdmoghHnE4Q-QCznU134eg_deebN4HZUX1bJKP1_2BHkdCaX9w.570V59n5LplJ-ePQ7VFMnjkCEb98NFW77hY-CuM31fU&dib_tag=se&m=A31NFQQ4065CWX&marketplaceID=A19VAU5U5O7RUS&qid=1773378794&refinements=p_36%3A18500-19000&s=merchant-items&sr=1-290&xpid=muRFYqH7pYs9s,NTN Angular Ball Bearing 7208CDB/GNP5
B00UH9CN4U,,,,
B00NA9BNXQ,,185.48,https://www.amazon.sg/ZS72-1004-Lever-Duralumin-Aluminum-Universal/dp/B00NA9BNXQ/ref=sr_1_291?dib=eyJ2IjoiMSJ9.-V0psjABJ8IolmWiqCdFWs0J5-f6h1pFthjlgdmoghHnE4Q-QCznU134eg_deebN4HZUX1bJKP1_2BHkdCaX9w.570V59n5LplJ-ePQ7VFMnjkCEb98NFW77hY-CuM31fU&dib_tag=se&m=A31NFQQ4065CWX&marketplaceID=A19VAU5U5O7RUS&qid=1773378794&refinements=p_36%3A18500-19000&s=merchant-items&sr=1-291&xpid=muRFYqH7pYs9s#customerReviews,"Zeta ZS72-1004 Lever Guard, Duralumin/Aluminum, Gold, Universal"
B00NA9BNXQ,,,,
B00COL1SYK,,209.2,https://www.amazon.sg/Pearl-BC-830-Cymbal-Stand-Boom/dp/B00COL1SYK/ref=sr_1_292?dib=eyJ2IjoiMSJ9.-V0psjABJ8IolmWiqCdFWs0J5-f6h1pFthjlgdmoghHnE4Q-QCznU134eg_deebN4HZUX1bJKP1_2BHkdCaX9w.570V59n5LplJ-ePQ7VFMnjkCEb98NFW77hY-CuM31fU&dib_tag=se&m=A31NFQQ4065CWX&marketplaceID=A19VAU5U5O7RUS&qid=1773378794&refinements=p_36%3A18500-19000&s=merchant-items&sr=1-292&xpid=muRFYqH7pYs9s#customerReviews,Pearl BC-830 Cymbal Stand (Boom)
B00COL1SYK,,,,
B004JKGNIA,,202.73,https://www.amazon.sg/Campagnolo-Veloce-Rear-Derailleur-Black/dp/B004JKGNIA/ref=sr_1_293?dib=eyJ2IjoiMSJ9.-V0psjABJ8IolmWiqCdFWs0J5-f6h1pFthjlgdmoghHnE4Q-QCznU134eg_deebN4HZUX1bJKP1_2BHkdCaX9w.570V59n5LplJ-ePQ7VFMnjkCEb98NFW77hY-CuM31fU&dib_tag=se&m=A31NFQQ4065CWX&marketplaceID=A19VAU5U5O7RUS&qid=1773378794&refinements=p_36%3A18500-19000&s=merchant-items&sr=1-293&xpid=muRFYqH7pYs9s#customerReviews,Campagnolo Veloce 10-Speed Rear Derailleur Cage Short Black
B004JKGNIA,,,,
B000Y7RNEA,,188.67,https://www.amazon.sg/Pearl-PMC-1-Mini-Conga/dp/B000Y7RNEA/ref=sr_1_289?dib=eyJ2IjoiMSJ9.16910Vjg3wwxojWa6VO91iNzLXOAu6bAdxEJhyp-tBM.wV50BWjOU4BEDxSzSwtrqiieVTiOZRXqq-cT29PtxNk&dib_tag=se&m=A31NFQQ4065CWX&marketplaceID=A19VAU5U5O7RUS&qid=1773378794&refinements=p_36%3A18500-19000&s=merchant-items&sr=1-289&xpid=muRFYqH7pYs9s#customerReviews,Pearl PMC-1 Mini Conga
B000Y7RNEA,,,,
B000UYW6UI,,188.83,https://www.amazon.sg/Gedore-6003850-Standard-Combination-Spanner/dp/B000UYW6UI/ref=sr_1_290?dib=eyJ2IjoiMSJ9.16910Vjg3wwxojWa6VO91iNzLXOAu6bAdxEJhyp-tBM.wV50BWjOU4BEDxSzSwtrqiieVTiOZRXqq-cT29PtxNk&dib_tag=se&m=A31NFQQ4065CWX&marketplaceID=A19VAU5U5O7RUS&qid=1773378794&refinements=p_36%3A18500-19000&s=merchant-items&sr=1-290&xpid=muRFYqH7pYs9s#customerReviews,Gedore 6003850 Standard Combination Spanner 2.0 inches (50 mm)
B000UYW6UI,,,,
