ASIN,Brand,Price,URL,Title
B0B24Q8QN7,,153.45,https://www.amazon.sg/Snow-Peak-TW-271-GY-Tobachi-Gray/dp/B0B24Q8QN7/ref=sr_1_1?dib=eyJ2IjoiMSJ9.8XnD5dNPHykKnvHKXK3Tf9sSGbkdQIrEHEzhWo9g4yWYVNQgHwreGuubTwVRnIJoTyifFHkJkDVzPcN1YqOM2DJufSyLyJ1yBRpZHnlf14MlxMevsOBz_-Fb-X7rK52C1HW9ZbOjJXcTG9B3rkrcGsCUerTyhjZo3c9MXLA-rWWO4ZSy7LWatgm1H8PqpvxWXffrR8A7i6kCilVqx-0VYxead4NgMZsD6cqjcwM12BQ.OHlkkYIWPIyOc71REzbxXDtHuP38gLBOFFRk5dSkIlw&dib_tag=se&m=A32NZN7CIPIXS3&marketplaceID=A19VAU5U5O7RUS&qid=1775512350&refinements=p_36%3A15000-15500&s=merchant-items&sr=1-1#customerReviews,Snow Peak TW-271-GY One Tobachi 3 Gray
B0B24Q8QN7,,,,
B094WM59KR,,150.16,https://www.amazon.sg/Sega-Homestar-Matataki-Planetarium-Projector/dp/B094WM59KR/ref=sr_1_2?dib=eyJ2IjoiMSJ9.8XnD5dNPHykKnvHKXK3Tf9sSGbkdQIrEHEzhWo9g4yWYVNQgHwreGuubTwVRnIJoTyifFHkJkDVzPcN1YqOM2DJufSyLyJ1yBRpZHnlf14MlxMevsOBz_-Fb-X7rK52C1HW9ZbOjJXcTG9B3rkrcGsCUerTyhjZo3c9MXLA-rWWO4ZSy7LWatgm1H8PqpvxWXffrR8A7i6kCilVqx-0VYxead4NgMZsD6cqjcwM12BQ.OHlkkYIWPIyOc71REzbxXDtHuP38gLBOFFRk5dSkIlw&dib_tag=se&m=A32NZN7CIPIXS3&marketplaceID=A19VAU5U5O7RUS&qid=1775512350&refinements=p_36%3A15000-15500&s=merchant-items&sr=1-2#customerReviews,Sega Homestar Matataki (White) Home Planetarium Star Projector
B094WM59KR,,,,
B07W6S4QDM,,153.08,https://www.amazon.sg/GOSEN-Badminton-released-November-Reservation/dp/B07W6S4QDM/ref=sr_1_3?dib=eyJ2IjoiMSJ9.8XnD5dNPHykKnvHKXK3Tf9sSGbkdQIrEHEzhWo9g4yWYVNQgHwreGuubTwVRnIJoTyifFHkJkDVzPcN1YqOM2DJufSyLyJ1yBRpZHnlf14MlxMevsOBz_-Fb-X7rK52C1HW9ZbOjJXcTG9B3rkrcGsCUerTyhjZo3c9MXLA-rWWO4ZSy7LWatgm1H8PqpvxWXffrR8A7i6kCilVqx-0VYxead4NgMZsD6cqjcwM12BQ.OHlkkYIWPIyOc71REzbxXDtHuP38gLBOFFRk5dSkIlw&dib_tag=se&m=A32NZN7CIPIXS3&marketplaceID=A19VAU5U5O7RUS&qid=1775512350&refinements=p_36%3A15000-15500&s=merchant-items&sr=1-3#customerReviews,"GOSEN BRIFTCWM Badminton Racquet, Inferno Touch, Frame Only, White Marine"
B07W6S4QDM,,,,
B07ZYB4SRL,,152.01,https://www.amazon.sg/Bauerfeind-GenuTrain-Targeted-Stabilization-Provides/dp/B07ZYB4SRL/ref=sr_1_4?dib=eyJ2IjoiMSJ9.8XnD5dNPHykKnvHKXK3Tf9sSGbkdQIrEHEzhWo9g4yWYVNQgHwreGuubTwVRnIJoTyifFHkJkDVzPcN1YqOM2DJufSyLyJ1yBRpZHnlf14MlxMevsOBz_-Fb-X7rK52C1HW9ZbOjJXcTG9B3rkrcGsCUerTyhjZo3c9MXLA-rWWO4ZSy7LWatgm1H8PqpvxWXffrR8A7i6kCilVqx-0VYxead4NgMZsD6cqjcwM12BQ.OHlkkYIWPIyOc71REzbxXDtHuP38gLBOFFRk5dSkIlw&dib_tag=se&m=A32NZN7CIPIXS3&marketplaceID=A19VAU5U5O7RUS&qid=1775512350&refinements=p_36%3A15000-15500&s=merchant-items&sr=1-4#customerReviews,Bauerfeind GenuTrain Knee Support Sample
B07ZYB4SRL,,,,
B09BFPNW2J,,179.28,https://www.amazon.sg/Audio-Technica-Hypercardioid-Dynamic-Microphone-2040/dp/B09BFPNW2J/ref=sr_1_5?dib=eyJ2IjoiMSJ9.8XnD5dNPHykKnvHKXK3Tf9sSGbkdQIrEHEzhWo9g4yWYVNQgHwreGuubTwVRnIJoTyifFHkJkDVzPcN1YqOM2DJufSyLyJ1yBRpZHnlf14MlxMevsOBz_-Fb-X7rK52C1HW9ZbOjJXcTG9B3rkrcGsCUerTyhjZo3c9MXLA-rWWO4ZSy7LWatgm1H8PqpvxWXffrR8A7i6kCilVqx-0VYxead4NgMZsD6cqjcwM12BQ.OHlkkYIWPIyOc71REzbxXDtHuP38gLBOFFRk5dSkIlw&dib_tag=se&m=A32NZN7CIPIXS3&marketplaceID=A19VAU5U5O7RUS&qid=1775512350&refinements=p_36%3A15000-15500&s=merchant-items&sr=1-5#customerReviews,"Audio-Technica AT2040 Hypercardioid Dynamic Podcast Microphone (at 2040), XLR"
B09BFPNW2J,,,,
B0B24PCKNM,,150.77,https://www.amazon.sg/Snow-Peak-TW-270-WH-Tobachi-White/dp/B0B24PCKNM/ref=sr_1_6?dib=eyJ2IjoiMSJ9.8XnD5dNPHykKnvHKXK3Tf9sSGbkdQIrEHEzhWo9g4yWYVNQgHwreGuubTwVRnIJoTyifFHkJkDVzPcN1YqOM2DJufSyLyJ1yBRpZHnlf14MlxMevsOBz_-Fb-X7rK52C1HW9ZbOjJXcTG9B3rkrcGsCUerTyhjZo3c9MXLA-rWWO4ZSy7LWatgm1H8PqpvxWXffrR8A7i6kCilVqx-0VYxead4NgMZsD6cqjcwM12BQ.OHlkkYIWPIyOc71REzbxXDtHuP38gLBOFFRk5dSkIlw&dib_tag=se&m=A32NZN7CIPIXS3&marketplaceID=A19VAU5U5O7RUS&qid=1775512350&refinements=p_36%3A15000-15500&s=merchant-items&sr=1-6#customerReviews,Snow Peak TW-270 One Tobachi 2
B0B24PCKNM,,,,
B09FFB54LQ,,150.85,https://www.amazon.sg/DRESS-Backpack-Extendable-Waterproof-Capacity/dp/B09FFB54LQ/ref=sr_1_7?dib=eyJ2IjoiMSJ9.8XnD5dNPHykKnvHKXK3Tf9sSGbkdQIrEHEzhWo9g4yWYVNQgHwreGuubTwVRnIJoTyifFHkJkDVzPcN1YqOM2DJufSyLyJ1yBRpZHnlf14MlxMevsOBz_-Fb-X7rK52C1HW9ZbOjJXcTG9B3rkrcGsCUerTyhjZo3c9MXLA-rWWO4ZSy7LWatgm1H8PqpvxWXffrR8A7i6kCilVqx-0VYxead4NgMZsD6cqjcwM12BQ.OHlkkYIWPIyOc71REzbxXDtHuP38gLBOFFRk5dSkIlw&dib_tag=se&m=A32NZN7CIPIXS3&marketplaceID=A19VAU5U5O7RUS&qid=1775512350&refinements=p_36%3A15000-15500&s=merchant-items&sr=1-7#customerReviews,DRESS Fishing Rucksack Olive Gray Large Size Expandable Waterproof Fishing Tackle Bag Rod Holder Bag for Men Large Capacity Fishing Bag
B09FFB54LQ,,,,
B001TPE114,,155.12,https://www.amazon.sg/Sakai-Takayuki-Japanese-Kasumitogi-Yasuki/dp/B001TPE114/ref=sr_1_8?dib=eyJ2IjoiMSJ9.8XnD5dNPHykKnvHKXK3Tf9sSGbkdQIrEHEzhWo9g4yWYVNQgHwreGuubTwVRnIJoTyifFHkJkDVzPcN1YqOM2DJufSyLyJ1yBRpZHnlf14MlxMevsOBz_-Fb-X7rK52C1HW9ZbOjJXcTG9B3rkrcGsCUerTyhjZo3c9MXLA-rWWO4ZSy7LWatgm1H8PqpvxWXffrR8A7i6kCilVqx-0VYxead4NgMZsD6cqjcwM12BQ.OHlkkYIWPIyOc71REzbxXDtHuP38gLBOFFRk5dSkIlw&dib_tag=se&m=A32NZN7CIPIXS3&marketplaceID=A19VAU5U5O7RUS&qid=1775512350&refinements=p_36%3A15000-15500&s=merchant-items&sr=1-8,Sakai Takayuki Japanese Knife Kasumitogi Yasuki White Steel 06036 Deba Knife 165Mm
B001TPE114,,,,
B00T0OJGO8,,150.98,https://www.amazon.sg/Gator-Cases-Padded-Removable-Modern/dp/B00T0OJGO8/ref=sr_1_9?dib=eyJ2IjoiMSJ9.8XnD5dNPHykKnvHKXK3Tf9sSGbkdQIrEHEzhWo9g4yWYVNQgHwreGuubTwVRnIJoTyifFHkJkDVzPcN1YqOM2DJufSyLyJ1yBRpZHnlf14MlxMevsOBz_-Fb-X7rK52C1HW9ZbOjJXcTG9B3rkrcGsCUerTyhjZo3c9MXLA-rWWO4ZSy7LWatgm1H8PqpvxWXffrR8A7i6kCilVqx-0VYxead4NgMZsD6cqjcwM12BQ.OHlkkYIWPIyOc71REzbxXDtHuP38gLBOFFRk5dSkIlw&dib_tag=se&m=A32NZN7CIPIXS3&marketplaceID=A19VAU5U5O7RUS&qid=1775512350&refinements=p_36%3A15000-15500&s=merchant-items&sr=1-9#customerReviews,"Gator Cases Padded Nylon Mixer/Gear Carry Bag with Removable Strap, Black, 18""x 18""x 5.5"", Modern"
B00T0OJGO8,,,,
B01M1IQ5HE,,153.6,https://www.amazon.sg/Butterfly-Innerforce-Layer-ALC-S-Tennis/dp/B01M1IQ5HE/ref=sr_1_10?dib=eyJ2IjoiMSJ9.8XnD5dNPHykKnvHKXK3Tf9sSGbkdQIrEHEzhWo9g4yWYVNQgHwreGuubTwVRnIJoTyifFHkJkDVzPcN1YqOM2DJufSyLyJ1yBRpZHnlf14MlxMevsOBz_-Fb-X7rK52C1HW9ZbOjJXcTG9B3rkrcGsCUerTyhjZo3c9MXLA-rWWO4ZSy7LWatgm1H8PqpvxWXffrR8A7i6kCilVqx-0VYxead4NgMZsD6cqjcwM12BQ.OHlkkYIWPIyOc71REzbxXDtHuP38gLBOFFRk5dSkIlw&dib_tag=se&m=A32NZN7CIPIXS3&marketplaceID=A19VAU5U5O7RUS&qid=1775512350&refinements=p_36%3A15000-15500&s=merchant-items&sr=1-10#customerReviews,Butterfly Innerforce Layer ALC.S CS Table Tennis Blade - ALC Fiber Blade - Professional Butterfly Table Tennis Blade - Good for Traditional or Reverse Chinese Penhold Style - Made in Japan
B01M1IQ5HE,,,,
B0DJ2HGT4L,,170.12,https://www.amazon.sg/TAMASHII-NATIONS-Detective-Commemorative-Pre-painted/dp/B0DJ2HGT4L/ref=sr_1_11?dib=eyJ2IjoiMSJ9.8XnD5dNPHykKnvHKXK3Tf9sSGbkdQIrEHEzhWo9g4yWYVNQgHwreGuubTwVRnIJoTyifFHkJkDVzPcN1YqOM2DJufSyLyJ1yBRpZHnlf14MlxMevsOBz_-Fb-X7rK52C1HW9ZbOjJXcTG9B3rkrcGsCUerTyhjZo3c9MXLA-rWWO4ZSy7LWatgm1H8PqpvxWXffrR8A7i6kCilVqx-0VYxead4NgMZsD6cqjcwM12BQ.OHlkkYIWPIyOc71REzbxXDtHuP38gLBOFFRk5dSkIlw&dib_tag=se&m=A32NZN7CIPIXS3&marketplaceID=A19VAU5U5O7RUS&qid=1775512350&refinements=p_36%3A15000-15500&s=merchant-items&sr=1-11#customerReviews,"TAMASHII NATIONS S.H. Figuarts Kamen Rider W Cyclone Joker Futo Detective Animation Commemorative (Resale Version), Approx. 5.7 inches (145 mm), PVC & ABS & Fabric, Pre-painted Action Figure"
B001F2QSUS,,154.45,https://www.amazon.sg/Hasegen-AIT1226-Titanium-Wooden-Handle/dp/B001F2QSUS/ref=sr_1_12?dib=eyJ2IjoiMSJ9.8XnD5dNPHykKnvHKXK3Tf9sSGbkdQIrEHEzhWo9g4yWYVNQgHwreGuubTwVRnIJoTyifFHkJkDVzPcN1YqOM2DJufSyLyJ1yBRpZHnlf14MlxMevsOBz_-Fb-X7rK52C1HW9ZbOjJXcTG9B3rkrcGsCUerTyhjZo3c9MXLA-rWWO4ZSy7LWatgm1H8PqpvxWXffrR8A7i6kCilVqx-0VYxead4NgMZsD6cqjcwM12BQ.OHlkkYIWPIyOc71REzbxXDtHuP38gLBOFFRk5dSkIlw&dib_tag=se&m=A32NZN7CIPIXS3&marketplaceID=A19VAU5U5O7RUS&qid=1775512350&refinements=p_36%3A15000-15500&s=merchant-items&sr=1-12,"Hasegen AIT1226 Pure Titanium, Wooden Handle Pot, 10.2 inches (26 cm), Body: Titanium, Handle: Wood, Japan"
B001F2QSUS,,,,
B07W8XYTQ8,,154.83,https://www.amazon.sg/LEGO-41394-Heartlake-City-Hospital/dp/B07W8XYTQ8/ref=sr_1_13?dib=eyJ2IjoiMSJ9.8XnD5dNPHykKnvHKXK3Tf9sSGbkdQIrEHEzhWo9g4yWYVNQgHwreGuubTwVRnIJoTyifFHkJkDVzPcN1YqOM2DJufSyLyJ1yBRpZHnlf14MlxMevsOBz_-Fb-X7rK52C1HW9ZbOjJXcTG9B3rkrcGsCUerTyhjZo3c9MXLA-rWWO4ZSy7LWatgm1H8PqpvxWXffrR8A7i6kCilVqx-0VYxead4NgMZsD6cqjcwM12BQ.OHlkkYIWPIyOc71REzbxXDtHuP38gLBOFFRk5dSkIlw&dib_tag=se&m=A32NZN7CIPIXS3&marketplaceID=A19VAU5U5O7RUS&qid=1775512350&refinements=p_36%3A15000-15500&s=merchant-items&sr=1-13#customerReviews,LEGO 41394 Heartlake City Hospital
B09F2FM43B,,150.38,https://www.amazon.sg/AKG-AKG-C22-USB-Professional-Two-Pattern-Microphone/dp/B09F2FM43B/ref=sr_1_14?dib=eyJ2IjoiMSJ9.8XnD5dNPHykKnvHKXK3Tf9sSGbkdQIrEHEzhWo9g4yWYVNQgHwreGuubTwVRnIJoTyifFHkJkDVzPcN1YqOM2DJufSyLyJ1yBRpZHnlf14MlxMevsOBz_-Fb-X7rK52C1HW9ZbOjJXcTG9B3rkrcGsCUerTyhjZo3c9MXLA-rWWO4ZSy7LWatgm1H8PqpvxWXffrR8A7i6kCilVqx-0VYxead4NgMZsD6cqjcwM12BQ.OHlkkYIWPIyOc71REzbxXDtHuP38gLBOFFRk5dSkIlw&dib_tag=se&m=A32NZN7CIPIXS3&marketplaceID=A19VAU5U5O7RUS&qid=1775512350&refinements=p_36%3A15000-15500&s=merchant-items&sr=1-14#customerReviews,AKG AKG-C22-USB Ara Professional Two-Pattern USB Condenser Microphone
B09F2FM43B,,,,
B09YS1QNV4,,151.5,https://www.amazon.sg/Thule-EnRoute-Backpack-Capacity-Pelican/dp/B09YS1QNV4/ref=sr_1_15?dib=eyJ2IjoiMSJ9.8XnD5dNPHykKnvHKXK3Tf9sSGbkdQIrEHEzhWo9g4yWYVNQgHwreGuubTwVRnIJoTyifFHkJkDVzPcN1YqOM2DJufSyLyJ1yBRpZHnlf14MlxMevsOBz_-Fb-X7rK52C1HW9ZbOjJXcTG9B3rkrcGsCUerTyhjZo3c9MXLA-rWWO4ZSy7LWatgm1H8PqpvxWXffrR8A7i6kCilVqx-0VYxead4NgMZsD6cqjcwM12BQ.OHlkkYIWPIyOc71REzbxXDtHuP38gLBOFFRk5dSkIlw&dib_tag=se&m=A32NZN7CIPIXS3&marketplaceID=A19VAU5U5O7RUS&qid=1775512350&refinements=p_36%3A15000-15500&s=merchant-items&sr=1-15#customerReviews,Thule Unisex Enroute Laptop Backpack (Pack of 1)
B09YS1QNV4,,,,
B0B76R8BL9,,150.08,https://www.amazon.sg/Babolat-751221-Pure-Taille-unique/dp/B0B76R8BL9/ref=sr_1_16?dib=eyJ2IjoiMSJ9.8XnD5dNPHykKnvHKXK3Tf9sSGbkdQIrEHEzhWo9g4yWYVNQgHwreGuubTwVRnIJoTyifFHkJkDVzPcN1YqOM2DJufSyLyJ1yBRpZHnlf14MlxMevsOBz_-Fb-X7rK52C1HW9ZbOjJXcTG9B3rkrcGsCUerTyhjZo3c9MXLA-rWWO4ZSy7LWatgm1H8PqpvxWXffrR8A7i6kCilVqx-0VYxead4NgMZsD6cqjcwM12BQ.OHlkkYIWPIyOc71REzbxXDtHuP38gLBOFFRk5dSkIlw&dib_tag=se&m=A32NZN7CIPIXS3&marketplaceID=A19VAU5U5O7RUS&qid=1775512350&refinements=p_36%3A15000-15500&s=merchant-items&sr=1-16#customerReviews,"Babolat VS 751221 RH X 12 Pure Aero, Grey, grey, Taille unique"
B0B76R8BL9,,,,
B081B84J2V,,158.79,https://www.amazon.sg/Bauerfeind-GenuTrain-Targeted-Stabilization-Provides/dp/B081B84J2V/ref=sr_1_17?dib=eyJ2IjoiMSJ9.G9t9dNoFxOnjZ67sNYp8V2Qu7J0GUJDoZ9zNvGZVYw56hQt2O0hAlvaNqYP6q5BSgknXBZvRNjymoXzIvt3lf6V-ReOYbtXtU3ZDWc52XzJq4fQoPGFyYRFCGcabT0Ct4bgSMAdNJF0yjGlFTMkxbBU4nqRdfAorlvezLY0HbgyR1p1ChqsQg5isMtInub4vtw4UX0c8c7S5UWBtnLgLV3-1_HQmKNcFv3rglbol-qs.iphYyRp_yyuJuzDiVif2eG-CZpMt7Y9vKm6DVaa2Jak&dib_tag=se&m=A32NZN7CIPIXS3&marketplaceID=A19VAU5U5O7RUS&qid=1775512357&refinements=p_36%3A15000-15500&s=merchant-items&sr=1-17&xpid=escbSnUlo68E6#customerReviews,Bauerfeind GenuTrain Knee Support Sample
B081B84J2V,,,,
B0765C5SX5,,233.72,https://www.amazon.sg/21042-Architecture-Statue-Liberty-Building/dp/B0765C5SX5/ref=sr_1_18?dib=eyJ2IjoiMSJ9.G9t9dNoFxOnjZ67sNYp8V2Qu7J0GUJDoZ9zNvGZVYw56hQt2O0hAlvaNqYP6q5BSgknXBZvRNjymoXzIvt3lf6V-ReOYbtXtU3ZDWc52XzJq4fQoPGFyYRFCGcabT0Ct4bgSMAdNJF0yjGlFTMkxbBU4nqRdfAorlvezLY0HbgyR1p1ChqsQg5isMtInub4vtw4UX0c8c7S5UWBtnLgLV3-1_HQmKNcFv3rglbol-qs.iphYyRp_yyuJuzDiVif2eG-CZpMt7Y9vKm6DVaa2Jak&dib_tag=se&m=A32NZN7CIPIXS3&marketplaceID=A19VAU5U5O7RUS&qid=1775512357&refinements=p_36%3A15000-15500&s=merchant-items&sr=1-18&xpid=escbSnUlo68E6#customerReviews,Lego 21042 Architecture Statue of Liberty Building Set (1685 Pieces)
B001AX3SR8,,169.18,https://www.amazon.sg/Pilot-Capless-Special-Alloy-Dark/dp/B001AX3SR8/ref=sr_1_19?dib=eyJ2IjoiMSJ9.G9t9dNoFxOnjZ67sNYp8V2Qu7J0GUJDoZ9zNvGZVYw56hQt2O0hAlvaNqYP6q5BSgknXBZvRNjymoXzIvt3lf6V-ReOYbtXtU3ZDWc52XzJq4fQoPGFyYRFCGcabT0Ct4bgSMAdNJF0yjGlFTMkxbBU4nqRdfAorlvezLY0HbgyR1p1ChqsQg5isMtInub4vtw4UX0c8c7S5UWBtnLgLV3-1_HQmKNcFv3rglbol-qs.iphYyRp_yyuJuzDiVif2eG-CZpMt7Y9vKm6DVaa2Jak&dib_tag=se&m=A32NZN7CIPIXS3&marketplaceID=A19VAU5U5O7RUS&qid=1775512357&refinements=p_36%3A15000-15500&s=merchant-items&sr=1-19&xpid=escbSnUlo68E6#customerReviews,"Pilot""Capless (Special Alloy Nib) / Dark Blue"" [Nib: Fine]"
B001AX3SR8,,,,
B00D2JZABA,,152.74,https://www.amazon.sg/VISIONS-CP-8696-Cookpot-3-5L/dp/B00D2JZABA/ref=sr_1_20?dib=eyJ2IjoiMSJ9.G9t9dNoFxOnjZ67sNYp8V2Qu7J0GUJDoZ9zNvGZVYw56hQt2O0hAlvaNqYP6q5BSgknXBZvRNjymoXzIvt3lf6V-ReOYbtXtU3ZDWc52XzJq4fQoPGFyYRFCGcabT0Ct4bgSMAdNJF0yjGlFTMkxbBU4nqRdfAorlvezLY0HbgyR1p1ChqsQg5isMtInub4vtw4UX0c8c7S5UWBtnLgLV3-1_HQmKNcFv3rglbol-qs.iphYyRp_yyuJuzDiVif2eG-CZpMt7Y9vKm6DVaa2Jak&dib_tag=se&m=A32NZN7CIPIXS3&marketplaceID=A19VAU5U5O7RUS&qid=1775512357&refinements=p_36%3A15000-15500&s=merchant-items&sr=1-20&xpid=escbSnUlo68E6#customerReviews,VISIONS CP-8696 Cookpot 3.5L
B00D2JZABA,,,,
B001T19ZEG,,154.66,https://www.amazon.sg/Shoji-ATY62030-Commercial-inches-Titanium/dp/B001T19ZEG/ref=sr_1_21?dib=eyJ2IjoiMSJ9.G9t9dNoFxOnjZ67sNYp8V2Qu7J0GUJDoZ9zNvGZVYw56hQt2O0hAlvaNqYP6q5BSgknXBZvRNjymoXzIvt3lf6V-ReOYbtXtU3ZDWc52XzJq4fQoPGFyYRFCGcabT0Ct4bgSMAdNJF0yjGlFTMkxbBU4nqRdfAorlvezLY0HbgyR1p1ChqsQg5isMtInub4vtw4UX0c8c7S5UWBtnLgLV3-1_HQmKNcFv3rglbol-qs.iphYyRp_yyuJuzDiVif2eG-CZpMt7Y9vKm6DVaa2Jak&dib_tag=se&m=A32NZN7CIPIXS3&marketplaceID=A19VAU5U5O7RUS&qid=1775512357&refinements=p_36%3A15000-15500&s=merchant-items&sr=1-21&xpid=escbSnUlo68E6#customerReviews,"Endo Shoji ATY62030 Commercial Wok, 11.8 inches (30 cm), Titanium, Made in Japan"
B001T19ZEG,,,,
B000N29XW6,,153.28,https://www.amazon.sg/Walkstool-Comfort-Folding-Aluminium-Maximum/dp/B000N29XW6/ref=sr_1_22?dib=eyJ2IjoiMSJ9.G9t9dNoFxOnjZ67sNYp8V2Qu7J0GUJDoZ9zNvGZVYw56hQt2O0hAlvaNqYP6q5BSgknXBZvRNjymoXzIvt3lf6V-ReOYbtXtU3ZDWc52XzJq4fQoPGFyYRFCGcabT0Ct4bgSMAdNJF0yjGlFTMkxbBU4nqRdfAorlvezLY0HbgyR1p1ChqsQg5isMtInub4vtw4UX0c8c7S5UWBtnLgLV3-1_HQmKNcFv3rglbol-qs.iphYyRp_yyuJuzDiVif2eG-CZpMt7Y9vKm6DVaa2Jak&dib_tag=se&m=A32NZN7CIPIXS3&marketplaceID=A19VAU5U5O7RUS&qid=1775512357&refinements=p_36%3A15000-15500&s=merchant-items&sr=1-22&xpid=escbSnUlo68E6#customerReviews,"Walkstool - Comfort Model - Black and Silver - 3-legged folding stool made of aluminum - Height 18"" - 30"" - Folding stool, Capacity 440lbs - 550lbs - Made in Sweden"
B000N29XW6,,,,
B0FN85CLN7,,176.39,https://www.amazon.sg/Black-Diamond-Unisex-Capitan-Climbing/dp/B0FN85CLN7/ref=sr_1_23?dib=eyJ2IjoiMSJ9.G9t9dNoFxOnjZ67sNYp8V2Qu7J0GUJDoZ9zNvGZVYw56hQt2O0hAlvaNqYP6q5BSgknXBZvRNjymoXzIvt3lf6V-ReOYbtXtU3ZDWc52XzJq4fQoPGFyYRFCGcabT0Ct4bgSMAdNJF0yjGlFTMkxbBU4nqRdfAorlvezLY0HbgyR1p1ChqsQg5isMtInub4vtw4UX0c8c7S5UWBtnLgLV3-1_HQmKNcFv3rglbol-qs.iphYyRp_yyuJuzDiVif2eG-CZpMt7Y9vKm6DVaa2Jak&dib_tag=se&m=A32NZN7CIPIXS3&marketplaceID=A19VAU5U5O7RUS&qid=1775512357&refinements=p_36%3A15000-15500&s=merchant-items&sr=1-23&xpid=escbSnUlo68E6,"Black Diamond Unisex - Adult Capitan E Helmet Climbing Helmet, Drifter Blue, M/L"
B0FN85CLN7,,,,
B0DJSHHXLN,,162.65,https://www.amazon.sg/TAMASHII-NATIONS-Beetlejuice-Spirits-S-H-Figuarts/dp/B0DJSHHXLN/ref=sr_1_24?dib=eyJ2IjoiMSJ9.G9t9dNoFxOnjZ67sNYp8V2Qu7J0GUJDoZ9zNvGZVYw56hQt2O0hAlvaNqYP6q5BSgknXBZvRNjymoXzIvt3lf6V-ReOYbtXtU3ZDWc52XzJq4fQoPGFyYRFCGcabT0Ct4bgSMAdNJF0yjGlFTMkxbBU4nqRdfAorlvezLY0HbgyR1p1ChqsQg5isMtInub4vtw4UX0c8c7S5UWBtnLgLV3-1_HQmKNcFv3rglbol-qs.iphYyRp_yyuJuzDiVif2eG-CZpMt7Y9vKm6DVaa2Jak&dib_tag=se&m=A32NZN7CIPIXS3&marketplaceID=A19VAU5U5O7RUS&qid=1775512357&refinements=p_36%3A15000-15500&s=merchant-items&sr=1-24&xpid=escbSnUlo68E6#customerReviews,"TAMASHII NATIONS - Beetlejuice Beetlejuice - Beetlejuice (Beetlejuice), Bandai Spirits S.H.Figuarts Action Figure"
B0CJVG1QZ2,,152.26,https://www.amazon.sg/Chainsaw-BiCute-Bunnies-Figure-Makima/dp/B0CJVG1QZ2/ref=sr_1_25?dib=eyJ2IjoiMSJ9.G9t9dNoFxOnjZ67sNYp8V2Qu7J0GUJDoZ9zNvGZVYw56hQt2O0hAlvaNqYP6q5BSgknXBZvRNjymoXzIvt3lf6V-ReOYbtXtU3ZDWc52XzJq4fQoPGFyYRFCGcabT0Ct4bgSMAdNJF0yjGlFTMkxbBU4nqRdfAorlvezLY0HbgyR1p1ChqsQg5isMtInub4vtw4UX0c8c7S5UWBtnLgLV3-1_HQmKNcFv3rglbol-qs.iphYyRp_yyuJuzDiVif2eG-CZpMt7Y9vKm6DVaa2Jak&dib_tag=se&m=A32NZN7CIPIXS3&marketplaceID=A19VAU5U5O7RUS&qid=1775512357&refinements=p_36%3A15000-15500&s=merchant-items&sr=1-25&xpid=escbSnUlo68E6,Chainsaw Man BiCute Bunnies Figure -Makima-
B0C42BGP74,,153.32,https://www.amazon.sg/Faber-Castell-Ambition-Fountain-Pen-Black/dp/B0C42BGP74/ref=sr_1_26?dib=eyJ2IjoiMSJ9.G9t9dNoFxOnjZ67sNYp8V2Qu7J0GUJDoZ9zNvGZVYw56hQt2O0hAlvaNqYP6q5BSgknXBZvRNjymoXzIvt3lf6V-ReOYbtXtU3ZDWc52XzJq4fQoPGFyYRFCGcabT0Ct4bgSMAdNJF0yjGlFTMkxbBU4nqRdfAorlvezLY0HbgyR1p1ChqsQg5isMtInub4vtw4UX0c8c7S5UWBtnLgLV3-1_HQmKNcFv3rglbol-qs.iphYyRp_yyuJuzDiVif2eG-CZpMt7Y9vKm6DVaa2Jak&dib_tag=se&m=A32NZN7CIPIXS3&marketplaceID=A19VAU5U5O7RUS&qid=1775512357&refinements=p_36%3A15000-15500&s=merchant-items&sr=1-26&xpid=escbSnUlo68E6#customerReviews,"Faber-Castell Ambition Fountain Pen, All Black - Medium"
B0C42BGP74,,,,
B0BMKR2ZX1,,164.98,https://www.amazon.sg/Bandai-Spirits-Ichibansho-Academia-Collectible/dp/B0BMKR2ZX1/ref=sr_1_27?dib=eyJ2IjoiMSJ9.G9t9dNoFxOnjZ67sNYp8V2Qu7J0GUJDoZ9zNvGZVYw56hQt2O0hAlvaNqYP6q5BSgknXBZvRNjymoXzIvt3lf6V-ReOYbtXtU3ZDWc52XzJq4fQoPGFyYRFCGcabT0Ct4bgSMAdNJF0yjGlFTMkxbBU4nqRdfAorlvezLY0HbgyR1p1ChqsQg5isMtInub4vtw4UX0c8c7S5UWBtnLgLV3-1_HQmKNcFv3rglbol-qs.iphYyRp_yyuJuzDiVif2eG-CZpMt7Y9vKm6DVaa2Jak&dib_tag=se&m=A32NZN7CIPIXS3&marketplaceID=A19VAU5U5O7RUS&qid=1775512357&refinements=p_36%3A15000-15500&s=merchant-items&sr=1-27&xpid=escbSnUlo68E6#customerReviews,"Bandai Spirits Ichibansho - My Hero Academia - Endeavor (Will), Collectible Figure"
B0BJJX1HNX,,153.09,https://www.amazon.sg/ROBOCOP-Robocop-Version-Non-scale-Pre-painted/dp/B0BJJX1HNX/ref=sr_1_28?dib=eyJ2IjoiMSJ9.G9t9dNoFxOnjZ67sNYp8V2Qu7J0GUJDoZ9zNvGZVYw56hQt2O0hAlvaNqYP6q5BSgknXBZvRNjymoXzIvt3lf6V-ReOYbtXtU3ZDWc52XzJq4fQoPGFyYRFCGcabT0Ct4bgSMAdNJF0yjGlFTMkxbBU4nqRdfAorlvezLY0HbgyR1p1ChqsQg5isMtInub4vtw4UX0c8c7S5UWBtnLgLV3-1_HQmKNcFv3rglbol-qs.iphYyRp_yyuJuzDiVif2eG-CZpMt7Y9vKm6DVaa2Jak&dib_tag=se&m=A32NZN7CIPIXS3&marketplaceID=A19VAU5U5O7RUS&qid=1775512357&refinements=p_36%3A15000-15500&s=merchant-items&sr=1-28&xpid=escbSnUlo68E6#customerReviews,"MAFEX No.196 ROBOCOP 2 Robocop 2 Murphy Head Version, Total Height Approx. 6.3 inches (160 mm), Non-scale, Pre-painted Action Figure"
B0B4JW9JDK,,151.09,https://www.amazon.sg/COMPANY-Frontline-Serious-Version-Finished/dp/B0B4JW9JDK/ref=sr_1_29?dib=eyJ2IjoiMSJ9.G9t9dNoFxOnjZ67sNYp8V2Qu7J0GUJDoZ9zNvGZVYw56hQt2O0hAlvaNqYP6q5BSgknXBZvRNjymoXzIvt3lf6V-ReOYbtXtU3ZDWc52XzJq4fQoPGFyYRFCGcabT0Ct4bgSMAdNJF0yjGlFTMkxbBU4nqRdfAorlvezLY0HbgyR1p1ChqsQg5isMtInub4vtw4UX0c8c7S5UWBtnLgLV3-1_HQmKNcFv3rglbol-qs.iphYyRp_yyuJuzDiVif2eG-CZpMt7Y9vKm6DVaa2Jak&dib_tag=se&m=A32NZN7CIPIXS3&marketplaceID=A19VAU5U5O7RUS&qid=1775512357&refinements=p_36%3A15000-15500&s=merchant-items&sr=1-29&xpid=escbSnUlo68E6#customerReviews,"GOOD SMILE COMPANY Dolls Frontline VSK 94 Serious Injury Version, 1/6 Scale, Plastic, Painted and Finished Figure"
B08P5KH43H,,163.1,https://www.amazon.sg/Selle-Marco-Aspide-Dynamic-Saddle/dp/B08P5KH43H/ref=sr_1_30?dib=eyJ2IjoiMSJ9.G9t9dNoFxOnjZ67sNYp8V2Qu7J0GUJDoZ9zNvGZVYw56hQt2O0hAlvaNqYP6q5BSgknXBZvRNjymoXzIvt3lf6V-ReOYbtXtU3ZDWc52XzJq4fQoPGFyYRFCGcabT0Ct4bgSMAdNJF0yjGlFTMkxbBU4nqRdfAorlvezLY0HbgyR1p1ChqsQg5isMtInub4vtw4UX0c8c7S5UWBtnLgLV3-1_HQmKNcFv3rglbol-qs.iphYyRp_yyuJuzDiVif2eG-CZpMt7Y9vKm6DVaa2Jak&dib_tag=se&m=A32NZN7CIPIXS3&marketplaceID=A19VAU5U5O7RUS&qid=1775512357&refinements=p_36%3A15000-15500&s=merchant-items&sr=1-30&xpid=escbSnUlo68E6#customerReviews,"Selle San Marco Aspide Short Dynamic Saddle: Black/Black Wide (L3), SMS911MW401"
B08P5KH43H,,,,
B08H6V81W1,,150.14,https://www.amazon.sg/Fender-Power-Supply-Engine-RoomTM/dp/B08H6V81W1/ref=sr_1_31?dib=eyJ2IjoiMSJ9.G9t9dNoFxOnjZ67sNYp8V2Qu7J0GUJDoZ9zNvGZVYw56hQt2O0hAlvaNqYP6q5BSgknXBZvRNjymoXzIvt3lf6V-ReOYbtXtU3ZDWc52XzJq4fQoPGFyYRFCGcabT0Ct4bgSMAdNJF0yjGlFTMkxbBU4nqRdfAorlvezLY0HbgyR1p1ChqsQg5isMtInub4vtw4UX0c8c7S5UWBtnLgLV3-1_HQmKNcFv3rglbol-qs.iphYyRp_yyuJuzDiVif2eG-CZpMt7Y9vKm6DVaa2Jak&dib_tag=se&m=A32NZN7CIPIXS3&marketplaceID=A19VAU5U5O7RUS&qid=1775512357&refinements=p_36%3A15000-15500&s=merchant-items&sr=1-31&xpid=escbSnUlo68E6#customerReviews,"Fender Power Supply Engine Room™ LVL5 Power Supply, 100V JPN Black"
B08H6V81W1,,,,
B081TR8XJF,,153.34,https://www.amazon.sg/82X-Sakura-Collagen-Fermented-Supplements/dp/B081TR8XJF/ref=sr_1_32?dib=eyJ2IjoiMSJ9.G9t9dNoFxOnjZ67sNYp8V2Qu7J0GUJDoZ9zNvGZVYw56hQt2O0hAlvaNqYP6q5BSgknXBZvRNjymoXzIvt3lf6V-ReOYbtXtU3ZDWc52XzJq4fQoPGFyYRFCGcabT0Ct4bgSMAdNJF0yjGlFTMkxbBU4nqRdfAorlvezLY0HbgyR1p1ChqsQg5isMtInub4vtw4UX0c8c7S5UWBtnLgLV3-1_HQmKNcFv3rglbol-qs.iphYyRp_yyuJuzDiVif2eG-CZpMt7Y9vKm6DVaa2Jak&dib_tag=se&m=A32NZN7CIPIXS3&marketplaceID=A19VAU5U5O7RUS&qid=1775512357&refinements=p_36%3A15000-15500&s=merchant-items&sr=1-32&xpid=escbSnUlo68E6#customerReviews,"82X Sakura Collagen - 120,000mg Marine Fish Tuna Collagen Peptides Liquid Drink for Skin Hair Nails from Japan with 82 Fermented Plants, Vitamins, Minerals & Supplements"
B081TR8XJF,,,,
B08123ZNQ6,,152.55,https://www.amazon.sg/Rembrandt-T0583-8691-Watercolor-Special-Effects/dp/B08123ZNQ6/ref=sr_1_33?dib=eyJ2IjoiMSJ9.Zo51pYAS_3QVtgbLOcZg36aE7yzNENNg8L4fOIwlVjSjgrSOmclyRBDfO8l5Ug1oIs6pm71mZ1_DK0XAMU5zUQ.4UuvCupWePQHcOH800pDQlp_YwWolrAjdg1nETIkmZQ&dib_tag=se&m=A32NZN7CIPIXS3&marketplaceID=A19VAU5U5O7RUS&qid=1775512363&refinements=p_36%3A15000-15500&s=merchant-items&sr=1-33&xpid=escbSnUlo68E6#customerReviews,"Tarens Rembrandt T0583-8691 Solid Watercolor Half Pan, Special Effects, Set of 12 Colors"
B07SX4KGHM,,151.29,https://www.amazon.sg/PELICAN-3315C-IECEX-Yellow-Flashlight/dp/B07SX4KGHM/ref=sr_1_34?dib=eyJ2IjoiMSJ9.Zo51pYAS_3QVtgbLOcZg36aE7yzNENNg8L4fOIwlVjSjgrSOmclyRBDfO8l5Ug1oIs6pm71mZ1_DK0XAMU5zUQ.4UuvCupWePQHcOH800pDQlp_YwWolrAjdg1nETIkmZQ&dib_tag=se&m=A32NZN7CIPIXS3&marketplaceID=A19VAU5U5O7RUS&qid=1775512363&refinements=p_36%3A15000-15500&s=merchant-items&sr=1-34&xpid=escbSnUlo68E6#customerReviews,PELICAN 3315C LED 3AA LED UL/IECEX Yellow Flashlight 1/EA
B07SX4KGHM,,,,
B07NBV3T98,,161.35,https://www.amazon.sg/TAMIYA-America-T3-01-Rider-TAM57407/dp/B07NBV3T98/ref=sr_1_35?dib=eyJ2IjoiMSJ9.Zo51pYAS_3QVtgbLOcZg36aE7yzNENNg8L4fOIwlVjSjgrSOmclyRBDfO8l5Ug1oIs6pm71mZ1_DK0XAMU5zUQ.4UuvCupWePQHcOH800pDQlp_YwWolrAjdg1nETIkmZQ&dib_tag=se&m=A32NZN7CIPIXS3&marketplaceID=A19VAU5U5O7RUS&qid=1775512363&refinements=p_36%3A15000-15500&s=merchant-items&sr=1-35&xpid=escbSnUlo68E6#customerReviews,"TAMIYA America, Inc 1/8 T3-01 Dual Rider Trike Kit, TAM57407"
B07NBV3T98,,,,
B07MM9ZBGM,,153.43,https://www.amazon.sg/Makita-DF033DZ-Rechargeable-Driver-Drill/dp/B07MM9ZBGM/ref=sr_1_36?dib=eyJ2IjoiMSJ9.Zo51pYAS_3QVtgbLOcZg36aE7yzNENNg8L4fOIwlVjSjgrSOmclyRBDfO8l5Ug1oIs6pm71mZ1_DK0XAMU5zUQ.4UuvCupWePQHcOH800pDQlp_YwWolrAjdg1nETIkmZQ&dib_tag=se&m=A32NZN7CIPIXS3&marketplaceID=A19VAU5U5O7RUS&qid=1775512363&refinements=p_36%3A15000-15500&s=merchant-items&sr=1-36&xpid=escbSnUlo68E6#customerReviews,Makita DF033DZ Rechargeable Driver Drill (Main Unit Only)
B07MM9ZBGM,,,,
B07M9N4FSY,,154.81,https://www.amazon.sg/DMC-Elite-2-Fins-Jade/dp/B07M9N4FSY/ref=sr_1_37?dib=eyJ2IjoiMSJ9.Zo51pYAS_3QVtgbLOcZg36aE7yzNENNg8L4fOIwlVjSjgrSOmclyRBDfO8l5Ug1oIs6pm71mZ1_DK0XAMU5zUQ.4UuvCupWePQHcOH800pDQlp_YwWolrAjdg1nETIkmZQ&dib_tag=se&m=A32NZN7CIPIXS3&marketplaceID=A19VAU5U5O7RUS&qid=1775512363&refinements=p_36%3A15000-15500&s=merchant-items&sr=1-37&xpid=escbSnUlo68E6#customerReviews,DMC Elite 2 Fins Jade
B07M9N4FSY,,,,
B07F2W9XSM,,176.46,https://www.amazon.sg/ENGINEER-PAD-02-Crimpers-interchangeable-combined/dp/B07F2W9XSM/ref=sr_1_33?dib=eyJ2IjoiMSJ9.-3uO40kumQlNgtC47slMtLA1wy1ECkyU-1VyGRBTHJkE2aiwV862LwnZ4fFcbDv1dXCFxCqLtt4r7HIeueXAMI1XGk0BkqA59BCZJyKZ-ixPspmX9me0D99DhkCcL-WZu97pxh96LcyxYssZay4InhXXegjw00G9XtE_YBdwtQ0.a_XRMVRDIKNtUNxf0toLMuR-ld4zY7x-9c-bF80p1Vo&dib_tag=se&m=A32NZN7CIPIXS3&marketplaceID=A19VAU5U5O7RUS&qid=1775512363&refinements=p_36%3A15000-15500&s=merchant-items&sr=1-33&xpid=escbSnUlo68E6#customerReviews,"ENGINEER PAD-02 Handy Crimp Tool kit with Precise Crimpers (interchangeable) and plastic parts box combined in a stylish carrying case, Made in Japan"
B07F2W9XSM,,,,
B00O4JXOJM,,151.24,https://www.amazon.sg/5-11-Womens-Sierra-Soft-Shell-Jacket/dp/B00O4JXOJM/ref=sr_1_34?dib=eyJ2IjoiMSJ9.-3uO40kumQlNgtC47slMtLA1wy1ECkyU-1VyGRBTHJkE2aiwV862LwnZ4fFcbDv1dXCFxCqLtt4r7HIeueXAMI1XGk0BkqA59BCZJyKZ-ixPspmX9me0D99DhkCcL-WZu97pxh96LcyxYssZay4InhXXegjw00G9XtE_YBdwtQ0.a_XRMVRDIKNtUNxf0toLMuR-ld4zY7x-9c-bF80p1Vo&dib_tag=se&m=A32NZN7CIPIXS3&marketplaceID=A19VAU5U5O7RUS&qid=1775512363&refinements=p_36%3A15000-15500&s=merchant-items&sr=1-34&xpid=escbSnUlo68E6#customerReviews,"5.11 Tactical Women's Sierra Softshell Jacket, 100% Polyester, Micro-Fleece Inner, Style 38068"
B00O4JXOJM,,,,
B00MOAM3P4,,154.31,https://www.amazon.sg/AKG-Project-P170-Condenser-Microphone/dp/B00MOAM3P4/ref=sr_1_35?dib=eyJ2IjoiMSJ9.-3uO40kumQlNgtC47slMtLA1wy1ECkyU-1VyGRBTHJkE2aiwV862LwnZ4fFcbDv1dXCFxCqLtt4r7HIeueXAMI1XGk0BkqA59BCZJyKZ-ixPspmX9me0D99DhkCcL-WZu97pxh96LcyxYssZay4InhXXegjw00G9XtE_YBdwtQ0.a_XRMVRDIKNtUNxf0toLMuR-ld4zY7x-9c-bF80p1Vo&dib_tag=se&m=A32NZN7CIPIXS3&marketplaceID=A19VAU5U5O7RUS&qid=1775512363&refinements=p_36%3A15000-15500&s=merchant-items&sr=1-35&xpid=escbSnUlo68E6#customerReviews,"AKG Project Studio Line P170 Condenser Microphone, Black Body"
B00MOAM3P4,,,,
B00CHJDLLC,,156.7,https://www.amazon.sg/51461-21800P-Pattern-Blossom-Saucers-Included/dp/B00CHJDLLC/ref=sr_1_36?dib=eyJ2IjoiMSJ9.-3uO40kumQlNgtC47slMtLA1wy1ECkyU-1VyGRBTHJkE2aiwV862LwnZ4fFcbDv1dXCFxCqLtt4r7HIeueXAMI1XGk0BkqA59BCZJyKZ-ixPspmX9me0D99DhkCcL-WZu97pxh96LcyxYssZay4InhXXegjw00G9XtE_YBdwtQ0.a_XRMVRDIKNtUNxf0toLMuR-ld4zY7x-9c-bF80p1Vo&dib_tag=se&m=A32NZN7CIPIXS3&marketplaceID=A19VAU5U5O7RUS&qid=1775512363&refinements=p_36%3A15000-15500&s=merchant-items&sr=1-36&xpid=escbSnUlo68E6#customerReviews,"Narumi 51461-21800P Milano Bianca Cup and Saucer Set, 8.3 fl oz (210 cc), White, Floral Pattern, Plum Blossom, Pair of Tea Coffee Cups & Saucers, Cute, Stylish, Wedding Gift, Gift Box Included"
B00CHJDLLC,,,,
B07W5PX1QP,,150.53,https://www.amazon.sg/LEGO-Friends-41395-Friendship-Building/dp/B07W5PX1QP/ref=sr_1_37?dib=eyJ2IjoiMSJ9.-3uO40kumQlNgtC47slMtLA1wy1ECkyU-1VyGRBTHJkE2aiwV862LwnZ4fFcbDv1dXCFxCqLtt4r7HIeueXAMI1XGk0BkqA59BCZJyKZ-ixPspmX9me0D99DhkCcL-WZu97pxh96LcyxYssZay4InhXXegjw00G9XtE_YBdwtQ0.a_XRMVRDIKNtUNxf0toLMuR-ld4zY7x-9c-bF80p1Vo&dib_tag=se&m=A32NZN7CIPIXS3&marketplaceID=A19VAU5U5O7RUS&qid=1775512363&refinements=p_36%3A15000-15500&s=merchant-items&sr=1-37&xpid=escbSnUlo68E6#customerReviews,LEGO Friends 41395 Friendship Bus Building Kit (778 Pieces)
B07HHBBG25,,151.05,https://www.amazon.sg/MAFEX-VENOM-Action-Figure-No-088/dp/B07HHBBG25/ref=sr_1_38?dib=eyJ2IjoiMSJ9.-3uO40kumQlNgtC47slMtLA1wy1ECkyU-1VyGRBTHJkE2aiwV862LwnZ4fFcbDv1dXCFxCqLtt4r7HIeueXAMI1XGk0BkqA59BCZJyKZ-ixPspmX9me0D99DhkCcL-WZu97pxh96LcyxYssZay4InhXXegjw00G9XtE_YBdwtQ0.a_XRMVRDIKNtUNxf0toLMuR-ld4zY7x-9c-bF80p1Vo&dib_tag=se&m=A32NZN7CIPIXS3&marketplaceID=A19VAU5U5O7RUS&qid=1775512363&refinements=p_36%3A15000-15500&s=merchant-items&sr=1-38&xpid=escbSnUlo68E6#customerReviews,MAFEX VENOM (COMIC Ver.) Venom Action Figure No.088
B01LZBF9GJ,,150.74,https://www.amazon.sg/Butterfly-Innerforce-Layer-ALC-S-Tennis/dp/B01LZBF9GJ/ref=sr_1_39?dib=eyJ2IjoiMSJ9.-3uO40kumQlNgtC47slMtLA1wy1ECkyU-1VyGRBTHJkE2aiwV862LwnZ4fFcbDv1dXCFxCqLtt4r7HIeueXAMI1XGk0BkqA59BCZJyKZ-ixPspmX9me0D99DhkCcL-WZu97pxh96LcyxYssZay4InhXXegjw00G9XtE_YBdwtQ0.a_XRMVRDIKNtUNxf0toLMuR-ld4zY7x-9c-bF80p1Vo&dib_tag=se&m=A32NZN7CIPIXS3&marketplaceID=A19VAU5U5O7RUS&qid=1775512363&refinements=p_36%3A15000-15500&s=merchant-items&sr=1-39&xpid=escbSnUlo68E6#customerReviews,"Butterfly Innerforce Layer ALC.S Table Tennis Blade - ALC Fiber Blade - Professional Butterfly Table Tennis Blade - Available in AN, FL, and ST Shakehand Handle Styles - Made in Japan."
B01LZBF9GJ,,,,
B00TI6KW50,,154.36,https://www.amazon.sg/secret-Sylvanian-Families-Seaside-Adventure/dp/B00TI6KW50/ref=sr_1_40?dib=eyJ2IjoiMSJ9.-3uO40kumQlNgtC47slMtLA1wy1ECkyU-1VyGRBTHJkE2aiwV862LwnZ4fFcbDv1dXCFxCqLtt4r7HIeueXAMI1XGk0BkqA59BCZJyKZ-ixPspmX9me0D99DhkCcL-WZu97pxh96LcyxYssZay4InhXXegjw00G9XtE_YBdwtQ0.a_XRMVRDIKNtUNxf0toLMuR-ld4zY7x-9c-bF80p1Vo&dib_tag=se&m=A32NZN7CIPIXS3&marketplaceID=A19VAU5U5O7RUS&qid=1775512363&refinements=p_36%3A15000-15500&s=merchant-items&sr=1-40&xpid=escbSnUlo68E6#customerReviews,House of the secret of Sylvanian Families Seaside series Adventure Island
B08LN2RMSZ,,153.1,https://www.amazon.sg/Final-Isolating-Precision-Natural-Earphones/dp/B08LN2RMSZ/ref=sr_1_41?dib=eyJ2IjoiMSJ9.-3uO40kumQlNgtC47slMtLA1wy1ECkyU-1VyGRBTHJkE2aiwV862LwnZ4fFcbDv1dXCFxCqLtt4r7HIeueXAMI1XGk0BkqA59BCZJyKZ-ixPspmX9me0D99DhkCcL-WZu97pxh96LcyxYssZay4InhXXegjw00G9XtE_YBdwtQ0.a_XRMVRDIKNtUNxf0toLMuR-ld4zY7x-9c-bF80p1Vo&dib_tag=se&m=A32NZN7CIPIXS3&marketplaceID=A19VAU5U5O7RUS&qid=1775512363&refinements=p_36%3A15000-15500&s=merchant-items&sr=1-41&xpid=escbSnUlo68E6#customerReviews,Final A3000 in-Ear Wired Noise Isolating High Precision Natural Sound Earphones
B08LN2RMSZ,,,,
B0BY1V6HV2,,162.13,https://www.amazon.sg/Nittaku-NC0489-Tennis-Xiaogene-Straight/dp/B0BY1V6HV2/ref=sr_1_42?dib=eyJ2IjoiMSJ9.-3uO40kumQlNgtC47slMtLA1wy1ECkyU-1VyGRBTHJkE2aiwV862LwnZ4fFcbDv1dXCFxCqLtt4r7HIeueXAMI1XGk0BkqA59BCZJyKZ-ixPspmX9me0D99DhkCcL-WZu97pxh96LcyxYssZay4InhXXegjw00G9XtE_YBdwtQ0.a_XRMVRDIKNtUNxf0toLMuR-ld4zY7x-9c-bF80p1Vo&dib_tag=se&m=A32NZN7CIPIXS3&marketplaceID=A19VAU5U5O7RUS&qid=1775512363&refinements=p_36%3A15000-15500&s=merchant-items&sr=1-42&xpid=escbSnUlo68E6#customerReviews,Nittaku Table Tennis Racket Shake Hand Xiaoflame
B0BY1V6HV2,,,,
B003F63XN2,,153.11,https://www.amazon.sg/HOZAN-Electrical-Demagnetizer-HC-31-220-Japan/dp/B003F63XN2/ref=sr_1_43?dib=eyJ2IjoiMSJ9.-3uO40kumQlNgtC47slMtLA1wy1ECkyU-1VyGRBTHJkE2aiwV862LwnZ4fFcbDv1dXCFxCqLtt4r7HIeueXAMI1XGk0BkqA59BCZJyKZ-ixPspmX9me0D99DhkCcL-WZu97pxh96LcyxYssZay4InhXXegjw00G9XtE_YBdwtQ0.a_XRMVRDIKNtUNxf0toLMuR-ld4zY7x-9c-bF80p1Vo&dib_tag=se&m=A32NZN7CIPIXS3&marketplaceID=A19VAU5U5O7RUS&qid=1775512363&refinements=p_36%3A15000-15500&s=merchant-items&sr=1-43&xpid=escbSnUlo68E6#customerReviews,HOZAN Electrical Demagnetizer HC-31-220 (Japan Import)
B003F63XN2,,,,
B000LVNR08,,152.42,https://www.amazon.sg/WMF-Handle-Complete-Perfect-Plastic/dp/B000LVNR08/ref=sr_1_49?dib=eyJ2IjoiMSJ9.7N2ZsPeCffM9cl-h6wb2Ia8on0ff-FfylPRN9BlliN3AlDhcSocC9sKDceLeQd4MYY0CliurxL_UnbPDxf8hhg.PL1BNI8pg6qzdO9mrZPzqnrZ_QaH2BPFotfJe7yHKaM&dib_tag=se&m=A32NZN7CIPIXS3&marketplaceID=A19VAU5U5O7RUS&qid=1775512368&refinements=p_36%3A15000-15500&s=merchant-items&sr=1-49&xpid=escbSnUlo68E6#customerReviews,WMF Spare Part Lid Handle Complete Perfect Plus Black Plastic
B000LVNR08,,,,
B001TDJSIW,,152.35,https://www.amazon.sg/Karugaru-Cutting-Board-500-Blue/dp/B001TDJSIW/ref=sr_1_50?dib=eyJ2IjoiMSJ9.7N2ZsPeCffM9cl-h6wb2Ia8on0ff-FfylPRN9BlliN3AlDhcSocC9sKDceLeQd4MYY0CliurxL_UnbPDxf8hhg.PL1BNI8pg6qzdO9mrZPzqnrZ_QaH2BPFotfJe7yHKaM&dib_tag=se&m=A32NZN7CIPIXS3&marketplaceID=A19VAU5U5O7RUS&qid=1775512368&refinements=p_36%3A15000-15500&s=merchant-items&sr=1-50&xpid=escbSnUlo68E6#customerReviews,Karugaru Cutting Board SD 500 x 300 x 20 Blue
B001TDJSIW,,,,
B08292BV34,,155.59,https://www.amazon.sg/Snow-Peak-BG-100-Stove-Bag/dp/B08292BV34/ref=sr_1_51?dib=eyJ2IjoiMSJ9.7N2ZsPeCffM9cl-h6wb2Ia8on0ff-FfylPRN9BlliN3AlDhcSocC9sKDceLeQd4MYY0CliurxL_UnbPDxf8hhg.PL1BNI8pg6qzdO9mrZPzqnrZ_QaH2BPFotfJe7yHKaM&dib_tag=se&m=A32NZN7CIPIXS3&marketplaceID=A19VAU5U5O7RUS&qid=1775512368&refinements=p_36%3A15000-15500&s=merchant-items&sr=1-51&xpid=escbSnUlo68E6#customerReviews,Snow Peak BG-100 Stove Bag
B08292BV34,,,,
B076DBK53X,,152.75,https://www.amazon.sg/KINTO-21233-Teapot-Strainer-Dishwasher/dp/B076DBK53X/ref=sr_1_52?dib=eyJ2IjoiMSJ9.7N2ZsPeCffM9cl-h6wb2Ia8on0ff-FfylPRN9BlliN3AlDhcSocC9sKDceLeQd4MYY0CliurxL_UnbPDxf8hhg.PL1BNI8pg6qzdO9mrZPzqnrZ_QaH2BPFotfJe7yHKaM&dib_tag=se&m=A32NZN7CIPIXS3&marketplaceID=A19VAU5U5O7RUS&qid=1775512368&refinements=p_36%3A15000-15500&s=merchant-items&sr=1-52&xpid=escbSnUlo68E6#customerReviews,KINTO LT 21233 Teapot 21233 600ml Black with Strainer Dishwasher Safe
B076DBK53X,,,,
B002YKR6FQ,,207.37,https://www.amazon.sg/AO-Coolers-Original-High-Density-Insulation/dp/B002YKR6FQ/ref=sr_1_53?dib=eyJ2IjoiMSJ9.7N2ZsPeCffM9cl-h6wb2Ia8on0ff-FfylPRN9BlliN3AlDhcSocC9sKDceLeQd4MYY0CliurxL_UnbPDxf8hhg.PL1BNI8pg6qzdO9mrZPzqnrZ_QaH2BPFotfJe7yHKaM&dib_tag=se&m=A32NZN7CIPIXS3&marketplaceID=A19VAU5U5O7RUS&qid=1775512368&refinements=p_36%3A15000-15500&s=merchant-items&sr=1-53&xpid=escbSnUlo68E6#customerReviews,AO Coolers Original Soft Cooler with High-Density Insulation
B002YKR6FQ,,,,
B0DDTRCJW7,,151.83,https://www.amazon.sg/Skechers-Hands-Slip-ins-Now-Payton-Sneaker/dp/B0DDTRCJW7/ref=sr_1_49?dib=eyJ2IjoiMSJ9.7pUVB2ZynXD8n-JSjZEOiQmoD94rrORtDMX_8fXJIMgJk-l0nIRrSyV8lH2l6LL9YBBF2BXgMtcWyx2Ag5atYF3a5Hhm5yiX4ahkc9Lftke_wuigCmuCZfsf5VbDsRpkj0_oEnYsV77cb4ItYWJGRZ4BuNOtMn2i7tJUijLNpJQ.7r7zzvMINHuVq7CtYrQQG0dP1JEXCV4HO7lm8qd7Cpc&dib_tag=se&m=A32NZN7CIPIXS3&marketplaceID=A19VAU5U5O7RUS&qid=1775512368&refinements=p_36%3A15000-15500&s=merchant-items&sr=1-49&xpid=escbSnUlo68E6#customerReviews,Skechers mens Skechers Men's Hands Free Slip-ins Go Walk Now - Payton SneakerSneaker
B0D7P5N6K8,,153.54,https://www.amazon.sg/BJGB74440-Baseball-Glove-All-round-Pastel/dp/B0D7P5N6K8/ref=sr_1_50?dib=eyJ2IjoiMSJ9.7pUVB2ZynXD8n-JSjZEOiQmoD94rrORtDMX_8fXJIMgJk-l0nIRrSyV8lH2l6LL9YBBF2BXgMtcWyx2Ag5atYF3a5Hhm5yiX4ahkc9Lftke_wuigCmuCZfsf5VbDsRpkj0_oEnYsV77cb4ItYWJGRZ4BuNOtMn2i7tJUijLNpJQ.7r7zzvMINHuVq7CtYrQQG0dP1JEXCV4HO7lm8qd7Cpc&dib_tag=se&m=A32NZN7CIPIXS3&marketplaceID=A19VAU5U5O7RUS&qid=1775512368&refinements=p_36%3A15000-15500&s=merchant-items&sr=1-50&xpid=escbSnUlo68E6#customerReviews,ゼット(ZETT) 少年野球 軟式 グラブ(グローブ) ソフトステア オールラウンド用 サイズ:L BJGB74440
B0D7P5N6K8,,,,
B0D35SQVMF,,150.13,https://www.amazon.sg/Tomytec-Abunai-figurine-Figma-Oshita/dp/B0D35SQVMF/ref=sr_1_51?dib=eyJ2IjoiMSJ9.7pUVB2ZynXD8n-JSjZEOiQmoD94rrORtDMX_8fXJIMgJk-l0nIRrSyV8lH2l6LL9YBBF2BXgMtcWyx2Ag5atYF3a5Hhm5yiX4ahkc9Lftke_wuigCmuCZfsf5VbDsRpkj0_oEnYsV77cb4ItYWJGRZ4BuNOtMn2i7tJUijLNpJQ.7r7zzvMINHuVq7CtYrQQG0dP1JEXCV4HO7lm8qd7Cpc&dib_tag=se&m=A32NZN7CIPIXS3&marketplaceID=A19VAU5U5O7RUS&qid=1775512368&refinements=p_36%3A15000-15500&s=merchant-items&sr=1-51&xpid=escbSnUlo68E6#customerReviews,Tomytec Abunai Deka figurine Figma Yuji Oshita: Another Color Ver. 16 cm
B0CNSRTR89,,151.83,https://www.amazon.sg/Outdoor-Research-Gaiters-Classic-Crocodile/dp/B0CNSRTR89/ref=sr_1_52?dib=eyJ2IjoiMSJ9.7pUVB2ZynXD8n-JSjZEOiQmoD94rrORtDMX_8fXJIMgJk-l0nIRrSyV8lH2l6LL9YBBF2BXgMtcWyx2Ag5atYF3a5Hhm5yiX4ahkc9Lftke_wuigCmuCZfsf5VbDsRpkj0_oEnYsV77cb4ItYWJGRZ4BuNOtMn2i7tJUijLNpJQ.7r7zzvMINHuVq7CtYrQQG0dP1JEXCV4HO7lm8qd7Cpc&dib_tag=se&m=A32NZN7CIPIXS3&marketplaceID=A19VAU5U5O7RUS&qid=1775512368&refinements=p_36%3A15000-15500&s=merchant-items&sr=1-52&xpid=escbSnUlo68E6#customerReviews,Outdoor Research Men's Crocodile Classic Gaiters
B0CNSRTR89,,,,
B0CH2L6RMD,,154.0,https://www.amazon.sg/Kenko-549742-Rotating-Mechanism-Oleophobic/dp/B0CH2L6RMD/ref=sr_1_53?dib=eyJ2IjoiMSJ9.7pUVB2ZynXD8n-JSjZEOiQmoD94rrORtDMX_8fXJIMgJk-l0nIRrSyV8lH2l6LL9YBBF2BXgMtcWyx2Ag5atYF3a5Hhm5yiX4ahkc9Lftke_wuigCmuCZfsf5VbDsRpkj0_oEnYsV77cb4ItYWJGRZ4BuNOtMn2i7tJUijLNpJQ.7r7zzvMINHuVq7CtYrQQG0dP1JEXCV4HO7lm8qd7Cpc&dib_tag=se&m=A32NZN7CIPIXS3&marketplaceID=A19VAU5U5O7RUS&qid=1775512368&refinements=p_36%3A15000-15500&s=merchant-items&sr=1-53&xpid=escbSnUlo68E6#customerReviews,"Kenko 549742 Anamo Flare Lens Filter, Red, 3.2 inches (82 mm), Light Effect, Rotating Mechanism, Water and Oleophobic Coat, Made in Japan"
B0CH2L6RMD,,,,
B0CGHH25MH,No Operating System,154.93,https://www.amazon.sg/Kotobukiya-ARTIST-SUPPORT-Scale-White/dp/B0CGHH25MH/ref=sr_1_54?dib=eyJ2IjoiMSJ9.7pUVB2ZynXD8n-JSjZEOiQmoD94rrORtDMX_8fXJIMgJk-l0nIRrSyV8lH2l6LL9YBBF2BXgMtcWyx2Ag5atYF3a5Hhm5yiX4ahkc9Lftke_wuigCmuCZfsf5VbDsRpkj0_oEnYsV77cb4ItYWJGRZ4BuNOtMn2i7tJUijLNpJQ.7r7zzvMINHuVq7CtYrQQG0dP1JEXCV4HO7lm8qd7Cpc&dib_tag=se&m=A32NZN7CIPIXS3&marketplaceID=A19VAU5U5O7RUS&qid=1775512368&refinements=p_36%3A15000-15500&s=merchant-items&sr=1-54&xpid=escbSnUlo68E6#customerReviews,Kotobukiya ARTIST SUPPORT ITEM 1/1 Scale Hand Model R -White
B0C1Y8GQTT,,163.03,https://www.amazon.sg/SSSS-DYNAZENON-Musina-Non-Scale-Painted-Complete/dp/B0C1Y8GQTT/ref=sr_1_55?dib=eyJ2IjoiMSJ9.7pUVB2ZynXD8n-JSjZEOiQmoD94rrORtDMX_8fXJIMgJk-l0nIRrSyV8lH2l6LL9YBBF2BXgMtcWyx2Ag5atYF3a5Hhm5yiX4ahkc9Lftke_wuigCmuCZfsf5VbDsRpkj0_oEnYsV77cb4ItYWJGRZ4BuNOtMn2i7tJUijLNpJQ.7r7zzvMINHuVq7CtYrQQG0dP1JEXCV4HO7lm8qd7Cpc&dib_tag=se&m=A32NZN7CIPIXS3&marketplaceID=A19VAU5U5O7RUS&qid=1775512368&refinements=p_36%3A15000-15500&s=merchant-items&sr=1-55&xpid=escbSnUlo68E6#customerReviews,SSSS.DYNAZENON Musina Non-Scale PVC & ABS Painted Complete Figure
B0C1W93WS2,,153.83,https://www.amazon.sg/TAMA-Microphone-Telescoping-Boom-Clamp/dp/B0C1W93WS2/ref=sr_1_56?dib=eyJ2IjoiMSJ9.7pUVB2ZynXD8n-JSjZEOiQmoD94rrORtDMX_8fXJIMgJk-l0nIRrSyV8lH2l6LL9YBBF2BXgMtcWyx2Ag5atYF3a5Hhm5yiX4ahkc9Lftke_wuigCmuCZfsf5VbDsRpkj0_oEnYsV77cb4ItYWJGRZ4BuNOtMn2i7tJUijLNpJQ.7r7zzvMINHuVq7CtYrQQG0dP1JEXCV4HO7lm8qd7Cpc&dib_tag=se&m=A32NZN7CIPIXS3&marketplaceID=A19VAU5U5O7RUS&qid=1775512368&refinements=p_36%3A15000-15500&s=merchant-items&sr=1-56&xpid=escbSnUlo68E6#customerReviews,TAMA Microphone Telescoping Boom Arm with Clamp
B0C1W93WS2,,,,
B0BSXFKVZD,,151.48,https://www.amazon.sg/COMPANY-Atelier-Lizarin-Hundred-Finished/dp/B0BSXFKVZD/ref=sr_1_57?dib=eyJ2IjoiMSJ9.7pUVB2ZynXD8n-JSjZEOiQmoD94rrORtDMX_8fXJIMgJk-l0nIRrSyV8lH2l6LL9YBBF2BXgMtcWyx2Ag5atYF3a5Hhm5yiX4ahkc9Lftke_wuigCmuCZfsf5VbDsRpkj0_oEnYsV77cb4ItYWJGRZ4BuNOtMn2i7tJUijLNpJQ.7r7zzvMINHuVq7CtYrQQG0dP1JEXCV4HO7lm8qd7Cpc&dib_tag=se&m=A32NZN7CIPIXS3&marketplaceID=A19VAU5U5O7RUS&qid=1775512368&refinements=p_36%3A15000-15500&s=merchant-items&sr=1-57&xpid=escbSnUlo68E6#customerReviews,"GOOD SMILE COMPANY Atelier 2 Lost Lost Lore and Secret Fairy Lizarin Stout Hundred Summer Dresses, 1/6 Scale, Plastic, Painted Finished Figure"
B0BQHJYPMG,,154.62,https://www.amazon.sg/China-san-4589642714477-Non-scale-Painted-Finished/dp/B0BQHJYPMG/ref=sr_1_58?dib=eyJ2IjoiMSJ9.7pUVB2ZynXD8n-JSjZEOiQmoD94rrORtDMX_8fXJIMgJk-l0nIRrSyV8lH2l6LL9YBBF2BXgMtcWyx2Ag5atYF3a5Hhm5yiX4ahkc9Lftke_wuigCmuCZfsf5VbDsRpkj0_oEnYsV77cb4ItYWJGRZ4BuNOtMn2i7tJUijLNpJQ.7r7zzvMINHuVq7CtYrQQG0dP1JEXCV4HO7lm8qd7Cpc&dib_tag=se&m=A32NZN7CIPIXS3&marketplaceID=A19VAU5U5O7RUS&qid=1775512368&refinements=p_36%3A15000-15500&s=merchant-items&sr=1-58&xpid=escbSnUlo68E6#customerReviews,"Hayabu Silast ""Black China-san"" 4589642714477, Non-scale, PVC & ABS, Painted Finished Figure, Black, Total Height: Approx. 9.8 inches (250 mm)"
B0BNJY7ZVM,,152.25,https://www.amazon.sg/BANDAI-Hobby-Braves-GaoGaiGar-Gordymarg/dp/B0BNJY7ZVM/ref=sr_1_59?dib=eyJ2IjoiMSJ9.7pUVB2ZynXD8n-JSjZEOiQmoD94rrORtDMX_8fXJIMgJk-l0nIRrSyV8lH2l6LL9YBBF2BXgMtcWyx2Ag5atYF3a5Hhm5yiX4ahkc9Lftke_wuigCmuCZfsf5VbDsRpkj0_oEnYsV77cb4ItYWJGRZ4BuNOtMn2i7tJUijLNpJQ.7r7zzvMINHuVq7CtYrQQG0dP1JEXCV4HO7lm8qd7Cpc&dib_tag=se&m=A32NZN7CIPIXS3&marketplaceID=A19VAU5U5O7RUS&qid=1775512368&refinements=p_36%3A15000-15500&s=merchant-items&sr=1-59&xpid=escbSnUlo68E6#customerReviews,BANDAI Hobby - The King of Braves GaoGaiGar RG Gordymarg Model Kit
B0BM3HS939,,152.45,https://www.amazon.sg/BIGFIREBIRD-Science-Sunflower-Silicone-Pre-Painted/dp/B0BM3HS939/ref=sr_1_65?dib=eyJ2IjoiMSJ9.Fkki2gSojs6j0vGH5ECPpbhgMTSb-x4BT4sdzqIq23su4iSNeEfDgpYygL2uR_evBTurFNr2jm5kboFK4Sr0Xg.BjptoQyxx6TumoerbogkxE6hR0h8EPsf30fgytJbSMs&dib_tag=se&m=A32NZN7CIPIXS3&marketplaceID=A19VAU5U5O7RUS&qid=1775512373&refinements=p_36%3A15000-15500&s=merchant-items&sr=1-65&xpid=escbSnUlo68E6,BIGFIREBIRD BUILD Science Cat Lady Team 001 Sunflower 1/9 Scale PVC & ABS & POM Alloy & Silicone Pre-Painted Action Figure
B0BJZNQ8ZR,,153.83,https://www.amazon.sg/Barebones-Fouraging-Dark-Khaki-20232025037000/dp/B0BJZNQ8ZR/ref=sr_1_66?dib=eyJ2IjoiMSJ9.Fkki2gSojs6j0vGH5ECPpbhgMTSb-x4BT4sdzqIq23su4iSNeEfDgpYygL2uR_evBTurFNr2jm5kboFK4Sr0Xg.BjptoQyxx6TumoerbogkxE6hR0h8EPsf30fgytJbSMs&dib_tag=se&m=A32NZN7CIPIXS3&marketplaceID=A19VAU5U5O7RUS&qid=1775512373&refinements=p_36%3A15000-15500&s=merchant-items&sr=1-66&xpid=escbSnUlo68E6#customerReviews,Barebones Fouraging Bag Dark Khaki 20232025037000
B0BJZNQ8ZR,,,,
B0BC9XX274,,152.06,https://www.amazon.sg/Club-3D-DisplayPort-4K60Hz-CSV-1598/dp/B0BC9XX274/ref=sr_1_67?dib=eyJ2IjoiMSJ9.Fkki2gSojs6j0vGH5ECPpbhgMTSb-x4BT4sdzqIq23su4iSNeEfDgpYygL2uR_evBTurFNr2jm5kboFK4Sr0Xg.BjptoQyxx6TumoerbogkxE6hR0h8EPsf30fgytJbSMs&dib_tag=se&m=A32NZN7CIPIXS3&marketplaceID=A19VAU5U5O7RUS&qid=1775512373&refinements=p_36%3A15000-15500&s=merchant-items&sr=1-67&xpid=escbSnUlo68E6#customerReviews,Club 3D USB Gen2 Type C 7-in-1 Hub to 2x DisplayPort 4K60Hz / 2x USB A / RJ45 / USB C 10Gbps / USB C PD3.0 100W (CSV-1598)
B0BC9XX274,,,,
B0BC9BQ6XF,,157.76,https://www.amazon.sg/Figuarts-Gomora-Approx-inches-Pre-painted/dp/B0BC9BQ6XF/ref=sr_1_68?dib=eyJ2IjoiMSJ9.Fkki2gSojs6j0vGH5ECPpbhgMTSb-x4BT4sdzqIq23su4iSNeEfDgpYygL2uR_evBTurFNr2jm5kboFK4Sr0Xg.BjptoQyxx6TumoerbogkxE6hR0h8EPsf30fgytJbSMs&dib_tag=se&m=A32NZN7CIPIXS3&marketplaceID=A19VAU5U5O7RUS&qid=1775512373&refinements=p_36%3A15000-15500&s=merchant-items&sr=1-68&xpid=escbSnUlo68E6#customerReviews,"S.H. Figuarts Gomora, Approx. 6.3 inches (160 mm), ABS & PVC Pre-painted Action Figure"
B0BBYBF6T9,,150.61,https://www.amazon.sg/Nendoroid-Mikasa-Ackerman-Final-Season/dp/B0BBYBF6T9/ref=sr_1_69?dib=eyJ2IjoiMSJ9.Fkki2gSojs6j0vGH5ECPpbhgMTSb-x4BT4sdzqIq23su4iSNeEfDgpYygL2uR_evBTurFNr2jm5kboFK4Sr0Xg.BjptoQyxx6TumoerbogkxE6hR0h8EPsf30fgytJbSMs&dib_tag=se&m=A32NZN7CIPIXS3&marketplaceID=A19VAU5U5O7RUS&qid=1775512373&refinements=p_36%3A15000-15500&s=merchant-items&sr=1-69&xpid=escbSnUlo68E6#customerReviews,Nendoroid Mikasa Ackerman: The Final Season Ver.
B0B5SPYRF9,,151.61,https://www.amazon.sg/Megami-Device-KP681-Emperor-Susanoo/dp/B0B5SPYRF9/ref=sr_1_65?dib=eyJ2IjoiMSJ9.VsKC9sGfE538QWEjfaBijzmwSbfkp_s_iAbBh8rL1mQRydcgX2R2kn1ZdkRVaDguEOTHQNMdgRDTp2wro1YHO1mU_dnD6eBV1joCkAlDvQ1rzQMxvcB3JMym4-aBv8SBX6CWhpvDyieFNSfN7chA0UZ0SbYQmbd7ik6opytKn-k.lMy5sqtKE0P_Zr2Lo-TiaBDxzn1e-iblAXIr0AHV7P8&dib_tag=se&m=A32NZN7CIPIXS3&marketplaceID=A19VAU5U5O7RUS&qid=1775512373&refinements=p_36%3A15000-15500&s=merchant-items&sr=1-65&xpid=escbSnUlo68E6#customerReviews,"Megami Device KP681 Emperor Shrine Susanoo, Blue Flame, Total Height: Approx. 8.7 inches (220 mm), 1/1 Scale, Plastic Model, Molded Color"
B09SPYLZYG,,152.95,https://www.amazon.sg/Atelier-G94486-Risarin-Swimsuit-Finished/dp/B09SPYLZYG/ref=sr_1_66?dib=eyJ2IjoiMSJ9.VsKC9sGfE538QWEjfaBijzmwSbfkp_s_iAbBh8rL1mQRydcgX2R2kn1ZdkRVaDguEOTHQNMdgRDTp2wro1YHO1mU_dnD6eBV1joCkAlDvQ1rzQMxvcB3JMym4-aBv8SBX6CWhpvDyieFNSfN7chA0UZ0SbYQmbd7ik6opytKn-k.lMy5sqtKE0P_Zr2Lo-TiaBDxzn1e-iblAXIr0AHV7P8&dib_tag=se&m=A32NZN7CIPIXS3&marketplaceID=A19VAU5U5O7RUS&qid=1775512373&refinements=p_36%3A15000-15500&s=merchant-items&sr=1-66&xpid=escbSnUlo68E6#customerReviews,"Lisa Atelier 2 G94486 Lost Lore and Secret Fairy, Risarin Staut, Swimsuit Version, 1/7 Scale, Plastic, Painted and Finished Figure"
B09R1NCKZP,,152.8,https://www.amazon.sg/Illustration-Cattlea-Non-scale-Pre-painted-Complete/dp/B09R1NCKZP/ref=sr_1_67?dib=eyJ2IjoiMSJ9.VsKC9sGfE538QWEjfaBijzmwSbfkp_s_iAbBh8rL1mQRydcgX2R2kn1ZdkRVaDguEOTHQNMdgRDTp2wro1YHO1mU_dnD6eBV1joCkAlDvQ1rzQMxvcB3JMym4-aBv8SBX6CWhpvDyieFNSfN7chA0UZ0SbYQmbd7ik6opytKn-k.lMy5sqtKE0P_Zr2Lo-TiaBDxzn1e-iblAXIr0AHV7P8&dib_tag=se&m=A32NZN7CIPIXS3&marketplaceID=A19VAU5U5O7RUS&qid=1775512373&refinements=p_36%3A15000-15500&s=merchant-items&sr=1-67&xpid=escbSnUlo68E6#customerReviews,"Akasai Illustration Navy Musume Cattlea, Non-scale, PVC & ABS, Pre-painted Complete Figure"
B09MVJNHJW,,158.63,https://www.amazon.sg/Uzaki-Nissin-5312-3-Way-Hardness/dp/B09MVJNHJW/ref=sr_1_68?dib=eyJ2IjoiMSJ9.VsKC9sGfE538QWEjfaBijzmwSbfkp_s_iAbBh8rL1mQRydcgX2R2kn1ZdkRVaDguEOTHQNMdgRDTp2wro1YHO1mU_dnD6eBV1joCkAlDvQ1rzQMxvcB3JMym4-aBv8SBX6CWhpvDyieFNSfN7chA0UZ0SbYQmbd7ik6opytKn-k.lMy5sqtKE0P_Zr2Lo-TiaBDxzn1e-iblAXIr0AHV7P8&dib_tag=se&m=A32NZN7CIPIXS3&marketplaceID=A19VAU5U5O7RUS&qid=1775512373&refinements=p_36%3A15000-15500&s=merchant-items&sr=1-68&xpid=escbSnUlo68E6,Uzaki Nissin Rod 3-Way Fuka
B09MVJNHJW,,,,
B09GFNXQ9W,,151.74,https://www.amazon.sg/Sol-International-Order-Rabbit-Bloom/dp/B09GFNXQ9W/ref=sr_1_69?dib=eyJ2IjoiMSJ9.VsKC9sGfE538QWEjfaBijzmwSbfkp_s_iAbBh8rL1mQRydcgX2R2kn1ZdkRVaDguEOTHQNMdgRDTp2wro1YHO1mU_dnD6eBV1joCkAlDvQ1rzQMxvcB3JMym4-aBv8SBX6CWhpvDyieFNSfN7chA0UZ0SbYQmbd7ik6opytKn-k.lMy5sqtKE0P_Zr2Lo-TiaBDxzn1e-iblAXIr0AHV7P8&dib_tag=se&m=A32NZN7CIPIXS3&marketplaceID=A19VAU5U5O7RUS&qid=1775512373&refinements=p_36%3A15000-15500&s=merchant-items&sr=1-69&xpid=escbSnUlo68E6#customerReviews,"Sol International is The Order a Rabbit? Bloom: Chino (Tippy Hoodie Ver.) 1:6 Scale PVC Figure, Multicolor"
B09FLHK5K6,,154.45,https://www.amazon.sg/Model-MTS051-British-Chieften-Plastic/dp/B09FLHK5K6/ref=sr_1_70?dib=eyJ2IjoiMSJ9.VsKC9sGfE538QWEjfaBijzmwSbfkp_s_iAbBh8rL1mQRydcgX2R2kn1ZdkRVaDguEOTHQNMdgRDTp2wro1YHO1mU_dnD6eBV1joCkAlDvQ1rzQMxvcB3JMym4-aBv8SBX6CWhpvDyieFNSfN7chA0UZ0SbYQmbd7ik6opytKn-k.lMy5sqtKE0P_Zr2Lo-TiaBDxzn1e-iblAXIr0AHV7P8&dib_tag=se&m=A32NZN7CIPIXS3&marketplaceID=A19VAU5U5O7RUS&qid=1775512373&refinements=p_36%3A15000-15500&s=merchant-items&sr=1-70&xpid=escbSnUlo68E6#customerReviews,Mon Model MTS051 1/35 British Army Main Tank Chieften Mk.10 Plastic Model
B09FLHK5K6,,,,
B09CTLDXVP,,150.55,https://www.amazon.sg/Campagnolo-FH-N3WA33-SHAMAL-CARBON-Compatible/dp/B09CTLDXVP/ref=sr_1_71?dib=eyJ2IjoiMSJ9.VsKC9sGfE538QWEjfaBijzmwSbfkp_s_iAbBh8rL1mQRydcgX2R2kn1ZdkRVaDguEOTHQNMdgRDTp2wro1YHO1mU_dnD6eBV1joCkAlDvQ1rzQMxvcB3JMym4-aBv8SBX6CWhpvDyieFNSfN7chA0UZ0SbYQmbd7ik6opytKn-k.lMy5sqtKE0P_Zr2Lo-TiaBDxzn1e-iblAXIr0AHV7P8&dib_tag=se&m=A32NZN7CIPIXS3&marketplaceID=A19VAU5U5O7RUS&qid=1775512373&refinements=p_36%3A15000-15500&s=merchant-items&sr=1-71&xpid=escbSnUlo68E6#customerReviews,"Campagnolo FH-N3WA33 Free Body for SHAMAL CARBON, Compatible with 13s"
B09CTLDXVP,,,,
B099D12145,,152.75,https://www.amazon.sg/KP581-Susanowo-Emperor-Approx-Plastic/dp/B099D12145/ref=sr_1_72?dib=eyJ2IjoiMSJ9.VsKC9sGfE538QWEjfaBijzmwSbfkp_s_iAbBh8rL1mQRydcgX2R2kn1ZdkRVaDguEOTHQNMdgRDTp2wro1YHO1mU_dnD6eBV1joCkAlDvQ1rzQMxvcB3JMym4-aBv8SBX6CWhpvDyieFNSfN7chA0UZ0SbYQmbd7ik6opytKn-k.lMy5sqtKE0P_Zr2Lo-TiaBDxzn1e-iblAXIr0AHV7P8&dib_tag=se&m=A32NZN7CIPIXS3&marketplaceID=A19VAU5U5O7RUS&qid=1775512373&refinements=p_36%3A15000-15500&s=merchant-items&sr=1-72&xpid=escbSnUlo68E6#customerReviews,"Megami Device KP581 Susanowo Emperor Shrine Maiden, Total Height Approx. 7.9 inches (200 mm), 1/1 Scale Plastic Model"
B098FSZP9F,,152.59,https://www.amazon.sg/Ikomochi-Illustration-Non-Scale-Painted-Complete/dp/B098FSZP9F/ref=sr_1_73?dib=eyJ2IjoiMSJ9.VsKC9sGfE538QWEjfaBijzmwSbfkp_s_iAbBh8rL1mQRydcgX2R2kn1ZdkRVaDguEOTHQNMdgRDTp2wro1YHO1mU_dnD6eBV1joCkAlDvQ1rzQMxvcB3JMym4-aBv8SBX6CWhpvDyieFNSfN7chA0UZ0SbYQmbd7ik6opytKn-k.lMy5sqtKE0P_Zr2Lo-TiaBDxzn1e-iblAXIr0AHV7P8&dib_tag=se&m=A32NZN7CIPIXS3&marketplaceID=A19VAU5U5O7RUS&qid=1775512373&refinements=p_36%3A15000-15500&s=merchant-items&sr=1-73&xpid=escbSnUlo68E6#customerReviews,"Ikomochi Illustration ""SIGNAL Nao"" Non-Scale PVC & ABS Painted Complete Figure"
B0922VMJDH,,153.01,https://www.amazon.sg/Pilot-Custom-Heritage-BKVH-15SR-Ballpoint/dp/B0922VMJDH/ref=sr_1_74?dib=eyJ2IjoiMSJ9.VsKC9sGfE538QWEjfaBijzmwSbfkp_s_iAbBh8rL1mQRydcgX2R2kn1ZdkRVaDguEOTHQNMdgRDTp2wro1YHO1mU_dnD6eBV1joCkAlDvQ1rzQMxvcB3JMym4-aBv8SBX6CWhpvDyieFNSfN7chA0UZ0SbYQmbd7ik6opytKn-k.lMy5sqtKE0P_Zr2Lo-TiaBDxzn1e-iblAXIr0AHV7P8&dib_tag=se&m=A32NZN7CIPIXS3&marketplaceID=A19VAU5U5O7RUS&qid=1775512373&refinements=p_36%3A15000-15500&s=merchant-items&sr=1-74&xpid=escbSnUlo68E6#customerReviews,Pilot Custom Heritage SE BKVH-15SR Marble Green MAG Ballpoint Pen
B0922VMJDH,,,,
B08WZT4Z46,,152.36,https://www.amazon.sg/Vintage-Collection-Non-scale-Pre-painted-Complete/dp/B08WZT4Z46/ref=sr_1_75?dib=eyJ2IjoiMSJ9.VsKC9sGfE538QWEjfaBijzmwSbfkp_s_iAbBh8rL1mQRydcgX2R2kn1ZdkRVaDguEOTHQNMdgRDTp2wro1YHO1mU_dnD6eBV1joCkAlDvQ1rzQMxvcB3JMym4-aBv8SBX6CWhpvDyieFNSfN7chA0UZ0SbYQmbd7ik6opytKn-k.lMy5sqtKE0P_Zr2Lo-TiaBDxzn1e-iblAXIr0AHV7P8&dib_tag=se&m=A32NZN7CIPIXS3&marketplaceID=A19VAU5U5O7RUS&qid=1775512373&refinements=p_36%3A15000-15500&s=merchant-items&sr=1-75&xpid=escbSnUlo68E6,"Takeya Style Vintage Figure Collection No. 01TA Takeya Color Edition, Non-scale, ABS & PVC, Pre-painted Complete Action Figure"
B08NPQZ592,,159.21,https://www.amazon.sg/Kadokawa-Misfit-Demon-King-Academy/dp/B08NPQZ592/ref=sr_1_81?dib=eyJ2IjoiMSJ9.dSHgcQm_dDtHaLGIZbSw6UfiUvA-Gw4RiO169t3Y0K_0VMoAy39DL9Q3_Jleo1XRTH741N2RL7Eblu8-DYLjGA.hLwGe4SLgG0xV6iRCvuROXhQosMb26ne-uIYnrIWzfU&dib_tag=se&m=A32NZN7CIPIXS3&marketplaceID=A19VAU5U5O7RUS&qid=1775512378&refinements=p_36%3A15000-15500&s=merchant-items&sr=1-81&xpid=escbSnUlo68E6#customerReviews,Kadokawa The Misfit of Demon King Academy: Misha Necron (Swimsuit Version) 1:7 Scale PVC Figure
B08LTQQ5BH,,154.37,https://www.amazon.sg/Bandai-spirits-YMS-09R-2-Prototype-N-I-M/dp/B08LTQQ5BH/ref=sr_1_82?dib=eyJ2IjoiMSJ9.dSHgcQm_dDtHaLGIZbSw6UfiUvA-Gw4RiO169t3Y0K_0VMoAy39DL9Q3_Jleo1XRTH741N2RL7Eblu8-DYLjGA.hLwGe4SLgG0xV6iRCvuROXhQosMb26ne-uIYnrIWzfU&dib_tag=se&m=A32NZN7CIPIXS3&marketplaceID=A19VAU5U5O7RUS&qid=1775512378&refinements=p_36%3A15000-15500&s=merchant-items&sr=1-82&xpid=escbSnUlo68E6#customerReviews,Bandai spirits Robot Spirit Side MS YMS-09R-2 Prototype Rick Dom II ver. A.N.I.M.E.
B08K3RZBBY,,160.07,https://www.amazon.sg/KILL-Ryuko-Matoi-Nendoroid/dp/B08K3RZBBY/ref=sr_1_83?dib=eyJ2IjoiMSJ9.dSHgcQm_dDtHaLGIZbSw6UfiUvA-Gw4RiO169t3Y0K_0VMoAy39DL9Q3_Jleo1XRTH741N2RL7Eblu8-DYLjGA.hLwGe4SLgG0xV6iRCvuROXhQosMb26ne-uIYnrIWzfU&dib_tag=se&m=A32NZN7CIPIXS3&marketplaceID=A19VAU5U5O7RUS&qid=1775512378&refinements=p_36%3A15000-15500&s=merchant-items&sr=1-83&xpid=escbSnUlo68E6#customerReviews,KILL la KILL Ryuko Matoi Nendoroid
B08GXC3HKX,,172.52,https://www.amazon.sg/Evolution-Toys-Gridman-Action-Figure/dp/B08GXC3HKX/ref=sr_1_84?dib=eyJ2IjoiMSJ9.dSHgcQm_dDtHaLGIZbSw6UfiUvA-Gw4RiO169t3Y0K_0VMoAy39DL9Q3_Jleo1XRTH741N2RL7Eblu8-DYLjGA.hLwGe4SLgG0xV6iRCvuROXhQosMb26ne-uIYnrIWzfU&dib_tag=se&m=A32NZN7CIPIXS3&marketplaceID=A19VAU5U5O7RUS&qid=1775512378&refinements=p_36%3A15000-15500&s=merchant-items&sr=1-84&xpid=escbSnUlo68E6,King Gridman Action Figure
B08G8DKHYL,,153.57,https://www.amazon.sg/IM-6WBR130-Bridge-Reamer-Diameter-inches/dp/B08G8DKHYL/ref=sr_1_85?dib=eyJ2IjoiMSJ9.dSHgcQm_dDtHaLGIZbSw6UfiUvA-Gw4RiO169t3Y0K_0VMoAy39DL9Q3_Jleo1XRTH741N2RL7Eblu8-DYLjGA.hLwGe4SLgG0xV6iRCvuROXhQosMb26ne-uIYnrIWzfU&dib_tag=se&m=A32NZN7CIPIXS3&marketplaceID=A19VAU5U5O7RUS&qid=1775512378&refinements=p_36%3A15000-15500&s=merchant-items&sr=1-85&xpid=escbSnUlo68E6,"IM-6WBR130 QC Bridge Reamer, Diameter 0.5 inches (13.0 mm)"
B08G8DKHYL,,,,
B08G7ZSYVD,,152.23,https://www.amazon.sg/IM-6WBR145-Bridge-Reamer-Diameter-inches/dp/B08G7ZSYVD/ref=sr_1_81?dib=eyJ2IjoiMSJ9.GZkqUB34kQ8Gsr9P5UoqLrKBypSsxEMk9nTkALMt7Z_HQBxOacOPI6tsDECdsjwFF-cbfF8Pr9KCReiJBGYtTX9fkhK8tDxc98EvY3bnaTBuRc2PfqE58KU_4dD5V7y5FKzo_va--JGd-2VY-1Vjw9sc7f8VlWslDWmklhdYdcU.EY0QyaxVLBsnikTaeUcdRFV1p3YTho6SyfiZDe2LUDw&dib_tag=se&m=A32NZN7CIPIXS3&marketplaceID=A19VAU5U5O7RUS&qid=1775512378&refinements=p_36%3A15000-15500&s=merchant-items&sr=1-81&xpid=escbSnUlo68E6,"IM-6WBR145 QC Bridge Reamer, Diameter 0.6 inches (14.5 mm)"
B08G7ZSYVD,,,,
B08BQ4RGPZ,,154.01,https://www.amazon.sg/Kreg-KPHA740-Cutter-Drill-Guide/dp/B08BQ4RGPZ/ref=sr_1_82?dib=eyJ2IjoiMSJ9.GZkqUB34kQ8Gsr9P5UoqLrKBypSsxEMk9nTkALMt7Z_HQBxOacOPI6tsDECdsjwFF-cbfF8Pr9KCReiJBGYtTX9fkhK8tDxc98EvY3bnaTBuRc2PfqE58KU_4dD5V7y5FKzo_va--JGd-2VY-1Vjw9sc7f8VlWslDWmklhdYdcU.EY0QyaxVLBsnikTaeUcdRFV1p3YTho6SyfiZDe2LUDw&dib_tag=se&m=A32NZN7CIPIXS3&marketplaceID=A19VAU5U5O7RUS&qid=1775512378&refinements=p_36%3A15000-15500&s=merchant-items&sr=1-82&xpid=escbSnUlo68E6#customerReviews,Kreg KPHA740 Plug Cutter Drill Guide Kit
B08BQ4RGPZ,,,,
B0892JBBMP,,152.53,https://www.amazon.sg/AbuGarcia-Large-Screen-Digital-Counter/dp/B0892JBBMP/ref=sr_1_83?dib=eyJ2IjoiMSJ9.GZkqUB34kQ8Gsr9P5UoqLrKBypSsxEMk9nTkALMt7Z_HQBxOacOPI6tsDECdsjwFF-cbfF8Pr9KCReiJBGYtTX9fkhK8tDxc98EvY3bnaTBuRc2PfqE58KU_4dD5V7y5FKzo_va--JGd-2VY-1Vjw9sc7f8VlWslDWmklhdYdcU.EY0QyaxVLBsnikTaeUcdRFV1p3YTho6SyfiZDe2LUDw&dib_tag=se&m=A32NZN7CIPIXS3&marketplaceID=A19VAU5U5O7RUS&qid=1775512378&refinements=p_36%3A15000-15500&s=merchant-items&sr=1-83&xpid=escbSnUlo68E6#customerReviews,"AbuGarcia MAX DLC H-L Large Screen Digital Line Counter, Left Wind, High Gear Model"
B0892JBBMP,,,,
B086R5RKGW,,172.32,https://www.amazon.sg/Megahouse-GGG-Gundam-Build-Divers/dp/B086R5RKGW/ref=sr_1_84?dib=eyJ2IjoiMSJ9.GZkqUB34kQ8Gsr9P5UoqLrKBypSsxEMk9nTkALMt7Z_HQBxOacOPI6tsDECdsjwFF-cbfF8Pr9KCReiJBGYtTX9fkhK8tDxc98EvY3bnaTBuRc2PfqE58KU_4dD5V7y5FKzo_va--JGd-2VY-1Vjw9sc7f8VlWslDWmklhdYdcU.EY0QyaxVLBsnikTaeUcdRFV1p3YTho6SyfiZDe2LUDw&dib_tag=se&m=A32NZN7CIPIXS3&marketplaceID=A19VAU5U5O7RUS&qid=1775512378&refinements=p_36%3A15000-15500&s=merchant-items&sr=1-84&xpid=escbSnUlo68E6,Megahouse GGG Gundam Build Divers May
B08468JSFG,,161.37,https://www.amazon.sg/ORESUKI-Sumireko-Sanshokuin-Pansy-Figure/dp/B08468JSFG/ref=sr_1_85?dib=eyJ2IjoiMSJ9.GZkqUB34kQ8Gsr9P5UoqLrKBypSsxEMk9nTkALMt7Z_HQBxOacOPI6tsDECdsjwFF-cbfF8Pr9KCReiJBGYtTX9fkhK8tDxc98EvY3bnaTBuRc2PfqE58KU_4dD5V7y5FKzo_va--JGd-2VY-1Vjw9sc7f8VlWslDWmklhdYdcU.EY0QyaxVLBsnikTaeUcdRFV1p3YTho6SyfiZDe2LUDw&dib_tag=se&m=A32NZN7CIPIXS3&marketplaceID=A19VAU5U5O7RUS&qid=1775512378&refinements=p_36%3A15000-15500&s=merchant-items&sr=1-85&xpid=escbSnUlo68E6,ORESUKI: Sumireko Sanshokuin (Pansy) 1/7 Scale Figure
B083FK2NGV,,158.67,https://www.amazon.sg/525VX3X116ZB-Steel-Performance-X-Ring-Connecting/dp/B083FK2NGV/ref=sr_1_86?dib=eyJ2IjoiMSJ9.GZkqUB34kQ8Gsr9P5UoqLrKBypSsxEMk9nTkALMt7Z_HQBxOacOPI6tsDECdsjwFF-cbfF8Pr9KCReiJBGYtTX9fkhK8tDxc98EvY3bnaTBuRc2PfqE58KU_4dD5V7y5FKzo_va--JGd-2VY-1Vjw9sc7f8VlWslDWmklhdYdcU.EY0QyaxVLBsnikTaeUcdRFV1p3YTho6SyfiZDe2LUDw&dib_tag=se&m=A32NZN7CIPIXS3&marketplaceID=A19VAU5U5O7RUS&qid=1775512378&refinements=p_36%3A15000-15500&s=merchant-items&sr=1-86&xpid=escbSnUlo68E6,DID (525VX3X116ZB) Steel 116 Link High Performance VX Series X-Ring Chain with Connecting Link
B083FK2NGV,,,,
B0834CRYJG,,164.16,https://www.amazon.sg/KATO-10-1603-Gauge-Tricolor-Color/dp/B0834CRYJG/ref=sr_1_87?dib=eyJ2IjoiMSJ9.GZkqUB34kQ8Gsr9P5UoqLrKBypSsxEMk9nTkALMt7Z_HQBxOacOPI6tsDECdsjwFF-cbfF8Pr9KCReiJBGYtTX9fkhK8tDxc98EvY3bnaTBuRc2PfqE58KU_4dD5V7y5FKzo_va--JGd-2VY-1Vjw9sc7f8VlWslDWmklhdYdcU.EY0QyaxVLBsnikTaeUcdRFV1p3YTho6SyfiZDe2LUDw&dib_tag=se&m=A32NZN7CIPIXS3&marketplaceID=A19VAU5U5O7RUS&qid=1775512378&refinements=p_36%3A15000-15500&s=merchant-items&sr=1-87&xpid=escbSnUlo68E6#customerReviews,"KATO 10-1603 N Gauge 5000 Tricolor Color, Set of 8 Cars"
B0834CRYJG,,,,
B082YF556L,,172.19,https://www.amazon.sg/Enmusubi-No-Youko-Chan-Figure-Multicolor/dp/B082YF556L/ref=sr_1_88?dib=eyJ2IjoiMSJ9.GZkqUB34kQ8Gsr9P5UoqLrKBypSsxEMk9nTkALMt7Z_HQBxOacOPI6tsDECdsjwFF-cbfF8Pr9KCReiJBGYtTX9fkhK8tDxc98EvY3bnaTBuRc2PfqE58KU_4dD5V7y5FKzo_va--JGd-2VY-1Vjw9sc7f8VlWslDWmklhdYdcU.EY0QyaxVLBsnikTaeUcdRFV1p3YTho6SyfiZDe2LUDw&dib_tag=se&m=A32NZN7CIPIXS3&marketplaceID=A19VAU5U5O7RUS&qid=1775512378&refinements=p_36%3A15000-15500&s=merchant-items&sr=1-88&xpid=escbSnUlo68E6,"Enmusubi No Youko-Chan: Tosan Susu 1:8 Scale PVC Figure, Multicolor"
B081BBM7W9,,153.77,https://www.amazon.sg/Black-Diamond-Camalot-Z4-0-1/dp/B081BBM7W9/ref=sr_1_89?dib=eyJ2IjoiMSJ9.GZkqUB34kQ8Gsr9P5UoqLrKBypSsxEMk9nTkALMt7Z_HQBxOacOPI6tsDECdsjwFF-cbfF8Pr9KCReiJBGYtTX9fkhK8tDxc98EvY3bnaTBuRc2PfqE58KU_4dD5V7y5FKzo_va--JGd-2VY-1Vjw9sc7f8VlWslDWmklhdYdcU.EY0QyaxVLBsnikTaeUcdRFV1p3YTho6SyfiZDe2LUDw&dib_tag=se&m=A32NZN7CIPIXS3&marketplaceID=A19VAU5U5O7RUS&qid=1775512378&refinements=p_36%3A15000-15500&s=merchant-items&sr=1-89&xpid=escbSnUlo68E6#customerReviews,BLACK DIAMOND Camalot Z4 Rock Climbing Cam
B081BBLN72,,151.02,https://www.amazon.sg/Black-Diamond-Equipment-Camalot-0-75/dp/B081BBLN72/ref=sr_1_90?dib=eyJ2IjoiMSJ9.GZkqUB34kQ8Gsr9P5UoqLrKBypSsxEMk9nTkALMt7Z_HQBxOacOPI6tsDECdsjwFF-cbfF8Pr9KCReiJBGYtTX9fkhK8tDxc98EvY3bnaTBuRc2PfqE58KU_4dD5V7y5FKzo_va--JGd-2VY-1Vjw9sc7f8VlWslDWmklhdYdcU.EY0QyaxVLBsnikTaeUcdRFV1p3YTho6SyfiZDe2LUDw&dib_tag=se&m=A32NZN7CIPIXS3&marketplaceID=A19VAU5U5O7RUS&qid=1775512378&refinements=p_36%3A15000-15500&s=merchant-items&sr=1-90&xpid=escbSnUlo68E6#customerReviews,BLACK DIAMOND Camalot Z4 Rock Climbing Cam
B081BB114D,,150.28,https://www.amazon.sg/Black-Diamond-Camalot-Z4-0-2/dp/B081BB114D/ref=sr_1_91?dib=eyJ2IjoiMSJ9.GZkqUB34kQ8Gsr9P5UoqLrKBypSsxEMk9nTkALMt7Z_HQBxOacOPI6tsDECdsjwFF-cbfF8Pr9KCReiJBGYtTX9fkhK8tDxc98EvY3bnaTBuRc2PfqE58KU_4dD5V7y5FKzo_va--JGd-2VY-1Vjw9sc7f8VlWslDWmklhdYdcU.EY0QyaxVLBsnikTaeUcdRFV1p3YTho6SyfiZDe2LUDw&dib_tag=se&m=A32NZN7CIPIXS3&marketplaceID=A19VAU5U5O7RUS&qid=1775512378&refinements=p_36%3A15000-15500&s=merchant-items&sr=1-91&xpid=escbSnUlo68E6#customerReviews,BLACK DIAMOND Camalot Z4 Rock Climbing Cam
B081BB114D,,,,
B07TMXT1B7,,152.48,https://www.amazon.sg/Kenko-Binocular-Compact-Watching-512104/dp/B07TMXT1B7/ref=sr_1_97?dib=eyJ2IjoiMSJ9.yTbAKASRHs2SRSndCdhWtJhGsWLia6W8VwE5S6r-fTyettgX6FBmpN7YGqO26IAhynLedhHRzdrq6-JWKQdk2w.TtdH5r0GIWyr_wNpF1rZfBXrAw0MMPIfxfGEYWzzBzg&dib_tag=se&m=A32NZN7CIPIXS3&marketplaceID=A19VAU5U5O7RUS&qid=1775512382&refinements=p_36%3A15000-15500&s=merchant-items&sr=1-97&xpid=escbSnUlo68E6#customerReviews,"Kenko Binocular SG EX 8x25 WP, Porro Prism, Water Proof, Compact Design, for Outdoor and Bird Watching, Concert 512104"
B07TMXT1B7,,,,
B07T146V4H,,156.59,https://www.amazon.sg/Ibanez-4449AC6X-Prestige-Acoustic-Guitar/dp/B07T146V4H/ref=sr_1_98?dib=eyJ2IjoiMSJ9.yTbAKASRHs2SRSndCdhWtJhGsWLia6W8VwE5S6r-fTyettgX6FBmpN7YGqO26IAhynLedhHRzdrq6-JWKQdk2w.TtdH5r0GIWyr_wNpF1rZfBXrAw0MMPIfxfGEYWzzBzg&dib_tag=se&m=A32NZN7CIPIXS3&marketplaceID=A19VAU5U5O7RUS&qid=1775512382&refinements=p_36%3A15000-15500&s=merchant-items&sr=1-98&xpid=escbSnUlo68E6#customerReviews,"Ibanez 4449AC6X Prestige Nut File Set for Acoustic Guitar (.012"" - .053"" Gauge) 6 Pack"
B07T146V4H,,,,
B07SSYMKWT,,153.74,https://www.amazon.sg/Bandai-Tamashii-Nations-Dragon-Ball/dp/B07SSYMKWT/ref=sr_1_99?dib=eyJ2IjoiMSJ9.yTbAKASRHs2SRSndCdhWtJhGsWLia6W8VwE5S6r-fTyettgX6FBmpN7YGqO26IAhynLedhHRzdrq6-JWKQdk2w.TtdH5r0GIWyr_wNpF1rZfBXrAw0MMPIfxfGEYWzzBzg&dib_tag=se&m=A32NZN7CIPIXS3&marketplaceID=A19VAU5U5O7RUS&qid=1775512382&refinements=p_36%3A15000-15500&s=merchant-items&sr=1-99&xpid=escbSnUlo68E6#customerReviews,Bandai Tamashii Nations Dragon Ball: Super Saiyan Broly 93 Ichiban Kuji Figure
B07R139H5M,,151.47,https://www.amazon.sg/THERMOS-THX-1001-Thermal-Tabletop-EPT2402/dp/B07R139H5M/ref=sr_1_100?dib=eyJ2IjoiMSJ9.yTbAKASRHs2SRSndCdhWtJhGsWLia6W8VwE5S6r-fTyettgX6FBmpN7YGqO26IAhynLedhHRzdrq6-JWKQdk2w.TtdH5r0GIWyr_wNpF1rZfBXrAw0MMPIfxfGEYWzzBzg&dib_tag=se&m=A32NZN7CIPIXS3&marketplaceID=A19VAU5U5O7RUS&qid=1775512382&refinements=p_36%3A15000-15500&s=merchant-items&sr=1-100&xpid=escbSnUlo68E6#customerReviews,"THERMOS THX-1001 Thermal Tabletop Pot, 0.3 gal (1.0 L), EPT2402"
B07R139H5M,,,,
B07PR16DQW,,153.61,https://www.amazon.sg/DAddario-Woodwinds-Royal-Saxophone-Reeds/dp/B07PR16DQW/ref=sr_1_101?dib=eyJ2IjoiMSJ9.yTbAKASRHs2SRSndCdhWtJhGsWLia6W8VwE5S6r-fTyettgX6FBmpN7YGqO26IAhynLedhHRzdrq6-JWKQdk2w.TtdH5r0GIWyr_wNpF1rZfBXrAw0MMPIfxfGEYWzzBzg&dib_tag=se&m=A32NZN7CIPIXS3&marketplaceID=A19VAU5U5O7RUS&qid=1775512382&refinements=p_36%3A15000-15500&s=merchant-items&sr=1-101&xpid=escbSnUlo68E6,"D'Addario Woodwinds Royal Saxophone Reeds - Tenor Sax Reeds with Strong Spine - Tenor Saxophone Reeds Great for Classical or Jazz - Strength 3.0, 25-pack"
B07PR16DQW,,,,
B07PNQYWQ6,,152.55,https://www.amazon.sg/DAddario-Royal-Tenor-Saxophone-Strength/dp/B07PNQYWQ6/ref=sr_1_97?dib=eyJ2IjoiMSJ9.xfNmJpowg5AG75DyHJCUnycizE7sFAeYRYZfK7x326GNMv_NZNq38n5ugRs-B4AKaSUyPnkP1leOVMP_tlWfgHfTVvFe0YuTFGTOl5n2wbARWeZ39dD0RSD7sUM5_6OvXJ6UvgNbDMiOIxzzV9n30SMiREEdh2_AH02YkY4SbLA.xImPhbHJEQGMi-I3y4xBwtNqP7_BUksUN1eZekJxyOA&dib_tag=se&m=A32NZN7CIPIXS3&marketplaceID=A19VAU5U5O7RUS&qid=1775512382&refinements=p_36%3A15000-15500&s=merchant-items&sr=1-97&xpid=escbSnUlo68E6#customerReviews,"D'Addario Royal Tenor Saxophone Reeds, Strength 2.5, Pack of 25"
B07PNQYWQ6,,,,
B07NQ7TTLC,,153.77,https://www.amazon.sg/Earth-Pharmaceutical-Wasp-Magnum-550ml/dp/B07NQ7TTLC/ref=sr_1_98?dib=eyJ2IjoiMSJ9.xfNmJpowg5AG75DyHJCUnycizE7sFAeYRYZfK7x326GNMv_NZNq38n5ugRs-B4AKaSUyPnkP1leOVMP_tlWfgHfTVvFe0YuTFGTOl5n2wbARWeZ39dD0RSD7sUM5_6OvXJ6UvgNbDMiOIxzzV9n30SMiREEdh2_AH02YkY4SbLA.xImPhbHJEQGMi-I3y4xBwtNqP7_BUksUN1eZekJxyOA&dib_tag=se&m=A32NZN7CIPIXS3&marketplaceID=A19VAU5U5O7RUS&qid=1775512382&refinements=p_36%3A15000-15500&s=merchant-items&sr=1-98&xpid=escbSnUlo68E6,Earth Pharmaceutical Wasp Magnum Jet Pro 550ml x 4
B07MZ3D4XK,,156.73,https://www.amazon.sg/Kaitendoh-Mizugi-Shoujo-Illustration-Happo/dp/B07MZ3D4XK/ref=sr_1_99?dib=eyJ2IjoiMSJ9.xfNmJpowg5AG75DyHJCUnycizE7sFAeYRYZfK7x326GNMv_NZNq38n5ugRs-B4AKaSUyPnkP1leOVMP_tlWfgHfTVvFe0YuTFGTOl5n2wbARWeZ39dD0RSD7sUM5_6OvXJ6UvgNbDMiOIxzzV9n30SMiREEdh2_AH02YkY4SbLA.xImPhbHJEQGMi-I3y4xBwtNqP7_BUksUN1eZekJxyOA&dib_tag=se&m=A32NZN7CIPIXS3&marketplaceID=A19VAU5U5O7RUS&qid=1775512382&refinements=p_36%3A15000-15500&s=merchant-items&sr=1-99&xpid=escbSnUlo68E6,Mizugi Shoujo Illustration by Happo Bijin 1: 6 Scale PVC Figure
B07MJK4S2F,,199.92,https://www.amazon.sg/Yamazaki-4304-Stocker-Approx-Kitchen/dp/B07MJK4S2F/ref=sr_1_100?dib=eyJ2IjoiMSJ9.xfNmJpowg5AG75DyHJCUnycizE7sFAeYRYZfK7x326GNMv_NZNq38n5ugRs-B4AKaSUyPnkP1leOVMP_tlWfgHfTVvFe0YuTFGTOl5n2wbARWeZ39dD0RSD7sUM5_6OvXJ6UvgNbDMiOIxzzV9n30SMiREEdh2_AH02YkY4SbLA.xImPhbHJEQGMi-I3y4xBwtNqP7_BUksUN1eZekJxyOA&dib_tag=se&m=A32NZN7CIPIXS3&marketplaceID=A19VAU5U5O7RUS&qid=1775512382&refinements=p_36%3A15000-15500&s=merchant-items&sr=1-100&xpid=escbSnUlo68E6#customerReviews,"Yamazaki 4304 Under Sink Bottle Stocker, 4 Tiers, White, Approx. 7.9 x 8.1 x 15.7 inches (20 x 20.5 x 40 cm), Tower Kitchen Stocker, Stock, Storage"
B07MJK4S2F,,,,
B07KGJXFC5,,152.87,https://www.amazon.sg/TSA3170-Insertion-Angle-Insert-Pieces/dp/B07KGJXFC5/ref=sr_1_101?dib=eyJ2IjoiMSJ9.xfNmJpowg5AG75DyHJCUnycizE7sFAeYRYZfK7x326GNMv_NZNq38n5ugRs-B4AKaSUyPnkP1leOVMP_tlWfgHfTVvFe0YuTFGTOl5n2wbARWeZ39dD0RSD7sUM5_6OvXJ6UvgNbDMiOIxzzV9n30SMiREEdh2_AH02YkY4SbLA.xImPhbHJEQGMi-I3y4xBwtNqP7_BUksUN1eZekJxyOA&dib_tag=se&m=A32NZN7CIPIXS3&marketplaceID=A19VAU5U5O7RUS&qid=1775512382&refinements=p_36%3A15000-15500&s=merchant-items&sr=1-101&xpid=escbSnUlo68E6#customerReviews,"Tone TSA3170 Tool Bag Set, 0.37 inch (9.5 mm) Insertion Angle & Bit Insertion (3/8 Inch & Bit Insert) Black, 27 Pieces"
B07KGJXFC5,,,,
B07JVXY5ZS,,178.2,https://www.amazon.sg/Good-Smile-Ssss-Gridman-Combine-Gridman/dp/B07JVXY5ZS/ref=sr_1_102?dib=eyJ2IjoiMSJ9.xfNmJpowg5AG75DyHJCUnycizE7sFAeYRYZfK7x326GNMv_NZNq38n5ugRs-B4AKaSUyPnkP1leOVMP_tlWfgHfTVvFe0YuTFGTOl5n2wbARWeZ39dD0RSD7sUM5_6OvXJ6UvgNbDMiOIxzzV9n30SMiREEdh2_AH02YkY4SbLA.xImPhbHJEQGMi-I3y4xBwtNqP7_BUksUN1eZekJxyOA&dib_tag=se&m=A32NZN7CIPIXS3&marketplaceID=A19VAU5U5O7RUS&qid=1775512382&refinements=p_36%3A15000-15500&s=merchant-items&sr=1-102&xpid=escbSnUlo68E6#customerReviews,Good Smile Ssss.Gridman: Max Combine DX Full Power Gridman Figure
B07HYN293N,,152.1,https://www.amazon.sg/Fizik-F8533395-R5-Overcurve-Shoes/dp/B07HYN293N/ref=sr_1_103?dib=eyJ2IjoiMSJ9.xfNmJpowg5AG75DyHJCUnycizE7sFAeYRYZfK7x326GNMv_NZNq38n5ugRs-B4AKaSUyPnkP1leOVMP_tlWfgHfTVvFe0YuTFGTOl5n2wbARWeZ39dD0RSD7sUM5_6OvXJ6UvgNbDMiOIxzzV9n30SMiREEdh2_AH02YkY4SbLA.xImPhbHJEQGMi-I3y4xBwtNqP7_BUksUN1eZekJxyOA&dib_tag=se&m=A32NZN7CIPIXS3&marketplaceID=A19VAU5U5O7RUS&qid=1775512382&refinements=p_36%3A15000-15500&s=merchant-items&sr=1-103&xpid=escbSnUlo68E6,Fizik R5 Overcurve (2019) Shoes
B07HYN293N,,,,
B07HCFJ75V,,152.82,https://www.amazon.sg/PB-SWISS-TOOLS-5543-SL-Screwdriver/dp/B07HCFJ75V/ref=sr_1_104?dib=eyJ2IjoiMSJ9.xfNmJpowg5AG75DyHJCUnycizE7sFAeYRYZfK7x326GNMv_NZNq38n5ugRs-B4AKaSUyPnkP1leOVMP_tlWfgHfTVvFe0YuTFGTOl5n2wbARWeZ39dD0RSD7sUM5_6OvXJ6UvgNbDMiOIxzzV9n30SMiREEdh2_AH02YkY4SbLA.xImPhbHJEQGMi-I3y4xBwtNqP7_BUksUN1eZekJxyOA&dib_tag=se&m=A32NZN7CIPIXS3&marketplaceID=A19VAU5U5O7RUS&qid=1775512382&refinements=p_36%3A15000-15500&s=merchant-items&sr=1-104&xpid=escbSnUlo68E6#customerReviews,PB SWISS TOOLS 5543.SL 6-Piece Swiss Grip Classic Handle Type Insulated Screwdriver Set (Negative/Posiplus) Slim Tip Shape
B07HCFJ75V,,,,
B07F2SQWPX,,153.98,https://www.amazon.sg/fischer-549961-Fischer-Drill-Bit/dp/B07F2SQWPX/ref=sr_1_105?dib=eyJ2IjoiMSJ9.xfNmJpowg5AG75DyHJCUnycizE7sFAeYRYZfK7x326GNMv_NZNq38n5ugRs-B4AKaSUyPnkP1leOVMP_tlWfgHfTVvFe0YuTFGTOl5n2wbARWeZ39dD0RSD7sUM5_6OvXJ6UvgNbDMiOIxzzV9n30SMiREEdh2_AH02YkY4SbLA.xImPhbHJEQGMi-I3y4xBwtNqP7_BUksUN1eZekJxyOA&dib_tag=se&m=A32NZN7CIPIXS3&marketplaceID=A19VAU5U5O7RUS&qid=1775512382&refinements=p_36%3A15000-15500&s=merchant-items&sr=1-105&xpid=escbSnUlo68E6#customerReviews,"Fischer Drill Bit, 549961"
B07F2SQWPX,,,,
B07F25FVYD,,156.3,https://www.amazon.sg/Chara-ani-Order-Rabbit-Cheerleader-Version/dp/B07F25FVYD/ref=sr_1_106?dib=eyJ2IjoiMSJ9.xfNmJpowg5AG75DyHJCUnycizE7sFAeYRYZfK7x326GNMv_NZNq38n5ugRs-B4AKaSUyPnkP1leOVMP_tlWfgHfTVvFe0YuTFGTOl5n2wbARWeZ39dD0RSD7sUM5_6OvXJ6UvgNbDMiOIxzzV9n30SMiREEdh2_AH02YkY4SbLA.xImPhbHJEQGMi-I3y4xBwtNqP7_BUksUN1eZekJxyOA&dib_tag=se&m=A32NZN7CIPIXS3&marketplaceID=A19VAU5U5O7RUS&qid=1775512382&refinements=p_36%3A15000-15500&s=merchant-items&sr=1-106&xpid=escbSnUlo68E6,Chara-ani is The Order a Rabbit?: Sharo Kirima (Cheerleader Version) Scale PVC Figure
B07DWY2JV6,,161.17,https://www.amazon.sg/Goshima-Version-Pre-painted-Complete-Figure/dp/B07DWY2JV6/ref=sr_1_107?dib=eyJ2IjoiMSJ9.xfNmJpowg5AG75DyHJCUnycizE7sFAeYRYZfK7x326GNMv_NZNq38n5ugRs-B4AKaSUyPnkP1leOVMP_tlWfgHfTVvFe0YuTFGTOl5n2wbARWeZ39dD0RSD7sUM5_6OvXJ6UvgNbDMiOIxzzV9n30SMiREEdh2_AH02YkY4SbLA.xImPhbHJEQGMi-I3y4xBwtNqP7_BUksUN1eZekJxyOA&dib_tag=se&m=A32NZN7CIPIXS3&marketplaceID=A19VAU5U5O7RUS&qid=1775512382&refinements=p_36%3A15000-15500&s=merchant-items&sr=1-107&xpid=escbSnUlo68E6#customerReviews,"Angel 3P! Jun Goshima Night Angel Version, 1/7 Scale, PVC Pre-painted Complete Figure"
B07DWY2JV6,,161.17,https://www.amazon.sg/Goshima-Version-Pre-painted-Complete-Figure/dp/B07DWY2JV6/ref=sr_1_113?dib=eyJ2IjoiMSJ9.h3zUwxKSJe4IMNkVskauEi1yo7TgqyVBP469B0s40O5YLChX1vdhQxXXLpcPZqvfcVUqj4PB6Oj0Sx4x4Jq-vA.5dA5unDOnSzSdfiQ84p9_7YAcKC7-DdrX8ZcvsFTYYE&dib_tag=se&m=A32NZN7CIPIXS3&marketplaceID=A19VAU5U5O7RUS&qid=1775512387&refinements=p_36%3A15000-15500&s=merchant-items&sr=1-113&xpid=escbSnUlo68E6#customerReviews,"Angel 3P! Jun Goshima Night Angel Version, 1/7 Scale, PVC Pre-painted Complete Figure"
B07DPQYP2K,,156.9,https://www.amazon.sg/Signum-Pro-Pro-X-Perience-1-18mm-4013001106172/dp/B07DPQYP2K/ref=sr_1_114?dib=eyJ2IjoiMSJ9.h3zUwxKSJe4IMNkVskauEi1yo7TgqyVBP469B0s40O5YLChX1vdhQxXXLpcPZqvfcVUqj4PB6Oj0Sx4x4Jq-vA.5dA5unDOnSzSdfiQ84p9_7YAcKC7-DdrX8ZcvsFTYYE&dib_tag=se&m=A32NZN7CIPIXS3&marketplaceID=A19VAU5U5O7RUS&qid=1775512387&refinements=p_36%3A15000-15500&s=merchant-items&sr=1-114&xpid=escbSnUlo68E6,SIGNUM PRO Pro X-Perience Tennis String Reel
B07DPQYP2K,,,,
B07BRX2FLH,,152.93,https://www.amazon.sg/7780-Open-end-insert-41/dp/B07BRX2FLH/ref=sr_1_115?dib=eyJ2IjoiMSJ9.h3zUwxKSJe4IMNkVskauEi1yo7TgqyVBP469B0s40O5YLChX1vdhQxXXLpcPZqvfcVUqj4PB6Oj0Sx4x4Jq-vA.5dA5unDOnSzSdfiQ84p9_7YAcKC7-DdrX8ZcvsFTYYE&dib_tag=se&m=A32NZN7CIPIXS3&marketplaceID=A19VAU5U5O7RUS&qid=1775512387&refinements=p_36%3A15000-15500&s=merchant-items&sr=1-115&xpid=escbSnUlo68E6,"7780 Open end insert, 41 x 61 mm"
B07BRX2FLH,,,,
B079P635TG,,154.41,https://www.amazon.sg/Engineer-Medium-Dedicated-Leather-TFS-10/dp/B079P635TG/ref=sr_1_116?dib=eyJ2IjoiMSJ9.h3zUwxKSJe4IMNkVskauEi1yo7TgqyVBP469B0s40O5YLChX1vdhQxXXLpcPZqvfcVUqj4PB6Oj0Sx4x4Jq-vA.5dA5unDOnSzSdfiQ84p9_7YAcKC7-DdrX8ZcvsFTYYE&dib_tag=se&m=A32NZN7CIPIXS3&marketplaceID=A19VAU5U5O7RUS&qid=1775512387&refinements=p_36%3A15000-15500&s=merchant-items&sr=1-116&xpid=escbSnUlo68E6#customerReviews,"Engineer Jet Black File Set, Medium, Set of 5, Includes Dedicated Leather Case TFS-10"
B079P635TG,,,,
B076X8ZLP3,,151.06,https://www.amazon.sg/Orange-Rouge-Touken-Ranbu-Online/dp/B076X8ZLP3/ref=sr_1_117?dib=eyJ2IjoiMSJ9.h3zUwxKSJe4IMNkVskauEi1yo7TgqyVBP469B0s40O5YLChX1vdhQxXXLpcPZqvfcVUqj4PB6Oj0Sx4x4Jq-vA.5dA5unDOnSzSdfiQ84p9_7YAcKC7-DdrX8ZcvsFTYYE&dib_tag=se&m=A32NZN7CIPIXS3&marketplaceID=A19VAU5U5O7RUS&qid=1775512387&refinements=p_36%3A15000-15500&s=merchant-items&sr=1-117&xpid=escbSnUlo68E6#customerReviews,Orange Rouge Touken Ranbu Online: Hizamaru 1:8 Scale PVC Figure
B0766Y4S79,,153.53,https://www.amazon.sg/Takezaikuya-YAMAMOTOTAKIZAYIKUYA-penetration-long-jointed-Katsuratake/dp/B0766Y4S79/ref=sr_1_113?dib=eyJ2IjoiMSJ9.MhT1ZICsSdv3x-wteTpztNwZRNeDNJP4HUsU1Plf8o5IN8Pwe3DuFErGtu8FJct1n0cND6Iyo2mVkpkmMBzDrtKrpJGe7e31yvwFluvx4sct69Qd2wBlGO-buxenIiuYRd7knZDKTvu8cy7ojDHuBbZpzgEOA6AS8Kz0GWq7cEc.FZS-Kf9xhLIcPwpGsXTxx4QFc4xyFsO9nijKDirpFK4&dib_tag=se&m=A32NZN7CIPIXS3&marketplaceID=A19VAU5U5O7RUS&qid=1775512387&refinements=p_36%3A15000-15500&s=merchant-items&sr=1-113&xpid=escbSnUlo68E6#customerReviews,Yamamoto Takezaikuya (YAMAMOTOTAKIZAYIKUYA) (bamboo flute) D pipe penetration tube 1 shaku 8 cun tube a long-jointed bamboo (Katsuratake) (1 shakuhachi dimension)
B0766Y4S79,,,,
B071VZZ3L6,,150.92,https://www.amazon.sg/%E3%83%95%E3%82%B8%E3%83%9F%E6%A8%A1%E5%9E%8B-%E7%89%B9%E6%92%AE%E3%82%B7%E3%83%AA%E3%83%BC%E3%82%BA-No-4-%E3%82%A6%E3%83%AB%E3%83%88%E3%83%A9%E3%83%9B%E3%83%BC%E3%82%AF1%E5%8F%B7-%E3%83%97%E3%83%A9%E3%83%A2%E3%83%87%E3%83%AB/dp/B071VZZ3L6/ref=sr_1_114?dib=eyJ2IjoiMSJ9.MhT1ZICsSdv3x-wteTpztNwZRNeDNJP4HUsU1Plf8o5IN8Pwe3DuFErGtu8FJct1n0cND6Iyo2mVkpkmMBzDrtKrpJGe7e31yvwFluvx4sct69Qd2wBlGO-buxenIiuYRd7knZDKTvu8cy7ojDHuBbZpzgEOA6AS8Kz0GWq7cEc.FZS-Kf9xhLIcPwpGsXTxx4QFc4xyFsO9nijKDirpFK4&dib_tag=se&m=A32NZN7CIPIXS3&marketplaceID=A19VAU5U5O7RUS&qid=1775512387&refinements=p_36%3A15000-15500&s=merchant-items&sr=1-114&xpid=escbSnUlo68E6#customerReviews,フジミ模型 1/72 特撮シリーズ No.4 ウルトラホーク1号 プラモデル 特撮4
B06XCVR1L2,,153.06,https://www.amazon.sg/CANalyst-II-Analyzer-CAN-Bus-Converter-ZLGCANpro/dp/B06XCVR1L2/ref=sr_1_115?dib=eyJ2IjoiMSJ9.MhT1ZICsSdv3x-wteTpztNwZRNeDNJP4HUsU1Plf8o5IN8Pwe3DuFErGtu8FJct1n0cND6Iyo2mVkpkmMBzDrtKrpJGe7e31yvwFluvx4sct69Qd2wBlGO-buxenIiuYRd7knZDKTvu8cy7ojDHuBbZpzgEOA6AS8Kz0GWq7cEc.FZS-Kf9xhLIcPwpGsXTxx4QFc4xyFsO9nijKDirpFK4&dib_tag=se&m=A32NZN7CIPIXS3&marketplaceID=A19VAU5U5O7RUS&qid=1775512387&refinements=p_36%3A15000-15500&s=merchant-items&sr=1-115&xpid=escbSnUlo68E6,CANalyst-II USB to CAN Analyzer CAN-Bus Converter Adapter Support ZLGCANpro with OBD Plug
B06XCVR1L2,,,,
B01MR8NA5E,,152.13,https://www.amazon.sg/SUNWAYFOTO-MFR-150S-Wormdrive-Compatible-Precision/dp/B01MR8NA5E/ref=sr_1_116?dib=eyJ2IjoiMSJ9.MhT1ZICsSdv3x-wteTpztNwZRNeDNJP4HUsU1Plf8o5IN8Pwe3DuFErGtu8FJct1n0cND6Iyo2mVkpkmMBzDrtKrpJGe7e31yvwFluvx4sct69Qd2wBlGO-buxenIiuYRd7knZDKTvu8cy7ojDHuBbZpzgEOA6AS8Kz0GWq7cEc.FZS-Kf9xhLIcPwpGsXTxx4QFc4xyFsO9nijKDirpFK4&dib_tag=se&m=A32NZN7CIPIXS3&marketplaceID=A19VAU5U5O7RUS&qid=1775512387&refinements=p_36%3A15000-15500&s=merchant-items&sr=1-116&xpid=escbSnUlo68E6#customerReviews,SUNWAYFOTO MFR-150S Wormdrive 150mm Macro Rail w Arca/RRS Compatible Clamp for Precision Focus
B01MR8NA5E,,,,
B01MQ5IA76,,154.75,https://www.amazon.sg/RITCHY-WCS-C220-BLATTE17-120mm/dp/B01MQ5IA76/ref=sr_1_117?dib=eyJ2IjoiMSJ9.MhT1ZICsSdv3x-wteTpztNwZRNeDNJP4HUsU1Plf8o5IN8Pwe3DuFErGtu8FJct1n0cND6Iyo2mVkpkmMBzDrtKrpJGe7e31yvwFluvx4sct69Qd2wBlGO-buxenIiuYRd7knZDKTvu8cy7ojDHuBbZpzgEOA6AS8Kz0GWq7cEc.FZS-Kf9xhLIcPwpGsXTxx4QFc4xyFsO9nijKDirpFK4&dib_tag=se&m=A32NZN7CIPIXS3&marketplaceID=A19VAU5U5O7RUS&qid=1775512387&refinements=p_36%3A15000-15500&s=merchant-items&sr=1-117&xpid=escbSnUlo68E6#customerReviews,RITCHEY(リッチー) WCS C220 ステム (1-1/8”・クランプ径31.8) [BLATTE(ブラック)]
B01MQ5IA76,,,,
B01M8QY8TZ,,150.33,https://www.amazon.sg/Caty-Kato-Gquge-2021-W11/dp/B01M8QY8TZ/ref=sr_1_118?dib=eyJ2IjoiMSJ9.MhT1ZICsSdv3x-wteTpztNwZRNeDNJP4HUsU1Plf8o5IN8Pwe3DuFErGtu8FJct1n0cND6Iyo2mVkpkmMBzDrtKrpJGe7e31yvwFluvx4sct69Qd2wBlGO-buxenIiuYRd7knZDKTvu8cy7ojDHuBbZpzgEOA6AS8Kz0GWq7cEc.FZS-Kf9xhLIcPwpGsXTxx4QFc4xyFsO9nijKDirpFK4&dib_tag=se&m=A32NZN7CIPIXS3&marketplaceID=A19VAU5U5O7RUS&qid=1775512387&refinements=p_36%3A15000-15500&s=merchant-items&sr=1-118&xpid=escbSnUlo68E6#customerReviews,"Caty Kato ""N Gquge 2021 W11"
B01M8QY8TZ,,,,
B01LAV667I,,154.53,https://www.amazon.sg/SCS-S02-Brewer-Movable-Present-27590/dp/B01LAV667I/ref=sr_1_119?dib=eyJ2IjoiMSJ9.MhT1ZICsSdv3x-wteTpztNwZRNeDNJP4HUsU1Plf8o5IN8Pwe3DuFErGtu8FJct1n0cND6Iyo2mVkpkmMBzDrtKrpJGe7e31yvwFluvx4sct69Qd2wBlGO-buxenIiuYRd7knZDKTvu8cy7ojDHuBbZpzgEOA6AS8Kz0GWq7cEc.FZS-Kf9xhLIcPwpGsXTxx4QFc4xyFsO9nijKDirpFK4&dib_tag=se&m=A32NZN7CIPIXS3&marketplaceID=A19VAU5U5O7RUS&qid=1775512387&refinements=p_36%3A15000-15500&s=merchant-items&sr=1-119&xpid=escbSnUlo68E6#customerReviews,KINTO SCS-S02 Brewer Stand Coffee Movable Gift Present 27590
B01LAV667I,,,,
B01KUGJ11M,,154.88,https://www.amazon.sg/2BNC700-Compact-Socket-Electric-Insertion/dp/B01KUGJ11M/ref=sr_1_120?dib=eyJ2IjoiMSJ9.MhT1ZICsSdv3x-wteTpztNwZRNeDNJP4HUsU1Plf8o5IN8Pwe3DuFErGtu8FJct1n0cND6Iyo2mVkpkmMBzDrtKrpJGe7e31yvwFluvx4sct69Qd2wBlGO-buxenIiuYRd7knZDKTvu8cy7ojDHuBbZpzgEOA6AS8Kz0GWq7cEc.FZS-Kf9xhLIcPwpGsXTxx4QFc4xyFsO9nijKDirpFK4&dib_tag=se&m=A32NZN7CIPIXS3&marketplaceID=A19VAU5U5O7RUS&qid=1775512387&refinements=p_36%3A15000-15500&s=merchant-items&sr=1-120&xpid=escbSnUlo68E6#customerReviews,"Tone 2BNC700 Compact Socket Set for Electric Drills, Bit Insertion, Black, 7 Pieces"
B01KUGJ11M,,,,
B01EIRRG0C,,154.85,https://www.amazon.sg/REVOL-649506-EQ1124N-Plates-Cirrus/dp/B01EIRRG0C/ref=sr_1_121?dib=eyJ2IjoiMSJ9.MhT1ZICsSdv3x-wteTpztNwZRNeDNJP4HUsU1Plf8o5IN8Pwe3DuFErGtu8FJct1n0cND6Iyo2mVkpkmMBzDrtKrpJGe7e31yvwFluvx4sct69Qd2wBlGO-buxenIiuYRd7knZDKTvu8cy7ojDHuBbZpzgEOA6AS8Kz0GWq7cEc.FZS-Kf9xhLIcPwpGsXTxx4QFc4xyFsO9nijKDirpFK4&dib_tag=se&m=A32NZN7CIPIXS3&marketplaceID=A19VAU5U5O7RUS&qid=1775512387&refinements=p_36%3A15000-15500&s=merchant-items&sr=1-121&xpid=escbSnUlo68E6#customerReviews,"REVOL 649506/4 EQ1124N Set of 4 Coupe Plates, 9.5"", Cirrus Blue"
B01EIRRG0C,,,,
B015YP4XU8,,152.72,https://www.amazon.sg/Scientific-Anglers-Taper-Buckskin-Optic/dp/B015YP4XU8/ref=sr_1_122?dib=eyJ2IjoiMSJ9.MhT1ZICsSdv3x-wteTpztNwZRNeDNJP4HUsU1Plf8o5IN8Pwe3DuFErGtu8FJct1n0cND6Iyo2mVkpkmMBzDrtKrpJGe7e31yvwFluvx4sct69Qd2wBlGO-buxenIiuYRd7knZDKTvu8cy7ojDHuBbZpzgEOA6AS8Kz0GWq7cEc.FZS-Kf9xhLIcPwpGsXTxx4QFc4xyFsO9nijKDirpFK4&dib_tag=se&m=A32NZN7CIPIXS3&marketplaceID=A19VAU5U5O7RUS&qid=1775512387&refinements=p_36%3A15000-15500&s=merchant-items&sr=1-122&xpid=escbSnUlo68E6#customerReviews,Scientific Anglers Mastery Series MPX Taper Fly Line
B015YP4XU8,,,,
B0132H1XCG,,151.32,https://www.amazon.sg/Koken-RS3025Z8L75-Z-EAL-Socket-Insert/dp/B0132H1XCG/ref=sr_1_123?dib=eyJ2IjoiMSJ9.MhT1ZICsSdv3x-wteTpztNwZRNeDNJP4HUsU1Plf8o5IN8Pwe3DuFErGtu8FJct1n0cND6Iyo2mVkpkmMBzDrtKrpJGe7e31yvwFluvx4sct69Qd2wBlGO-buxenIiuYRd7knZDKTvu8cy7ojDHuBbZpzgEOA6AS8Kz0GWq7cEc.FZS-Kf9xhLIcPwpGsXTxx4QFc4xyFsO9nijKDirpFK4&dib_tag=se&m=A32NZN7CIPIXS3&marketplaceID=A19VAU5U5O7RUS&qid=1775512387&refinements=p_36%3A15000-15500&s=merchant-items&sr=1-123&xpid=escbSnUlo68E6#customerReviews,"Koken RS3025Z8L75 Z-EAL Torx Bit Socket Rail Set, 0.4 inch (9.5 mm) Insert, Set of 8"
B0132H1XCG,,,,
B0132H1XCG,,151.32,https://www.amazon.sg/Koken-RS3025Z8L75-Z-EAL-Socket-Insert/dp/B0132H1XCG/ref=sr_1_129?dib=eyJ2IjoiMSJ9.kLJx22O1UN_Zvq5mw-hEhm-4tuJUOd2LMUKuodi4pioXQwigzGKBziWVmOCVu-V1GD5Jmtu6xNULlUcX-aP2Bg.g2G66dcQaVangcbZ6sbC3Q5qtNBnTXZNMxaiwMp1Ho4&dib_tag=se&m=A32NZN7CIPIXS3&marketplaceID=A19VAU5U5O7RUS&qid=1775512392&refinements=p_36%3A15000-15500&s=merchant-items&sr=1-129&xpid=escbSnUlo68E6#customerReviews,"Koken RS3025Z8L75 Z-EAL Torx Bit Socket Rail Set, 0.4 inch (9.5 mm) Insert, Set of 8"
B0132H1XCG,,,,
B01143STTU,,153.92,https://www.amazon.sg/Yamaco-41108-Yamako-Shirakikawa-Boat/dp/B01143STTU/ref=sr_1_130?dib=eyJ2IjoiMSJ9.kLJx22O1UN_Zvq5mw-hEhm-4tuJUOd2LMUKuodi4pioXQwigzGKBziWVmOCVu-V1GD5Jmtu6xNULlUcX-aP2Bg.g2G66dcQaVangcbZ6sbC3Q5qtNBnTXZNMxaiwMp1Ho4&dib_tag=se&m=A32NZN7CIPIXS3&marketplaceID=A19VAU5U5O7RUS&qid=1775512392&refinements=p_36%3A15000-15500&s=merchant-items&sr=1-130&xpid=escbSnUlo68E6,Yamako 41108 Shirakikawa Boat
B01143STTU,,,,
B00YIEVLGQ,,151.02,https://www.amazon.sg/AHVF603-Half-Size-Construction-Induction-Compatible/dp/B00YIEVLGQ/ref=sr_1_131?dib=eyJ2IjoiMSJ9.kLJx22O1UN_Zvq5mw-hEhm-4tuJUOd2LMUKuodi4pioXQwigzGKBziWVmOCVu-V1GD5Jmtu6xNULlUcX-aP2Bg.g2G66dcQaVangcbZ6sbC3Q5qtNBnTXZNMxaiwMp1Ho4&dib_tag=se&m=A32NZN7CIPIXS3&marketplaceID=A19VAU5U5O7RUS&qid=1775512392&refinements=p_36%3A15000-15500&s=merchant-items&sr=1-131&xpid=escbSnUlo68E6#customerReviews,"Endo Shoji TKG AHVF603 IH Select Half-Size Pot, 8.7 inches (22 cm), 2-Layer Construction, Induction Compatible"
B00YIEVLGQ,,,,
B00Y80H9LG,,154.53,https://www.amazon.sg/Ishigaki-industry-millstone-Small-3745/dp/B00Y80H9LG/ref=sr_1_132?dib=eyJ2IjoiMSJ9.kLJx22O1UN_Zvq5mw-hEhm-4tuJUOd2LMUKuodi4pioXQwigzGKBziWVmOCVu-V1GD5Jmtu6xNULlUcX-aP2Bg.g2G66dcQaVangcbZ6sbC3Q5qtNBnTXZNMxaiwMp1Ho4&dib_tag=se&m=A32NZN7CIPIXS3&marketplaceID=A19VAU5U5O7RUS&qid=1775512392&refinements=p_36%3A15000-15500&s=merchant-items&sr=1-132&xpid=escbSnUlo68E6#customerReviews,Ishigaki industry millstone Small 3745
B00Y80H9LG,,,,
B00W2ZGP5K,,153.04,https://www.amazon.sg/World-Jerseys-Cycling-XX-Large-Multicolor/dp/B00W2ZGP5K/ref=sr_1_133?dib=eyJ2IjoiMSJ9.kLJx22O1UN_Zvq5mw-hEhm-4tuJUOd2LMUKuodi4pioXQwigzGKBziWVmOCVu-V1GD5Jmtu6xNULlUcX-aP2Bg.g2G66dcQaVangcbZ6sbC3Q5qtNBnTXZNMxaiwMp1Ho4&dib_tag=se&m=A32NZN7CIPIXS3&marketplaceID=A19VAU5U5O7RUS&qid=1775512392&refinements=p_36%3A15000-15500&s=merchant-items&sr=1-133&xpid=escbSnUlo68E6,Men's San Diego Cycling Jersey XX-Large Multicolor
B00W2ZGP5K,,,,
B00UA8LAJ2,,153.99,https://www.amazon.sg/NTN-1220S-Self-Aligning-Ball-Bearing/dp/B00UA8LAJ2/ref=sr_1_129?dib=eyJ2IjoiMSJ9.mkncxGTeeKFhO2KbNGT_2gcPZXuAGc-dJDUfTLVp5BYG7FnJBVrXBH9TjlN7VI3qtzKPlOCK3YVvOleshLuGa0_7ZtW_G84lBzBJJA1Hh6H1zW1RvjLxbZtoWD4CXxJiZPwlSumhrYR80L4gZMotjxYS0b_zSgAhrQKrygGp2iw.yAAvsEcwporWYqBCtJ7MnCfxsjqB76LqyHqWmIcjKjY&dib_tag=se&m=A32NZN7CIPIXS3&marketplaceID=A19VAU5U5O7RUS&qid=1775512392&refinements=p_36%3A15000-15500&s=merchant-items&sr=1-129&xpid=escbSnUlo68E6,NTN Self-Aligning Ball Bearing (1220)
B00UA8LAJ2,,,,
B00UA55VKY,,153.79,https://www.amazon.sg/Electro-Harmonix-Stone-Phase-Shifter-Pedal/dp/B00UA55VKY/ref=sr_1_130?dib=eyJ2IjoiMSJ9.mkncxGTeeKFhO2KbNGT_2gcPZXuAGc-dJDUfTLVp5BYG7FnJBVrXBH9TjlN7VI3qtzKPlOCK3YVvOleshLuGa0_7ZtW_G84lBzBJJA1Hh6H1zW1RvjLxbZtoWD4CXxJiZPwlSumhrYR80L4gZMotjxYS0b_zSgAhrQKrygGp2iw.yAAvsEcwporWYqBCtJ7MnCfxsjqB76LqyHqWmIcjKjY&dib_tag=se&m=A32NZN7CIPIXS3&marketplaceID=A19VAU5U5O7RUS&qid=1775512392&refinements=p_36%3A15000-15500&s=merchant-items&sr=1-130&xpid=escbSnUlo68E6#customerReviews,Electro-Harmonix Bad Stone Phase Shifter Pedal
B00UA55VKY,,,,
B00PCRJFHK,,153.97,https://www.amazon.sg/SPORT-TEK-ST259-Full-Zip-Sweatshirt-F20/dp/B00PCRJFHK/ref=sr_1_131?dib=eyJ2IjoiMSJ9.mkncxGTeeKFhO2KbNGT_2gcPZXuAGc-dJDUfTLVp5BYG7FnJBVrXBH9TjlN7VI3qtzKPlOCK3YVvOleshLuGa0_7ZtW_G84lBzBJJA1Hh6H1zW1RvjLxbZtoWD4CXxJiZPwlSumhrYR80L4gZMotjxYS0b_zSgAhrQKrygGp2iw.yAAvsEcwporWYqBCtJ7MnCfxsjqB76LqyHqWmIcjKjY&dib_tag=se&m=A32NZN7CIPIXS3&marketplaceID=A19VAU5U5O7RUS&qid=1775512392&refinements=p_36%3A15000-15500&s=merchant-items&sr=1-131&xpid=escbSnUlo68E6#customerReviews,SPORT-TEK FULL-ZIP SWEATSHIRT F20
B00PCRJFHK,,,,
B00NM6NYRU,,152.99,https://www.amazon.sg/Wing-Ishikei-Event-Staff-Figure/dp/B00NM6NYRU/ref=sr_1_132?dib=eyJ2IjoiMSJ9.mkncxGTeeKFhO2KbNGT_2gcPZXuAGc-dJDUfTLVp5BYG7FnJBVrXBH9TjlN7VI3qtzKPlOCK3YVvOleshLuGa0_7ZtW_G84lBzBJJA1Hh6H1zW1RvjLxbZtoWD4CXxJiZPwlSumhrYR80L4gZMotjxYS0b_zSgAhrQKrygGp2iw.yAAvsEcwporWYqBCtJ7MnCfxsjqB76LqyHqWmIcjKjY&dib_tag=se&m=A32NZN7CIPIXS3&marketplaceID=A19VAU5U5O7RUS&qid=1775512392&refinements=p_36%3A15000-15500&s=merchant-items&sr=1-132&xpid=escbSnUlo68E6,Wing Ishikei: Event Staff Girl PVC Figure
B00N3NDHM4,,150.74,https://www.amazon.sg/Tone-220-TAL-Inner-Socket/dp/B00N3NDHM4/ref=sr_1_133?dib=eyJ2IjoiMSJ9.mkncxGTeeKFhO2KbNGT_2gcPZXuAGc-dJDUfTLVp5BYG7FnJBVrXBH9TjlN7VI3qtzKPlOCK3YVvOleshLuGa0_7ZtW_G84lBzBJJA1Hh6H1zW1RvjLxbZtoWD4CXxJiZPwlSumhrYR80L4gZMotjxYS0b_zSgAhrQKrygGp2iw.yAAvsEcwporWYqBCtJ7MnCfxsjqB76LqyHqWmIcjKjY&dib_tag=se&m=A32NZN7CIPIXS3&marketplaceID=A19VAU5U5O7RUS&qid=1775512392&refinements=p_36%3A15000-15500&s=merchant-items&sr=1-133&xpid=escbSnUlo68E6,Tone 220 TAL Inner Socket
B00N3NDHM4,,,,
B00IN48QGA,,153.39,https://www.amazon.sg/Gedore-2734613-Impact-Socket-65/dp/B00IN48QGA/ref=sr_1_134?dib=eyJ2IjoiMSJ9.mkncxGTeeKFhO2KbNGT_2gcPZXuAGc-dJDUfTLVp5BYG7FnJBVrXBH9TjlN7VI3qtzKPlOCK3YVvOleshLuGa0_7ZtW_G84lBzBJJA1Hh6H1zW1RvjLxbZtoWD4CXxJiZPwlSumhrYR80L4gZMotjxYS0b_zSgAhrQKrygGp2iw.yAAvsEcwporWYqBCtJ7MnCfxsjqB76LqyHqWmIcjKjY&dib_tag=se&m=A32NZN7CIPIXS3&marketplaceID=A19VAU5U5O7RUS&qid=1775512392&refinements=p_36%3A15000-15500&s=merchant-items&sr=1-134&xpid=escbSnUlo68E6,Gedore 2734613 Impact Socket (Hex Side) 1 K21S 2.6 inches (65 mm)
B00IN48QGA,,,,
B00IIOWXDC,,151.32,https://www.amazon.sg/Tosho-Pruning-Shears-Type-inches/dp/B00IIOWXDC/ref=sr_1_135?dib=eyJ2IjoiMSJ9.mkncxGTeeKFhO2KbNGT_2gcPZXuAGc-dJDUfTLVp5BYG7FnJBVrXBH9TjlN7VI3qtzKPlOCK3YVvOleshLuGa0_7ZtW_G84lBzBJJA1Hh6H1zW1RvjLxbZtoWD4CXxJiZPwlSumhrYR80L4gZMotjxYS0b_zSgAhrQKrygGp2iw.yAAvsEcwporWYqBCtJ7MnCfxsjqB76LqyHqWmIcjKjY&dib_tag=se&m=A32NZN7CIPIXS3&marketplaceID=A19VAU5U5O7RUS&qid=1775512392&refinements=p_36%3A15000-15500&s=merchant-items&sr=1-135&xpid=escbSnUlo68E6,"Tosho Pruning Shears, A-Type, Metal Stop, 7.9 inches (200 mm)"
B00IIOWXDC,,,,
B00IIIK4SY,,152.8,https://www.amazon.sg/PB-755BCN-Parallel-Punch-Holder/dp/B00IIIK4SY/ref=sr_1_136?dib=eyJ2IjoiMSJ9.mkncxGTeeKFhO2KbNGT_2gcPZXuAGc-dJDUfTLVp5BYG7FnJBVrXBH9TjlN7VI3qtzKPlOCK3YVvOleshLuGa0_7ZtW_G84lBzBJJA1Hh6H1zW1RvjLxbZtoWD4CXxJiZPwlSumhrYR80L4gZMotjxYS0b_zSgAhrQKrygGp2iw.yAAvsEcwporWYqBCtJ7MnCfxsjqB76LqyHqWmIcjKjY&dib_tag=se&m=A32NZN7CIPIXS3&marketplaceID=A19VAU5U5O7RUS&qid=1775512392&refinements=p_36%3A15000-15500&s=merchant-items&sr=1-136&xpid=escbSnUlo68E6#customerReviews,PB Pebe 755BCN Parallel Pin Punch Set with Holder
B00IIIK4SY,,,,
B00HV2ZMJ4,,152.9,https://www.amazon.sg/ProMaster-UV-Digital-HD-Filter/dp/B00HV2ZMJ4/ref=sr_1_137?dib=eyJ2IjoiMSJ9.mkncxGTeeKFhO2KbNGT_2gcPZXuAGc-dJDUfTLVp5BYG7FnJBVrXBH9TjlN7VI3qtzKPlOCK3YVvOleshLuGa0_7ZtW_G84lBzBJJA1Hh6H1zW1RvjLxbZtoWD4CXxJiZPwlSumhrYR80L4gZMotjxYS0b_zSgAhrQKrygGp2iw.yAAvsEcwporWYqBCtJ7MnCfxsjqB76LqyHqWmIcjKjY&dib_tag=se&m=A32NZN7CIPIXS3&marketplaceID=A19VAU5U5O7RUS&qid=1775512392&refinements=p_36%3A15000-15500&s=merchant-items&sr=1-137&xpid=escbSnUlo68E6,ProMaster UV Digital HD Filter - 62mm
B00HV2ZMJ4,,,,
B00G5YVNXI,,152.05,https://www.amazon.sg/Kotobukiya-Shining-Buckley-Air-Adetto-Figure/dp/B00G5YVNXI/ref=sr_1_138?dib=eyJ2IjoiMSJ9.mkncxGTeeKFhO2KbNGT_2gcPZXuAGc-dJDUfTLVp5BYG7FnJBVrXBH9TjlN7VI3qtzKPlOCK3YVvOleshLuGa0_7ZtW_G84lBzBJJA1Hh6H1zW1RvjLxbZtoWD4CXxJiZPwlSumhrYR80L4gZMotjxYS0b_zSgAhrQKrygGp2iw.yAAvsEcwporWYqBCtJ7MnCfxsjqB76LqyHqWmIcjKjY&dib_tag=se&m=A32NZN7CIPIXS3&marketplaceID=A19VAU5U5O7RUS&qid=1775512392&refinements=p_36%3A15000-15500&s=merchant-items&sr=1-138&xpid=escbSnUlo68E6#customerReviews,"Kotobukiya Co., Ltd. ""Shining Blade Buckley Air-Adetto (1/8 Scale Pvc Figure)"
B00FOPF8CG,,154.0,https://www.amazon.sg/TOTO-Electromagnetic-Valve-Part-THE13/dp/B00FOPF8CG/ref=sr_1_139?dib=eyJ2IjoiMSJ9.mkncxGTeeKFhO2KbNGT_2gcPZXuAGc-dJDUfTLVp5BYG7FnJBVrXBH9TjlN7VI3qtzKPlOCK3YVvOleshLuGa0_7ZtW_G84lBzBJJA1Hh6H1zW1RvjLxbZtoWD4CXxJiZPwlSumhrYR80L4gZMotjxYS0b_zSgAhrQKrygGp2iw.yAAvsEcwporWYqBCtJ7MnCfxsjqB76LqyHqWmIcjKjY&dib_tag=se&m=A32NZN7CIPIXS3&marketplaceID=A19VAU5U5O7RUS&qid=1775512392&refinements=p_36%3A15000-15500&s=merchant-items&sr=1-139&xpid=escbSnUlo68E6#customerReviews,TOTO Electromagnetic Valve Part (For TEB1 Type) THE13
B00FOPF8CG,,,,
B00G5YVNXI,,152.05,https://www.amazon.sg/Kotobukiya-Shining-Buckley-Air-Adetto-Figure/dp/B00G5YVNXI/ref=sr_1_145?dib=eyJ2IjoiMSJ9.rqmPBXoPIP47mJZ6PmWe7vG598c2GS1MQb5Ud4yEIW8Zn_PNy0DiOeNlFG5mwdpLBlfzDegjPr375cKd0dPdqA.NaGgbTwHY614A3HrDtmnLcKtzEayxvO9I88GJwoUN4I&dib_tag=se&m=A32NZN7CIPIXS3&marketplaceID=A19VAU5U5O7RUS&qid=1775512397&refinements=p_36%3A15000-15500&s=merchant-items&sr=1-145&xpid=escbSnUlo68E6#customerReviews,"Kotobukiya Co., Ltd. ""Shining Blade Buckley Air-Adetto (1/8 Scale Pvc Figure)"
B00FOPF8CG,,154.0,https://www.amazon.sg/TOTO-Electromagnetic-Valve-Part-THE13/dp/B00FOPF8CG/ref=sr_1_146?dib=eyJ2IjoiMSJ9.rqmPBXoPIP47mJZ6PmWe7vG598c2GS1MQb5Ud4yEIW8Zn_PNy0DiOeNlFG5mwdpLBlfzDegjPr375cKd0dPdqA.NaGgbTwHY614A3HrDtmnLcKtzEayxvO9I88GJwoUN4I&dib_tag=se&m=A32NZN7CIPIXS3&marketplaceID=A19VAU5U5O7RUS&qid=1775512397&refinements=p_36%3A15000-15500&s=merchant-items&sr=1-146&xpid=escbSnUlo68E6#customerReviews,TOTO Electromagnetic Valve Part (For TEB1 Type) THE13
B00FOPF8CG,,,,
B00EP8VF4I,,152.65,https://www.amazon.sg/VALENTI-SDM86Z-SB-Jewel-Markers-Chrome/dp/B00EP8VF4I/ref=sr_1_147?dib=eyJ2IjoiMSJ9.rqmPBXoPIP47mJZ6PmWe7vG598c2GS1MQb5Ud4yEIW8Zn_PNy0DiOeNlFG5mwdpLBlfzDegjPr375cKd0dPdqA.NaGgbTwHY614A3HrDtmnLcKtzEayxvO9I88GJwoUN4I&dib_tag=se&m=A32NZN7CIPIXS3&marketplaceID=A19VAU5U5O7RUS&qid=1775512397&refinements=p_36%3A15000-15500&s=merchant-items&sr=1-147&xpid=escbSnUlo68E6#customerReviews,"VALENTI SDM86Z-SB Jewel LED Side Markers, 86/BRZ Light Smoke/Black Chrome"
B00EP8VF4I,,,,
B00DQ3WYQQ,,153.21,https://www.amazon.sg/LIXIL-TSF-126-Mirror-Cabinet-inches/dp/B00DQ3WYQQ/ref=sr_1_148?dib=eyJ2IjoiMSJ9.rqmPBXoPIP47mJZ6PmWe7vG598c2GS1MQb5Ud4yEIW8Zn_PNy0DiOeNlFG5mwdpLBlfzDegjPr375cKd0dPdqA.NaGgbTwHY614A3HrDtmnLcKtzEayxvO9I88GJwoUN4I&dib_tag=se&m=A32NZN7CIPIXS3&marketplaceID=A19VAU5U5O7RUS&qid=1775512397&refinements=p_36%3A15000-15500&s=merchant-items&sr=1-148&xpid=escbSnUlo68E6#customerReviews,"LIXIL INAX TSF-126 Mirror Cabinet, 12.6 x 4.1 x 18.1 inches (320 x 105 x 458 mm), Mirror 12.9 x 15.9 x 16.9 inches (304 x 3 x 406 mm)"
B00DQ3WYQQ,,,,
B00D3P2XC2,,155.78,https://www.amazon.sg/Freud-DS0612BW25-Diablo-Cutting-Reciprocating/dp/B00D3P2XC2/ref=sr_1_149?dib=eyJ2IjoiMSJ9.rqmPBXoPIP47mJZ6PmWe7vG598c2GS1MQb5Ud4yEIW8Zn_PNy0DiOeNlFG5mwdpLBlfzDegjPr375cKd0dPdqA.NaGgbTwHY614A3HrDtmnLcKtzEayxvO9I88GJwoUN4I&dib_tag=se&m=A32NZN7CIPIXS3&marketplaceID=A19VAU5U5O7RUS&qid=1775512397&refinements=p_36%3A15000-15500&s=merchant-items&sr=1-149&xpid=escbSnUlo68E6#customerReviews,"Freud DS0612BW25 Diablo 6"" 6/12 TPI Wood Cutting Reciprocating Saw Blade 25 Pack"
B00D3P2XC2,,,,
B00D0QUUGU,,153.36,https://www.amazon.sg/Create-Crates-Global-Kureitsuion-Cic-W72010N/dp/B00D0QUUGU/ref=sr_1_145?dib=eyJ2IjoiMSJ9.kueDwdbote8w4cNpHJrw9NyLqDro3egfjXWyBBqIuX64fiFAgsdIhMGkn0wHN0YxS-7yBMOiFHu09r84Ow_kktThZlYPh1fB_Hs8rqyZRZ8P9i5UAXizrhFuj6mkzJEu77OuDFPZhfO4B0gK_OJEJ06ycZ84vyXnI1-ykT7pOkc.6mbVhuD48I0dO5fcfiQ0qn554nzRZTeijxXZfnt3VOA&dib_tag=se&m=A32NZN7CIPIXS3&marketplaceID=A19VAU5U5O7RUS&qid=1775512397&refinements=p_36%3A15000-15500&s=merchant-items&sr=1-145&xpid=escbSnUlo68E6#customerReviews,"Create Ion Crates""[Global Use] Kureitsuion Grace Carl 32Mm Cic-W72010N"
B00D0QUUGU,,,,
B00CXDS8OW,,154.91,https://www.amazon.sg/Azumaya-Kotatsu-Square-KK-101BR-Polyester/dp/B00CXDS8OW/ref=sr_1_146?dib=eyJ2IjoiMSJ9.kueDwdbote8w4cNpHJrw9NyLqDro3egfjXWyBBqIuX64fiFAgsdIhMGkn0wHN0YxS-7yBMOiFHu09r84Ow_kktThZlYPh1fB_Hs8rqyZRZ8P9i5UAXizrhFuj6mkzJEu77OuDFPZhfO4B0gK_OJEJ06ycZ84vyXnI1-ykT7pOkc.6mbVhuD48I0dO5fcfiQ0qn554nzRZTeijxXZfnt3VOA&dib_tag=se&m=A32NZN7CIPIXS3&marketplaceID=A19VAU5U5O7RUS&qid=1775512397&refinements=p_36%3A15000-15500&s=merchant-items&sr=1-146&xpid=escbSnUlo68E6#customerReviews,Azumaya Kotatsu Futon Square (75 x 75 Inches) Brown KK-101BR 100% Polyester Fabric
B00CXDS8OW,,,,
B00B5LEH8E,,152.47,https://www.amazon.sg/Fender-Custom-Guitar-Tools-Black/dp/B00B5LEH8E/ref=sr_1_147?dib=eyJ2IjoiMSJ9.kueDwdbote8w4cNpHJrw9NyLqDro3egfjXWyBBqIuX64fiFAgsdIhMGkn0wHN0YxS-7yBMOiFHu09r84Ow_kktThZlYPh1fB_Hs8rqyZRZ8P9i5UAXizrhFuj6mkzJEu77OuDFPZhfO4B0gK_OJEJ06ycZ84vyXnI1-ykT7pOkc.6mbVhuD48I0dO5fcfiQ0qn554nzRZTeijxXZfnt3VOA&dib_tag=se&m=A32NZN7CIPIXS3&marketplaceID=A19VAU5U5O7RUS&qid=1775512397&refinements=p_36%3A15000-15500&s=merchant-items&sr=1-147&xpid=escbSnUlo68E6#customerReviews,"Fender Custom Shop Guitar Tools, Black"
B00B5LEH8E,,,,
B00ASVOPBG,,152.05,https://www.amazon.sg/Kotobukiya-Muv-Luv-Alternative-Eclipse-Barchenowa/dp/B00ASVOPBG/ref=sr_1_148?dib=eyJ2IjoiMSJ9.kueDwdbote8w4cNpHJrw9NyLqDro3egfjXWyBBqIuX64fiFAgsdIhMGkn0wHN0YxS-7yBMOiFHu09r84Ow_kktThZlYPh1fB_Hs8rqyZRZ8P9i5UAXizrhFuj6mkzJEu77OuDFPZhfO4B0gK_OJEJ06ycZ84vyXnI1-ykT7pOkc.6mbVhuD48I0dO5fcfiQ0qn554nzRZTeijxXZfnt3VOA&dib_tag=se&m=A32NZN7CIPIXS3&marketplaceID=A19VAU5U5O7RUS&qid=1775512397&refinements=p_36%3A15000-15500&s=merchant-items&sr=1-148&xpid=escbSnUlo68E6#customerReviews,"Kotobukiya "" Muv-Luv Alternative Total Eclipse Cryska Barchenowa Ani Statue Figure"
B00AQX0ZKG,,152.0,https://www.amazon.sg/HI-METAL-Scale-Macross-Valkyrie-Booster/dp/B00AQX0ZKG/ref=sr_1_149?dib=eyJ2IjoiMSJ9.kueDwdbote8w4cNpHJrw9NyLqDro3egfjXWyBBqIuX64fiFAgsdIhMGkn0wHN0YxS-7yBMOiFHu09r84Ow_kktThZlYPh1fB_Hs8rqyZRZ8P9i5UAXizrhFuj6mkzJEu77OuDFPZhfO4B0gK_OJEJ06ycZ84vyXnI1-ykT7pOkc.6mbVhuD48I0dO5fcfiQ0qn554nzRZTeijxXZfnt3VOA&dib_tag=se&m=A32NZN7CIPIXS3&marketplaceID=A19VAU5U5O7RUS&qid=1775512397&refinements=p_36%3A15000-15500&s=merchant-items&sr=1-149&xpid=escbSnUlo68E6#customerReviews,VF HI-METAL 1/100 Scale Macross 7 VF-19 Kai Fire Valkyrie Sound Booster (japan import)
B008ZTM7YK,,150.28,https://www.amazon.sg/RITCHEYE-TRAIL-Seatpost-31-6mm-400mm/dp/B008ZTM7YK/ref=sr_1_150?dib=eyJ2IjoiMSJ9.kueDwdbote8w4cNpHJrw9NyLqDro3egfjXWyBBqIuX64fiFAgsdIhMGkn0wHN0YxS-7yBMOiFHu09r84Ow_kktThZlYPh1fB_Hs8rqyZRZ8P9i5UAXizrhFuj6mkzJEu77OuDFPZhfO4B0gK_OJEJ06ycZ84vyXnI1-ykT7pOkc.6mbVhuD48I0dO5fcfiQ0qn554nzRZTeijxXZfnt3VOA&dib_tag=se&m=A32NZN7CIPIXS3&marketplaceID=A19VAU5U5O7RUS&qid=1775512397&refinements=p_36%3A15000-15500&s=merchant-items&sr=1-150&xpid=escbSnUlo68E6,"RITCHEYE WCS Link TRAIL Seatpost 31.6mm/400mm, 31.6mm/400mm"
B008ZTM7YK,,,,
B007PZ4E1Y,,151.39,https://www.amazon.sg/BRIGHTZ-PIL-BLA-280-5135-Biante-Unvisor/dp/B007PZ4E1Y/ref=sr_1_151?dib=eyJ2IjoiMSJ9.kueDwdbote8w4cNpHJrw9NyLqDro3egfjXWyBBqIuX64fiFAgsdIhMGkn0wHN0YxS-7yBMOiFHu09r84Ow_kktThZlYPh1fB_Hs8rqyZRZ8P9i5UAXizrhFuj6mkzJEu77OuDFPZhfO4B0gK_OJEJ06ycZ84vyXnI1-ykT7pOkc.6mbVhuD48I0dO5fcfiQ0qn554nzRZTeijxXZfnt3VOA&dib_tag=se&m=A32NZN7CIPIXS3&marketplaceID=A19VAU5U5O7RUS&qid=1775512397&refinements=p_36%3A15000-15500&s=merchant-items&sr=1-151&xpid=escbSnUlo68E6,"BRIGHTZ PIL-BLA-280 5135 Biante CC Series Ultra Mirror Black Plated Pillar Panel Cover, 14 PC Unvisor"
B007PZ4E1Y,,,,
B006LWJK5M,,152.59,https://www.amazon.sg/Sumiundo-08402-Yamato-Masashimi-Pieces/dp/B006LWJK5M/ref=sr_1_152?dib=eyJ2IjoiMSJ9.kueDwdbote8w4cNpHJrw9NyLqDro3egfjXWyBBqIuX64fiFAgsdIhMGkn0wHN0YxS-7yBMOiFHu09r84Ow_kktThZlYPh1fB_Hs8rqyZRZ8P9i5UAXizrhFuj6mkzJEu77OuDFPZhfO4B0gK_OJEJ06ycZ84vyXnI1-ykT7pOkc.6mbVhuD48I0dO5fcfiQ0qn554nzRZTeijxXZfnt3VOA&dib_tag=se&m=A32NZN7CIPIXS3&marketplaceID=A19VAU5U5O7RUS&qid=1775512397&refinements=p_36%3A15000-15500&s=merchant-items&sr=1-152&xpid=escbSnUlo68E6,Sumiundo 08402 Solid Ink Yamato Masashimi Blue Cloud Art Ink 3.5 Pieces
B006LWJK5M,,,,
B005M9CKTI,,150.31,https://www.amazon.sg/B125AA-B125AA-38-Handle-Diameter-inches/dp/B005M9CKTI/ref=sr_1_153?dib=eyJ2IjoiMSJ9.kueDwdbote8w4cNpHJrw9NyLqDro3egfjXWyBBqIuX64fiFAgsdIhMGkn0wHN0YxS-7yBMOiFHu09r84Ow_kktThZlYPh1fB_Hs8rqyZRZ8P9i5UAXizrhFuj6mkzJEu77OuDFPZhfO4B0gK_OJEJ06ycZ84vyXnI1-ykT7pOkc.6mbVhuD48I0dO5fcfiQ0qn554nzRZTeijxXZfnt3VOA&dib_tag=se&m=A32NZN7CIPIXS3&marketplaceID=A19VAU5U5O7RUS&qid=1775512397&refinements=p_36%3A15000-15500&s=merchant-items&sr=1-153&xpid=escbSnUlo68E6,"Nitto B125AA B125AA-38 Drop Handle, Diameter 1.0 inches (25.4 mm), 15.0 inches (380 mm), Silver"
B005M9CKTI,,,,
B005M9CKM0,,152.71,https://www.amazon.sg/B125AA-B125AA-37-Handle-Diameter-inches/dp/B005M9CKM0/ref=sr_1_154?dib=eyJ2IjoiMSJ9.kueDwdbote8w4cNpHJrw9NyLqDro3egfjXWyBBqIuX64fiFAgsdIhMGkn0wHN0YxS-7yBMOiFHu09r84Ow_kktThZlYPh1fB_Hs8rqyZRZ8P9i5UAXizrhFuj6mkzJEu77OuDFPZhfO4B0gK_OJEJ06ycZ84vyXnI1-ykT7pOkc.6mbVhuD48I0dO5fcfiQ0qn554nzRZTeijxXZfnt3VOA&dib_tag=se&m=A32NZN7CIPIXS3&marketplaceID=A19VAU5U5O7RUS&qid=1775512397&refinements=p_36%3A15000-15500&s=merchant-items&sr=1-154&xpid=escbSnUlo68E6,"Nitto B125AA B125AA-37 Drop Handle, Diameter 1.0 inches (25.4 cm), 14.6 inches (370 cm), Silver"
B005M9CKM0,,,,
B005M9CHUA,,150.74,https://www.amazon.sg/B123AA-B123AA-40-Handle-Diameter-inches/dp/B005M9CHUA/ref=sr_1_155?dib=eyJ2IjoiMSJ9.kueDwdbote8w4cNpHJrw9NyLqDro3egfjXWyBBqIuX64fiFAgsdIhMGkn0wHN0YxS-7yBMOiFHu09r84Ow_kktThZlYPh1fB_Hs8rqyZRZ8P9i5UAXizrhFuj6mkzJEu77OuDFPZhfO4B0gK_OJEJ06ycZ84vyXnI1-ykT7pOkc.6mbVhuD48I0dO5fcfiQ0qn554nzRZTeijxXZfnt3VOA&dib_tag=se&m=A32NZN7CIPIXS3&marketplaceID=A19VAU5U5O7RUS&qid=1775512397&refinements=p_36%3A15000-15500&s=merchant-items&sr=1-155&xpid=escbSnUlo68E6,"Nitto B123AA B123AA-40 Drop Handle, Diameter 1.0 inches (25.4 mm), 15.7 inches (400 mm), Silver"
B005M9CHUA,,,,
B005LMWWNK,,153.96,https://www.amazon.sg/ensky-Pieces-Piece-Jigsaw-Puzzle/dp/B005LMWWNK/ref=sr_1_161?dib=eyJ2IjoiMSJ9.mYKzGR_sFZuQtBh-cF0pSHlJsvhWdkxoeLNCH4B-7QFdaOlniWUU9k1KWcK7GmSXYJgHWCZdLNtcC5Rb5tsuLA.zTc4y45mYpBoS-reF9GvmygsrVMzKjimBGDcqhPRJtA&dib_tag=se&m=A32NZN7CIPIXS3&marketplaceID=A19VAU5U5O7RUS&qid=1775512402&refinements=p_36%3A15000-15500&s=merchant-items&sr=1-161&xpid=escbSnUlo68E6,"ensky ""[1000 Pieces] One Piece Jigsaw Puzzle 50 X 75 Cm [Japan]"
B005LMWWNK,,,,
B005JN3V9A,,151.91,https://www.amazon.sg/SUZUKI-SBH-21-C-Suzuki-Harmonica/dp/B005JN3V9A/ref=sr_1_162?dib=eyJ2IjoiMSJ9.mYKzGR_sFZuQtBh-cF0pSHlJsvhWdkxoeLNCH4B-7QFdaOlniWUU9k1KWcK7GmSXYJgHWCZdLNtcC5Rb5tsuLA.zTc4y45mYpBoS-reF9GvmygsrVMzKjimBGDcqhPRJtA&dib_tag=se&m=A32NZN7CIPIXS3&marketplaceID=A19VAU5U5O7RUS&qid=1775512402&refinements=p_36%3A15000-15500&s=merchant-items&sr=1-162&xpid=escbSnUlo68E6#customerReviews,Suzuki Harmonica (SBH-21 C#)
B005JN3V9A,,,,
B005INDSSK,,152.12,https://www.amazon.sg/ASTI001-Induction-Compatible-Stainless-Surface/dp/B005INDSSK/ref=sr_1_163?dib=eyJ2IjoiMSJ9.mYKzGR_sFZuQtBh-cF0pSHlJsvhWdkxoeLNCH4B-7QFdaOlniWUU9k1KWcK7GmSXYJgHWCZdLNtcC5Rb5tsuLA.zTc4y45mYpBoS-reF9GvmygsrVMzKjimBGDcqhPRJtA&dib_tag=se&m=A32NZN7CIPIXS3&marketplaceID=A19VAU5U5O7RUS&qid=1775512402&refinements=p_36%3A15000-15500&s=merchant-items&sr=1-163&xpid=escbSnUlo68E6#customerReviews,"Endo Shoji ASTI001 Murano Outer Wheel Pot, 6.3 inches (16 cm), Induction Compatible, 18-8 Stainless Steel, Inner Surface: Teflon Treatment"
B005INDSSK,,,,
B005INDPKQ,,153.47,https://www.amazon.sg/AKTD103-Induction-Single-Handed-Compatible-Stainless/dp/B005INDPKQ/ref=sr_1_164?dib=eyJ2IjoiMSJ9.mYKzGR_sFZuQtBh-cF0pSHlJsvhWdkxoeLNCH4B-7QFdaOlniWUU9k1KWcK7GmSXYJgHWCZdLNtcC5Rb5tsuLA.zTc4y45mYpBoS-reF9GvmygsrVMzKjimBGDcqhPRJtA&dib_tag=se&m=A32NZN7CIPIXS3&marketplaceID=A19VAU5U5O7RUS&qid=1775512402&refinements=p_36%3A15000-15500&s=merchant-items&sr=1-164&xpid=escbSnUlo68E6#customerReviews,"Endo Shoji AKTD103 Murano Induction Single-Handed Deep Pot, 7.9 inches (20 cm), No Lid, Induction Compatible, 18-8 Stainless Steel"
B005INDPKQ,,,,
B0054IQPYS,,153.65,https://www.amazon.sg/Claisan-Japan-Hemp-Cut-Canvas/dp/B0054IQPYS/ref=sr_1_165?dib=eyJ2IjoiMSJ9.mYKzGR_sFZuQtBh-cF0pSHlJsvhWdkxoeLNCH4B-7QFdaOlniWUU9k1KWcK7GmSXYJgHWCZdLNtcC5Rb5tsuLA.zTc4y45mYpBoS-reF9GvmygsrVMzKjimBGDcqhPRJtA&dib_tag=se&m=A32NZN7CIPIXS3&marketplaceID=A19VAU5U5O7RUS&qid=1775512402&refinements=p_36%3A15000-15500&s=merchant-items&sr=1-165&xpid=escbSnUlo68E6,Claisan Japan AD Hemp Cut Canvas No. F20
B0054IQPYS,,,,
B004OCLNYC,,152.22,https://www.amazon.sg/8NV-55L-Socket-Impact-Insertion-inches/dp/B004OCLNYC/ref=sr_1_161?dib=eyJ2IjoiMSJ9.uD-AJ08OdWEB4XlX_RcB51sIE6CAD19bMZUyprNEn_T5-tAsg7ZOp7A34xXKCfC0CuC-LH5CEGz1wMDKRmvAocEXWYn7-6H_fvnlJWen7AQi8a_tSCuyoR6NgjZXgdRat83BNxV4yab9Vo9qI00FVSKxS44CgIDrLSD2NRX0gy8.r3yv9wNmP8fXr1B9ZpysyEZVzH_dfRBv-g2oeaE5P0U&dib_tag=se&m=A32NZN7CIPIXS3&marketplaceID=A19VAU5U5O7RUS&qid=1775512402&refinements=p_36%3A15000-15500&s=merchant-items&sr=1-161&xpid=escbSnUlo68E6,"Tone 8NV-55L Long Socket for Impact Insertion 1.0 inches (25.4 mm) (1"") Width on Both Sides: 2.2 inches (55 mm)"
B004OCLNYC,,,,
B004MXSH0Q,,150.23,https://www.amazon.sg/CKD-4F31010AC200V-4F310-10-Ac200V/dp/B004MXSH0Q/ref=sr_1_162?dib=eyJ2IjoiMSJ9.uD-AJ08OdWEB4XlX_RcB51sIE6CAD19bMZUyprNEn_T5-tAsg7ZOp7A34xXKCfC0CuC-LH5CEGz1wMDKRmvAocEXWYn7-6H_fvnlJWen7AQi8a_tSCuyoR6NgjZXgdRat83BNxV4yab9Vo9qI00FVSKxS44CgIDrLSD2NRX0gy8.r3yv9wNmP8fXr1B9ZpysyEZVzH_dfRBv-g2oeaE5P0U&dib_tag=se&m=A32NZN7CIPIXS3&marketplaceID=A19VAU5U5O7RUS&qid=1775512402&refinements=p_36%3A15000-15500&s=merchant-items&sr=1-162&xpid=escbSnUlo68E6,CKD 4F310-10-Ac200V
B004MXSH0Q,,,,
B004MX8346,,153.48,https://www.amazon.sg/LOGOS-Freezing-Folding-Disaster-Prevention/dp/B004MX8346/ref=sr_1_163?dib=eyJ2IjoiMSJ9.uD-AJ08OdWEB4XlX_RcB51sIE6CAD19bMZUyprNEn_T5-tAsg7ZOp7A34xXKCfC0CuC-LH5CEGz1wMDKRmvAocEXWYn7-6H_fvnlJWen7AQi8a_tSCuyoR6NgjZXgdRat83BNxV4yab9Vo9qI00FVSKxS44CgIDrLSD2NRX0gy8.r3yv9wNmP8fXr1B9ZpysyEZVzH_dfRBv-g2oeaE5P0U&dib_tag=se&m=A32NZN7CIPIXS3&marketplaceID=A19VAU5U5O7RUS&qid=1775512402&refinements=p_36%3A15000-15500&s=merchant-items&sr=1-163&xpid=escbSnUlo68E6#customerReviews,"LOGOS Cooler Bag, Hyper Subzero Cooler, Cooler Box, Foldable, Disaster Preparedness"
B004MX8346,,,,
B004ISVJFU,,151.02,https://www.amazon.sg/Gedore-1500-CT1-2133-2309122-Screwdriver/dp/B004ISVJFU/ref=sr_1_164?dib=eyJ2IjoiMSJ9.uD-AJ08OdWEB4XlX_RcB51sIE6CAD19bMZUyprNEn_T5-tAsg7ZOp7A34xXKCfC0CuC-LH5CEGz1wMDKRmvAocEXWYn7-6H_fvnlJWen7AQi8a_tSCuyoR6NgjZXgdRat83BNxV4yab9Vo9qI00FVSKxS44CgIDrLSD2NRX0gy8.r3yv9wNmP8fXr1B9ZpysyEZVzH_dfRBv-g2oeaE5P0U&dib_tag=se&m=A32NZN7CIPIXS3&marketplaceID=A19VAU5U5O7RUS&qid=1775512402&refinements=p_36%3A15000-15500&s=merchant-items&sr=1-164&xpid=escbSnUlo68E6#customerReviews,Gedore 2309122 Ratchet Screwdriver
B004ISVJFU,,,,
B004HNZI4E,,150.57,https://www.amazon.sg/071090-92-ZRX400-ZRX1100-ZRX1200-Smoke/dp/B004HNZI4E/ref=sr_1_165?dib=eyJ2IjoiMSJ9.uD-AJ08OdWEB4XlX_RcB51sIE6CAD19bMZUyprNEn_T5-tAsg7ZOp7A34xXKCfC0CuC-LH5CEGz1wMDKRmvAocEXWYn7-6H_fvnlJWen7AQi8a_tSCuyoR6NgjZXgdRat83BNxV4yab9Vo9qI00FVSKxS44CgIDrLSD2NRX0gy8.r3yv9wNmP8fXr1B9ZpysyEZVzH_dfRBv-g2oeaE5P0U&dib_tag=se&m=A32NZN7CIPIXS3&marketplaceID=A19VAU5U5O7RUS&qid=1775512402&refinements=p_36%3A15000-15500&s=merchant-items&sr=1-165&xpid=escbSnUlo68E6,"POSH 071090-92 LED Tail Lamp, ZRX400, ZRX1100, ZRX1200 (-'08), Smoke"
B004HNZI4E,,,,
B00458A67A,,154.5,https://www.amazon.sg/NJ-PRO-AA-100-Silver/dp/B00458A67A/ref=sr_1_166?dib=eyJ2IjoiMSJ9.uD-AJ08OdWEB4XlX_RcB51sIE6CAD19bMZUyprNEn_T5-tAsg7ZOp7A34xXKCfC0CuC-LH5CEGz1wMDKRmvAocEXWYn7-6H_fvnlJWen7AQi8a_tSCuyoR6NgjZXgdRat83BNxV4yab9Vo9qI00FVSKxS44CgIDrLSD2NRX0gy8.r3yv9wNmP8fXr1B9ZpysyEZVzH_dfRBv-g2oeaE5P0U&dib_tag=se&m=A32NZN7CIPIXS3&marketplaceID=A19VAU5U5O7RUS&qid=1775512402&refinements=p_36%3A15000-15500&s=merchant-items&sr=1-166&xpid=escbSnUlo68E6,Nitto Stem NJ PRO AA NJ PRO AA 100 φ25.4 φ22.2 100 Silver
B00458A67A,,,,
B004395OPA,,150.38,https://www.amazon.sg/Kitaco-610-1083400-Sheet-Monkey-Piping/dp/B004395OPA/ref=sr_1_167?dib=eyJ2IjoiMSJ9.uD-AJ08OdWEB4XlX_RcB51sIE6CAD19bMZUyprNEn_T5-tAsg7ZOp7A34xXKCfC0CuC-LH5CEGz1wMDKRmvAocEXWYn7-6H_fvnlJWen7AQi8a_tSCuyoR6NgjZXgdRat83BNxV4yab9Vo9qI00FVSKxS44CgIDrLSD2NRX0gy8.r3yv9wNmP8fXr1B9ZpysyEZVzH_dfRBv-g2oeaE5P0U&dib_tag=se&m=A32NZN7CIPIXS3&marketplaceID=A19VAU5U5O7RUS&qid=1775512402&refinements=p_36%3A15000-15500&s=merchant-items&sr=1-167&xpid=escbSnUlo68E6#customerReviews,Kitaco 610-1083400 TL Sheet Type 3 Monkey Tack Roll/Black Piping
B004395OPA,,,,
B003XP84DE,,151.72,https://www.amazon.sg/Uzaki-Nissin-Fine-Karesansui-Carbide/dp/B003XP84DE/ref=sr_1_168?dib=eyJ2IjoiMSJ9.uD-AJ08OdWEB4XlX_RcB51sIE6CAD19bMZUyprNEn_T5-tAsg7ZOp7A34xXKCfC0CuC-LH5CEGz1wMDKRmvAocEXWYn7-6H_fvnlJWen7AQi8a_tSCuyoR6NgjZXgdRat83BNxV4yab9Vo9qI00FVSKxS44CgIDrLSD2NRX0gy8.r3yv9wNmP8fXr1B9ZpysyEZVzH_dfRBv-g2oeaE5P0U&dib_tag=se&m=A32NZN7CIPIXS3&marketplaceID=A19VAU5U5O7RUS&qid=1775512402&refinements=p_36%3A15000-15500&s=merchant-items&sr=1-168&xpid=escbSnUlo68E6,Uzaki Nissin Rod Fine Mode Karesansui
B003XP84DE,,,,
B003P9JPJ0,,152.36,https://www.amazon.sg/Super-Stainless-Steel-Reamer-TR1254S/dp/B003P9JPJ0/ref=sr_1_169?dib=eyJ2IjoiMSJ9.uD-AJ08OdWEB4XlX_RcB51sIE6CAD19bMZUyprNEn_T5-tAsg7ZOp7A34xXKCfC0CuC-LH5CEGz1wMDKRmvAocEXWYn7-6H_fvnlJWen7AQi8a_tSCuyoR6NgjZXgdRat83BNxV4yab9Vo9qI00FVSKxS44CgIDrLSD2NRX0gy8.r3yv9wNmP8fXr1B9ZpysyEZVzH_dfRBv-g2oeaE5P0U&dib_tag=se&m=A32NZN7CIPIXS3&marketplaceID=A19VAU5U5O7RUS&qid=1775512402&refinements=p_36%3A15000-15500&s=merchant-items&sr=1-169&xpid=escbSnUlo68E6#customerReviews,Super Stainless Steel Tube Reamer (for 12-54) TR1254S
B003P9JPJ0,,,,
B003MUKPH8,,152.98,https://www.amazon.sg/NTN-Bearing-6220ZZ-Clearance-Shielded/dp/B003MUKPH8/ref=sr_1_170?dib=eyJ2IjoiMSJ9.uD-AJ08OdWEB4XlX_RcB51sIE6CAD19bMZUyprNEn_T5-tAsg7ZOp7A34xXKCfC0CuC-LH5CEGz1wMDKRmvAocEXWYn7-6H_fvnlJWen7AQi8a_tSCuyoR6NgjZXgdRat83BNxV4yab9Vo9qI00FVSKxS44CgIDrLSD2NRX0gy8.r3yv9wNmP8fXr1B9ZpysyEZVzH_dfRBv-g2oeaE5P0U&dib_tag=se&m=A32NZN7CIPIXS3&marketplaceID=A19VAU5U5O7RUS&qid=1775512402&refinements=p_36%3A15000-15500&s=merchant-items&sr=1-170&xpid=escbSnUlo68E6,"NTN Bearing 6220ZZ Single Row Deep Groove Radial Ball Bearing, Normal Clearance, Steel Cage, 100 mm Bore ID, 180 mm OD, 34 mm Width, Double Shielded"
B003MUKPH8,,,,
B003CLM4BC,,161.78,https://www.amazon.sg/98-37-11-Hexagon-Sockets/dp/B003CLM4BC/ref=sr_1_171?dib=eyJ2IjoiMSJ9.uD-AJ08OdWEB4XlX_RcB51sIE6CAD19bMZUyprNEn_T5-tAsg7ZOp7A34xXKCfC0CuC-LH5CEGz1wMDKRmvAocEXWYn7-6H_fvnlJWen7AQi8a_tSCuyoR6NgjZXgdRat83BNxV4yab9Vo9qI00FVSKxS44CgIDrLSD2NRX0gy8.r3yv9wNmP8fXr1B9ZpysyEZVzH_dfRBv-g2oeaE5P0U&dib_tag=se&m=A32NZN7CIPIXS3&marketplaceID=A19VAU5U5O7RUS&qid=1775512402&refinements=p_36%3A15000-15500&s=merchant-items&sr=1-171&xpid=escbSnUlo68E6,"Knipex 98 37 11 3/8"" 11mm Hexagon Sockets"
B003CLM4BC,,,,
B003B3AOHM,,155.0,https://www.amazon.sg/%E6%96%B0%E6%BD%9F%E7%B2%BE%E6%A9%9F-Niigataseiki-RG25-0-RG-25-0/dp/B003B3AOHM/ref=sr_1_177?dib=eyJ2IjoiMSJ9.ObEZRLAOt9UgazBHk1yaK_45dWTFN-Z1gYNzclKM1xbELBMxAhZUO4zcBgIqrQ7SK69RYzqraz9J90cGn-cOxQ.6XG5f8KVp0IW6921g0KDlQPNoWdcjvvzEHwWAYdZqt8&dib_tag=se&m=A32NZN7CIPIXS3&marketplaceID=A19VAU5U5O7RUS&qid=1775512408&refinements=p_36%3A15000-15500&s=merchant-items&sr=1-177&xpid=escbSnUlo68E6,RG-25.0
B003B3AOHM,,,,
B003AYBZKM,,150.38,https://www.amazon.sg/Vandoren-LC23L-Ligature-Clarinet-Interchangeable/dp/B003AYBZKM/ref=sr_1_178?dib=eyJ2IjoiMSJ9.ObEZRLAOt9UgazBHk1yaK_45dWTFN-Z1gYNzclKM1xbELBMxAhZUO4zcBgIqrQ7SK69RYzqraz9J90cGn-cOxQ.6XG5f8KVp0IW6921g0KDlQPNoWdcjvvzEHwWAYdZqt8&dib_tag=se&m=A32NZN7CIPIXS3&marketplaceID=A19VAU5U5O7RUS&qid=1775512408&refinements=p_36%3A15000-15500&s=merchant-items&sr=1-178&xpid=escbSnUlo68E6#customerReviews,Vandoren LC23L Leather Ligature and Leather Cap for Alto Clarinet with 3 Interchangeable Pressure Plates
B003AYBZKM,,,,
B0035T3QIG,,151.93,https://www.amazon.sg/Locator-97-49-65-connectors/dp/B0035T3QIG/ref=sr_1_179?dib=eyJ2IjoiMSJ9.ObEZRLAOt9UgazBHk1yaK_45dWTFN-Z1gYNzclKM1xbELBMxAhZUO4zcBgIqrQ7SK69RYzqraz9J90cGn-cOxQ.6XG5f8KVp0IW6921g0KDlQPNoWdcjvvzEHwWAYdZqt8&dib_tag=se&m=A32NZN7CIPIXS3&marketplaceID=A19VAU5U5O7RUS&qid=1775512408&refinements=p_36%3A15000-15500&s=merchant-items&sr=1-179&xpid=escbSnUlo68E6,Knipex Locator for 97 49 65 (solar cable connectors MC3) 97 49 65 1
B0035T3QIG,,,,
B0035HRFFS,,150.13,https://www.amazon.sg/Heye-HY29341-Puzzle/dp/B0035HRFFS/ref=sr_1_180?dib=eyJ2IjoiMSJ9.ObEZRLAOt9UgazBHk1yaK_45dWTFN-Z1gYNzclKM1xbELBMxAhZUO4zcBgIqrQ7SK69RYzqraz9J90cGn-cOxQ.6XG5f8KVp0IW6921g0KDlQPNoWdcjvvzEHwWAYdZqt8&dib_tag=se&m=A32NZN7CIPIXS3&marketplaceID=A19VAU5U5O7RUS&qid=1775512408&refinements=p_36%3A15000-15500&s=merchant-items&sr=1-180&xpid=escbSnUlo68E6#customerReviews,Heye HY29341 Puzzle
B0035HRFFS,,,,
B002XYW41Y,,153.75,https://www.amazon.sg/Kokuyo-Japanese-Stapleless-Stapler-SLN-MSP110D/dp/B002XYW41Y/ref=sr_1_181?dib=eyJ2IjoiMSJ9.ObEZRLAOt9UgazBHk1yaK_45dWTFN-Z1gYNzclKM1xbELBMxAhZUO4zcBgIqrQ7SK69RYzqraz9J90cGn-cOxQ.6XG5f8KVp0IW6921g0KDlQPNoWdcjvvzEHwWAYdZqt8&dib_tag=se&m=A32NZN7CIPIXS3&marketplaceID=A19VAU5U5O7RUS&qid=1775512408&refinements=p_36%3A15000-15500&s=merchant-items&sr=1-181&xpid=escbSnUlo68E6#customerReviews,Kokuyo Japanese S&T Stapleless Stapler 2 Hole Type Black SLN-MSP110D
B002XYW41Y,,,,
B002UC61M2,,151.89,https://www.amazon.sg/Muromoto-HT130-HT-130-HT130-165/dp/B002UC61M2/ref=sr_1_177?dib=eyJ2IjoiMSJ9.R3FtVu-Rl0C-RDxbYJQmLsv50iJzPUMlmpOUmpJykAlq6Bm-emzdJ0MvZtFNrFeJiWVg0bfFnYwujX7lUrOvh_SEA8sxlX5I1O449u72srvYrTb7xQZC0_-u2Ch1wwRXt0VW8o0mu3v7Xm9p5pHlONbl5lwSpmMZ-sjXG3wGn70.DEJOW7qjKQht0B_9eXlXGb3rXZIDatrDp5bAi0gQN30&dib_tag=se&m=A32NZN7CIPIXS3&marketplaceID=A19VAU5U5O7RUS&qid=1775512408&refinements=p_36%3A15000-15500&s=merchant-items&sr=1-177&xpid=escbSnUlo68E6,HT-130 (HT130-165)
B002UC61M2,,,,
B002P93QT6,,153.03,https://www.amazon.sg/KOKEN-Ratcheting-Ring-Wrench-Socket/dp/B002P93QT6/ref=sr_1_178?dib=eyJ2IjoiMSJ9.R3FtVu-Rl0C-RDxbYJQmLsv50iJzPUMlmpOUmpJykAlq6Bm-emzdJ0MvZtFNrFeJiWVg0bfFnYwujX7lUrOvh_SEA8sxlX5I1O449u72srvYrTb7xQZC0_-u2Ch1wwRXt0VW8o0mu3v7Xm9p5pHlONbl5lwSpmMZ-sjXG3wGn70.DEJOW7qjKQht0B_9eXlXGb3rXZIDatrDp5bAi0gQN30&dib_tag=se&m=A32NZN7CIPIXS3&marketplaceID=A19VAU5U5O7RUS&qid=1775512408&refinements=p_36%3A15000-15500&s=merchant-items&sr=1-178&xpid=escbSnUlo68E6,KOKEN Ratcheting Ring Wrench Bit and Socket Set R 8 1 0 D
B002P93QT6,,,,
B002OYIZWU,,168.17,https://www.amazon.sg/Sea-Summit-Ultralight-Sleeping-Regular/dp/B002OYIZWU/ref=sr_1_179?dib=eyJ2IjoiMSJ9.R3FtVu-Rl0C-RDxbYJQmLsv50iJzPUMlmpOUmpJykAlq6Bm-emzdJ0MvZtFNrFeJiWVg0bfFnYwujX7lUrOvh_SEA8sxlX5I1O449u72srvYrTb7xQZC0_-u2Ch1wwRXt0VW8o0mu3v7Xm9p5pHlONbl5lwSpmMZ-sjXG3wGn70.DEJOW7qjKQht0B_9eXlXGb3rXZIDatrDp5bAi0gQN30&dib_tag=se&m=A32NZN7CIPIXS3&marketplaceID=A19VAU5U5O7RUS&qid=1775512408&refinements=p_36%3A15000-15500&s=merchant-items&sr=1-179&xpid=escbSnUlo68E6#customerReviews,"Sea to Summit Womens Ultralight Si Sleeping Mat, Womens Regular"
B002OYIZWU,,,,
B002KTUJKK,,150.13,https://www.amazon.sg/Thomson-31-8-Bicycle-10-Degree-Silver/dp/B002KTUJKK/ref=sr_1_180?dib=eyJ2IjoiMSJ9.R3FtVu-Rl0C-RDxbYJQmLsv50iJzPUMlmpOUmpJykAlq6Bm-emzdJ0MvZtFNrFeJiWVg0bfFnYwujX7lUrOvh_SEA8sxlX5I1O449u72srvYrTb7xQZC0_-u2Ch1wwRXt0VW8o0mu3v7Xm9p5pHlONbl5lwSpmMZ-sjXG3wGn70.DEJOW7qjKQht0B_9eXlXGb3rXZIDatrDp5bAi0gQN30&dib_tag=se&m=A32NZN7CIPIXS3&marketplaceID=A19VAU5U5O7RUS&qid=1775512408&refinements=p_36%3A15000-15500&s=merchant-items&sr=1-180&xpid=escbSnUlo68E6#customerReviews,Thomson X4 31.8 Bicycle Stem
B002KTUJKK,,,,
B002J9HUR6,,150.14,https://www.amazon.sg/Engineer-Tool-Kit-Piece-KS-04/dp/B002J9HUR6/ref=sr_1_181?dib=eyJ2IjoiMSJ9.R3FtVu-Rl0C-RDxbYJQmLsv50iJzPUMlmpOUmpJykAlq6Bm-emzdJ0MvZtFNrFeJiWVg0bfFnYwujX7lUrOvh_SEA8sxlX5I1O449u72srvYrTb7xQZC0_-u2Ch1wwRXt0VW8o0mu3v7Xm9p5pHlONbl5lwSpmMZ-sjXG3wGn70.DEJOW7qjKQht0B_9eXlXGb3rXZIDatrDp5bAi0gQN30&dib_tag=se&m=A32NZN7CIPIXS3&marketplaceID=A19VAU5U5O7RUS&qid=1775512408&refinements=p_36%3A15000-15500&s=merchant-items&sr=1-181&xpid=escbSnUlo68E6#customerReviews,Engineer Tool Kit 14 Piece Set KS-04
B002J9HUR6,,,,
B002EOV3U6,,153.78,https://www.amazon.sg/OHE-M-14-Compact-Ultra-Thin-Resistant/dp/B002EOV3U6/ref=sr_1_182?dib=eyJ2IjoiMSJ9.R3FtVu-Rl0C-RDxbYJQmLsv50iJzPUMlmpOUmpJykAlq6Bm-emzdJ0MvZtFNrFeJiWVg0bfFnYwujX7lUrOvh_SEA8sxlX5I1O449u72srvYrTb7xQZC0_-u2Ch1wwRXt0VW8o0mu3v7Xm9p5pHlONbl5lwSpmMZ-sjXG3wGn70.DEJOW7qjKQht0B_9eXlXGb3rXZIDatrDp5bAi0gQN30&dib_tag=se&m=A32NZN7CIPIXS3&marketplaceID=A19VAU5U5O7RUS&qid=1775512408&refinements=p_36%3A15000-15500&s=merchant-items&sr=1-182&xpid=escbSnUlo68E6#customerReviews,"OHE M-14 Compact Bath Lid, Ivory, Width 27.6 x Length 55.1 inches (70 x 140.5 cm), Next, Ultra-Thin, Slim Design, Mildew Resistant"
B002EOV3U6,,,,
B002D15MZ2,,151.64,https://www.amazon.sg/Yamako-Special-Chair-Large-58142/dp/B002D15MZ2/ref=sr_1_183?dib=eyJ2IjoiMSJ9.R3FtVu-Rl0C-RDxbYJQmLsv50iJzPUMlmpOUmpJykAlq6Bm-emzdJ0MvZtFNrFeJiWVg0bfFnYwujX7lUrOvh_SEA8sxlX5I1O449u72srvYrTb7xQZC0_-u2Ch1wwRXt0VW8o0mu3v7Xm9p5pHlONbl5lwSpmMZ-sjXG3wGn70.DEJOW7qjKQht0B_9eXlXGb3rXZIDatrDp5bAi0gQN30&dib_tag=se&m=A32NZN7CIPIXS3&marketplaceID=A19VAU5U5O7RUS&qid=1775512408&refinements=p_36%3A15000-15500&s=merchant-items&sr=1-183&xpid=escbSnUlo68E6,"Yamako Hiba Special Bath Chair, Large 58142"
B002D15MZ2,,,,
B002CZOYXU,,150.09,https://www.amazon.sg/Tajima-HTN-50-Engineer-Tensile-Strength/dp/B002CZOYXU/ref=sr_1_184?dib=eyJ2IjoiMSJ9.R3FtVu-Rl0C-RDxbYJQmLsv50iJzPUMlmpOUmpJykAlq6Bm-emzdJ0MvZtFNrFeJiWVg0bfFnYwujX7lUrOvh_SEA8sxlX5I1O449u72srvYrTb7xQZC0_-u2Ch1wwRXt0VW8o0mu3v7Xm9p5pHlONbl5lwSpmMZ-sjXG3wGn70.DEJOW7qjKQht0B_9eXlXGb3rXZIDatrDp5bAi0gQN30&dib_tag=se&m=A32NZN7CIPIXS3&marketplaceID=A19VAU5U5O7RUS&qid=1775512408&refinements=p_36%3A15000-15500&s=merchant-items&sr=1-184&xpid=escbSnUlo68E6#customerReviews,"Tajima HTN-50 Engineer Ten, Width 0.5 inches (13 mm), Length 164.4 ft (50 m), Tensile Strength 50N"
B002CZOYXU,,,,
B0028N4RX8,,154.88,https://www.amazon.sg/Thomson-Bicycle-Seatpost-Straight-31-6X410mm/dp/B0028N4RX8/ref=sr_1_185?dib=eyJ2IjoiMSJ9.R3FtVu-Rl0C-RDxbYJQmLsv50iJzPUMlmpOUmpJykAlq6Bm-emzdJ0MvZtFNrFeJiWVg0bfFnYwujX7lUrOvh_SEA8sxlX5I1O449u72srvYrTb7xQZC0_-u2Ch1wwRXt0VW8o0mu3v7Xm9p5pHlONbl5lwSpmMZ-sjXG3wGn70.DEJOW7qjKQht0B_9eXlXGb3rXZIDatrDp5bAi0gQN30&dib_tag=se&m=A32NZN7CIPIXS3&marketplaceID=A19VAU5U5O7RUS&qid=1775512408&refinements=p_36%3A15000-15500&s=merchant-items&sr=1-185&xpid=escbSnUlo68E6#customerReviews,Thomson Bike Products inc Patentsattelstütze Elite Patented seat Post
B0028N4RX8,,,,
B001VEJ3O8,,153.27,https://www.amazon.sg/CAPTAIN-Alloy-Steel-Charcoal-Grill/dp/B001VEJ3O8/ref=sr_1_186?dib=eyJ2IjoiMSJ9.R3FtVu-Rl0C-RDxbYJQmLsv50iJzPUMlmpOUmpJykAlq6Bm-emzdJ0MvZtFNrFeJiWVg0bfFnYwujX7lUrOvh_SEA8sxlX5I1O449u72srvYrTb7xQZC0_-u2Ch1wwRXt0VW8o0mu3v7Xm9p5pHlONbl5lwSpmMZ-sjXG3wGn70.DEJOW7qjKQht0B_9eXlXGb3rXZIDatrDp5bAi0gQN30&dib_tag=se&m=A32NZN7CIPIXS3&marketplaceID=A19VAU5U5O7RUS&qid=1775512408&refinements=p_36%3A15000-15500&s=merchant-items&sr=1-186&xpid=escbSnUlo68E6#customerReviews,CAPTAIN STAG Alloy Steel Charcoal Fire Grill
B001VEJ3O8,,,,
B001UNGYWO,,153.96,https://www.amazon.sg/1-713-0102-Karuguchi-English-Drafting-Drawing/dp/B001UNGYWO/ref=sr_1_187?dib=eyJ2IjoiMSJ9.R3FtVu-Rl0C-RDxbYJQmLsv50iJzPUMlmpOUmpJykAlq6Bm-emzdJ0MvZtFNrFeJiWVg0bfFnYwujX7lUrOvh_SEA8sxlX5I1O449u72srvYrTb7xQZC0_-u2Ch1wwRXt0VW8o0mu3v7Xm9p5pHlONbl5lwSpmMZ-sjXG3wGn70.DEJOW7qjKQht0B_9eXlXGb3rXZIDatrDp5bAi0gQN30&dib_tag=se&m=A32NZN7CIPIXS3&marketplaceID=A19VAU5U5O7RUS&qid=1775512408&refinements=p_36%3A15000-15500&s=merchant-items&sr=1-187&xpid=escbSnUlo68E6#customerReviews,"Uchida 1-713-0102 Karuguchi English Type Drafting Device, Extra Fine Line Drawing, High Speed"
B001UNGYWO,,,,
B001UJITKI,,154.39,https://www.amazon.sg/Sangyo-03022507-Silver-People-B-Buchi/dp/B001UJITKI/ref=sr_1_193?dib=eyJ2IjoiMSJ9.M0ruIiFO9mBrs4zkwTir8MgL4FVZJyhk5Z0GQ1Ytt74qQ0C2duiwXDiXBhJHqesw4kZVCx2-uWMJIW4L42yjZg.y4hLNSrvVeV6obrtdDHMakEWGgW2CfaYnrpVkzyLk7Y&dib_tag=se&m=A32NZN7CIPIXS3&marketplaceID=A19VAU5U5O7RUS&qid=1775512413&refinements=p_36%3A15000-15500&s=merchant-items&sr=1-193&xpid=escbSnUlo68E6,"Sanho Sangyo 03022507 Sugar Pot, Silver, For 7 People, B-Buchi Sugar Pot"
B001UJITKI,,,,
B001UJEK06,,154.48,https://www.amazon.sg/Sanho-Sangyo-03037300-Presto-Coffee/dp/B001UJEK06/ref=sr_1_194?dib=eyJ2IjoiMSJ9.M0ruIiFO9mBrs4zkwTir8MgL4FVZJyhk5Z0GQ1Ytt74qQ0C2duiwXDiXBhJHqesw4kZVCx2-uWMJIW4L42yjZg.y4hLNSrvVeV6obrtdDHMakEWGgW2CfaYnrpVkzyLk7Y&dib_tag=se&m=A32NZN7CIPIXS3&marketplaceID=A19VAU5U5O7RUS&qid=1775512413&refinements=p_36%3A15000-15500&s=merchant-items&sr=1-194&xpid=escbSnUlo68E6,Sanho Sangyo 03037300 Presto Coffee and Water Pot
B001UJEK06,,,,
B001T18COK,,151.93,https://www.amazon.sg/HOKUA-ATC2330-Meister-Aluminum-inches/dp/B001T18COK/ref=sr_1_195?dib=eyJ2IjoiMSJ9.M0ruIiFO9mBrs4zkwTir8MgL4FVZJyhk5Z0GQ1Ytt74qQ0C2duiwXDiXBhJHqesw4kZVCx2-uWMJIW4L42yjZg.y4hLNSrvVeV6obrtdDHMakEWGgW2CfaYnrpVkzyLk7Y&dib_tag=se&m=A32NZN7CIPIXS3&marketplaceID=A19VAU5U5O7RUS&qid=1775512413&refinements=p_36%3A15000-15500&s=merchant-items&sr=1-195&xpid=escbSnUlo68E6#customerReviews,"HOKUA ATC2330 Meister Aluminum Taper Pan, 11.8 inches (30 cm)"
B001T18COK,,,,
B001P4DFMU,,151.58,https://www.amazon.sg/Bandai-Macross-Transformable-Messiah-Valkyrie/dp/B001P4DFMU/ref=sr_1_196?dib=eyJ2IjoiMSJ9.M0ruIiFO9mBrs4zkwTir8MgL4FVZJyhk5Z0GQ1Ytt74qQ0C2duiwXDiXBhJHqesw4kZVCx2-uWMJIW4L42yjZg.y4hLNSrvVeV6obrtdDHMakEWGgW2CfaYnrpVkzyLk7Y&dib_tag=se&m=A32NZN7CIPIXS3&marketplaceID=A19VAU5U5O7RUS&qid=1775512413&refinements=p_36%3A15000-15500&s=merchant-items&sr=1-196&xpid=escbSnUlo68E6#customerReviews,Bandai Macross Transformable Model Kit 1/72 Scale Vf-25F Super Messiah Valkyrie Alto Custom
B001JTO584,,152.0,https://www.amazon.sg/MS-3500-BK-Music-Stand-Included/dp/B001JTO584/ref=sr_1_197?dib=eyJ2IjoiMSJ9.M0ruIiFO9mBrs4zkwTir8MgL4FVZJyhk5Z0GQ1Ytt74qQ0C2duiwXDiXBhJHqesw4kZVCx2-uWMJIW4L42yjZg.y4hLNSrvVeV6obrtdDHMakEWGgW2CfaYnrpVkzyLk7Y&dib_tag=se&m=A32NZN7CIPIXS3&marketplaceID=A19VAU5U5O7RUS&qid=1775512413&refinements=p_36%3A15000-15500&s=merchant-items&sr=1-197&xpid=escbSnUlo68E6#customerReviews,"KC MS-3500/BK Music Stand, Black (Soft Case Included)"
B001JTO584,,,,
B001CU792O,,150.05,https://www.amazon.sg/Paderno-Stainless-Steel-Quart-Sauce/dp/B001CU792O/ref=sr_1_193?dib=eyJ2IjoiMSJ9.4rm3slToj-CPy4nLIF7fbxkZFQhkVsXadQKVzDWU30OnHPks75B_o1d6yQuWbGkuk7x-KKv0IExxh9yag9WyARcf-1txVDvtuAxTz9pVwYTLL8jIcLdRPACZ7bd2oxWUfFTqzmIfO7wuR4z8_ju34UVUeEwPlBUHGLf3SHnyOaE.IrEQ0yCpKEcaN0JbL0eQQlVX1ebABFtfKC5NLVxALnU&dib_tag=se&m=A32NZN7CIPIXS3&marketplaceID=A19VAU5U5O7RUS&qid=1775512413&refinements=p_36%3A15000-15500&s=merchant-items&sr=1-193&xpid=escbSnUlo68E6#customerReviews,Paderno Stainless Steel 4 Quart Sauce Pan
B001CU792O,,,,
B001C6DUIK,,151.17,https://www.amazon.sg/Thomson-31-8-Bicycle-0-Degree-Black/dp/B001C6DUIK/ref=sr_1_194?dib=eyJ2IjoiMSJ9.4rm3slToj-CPy4nLIF7fbxkZFQhkVsXadQKVzDWU30OnHPks75B_o1d6yQuWbGkuk7x-KKv0IExxh9yag9WyARcf-1txVDvtuAxTz9pVwYTLL8jIcLdRPACZ7bd2oxWUfFTqzmIfO7wuR4z8_ju34UVUeEwPlBUHGLf3SHnyOaE.IrEQ0yCpKEcaN0JbL0eQQlVX1ebABFtfKC5NLVxALnU&dib_tag=se&m=A32NZN7CIPIXS3&marketplaceID=A19VAU5U5O7RUS&qid=1775512413&refinements=p_36%3A15000-15500&s=merchant-items&sr=1-194&xpid=escbSnUlo68E6#customerReviews,Thomson X4 31.8 Bicycle Stem
B001C6DUIK,,,,
B001823VLE,,150.74,https://www.amazon.sg/Nikko-610-metronome-Yeah/dp/B001823VLE/ref=sr_1_195?dib=eyJ2IjoiMSJ9.4rm3slToj-CPy4nLIF7fbxkZFQhkVsXadQKVzDWU30OnHPks75B_o1d6yQuWbGkuk7x-KKv0IExxh9yag9WyARcf-1txVDvtuAxTz9pVwYTLL8jIcLdRPACZ7bd2oxWUfFTqzmIfO7wuR4z8_ju34UVUeEwPlBUHGLf3SHnyOaE.IrEQ0yCpKEcaN0JbL0eQQlVX1ebABFtfKC5NLVxALnU&dib_tag=se&m=A32NZN7CIPIXS3&marketplaceID=A19VAU5U5O7RUS&qid=1775512413&refinements=p_36%3A15000-15500&s=merchant-items&sr=1-195&xpid=escbSnUlo68E6#customerReviews,Nikko metronome Yeah 610
B001823VLE,,,,
B001308IOQ,,151.12,https://www.amazon.sg/ARS-GO-3-Ars-cutlery-Cleaner/dp/B001308IOQ/ref=sr_1_196?dib=eyJ2IjoiMSJ9.4rm3slToj-CPy4nLIF7fbxkZFQhkVsXadQKVzDWU30OnHPks75B_o1d6yQuWbGkuk7x-KKv0IExxh9yag9WyARcf-1txVDvtuAxTz9pVwYTLL8jIcLdRPACZ7bd2oxWUfFTqzmIfO7wuR4z8_ju34UVUeEwPlBUHGLf3SHnyOaE.IrEQ0yCpKEcaN0JbL0eQQlVX1ebABFtfKC5NLVxALnU&dib_tag=se&m=A32NZN7CIPIXS3&marketplaceID=A19VAU5U5O7RUS&qid=1775512413&refinements=p_36%3A15000-15500&s=merchant-items&sr=1-196&xpid=escbSnUlo68E6#customerReviews,Ars cutlery Cleaner GO-3
B001308IOQ,,,,
B0012R6OGO,,150.81,https://www.amazon.sg/Non-967N-Transcription-Taipuma-Transparent-Underlay/dp/B0012R6OGO/ref=sr_1_197?dib=eyJ2IjoiMSJ9.4rm3slToj-CPy4nLIF7fbxkZFQhkVsXadQKVzDWU30OnHPks75B_o1d6yQuWbGkuk7x-KKv0IExxh9yag9WyARcf-1txVDvtuAxTz9pVwYTLL8jIcLdRPACZ7bd2oxWUfFTqzmIfO7wuR4z8_ju34UVUeEwPlBUHGLf3SHnyOaE.IrEQ0yCpKEcaN0JbL0eQQlVX1ebABFtfKC5NLVxALnU&dib_tag=se&m=A32NZN7CIPIXS3&marketplaceID=A19VAU5U5O7RUS&qid=1775512413&refinements=p_36%3A15000-15500&s=merchant-items&sr=1-197&xpid=escbSnUlo68E6#customerReviews,"Kokuyo Co, Ltd. Both Sides Non-967N Transcription Taipuma The Ink Of Playing Olefin Resin Transparent Copy Kokuyo S & T Desk Mat Soft None (Olefin And Transparent) Underlay Is Hard To Attach"
B0012R6OGO,,,,
B0012R4UBU,,153.88,https://www.amazon.sg/Kokuyo-Olefin-Transparent-Underlay-Ma-847Nm/dp/B0012R4UBU/ref=sr_1_198?dib=eyJ2IjoiMSJ9.4rm3slToj-CPy4nLIF7fbxkZFQhkVsXadQKVzDWU30OnHPks75B_o1d6yQuWbGkuk7x-KKv0IExxh9yag9WyARcf-1txVDvtuAxTz9pVwYTLL8jIcLdRPACZ7bd2oxWUfFTqzmIfO7wuR4z8_ju34UVUeEwPlBUHGLf3SHnyOaE.IrEQ0yCpKEcaN0JbL0eQQlVX1ebABFtfKC5NLVxALnU&dib_tag=se&m=A32NZN7CIPIXS3&marketplaceID=A19VAU5U5O7RUS&qid=1775512413&refinements=p_36%3A15000-15500&s=merchant-items&sr=1-198&xpid=escbSnUlo68E6#customerReviews,Kokuyo Desk Mat Soft Play Olefin Transparent W Underlay With Ma-847Nm (Japan Import)
B0012R4UBU,,,,
B000VK4Z3C,,152.59,https://www.amazon.sg/Power-Breeze-Plus-Sports-Heavy/dp/B000VK4Z3C/ref=sr_1_199?dib=eyJ2IjoiMSJ9.4rm3slToj-CPy4nLIF7fbxkZFQhkVsXadQKVzDWU30OnHPks75B_o1d6yQuWbGkuk7x-KKv0IExxh9yag9WyARcf-1txVDvtuAxTz9pVwYTLL8jIcLdRPACZ7bd2oxWUfFTqzmIfO7wuR4z8_ju34UVUeEwPlBUHGLf3SHnyOaE.IrEQ0yCpKEcaN0JbL0eQQlVX1ebABFtfKC5NLVxALnU&dib_tag=se&m=A32NZN7CIPIXS3&marketplaceID=A19VAU5U5O7RUS&qid=1775512413&refinements=p_36%3A15000-15500&s=merchant-items&sr=1-199&xpid=escbSnUlo68E6#customerReviews,(Power Breeze) Plus Sports (Heavy Load)
B000VK4Z3C,,,,
B000Q65FW6,,151.07,https://www.amazon.sg/Orchid-Chaos-Jingai-Makyo-Ignis/dp/B000Q65FW6/ref=sr_1_200?dib=eyJ2IjoiMSJ9.4rm3slToj-CPy4nLIF7fbxkZFQhkVsXadQKVzDWU30OnHPks75B_o1d6yQuWbGkuk7x-KKv0IExxh9yag9WyARcf-1txVDvtuAxTz9pVwYTLL8jIcLdRPACZ7bd2oxWUfFTqzmIfO7wuR4z8_ju34UVUeEwPlBUHGLf3SHnyOaE.IrEQ0yCpKEcaN0JbL0eQQlVX1ebABFtfKC5NLVxALnU&dib_tag=se&m=A32NZN7CIPIXS3&marketplaceID=A19VAU5U5O7RUS&qid=1775512413&refinements=p_36%3A15000-15500&s=merchant-items&sr=1-200&xpid=escbSnUlo68E6#customerReviews,Orchid Seed Chaos Gate Jingai Makyo Ignis In White Dress [1/7 Scale Pvc ] By
B000I0OORC,,153.02,https://www.amazon.sg/Casting-Seieido-CA-12-Stewed-QNK01012/dp/B000I0OORC/ref=sr_1_201?dib=eyJ2IjoiMSJ9.4rm3slToj-CPy4nLIF7fbxkZFQhkVsXadQKVzDWU30OnHPks75B_o1d6yQuWbGkuk7x-KKv0IExxh9yag9WyARcf-1txVDvtuAxTz9pVwYTLL8jIcLdRPACZ7bd2oxWUfFTqzmIfO7wuR4z8_ju34UVUeEwPlBUHGLf3SHnyOaE.IrEQ0yCpKEcaN0JbL0eQQlVX1ebABFtfKC5NLVxALnU&dib_tag=se&m=A32NZN7CIPIXS3&marketplaceID=A19VAU5U5O7RUS&qid=1775512413&refinements=p_36%3A15000-15500&s=merchant-items&sr=1-201&xpid=escbSnUlo68E6#customerReviews,"Oigen Casting Seieido CA-12 Stewed Pot, 8.3 inches (21 cm), Cast Iron, Japan QNK01012"
B000I0OORC,,,,
B000GUJVFO,,154.06,https://www.amazon.sg/Nanakurieito-Nana-Toughness-Label-Japan/dp/B000GUJVFO/ref=sr_1_202?dib=eyJ2IjoiMSJ9.4rm3slToj-CPy4nLIF7fbxkZFQhkVsXadQKVzDWU30OnHPks75B_o1d6yQuWbGkuk7x-KKv0IExxh9yag9WyARcf-1txVDvtuAxTz9pVwYTLL8jIcLdRPACZ7bd2oxWUfFTqzmIfO7wuR4z8_ju34UVUeEwPlBUHGLf3SHnyOaE.IrEQ0yCpKEcaN0JbL0eQQlVX1ebABFtfKC5NLVxALnU&dib_tag=se&m=A32NZN7CIPIXS3&marketplaceID=A19VAU5U5O7RUS&qid=1775512413&refinements=p_36%3A15000-15500&s=merchant-items&sr=1-202&xpid=escbSnUlo68E6,"""Nanakurieito Nana Toughness Label A4 (4 Side) Fcl1 (Japan Import)"
B000GUJVFO,,,,
B000GUJVEU,,154.06,https://www.amazon.sg/Nanakurieito-Nana-Toughness-Label-Japan/dp/B000GUJVEU/ref=sr_1_203?dib=eyJ2IjoiMSJ9.4rm3slToj-CPy4nLIF7fbxkZFQhkVsXadQKVzDWU30OnHPks75B_o1d6yQuWbGkuk7x-KKv0IExxh9yag9WyARcf-1txVDvtuAxTz9pVwYTLL8jIcLdRPACZ7bd2oxWUfFTqzmIfO7wuR4z8_ju34UVUeEwPlBUHGLf3SHnyOaE.IrEQ0yCpKEcaN0JbL0eQQlVX1ebABFtfKC5NLVxALnU&dib_tag=se&m=A32NZN7CIPIXS3&marketplaceID=A19VAU5U5O7RUS&qid=1775512413&refinements=p_36%3A15000-15500&s=merchant-items&sr=1-203&xpid=escbSnUlo68E6,"""Nanakurieito Nana Toughness Label A4 (15 Side) Fcl3 (Japan Import)"
B000GUJVEU,,,,
B000GUJVDQ,,152.47,https://www.amazon.sg/Nanakurieito-Toughness-Label-Fcl11-Japan/dp/B000GUJVDQ/ref=sr_1_209?dib=eyJ2IjoiMSJ9.DJ1WmehC-oqe4uoH9xqLH-GqUEfv6-VUYBcXpeLs5HdQqoWoWL--hlzUdM16A2JbZrymSWPAZgPe8800kwo-6w.4vioLxfwhEJXAmQLC-kXx_jJfHuuCUkHcmOCymaSJkc&dib_tag=se&m=A32NZN7CIPIXS3&marketplaceID=A19VAU5U5O7RUS&qid=1775512418&refinements=p_36%3A15000-15500&s=merchant-items&sr=1-209&xpid=escbSnUlo68E6,"""Nanakurieito Nana Toughness Label A4 (12 Side) Fcl11 (Japan Import)"
B000GUJVDQ,,,,
B000GS4OGC,,151.16,https://www.amazon.sg/D-I-D-530NZ-120FB-Motorcycle-Processing-Motorcycles/dp/B000GS4OGC/ref=sr_1_210?dib=eyJ2IjoiMSJ9.DJ1WmehC-oqe4uoH9xqLH-GqUEfv6-VUYBcXpeLs5HdQqoWoWL--hlzUdM16A2JbZrymSWPAZgPe8800kwo-6w.4vioLxfwhEJXAmQLC-kXx_jJfHuuCUkHcmOCymaSJkc&dib_tag=se&m=A32NZN7CIPIXS3&marketplaceID=A19VAU5U5O7RUS&qid=1775512418&refinements=p_36%3A15000-15500&s=merchant-items&sr=1-210&xpid=escbSnUlo68E6,"D.I.D 530NZ-120FB Motorcycle Chain, Includes Light Pressure Fitting Clip Joints, Steel SDH Pin Processing, For Motorcycles"
B000GS4OGC,,,,
B000FHIB90,,152.13,https://www.amazon.sg/Nanakurieito-Laser-Printer-148mm1-Imposition/dp/B000FHIB90/ref=sr_1_211?dib=eyJ2IjoiMSJ9.DJ1WmehC-oqe4uoH9xqLH-GqUEfv6-VUYBcXpeLs5HdQqoWoWL--hlzUdM16A2JbZrymSWPAZgPe8800kwo-6w.4vioLxfwhEJXAmQLC-kXx_jJfHuuCUkHcmOCymaSJkc&dib_tag=se&m=A32NZN7CIPIXS3&marketplaceID=A19VAU5U5O7RUS&qid=1775512418&refinements=p_36%3A15000-15500&s=merchant-items&sr=1-211&xpid=escbSnUlo68E6,Nanakurieito Laser Printer for Label PS Plate 100mm x 148mm1 Imposition CLH24 (Japan Import)
B000FHIB90,,,,
B000AR5Y90,,150.59,https://www.amazon.sg/UniFlame-683040-Uniflame-fire-Grill/dp/B000AR5Y90/ref=sr_1_212?dib=eyJ2IjoiMSJ9.DJ1WmehC-oqe4uoH9xqLH-GqUEfv6-VUYBcXpeLs5HdQqoWoWL--hlzUdM16A2JbZrymSWPAZgPe8800kwo-6w.4vioLxfwhEJXAmQLC-kXx_jJfHuuCUkHcmOCymaSJkc&dib_tag=se&m=A32NZN7CIPIXS3&marketplaceID=A19VAU5U5O7RUS&qid=1775512418&refinements=p_36%3A15000-15500&s=merchant-items&sr=1-212&xpid=escbSnUlo68E6#customerReviews,Uniflame fire Grill 683040
B000AR5Y90,,,,
B0002OPGBC,,152.78,https://www.amazon.sg/Gibson-Gear-PMMH-040-Electric-Guitar/dp/B0002OPGBC/ref=sr_1_213?dib=eyJ2IjoiMSJ9.DJ1WmehC-oqe4uoH9xqLH-GqUEfv6-VUYBcXpeLs5HdQqoWoWL--hlzUdM16A2JbZrymSWPAZgPe8800kwo-6w.4vioLxfwhEJXAmQLC-kXx_jJfHuuCUkHcmOCymaSJkc&dib_tag=se&m=A32NZN7CIPIXS3&marketplaceID=A19VAU5U5O7RUS&qid=1775512418&refinements=p_36%3A15000-15500&s=merchant-items&sr=1-213&xpid=escbSnUlo68E6#customerReviews,Gibson Gear PMMH-040 Electric Guitar Part
B0002OPGBC,,,,
B0002E2B2O,,150.02,https://www.amazon.sg/Bach-3507-Trombone-Mouthpiece-Silver/dp/B0002E2B2O/ref=sr_1_209?dib=eyJ2IjoiMSJ9.2aKn81n5n0jcwM4WWFvM5CimWY1GIaWVGYirj-ptNbKR3veCFjjuvfZ4B8QnyvJL8qeqUAd8pixZppXpgogsvjpb4mCCeL1BiIouPQ-AAHq_Ha5MH4VTjcCTRtzMwjOmmLCgPXeQ6RIeSs_O9osG4igAFiqni7YUtoClcut7WrQ.ESW-l3pWUt_DoL-ZRGjg9GDdTD_2GYbAPWV2WLD1PjY&dib_tag=se&m=A32NZN7CIPIXS3&marketplaceID=A19VAU5U5O7RUS&qid=1775512418&refinements=p_36%3A15000-15500&s=merchant-items&sr=1-209&xpid=escbSnUlo68E6#customerReviews,"Bach 3507 Small Shank Tenor Trombone Mouthpiece, Silver Plated, 7 Cup Medium"
B0002E2B2O,,,,
B000068NZ4,,150.25,https://www.amazon.sg/Hosa-STX-807F-Balanced-Snake-XLR3F/dp/B000068NZ4/ref=sr_1_210?dib=eyJ2IjoiMSJ9.2aKn81n5n0jcwM4WWFvM5CimWY1GIaWVGYirj-ptNbKR3veCFjjuvfZ4B8QnyvJL8qeqUAd8pixZppXpgogsvjpb4mCCeL1BiIouPQ-AAHq_Ha5MH4VTjcCTRtzMwjOmmLCgPXeQ6RIeSs_O9osG4igAFiqni7YUtoClcut7WrQ.ESW-l3pWUt_DoL-ZRGjg9GDdTD_2GYbAPWV2WLD1PjY&dib_tag=se&m=A32NZN7CIPIXS3&marketplaceID=A19VAU5U5O7RUS&qid=1775512418&refinements=p_36%3A15000-15500&s=merchant-items&sr=1-210&xpid=escbSnUlo68E6#customerReviews,"Hosa STX-807F Balanced Snake, XLR3F to 1/4 in TRS, 7 m"
B000068NZ4,,,,
B0B2ZLPHK8,,165.97,https://www.amazon.sg/Love-Soul-Dream-Designs-Monster/dp/B0B2ZLPHK8/ref=sr_1_211?dib=eyJ2IjoiMSJ9.2aKn81n5n0jcwM4WWFvM5CimWY1GIaWVGYirj-ptNbKR3veCFjjuvfZ4B8QnyvJL8qeqUAd8pixZppXpgogsvjpb4mCCeL1BiIouPQ-AAHq_Ha5MH4VTjcCTRtzMwjOmmLCgPXeQ6RIeSs_O9osG4igAFiqni7YUtoClcut7WrQ.ESW-l3pWUt_DoL-ZRGjg9GDdTD_2GYbAPWV2WLD1PjY&dib_tag=se&m=A32NZN7CIPIXS3&marketplaceID=A19VAU5U5O7RUS&qid=1775512418&refinements=p_36%3A15000-15500&s=merchant-items&sr=1-211&xpid=escbSnUlo68E6#customerReviews,Love Soul Dream Designs Hip Bag Tune Monster Fishing Bag Shoulder Large Capacity Rod Holder Langan Water Repellent Fabric Multifunctional
B0B2ZLPHK8,,,,
B09RDXKY57,,159.33,https://www.amazon.sg/TPSH50-1P10-Hanging-Maximum-Working-Capacity/dp/B09RDXKY57/ref=sr_1_212?dib=eyJ2IjoiMSJ9.2aKn81n5n0jcwM4WWFvM5CimWY1GIaWVGYirj-ptNbKR3veCFjjuvfZ4B8QnyvJL8qeqUAd8pixZppXpgogsvjpb4mCCeL1BiIouPQ-AAHq_Ha5MH4VTjcCTRtzMwjOmmLCgPXeQ6RIeSs_O9osG4igAFiqni7YUtoClcut7WrQ.ESW-l3pWUt_DoL-ZRGjg9GDdTD_2GYbAPWV2WLD1PjY&dib_tag=se&m=A32NZN7CIPIXS3&marketplaceID=A19VAU5U5O7RUS&qid=1775512418&refinements=p_36%3A15000-15500&s=merchant-items&sr=1-212&xpid=escbSnUlo68E6,"TRUSCO TPSH50-1P10 Single Hanging Belt Sling Set, 2.0 inches (50 mm) Width x 3.3 ft (1 m), Maximum Working Load Capacity: 0.6 oz (2 g)"
B09RDXKY57,,,,
B08WWG4JW1,,163.86,https://www.amazon.sg/LEGO-Stuntz-60295-Stunt-Pieces/dp/B08WWG4JW1/ref=sr_1_213?dib=eyJ2IjoiMSJ9.2aKn81n5n0jcwM4WWFvM5CimWY1GIaWVGYirj-ptNbKR3veCFjjuvfZ4B8QnyvJL8qeqUAd8pixZppXpgogsvjpb4mCCeL1BiIouPQ-AAHq_Ha5MH4VTjcCTRtzMwjOmmLCgPXeQ6RIeSs_O9osG4igAFiqni7YUtoClcut7WrQ.ESW-l3pWUt_DoL-ZRGjg9GDdTD_2GYbAPWV2WLD1PjY&dib_tag=se&m=A32NZN7CIPIXS3&marketplaceID=A19VAU5U5O7RUS&qid=1775512418&refinements=p_36%3A15000-15500&s=merchant-items&sr=1-213&xpid=escbSnUlo68E6#customerReviews,LEGO City Stuntz 60295 Stunt Show Arena (668 Pieces)
B07D4VJV61,,152.83,https://www.amazon.sg/Venum-Challenger-3-0-Boxing-Gloves/dp/B07D4VJV61/ref=sr_1_214?dib=eyJ2IjoiMSJ9.2aKn81n5n0jcwM4WWFvM5CimWY1GIaWVGYirj-ptNbKR3veCFjjuvfZ4B8QnyvJL8qeqUAd8pixZppXpgogsvjpb4mCCeL1BiIouPQ-AAHq_Ha5MH4VTjcCTRtzMwjOmmLCgPXeQ6RIeSs_O9osG4igAFiqni7YUtoClcut7WrQ.ESW-l3pWUt_DoL-ZRGjg9GDdTD_2GYbAPWV2WLD1PjY&dib_tag=se&m=A32NZN7CIPIXS3&marketplaceID=A19VAU5U5O7RUS&qid=1775512418&refinements=p_36%3A15000-15500&s=merchant-items&sr=1-214&xpid=escbSnUlo68E6#customerReviews,Venum Challenger 3.0 Boxing Gloves
B07D4VJV61,,,,
B01MQQS6FQ,,151.03,https://www.amazon.sg/SOTO-Airsta-Bonfire-Stand-ST-940WL/dp/B01MQQS6FQ/ref=sr_1_215?dib=eyJ2IjoiMSJ9.2aKn81n5n0jcwM4WWFvM5CimWY1GIaWVGYirj-ptNbKR3veCFjjuvfZ4B8QnyvJL8qeqUAd8pixZppXpgogsvjpb4mCCeL1BiIouPQ-AAHq_Ha5MH4VTjcCTRtzMwjOmmLCgPXeQ6RIeSs_O9osG4igAFiqni7YUtoClcut7WrQ.ESW-l3pWUt_DoL-ZRGjg9GDdTD_2GYbAPWV2WLD1PjY&dib_tag=se&m=A32NZN7CIPIXS3&marketplaceID=A19VAU5U5O7RUS&qid=1775512418&refinements=p_36%3A15000-15500&s=merchant-items&sr=1-215&xpid=escbSnUlo68E6#customerReviews,"Soto Bonfire Stand, Lightweight, Compact, Duo, Family, Group, Camping, Outdoors, Bonfire Stand, Airsta, Base ST-940M, Wing L ST-940L, Stand ST-940S, Grill ST-940G, Grill, ST-940N, Rostol ST-940R,"
B01MQQS6FQ,,,,
B01586FQB8,,161.38,https://www.amazon.sg/YAMAZAKI-Square-Umbrella-Stand-Black/dp/B01586FQB8/ref=sr_1_216?dib=eyJ2IjoiMSJ9.2aKn81n5n0jcwM4WWFvM5CimWY1GIaWVGYirj-ptNbKR3veCFjjuvfZ4B8QnyvJL8qeqUAd8pixZppXpgogsvjpb4mCCeL1BiIouPQ-AAHq_Ha5MH4VTjcCTRtzMwjOmmLCgPXeQ6RIeSs_O9osG4igAFiqni7YUtoClcut7WrQ.ESW-l3pWUt_DoL-ZRGjg9GDdTD_2GYbAPWV2WLD1PjY&dib_tag=se&m=A32NZN7CIPIXS3&marketplaceID=A19VAU5U5O7RUS&qid=1775512418&refinements=p_36%3A15000-15500&s=merchant-items&sr=1-216&xpid=escbSnUlo68E6#customerReviews,"YAMAZAKI home Nine Square Umbrella Stand, Black"
B01586FQB8,,,,
B004P4QAB0,,167.6,https://www.amazon.sg/Land-Rover-Defender-Station-Trailer/dp/B004P4QAB0/ref=sr_1_217?dib=eyJ2IjoiMSJ9.2aKn81n5n0jcwM4WWFvM5CimWY1GIaWVGYirj-ptNbKR3veCFjjuvfZ4B8QnyvJL8qeqUAd8pixZppXpgogsvjpb4mCCeL1BiIouPQ-AAHq_Ha5MH4VTjcCTRtzMwjOmmLCgPXeQ6RIeSs_O9osG4igAFiqni7YUtoClcut7WrQ.ESW-l3pWUt_DoL-ZRGjg9GDdTD_2GYbAPWV2WLD1PjY&dib_tag=se&m=A32NZN7CIPIXS3&marketplaceID=A19VAU5U5O7RUS&qid=1775512418&refinements=p_36%3A15000-15500&s=merchant-items&sr=1-217&xpid=escbSnUlo68E6#customerReviews,Bruder Toys Land Rover Defender Station Wagon With Horse Trailer And 1 Horse
B004P4QAB0,,,,
B000OE6P9W,,153.44,https://www.amazon.sg/Bruder-Claas-Nectis-Frontloader-Trailer/dp/B000OE6P9W/ref=sr_1_218?dib=eyJ2IjoiMSJ9.2aKn81n5n0jcwM4WWFvM5CimWY1GIaWVGYirj-ptNbKR3veCFjjuvfZ4B8QnyvJL8qeqUAd8pixZppXpgogsvjpb4mCCeL1BiIouPQ-AAHq_Ha5MH4VTjcCTRtzMwjOmmLCgPXeQ6RIeSs_O9osG4igAFiqni7YUtoClcut7WrQ.ESW-l3pWUt_DoL-ZRGjg9GDdTD_2GYbAPWV2WLD1PjY&dib_tag=se&m=A32NZN7CIPIXS3&marketplaceID=A19VAU5U5O7RUS&qid=1775512418&refinements=p_36%3A15000-15500&s=merchant-items&sr=1-218&xpid=escbSnUlo68E6#customerReviews,Bruder Claas Nectis 267 F With Frontloader And Trailer
B000OE6P9W,,,,
B07YS1G7HS,,153.77,https://www.amazon.sg/Yoshida-porter-PORTER-Ghillie-886-16142/dp/B07YS1G7HS/ref=sr_1_219?dib=eyJ2IjoiMSJ9.2aKn81n5n0jcwM4WWFvM5CimWY1GIaWVGYirj-ptNbKR3veCFjjuvfZ4B8QnyvJL8qeqUAd8pixZppXpgogsvjpb4mCCeL1BiIouPQ-AAHq_Ha5MH4VTjcCTRtzMwjOmmLCgPXeQ6RIeSs_O9osG4igAFiqni7YUtoClcut7WrQ.ESW-l3pWUt_DoL-ZRGjg9GDdTD_2GYbAPWV2WLD1PjY&dib_tag=se&m=A32NZN7CIPIXS3&marketplaceID=A19VAU5U5O7RUS&qid=1775512418&refinements=p_36%3A15000-15500&s=merchant-items&sr=1-219&xpid=escbSnUlo68E6#customerReviews,"Yoshida Bag [porter] PORTER Gilly Ghillie Long Wallet 886-16142 Alpine camo / 22, Alpine camo"
B07YS1G7HS,,,,
B07YS1CXZT,,153.77,https://www.amazon.sg/Yoshida-PORTER-Ghillie-886-16142-Woodland/dp/B07YS1CXZT/ref=sr_1_225?dib=eyJ2IjoiMSJ9.Lperuh1UpoN7HwQs8eIOQe63D0DLtYe5olzCx3AEUwnapfcma2NUUGri8UZN86Zl9F-AsFltJ4N9tSG65Fp1IA.qTHXjBi5yKNdoYdne1HsUJJKkZEhy3F4zsB8N-PHUUo&dib_tag=se&m=A32NZN7CIPIXS3&marketplaceID=A19VAU5U5O7RUS&qid=1775512424&refinements=p_36%3A15000-15500&s=merchant-items&sr=1-225&xpid=escbSnUlo68E6#customerReviews,"Yoshida Bag [porter] PORTER Gilly Ghillie Long Wallet 886-16142 Woodland Duck / 33, Woodland duck"
B07YS1CXZT,,,,
B00CJNLV6S,,153.46,https://www.amazon.sg/CASIO-Shock-Quartz-Watch-Resin/dp/B00CJNLV6S/ref=sr_1_226?dib=eyJ2IjoiMSJ9.Lperuh1UpoN7HwQs8eIOQe63D0DLtYe5olzCx3AEUwnapfcma2NUUGri8UZN86Zl9F-AsFltJ4N9tSG65Fp1IA.qTHXjBi5yKNdoYdne1HsUJJKkZEhy3F4zsB8N-PHUUo&dib_tag=se&m=A32NZN7CIPIXS3&marketplaceID=A19VAU5U5O7RUS&qid=1775512424&refinements=p_36%3A15000-15500&s=merchant-items&sr=1-226&xpid=escbSnUlo68E6#customerReviews,Casio Men's DW5600BB G-Shock Black Out Watch
B00CJNLV6S,,,,
B003ART50G,,151.17,https://www.amazon.sg/Birkenstock-Unisex-Arizona-Black-Sandals/dp/B003ART50G/ref=sr_1_227?dib=eyJ2IjoiMSJ9.Lperuh1UpoN7HwQs8eIOQe63D0DLtYe5olzCx3AEUwnapfcma2NUUGri8UZN86Zl9F-AsFltJ4N9tSG65Fp1IA.qTHXjBi5yKNdoYdne1HsUJJKkZEhy3F4zsB8N-PHUUo&dib_tag=se&m=A32NZN7CIPIXS3&marketplaceID=A19VAU5U5O7RUS&qid=1775512424&refinements=p_36%3A15000-15500&s=merchant-items&sr=1-227&xpid=escbSnUlo68E6#customerReviews,Birkenstock
B003ART50G,,,,
B0BZCNPCTK,,153.83,https://www.amazon.sg/BGA-320-3AJF-Wristwatch-Genuine-Domestic-Product/dp/B0BZCNPCTK/ref=sr_1_228?dib=eyJ2IjoiMSJ9.Lperuh1UpoN7HwQs8eIOQe63D0DLtYe5olzCx3AEUwnapfcma2NUUGri8UZN86Zl9F-AsFltJ4N9tSG65Fp1IA.qTHXjBi5yKNdoYdne1HsUJJKkZEhy3F4zsB8N-PHUUo&dib_tag=se&m=A32NZN7CIPIXS3&marketplaceID=A19VAU5U5O7RUS&qid=1775512424&refinements=p_36%3A15000-15500&s=merchant-items&sr=1-228&xpid=escbSnUlo68E6#customerReviews,Casio Baby Watch
B0BZCNPCTK,,,,
B09WH4TLMZ,,153.19,https://www.amazon.sg/BA-110XRG-Baby-G-Shipped-Released-BA-110XRG-7AJF/dp/B09WH4TLMZ/ref=sr_1_229?dib=eyJ2IjoiMSJ9.Lperuh1UpoN7HwQs8eIOQe63D0DLtYe5olzCx3AEUwnapfcma2NUUGri8UZN86Zl9F-AsFltJ4N9tSG65Fp1IA.qTHXjBi5yKNdoYdne1HsUJJKkZEhy3F4zsB8N-PHUUo&dib_tag=se&m=A32NZN7CIPIXS3&marketplaceID=A19VAU5U5O7RUS&qid=1775512424&refinements=p_36%3A15000-15500&s=merchant-items&sr=1-229&xpid=escbSnUlo68E6#customerReviews,Casio BA-110 Series Baby Watch
B09WH4TLMZ,,,,
B09SM4WLFS,,150.95,https://www.amazon.sg/G-Shock-GA2100-1A3-Accent-Watch-Digital/dp/B09SM4WLFS/ref=sr_1_225?dib=eyJ2IjoiMSJ9.ITZDlz_db3meg_5eIHQng1DA2exzbsM3Pdrdr4SgcqdqghR49Tl8BN2p5s9G6Gfu_XBZcf6KCH7eUUM4CsgDg-IXtKh4YkVBjzpedMdHZWsrQnmpGxklwlSrfQ5BS4nNsF0Y-qy-4P6NsQ-RwPe4YA.1gy8CicNg4T2rU-hpl58Lp1LSA4cJXGuLINil_QOryA&dib_tag=se&m=A32NZN7CIPIXS3&marketplaceID=A19VAU5U5O7RUS&qid=1775512424&refinements=p_36%3A15000-15500&s=merchant-items&sr=1-225&xpid=escbSnUlo68E6#customerReviews,"G-Shock GA2100-1A3 Neon Accent Watch, Green, Black/Green, One Size, Digital"
B09SM4WLFS,,,,
B09NHWST3L,,154.35,https://www.amazon.sg/KEEN-Howser-Slipper-Black-Magnet/dp/B09NHWST3L/ref=sr_1_226?dib=eyJ2IjoiMSJ9.ITZDlz_db3meg_5eIHQng1DA2exzbsM3Pdrdr4SgcqdqghR49Tl8BN2p5s9G6Gfu_XBZcf6KCH7eUUM4CsgDg-IXtKh4YkVBjzpedMdHZWsrQnmpGxklwlSrfQ5BS4nNsF0Y-qy-4P6NsQ-RwPe4YA.1gy8CicNg4T2rU-hpl58Lp1LSA4cJXGuLINil_QOryA&dib_tag=se&m=A32NZN7CIPIXS3&marketplaceID=A19VAU5U5O7RUS&qid=1775512424&refinements=p_36%3A15000-15500&s=merchant-items&sr=1-226&xpid=escbSnUlo68E6#customerReviews,KEEN Men's Howser 2 Casual Slippers Hiking Shoe
B09NHWST3L,,,,
B078KNR13D,,150.81,https://www.amazon.sg/CONDOR-ODYSSEY-PANTS-CHARCOAL-101176-028-38-32/dp/B078KNR13D/ref=sr_1_227?dib=eyJ2IjoiMSJ9.ITZDlz_db3meg_5eIHQng1DA2exzbsM3Pdrdr4SgcqdqghR49Tl8BN2p5s9G6Gfu_XBZcf6KCH7eUUM4CsgDg-IXtKh4YkVBjzpedMdHZWsrQnmpGxklwlSrfQ5BS4nNsF0Y-qy-4P6NsQ-RwPe4YA.1gy8CicNg4T2rU-hpl58Lp1LSA4cJXGuLINil_QOryA&dib_tag=se&m=A32NZN7CIPIXS3&marketplaceID=A19VAU5U5O7RUS&qid=1775512424&refinements=p_36%3A15000-15500&s=merchant-items&sr=1-227&xpid=escbSnUlo68E6#customerReviews,Condor Outdoor Odyssey Urban Outdoor Pants GEN 2
B078KNR13D,,,,
B078KHJ2DD,,151.03,https://www.amazon.sg/CONDOR-ODYSSEY-PANTS-CHARCOAL-101176-028-30-30/dp/B078KHJ2DD/ref=sr_1_228?dib=eyJ2IjoiMSJ9.ITZDlz_db3meg_5eIHQng1DA2exzbsM3Pdrdr4SgcqdqghR49Tl8BN2p5s9G6Gfu_XBZcf6KCH7eUUM4CsgDg-IXtKh4YkVBjzpedMdHZWsrQnmpGxklwlSrfQ5BS4nNsF0Y-qy-4P6NsQ-RwPe4YA.1gy8CicNg4T2rU-hpl58Lp1LSA4cJXGuLINil_QOryA&dib_tag=se&m=A32NZN7CIPIXS3&marketplaceID=A19VAU5U5O7RUS&qid=1775512424&refinements=p_36%3A15000-15500&s=merchant-items&sr=1-228&xpid=escbSnUlo68E6#customerReviews,Condor Outdoor Odyssey Urban Outdoor Pants GEN 2
B078KHJ2DD,,,,
B078KCVVJ6,,153.74,https://www.amazon.sg/CONDOR-ODYSSEY-PANTS-EARTH-101176-029-36-32/dp/B078KCVVJ6/ref=sr_1_229?dib=eyJ2IjoiMSJ9.ITZDlz_db3meg_5eIHQng1DA2exzbsM3Pdrdr4SgcqdqghR49Tl8BN2p5s9G6Gfu_XBZcf6KCH7eUUM4CsgDg-IXtKh4YkVBjzpedMdHZWsrQnmpGxklwlSrfQ5BS4nNsF0Y-qy-4P6NsQ-RwPe4YA.1gy8CicNg4T2rU-hpl58Lp1LSA4cJXGuLINil_QOryA&dib_tag=se&m=A32NZN7CIPIXS3&marketplaceID=A19VAU5U5O7RUS&qid=1775512424&refinements=p_36%3A15000-15500&s=merchant-items&sr=1-229&xpid=escbSnUlo68E6#customerReviews,Condor Outdoor Odyssey Urban Outdoor Pants GEN 2
B00IK5Z3T0,,151.76,https://www.amazon.sg/G-Shock-CASIO-watch-GA-100CF-1A9JF-Mens/dp/B00IK5Z3T0/ref=sr_1_230?dib=eyJ2IjoiMSJ9.ITZDlz_db3meg_5eIHQng1DA2exzbsM3Pdrdr4SgcqdqghR49Tl8BN2p5s9G6Gfu_XBZcf6KCH7eUUM4CsgDg-IXtKh4YkVBjzpedMdHZWsrQnmpGxklwlSrfQ5BS4nNsF0Y-qy-4P6NsQ-RwPe4YA.1gy8CicNg4T2rU-hpl58Lp1LSA4cJXGuLINil_QOryA&dib_tag=se&m=A32NZN7CIPIXS3&marketplaceID=A19VAU5U5O7RUS&qid=1775512424&refinements=p_36%3A15000-15500&s=merchant-items&sr=1-230&xpid=escbSnUlo68E6#customerReviews,G-Shock CASIO watch GA-100CF-1A9JF Men's
B00IK5Z3T0,,,,
B00A1ITAMA,,150.54,https://www.amazon.sg/CONDOR-STEALTH-OPERATOR-POLY-COTTON-610T-004-36-32/dp/B00A1ITAMA/ref=sr_1_231?dib=eyJ2IjoiMSJ9.ITZDlz_db3meg_5eIHQng1DA2exzbsM3Pdrdr4SgcqdqghR49Tl8BN2p5s9G6Gfu_XBZcf6KCH7eUUM4CsgDg-IXtKh4YkVBjzpedMdHZWsrQnmpGxklwlSrfQ5BS4nNsF0Y-qy-4P6NsQ-RwPe4YA.1gy8CicNg4T2rU-hpl58Lp1LSA4cJXGuLINil_QOryA&dib_tag=se&m=A32NZN7CIPIXS3&marketplaceID=A19VAU5U5O7RUS&qid=1775512424&refinements=p_36%3A15000-15500&s=merchant-items&sr=1-231&xpid=escbSnUlo68E6#customerReviews,CONDOR STEALTH OPERATOR PANTS
B00A1ITAMA,,,,
B0039MHUG8,,154.68,https://www.amazon.sg/G-Shock-GA-100-1A1JF-Casio-GA-100_-_1_A1JF_-_Wristwatch/dp/B0039MHUG8/ref=sr_1_232?dib=eyJ2IjoiMSJ9.ITZDlz_db3meg_5eIHQng1DA2exzbsM3Pdrdr4SgcqdqghR49Tl8BN2p5s9G6Gfu_XBZcf6KCH7eUUM4CsgDg-IXtKh4YkVBjzpedMdHZWsrQnmpGxklwlSrfQ5BS4nNsF0Y-qy-4P6NsQ-RwPe4YA.1gy8CicNg4T2rU-hpl58Lp1LSA4cJXGuLINil_QOryA&dib_tag=se&m=A32NZN7CIPIXS3&marketplaceID=A19VAU5U5O7RUS&qid=1775512424&refinements=p_36%3A15000-15500&s=merchant-items&sr=1-232&xpid=escbSnUlo68E6#customerReviews,Casio GA-100_-_1_A1JF_-_Wristwatch
B0039MHUG8,,,,
B001D7FNHO,,154.72,https://www.amazon.sg/%E6%96%B0%E6%BD%9F%E7%B2%BE%E6%A9%9F-Niigataseiki-MC12250C-MC122-50C/dp/B001D7FNHO/ref=sr_1_233?dib=eyJ2IjoiMSJ9.ITZDlz_db3meg_5eIHQng1DA2exzbsM3Pdrdr4SgcqdqghR49Tl8BN2p5s9G6Gfu_XBZcf6KCH7eUUM4CsgDg-IXtKh4YkVBjzpedMdHZWsrQnmpGxklwlSrfQ5BS4nNsF0Y-qy-4P6NsQ-RwPe4YA.1gy8CicNg4T2rU-hpl58Lp1LSA4cJXGuLINil_QOryA&dib_tag=se&m=A32NZN7CIPIXS3&marketplaceID=A19VAU5U5O7RUS&qid=1775512424&refinements=p_36%3A15000-15500&s=merchant-items&sr=1-233&xpid=escbSnUlo68E6,MC122-50C
B001D7FNHO,,,,
B0007LVAW4,,152.62,https://www.amazon.sg/Rothco-Ranger-Vests-Khaki-S/dp/B0007LVAW4/ref=sr_1_234?dib=eyJ2IjoiMSJ9.ITZDlz_db3meg_5eIHQng1DA2exzbsM3Pdrdr4SgcqdqghR49Tl8BN2p5s9G6Gfu_XBZcf6KCH7eUUM4CsgDg-IXtKh4YkVBjzpedMdHZWsrQnmpGxklwlSrfQ5BS4nNsF0Y-qy-4P6NsQ-RwPe4YA.1gy8CicNg4T2rU-hpl58Lp1LSA4cJXGuLINil_QOryA&dib_tag=se&m=A32NZN7CIPIXS3&marketplaceID=A19VAU5U5O7RUS&qid=1775512424&refinements=p_36%3A15000-15500&s=merchant-items&sr=1-234&xpid=escbSnUlo68E6#customerReviews,Rothco Ranger Vest
B0007LVAW4,,,,
