ASIN,Brand,Price,URL,Title
B0BMXVP8F5,Vinyl,210.16,https://www.amazon.sg/Somethings-Cookin-Analog-Sugarpie-Candymen/dp/B0BMXVP8F5/ref=sr_1_1?dib=eyJ2IjoiMSJ9.FOU0wSASUy5yvamIdKv8trJCbLkkmHSFufKUPXby7ylQFLQz2XGby0cOHGq0gBDPHy0OugLG53vGeX1J5UngZVcyPWF4bMZTeYV5Ser3tAE8A8lWxT4SjNy2SGSPSVy-7gok9_rGCbUWXLMjxmis119GJRZctVDsDldT7P_42gTEExx5eOPefsl-4MEAIwcVfwqu0Zr-jgU1hHMfr8WoP5A-C8zPaVimJmrrz8sbEZE.B_X-FlJvLQYAtJWg8W9AQCZA-LvaWi8E79Aizh-WnC0&dib_tag=se&m=A1YKPOZG28EHWI&marketplaceID=A19VAU5U5O7RUS&qid=1776421124&refinements=p_36%3A21000-21500&s=merchant-items&sr=1-1#customerReviews,Something's Cookin [Analog]
B0B2HD6BSQ,Audio CD,214.7,https://www.amazon.sg/4-phenomena-ver-Photon-Maiden/dp/B0B2HD6BSQ/ref=sr_1_2?dib=eyJ2IjoiMSJ9.FOU0wSASUy5yvamIdKv8trJCbLkkmHSFufKUPXby7ylQFLQz2XGby0cOHGq0gBDPHy0OugLG53vGeX1J5UngZVcyPWF4bMZTeYV5Ser3tAE8A8lWxT4SjNy2SGSPSVy-7gok9_rGCbUWXLMjxmis119GJRZctVDsDldT7P_42gTEExx5eOPefsl-4MEAIwcVfwqu0Zr-jgU1hHMfr8WoP5A-C8zPaVimJmrrz8sbEZE.B_X-FlJvLQYAtJWg8W9AQCZA-LvaWi8E79Aizh-WnC0&dib_tag=se&m=A1YKPOZG28EHWI&marketplaceID=A19VAU5U5O7RUS&qid=1776421124&refinements=p_36%3A21000-21500&s=merchant-items&sr=1-2#customerReviews,4 phenomena A ver.
B01LYMBUCN,Audio CD,211.9,https://www.amazon.sg/Art-Vienna-Konzerthaus-Quartet/dp/B01LYMBUCN/ref=sr_1_3?dib=eyJ2IjoiMSJ9.FOU0wSASUy5yvamIdKv8trJCbLkkmHSFufKUPXby7ylQFLQz2XGby0cOHGq0gBDPHy0OugLG53vGeX1J5UngZVcyPWF4bMZTeYV5Ser3tAE8A8lWxT4SjNy2SGSPSVy-7gok9_rGCbUWXLMjxmis119GJRZctVDsDldT7P_42gTEExx5eOPefsl-4MEAIwcVfwqu0Zr-jgU1hHMfr8WoP5A-C8zPaVimJmrrz8sbEZE.B_X-FlJvLQYAtJWg8W9AQCZA-LvaWi8E79Aizh-WnC0&dib_tag=se&m=A1YKPOZG28EHWI&marketplaceID=A19VAU5U5O7RUS&qid=1776421124&refinements=p_36%3A21000-21500&s=merchant-items&sr=1-3#customerReviews,Art of Vienna Konzerthaus Quartet
4930798728,JP Oversized,211.34,https://www.amazon.sg/%E4%B8%96%E7%95%8C%E3%81%AE%E3%82%B3%E3%83%B3%E3%83%86%E3%83%8A%E8%BC%B8%E9%80%81%E3%81%A8%E5%B0%B1%E8%88%AA%E7%8A%B6%E6%B3%81-2014%E5%B9%B4%E7%89%88/dp/4930798728/ref=sr_1_4?dib=eyJ2IjoiMSJ9.FOU0wSASUy5yvamIdKv8trJCbLkkmHSFufKUPXby7ylQFLQz2XGby0cOHGq0gBDPHy0OugLG53vGeX1J5UngZVcyPWF4bMZTeYV5Ser3tAE8A8lWxT4SjNy2SGSPSVy-7gok9_rGCbUWXLMjxmis119GJRZctVDsDldT7P_42gTEExx5eOPefsl-4MEAIwcVfwqu0Zr-jgU1hHMfr8WoP5A-C8zPaVimJmrrz8sbEZE.B_X-FlJvLQYAtJWg8W9AQCZA-LvaWi8E79Aizh-WnC0&dib_tag=se&m=A1YKPOZG28EHWI&marketplaceID=A19VAU5U5O7RUS&qid=1776421124&refinements=p_36%3A21000-21500&s=merchant-items&sr=1-4,世界のコンテナ輸送と就航状況 2014年版
4930798728,,,,
4907922035,Tankobon Hardcover,214.78,https://www.amazon.sg/%E6%97%85%E8%A1%8C%E6%A5%AD%E8%80%85%E5%90%8D%E7%B0%BF%E3%80%8816%E3%80%89/dp/4907922035/ref=sr_1_5?dib=eyJ2IjoiMSJ9.FOU0wSASUy5yvamIdKv8trJCbLkkmHSFufKUPXby7ylQFLQz2XGby0cOHGq0gBDPHy0OugLG53vGeX1J5UngZVcyPWF4bMZTeYV5Ser3tAE8A8lWxT4SjNy2SGSPSVy-7gok9_rGCbUWXLMjxmis119GJRZctVDsDldT7P_42gTEExx5eOPefsl-4MEAIwcVfwqu0Zr-jgU1hHMfr8WoP5A-C8zPaVimJmrrz8sbEZE.B_X-FlJvLQYAtJWg8W9AQCZA-LvaWi8E79Aizh-WnC0&dib_tag=se&m=A1YKPOZG28EHWI&marketplaceID=A19VAU5U5O7RUS&qid=1776421124&refinements=p_36%3A21000-21500&s=merchant-items&sr=1-5,旅行業者名簿〈’16〉
4907922035,,,,
4899852150,Tankobon Hardcover,214.74,https://www.amazon.sg/%E7%A5%9E%E9%81%93%E6%96%87%E5%8C%96%E8%AB%96%E8%80%83%E9%9B%86%E6%88%90-%E4%B9%BE/dp/4899852150/ref=sr_1_6?dib=eyJ2IjoiMSJ9.FOU0wSASUy5yvamIdKv8trJCbLkkmHSFufKUPXby7ylQFLQz2XGby0cOHGq0gBDPHy0OugLG53vGeX1J5UngZVcyPWF4bMZTeYV5Ser3tAE8A8lWxT4SjNy2SGSPSVy-7gok9_rGCbUWXLMjxmis119GJRZctVDsDldT7P_42gTEExx5eOPefsl-4MEAIwcVfwqu0Zr-jgU1hHMfr8WoP5A-C8zPaVimJmrrz8sbEZE.B_X-FlJvLQYAtJWg8W9AQCZA-LvaWi8E79Aizh-WnC0&dib_tag=se&m=A1YKPOZG28EHWI&marketplaceID=A19VAU5U5O7RUS&qid=1776421124&refinements=p_36%3A21000-21500&s=merchant-items&sr=1-6,神道文化論考集成(乾)
4899852150,,,,
4886215505,Tankobon Hardcover,213.9,https://www.amazon.sg/%E6%9D%B1%E5%8C%97%E3%82%A2%E3%82%B8%E3%82%A2%E5%8F%A4%E6%B0%91%E6%97%8F%E6%A4%8D%E7%89%A9%E5%AD%A6%E3%81%A8%E7%B8%84%E6%96%87%E8%BE%B2%E8%80%95/dp/4886215505/ref=sr_1_7?dib=eyJ2IjoiMSJ9.FOU0wSASUy5yvamIdKv8trJCbLkkmHSFufKUPXby7ylQFLQz2XGby0cOHGq0gBDPHy0OugLG53vGeX1J5UngZVcyPWF4bMZTeYV5Ser3tAE8A8lWxT4SjNy2SGSPSVy-7gok9_rGCbUWXLMjxmis119GJRZctVDsDldT7P_42gTEExx5eOPefsl-4MEAIwcVfwqu0Zr-jgU1hHMfr8WoP5A-C8zPaVimJmrrz8sbEZE.B_X-FlJvLQYAtJWg8W9AQCZA-LvaWi8E79Aizh-WnC0&dib_tag=se&m=A1YKPOZG28EHWI&marketplaceID=A19VAU5U5O7RUS&qid=1776421124&refinements=p_36%3A21000-21500&s=merchant-items&sr=1-7,東北アジア古民族植物学と縄文農耕
4886215505,,,,
4886213847,Tankobon Hardcover,214.7,https://www.amazon.sg/%E6%97%A5%E4%B8%AD%E4%BA%A4%E6%B5%81%E3%81%AE%E8%80%83%E5%8F%A4%E5%AD%A6/dp/4886213847/ref=sr_1_8?dib=eyJ2IjoiMSJ9.FOU0wSASUy5yvamIdKv8trJCbLkkmHSFufKUPXby7ylQFLQz2XGby0cOHGq0gBDPHy0OugLG53vGeX1J5UngZVcyPWF4bMZTeYV5Ser3tAE8A8lWxT4SjNy2SGSPSVy-7gok9_rGCbUWXLMjxmis119GJRZctVDsDldT7P_42gTEExx5eOPefsl-4MEAIwcVfwqu0Zr-jgU1hHMfr8WoP5A-C8zPaVimJmrrz8sbEZE.B_X-FlJvLQYAtJWg8W9AQCZA-LvaWi8E79Aizh-WnC0&dib_tag=se&m=A1YKPOZG28EHWI&marketplaceID=A19VAU5U5O7RUS&qid=1776421124&refinements=p_36%3A21000-21500&s=merchant-items&sr=1-8,日中交流の考古学
4886213847,,,,
4872595696,Tankobon Hardcover,212.3,https://www.amazon.sg/%E6%B0%91%E4%BA%8B%E8%A8%B4%E8%A8%9F%E3%81%AB%E3%81%8A%E3%81%91%E3%82%8B%E6%B3%95%E4%BA%BA%E3%81%A7%E3%81%AA%E3%81%84%E5%9B%A3%E4%BD%93%E3%81%AE%E5%9C%B0%E4%BD%8D-%E5%90%8D%E6%B4%A5%E4%BA%95%E5%90%89%E8%A3%95/dp/4872595696/ref=sr_1_9?dib=eyJ2IjoiMSJ9.FOU0wSASUy5yvamIdKv8trJCbLkkmHSFufKUPXby7ylQFLQz2XGby0cOHGq0gBDPHy0OugLG53vGeX1J5UngZVcyPWF4bMZTeYV5Ser3tAE8A8lWxT4SjNy2SGSPSVy-7gok9_rGCbUWXLMjxmis119GJRZctVDsDldT7P_42gTEExx5eOPefsl-4MEAIwcVfwqu0Zr-jgU1hHMfr8WoP5A-C8zPaVimJmrrz8sbEZE.B_X-FlJvLQYAtJWg8W9AQCZA-LvaWi8E79Aizh-WnC0&dib_tag=se&m=A1YKPOZG28EHWI&marketplaceID=A19VAU5U5O7RUS&qid=1776421124&refinements=p_36%3A21000-21500&s=merchant-items&sr=1-9,民事訴訟における法人でない団体の地位
4872595696,,,,
4865780300,Tankobon Hardcover,211.92,https://www.amazon.sg/%E5%8F%A2%E6%9B%B8%E3%80%8E%E3%82%A2%E3%83%8A%E3%83%BC%E3%83%AB-1929-2010-%E6%AD%B4%E5%8F%B2%E3%81%AE%E5%AF%BE%E8%B1%A1%E3%81%A8%E6%96%B9%E6%B3%95%E3%80%8F-4-%E3%80%941969-1979%E3%80%95-1929-2010-%E6%AD%B4%E5%8F%B2%E3%81%AE%E5%AF%BE%E8%B1%A1%E3%81%A8%E6%96%B9%E6%B3%95%E3%80%8F%EF%BC%88%E5%85%A85%E5%B7%BB%EF%BC%89/dp/4865780300/ref=sr_1_10?dib=eyJ2IjoiMSJ9.FOU0wSASUy5yvamIdKv8trJCbLkkmHSFufKUPXby7ylQFLQz2XGby0cOHGq0gBDPHy0OugLG53vGeX1J5UngZVcyPWF4bMZTeYV5Ser3tAE8A8lWxT4SjNy2SGSPSVy-7gok9_rGCbUWXLMjxmis119GJRZctVDsDldT7P_42gTEExx5eOPefsl-4MEAIwcVfwqu0Zr-jgU1hHMfr8WoP5A-C8zPaVimJmrrz8sbEZE.B_X-FlJvLQYAtJWg8W9AQCZA-LvaWi8E79Aizh-WnC0&dib_tag=se&m=A1YKPOZG28EHWI&marketplaceID=A19VAU5U5O7RUS&qid=1776421124&refinements=p_36%3A21000-21500&s=merchant-items&sr=1-10,叢書『アナール 1929-2010　　歴史の対象と方法』 4　〔1969-1979〕 (叢書『アナール 1929-2010　　歴史の対象と方法』（全5巻）)
4865780300,,,,
4864293546,Tankobon Hardcover,212.01,https://www.amazon.sg/%E3%82%A4%E3%82%AE%E3%83%AA%E3%82%B9%E3%81%AB%E3%81%8A%E3%81%91%E3%82%8B%E5%AD%A6%E7%BF%92%E3%81%A8%E8%A8%93%E7%B7%B4%E3%81%AE%E5%85%AC%E5%85%B1%E7%AE%A1%E7%90%86%E3%82%B7%E3%82%B9%E3%83%86%E3%83%A0/dp/4864293546/ref=sr_1_11?dib=eyJ2IjoiMSJ9.FOU0wSASUy5yvamIdKv8trJCbLkkmHSFufKUPXby7ylQFLQz2XGby0cOHGq0gBDPHy0OugLG53vGeX1J5UngZVcyPWF4bMZTeYV5Ser3tAE8A8lWxT4SjNy2SGSPSVy-7gok9_rGCbUWXLMjxmis119GJRZctVDsDldT7P_42gTEExx5eOPefsl-4MEAIwcVfwqu0Zr-jgU1hHMfr8WoP5A-C8zPaVimJmrrz8sbEZE.B_X-FlJvLQYAtJWg8W9AQCZA-LvaWi8E79Aizh-WnC0&dib_tag=se&m=A1YKPOZG28EHWI&marketplaceID=A19VAU5U5O7RUS&qid=1776421124&refinements=p_36%3A21000-21500&s=merchant-items&sr=1-11,イギリスにおける学習と訓練の公共管理システム:イギリスにおける学習と訓練の公共管理システム
4864293546,,,,
4860031164,Tankobon Softcover,210.39,https://www.amazon.sg/%E6%A0%B8%E5%8C%BB%E5%AD%A6%E5%AE%89%E5%85%A8%E5%9F%BA%E7%A4%8E%E8%AA%AD%E6%9C%AC-4-%E6%94%BE%E5%B0%84%E5%85%8D%E7%96%AB%E6%B8%AC%E5%AE%9A%E6%B3%95/dp/4860031164/ref=sr_1_12?dib=eyJ2IjoiMSJ9.FOU0wSASUy5yvamIdKv8trJCbLkkmHSFufKUPXby7ylQFLQz2XGby0cOHGq0gBDPHy0OugLG53vGeX1J5UngZVcyPWF4bMZTeYV5Ser3tAE8A8lWxT4SjNy2SGSPSVy-7gok9_rGCbUWXLMjxmis119GJRZctVDsDldT7P_42gTEExx5eOPefsl-4MEAIwcVfwqu0Zr-jgU1hHMfr8WoP5A-C8zPaVimJmrrz8sbEZE.B_X-FlJvLQYAtJWg8W9AQCZA-LvaWi8E79Aizh-WnC0&dib_tag=se&m=A1YKPOZG28EHWI&marketplaceID=A19VAU5U5O7RUS&qid=1776421124&refinements=p_36%3A21000-21500&s=merchant-items&sr=1-12,核医学安全基礎読本 4 放射免疫測定法
4860031164,,,,
4847146492,Tankobon Softcover,212.52,https://www.amazon.sg/%E5%BC%81%E7%90%86%E5%A3%AB%E8%A9%A6%E9%A8%93-%E5%8F%A3%E8%BF%B0%E8%A9%A6%E9%A8%93%E9%81%8E%E5%8E%BB%E5%95%8F%E9%A1%8C%E9%9B%86-2020%E5%B9%B4%E5%BA%A6/dp/4847146492/ref=sr_1_13?dib=eyJ2IjoiMSJ9.FOU0wSASUy5yvamIdKv8trJCbLkkmHSFufKUPXby7ylQFLQz2XGby0cOHGq0gBDPHy0OugLG53vGeX1J5UngZVcyPWF4bMZTeYV5Ser3tAE8A8lWxT4SjNy2SGSPSVy-7gok9_rGCbUWXLMjxmis119GJRZctVDsDldT7P_42gTEExx5eOPefsl-4MEAIwcVfwqu0Zr-jgU1hHMfr8WoP5A-C8zPaVimJmrrz8sbEZE.B_X-FlJvLQYAtJWg8W9AQCZA-LvaWi8E79Aizh-WnC0&dib_tag=se&m=A1YKPOZG28EHWI&marketplaceID=A19VAU5U5O7RUS&qid=1776421124&refinements=p_36%3A21000-21500&s=merchant-items&sr=1-13#customerReviews,弁理士試験 口述試験過去問題集 2020年度
4847146492,,,,
4845115077,Tankobon Hardcover,214.54,https://www.amazon.sg/%E3%83%89%E3%82%A4%E3%83%84%E3%81%AE%E4%BA%BA%E4%BA%8B%E8%A9%95%E4%BE%A1-%E6%B0%91%E9%96%93%E5%8A%B4%E5%83%8D%E8%80%85%E3%80%81%E5%85%AC%E5%8B%99%E5%93%A1%E3%81%8A%E3%82%88%E3%81%B3%E5%AD%A6%E6%A0%A1%E6%95%99%E5%93%A1%E3%81%AB%E9%96%A2%E3%81%99%E3%82%8B%E6%97%A5%E7%8B%AC%E6%AF%94%E8%BC%83%E7%A0%94%E7%A9%B6/dp/4845115077/ref=sr_1_14?dib=eyJ2IjoiMSJ9.FOU0wSASUy5yvamIdKv8trJCbLkkmHSFufKUPXby7ylQFLQz2XGby0cOHGq0gBDPHy0OugLG53vGeX1J5UngZVcyPWF4bMZTeYV5Ser3tAE8A8lWxT4SjNy2SGSPSVy-7gok9_rGCbUWXLMjxmis119GJRZctVDsDldT7P_42gTEExx5eOPefsl-4MEAIwcVfwqu0Zr-jgU1hHMfr8WoP5A-C8zPaVimJmrrz8sbEZE.B_X-FlJvLQYAtJWg8W9AQCZA-LvaWi8E79Aizh-WnC0&dib_tag=se&m=A1YKPOZG28EHWI&marketplaceID=A19VAU5U5O7RUS&qid=1776421124&refinements=p_36%3A21000-21500&s=merchant-items&sr=1-14,ドイツの人事評価 民間労働者、公務員および学校教員に関する日独比較研究
4845115077,,,,
4840449597,Tankobon Hardcover,210.39,https://www.amazon.sg/%E5%8B%95%E7%94%BB%E3%81%A7%E5%AD%A6%E3%81%B9%E3%82%8B%E7%94%A3%E7%A7%91%E8%B6%85%E9%9F%B3%E6%B3%A2-%E5%A6%8A%E5%A9%A6%E5%81%A5%E8%A8%BA%E7%B7%A8-%E3%80%8C%E5%8B%95%E3%81%8F%E8%83%8E%E5%85%90%E3%80%8D%E3%82%92%E3%80%8C%E5%8B%95%E3%81%8F%E3%81%BE%E3%81%BE%E3%80%8D%E8%A6%8B%E3%82%8BDVD%E4%BB%98%E3%81%8D-%E5%A2%97%E5%B4%8E-%E8%8B%B1%E6%98%8E/dp/4840449597/ref=sr_1_15?dib=eyJ2IjoiMSJ9.FOU0wSASUy5yvamIdKv8trJCbLkkmHSFufKUPXby7ylQFLQz2XGby0cOHGq0gBDPHy0OugLG53vGeX1J5UngZVcyPWF4bMZTeYV5Ser3tAE8A8lWxT4SjNy2SGSPSVy-7gok9_rGCbUWXLMjxmis119GJRZctVDsDldT7P_42gTEExx5eOPefsl-4MEAIwcVfwqu0Zr-jgU1hHMfr8WoP5A-C8zPaVimJmrrz8sbEZE.B_X-FlJvLQYAtJWg8W9AQCZA-LvaWi8E79Aizh-WnC0&dib_tag=se&m=A1YKPOZG28EHWI&marketplaceID=A19VAU5U5O7RUS&qid=1776421124&refinements=p_36%3A21000-21500&s=merchant-items&sr=1-15#customerReviews,動画で学べる産科超音波 妊婦健診編: 「動く胎児」を「動くまま」見るDVD付き: 1
4840449597,,,,
4835453964,Comic,213.87,https://www.amazon.sg/%E3%83%99%E3%83%AB%E3%82%B5%E3%82%A4%E3%83%A6%E3%81%AE%E3%81%B0%E3%82%89-1972-73-%E8%B1%AA%E8%8F%AF%E9%99%90%E5%AE%9A%E7%89%88-3/dp/4835453964/ref=sr_1_16?dib=eyJ2IjoiMSJ9.FOU0wSASUy5yvamIdKv8trJCbLkkmHSFufKUPXby7ylQFLQz2XGby0cOHGq0gBDPHy0OugLG53vGeX1J5UngZVcyPWF4bMZTeYV5Ser3tAE8A8lWxT4SjNy2SGSPSVy-7gok9_rGCbUWXLMjxmis119GJRZctVDsDldT7P_42gTEExx5eOPefsl-4MEAIwcVfwqu0Zr-jgU1hHMfr8WoP5A-C8zPaVimJmrrz8sbEZE.B_X-FlJvLQYAtJWg8W9AQCZA-LvaWi8E79Aizh-WnC0&dib_tag=se&m=A1YKPOZG28EHWI&marketplaceID=A19VAU5U5O7RUS&qid=1776421124&refinements=p_36%3A21000-21500&s=merchant-items&sr=1-16#customerReviews,ベルサイユのばら 1972-73 [豪華限定版] 3
4835453964,,,,
4834232506,Comic,210.0,https://www.amazon.sg/OFFICIAL-MANGA-ANTHOLOGY-Vol-1-%E9%9B%86%E8%8B%B1%E7%A4%BE%E3%83%9B%E3%83%BC%E3%83%A0%E3%82%B3%E3%83%9F%E3%83%83%E3%82%AF%E3%82%B9/dp/4834232506/ref=sr_1_17?dib=eyJ2IjoiMSJ9.lNrKFifI0GnVz4Nax77pg_BtsV7wk2FvHx6GtBB3ADz9jliLRPThnETnLqeUwu7gyXBSDtA-_l7mMyv53uVJG1yjuiNhW3UlkbYbWKBpk3Y-3puWP9AIrlasIm9DF59WoyVRsMflwIUwS3XpNJSzXE6o2Wql1y3UxIHaZuIIA7W501ctxNnY2LCwdm-NQQhqHygnTU_4kNvt-Omc4DFL4ekPw6DuacRB0MAKG2ENZVw.V_yiQVxQ0eFZUl1XPOS41I4yTGXBy0VWBPdMrWR_E8c&dib_tag=se&m=A1YKPOZG28EHWI&marketplaceID=A19VAU5U5O7RUS&qid=1776421131&refinements=p_36%3A21000-21500&s=merchant-items&sr=1-17&xpid=TGKT6sk2-GK0A#customerReviews,RWBY OFFICIAL MANGA ANTHOLOGY Vol.1 Red Like Roses (集英社ホームコミックス)
4834232506,,,,
4832968327,Tankobon Hardcover,211.06,https://www.amazon.sg/%E7%8F%BE%E4%BB%A3%E4%B8%AD%E5%9B%BD%E3%81%AE%E5%AE%97%E6%95%99%E5%A4%89%E5%8B%95%E3%81%A8%E3%82%A2%E3%82%B8%E3%82%A2%E3%81%AE%E3%82%AD%E3%83%AA%E3%82%B9%E3%83%88%E6%95%99-%E7%8F%BE%E4%BB%A3%E5%AE%97%E6%95%99%E6%96%87%E5%8C%96%E7%A0%94%E7%A9%B6%E5%8F%A2%E6%9B%B87-%E6%AB%BB%E4%BA%95-%E7%BE%A9%E7%A7%80/dp/4832968327/ref=sr_1_18?dib=eyJ2IjoiMSJ9.lNrKFifI0GnVz4Nax77pg_BtsV7wk2FvHx6GtBB3ADz9jliLRPThnETnLqeUwu7gyXBSDtA-_l7mMyv53uVJG1yjuiNhW3UlkbYbWKBpk3Y-3puWP9AIrlasIm9DF59WoyVRsMflwIUwS3XpNJSzXE6o2Wql1y3UxIHaZuIIA7W501ctxNnY2LCwdm-NQQhqHygnTU_4kNvt-Omc4DFL4ekPw6DuacRB0MAKG2ENZVw.V_yiQVxQ0eFZUl1XPOS41I4yTGXBy0VWBPdMrWR_E8c&dib_tag=se&m=A1YKPOZG28EHWI&marketplaceID=A19VAU5U5O7RUS&qid=1776421131&refinements=p_36%3A21000-21500&s=merchant-items&sr=1-18&xpid=TGKT6sk2-GK0A,現代中国の宗教変動とアジアのキリスト教 (現代宗教文化研究叢書7)
4832968327,,,,
4830643854,Tankobon Hardcover,212.3,https://www.amazon.sg/%E6%AD%A9%E8%A1%8C%E3%82%92%E8%A8%BA%E3%82%8B_%E8%A6%B3%E5%AF%9F%E3%81%8B%E3%82%89%E5%A7%8B%E3%82%81%E3%82%8B%E7%90%86%E5%AD%A6%E7%99%82%E6%B3%95%E5%AE%9F%E8%B7%B5/dp/4830643854/ref=sr_1_19?dib=eyJ2IjoiMSJ9.lNrKFifI0GnVz4Nax77pg_BtsV7wk2FvHx6GtBB3ADz9jliLRPThnETnLqeUwu7gyXBSDtA-_l7mMyv53uVJG1yjuiNhW3UlkbYbWKBpk3Y-3puWP9AIrlasIm9DF59WoyVRsMflwIUwS3XpNJSzXE6o2Wql1y3UxIHaZuIIA7W501ctxNnY2LCwdm-NQQhqHygnTU_4kNvt-Omc4DFL4ekPw6DuacRB0MAKG2ENZVw.V_yiQVxQ0eFZUl1XPOS41I4yTGXBy0VWBPdMrWR_E8c&dib_tag=se&m=A1YKPOZG28EHWI&marketplaceID=A19VAU5U5O7RUS&qid=1776421131&refinements=p_36%3A21000-21500&s=merchant-items&sr=1-19&xpid=TGKT6sk2-GK0A#customerReviews,歩行を診る―観察から始める理学療法実践
4830643854,,,,
4799738313,Tankobon Hardcover,212.1,https://www.amazon.sg/%E7%A9%BA%E3%81%AB%E9%9F%BF%E3%81%8F%E3%81%AF%E7%AB%9C%E3%81%AE%E6%AD%8C%E5%A3%B0-%E5%B5%90%E3%82%92%E6%84%9B%E3%81%A7%E3%82%8B%E7%AB%9C%E7%8E%8B/dp/4799738313/ref=sr_1_20?dib=eyJ2IjoiMSJ9.lNrKFifI0GnVz4Nax77pg_BtsV7wk2FvHx6GtBB3ADz9jliLRPThnETnLqeUwu7gyXBSDtA-_l7mMyv53uVJG1yjuiNhW3UlkbYbWKBpk3Y-3puWP9AIrlasIm9DF59WoyVRsMflwIUwS3XpNJSzXE6o2Wql1y3UxIHaZuIIA7W501ctxNnY2LCwdm-NQQhqHygnTU_4kNvt-Omc4DFL4ekPw6DuacRB0MAKG2ENZVw.V_yiQVxQ0eFZUl1XPOS41I4yTGXBy0VWBPdMrWR_E8c&dib_tag=se&m=A1YKPOZG28EHWI&marketplaceID=A19VAU5U5O7RUS&qid=1776421131&refinements=p_36%3A21000-21500&s=merchant-items&sr=1-20&xpid=TGKT6sk2-GK0A#customerReviews,空に響くは竜の歌声 嵐を愛でる竜王
4799738313,,,,
4797280506,Tankobon Softcover,214.8,https://www.amazon.sg/%E5%95%86%E6%B3%95%E7%B7%8F%E5%89%87%E3%83%BB%E5%95%86%E8%A1%8C%E7%82%BA%E6%B3%95-%E6%B3%95%E5%BE%8B%E5%AD%A6%E8%AC%9B%E5%BA%A7-%E9%9D%92%E7%AB%B9-%E6%AD%A3%E4%B8%80/dp/4797280506/ref=sr_1_21?dib=eyJ2IjoiMSJ9.lNrKFifI0GnVz4Nax77pg_BtsV7wk2FvHx6GtBB3ADz9jliLRPThnETnLqeUwu7gyXBSDtA-_l7mMyv53uVJG1yjuiNhW3UlkbYbWKBpk3Y-3puWP9AIrlasIm9DF59WoyVRsMflwIUwS3XpNJSzXE6o2Wql1y3UxIHaZuIIA7W501ctxNnY2LCwdm-NQQhqHygnTU_4kNvt-Omc4DFL4ekPw6DuacRB0MAKG2ENZVw.V_yiQVxQ0eFZUl1XPOS41I4yTGXBy0VWBPdMrWR_E8c&dib_tag=se&m=A1YKPOZG28EHWI&marketplaceID=A19VAU5U5O7RUS&qid=1776421131&refinements=p_36%3A21000-21500&s=merchant-items&sr=1-21&xpid=TGKT6sk2-GK0A,商法総則・商行為法 (法律学講座)
4797280506,,,,
4792306590,Tankobon Hardcover,217.53,https://www.amazon.sg/%E5%9B%BD%E6%B0%91%E4%B8%BB%E6%A8%A9%E3%81%A8%E6%B3%95%E4%BA%BA%E7%90%86%E8%AB%96-%E8%A3%9C%E8%A8%82%E7%89%88/dp/4792306590/ref=sr_1_22?dib=eyJ2IjoiMSJ9.lNrKFifI0GnVz4Nax77pg_BtsV7wk2FvHx6GtBB3ADz9jliLRPThnETnLqeUwu7gyXBSDtA-_l7mMyv53uVJG1yjuiNhW3UlkbYbWKBpk3Y-3puWP9AIrlasIm9DF59WoyVRsMflwIUwS3XpNJSzXE6o2Wql1y3UxIHaZuIIA7W501ctxNnY2LCwdm-NQQhqHygnTU_4kNvt-Omc4DFL4ekPw6DuacRB0MAKG2ENZVw.V_yiQVxQ0eFZUl1XPOS41I4yTGXBy0VWBPdMrWR_E8c&dib_tag=se&m=A1YKPOZG28EHWI&marketplaceID=A19VAU5U5O7RUS&qid=1776421131&refinements=p_36%3A21000-21500&s=merchant-items&sr=1-22&xpid=TGKT6sk2-GK0A,国民主権と法人理論 補訂版
4792306590,,,,
4765516997,JP Oversized,212.3,https://www.amazon.sg/%E3%82%B3%E3%83%B3%E3%82%AF%E3%83%AA%E3%83%BC%E3%83%88%E6%A9%8B%E3%83%BB%E8%A4%87%E5%90%88%E6%A9%8B%E4%BF%9D%E5%85%A8%E3%83%9E%E3%83%8B%E3%83%A5%E3%82%A2%E3%83%AB-PC%E6%8A%80%E8%A1%93%E8%A6%8F%E6%BA%96%E3%82%B7%E3%83%AA%E3%83%BC%E3%82%BA/dp/4765516997/ref=sr_1_23?dib=eyJ2IjoiMSJ9.lNrKFifI0GnVz4Nax77pg_BtsV7wk2FvHx6GtBB3ADz9jliLRPThnETnLqeUwu7gyXBSDtA-_l7mMyv53uVJG1yjuiNhW3UlkbYbWKBpk3Y-3puWP9AIrlasIm9DF59WoyVRsMflwIUwS3XpNJSzXE6o2Wql1y3UxIHaZuIIA7W501ctxNnY2LCwdm-NQQhqHygnTU_4kNvt-Omc4DFL4ekPw6DuacRB0MAKG2ENZVw.V_yiQVxQ0eFZUl1XPOS41I4yTGXBy0VWBPdMrWR_E8c&dib_tag=se&m=A1YKPOZG28EHWI&marketplaceID=A19VAU5U5O7RUS&qid=1776421131&refinements=p_36%3A21000-21500&s=merchant-items&sr=1-23&xpid=TGKT6sk2-GK0A#customerReviews,コンクリート橋・複合橋保全マニュアル (PC技術規準シリーズ)
4765516997,,,,
464204633X,Tankobon Hardcover,210.16,https://www.amazon.sg/%E6%97%A5%E6%9C%AC%E5%8F%A4%E4%BB%A3%E3%81%AE%E9%83%A1%E5%8F%B8%E3%81%A8%E5%A4%A9%E7%9A%87/dp/464204633X/ref=sr_1_24?dib=eyJ2IjoiMSJ9.lNrKFifI0GnVz4Nax77pg_BtsV7wk2FvHx6GtBB3ADz9jliLRPThnETnLqeUwu7gyXBSDtA-_l7mMyv53uVJG1yjuiNhW3UlkbYbWKBpk3Y-3puWP9AIrlasIm9DF59WoyVRsMflwIUwS3XpNJSzXE6o2Wql1y3UxIHaZuIIA7W501ctxNnY2LCwdm-NQQhqHygnTU_4kNvt-Omc4DFL4ekPw6DuacRB0MAKG2ENZVw.V_yiQVxQ0eFZUl1XPOS41I4yTGXBy0VWBPdMrWR_E8c&dib_tag=se&m=A1YKPOZG28EHWI&marketplaceID=A19VAU5U5O7RUS&qid=1776421131&refinements=p_36%3A21000-21500&s=merchant-items&sr=1-24&xpid=TGKT6sk2-GK0A,日本古代の郡司と天皇
464204633X,,,,
4642024913,Tankobon Hardcover,214.21,https://www.amazon.sg/%E6%97%A5%E6%9C%AC%E5%8F%A4%E4%BB%A3%E3%81%AE%E5%9C%B0%E5%9F%9F%E7%A4%BE%E4%BC%9A%E3%81%A8%E5%91%A8%E7%B8%81/dp/4642024913/ref=sr_1_25?dib=eyJ2IjoiMSJ9.lNrKFifI0GnVz4Nax77pg_BtsV7wk2FvHx6GtBB3ADz9jliLRPThnETnLqeUwu7gyXBSDtA-_l7mMyv53uVJG1yjuiNhW3UlkbYbWKBpk3Y-3puWP9AIrlasIm9DF59WoyVRsMflwIUwS3XpNJSzXE6o2Wql1y3UxIHaZuIIA7W501ctxNnY2LCwdm-NQQhqHygnTU_4kNvt-Omc4DFL4ekPw6DuacRB0MAKG2ENZVw.V_yiQVxQ0eFZUl1XPOS41I4yTGXBy0VWBPdMrWR_E8c&dib_tag=se&m=A1YKPOZG28EHWI&marketplaceID=A19VAU5U5O7RUS&qid=1776421131&refinements=p_36%3A21000-21500&s=merchant-items&sr=1-25&xpid=TGKT6sk2-GK0A,日本古代の地域社会と周縁
4642024913,,,,
4585222790,Tankobon Hardcover,214.19,https://www.amazon.sg/%E5%8F%A4%E4%BB%A3%E3%81%AE%E6%97%A5%E6%9C%AC%E3%81%A8%E6%9D%B1%E3%82%A2%E3%82%B8%E3%82%A2_%E4%BA%BA%E3%81%A8%E3%83%A2%E3%83%8E%E3%81%AE%E4%BA%A4%E6%B5%81%E5%8F%B2/dp/4585222790/ref=sr_1_26?dib=eyJ2IjoiMSJ9.lNrKFifI0GnVz4Nax77pg_BtsV7wk2FvHx6GtBB3ADz9jliLRPThnETnLqeUwu7gyXBSDtA-_l7mMyv53uVJG1yjuiNhW3UlkbYbWKBpk3Y-3puWP9AIrlasIm9DF59WoyVRsMflwIUwS3XpNJSzXE6o2Wql1y3UxIHaZuIIA7W501ctxNnY2LCwdm-NQQhqHygnTU_4kNvt-Omc4DFL4ekPw6DuacRB0MAKG2ENZVw.V_yiQVxQ0eFZUl1XPOS41I4yTGXBy0VWBPdMrWR_E8c&dib_tag=se&m=A1YKPOZG28EHWI&marketplaceID=A19VAU5U5O7RUS&qid=1776421131&refinements=p_36%3A21000-21500&s=merchant-items&sr=1-26&xpid=TGKT6sk2-GK0A#customerReviews,古代の日本と東アジア―人とモノの交流史
4585222790,,,,
4521734731,Tankobon Hardcover,210.25,https://www.amazon.sg/%E3%83%A1%E3%83%87%E3%82%A3%E3%82%AB%E3%83%AB%E3%82%AA%E3%83%95%E3%82%B5%E3%83%AB%E3%83%A2%E3%83%AD%E3%82%B8%E3%83%BC-%E7%9C%BC%E8%96%AC%E7%89%A9%E6%B2%BB%E7%99%82%E3%81%AE%E3%81%99%E3%81%B9%E3%81%A6-%E5%B0%82%E9%96%80%E5%8C%BB%E3%81%AE%E3%81%9F%E3%82%81%E3%81%AE%E7%9C%BC%E7%A7%91%E8%A8%BA%E7%99%82%E3%82%AF%E3%82%AA%E3%83%AA%E3%83%95%E3%82%A1%E3%82%A4-15/dp/4521734731/ref=sr_1_27?dib=eyJ2IjoiMSJ9.lNrKFifI0GnVz4Nax77pg_BtsV7wk2FvHx6GtBB3ADz9jliLRPThnETnLqeUwu7gyXBSDtA-_l7mMyv53uVJG1yjuiNhW3UlkbYbWKBpk3Y-3puWP9AIrlasIm9DF59WoyVRsMflwIUwS3XpNJSzXE6o2Wql1y3UxIHaZuIIA7W501ctxNnY2LCwdm-NQQhqHygnTU_4kNvt-Omc4DFL4ekPw6DuacRB0MAKG2ENZVw.V_yiQVxQ0eFZUl1XPOS41I4yTGXBy0VWBPdMrWR_E8c&dib_tag=se&m=A1YKPOZG28EHWI&marketplaceID=A19VAU5U5O7RUS&qid=1776421131&refinements=p_36%3A21000-21500&s=merchant-items&sr=1-27&xpid=TGKT6sk2-GK0A#customerReviews,メディカルオフサルモロジー 眼薬物治療のすべて (専門医のための眼科診療クオリファイ 15)
4521734731,,,,
4502071501,Tankobon Hardcover,210.97,https://www.amazon.sg/%E5%8A%B4%E5%83%8D%E6%B3%95%E5%AE%9F%E5%8B%99%E5%85%A8%E6%9B%B8/dp/4502071501/ref=sr_1_28?dib=eyJ2IjoiMSJ9.lNrKFifI0GnVz4Nax77pg_BtsV7wk2FvHx6GtBB3ADz9jliLRPThnETnLqeUwu7gyXBSDtA-_l7mMyv53uVJG1yjuiNhW3UlkbYbWKBpk3Y-3puWP9AIrlasIm9DF59WoyVRsMflwIUwS3XpNJSzXE6o2Wql1y3UxIHaZuIIA7W501ctxNnY2LCwdm-NQQhqHygnTU_4kNvt-Omc4DFL4ekPw6DuacRB0MAKG2ENZVw.V_yiQVxQ0eFZUl1XPOS41I4yTGXBy0VWBPdMrWR_E8c&dib_tag=se&m=A1YKPOZG28EHWI&marketplaceID=A19VAU5U5O7RUS&qid=1776421131&refinements=p_36%3A21000-21500&s=merchant-items&sr=1-28&xpid=TGKT6sk2-GK0A#customerReviews,労働法実務全書
4502071501,,,,
4403665047,Comic,210.0,https://www.amazon.sg/%E5%A5%B3%E7%8E%8B%E3%81%A8%E4%BB%95%E7%AB%8B%E3%81%A6%E5%B1%8B-%E3%83%87%E3%82%A3%E3%82%A2%E3%83%97%E3%83%A9%E3%82%B9%E3%83%BB%E3%82%B3%E3%83%9F%E3%83%83%E3%82%AF%E3%82%B9-%E3%82%B9%E3%82%AB%E3%83%BC%E3%83%AC%E3%83%83%E3%83%88%E3%83%BB%E3%83%99%E3%83%AA%E5%AD%90/dp/4403665047/ref=sr_1_29?dib=eyJ2IjoiMSJ9.lNrKFifI0GnVz4Nax77pg_BtsV7wk2FvHx6GtBB3ADz9jliLRPThnETnLqeUwu7gyXBSDtA-_l7mMyv53uVJG1yjuiNhW3UlkbYbWKBpk3Y-3puWP9AIrlasIm9DF59WoyVRsMflwIUwS3XpNJSzXE6o2Wql1y3UxIHaZuIIA7W501ctxNnY2LCwdm-NQQhqHygnTU_4kNvt-Omc4DFL4ekPw6DuacRB0MAKG2ENZVw.V_yiQVxQ0eFZUl1XPOS41I4yTGXBy0VWBPdMrWR_E8c&dib_tag=se&m=A1YKPOZG28EHWI&marketplaceID=A19VAU5U5O7RUS&qid=1776421131&refinements=p_36%3A21000-21500&s=merchant-items&sr=1-29&xpid=TGKT6sk2-GK0A#customerReviews,女王と仕立て屋 (ディアプラス・コミックス)
4403665047,,,,
4396767390,Comic,210.0,https://www.amazon.sg/%E9%AD%94%E6%B3%95%E3%81%8C%E4%BD%BF%E3%81%88%E3%81%AA%E3%81%8F%E3%81%A6%E3%82%82-%E3%83%95%E3%82%A3%E3%83%BC%E3%83%AB%E3%82%B3%E3%83%9F%E3%83%83%E3%82%AF%E3%82%B9-%E7%B4%80%E4%BC%8A%E3%82%AB%E3%83%B3%E3%83%8A/dp/4396767390/ref=sr_1_30?dib=eyJ2IjoiMSJ9.lNrKFifI0GnVz4Nax77pg_BtsV7wk2FvHx6GtBB3ADz9jliLRPThnETnLqeUwu7gyXBSDtA-_l7mMyv53uVJG1yjuiNhW3UlkbYbWKBpk3Y-3puWP9AIrlasIm9DF59WoyVRsMflwIUwS3XpNJSzXE6o2Wql1y3UxIHaZuIIA7W501ctxNnY2LCwdm-NQQhqHygnTU_4kNvt-Omc4DFL4ekPw6DuacRB0MAKG2ENZVw.V_yiQVxQ0eFZUl1XPOS41I4yTGXBy0VWBPdMrWR_E8c&dib_tag=se&m=A1YKPOZG28EHWI&marketplaceID=A19VAU5U5O7RUS&qid=1776421131&refinements=p_36%3A21000-21500&s=merchant-items&sr=1-30&xpid=TGKT6sk2-GK0A#customerReviews,魔法が使えなくても (フィールコミックス)
4396767390,,,,
4306024563,Tankobon Hardcover,214.2,https://www.amazon.sg/%E5%9C%B0%E9%9C%87%E5%9C%B0%E7%9B%A4%E5%8B%95%E5%8A%9B%E5%AD%A6%E3%81%AE%E5%9F%BA%E7%A4%8E-%E3%82%A8%E3%83%8D%E3%83%AB%E3%82%AE%E3%83%BC%E7%9A%84%E8%A6%96%E7%82%B9%E3%82%92%E5%90%AB%E3%82%81%E3%81%A6/dp/4306024563/ref=sr_1_31?dib=eyJ2IjoiMSJ9.lNrKFifI0GnVz4Nax77pg_BtsV7wk2FvHx6GtBB3ADz9jliLRPThnETnLqeUwu7gyXBSDtA-_l7mMyv53uVJG1yjuiNhW3UlkbYbWKBpk3Y-3puWP9AIrlasIm9DF59WoyVRsMflwIUwS3XpNJSzXE6o2Wql1y3UxIHaZuIIA7W501ctxNnY2LCwdm-NQQhqHygnTU_4kNvt-Omc4DFL4ekPw6DuacRB0MAKG2ENZVw.V_yiQVxQ0eFZUl1XPOS41I4yTGXBy0VWBPdMrWR_E8c&dib_tag=se&m=A1YKPOZG28EHWI&marketplaceID=A19VAU5U5O7RUS&qid=1776421131&refinements=p_36%3A21000-21500&s=merchant-items&sr=1-31&xpid=TGKT6sk2-GK0A,地震地盤動力学の基礎: エネルギー的視点を含めて
4306024563,,,,
4198605629,Comic,215.0,https://www.amazon.sg/%E9%A2%A8%E3%81%AE%E8%B0%B7%E3%81%AE%E3%83%8A%E3%82%A6%E3%82%B7%E3%82%AB-%E8%B1%AA%E8%8F%AF%E8%A3%85%E5%B9%80%E6%9C%AC-%E4%B8%8B%E5%B7%BB-%E5%AE%AE%E5%B4%8E-%E9%A7%BF/dp/4198605629/ref=sr_1_32?dib=eyJ2IjoiMSJ9.lNrKFifI0GnVz4Nax77pg_BtsV7wk2FvHx6GtBB3ADz9jliLRPThnETnLqeUwu7gyXBSDtA-_l7mMyv53uVJG1yjuiNhW3UlkbYbWKBpk3Y-3puWP9AIrlasIm9DF59WoyVRsMflwIUwS3XpNJSzXE6o2Wql1y3UxIHaZuIIA7W501ctxNnY2LCwdm-NQQhqHygnTU_4kNvt-Omc4DFL4ekPw6DuacRB0MAKG2ENZVw.V_yiQVxQ0eFZUl1XPOS41I4yTGXBy0VWBPdMrWR_E8c&dib_tag=se&m=A1YKPOZG28EHWI&marketplaceID=A19VAU5U5O7RUS&qid=1776421131&refinements=p_36%3A21000-21500&s=merchant-items&sr=1-32&xpid=TGKT6sk2-GK0A#customerReviews,風の谷のナウシカ 豪華装幀本 (下巻): 2
4198605629,,,,
4088824482,Comic,214.58,https://www.amazon.sg/3%E3%81%BE%E3%81%A710-%E3%83%9D%E3%82%A4%E3%83%B3%E3%83%88%E3%82%A2%E3%83%83%E3%83%97%E3%80%91ONE-PIECE-%E7%AC%AC%E4%B8%80%E9%83%A8EP1-BOX%E3%83%BB%E6%9D%B1%E3%81%AE%E6%B5%B7-%E3%82%B8%E3%83%A3%E3%83%B3%E3%83%97%E3%82%B3%E3%83%9F%E3%83%83%E3%82%AF%E3%82%B9/dp/4088824482/ref=sr_1_33?dib=eyJ2IjoiMSJ9.HlcSf0klCyptWq1WZuHvPiIR9Y7ezuMLn6bM0YA32F-7i4mkzBQjmQoGk-8SVsKBD8xGE3sivVIQ5pQYOpLUtQ.W7_lJtqJgMOx09yFG4KfkA3BND63FsBNE_cMXOy0nOI&dib_tag=se&m=A1YKPOZG28EHWI&marketplaceID=A19VAU5U5O7RUS&qid=1776421138&refinements=p_36%3A21000-21500&s=merchant-items&sr=1-33&xpid=TGKT6sk2-GK0A#customerReviews,【9/3まで10%ポイントアップ】ONE PIECE 第一部EP1 BOX・東の海 (ジャンプコミックス)
4088824482,,,,
4088519043,Comic,214.0,https://www.amazon.sg/Slam-Dunk-Whole-Set-1-31/dp/4088519043/ref=sr_1_34?dib=eyJ2IjoiMSJ9.HlcSf0klCyptWq1WZuHvPiIR9Y7ezuMLn6bM0YA32F-7i4mkzBQjmQoGk-8SVsKBD8xGE3sivVIQ5pQYOpLUtQ.W7_lJtqJgMOx09yFG4KfkA3BND63FsBNE_cMXOy0nOI&dib_tag=se&m=A1YKPOZG28EHWI&marketplaceID=A19VAU5U5O7RUS&qid=1776421138&refinements=p_36%3A21000-21500&s=merchant-items&sr=1-34&xpid=TGKT6sk2-GK0A#customerReviews,[Slam Dunk] a Whole Volume Set (1-31)
4088519043,,,,
4086189380,Paperback Bunko,213.83,https://www.amazon.sg/%E4%B9%94%E4%B9%94%E7%9A%84%E5%A5%87%E5%A6%99%E5%86%92%E9%99%A9-STEEL-part7-%E5%85%A816%E5%8D%B7%E5%AE%8C%E7%BB%93-JOJO%E7%9A%84%E5%A5%87%E5%A6%99%E5%86%92%E9%99%A9/dp/4086189380/ref=sr_1_35?dib=eyJ2IjoiMSJ9.HlcSf0klCyptWq1WZuHvPiIR9Y7ezuMLn6bM0YA32F-7i4mkzBQjmQoGk-8SVsKBD8xGE3sivVIQ5pQYOpLUtQ.W7_lJtqJgMOx09yFG4KfkA3BND63FsBNE_cMXOy0nOI&dib_tag=se&m=A1YKPOZG28EHWI&marketplaceID=A19VAU5U5O7RUS&qid=1776421138&refinements=p_36%3A21000-21500&s=merchant-items&sr=1-35&xpid=TGKT6sk2-GK0A#customerReviews,现货 进口日文 乔乔的奇妙冒险 STEEL BALL RUN 文库版 コミック 第七部 part7 套装 全16卷完结 JOJO的奇妙冒险 荒木飞吕彦
4086189380,,,,
4086189089,Paperback Bunko,213.18,https://www.amazon.sg/%E3%82%AF%E3%83%AD%E3%83%BC%E3%83%90%E3%83%BC-%E5%85%A813%E5%86%8A%E5%AE%8C%E7%B5%90%E3%82%BB%E3%83%83%E3%83%88-%E9%9B%86%E8%8B%B1%E7%A4%BE%E6%96%87%E5%BA%AB_%E3%82%B3%E3%83%9F%E3%83%83%E3%82%AF%E7%89%88-1x79741set20180131-%E7%A8%9A%E9%87%8E/dp/4086189089/ref=sr_1_36?dib=eyJ2IjoiMSJ9.HlcSf0klCyptWq1WZuHvPiIR9Y7ezuMLn6bM0YA32F-7i4mkzBQjmQoGk-8SVsKBD8xGE3sivVIQ5pQYOpLUtQ.W7_lJtqJgMOx09yFG4KfkA3BND63FsBNE_cMXOy0nOI&dib_tag=se&m=A1YKPOZG28EHWI&marketplaceID=A19VAU5U5O7RUS&qid=1776421138&refinements=p_36%3A21000-21500&s=merchant-items&sr=1-36&xpid=TGKT6sk2-GK0A#customerReviews,クローバー 全13冊完結セット (集英社文庫―コミック版): 1x79741set20180131
4086189089,,,,
4086179571,Paperback Bunko,214.65,https://www.amazon.sg/Dr-%E3%82%B9%E3%83%A9%E3%83%B3%E3%83%97-%E3%82%B3%E3%83%9F%E3%83%83%E3%82%AF-%E5%85%A89%E5%B7%BB%E5%AE%8C%E7%B5%90%E3%82%BB%E3%83%83%E3%83%88-%E9%9B%86%E8%8B%B1%E7%A4%BE%E6%96%87%E5%BA%AB_%E3%82%B3%E3%83%9F%E3%83%83%E3%82%AF%E7%89%88-1x14346set20180131/dp/4086179571/ref=sr_1_37?dib=eyJ2IjoiMSJ9.HlcSf0klCyptWq1WZuHvPiIR9Y7ezuMLn6bM0YA32F-7i4mkzBQjmQoGk-8SVsKBD8xGE3sivVIQ5pQYOpLUtQ.W7_lJtqJgMOx09yFG4KfkA3BND63FsBNE_cMXOy0nOI&dib_tag=se&m=A1YKPOZG28EHWI&marketplaceID=A19VAU5U5O7RUS&qid=1776421138&refinements=p_36%3A21000-21500&s=merchant-items&sr=1-37&xpid=TGKT6sk2-GK0A#customerReviews,Dr.スランプ 文庫版 コミック 全9巻完結セット (集英社文庫―コミック版): 1x14346set20180131
4086179571,,,,
4086179415,Paperback Bunko,210.91,https://www.amazon.sg/%E3%83%A9%E3%82%A4%E3%82%B8%E3%83%B3%E3%82%B0-%E3%82%A4%E3%83%B3%E3%83%91%E3%82%AF%E3%83%88-%E5%85%A810%E5%B7%BB%E5%AE%8C%E7%B5%90%E3%82%BB%E3%83%83%E3%83%88-%E9%9B%86%E8%8B%B1%E7%A4%BE%E6%96%87%E5%BA%AB_%E3%82%B3%E3%83%9F%E3%83%83%E3%82%AF%E7%89%88-1x31840set20180131/dp/4086179415/ref=sr_1_33?dib=eyJ2IjoiMSJ9.8v_2TnL1Sb_DruIOQV2VPhbRToqvW96LValaXTrotjFUopK7cd0DOqRmg8DOlH2_ZUjpp-6uwTxiE-QsoEEP2MnGUbmAAJfgTHWAO9jPgiUT4Ln6xTmHxtaAsgMc_XqWf9InAyoYNwcWiOoUMbt3774payK2kgHoVm1OeIQUEH0.8IAuT8hRei6AlcFfT0cJ1rPz7LeONVyKBC2BwVpWneM&dib_tag=se&m=A1YKPOZG28EHWI&marketplaceID=A19VAU5U5O7RUS&qid=1776421138&refinements=p_36%3A21000-21500&s=merchant-items&sr=1-33&xpid=TGKT6sk2-GK0A#customerReviews,ライジング インパクト 文庫版 コミック 全10巻完結セット (集英社文庫―コミック版): 1x31840set20180131
4086179415,,,,
1496808916,Hardcover,214.34,https://www.amazon.sg/Conversations-Robert-Stone-William-Heath/dp/1496808916/ref=sr_1_34?dib=eyJ2IjoiMSJ9.8v_2TnL1Sb_DruIOQV2VPhbRToqvW96LValaXTrotjFUopK7cd0DOqRmg8DOlH2_ZUjpp-6uwTxiE-QsoEEP2MnGUbmAAJfgTHWAO9jPgiUT4Ln6xTmHxtaAsgMc_XqWf9InAyoYNwcWiOoUMbt3774payK2kgHoVm1OeIQUEH0.8IAuT8hRei6AlcFfT0cJ1rPz7LeONVyKBC2BwVpWneM&dib_tag=se&m=A1YKPOZG28EHWI&marketplaceID=A19VAU5U5O7RUS&qid=1776421138&refinements=p_36%3A21000-21500&s=merchant-items&sr=1-34&xpid=TGKT6sk2-GK0A#customerReviews,Conversations with Robert Stone
1496808916,,,,
B0DVL4VMW4,,218.13,https://www.amazon.sg/10-1994-Gauge-Yokohama-Railway-Model/dp/B0DVL4VMW4/ref=sr_1_35?dib=eyJ2IjoiMSJ9.8v_2TnL1Sb_DruIOQV2VPhbRToqvW96LValaXTrotjFUopK7cd0DOqRmg8DOlH2_ZUjpp-6uwTxiE-QsoEEP2MnGUbmAAJfgTHWAO9jPgiUT4Ln6xTmHxtaAsgMc_XqWf9InAyoYNwcWiOoUMbt3774payK2kgHoVm1OeIQUEH0.8IAuT8hRei6AlcFfT0cJ1rPz7LeONVyKBC2BwVpWneM&dib_tag=se&m=A1YKPOZG28EHWI&marketplaceID=A19VAU5U5O7RUS&qid=1776421138&refinements=p_36%3A21000-21500&s=merchant-items&sr=1-35&xpid=TGKT6sk2-GK0A#customerReviews,KATO 10-1994 N Gauge E233 Series 6000 Series Yokohama Line 8 Car Set Railway Model Train
B0DVL4VMW4,,,,
B08XM1HZ4T,,210.92,https://www.amazon.sg/Colantotte-GABARH01M-Accessory-Necklace-Collantotte/dp/B08XM1HZ4T/ref=sr_1_36?dib=eyJ2IjoiMSJ9.8v_2TnL1Sb_DruIOQV2VPhbRToqvW96LValaXTrotjFUopK7cd0DOqRmg8DOlH2_ZUjpp-6uwTxiE-QsoEEP2MnGUbmAAJfgTHWAO9jPgiUT4Ln6xTmHxtaAsgMc_XqWf9InAyoYNwcWiOoUMbt3774payK2kgHoVm1OeIQUEH0.8IAuT8hRei6AlcFfT0cJ1rPz7LeONVyKBC2BwVpWneM&dib_tag=se&m=A1YKPOZG28EHWI&marketplaceID=A19VAU5U5O7RUS&qid=1776421138&refinements=p_36%3A21000-21500&s=merchant-items&sr=1-36&xpid=TGKT6sk2-GK0A#customerReviews,"Colantotte LUCE α GABARH01M Health Accessory Necklace, Collantotte Necklace"
B08XM1HZ4T,,,,
B083R7SWF5,,210.77,https://www.amazon.sg/GIGABYTE-B760M-DS3H-DDR4-Motherboard/dp/B083R7SWF5/ref=sr_1_37?dib=eyJ2IjoiMSJ9.8v_2TnL1Sb_DruIOQV2VPhbRToqvW96LValaXTrotjFUopK7cd0DOqRmg8DOlH2_ZUjpp-6uwTxiE-QsoEEP2MnGUbmAAJfgTHWAO9jPgiUT4Ln6xTmHxtaAsgMc_XqWf9InAyoYNwcWiOoUMbt3774payK2kgHoVm1OeIQUEH0.8IAuT8hRei6AlcFfT0cJ1rPz7LeONVyKBC2BwVpWneM&dib_tag=se&m=A1YKPOZG28EHWI&marketplaceID=A19VAU5U5O7RUS&qid=1776421138&refinements=p_36%3A21000-21500&s=merchant-items&sr=1-37&xpid=TGKT6sk2-GK0A#customerReviews,GIGABYTE B760M DS3H AX DDR4 (LGA 1700/ Intel/ B760/ M-ATX/ DDR4/ 2* M.2/ PCIe 4.0/ USB 3.2 Gen 2 Type-C/WiFi 6E/ 2.5GbE LAN/Q-Flash Plus/PCIe EZ-Latch/Gaming Motherboard)
B083R7SWF5,,,,
B09WTVQ1WT,,218.53,https://www.amazon.sg/Kuretake-Flexible-Watercolor-Calligraphy-Lettering/dp/B09WTVQ1WT/ref=sr_1_38?dib=eyJ2IjoiMSJ9.8v_2TnL1Sb_DruIOQV2VPhbRToqvW96LValaXTrotjFUopK7cd0DOqRmg8DOlH2_ZUjpp-6uwTxiE-QsoEEP2MnGUbmAAJfgTHWAO9jPgiUT4Ln6xTmHxtaAsgMc_XqWf9InAyoYNwcWiOoUMbt3774payK2kgHoVm1OeIQUEH0.8IAuT8hRei6AlcFfT0cJ1rPz7LeONVyKBC2BwVpWneM&dib_tag=se&m=A1YKPOZG28EHWI&marketplaceID=A19VAU5U5O7RUS&qid=1776421138&refinements=p_36%3A21000-21500&s=merchant-items&sr=1-38&xpid=TGKT6sk2-GK0A#customerReviews,"Kuretake ZIG Clean Color Real Brush Marker, Flexible Brush Tips, Watercolor Pens for Painting, Drawing, Calligraphy and Brush Lettering for Artists, Made in Japan (120 colors set)"
B09WTVQ1WT,,,,
B0CK4H34D4,,210.13,https://www.amazon.sg/ODYSSEY-AI-ONE-Putter-Right-handed-STROKE/dp/B0CK4H34D4/ref=sr_1_39?dib=eyJ2IjoiMSJ9.8v_2TnL1Sb_DruIOQV2VPhbRToqvW96LValaXTrotjFUopK7cd0DOqRmg8DOlH2_ZUjpp-6uwTxiE-QsoEEP2MnGUbmAAJfgTHWAO9jPgiUT4Ln6xTmHxtaAsgMc_XqWf9InAyoYNwcWiOoUMbt3774payK2kgHoVm1OeIQUEH0.8IAuT8hRei6AlcFfT0cJ1rPz7LeONVyKBC2BwVpWneM&dib_tag=se&m=A1YKPOZG28EHWI&marketplaceID=A19VAU5U5O7RUS&qid=1776421138&refinements=p_36%3A21000-21500&s=merchant-items&sr=1-39&xpid=TGKT6sk2-GK0A#customerReviews,ODYSSEY AI-ONE Men's Putter
B01BJ3EMKK,,221.94,https://www.amazon.sg/Bauerfeind-strengthens-beneficial-compression-activities/dp/B01BJ3EMKK/ref=sr_1_40?dib=eyJ2IjoiMSJ9.8v_2TnL1Sb_DruIOQV2VPhbRToqvW96LValaXTrotjFUopK7cd0DOqRmg8DOlH2_ZUjpp-6uwTxiE-QsoEEP2MnGUbmAAJfgTHWAO9jPgiUT4Ln6xTmHxtaAsgMc_XqWf9InAyoYNwcWiOoUMbt3774payK2kgHoVm1OeIQUEH0.8IAuT8hRei6AlcFfT0cJ1rPz7LeONVyKBC2BwVpWneM&dib_tag=se&m=A1YKPOZG28EHWI&marketplaceID=A19VAU5U5O7RUS&qid=1776421138&refinements=p_36%3A21000-21500&s=merchant-items&sr=1-40&xpid=TGKT6sk2-GK0A#customerReviews,"Bauerfeind Sports Back Support strengthens the centre of the body through beneficial compression during sporting activities - X-Large, Black"
B01BJ3EMKK,,,,
B0DPPN4HVM,,212.6,https://www.amazon.sg/iDsonix-iDsonix-iQ20-1T-GY-EP-1T-External-SSD/dp/B0DPPN4HVM/ref=sr_1_41?dib=eyJ2IjoiMSJ9.8v_2TnL1Sb_DruIOQV2VPhbRToqvW96LValaXTrotjFUopK7cd0DOqRmg8DOlH2_ZUjpp-6uwTxiE-QsoEEP2MnGUbmAAJfgTHWAO9jPgiUT4Ln6xTmHxtaAsgMc_XqWf9InAyoYNwcWiOoUMbt3774payK2kgHoVm1OeIQUEH0.8IAuT8hRei6AlcFfT0cJ1rPz7LeONVyKBC2BwVpWneM&dib_tag=se&m=A1YKPOZG28EHWI&marketplaceID=A19VAU5U5O7RUS&qid=1776421138&refinements=p_36%3A21000-21500&s=merchant-items&sr=1-41&xpid=TGKT6sk2-GK0A#customerReviews,iDsonix 1T External SSD
B0DPPN4HVM,,,,
B0CWTP4DS6,,229.01,https://www.amazon.sg/LOGOS-Eco-logosave-81060710-Barbecue-Adjustment/dp/B0CWTP4DS6/ref=sr_1_42?dib=eyJ2IjoiMSJ9.8v_2TnL1Sb_DruIOQV2VPhbRToqvW96LValaXTrotjFUopK7cd0DOqRmg8DOlH2_ZUjpp-6uwTxiE-QsoEEP2MnGUbmAAJfgTHWAO9jPgiUT4Ln6xTmHxtaAsgMc_XqWf9InAyoYNwcWiOoUMbt3774payK2kgHoVm1OeIQUEH0.8IAuT8hRei6AlcFfT0cJ1rPz7LeONVyKBC2BwVpWneM&dib_tag=se&m=A1YKPOZG28EHWI&marketplaceID=A19VAU5U5O7RUS&qid=1776421138&refinements=p_36%3A21000-21500&s=merchant-items&sr=1-42&xpid=TGKT6sk2-GK0A#customerReviews,"LOGOS Eco-logosave 81060710 Tubular Grill L (Easy Trial Pack) Barbecue Stove, Easy Grill, Height Adjustment, Includes Lostol"
B0CWTP4DS6,,,,
B0CQL1198N,,213.44,https://www.amazon.sg/HEAD-Auxetic-Speed-Tennis-Racquet/dp/B0CQL1198N/ref=sr_1_43?dib=eyJ2IjoiMSJ9.8v_2TnL1Sb_DruIOQV2VPhbRToqvW96LValaXTrotjFUopK7cd0DOqRmg8DOlH2_ZUjpp-6uwTxiE-QsoEEP2MnGUbmAAJfgTHWAO9jPgiUT4Ln6xTmHxtaAsgMc_XqWf9InAyoYNwcWiOoUMbt3774payK2kgHoVm1OeIQUEH0.8IAuT8hRei6AlcFfT0cJ1rPz7LeONVyKBC2BwVpWneM&dib_tag=se&m=A1YKPOZG28EHWI&marketplaceID=A19VAU5U5O7RUS&qid=1776421138&refinements=p_36%3A21000-21500&s=merchant-items&sr=1-43&xpid=TGKT6sk2-GK0A#customerReviews,Head Speed Team 2024 Tennis Racquet
B0CQL1198N,,,,
B0CHB1K1WB,,213.67,https://www.amazon.sg/HEAD-Junior-Ski-Boot-Color/dp/B0CHB1K1WB/ref=sr_1_49?dib=eyJ2IjoiMSJ9.2STPmsm5QhF2RYkG3rJrGam62ymJGGlht5DbHbOsXwShgR4wCFflQYCzN1tU7ijsCWk4UoTjTZ3gUp1E_W1UOA.kxTXwXBeA38v8pCZsmuJtGxyG4316DS9NEO7WjJ_zkQ&dib_tag=se&m=A1YKPOZG28EHWI&marketplaceID=A19VAU5U5O7RUS&qid=1776421144&refinements=p_36%3A21000-21500&s=merchant-items&sr=1-49&xpid=TGKT6sk2-GK0A#customerReviews,HEAD J 2 Junior Ski Boot
B0CHB1K1WB,,,,
B0BHHJ1D64,,214.82,https://www.amazon.sg/Colantotte-COA-Necklace-ZEST-Round/dp/B0BHHJ1D64/ref=sr_1_50?dib=eyJ2IjoiMSJ9.2STPmsm5QhF2RYkG3rJrGam62ymJGGlht5DbHbOsXwShgR4wCFflQYCzN1tU7ijsCWk4UoTjTZ3gUp1E_W1UOA.kxTXwXBeA38v8pCZsmuJtGxyG4316DS9NEO7WjJ_zkQ&dib_tag=se&m=A1YKPOZG28EHWI&marketplaceID=A19VAU5U5O7RUS&qid=1776421144&refinements=p_36%3A21000-21500&s=merchant-items&sr=1-50&xpid=TGKT6sk2-GK0A#customerReviews,Colantotte COA Necklace ZEST
B0BHHJ1D64,,,,
B091Y8V3SR,,215.0,https://www.amazon.sg/ORTLIEB-%E3%82%AA%E3%83%AB%E3%83%88%E3%83%AA%E3%83%BC%E3%83%96-Olive-Handlebar-F9932/dp/B091Y8V3SR/ref=sr_1_51?dib=eyJ2IjoiMSJ9.2STPmsm5QhF2RYkG3rJrGam62ymJGGlht5DbHbOsXwShgR4wCFflQYCzN1tU7ijsCWk4UoTjTZ3gUp1E_W1UOA.kxTXwXBeA38v8pCZsmuJtGxyG4316DS9NEO7WjJ_zkQ&dib_tag=se&m=A1YKPOZG28EHWI&marketplaceID=A19VAU5U5O7RUS&qid=1776421144&refinements=p_36%3A21000-21500&s=merchant-items&sr=1-51&xpid=TGKT6sk2-GK0A#customerReviews,オルトリーブ ハンドルバーパック ブラックマット
B091Y8V3SR,,,,
B07L3W557B,,211.96,https://www.amazon.sg/Bananana-Effects-Matryoshka-MATRYOSHKA/dp/B07L3W557B/ref=sr_1_52?dib=eyJ2IjoiMSJ9.2STPmsm5QhF2RYkG3rJrGam62ymJGGlht5DbHbOsXwShgR4wCFflQYCzN1tU7ijsCWk4UoTjTZ3gUp1E_W1UOA.kxTXwXBeA38v8pCZsmuJtGxyG4316DS9NEO7WjJ_zkQ&dib_tag=se&m=A1YKPOZG28EHWI&marketplaceID=A19VAU5U5O7RUS&qid=1776421144&refinements=p_36%3A21000-21500&s=merchant-items&sr=1-52&xpid=TGKT6sk2-GK0A#customerReviews,MATRYOSHKA
B07L3W557B,,,,
B07JCV7RJJ,,219.07,https://www.amazon.sg/Fizik-Infinite-Shoes-Black-39-0/dp/B07JCV7RJJ/ref=sr_1_53?dib=eyJ2IjoiMSJ9.2STPmsm5QhF2RYkG3rJrGam62ymJGGlht5DbHbOsXwShgR4wCFflQYCzN1tU7ijsCWk4UoTjTZ3gUp1E_W1UOA.kxTXwXBeA38v8pCZsmuJtGxyG4316DS9NEO7WjJ_zkQ&dib_tag=se&m=A1YKPOZG28EHWI&marketplaceID=A19VAU5U5O7RUS&qid=1776421144&refinements=p_36%3A21000-21500&s=merchant-items&sr=1-53&xpid=TGKT6sk2-GK0A,"Fizik X1 Infinite BOA MTB Shoes, Black/Black, 39.0"
B07JCV7RJJ,,,,
B0789MW4TC,,213.34,https://www.amazon.sg/WELLSTROKE-WELLPUTT-Corrector-Template-Distribution/dp/B0789MW4TC/ref=sr_1_49?dib=eyJ2IjoiMSJ9.RsFLrobuaVs2FwtBCklzOQBHvQO14mco1KThb4f9mUuJdb34edsE3x6BsD2Dylxp2qYHFejvMD3p8iWGPP2yspdyOU71eoJutv8wDKAEYbikPd7iq1k9GUCI2fEGFV4dPjPYGv5xqE2sxWdzW3XKIJvL5xGAQx46ReXyz-Man0g.01IfgU5D4DBSJaRsmp-I0GNpXex-s0ge6V6GjK_II3g&dib_tag=se&m=A1YKPOZG28EHWI&marketplaceID=A19VAU5U5O7RUS&qid=1776421144&refinements=p_36%3A21000-21500&s=merchant-items&sr=1-49&xpid=TGKT6sk2-GK0A#customerReviews,WELLSTROKE WELLPUTT WELLPUTT SWING ARC Fathers Day Present Putter Corrective Tool Stroke Template Made in France
B0789MW4TC,,,,
B00W6GTZH0,,211.26,https://www.amazon.sg/83300267-Millennium-Thickness-Movement-Suitable/dp/B00W6GTZH0/ref=sr_1_50?dib=eyJ2IjoiMSJ9.RsFLrobuaVs2FwtBCklzOQBHvQO14mco1KThb4f9mUuJdb34edsE3x6BsD2Dylxp2qYHFejvMD3p8iWGPP2yspdyOU71eoJutv8wDKAEYbikPd7iq1k9GUCI2fEGFV4dPjPYGv5xqE2sxWdzW3XKIJvL5xGAQx46ReXyz-Man0g.01IfgU5D4DBSJaRsmp-I0GNpXex-s0ge6V6GjK_II3g&dib_tag=se&m=A1YKPOZG28EHWI&marketplaceID=A19VAU5U5O7RUS&qid=1776421144&refinements=p_36%3A21000-21500&s=merchant-items&sr=1-50&xpid=TGKT6sk2-GK0A#customerReviews,"Tempur 83300267 Millennium Pillow, White, Concave 3D Shape Wraps Snugly Around the Neck, Thickness of Both Sides Allows for Smooth Movement to the Side, Suitable for Back/Side Sleepers, XS Height"
B00W6GTZH0,,,,
B00M9CUL60,,213.76,https://www.amazon.sg/AKG-Perception-Professional-Instrumental-Microphone/dp/B00M9CUL60/ref=sr_1_51?dib=eyJ2IjoiMSJ9.RsFLrobuaVs2FwtBCklzOQBHvQO14mco1KThb4f9mUuJdb34edsE3x6BsD2Dylxp2qYHFejvMD3p8iWGPP2yspdyOU71eoJutv8wDKAEYbikPd7iq1k9GUCI2fEGFV4dPjPYGv5xqE2sxWdzW3XKIJvL5xGAQx46ReXyz-Man0g.01IfgU5D4DBSJaRsmp-I0GNpXex-s0ge6V6GjK_II3g&dib_tag=se&m=A1YKPOZG28EHWI&marketplaceID=A19VAU5U5O7RUS&qid=1776421144&refinements=p_36%3A21000-21500&s=merchant-items&sr=1-51&xpid=TGKT6sk2-GK0A#customerReviews,AKG Pro Audio AKG Perception 170 Professional Instrumental Microphone
B00M9CUL60,,,,
B00COYOOKM,,219.98,https://www.amazon.sg/Babolat-16g-1-30mm-Tennis-String-Natural/dp/B00COYOOKM/ref=sr_1_52?dib=eyJ2IjoiMSJ9.RsFLrobuaVs2FwtBCklzOQBHvQO14mco1KThb4f9mUuJdb34edsE3x6BsD2Dylxp2qYHFejvMD3p8iWGPP2yspdyOU71eoJutv8wDKAEYbikPd7iq1k9GUCI2fEGFV4dPjPYGv5xqE2sxWdzW3XKIJvL5xGAQx46ReXyz-Man0g.01IfgU5D4DBSJaRsmp-I0GNpXex-s0ge6V6GjK_II3g&dib_tag=se&m=A1YKPOZG28EHWI&marketplaceID=A19VAU5U5O7RUS&qid=1776421144&refinements=p_36%3A21000-21500&s=merchant-items&sr=1-52&xpid=TGKT6sk2-GK0A#customerReviews,Babolat Xcel String Reel
B00COYOOKM,,,,
B0052E2LII,,210.33,https://www.amazon.sg/HEAD-Duffle-Sport-Black-Dark/dp/B0052E2LII/ref=sr_1_53?dib=eyJ2IjoiMSJ9.RsFLrobuaVs2FwtBCklzOQBHvQO14mco1KThb4f9mUuJdb34edsE3x6BsD2Dylxp2qYHFejvMD3p8iWGPP2yspdyOU71eoJutv8wDKAEYbikPd7iq1k9GUCI2fEGFV4dPjPYGv5xqE2sxWdzW3XKIJvL5xGAQx46ReXyz-Man0g.01IfgU5D4DBSJaRsmp-I0GNpXex-s0ge6V6GjK_II3g&dib_tag=se&m=A1YKPOZG28EHWI&marketplaceID=A19VAU5U5O7RUS&qid=1776421144&refinements=p_36%3A21000-21500&s=merchant-items&sr=1-53&xpid=TGKT6sk2-GK0A#customerReviews,HEAD Pro X Tennis Duffle Sport Bag Black and Dark Grey
B0052E2LII,,,,
B0C899R16D,,210.42,https://www.amazon.sg/YONEX-NF1000G-Badminton-Exclusive-Lightning/dp/B0C899R16D/ref=sr_1_54?dib=eyJ2IjoiMSJ9.RsFLrobuaVs2FwtBCklzOQBHvQO14mco1KThb4f9mUuJdb34edsE3x6BsD2Dylxp2qYHFejvMD3p8iWGPP2yspdyOU71eoJutv8wDKAEYbikPd7iq1k9GUCI2fEGFV4dPjPYGv5xqE2sxWdzW3XKIJvL5xGAQx46ReXyz-Man0g.01IfgU5D4DBSJaRsmp-I0GNpXex-s0ge6V6GjK_II3g&dib_tag=se&m=A1YKPOZG28EHWI&marketplaceID=A19VAU5U5O7RUS&qid=1776421144&refinements=p_36%3A21000-21500&s=merchant-items&sr=1-54&xpid=TGKT6sk2-GK0A#customerReviews,"YONEX 824 Badminton Racquet Nano Flare 1000 Game with Exclusive Case, Lightning Yellow (824)"
B01CSEUVEA,,210.06,https://www.amazon.sg/VARIVAS-Avani-Casting-132-1-Pieces/dp/B01CSEUVEA/ref=sr_1_55?dib=eyJ2IjoiMSJ9.RsFLrobuaVs2FwtBCklzOQBHvQO14mco1KThb4f9mUuJdb34edsE3x6BsD2Dylxp2qYHFejvMD3p8iWGPP2yspdyOU71eoJutv8wDKAEYbikPd7iq1k9GUCI2fEGFV4dPjPYGv5xqE2sxWdzW3XKIJvL5xGAQx46ReXyz-Man0g.01IfgU5D4DBSJaRsmp-I0GNpXex-s0ge6V6GjK_II3g&dib_tag=se&m=A1YKPOZG28EHWI&marketplaceID=A19VAU5U5O7RUS&qid=1776421144&refinements=p_36%3A21000-21500&s=merchant-items&sr=1-55&xpid=TGKT6sk2-GK0A#customerReviews,VARIVAS Avani Casting PE Si-X
B01CSEUVEA,,,,
B07NB3DV6H,,215.0,https://www.amazon.sg/SWANS-EN8-0066_BK-Japanese-Language-Guaranteed/dp/B07NB3DV6H/ref=sr_1_56?dib=eyJ2IjoiMSJ9.RsFLrobuaVs2FwtBCklzOQBHvQO14mco1KThb4f9mUuJdb34edsE3x6BsD2Dylxp2qYHFejvMD3p8iWGPP2yspdyOU71eoJutv8wDKAEYbikPd7iq1k9GUCI2fEGFV4dPjPYGv5xqE2sxWdzW3XKIJvL5xGAQx46ReXyz-Man0g.01IfgU5D4DBSJaRsmp-I0GNpXex-s0ge6V6GjK_II3g&dib_tag=se&m=A1YKPOZG28EHWI&marketplaceID=A19VAU5U5O7RUS&qid=1776421144&refinements=p_36%3A21000-21500&s=merchant-items&sr=1-56&xpid=TGKT6sk2-GK0A#customerReviews,"Swans E-NOX EIGHT8 Sports Sunglasses, Made in Japan, Marathon, Running, Athletics, Ball Sports, Cycling)"
B07NB3DV6H,,,,
B073WW9BGK,,211.39,https://www.amazon.sg/Crankbrothers-MTB-Pedals-Candy-Dark/dp/B073WW9BGK/ref=sr_1_57?dib=eyJ2IjoiMSJ9.RsFLrobuaVs2FwtBCklzOQBHvQO14mco1KThb4f9mUuJdb34edsE3x6BsD2Dylxp2qYHFejvMD3p8iWGPP2yspdyOU71eoJutv8wDKAEYbikPd7iq1k9GUCI2fEGFV4dPjPYGv5xqE2sxWdzW3XKIJvL5xGAQx46ReXyz-Man0g.01IfgU5D4DBSJaRsmp-I0GNpXex-s0ge6V6GjK_II3g&dib_tag=se&m=A1YKPOZG28EHWI&marketplaceID=A19VAU5U5O7RUS&qid=1776421144&refinements=p_36%3A21000-21500&s=merchant-items&sr=1-57&xpid=TGKT6sk2-GK0A#customerReviews,"Crankbrothers Candy Clip-In MTB Bike Pedal - Gravel/XC/Trail Lightweight Bicycle Pedal, 4 Sided Entry, Customizable Float, Premium Bearings"
B073WW9BGK,,,,
B08VSBR7F7,,212.98,https://www.amazon.sg/EDELRID-Ace-II-Climbing-Harness/dp/B08VSBR7F7/ref=sr_1_58?dib=eyJ2IjoiMSJ9.RsFLrobuaVs2FwtBCklzOQBHvQO14mco1KThb4f9mUuJdb34edsE3x6BsD2Dylxp2qYHFejvMD3p8iWGPP2yspdyOU71eoJutv8wDKAEYbikPd7iq1k9GUCI2fEGFV4dPjPYGv5xqE2sxWdzW3XKIJvL5xGAQx46ReXyz-Man0g.01IfgU5D4DBSJaRsmp-I0GNpXex-s0ge6V6GjK_II3g&dib_tag=se&m=A1YKPOZG28EHWI&marketplaceID=A19VAU5U5O7RUS&qid=1776421144&refinements=p_36%3A21000-21500&s=merchant-items&sr=1-58&xpid=TGKT6sk2-GK0A#customerReviews,EDELRID Ace II Climbing Harness
B08VSBR7F7,,,,
B0CKHM84DZ,,212.02,https://www.amazon.sg/Daiwa-24TATULA-100HL-Bait-Reel/dp/B0CKHM84DZ/ref=sr_1_59?dib=eyJ2IjoiMSJ9.RsFLrobuaVs2FwtBCklzOQBHvQO14mco1KThb4f9mUuJdb34edsE3x6BsD2Dylxp2qYHFejvMD3p8iWGPP2yspdyOU71eoJutv8wDKAEYbikPd7iq1k9GUCI2fEGFV4dPjPYGv5xqE2sxWdzW3XKIJvL5xGAQx46ReXyz-Man0g.01IfgU5D4DBSJaRsmp-I0GNpXex-s0ge6V6GjK_II3g&dib_tag=se&m=A1YKPOZG28EHWI&marketplaceID=A19VAU5U5O7RUS&qid=1776421144&refinements=p_36%3A21000-21500&s=merchant-items&sr=1-59&xpid=TGKT6sk2-GK0A#customerReviews,Daiwa 24TATULA TW 100 Bait Reel (2024 Model)
B0CKHM84DZ,,,,
B000X2D12E,,214.17,https://www.amazon.sg/Stahlwille-Ratchet-External-SF735-10/dp/B000X2D12E/ref=sr_1_65?dib=eyJ2IjoiMSJ9.WwYjGd5kvVFT1WUP-L7mOjnvbObNsNtB8l5V2GVUnSZ9MQO6J8kCjeIorhkhB1eor82sM7W8Ld_GBV4ctE1EwA.WRI0Uz7t6ifqgRobM8Fk2BrVpwbyyhQwAp-FsHpVYOo&dib_tag=se&m=A1YKPOZG28EHWI&marketplaceID=A19VAU5U5O7RUS&qid=1776421149&refinements=p_36%3A21000-21500&s=merchant-items&sr=1-65&xpid=TGKT6sk2-GK0A#customerReviews,"Stahlwille Ratchet Insert Tool size10 External Square 1/2"" Size of Mount 9x12 mm M N·m 100 N·m, SF735/10"
B000X2D12E,,,,
B085XMVC4T,,210.64,https://www.amazon.sg/Yamazaki-4979-Hanger-Hangable-Approx/dp/B085XMVC4T/ref=sr_1_66?dib=eyJ2IjoiMSJ9.WwYjGd5kvVFT1WUP-L7mOjnvbObNsNtB8l5V2GVUnSZ9MQO6J8kCjeIorhkhB1eor82sM7W8Ld_GBV4ctE1EwA.WRI0Uz7t6ifqgRobM8Fk2BrVpwbyyhQwAp-FsHpVYOo&dib_tag=se&m=A1YKPOZG28EHWI&marketplaceID=A19VAU5U5O7RUS&qid=1776421149&refinements=p_36%3A21000-21500&s=merchant-items&sr=1-66&xpid=TGKT6sk2-GK0A#customerReviews,"Yamazaki 4979 Bath Towel Hanger, Hangable from the Side, 3 Tiers, White, Approx. W 27.6 x D 5.5 x H 31.9 inches (70 x 14 x 81 cm), Tower, Easy to Hang, Large Size Can Be Dry,"
B085XMVC4T,,,,
B076HLH98X,,213.53,https://www.amazon.sg/XVIVE-Wireless-Guitar-System-XV/dp/B076HLH98X/ref=sr_1_67?dib=eyJ2IjoiMSJ9.WwYjGd5kvVFT1WUP-L7mOjnvbObNsNtB8l5V2GVUnSZ9MQO6J8kCjeIorhkhB1eor82sM7W8Ld_GBV4ctE1EwA.WRI0Uz7t6ifqgRobM8Fk2BrVpwbyyhQwAp-FsHpVYOo&dib_tag=se&m=A1YKPOZG28EHWI&marketplaceID=A19VAU5U5O7RUS&qid=1776421149&refinements=p_36%3A21000-21500&s=merchant-items&sr=1-67&xpid=TGKT6sk2-GK0A#customerReviews,"XVIVE Wireless Guitar System XV - U2, red"
B076HLH98X,,,,
B00E94TYA0,,213.29,https://www.amazon.sg/AO-Coolers-AOCR12SL-High-Density-Insulation/dp/B00E94TYA0/ref=sr_1_68?dib=eyJ2IjoiMSJ9.WwYjGd5kvVFT1WUP-L7mOjnvbObNsNtB8l5V2GVUnSZ9MQO6J8kCjeIorhkhB1eor82sM7W8Ld_GBV4ctE1EwA.WRI0Uz7t6ifqgRobM8Fk2BrVpwbyyhQwAp-FsHpVYOo&dib_tag=se&m=A1YKPOZG28EHWI&marketplaceID=A19VAU5U5O7RUS&qid=1776421149&refinements=p_36%3A21000-21500&s=merchant-items&sr=1-68&xpid=TGKT6sk2-GK0A#customerReviews,AO Coolers Carbon Soft Cooler with High-Density Insulation
B00E94TYA0,,,,
B01N9OLU8G,,212.34,https://www.amazon.sg/Bruder-Power-Horse-Trailer-Vehicle/dp/B01N9OLU8G/ref=sr_1_69?dib=eyJ2IjoiMSJ9.WwYjGd5kvVFT1WUP-L7mOjnvbObNsNtB8l5V2GVUnSZ9MQO6J8kCjeIorhkhB1eor82sM7W8Ld_GBV4ctE1EwA.WRI0Uz7t6ifqgRobM8Fk2BrVpwbyyhQwAp-FsHpVYOo&dib_tag=se&m=A1YKPOZG28EHWI&marketplaceID=A19VAU5U5O7RUS&qid=1776421149&refinements=p_36%3A21000-21500&s=merchant-items&sr=1-69&xpid=TGKT6sk2-GK0A#customerReviews,Bruder Ram 2500 Power Pick Up W Horse Trailer & Horse Vehicle
B01N9OLU8G,,,,
B01DQI7PIW,,214.53,https://www.amazon.sg/Metronome-Wooden-Regular-Silver-103/dp/B01DQI7PIW/ref=sr_1_65?dib=eyJ2IjoiMSJ9.kAlzB1_5BQperjqNeu67ofiUgdobx69jXm0_lC6zsj2s5UlrU4j0FndSDnnsGGlfvy_PlFJgcxHFl_Hd5vVKVX7tuni3tCRC7TnnCrLAYhMbV7EyvhMg3hRRDhgy92tU2xhVQT-kqLl8jQM86NFxfH35u86iDzNiPnX1-ZFks5A.twCWH72WfkbW3Re9afqHm8NLo__u5cFwamdBXKHT1fk&dib_tag=se&m=A1YKPOZG28EHWI&marketplaceID=A19VAU5U5O7RUS&qid=1776421149&refinements=p_36%3A21000-21500&s=merchant-items&sr=1-65&xpid=TGKT6sk2-GK0A#customerReviews,"Nikko Metronome, Wooden, Regular, Silver 103"
B01DQI7PIW,,,,
B07NJBVRKH,,214.27,https://www.amazon.sg/PAN203-3-Way-Lightweight-Business-Backpack/dp/B07NJBVRKH/ref=sr_1_66?dib=eyJ2IjoiMSJ9.kAlzB1_5BQperjqNeu67ofiUgdobx69jXm0_lC6zsj2s5UlrU4j0FndSDnnsGGlfvy_PlFJgcxHFl_Hd5vVKVX7tuni3tCRC7TnnCrLAYhMbV7EyvhMg3hRRDhgy92tU2xhVQT-kqLl8jQM86NFxfH35u86iDzNiPnX1-ZFks5A.twCWH72WfkbW3Re9afqHm8NLo__u5cFwamdBXKHT1fk&dib_tag=se&m=A1YKPOZG28EHWI&marketplaceID=A19VAU5U5O7RUS&qid=1776421149&refinements=p_36%3A21000-21500&s=merchant-items&sr=1-66&xpid=TGKT6sk2-GK0A,P D PAN203 Nove 3-Way Lightweight Business Bag Box Backpack
B07NJBVRKH,,,,
B085NZRZYK,,213.28,https://www.amazon.sg/CAPTAIN-UA-0052-Captain-Trekker-Person/dp/B085NZRZYK/ref=sr_1_67?dib=eyJ2IjoiMSJ9.kAlzB1_5BQperjqNeu67ofiUgdobx69jXm0_lC6zsj2s5UlrU4j0FndSDnnsGGlfvy_PlFJgcxHFl_Hd5vVKVX7tuni3tCRC7TnnCrLAYhMbV7EyvhMg3hRRDhgy92tU2xhVQT-kqLl8jQM86NFxfH35u86iDzNiPnX1-ZFks5A.twCWH72WfkbW3Re9afqHm8NLo__u5cFwamdBXKHT1fk&dib_tag=se&m=A1YKPOZG28EHWI&marketplaceID=A19VAU5U5O7RUS&qid=1776421149&refinements=p_36%3A21000-21500&s=merchant-items&sr=1-67&xpid=TGKT6sk2-GK0A#customerReviews,"Captain Stag UA-71 / UA-52 Solo Tent for 1 Person [Size: 82.7 x 55.1 x 43.3 inches (210 x 140 x 110 cm), Packing Size: 15.4 x 7.1 x 7.1 inches (39 x 18 x 18 cm), UV and PU Treatment, Storage Bag"
B085NZRZYK,,,,
B0DFBHXVYK,,211.67,https://www.amazon.sg/Montbell-1108743-Trekking-Activities-Protection/dp/B0DFBHXVYK/ref=sr_1_68?dib=eyJ2IjoiMSJ9.kAlzB1_5BQperjqNeu67ofiUgdobx69jXm0_lC6zsj2s5UlrU4j0FndSDnnsGGlfvy_PlFJgcxHFl_Hd5vVKVX7tuni3tCRC7TnnCrLAYhMbV7EyvhMg3hRRDhgy92tU2xhVQT-kqLl8jQM86NFxfH35u86iDzNiPnX1-ZFks5A.twCWH72WfkbW3Re9afqHm8NLo__u5cFwamdBXKHT1fk&dib_tag=se&m=A1YKPOZG28EHWI&marketplaceID=A19VAU5U5O7RUS&qid=1776421149&refinements=p_36%3A21000-21500&s=merchant-items&sr=1-68&xpid=TGKT6sk2-GK0A,"Montbell 1108743 Wide Brim Hat, Men's, Women's, Hat, Outdoor, Trekking, Activities, Nylon, Brim Length 3.1 inches (8 cm), UV Protection, Sun Protection"
B0DFBHXVYK,,,,
B0DCKBP15V,,212.93,https://www.amazon.sg/Daiwa-Light-150L-DH-Bi-Axle-Counter/dp/B0DCKBP15V/ref=sr_1_69?dib=eyJ2IjoiMSJ9.kAlzB1_5BQperjqNeu67ofiUgdobx69jXm0_lC6zsj2s5UlrU4j0FndSDnnsGGlfvy_PlFJgcxHFl_Hd5vVKVX7tuni3tCRC7TnnCrLAYhMbV7EyvhMg3hRRDhgy92tU2xhVQT-kqLl8jQM86NFxfH35u86iDzNiPnX1-ZFks5A.twCWH72WfkbW3Re9afqHm8NLo__u5cFwamdBXKHT1fk&dib_tag=se&m=A1YKPOZG28EHWI&marketplaceID=A19VAU5U5O7RUS&qid=1776421149&refinements=p_36%3A21000-21500&s=merchant-items&sr=1-69&xpid=TGKT6sk2-GK0A#customerReviews,"Daiwa Light GAME RX IC 150-DH/150 Biaxial Reel with Counter, Various"
B0DCKBP15V,,,,
B0D7P6CVH4,,214.4,https://www.amazon.sg/BWT14414-Baseball-Special-American-Natural/dp/B0D7P6CVH4/ref=sr_1_70?dib=eyJ2IjoiMSJ9.kAlzB1_5BQperjqNeu67ofiUgdobx69jXm0_lC6zsj2s5UlrU4j0FndSDnnsGGlfvy_PlFJgcxHFl_Hd5vVKVX7tuni3tCRC7TnnCrLAYhMbV7EyvhMg3hRRDhgy92tU2xhVQT-kqLl8jQM86NFxfH35u86iDzNiPnX1-ZFks5A.twCWH72WfkbW3Re9afqHm8NLo__u5cFwamdBXKHT1fk&dib_tag=se&m=A1YKPOZG28EHWI&marketplaceID=A19VAU5U5O7RUS&qid=1776421149&refinements=p_36%3A21000-21500&s=merchant-items&sr=1-70&xpid=TGKT6sk2-GK0A#customerReviews,"Zett BWT14414 Hard Baseball Bat, Special Select Model, Wooden (North American Hard Maple), Made in Japan"
B0D7P6CVH4,,,,
B0D7P4YCC8,,214.4,https://www.amazon.sg/BWT14414-Baseball-Special-American-Natural/dp/B0D7P4YCC8/ref=sr_1_71?dib=eyJ2IjoiMSJ9.kAlzB1_5BQperjqNeu67ofiUgdobx69jXm0_lC6zsj2s5UlrU4j0FndSDnnsGGlfvy_PlFJgcxHFl_Hd5vVKVX7tuni3tCRC7TnnCrLAYhMbV7EyvhMg3hRRDhgy92tU2xhVQT-kqLl8jQM86NFxfH35u86iDzNiPnX1-ZFks5A.twCWH72WfkbW3Re9afqHm8NLo__u5cFwamdBXKHT1fk&dib_tag=se&m=A1YKPOZG28EHWI&marketplaceID=A19VAU5U5O7RUS&qid=1776421149&refinements=p_36%3A21000-21500&s=merchant-items&sr=1-71&xpid=TGKT6sk2-GK0A,"Zett BWT14414 Hard Baseball Bat, Special Select Model, Wooden (North American Hard Maple), Made in Japan"
B0D7P4YCC8,,,,
B0D6FTTR2W,,214.37,https://www.amazon.sg/10-1550-Express-Passenger-Specifications-Railway/dp/B0D6FTTR2W/ref=sr_1_72?dib=eyJ2IjoiMSJ9.kAlzB1_5BQperjqNeu67ofiUgdobx69jXm0_lC6zsj2s5UlrU4j0FndSDnnsGGlfvy_PlFJgcxHFl_Hd5vVKVX7tuni3tCRC7TnnCrLAYhMbV7EyvhMg3hRRDhgy92tU2xhVQT-kqLl8jQM86NFxfH35u86iDzNiPnX1-ZFks5A.twCWH72WfkbW3Re9afqHm8NLo__u5cFwamdBXKHT1fk&dib_tag=se&m=A1YKPOZG28EHWI&marketplaceID=A19VAU5U5O7RUS&qid=1776421149&refinements=p_36%3A21000-21500&s=merchant-items&sr=1-72&xpid=TGKT6sk2-GK0A#customerReviews,"KATO 10-1550 N Gauge 12 Series Express Passenger Car, JNR Specifications, Set of 6, Model Railway Passenger Car"
B0D6FTTR2W,,,,
B0CWHHXDVC,,211.32,https://www.amazon.sg/Wolf-Tooth-Chainring-Asymmetric-Chainrings/dp/B0CWHHXDVC/ref=sr_1_73?dib=eyJ2IjoiMSJ9.kAlzB1_5BQperjqNeu67ofiUgdobx69jXm0_lC6zsj2s5UlrU4j0FndSDnnsGGlfvy_PlFJgcxHFl_Hd5vVKVX7tuni3tCRC7TnnCrLAYhMbV7EyvhMg3hRRDhgy92tU2xhVQT-kqLl8jQM86NFxfH35u86iDzNiPnX1-ZFks5A.twCWH72WfkbW3Re9afqHm8NLo__u5cFwamdBXKHT1fk&dib_tag=se&m=A1YKPOZG28EHWI&marketplaceID=A19VAU5U5O7RUS&qid=1776421149&refinements=p_36%3A21000-21500&s=merchant-items&sr=1-73&xpid=TGKT6sk2-GK0A,Wolf Tooth 110 BCD 4 Bolt Aero Chainring for GRX Crank Drop-Stop ST Round 52T 110 BCD Asymmetric 4-Bolt Aero Chainrings for GRX Cranks Drop-Stop ST Round 52T 1 Piece
B0CWHHXDVC,,,,
B0CPSPKC6N,,212.91,https://www.amazon.sg/%E3%82%AE%E3%82%B6%E3%83%83%E3%83%AD-Ghisallo-GHISALLO-Stem-110/dp/B0CPSPKC6N/ref=sr_1_74?dib=eyJ2IjoiMSJ9.kAlzB1_5BQperjqNeu67ofiUgdobx69jXm0_lC6zsj2s5UlrU4j0FndSDnnsGGlfvy_PlFJgcxHFl_Hd5vVKVX7tuni3tCRC7TnnCrLAYhMbV7EyvhMg3hRRDhgy92tU2xhVQT-kqLl8jQM86NFxfH35u86iDzNiPnX1-ZFks5A.twCWH72WfkbW3Re9afqHm8NLo__u5cFwamdBXKHT1fk&dib_tag=se&m=A1YKPOZG28EHWI&marketplaceID=A19VAU5U5O7RUS&qid=1776421149&refinements=p_36%3A21000-21500&s=merchant-items&sr=1-74&xpid=TGKT6sk2-GK0A,GHISALLO Stem 110
B0CPSPKC6N,,,,
B0CHFD7PXV,,213.04,https://www.amazon.sg/Odyssey-TRI-BEAM-TWELVE-Putter-Mallet/dp/B0CHFD7PXV/ref=sr_1_75?dib=eyJ2IjoiMSJ9.kAlzB1_5BQperjqNeu67ofiUgdobx69jXm0_lC6zsj2s5UlrU4j0FndSDnnsGGlfvy_PlFJgcxHFl_Hd5vVKVX7tuni3tCRC7TnnCrLAYhMbV7EyvhMg3hRRDhgy92tU2xhVQT-kqLl8jQM86NFxfH35u86iDzNiPnX1-ZFks5A.twCWH72WfkbW3Re9afqHm8NLo__u5cFwamdBXKHT1fk&dib_tag=se&m=A1YKPOZG28EHWI&marketplaceID=A19VAU5U5O7RUS&qid=1776421149&refinements=p_36%3A21000-21500&s=merchant-items&sr=1-75&xpid=TGKT6sk2-GK0A#customerReviews,Odyssey TRI-BEAM TWELVE Right Hand Putter (Mallet Type STROKE LAB Shaft 34 Inch) Men's
B0CHFD7PXV,,,,
B0C9M1Z2K4,,215.66,https://www.amazon.sg/Daiwa-LT3000-LEXA-Spinning-Reel/dp/B0C9M1Z2K4/ref=sr_1_81?dib=eyJ2IjoiMSJ9.Nn5OKh8c3uK3xYgXjV3C9Vhtb5FyFkctR0fGJ17-2YSlaSGWr06qCJT5yx1W56HvRZxoTKOqvp110xKE68vEHA.URmzK0u8sqTNFsNXXQ8eLNR8EByzCCyyG4WFQKd2Z4Y&dib_tag=se&m=A1YKPOZG28EHWI&marketplaceID=A19VAU5U5O7RUS&qid=1776421155&refinements=p_36%3A21000-21500&s=merchant-items&sr=1-81&xpid=TGKT6sk2-GK0A#customerReviews,"DAIWA Spinning Reel, LEXA, 2500-6000, Various (2023 Model)"
B0C9M1Z2K4,,,,
B0C9M17DFN,,212.97,https://www.amazon.sg/Daiwa-LT5000-C-Spinning-Reel-LEXA/dp/B0C9M17DFN/ref=sr_1_82?dib=eyJ2IjoiMSJ9.Nn5OKh8c3uK3xYgXjV3C9Vhtb5FyFkctR0fGJ17-2YSlaSGWr06qCJT5yx1W56HvRZxoTKOqvp110xKE68vEHA.URmzK0u8sqTNFsNXXQ8eLNR8EByzCCyyG4WFQKd2Z4Y&dib_tag=se&m=A1YKPOZG28EHWI&marketplaceID=A19VAU5U5O7RUS&qid=1776421155&refinements=p_36%3A21000-21500&s=merchant-items&sr=1-82&xpid=TGKT6sk2-GK0A#customerReviews,"DAIWA Spinning Reel, LEXA, 2500-6000, Various (2023 Model)"
B0C9M17DFN,,,,
B0C3X3GW7Y,,210.44,https://www.amazon.sg/Electro-Harmonix-Lizard-Queen-Octave-Pedal/dp/B0C3X3GW7Y/ref=sr_1_83?dib=eyJ2IjoiMSJ9.Nn5OKh8c3uK3xYgXjV3C9Vhtb5FyFkctR0fGJ17-2YSlaSGWr06qCJT5yx1W56HvRZxoTKOqvp110xKE68vEHA.URmzK0u8sqTNFsNXXQ8eLNR8EByzCCyyG4WFQKd2Z4Y&dib_tag=se&m=A1YKPOZG28EHWI&marketplaceID=A19VAU5U5O7RUS&qid=1776421155&refinements=p_36%3A21000-21500&s=merchant-items&sr=1-83&xpid=TGKT6sk2-GK0A#customerReviews,Electro-Harmonix Lizard Queen Octave Fuzz Pedal
B0C3X3GW7Y,,,,
B0C1SBMRR9,,210.44,https://www.amazon.sg/TOOL-LAB-Leather-Pocket-%E3%80%90Tochigi-Leather%E3%80%91/dp/B0C1SBMRR9/ref=sr_1_84?dib=eyJ2IjoiMSJ9.Nn5OKh8c3uK3xYgXjV3C9Vhtb5FyFkctR0fGJ17-2YSlaSGWr06qCJT5yx1W56HvRZxoTKOqvp110xKE68vEHA.URmzK0u8sqTNFsNXXQ8eLNR8EByzCCyyG4WFQKd2Z4Y&dib_tag=se&m=A1YKPOZG28EHWI&marketplaceID=A19VAU5U5O7RUS&qid=1776421155&refinements=p_36%3A21000-21500&s=merchant-items&sr=1-84&xpid=TGKT6sk2-GK0A#customerReviews,Leather Work Pocket DOPE 【Tochigi Leather】 Made in Japan (Black)
B0C1SBMRR9,,,,
B0BXCPY7NN,,210.57,https://www.amazon.sg/Gauge-Express-Bandai-6-Car-10-1633/dp/B0BXCPY7NN/ref=sr_1_85?dib=eyJ2IjoiMSJ9.Nn5OKh8c3uK3xYgXjV3C9Vhtb5FyFkctR0fGJ17-2YSlaSGWr06qCJT5yx1W56HvRZxoTKOqvp110xKE68vEHA.URmzK0u8sqTNFsNXXQ8eLNR8EByzCCyyG4WFQKd2Z4Y&dib_tag=se&m=A1YKPOZG28EHWI&marketplaceID=A19VAU5U5O7RUS&qid=1776421155&refinements=p_36%3A21000-21500&s=merchant-items&sr=1-85&xpid=TGKT6sk2-GK0A#customerReviews,KATO N Gauge 455 Series Express Bandai 6-Car Set 10-1633 Train Model Train
B0BXCPY7NN,,,,
B0BWSBGJ1B,,212.36,https://www.amazon.sg/Walrus-Audio-Fundamental-Chorus-900-1072/dp/B0BWSBGJ1B/ref=sr_1_81?dib=eyJ2IjoiMSJ9.cc-PAlA5wogf-yheaTY5HNON9Eg2uMOAvOofQkTApIHeyNts_dhKU8CtWorlZ9fWfNpE1CmCa5OiRJvy6MGHhB31LTrX7S2J192jIwt_ldUdM5EmFTyBacyOHRr4lWY8-VXShrmBdje1kGNNj8YSrpKXAjKkBS-eCpaxc8G572s.KVRl5C0DoU7zMAF7V6jCiLr8TJuDKHbLGUJQLKtwTjo&dib_tag=se&m=A1YKPOZG28EHWI&marketplaceID=A19VAU5U5O7RUS&qid=1776421155&refinements=p_36%3A21000-21500&s=merchant-items&sr=1-81&xpid=TGKT6sk2-GK0A#customerReviews,Walrus Audio Fundamental Series Chorus (900-1072)
B0BWSBGJ1B,,,,
B0BW4C62K5,,212.83,https://www.amazon.sg/LUXILON-WR8310501125-Tennis-String-ROUGH/dp/B0BW4C62K5/ref=sr_1_82?dib=eyJ2IjoiMSJ9.cc-PAlA5wogf-yheaTY5HNON9Eg2uMOAvOofQkTApIHeyNts_dhKU8CtWorlZ9fWfNpE1CmCa5OiRJvy6MGHhB31LTrX7S2J192jIwt_ldUdM5EmFTyBacyOHRr4lWY8-VXShrmBdje1kGNNj8YSrpKXAjKkBS-eCpaxc8G572s.KVRl5C0DoU7zMAF7V6jCiLr8TJuDKHbLGUJQLKtwTjo&dib_tag=se&m=A1YKPOZG28EHWI&marketplaceID=A19VAU5U5O7RUS&qid=1776421155&refinements=p_36%3A21000-21500&s=merchant-items&sr=1-82&xpid=TGKT6sk2-GK0A,"LUXILON Tennis String, ECO Series, 100% Recycled Material (Plastic Bottles), Single String, Reel"
B0BW4C62K5,,,,
B0BNHDJ887,,213.34,https://www.amazon.sg/CP-8810-Two-Handed-Induction-Compatible-Included/dp/B0BNHDJ887/ref=sr_1_83?dib=eyJ2IjoiMSJ9.cc-PAlA5wogf-yheaTY5HNON9Eg2uMOAvOofQkTApIHeyNts_dhKU8CtWorlZ9fWfNpE1CmCa5OiRJvy6MGHhB31LTrX7S2J192jIwt_ldUdM5EmFTyBacyOHRr4lWY8-VXShrmBdje1kGNNj8YSrpKXAjKkBS-eCpaxc8G572s.KVRl5C0DoU7zMAF7V6jCiLr8TJuDKHbLGUJQLKtwTjo&dib_tag=se&m=A1YKPOZG28EHWI&marketplaceID=A19VAU5U5O7RUS&qid=1776421155&refinements=p_36%3A21000-21500&s=merchant-items&sr=1-83&xpid=TGKT6sk2-GK0A#customerReviews,"PEARL METAL VISIONS Gold Coating CP-8810 Pot, Two-Handed Pot, Stew, Curry Pot, 9.4 inches (24 cm), Induction Compatible, Glass Lid Included"
B0BNHDJ887,,,,
B0BGX9NV1K,,214.72,https://www.amazon.sg/Kyosho-Original-KS08306G-Elbarary-Finished/dp/B0BGX9NV1K/ref=sr_1_84?dib=eyJ2IjoiMSJ9.cc-PAlA5wogf-yheaTY5HNON9Eg2uMOAvOofQkTApIHeyNts_dhKU8CtWorlZ9fWfNpE1CmCa5OiRJvy6MGHhB31LTrX7S2J192jIwt_ldUdM5EmFTyBacyOHRr4lWY8-VXShrmBdje1kGNNj8YSrpKXAjKkBS-eCpaxc8G572s.KVRl5C0DoU7zMAF7V6jCiLr8TJuDKHbLGUJQLKtwTjo&dib_tag=se&m=A1YKPOZG28EHWI&marketplaceID=A19VAU5U5O7RUS&qid=1776421155&refinements=p_36%3A21000-21500&s=merchant-items&sr=1-84&xpid=TGKT6sk2-GK0A#customerReviews,Kyosho Original KS08306G Lancia Rally 037 1985 Elbarary #3 Finished Product
B0BGX9NV1K,,,,
B0B755J691,,213.44,https://www.amazon.sg/Deda-SUPERZERO-31-7-Cycle-Parts/dp/B0B755J691/ref=sr_1_85?dib=eyJ2IjoiMSJ9.cc-PAlA5wogf-yheaTY5HNON9Eg2uMOAvOofQkTApIHeyNts_dhKU8CtWorlZ9fWfNpE1CmCa5OiRJvy6MGHhB31LTrX7S2J192jIwt_ldUdM5EmFTyBacyOHRr4lWY8-VXShrmBdje1kGNNj8YSrpKXAjKkBS-eCpaxc8G572s.KVRl5C0DoU7zMAF7V6jCiLr8TJuDKHbLGUJQLKtwTjo&dib_tag=se&m=A1YKPOZG28EHWI&marketplaceID=A19VAU5U5O7RUS&qid=1776421155&refinements=p_36%3A21000-21500&s=merchant-items&sr=1-85&xpid=TGKT6sk2-GK0A#customerReviews,Deda SUPERZERO RS POB 31.7/ Stem Cycle Parts
B0B755J691,,,,
B0B751VYRJ,,210.12,https://www.amazon.sg/Deda-SUPERZERO-31-7-Cycle-Parts/dp/B0B751VYRJ/ref=sr_1_86?dib=eyJ2IjoiMSJ9.cc-PAlA5wogf-yheaTY5HNON9Eg2uMOAvOofQkTApIHeyNts_dhKU8CtWorlZ9fWfNpE1CmCa5OiRJvy6MGHhB31LTrX7S2J192jIwt_ldUdM5EmFTyBacyOHRr4lWY8-VXShrmBdje1kGNNj8YSrpKXAjKkBS-eCpaxc8G572s.KVRl5C0DoU7zMAF7V6jCiLr8TJuDKHbLGUJQLKtwTjo&dib_tag=se&m=A1YKPOZG28EHWI&marketplaceID=A19VAU5U5O7RUS&qid=1776421155&refinements=p_36%3A21000-21500&s=merchant-items&sr=1-86&xpid=TGKT6sk2-GK0A#customerReviews,Deda SUPERZERO RS POB 31.7/ Stem Cycle Parts
B0B751VYRJ,,,,
B09Y34QZRC,,212.97,https://www.amazon.sg/EVERNEW-EKA403-Kids-Tunnel-S/dp/B09Y34QZRC/ref=sr_1_87?dib=eyJ2IjoiMSJ9.cc-PAlA5wogf-yheaTY5HNON9Eg2uMOAvOofQkTApIHeyNts_dhKU8CtWorlZ9fWfNpE1CmCa5OiRJvy6MGHhB31LTrX7S2J192jIwt_ldUdM5EmFTyBacyOHRr4lWY8-VXShrmBdje1kGNNj8YSrpKXAjKkBS-eCpaxc8G572s.KVRl5C0DoU7zMAF7V6jCiLr8TJuDKHbLGUJQLKtwTjo&dib_tag=se&m=A1YKPOZG28EHWI&marketplaceID=A19VAU5U5O7RUS&qid=1776421155&refinements=p_36%3A21000-21500&s=merchant-items&sr=1-87&xpid=TGKT6sk2-GK0A,EVERNEW EKA403 Kids Tunnel S
B09S23D594,,213.13,https://www.amazon.sg/KETTLEBELLKON-Grip-Kettlebell-8kg-Black/dp/B09S23D594/ref=sr_1_88?dib=eyJ2IjoiMSJ9.cc-PAlA5wogf-yheaTY5HNON9Eg2uMOAvOofQkTApIHeyNts_dhKU8CtWorlZ9fWfNpE1CmCa5OiRJvy6MGHhB31LTrX7S2J192jIwt_ldUdM5EmFTyBacyOHRr4lWY8-VXShrmBdje1kGNNj8YSrpKXAjKkBS-eCpaxc8G572s.KVRl5C0DoU7zMAF7V6jCiLr8TJuDKHbLGUJQLKtwTjo&dib_tag=se&m=A1YKPOZG28EHWI&marketplaceID=A19VAU5U5O7RUS&qid=1776421155&refinements=p_36%3A21000-21500&s=merchant-items&sr=1-88&xpid=TGKT6sk2-GK0A#customerReviews,"EZ Grip Kettlebell 4kg, 6kg, 8kg, 10kg, 12kg, 14kg, 16kg, 18kg, 24kg, 24kg, 28kg, 32kg, Easy Grip Design, Ideal for Eliminating Lack of Exercise"
B09S23D594,,,,
B09RSKZCBM,,213.76,https://www.amazon.sg/Artinoise-Instrument-controller-capability-compatible/dp/B09RSKZCBM/ref=sr_1_89?dib=eyJ2IjoiMSJ9.cc-PAlA5wogf-yheaTY5HNON9Eg2uMOAvOofQkTApIHeyNts_dhKU8CtWorlZ9fWfNpE1CmCa5OiRJvy6MGHhB31LTrX7S2J192jIwt_ldUdM5EmFTyBacyOHRr4lWY8-VXShrmBdje1kGNNj8YSrpKXAjKkBS-eCpaxc8G572s.KVRl5C0DoU7zMAF7V6jCiLr8TJuDKHbLGUJQLKtwTjo&dib_tag=se&m=A1YKPOZG28EHWI&marketplaceID=A19VAU5U5O7RUS&qid=1776421155&refinements=p_36%3A21000-21500&s=merchant-items&sr=1-89&xpid=TGKT6sk2-GK0A#customerReviews,Artinoise RE.CORDER (Black) Acoustic & Digital Recorder Wind Instrument w/app for learning music and MIDI controller capability compatible w/mobile device or DAW
B09RSKZCBM,,,,
B09RSKFCMZ,,213.79,https://www.amazon.sg/Artinoise-Recorder-lunatica-Electronic-Controller/dp/B09RSKFCMZ/ref=sr_1_90?dib=eyJ2IjoiMSJ9.cc-PAlA5wogf-yheaTY5HNON9Eg2uMOAvOofQkTApIHeyNts_dhKU8CtWorlZ9fWfNpE1CmCa5OiRJvy6MGHhB31LTrX7S2J192jIwt_ldUdM5EmFTyBacyOHRr4lWY8-VXShrmBdje1kGNNj8YSrpKXAjKkBS-eCpaxc8G572s.KVRl5C0DoU7zMAF7V6jCiLr8TJuDKHbLGUJQLKtwTjo&dib_tag=se&m=A1YKPOZG28EHWI&marketplaceID=A19VAU5U5O7RUS&qid=1776421155&refinements=p_36%3A21000-21500&s=merchant-items&sr=1-90&xpid=TGKT6sk2-GK0A#customerReviews,Artinoise Digital Recorder lunatica White Electronic Recorder MIDI Controller
B09RSKFCMZ,,,,
B09R1YKLSY,,211.35,https://www.amazon.sg/Daiwa-Bi-Axis-Reel-Light-Model/dp/B09R1YKLSY/ref=sr_1_91?dib=eyJ2IjoiMSJ9.cc-PAlA5wogf-yheaTY5HNON9Eg2uMOAvOofQkTApIHeyNts_dhKU8CtWorlZ9fWfNpE1CmCa5OiRJvy6MGHhB31LTrX7S2J192jIwt_ldUdM5EmFTyBacyOHRr4lWY8-VXShrmBdje1kGNNj8YSrpKXAjKkBS-eCpaxc8G572s.KVRl5C0DoU7zMAF7V6jCiLr8TJuDKHbLGUJQLKtwTjo&dib_tag=se&m=A1YKPOZG28EHWI&marketplaceID=A19VAU5U5O7RUS&qid=1776421155&refinements=p_36%3A21000-21500&s=merchant-items&sr=1-91&xpid=TGKT6sk2-GK0A#customerReviews,DAIWA Biaxial Reel with Counter Light Gem IC 150-DH/150/200 Right/Left Handle (2022 Model)
B09R1YKLSY,,,,
B09RSKFCMZ,,213.79,https://www.amazon.sg/Artinoise-Recorder-lunatica-Electronic-Controller/dp/B09RSKFCMZ/ref=sr_1_97?dib=eyJ2IjoiMSJ9.AMf00DMmWnSC2-krsMqWuhhs-Etw1-UUJ9idtWTFvoZokP3HEUxRz1SfTj1mJTWnmcBDapJqLGYZdEUVrguYtA.9Qe4xjhYvXU_vtX_8KUjHVzEacfFf9TBYYZJP-V-uDQ&dib_tag=se&m=A1YKPOZG28EHWI&marketplaceID=A19VAU5U5O7RUS&qid=1776421160&refinements=p_36%3A21000-21500&s=merchant-items&sr=1-97&xpid=TGKT6sk2-GK0A#customerReviews,Artinoise Digital Recorder lunatica White Electronic Recorder MIDI Controller
B09RSKFCMZ,,,,
B09R1YKLSY,,211.35,https://www.amazon.sg/Daiwa-Bi-Axis-Reel-Light-Model/dp/B09R1YKLSY/ref=sr_1_98?dib=eyJ2IjoiMSJ9.AMf00DMmWnSC2-krsMqWuhhs-Etw1-UUJ9idtWTFvoZokP3HEUxRz1SfTj1mJTWnmcBDapJqLGYZdEUVrguYtA.9Qe4xjhYvXU_vtX_8KUjHVzEacfFf9TBYYZJP-V-uDQ&dib_tag=se&m=A1YKPOZG28EHWI&marketplaceID=A19VAU5U5O7RUS&qid=1776421160&refinements=p_36%3A21000-21500&s=merchant-items&sr=1-98&xpid=TGKT6sk2-GK0A#customerReviews,DAIWA Biaxial Reel with Counter Light Gem IC 150-DH/150/200 Right/Left Handle (2022 Model)
B09R1YKLSY,,,,
B09PY96G4C,,211.79,https://www.amazon.sg/Callaway-Odyssey-ODYSSEY-Eleven-Double/dp/B09PY96G4C/ref=sr_1_99?dib=eyJ2IjoiMSJ9.AMf00DMmWnSC2-krsMqWuhhs-Etw1-UUJ9idtWTFvoZokP3HEUxRz1SfTj1mJTWnmcBDapJqLGYZdEUVrguYtA.9Qe4xjhYvXU_vtX_8KUjHVzEacfFf9TBYYZJP-V-uDQ&dib_tag=se&m=A1YKPOZG28EHWI&marketplaceID=A19VAU5U5O7RUS&qid=1776421160&refinements=p_36%3A21000-21500&s=merchant-items&sr=1-99&xpid=TGKT6sk2-GK0A#customerReviews,Odyssey ELEVEN Women's Putter
B09M851GBF,,214.13,https://www.amazon.sg/Mushkin-Tempest-Internal-Solid-MKNSSDTS1TB-D8/dp/B09M851GBF/ref=sr_1_100?dib=eyJ2IjoiMSJ9.AMf00DMmWnSC2-krsMqWuhhs-Etw1-UUJ9idtWTFvoZokP3HEUxRz1SfTj1mJTWnmcBDapJqLGYZdEUVrguYtA.9Qe4xjhYvXU_vtX_8KUjHVzEacfFf9TBYYZJP-V-uDQ&dib_tag=se&m=A1YKPOZG28EHWI&marketplaceID=A19VAU5U5O7RUS&qid=1776421160&refinements=p_36%3A21000-21500&s=merchant-items&sr=1-100&xpid=TGKT6sk2-GK0A#customerReviews,Mushkin Tempest – 1TB PCIe Gen3 x4 NVMe 1.4 – M.2 (2280) Internal Solid State Drive (SSD) – 3D NAND Flash - (MKNSSDTS1TB-D8)
B09M851GBF,,,,
B09HSXXSN1,,212.82,https://www.amazon.sg/PolarPro-Heavy-Diffusion-Filter-QuartzLine/dp/B09HSXXSN1/ref=sr_1_101?dib=eyJ2IjoiMSJ9.AMf00DMmWnSC2-krsMqWuhhs-Etw1-UUJ9idtWTFvoZokP3HEUxRz1SfTj1mJTWnmcBDapJqLGYZdEUVrguYtA.9Qe4xjhYvXU_vtX_8KUjHVzEacfFf9TBYYZJP-V-uDQ&dib_tag=se&m=A1YKPOZG28EHWI&marketplaceID=A19VAU5U5O7RUS&qid=1776421160&refinements=p_36%3A21000-21500&s=merchant-items&sr=1-101&xpid=TGKT6sk2-GK0A#customerReviews,PolarPro 67mm Mist Heavy Diffusion Filter | QuartzLine
B09HSXXSN1,,,,
B09DCSM6Y9,,210.16,https://www.amazon.sg/PressFit-Ceramic-Bearing-Bottom-Bracket/dp/B09DCSM6Y9/ref=sr_1_97?dib=eyJ2IjoiMSJ9.D6E2S4iJcb13KWMCjIu83f7xHquQ51WS_WplfCQBYXokYuNfOZnfJdHJh0SIMfqX-gMTmOyQZlXzZfVTsAozhBy3qz60QtYB2j_oomY59LjfqXMZYyFxUiMUrq57wEvL7khgGjubRWNk4jMKwR45lZEwd16sipbHwl2NHiGNPn4.Slu6LgIBUx7QQowGDtvq4cJLzWef4WrWmCEaZA_kBA8&dib_tag=se&m=A1YKPOZG28EHWI&marketplaceID=A19VAU5U5O7RUS&qid=1776421160&refinements=p_36%3A21000-21500&s=merchant-items&sr=1-97&xpid=TGKT6sk2-GK0A,TNI PressFit BB30 Ceramic Bearing Bottom Bracket
B09DCSM6Y9,,,,
B098XVZ51M,,210.62,https://www.amazon.sg/Irwin-IWAF1234-34-Pieces-Impact-Screwdriver/dp/B098XVZ51M/ref=sr_1_98?dib=eyJ2IjoiMSJ9.D6E2S4iJcb13KWMCjIu83f7xHquQ51WS_WplfCQBYXokYuNfOZnfJdHJh0SIMfqX-gMTmOyQZlXzZfVTsAozhBy3qz60QtYB2j_oomY59LjfqXMZYyFxUiMUrq57wEvL7khgGjubRWNk4jMKwR45lZEwd16sipbHwl2NHiGNPn4.Slu6LgIBUx7QQowGDtvq4cJLzWef4WrWmCEaZA_kBA8&dib_tag=se&m=A1YKPOZG28EHWI&marketplaceID=A19VAU5U5O7RUS&qid=1776421160&refinements=p_36%3A21000-21500&s=merchant-items&sr=1-98&xpid=TGKT6sk2-GK0A#customerReviews,Irwin IWAF1234 34-Pieces Impact Screwdriver Bit Set
B098XVZ51M,,,,
B098NLMYWN,,213.14,https://www.amazon.sg/Ritchey-Beacon-XL-Drop-Handlebar/dp/B098NLMYWN/ref=sr_1_99?dib=eyJ2IjoiMSJ9.D6E2S4iJcb13KWMCjIu83f7xHquQ51WS_WplfCQBYXokYuNfOZnfJdHJh0SIMfqX-gMTmOyQZlXzZfVTsAozhBy3qz60QtYB2j_oomY59LjfqXMZYyFxUiMUrq57wEvL7khgGjubRWNk4jMKwR45lZEwd16sipbHwl2NHiGNPn4.Slu6LgIBUx7QQowGDtvq4cJLzWef4WrWmCEaZA_kBA8&dib_tag=se&m=A1YKPOZG28EHWI&marketplaceID=A19VAU5U5O7RUS&qid=1776421160&refinements=p_36%3A21000-21500&s=merchant-items&sr=1-99&xpid=TGKT6sk2-GK0A,Ritchey Beacon XL Drop Handlebar - 52cm Black
B098NLMYWN,,,,
B098JN5P46,,211.67,https://www.amazon.sg/RightOn-LEGEND-PEACE-DOVES-BLACK/dp/B098JN5P46/ref=sr_1_100?dib=eyJ2IjoiMSJ9.D6E2S4iJcb13KWMCjIu83f7xHquQ51WS_WplfCQBYXokYuNfOZnfJdHJh0SIMfqX-gMTmOyQZlXzZfVTsAozhBy3qz60QtYB2j_oomY59LjfqXMZYyFxUiMUrq57wEvL7khgGjubRWNk4jMKwR45lZEwd16sipbHwl2NHiGNPn4.Slu6LgIBUx7QQowGDtvq4cJLzWef4WrWmCEaZA_kBA8&dib_tag=se&m=A1YKPOZG28EHWI&marketplaceID=A19VAU5U5O7RUS&qid=1776421160&refinements=p_36%3A21000-21500&s=merchant-items&sr=1-100&xpid=TGKT6sk2-GK0A#customerReviews,"RightOn! STRAPS Guitar Strap, Width 2.4 inches (6 cm), Length 35.4-59.1 inches (90-150 cm), LEGEND PEACE & DOVES BLACK"
B098JN5P46,,,,
B094Y66KK4,,212.61,https://www.amazon.sg/TONE-MX31340BK-Socket-Wrench-inches/dp/B094Y66KK4/ref=sr_1_101?dib=eyJ2IjoiMSJ9.D6E2S4iJcb13KWMCjIu83f7xHquQ51WS_WplfCQBYXokYuNfOZnfJdHJh0SIMfqX-gMTmOyQZlXzZfVTsAozhBy3qz60QtYB2j_oomY59LjfqXMZYyFxUiMUrq57wEvL7khgGjubRWNk4jMKwR45lZEwd16sipbHwl2NHiGNPn4.Slu6LgIBUx7QQowGDtvq4cJLzWef4WrWmCEaZA_kBA8&dib_tag=se&m=A1YKPOZG28EHWI&marketplaceID=A19VAU5U5O7RUS&qid=1776421160&refinements=p_36%3A21000-21500&s=merchant-items&sr=1-101&xpid=TGKT6sk2-GK0A#customerReviews,"TONE MX31340BK Socket Wrench Set, 0.3 inches (9.5 mm) Drive Angle, Black 17 Pieces"
B094Y66KK4,,,,
B093X43SL9,,213.4,https://www.amazon.sg/LSS65-Shrimp-Rivets-Stainless-Pieces/dp/B093X43SL9/ref=sr_1_102?dib=eyJ2IjoiMSJ9.D6E2S4iJcb13KWMCjIu83f7xHquQ51WS_WplfCQBYXokYuNfOZnfJdHJh0SIMfqX-gMTmOyQZlXzZfVTsAozhBy3qz60QtYB2j_oomY59LjfqXMZYyFxUiMUrq57wEvL7khgGjubRWNk4jMKwR45lZEwd16sipbHwl2NHiGNPn4.Slu6LgIBUx7QQowGDtvq4cJLzWef4WrWmCEaZA_kBA8&dib_tag=se&m=A1YKPOZG28EHWI&marketplaceID=A19VAU5U5O7RUS&qid=1776421160&refinements=p_36%3A21000-21500&s=merchant-items&sr=1-102&xpid=TGKT6sk2-GK0A,"LSS65 Shrimp Blind Rivets (Round Head), Stainless Steel, 6-5 (500 Pieces)"
B093X43SL9,,,,
B08SR7Z71W,,214.5,https://www.amazon.sg/Selle-Marco-Saddle-Bicycle-Outdoors/dp/B08SR7Z71W/ref=sr_1_103?dib=eyJ2IjoiMSJ9.D6E2S4iJcb13KWMCjIu83f7xHquQ51WS_WplfCQBYXokYuNfOZnfJdHJh0SIMfqX-gMTmOyQZlXzZfVTsAozhBy3qz60QtYB2j_oomY59LjfqXMZYyFxUiMUrq57wEvL7khgGjubRWNk4jMKwR45lZEwd16sipbHwl2NHiGNPn4.Slu6LgIBUx7QQowGDtvq4cJLzWef4WrWmCEaZA_kBA8&dib_tag=se&m=A1YKPOZG28EHWI&marketplaceID=A19VAU5U5O7RUS&qid=1776421160&refinements=p_36%3A21000-21500&s=merchant-items&sr=1-103&xpid=TGKT6sk2-GK0A#customerReviews,"Selle san Marco Saddle Aspire Short Open Racing Wide Bicycle, Sports and Outdoors, Black, 155 x 250 mm"
B08SR7Z71W,,,,
B08SR5BG91,,233.85,https://www.amazon.sg/Selle-San-Marco-Aspide-Open-Fit/dp/B08SR5BG91/ref=sr_1_104?dib=eyJ2IjoiMSJ9.D6E2S4iJcb13KWMCjIu83f7xHquQ51WS_WplfCQBYXokYuNfOZnfJdHJh0SIMfqX-gMTmOyQZlXzZfVTsAozhBy3qz60QtYB2j_oomY59LjfqXMZYyFxUiMUrq57wEvL7khgGjubRWNk4jMKwR45lZEwd16sipbHwl2NHiGNPn4.Slu6LgIBUx7QQowGDtvq4cJLzWef4WrWmCEaZA_kBA8&dib_tag=se&m=A1YKPOZG28EHWI&marketplaceID=A19VAU5U5O7RUS&qid=1776421160&refinements=p_36%3A21000-21500&s=merchant-items&sr=1-104&xpid=TGKT6sk2-GK0A#customerReviews,"Selle San Marco Aspide Short Open-Fit Racing Saddle - Manganese, Black, Men's, Narrow"
B08SR5BG91,,,,
B08Q3TXG9P,,211.56,https://www.amazon.sg/Crankbrothers-mens-Flat-Black-Gold/dp/B08Q3TXG9P/ref=sr_1_105?dib=eyJ2IjoiMSJ9.D6E2S4iJcb13KWMCjIu83f7xHquQ51WS_WplfCQBYXokYuNfOZnfJdHJh0SIMfqX-gMTmOyQZlXzZfVTsAozhBy3qz60QtYB2j_oomY59LjfqXMZYyFxUiMUrq57wEvL7khgGjubRWNk4jMKwR45lZEwd16sipbHwl2NHiGNPn4.Slu6LgIBUx7QQowGDtvq4cJLzWef4WrWmCEaZA_kBA8&dib_tag=se&m=A1YKPOZG28EHWI&marketplaceID=A19VAU5U5O7RUS&qid=1776421160&refinements=p_36%3A21000-21500&s=merchant-items&sr=1-105&xpid=TGKT6sk2-GK0A#customerReviews,crankbrothers Unisex Stamp BoaCycling shoes
B08Q3TXG9P,,,,
B08M9TX8CM,,213.34,https://www.amazon.sg/Size-34-No-EVER-mc-ft10/dp/B08M9TX8CM/ref=sr_1_106?dib=eyJ2IjoiMSJ9.D6E2S4iJcb13KWMCjIu83f7xHquQ51WS_WplfCQBYXokYuNfOZnfJdHJh0SIMfqX-gMTmOyQZlXzZfVTsAozhBy3qz60QtYB2j_oomY59LjfqXMZYyFxUiMUrq57wEvL7khgGjubRWNk4jMKwR45lZEwd16sipbHwl2NHiGNPn4.Slu6LgIBUx7QQowGDtvq4cJLzWef4WrWmCEaZA_kBA8&dib_tag=se&m=A1YKPOZG28EHWI&marketplaceID=A19VAU5U5O7RUS&qid=1776421160&refinements=p_36%3A21000-21500&s=merchant-items&sr=1-106&xpid=TGKT6sk2-GK0A,Size M: 34 x 86 cm (No. 31 EVER) mc-ft10
B08M9TX8CM,,,,
B08L9SYT64,,213.34,https://www.amazon.sg/mc-ft10-Imabari-Commercial-Murakami-Lightweight/dp/B08L9SYT64/ref=sr_1_107?dib=eyJ2IjoiMSJ9.D6E2S4iJcb13KWMCjIu83f7xHquQ51WS_WplfCQBYXokYuNfOZnfJdHJh0SIMfqX-gMTmOyQZlXzZfVTsAozhBy3qz60QtYB2j_oomY59LjfqXMZYyFxUiMUrq57wEvL7khgGjubRWNk4jMKwR45lZEwd16sipbHwl2NHiGNPn4.Slu6LgIBUx7QQowGDtvq4cJLzWef4WrWmCEaZA_kBA8&dib_tag=se&m=A1YKPOZG28EHWI&marketplaceID=A19VAU5U5O7RUS&qid=1776421160&refinements=p_36%3A21000-21500&s=merchant-items&sr=1-107&xpid=TGKT6sk2-GK0A,"mc-ft10 Beauty Series Imabari Towels, Commercial Use, Face Towels, Set of 10, Murakami Towels, M Color, 13.4 x 33.9 inches (34 x 86 cm), For Beauty Salons, 100 Colors, Lightweight Thin (No.30, Royal"
B08L9SYT64,,,,
B08KDH7BL1,,213.65,https://www.amazon.sg/IPF-Headlight-Integrated-F341HLB-Product/dp/B08KDH7BL1/ref=sr_1_113?dib=eyJ2IjoiMSJ9.GaM3oUMTWPntsL2tTHwylwaKbappAr-ocY1y6VWHbNGGpiPsUhXbfC-sy8ZKLKHkFT4zPw5_ravyf2TVkP9W6w.W_7UNDdlMIclokqIsxc0yFClOXUjhdOisTh5e8bnmd4&dib_tag=se&m=A1YKPOZG28EHWI&marketplaceID=A19VAU5U5O7RUS&qid=1776421166&refinements=p_36%3A21000-21500&s=merchant-items&sr=1-113&xpid=TGKT6sk2-GK0A#customerReviews,"IPF Headlight LED H4 Bulb, F Series, 12V/24V, 6500K, 5400/3800lm, Integrated Driver Unit, F341HLB (2021 Product Award Winner)"
B08KDH7BL1,,,,
B08BFRPVYB,,212.74,https://www.amazon.sg/Good-Smile-Knights-Magic-Multicolor/dp/B08BFRPVYB/ref=sr_1_114?dib=eyJ2IjoiMSJ9.GaM3oUMTWPntsL2tTHwylwaKbappAr-ocY1y6VWHbNGGpiPsUhXbfC-sy8ZKLKHkFT4zPw5_ravyf2TVkP9W6w.W_7UNDdlMIclokqIsxc0yFClOXUjhdOisTh5e8bnmd4&dib_tag=se&m=A1YKPOZG28EHWI&marketplaceID=A19VAU5U5O7RUS&qid=1776421166&refinements=p_36%3A21000-21500&s=merchant-items&sr=1-114&xpid=TGKT6sk2-GK0A#customerReviews,"Good Smile Knight's & Magic: Ikaruga Moderoid Plastic Model Kit, Multicolor"
B0863HH25P,,210.94,https://www.amazon.sg/Helinox-1822225-Outdoor-Camping-Coyote/dp/B0863HH25P/ref=sr_1_115?dib=eyJ2IjoiMSJ9.GaM3oUMTWPntsL2tTHwylwaKbappAr-ocY1y6VWHbNGGpiPsUhXbfC-sy8ZKLKHkFT4zPw5_ravyf2TVkP9W6w.W_7UNDdlMIclokqIsxc0yFClOXUjhdOisTh5e8bnmd4&dib_tag=se&m=A1YKPOZG28EHWI&marketplaceID=A19VAU5U5O7RUS&qid=1776421166&refinements=p_36%3A21000-21500&s=merchant-items&sr=1-115&xpid=TGKT6sk2-GK0A#customerReviews,"Helinox Chair One 1822225 Outdoor Chair, Camping, Size L, Coyote Tan/Brown"
B0863HH25P,,,,
B084YPKGVH,,214.01,https://www.amazon.sg/FCS-Merrick-Thruster-Fins-Small/dp/B084YPKGVH/ref=sr_1_116?dib=eyJ2IjoiMSJ9.GaM3oUMTWPntsL2tTHwylwaKbappAr-ocY1y6VWHbNGGpiPsUhXbfC-sy8ZKLKHkFT4zPw5_ravyf2TVkP9W6w.W_7UNDdlMIclokqIsxc0yFClOXUjhdOisTh5e8bnmd4&dib_tag=se&m=A1YKPOZG28EHWI&marketplaceID=A19VAU5U5O7RUS&qid=1776421166&refinements=p_36%3A21000-21500&s=merchant-items&sr=1-116&xpid=TGKT6sk2-GK0A#customerReviews,FCS II AM PC Medium Tri Fin Set 2024 - Medium
B084YPKGVH,,,,
B084S5H6VP,,213.19,https://www.amazon.sg/DEDA-SUPERZERO-ALLOY-31-7-Handle/dp/B084S5H6VP/ref=sr_1_117?dib=eyJ2IjoiMSJ9.GaM3oUMTWPntsL2tTHwylwaKbappAr-ocY1y6VWHbNGGpiPsUhXbfC-sy8ZKLKHkFT4zPw5_ravyf2TVkP9W6w.W_7UNDdlMIclokqIsxc0yFClOXUjhdOisTh5e8bnmd4&dib_tag=se&m=A1YKPOZG28EHWI&marketplaceID=A19VAU5U5O7RUS&qid=1776421166&refinements=p_36%3A21000-21500&s=merchant-items&sr=1-117&xpid=TGKT6sk2-GK0A#customerReviews,DEDA SUPERZERO DCR ALLOY WHT 31.7/460 Drop Handle
B084S5H6VP,,,,
B084GJNXWJ,,213.64,https://www.amazon.sg/JAMESMILR-TOPSPIN-Putter-Mallet-National/dp/B084GJNXWJ/ref=sr_1_113?dib=eyJ2IjoiMSJ9.27Yu5m5M59QuJ_NHFQsdXYUHicjgSvJMvX5KqUJPExLhKlG4VM2H4lB1CwHx-CdUaHyobkXHeVKXqrVp0xKZQCRHfQpZBHZqNFxipPnTS3KB51qoD73cIXa7QSk4-sKLOLg-P8bWTEMgU-ApDQfRjX8ML2WiE6qGuiJht4FPejA.zk-VT2z8Y3qew7LwNCLq93aA7YRC_GhZ58dO_tUS8Gg&dib_tag=se&m=A1YKPOZG28EHWI&marketplaceID=A19VAU5U5O7RUS&qid=1776421166&refinements=p_36%3A21000-21500&s=merchant-items&sr=1-113&xpid=TGKT6sk2-GK0A#customerReviews,JAMESMILR TOPSPIN Putter Tour Feel Mallet The Member of National Team.
B084GJNXWJ,,,,
B0848X6165,,214.22,https://www.amazon.sg/Vandoren-BD7-Clarinet-Mouthpiece-Diamond/dp/B0848X6165/ref=sr_1_114?dib=eyJ2IjoiMSJ9.27Yu5m5M59QuJ_NHFQsdXYUHicjgSvJMvX5KqUJPExLhKlG4VM2H4lB1CwHx-CdUaHyobkXHeVKXqrVp0xKZQCRHfQpZBHZqNFxipPnTS3KB51qoD73cIXa7QSk4-sKLOLg-P8bWTEMgU-ApDQfRjX8ML2WiE6qGuiJht4FPejA.zk-VT2z8Y3qew7LwNCLq93aA7YRC_GhZ58dO_tUS8Gg&dib_tag=se&m=A1YKPOZG28EHWI&marketplaceID=A19VAU5U5O7RUS&qid=1776421166&refinements=p_36%3A21000-21500&s=merchant-items&sr=1-114&xpid=TGKT6sk2-GK0A#customerReviews,Vandoren BD7 B Clarinet Mouthpiece Black Diamond Ebonite
B0848X6165,,,,
B083XDQYYY,,215.34,https://www.amazon.sg/Logos-Tepee-Mat-Sheet-71809720/dp/B083XDQYYY/ref=sr_1_115?dib=eyJ2IjoiMSJ9.27Yu5m5M59QuJ_NHFQsdXYUHicjgSvJMvX5KqUJPExLhKlG4VM2H4lB1CwHx-CdUaHyobkXHeVKXqrVp0xKZQCRHfQpZBHZqNFxipPnTS3KB51qoD73cIXa7QSk4-sKLOLg-P8bWTEMgU-ApDQfRjX8ML2WiE6qGuiJht4FPejA.zk-VT2z8Y3qew7LwNCLq93aA7YRC_GhZ58dO_tUS8Gg&dib_tag=se&m=A1YKPOZG28EHWI&marketplaceID=A19VAU5U5O7RUS&qid=1776421166&refinements=p_36%3A21000-21500&s=merchant-items&sr=1-115&xpid=TGKT6sk2-GK0A#customerReviews,Logos Tepee Mat & Sheet 300 71809720
B083XDQYYY,,,,
B083WGVNXT,,210.58,https://www.amazon.sg/DAIWA-Cooler-Fishing-Liters-Styrofoam/dp/B083WGVNXT/ref=sr_1_116?dib=eyJ2IjoiMSJ9.27Yu5m5M59QuJ_NHFQsdXYUHicjgSvJMvX5KqUJPExLhKlG4VM2H4lB1CwHx-CdUaHyobkXHeVKXqrVp0xKZQCRHfQpZBHZqNFxipPnTS3KB51qoD73cIXa7QSk4-sKLOLg-P8bWTEMgU-ApDQfRjX8ML2WiE6qGuiJht4FPejA.zk-VT2z8Y3qew7LwNCLq93aA7YRC_GhZ58dO_tUS8Gg&dib_tag=se&m=A1YKPOZG28EHWI&marketplaceID=A19VAU5U5O7RUS&qid=1776421166&refinements=p_36%3A21000-21500&s=merchant-items&sr=1-116&xpid=TGKT6sk2-GK0A#customerReviews,"DAIWA Cooler Box Light Trunk α, 6.4-12.8 gal (24-32 L)"
B083WGVNXT,,,,
B07YVBGSKP,,213.25,https://www.amazon.sg/FSA-OS-160-ACR-Black-31-8/dp/B07YVBGSKP/ref=sr_1_117?dib=eyJ2IjoiMSJ9.27Yu5m5M59QuJ_NHFQsdXYUHicjgSvJMvX5KqUJPExLhKlG4VM2H4lB1CwHx-CdUaHyobkXHeVKXqrVp0xKZQCRHfQpZBHZqNFxipPnTS3KB51qoD73cIXa7QSk4-sKLOLg-P8bWTEMgU-ApDQfRjX8ML2WiE6qGuiJht4FPejA.zk-VT2z8Y3qew7LwNCLq93aA7YRC_GhZ58dO_tUS8Gg&dib_tag=se&m=A1YKPOZG28EHWI&marketplaceID=A19VAU5U5O7RUS&qid=1776421166&refinements=p_36%3A21000-21500&s=merchant-items&sr=1-117&xpid=TGKT6sk2-GK0A,FSA NS OS-160 ACR AL Black 31.8/120
B07YVBGSKP,,,,
B07XMB57P7,,213.34,https://www.amazon.sg/Sleeping-Camping-Outdoors-Waterproof-Seasons/dp/B07XMB57P7/ref=sr_1_118?dib=eyJ2IjoiMSJ9.27Yu5m5M59QuJ_NHFQsdXYUHicjgSvJMvX5KqUJPExLhKlG4VM2H4lB1CwHx-CdUaHyobkXHeVKXqrVp0xKZQCRHfQpZBHZqNFxipPnTS3KB51qoD73cIXa7QSk4-sKLOLg-P8bWTEMgU-ApDQfRjX8ML2WiE6qGuiJht4FPejA.zk-VT2z8Y3qew7LwNCLq93aA7YRC_GhZ58dO_tUS8Gg&dib_tag=se&m=A1YKPOZG28EHWI&marketplaceID=A19VAU5U5O7RUS&qid=1776421166&refinements=p_36%3A21000-21500&s=merchant-items&sr=1-118&xpid=TGKT6sk2-GK0A#customerReviews,"Hawk Gear Sleeping Bag, Camping, Outdoors, Simple, Waterproof, All Seasons"
B07XMB57P7,,,,
B07XK92HWJ,,225.22,https://www.amazon.sg/Good-Smile-Megumin-School-Uniform/dp/B07XK92HWJ/ref=sr_1_119?dib=eyJ2IjoiMSJ9.27Yu5m5M59QuJ_NHFQsdXYUHicjgSvJMvX5KqUJPExLhKlG4VM2H4lB1CwHx-CdUaHyobkXHeVKXqrVp0xKZQCRHfQpZBHZqNFxipPnTS3KB51qoD73cIXa7QSk4-sKLOLg-P8bWTEMgU-ApDQfRjX8ML2WiE6qGuiJht4FPejA.zk-VT2z8Y3qew7LwNCLq93aA7YRC_GhZ58dO_tUS8Gg&dib_tag=se&m=A1YKPOZG28EHWI&marketplaceID=A19VAU5U5O7RUS&qid=1776421166&refinements=p_36%3A21000-21500&s=merchant-items&sr=1-119&xpid=TGKT6sk2-GK0A#customerReviews,Good Smile Megumin: School Uniform Ver.
B07W1J57T5,,214.2,https://www.amazon.sg/MAX-DS-B18D-PD98444-Silent-Drill/dp/B07W1J57T5/ref=sr_1_120?dib=eyJ2IjoiMSJ9.27Yu5m5M59QuJ_NHFQsdXYUHicjgSvJMvX5KqUJPExLhKlG4VM2H4lB1CwHx-CdUaHyobkXHeVKXqrVp0xKZQCRHfQpZBHZqNFxipPnTS3KB51qoD73cIXa7QSk4-sKLOLg-P8bWTEMgU-ApDQfRjX8ML2WiE6qGuiJht4FPejA.zk-VT2z8Y3qew7LwNCLq93aA7YRC_GhZ58dO_tUS8Gg&dib_tag=se&m=A1YKPOZG28EHWI&marketplaceID=A19VAU5U5O7RUS&qid=1776421166&refinements=p_36%3A21000-21500&s=merchant-items&sr=1-120&xpid=TGKT6sk2-GK0A,MAX DS-B18D PD98444 Dry Silent Drill Bit
B07W1J57T5,,,,
B07TVJM42G,,212.96,https://www.amazon.sg/Daiwa-Genuine-Number-128B49-00056322128B49/dp/B07TVJM42G/ref=sr_1_121?dib=eyJ2IjoiMSJ9.27Yu5m5M59QuJ_NHFQsdXYUHicjgSvJMvX5KqUJPExLhKlG4VM2H4lB1CwHx-CdUaHyobkXHeVKXqrVp0xKZQCRHfQpZBHZqNFxipPnTS3KB51qoD73cIXa7QSk4-sKLOLg-P8bWTEMgU-ApDQfRjX8ML2WiE6qGuiJht4FPejA.zk-VT2z8Y3qew7LwNCLq93aA7YRC_GhZ58dO_tUS8Gg&dib_tag=se&m=A1YKPOZG28EHWI&marketplaceID=A19VAU5U5O7RUS&qid=1776421166&refinements=p_36%3A21000-21500&s=merchant-items&sr=1-121&xpid=TGKT6sk2-GK0A#customerReviews,"Daiwa Genuine Parts 17, Steez Type 2, High Speed Spool (2-7), Part Number 7, Part Code 128B49 00056322128B49"
B07TVJM42G,,,,
B07TTJ15WZ,,212.96,https://www.amazon.sg/Daiwa-Genuine-Number-128C29-00056323128C29/dp/B07TTJ15WZ/ref=sr_1_122?dib=eyJ2IjoiMSJ9.27Yu5m5M59QuJ_NHFQsdXYUHicjgSvJMvX5KqUJPExLhKlG4VM2H4lB1CwHx-CdUaHyobkXHeVKXqrVp0xKZQCRHfQpZBHZqNFxipPnTS3KB51qoD73cIXa7QSk4-sKLOLg-P8bWTEMgU-ApDQfRjX8ML2WiE6qGuiJht4FPejA.zk-VT2z8Y3qew7LwNCLq93aA7YRC_GhZ58dO_tUS8Gg&dib_tag=se&m=A1YKPOZG28EHWI&marketplaceID=A19VAU5U5O7RUS&qid=1776421166&refinements=p_36%3A21000-21500&s=merchant-items&sr=1-122&xpid=TGKT6sk2-GK0A,"Daiwa Genuine Part 18 Steez Type 2 Spool (2-7), Part Number 7, Part Code 128C29 00056323128C29"
B07TTJ15WZ,,,,
B07SV2GBLC,,213.89,https://www.amazon.sg/Knipex-L-BOXX%C2%AE-002119LBLE-KNIPEX-Tool/dp/B07SV2GBLC/ref=sr_1_123?dib=eyJ2IjoiMSJ9.27Yu5m5M59QuJ_NHFQsdXYUHicjgSvJMvX5KqUJPExLhKlG4VM2H4lB1CwHx-CdUaHyobkXHeVKXqrVp0xKZQCRHfQpZBHZqNFxipPnTS3KB51qoD73cIXa7QSk4-sKLOLg-P8bWTEMgU-ApDQfRjX8ML2WiE6qGuiJht4FPejA.zk-VT2z8Y3qew7LwNCLq93aA7YRC_GhZ58dO_tUS8Gg&dib_tag=se&m=A1YKPOZG28EHWI&marketplaceID=A19VAU5U5O7RUS&qid=1776421166&refinements=p_36%3A21000-21500&s=merchant-items&sr=1-123&xpid=TGKT6sk2-GK0A#customerReviews,Knipex L-BOXX® 002119LBLE KNIPEX Tool Case
B07SV2GBLC,,,,
B07SV2GBLC,,213.89,https://www.amazon.sg/Knipex-L-BOXX%C2%AE-002119LBLE-KNIPEX-Tool/dp/B07SV2GBLC/ref=sr_1_129?dib=eyJ2IjoiMSJ9.H7hSKqWL4g9gw5aw1XymaMeuEZuWLpqmUvzFztDgPqhfT3SsR2ctrTlDBlyDQN2fTn5oKxxQdPsQpHWP1lt0qg.knQ5PpQB0XtXWXFijQjdWW3IL9L08KNf6UzKop-BGfQ&dib_tag=se&m=A1YKPOZG28EHWI&marketplaceID=A19VAU5U5O7RUS&qid=1776421171&refinements=p_36%3A21000-21500&s=merchant-items&sr=1-129&xpid=TGKT6sk2-GK0A#customerReviews,Knipex L-BOXX® 002119LBLE KNIPEX Tool Case
B07SV2GBLC,,,,
B07RVKR5PF,,219.47,https://www.amazon.sg/Kenko-Binocular-Compact-Watching-022108/dp/B07RVKR5PF/ref=sr_1_130?dib=eyJ2IjoiMSJ9.H7hSKqWL4g9gw5aw1XymaMeuEZuWLpqmUvzFztDgPqhfT3SsR2ctrTlDBlyDQN2fTn5oKxxQdPsQpHWP1lt0qg.knQ5PpQB0XtXWXFijQjdWW3IL9L08KNf6UzKop-BGfQ&dib_tag=se&m=A1YKPOZG28EHWI&marketplaceID=A19VAU5U5O7RUS&qid=1776421171&refinements=p_36%3A21000-21500&s=merchant-items&sr=1-130&xpid=TGKT6sk2-GK0A#customerReviews,"Kenko Binocular SG EX 10x34 OP WP, Roof Prism, Water Proof, Compact Design, for Outdoor and Bird Watching, Concert 022108"
B07RVKR5PF,,,,
B07N3YKKJX,,213.72,https://www.amazon.sg/Bananana-Effects-Aurora-AURORA/dp/B07N3YKKJX/ref=sr_1_131?dib=eyJ2IjoiMSJ9.H7hSKqWL4g9gw5aw1XymaMeuEZuWLpqmUvzFztDgPqhfT3SsR2ctrTlDBlyDQN2fTn5oKxxQdPsQpHWP1lt0qg.knQ5PpQB0XtXWXFijQjdWW3IL9L08KNf6UzKop-BGfQ&dib_tag=se&m=A1YKPOZG28EHWI&marketplaceID=A19VAU5U5O7RUS&qid=1776421171&refinements=p_36%3A21000-21500&s=merchant-items&sr=1-131&xpid=TGKT6sk2-GK0A#customerReviews,AURORA
B07N3YKKJX,,,,
B07GYPWZ4P,,214.94,https://www.amazon.sg/YTC-Furrybones-Limited-Christmas-Figurine/dp/B07GYPWZ4P/ref=sr_1_132?dib=eyJ2IjoiMSJ9.H7hSKqWL4g9gw5aw1XymaMeuEZuWLpqmUvzFztDgPqhfT3SsR2ctrTlDBlyDQN2fTn5oKxxQdPsQpHWP1lt0qg.knQ5PpQB0XtXWXFijQjdWW3IL9L08KNf6UzKop-BGfQ&dib_tag=se&m=A1YKPOZG28EHWI&marketplaceID=A19VAU5U5O7RUS&qid=1776421171&refinements=p_36%3A21000-21500&s=merchant-items&sr=1-132&xpid=TGKT6sk2-GK0A,YTC Furrybones 2018 Limited Edition Christmas Figurine Set
B07DWVBS1B,,214.01,https://www.amazon.sg/SunRace-CSMZ90-11-50T-Cassette-ST1482/dp/B07DWVBS1B/ref=sr_1_133?dib=eyJ2IjoiMSJ9.H7hSKqWL4g9gw5aw1XymaMeuEZuWLpqmUvzFztDgPqhfT3SsR2ctrTlDBlyDQN2fTn5oKxxQdPsQpHWP1lt0qg.knQ5PpQB0XtXWXFijQjdWW3IL9L08KNf6UzKop-BGfQ&dib_tag=se&m=A1YKPOZG28EHWI&marketplaceID=A19VAU5U5O7RUS&qid=1776421171&refinements=p_36%3A21000-21500&s=merchant-items&sr=1-133&xpid=TGKT6sk2-GK0A,"SunRace CSMZ90 11-50T 12 Speed Wide Ratio Cassette, Black, ST1482"
B07DWVBS1B,,,,
B07DPWQQ5D,,211.24,https://www.amazon.sg/DAIHATSU-Genuine-Parts-Center-Number/dp/B07DPWQQ5D/ref=sr_1_129?dib=eyJ2IjoiMSJ9.k8ydIQka37gcq_gylqlJfqXdyZjwYsPxHEzT6FYWXNueiiMGTdYLtrxuGxAFan_P8NyZbqAFCTPaQfn8cHxREgZCBbyzy-4AHieRyusnqM9DM8bzSxjdgTP0AF3yHa9iI60DOwmS9P4VfKNb7jrUMl8zFY-D9La4kmXCZMRpFuo.Q37sYL1QatetnudsTPnZlRoRQz9bhJyLCmvZRBjQclw&dib_tag=se&m=A1YKPOZG28EHWI&marketplaceID=A19VAU5U5O7RUS&qid=1776421171&refinements=p_36%3A21000-21500&s=merchant-items&sr=1-129&xpid=TGKT6sk2-GK0A,"DAIHATSU Genuine Parts, Center Stop Lamp ASSY Move, Part Number: 81570-B2320"
B07DPWQQ5D,,,,
B079YFGD23,,211.47,https://www.amazon.sg/Alpine-HCE-C1000D-LP-Backview-Package-Cruiser/dp/B079YFGD23/ref=sr_1_130?dib=eyJ2IjoiMSJ9.k8ydIQka37gcq_gylqlJfqXdyZjwYsPxHEzT6FYWXNueiiMGTdYLtrxuGxAFan_P8NyZbqAFCTPaQfn8cHxREgZCBbyzy-4AHieRyusnqM9DM8bzSxjdgTP0AF3yHa9iI60DOwmS9P4VfKNb7jrUMl8zFY-D9La4kmXCZMRpFuo.Q37sYL1QatetnudsTPnZlRoRQz9bhJyLCmvZRBjQclw&dib_tag=se&m=A1YKPOZG28EHWI&marketplaceID=A19VAU5U5O7RUS&qid=1776421171&refinements=p_36%3A21000-21500&s=merchant-items&sr=1-130&xpid=TGKT6sk2-GK0A#customerReviews,Alpine HCE-C1000D-LP Backview Camera Package for Land Cruiser Prado 150 Series (Black)
B079YFGD23,,,,
B079H8R93Y,,212.54,https://www.amazon.sg/Ampeg-Guitar-Chorus-Effects-Liquifier/dp/B079H8R93Y/ref=sr_1_131?dib=eyJ2IjoiMSJ9.k8ydIQka37gcq_gylqlJfqXdyZjwYsPxHEzT6FYWXNueiiMGTdYLtrxuGxAFan_P8NyZbqAFCTPaQfn8cHxREgZCBbyzy-4AHieRyusnqM9DM8bzSxjdgTP0AF3yHa9iI60DOwmS9P4VfKNb7jrUMl8zFY-D9La4kmXCZMRpFuo.Q37sYL1QatetnudsTPnZlRoRQz9bhJyLCmvZRBjQclw&dib_tag=se&m=A1YKPOZG28EHWI&marketplaceID=A19VAU5U5O7RUS&qid=1776421171&refinements=p_36%3A21000-21500&s=merchant-items&sr=1-131&xpid=TGKT6sk2-GK0A#customerReviews,Ampeg Guitar Chorus Effects Pedal (Liquifier)
B079H8R93Y,,,,
B079FQM16M,,210.0,https://www.amazon.sg/Lemnos-NL17-02-WH-Molecule-Analog/dp/B079FQM16M/ref=sr_1_132?dib=eyJ2IjoiMSJ9.k8ydIQka37gcq_gylqlJfqXdyZjwYsPxHEzT6FYWXNueiiMGTdYLtrxuGxAFan_P8NyZbqAFCTPaQfn8cHxREgZCBbyzy-4AHieRyusnqM9DM8bzSxjdgTP0AF3yHa9iI60DOwmS9P4VfKNb7jrUMl8zFY-D9La4kmXCZMRpFuo.Q37sYL1QatetnudsTPnZlRoRQz9bhJyLCmvZRBjQclw&dib_tag=se&m=A1YKPOZG28EHWI&marketplaceID=A19VAU5U5O7RUS&qid=1776421171&refinements=p_36%3A21000-21500&s=merchant-items&sr=1-132&xpid=TGKT6sk2-GK0A,"Lemnos NL17-02 WH Molecule Analog Wall Clock, White"
B079FQM16M,,,,
B078XP9SLF,,221.3,https://www.amazon.sg/Daiwa-Reel-18-Spartan-100H/dp/B078XP9SLF/ref=sr_1_133?dib=eyJ2IjoiMSJ9.k8ydIQka37gcq_gylqlJfqXdyZjwYsPxHEzT6FYWXNueiiMGTdYLtrxuGxAFan_P8NyZbqAFCTPaQfn8cHxREgZCBbyzy-4AHieRyusnqM9DM8bzSxjdgTP0AF3yHa9iI60DOwmS9P4VfKNb7jrUMl8zFY-D9La4kmXCZMRpFuo.Q37sYL1QatetnudsTPnZlRoRQz9bhJyLCmvZRBjQclw&dib_tag=se&m=A1YKPOZG28EHWI&marketplaceID=A19VAU5U5O7RUS&qid=1776421171&refinements=p_36%3A21000-21500&s=merchant-items&sr=1-133&xpid=TGKT6sk2-GK0A#customerReviews,Daiwa Reel 18 Spartan TW 100H
B078XP9SLF,,,,
B0776MG57R,,211.67,https://www.amazon.sg/Xylophone-Tone-KXP-15-Mallets-Performance/dp/B0776MG57R/ref=sr_1_134?dib=eyJ2IjoiMSJ9.k8ydIQka37gcq_gylqlJfqXdyZjwYsPxHEzT6FYWXNueiiMGTdYLtrxuGxAFan_P8NyZbqAFCTPaQfn8cHxREgZCBbyzy-4AHieRyusnqM9DM8bzSxjdgTP0AF3yHa9iI60DOwmS9P4VfKNb7jrUMl8zFY-D9La4kmXCZMRpFuo.Q37sYL1QatetnudsTPnZlRoRQz9bhJyLCmvZRBjQclw&dib_tag=se&m=A1YKPOZG28EHWI&marketplaceID=A19VAU5U5O7RUS&qid=1776421171&refinements=p_36%3A21000-21500&s=merchant-items&sr=1-134&xpid=TGKT6sk2-GK0A#customerReviews,KC Xylophone 15 Tone KXP-15 (Includes 2 Mallets for Performance)
B0776MG57R,,,,
B075K5W1YB,,210.47,https://www.amazon.sg/Magic-Gathering-Japanese-version-Masters/dp/B075K5W1YB/ref=sr_1_135?dib=eyJ2IjoiMSJ9.k8ydIQka37gcq_gylqlJfqXdyZjwYsPxHEzT6FYWXNueiiMGTdYLtrxuGxAFan_P8NyZbqAFCTPaQfn8cHxREgZCBbyzy-4AHieRyusnqM9DM8bzSxjdgTP0AF3yHa9iI60DOwmS9P4VfKNb7jrUMl8zFY-D9La4kmXCZMRpFuo.Q37sYL1QatetnudsTPnZlRoRQz9bhJyLCmvZRBjQclw&dib_tag=se&m=A1YKPOZG28EHWI&marketplaceID=A19VAU5U5O7RUS&qid=1776421171&refinements=p_36%3A21000-21500&s=merchant-items&sr=1-135&xpid=TGKT6sk2-GK0A#customerReviews,Magic: The Gathering Japanese version of the iconic Masters booster pack 24 packs BOX
B075K5W1YB,,,,
B074FGD48W,,213.58,https://www.amazon.sg/DAIWA-Biaxial-Counter-Tana-Sensor-Model/dp/B074FGD48W/ref=sr_1_136?dib=eyJ2IjoiMSJ9.k8ydIQka37gcq_gylqlJfqXdyZjwYsPxHEzT6FYWXNueiiMGTdYLtrxuGxAFan_P8NyZbqAFCTPaQfn8cHxREgZCBbyzy-4AHieRyusnqM9DM8bzSxjdgTP0AF3yHa9iI60DOwmS9P4VfKNb7jrUMl8zFY-D9La4kmXCZMRpFuo.Q37sYL1QatetnudsTPnZlRoRQz9bhJyLCmvZRBjQclw&dib_tag=se&m=A1YKPOZG28EHWI&marketplaceID=A19VAU5U5O7RUS&qid=1776421171&refinements=p_36%3A21000-21500&s=merchant-items&sr=1-136&xpid=TGKT6sk2-GK0A#customerReviews,"Daiwa 17 Biaxial Reel with Counter, Tana Sensor (2017 Model)"
B074FGD48W,,,,
B073B38BJ6,,215.0,https://www.amazon.sg/Urushiyama-Industries-ARS-F26-Induction-Compatible/dp/B073B38BJ6/ref=sr_1_137?dib=eyJ2IjoiMSJ9.k8ydIQka37gcq_gylqlJfqXdyZjwYsPxHEzT6FYWXNueiiMGTdYLtrxuGxAFan_P8NyZbqAFCTPaQfn8cHxREgZCBbyzy-4AHieRyusnqM9DM8bzSxjdgTP0AF3yHa9iI60DOwmS9P4VfKNb7jrUMl8zFY-D9La4kmXCZMRpFuo.Q37sYL1QatetnudsTPnZlRoRQz9bhJyLCmvZRBjQclw&dib_tag=se&m=A1YKPOZG28EHWI&marketplaceID=A19VAU5U5O7RUS&qid=1776421171&refinements=p_36%3A21000-21500&s=merchant-items&sr=1-137&xpid=TGKT6sk2-GK0A#customerReviews,"Urushiyama Metal Industries ARS-F26 Frying Pan, 10.2 inches (26 cm), Induction Compatible, Teflon Platinum Treatment, Made in Japan"
B073B38BJ6,,,,
B072MYY53G,,213.47,https://www.amazon.sg/Beauty-70-XS-1223-3000-Sheets/dp/B072MYY53G/ref=sr_1_138?dib=eyJ2IjoiMSJ9.k8ydIQka37gcq_gylqlJfqXdyZjwYsPxHEzT6FYWXNueiiMGTdYLtrxuGxAFan_P8NyZbqAFCTPaQfn8cHxREgZCBbyzy-4AHieRyusnqM9DM8bzSxjdgTP0AF3yHa9iI60DOwmS9P4VfKNb7jrUMl8zFY-D9La4kmXCZMRpFuo.Q37sYL1QatetnudsTPnZlRoRQz9bhJyLCmvZRBjQclw&dib_tag=se&m=A1YKPOZG28EHWI&marketplaceID=A19VAU5U5O7RUS&qid=1776421171&refinements=p_36%3A21000-21500&s=merchant-items&sr=1-138&xpid=TGKT6sk2-GK0A,Beauty 70 XS-1223 3000 Sheets
B072MYY53G,,,,
B06Y4QSG3V,,210.66,https://www.amazon.sg/GOSEN-G-TOUR1-G-TSGT102-1-30-Black/dp/B06Y4QSG3V/ref=sr_1_139?dib=eyJ2IjoiMSJ9.k8ydIQka37gcq_gylqlJfqXdyZjwYsPxHEzT6FYWXNueiiMGTdYLtrxuGxAFan_P8NyZbqAFCTPaQfn8cHxREgZCBbyzy-4AHieRyusnqM9DM8bzSxjdgTP0AF3yHa9iI60DOwmS9P4VfKNb7jrUMl8zFY-D9La4kmXCZMRpFuo.Q37sYL1QatetnudsTPnZlRoRQz9bhJyLCmvZRBjQclw&dib_tag=se&m=A1YKPOZG28EHWI&marketplaceID=A19VAU5U5O7RUS&qid=1776421171&refinements=p_36%3A21000-21500&s=merchant-items&sr=1-139&xpid=TGKT6sk2-GK0A#customerReviews,"GOSEN G-Tour 1, Black Powerful Bounce Speed, HPP Polyester Silicone oil coated, Tennis String"
B06XTSVR7D,,212.14,https://www.amazon.sg/Bahco-BHTAH8158B-1-Mango-Articulado-Altura/dp/B06XTSVR7D/ref=sr_1_145?dib=eyJ2IjoiMSJ9.OWwBmISAqaKzhucCnwzMmA6cqwXtGFKkW_cq99-C_F6G6R_MjTlAYtiP0NTMlN0eNlgeYhnrM500DJWodR_OXA.6xIqqMJtSr4GNrqMhLfUncJ2EGM5guBFW0pOhUICAnQ&dib_tag=se&m=A1YKPOZG28EHWI&marketplaceID=A19VAU5U5O7RUS&qid=1776421176&refinements=p_36%3A21000-21500&s=merchant-items&sr=1-145&xpid=TGKT6sk2-GK0A,Mango Articulado 1/2 Inch Altura
B06XTSVR7D,,,,
B01N5V01VN,,214.79,https://www.amazon.sg/Bahco-NS504-1000-FB-BHNS504-1000-FB-Machinists-Multicoloured/dp/B01N5V01VN/ref=sr_1_146?dib=eyJ2IjoiMSJ9.OWwBmISAqaKzhucCnwzMmA6cqwXtGFKkW_cq99-C_F6G6R_MjTlAYtiP0NTMlN0eNlgeYhnrM500DJWodR_OXA.6xIqqMJtSr4GNrqMhLfUncJ2EGM5guBFW0pOhUICAnQ&dib_tag=se&m=A1YKPOZG28EHWI&marketplaceID=A19VAU5U5O7RUS&qid=1776421176&refinements=p_36%3A21000-21500&s=merchant-items&sr=1-146&xpid=TGKT6sk2-GK0A#customerReviews,"Bahco NS504-1000-FB BHNS504-1000-FB Machinist's Hammer with Fiberglass Handle, Multicoloured, 1 kg"
B01N5V01VN,,,,
B01MZHWZF4,,214.87,https://www.amazon.sg/TOEI-LIGHT-H7173-Dumbbell-Coating/dp/B01MZHWZF4/ref=sr_1_147?dib=eyJ2IjoiMSJ9.OWwBmISAqaKzhucCnwzMmA6cqwXtGFKkW_cq99-C_F6G6R_MjTlAYtiP0NTMlN0eNlgeYhnrM500DJWodR_OXA.6xIqqMJtSr4GNrqMhLfUncJ2EGM5guBFW0pOhUICAnQ&dib_tag=se&m=A1YKPOZG28EHWI&marketplaceID=A19VAU5U5O7RUS&qid=1776421176&refinements=p_36%3A21000-21500&s=merchant-items&sr=1-147&xpid=TGKT6sk2-GK0A,"TOEI LIGHT H7173 Rubber Coated Dumbbell 4, 8.8 lbs (4 kg), Set of 2, Rubber Coating, Black"
B01MZHWZF4,,,,
B01M7PRGWL,,214.77,https://www.amazon.sg/Bahco-NS100-34-IRNS100-34-Slogging-Wrench/dp/B01M7PRGWL/ref=sr_1_148?dib=eyJ2IjoiMSJ9.OWwBmISAqaKzhucCnwzMmA6cqwXtGFKkW_cq99-C_F6G6R_MjTlAYtiP0NTMlN0eNlgeYhnrM500DJWodR_OXA.6xIqqMJtSr4GNrqMhLfUncJ2EGM5guBFW0pOhUICAnQ&dib_tag=se&m=A1YKPOZG28EHWI&marketplaceID=A19VAU5U5O7RUS&qid=1776421176&refinements=p_36%3A21000-21500&s=merchant-items&sr=1-148&xpid=TGKT6sk2-GK0A,"Bahco NS100-34 IRNS100-34 Slogging Open Wrench, Gold, 34mm"
B01M7PRGWL,,,,
B01M3SYEG5,,214.54,https://www.amazon.sg/Audio-Technica-VM520EB-Turntable-Headshell-Cartridge/dp/B01M3SYEG5/ref=sr_1_149?dib=eyJ2IjoiMSJ9.OWwBmISAqaKzhucCnwzMmA6cqwXtGFKkW_cq99-C_F6G6R_MjTlAYtiP0NTMlN0eNlgeYhnrM500DJWodR_OXA.6xIqqMJtSr4GNrqMhLfUncJ2EGM5guBFW0pOhUICAnQ&dib_tag=se&m=A1YKPOZG28EHWI&marketplaceID=A19VAU5U5O7RUS&qid=1776421176&refinements=p_36%3A21000-21500&s=merchant-items&sr=1-149&xpid=TGKT6sk2-GK0A#customerReviews,Audio-Technica VM520EB/H Turntable Headshell/Cartridge Combo Kit Black
B01M3SYEG5,,,,
B01LWOUPMF,,214.33,https://www.amazon.sg/DEDA-SUPERLEGGERO-LTD-31-7-Material/dp/B01LWOUPMF/ref=sr_1_145?dib=eyJ2IjoiMSJ9.XJ6XFFoL_2S0a_ZPw-vRgTR_2A4THnaT_Sx5tWsjUKwIraZXfM_xvSP0qaibSpwDrtT70kNzEWgiNcziqw27xViBCDiPl-t95IDU45g8Ft7sM5gF_s3JFZAKPcN6Xi77s9BOmxA90-kyesMpuZHVcwlnYLArsiV-TktV4lMXczw.vpGuqp8-rspp1d-gTGnMg2KSb4Dp3a509FzkYFKF1WY&dib_tag=se&m=A1YKPOZG28EHWI&marketplaceID=A19VAU5U5O7RUS&qid=1776421176&refinements=p_36%3A21000-21500&s=merchant-items&sr=1-145&xpid=TGKT6sk2-GK0A,DEDA SUPERLEGGERO RS LTD POB 31.7/120 Material: 7050 Aluminum Alloy Diameter: 1.2 inches (31.7 mm) Length: 4.7 inches (120 mm) Angle: 82° Height: 1.4 inches (36 mm) Stem
B01LWOUPMF,,,,
B01LFM4DUY,,213.85,https://www.amazon.sg/SunRace-CSMX8-Cassette-11-46T-XTE1379/dp/B01LFM4DUY/ref=sr_1_146?dib=eyJ2IjoiMSJ9.XJ6XFFoL_2S0a_ZPw-vRgTR_2A4THnaT_Sx5tWsjUKwIraZXfM_xvSP0qaibSpwDrtT70kNzEWgiNcziqw27xViBCDiPl-t95IDU45g8Ft7sM5gF_s3JFZAKPcN6Xi77s9BOmxA90-kyesMpuZHVcwlnYLArsiV-TktV4lMXczw.vpGuqp8-rspp1d-gTGnMg2KSb4Dp3a509FzkYFKF1WY&dib_tag=se&m=A1YKPOZG28EHWI&marketplaceID=A19VAU5U5O7RUS&qid=1776421176&refinements=p_36%3A21000-21500&s=merchant-items&sr=1-146&xpid=TGKT6sk2-GK0A,"SunRace CSMX8 Wide Ratio Cassette 11-46T, 11 Speed, Black, XTE1379"
B01LFM4DUY,,,,
B01L1HM29C,,210.58,https://www.amazon.sg/Tajima-DK-MSDK100-Insulation-Stripper-Pressure/dp/B01L1HM29C/ref=sr_1_147?dib=eyJ2IjoiMSJ9.XJ6XFFoL_2S0a_ZPw-vRgTR_2A4THnaT_Sx5tWsjUKwIraZXfM_xvSP0qaibSpwDrtT70kNzEWgiNcziqw27xViBCDiPl-t95IDU45g8Ft7sM5gF_s3JFZAKPcN6Xi77s9BOmxA90-kyesMpuZHVcwlnYLArsiV-TktV4lMXczw.vpGuqp8-rspp1d-gTGnMg2KSb4Dp3a509FzkYFKF1WY&dib_tag=se&m=A1YKPOZG28EHWI&marketplaceID=A19VAU5U5O7RUS&qid=1776421176&refinements=p_36%3A21000-21500&s=merchant-items&sr=1-147&xpid=TGKT6sk2-GK0A#customerReviews,"Tajima DK-MSDK100 Ratchet Type Insulation Stripper, Socket Type CV Wire Stripper, High Pressure, For Hand Cranking, 100 sq ft (6600 V, CV Single Core, CVT, Eco Cable)"
B01L1HM29C,,,,
B01K4NZ7N2,,212.18,https://www.amazon.sg/Conquest-CPSB319-Snowboard-Flat-Knurled/dp/B01K4NZ7N2/ref=sr_1_148?dib=eyJ2IjoiMSJ9.XJ6XFFoL_2S0a_ZPw-vRgTR_2A4THnaT_Sx5tWsjUKwIraZXfM_xvSP0qaibSpwDrtT70kNzEWgiNcziqw27xViBCDiPl-t95IDU45g8Ft7sM5gF_s3JFZAKPcN6Xi77s9BOmxA90-kyesMpuZHVcwlnYLArsiV-TktV4lMXczw.vpGuqp8-rspp1d-gTGnMg2KSb4Dp3a509FzkYFKF1WY&dib_tag=se&m=A1YKPOZG28EHWI&marketplaceID=A19VAU5U5O7RUS&qid=1776421176&refinements=p_36%3A21000-21500&s=merchant-items&sr=1-148&xpid=TGKT6sk2-GK0A,Conquest Ski Snowboard Flat Knurling
B01K4NZ7N2,,,,
B01IN9OU7I,,214.25,https://www.amazon.sg/Cinelli-Neos-Carbon-Bicycle-Seatpost/dp/B01IN9OU7I/ref=sr_1_149?dib=eyJ2IjoiMSJ9.XJ6XFFoL_2S0a_ZPw-vRgTR_2A4THnaT_Sx5tWsjUKwIraZXfM_xvSP0qaibSpwDrtT70kNzEWgiNcziqw27xViBCDiPl-t95IDU45g8Ft7sM5gF_s3JFZAKPcN6Xi77s9BOmxA90-kyesMpuZHVcwlnYLArsiV-TktV4lMXczw.vpGuqp8-rspp1d-gTGnMg2KSb4Dp3a509FzkYFKF1WY&dib_tag=se&m=A1YKPOZG28EHWI&marketplaceID=A19VAU5U5O7RUS&qid=1776421176&refinements=p_36%3A21000-21500&s=merchant-items&sr=1-149&xpid=TGKT6sk2-GK0A#customerReviews,"Cinelli Neos Carbon Bicycle Seatpost, Black"
B01IN9OU7I,,,,
B01DAM3Q7S,,213.13,https://www.amazon.sg/selle-sanmarco-5490-901LW501-Aspido-Performance/dp/B01DAM3Q7S/ref=sr_1_150?dib=eyJ2IjoiMSJ9.XJ6XFFoL_2S0a_ZPw-vRgTR_2A4THnaT_Sx5tWsjUKwIraZXfM_xvSP0qaibSpwDrtT70kNzEWgiNcziqw27xViBCDiPl-t95IDU45g8Ft7sM5gF_s3JFZAKPcN6Xi77s9BOmxA90-kyesMpuZHVcwlnYLArsiV-TktV4lMXczw.vpGuqp8-rspp1d-gTGnMg2KSb4Dp3a509FzkYFKF1WY&dib_tag=se&m=A1YKPOZG28EHWI&marketplaceID=A19VAU5U5O7RUS&qid=1776421176&refinements=p_36%3A21000-21500&s=merchant-items&sr=1-150&xpid=TGKT6sk2-GK0A,"selle sanmarco 5490-901LW501 Aspido Racing Up, Urban Performance, Wide, Black"
B01DAM3Q7S,,,,
B0177LXS4Y,,211.99,https://www.amazon.sg/Selmer-Paris-Clarinet-Mouthpiece-Focus/dp/B0177LXS4Y/ref=sr_1_151?dib=eyJ2IjoiMSJ9.XJ6XFFoL_2S0a_ZPw-vRgTR_2A4THnaT_Sx5tWsjUKwIraZXfM_xvSP0qaibSpwDrtT70kNzEWgiNcziqw27xViBCDiPl-t95IDU45g8Ft7sM5gF_s3JFZAKPcN6Xi77s9BOmxA90-kyesMpuZHVcwlnYLArsiV-TktV4lMXczw.vpGuqp8-rspp1d-gTGnMg2KSb4Dp3a509FzkYFKF1WY&dib_tag=se&m=A1YKPOZG28EHWI&marketplaceID=A19VAU5U5O7RUS&qid=1776421176&refinements=p_36%3A21000-21500&s=merchant-items&sr=1-151&xpid=TGKT6sk2-GK0A#customerReviews,Selmer Paris B➤ Clarinet Mouthpiece Focus (Focus)
B0177LXS4Y,,,,
B016M45TGW,,210.63,https://www.amazon.sg/AEV1901-Commercial-Induction-Compatible-Aluminum/dp/B016M45TGW/ref=sr_1_152?dib=eyJ2IjoiMSJ9.XJ6XFFoL_2S0a_ZPw-vRgTR_2A4THnaT_Sx5tWsjUKwIraZXfM_xvSP0qaibSpwDrtT70kNzEWgiNcziqw27xViBCDiPl-t95IDU45g8Ft7sM5gF_s3JFZAKPcN6Xi77s9BOmxA90-kyesMpuZHVcwlnYLArsiV-TktV4lMXczw.vpGuqp8-rspp1d-gTGnMg2KSb4Dp3a509FzkYFKF1WY&dib_tag=se&m=A1YKPOZG28EHWI&marketplaceID=A19VAU5U5O7RUS&qid=1776421176&refinements=p_36%3A21000-21500&s=merchant-items&sr=1-152&xpid=TGKT6sk2-GK0A#customerReviews,"Endo Shoji TKG AEV1901 Round Pot, 11.8 inches (30 cm), Commercial Use, Induction Compatible, Aluminum"
B016M45TGW,,,,
B012CD1W8G,,212.57,https://www.amazon.sg/Uzaki-Nisshin-Seitama-Isho-Koji/dp/B012CD1W8G/ref=sr_1_153?dib=eyJ2IjoiMSJ9.XJ6XFFoL_2S0a_ZPw-vRgTR_2A4THnaT_Sx5tWsjUKwIraZXfM_xvSP0qaibSpwDrtT70kNzEWgiNcziqw27xViBCDiPl-t95IDU45g8Ft7sM5gF_s3JFZAKPcN6Xi77s9BOmxA90-kyesMpuZHVcwlnYLArsiV-TktV4lMXczw.vpGuqp8-rspp1d-gTGnMg2KSb4Dp3a509FzkYFKF1WY&dib_tag=se&m=A1YKPOZG28EHWI&marketplaceID=A19VAU5U5O7RUS&qid=1776421176&refinements=p_36%3A21000-21500&s=merchant-items&sr=1-153&xpid=TGKT6sk2-GK0A,Uzaki Nisshin Rod Seitama Jin Isho Koji Hard Tone
B012CD1W8G,,,,
B010SDTJ5U,,220.1,https://www.amazon.sg/NTN-Bearing-6221NR-Single-Clearance/dp/B010SDTJ5U/ref=sr_1_154?dib=eyJ2IjoiMSJ9.XJ6XFFoL_2S0a_ZPw-vRgTR_2A4THnaT_Sx5tWsjUKwIraZXfM_xvSP0qaibSpwDrtT70kNzEWgiNcziqw27xViBCDiPl-t95IDU45g8Ft7sM5gF_s3JFZAKPcN6Xi77s9BOmxA90-kyesMpuZHVcwlnYLArsiV-TktV4lMXczw.vpGuqp8-rspp1d-gTGnMg2KSb4Dp3a509FzkYFKF1WY&dib_tag=se&m=A1YKPOZG28EHWI&marketplaceID=A19VAU5U5O7RUS&qid=1776421176&refinements=p_36%3A21000-21500&s=merchant-items&sr=1-154&xpid=TGKT6sk2-GK0A,"NTN Bearing 6221NR Single Row Deep Groove Radial Ball Bearing with Snap Ring, Normal Clearance, Steel Cage, 105 mm Bore ID, 190 mm OD, 36 mm Width, Open"
B010SDTJ5U,,,,
B00YS74I54,,222.88,https://www.amazon.sg/NTN-30317U-Ntn-Tapered-bearings/dp/B00YS74I54/ref=sr_1_155?dib=eyJ2IjoiMSJ9.XJ6XFFoL_2S0a_ZPw-vRgTR_2A4THnaT_Sx5tWsjUKwIraZXfM_xvSP0qaibSpwDrtT70kNzEWgiNcziqw27xViBCDiPl-t95IDU45g8Ft7sM5gF_s3JFZAKPcN6Xi77s9BOmxA90-kyesMpuZHVcwlnYLArsiV-TktV4lMXczw.vpGuqp8-rspp1d-gTGnMg2KSb4Dp3a509FzkYFKF1WY&dib_tag=se&m=A1YKPOZG28EHWI&marketplaceID=A19VAU5U5O7RUS&qid=1776421176&refinements=p_36%3A21000-21500&s=merchant-items&sr=1-155&xpid=TGKT6sk2-GK0A,Ntn - Tapered roller bearings
B00YS74I54,,,,
B00YIEVHWO,,210.0,https://www.amazon.sg/Endoshoji-AHVF601-Half-Size-Commercial-Compatible/dp/B00YIEVHWO/ref=sr_1_161?dib=eyJ2IjoiMSJ9.hhntjXYwTymyIUXqM7p5Ba7j4HmYdcUpZ0QTW_jC8uzw7sbPN-ZkgGGleJjD9RQ2o4sCmq8AunjJpONLvhVOmA.uerzngR4x7YMn_02WW7VcZ9j9T-kclmmejzVItxkHEU&dib_tag=se&m=A1YKPOZG28EHWI&marketplaceID=A19VAU5U5O7RUS&qid=1776421181&refinements=p_36%3A21000-21500&s=merchant-items&sr=1-161&xpid=TGKT6sk2-GK0A#customerReviews,"Endoshoji TKG AHVF601 IH Select Half-Size Pot, Commercial Use, 7.1 inches (18 cm), 2 Layers, Induction Compatible,"
B00YIEVHWO,,,,
B00Y9LXMJ2,,210.78,https://www.amazon.sg/Sabian-Equipment-Percussion-Accessories-41402X/dp/B00Y9LXMJ2/ref=sr_1_162?dib=eyJ2IjoiMSJ9.hhntjXYwTymyIUXqM7p5Ba7j4HmYdcUpZ0QTW_jC8uzw7sbPN-ZkgGGleJjD9RQ2o4sCmq8AunjJpONLvhVOmA.uerzngR4x7YMn_02WW7VcZ9j9T-kclmmejzVItxkHEU&dib_tag=se&m=A1YKPOZG28EHWI&marketplaceID=A19VAU5U5O7RUS&qid=1776421181&refinements=p_36%3A21000-21500&s=merchant-items&sr=1-162&xpid=TGKT6sk2-GK0A,"Sabian Crash Cymbals, Music Equipment, Drum & Percussion Accessories (41402X/1)"
B00Y9LXMJ2,,,,
B00XRO0OHA,,228.24,https://www.amazon.sg/BG-France-Accessory-Silver-L57/dp/B00XRO0OHA/ref=sr_1_163?dib=eyJ2IjoiMSJ9.hhntjXYwTymyIUXqM7p5Ba7j4HmYdcUpZ0QTW_jC8uzw7sbPN-ZkgGGleJjD9RQ2o4sCmq8AunjJpONLvhVOmA.uerzngR4x7YMn_02WW7VcZ9j9T-kclmmejzVItxkHEU&dib_tag=se&m=A1YKPOZG28EHWI&marketplaceID=A19VAU5U5O7RUS&qid=1776421181&refinements=p_36%3A21000-21500&s=merchant-items&sr=1-163&xpid=TGKT6sk2-GK0A,"BG France Music Accessory, Silver (L57)"
B00XRO0OHA,,,,
B00X7ZHED6,,212.07,https://www.amazon.sg/LSI-LSI00415-MegaRAID-PCI-Express-Controller/dp/B00X7ZHED6/ref=sr_1_164?dib=eyJ2IjoiMSJ9.hhntjXYwTymyIUXqM7p5Ba7j4HmYdcUpZ0QTW_jC8uzw7sbPN-ZkgGGleJjD9RQ2o4sCmq8AunjJpONLvhVOmA.uerzngR4x7YMn_02WW7VcZ9j9T-kclmmejzVItxkHEU&dib_tag=se&m=A1YKPOZG28EHWI&marketplaceID=A19VAU5U5O7RUS&qid=1776421181&refinements=p_36%3A21000-21500&s=merchant-items&sr=1-164&xpid=TGKT6sk2-GK0A,"LSI LOGIC LSI LSI00415 MegaRAID SAS 9361-4i 4-Port 12Gb/s SAS+SATA PCI-Express 3.0 Low Profile RAID Controller, Single"
B00X7ZHED6,,,,
B00WGD6792,,214.06,https://www.amazon.sg/Vandoren-CM1405-Clarinet-Mouthpiece/dp/B00WGD6792/ref=sr_1_165?dib=eyJ2IjoiMSJ9.hhntjXYwTymyIUXqM7p5Ba7j4HmYdcUpZ0QTW_jC8uzw7sbPN-ZkgGGleJjD9RQ2o4sCmq8AunjJpONLvhVOmA.uerzngR4x7YMn_02WW7VcZ9j9T-kclmmejzVItxkHEU&dib_tag=se&m=A1YKPOZG28EHWI&marketplaceID=A19VAU5U5O7RUS&qid=1776421181&refinements=p_36%3A21000-21500&s=merchant-items&sr=1-165&xpid=TGKT6sk2-GK0A#customerReviews,Vandoren Clarinet Mouthpiece (CM1405)
B00WGD6792,,,,
B00V4I6N0I,,215.0,https://www.amazon.sg/WBC5703-Anodized-Baking-Commercial-inches/dp/B00V4I6N0I/ref=sr_1_161?dib=eyJ2IjoiMSJ9.pWQdxcjtIXVmZBQB5YsBXC7Cg-_7FduLPkqCkYZelkdAWj6VRId1mRVkhjnu0t9P92Im37E5QQpyqBaEq1gH6cPGIwQk4766hb1gUxte4vUamyVO3VGbMkN7_yvtZ4B71eMQUv9xWLhmxPKrFcPPkEnk0GIj3DNAFfz2pY-AMeY.gfM5a4p0U_Khe8ir3Y2f7kCySEFS0zJosuNbWjoO-P0&dib_tag=se&m=A1YKPOZG28EHWI&marketplaceID=A19VAU5U5O7RUS&qid=1776421181&refinements=p_36%3A21000-21500&s=merchant-items&sr=1-161&xpid=TGKT6sk2-GK0A,"Endo Shoji TKG WBC5703 Anodized Baking Tray, Commercial Use, 16.5 x 12.6 x 2.6 inches (42 x 32 x 6.5 cm)"
B00V4I6N0I,,,,
B00UJR41E0,,216.68,https://www.amazon.sg/Helios-44-2-Russian-Nikon-Cameras/dp/B00UJR41E0/ref=sr_1_162?dib=eyJ2IjoiMSJ9.pWQdxcjtIXVmZBQB5YsBXC7Cg-_7FduLPkqCkYZelkdAWj6VRId1mRVkhjnu0t9P92Im37E5QQpyqBaEq1gH6cPGIwQk4766hb1gUxte4vUamyVO3VGbMkN7_yvtZ4B71eMQUv9xWLhmxPKrFcPPkEnk0GIj3DNAFfz2pY-AMeY.gfM5a4p0U_Khe8ir3Y2f7kCySEFS0zJosuNbWjoO-P0&dib_tag=se&m=A1YKPOZG28EHWI&marketplaceID=A19VAU5U5O7RUS&qid=1776421181&refinements=p_36%3A21000-21500&s=merchant-items&sr=1-162&xpid=TGKT6sk2-GK0A#customerReviews,Helios 44-2 58mm F2 Russian Lens for Nikon DSLR Cameras
B00UJR41E0,,,,
B00UH9G7NS,,212.8,https://www.amazon.sg/NTN-Angular-Contact-Bearing-7318/dp/B00UH9G7NS/ref=sr_1_163?dib=eyJ2IjoiMSJ9.pWQdxcjtIXVmZBQB5YsBXC7Cg-_7FduLPkqCkYZelkdAWj6VRId1mRVkhjnu0t9P92Im37E5QQpyqBaEq1gH6cPGIwQk4766hb1gUxte4vUamyVO3VGbMkN7_yvtZ4B71eMQUv9xWLhmxPKrFcPPkEnk0GIj3DNAFfz2pY-AMeY.gfM5a4p0U_Khe8ir3Y2f7kCySEFS0zJosuNbWjoO-P0&dib_tag=se&m=A1YKPOZG28EHWI&marketplaceID=A19VAU5U5O7RUS&qid=1776421181&refinements=p_36%3A21000-21500&s=merchant-items&sr=1-163&xpid=TGKT6sk2-GK0A,NTN Angular Contact Ball Bearing 7318
B00UH9G7NS,,,,
B00UH9BGNE,,212.71,https://www.amazon.sg/NTN-MEDIUM-SIZE-BALL-7222BG/dp/B00UH9BGNE/ref=sr_1_164?dib=eyJ2IjoiMSJ9.pWQdxcjtIXVmZBQB5YsBXC7Cg-_7FduLPkqCkYZelkdAWj6VRId1mRVkhjnu0t9P92Im37E5QQpyqBaEq1gH6cPGIwQk4766hb1gUxte4vUamyVO3VGbMkN7_yvtZ4B71eMQUv9xWLhmxPKrFcPPkEnk0GIj3DNAFfz2pY-AMeY.gfM5a4p0U_Khe8ir3Y2f7kCySEFS0zJosuNbWjoO-P0&dib_tag=se&m=A1YKPOZG28EHWI&marketplaceID=A19VAU5U5O7RUS&qid=1776421181&refinements=p_36%3A21000-21500&s=merchant-items&sr=1-164&xpid=TGKT6sk2-GK0A,NTN MEDIUM SIZE BALL BRG (7222BG)
B00UH9BGNE,,,,
B00TQA35H0,,213.23,https://www.amazon.sg/DAIWA-AX-700S-Daiwa-Yobune-Red/dp/B00TQA35H0/ref=sr_1_165?dib=eyJ2IjoiMSJ9.pWQdxcjtIXVmZBQB5YsBXC7Cg-_7FduLPkqCkYZelkdAWj6VRId1mRVkhjnu0t9P92Im37E5QQpyqBaEq1gH6cPGIwQk4766hb1gUxte4vUamyVO3VGbMkN7_yvtZ4B71eMQUv9xWLhmxPKrFcPPkEnk0GIj3DNAFfz2pY-AMeY.gfM5a4p0U_Khe8ir3Y2f7kCySEFS0zJosuNbWjoO-P0&dib_tag=se&m=A1YKPOZG28EHWI&marketplaceID=A19VAU5U5O7RUS&qid=1776421181&refinements=p_36%3A21000-21500&s=merchant-items&sr=1-165&xpid=TGKT6sk2-GK0A#customerReviews,"Daiwa AX-700S Yobune, Red"
B00TQA35H0,,,,
B00T9F3ZIQ,,215.0,https://www.amazon.sg/7444SG-M-50-Striking-Glasses-Wrench-inches/dp/B00T9F3ZIQ/ref=sr_1_166?dib=eyJ2IjoiMSJ9.pWQdxcjtIXVmZBQB5YsBXC7Cg-_7FduLPkqCkYZelkdAWj6VRId1mRVkhjnu0t9P92Im37E5QQpyqBaEq1gH6cPGIwQk4766hb1gUxte4vUamyVO3VGbMkN7_yvtZ4B71eMQUv9xWLhmxPKrFcPPkEnk0GIj3DNAFfz2pY-AMeY.gfM5a4p0U_Khe8ir3Y2f7kCySEFS0zJosuNbWjoO-P0&dib_tag=se&m=A1YKPOZG28EHWI&marketplaceID=A19VAU5U5O7RUS&qid=1776421181&refinements=p_36%3A21000-21500&s=merchant-items&sr=1-166&xpid=TGKT6sk2-GK0A,"BAHCO 7444SG-M-50 Striking Glasses End Wrench, 2.0 inches (50 mm)"
B00T9F3ZIQ,,,,
B00K6Y091U,,212.16,https://www.amazon.sg/ISA-Sprocket-Single-Wheel-MARCHESINI/dp/B00K6Y091U/ref=sr_1_167?dib=eyJ2IjoiMSJ9.pWQdxcjtIXVmZBQB5YsBXC7Cg-_7FduLPkqCkYZelkdAWj6VRId1mRVkhjnu0t9P92Im37E5QQpyqBaEq1gH6cPGIwQk4766hb1gUxte4vUamyVO3VGbMkN7_yvtZ4B71eMQUv9xWLhmxPKrFcPPkEnk0GIj3DNAFfz2pY-AMeY.gfM5a4p0U_Khe8ir3Y2f7kCySEFS0zJosuNbWjoO-P0&dib_tag=se&m=A1YKPOZG28EHWI&marketplaceID=A19VAU5U5O7RUS&qid=1776421181&refinements=p_36%3A21000-21500&s=merchant-items&sr=1-167&xpid=TGKT6sk2-GK0A,ISA Rear Sprocket Single Wheel for MARCHESINI Size: 530 Teeth 46T Model Number: I-1
B00K6Y091U,,,,
B00JJQPP38,,216.01,https://www.amazon.sg/Tajima-DK-MS3SAJSET-Insulated-Stripper-Adjuster/dp/B00JJQPP38/ref=sr_1_168?dib=eyJ2IjoiMSJ9.pWQdxcjtIXVmZBQB5YsBXC7Cg-_7FduLPkqCkYZelkdAWj6VRId1mRVkhjnu0t9P92Im37E5QQpyqBaEq1gH6cPGIwQk4766hb1gUxte4vUamyVO3VGbMkN7_yvtZ4B71eMQUv9xWLhmxPKrFcPPkEnk0GIj3DNAFfz2pY-AMeY.gfM5a4p0U_Khe8ir3Y2f7kCySEFS0zJosuNbWjoO-P0&dib_tag=se&m=A1YKPOZG28EHWI&marketplaceID=A19VAU5U5O7RUS&qid=1776421181&refinements=p_36%3A21000-21500&s=merchant-items&sr=1-168&xpid=TGKT6sk2-GK0A#customerReviews,"Tajima DK-MS3SAJSET Vinyl Insulated Wire Peeler, Socket Type CV Wire Stripper, Adjuster Type, 14, 22, 38 Sets, 600 V CV Wire (for CVT)"
B00JJQPP38,,,,
B00H6WWO2M,,213.44,https://www.amazon.sg/DRAPAS-DICOAL-EQUAL-Divider-02-201/dp/B00H6WWO2M/ref=sr_1_169?dib=eyJ2IjoiMSJ9.pWQdxcjtIXVmZBQB5YsBXC7Cg-_7FduLPkqCkYZelkdAWj6VRId1mRVkhjnu0t9P92Im37E5QQpyqBaEq1gH6cPGIwQk4766hb1gUxte4vUamyVO3VGbMkN7_yvtZ4B71eMQUv9xWLhmxPKrFcPPkEnk0GIj3DNAFfz2pY-AMeY.gfM5a4p0U_Khe8ir3Y2f7kCySEFS0zJosuNbWjoO-P0&dib_tag=se&m=A1YKPOZG28EHWI&marketplaceID=A19VAU5U5O7RUS&qid=1776421181&refinements=p_36%3A21000-21500&s=merchant-items&sr=1-169&xpid=TGKT6sk2-GK0A#customerReviews,DRAPAS DICOAL (EQUAL Divider) 02-201
B00H6WWO2M,,,,
B00H37FORW,,212.23,https://www.amazon.sg/Jabra-2TX1008-Biz-2300-Headset/dp/B00H37FORW/ref=sr_1_170?dib=eyJ2IjoiMSJ9.pWQdxcjtIXVmZBQB5YsBXC7Cg-_7FduLPkqCkYZelkdAWj6VRId1mRVkhjnu0t9P92Im37E5QQpyqBaEq1gH6cPGIwQk4766hb1gUxte4vUamyVO3VGbMkN7_yvtZ4B71eMQUv9xWLhmxPKrFcPPkEnk0GIj3DNAFfz2pY-AMeY.gfM5a4p0U_Khe8ir3Y2f7kCySEFS0zJosuNbWjoO-P0&dib_tag=se&m=A1YKPOZG28EHWI&marketplaceID=A19VAU5U5O7RUS&qid=1776421181&refinements=p_36%3A21000-21500&s=merchant-items&sr=1-170&xpid=TGKT6sk2-GK0A#customerReviews,Jabra 2TX1008 - Biz 2300 USB UC Duo Headset
B00H37FORW,,,,
B00GXYS8WE,,213.19,https://www.amazon.sg/HiKOKI-0032-0704-Hyper-Diamond-inches/dp/B00GXYS8WE/ref=sr_1_171?dib=eyJ2IjoiMSJ9.pWQdxcjtIXVmZBQB5YsBXC7Cg-_7FduLPkqCkYZelkdAWj6VRId1mRVkhjnu0t9P92Im37E5QQpyqBaEq1gH6cPGIwQk4766hb1gUxte4vUamyVO3VGbMkN7_yvtZ4B71eMQUv9xWLhmxPKrFcPPkEnk0GIj3DNAFfz2pY-AMeY.gfM5a4p0U_Khe8ir3Y2f7kCySEFS0zJosuNbWjoO-P0&dib_tag=se&m=A1YKPOZG28EHWI&marketplaceID=A19VAU5U5O7RUS&qid=1776421181&refinements=p_36%3A21000-21500&s=merchant-items&sr=1-171&xpid=TGKT6sk2-GK0A,"HiKOKI 0032-0704 Hyper Diamond Core Bit with Guide Plate, 3.1 inches (80 mm)"
B00GXYS8WE,,,,
B00GXYRSKC,,214.24,https://www.amazon.sg/Formerly-Hitachi-0031-2455-Diamond-Corrugated/dp/B00GXYRSKC/ref=sr_1_177?dib=eyJ2IjoiMSJ9.e3mHaGBfLDg4_pvsRC3YdYsmPPlCLf7ifZYjqg9Ic38yFvjByyCTr60eDB8wv-C4mTeBE8_WC5v41u7IReq2mA.g9uzilFow7CDcYHY54DcxZLOJSRxq--BnvROaYGeeKM&dib_tag=se&m=A1YKPOZG28EHWI&marketplaceID=A19VAU5U5O7RUS&qid=1776421187&refinements=p_36%3A21000-21500&s=merchant-items&sr=1-177&xpid=TGKT6sk2-GK0A#customerReviews,"HiKOKI (Formerly Hitachi Koki) 0031-2455 Diamond Core Bit, 1.0 inches (27 mm) (Corrugated Type, Wet Type)"
B00GXYRSKC,,,,
B00GWDHO3U,,213.76,https://www.amazon.sg/YM-02-CS-Sunburst-Acoustic-Included/dp/B00GWDHO3U/ref=sr_1_178?dib=eyJ2IjoiMSJ9.e3mHaGBfLDg4_pvsRC3YdYsmPPlCLf7ifZYjqg9Ic38yFvjByyCTr60eDB8wv-C4mTeBE8_WC5v41u7IReq2mA.g9uzilFow7CDcYHY54DcxZLOJSRxq--BnvROaYGeeKM&dib_tag=se&m=A1YKPOZG28EHWI&marketplaceID=A19VAU5U5O7RUS&qid=1776421187&refinements=p_36%3A21000-21500&s=merchant-items&sr=1-178&xpid=TGKT6sk2-GK0A,S.Yairi YM-02/CS Cherry Sunburst Mini Acoustic Guitar (Mini Guitar) Compact Acoustic Series [Soft Case Included] Right Hand
B00GWDHO3U,,,,
B00G43Y1XY,,211.67,https://www.amazon.sg/hiorie-Towel-Fluffy-ributaoru-Valuable/dp/B00G43Y1XY/ref=sr_1_179?dib=eyJ2IjoiMSJ9.e3mHaGBfLDg4_pvsRC3YdYsmPPlCLf7ifZYjqg9Ic38yFvjByyCTr60eDB8wv-C4mTeBE8_WC5v41u7IReq2mA.g9uzilFow7CDcYHY54DcxZLOJSRxq--BnvROaYGeeKM&dib_tag=se&m=A1YKPOZG28EHWI&marketplaceID=A19VAU5U5O7RUS&qid=1776421187&refinements=p_36%3A21000-21500&s=merchant-items&sr=1-179&xpid=TGKT6sk2-GK0A,"hiorie (hiorie) Bath Towel Fluffy ributaoru 2 Piece Bath Towel Set, Made in Japan, Valuable Extra Long Staple Cotton Use"
B00G43Y1XY,,,,
B00G43XXMO,,211.67,https://www.amazon.sg/Imabari-certification-Ributaoru-Japanese-made-ultra-long/dp/B00G43XXMO/ref=sr_1_180?dib=eyJ2IjoiMSJ9.e3mHaGBfLDg4_pvsRC3YdYsmPPlCLf7ifZYjqg9Ic38yFvjByyCTr60eDB8wv-C4mTeBE8_WC5v41u7IReq2mA.g9uzilFow7CDcYHY54DcxZLOJSRxq--BnvROaYGeeKM&dib_tag=se&m=A1YKPOZG28EHWI&marketplaceID=A19VAU5U5O7RUS&qid=1776421187&refinements=p_36%3A21000-21500&s=merchant-items&sr=1-180&xpid=TGKT6sk2-GK0A,hiorie (Hiorie) set two Imabari towel certification fluffy Ributaoru bath towel off-white Japanese-made precious ultra-long cotton use Imabari brand
B00G43XXMO,,,,
B00F9WVNT6,,213.87,https://www.amazon.sg/KNIPEX-Tools-Electronics-Diagonal-Multi-Component/dp/B00F9WVNT6/ref=sr_1_181?dib=eyJ2IjoiMSJ9.e3mHaGBfLDg4_pvsRC3YdYsmPPlCLf7ifZYjqg9Ic38yFvjByyCTr60eDB8wv-C4mTeBE8_WC5v41u7IReq2mA.g9uzilFow7CDcYHY54DcxZLOJSRxq--BnvROaYGeeKM&dib_tag=se&m=A1YKPOZG28EHWI&marketplaceID=A19VAU5U5O7RUS&qid=1776421187&refinements=p_36%3A21000-21500&s=merchant-items&sr=1-181&xpid=TGKT6sk2-GK0A#customerReviews,"KNIPEX Tools - Electronics Diagonal Cutters With Carbide Metal Cutting Edges, Multi-Component (7702120H)"
B00F9WVNT6,,,,
B00EONDHC2,,210.66,https://www.amazon.sg/Mellanox-MCX354A-QCBT-Connectx-3-Network-Ethernet/dp/B00EONDHC2/ref=sr_1_177?dib=eyJ2IjoiMSJ9.nm6DzGfGl9kaunITMqbtczOulTgrVe5kpOHMzcLiBqE4qVEsRQHdmPcfU8I-KM-cPBaCMT2vD7O8y_cylgVJmgtiL8a_3ZqD_JBqdgt7VD7jEjbG7p_1yHfrDo9PbVuZnwI0ngNdxzhm3Hu2IVZlsQYFUwkW1NTSiJVR3X03K1o.jt3C6SsyOMWYR-AhPUaH7qrZ_3FTZMc4EWzp_fpJQeg&dib_tag=se&m=A1YKPOZG28EHWI&marketplaceID=A19VAU5U5O7RUS&qid=1776421187&refinements=p_36%3A21000-21500&s=merchant-items&sr=1-177&xpid=TGKT6sk2-GK0A,Mellanox MCX354A-QCBT Connectx-3 Vpi Network Adapter 2 Ports PCI Express 3.0 X8 40 Gigabit Ethernet
B00EONDHC2,,,,
B00DRRJFLS,,212.75,https://www.amazon.sg/Sonic-Beat-Sonic-Q-BanKIT-sucker-QBG15/dp/B00DRRJFLS/ref=sr_1_178?dib=eyJ2IjoiMSJ9.nm6DzGfGl9kaunITMqbtczOulTgrVe5kpOHMzcLiBqE4qVEsRQHdmPcfU8I-KM-cPBaCMT2vD7O8y_cylgVJmgtiL8a_3ZqD_JBqdgt7VD7jEjbG7p_1yHfrDo9PbVuZnwI0ngNdxzhm3Hu2IVZlsQYFUwkW1NTSiJVR3X03K1o.jt3C6SsyOMWYR-AhPUaH7qrZ_3FTZMc4EWzp_fpJQeg&dib_tag=se&m=A1YKPOZG28EHWI&marketplaceID=A19VAU5U5O7RUS&qid=1776421187&refinements=p_36%3A21000-21500&s=merchant-items&sr=1-178&xpid=TGKT6sk2-GK0A#customerReviews,Beat Sonic (Beat-Sonic) Q-BanKIT (sucker kit) stand 1DIN box type QBG15
B00DRRJFLS,,,,
B00CERJCQU,,210.06,https://www.amazon.sg/Yakitori-Lanterns-Boasting-Flavor-Length/dp/B00CERJCQU/ref=sr_1_179?dib=eyJ2IjoiMSJ9.nm6DzGfGl9kaunITMqbtczOulTgrVe5kpOHMzcLiBqE4qVEsRQHdmPcfU8I-KM-cPBaCMT2vD7O8y_cylgVJmgtiL8a_3ZqD_JBqdgt7VD7jEjbG7p_1yHfrDo9PbVuZnwI0ngNdxzhm3Hu2IVZlsQYFUwkW1NTSiJVR3X03K1o.jt3C6SsyOMWYR-AhPUaH7qrZ_3FTZMc4EWzp_fpJQeg&dib_tag=se&m=A1YKPOZG28EHWI&marketplaceID=A19VAU5U5O7RUS&qid=1776421187&refinements=p_36%3A21000-21500&s=merchant-items&sr=1-179&xpid=TGKT6sk2-GK0A,Yakitori Vinyl Lanterns (Boasting a Flavor) No. 15 Length 312
B00CERJCQU,,,,
B00BRS3BLY,,220.93,https://www.amazon.sg/BEST-BRASS-EB3-FHR-EBAS-French/dp/B00BRS3BLY/ref=sr_1_180?dib=eyJ2IjoiMSJ9.nm6DzGfGl9kaunITMqbtczOulTgrVe5kpOHMzcLiBqE4qVEsRQHdmPcfU8I-KM-cPBaCMT2vD7O8y_cylgVJmgtiL8a_3ZqD_JBqdgt7VD7jEjbG7p_1yHfrDo9PbVuZnwI0ngNdxzhm3Hu2IVZlsQYFUwkW1NTSiJVR3X03K1o.jt3C6SsyOMWYR-AhPUaH7qrZ_3FTZMc4EWzp_fpJQeg&dib_tag=se&m=A1YKPOZG28EHWI&marketplaceID=A19VAU5U5O7RUS&qid=1776421187&refinements=p_36%3A21000-21500&s=merchant-items&sr=1-180&xpid=TGKT6sk2-GK0A#customerReviews,EB3-FHR for EBAS III French Horn
B00BRS3BLY,,,,
B00BKV9XTM,,213.09,https://www.amazon.sg/Horie-titanium-double-tumbler-booster/dp/B00BKV9XTM/ref=sr_1_181?dib=eyJ2IjoiMSJ9.nm6DzGfGl9kaunITMqbtczOulTgrVe5kpOHMzcLiBqE4qVEsRQHdmPcfU8I-KM-cPBaCMT2vD7O8y_cylgVJmgtiL8a_3ZqD_JBqdgt7VD7jEjbG7p_1yHfrDo9PbVuZnwI0ngNdxzhm3Hu2IVZlsQYFUwkW1NTSiJVR3X03K1o.jt3C6SsyOMWYR-AhPUaH7qrZ_3FTZMc4EWzp_fpJQeg&dib_tag=se&m=A1YKPOZG28EHWI&marketplaceID=A19VAU5U5O7RUS&qid=1776421187&refinements=p_36%3A21000-21500&s=merchant-items&sr=1-181&xpid=TGKT6sk2-GK0A,Horie titanium double tumbler booster cup 400 (japan import)
B00BKV9XTM,,,,
B00BCRUAFU,,211.17,https://www.amazon.sg/Hanshin-F-71-Nylon-Wader-Radial/dp/B00BCRUAFU/ref=sr_1_182?dib=eyJ2IjoiMSJ9.nm6DzGfGl9kaunITMqbtczOulTgrVe5kpOHMzcLiBqE4qVEsRQHdmPcfU8I-KM-cPBaCMT2vD7O8y_cylgVJmgtiL8a_3ZqD_JBqdgt7VD7jEjbG7p_1yHfrDo9PbVuZnwI0ngNdxzhm3Hu2IVZlsQYFUwkW1NTSiJVR3X03K1o.jt3C6SsyOMWYR-AhPUaH7qrZ_3FTZMc4EWzp_fpJQeg&dib_tag=se&m=A1YKPOZG28EHWI&marketplaceID=A19VAU5U5O7RUS&qid=1776421187&refinements=p_36%3A21000-21500&s=merchant-items&sr=1-182&xpid=TGKT6sk2-GK0A,"Hanshin Soji F-71 Nylon Wader, Radial Sole"
B00BCRUAFU,,,,
B00B4TN60C,,211.44,https://www.amazon.sg/Panduit-T38P-C0-Weather-Resistant-Polypropylene/dp/B00B4TN60C/ref=sr_1_183?dib=eyJ2IjoiMSJ9.nm6DzGfGl9kaunITMqbtczOulTgrVe5kpOHMzcLiBqE4qVEsRQHdmPcfU8I-KM-cPBaCMT2vD7O8y_cylgVJmgtiL8a_3ZqD_JBqdgt7VD7jEjbG7p_1yHfrDo9PbVuZnwI0ngNdxzhm3Hu2IVZlsQYFUwkW1NTSiJVR3X03K1o.jt3C6SsyOMWYR-AhPUaH7qrZ_3FTZMc4EWzp_fpJQeg&dib_tag=se&m=A1YKPOZG28EHWI&marketplaceID=A19VAU5U5O7RUS&qid=1776421187&refinements=p_36%3A21000-21500&s=merchant-items&sr=1-183&xpid=TGKT6sk2-GK0A,"Panduit T38P-C0 Spiral Wrap, Weather Resistant Polypropylene, 0.38"" x 100', Black"
B00B4TN60C,,,,
B00A875BQS,,213.66,https://www.amazon.sg/Protection-Racket-Frame-Drum-9522-00-U/dp/B00A875BQS/ref=sr_1_184?dib=eyJ2IjoiMSJ9.nm6DzGfGl9kaunITMqbtczOulTgrVe5kpOHMzcLiBqE4qVEsRQHdmPcfU8I-KM-cPBaCMT2vD7O8y_cylgVJmgtiL8a_3ZqD_JBqdgt7VD7jEjbG7p_1yHfrDo9PbVuZnwI0ngNdxzhm3Hu2IVZlsQYFUwkW1NTSiJVR3X03K1o.jt3C6SsyOMWYR-AhPUaH7qrZ_3FTZMc4EWzp_fpJQeg&dib_tag=se&m=A1YKPOZG28EHWI&marketplaceID=A19VAU5U5O7RUS&qid=1776421187&refinements=p_36%3A21000-21500&s=merchant-items&sr=1-184&xpid=TGKT6sk2-GK0A,"Protection Racket 22"" X 2.5"" Frame Drum Case (9522-00-U)"
B00A875BQS,,,,
B0084Y3YZC,,211.35,https://www.amazon.sg/Fukui-Craft-Chopsticks-Stainless-Yakiniku/dp/B0084Y3YZC/ref=sr_1_185?dib=eyJ2IjoiMSJ9.nm6DzGfGl9kaunITMqbtczOulTgrVe5kpOHMzcLiBqE4qVEsRQHdmPcfU8I-KM-cPBaCMT2vD7O8y_cylgVJmgtiL8a_3ZqD_JBqdgt7VD7jEjbG7p_1yHfrDo9PbVuZnwI0ngNdxzhm3Hu2IVZlsQYFUwkW1NTSiJVR3X03K1o.jt3C6SsyOMWYR-AhPUaH7qrZ_3FTZMc4EWzp_fpJQeg&dib_tag=se&m=A1YKPOZG28EHWI&marketplaceID=A19VAU5U5O7RUS&qid=1776421187&refinements=p_36%3A21000-21500&s=merchant-items&sr=1-185&xpid=TGKT6sk2-GK0A,"Fukui Craft Chopsticks, Stainless Steel Metal Chopsticks for Yakiniku Direct Fire, Made in Japan, Chopsticks Tip, Aluminum, Yakiniku Chopsticks, Anodized Finish, Black, 9.8 inches (25 cm)"
B0084Y3YZC,,,,
B0084Y016M,,214.5,https://www.amazon.sg/Seisakusho-GTK09-Takoyaki-Octopus-Casting/dp/B0084Y016M/ref=sr_1_186?dib=eyJ2IjoiMSJ9.nm6DzGfGl9kaunITMqbtczOulTgrVe5kpOHMzcLiBqE4qVEsRQHdmPcfU8I-KM-cPBaCMT2vD7O8y_cylgVJmgtiL8a_3ZqD_JBqdgt7VD7jEjbG7p_1yHfrDo9PbVuZnwI0ngNdxzhm3Hu2IVZlsQYFUwkW1NTSiJVR3X03K1o.jt3C6SsyOMWYR-AhPUaH7qrZ_3FTZMc4EWzp_fpJQeg&dib_tag=se&m=A1YKPOZG28EHWI&marketplaceID=A19VAU5U5O7RUS&qid=1776421187&refinements=p_36%3A21000-21500&s=merchant-items&sr=1-186&xpid=TGKT6sk2-GK0A,"Sanwa Seiki Seisakusho GTK09 Iron Plate for Takoyaki, 18 Holes (Large Octopus Waki), Iron Casting"
B0084Y016M,,,,
B007VI3WOK,,210.0,https://www.amazon.sg/Kitaco-403-070000-Capacity-Discharge-Injector/dp/B007VI3WOK/ref=sr_1_187?dib=eyJ2IjoiMSJ9.nm6DzGfGl9kaunITMqbtczOulTgrVe5kpOHMzcLiBqE4qVEsRQHdmPcfU8I-KM-cPBaCMT2vD7O8y_cylgVJmgtiL8a_3ZqD_JBqdgt7VD7jEjbG7p_1yHfrDo9PbVuZnwI0ngNdxzhm3Hu2IVZlsQYFUwkW1NTSiJVR3X03K1o.jt3C6SsyOMWYR-AhPUaH7qrZ_3FTZMc4EWzp_fpJQeg&dib_tag=se&m=A1YKPOZG28EHWI&marketplaceID=A19VAU5U5O7RUS&qid=1776421187&refinements=p_36%3A21000-21500&s=merchant-items&sr=1-187&xpid=TGKT6sk2-GK0A#customerReviews,Kitaco 403-070000 High Capacity Discharge Pump Injector Address V125 / Address V125 G/Address V125S etc
B007VI3WOK,,,,
B007H2XJ0M,,211.9,https://www.amazon.sg/Daito-Press-DT-205-Mirror-inches/dp/B007H2XJ0M/ref=sr_1_193?dib=eyJ2IjoiMSJ9.0PAyv-CL3Mb4_oyUp-osFQbdm7u_hw8Sn28v-BBCjEBzDmUBKT4cJof854pgl2SJ07y64U2qlRhAEOAOH8cmwA.Via1s-cVI-flS0C5luK1ZwiAS0rkZ3gSd8SEDTdjTtc&dib_tag=se&m=A1YKPOZG28EHWI&marketplaceID=A19VAU5U5O7RUS&qid=1776421192&refinements=p_36%3A21000-21500&s=merchant-items&sr=1-193&xpid=TGKT6sk2-GK0A,"Daito Press DT-205 Room Mirror, Door 12.0 x 6.2 inches (308 x 158 mm)"
B007H2XJ0M,,,,
B0076AZXHM,,210.91,https://www.amazon.sg/Panduit-CMPHF2-Horizontal-Management-D-Ring/dp/B0076AZXHM/ref=sr_1_194?dib=eyJ2IjoiMSJ9.0PAyv-CL3Mb4_oyUp-osFQbdm7u_hw8Sn28v-BBCjEBzDmUBKT4cJof854pgl2SJ07y64U2qlRhAEOAOH8cmwA.Via1s-cVI-flS0C5luK1ZwiAS0rkZ3gSd8SEDTdjTtc&dib_tag=se&m=A1YKPOZG28EHWI&marketplaceID=A19VAU5U5O7RUS&qid=1776421192&refinements=p_36%3A21000-21500&s=merchant-items&sr=1-194&xpid=TGKT6sk2-GK0A,"Panduit CMPHF2 Horizontal Cable Management D-Ring, Black"
B0076AZXHM,,,,
B00762GUEK,,211.57,https://www.amazon.sg/8NV-55L150-Impact-Socket-1-inch-inches/dp/B00762GUEK/ref=sr_1_195?dib=eyJ2IjoiMSJ9.0PAyv-CL3Mb4_oyUp-osFQbdm7u_hw8Sn28v-BBCjEBzDmUBKT4cJof854pgl2SJ07y64U2qlRhAEOAOH8cmwA.Via1s-cVI-flS0C5luK1ZwiAS0rkZ3gSd8SEDTdjTtc&dib_tag=se&m=A1YKPOZG28EHWI&marketplaceID=A19VAU5U5O7RUS&qid=1776421192&refinements=p_36%3A21000-21500&s=merchant-items&sr=1-195&xpid=TGKT6sk2-GK0A#customerReviews,"Tone 8NV-55L150 Ultra Long Impact Socket 1-inch (25.4 mm) Drive, Width 2.2 inches (55 mm)"
B00762GUEK,,,,
B0074PCX2C,,210.52,https://www.amazon.sg/Raymarine-Adapter-Cable-Nmea-Rj45/dp/B0074PCX2C/ref=sr_1_196?dib=eyJ2IjoiMSJ9.0PAyv-CL3Mb4_oyUp-osFQbdm7u_hw8Sn28v-BBCjEBzDmUBKT4cJof854pgl2SJ07y64U2qlRhAEOAOH8cmwA.Via1s-cVI-flS0C5luK1ZwiAS0rkZ3gSd8SEDTdjTtc&dib_tag=se&m=A1YKPOZG28EHWI&marketplaceID=A19VAU5U5O7RUS&qid=1776421192&refinements=p_36%3A21000-21500&s=merchant-items&sr=1-196&xpid=TGKT6sk2-GK0A#customerReviews,"Raymarine Adapter Cable Ray Net To Nmea Rj45, 1m"
B0074PCX2C,,,,
B0065ARJ94,,211.39,https://www.amazon.sg/Lemnos-small-clock-WR11-05/dp/B0065ARJ94/ref=sr_1_197?dib=eyJ2IjoiMSJ9.0PAyv-CL3Mb4_oyUp-osFQbdm7u_hw8Sn28v-BBCjEBzDmUBKT4cJof854pgl2SJ07y64U2qlRhAEOAOH8cmwA.Via1s-cVI-flS0C5luK1ZwiAS0rkZ3gSd8SEDTdjTtc&dib_tag=se&m=A1YKPOZG28EHWI&marketplaceID=A19VAU5U5O7RUS&qid=1776421192&refinements=p_36%3A21000-21500&s=merchant-items&sr=1-197&xpid=TGKT6sk2-GK0A,Lemnos small clock WR11-05 WR11-05
B0065ARJ94,,,,
B005FD3TYQ,,218.95,https://www.amazon.sg/TOEI-LIGHT-G1236-Storage-Included/dp/B005FD3TYQ/ref=sr_1_193?dib=eyJ2IjoiMSJ9.Z_0C_bRmwWB9XM8QAHP8tAZXRYGWGuAndmexj8D-NpS2WWCnZgB7jhgxS8QeHxotI_TLbFsczgEHqcbIxKn0OL8C_YHH7Hwd0NX-7otUdlUEB7QnrGapNeZb-aosPj52XznzJnhecVqJfzdK6oe6rC1j64WfTt74LINFWoUSqdc.wK2aiJjnNTLne_t4QSOkrYFC-6LI9U1XjG7HiNci-i8&dib_tag=se&m=A1YKPOZG28EHWI&marketplaceID=A19VAU5U5O7RUS&qid=1776421192&refinements=p_36%3A21000-21500&s=merchant-items&sr=1-193&xpid=TGKT6sk2-GK0A,"TOEI LIGHT G1236 Color Speed Ladder, Length 8.9 ft (2.6 m) x 4, Plate 4 Colors (Blue, Green, Red, Yellow), 7 Each, Plate Width 19.7 inches (50 cm), Storage Bag Included"
B005FD3TYQ,,,,
B004SCW3N8,,234.53,https://www.amazon.sg/Super-Power-Pusher-Test-Load/dp/B004SCW3N8/ref=sr_1_194?dib=eyJ2IjoiMSJ9.Z_0C_bRmwWB9XM8QAHP8tAZXRYGWGuAndmexj8D-NpS2WWCnZgB7jhgxS8QeHxotI_TLbFsczgEHqcbIxKn0OL8C_YHH7Hwd0NX-7otUdlUEB7QnrGapNeZb-aosPj52XznzJnhecVqJfzdK6oe6rC1j64WfTt74LINFWoUSqdc.wK2aiJjnNTLne_t4QSOkrYFC-6LI9U1XjG7HiNci-i8&dib_tag=se&m=A1YKPOZG28EHWI&marketplaceID=A19VAU5U5O7RUS&qid=1776421192&refinements=p_36%3A21000-21500&s=merchant-items&sr=1-194&xpid=TGKT6sk2-GK0A#customerReviews,"Super Power Pusher (Test Load: 80K / N), Stroke: 0.6 inches (15 mm) SW8N"
B004SCW3N8,,,,
B004OU8ZVS,,211.76,https://www.amazon.sg/DAIWA-SU700-Cooler-Fishing-Liters/dp/B004OU8ZVS/ref=sr_1_195?dib=eyJ2IjoiMSJ9.Z_0C_bRmwWB9XM8QAHP8tAZXRYGWGuAndmexj8D-NpS2WWCnZgB7jhgxS8QeHxotI_TLbFsczgEHqcbIxKn0OL8C_YHH7Hwd0NX-7otUdlUEB7QnrGapNeZb-aosPj52XznzJnhecVqJfzdK6oe6rC1j64WfTt74LINFWoUSqdc.wK2aiJjnNTLne_t4QSOkrYFC-6LI9U1XjG7HiNci-i8&dib_tag=se&m=A1YKPOZG28EHWI&marketplaceID=A19VAU5U5O7RUS&qid=1776421192&refinements=p_36%3A21000-21500&s=merchant-items&sr=1-195&xpid=TGKT6sk2-GK0A#customerReviews,"DAIWA SU700/ZS700 Cooler Box, 7 Liters"
B004OU8ZVS,,,,
B004IKMMG8,,213.87,https://www.amazon.sg/KOKEN-inches-Impact-Socket-18301M-55/dp/B004IKMMG8/ref=sr_1_196?dib=eyJ2IjoiMSJ9.Z_0C_bRmwWB9XM8QAHP8tAZXRYGWGuAndmexj8D-NpS2WWCnZgB7jhgxS8QeHxotI_TLbFsczgEHqcbIxKn0OL8C_YHH7Hwd0NX-7otUdlUEB7QnrGapNeZb-aosPj52XznzJnhecVqJfzdK6oe6rC1j64WfTt74LINFWoUSqdc.wK2aiJjnNTLne_t4QSOkrYFC-6LI9U1XjG7HiNci-i8&dib_tag=se&m=A1YKPOZG28EHWI&marketplaceID=A19VAU5U5O7RUS&qid=1776421192&refinements=p_36%3A21000-21500&s=merchant-items&sr=1-196&xpid=TGKT6sk2-GK0A,KOKEN 1 (1.0 inches (25.4 mm) SQ. Impact Hex Deep Socket (Thin Wall) 2.2 inches (55 mm) 18301M-55
B004IKMMG8,,,,
B004D2FWM2,,217.99,https://www.amazon.sg/EBM-Molybdenum-Tapered-Pan-inches/dp/B004D2FWM2/ref=sr_1_197?dib=eyJ2IjoiMSJ9.Z_0C_bRmwWB9XM8QAHP8tAZXRYGWGuAndmexj8D-NpS2WWCnZgB7jhgxS8QeHxotI_TLbFsczgEHqcbIxKn0OL8C_YHH7Hwd0NX-7otUdlUEB7QnrGapNeZb-aosPj52XznzJnhecVqJfzdK6oe6rC1j64WfTt74LINFWoUSqdc.wK2aiJjnNTLne_t4QSOkrYFC-6LI9U1XjG7HiNci-i8&dib_tag=se&m=A1YKPOZG28EHWI&marketplaceID=A19VAU5U5O7RUS&qid=1776421192&refinements=p_36%3A21000-21500&s=merchant-items&sr=1-197&xpid=TGKT6sk2-GK0A,"EBM Molybdenum II Tapered Pan, 8.3 inches (21 cm)"
B004D2FWM2,,,,
B004D2ELDS,,210.94,https://www.amazon.sg/M30-413-Gold-Paper-Laminate-Sheets/dp/B004D2ELDS/ref=sr_1_198?dib=eyJ2IjoiMSJ9.Z_0C_bRmwWB9XM8QAHP8tAZXRYGWGuAndmexj8D-NpS2WWCnZgB7jhgxS8QeHxotI_TLbFsczgEHqcbIxKn0OL8C_YHH7Hwd0NX-7otUdlUEB7QnrGapNeZb-aosPj52XznzJnhecVqJfzdK6oe6rC1j64WfTt74LINFWoUSqdc.wK2aiJjnNTLne_t4QSOkrYFC-6LI9U1XjG7HiNci-i8&dib_tag=se&m=A1YKPOZG28EHWI&marketplaceID=A19VAU5U5O7RUS&qid=1776421192&refinements=p_36%3A21000-21500&s=merchant-items&sr=1-198&xpid=TGKT6sk2-GK0A,"Min M30-413 Gold Foil Paper Laminate, Blue, 500 Sheets"
B004D2ELDS,,,,
B004D2710I,,210.23,https://www.amazon.sg/M30-423-Paper-Laminate-Peach-Sheets/dp/B004D2710I/ref=sr_1_199?dib=eyJ2IjoiMSJ9.Z_0C_bRmwWB9XM8QAHP8tAZXRYGWGuAndmexj8D-NpS2WWCnZgB7jhgxS8QeHxotI_TLbFsczgEHqcbIxKn0OL8C_YHH7Hwd0NX-7otUdlUEB7QnrGapNeZb-aosPj52XznzJnhecVqJfzdK6oe6rC1j64WfTt74LINFWoUSqdc.wK2aiJjnNTLne_t4QSOkrYFC-6LI9U1XjG7HiNci-i8&dib_tag=se&m=A1YKPOZG28EHWI&marketplaceID=A19VAU5U5O7RUS&qid=1776421192&refinements=p_36%3A21000-21500&s=merchant-items&sr=1-199&xpid=TGKT6sk2-GK0A,"Min M30-423 Gold Foil Paper Laminate, Peach (500 Sheets)"
B004D2710I,,,,
B002YMPZOS,,210.14,https://www.amazon.sg/Hallstatt-Violin-V-12-Regular-Size/dp/B002YMPZOS/ref=sr_1_200?dib=eyJ2IjoiMSJ9.Z_0C_bRmwWB9XM8QAHP8tAZXRYGWGuAndmexj8D-NpS2WWCnZgB7jhgxS8QeHxotI_TLbFsczgEHqcbIxKn0OL8C_YHH7Hwd0NX-7otUdlUEB7QnrGapNeZb-aosPj52XznzJnhecVqJfzdK6oe6rC1j64WfTt74LINFWoUSqdc.wK2aiJjnNTLne_t4QSOkrYFC-6LI9U1XjG7HiNci-i8&dib_tag=se&m=A1YKPOZG28EHWI&marketplaceID=A19VAU5U5O7RUS&qid=1776421192&refinements=p_36%3A21000-21500&s=merchant-items&sr=1-200&xpid=TGKT6sk2-GK0A#customerReviews,Hallstatt Hallstatt Violin V-12 4/4 Violin (Regular Size)
B002YMPZOS,,,,
B002UICD6E,,212.07,https://www.amazon.sg/Nakabayashi-BMP-E02H-Printer-Documents-Sheets/dp/B002UICD6E/ref=sr_1_201?dib=eyJ2IjoiMSJ9.Z_0C_bRmwWB9XM8QAHP8tAZXRYGWGuAndmexj8D-NpS2WWCnZgB7jhgxS8QeHxotI_TLbFsczgEHqcbIxKn0OL8C_YHH7Hwd0NX-7otUdlUEB7QnrGapNeZb-aosPj52XznzJnhecVqJfzdK6oe6rC1j64WfTt74LINFWoUSqdc.wK2aiJjnNTLne_t4QSOkrYFC-6LI9U1XjG7HiNci-i8&dib_tag=se&m=A1YKPOZG28EHWI&marketplaceID=A19VAU5U5O7RUS&qid=1776421192&refinements=p_36%3A21000-21500&s=merchant-items&sr=1-201&xpid=TGKT6sk2-GK0A,"Nakabayashi BMP-E02H Printer Paper, Cut Documents, A4, 2 Sides, 4 Holes, Plain, 1000 Sheets"
B002UICD6E,,,,
B002TF192W,,211.47,https://www.amazon.sg/Socket-Impact-12AH-32-Insertion-inches/dp/B002TF192W/ref=sr_1_202?dib=eyJ2IjoiMSJ9.Z_0C_bRmwWB9XM8QAHP8tAZXRYGWGuAndmexj8D-NpS2WWCnZgB7jhgxS8QeHxotI_TLbFsczgEHqcbIxKn0OL8C_YHH7Hwd0NX-7otUdlUEB7QnrGapNeZb-aosPj52XznzJnhecVqJfzdK6oe6rC1j64WfTt74LINFWoUSqdc.wK2aiJjnNTLne_t4QSOkrYFC-6LI9U1XjG7HiNci-i8&dib_tag=se&m=A1YKPOZG28EHWI&marketplaceID=A19VAU5U5O7RUS&qid=1776421192&refinements=p_36%3A21000-21500&s=merchant-items&sr=1-202&xpid=TGKT6sk2-GK0A,"Tone Hex Socket for Impact 12AH-32, Insertion Angle 1.5 inches (38.1 mm), Width 1.3 inches (32 mm)"
B002TF192W,,,,
B002P88G8S,,214.68,https://www.amazon.sg/PWB600-Bowling-Grout-Wrench-inches/dp/B002P88G8S/ref=sr_1_203?dib=eyJ2IjoiMSJ9.Z_0C_bRmwWB9XM8QAHP8tAZXRYGWGuAndmexj8D-NpS2WWCnZgB7jhgxS8QeHxotI_TLbFsczgEHqcbIxKn0OL8C_YHH7Hwd0NX-7otUdlUEB7QnrGapNeZb-aosPj52XznzJnhecVqJfzdK6oe6rC1j64WfTt74LINFWoUSqdc.wK2aiJjnNTLne_t4QSOkrYFC-6LI9U1XjG7HiNci-i8&dib_tag=se&m=A1YKPOZG28EHWI&marketplaceID=A19VAU5U5O7RUS&qid=1776421192&refinements=p_36%3A21000-21500&s=merchant-items&sr=1-203&xpid=TGKT6sk2-GK0A,HIT PWB600 Bowling Grout Pipe Wrench 23.6 inches (600 mm)
B002P88G8S,,,,
B002P7ZCSQ,,212.39,https://www.amazon.sg/Tohnichi-Torque-Screwdriver-FTD100CN2-S-10-100cNm/dp/B002P7ZCSQ/ref=sr_1_209?dib=eyJ2IjoiMSJ9.3E6W3t6r15cM4Dcyi70DOykIViJzYqNYELvWxXGE26Nj8To3IdIwMhccz-BsTdRks9hXnp9sPoc1Iw6wlugTlg.0GqhP-G1E7Heqs7RrtIBhfbNMoXy5utu8mWuObkFTNI&dib_tag=se&m=A1YKPOZG28EHWI&marketplaceID=A19VAU5U5O7RUS&qid=1776421198&refinements=p_36%3A21000-21500&s=merchant-items&sr=1-209&xpid=TGKT6sk2-GK0A#customerReviews,Tohnichi Dial Torque Screwdriver FTD100CN2-S (10~100cNm) by Tohnichi
B002P7ZCSQ,,,,
B002P7WC0C,,222.03,https://www.amazon.sg/Tohnichi-Torque-Screwdriver-FTD50CN2-S-5-50cNm/dp/B002P7WC0C/ref=sr_1_210?dib=eyJ2IjoiMSJ9.3E6W3t6r15cM4Dcyi70DOykIViJzYqNYELvWxXGE26Nj8To3IdIwMhccz-BsTdRks9hXnp9sPoc1Iw6wlugTlg.0GqhP-G1E7Heqs7RrtIBhfbNMoXy5utu8mWuObkFTNI&dib_tag=se&m=A1YKPOZG28EHWI&marketplaceID=A19VAU5U5O7RUS&qid=1776421198&refinements=p_36%3A21000-21500&s=merchant-items&sr=1-210&xpid=TGKT6sk2-GK0A#customerReviews,Tohnichi dial Torque Screwdriver FTD50CN2-S (5~50cNm)
B002P7WC0C,,,,
B002G6J2UK,,213.88,https://www.amazon.sg/%E6%96%B0%E6%BD%9F%E7%B2%BE%E6%A9%9F-Niigataseiki-CDI10-CDI-10/dp/B002G6J2UK/ref=sr_1_211?dib=eyJ2IjoiMSJ9.3E6W3t6r15cM4Dcyi70DOykIViJzYqNYELvWxXGE26Nj8To3IdIwMhccz-BsTdRks9hXnp9sPoc1Iw6wlugTlg.0GqhP-G1E7Heqs7RrtIBhfbNMoXy5utu8mWuObkFTNI&dib_tag=se&m=A1YKPOZG28EHWI&marketplaceID=A19VAU5U5O7RUS&qid=1776421198&refinements=p_36%3A21000-21500&s=merchant-items&sr=1-211&xpid=TGKT6sk2-GK0A,CDI-10
B002G6J2UK,,,,
B002A5QG4M,,227.69,https://www.amazon.sg/TRUSCO-P-DF5020-6A-400-Diamond-Diameter-Inches/dp/B002A5QG4M/ref=sr_1_212?dib=eyJ2IjoiMSJ9.3E6W3t6r15cM4Dcyi70DOykIViJzYqNYELvWxXGE26Nj8To3IdIwMhccz-BsTdRks9hXnp9sPoc1Iw6wlugTlg.0GqhP-G1E7Heqs7RrtIBhfbNMoXy5utu8mWuObkFTNI&dib_tag=se&m=A1YKPOZG28EHWI&marketplaceID=A19VAU5U5O7RUS&qid=1776421198&refinements=p_36%3A21000-21500&s=merchant-items&sr=1-212&xpid=TGKT6sk2-GK0A,"TRUSCO P-DF5020-6A-400 Flap Wheel with Diamond Shaft, All Diamond, Diameter 2.0 x Shaft Diameter 0.2 Inches (50 x 6 mm), 15.7 Inches (400 mm)"
B002A5QG4M,,,,
B002A5Q92Q,,214.81,https://www.amazon.sg/Trusco-TMIS5/dp/B002A5Q92Q/ref=sr_1_213?dib=eyJ2IjoiMSJ9.3E6W3t6r15cM4Dcyi70DOykIViJzYqNYELvWxXGE26Nj8To3IdIwMhccz-BsTdRks9hXnp9sPoc1Iw6wlugTlg.0GqhP-G1E7Heqs7RrtIBhfbNMoXy5utu8mWuObkFTNI&dib_tag=se&m=A1YKPOZG28EHWI&marketplaceID=A19VAU5U5O7RUS&qid=1776421198&refinements=p_36%3A21000-21500&s=merchant-items&sr=1-213&xpid=TGKT6sk2-GK0A,TMIS5
B002A5Q92Q,,,,
B00215XF3G,,213.94,https://www.amazon.sg/Yamazaki-Sangyo-Cleaning-Supplies-Thickline/dp/B00215XF3G/ref=sr_1_209?dib=eyJ2IjoiMSJ9.7f_DDa3WAY14uAkkxq-oxHESsxXu-0JKdej4CGas1ajW7zwa7R2uFBdlC-GUvgUtoX0ogx8RAkFSL1nKsAd3WuVDSXnzlt5yQjIRXeXloAwQAFCsB4uai-lgyHwBcdNlcZas-GNqHOO0uJglxRdvGttnpqBDOHiKLMSTHUnErPs.2md_jqpstB-UZwTx_qt7OFCTNRwNPPpUuF0yilra0Fw&dib_tag=se&m=A1YKPOZG28EHWI&marketplaceID=A19VAU5U5O7RUS&qid=1776421198&refinements=p_36%3A21000-21500&s=merchant-items&sr=1-209&xpid=TGKT6sk2-GK0A,"Yamazaki Sangyo Cleaning Supplies, Thickline Floor Pad 13, Black (For Complete Peeling)"
B00215XF3G,,,,
B001UJMFFI,,213.34,https://www.amazon.sg/ABC8836-Commercial-Stainless-Antibacterial-Special/dp/B001UJMFFI/ref=sr_1_210?dib=eyJ2IjoiMSJ9.7f_DDa3WAY14uAkkxq-oxHESsxXu-0JKdej4CGas1ajW7zwa7R2uFBdlC-GUvgUtoX0ogx8RAkFSL1nKsAd3WuVDSXnzlt5yQjIRXeXloAwQAFCsB4uai-lgyHwBcdNlcZas-GNqHOO0uJglxRdvGttnpqBDOHiKLMSTHUnErPs.2md_jqpstB-UZwTx_qt7OFCTNRwNPPpUuF0yilra0Fw&dib_tag=se&m=A1YKPOZG28EHWI&marketplaceID=A19VAU5U5O7RUS&qid=1776421198&refinements=p_36%3A21000-21500&s=merchant-items&sr=1-210&xpid=TGKT6sk2-GK0A,"Endo Shoji ABC8836 TKG Ball, For Commercial Use, 13.0 inches (33 cm), Green, 18-8 Stainless Steel, Antibacterial Agent, Special Baked Coating, Made in Japan"
B001UJMFFI,,,,
B001U0II3K,,214.0,https://www.amazon.sg/Three-Antibacterial-Stainless-Angle-Japan/dp/B001U0II3K/ref=sr_1_211?dib=eyJ2IjoiMSJ9.7f_DDa3WAY14uAkkxq-oxHESsxXu-0JKdej4CGas1ajW7zwa7R2uFBdlC-GUvgUtoX0ogx8RAkFSL1nKsAd3WuVDSXnzlt5yQjIRXeXloAwQAFCsB4uai-lgyHwBcdNlcZas-GNqHOO0uJglxRdvGttnpqBDOHiKLMSTHUnErPs.2md_jqpstB-UZwTx_qt7OFCTNRwNPPpUuF0yilra0Fw&dib_tag=se&m=A1YKPOZG28EHWI&marketplaceID=A19VAU5U5O7RUS&qid=1776421198&refinements=p_36%3A21000-21500&s=merchant-items&sr=1-211&xpid=TGKT6sk2-GK0A,You Take Three Ikd Antibacterial Stainless Angle Bat (Japan Import)
B001U0II3K,,,,
B001U0EYDS,,213.99,https://www.amazon.sg/clover-press-large-yakumi-entry/dp/B001U0EYDS/ref=sr_1_212?dib=eyJ2IjoiMSJ9.7f_DDa3WAY14uAkkxq-oxHESsxXu-0JKdej4CGas1ajW7zwa7R2uFBdlC-GUvgUtoX0ogx8RAkFSL1nKsAd3WuVDSXnzlt5yQjIRXeXloAwQAFCsB4uai-lgyHwBcdNlcZas-GNqHOO0uJglxRdvGttnpqBDOHiKLMSTHUnErPs.2md_jqpstB-UZwTx_qt7OFCTNRwNPPpUuF0yilra0Fw&dib_tag=se&m=A1YKPOZG28EHWI&marketplaceID=A19VAU5U5O7RUS&qid=1776421198&refinements=p_36%3A21000-21500&s=merchant-items&sr=1-212&xpid=TGKT6sk2-GK0A,clover 18-8 press large yakumi 4 entry angle
B001U0EYDS,,,,
B001T149J2,,215.0,https://www.amazon.sg/Endoshoji-AZT0722-Professional-Compatible-Induction/dp/B001T149J2/ref=sr_1_213?dib=eyJ2IjoiMSJ9.7f_DDa3WAY14uAkkxq-oxHESsxXu-0JKdej4CGas1ajW7zwa7R2uFBdlC-GUvgUtoX0ogx8RAkFSL1nKsAd3WuVDSXnzlt5yQjIRXeXloAwQAFCsB4uai-lgyHwBcdNlcZas-GNqHOO0uJglxRdvGttnpqBDOHiKLMSTHUnErPs.2md_jqpstB-UZwTx_qt7OFCTNRwNPPpUuF0yilra0Fw&dib_tag=se&m=A1YKPOZG28EHWI&marketplaceID=A19VAU5U5O7RUS&qid=1776421198&refinements=p_36%3A21000-21500&s=merchant-items&sr=1-213&xpid=TGKT6sk2-GK0A#customerReviews,"Endoshoji AZT0722 Professional Plastic Pattern, Thick Plate, Utility Pot, 8.7 inches (22 cm), Compatible with Induction Cookers, Main Unit: 18-0 Stainless Steel, Lid 18-8 Stainless Steel, Made in"
B001T149J2,,,,
B001P11SCM,,211.8,https://www.amazon.sg/Tekonsha-90160-Primus-Electronic-Control/dp/B001P11SCM/ref=sr_1_214?dib=eyJ2IjoiMSJ9.7f_DDa3WAY14uAkkxq-oxHESsxXu-0JKdej4CGas1ajW7zwa7R2uFBdlC-GUvgUtoX0ogx8RAkFSL1nKsAd3WuVDSXnzlt5yQjIRXeXloAwQAFCsB4uai-lgyHwBcdNlcZas-GNqHOO0uJglxRdvGttnpqBDOHiKLMSTHUnErPs.2md_jqpstB-UZwTx_qt7OFCTNRwNPPpUuF0yilra0Fw&dib_tag=se&m=A1YKPOZG28EHWI&marketplaceID=A19VAU5U5O7RUS&qid=1776421198&refinements=p_36%3A21000-21500&s=merchant-items&sr=1-214&xpid=TGKT6sk2-GK0A#customerReviews,Tekonsha 90160 Primus IQ Electronic Brake Control
B001P11SCM,,,,
B001HWGKNG,,213.93,https://www.amazon.sg/Ridgid-63080-T220-Flue-Brush/dp/B001HWGKNG/ref=sr_1_215?dib=eyJ2IjoiMSJ9.7f_DDa3WAY14uAkkxq-oxHESsxXu-0JKdej4CGas1ajW7zwa7R2uFBdlC-GUvgUtoX0ogx8RAkFSL1nKsAd3WuVDSXnzlt5yQjIRXeXloAwQAFCsB4uai-lgyHwBcdNlcZas-GNqHOO0uJglxRdvGttnpqBDOHiKLMSTHUnErPs.2md_jqpstB-UZwTx_qt7OFCTNRwNPPpUuF0yilra0Fw&dib_tag=se&m=A1YKPOZG28EHWI&marketplaceID=A19VAU5U5O7RUS&qid=1776421198&refinements=p_36%3A21000-21500&s=merchant-items&sr=1-215&xpid=TGKT6sk2-GK0A,"Ridgid 63080 T220 Flue Brush, 2"""
B001HWGKNG,,,,
B001HQJ3S6,,212.0,https://www.amazon.sg/Tonichi-CL140NX15D-Preset-Torque-30-140Nm/dp/B001HQJ3S6/ref=sr_1_216?dib=eyJ2IjoiMSJ9.7f_DDa3WAY14uAkkxq-oxHESsxXu-0JKdej4CGas1ajW7zwa7R2uFBdlC-GUvgUtoX0ogx8RAkFSL1nKsAd3WuVDSXnzlt5yQjIRXeXloAwQAFCsB4uai-lgyHwBcdNlcZas-GNqHOO0uJglxRdvGttnpqBDOHiKLMSTHUnErPs.2md_jqpstB-UZwTx_qt7OFCTNRwNPPpUuF0yilra0Fw&dib_tag=se&m=A1YKPOZG28EHWI&marketplaceID=A19VAU5U5O7RUS&qid=1776421198&refinements=p_36%3A21000-21500&s=merchant-items&sr=1-216&xpid=TGKT6sk2-GK0A,"Tonichi CL140NX15D Preset Torque Wrench, 30-140Nm"
B001HQJ3S6,,,,
B001GCKP9W,,220.99,https://www.amazon.sg/STAUB-Grill-Round-27cm-Black/dp/B001GCKP9W/ref=sr_1_217?dib=eyJ2IjoiMSJ9.7f_DDa3WAY14uAkkxq-oxHESsxXu-0JKdej4CGas1ajW7zwa7R2uFBdlC-GUvgUtoX0ogx8RAkFSL1nKsAd3WuVDSXnzlt5yQjIRXeXloAwQAFCsB4uai-lgyHwBcdNlcZas-GNqHOO0uJglxRdvGttnpqBDOHiKLMSTHUnErPs.2md_jqpstB-UZwTx_qt7OFCTNRwNPPpUuF0yilra0Fw&dib_tag=se&m=A1YKPOZG28EHWI&marketplaceID=A19VAU5U5O7RUS&qid=1776421198&refinements=p_36%3A21000-21500&s=merchant-items&sr=1-217&xpid=TGKT6sk2-GK0A#customerReviews,STAUB Grill pan Round 27cm Black
B001GCKP9W,,,,
B001EQDV7I,,234.19,https://www.amazon.sg/KTC-TB4L10E/dp/B001EQDV7I/ref=sr_1_218?dib=eyJ2IjoiMSJ9.7f_DDa3WAY14uAkkxq-oxHESsxXu-0JKdej4CGas1ajW7zwa7R2uFBdlC-GUvgUtoX0ogx8RAkFSL1nKsAd3WuVDSXnzlt5yQjIRXeXloAwQAFCsB4uai-lgyHwBcdNlcZas-GNqHOO0uJglxRdvGttnpqBDOHiKLMSTHUnErPs.2md_jqpstB-UZwTx_qt7OFCTNRwNPPpUuF0yilra0Fw&dib_tag=se&m=A1YKPOZG28EHWI&marketplaceID=A19VAU5U5O7RUS&qid=1776421198&refinements=p_36%3A21000-21500&s=merchant-items&sr=1-218&xpid=TGKT6sk2-GK0A#customerReviews,TB4L10E
B001EQDV7I,,,,
B001EAAW4E,,213.37,https://www.amazon.sg/Gedore-Dremometer-Torque-prefijada-1947974/dp/B001EAAW4E/ref=sr_1_219?dib=eyJ2IjoiMSJ9.7f_DDa3WAY14uAkkxq-oxHESsxXu-0JKdej4CGas1ajW7zwa7R2uFBdlC-GUvgUtoX0ogx8RAkFSL1nKsAd3WuVDSXnzlt5yQjIRXeXloAwQAFCsB4uai-lgyHwBcdNlcZas-GNqHOO0uJglxRdvGttnpqBDOHiKLMSTHUnErPs.2md_jqpstB-UZwTx_qt7OFCTNRwNPPpUuF0yilra0Fw&dib_tag=se&m=A1YKPOZG28EHWI&marketplaceID=A19VAU5U5O7RUS&qid=1776421198&refinements=p_36%3A21000-21500&s=merchant-items&sr=1-219&xpid=TGKT6sk2-GK0A#customerReviews,"Gedore Dremometer T-FS Torque Wrench prefijada, 1947974"
B001EAAW4E,,,,
B001AX9QJW,,213.95,https://www.amazon.sg/Shinwa-Sokutei-70108-Digital-Separating/dp/B001AX9QJW/ref=sr_1_225?dib=eyJ2IjoiMSJ9.nvKIvt3pdk3M7eJzr3IeHtZpuA6jEV8LaZEeUWHaM2-k-P5ttgN54v_c2Rl1xEFC3AacE0MhcUoA40P1_8dbxQ.LPNZ83cEVrFqZZGtLA02peksMeMWgI2voAS73Sf5KKY&dib_tag=se&m=A1YKPOZG28EHWI&marketplaceID=A19VAU5U5O7RUS&qid=1776421203&refinements=p_36%3A21000-21500&s=merchant-items&sr=1-225&xpid=TGKT6sk2-GK0A,Shinwa Sokutei 70108 Digital Scale Separating 220.5 lbs (100 kg)
B001AX9QJW,,,,
B0012R6O64,,211.42,https://www.amazon.sg/Kokuyo-letter-horizontal-5-stage-LC-Y5M/dp/B0012R6O64/ref=sr_1_226?dib=eyJ2IjoiMSJ9.nvKIvt3pdk3M7eJzr3IeHtZpuA6jEV8LaZEeUWHaM2-k-P5ttgN54v_c2Rl1xEFC3AacE0MhcUoA40P1_8dbxQ.LPNZ83cEVrFqZZGtLA02peksMeMWgI2voAS73Sf5KKY&dib_tag=se&m=A1YKPOZG28EHWI&marketplaceID=A19VAU5U5O7RUS&qid=1776421203&refinements=p_36%3A21000-21500&s=merchant-items&sr=1-226&xpid=TGKT6sk2-GK0A#customerReviews,Kokuyo letter case steel drawer type A4 horizontal 5-stage light gray LC-Y5M
B0012R6O64,,,,
B0012R6O46,,210.16,https://www.amazon.sg/KOKUYO-Tate-hen-five-stage-LC-5M-Kokuyo/dp/B0012R6O46/ref=sr_1_227?dib=eyJ2IjoiMSJ9.nvKIvt3pdk3M7eJzr3IeHtZpuA6jEV8LaZEeUWHaM2-k-P5ttgN54v_c2Rl1xEFC3AacE0MhcUoA40P1_8dbxQ.LPNZ83cEVrFqZZGtLA02peksMeMWgI2voAS73Sf5KKY&dib_tag=se&m=A1YKPOZG28EHWI&marketplaceID=A19VAU5U5O7RUS&qid=1776421203&refinements=p_36%3A21000-21500&s=merchant-items&sr=1-227&xpid=TGKT6sk2-GK0A#customerReviews,KOKUYO A4 Tate-hen five-stage LC-5M Kokuyo letter case steel drawer (japan import)
B0012R6O46,,,,
B000YQP5W8,,212.41,https://www.amazon.sg/Bandai-Tamashii-Nations-Wyvern-Rhadamanthys/dp/B000YQP5W8/ref=sr_1_228?dib=eyJ2IjoiMSJ9.nvKIvt3pdk3M7eJzr3IeHtZpuA6jEV8LaZEeUWHaM2-k-P5ttgN54v_c2Rl1xEFC3AacE0MhcUoA40P1_8dbxQ.LPNZ83cEVrFqZZGtLA02peksMeMWgI2voAS73Sf5KKY&dib_tag=se&m=A1YKPOZG28EHWI&marketplaceID=A19VAU5U5O7RUS&qid=1776421203&refinements=p_36%3A21000-21500&s=merchant-items&sr=1-228&xpid=TGKT6sk2-GK0A#customerReviews,"Bandai Tamashii Nations Wyvern Rhadamanthys ""Saint Seiya"" - Bandai Saint Cloth Myth"
B000W9IVEQ,,211.99,https://www.amazon.sg/Shinwa-Sokutei-70102-Plate-Automatic/dp/B000W9IVEQ/ref=sr_1_229?dib=eyJ2IjoiMSJ9.nvKIvt3pdk3M7eJzr3IeHtZpuA6jEV8LaZEeUWHaM2-k-P5ttgN54v_c2Rl1xEFC3AacE0MhcUoA40P1_8dbxQ.LPNZ83cEVrFqZZGtLA02peksMeMWgI2voAS73Sf5KKY&dib_tag=se&m=A1YKPOZG28EHWI&marketplaceID=A19VAU5U5O7RUS&qid=1776421203&refinements=p_36%3A21000-21500&s=merchant-items&sr=1-229&xpid=TGKT6sk2-GK0A,"Shinwa Sokutei 70102 Top Plate Automatic Scale, 66.1 lbs (30 kg), Small"
B000W9IVEQ,,,,
B000TS7B9G,,210.24,https://www.amazon.sg/LEX25A0013-Lexmark-Standard-Staples-Xerox/dp/B000TS7B9G/ref=sr_1_225?dib=eyJ2IjoiMSJ9.aNPNsE7D7CBaYp12PPNp7Rg0V3uGuleDQBsHrcgjIl6ysuWjjlf8h1tEyAWqL6zOtRGzI5iA5-8NHJoUojsOrGbTksnPwLOvms53qW6PtsihDyZz8b5fADB0FpSOGYgnxX4TNV9Ipl1Sep5Qc728o74eQddIScvr0h-bfYD7j0U.vZGDl5vHvpx8Xn1CXlCydX7dXzEZpr2amH8g31BuUJ8&dib_tag=se&m=A1YKPOZG28EHWI&marketplaceID=A19VAU5U5O7RUS&qid=1776421203&refinements=p_36%3A21000-21500&s=merchant-items&sr=1-225&xpid=TGKT6sk2-GK0A#customerReviews,LEX25A0013 - Lexmark Standard Staples for Xerox X850/X852
B000TS7B9G,,,,
B000RW1NPW,,210.08,https://www.amazon.sg/Selmer-Soprano-Saxophone-Mouthpiece-S90/dp/B000RW1NPW/ref=sr_1_226?dib=eyJ2IjoiMSJ9.aNPNsE7D7CBaYp12PPNp7Rg0V3uGuleDQBsHrcgjIl6ysuWjjlf8h1tEyAWqL6zOtRGzI5iA5-8NHJoUojsOrGbTksnPwLOvms53qW6PtsihDyZz8b5fADB0FpSOGYgnxX4TNV9Ipl1Sep5Qc728o74eQddIScvr0h-bfYD7j0U.vZGDl5vHvpx8Xn1CXlCydX7dXzEZpr2amH8g31BuUJ8&dib_tag=se&m=A1YKPOZG28EHWI&marketplaceID=A19VAU5U5O7RUS&qid=1776421203&refinements=p_36%3A21000-21500&s=merchant-items&sr=1-226&xpid=TGKT6sk2-GK0A#customerReviews,Selmer Soprano Saxophone Mouthpiece S90 170
B000RW1NPW,,,,
B000QU3TK2,,213.5,https://www.amazon.sg/Hobson-Pro-Saddle-Long-Distance-Water-Resistant/dp/B000QU3TK2/ref=sr_1_227?dib=eyJ2IjoiMSJ9.aNPNsE7D7CBaYp12PPNp7Rg0V3uGuleDQBsHrcgjIl6ysuWjjlf8h1tEyAWqL6zOtRGzI5iA5-8NHJoUojsOrGbTksnPwLOvms53qW6PtsihDyZz8b5fADB0FpSOGYgnxX4TNV9Ipl1Sep5Qc728o74eQddIScvr0h-bfYD7j0U.vZGDl5vHvpx8Xn1CXlCydX7dXzEZpr2amH8g31BuUJ8&dib_tag=se&m=A1YKPOZG28EHWI&marketplaceID=A19VAU5U5O7RUS&qid=1776421203&refinements=p_36%3A21000-21500&s=merchant-items&sr=1-227&xpid=TGKT6sk2-GK0A#customerReviews,"Hobson Pro Hub X2 Saddle – Ultimate Long-Distance Comfort with Magnesium Alloy, Gel Foam Padding, and Water-Resistant Cover for On & Off-Road Cycling"
B000QU3TK2,,,,
B000PKD09S,,213.62,https://www.amazon.sg/Aizawa-copper-omelet-Kanto-No-70083/dp/B000PKD09S/ref=sr_1_228?dib=eyJ2IjoiMSJ9.aNPNsE7D7CBaYp12PPNp7Rg0V3uGuleDQBsHrcgjIl6ysuWjjlf8h1tEyAWqL6zOtRGzI5iA5-8NHJoUojsOrGbTksnPwLOvms53qW6PtsihDyZz8b5fADB0FpSOGYgnxX4TNV9Ipl1Sep5Qc728o74eQddIScvr0h-bfYD7j0U.vZGDl5vHvpx8Xn1CXlCydX7dXzEZpr2amH8g31BuUJ8&dib_tag=se&m=A1YKPOZG28EHWI&marketplaceID=A19VAU5U5O7RUS&qid=1776421203&refinements=p_36%3A21000-21500&s=merchant-items&sr=1-228&xpid=TGKT6sk2-GK0A,Aizawa pure copper omelet Kanto type 21cm No.70083
B000PKD09S,,,,
B000LV617Y,,211.11,https://www.amazon.sg/Nakabayashi-Album-Birth-OLB-613-N-B/dp/B000LV617Y/ref=sr_1_229?dib=eyJ2IjoiMSJ9.aNPNsE7D7CBaYp12PPNp7Rg0V3uGuleDQBsHrcgjIl6ysuWjjlf8h1tEyAWqL6zOtRGzI5iA5-8NHJoUojsOrGbTksnPwLOvms53qW6PtsihDyZz8b5fADB0FpSOGYgnxX4TNV9Ipl1Sep5Qc728o74eQddIScvr0h-bfYD7j0U.vZGDl5vHvpx8Xn1CXlCydX7dXzEZpr2amH8g31BuUJ8&dib_tag=se&m=A1YKPOZG28EHWI&marketplaceID=A19VAU5U5O7RUS&qid=1776421203&refinements=p_36%3A21000-21500&s=merchant-items&sr=1-229&xpid=TGKT6sk2-GK0A#customerReviews,Nakabayashi Fuel Album for Birth Tutu Train Blue A-OLB-613 N-B
B000LV617Y,,,,
B000BWCCG2,,211.62,https://www.amazon.sg/Hurst-1630016-6-Speed-Classic-Shifter/dp/B000BWCCG2/ref=sr_1_230?dib=eyJ2IjoiMSJ9.aNPNsE7D7CBaYp12PPNp7Rg0V3uGuleDQBsHrcgjIl6ysuWjjlf8h1tEyAWqL6zOtRGzI5iA5-8NHJoUojsOrGbTksnPwLOvms53qW6PtsihDyZz8b5fADB0FpSOGYgnxX4TNV9Ipl1Sep5Qc728o74eQddIScvr0h-bfYD7j0U.vZGDl5vHvpx8Xn1CXlCydX7dXzEZpr2amH8g31BuUJ8&dib_tag=se&m=A1YKPOZG28EHWI&marketplaceID=A19VAU5U5O7RUS&qid=1776421203&refinements=p_36%3A21000-21500&s=merchant-items&sr=1-230&xpid=TGKT6sk2-GK0A#customerReviews,Hurst 1630016 White 6-Speed Classic Shifter Knob
B000BWCCG2,,,,
B000BPM9U8,,211.34,https://www.amazon.sg/Offset-Yreka-Western-25104-ATH92931/dp/B000BPM9U8/ref=sr_1_231?dib=eyJ2IjoiMSJ9.aNPNsE7D7CBaYp12PPNp7Rg0V3uGuleDQBsHrcgjIl6ysuWjjlf8h1tEyAWqL6zOtRGzI5iA5-8NHJoUojsOrGbTksnPwLOvms53qW6PtsihDyZz8b5fADB0FpSOGYgnxX4TNV9Ipl1Sep5Qc728o74eQddIScvr0h-bfYD7j0U.vZGDl5vHvpx8Xn1CXlCydX7dXzEZpr2amH8g31BuUJ8&dib_tag=se&m=A1YKPOZG28EHWI&marketplaceID=A19VAU5U5O7RUS&qid=1776421203&refinements=p_36%3A21000-21500&s=merchant-items&sr=1-231&xpid=TGKT6sk2-GK0A#customerReviews,HO RTR 50' FMC Offset DD Box Yreka Western #25104 ATH92931
B000BPM9U8,,,,
B0002HZTXO,,212.39,https://www.amazon.sg/Marklin-Catenary-Cross-Assembly-Tracks/dp/B0002HZTXO/ref=sr_1_232?dib=eyJ2IjoiMSJ9.aNPNsE7D7CBaYp12PPNp7Rg0V3uGuleDQBsHrcgjIl6ysuWjjlf8h1tEyAWqL6zOtRGzI5iA5-8NHJoUojsOrGbTksnPwLOvms53qW6PtsihDyZz8b5fADB0FpSOGYgnxX4TNV9Ipl1Sep5Qc728o74eQddIScvr0h-bfYD7j0U.vZGDl5vHvpx8Xn1CXlCydX7dXzEZpr2amH8g31BuUJ8&dib_tag=se&m=A1YKPOZG28EHWI&marketplaceID=A19VAU5U5O7RUS&qid=1776421203&refinements=p_36%3A21000-21500&s=merchant-items&sr=1-232&xpid=TGKT6sk2-GK0A#customerReviews,Marklin HO Catenary Cross Span Assembly for 4 Tracks
B0002HZTXO,,,,
B0002D0398,,217.43,https://www.amazon.sg/Bandolen-Alto-Saxophone-Java-Mouthpiece/dp/B0002D0398/ref=sr_1_233?dib=eyJ2IjoiMSJ9.aNPNsE7D7CBaYp12PPNp7Rg0V3uGuleDQBsHrcgjIl6ysuWjjlf8h1tEyAWqL6zOtRGzI5iA5-8NHJoUojsOrGbTksnPwLOvms53qW6PtsihDyZz8b5fADB0FpSOGYgnxX4TNV9Ipl1Sep5Qc728o74eQddIScvr0h-bfYD7j0U.vZGDl5vHvpx8Xn1CXlCydX7dXzEZpr2amH8g31BuUJ8&dib_tag=se&m=A1YKPOZG28EHWI&marketplaceID=A19VAU5U5O7RUS&qid=1776421203&refinements=p_36%3A21000-21500&s=merchant-items&sr=1-233&xpid=TGKT6sk2-GK0A#customerReviews,Bandolen Alto Saxophone Java A35 Mouthpiece
B0002D0398,,,,
B0000999IW,,211.62,https://www.amazon.sg/KOKUYO-Tuck-Y10XT11-sheets-ECL-316/dp/B0000999IW/ref=sr_1_234?dib=eyJ2IjoiMSJ9.aNPNsE7D7CBaYp12PPNp7Rg0V3uGuleDQBsHrcgjIl6ysuWjjlf8h1tEyAWqL6zOtRGzI5iA5-8NHJoUojsOrGbTksnPwLOvms53qW6PtsihDyZz8b5fADB0FpSOGYgnxX4TNV9Ipl1Sep5Qc728o74eQddIScvr0h-bfYD7j0U.vZGDl5vHvpx8Xn1CXlCydX7dXzEZpr2amH8g31BuUJ8&dib_tag=se&m=A1YKPOZG28EHWI&marketplaceID=A19VAU5U5O7RUS&qid=1776421203&refinements=p_36%3A21000-21500&s=merchant-items&sr=1-234&xpid=TGKT6sk2-GK0A,KOKUYO Tuck Form Y10XT11 100 sheets ECL-316
B0000999IW,,,,
B0D35SK417,,216.85,https://www.amazon.sg/Xenoblade-Chronicles-Statuette-Mio-22cm/dp/B0D35SK417/ref=sr_1_235?dib=eyJ2IjoiMSJ9.aNPNsE7D7CBaYp12PPNp7Rg0V3uGuleDQBsHrcgjIl6ysuWjjlf8h1tEyAWqL6zOtRGzI5iA5-8NHJoUojsOrGbTksnPwLOvms53qW6PtsihDyZz8b5fADB0FpSOGYgnxX4TNV9Ipl1Sep5Qc728o74eQddIScvr0h-bfYD7j0U.vZGDl5vHvpx8Xn1CXlCydX7dXzEZpr2amH8g31BuUJ8&dib_tag=se&m=A1YKPOZG28EHWI&marketplaceID=A19VAU5U5O7RUS&qid=1776421203&refinements=p_36%3A21000-21500&s=merchant-items&sr=1-235&xpid=TGKT6sk2-GK0A#customerReviews,Xenoblade Chronicles 3 Statuette 1/7 Mio 22cm
B09MFH1LJR,,213.52,https://www.amazon.sg/Size-Ratchet-Wrench-36x32-Silver/dp/B09MFH1LJR/ref=sr_1_241?dib=eyJ2IjoiMSJ9.jFbop3mYJ2C74yns-zq7oLs-d1rNg41DO8LpyiffJgcDaTKbmQl4qKRKut08sYC-aajfF5jaXqgL32pUkrzT-Q.Vu7ztDF8-1j8F0uFFuS36suVUCgJBb7d2xgkAcs29nk&dib_tag=se&m=A1YKPOZG28EHWI&marketplaceID=A19VAU5U5O7RUS&qid=1776421208&refinements=p_36%3A21000-21500&s=merchant-items&sr=1-241&xpid=TGKT6sk2-GK0A,4 Size Ratchet Wrench 30/36x32/41mm Silver
B09MFH1LJR,,,,
B08C34WCB6,,210.99,https://www.amazon.sg/VERTIV-AVOCENT-Factor-Server-Interface/dp/B08C34WCB6/ref=sr_1_242?dib=eyJ2IjoiMSJ9.jFbop3mYJ2C74yns-zq7oLs-d1rNg41DO8LpyiffJgcDaTKbmQl4qKRKut08sYC-aajfF5jaXqgL32pUkrzT-Q.Vu7ztDF8-1j8F0uFFuS36suVUCgJBb7d2xgkAcs29nk&dib_tag=se&m=A1YKPOZG28EHWI&marketplaceID=A19VAU5U5O7RUS&qid=1776421208&refinements=p_36%3A21000-21500&s=merchant-items&sr=1-242&xpid=TGKT6sk2-GK0A,"VERTIV AVOCENT AVOCENT Small Form Factor Server Interface Module - KVM Extender - for AUTOVIEW AV3108, AV3216, MERGEPOINT Unity 1016DAC, 2016DAC, 2032DAC, 4032DAC, 8032DAC"
B08C34WCB6,,,,
B00UA7WW3Q,,212.43,https://www.amazon.sg/NTN-MEDIUM-SIZE-BALL-7222B/dp/B00UA7WW3Q/ref=sr_1_243?dib=eyJ2IjoiMSJ9.jFbop3mYJ2C74yns-zq7oLs-d1rNg41DO8LpyiffJgcDaTKbmQl4qKRKut08sYC-aajfF5jaXqgL32pUkrzT-Q.Vu7ztDF8-1j8F0uFFuS36suVUCgJBb7d2xgkAcs29nk&dib_tag=se&m=A1YKPOZG28EHWI&marketplaceID=A19VAU5U5O7RUS&qid=1776421208&refinements=p_36%3A21000-21500&s=merchant-items&sr=1-243&xpid=TGKT6sk2-GK0A,NTN MEDIUM SIZE BALL BRG (7222B)
B00UA7WW3Q,,,,
B00B5M0LXI,,212.72,https://www.amazon.sg/Panduit-MTM1H10-C-Stainless-Mounting-100-Pack/dp/B00B5M0LXI/ref=sr_1_244?dib=eyJ2IjoiMSJ9.jFbop3mYJ2C74yns-zq7oLs-d1rNg41DO8LpyiffJgcDaTKbmQl4qKRKut08sYC-aajfF5jaXqgL32pUkrzT-Q.Vu7ztDF8-1j8F0uFFuS36suVUCgJBb7d2xgkAcs29nk&dib_tag=se&m=A1YKPOZG28EHWI&marketplaceID=A19VAU5U5O7RUS&qid=1776421208&refinements=p_36%3A21000-21500&s=merchant-items&sr=1-244&xpid=TGKT6sk2-GK0A,"Panduit MTM1H10-C Stainless Steel Tie Mount, 1 Hole Mounting, 10 Screw (100-Pack)"
B00B5M0LXI,,,,
B005T82MTK,,212.23,https://www.amazon.sg/Panduit-ABM2S-Adhesive-Backed-500-Pack/dp/B005T82MTK/ref=sr_1_245?dib=eyJ2IjoiMSJ9.jFbop3mYJ2C74yns-zq7oLs-d1rNg41DO8LpyiffJgcDaTKbmQl4qKRKut08sYC-aajfF5jaXqgL32pUkrzT-Q.Vu7ztDF8-1j8F0uFFuS36suVUCgJBb7d2xgkAcs29nk&dib_tag=se&m=A1YKPOZG28EHWI&marketplaceID=A19VAU5U5O7RUS&qid=1776421208&refinements=p_36%3A21000-21500&s=merchant-items&sr=1-245&xpid=TGKT6sk2-GK0A#customerReviews,"Panduit ABM2S-A-D Cable Tie Mount, Adhesive Backed, 4-Way, ABS, White (500-Pack)"
B005T82MTK,,,,
B000B63276,,226.5,https://www.amazon.sg/PANAVISE-381-Vacuum-Base/dp/B000B63276/ref=sr_1_241?dib=eyJ2IjoiMSJ9.QLZWe46C10cWvRRy5dFbrslsPK5Ps4WeE7rDLz0AUI6NwLU3u7r34Tx5VdzSzr5-uQEt6BJYaONo63EV0aGkyGQ3GkkNpLpqkVgHnYXRx910v1DV_ojwBEXv3SdyW1rXw90piLBdAX5bcgjN7w8nmJxJ3k7XnFuV-GofEtf3a_w.XsHmT33PHVM7fuH6cDOjGrJWkl0yhdDPREK-xRQiE6I&dib_tag=se&m=A1YKPOZG28EHWI&marketplaceID=A19VAU5U5O7RUS&qid=1776421208&refinements=p_36%3A21000-21500&s=merchant-items&sr=1-241&xpid=TGKT6sk2-GK0A#customerReviews,PANAVISE 381 Vacuum Base PANAVISE
B000B63276,,,,
B08XMNLPH6,,211.67,https://www.amazon.sg/Colantotte-ABARH01LL-Necklace-LUCE-%CE%B1/dp/B08XMNLPH6/ref=sr_1_242?dib=eyJ2IjoiMSJ9.QLZWe46C10cWvRRy5dFbrslsPK5Ps4WeE7rDLz0AUI6NwLU3u7r34Tx5VdzSzr5-uQEt6BJYaONo63EV0aGkyGQ3GkkNpLpqkVgHnYXRx910v1DV_ojwBEXv3SdyW1rXw90piLBdAX5bcgjN7w8nmJxJ3k7XnFuV-GofEtf3a_w.XsHmT33PHVM7fuH6cDOjGrJWkl0yhdDPREK-xRQiE6I&dib_tag=se&m=A1YKPOZG28EHWI&marketplaceID=A19VAU5U5O7RUS&qid=1776421208&refinements=p_36%3A21000-21500&s=merchant-items&sr=1-242&xpid=TGKT6sk2-GK0A#customerReviews,Colantotte Necklace LUCE α
B08XMNLPH6,,,,
B00COH62RW,,214.53,https://www.amazon.sg/Manhattan-Portage-Washington-SQ-Backpack/dp/B00COH62RW/ref=sr_1_243?dib=eyJ2IjoiMSJ9.QLZWe46C10cWvRRy5dFbrslsPK5Ps4WeE7rDLz0AUI6NwLU3u7r34Tx5VdzSzr5-uQEt6BJYaONo63EV0aGkyGQ3GkkNpLpqkVgHnYXRx910v1DV_ojwBEXv3SdyW1rXw90piLBdAX5bcgjN7w8nmJxJ3k7XnFuV-GofEtf3a_w.XsHmT33PHVM7fuH6cDOjGrJWkl0yhdDPREK-xRQiE6I&dib_tag=se&m=A1YKPOZG28EHWI&marketplaceID=A19VAU5U5O7RUS&qid=1776421208&refinements=p_36%3A21000-21500&s=merchant-items&sr=1-243&xpid=TGKT6sk2-GK0A#customerReviews,[マンハッタンポーテージ] 公式 Washington SQ Backpack リュック カジュアル 通学 大容量 MP1220
B00COH62RW,,,,
B001GS8FG6,,211.14,https://www.amazon.sg/Citizen-NA15-1571-Eco-Drive-Wristwatch-Adjustment/dp/B001GS8FG6/ref=sr_1_244?dib=eyJ2IjoiMSJ9.QLZWe46C10cWvRRy5dFbrslsPK5Ps4WeE7rDLz0AUI6NwLU3u7r34Tx5VdzSzr5-uQEt6BJYaONo63EV0aGkyGQ3GkkNpLpqkVgHnYXRx910v1DV_ojwBEXv3SdyW1rXw90piLBdAX5bcgjN7w8nmJxJ3k7XnFuV-GofEtf3a_w.XsHmT33PHVM7fuH6cDOjGrJWkl0yhdDPREK-xRQiE6I&dib_tag=se&m=A1YKPOZG28EHWI&marketplaceID=A19VAU5U5O7RUS&qid=1776421208&refinements=p_36%3A21000-21500&s=merchant-items&sr=1-244&xpid=TGKT6sk2-GK0A#customerReviews,"Citizen NA15-1571 Wicca Eco-Drive Eco-Drive Wristwatch, Half Bangle, Simple Adjustment, Dial color - black, watch"
B001GS8FG6,,,,
B0DJ2XMF2K,,213.91,https://www.amazon.sg/Fossil-Quartz-Stainless-Three-Hand-Silver/dp/B0DJ2XMF2K/ref=sr_1_245?dib=eyJ2IjoiMSJ9.QLZWe46C10cWvRRy5dFbrslsPK5Ps4WeE7rDLz0AUI6NwLU3u7r34Tx5VdzSzr5-uQEt6BJYaONo63EV0aGkyGQ3GkkNpLpqkVgHnYXRx910v1DV_ojwBEXv3SdyW1rXw90piLBdAX5bcgjN7w8nmJxJ3k7XnFuV-GofEtf3a_w.XsHmT33PHVM7fuH6cDOjGrJWkl0yhdDPREK-xRQiE6I&dib_tag=se&m=A1YKPOZG28EHWI&marketplaceID=A19VAU5U5O7RUS&qid=1776421208&refinements=p_36%3A21000-21500&s=merchant-items&sr=1-245&xpid=TGKT6sk2-GK0A#customerReviews,Fossil Men's Blue Quartz Stainless Steel Three-Hand Watch
B0DJ2XMF2K,,,,
B099ZP9YTG,,212.1,https://www.amazon.sg/Luxe-Long-Wallet-black-19-3911tcx/dp/B099ZP9YTG/ref=sr_1_246?dib=eyJ2IjoiMSJ9.QLZWe46C10cWvRRy5dFbrslsPK5Ps4WeE7rDLz0AUI6NwLU3u7r34Tx5VdzSzr5-uQEt6BJYaONo63EV0aGkyGQ3GkkNpLpqkVgHnYXRx910v1DV_ojwBEXv3SdyW1rXw90piLBdAX5bcgjN7w8nmJxJ3k7XnFuV-GofEtf3a_w.XsHmT33PHVM7fuH6cDOjGrJWkl0yhdDPREK-xRQiE6I&dib_tag=se&m=A1YKPOZG28EHWI&marketplaceID=A19VAU5U5O7RUS&qid=1776421208&refinements=p_36%3A21000-21500&s=merchant-items&sr=1-246&xpid=TGKT6sk2-GK0A,Ducks Luxe Long Wallet
B099ZP9YTG,,,,
B086F61LY4,,213.37,https://www.amazon.sg/Mauro-Geraldi-MJ063-1-Black-Wristwatch/dp/B086F61LY4/ref=sr_1_247?dib=eyJ2IjoiMSJ9.QLZWe46C10cWvRRy5dFbrslsPK5Ps4WeE7rDLz0AUI6NwLU3u7r34Tx5VdzSzr5-uQEt6BJYaONo63EV0aGkyGQ3GkkNpLpqkVgHnYXRx910v1DV_ojwBEXv3SdyW1rXw90piLBdAX5bcgjN7w8nmJxJ3k7XnFuV-GofEtf3a_w.XsHmT33PHVM7fuH6cDOjGrJWkl0yhdDPREK-xRQiE6I&dib_tag=se&m=A1YKPOZG28EHWI&marketplaceID=A19VAU5U5O7RUS&qid=1776421208&refinements=p_36%3A21000-21500&s=merchant-items&sr=1-247&xpid=TGKT6sk2-GK0A,"Mauro Geraldi MJ063-1 Men's Black Wristwatch, Dial color - black, watch solar"
B086F61LY4,,,,
B07YSRHSKD,,213.99,https://www.amazon.sg/Isaac-WELLBA-Y92-14-01-Backpack-navy/dp/B07YSRHSKD/ref=sr_1_248?dib=eyJ2IjoiMSJ9.QLZWe46C10cWvRRy5dFbrslsPK5Ps4WeE7rDLz0AUI6NwLU3u7r34Tx5VdzSzr5-uQEt6BJYaONo63EV0aGkyGQ3GkkNpLpqkVgHnYXRx910v1DV_ojwBEXv3SdyW1rXw90piLBdAX5bcgjN7w8nmJxJ3k7XnFuV-GofEtf3a_w.XsHmT33PHVM7fuH6cDOjGrJWkl0yhdDPREK-xRQiE6I&dib_tag=se&m=A1YKPOZG28EHWI&marketplaceID=A19VAU5U5O7RUS&qid=1776421208&refinements=p_36%3A21000-21500&s=merchant-items&sr=1-248&xpid=TGKT6sk2-GK0A#customerReviews,Isaac Y92-14-01 WELLBA Backpack
B07YSRHSKD,,,,
B06XT2PMMT,,212.84,https://www.amazon.sg/CASTELBAJAC-Repos-Shoulder-033103-Unique/dp/B06XT2PMMT/ref=sr_1_249?dib=eyJ2IjoiMSJ9.QLZWe46C10cWvRRy5dFbrslsPK5Ps4WeE7rDLz0AUI6NwLU3u7r34Tx5VdzSzr5-uQEt6BJYaONo63EV0aGkyGQ3GkkNpLpqkVgHnYXRx910v1DV_ojwBEXv3SdyW1rXw90piLBdAX5bcgjN7w8nmJxJ3k7XnFuV-GofEtf3a_w.XsHmT33PHVM7fuH6cDOjGrJWkl0yhdDPREK-xRQiE6I&dib_tag=se&m=A1YKPOZG28EHWI&marketplaceID=A19VAU5U5O7RUS&qid=1776421208&refinements=p_36%3A21000-21500&s=merchant-items&sr=1-249&xpid=TGKT6sk2-GK0A#customerReviews,"CASTELBAJAC Repos Shoulder bag 033103, Black, One Size, Unique"
B06XT2PMMT,,,,
B00ENZBCNC,,214.63,https://www.amazon.sg/Mizuno-1GJYG05600-68-Folding-Lacquered/dp/B00ENZBCNC/ref=sr_1_250?dib=eyJ2IjoiMSJ9.QLZWe46C10cWvRRy5dFbrslsPK5Ps4WeE7rDLz0AUI6NwLU3u7r34Tx5VdzSzr5-uQEt6BJYaONo63EV0aGkyGQ3GkkNpLpqkVgHnYXRx910v1DV_ojwBEXv3SdyW1rXw90piLBdAX5bcgjN7w8nmJxJ3k7XnFuV-GofEtf3a_w.XsHmT33PHVM7fuH6cDOjGrJWkl0yhdDPREK-xRQiE6I&dib_tag=se&m=A1YKPOZG28EHWI&marketplaceID=A19VAU5U5O7RUS&qid=1776421208&refinements=p_36%3A21000-21500&s=merchant-items&sr=1-250&xpid=TGKT6sk2-GK0A#customerReviews,Mizuno 1GJYG05600 68: Plum Brown F Folding Wallet (Lacquered Printed)
B00ENZBCNC,,,,
B007CFZNEO,,210.09,https://www.amazon.sg/Hanro-Womens-Scoop-Neck-Tank-Top/dp/B007CFZNEO/ref=sr_1_251?dib=eyJ2IjoiMSJ9.QLZWe46C10cWvRRy5dFbrslsPK5Ps4WeE7rDLz0AUI6NwLU3u7r34Tx5VdzSzr5-uQEt6BJYaONo63EV0aGkyGQ3GkkNpLpqkVgHnYXRx910v1DV_ojwBEXv3SdyW1rXw90piLBdAX5bcgjN7w8nmJxJ3k7XnFuV-GofEtf3a_w.XsHmT33PHVM7fuH6cDOjGrJWkl0yhdDPREK-xRQiE6I&dib_tag=se&m=A1YKPOZG28EHWI&marketplaceID=A19VAU5U5O7RUS&qid=1776421208&refinements=p_36%3A21000-21500&s=merchant-items&sr=1-251&xpid=TGKT6sk2-GK0A#customerReviews,Hanro Women's Scoop-Neck Tank Top - White - Medium
B007CFZNEO,,,,
B003XPH8C2,,211.35,https://www.amazon.sg/New-York-Ottoman-Shopper-pushkin/dp/B003XPH8C2/ref=sr_1_257?dib=eyJ2IjoiMSJ9.53ypKqUxdugNuv1ZASdEVHMhIyesxfrbCtgg7E3ES67GjHj071QN20LucGBJIEps.QDoWI_MQZaD6Erk3bPppHS9taz85BBrkJQ385OOxfIY&dib_tag=se&m=A1YKPOZG28EHWI&marketplaceID=A19VAU5U5O7RUS&qid=1776421214&refinements=p_36%3A21000-21500&s=merchant-items&sr=1-257&xpid=TGKT6sk2-GK0A,Abby New York Ottoman Shopper
B003XPH8C2,,,,
B002P7FU60,,214.73,https://www.amazon.sg/%E6%97%A5%E6%9D%B1%E5%B7%A5%E5%99%A8-BHM02035-Nitto-Brooch-Holder/dp/B002P7FU60/ref=sr_1_258?dib=eyJ2IjoiMSJ9.53ypKqUxdugNuv1ZASdEVHMhIyesxfrbCtgg7E3ES67GjHj071QN20LucGBJIEps.QDoWI_MQZaD6Erk3bPppHS9taz85BBrkJQ385OOxfIY&dib_tag=se&m=A1YKPOZG28EHWI&marketplaceID=A19VAU5U5O7RUS&qid=1776421214&refinements=p_36%3A21000-21500&s=merchant-items&sr=1-258&xpid=TGKT6sk2-GK0A,Nitto Brooch Holder BHM02035
B002P7FU60,,,,
B001CWGJZK,,215.0,https://www.amazon.sg/Canvas-Backpack-Vintage-Rucksack-Detail/dp/B001CWGJZK/ref=sr_1_259?dib=eyJ2IjoiMSJ9.53ypKqUxdugNuv1ZASdEVHMhIyesxfrbCtgg7E3ES67GjHj071QN20LucGBJIEps.QDoWI_MQZaD6Erk3bPppHS9taz85BBrkJQ385OOxfIY&dib_tag=se&m=A1YKPOZG28EHWI&marketplaceID=A19VAU5U5O7RUS&qid=1776421214&refinements=p_36%3A21000-21500&s=merchant-items&sr=1-259&xpid=TGKT6sk2-GK0A#customerReviews,Canvas Backpack - Vintage Rucksack with Star Detail By Rothco
B001CWGJZK,,,,
