ASIN,Brand,Price,URL,Title
B00NBCFDTW,,109.92,https://www.amazon.sg/BitTradeOne-bitFerrous-BFKB113PBK-Scissor-Switch-Pantograph/dp/B00NBCFDTW/ref=sr_1_1?dib=eyJ2IjoiMSJ9.h1jsGtNMth-NT1I1g6RP74IiK2dysWMK3FN3j9T9Z01GWpYUlIi2n4IIa_VN2lD-nyHnlo_TlnpMkA_7R6TyFA9skDp36Wmc950ChOUqIgGBepBQLXFZPR2-EL72CruD6BmLW6FXAyAH_E_q_b0-otUDtwkcYhn75VkX2GT1tfP62qn1ien1xBQ8XQ2hdM_7WfGDRY5q_sAEaDWKnXdXPTl_eNOH8Zao2N--RCbxzV0.c1OgAFaVTXWhTpIw43onyQ_Bo6aXWp3LMMS9UDTdB8s&dib_tag=se&m=A3UEK3VBJ6ADB7&marketplaceID=A19VAU5U5O7RUS&qid=1776495527&refinements=p_36%3A10500-11000&s=merchant-items&sr=1-1#customerReviews,BitTradeOne bitFerrous BFKB113PBK Scissor-Switch TypeKeys (Pantograph Keys) Gaming Keyboard (Japanese Layout) / Smooth Typing/Full-Key Rayout / 113 Key
B00NBCFDTW,,,,
B0CPDH46BP,Toy,106.44,https://www.amazon.sg/Sakurano-Engraving-Cherry-Blossom-Booster/dp/B0CPDH46BP/ref=sr_1_2?dib=eyJ2IjoiMSJ9.h1jsGtNMth-NT1I1g6RP74IiK2dysWMK3FN3j9T9Z01GWpYUlIi2n4IIa_VN2lD-nyHnlo_TlnpMkA_7R6TyFA9skDp36Wmc950ChOUqIgGBepBQLXFZPR2-EL72CruD6BmLW6FXAyAH_E_q_b0-otUDtwkcYhn75VkX2GT1tfP62qn1ien1xBQ8XQ2hdM_7WfGDRY5q_sAEaDWKnXdXPTl_eNOH8Zao2N--RCbxzV0.c1OgAFaVTXWhTpIw43onyQ_Bo6aXWp3LMMS9UDTdB8s&dib_tag=se&m=A3UEK3VBJ6ADB7&marketplaceID=A19VAU5U5O7RUS&qid=1776495527&refinements=p_36%3A10500-11000&s=merchant-items&sr=1-2,Sakurano Engraving - Walk Under the Cherry Blossom Forest - Divine Cross Booster Pack Box (20 Pack)
B0CPDH46BP,,,,
B00006LJGW,Sega Dreamcast,105.69,https://www.amazon.sg/Kobi-Products-Kaen-Seibo-Megiddo/dp/B00006LJGW/ref=sr_1_3?dib=eyJ2IjoiMSJ9.h1jsGtNMth-NT1I1g6RP74IiK2dysWMK3FN3j9T9Z01GWpYUlIi2n4IIa_VN2lD-nyHnlo_TlnpMkA_7R6TyFA9skDp36Wmc950ChOUqIgGBepBQLXFZPR2-EL72CruD6BmLW6FXAyAH_E_q_b0-otUDtwkcYhn75VkX2GT1tfP62qn1ien1xBQ8XQ2hdM_7WfGDRY5q_sAEaDWKnXdXPTl_eNOH8Zao2N--RCbxzV0.c1OgAFaVTXWhTpIw43onyQ_Bo6aXWp3LMMS9UDTdB8s&dib_tag=se&m=A3UEK3VBJ6ADB7&marketplaceID=A19VAU5U5O7RUS&qid=1776495527&refinements=p_36%3A10500-11000&s=merchant-items&sr=1-3#customerReviews,Kobi Products Kaen Seibo: The Virgin Of Megiddo [First Print Limited Edition] [Japan Import]
B00006LJGW,,,,
B08LL8CNB8,Nintendo Switch,107.29,https://www.amazon.sg/EXNOA-%E3%82%B5%E3%83%A0%E3%83%A9%E3%82%A4%E3%82%B8%E3%83%A3%E3%83%83%E3%82%AF-%E6%99%82%E7%A9%BA%E3%81%AE%E6%88%A6%E3%81%84-Switch/dp/B08LL8CNB8/ref=sr_1_4?dib=eyJ2IjoiMSJ9.h1jsGtNMth-NT1I1g6RP74IiK2dysWMK3FN3j9T9Z01GWpYUlIi2n4IIa_VN2lD-nyHnlo_TlnpMkA_7R6TyFA9skDp36Wmc950ChOUqIgGBepBQLXFZPR2-EL72CruD6BmLW6FXAyAH_E_q_b0-otUDtwkcYhn75VkX2GT1tfP62qn1ien1xBQ8XQ2hdM_7WfGDRY5q_sAEaDWKnXdXPTl_eNOH8Zao2N--RCbxzV0.c1OgAFaVTXWhTpIw43onyQ_Bo6aXWp3LMMS9UDTdB8s&dib_tag=se&m=A3UEK3VBJ6ADB7&marketplaceID=A19VAU5U5O7RUS&qid=1776495527&refinements=p_36%3A10500-11000&s=merchant-items&sr=1-4#customerReviews,サムライジャック:時空の戦い - Switch
B08LL8CNB8,,,,
B004LVO4II,Sony PSP,108.65,https://www.amazon.sg/Irem-Dokidoki-Suikoden-Psp-Japan/dp/B004LVO4II/ref=sr_1_5?dib=eyJ2IjoiMSJ9.h1jsGtNMth-NT1I1g6RP74IiK2dysWMK3FN3j9T9Z01GWpYUlIi2n4IIa_VN2lD-nyHnlo_TlnpMkA_7R6TyFA9skDp36Wmc950ChOUqIgGBepBQLXFZPR2-EL72CruD6BmLW6FXAyAH_E_q_b0-otUDtwkcYhn75VkX2GT1tfP62qn1ien1xBQ8XQ2hdM_7WfGDRY5q_sAEaDWKnXdXPTl_eNOH8Zao2N--RCbxzV0.c1OgAFaVTXWhTpIw43onyQ_Bo6aXWp3LMMS9UDTdB8s&dib_tag=se&m=A3UEK3VBJ6ADB7&marketplaceID=A19VAU5U5O7RUS&qid=1776495527&refinements=p_36%3A10500-11000&s=merchant-items&sr=1-5#customerReviews,"Irem "" Dokidoki Suikoden For Psp [Japan Import]"
B004LVO4II,,,,
B001C3MKTI,Xbox 360,105.78,https://www.amazon.sg/5pb-Ketsui-Kizuna-Jigoku-Tachi/dp/B001C3MKTI/ref=sr_1_6?dib=eyJ2IjoiMSJ9.h1jsGtNMth-NT1I1g6RP74IiK2dysWMK3FN3j9T9Z01GWpYUlIi2n4IIa_VN2lD-nyHnlo_TlnpMkA_7R6TyFA9skDp36Wmc950ChOUqIgGBepBQLXFZPR2-EL72CruD6BmLW6FXAyAH_E_q_b0-otUDtwkcYhn75VkX2GT1tfP62qn1ien1xBQ8XQ2hdM_7WfGDRY5q_sAEaDWKnXdXPTl_eNOH8Zao2N--RCbxzV0.c1OgAFaVTXWhTpIw43onyQ_Bo6aXWp3LMMS9UDTdB8s&dib_tag=se&m=A3UEK3VBJ6ADB7&marketplaceID=A19VAU5U5O7RUS&qid=1776495527&refinements=p_36%3A10500-11000&s=merchant-items&sr=1-6#customerReviews,5pb Ketsui: Kizuna Jigoku Tachi Extra [Japan Import]
B001C3MKTI,,,,
B09WW11RR5,Video Game,105.28,https://www.amazon.sg/%E3%83%8F%E3%82%B8%E3%83%A9%E3%83%96-Making-Lovers-%E5%AE%8C%E5%85%A8%E7%94%9F%E7%94%A3%E9%99%90%E5%AE%9A%E7%89%88-ED%E4%B8%BB%E9%A1%8C%E6%AD%8C%E3%83%9E%E3%82%AD%E3%82%B7%E3%82%B7%E3%83%B3%E3%82%B0%E3%83%AB%E3%80%81%E3%83%9E%E3%82%A4%E3%82%AF%E3%83%AD%E3%83%95%E3%82%A1%E3%82%A4%E3%83%90%E3%83%BC%E3%82%AF%E3%83%AD%E3%82%B9/dp/B09WW11RR5/ref=sr_1_7?dib=eyJ2IjoiMSJ9.h1jsGtNMth-NT1I1g6RP74IiK2dysWMK3FN3j9T9Z01GWpYUlIi2n4IIa_VN2lD-nyHnlo_TlnpMkA_7R6TyFA9skDp36Wmc950ChOUqIgGBepBQLXFZPR2-EL72CruD6BmLW6FXAyAH_E_q_b0-otUDtwkcYhn75VkX2GT1tfP62qn1ien1xBQ8XQ2hdM_7WfGDRY5q_sAEaDWKnXdXPTl_eNOH8Zao2N--RCbxzV0.c1OgAFaVTXWhTpIw43onyQ_Bo6aXWp3LMMS9UDTdB8s&dib_tag=se&m=A3UEK3VBJ6ADB7&marketplaceID=A19VAU5U5O7RUS&qid=1776495527&refinements=p_36%3A10500-11000&s=merchant-items&sr=1-7#customerReviews,ハジラブ -Making*Lovers- 完全生産限定版 - Switch(【特典】アクリルフィギュア、OP&ED主題歌マキシシングル、マイクロファイバークロス 同梱)
B09WW11RR5,,,,
B002IPGIYC,Sony PSP,108.29,https://www.amazon.sg/CYBER-FRONT-Secret-Evangelion-Portable/dp/B002IPGIYC/ref=sr_1_8?dib=eyJ2IjoiMSJ9.h1jsGtNMth-NT1I1g6RP74IiK2dysWMK3FN3j9T9Z01GWpYUlIi2n4IIa_VN2lD-nyHnlo_TlnpMkA_7R6TyFA9skDp36Wmc950ChOUqIgGBepBQLXFZPR2-EL72CruD6BmLW6FXAyAH_E_q_b0-otUDtwkcYhn75VkX2GT1tfP62qn1ien1xBQ8XQ2hdM_7WfGDRY5q_sAEaDWKnXdXPTl_eNOH8Zao2N--RCbxzV0.c1OgAFaVTXWhTpIw43onyQ_Bo6aXWp3LMMS9UDTdB8s&dib_tag=se&m=A3UEK3VBJ6ADB7&marketplaceID=A19VAU5U5O7RUS&qid=1776495527&refinements=p_36%3A10500-11000&s=merchant-items&sr=1-8#customerReviews,CYBER FRONT Secret Of Evangelion Portable (Best Hit) [Japan Import]
B002IPGIYC,,,,
B0036J02HI,Audio CD,106.19,https://www.amazon.sg/Alexander-Gauk-Vol-Historical-Brilliant/dp/B0036J02HI/ref=sr_1_9?dib=eyJ2IjoiMSJ9.h1jsGtNMth-NT1I1g6RP74IiK2dysWMK3FN3j9T9Z01GWpYUlIi2n4IIa_VN2lD-nyHnlo_TlnpMkA_7R6TyFA9skDp36Wmc950ChOUqIgGBepBQLXFZPR2-EL72CruD6BmLW6FXAyAH_E_q_b0-otUDtwkcYhn75VkX2GT1tfP62qn1ien1xBQ8XQ2hdM_7WfGDRY5q_sAEaDWKnXdXPTl_eNOH8Zao2N--RCbxzV0.c1OgAFaVTXWhTpIw43onyQ_Bo6aXWp3LMMS9UDTdB8s&dib_tag=se&m=A3UEK3VBJ6ADB7&marketplaceID=A19VAU5U5O7RUS&qid=1776495527&refinements=p_36%3A10500-11000&s=merchant-items&sr=1-9#customerReviews,"Alexander Gauk Edition, Vol. 2: Historical Russian Archives (Brilliant Classics)"
B0036J02HI,,,,
B002TG2XBC,Audio CD,105.34,https://www.amazon.sg/Aisubeki-Mirai-He-Exile/dp/B002TG2XBC/ref=sr_1_10?dib=eyJ2IjoiMSJ9.h1jsGtNMth-NT1I1g6RP74IiK2dysWMK3FN3j9T9Z01GWpYUlIi2n4IIa_VN2lD-nyHnlo_TlnpMkA_7R6TyFA9skDp36Wmc950ChOUqIgGBepBQLXFZPR2-EL72CruD6BmLW6FXAyAH_E_q_b0-otUDtwkcYhn75VkX2GT1tfP62qn1ien1xBQ8XQ2hdM_7WfGDRY5q_sAEaDWKnXdXPTl_eNOH8Zao2N--RCbxzV0.c1OgAFaVTXWhTpIw43onyQ_Bo6aXWp3LMMS9UDTdB8s&dib_tag=se&m=A3UEK3VBJ6ADB7&marketplaceID=A19VAU5U5O7RUS&qid=1776495527&refinements=p_36%3A10500-11000&s=merchant-items&sr=1-10#customerReviews,Aisubeki Mirai He
B002TG2XBC,,,,
4909782079,Tankobon Hardcover,107.73,https://www.amazon.sg/%E7%9B%B2%E6%95%99%E8%82%B2%E5%8F%B2%E3%81%AE%E6%89%8B%E3%81%96%E3%82%8F%E3%82%8A-%E3%80%8C%E4%BA%BA%E9%96%93%E3%81%AE%E5%B0%8A%E5%8E%B3%E3%80%8D%E3%82%92%E6%B1%82%E3%82%81%E3%81%A6-%E5%B2%B8-%E5%8D%9A%E5%AE%9F/dp/4909782079/ref=sr_1_11?dib=eyJ2IjoiMSJ9.h1jsGtNMth-NT1I1g6RP74IiK2dysWMK3FN3j9T9Z01GWpYUlIi2n4IIa_VN2lD-nyHnlo_TlnpMkA_7R6TyFA9skDp36Wmc950ChOUqIgGBepBQLXFZPR2-EL72CruD6BmLW6FXAyAH_E_q_b0-otUDtwkcYhn75VkX2GT1tfP62qn1ien1xBQ8XQ2hdM_7WfGDRY5q_sAEaDWKnXdXPTl_eNOH8Zao2N--RCbxzV0.c1OgAFaVTXWhTpIw43onyQ_Bo6aXWp3LMMS9UDTdB8s&dib_tag=se&m=A3UEK3VBJ6ADB7&marketplaceID=A19VAU5U5O7RUS&qid=1776495527&refinements=p_36%3A10500-11000&s=merchant-items&sr=1-11#customerReviews,盲教育史の手ざわり: 「人間の尊厳」を求めて
4909782079,,,,
4908407061,Tankobon Softcover,105.82,https://www.amazon.sg/%E7%B6%9A%E3%83%B4%E3%82%A7%E3%83%BC%E3%83%90%E3%83%BC%E8%AC%9B%E7%BE%A9-%E6%94%BF%E6%B2%BB%E7%B5%8C%E6%B8%88%E7%AF%87-2/dp/4908407061/ref=sr_1_12?dib=eyJ2IjoiMSJ9.h1jsGtNMth-NT1I1g6RP74IiK2dysWMK3FN3j9T9Z01GWpYUlIi2n4IIa_VN2lD-nyHnlo_TlnpMkA_7R6TyFA9skDp36Wmc950ChOUqIgGBepBQLXFZPR2-EL72CruD6BmLW6FXAyAH_E_q_b0-otUDtwkcYhn75VkX2GT1tfP62qn1ien1xBQ8XQ2hdM_7WfGDRY5q_sAEaDWKnXdXPTl_eNOH8Zao2N--RCbxzV0.c1OgAFaVTXWhTpIw43onyQ_Bo6aXWp3LMMS9UDTdB8s&dib_tag=se&m=A3UEK3VBJ6ADB7&marketplaceID=A19VAU5U5O7RUS&qid=1776495527&refinements=p_36%3A10500-11000&s=merchant-items&sr=1-12#customerReviews,続ヴェーバー講義 政治経済篇: 2
4908407061,,,,
490526135X,Tankobon Hardcover,112.95,https://www.amazon.sg/%E5%9B%BD%E5%A2%83%E3%82%92%E8%B6%8A%E3%81%88%E3%82%8B%E5%B8%82%E6%B0%91%E7%A4%BE%E4%BC%9A-%E5%9C%B0%E5%9F%9F%E3%81%AB%E6%A0%B9%E3%81%96%E3%81%99%E5%B8%82%E6%B0%91%E7%A4%BE%E4%BC%9A_%E7%8F%BE%E4%BB%A3%E6%94%BF%E6%B2%BB%E7%B5%8C%E6%B8%88%E5%AD%A6%E8%AB%96%E9%9B%86/dp/490526135X/ref=sr_1_13?dib=eyJ2IjoiMSJ9.h1jsGtNMth-NT1I1g6RP74IiK2dysWMK3FN3j9T9Z01GWpYUlIi2n4IIa_VN2lD-nyHnlo_TlnpMkA_7R6TyFA9skDp36Wmc950ChOUqIgGBepBQLXFZPR2-EL72CruD6BmLW6FXAyAH_E_q_b0-otUDtwkcYhn75VkX2GT1tfP62qn1ien1xBQ8XQ2hdM_7WfGDRY5q_sAEaDWKnXdXPTl_eNOH8Zao2N--RCbxzV0.c1OgAFaVTXWhTpIw43onyQ_Bo6aXWp3LMMS9UDTdB8s&dib_tag=se&m=A3UEK3VBJ6ADB7&marketplaceID=A19VAU5U5O7RUS&qid=1776495527&refinements=p_36%3A10500-11000&s=merchant-items&sr=1-13,国境を越える市民社会 地域に根ざす市民社会―現代政治経済学論集
490526135X,,,,
4904862198,Tankobon Softcover,109.27,https://www.amazon.sg/%E8%84%B3%E5%8D%92%E4%B8%AD%E5%BE%8C%E9%81%BA%E7%97%87%E8%80%85%E3%81%B8%E3%81%AE%E3%83%9C%E3%83%90%E3%83%BC%E3%82%B9%E3%82%A2%E3%83%97%E3%83%AD%E3%83%BC%E3%83%81%E3%80%9C%E5%9F%BA%E7%A4%8E%E7%B7%A8%E3%80%9C-%E9%81%8B%E5%8B%95%E3%81%A8%E5%8C%BB%E5%AD%A6%E3%81%AE%E5%87%BA%E7%89%88%E7%A4%BE%E3%81%AE%E8%87%A8%E5%BA%8A%E5%AE%B6%E3%82%B7%E3%83%AA%E3%83%BC%E3%82%BA/dp/4904862198/ref=sr_1_14?dib=eyJ2IjoiMSJ9.h1jsGtNMth-NT1I1g6RP74IiK2dysWMK3FN3j9T9Z01GWpYUlIi2n4IIa_VN2lD-nyHnlo_TlnpMkA_7R6TyFA9skDp36Wmc950ChOUqIgGBepBQLXFZPR2-EL72CruD6BmLW6FXAyAH_E_q_b0-otUDtwkcYhn75VkX2GT1tfP62qn1ien1xBQ8XQ2hdM_7WfGDRY5q_sAEaDWKnXdXPTl_eNOH8Zao2N--RCbxzV0.c1OgAFaVTXWhTpIw43onyQ_Bo6aXWp3LMMS9UDTdB8s&dib_tag=se&m=A3UEK3VBJ6ADB7&marketplaceID=A19VAU5U5O7RUS&qid=1776495527&refinements=p_36%3A10500-11000&s=merchant-items&sr=1-14#customerReviews,脳卒中後遺症者へのボバースアプローチ〜基礎編〜 (運動と医学の出版社の臨床家シリーズ)
4904862198,,,,
4904213890,Paperback Shinsho,108.82,https://www.amazon.sg/%E5%8D%9A%E6%84%9B%E3%81%AE%E4%B8%96%E7%95%8C%E8%A6%B3%EF%BC%8D%E4%B8%BB%E4%BD%93%E5%93%B2%E5%AD%A6%E3%81%AE%E5%BC%81%E8%A8%BC%E6%B3%95%E7%9A%84%E5%B1%95%E9%96%8B/dp/4904213890/ref=sr_1_15?dib=eyJ2IjoiMSJ9.h1jsGtNMth-NT1I1g6RP74IiK2dysWMK3FN3j9T9Z01GWpYUlIi2n4IIa_VN2lD-nyHnlo_TlnpMkA_7R6TyFA9skDp36Wmc950ChOUqIgGBepBQLXFZPR2-EL72CruD6BmLW6FXAyAH_E_q_b0-otUDtwkcYhn75VkX2GT1tfP62qn1ien1xBQ8XQ2hdM_7WfGDRY5q_sAEaDWKnXdXPTl_eNOH8Zao2N--RCbxzV0.c1OgAFaVTXWhTpIw43onyQ_Bo6aXWp3LMMS9UDTdB8s&dib_tag=se&m=A3UEK3VBJ6ADB7&marketplaceID=A19VAU5U5O7RUS&qid=1776495527&refinements=p_36%3A10500-11000&s=merchant-items&sr=1-15,博愛の世界観－主体哲学の弁証法的展開
4904213890,,,,
490123451X,Tankobon Hardcover,105.76,https://www.amazon.sg/%E3%82%B0%E3%83%AD%E3%83%BC%E3%83%90%E3%83%AB%E5%8C%96%E3%81%A7%E4%B8%96%E7%95%8C%E3%81%AF%E3%81%A9%E3%81%86%E5%A4%89%E3%82%8F%E3%82%8B%E3%81%8B_%E3%82%AC%E3%83%90%E3%83%8A%E3%83%B3%E3%82%B9%E3%81%B8%E3%81%AE%E6%8C%91%E6%88%A6%E3%81%A8%E5%B1%95%E6%9C%9B-%E8%8B%B1%E6%B2%BB%E5%87%BA%E7%89%88MPA%E3%82%B7%E3%83%AA%E3%83%BC%E3%82%BA/dp/490123451X/ref=sr_1_16?dib=eyJ2IjoiMSJ9.h1jsGtNMth-NT1I1g6RP74IiK2dysWMK3FN3j9T9Z01GWpYUlIi2n4IIa_VN2lD-nyHnlo_TlnpMkA_7R6TyFA9skDp36Wmc950ChOUqIgGBepBQLXFZPR2-EL72CruD6BmLW6FXAyAH_E_q_b0-otUDtwkcYhn75VkX2GT1tfP62qn1ien1xBQ8XQ2hdM_7WfGDRY5q_sAEaDWKnXdXPTl_eNOH8Zao2N--RCbxzV0.c1OgAFaVTXWhTpIw43onyQ_Bo6aXWp3LMMS9UDTdB8s&dib_tag=se&m=A3UEK3VBJ6ADB7&marketplaceID=A19VAU5U5O7RUS&qid=1776495527&refinements=p_36%3A10500-11000&s=merchant-items&sr=1-16,グローバル化で世界はどう変わるか―ガバナンスへの挑戦と展望 (英治出版MPAシリーズ)
490123451X,,,,
4883752364,JP Oversized,107.18,https://www.amazon.sg/%E6%A3%AE%E9%A6%A8-%E4%BA%BA%E5%BD%A2%E4%BD%9C%E5%93%81%E9%9B%86%E3%80%8CGhost-marriage%E3%80%9C%E5%86%A5%E5%A9%9A%E3%80%9C%E3%80%8D-TH-ART/dp/4883752364/ref=sr_1_17?dib=eyJ2IjoiMSJ9.yen2bD4uyIzbfvrrAtwxeL95yvrqfuzWkQrZScT27_AzNMxCbIRTjZ1hRYEVdunJjjz1JNbCw-HMkyPxrOLjve9ONWo71866ezwTgl6AyXWbprZDZp6zUsg4LuiXFmv9Tf_Zg0HtGYqzDIar6k1QhNrg-FIi9BfU2UTBj6Z-ll2mNAzu8-zY4hIi7OEn4yhzdgMNZC1u_oWQmVejN7ryXp_oC_2vbzmaQalOUZ4pv3c.84f-103y6ippeq6OWy8IlORAskG2tQ5CDk7WWhE-7fc&dib_tag=se&m=A3UEK3VBJ6ADB7&marketplaceID=A19VAU5U5O7RUS&qid=1776495533&refinements=p_36%3A10500-11000&s=merchant-items&sr=1-17&xpid=knzqKJR7kVrIO#customerReviews,森馨 人形作品集「Ghost marriage〜冥婚〜」 (TH ART Series)
4883752364,,,,
4883034542,Tankobon Softcover,106.24,https://www.amazon.sg/%E8%BF%91%E4%BB%A3%E6%97%A5%E6%9C%AC%E8%A8%80%E8%AA%9E%E5%8F%B2%E5%86%8D%E8%80%83-V-%E3%81%93%E3%81%A8%E3%81%B0%E3%81%AE%E3%81%A8%E3%82%89%E3%81%88%E6%96%B9%E3%82%92%E3%82%81%E3%81%90%E3%81%A3%E3%81%A6-%E5%AE%89%E7%94%B0-%E6%95%8F%E6%9C%97/dp/4883034542/ref=sr_1_18?dib=eyJ2IjoiMSJ9.yen2bD4uyIzbfvrrAtwxeL95yvrqfuzWkQrZScT27_AzNMxCbIRTjZ1hRYEVdunJjjz1JNbCw-HMkyPxrOLjve9ONWo71866ezwTgl6AyXWbprZDZp6zUsg4LuiXFmv9Tf_Zg0HtGYqzDIar6k1QhNrg-FIi9BfU2UTBj6Z-ll2mNAzu8-zY4hIi7OEn4yhzdgMNZC1u_oWQmVejN7ryXp_oC_2vbzmaQalOUZ4pv3c.84f-103y6ippeq6OWy8IlORAskG2tQ5CDk7WWhE-7fc&dib_tag=se&m=A3UEK3VBJ6ADB7&marketplaceID=A19VAU5U5O7RUS&qid=1776495533&refinements=p_36%3A10500-11000&s=merchant-items&sr=1-18&xpid=knzqKJR7kVrIO,近代日本言語史再考 V: ことばのとらえ方をめぐって: 5
4883034542,,,,
4883032876,Tankobon Hardcover,108.69,https://www.amazon.sg/%E8%A5%BF%E6%B4%8B%E7%BE%8E%E8%A1%93%E7%A0%94%E7%A9%B6-no-16-%E7%BE%8E%E8%A1%93%E3%81%A8%E6%A4%9C%E9%96%B2/dp/4883032876/ref=sr_1_19?dib=eyJ2IjoiMSJ9.yen2bD4uyIzbfvrrAtwxeL95yvrqfuzWkQrZScT27_AzNMxCbIRTjZ1hRYEVdunJjjz1JNbCw-HMkyPxrOLjve9ONWo71866ezwTgl6AyXWbprZDZp6zUsg4LuiXFmv9Tf_Zg0HtGYqzDIar6k1QhNrg-FIi9BfU2UTBj6Z-ll2mNAzu8-zY4hIi7OEn4yhzdgMNZC1u_oWQmVejN7ryXp_oC_2vbzmaQalOUZ4pv3c.84f-103y6ippeq6OWy8IlORAskG2tQ5CDk7WWhE-7fc&dib_tag=se&m=A3UEK3VBJ6ADB7&marketplaceID=A19VAU5U5O7RUS&qid=1776495533&refinements=p_36%3A10500-11000&s=merchant-items&sr=1-19&xpid=knzqKJR7kVrIO#customerReviews,西洋美術研究 no.16 美術と検閲
4883032876,,,,
487737292X,Tankobon Hardcover,107.51,https://www.amazon.sg/%E8%A4%87%E6%95%B0%E3%81%AE%E3%83%86%E3%82%AF%E3%82%B9%E3%83%88%E3%81%B8-%E6%A8%8B%E5%8F%A3%E4%B8%80%E8%91%89%E3%81%A8%E8%8D%89%E7%A8%BF%E7%A0%94%E7%A9%B6/dp/487737292X/ref=sr_1_20?dib=eyJ2IjoiMSJ9.yen2bD4uyIzbfvrrAtwxeL95yvrqfuzWkQrZScT27_AzNMxCbIRTjZ1hRYEVdunJjjz1JNbCw-HMkyPxrOLjve9ONWo71866ezwTgl6AyXWbprZDZp6zUsg4LuiXFmv9Tf_Zg0HtGYqzDIar6k1QhNrg-FIi9BfU2UTBj6Z-ll2mNAzu8-zY4hIi7OEn4yhzdgMNZC1u_oWQmVejN7ryXp_oC_2vbzmaQalOUZ4pv3c.84f-103y6ippeq6OWy8IlORAskG2tQ5CDk7WWhE-7fc&dib_tag=se&m=A3UEK3VBJ6ADB7&marketplaceID=A19VAU5U5O7RUS&qid=1776495533&refinements=p_36%3A10500-11000&s=merchant-items&sr=1-20&xpid=knzqKJR7kVrIO,複数のテクストへ—樋口一葉と草稿研究
487737292X,,,,
4876873178,Tankobon Hardcover,105.25,https://www.amazon.sg/%E8%92%B8%E6%B0%97%E6%A9%9F%E9%96%A2%E8%BB%8A%E3%83%A1%E3%82%AB%E3%83%8B%E3%82%BA%E3%83%A0%E5%9B%B3%E9%91%91-%E7%B4%B0%E5%B7%9D-%E6%AD%A6%E5%BF%97/dp/4876873178/ref=sr_1_21?dib=eyJ2IjoiMSJ9.yen2bD4uyIzbfvrrAtwxeL95yvrqfuzWkQrZScT27_AzNMxCbIRTjZ1hRYEVdunJjjz1JNbCw-HMkyPxrOLjve9ONWo71866ezwTgl6AyXWbprZDZp6zUsg4LuiXFmv9Tf_Zg0HtGYqzDIar6k1QhNrg-FIi9BfU2UTBj6Z-ll2mNAzu8-zY4hIi7OEn4yhzdgMNZC1u_oWQmVejN7ryXp_oC_2vbzmaQalOUZ4pv3c.84f-103y6ippeq6OWy8IlORAskG2tQ5CDk7WWhE-7fc&dib_tag=se&m=A3UEK3VBJ6ADB7&marketplaceID=A19VAU5U5O7RUS&qid=1776495533&refinements=p_36%3A10500-11000&s=merchant-items&sr=1-21&xpid=knzqKJR7kVrIO#customerReviews,蒸気機関車メカニズム図鑑
4876873178,,,,
4876160546,JP Oversized,105.82,https://www.amazon.sg/%E3%81%B2%E3%81%8C%E3%81%9F%E8%A8%98/dp/4876160546/ref=sr_1_22?dib=eyJ2IjoiMSJ9.yen2bD4uyIzbfvrrAtwxeL95yvrqfuzWkQrZScT27_AzNMxCbIRTjZ1hRYEVdunJjjz1JNbCw-HMkyPxrOLjve9ONWo71866ezwTgl6AyXWbprZDZp6zUsg4LuiXFmv9Tf_Zg0HtGYqzDIar6k1QhNrg-FIi9BfU2UTBj6Z-ll2mNAzu8-zY4hIi7OEn4yhzdgMNZC1u_oWQmVejN7ryXp_oC_2vbzmaQalOUZ4pv3c.84f-103y6ippeq6OWy8IlORAskG2tQ5CDk7WWhE-7fc&dib_tag=se&m=A3UEK3VBJ6ADB7&marketplaceID=A19VAU5U5O7RUS&qid=1776495533&refinements=p_36%3A10500-11000&s=merchant-items&sr=1-22&xpid=knzqKJR7kVrIO,ひがた記
4876160546,,,,
4875865961,Tankobon Hardcover,108.57,https://www.amazon.sg/%E5%B1%B1%E6%9C%AC%E5%A4%A7%E8%B2%B4%E6%B2%B9%E5%BD%A9%E7%94%BB%E9%9B%86-Reminiscence-%E5%B1%B1%E6%9C%AC%E5%A4%A7%E8%B2%B4/dp/4875865961/ref=sr_1_23?dib=eyJ2IjoiMSJ9.yen2bD4uyIzbfvrrAtwxeL95yvrqfuzWkQrZScT27_AzNMxCbIRTjZ1hRYEVdunJjjz1JNbCw-HMkyPxrOLjve9ONWo71866ezwTgl6AyXWbprZDZp6zUsg4LuiXFmv9Tf_Zg0HtGYqzDIar6k1QhNrg-FIi9BfU2UTBj6Z-ll2mNAzu8-zY4hIi7OEn4yhzdgMNZC1u_oWQmVejN7ryXp_oC_2vbzmaQalOUZ4pv3c.84f-103y6ippeq6OWy8IlORAskG2tQ5CDk7WWhE-7fc&dib_tag=se&m=A3UEK3VBJ6ADB7&marketplaceID=A19VAU5U5O7RUS&qid=1776495533&refinements=p_36%3A10500-11000&s=merchant-items&sr=1-23&xpid=knzqKJR7kVrIO#customerReviews,山本大貴油彩画集 Reminiscence
4875865961,,,,
4865592199,Tankobon Softcover,105.13,https://www.amazon.sg/%E6%A5%BD%E8%AD%9C%E3%81%A7%E3%82%8F%E3%81%8B%E3%82%8B20%E4%B8%96%E7%B4%80%E9%9F%B3%E6%A5%BD-%E4%B9%85%E4%BF%9D%E7%94%B0%E6%85%B6%E4%B8%80/dp/4865592199/ref=sr_1_24?dib=eyJ2IjoiMSJ9.yen2bD4uyIzbfvrrAtwxeL95yvrqfuzWkQrZScT27_AzNMxCbIRTjZ1hRYEVdunJjjz1JNbCw-HMkyPxrOLjve9ONWo71866ezwTgl6AyXWbprZDZp6zUsg4LuiXFmv9Tf_Zg0HtGYqzDIar6k1QhNrg-FIi9BfU2UTBj6Z-ll2mNAzu8-zY4hIi7OEn4yhzdgMNZC1u_oWQmVejN7ryXp_oC_2vbzmaQalOUZ4pv3c.84f-103y6ippeq6OWy8IlORAskG2tQ5CDk7WWhE-7fc&dib_tag=se&m=A3UEK3VBJ6ADB7&marketplaceID=A19VAU5U5O7RUS&qid=1776495533&refinements=p_36%3A10500-11000&s=merchant-items&sr=1-24&xpid=knzqKJR7kVrIO#customerReviews,楽譜でわかる20世紀音楽
4865592199,,,,
4863271255,Tankobon Hardcover,109.9,https://www.amazon.sg/%E6%95%99%E8%82%B2%E6%96%87%E6%B3%95%E7%9A%84%E8%A6%B3%E7%82%B9%E3%81%AB%E3%82%88%E3%82%8B%E6%97%A5%E6%9C%AC%E4%BA%BA%E8%8B%B1%E8%AA%9E%E5%AD%A6%E7%BF%92%E8%80%85%E3%81%B8%E3%81%AE%E5%86%A0%E8%A9%9E%E6%8C%87%E5%B0%8E-%E9%AB%98%E6%A9%8B-%E4%BF%8A%E7%AB%A0/dp/4863271255/ref=sr_1_25?dib=eyJ2IjoiMSJ9.yen2bD4uyIzbfvrrAtwxeL95yvrqfuzWkQrZScT27_AzNMxCbIRTjZ1hRYEVdunJjjz1JNbCw-HMkyPxrOLjve9ONWo71866ezwTgl6AyXWbprZDZp6zUsg4LuiXFmv9Tf_Zg0HtGYqzDIar6k1QhNrg-FIi9BfU2UTBj6Z-ll2mNAzu8-zY4hIi7OEn4yhzdgMNZC1u_oWQmVejN7ryXp_oC_2vbzmaQalOUZ4pv3c.84f-103y6ippeq6OWy8IlORAskG2tQ5CDk7WWhE-7fc&dib_tag=se&m=A3UEK3VBJ6ADB7&marketplaceID=A19VAU5U5O7RUS&qid=1776495533&refinements=p_36%3A10500-11000&s=merchant-items&sr=1-25&xpid=knzqKJR7kVrIO,教育文法的観点による日本人英語学習者への冠詞指導
4863271255,,,,
4862464653,JP Oversized,110.0,https://www.amazon.sg/%E3%82%A2%E3%83%8B%E3%83%A1CG%E3%81%AE%E7%8F%BE%E5%A0%B4-2020/dp/4862464653/ref=sr_1_26?dib=eyJ2IjoiMSJ9.yen2bD4uyIzbfvrrAtwxeL95yvrqfuzWkQrZScT27_AzNMxCbIRTjZ1hRYEVdunJjjz1JNbCw-HMkyPxrOLjve9ONWo71866ezwTgl6AyXWbprZDZp6zUsg4LuiXFmv9Tf_Zg0HtGYqzDIar6k1QhNrg-FIi9BfU2UTBj6Z-ll2mNAzu8-zY4hIi7OEn4yhzdgMNZC1u_oWQmVejN7ryXp_oC_2vbzmaQalOUZ4pv3c.84f-103y6ippeq6OWy8IlORAskG2tQ5CDk7WWhE-7fc&dib_tag=se&m=A3UEK3VBJ6ADB7&marketplaceID=A19VAU5U5O7RUS&qid=1776495533&refinements=p_36%3A10500-11000&s=merchant-items&sr=1-26&xpid=knzqKJR7kVrIO#customerReviews,アニメCGの現場 2020
4862464653,,,,
4862380263,Tankobon Hardcover,108.32,https://www.amazon.sg/%E3%83%95%E3%82%A9%E3%83%88%E3%83%BB%E3%83%89%E3%82%AD%E3%83%A5%E3%83%A1%E3%83%B3%E3%82%BF%E3%83%AA%E3%83%BC%E3%80%8CNIPPON%E3%80%8D/dp/4862380263/ref=sr_1_27?dib=eyJ2IjoiMSJ9.yen2bD4uyIzbfvrrAtwxeL95yvrqfuzWkQrZScT27_AzNMxCbIRTjZ1hRYEVdunJjjz1JNbCw-HMkyPxrOLjve9ONWo71866ezwTgl6AyXWbprZDZp6zUsg4LuiXFmv9Tf_Zg0HtGYqzDIar6k1QhNrg-FIi9BfU2UTBj6Z-ll2mNAzu8-zY4hIi7OEn4yhzdgMNZC1u_oWQmVejN7ryXp_oC_2vbzmaQalOUZ4pv3c.84f-103y6ippeq6OWy8IlORAskG2tQ5CDk7WWhE-7fc&dib_tag=se&m=A3UEK3VBJ6ADB7&marketplaceID=A19VAU5U5O7RUS&qid=1776495533&refinements=p_36%3A10500-11000&s=merchant-items&sr=1-27&xpid=knzqKJR7kVrIO,フォト・ドキュメンタリー「NIPPON」
4862380263,,,,
4861823455,Tankobon Hardcover,108.79,https://www.amazon.sg/%E3%80%88%E8%B3%87%E6%9C%AC%E8%AB%96%E3%80%89%E5%85%A5%E9%96%80-%E3%83%87%E3%83%B4%E3%82%A3%E3%83%83%E3%83%89%E3%83%BB%E3%83%8F%E3%83%BC%E3%83%B4%E3%82%A7%E3%82%A4/dp/4861823455/ref=sr_1_28?dib=eyJ2IjoiMSJ9.yen2bD4uyIzbfvrrAtwxeL95yvrqfuzWkQrZScT27_AzNMxCbIRTjZ1hRYEVdunJjjz1JNbCw-HMkyPxrOLjve9ONWo71866ezwTgl6AyXWbprZDZp6zUsg4LuiXFmv9Tf_Zg0HtGYqzDIar6k1QhNrg-FIi9BfU2UTBj6Z-ll2mNAzu8-zY4hIi7OEn4yhzdgMNZC1u_oWQmVejN7ryXp_oC_2vbzmaQalOUZ4pv3c.84f-103y6ippeq6OWy8IlORAskG2tQ5CDk7WWhE-7fc&dib_tag=se&m=A3UEK3VBJ6ADB7&marketplaceID=A19VAU5U5O7RUS&qid=1776495533&refinements=p_36%3A10500-11000&s=merchant-items&sr=1-28&xpid=knzqKJR7kVrIO#customerReviews,〈資本論〉入門
4861823455,,,,
4846015289,Tankobon Hardcover,112.95,https://www.amazon.sg/%E5%87%BA%E7%89%88%E7%8A%B6%E6%B3%81%E3%82%AF%E3%83%AD%E3%83%8B%E3%82%AF%E3%83%AB%E3%80%884%E3%80%892012-1-2015-12/dp/4846015289/ref=sr_1_29?dib=eyJ2IjoiMSJ9.yen2bD4uyIzbfvrrAtwxeL95yvrqfuzWkQrZScT27_AzNMxCbIRTjZ1hRYEVdunJjjz1JNbCw-HMkyPxrOLjve9ONWo71866ezwTgl6AyXWbprZDZp6zUsg4LuiXFmv9Tf_Zg0HtGYqzDIar6k1QhNrg-FIi9BfU2UTBj6Z-ll2mNAzu8-zY4hIi7OEn4yhzdgMNZC1u_oWQmVejN7ryXp_oC_2vbzmaQalOUZ4pv3c.84f-103y6ippeq6OWy8IlORAskG2tQ5CDk7WWhE-7fc&dib_tag=se&m=A3UEK3VBJ6ADB7&marketplaceID=A19VAU5U5O7RUS&qid=1776495533&refinements=p_36%3A10500-11000&s=merchant-items&sr=1-29&xpid=knzqKJR7kVrIO#customerReviews,出版状況クロニクル〈4〉2012.1~2015.12
4846015289,,,,
4840472599,Tankobon Softcover,105.96,https://www.amazon.sg/%E7%94%A3%E7%A7%91%E3%81%AE%E6%84%9F%E6%9F%93%E9%98%B2%E5%BE%A1%E3%82%AC%E3%82%A4%E3%83%89-%E6%96%B0%E5%9E%8B%E3%82%B3%E3%83%AD%E3%83%8A%E3%82%A6%E3%82%A4%E3%83%AB%E3%82%B9%E6%84%9F%E6%9F%93%E7%97%87%E3%81%AB%E5%82%99%E3%81%88%E3%82%8B%E6%8C%87%E9%87%9D/dp/4840472599/ref=sr_1_30?dib=eyJ2IjoiMSJ9.yen2bD4uyIzbfvrrAtwxeL95yvrqfuzWkQrZScT27_AzNMxCbIRTjZ1hRYEVdunJjjz1JNbCw-HMkyPxrOLjve9ONWo71866ezwTgl6AyXWbprZDZp6zUsg4LuiXFmv9Tf_Zg0HtGYqzDIar6k1QhNrg-FIi9BfU2UTBj6Z-ll2mNAzu8-zY4hIi7OEn4yhzdgMNZC1u_oWQmVejN7ryXp_oC_2vbzmaQalOUZ4pv3c.84f-103y6ippeq6OWy8IlORAskG2tQ5CDk7WWhE-7fc&dib_tag=se&m=A3UEK3VBJ6ADB7&marketplaceID=A19VAU5U5O7RUS&qid=1776495533&refinements=p_36%3A10500-11000&s=merchant-items&sr=1-30&xpid=knzqKJR7kVrIO#customerReviews,産科の感染防御ガイド: 新型コロナウイルス感染症に備える指針
4840472599,,,,
4835457986,Comic,105.66,https://www.amazon.sg/%E3%80%8C%E3%82%AD%E3%83%A3%E3%83%97%E3%83%86%E3%83%B3%E3%80%8D%E3%81%AE%E5%89%8D-%E3%81%A1%E3%81%B0%E3%81%82%E3%81%8D%E3%81%8A%E5%88%9D%E6%9C%9F%E4%BD%9C%E5%93%81%E9%9B%86/dp/4835457986/ref=sr_1_31?dib=eyJ2IjoiMSJ9.yen2bD4uyIzbfvrrAtwxeL95yvrqfuzWkQrZScT27_AzNMxCbIRTjZ1hRYEVdunJjjz1JNbCw-HMkyPxrOLjve9ONWo71866ezwTgl6AyXWbprZDZp6zUsg4LuiXFmv9Tf_Zg0HtGYqzDIar6k1QhNrg-FIi9BfU2UTBj6Z-ll2mNAzu8-zY4hIi7OEn4yhzdgMNZC1u_oWQmVejN7ryXp_oC_2vbzmaQalOUZ4pv3c.84f-103y6ippeq6OWy8IlORAskG2tQ5CDk7WWhE-7fc&dib_tag=se&m=A3UEK3VBJ6ADB7&marketplaceID=A19VAU5U5O7RUS&qid=1776495533&refinements=p_36%3A10500-11000&s=merchant-items&sr=1-31&xpid=knzqKJR7kVrIO#customerReviews,「キャプテン」の前 -ちばあきお初期作品集
4835457986,,,,
4835455002,Comic,106.95,https://www.amazon.sg/%E7%8F%BE%E4%BB%A3%E3%82%B3%E3%83%9F%E3%82%AF%E3%82%B9%E7%89%88%E3%82%A6%E3%83%AB%E3%83%88%E3%83%A9%E3%83%9E%E3%83%B3-%E4%B8%8B-3-%E4%BA%95%E4%B8%8A-%E8%8B%B1%E6%B2%96/dp/4835455002/ref=sr_1_32?dib=eyJ2IjoiMSJ9.yen2bD4uyIzbfvrrAtwxeL95yvrqfuzWkQrZScT27_AzNMxCbIRTjZ1hRYEVdunJjjz1JNbCw-HMkyPxrOLjve9ONWo71866ezwTgl6AyXWbprZDZp6zUsg4LuiXFmv9Tf_Zg0HtGYqzDIar6k1QhNrg-FIi9BfU2UTBj6Z-ll2mNAzu8-zY4hIi7OEn4yhzdgMNZC1u_oWQmVejN7ryXp_oC_2vbzmaQalOUZ4pv3c.84f-103y6ippeq6OWy8IlORAskG2tQ5CDk7WWhE-7fc&dib_tag=se&m=A3UEK3VBJ6ADB7&marketplaceID=A19VAU5U5O7RUS&qid=1776495533&refinements=p_36%3A10500-11000&s=merchant-items&sr=1-32&xpid=knzqKJR7kVrIO#customerReviews,現代コミクス版ウルトラマン 下: 3
4835455002,,,,
4834253368,Tankobon Hardcover,105.11,https://www.amazon.sg/%E6%9B%B8%E8%A9%95%E3%81%AE%E6%98%9F%E5%BA%A7-%E5%90%89%E7%94%B0%E8%B1%AA%E3%81%AE%E6%A0%BC%E9%97%98%E6%8A%80%E6%9C%AC%E3%83%A1%E3%83%83%E3%82%BF%E6%96%AC%E3%82%8A-2005-2019-%E5%90%89%E7%94%B0-%E8%B1%AA/dp/4834253368/ref=sr_1_33?dib=eyJ2IjoiMSJ9.tfG8BubKiCvf2DkrRvMwAp_fZ5Mi9LIi3GyHwu11t2M7ZgltJVUK8-j6qiVjjnNd8vzA870XczuplzmDbpiceg.VaNK814FH8TuWWOLIxaYqh2GgMz_uZDe9dt8-RCLwaY&dib_tag=se&m=A3UEK3VBJ6ADB7&marketplaceID=A19VAU5U5O7RUS&qid=1776495540&refinements=p_36%3A10500-11000&s=merchant-items&sr=1-33&xpid=knzqKJR7kVrIO#customerReviews,書評の星座 吉田豪の格闘技本メッタ斬り 2005-2019
4834253368,,,,
481882299X,Tankobon Hardcover,109.61,https://www.amazon.sg/%E9%87%91%E8%9E%8D%E5%8D%B1%E6%A9%9F%E3%81%AE%E7%90%86%E8%AB%96%E3%81%A8%E7%8F%BE%E5%AE%9F-%E3%83%9F%E3%83%B3%E3%82%B9%E3%82%AD%E3%83%BC%E3%83%BB%E3%82%AF%E3%83%A9%E3%82%A4%E3%82%B7%E3%82%B9%E3%81%AE%E8%A7%A3%E6%98%8E-%E3%83%9D%E3%82%B9%E3%83%88%E3%83%BB%E3%82%B1%E3%82%A4%E3%83%B3%E3%82%B8%E3%82%A2%E3%83%B3%E5%8F%A2%E6%9B%B8-37/dp/481882299X/ref=sr_1_34?dib=eyJ2IjoiMSJ9.tfG8BubKiCvf2DkrRvMwAp_fZ5Mi9LIi3GyHwu11t2M7ZgltJVUK8-j6qiVjjnNd8vzA870XczuplzmDbpiceg.VaNK814FH8TuWWOLIxaYqh2GgMz_uZDe9dt8-RCLwaY&dib_tag=se&m=A3UEK3VBJ6ADB7&marketplaceID=A19VAU5U5O7RUS&qid=1776495540&refinements=p_36%3A10500-11000&s=merchant-items&sr=1-34&xpid=knzqKJR7kVrIO#customerReviews,金融危機の理論と現実: ミンスキー・クライシスの解明 (ポスト・ケインジアン叢書): 37
481882299X,,,,
4816371702,JP Oversized,112.95,https://www.amazon.sg/%E3%82%A4%E3%83%A9%E3%82%B9%E3%83%88%E3%81%A7%E3%82%8F%E3%81%8B%E3%82%8B%E5%BB%BA%E7%AF%89%E6%96%BD%E5%B7%A5%E3%80%90%E3%82%AA%E3%83%BC%E3%83%AB%E3%82%AB%E3%83%A9%E3%83%BC%E3%80%91-%E4%BA%95%E4%B8%8A%E5%9B%BD%E5%8D%9A/dp/4816371702/ref=sr_1_35?dib=eyJ2IjoiMSJ9.tfG8BubKiCvf2DkrRvMwAp_fZ5Mi9LIi3GyHwu11t2M7ZgltJVUK8-j6qiVjjnNd8vzA870XczuplzmDbpiceg.VaNK814FH8TuWWOLIxaYqh2GgMz_uZDe9dt8-RCLwaY&dib_tag=se&m=A3UEK3VBJ6ADB7&marketplaceID=A19VAU5U5O7RUS&qid=1776495540&refinements=p_36%3A10500-11000&s=merchant-items&sr=1-35&xpid=knzqKJR7kVrIO#customerReviews,イラストでわかる建築施工【オールカラー】
4816371702,,,,
4807162020,Tankobon Hardcover,108.84,https://www.amazon.sg/%E5%9C%B0%E5%A0%B4%E7%94%A3%E6%A5%AD%E3%83%BB%E9%81%8B%E8%BC%B8%E3%83%BB%E8%B2%BF%E6%98%93%E3%83%BB%E6%83%85%E5%A0%B1%E7%94%A3%E6%A5%AD%E3%83%BB%E7%92%B0%E5%A2%83%E4%BF%9D%E5%85%A8-%E3%82%A4%E3%83%A9%E3%82%B9%E3%83%88%E3%81%A8%E5%9C%B0%E5%9B%B3%E3%81%8B%E3%82%89%E3%81%BF%E3%81%A4%E3%81%91%E3%82%8B-%E6%97%A5%E6%9C%AC%E3%81%AE%E7%94%A3%E6%A5%AD%E3%83%BB%E8%87%AA%E7%84%B6-%E7%AC%AC4%E5%B7%BB/dp/4807162020/ref=sr_1_36?dib=eyJ2IjoiMSJ9.tfG8BubKiCvf2DkrRvMwAp_fZ5Mi9LIi3GyHwu11t2M7ZgltJVUK8-j6qiVjjnNd8vzA870XczuplzmDbpiceg.VaNK814FH8TuWWOLIxaYqh2GgMz_uZDe9dt8-RCLwaY&dib_tag=se&m=A3UEK3VBJ6ADB7&marketplaceID=A19VAU5U5O7RUS&qid=1776495540&refinements=p_36%3A10500-11000&s=merchant-items&sr=1-36&xpid=knzqKJR7kVrIO,地場産業・運輸・貿易・情報産業・環境保全 (イラストと地図からみつける! 日本の産業・自然): 第4巻
4807162020,,,,
4788514699,Tankobon Hardcover,109.26,https://www.amazon.sg/%E9%83%BD%E5%B8%82%E3%81%AB%E5%88%BB%E3%82%80%E8%BB%8C%E8%B7%A1-%E3%82%B9%E3%82%B1%E3%83%BC%E3%83%88%E3%83%9C%E3%83%BC%E3%83%80%E3%83%BC%E3%81%AE%E3%82%A8%E3%82%B9%E3%83%8E%E3%82%B0%E3%83%A9%E3%83%95%E3%82%A3%E3%83%BC-%E7%94%B0%E4%B8%AD-%E7%A0%94%E4%B9%8B%E8%BC%94/dp/4788514699/ref=sr_1_37?dib=eyJ2IjoiMSJ9.tfG8BubKiCvf2DkrRvMwAp_fZ5Mi9LIi3GyHwu11t2M7ZgltJVUK8-j6qiVjjnNd8vzA870XczuplzmDbpiceg.VaNK814FH8TuWWOLIxaYqh2GgMz_uZDe9dt8-RCLwaY&dib_tag=se&m=A3UEK3VBJ6ADB7&marketplaceID=A19VAU5U5O7RUS&qid=1776495540&refinements=p_36%3A10500-11000&s=merchant-items&sr=1-37&xpid=knzqKJR7kVrIO#customerReviews,都市に刻む軌跡: スケートボーダーのエスノグラフィー
4788514699,,,,
4781702430,Tankobon Hardcover,107.73,https://www.amazon.sg/IoT%E3%82%BD%E3%83%95%E3%83%88%E3%82%A6%E3%82%A7%E3%82%A2%E7%84%A1%E7%B7%9A%E3%81%AE%E6%95%99%E7%A7%91%E6%9B%B8-%E3%83%8F%E3%83%83%E3%82%AB%E3%83%BC%E3%81%AE%E6%8A%80%E8%A1%93%E6%9B%B8-%E4%B8%8A%E6%9D%BE-%E4%BA%AE%E4%BB%8B/dp/4781702430/ref=sr_1_33?dib=eyJ2IjoiMSJ9.qbMPX5SfBwQtGXFIUhH0asZwYnEmRmETgOwjtvk6wMBJUV2yuIvON0qK9uCY7RkSuMkaIY-EPMUfpRCdR0U6SmDxoN7ZmcIzO3slsOF4CUQsDPr_tdjbW8r8NvLItFur4D6AtBKk6060plzbAaA6C9KwgPcyCZY0eQGAT0DkJ5Y.H0lCjre-VqfSwHLQ1eYfhYyq6X_9ny-_IgXLV1STgC4&dib_tag=se&m=A3UEK3VBJ6ADB7&marketplaceID=A19VAU5U5O7RUS&qid=1776495540&refinements=p_36%3A10500-11000&s=merchant-items&sr=1-33&xpid=knzqKJR7kVrIO#customerReviews,IoTソフトウェア無線の教科書 (ハッカーの技術書)
4781702430,,,,
4780301726,Tankobon Hardcover,107.73,https://www.amazon.sg/%E6%84%8F%E5%91%B3%E3%81%8B%E3%82%89%E3%81%8A%E3%81%BC%E3%81%88%E3%82%8B%E6%BC%A2%E5%AD%97%E3%82%A4%E3%83%A9%E3%82%B9%E3%83%88%E3%82%AB%E3%83%BC%E3%83%89-2%E5%B9%B4%E7%94%9F-%E4%B8%8B-%E7%89%B9%E5%88%A5%E6%94%AF%E6%8F%B4%E6%95%99%E8%82%B2%E3%81%AE%E3%82%AB%E3%83%BC%E3%83%89%E6%95%99%E6%9D%90-%E3%83%90%E3%83%A9%E3%82%A8%E3%83%86%E3%82%A3/dp/4780301726/ref=sr_1_34?dib=eyJ2IjoiMSJ9.qbMPX5SfBwQtGXFIUhH0asZwYnEmRmETgOwjtvk6wMBJUV2yuIvON0qK9uCY7RkSuMkaIY-EPMUfpRCdR0U6SmDxoN7ZmcIzO3slsOF4CUQsDPr_tdjbW8r8NvLItFur4D6AtBKk6060plzbAaA6C9KwgPcyCZY0eQGAT0DkJ5Y.H0lCjre-VqfSwHLQ1eYfhYyq6X_9ny-_IgXLV1STgC4&dib_tag=se&m=A3UEK3VBJ6ADB7&marketplaceID=A19VAU5U5O7RUS&qid=1776495540&refinements=p_36%3A10500-11000&s=merchant-items&sr=1-34&xpid=knzqKJR7kVrIO#customerReviews,意味からおぼえる漢字イラストカード 2年生 下 (特別支援教育のカード教材) ([バラエティ] [特別支援教育のカード教材]): 3
4780301726,,,,
4774195510,Tankobon Softcover,105.85,https://www.amazon.sg/%E4%B8%96%E7%95%8C%E4%B8%80%E3%82%8F%E3%81%8B%E3%82%8A%E3%82%84%E3%81%99%E3%81%84-Illustrator-Photoshop-%E6%93%8D%E4%BD%9C%E3%81%A8%E3%83%87%E3%82%B6%E3%82%A4%E3%83%B3%E3%81%AE%E6%95%99%E7%A7%91%E6%9B%B8-CS6%E5%AF%BE%E5%BF%9C%E7%89%88/dp/4774195510/ref=sr_1_35?dib=eyJ2IjoiMSJ9.qbMPX5SfBwQtGXFIUhH0asZwYnEmRmETgOwjtvk6wMBJUV2yuIvON0qK9uCY7RkSuMkaIY-EPMUfpRCdR0U6SmDxoN7ZmcIzO3slsOF4CUQsDPr_tdjbW8r8NvLItFur4D6AtBKk6060plzbAaA6C9KwgPcyCZY0eQGAT0DkJ5Y.H0lCjre-VqfSwHLQ1eYfhYyq6X_9ny-_IgXLV1STgC4&dib_tag=se&m=A3UEK3VBJ6ADB7&marketplaceID=A19VAU5U5O7RUS&qid=1776495540&refinements=p_36%3A10500-11000&s=merchant-items&sr=1-35&xpid=knzqKJR7kVrIO#customerReviews,世界一わかりやすい Illustrator & Photoshop 操作とデザインの教科書 CC/CS6対応版
4774195510,,,,
4773249137,Sheet music,106.67,https://www.amazon.sg/%E3%83%94%E3%82%A2%E3%83%8E%E6%9B%B2%E9%9B%86-%E6%BE%A4%E9%87%8E%E5%BC%98%E4%B9%8B-%E3%82%B3%E3%83%AC%E3%82%AF%E3%82%B7%E3%83%A7%E3%83%B3/dp/4773249137/ref=sr_1_36?dib=eyJ2IjoiMSJ9.qbMPX5SfBwQtGXFIUhH0asZwYnEmRmETgOwjtvk6wMBJUV2yuIvON0qK9uCY7RkSuMkaIY-EPMUfpRCdR0U6SmDxoN7ZmcIzO3slsOF4CUQsDPr_tdjbW8r8NvLItFur4D6AtBKk6060plzbAaA6C9KwgPcyCZY0eQGAT0DkJ5Y.H0lCjre-VqfSwHLQ1eYfhYyq6X_9ny-_IgXLV1STgC4&dib_tag=se&m=A3UEK3VBJ6ADB7&marketplaceID=A19VAU5U5O7RUS&qid=1776495540&refinements=p_36%3A10500-11000&s=merchant-items&sr=1-36&xpid=knzqKJR7kVrIO#customerReviews,ピアノ曲集 澤野弘之 コレクション
4773249137,,,,
4766119851,JP Oversized,107.64,https://www.amazon.sg/Su%C3%8C-pa%C3%8C-kyara-mono-dessan/dp/4766119851/ref=sr_1_37?dib=eyJ2IjoiMSJ9.qbMPX5SfBwQtGXFIUhH0asZwYnEmRmETgOwjtvk6wMBJUV2yuIvON0qK9uCY7RkSuMkaIY-EPMUfpRCdR0U6SmDxoN7ZmcIzO3slsOF4CUQsDPr_tdjbW8r8NvLItFur4D6AtBKk6060plzbAaA6C9KwgPcyCZY0eQGAT0DkJ5Y.H0lCjre-VqfSwHLQ1eYfhYyq6X_9ny-_IgXLV1STgC4&dib_tag=se&m=A3UEK3VBJ6ADB7&marketplaceID=A19VAU5U5O7RUS&qid=1776495540&refinements=p_36%3A10500-11000&s=merchant-items&sr=1-37&xpid=knzqKJR7kVrIO#customerReviews,"SuÌ""paÌ"" kyara mono dessan : How to draw manga"
4766119851,,,,
4758014973,Tankobon Softcover,109.41,https://www.amazon.sg/%E7%8E%B0%E8%B4%A7-%E6%97%A5%E7%89%88-%E7%A2%A7%E8%93%9D%E5%B9%BB%E6%83%B3-%E7%94%BB%E9%9B%86-%E3%82%B0%E3%83%A9%E3%83%B3%E3%83%96%E3%83%AB%E3%83%BC%E3%83%95%E3%82%A1%E3%83%B3%E3%82%BF%E3%82%B8%E3%83%BCGRAPHI/dp/4758014973/ref=sr_1_38?dib=eyJ2IjoiMSJ9.qbMPX5SfBwQtGXFIUhH0asZwYnEmRmETgOwjtvk6wMBJUV2yuIvON0qK9uCY7RkSuMkaIY-EPMUfpRCdR0U6SmDxoN7ZmcIzO3slsOF4CUQsDPr_tdjbW8r8NvLItFur4D6AtBKk6060plzbAaA6C9KwgPcyCZY0eQGAT0DkJ5Y.H0lCjre-VqfSwHLQ1eYfhYyq6X_9ny-_IgXLV1STgC4&dib_tag=se&m=A3UEK3VBJ6ADB7&marketplaceID=A19VAU5U5O7RUS&qid=1776495540&refinements=p_36%3A10500-11000&s=merchant-items&sr=1-38&xpid=knzqKJR7kVrIO#customerReviews,现货 日版 碧蓝幻想 画集 2 グランブルーファンタジーGRAPHI 2
4758014973,,,,
4756249612,Tankobon Softcover,108.49,https://www.amazon.sg/%E7%9B%AE%E3%81%A7%E8%A6%9A%E3%81%88%E3%82%8B%E7%BE%8E%E8%A1%93%E8%A7%A3%E5%89%96%E5%AD%A6-%E3%83%AD%E3%83%99%E3%83%AB%E3%83%88%E3%83%BB%E3%82%AA%E3%82%B9%E3%83%86%E3%82%A3/dp/4756249612/ref=sr_1_39?dib=eyJ2IjoiMSJ9.qbMPX5SfBwQtGXFIUhH0asZwYnEmRmETgOwjtvk6wMBJUV2yuIvON0qK9uCY7RkSuMkaIY-EPMUfpRCdR0U6SmDxoN7ZmcIzO3slsOF4CUQsDPr_tdjbW8r8NvLItFur4D6AtBKk6060plzbAaA6C9KwgPcyCZY0eQGAT0DkJ5Y.H0lCjre-VqfSwHLQ1eYfhYyq6X_9ny-_IgXLV1STgC4&dib_tag=se&m=A3UEK3VBJ6ADB7&marketplaceID=A19VAU5U5O7RUS&qid=1776495540&refinements=p_36%3A10500-11000&s=merchant-items&sr=1-39&xpid=knzqKJR7kVrIO#customerReviews,目で覚える美術解剖学
4756249612,,,,
4636020685,Sheet music,106.79,https://www.amazon.sg/%E3%83%99%E3%83%83%E3%83%AA%E3%83%BC%E3%83%8B-%E3%82%AA%E3%83%9A%E3%83%A9%E3%80%8C%E6%B8%85%E6%95%99%E5%BE%92%E3%80%8D-%E3%83%AA%E3%82%B3%E3%83%AB%E3%83%87%E3%82%A3%E7%A4%BE-%E3%83%94%E3%82%A2%E3%83%8E%E3%83%BB%E3%83%B4%E3%82%A9%E3%83%BC%E3%82%AB%E3%83%AB%E3%83%BB%E3%82%B9%E3%82%B3%E3%82%A2/dp/4636020685/ref=sr_1_40?dib=eyJ2IjoiMSJ9.qbMPX5SfBwQtGXFIUhH0asZwYnEmRmETgOwjtvk6wMBJUV2yuIvON0qK9uCY7RkSuMkaIY-EPMUfpRCdR0U6SmDxoN7ZmcIzO3slsOF4CUQsDPr_tdjbW8r8NvLItFur4D6AtBKk6060plzbAaA6C9KwgPcyCZY0eQGAT0DkJ5Y.H0lCjre-VqfSwHLQ1eYfhYyq6X_9ny-_IgXLV1STgC4&dib_tag=se&m=A3UEK3VBJ6ADB7&marketplaceID=A19VAU5U5O7RUS&qid=1776495540&refinements=p_36%3A10500-11000&s=merchant-items&sr=1-40&xpid=knzqKJR7kVrIO#customerReviews,ベッリーニ : オペラ「清教徒」/リコルディ社/ピアノ・ヴォーカル・スコア
4636020685,,,,
4636018168,Sheet music,106.69,https://www.amazon.sg/%E3%83%96%E3%83%A9%E3%83%BC%E3%83%A0%E3%82%B9-%E6%AD%8C%E6%9B%B2%E9%9B%86-%E7%AC%AC2%E5%B7%BB-%E4%BD%8E%E5%A3%B0%E7%94%A8-%E3%83%9A%E3%83%BC%E3%82%BF%E3%83%BC%E3%82%B9%E7%A4%BE/dp/4636018168/ref=sr_1_41?dib=eyJ2IjoiMSJ9.qbMPX5SfBwQtGXFIUhH0asZwYnEmRmETgOwjtvk6wMBJUV2yuIvON0qK9uCY7RkSuMkaIY-EPMUfpRCdR0U6SmDxoN7ZmcIzO3slsOF4CUQsDPr_tdjbW8r8NvLItFur4D6AtBKk6060plzbAaA6C9KwgPcyCZY0eQGAT0DkJ5Y.H0lCjre-VqfSwHLQ1eYfhYyq6X_9ny-_IgXLV1STgC4&dib_tag=se&m=A3UEK3VBJ6ADB7&marketplaceID=A19VAU5U5O7RUS&qid=1776495540&refinements=p_36%3A10500-11000&s=merchant-items&sr=1-41&xpid=knzqKJR7kVrIO#customerReviews,ブラームス : 歌曲集 第2巻/低声用(独語)/ペータース社
4636018168,,,,
4636017897,Sheet music,107.18,https://www.amazon.sg/%E3%82%B7%E3%83%A5%E3%83%BC%E3%83%9E%E3%83%B3-%E6%AD%8C%E6%9B%B2%E9%9B%86-%E7%AC%AC2%E5%B7%BB-%E9%AB%98%E5%A3%B0%E7%94%A8-%E3%83%9A%E3%83%BC%E3%82%BF%E3%83%BC%E3%82%B9%E7%A4%BE/dp/4636017897/ref=sr_1_42?dib=eyJ2IjoiMSJ9.qbMPX5SfBwQtGXFIUhH0asZwYnEmRmETgOwjtvk6wMBJUV2yuIvON0qK9uCY7RkSuMkaIY-EPMUfpRCdR0U6SmDxoN7ZmcIzO3slsOF4CUQsDPr_tdjbW8r8NvLItFur4D6AtBKk6060plzbAaA6C9KwgPcyCZY0eQGAT0DkJ5Y.H0lCjre-VqfSwHLQ1eYfhYyq6X_9ny-_IgXLV1STgC4&dib_tag=se&m=A3UEK3VBJ6ADB7&marketplaceID=A19VAU5U5O7RUS&qid=1776495540&refinements=p_36%3A10500-11000&s=merchant-items&sr=1-42&xpid=knzqKJR7kVrIO,シューマン : 歌曲集 第2巻/高声用(独語)/ペータース社
4636017897,,,,
4524220364,Tankobon Hardcover,108.11,https://www.amazon.sg/%E3%83%90%E3%82%A4%E3%82%AA%E3%82%B5%E3%82%A4%E3%82%A8%E3%83%B3%E3%82%B9%E3%81%AE%E7%B5%B1%E8%A8%88%E5%AD%A6-Kiyoshi-Ichihara/dp/4524220364/ref=sr_1_43?dib=eyJ2IjoiMSJ9.qbMPX5SfBwQtGXFIUhH0asZwYnEmRmETgOwjtvk6wMBJUV2yuIvON0qK9uCY7RkSuMkaIY-EPMUfpRCdR0U6SmDxoN7ZmcIzO3slsOF4CUQsDPr_tdjbW8r8NvLItFur4D6AtBKk6060plzbAaA6C9KwgPcyCZY0eQGAT0DkJ5Y.H0lCjre-VqfSwHLQ1eYfhYyq6X_9ny-_IgXLV1STgC4&dib_tag=se&m=A3UEK3VBJ6ADB7&marketplaceID=A19VAU5U5O7RUS&qid=1776495540&refinements=p_36%3A10500-11000&s=merchant-items&sr=1-43&xpid=knzqKJR7kVrIO#customerReviews,バイオサイエンスの統計学
4524220364,,,,
4497219208,Tankobon Hardcover,108.68,https://www.amazon.sg/%E4%B8%AD%E5%9B%BD%E5%8F%A4%E5%85%B8%E5%90%8D%E5%8A%87%E9%81%B8II-2/dp/4497219208/ref=sr_1_49?dib=eyJ2IjoiMSJ9.Umw3QbR0btjamVtpiUHiO2hM4xXMHWxWaBpfsshYny6OKL40YOTOXk7oNDJlaJOxNH44uKglJNEcF6mD2SUJMA.oK6axPmReW3GXrOi5h35BUxbJGiWBkFnIMjREmzmrYs&dib_tag=se&m=A3UEK3VBJ6ADB7&marketplaceID=A19VAU5U5O7RUS&qid=1776495546&refinements=p_36%3A10500-11000&s=merchant-items&sr=1-49&xpid=knzqKJR7kVrIO#customerReviews,中国古典名劇選II: 2
4497219208,,,,
4401359062,Sheet music,108.34,https://www.amazon.sg/%E3%83%90%E3%83%B3%E3%83%89%E3%83%BB%E3%82%B9%E3%82%B3%E3%82%A2-MO%E3%80%8CMO-BEST%E3%80%8D/dp/4401359062/ref=sr_1_50?dib=eyJ2IjoiMSJ9.Umw3QbR0btjamVtpiUHiO2hM4xXMHWxWaBpfsshYny6OKL40YOTOXk7oNDJlaJOxNH44uKglJNEcF6mD2SUJMA.oK6axPmReW3GXrOi5h35BUxbJGiWBkFnIMjREmzmrYs&dib_tag=se&m=A3UEK3VBJ6ADB7&marketplaceID=A19VAU5U5O7RUS&qid=1776495546&refinements=p_36%3A10500-11000&s=merchant-items&sr=1-50&xpid=knzqKJR7kVrIO#customerReviews,バンド・スコア MO「MO BEST」
4401359062,,,,
4401162595,Sheet music,105.11,https://www.amazon.sg/%E3%82%AE%E3%82%BF%E3%83%BC%E5%BC%BE%E3%81%8D%E8%AA%9E%E3%82%8A-%E3%82%AE%E3%82%BF%E3%83%AA%E3%82%B9%E3%83%88%E3%81%8C%E5%BC%BE%E3%81%8D%E3%81%9F%E3%81%84%E3%82%A2%E3%82%B3%E3%82%AE%E8%B6%85%E5%AE%9A%E7%95%AA%E6%9B%B2%E3%81%82%E3%81%A4%E3%82%81%E3%81%BE%E3%81%97%E3%81%9F%E3%80%82-%E3%83%AF%E3%82%A4%E3%83%89%E7%89%88/dp/4401162595/ref=sr_1_51?dib=eyJ2IjoiMSJ9.Umw3QbR0btjamVtpiUHiO2hM4xXMHWxWaBpfsshYny6OKL40YOTOXk7oNDJlaJOxNH44uKglJNEcF6mD2SUJMA.oK6axPmReW3GXrOi5h35BUxbJGiWBkFnIMjREmzmrYs&dib_tag=se&m=A3UEK3VBJ6ADB7&marketplaceID=A19VAU5U5O7RUS&qid=1776495546&refinements=p_36%3A10500-11000&s=merchant-items&sr=1-51&xpid=knzqKJR7kVrIO#customerReviews,ギター弾き語り ギタリストが弾きたいアコギ超定番曲あつめました。[ワイド版]
4401162595,,,,
4336055645,Tankobon Hardcover,107.75,https://www.amazon.sg/%E3%83%AD%E3%83%90%E3%83%BC%E3%83%88%E3%83%BB%E3%82%A2%E3%83%AB%E3%83%89%E3%83%AA%E3%83%83%E3%83%81%E5%A4%A7%E5%85%A8/dp/4336055645/ref=sr_1_52?dib=eyJ2IjoiMSJ9.Umw3QbR0btjamVtpiUHiO2hM4xXMHWxWaBpfsshYny6OKL40YOTOXk7oNDJlaJOxNH44uKglJNEcF6mD2SUJMA.oK6axPmReW3GXrOi5h35BUxbJGiWBkFnIMjREmzmrYs&dib_tag=se&m=A3UEK3VBJ6ADB7&marketplaceID=A19VAU5U5O7RUS&qid=1776495546&refinements=p_36%3A10500-11000&s=merchant-items&sr=1-52&xpid=knzqKJR7kVrIO#customerReviews,ロバート・アルドリッチ大全
4336055645,,,,
4309279236,Tankobon Hardcover,108.89,https://www.amazon.sg/%E7%BE%BD%E7%94%9F%E5%96%84%E6%B2%BB%E3%81%AE%E5%B0%86%E6%A3%8B%E5%85%A5%E9%96%80-%E3%82%B8%E3%83%A5%E3%83%8B%E3%82%A2%E7%89%88-%E7%BE%BD%E7%94%9F%E5%96%84%E6%B2%BB/dp/4309279236/ref=sr_1_53?dib=eyJ2IjoiMSJ9.Umw3QbR0btjamVtpiUHiO2hM4xXMHWxWaBpfsshYny6OKL40YOTOXk7oNDJlaJOxNH44uKglJNEcF6mD2SUJMA.oK6axPmReW3GXrOi5h35BUxbJGiWBkFnIMjREmzmrYs&dib_tag=se&m=A3UEK3VBJ6ADB7&marketplaceID=A19VAU5U5O7RUS&qid=1776495546&refinements=p_36%3A10500-11000&s=merchant-items&sr=1-53&xpid=knzqKJR7kVrIO#customerReviews,羽生善治の将棋入門 ジュニア版
4309279236,,,,
4309252648,JP Oversized,105.32,https://www.amazon.sg/%E5%9C%B0%E7%90%83-%E9%A9%9A%E7%95%B0%E3%81%AE%E8%87%AA%E7%84%B6%E7%8F%BE%E8%B1%A1/dp/4309252648/ref=sr_1_49?dib=eyJ2IjoiMSJ9.Zoc1t8ms_edZ4LqpE_H3mVzAeKeMerTRtl5ubg_rh5ncuCm1x1-cOT_BfsvkvJFdV54n0djdraPOW7rPsV3uTB7oQzYS5Cl5cPmsjDoGAL2dbxlmCCGMEQtmL07tDutqd1V81Hm_URLX-IywHFFKAFOATFGhBu2XkP06qRMeqqA.-Ta_R7mA-PmO6Dd32jA5de1kxg1N_OIO6c316nsK7xc&dib_tag=se&m=A3UEK3VBJ6ADB7&marketplaceID=A19VAU5U5O7RUS&qid=1776495546&refinements=p_36%3A10500-11000&s=merchant-items&sr=1-49&xpid=knzqKJR7kVrIO#customerReviews,地球 驚異の自然現象
4309252648,,,,
4295009849,Tankobon Softcover,108.28,https://www.amazon.sg/Python%E3%81%A7%E5%AD%A6%E3%81%B6%E9%9F%B3%E6%BA%90%E5%88%86%E9%9B%A2-%E6%A9%9F%E6%A2%B0%E5%AD%A6%E7%BF%92%E5%AE%9F%E8%B7%B5%E3%82%B7%E3%83%AA%E3%83%BC%E3%82%BA-%E6%88%B8%E4%B8%8A%E7%9C%9F%E4%BA%BA/dp/4295009849/ref=sr_1_50?dib=eyJ2IjoiMSJ9.Zoc1t8ms_edZ4LqpE_H3mVzAeKeMerTRtl5ubg_rh5ncuCm1x1-cOT_BfsvkvJFdV54n0djdraPOW7rPsV3uTB7oQzYS5Cl5cPmsjDoGAL2dbxlmCCGMEQtmL07tDutqd1V81Hm_URLX-IywHFFKAFOATFGhBu2XkP06qRMeqqA.-Ta_R7mA-PmO6Dd32jA5de1kxg1N_OIO6c316nsK7xc&dib_tag=se&m=A3UEK3VBJ6ADB7&marketplaceID=A19VAU5U5O7RUS&qid=1776495546&refinements=p_36%3A10500-11000&s=merchant-items&sr=1-50&xpid=knzqKJR7kVrIO#customerReviews,Pythonで学ぶ音源分離 機械学習実践シリーズ
4295009849,,,,
4274067416,Tankobon Hardcover,108.06,https://www.amazon.sg/%E3%83%9E%E3%83%B3%E3%82%AC%E3%81%A7%E3%82%8F%E3%81%8B%E3%82%8B%E7%B7%9A%E5%BD%A2%E4%BB%A3%E6%95%B0-%E9%AB%98%E6%A9%8B-%E4%BF%A1/dp/4274067416/ref=sr_1_51?dib=eyJ2IjoiMSJ9.Zoc1t8ms_edZ4LqpE_H3mVzAeKeMerTRtl5ubg_rh5ncuCm1x1-cOT_BfsvkvJFdV54n0djdraPOW7rPsV3uTB7oQzYS5Cl5cPmsjDoGAL2dbxlmCCGMEQtmL07tDutqd1V81Hm_URLX-IywHFFKAFOATFGhBu2XkP06qRMeqqA.-Ta_R7mA-PmO6Dd32jA5de1kxg1N_OIO6c316nsK7xc&dib_tag=se&m=A3UEK3VBJ6ADB7&marketplaceID=A19VAU5U5O7RUS&qid=1776495546&refinements=p_36%3A10500-11000&s=merchant-items&sr=1-51&xpid=knzqKJR7kVrIO#customerReviews,マンガでわかる線形代数
4274067416,,,,
4048864629,Tankobon Hardcover,106.39,https://www.amazon.sg/%E5%B9%BB%E6%83%B3%E6%B0%B4%E6%BB%B8%E4%BC%9D-%E7%B4%A1%E3%81%8C%E3%82%8C%E3%81%97%E7%99%BE%E5%B9%B4%E3%81%AE%E6%99%82-%E3%82%B6%E3%83%BB%E3%82%B3%E3%83%B3%E3%83%97%E3%83%AA%E3%83%BC%E3%83%88%E3%82%AC%E3%82%A4%E3%83%89/dp/4048864629/ref=sr_1_52?dib=eyJ2IjoiMSJ9.Zoc1t8ms_edZ4LqpE_H3mVzAeKeMerTRtl5ubg_rh5ncuCm1x1-cOT_BfsvkvJFdV54n0djdraPOW7rPsV3uTB7oQzYS5Cl5cPmsjDoGAL2dbxlmCCGMEQtmL07tDutqd1V81Hm_URLX-IywHFFKAFOATFGhBu2XkP06qRMeqqA.-Ta_R7mA-PmO6Dd32jA5de1kxg1N_OIO6c316nsK7xc&dib_tag=se&m=A3UEK3VBJ6ADB7&marketplaceID=A19VAU5U5O7RUS&qid=1776495546&refinements=p_36%3A10500-11000&s=merchant-items&sr=1-52&xpid=knzqKJR7kVrIO#customerReviews,幻想水滸伝 紡がれし百年の時　ザ・コンプリートガイド
4048864629,,,,
2726877850,Paperback,117.54,https://www.amazon.sg/Citro%C3%ABn-Berlingo-II-02-2012-ETAI/dp/2726877850/ref=sr_1_53?dib=eyJ2IjoiMSJ9.Zoc1t8ms_edZ4LqpE_H3mVzAeKeMerTRtl5ubg_rh5ncuCm1x1-cOT_BfsvkvJFdV54n0djdraPOW7rPsV3uTB7oQzYS5Cl5cPmsjDoGAL2dbxlmCCGMEQtmL07tDutqd1V81Hm_URLX-IywHFFKAFOATFGhBu2XkP06qRMeqqA.-Ta_R7mA-PmO6Dd32jA5de1kxg1N_OIO6c316nsK7xc&dib_tag=se&m=A3UEK3VBJ6ADB7&marketplaceID=A19VAU5U5O7RUS&qid=1776495546&refinements=p_36%3A10500-11000&s=merchant-items&sr=1-53&xpid=knzqKJR7kVrIO#customerReviews,Citroën Berlingo II - 02-2012
2726877850,,,,
1780529120,Textbook Binding,259.19,https://www.amazon.sg/Toward-Better-Understanding-Markets-Marketing/dp/1780529120/ref=sr_1_54?dib=eyJ2IjoiMSJ9.Zoc1t8ms_edZ4LqpE_H3mVzAeKeMerTRtl5ubg_rh5ncuCm1x1-cOT_BfsvkvJFdV54n0djdraPOW7rPsV3uTB7oQzYS5Cl5cPmsjDoGAL2dbxlmCCGMEQtmL07tDutqd1V81Hm_URLX-IywHFFKAFOATFGhBu2XkP06qRMeqqA.-Ta_R7mA-PmO6Dd32jA5de1kxg1N_OIO6c316nsK7xc&dib_tag=se&m=A3UEK3VBJ6ADB7&marketplaceID=A19VAU5U5O7RUS&qid=1776495546&refinements=p_36%3A10500-11000&s=merchant-items&sr=1-54&xpid=knzqKJR7kVrIO,Toward a Better Understanding of the Role of Value in Markets and Marketing: 9
1780529120,,,,
B0CRK4QKJS,,109.32,https://www.amazon.sg/S-H-Figuarts-Naruto-Namikaze-Minato/dp/B0CRK4QKJS/ref=sr_1_55?dib=eyJ2IjoiMSJ9.Zoc1t8ms_edZ4LqpE_H3mVzAeKeMerTRtl5ubg_rh5ncuCm1x1-cOT_BfsvkvJFdV54n0djdraPOW7rPsV3uTB7oQzYS5Cl5cPmsjDoGAL2dbxlmCCGMEQtmL07tDutqd1V81Hm_URLX-IywHFFKAFOATFGhBu2XkP06qRMeqqA.-Ta_R7mA-PmO6Dd32jA5de1kxg1N_OIO6c316nsK7xc&dib_tag=se&m=A3UEK3VBJ6ADB7&marketplaceID=A19VAU5U5O7RUS&qid=1776495546&refinements=p_36%3A10500-11000&s=merchant-items&sr=1-55&xpid=knzqKJR7kVrIO#customerReviews,S.H. Figuarts Naruto Namikaze Minato - Complete
B0C3G7YY13,,105.02,https://www.amazon.sg/Figuarts-Jigoku-Gobimaru-Approx-Pre-painted/dp/B0C3G7YY13/ref=sr_1_56?dib=eyJ2IjoiMSJ9.Zoc1t8ms_edZ4LqpE_H3mVzAeKeMerTRtl5ubg_rh5ncuCm1x1-cOT_BfsvkvJFdV54n0djdraPOW7rPsV3uTB7oQzYS5Cl5cPmsjDoGAL2dbxlmCCGMEQtmL07tDutqd1V81Hm_URLX-IywHFFKAFOATFGhBu2XkP06qRMeqqA.-Ta_R7mA-PmO6Dd32jA5de1kxg1N_OIO6c316nsK7xc&dib_tag=se&m=A3UEK3VBJ6ADB7&marketplaceID=A19VAU5U5O7RUS&qid=1776495546&refinements=p_36%3A10500-11000&s=merchant-items&sr=1-56&xpid=knzqKJR7kVrIO#customerReviews,"S.H. Figuarts Jigoku Gobimaru Approx. 5.5 inches (140 mm), PVC & ABS, Pre-painted Action Figure"
B0CNJT7S2D,,107.64,https://www.amazon.sg/Spirits-Specification-N-I-M-Approx-Pre-painted/dp/B0CNJT7S2D/ref=sr_1_57?dib=eyJ2IjoiMSJ9.Zoc1t8ms_edZ4LqpE_H3mVzAeKeMerTRtl5ubg_rh5ncuCm1x1-cOT_BfsvkvJFdV54n0djdraPOW7rPsV3uTB7oQzYS5Cl5cPmsjDoGAL2dbxlmCCGMEQtmL07tDutqd1V81Hm_URLX-IywHFFKAFOATFGhBu2XkP06qRMeqqA.-Ta_R7mA-PmO6Dd32jA5de1kxg1N_OIO6c316nsK7xc&dib_tag=se&m=A3UEK3VBJ6ADB7&marketplaceID=A19VAU5U5O7RUS&qid=1776495546&refinements=p_36%3A10500-11000&s=merchant-items&sr=1-57&xpid=knzqKJR7kVrIO#customerReviews,"Robot Spirits Mobile Suit Zeta Gundam RX-178 Gundam Mk-II (Titans Specification) Ver., A.N.I.M.E. Approx. 5.1 inches (130 mm), PVC & ABS Pre-painted Action Figure"
B0BV5YMK5F,,105.04,https://www.amazon.sg/UNIVERSE-ASW-G-08-Barbatos-Orphans-Iron-Blooded/dp/B0BV5YMK5F/ref=sr_1_58?dib=eyJ2IjoiMSJ9.Zoc1t8ms_edZ4LqpE_H3mVzAeKeMerTRtl5ubg_rh5ncuCm1x1-cOT_BfsvkvJFdV54n0djdraPOW7rPsV3uTB7oQzYS5Cl5cPmsjDoGAL2dbxlmCCGMEQtmL07tDutqd1V81Hm_URLX-IywHFFKAFOATFGhBu2XkP06qRMeqqA.-Ta_R7mA-PmO6Dd32jA5de1kxg1N_OIO6c316nsK7xc&dib_tag=se&m=A3UEK3VBJ6ADB7&marketplaceID=A19VAU5U5O7RUS&qid=1776495546&refinements=p_36%3A10500-11000&s=merchant-items&sr=1-58&xpid=knzqKJR7kVrIO#customerReviews,"GUNDAM UNIVERSE ASW-G-08 Gundam Barbatos Lupus Rex Mobile Suit Gundam Blood Orphans Iron-Blooded Action Figure Approx. 6.3 inches (160 mm), ABS & PVC Painted Action Figure"
B0F5Q5CXSH,,107.09,https://www.amazon.sg/Good-Smile-Baltimore-Non-Scale-Buildable/dp/B0F5Q5CXSH/ref=sr_1_59?dib=eyJ2IjoiMSJ9.Zoc1t8ms_edZ4LqpE_H3mVzAeKeMerTRtl5ubg_rh5ncuCm1x1-cOT_BfsvkvJFdV54n0djdraPOW7rPsV3uTB7oQzYS5Cl5cPmsjDoGAL2dbxlmCCGMEQtmL07tDutqd1V81Hm_URLX-IywHFFKAFOATFGhBu2XkP06qRMeqqA.-Ta_R7mA-PmO6Dd32jA5de1kxg1N_OIO6c316nsK7xc&dib_tag=se&m=A3UEK3VBJ6ADB7&marketplaceID=A19VAU5U5O7RUS&qid=1776495546&refinements=p_36%3A10500-11000&s=merchant-items&sr=1-59&xpid=knzqKJR7kVrIO#customerReviews,"Good Smile Arts Shanghai PLAMATEA Azur Lane, Baltimore, Non-Scale, Buildable Plastic Model"
B0CGZBZCPQ,,108.42,https://www.amazon.sg/S-H-Figuarts-FAMILY-Bond-Forger/dp/B0CGZBZCPQ/ref=sr_1_65?dib=eyJ2IjoiMSJ9.PVwUOARrGFfqXG-DhRyCrly2wkT_MNFeokgEQlL80JVAU3GG_HNtQa1N8xGcta_K-EIB7EXouQd-jdR4a_WFJw.7yKIJIvEMPLhenLrVAHfYPOm1LERtHBxyIqPOLmUL9c&dib_tag=se&m=A3UEK3VBJ6ADB7&marketplaceID=A19VAU5U5O7RUS&qid=1776495551&refinements=p_36%3A10500-11000&s=merchant-items&sr=1-65&xpid=knzqKJR7kVrIO#customerReviews,"S.H. Figuarts SPY x FAMILY Bond Forger - With Anya - Approx. 4.7 inches (120 mm), PVC & ABS Pre-painted Action Figure"
B0B212VD91,,108.57,https://www.amazon.sg/Nendoroid-Blessing-Wonderful-Non-Scale-Pre-Painted/dp/B0B212VD91/ref=sr_1_66?dib=eyJ2IjoiMSJ9.PVwUOARrGFfqXG-DhRyCrly2wkT_MNFeokgEQlL80JVAU3GG_HNtQa1N8xGcta_K-EIB7EXouQd-jdR4a_WFJw.7yKIJIvEMPLhenLrVAHfYPOm1LERtHBxyIqPOLmUL9c&dib_tag=se&m=A3UEK3VBJ6ADB7&marketplaceID=A19VAU5U5O7RUS&qid=1776495551&refinements=p_36%3A10500-11000&s=merchant-items&sr=1-66&xpid=knzqKJR7kVrIO#customerReviews,Nendoroid Blessing on This Wonderful World! 2 Megumin Non-Scale Plastic Pre-Painted Action Figure
B0F5B4Z93Y,,105.63,https://www.amazon.sg/Good-Smile-Nendoroid-Non-Scale-Pre-painted/dp/B0F5B4Z93Y/ref=sr_1_67?dib=eyJ2IjoiMSJ9.PVwUOARrGFfqXG-DhRyCrly2wkT_MNFeokgEQlL80JVAU3GG_HNtQa1N8xGcta_K-EIB7EXouQd-jdR4a_WFJw.7yKIJIvEMPLhenLrVAHfYPOm1LERtHBxyIqPOLmUL9c&dib_tag=se&m=A3UEK3VBJ6ADB7&marketplaceID=A19VAU5U5O7RUS&qid=1776495551&refinements=p_36%3A10500-11000&s=merchant-items&sr=1-67&xpid=knzqKJR7kVrIO#customerReviews,Good Smile Company Nendoroid Goddess of Victory Nikke Viper Non-Scale Plastic Pre-painted Action Figure
B0DWFH3VQC,,109.41,https://www.amazon.sg/Good-Smile-Company-Medalist-Nendoroid-Yuitsuka-Figure/dp/B0DWFH3VQC/ref=sr_1_68?dib=eyJ2IjoiMSJ9.PVwUOARrGFfqXG-DhRyCrly2wkT_MNFeokgEQlL80JVAU3GG_HNtQa1N8xGcta_K-EIB7EXouQd-jdR4a_WFJw.7yKIJIvEMPLhenLrVAHfYPOm1LERtHBxyIqPOLmUL9c&dib_tag=se&m=A3UEK3VBJ6ADB7&marketplaceID=A19VAU5U5O7RUS&qid=1776495551&refinements=p_36%3A10500-11000&s=merchant-items&sr=1-68&xpid=knzqKJR7kVrIO,Good Smile Company-Medalist-Nendoroid Inori Yuitsuka Figure
B0D7M2RHB9,,107.78,https://www.amazon.sg/Steins-Nendoroid-Action-Figure-Kurisu/dp/B0D7M2RHB9/ref=sr_1_69?dib=eyJ2IjoiMSJ9.PVwUOARrGFfqXG-DhRyCrly2wkT_MNFeokgEQlL80JVAU3GG_HNtQa1N8xGcta_K-EIB7EXouQd-jdR4a_WFJw.7yKIJIvEMPLhenLrVAHfYPOm1LERtHBxyIqPOLmUL9c&dib_tag=se&m=A3UEK3VBJ6ADB7&marketplaceID=A19VAU5U5O7RUS&qid=1776495551&refinements=p_36%3A10500-11000&s=merchant-items&sr=1-69&xpid=knzqKJR7kVrIO#customerReviews,Steins Gate Nendoroid Action Figure Kurisu Makise 2.0 10 cm
B0D3KY889D,,109.52,https://www.amazon.sg/Bryton-460-Innovative-Navigation-Assistance/dp/B0D3KY889D/ref=sr_1_65?dib=eyJ2IjoiMSJ9.lleT30f-8GMPGgNOabqe25pivMarTLSzNdy-YLPu4w1qppT_Z3tSgFl1jp4c3ZNPeWlPcj93HQGsZ69rXWMIZT62hCGbmDslCX3NS2J-SHddP9yt8wgXmH1NsTBsIXoNakaq0lLVdlpQTdE2a-gb6GO2h6To8c4KJpH2jZe24lk.fdlGoqxZ706YhUKie_76BY5_ZrusOQVii9B-KaZvkDo&dib_tag=se&m=A3UEK3VBJ6ADB7&marketplaceID=A19VAU5U5O7RUS&qid=1776495551&refinements=p_36%3A10500-11000&s=merchant-items&sr=1-65&xpid=knzqKJR7kVrIO#customerReviews,"Bryton Rider 460 GPS Bike Computer Innovative Navigation Assistance, Compatible with E-Bike"
B0D3KY889D,,,,
B0CX3Z3LPL,,109.97,https://www.amazon.sg/Megahouse-Figure-Inumaki-Jujutsu-Kaisen/dp/B0CX3Z3LPL/ref=sr_1_66?dib=eyJ2IjoiMSJ9.lleT30f-8GMPGgNOabqe25pivMarTLSzNdy-YLPu4w1qppT_Z3tSgFl1jp4c3ZNPeWlPcj93HQGsZ69rXWMIZT62hCGbmDslCX3NS2J-SHddP9yt8wgXmH1NsTBsIXoNakaq0lLVdlpQTdE2a-gb6GO2h6To8c4KJpH2jZe24lk.fdlGoqxZ706YhUKie_76BY5_ZrusOQVii9B-KaZvkDo&dib_tag=se&m=A3UEK3VBJ6ADB7&marketplaceID=A19VAU5U5O7RUS&qid=1776495551&refinements=p_36%3A10500-11000&s=merchant-items&sr=1-66&xpid=knzqKJR7kVrIO#customerReviews,Megahouse Figure Toge Inumaki Jujutsu Kaisen - Lookup 11 cm Multicolor MH839702
B0CPXY6KDC,,107.11,https://www.amazon.sg/Good-Smile-Company-Robocop-Moderoid/dp/B0CPXY6KDC/ref=sr_1_67?dib=eyJ2IjoiMSJ9.lleT30f-8GMPGgNOabqe25pivMarTLSzNdy-YLPu4w1qppT_Z3tSgFl1jp4c3ZNPeWlPcj93HQGsZ69rXWMIZT62hCGbmDslCX3NS2J-SHddP9yt8wgXmH1NsTBsIXoNakaq0lLVdlpQTdE2a-gb6GO2h6To8c4KJpH2jZe24lk.fdlGoqxZ706YhUKie_76BY5_ZrusOQVii9B-KaZvkDo&dib_tag=se&m=A3UEK3VBJ6ADB7&marketplaceID=A19VAU5U5O7RUS&qid=1776495551&refinements=p_36%3A10500-11000&s=merchant-items&sr=1-67&xpid=knzqKJR7kVrIO#customerReviews,Good Smile Company Robocop Moderoid Plastic Model Kit
B0C9SX5X3Q,,107.49,https://www.amazon.sg/Cop-M-700X42-42-622-Power-Adventure/dp/B0C9SX5X3Q/ref=sr_1_68?dib=eyJ2IjoiMSJ9.lleT30f-8GMPGgNOabqe25pivMarTLSzNdy-YLPu4w1qppT_Z3tSgFl1jp4c3ZNPeWlPcj93HQGsZ69rXWMIZT62hCGbmDslCX3NS2J-SHddP9yt8wgXmH1NsTBsIXoNakaq0lLVdlpQTdE2a-gb6GO2h6To8c4KJpH2jZe24lk.fdlGoqxZ706YhUKie_76BY5_ZrusOQVii9B-KaZvkDo&dib_tag=se&m=A3UEK3VBJ6ADB7&marketplaceID=A19VAU5U5O7RUS&qid=1776495551&refinements=p_36%3A10500-11000&s=merchant-items&sr=1-68&xpid=knzqKJR7kVrIO#customerReviews,Cop.M 700X42 (42-622) Power Adventure TLR Black
B0C9SX5X3Q,,,,
B0BQLJ5GCH,,106.41,https://www.amazon.sg/H-5234TR-PHANTOM-DRY-29-2-20/dp/B0BQLJ5GCH/ref=sr_1_69?dib=eyJ2IjoiMSJ9.lleT30f-8GMPGgNOabqe25pivMarTLSzNdy-YLPu4w1qppT_Z3tSgFl1jp4c3ZNPeWlPcj93HQGsZ69rXWMIZT62hCGbmDslCX3NS2J-SHddP9yt8wgXmH1NsTBsIXoNakaq0lLVdlpQTdE2a-gb6GO2h6To8c4KJpH2jZe24lk.fdlGoqxZ706YhUKie_76BY5_ZrusOQVii9B-KaZvkDo&dib_tag=se&m=A3UEK3VBJ6ADB7&marketplaceID=A19VAU5U5O7RUS&qid=1776495551&refinements=p_36%3A10500-11000&s=merchant-items&sr=1-69&xpid=knzqKJR7kVrIO#customerReviews,PHANTOM 29x2.2
B0BQLJ5GCH,,,,
B0BKZ3B579,,108.57,https://www.amazon.sg/Figuarts-Approx-inches-Pre-painted-Action/dp/B0BKZ3B579/ref=sr_1_70?dib=eyJ2IjoiMSJ9.lleT30f-8GMPGgNOabqe25pivMarTLSzNdy-YLPu4w1qppT_Z3tSgFl1jp4c3ZNPeWlPcj93HQGsZ69rXWMIZT62hCGbmDslCX3NS2J-SHddP9yt8wgXmH1NsTBsIXoNakaq0lLVdlpQTdE2a-gb6GO2h6To8c4KJpH2jZe24lk.fdlGoqxZ706YhUKie_76BY5_ZrusOQVii9B-KaZvkDo&dib_tag=se&m=A3UEK3VBJ6ADB7&marketplaceID=A19VAU5U5O7RUS&qid=1776495551&refinements=p_36%3A10500-11000&s=merchant-items&sr=1-70&xpid=knzqKJR7kVrIO#customerReviews,"S.H. Figuarts Kamen Rider (Shin Kamen Rider), Approx. 5.7 inches (145 mm), PVC & ABS & Cloth, Pre-painted Action Figure"
B09XQ1RKNG,,107.99,https://www.amazon.sg/statue-movable-Bizarre-Adventure-Pornarev-Approx/dp/B09XQ1RKNG/ref=sr_1_71?dib=eyJ2IjoiMSJ9.lleT30f-8GMPGgNOabqe25pivMarTLSzNdy-YLPu4w1qppT_Z3tSgFl1jp4c3ZNPeWlPcj93HQGsZ69rXWMIZT62hCGbmDslCX3NS2J-SHddP9yt8wgXmH1NsTBsIXoNakaq0lLVdlpQTdE2a-gb6GO2h6To8c4KJpH2jZe24lk.fdlGoqxZ706YhUKie_76BY5_ZrusOQVii9B-KaZvkDo&dib_tag=se&m=A3UEK3VBJ6ADB7&marketplaceID=A19VAU5U5O7RUS&qid=1776495551&refinements=p_36%3A10500-11000&s=merchant-items&sr=1-71&xpid=knzqKJR7kVrIO#customerReviews,"Super statue-movable ""Jojo's Bizarre Adventure Part 5"" J P Pornarev"" Approx. 6.3 inches (160 mm), PVC & ABS & Nylon Painted Action Figure"
B09MRYXYZ9,,106.13,https://www.amazon.sg/Figuarts-BAS63247-Ultraman-Multi-Type-Finished/dp/B09MRYXYZ9/ref=sr_1_72?dib=eyJ2IjoiMSJ9.lleT30f-8GMPGgNOabqe25pivMarTLSzNdy-YLPu4w1qppT_Z3tSgFl1jp4c3ZNPeWlPcj93HQGsZ69rXWMIZT62hCGbmDslCX3NS2J-SHddP9yt8wgXmH1NsTBsIXoNakaq0lLVdlpQTdE2a-gb6GO2h6To8c4KJpH2jZe24lk.fdlGoqxZ706YhUKie_76BY5_ZrusOQVii9B-KaZvkDo&dib_tag=se&m=A3UEK3VBJ6ADB7&marketplaceID=A19VAU5U5O7RUS&qid=1776495551&refinements=p_36%3A10500-11000&s=merchant-items&sr=1-72&xpid=knzqKJR7kVrIO#customerReviews,"Figuarts ZERO BAS63247 Ultraman Tiga, Multi-Type, Approx. 7.5 inches (190 mm), PVC, ABS, Painted, Finished Figure"
B09KDMXZTT,,106.51,https://www.amazon.sg/DEDA-S-DCR-INTEGRATED-51-9X40X8mm-Headset/dp/B09KDMXZTT/ref=sr_1_73?dib=eyJ2IjoiMSJ9.lleT30f-8GMPGgNOabqe25pivMarTLSzNdy-YLPu4w1qppT_Z3tSgFl1jp4c3ZNPeWlPcj93HQGsZ69rXWMIZT62hCGbmDslCX3NS2J-SHddP9yt8wgXmH1NsTBsIXoNakaq0lLVdlpQTdE2a-gb6GO2h6To8c4KJpH2jZe24lk.fdlGoqxZ706YhUKie_76BY5_ZrusOQVii9B-KaZvkDo&dib_tag=se&m=A3UEK3VBJ6ADB7&marketplaceID=A19VAU5U5O7RUS&qid=1776495551&refinements=p_36%3A10500-11000&s=merchant-items&sr=1-73&xpid=knzqKJR7kVrIO#customerReviews,"DEDA S-DCR INTEGRATED HS 1.5""-1.5""/51.9X40X8mm/45° Headset"
B09KDMXZTT,,,,
B08RJ2YF27,,106.84,https://www.amazon.sg/Banpresto-Piece-Glitter-GLAMOURS-NICO-Style/dp/B08RJ2YF27/ref=sr_1_74?dib=eyJ2IjoiMSJ9.lleT30f-8GMPGgNOabqe25pivMarTLSzNdy-YLPu4w1qppT_Z3tSgFl1jp4c3ZNPeWlPcj93HQGsZ69rXWMIZT62hCGbmDslCX3NS2J-SHddP9yt8wgXmH1NsTBsIXoNakaq0lLVdlpQTdE2a-gb6GO2h6To8c4KJpH2jZe24lk.fdlGoqxZ706YhUKie_76BY5_ZrusOQVii9B-KaZvkDo&dib_tag=se&m=A3UEK3VBJ6ADB7&marketplaceID=A19VAU5U5O7RUS&qid=1776495551&refinements=p_36%3A10500-11000&s=merchant-items&sr=1-74&xpid=knzqKJR7kVrIO#customerReviews,Banpresto ONE Piece Glitter & GLAMOURS-NICO Robin KUNG FU Style-(ver.A)
B087FLM9B3,,105.22,https://www.amazon.sg/W-T-C-TOTE-BAG-BK-M/dp/B087FLM9B3/ref=sr_1_75?dib=eyJ2IjoiMSJ9.lleT30f-8GMPGgNOabqe25pivMarTLSzNdy-YLPu4w1qppT_Z3tSgFl1jp4c3ZNPeWlPcj93HQGsZ69rXWMIZT62hCGbmDslCX3NS2J-SHddP9yt8wgXmH1NsTBsIXoNakaq0lLVdlpQTdE2a-gb6GO2h6To8c4KJpH2jZe24lk.fdlGoqxZ706YhUKie_76BY5_ZrusOQVii9B-KaZvkDo&dib_tag=se&m=A3UEK3VBJ6ADB7&marketplaceID=A19VAU5U5O7RUS&qid=1776495551&refinements=p_36%3A10500-11000&s=merchant-items&sr=1-75&xpid=knzqKJR7kVrIO,W.T.C. TOTE BAG BK/M
B087FLM9B3,,,,
B0D5L1HLMZ,,107.93,https://www.amazon.sg/TAMASHII-NATIONS-Spirits-Specification-N-I-M/dp/B0D5L1HLMZ/ref=sr_1_81?dib=eyJ2IjoiMSJ9.wtNVgUPrVkLVRcrFbPKOHBddhUVsoZTXqCZwToLs7uBNwDVP7e6oFYFIbl3w4Lv13Fika98TYZ8oLUW92-LVBA.aBxd84H9nJCq23AmLSt8ppcpEEIgejkz_14fgWh09xo&dib_tag=se&m=A3UEK3VBJ6ADB7&marketplaceID=A19VAU5U5O7RUS&qid=1776495555&refinements=p_36%3A10500-11000&s=merchant-items&sr=1-81&xpid=knzqKJR7kVrIO#customerReviews,"TAMASHII NATIONS Robot Spirits Mobile Suit Z Gundam RX-178 Gundam Mk-II (Eugo Specification) Ver., A.N.I.M.E. Approx. 5.1 inches (130 mm), PVC & ABS, Painted Action Figure"
B0C3GD1PG9,,106.26,https://www.amazon.sg/Spirits-RX-78-2-Version-N-I-M-Anniversary/dp/B0C3GD1PG9/ref=sr_1_82?dib=eyJ2IjoiMSJ9.wtNVgUPrVkLVRcrFbPKOHBddhUVsoZTXqCZwToLs7uBNwDVP7e6oFYFIbl3w4Lv13Fika98TYZ8oLUW92-LVBA.aBxd84H9nJCq23AmLSt8ppcpEEIgejkz_14fgWh09xo&dib_tag=se&m=A3UEK3VBJ6ADB7&marketplaceID=A19VAU5U5O7RUS&qid=1776495555&refinements=p_36%3A10500-11000&s=merchant-items&sr=1-82&xpid=knzqKJR7kVrIO#customerReviews,Robot Spirits Mobile Suit Gundam RX-78-2 Gundam Version A.N.I.M.E. Robot Spirits 15th Anniversary Approx. 4.9 inches (125 mm) ABS & PVC Painted Action Figure
B0BTH9R3T5,,131.31,https://www.amazon.sg/Figuarts-Ultraman-Mobius-Approx-Pre-painted/dp/B0BTH9R3T5/ref=sr_1_83?dib=eyJ2IjoiMSJ9.wtNVgUPrVkLVRcrFbPKOHBddhUVsoZTXqCZwToLs7uBNwDVP7e6oFYFIbl3w4Lv13Fika98TYZ8oLUW92-LVBA.aBxd84H9nJCq23AmLSt8ppcpEEIgejkz_14fgWh09xo&dib_tag=se&m=A3UEK3VBJ6ADB7&marketplaceID=A19VAU5U5O7RUS&qid=1776495555&refinements=p_36%3A10500-11000&s=merchant-items&sr=1-83&xpid=knzqKJR7kVrIO#customerReviews,"S.H. Figuarts Ultraman Mobius, Approx. 5.9 inches (150 mm), ABS & PVC, Pre-painted Action Figure"
B0CG35BPFQ,,107.88,https://www.amazon.sg/Figuarts-Ultraman-Version-Approx-Pre-painted/dp/B0CG35BPFQ/ref=sr_1_84?dib=eyJ2IjoiMSJ9.wtNVgUPrVkLVRcrFbPKOHBddhUVsoZTXqCZwToLs7uBNwDVP7e6oFYFIbl3w4Lv13Fika98TYZ8oLUW92-LVBA.aBxd84H9nJCq23AmLSt8ppcpEEIgejkz_14fgWh09xo&dib_tag=se&m=A3UEK3VBJ6ADB7&marketplaceID=A19VAU5U5O7RUS&qid=1776495555&refinements=p_36%3A10500-11000&s=merchant-items&sr=1-84&xpid=knzqKJR7kVrIO#customerReviews,"S.H. Figuarts Ultraman (A Type) (Resale Version), Approx. 5.9 inches (150 mm), PVC & ABS, Pre-painted Action Figure"
B004D298DG,,118.42,https://www.amazon.sg/Yamada-Frying-inches-Plate-Thickness/dp/B004D298DG/ref=sr_1_85?dib=eyJ2IjoiMSJ9.wtNVgUPrVkLVRcrFbPKOHBddhUVsoZTXqCZwToLs7uBNwDVP7e6oFYFIbl3w4Lv13Fika98TYZ8oLUW92-LVBA.aBxd84H9nJCq23AmLSt8ppcpEEIgejkz_14fgWh09xo&dib_tag=se&m=A3UEK3VBJ6ADB7&marketplaceID=A19VAU5U5O7RUS&qid=1776495555&refinements=p_36%3A10500-11000&s=merchant-items&sr=1-85&xpid=knzqKJR7kVrIO,"Yamada Iron Frying Pot, 14.2 inches (36 cm) (Plate Thickness: 0.06 inches (1.6 mm)"
B004D298DG,,,,
B0C7BCQ9Y3,,106.11,https://www.amazon.sg/Shimano-Sedona-Spinning-Reel-4000XG/dp/B0C7BCQ9Y3/ref=sr_1_81?dib=eyJ2IjoiMSJ9.oIgpkTZEqpp2d92d8tjhf5kVCdl9Fs_3c22G7Z-Z3ihyuFAeNt0E9jQDJkRjsDZ7idKRaPri47dhSnYHRL2Q9tiEY86LU9H5WtFEJ_iOBqycZOvSGfdSC-MSkjAwmkXCxux2DUJP_-sNeYyZ5-s4_6adR6aDZGNvCUYDvLri82g.pjRbAVfU9xVPQwCrTH6mNstHdWLDwuu9pH0AA-aWiQ8&dib_tag=se&m=A3UEK3VBJ6ADB7&marketplaceID=A19VAU5U5O7RUS&qid=1776495555&refinements=p_36%3A10500-11000&s=merchant-items&sr=1-81&xpid=knzqKJR7kVrIO#customerReviews,"SHIMANO 500–C5000XG 23 Sedona Spinning Reel, Various Models"
B0C7BCQ9Y3,,,,
B08511QG61,,106.0,https://www.amazon.sg/Figuarts-ZERO-Demon-Slayer-Thunderneath/dp/B08511QG61/ref=sr_1_82?dib=eyJ2IjoiMSJ9.oIgpkTZEqpp2d92d8tjhf5kVCdl9Fs_3c22G7Z-Z3ihyuFAeNt0E9jQDJkRjsDZ7idKRaPri47dhSnYHRL2Q9tiEY86LU9H5WtFEJ_iOBqycZOvSGfdSC-MSkjAwmkXCxux2DUJP_-sNeYyZ5-s4_6adR6aDZGNvCUYDvLri82g.pjRbAVfU9xVPQwCrTH6mNstHdWLDwuu9pH0AA-aWiQ8&dib_tag=se&m=A3UEK3VBJ6ADB7&marketplaceID=A19VAU5U5O7RUS&qid=1776495555&refinements=p_36%3A10500-11000&s=merchant-items&sr=1-82&xpid=knzqKJR7kVrIO#customerReviews,"Figuarts ZERO Demon Slayer: Kimetsu no Yaiba Zenitsu Agatsuma - Breathing of Thunderneath, Approx. 8.3 inches (210 mm), PVC & ABS, Painted Complete"
B0CCN5P2M4,,113.84,https://www.amazon.sg/Daiwa-LT1000S-Spinning-Reel-Legalis/dp/B0CCN5P2M4/ref=sr_1_83?dib=eyJ2IjoiMSJ9.oIgpkTZEqpp2d92d8tjhf5kVCdl9Fs_3c22G7Z-Z3ihyuFAeNt0E9jQDJkRjsDZ7idKRaPri47dhSnYHRL2Q9tiEY86LU9H5WtFEJ_iOBqycZOvSGfdSC-MSkjAwmkXCxux2DUJP_-sNeYyZ5-s4_6adR6aDZGNvCUYDvLri82g.pjRbAVfU9xVPQwCrTH6mNstHdWLDwuu9pH0AA-aWiQ8&dib_tag=se&m=A3UEK3VBJ6ADB7&marketplaceID=A19VAU5U5O7RUS&qid=1776495555&refinements=p_36%3A10500-11000&s=merchant-items&sr=1-83&xpid=knzqKJR7kVrIO#customerReviews,"Daiwa 23 LEGALIS LT1000S–6000D-H Spinning Reel, Various (2023 Model)"
B0CCN5P2M4,,,,
B00N3OMFEO,,105.22,https://www.amazon.sg/GYMNIC-LP9528-Gimmnik-Plus-Italy/dp/B00N3OMFEO/ref=sr_1_84?dib=eyJ2IjoiMSJ9.oIgpkTZEqpp2d92d8tjhf5kVCdl9Fs_3c22G7Z-Z3ihyuFAeNt0E9jQDJkRjsDZ7idKRaPri47dhSnYHRL2Q9tiEY86LU9H5WtFEJ_iOBqycZOvSGfdSC-MSkjAwmkXCxux2DUJP_-sNeYyZ5-s4_6adR6aDZGNvCUYDvLri82g.pjRbAVfU9xVPQwCrTH6mNstHdWLDwuu9pH0AA-aWiQ8&dib_tag=se&m=A3UEK3VBJ6ADB7&marketplaceID=A19VAU5U5O7RUS&qid=1776495555&refinements=p_36%3A10500-11000&s=merchant-items&sr=1-84&xpid=knzqKJR7kVrIO#customerReviews,Gymnik Plus Made in Italy
B00N3OMFEO,,,,
B0CH7SVSJS,,106.83,https://www.amazon.sg/Megahouse-Academia-G-M-Uraraka/dp/B0CH7SVSJS/ref=sr_1_85?dib=eyJ2IjoiMSJ9.oIgpkTZEqpp2d92d8tjhf5kVCdl9Fs_3c22G7Z-Z3ihyuFAeNt0E9jQDJkRjsDZ7idKRaPri47dhSnYHRL2Q9tiEY86LU9H5WtFEJ_iOBqycZOvSGfdSC-MSkjAwmkXCxux2DUJP_-sNeYyZ5-s4_6adR6aDZGNvCUYDvLri82g.pjRbAVfU9xVPQwCrTH6mNstHdWLDwuu9pH0AA-aWiQ8&dib_tag=se&m=A3UEK3VBJ6ADB7&marketplaceID=A19VAU5U5O7RUS&qid=1776495555&refinements=p_36%3A10500-11000&s=merchant-items&sr=1-85&xpid=knzqKJR7kVrIO#customerReviews,Megahouse - My Hero Academia - G.E.M. Series - Palm Size Ochaco Uraraka Figure (MHA)
B0BSZX4923,,106.58,https://www.amazon.sg/Daiwa-CS22L-WH-B-Tackle-Bag/dp/B0BSZX4923/ref=sr_1_86?dib=eyJ2IjoiMSJ9.oIgpkTZEqpp2d92d8tjhf5kVCdl9Fs_3c22G7Z-Z3ihyuFAeNt0E9jQDJkRjsDZ7idKRaPri47dhSnYHRL2Q9tiEY86LU9H5WtFEJ_iOBqycZOvSGfdSC-MSkjAwmkXCxux2DUJP_-sNeYyZ5-s4_6adR6aDZGNvCUYDvLri82g.pjRbAVfU9xVPQwCrTH6mNstHdWLDwuu9pH0AA-aWiQ8&dib_tag=se&m=A3UEK3VBJ6ADB7&marketplaceID=A19VAU5U5O7RUS&qid=1776495555&refinements=p_36%3A10500-11000&s=merchant-items&sr=1-86&xpid=knzqKJR7kVrIO#customerReviews,Daiwa
B0BSZX4923,,,,
B09HXL7YKP,,105.74,https://www.amazon.sg/Nendoroid-G12671-Hashibira-Non-scale-Pre-painted/dp/B09HXL7YKP/ref=sr_1_87?dib=eyJ2IjoiMSJ9.oIgpkTZEqpp2d92d8tjhf5kVCdl9Fs_3c22G7Z-Z3ihyuFAeNt0E9jQDJkRjsDZ7idKRaPri47dhSnYHRL2Q9tiEY86LU9H5WtFEJ_iOBqycZOvSGfdSC-MSkjAwmkXCxux2DUJP_-sNeYyZ5-s4_6adR6aDZGNvCUYDvLri82g.pjRbAVfU9xVPQwCrTH6mNstHdWLDwuu9pH0AA-aWiQ8&dib_tag=se&m=A3UEK3VBJ6ADB7&marketplaceID=A19VAU5U5O7RUS&qid=1776495555&refinements=p_36%3A10500-11000&s=merchant-items&sr=1-87&xpid=knzqKJR7kVrIO#customerReviews,"Nendoroid Doll G12671 Demon Slayer Inosuke Hashibira, Non-scale, Plastic, Pre-painted Action Figure"
B095MPVWP1,,113.02,https://www.amazon.sg/Oyaide-Class-Turntable-Ground-2-Meter/dp/B095MPVWP1/ref=sr_1_88?dib=eyJ2IjoiMSJ9.oIgpkTZEqpp2d92d8tjhf5kVCdl9Fs_3c22G7Z-Z3ihyuFAeNt0E9jQDJkRjsDZ7idKRaPri47dhSnYHRL2Q9tiEY86LU9H5WtFEJ_iOBqycZOvSGfdSC-MSkjAwmkXCxux2DUJP_-sNeYyZ5-s4_6adR6aDZGNvCUYDvLri82g.pjRbAVfU9xVPQwCrTH6mNstHdWLDwuu9pH0AA-aWiQ8&dib_tag=se&m=A3UEK3VBJ6ADB7&marketplaceID=A19VAU5U5O7RUS&qid=1776495555&refinements=p_36%3A10500-11000&s=merchant-items&sr=1-88&xpid=knzqKJR7kVrIO#customerReviews,Oyaide NEO d+ Class B Turntable RCA+Ground Wire Cable 2-Meter (6.5 ft)
B095MPVWP1,,,,
B08CMXGCBL,,125.52,https://www.amazon.sg/Daiwa-TB4000-Tackle-Black-Fishing/dp/B08CMXGCBL/ref=sr_1_89?dib=eyJ2IjoiMSJ9.oIgpkTZEqpp2d92d8tjhf5kVCdl9Fs_3c22G7Z-Z3ihyuFAeNt0E9jQDJkRjsDZ7idKRaPri47dhSnYHRL2Q9tiEY86LU9H5WtFEJ_iOBqycZOvSGfdSC-MSkjAwmkXCxux2DUJP_-sNeYyZ5-s4_6adR6aDZGNvCUYDvLri82g.pjRbAVfU9xVPQwCrTH6mNstHdWLDwuu9pH0AA-aWiQ8&dib_tag=se&m=A3UEK3VBJ6ADB7&marketplaceID=A19VAU5U5O7RUS&qid=1776495555&refinements=p_36%3A10500-11000&s=merchant-items&sr=1-89&xpid=knzqKJR7kVrIO#customerReviews,"Daiwa TB4000 Tackle Box, Black/Green Fishing Box"
B08CMXGCBL,,,,
B09T26G1PX,,110.48,https://www.amazon.sg/Xero-Shoes-Lightweight-Foldable-Porcelain/dp/B09T26G1PX/ref=sr_1_90?dib=eyJ2IjoiMSJ9.oIgpkTZEqpp2d92d8tjhf5kVCdl9Fs_3c22G7Z-Z3ihyuFAeNt0E9jQDJkRjsDZ7idKRaPri47dhSnYHRL2Q9tiEY86LU9H5WtFEJ_iOBqycZOvSGfdSC-MSkjAwmkXCxux2DUJP_-sNeYyZ5-s4_6adR6aDZGNvCUYDvLri82g.pjRbAVfU9xVPQwCrTH6mNstHdWLDwuu9pH0AA-aWiQ8&dib_tag=se&m=A3UEK3VBJ6ADB7&marketplaceID=A19VAU5U5O7RUS&qid=1776495555&refinements=p_36%3A10500-11000&s=merchant-items&sr=1-90&xpid=knzqKJR7kVrIO#customerReviews,Xero Shoes Z-Trek II - Women's Zero Drop Sport Sandals - Lightweight & Packable
B09T26G1PX,,,,
B07WV7P652,,110.0,https://www.amazon.sg/Peacock-ARL-18-MC-Thermal-Stainless/dp/B07WV7P652/ref=sr_1_91?dib=eyJ2IjoiMSJ9.oIgpkTZEqpp2d92d8tjhf5kVCdl9Fs_3c22G7Z-Z3ihyuFAeNt0E9jQDJkRjsDZ7idKRaPri47dhSnYHRL2Q9tiEY86LU9H5WtFEJ_iOBqycZOvSGfdSC-MSkjAwmkXCxux2DUJP_-sNeYyZ5-s4_6adR6aDZGNvCUYDvLri82g.pjRbAVfU9xVPQwCrTH6mNstHdWLDwuu9pH0AA-aWiQ8&dib_tag=se&m=A3UEK3VBJ6ADB7&marketplaceID=A19VAU5U5O7RUS&qid=1776495555&refinements=p_36%3A10500-11000&s=merchant-items&sr=1-91&xpid=knzqKJR7kVrIO#customerReviews,"Peacock ARL-18 MC Lunch Jar, Thermal, Matte Clear, 0.6 gal (1.8 L) Stainless Steel"
B07WV7P652,,,,
B07WV7P652,,110.0,https://www.amazon.sg/Peacock-ARL-18-MC-Thermal-Stainless/dp/B07WV7P652/ref=sr_1_97?dib=eyJ2IjoiMSJ9.TeR7P-1Ilhq3NG7elqc-RrfKGRqxuQ3x0x_eUjokpfzx---XyzZ2FVnwLhAkdgPzlPA7bkow_-StkIlKiVtlTw.Q3pFC7o2Fu0hgUSGe6cj4TDipMOkDwioUceYeG9X-mM&dib_tag=se&m=A3UEK3VBJ6ADB7&marketplaceID=A19VAU5U5O7RUS&qid=1776495560&refinements=p_36%3A10500-11000&s=merchant-items&sr=1-97&xpid=knzqKJR7kVrIO#customerReviews,"Peacock ARL-18 MC Lunch Jar, Thermal, Matte Clear, 0.6 gal (1.8 L) Stainless Steel"
B07WV7P652,,,,
B0DT6V3N3Q,,108.72,https://www.amazon.sg/Good-Smile-Company-Frieren-Journeys-End-POP/dp/B0DT6V3N3Q/ref=sr_1_98?dib=eyJ2IjoiMSJ9.TeR7P-1Ilhq3NG7elqc-RrfKGRqxuQ3x0x_eUjokpfzx---XyzZ2FVnwLhAkdgPzlPA7bkow_-StkIlKiVtlTw.Q3pFC7o2Fu0hgUSGe6cj4TDipMOkDwioUceYeG9X-mM&dib_tag=se&m=A3UEK3VBJ6ADB7&marketplaceID=A19VAU5U5O7RUS&qid=1776495560&refinements=p_36%3A10500-11000&s=merchant-items&sr=1-98&xpid=knzqKJR7kVrIO#customerReviews,Good Smile Company-Frieren: Beyond Journey's End-POP UP Parade Frieren: Blow Kiss Ver. Figure
B00497M53A,,188.34,https://www.amazon.sg/HABA-Rainbow-Whirls-Game-Germany/dp/B00497M53A/ref=sr_1_99?dib=eyJ2IjoiMSJ9.TeR7P-1Ilhq3NG7elqc-RrfKGRqxuQ3x0x_eUjokpfzx---XyzZ2FVnwLhAkdgPzlPA7bkow_-StkIlKiVtlTw.Q3pFC7o2Fu0hgUSGe6cj4TDipMOkDwioUceYeG9X-mM&dib_tag=se&m=A3UEK3VBJ6ADB7&marketplaceID=A19VAU5U5O7RUS&qid=1776495560&refinements=p_36%3A10500-11000&s=merchant-items&sr=1-99&xpid=knzqKJR7kVrIO#customerReviews,HABA Rainbow Whirls Game (Made in Germany)
B0DQPMKJ84,,108.44,https://www.amazon.sg/Nendoroid-Freeren-Funeral-Non-scale-Pre-painted/dp/B0DQPMKJ84/ref=sr_1_100?dib=eyJ2IjoiMSJ9.TeR7P-1Ilhq3NG7elqc-RrfKGRqxuQ3x0x_eUjokpfzx---XyzZ2FVnwLhAkdgPzlPA7bkow_-StkIlKiVtlTw.Q3pFC7o2Fu0hgUSGe6cj4TDipMOkDwioUceYeG9X-mM&dib_tag=se&m=A3UEK3VBJ6ADB7&marketplaceID=A19VAU5U5O7RUS&qid=1776495560&refinements=p_36%3A10500-11000&s=merchant-items&sr=1-100&xpid=knzqKJR7kVrIO#customerReviews,"Nendoroid Freeren of Funeral, Non-scale, Plastic, Pre-painted Action Figure, Resale"
B072MJL534,,110.0,https://www.amazon.sg/SHIMANO-Ultegra-CS-R8000-Cassette-14x28/dp/B072MJL534/ref=sr_1_101?dib=eyJ2IjoiMSJ9.TeR7P-1Ilhq3NG7elqc-RrfKGRqxuQ3x0x_eUjokpfzx---XyzZ2FVnwLhAkdgPzlPA7bkow_-StkIlKiVtlTw.Q3pFC7o2Fu0hgUSGe6cj4TDipMOkDwioUceYeG9X-mM&dib_tag=se&m=A3UEK3VBJ6ADB7&marketplaceID=A19VAU5U5O7RUS&qid=1776495560&refinements=p_36%3A10500-11000&s=merchant-items&sr=1-101&xpid=knzqKJR7kVrIO#customerReviews,Shimano Ultegra R8000 Cassette
B072MJL534,,,,
B0D62VJCW9,,109.2,https://www.amazon.sg/Good-Smile-Company-Frieren-Nendoroid/dp/B0D62VJCW9/ref=sr_1_97?dib=eyJ2IjoiMSJ9.2hh8xa135bVp97fR4d5a5kr-EspDn-QRmTPN5BJh8Rkp8h2D6zT3Iui_X7qKMILxaUrR292lADdnl9DkrbTreJ8Vt_NLJwkPCv9fKRGcnlJGlQ0A0kVqTEdD8gowhC_JNLdedTr4oe_ajTIe7MU4bd9_ec8uXzvfSScLodA3m5w.8WfZBozmzx_T_0Y_2wXCVh9R_jKrDco2r-KHC38eXCs&dib_tag=se&m=A3UEK3VBJ6ADB7&marketplaceID=A19VAU5U5O7RUS&qid=1776495560&refinements=p_36%3A10500-11000&s=merchant-items&sr=1-97&xpid=knzqKJR7kVrIO#customerReviews,Good Smile Company Frieren: Beyond Journey’s End – Himmel Nendoroid Action Figure
B0F6CZQLM2,,107.19,https://www.amazon.sg/Good-Smile-Nendoroid-Non-scale-Pre-Painted/dp/B0F6CZQLM2/ref=sr_1_98?dib=eyJ2IjoiMSJ9.2hh8xa135bVp97fR4d5a5kr-EspDn-QRmTPN5BJh8Rkp8h2D6zT3Iui_X7qKMILxaUrR292lADdnl9DkrbTreJ8Vt_NLJwkPCv9fKRGcnlJGlQ0A0kVqTEdD8gowhC_JNLdedTr4oe_ajTIe7MU4bd9_ec8uXzvfSScLodA3m5w.8WfZBozmzx_T_0Y_2wXCVh9R_jKrDco2r-KHC38eXCs&dib_tag=se&m=A3UEK3VBJ6ADB7&marketplaceID=A19VAU5U5O7RUS&qid=1776495560&refinements=p_36%3A10500-11000&s=merchant-items&sr=1-98&xpid=knzqKJR7kVrIO#customerReviews,"Good Smile Arts Shanghai Nendoroid Goddess of Victory NIKKE Crown, Non-scale, Plastic, Pre-Painted Action Figure"
B0DXKW9X7C,,106.65,https://www.amazon.sg/Nendoroid-Online-Non-Scale-Plastic-Pre-Painted/dp/B0DXKW9X7C/ref=sr_1_99?dib=eyJ2IjoiMSJ9.2hh8xa135bVp97fR4d5a5kr-EspDn-QRmTPN5BJh8Rkp8h2D6zT3Iui_X7qKMILxaUrR292lADdnl9DkrbTreJ8Vt_NLJwkPCv9fKRGcnlJGlQ0A0kVqTEdD8gowhC_JNLdedTr4oe_ajTIe7MU4bd9_ec8uXzvfSScLodA3m5w.8WfZBozmzx_T_0Y_2wXCVh9R_jKrDco2r-KHC38eXCs&dib_tag=se&m=A3UEK3VBJ6ADB7&marketplaceID=A19VAU5U5O7RUS&qid=1776495560&refinements=p_36%3A10500-11000&s=merchant-items&sr=1-99&xpid=knzqKJR7kVrIO#customerReviews,Nendoroid Sword Art Online Kirito 2.0 Non-Scale Plastic Pre-Painted Action Figure
B0DMZVCFL8,,109.46,https://www.amazon.sg/TAMASHII-NATIONS-Figuarts-Baggins-Pre-painted/dp/B0DMZVCFL8/ref=sr_1_100?dib=eyJ2IjoiMSJ9.2hh8xa135bVp97fR4d5a5kr-EspDn-QRmTPN5BJh8Rkp8h2D6zT3Iui_X7qKMILxaUrR292lADdnl9DkrbTreJ8Vt_NLJwkPCv9fKRGcnlJGlQ0A0kVqTEdD8gowhC_JNLdedTr4oe_ajTIe7MU4bd9_ec8uXzvfSScLodA3m5w.8WfZBozmzx_T_0Y_2wXCVh9R_jKrDco2r-KHC38eXCs&dib_tag=se&m=A3UEK3VBJ6ADB7&marketplaceID=A19VAU5U5O7RUS&qid=1776495560&refinements=p_36%3A10500-11000&s=merchant-items&sr=1-100&xpid=knzqKJR7kVrIO#customerReviews,"TAMASHII NATIONS S.H. Figuarts Frodo Baggins & Gollum (Lord of the Rings), Approx. 4.7 inches (120 mm), PVC, ABS & Fabric, Pre-painted Action Figure"
B0CNJJFL74,,109.22,https://www.amazon.sg/Spirits-Mobile-Gundam-Pocket-N-I-M/dp/B0CNJJFL74/ref=sr_1_101?dib=eyJ2IjoiMSJ9.2hh8xa135bVp97fR4d5a5kr-EspDn-QRmTPN5BJh8Rkp8h2D6zT3Iui_X7qKMILxaUrR292lADdnl9DkrbTreJ8Vt_NLJwkPCv9fKRGcnlJGlQ0A0kVqTEdD8gowhC_JNLdedTr4oe_ajTIe7MU4bd9_ec8uXzvfSScLodA3m5w.8WfZBozmzx_T_0Y_2wXCVh9R_jKrDco2r-KHC38eXCs&dib_tag=se&m=A3UEK3VBJ6ADB7&marketplaceID=A19VAU5U5O7RUS&qid=1776495560&refinements=p_36%3A10500-11000&s=merchant-items&sr=1-101&xpid=knzqKJR7kVrIO#customerReviews,"Robot Spirits Mobile Suit Gundam 0080 War in the Pocket RGM - 79SP Jim Sniper II Ver., A.N.I.M.E. (Resale Version), Approx. 4.9 inches (125 mm), PVC & ABS, Painted Action Figure"
B0C7BJHXZH,,108.71,https://www.amazon.sg/Spirits-Production-Version-N-I-M-Pre-painted/dp/B0C7BJHXZH/ref=sr_1_102?dib=eyJ2IjoiMSJ9.2hh8xa135bVp97fR4d5a5kr-EspDn-QRmTPN5BJh8Rkp8h2D6zT3Iui_X7qKMILxaUrR292lADdnl9DkrbTreJ8Vt_NLJwkPCv9fKRGcnlJGlQ0A0kVqTEdD8gowhC_JNLdedTr4oe_ajTIe7MU4bd9_ec8uXzvfSScLodA3m5w.8WfZBozmzx_T_0Y_2wXCVh9R_jKrDco2r-KHC38eXCs&dib_tag=se&m=A3UEK3VBJ6ADB7&marketplaceID=A19VAU5U5O7RUS&qid=1776495560&refinements=p_36%3A10500-11000&s=merchant-items&sr=1-102&xpid=knzqKJR7kVrIO#customerReviews,"Robot Spirits Mobile Suit Gundam Side MS MSM-07 Mass Production Zugok Version, A.N.I.M.E. Approx. 5.1 inches (130 mm), ABS & PVC Pre-painted Action Figure"
B0FXXC91X5,,108.39,https://www.amazon.sg/Good-Smile-Nendoroid-Unemployed-Pre-painted/dp/B0FXXC91X5/ref=sr_1_103?dib=eyJ2IjoiMSJ9.2hh8xa135bVp97fR4d5a5kr-EspDn-QRmTPN5BJh8Rkp8h2D6zT3Iui_X7qKMILxaUrR292lADdnl9DkrbTreJ8Vt_NLJwkPCv9fKRGcnlJGlQ0A0kVqTEdD8gowhC_JNLdedTr4oe_ajTIe7MU4bd9_ec8uXzvfSScLodA3m5w.8WfZBozmzx_T_0Y_2wXCVh9R_jKrDco2r-KHC38eXCs&dib_tag=se&m=A3UEK3VBJ6ADB7&marketplaceID=A19VAU5U5O7RUS&qid=1776495560&refinements=p_36%3A10500-11000&s=merchant-items&sr=1-103&xpid=knzqKJR7kVrIO#customerReviews,"Good Smile Company ""Good Smile Company"" Nendoroid Unemployed Rebirth ~ Be Serious When You Go A Different World ~ Ellis Boreas Greylat, Non-scale, Plastic, Pre-painted Action Figure, Resale"
B0FPFKZST2,,107.8,https://www.amazon.sg/Good-Smile-Nendoroid-Character-Pre-Painted/dp/B0FPFKZST2/ref=sr_1_104?dib=eyJ2IjoiMSJ9.2hh8xa135bVp97fR4d5a5kr-EspDn-QRmTPN5BJh8Rkp8h2D6zT3Iui_X7qKMILxaUrR292lADdnl9DkrbTreJ8Vt_NLJwkPCv9fKRGcnlJGlQ0A0kVqTEdD8gowhC_JNLdedTr4oe_ajTIe7MU4bd9_ec8uXzvfSScLodA3m5w.8WfZBozmzx_T_0Y_2wXCVh9R_jKrDco2r-KHC38eXCs&dib_tag=se&m=A3UEK3VBJ6ADB7&marketplaceID=A19VAU5U5O7RUS&qid=1776495560&refinements=p_36%3A10500-11000&s=merchant-items&sr=1-104&xpid=knzqKJR7kVrIO,Good Smile Company Nendoroid Character Vocal Series 02 Rin Kagamine Ren Kagamine 2.0 Non-Scale Plastic Pre-Painted Action Figure
B0FLJYYD8S,,105.46,https://www.amazon.sg/Good-Smile-Company-Evangelion-Version/dp/B0FLJYYD8S/ref=sr_1_105?dib=eyJ2IjoiMSJ9.2hh8xa135bVp97fR4d5a5kr-EspDn-QRmTPN5BJh8Rkp8h2D6zT3Iui_X7qKMILxaUrR292lADdnl9DkrbTreJ8Vt_NLJwkPCv9fKRGcnlJGlQ0A0kVqTEdD8gowhC_JNLdedTr4oe_ajTIe7MU4bd9_ec8uXzvfSScLodA3m5w.8WfZBozmzx_T_0Y_2wXCVh9R_jKrDco2r-KHC38eXCs&dib_tag=se&m=A3UEK3VBJ6ADB7&marketplaceID=A19VAU5U5O7RUS&qid=1776495560&refinements=p_36%3A10500-11000&s=merchant-items&sr=1-105&xpid=knzqKJR7kVrIO,Good Smile Company Evangelion Movie Version Rei Uniform Version
B0FKGSSP33,,110.0,https://www.amazon.sg/Lycoris-Recoil-Nendoroid-Action-Figure/dp/B0FKGSSP33/ref=sr_1_106?dib=eyJ2IjoiMSJ9.2hh8xa135bVp97fR4d5a5kr-EspDn-QRmTPN5BJh8Rkp8h2D6zT3Iui_X7qKMILxaUrR292lADdnl9DkrbTreJ8Vt_NLJwkPCv9fKRGcnlJGlQ0A0kVqTEdD8gowhC_JNLdedTr4oe_ajTIe7MU4bd9_ec8uXzvfSScLodA3m5w.8WfZBozmzx_T_0Y_2wXCVh9R_jKrDco2r-KHC38eXCs&dib_tag=se&m=A3UEK3VBJ6ADB7&marketplaceID=A19VAU5U5O7RUS&qid=1776495560&refinements=p_36%3A10500-11000&s=merchant-items&sr=1-106&xpid=knzqKJR7kVrIO#customerReviews,Lycoris Recoil Nendoroid Action Figure Takina Inoue 10 cm
B0FCY7FYFZ,,105.95,https://www.amazon.sg/Good-Smile-Company-Ninjano-Ninodoroodooe/dp/B0FCY7FYFZ/ref=sr_1_107?dib=eyJ2IjoiMSJ9.2hh8xa135bVp97fR4d5a5kr-EspDn-QRmTPN5BJh8Rkp8h2D6zT3Iui_X7qKMILxaUrR292lADdnl9DkrbTreJ8Vt_NLJwkPCv9fKRGcnlJGlQ0A0kVqTEdD8gowhC_JNLdedTr4oe_ajTIe7MU4bd9_ec8uXzvfSScLodA3m5w.8WfZBozmzx_T_0Y_2wXCVh9R_jKrDco2r-KHC38eXCs&dib_tag=se&m=A3UEK3VBJ6ADB7&marketplaceID=A19VAU5U5O7RUS&qid=1776495560&refinements=p_36%3A10500-11000&s=merchant-items&sr=1-107&xpid=knzqKJR7kVrIO,Good Smile Company - Ninjano 2.0 Series Ninodoroodooe Ninjobu 2.0 Plastic Painted Mobile Figure
B0FKGSSP33,,110.0,https://www.amazon.sg/Lycoris-Recoil-Nendoroid-Action-Figure/dp/B0FKGSSP33/ref=sr_1_113?dib=eyJ2IjoiMSJ9.r5pBTElm0ZvBqkD4o9nw4tk6aIFCygqc1j5CHuciQoJj6X6QrdgmmLtm_YWZH66mMVDYBqcc4Wrue9VW4B7SfA.9du092K0fODng7_qkY8QVgvf2ksF9x2ig1vELX7-Psc&dib_tag=se&m=A3UEK3VBJ6ADB7&marketplaceID=A19VAU5U5O7RUS&qid=1776495564&refinements=p_36%3A10500-11000&s=merchant-items&sr=1-113&xpid=knzqKJR7kVrIO#customerReviews,Lycoris Recoil Nendoroid Action Figure Takina Inoue 10 cm
B0FCY7FYFZ,,105.95,https://www.amazon.sg/Good-Smile-Company-Ninjano-Ninodoroodooe/dp/B0FCY7FYFZ/ref=sr_1_114?dib=eyJ2IjoiMSJ9.r5pBTElm0ZvBqkD4o9nw4tk6aIFCygqc1j5CHuciQoJj6X6QrdgmmLtm_YWZH66mMVDYBqcc4Wrue9VW4B7SfA.9du092K0fODng7_qkY8QVgvf2ksF9x2ig1vELX7-Psc&dib_tag=se&m=A3UEK3VBJ6ADB7&marketplaceID=A19VAU5U5O7RUS&qid=1776495564&refinements=p_36%3A10500-11000&s=merchant-items&sr=1-114&xpid=knzqKJR7kVrIO,Good Smile Company - Ninjano 2.0 Series Ninodoroodooe Ninjobu 2.0 Plastic Painted Mobile Figure
B0F9YHHHNN,,105.01,https://www.amazon.sg/COMPANY-Nendoroid-Non-scale-Plastic-Pre-painted/dp/B0F9YHHHNN/ref=sr_1_115?dib=eyJ2IjoiMSJ9.r5pBTElm0ZvBqkD4o9nw4tk6aIFCygqc1j5CHuciQoJj6X6QrdgmmLtm_YWZH66mMVDYBqcc4Wrue9VW4B7SfA.9du092K0fODng7_qkY8QVgvf2ksF9x2ig1vELX7-Psc&dib_tag=se&m=A3UEK3VBJ6ADB7&marketplaceID=A19VAU5U5O7RUS&qid=1776495564&refinements=p_36%3A10500-11000&s=merchant-items&sr=1-115&xpid=knzqKJR7kVrIO#customerReviews,"GOOD SMILE COMPANY Nendoroid Kikuri Hiroi, Non-scale, Plastic, Pre-painted Action Figure, Resale"
B0F745H7J4,,109.95,https://www.amazon.sg/Miniart-37078-Faithful-Building-Unpainted/dp/B0F745H7J4/ref=sr_1_116?dib=eyJ2IjoiMSJ9.r5pBTElm0ZvBqkD4o9nw4tk6aIFCygqc1j5CHuciQoJj6X6QrdgmmLtm_YWZH66mMVDYBqcc4Wrue9VW4B7SfA.9du092K0fODng7_qkY8QVgvf2ksF9x2ig1vELX7-Psc&dib_tag=se&m=A3UEK3VBJ6ADB7&marketplaceID=A19VAU5U5O7RUS&qid=1776495564&refinements=p_36%3A10500-11000&s=merchant-items&sr=1-116&xpid=knzqKJR7kVrIO#customerReviews,"Miniart 37078 1:35 T-34/85 Tsch. Prod. Late Prod. - Faithful Replica, Model Building, Plastic Kit, Crafts, Hobby, Gluing, Model Kit, Assembly, Unpainted"
B0F745H7J4,,,,
B0F5WS4524,,108.49,https://www.amazon.sg/COMPANY-Nendoroid-Aqui-chan-Non-Scale-Pre-Painted/dp/B0F5WS4524/ref=sr_1_117?dib=eyJ2IjoiMSJ9.r5pBTElm0ZvBqkD4o9nw4tk6aIFCygqc1j5CHuciQoJj6X6QrdgmmLtm_YWZH66mMVDYBqcc4Wrue9VW4B7SfA.9du092K0fODng7_qkY8QVgvf2ksF9x2ig1vELX7-Psc&dib_tag=se&m=A3UEK3VBJ6ADB7&marketplaceID=A19VAU5U5O7RUS&qid=1776495564&refinements=p_36%3A10500-11000&s=merchant-items&sr=1-117&xpid=knzqKJR7kVrIO#customerReviews,GOOD SMILE COMPANY Nendoroid XI Aqui-chan Non-Scale Plastic Pre-Painted Action Figure
B0F4D5K66Y,,105.18,https://www.amazon.sg/Nendoroid-Nameless-Einzbern-Non-scale-Pre-painted/dp/B0F4D5K66Y/ref=sr_1_113?dib=eyJ2IjoiMSJ9.yk4kmynp9ErLUWPfsjgWeo8zKmgdB7jLcXDT4o90oQNx-7n0JQzfU3GwHMyv6Q1d3he37CS-LvK11eJifiESiP9yryX0AL-nu9Gypx4f2wvKWAdVHknv0ilyQX8k8p5GuNKUlDVj-9kqXe_MFSF2O98whey75VSy1trtZ6u8BpI.zr0KgdASrkA4UoA1h4DWqxRIY7TPIWiW5Qy7gcHi1U4&dib_tag=se&m=A3UEK3VBJ6ADB7&marketplaceID=A19VAU5U5O7RUS&qid=1776495564&refinements=p_36%3A10500-11000&s=merchant-items&sr=1-113&xpid=knzqKJR7kVrIO#customerReviews,"GOOD SMILE COMPANY Nendoroid Movie Version [Fate/Kaleid Liner Prisma Illya Licht No Nameless Girl] Ilya Spiel von Einzbern Uniform Ver. Non-scale, Plastic, Pre-painted Action Figure"
B0F1TFZ8RC,,106.26,https://www.amazon.sg/SMILE-COMPANY-Dungeon-Kigurumi-Farigon/dp/B0F1TFZ8RC/ref=sr_1_114?dib=eyJ2IjoiMSJ9.yk4kmynp9ErLUWPfsjgWeo8zKmgdB7jLcXDT4o90oQNx-7n0JQzfU3GwHMyv6Q1d3he37CS-LvK11eJifiESiP9yryX0AL-nu9Gypx4f2wvKWAdVHknv0ilyQX8k8p5GuNKUlDVj-9kqXe_MFSF2O98whey75VSy1trtZ6u8BpI.zr0KgdASrkA4UoA1h4DWqxRIY7TPIWiW5Qy7gcHi1U4&dib_tag=se&m=A3UEK3VBJ6ADB7&marketplaceID=A19VAU5U5O7RUS&qid=1776495564&refinements=p_36%3A10500-11000&s=merchant-items&sr=1-114&xpid=knzqKJR7kVrIO,GOOD SMILE COMPANY Dungeon Rice Kigurumi Farigon Plush Toy
B0DV5CWCFY,,106.63,https://www.amazon.sg/Nendoroid-Non-Scale-Plastic-Pre-Painted-Action/dp/B0DV5CWCFY/ref=sr_1_115?dib=eyJ2IjoiMSJ9.yk4kmynp9ErLUWPfsjgWeo8zKmgdB7jLcXDT4o90oQNx-7n0JQzfU3GwHMyv6Q1d3he37CS-LvK11eJifiESiP9yryX0AL-nu9Gypx4f2wvKWAdVHknv0ilyQX8k8p5GuNKUlDVj-9kqXe_MFSF2O98whey75VSy1trtZ6u8BpI.zr0KgdASrkA4UoA1h4DWqxRIY7TPIWiW5Qy7gcHi1U4&dib_tag=se&m=A3UEK3VBJ6ADB7&marketplaceID=A19VAU5U5O7RUS&qid=1776495564&refinements=p_36%3A10500-11000&s=merchant-items&sr=1-115&xpid=knzqKJR7kVrIO#customerReviews,Nendoroid Danda Dan Momo Non-Scale Plastic Pre-Painted Action Figure
B0DT4C8F4S,,106.63,https://www.amazon.sg/Nendoroid-Zenless-Non-Scale-Plastic-Pre-Painted/dp/B0DT4C8F4S/ref=sr_1_116?dib=eyJ2IjoiMSJ9.yk4kmynp9ErLUWPfsjgWeo8zKmgdB7jLcXDT4o90oQNx-7n0JQzfU3GwHMyv6Q1d3he37CS-LvK11eJifiESiP9yryX0AL-nu9Gypx4f2wvKWAdVHknv0ilyQX8k8p5GuNKUlDVj-9kqXe_MFSF2O98whey75VSy1trtZ6u8BpI.zr0KgdASrkA4UoA1h4DWqxRIY7TPIWiW5Qy7gcHi1U4&dib_tag=se&m=A3UEK3VBJ6ADB7&marketplaceID=A19VAU5U5O7RUS&qid=1776495564&refinements=p_36%3A10500-11000&s=merchant-items&sr=1-116&xpid=knzqKJR7kVrIO#customerReviews,Nendoroid Zenless Zone Zero Rin Non-Scale Plastic Pre-Painted Action Figure
B0DQPLZ2QC,,106.63,https://www.amazon.sg/Nendoroid-Saotome-Non-Scale-Plastic-Pre-Painted/dp/B0DQPLZ2QC/ref=sr_1_117?dib=eyJ2IjoiMSJ9.yk4kmynp9ErLUWPfsjgWeo8zKmgdB7jLcXDT4o90oQNx-7n0JQzfU3GwHMyv6Q1d3he37CS-LvK11eJifiESiP9yryX0AL-nu9Gypx4f2wvKWAdVHknv0ilyQX8k8p5GuNKUlDVj-9kqXe_MFSF2O98whey75VSy1trtZ6u8BpI.zr0KgdASrkA4UoA1h4DWqxRIY7TPIWiW5Qy7gcHi1U4&dib_tag=se&m=A3UEK3VBJ6ADB7&marketplaceID=A19VAU5U5O7RUS&qid=1776495564&refinements=p_36%3A10500-11000&s=merchant-items&sr=1-117&xpid=knzqKJR7kVrIO#customerReviews,Nendoroid Ranma 1/2 Saotome Ranma Non-Scale Plastic Pre-Painted Action Figure
B0DQPKLF2N,,106.38,https://www.amazon.sg/Nendoroid-Garfield-Non-Scale-Plastic-Pre-Painted/dp/B0DQPKLF2N/ref=sr_1_118?dib=eyJ2IjoiMSJ9.yk4kmynp9ErLUWPfsjgWeo8zKmgdB7jLcXDT4o90oQNx-7n0JQzfU3GwHMyv6Q1d3he37CS-LvK11eJifiESiP9yryX0AL-nu9Gypx4f2wvKWAdVHknv0ilyQX8k8p5GuNKUlDVj-9kqXe_MFSF2O98whey75VSy1trtZ6u8BpI.zr0KgdASrkA4UoA1h4DWqxRIY7TPIWiW5Qy7gcHi1U4&dib_tag=se&m=A3UEK3VBJ6ADB7&marketplaceID=A19VAU5U5O7RUS&qid=1776495564&refinements=p_36%3A10500-11000&s=merchant-items&sr=1-118&xpid=knzqKJR7kVrIO#customerReviews,Nendoroid Garfield Non-Scale Plastic Pre-Painted Action Figure
B0DQKWY4NF,,106.98,https://www.amazon.sg/Nendoroid-Evangelion-Shikinami-Non-scale-Pre-painted/dp/B0DQKWY4NF/ref=sr_1_119?dib=eyJ2IjoiMSJ9.yk4kmynp9ErLUWPfsjgWeo8zKmgdB7jLcXDT4o90oQNx-7n0JQzfU3GwHMyv6Q1d3he37CS-LvK11eJifiESiP9yryX0AL-nu9Gypx4f2wvKWAdVHknv0ilyQX8k8p5GuNKUlDVj-9kqXe_MFSF2O98whey75VSy1trtZ6u8BpI.zr0KgdASrkA4UoA1h4DWqxRIY7TPIWiW5Qy7gcHi1U4&dib_tag=se&m=A3UEK3VBJ6ADB7&marketplaceID=A19VAU5U5O7RUS&qid=1776495564&refinements=p_36%3A10500-11000&s=merchant-items&sr=1-119&xpid=knzqKJR7kVrIO#customerReviews,"Nendoroid Rebuild of Evangelion Shikinami Asuka Langley Plug Suit Ver., Non-scale, Plastic, Pre-painted Action Figure"
B0DLKHZG2R,,108.34,https://www.amazon.sg/imaa-Imabari-Certified-Absorbent-Compressed/dp/B0DLKHZG2R/ref=sr_1_120?dib=eyJ2IjoiMSJ9.yk4kmynp9ErLUWPfsjgWeo8zKmgdB7jLcXDT4o90oQNx-7n0JQzfU3GwHMyv6Q1d3he37CS-LvK11eJifiESiP9yryX0AL-nu9Gypx4f2wvKWAdVHknv0ilyQX8k8p5GuNKUlDVj-9kqXe_MFSF2O98whey75VSy1trtZ6u8BpI.zr0KgdASrkA4UoA1h4DWqxRIY7TPIWiW5Qy7gcHi1U4&dib_tag=se&m=A3UEK3VBJ6ADB7&marketplaceID=A19VAU5U5O7RUS&qid=1776495564&refinements=p_36%3A10500-11000&s=merchant-items&sr=1-120&xpid=knzqKJR7kVrIO#customerReviews,"imaa Imabari Towels, Certified Face Towels, Set of 4, Fluffy, Thin, Absorbent and Quick Drying, Made in Japan, 100% Cotton, Vacuum Compressed Pack, Brown"
B0DLKHZG2R,,,,
B0DDPTQYHS,,107.78,https://www.amazon.sg/Nendoroid-Collapse-Aventurine-Non-Scale-Pre-Painted/dp/B0DDPTQYHS/ref=sr_1_121?dib=eyJ2IjoiMSJ9.yk4kmynp9ErLUWPfsjgWeo8zKmgdB7jLcXDT4o90oQNx-7n0JQzfU3GwHMyv6Q1d3he37CS-LvK11eJifiESiP9yryX0AL-nu9Gypx4f2wvKWAdVHknv0ilyQX8k8p5GuNKUlDVj-9kqXe_MFSF2O98whey75VSy1trtZ6u8BpI.zr0KgdASrkA4UoA1h4DWqxRIY7TPIWiW5Qy7gcHi1U4&dib_tag=se&m=A3UEK3VBJ6ADB7&marketplaceID=A19VAU5U5O7RUS&qid=1776495564&refinements=p_36%3A10500-11000&s=merchant-items&sr=1-121&xpid=knzqKJR7kVrIO#customerReviews,"Nendoroid Collapse Star Rail Aventurine, Non-Scale, Plastic, Pre-Painted Action Figure"
B0DCKBP14Z,,107.78,https://www.amazon.sg/Daiwa-LT2500D-Spinning-Reel-Revros/dp/B0DCKBP14Z/ref=sr_1_122?dib=eyJ2IjoiMSJ9.yk4kmynp9ErLUWPfsjgWeo8zKmgdB7jLcXDT4o90oQNx-7n0JQzfU3GwHMyv6Q1d3he37CS-LvK11eJifiESiP9yryX0AL-nu9Gypx4f2wvKWAdVHknv0ilyQX8k8p5GuNKUlDVj-9kqXe_MFSF2O98whey75VSy1trtZ6u8BpI.zr0KgdASrkA4UoA1h4DWqxRIY7TPIWiW5Qy7gcHi1U4&dib_tag=se&m=A3UEK3VBJ6ADB7&marketplaceID=A19VAU5U5O7RUS&qid=1776495564&refinements=p_36%3A10500-11000&s=merchant-items&sr=1-122&xpid=knzqKJR7kVrIO#customerReviews,"Daiwa Spinning Reel, 24 Levros, 1000 to 6000 Various (2024 Model)"
B0DCKBP14Z,,,,
B0DCK8LW3X,,107.43,https://www.amazon.sg/Daiwa-LT2500S-XH-Spinning-Reel-Revros/dp/B0DCK8LW3X/ref=sr_1_123?dib=eyJ2IjoiMSJ9.yk4kmynp9ErLUWPfsjgWeo8zKmgdB7jLcXDT4o90oQNx-7n0JQzfU3GwHMyv6Q1d3he37CS-LvK11eJifiESiP9yryX0AL-nu9Gypx4f2wvKWAdVHknv0ilyQX8k8p5GuNKUlDVj-9kqXe_MFSF2O98whey75VSy1trtZ6u8BpI.zr0KgdASrkA4UoA1h4DWqxRIY7TPIWiW5Qy7gcHi1U4&dib_tag=se&m=A3UEK3VBJ6ADB7&marketplaceID=A19VAU5U5O7RUS&qid=1776495564&refinements=p_36%3A10500-11000&s=merchant-items&sr=1-123&xpid=knzqKJR7kVrIO#customerReviews,"Daiwa Spinning Reel, 24 Levros, 1000 to 6000 Various (2024 Model)"
B0DCK8LW3X,,,,
B0D9W2KZ82,,106.96,https://www.amazon.sg/Good-Smile-Company-Belldandy-Goddess/dp/B0D9W2KZ82/ref=sr_1_129?dib=eyJ2IjoiMSJ9.iQ-MRzp1z-yrSlfmsZ9zXuSVOGaZXhlosMAtQQk3m6tjWx59o8sgzEmnOyyXwZaNVlj7fWmlGbkX_Kq451elxA.-Oe6LZV5eFVJceNZzceuUYDEWbDTPfcfdBCIPHucDEw&dib_tag=se&m=A3UEK3VBJ6ADB7&marketplaceID=A19VAU5U5O7RUS&qid=1776495569&refinements=p_36%3A10500-11000&s=merchant-items&sr=1-129&xpid=knzqKJR7kVrIO#customerReviews,Good Smile Company Belldandy Figure 10 cm oh My Goddess!
B0D8KS9XNF,,105.6,https://www.amazon.sg/Makishima-Non-scale-Plastic-Pre-painted-Complete/dp/B0D8KS9XNF/ref=sr_1_130?dib=eyJ2IjoiMSJ9.iQ-MRzp1z-yrSlfmsZ9zXuSVOGaZXhlosMAtQQk3m6tjWx59o8sgzEmnOyyXwZaNVlj7fWmlGbkX_Kq451elxA.-Oe6LZV5eFVJceNZzceuUYDEWbDTPfcfdBCIPHucDEw&dib_tag=se&m=A3UEK3VBJ6ADB7&marketplaceID=A19VAU5U5O7RUS&qid=1776495569&refinements=p_36%3A10500-11000&s=merchant-items&sr=1-130&xpid=knzqKJR7kVrIO#customerReviews,"POP UP PARADE PASS Shogo Makishima L Size, Non-scale, Plastic, Pre-painted Complete Figure"
B0D6VLNKCW,,106.28,https://www.amazon.sg/DAIWA-Egi-Emerald-Shoulder-Black/dp/B0D6VLNKCW/ref=sr_1_131?dib=eyJ2IjoiMSJ9.iQ-MRzp1z-yrSlfmsZ9zXuSVOGaZXhlosMAtQQk3m6tjWx59o8sgzEmnOyyXwZaNVlj7fWmlGbkX_Kq451elxA.-Oe6LZV5eFVJceNZzceuUYDEWbDTPfcfdBCIPHucDEw&dib_tag=se&m=A3UEK3VBJ6ADB7&marketplaceID=A19VAU5U5O7RUS&qid=1776495569&refinements=p_36%3A10500-11000&s=merchant-items&sr=1-131&xpid=knzqKJR7kVrIO#customerReviews,Daiwa Egi Emerald Bag/Tactical Bag (2024 Model)
B0D6VLNKCW,,,,
B0D4M6W6GX,,109.78,https://www.amazon.sg/Good-Smile-Company-Fullmetal-Alchemist/dp/B0D4M6W6GX/ref=sr_1_132?dib=eyJ2IjoiMSJ9.iQ-MRzp1z-yrSlfmsZ9zXuSVOGaZXhlosMAtQQk3m6tjWx59o8sgzEmnOyyXwZaNVlj7fWmlGbkX_Kq451elxA.-Oe6LZV5eFVJceNZzceuUYDEWbDTPfcfdBCIPHucDEw&dib_tag=se&m=A3UEK3VBJ6ADB7&marketplaceID=A19VAU5U5O7RUS&qid=1776495569&refinements=p_36%3A10500-11000&s=merchant-items&sr=1-132&xpid=knzqKJR7kVrIO#customerReviews,Good Smile Company Fullmetal Alchemist: Brotherhood Nendoroid Action Figure Winry Rockbell 10 cm
B0CYH7YRR9,,105.0,https://www.amazon.sg/TAOTOO-Resistant-Potholder-Temperature-Burn-Prevention/dp/B0CYH7YRR9/ref=sr_1_133?dib=eyJ2IjoiMSJ9.iQ-MRzp1z-yrSlfmsZ9zXuSVOGaZXhlosMAtQQk3m6tjWx59o8sgzEmnOyyXwZaNVlj7fWmlGbkX_Kq451elxA.-Oe6LZV5eFVJceNZzceuUYDEWbDTPfcfdBCIPHucDEw&dib_tag=se&m=A3UEK3VBJ6ADB7&marketplaceID=A19VAU5U5O7RUS&qid=1776495569&refinements=p_36%3A10500-11000&s=merchant-items&sr=1-133&xpid=knzqKJR7kVrIO#customerReviews,"Heat Resistant Mittens, Potholder Set of 6, Heat Resistant Temperature up to 612°F (300°C), Double Layer, Extra Long, Potholder, Trivet, Silicone Mitten, Oven Mitt, Burn-Prevention, Non-Slip,"
B0CYH7YRR9,,,,
B0CWRK2HVS,,106.86,https://www.amazon.sg/Good-Smile-Company-Blue-Lock/dp/B0CWRK2HVS/ref=sr_1_129?dib=eyJ2IjoiMSJ9.-htvmWtzQrZ3woGiqUBuGctHLzBHLLnrYvWrqujfNOGPyB7rDvhoNbBU2Et0ZjWxe2gduQukIT8sHp-5NqFi9OzkWKDKpn5ut-SAeRjmi3uw_be4jv-h_gpltqLI8f7bB-BQ_zi2qSa3be1s959XjiFQHGVNrUg3yREP9Y56cGM.5GXSvgXk73iOAVo0svKTUKKXt8OAn36nP_f9e0Y2D-U&dib_tag=se&m=A3UEK3VBJ6ADB7&marketplaceID=A19VAU5U5O7RUS&qid=1776495569&refinements=p_36%3A10500-11000&s=merchant-items&sr=1-129&xpid=knzqKJR7kVrIO#customerReviews,Good Smile Company Blue Lock: Isagi Yoichi Nendoroid Action Figure
B0CVH39B2C,,109.81,https://www.amazon.sg/BRIGHTZ-Custom-Plated-Window-WIN-SWI-009/dp/B0CVH39B2C/ref=sr_1_130?dib=eyJ2IjoiMSJ9.-htvmWtzQrZ3woGiqUBuGctHLzBHLLnrYvWrqujfNOGPyB7rDvhoNbBU2Et0ZjWxe2gduQukIT8sHp-5NqFi9OzkWKDKpn5ut-SAeRjmi3uw_be4jv-h_gpltqLI8f7bB-BQ_zi2qSa3be1s959XjiFQHGVNrUg3yREP9Y56cGM.5GXSvgXk73iOAVo0svKTUKKXt8OAn36nP_f9e0Y2D-U&dib_tag=se&m=A3UEK3VBJ6ADB7&marketplaceID=A19VAU5U5O7RUS&qid=1776495569&refinements=p_36%3A10500-11000&s=merchant-items&sr=1-130&xpid=knzqKJR7kVrIO,BRIGHTZ Flare Wagon Custom Style MM54S MM94S Plated Rear Window Switch Cover [WIN-SWI-009] MM54 MM94 MM 54 94 94
B0CVH39B2C,,,,
B0CV9WF11V,,105.07,https://www.amazon.sg/Good-Smile-Company-Rozen-Maiden/dp/B0CV9WF11V/ref=sr_1_131?dib=eyJ2IjoiMSJ9.-htvmWtzQrZ3woGiqUBuGctHLzBHLLnrYvWrqujfNOGPyB7rDvhoNbBU2Et0ZjWxe2gduQukIT8sHp-5NqFi9OzkWKDKpn5ut-SAeRjmi3uw_be4jv-h_gpltqLI8f7bB-BQ_zi2qSa3be1s959XjiFQHGVNrUg3yREP9Y56cGM.5GXSvgXk73iOAVo0svKTUKKXt8OAn36nP_f9e0Y2D-U&dib_tag=se&m=A3UEK3VBJ6ADB7&marketplaceID=A19VAU5U5O7RUS&qid=1776495569&refinements=p_36%3A10500-11000&s=merchant-items&sr=1-131&xpid=knzqKJR7kVrIO#customerReviews,Good Smile Company Rozen Maiden: Kanaria Nendoroid Action Figure
B0CTMRFCFY,,108.18,https://www.amazon.sg/Ichibansho-Omnibus-Amazing-Multicoloured-Collectible/dp/B0CTMRFCFY/ref=sr_1_132?dib=eyJ2IjoiMSJ9.-htvmWtzQrZ3woGiqUBuGctHLzBHLLnrYvWrqujfNOGPyB7rDvhoNbBU2Et0ZjWxe2gduQukIT8sHp-5NqFi9OzkWKDKpn5ut-SAeRjmi3uw_be4jv-h_gpltqLI8f7bB-BQ_zi2qSa3be1s959XjiFQHGVNrUg3yREP9Y56cGM.5GXSvgXk73iOAVo0svKTUKKXt8OAn36nP_f9e0Y2D-U&dib_tag=se&m=A3UEK3VBJ6ADB7&marketplaceID=A19VAU5U5O7RUS&qid=1776495569&refinements=p_36%3A10500-11000&s=merchant-items&sr=1-132&xpid=knzqKJR7kVrIO#customerReviews,"Ichibansho Raditz Dragon Ball (Vs Omnibus Amazing) 25 cm Action Figure, Multicoloured, Collectible Figure, Ideal for Anime Fans"
B0CRK7SVLR,,110.0,https://www.amazon.sg/%E3%82%AA%E3%83%B3%E3%83%80-Onda-Fruit-Juicer-RN2023/dp/B0CRK7SVLR/ref=sr_1_133?dib=eyJ2IjoiMSJ9.-htvmWtzQrZ3woGiqUBuGctHLzBHLLnrYvWrqujfNOGPyB7rDvhoNbBU2Et0ZjWxe2gduQukIT8sHp-5NqFi9OzkWKDKpn5ut-SAeRjmi3uw_be4jv-h_gpltqLI8f7bB-BQ_zi2qSa3be1s959XjiFQHGVNrUg3yREP9Y56cGM.5GXSvgXk73iOAVo0svKTUKKXt8OAn36nP_f9e0Y2D-U&dib_tag=se&m=A3UEK3VBJ6ADB7&marketplaceID=A19VAU5U5O7RUS&qid=1776495569&refinements=p_36%3A10500-11000&s=merchant-items&sr=1-133&xpid=knzqKJR7kVrIO,Fruit Juicer RN2023
B0CRK7SVLR,,,,
B0CRK3SHKG,,108.33,https://www.amazon.sg/Megahouse-G-Mobile-Gundam-Mercury-Nanaura/dp/B0CRK3SHKG/ref=sr_1_134?dib=eyJ2IjoiMSJ9.-htvmWtzQrZ3woGiqUBuGctHLzBHLLnrYvWrqujfNOGPyB7rDvhoNbBU2Et0ZjWxe2gduQukIT8sHp-5NqFi9OzkWKDKpn5ut-SAeRjmi3uw_be4jv-h_gpltqLI8f7bB-BQ_zi2qSa3be1s959XjiFQHGVNrUg3yREP9Y56cGM.5GXSvgXk73iOAVo0svKTUKKXt8OAn36nP_f9e0Y2D-U&dib_tag=se&m=A3UEK3VBJ6ADB7&marketplaceID=A19VAU5U5O7RUS&qid=1776495569&refinements=p_36%3A10500-11000&s=merchant-items&sr=1-134&xpid=knzqKJR7kVrIO#customerReviews,Megahouse-G.E.M. Series Mobile Suit Gundam The Witch from Mercury Palm Size Nika Nanaura
B0CPY1GNQ2,,109.37,https://www.amazon.sg/Good-Smile-Company-Equipment-Moderoid/dp/B0CPY1GNQ2/ref=sr_1_135?dib=eyJ2IjoiMSJ9.-htvmWtzQrZ3woGiqUBuGctHLzBHLLnrYvWrqujfNOGPyB7rDvhoNbBU2Et0ZjWxe2gduQukIT8sHp-5NqFi9OzkWKDKpn5ut-SAeRjmi3uw_be4jv-h_gpltqLI8f7bB-BQ_zi2qSa3be1s959XjiFQHGVNrUg3yREP9Y56cGM.5GXSvgXk73iOAVo0svKTUKKXt8OAn36nP_f9e0Y2D-U&dib_tag=se&m=A3UEK3VBJ6ADB7&marketplaceID=A19VAU5U5O7RUS&qid=1776495569&refinements=p_36%3A10500-11000&s=merchant-items&sr=1-135&xpid=knzqKJR7kVrIO#customerReviews,Good Smile Company Robocop 3 Jetpack Equipment Moderoid Plastic Model Kit
B0CPLDN9TY,,106.1,https://www.amazon.sg/Reusch-5460255-Attract-Silver-NC/dp/B0CPLDN9TY/ref=sr_1_136?dib=eyJ2IjoiMSJ9.-htvmWtzQrZ3woGiqUBuGctHLzBHLLnrYvWrqujfNOGPyB7rDvhoNbBU2Et0ZjWxe2gduQukIT8sHp-5NqFi9OzkWKDKpn5ut-SAeRjmi3uw_be4jv-h_gpltqLI8f7bB-BQ_zi2qSa3be1s959XjiFQHGVNrUg3yREP9Y56cGM.5GXSvgXk73iOAVo0svKTUKKXt8OAn36nP_f9e0Y2D-U&dib_tag=se&m=A3UEK3VBJ6ADB7&marketplaceID=A19VAU5U5O7RUS&qid=1776495569&refinements=p_36%3A10500-11000&s=merchant-items&sr=1-136&xpid=knzqKJR7kVrIO,Reusch Attract Silver NC
B0CPLDN9TY,,,,
B0CMZVZ31G,,109.51,https://www.amazon.sg/Good-Smile-Company-Little-Academia/dp/B0CMZVZ31G/ref=sr_1_137?dib=eyJ2IjoiMSJ9.-htvmWtzQrZ3woGiqUBuGctHLzBHLLnrYvWrqujfNOGPyB7rDvhoNbBU2Et0ZjWxe2gduQukIT8sHp-5NqFi9OzkWKDKpn5ut-SAeRjmi3uw_be4jv-h_gpltqLI8f7bB-BQ_zi2qSa3be1s959XjiFQHGVNrUg3yREP9Y56cGM.5GXSvgXk73iOAVo0svKTUKKXt8OAn36nP_f9e0Y2D-U&dib_tag=se&m=A3UEK3VBJ6ADB7&marketplaceID=A19VAU5U5O7RUS&qid=1776495569&refinements=p_36%3A10500-11000&s=merchant-items&sr=1-137&xpid=knzqKJR7kVrIO#customerReviews,Good Smile Company Little Witch Academia: Sucy Manbavaran Nendoroid Action Figure
B0CJJ7TBBJ,,116.67,https://www.amazon.sg/Darts-Clutch-Massimo-Rainbow-Casual/dp/B0CJJ7TBBJ/ref=sr_1_138?dib=eyJ2IjoiMSJ9.-htvmWtzQrZ3woGiqUBuGctHLzBHLLnrYvWrqujfNOGPyB7rDvhoNbBU2Et0ZjWxe2gduQukIT8sHp-5NqFi9OzkWKDKpn5ut-SAeRjmi3uw_be4jv-h_gpltqLI8f7bB-BQ_zi2qSa3be1s959XjiFQHGVNrUg3yREP9Y56cGM.5GXSvgXk73iOAVo0svKTUKKXt8OAn36nP_f9e0Y2D-U&dib_tag=se&m=A3UEK3VBJ6ADB7&marketplaceID=A19VAU5U5O7RUS&qid=1776495569&refinements=p_36%3A10500-11000&s=merchant-items&sr=1-138&xpid=knzqKJR7kVrIO,"Darts Case Cosmo Darts Clutch Duo Massimo Dante, Rainbow, Casual"
B0CJJ7TBBJ,,,,
B0CJ4YBSDV,,106.21,https://www.amazon.sg/Bocchi-Nijika-Ichiji-Nendoroid-Action/dp/B0CJ4YBSDV/ref=sr_1_139?dib=eyJ2IjoiMSJ9.-htvmWtzQrZ3woGiqUBuGctHLzBHLLnrYvWrqujfNOGPyB7rDvhoNbBU2Et0ZjWxe2gduQukIT8sHp-5NqFi9OzkWKDKpn5ut-SAeRjmi3uw_be4jv-h_gpltqLI8f7bB-BQ_zi2qSa3be1s959XjiFQHGVNrUg3yREP9Y56cGM.5GXSvgXk73iOAVo0svKTUKKXt8OAn36nP_f9e0Y2D-U&dib_tag=se&m=A3UEK3VBJ6ADB7&marketplaceID=A19VAU5U5O7RUS&qid=1776495569&refinements=p_36%3A10500-11000&s=merchant-items&sr=1-139&xpid=knzqKJR7kVrIO#customerReviews,Bocchi The Rock! Nijika Ichiji Nendoroid Action Figure
B0CJ4YBSDV,,106.21,https://www.amazon.sg/Bocchi-Nijika-Ichiji-Nendoroid-Action/dp/B0CJ4YBSDV/ref=sr_1_145?dib=eyJ2IjoiMSJ9.6MCqod6sFtHLcrIZ8oPozlGfpbw5lMvSwVykdCbAnfxVAWp5_-uQ0SKzHRlNvcZX48tWx-u10DNINuNymeyO7w.n5YnblmPJIkd9eNAyf3VXkMHVdJJvPEv00WUtH0OBzA&dib_tag=se&m=A3UEK3VBJ6ADB7&marketplaceID=A19VAU5U5O7RUS&qid=1776495573&refinements=p_36%3A10500-11000&s=merchant-items&sr=1-145&xpid=knzqKJR7kVrIO#customerReviews,Bocchi The Rock! Nijika Ichiji Nendoroid Action Figure
B0CHM562SN,,105.48,https://www.amazon.sg/Evolution-Non-scale-Painted-Finished-Figure/dp/B0CHM562SN/ref=sr_1_146?dib=eyJ2IjoiMSJ9.6MCqod6sFtHLcrIZ8oPozlGfpbw5lMvSwVykdCbAnfxVAWp5_-uQ0SKzHRlNvcZX48tWx-u10DNINuNymeyO7w.n5YnblmPJIkd9eNAyf3VXkMHVdJJvPEv00WUtH0OBzA&dib_tag=se&m=A3UEK3VBJ6ADB7&marketplaceID=A19VAU5U5O7RUS&qid=1776495573&refinements=p_36%3A10500-11000&s=merchant-items&sr=1-146&xpid=knzqKJR7kVrIO,"Evolution Toy MAF Alien Zarab, Non-scale, PVC & ABS, Painted Finished Figure"
B0CGZV46YX,,106.51,https://www.amazon.sg/Good-Smile-Company-Suzume-Nendoroid/dp/B0CGZV46YX/ref=sr_1_147?dib=eyJ2IjoiMSJ9.6MCqod6sFtHLcrIZ8oPozlGfpbw5lMvSwVykdCbAnfxVAWp5_-uQ0SKzHRlNvcZX48tWx-u10DNINuNymeyO7w.n5YnblmPJIkd9eNAyf3VXkMHVdJJvPEv00WUtH0OBzA&dib_tag=se&m=A3UEK3VBJ6ADB7&marketplaceID=A19VAU5U5O7RUS&qid=1776495573&refinements=p_36%3A10500-11000&s=merchant-items&sr=1-147&xpid=knzqKJR7kVrIO#customerReviews,Good Smile Company Suzume: Souita Munakata Nendoroid Action Figure
B0CDW6CHQ7,,105.42,https://www.amazon.sg/Melty-Princess-Bocchi-Rock-Hitori-chan/dp/B0CDW6CHQ7/ref=sr_1_148?dib=eyJ2IjoiMSJ9.6MCqod6sFtHLcrIZ8oPozlGfpbw5lMvSwVykdCbAnfxVAWp5_-uQ0SKzHRlNvcZX48tWx-u10DNINuNymeyO7w.n5YnblmPJIkd9eNAyf3VXkMHVdJJvPEv00WUtH0OBzA&dib_tag=se&m=A3UEK3VBJ6ADB7&marketplaceID=A19VAU5U5O7RUS&qid=1776495573&refinements=p_36%3A10500-11000&s=merchant-items&sr=1-148&xpid=knzqKJR7kVrIO#customerReviews,Melty Princess Bocchi The Rock! Palm Size Hitori-chan
B0CDQMBFCN,,105.75,https://www.amazon.sg/Banpresto-Masked-Rider-Heroes-Universe/dp/B0CDQMBFCN/ref=sr_1_149?dib=eyJ2IjoiMSJ9.6MCqod6sFtHLcrIZ8oPozlGfpbw5lMvSwVykdCbAnfxVAWp5_-uQ0SKzHRlNvcZX48tWx-u10DNINuNymeyO7w.n5YnblmPJIkd9eNAyf3VXkMHVdJJvPEv00WUtH0OBzA&dib_tag=se&m=A3UEK3VBJ6ADB7&marketplaceID=A19VAU5U5O7RUS&qid=1776495573&refinements=p_36%3A10500-11000&s=merchant-items&sr=1-149&xpid=knzqKJR7kVrIO#customerReviews,Banpresto Masked Rider Shin Japan Heroes Universe - Art Vignette 11 cm BP88447P Mehrfarbig
B0CBBR2361,,293.34,https://www.amazon.sg/SEQUENZ-MP-LARGE-MSG-Carrying-Medium-Equipment/dp/B0CBBR2361/ref=sr_1_145?dib=eyJ2IjoiMSJ9.wotANOozaY1TYzUHTNgh4Pq5qF6c_9gSoFCSAfOCpq1Q1buYSFXpvG7Koh-5i8fta2piTfYhUrc3LepCKXD2-yzOChr9luCj4Ga5MsJS1t14XVV9CbHnKkbih6HvnyjQqCuWiwqgajyds-IeiAcC1jEU1YkJm0BJ98l7CecBG1U.cxj6G9FuU3DMAUach0NiRD42HeIIZxbRm-DaUOdMSHE&dib_tag=se&m=A3UEK3VBJ6ADB7&marketplaceID=A19VAU5U5O7RUS&qid=1776495573&refinements=p_36%3A10500-11000&s=merchant-items&sr=1-145&xpid=knzqKJR7kVrIO#customerReviews,SEQUENZ MP-LARGE-MSG Carrying Case for Medium Equipment
B0CBBR2361,,,,
B0C9ZN8HQG,,108.34,https://www.amazon.sg/SMRG-Standard-Breathable-Moisture-Prevention/dp/B0C9ZN8HQG/ref=sr_1_146?dib=eyJ2IjoiMSJ9.wotANOozaY1TYzUHTNgh4Pq5qF6c_9gSoFCSAfOCpq1Q1buYSFXpvG7Koh-5i8fta2piTfYhUrc3LepCKXD2-yzOChr9luCj4Ga5MsJS1t14XVV9CbHnKkbih6HvnyjQqCuWiwqgajyds-IeiAcC1jEU1YkJm0BJ98l7CecBG1U.cxj6G9FuU3DMAUach0NiRD42HeIIZxbRm-DaUOdMSHE&dib_tag=se&m=A3UEK3VBJ6ADB7&marketplaceID=A19VAU5U5O7RUS&qid=1776495573&refinements=p_36%3A10500-11000&s=merchant-items&sr=1-146&xpid=knzqKJR7kVrIO#customerReviews,SR-VL Bicycle Saddle Thick Cushion Perforation JIS Standard Road Bike Cross Bike Breathable Moisture Prevention
B0C9ZN8HQG,,,,
B0C9SRQ34N,,113.96,https://www.amazon.sg/Cop-M-700X42-42-622-Adventure-Classic/dp/B0C9SRQ34N/ref=sr_1_147?dib=eyJ2IjoiMSJ9.wotANOozaY1TYzUHTNgh4Pq5qF6c_9gSoFCSAfOCpq1Q1buYSFXpvG7Koh-5i8fta2piTfYhUrc3LepCKXD2-yzOChr9luCj4Ga5MsJS1t14XVV9CbHnKkbih6HvnyjQqCuWiwqgajyds-IeiAcC1jEU1YkJm0BJ98l7CecBG1U.cxj6G9FuU3DMAUach0NiRD42HeIIZxbRm-DaUOdMSHE&dib_tag=se&m=A3UEK3VBJ6ADB7&marketplaceID=A19VAU5U5O7RUS&qid=1776495573&refinements=p_36%3A10500-11000&s=merchant-items&sr=1-147&xpid=knzqKJR7kVrIO#customerReviews,Cop.M 700X42 (42-622) Power Adventure TLR Classic
B0C9SRQ34N,,,,
B0C6QGL8TZ,,111.34,https://www.amazon.sg/LOGOS-81670060-Foldable-Disaster-Preparedness/dp/B0C6QGL8TZ/ref=sr_1_148?dib=eyJ2IjoiMSJ9.wotANOozaY1TYzUHTNgh4Pq5qF6c_9gSoFCSAfOCpq1Q1buYSFXpvG7Koh-5i8fta2piTfYhUrc3LepCKXD2-yzOChr9luCj4Ga5MsJS1t14XVV9CbHnKkbih6HvnyjQqCuWiwqgajyds-IeiAcC1jEU1YkJm0BJ98l7CecBG1U.cxj6G9FuU3DMAUach0NiRD42HeIIZxbRm-DaUOdMSHE&dib_tag=se&m=A3UEK3VBJ6ADB7&marketplaceID=A19VAU5U5O7RUS&qid=1776495573&refinements=p_36%3A10500-11000&s=merchant-items&sr=1-148&xpid=knzqKJR7kVrIO#customerReviews,"LOGOS Cooler Bag, Hyper Subzero Cooler, Cooler Box, Foldable, Disaster Preparedness"
B0C6QGL8TZ,,,,
B0C3HQF24X,,107.43,https://www.amazon.sg/Spirits-Mobile-N-I-M-Approx-Pre-painted/dp/B0C3HQF24X/ref=sr_1_149?dib=eyJ2IjoiMSJ9.wotANOozaY1TYzUHTNgh4Pq5qF6c_9gSoFCSAfOCpq1Q1buYSFXpvG7Koh-5i8fta2piTfYhUrc3LepCKXD2-yzOChr9luCj4Ga5MsJS1t14XVV9CbHnKkbih6HvnyjQqCuWiwqgajyds-IeiAcC1jEU1YkJm0BJ98l7CecBG1U.cxj6G9FuU3DMAUach0NiRD42HeIIZxbRm-DaUOdMSHE&dib_tag=se&m=A3UEK3VBJ6ADB7&marketplaceID=A19VAU5U5O7RUS&qid=1776495573&refinements=p_36%3A10500-11000&s=merchant-items&sr=1-149&xpid=knzqKJR7kVrIO#customerReviews,"Robot Spirits Side MS Mobile Suit Gundam RGM-79 Gym Ver. A.N.I.M.E. Approx. 4.9 inches (125 mm), ABS & PVC Pre-painted Action Figure"
B0BZSH4MDL,,106.97,https://www.amazon.sg/Good-Smile-Company-colleague-Fuyutsuki/dp/B0BZSH4MDL/ref=sr_1_150?dib=eyJ2IjoiMSJ9.wotANOozaY1TYzUHTNgh4Pq5qF6c_9gSoFCSAfOCpq1Q1buYSFXpvG7Koh-5i8fta2piTfYhUrc3LepCKXD2-yzOChr9luCj4Ga5MsJS1t14XVV9CbHnKkbih6HvnyjQqCuWiwqgajyds-IeiAcC1jEU1YkJm0BJ98l7CecBG1U.cxj6G9FuU3DMAUach0NiRD42HeIIZxbRm-DaUOdMSHE&dib_tag=se&m=A3UEK3VBJ6ADB7&marketplaceID=A19VAU5U5O7RUS&qid=1776495573&refinements=p_36%3A10500-11000&s=merchant-items&sr=1-150&xpid=knzqKJR7kVrIO#customerReviews,Good Smile Company - Ice Guy his cool female colleague Fuyutsuki San Nendoroid action figure
B0BZPT9BYH,,107.34,https://www.amazon.sg/Theater-Highlights-SSSS-GRIDMAN-Non-Scale-Assembly/dp/B0BZPT9BYH/ref=sr_1_151?dib=eyJ2IjoiMSJ9.wotANOozaY1TYzUHTNgh4Pq5qF6c_9gSoFCSAfOCpq1Q1buYSFXpvG7Koh-5i8fta2piTfYhUrc3LepCKXD2-yzOChr9luCj4Ga5MsJS1t14XVV9CbHnKkbih6HvnyjQqCuWiwqgajyds-IeiAcC1jEU1YkJm0BJ98l7CecBG1U.cxj6G9FuU3DMAUach0NiRD42HeIIZxbRm-DaUOdMSHE&dib_tag=se&m=A3UEK3VBJ6ADB7&marketplaceID=A19VAU5U5O7RUS&qid=1776495573&refinements=p_36%3A10500-11000&s=merchant-items&sr=1-151&xpid=knzqKJR7kVrIO#customerReviews,"Theater Highlights ""SSSS.GRIDMAN"" Akane Shinjo Action Plastic Model Kit, Non-Scale, Assembly Type Plastic Model"
B0BYZ4R8TZ,,105.0,https://www.amazon.sg/PVL1105VDRT-Turquoise-Break-resistant-Dishwasher-Lightweight/dp/B0BYZ4R8TZ/ref=sr_1_152?dib=eyJ2IjoiMSJ9.wotANOozaY1TYzUHTNgh4Pq5qF6c_9gSoFCSAfOCpq1Q1buYSFXpvG7Koh-5i8fta2piTfYhUrc3LepCKXD2-yzOChr9luCj4Ga5MsJS1t14XVV9CbHnKkbih6HvnyjQqCuWiwqgajyds-IeiAcC1jEU1YkJm0BJ98l7CecBG1U.cxj6G9FuU3DMAUach0NiRD42HeIIZxbRm-DaUOdMSHE&dib_tag=se&m=A3UEK3VBJ6ADB7&marketplaceID=A19VAU5U5O7RUS&qid=1776495573&refinements=p_36%3A10500-11000&s=merchant-items&sr=1-152&xpid=knzqKJR7kVrIO#customerReviews,"Tarhong PVL1105VDRT Crackle Dinner Plate, 10.6 inches (27 cm), Turquoise Plate, Break-resistant, Melamine Tableware, Plastic, Dishwasher Safe, One Plate, Stylish, Cute, Lightweight, Outdoor, Camping,"
B0BYZ4R8TZ,,,,
B0BYZ4PP77,,105.0,https://www.amazon.sg/PVL1105DRCG-Break-Resistant-Tableware-Dishwasher-Lightweight/dp/B0BYZ4PP77/ref=sr_1_153?dib=eyJ2IjoiMSJ9.wotANOozaY1TYzUHTNgh4Pq5qF6c_9gSoFCSAfOCpq1Q1buYSFXpvG7Koh-5i8fta2piTfYhUrc3LepCKXD2-yzOChr9luCj4Ga5MsJS1t14XVV9CbHnKkbih6HvnyjQqCuWiwqgajyds-IeiAcC1jEU1YkJm0BJ98l7CecBG1U.cxj6G9FuU3DMAUach0NiRD42HeIIZxbRm-DaUOdMSHE&dib_tag=se&m=A3UEK3VBJ6ADB7&marketplaceID=A19VAU5U5O7RUS&qid=1776495573&refinements=p_36%3A10500-11000&s=merchant-items&sr=1-153&xpid=knzqKJR7kVrIO#customerReviews,"Tarhong PVL1105DRCG Crackle Dinner Plate, 10.6 inches (27 cm), Gold, Dish, Break-Resistant, Melamine Tableware, Plastic, Dishwasher Safe, One Plate, Stylish, Cute, Lightweight, Outdoor, Camping,"
B0BYZ4PP77,,,,
B0BXJ7QB46,,107.37,https://www.amazon.sg/S-H-Figuarts-Mephirus-Sin-Ultraman/dp/B0BXJ7QB46/ref=sr_1_154?dib=eyJ2IjoiMSJ9.wotANOozaY1TYzUHTNgh4Pq5qF6c_9gSoFCSAfOCpq1Q1buYSFXpvG7Koh-5i8fta2piTfYhUrc3LepCKXD2-yzOChr9luCj4Ga5MsJS1t14XVV9CbHnKkbih6HvnyjQqCuWiwqgajyds-IeiAcC1jEU1YkJm0BJ98l7CecBG1U.cxj6G9FuU3DMAUach0NiRD42HeIIZxbRm-DaUOdMSHE&dib_tag=se&m=A3UEK3VBJ6ADB7&marketplaceID=A19VAU5U5O7RUS&qid=1776495573&refinements=p_36%3A10500-11000&s=merchant-items&sr=1-154&xpid=knzqKJR7kVrIO#customerReviews,S.H. Figuarts Mephirus (Sin Ultraman)
B0BX4FCM2L,,107.02,https://www.amazon.sg/Tasmanian-Tiger-Pouch-POUCH-7364-331/dp/B0BX4FCM2L/ref=sr_1_155?dib=eyJ2IjoiMSJ9.wotANOozaY1TYzUHTNgh4Pq5qF6c_9gSoFCSAfOCpq1Q1buYSFXpvG7Koh-5i8fta2piTfYhUrc3LepCKXD2-yzOChr9luCj4Ga5MsJS1t14XVV9CbHnKkbih6HvnyjQqCuWiwqgajyds-IeiAcC1jEU1YkJm0BJ98l7CecBG1U.cxj6G9FuU3DMAUach0NiRD42HeIIZxbRm-DaUOdMSHE&dib_tag=se&m=A3UEK3VBJ6ADB7&marketplaceID=A19VAU5U5O7RUS&qid=1776495573&refinements=p_36%3A10500-11000&s=merchant-items&sr=1-155&xpid=knzqKJR7kVrIO#customerReviews,Tasmanian Tiger IFAK Pouch S Mk2 7364 Tasmanian Tiger IFAK POUCH S Mk2 (OLIVE 7364.331)
B0BX4FCM2L,,,,
B0BX4FCM2L,,107.02,https://www.amazon.sg/Tasmanian-Tiger-Pouch-POUCH-7364-331/dp/B0BX4FCM2L/ref=sr_1_161?dib=eyJ2IjoiMSJ9.h-8UpGxXiiVs3ppL5_DA3am0F_K0nIwxZCi_PBnaKLppgK3AXktLZij1lvefB5rG0Gxk3ZLJJN56cohSV98FFQ.koJuHbBbvxHHw8UbzuJj5PSH5pNxty5M4hVY5eYMHqI&dib_tag=se&m=A3UEK3VBJ6ADB7&marketplaceID=A19VAU5U5O7RUS&qid=1776495578&refinements=p_36%3A10500-11000&s=merchant-items&sr=1-161&xpid=knzqKJR7kVrIO#customerReviews,Tasmanian Tiger IFAK Pouch S Mk2 7364 Tasmanian Tiger IFAK POUCH S Mk2 (OLIVE 7364.331)
B0BX4FCM2L,,,,
B0BWY45G5D,,108.03,https://www.amazon.sg/COMPANY-Nendoroid-Tsukihime-Non-scale-Pre-painted/dp/B0BWY45G5D/ref=sr_1_162?dib=eyJ2IjoiMSJ9.h-8UpGxXiiVs3ppL5_DA3am0F_K0nIwxZCi_PBnaKLppgK3AXktLZij1lvefB5rG0Gxk3ZLJJN56cohSV98FFQ.koJuHbBbvxHHw8UbzuJj5PSH5pNxty5M4hVY5eYMHqI&dib_tag=se&m=A3UEK3VBJ6ADB7&marketplaceID=A19VAU5U5O7RUS&qid=1776495578&refinements=p_36%3A10500-11000&s=merchant-items&sr=1-162&xpid=knzqKJR7kVrIO#customerReviews,"GOOD SMILE COMPANY Nendoroid Tsukihime, A piece of blue moon glass, Akiba Tono, Non-scale, Plastic, Pre-painted Action Figure"
B0BT1B74BZ,,106.58,https://www.amazon.sg/Daiwa-CS22L-OL-Tackle-Bag/dp/B0BT1B74BZ/ref=sr_1_163?dib=eyJ2IjoiMSJ9.h-8UpGxXiiVs3ppL5_DA3am0F_K0nIwxZCi_PBnaKLppgK3AXktLZij1lvefB5rG0Gxk3ZLJJN56cohSV98FFQ.koJuHbBbvxHHw8UbzuJj5PSH5pNxty5M4hVY5eYMHqI&dib_tag=se&m=A3UEK3VBJ6ADB7&marketplaceID=A19VAU5U5O7RUS&qid=1776495578&refinements=p_36%3A10500-11000&s=merchant-items&sr=1-163&xpid=knzqKJR7kVrIO#customerReviews,Daiwa
B0BT1B74BZ,,,,
B0BQMT24NW,,105.07,https://www.amazon.sg/Good-Smile-POP-Parade-Family/dp/B0BQMT24NW/ref=sr_1_164?dib=eyJ2IjoiMSJ9.h-8UpGxXiiVs3ppL5_DA3am0F_K0nIwxZCi_PBnaKLppgK3AXktLZij1lvefB5rG0Gxk3ZLJJN56cohSV98FFQ.koJuHbBbvxHHw8UbzuJj5PSH5pNxty5M4hVY5eYMHqI&dib_tag=se&m=A3UEK3VBJ6ADB7&marketplaceID=A19VAU5U5O7RUS&qid=1776495578&refinements=p_36%3A10500-11000&s=merchant-items&sr=1-164&xpid=knzqKJR7kVrIO#customerReviews,"Good Smile POP UP Parade SPY x Family: Yor Forger PVC Figure, 170mm/6.7inch"
B0BQHQYD7B,,106.47,https://www.amazon.sg/Village-Variety-Sauna-Jacket-4X-Large/dp/B0BQHQYD7B/ref=sr_1_165?dib=eyJ2IjoiMSJ9.h-8UpGxXiiVs3ppL5_DA3am0F_K0nIwxZCi_PBnaKLppgK3AXktLZij1lvefB5rG0Gxk3ZLJJN56cohSV98FFQ.koJuHbBbvxHHw8UbzuJj5PSH5pNxty5M4hVY5eYMHqI&dib_tag=se&m=A3UEK3VBJ6ADB7&marketplaceID=A19VAU5U5O7RUS&qid=1776495578&refinements=p_36%3A10500-11000&s=merchant-items&sr=1-165&xpid=knzqKJR7kVrIO#customerReviews,Sauna Suit for Men Women Sweat Sauna Jacket Pant Sweat Suits
B0BPY3F6R5,,108.66,https://www.amazon.sg/Good-Smile-GSC17236-NENDOROID-HIEI/dp/B0BPY3F6R5/ref=sr_1_161?dib=eyJ2IjoiMSJ9.oyqxv6PcMYs0AzMVQbqONh5LTpxHgu2x2zGINMz-x2ieA0V8EVw3o3mES_yzbAjDm0AGr0ZTx5hfQRDPbITvT8jffOhkhBABZbpW8Rn8T1MyQAXHvbOEE4slPV-M9SuLFxH5Zx5vZy4MzRI7EUni7e_xgz6_qpeRMYMLBjPuVLk.VLHye7wVe3H7HLSBH-Bj_6WL9XbPiT6FrLeH-OeD0_4&dib_tag=se&m=A3UEK3VBJ6ADB7&marketplaceID=A19VAU5U5O7RUS&qid=1776495578&refinements=p_36%3A10500-11000&s=merchant-items&sr=1-161&xpid=knzqKJR7kVrIO#customerReviews,NENDOROID HIEI
B0BP7SNGRW,,108.72,https://www.amazon.sg/Nendoroid-Chainsaw-Non-Scale-Plastic-Painted/dp/B0BP7SNGRW/ref=sr_1_162?dib=eyJ2IjoiMSJ9.oyqxv6PcMYs0AzMVQbqONh5LTpxHgu2x2zGINMz-x2ieA0V8EVw3o3mES_yzbAjDm0AGr0ZTx5hfQRDPbITvT8jffOhkhBABZbpW8Rn8T1MyQAXHvbOEE4slPV-M9SuLFxH5Zx5vZy4MzRI7EUni7e_xgz6_qpeRMYMLBjPuVLk.VLHye7wVe3H7HLSBH-Bj_6WL9XbPiT6FrLeH-OeD0_4&dib_tag=se&m=A3UEK3VBJ6ADB7&marketplaceID=A19VAU5U5O7RUS&qid=1776495578&refinements=p_36%3A10500-11000&s=merchant-items&sr=1-162&xpid=knzqKJR7kVrIO#customerReviews,Nendoroid Chainsaw Man Coveni Non-Scale Plastic Painted Action Figure
B0BLYQLT41,,106.97,https://www.amazon.sg/MODEROID-Non-Scale-Assembly-Plastic-Secondary/dp/B0BLYQLT41/ref=sr_1_163?dib=eyJ2IjoiMSJ9.oyqxv6PcMYs0AzMVQbqONh5LTpxHgu2x2zGINMz-x2ieA0V8EVw3o3mES_yzbAjDm0AGr0ZTx5hfQRDPbITvT8jffOhkhBABZbpW8Rn8T1MyQAXHvbOEE4slPV-M9SuLFxH5Zx5vZy4MzRI7EUni7e_xgz6_qpeRMYMLBjPuVLk.VLHye7wVe3H7HLSBH-Bj_6WL9XbPiT6FrLeH-OeD0_4&dib_tag=se&m=A3UEK3VBJ6ADB7&marketplaceID=A19VAU5U5O7RUS&qid=1776495578&refinements=p_36%3A10500-11000&s=merchant-items&sr=1-163&xpid=knzqKJR7kVrIO#customerReviews,MODEROID Demon King Grand Resort Gran Resort Non-Scale Assembly Plastic Model Secondary Resale
B0BJDHR7WC,,105.43,https://www.amazon.sg/BINIVINI-Revengers-Ryuguji-Non-Scale-Complete/dp/B0BJDHR7WC/ref=sr_1_164?dib=eyJ2IjoiMSJ9.oyqxv6PcMYs0AzMVQbqONh5LTpxHgu2x2zGINMz-x2ieA0V8EVw3o3mES_yzbAjDm0AGr0ZTx5hfQRDPbITvT8jffOhkhBABZbpW8Rn8T1MyQAXHvbOEE4slPV-M9SuLFxH5Zx5vZy4MzRI7EUni7e_xgz6_qpeRMYMLBjPuVLk.VLHye7wVe3H7HLSBH-Bj_6WL9XbPiT6FrLeH-OeD0_4&dib_tag=se&m=A3UEK3VBJ6ADB7&marketplaceID=A19VAU5U5O7RUS&qid=1776495578&refinements=p_36%3A10500-11000&s=merchant-items&sr=1-164&xpid=knzqKJR7kVrIO,BINIVINI BABY Soft VINYL FIGURE TV Anime Tokyo Revengers Ken Ryuguji Non-Scale Soft Vinyl Painted Complete Figure
B0BJ1B92VD,,120.0,https://www.amazon.sg/Imabari-Certified-Natural-Oshibori-Absorbent/dp/B0BJ1B92VD/ref=sr_1_165?dib=eyJ2IjoiMSJ9.oyqxv6PcMYs0AzMVQbqONh5LTpxHgu2x2zGINMz-x2ieA0V8EVw3o3mES_yzbAjDm0AGr0ZTx5hfQRDPbITvT8jffOhkhBABZbpW8Rn8T1MyQAXHvbOEE4slPV-M9SuLFxH5Zx5vZy4MzRI7EUni7e_xgz6_qpeRMYMLBjPuVLk.VLHye7wVe3H7HLSBH-Bj_6WL9XbPiT6FrLeH-OeD0_4&dib_tag=se&m=A3UEK3VBJ6ADB7&marketplaceID=A19VAU5U5O7RUS&qid=1776495578&refinements=p_36%3A10500-11000&s=merchant-items&sr=1-165&xpid=knzqKJR7kVrIO#customerReviews,"[oruta] Facial Wash Hand Towel, Imabari Certified, Natural Style, Set of 10, Made in Japan, Oshibori, Face Wipe, Thin, Water Absorbent, Quick Drying, Room Drying, Cotton 100 (Set of 10, Khaki)"
B0BJ1B92VD,,,,
B0BH85LNXZ,,106.66,https://www.amazon.sg/Goodsmile-Chainsaw-Man-Figurine-Nendoroid/dp/B0BH85LNXZ/ref=sr_1_166?dib=eyJ2IjoiMSJ9.oyqxv6PcMYs0AzMVQbqONh5LTpxHgu2x2zGINMz-x2ieA0V8EVw3o3mES_yzbAjDm0AGr0ZTx5hfQRDPbITvT8jffOhkhBABZbpW8Rn8T1MyQAXHvbOEE4slPV-M9SuLFxH5Zx5vZy4MzRI7EUni7e_xgz6_qpeRMYMLBjPuVLk.VLHye7wVe3H7HLSBH-Bj_6WL9XbPiT6FrLeH-OeD0_4&dib_tag=se&m=A3UEK3VBJ6ADB7&marketplaceID=A19VAU5U5O7RUS&qid=1776495578&refinements=p_36%3A10500-11000&s=merchant-items&sr=1-166&xpid=knzqKJR7kVrIO#customerReviews,Goodsmile Chainsaw Man - Power - Figurine Nendoroid 10cm
B0B8LW6VR4,,106.67,https://www.amazon.sg/Chiikawa-Nankamaneshite-Pyokotto-Sutsu-Honey/dp/B0B8LW6VR4/ref=sr_1_167?dib=eyJ2IjoiMSJ9.oyqxv6PcMYs0AzMVQbqONh5LTpxHgu2x2zGINMz-x2ieA0V8EVw3o3mES_yzbAjDm0AGr0ZTx5hfQRDPbITvT8jffOhkhBABZbpW8Rn8T1MyQAXHvbOEE4slPV-M9SuLFxH5Zx5vZy4MzRI7EUni7e_xgz6_qpeRMYMLBjPuVLk.VLHye7wVe3H7HLSBH-Bj_6WL9XbPiT6FrLeH-OeD0_4&dib_tag=se&m=A3UEK3VBJ6ADB7&marketplaceID=A19VAU5U5O7RUS&qid=1776495578&refinements=p_36%3A10500-11000&s=merchant-items&sr=1-167&xpid=knzqKJR7kVrIO,"Chiikawa Nankamaneshite Pyokotto Sutsu, Honey"
B0B84WQZVT,,105.0,https://www.amazon.sg/Rectangular-Hanging-Kitchen-Washstand-Storage/dp/B0B84WQZVT/ref=sr_1_168?dib=eyJ2IjoiMSJ9.oyqxv6PcMYs0AzMVQbqONh5LTpxHgu2x2zGINMz-x2ieA0V8EVw3o3mES_yzbAjDm0AGr0ZTx5hfQRDPbITvT8jffOhkhBABZbpW8Rn8T1MyQAXHvbOEE4slPV-M9SuLFxH5Zx5vZy4MzRI7EUni7e_xgz6_qpeRMYMLBjPuVLk.VLHye7wVe3H7HLSBH-Bj_6WL9XbPiT6FrLeH-OeD0_4&dib_tag=se&m=A3UEK3VBJ6ADB7&marketplaceID=A19VAU5U5O7RUS&qid=1776495578&refinements=p_36%3A10500-11000&s=merchant-items&sr=1-168&xpid=knzqKJR7kVrIO#customerReviews,"Tissue Case, Paper Holder, Rectangular, Wall Hanging, Can Be Cut with One Hand, Kitchen, Bath, Washstand, Storage (Black)"
B0B84WQZVT,,,,
B0B7RPGCZL,,106.79,https://www.amazon.sg/Mobile-Crossbone-Gundam-Scale-Plastic/dp/B0B7RPGCZL/ref=sr_1_169?dib=eyJ2IjoiMSJ9.oyqxv6PcMYs0AzMVQbqONh5LTpxHgu2x2zGINMz-x2ieA0V8EVw3o3mES_yzbAjDm0AGr0ZTx5hfQRDPbITvT8jffOhkhBABZbpW8Rn8T1MyQAXHvbOEE4slPV-M9SuLFxH5Zx5vZy4MzRI7EUni7e_xgz6_qpeRMYMLBjPuVLk.VLHye7wVe3H7HLSBH-Bj_6WL9XbPiT6FrLeH-OeD0_4&dib_tag=se&m=A3UEK3VBJ6ADB7&marketplaceID=A19VAU5U5O7RUS&qid=1776495578&refinements=p_36%3A10500-11000&s=merchant-items&sr=1-169&xpid=knzqKJR7kVrIO#customerReviews,MG Mobile Suit Crossbone Gundam X-1 Ver. Ka 1/100 Scale Color Coded Plastic Model
B0B6ZQHZ1W,,106.67,https://www.amazon.sg/Chiikawa-Snapmide-Box-16-Packs/dp/B0B6ZQHZ1W/ref=sr_1_170?dib=eyJ2IjoiMSJ9.oyqxv6PcMYs0AzMVQbqONh5LTpxHgu2x2zGINMz-x2ieA0V8EVw3o3mES_yzbAjDm0AGr0ZTx5hfQRDPbITvT8jffOhkhBABZbpW8Rn8T1MyQAXHvbOEE4slPV-M9SuLFxH5Zx5vZy4MzRI7EUni7e_xgz6_qpeRMYMLBjPuVLk.VLHye7wVe3H7HLSBH-Bj_6WL9XbPiT6FrLeH-OeD0_4&dib_tag=se&m=A3UEK3VBJ6ADB7&marketplaceID=A19VAU5U5O7RUS&qid=1776495578&refinements=p_36%3A10500-11000&s=merchant-items&sr=1-170&xpid=knzqKJR7kVrIO,Chiikawa Snapmide Box of 16 Packs
B0B6ZQHZ1W,,,,
B0B6PQ4BQ3,,108.63,https://www.amazon.sg/Nendoroid-ME17050-Adventure-Butcharati-Pre-Painted/dp/B0B6PQ4BQ3/ref=sr_1_171?dib=eyJ2IjoiMSJ9.oyqxv6PcMYs0AzMVQbqONh5LTpxHgu2x2zGINMz-x2ieA0V8EVw3o3mES_yzbAjDm0AGr0ZTx5hfQRDPbITvT8jffOhkhBABZbpW8Rn8T1MyQAXHvbOEE4slPV-M9SuLFxH5Zx5vZy4MzRI7EUni7e_xgz6_qpeRMYMLBjPuVLk.VLHye7wVe3H7HLSBH-Bj_6WL9XbPiT6FrLeH-OeD0_4&dib_tag=se&m=A3UEK3VBJ6ADB7&marketplaceID=A19VAU5U5O7RUS&qid=1776495578&refinements=p_36%3A10500-11000&s=merchant-items&sr=1-171&xpid=knzqKJR7kVrIO#customerReviews,Nendoroid ME17050 TV Anime JoJoJo's Bizarre Adventure Golden Wind Bruno Butcharati Non-Scale Plastic Pre-Painted Full Action Figure Resale
B0B56RH5ZV,,107.31,https://www.amazon.sg/Honma-BT2201-Dozens-Flying-Distance/dp/B0B56RH5ZV/ref=sr_1_177?dib=eyJ2IjoiMSJ9.Po2VuESDXVrFSdGuTVxx7DNisMhEUMfWNr_SRPaF8qosW42ZZqTV0Qqyhow1g6O_DghoHL1xVMk4Co3qcQ-6tg.BRQPWVj0zWWv-bdkBPWHIyRFO-4dDoGmgnTVnC2DJo4&dib_tag=se&m=A3UEK3VBJ6ADB7&marketplaceID=A19VAU5U5O7RUS&qid=1776495583&refinements=p_36%3A10500-11000&s=merchant-items&sr=1-177&xpid=knzqKJR7kVrIO#customerReviews,"Honma Golf HONMA D1 BT2201 Golf Balls, Set of 3 Dozens (36 Balls), 2022 Model, Flying Style, Distance Type, Color: White"
B0B56RH5ZV,,,,
B0B4216DPY,,108.34,https://www.amazon.sg/Hinokio-Dishwasher-Hinoki-Cypress-Cutting/dp/B0B4216DPY/ref=sr_1_178?dib=eyJ2IjoiMSJ9.Po2VuESDXVrFSdGuTVxx7DNisMhEUMfWNr_SRPaF8qosW42ZZqTV0Qqyhow1g6O_DghoHL1xVMk4Co3qcQ-6tg.BRQPWVj0zWWv-bdkBPWHIyRFO-4dDoGmgnTVnC2DJo4&dib_tag=se&m=A3UEK3VBJ6ADB7&marketplaceID=A19VAU5U5O7RUS&qid=1776495583&refinements=p_36%3A10500-11000&s=merchant-items&sr=1-178&xpid=knzqKJR7kVrIO#customerReviews,"[Hinokio] Dishwasher Safe, Made in Japan, Hinoki Cypress Cutting Board with Stand, 11.8 x 7.1 x 0.5 inches (30 x 18 x 1.3 cm)"
B0B4216DPY,,,,
B0B41ZJ2QR,,104.96,https://www.amazon.sg/Hinokio-Dishwasher-Hinoki-Cypress-Cutting/dp/B0B41ZJ2QR/ref=sr_1_179?dib=eyJ2IjoiMSJ9.Po2VuESDXVrFSdGuTVxx7DNisMhEUMfWNr_SRPaF8qosW42ZZqTV0Qqyhow1g6O_DghoHL1xVMk4Co3qcQ-6tg.BRQPWVj0zWWv-bdkBPWHIyRFO-4dDoGmgnTVnC2DJo4&dib_tag=se&m=A3UEK3VBJ6ADB7&marketplaceID=A19VAU5U5O7RUS&qid=1776495583&refinements=p_36%3A10500-11000&s=merchant-items&sr=1-179&xpid=knzqKJR7kVrIO#customerReviews,"[Hinokio] Dishwasher Safe, Made in Japan, Hinoki Cypress Cutting Board, 11.8 x 7.1 x 0.5 inches (30 x 18 x 1.3 cm)"
B0B41ZJ2QR,,,,
B0B3J79J2H,,111.16,https://www.amazon.sg/Nendoroid-G12974-Terrestrial-Non-Scale-Pre-Painted/dp/B0B3J79J2H/ref=sr_1_180?dib=eyJ2IjoiMSJ9.Po2VuESDXVrFSdGuTVxx7DNisMhEUMfWNr_SRPaF8qosW42ZZqTV0Qqyhow1g6O_DghoHL1xVMk4Co3qcQ-6tg.BRQPWVj0zWWv-bdkBPWHIyRFO-4dDoGmgnTVnC2DJo4&dib_tag=se&m=A3UEK3VBJ6ADB7&marketplaceID=A19VAU5U5O7RUS&qid=1776495583&refinements=p_36%3A10500-11000&s=merchant-items&sr=1-180&xpid=knzqKJR7kVrIO#customerReviews,Nendoroid G12974 Made in Abyss Golden Village of the Terrestrial Prushka Non-Scale Plastic Pre-Painted Action Figure
B0B3D3C7C1,,110.0,https://www.amazon.sg/GRASP-Climbing-Chalk-Super-NET280g/dp/B0B3D3C7C1/ref=sr_1_181?dib=eyJ2IjoiMSJ9.Po2VuESDXVrFSdGuTVxx7DNisMhEUMfWNr_SRPaF8qosW42ZZqTV0Qqyhow1g6O_DghoHL1xVMk4Co3qcQ-6tg.BRQPWVj0zWWv-bdkBPWHIyRFO-4dDoGmgnTVnC2DJo4&dib_tag=se&m=A3UEK3VBJ6ADB7&marketplaceID=A19VAU5U5O7RUS&qid=1776495583&refinements=p_36%3A10500-11000&s=merchant-items&sr=1-181&xpid=knzqKJR7kVrIO#customerReviews,GRASP Climbing Chalk Top/Super Grip NET280g
B0B3D3C7C1,,,,
B09WTZJ46T,,106.67,https://www.amazon.sg/LUCKYBEE-Disposable-Clothing-Penetration-20cm-50pcs/dp/B09WTZJ46T/ref=sr_1_177?dib=eyJ2IjoiMSJ9.7w9o_9w1Qc-SYHwv9ihFDuJT2nmOo3RwMDUQYuHt6H7LbizSipQ5_LEqIoCkcbRhzLSYDXPXx-9ad5YpmIbx0vDnbVHPGqA4oO-vonGl7PY8W1tleKiBVFRGaTIKTdbgLETl1osgx9rvZUkdLsPd91odEYE1VGV6z6nQEXTWQbE.mEx1Laoz3xSSWE_4md1Yab0jVGH8wAMZkCNI89W4OI8&dib_tag=se&m=A3UEK3VBJ6ADB7&marketplaceID=A19VAU5U5O7RUS&qid=1776495583&refinements=p_36%3A10500-11000&s=merchant-items&sr=1-177&xpid=knzqKJR7kVrIO#customerReviews,"LUCKYBEE Tea Bags Disposable Empty Bags Fabric Filter with Tea Clothing, Strong Penetration Natural for Loose Leaf Tea & Coffee (15*20cm-50pcs)"
B09WTZJ46T,,,,
B09VT23KHZ,,105.77,https://www.amazon.sg/KaWeCo-Liliput-Collection-Fountain-Green/dp/B09VT23KHZ/ref=sr_1_178?dib=eyJ2IjoiMSJ9.7w9o_9w1Qc-SYHwv9ihFDuJT2nmOo3RwMDUQYuHt6H7LbizSipQ5_LEqIoCkcbRhzLSYDXPXx-9ad5YpmIbx0vDnbVHPGqA4oO-vonGl7PY8W1tleKiBVFRGaTIKTdbgLETl1osgx9rvZUkdLsPd91odEYE1VGV6z6nQEXTWQbE.mEx1Laoz3xSSWE_4md1Yab0jVGH8wAMZkCNI89W4OI8&dib_tag=se&m=A3UEK3VBJ6ADB7&marketplaceID=A19VAU5U5O7RUS&qid=1776495583&refinements=p_36%3A10500-11000&s=merchant-items&sr=1-178&xpid=knzqKJR7kVrIO#customerReviews,KaWeCo Liliput Collection Fountain Pen Green EF Nib (Extra Fine) Pack of 1
B09VT23KHZ,,,,
B09V12X7DH,,105.16,https://www.amazon.sg/Nendoroid-G12815-Papyrus-Non-Scale-Pre-Painted/dp/B09V12X7DH/ref=sr_1_179?dib=eyJ2IjoiMSJ9.7w9o_9w1Qc-SYHwv9ihFDuJT2nmOo3RwMDUQYuHt6H7LbizSipQ5_LEqIoCkcbRhzLSYDXPXx-9ad5YpmIbx0vDnbVHPGqA4oO-vonGl7PY8W1tleKiBVFRGaTIKTdbgLETl1osgx9rvZUkdLsPd91odEYE1VGV6z6nQEXTWQbE.mEx1Laoz3xSSWE_4md1Yab0jVGH8wAMZkCNI89W4OI8&dib_tag=se&m=A3UEK3VBJ6ADB7&marketplaceID=A19VAU5U5O7RUS&qid=1776495583&refinements=p_36%3A10500-11000&s=merchant-items&sr=1-179&xpid=knzqKJR7kVrIO#customerReviews,"Nendoroid G12815 Papyrus, Non-Scale, Plastic, Pre-Painted Action Figure"
B09TVTZL99,,106.67,https://www.amazon.sg/Bestco-ND-5626-Single-Mirror-inches/dp/B09TVTZL99/ref=sr_1_180?dib=eyJ2IjoiMSJ9.7w9o_9w1Qc-SYHwv9ihFDuJT2nmOo3RwMDUQYuHt6H7LbizSipQ5_LEqIoCkcbRhzLSYDXPXx-9ad5YpmIbx0vDnbVHPGqA4oO-vonGl7PY8W1tleKiBVFRGaTIKTdbgLETl1osgx9rvZUkdLsPd91odEYE1VGV6z6nQEXTWQbE.mEx1Laoz3xSSWE_4md1Yab0jVGH8wAMZkCNI89W4OI8&dib_tag=se&m=A3UEK3VBJ6ADB7&marketplaceID=A19VAU5U5O7RUS&qid=1776495583&refinements=p_36%3A10500-11000&s=merchant-items&sr=1-180&xpid=knzqKJR7kVrIO#customerReviews,"Bestco ND-5626 IH Pot, Single Item, Mirror, 7.1 inches (18 cm), Filite"
B09TVTZL99,,,,
B09TK1HH6G,,109.52,https://www.amazon.sg/Banpresto-Hololive-hololive-Shirakami-Figurine/dp/B09TK1HH6G/ref=sr_1_181?dib=eyJ2IjoiMSJ9.7w9o_9w1Qc-SYHwv9ihFDuJT2nmOo3RwMDUQYuHt6H7LbizSipQ5_LEqIoCkcbRhzLSYDXPXx-9ad5YpmIbx0vDnbVHPGqA4oO-vonGl7PY8W1tleKiBVFRGaTIKTdbgLETl1osgx9rvZUkdLsPd91odEYE1VGV6z6nQEXTWQbE.mEx1Laoz3xSSWE_4md1Yab0jVGH8wAMZkCNI89W4OI8&dib_tag=se&m=A3UEK3VBJ6ADB7&marketplaceID=A19VAU5U5O7RUS&qid=1776495583&refinements=p_36%3A10500-11000&s=merchant-items&sr=1-181&xpid=knzqKJR7kVrIO#customerReviews,Banpresto Hololive #hololive IF Relax time Shirakami Hubuki Figure Figurine 13cm
B09R9D5S1S,,108.14,https://www.amazon.sg/Shimano-Sahara-Fishing-Shipped-C3000HG/dp/B09R9D5S1S/ref=sr_1_182?dib=eyJ2IjoiMSJ9.7w9o_9w1Qc-SYHwv9ihFDuJT2nmOo3RwMDUQYuHt6H7LbizSipQ5_LEqIoCkcbRhzLSYDXPXx-9ad5YpmIbx0vDnbVHPGqA4oO-vonGl7PY8W1tleKiBVFRGaTIKTdbgLETl1osgx9rvZUkdLsPd91odEYE1VGV6z6nQEXTWQbE.mEx1Laoz3xSSWE_4md1Yab0jVGH8wAMZkCNI89W4OI8&dib_tag=se&m=A3UEK3VBJ6ADB7&marketplaceID=A19VAU5U5O7RUS&qid=1776495583&refinements=p_36%3A10500-11000&s=merchant-items&sr=1-182&xpid=knzqKJR7kVrIO#customerReviews,Shimano 22 Sahara Fishing Reel Shipped from Japan 2022 Model
B09R3D38ZM,,105.7,https://www.amazon.sg/2000-Piece-Puzzle-G%C3%B6bel-Knorr/dp/B09R3D38ZM/ref=sr_1_183?dib=eyJ2IjoiMSJ9.7w9o_9w1Qc-SYHwv9ihFDuJT2nmOo3RwMDUQYuHt6H7LbizSipQ5_LEqIoCkcbRhzLSYDXPXx-9ad5YpmIbx0vDnbVHPGqA4oO-vonGl7PY8W1tleKiBVFRGaTIKTdbgLETl1osgx9rvZUkdLsPd91odEYE1VGV6z6nQEXTWQbE.mEx1Laoz3xSSWE_4md1Yab0jVGH8wAMZkCNI89W4OI8&dib_tag=se&m=A3UEK3VBJ6ADB7&marketplaceID=A19VAU5U5O7RUS&qid=1776495583&refinements=p_36%3A10500-11000&s=merchant-items&sr=1-183&xpid=knzqKJR7kVrIO#customerReviews,"2000 Piece HEYE Puzzle Hay Puzzle Göbel/Knorr : Superhero Movie 27"" x 38"" 2997"
B09R3D38ZM,,,,
B09QM9YSZY,,108.54,https://www.amazon.sg/Goldship-Uniform-Non-scale-Pre-painted-Complete/dp/B09QM9YSZY/ref=sr_1_184?dib=eyJ2IjoiMSJ9.7w9o_9w1Qc-SYHwv9ihFDuJT2nmOo3RwMDUQYuHt6H7LbizSipQ5_LEqIoCkcbRhzLSYDXPXx-9ad5YpmIbx0vDnbVHPGqA4oO-vonGl7PY8W1tleKiBVFRGaTIKTdbgLETl1osgx9rvZUkdLsPd91odEYE1VGV6z6nQEXTWQbE.mEx1Laoz3xSSWE_4md1Yab0jVGH8wAMZkCNI89W4OI8&dib_tag=se&m=A3UEK3VBJ6ADB7&marketplaceID=A19VAU5U5O7RUS&qid=1776495583&refinements=p_36%3A10500-11000&s=merchant-items&sr=1-184&xpid=knzqKJR7kVrIO#customerReviews,"POP UP PARADE Uma Musume Pretty Derby Goldship Uniform Version, Non-scale, Plastic, Pre-painted Complete Figure"
B09Q6FDFH7,,108.55,https://www.amazon.sg/Mobile-Gundam-YMS-15-Scale-Plastic/dp/B09Q6FDFH7/ref=sr_1_185?dib=eyJ2IjoiMSJ9.7w9o_9w1Qc-SYHwv9ihFDuJT2nmOo3RwMDUQYuHt6H7LbizSipQ5_LEqIoCkcbRhzLSYDXPXx-9ad5YpmIbx0vDnbVHPGqA4oO-vonGl7PY8W1tleKiBVFRGaTIKTdbgLETl1osgx9rvZUkdLsPd91odEYE1VGV6z6nQEXTWQbE.mEx1Laoz3xSSWE_4md1Yab0jVGH8wAMZkCNI89W4OI8&dib_tag=se&m=A3UEK3VBJ6ADB7&marketplaceID=A19VAU5U5O7RUS&qid=1776495583&refinements=p_36%3A10500-11000&s=merchant-items&sr=1-185&xpid=knzqKJR7kVrIO#customerReviews,MG Mobile Suit Gundam YMS-15 Gan 1/100 Scale Color Coded Plastic Model
B09KLJLBS1,,116.49,https://www.amazon.sg/OGK-RB-037B6-Detachable-Basket-Bicycle/dp/B09KLJLBS1/ref=sr_1_186?dib=eyJ2IjoiMSJ9.7w9o_9w1Qc-SYHwv9ihFDuJT2nmOo3RwMDUQYuHt6H7LbizSipQ5_LEqIoCkcbRhzLSYDXPXx-9ad5YpmIbx0vDnbVHPGqA4oO-vonGl7PY8W1tleKiBVFRGaTIKTdbgLETl1osgx9rvZUkdLsPd91odEYE1VGV6z6nQEXTWQbE.mEx1Laoz3xSSWE_4md1Yab0jVGH8wAMZkCNI89W4OI8&dib_tag=se&m=A3UEK3VBJ6ADB7&marketplaceID=A19VAU5U5O7RUS&qid=1776495583&refinements=p_36%3A10500-11000&s=merchant-items&sr=1-186&xpid=knzqKJR7kVrIO#customerReviews,OGK Giken Removable Rattan Style Slide Rear Basket
B09KLJLBS1,,,,
B09K7F28RM,,109.52,https://www.amazon.sg/Nendoroid-Vampire-Non-Scale-Pre-Painted-G12689/dp/B09K7F28RM/ref=sr_1_187?dib=eyJ2IjoiMSJ9.7w9o_9w1Qc-SYHwv9ihFDuJT2nmOo3RwMDUQYuHt6H7LbizSipQ5_LEqIoCkcbRhzLSYDXPXx-9ad5YpmIbx0vDnbVHPGqA4oO-vonGl7PY8W1tleKiBVFRGaTIKTdbgLETl1osgx9rvZUkdLsPd91odEYE1VGV6z6nQEXTWQbE.mEx1Laoz3xSSWE_4md1Yab0jVGH8wAMZkCNI89W4OI8&dib_tag=se&m=A3UEK3VBJ6ADB7&marketplaceID=A19VAU5U5O7RUS&qid=1776495583&refinements=p_36%3A10500-11000&s=merchant-items&sr=1-187&xpid=knzqKJR7kVrIO#customerReviews,Nendoroid Doll Vampire Mira Non-Scale Plastic Pre-Painted Action Figure (G12689)
B09K7F28RM,,109.52,https://www.amazon.sg/Nendoroid-Vampire-Non-Scale-Pre-Painted-G12689/dp/B09K7F28RM/ref=sr_1_193?dib=eyJ2IjoiMSJ9.SQKlVPF8N_2mk2VAyzAqH9fkxrlbXuM6Sa9RViB69oHhFWLx4sZ85v2I6XryUujsgWcR58l7TC5y9IyNFSCLSQ.J58j3NUURQsALN02sI3ImxkEV2Oxwwb5mC4Ja6jbG7c&dib_tag=se&m=A3UEK3VBJ6ADB7&marketplaceID=A19VAU5U5O7RUS&qid=1776495588&refinements=p_36%3A10500-11000&s=merchant-items&sr=1-193&xpid=knzqKJR7kVrIO#customerReviews,Nendoroid Doll Vampire Mira Non-Scale Plastic Pre-Painted Action Figure (G12689)
B09G1XKC4Q,,110.13,https://www.amazon.sg/DEDA-TOP-COVER-VINCI-Compatible/dp/B09G1XKC4Q/ref=sr_1_194?dib=eyJ2IjoiMSJ9.SQKlVPF8N_2mk2VAyzAqH9fkxrlbXuM6Sa9RViB69oHhFWLx4sZ85v2I6XryUujsgWcR58l7TC5y9IyNFSCLSQ.J58j3NUURQsALN02sI3ImxkEV2Oxwwb5mC4Ja6jbG7c&dib_tag=se&m=A3UEK3VBJ6ADB7&marketplaceID=A19VAU5U5O7RUS&qid=1776495588&refinements=p_36%3A10500-11000&s=merchant-items&sr=1-194&xpid=knzqKJR7kVrIO#customerReviews,DEDA TOP COVER AD. VINCI
B09G1XKC4Q,,,,
B09DV52CXV,,109.1,https://www.amazon.sg/FCS-Freedom-Around-Natural-Black-FHAC-NTB-09F/dp/B09DV52CXV/ref=sr_1_195?dib=eyJ2IjoiMSJ9.SQKlVPF8N_2mk2VAyzAqH9fkxrlbXuM6Sa9RViB69oHhFWLx4sZ85v2I6XryUujsgWcR58l7TC5y9IyNFSCLSQ.J58j3NUURQsALN02sI3ImxkEV2Oxwwb5mC4Ja6jbG7c&dib_tag=se&m=A3UEK3VBJ6ADB7&marketplaceID=A19VAU5U5O7RUS&qid=1776495588&refinements=p_36%3A10500-11000&s=merchant-items&sr=1-195&xpid=knzqKJR7kVrIO#customerReviews,"FCS Freedom Helix All Around Calf Leash Natural-Black 9ft0in, FHAC-NTB-09F, 9ft0In"
B09DV52CXV,,,,
B09DSJT4Z4,,109.85,https://www.amazon.sg/JK009-Momozaka-Clothes-Approx-Plastic/dp/B09DSJT4Z4/ref=sr_1_196?dib=eyJ2IjoiMSJ9.SQKlVPF8N_2mk2VAyzAqH9fkxrlbXuM6Sa9RViB69oHhFWLx4sZ85v2I6XryUujsgWcR58l7TC5y9IyNFSCLSQ.J58j3NUURQsALN02sI3ImxkEV2Oxwwb5mC4Ja6jbG7c&dib_tag=se&m=A3UEK3VBJ6ADB7&marketplaceID=A19VAU5U5O7RUS&qid=1776495588&refinements=p_36%3A10500-11000&s=merchant-items&sr=1-196&xpid=knzqKJR7kVrIO#customerReviews,"Sosai Girls' Garden JK009 Madoka Yuuki (Momozaka High School / Summer Clothes) Total Height Approx. 5.9 inches (150 mm), 1/10 Scale Plastic Model"
B09D693R56,,112.41,https://www.amazon.sg/Blackburn-Dayblazer-Front-Light-Lumens/dp/B09D693R56/ref=sr_1_197?dib=eyJ2IjoiMSJ9.SQKlVPF8N_2mk2VAyzAqH9fkxrlbXuM6Sa9RViB69oHhFWLx4sZ85v2I6XryUujsgWcR58l7TC5y9IyNFSCLSQ.J58j3NUURQsALN02sI3ImxkEV2Oxwwb5mC4Ja6jbG7c&dib_tag=se&m=A3UEK3VBJ6ADB7&marketplaceID=A19VAU5U5O7RUS&qid=1776495588&refinements=p_36%3A10500-11000&s=merchant-items&sr=1-197&xpid=knzqKJR7kVrIO#customerReviews,Blackburn Dayblazer Bike Front Light
B09D693R56,,,,
B09BQ1WQ6B,,108.05,https://www.amazon.sg/DAIWA-Trout-AT-40XUL-Black/dp/B09BQ1WQ6B/ref=sr_1_193?dib=eyJ2IjoiMSJ9.H2c--1cwfgNn_jTIEmLuoDVZTopsLdb2KGsXfvAKF-O_lXuafgkulsZjnlnV368kglQEx1mxIb-GHGRMHsUlgu23NJAPSsh86_PQ1rzjC07x9H1mRNry-DW5elswbqKzRQnD1Q-VqPGOcF2zhYX4Z50IYBFowB6zLQx6h4uUCKM.T26tkyj9kNSy2EIFCczpdxmGnYolN9bvncofHtNjhm4&dib_tag=se&m=A3UEK3VBJ6ADB7&marketplaceID=A19VAU5U5O7RUS&qid=1776495588&refinements=p_36%3A10500-11000&s=merchant-items&sr=1-193&xpid=knzqKJR7kVrIO#customerReviews,DAIWA Trout X AT Management Fishing Area/Area (2021 Model)
B09BQ1WQ6B,,,,
B0998W2NHW,,105.64,https://www.amazon.sg/Good-Smile-Symphogear-GX-Multicolor/dp/B0998W2NHW/ref=sr_1_194?dib=eyJ2IjoiMSJ9.H2c--1cwfgNn_jTIEmLuoDVZTopsLdb2KGsXfvAKF-O_lXuafgkulsZjnlnV368kglQEx1mxIb-GHGRMHsUlgu23NJAPSsh86_PQ1rzjC07x9H1mRNry-DW5elswbqKzRQnD1Q-VqPGOcF2zhYX4Z50IYBFowB6zLQx6h4uUCKM.T26tkyj9kNSy2EIFCczpdxmGnYolN9bvncofHtNjhm4&dib_tag=se&m=A3UEK3VBJ6ADB7&marketplaceID=A19VAU5U5O7RUS&qid=1776495588&refinements=p_36%3A10500-11000&s=merchant-items&sr=1-194&xpid=knzqKJR7kVrIO#customerReviews,"Good Smile Symphogear GX: Tsubasa Kazanari (Act Mode) Action Figure, Multicolor"
B096X148N7,,107.29,https://www.amazon.sg/Mission-Watercolor-48Colors-MPW-1224-Mijello/dp/B096X148N7/ref=sr_1_195?dib=eyJ2IjoiMSJ9.H2c--1cwfgNn_jTIEmLuoDVZTopsLdb2KGsXfvAKF-O_lXuafgkulsZjnlnV368kglQEx1mxIb-GHGRMHsUlgu23NJAPSsh86_PQ1rzjC07x9H1mRNry-DW5elswbqKzRQnD1Q-VqPGOcF2zhYX4Z50IYBFowB6zLQx6h4uUCKM.T26tkyj9kNSy2EIFCczpdxmGnYolN9bvncofHtNjhm4&dib_tag=se&m=A3UEK3VBJ6ADB7&marketplaceID=A19VAU5U5O7RUS&qid=1776495588&refinements=p_36%3A10500-11000&s=merchant-items&sr=1-195&xpid=knzqKJR7kVrIO#customerReviews,"Gold Class Mission Triple Pans Watercolor Palette Art Set 12, 24, 48Colors 3Types (MPW-1224) for Mijello"
B0967XN3ST,,106.89,https://www.amazon.sg/Nendoroid-Writing-Non-Scale-Pre-Painted-Action/dp/B0967XN3ST/ref=sr_1_196?dib=eyJ2IjoiMSJ9.H2c--1cwfgNn_jTIEmLuoDVZTopsLdb2KGsXfvAKF-O_lXuafgkulsZjnlnV368kglQEx1mxIb-GHGRMHsUlgu23NJAPSsh86_PQ1rzjC07x9H1mRNry-DW5elswbqKzRQnD1Q-VqPGOcF2zhYX4Z50IYBFowB6zLQx6h4uUCKM.T26tkyj9kNSy2EIFCczpdxmGnYolN9bvncofHtNjhm4&dib_tag=se&m=A3UEK3VBJ6ADB7&marketplaceID=A19VAU5U5O7RUS&qid=1776495588&refinements=p_36%3A10500-11000&s=merchant-items&sr=1-196&xpid=knzqKJR7kVrIO#customerReviews,Nendoroid Thief Writing Kure Evil DX Non-Scale ABS & PVC Pre-Painted Action Figure
B0948MHYB9,,109.87,https://www.amazon.sg/DAIWA-Liberty-Short-Swing-10-300%E3%83%BBN/dp/B0948MHYB9/ref=sr_1_197?dib=eyJ2IjoiMSJ9.H2c--1cwfgNn_jTIEmLuoDVZTopsLdb2KGsXfvAKF-O_lXuafgkulsZjnlnV368kglQEx1mxIb-GHGRMHsUlgu23NJAPSsh86_PQ1rzjC07x9H1mRNry-DW5elswbqKzRQnD1Q-VqPGOcF2zhYX4Z50IYBFowB6zLQx6h4uUCKM.T26tkyj9kNSy2EIFCczpdxmGnYolN9bvncofHtNjhm4&dib_tag=se&m=A3UEK3VBJ6ADB7&marketplaceID=A19VAU5U5O7RUS&qid=1776495588&refinements=p_36%3A10500-11000&s=merchant-items&sr=1-197&xpid=knzqKJR7kVrIO#customerReviews,"DAIWA Liberty Club Short Swing 21 Throw Pole, No. 10-30"
B0948MHYB9,,,,
B093VZZQ4R,,110.0,https://www.amazon.sg/Atlas-AVTP-1100SV-Lightweight-Insulated-Stainless/dp/B093VZZQ4R/ref=sr_1_198?dib=eyJ2IjoiMSJ9.H2c--1cwfgNn_jTIEmLuoDVZTopsLdb2KGsXfvAKF-O_lXuafgkulsZjnlnV368kglQEx1mxIb-GHGRMHsUlgu23NJAPSsh86_PQ1rzjC07x9H1mRNry-DW5elswbqKzRQnD1Q-VqPGOcF2zhYX4Z50IYBFowB6zLQx6h4uUCKM.T26tkyj9kNSy2EIFCczpdxmGnYolN9bvncofHtNjhm4&dib_tag=se&m=A3UEK3VBJ6ADB7&marketplaceID=A19VAU5U5O7RUS&qid=1776495588&refinements=p_36%3A10500-11000&s=merchant-items&sr=1-198&xpid=knzqKJR7kVrIO#customerReviews,"Atlas AVTP-1100SV Tabletop Pot, Thermal Pot, 0.3 gal (1.1 L), Ultra Lightweight, Insulated, Insulated, Compact, Stainless Steel, Easy to Pour, Energy Saving, Silver, Varius"
B093VZZQ4R,,,,
B08X3BP7HW,,108.34,https://www.amazon.sg/Nosaku-Wrapping-Washi-Paper-KAGO/dp/B08X3BP7HW/ref=sr_1_199?dib=eyJ2IjoiMSJ9.H2c--1cwfgNn_jTIEmLuoDVZTopsLdb2KGsXfvAKF-O_lXuafgkulsZjnlnV368kglQEx1mxIb-GHGRMHsUlgu23NJAPSsh86_PQ1rzjC07x9H1mRNry-DW5elswbqKzRQnD1Q-VqPGOcF2zhYX4Z50IYBFowB6zLQx6h4uUCKM.T26tkyj9kNSy2EIFCczpdxmGnYolN9bvncofHtNjhm4&dib_tag=se&m=A3UEK3VBJ6ADB7&marketplaceID=A19VAU5U5O7RUS&qid=1776495588&refinements=p_36%3A10500-11000&s=merchant-items&sr=1-199&xpid=knzqKJR7kVrIO#customerReviews,[Nosaku Wrapping with Washi Paper] KAGO - Rose - S
B08X3BP7HW,,,,
B08W2RJMJM,,105.32,https://www.amazon.sg/Toys-Softbi-Approx-Painted-Finished/dp/B08W2RJMJM/ref=sr_1_200?dib=eyJ2IjoiMSJ9.H2c--1cwfgNn_jTIEmLuoDVZTopsLdb2KGsXfvAKF-O_lXuafgkulsZjnlnV368kglQEx1mxIb-GHGRMHsUlgu23NJAPSsh86_PQ1rzjC07x9H1mRNry-DW5elswbqKzRQnD1Q-VqPGOcF2zhYX4Z50IYBFowB6zLQx6h4uUCKM.T26tkyj9kNSy2EIFCczpdxmGnYolN9bvncofHtNjhm4&dib_tag=se&m=A3UEK3VBJ6ADB7&marketplaceID=A19VAU5U5O7RUS&qid=1776495588&refinements=p_36%3A10500-11000&s=merchant-items&sr=1-200&xpid=knzqKJR7kVrIO,"Toys CABIN Work Cat Softbi Figure 1, Yoshi!, Total Height Approx. 7.9 inches (200 mm), Made of Soft Bi, Painted, Finished Figure"
B08VJ3V1BQ,,107.77,https://www.amazon.sg/Good-Smile-Nendoroid-Jotaro-Kujo/dp/B08VJ3V1BQ/ref=sr_1_201?dib=eyJ2IjoiMSJ9.H2c--1cwfgNn_jTIEmLuoDVZTopsLdb2KGsXfvAKF-O_lXuafgkulsZjnlnV368kglQEx1mxIb-GHGRMHsUlgu23NJAPSsh86_PQ1rzjC07x9H1mRNry-DW5elswbqKzRQnD1Q-VqPGOcF2zhYX4Z50IYBFowB6zLQx6h4uUCKM.T26tkyj9kNSy2EIFCczpdxmGnYolN9bvncofHtNjhm4&dib_tag=se&m=A3UEK3VBJ6ADB7&marketplaceID=A19VAU5U5O7RUS&qid=1776495588&refinements=p_36%3A10500-11000&s=merchant-items&sr=1-201&xpid=knzqKJR7kVrIO#customerReviews,Good Smile Nendoroid Jotaro Kujo - JoJo's Bizarre Adventure: Stardust Crusaders
B08TWLTGKF,,109.94,https://www.amazon.sg/MODEROID-Galaxy-Briger-Non-Scale-Plastic/dp/B08TWLTGKF/ref=sr_1_202?dib=eyJ2IjoiMSJ9.H2c--1cwfgNn_jTIEmLuoDVZTopsLdb2KGsXfvAKF-O_lXuafgkulsZjnlnV368kglQEx1mxIb-GHGRMHsUlgu23NJAPSsh86_PQ1rzjC07x9H1mRNry-DW5elswbqKzRQnD1Q-VqPGOcF2zhYX4Z50IYBFowB6zLQx6h4uUCKM.T26tkyj9kNSy2EIFCczpdxmGnYolN9bvncofHtNjhm4&dib_tag=se&m=A3UEK3VBJ6ADB7&marketplaceID=A19VAU5U5O7RUS&qid=1776495588&refinements=p_36%3A10500-11000&s=merchant-items&sr=1-202&xpid=knzqKJR7kVrIO#customerReviews,"MODEROID Galaxy Vault Briger, Non-Scale, PS & ABS Plastic Model"
B08SJT7H6D,,106.25,https://www.amazon.sg/PRO-MARINE-Digital-Force-150p/dp/B08SJT7H6D/ref=sr_1_203?dib=eyJ2IjoiMSJ9.H2c--1cwfgNn_jTIEmLuoDVZTopsLdb2KGsXfvAKF-O_lXuafgkulsZjnlnV368kglQEx1mxIb-GHGRMHsUlgu23NJAPSsh86_PQ1rzjC07x9H1mRNry-DW5elswbqKzRQnD1Q-VqPGOcF2zhYX4Z50IYBFowB6zLQx6h4uUCKM.T26tkyj9kNSy2EIFCczpdxmGnYolN9bvncofHtNjhm4&dib_tag=se&m=A3UEK3VBJ6ADB7&marketplaceID=A19VAU5U5O7RUS&qid=1776495588&refinements=p_36%3A10500-11000&s=merchant-items&sr=1-203&xpid=knzqKJR7kVrIO#customerReviews,PRO MARINE Digital Force DX 150p
B08SJT7H6D,,,,
B08R62SRGG,,108.69,https://www.amazon.sg/Good-Smile-Company-Grand-Order/dp/B08R62SRGG/ref=sr_1_209?dib=eyJ2IjoiMSJ9.2iniYAB_UzOoSU0kpHe5OXKexZjAKgtUBwk6OJiTsUmw2C9NqhmByJImdCDMO7Un88lPixAh4_m_MI6I1iR8Tw.fRzNGSfITnZuMQyzhjvQ6ia1bhS-CQQXiwx3dwfXtRw&dib_tag=se&m=A3UEK3VBJ6ADB7&marketplaceID=A19VAU5U5O7RUS&qid=1776495592&refinements=p_36%3A10500-11000&s=merchant-items&sr=1-209&xpid=knzqKJR7kVrIO#customerReviews,Good Smile Company Fate/Grand Order: Berserker/Mysterious Heroine X (Alter) Nendoroid #1545 Action Figure
B08QVGDVVW,,106.67,https://www.amazon.sg/Ensky-Puzzle-Sailor-Jigsaw-inches/dp/B08QVGDVVW/ref=sr_1_210?dib=eyJ2IjoiMSJ9.2iniYAB_UzOoSU0kpHe5OXKexZjAKgtUBwk6OJiTsUmw2C9NqhmByJImdCDMO7Un88lPixAh4_m_MI6I1iR8Tw.fRzNGSfITnZuMQyzhjvQ6ia1bhS-CQQXiwx3dwfXtRw&dib_tag=se&m=A3UEK3VBJ6ADB7&marketplaceID=A19VAU5U5O7RUS&qid=1776495592&refinements=p_36%3A10500-11000&s=merchant-items&sr=1-210&xpid=knzqKJR7kVrIO,"Ensky 150 Piece Mame Puzzle, Super Sailor Moon Jigsaw Puzzle, 3.0 x 4.0 inches (7.6 x 10.2 cm)"
B08QVGDVVW,,,,
B08PK2K12F,,105.0,https://www.amazon.sg/Kishima-Blanc-KP-31403-Frame-Windows/dp/B08PK2K12F/ref=sr_1_211?dib=eyJ2IjoiMSJ9.2iniYAB_UzOoSU0kpHe5OXKexZjAKgtUBwk6OJiTsUmw2C9NqhmByJImdCDMO7Un88lPixAh4_m_MI6I1iR8Tw.fRzNGSfITnZuMQyzhjvQ6ia1bhS-CQQXiwx3dwfXtRw&dib_tag=se&m=A3UEK3VBJ6ADB7&marketplaceID=A19VAU5U5O7RUS&qid=1776495592&refinements=p_36%3A10500-11000&s=merchant-items&sr=1-211&xpid=knzqKJR7kVrIO#customerReviews,"Kishima Blanc KP-31403 Baby Frame, Brown, 6 Windows"
B08PK2K12F,,,,
B08L7L8B64,,108.78,https://www.amazon.sg/Good-Smile-Company-Nendoroid-ActionFigure/dp/B08L7L8B64/ref=sr_1_212?dib=eyJ2IjoiMSJ9.2iniYAB_UzOoSU0kpHe5OXKexZjAKgtUBwk6OJiTsUmw2C9NqhmByJImdCDMO7Un88lPixAh4_m_MI6I1iR8Tw.fRzNGSfITnZuMQyzhjvQ6ia1bhS-CQQXiwx3dwfXtRw&dib_tag=se&m=A3UEK3VBJ6ADB7&marketplaceID=A19VAU5U5O7RUS&qid=1776495592&refinements=p_36%3A10500-11000&s=merchant-items&sr=1-212&xpid=knzqKJR7kVrIO#customerReviews,Good Smile Company - Princess Connect Re Dive Karyl Nendoroid ActionFigure
B08K9BBWFP,,110.0,https://www.amazon.sg/Banpresto-posket-normal-Figure-Figurine/dp/B08K9BBWFP/ref=sr_1_213?dib=eyJ2IjoiMSJ9.2iniYAB_UzOoSU0kpHe5OXKexZjAKgtUBwk6OJiTsUmw2C9NqhmByJImdCDMO7Un88lPixAh4_m_MI6I1iR8Tw.fRzNGSfITnZuMQyzhjvQ6ia1bhS-CQQXiwx3dwfXtRw&dib_tag=se&m=A3UEK3VBJ6ADB7&marketplaceID=A19VAU5U5O7RUS&qid=1776495592&refinements=p_36%3A10500-11000&s=merchant-items&sr=1-213&xpid=knzqKJR7kVrIO#customerReviews,Banpresto Q posket hide vol.7 normal color ver. Figure Figurine 14cm kawaii
B08HN6G7NB,,107.0,https://www.amazon.sg/KCNC-Stainless-Skewer-KQR-04-RD-R-SK2114/dp/B08HN6G7NB/ref=sr_1_209?dib=eyJ2IjoiMSJ9.CO5jeZdNYssUelRFcWdLqU89aUjQxbqfqs3DSdxe-1aZnrY8vew5ERpnsFQasGw0Kb_brlnOlik236X-aA7LjBNKmKT7WDviNdQJY_8W0KrTINj_81yEU3rKzLaUf3NwXhz5BOWI34o7sSjhEyu6yUdI8oVg9AmnRNqf-X7D2Kw.XcPpDB-Ujh936BExRZABOoeDMMpvj8x7GIlIOCjSeDk&dib_tag=se&m=A3UEK3VBJ6ADB7&marketplaceID=A19VAU5U5O7RUS&qid=1776495592&refinements=p_36%3A10500-11000&s=merchant-items&sr=1-209&xpid=knzqKJR7kVrIO,"KCNC Z6 KQR Road Stainless Axle Hub Skewer, Red, KQR-04-RD-R, SK2114"
B08HN6G7NB,,,,
B08H57Z8BQ,,105.7,https://www.amazon.sg/Good-Smile-Fate-Grand-Order/dp/B08H57Z8BQ/ref=sr_1_210?dib=eyJ2IjoiMSJ9.CO5jeZdNYssUelRFcWdLqU89aUjQxbqfqs3DSdxe-1aZnrY8vew5ERpnsFQasGw0Kb_brlnOlik236X-aA7LjBNKmKT7WDviNdQJY_8W0KrTINj_81yEU3rKzLaUf3NwXhz5BOWI34o7sSjhEyu6yUdI8oVg9AmnRNqf-X7D2Kw.XcPpDB-Ujh936BExRZABOoeDMMpvj8x7GIlIOCjSeDk&dib_tag=se&m=A3UEK3VBJ6ADB7&marketplaceID=A19VAU5U5O7RUS&qid=1776495592&refinements=p_36%3A10500-11000&s=merchant-items&sr=1-210&xpid=knzqKJR7kVrIO#customerReviews,"Good Smile Fate/Grand Order: Alter Ego/Okita Souji (Alter) Nendoroid Action Figure, Multicolor"
B08G4CKRXL,,109.23,https://www.amazon.sg/Hapyson-YF-202-W-Chest-Light-Middle/dp/B08G4CKRXL/ref=sr_1_211?dib=eyJ2IjoiMSJ9.CO5jeZdNYssUelRFcWdLqU89aUjQxbqfqs3DSdxe-1aZnrY8vew5ERpnsFQasGw0Kb_brlnOlik236X-aA7LjBNKmKT7WDviNdQJY_8W0KrTINj_81yEU3rKzLaUf3NwXhz5BOWI34o7sSjhEyu6yUdI8oVg9AmnRNqf-X7D2Kw.XcPpDB-Ujh936BExRZABOoeDMMpvj8x7GIlIOCjSeDk&dib_tag=se&m=A3UEK3VBJ6ADB7&marketplaceID=A19VAU5U5O7RUS&qid=1776495592&refinements=p_36%3A10500-11000&s=merchant-items&sr=1-211&xpid=knzqKJR7kVrIO#customerReviews,"Hapyson YF-202-W Chest Light Middle, White"
B08G4CKRXL,,,,
B08FFTDG7K,,108.42,https://www.amazon.sg/Flyhawk-FLYFH1311S-British-Battleship-Invincible/dp/B08FFTDG7K/ref=sr_1_212?dib=eyJ2IjoiMSJ9.CO5jeZdNYssUelRFcWdLqU89aUjQxbqfqs3DSdxe-1aZnrY8vew5ERpnsFQasGw0Kb_brlnOlik236X-aA7LjBNKmKT7WDviNdQJY_8W0KrTINj_81yEU3rKzLaUf3NwXhz5BOWI34o7sSjhEyu6yUdI8oVg9AmnRNqf-X7D2Kw.XcPpDB-Ujh936BExRZABOoeDMMpvj8x7GIlIOCjSeDk&dib_tag=se&m=A3UEK3VBJ6ADB7&marketplaceID=A19VAU5U5O7RUS&qid=1776495592&refinements=p_36%3A10500-11000&s=merchant-items&sr=1-212&xpid=knzqKJR7kVrIO,Flyhawk Model FLYFH1311S 1/700 British Navy Cruiser Battleship Invincible 1914 Deluxe Edition Plastic Model
B08DTTH2P1,,113.44,https://www.amazon.sg/Fofana-Ninja-Slider-Slackline-Pulley/dp/B08DTTH2P1/ref=sr_1_213?dib=eyJ2IjoiMSJ9.CO5jeZdNYssUelRFcWdLqU89aUjQxbqfqs3DSdxe-1aZnrY8vew5ERpnsFQasGw0Kb_brlnOlik236X-aA7LjBNKmKT7WDviNdQJY_8W0KrTINj_81yEU3rKzLaUf3NwXhz5BOWI34o7sSjhEyu6yUdI8oVg9AmnRNqf-X7D2Kw.XcPpDB-Ujh936BExRZABOoeDMMpvj8x7GIlIOCjSeDk&dib_tag=se&m=A3UEK3VBJ6ADB7&marketplaceID=A19VAU5U5O7RUS&qid=1776495592&refinements=p_36%3A10500-11000&s=merchant-items&sr=1-213&xpid=knzqKJR7kVrIO#customerReviews,Fofana Ninja Slider Slackline Pulley - Zip Along Your Ninja Course with The Most Fun New Accessory for Your Ninja Warrior Obstacle Course for Kids - Patents Pending
B08C4XPDL7,,109.74,https://www.amazon.sg/Evergarden-Authentic-Kyoto-Animation-W333mm%C3%97H242mm/dp/B08C4XPDL7/ref=sr_1_214?dib=eyJ2IjoiMSJ9.CO5jeZdNYssUelRFcWdLqU89aUjQxbqfqs3DSdxe-1aZnrY8vew5ERpnsFQasGw0Kb_brlnOlik236X-aA7LjBNKmKT7WDviNdQJY_8W0KrTINj_81yEU3rKzLaUf3NwXhz5BOWI34o7sSjhEyu6yUdI8oVg9AmnRNqf-X7D2Kw.XcPpDB-Ujh936BExRZABOoeDMMpvj8x7GIlIOCjSeDk&dib_tag=se&m=A3UEK3VBJ6ADB7&marketplaceID=A19VAU5U5O7RUS&qid=1776495592&refinements=p_36%3A10500-11000&s=merchant-items&sr=1-214&xpid=knzqKJR7kVrIO,"Violet Evergarden Canvas Art Authentic Item Japan Kyoto Animation, W333mm×H242mm"
B08C4XPDL7,,,,
B08BC5VYXX,,108.62,https://www.amazon.sg/Banpresto-KizunanoSo-SPECIAL-Inosuke-Figurine/dp/B08BC5VYXX/ref=sr_1_215?dib=eyJ2IjoiMSJ9.CO5jeZdNYssUelRFcWdLqU89aUjQxbqfqs3DSdxe-1aZnrY8vew5ERpnsFQasGw0Kb_brlnOlik236X-aA7LjBNKmKT7WDviNdQJY_8W0KrTINj_81yEU3rKzLaUf3NwXhz5BOWI34o7sSjhEyu6yUdI8oVg9AmnRNqf-X7D2Kw.XcPpDB-Ujh936BExRZABOoeDMMpvj8x7GIlIOCjSeDk&dib_tag=se&m=A3UEK3VBJ6ADB7&marketplaceID=A19VAU5U5O7RUS&qid=1776495592&refinements=p_36%3A10500-11000&s=merchant-items&sr=1-215&xpid=knzqKJR7kVrIO#customerReviews,Banpresto Kimetu no yaiba KizunanoSo SPECIAL Inosuke Figure Figurine 15cm
B08B3Q46WR,,108.08,https://www.amazon.sg/Shimano-CS-M5100-11-ICSM51001142-Cassette-Sprocket/dp/B08B3Q46WR/ref=sr_1_216?dib=eyJ2IjoiMSJ9.CO5jeZdNYssUelRFcWdLqU89aUjQxbqfqs3DSdxe-1aZnrY8vew5ERpnsFQasGw0Kb_brlnOlik236X-aA7LjBNKmKT7WDviNdQJY_8W0KrTINj_81yEU3rKzLaUf3NwXhz5BOWI34o7sSjhEyu6yUdI8oVg9AmnRNqf-X7D2Kw.XcPpDB-Ujh936BExRZABOoeDMMpvj8x7GIlIOCjSeDk&dib_tag=se&m=A3UEK3VBJ6ADB7&marketplaceID=A19VAU5U5O7RUS&qid=1776495592&refinements=p_36%3A10500-11000&s=merchant-items&sr=1-216&xpid=knzqKJR7kVrIO#customerReviews,Shimano CS-M5100-11 11S 11-42T ICSM51001142 DEORE MTB Cassette Sprocket
B08B3Q46WR,,,,
B086TBN97J,,107.5,https://www.amazon.sg/Flexible-Hurdles-G1808-Height-inches/dp/B086TBN97J/ref=sr_1_217?dib=eyJ2IjoiMSJ9.CO5jeZdNYssUelRFcWdLqU89aUjQxbqfqs3DSdxe-1aZnrY8vew5ERpnsFQasGw0Kb_brlnOlik236X-aA7LjBNKmKT7WDviNdQJY_8W0KrTINj_81yEU3rKzLaUf3NwXhz5BOWI34o7sSjhEyu6yUdI8oVg9AmnRNqf-X7D2Kw.XcPpDB-Ujh936BExRZABOoeDMMpvj8x7GIlIOCjSeDk&dib_tag=se&m=A3UEK3VBJ6ADB7&marketplaceID=A19VAU5U5O7RUS&qid=1776495592&refinements=p_36%3A10500-11000&s=merchant-items&sr=1-217&xpid=knzqKJR7kVrIO,"Flexible Hurdles FL25 G1808 Toy Light Set of 5, Height 9.8 inches (25 cm)"
B086TBN97J,,,,
B0854Q4DP4,,106.55,https://www.amazon.sg/Dragon-Ball-Super-Figure-Ichibansho/dp/B0854Q4DP4/ref=sr_1_218?dib=eyJ2IjoiMSJ9.CO5jeZdNYssUelRFcWdLqU89aUjQxbqfqs3DSdxe-1aZnrY8vew5ERpnsFQasGw0Kb_brlnOlik236X-aA7LjBNKmKT7WDviNdQJY_8W0KrTINj_81yEU3rKzLaUf3NwXhz5BOWI34o7sSjhEyu6yUdI8oVg9AmnRNqf-X7D2Kw.XcPpDB-Ujh936BExRZABOoeDMMpvj8x7GIlIOCjSeDk&dib_tag=se&m=A3UEK3VBJ6ADB7&marketplaceID=A19VAU5U5O7RUS&qid=1776495592&refinements=p_36%3A10500-11000&s=merchant-items&sr=1-218&xpid=knzqKJR7kVrIO#customerReviews,Dragon Ball Super Figure A Ichibansho XXcm
B084Z3XSY4,,107.4,https://www.amazon.sg/Ichiban-Dragon-Awakening-Warriors-VEGETTO/dp/B084Z3XSY4/ref=sr_1_219?dib=eyJ2IjoiMSJ9.CO5jeZdNYssUelRFcWdLqU89aUjQxbqfqs3DSdxe-1aZnrY8vew5ERpnsFQasGw0Kb_brlnOlik236X-aA7LjBNKmKT7WDviNdQJY_8W0KrTINj_81yEU3rKzLaUf3NwXhz5BOWI34o7sSjhEyu6yUdI8oVg9AmnRNqf-X7D2Kw.XcPpDB-Ujh936BExRZABOoeDMMpvj8x7GIlIOCjSeDk&dib_tag=se&m=A3UEK3VBJ6ADB7&marketplaceID=A19VAU5U5O7RUS&qid=1776495592&refinements=p_36%3A10500-11000&s=merchant-items&sr=1-219&xpid=knzqKJR7kVrIO#customerReviews,Ichiban Kuji Dragon Ball Awakening Warriors with Dragon Ball Z Dokkan Battle Prize Sp SSGSS VEGETTO 6.9 inch Figure
B084Z3XSY4,,107.4,https://www.amazon.sg/Ichiban-Dragon-Awakening-Warriors-VEGETTO/dp/B084Z3XSY4/ref=sr_1_225?dib=eyJ2IjoiMSJ9.hYuiJQ5KwMaG_k-BBPIlCOGf6aGJnGy2gAFLEjOT13E1qxx2a7fe_gxqfWdGZn7Zq-GXdnbocjX3reWldeXtCg.B_b32rbn5LbQJ426i3-Ufp1tR-FsJJRxgT588eogiD4&dib_tag=se&m=A3UEK3VBJ6ADB7&marketplaceID=A19VAU5U5O7RUS&qid=1776495597&refinements=p_36%3A10500-11000&s=merchant-items&sr=1-225&xpid=knzqKJR7kVrIO#customerReviews,Ichiban Kuji Dragon Ball Awakening Warriors with Dragon Ball Z Dokkan Battle Prize Sp SSGSS VEGETTO 6.9 inch Figure
B084XH35QC,,109.24,https://www.amazon.sg/Spirits-Evangelion-Temporary-Approx-Pre-Painted/dp/B084XH35QC/ref=sr_1_226?dib=eyJ2IjoiMSJ9.hYuiJQ5KwMaG_k-BBPIlCOGf6aGJnGy2gAFLEjOT13E1qxx2a7fe_gxqfWdGZn7Zq-GXdnbocjX3reWldeXtCg.B_b32rbn5LbQJ426i3-Ufp1tR-FsJJRxgT588eogiD4&dib_tag=se&m=A3UEK3VBJ6ADB7&marketplaceID=A19VAU5U5O7RUS&qid=1776495597&refinements=p_36%3A10500-11000&s=merchant-items&sr=1-226&xpid=knzqKJR7kVrIO#customerReviews,"Robot Spirits Evangelion Side EVA Evangelion 8 Beta Temporary Combat Form Approx. 6.7 inches (170 mm), ABS & PVC Pre-Painted Action Figure"
B084CY47XZ,,110.0,https://www.amazon.sg/Hachibanya-Mailbox-Newspaper-Holder-Black/dp/B084CY47XZ/ref=sr_1_227?dib=eyJ2IjoiMSJ9.hYuiJQ5KwMaG_k-BBPIlCOGf6aGJnGy2gAFLEjOT13E1qxx2a7fe_gxqfWdGZn7Zq-GXdnbocjX3reWldeXtCg.B_b32rbn5LbQJ426i3-Ufp1tR-FsJJRxgT588eogiD4&dib_tag=se&m=A3UEK3VBJ6ADB7&marketplaceID=A19VAU5U5O7RUS&qid=1776495597&refinements=p_36%3A10500-11000&s=merchant-items&sr=1-227&xpid=knzqKJR7kVrIO#customerReviews,Hachibanya Rear Door Mailbox Post Post Mailbox Newspaper Holder (Black)
B084CY47XZ,,,,
B084C6WSDP,,106.49,https://www.amazon.sg/Chogokin-Iron-Magnum-Ace-Pre-painted/dp/B084C6WSDP/ref=sr_1_228?dib=eyJ2IjoiMSJ9.hYuiJQ5KwMaG_k-BBPIlCOGf6aGJnGy2gAFLEjOT13E1qxx2a7fe_gxqfWdGZn7Zq-GXdnbocjX3reWldeXtCg.B_b32rbn5LbQJ426i3-Ufp1tR-FsJJRxgT588eogiD4&dib_tag=se&m=A3UEK3VBJ6ADB7&marketplaceID=A19VAU5U5O7RUS&qid=1776495597&refinements=p_36%3A10500-11000&s=merchant-items&sr=1-228&xpid=knzqKJR7kVrIO#customerReviews,"Chogokin Shipp! Iron Liger Magnum Ace, Approx. 3.1 inches (80 mm), Diecast & ABS & PVC Pre-painted Action Figure"
B0841S98P1,,110.0,https://www.amazon.sg/HERCULES-Hercules-Ukulele-Hanger-USP20HB/dp/B0841S98P1/ref=sr_1_229?dib=eyJ2IjoiMSJ9.hYuiJQ5KwMaG_k-BBPIlCOGf6aGJnGy2gAFLEjOT13E1qxx2a7fe_gxqfWdGZn7Zq-GXdnbocjX3reWldeXtCg.B_b32rbn5LbQJ426i3-Ufp1tR-FsJJRxgT588eogiD4&dib_tag=se&m=A3UEK3VBJ6ADB7&marketplaceID=A19VAU5U5O7RUS&qid=1776495597&refinements=p_36%3A10500-11000&s=merchant-items&sr=1-229&xpid=knzqKJR7kVrIO,HERCULES Hercules Ukulele Neck Hanger USP20HB
B0841S98P1,,,,
B082774JH1,,105.0,https://www.amazon.sg/effects-Effects-Overdrive-Breaker-EOD-02/dp/B082774JH1/ref=sr_1_225?dib=eyJ2IjoiMSJ9.DfbTvrkpTjNoxbIKJJyatnDHpb9DY7kQsCX78ftHfAWY8BmLa3S1oLGZ6eHThxTuZ-njH2C5kuBlaTlb1Z4drSedxxwXkPSt17OjRRbOwubP5v03FIomJJTI6TAhrueh5qVMIGU6gL0fgej2yaYBEVivwrg4JeMKLDKJPAufCXo.ozloJeQ2StZItGvO-f8OWji10Riu2kHTY8j8qkKM4rg&dib_tag=se&m=A3UEK3VBJ6ADB7&marketplaceID=A19VAU5U5O7RUS&qid=1776495597&refinements=p_36%3A10500-11000&s=merchant-items&sr=1-225&xpid=knzqKJR7kVrIO#customerReviews,"Revol effects Revol Effects Effects, Overdrive Breaker EOD-02"
B082774JH1,,,,
B082421LNB,,107.99,https://www.amazon.sg/Wataru-Toramaru-Anniversary-Special-Painted/dp/B082421LNB/ref=sr_1_226?dib=eyJ2IjoiMSJ9.DfbTvrkpTjNoxbIKJJyatnDHpb9DY7kQsCX78ftHfAWY8BmLa3S1oLGZ6eHThxTuZ-njH2C5kuBlaTlb1Z4drSedxxwXkPSt17OjRRbOwubP5v03FIomJJTI6TAhrueh5qVMIGU6gL0fgej2yaYBEVivwrg4JeMKLDKJPAufCXo.ozloJeQ2StZItGvO-f8OWji10Riu2kHTY8j8qkKM4rg&dib_tag=se&m=A3UEK3VBJ6ADB7&marketplaceID=A19VAU5U5O7RUS&qid=1776495597&refinements=p_36%3A10500-11000&s=merchant-items&sr=1-226&xpid=knzqKJR7kVrIO#customerReviews,ROBOT Soul Demon Hero Wataru (Mashin Unit) Wicked Toramaru 30th Anniversary Special Edition Painted Action Figure
B081KQY4WN,,105.22,https://www.amazon.sg/Heye-HY29913-Quirky-World-Teile/dp/B081KQY4WN/ref=sr_1_227?dib=eyJ2IjoiMSJ9.DfbTvrkpTjNoxbIKJJyatnDHpb9DY7kQsCX78ftHfAWY8BmLa3S1oLGZ6eHThxTuZ-njH2C5kuBlaTlb1Z4drSedxxwXkPSt17OjRRbOwubP5v03FIomJJTI6TAhrueh5qVMIGU6gL0fgej2yaYBEVivwrg4JeMKLDKJPAufCXo.ozloJeQ2StZItGvO-f8OWji10Riu2kHTY8j8qkKM4rg&dib_tag=se&m=A3UEK3VBJ6ADB7&marketplaceID=A19VAU5U5O7RUS&qid=1776495597&refinements=p_36%3A10500-11000&s=merchant-items&sr=1-227&xpid=knzqKJR7kVrIO,Quirky World: 2000 Teile
B081KQY4WN,,,,
B07ZJP4G9F,,105.0,https://www.amazon.sg/FILCO-Genuine-inches-Hokkaido-FGWR/dp/B07ZJP4G9F/ref=sr_1_228?dib=eyJ2IjoiMSJ9.DfbTvrkpTjNoxbIKJJyatnDHpb9DY7kQsCX78ftHfAWY8BmLa3S1oLGZ6eHThxTuZ-njH2C5kuBlaTlb1Z4drSedxxwXkPSt17OjRRbOwubP5v03FIomJJTI6TAhrueh5qVMIGU6gL0fgej2yaYBEVivwrg4JeMKLDKJPAufCXo.ozloJeQ2StZItGvO-f8OWji10Riu2kHTY8j8qkKM4rg&dib_tag=se&m=A3UEK3VBJ6ADB7&marketplaceID=A19VAU5U5O7RUS&qid=1776495597&refinements=p_36%3A10500-11000&s=merchant-items&sr=1-228&xpid=knzqKJR7kVrIO#customerReviews,"FILCO Genuine Wood Wrist Rest, S Size, Width 11.8 inches (300 mm), Made in Hokkaido, Osmo Color Finish, Made in Japan, Brown FGWR/S"
B07ZJP4G9F,,,,
B07Z6Y4BJ6,,106.66,https://www.amazon.sg/Reincarnated-Veldora-Tempest-Figure-Multiple/dp/B07Z6Y4BJ6/ref=sr_1_229?dib=eyJ2IjoiMSJ9.DfbTvrkpTjNoxbIKJJyatnDHpb9DY7kQsCX78ftHfAWY8BmLa3S1oLGZ6eHThxTuZ-njH2C5kuBlaTlb1Z4drSedxxwXkPSt17OjRRbOwubP5v03FIomJJTI6TAhrueh5qVMIGU6gL0fgej2yaYBEVivwrg4JeMKLDKJPAufCXo.ozloJeQ2StZItGvO-f8OWji10Riu2kHTY8j8qkKM4rg&dib_tag=se&m=A3UEK3VBJ6ADB7&marketplaceID=A19VAU5U5O7RUS&qid=1776495597&refinements=p_36%3A10500-11000&s=merchant-items&sr=1-229&xpid=knzqKJR7kVrIO#customerReviews,"That Time I Got Reincarnated As A Slime Veldora=Tempest Figure, Multiple Colors"
B07X59QGPB,,108.78,https://www.amazon.sg/Spirits-FA-78-2-N-I-M-Approx-Pre-Painted/dp/B07X59QGPB/ref=sr_1_230?dib=eyJ2IjoiMSJ9.DfbTvrkpTjNoxbIKJJyatnDHpb9DY7kQsCX78ftHfAWY8BmLa3S1oLGZ6eHThxTuZ-njH2C5kuBlaTlb1Z4drSedxxwXkPSt17OjRRbOwubP5v03FIomJJTI6TAhrueh5qVMIGU6gL0fgej2yaYBEVivwrg4JeMKLDKJPAufCXo.ozloJeQ2StZItGvO-f8OWji10Riu2kHTY8j8qkKM4rg&dib_tag=se&m=A3UEK3VBJ6ADB7&marketplaceID=A19VAU5U5O7RUS&qid=1776495597&refinements=p_36%3A10500-11000&s=merchant-items&sr=1-230&xpid=knzqKJR7kVrIO#customerReviews,"Robot Spirits Mobile Suit Gundam Side MS FA-78-2 Heavy Gundam Ver. A.N.I.M.E. Approx. 5.1 inches (130 mm), ABS & PVC Pre-Painted Action Figure"
B07W7R13X6,,105.0,https://www.amazon.sg/Campagnolo-10-CG-CS200-Shift-Cable/dp/B07W7R13X6/ref=sr_1_231?dib=eyJ2IjoiMSJ9.DfbTvrkpTjNoxbIKJJyatnDHpb9DY7kQsCX78ftHfAWY8BmLa3S1oLGZ6eHThxTuZ-njH2C5kuBlaTlb1Z4drSedxxwXkPSt17OjRRbOwubP5v03FIomJJTI6TAhrueh5qVMIGU6gL0fgej2yaYBEVivwrg4JeMKLDKJPAufCXo.ozloJeQ2StZItGvO-f8OWji10Riu2kHTY8j8qkKM4rg&dib_tag=se&m=A3UEK3VBJ6ADB7&marketplaceID=A19VAU5U5O7RUS&qid=1776495597&refinements=p_36%3A10500-11000&s=merchant-items&sr=1-231&xpid=knzqKJR7kVrIO,Campagnolo 10-CG-CS200 10 Pack Shift Cable Seal -
B07W7R13X6,,,,
B07W425PN6,,109.64,https://www.amazon.sg/%E3%82%B8%E3%83%A7%E3%83%BC%E3%82%BC%E3%83%B3-Jozen-JRH4029-WH-Josen-Gyromaster/dp/B07W425PN6/ref=sr_1_232?dib=eyJ2IjoiMSJ9.DfbTvrkpTjNoxbIKJJyatnDHpb9DY7kQsCX78ftHfAWY8BmLa3S1oLGZ6eHThxTuZ-njH2C5kuBlaTlb1Z4drSedxxwXkPSt17OjRRbOwubP5v03FIomJJTI6TAhrueh5qVMIGU6gL0fgej2yaYBEVivwrg4JeMKLDKJPAufCXo.ozloJeQ2StZItGvO-f8OWji10Riu2kHTY8j8qkKM4rg&dib_tag=se&m=A3UEK3VBJ6ADB7&marketplaceID=A19VAU5U5O7RUS&qid=1776495597&refinements=p_36%3A10500-11000&s=merchant-items&sr=1-232&xpid=knzqKJR7kVrIO,Josen Gyromaster G40 Movie
B07W425PN6,,,,
B07W3KZSBS,,106.43,https://www.amazon.sg/Tsuchiyu-Carabiner-Compatible-Steapanner-Resistant/dp/B07W3KZSBS/ref=sr_1_233?dib=eyJ2IjoiMSJ9.DfbTvrkpTjNoxbIKJJyatnDHpb9DY7kQsCX78ftHfAWY8BmLa3S1oLGZ6eHThxTuZ-njH2C5kuBlaTlb1Z4drSedxxwXkPSt17OjRRbOwubP5v03FIomJJTI6TAhrueh5qVMIGU6gL0fgej2yaYBEVivwrg4JeMKLDKJPAufCXo.ozloJeQ2StZItGvO-f8OWji10Riu2kHTY8j8qkKM4rg&dib_tag=se&m=A3UEK3VBJ6ADB7&marketplaceID=A19VAU5U5O7RUS&qid=1776495597&refinements=p_36%3A10500-11000&s=merchant-items&sr=1-233&xpid=knzqKJR7kVrIO,"Tsuchiyu Carabiner Hook Compatible Steapanner, Medium, Slip Resistant, Total Length 14.8 inches (375 mm)"
B07W3KZSBS,,,,
B07TW6N31B,,108.57,https://www.amazon.sg/Hacker-Angela-Painted-Complete-Figure/dp/B07TW6N31B/ref=sr_1_234?dib=eyJ2IjoiMSJ9.DfbTvrkpTjNoxbIKJJyatnDHpb9DY7kQsCX78ftHfAWY8BmLa3S1oLGZ6eHThxTuZ-njH2C5kuBlaTlb1Z4drSedxxwXkPSt17OjRRbOwubP5v03FIomJJTI6TAhrueh5qVMIGU6gL0fgej2yaYBEVivwrg4JeMKLDKJPAufCXo.ozloJeQ2StZItGvO-f8OWji10Riu2kHTY8j8qkKM4rg&dib_tag=se&m=A3UEK3VBJ6ADB7&marketplaceID=A19VAU5U5O7RUS&qid=1776495597&refinements=p_36%3A10500-11000&s=merchant-items&sr=1-234&xpid=knzqKJR7kVrIO,"""King Eio"" Mind Hacker Angela, 1/7 Scale, PVC & ABS Painted Complete Figure"
B07SSGMG7Q,,104.61,https://www.amazon.sg/Shimano-SL-M8100-IR-I-Spec-12-Speed-SLM8100IRAP/dp/B07SSGMG7Q/ref=sr_1_235?dib=eyJ2IjoiMSJ9.DfbTvrkpTjNoxbIKJJyatnDHpb9DY7kQsCX78ftHfAWY8BmLa3S1oLGZ6eHThxTuZ-njH2C5kuBlaTlb1Z4drSedxxwXkPSt17OjRRbOwubP5v03FIomJJTI6TAhrueh5qVMIGU6gL0fgej2yaYBEVivwrg4JeMKLDKJPAufCXo.ozloJeQ2StZItGvO-f8OWji10Riu2kHTY8j8qkKM4rg&dib_tag=se&m=A3UEK3VBJ6ADB7&marketplaceID=A19VAU5U5O7RUS&qid=1776495597&refinements=p_36%3A10500-11000&s=merchant-items&sr=1-235&xpid=knzqKJR7kVrIO#customerReviews,"Shimano Deore XT SL-M8100-IR Deore XT Shift Lever, I-Spec EV, 12-Speed, Right Hand,SLM8100IRAP"
B07SSGMG7Q,,,,
B07SSGMG7Q,,104.61,https://www.amazon.sg/Shimano-SL-M8100-IR-I-Spec-12-Speed-SLM8100IRAP/dp/B07SSGMG7Q/ref=sr_1_241?dib=eyJ2IjoiMSJ9.EOtllU_RUBRHl34468Sn0OwyX3vba_GRH6pjEdVAE55IGpWoWz9vfqCJtf9zv4nlEznimvn2X07Zm7GijrrbVw.JdO-ev5rTeK93ZUj1mDvDRgnQ2SiGwhxEK71rkVhIlo&dib_tag=se&m=A3UEK3VBJ6ADB7&marketplaceID=A19VAU5U5O7RUS&qid=1776495602&refinements=p_36%3A10500-11000&s=merchant-items&sr=1-241&xpid=knzqKJR7kVrIO#customerReviews,"Shimano Deore XT SL-M8100-IR Deore XT Shift Lever, I-Spec EV, 12-Speed, Right Hand,SLM8100IRAP"
B07SSGMG7Q,,,,
B07RYRXP5P,,107.6,https://www.amazon.sg/Good-Smile-Saekano-Girlfriend-Nendoroid/dp/B07RYRXP5P/ref=sr_1_242?dib=eyJ2IjoiMSJ9.EOtllU_RUBRHl34468Sn0OwyX3vba_GRH6pjEdVAE55IGpWoWz9vfqCJtf9zv4nlEznimvn2X07Zm7GijrrbVw.JdO-ev5rTeK93ZUj1mDvDRgnQ2SiGwhxEK71rkVhIlo&dib_tag=se&m=A3UEK3VBJ6ADB7&marketplaceID=A19VAU5U5O7RUS&qid=1776495602&refinements=p_36%3A10500-11000&s=merchant-items&sr=1-242&xpid=knzqKJR7kVrIO#customerReviews,Good Smile Saekano: How to Raise A Boring Girlfriend Fine: Eriri Spencer Sawamura (Kimono Version) Nendoroid Action Figure
B07RXPSTXD,,109.73,https://www.amazon.sg/Banpresto-Qposket-Arale-Chan-Figure-4-7inch/dp/B07RXPSTXD/ref=sr_1_243?dib=eyJ2IjoiMSJ9.EOtllU_RUBRHl34468Sn0OwyX3vba_GRH6pjEdVAE55IGpWoWz9vfqCJtf9zv4nlEznimvn2X07Zm7GijrrbVw.JdO-ev5rTeK93ZUj1mDvDRgnQ2SiGwhxEK71rkVhIlo&dib_tag=se&m=A3UEK3VBJ6ADB7&marketplaceID=A19VAU5U5O7RUS&qid=1776495602&refinements=p_36%3A10500-11000&s=merchant-items&sr=1-243&xpid=knzqKJR7kVrIO#customerReviews,Banpresto Dr. Slump Qposket Arale-Chan Figure 4.7inch
B07RV9MW62,,107.11,https://www.amazon.sg/Megami-Device-Shitara-Kaneshiya-Plastic/dp/B07RV9MW62/ref=sr_1_244?dib=eyJ2IjoiMSJ9.EOtllU_RUBRHl34468Sn0OwyX3vba_GRH6pjEdVAE55IGpWoWz9vfqCJtf9zv4nlEznimvn2X07Zm7GijrrbVw.JdO-ev5rTeK93ZUj1mDvDRgnQ2SiGwhxEK71rkVhIlo&dib_tag=se&m=A3UEK3VBJ6ADB7&marketplaceID=A19VAU5U5O7RUS&qid=1776495602&refinements=p_36%3A10500-11000&s=merchant-items&sr=1-244&xpid=knzqKJR7kVrIO#customerReviews,[Bonus] Megami Device x Alice Gear Aegis Shitara Kaneshiya Ver. Karva Chauth Plastic Model
B07R3BZ6S1,,109.42,https://www.amazon.sg/TAMASHII-NATIONS-Nxedge-EVA-01-Evangelion/dp/B07R3BZ6S1/ref=sr_1_245?dib=eyJ2IjoiMSJ9.EOtllU_RUBRHl34468Sn0OwyX3vba_GRH6pjEdVAE55IGpWoWz9vfqCJtf9zv4nlEznimvn2X07Zm7GijrrbVw.JdO-ev5rTeK93ZUj1mDvDRgnQ2SiGwhxEK71rkVhIlo&dib_tag=se&m=A3UEK3VBJ6ADB7&marketplaceID=A19VAU5U5O7RUS&qid=1776495602&refinements=p_36%3A10500-11000&s=merchant-items&sr=1-245&xpid=knzqKJR7kVrIO#customerReviews,"TAMASHII NATIONS Nxedge Style EVA-01 Test Type Evangelion, Multi"
B07QKJBDQQ,,107.0,https://www.amazon.sg/Ghidorah-Godzilla-Japanese-Curtain-Doorway/dp/B07QKJBDQQ/ref=sr_1_241?dib=eyJ2IjoiMSJ9.4lV2Z8dzmZ2rFoLrt6hqVAWQUI5N9PEewTzBDdWoLP7fOYpnvxy9AbqOPgnF5xTLS7rLfVX-siOnEm7a9WqxhMOvxvDFlOn6aCi0k7rU6XuDSamuUM6J3rfeOGI79AhMy9gNW_ld1kBYkHBdqT1vwSW-cJXdMtq7WuEuGrwxRno.Qdn2f5Lczy0p9uVjW-TIuOpeGiNzkD2w2ohbNsIOZ5Q&dib_tag=se&m=A3UEK3VBJ6ADB7&marketplaceID=A19VAU5U5O7RUS&qid=1776495602&refinements=p_36%3A10500-11000&s=merchant-items&sr=1-241&xpid=knzqKJR7kVrIO#customerReviews,Big Size King Ghidorah Godzilla Ukiyoe Noren Japanese Curtain Doorway Made in Japan
B07QKJBDQQ,,,,
B07PLS9KFF,,106.67,https://www.amazon.sg/Carry-CTSC-BKM-Lantern-Bright-Medium/dp/B07PLS9KFF/ref=sr_1_242?dib=eyJ2IjoiMSJ9.4lV2Z8dzmZ2rFoLrt6hqVAWQUI5N9PEewTzBDdWoLP7fOYpnvxy9AbqOPgnF5xTLS7rLfVX-siOnEm7a9WqxhMOvxvDFlOn6aCi0k7rU6XuDSamuUM6J3rfeOGI79AhMy9gNW_ld1kBYkHBdqT1vwSW-cJXdMtq7WuEuGrwxRno.Qdn2f5Lczy0p9uVjW-TIuOpeGiNzkD2w2ohbNsIOZ5Q&dib_tag=se&m=A3UEK3VBJ6ADB7&marketplaceID=A19VAU5U5O7RUS&qid=1776495602&refinements=p_36%3A10500-11000&s=merchant-items&sr=1-242&xpid=knzqKJR7kVrIO#customerReviews,"Carry the Sun CTSC-BKM Solar Lantern, Cool Bright, Black Belt, Medium Size"
B07PLS9KFF,,,,
B07PJSMYSB,,107.55,https://www.amazon.sg/Akebono-AN-814WK-Non-Aspad/dp/B07PJSMYSB/ref=sr_1_243?dib=eyJ2IjoiMSJ9.4lV2Z8dzmZ2rFoLrt6hqVAWQUI5N9PEewTzBDdWoLP7fOYpnvxy9AbqOPgnF5xTLS7rLfVX-siOnEm7a9WqxhMOvxvDFlOn6aCi0k7rU6XuDSamuUM6J3rfeOGI79AhMy9gNW_ld1kBYkHBdqT1vwSW-cJXdMtq7WuEuGrwxRno.Qdn2f5Lczy0p9uVjW-TIuOpeGiNzkD2w2ohbNsIOZ5Q&dib_tag=se&m=A3UEK3VBJ6ADB7&marketplaceID=A19VAU5U5O7RUS&qid=1776495602&refinements=p_36%3A10500-11000&s=merchant-items&sr=1-243&xpid=knzqKJR7kVrIO,Akebono AN-814WK AN-814WK Non-Aspad
B07PJSMYSB,,,,
B07PDXK7Z9,,106.37,https://www.amazon.sg/Marukyu-0595-Chinu-Power-VSP/dp/B07PDXK7Z9/ref=sr_1_244?dib=eyJ2IjoiMSJ9.4lV2Z8dzmZ2rFoLrt6hqVAWQUI5N9PEewTzBDdWoLP7fOYpnvxy9AbqOPgnF5xTLS7rLfVX-siOnEm7a9WqxhMOvxvDFlOn6aCi0k7rU6XuDSamuUM6J3rfeOGI79AhMy9gNW_ld1kBYkHBdqT1vwSW-cJXdMtq7WuEuGrwxRno.Qdn2f5Lczy0p9uVjW-TIuOpeGiNzkD2w2ohbNsIOZ5Q&dib_tag=se&m=A3UEK3VBJ6ADB7&marketplaceID=A19VAU5U5O7RUS&qid=1776495602&refinements=p_36%3A10500-11000&s=merchant-items&sr=1-244&xpid=knzqKJR7kVrIO,Marukyu Chinu Power VSP
B07PDXK7Z9,,,,
B07NJ7LXKW,,107.08,https://www.amazon.sg/Shimano-LD-A71S-Multicolor-Saltwater-Braided/dp/B07NJ7LXKW/ref=sr_1_245?dib=eyJ2IjoiMSJ9.4lV2Z8dzmZ2rFoLrt6hqVAWQUI5N9PEewTzBDdWoLP7fOYpnvxy9AbqOPgnF5xTLS7rLfVX-siOnEm7a9WqxhMOvxvDFlOn6aCi0k7rU6XuDSamuUM6J3rfeOGI79AhMy9gNW_ld1kBYkHBdqT1vwSW-cJXdMtq7WuEuGrwxRno.Qdn2f5Lczy0p9uVjW-TIuOpeGiNzkD2w2ohbNsIOZ5Q&dib_tag=se&m=A3UEK3VBJ6ADB7&marketplaceID=A19VAU5U5O7RUS&qid=1776495602&refinements=p_36%3A10500-11000&s=merchant-items&sr=1-245&xpid=knzqKJR7kVrIO#customerReviews,SHIMANO OCEA 8 PE Line 300m LD-A71S Multicolor 2019 Model Saltwater Braided Fishing Line
B07NB6218J,,109.9,https://www.amazon.sg/Tales-Vesperia-Lowell-Nendoroid-Action/dp/B07NB6218J/ref=sr_1_246?dib=eyJ2IjoiMSJ9.4lV2Z8dzmZ2rFoLrt6hqVAWQUI5N9PEewTzBDdWoLP7fOYpnvxy9AbqOPgnF5xTLS7rLfVX-siOnEm7a9WqxhMOvxvDFlOn6aCi0k7rU6XuDSamuUM6J3rfeOGI79AhMy9gNW_ld1kBYkHBdqT1vwSW-cJXdMtq7WuEuGrwxRno.Qdn2f5Lczy0p9uVjW-TIuOpeGiNzkD2w2ohbNsIOZ5Q&dib_tag=se&m=A3UEK3VBJ6ADB7&marketplaceID=A19VAU5U5O7RUS&qid=1776495602&refinements=p_36%3A10500-11000&s=merchant-items&sr=1-246&xpid=knzqKJR7kVrIO#customerReviews,Tales of Vesperia: Yuri Lowell Nendoroid Action Figure
B07MXC82FK,,107.09,https://www.amazon.sg/Ssss-Gridman-Figma-Action-Figure-Multicolor/dp/B07MXC82FK/ref=sr_1_247?dib=eyJ2IjoiMSJ9.4lV2Z8dzmZ2rFoLrt6hqVAWQUI5N9PEewTzBDdWoLP7fOYpnvxy9AbqOPgnF5xTLS7rLfVX-siOnEm7a9WqxhMOvxvDFlOn6aCi0k7rU6XuDSamuUM6J3rfeOGI79AhMy9gNW_ld1kBYkHBdqT1vwSW-cJXdMtq7WuEuGrwxRno.Qdn2f5Lczy0p9uVjW-TIuOpeGiNzkD2w2ohbNsIOZ5Q&dib_tag=se&m=A3UEK3VBJ6ADB7&marketplaceID=A19VAU5U5O7RUS&qid=1776495602&refinements=p_36%3A10500-11000&s=merchant-items&sr=1-247&xpid=knzqKJR7kVrIO#customerReviews,"Ssss.Gridman Figma Action Figure, Multicolor"
B07MWS8751,,106.81,https://www.amazon.sg/Onepiece-Glitter-Glamours%C3%97Materia-Carifa-Black-Color/dp/B07MWS8751/ref=sr_1_248?dib=eyJ2IjoiMSJ9.4lV2Z8dzmZ2rFoLrt6hqVAWQUI5N9PEewTzBDdWoLP7fOYpnvxy9AbqOPgnF5xTLS7rLfVX-siOnEm7a9WqxhMOvxvDFlOn6aCi0k7rU6XuDSamuUM6J3rfeOGI79AhMy9gNW_ld1kBYkHBdqT1vwSW-cJXdMtq7WuEuGrwxRno.Qdn2f5Lczy0p9uVjW-TIuOpeGiNzkD2w2ohbNsIOZ5Q&dib_tag=se&m=A3UEK3VBJ6ADB7&marketplaceID=A19VAU5U5O7RUS&qid=1776495602&refinements=p_36%3A10500-11000&s=merchant-items&sr=1-248&xpid=knzqKJR7kVrIO#customerReviews,Onepiece Glitter&Glamours×Materia-Carifa-(A: Black Color Ver)
B07MT3XNT6,,105.0,https://www.amazon.sg/Nowaru-Nonsukeru-Painted-Action-Figure/dp/B07MT3XNT6/ref=sr_1_249?dib=eyJ2IjoiMSJ9.4lV2Z8dzmZ2rFoLrt6hqVAWQUI5N9PEewTzBDdWoLP7fOYpnvxy9AbqOPgnF5xTLS7rLfVX-siOnEm7a9WqxhMOvxvDFlOn6aCi0k7rU6XuDSamuUM6J3rfeOGI79AhMy9gNW_ld1kBYkHBdqT1vwSW-cJXdMtq7WuEuGrwxRno.Qdn2f5Lczy0p9uVjW-TIuOpeGiNzkD2w2ohbNsIOZ5Q&dib_tag=se&m=A3UEK3VBJ6ADB7&marketplaceID=A19VAU5U5O7RUS&qid=1776495602&refinements=p_36%3A10500-11000&s=merchant-items&sr=1-249&xpid=knzqKJR7kVrIO#customerReviews,Figma Bride Nowaru Ver. Nonsukeru Abs & Pvc Painted Action Figure
B07MMSB9Y5,,106.52,https://www.amazon.sg/alphatackle-Multicaster-ST-10-210/dp/B07MMSB9Y5/ref=sr_1_250?dib=eyJ2IjoiMSJ9.4lV2Z8dzmZ2rFoLrt6hqVAWQUI5N9PEewTzBDdWoLP7fOYpnvxy9AbqOPgnF5xTLS7rLfVX-siOnEm7a9WqxhMOvxvDFlOn6aCi0k7rU6XuDSamuUM6J3rfeOGI79AhMy9gNW_ld1kBYkHBdqT1vwSW-cJXdMtq7WuEuGrwxRno.Qdn2f5Lczy0p9uVjW-TIuOpeGiNzkD2w2ohbNsIOZ5Q&dib_tag=se&m=A3UEK3VBJ6ADB7&marketplaceID=A19VAU5U5O7RUS&qid=1776495602&refinements=p_36%3A10500-11000&s=merchant-items&sr=1-250&xpid=knzqKJR7kVrIO,Multicaster ST 10-210
B07MMSB9Y5,,,,
B07LBQMZK6,,105.07,https://www.amazon.sg/Banpresto-Onepiece-World-Figure-Colosseum2/dp/B07LBQMZK6/ref=sr_1_251?dib=eyJ2IjoiMSJ9.4lV2Z8dzmZ2rFoLrt6hqVAWQUI5N9PEewTzBDdWoLP7fOYpnvxy9AbqOPgnF5xTLS7rLfVX-siOnEm7a9WqxhMOvxvDFlOn6aCi0k7rU6XuDSamuUM6J3rfeOGI79AhMy9gNW_ld1kBYkHBdqT1vwSW-cJXdMtq7WuEuGrwxRno.Qdn2f5Lczy0p9uVjW-TIuOpeGiNzkD2w2ohbNsIOZ5Q&dib_tag=se&m=A3UEK3VBJ6ADB7&marketplaceID=A19VAU5U5O7RUS&qid=1776495602&refinements=p_36%3A10500-11000&s=merchant-items&sr=1-251&xpid=knzqKJR7kVrIO#customerReviews,Banpresto Onepiece World Figure Colosseum2 Vol.4(A: Normal Color Ver)
B07KS4K723,,108.38,https://www.amazon.sg/%E9%87%A3%E6%AD%A6%E8%80%85-Turimusha-Tsurimusha-CFRTP-Handle/dp/B07KS4K723/ref=sr_1_257?dib=eyJ2IjoiMSJ9.kYyg0SCiTxLjIvFBUHja8USXd1H_jj3993UhvFIPPuq_bmsS6RAIp_lZFbk-m6EKWEjmKrj2QHsHCDzuz4JAdA.4tJLGpPgjE0GWolYWNwcWnhSRtAf0Y5771c_ElZKyfs&dib_tag=se&m=A3UEK3VBJ6ADB7&marketplaceID=A19VAU5U5O7RUS&qid=1776495607&refinements=p_36%3A10500-11000&s=merchant-items&sr=1-257&xpid=knzqKJR7kVrIO,"Tsurimusha CFRTP Handle, Red"
B07KS4K723,,,,
B07JVXY57N,,105.92,https://www.amazon.sg/Industries-W-03SW-20-ED-Transmissions/dp/B07JVXY57N/ref=sr_1_258?dib=eyJ2IjoiMSJ9.kYyg0SCiTxLjIvFBUHja8USXd1H_jj3993UhvFIPPuq_bmsS6RAIp_lZFbk-m6EKWEjmKrj2QHsHCDzuz4JAdA.4tJLGpPgjE0GWolYWNwcWnhSRtAf0Y5771c_ElZKyfs&dib_tag=se&m=A3UEK3VBJ6ADB7&marketplaceID=A19VAU5U5O7RUS&qid=1776495607&refinements=p_36%3A10500-11000&s=merchant-items&sr=1-258&xpid=knzqKJR7kVrIO#customerReviews,"Showa Industries W-03SW 20 ED Super Wide Gutchili Stand Type 20 (For Both Front and Exterior Transmissions), Black"
B07JVXY57N,,,,
B07JDPSR3R,,108.26,https://www.amazon.sg/PRO-Team-Chain-Black-R20RTL0084X/dp/B07JDPSR3R/ref=sr_1_259?dib=eyJ2IjoiMSJ9.kYyg0SCiTxLjIvFBUHja8USXd1H_jj3993UhvFIPPuq_bmsS6RAIp_lZFbk-m6EKWEjmKrj2QHsHCDzuz4JAdA.4tJLGpPgjE0GWolYWNwcWnhSRtAf0Y5771c_ElZKyfs&dib_tag=se&m=A3UEK3VBJ6ADB7&marketplaceID=A19VAU5U5O7RUS&qid=1776495607&refinements=p_36%3A10500-11000&s=merchant-items&sr=1-259&xpid=knzqKJR7kVrIO,PRO Team Chain Whip Black Tool R20RTL0084X
B07JDPSR3R,,,,
B07H5YNP6B,,107.2,https://www.amazon.sg/Banpresto-Heavens-Figure-Gilgamesh-Multicolor/dp/B07H5YNP6B/ref=sr_1_260?dib=eyJ2IjoiMSJ9.kYyg0SCiTxLjIvFBUHja8USXd1H_jj3993UhvFIPPuq_bmsS6RAIp_lZFbk-m6EKWEjmKrj2QHsHCDzuz4JAdA.4tJLGpPgjE0GWolYWNwcWnhSRtAf0Y5771c_ElZKyfs&dib_tag=se&m=A3UEK3VBJ6ADB7&marketplaceID=A19VAU5U5O7RUS&qid=1776495607&refinements=p_36%3A10500-11000&s=merchant-items&sr=1-260&xpid=knzqKJR7kVrIO#customerReviews,"Banpresto Fate/Stay Night The Movie [Heaven's Feel] Exq Figure, Gilgamesh, Multicolor"
B07GRFCFXJ,,108.09,https://www.amazon.sg/F-STYLE-4573101510571-Burst-Walnuts-Brown/dp/B07GRFCFXJ/ref=sr_1_261?dib=eyJ2IjoiMSJ9.kYyg0SCiTxLjIvFBUHja8USXd1H_jj3993UhvFIPPuq_bmsS6RAIp_lZFbk-m6EKWEjmKrj2QHsHCDzuz4JAdA.4tJLGpPgjE0GWolYWNwcWnhSRtAf0Y5771c_ElZKyfs&dib_tag=se&m=A3UEK3VBJ6ADB7&marketplaceID=A19VAU5U5O7RUS&qid=1776495607&refinements=p_36%3A10500-11000&s=merchant-items&sr=1-261&xpid=knzqKJR7kVrIO,"F-STYLE 4573101510571 San Burst/Walnuts, Brown"
B07GRFCFXJ,,,,
B07CR3N7MW,,113.72,https://www.amazon.sg/Sakura-Pastel-Monochromatic-100-50/dp/B07CR3N7MW/ref=sr_1_257?dib=eyJ2IjoiMSJ9.Uhg41QsOhYcc3T7Ju-dp17ra5ZdgDBjnJfGHTGLwpzG38WNJ9ybc7jCmvkrkrLn1EeHGgr-bQRzUyFQJlyiV1Gfa0mxPr6bi5ctEERs0YElp8vspUx9vQ6Z8bYzGtrZOtfYPTsL1DrKjKrEBlUbQshHUGEe4U_tUdho8UCLsTGs.NQF4Aac3iqsHHGGGyTsxarvvMj_UmcDsFFGzCVoEJp0&dib_tag=se&m=A3UEK3VBJ6ADB7&marketplaceID=A19VAU5U5O7RUS&qid=1776495607&refinements=p_36%3A10500-11000&s=merchant-items&sr=1-257&xpid=knzqKJR7kVrIO#customerReviews,Sakura Color Pastel Monochromatic White 100 LP Rose # 50 (100)
B07CR3N7MW,,,,
B07CP9DSVP,,106.58,https://www.amazon.sg/Banpresto-Lelouch-Rebellion-Figure-Kozuki/dp/B07CP9DSVP/ref=sr_1_258?dib=eyJ2IjoiMSJ9.Uhg41QsOhYcc3T7Ju-dp17ra5ZdgDBjnJfGHTGLwpzG38WNJ9ybc7jCmvkrkrLn1EeHGgr-bQRzUyFQJlyiV1Gfa0mxPr6bi5ctEERs0YElp8vspUx9vQ6Z8bYzGtrZOtfYPTsL1DrKjKrEBlUbQshHUGEe4U_tUdho8UCLsTGs.NQF4Aac3iqsHHGGGyTsxarvvMj_UmcDsFFGzCVoEJp0&dib_tag=se&m=A3UEK3VBJ6ADB7&marketplaceID=A19VAU5U5O7RUS&qid=1776495607&refinements=p_36%3A10500-11000&s=merchant-items&sr=1-258&xpid=knzqKJR7kVrIO#customerReviews,"Banpresto Code Geass Lelouch of The Rebellion Exq Figure, Karen Kozuki, Red"
B07BXD94C1,,108.38,https://www.amazon.sg/Sunrose-Sun-Shade-Size-Length/dp/B07BXD94C1/ref=sr_1_259?dib=eyJ2IjoiMSJ9.Uhg41QsOhYcc3T7Ju-dp17ra5ZdgDBjnJfGHTGLwpzG38WNJ9ybc7jCmvkrkrLn1EeHGgr-bQRzUyFQJlyiV1Gfa0mxPr6bi5ctEERs0YElp8vspUx9vQ6Z8bYzGtrZOtfYPTsL1DrKjKrEBlUbQshHUGEe4U_tUdho8UCLsTGs.NQF4Aac3iqsHHGGGyTsxarvvMj_UmcDsFFGzCVoEJp0&dib_tag=se&m=A3UEK3VBJ6ADB7&marketplaceID=A19VAU5U5O7RUS&qid=1776495607&refinements=p_36%3A10500-11000&s=merchant-items&sr=1-259&xpid=knzqKJR7kVrIO,Sunrose Sun Shade [Size: Width 74.8 x Length 94.5 inches (190 x 240 cm)] Harry 2 (Light Green)
B07BXD94C1,,,,
B07B7ZGRYL,,105.31,https://www.amazon.sg/Banpresto-Dragonball-Makers-Super-Saiyan-Gokou/dp/B07B7ZGRYL/ref=sr_1_260?dib=eyJ2IjoiMSJ9.Uhg41QsOhYcc3T7Ju-dp17ra5ZdgDBjnJfGHTGLwpzG38WNJ9ybc7jCmvkrkrLn1EeHGgr-bQRzUyFQJlyiV1Gfa0mxPr6bi5ctEERs0YElp8vspUx9vQ6Z8bYzGtrZOtfYPTsL1DrKjKrEBlUbQshHUGEe4U_tUdho8UCLsTGs.NQF4Aac3iqsHHGGGyTsxarvvMj_UmcDsFFGzCVoEJp0&dib_tag=se&m=A3UEK3VBJ6ADB7&marketplaceID=A19VAU5U5O7RUS&qid=1776495607&refinements=p_36%3A10500-11000&s=merchant-items&sr=1-260&xpid=knzqKJR7kVrIO#customerReviews,Banpresto Dragonball Z Match Makers-Super Saiyan Son Gokou- Prize Figure
B0795CWGB4,,106.38,https://www.amazon.sg/SUPER-Slide-Clamp-Short-TC08BFS/dp/B0795CWGB4/ref=sr_1_261?dib=eyJ2IjoiMSJ9.Uhg41QsOhYcc3T7Ju-dp17ra5ZdgDBjnJfGHTGLwpzG38WNJ9ybc7jCmvkrkrLn1EeHGgr-bQRzUyFQJlyiV1Gfa0mxPr6bi5ctEERs0YElp8vspUx9vQ6Z8bYzGtrZOtfYPTsL1DrKjKrEBlUbQshHUGEe4U_tUdho8UCLsTGs.NQF4Aac3iqsHHGGGyTsxarvvMj_UmcDsFFGzCVoEJp0&dib_tag=se&m=A3UEK3VBJ6ADB7&marketplaceID=A19VAU5U5O7RUS&qid=1776495607&refinements=p_36%3A10500-11000&s=merchant-items&sr=1-261&xpid=knzqKJR7kVrIO,SUPER TOOL Slide Clamp for M16 Short B type 2 pcs Set TC08BFS (Japan Import)
B0795CWGB4,,,,
B0792T99T4,,108.18,https://www.amazon.sg/DEDA-ZERO-Seatpost-Matte-Black/dp/B0792T99T4/ref=sr_1_262?dib=eyJ2IjoiMSJ9.Uhg41QsOhYcc3T7Ju-dp17ra5ZdgDBjnJfGHTGLwpzG38WNJ9ybc7jCmvkrkrLn1EeHGgr-bQRzUyFQJlyiV1Gfa0mxPr6bi5ctEERs0YElp8vspUx9vQ6Z8bYzGtrZOtfYPTsL1DrKjKrEBlUbQshHUGEe4U_tUdho8UCLsTGs.NQF4Aac3iqsHHGGGyTsxarvvMj_UmcDsFFGzCVoEJp0&dib_tag=se&m=A3UEK3VBJ6ADB7&marketplaceID=A19VAU5U5O7RUS&qid=1776495607&refinements=p_36%3A10500-11000&s=merchant-items&sr=1-262&xpid=knzqKJR7kVrIO#customerReviews,Deda Elementi Sattelstütze
B0792T99T4,,,,
B078YJNYGG,,106.79,https://www.amazon.sg/kanda-cookie-cutter-dragon-small/dp/B078YJNYGG/ref=sr_1_263?dib=eyJ2IjoiMSJ9.Uhg41QsOhYcc3T7Ju-dp17ra5ZdgDBjnJfGHTGLwpzG38WNJ9ybc7jCmvkrkrLn1EeHGgr-bQRzUyFQJlyiV1Gfa0mxPr6bi5ctEERs0YElp8vspUx9vQ6Z8bYzGtrZOtfYPTsL1DrKjKrEBlUbQshHUGEe4U_tUdho8UCLsTGs.NQF4Aac3iqsHHGGGyTsxarvvMj_UmcDsFFGzCVoEJp0&dib_tag=se&m=A3UEK3VBJ6ADB7&marketplaceID=A19VAU5U5O7RUS&qid=1776495607&refinements=p_36%3A10500-11000&s=merchant-items&sr=1-263&xpid=knzqKJR7kVrIO,kanda cookie cutter dragon small
B078YJNYGG,,,,
B078X5KWCS,,106.0,https://www.amazon.sg/Banpresto-Anniversary-figure-Dragon-Adventure/dp/B078X5KWCS/ref=sr_1_264?dib=eyJ2IjoiMSJ9.Uhg41QsOhYcc3T7Ju-dp17ra5ZdgDBjnJfGHTGLwpzG38WNJ9ybc7jCmvkrkrLn1EeHGgr-bQRzUyFQJlyiV1Gfa0mxPr6bi5ctEERs0YElp8vspUx9vQ6Z8bYzGtrZOtfYPTsL1DrKjKrEBlUbQshHUGEe4U_tUdho8UCLsTGs.NQF4Aac3iqsHHGGGyTsxarvvMj_UmcDsFFGzCVoEJp0&dib_tag=se&m=A3UEK3VBJ6ADB7&marketplaceID=A19VAU5U5O7RUS&qid=1776495607&refinements=p_36%3A10500-11000&s=merchant-items&sr=1-264&xpid=knzqKJR7kVrIO#customerReviews,Banpresto jump 50th Anniversary figure Dai Dragon Quest The Great Adventure of Dai
B077PVTKM9,,109.32,https://www.amazon.sg/FlexU-Kinesiology-Tape-Ultra-Thin-Hypoallergenic/dp/B077PVTKM9/ref=sr_1_265?dib=eyJ2IjoiMSJ9.Uhg41QsOhYcc3T7Ju-dp17ra5ZdgDBjnJfGHTGLwpzG38WNJ9ybc7jCmvkrkrLn1EeHGgr-bQRzUyFQJlyiV1Gfa0mxPr6bi5ctEERs0YElp8vspUx9vQ6Z8bYzGtrZOtfYPTsL1DrKjKrEBlUbQshHUGEe4U_tUdho8UCLsTGs.NQF4Aac3iqsHHGGGyTsxarvvMj_UmcDsFFGzCVoEJp0&dib_tag=se&m=A3UEK3VBJ6ADB7&marketplaceID=A19VAU5U5O7RUS&qid=1776495607&refinements=p_36%3A10500-11000&s=merchant-items&sr=1-265&xpid=knzqKJR7kVrIO#customerReviews,FlexU Kinesiology Tape 140 Pre-Cut Strips or Continuous Roll; Ultra-Thin Hypoallergenic Latex-Free; Designed as Sports Therapy Support for Muscles & Joints; Knee Shoulder & Back Support; Long Lasting
B077PVTKM9,,,,
B0771KNGVZ,,121.59,https://www.amazon.sg/Banpresto-Dragon-Super-Gokou-Saiyan/dp/B0771KNGVZ/ref=sr_1_266?dib=eyJ2IjoiMSJ9.Uhg41QsOhYcc3T7Ju-dp17ra5ZdgDBjnJfGHTGLwpzG38WNJ9ybc7jCmvkrkrLn1EeHGgr-bQRzUyFQJlyiV1Gfa0mxPr6bi5ctEERs0YElp8vspUx9vQ6Z8bYzGtrZOtfYPTsL1DrKjKrEBlUbQshHUGEe4U_tUdho8UCLsTGs.NQF4Aac3iqsHHGGGyTsxarvvMj_UmcDsFFGzCVoEJp0&dib_tag=se&m=A3UEK3VBJ6ADB7&marketplaceID=A19VAU5U5O7RUS&qid=1776495607&refinements=p_36%3A10500-11000&s=merchant-items&sr=1-266&xpid=knzqKJR7kVrIO#customerReviews,Banpresto Dragon Ball Super Son Gokou Fes!! Vol.4 Super Saiyan 3 Son Goku
B07594Y259,,107.23,https://www.amazon.sg/Spitfire-Formula-Lock-Ins-Skateboard-Wheels/dp/B07594Y259/ref=sr_1_267?dib=eyJ2IjoiMSJ9.Uhg41QsOhYcc3T7Ju-dp17ra5ZdgDBjnJfGHTGLwpzG38WNJ9ybc7jCmvkrkrLn1EeHGgr-bQRzUyFQJlyiV1Gfa0mxPr6bi5ctEERs0YElp8vspUx9vQ6Z8bYzGtrZOtfYPTsL1DrKjKrEBlUbQshHUGEe4U_tUdho8UCLsTGs.NQF4Aac3iqsHHGGGyTsxarvvMj_UmcDsFFGzCVoEJp0&dib_tag=se&m=A3UEK3VBJ6ADB7&marketplaceID=A19VAU5U5O7RUS&qid=1776495607&refinements=p_36%3A10500-11000&s=merchant-items&sr=1-267&xpid=knzqKJR7kVrIO#customerReviews,SPITFIRE FORMULA FOUR LOCK-INS 99 DURO
B07594Y259,,,,
B071JKCKXB,,108.89,https://www.amazon.sg/Dainese-Speed-Demon-T-Shirt-White/dp/B071JKCKXB/ref=sr_1_273?dib=eyJ2IjoiMSJ9.Qw9JR8t-TFoK7bJqcvToCpj38zr5WI6uGNnmvGPWoj9T-Mk1nlEYdHhbEe54yLG-JfsKTYUo9ZD2oDGN4FaKuA.xkeOhODs7soZ95BMwjIuDm5B-vxTd_lgEbh3IjDcS78&dib_tag=se&m=A3UEK3VBJ6ADB7&marketplaceID=A19VAU5U5O7RUS&qid=1776495612&refinements=p_36%3A10500-11000&s=merchant-items&sr=1-273&xpid=knzqKJR7kVrIO#customerReviews,Dainese Men's Speed Demon T-Shirt T-Shirt (Pack of 1)
B071JKCKXB,,,,
B06XC4RPTD,,106.6,https://www.amazon.sg/5010A-Adjustable-Flexible-Structural-Plywood/dp/B06XC4RPTD/ref=sr_1_274?dib=eyJ2IjoiMSJ9.Qw9JR8t-TFoK7bJqcvToCpj38zr5WI6uGNnmvGPWoj9T-Mk1nlEYdHhbEe54yLG-JfsKTYUo9ZD2oDGN4FaKuA.xkeOhODs7soZ95BMwjIuDm5B-vxTd_lgEbh3IjDcS78&dib_tag=se&m=A3UEK3VBJ6ADB7&marketplaceID=A19VAU5U5O7RUS&qid=1776495612&refinements=p_36%3A10500-11000&s=merchant-items&sr=1-274&xpid=knzqKJR7kVrIO#customerReviews,STAR-M 5010A Adjustable Flexible Cone Set for Structural Plywood and Drywall
B06XC4RPTD,,,,
B01N7W33NF,,105.74,https://www.amazon.sg/Shimano-SHIMANO-Reel-Buses-Left/dp/B01N7W33NF/ref=sr_1_275?dib=eyJ2IjoiMSJ9.Qw9JR8t-TFoK7bJqcvToCpj38zr5WI6uGNnmvGPWoj9T-Mk1nlEYdHhbEe54yLG-JfsKTYUo9ZD2oDGN4FaKuA.xkeOhODs7soZ95BMwjIuDm5B-vxTd_lgEbh3IjDcS78&dib_tag=se&m=A3UEK3VBJ6ADB7&marketplaceID=A19VAU5U5O7RUS&qid=1776495612&refinements=p_36%3A10500-11000&s=merchant-items&sr=1-275&xpid=knzqKJR7kVrIO#customerReviews,"Shimano (SHIMANO) Reel 17, Buses, One XT 151 Left"
B01N7W33NF,,,,
B01N5TCXPH,,105.93,https://www.amazon.sg/Shimano-SHIMANO-Reel-Buses-Right/dp/B01N5TCXPH/ref=sr_1_276?dib=eyJ2IjoiMSJ9.Qw9JR8t-TFoK7bJqcvToCpj38zr5WI6uGNnmvGPWoj9T-Mk1nlEYdHhbEe54yLG-JfsKTYUo9ZD2oDGN4FaKuA.xkeOhODs7soZ95BMwjIuDm5B-vxTd_lgEbh3IjDcS78&dib_tag=se&m=A3UEK3VBJ6ADB7&marketplaceID=A19VAU5U5O7RUS&qid=1776495612&refinements=p_36%3A10500-11000&s=merchant-items&sr=1-276&xpid=knzqKJR7kVrIO#customerReviews,Shimano (SHIMANO) Reel 17 Buses One XT 150?Right
B01N5TCXPH,,,,
B01N4UGJD9,,107.95,https://www.amazon.sg/STAR-M-28K-1555-Carbide-Replacement-Blade/dp/B01N4UGJD9/ref=sr_1_277?dib=eyJ2IjoiMSJ9.Qw9JR8t-TFoK7bJqcvToCpj38zr5WI6uGNnmvGPWoj9T-Mk1nlEYdHhbEe54yLG-JfsKTYUo9ZD2oDGN4FaKuA.xkeOhODs7soZ95BMwjIuDm5B-vxTd_lgEbh3IjDcS78&dib_tag=se&m=A3UEK3VBJ6ADB7&marketplaceID=A19VAU5U5O7RUS&qid=1776495612&refinements=p_36%3A10500-11000&s=merchant-items&sr=1-277&xpid=knzqKJR7kVrIO#customerReviews,STAR-M 28K-1555 Carbide Replacement Blade Cone No Drill 15 x 55
B01N4UGJD9,,,,
B01MTFNPAA,,108.0,https://www.amazon.sg/Wonder-Festival-Gudako-Nendoroid-Good/dp/B01MTFNPAA/ref=sr_1_273?dib=eyJ2IjoiMSJ9.kN4tUFnic386FasXqdAmbv_2KlxCBf4a1JlDH4FMMwl_z_djMBqRk8SXEBE44sdjQD11EvgBbYuLL7a3vugl1-hBUBQRL0hmdNzfNpk-Jx66zswKGwMcMm9Frj0oKQtoUlvRXEUwZAKgIJjKAP04tw_-xQs7eWbBupKH84ooLTY.wK-731d5akHns6BdVeQm0eraCV4rJs9uqqF_1IZ7stg&dib_tag=se&m=A3UEK3VBJ6ADB7&marketplaceID=A19VAU5U5O7RUS&qid=1776495612&refinements=p_36%3A10500-11000&s=merchant-items&sr=1-273&xpid=knzqKJR7kVrIO#customerReviews,Wonder Festival 2017 Gudako Nendoroid Figure FGO Fate Fate/Grand Order Good
B01LVWOG3Y,,105.26,https://www.amazon.sg/Banpresto-Adventure-Passione-Bucharati-Giorno-Joba/dp/B01LVWOG3Y/ref=sr_1_274?dib=eyJ2IjoiMSJ9.kN4tUFnic386FasXqdAmbv_2KlxCBf4a1JlDH4FMMwl_z_djMBqRk8SXEBE44sdjQD11EvgBbYuLL7a3vugl1-hBUBQRL0hmdNzfNpk-Jx66zswKGwMcMm9Frj0oKQtoUlvRXEUwZAKgIJjKAP04tw_-xQs7eWbBupKH84ooLTY.wK-731d5akHns6BdVeQm0eraCV4rJs9uqqF_1IZ7stg&dib_tag=se&m=A3UEK3VBJ6ADB7&marketplaceID=A19VAU5U5O7RUS&qid=1776495612&refinements=p_36%3A10500-11000&s=merchant-items&sr=1-274&xpid=knzqKJR7kVrIO#customerReviews,"Banpresto ""Bizarre Adventure Dxf Passione Bucharati Team Of Jojo Vol.6 Giorno-Joba Ana Black Ver. Single Item Prize (Japan Import)"
B01E15WLWO,,191.67,https://www.amazon.sg/B-AIR-STRAP-Saxophone-Strap-BSN-BP-L/dp/B01E15WLWO/ref=sr_1_275?dib=eyJ2IjoiMSJ9.kN4tUFnic386FasXqdAmbv_2KlxCBf4a1JlDH4FMMwl_z_djMBqRk8SXEBE44sdjQD11EvgBbYuLL7a3vugl1-hBUBQRL0hmdNzfNpk-Jx66zswKGwMcMm9Frj0oKQtoUlvRXEUwZAKgIJjKAP04tw_-xQs7eWbBupKH84ooLTY.wK-731d5akHns6BdVeQm0eraCV4rJs9uqqF_1IZ7stg&dib_tag=se&m=A3UEK3VBJ6ADB7&marketplaceID=A19VAU5U5O7RUS&qid=1776495612&refinements=p_36%3A10500-11000&s=merchant-items&sr=1-275&xpid=knzqKJR7kVrIO,B.AIR BIRD STRAP Saxophone Strap Slim Long BSN-BP-L Large
B01E15WLWO,,,,
B01DP89OX2,,113.13,https://www.amazon.sg/KYOHRITSU-CS-01-KC-cymbal-stand/dp/B01DP89OX2/ref=sr_1_276?dib=eyJ2IjoiMSJ9.kN4tUFnic386FasXqdAmbv_2KlxCBf4a1JlDH4FMMwl_z_djMBqRk8SXEBE44sdjQD11EvgBbYuLL7a3vugl1-hBUBQRL0hmdNzfNpk-Jx66zswKGwMcMm9Frj0oKQtoUlvRXEUwZAKgIJjKAP04tw_-xQs7eWbBupKH84ooLTY.wK-731d5akHns6BdVeQm0eraCV4rJs9uqqF_1IZ7stg&dib_tag=se&m=A3UEK3VBJ6ADB7&marketplaceID=A19VAU5U5O7RUS&qid=1776495612&refinements=p_36%3A10500-11000&s=merchant-items&sr=1-276&xpid=knzqKJR7kVrIO#customerReviews,KC cymbal stand CS-01
B01DP89OX2,,,,
B01CVD8YCY,,105.28,https://www.amazon.sg/Oyaide-HPSC-35-3-5mm-Headphone-Cable/dp/B01CVD8YCY/ref=sr_1_277?dib=eyJ2IjoiMSJ9.kN4tUFnic386FasXqdAmbv_2KlxCBf4a1JlDH4FMMwl_z_djMBqRk8SXEBE44sdjQD11EvgBbYuLL7a3vugl1-hBUBQRL0hmdNzfNpk-Jx66zswKGwMcMm9Frj0oKQtoUlvRXEUwZAKgIJjKAP04tw_-xQs7eWbBupKH84ooLTY.wK-731d5akHns6BdVeQm0eraCV4rJs9uqqF_1IZ7stg&dib_tag=se&m=A3UEK3VBJ6ADB7&marketplaceID=A19VAU5U5O7RUS&qid=1776495612&refinements=p_36%3A10500-11000&s=merchant-items&sr=1-277&xpid=knzqKJR7kVrIO#customerReviews,Oyaide HPSC-35 3.5mm to 3.5mm Headphone Cable - 2.5m
B01CVD8YCY,,,,
B01CU972ZY,,105.38,https://www.amazon.sg/FCS-Connect-Fin-7inch-Black/dp/B01CU972ZY/ref=sr_1_278?dib=eyJ2IjoiMSJ9.kN4tUFnic386FasXqdAmbv_2KlxCBf4a1JlDH4FMMwl_z_djMBqRk8SXEBE44sdjQD11EvgBbYuLL7a3vugl1-hBUBQRL0hmdNzfNpk-Jx66zswKGwMcMm9Frj0oKQtoUlvRXEUwZAKgIJjKAP04tw_-xQs7eWbBupKH84ooLTY.wK-731d5akHns6BdVeQm0eraCV4rJs9uqqF_1IZ7stg&dib_tag=se&m=A3UEK3VBJ6ADB7&marketplaceID=A19VAU5U5O7RUS&qid=1776495612&refinements=p_36%3A10500-11000&s=merchant-items&sr=1-278&xpid=knzqKJR7kVrIO#customerReviews,FCS II Connect GF Longboard Fin
B01CU972ZY,,,,
B01C7FQMN4,,108.43,https://www.amazon.sg/Karma-Velour-Ladies-Black-Bundle/dp/B01C7FQMN4/ref=sr_1_279?dib=eyJ2IjoiMSJ9.kN4tUFnic386FasXqdAmbv_2KlxCBf4a1JlDH4FMMwl_z_djMBqRk8SXEBE44sdjQD11EvgBbYuLL7a3vugl1-hBUBQRL0hmdNzfNpk-Jx66zswKGwMcMm9Frj0oKQtoUlvRXEUwZAKgIJjKAP04tw_-xQs7eWbBupKH84ooLTY.wK-731d5akHns6BdVeQm0eraCV4rJs9uqqF_1IZ7stg&dib_tag=se&m=A3UEK3VBJ6ADB7&marketplaceID=A19VAU5U5O7RUS&qid=1776495612&refinements=p_36%3A10500-11000&s=merchant-items&sr=1-279&xpid=knzqKJR7kVrIO#customerReviews,Karma Velour Ladies Black 13 Piece Golf Grip Bundle (
B01C7FQMN4,,,,
B01C5CU05K,,106.41,https://www.amazon.sg/OnebyESU-Susie-Stem-31-8mm-120mm/dp/B01C5CU05K/ref=sr_1_280?dib=eyJ2IjoiMSJ9.kN4tUFnic386FasXqdAmbv_2KlxCBf4a1JlDH4FMMwl_z_djMBqRk8SXEBE44sdjQD11EvgBbYuLL7a3vugl1-hBUBQRL0hmdNzfNpk-Jx66zswKGwMcMm9Frj0oKQtoUlvRXEUwZAKgIJjKAP04tw_-xQs7eWbBupKH84ooLTY.wK-731d5akHns6BdVeQm0eraCV4rJs9uqqF_1IZ7stg&dib_tag=se&m=A3UEK3VBJ6ADB7&marketplaceID=A19VAU5U5O7RUS&qid=1776495612&refinements=p_36%3A10500-11000&s=merchant-items&sr=1-280&xpid=knzqKJR7kVrIO,OnebyESU ワンバイエス スージーステム Susie Stem 31.8mm
B01C5CU05K,,,,
B01C5CQDNI,,111.5,https://www.amazon.sg/DIXNA-Jayfit-White-inches-Handle/dp/B01C5CQDNI/ref=sr_1_281?dib=eyJ2IjoiMSJ9.kN4tUFnic386FasXqdAmbv_2KlxCBf4a1JlDH4FMMwl_z_djMBqRk8SXEBE44sdjQD11EvgBbYuLL7a3vugl1-hBUBQRL0hmdNzfNpk-Jx66zswKGwMcMm9Frj0oKQtoUlvRXEUwZAKgIJjKAP04tw_-xQs7eWbBupKH84ooLTY.wK-731d5akHns6BdVeQm0eraCV4rJs9uqqF_1IZ7stg&dib_tag=se&m=A3UEK3VBJ6ADB7&marketplaceID=A19VAU5U5O7RUS&qid=1776495612&refinements=p_36%3A10500-11000&s=merchant-items&sr=1-281&xpid=knzqKJR7kVrIO,"DIXNA Jayfit Ever FZ White (Clear Pearl) 1.2 inches (31.8 mm), Drop Handle, White, 15.0 inches (380 mm), White, 15.0 inches (380 mm)"
B01C5CQDNI,,,,
B01BY1D9K6,,107.75,https://www.amazon.sg/Pearl-PSC-STBCN-Compact-Stick-Bag/dp/B01BY1D9K6/ref=sr_1_282?dib=eyJ2IjoiMSJ9.kN4tUFnic386FasXqdAmbv_2KlxCBf4a1JlDH4FMMwl_z_djMBqRk8SXEBE44sdjQD11EvgBbYuLL7a3vugl1-hBUBQRL0hmdNzfNpk-Jx66zswKGwMcMm9Frj0oKQtoUlvRXEUwZAKgIJjKAP04tw_-xQs7eWbBupKH84ooLTY.wK-731d5akHns6BdVeQm0eraCV4rJs9uqqF_1IZ7stg&dib_tag=se&m=A3UEK3VBJ6ADB7&marketplaceID=A19VAU5U5O7RUS&qid=1776495612&refinements=p_36%3A10500-11000&s=merchant-items&sr=1-282&xpid=knzqKJR7kVrIO#customerReviews,Pearl PSC-STBCN #R Compact Stick Bag #Red
B01BY1D9K6,,,,
B01B13QJBS,,107.58,https://www.amazon.sg/Nousaku-610087-Zodiac-Guinomi-Approx/dp/B01B13QJBS/ref=sr_1_283?dib=eyJ2IjoiMSJ9.kN4tUFnic386FasXqdAmbv_2KlxCBf4a1JlDH4FMMwl_z_djMBqRk8SXEBE44sdjQD11EvgBbYuLL7a3vugl1-hBUBQRL0hmdNzfNpk-Jx66zswKGwMcMm9Frj0oKQtoUlvRXEUwZAKgIJjKAP04tw_-xQs7eWbBupKH84ooLTY.wK-731d5akHns6BdVeQm0eraCV4rJs9uqqF_1IZ7stg&dib_tag=se&m=A3UEK3VBJ6ADB7&marketplaceID=A19VAU5U5O7RUS&qid=1776495612&refinements=p_36%3A10500-11000&s=merchant-items&sr=1-283&xpid=knzqKJR7kVrIO,Nousaku 610087 Zodiac Guinomi - Gold Leaf - Moshin Approx. 2.1 fl oz (60 cc) [Tin]
B01B13QJBS,,,,
B01AW5VD6W,,107.0,https://www.amazon.sg/Daibadi-Production-Polynian-Action-Figure/dp/B01AW5VD6W/ref=sr_1_289?dib=eyJ2IjoiMSJ9.F4KVzhqiFqH929lIh3RnKE3kBD9Wv2KGFG_UH4oJrFN-Yor_LXMuVcTf_aq6QQM3mNfK2_AZDp-PU41afqZ1sQ.NKP4_2z2r2gu3ePkVvmO0OLsnPxKdxll599FvZ2cmSQ&dib_tag=se&m=A3UEK3VBJ6ADB7&marketplaceID=A19VAU5U5O7RUS&qid=1776495617&refinements=p_36%3A10500-11000&s=merchant-items&sr=1-289&xpid=knzqKJR7kVrIO,Daibadi Production Polynian: Mel (F/G) Action Figure
B019DTG8D6,,108.46,https://www.amazon.sg/KINOWA-Wooden-Kiharie-Gleaners-Japan/dp/B019DTG8D6/ref=sr_1_290?dib=eyJ2IjoiMSJ9.F4KVzhqiFqH929lIh3RnKE3kBD9Wv2KGFG_UH4oJrFN-Yor_LXMuVcTf_aq6QQM3mNfK2_AZDp-PU41afqZ1sQ.NKP4_2z2r2gu3ePkVvmO0OLsnPxKdxll599FvZ2cmSQ&dib_tag=se&m=A3UEK3VBJ6ADB7&marketplaceID=A19VAU5U5O7RUS&qid=1776495617&refinements=p_36%3A10500-11000&s=merchant-items&sr=1-290&xpid=knzqKJR7kVrIO#customerReviews,KINOWA Wooden Art Kit Kiharie The Gleaners Made in Japan
B018VPFVPE,,109.09,https://www.amazon.sg/LUMBER-Stainless-Business-Accent-Precious/dp/B018VPFVPE/ref=sr_1_291?dib=eyJ2IjoiMSJ9.F4KVzhqiFqH929lIh3RnKE3kBD9Wv2KGFG_UH4oJrFN-Yor_LXMuVcTf_aq6QQM3mNfK2_AZDp-PU41afqZ1sQ.NKP4_2z2r2gu3ePkVvmO0OLsnPxKdxll599FvZ2cmSQ&dib_tag=se&m=A3UEK3VBJ6ADB7&marketplaceID=A19VAU5U5O7RUS&qid=1776495617&refinements=p_36%3A10500-11000&s=merchant-items&sr=1-291&xpid=knzqKJR7kVrIO#customerReviews,"+LUMBER Card CASE, Stainless Case for Business Cards with an Accent of Precious Wood (Cherry)"
B018VPFVPE,,,,
B0177DRVPE,,106.63,https://www.amazon.sg/Gundam-MS-06S-Custom-Version-Spirits/dp/B0177DRVPE/ref=sr_1_292?dib=eyJ2IjoiMSJ9.F4KVzhqiFqH929lIh3RnKE3kBD9Wv2KGFG_UH4oJrFN-Yor_LXMuVcTf_aq6QQM3mNfK2_AZDp-PU41afqZ1sQ.NKP4_2z2r2gu3ePkVvmO0OLsnPxKdxll599FvZ2cmSQ&dib_tag=se&m=A3UEK3VBJ6ADB7&marketplaceID=A19VAU5U5O7RUS&qid=1776495617&refinements=p_36%3A10500-11000&s=merchant-items&sr=1-292&xpid=knzqKJR7kVrIO#customerReviews,Gundam MS-06S Zaku II Char's Custom Model ANIME Version Robot Spirits Action Figure
B0173EXXZO,,107.78,https://www.amazon.sg/Banpresto-Dragon-Saiyan-Figure-Chozousyu/dp/B0173EXXZO/ref=sr_1_293?dib=eyJ2IjoiMSJ9.F4KVzhqiFqH929lIh3RnKE3kBD9Wv2KGFG_UH4oJrFN-Yor_LXMuVcTf_aq6QQM3mNfK2_AZDp-PU41afqZ1sQ.NKP4_2z2r2gu3ePkVvmO0OLsnPxKdxll599FvZ2cmSQ&dib_tag=se&m=A3UEK3VBJ6ADB7&marketplaceID=A19VAU5U5O7RUS&qid=1776495617&refinements=p_36%3A10500-11000&s=merchant-items&sr=1-293&xpid=knzqKJR7kVrIO#customerReviews,"Banpresto Dragon Ball Z Super Saiyan Son Goku DXF Figure, Chozousyu Volume 5, 5.9"""
B016EI6AXC,,107.23,https://www.amazon.sg/BJdesign-Nendoroid-Haikyu-Hinata-Volleyball/dp/B016EI6AXC/ref=sr_1_289?dib=eyJ2IjoiMSJ9.4b7723f0B4cPOj5Q6uJXzRcjnTViIQypVBsraSJLbdDGOtMhBgUUlxTzpLYLSDuN4VwmB6KO62Gn6rPeRNszhRp-fzW_UdpgYhS0nz7bi1xYPcixlwVlIHbMVNADovSDBthTq7Pj3xnA8-NkBdyI5KK9-wndiWL_AENCMclCqYU.4gsQV-o3jL8QNd1TX7-95Qs203YwomccEUQQD9bhKKk&dib_tag=se&m=A3UEK3VBJ6ADB7&marketplaceID=A19VAU5U5O7RUS&qid=1776495617&refinements=p_36%3A10500-11000&s=merchant-items&sr=1-289&xpid=knzqKJR7kVrIO#customerReviews,"""BJdesign ""Nendoroid Haikyu!! - Shoyo Hinata High School Volleyball Club'S Jersey Ver. #528"
B015YYSMD8,,107.3,https://www.amazon.sg/G-Force-G0189-Light-AXIS-Black/dp/B015YYSMD8/ref=sr_1_290?dib=eyJ2IjoiMSJ9.4b7723f0B4cPOj5Q6uJXzRcjnTViIQypVBsraSJLbdDGOtMhBgUUlxTzpLYLSDuN4VwmB6KO62Gn6rPeRNszhRp-fzW_UdpgYhS0nz7bi1xYPcixlwVlIHbMVNADovSDBthTq7Pj3xnA8-NkBdyI5KK9-wndiWL_AENCMclCqYU.4gsQV-o3jL8QNd1TX7-95Qs203YwomccEUQQD9bhKKk&dib_tag=se&m=A3UEK3VBJ6ADB7&marketplaceID=A19VAU5U5O7RUS&qid=1776495617&refinements=p_36%3A10500-11000&s=merchant-items&sr=1-290&xpid=knzqKJR7kVrIO,G-Force G0189 Pit Light AXIS (Black)
B015YYSMD8,,,,
B011QUEDN2,,107.31,https://www.amazon.sg/BRIGHTZ-Delica-plated-Deshayes-Fuaibu/dp/B011QUEDN2/ref=sr_1_291?dib=eyJ2IjoiMSJ9.4b7723f0B4cPOj5Q6uJXzRcjnTViIQypVBsraSJLbdDGOtMhBgUUlxTzpLYLSDuN4VwmB6KO62Gn6rPeRNszhRp-fzW_UdpgYhS0nz7bi1xYPcixlwVlIHbMVNADovSDBthTq7Pj3xnA8-NkBdyI5KK9-wndiWL_AENCMclCqYU.4gsQV-o3jL8QNd1TX7-95Qs203YwomccEUQQD9bhKKk&dib_tag=se&m=A3UEK3VBJ6ADB7&marketplaceID=A19VAU5U5O7RUS&qid=1776495617&refinements=p_36%3A10500-11000&s=merchant-items&sr=1-291&xpid=knzqKJR7kVrIO#customerReviews,BRIGHTZ Delica D: 5 CV1W CV2W CV4W CV5W plated fog light cover CV CV1 CV2 CV4 CV5 V1 V2 V4 V5 1 2 4 5 Delica D: 5 Delica D5 D5 D 5 di De Day Dee Dee De Day Dean Deshayes Five Fuaibu Five Fuaivu 16494
B011QUEDN2,,,,
B011K5ZNLO,,107.2,https://www.amazon.sg/Kotobukiya-Dungeon-Hestia-Cu-Poche-Figure/dp/B011K5ZNLO/ref=sr_1_292?dib=eyJ2IjoiMSJ9.4b7723f0B4cPOj5Q6uJXzRcjnTViIQypVBsraSJLbdDGOtMhBgUUlxTzpLYLSDuN4VwmB6KO62Gn6rPeRNszhRp-fzW_UdpgYhS0nz7bi1xYPcixlwVlIHbMVNADovSDBthTq7Pj3xnA8-NkBdyI5KK9-wndiWL_AENCMclCqYU.4gsQV-o3jL8QNd1TX7-95Qs203YwomccEUQQD9bhKKk&dib_tag=se&m=A3UEK3VBJ6ADB7&marketplaceID=A19VAU5U5O7RUS&qid=1776495617&refinements=p_36%3A10500-11000&s=merchant-items&sr=1-292&xpid=knzqKJR7kVrIO#customerReviews,Kotobukiya Is It Wrong To Try To Pick Up Girls In A Dungeon Hestia Cu-Poche Figure
B010KZZ626,,106.67,https://www.amazon.sg/Anest-Iwata-MP9148-Pressure-Reducer/dp/B010KZZ626/ref=sr_1_293?dib=eyJ2IjoiMSJ9.4b7723f0B4cPOj5Q6uJXzRcjnTViIQypVBsraSJLbdDGOtMhBgUUlxTzpLYLSDuN4VwmB6KO62Gn6rPeRNszhRp-fzW_UdpgYhS0nz7bi1xYPcixlwVlIHbMVNADovSDBthTq7Pj3xnA8-NkBdyI5KK9-wndiWL_AENCMclCqYU.4gsQV-o3jL8QNd1TX7-95Qs203YwomccEUQQD9bhKKk&dib_tag=se&m=A3UEK3VBJ6ADB7&marketplaceID=A19VAU5U5O7RUS&qid=1776495617&refinements=p_36%3A10500-11000&s=merchant-items&sr=1-293&xpid=knzqKJR7kVrIO#customerReviews,Anest Iwata MP9148 Pressure Reducer Valve
B010KZZ626,,,,
B00YS829RW,,118.13,https://www.amazon.sg/Ntn-Needle-roller-bearings-rna6913r/dp/B00YS829RW/ref=sr_1_294?dib=eyJ2IjoiMSJ9.4b7723f0B4cPOj5Q6uJXzRcjnTViIQypVBsraSJLbdDGOtMhBgUUlxTzpLYLSDuN4VwmB6KO62Gn6rPeRNszhRp-fzW_UdpgYhS0nz7bi1xYPcixlwVlIHbMVNADovSDBthTq7Pj3xnA8-NkBdyI5KK9-wndiWL_AENCMclCqYU.4gsQV-o3jL8QNd1TX7-95Qs203YwomccEUQQD9bhKKk&dib_tag=se&m=A3UEK3VBJ6ADB7&marketplaceID=A19VAU5U5O7RUS&qid=1776495617&refinements=p_36%3A10500-11000&s=merchant-items&sr=1-294&xpid=knzqKJR7kVrIO,Ntn - Needle roller bearings rna6913r
B00YS829RW,,,,
B00YS7H95A,,122.18,https://www.amazon.sg/NTN-NK9526R-Ntn-Needle-bearings/dp/B00YS7H95A/ref=sr_1_295?dib=eyJ2IjoiMSJ9.4b7723f0B4cPOj5Q6uJXzRcjnTViIQypVBsraSJLbdDGOtMhBgUUlxTzpLYLSDuN4VwmB6KO62Gn6rPeRNszhRp-fzW_UdpgYhS0nz7bi1xYPcixlwVlIHbMVNADovSDBthTq7Pj3xnA8-NkBdyI5KK9-wndiWL_AENCMclCqYU.4gsQV-o3jL8QNd1TX7-95Qs203YwomccEUQQD9bhKKk&dib_tag=se&m=A3UEK3VBJ6ADB7&marketplaceID=A19VAU5U5O7RUS&qid=1776495617&refinements=p_36%3A10500-11000&s=merchant-items&sr=1-295&xpid=knzqKJR7kVrIO,Ntn - Needle roller bearings
B00YS7H95A,,,,
B00WJBP8NC,,109.9,https://www.amazon.sg/Phat-Idolmaster-Makoto-Kikuchi-Figure/dp/B00WJBP8NC/ref=sr_1_296?dib=eyJ2IjoiMSJ9.4b7723f0B4cPOj5Q6uJXzRcjnTViIQypVBsraSJLbdDGOtMhBgUUlxTzpLYLSDuN4VwmB6KO62Gn6rPeRNszhRp-fzW_UdpgYhS0nz7bi1xYPcixlwVlIHbMVNADovSDBthTq7Pj3xnA8-NkBdyI5KK9-wndiWL_AENCMclCqYU.4gsQV-o3jL8QNd1TX7-95Qs203YwomccEUQQD9bhKKk&dib_tag=se&m=A3UEK3VBJ6ADB7&marketplaceID=A19VAU5U5O7RUS&qid=1776495617&refinements=p_36%3A10500-11000&s=merchant-items&sr=1-296&xpid=knzqKJR7kVrIO,"Phat! ""Phat Idolmaster: Makoto Kikuchi Pvc Figure"
B00VL2ZIWG,,105.93,https://www.amazon.sg/Erizze-ELLISSE-forging-chrome-plated-MK-280C/dp/B00VL2ZIWG/ref=sr_1_297?dib=eyJ2IjoiMSJ9.4b7723f0B4cPOj5Q6uJXzRcjnTViIQypVBsraSJLbdDGOtMhBgUUlxTzpLYLSDuN4VwmB6KO62Gn6rPeRNszhRp-fzW_UdpgYhS0nz7bi1xYPcixlwVlIHbMVNADovSDBthTq7Pj3xnA8-NkBdyI5KK9-wndiWL_AENCMclCqYU.4gsQV-o3jL8QNd1TX7-95Qs203YwomccEUQQD9bhKKk&dib_tag=se&m=A3UEK3VBJ6ADB7&marketplaceID=A19VAU5U5O7RUS&qid=1776495617&refinements=p_36%3A10500-11000&s=merchant-items&sr=1-297&xpid=knzqKJR7kVrIO,Erizze (ELLISSE) This forging pegs Eri' zero stake 28cm chrome-plated 8 set MK-280C MADE IN JAPAN
B00VL2ZIWG,,,,
B00UWB4M6K,,105.19,https://www.amazon.sg/DIXNA-Stick-Titanium-Quick-Release/dp/B00UWB4M6K/ref=sr_1_298?dib=eyJ2IjoiMSJ9.4b7723f0B4cPOj5Q6uJXzRcjnTViIQypVBsraSJLbdDGOtMhBgUUlxTzpLYLSDuN4VwmB6KO62Gn6rPeRNszhRp-fzW_UdpgYhS0nz7bi1xYPcixlwVlIHbMVNADovSDBthTq7Pj3xnA8-NkBdyI5KK9-wndiWL_AENCMclCqYU.4gsQV-o3jL8QNd1TX7-95Qs203YwomccEUQQD9bhKKk&dib_tag=se&m=A3UEK3VBJ6ADB7&marketplaceID=A19VAU5U5O7RUS&qid=1776495617&refinements=p_36%3A10500-11000&s=merchant-items&sr=1-298&xpid=knzqKJR7kVrIO,"DIXNA Stick Titanium Hub Quick Release Front and Rear Set, Red"
B00UWB4M6K,,,,
B00UN7DOQC,,123.0,https://www.amazon.sg/Banpresto-Dragon-8-7-Inch-SCulture-Budoukai/dp/B00UN7DOQC/ref=sr_1_299?dib=eyJ2IjoiMSJ9.4b7723f0B4cPOj5Q6uJXzRcjnTViIQypVBsraSJLbdDGOtMhBgUUlxTzpLYLSDuN4VwmB6KO62Gn6rPeRNszhRp-fzW_UdpgYhS0nz7bi1xYPcixlwVlIHbMVNADovSDBthTq7Pj3xnA8-NkBdyI5KK9-wndiWL_AENCMclCqYU.4gsQV-o3jL8QNd1TX7-95Qs203YwomccEUQQD9bhKKk&dib_tag=se&m=A3UEK3VBJ6ADB7&marketplaceID=A19VAU5U5O7RUS&qid=1776495617&refinements=p_36%3A10500-11000&s=merchant-items&sr=1-299&xpid=knzqKJR7kVrIO#customerReviews,"Banpresto Dragon Ball Z 8.7-Inch Goku Figure, SCulture Big Budoukai 5 Volume 1"
B00RT8NLXY,,106.47,https://www.amazon.sg/Furyu-Kaleid-Liner-Prisma-Illya/dp/B00RT8NLXY/ref=sr_1_305?dib=eyJ2IjoiMSJ9.jsr6l4al1aMbsKuZd6l9uAAlBPYKoV7AdI6NFqQzUmc.zLEZU8WfbdzjEyKlySB3aw6vwuZ1CVEC24GBpAjbxLA&dib_tag=se&m=A3UEK3VBJ6ADB7&marketplaceID=A19VAU5U5O7RUS&qid=1776495622&refinements=p_36%3A10500-11000&s=merchant-items&sr=1-305&xpid=knzqKJR7kVrIO,"Furyu 8"" Fate/Kaleid Liner Prisma Illya 2Wei!: Kaleid Figure Miyu Edelfelt"
B00OHW3ZMM,,122.81,https://www.amazon.sg/HiKOKI-Formerly-Hitachi-0033-6459-SDSmax/dp/B00OHW3ZMM/ref=sr_1_306?dib=eyJ2IjoiMSJ9.jsr6l4al1aMbsKuZd6l9uAAlBPYKoV7AdI6NFqQzUmc.zLEZU8WfbdzjEyKlySB3aw6vwuZ1CVEC24GBpAjbxLA&dib_tag=se&m=A3UEK3VBJ6ADB7&marketplaceID=A19VAU5U5O7RUS&qid=1776495622&refinements=p_36%3A10500-11000&s=merchant-items&sr=1-306&xpid=knzqKJR7kVrIO,HiKOKI (Formerly Hitachi Koki) 0033-6459 Drill Bit (SDSmax Shank) 19 x 520
B00OHW3ZMM,,,,
