ASIN,Brand,Price,URL,Title
B07Q1CB6DL,Audio CD,215.63,https://www.amazon.sg/%E3%83%96%E3%83%AB%E3%83%83%E3%82%AF%E3%83%8A%E3%83%BC-%E4%BA%A4%E9%9F%BF%E6%9B%B2-%E7%AC%AC1%E7%95%AA-%E7%AC%AC9%E7%95%AA-%E3%83%90%E3%82%A4%E3%82%A8%E3%83%AB%E3%83%B3%E6%94%BE%E9%80%81%E4%BA%A4%E9%9F%BF%E6%A5%BD%E5%9B%A3/dp/B07Q1CB6DL/ref=sr_1_1?dib=eyJ2IjoiMSJ9.g46yt_5P6EB1lNjpPiOwq3qKMYqIXK0PsKnhzvcmlFgDzTXSV1aWtu3wGSJKl5p9G7kP6JqXRF_oGeeTo7ic3qW6MK9RJdfiLh6H4acOzoNl9si4ujbLwkOJGqTjCXZrE_Y3yAaMBjDkMJ7O-cui384qfZLA4OdKwA2i2yHLnCjsW0ez-kuUvafQpdlC4rXaPaTPAAKlhSy52vkpVvW7aqM6MBijUiGS20xIhhBtc8k.rtboqZRJ2SZRaJMBjb6nvZ9Bsuf7tD6y6_Mnj0okUL4&dib_tag=se&m=A31NFQQ4065CWX&marketplaceID=A19VAU5U5O7RUS&qid=1773379225&refinements=p_36%3A21500-22000&s=merchant-items&sr=1-1#customerReviews,ブルックナー:交響曲 第1番-第9番
B00KHNVFLS,DVD-ROM,215.78,https://www.amazon.sg/NAS-RESCUE-TeraStation-LinkStation-exclusive-rescue/dp/B00KHNVFLS/ref=sr_1_2?dib=eyJ2IjoiMSJ9.g46yt_5P6EB1lNjpPiOwq3qKMYqIXK0PsKnhzvcmlFgDzTXSV1aWtu3wGSJKl5p9G7kP6JqXRF_oGeeTo7ic3qW6MK9RJdfiLh6H4acOzoNl9si4ujbLwkOJGqTjCXZrE_Y3yAaMBjDkMJ7O-cui384qfZLA4OdKwA2i2yHLnCjsW0ez-kuUvafQpdlC4rXaPaTPAAKlhSy52vkpVvW7aqM6MBijUiGS20xIhhBtc8k.rtboqZRJ2SZRaJMBjb6nvZ9Bsuf7tD6y6_Mnj0okUL4&dib_tag=se&m=A31NFQQ4065CWX&marketplaceID=A19VAU5U5O7RUS&qid=1773379225&refinements=p_36%3A21500-22000&s=merchant-items&sr=1-2#customerReviews,"[NAS-RESCUE] For TeraStation,LinkStation exclusive use rescue tool for data 4-HDD Japan Import"
B00KHNVFLS,,,,
B0BNQSND8G,Audio CD,215.23,https://www.amazon.sg/%E3%83%A2%E3%82%B9%E3%83%A9%E4%B8%89%E9%83%A8%E4%BD%9C-%E3%82%AA%E3%83%AA%E3%82%B8%E3%83%8A%E3%83%AB%E3%83%BB%E3%82%B5%E3%82%A6%E3%83%B3%E3%83%89%E3%83%88%E3%83%A9%E3%83%83%E3%82%AF-%E6%B8%A1%E8%BE%BA-%E4%BF%8A%E5%B9%B8/dp/B0BNQSND8G/ref=sr_1_3?dib=eyJ2IjoiMSJ9.g46yt_5P6EB1lNjpPiOwq3qKMYqIXK0PsKnhzvcmlFgDzTXSV1aWtu3wGSJKl5p9G7kP6JqXRF_oGeeTo7ic3qW6MK9RJdfiLh6H4acOzoNl9si4ujbLwkOJGqTjCXZrE_Y3yAaMBjDkMJ7O-cui384qfZLA4OdKwA2i2yHLnCjsW0ez-kuUvafQpdlC4rXaPaTPAAKlhSy52vkpVvW7aqM6MBijUiGS20xIhhBtc8k.rtboqZRJ2SZRaJMBjb6nvZ9Bsuf7tD6y6_Mnj0okUL4&dib_tag=se&m=A31NFQQ4065CWX&marketplaceID=A19VAU5U5O7RUS&qid=1773379225&refinements=p_36%3A21500-22000&s=merchant-items&sr=1-3#customerReviews,モスラ三部作 オリジナル・サウンドトラック
4908624038,Tankobon Hardcover,217.75,https://www.amazon.sg/%E5%A3%81%E3%81%AE%E4%B8%AD%E3%80%90%E6%96%B0%E8%A3%85%E6%84%9B%E8%94%B5%E7%89%88%E3%80%91-%E5%BE%8C%E8%97%A4-%E6%98%8E%E7%94%9F/dp/4908624038/ref=sr_1_4?dib=eyJ2IjoiMSJ9.g46yt_5P6EB1lNjpPiOwq3qKMYqIXK0PsKnhzvcmlFgDzTXSV1aWtu3wGSJKl5p9G7kP6JqXRF_oGeeTo7ic3qW6MK9RJdfiLh6H4acOzoNl9si4ujbLwkOJGqTjCXZrE_Y3yAaMBjDkMJ7O-cui384qfZLA4OdKwA2i2yHLnCjsW0ez-kuUvafQpdlC4rXaPaTPAAKlhSy52vkpVvW7aqM6MBijUiGS20xIhhBtc8k.rtboqZRJ2SZRaJMBjb6nvZ9Bsuf7tD6y6_Mnj0okUL4&dib_tag=se&m=A31NFQQ4065CWX&marketplaceID=A19VAU5U5O7RUS&qid=1773379225&refinements=p_36%3A21500-22000&s=merchant-items&sr=1-4#customerReviews,壁の中【新装愛蔵版】
4908624038,,,,
4874155774,Tankobon Hardcover,,https://www.amazon.sg/%E8%88%B3%E8%89%AB%E5%8D%83%E9%87%8C_%E8%92%B2%E6%B1%9F%E6%B5%A6%E5%BE%A1%E6%89%8B%E6%B4%97%E5%AE%B6%E3%81%AE%E6%AD%A9%E3%81%BF/dp/4874155774/ref=sr_1_5?dib=eyJ2IjoiMSJ9.g46yt_5P6EB1lNjpPiOwq3qKMYqIXK0PsKnhzvcmlFgDzTXSV1aWtu3wGSJKl5p9G7kP6JqXRF_oGeeTo7ic3qW6MK9RJdfiLh6H4acOzoNl9si4ujbLwkOJGqTjCXZrE_Y3yAaMBjDkMJ7O-cui384qfZLA4OdKwA2i2yHLnCjsW0ez-kuUvafQpdlC4rXaPaTPAAKlhSy52vkpVvW7aqM6MBijUiGS20xIhhBtc8k.rtboqZRJ2SZRaJMBjb6nvZ9Bsuf7tD6y6_Mnj0okUL4&dib_tag=se&m=A31NFQQ4065CWX&marketplaceID=A19VAU5U5O7RUS&qid=1773379225&refinements=p_36%3A21500-22000&s=merchant-items&sr=1-5,舳艫千里―蒲江浦御手洗家の歩み
4830643773,Tankobon Hardcover,217.53,https://www.amazon.sg/%E3%83%91%E3%83%AA%E3%82%B9%E3%83%BB%E3%82%A2%E3%83%97%E3%83%AD%E3%83%BC%E3%83%81-%E5%AE%9F%E8%B7%B5%E7%B7%A8-%E5%BE%92%E6%89%8B%E7%90%86%E5%AD%A6%E7%99%82%E6%B3%95%E3%81%AE%E8%A9%A6%E3%81%BF/dp/4830643773/ref=sr_1_6?dib=eyJ2IjoiMSJ9.g46yt_5P6EB1lNjpPiOwq3qKMYqIXK0PsKnhzvcmlFgDzTXSV1aWtu3wGSJKl5p9G7kP6JqXRF_oGeeTo7ic3qW6MK9RJdfiLh6H4acOzoNl9si4ujbLwkOJGqTjCXZrE_Y3yAaMBjDkMJ7O-cui384qfZLA4OdKwA2i2yHLnCjsW0ez-kuUvafQpdlC4rXaPaTPAAKlhSy52vkpVvW7aqM6MBijUiGS20xIhhBtc8k.rtboqZRJ2SZRaJMBjb6nvZ9Bsuf7tD6y6_Mnj0okUL4&dib_tag=se&m=A31NFQQ4065CWX&marketplaceID=A19VAU5U5O7RUS&qid=1773379225&refinements=p_36%3A21500-22000&s=merchant-items&sr=1-6#customerReviews,パリス・アプローチ 実践編: 徒手理学療法の試み
4830643773,,,,
4779516870,Tankobon Hardcover,217.53,https://www.amazon.sg/%E8%BB%A2%E6%A9%9F%E3%81%AB%E3%81%8A%E3%81%91%E3%82%8B%E3%82%AD%E3%83%A3%E3%83%AA%E3%82%A2%E6%94%AF%E6%8F%B4%E3%81%AE%E3%82%AA%E3%83%BC%E3%83%88%E3%82%A8%E3%82%B9%E3%83%8E%E3%82%B0%E3%83%A9%E3%83%95%E3%82%A3%E3%83%BC-%E5%9C%9F%E5%85%83-%E5%93%B2%E5%B9%B3/dp/4779516870/ref=sr_1_7?dib=eyJ2IjoiMSJ9.g46yt_5P6EB1lNjpPiOwq3qKMYqIXK0PsKnhzvcmlFgDzTXSV1aWtu3wGSJKl5p9G7kP6JqXRF_oGeeTo7ic3qW6MK9RJdfiLh6H4acOzoNl9si4ujbLwkOJGqTjCXZrE_Y3yAaMBjDkMJ7O-cui384qfZLA4OdKwA2i2yHLnCjsW0ez-kuUvafQpdlC4rXaPaTPAAKlhSy52vkpVvW7aqM6MBijUiGS20xIhhBtc8k.rtboqZRJ2SZRaJMBjb6nvZ9Bsuf7tD6y6_Mnj0okUL4&dib_tag=se&m=A31NFQQ4065CWX&marketplaceID=A19VAU5U5O7RUS&qid=1773379225&refinements=p_36%3A21500-22000&s=merchant-items&sr=1-7#customerReviews,転機におけるキャリア支援のオートエスノグラフィー
4779516870,,,,
4758300941,Tankobon Hardcover,217.53,https://www.amazon.sg/%E7%97%87%E4%BE%8B%E3%82%92%E8%A8%BA%E3%81%A6%E5%95%8F%E9%A1%8C%E3%82%92%E8%A7%A3%E3%81%84%E3%81%A6%E5%AD%A6%E3%81%B6-%E8%87%AA%E6%B2%BB%E5%8C%BB%E7%A7%91%E5%A4%A7%E5%AD%A6%E5%86%85%E7%A7%91%E7%A0%94%E4%BF%AE%E3%83%88%E3%83%AC%E3%83%BC%E3%83%8B%E3%83%B3%E3%82%B0/dp/4758300941/ref=sr_1_8?dib=eyJ2IjoiMSJ9.g46yt_5P6EB1lNjpPiOwq3qKMYqIXK0PsKnhzvcmlFgDzTXSV1aWtu3wGSJKl5p9G7kP6JqXRF_oGeeTo7ic3qW6MK9RJdfiLh6H4acOzoNl9si4ujbLwkOJGqTjCXZrE_Y3yAaMBjDkMJ7O-cui384qfZLA4OdKwA2i2yHLnCjsW0ez-kuUvafQpdlC4rXaPaTPAAKlhSy52vkpVvW7aqM6MBijUiGS20xIhhBtc8k.rtboqZRJ2SZRaJMBjb6nvZ9Bsuf7tD6y6_Mnj0okUL4&dib_tag=se&m=A31NFQQ4065CWX&marketplaceID=A19VAU5U5O7RUS&qid=1773379225&refinements=p_36%3A21500-22000&s=merchant-items&sr=1-8#customerReviews,症例を診て問題を解いて学ぶ 自治医科大学内科研修トレーニング
4758300941,,,,
4642046453,Tankobon Hardcover,218.03,https://www.amazon.sg/%E5%8F%B2%E6%96%99%E3%83%BB%E5%8F%B2%E8%B7%A1%E3%81%A8%E5%8F%A4%E4%BB%A3%E7%A4%BE%E4%BC%9A/dp/4642046453/ref=sr_1_9?dib=eyJ2IjoiMSJ9.g46yt_5P6EB1lNjpPiOwq3qKMYqIXK0PsKnhzvcmlFgDzTXSV1aWtu3wGSJKl5p9G7kP6JqXRF_oGeeTo7ic3qW6MK9RJdfiLh6H4acOzoNl9si4ujbLwkOJGqTjCXZrE_Y3yAaMBjDkMJ7O-cui384qfZLA4OdKwA2i2yHLnCjsW0ez-kuUvafQpdlC4rXaPaTPAAKlhSy52vkpVvW7aqM6MBijUiGS20xIhhBtc8k.rtboqZRJ2SZRaJMBjb6nvZ9Bsuf7tD6y6_Mnj0okUL4&dib_tag=se&m=A31NFQQ4065CWX&marketplaceID=A19VAU5U5O7RUS&qid=1773379225&refinements=p_36%3A21500-22000&s=merchant-items&sr=1-9#customerReviews,史料・史跡と古代社会
4642046453,,,,
4642038221,Tankobon Hardcover,215.9,https://www.amazon.sg/%E5%92%8C%E8%A6%AA%E6%9D%A1%E7%B4%84%E3%81%A8%E6%97%A5%E8%98%AD%E9%96%A2%E4%BF%82-%E8%A5%BF%E6%BE%A4-%E7%BE%8E%E7%A9%82%E5%AD%90/dp/4642038221/ref=sr_1_10?dib=eyJ2IjoiMSJ9.g46yt_5P6EB1lNjpPiOwq3qKMYqIXK0PsKnhzvcmlFgDzTXSV1aWtu3wGSJKl5p9G7kP6JqXRF_oGeeTo7ic3qW6MK9RJdfiLh6H4acOzoNl9si4ujbLwkOJGqTjCXZrE_Y3yAaMBjDkMJ7O-cui384qfZLA4OdKwA2i2yHLnCjsW0ez-kuUvafQpdlC4rXaPaTPAAKlhSy52vkpVvW7aqM6MBijUiGS20xIhhBtc8k.rtboqZRJ2SZRaJMBjb6nvZ9Bsuf7tD6y6_Mnj0okUL4&dib_tag=se&m=A31NFQQ4065CWX&marketplaceID=A19VAU5U5O7RUS&qid=1773379225&refinements=p_36%3A21500-22000&s=merchant-items&sr=1-10,和親条約と日蘭関係
4642038221,,,,
4642023933,Tankobon Hardcover,215.36,https://www.amazon.sg/%E6%97%A5%E6%9C%AC%E5%BE%8B%E4%BB%A4%E5%88%B6%E3%81%AE%E5%B1%95%E9%96%8B/dp/4642023933/ref=sr_1_11?dib=eyJ2IjoiMSJ9.g46yt_5P6EB1lNjpPiOwq3qKMYqIXK0PsKnhzvcmlFgDzTXSV1aWtu3wGSJKl5p9G7kP6JqXRF_oGeeTo7ic3qW6MK9RJdfiLh6H4acOzoNl9si4ujbLwkOJGqTjCXZrE_Y3yAaMBjDkMJ7O-cui384qfZLA4OdKwA2i2yHLnCjsW0ez-kuUvafQpdlC4rXaPaTPAAKlhSy52vkpVvW7aqM6MBijUiGS20xIhhBtc8k.rtboqZRJ2SZRaJMBjb6nvZ9Bsuf7tD6y6_Mnj0okUL4&dib_tag=se&m=A31NFQQ4065CWX&marketplaceID=A19VAU5U5O7RUS&qid=1773379225&refinements=p_36%3A21500-22000&s=merchant-items&sr=1-11,日本律令制の展開
4642023933,,,,
4625570190,Tankobon Hardcover,217.61,https://www.amazon.sg/%E6%96%B0%E9%87%88%E6%BC%A2%E6%96%87%E5%A4%A7%E7%B3%BB%E3%80%8819%E3%80%89%E5%94%90%E8%A9%A9%E9%81%B8-%E7%9B%AE%E5%8A%A0%E7%94%B0-%E8%AA%A0/dp/4625570190/ref=sr_1_12?dib=eyJ2IjoiMSJ9.g46yt_5P6EB1lNjpPiOwq3qKMYqIXK0PsKnhzvcmlFgDzTXSV1aWtu3wGSJKl5p9G7kP6JqXRF_oGeeTo7ic3qW6MK9RJdfiLh6H4acOzoNl9si4ujbLwkOJGqTjCXZrE_Y3yAaMBjDkMJ7O-cui384qfZLA4OdKwA2i2yHLnCjsW0ez-kuUvafQpdlC4rXaPaTPAAKlhSy52vkpVvW7aqM6MBijUiGS20xIhhBtc8k.rtboqZRJ2SZRaJMBjb6nvZ9Bsuf7tD6y6_Mnj0okUL4&dib_tag=se&m=A31NFQQ4065CWX&marketplaceID=A19VAU5U5O7RUS&qid=1773379225&refinements=p_36%3A21500-22000&s=merchant-items&sr=1-12#customerReviews,新釈漢文大系〈19〉唐詩選
4625570190,,,,
4591155536,JP Oversized,218.72,https://www.amazon.sg/%E3%83%93%E3%82%B8%E3%83%A5%E3%82%A2%E3%83%AB-%E9%80%B2%E5%8C%96%E3%81%AE%E8%A8%98%E9%8C%B2-%E3%83%80%E3%83%BC%E3%82%A6%E3%82%A3%E3%83%B3%E3%81%9F%E3%81%A1%E3%81%AE%E8%A6%8B%E3%81%9F%E4%B8%96%E7%95%8C-%E4%B8%80%E8%88%AC%E6%9B%B8-148/dp/4591155536/ref=sr_1_13?dib=eyJ2IjoiMSJ9.g46yt_5P6EB1lNjpPiOwq3qKMYqIXK0PsKnhzvcmlFgDzTXSV1aWtu3wGSJKl5p9G7kP6JqXRF_oGeeTo7ic3qW6MK9RJdfiLh6H4acOzoNl9si4ujbLwkOJGqTjCXZrE_Y3yAaMBjDkMJ7O-cui384qfZLA4OdKwA2i2yHLnCjsW0ez-kuUvafQpdlC4rXaPaTPAAKlhSy52vkpVvW7aqM6MBijUiGS20xIhhBtc8k.rtboqZRJ2SZRaJMBjb6nvZ9Bsuf7tD6y6_Mnj0okUL4&dib_tag=se&m=A31NFQQ4065CWX&marketplaceID=A19VAU5U5O7RUS&qid=1773379225&refinements=p_36%3A21500-22000&s=merchant-items&sr=1-13#customerReviews,ビジュアル 進化の記録: ダーウィンたちの見た世界 (一般書): 148
4591155536,,,,
458240345X,Tankobon Hardcover,217.53,https://www.amazon.sg/%E7%99%BD%E5%B7%9D%E9%9D%99%E8%91%97%E4%BD%9C%E9%9B%86%E3%80%88%E7%AC%AC5%E5%B7%BB%E3%80%89%E9%87%91%E6%96%87%E3%81%A8%E7%B5%8C%E5%85%B8/dp/458240345X/ref=sr_1_14?dib=eyJ2IjoiMSJ9.g46yt_5P6EB1lNjpPiOwq3qKMYqIXK0PsKnhzvcmlFgDzTXSV1aWtu3wGSJKl5p9G7kP6JqXRF_oGeeTo7ic3qW6MK9RJdfiLh6H4acOzoNl9si4ujbLwkOJGqTjCXZrE_Y3yAaMBjDkMJ7O-cui384qfZLA4OdKwA2i2yHLnCjsW0ez-kuUvafQpdlC4rXaPaTPAAKlhSy52vkpVvW7aqM6MBijUiGS20xIhhBtc8k.rtboqZRJ2SZRaJMBjb6nvZ9Bsuf7tD6y6_Mnj0okUL4&dib_tag=se&m=A31NFQQ4065CWX&marketplaceID=A19VAU5U5O7RUS&qid=1773379225&refinements=p_36%3A21500-22000&s=merchant-items&sr=1-14#customerReviews,白川静著作集〈第5巻〉金文と経典
458240345X,,,,
4474065271,Tankobon Hardcover,219.55,https://www.amazon.sg/IFRS%E5%9B%BD%E9%9A%9B%E9%87%91%E8%9E%8D%E3%83%BB%E4%BF%9D%E9%99%BA%E4%BC%9A%E8%A8%88%E3%81%AE%E5%AE%9F%E5%8B%99-International-GAAP2019-%E3%82%A2%E3%83%BC%E3%83%B3%E3%82%B9%E3%83%88%E3%83%BB%E3%82%A2%E3%83%B3%E3%83%89%E3%83%BB%E3%83%A4%E3%83%B3%E3%82%B0LLP/dp/4474065271/ref=sr_1_15?dib=eyJ2IjoiMSJ9.g46yt_5P6EB1lNjpPiOwq3qKMYqIXK0PsKnhzvcmlFgDzTXSV1aWtu3wGSJKl5p9G7kP6JqXRF_oGeeTo7ic3qW6MK9RJdfiLh6H4acOzoNl9si4ujbLwkOJGqTjCXZrE_Y3yAaMBjDkMJ7O-cui384qfZLA4OdKwA2i2yHLnCjsW0ez-kuUvafQpdlC4rXaPaTPAAKlhSy52vkpVvW7aqM6MBijUiGS20xIhhBtc8k.rtboqZRJ2SZRaJMBjb6nvZ9Bsuf7tD6y6_Mnj0okUL4&dib_tag=se&m=A31NFQQ4065CWX&marketplaceID=A19VAU5U5O7RUS&qid=1773379225&refinements=p_36%3A21500-22000&s=merchant-items&sr=1-15#customerReviews,IFRS国際金融・保険会計の実務 International GAAP2019
4474065271,,,,
440913017X,Tankobon Hardcover,217.53,https://www.amazon.sg/%E6%81%8B%E3%81%99%E3%82%8B%E8%99%9C_%E3%83%91%E3%83%AC%E3%82%B9%E3%83%81%E3%83%8A%E3%81%B8%E3%81%AE%E6%97%85/dp/440913017X/ref=sr_1_16?dib=eyJ2IjoiMSJ9.g46yt_5P6EB1lNjpPiOwq3qKMYqIXK0PsKnhzvcmlFgDzTXSV1aWtu3wGSJKl5p9G7kP6JqXRF_oGeeTo7ic3qW6MK9RJdfiLh6H4acOzoNl9si4ujbLwkOJGqTjCXZrE_Y3yAaMBjDkMJ7O-cui384qfZLA4OdKwA2i2yHLnCjsW0ez-kuUvafQpdlC4rXaPaTPAAKlhSy52vkpVvW7aqM6MBijUiGS20xIhhBtc8k.rtboqZRJ2SZRaJMBjb6nvZ9Bsuf7tD6y6_Mnj0okUL4&dib_tag=se&m=A31NFQQ4065CWX&marketplaceID=A19VAU5U5O7RUS&qid=1773379225&refinements=p_36%3A21500-22000&s=merchant-items&sr=1-16#customerReviews,恋する虜―パレスチナへの旅
440913017X,,,,
4307050533,Tankobon Hardcover,236.9,https://www.amazon.sg/%E8%87%A8%E5%BA%8A%E6%A4%9C%E6%9F%BB%E6%B3%95%E6%8F%90%E8%A6%81-%E6%94%B9%E8%A8%82%E7%AC%AC35%E7%89%88/dp/4307050533/ref=sr_1_17?dib=eyJ2IjoiMSJ9.lSba6TdUMSoOkeDllpW4WdIejLaRtyPdcY38D8xuwz-JH0eAW9470qNysV356_ADgaAQOuNSMG6gh6C_2-r50O1OGFS3PBwSmkDIihPkNa_iHWbO65PZGhtslvovXHhwHgjRm1XidDAkSYBw18Sm7FH7OlBG2ZywP8g3x5vjHkRslotz9_tWakvZSMM4IbWU1I2SwoE0rs7beMU00ari_-dboADL_PHWUZxUT_znarQ._s4gwGKZwAsaa_KiAqB95mnWlCzteYssY8khmGhZfJw&dib_tag=se&m=A31NFQQ4065CWX&marketplaceID=A19VAU5U5O7RUS&qid=1773379232&refinements=p_36%3A21500-22000&s=merchant-items&sr=1-17&xpid=Ov-oxQKc0VtF1#customerReviews,臨床検査法提要 改訂第35版
4307050533,,,,
4254122276,Tankobon Softcover,215.52,https://www.amazon.sg/R%E3%81%A7%E5%AD%A6%E3%81%B6-%E3%83%87%E3%83%BC%E3%82%BF%E3%82%B5%E3%82%A4%E3%82%A8%E3%83%B3%E3%82%B9/dp/4254122276/ref=sr_1_18?dib=eyJ2IjoiMSJ9.lSba6TdUMSoOkeDllpW4WdIejLaRtyPdcY38D8xuwz-JH0eAW9470qNysV356_ADgaAQOuNSMG6gh6C_2-r50O1OGFS3PBwSmkDIihPkNa_iHWbO65PZGhtslvovXHhwHgjRm1XidDAkSYBw18Sm7FH7OlBG2ZywP8g3x5vjHkRslotz9_tWakvZSMM4IbWU1I2SwoE0rs7beMU00ari_-dboADL_PHWUZxUT_znarQ._s4gwGKZwAsaa_KiAqB95mnWlCzteYssY8khmGhZfJw&dib_tag=se&m=A31NFQQ4065CWX&marketplaceID=A19VAU5U5O7RUS&qid=1773379232&refinements=p_36%3A21500-22000&s=merchant-items&sr=1-18&xpid=Ov-oxQKc0VtF1,Rで学ぶ データサイエンス
4254122276,,,,
4086189380,Paperback Bunko,224.06,https://www.amazon.sg/%E4%B9%94%E4%B9%94%E7%9A%84%E5%A5%87%E5%A6%99%E5%86%92%E9%99%A9-STEEL-part7-%E5%85%A816%E5%8D%B7%E5%AE%8C%E7%BB%93-JOJO%E7%9A%84%E5%A5%87%E5%A6%99%E5%86%92%E9%99%A9/dp/4086189380/ref=sr_1_19?dib=eyJ2IjoiMSJ9.lSba6TdUMSoOkeDllpW4WdIejLaRtyPdcY38D8xuwz-JH0eAW9470qNysV356_ADgaAQOuNSMG6gh6C_2-r50O1OGFS3PBwSmkDIihPkNa_iHWbO65PZGhtslvovXHhwHgjRm1XidDAkSYBw18Sm7FH7OlBG2ZywP8g3x5vjHkRslotz9_tWakvZSMM4IbWU1I2SwoE0rs7beMU00ari_-dboADL_PHWUZxUT_znarQ._s4gwGKZwAsaa_KiAqB95mnWlCzteYssY8khmGhZfJw&dib_tag=se&m=A31NFQQ4065CWX&marketplaceID=A19VAU5U5O7RUS&qid=1773379232&refinements=p_36%3A21500-22000&s=merchant-items&sr=1-19&xpid=Ov-oxQKc0VtF1#customerReviews,现货 进口日文 乔乔的奇妙冒险 STEEL BALL RUN 文库版 コミック 第七部 part7 套装 全16卷完结 JOJO的奇妙冒险 荒木飞吕彦
4086189380,,,,
4086179970,Paperback Bunko,215.57,https://www.amazon.sg/%E9%AD%94%E4%BA%BA%E6%8E%A2%E5%81%B5%E8%84%B3%E5%99%9B%E3%83%8D%E3%82%A6%E3%83%AD-%E3%82%B3%E3%83%9F%E3%83%83%E3%82%AF-%E5%85%A812%E5%B7%BB%E5%AE%8C%E7%B5%90%E3%82%BB%E3%83%83%E3%83%88-%E9%9B%86%E8%8B%B1%E7%A4%BE%E6%96%87%E5%BA%AB_%E3%82%B3%E3%83%9F%E3%83%83%E3%82%AF%E7%89%88-1x48342set20180131/dp/4086179970/ref=sr_1_20?dib=eyJ2IjoiMSJ9.lSba6TdUMSoOkeDllpW4WdIejLaRtyPdcY38D8xuwz-JH0eAW9470qNysV356_ADgaAQOuNSMG6gh6C_2-r50O1OGFS3PBwSmkDIihPkNa_iHWbO65PZGhtslvovXHhwHgjRm1XidDAkSYBw18Sm7FH7OlBG2ZywP8g3x5vjHkRslotz9_tWakvZSMM4IbWU1I2SwoE0rs7beMU00ari_-dboADL_PHWUZxUT_znarQ._s4gwGKZwAsaa_KiAqB95mnWlCzteYssY8khmGhZfJw&dib_tag=se&m=A31NFQQ4065CWX&marketplaceID=A19VAU5U5O7RUS&qid=1773379232&refinements=p_36%3A21500-22000&s=merchant-items&sr=1-20&xpid=Ov-oxQKc0VtF1#customerReviews,魔人探偵脳噛ネウロ 文庫版 コミック 全12巻完結セット (集英社文庫―コミック版): 1x48342set20180131
4086179970,,,,
B00VU7LK56,,227.46,https://www.amazon.sg/Velocity-Tennis-Racket-Multifilament-Racquet/dp/B00VU7LK56/ref=sr_1_21?dib=eyJ2IjoiMSJ9.lSba6TdUMSoOkeDllpW4WdIejLaRtyPdcY38D8xuwz-JH0eAW9470qNysV356_ADgaAQOuNSMG6gh6C_2-r50O1OGFS3PBwSmkDIihPkNa_iHWbO65PZGhtslvovXHhwHgjRm1XidDAkSYBw18Sm7FH7OlBG2ZywP8g3x5vjHkRslotz9_tWakvZSMM4IbWU1I2SwoE0rs7beMU00ari_-dboADL_PHWUZxUT_znarQ._s4gwGKZwAsaa_KiAqB95mnWlCzteYssY8khmGhZfJw&dib_tag=se&m=A31NFQQ4065CWX&marketplaceID=A19VAU5U5O7RUS&qid=1773379232&refinements=p_36%3A21500-22000&s=merchant-items&sr=1-21&xpid=Ov-oxQKc0VtF1#customerReviews,HEAD Velocity MLT Tennis Racket String 660' Reel Multifilament Racquet String
B00VU7LK56,,,,
B002T45X1G,,243.63,https://www.amazon.sg/Audio-Technica-AT2035-Condenser-Microphone-Podcasting/dp/B002T45X1G/ref=sr_1_22?dib=eyJ2IjoiMSJ9.lSba6TdUMSoOkeDllpW4WdIejLaRtyPdcY38D8xuwz-JH0eAW9470qNysV356_ADgaAQOuNSMG6gh6C_2-r50O1OGFS3PBwSmkDIihPkNa_iHWbO65PZGhtslvovXHhwHgjRm1XidDAkSYBw18Sm7FH7OlBG2ZywP8g3x5vjHkRslotz9_tWakvZSMM4IbWU1I2SwoE0rs7beMU00ari_-dboADL_PHWUZxUT_znarQ._s4gwGKZwAsaa_KiAqB95mnWlCzteYssY8khmGhZfJw&dib_tag=se&m=A31NFQQ4065CWX&marketplaceID=A19VAU5U5O7RUS&qid=1773379232&refinements=p_36%3A21500-22000&s=merchant-items&sr=1-22&xpid=Ov-oxQKc0VtF1#customerReviews,"Audio-Technica AT2035 Cardioid Condenser Microphone, Perfect for Studio, Podcasting & Streaming, XLR Output, Includes Custom Shock Mount"
B002T45X1G,,,,
B013UT56DS,,233.09,https://www.amazon.sg/Velocity-Tennis-Racket-Multifilament-Racquet/dp/B013UT56DS/ref=sr_1_23?dib=eyJ2IjoiMSJ9.lSba6TdUMSoOkeDllpW4WdIejLaRtyPdcY38D8xuwz-JH0eAW9470qNysV356_ADgaAQOuNSMG6gh6C_2-r50O1OGFS3PBwSmkDIihPkNa_iHWbO65PZGhtslvovXHhwHgjRm1XidDAkSYBw18Sm7FH7OlBG2ZywP8g3x5vjHkRslotz9_tWakvZSMM4IbWU1I2SwoE0rs7beMU00ari_-dboADL_PHWUZxUT_znarQ._s4gwGKZwAsaa_KiAqB95mnWlCzteYssY8khmGhZfJw&dib_tag=se&m=A31NFQQ4065CWX&marketplaceID=A19VAU5U5O7RUS&qid=1773379232&refinements=p_36%3A21500-22000&s=merchant-items&sr=1-23&xpid=Ov-oxQKc0VtF1#customerReviews,HEAD Velocity MLT Tennis Racket String 660' Reel Multifilament Racquet String
B013UT56DS,,,,
B0B3JFY72W,,,,
B0819HWK58,,216.5,https://www.amazon.sg/MAMMUT-Xeron-30-Versatile-Daypack/dp/B0819HWK58/ref=sr_1_25?dib=eyJ2IjoiMSJ9.lSba6TdUMSoOkeDllpW4WdIejLaRtyPdcY38D8xuwz-JH0eAW9470qNysV356_ADgaAQOuNSMG6gh6C_2-r50O1OGFS3PBwSmkDIihPkNa_iHWbO65PZGhtslvovXHhwHgjRm1XidDAkSYBw18Sm7FH7OlBG2ZywP8g3x5vjHkRslotz9_tWakvZSMM4IbWU1I2SwoE0rs7beMU00ari_-dboADL_PHWUZxUT_znarQ._s4gwGKZwAsaa_KiAqB95mnWlCzteYssY8khmGhZfJw&dib_tag=se&m=A31NFQQ4065CWX&marketplaceID=A19VAU5U5O7RUS&qid=1773379232&refinements=p_36%3A21500-22000&s=merchant-items&sr=1-25&xpid=Ov-oxQKc0VtF1#customerReviews,"Mammut Casual, Black, One Size"
B0819HWK58,,,,
B011U9AXA6,,234.62,https://www.amazon.sg/BOSS-Reverb-Guitar-Pedal-RV-6/dp/B011U9AXA6/ref=sr_1_26?dib=eyJ2IjoiMSJ9.lSba6TdUMSoOkeDllpW4WdIejLaRtyPdcY38D8xuwz-JH0eAW9470qNysV356_ADgaAQOuNSMG6gh6C_2-r50O1OGFS3PBwSmkDIihPkNa_iHWbO65PZGhtslvovXHhwHgjRm1XidDAkSYBw18Sm7FH7OlBG2ZywP8g3x5vjHkRslotz9_tWakvZSMM4IbWU1I2SwoE0rs7beMU00ari_-dboADL_PHWUZxUT_znarQ._s4gwGKZwAsaa_KiAqB95mnWlCzteYssY8khmGhZfJw&dib_tag=se&m=A31NFQQ4065CWX&marketplaceID=A19VAU5U5O7RUS&qid=1773379232&refinements=p_36%3A21500-22000&s=merchant-items&sr=1-26&xpid=Ov-oxQKc0VtF1#customerReviews,BOSS Reverb Guitar Pedal (RV-6)
B011U9AXA6,,,,
B098NJTCSJ,,223.8,https://www.amazon.sg/Cloudmonster-Running-Shoes-black-X-Wide/dp/B098NJTCSJ/ref=sr_1_27?dib=eyJ2IjoiMSJ9.lSba6TdUMSoOkeDllpW4WdIejLaRtyPdcY38D8xuwz-JH0eAW9470qNysV356_ADgaAQOuNSMG6gh6C_2-r50O1OGFS3PBwSmkDIihPkNa_iHWbO65PZGhtslvovXHhwHgjRm1XidDAkSYBw18Sm7FH7OlBG2ZywP8g3x5vjHkRslotz9_tWakvZSMM4IbWU1I2SwoE0rs7beMU00ari_-dboADL_PHWUZxUT_znarQ._s4gwGKZwAsaa_KiAqB95mnWlCzteYssY8khmGhZfJw&dib_tag=se&m=A31NFQQ4065CWX&marketplaceID=A19VAU5U5O7RUS&qid=1773379232&refinements=p_36%3A21500-22000&s=merchant-items&sr=1-27&xpid=Ov-oxQKc0VtF1#customerReviews,On Cloudmonster Men's Running Shoes
B098NJTCSJ,,,,
B00ALN01IC,,219.2,https://www.amazon.sg/Victor-VP-50E-280-Cutter-Length-inches/dp/B00ALN01IC/ref=sr_1_28?dib=eyJ2IjoiMSJ9.lSba6TdUMSoOkeDllpW4WdIejLaRtyPdcY38D8xuwz-JH0eAW9470qNysV356_ADgaAQOuNSMG6gh6C_2-r50O1OGFS3PBwSmkDIihPkNa_iHWbO65PZGhtslvovXHhwHgjRm1XidDAkSYBw18Sm7FH7OlBG2ZywP8g3x5vjHkRslotz9_tWakvZSMM4IbWU1I2SwoE0rs7beMU00ari_-dboADL_PHWUZxUT_znarQ._s4gwGKZwAsaa_KiAqB95mnWlCzteYssY8khmGhZfJw&dib_tag=se&m=A31NFQQ4065CWX&marketplaceID=A19VAU5U5O7RUS&qid=1773379232&refinements=p_36%3A21500-22000&s=merchant-items&sr=1-28&xpid=Ov-oxQKc0VtF1,"Victor VP-50E-280 Embi Cutter, Total Length 11.0 inches (280 mm)"
B00ALN01IC,,,,
B08H5MY9NF,,219.59,https://www.amazon.sg/steelseries-QcK-Prism-Gaming-Mousepad/dp/B08H5MY9NF/ref=sr_1_29?dib=eyJ2IjoiMSJ9.lSba6TdUMSoOkeDllpW4WdIejLaRtyPdcY38D8xuwz-JH0eAW9470qNysV356_ADgaAQOuNSMG6gh6C_2-r50O1OGFS3PBwSmkDIihPkNa_iHWbO65PZGhtslvovXHhwHgjRm1XidDAkSYBw18Sm7FH7OlBG2ZywP8g3x5vjHkRslotz9_tWakvZSMM4IbWU1I2SwoE0rs7beMU00ari_-dboADL_PHWUZxUT_znarQ._s4gwGKZwAsaa_KiAqB95mnWlCzteYssY8khmGhZfJw&dib_tag=se&m=A31NFQQ4065CWX&marketplaceID=A19VAU5U5O7RUS&qid=1773379232&refinements=p_36%3A21500-22000&s=merchant-items&sr=1-29&xpid=Ov-oxQKc0VtF1#customerReviews,steelseries QcK 3XL Prism Gaming Mousepad
B08H5MY9NF,,,,
B0C3G9JD92,,219.13,https://www.amazon.sg/TAMASHII-NATIONS-Godzilla-Shinjuku-S-H-MonsterArts/dp/B0C3G9JD92/ref=sr_1_30?dib=eyJ2IjoiMSJ9.lSba6TdUMSoOkeDllpW4WdIejLaRtyPdcY38D8xuwz-JH0eAW9470qNysV356_ADgaAQOuNSMG6gh6C_2-r50O1OGFS3PBwSmkDIihPkNa_iHWbO65PZGhtslvovXHhwHgjRm1XidDAkSYBw18Sm7FH7OlBG2ZywP8g3x5vjHkRslotz9_tWakvZSMM4IbWU1I2SwoE0rs7beMU00ari_-dboADL_PHWUZxUT_znarQ._s4gwGKZwAsaa_KiAqB95mnWlCzteYssY8khmGhZfJw&dib_tag=se&m=A31NFQQ4065CWX&marketplaceID=A19VAU5U5O7RUS&qid=1773379232&refinements=p_36%3A21500-22000&s=merchant-items&sr=1-30&xpid=Ov-oxQKc0VtF1#customerReviews,"TAMASHII NATIONS - Godzilla vs. King Ghidorah - Godzilla [1991] -Shinjuku Decisive Battle-, Bandai Spirits S.H.MonsterArts Action Figure"
B0CLLDRTZP,,243.74,https://www.amazon.sg/BOSS-BP-1W-Circuitry-Ensemble-Standard/dp/B0CLLDRTZP/ref=sr_1_31?dib=eyJ2IjoiMSJ9.lSba6TdUMSoOkeDllpW4WdIejLaRtyPdcY38D8xuwz-JH0eAW9470qNysV356_ADgaAQOuNSMG6gh6C_2-r50O1OGFS3PBwSmkDIihPkNa_iHWbO65PZGhtslvovXHhwHgjRm1XidDAkSYBw18Sm7FH7OlBG2ZywP8g3x5vjHkRslotz9_tWakvZSMM4IbWU1I2SwoE0rs7beMU00ari_-dboADL_PHWUZxUT_znarQ._s4gwGKZwAsaa_KiAqB95mnWlCzteYssY8khmGhZfJw&dib_tag=se&m=A31NFQQ4065CWX&marketplaceID=A19VAU5U5O7RUS&qid=1773379232&refinements=p_36%3A21500-22000&s=merchant-items&sr=1-31&xpid=Ov-oxQKc0VtF1#customerReviews,BOSS Waza Craft Compact Pedals
B0CLLDRTZP,,,,
B078Y925SQ,,234.62,https://www.amazon.sg/TU-3W-Craft-Chromatic-Tuner-Bypass/dp/B078Y925SQ/ref=sr_1_32?dib=eyJ2IjoiMSJ9.lSba6TdUMSoOkeDllpW4WdIejLaRtyPdcY38D8xuwz-JH0eAW9470qNysV356_ADgaAQOuNSMG6gh6C_2-r50O1OGFS3PBwSmkDIihPkNa_iHWbO65PZGhtslvovXHhwHgjRm1XidDAkSYBw18Sm7FH7OlBG2ZywP8g3x5vjHkRslotz9_tWakvZSMM4IbWU1I2SwoE0rs7beMU00ari_-dboADL_PHWUZxUT_znarQ._s4gwGKZwAsaa_KiAqB95mnWlCzteYssY8khmGhZfJw&dib_tag=se&m=A31NFQQ4065CWX&marketplaceID=A19VAU5U5O7RUS&qid=1773379232&refinements=p_36%3A21500-22000&s=merchant-items&sr=1-32&xpid=Ov-oxQKc0VtF1#customerReviews,Boss TU-3W Waza Craft Chromatic Tuner with Bypass
B078Y925SQ,,,,
B09WTVQ1WT,,217.83,https://www.amazon.sg/Kuretake-Flexible-Watercolor-Calligraphy-Lettering/dp/B09WTVQ1WT/ref=sr_1_33?dib=eyJ2IjoiMSJ9.EA9i5qwZVZjxkxtHT50A8BoMKOX8t3ikmBTXseYrIV2QL4m0AQz_q7Xfozsx-epV2KAXStGp4VYSqcXdKUJYDw.3Xi31GQBX2Iy3ZydWDstAFPAqRK6n5SyRIAK5QnaxWU&dib_tag=se&m=A31NFQQ4065CWX&marketplaceID=A19VAU5U5O7RUS&qid=1773379238&refinements=p_36%3A21500-22000&s=merchant-items&sr=1-33&xpid=Ov-oxQKc0VtF1#customerReviews,"Kuretake ZIG Clean Color Real Brush Marker, Flexible Brush Tips, Watercolor Pens for Painting, Drawing, Calligraphy and Brush Lettering for Artists, Made in Japan (120 colors set)"
B09WTVQ1WT,,,,
B0B3DDB3WM,,216.14,https://www.amazon.sg/Transformers-Masterpiece-Trainbot-Yukikaze-F8102/dp/B0B3DDB3WM/ref=sr_1_34?dib=eyJ2IjoiMSJ9.EA9i5qwZVZjxkxtHT50A8BoMKOX8t3ikmBTXseYrIV2QL4m0AQz_q7Xfozsx-epV2KAXStGp4VYSqcXdKUJYDw.3Xi31GQBX2Iy3ZydWDstAFPAqRK6n5SyRIAK5QnaxWU&dib_tag=se&m=A31NFQQ4065CWX&marketplaceID=A19VAU5U5O7RUS&qid=1773379238&refinements=p_36%3A21500-22000&s=merchant-items&sr=1-34&xpid=Ov-oxQKc0VtF1#customerReviews,Transformers Masterpiece G Series MPG-03 Trainbot Yukikaze F8102
B09Y5KFN68,,224.24,https://www.amazon.sg/Overlord-Albedo-Non-Scale-Painted-Finished/dp/B09Y5KFN68/ref=sr_1_35?dib=eyJ2IjoiMSJ9.EA9i5qwZVZjxkxtHT50A8BoMKOX8t3ikmBTXseYrIV2QL4m0AQz_q7Xfozsx-epV2KAXStGp4VYSqcXdKUJYDw.3Xi31GQBX2Iy3ZydWDstAFPAqRK6n5SyRIAK5QnaxWU&dib_tag=se&m=A31NFQQ4065CWX&marketplaceID=A19VAU5U5O7RUS&qid=1773379238&refinements=p_36%3A21500-22000&s=merchant-items&sr=1-35&xpid=Ov-oxQKc0VtF1#customerReviews,"""Overlord"" Albedo so-bin Ver. Non-Scale PVC & ABS Painted Finished Figure"
B09BFNL91N,,234.32,https://www.amazon.sg/Scope-Cycling-selle-ITALIA-Saddle/dp/B09BFNL91N/ref=sr_1_36?dib=eyJ2IjoiMSJ9.EA9i5qwZVZjxkxtHT50A8BoMKOX8t3ikmBTXseYrIV2QL4m0AQz_q7Xfozsx-epV2KAXStGp4VYSqcXdKUJYDw.3Xi31GQBX2Iy3ZydWDstAFPAqRK6n5SyRIAK5QnaxWU&dib_tag=se&m=A31NFQQ4065CWX&marketplaceID=A19VAU5U5O7RUS&qid=1773379238&refinements=p_36%3A21500-22000&s=merchant-items&sr=1-36&xpid=Ov-oxQKc0VtF1#customerReviews,Scope Cycling selle ITALIA Large Saddle Small
B09BFNL91N,,,,
B08M354ZZ6,,222.2,https://www.amazon.sg/Nittaku-NC0466-Tennis-Racket-Straight/dp/B08M354ZZ6/ref=sr_1_37?dib=eyJ2IjoiMSJ9.EA9i5qwZVZjxkxtHT50A8BoMKOX8t3ikmBTXseYrIV2QL4m0AQz_q7Xfozsx-epV2KAXStGp4VYSqcXdKUJYDw.3Xi31GQBX2Iy3ZydWDstAFPAqRK6n5SyRIAK5QnaxWU&dib_tag=se&m=A31NFQQ4065CWX&marketplaceID=A19VAU5U5O7RUS&qid=1773379238&refinements=p_36%3A21500-22000&s=merchant-items&sr=1-37&xpid=Ov-oxQKc0VtF1#customerReviews,"Nittaku Table Tennis Racket, Misaki Ito, Shake Hand, For Attack, Carbon"
B08M354ZZ6,,,,
B07Y2V3ZJP,,228.22,https://www.amazon.sg/Alphacool-Eisblock-Aurora-Water-Digital/dp/B07Y2V3ZJP/ref=sr_1_33?dib=eyJ2IjoiMSJ9.M3ainp3btGoDcHgG6Xpfgijw8KQZDSM8vehLCCv5ExziibZ0KjTqNzOUlGWhqcb4P9PInLYDPKbVTXxhq-VoiCQu1wvbW7r0SCfktKomm4-pr6Q5pYz8Kla3c7HRhs1uRzYRpirqcZEsZvnRtVdGEUjliJYr4fL8dF7xqCPBQsQ.V39XXd0_FdrE17i413f33FifnhY0pc_qYGLjuCcN7kY&dib_tag=se&m=A31NFQQ4065CWX&marketplaceID=A19VAU5U5O7RUS&qid=1773379238&refinements=p_36%3A21500-22000&s=merchant-items&sr=1-33&xpid=Ov-oxQKc0VtF1#customerReviews,"Alphacool Eisblock XPX Aurora Edge CPU Water Block, Digital RGB, Black/Plexi"
B07Y2V3ZJP,,,,
B017EGB1F0,,215.08,https://www.amazon.sg/DT-Swiss-2040007200-Rim-Black/dp/B017EGB1F0/ref=sr_1_34?dib=eyJ2IjoiMSJ9.M3ainp3btGoDcHgG6Xpfgijw8KQZDSM8vehLCCv5ExziibZ0KjTqNzOUlGWhqcb4P9PInLYDPKbVTXxhq-VoiCQu1wvbW7r0SCfktKomm4-pr6Q5pYz8Kla3c7HRhs1uRzYRpirqcZEsZvnRtVdGEUjliJYr4fL8dF7xqCPBQsQ.V39XXd0_FdrE17i413f33FifnhY0pc_qYGLjuCcN7kY&dib_tag=se&m=A31NFQQ4065CWX&marketplaceID=A19VAU5U5O7RUS&qid=1773379238&refinements=p_36%3A21500-22000&s=merchant-items&sr=1-34&xpid=Ov-oxQKc0VtF1,DT Swiss RR 511 Bicycle Rim Black // 622-18 (28?)
B017EGB1F0,,,,
B0129SXD6S,,219.43,https://www.amazon.sg/MACKIE-MIX8-Ultra-Compact-Analog/dp/B0129SXD6S/ref=sr_1_35?dib=eyJ2IjoiMSJ9.M3ainp3btGoDcHgG6Xpfgijw8KQZDSM8vehLCCv5ExziibZ0KjTqNzOUlGWhqcb4P9PInLYDPKbVTXxhq-VoiCQu1wvbW7r0SCfktKomm4-pr6Q5pYz8Kla3c7HRhs1uRzYRpirqcZEsZvnRtVdGEUjliJYr4fL8dF7xqCPBQsQ.V39XXd0_FdrE17i413f33FifnhY0pc_qYGLjuCcN7kY&dib_tag=se&m=A31NFQQ4065CWX&marketplaceID=A19VAU5U5O7RUS&qid=1773379238&refinements=p_36%3A21500-22000&s=merchant-items&sr=1-35&xpid=Ov-oxQKc0VtF1#customerReviews,MACKIE MIX8 Ultra Compact Analog Mixer
B0129SXD6S,,,,
B00BNKUULU,,216.7,https://www.amazon.sg/Daiwa-666TMLRB-Triple-Bee-Fishing/dp/B00BNKUULU/ref=sr_1_36?dib=eyJ2IjoiMSJ9.M3ainp3btGoDcHgG6Xpfgijw8KQZDSM8vehLCCv5ExziibZ0KjTqNzOUlGWhqcb4P9PInLYDPKbVTXxhq-VoiCQu1wvbW7r0SCfktKomm4-pr6Q5pYz8Kla3c7HRhs1uRzYRpirqcZEsZvnRtVdGEUjliJYr4fL8dF7xqCPBQsQ.V39XXd0_FdrE17i413f33FifnhY0pc_qYGLjuCcN7kY&dib_tag=se&m=A31NFQQ4065CWX&marketplaceID=A19VAU5U5O7RUS&qid=1773379238&refinements=p_36%3A21500-22000&s=merchant-items&sr=1-36&xpid=Ov-oxQKc0VtF1#customerReviews,"Daiwa B.B.B. Mobile Rod, Bass Rod, Various Types"
B00BNKUULU,,,,
B0C1J6LDJ6,,224.0,https://www.amazon.sg/Bluetooth-Player-Instant-Audio-CP1-White/dp/B0C1J6LDJ6/ref=sr_1_37?dib=eyJ2IjoiMSJ9.M3ainp3btGoDcHgG6Xpfgijw8KQZDSM8vehLCCv5ExziibZ0KjTqNzOUlGWhqcb4P9PInLYDPKbVTXxhq-VoiCQu1wvbW7r0SCfktKomm4-pr6Q5pYz8Kla3c7HRhs1uRzYRpirqcZEsZvnRtVdGEUjliJYr4fL8dF7xqCPBQsQ.V39XXd0_FdrE17i413f33FifnhY0pc_qYGLjuCcN7kY&dib_tag=se&m=A31NFQQ4065CWX&marketplaceID=A19VAU5U5O7RUS&qid=1773379238&refinements=p_36%3A21500-22000&s=merchant-items&sr=1-37&xpid=Ov-oxQKc0VtF1#customerReviews,Bluetooth CD Player Instant Disk Audio-CP1(White)
B0C1J6LDJ6,,,,
B09TFBFXBJ,,224.75,https://www.amazon.sg/Figuarts-Jujutsu-Approx-Painted-Complete/dp/B09TFBFXBJ/ref=sr_1_38?dib=eyJ2IjoiMSJ9.M3ainp3btGoDcHgG6Xpfgijw8KQZDSM8vehLCCv5ExziibZ0KjTqNzOUlGWhqcb4P9PInLYDPKbVTXxhq-VoiCQu1wvbW7r0SCfktKomm4-pr6Q5pYz8Kla3c7HRhs1uRzYRpirqcZEsZvnRtVdGEUjliJYr4fL8dF7xqCPBQsQ.V39XXd0_FdrE17i413f33FifnhY0pc_qYGLjuCcN7kY&dib_tag=se&m=A31NFQQ4065CWX&marketplaceID=A19VAU5U5O7RUS&qid=1773379238&refinements=p_36%3A21500-22000&s=merchant-items&sr=1-38&xpid=Ov-oxQKc0VtF1#customerReviews,"Figuarts ZERO Jujutsu Kaisen Satoru Gojo, Approx. 7.1 inches (180 mm), PVC and ABS Painted Complete Figure"
B0CBJZCGHK,,225.33,https://www.amazon.sg/Shimano-C2000SHG-Spinning-Reel-Stradic/dp/B0CBJZCGHK/ref=sr_1_39?dib=eyJ2IjoiMSJ9.M3ainp3btGoDcHgG6Xpfgijw8KQZDSM8vehLCCv5ExziibZ0KjTqNzOUlGWhqcb4P9PInLYDPKbVTXxhq-VoiCQu1wvbW7r0SCfktKomm4-pr6Q5pYz8Kla3c7HRhs1uRzYRpirqcZEsZvnRtVdGEUjliJYr4fL8dF7xqCPBQsQ.V39XXd0_FdrE17i413f33FifnhY0pc_qYGLjuCcN7kY&dib_tag=se&m=A31NFQQ4065CWX&marketplaceID=A19VAU5U5O7RUS&qid=1773379238&refinements=p_36%3A21500-22000&s=merchant-items&sr=1-39&xpid=Ov-oxQKc0VtF1#customerReviews,"Shimano 23 Stradic C2000S~C5000XG Spinning Reel, Assorted"
B0CBJZCGHK,,,,
B00B5L9D9M,,215.56,https://www.amazon.sg/Fender-Custom-Precision-Bass%C2%AE-Pickup/dp/B00B5L9D9M/ref=sr_1_40?dib=eyJ2IjoiMSJ9.M3ainp3btGoDcHgG6Xpfgijw8KQZDSM8vehLCCv5ExziibZ0KjTqNzOUlGWhqcb4P9PInLYDPKbVTXxhq-VoiCQu1wvbW7r0SCfktKomm4-pr6Q5pYz8Kla3c7HRhs1uRzYRpirqcZEsZvnRtVdGEUjliJYr4fL8dF7xqCPBQsQ.V39XXd0_FdrE17i413f33FifnhY0pc_qYGLjuCcN7kY&dib_tag=se&m=A31NFQQ4065CWX&marketplaceID=A19VAU5U5O7RUS&qid=1773379238&refinements=p_36%3A21500-22000&s=merchant-items&sr=1-40&xpid=Ov-oxQKc0VtF1#customerReviews,Fender Custom Shop '62 Precision Bass® Pickup
B00B5L9D9M,,,,
B086Z7QY2B,,218.09,https://www.amazon.sg/Venum-Elite-Shin-Guards-White-Camo/dp/B086Z7QY2B/ref=sr_1_41?dib=eyJ2IjoiMSJ9.M3ainp3btGoDcHgG6Xpfgijw8KQZDSM8vehLCCv5ExziibZ0KjTqNzOUlGWhqcb4P9PInLYDPKbVTXxhq-VoiCQu1wvbW7r0SCfktKomm4-pr6Q5pYz8Kla3c7HRhs1uRzYRpirqcZEsZvnRtVdGEUjliJYr4fL8dF7xqCPBQsQ.V39XXd0_FdrE17i413f33FifnhY0pc_qYGLjuCcN7kY&dib_tag=se&m=A31NFQQ4065CWX&marketplaceID=A19VAU5U5O7RUS&qid=1773379238&refinements=p_36%3A21500-22000&s=merchant-items&sr=1-41&xpid=Ov-oxQKc0VtF1#customerReviews,Venum Elite
B086Z7QY2B,,,,
B0091GR29Q,,247.03,https://www.amazon.sg/Pilot-Fountain-Capless-Decimo-FCT-15SR-R-M/dp/B0091GR29Q/ref=sr_1_42?dib=eyJ2IjoiMSJ9.M3ainp3btGoDcHgG6Xpfgijw8KQZDSM8vehLCCv5ExziibZ0KjTqNzOUlGWhqcb4P9PInLYDPKbVTXxhq-VoiCQu1wvbW7r0SCfktKomm4-pr6Q5pYz8Kla3c7HRhs1uRzYRpirqcZEsZvnRtVdGEUjliJYr4fL8dF7xqCPBQsQ.V39XXd0_FdrE17i413f33FifnhY0pc_qYGLjuCcN7kY&dib_tag=se&m=A31NFQQ4065CWX&marketplaceID=A19VAU5U5O7RUS&qid=1773379238&refinements=p_36%3A21500-22000&s=merchant-items&sr=1-42&xpid=Ov-oxQKc0VtF1#customerReviews,"Pilot Fountain Pen Capless Decimo, Red Body, M-Nib (FCT-15SR-R-M)"
B0091GR29Q,,,,
B0BQWPKCTP,,219.11,https://www.amazon.sg/ASRock-B760M-HDV-M-2-D4-Intel/dp/B0BQWPKCTP/ref=sr_1_43?dib=eyJ2IjoiMSJ9.M3ainp3btGoDcHgG6Xpfgijw8KQZDSM8vehLCCv5ExziibZ0KjTqNzOUlGWhqcb4P9PInLYDPKbVTXxhq-VoiCQu1wvbW7r0SCfktKomm4-pr6Q5pYz8Kla3c7HRhs1uRzYRpirqcZEsZvnRtVdGEUjliJYr4fL8dF7xqCPBQsQ.V39XXd0_FdrE17i413f33FifnhY0pc_qYGLjuCcN7kY&dib_tag=se&m=A31NFQQ4065CWX&marketplaceID=A19VAU5U5O7RUS&qid=1773379238&refinements=p_36%3A21500-22000&s=merchant-items&sr=1-43&xpid=Ov-oxQKc0VtF1#customerReviews,"ASRock B760M-HDV/M.2 D4, Intel B760, 1700, Micro ATX, 2 DDR4, VGA, HDMI, DP, GB LAN, PCIe4, 2x M.2"
B0BQWPKCTP,,,,
B0CCX83ZH3,,228.1,https://www.amazon.sg/Gohan-Beast-Dragon-Super-S-H-Figuarts/dp/B0CCX83ZH3/ref=sr_1_49?dib=eyJ2IjoiMSJ9._pDHHEc0QwFMsSGH30Xsjcei65m2cRHX-I9D0VlxcWEcAljOPGVlWxadxvoZPFF2mn_pWGZp30h94mj8VZthXw.BY4wSO3nwlmFgSPoSyvIkliU3RJd4Hgj0JnhppVvZb8&dib_tag=se&m=A31NFQQ4065CWX&marketplaceID=A19VAU5U5O7RUS&qid=1773379243&refinements=p_36%3A21500-22000&s=merchant-items&sr=1-49&xpid=Ov-oxQKc0VtF1#customerReviews,Son Gohan Beast Ver. Dragon Ball Super Hero S.H.Figuarts
B078JDLP4C,,218.34,https://www.amazon.sg/Hokuriku-Aluminum-Frying-Lightweight-Treatment/dp/B078JDLP4C/ref=sr_1_50?dib=eyJ2IjoiMSJ9._pDHHEc0QwFMsSGH30Xsjcei65m2cRHX-I9D0VlxcWEcAljOPGVlWxadxvoZPFF2mn_pWGZp30h94mj8VZthXw.BY4wSO3nwlmFgSPoSyvIkliU3RJd4Hgj0JnhppVvZb8&dib_tag=se&m=A31NFQQ4065CWX&marketplaceID=A19VAU5U5O7RUS&qid=1773379243&refinements=p_36%3A21500-22000&s=merchant-items&sr=1-50&xpid=Ov-oxQKc0VtF1#customerReviews,"Hokuriku Aluminum Frying Pan, 11.8 inches (30 cm), For Gas Stoves, Lightweight, Cast Style Light, Teflon Treatment, Made in Japan"
B078JDLP4C,,,,
B00YIEW41C,,223.26,https://www.amazon.sg/PPE1402-Two-Handed-Construction-Induction-Compatible/dp/B00YIEW41C/ref=sr_1_51?dib=eyJ2IjoiMSJ9._pDHHEc0QwFMsSGH30Xsjcei65m2cRHX-I9D0VlxcWEcAljOPGVlWxadxvoZPFF2mn_pWGZp30h94mj8VZthXw.BY4wSO3nwlmFgSPoSyvIkliU3RJd4Hgj0JnhppVvZb8&dib_tag=se&m=A31NFQQ4065CWX&marketplaceID=A19VAU5U5O7RUS&qid=1773379243&refinements=p_36%3A21500-22000&s=merchant-items&sr=1-51&xpid=Ov-oxQKc0VtF1#customerReviews,"Endo Shoji TKG PPE1402 IH Select Two-Handed Frying Pan, 12.6 inches (32 cm), 2-Layer Construction, Induction Compatible"
B00YIEW41C,,,,
B00N1G23MS,,216.44,https://www.amazon.sg/YAMAZAKI-2294-Stocker-Bathroom-Organizer-Dispenser/dp/B00N1G23MS/ref=sr_1_52?dib=eyJ2IjoiMSJ9._pDHHEc0QwFMsSGH30Xsjcei65m2cRHX-I9D0VlxcWEcAljOPGVlWxadxvoZPFF2mn_pWGZp30h94mj8VZthXw.BY4wSO3nwlmFgSPoSyvIkliU3RJd4Hgj0JnhppVvZb8&dib_tag=se&m=A31NFQQ4065CWX&marketplaceID=A19VAU5U5O7RUS&qid=1773379243&refinements=p_36%3A21500-22000&s=merchant-items&sr=1-52&xpid=Ov-oxQKc0VtF1#customerReviews,"YAMAZAKI home 2294 Toilet Paper Stocker-Bathroom Storage Organizer Dispenser, One Size, White"
B00N1G23MS,,,,
B0BH8NDRH7,,257.38,https://www.amazon.sg/BOSS-DS-1W-Special-Distortion-Orange/dp/B0BH8NDRH7/ref=sr_1_53?dib=eyJ2IjoiMSJ9._pDHHEc0QwFMsSGH30Xsjcei65m2cRHX-I9D0VlxcWEcAljOPGVlWxadxvoZPFF2mn_pWGZp30h94mj8VZthXw.BY4wSO3nwlmFgSPoSyvIkliU3RJd4Hgj0JnhppVvZb8&dib_tag=se&m=A31NFQQ4065CWX&marketplaceID=A19VAU5U5O7RUS&qid=1773379243&refinements=p_36%3A21500-22000&s=merchant-items&sr=1-53&xpid=Ov-oxQKc0VtF1#customerReviews,BOSS Waza Craft Compact Pedals
B0BH8NDRH7,,,,
B000JZAVKU,,232.68,https://www.amazon.sg/Bosch-15169-Oxygen-Sensor-Fitment/dp/B000JZAVKU/ref=sr_1_49?dib=eyJ2IjoiMSJ9.PSGiCEgqvZB4h8SEPnOKqK5c5b4VEpQsBl7I-7osDlSyoBTiX-SoNBSNxMgwQDXdPAbGZQBIS1x_KBJkTWLMIAvS7EqcWIDtOse17sMrHV2cp3ejrfBfxOeV_LStyxq8MWahnA_O0J8C9xxsRjgztK1qRtStnKLlC_sLVLJdYEI.0Y08iYu8IB3KObrtzD7oKUnOfu4lfx42D6PEk-9v780&dib_tag=se&m=A31NFQQ4065CWX&marketplaceID=A19VAU5U5O7RUS&qid=1773379243&refinements=p_36%3A21500-22000&s=merchant-items&sr=1-49&xpid=Ov-oxQKc0VtF1#customerReviews,"Bosch 15169 Oxygen Sensor, OE Fitment (Subaru)"
B000JZAVKU,,,,
B0BRTBRW4Q,,217.85,https://www.amazon.sg/AbuGarcia-REVO5-SX-HS-Right-Wound/dp/B0BRTBRW4Q/ref=sr_1_50?dib=eyJ2IjoiMSJ9.PSGiCEgqvZB4h8SEPnOKqK5c5b4VEpQsBl7I-7osDlSyoBTiX-SoNBSNxMgwQDXdPAbGZQBIS1x_KBJkTWLMIAvS7EqcWIDtOse17sMrHV2cp3ejrfBfxOeV_LStyxq8MWahnA_O0J8C9xxsRjgztK1qRtStnKLlC_sLVLJdYEI.0Y08iYu8IB3KObrtzD7oKUnOfu4lfx42D6PEk-9v780&dib_tag=se&m=A31NFQQ4065CWX&marketplaceID=A19VAU5U5O7RUS&qid=1773379243&refinements=p_36%3A21500-22000&s=merchant-items&sr=1-50&xpid=Ov-oxQKc0VtF1#customerReviews,Abu Garcia REVO5 SX Series (Revo 5th Generation Bait Reel) Various
B0BRTBRW4Q,,,,
B0BP8DZXST,,221.11,https://www.amazon.sg/HOKA-Clifton-Textile-White-Trainers/dp/B0BP8DZXST/ref=sr_1_51?dib=eyJ2IjoiMSJ9.PSGiCEgqvZB4h8SEPnOKqK5c5b4VEpQsBl7I-7osDlSyoBTiX-SoNBSNxMgwQDXdPAbGZQBIS1x_KBJkTWLMIAvS7EqcWIDtOse17sMrHV2cp3ejrfBfxOeV_LStyxq8MWahnA_O0J8C9xxsRjgztK1qRtStnKLlC_sLVLJdYEI.0Y08iYu8IB3KObrtzD7oKUnOfu4lfx42D6PEk-9v780&dib_tag=se&m=A31NFQQ4065CWX&marketplaceID=A19VAU5U5O7RUS&qid=1773379243&refinements=p_36%3A21500-22000&s=merchant-items&sr=1-51&xpid=Ov-oxQKc0VtF1#customerReviews,HOKA ONE ONE Men's Sneaker
B0BNKLDHV3,,231.38,https://www.amazon.sg/Megahouse-Warriors-Alliance-Portrait-Collectible/dp/B0BNKLDHV3/ref=sr_1_52?dib=eyJ2IjoiMSJ9.PSGiCEgqvZB4h8SEPnOKqK5c5b4VEpQsBl7I-7osDlSyoBTiX-SoNBSNxMgwQDXdPAbGZQBIS1x_KBJkTWLMIAvS7EqcWIDtOse17sMrHV2cp3ejrfBfxOeV_LStyxq8MWahnA_O0J8C9xxsRjgztK1qRtStnKLlC_sLVLJdYEI.0Y08iYu8IB3KObrtzD7oKUnOfu4lfx42D6PEk-9v780&dib_tag=se&m=A31NFQQ4065CWX&marketplaceID=A19VAU5U5O7RUS&qid=1773379243&refinements=p_36%3A21500-22000&s=merchant-items&sr=1-52&xpid=Ov-oxQKc0VtF1#customerReviews,"Megahouse - One Piece - Warriors Alliance - Novice Ninja Onami, Portrait of Pirates Collectible Figure"
B083RTNH9N,,227.65,https://www.amazon.sg/D-I-D-520ERV7130ZB-Performance-X-Ring-Connecting/dp/B083RTNH9N/ref=sr_1_53?dib=eyJ2IjoiMSJ9.PSGiCEgqvZB4h8SEPnOKqK5c5b4VEpQsBl7I-7osDlSyoBTiX-SoNBSNxMgwQDXdPAbGZQBIS1x_KBJkTWLMIAvS7EqcWIDtOse17sMrHV2cp3ejrfBfxOeV_LStyxq8MWahnA_O0J8C9xxsRjgztK1qRtStnKLlC_sLVLJdYEI.0Y08iYu8IB3KObrtzD7oKUnOfu4lfx42D6PEk-9v780&dib_tag=se&m=A31NFQQ4065CWX&marketplaceID=A19VAU5U5O7RUS&qid=1773379243&refinements=p_36%3A21500-22000&s=merchant-items&sr=1-53&xpid=Ov-oxQKc0VtF1,D.I.D 520ERV7130ZB 130 High Performance X-Ring Chain with Connecting Link
B083RTNH9N,,,,
B0D7VSF6RP,,226.72,https://www.amazon.sg/Casio-BGD-10KPP-7JR-Baby-G-Powerpuff-Collaboration/dp/B0D7VSF6RP/ref=sr_1_54?dib=eyJ2IjoiMSJ9.PSGiCEgqvZB4h8SEPnOKqK5c5b4VEpQsBl7I-7osDlSyoBTiX-SoNBSNxMgwQDXdPAbGZQBIS1x_KBJkTWLMIAvS7EqcWIDtOse17sMrHV2cp3ejrfBfxOeV_LStyxq8MWahnA_O0J8C9xxsRjgztK1qRtStnKLlC_sLVLJdYEI.0Y08iYu8IB3KObrtzD7oKUnOfu4lfx42D6PEk-9v780&dib_tag=se&m=A31NFQQ4065CWX&marketplaceID=A19VAU5U5O7RUS&qid=1773379243&refinements=p_36%3A21500-22000&s=merchant-items&sr=1-54&xpid=Ov-oxQKc0VtF1#customerReviews,"Casio BGD-10KPP-7JR Baby-G+Plus The Powerpuff Girls Collaboration Model White, white, white"
B0D7VSF6RP,,,,
B015QWX526,,217.32,https://www.amazon.sg/Porter-052-02218-Current-Holder-Black/dp/B015QWX526/ref=sr_1_55?dib=eyJ2IjoiMSJ9.PSGiCEgqvZB4h8SEPnOKqK5c5b4VEpQsBl7I-7osDlSyoBTiX-SoNBSNxMgwQDXdPAbGZQBIS1x_KBJkTWLMIAvS7EqcWIDtOse17sMrHV2cp3ejrfBfxOeV_LStyxq8MWahnA_O0J8C9xxsRjgztK1qRtStnKLlC_sLVLJdYEI.0Y08iYu8IB3KObrtzD7oKUnOfu4lfx42D6PEk-9v780&dib_tag=se&m=A31NFQQ4065CWX&marketplaceID=A19VAU5U5O7RUS&qid=1773379243&refinements=p_36%3A21500-22000&s=merchant-items&sr=1-55&xpid=Ov-oxQKc0VtF1#customerReviews,"Porter 052-02218 Current ID Holder, Black, One Size"
B015QWX526,,,,
B0B2PX2SHP,,216.34,https://www.amazon.sg/Keen-NEWPORT-Sandals-monochrome-safari/dp/B0B2PX2SHP/ref=sr_1_56?dib=eyJ2IjoiMSJ9.PSGiCEgqvZB4h8SEPnOKqK5c5b4VEpQsBl7I-7osDlSyoBTiX-SoNBSNxMgwQDXdPAbGZQBIS1x_KBJkTWLMIAvS7EqcWIDtOse17sMrHV2cp3ejrfBfxOeV_LStyxq8MWahnA_O0J8C9xxsRjgztK1qRtStnKLlC_sLVLJdYEI.0Y08iYu8IB3KObrtzD7oKUnOfu4lfx42D6PEk-9v780&dib_tag=se&m=A31NFQQ4065CWX&marketplaceID=A19VAU5U5O7RUS&qid=1773379243&refinements=p_36%3A21500-22000&s=merchant-items&sr=1-56&xpid=Ov-oxQKc0VtF1#customerReviews,"KEEN Newport H2 Sandals, Newport H2 (Old Model), Men's"
B0B2PX2SHP,,,,
B07GF1NHW6,,262.96,https://www.amazon.sg/Carhartt-Mens-Unlined-Overall-Black/dp/B07GF1NHW6/ref=sr_1_57?dib=eyJ2IjoiMSJ9.PSGiCEgqvZB4h8SEPnOKqK5c5b4VEpQsBl7I-7osDlSyoBTiX-SoNBSNxMgwQDXdPAbGZQBIS1x_KBJkTWLMIAvS7EqcWIDtOse17sMrHV2cp3ejrfBfxOeV_LStyxq8MWahnA_O0J8C9xxsRjgztK1qRtStnKLlC_sLVLJdYEI.0Y08iYu8IB3KObrtzD7oKUnOfu4lfx42D6PEk-9v780&dib_tag=se&m=A31NFQQ4065CWX&marketplaceID=A19VAU5U5O7RUS&qid=1773379243&refinements=p_36%3A21500-22000&s=merchant-items&sr=1-57&xpid=Ov-oxQKc0VtF1#customerReviews,Carhartt Men's Relaxed Fit Duck Bib Overall
B07GF1NHW6,,,,
B0BS27ZXN5,,216.08,https://www.amazon.sg/Volcom-Frickin-Modern-Stretch-Chino/dp/B0BS27ZXN5/ref=sr_1_58?dib=eyJ2IjoiMSJ9.PSGiCEgqvZB4h8SEPnOKqK5c5b4VEpQsBl7I-7osDlSyoBTiX-SoNBSNxMgwQDXdPAbGZQBIS1x_KBJkTWLMIAvS7EqcWIDtOse17sMrHV2cp3ejrfBfxOeV_LStyxq8MWahnA_O0J8C9xxsRjgztK1qRtStnKLlC_sLVLJdYEI.0Y08iYu8IB3KObrtzD7oKUnOfu4lfx42D6PEk-9v780&dib_tag=se&m=A31NFQQ4065CWX&marketplaceID=A19VAU5U5O7RUS&qid=1773379243&refinements=p_36%3A21500-22000&s=merchant-items&sr=1-58&xpid=Ov-oxQKc0VtF1#customerReviews,Volcom Frickin Modern Stret Men's Trousers
B0BS27ZXN5,,,,
B08ZYVW83W,,223.46,https://www.amazon.sg/BGA-2800-1AJF-Baby-G-Resistant-Ladies-Shipped/dp/B08ZYVW83W/ref=sr_1_59?dib=eyJ2IjoiMSJ9.PSGiCEgqvZB4h8SEPnOKqK5c5b4VEpQsBl7I-7osDlSyoBTiX-SoNBSNxMgwQDXdPAbGZQBIS1x_KBJkTWLMIAvS7EqcWIDtOse17sMrHV2cp3ejrfBfxOeV_LStyxq8MWahnA_O0J8C9xxsRjgztK1qRtStnKLlC_sLVLJdYEI.0Y08iYu8IB3KObrtzD7oKUnOfu4lfx42D6PEk-9v780&dib_tag=se&m=A31NFQQ4065CWX&marketplaceID=A19VAU5U5O7RUS&qid=1773379243&refinements=p_36%3A21500-22000&s=merchant-items&sr=1-59&xpid=Ov-oxQKc0VtF1#customerReviews,Casio BGA-2800-1AJF [Baby-G Radio Wave Solar Watch 10 ATM Water Resistant Ladies Rubber Band] Watch Shipped from Japan 2021 Model
B08ZYVW83W,,,,
B08W51JPH9,,218.61,https://www.amazon.sg/Shimano-SH-XC100-Cross-Country-Compatible-Cycling/dp/B08W51JPH9/ref=sr_1_65?dib=eyJ2IjoiMSJ9.PmGzzO48GU_yT7acwAC86aq2qdMyEnFm_UQWi9Mn_0YyeAz457KK46fC3Uej8-j93kdtDJNL2rHkoTjwwBZVKg.ftIl7teMUcE0bh3jrRlr3I1HjTTXiq70ZVEMAOt7X7s&dib_tag=se&m=A31NFQQ4065CWX&marketplaceID=A19VAU5U5O7RUS&qid=1773379248&refinements=p_36%3A21500-22000&s=merchant-items&sr=1-65&xpid=Ov-oxQKc0VtF1#customerReviews,Shimano XC1 Black 42.0 (26.5cm) (SH-XC100) Cross-Country SPD Compatible Cycling Shoes
B08W51JPH9,,,,
B07NGMWMQP,,216.09,https://www.amazon.sg/FootJoy-Womens-Leisure-Shoes-Athletic/dp/B07NGMWMQP/ref=sr_1_66?dib=eyJ2IjoiMSJ9.PmGzzO48GU_yT7acwAC86aq2qdMyEnFm_UQWi9Mn_0YyeAz457KK46fC3Uej8-j93kdtDJNL2rHkoTjwwBZVKg.ftIl7teMUcE0bh3jrRlr3I1HjTTXiq70ZVEMAOt7X7s&dib_tag=se&m=A31NFQQ4065CWX&marketplaceID=A19VAU5U5O7RUS&qid=1773379248&refinements=p_36%3A21500-22000&s=merchant-items&sr=1-66&xpid=Ov-oxQKc0VtF1#customerReviews,FootJoy Women's Women's Leisure Golf Shoes White 7 W Athletic Shoe
B07NGMWMQP,,,,
B07H5BPSVJ,,232.58,https://www.amazon.sg/CASTELBAJAC-Piccolo-wallet-022616-Black/dp/B07H5BPSVJ/ref=sr_1_67?dib=eyJ2IjoiMSJ9.PmGzzO48GU_yT7acwAC86aq2qdMyEnFm_UQWi9Mn_0YyeAz457KK46fC3Uej8-j93kdtDJNL2rHkoTjwwBZVKg.ftIl7teMUcE0bh3jrRlr3I1HjTTXiq70ZVEMAOt7X7s&dib_tag=se&m=A31NFQQ4065CWX&marketplaceID=A19VAU5U5O7RUS&qid=1773379248&refinements=p_36%3A21500-22000&s=merchant-items&sr=1-67&xpid=Ov-oxQKc0VtF1#customerReviews,"CASTELBAJAC Piccolo long wallet 022616, Black, One Size"
B07H5BPSVJ,,,,
B07H59LLBJ,,234.11,https://www.amazon.sg/CASTELBAJAC-Piccolo-wallet-022616-Orange/dp/B07H59LLBJ/ref=sr_1_68?dib=eyJ2IjoiMSJ9.PmGzzO48GU_yT7acwAC86aq2qdMyEnFm_UQWi9Mn_0YyeAz457KK46fC3Uej8-j93kdtDJNL2rHkoTjwwBZVKg.ftIl7teMUcE0bh3jrRlr3I1HjTTXiq70ZVEMAOt7X7s&dib_tag=se&m=A31NFQQ4065CWX&marketplaceID=A19VAU5U5O7RUS&qid=1773379248&refinements=p_36%3A21500-22000&s=merchant-items&sr=1-68&xpid=Ov-oxQKc0VtF1#customerReviews,"CASTELBAJAC Piccolo long wallet 022616, Orange, One Size"
B07H59LLBJ,,,,
B076J3C6VF,,249.69,https://www.amazon.sg/LOREO-Stainless-Sapphire-Rotating-Automatic/dp/B076J3C6VF/ref=sr_1_69?dib=eyJ2IjoiMSJ9.PmGzzO48GU_yT7acwAC86aq2qdMyEnFm_UQWi9Mn_0YyeAz457KK46fC3Uej8-j93kdtDJNL2rHkoTjwwBZVKg.ftIl7teMUcE0bh3jrRlr3I1HjTTXiq70ZVEMAOt7X7s&dib_tag=se&m=A31NFQQ4065CWX&marketplaceID=A19VAU5U5O7RUS&qid=1773379248&refinements=p_36%3A21500-22000&s=merchant-items&sr=1-69&xpid=Ov-oxQKc0VtF1#customerReviews,LOREO Mens Silver Stainless Steel Sapphire Glass Blue Rotating bezel Men's Automatic date week Watch
B076J3C6VF,,,,
B06XSY386F,,249.41,https://www.amazon.sg/CASTELBAJAC-Repos-Shoulder-033103-Unique/dp/B06XSY386F/ref=sr_1_65?dib=eyJ2IjoiMSJ9.T8vjz7q-zJFGRn4tzHkZbzVvOwGU18VxDDYMHrCg2g-niRgF5WSh27RBRkTljH9puflaiAZnozmMogIddvXJZBsGEDRnXPPhLNfO8ulqqFVQx6d13QgY7chbAWiFODuIFAwwLCqttqC2lqnKQAjWhId2tdcrwJJXI32zb4dZ4o8.8ICZCsouY6k7G6eaJ8F6sFqXMTZzfAiN7KYPWnouPvQ&dib_tag=se&m=A31NFQQ4065CWX&marketplaceID=A19VAU5U5O7RUS&qid=1773379248&refinements=p_36%3A21500-22000&s=merchant-items&sr=1-65&xpid=Ov-oxQKc0VtF1#customerReviews,"CASTELBAJAC Repos Shoulder bag 033103, White, One Size, Unique"
B06XSY386F,,,,
B01LBLJ700,,215.6,https://www.amazon.sg/5-11-Womens-Rapid-Sweatshirt-Garnet/dp/B01LBLJ700/ref=sr_1_66?dib=eyJ2IjoiMSJ9.T8vjz7q-zJFGRn4tzHkZbzVvOwGU18VxDDYMHrCg2g-niRgF5WSh27RBRkTljH9puflaiAZnozmMogIddvXJZBsGEDRnXPPhLNfO8ulqqFVQx6d13QgY7chbAWiFODuIFAwwLCqttqC2lqnKQAjWhId2tdcrwJJXI32zb4dZ4o8.8ICZCsouY6k7G6eaJ8F6sFqXMTZzfAiN7KYPWnouPvQ&dib_tag=se&m=A31NFQQ4065CWX&marketplaceID=A19VAU5U5O7RUS&qid=1773379248&refinements=p_36%3A21500-22000&s=merchant-items&sr=1-66&xpid=Ov-oxQKc0VtF1#customerReviews,"5.11 Tactical Women's Rapid Half Zip Sweatshirt, Polyester/Spandex, Moisture Wicking, Style 62381"
B01LBLJ700,,,,
B0105FA07W,,245.9,https://www.amazon.sg/Buddhist-Hayashi-MidoriMayumi-Yamadama-containing/dp/B0105FA07W/ref=sr_1_67?dib=eyJ2IjoiMSJ9.T8vjz7q-zJFGRn4tzHkZbzVvOwGU18VxDDYMHrCg2g-niRgF5WSh27RBRkTljH9puflaiAZnozmMogIddvXJZBsGEDRnXPPhLNfO8ulqqFVQx6d13QgY7chbAWiFODuIFAwwLCqttqC2lqnKQAjWhId2tdcrwJJXI32zb4dZ4o8.8ICZCsouY6k7G6eaJ8F6sFqXMTZzfAiN7KYPWnouPvQ&dib_tag=se&m=A31NFQQ4065CWX&marketplaceID=A19VAU5U5O7RUS&qid=1773379248&refinements=p_36%3A21500-22000&s=merchant-items&sr=1-67&xpid=Ov-oxQKc0VtF1,Kyoto Buddhist altar Hayashi rosary Tendai MidoriMayumi Germany Yamadama containing (for men) formal this formula ## beaded bag set] -086 Kyoto rosary
B0105FA07W,,,,
B09SG3G99Z,,215.39,https://www.amazon.sg/Knights-Apprentice-Pre-Painted-Complete-Figure/dp/B09SG3G99Z/ref=sr_1_68?dib=eyJ2IjoiMSJ9.T8vjz7q-zJFGRn4tzHkZbzVvOwGU18VxDDYMHrCg2g-niRgF5WSh27RBRkTljH9puflaiAZnozmMogIddvXJZBsGEDRnXPPhLNfO8ulqqFVQx6d13QgY7chbAWiFODuIFAwwLCqttqC2lqnKQAjWhId2tdcrwJJXI32zb4dZ4o8.8ICZCsouY6k7G6eaJ8F6sFqXMTZzfAiN7KYPWnouPvQ&dib_tag=se&m=A31NFQQ4065CWX&marketplaceID=A19VAU5U5O7RUS&qid=1773379248&refinements=p_36%3A21500-22000&s=merchant-items&sr=1-68&xpid=Ov-oxQKc0VtF1,"Ark Knights Amiya Apprentice Courier Ver. Regular Edition, 1/7 Scale, PVC & ABS Pre-Painted Complete Figure"
B0CVR8Z3KK,,216.47,https://www.amazon.sg/BRGB33430R-Baseball-Winning-All-Round-Pastel/dp/B0CVR8Z3KK/ref=sr_1_69?dib=eyJ2IjoiMSJ9.T8vjz7q-zJFGRn4tzHkZbzVvOwGU18VxDDYMHrCg2g-niRgF5WSh27RBRkTljH9puflaiAZnozmMogIddvXJZBsGEDRnXPPhLNfO8ulqqFVQx6d13QgY7chbAWiFODuIFAwwLCqttqC2lqnKQAjWhId2tdcrwJJXI32zb4dZ4o8.8ICZCsouY6k7G6eaJ8F6sFqXMTZzfAiN7KYPWnouPvQ&dib_tag=se&m=A31NFQQ4065CWX&marketplaceID=A19VAU5U5O7RUS&qid=1773379248&refinements=p_36%3A21500-22000&s=merchant-items&sr=1-69&xpid=Ov-oxQKc0VtF1#customerReviews,ゼット(ZETT) 軟式野球 グラブ(グローブ) ウイニングロード オールラウンド用 サイズ:7 BRGB33430R
B0CVR8Z3KK,,,,
B0CVN8PFKR,,216.47,https://www.amazon.sg/BRGB33410R-Baseball-Winning-All-Round-Pastel/dp/B0CVN8PFKR/ref=sr_1_70?dib=eyJ2IjoiMSJ9.T8vjz7q-zJFGRn4tzHkZbzVvOwGU18VxDDYMHrCg2g-niRgF5WSh27RBRkTljH9puflaiAZnozmMogIddvXJZBsGEDRnXPPhLNfO8ulqqFVQx6d13QgY7chbAWiFODuIFAwwLCqttqC2lqnKQAjWhId2tdcrwJJXI32zb4dZ4o8.8ICZCsouY6k7G6eaJ8F6sFqXMTZzfAiN7KYPWnouPvQ&dib_tag=se&m=A31NFQQ4065CWX&marketplaceID=A19VAU5U5O7RUS&qid=1773379248&refinements=p_36%3A21500-22000&s=merchant-items&sr=1-70&xpid=Ov-oxQKc0VtF1,ZETT BRGB33410R Soft Baseball Glove Winning Road All-Round Pastel Brown x Black Right Throw Size: 4
B0CVN8PFKR,,,,
B0CLLCN66D,,216.73,https://www.amazon.sg/ASICS-3283A242-Ground-Lightweight-Balance/dp/B0CLLCN66D/ref=sr_1_71?dib=eyJ2IjoiMSJ9.T8vjz7q-zJFGRn4tzHkZbzVvOwGU18VxDDYMHrCg2g-niRgF5WSh27RBRkTljH9puflaiAZnozmMogIddvXJZBsGEDRnXPPhLNfO8ulqqFVQx6d13QgY7chbAWiFODuIFAwwLCqttqC2lqnKQAjWhId2tdcrwJJXI32zb4dZ4o8.8ICZCsouY6k7G6eaJ8F6sFqXMTZzfAiN7KYPWnouPvQ&dib_tag=se&m=A31NFQQ4065CWX&marketplaceID=A19VAU5U5O7RUS&qid=1773379248&refinements=p_36%3A21500-22000&s=merchant-items&sr=1-71&xpid=Ov-oxQKc0VtF1,ASICS 3283A242 Ground Golf GG Lightweight Balance
B0CLLCN66D,,,,
B0CBTSH7S3,,216.61,https://www.amazon.sg/BSGB52410R-Softball-Round-Right-Throwing/dp/B0CBTSH7S3/ref=sr_1_72?dib=eyJ2IjoiMSJ9.T8vjz7q-zJFGRn4tzHkZbzVvOwGU18VxDDYMHrCg2g-niRgF5WSh27RBRkTljH9puflaiAZnozmMogIddvXJZBsGEDRnXPPhLNfO8ulqqFVQx6d13QgY7chbAWiFODuIFAwwLCqttqC2lqnKQAjWhId2tdcrwJJXI32zb4dZ4o8.8ICZCsouY6k7G6eaJ8F6sFqXMTZzfAiN7KYPWnouPvQ&dib_tag=se&m=A31NFQQ4065CWX&marketplaceID=A19VAU5U5O7RUS&qid=1773379248&refinements=p_36%3A21500-22000&s=merchant-items&sr=1-72&xpid=Ov-oxQKc0VtF1,"ZETT BSGB52410R Softball Grab, For All Round, Right Throwing"
B0CBTSH7S3,,,,
B0CBTS83PR,,221.76,https://www.amazon.sg/BJCB70422N-Baseball-Catcher-Status-Catchers/dp/B0CBTS83PR/ref=sr_1_73?dib=eyJ2IjoiMSJ9.T8vjz7q-zJFGRn4tzHkZbzVvOwGU18VxDDYMHrCg2g-niRgF5WSh27RBRkTljH9puflaiAZnozmMogIddvXJZBsGEDRnXPPhLNfO8ulqqFVQx6d13QgY7chbAWiFODuIFAwwLCqttqC2lqnKQAjWhId2tdcrwJJXI32zb4dZ4o8.8ICZCsouY6k7G6eaJ8F6sFqXMTZzfAiN7KYPWnouPvQ&dib_tag=se&m=A31NFQQ4065CWX&marketplaceID=A19VAU5U5O7RUS&qid=1773379248&refinements=p_36%3A21500-22000&s=merchant-items&sr=1-73&xpid=Ov-oxQKc0VtF1,"ZETT BJCB70422N Boys Baseball Catcher Mitt, Neo Status, For Catchers, Right Throw"
B0CBTS83PR,,,,
B0CBTRSZZJ,,221.76,https://www.amazon.sg/BJCB70422N-Baseball-Catcher-Status-Catchers/dp/B0CBTRSZZJ/ref=sr_1_74?dib=eyJ2IjoiMSJ9.T8vjz7q-zJFGRn4tzHkZbzVvOwGU18VxDDYMHrCg2g-niRgF5WSh27RBRkTljH9puflaiAZnozmMogIddvXJZBsGEDRnXPPhLNfO8ulqqFVQx6d13QgY7chbAWiFODuIFAwwLCqttqC2lqnKQAjWhId2tdcrwJJXI32zb4dZ4o8.8ICZCsouY6k7G6eaJ8F6sFqXMTZzfAiN7KYPWnouPvQ&dib_tag=se&m=A31NFQQ4065CWX&marketplaceID=A19VAU5U5O7RUS&qid=1773379248&refinements=p_36%3A21500-22000&s=merchant-items&sr=1-74&xpid=Ov-oxQKc0VtF1,"ZETT BJCB70422N Boys Baseball Catcher Mitt, Neo Status, For Catchers, Right Throw"
B0CBTRSZZJ,,,,
B0CBTPRP6B,,221.76,https://www.amazon.sg/BJCB70412N-Baseball-Catcher-Status-Catchers/dp/B0CBTPRP6B/ref=sr_1_75?dib=eyJ2IjoiMSJ9.T8vjz7q-zJFGRn4tzHkZbzVvOwGU18VxDDYMHrCg2g-niRgF5WSh27RBRkTljH9puflaiAZnozmMogIddvXJZBsGEDRnXPPhLNfO8ulqqFVQx6d13QgY7chbAWiFODuIFAwwLCqttqC2lqnKQAjWhId2tdcrwJJXI32zb4dZ4o8.8ICZCsouY6k7G6eaJ8F6sFqXMTZzfAiN7KYPWnouPvQ&dib_tag=se&m=A31NFQQ4065CWX&marketplaceID=A19VAU5U5O7RUS&qid=1773379248&refinements=p_36%3A21500-22000&s=merchant-items&sr=1-75&xpid=Ov-oxQKc0VtF1,"ZETT BJCB70412N Boys Baseball Catcher Mitt, Neo Status, For Catchers, Right Throw"
B0CBTPRP6B,,,,
B0CBTPMZGY,,215.95,https://www.amazon.sg/BRCB33412R-Baseball-Catcher-Winning-Catchers/dp/B0CBTPMZGY/ref=sr_1_81?dib=eyJ2IjoiMSJ9.hYDq0w4HVbbbL8vblc8w_tc2wHnXHYvIl7JiA2-foKM0dsLz6wP0D3pK_KbHei0eE-Ul0nNE9bh4SwNS4WabEg.R5s_L5yzd-V5sm8hFSh-6hhFrV6K1LTqPRROQQhMAqA&dib_tag=se&m=A31NFQQ4065CWX&marketplaceID=A19VAU5U5O7RUS&qid=1773379253&refinements=p_36%3A21500-22000&s=merchant-items&sr=1-81&xpid=Ov-oxQKc0VtF1,ZETT BRCB33412R Soft Baseball Catcher Mitt for Winning Road Catchers Right Throw
B0CBTPMZGY,,,,
B0C9QBKH39,,230.38,https://www.amazon.sg/Shimano-ST-R7120-Hydraulic-Right-Lever/dp/B0C9QBKH39/ref=sr_1_82?dib=eyJ2IjoiMSJ9.hYDq0w4HVbbbL8vblc8w_tc2wHnXHYvIl7JiA2-foKM0dsLz6wP0D3pK_KbHei0eE-Ul0nNE9bh4SwNS4WabEg.R5s_L5yzd-V5sm8hFSh-6hhFrV6K1LTqPRROQQhMAqA&dib_tag=se&m=A31NFQQ4065CWX&marketplaceID=A19VAU5U5O7RUS&qid=1773379253&refinements=p_36%3A21500-22000&s=merchant-items&sr=1-82&xpid=Ov-oxQKc0VtF1,Shimano ST-R7120 Hydraulic Right Lever Only 12s Wire Type
B0C9QBKH39,,,,
B0C73ZNG57,,219.01,https://www.amazon.sg/Hobby-Sakura-Illustrated-Fkey-Figure/dp/B0C73ZNG57/ref=sr_1_83?dib=eyJ2IjoiMSJ9.hYDq0w4HVbbbL8vblc8w_tc2wHnXHYvIl7JiA2-foKM0dsLz6wP0D3pK_KbHei0eE-Ul0nNE9bh4SwNS4WabEg.R5s_L5yzd-V5sm8hFSh-6hhFrV6K1LTqPRROQQhMAqA&dib_tag=se&m=A31NFQQ4065CWX&marketplaceID=A19VAU5U5O7RUS&qid=1773379253&refinements=p_36%3A21500-22000&s=merchant-items&sr=1-83&xpid=Ov-oxQKc0VtF1,Hobby Sakura - Yao Zhi Illustrated by Fkey 1/6 PVC Figure
B0BRR9S29T,,215.64,https://www.amazon.sg/Apex-Muse-Dash-Marija-Figure/dp/B0BRR9S29T/ref=sr_1_84?dib=eyJ2IjoiMSJ9.hYDq0w4HVbbbL8vblc8w_tc2wHnXHYvIl7JiA2-foKM0dsLz6wP0D3pK_KbHei0eE-Ul0nNE9bh4SwNS4WabEg.R5s_L5yzd-V5sm8hFSh-6hhFrV6K1LTqPRROQQhMAqA&dib_tag=se&m=A31NFQQ4065CWX&marketplaceID=A19VAU5U5O7RUS&qid=1773379253&refinements=p_36%3A21500-22000&s=merchant-items&sr=1-84&xpid=Ov-oxQKc0VtF1,Apex - Muse Dash - Marija Maid 1/8 PVC Figure (Mr)
B0BKPZQT9L,,218.87,https://www.amazon.sg/Zesshou-Symphogear-Akatsuki-Non-Scale-Pre-Painted/dp/B0BKPZQT9L/ref=sr_1_85?dib=eyJ2IjoiMSJ9.hYDq0w4HVbbbL8vblc8w_tc2wHnXHYvIl7JiA2-foKM0dsLz6wP0D3pK_KbHei0eE-Ul0nNE9bh4SwNS4WabEg.R5s_L5yzd-V5sm8hFSh-6hhFrV6K1LTqPRROQQhMAqA&dib_tag=se&m=A31NFQQ4065CWX&marketplaceID=A19VAU5U5O7RUS&qid=1773379253&refinements=p_36%3A21500-22000&s=merchant-items&sr=1-85&xpid=Ov-oxQKc0VtF1#customerReviews,ACT MODE Senki Zesshou Symphogear GX Akatsuki Kirika Non-Scale Plastic Pre-Painted Action Figure
B0BJ8DCG97,,216.67,https://www.amazon.sg/Turntable-Decorating-Finishes-Making-Cranks/dp/B0BJ8DCG97/ref=sr_1_81?dib=eyJ2IjoiMSJ9._gGP6u9HrCNIZlijamQr3_BjLoH2vvFMoXir4lYD3mQ67U_OPOqUYncGMF12V4VZVBXo_TwAQ7dIGEDGbJcgsL1VWfFHRRclA_n_x8gGVVlkxBf8W4qy6vSklbU892qc7Mc7A8xV-iiAHU92DN5Luf3Cv7ZdGFoISOuHOR40dK0.f34EwY4SeSViyZ53GYnXDcpP8HsY4LOvWVBSiNClEqA&dib_tag=se&m=A31NFQQ4065CWX&marketplaceID=A19VAU5U5O7RUS&qid=1773379253&refinements=p_36%3A21500-22000&s=merchant-items&sr=1-81&xpid=Ov-oxQKc0VtF1#customerReviews,"Cake Turntable Set of 35, Great for Decorating Finishes, Bread Making Tools, Cranks, Knives, 10.6 inches (27 cm), Cake Making Clean Finish"
B0BJ8DCG97,,,,
B0BHXZWNJ7,,215.16,https://www.amazon.sg/Takara-Masters-DM22-BD1-Legend-Dragon/dp/B0BHXZWNJ7/ref=sr_1_82?dib=eyJ2IjoiMSJ9._gGP6u9HrCNIZlijamQr3_BjLoH2vvFMoXir4lYD3mQ67U_OPOqUYncGMF12V4VZVBXo_TwAQ7dIGEDGbJcgsL1VWfFHRRclA_n_x8gGVVlkxBf8W4qy6vSklbU892qc7Mc7A8xV-iiAHU92DN5Luf3Cv7ZdGFoISOuHOR40dK0.f34EwY4SeSViyZ53GYnXDcpP8HsY4LOvWVBSiNClEqA&dib_tag=se&m=A31NFQQ4065CWX&marketplaceID=A19VAU5U5O7RUS&qid=1773379253&refinements=p_36%3A21500-22000&s=merchant-items&sr=1-82&xpid=Ov-oxQKc0VtF1#customerReviews,Takara Tomy Duel Masters TCG DM22-BD1 Legend Super Deck Dragon Fire
B0BHXZWNJ7,,,,
B0BHCJSF4D,,218.4,https://www.amazon.sg/Kotobukiya-Hakusho-statuette-ARTFXJ-Kuwabara/dp/B0BHCJSF4D/ref=sr_1_83?dib=eyJ2IjoiMSJ9._gGP6u9HrCNIZlijamQr3_BjLoH2vvFMoXir4lYD3mQ67U_OPOqUYncGMF12V4VZVBXo_TwAQ7dIGEDGbJcgsL1VWfFHRRclA_n_x8gGVVlkxBf8W4qy6vSklbU892qc7Mc7A8xV-iiAHU92DN5Luf3Cv7ZdGFoISOuHOR40dK0.f34EwY4SeSViyZ53GYnXDcpP8HsY4LOvWVBSiNClEqA&dib_tag=se&m=A31NFQQ4065CWX&marketplaceID=A19VAU5U5O7RUS&qid=1773379253&refinements=p_36%3A21500-22000&s=merchant-items&sr=1-83&xpid=Ov-oxQKc0VtF1#customerReviews,Kotobukiya Yu Yu Hakusho statuette PVC ARTFXJ 1/8 Kazuma Kuwabara 22 cm
B0BGKLYC28,,224.99,https://www.amazon.sg/RIBOSE-Diving-Kawaii-Painted-Complete/dp/B0BGKLYC28/ref=sr_1_84?dib=eyJ2IjoiMSJ9._gGP6u9HrCNIZlijamQr3_BjLoH2vvFMoXir4lYD3mQ67U_OPOqUYncGMF12V4VZVBXo_TwAQ7dIGEDGbJcgsL1VWfFHRRclA_n_x8gGVVlkxBf8W4qy6vSklbU892qc7Mc7A8xV-iiAHU92DN5Luf3Cv7ZdGFoISOuHOR40dK0.f34EwY4SeSViyZ53GYnXDcpP8HsY4LOvWVBSiNClEqA&dib_tag=se&m=A31NFQQ4065CWX&marketplaceID=A19VAU5U5O7RUS&qid=1773379253&refinements=p_36%3A21500-22000&s=merchant-items&sr=1-84&xpid=Ov-oxQKc0VtF1,RIBOSE Azur Lane U 110 Diving Shark Kawaii Dream 1/7 Scale PVC & ABS Painted Complete Figure
B0B7R66WGS,,260.59,https://www.amazon.sg/PRISMA-Quintessential-Quintuplets-Yotsuba-Complete/dp/B0B7R66WGS/ref=sr_1_85?dib=eyJ2IjoiMSJ9._gGP6u9HrCNIZlijamQr3_BjLoH2vvFMoXir4lYD3mQ67U_OPOqUYncGMF12V4VZVBXo_TwAQ7dIGEDGbJcgsL1VWfFHRRclA_n_x8gGVVlkxBf8W4qy6vSklbU892qc7Mc7A8xV-iiAHU92DN5Luf3Cv7ZdGFoISOuHOR40dK0.f34EwY4SeSViyZ53GYnXDcpP8HsY4LOvWVBSiNClEqA&dib_tag=se&m=A31NFQQ4065CWX&marketplaceID=A19VAU5U5O7RUS&qid=1773379253&refinements=p_36%3A21500-22000&s=merchant-items&sr=1-85&xpid=Ov-oxQKc0VtF1#customerReviews,"PRISMA WING The Quintessential Quintuplets, Nakano Yotsuba, 1/7 Scale Complete Figure"
B0B7R66WGS,,,,
B0B7564SC7,,226.13,https://www.amazon.sg/Deda-SUPERZERO-31-7-Cycle-Parts/dp/B0B7564SC7/ref=sr_1_86?dib=eyJ2IjoiMSJ9._gGP6u9HrCNIZlijamQr3_BjLoH2vvFMoXir4lYD3mQ67U_OPOqUYncGMF12V4VZVBXo_TwAQ7dIGEDGbJcgsL1VWfFHRRclA_n_x8gGVVlkxBf8W4qy6vSklbU892qc7Mc7A8xV-iiAHU92DN5Luf3Cv7ZdGFoISOuHOR40dK0.f34EwY4SeSViyZ53GYnXDcpP8HsY4LOvWVBSiNClEqA&dib_tag=se&m=A31NFQQ4065CWX&marketplaceID=A19VAU5U5O7RUS&qid=1773379253&refinements=p_36%3A21500-22000&s=merchant-items&sr=1-86&xpid=Ov-oxQKc0VtF1#customerReviews,Deda SUPERZERO RS POB 31.7/ Stem Cycle Parts
B0B7564SC7,,,,
B0B71QYC3Y,,234.57,https://www.amazon.sg/BOSS-CB-BU10-Ultimate-Purpose-Equipment/dp/B0B71QYC3Y/ref=sr_1_87?dib=eyJ2IjoiMSJ9._gGP6u9HrCNIZlijamQr3_BjLoH2vvFMoXir4lYD3mQ67U_OPOqUYncGMF12V4VZVBXo_TwAQ7dIGEDGbJcgsL1VWfFHRRclA_n_x8gGVVlkxBf8W4qy6vSklbU892qc7Mc7A8xV-iiAHU92DN5Luf3Cv7ZdGFoISOuHOR40dK0.f34EwY4SeSViyZ53GYnXDcpP8HsY4LOvWVBSiNClEqA&dib_tag=se&m=A31NFQQ4065CWX&marketplaceID=A19VAU5U5O7RUS&qid=1773379253&refinements=p_36%3A21500-22000&s=merchant-items&sr=1-87&xpid=Ov-oxQKc0VtF1#customerReviews,"BOSS CB-BU10, The Ultimate All Purpose Gigbag for Your Music Equipment"
B0B71QYC3Y,,,,
B0B5SQKT1D,,217.54,https://www.amazon.sg/Darkness-Uniform-Momioka-Pre-Painted-Complete/dp/B0B5SQKT1D/ref=sr_1_88?dib=eyJ2IjoiMSJ9._gGP6u9HrCNIZlijamQr3_BjLoH2vvFMoXir4lYD3mQ67U_OPOqUYncGMF12V4VZVBXo_TwAQ7dIGEDGbJcgsL1VWfFHRRclA_n_x8gGVVlkxBf8W4qy6vSklbU892qc7Mc7A8xV-iiAHU92DN5Luf3Cv7ZdGFoISOuHOR40dK0.f34EwY4SeSViyZ53GYnXDcpP8HsY4LOvWVBSiNClEqA&dib_tag=se&m=A31NFQQ4065CWX&marketplaceID=A19VAU5U5O7RUS&qid=1773379253&refinements=p_36%3A21500-22000&s=merchant-items&sr=1-88&xpid=Ov-oxQKc0VtF1#customerReviews,ToLove Ru Darkness Uniform Series Risa Momioka 1/6 1/6 Scale PVC & ABS Pre-Painted Complete Figure Skin Color
B0B31B7YSD,,217.14,https://www.amazon.sg/DAIWA-Genuine-Celtate-5000-XH-Number/dp/B0B31B7YSD/ref=sr_1_89?dib=eyJ2IjoiMSJ9._gGP6u9HrCNIZlijamQr3_BjLoH2vvFMoXir4lYD3mQ67U_OPOqUYncGMF12V4VZVBXo_TwAQ7dIGEDGbJcgsL1VWfFHRRclA_n_x8gGVVlkxBf8W4qy6vSklbU892qc7Mc7A8xV-iiAHU92DN5Luf3Cv7ZdGFoISOuHOR40dK0.f34EwY4SeSViyZ53GYnXDcpP8HsY4LOvWVBSiNClEqA&dib_tag=se&m=A31NFQQ4065CWX&marketplaceID=A19VAU5U5O7RUS&qid=1773379253&refinements=p_36%3A21500-22000&s=merchant-items&sr=1-89&xpid=Ov-oxQKc0VtF1,DAIWA Genuine Part 21 Celtate SW 5000-XH Spool (2-12) Part Number: 9 Part Number: 128E66
B0B31B7YSD,,,,
B09Z6JF69X,,217.08,https://www.amazon.sg/Special-Effects-Ultraman-Specium-Version/dp/B09Z6JF69X/ref=sr_1_90?dib=eyJ2IjoiMSJ9._gGP6u9HrCNIZlijamQr3_BjLoH2vvFMoXir4lYD3mQ67U_OPOqUYncGMF12V4VZVBXo_TwAQ7dIGEDGbJcgsL1VWfFHRRclA_n_x8gGVVlkxBf8W4qy6vSklbU892qc7Mc7A8xV-iiAHU92DN5Luf3Cv7ZdGFoISOuHOR40dK0.f34EwY4SeSViyZ53GYnXDcpP8HsY4LOvWVBSiNClEqA&dib_tag=se&m=A31NFQQ4065CWX&marketplaceID=A19VAU5U5O7RUS&qid=1773379253&refinements=p_36%3A21500-22000&s=merchant-items&sr=1-90&xpid=Ov-oxQKc0VtF1#customerReviews,"CCP1/6 Special Effects Series ""Ultraman (Sin Ultraman) Specium Ray High Grade Version"""
B09PZTFHJ8,,220.0,https://www.amazon.sg/CNB-CB580U1-Cushion-Thickness-Soprano/dp/B09PZTFHJ8/ref=sr_1_91?dib=eyJ2IjoiMSJ9._gGP6u9HrCNIZlijamQr3_BjLoH2vvFMoXir4lYD3mQ67U_OPOqUYncGMF12V4VZVBXo_TwAQ7dIGEDGbJcgsL1VWfFHRRclA_n_x8gGVVlkxBf8W4qy6vSklbU892qc7Mc7A8xV-iiAHU92DN5Luf3Cv7ZdGFoISOuHOR40dK0.f34EwY4SeSViyZ53GYnXDcpP8HsY4LOvWVBSiNClEqA&dib_tag=se&m=A31NFQQ4065CWX&marketplaceID=A19VAU5U5O7RUS&qid=1773379253&refinements=p_36%3A21500-22000&s=merchant-items&sr=1-91&xpid=Ov-oxQKc0VtF1#customerReviews,CNB CB580U1 Cushion Thickness: 0.4 inch (10 mm) Soprano Ukulele Gig Bag
B09PZTFHJ8,,,,
B09PZTFHJ8,,220.0,https://www.amazon.sg/CNB-CB580U1-Cushion-Thickness-Soprano/dp/B09PZTFHJ8/ref=sr_1_97?dib=eyJ2IjoiMSJ9.Z1Agkde2w3ioxzik2sCubMDkmWkHEeZQstqfui6RzQMA5REvJBqETY3qCjXsvsCFBkl5ri-GCPsrS-eW1u4iyg.AUPjumXl7sfwa88sPY12s20n6LLgXbdnC2DVOUsfWtM&dib_tag=se&m=A31NFQQ4065CWX&marketplaceID=A19VAU5U5O7RUS&qid=1773379258&refinements=p_36%3A21500-22000&s=merchant-items&sr=1-97&xpid=Ov-oxQKc0VtF1#customerReviews,CNB CB580U1 Cushion Thickness: 0.4 inch (10 mm) Soprano Ukulele Gig Bag
B09PZTFHJ8,,,,
B09NN5G9Q1,,219.85,https://www.amazon.sg/Alter-Idolm-Ster-Shiny-Colors/dp/B09NN5G9Q1/ref=sr_1_98?dib=eyJ2IjoiMSJ9.Z1Agkde2w3ioxzik2sCubMDkmWkHEeZQstqfui6RzQMA5REvJBqETY3qCjXsvsCFBkl5ri-GCPsrS-eW1u4iyg.AUPjumXl7sfwa88sPY12s20n6LLgXbdnC2DVOUsfWtM&dib_tag=se&m=A31NFQQ4065CWX&marketplaceID=A19VAU5U5O7RUS&qid=1773379258&refinements=p_36%3A21500-22000&s=merchant-items&sr=1-98&xpid=Ov-oxQKc0VtF1#customerReviews,Alter The Idolm@Ster Shiny Colors - Kuwayama Chiyuki Formal Look Serenade Ver.
B09MYWBRP6,,220.0,https://www.amazon.sg/Japanese-Representative-SAMURAI-Folding-Container/dp/B09MYWBRP6/ref=sr_1_99?dib=eyJ2IjoiMSJ9.Z1Agkde2w3ioxzik2sCubMDkmWkHEeZQstqfui6RzQMA5REvJBqETY3qCjXsvsCFBkl5ri-GCPsrS-eW1u4iyg.AUPjumXl7sfwa88sPY12s20n6LLgXbdnC2DVOUsfWtM&dib_tag=se&m=A31NFQQ4065CWX&marketplaceID=A19VAU5U5O7RUS&qid=1773379258&refinements=p_36%3A21500-22000&s=merchant-items&sr=1-99&xpid=Ov-oxQKc0VtF1#customerReviews,JFA Japanese Representative (SAMURAI BLUE) Folding Container
B09MYWBRP6,,,,
B09MT8Y9DH,,219.38,https://www.amazon.sg/Shot-Navi-LaserSniper-Lightweight-Rechargeable/dp/B09MT8Y9DH/ref=sr_1_100?dib=eyJ2IjoiMSJ9.Z1Agkde2w3ioxzik2sCubMDkmWkHEeZQstqfui6RzQMA5REvJBqETY3qCjXsvsCFBkl5ri-GCPsrS-eW1u4iyg.AUPjumXl7sfwa88sPY12s20n6LLgXbdnC2DVOUsfWtM&dib_tag=se&m=A31NFQQ4065CWX&marketplaceID=A19VAU5U5O7RUS&qid=1773379258&refinements=p_36%3A21500-22000&s=merchant-items&sr=1-100&xpid=Ov-oxQKc0VtF1#customerReviews,"Shot Navi Golf Laser Distance Measuring Device, LaserSniper Nano WH, Ultra Lightweight, Made in Japan, 6x Zoom, 1000y Measurement, High Speed 0.3 Second Measurement, Height Difference, Rechargeable,"
B09MT8Y9DH,,,,
B09K41MT5L,,215.93,https://www.amazon.sg/VAUDE-Wizard-Black-Umbra-Size/dp/B09K41MT5L/ref=sr_1_101?dib=eyJ2IjoiMSJ9.Z1Agkde2w3ioxzik2sCubMDkmWkHEeZQstqfui6RzQMA5REvJBqETY3qCjXsvsCFBkl5ri-GCPsrS-eW1u4iyg.AUPjumXl7sfwa88sPY12s20n6LLgXbdnC2DVOUsfWtM&dib_tag=se&m=A31NFQQ4065CWX&marketplaceID=A19VAU5U5O7RUS&qid=1773379258&refinements=p_36%3A21500-22000&s=merchant-items&sr=1-101&xpid=Ov-oxQKc0VtF1#customerReviews,"VAUDE Wizard 30+4 Hiking Backpack, Water-Repellent, for Men and Women, Comfortable Trekking Backpack with Sophisticated Carrying System and Practical Compartment Division"
B09K41MT5L,,,,
B09K33PYLM,,219.25,https://www.amazon.sg/RAM-Low-Profile-Tough-Claw-RAM-HOL-UN10-400-2U-Diameter/dp/B09K33PYLM/ref=sr_1_97?dib=eyJ2IjoiMSJ9.mwgp6I3UyEPikkFTUQB6Pbwf-3gUaJxk2boyZx7QNH5qhXuf1MavIv4OQik8vxeTQBaHhG28QPnNONkSphg26KuvMQ6aTyuKaOKLL9wp-Na9y9bs6Cv688Kk483dheTE_jNJ90dIRABlVYyM5NMYBp9Tj7OYGBE1l1EiTZ9RNo0.avAJZqQAdrLIaNGpIZihLqzqJjWdhxOzyCeKdtkaMZA&dib_tag=se&m=A31NFQQ4065CWX&marketplaceID=A19VAU5U5O7RUS&qid=1773379258&refinements=p_36%3A21500-22000&s=merchant-items&sr=1-97&xpid=Ov-oxQKc0VtF1#customerReviews,"RAM Mounts X-Grip Large Phone Mount with Low-Profile RAM Tough-Claw RAM-HOL-UN10-400-2U for Rails 0.625"" to 1.5"" in Diameter"
B09K33PYLM,,,,
B09JSJK2C8,,217.11,https://www.amazon.sg/RITCHEY-BUTANO-BLATTE-Drop-Handlebar/dp/B09JSJK2C8/ref=sr_1_98?dib=eyJ2IjoiMSJ9.mwgp6I3UyEPikkFTUQB6Pbwf-3gUaJxk2boyZx7QNH5qhXuf1MavIv4OQik8vxeTQBaHhG28QPnNONkSphg26KuvMQ6aTyuKaOKLL9wp-Na9y9bs6Cv688Kk483dheTE_jNJ90dIRABlVYyM5NMYBp9Tj7OYGBE1l1EiTZ9RNo0.avAJZqQAdrLIaNGpIZihLqzqJjWdhxOzyCeKdtkaMZA&dib_tag=se&m=A31NFQQ4065CWX&marketplaceID=A19VAU5U5O7RUS&qid=1773379258&refinements=p_36%3A21500-22000&s=merchant-items&sr=1-98&xpid=Ov-oxQKc0VtF1,RITCHEY WCS Bar BUTANO V2 BLATTE 460 C-C Drop Handlebar
B09JSJK2C8,,,,
B09JNNVWCG,,219.98,https://www.amazon.sg/Daiki-Cat-ish-Kuroneko-Chan-Matarou-Figure/dp/B09JNNVWCG/ref=sr_1_99?dib=eyJ2IjoiMSJ9.mwgp6I3UyEPikkFTUQB6Pbwf-3gUaJxk2boyZx7QNH5qhXuf1MavIv4OQik8vxeTQBaHhG28QPnNONkSphg26KuvMQ6aTyuKaOKLL9wp-Na9y9bs6Cv688Kk483dheTE_jNJ90dIRABlVYyM5NMYBp9Tj7OYGBE1l1EiTZ9RNo0.avAJZqQAdrLIaNGpIZihLqzqJjWdhxOzyCeKdtkaMZA&dib_tag=se&m=A31NFQQ4065CWX&marketplaceID=A19VAU5U5O7RUS&qid=1773379258&refinements=p_36%3A21500-22000&s=merchant-items&sr=1-99&xpid=Ov-oxQKc0VtF1#customerReviews,Daiki - Cat-ish Girl Kuroneko-Chan Illus By Matarou 1/6 PVC Figure (A)
B09HRY37NN,,219.86,https://www.amazon.sg/Nendoroid-GAS12667-Producer-Non-Scale-Pre-Painted/dp/B09HRY37NN/ref=sr_1_100?dib=eyJ2IjoiMSJ9.mwgp6I3UyEPikkFTUQB6Pbwf-3gUaJxk2boyZx7QNH5qhXuf1MavIv4OQik8vxeTQBaHhG28QPnNONkSphg26KuvMQ6aTyuKaOKLL9wp-Na9y9bs6Cv688Kk483dheTE_jNJ90dIRABlVYyM5NMYBp9Tj7OYGBE1l1EiTZ9RNo0.avAJZqQAdrLIaNGpIZihLqzqJjWdhxOzyCeKdtkaMZA&dib_tag=se&m=A31NFQQ4065CWX&marketplaceID=A19VAU5U5O7RUS&qid=1773379258&refinements=p_36%3A21500-22000&s=merchant-items&sr=1-100&xpid=Ov-oxQKc0VtF1#customerReviews,"Nendoroid Doll GAS12667 Love Producer EVOL x LOVE Haku Misui Senka Version, Non-Scale, Plastic, Pre-Painted Action Figure"
B09GG28X4F,,216.16,https://www.amazon.sg/KK13686-Pendragon-Festival-Pre-painted-Complete/dp/B09GG28X4F/ref=sr_1_101?dib=eyJ2IjoiMSJ9.mwgp6I3UyEPikkFTUQB6Pbwf-3gUaJxk2boyZx7QNH5qhXuf1MavIv4OQik8vxeTQBaHhG28QPnNONkSphg26KuvMQ6aTyuKaOKLL9wp-Na9y9bs6Cv688Kk483dheTE_jNJ90dIRABlVYyM5NMYBp9Tj7OYGBE1l1EiTZ9RNo0.avAJZqQAdrLIaNGpIZihLqzqJjWdhxOzyCeKdtkaMZA&dib_tag=se&m=A31NFQQ4065CWX&marketplaceID=A19VAU5U5O7RUS&qid=1773379258&refinements=p_36%3A21500-22000&s=merchant-items&sr=1-101&xpid=Ov-oxQKc0VtF1#customerReviews,"KDcolle KK13686 Fate/Grand Order Saber/Altria Pendragon (Lily), English Spirit Festival Version, 1/7 Scale, ABS & PVC, Pre-painted Complete Figure"
B09FY5LW45,,216.31,https://www.amazon.sg/Takara-Tomy-Olina-Stylish-Plus/dp/B09FY5LW45/ref=sr_1_102?dib=eyJ2IjoiMSJ9.mwgp6I3UyEPikkFTUQB6Pbwf-3gUaJxk2boyZx7QNH5qhXuf1MavIv4OQik8vxeTQBaHhG28QPnNONkSphg26KuvMQ6aTyuKaOKLL9wp-Na9y9bs6Cv688Kk483dheTE_jNJ90dIRABlVYyM5NMYBp9Tj7OYGBE1l1EiTZ9RNo0.avAJZqQAdrLIaNGpIZihLqzqJjWdhxOzyCeKdtkaMZA&dib_tag=se&m=A31NFQQ4065CWX&marketplaceID=A19VAU5U5O7RUS&qid=1773379258&refinements=p_36%3A21500-22000&s=merchant-items&sr=1-102&xpid=Ov-oxQKc0VtF1#customerReviews,Takara Tomy Olina Stylish + (Plus)
B097T3K321,,224.6,https://www.amazon.sg/Monster-Pelican-Pelecanus-LB92390-Complete/dp/B097T3K321/ref=sr_1_103?dib=eyJ2IjoiMSJ9.mwgp6I3UyEPikkFTUQB6Pbwf-3gUaJxk2boyZx7QNH5qhXuf1MavIv4OQik8vxeTQBaHhG28QPnNONkSphg26KuvMQ6aTyuKaOKLL9wp-Na9y9bs6Cv688Kk483dheTE_jNJ90dIRABlVYyM5NMYBp9Tj7OYGBE1l1EiTZ9RNo0.avAJZqQAdrLIaNGpIZihLqzqJjWdhxOzyCeKdtkaMZA&dib_tag=se&m=A31NFQQ4065CWX&marketplaceID=A19VAU5U5O7RUS&qid=1773379258&refinements=p_36%3A21500-22000&s=merchant-items&sr=1-103&xpid=Ov-oxQKc0VtF1#customerReviews,Monster Girl Pelican Pelecanus LB92390 1/7 Scale PVC Painted Complete Figure
B096DDZD8J,,219.75,https://www.amazon.sg/Glorious-GMMK-65-Pre-Built-GLO-GMMK2-65-FOX-W/dp/B096DDZD8J/ref=sr_1_104?dib=eyJ2IjoiMSJ9.mwgp6I3UyEPikkFTUQB6Pbwf-3gUaJxk2boyZx7QNH5qhXuf1MavIv4OQik8vxeTQBaHhG28QPnNONkSphg26KuvMQ6aTyuKaOKLL9wp-Na9y9bs6Cv688Kk483dheTE_jNJ90dIRABlVYyM5NMYBp9Tj7OYGBE1l1EiTZ9RNo0.avAJZqQAdrLIaNGpIZihLqzqJjWdhxOzyCeKdtkaMZA&dib_tag=se&m=A31NFQQ4065CWX&marketplaceID=A19VAU5U5O7RUS&qid=1773379258&refinements=p_36%3A21500-22000&s=merchant-items&sr=1-104&xpid=Ov-oxQKc0VtF1#customerReviews,Glorious GMMK 2 65% (Pre-Built) - White Mechanical Keyboard GLO-GMMK2-65-FOX-W KB628
B096DDZD8J,,,,
B094Y66KK4,,228.64,https://www.amazon.sg/TONE-MX31340BK-Socket-Wrench-inches/dp/B094Y66KK4/ref=sr_1_105?dib=eyJ2IjoiMSJ9.mwgp6I3UyEPikkFTUQB6Pbwf-3gUaJxk2boyZx7QNH5qhXuf1MavIv4OQik8vxeTQBaHhG28QPnNONkSphg26KuvMQ6aTyuKaOKLL9wp-Na9y9bs6Cv688Kk483dheTE_jNJ90dIRABlVYyM5NMYBp9Tj7OYGBE1l1EiTZ9RNo0.avAJZqQAdrLIaNGpIZihLqzqJjWdhxOzyCeKdtkaMZA&dib_tag=se&m=A31NFQQ4065CWX&marketplaceID=A19VAU5U5O7RUS&qid=1773379258&refinements=p_36%3A21500-22000&s=merchant-items&sr=1-105&xpid=Ov-oxQKc0VtF1#customerReviews,"TONE MX31340BK Socket Wrench Set, 0.3 inches (9.5 mm) Drive Angle, Black 17 Pieces"
B094Y66KK4,,,,
B094Q2T5VN,,219.57,https://www.amazon.sg/Animals-Pedal-Vintage-Overdrive-Effector/dp/B094Q2T5VN/ref=sr_1_106?dib=eyJ2IjoiMSJ9.mwgp6I3UyEPikkFTUQB6Pbwf-3gUaJxk2boyZx7QNH5qhXuf1MavIv4OQik8vxeTQBaHhG28QPnNONkSphg26KuvMQ6aTyuKaOKLL9wp-Na9y9bs6Cv688Kk483dheTE_jNJ90dIRABlVYyM5NMYBp9Tj7OYGBE1l1EiTZ9RNo0.avAJZqQAdrLIaNGpIZihLqzqJjWdhxOzyCeKdtkaMZA&dib_tag=se&m=A31NFQQ4065CWX&marketplaceID=A19VAU5U5O7RUS&qid=1773379258&refinements=p_36%3A21500-22000&s=merchant-items&sr=1-106&xpid=Ov-oxQKc0VtF1,Animals Pedal Vintage Van Driving is Very Fun Overdrive Guitar Effector
B094Q2T5VN,,,,
B093X1C1NN,,216.0,https://www.amazon.sg/Furisode-AMU-FNX259-Certain-Electromagnetic-Finished/dp/B093X1C1NN/ref=sr_1_107?dib=eyJ2IjoiMSJ9.mwgp6I3UyEPikkFTUQB6Pbwf-3gUaJxk2boyZx7QNH5qhXuf1MavIv4OQik8vxeTQBaHhG28QPnNONkSphg26KuvMQ6aTyuKaOKLL9wp-Na9y9bs6Cv688Kk483dheTE_jNJ90dIRABlVYyM5NMYBp9Tj7OYGBE1l1EiTZ9RNo0.avAJZqQAdrLIaNGpIZihLqzqJjWdhxOzyCeKdtkaMZA&dib_tag=se&m=A31NFQQ4065CWX&marketplaceID=A19VAU5U5O7RUS&qid=1773379258&refinements=p_36%3A21500-22000&s=merchant-items&sr=1-107&xpid=Ov-oxQKc0VtF1,Furisode AMU-FNX259 A Certain Science Super Electromagnetic Gun T Misaka Mikoto Furisode 1/7 Scale PVC Painted Finished Product Figure
B0923CD7XJ,,219.14,https://www.amazon.sg/Nakajima-Corporation-159069-21-Howa-Hangyodon/dp/B0923CD7XJ/ref=sr_1_113?dib=eyJ2IjoiMSJ9.UReiZnKlpruYlC_h6IW6gI97wyRQnr_pLQErmoW95hKe6EpTydp21OGDVdCeNrCEIwP-UVusxbvswaZywgWWKw.O1HTnYlsuEc2uugrjp79-iYsL7GalnXYT1RzCo9VMHw&dib_tag=se&m=A31NFQQ4065CWX&marketplaceID=A19VAU5U5O7RUS&qid=1773379263&refinements=p_36%3A21500-22000&s=merchant-items&sr=1-113&xpid=Ov-oxQKc0VtF1,"Nakajima Corporation 159069-21 Howa Hangyodon, 0.6 gal (2 L)"
B08ZSF618H,,238.36,https://www.amazon.sg/Pendragon-English-Version-Pre-painted-Complete/dp/B08ZSF618H/ref=sr_1_114?dib=eyJ2IjoiMSJ9.UReiZnKlpruYlC_h6IW6gI97wyRQnr_pLQErmoW95hKe6EpTydp21OGDVdCeNrCEIwP-UVusxbvswaZywgWWKw.O1HTnYlsuEc2uugrjp79-iYsL7GalnXYT1RzCo9VMHw&dib_tag=se&m=A31NFQQ4065CWX&marketplaceID=A19VAU5U5O7RUS&qid=1773379263&refinements=p_36%3A21500-22000&s=merchant-items&sr=1-114&xpid=Ov-oxQKc0VtF1#customerReviews,"Fate/Grand Order G94299 Saber/Altria Pendragon (Alter), English Spirit Travel Version, 1/7 Scale, ABS & PVC, Pre-painted Complete Figure"
B08XWW7THW,,218.34,https://www.amazon.sg/Yany-BooStar%E2%9C%A7-Screw-Yamaha-Plate/dp/B08XWW7THW/ref=sr_1_115?dib=eyJ2IjoiMSJ9.UReiZnKlpruYlC_h6IW6gI97wyRQnr_pLQErmoW95hKe6EpTydp21OGDVdCeNrCEIwP-UVusxbvswaZywgWWKw.O1HTnYlsuEc2uugrjp79-iYsL7GalnXYT1RzCo9VMHw&dib_tag=se&m=A31NFQQ4065CWX&marketplaceID=A19VAU5U5O7RUS&qid=1773379263&refinements=p_36%3A21500-22000&s=merchant-items&sr=1-115&xpid=Ov-oxQKc0VtF1,Yany BooStar✧ Neck Set Screw for Yamaha Pink Gold Plate
B08XWW7THW,,,,
B08VDKFCF2,,217.35,https://www.amazon.sg/Daiwa-LT2500S-Spinning-21-Caldia/dp/B08VDKFCF2/ref=sr_1_116?dib=eyJ2IjoiMSJ9.UReiZnKlpruYlC_h6IW6gI97wyRQnr_pLQErmoW95hKe6EpTydp21OGDVdCeNrCEIwP-UVusxbvswaZywgWWKw.O1HTnYlsuEc2uugrjp79-iYsL7GalnXYT1RzCo9VMHw&dib_tag=se&m=A31NFQQ4065CWX&marketplaceID=A19VAU5U5O7RUS&qid=1773379263&refinements=p_36%3A21500-22000&s=merchant-items&sr=1-116&xpid=Ov-oxQKc0VtF1#customerReviews,Daiwa Cardia LT Spinning Reel 21 (2021 Model)
B08VDKFCF2,,,,
B08VD7MCPB,,215.87,https://www.amazon.sg/DAIWA-00060272-LT5000-CXH-21-FREAMS/dp/B08VD7MCPB/ref=sr_1_117?dib=eyJ2IjoiMSJ9.UReiZnKlpruYlC_h6IW6gI97wyRQnr_pLQErmoW95hKe6EpTydp21OGDVdCeNrCEIwP-UVusxbvswaZywgWWKw.O1HTnYlsuEc2uugrjp79-iYsL7GalnXYT1RzCo9VMHw&dib_tag=se&m=A31NFQQ4065CWX&marketplaceID=A19VAU5U5O7RUS&qid=1773379263&refinements=p_36%3A21500-22000&s=merchant-items&sr=1-117&xpid=Ov-oxQKc0VtF1#customerReviews,Daiwa Freems LT Spinning Reel 21 (2021 Model)
B08VD7MCPB,,,,
B08T67TX3M,,215.54,https://www.amazon.sg/ALTER-Azur-Lane-Statue-triomphant/dp/B08T67TX3M/ref=sr_1_113?dib=eyJ2IjoiMSJ9._8GUqt_6R0rrTKRY65IdGAFL46h_7zr3l9W808H5HG48PUr_y8W07eNbI5PQ8dH__Olsw_7YzGVighRxpLzjyNcFPfLwvCr4yBEJmrJH9XU6iQB7IJtK6i9A-ZSNGr6TtCFLzg5eLXRD1eJ7wSBNmOwo9ywK0lC9fdaOzR4F6Pg.poT6HaSsNRJGziMKxTy07o7qhk2vntdv7js5NNqLrJ4&dib_tag=se&m=A31NFQQ4065CWX&marketplaceID=A19VAU5U5O7RUS&qid=1773379263&refinements=p_36%3A21500-22000&s=merchant-items&sr=1-113&xpid=Ov-oxQKc0VtF1#customerReviews,ALTER Azur Lane Statue PVC 1/7 le triomphant 24 cm
B08T363WBS,,216.67,https://www.amazon.sg/Kalimba-Thumb-Piano-Keys-Meditation/dp/B08T363WBS/ref=sr_1_114?dib=eyJ2IjoiMSJ9._8GUqt_6R0rrTKRY65IdGAFL46h_7zr3l9W808H5HG48PUr_y8W07eNbI5PQ8dH__Olsw_7YzGVighRxpLzjyNcFPfLwvCr4yBEJmrJH9XU6iQB7IJtK6i9A-ZSNGr6TtCFLzg5eLXRD1eJ7wSBNmOwo9ywK0lC9fdaOzR4F6Pg.poT6HaSsNRJGziMKxTy07o7qhk2vntdv7js5NNqLrJ4&dib_tag=se&m=A31NFQQ4065CWX&marketplaceID=A19VAU5U5O7RUS&qid=1773379263&refinements=p_36%3A21500-22000&s=merchant-items&sr=1-114&xpid=Ov-oxQKc0VtF1#customerReviews,"Kalimba Thumb Piano, 17 Keys — Includes Tuning Hammer and Case — For Meditation, ASMR, Sound Therapy and Yoga, 2-YEAR WARRANTY"
B08T363WBS,,,,
B08MQ13VSJ,,216.49,https://www.amazon.sg/Yamazaki-5125-Freestanding-Vertical-Installation/dp/B08MQ13VSJ/ref=sr_1_115?dib=eyJ2IjoiMSJ9._8GUqt_6R0rrTKRY65IdGAFL46h_7zr3l9W808H5HG48PUr_y8W07eNbI5PQ8dH__Olsw_7YzGVighRxpLzjyNcFPfLwvCr4yBEJmrJH9XU6iQB7IJtK6i9A-ZSNGr6TtCFLzg5eLXRD1eJ7wSBNmOwo9ywK0lC9fdaOzR4F6Pg.poT6HaSsNRJGziMKxTy07o7qhk2vntdv7js5NNqLrJ4&dib_tag=se&m=A31NFQQ4065CWX&marketplaceID=A19VAU5U5O7RUS&qid=1773379263&refinements=p_36%3A21500-22000&s=merchant-items&sr=1-115&xpid=Ov-oxQKc0VtF1#customerReviews,"Yamazaki 5125 Kitchen Freestanding Steel Panel, Vertical Type, Black, Approx. W22.0 x D 5.5 x H 20.3 inches (56 x 14 x 51.5 cm), Tower, Floating Storage, Easy Installation"
B08MQ13VSJ,,,,
B08L5R95HN,,216.67,https://www.amazon.sg/Imabari-Towels-Commercial-Lightweight-mc-ft10/dp/B08L5R95HN/ref=sr_1_116?dib=eyJ2IjoiMSJ9._8GUqt_6R0rrTKRY65IdGAFL46h_7zr3l9W808H5HG48PUr_y8W07eNbI5PQ8dH__Olsw_7YzGVighRxpLzjyNcFPfLwvCr4yBEJmrJH9XU6iQB7IJtK6i9A-ZSNGr6TtCFLzg5eLXRD1eJ7wSBNmOwo9ywK0lC9fdaOzR4F6Pg.poT6HaSsNRJGziMKxTy07o7qhk2vntdv7js5NNqLrJ4&dib_tag=se&m=A31NFQQ4065CWX&marketplaceID=A19VAU5U5O7RUS&qid=1773379263&refinements=p_36%3A21500-22000&s=merchant-items&sr=1-116&xpid=Ov-oxQKc0VtF1,"Imabari Towels, Commercial Use, Face Towels, Set of 10, M Color, 13.4 x 33.9 inches (34 x 86 cm), For Beauty Salons, 100 Colors, Lightweight, Thin (No.94, Maroon Brown) mc-ft10"
B08L5R95HN,,,,
B08H7SD3XC,,236.2,https://www.amazon.sg/Bushiroad-Creative-Dream-Girls-Party/dp/B08H7SD3XC/ref=sr_1_117?dib=eyJ2IjoiMSJ9._8GUqt_6R0rrTKRY65IdGAFL46h_7zr3l9W808H5HG48PUr_y8W07eNbI5PQ8dH__Olsw_7YzGVighRxpLzjyNcFPfLwvCr4yBEJmrJH9XU6iQB7IJtK6i9A-ZSNGr6TtCFLzg5eLXRD1eJ7wSBNmOwo9ywK0lC9fdaOzR4F6Pg.poT6HaSsNRJGziMKxTy07o7qhk2vntdv7js5NNqLrJ4&dib_tag=se&m=A31NFQQ4065CWX&marketplaceID=A19VAU5U5O7RUS&qid=1773379263&refinements=p_36%3A21500-22000&s=merchant-items&sr=1-117&xpid=Ov-oxQKc0VtF1,"Bushiroad Creative Bang Dream! Girls Band Party!: Aya Maruyama Pastel Palletes 1:7 Scale PVC Figure, Multicolor"
B08CMSKJ1C,,218.34,https://www.amazon.sg/Mobile-Police-Patlabor-Moderoid-Multicolor/dp/B08CMSKJ1C/ref=sr_1_118?dib=eyJ2IjoiMSJ9._8GUqt_6R0rrTKRY65IdGAFL46h_7zr3l9W808H5HG48PUr_y8W07eNbI5PQ8dH__Olsw_7YzGVighRxpLzjyNcFPfLwvCr4yBEJmrJH9XU6iQB7IJtK6i9A-ZSNGr6TtCFLzg5eLXRD1eJ7wSBNmOwo9ywK0lC9fdaOzR4F6Pg.poT6HaSsNRJGziMKxTy07o7qhk2vntdv7js5NNqLrJ4&dib_tag=se&m=A31NFQQ4065CWX&marketplaceID=A19VAU5U5O7RUS&qid=1773379263&refinements=p_36%3A21500-22000&s=merchant-items&sr=1-118&xpid=Ov-oxQKc0VtF1#customerReviews,"Mobile Police Patlabor: AV-98 Ingram & Bulldog Set Moderoid Plastic Model Kit, Multicolor"
B089QVJ5YN,,215.73,https://www.amazon.sg/Wolf-Tooth-Upper-Headset-Purple/dp/B089QVJ5YN/ref=sr_1_119?dib=eyJ2IjoiMSJ9._8GUqt_6R0rrTKRY65IdGAFL46h_7zr3l9W808H5HG48PUr_y8W07eNbI5PQ8dH__Olsw_7YzGVighRxpLzjyNcFPfLwvCr4yBEJmrJH9XU6iQB7IJtK6i9A-ZSNGr6TtCFLzg5eLXRD1eJ7wSBNmOwo9ywK0lC9fdaOzR4F6Pg.poT6HaSsNRJGziMKxTy07o7qhk2vntdv7js5NNqLrJ4&dib_tag=se&m=A31NFQQ4065CWX&marketplaceID=A19VAU5U5O7RUS&qid=1773379263&refinements=p_36%3A21500-22000&s=merchant-items&sr=1-119&xpid=Ov-oxQKc0VtF1,Wolf Tooth EC34/28.6 Upper Headset 16mm Stack Purple
B089QVJ5YN,,,,
B0893DT41D,,216.37,https://www.amazon.sg/Shimano-Unisex-Adult-Deore-Crankset/dp/B0893DT41D/ref=sr_1_120?dib=eyJ2IjoiMSJ9._8GUqt_6R0rrTKRY65IdGAFL46h_7zr3l9W808H5HG48PUr_y8W07eNbI5PQ8dH__Olsw_7YzGVighRxpLzjyNcFPfLwvCr4yBEJmrJH9XU6iQB7IJtK6i9A-ZSNGr6TtCFLzg5eLXRD1eJ7wSBNmOwo9ywK0lC9fdaOzR4F6Pg.poT6HaSsNRJGziMKxTy07o7qhk2vntdv7js5NNqLrJ4&dib_tag=se&m=A31NFQQ4065CWX&marketplaceID=A19VAU5U5O7RUS&qid=1773379263&refinements=p_36%3A21500-22000&s=merchant-items&sr=1-120&xpid=Ov-oxQKc0VtF1#customerReviews,"Shimano Unisex - Adult Deore Crankset, Black, One Size"
B0893DT41D,,,,
B086JZ9KFX,,216.67,https://www.amazon.sg/Vitacraft-No-1009-Single-Handpot-inches/dp/B086JZ9KFX/ref=sr_1_121?dib=eyJ2IjoiMSJ9._8GUqt_6R0rrTKRY65IdGAFL46h_7zr3l9W808H5HG48PUr_y8W07eNbI5PQ8dH__Olsw_7YzGVighRxpLzjyNcFPfLwvCr4yBEJmrJH9XU6iQB7IJtK6i9A-ZSNGr6TtCFLzg5eLXRD1eJ7wSBNmOwo9ywK0lC9fdaOzR4F6Pg.poT6HaSsNRJGziMKxTy07o7qhk2vntdv7js5NNqLrJ4&dib_tag=se&m=A31NFQQ4065CWX&marketplaceID=A19VAU5U5O7RUS&qid=1773379263&refinements=p_36%3A21500-22000&s=merchant-items&sr=1-121&xpid=Ov-oxQKc0VtF1#customerReviews,"Vitacraft No.1009 Light Single Handpot 5.9 inches (15 cm), Pink"
B086JZ9KFX,,,,
B084S12JV5,,218.34,https://www.amazon.sg/Wahei-Freiz-Chitose-wooden-handle/dp/B084S12JV5/ref=sr_1_122?dib=eyJ2IjoiMSJ9._8GUqt_6R0rrTKRY65IdGAFL46h_7zr3l9W808H5HG48PUr_y8W07eNbI5PQ8dH__Olsw_7YzGVighRxpLzjyNcFPfLwvCr4yBEJmrJH9XU6iQB7IJtK6i9A-ZSNGr6TtCFLzg5eLXRD1eJ7wSBNmOwo9ywK0lC9fdaOzR4F6Pg.poT6HaSsNRJGziMKxTy07o7qhk2vntdv7js5NNqLrJ4&dib_tag=se&m=A31NFQQ4065CWX&marketplaceID=A19VAU5U5O7RUS&qid=1773379263&refinements=p_36%3A21500-22000&s=merchant-items&sr=1-122&xpid=Ov-oxQKc0VtF1#customerReviews,Wahei Freiz Chitose wooden handle deep pot 22cm
B084S12JV5,,,,
B084M675KC,,254.13,https://www.amazon.sg/Bandai-Gundam-Titanium-Finish-Model/dp/B084M675KC/ref=sr_1_123?dib=eyJ2IjoiMSJ9._8GUqt_6R0rrTKRY65IdGAFL46h_7zr3l9W808H5HG48PUr_y8W07eNbI5PQ8dH__Olsw_7YzGVighRxpLzjyNcFPfLwvCr4yBEJmrJH9XU6iQB7IJtK6i9A-ZSNGr6TtCFLzg5eLXRD1eJ7wSBNmOwo9ywK0lC9fdaOzR4F6Pg.poT6HaSsNRJGziMKxTy07o7qhk2vntdv7js5NNqLrJ4&dib_tag=se&m=A31NFQQ4065CWX&marketplaceID=A19VAU5U5O7RUS&qid=1773379263&refinements=p_36%3A21500-22000&s=merchant-items&sr=1-123&xpid=Ov-oxQKc0VtF1,Bandai RG 1/144 ν Gundam Titanium Finish Model kit
B083YDL7B9,,240.73,https://www.amazon.sg/Wing-Laid-Back-Camp-Shima-Figure/dp/B083YDL7B9/ref=sr_1_129?dib=eyJ2IjoiMSJ9.eXK1kK6YvkSShvvX9gIEeXkG-sZurL2O3tvxuIQG7GtN-n3yaKUrodxYR8plzA1v22zoeJUmVE3a2P7rJ6j8mw.eWfd5ZuuG2-de5Ilj4bkyGthozANJOkXfmXuJQAtZso&dib_tag=se&m=A31NFQQ4065CWX&marketplaceID=A19VAU5U5O7RUS&qid=1773379268&refinements=p_36%3A21500-22000&s=merchant-items&sr=1-129&xpid=Ov-oxQKc0VtF1,Wing Laid-Back Camp: Rin Shima 1:7 Scale PVC Figure
B081YWCSY1,,229.0,https://www.amazon.sg/Pilot-BR-15SS-SS-Oil-Based-Ballpoint-Shining/dp/B081YWCSY1/ref=sr_1_130?dib=eyJ2IjoiMSJ9.eXK1kK6YvkSShvvX9gIEeXkG-sZurL2O3tvxuIQG7GtN-n3yaKUrodxYR8plzA1v22zoeJUmVE3a2P7rJ6j8mw.eWfd5ZuuG2-de5Ilj4bkyGthozANJOkXfmXuJQAtZso&dib_tag=se&m=A31NFQQ4065CWX&marketplaceID=A19VAU5U5O7RUS&qid=1773379268&refinements=p_36%3A21500-22000&s=merchant-items&sr=1-130&xpid=Ov-oxQKc0VtF1#customerReviews,"Pilot BR-15SS-SS Oil-Based Ballpoint Pen, Rise, Fine Point, 0.03 inches (0.7 mm), Shining Silver"
B081YWCSY1,,,,
B08164QS2D,,234.01,https://www.amazon.sg/Megahouse-Portrait-Pirates-Limited-Doctor/dp/B08164QS2D/ref=sr_1_131?dib=eyJ2IjoiMSJ9.eXK1kK6YvkSShvvX9gIEeXkG-sZurL2O3tvxuIQG7GtN-n3yaKUrodxYR8plzA1v22zoeJUmVE3a2P7rJ6j8mw.eWfd5ZuuG2-de5Ilj4bkyGthozANJOkXfmXuJQAtZso&dib_tag=se&m=A31NFQQ4065CWX&marketplaceID=A19VAU5U5O7RUS&qid=1773379268&refinements=p_36%3A21500-22000&s=merchant-items&sr=1-131&xpid=Ov-oxQKc0VtF1#customerReviews,Megahouse Portrait.of.Pirates One Piece “Limited Edition” Ship Doctor Marco
B07Z177Y19,,215.37,https://www.amazon.sg/StarTech-com-J9151A-BX-D-Compatible-Transceiver-J9151A-BX-D-ST/dp/B07Z177Y19/ref=sr_1_132?dib=eyJ2IjoiMSJ9.eXK1kK6YvkSShvvX9gIEeXkG-sZurL2O3tvxuIQG7GtN-n3yaKUrodxYR8plzA1v22zoeJUmVE3a2P7rJ6j8mw.eWfd5ZuuG2-de5Ilj4bkyGthozANJOkXfmXuJQAtZso&dib_tag=se&m=A31NFQQ4065CWX&marketplaceID=A19VAU5U5O7RUS&qid=1773379268&refinements=p_36%3A21500-22000&s=merchant-items&sr=1-132&xpid=Ov-oxQKc0VtF1,StarTech.com SFP+ Module/HP Products J9151A-BX-D Compatible/10GBASE-BX Compliant BiDi Optical Transceiver/1330nmTx 1270nmRx/DDM J9151A-BX-D-ST
B07Z177Y19,,,,
B07YMTHJS9,,222.71,https://www.amazon.sg/THERMAREST-30123-Outdoor-Camping-Blanket/dp/B07YMTHJS9/ref=sr_1_133?dib=eyJ2IjoiMSJ9.eXK1kK6YvkSShvvX9gIEeXkG-sZurL2O3tvxuIQG7GtN-n3yaKUrodxYR8plzA1v22zoeJUmVE3a2P7rJ6j8mw.eWfd5ZuuG2-de5Ilj4bkyGthozANJOkXfmXuJQAtZso&dib_tag=se&m=A31NFQQ4065CWX&marketplaceID=A19VAU5U5O7RUS&qid=1773379268&refinements=p_36%3A21500-22000&s=merchant-items&sr=1-133&xpid=Ov-oxQKc0VtF1#customerReviews,"THERMAREST 30123 Outdoor Camping Blanket, Argo Blanket, Green Print, Large"
B07YMTHJS9,,,,
B07WDGBRKJ,,216.6,https://www.amazon.sg/Bandai-Spirits-RX-77-3-Cannon-N-I-M/dp/B07WDGBRKJ/ref=sr_1_129?dib=eyJ2IjoiMSJ9.4R9OwGiQ8guJ9QBn3WvG08W03aadVDGZjxjTNCPqpp0e-ycUoOOZ0s7vLW2GG5yc7-e-MtL9JexBmRbfXKUwDNsN6Pr7B-PHaC3gNfAuwFehwlc5RAf_mAhH01yiDifD8FbOXAejexC81YuBiXO7DXjv-OCXo9LXAQ5cKptdTyY.N0Vu3TmhrVeEIYO16RwtSl0ohea_iV3d-pbt6zG9PsA&dib_tag=se&m=A31NFQQ4065CWX&marketplaceID=A19VAU5U5O7RUS&qid=1773379268&refinements=p_36%3A21500-22000&s=merchant-items&sr=1-129&xpid=Ov-oxQKc0VtF1#customerReviews,Bandai Robot Spirits Side MS RX-77-3 Gun Cannon Heavy Custom Ver. A.N.I.M.E.
B07WDGBRKJ,,,,
B07VTRRH83,,309.45,https://www.amazon.sg/Jonard-Tools-MS-426-Miniflex-Fiber/dp/B07VTRRH83/ref=sr_1_130?dib=eyJ2IjoiMSJ9.4R9OwGiQ8guJ9QBn3WvG08W03aadVDGZjxjTNCPqpp0e-ycUoOOZ0s7vLW2GG5yc7-e-MtL9JexBmRbfXKUwDNsN6Pr7B-PHaC3gNfAuwFehwlc5RAf_mAhH01yiDifD8FbOXAejexC81YuBiXO7DXjv-OCXo9LXAQ5cKptdTyY.N0Vu3TmhrVeEIYO16RwtSl0ohea_iV3d-pbt6zG9PsA&dib_tag=se&m=A31NFQQ4065CWX&marketplaceID=A19VAU5U5O7RUS&qid=1773379268&refinements=p_36%3A21500-22000&s=merchant-items&sr=1-130&xpid=Ov-oxQKc0VtF1#customerReviews,Jonard Tools MS-426 Miniflex Tube Fiber Optic Cable Slit and Ring Tool (5.8 mm - 12 mm)
B07VTRRH83,,,,
B07SYYCH21,,220.0,https://www.amazon.sg/SHIMANO-Unisex-Adult-FC-M7100-Crankset/dp/B07SYYCH21/ref=sr_1_131?dib=eyJ2IjoiMSJ9.4R9OwGiQ8guJ9QBn3WvG08W03aadVDGZjxjTNCPqpp0e-ycUoOOZ0s7vLW2GG5yc7-e-MtL9JexBmRbfXKUwDNsN6Pr7B-PHaC3gNfAuwFehwlc5RAf_mAhH01yiDifD8FbOXAejexC81YuBiXO7DXjv-OCXo9LXAQ5cKptdTyY.N0Vu3TmhrVeEIYO16RwtSl0ohea_iV3d-pbt6zG9PsA&dib_tag=se&m=A31NFQQ4065CWX&marketplaceID=A19VAU5U5O7RUS&qid=1773379268&refinements=p_36%3A21500-22000&s=merchant-items&sr=1-131&xpid=Ov-oxQKc0VtF1#customerReviews,"SHIMANO Unisex - Adult SLX FC-M7100 Crankset, Black/Grey, 175 mm"
B07SYYCH21,,,,
B07SV2GBLC,,224.66,https://www.amazon.sg/Knipex-L-BOXX%C2%AE-002119LBLE-KNIPEX-Tool/dp/B07SV2GBLC/ref=sr_1_132?dib=eyJ2IjoiMSJ9.4R9OwGiQ8guJ9QBn3WvG08W03aadVDGZjxjTNCPqpp0e-ycUoOOZ0s7vLW2GG5yc7-e-MtL9JexBmRbfXKUwDNsN6Pr7B-PHaC3gNfAuwFehwlc5RAf_mAhH01yiDifD8FbOXAejexC81YuBiXO7DXjv-OCXo9LXAQ5cKptdTyY.N0Vu3TmhrVeEIYO16RwtSl0ohea_iV3d-pbt6zG9PsA&dib_tag=se&m=A31NFQQ4065CWX&marketplaceID=A19VAU5U5O7RUS&qid=1773379268&refinements=p_36%3A21500-22000&s=merchant-items&sr=1-132&xpid=Ov-oxQKc0VtF1#customerReviews,Knipex L-BOXX® 002119LBLE KNIPEX Tool Case
B07SV2GBLC,,,,
B07Q6X71JD,,219.28,https://www.amazon.sg/Orientation-GF-GT1030-E2GB-LP-D5-Graphics/dp/B07Q6X71JD/ref=sr_1_133?dib=eyJ2IjoiMSJ9.4R9OwGiQ8guJ9QBn3WvG08W03aadVDGZjxjTNCPqpp0e-ycUoOOZ0s7vLW2GG5yc7-e-MtL9JexBmRbfXKUwDNsN6Pr7B-PHaC3gNfAuwFehwlc5RAf_mAhH01yiDifD8FbOXAejexC81YuBiXO7DXjv-OCXo9LXAQ5cKptdTyY.N0Vu3TmhrVeEIYO16RwtSl0ohea_iV3d-pbt6zG9PsA&dib_tag=se&m=A31NFQQ4065CWX&marketplaceID=A19VAU5U5O7RUS&qid=1773379268&refinements=p_36%3A21500-22000&s=merchant-items&sr=1-133&xpid=Ov-oxQKc0VtF1#customerReviews,"Brown Orientation GF-GT1030-E2GB/LP/D5 NVIDIA GeForce GT 1030 Graphics Board, 2 GB, Single Fan Model"
B07Q6X71JD,,,,
B07P5KLDBK,,243.63,https://www.amazon.sg/Max-Factory-Saekano-Boring-Girlfriend/dp/B07P5KLDBK/ref=sr_1_134?dib=eyJ2IjoiMSJ9.4R9OwGiQ8guJ9QBn3WvG08W03aadVDGZjxjTNCPqpp0e-ycUoOOZ0s7vLW2GG5yc7-e-MtL9JexBmRbfXKUwDNsN6Pr7B-PHaC3gNfAuwFehwlc5RAf_mAhH01yiDifD8FbOXAejexC81YuBiXO7DXjv-OCXo9LXAQ5cKptdTyY.N0Vu3TmhrVeEIYO16RwtSl0ohea_iV3d-pbt6zG9PsA&dib_tag=se&m=A31NFQQ4065CWX&marketplaceID=A19VAU5U5O7RUS&qid=1773379268&refinements=p_36%3A21500-22000&s=merchant-items&sr=1-134&xpid=Ov-oxQKc0VtF1#customerReviews,Max Factory Saekano: How to Raise A Boring Girlfriend: Megumi Kato 1: 7 Scale PVC Figure
B07NWKHBG4,,240.73,https://www.amazon.sg/Kadokawa-Sword-Art-Online-Version/dp/B07NWKHBG4/ref=sr_1_135?dib=eyJ2IjoiMSJ9.4R9OwGiQ8guJ9QBn3WvG08W03aadVDGZjxjTNCPqpp0e-ycUoOOZ0s7vLW2GG5yc7-e-MtL9JexBmRbfXKUwDNsN6Pr7B-PHaC3gNfAuwFehwlc5RAf_mAhH01yiDifD8FbOXAejexC81YuBiXO7DXjv-OCXo9LXAQ5cKptdTyY.N0Vu3TmhrVeEIYO16RwtSl0ohea_iV3d-pbt6zG9PsA&dib_tag=se&m=A31NFQQ4065CWX&marketplaceID=A19VAU5U5O7RUS&qid=1773379268&refinements=p_36%3A21500-22000&s=merchant-items&sr=1-135&xpid=Ov-oxQKc0VtF1#customerReviews,Kadokawa Sword Art Online: Asuna (Haregi Version) 1: 7 Scale PVC Figure
B07MDCK241,,240.73,https://www.amazon.sg/Wanderer-Nijisanji-Tsukino-Scale-Figure/dp/B07MDCK241/ref=sr_1_136?dib=eyJ2IjoiMSJ9.4R9OwGiQ8guJ9QBn3WvG08W03aadVDGZjxjTNCPqpp0e-ycUoOOZ0s7vLW2GG5yc7-e-MtL9JexBmRbfXKUwDNsN6Pr7B-PHaC3gNfAuwFehwlc5RAf_mAhH01yiDifD8FbOXAejexC81YuBiXO7DXjv-OCXo9LXAQ5cKptdTyY.N0Vu3TmhrVeEIYO16RwtSl0ohea_iV3d-pbt6zG9PsA&dib_tag=se&m=A31NFQQ4065CWX&marketplaceID=A19VAU5U5O7RUS&qid=1773379268&refinements=p_36%3A21500-22000&s=merchant-items&sr=1-136&xpid=Ov-oxQKc0VtF1#customerReviews,Wanderer Nijisanji: Tsukino Mito 1: 7 Scale PVC Figure
B07MDCK241,,,,
B07L6GD976,,236.57,https://www.amazon.sg/Electro-Harmonix-Nano-Battalion-Effects-Pedal/dp/B07L6GD976/ref=sr_1_137?dib=eyJ2IjoiMSJ9.4R9OwGiQ8guJ9QBn3WvG08W03aadVDGZjxjTNCPqpp0e-ycUoOOZ0s7vLW2GG5yc7-e-MtL9JexBmRbfXKUwDNsN6Pr7B-PHaC3gNfAuwFehwlc5RAf_mAhH01yiDifD8FbOXAejexC81YuBiXO7DXjv-OCXo9LXAQ5cKptdTyY.N0Vu3TmhrVeEIYO16RwtSl0ohea_iV3d-pbt6zG9PsA&dib_tag=se&m=A31NFQQ4065CWX&marketplaceID=A19VAU5U5O7RUS&qid=1773379268&refinements=p_36%3A21500-22000&s=merchant-items&sr=1-137&xpid=Ov-oxQKc0VtF1#customerReviews,Electro-Harmonix Nano Battalion Effects Pedal
B07L6GD976,,,,
B07JFYNZB9,,229.51,https://www.amazon.sg/Good-Smile-G94087-Record-Grancrest/dp/B07JFYNZB9/ref=sr_1_138?dib=eyJ2IjoiMSJ9.4R9OwGiQ8guJ9QBn3WvG08W03aadVDGZjxjTNCPqpp0e-ycUoOOZ0s7vLW2GG5yc7-e-MtL9JexBmRbfXKUwDNsN6Pr7B-PHaC3gNfAuwFehwlc5RAf_mAhH01yiDifD8FbOXAejexC81YuBiXO7DXjv-OCXo9LXAQ5cKptdTyY.N0Vu3TmhrVeEIYO16RwtSl0ohea_iV3d-pbt6zG9PsA&dib_tag=se&m=A31NFQQ4065CWX&marketplaceID=A19VAU5U5O7RUS&qid=1773379268&refinements=p_36%3A21500-22000&s=merchant-items&sr=1-138&xpid=Ov-oxQKc0VtF1#customerReviews,"Good Smile G94087 Record Grancrest War: Siluca Meletes 1: 7 Scale PVC Figure, Multicolor"
B07JB1CNXY,,239.65,https://www.amazon.sg/Aniplex-Fate-Extra-Last-Encore/dp/B07JB1CNXY/ref=sr_1_139?dib=eyJ2IjoiMSJ9.4R9OwGiQ8guJ9QBn3WvG08W03aadVDGZjxjTNCPqpp0e-ycUoOOZ0s7vLW2GG5yc7-e-MtL9JexBmRbfXKUwDNsN6Pr7B-PHaC3gNfAuwFehwlc5RAf_mAhH01yiDifD8FbOXAejexC81YuBiXO7DXjv-OCXo9LXAQ5cKptdTyY.N0Vu3TmhrVeEIYO16RwtSl0ohea_iV3d-pbt6zG9PsA&dib_tag=se&m=A31NFQQ4065CWX&marketplaceID=A19VAU5U5O7RUS&qid=1773379268&refinements=p_36%3A21500-22000&s=merchant-items&sr=1-139&xpid=Ov-oxQKc0VtF1,Aniplex Fate/Extra Last Encore: Saber Bathrobe Version 1:7 Scale Pvc Figure
B07H9KQPB6,,250.2,https://www.amazon.sg/Daiwa-LT4000-CXH-Blast-Spinning-Model/dp/B07H9KQPB6/ref=sr_1_145?dib=eyJ2IjoiMSJ9.hEnbMldBYvbVQqCtE5yMfdGFskTzjryRBvE1a6tlgRzMAiIj8_qKEoyOk49tnhs4jp7zOxezlBuOPfYO5Y9-xA.5QdZ-pvg2LDyhGHWfAX3PC2ZVap9D0ren4eAvJzY3gA&dib_tag=se&m=A31NFQQ4065CWX&marketplaceID=A19VAU5U5O7RUS&qid=1773379273&refinements=p_36%3A21500-22000&s=merchant-items&sr=1-145&xpid=Ov-oxQKc0VtF1#customerReviews,Daiwa 18 Blast LT Spinning Reel (2018 Model)
B07H9KQPB6,,,,
B07D5BH9Q8,,219.57,https://www.amazon.sg/Kotobukiya-Frame-Gourai-Battle-Limited/dp/B07D5BH9Q8/ref=sr_1_146?dib=eyJ2IjoiMSJ9.hEnbMldBYvbVQqCtE5yMfdGFskTzjryRBvE1a6tlgRzMAiIj8_qKEoyOk49tnhs4jp7zOxezlBuOPfYO5Y9-xA.5QdZ-pvg2LDyhGHWfAX3PC2ZVap9D0ren4eAvJzY3gA&dib_tag=se&m=A31NFQQ4065CWX&marketplaceID=A19VAU5U5O7RUS&qid=1773379273&refinements=p_36%3A21500-22000&s=merchant-items&sr=1-146&xpid=Ov-oxQKc0VtF1#customerReviews,Kotobukiya Frame Arms Girl Gourai Kai Final Battle Limited Ver. Model Kit
B07BRW47ST,,215.47,https://www.amazon.sg/7781-Ring-spanner-insert-34/dp/B07BRW47ST/ref=sr_1_147?dib=eyJ2IjoiMSJ9.hEnbMldBYvbVQqCtE5yMfdGFskTzjryRBvE1a6tlgRzMAiIj8_qKEoyOk49tnhs4jp7zOxezlBuOPfYO5Y9-xA.5QdZ-pvg2LDyhGHWfAX3PC2ZVap9D0ren4eAvJzY3gA&dib_tag=se&m=A31NFQQ4065CWX&marketplaceID=A19VAU5U5O7RUS&qid=1773379273&refinements=p_36%3A21500-22000&s=merchant-items&sr=1-147&xpid=Ov-oxQKc0VtF1,"7781 Ring spanner insert, 34 x 81 mm"
B07BRW47ST,,,,
B07BR51K7K,,218.34,https://www.amazon.sg/PROFILE-DESIGN-0347250003-Shoulder-105401/dp/B07BR51K7K/ref=sr_1_148?dib=eyJ2IjoiMSJ9.hEnbMldBYvbVQqCtE5yMfdGFskTzjryRBvE1a6tlgRzMAiIj8_qKEoyOk49tnhs4jp7zOxezlBuOPfYO5Y9-xA.5QdZ-pvg2LDyhGHWfAX3PC2ZVap9D0ren4eAvJzY3gA&dib_tag=se&m=A31NFQQ4065CWX&marketplaceID=A19VAU5U5O7RUS&qid=1773379273&refinements=p_36%3A21500-22000&s=merchant-items&sr=1-148&xpid=Ov-oxQKc0VtF1#customerReviews,PROFILE DESIGN DRV/AEROa 105 Drop Bar (31.8) 0347250003 400mm (C-C) Shoulder 105401
B07BR51K7K,,,,
B07B7PHSXF,,217.41,https://www.amazon.sg/KWS-18-Nagashi-Noodles-Battery-Operated/dp/B07B7PHSXF/ref=sr_1_149?dib=eyJ2IjoiMSJ9.hEnbMldBYvbVQqCtE5yMfdGFskTzjryRBvE1a6tlgRzMAiIj8_qKEoyOk49tnhs4jp7zOxezlBuOPfYO5Y9-xA.5QdZ-pvg2LDyhGHWfAX3PC2ZVap9D0ren4eAvJzY3gA&dib_tag=se&m=A31NFQQ4065CWX&marketplaceID=A19VAU5U5O7RUS&qid=1773379273&refinements=p_36%3A21500-22000&s=merchant-items&sr=1-149&xpid=Ov-oxQKc0VtF1#customerReviews,"Do KWS-18 Nagashi Somen Nagashi Somen Nagashi Noodles for Adults, Battery Operated"
B07B7PHSXF,,,,
B07B2P4CB4,,219.3,https://www.amazon.sg/0344680001-Tenta-Chinkue-Black-inches/dp/B07B2P4CB4/ref=sr_1_145?dib=eyJ2IjoiMSJ9.vVeGvWWG3fPorELZAyqb9fMoyfkiNfqpV5uK7endNlSKuSJjMZWAMCKqF816JesK3DolAmY9hdo9iFp1MJYkY4Gexb-zare7RzKXZC8pY8XieByavAZkxzFEUNAuRz5BiHpVgnjuxYLYlwaQspWYTEGRnr7vo69ACDD6iXQ0rKM.O5iYdWb6KrHTFKwkvVLxsh-FoUJ_t_cccqxcwh17emQ&dib_tag=se&m=A31NFQQ4065CWX&marketplaceID=A19VAU5U5O7RUS&qid=1773379273&refinements=p_36%3A21500-22000&s=merchant-items&sr=1-145&xpid=Ov-oxQKc0VtF1,"DEDA 2018 0344680001 Tenta Chinkue, 35 mm, Black, 3.5 inches (90 mm)"
B07B2P4CB4,,,,
B079TCF3MY,,219.75,https://www.amazon.sg/Yokoyama-Mitsuteru-sangokushi-pre-painted-action/dp/B079TCF3MY/ref=sr_1_146?dib=eyJ2IjoiMSJ9.vVeGvWWG3fPorELZAyqb9fMoyfkiNfqpV5uK7endNlSKuSJjMZWAMCKqF816JesK3DolAmY9hdo9iFp1MJYkY4Gexb-zare7RzKXZC8pY8XieByavAZkxzFEUNAuRz5BiHpVgnjuxYLYlwaQspWYTEGRnr7vo69ACDD6iXQ0rKM.O5iYdWb6KrHTFKwkvVLxsh-FoUJ_t_cccqxcwh17emQ&dib_tag=se&m=A31NFQQ4065CWX&marketplaceID=A19VAU5U5O7RUS&qid=1773379273&refinements=p_36%3A21500-22000&s=merchant-items&sr=1-146&xpid=Ov-oxQKc0VtF1,figma Yokoyama Mitsuteru sangokushi Zhi Kanu non scale pre-painted ABS & PVC pre-painted action figure
B079TCF3MY,,,,
B079FM6CWJ,,216.67,https://www.amazon.sg/Lemnos-NL17-01-BK-Divide-Analog/dp/B079FM6CWJ/ref=sr_1_147?dib=eyJ2IjoiMSJ9.vVeGvWWG3fPorELZAyqb9fMoyfkiNfqpV5uK7endNlSKuSJjMZWAMCKqF816JesK3DolAmY9hdo9iFp1MJYkY4Gexb-zare7RzKXZC8pY8XieByavAZkxzFEUNAuRz5BiHpVgnjuxYLYlwaQspWYTEGRnr7vo69ACDD6iXQ0rKM.O5iYdWb6KrHTFKwkvVLxsh-FoUJ_t_cccqxcwh17emQ&dib_tag=se&m=A31NFQQ4065CWX&marketplaceID=A19VAU5U5O7RUS&qid=1773379273&refinements=p_36%3A21500-22000&s=merchant-items&sr=1-147&xpid=Ov-oxQKc0VtF1#customerReviews,"Lemnos NL17-01 BK Lemnos Wall Clock, Divide, Analog, Black"
B079FM6CWJ,,,,
B079FDYGF2,,216.67,https://www.amazon.sg/Remnos-NL17-01-Lemnos-Divide-Analog/dp/B079FDYGF2/ref=sr_1_148?dib=eyJ2IjoiMSJ9.vVeGvWWG3fPorELZAyqb9fMoyfkiNfqpV5uK7endNlSKuSJjMZWAMCKqF816JesK3DolAmY9hdo9iFp1MJYkY4Gexb-zare7RzKXZC8pY8XieByavAZkxzFEUNAuRz5BiHpVgnjuxYLYlwaQspWYTEGRnr7vo69ACDD6iXQ0rKM.O5iYdWb6KrHTFKwkvVLxsh-FoUJ_t_cccqxcwh17emQ&dib_tag=se&m=A31NFQQ4065CWX&marketplaceID=A19VAU5U5O7RUS&qid=1773379273&refinements=p_36%3A21500-22000&s=merchant-items&sr=1-148&xpid=Ov-oxQKc0VtF1#customerReviews,"Remnos NL17-01 OR Lemnos Wall Clock, Divide, Analog, Orange"
B079FDYGF2,,,,
B0796J75S2,,217.37,https://www.amazon.sg/Daiwa-CS160CH-Power-Holder-Black/dp/B0796J75S2/ref=sr_1_149?dib=eyJ2IjoiMSJ9.vVeGvWWG3fPorELZAyqb9fMoyfkiNfqpV5uK7endNlSKuSJjMZWAMCKqF816JesK3DolAmY9hdo9iFp1MJYkY4Gexb-zare7RzKXZC8pY8XieByavAZkxzFEUNAuRz5BiHpVgnjuxYLYlwaQspWYTEGRnr7vo69ACDD6iXQ0rKM.O5iYdWb6KrHTFKwkvVLxsh-FoUJ_t_cccqxcwh17emQ&dib_tag=se&m=A31NFQQ4065CWX&marketplaceID=A19VAU5U5O7RUS&qid=1773379273&refinements=p_36%3A21500-22000&s=merchant-items&sr=1-149&xpid=Ov-oxQKc0VtF1#customerReviews,"Daiwa CS160CH Power Holder, Black"
B0796J75S2,,,,
B075R1DZ2B,,219.3,https://www.amazon.sg/Naval-Review-Nendoroid-Young-Nagato/dp/B075R1DZ2B/ref=sr_1_150?dib=eyJ2IjoiMSJ9.vVeGvWWG3fPorELZAyqb9fMoyfkiNfqpV5uK7endNlSKuSJjMZWAMCKqF816JesK3DolAmY9hdo9iFp1MJYkY4Gexb-zare7RzKXZC8pY8XieByavAZkxzFEUNAuRz5BiHpVgnjuxYLYlwaQspWYTEGRnr7vo69ACDD6iXQ0rKM.O5iYdWb6KrHTFKwkvVLxsh-FoUJ_t_cccqxcwh17emQ&dib_tag=se&m=A31NFQQ4065CWX&marketplaceID=A19VAU5U5O7RUS&qid=1773379273&refinements=p_36%3A21500-22000&s=merchant-items&sr=1-150&xpid=Ov-oxQKc0VtF1#customerReviews,The 肆回 can This Naval Review Nendoroid Young Nagato
B0753QMZBQ,,230.1,https://www.amazon.sg/SEALIFE-Super-Press-Anti-Reflective-Adapter/dp/B0753QMZBQ/ref=sr_1_151?dib=eyJ2IjoiMSJ9.vVeGvWWG3fPorELZAyqb9fMoyfkiNfqpV5uK7endNlSKuSJjMZWAMCKqF816JesK3DolAmY9hdo9iFp1MJYkY4Gexb-zare7RzKXZC8pY8XieByavAZkxzFEUNAuRz5BiHpVgnjuxYLYlwaQspWYTEGRnr7vo69ACDD6iXQ0rKM.O5iYdWb6KrHTFKwkvVLxsh-FoUJ_t_cccqxcwh17emQ&dib_tag=se&m=A31NFQQ4065CWX&marketplaceID=A19VAU5U5O7RUS&qid=1773379273&refinements=p_36%3A21500-22000&s=merchant-items&sr=1-151&xpid=Ov-oxQKc0VtF1#customerReviews,SEALIFE DC-Series Super Macro Press-On Anti-Reflective Lens with 52mm Adapter (SL976)
B0753QMZBQ,,,,
B0751KL3FX,,234.62,https://www.amazon.sg/Elf-Yamada-Eromanga-Sensei-Statue/dp/B0751KL3FX/ref=sr_1_152?dib=eyJ2IjoiMSJ9.vVeGvWWG3fPorELZAyqb9fMoyfkiNfqpV5uK7endNlSKuSJjMZWAMCKqF816JesK3DolAmY9hdo9iFp1MJYkY4Gexb-zare7RzKXZC8pY8XieByavAZkxzFEUNAuRz5BiHpVgnjuxYLYlwaQspWYTEGRnr7vo69ACDD6iXQ0rKM.O5iYdWb6KrHTFKwkvVLxsh-FoUJ_t_cccqxcwh17emQ&dib_tag=se&m=A31NFQQ4065CWX&marketplaceID=A19VAU5U5O7RUS&qid=1773379273&refinements=p_36%3A21500-22000&s=merchant-items&sr=1-152&xpid=Ov-oxQKc0VtF1#customerReviews,Elf Yamada (Eromanga Sensei) Statue
B074XNMGLK,,244.55,https://www.amazon.sg/MXR-Effector-M293-Booster-Mini/dp/B074XNMGLK/ref=sr_1_153?dib=eyJ2IjoiMSJ9.vVeGvWWG3fPorELZAyqb9fMoyfkiNfqpV5uK7endNlSKuSJjMZWAMCKqF816JesK3DolAmY9hdo9iFp1MJYkY4Gexb-zare7RzKXZC8pY8XieByavAZkxzFEUNAuRz5BiHpVgnjuxYLYlwaQspWYTEGRnr7vo69ACDD6iXQ0rKM.O5iYdWb6KrHTFKwkvVLxsh-FoUJ_t_cccqxcwh17emQ&dib_tag=se&m=A31NFQQ4065CWX&marketplaceID=A19VAU5U5O7RUS&qid=1773379273&refinements=p_36%3A21500-22000&s=merchant-items&sr=1-153&xpid=Ov-oxQKc0VtF1#customerReviews,MXR Effector M293 Booster Mini Booster
B074XNMGLK,,,,
B073VCZC83,,243.63,https://www.amazon.sg/Alter-Idolmaster-Cinderella-Girls-Sagisawa/dp/B073VCZC83/ref=sr_1_154?dib=eyJ2IjoiMSJ9.vVeGvWWG3fPorELZAyqb9fMoyfkiNfqpV5uK7endNlSKuSJjMZWAMCKqF816JesK3DolAmY9hdo9iFp1MJYkY4Gexb-zare7RzKXZC8pY8XieByavAZkxzFEUNAuRz5BiHpVgnjuxYLYlwaQspWYTEGRnr7vo69ACDD6iXQ0rKM.O5iYdWb6KrHTFKwkvVLxsh-FoUJ_t_cccqxcwh17emQ&dib_tag=se&m=A31NFQQ4065CWX&marketplaceID=A19VAU5U5O7RUS&qid=1773379273&refinements=p_36%3A21500-22000&s=merchant-items&sr=1-154&xpid=Ov-oxQKc0VtF1#customerReviews,Alter the Idolmaster Cinderella Girls: Fumika Sagisawa (Bright Memories Version) 1:7 Scale Pvc Figure
B073B38BJ6,,215.0,https://www.amazon.sg/Urushiyama-Industries-ARS-F26-Induction-Compatible/dp/B073B38BJ6/ref=sr_1_155?dib=eyJ2IjoiMSJ9.vVeGvWWG3fPorELZAyqb9fMoyfkiNfqpV5uK7endNlSKuSJjMZWAMCKqF816JesK3DolAmY9hdo9iFp1MJYkY4Gexb-zare7RzKXZC8pY8XieByavAZkxzFEUNAuRz5BiHpVgnjuxYLYlwaQspWYTEGRnr7vo69ACDD6iXQ0rKM.O5iYdWb6KrHTFKwkvVLxsh-FoUJ_t_cccqxcwh17emQ&dib_tag=se&m=A31NFQQ4065CWX&marketplaceID=A19VAU5U5O7RUS&qid=1773379273&refinements=p_36%3A21500-22000&s=merchant-items&sr=1-155&xpid=Ov-oxQKc0VtF1#customerReviews,"Urushiyama Metal Industries ARS-F26 Frying Pan, 10.2 inches (26 cm), Induction Compatible, Teflon Platinum Treatment, Made in Japan"
B073B38BJ6,,,,
B07216912J,,218.25,https://www.amazon.sg/Shimano-Unisex-Adult-Shift-2091188900/dp/B07216912J/ref=sr_1_161?dib=eyJ2IjoiMSJ9.f26Xx4xZwCexyvC3eotyHRoutmr1vbI8LEKW7LFY03VY71ga8O3GilTN0mGFaxq57NSnfV_gDnYoAaNM1_qD5Q.2gD8fa5Vje3Buwi3RfSLcXFla7yekNpgiI6IvAZ6qzg&dib_tag=se&m=A31NFQQ4065CWX&marketplaceID=A19VAU5U5O7RUS&qid=1773379278&refinements=p_36%3A21500-22000&s=merchant-items&sr=1-161&xpid=Ov-oxQKc0VtF1#customerReviews,"Shimano Unisex – Adult Shift Brake Lever – 2091188900 Shift Brake Lever, Black, One Size"
B07216912J,,,,
B071L3QZYN,,219.38,https://www.amazon.sg/Banpresto-Dragon-Creator-Vegeta-Figure/dp/B071L3QZYN/ref=sr_1_162?dib=eyJ2IjoiMSJ9.f26Xx4xZwCexyvC3eotyHRoutmr1vbI8LEKW7LFY03VY71ga8O3GilTN0mGFaxq57NSnfV_gDnYoAaNM1_qD5Q.2gD8fa5Vje3Buwi3RfSLcXFla7yekNpgiI6IvAZ6qzg&dib_tag=se&m=A31NFQQ4065CWX&marketplaceID=A19VAU5U5O7RUS&qid=1773379278&refinements=p_36%3A21500-22000&s=merchant-items&sr=1-162&xpid=Ov-oxQKc0VtF1#customerReviews,Banpresto Dragon Ball Z Creator X Creator Great Ape Vegeta Figure
B06ZY11YVP,,215.17,https://www.amazon.sg/purchase-Moony-material-Refill-sheets/dp/B06ZY11YVP/ref=sr_1_163?dib=eyJ2IjoiMSJ9.f26Xx4xZwCexyvC3eotyHRoutmr1vbI8LEKW7LFY03VY71ga8O3GilTN0mGFaxq57NSnfV_gDnYoAaNM1_qD5Q.2gD8fa5Vje3Buwi3RfSLcXFla7yekNpgiI6IvAZ6qzg&dib_tag=se&m=A31NFQQ4065CWX&marketplaceID=A19VAU5U5O7RUS&qid=1773379278&refinements=p_36%3A21500-22000&s=merchant-items&sr=1-163&xpid=Ov-oxQKc0VtF1#customerReviews,(Bulk purchase) Moony wipe Soft material 99% pure water Refill 640 sheets (80 sheets x 8) (x 2 pieces)
B06ZY11YVP,,,,
B06XTWG4YG,,217.08,https://www.amazon.sg/Bahco-Tah484-1500-Planter-Steel-Cable/dp/B06XTWG4YG/ref=sr_1_164?dib=eyJ2IjoiMSJ9.f26Xx4xZwCexyvC3eotyHRoutmr1vbI8LEKW7LFY03VY71ga8O3GilTN0mGFaxq57NSnfV_gDnYoAaNM1_qD5Q.2gD8fa5Vje3Buwi3RfSLcXFla7yekNpgiI6IvAZ6qzg&dib_tag=se&m=A31NFQQ4065CWX&marketplaceID=A19VAU5U5O7RUS&qid=1773379278&refinements=p_36%3A21500-22000&s=merchant-items&sr=1-164&xpid=Ov-oxQKc0VtF1,Bahco Tah484-1500 – Din Tah Planter with Steel Cable 1500
B06XTWG4YG,,,,
B06WVJ8VPS,,226.6,https://www.amazon.sg/Georg-Jensen-3586085-Manhattan-Stainless/dp/B06WVJ8VPS/ref=sr_1_165?dib=eyJ2IjoiMSJ9.f26Xx4xZwCexyvC3eotyHRoutmr1vbI8LEKW7LFY03VY71ga8O3GilTN0mGFaxq57NSnfV_gDnYoAaNM1_qD5Q.2gD8fa5Vje3Buwi3RfSLcXFla7yekNpgiI6IvAZ6qzg&dib_tag=se&m=A31NFQQ4065CWX&marketplaceID=A19VAU5U5O7RUS&qid=1773379278&refinements=p_36%3A21500-22000&s=merchant-items&sr=1-165&xpid=Ov-oxQKc0VtF1#customerReviews,Georg Jensen 3586085 Manhattan Mirror Polished Stainless Steel Wine Cooler
B06WVJ8VPS,,,,
B01N39SW0Y,,256.6,https://www.amazon.sg/Bahco-NS002-33-IRNS002-33-Gold-33/dp/B01N39SW0Y/ref=sr_1_161?dib=eyJ2IjoiMSJ9.vjhB6EuuG18YiipMN3Z7LnXypPSoF2VU2wjFg4CF6kvdouYb8Eurf_RR83QhqsmYaamv5Ahk-1L3qiJu3S5bRVxs3UzrdFlRT16LLCq8Htj-gNO1LmuPWAr7in0wuCGOe2U-66aH_Euc2T-6Gjx3wSk239VyhVmYMGBwbtkAaxw.dtKirY9HugA2xKS4b3cLAn4Cbx2kFL-lKc97CdHLDVI&dib_tag=se&m=A31NFQQ4065CWX&marketplaceID=A19VAU5U5O7RUS&qid=1773379278&refinements=p_36%3A21500-22000&s=merchant-items&sr=1-161&xpid=Ov-oxQKc0VtF1,"Bahco NS002-33 IRNS002-33, Gold, 33 mm"
B01N39SW0Y,,,,
B01MZFO9DN,,217.62,https://www.amazon.sg/Barco-NS0062427-Non-Sparking-Double-Wrench/dp/B01MZFO9DN/ref=sr_1_162?dib=eyJ2IjoiMSJ9.vjhB6EuuG18YiipMN3Z7LnXypPSoF2VU2wjFg4CF6kvdouYb8Eurf_RR83QhqsmYaamv5Ahk-1L3qiJu3S5bRVxs3UzrdFlRT16LLCq8Htj-gNO1LmuPWAr7in0wuCGOe2U-66aH_Euc2T-6Gjx3wSk239VyhVmYMGBwbtkAaxw.dtKirY9HugA2xKS4b3cLAn4Cbx2kFL-lKc97CdHLDVI&dib_tag=se&m=A31NFQQ4065CWX&marketplaceID=A19VAU5U5O7RUS&qid=1773379278&refinements=p_36%3A21500-22000&s=merchant-items&sr=1-162&xpid=Ov-oxQKc0VtF1,Barco NS0062427 Non-Sparking Double Open End Wrench
B01MZFO9DN,,,,
B01MSDAP1P,,215.99,https://www.amazon.sg/Barco-NS10036-Non-Sparking-Hitting-Wrench/dp/B01MSDAP1P/ref=sr_1_163?dib=eyJ2IjoiMSJ9.vjhB6EuuG18YiipMN3Z7LnXypPSoF2VU2wjFg4CF6kvdouYb8Eurf_RR83QhqsmYaamv5Ahk-1L3qiJu3S5bRVxs3UzrdFlRT16LLCq8Htj-gNO1LmuPWAr7in0wuCGOe2U-66aH_Euc2T-6Gjx3wSk239VyhVmYMGBwbtkAaxw.dtKirY9HugA2xKS4b3cLAn4Cbx2kFL-lKc97CdHLDVI&dib_tag=se&m=A31NFQQ4065CWX&marketplaceID=A19VAU5U5O7RUS&qid=1773379278&refinements=p_36%3A21500-22000&s=merchant-items&sr=1-163&xpid=Ov-oxQKc0VtF1,Barco NS10036 Non-Sparking Open End Hitting Wrench
B01MSDAP1P,,,,
B01MRBX2AE,,216.53,https://www.amazon.sg/Bahco-NS006-2729-IRNS006-2729-Double-27X29mm/dp/B01MRBX2AE/ref=sr_1_164?dib=eyJ2IjoiMSJ9.vjhB6EuuG18YiipMN3Z7LnXypPSoF2VU2wjFg4CF6kvdouYb8Eurf_RR83QhqsmYaamv5Ahk-1L3qiJu3S5bRVxs3UzrdFlRT16LLCq8Htj-gNO1LmuPWAr7in0wuCGOe2U-66aH_Euc2T-6Gjx3wSk239VyhVmYMGBwbtkAaxw.dtKirY9HugA2xKS4b3cLAn4Cbx2kFL-lKc97CdHLDVI&dib_tag=se&m=A31NFQQ4065CWX&marketplaceID=A19VAU5U5O7RUS&qid=1773379278&refinements=p_36%3A21500-22000&s=merchant-items&sr=1-164&xpid=Ov-oxQKc0VtF1,"Bahco NS006-2729 IRNS006-2729 Double Open Ended Wrench, Gold, 27X29mm"
B01MRBX2AE,,,,
B01LYET7PB,,216.72,https://www.amazon.sg/MXR-Effector-M290-Phase-Pedal/dp/B01LYET7PB/ref=sr_1_165?dib=eyJ2IjoiMSJ9.vjhB6EuuG18YiipMN3Z7LnXypPSoF2VU2wjFg4CF6kvdouYb8Eurf_RR83QhqsmYaamv5Ahk-1L3qiJu3S5bRVxs3UzrdFlRT16LLCq8Htj-gNO1LmuPWAr7in0wuCGOe2U-66aH_Euc2T-6Gjx3wSk239VyhVmYMGBwbtkAaxw.dtKirY9HugA2xKS4b3cLAn4Cbx2kFL-lKc97CdHLDVI&dib_tag=se&m=A31NFQQ4065CWX&marketplaceID=A19VAU5U5O7RUS&qid=1773379278&refinements=p_36%3A21500-22000&s=merchant-items&sr=1-165&xpid=Ov-oxQKc0VtF1#customerReviews,MXR Effector M290 Phase 95 Phase 95 Mini Pedal
B01LYET7PB,,,,
B01HC29T8C,,256.71,https://www.amazon.sg/SHIMANO-SW-M8050-Shift-Switch-Color/dp/B01HC29T8C/ref=sr_1_166?dib=eyJ2IjoiMSJ9.vjhB6EuuG18YiipMN3Z7LnXypPSoF2VU2wjFg4CF6kvdouYb8Eurf_RR83QhqsmYaamv5Ahk-1L3qiJu3S5bRVxs3UzrdFlRT16LLCq8Htj-gNO1LmuPWAr7in0wuCGOe2U-66aH_Euc2T-6Gjx3wSk239VyhVmYMGBwbtkAaxw.dtKirY9HugA2xKS4b3cLAn4Cbx2kFL-lKc97CdHLDVI&dib_tag=se&m=A31NFQQ4065CWX&marketplaceID=A19VAU5U5O7RUS&qid=1773379278&refinements=p_36%3A21500-22000&s=merchant-items&sr=1-166&xpid=Ov-oxQKc0VtF1#customerReviews,"SHIMANO XT Di2 SW-M8050 Shift Switch One Color, Right"
B01HC29T8C,,,,
B01GPRYEJE,,223.44,https://www.amazon.sg/Good-Smile-Nendoroid-Yoshikawa-Non-scale/dp/B01GPRYEJE/ref=sr_1_167?dib=eyJ2IjoiMSJ9.vjhB6EuuG18YiipMN3Z7LnXypPSoF2VU2wjFg4CF6kvdouYb8Eurf_RR83QhqsmYaamv5Ahk-1L3qiJu3S5bRVxs3UzrdFlRT16LLCq8Htj-gNO1LmuPWAr7in0wuCGOe2U-66aH_Euc2T-6Gjx3wSk239VyhVmYMGBwbtkAaxw.dtKirY9HugA2xKS4b3cLAn4Cbx2kFL-lKc97CdHLDVI&dib_tag=se&m=A31NFQQ4065CWX&marketplaceID=A19VAU5U5O7RUS&qid=1773379278&refinements=p_36%3A21500-22000&s=merchant-items&sr=1-167&xpid=Ov-oxQKc0VtF1#customerReviews,Good Smile Company [Yuru Yuri San Hai!] Nendoroid Chinatsu Yoshikawa (Non-scale ABS & PVC painted movable figure) (Japan Import)
B01G1PP7V4,,218.89,https://www.amazon.sg/Medicom-Suicide-Squad-Harley-Action/dp/B01G1PP7V4/ref=sr_1_168?dib=eyJ2IjoiMSJ9.vjhB6EuuG18YiipMN3Z7LnXypPSoF2VU2wjFg4CF6kvdouYb8Eurf_RR83QhqsmYaamv5Ahk-1L3qiJu3S5bRVxs3UzrdFlRT16LLCq8Htj-gNO1LmuPWAr7in0wuCGOe2U-66aH_Euc2T-6Gjx3wSk239VyhVmYMGBwbtkAaxw.dtKirY9HugA2xKS4b3cLAn4Cbx2kFL-lKc97CdHLDVI&dib_tag=se&m=A31NFQQ4065CWX&marketplaceID=A19VAU5U5O7RUS&qid=1773379278&refinements=p_36%3A21500-22000&s=merchant-items&sr=1-168&xpid=Ov-oxQKc0VtF1#customerReviews,Medicom Suicide Squad: Harley Quinn MAF EX Action Figure
B01EVNAPOW,,239.75,https://www.amazon.sg/Executive-Overture-Binaural-Noise-Canceling-USB/dp/B01EVNAPOW/ref=sr_1_169?dib=eyJ2IjoiMSJ9.vjhB6EuuG18YiipMN3Z7LnXypPSoF2VU2wjFg4CF6kvdouYb8Eurf_RR83QhqsmYaamv5Ahk-1L3qiJu3S5bRVxs3UzrdFlRT16LLCq8Htj-gNO1LmuPWAr7in0wuCGOe2U-66aH_Euc2T-6Gjx3wSk239VyhVmYMGBwbtkAaxw.dtKirY9HugA2xKS4b3cLAn4Cbx2kFL-lKc97CdHLDVI&dib_tag=se&m=A31NFQQ4065CWX&marketplaceID=A19VAU5U5O7RUS&qid=1773379278&refinements=p_36%3A21500-22000&s=merchant-items&sr=1-169&xpid=Ov-oxQKc0VtF1#customerReviews,Executive Pro Overture Premium Binaural Noise-Canceling Corded USB Headset. Works with Mac and PC
B01EVNAPOW,,,,
B01EO65QCM,,220.0,https://www.amazon.sg/Tascam-DR-10SG-Camera-Mountable-Recorder-Microphone/dp/B01EO65QCM/ref=sr_1_170?dib=eyJ2IjoiMSJ9.vjhB6EuuG18YiipMN3Z7LnXypPSoF2VU2wjFg4CF6kvdouYb8Eurf_RR83QhqsmYaamv5Ahk-1L3qiJu3S5bRVxs3UzrdFlRT16LLCq8Htj-gNO1LmuPWAr7in0wuCGOe2U-66aH_Euc2T-6Gjx3wSk239VyhVmYMGBwbtkAaxw.dtKirY9HugA2xKS4b3cLAn4Cbx2kFL-lKc97CdHLDVI&dib_tag=se&m=A31NFQQ4065CWX&marketplaceID=A19VAU5U5O7RUS&qid=1773379278&refinements=p_36%3A21500-22000&s=merchant-items&sr=1-170&xpid=Ov-oxQKc0VtF1#customerReviews,Tascam DR-10SG Linear PCM Camera-Mountable Audio Recorder with Shotgun Microphone
B01EO65QCM,,,,
B01D8COYUS,,215.19,https://www.amazon.sg/SHIMANO-Unisex-Adult-Bicycle-2092853310/dp/B01D8COYUS/ref=sr_1_171?dib=eyJ2IjoiMSJ9.vjhB6EuuG18YiipMN3Z7LnXypPSoF2VU2wjFg4CF6kvdouYb8Eurf_RR83QhqsmYaamv5Ahk-1L3qiJu3S5bRVxs3UzrdFlRT16LLCq8Htj-gNO1LmuPWAr7in0wuCGOe2U-66aH_Euc2T-6Gjx3wSk239VyhVmYMGBwbtkAaxw.dtKirY9HugA2xKS4b3cLAn4Cbx2kFL-lKc97CdHLDVI&dib_tag=se&m=A31NFQQ4065CWX&marketplaceID=A19VAU5U5O7RUS&qid=1773379278&refinements=p_36%3A21500-22000&s=merchant-items&sr=1-171&xpid=Ov-oxQKc0VtF1#customerReviews,SHIMANO Sora FC-R3000 Crankset 2 x 9-Speed 50-34 Teeth with Chain Guard Ring Black 2020 Chain Sets Mountain Bike
B01D8COYUS,,,,
B01CN2XUJ0,,219.05,https://www.amazon.sg/Superstone-barrier-knife-gyutou-knive/dp/B01CN2XUJ0/ref=sr_1_177?dib=eyJ2IjoiMSJ9.VWBeodAU960uMWPeKVNqlQnVMau4YhrRQAWK4HXiB1tteMLf3QLCfYrlWTNSOPxC8tkf6USPaDi-C3ljuubivQ.7J7uCDlhaMx5i2esHroh4freUPd90YXNh3xIM3UmA18&dib_tag=se&m=A31NFQQ4065CWX&marketplaceID=A19VAU5U5O7RUS&qid=1773379283&refinements=p_36%3A21500-22000&s=merchant-items&sr=1-177&xpid=Ov-oxQKc0VtF1#customerReviews,Superstone barrier knife gyutou knive 180 mm Made in Japan
B01CN2XUJ0,,,,
B01ADA3D7I,,218.34,https://www.amazon.sg/Suimei-1094-Two-Handled-Pot-inches/dp/B01ADA3D7I/ref=sr_1_178?dib=eyJ2IjoiMSJ9.VWBeodAU960uMWPeKVNqlQnVMau4YhrRQAWK4HXiB1tteMLf3QLCfYrlWTNSOPxC8tkf6USPaDi-C3ljuubivQ.7J7uCDlhaMx5i2esHroh4freUPd90YXNh3xIM3UmA18&dib_tag=se&m=A31NFQQ4065CWX&marketplaceID=A19VAU5U5O7RUS&qid=1773379283&refinements=p_36%3A21500-22000&s=merchant-items&sr=1-178&xpid=Ov-oxQKc0VtF1#customerReviews,"Suimei A-1094 Two-Handled Pot, 9.4 inches (24 cm)"
B01ADA3D7I,,,,
B015CG0FZQ,,215.0,https://www.amazon.sg/Wired-Beans-Lifetime-Tumbler-Japanese/dp/B015CG0FZQ/ref=sr_1_179?dib=eyJ2IjoiMSJ9.VWBeodAU960uMWPeKVNqlQnVMau4YhrRQAWK4HXiB1tteMLf3QLCfYrlWTNSOPxC8tkf6USPaDi-C3ljuubivQ.7J7uCDlhaMx5i2esHroh4freUPd90YXNh3xIM3UmA18&dib_tag=se&m=A31NFQQ4065CWX&marketplaceID=A19VAU5U5O7RUS&qid=1773379283&refinements=p_36%3A21500-22000&s=merchant-items&sr=1-179&xpid=Ov-oxQKc0VtF1#customerReviews,Wired Beans Glass That Lasts A Lifetime Tumbler 240 Thin Tumbler Glass 12.2 fl oz (360 ml) Japanese Cedar Box (Black Matte)
B015CG0FZQ,,,,
B014EYOL6Q,,218.34,https://www.amazon.sg/OGK-Accessories-RCH-003-Halleo-Bicycle/dp/B014EYOL6Q/ref=sr_1_180?dib=eyJ2IjoiMSJ9.VWBeodAU960uMWPeKVNqlQnVMau4YhrRQAWK4HXiB1tteMLf3QLCfYrlWTNSOPxC8tkf6USPaDi-C3ljuubivQ.7J7uCDlhaMx5i2esHroh4freUPd90YXNh3xIM3UmA18&dib_tag=se&m=A31NFQQ4065CWX&marketplaceID=A19VAU5U5O7RUS&qid=1773379283&refinements=p_36%3A21500-22000&s=merchant-items&sr=1-180&xpid=Ov-oxQKc0VtF1#customerReviews,OGK Giken RCH-003 Car Seat Peripheral Goods (Soft Rain Cover for HBC Series) for Bicycles
B014EYOL6Q,,,,
B0116HB3SI,,220.0,https://www.amazon.sg/Endoshoji-AHLAB03-Professional-Aluminum-Non-Stick/dp/B0116HB3SI/ref=sr_1_181?dib=eyJ2IjoiMSJ9.VWBeodAU960uMWPeKVNqlQnVMau4YhrRQAWK4HXiB1tteMLf3QLCfYrlWTNSOPxC8tkf6USPaDi-C3ljuubivQ.7J7uCDlhaMx5i2esHroh4freUPd90YXNh3xIM3UmA18&dib_tag=se&m=A31NFQQ4065CWX&marketplaceID=A19VAU5U5O7RUS&qid=1773379283&refinements=p_36%3A21500-22000&s=merchant-items&sr=1-181&xpid=Ov-oxQKc0VtF1#customerReviews,"Endoshoji AHLAB03 TKG Professional Aluminum Thick Plate Non-Stick Frying Pan, 10.6 inches (27 cm)"
B0116HB3SI,,,,
B010SDTJ5U,,224.24,https://www.amazon.sg/NTN-Bearing-6221NR-Single-Clearance/dp/B010SDTJ5U/ref=sr_1_177?dib=eyJ2IjoiMSJ9.x8dhNOIAxvumGcIUDIvk9lIb0BshsPJ6MXErTL6QHgJtunJddn0ek0dp0lP3kCJCCSR9D484CUqqwnedkMQh4ofYdVjy4fL-hQDnc-5beJ-aN2K2Po1uGHSzK_0x8l4ARJLG56CA1Q_9k88IIJI3FgtYp8-T7ih6mTXPHlpZLKY.pxX8j67IHE07n57SQGUDrU-PGyhB8ZhI2lx3Jbct9Y8&dib_tag=se&m=A31NFQQ4065CWX&marketplaceID=A19VAU5U5O7RUS&qid=1773379283&refinements=p_36%3A21500-22000&s=merchant-items&sr=1-177&xpid=Ov-oxQKc0VtF1,"NTN Bearing 6221NR Single Row Deep Groove Radial Ball Bearing with Snap Ring, Normal Clearance, Steel Cage, 105 mm Bore ID, 190 mm OD, 36 mm Width, Open"
B010SDTJ5U,,,,
B010RXZZOU,,251.82,https://www.amazon.sg/Good-Smile-Company-Love-Ru-Childhood/dp/B010RXZZOU/ref=sr_1_178?dib=eyJ2IjoiMSJ9.x8dhNOIAxvumGcIUDIvk9lIb0BshsPJ6MXErTL6QHgJtunJddn0ek0dp0lP3kCJCCSR9D484CUqqwnedkMQh4ofYdVjy4fL-hQDnc-5beJ-aN2K2Po1uGHSzK_0x8l4ARJLG56CA1Q_9k88IIJI3FgtYp8-T7ih6mTXPHlpZLKY.pxX8j67IHE07n57SQGUDrU-PGyhB8ZhI2lx3Jbct9Y8&dib_tag=se&m=A31NFQQ4065CWX&marketplaceID=A19VAU5U5O7RUS&qid=1773379283&refinements=p_36%3A21500-22000&s=merchant-items&sr=1-178&xpid=Ov-oxQKc0VtF1#customerReviews,"Good Smile Company "" To Love-Ru: Golden Darkness Childhood Days Version Pvc Figure (1:6 Scale)"
B00XUIVV4S,,247.19,https://www.amazon.sg/Marvel-Universe-Variant-Action-Hitoshi/dp/B00XUIVV4S/ref=sr_1_179?dib=eyJ2IjoiMSJ9.x8dhNOIAxvumGcIUDIvk9lIb0BshsPJ6MXErTL6QHgJtunJddn0ek0dp0lP3kCJCCSR9D484CUqqwnedkMQh4ofYdVjy4fL-hQDnc-5beJ-aN2K2Po1uGHSzK_0x8l4ARJLG56CA1Q_9k88IIJI3FgtYp8-T7ih6mTXPHlpZLKY.pxX8j67IHE07n57SQGUDrU-PGyhB8ZhI2lx3Jbct9Y8&dib_tag=se&m=A31NFQQ4065CWX&marketplaceID=A19VAU5U5O7RUS&qid=1773379283&refinements=p_36%3A21500-22000&s=merchant-items&sr=1-179&xpid=Ov-oxQKc0VtF1#customerReviews,Marvel Universe Thor Variant Play Arts Action Figure by Hitoshi Kondo
B00V4I6N0I,,215.0,https://www.amazon.sg/WBC5703-Anodized-Baking-Commercial-inches/dp/B00V4I6N0I/ref=sr_1_180?dib=eyJ2IjoiMSJ9.x8dhNOIAxvumGcIUDIvk9lIb0BshsPJ6MXErTL6QHgJtunJddn0ek0dp0lP3kCJCCSR9D484CUqqwnedkMQh4ofYdVjy4fL-hQDnc-5beJ-aN2K2Po1uGHSzK_0x8l4ARJLG56CA1Q_9k88IIJI3FgtYp8-T7ih6mTXPHlpZLKY.pxX8j67IHE07n57SQGUDrU-PGyhB8ZhI2lx3Jbct9Y8&dib_tag=se&m=A31NFQQ4065CWX&marketplaceID=A19VAU5U5O7RUS&qid=1773379283&refinements=p_36%3A21500-22000&s=merchant-items&sr=1-180&xpid=Ov-oxQKc0VtF1,"Endo Shoji TKG WBC5703 Anodized Baking Tray, Commercial Use, 16.5 x 12.6 x 2.6 inches (42 x 32 x 6.5 cm)"
B00V4I6N0I,,,,
B00TNDYLPK,,224.8,https://www.amazon.sg/TEAM-43376-Tsuri-Musha-Black/dp/B00TNDYLPK/ref=sr_1_181?dib=eyJ2IjoiMSJ9.x8dhNOIAxvumGcIUDIvk9lIb0BshsPJ6MXErTL6QHgJtunJddn0ek0dp0lP3kCJCCSR9D484CUqqwnedkMQh4ofYdVjy4fL-hQDnc-5beJ-aN2K2Po1uGHSzK_0x8l4ARJLG56CA1Q_9k88IIJI3FgtYp8-T7ih6mTXPHlpZLKY.pxX8j67IHE07n57SQGUDrU-PGyhB8ZhI2lx3Jbct9Y8&dib_tag=se&m=A31NFQQ4065CWX&marketplaceID=A19VAU5U5O7RUS&qid=1773379283&refinements=p_36%3A21500-22000&s=merchant-items&sr=1-181&xpid=Ov-oxQKc0VtF1,TEAM Tsuri Musha Handle
B00TNDYLPK,,,,
B00T9F3ZIQ,,215.0,https://www.amazon.sg/7444SG-M-50-Striking-Glasses-Wrench-inches/dp/B00T9F3ZIQ/ref=sr_1_182?dib=eyJ2IjoiMSJ9.x8dhNOIAxvumGcIUDIvk9lIb0BshsPJ6MXErTL6QHgJtunJddn0ek0dp0lP3kCJCCSR9D484CUqqwnedkMQh4ofYdVjy4fL-hQDnc-5beJ-aN2K2Po1uGHSzK_0x8l4ARJLG56CA1Q_9k88IIJI3FgtYp8-T7ih6mTXPHlpZLKY.pxX8j67IHE07n57SQGUDrU-PGyhB8ZhI2lx3Jbct9Y8&dib_tag=se&m=A31NFQQ4065CWX&marketplaceID=A19VAU5U5O7RUS&qid=1773379283&refinements=p_36%3A21500-22000&s=merchant-items&sr=1-182&xpid=Ov-oxQKc0VtF1,"BAHCO 7444SG-M-50 Striking Glasses End Wrench, 2.0 inches (50 mm)"
B00T9F3ZIQ,,,,
B00OPQAL04,,218.35,https://www.amazon.sg/Schwarzenberg-smart-scale-painted-Figure/dp/B00OPQAL04/ref=sr_1_183?dib=eyJ2IjoiMSJ9.x8dhNOIAxvumGcIUDIvk9lIb0BshsPJ6MXErTL6QHgJtunJddn0ek0dp0lP3kCJCCSR9D484CUqqwnedkMQh4ofYdVjy4fL-hQDnc-5beJ-aN2K2Po1uGHSzK_0x8l4ARJLG56CA1Q_9k88IIJI3FgtYp8-T7ih6mTXPHlpZLKY.pxX8j67IHE07n57SQGUDrU-PGyhB8ZhI2lx3Jbct9Y8&dib_tag=se&m=A31NFQQ4065CWX&marketplaceID=A19VAU5U5O7RUS&qid=1773379283&refinements=p_36%3A21500-22000&s=merchant-items&sr=1-183&xpid=Ov-oxQKc0VtF1,Schwarzenberg smart Ken Iris Dina 1/7 scale PVC painted PVC Figure
B00LM2LKFE,,230.33,https://www.amazon.sg/Sakai-Takayuki-Hammered-Damascus-Japanese/dp/B00LM2LKFE/ref=sr_1_184?dib=eyJ2IjoiMSJ9.x8dhNOIAxvumGcIUDIvk9lIb0BshsPJ6MXErTL6QHgJtunJddn0ek0dp0lP3kCJCCSR9D484CUqqwnedkMQh4ofYdVjy4fL-hQDnc-5beJ-aN2K2Po1uGHSzK_0x8l4ARJLG56CA1Q_9k88IIJI3FgtYp8-T7ih6mTXPHlpZLKY.pxX8j67IHE07n57SQGUDrU-PGyhB8ZhI2lx3Jbct9Y8&dib_tag=se&m=A31NFQQ4065CWX&marketplaceID=A19VAU5U5O7RUS&qid=1773379283&refinements=p_36%3A21500-22000&s=merchant-items&sr=1-184&xpid=Ov-oxQKc0VtF1,Sakai Takayuki Hammered Damascus 33 Layer Vg-10 Japanese Gyuto Chef Knife 180mm
B00LM2LKFE,,,,
B00JQ89152,,217.58,https://www.amazon.sg/Koide-Cymbal-Hand-Splash-HD-9SP/dp/B00JQ89152/ref=sr_1_185?dib=eyJ2IjoiMSJ9.x8dhNOIAxvumGcIUDIvk9lIb0BshsPJ6MXErTL6QHgJtunJddn0ek0dp0lP3kCJCCSR9D484CUqqwnedkMQh4ofYdVjy4fL-hQDnc-5beJ-aN2K2Po1uGHSzK_0x8l4ARJLG56CA1Q_9k88IIJI3FgtYp8-T7ih6mTXPHlpZLKY.pxX8j67IHE07n57SQGUDrU-PGyhB8ZhI2lx3Jbct9Y8&dib_tag=se&m=A31NFQQ4065CWX&marketplaceID=A19VAU5U5O7RUS&qid=1773379283&refinements=p_36%3A21500-22000&s=merchant-items&sr=1-185&xpid=Ov-oxQKc0VtF1,"Koide Cymbal Hand Series 9"" Hand Splash Cymbal HD-9SP"
B00JQ89152,,,,
B00ISOIB9W,,238.36,https://www.amazon.sg/Kotobukiya-Limited-Muv-Luv-Alternative-Takamurayuiyo/dp/B00ISOIB9W/ref=sr_1_186?dib=eyJ2IjoiMSJ9.x8dhNOIAxvumGcIUDIvk9lIb0BshsPJ6MXErTL6QHgJtunJddn0ek0dp0lP3kCJCCSR9D484CUqqwnedkMQh4ofYdVjy4fL-hQDnc-5beJ-aN2K2Po1uGHSzK_0x8l4ARJLG56CA1Q_9k88IIJI3FgtYp8-T7ih6mTXPHlpZLKY.pxX8j67IHE07n57SQGUDrU-PGyhB8ZhI2lx3Jbct9Y8&dib_tag=se&m=A31NFQQ4065CWX&marketplaceID=A19VAU5U5O7RUS&qid=1773379283&refinements=p_36%3A21500-22000&s=merchant-items&sr=1-186&xpid=Ov-oxQKc0VtF1#customerReviews,"Kotobukiya Co. Ltd. "" Shop Limited Muv-Luv Alternative Takamurayuiyo - Hihomurashirorei -"
B00GAS52SQ,,223.42,https://www.amazon.sg/EBM-Oyster-Layers-Slide-Plate/dp/B00GAS52SQ/ref=sr_1_187?dib=eyJ2IjoiMSJ9.x8dhNOIAxvumGcIUDIvk9lIb0BshsPJ6MXErTL6QHgJtunJddn0ek0dp0lP3kCJCCSR9D484CUqqwnedkMQh4ofYdVjy4fL-hQDnc-5beJ-aN2K2Po1uGHSzK_0x8l4ARJLG56CA1Q_9k88IIJI3FgtYp8-T7ih6mTXPHlpZLKY.pxX8j67IHE07n57SQGUDrU-PGyhB8ZhI2lx3Jbct9Y8&dib_tag=se&m=A31NFQQ4065CWX&marketplaceID=A19VAU5U5O7RUS&qid=1773379283&refinements=p_36%3A21500-22000&s=merchant-items&sr=1-187&xpid=Ov-oxQKc0VtF1,EBM Oyster Fry Ring 6 Layers No Slide Plate
B00GAS52SQ,,,,
B00CWRACO8,,237.77,https://www.amazon.sg/Captain-Living-Shelter-300UV-UA-5/dp/B00CWRACO8/ref=sr_1_193?dib=eyJ2IjoiMSJ9.NoCCgRTuJ22O0aNXKpnfrJMEMMxlzvXF-oRlWxCThbaRLOL-g6zp6sRQvvxutwZ6bmuKz929QXxYXFhKC_9A7g.q1aXiDvP59nBjGzya84uVn_jp1tOSegE_Vt1JJ3TmAA&dib_tag=se&m=A31NFQQ4065CWX&marketplaceID=A19VAU5U5O7RUS&qid=1773379288&refinements=p_36%3A21500-22000&s=merchant-items&sr=1-193&xpid=Ov-oxQKc0VtF1#customerReviews,CAPTAIN STAG CS Living Shelter
B00CWRACO8,,,,
B00BEBZHXO,,220.0,https://www.amazon.sg/%E5%A4%A7%E4%BB%99-Aluminum-Poster-Panel-Al/dp/B00BEBZHXO/ref=sr_1_194?dib=eyJ2IjoiMSJ9.NoCCgRTuJ22O0aNXKpnfrJMEMMxlzvXF-oRlWxCThbaRLOL-g6zp6sRQvvxutwZ6bmuKz929QXxYXFhKC_9A7g.q1aXiDvP59nBjGzya84uVn_jp1tOSegE_Vt1JJ3TmAA&dib_tag=se&m=A31NFQQ4065CWX&marketplaceID=A19VAU5U5O7RUS&qid=1773379288&refinements=p_36%3A21500-22000&s=merchant-items&sr=1-194&xpid=Ov-oxQKc0VtF1,"大仙 Aluminum Poster Panel Al – 32 , blk"
B00BEBZHXO,,,,
B00AK8IQ3U,,215.45,https://www.amazon.sg/Japanese-Bentwood-Bento-Lunch-Large/dp/B00AK8IQ3U/ref=sr_1_195?dib=eyJ2IjoiMSJ9.NoCCgRTuJ22O0aNXKpnfrJMEMMxlzvXF-oRlWxCThbaRLOL-g6zp6sRQvvxutwZ6bmuKz929QXxYXFhKC_9A7g.q1aXiDvP59nBjGzya84uVn_jp1tOSegE_Vt1JJ3TmAA&dib_tag=se&m=A31NFQQ4065CWX&marketplaceID=A19VAU5U5O7RUS&qid=1773379288&refinements=p_36%3A21500-22000&s=merchant-items&sr=1-195&xpid=Ov-oxQKc0VtF1,Japanese Bentwood Bento Lunch Box Slim & Large
B00AK8IQ3U,,,,
B0084AYZRW,,216.67,https://www.amazon.sg/SUZUKI-Glocken-Soprano-MSG-13-Derived/dp/B0084AYZRW/ref=sr_1_196?dib=eyJ2IjoiMSJ9.NoCCgRTuJ22O0aNXKpnfrJMEMMxlzvXF-oRlWxCThbaRLOL-g6zp6sRQvvxutwZ6bmuKz929QXxYXFhKC_9A7g.q1aXiDvP59nBjGzya84uVn_jp1tOSegE_Vt1JJ3TmAA&dib_tag=se&m=A31NFQQ4065CWX&marketplaceID=A19VAU5U5O7RUS&qid=1773379288&refinements=p_36%3A21500-22000&s=merchant-items&sr=1-196&xpid=Ov-oxQKc0VtF1#customerReviews,SUZUKI Mini Glocken Soprano MSG-13 Sounds + 3 Derived Sounds
B0084AYZRW,,,,
B007YH85VI,,264.04,https://www.amazon.sg/Shimano-M640-Post-Mount-Caliper/dp/B007YH85VI/ref=sr_1_197?dib=eyJ2IjoiMSJ9.NoCCgRTuJ22O0aNXKpnfrJMEMMxlzvXF-oRlWxCThbaRLOL-g6zp6sRQvvxutwZ6bmuKz929QXxYXFhKC_9A7g.q1aXiDvP59nBjGzya84uVn_jp1tOSegE_Vt1JJ3TmAA&dib_tag=se&m=A31NFQQ4065CWX&marketplaceID=A19VAU5U5O7RUS&qid=1773379288&refinements=p_36%3A21500-22000&s=merchant-items&sr=1-197&xpid=Ov-oxQKc0VtF1#customerReviews,Shimano Zee M640 Post Mount Caliper
B007YH85VI,,,,
B007WBT39Y,,218.99,https://www.amazon.sg/SUZUKI-B-24C-Suzuki-B-24-Melodion/dp/B007WBT39Y/ref=sr_1_193?dib=eyJ2IjoiMSJ9.r6-djxLDaBjDlrGZgQhYK7_j6syfDoyflDdnAbmh-tymzGo68AFSJgXkmVJB8s6j_CVLNmA9qbGd7rsl-AE9v1QG6K4XtqCfNWDh-czn2lCKG5iqUUhgeWlPPVbsElhGTmmTX6I9F6Pq7MVN4jFiqvrmAJGqK4DOGyz70DidePo.HHMMcSTeSf6ZhqkodqVXhueqw6S8NzTDifpUJf1QmrE&dib_tag=se&m=A31NFQQ4065CWX&marketplaceID=A19VAU5U5O7RUS&qid=1773379288&refinements=p_36%3A21500-22000&s=merchant-items&sr=1-193&xpid=Ov-oxQKc0VtF1#customerReviews,Suzuki B-24 Bass Melodion
B007WBT39Y,,,,
B007H3JBY4,,218.51,https://www.amazon.sg/SUNSTAR-530-44T-GSF1200-RS-104-44-Sprocket/dp/B007H3JBY4/ref=sr_1_194?dib=eyJ2IjoiMSJ9.r6-djxLDaBjDlrGZgQhYK7_j6syfDoyflDdnAbmh-tymzGo68AFSJgXkmVJB8s6j_CVLNmA9qbGd7rsl-AE9v1QG6K4XtqCfNWDh-czn2lCKG5iqUUhgeWlPPVbsElhGTmmTX6I9F6Pq7MVN4jFiqvrmAJGqK4DOGyz70DidePo.HHMMcSTeSf6ZhqkodqVXhueqw6S8NzTDifpUJf1QmrE&dib_tag=se&m=A31NFQQ4065CWX&marketplaceID=A19VAU5U5O7RUS&qid=1773379288&refinements=p_36%3A21500-22000&s=merchant-items&sr=1-194&xpid=Ov-oxQKc0VtF1#customerReviews,SUNSTAR 530-44T GSF1200 RS-104-44 Rear Sprocket
B007H3JBY4,,,,
B005WXXAM0,,219.64,https://www.amazon.sg/RX-Electron-Electronic-Diagonal-Nippers/dp/B005WXXAM0/ref=sr_1_195?dib=eyJ2IjoiMSJ9.r6-djxLDaBjDlrGZgQhYK7_j6syfDoyflDdnAbmh-tymzGo68AFSJgXkmVJB8s6j_CVLNmA9qbGd7rsl-AE9v1QG6K4XtqCfNWDh-czn2lCKG5iqUUhgeWlPPVbsElhGTmmTX6I9F6Pq7MVN4jFiqvrmAJGqK4DOGyz70DidePo.HHMMcSTeSf6ZhqkodqVXhueqw6S8NzTDifpUJf1QmrE&dib_tag=se&m=A31NFQQ4065CWX&marketplaceID=A19VAU5U5O7RUS&qid=1773379288&refinements=p_36%3A21500-22000&s=merchant-items&sr=1-195&xpid=Ov-oxQKc0VtF1,BAHCO RX Electron Nipper RX8248 Electronic Diagonal Nippers
B005WXXAM0,,,,
B0056DO6XI,,234.11,https://www.amazon.sg/Gosen-TS1012Y-Power-656-2-Yellow/dp/B0056DO6XI/ref=sr_1_196?dib=eyJ2IjoiMSJ9.r6-djxLDaBjDlrGZgQhYK7_j6syfDoyflDdnAbmh-tymzGo68AFSJgXkmVJB8s6j_CVLNmA9qbGd7rsl-AE9v1QG6K4XtqCfNWDh-czn2lCKG5iqUUhgeWlPPVbsElhGTmmTX6I9F6Pq7MVN4jFiqvrmAJGqK4DOGyz70DidePo.HHMMcSTeSf6ZhqkodqVXhueqw6S8NzTDifpUJf1QmrE&dib_tag=se&m=A31NFQQ4065CWX&marketplaceID=A19VAU5U5O7RUS&qid=1773379288&refinements=p_36%3A21500-22000&s=merchant-items&sr=1-196&xpid=Ov-oxQKc0VtF1#customerReviews,"GOSEN TS1012 Hard Tennis Gut, Egg Power, 17 Roll, 656.6 ft (200 m), 0.04-0.05 inches (1.22-1.24 mm)"
B0056DO6XI,,,,
B004IKMC7W,,232.5,https://www.amazon.sg/KOKEN-2261M-inch-6-35-Socket/dp/B004IKMC7W/ref=sr_1_197?dib=eyJ2IjoiMSJ9.r6-djxLDaBjDlrGZgQhYK7_j6syfDoyflDdnAbmh-tymzGo68AFSJgXkmVJB8s6j_CVLNmA9qbGd7rsl-AE9v1QG6K4XtqCfNWDh-czn2lCKG5iqUUhgeWlPPVbsElhGTmmTX6I9F6Pq7MVN4jFiqvrmAJGqK4DOGyz70DidePo.HHMMcSTeSf6ZhqkodqVXhueqw6S8NzTDifpUJf1QmrE&dib_tag=se&m=A31NFQQ4065CWX&marketplaceID=A19VAU5U5O7RUS&qid=1773379288&refinements=p_36%3A21500-22000&s=merchant-items&sr=1-197&xpid=Ov-oxQKc0VtF1#customerReviews,KOKEN 2261M 1/4 inch (6.35 mm) SQ. Socket Set of 17
B004IKMC7W,,,,
B004D2ICBK,,217.6,https://www.amazon.sg/Shrimp-Stamp-HL-0030-Square-Whetstone/dp/B004D2ICBK/ref=sr_1_198?dib=eyJ2IjoiMSJ9.r6-djxLDaBjDlrGZgQhYK7_j6syfDoyflDdnAbmh-tymzGo68AFSJgXkmVJB8s6j_CVLNmA9qbGd7rsl-AE9v1QG6K4XtqCfNWDh-czn2lCKG5iqUUhgeWlPPVbsElhGTmmTX6I9F6Pq7MVN4jFiqvrmAJGqK4DOGyz70DidePo.HHMMcSTeSf6ZhqkodqVXhueqw6S8NzTDifpUJf1QmrE&dib_tag=se&m=A31NFQQ4065CWX&marketplaceID=A19VAU5U5O7RUS&qid=1773379288&refinements=p_36%3A21500-22000&s=merchant-items&sr=1-198&xpid=Ov-oxQKc0VtF1,"Red Shrimp Stamp HL-0030 GC Square Whetstone, Extra Large, Fine"
B004D2ICBK,,,,
B003ZX8484,,217.08,https://www.amazon.sg/JDRAZOR-JD-RAZOR-MS-102LED-OR/dp/B003ZX8484/ref=sr_1_199?dib=eyJ2IjoiMSJ9.r6-djxLDaBjDlrGZgQhYK7_j6syfDoyflDdnAbmh-tymzGo68AFSJgXkmVJB8s6j_CVLNmA9qbGd7rsl-AE9v1QG6K4XtqCfNWDh-czn2lCKG5iqUUhgeWlPPVbsElhGTmmTX6I9F6Pq7MVN4jFiqvrmAJGqK4DOGyz70DidePo.HHMMcSTeSf6ZhqkodqVXhueqw6S8NzTDifpUJf1QmrE&dib_tag=se&m=A31NFQQ4065CWX&marketplaceID=A19VAU5U5O7RUS&qid=1773379288&refinements=p_36%3A21500-22000&s=merchant-items&sr=1-199&xpid=Ov-oxQKc0VtF1,JDRAZOR JD RAZOR MS-102LED OR
B003ZX8484,,,,
B003VIG7JG,,219.55,https://www.amazon.sg/Kanda-387080-Stainless-Coating-Yellow/dp/B003VIG7JG/ref=sr_1_200?dib=eyJ2IjoiMSJ9.r6-djxLDaBjDlrGZgQhYK7_j6syfDoyflDdnAbmh-tymzGo68AFSJgXkmVJB8s6j_CVLNmA9qbGd7rsl-AE9v1QG6K4XtqCfNWDh-czn2lCKG5iqUUhgeWlPPVbsElhGTmmTX6I9F6Pq7MVN4jFiqvrmAJGqK4DOGyz70DidePo.HHMMcSTeSf6ZhqkodqVXhueqw6S8NzTDifpUJf1QmrE&dib_tag=se&m=A31NFQQ4065CWX&marketplaceID=A19VAU5U5O7RUS&qid=1773379288&refinements=p_36%3A21500-22000&s=merchant-items&sr=1-200&xpid=Ov-oxQKc0VtF1#customerReviews,"Kanda 387080 Metal Bowl, Stainless Steel Coating, Yellow"
B003VIG7JG,,,,
B003G24474,,216.67,https://www.amazon.sg/Endoshoji-Professional-Compatible-Induction-Stainless/dp/B003G24474/ref=sr_1_201?dib=eyJ2IjoiMSJ9.r6-djxLDaBjDlrGZgQhYK7_j6syfDoyflDdnAbmh-tymzGo68AFSJgXkmVJB8s6j_CVLNmA9qbGd7rsl-AE9v1QG6K4XtqCfNWDh-czn2lCKG5iqUUhgeWlPPVbsElhGTmmTX6I9F6Pq7MVN4jFiqvrmAJGqK4DOGyz70DidePo.HHMMcSTeSf6ZhqkodqVXhueqw6S8NzTDifpUJf1QmrE&dib_tag=se&m=A31NFQQ4065CWX&marketplaceID=A19VAU5U5O7RUS&qid=1773379288&refinements=p_36%3A21500-22000&s=merchant-items&sr=1-201&xpid=Ov-oxQKc0VtF1#customerReviews,"Endoshoji TKG PRO Professional AKT9118 Deep Pot with One Hand (No Lid), 7.1 inches (18 cm), Compatible with Induction Cookers, Stainless Steel"
B003G24474,,,,
B003G243FM,,220.0,https://www.amazon.sg/AHV6420-Compatible-Induction-Cookers-Stainless/dp/B003G243FM/ref=sr_1_202?dib=eyJ2IjoiMSJ9.r6-djxLDaBjDlrGZgQhYK7_j6syfDoyflDdnAbmh-tymzGo68AFSJgXkmVJB8s6j_CVLNmA9qbGd7rsl-AE9v1QG6K4XtqCfNWDh-czn2lCKG5iqUUhgeWlPPVbsElhGTmmTX6I9F6Pq7MVN4jFiqvrmAJGqK4DOGyz70DidePo.HHMMcSTeSf6ZhqkodqVXhueqw6S8NzTDifpUJf1QmrE&dib_tag=se&m=A31NFQQ4065CWX&marketplaceID=A19VAU5U5O7RUS&qid=1773379288&refinements=p_36%3A21500-22000&s=merchant-items&sr=1-202&xpid=Ov-oxQKc0VtF1,"Endo Shoji AHV6420 TKG PRO Half Size Pot (No Lid), 7.9 inches (20 cm), Compatible with Induction Cookers, Stainless Steel"
B003G243FM,,,,
B002ZH1X0W,,247.51,https://www.amazon.sg/Aqualung-SG_B002ZH1X0W_US-Aqua-Lung-Octopus/dp/B002ZH1X0W/ref=sr_1_203?dib=eyJ2IjoiMSJ9.r6-djxLDaBjDlrGZgQhYK7_j6syfDoyflDdnAbmh-tymzGo68AFSJgXkmVJB8s6j_CVLNmA9qbGd7rsl-AE9v1QG6K4XtqCfNWDh-czn2lCKG5iqUUhgeWlPPVbsElhGTmmTX6I9F6Pq7MVN4jFiqvrmAJGqK4DOGyz70DidePo.HHMMcSTeSf6ZhqkodqVXhueqw6S8NzTDifpUJf1QmrE&dib_tag=se&m=A31NFQQ4065CWX&marketplaceID=A19VAU5U5O7RUS&qid=1773379288&refinements=p_36%3A21500-22000&s=merchant-items&sr=1-203&xpid=Ov-oxQKc0VtF1#customerReviews,Aqua Lung ABS Octopus
B002ZH1X0W,,,,
B002P7JYIU,,230.4,https://www.amazon.sg/%E6%97%AD%E9%87%91%E5%B1%9E%E5%B7%A5%E6%A5%AD-KKL0025-kkl0025-25mm/dp/B002P7JYIU/ref=sr_1_209?dib=eyJ2IjoiMSJ9.CBBG9bexnQJC7onGVwoEYSM43_hTyYKq8ccfuXBGWAyLpGrkG-r_9OtlHFYnbOlDhXVbB9fnm_LUylffF0EqgA.XME9t3lmjxo-WlR4JH95QJ9V_epbPjYF_3WW-AKPXQQ&dib_tag=se&m=A31NFQQ4065CWX&marketplaceID=A19VAU5U5O7RUS&qid=1773379293&refinements=p_36%3A21500-22000&s=merchant-items&sr=1-209&xpid=Ov-oxQKc0VtF1,kkl0025 (25mm)
B002P7JYIU,,,,
B001U7EOWW,,220.0,https://www.amazon.sg/Endoshoji-ATY26036-Commercial-Chinese-Stainless/dp/B001U7EOWW/ref=sr_1_210?dib=eyJ2IjoiMSJ9.CBBG9bexnQJC7onGVwoEYSM43_hTyYKq8ccfuXBGWAyLpGrkG-r_9OtlHFYnbOlDhXVbB9fnm_LUylffF0EqgA.XME9t3lmjxo-WlR4JH95QJ9V_epbPjYF_3WW-AKPXQQ&dib_tag=se&m=A31NFQQ4065CWX&marketplaceID=A19VAU5U5O7RUS&qid=1773379293&refinements=p_36%3A21500-22000&s=merchant-items&sr=1-210&xpid=Ov-oxQKc0VtF1,"Endoshoji ATY26036 Commercial Chinese Seiro Plate, 14.2 inches (36 cm), Stainless Steel, Made in Japan"
B001U7EOWW,,,,
B001U1CWAE,,216.67,https://www.amazon.sg/arumibeikingu-Baking-Sheet-Large-wtv49001/dp/B001U1CWAE/ref=sr_1_211?dib=eyJ2IjoiMSJ9.CBBG9bexnQJC7onGVwoEYSM43_hTyYKq8ccfuXBGWAyLpGrkG-r_9OtlHFYnbOlDhXVbB9fnm_LUylffF0EqgA.XME9t3lmjxo-WlR4JH95QJ9V_epbPjYF_3WW-AKPXQQ&dib_tag=se&m=A31NFQQ4065CWX&marketplaceID=A19VAU5U5O7RUS&qid=1773379293&refinements=p_36%3A21500-22000&s=merchant-items&sr=1-211&xpid=Ov-oxQKc0VtF1,遠藤商事 arumibeikingu Baking Sheet Large wtv49001
B001U1CWAE,,,,
B001TPH8SW,,216.72,https://www.amazon.sg/Sakai-Takayuki-Inox-Stain-Resistant/dp/B001TPH8SW/ref=sr_1_212?dib=eyJ2IjoiMSJ9.CBBG9bexnQJC7onGVwoEYSM43_hTyYKq8ccfuXBGWAyLpGrkG-r_9OtlHFYnbOlDhXVbB9fnm_LUylffF0EqgA.XME9t3lmjxo-WlR4JH95QJ9V_epbPjYF_3WW-AKPXQQ&dib_tag=se&m=A31NFQQ4065CWX&marketplaceID=A19VAU5U5O7RUS&qid=1773379293&refinements=p_36%3A21500-22000&s=merchant-items&sr=1-212&xpid=Ov-oxQKc0VtF1,Sakai Takayuki 18 cm. Inox Stain Resistant Deba
B001TPH8SW,,,,
B001TPE66Y,,218.34,https://www.amazon.sg/AHU25001-Kitchen-Holder-Rubber-Nailing/dp/B001TPE66Y/ref=sr_1_213?dib=eyJ2IjoiMSJ9.CBBG9bexnQJC7onGVwoEYSM43_hTyYKq8ccfuXBGWAyLpGrkG-r_9OtlHFYnbOlDhXVbB9fnm_LUylffF0EqgA.XME9t3lmjxo-WlR4JH95QJ9V_epbPjYF_3WW-AKPXQQ&dib_tag=se&m=A31NFQQ4065CWX&marketplaceID=A19VAU5U5O7RUS&qid=1773379293&refinements=p_36%3A21500-22000&s=merchant-items&sr=1-213&xpid=Ov-oxQKc0VtF1#customerReviews,"Endo Shoji AHU25001 Kitchen Knife Holder with Rubber Plate, Large, 1 Tier, Nailing Type, Main Unit, 18-0, Outlet Rubber, Made in Japan"
B001TPE66Y,,,,
B001T19ERO,,231.46,https://www.amazon.sg/Super-Dance-AST96021-Stew-inches/dp/B001T19ERO/ref=sr_1_209?dib=eyJ2IjoiMSJ9.QWMPbSfjD_EN5_VcrsU6bgfiEZwVW1G_Qd9BPHgMsHngoJKTkoAHtc2Oo2dbyEsLpL7O3VRHOgrh1erYGtF-au9HkYmLjfLO-glD-qjpRvE0BFlda9twPMM_5VNvl7E0Gnz6bINLf-IiT0TYB4k2MeNWwMrWGdMLmsXW5Chyphk.1ReW_lUVl_ASHsEff8thbq9pAN5hfyYuRzcvJsvpajY&dib_tag=se&m=A31NFQQ4065CWX&marketplaceID=A19VAU5U5O7RUS&qid=1773379293&refinements=p_36%3A21500-22000&s=merchant-items&sr=1-209&xpid=Ov-oxQKc0VtF1#customerReviews,"SA Super Dance AST96021 Stew Pan (No Lid), 8.3 inches (21 cm)"
B001T19ERO,,,,
B001T199XS,,218.34,https://www.amazon.sg/Shoji-AAG09030-Commercial-Frying-inches/dp/B001T199XS/ref=sr_1_210?dib=eyJ2IjoiMSJ9.QWMPbSfjD_EN5_VcrsU6bgfiEZwVW1G_Qd9BPHgMsHngoJKTkoAHtc2Oo2dbyEsLpL7O3VRHOgrh1erYGtF-au9HkYmLjfLO-glD-qjpRvE0BFlda9twPMM_5VNvl7E0Gnz6bINLf-IiT0TYB4k2MeNWwMrWGdMLmsXW5Chyphk.1ReW_lUVl_ASHsEff8thbq9pAN5hfyYuRzcvJsvpajY&dib_tag=se&m=A31NFQQ4065CWX&marketplaceID=A19VAU5U5O7RUS&qid=1773379293&refinements=p_36%3A21500-22000&s=merchant-items&sr=1-210&xpid=Ov-oxQKc0VtF1#customerReviews,"Endo Shoji AAG09030 Commercial Plank Frying Pot, 11.8 inches (30 cm), Iron, Made in Japan"
B001T199XS,,,,
B001T149J2,,215.0,https://www.amazon.sg/Endoshoji-AZT0722-Professional-Compatible-Induction/dp/B001T149J2/ref=sr_1_211?dib=eyJ2IjoiMSJ9.QWMPbSfjD_EN5_VcrsU6bgfiEZwVW1G_Qd9BPHgMsHngoJKTkoAHtc2Oo2dbyEsLpL7O3VRHOgrh1erYGtF-au9HkYmLjfLO-glD-qjpRvE0BFlda9twPMM_5VNvl7E0Gnz6bINLf-IiT0TYB4k2MeNWwMrWGdMLmsXW5Chyphk.1ReW_lUVl_ASHsEff8thbq9pAN5hfyYuRzcvJsvpajY&dib_tag=se&m=A31NFQQ4065CWX&marketplaceID=A19VAU5U5O7RUS&qid=1773379293&refinements=p_36%3A21500-22000&s=merchant-items&sr=1-211&xpid=Ov-oxQKc0VtF1#customerReviews,"Endoshoji AZT0722 Professional Plastic Pattern, Thick Plate, Utility Pot, 8.7 inches (22 cm), Compatible with Induction Cookers, Main Unit: 18-0 Stainless Steel, Lid 18-8 Stainless Steel, Made in"
B001T149J2,,,,
B001G5VXCC,,217.89,https://www.amazon.sg/Shimano-1000XT-Seibai-Double-Chinumatic/dp/B001G5VXCC/ref=sr_1_212?dib=eyJ2IjoiMSJ9.QWMPbSfjD_EN5_VcrsU6bgfiEZwVW1G_Qd9BPHgMsHngoJKTkoAHtc2Oo2dbyEsLpL7O3VRHOgrh1erYGtF-au9HkYmLjfLO-glD-qjpRvE0BFlda9twPMM_5VNvl7E0Gnz6bINLf-IiT0TYB4k2MeNWwMrWGdMLmsXW5Chyphk.1ReW_lUVl_ASHsEff8thbq9pAN5hfyYuRzcvJsvpajY&dib_tag=se&m=A31NFQQ4065CWX&marketplaceID=A19VAU5U5O7RUS&qid=1773379293&refinements=p_36%3A21500-22000&s=merchant-items&sr=1-212&xpid=Ov-oxQKc0VtF1#customerReviews,"Shimano 1000XT Chinu/Seibai Reel, Double Axle, Chinumatic"
B001G5VXCC,,,,
B0013D1ZFM,,219.36,https://www.amazon.sg/Grand-10212-Chefs-Knife-inches/dp/B0013D1ZFM/ref=sr_1_213?dib=eyJ2IjoiMSJ9.QWMPbSfjD_EN5_VcrsU6bgfiEZwVW1G_Qd9BPHgMsHngoJKTkoAHtc2Oo2dbyEsLpL7O3VRHOgrh1erYGtF-au9HkYmLjfLO-glD-qjpRvE0BFlda9twPMM_5VNvl7E0Gnz6bINLf-IiT0TYB4k2MeNWwMrWGdMLmsXW5Chyphk.1ReW_lUVl_ASHsEff8thbq9pAN5hfyYuRzcvJsvpajY&dib_tag=se&m=A31NFQQ4065CWX&marketplaceID=A19VAU5U5O7RUS&qid=1773379293&refinements=p_36%3A21500-22000&s=merchant-items&sr=1-213&xpid=Ov-oxQKc0VtF1,"Grand Chef SP 10212 Chef's Knife, 8.3 inches (21 cm)"
B0013D1ZFM,,,,
B000UGYU82,,237.01,https://www.amazon.sg/Selmer-Soprano-Saxophone-Mouthpiece-S90/dp/B000UGYU82/ref=sr_1_214?dib=eyJ2IjoiMSJ9.QWMPbSfjD_EN5_VcrsU6bgfiEZwVW1G_Qd9BPHgMsHngoJKTkoAHtc2Oo2dbyEsLpL7O3VRHOgrh1erYGtF-au9HkYmLjfLO-glD-qjpRvE0BFlda9twPMM_5VNvl7E0Gnz6bINLf-IiT0TYB4k2MeNWwMrWGdMLmsXW5Chyphk.1ReW_lUVl_ASHsEff8thbq9pAN5hfyYuRzcvJsvpajY&dib_tag=se&m=A31NFQQ4065CWX&marketplaceID=A19VAU5U5O7RUS&qid=1773379293&refinements=p_36%3A21500-22000&s=merchant-items&sr=1-214&xpid=Ov-oxQKc0VtF1#customerReviews,Selmer Soprano Saxophone Mouthpiece S90 190
B000UGYU82,,,,
B000KFW97M,,231.88,https://www.amazon.sg/Manfrotto-808RC4-3-Way-Standard-Aluminum/dp/B000KFW97M/ref=sr_1_215?dib=eyJ2IjoiMSJ9.QWMPbSfjD_EN5_VcrsU6bgfiEZwVW1G_Qd9BPHgMsHngoJKTkoAHtc2Oo2dbyEsLpL7O3VRHOgrh1erYGtF-au9HkYmLjfLO-glD-qjpRvE0BFlda9twPMM_5VNvl7E0Gnz6bINLf-IiT0TYB4k2MeNWwMrWGdMLmsXW5Chyphk.1ReW_lUVl_ASHsEff8thbq9pAN5hfyYuRzcvJsvpajY&dib_tag=se&m=A31NFQQ4065CWX&marketplaceID=A19VAU5U5O7RUS&qid=1773379293&refinements=p_36%3A21500-22000&s=merchant-items&sr=1-215&xpid=Ov-oxQKc0VtF1#customerReviews,Manfrotto 808RC4 3-Way Head Standard 3-Way Head Aluminum
B000KFW97M,,,,
B000GAZ5ZE,,244.73,https://www.amazon.sg/EP210-Master-Electric-Standard-Diameter/dp/B000GAZ5ZE/ref=sr_1_216?dib=eyJ2IjoiMSJ9.QWMPbSfjD_EN5_VcrsU6bgfiEZwVW1G_Qd9BPHgMsHngoJKTkoAHtc2Oo2dbyEsLpL7O3VRHOgrh1erYGtF-au9HkYmLjfLO-glD-qjpRvE0BFlda9twPMM_5VNvl7E0Gnz6bINLf-IiT0TYB4k2MeNWwMrWGdMLmsXW5Chyphk.1ReW_lUVl_ASHsEff8thbq9pAN5hfyYuRzcvJsvpajY&dib_tag=se&m=A31NFQQ4065CWX&marketplaceID=A19VAU5U5O7RUS&qid=1773379293&refinements=p_36%3A21500-22000&s=merchant-items&sr=1-216&xpid=Ov-oxQKc0VtF1#customerReviews,Martin Yale EP210 Master Electric Hole Punch; Punches Up To 12 Sheets of 20 Pound Paper; Punches Standard 2-hole Pattern with 2 3/4 Centers; 1/4 Hole Diameter
B000GAZ5ZE,,,,
B0007WGI7K,,217.89,https://www.amazon.sg/Bahco-2M-8T-Flare-Wrench/dp/B0007WGI7K/ref=sr_1_217?dib=eyJ2IjoiMSJ9.QWMPbSfjD_EN5_VcrsU6bgfiEZwVW1G_Qd9BPHgMsHngoJKTkoAHtc2Oo2dbyEsLpL7O3VRHOgrh1erYGtF-au9HkYmLjfLO-glD-qjpRvE0BFlda9twPMM_5VNvl7E0Gnz6bINLf-IiT0TYB4k2MeNWwMrWGdMLmsXW5Chyphk.1ReW_lUVl_ASHsEff8thbq9pAN5hfyYuRzcvJsvpajY&dib_tag=se&m=A31NFQQ4065CWX&marketplaceID=A19VAU5U5O7RUS&qid=1773379293&refinements=p_36%3A21500-22000&s=merchant-items&sr=1-217&xpid=Ov-oxQKc0VtF1#customerReviews,Bahco 2M/8T D838 Flare nut Wrench Set (8 Piece)
B0007WGI7K,,,,
B00061HIOE,,240.04,https://www.amazon.sg/TAMIYA-TM78007-Models-Carrier-Enterprise/dp/B00061HIOE/ref=sr_1_218?dib=eyJ2IjoiMSJ9.QWMPbSfjD_EN5_VcrsU6bgfiEZwVW1G_Qd9BPHgMsHngoJKTkoAHtc2Oo2dbyEsLpL7O3VRHOgrh1erYGtF-au9HkYmLjfLO-glD-qjpRvE0BFlda9twPMM_5VNvl7E0Gnz6bINLf-IiT0TYB4k2MeNWwMrWGdMLmsXW5Chyphk.1ReW_lUVl_ASHsEff8thbq9pAN5hfyYuRzcvJsvpajY&dib_tag=se&m=A31NFQQ4065CWX&marketplaceID=A19VAU5U5O7RUS&qid=1773379293&refinements=p_36%3A21500-22000&s=merchant-items&sr=1-218&xpid=Ov-oxQKc0VtF1#customerReviews,TAMIYA TM78007 Models Carrier USS Enterprise CVN-65 Model Kit
B0BVQJR2QV,,216.16,https://www.amazon.sg/Soshin-7657-Surf-Shoes-Black/dp/B0BVQJR2QV/ref=sr_1_219?dib=eyJ2IjoiMSJ9.QWMPbSfjD_EN5_VcrsU6bgfiEZwVW1G_Qd9BPHgMsHngoJKTkoAHtc2Oo2dbyEsLpL7O3VRHOgrh1erYGtF-au9HkYmLjfLO-glD-qjpRvE0BFlda9twPMM_5VNvl7E0Gnz6bINLf-IiT0TYB4k2MeNWwMrWGdMLmsXW5Chyphk.1ReW_lUVl_ASHsEff8thbq9pAN5hfyYuRzcvJsvpajY&dib_tag=se&m=A31NFQQ4065CWX&marketplaceID=A19VAU5U5O7RUS&qid=1773379293&refinements=p_36%3A21500-22000&s=merchant-items&sr=1-219&xpid=Ov-oxQKc0VtF1,Riverley RBB RBB Surf Shoes II Hi
B0BVQJR2QV,,,,
B0BS41MSPY,,217.28,https://www.amazon.sg/ANIPLEX-Conofig-Demon-Slayer-Kimetsu/dp/B0BS41MSPY/ref=sr_1_225?dib=eyJ2IjoiMSJ9.2b79RZoHKxdVi9e40lXELrWT18_IIdbwFPZ25u1ZdoRCx_yzn2bPsiDtK19urXRGVD1PwMIHQl_Xen4h5jhHhg.3Elw0L3cFORDuoNggJ3Kyc3vouQQHrrSiki1IG8niXU&dib_tag=se&m=A31NFQQ4065CWX&marketplaceID=A19VAU5U5O7RUS&qid=1773379298&refinements=p_36%3A21500-22000&s=merchant-items&sr=1-225&xpid=Ov-oxQKc0VtF1,ANIPLEX+ Conofig Demon Slayer: Kimetsu No Yaiba Enmu
B0B6DVY28D,,218.54,https://www.amazon.sg/Megami-Device-KP590X-Tamagono-Height/dp/B0B6DVY28D/ref=sr_1_226?dib=eyJ2IjoiMSJ9.2b79RZoHKxdVi9e40lXELrWT18_IIdbwFPZ25u1ZdoRCx_yzn2bPsiDtK19urXRGVD1PwMIHQl_Xen4h5jhHhg.3Elw0L3cFORDuoNggJ3Kyc3vouQQHrrSiki1IG8niXU&dib_tag=se&m=A31NFQQ4065CWX&marketplaceID=A19VAU5U5O7RUS&qid=1773379298&refinements=p_36%3A21500-22000&s=merchant-items&sr=1-226&xpid=Ov-oxQKc0VtF1#customerReviews,"Megami Device KP590X Akara Tamagono Mae, Total Height: Approx. 6.9 inches (175 mm), 1/1 Scale, Plastic Model, Molded Color"
B0B31BRVRT,,217.81,https://www.amazon.sg/DAIWA-Genuine-Caldia-18000-Number/dp/B0B31BRVRT/ref=sr_1_227?dib=eyJ2IjoiMSJ9.2b79RZoHKxdVi9e40lXELrWT18_IIdbwFPZ25u1ZdoRCx_yzn2bPsiDtK19urXRGVD1PwMIHQl_Xen4h5jhHhg.3Elw0L3cFORDuoNggJ3Kyc3vouQQHrrSiki1IG8niXU&dib_tag=se&m=A31NFQQ4065CWX&marketplaceID=A19VAU5U5O7RUS&qid=1773379298&refinements=p_36%3A21500-22000&s=merchant-items&sr=1-227&xpid=Ov-oxQKc0VtF1,DAIWA Genuine Part 22 Caldia SW 18000 Spool (2-7) Part Number: 8 Part Number: 128E85
B0B31BRVRT,,,,
B0B1ZJN2L8,,217.46,https://www.amazon.sg/Ultraman-4571587310562-Vinyl-Non-scale-Height/dp/B0B1ZJN2L8/ref=sr_1_228?dib=eyJ2IjoiMSJ9.2b79RZoHKxdVi9e40lXELrWT18_IIdbwFPZ25u1ZdoRCx_yzn2bPsiDtK19urXRGVD1PwMIHQl_Xen4h5jhHhg.3Elw0L3cFORDuoNggJ3Kyc3vouQQHrrSiki1IG8niXU&dib_tag=se&m=A31NFQQ4065CWX&marketplaceID=A19VAU5U5O7RUS&qid=1773379298&refinements=p_36%3A21500-22000&s=merchant-items&sr=1-228&xpid=Ov-oxQKc0VtF1,"Ultraman 4571587310562 Mega Soft Vinyl Kit, Non-scale, Total Height: Approx. 13.8 inches (35 cm), Soft Vinyl, Unpainted, Assembly Kit"
B091JBLSMY,,218.4,https://www.amazon.sg/Tent-Factory-Skyover-Tarp-TF-SOT500BR/dp/B091JBLSMY/ref=sr_1_229?dib=eyJ2IjoiMSJ9.2b79RZoHKxdVi9e40lXELrWT18_IIdbwFPZ25u1ZdoRCx_yzn2bPsiDtK19urXRGVD1PwMIHQl_Xen4h5jhHhg.3Elw0L3cFORDuoNggJ3Kyc3vouQQHrrSiki1IG8niXU&dib_tag=se&m=A31NFQQ4065CWX&marketplaceID=A19VAU5U5O7RUS&qid=1773379298&refinements=p_36%3A21500-22000&s=merchant-items&sr=1-229&xpid=Ov-oxQKc0VtF1#customerReviews,TENT FACTORY BW Skyover Tarp 500
B091JBLSMY,,,,
B08HXGVCBV,,239.22,https://www.amazon.sg/Broadcom-05-60005-00-1-SFF-8654-2-SFF-8639-9560-16i-9580-8i8e/dp/B08HXGVCBV/ref=sr_1_225?dib=eyJ2IjoiMSJ9.z3brrvWZLo1NBTbxUP7HY3rKg9xZN7p9RoxznN3ufaicBneHLOrkBnELMd7iwemqinE-7i2d7j8dyRxoEhW1gko5cVCrUQi5VwN8YT-i3fhV1Nm25WZ7gw1iDYy4qS5ITf6t4GSwcfiQyvYQhYDvCg.PRavGRtVdiBs3IY4msTeOv-c5YEoD5VY8HVLx5SCOms&dib_tag=se&m=A31NFQQ4065CWX&marketplaceID=A19VAU5U5O7RUS&qid=1773379298&refinements=p_36%3A21500-22000&s=merchant-items&sr=1-225&xpid=Ov-oxQKc0VtF1,Broadcom 05-60005-00-1 m - x8 SFF-8654-2 x U.2 SFF-8639-9560-16i 9560-8i 9580-8i8e 9500-16i 9500-8i
B08HXGVCBV,,,,
B00SM9HEAK,,230.28,https://www.amazon.sg/Vandoren-LC51PGP-Clarinet-Ligature-Pink/dp/B00SM9HEAK/ref=sr_1_226?dib=eyJ2IjoiMSJ9.z3brrvWZLo1NBTbxUP7HY3rKg9xZN7p9RoxznN3ufaicBneHLOrkBnELMd7iwemqinE-7i2d7j8dyRxoEhW1gko5cVCrUQi5VwN8YT-i3fhV1Nm25WZ7gw1iDYy4qS5ITf6t4GSwcfiQyvYQhYDvCg.PRavGRtVdiBs3IY4msTeOv-c5YEoD5VY8HVLx5SCOms&dib_tag=se&m=A31NFQQ4065CWX&marketplaceID=A19VAU5U5O7RUS&qid=1773379298&refinements=p_36%3A21500-22000&s=merchant-items&sr=1-226&xpid=Ov-oxQKc0VtF1#customerReviews,Vandoren LC51PGP Bb Clarinet M|O Ligature & Cap; Pink Gold
B00SM9HEAK,,,,
B005WQUIRC,,218.32,https://www.amazon.sg/ESCHENBACH-1644-51-Frame-Lens-Binocular/dp/B005WQUIRC/ref=sr_1_227?dib=eyJ2IjoiMSJ9.z3brrvWZLo1NBTbxUP7HY3rKg9xZN7p9RoxznN3ufaicBneHLOrkBnELMd7iwemqinE-7i2d7j8dyRxoEhW1gko5cVCrUQi5VwN8YT-i3fhV1Nm25WZ7gw1iDYy4qS5ITf6t4GSwcfiQyvYQhYDvCg.PRavGRtVdiBs3IY4msTeOv-c5YEoD5VY8HVLx5SCOms&dib_tag=se&m=A31NFQQ4065CWX&marketplaceID=A19VAU5U5O7RUS&qid=1773379298&refinements=p_36%3A21500-22000&s=merchant-items&sr=1-227&xpid=Ov-oxQKc0VtF1#customerReviews,ESCHENBACH 1644-51 Lab Frame + 1 Lens Set (2x Binocular Lens)
B005WQUIRC,,,,
B003A03KJK,,218.34,https://www.amazon.sg/Unpolished-Finish-Temper-0-40mm-Thickness/dp/B003A03KJK/ref=sr_1_228?dib=eyJ2IjoiMSJ9.z3brrvWZLo1NBTbxUP7HY3rKg9xZN7p9RoxznN3ufaicBneHLOrkBnELMd7iwemqinE-7i2d7j8dyRxoEhW1gko5cVCrUQi5VwN8YT-i3fhV1Nm25WZ7gw1iDYy4qS5ITf6t4GSwcfiQyvYQhYDvCg.PRavGRtVdiBs3IY4msTeOv-c5YEoD5VY8HVLx5SCOms&dib_tag=se&m=A31NFQQ4065CWX&marketplaceID=A19VAU5U5O7RUS&qid=1773379298&refinements=p_36%3A21500-22000&s=merchant-items&sr=1-228&xpid=Ov-oxQKc0VtF1,"260 Brass Shim Stock, Unpolished (Mill) Finish, H02 Temper, ASTM B19/ASTM B36, 0.40mm Thickness, 150mm Width, 2.5 m Length"
B001TDHMRQ,,216.67,https://www.amazon.sg/Synthetic-Dragonfly-Commercial-Cutting-Antibacterial/dp/B001TDHMRQ/ref=sr_1_229?dib=eyJ2IjoiMSJ9.z3brrvWZLo1NBTbxUP7HY3rKg9xZN7p9RoxznN3ufaicBneHLOrkBnELMd7iwemqinE-7i2d7j8dyRxoEhW1gko5cVCrUQi5VwN8YT-i3fhV1Nm25WZ7gw1iDYy4qS5ITf6t4GSwcfiQyvYQhYDvCg.PRavGRtVdiBs3IY4msTeOv-c5YEoD5VY8HVLx5SCOms&dib_tag=se&m=A31NFQQ4065CWX&marketplaceID=A19VAU5U5O7RUS&qid=1773379298&refinements=p_36%3A21500-22000&s=merchant-items&sr=1-229&xpid=Ov-oxQKc0VtF1#customerReviews,"Shinki Synthetic Dragonfly Commercial Cutting Board, Antibacterial, 19.7 x 10.6 x 0.8 inches (500 x 270 x 20 mm), Fresh Fishing, Made in Japan"
B001TDHMRQ,,,,
B00QLUN8VQ,,217.24,https://www.amazon.sg/Reebok-Bb4500-Sneaker-Industrial-Construction/dp/B00QLUN8VQ/ref=sr_1_230?dib=eyJ2IjoiMSJ9.z3brrvWZLo1NBTbxUP7HY3rKg9xZN7p9RoxznN3ufaicBneHLOrkBnELMd7iwemqinE-7i2d7j8dyRxoEhW1gko5cVCrUQi5VwN8YT-i3fhV1Nm25WZ7gw1iDYy4qS5ITf6t4GSwcfiQyvYQhYDvCg.PRavGRtVdiBs3IY4msTeOv-c5YEoD5VY8HVLx5SCOms&dib_tag=se&m=A31NFQQ4065CWX&marketplaceID=A19VAU5U5O7RUS&qid=1773379298&refinements=p_36%3A21500-22000&s=merchant-items&sr=1-230&xpid=Ov-oxQKc0VtF1#customerReviews,Reebok Work Men's BB4500 Safety Toe Low Cut Work Sneaker
B00QLUN8VQ,,,,
B00ESOXHDQ,,225.57,https://www.amazon.sg/Condor-Convoy-Outdoor-Pack-Olive/dp/B00ESOXHDQ/ref=sr_1_231?dib=eyJ2IjoiMSJ9.z3brrvWZLo1NBTbxUP7HY3rKg9xZN7p9RoxznN3ufaicBneHLOrkBnELMd7iwemqinE-7i2d7j8dyRxoEhW1gko5cVCrUQi5VwN8YT-i3fhV1Nm25WZ7gw1iDYy4qS5ITf6t4GSwcfiQyvYQhYDvCg.PRavGRtVdiBs3IY4msTeOv-c5YEoD5VY8HVLx5SCOms&dib_tag=se&m=A31NFQQ4065CWX&marketplaceID=A19VAU5U5O7RUS&qid=1773379298&refinements=p_36%3A21500-22000&s=merchant-items&sr=1-231&xpid=Ov-oxQKc0VtF1#customerReviews,Condor Convoy Outdoor Pack Olive Drab
B00ESOXHDQ,,,,
B009A1G3LA,,215.27,https://www.amazon.sg/Jack-Rogers-Womens-Georgica-Jelly/dp/B009A1G3LA/ref=sr_1_232?dib=eyJ2IjoiMSJ9.z3brrvWZLo1NBTbxUP7HY3rKg9xZN7p9RoxznN3ufaicBneHLOrkBnELMd7iwemqinE-7i2d7j8dyRxoEhW1gko5cVCrUQi5VwN8YT-i3fhV1Nm25WZ7gw1iDYy4qS5ITf6t4GSwcfiQyvYQhYDvCg.PRavGRtVdiBs3IY4msTeOv-c5YEoD5VY8HVLx5SCOms&dib_tag=se&m=A31NFQQ4065CWX&marketplaceID=A19VAU5U5O7RUS&qid=1773379298&refinements=p_36%3A21500-22000&s=merchant-items&sr=1-232&xpid=Ov-oxQKc0VtF1#customerReviews,Jack Rogers Women's Georgica Jelly
B009A1G3LA,,,,
B09DF2Z9ZW,,219.02,https://www.amazon.sg/Briefing-BRA213A03-MOBILE-POUCH-deep/dp/B09DF2Z9ZW/ref=sr_1_233?dib=eyJ2IjoiMSJ9.z3brrvWZLo1NBTbxUP7HY3rKg9xZN7p9RoxznN3ufaicBneHLOrkBnELMd7iwemqinE-7i2d7j8dyRxoEhW1gko5cVCrUQi5VwN8YT-i3fhV1Nm25WZ7gw1iDYy4qS5ITf6t4GSwcfiQyvYQhYDvCg.PRavGRtVdiBs3IY4msTeOv-c5YEoD5VY8HVLx5SCOms&dib_tag=se&m=A31NFQQ4065CWX&marketplaceID=A19VAU5U5O7RUS&qid=1773379298&refinements=p_36%3A21500-22000&s=merchant-items&sr=1-233&xpid=Ov-oxQKc0VtF1#customerReviews,Briefing BRA213A03 MOBILE POUCH M
B09DF2Z9ZW,,,,
