ASIN,Brand,Price,URL,Title
B00ST2KNQW,Xbox One,161.84,https://www.amazon.sg/Azito-tatsunoko-Legends/dp/B00ST2KNQW/ref=sr_1_1?dib=eyJ2IjoiMSJ9.mruxBji-_tss5ObDYoSP1RGps1xIWLn2hGhugYSJXAArnztWUT_JuTsB-ges2lMTGv9pH0uva4s4c8gQS8cC5ptjGAhiX2vg6hyz69bzNP7zTRyzyi0eeIFg_3pU8amlaeJk2C2CJ4Tpg4sTlCkKbrZhYjL0_TzU94fYG8z3t10HtS2jo9onmUetgOmaST67T85ntFfwl5ix-KmVFjsCCOtA6FwY_a3mRwuCyWiESSU._ANQZYex0rWW63h6IEH09ee_CpkDtoShVjdGj17U9vA&dib_tag=se&m=A3UEK3VBJ6ADB7&marketplaceID=A19VAU5U5O7RUS&qid=1776495930&refinements=p_36%3A12500-13000&s=merchant-items&sr=1-1#customerReviews,Azito tatsunoko Legends
B00ST2KNQW,,,,
B0B5TSXC2S,,128.31,https://www.amazon.sg/Good-Smile-Company-SSSS-Gridman-Gridman/dp/B0B5TSXC2S/ref=sr_1_2?dib=eyJ2IjoiMSJ9.mruxBji-_tss5ObDYoSP1RGps1xIWLn2hGhugYSJXAArnztWUT_JuTsB-ges2lMTGv9pH0uva4s4c8gQS8cC5ptjGAhiX2vg6hyz69bzNP7zTRyzyi0eeIFg_3pU8amlaeJk2C2CJ4Tpg4sTlCkKbrZhYjL0_TzU94fYG8z3t10HtS2jo9onmUetgOmaST67T85ntFfwl5ix-KmVFjsCCOtA6FwY_a3mRwuCyWiESSU._ANQZYex0rWW63h6IEH09ee_CpkDtoShVjdGj17U9vA&dib_tag=se&m=A3UEK3VBJ6ADB7&marketplaceID=A19VAU5U5O7RUS&qid=1776495930&refinements=p_36%3A12500-13000&s=merchant-items&sr=1-2#customerReviews,Good Smile Company SSSS.Gridman Figma Gridman Primal Fighter Version 16 cm
B001MBUD4O,Sony PSP,129.13,https://www.amazon.sg/Tenchu-4-Japanese-PSP-Import/dp/B001MBUD4O/ref=sr_1_3?dib=eyJ2IjoiMSJ9.mruxBji-_tss5ObDYoSP1RGps1xIWLn2hGhugYSJXAArnztWUT_JuTsB-ges2lMTGv9pH0uva4s4c8gQS8cC5ptjGAhiX2vg6hyz69bzNP7zTRyzyi0eeIFg_3pU8amlaeJk2C2CJ4Tpg4sTlCkKbrZhYjL0_TzU94fYG8z3t10HtS2jo9onmUetgOmaST67T85ntFfwl5ix-KmVFjsCCOtA6FwY_a3mRwuCyWiESSU._ANQZYex0rWW63h6IEH09ee_CpkDtoShVjdGj17U9vA&dib_tag=se&m=A3UEK3VBJ6ADB7&marketplaceID=A19VAU5U5O7RUS&qid=1776495930&refinements=p_36%3A12500-13000&s=merchant-items&sr=1-3#customerReviews,Tenchu 4 (Japanese PSP Import)
B001MBUD4O,,,,
B000HQUO8K,Sony PSP,126.95,https://www.amazon.sg/ERTAIN-Lost-Regnum-Makutsu-Koutei/dp/B000HQUO8K/ref=sr_1_4?dib=eyJ2IjoiMSJ9.mruxBji-_tss5ObDYoSP1RGps1xIWLn2hGhugYSJXAArnztWUT_JuTsB-ges2lMTGv9pH0uva4s4c8gQS8cC5ptjGAhiX2vg6hyz69bzNP7zTRyzyi0eeIFg_3pU8amlaeJk2C2CJ4Tpg4sTlCkKbrZhYjL0_TzU94fYG8z3t10HtS2jo9onmUetgOmaST67T85ntFfwl5ix-KmVFjsCCOtA6FwY_a3mRwuCyWiESSU._ANQZYex0rWW63h6IEH09ee_CpkDtoShVjdGj17U9vA&dib_tag=se&m=A3UEK3VBJ6ADB7&marketplaceID=A19VAU5U5O7RUS&qid=1776495930&refinements=p_36%3A12500-13000&s=merchant-items&sr=1-4#customerReviews,ERTAIN Lost Regnum: Makutsu No Koutei [Japan Import]
B000HQUO8K,,,,
B09TVJXMRT,Blu-ray,126.63,https://www.amazon.sg/fOUL-Blu-ray/dp/B09TVJXMRT/ref=sr_1_5?dib=eyJ2IjoiMSJ9.mruxBji-_tss5ObDYoSP1RGps1xIWLn2hGhugYSJXAArnztWUT_JuTsB-ges2lMTGv9pH0uva4s4c8gQS8cC5ptjGAhiX2vg6hyz69bzNP7zTRyzyi0eeIFg_3pU8amlaeJk2C2CJ4Tpg4sTlCkKbrZhYjL0_TzU94fYG8z3t10HtS2jo9onmUetgOmaST67T85ntFfwl5ix-KmVFjsCCOtA6FwY_a3mRwuCyWiESSU._ANQZYex0rWW63h6IEH09ee_CpkDtoShVjdGj17U9vA&dib_tag=se&m=A3UEK3VBJ6ADB7&marketplaceID=A19VAU5U5O7RUS&qid=1776495930&refinements=p_36%3A12500-13000&s=merchant-items&sr=1-5#customerReviews,fOUL Blu-ray
B09TVJXMRT,,,,
B0070YG0SK,Audio CD,129.81,https://www.amazon.sg/Birthday-Claris/dp/B0070YG0SK/ref=sr_1_6?dib=eyJ2IjoiMSJ9.mruxBji-_tss5ObDYoSP1RGps1xIWLn2hGhugYSJXAArnztWUT_JuTsB-ges2lMTGv9pH0uva4s4c8gQS8cC5ptjGAhiX2vg6hyz69bzNP7zTRyzyi0eeIFg_3pU8amlaeJk2C2CJ4Tpg4sTlCkKbrZhYjL0_TzU94fYG8z3t10HtS2jo9onmUetgOmaST67T85ntFfwl5ix-KmVFjsCCOtA6FwY_a3mRwuCyWiESSU._ANQZYex0rWW63h6IEH09ee_CpkDtoShVjdGj17U9vA&dib_tag=se&m=A3UEK3VBJ6ADB7&marketplaceID=A19VAU5U5O7RUS&qid=1776495930&refinements=p_36%3A12500-13000&s=merchant-items&sr=1-6#customerReviews,Birthday
B0070YG0SK,,,,
B000E5KJTS,Sheet music,128.93,https://www.amazon.sg/Sinfonie-B-Dur-Symphony-B-flat-major/dp/B000E5KJTS/ref=sr_1_7?dib=eyJ2IjoiMSJ9.mruxBji-_tss5ObDYoSP1RGps1xIWLn2hGhugYSJXAArnztWUT_JuTsB-ges2lMTGv9pH0uva4s4c8gQS8cC5ptjGAhiX2vg6hyz69bzNP7zTRyzyi0eeIFg_3pU8amlaeJk2C2CJ4Tpg4sTlCkKbrZhYjL0_TzU94fYG8z3t10HtS2jo9onmUetgOmaST67T85ntFfwl5ix-KmVFjsCCOtA6FwY_a3mRwuCyWiESSU._ANQZYex0rWW63h6IEH09ee_CpkDtoShVjdGj17U9vA&dib_tag=se&m=A3UEK3VBJ6ADB7&marketplaceID=A19VAU5U5O7RUS&qid=1776495930&refinements=p_36%3A12500-13000&s=merchant-items&sr=1-7#customerReviews,Sinfonie Nr. 4 B-Dur op. 60. Symphony No. 4 in B-flat major op. 60
B000E5KJTS,,,,
9027238189,Paperback,126.33,https://www.amazon.sg/Japanese-Shoichi-Iwasaki/dp/9027238189/ref=sr_1_8?dib=eyJ2IjoiMSJ9.mruxBji-_tss5ObDYoSP1RGps1xIWLn2hGhugYSJXAArnztWUT_JuTsB-ges2lMTGv9pH0uva4s4c8gQS8cC5ptjGAhiX2vg6hyz69bzNP7zTRyzyi0eeIFg_3pU8amlaeJk2C2CJ4Tpg4sTlCkKbrZhYjL0_TzU94fYG8z3t10HtS2jo9onmUetgOmaST67T85ntFfwl5ix-KmVFjsCCOtA6FwY_a3mRwuCyWiESSU._ANQZYex0rWW63h6IEH09ee_CpkDtoShVjdGj17U9vA&dib_tag=se&m=A3UEK3VBJ6ADB7&marketplaceID=A19VAU5U5O7RUS&qid=1776495930&refinements=p_36%3A12500-13000&s=merchant-items&sr=1-8#customerReviews,Japanese
9027238189,,,,
8870787176,Paperback,129.2,https://www.amazon.sg/consulenza-processo-promuovere-organizzativo-organizzazione/dp/8870787176/ref=sr_1_9?dib=eyJ2IjoiMSJ9.mruxBji-_tss5ObDYoSP1RGps1xIWLn2hGhugYSJXAArnztWUT_JuTsB-ges2lMTGv9pH0uva4s4c8gQS8cC5ptjGAhiX2vg6hyz69bzNP7zTRyzyi0eeIFg_3pU8amlaeJk2C2CJ4Tpg4sTlCkKbrZhYjL0_TzU94fYG8z3t10HtS2jo9onmUetgOmaST67T85ntFfwl5ix-KmVFjsCCOtA6FwY_a3mRwuCyWiESSU._ANQZYex0rWW63h6IEH09ee_CpkDtoShVjdGj17U9vA&dib_tag=se&m=A3UEK3VBJ6ADB7&marketplaceID=A19VAU5U5O7RUS&qid=1776495930&refinements=p_36%3A12500-13000&s=merchant-items&sr=1-9#customerReviews,"La consulenza di processo. Come costruire le relazioni d'aiuto e promuovere lo sviluppo organizzativo (Individuo, gruppo, organizzazione)"
8870787176,,,,
8413600081,Hardcover,127.88,https://www.amazon.sg/Coraline/dp/8413600081/ref=sr_1_10?dib=eyJ2IjoiMSJ9.mruxBji-_tss5ObDYoSP1RGps1xIWLn2hGhugYSJXAArnztWUT_JuTsB-ges2lMTGv9pH0uva4s4c8gQS8cC5ptjGAhiX2vg6hyz69bzNP7zTRyzyi0eeIFg_3pU8amlaeJk2C2CJ4Tpg4sTlCkKbrZhYjL0_TzU94fYG8z3t10HtS2jo9onmUetgOmaST67T85ntFfwl5ix-KmVFjsCCOtA6FwY_a3mRwuCyWiESSU._ANQZYex0rWW63h6IEH09ee_CpkDtoShVjdGj17U9vA&dib_tag=se&m=A3UEK3VBJ6ADB7&marketplaceID=A19VAU5U5O7RUS&qid=1776495930&refinements=p_36%3A12500-13000&s=merchant-items&sr=1-10#customerReviews,Coraline
8413600081,,,,
8413412021,Paperback,127.99,https://www.amazon.sg/Your-name-another-side/dp/8413412021/ref=sr_1_11?dib=eyJ2IjoiMSJ9.mruxBji-_tss5ObDYoSP1RGps1xIWLn2hGhugYSJXAArnztWUT_JuTsB-ges2lMTGv9pH0uva4s4c8gQS8cC5ptjGAhiX2vg6hyz69bzNP7zTRyzyi0eeIFg_3pU8amlaeJk2C2CJ4Tpg4sTlCkKbrZhYjL0_TzU94fYG8z3t10HtS2jo9onmUetgOmaST67T85ntFfwl5ix-KmVFjsCCOtA6FwY_a3mRwuCyWiESSU._ANQZYex0rWW63h6IEH09ee_CpkDtoShVjdGj17U9vA&dib_tag=se&m=A3UEK3VBJ6ADB7&marketplaceID=A19VAU5U5O7RUS&qid=1776495930&refinements=p_36%3A12500-13000&s=merchant-items&sr=1-11#customerReviews,Your name. another side
8413412021,,,,
4947648422,Paperback,126.19,https://www.amazon.sg/Mex-Box-Hideki-Sato/dp/4947648422/ref=sr_1_12?dib=eyJ2IjoiMSJ9.mruxBji-_tss5ObDYoSP1RGps1xIWLn2hGhugYSJXAArnztWUT_JuTsB-ges2lMTGv9pH0uva4s4c8gQS8cC5ptjGAhiX2vg6hyz69bzNP7zTRyzyi0eeIFg_3pU8amlaeJk2C2CJ4Tpg4sTlCkKbrZhYjL0_TzU94fYG8z3t10HtS2jo9onmUetgOmaST67T85ntFfwl5ix-KmVFjsCCOtA6FwY_a3mRwuCyWiESSU._ANQZYex0rWW63h6IEH09ee_CpkDtoShVjdGj17U9vA&dib_tag=se&m=A3UEK3VBJ6ADB7&marketplaceID=A19VAU5U5O7RUS&qid=1776495930&refinements=p_36%3A12500-13000&s=merchant-items&sr=1-12,Mex Box
4947648422,,,,
4903238539,Tankobon Softcover,127.67,https://www.amazon.sg/%E3%83%95%E3%82%A3%E3%83%8A%E3%83%BC%E3%83%AC2011%E5%AE%9F%E7%94%A8%E5%85%A8%E3%82%AC%E3%82%A4%E3%83%89-%E3%80%9C%E6%A5%BD%E8%AD%9C%E4%BD%9C%E6%88%90%E3%81%AE%E3%83%92%E3%83%B3%E3%83%88%E3%81%A8%E3%83%86%E3%82%AF%E3%83%8B%E3%83%83%E3%82%AF%E3%83%BB%E5%88%9D%E5%BF%83%E8%80%85%E3%81%8B%E3%82%89%E4%B8%8A%E7%B4%9A%E8%80%85%E3%81%BE%E3%81%A7-%E3%82%B9%E3%82%BF%E3%82%A4%E3%83%AB%E3%83%8E%E3%83%BC%E3%83%88%E6%A5%BD%E8%AD%9C%E5%88%B6%E4%BD%9C%E9%83%A8/dp/4903238539/ref=sr_1_13?dib=eyJ2IjoiMSJ9.mruxBji-_tss5ObDYoSP1RGps1xIWLn2hGhugYSJXAArnztWUT_JuTsB-ges2lMTGv9pH0uva4s4c8gQS8cC5ptjGAhiX2vg6hyz69bzNP7zTRyzyi0eeIFg_3pU8amlaeJk2C2CJ4Tpg4sTlCkKbrZhYjL0_TzU94fYG8z3t10HtS2jo9onmUetgOmaST67T85ntFfwl5ix-KmVFjsCCOtA6FwY_a3mRwuCyWiESSU._ANQZYex0rWW63h6IEH09ee_CpkDtoShVjdGj17U9vA&dib_tag=se&m=A3UEK3VBJ6ADB7&marketplaceID=A19VAU5U5O7RUS&qid=1776495930&refinements=p_36%3A12500-13000&s=merchant-items&sr=1-13#customerReviews,フィナーレ2011実用全ガイド 〜楽譜作成のヒントとテクニック・初心者から上級者まで
4903238539,,,,
4897148960,Tankobon Hardcover,144.79,https://www.amazon.sg/%E7%B7%A8%E5%B9%B4%E4%BD%93%E5%A4%A7%E6%AD%A3%E6%96%87%E5%AD%A6%E5%85%A8%E9%9B%86%E3%80%88%E7%AC%AC7%E5%B7%BB%E3%80%89%E5%A4%A7%E6%AD%A3%E4%B8%83%E5%B9%B4/dp/4897148960/ref=sr_1_14?dib=eyJ2IjoiMSJ9.mruxBji-_tss5ObDYoSP1RGps1xIWLn2hGhugYSJXAArnztWUT_JuTsB-ges2lMTGv9pH0uva4s4c8gQS8cC5ptjGAhiX2vg6hyz69bzNP7zTRyzyi0eeIFg_3pU8amlaeJk2C2CJ4Tpg4sTlCkKbrZhYjL0_TzU94fYG8z3t10HtS2jo9onmUetgOmaST67T85ntFfwl5ix-KmVFjsCCOtA6FwY_a3mRwuCyWiESSU._ANQZYex0rWW63h6IEH09ee_CpkDtoShVjdGj17U9vA&dib_tag=se&m=A3UEK3VBJ6ADB7&marketplaceID=A19VAU5U5O7RUS&qid=1776495930&refinements=p_36%3A12500-13000&s=merchant-items&sr=1-14,編年体大正文学全集〈第7巻〉大正七年
4897148960,,,,
4896352394,Tankobon Hardcover,129.9,https://www.amazon.sg/%E8%A6%96%E8%83%BD%E7%9F%AF%E6%AD%A3%E5%AD%A6%E7%94%A8%E8%AA%9E%E8%A7%A3%E8%AA%AC%E8%BE%9E%E5%85%B8/dp/4896352394/ref=sr_1_15?dib=eyJ2IjoiMSJ9.mruxBji-_tss5ObDYoSP1RGps1xIWLn2hGhugYSJXAArnztWUT_JuTsB-ges2lMTGv9pH0uva4s4c8gQS8cC5ptjGAhiX2vg6hyz69bzNP7zTRyzyi0eeIFg_3pU8amlaeJk2C2CJ4Tpg4sTlCkKbrZhYjL0_TzU94fYG8z3t10HtS2jo9onmUetgOmaST67T85ntFfwl5ix-KmVFjsCCOtA6FwY_a3mRwuCyWiESSU._ANQZYex0rWW63h6IEH09ee_CpkDtoShVjdGj17U9vA&dib_tag=se&m=A3UEK3VBJ6ADB7&marketplaceID=A19VAU5U5O7RUS&qid=1776495930&refinements=p_36%3A12500-13000&s=merchant-items&sr=1-15#customerReviews,視能矯正学用語解説辞典
4896352394,,,,
4895315754,Tankobon Hardcover,129.33,https://www.amazon.sg/%E3%82%A4%E3%83%A9%E3%82%B9%E3%83%88%E3%81%A7%E3%81%BF%E3%82%8B%E9%A6%AC%E3%81%AE%E7%97%85%E6%B0%97/dp/4895315754/ref=sr_1_16?dib=eyJ2IjoiMSJ9.mruxBji-_tss5ObDYoSP1RGps1xIWLn2hGhugYSJXAArnztWUT_JuTsB-ges2lMTGv9pH0uva4s4c8gQS8cC5ptjGAhiX2vg6hyz69bzNP7zTRyzyi0eeIFg_3pU8amlaeJk2C2CJ4Tpg4sTlCkKbrZhYjL0_TzU94fYG8z3t10HtS2jo9onmUetgOmaST67T85ntFfwl5ix-KmVFjsCCOtA6FwY_a3mRwuCyWiESSU._ANQZYex0rWW63h6IEH09ee_CpkDtoShVjdGj17U9vA&dib_tag=se&m=A3UEK3VBJ6ADB7&marketplaceID=A19VAU5U5O7RUS&qid=1776495930&refinements=p_36%3A12500-13000&s=merchant-items&sr=1-16#customerReviews,イラストでみる馬の病気
4895315754,,,,
4890133585,Tankobon Hardcover,126.06,https://www.amazon.sg/%E3%82%AB%E3%83%A9%E3%83%BC%E7%89%88%E3%83%A1%E3%83%87%E3%82%A3%E3%82%AB%E3%83%AB%E3%83%8E%E3%83%BC%E3%83%88-%E7%94%BB%E5%83%8F%E8%A8%BA%E6%96%AD/dp/4890133585/ref=sr_1_17?dib=eyJ2IjoiMSJ9.NKqf7QzmaRdGZOlG62YbZDBGIf1zQt2AkSD2cI3JaCkWfYJ_35BSGttOEhKTM8BTR_5r-9IKxRhx-T30saQRpDxOCLNiRAGevtcMu2u9PIECPG8yfOkHEvuiSQzdMDqHXQB6LYTwV1Y1SnncQZMpDd9sJtXikawqwfFs4taJZrl__QObQ3B8ng2291eXrDwwT8N7_4zCFuaDwSp6E2KNmlVR4GGMO3iJnSOzisGDEj0.G4tSZqOXFd64KNyJAGVMKFtoah6DjEO5x6swZ01mHXs&dib_tag=se&m=A3UEK3VBJ6ADB7&marketplaceID=A19VAU5U5O7RUS&qid=1776495937&refinements=p_36%3A12500-13000&s=merchant-items&sr=1-17&xpid=t3aYNHeeFsod_#customerReviews,カラー版メディカルノート 画像診断
4890133585,,,,
489013316X,Tankobon Hardcover,128.75,https://www.amazon.sg/%E3%83%80%E3%82%A4%E3%83%8A%E3%83%9F%E3%83%83%E3%82%AF%E3%83%BB%E3%83%A1%E3%83%87%E3%82%A3%E3%82%B7%E3%83%B3%E3%80%886%E3%80%89/dp/489013316X/ref=sr_1_18?dib=eyJ2IjoiMSJ9.NKqf7QzmaRdGZOlG62YbZDBGIf1zQt2AkSD2cI3JaCkWfYJ_35BSGttOEhKTM8BTR_5r-9IKxRhx-T30saQRpDxOCLNiRAGevtcMu2u9PIECPG8yfOkHEvuiSQzdMDqHXQB6LYTwV1Y1SnncQZMpDd9sJtXikawqwfFs4taJZrl__QObQ3B8ng2291eXrDwwT8N7_4zCFuaDwSp6E2KNmlVR4GGMO3iJnSOzisGDEj0.G4tSZqOXFd64KNyJAGVMKFtoah6DjEO5x6swZ01mHXs&dib_tag=se&m=A3UEK3VBJ6ADB7&marketplaceID=A19VAU5U5O7RUS&qid=1776495937&refinements=p_36%3A12500-13000&s=merchant-items&sr=1-18&xpid=t3aYNHeeFsod_,ダイナミック・メディシン〈6〉
489013316X,,,,
4888487693,Tankobon Hardcover,129.95,https://www.amazon.sg/%E5%BF%83%E7%90%86%E8%87%A8%E5%BA%8A%E3%81%A8%E7%B2%BE%E7%A5%9E%E5%88%86%E6%9E%90-%E9%91%AA%E5%B9%B9%E5%85%AB%E9%83%8E%E8%91%97%E4%BD%9C%E9%9B%86-2/dp/4888487693/ref=sr_1_19?dib=eyJ2IjoiMSJ9.NKqf7QzmaRdGZOlG62YbZDBGIf1zQt2AkSD2cI3JaCkWfYJ_35BSGttOEhKTM8BTR_5r-9IKxRhx-T30saQRpDxOCLNiRAGevtcMu2u9PIECPG8yfOkHEvuiSQzdMDqHXQB6LYTwV1Y1SnncQZMpDd9sJtXikawqwfFs4taJZrl__QObQ3B8ng2291eXrDwwT8N7_4zCFuaDwSp6E2KNmlVR4GGMO3iJnSOzisGDEj0.G4tSZqOXFd64KNyJAGVMKFtoah6DjEO5x6swZ01mHXs&dib_tag=se&m=A3UEK3VBJ6ADB7&marketplaceID=A19VAU5U5O7RUS&qid=1776495937&refinements=p_36%3A12500-13000&s=merchant-items&sr=1-19&xpid=t3aYNHeeFsod_,心理臨床と精神分析 (鑪幹八郎著作集): 2
4888487693,,,,
4886215688,Tankobon Hardcover,127.17,https://www.amazon.sg/%E4%B8%AD%E4%B8%96%E7%A4%BE%E4%BC%9A%E5%8F%B2%E3%81%B8%E3%81%AE%E9%81%93%E6%A8%99-%E5%90%8C%E6%88%90%E7%A4%BE%E4%B8%AD%E4%B8%96%E5%8F%B2%E9%81%B8%E6%9B%B8/dp/4886215688/ref=sr_1_20?dib=eyJ2IjoiMSJ9.NKqf7QzmaRdGZOlG62YbZDBGIf1zQt2AkSD2cI3JaCkWfYJ_35BSGttOEhKTM8BTR_5r-9IKxRhx-T30saQRpDxOCLNiRAGevtcMu2u9PIECPG8yfOkHEvuiSQzdMDqHXQB6LYTwV1Y1SnncQZMpDd9sJtXikawqwfFs4taJZrl__QObQ3B8ng2291eXrDwwT8N7_4zCFuaDwSp6E2KNmlVR4GGMO3iJnSOzisGDEj0.G4tSZqOXFd64KNyJAGVMKFtoah6DjEO5x6swZ01mHXs&dib_tag=se&m=A3UEK3VBJ6ADB7&marketplaceID=A19VAU5U5O7RUS&qid=1776495937&refinements=p_36%3A12500-13000&s=merchant-items&sr=1-20&xpid=t3aYNHeeFsod_,中世社会史への道標 (同成社中世史選書)
4886215688,,,,
4886215149,Tankobon Hardcover,128.91,https://www.amazon.sg/%E6%96%B0%E7%BE%85%E8%80%83%E5%8F%A4%E5%AD%A6%E7%A0%94%E7%A9%B6/dp/4886215149/ref=sr_1_21?dib=eyJ2IjoiMSJ9.NKqf7QzmaRdGZOlG62YbZDBGIf1zQt2AkSD2cI3JaCkWfYJ_35BSGttOEhKTM8BTR_5r-9IKxRhx-T30saQRpDxOCLNiRAGevtcMu2u9PIECPG8yfOkHEvuiSQzdMDqHXQB6LYTwV1Y1SnncQZMpDd9sJtXikawqwfFs4taJZrl__QObQ3B8ng2291eXrDwwT8N7_4zCFuaDwSp6E2KNmlVR4GGMO3iJnSOzisGDEj0.G4tSZqOXFd64KNyJAGVMKFtoah6DjEO5x6swZ01mHXs&dib_tag=se&m=A3UEK3VBJ6ADB7&marketplaceID=A19VAU5U5O7RUS&qid=1776495937&refinements=p_36%3A12500-13000&s=merchant-items&sr=1-21&xpid=t3aYNHeeFsod_,新羅考古学研究
4886215149,,,,
4871983129,Tankobon Hardcover,125.32,https://www.amazon.sg/%E4%BC%9D%E8%AA%AC%E3%81%AE%E6%8C%87%E6%8F%AE%E8%80%85%E3%83%95%E3%82%A7%E3%83%AC%E3%83%B3%E3%83%84%E3%83%BB%E3%83%95%E3%83%AA%E3%83%83%E3%83%81%E3%83%A3%E3%82%A4-%E8%87%AA%E4%BC%9D%E3%83%BB%E9%9F%B3%E6%A5%BD%E8%AB%96%E3%83%BB%E8%AE%83%E8%BE%9E%E3%83%BB%E8%A8%98%E9%8C%B2%E3%83%BB%E5%86%99%E7%9C%9F-%E5%8F%A2%E6%9B%B8%E3%83%BB20%E4%B8%96%E7%B4%80%E3%81%AE%E8%8A%B8%E8%A1%93%E3%81%A8%E6%96%87%E5%AD%A6-%E3%83%95%E3%82%A7%E3%83%AC%E3%83%B3%E3%83%84%E3%83%BB%E3%83%95%E3%83%AA%E3%83%83%E3%83%81%E3%83%A3%E3%82%A4/dp/4871983129/ref=sr_1_22?dib=eyJ2IjoiMSJ9.NKqf7QzmaRdGZOlG62YbZDBGIf1zQt2AkSD2cI3JaCkWfYJ_35BSGttOEhKTM8BTR_5r-9IKxRhx-T30saQRpDxOCLNiRAGevtcMu2u9PIECPG8yfOkHEvuiSQzdMDqHXQB6LYTwV1Y1SnncQZMpDd9sJtXikawqwfFs4taJZrl__QObQ3B8ng2291eXrDwwT8N7_4zCFuaDwSp6E2KNmlVR4GGMO3iJnSOzisGDEj0.G4tSZqOXFd64KNyJAGVMKFtoah6DjEO5x6swZ01mHXs&dib_tag=se&m=A3UEK3VBJ6ADB7&marketplaceID=A19VAU5U5O7RUS&qid=1776495937&refinements=p_36%3A12500-13000&s=merchant-items&sr=1-22&xpid=t3aYNHeeFsod_#customerReviews,伝説の指揮者フェレンツ・フリッチャイ 自伝・音楽論・讃辞・記録・写真 (叢書・20世紀の芸術と文学)
4871983129,,,,
4864293406,Tankobon Hardcover,125.77,https://www.amazon.sg/%E9%81%93%E5%BE%B3%E3%81%AE%E6%8E%88%E6%A5%AD%E3%81%AB%E3%81%8A%E3%81%91%E3%82%8B%E6%95%99%E5%B8%AB%E3%81%AE%E6%82%A9%E3%81%BF%E3%81%AB%E9%96%A2%E3%81%99%E3%82%8B%E7%A0%94%E7%A9%B6/dp/4864293406/ref=sr_1_23?dib=eyJ2IjoiMSJ9.NKqf7QzmaRdGZOlG62YbZDBGIf1zQt2AkSD2cI3JaCkWfYJ_35BSGttOEhKTM8BTR_5r-9IKxRhx-T30saQRpDxOCLNiRAGevtcMu2u9PIECPG8yfOkHEvuiSQzdMDqHXQB6LYTwV1Y1SnncQZMpDd9sJtXikawqwfFs4taJZrl__QObQ3B8ng2291eXrDwwT8N7_4zCFuaDwSp6E2KNmlVR4GGMO3iJnSOzisGDEj0.G4tSZqOXFd64KNyJAGVMKFtoah6DjEO5x6swZ01mHXs&dib_tag=se&m=A3UEK3VBJ6ADB7&marketplaceID=A19VAU5U5O7RUS&qid=1776495937&refinements=p_36%3A12500-13000&s=merchant-items&sr=1-23&xpid=t3aYNHeeFsod_,道徳の授業における教師の悩みに関する研究
4864293406,,,,
4846310892,Tankobon Hardcover,125.94,https://www.amazon.sg/%E3%80%90%E9%99%90%E5%AE%9A%E6%B0%B8%E4%B9%85%E4%BF%9D%E5%AD%98%E7%89%88%E3%80%91%E5%B5%90%E3%81%AE4Seasons/dp/4846310892/ref=sr_1_24?dib=eyJ2IjoiMSJ9.NKqf7QzmaRdGZOlG62YbZDBGIf1zQt2AkSD2cI3JaCkWfYJ_35BSGttOEhKTM8BTR_5r-9IKxRhx-T30saQRpDxOCLNiRAGevtcMu2u9PIECPG8yfOkHEvuiSQzdMDqHXQB6LYTwV1Y1SnncQZMpDd9sJtXikawqwfFs4taJZrl__QObQ3B8ng2291eXrDwwT8N7_4zCFuaDwSp6E2KNmlVR4GGMO3iJnSOzisGDEj0.G4tSZqOXFd64KNyJAGVMKFtoah6DjEO5x6swZ01mHXs&dib_tag=se&m=A3UEK3VBJ6ADB7&marketplaceID=A19VAU5U5O7RUS&qid=1776495937&refinements=p_36%3A12500-13000&s=merchant-items&sr=1-24&xpid=t3aYNHeeFsod_#customerReviews,【限定永久保存版】嵐の4Seasons
4846310892,,,,
4844367323,Tankobon Softcover,129.85,https://www.amazon.sg/%E3%83%97%E3%83%AD%E3%81%AB%E5%AD%A6%E3%81%B6Premiere-Pro%E3%82%AB%E3%83%83%E3%83%88%E7%B7%A8%E9%9B%86%E3%83%86%E3%82%AF%E3%83%8B%E3%83%83%E3%82%AF-%E7%9F%B3%E5%9D%82-%E3%82%A2%E3%83%84%E3%82%B7/dp/4844367323/ref=sr_1_25?dib=eyJ2IjoiMSJ9.NKqf7QzmaRdGZOlG62YbZDBGIf1zQt2AkSD2cI3JaCkWfYJ_35BSGttOEhKTM8BTR_5r-9IKxRhx-T30saQRpDxOCLNiRAGevtcMu2u9PIECPG8yfOkHEvuiSQzdMDqHXQB6LYTwV1Y1SnncQZMpDd9sJtXikawqwfFs4taJZrl__QObQ3B8ng2291eXrDwwT8N7_4zCFuaDwSp6E2KNmlVR4GGMO3iJnSOzisGDEj0.G4tSZqOXFd64KNyJAGVMKFtoah6DjEO5x6swZ01mHXs&dib_tag=se&m=A3UEK3VBJ6ADB7&marketplaceID=A19VAU5U5O7RUS&qid=1776495937&refinements=p_36%3A12500-13000&s=merchant-items&sr=1-25&xpid=t3aYNHeeFsod_#customerReviews,プロに学ぶPremiere Proカット編集テクニック
4844367323,,,,
4838602324,Tankobon Hardcover,131.83,https://www.amazon.sg/%E6%BA%90%E6%B0%8F%E7%89%A9%E8%AA%9E%E3%81%AE%E7%A9%BA%E9%96%93%E8%A1%A8%E7%8F%BE%E8%AB%96-%E9%87%91-%E7%A7%80%E7%BE%8E/dp/4838602324/ref=sr_1_26?dib=eyJ2IjoiMSJ9.NKqf7QzmaRdGZOlG62YbZDBGIf1zQt2AkSD2cI3JaCkWfYJ_35BSGttOEhKTM8BTR_5r-9IKxRhx-T30saQRpDxOCLNiRAGevtcMu2u9PIECPG8yfOkHEvuiSQzdMDqHXQB6LYTwV1Y1SnncQZMpDd9sJtXikawqwfFs4taJZrl__QObQ3B8ng2291eXrDwwT8N7_4zCFuaDwSp6E2KNmlVR4GGMO3iJnSOzisGDEj0.G4tSZqOXFd64KNyJAGVMKFtoah6DjEO5x6swZ01mHXs&dib_tag=se&m=A3UEK3VBJ6ADB7&marketplaceID=A19VAU5U5O7RUS&qid=1776495937&refinements=p_36%3A12500-13000&s=merchant-items&sr=1-26&xpid=t3aYNHeeFsod_#customerReviews,源氏物語の空間表現論
4838602324,,,,
483545782X,Comic,125.22,https://www.amazon.sg/%E3%81%A9%E6%A0%B9%E6%80%A7%E3%82%AC%E3%82%A8%E3%83%AB-%E5%82%91%E4%BD%9C%E3%82%BB%E3%83%AC%E3%82%AF%E3%82%B7%E3%83%A7%E3%83%B3/dp/483545782X/ref=sr_1_27?dib=eyJ2IjoiMSJ9.NKqf7QzmaRdGZOlG62YbZDBGIf1zQt2AkSD2cI3JaCkWfYJ_35BSGttOEhKTM8BTR_5r-9IKxRhx-T30saQRpDxOCLNiRAGevtcMu2u9PIECPG8yfOkHEvuiSQzdMDqHXQB6LYTwV1Y1SnncQZMpDd9sJtXikawqwfFs4taJZrl__QObQ3B8ng2291eXrDwwT8N7_4zCFuaDwSp6E2KNmlVR4GGMO3iJnSOzisGDEj0.G4tSZqOXFd64KNyJAGVMKFtoah6DjEO5x6swZ01mHXs&dib_tag=se&m=A3UEK3VBJ6ADB7&marketplaceID=A19VAU5U5O7RUS&qid=1776495937&refinements=p_36%3A12500-13000&s=merchant-items&sr=1-27&xpid=t3aYNHeeFsod_#customerReviews,ど根性ガエル 傑作セレクション
483545782X,,,,
4835457757,Comic,127.2,https://www.amazon.sg/%E7%81%AB%E3%81%AE%E9%B3%A5-%E3%80%8A%E3%82%AA%E3%83%AA%E3%82%B8%E3%83%8A%E3%83%AB%E7%89%88%E3%80%8B-%E4%B9%B1%E4%B8%96%E7%B7%A8-%E4%B8%8A-7/dp/4835457757/ref=sr_1_28?dib=eyJ2IjoiMSJ9.NKqf7QzmaRdGZOlG62YbZDBGIf1zQt2AkSD2cI3JaCkWfYJ_35BSGttOEhKTM8BTR_5r-9IKxRhx-T30saQRpDxOCLNiRAGevtcMu2u9PIECPG8yfOkHEvuiSQzdMDqHXQB6LYTwV1Y1SnncQZMpDd9sJtXikawqwfFs4taJZrl__QObQ3B8ng2291eXrDwwT8N7_4zCFuaDwSp6E2KNmlVR4GGMO3iJnSOzisGDEj0.G4tSZqOXFd64KNyJAGVMKFtoah6DjEO5x6swZ01mHXs&dib_tag=se&m=A3UEK3VBJ6ADB7&marketplaceID=A19VAU5U5O7RUS&qid=1776495937&refinements=p_36%3A12500-13000&s=merchant-items&sr=1-28&xpid=t3aYNHeeFsod_,火の鳥 《オリジナル版》 乱世編 上: 7
4835457757,,,,
4835456831,Comic,126.02,https://www.amazon.sg/OPUS-%E3%80%8A%E5%AE%8C%E5%85%A8%E7%89%88%E3%80%8B-%E4%BB%8A-%E6%95%8F/dp/4835456831/ref=sr_1_29?dib=eyJ2IjoiMSJ9.NKqf7QzmaRdGZOlG62YbZDBGIf1zQt2AkSD2cI3JaCkWfYJ_35BSGttOEhKTM8BTR_5r-9IKxRhx-T30saQRpDxOCLNiRAGevtcMu2u9PIECPG8yfOkHEvuiSQzdMDqHXQB6LYTwV1Y1SnncQZMpDd9sJtXikawqwfFs4taJZrl__QObQ3B8ng2291eXrDwwT8N7_4zCFuaDwSp6E2KNmlVR4GGMO3iJnSOzisGDEj0.G4tSZqOXFd64KNyJAGVMKFtoah6DjEO5x6swZ01mHXs&dib_tag=se&m=A3UEK3VBJ6ADB7&marketplaceID=A19VAU5U5O7RUS&qid=1776495937&refinements=p_36%3A12500-13000&s=merchant-items&sr=1-29&xpid=t3aYNHeeFsod_#customerReviews,OPUS 《完全版》
4835456831,,,,
4832271512,Comic,125.77,https://www.amazon.sg/%E5%8D%83%E8%91%89%E3%82%B5%E3%83%89%E3%83%AB%E7%94%BB%E9%9B%86-After-School-%E3%81%BE%E3%82%93%E3%81%8C%E3%82%BF%E3%82%A4%E3%83%A0KR-%E3%83%95%E3%82%A9%E3%83%AF%E3%83%BC%E3%83%89%E3%82%B3%E3%83%9F%E3%83%83%E3%82%AF%E3%82%B9/dp/4832271512/ref=sr_1_30?dib=eyJ2IjoiMSJ9.NKqf7QzmaRdGZOlG62YbZDBGIf1zQt2AkSD2cI3JaCkWfYJ_35BSGttOEhKTM8BTR_5r-9IKxRhx-T30saQRpDxOCLNiRAGevtcMu2u9PIECPG8yfOkHEvuiSQzdMDqHXQB6LYTwV1Y1SnncQZMpDd9sJtXikawqwfFs4taJZrl__QObQ3B8ng2291eXrDwwT8N7_4zCFuaDwSp6E2KNmlVR4GGMO3iJnSOzisGDEj0.G4tSZqOXFd64KNyJAGVMKFtoah6DjEO5x6swZ01mHXs&dib_tag=se&m=A3UEK3VBJ6ADB7&marketplaceID=A19VAU5U5O7RUS&qid=1776495937&refinements=p_36%3A12500-13000&s=merchant-items&sr=1-30&xpid=t3aYNHeeFsod_#customerReviews,千葉サドル画集 After School (まんがタイムKR フォワードコミックス)
4832271512,,,,
4830949155,Tankobon Hardcover,126.02,https://www.amazon.sg/%E8%BA%8D%E5%8B%95%E3%83%BB%E9%99%B8%E3%81%AEASEAN%E3%80%81%E5%8D%97%E9%83%A8%E7%B5%8C%E6%B8%88%E5%9B%9E%E5%BB%8A%E3%81%AE%E6%BD%9C%E5%9C%A8%E5%8A%9B/dp/4830949155/ref=sr_1_31?dib=eyJ2IjoiMSJ9.NKqf7QzmaRdGZOlG62YbZDBGIf1zQt2AkSD2cI3JaCkWfYJ_35BSGttOEhKTM8BTR_5r-9IKxRhx-T30saQRpDxOCLNiRAGevtcMu2u9PIECPG8yfOkHEvuiSQzdMDqHXQB6LYTwV1Y1SnncQZMpDd9sJtXikawqwfFs4taJZrl__QObQ3B8ng2291eXrDwwT8N7_4zCFuaDwSp6E2KNmlVR4GGMO3iJnSOzisGDEj0.G4tSZqOXFd64KNyJAGVMKFtoah6DjEO5x6swZ01mHXs&dib_tag=se&m=A3UEK3VBJ6ADB7&marketplaceID=A19VAU5U5O7RUS&qid=1776495937&refinements=p_36%3A12500-13000&s=merchant-items&sr=1-31&xpid=t3aYNHeeFsod_#customerReviews,躍動・陸のASEAN、南部経済回廊の潜在力
4830949155,,,,
4820803808,Tankobon Hardcover,125.12,https://www.amazon.sg/%E5%B0%8F%E5%AD%A6%E6%A0%A1%E5%AD%A6%E7%B4%9A%E6%8B%85%E4%BB%BB%E3%81%8C%E9%80%B2%E3%82%81%E3%82%8B-%E5%AD%90%E3%81%A9%E3%82%82%E3%81%8C%E6%A5%BD%E3%81%97%E3%82%80%E8%8B%B1%E8%AA%9E%E6%B4%BB%E5%8B%95%E3%80%882%E3%80%89_%E3%82%A2%E3%82%AF%E3%83%86%E3%82%A3%E3%83%93%E3%83%86%E3%82%A3%E3%83%BB%E3%83%81%E3%83%A3%E3%83%B3%E3%83%84%E3%81%A8ABC%E3%81%AE%E3%81%86%E3%81%9F%E3%83%BB%E6%8E%88%E6%A5%AD%E3%83%97%E3%83%A9%E3%83%B3-%E5%90%89%E6%BE%A4-%E5%AF%BF%E4%B8%80/dp/4820803808/ref=sr_1_32?dib=eyJ2IjoiMSJ9.NKqf7QzmaRdGZOlG62YbZDBGIf1zQt2AkSD2cI3JaCkWfYJ_35BSGttOEhKTM8BTR_5r-9IKxRhx-T30saQRpDxOCLNiRAGevtcMu2u9PIECPG8yfOkHEvuiSQzdMDqHXQB6LYTwV1Y1SnncQZMpDd9sJtXikawqwfFs4taJZrl__QObQ3B8ng2291eXrDwwT8N7_4zCFuaDwSp6E2KNmlVR4GGMO3iJnSOzisGDEj0.G4tSZqOXFd64KNyJAGVMKFtoah6DjEO5x6swZ01mHXs&dib_tag=se&m=A3UEK3VBJ6ADB7&marketplaceID=A19VAU5U5O7RUS&qid=1776495937&refinements=p_36%3A12500-13000&s=merchant-items&sr=1-32&xpid=t3aYNHeeFsod_#customerReviews,小学校学級担任が進める 子どもが楽しむ英語活動〈2〉―アクティビティ・チャンツとABCのうた・授業プラン
4820803808,,,,
4790712184,Tankobon Hardcover,128.41,https://www.amazon.sg/%E7%89%A7%E7%95%9C%E4%BA%8C%E9%87%8D%E7%B5%8C%E6%B8%88%E3%81%AE%E4%BA%BA%E9%A1%9E%E5%AD%A6_%E3%82%B1%E3%83%8B%E3%82%A2%E3%83%BB%E3%82%B5%E3%83%B3%E3%83%96%E3%83%AB%E3%81%AE%E6%B0%91%E6%97%8F%E8%AA%8C%E7%9A%84%E7%A0%94%E7%A9%B6/dp/4790712184/ref=sr_1_33?dib=eyJ2IjoiMSJ9.BLSTqjR5NXdua2uLWp4TK9BvJ63qgK2NdX2anUUDu8oyQiRpeYL2YkodhankFxcS1BkGIONsKzDgO0i_XRJhTg.h61_2OSAjd7NAjOTwxa8ftAQCRc9xOsD8cHFigbPFcI&dib_tag=se&m=A3UEK3VBJ6ADB7&marketplaceID=A19VAU5U5O7RUS&qid=1776495944&refinements=p_36%3A12500-13000&s=merchant-items&sr=1-33&xpid=t3aYNHeeFsod_,牧畜二重経済の人類学―ケニア・サンブルの民族誌的研究
4790712184,,,,
4772417435,Tankobon Softcover,126.74,https://www.amazon.sg/%E8%99%90%E5%BE%85%E3%81%AB%E3%81%95%E3%82%89%E3%81%95%E3%82%8C%E3%82%8B%E5%AD%90%E3%81%A9%E3%82%82%E3%81%9F%E3%81%A1_%E5%AF%86%E5%AE%A4%E3%81%AB%E5%8C%BB%E5%AD%A6%E3%81%AE%E3%83%A1%E3%82%B9%E3%82%92-%E5%AD%90%E3%81%A9%E3%82%82%E8%99%90%E5%BE%85%E5%B0%82%E9%96%80%E5%8C%BB%E3%81%AE%E6%97%A5%E5%B8%B8-%E3%83%AD%E3%83%BC%E3%83%AC%E3%83%B3%E3%82%B9-R-%E3%83%AA%E3%83%83%E3%83%81/dp/4772417435/ref=sr_1_34?dib=eyJ2IjoiMSJ9.BLSTqjR5NXdua2uLWp4TK9BvJ63qgK2NdX2anUUDu8oyQiRpeYL2YkodhankFxcS1BkGIONsKzDgO0i_XRJhTg.h61_2OSAjd7NAjOTwxa8ftAQCRc9xOsD8cHFigbPFcI&dib_tag=se&m=A3UEK3VBJ6ADB7&marketplaceID=A19VAU5U5O7RUS&qid=1776495944&refinements=p_36%3A12500-13000&s=merchant-items&sr=1-34&xpid=t3aYNHeeFsod_,虐待にさらされる子どもたち―密室に医学のメスを:子ども虐待専門医の日常
4772417435,,,,
4765318338,Tankobon Hardcover,128.64,https://www.amazon.sg/%E7%A4%BE%E4%BC%9A%E7%9A%84%E5%BC%B1%E8%80%85%E3%81%B8%E3%81%AE%E8%A8%BA%E7%99%82%E3%81%A8%E6%94%AF%E6%8F%B4-%E6%A0%BC%E5%B7%AE%E7%A4%BE%E4%BC%9A%E3%82%A2%E3%83%A1%E3%83%AA%E3%82%AB%E3%81%A7%E3%81%AE%E8%87%A8%E5%BA%8A%E5%AE%9F%E8%B7%B5%E6%8C%87%E9%87%9D/dp/4765318338/ref=sr_1_35?dib=eyJ2IjoiMSJ9.BLSTqjR5NXdua2uLWp4TK9BvJ63qgK2NdX2anUUDu8oyQiRpeYL2YkodhankFxcS1BkGIONsKzDgO0i_XRJhTg.h61_2OSAjd7NAjOTwxa8ftAQCRc9xOsD8cHFigbPFcI&dib_tag=se&m=A3UEK3VBJ6ADB7&marketplaceID=A19VAU5U5O7RUS&qid=1776495944&refinements=p_36%3A12500-13000&s=merchant-items&sr=1-35&xpid=t3aYNHeeFsod_#customerReviews,社会的弱者への診療と支援 格差社会アメリカでの臨床実践指針
4765318338,,,,
4636016793,Sheet music,128.43,https://www.amazon.sg/%E3%83%99%E3%83%BC%E3%83%88%E3%83%BC%E3%83%B4%E3%82%A7%E3%83%B3-%E5%BC%A6%E6%A5%BD%E4%BA%8C%E9%87%8D%E5%A5%8F%E6%9B%B2%E3%83%BB%E4%B8%89%E9%87%8D%E5%A5%8F%E6%9B%B2%E9%9B%86-%E3%83%98%E3%83%B3%E3%83%AC%E7%A4%BE-%E5%8E%9F%E5%85%B8%E7%89%88/dp/4636016793/ref=sr_1_36?dib=eyJ2IjoiMSJ9.BLSTqjR5NXdua2uLWp4TK9BvJ63qgK2NdX2anUUDu8oyQiRpeYL2YkodhankFxcS1BkGIONsKzDgO0i_XRJhTg.h61_2OSAjd7NAjOTwxa8ftAQCRc9xOsD8cHFigbPFcI&dib_tag=se&m=A3UEK3VBJ6ADB7&marketplaceID=A19VAU5U5O7RUS&qid=1776495944&refinements=p_36%3A12500-13000&s=merchant-items&sr=1-36&xpid=t3aYNHeeFsod_,ベートーヴェン : 弦楽二重奏曲・三重奏曲集/ヘンレ社/原典版
4636016793,,,,
4621302957,Tankobon Hardcover,125.64,https://www.amazon.sg/47%E9%83%BD%E9%81%93%E5%BA%9C%E7%9C%8C%E3%83%BB%E5%9B%BD%E5%AE%9D-%E9%87%8D%E8%A6%81%E6%96%87%E5%8C%96%E8%B2%A1%E7%99%BE%E7%A7%91/dp/4621302957/ref=sr_1_37?dib=eyJ2IjoiMSJ9.BLSTqjR5NXdua2uLWp4TK9BvJ63qgK2NdX2anUUDu8oyQiRpeYL2YkodhankFxcS1BkGIONsKzDgO0i_XRJhTg.h61_2OSAjd7NAjOTwxa8ftAQCRc9xOsD8cHFigbPFcI&dib_tag=se&m=A3UEK3VBJ6ADB7&marketplaceID=A19VAU5U5O7RUS&qid=1776495944&refinements=p_36%3A12500-13000&s=merchant-items&sr=1-37&xpid=t3aYNHeeFsod_#customerReviews,47都道府県・国宝/重要文化財百科
4621302957,,,,
4562039825,Tankobon Hardcover,127.17,https://www.amazon.sg/%E5%9B%B3%E8%AA%AC-%E4%B8%96%E7%95%8C%E4%B8%89%E9%9D%A2%E8%A8%98%E4%BA%8B%E5%85%A8%E6%9B%B8/dp/4562039825/ref=sr_1_33?dib=eyJ2IjoiMSJ9.rxrF7N6OX19Lv3Pi8KweZtvCjFtVuFt_HPOJzaTM5xjQfdjKDgd5DsF3OcDvyLbszx8qnYPmzFTwdw353M_AJltSI1hprgCX9DlgJqj3JLvUnzQPeTmATDM9eW9UReAmTL8-9sFNxn0q6IoOJg3EPmkWaP67GzWYrfKgZiWxC7E.DaAcjNcBDnT0ZNLNrmaOwXsiAlBAX0PqmkVLIf9P1qY&dib_tag=se&m=A3UEK3VBJ6ADB7&marketplaceID=A19VAU5U5O7RUS&qid=1776495944&refinements=p_36%3A12500-13000&s=merchant-items&sr=1-33&xpid=t3aYNHeeFsod_#customerReviews,図説 世界三面記事全書
4562039825,,,,
456122162X,Tankobon Hardcover,131.87,https://www.amazon.sg/%E3%82%AD%E3%83%A3%E3%83%AA%E3%82%A2%E3%83%BB%E3%83%80%E3%82%A4%E3%83%8A%E3%83%9F%E3%82%AF%E3%82%B9_%E3%82%AD%E3%83%A3%E3%83%AA%E3%82%A2%E3%81%A8%E3%81%AF%E3%80%81%E7%94%9F%E6%B6%AF%E3%82%92%E9%80%9A%E3%81%97%E3%81%A6%E3%81%AE%E4%BA%BA%E9%96%93%E3%81%AE%E7%94%9F%E3%81%8D%E6%96%B9%E3%83%BB%E8%A1%A8%E7%8F%BE%E3%81%A7%E3%81%82%E3%82%8B%E3%80%82-%E3%82%A8%E3%83%89%E3%82%AC%E3%83%BC%E3%83%BBH-%E3%82%B7%E3%83%A3%E3%82%A4%E3%83%B3/dp/456122162X/ref=sr_1_34?dib=eyJ2IjoiMSJ9.rxrF7N6OX19Lv3Pi8KweZtvCjFtVuFt_HPOJzaTM5xjQfdjKDgd5DsF3OcDvyLbszx8qnYPmzFTwdw353M_AJltSI1hprgCX9DlgJqj3JLvUnzQPeTmATDM9eW9UReAmTL8-9sFNxn0q6IoOJg3EPmkWaP67GzWYrfKgZiWxC7E.DaAcjNcBDnT0ZNLNrmaOwXsiAlBAX0PqmkVLIf9P1qY&dib_tag=se&m=A3UEK3VBJ6ADB7&marketplaceID=A19VAU5U5O7RUS&qid=1776495944&refinements=p_36%3A12500-13000&s=merchant-items&sr=1-34&xpid=t3aYNHeeFsod_#customerReviews,キャリア・ダイナミクス―キャリアとは、生涯を通しての人間の生き方・表現である。
456122162X,,,,
4525134712,Tankobon Hardcover,125.56,https://www.amazon.sg/%E3%81%8C%E3%82%93%E5%85%8D%E7%96%AB%E7%99%82%E6%B3%95%E3%81%AE%E3%83%A1%E3%82%AB%E3%83%8B%E3%82%BA%E3%83%A0%E8%A7%A3%E6%98%8E%E3%81%A8%E8%87%A8%E5%BA%8A%E3%81%B8%E3%81%AE%E5%B1%95%E9%96%8B-%E3%81%8C%E3%82%93%E3%81%A8%E5%85%8D%E7%96%AB-Frontiers-Life-Sciences/dp/4525134712/ref=sr_1_35?dib=eyJ2IjoiMSJ9.rxrF7N6OX19Lv3Pi8KweZtvCjFtVuFt_HPOJzaTM5xjQfdjKDgd5DsF3OcDvyLbszx8qnYPmzFTwdw353M_AJltSI1hprgCX9DlgJqj3JLvUnzQPeTmATDM9eW9UReAmTL8-9sFNxn0q6IoOJg3EPmkWaP67GzWYrfKgZiWxC7E.DaAcjNcBDnT0ZNLNrmaOwXsiAlBAX0PqmkVLIf9P1qY&dib_tag=se&m=A3UEK3VBJ6ADB7&marketplaceID=A19VAU5U5O7RUS&qid=1776495944&refinements=p_36%3A12500-13000&s=merchant-items&sr=1-35&xpid=t3aYNHeeFsod_#customerReviews,がん免疫療法のメカニズム解明と臨床への展開 がんと免疫 (The Frontiers in Life Sciences)
4525134712,,,,
4434188712,JP Oversized,125.92,https://www.amazon.sg/%E3%82%B7%E3%82%A7%E3%83%95-vol-102_%E4%B8%80%E6%B5%81%E3%81%AE%E3%82%B7%E3%82%A7%E3%83%95%E3%81%9F%E3%81%A1/dp/4434188712/ref=sr_1_36?dib=eyJ2IjoiMSJ9.rxrF7N6OX19Lv3Pi8KweZtvCjFtVuFt_HPOJzaTM5xjQfdjKDgd5DsF3OcDvyLbszx8qnYPmzFTwdw353M_AJltSI1hprgCX9DlgJqj3JLvUnzQPeTmATDM9eW9UReAmTL8-9sFNxn0q6IoOJg3EPmkWaP67GzWYrfKgZiWxC7E.DaAcjNcBDnT0ZNLNrmaOwXsiAlBAX0PqmkVLIf9P1qY&dib_tag=se&m=A3UEK3VBJ6ADB7&marketplaceID=A19VAU5U5O7RUS&qid=1776495944&refinements=p_36%3A12500-13000&s=merchant-items&sr=1-36&xpid=t3aYNHeeFsod_#customerReviews,シェフ vol 102―一流のシェフたち
4434188712,,,,
4260034618,Tankobon Hardcover,125.16,https://www.amazon.sg/%E5%86%85%E7%A7%91%E3%83%AC%E3%82%B8%E3%83%87%E3%83%B3%E3%83%88%E3%81%AE%E9%89%84%E5%89%87-%E7%AC%AC3%E7%89%88/dp/4260034618/ref=sr_1_37?dib=eyJ2IjoiMSJ9.rxrF7N6OX19Lv3Pi8KweZtvCjFtVuFt_HPOJzaTM5xjQfdjKDgd5DsF3OcDvyLbszx8qnYPmzFTwdw353M_AJltSI1hprgCX9DlgJqj3JLvUnzQPeTmATDM9eW9UReAmTL8-9sFNxn0q6IoOJg3EPmkWaP67GzWYrfKgZiWxC7E.DaAcjNcBDnT0ZNLNrmaOwXsiAlBAX0PqmkVLIf9P1qY&dib_tag=se&m=A3UEK3VBJ6ADB7&marketplaceID=A19VAU5U5O7RUS&qid=1776495944&refinements=p_36%3A12500-13000&s=merchant-items&sr=1-37&xpid=t3aYNHeeFsod_#customerReviews,内科レジデントの鉄則 第3版
4260034618,,,,
4254117701,Tankobon Softcover,129.02,https://www.amazon.sg/%E3%83%87%E3%82%A3%E3%83%AA%E3%82%AF%E3%83%AC%E5%BD%A2%E5%BC%8F%E5%85%A5%E9%96%80-%E7%8F%BE%E4%BB%A3%E5%9F%BA%E7%A4%8E%E6%95%B0%E5%AD%A6-20/dp/4254117701/ref=sr_1_38?dib=eyJ2IjoiMSJ9.rxrF7N6OX19Lv3Pi8KweZtvCjFtVuFt_HPOJzaTM5xjQfdjKDgd5DsF3OcDvyLbszx8qnYPmzFTwdw353M_AJltSI1hprgCX9DlgJqj3JLvUnzQPeTmATDM9eW9UReAmTL8-9sFNxn0q6IoOJg3EPmkWaP67GzWYrfKgZiWxC7E.DaAcjNcBDnT0ZNLNrmaOwXsiAlBAX0PqmkVLIf9P1qY&dib_tag=se&m=A3UEK3VBJ6ADB7&marketplaceID=A19VAU5U5O7RUS&qid=1776495944&refinements=p_36%3A12500-13000&s=merchant-items&sr=1-38&xpid=t3aYNHeeFsod_#customerReviews,ディリクレ形式入門 (現代基礎数学 20)
4254117701,,,,
236054229X,Paperback,126.7,https://www.amazon.sg/2pac/dp/236054229X/ref=sr_1_39?dib=eyJ2IjoiMSJ9.rxrF7N6OX19Lv3Pi8KweZtvCjFtVuFt_HPOJzaTM5xjQfdjKDgd5DsF3OcDvyLbszx8qnYPmzFTwdw353M_AJltSI1hprgCX9DlgJqj3JLvUnzQPeTmATDM9eW9UReAmTL8-9sFNxn0q6IoOJg3EPmkWaP67GzWYrfKgZiWxC7E.DaAcjNcBDnT0ZNLNrmaOwXsiAlBAX0PqmkVLIf9P1qY&dib_tag=se&m=A3UEK3VBJ6ADB7&marketplaceID=A19VAU5U5O7RUS&qid=1776495944&refinements=p_36%3A12500-13000&s=merchant-items&sr=1-39&xpid=t3aYNHeeFsod_#customerReviews,2pac
236054229X,,,,
2225834016,Paperback,128.08,https://www.amazon.sg/Podologie-du-sport/dp/2225834016/ref=sr_1_40?dib=eyJ2IjoiMSJ9.rxrF7N6OX19Lv3Pi8KweZtvCjFtVuFt_HPOJzaTM5xjQfdjKDgd5DsF3OcDvyLbszx8qnYPmzFTwdw353M_AJltSI1hprgCX9DlgJqj3JLvUnzQPeTmATDM9eW9UReAmTL8-9sFNxn0q6IoOJg3EPmkWaP67GzWYrfKgZiWxC7E.DaAcjNcBDnT0ZNLNrmaOwXsiAlBAX0PqmkVLIf9P1qY&dib_tag=se&m=A3UEK3VBJ6ADB7&marketplaceID=A19VAU5U5O7RUS&qid=1776495944&refinements=p_36%3A12500-13000&s=merchant-items&sr=1-40&xpid=t3aYNHeeFsod_#customerReviews,Podologie du sport
2225834016,,,,
1920901027,Hardcover,129.55,https://www.amazon.sg/Laying-Tracks-Economy-Railways-1885-1935/dp/1920901027/ref=sr_1_41?dib=eyJ2IjoiMSJ9.rxrF7N6OX19Lv3Pi8KweZtvCjFtVuFt_HPOJzaTM5xjQfdjKDgd5DsF3OcDvyLbszx8qnYPmzFTwdw353M_AJltSI1hprgCX9DlgJqj3JLvUnzQPeTmATDM9eW9UReAmTL8-9sFNxn0q6IoOJg3EPmkWaP67GzWYrfKgZiWxC7E.DaAcjNcBDnT0ZNLNrmaOwXsiAlBAX0PqmkVLIf9P1qY&dib_tag=se&m=A3UEK3VBJ6ADB7&marketplaceID=A19VAU5U5O7RUS&qid=1776495944&refinements=p_36%3A12500-13000&s=merchant-items&sr=1-41&xpid=t3aYNHeeFsod_,Laying the Tracks: The Thai Economy and its Railways 1885-1935: 10
1920901027,,,,
B07NBV3T6F,,139.01,https://www.amazon.sg/Gauge-Standard-2016-9-Railroad-Locomotive/dp/B07NBV3T6F/ref=sr_1_42?dib=eyJ2IjoiMSJ9.rxrF7N6OX19Lv3Pi8KweZtvCjFtVuFt_HPOJzaTM5xjQfdjKDgd5DsF3OcDvyLbszx8qnYPmzFTwdw353M_AJltSI1hprgCX9DlgJqj3JLvUnzQPeTmATDM9eW9UReAmTL8-9sFNxn0q6IoOJg3EPmkWaP67GzWYrfKgZiWxC7E.DaAcjNcBDnT0ZNLNrmaOwXsiAlBAX0PqmkVLIf9P1qY&dib_tag=se&m=A3UEK3VBJ6ADB7&marketplaceID=A19VAU5U5O7RUS&qid=1776495944&refinements=p_36%3A12500-13000&s=merchant-items&sr=1-42&xpid=t3aYNHeeFsod_#customerReviews,KATO N Gauge D51 Standard Form 2016-9 Model Railroad steam Locomotive
B0BT7PKK5N,,131.2,https://www.amazon.sg/Shredder-Office-Compact-Crosscut-Running/dp/B0BT7PKK5N/ref=sr_1_43?dib=eyJ2IjoiMSJ9.rxrF7N6OX19Lv3Pi8KweZtvCjFtVuFt_HPOJzaTM5xjQfdjKDgd5DsF3OcDvyLbszx8qnYPmzFTwdw353M_AJltSI1hprgCX9DlgJqj3JLvUnzQPeTmATDM9eW9UReAmTL8-9sFNxn0q6IoOJg3EPmkWaP67GzWYrfKgZiWxC7E.DaAcjNcBDnT0ZNLNrmaOwXsiAlBAX0PqmkVLIf9P1qY&dib_tag=se&m=A3UEK3VBJ6ADB7&marketplaceID=A19VAU5U5O7RUS&qid=1776495944&refinements=p_36%3A12500-13000&s=merchant-items&sr=1-43&xpid=t3aYNHeeFsod_#customerReviews,"Paper Shredder for Home Office, White Compact Design, 2 Sheet Crosscut Paper, 10 Mins Running Time"
B0BT7PKK5N,,,,
B01A6FBFIO,,129.32,https://www.amazon.sg/Spirits-Iron-Blooded-Orphans-Kimaris-Pre-Painted/dp/B01A6FBFIO/ref=sr_1_49?dib=eyJ2IjoiMSJ9.kxkwS3evQMFbeYL9nIlzIRQxj41HEZNoe_atnmFzGfXHxWaH3eUzSiZoO_Is2uvx7ZAD0qDvEzrWbCQANhmfCA.s0exwUJJgAJFhsy0rd5zOfrMfM1ce7Xx3Pu2_48cxj8&dib_tag=se&m=A3UEK3VBJ6ADB7&marketplaceID=A19VAU5U5O7RUS&qid=1776495949&refinements=p_36%3A12500-13000&s=merchant-items&sr=1-49&xpid=t3aYNHeeFsod_#customerReviews,"Robot Spirits Mobile Suit Gundam Iron-Blooded Orphans Side MS Gundam Kimaris, Approx. 5.1 inches (130 mm), ABS & PVC Pre-Painted Action Figure"
B0CY5KYQMY,,126.23,https://www.amazon.sg/Electronics-Industry-Digital-Touring-00107398-3/dp/B0CY5KYQMY/ref=sr_1_50?dib=eyJ2IjoiMSJ9.kxkwS3evQMFbeYL9nIlzIRQxj41HEZNoe_atnmFzGfXHxWaH3eUzSiZoO_Is2uvx7ZAD0qDvEzrWbCQANhmfCA.s0exwUJJgAJFhsy0rd5zOfrMfM1ce7Xx3Pu2_48cxj8&dib_tag=se&m=A3UEK3VBJ6ADB7&marketplaceID=A19VAU5U5O7RUS&qid=1776495949&refinements=p_36%3A12500-13000&s=merchant-items&sr=1-50&xpid=t3aYNHeeFsod_,Futaba Electronics Industry SERVO S-C400 (SBUS LOPRO Digital Servo for EP Touring Buggies with UR Mode) 00107398-3
B0CY5KYQMY,,,,
B089NR9RT1,,129.29,https://www.amazon.sg/Flyhawk-FLYFH1149S-Battleship-Gneisenau-Plastic/dp/B089NR9RT1/ref=sr_1_51?dib=eyJ2IjoiMSJ9.kxkwS3evQMFbeYL9nIlzIRQxj41HEZNoe_atnmFzGfXHxWaH3eUzSiZoO_Is2uvx7ZAD0qDvEzrWbCQANhmfCA.s0exwUJJgAJFhsy0rd5zOfrMfM1ce7Xx3Pu2_48cxj8&dib_tag=se&m=A3UEK3VBJ6ADB7&marketplaceID=A19VAU5U5O7RUS&qid=1776495949&refinements=p_36%3A12500-13000&s=merchant-items&sr=1-51&xpid=t3aYNHeeFsod_,Flyhawk Model FLYFH1149S 1/700 German Navy Battleship Gneisenau 1940 Deluxe Edition Plastic Model
B07L9BD7QJ,,127.9,https://www.amazon.sg/Overwatch-Pharah-Figma-Action-Figure/dp/B07L9BD7QJ/ref=sr_1_52?dib=eyJ2IjoiMSJ9.kxkwS3evQMFbeYL9nIlzIRQxj41HEZNoe_atnmFzGfXHxWaH3eUzSiZoO_Is2uvx7ZAD0qDvEzrWbCQANhmfCA.s0exwUJJgAJFhsy0rd5zOfrMfM1ce7Xx3Pu2_48cxj8&dib_tag=se&m=A3UEK3VBJ6ADB7&marketplaceID=A19VAU5U5O7RUS&qid=1776495949&refinements=p_36%3A12500-13000&s=merchant-items&sr=1-52&xpid=t3aYNHeeFsod_#customerReviews,Overwatch: Pharah Figma Action Figure
B0CXXN1Q2T,,127.86,https://www.amazon.sg/Figuarts-Gaitake-Orange-Approx-Pre-painted/dp/B0CXXN1Q2T/ref=sr_1_53?dib=eyJ2IjoiMSJ9.kxkwS3evQMFbeYL9nIlzIRQxj41HEZNoe_atnmFzGfXHxWaH3eUzSiZoO_Is2uvx7ZAD0qDvEzrWbCQANhmfCA.s0exwUJJgAJFhsy0rd5zOfrMfM1ce7Xx3Pu2_48cxj8&dib_tag=se&m=A3UEK3VBJ6ADB7&marketplaceID=A19VAU5U5O7RUS&qid=1776495949&refinements=p_36%3A12500-13000&s=merchant-items&sr=1-53&xpid=t3aYNHeeFsod_#customerReviews,"S.H. Figuarts Kamen Rider Gaitake Orange Arms Approx. 5.7 inches (145 mm), PVC & ABS Pre-painted Action Figure"
B01CS5S31W,,126.67,https://www.amazon.sg/Purification-Treshower-Chlorine-Cartridge-RS52-WG/dp/B01CS5S31W/ref=sr_1_49?dib=eyJ2IjoiMSJ9.uLRS2abQHfqD59ghJ8c_BGUs0qPkNPE45In82zEL6q5TN7htXcHAGwP6Y3KyY-EYGxNkgE5buC3l3fr_QsQ-ToHtPZQCKQINa3vQj-jLATWcuDxBaSEOyV5s259BZ-5S3H7lyrkxCQrx4oC-wABXa-cPcSXa8BNVagtA2S1iS2U.Q66t4RcflIIAPsdT3bneEU5vwgY-P7go7_RNBrU1sHg&dib_tag=se&m=A3UEK3VBJ6ADB7&marketplaceID=A19VAU5U5O7RUS&qid=1776495949&refinements=p_36%3A12500-13000&s=merchant-items&sr=1-49&xpid=t3aYNHeeFsod_#customerReviews,Toray Trevino Water Purification Treshower Chlorine Removal Type Cartridge Total 1 Piece [Main Unit RS52-WG] Warm Gray
B01CS5S31W,,,,
B089NJ8B4F,,125.66,https://www.amazon.sg/DAIWA-Light-Bait-Reel-Counter/dp/B089NJ8B4F/ref=sr_1_50?dib=eyJ2IjoiMSJ9.uLRS2abQHfqD59ghJ8c_BGUs0qPkNPE45In82zEL6q5TN7htXcHAGwP6Y3KyY-EYGxNkgE5buC3l3fr_QsQ-ToHtPZQCKQINa3vQj-jLATWcuDxBaSEOyV5s259BZ-5S3H7lyrkxCQrx4oC-wABXa-cPcSXa8BNVagtA2S1iS2U.Q66t4RcflIIAPsdT3bneEU5vwgY-P7go7_RNBrU1sHg&dib_tag=se&m=A3UEK3VBJ6ADB7&marketplaceID=A19VAU5U5O7RUS&qid=1776495949&refinements=p_36%3A12500-13000&s=merchant-items&sr=1-50&xpid=t3aYNHeeFsod_#customerReviews,Daiwa Light SW X IC SS Bait Reel with Counter (Right/Left Handle)
B089NJ8B4F,,,,
B0DB5SRS39,,126.9,https://www.amazon.sg/Persona-Animation-Oracle-Parade-Figure/dp/B0DB5SRS39/ref=sr_1_51?dib=eyJ2IjoiMSJ9.uLRS2abQHfqD59ghJ8c_BGUs0qPkNPE45In82zEL6q5TN7htXcHAGwP6Y3KyY-EYGxNkgE5buC3l3fr_QsQ-ToHtPZQCKQINa3vQj-jLATWcuDxBaSEOyV5s259BZ-5S3H7lyrkxCQrx4oC-wABXa-cPcSXa8BNVagtA2S1iS2U.Q66t4RcflIIAPsdT3bneEU5vwgY-P7go7_RNBrU1sHg&dib_tag=se&m=A3UEK3VBJ6ADB7&marketplaceID=A19VAU5U5O7RUS&qid=1776495949&refinements=p_36%3A12500-13000&s=merchant-items&sr=1-51&xpid=t3aYNHeeFsod_#customerReviews,Persona 5 The Animation: Oracle Pop Up Parade PVC Figure
B0CMZZLQWZ,,128.46,https://www.amazon.sg/Good-Smile-Company-Eureka-Seven/dp/B0CMZZLQWZ/ref=sr_1_52?dib=eyJ2IjoiMSJ9.uLRS2abQHfqD59ghJ8c_BGUs0qPkNPE45In82zEL6q5TN7htXcHAGwP6Y3KyY-EYGxNkgE5buC3l3fr_QsQ-ToHtPZQCKQINa3vQj-jLATWcuDxBaSEOyV5s259BZ-5S3H7lyrkxCQrx4oC-wABXa-cPcSXa8BNVagtA2S1iS2U.Q66t4RcflIIAPsdT3bneEU5vwgY-P7go7_RNBrU1sHg&dib_tag=se&m=A3UEK3VBJ6ADB7&marketplaceID=A19VAU5U5O7RUS&qid=1776495949&refinements=p_36%3A12500-13000&s=merchant-items&sr=1-52&xpid=t3aYNHeeFsod_#customerReviews,Good Smile Company Eureka Seven: Nirvash Type Zero Moderoid Model Kit
B0CH69M365,,125.41,https://www.amazon.sg/Tamashii-Nations-S-H-Figuarts-Yamcha-Fighter/dp/B0CH69M365/ref=sr_1_53?dib=eyJ2IjoiMSJ9.uLRS2abQHfqD59ghJ8c_BGUs0qPkNPE45In82zEL6q5TN7htXcHAGwP6Y3KyY-EYGxNkgE5buC3l3fr_QsQ-ToHtPZQCKQINa3vQj-jLATWcuDxBaSEOyV5s259BZ-5S3H7lyrkxCQrx4oC-wABXa-cPcSXa8BNVagtA2S1iS2U.Q66t4RcflIIAPsdT3bneEU5vwgY-P7go7_RNBrU1sHg&dib_tag=se&m=A3UEK3VBJ6ADB7&marketplaceID=A19VAU5U5O7RUS&qid=1776495949&refinements=p_36%3A12500-13000&s=merchant-items&sr=1-53&xpid=t3aYNHeeFsod_#customerReviews,Tamashii Nations S.H.Figuarts Yamcha Earth's Main Fighter
B0B3WTC8WN,,136.92,https://www.amazon.sg/Aoshima-MP-04-Patlabor-Reactive-Approx/dp/B0B3WTC8WN/ref=sr_1_54?dib=eyJ2IjoiMSJ9.uLRS2abQHfqD59ghJ8c_BGUs0qPkNPE45In82zEL6q5TN7htXcHAGwP6Y3KyY-EYGxNkgE5buC3l3fr_QsQ-ToHtPZQCKQINa3vQj-jLATWcuDxBaSEOyV5s259BZ-5S3H7lyrkxCQrx4oC-wABXa-cPcSXa8BNVagtA2S1iS2U.Q66t4RcflIIAPsdT3bneEU5vwgY-P7go7_RNBrU1sHg&dib_tag=se&m=A3UEK3VBJ6ADB7&marketplaceID=A19VAU5U5O7RUS&qid=1776495949&refinements=p_36%3A12500-13000&s=merchant-items&sr=1-54&xpid=t3aYNHeeFsod_#customerReviews,"Aoshima Bunka Kyozai MP-04 Mobile Police Patlabor AV-98 Ingram Reactive Armor, Total Height Approx. 7.5 inches (190 mm), 1/43 Scale, Color Coded Plastic Model"
B083KFFMRQ,,126.66,https://www.amazon.sg/Tasmanian-Tiger-EDC-Pouch-Multicam/dp/B083KFFMRQ/ref=sr_1_55?dib=eyJ2IjoiMSJ9.uLRS2abQHfqD59ghJ8c_BGUs0qPkNPE45In82zEL6q5TN7htXcHAGwP6Y3KyY-EYGxNkgE5buC3l3fr_QsQ-ToHtPZQCKQINa3vQj-jLATWcuDxBaSEOyV5s259BZ-5S3H7lyrkxCQrx4oC-wABXa-cPcSXa8BNVagtA2S1iS2U.Q66t4RcflIIAPsdT3bneEU5vwgY-P7go7_RNBrU1sHg&dib_tag=se&m=A3UEK3VBJ6ADB7&marketplaceID=A19VAU5U5O7RUS&qid=1776495949&refinements=p_36%3A12500-13000&s=merchant-items&sr=1-55&xpid=t3aYNHeeFsod_#customerReviews,Tasmanian Tiger EDC Pouch Multicam
B083KFFMRQ,,,,
B07ZJJR4GP,,128.56,https://www.amazon.sg/Tamashii-Nations-Figuarts-Instinct-Dragon/dp/B07ZJJR4GP/ref=sr_1_56?dib=eyJ2IjoiMSJ9.uLRS2abQHfqD59ghJ8c_BGUs0qPkNPE45In82zEL6q5TN7htXcHAGwP6Y3KyY-EYGxNkgE5buC3l3fr_QsQ-ToHtPZQCKQINa3vQj-jLATWcuDxBaSEOyV5s259BZ-5S3H7lyrkxCQrx4oC-wABXa-cPcSXa8BNVagtA2S1iS2U.Q66t4RcflIIAPsdT3bneEU5vwgY-P7go7_RNBrU1sHg&dib_tag=se&m=A3UEK3VBJ6ADB7&marketplaceID=A19VAU5U5O7RUS&qid=1776495949&refinements=p_36%3A12500-13000&s=merchant-items&sr=1-56&xpid=t3aYNHeeFsod_#customerReviews,"Tamashii Nations S.H. Figuarts Ultra Instinct Son Goku ""Dragon Ball Super"", Multi"
B07S3YGCHW,,131.73,https://www.amazon.sg/DAIWA-Soltiga-Sensor-Colors-marking/dp/B07S3YGCHW/ref=sr_1_57?dib=eyJ2IjoiMSJ9.uLRS2abQHfqD59ghJ8c_BGUs0qPkNPE45In82zEL6q5TN7htXcHAGwP6Y3KyY-EYGxNkgE5buC3l3fr_QsQ-ToHtPZQCKQINa3vQj-jLATWcuDxBaSEOyV5s259BZ-5S3H7lyrkxCQrx4oC-wABXa-cPcSXa8BNVagtA2S1iS2U.Q66t4RcflIIAPsdT3bneEU5vwgY-P7go7_RNBrU1sHg&dib_tag=se&m=A3UEK3VBJ6ADB7&marketplaceID=A19VAU5U5O7RUS&qid=1776495949&refinements=p_36%3A12500-13000&s=merchant-items&sr=1-57&xpid=t3aYNHeeFsod_#customerReviews,"DAIWA PE Line UVF Soltiga SJ Dura Sensor x 8+ Si2, No. 1.5, 1,200 m, 5 Colors (with color marking)"
B07S3YGCHW,,,,
B01HI6M1KU,,129.42,https://www.amazon.sg/Shimano-PD-T8000-Dual-Platform-Riding-Touring/dp/B01HI6M1KU/ref=sr_1_58?dib=eyJ2IjoiMSJ9.uLRS2abQHfqD59ghJ8c_BGUs0qPkNPE45In82zEL6q5TN7htXcHAGwP6Y3KyY-EYGxNkgE5buC3l3fr_QsQ-ToHtPZQCKQINa3vQj-jLATWcuDxBaSEOyV5s259BZ-5S3H7lyrkxCQrx4oC-wABXa-cPcSXa8BNVagtA2S1iS2U.Q66t4RcflIIAPsdT3bneEU5vwgY-P7go7_RNBrU1sHg&dib_tag=se&m=A3UEK3VBJ6ADB7&marketplaceID=A19VAU5U5O7RUS&qid=1776495949&refinements=p_36%3A12500-13000&s=merchant-items&sr=1-58&xpid=t3aYNHeeFsod_#customerReviews,"Shimano Deore XT PD-T8000 Pedal Trekking, Black, One Size"
B01HI6M1KU,,,,
B00DS0ZSFQ,,127.47,https://www.amazon.sg/Pedal-R550-SPD-SL-Calas-SM-SH11/dp/B00DS0ZSFQ/ref=sr_1_59?dib=eyJ2IjoiMSJ9.uLRS2abQHfqD59ghJ8c_BGUs0qPkNPE45In82zEL6q5TN7htXcHAGwP6Y3KyY-EYGxNkgE5buC3l3fr_QsQ-ToHtPZQCKQINa3vQj-jLATWcuDxBaSEOyV5s259BZ-5S3H7lyrkxCQrx4oC-wABXa-cPcSXa8BNVagtA2S1iS2U.Q66t4RcflIIAPsdT3bneEU5vwgY-P7go7_RNBrU1sHg&dib_tag=se&m=A3UEK3VBJ6ADB7&marketplaceID=A19VAU5U5O7RUS&qid=1776495949&refinements=p_36%3A12500-13000&s=merchant-items&sr=1-59&xpid=t3aYNHeeFsod_#customerReviews,"SHIMANO Pedal SPD-sl, Pd-r550 Road"
B00DS0ZSFQ,,,,
B08JY71TFW,,125.71,https://www.amazon.sg/Foldable-Yoga-Mat-1-Inch-Thick/dp/B08JY71TFW/ref=sr_1_65?dib=eyJ2IjoiMSJ9.exWNRW_2ECjH0IShIjUO8kbnHn9lvBhycC9qLW3xVKCnChS6-owyiNdeWgAlz2wKFEK3vuPjpZJjnEPccGjDKQ.wRgVctsVSRXOJAYx9Emi0t1E6p4oiP1oZOkI5R27Y1Q&dib_tag=se&m=A3UEK3VBJ6ADB7&marketplaceID=A19VAU5U5O7RUS&qid=1776495954&refinements=p_36%3A12500-13000&s=merchant-items&sr=1-65&xpid=t3aYNHeeFsod_#customerReviews,"Foldable Yoga Mat - 6mm & 8mm Thick, Lightweight, and Easy to Store for Travel - Anti-Slip Folding Exercise Mat for Yoga, Pilates, Home Workouts, and Floor Exercises"
B08JY71TFW,,,,
B08JYC9PYT,,128.92,https://www.amazon.sg/Foldable-Yoga-Mat-1-Inch-Thick/dp/B08JYC9PYT/ref=sr_1_66?dib=eyJ2IjoiMSJ9.exWNRW_2ECjH0IShIjUO8kbnHn9lvBhycC9qLW3xVKCnChS6-owyiNdeWgAlz2wKFEK3vuPjpZJjnEPccGjDKQ.wRgVctsVSRXOJAYx9Emi0t1E6p4oiP1oZOkI5R27Y1Q&dib_tag=se&m=A3UEK3VBJ6ADB7&marketplaceID=A19VAU5U5O7RUS&qid=1776495954&refinements=p_36%3A12500-13000&s=merchant-items&sr=1-66&xpid=t3aYNHeeFsod_#customerReviews,"Foldable Yoga Mat - 6mm & 8mm Thick, Lightweight, and Easy to Store for Travel - Anti-Slip Folding Exercise Mat for Yoga, Pilates, Home Workouts, and Floor Exercises"
B08JYC9PYT,,,,
B004DJDWZY,,126.47,https://www.amazon.sg/Campagnolo-16319-Record-11S-Chain/dp/B004DJDWZY/ref=sr_1_67?dib=eyJ2IjoiMSJ9.exWNRW_2ECjH0IShIjUO8kbnHn9lvBhycC9qLW3xVKCnChS6-owyiNdeWgAlz2wKFEK3vuPjpZJjnEPccGjDKQ.wRgVctsVSRXOJAYx9Emi0t1E6p4oiP1oZOkI5R27Y1Q&dib_tag=se&m=A3UEK3VBJ6ADB7&marketplaceID=A19VAU5U5O7RUS&qid=1776495954&refinements=p_36%3A12500-13000&s=merchant-items&sr=1-67&xpid=t3aYNHeeFsod_#customerReviews,Campagnolo Record 11S Chain
B004DJDWZY,,,,
B000SZ5U2K,,126.31,https://www.amazon.sg/Tasmanian-Tiger-Tac-Pouch-Black/dp/B000SZ5U2K/ref=sr_1_68?dib=eyJ2IjoiMSJ9.exWNRW_2ECjH0IShIjUO8kbnHn9lvBhycC9qLW3xVKCnChS6-owyiNdeWgAlz2wKFEK3vuPjpZJjnEPccGjDKQ.wRgVctsVSRXOJAYx9Emi0t1E6p4oiP1oZOkI5R27Y1Q&dib_tag=se&m=A3UEK3VBJ6ADB7&marketplaceID=A19VAU5U5O7RUS&qid=1776495954&refinements=p_36%3A12500-13000&s=merchant-items&sr=1-68&xpid=t3aYNHeeFsod_#customerReviews,Tasmanian Tiger Tac Pouch 9 SP Black
B000SZ5U2K,,,,
B07FQ2BCK5,,136.75,https://www.amazon.sg/MEZE-AUDIO-Upgrade-Balanced-Silver-Plated/dp/B07FQ2BCK5/ref=sr_1_69?dib=eyJ2IjoiMSJ9.exWNRW_2ECjH0IShIjUO8kbnHn9lvBhycC9qLW3xVKCnChS6-owyiNdeWgAlz2wKFEK3vuPjpZJjnEPccGjDKQ.wRgVctsVSRXOJAYx9Emi0t1E6p4oiP1oZOkI5R27Y1Q&dib_tag=se&m=A3UEK3VBJ6ADB7&marketplaceID=A19VAU5U5O7RUS&qid=1776495954&refinements=p_36%3A12500-13000&s=merchant-items&sr=1-69&xpid=t3aYNHeeFsod_#customerReviews,MEZE AUDIO | 2.5mm OFC Upgrade Balanced Cable for 99 Series | Silver-Plated OFC Copper | 2.5mm Male to Dual TS Mono 3.5mm Male Connector Plug | Cable Length 1.50m/4.9ft
B07FQ2BCK5,,,,
B0CPLT1WMD,,127.18,https://www.amazon.sg/No-Game-Life-Concert-Parade/dp/B0CPLT1WMD/ref=sr_1_65?dib=eyJ2IjoiMSJ9.c6lXwqO2Adj9PkNKYZiQC2sNpyjAbM3QT68JOCUXNZPU6vaiPBVapdjY_DcUqzOKoZSlCKVZQCv5gnckbFQEDRN7vEjrAfqrgwLRltKZaZ30-Ml9eFwVKO32dvp2pxjkVxqq0aKvdIJgGC21_zlzBICpEmT0rDu0zQGiGJoZ8kc.0huMJVJjFv0Hl9vUdG54MhYOWODEdNK0lMlLUIjQPD0&dib_tag=se&m=A3UEK3VBJ6ADB7&marketplaceID=A19VAU5U5O7RUS&qid=1776495954&refinements=p_36%3A12500-13000&s=merchant-items&sr=1-65&xpid=t3aYNHeeFsod_#customerReviews,No Game No Life: Shiro (Concert Ver.) Pop Up Parade L Size Figure
B0D5LBGDJB,,142.12,https://www.amazon.sg/TAMASHII-NATIONS-Figuarts-Naruto-Shippuden/dp/B0D5LBGDJB/ref=sr_1_66?dib=eyJ2IjoiMSJ9.c6lXwqO2Adj9PkNKYZiQC2sNpyjAbM3QT68JOCUXNZPU6vaiPBVapdjY_DcUqzOKoZSlCKVZQCv5gnckbFQEDRN7vEjrAfqrgwLRltKZaZ30-Ml9eFwVKO32dvp2pxjkVxqq0aKvdIJgGC21_zlzBICpEmT0rDu0zQGiGJoZ8kc.0huMJVJjFv0Hl9vUdG54MhYOWODEdNK0lMlLUIjQPD0&dib_tag=se&m=A3UEK3VBJ6ADB7&marketplaceID=A19VAU5U5O7RUS&qid=1776495954&refinements=p_36%3A12500-13000&s=merchant-items&sr=1-66&xpid=t3aYNHeeFsod_#customerReviews,"TAMASHII NATIONS S.H. Figuarts Naruto Shippuden - Sasuke Uchiha - All Hate - (Resale Version) Approx. 5.7 inches (145 mm), ABS & PVC Pre-painted Action Figure"
B0148MYG7I,,128.2,https://www.amazon.sg/Independent-Forged-Polished-Skateboard-Standard/dp/B0148MYG7I/ref=sr_1_67?dib=eyJ2IjoiMSJ9.c6lXwqO2Adj9PkNKYZiQC2sNpyjAbM3QT68JOCUXNZPU6vaiPBVapdjY_DcUqzOKoZSlCKVZQCv5gnckbFQEDRN7vEjrAfqrgwLRltKZaZ30-Ml9eFwVKO32dvp2pxjkVxqq0aKvdIJgGC21_zlzBICpEmT0rDu0zQGiGJoZ8kc.0huMJVJjFv0Hl9vUdG54MhYOWODEdNK0lMlLUIjQPD0&dib_tag=se&m=A3UEK3VBJ6ADB7&marketplaceID=A19VAU5U5O7RUS&qid=1776495954&refinements=p_36%3A12500-13000&s=merchant-items&sr=1-67&xpid=t3aYNHeeFsod_#customerReviews,Independent Stage 11 Forged Hollow (Silver) Standard Trucks
B0148MYG7I,,,,
B07WJHVDFC,,140.75,https://www.amazon.sg/Games-Workshop-Warhammer-Marines-Predator/dp/B07WJHVDFC/ref=sr_1_68?dib=eyJ2IjoiMSJ9.c6lXwqO2Adj9PkNKYZiQC2sNpyjAbM3QT68JOCUXNZPU6vaiPBVapdjY_DcUqzOKoZSlCKVZQCv5gnckbFQEDRN7vEjrAfqrgwLRltKZaZ30-Ml9eFwVKO32dvp2pxjkVxqq0aKvdIJgGC21_zlzBICpEmT0rDu0zQGiGJoZ8kc.0huMJVJjFv0Hl9vUdG54MhYOWODEdNK0lMlLUIjQPD0&dib_tag=se&m=A3UEK3VBJ6ADB7&marketplaceID=A19VAU5U5O7RUS&qid=1776495954&refinements=p_36%3A12500-13000&s=merchant-items&sr=1-68&xpid=t3aYNHeeFsod_#customerReviews,Games Workshop - Warhammer 40K - Space Marines - Predator
B0C7B9TR9X,,130.0,https://www.amazon.sg/Shimano-C3000-Sedona-Spinning-Reel/dp/B0C7B9TR9X/ref=sr_1_69?dib=eyJ2IjoiMSJ9.c6lXwqO2Adj9PkNKYZiQC2sNpyjAbM3QT68JOCUXNZPU6vaiPBVapdjY_DcUqzOKoZSlCKVZQCv5gnckbFQEDRN7vEjrAfqrgwLRltKZaZ30-Ml9eFwVKO32dvp2pxjkVxqq0aKvdIJgGC21_zlzBICpEmT0rDu0zQGiGJoZ8kc.0huMJVJjFv0Hl9vUdG54MhYOWODEdNK0lMlLUIjQPD0&dib_tag=se&m=A3UEK3VBJ6ADB7&marketplaceID=A19VAU5U5O7RUS&qid=1776495954&refinements=p_36%3A12500-13000&s=merchant-items&sr=1-69&xpid=t3aYNHeeFsod_#customerReviews,"SHIMANO 500–C5000XG 23 Sedona Spinning Reel, Various Models"
B0C7B9TR9X,,,,
B07GZWLQXQ,,126.8,https://www.amazon.sg/Bicycle-Aluminum-Mounting-Hardware-RB-ALR420/dp/B07GZWLQXQ/ref=sr_1_70?dib=eyJ2IjoiMSJ9.c6lXwqO2Adj9PkNKYZiQC2sNpyjAbM3QT68JOCUXNZPU6vaiPBVapdjY_DcUqzOKoZSlCKVZQCv5gnckbFQEDRN7vEjrAfqrgwLRltKZaZ30-Ml9eFwVKO32dvp2pxjkVxqq0aKvdIJgGC21_zlzBICpEmT0rDu0zQGiGJoZ8kc.0huMJVJjFv0Hl9vUdG54MhYOWODEdNK0lMlLUIjQPD0&dib_tag=se&m=A3UEK3VBJ6ADB7&marketplaceID=A19VAU5U5O7RUS&qid=1776495954&refinements=p_36%3A12500-13000&s=merchant-items&sr=1-70&xpid=t3aYNHeeFsod_,RB-ALR420 Bicycle Rear Basket Aluminum Rear Basket with Mounting Hardware
B07GZWLQXQ,,,,
B00S7LO53W,,129.61,https://www.amazon.sg/Halder-USA-Mallet-3408-05-Diameter/dp/B00S7LO53W/ref=sr_1_71?dib=eyJ2IjoiMSJ9.c6lXwqO2Adj9PkNKYZiQC2sNpyjAbM3QT68JOCUXNZPU6vaiPBVapdjY_DcUqzOKoZSlCKVZQCv5gnckbFQEDRN7vEjrAfqrgwLRltKZaZ30-Ml9eFwVKO32dvp2pxjkVxqq0aKvdIJgGC21_zlzBICpEmT0rDu0zQGiGJoZ8kc.0huMJVJjFv0Hl9vUdG54MhYOWODEdNK0lMlLUIjQPD0&dib_tag=se&m=A3UEK3VBJ6ADB7&marketplaceID=A19VAU5U5O7RUS&qid=1776495954&refinements=p_36%3A12500-13000&s=merchant-items&sr=1-71&xpid=t3aYNHeeFsod_#customerReviews,"Halder USA - Halder Drop Mallet (3408.05), 50mm Diameter"
B00S7LO53W,,,,
B01EWLKDRC,,128.39,https://www.amazon.sg/Monteverde-MV35293-Tool-Fountain-Navy/dp/B01EWLKDRC/ref=sr_1_72?dib=eyJ2IjoiMSJ9.c6lXwqO2Adj9PkNKYZiQC2sNpyjAbM3QT68JOCUXNZPU6vaiPBVapdjY_DcUqzOKoZSlCKVZQCv5gnckbFQEDRN7vEjrAfqrgwLRltKZaZ30-Ml9eFwVKO32dvp2pxjkVxqq0aKvdIJgGC21_zlzBICpEmT0rDu0zQGiGJoZ8kc.0huMJVJjFv0Hl9vUdG54MhYOWODEdNK0lMlLUIjQPD0&dib_tag=se&m=A3UEK3VBJ6ADB7&marketplaceID=A19VAU5U5O7RUS&qid=1776495954&refinements=p_36%3A12500-13000&s=merchant-items&sr=1-72&xpid=t3aYNHeeFsod_#customerReviews,"Monteverde MV35293 Tool Fountain Pen, Navy Blue"
B01EWLKDRC,,,,
B0FX3LVG6H,,127.76,https://www.amazon.sg/Good-Smile-Nendoroid-Non-Scale-Pre-Painted/dp/B0FX3LVG6H/ref=sr_1_73?dib=eyJ2IjoiMSJ9.c6lXwqO2Adj9PkNKYZiQC2sNpyjAbM3QT68JOCUXNZPU6vaiPBVapdjY_DcUqzOKoZSlCKVZQCv5gnckbFQEDRN7vEjrAfqrgwLRltKZaZ30-Ml9eFwVKO32dvp2pxjkVxqq0aKvdIJgGC21_zlzBICpEmT0rDu0zQGiGJoZ8kc.0huMJVJjFv0Hl9vUdG54MhYOWODEdNK0lMlLUIjQPD0&dib_tag=se&m=A3UEK3VBJ6ADB7&marketplaceID=A19VAU5U5O7RUS&qid=1776495954&refinements=p_36%3A12500-13000&s=merchant-items&sr=1-73&xpid=t3aYNHeeFsod_#customerReviews,Good Smile Company Nendoroid Fate/Grand Order Berker/Morgan Non-Scale Plastic Pre-Painted Action Figure
B0F5Q6M3HC,,127.98,https://www.amazon.sg/COMPANY-Nendoroid-Thunderbolt-Non-scale-Pre-Painted/dp/B0F5Q6M3HC/ref=sr_1_74?dib=eyJ2IjoiMSJ9.c6lXwqO2Adj9PkNKYZiQC2sNpyjAbM3QT68JOCUXNZPU6vaiPBVapdjY_DcUqzOKoZSlCKVZQCv5gnckbFQEDRN7vEjrAfqrgwLRltKZaZ30-Ml9eFwVKO32dvp2pxjkVxqq0aKvdIJgGC21_zlzBICpEmT0rDu0zQGiGJoZ8kc.0huMJVJjFv0Hl9vUdG54MhYOWODEdNK0lMlLUIjQPD0&dib_tag=se&m=A3UEK3VBJ6ADB7&marketplaceID=A19VAU5U5O7RUS&qid=1776495954&refinements=p_36%3A12500-13000&s=merchant-items&sr=1-74&xpid=t3aYNHeeFsod_,"GOOD SMILE COMPANY Nendoroid Thunderbolt Fantasy Sword Yuki Killing Life, Non-scale, Plastic, Pre-Painted Action Figure"
B0DWMWJPDD,,128.34,https://www.amazon.sg/LUCKYBEE-Disposable-Clothing-Penetration-25cm-50pcs/dp/B0DWMWJPDD/ref=sr_1_75?dib=eyJ2IjoiMSJ9.c6lXwqO2Adj9PkNKYZiQC2sNpyjAbM3QT68JOCUXNZPU6vaiPBVapdjY_DcUqzOKoZSlCKVZQCv5gnckbFQEDRN7vEjrAfqrgwLRltKZaZ30-Ml9eFwVKO32dvp2pxjkVxqq0aKvdIJgGC21_zlzBICpEmT0rDu0zQGiGJoZ8kc.0huMJVJjFv0Hl9vUdG54MhYOWODEdNK0lMlLUIjQPD0&dib_tag=se&m=A3UEK3VBJ6ADB7&marketplaceID=A19VAU5U5O7RUS&qid=1776495954&refinements=p_36%3A12500-13000&s=merchant-items&sr=1-75&xpid=t3aYNHeeFsod_,"LUCKYBEE Tea Bags Disposable Empty Bags Fabric Filter with Tea Clothing, Strong Penetration Natural for Loose Leaf Tea & Coffee (20*25cm-50pcs)"
B0DWMWJPDD,,,,
B0DTHQQ545,,128.58,https://www.amazon.sg/Nendoroid-Chinatsu-Shikano-Non-Scale-Pre-Painted/dp/B0DTHQQ545/ref=sr_1_81?dib=eyJ2IjoiMSJ9.2g-nDBmxa-LmTJ_gWCwA_hS2LP-bFuaFUIIHHGxqxaJEEM5ZXMuVYpTnVtM1-1iPSZ-MFrkTwqT7u7QSXpGmOw.Lrgm5V0QgCUsaC7jV-zp-ngQGjTZb6xcp0-fbl3tfw8&dib_tag=se&m=A3UEK3VBJ6ADB7&marketplaceID=A19VAU5U5O7RUS&qid=1776495959&refinements=p_36%3A12500-13000&s=merchant-items&sr=1-81&xpid=t3aYNHeeFsod_#customerReviews,Nendoroid Ao no Hako Chinatsu Shikano Non-Scale Plastic Pre-Painted Action Figure
B0DFW7HX85,,126.96,https://www.amazon.sg/SANWA-PGS-CLE-BLACK-version-107A54634A/dp/B0DFW7HX85/ref=sr_1_82?dib=eyJ2IjoiMSJ9.2g-nDBmxa-LmTJ_gWCwA_hS2LP-bFuaFUIIHHGxqxaJEEM5ZXMuVYpTnVtM1-1iPSZ-MFrkTwqT7u7QSXpGmOw.Lrgm5V0QgCUsaC7jV-zp-ngQGjTZb6xcp0-fbl3tfw8&dib_tag=se&m=A3UEK3VBJ6ADB7&marketplaceID=A19VAU5U5O7RUS&qid=1776495959&refinements=p_36%3A12500-13000&s=merchant-items&sr=1-82&xpid=t3aYNHeeFsod_,SANWA PGS-CLE BLACK version Servo 107A54634A
B0DFW7HX85,,,,
B0D9YBJC7F,,127.75,https://www.amazon.sg/Umamusume-Pretty-Nendoroid-Action-Figure/dp/B0D9YBJC7F/ref=sr_1_83?dib=eyJ2IjoiMSJ9.2g-nDBmxa-LmTJ_gWCwA_hS2LP-bFuaFUIIHHGxqxaJEEM5ZXMuVYpTnVtM1-1iPSZ-MFrkTwqT7u7QSXpGmOw.Lrgm5V0QgCUsaC7jV-zp-ngQGjTZb6xcp0-fbl3tfw8&dib_tag=se&m=A3UEK3VBJ6ADB7&marketplaceID=A19VAU5U5O7RUS&qid=1776495959&refinements=p_36%3A12500-13000&s=merchant-items&sr=1-83&xpid=t3aYNHeeFsod_#customerReviews,Umamusume Pretty Derby Nendoroid Action Figure Jungle Pocket 10 cm
B0D59V1YW6,,126.22,https://www.amazon.sg/Good-Smile-Company-Lords-Knight/dp/B0D59V1YW6/ref=sr_1_84?dib=eyJ2IjoiMSJ9.2g-nDBmxa-LmTJ_gWCwA_hS2LP-bFuaFUIIHHGxqxaJEEM5ZXMuVYpTnVtM1-1iPSZ-MFrkTwqT7u7QSXpGmOw.Lrgm5V0QgCUsaC7jV-zp-ngQGjTZb6xcp0-fbl3tfw8&dib_tag=se&m=A3UEK3VBJ6ADB7&marketplaceID=A19VAU5U5O7RUS&qid=1776495959&refinements=p_36%3A12500-13000&s=merchant-items&sr=1-84&xpid=t3aYNHeeFsod_#customerReviews,Good Smile Company Lord of Lords Ryu Knight: Shinebaram & Steru Moderoid Model Kit
B0D4QQZ49S,,126.5,https://www.amazon.sg/PARADE-Non-scale-Plastic-Pre-painted-Complete/dp/B0D4QQZ49S/ref=sr_1_85?dib=eyJ2IjoiMSJ9.2g-nDBmxa-LmTJ_gWCwA_hS2LP-bFuaFUIIHHGxqxaJEEM5ZXMuVYpTnVtM1-1iPSZ-MFrkTwqT7u7QSXpGmOw.Lrgm5V0QgCUsaC7jV-zp-ngQGjTZb6xcp0-fbl3tfw8&dib_tag=se&m=A3UEK3VBJ6ADB7&marketplaceID=A19VAU5U5O7RUS&qid=1776495959&refinements=p_36%3A12500-13000&s=merchant-items&sr=1-85&xpid=t3aYNHeeFsod_#customerReviews,"POP UP PARADE PASS Shinya Kogami, L Size, Non-scale, Plastic, Pre-painted Complete Figure"
B0CZ8RT6T8,,126.95,https://www.amazon.sg/Good-Smile-Company-Gushing-Magical/dp/B0CZ8RT6T8/ref=sr_1_81?dib=eyJ2IjoiMSJ9.CGHnQWolc05rEtg3qfMTQIaBMC5gmzJztfMHT2UUJYJ3ooAPPvkoZRJDwxYSBX-dNReXiO_1HiZ84j3L4x15s7P-rE7rfi5z88Ri2iqdBd2nH-D2HgEQt4TVYvu9vxs9moMgGQnMikPWREUpMnXpI900Bxca9nqQmYm30caa2OU.50awoY1QzM9ht_C65iolimzwAQ7lM7AZNZ9si3mNu7Y&dib_tag=se&m=A3UEK3VBJ6ADB7&marketplaceID=A19VAU5U5O7RUS&qid=1776495959&refinements=p_36%3A12500-13000&s=merchant-items&sr=1-81&xpid=t3aYNHeeFsod_#customerReviews,Good Smile Company Gushing Over Magical Girls: Magia Baiser Nendoroid Action Figure
B0CZ3VBZ8Q,,128.4,https://www.amazon.sg/Nendoroid-Archive-Non-Scale-Plastic-Pre-Painted/dp/B0CZ3VBZ8Q/ref=sr_1_82?dib=eyJ2IjoiMSJ9.CGHnQWolc05rEtg3qfMTQIaBMC5gmzJztfMHT2UUJYJ3ooAPPvkoZRJDwxYSBX-dNReXiO_1HiZ84j3L4x15s7P-rE7rfi5z88Ri2iqdBd2nH-D2HgEQt4TVYvu9vxs9moMgGQnMikPWREUpMnXpI900Bxca9nqQmYm30caa2OU.50awoY1QzM9ht_C65iolimzwAQ7lM7AZNZ9si3mNu7Y&dib_tag=se&m=A3UEK3VBJ6ADB7&marketplaceID=A19VAU5U5O7RUS&qid=1776495959&refinements=p_36%3A12500-13000&s=merchant-items&sr=1-82&xpid=t3aYNHeeFsod_#customerReviews,Nendoroid Blue Archive Mika Seien Non-Scale Plastic Pre-Painted Action Figure
B0CWRMMXT2,,129.85,https://www.amazon.sg/Nendoroid-Journey-Non-scale-Plastic-Pre-painted/dp/B0CWRMMXT2/ref=sr_1_83?dib=eyJ2IjoiMSJ9.CGHnQWolc05rEtg3qfMTQIaBMC5gmzJztfMHT2UUJYJ3ooAPPvkoZRJDwxYSBX-dNReXiO_1HiZ84j3L4x15s7P-rE7rfi5z88Ri2iqdBd2nH-D2HgEQt4TVYvu9vxs9moMgGQnMikPWREUpMnXpI900Bxca9nqQmYm30caa2OU.50awoY1QzM9ht_C65iolimzwAQ7lM7AZNZ9si3mNu7Y&dib_tag=se&m=A3UEK3VBJ6ADB7&marketplaceID=A19VAU5U5O7RUS&qid=1776495959&refinements=p_36%3A12500-13000&s=merchant-items&sr=1-83&xpid=t3aYNHeeFsod_#customerReviews,"Nendoroid The Journey of the Witch Elaina, Non-scale, Plastic, Pre-painted Action Figure, Resale"
B0CWGXZWNV,,129.92,https://www.amazon.sg/Seven-Deadly-Sins-Judgement-Meliodas/dp/B0CWGXZWNV/ref=sr_1_84?dib=eyJ2IjoiMSJ9.CGHnQWolc05rEtg3qfMTQIaBMC5gmzJztfMHT2UUJYJ3ooAPPvkoZRJDwxYSBX-dNReXiO_1HiZ84j3L4x15s7P-rE7rfi5z88Ri2iqdBd2nH-D2HgEQt4TVYvu9vxs9moMgGQnMikPWREUpMnXpI900Bxca9nqQmYm30caa2OU.50awoY1QzM9ht_C65iolimzwAQ7lM7AZNZ9si3mNu7Y&dib_tag=se&m=A3UEK3VBJ6ADB7&marketplaceID=A19VAU5U5O7RUS&qid=1776495959&refinements=p_36%3A12500-13000&s=merchant-items&sr=1-84&xpid=t3aYNHeeFsod_#customerReviews,The Seven Deadly Sins: Dragon’s Judgement – Meliodas Pop Up Parade PVC Figure
B0CW8QJ52W,,126.67,https://www.amazon.sg/Gridman-Animetion-Non-Scale-Painted-Complete/dp/B0CW8QJ52W/ref=sr_1_85?dib=eyJ2IjoiMSJ9.CGHnQWolc05rEtg3qfMTQIaBMC5gmzJztfMHT2UUJYJ3ooAPPvkoZRJDwxYSBX-dNReXiO_1HiZ84j3L4x15s7P-rE7rfi5z88Ri2iqdBd2nH-D2HgEQt4TVYvu9vxs9moMgGQnMikPWREUpMnXpI900Bxca9nqQmYm30caa2OU.50awoY1QzM9ht_C65iolimzwAQ7lM7AZNZ9si3mNu7Y&dib_tag=se&m=A3UEK3VBJ6ADB7&marketplaceID=A19VAU5U5O7RUS&qid=1776495959&refinements=p_36%3A12500-13000&s=merchant-items&sr=1-85&xpid=t3aYNHeeFsod_,HAF Gridman Animetion Style Non-Scale PVC & ABS Painted Complete Figure
B0CW58XX9T,,127.11,https://www.amazon.sg/Available-cd340ex_cgld-Cardinal-Aluminum-Champagne/dp/B0CW58XX9T/ref=sr_1_86?dib=eyJ2IjoiMSJ9.CGHnQWolc05rEtg3qfMTQIaBMC5gmzJztfMHT2UUJYJ3ooAPPvkoZRJDwxYSBX-dNReXiO_1HiZ84j3L4x15s7P-rE7rfi5z88Ri2iqdBd2nH-D2HgEQt4TVYvu9vxs9moMgGQnMikPWREUpMnXpI900Bxca9nqQmYm30caa2OU.50awoY1QzM9ht_C65iolimzwAQ7lM7AZNZ9si3mNu7Y&dib_tag=se&m=A3UEK3VBJ6ADB7&marketplaceID=A19VAU5U5O7RUS&qid=1776495959&refinements=p_36%3A12500-13000&s=merchant-items&sr=1-86&xpid=t3aYNHeeFsod_#customerReviews,Available cd340ex_cgld Cardinal 3 Aluminum Spool CD340EX Champagne Gold
B0CW58XX9T,,,,
B0CW57LPCS,,128.06,https://www.amazon.sg/Available-ABU-Cardinal-CD340EX-Black/dp/B0CW57LPCS/ref=sr_1_87?dib=eyJ2IjoiMSJ9.CGHnQWolc05rEtg3qfMTQIaBMC5gmzJztfMHT2UUJYJ3ooAPPvkoZRJDwxYSBX-dNReXiO_1HiZ84j3L4x15s7P-rE7rfi5z88Ri2iqdBd2nH-D2HgEQt4TVYvu9vxs9moMgGQnMikPWREUpMnXpI900Bxca9nqQmYm30caa2OU.50awoY1QzM9ht_C65iolimzwAQ7lM7AZNZ9si3mNu7Y&dib_tag=se&m=A3UEK3VBJ6ADB7&marketplaceID=A19VAU5U5O7RUS&qid=1776495959&refinements=p_36%3A12500-13000&s=merchant-items&sr=1-87&xpid=t3aYNHeeFsod_,Available ABU Cardinal 3/33 Series CD340EX Black
B0CW57LPCS,,,,
B0CQWBP26D,,130.0,https://www.amazon.sg/Pop-Frog-Kitchen-Cookware-Silicone/dp/B0CQWBP26D/ref=sr_1_88?dib=eyJ2IjoiMSJ9.CGHnQWolc05rEtg3qfMTQIaBMC5gmzJztfMHT2UUJYJ3ooAPPvkoZRJDwxYSBX-dNReXiO_1HiZ84j3L4x15s7P-rE7rfi5z88Ri2iqdBd2nH-D2HgEQt4TVYvu9vxs9moMgGQnMikPWREUpMnXpI900Bxca9nqQmYm30caa2OU.50awoY1QzM9ht_C65iolimzwAQ7lM7AZNZ9si3mNu7Y&dib_tag=se&m=A3UEK3VBJ6ADB7&marketplaceID=A19VAU5U5O7RUS&qid=1776495959&refinements=p_36%3A12500-13000&s=merchant-items&sr=1-88&xpid=t3aYNHeeFsod_#customerReviews,"Pop Frog Kitchen Tool Set, Ladle, Cookware, 12 Pieces, Made of Silicone, Storage Box, Ladle, Silicone Spatula, Silicone Spatula, Spatula, Whisk, Pasta Server, Slotted Spoon, Silicone Brush, Spatula"
B0CQWBP26D,,,,
B0CPP8KSH2,,136.9,https://www.amazon.sg/Office-Power-POWER-Black-LC01FR/dp/B0CPP8KSH2/ref=sr_1_89?dib=eyJ2IjoiMSJ9.CGHnQWolc05rEtg3qfMTQIaBMC5gmzJztfMHT2UUJYJ3ooAPPvkoZRJDwxYSBX-dNReXiO_1HiZ84j3L4x15s7P-rE7rfi5z88Ri2iqdBd2nH-D2HgEQt4TVYvu9vxs9moMgGQnMikPWREUpMnXpI900Bxca9nqQmYm30caa2OU.50awoY1QzM9ht_C65iolimzwAQ7lM7AZNZ9si3mNu7Y&dib_tag=se&m=A3UEK3VBJ6ADB7&marketplaceID=A19VAU5U5O7RUS&qid=1776495959&refinements=p_36%3A12500-13000&s=merchant-items&sr=1-89&xpid=t3aYNHeeFsod_,Office ZPI ZPI Power Dome (POWER DOME) Black PD LC01FR MG
B0CPP8KSH2,,,,
B0CPDWX3ZB,,128.08,https://www.amazon.sg/Ninomae-inanis-hololive-Production-Parade/dp/B0CPDWX3ZB/ref=sr_1_90?dib=eyJ2IjoiMSJ9.CGHnQWolc05rEtg3qfMTQIaBMC5gmzJztfMHT2UUJYJ3ooAPPvkoZRJDwxYSBX-dNReXiO_1HiZ84j3L4x15s7P-rE7rfi5z88Ri2iqdBd2nH-D2HgEQt4TVYvu9vxs9moMgGQnMikPWREUpMnXpI900Bxca9nqQmYm30caa2OU.50awoY1QzM9ht_C65iolimzwAQ7lM7AZNZ9si3mNu7Y&dib_tag=se&m=A3UEK3VBJ6ADB7&marketplaceID=A19VAU5U5O7RUS&qid=1776495959&refinements=p_36%3A12500-13000&s=merchant-items&sr=1-90&xpid=t3aYNHeeFsod_#customerReviews,Ninomae inanis Fig. 20 cm hololive Production Pop up Parade
B0CMQCHGBZ,,126.77,https://www.amazon.sg/Good-Smile-Production-Darknesss-Nendoroid/dp/B0CMQCHGBZ/ref=sr_1_91?dib=eyJ2IjoiMSJ9.CGHnQWolc05rEtg3qfMTQIaBMC5gmzJztfMHT2UUJYJ3ooAPPvkoZRJDwxYSBX-dNReXiO_1HiZ84j3L4x15s7P-rE7rfi5z88Ri2iqdBd2nH-D2HgEQt4TVYvu9vxs9moMgGQnMikPWREUpMnXpI900Bxca9nqQmYm30caa2OU.50awoY1QzM9ht_C65iolimzwAQ7lM7AZNZ9si3mNu7Y&dib_tag=se&m=A3UEK3VBJ6ADB7&marketplaceID=A19VAU5U5O7RUS&qid=1776495959&refinements=p_36%3A12500-13000&s=merchant-items&sr=1-91&xpid=t3aYNHeeFsod_#customerReviews,Good Smile - Hololive Production - La Darknesss Nendoroid Af
B0CMQCHGBZ,,126.77,https://www.amazon.sg/Good-Smile-Production-Darknesss-Nendoroid/dp/B0CMQCHGBZ/ref=sr_1_97?dib=eyJ2IjoiMSJ9.jn51_AibFy5-m_5bNdK-NJ_itJ5Kr5pCfQsoGBY0f_2zR9YuZHltpBidQhv-x73K8y3_BUWNZ98-j_zQmSwGfg.PI1FDhkq7bAsWmj5PBXZYbUEZ8aIuLHtlH3sfyL7w3k&dib_tag=se&m=A3UEK3VBJ6ADB7&marketplaceID=A19VAU5U5O7RUS&qid=1776495964&refinements=p_36%3A12500-13000&s=merchant-items&sr=1-97&xpid=t3aYNHeeFsod_#customerReviews,Good Smile - Hololive Production - La Darknesss Nendoroid Af
B0CLV59BM2,,129.93,https://www.amazon.sg/Good-Smile-Company-Little-Academia/dp/B0CLV59BM2/ref=sr_1_98?dib=eyJ2IjoiMSJ9.jn51_AibFy5-m_5bNdK-NJ_itJ5Kr5pCfQsoGBY0f_2zR9YuZHltpBidQhv-x73K8y3_BUWNZ98-j_zQmSwGfg.PI1FDhkq7bAsWmj5PBXZYbUEZ8aIuLHtlH3sfyL7w3k&dib_tag=se&m=A3UEK3VBJ6ADB7&marketplaceID=A19VAU5U5O7RUS&qid=1776495964&refinements=p_36%3A12500-13000&s=merchant-items&sr=1-98&xpid=t3aYNHeeFsod_#customerReviews,Good Smile Company Little Witch Academia: Atsuko Kagari Nendoroid Action Figure
B0CJV68X7K,,126.46,https://www.amazon.sg/Nendoroid-Archive-Non-Scale-Plastic-Pre-Painted/dp/B0CJV68X7K/ref=sr_1_99?dib=eyJ2IjoiMSJ9.jn51_AibFy5-m_5bNdK-NJ_itJ5Kr5pCfQsoGBY0f_2zR9YuZHltpBidQhv-x73K8y3_BUWNZ98-j_zQmSwGfg.PI1FDhkq7bAsWmj5PBXZYbUEZ8aIuLHtlH3sfyL7w3k&dib_tag=se&m=A3UEK3VBJ6ADB7&marketplaceID=A19VAU5U5O7RUS&qid=1776495964&refinements=p_36%3A12500-13000&s=merchant-items&sr=1-99&xpid=t3aYNHeeFsod_#customerReviews,Nendoroid Blue Archive Arona Non-Scale Plastic Pre-Painted Action Figure
B0CHYS7CMS,,129.23,https://www.amazon.sg/ZEN-Camps-Air-2-Table-Lightweight/dp/B0CHYS7CMS/ref=sr_1_100?dib=eyJ2IjoiMSJ9.jn51_AibFy5-m_5bNdK-NJ_itJ5Kr5pCfQsoGBY0f_2zR9YuZHltpBidQhv-x73K8y3_BUWNZ98-j_zQmSwGfg.PI1FDhkq7bAsWmj5PBXZYbUEZ8aIuLHtlH3sfyL7w3k&dib_tag=se&m=A3UEK3VBJ6ADB7&marketplaceID=A19VAU5U5O7RUS&qid=1776495964&refinements=p_36%3A12500-13000&s=merchant-items&sr=1-100&xpid=t3aYNHeeFsod_#customerReviews,"ZEN Camps Air-2 Table Outdoor Table, Solo Camping, Compact, Foldable, Aluminum, Ultra Lightweight, 19.8 oz (556 g) (Silver (Body))"
B0CHYS7CMS,,,,
B0CFXZV3V1,,125.13,https://www.amazon.sg/Good-Smile-Company-Hololive-Production/dp/B0CFXZV3V1/ref=sr_1_101?dib=eyJ2IjoiMSJ9.jn51_AibFy5-m_5bNdK-NJ_itJ5Kr5pCfQsoGBY0f_2zR9YuZHltpBidQhv-x73K8y3_BUWNZ98-j_zQmSwGfg.PI1FDhkq7bAsWmj5PBXZYbUEZ8aIuLHtlH3sfyL7w3k&dib_tag=se&m=A3UEK3VBJ6ADB7&marketplaceID=A19VAU5U5O7RUS&qid=1776495964&refinements=p_36%3A12500-13000&s=merchant-items&sr=1-101&xpid=t3aYNHeeFsod_#customerReviews,Good Smile Company Hololive Production: Minato Aqua Nendoroid Action Figure
B0C6LQVK4S,,128.36,https://www.amazon.sg/Tencent-Video-Soul-Land-Classic/dp/B0C6LQVK4S/ref=sr_1_97?dib=eyJ2IjoiMSJ9.iMi6qmsCdPeBg0gdDSSSUV0cxK7ZH3Y6Iu_Ij8doSepjInWS_Za0j8Pu_H-5MTZzp0-s7BYOcoEr95yjQUi6tGdVfpdA7lvfh7R-wgHTQQS8OEh4xGPCM9makKJeHtxhCz7Z9iXJ1TKa-ez_0tGA67y3_6bdm70-silOsVG9vWc.FvJF9Atz976MKbFAiAubBpAgaskKmX8T3RfN4IHpjso&dib_tag=se&m=A3UEK3VBJ6ADB7&marketplaceID=A19VAU5U5O7RUS&qid=1776495964&refinements=p_36%3A12500-13000&s=merchant-items&sr=1-97&xpid=t3aYNHeeFsod_,Soul Land: Tang San Classic Figure
B0C5HN1RNB,,130.0,https://www.amazon.sg/Dolce-duo-Packaged-Celebrating-Cheerfulness/dp/B0C5HN1RNB/ref=sr_1_98?dib=eyJ2IjoiMSJ9.iMi6qmsCdPeBg0gdDSSSUV0cxK7ZH3Y6Iu_Ij8doSepjInWS_Za0j8Pu_H-5MTZzp0-s7BYOcoEr95yjQUi6tGdVfpdA7lvfh7R-wgHTQQS8OEh4xGPCM9makKJeHtxhCz7Z9iXJ1TKa-ez_0tGA67y3_6bdm70-silOsVG9vWc.FvJF9Atz976MKbFAiAubBpAgaskKmX8T3RfN4IHpjso&dib_tag=se&m=A3UEK3VBJ6ADB7&marketplaceID=A19VAU5U5O7RUS&qid=1776495964&refinements=p_36%3A12500-13000&s=merchant-items&sr=1-98&xpid=t3aYNHeeFsod_#customerReviews,"Dolce duo -327 Imabari Towel Gift (Packaged), Face Towel, Made in Japan, 100% Cotton, Approx. 29.5 x 13.4 inches (75 x 34 cm), Celebrating Cheerfulness, Present"
B0C5HN1RNB,,,,
B0C4Y5Q2NT,,128.19,https://www.amazon.sg/DAIWA-Tarpaulin-Bag-Light-Gray/dp/B0C4Y5Q2NT/ref=sr_1_99?dib=eyJ2IjoiMSJ9.iMi6qmsCdPeBg0gdDSSSUV0cxK7ZH3Y6Iu_Ij8doSepjInWS_Za0j8Pu_H-5MTZzp0-s7BYOcoEr95yjQUi6tGdVfpdA7lvfh7R-wgHTQQS8OEh4xGPCM9makKJeHtxhCz7Z9iXJ1TKa-ez_0tGA67y3_6bdm70-silOsVG9vWc.FvJF9Atz976MKbFAiAubBpAgaskKmX8T3RfN4IHpjso&dib_tag=se&m=A3UEK3VBJ6ADB7&marketplaceID=A19VAU5U5O7RUS&qid=1776495964&refinements=p_36%3A12500-13000&s=merchant-items&sr=1-99&xpid=t3aYNHeeFsod_#customerReviews,"DAIWA Tarpaulin Bag, TP Tote Bag, Hip Bag, Shoulder Bag, Backpack, Various"
B0C4Y5Q2NT,,,,
B0BZPTP7QC,,129.67,https://www.amazon.sg/Good-Smile-Company-Ghostwire-Nendoroid/dp/B0BZPTP7QC/ref=sr_1_100?dib=eyJ2IjoiMSJ9.iMi6qmsCdPeBg0gdDSSSUV0cxK7ZH3Y6Iu_Ij8doSepjInWS_Za0j8Pu_H-5MTZzp0-s7BYOcoEr95yjQUi6tGdVfpdA7lvfh7R-wgHTQQS8OEh4xGPCM9makKJeHtxhCz7Z9iXJ1TKa-ez_0tGA67y3_6bdm70-silOsVG9vWc.FvJF9Atz976MKbFAiAubBpAgaskKmX8T3RfN4IHpjso&dib_tag=se&m=A3UEK3VBJ6ADB7&marketplaceID=A19VAU5U5O7RUS&qid=1776495964&refinements=p_36%3A12500-13000&s=merchant-items&sr=1-100&xpid=t3aYNHeeFsod_#customerReviews,Good Smile Company - Ghostwire Tokyo - Akito Izuki Nendoroid Action Figure
B0BX48X1BC,,127.32,https://www.amazon.sg/Tasmanian-Tiger-Ifak-Pouch-Olive/dp/B0BX48X1BC/ref=sr_1_101?dib=eyJ2IjoiMSJ9.iMi6qmsCdPeBg0gdDSSSUV0cxK7ZH3Y6Iu_Ij8doSepjInWS_Za0j8Pu_H-5MTZzp0-s7BYOcoEr95yjQUi6tGdVfpdA7lvfh7R-wgHTQQS8OEh4xGPCM9makKJeHtxhCz7Z9iXJ1TKa-ez_0tGA67y3_6bdm70-silOsVG9vWc.FvJF9Atz976MKbFAiAubBpAgaskKmX8T3RfN4IHpjso&dib_tag=se&m=A3UEK3VBJ6ADB7&marketplaceID=A19VAU5U5O7RUS&qid=1776495964&refinements=p_36%3A12500-13000&s=merchant-items&sr=1-101&xpid=t3aYNHeeFsod_#customerReviews,"Tasmanian Tiger Ifak Pouch Dual,Olive"
B0BX48X1BC,,,,
B0BW8ZG26N,,128.62,https://www.amazon.sg/Nendoroid-Gouache-Non-Scale-Plastic-Painted/dp/B0BW8ZG26N/ref=sr_1_102?dib=eyJ2IjoiMSJ9.iMi6qmsCdPeBg0gdDSSSUV0cxK7ZH3Y6Iu_Ij8doSepjInWS_Za0j8Pu_H-5MTZzp0-s7BYOcoEr95yjQUi6tGdVfpdA7lvfh7R-wgHTQQS8OEh4xGPCM9makKJeHtxhCz7Z9iXJ1TKa-ez_0tGA67y3_6bdm70-silOsVG9vWc.FvJF9Atz976MKbFAiAubBpAgaskKmX8T3RfN4IHpjso&dib_tag=se&m=A3UEK3VBJ6ADB7&marketplaceID=A19VAU5U5O7RUS&qid=1776495964&refinements=p_36%3A12500-13000&s=merchant-items&sr=1-102&xpid=t3aYNHeeFsod_#customerReviews,Nendoroid Golden Gouache Bell!! Gouache Bell Non-Scale Plastic Painted Action Figure
B0BV9Z4MXG,,130.0,https://www.amazon.sg/NOTAG-Engineer-Anti-static-Transparent-Construction/dp/B0BV9Z4MXG/ref=sr_1_103?dib=eyJ2IjoiMSJ9.iMi6qmsCdPeBg0gdDSSSUV0cxK7ZH3Y6Iu_Ij8doSepjInWS_Za0j8Pu_H-5MTZzp0-s7BYOcoEr95yjQUi6tGdVfpdA7lvfh7R-wgHTQQS8OEh4xGPCM9makKJeHtxhCz7Z9iXJ1TKa-ez_0tGA67y3_6bdm70-silOsVG9vWc.FvJF9Atz976MKbFAiAubBpAgaskKmX8T3RfN4IHpjso&dib_tag=se&m=A3UEK3VBJ6ADB7&marketplaceID=A19VAU5U5O7RUS&qid=1776495964&refinements=p_36%3A12500-13000&s=merchant-items&sr=1-103&xpid=t3aYNHeeFsod_#customerReviews,"NOTAG Engineer Bag, Shoulder Bag, 2-Way Handbag, Anti-static, Clean Bag, Shoulder Bag, Transparent, Large, Wide Gusset, Tool Bag, Clean Room, Work, Construction Work (Black)"
B0BV9Z4MXG,,,,
B0BSTN7RXR,,128.65,https://www.amazon.sg/Daiwa-PR100HL-Bath-Bait-Reel/dp/B0BSTN7RXR/ref=sr_1_104?dib=eyJ2IjoiMSJ9.iMi6qmsCdPeBg0gdDSSSUV0cxK7ZH3Y6Iu_Ij8doSepjInWS_Za0j8Pu_H-5MTZzp0-s7BYOcoEr95yjQUi6tGdVfpdA7lvfh7R-wgHTQQS8OEh4xGPCM9makKJeHtxhCz7Z9iXJ1TKa-ez_0tGA67y3_6bdm70-silOsVG9vWc.FvJF9Atz976MKbFAiAubBpAgaskKmX8T3RfN4IHpjso&dib_tag=se&m=A3UEK3VBJ6ADB7&marketplaceID=A19VAU5U5O7RUS&qid=1776495964&refinements=p_36%3A12500-13000&s=merchant-items&sr=1-104&xpid=t3aYNHeeFsod_#customerReviews,Daiwa Bait Reel 21PR100 Normal Gear/High Gear (Right/Left Handle) Various
B0BSTN7RXR,,,,
B0BSGVPTWR,,125.16,https://www.amazon.sg/Nendoroid-Kokuden-Non-Scale-Plastic-Pre-Painted/dp/B0BSGVPTWR/ref=sr_1_105?dib=eyJ2IjoiMSJ9.iMi6qmsCdPeBg0gdDSSSUV0cxK7ZH3Y6Iu_Ij8doSepjInWS_Za0j8Pu_H-5MTZzp0-s7BYOcoEr95yjQUi6tGdVfpdA7lvfh7R-wgHTQQS8OEh4xGPCM9makKJeHtxhCz7Z9iXJ1TKa-ez_0tGA67y3_6bdm70-silOsVG9vWc.FvJF9Atz976MKbFAiAubBpAgaskKmX8T3RfN4IHpjso&dib_tag=se&m=A3UEK3VBJ6ADB7&marketplaceID=A19VAU5U5O7RUS&qid=1776495964&refinements=p_36%3A12500-13000&s=merchant-items&sr=1-105&xpid=t3aYNHeeFsod_#customerReviews,Nendoroid Senken and Kokuden Zhao Reishi Nendoroid Female Late Ver.DX Non-Scale Plastic Pre-Painted Action Figure
B0BS939R41,,136.85,https://www.amazon.sg/Xanax-BYG23AL1W-Youth-Right-Throw/dp/B0BS939R41/ref=sr_1_106?dib=eyJ2IjoiMSJ9.iMi6qmsCdPeBg0gdDSSSUV0cxK7ZH3Y6Iu_Ij8doSepjInWS_Za0j8Pu_H-5MTZzp0-s7BYOcoEr95yjQUi6tGdVfpdA7lvfh7R-wgHTQQS8OEh4xGPCM9makKJeHtxhCz7Z9iXJ1TKa-ez_0tGA67y3_6bdm70-silOsVG9vWc.FvJF9Atz976MKbFAiAubBpAgaskKmX8T3RfN4IHpjso&dib_tag=se&m=A3UEK3VBJ6ADB7&marketplaceID=A19VAU5U5O7RUS&qid=1776495964&refinements=p_36%3A12500-13000&s=merchant-items&sr=1-106&xpid=t3aYNHeeFsod_,"Xanax BYG23AL1W Soft Youth Grab for Right Throw, Wing Air, Black x Sky Blue (9040), R (for right throw)"
B0BS939R41,,,,
B0BRSMZK4Y,,126.67,https://www.amazon.sg/Desirable-Steamer-12-2-13-2-31-33-5-6-2-12-2/dp/B0BRSMZK4Y/ref=sr_1_107?dib=eyJ2IjoiMSJ9.iMi6qmsCdPeBg0gdDSSSUV0cxK7ZH3Y6Iu_Ij8doSepjInWS_Za0j8Pu_H-5MTZzp0-s7BYOcoEr95yjQUi6tGdVfpdA7lvfh7R-wgHTQQS8OEh4xGPCM9makKJeHtxhCz7Z9iXJ1TKa-ez_0tGA67y3_6bdm70-silOsVG9vWc.FvJF9Atz976MKbFAiAubBpAgaskKmX8T3RfN4IHpjso&dib_tag=se&m=A3UEK3VBJ6ADB7&marketplaceID=A19VAU5U5O7RUS&qid=1776495964&refinements=p_36%3A12500-13000&s=merchant-items&sr=1-107&xpid=t3aYNHeeFsod_#customerReviews,Desirable Steamer for 12.2-13.2 inches (31-33.5 cm) Pot and 6.2-12.2 inches (15-31 cm) Steamer
B0BRSMZK4Y,,,,
B0BJ1CVLNF,,125.0,https://www.amazon.sg/Imabari-Certified-Natural-Oshibori-Absorbent/dp/B0BJ1CVLNF/ref=sr_1_113?dib=eyJ2IjoiMSJ9.tM3O1ac7TMxzhRDm89gOKsvb508js_Ttq8w30Y6sx-6FO7ORQdFV6c6JahlA3NXUjN2QEG0-qezzq5FTVTi5Jg.il-7ubanetHAQSAbSN0-EKgMXwKUD2AQ9Em0tV0p_dw&dib_tag=se&m=A3UEK3VBJ6ADB7&marketplaceID=A19VAU5U5O7RUS&qid=1776495968&refinements=p_36%3A12500-13000&s=merchant-items&sr=1-113&xpid=t3aYNHeeFsod_#customerReviews,"[oruta] Facial Wash Hand Towels, Imabari Certified, Natural Towels, Set of 10, Made in Japan, Oshibori, Face Wipe, Thin, Water Absorbent, Quick Drying, Room Drying, Cotton 100 (Set of 10, Gray)"
B0BJ1CVLNF,,,,
B0BJ1BF5QF,,125.0,https://www.amazon.sg/Imabari-Certified-Natural-Oshibori-Absorbent/dp/B0BJ1BF5QF/ref=sr_1_114?dib=eyJ2IjoiMSJ9.tM3O1ac7TMxzhRDm89gOKsvb508js_Ttq8w30Y6sx-6FO7ORQdFV6c6JahlA3NXUjN2QEG0-qezzq5FTVTi5Jg.il-7ubanetHAQSAbSN0-EKgMXwKUD2AQ9Em0tV0p_dw&dib_tag=se&m=A3UEK3VBJ6ADB7&marketplaceID=A19VAU5U5O7RUS&qid=1776495968&refinements=p_36%3A12500-13000&s=merchant-items&sr=1-114&xpid=t3aYNHeeFsod_#customerReviews,"[oruta] Facial Wash Hand Towel, Imabari Certified, Natural Style, Set of 10, Made in Japan, Oshibori, Face Wipe, Thin, Water Absorbent, Quick Drying, Room Drying, Cotton 100 (Set of 10, Yellow)"
B0BJ1BF5QF,,,,
B0BJ18STCJ,,125.0,https://www.amazon.sg/Imabari-Certified-Natural-Oshibori-Absorbent/dp/B0BJ18STCJ/ref=sr_1_115?dib=eyJ2IjoiMSJ9.tM3O1ac7TMxzhRDm89gOKsvb508js_Ttq8w30Y6sx-6FO7ORQdFV6c6JahlA3NXUjN2QEG0-qezzq5FTVTi5Jg.il-7ubanetHAQSAbSN0-EKgMXwKUD2AQ9Em0tV0p_dw&dib_tag=se&m=A3UEK3VBJ6ADB7&marketplaceID=A19VAU5U5O7RUS&qid=1776495968&refinements=p_36%3A12500-13000&s=merchant-items&sr=1-115&xpid=t3aYNHeeFsod_#customerReviews,"[oruta] Facial Wash Hand Towel, Imabari Certified, Natural Style, Set of 10, Made in Japan, Oshibori, Face Wipe, Thin, Water Absorbent, Quick Drying, Room Drying, Cotton 100 (Set of 10, Beige)"
B0BJ18STCJ,,,,
B0BJ184FWS,,125.0,https://www.amazon.sg/Imabari-Certified-Natural-Oshibori-Absorbent/dp/B0BJ184FWS/ref=sr_1_116?dib=eyJ2IjoiMSJ9.tM3O1ac7TMxzhRDm89gOKsvb508js_Ttq8w30Y6sx-6FO7ORQdFV6c6JahlA3NXUjN2QEG0-qezzq5FTVTi5Jg.il-7ubanetHAQSAbSN0-EKgMXwKUD2AQ9Em0tV0p_dw&dib_tag=se&m=A3UEK3VBJ6ADB7&marketplaceID=A19VAU5U5O7RUS&qid=1776495968&refinements=p_36%3A12500-13000&s=merchant-items&sr=1-116&xpid=t3aYNHeeFsod_#customerReviews,"[oruta] Facial Wash Hand Towels, Imabari Certified, Natural Towels, Set of 10, Made in Japan, Oshibori, Face Wipe, Thin, Water Absorbent, Quick Drying, Room Drying, 100 Cotton (Set of 10, Navy)"
B0BJ184FWS,,,,
B0BH4NJDYB,,128.34,https://www.amazon.sg/AISEN-Gentle-Comfort-Cleaning-inches/dp/B0BH4NJDYB/ref=sr_1_117?dib=eyJ2IjoiMSJ9.tM3O1ac7TMxzhRDm89gOKsvb508js_Ttq8w30Y6sx-6FO7ORQdFV6c6JahlA3NXUjN2QEG0-qezzq5FTVTi5Jg.il-7ubanetHAQSAbSN0-EKgMXwKUD2AQ9Em0tV0p_dw&dib_tag=se&m=A3UEK3VBJ6ADB7&marketplaceID=A19VAU5U5O7RUS&qid=1776495968&refinements=p_36%3A12500-13000&s=merchant-items&sr=1-117&xpid=t3aYNHeeFsod_#customerReviews,"AISEN Gentle Comfort Bath Cleaning Bath Boots, Long, 10.6 inches (27 cm), Blue"
B0BH4NJDYB,,,,
B0B77BRFR7,,129.94,https://www.amazon.sg/Good-Smile-Museum-Annex-Action/dp/B0B77BRFR7/ref=sr_1_113?dib=eyJ2IjoiMSJ9.LNY4RlUIPowPY84_z9EXXqP0WW-rasZc5K9It0PHPfAmuo7s-DQJOYfh6UwZtIMqBGbWXNyG9ZLTj5o7b0nB_uxerkTzsVMC1wHvfGPuIitiqGB3-sESx7TgU9FOdNQkl8PYiL3K3c6rJx8WTuiB2b22nKpK5CFZbywJ-p_zJjE.k2NDA679KnbLS75BVeO466zfB4yDKPz3RhkIv7x4W9w&dib_tag=se&m=A3UEK3VBJ6ADB7&marketplaceID=A19VAU5U5O7RUS&qid=1776495968&refinements=p_36%3A12500-13000&s=merchant-items&sr=1-113&xpid=t3aYNHeeFsod_#customerReviews,Good Smile Table Museum -Annex- Moai Figma Action Figure
B0B6ZWX9T6,,127.68,https://www.amazon.sg/Twozoh-Fiber-Optic-Supports-18Gbps/dp/B0B6ZWX9T6/ref=sr_1_114?dib=eyJ2IjoiMSJ9.LNY4RlUIPowPY84_z9EXXqP0WW-rasZc5K9It0PHPfAmuo7s-DQJOYfh6UwZtIMqBGbWXNyG9ZLTj5o7b0nB_uxerkTzsVMC1wHvfGPuIitiqGB3-sESx7TgU9FOdNQkl8PYiL3K3c6rJx8WTuiB2b22nKpK5CFZbywJ-p_zJjE.k2NDA679KnbLS75BVeO466zfB4yDKPz3RhkIv7x4W9w&dib_tag=se&m=A3UEK3VBJ6ADB7&marketplaceID=A19VAU5U5O7RUS&qid=1776495968&refinements=p_36%3A12500-13000&s=merchant-items&sr=1-114&xpid=t3aYNHeeFsod_#customerReviews,"Twozoh HDMI Fiber Optic Cable 165FT, 4K Fiber HDMI Cord Supports 4K@60Hz/18Gbps"
B0B6ZWX9T6,,,,
B0B6Q82RZH,,139.89,https://www.amazon.sg/Good-Smile-Attack-Titan-Nendoroid/dp/B0B6Q82RZH/ref=sr_1_115?dib=eyJ2IjoiMSJ9.LNY4RlUIPowPY84_z9EXXqP0WW-rasZc5K9It0PHPfAmuo7s-DQJOYfh6UwZtIMqBGbWXNyG9ZLTj5o7b0nB_uxerkTzsVMC1wHvfGPuIitiqGB3-sESx7TgU9FOdNQkl8PYiL3K3c6rJx8WTuiB2b22nKpK5CFZbywJ-p_zJjE.k2NDA679KnbLS75BVeO466zfB4yDKPz3RhkIv7x4W9w&dib_tag=se&m=A3UEK3VBJ6ADB7&marketplaceID=A19VAU5U5O7RUS&qid=1776495968&refinements=p_36%3A12500-13000&s=merchant-items&sr=1-115&xpid=t3aYNHeeFsod_#customerReviews,Good Smile Attack on Titan: Eren Yeager (Final Season Ver.) Nendoroid Action Figure
B0B65FNJJN,,126.65,https://www.amazon.sg/Twozoh-Braided-Balanced-Microphone-Professional/dp/B0B65FNJJN/ref=sr_1_116?dib=eyJ2IjoiMSJ9.LNY4RlUIPowPY84_z9EXXqP0WW-rasZc5K9It0PHPfAmuo7s-DQJOYfh6UwZtIMqBGbWXNyG9ZLTj5o7b0nB_uxerkTzsVMC1wHvfGPuIitiqGB3-sESx7TgU9FOdNQkl8PYiL3K3c6rJx8WTuiB2b22nKpK5CFZbywJ-p_zJjE.k2NDA679KnbLS75BVeO466zfB4yDKPz3RhkIv7x4W9w&dib_tag=se&m=A3UEK3VBJ6ADB7&marketplaceID=A19VAU5U5O7RUS&qid=1776495968&refinements=p_36%3A12500-13000&s=merchant-items&sr=1-116&xpid=t3aYNHeeFsod_#customerReviews,"Twozoh XLR Cables 50FT 2 Pack, Braided Balanced 3Pin XLR Male to Female Audio Microphone Cable (Professional/HiFi)"
B0B65FNJJN,,,,
B0B5TTPLS4,,126.31,https://www.amazon.sg/Nendoroid-Non-scale-Pre-painted-Action-Figure/dp/B0B5TTPLS4/ref=sr_1_117?dib=eyJ2IjoiMSJ9.LNY4RlUIPowPY84_z9EXXqP0WW-rasZc5K9It0PHPfAmuo7s-DQJOYfh6UwZtIMqBGbWXNyG9ZLTj5o7b0nB_uxerkTzsVMC1wHvfGPuIitiqGB3-sESx7TgU9FOdNQkl8PYiL3K3c6rJx8WTuiB2b22nKpK5CFZbywJ-p_zJjE.k2NDA679KnbLS75BVeO466zfB4yDKPz3RhkIv7x4W9w&dib_tag=se&m=A3UEK3VBJ6ADB7&marketplaceID=A19VAU5U5O7RUS&qid=1776495968&refinements=p_36%3A12500-13000&s=merchant-items&sr=1-117&xpid=t3aYNHeeFsod_#customerReviews,"Nendoroid Evil God Drop Kick Evil God Chan, Non-scale, ABS & PVC, Pre-painted Action Figure, Resale"
B0B5T46X6T,,125.7,https://www.amazon.sg/UMIC-Majesta-IH-Frying-11-0-inches/dp/B0B5T46X6T/ref=sr_1_118?dib=eyJ2IjoiMSJ9.LNY4RlUIPowPY84_z9EXXqP0WW-rasZc5K9It0PHPfAmuo7s-DQJOYfh6UwZtIMqBGbWXNyG9ZLTj5o7b0nB_uxerkTzsVMC1wHvfGPuIitiqGB3-sESx7TgU9FOdNQkl8PYiL3K3c6rJx8WTuiB2b22nKpK5CFZbywJ-p_zJjE.k2NDA679KnbLS75BVeO466zfB4yDKPz3RhkIv7x4W9w&dib_tag=se&m=A3UEK3VBJ6ADB7&marketplaceID=A19VAU5U5O7RUS&qid=1776495968&refinements=p_36%3A12500-13000&s=merchant-items&sr=1-118&xpid=t3aYNHeeFsod_#customerReviews,"UMIC Majesta-IH Frying Pan, 11.0 inches (28 cm)"
B0B5T46X6T,,,,
B0B4T2G837,,129.5,https://www.amazon.sg/LACHIEVA-LUX-Premium-Instrument-Fountain/dp/B0B4T2G837/ref=sr_1_119?dib=eyJ2IjoiMSJ9.LNY4RlUIPowPY84_z9EXXqP0WW-rasZc5K9It0PHPfAmuo7s-DQJOYfh6UwZtIMqBGbWXNyG9ZLTj5o7b0nB_uxerkTzsVMC1wHvfGPuIitiqGB3-sESx7TgU9FOdNQkl8PYiL3K3c6rJx8WTuiB2b22nKpK5CFZbywJ-p_zJjE.k2NDA679KnbLS75BVeO466zfB4yDKPz3RhkIv7x4W9w&dib_tag=se&m=A3UEK3VBJ6ADB7&marketplaceID=A19VAU5U5O7RUS&qid=1776495968&refinements=p_36%3A12500-13000&s=merchant-items&sr=1-119&xpid=t3aYNHeeFsod_#customerReviews,"LACHIEVA LUX Premium Writing Instrument Natural Wood Karin, German Nib Fountain Pen Gift Set Gift (Karin)"
B0B4T2G837,,,,
B0B41Y2JYF,,130.0,https://www.amazon.sg/Hinoki-Cutting-Board-Dishwasher-Safe-inches/dp/B0B41Y2JYF/ref=sr_1_120?dib=eyJ2IjoiMSJ9.LNY4RlUIPowPY84_z9EXXqP0WW-rasZc5K9It0PHPfAmuo7s-DQJOYfh6UwZtIMqBGbWXNyG9ZLTj5o7b0nB_uxerkTzsVMC1wHvfGPuIitiqGB3-sESx7TgU9FOdNQkl8PYiL3K3c6rJx8WTuiB2b22nKpK5CFZbywJ-p_zJjE.k2NDA679KnbLS75BVeO466zfB4yDKPz3RhkIv7x4W9w&dib_tag=se&m=A3UEK3VBJ6ADB7&marketplaceID=A19VAU5U5O7RUS&qid=1776495968&refinements=p_36%3A12500-13000&s=merchant-items&sr=1-120&xpid=t3aYNHeeFsod_#customerReviews,"Hinoki Cutting Board, Dishwasher-Safe, Made in Japan, 14.2 x 7.9 x 0.5 inches (36 x 20 x 1.3 cm)"
B0B41Y2JYF,,,,
B09ZY75K6Z,,129.87,https://www.amazon.sg/MODEROID-Combat-Zabungle-Assembly-Plastic/dp/B09ZY75K6Z/ref=sr_1_121?dib=eyJ2IjoiMSJ9.LNY4RlUIPowPY84_z9EXXqP0WW-rasZc5K9It0PHPfAmuo7s-DQJOYfh6UwZtIMqBGbWXNyG9ZLTj5o7b0nB_uxerkTzsVMC1wHvfGPuIitiqGB3-sESx7TgU9FOdNQkl8PYiL3K3c6rJx8WTuiB2b22nKpK5CFZbywJ-p_zJjE.k2NDA679KnbLS75BVeO466zfB4yDKPz3RhkIv7x4W9w&dib_tag=se&m=A3UEK3VBJ6ADB7&marketplaceID=A19VAU5U5O7RUS&qid=1776495968&refinements=p_36%3A12500-13000&s=merchant-items&sr=1-121&xpid=t3aYNHeeFsod_#customerReviews,MODEROID Combat Mecha Zabungle Zabungle 1/100 Scale Assembly Plastic Model
B09ZV1D6DS,,126.98,https://www.amazon.sg/MODEROID-Getter-Non-scale-Assembly-Plastic/dp/B09ZV1D6DS/ref=sr_1_122?dib=eyJ2IjoiMSJ9.LNY4RlUIPowPY84_z9EXXqP0WW-rasZc5K9It0PHPfAmuo7s-DQJOYfh6UwZtIMqBGbWXNyG9ZLTj5o7b0nB_uxerkTzsVMC1wHvfGPuIitiqGB3-sESx7TgU9FOdNQkl8PYiL3K3c6rJx8WTuiB2b22nKpK5CFZbywJ-p_zJjE.k2NDA679KnbLS75BVeO466zfB4yDKPz3RhkIv7x4W9w&dib_tag=se&m=A3UEK3VBJ6ADB7&marketplaceID=A19VAU5U5O7RUS&qid=1776495968&refinements=p_36%3A12500-13000&s=merchant-items&sr=1-122&xpid=t3aYNHeeFsod_#customerReviews,"MODEROID Shin Getter Robot, World's Last Day, Shin Getter 1, Non-scale, Assembly Type Plastic Model"
B09YRGHZ4V,,126.06,https://www.amazon.sg/Nendoroid-Pendragon-Non-scale-Plastic-Pre-painted/dp/B09YRGHZ4V/ref=sr_1_123?dib=eyJ2IjoiMSJ9.LNY4RlUIPowPY84_z9EXXqP0WW-rasZc5K9It0PHPfAmuo7s-DQJOYfh6UwZtIMqBGbWXNyG9ZLTj5o7b0nB_uxerkTzsVMC1wHvfGPuIitiqGB3-sESx7TgU9FOdNQkl8PYiL3K3c6rJx8WTuiB2b22nKpK5CFZbywJ-p_zJjE.k2NDA679KnbLS75BVeO466zfB4yDKPz3RhkIv7x4W9w&dib_tag=se&m=A3UEK3VBJ6ADB7&marketplaceID=A19VAU5U5O7RUS&qid=1776495968&refinements=p_36%3A12500-13000&s=merchant-items&sr=1-123&xpid=t3aYNHeeFsod_#customerReviews,"Nendoroid Fate/Grand Order Lancer/Altria Pendragon (Alter), Non-scale, Plastic, Pre-painted Action Figure"
B09XTD61VJ,,129.72,https://www.amazon.sg/Painted-Finished-Product-Delivery-SL41628/dp/B09XTD61VJ/ref=sr_1_129?dib=eyJ2IjoiMSJ9.FPjHjHzpAK-fROlzJu0UTNWqQ7QlGVfuZjT49ZAb9QdhSaI2hxy0aJJzMqaocsZCS72IU2Qd8X2S2EMjKnIABA.MQGVMesNowOG82049onMEu_WyAaDxnNWgUxnBYGp52s&dib_tag=se&m=A3UEK3VBJ6ADB7&marketplaceID=A19VAU5U5O7RUS&qid=1776495973&refinements=p_36%3A12500-13000&s=merchant-items&sr=1-129&xpid=t3aYNHeeFsod_#customerReviews,"1/6 Scale Painted Finished Product ""Is Your Order a Rabbit?"" Bloom Cocoa Flower Delivery Ver. Approx. 9.8 inches (25 cm) (1/6 Scale) SL41628"
B09X75B3XL,,133.68,https://www.amazon.sg/Honma-HONMA-Balls-Monster-Yellow/dp/B09X75B3XL/ref=sr_1_130?dib=eyJ2IjoiMSJ9.FPjHjHzpAK-fROlzJu0UTNWqQ7QlGVfuZjT49ZAb9QdhSaI2hxy0aJJzMqaocsZCS72IU2Qd8X2S2EMjKnIABA.MQGVMesNowOG82049onMEu_WyAaDxnNWgUxnBYGp52s&dib_tag=se&m=A3UEK3VBJ6ADB7&marketplaceID=A19VAU5U5O7RUS&qid=1776495973&refinements=p_36%3A12500-13000&s=merchant-items&sr=1-130&xpid=t3aYNHeeFsod_#customerReviews,Honma Golf HONMA Balls D1 Speed Monster Balls 3 Dozen Set (36 Pack) Yellow
B09X75B3XL,,,,
B09STDQBGB,,128.41,https://www.amazon.sg/LOGOS-81670823-Loopad-Multi-Cool-Bag/dp/B09STDQBGB/ref=sr_1_131?dib=eyJ2IjoiMSJ9.FPjHjHzpAK-fROlzJu0UTNWqQ7QlGVfuZjT49ZAb9QdhSaI2hxy0aJJzMqaocsZCS72IU2Qd8X2S2EMjKnIABA.MQGVMesNowOG82049onMEu_WyAaDxnNWgUxnBYGp52s&dib_tag=se&m=A3UEK3VBJ6ADB7&marketplaceID=A19VAU5U5O7RUS&qid=1776495973&refinements=p_36%3A12500-13000&s=merchant-items&sr=1-131&xpid=t3aYNHeeFsod_#customerReviews,"LOGOS 81670823 Loopad Multi-Cool Bag, XL"
B09STDQBGB,,,,
B09SP2T1G5,,132.94,https://www.amazon.sg/Green-Life-CBD-450TN-Bottom-Stove/dp/B09SP2T1G5/ref=sr_1_132?dib=eyJ2IjoiMSJ9.FPjHjHzpAK-fROlzJu0UTNWqQ7QlGVfuZjT49ZAb9QdhSaI2hxy0aJJzMqaocsZCS72IU2Qd8X2S2EMjKnIABA.MQGVMesNowOG82049onMEu_WyAaDxnNWgUxnBYGp52s&dib_tag=se&m=A3UEK3VBJ6ADB7&marketplaceID=A19VAU5U5O7RUS&qid=1776495973&refinements=p_36%3A12500-13000&s=merchant-items&sr=1-132&xpid=t3aYNHeeFsod_,"Green Life CBD-450TN Bottom BBQ Stove, Main Unit (W x D x H): Approx. 21.3 x 13.2 x 18.5 inches (54 x 33.5 x 47 cm)"
B09SP2T1G5,,,,
B09SP2FW5M,,136.92,https://www.amazon.sg/Green-Life-CBD-650TN-Bottom-Stove/dp/B09SP2FW5M/ref=sr_1_133?dib=eyJ2IjoiMSJ9.FPjHjHzpAK-fROlzJu0UTNWqQ7QlGVfuZjT49ZAb9QdhSaI2hxy0aJJzMqaocsZCS72IU2Qd8X2S2EMjKnIABA.MQGVMesNowOG82049onMEu_WyAaDxnNWgUxnBYGp52s&dib_tag=se&m=A3UEK3VBJ6ADB7&marketplaceID=A19VAU5U5O7RUS&qid=1776495973&refinements=p_36%3A12500-13000&s=merchant-items&sr=1-133&xpid=t3aYNHeeFsod_,"Green Life CBD-650TN Bottom BBQ Stove, Main Unit (W x D x H): Approx. 30.1 x 17.3 x 26.0 inches (78.8 x 43.9 x 66.2 cm)"
B09SP2FW5M,,,,
B09R9D43TL,,129.71,https://www.amazon.sg/Shimano-22-Sahara-Fishing-Shipped/dp/B09R9D43TL/ref=sr_1_129?dib=eyJ2IjoiMSJ9.AVfcs14ZtZgxK9JqNwhGFNBEHq_qFMfgzLeneNqpY7JgEGQWrDKqvd2O9AQr7gm7Aaa_8f-sbuIO3KYsdjLTF_DcL9lO8fbNbrhdv4uW39ud5Vv6mMV-g9oSkw8tPYjTCD8DyrBWqnGoYiRFVgHoHUJhzg9VuHz8fYyYScO04ag.mPmib40xD3rHMaHeAVGoYOQEpD_OYhdUPE5TtthvtL0&dib_tag=se&m=A3UEK3VBJ6ADB7&marketplaceID=A19VAU5U5O7RUS&qid=1776495973&refinements=p_36%3A12500-13000&s=merchant-items&sr=1-129&xpid=t3aYNHeeFsod_#customerReviews,Shimano 22 Sahara Fishing Reel Shipped from Japan 2022 Model
B09PYTMGHF,,128.84,https://www.amazon.sg/SCARLET-Kasane-Randall-Painted-Complete/dp/B09PYTMGHF/ref=sr_1_130?dib=eyJ2IjoiMSJ9.AVfcs14ZtZgxK9JqNwhGFNBEHq_qFMfgzLeneNqpY7JgEGQWrDKqvd2O9AQr7gm7Aaa_8f-sbuIO3KYsdjLTF_DcL9lO8fbNbrhdv4uW39ud5Vv6mMV-g9oSkw8tPYjTCD8DyrBWqnGoYiRFVgHoHUJhzg9VuHz8fYyYScO04ag.mPmib40xD3rHMaHeAVGoYOQEpD_OYhdUPE5TtthvtL0&dib_tag=se&m=A3UEK3VBJ6ADB7&marketplaceID=A19VAU5U5O7RUS&qid=1776495973&refinements=p_36%3A12500-13000&s=merchant-items&sr=1-130&xpid=t3aYNHeeFsod_#customerReviews,ARTFX J SCARLET NEXUS Kasane Randall 1/8 Scale PVC Painted Complete Figure
B09PR2T4LT,,141.48,https://www.amazon.sg/SEAT-COVER-SMOKE-COBALT-Covers/dp/B09PR2T4LT/ref=sr_1_131?dib=eyJ2IjoiMSJ9.AVfcs14ZtZgxK9JqNwhGFNBEHq_qFMfgzLeneNqpY7JgEGQWrDKqvd2O9AQr7gm7Aaa_8f-sbuIO3KYsdjLTF_DcL9lO8fbNbrhdv4uW39ud5Vv6mMV-g9oSkw8tPYjTCD8DyrBWqnGoYiRFVgHoHUJhzg9VuHz8fYyYScO04ag.mPmib40xD3rHMaHeAVGoYOQEpD_OYhdUPE5TtthvtL0&dib_tag=se&m=A3UEK3VBJ6ADB7&marketplaceID=A19VAU5U5O7RUS&qid=1776495973&refinements=p_36%3A12500-13000&s=merchant-items&sr=1-131&xpid=t3aYNHeeFsod_,TLS HUG CAR SEAT COVER SMOKE/COBALT | Hug Car Seat Covers
B09PR2T4LT,,,,
B09MK36W7Z,,128.54,https://www.amazon.sg/BANPRESTO-Maximatic-Trafalgar-law-Trafalgar-Figure/dp/B09MK36W7Z/ref=sr_1_132?dib=eyJ2IjoiMSJ9.AVfcs14ZtZgxK9JqNwhGFNBEHq_qFMfgzLeneNqpY7JgEGQWrDKqvd2O9AQr7gm7Aaa_8f-sbuIO3KYsdjLTF_DcL9lO8fbNbrhdv4uW39ud5Vv6mMV-g9oSkw8tPYjTCD8DyrBWqnGoYiRFVgHoHUJhzg9VuHz8fYyYScO04ag.mPmib40xD3rHMaHeAVGoYOQEpD_OYhdUPE5TtthvtL0&dib_tag=se&m=A3UEK3VBJ6ADB7&marketplaceID=A19VAU5U5O7RUS&qid=1776495973&refinements=p_36%3A12500-13000&s=merchant-items&sr=1-132&xpid=t3aYNHeeFsod_#customerReviews,BANPRESTO One Piece Maximatic The Trafalgar.law I Trafalgar Low PVC Figure 18cm
B09K7F7BZR,,128.12,https://www.amazon.sg/Illustrated-Non-Scale-Painted-Complete-Figure/dp/B09K7F7BZR/ref=sr_1_133?dib=eyJ2IjoiMSJ9.AVfcs14ZtZgxK9JqNwhGFNBEHq_qFMfgzLeneNqpY7JgEGQWrDKqvd2O9AQr7gm7Aaa_8f-sbuIO3KYsdjLTF_DcL9lO8fbNbrhdv4uW39ud5Vv6mMV-g9oSkw8tPYjTCD8DyrBWqnGoYiRFVgHoHUJhzg9VuHz8fYyYScO04ag.mPmib40xD3rHMaHeAVGoYOQEpD_OYhdUPE5TtthvtL0&dib_tag=se&m=A3UEK3VBJ6ADB7&marketplaceID=A19VAU5U5O7RUS&qid=1776495973&refinements=p_36%3A12500-13000&s=merchant-items&sr=1-133&xpid=t3aYNHeeFsod_#customerReviews,"Bae.C Illustrated ""Lirin"" Non-Scale PVC & ABS Painted Complete Figure"
B09F39Z82F,,131.01,https://www.amazon.sg/Figuarts-Ultraman-Approx-inches-Painted/dp/B09F39Z82F/ref=sr_1_134?dib=eyJ2IjoiMSJ9.AVfcs14ZtZgxK9JqNwhGFNBEHq_qFMfgzLeneNqpY7JgEGQWrDKqvd2O9AQr7gm7Aaa_8f-sbuIO3KYsdjLTF_DcL9lO8fbNbrhdv4uW39ud5Vv6mMV-g9oSkw8tPYjTCD8DyrBWqnGoYiRFVgHoHUJhzg9VuHz8fYyYScO04ag.mPmib40xD3rHMaHeAVGoYOQEpD_OYhdUPE5TtthvtL0&dib_tag=se&m=A3UEK3VBJ6ADB7&marketplaceID=A19VAU5U5O7RUS&qid=1776495973&refinements=p_36%3A12500-13000&s=merchant-items&sr=1-134&xpid=t3aYNHeeFsod_#customerReviews,"S.H. Figuarts Ultraman Gorza, Approx. 6.1 inches (155 mm), PVC & ABS, Painted Action Figure"
B09CYNDR9B,,125.74,https://www.amazon.sg/Yany-Ligature-Tightening-Saxophone-Niko-chan/dp/B09CYNDR9B/ref=sr_1_135?dib=eyJ2IjoiMSJ9.AVfcs14ZtZgxK9JqNwhGFNBEHq_qFMfgzLeneNqpY7JgEGQWrDKqvd2O9AQr7gm7Aaa_8f-sbuIO3KYsdjLTF_DcL9lO8fbNbrhdv4uW39ud5Vv6mMV-g9oSkw8tPYjTCD8DyrBWqnGoYiRFVgHoHUJhzg9VuHz8fYyYScO04ag.mPmib40xD3rHMaHeAVGoYOQEpD_OYhdUPE5TtthvtL0&dib_tag=se&m=A3UEK3VBJ6ADB7&marketplaceID=A19VAU5U5O7RUS&qid=1776495973&refinements=p_36%3A12500-13000&s=merchant-items&sr=1-135&xpid=t3aYNHeeFsod_,"Yany Ligature Ebonite Ligature (Reverse Tightening/One Screw) for Tenor Saxophone, Gold Plated Finish, Yani Niko-chan"
B09CYNDR9B,,,,
B09CYN4F7M,,127.95,https://www.amazon.sg/Yany-Ligature-Tightening-Saxophone-Niko-chan/dp/B09CYN4F7M/ref=sr_1_136?dib=eyJ2IjoiMSJ9.AVfcs14ZtZgxK9JqNwhGFNBEHq_qFMfgzLeneNqpY7JgEGQWrDKqvd2O9AQr7gm7Aaa_8f-sbuIO3KYsdjLTF_DcL9lO8fbNbrhdv4uW39ud5Vv6mMV-g9oSkw8tPYjTCD8DyrBWqnGoYiRFVgHoHUJhzg9VuHz8fYyYScO04ag.mPmib40xD3rHMaHeAVGoYOQEpD_OYhdUPE5TtthvtL0&dib_tag=se&m=A3UEK3VBJ6ADB7&marketplaceID=A19VAU5U5O7RUS&qid=1776495973&refinements=p_36%3A12500-13000&s=merchant-items&sr=1-136&xpid=t3aYNHeeFsod_,"Yany Ligature Ebonite Ligature (Reverse Tightening/One Screw) for Alto Saxophone, Gold Plated Finish, Yani Niko-chan"
B09CYN4F7M,,,,
B09CKHG42J,,128.68,https://www.amazon.sg/Online-Alicization-Underworld-Version-HS19423/dp/B09CKHG42J/ref=sr_1_137?dib=eyJ2IjoiMSJ9.AVfcs14ZtZgxK9JqNwhGFNBEHq_qFMfgzLeneNqpY7JgEGQWrDKqvd2O9AQr7gm7Aaa_8f-sbuIO3KYsdjLTF_DcL9lO8fbNbrhdv4uW39ud5Vv6mMV-g9oSkw8tPYjTCD8DyrBWqnGoYiRFVgHoHUJhzg9VuHz8fYyYScO04ag.mPmib40xD3rHMaHeAVGoYOQEpD_OYhdUPE5TtthvtL0&dib_tag=se&m=A3UEK3VBJ6ADB7&marketplaceID=A19VAU5U5O7RUS&qid=1776495973&refinements=p_36%3A12500-13000&s=merchant-items&sr=1-137&xpid=t3aYNHeeFsod_#customerReviews,Sword Art Online Alicization War of Underworld 1/7 Asuna Yuki Dress Shirt Version HS19423
B09BQLW6X5,,188.68,https://www.amazon.sg/Hathaway-Andalsia-Approx-Pre-painted-Complete/dp/B09BQLW6X5/ref=sr_1_138?dib=eyJ2IjoiMSJ9.AVfcs14ZtZgxK9JqNwhGFNBEHq_qFMfgzLeneNqpY7JgEGQWrDKqvd2O9AQr7gm7Aaa_8f-sbuIO3KYsdjLTF_DcL9lO8fbNbrhdv4uW39ud5Vv6mMV-g9oSkw8tPYjTCD8DyrBWqnGoYiRFVgHoHUJhzg9VuHz8fYyYScO04ag.mPmib40xD3rHMaHeAVGoYOQEpD_OYhdUPE5TtthvtL0&dib_tag=se&m=A3UEK3VBJ6ADB7&marketplaceID=A19VAU5U5O7RUS&qid=1776495973&refinements=p_36%3A12500-13000&s=merchant-items&sr=1-138&xpid=t3aYNHeeFsod_#customerReviews,"GGG Mobile Suit Gundam Hathaway of Flash Gigi Andalsia Approx. 8.3 inches (210 mm), PVC Pre-painted Complete Figure"
B096HC5LV8,,126.67,https://www.amazon.sg/Bestco-ND-2357-Glass-Pitcher-White/dp/B096HC5LV8/ref=sr_1_139?dib=eyJ2IjoiMSJ9.AVfcs14ZtZgxK9JqNwhGFNBEHq_qFMfgzLeneNqpY7JgEGQWrDKqvd2O9AQr7gm7Aaa_8f-sbuIO3KYsdjLTF_DcL9lO8fbNbrhdv4uW39ud5Vv6mMV-g9oSkw8tPYjTCD8DyrBWqnGoYiRFVgHoHUJhzg9VuHz8fYyYScO04ag.mPmib40xD3rHMaHeAVGoYOQEpD_OYhdUPE5TtthvtL0&dib_tag=se&m=A3UEK3VBJ6ADB7&marketplaceID=A19VAU5U5O7RUS&qid=1776495973&refinements=p_36%3A12500-13000&s=merchant-items&sr=1-139&xpid=t3aYNHeeFsod_#customerReviews,"Bestco ND-2357 Glass Pitcher, 0.5 gal (1.7 L), White"
B096HC5LV8,,,,
B09BQLW6X5,,188.68,https://www.amazon.sg/Hathaway-Andalsia-Approx-Pre-painted-Complete/dp/B09BQLW6X5/ref=sr_1_145?dib=eyJ2IjoiMSJ9.mAyoGdUR6_TUfstJu8HLZzKcYm7ZaK_iE0ojEHnp9aiAMIogQ5C90cHiQLhYH6YK7IxLIMfXtw1wjZk60V8CPQ.W7qDgeFBV9J46aHOQnIrGBO02ZBt9QkHbWM5ipJOjuU&dib_tag=se&m=A3UEK3VBJ6ADB7&marketplaceID=A19VAU5U5O7RUS&qid=1776495978&refinements=p_36%3A12500-13000&s=merchant-items&sr=1-145&xpid=t3aYNHeeFsod_#customerReviews,"GGG Mobile Suit Gundam Hathaway of Flash Gigi Andalsia Approx. 8.3 inches (210 mm), PVC Pre-painted Complete Figure"
B096HC5LV8,,126.67,https://www.amazon.sg/Bestco-ND-2357-Glass-Pitcher-White/dp/B096HC5LV8/ref=sr_1_146?dib=eyJ2IjoiMSJ9.mAyoGdUR6_TUfstJu8HLZzKcYm7ZaK_iE0ojEHnp9aiAMIogQ5C90cHiQLhYH6YK7IxLIMfXtw1wjZk60V8CPQ.W7qDgeFBV9J46aHOQnIrGBO02ZBt9QkHbWM5ipJOjuU&dib_tag=se&m=A3UEK3VBJ6ADB7&marketplaceID=A19VAU5U5O7RUS&qid=1776495978&refinements=p_36%3A12500-13000&s=merchant-items&sr=1-146&xpid=t3aYNHeeFsod_#customerReviews,"Bestco ND-2357 Glass Pitcher, 0.5 gal (1.7 L), White"
B096HC5LV8,,,,
B08PZ1JQQJ,,126.0,https://www.amazon.sg/Good-Smile-Fate-Grand-Order/dp/B08PZ1JQQJ/ref=sr_1_147?dib=eyJ2IjoiMSJ9.mAyoGdUR6_TUfstJu8HLZzKcYm7ZaK_iE0ojEHnp9aiAMIogQ5C90cHiQLhYH6YK7IxLIMfXtw1wjZk60V8CPQ.W7qDgeFBV9J46aHOQnIrGBO02ZBt9QkHbWM5ipJOjuU&dib_tag=se&m=A3UEK3VBJ6ADB7&marketplaceID=A19VAU5U5O7RUS&qid=1776495978&refinements=p_36%3A12500-13000&s=merchant-items&sr=1-147&xpid=t3aYNHeeFsod_#customerReviews,Good Smile Fate/Grand Order: Lancer/Altria Pendragon & Dun Stallion Deluxe Nendoroid Action Figure
B08LYXBS8R,,128.32,https://www.amazon.sg/KCNC-Stainless-Skewer-Silver-KQR-04-RD-S/dp/B08LYXBS8R/ref=sr_1_148?dib=eyJ2IjoiMSJ9.mAyoGdUR6_TUfstJu8HLZzKcYm7ZaK_iE0ojEHnp9aiAMIogQ5C90cHiQLhYH6YK7IxLIMfXtw1wjZk60V8CPQ.W7qDgeFBV9J46aHOQnIrGBO02ZBt9QkHbWM5ipJOjuU&dib_tag=se&m=A3UEK3VBJ6ADB7&marketplaceID=A19VAU5U5O7RUS&qid=1776495978&refinements=p_36%3A12500-13000&s=merchant-items&sr=1-148&xpid=t3aYNHeeFsod_,"KCNC Z6 KQR Road Stainless Axle Hub Skewer, Silver, KQR-04-RD-S, SK2149"
B08LYXBS8R,,,,
B08HN7SYT3,,128.32,https://www.amazon.sg/KCNC-Stainless-Skewer-KQR-04-RD-BL-SK2113/dp/B08HN7SYT3/ref=sr_1_149?dib=eyJ2IjoiMSJ9.mAyoGdUR6_TUfstJu8HLZzKcYm7ZaK_iE0ojEHnp9aiAMIogQ5C90cHiQLhYH6YK7IxLIMfXtw1wjZk60V8CPQ.W7qDgeFBV9J46aHOQnIrGBO02ZBt9QkHbWM5ipJOjuU&dib_tag=se&m=A3UEK3VBJ6ADB7&marketplaceID=A19VAU5U5O7RUS&qid=1776495978&refinements=p_36%3A12500-13000&s=merchant-items&sr=1-149&xpid=t3aYNHeeFsod_#customerReviews,"KCNC Z6 KQR Road Stainless Axle Hub Skewer, Blue, KQR-04-RD-BL, SK2113"
B08HN7SYT3,,,,
B08G8KQDLW,,126.42,https://www.amazon.sg/IM-6W3236ISL-12K-Socket-Double-36mm-Angle/dp/B08G8KQDLW/ref=sr_1_145?dib=eyJ2IjoiMSJ9.mx6UcZHmZok1tpU6N4AGMFLSLFwiLQEEnGZo2PpPCAqBbz63ANCCROeqRh0uq2Y7wju9aDqtLuGZRyv_DBY7QgQb1hNbHd_GycBmpD3hTLbbpqRdd_docrKzGbsGBhfnqUGRU6U6LhtuqnzlyZkM_uK5_jZEzPq5DKK4jky-L-8.n13lybg-nvaAdnvy2OJpnWf0kzYaBPrtoaB6Dp0_GTk&dib_tag=se&m=A3UEK3VBJ6ADB7&marketplaceID=A19VAU5U5O7RUS&qid=1776495978&refinements=p_36%3A12500-13000&s=merchant-items&sr=1-145&xpid=t3aYNHeeFsod_,IM-6W3236ISL-12K QC Socket Double 32/36mm 12 Angle
B08G8KQDLW,,,,
B08FD4QYMS,,126.67,https://www.amazon.sg/Imabari-Certified-Absorbent-Specifications-Assorted/dp/B08FD4QYMS/ref=sr_1_146?dib=eyJ2IjoiMSJ9.mx6UcZHmZok1tpU6N4AGMFLSLFwiLQEEnGZo2PpPCAqBbz63ANCCROeqRh0uq2Y7wju9aDqtLuGZRyv_DBY7QgQb1hNbHd_GycBmpD3hTLbbpqRdd_docrKzGbsGBhfnqUGRU6U6LhtuqnzlyZkM_uK5_jZEzPq5DKK4jky-L-8.n13lybg-nvaAdnvy2OJpnWf0kzYaBPrtoaB6Dp0_GTk&dib_tag=se&m=A3UEK3VBJ6ADB7&marketplaceID=A19VAU5U5O7RUS&qid=1776495978&refinements=p_36%3A12500-13000&s=merchant-items&sr=1-146&xpid=t3aYNHeeFsod_#customerReviews,"Bloom Imabari Towel, Certified FUu Face Towel, Set of 3, Soft, Fluffy, Thick, Water Absorbent, Hotel Specifications, Made in Japan, 100% Cotton, Assorted (Warm)"
B08FD4QYMS,,,,
B08FD3G1VY,,126.67,https://www.amazon.sg/Imabari-Certified-Fluffy-Absorbent-Specifications/dp/B08FD3G1VY/ref=sr_1_147?dib=eyJ2IjoiMSJ9.mx6UcZHmZok1tpU6N4AGMFLSLFwiLQEEnGZo2PpPCAqBbz63ANCCROeqRh0uq2Y7wju9aDqtLuGZRyv_DBY7QgQb1hNbHd_GycBmpD3hTLbbpqRdd_docrKzGbsGBhfnqUGRU6U6LhtuqnzlyZkM_uK5_jZEzPq5DKK4jky-L-8.n13lybg-nvaAdnvy2OJpnWf0kzYaBPrtoaB6Dp0_GTk&dib_tag=se&m=A3UEK3VBJ6ADB7&marketplaceID=A19VAU5U5O7RUS&qid=1776495978&refinements=p_36%3A12500-13000&s=merchant-items&sr=1-147&xpid=t3aYNHeeFsod_#customerReviews,"Bloom Imabari Towel, Certified FUu Face Towel, Set of 3, Soft, Fluffy, Thick, Water Absorbent, Hotel Specifications, Made in Japan, 100% Cotton (Green)"
B08FD3G1VY,,,,
B08FD2VGLZ,,126.67,https://www.amazon.sg/Nahr-Fuu-%E9%9D%A2-3-100/dp/B08FD2VGLZ/ref=sr_1_148?dib=eyJ2IjoiMSJ9.mx6UcZHmZok1tpU6N4AGMFLSLFwiLQEEnGZo2PpPCAqBbz63ANCCROeqRh0uq2Y7wju9aDqtLuGZRyv_DBY7QgQb1hNbHd_GycBmpD3hTLbbpqRdd_docrKzGbsGBhfnqUGRU6U6LhtuqnzlyZkM_uK5_jZEzPq5DKK4jky-L-8.n13lybg-nvaAdnvy2OJpnWf0kzYaBPrtoaB6Dp0_GTk&dib_tag=se&m=A3UEK3VBJ6ADB7&marketplaceID=A19VAU5U5O7RUS&qid=1776495978&refinements=p_36%3A12500-13000&s=merchant-items&sr=1-148&xpid=t3aYNHeeFsod_#customerReviews,/ / Nahr-----Fuu 面 3 - - - 3- - 100% - 100% (色)
B08FD2VGLZ,,,,
B08F18T3F6,,306.67,https://www.amazon.sg/Daiwa-Spinning-Tsukiyobijin-2000S-Model/dp/B08F18T3F6/ref=sr_1_149?dib=eyJ2IjoiMSJ9.mx6UcZHmZok1tpU6N4AGMFLSLFwiLQEEnGZo2PpPCAqBbz63ANCCROeqRh0uq2Y7wju9aDqtLuGZRyv_DBY7QgQb1hNbHd_GycBmpD3hTLbbpqRdd_docrKzGbsGBhfnqUGRU6U6LhtuqnzlyZkM_uK5_jZEzPq5DKK4jky-L-8.n13lybg-nvaAdnvy2OJpnWf0kzYaBPrtoaB6Dp0_GTk&dib_tag=se&m=A3UEK3VBJ6ADB7&marketplaceID=A19VAU5U5O7RUS&qid=1776495978&refinements=p_36%3A12500-13000&s=merchant-items&sr=1-149&xpid=t3aYNHeeFsod_#customerReviews,"Daiwa Spinning Reel, 20 Tsukiyobijin X LT (2020 Model)"
B08F18T3F6,,,,
B08C5QSB7G,,125.0,https://www.amazon.sg/Belfind-SR-3MP-Painted-Complete-BF082/dp/B08C5QSB7G/ref=sr_1_150?dib=eyJ2IjoiMSJ9.mx6UcZHmZok1tpU6N4AGMFLSLFwiLQEEnGZo2PpPCAqBbz63ANCCROeqRh0uq2Y7wju9aDqtLuGZRyv_DBY7QgQb1hNbHd_GycBmpD3hTLbbpqRdd_docrKzGbsGBhfnqUGRU6U6LhtuqnzlyZkM_uK5_jZEzPq5DKK4jky-L-8.n13lybg-nvaAdnvy2OJpnWf0kzYaBPrtoaB6Dp0_GTk&dib_tag=se&m=A3UEK3VBJ6ADB7&marketplaceID=A19VAU5U5O7RUS&qid=1776495978&refinements=p_36%3A12500-13000&s=merchant-items&sr=1-150&xpid=t3aYNHeeFsod_#customerReviews,Belfind Dolls Front Line SR-3MP 1/8 Scale PVC Painted Complete Figure BF082
B08B5Y3Z2L,,133.68,https://www.amazon.sg/f-64-Camera-Shoulder-VF64SHS-GR-Gray/dp/B08B5Y3Z2L/ref=sr_1_151?dib=eyJ2IjoiMSJ9.mx6UcZHmZok1tpU6N4AGMFLSLFwiLQEEnGZo2PpPCAqBbz63ANCCROeqRh0uq2Y7wju9aDqtLuGZRyv_DBY7QgQb1hNbHd_GycBmpD3hTLbbpqRdd_docrKzGbsGBhfnqUGRU6U6LhtuqnzlyZkM_uK5_jZEzPq5DKK4jky-L-8.n13lybg-nvaAdnvy2OJpnWf0kzYaBPrtoaB6Dp0_GTk&dib_tag=se&m=A3UEK3VBJ6ADB7&marketplaceID=A19VAU5U5O7RUS&qid=1776495978&refinements=p_36%3A12500-13000&s=merchant-items&sr=1-151&xpid=t3aYNHeeFsod_#customerReviews,F.64 SHOULDER CAMERA
B08B5Y3Z2L,,,,
B089JLTHD1,,125.28,https://www.amazon.sg/Marukyu-Power-Baccan-Semi-Hard-36TRVI/dp/B089JLTHD1/ref=sr_1_152?dib=eyJ2IjoiMSJ9.mx6UcZHmZok1tpU6N4AGMFLSLFwiLQEEnGZo2PpPCAqBbz63ANCCROeqRh0uq2Y7wju9aDqtLuGZRyv_DBY7QgQb1hNbHd_GycBmpD3hTLbbpqRdd_docrKzGbsGBhfnqUGRU6U6LhtuqnzlyZkM_uK5_jZEzPq5DKK4jky-L-8.n13lybg-nvaAdnvy2OJpnWf0kzYaBPrtoaB6Dp0_GTk&dib_tag=se&m=A3UEK3VBJ6ADB7&marketplaceID=A19VAU5U5O7RUS&qid=1776495978&refinements=p_36%3A12500-13000&s=merchant-items&sr=1-152&xpid=t3aYNHeeFsod_,Marukyu Power Baccan Semi-Hard 36TRVI White
B089JLTHD1,,,,
B086WTYF5K,,128.34,https://www.amazon.sg/Titan-HL-ZB-EXZERO-Single-Lanyard/dp/B086WTYF5K/ref=sr_1_153?dib=eyJ2IjoiMSJ9.mx6UcZHmZok1tpU6N4AGMFLSLFwiLQEEnGZo2PpPCAqBbz63ANCCROeqRh0uq2Y7wju9aDqtLuGZRyv_DBY7QgQb1hNbHd_GycBmpD3hTLbbpqRdd_docrKzGbsGBhfnqUGRU6U6LhtuqnzlyZkM_uK5_jZEzPq5DKK4jky-L-8.n13lybg-nvaAdnvy2OJpnWf0kzYaBPrtoaB6Dp0_GTk&dib_tag=se&m=A3UEK3VBJ6ADB7&marketplaceID=A19VAU5U5O7RUS&qid=1776495978&refinements=p_36%3A12500-13000&s=merchant-items&sr=1-153&xpid=t3aYNHeeFsod_#customerReviews,"Titan HL-ZB EXZERO Single Lanyard, Black, One Size"
B086WTYF5K,,,,
B083ZV29QR,,128.39,https://www.amazon.sg/SHIMANO-GENPU-XT-150-Right/dp/B083ZV29QR/ref=sr_1_154?dib=eyJ2IjoiMSJ9.mx6UcZHmZok1tpU6N4AGMFLSLFwiLQEEnGZo2PpPCAqBbz63ANCCROeqRh0uq2Y7wju9aDqtLuGZRyv_DBY7QgQb1hNbHd_GycBmpD3hTLbbpqRdd_docrKzGbsGBhfnqUGRU6U6LhtuqnzlyZkM_uK5_jZEzPq5DKK4jky-L-8.n13lybg-nvaAdnvy2OJpnWf0kzYaBPrtoaB6Dp0_GTk&dib_tag=se&m=A3UEK3VBJ6ADB7&marketplaceID=A19VAU5U5O7RUS&qid=1776495978&refinements=p_36%3A12500-13000&s=merchant-items&sr=1-154&xpid=t3aYNHeeFsod_#customerReviews,SHIMANO GENPU XT 150 Right
B083ZV29QR,,,,
B082SXQHW5,,131.86,https://www.amazon.sg/Noga-Japan-BGF02-Plunger-inches/dp/B082SXQHW5/ref=sr_1_155?dib=eyJ2IjoiMSJ9.mx6UcZHmZok1tpU6N4AGMFLSLFwiLQEEnGZo2PpPCAqBbz63ANCCROeqRh0uq2Y7wju9aDqtLuGZRyv_DBY7QgQb1hNbHd_GycBmpD3hTLbbpqRdd_docrKzGbsGBhfnqUGRU6U6LhtuqnzlyZkM_uK5_jZEzPq5DKK4jky-L-8.n13lybg-nvaAdnvy2OJpnWf0kzYaBPrtoaB6Dp0_GTk&dib_tag=se&m=A3UEK3VBJ6ADB7&marketplaceID=A19VAU5U5O7RUS&qid=1776495978&refinements=p_36%3A12500-13000&s=merchant-items&sr=1-155&xpid=t3aYNHeeFsod_,Noga Japan BGF02 Type F02 Baker Back Plunger Shape Dial Gauge Body Depth 0.06 inches (0.15 cm)
B082SXQHW5,,,,
B082SXQHW5,,131.86,https://www.amazon.sg/Noga-Japan-BGF02-Plunger-inches/dp/B082SXQHW5/ref=sr_1_161?dib=eyJ2IjoiMSJ9.2cl_vbUiu7jbI1mdOjNtuEEjUR5mxKrRTo-CcVNP-Ov6J1S2_uVLNvo5bU8csYNS9AiYURa3Win3YKqNz3n_PA.Fhhl7-TlmyltL9ARi9GvYxddJjn7SufmoEwrmrH2tjE&dib_tag=se&m=A3UEK3VBJ6ADB7&marketplaceID=A19VAU5U5O7RUS&qid=1776495983&refinements=p_36%3A12500-13000&s=merchant-items&sr=1-161&xpid=t3aYNHeeFsod_,Noga Japan BGF02 Type F02 Baker Back Plunger Shape Dial Gauge Body Depth 0.06 inches (0.15 cm)
B082SXQHW5,,,,
B082PRR15F,,128.58,https://www.amazon.sg/High-School-Prodigies-Another-World/dp/B082PRR15F/ref=sr_1_162?dib=eyJ2IjoiMSJ9.2cl_vbUiu7jbI1mdOjNtuEEjUR5mxKrRTo-CcVNP-Ov6J1S2_uVLNvo5bU8csYNS9AiYURa3Win3YKqNz3n_PA.Fhhl7-TlmyltL9ARi9GvYxddJjn7SufmoEwrmrH2tjE&dib_tag=se&m=A3UEK3VBJ6ADB7&marketplaceID=A19VAU5U5O7RUS&qid=1776495983&refinements=p_36%3A12500-13000&s=merchant-items&sr=1-162&xpid=t3aYNHeeFsod_#customerReviews,High School Prodigies Have It Easy Even in Another World: Lyrule Nendoroid Action Figure
B07Z6J5M3P,,127.46,https://www.amazon.sg/Good-Smile-Parade-Altria-Pendragon/dp/B07Z6J5M3P/ref=sr_1_163?dib=eyJ2IjoiMSJ9.2cl_vbUiu7jbI1mdOjNtuEEjUR5mxKrRTo-CcVNP-Ov6J1S2_uVLNvo5bU8csYNS9AiYURa3Win3YKqNz3n_PA.Fhhl7-TlmyltL9ARi9GvYxddJjn7SufmoEwrmrH2tjE&dib_tag=se&m=A3UEK3VBJ6ADB7&marketplaceID=A19VAU5U5O7RUS&qid=1776495983&refinements=p_36%3A12500-13000&s=merchant-items&sr=1-163&xpid=t3aYNHeeFsod_#customerReviews,Good Smile Fate Grand Pop Up Parade Altria Pendragon 2Nd Asc PVC Fig
B07XJPJRFT,,129.93,https://www.amazon.sg/DNP-Screw-Freewheel-11-34T-Nickel/dp/B07XJPJRFT/ref=sr_1_164?dib=eyJ2IjoiMSJ9.2cl_vbUiu7jbI1mdOjNtuEEjUR5mxKrRTo-CcVNP-Ov6J1S2_uVLNvo5bU8csYNS9AiYURa3Win3YKqNz3n_PA.Fhhl7-TlmyltL9ARi9GvYxddJjn7SufmoEwrmrH2tjE&dib_tag=se&m=A3UEK3VBJ6ADB7&marketplaceID=A19VAU5U5O7RUS&qid=1776495983&refinements=p_36%3A12500-13000&s=merchant-items&sr=1-164&xpid=t3aYNHeeFsod_#customerReviews,"DNP 8 Speed Screw-on Freewheel 11-34T Nickel Plate, ST1831"
B07XJPJRFT,,,,
B07WXNT9F4,,130.0,https://www.amazon.sg/Good-Smile-Nendoroid-Altria-Pendragon/dp/B07WXNT9F4/ref=sr_1_165?dib=eyJ2IjoiMSJ9.2cl_vbUiu7jbI1mdOjNtuEEjUR5mxKrRTo-CcVNP-Ov6J1S2_uVLNvo5bU8csYNS9AiYURa3Win3YKqNz3n_PA.Fhhl7-TlmyltL9ARi9GvYxddJjn7SufmoEwrmrH2tjE&dib_tag=se&m=A3UEK3VBJ6ADB7&marketplaceID=A19VAU5U5O7RUS&qid=1776495983&refinements=p_36%3A12500-13000&s=merchant-items&sr=1-165&xpid=t3aYNHeeFsod_#customerReviews,Good Smile Nendoroid Altria Pendragon: Racing Ver.
B07T8FP2L2,,135.3,https://www.amazon.sg/DNP-Freewheel-Nickel-11-34T-ST1781/dp/B07T8FP2L2/ref=sr_1_161?dib=eyJ2IjoiMSJ9.61Vh0BDoHshe2rJ2sYiPXLub881y36CLyRiAh3yJHtuhH9BrK5LV1sbwrK6du1kC4ylpWWm7OpiK9VvAVU5gFZMvpZsfwTee9h9MVOFZijHYwPeO5AI0bUIdNToWJGJqBJEUu3dV9jekHXipaLSjsJrO1a7Acz8iIEhK1ZyW2Gg.nGZtZVo_AbOAcXPzcIoYt4FttC2kCmVQ6gqdRzyFTgE&dib_tag=se&m=A3UEK3VBJ6ADB7&marketplaceID=A19VAU5U5O7RUS&qid=1776495983&refinements=p_36%3A12500-13000&s=merchant-items&sr=1-161&xpid=t3aYNHeeFsod_,"DNP 7 Speed Screw on Freewheel Nickel Plate 11-34T, ST1781"
B07T8FP2L2,,,,
B07RM8KP2G,,127.33,https://www.amazon.sg/Eureka-Hi-Evolution-Anemone-Complete-Figure/dp/B07RM8KP2G/ref=sr_1_162?dib=eyJ2IjoiMSJ9.61Vh0BDoHshe2rJ2sYiPXLub881y36CLyRiAh3yJHtuhH9BrK5LV1sbwrK6du1kC4ylpWWm7OpiK9VvAVU5gFZMvpZsfwTee9h9MVOFZijHYwPeO5AI0bUIdNToWJGJqBJEUu3dV9jekHXipaLSjsJrO1a7Acz8iIEhK1ZyW2Gg.nGZtZVo_AbOAcXPzcIoYt4FttC2kCmVQ6gqdRzyFTgE&dib_tag=se&m=A3UEK3VBJ6ADB7&marketplaceID=A19VAU5U5O7RUS&qid=1776495983&refinements=p_36%3A12500-13000&s=merchant-items&sr=1-162&xpid=t3aYNHeeFsod_#customerReviews,Eureka Seven Hi-Evolution Anemone Complete Figure
B07R6D31BL,,127.91,https://www.amazon.sg/Golden-Mean-Reel-Stringer-Black/dp/B07R6D31BL/ref=sr_1_163?dib=eyJ2IjoiMSJ9.61Vh0BDoHshe2rJ2sYiPXLub881y36CLyRiAh3yJHtuhH9BrK5LV1sbwrK6du1kC4ylpWWm7OpiK9VvAVU5gFZMvpZsfwTee9h9MVOFZijHYwPeO5AI0bUIdNToWJGJqBJEUu3dV9jekHXipaLSjsJrO1a7Acz8iIEhK1ZyW2Gg.nGZtZVo_AbOAcXPzcIoYt4FttC2kCmVQ6gqdRzyFTgE&dib_tag=se&m=A3UEK3VBJ6ADB7&marketplaceID=A19VAU5U5O7RUS&qid=1776495983&refinements=p_36%3A12500-13000&s=merchant-items&sr=1-163&xpid=t3aYNHeeFsod_,Golden Mean GM Reel Stringer II Red/Black
B07R6D31BL,,,,
B07R5F9TX2,,128.06,https://www.amazon.sg/Golden-Mean-Reel-Stringer-Black/dp/B07R5F9TX2/ref=sr_1_164?dib=eyJ2IjoiMSJ9.61Vh0BDoHshe2rJ2sYiPXLub881y36CLyRiAh3yJHtuhH9BrK5LV1sbwrK6du1kC4ylpWWm7OpiK9VvAVU5gFZMvpZsfwTee9h9MVOFZijHYwPeO5AI0bUIdNToWJGJqBJEUu3dV9jekHXipaLSjsJrO1a7Acz8iIEhK1ZyW2Gg.nGZtZVo_AbOAcXPzcIoYt4FttC2kCmVQ6gqdRzyFTgE&dib_tag=se&m=A3UEK3VBJ6ADB7&marketplaceID=A19VAU5U5O7RUS&qid=1776495983&refinements=p_36%3A12500-13000&s=merchant-items&sr=1-164&xpid=t3aYNHeeFsod_,ゴールデンミーン GMリールストリンガー2
B07R5F9TX2,,,,
B07R3YMYHW,,129.0,https://www.amazon.sg/molto-bene-JoJos-Bizarre-Adventure/dp/B07R3YMYHW/ref=sr_1_165?dib=eyJ2IjoiMSJ9.61Vh0BDoHshe2rJ2sYiPXLub881y36CLyRiAh3yJHtuhH9BrK5LV1sbwrK6du1kC4ylpWWm7OpiK9VvAVU5gFZMvpZsfwTee9h9MVOFZijHYwPeO5AI0bUIdNToWJGJqBJEUu3dV9jekHXipaLSjsJrO1a7Acz8iIEhK1ZyW2Gg.nGZtZVo_AbOAcXPzcIoYt4FttC2kCmVQ6gqdRzyFTgE&dib_tag=se&m=A3UEK3VBJ6ADB7&marketplaceID=A19VAU5U5O7RUS&qid=1776495983&refinements=p_36%3A12500-13000&s=merchant-items&sr=1-165&xpid=t3aYNHeeFsod_,"JoJo's Bizarre Adventure Part 5: Risotto Nero Statue Legend PVC Statue, Multicolor"
B07QH5KQDJ,,129.13,https://www.amazon.sg/Love-Producer-Nendoroid-Action-Figure/dp/B07QH5KQDJ/ref=sr_1_166?dib=eyJ2IjoiMSJ9.61Vh0BDoHshe2rJ2sYiPXLub881y36CLyRiAh3yJHtuhH9BrK5LV1sbwrK6du1kC4ylpWWm7OpiK9VvAVU5gFZMvpZsfwTee9h9MVOFZijHYwPeO5AI0bUIdNToWJGJqBJEUu3dV9jekHXipaLSjsJrO1a7Acz8iIEhK1ZyW2Gg.nGZtZVo_AbOAcXPzcIoYt4FttC2kCmVQ6gqdRzyFTgE&dib_tag=se&m=A3UEK3VBJ6ADB7&marketplaceID=A19VAU5U5O7RUS&qid=1776495983&refinements=p_36%3A12500-13000&s=merchant-items&sr=1-166&xpid=t3aYNHeeFsod_#customerReviews,Love & Producer: Qi Bai Nendoroid Action Figure
B07QF63FVK,,125.54,https://www.amazon.sg/TAMASHII-NATIONS-Dragonball-Heroes-Ichiban/dp/B07QF63FVK/ref=sr_1_167?dib=eyJ2IjoiMSJ9.61Vh0BDoHshe2rJ2sYiPXLub881y36CLyRiAh3yJHtuhH9BrK5LV1sbwrK6du1kC4ylpWWm7OpiK9VvAVU5gFZMvpZsfwTee9h9MVOFZijHYwPeO5AI0bUIdNToWJGJqBJEUu3dV9jekHXipaLSjsJrO1a7Acz8iIEhK1ZyW2Gg.nGZtZVo_AbOAcXPzcIoYt4FttC2kCmVQ6gqdRzyFTgE&dib_tag=se&m=A3UEK3VBJ6ADB7&marketplaceID=A19VAU5U5O7RUS&qid=1776495983&refinements=p_36%3A12500-13000&s=merchant-items&sr=1-167&xpid=t3aYNHeeFsod_#customerReviews,TAMASHII NATIONS Dragonball Heroes: Vegito Ichiban Figure
B07QBB2FP5,,125.79,https://www.amazon.sg/Legend-Sword-Fairy-Ling-ER-Nendoroid/dp/B07QBB2FP5/ref=sr_1_168?dib=eyJ2IjoiMSJ9.61Vh0BDoHshe2rJ2sYiPXLub881y36CLyRiAh3yJHtuhH9BrK5LV1sbwrK6du1kC4ylpWWm7OpiK9VvAVU5gFZMvpZsfwTee9h9MVOFZijHYwPeO5AI0bUIdNToWJGJqBJEUu3dV9jekHXipaLSjsJrO1a7Acz8iIEhK1ZyW2Gg.nGZtZVo_AbOAcXPzcIoYt4FttC2kCmVQ6gqdRzyFTgE&dib_tag=se&m=A3UEK3VBJ6ADB7&marketplaceID=A19VAU5U5O7RUS&qid=1776495983&refinements=p_36%3A12500-13000&s=merchant-items&sr=1-168&xpid=t3aYNHeeFsod_#customerReviews,The Legend of Sword & Fairy: Zhao Ling-ER (Deluxe Version) Nendoroid Action Figure
B07PKHR8TH,,129.22,https://www.amazon.sg/Logos-88230210-Folding-Dust-Box/dp/B07PKHR8TH/ref=sr_1_169?dib=eyJ2IjoiMSJ9.61Vh0BDoHshe2rJ2sYiPXLub881y36CLyRiAh3yJHtuhH9BrK5LV1sbwrK6du1kC4ylpWWm7OpiK9VvAVU5gFZMvpZsfwTee9h9MVOFZijHYwPeO5AI0bUIdNToWJGJqBJEUu3dV9jekHXipaLSjsJrO1a7Acz8iIEhK1ZyW2Gg.nGZtZVo_AbOAcXPzcIoYt4FttC2kCmVQ6gqdRzyFTgE&dib_tag=se&m=A3UEK3VBJ6ADB7&marketplaceID=A19VAU5U5O7RUS&qid=1776495983&refinements=p_36%3A12500-13000&s=merchant-items&sr=1-169&xpid=t3aYNHeeFsod_#customerReviews,Logos 88230210 Folding Dust Box
B07PKHR8TH,,,,
B07PH3BS7G,,127.51,https://www.amazon.sg/Hapyson-YF-201F-Rechargeable-Orange-Filter/dp/B07PH3BS7G/ref=sr_1_170?dib=eyJ2IjoiMSJ9.61Vh0BDoHshe2rJ2sYiPXLub881y36CLyRiAh3yJHtuhH9BrK5LV1sbwrK6du1kC4ylpWWm7OpiK9VvAVU5gFZMvpZsfwTee9h9MVOFZijHYwPeO5AI0bUIdNToWJGJqBJEUu3dV9jekHXipaLSjsJrO1a7Acz8iIEhK1ZyW2Gg.nGZtZVo_AbOAcXPzcIoYt4FttC2kCmVQ6gqdRzyFTgE&dib_tag=se&m=A3UEK3VBJ6ADB7&marketplaceID=A19VAU5U5O7RUS&qid=1776495983&refinements=p_36%3A12500-13000&s=merchant-items&sr=1-170&xpid=t3aYNHeeFsod_#customerReviews,Hapyson YF-201 Intiray Rechargeable Chest Light Series
B07PH3BS7G,,,,
B07P6WTP1D,,125.69,https://www.amazon.sg/OJ-Wheels-Elite-Combos-Skateboard/dp/B07P6WTP1D/ref=sr_1_171?dib=eyJ2IjoiMSJ9.61Vh0BDoHshe2rJ2sYiPXLub881y36CLyRiAh3yJHtuhH9BrK5LV1sbwrK6du1kC4ylpWWm7OpiK9VvAVU5gFZMvpZsfwTee9h9MVOFZijHYwPeO5AI0bUIdNToWJGJqBJEUu3dV9jekHXipaLSjsJrO1a7Acz8iIEhK1ZyW2Gg.nGZtZVo_AbOAcXPzcIoYt4FttC2kCmVQ6gqdRzyFTgE&dib_tag=se&m=A3UEK3VBJ6ADB7&marketplaceID=A19VAU5U5O7RUS&qid=1776495983&refinements=p_36%3A12500-13000&s=merchant-items&sr=1-171&xpid=t3aYNHeeFsod_#customerReviews,OJ Wheels Elite Mini Combos White w/Gold/Black Skateboard Wheels - 54mm 101a (Set of 4)
B07P6WTP1D,,,,
B07P6WTP1D,,125.69,https://www.amazon.sg/OJ-Wheels-Elite-Combos-Skateboard/dp/B07P6WTP1D/ref=sr_1_177?dib=eyJ2IjoiMSJ9.7k_f8CsHpyVlngI1_-7BlsJm6ZAo2hM8xPjh2p1feHFm6bIrJ4pcvFDRBw97q0iSNe26Rk7ZlcE7W2AkgoMETA.Fsa2lfZTpUc2OYTH1FmzacxxYvF1kIs0V8fHwYs_-1o&dib_tag=se&m=A3UEK3VBJ6ADB7&marketplaceID=A19VAU5U5O7RUS&qid=1776495988&refinements=p_36%3A12500-13000&s=merchant-items&sr=1-177&xpid=t3aYNHeeFsod_#customerReviews,OJ Wheels Elite Mini Combos White w/Gold/Black Skateboard Wheels - 54mm 101a (Set of 4)
B07P6WTP1D,,,,
B07NQMV5MT,,137.21,https://www.amazon.sg/Primus-Campfire-Lightweight-Stainless-P-741350/dp/B07NQMV5MT/ref=sr_1_178?dib=eyJ2IjoiMSJ9.7k_f8CsHpyVlngI1_-7BlsJm6ZAo2hM8xPjh2p1feHFm6bIrJ4pcvFDRBw97q0iSNe26Rk7ZlcE7W2AkgoMETA.Fsa2lfZTpUc2OYTH1FmzacxxYvF1kIs0V8fHwYs_-1o&dib_tag=se&m=A3UEK3VBJ6ADB7&marketplaceID=A19VAU5U5O7RUS&qid=1776495988&refinements=p_36%3A12500-13000&s=merchant-items&sr=1-178&xpid=t3aYNHeeFsod_#customerReviews,"Primus | Aeril Campfire Grill | Lightweight, Portable Stainless Steel Open Fire Grill (Large), Silver (P-741350)"
B07NQMV5MT,,,,
B07MCHW4K4,,127.3,https://www.amazon.sg/Nendoroid-Doll-Hearts-Action-Figure/dp/B07MCHW4K4/ref=sr_1_179?dib=eyJ2IjoiMSJ9.7k_f8CsHpyVlngI1_-7BlsJm6ZAo2hM8xPjh2p1feHFm6bIrJ4pcvFDRBw97q0iSNe26Rk7ZlcE7W2AkgoMETA.Fsa2lfZTpUc2OYTH1FmzacxxYvF1kIs0V8fHwYs_-1o&dib_tag=se&m=A3UEK3VBJ6ADB7&marketplaceID=A19VAU5U5O7RUS&qid=1776495988&refinements=p_36%3A12500-13000&s=merchant-items&sr=1-179&xpid=t3aYNHeeFsod_#customerReviews,Nendoroid Doll: Queen of Hearts Action Figure
B07LC9N3BW,,130.0,https://www.amazon.sg/ICOM-LC187-Hard-Case-BP-290/dp/B07LC9N3BW/ref=sr_1_180?dib=eyJ2IjoiMSJ9.7k_f8CsHpyVlngI1_-7BlsJm6ZAo2hM8xPjh2p1feHFm6bIrJ4pcvFDRBw97q0iSNe26Rk7ZlcE7W2AkgoMETA.Fsa2lfZTpUc2OYTH1FmzacxxYvF1kIs0V8fHwYs_-1o&dib_tag=se&m=A3UEK3VBJ6ADB7&marketplaceID=A19VAU5U5O7RUS&qid=1776495988&refinements=p_36%3A12500-13000&s=merchant-items&sr=1-180&xpid=t3aYNHeeFsod_#customerReviews,ICOM LC187 Hard Case (for BP-290)
B07LC9N3BW,,,,
B07K7PXZV5,,126.0,https://www.amazon.sg/Kotobukiya-KOTOBUKIYA-Cyber-Painted-Figure/dp/B07K7PXZV5/ref=sr_1_181?dib=eyJ2IjoiMSJ9.7k_f8CsHpyVlngI1_-7BlsJm6ZAo2hM8xPjh2p1feHFm6bIrJ4pcvFDRBw97q0iSNe26Rk7ZlcE7W2AkgoMETA.Fsa2lfZTpUc2OYTH1FmzacxxYvF1kIs0V8fHwYs_-1o&dib_tag=se&m=A3UEK3VBJ6ADB7&marketplaceID=A19VAU5U5O7RUS&qid=1776495988&refinements=p_36%3A12500-13000&s=merchant-items&sr=1-181&xpid=t3aYNHeeFsod_#customerReviews,Kotobukiya (KOTOBUKIYA) Cyber Girl White 1/7 Scale PVC Painted PVC Figure
B07K5BNKJT,,127.67,https://www.amazon.sg/Shimano-Spares-TL-CN35-12-speed-professional/dp/B07K5BNKJT/ref=sr_1_177?dib=eyJ2IjoiMSJ9.rFd7Ao-LtM_Q-HVq2Gh61SfWGdagmCCePl1QVW2kjrAmnmV9DtVomcEdePGCHfi0HGJzOZ20-S0x08Hc_cTkDM2BuZrB4uurwIGckAEWR0MnF1JTmA753dWobWtmt8B12xep1og9A4qM3ctcexPlVSjAynj9NTJT5TzQ8OvILDo.HTWMxRKPEAoa6iAByLBZKL6__uGqoIA07iFNEtrqljA&dib_tag=se&m=A3UEK3VBJ6ADB7&marketplaceID=A19VAU5U5O7RUS&qid=1776495988&refinements=p_36%3A12500-13000&s=merchant-items&sr=1-177&xpid=t3aYNHeeFsod_#customerReviews,Shimano Spares TL-CN35 chain cutter tool 12-speed professional
B07K5BNKJT,,,,
B07JMXW121,,129.86,https://www.amazon.sg/Banpresto-BP35781-Dragon-Figure-Multicolor/dp/B07JMXW121/ref=sr_1_178?dib=eyJ2IjoiMSJ9.rFd7Ao-LtM_Q-HVq2Gh61SfWGdagmCCePl1QVW2kjrAmnmV9DtVomcEdePGCHfi0HGJzOZ20-S0x08Hc_cTkDM2BuZrB4uurwIGckAEWR0MnF1JTmA753dWobWtmt8B12xep1og9A4qM3ctcexPlVSjAynj9NTJT5TzQ8OvILDo.HTWMxRKPEAoa6iAByLBZKL6__uGqoIA07iFNEtrqljA&dib_tag=se&m=A3UEK3VBJ6ADB7&marketplaceID=A19VAU5U5O7RUS&qid=1776495988&refinements=p_36%3A12500-13000&s=merchant-items&sr=1-178&xpid=t3aYNHeeFsod_#customerReviews,"Banpresto BP35781 Dragon Ball Figure(Tba), Multicolor"
B07JK81SNS,,127.6,https://www.amazon.sg/Good-Smile-Idolmaster-Fumidashita-Multicolor/dp/B07JK81SNS/ref=sr_1_179?dib=eyJ2IjoiMSJ9.rFd7Ao-LtM_Q-HVq2Gh61SfWGdagmCCePl1QVW2kjrAmnmV9DtVomcEdePGCHfi0HGJzOZ20-S0x08Hc_cTkDM2BuZrB4uurwIGckAEWR0MnF1JTmA753dWobWtmt8B12xep1og9A4qM3ctcexPlVSjAynj9NTJT5TzQ8OvILDo.HTWMxRKPEAoa6iAByLBZKL6__uGqoIA07iFNEtrqljA&dib_tag=se&m=A3UEK3VBJ6ADB7&marketplaceID=A19VAU5U5O7RUS&qid=1776495988&refinements=p_36%3A12500-13000&s=merchant-items&sr=1-179&xpid=t3aYNHeeFsod_#customerReviews,"Good Smile The Idolmaster: Tsumugi Shiraishi (Fumidashita Yume E No Ippo Version) 1: 8 Scale PVC Figure, Multicolor"
B07HRB3K26,,125.38,https://www.amazon.sg/DEDA-SUPERZERO-WHT-31-7-Material/dp/B07HRB3K26/ref=sr_1_180?dib=eyJ2IjoiMSJ9.rFd7Ao-LtM_Q-HVq2Gh61SfWGdagmCCePl1QVW2kjrAmnmV9DtVomcEdePGCHfi0HGJzOZ20-S0x08Hc_cTkDM2BuZrB4uurwIGckAEWR0MnF1JTmA753dWobWtmt8B12xep1og9A4qM3ctcexPlVSjAynj9NTJT5TzQ8OvILDo.HTWMxRKPEAoa6iAByLBZKL6__uGqoIA07iFNEtrqljA&dib_tag=se&m=A3UEK3VBJ6ADB7&marketplaceID=A19VAU5U5O7RUS&qid=1776495988&refinements=p_36%3A12500-13000&s=merchant-items&sr=1-180&xpid=t3aYNHeeFsod_,DEDA SUPERZERO WHT 31.7/120; Material: 2014 Aluminum Alloy; Diameter: 1.2 inches (31.7 mm); Length: 4.7 inches (120 mm); Angle: 82°; Height: 1.4 inches (36 mm) Stem
B07HRB3K26,,,,
B07GRMNB42,,127.46,https://www.amazon.sg/Banpresto-Dragonball-Legends-Collab-Kamehameha-Yellow/dp/B07GRMNB42/ref=sr_1_181?dib=eyJ2IjoiMSJ9.rFd7Ao-LtM_Q-HVq2Gh61SfWGdagmCCePl1QVW2kjrAmnmV9DtVomcEdePGCHfi0HGJzOZ20-S0x08Hc_cTkDM2BuZrB4uurwIGckAEWR0MnF1JTmA753dWobWtmt8B12xep1og9A4qM3ctcexPlVSjAynj9NTJT5TzQ8OvILDo.HTWMxRKPEAoa6iAByLBZKL6__uGqoIA07iFNEtrqljA&dib_tag=se&m=A3UEK3VBJ6ADB7&marketplaceID=A19VAU5U5O7RUS&qid=1776495988&refinements=p_36%3A12500-13000&s=merchant-items&sr=1-181&xpid=t3aYNHeeFsod_#customerReviews,"Banpresto Dragonball Legends Collab-Kamehameha Son Gokou Toy, Yellow, Orange, Blue"
B07GC99NWY,,258.34,https://www.amazon.sg/DAIWA-LT5000D-CXH-Spinning-Legalis-Model/dp/B07GC99NWY/ref=sr_1_182?dib=eyJ2IjoiMSJ9.rFd7Ao-LtM_Q-HVq2Gh61SfWGdagmCCePl1QVW2kjrAmnmV9DtVomcEdePGCHfi0HGJzOZ20-S0x08Hc_cTkDM2BuZrB4uurwIGckAEWR0MnF1JTmA753dWobWtmt8B12xep1og9A4qM3ctcexPlVSjAynj9NTJT5TzQ8OvILDo.HTWMxRKPEAoa6iAByLBZKL6__uGqoIA07iFNEtrqljA&dib_tag=se&m=A3UEK3VBJ6ADB7&marketplaceID=A19VAU5U5O7RUS&qid=1776495988&refinements=p_36%3A12500-13000&s=merchant-items&sr=1-182&xpid=t3aYNHeeFsod_#customerReviews,Daiwa 18 Regalis LT Spinning Reel (2018 Model)
B07GC99NWY,,,,
B07GBFHJL4,,125.04,https://www.amazon.sg/JUYA-Paper-Quilling-Colors-Packs/dp/B07GBFHJL4/ref=sr_1_183?dib=eyJ2IjoiMSJ9.rFd7Ao-LtM_Q-HVq2Gh61SfWGdagmCCePl1QVW2kjrAmnmV9DtVomcEdePGCHfi0HGJzOZ20-S0x08Hc_cTkDM2BuZrB4uurwIGckAEWR0MnF1JTmA753dWobWtmt8B12xep1og9A4qM3ctcexPlVSjAynj9NTJT5TzQ8OvILDo.HTWMxRKPEAoa6iAByLBZKL6__uGqoIA07iFNEtrqljA&dib_tag=se&m=A3UEK3VBJ6ADB7&marketplaceID=A19VAU5U5O7RUS&qid=1776495988&refinements=p_36%3A12500-13000&s=merchant-items&sr=1-183&xpid=t3aYNHeeFsod_#customerReviews,"JUYA Paper Quilling Set by Tant 72 Colors and 72 Packs, Paper Width 5mm (0.20 in.)"
B07GBFHJL4,,,,
B07G8CCQX8,,126.82,https://www.amazon.sg/Good-Smile-Company-King-Glory/dp/B07G8CCQX8/ref=sr_1_184?dib=eyJ2IjoiMSJ9.rFd7Ao-LtM_Q-HVq2Gh61SfWGdagmCCePl1QVW2kjrAmnmV9DtVomcEdePGCHfi0HGJzOZ20-S0x08Hc_cTkDM2BuZrB4uurwIGckAEWR0MnF1JTmA753dWobWtmt8B12xep1og9A4qM3ctcexPlVSjAynj9NTJT5TzQ8OvILDo.HTWMxRKPEAoa6iAByLBZKL6__uGqoIA07iFNEtrqljA&dib_tag=se&m=A3UEK3VBJ6ADB7&marketplaceID=A19VAU5U5O7RUS&qid=1776495988&refinements=p_36%3A12500-13000&s=merchant-items&sr=1-184&xpid=t3aYNHeeFsod_#customerReviews,Good Smile Company Good Smile King of Glory: Sun Shangxiang Nendoroid Action Figure
B07FX7THJ7,,125.19,https://www.amazon.sg/Fabric-Scoop-Sport-Shallow-Saddle/dp/B07FX7THJ7/ref=sr_1_185?dib=eyJ2IjoiMSJ9.rFd7Ao-LtM_Q-HVq2Gh61SfWGdagmCCePl1QVW2kjrAmnmV9DtVomcEdePGCHfi0HGJzOZ20-S0x08Hc_cTkDM2BuZrB4uurwIGckAEWR0MnF1JTmA753dWobWtmt8B12xep1og9A4qM3ctcexPlVSjAynj9NTJT5TzQ8OvILDo.HTWMxRKPEAoa6iAByLBZKL6__uGqoIA07iFNEtrqljA&dib_tag=se&m=A3UEK3VBJ6ADB7&marketplaceID=A19VAU5U5O7RUS&qid=1776495988&refinements=p_36%3A12500-13000&s=merchant-items&sr=1-185&xpid=t3aYNHeeFsod_#customerReviews,Fabric Scoop Sport Shallow Saddle
B07FX7THJ7,,,,
B07DLN2W71,,128.29,https://www.amazon.sg/Shimano-FH-R7000-Black-32H-EFHR7000BYAL/dp/B07DLN2W71/ref=sr_1_186?dib=eyJ2IjoiMSJ9.rFd7Ao-LtM_Q-HVq2Gh61SfWGdagmCCePl1QVW2kjrAmnmV9DtVomcEdePGCHfi0HGJzOZ20-S0x08Hc_cTkDM2BuZrB4uurwIGckAEWR0MnF1JTmA753dWobWtmt8B12xep1og9A4qM3ctcexPlVSjAynj9NTJT5TzQ8OvILDo.HTWMxRKPEAoa6iAByLBZKL6__uGqoIA07iFNEtrqljA&dib_tag=se&m=A3UEK3VBJ6ADB7&marketplaceID=A19VAU5U5O7RUS&qid=1776495988&refinements=p_36%3A12500-13000&s=merchant-items&sr=1-186&xpid=t3aYNHeeFsod_#customerReviews,Shimano FH-R7000 Black 32H EFHR7000BYAL
B07DLN2W71,,,,
B07D1F7XF3,,167.64,https://www.amazon.sg/Marinco-Speed-Wiper-Motor-Controller/dp/B07D1F7XF3/ref=sr_1_187?dib=eyJ2IjoiMSJ9.rFd7Ao-LtM_Q-HVq2Gh61SfWGdagmCCePl1QVW2kjrAmnmV9DtVomcEdePGCHfi0HGJzOZ20-S0x08Hc_cTkDM2BuZrB4uurwIGckAEWR0MnF1JTmA753dWobWtmt8B12xep1og9A4qM3ctcexPlVSjAynj9NTJT5TzQ8OvILDo.HTWMxRKPEAoa6iAByLBZKL6__uGqoIA07iFNEtrqljA&dib_tag=se&m=A3UEK3VBJ6ADB7&marketplaceID=A19VAU5U5O7RUS&qid=1776495988&refinements=p_36%3A12500-13000&s=merchant-items&sr=1-187&xpid=t3aYNHeeFsod_#customerReviews,Marinco Dual Speed Wiper Motor Controller
B07D1F7XF3,,,,
B07CJ5Z613,,129.88,https://www.amazon.sg/%E5%96%9C%E5%AF%BF%E7%A5%9D%E3%81%84%E3%81%AB%E8%B4%88%E3%82%8B%E3%83%A1%E3%83%A2%E3%83%AA%E3%82%A2%E3%83%AB%E3%81%B9%E3%82%A2%EF%BC%88%E3%82%B1%E3%83%BC%E3%82%B9%E5%85%A5%E3%82%8A%EF%BC%89%EF%BC%97%EF%BC%97%E6%AD%B3-%E8%AA%95%E7%94%9F%E6%97%A5%E3%83%97%E3%83%AC%E3%82%BC%E3%83%B3%E3%83%88-%E7%A5%9D%E5%96%9C%E5%AF%BF%E3%81%A8%E9%B6%B4%E4%BA%80%E5%88%BB%E5%8D%B0%E5%85%A5%E3%82%8A-%E5%96%9C%E5%AF%BF%E3%81%AE%E3%81%8A%E7%A5%9D%E3%81%84-%E3%83%97%E3%83%86%E3%82%A3%E3%83%AB%E3%82%A6%E8%A3%BD/dp/B07CJ5Z613/ref=sr_1_193?dib=eyJ2IjoiMSJ9.Z0SJM7VBjGr7qEg8MtjzEQZnMqPgwMPVbjvRMQlo4pZ6l1xY8V8pEB6XHDOhsvB57i8ddAEyalX9RDFkWo6UeA.mvM_GRSyfAvbXPaYtgRgBaruN6nSM8M4c0MJO9gILAs&dib_tag=se&m=A3UEK3VBJ6ADB7&marketplaceID=A19VAU5U5O7RUS&qid=1776495993&refinements=p_36%3A12500-13000&s=merchant-items&sr=1-193&xpid=t3aYNHeeFsod_#customerReviews,喜寿祝いに贈るメモリアルべア（ケース入り）７７歳 誕生日プレゼント 祝喜寿と鶴亀刻印入り 喜寿 祝い 喜寿のお祝い 長寿祝い プティルウ製
B07C9KCCC7,,130.0,https://www.amazon.sg/Yamakiikai-M1151-Fisen-Roasting-inches/dp/B07C9KCCC7/ref=sr_1_194?dib=eyJ2IjoiMSJ9.Z0SJM7VBjGr7qEg8MtjzEQZnMqPgwMPVbjvRMQlo4pZ6l1xY8V8pEB6XHDOhsvB57i8ddAEyalX9RDFkWo6UeA.mvM_GRSyfAvbXPaYtgRgBaruN6nSM8M4c0MJO9gILAs&dib_tag=se&m=A3UEK3VBJ6ADB7&marketplaceID=A19VAU5U5O7RUS&qid=1776495993&refinements=p_36%3A12500-13000&s=merchant-items&sr=1-194&xpid=t3aYNHeeFsod_#customerReviews,"Yamakiikai M1151 Fisen White Roasting, 9.4 inches (24 cm)"
B07C9KCCC7,,,,
B07BHPD4MN,,129.25,https://www.amazon.sg/Banpresto-Yoshikage-Kira-Action-Figure/dp/B07BHPD4MN/ref=sr_1_195?dib=eyJ2IjoiMSJ9.Z0SJM7VBjGr7qEg8MtjzEQZnMqPgwMPVbjvRMQlo4pZ6l1xY8V8pEB6XHDOhsvB57i8ddAEyalX9RDFkWo6UeA.mvM_GRSyfAvbXPaYtgRgBaruN6nSM8M4c0MJO9gILAs&dib_tag=se&m=A3UEK3VBJ6ADB7&marketplaceID=A19VAU5U5O7RUS&qid=1776495993&refinements=p_36%3A12500-13000&s=merchant-items&sr=1-195&xpid=t3aYNHeeFsod_#customerReviews,Banpresto Yoshikage Kira Action Figure
B07BHPD4MN,,,,
B0788C6ZH6,,139.0,https://www.amazon.sg/SIGHTRON-B400-Sitron-Starry-Stella/dp/B0788C6ZH6/ref=sr_1_196?dib=eyJ2IjoiMSJ9.Z0SJM7VBjGr7qEg8MtjzEQZnMqPgwMPVbjvRMQlo4pZ6l1xY8V8pEB6XHDOhsvB57i8ddAEyalX9RDFkWo6UeA.mvM_GRSyfAvbXPaYtgRgBaruN6nSM8M4c0MJO9gILAs&dib_tag=se&m=A3UEK3VBJ6ADB7&marketplaceID=A19VAU5U5O7RUS&qid=1776495993&refinements=p_36%3A12500-13000&s=merchant-items&sr=1-196&xpid=t3aYNHeeFsod_#customerReviews,SIGHTRON B400 Sitron Starry Sky Opera Glass Stella Scan 2X40
B0788C6ZH6,,,,
B077PVTC88,,125.28,https://www.amazon.sg/SONICAKE-Guitar-Overdrive-Compressor-Vintage/dp/B077PVTC88/ref=sr_1_197?dib=eyJ2IjoiMSJ9.Z0SJM7VBjGr7qEg8MtjzEQZnMqPgwMPVbjvRMQlo4pZ6l1xY8V8pEB6XHDOhsvB57i8ddAEyalX9RDFkWo6UeA.mvM_GRSyfAvbXPaYtgRgBaruN6nSM8M4c0MJO9gILAs&dib_tag=se&m=A3UEK3VBJ6ADB7&marketplaceID=A19VAU5U5O7RUS&qid=1776495993&refinements=p_36%3A12500-13000&s=merchant-items&sr=1-197&xpid=t3aYNHeeFsod_#customerReviews,SONICAKE Guitar Multi Effect Pedal Overdrive Compressor Delay Reverb Guitar Pedal Twiggy Blues Vintage Blues Retro Rock Tone With Cab Sim
B077PVTC88,,,,
B077PNLNPV,,127.7,https://www.amazon.sg/FlexU-Kinesiology-Tape-Ultra-Thin-Hypoallergenic/dp/B077PNLNPV/ref=sr_1_193?dib=eyJ2IjoiMSJ9.DNO88C65I234Maff3OYfPHjgbohT2otmLQ6lwfHYa4nP963Hq3tmxn8CziTegMTfA6Vd9rW4DHgFvtKX6lNrV2yY6703oXhJTh1j3_2oXjMuxidRyrbwDffRWPIFQY9ILRl5sH5C9PaiodB4oB8vhJzBvALqb2mY7caMV2qO0I8.AGr3Y8aKyvq_Ye7Dbs16Hrwd31QgUJveeJtmxv-MfSU&dib_tag=se&m=A3UEK3VBJ6ADB7&marketplaceID=A19VAU5U5O7RUS&qid=1776495993&refinements=p_36%3A12500-13000&s=merchant-items&sr=1-193&xpid=t3aYNHeeFsod_#customerReviews,FlexU Kinesiology Tape 140 Pre-Cut Strips or Continuous Roll; Ultra-Thin Hypoallergenic Latex-Free; Designed as Sports Therapy Support for Muscles & Joints; Knee Shoulder & Back Support; Long Lasting
B077PNLNPV,,,,
B077ND9T99,,129.31,https://www.amazon.sg/Flyhawk-FLYFH117S-British-Battleship-December/dp/B077ND9T99/ref=sr_1_194?dib=eyJ2IjoiMSJ9.DNO88C65I234Maff3OYfPHjgbohT2otmLQ6lwfHYa4nP963Hq3tmxn8CziTegMTfA6Vd9rW4DHgFvtKX6lNrV2yY6703oXhJTh1j3_2oXjMuxidRyrbwDffRWPIFQY9ILRl5sH5C9PaiodB4oB8vhJzBvALqb2mY7caMV2qO0I8.AGr3Y8aKyvq_Ye7Dbs16Hrwd31QgUJveeJtmxv-MfSU&dib_tag=se&m=A3UEK3VBJ6ADB7&marketplaceID=A19VAU5U5O7RUS&qid=1776495993&refinements=p_36%3A12500-13000&s=merchant-items&sr=1-194&xpid=t3aYNHeeFsod_,Flyhawk Model FLYFH117S 1/700 British Navy Battleship Prince of Wales December 1941 Limited Edition Plastic Model
B072MKT5NR,,126.9,https://www.amazon.sg/SHIMANO-Ultegra-R8000-Short-Cage-Derailleur/dp/B072MKT5NR/ref=sr_1_195?dib=eyJ2IjoiMSJ9.DNO88C65I234Maff3OYfPHjgbohT2otmLQ6lwfHYa4nP963Hq3tmxn8CziTegMTfA6Vd9rW4DHgFvtKX6lNrV2yY6703oXhJTh1j3_2oXjMuxidRyrbwDffRWPIFQY9ILRl5sH5C9PaiodB4oB8vhJzBvALqb2mY7caMV2qO0I8.AGr3Y8aKyvq_Ye7Dbs16Hrwd31QgUJveeJtmxv-MfSU&dib_tag=se&m=A3UEK3VBJ6ADB7&marketplaceID=A19VAU5U5O7RUS&qid=1776495993&refinements=p_36%3A12500-13000&s=merchant-items&sr=1-195&xpid=t3aYNHeeFsod_#customerReviews,SHIMANO Ultegra Rd-R8000 Rear Derailleur
B072MKT5NR,,,,
B072MF8XQ5,,127.76,https://www.amazon.sg/GENESIS-GE-8005-Nylon-Waders-Chest/dp/B072MF8XQ5/ref=sr_1_196?dib=eyJ2IjoiMSJ9.DNO88C65I234Maff3OYfPHjgbohT2otmLQ6lwfHYa4nP963Hq3tmxn8CziTegMTfA6Vd9rW4DHgFvtKX6lNrV2yY6703oXhJTh1j3_2oXjMuxidRyrbwDffRWPIFQY9ILRl5sH5C9PaiodB4oB8vhJzBvALqb2mY7caMV2qO0I8.AGr3Y8aKyvq_Ye7Dbs16Hrwd31QgUJveeJtmxv-MfSU&dib_tag=se&m=A3UEK3VBJ6ADB7&marketplaceID=A19VAU5U5O7RUS&qid=1776495993&refinements=p_36%3A12500-13000&s=merchant-items&sr=1-196&xpid=t3aYNHeeFsod_,"GENESIS GE-8005 Nylon Camo Waders, 210D, Chest High, XL"
B072MF8XQ5,,,,
B071WK3GH8,,127.28,https://www.amazon.sg/GENESIS-GE-8006-Waders-Nylon-Waist/dp/B071WK3GH8/ref=sr_1_197?dib=eyJ2IjoiMSJ9.DNO88C65I234Maff3OYfPHjgbohT2otmLQ6lwfHYa4nP963Hq3tmxn8CziTegMTfA6Vd9rW4DHgFvtKX6lNrV2yY6703oXhJTh1j3_2oXjMuxidRyrbwDffRWPIFQY9ILRl5sH5C9PaiodB4oB8vhJzBvALqb2mY7caMV2qO0I8.AGr3Y8aKyvq_Ye7Dbs16Hrwd31QgUJveeJtmxv-MfSU&dib_tag=se&m=A3UEK3VBJ6ADB7&marketplaceID=A19VAU5U5O7RUS&qid=1776495993&refinements=p_36%3A12500-13000&s=merchant-items&sr=1-197&xpid=t3aYNHeeFsod_,ウェーダー ナイロン ウェダー 釣り ウエスト ウエストウェーダー チェストハイ フェルトソール S M L LL XL おしゃれ カーキ インナーメッシュ付 防水 滑りにくい 軽い 丈夫 軽量 フィッシング 川釣り 渓流釣り 水産 海 釣り用品
B071WK3GH8,,,,
B071RRXDKH,,128.63,https://www.amazon.sg/PEARL-CH-930S-Cymbal-Holder-Uni-Lock/dp/B071RRXDKH/ref=sr_1_198?dib=eyJ2IjoiMSJ9.DNO88C65I234Maff3OYfPHjgbohT2otmLQ6lwfHYa4nP963Hq3tmxn8CziTegMTfA6Vd9rW4DHgFvtKX6lNrV2yY6703oXhJTh1j3_2oXjMuxidRyrbwDffRWPIFQY9ILRl5sH5C9PaiodB4oB8vhJzBvALqb2mY7caMV2qO0I8.AGr3Y8aKyvq_Ye7Dbs16Hrwd31QgUJveeJtmxv-MfSU&dib_tag=se&m=A3UEK3VBJ6ADB7&marketplaceID=A19VAU5U5O7RUS&qid=1776495993&refinements=p_36%3A12500-13000&s=merchant-items&sr=1-198&xpid=t3aYNHeeFsod_#customerReviews,PEARL - CH-930S Cymbal Holder W/Uni-Lock Tilter Short Arm
B071RRXDKH,,,,
B06ZZXNVND,PlayStation Vita,125.12,https://www.amazon.sg/Around-Utsusemi-PSVita/dp/B06ZZXNVND/ref=sr_1_199?dib=eyJ2IjoiMSJ9.DNO88C65I234Maff3OYfPHjgbohT2otmLQ6lwfHYa4nP963Hq3tmxn8CziTegMTfA6Vd9rW4DHgFvtKX6lNrV2yY6703oXhJTh1j3_2oXjMuxidRyrbwDffRWPIFQY9ILRl5sH5C9PaiodB4oB8vhJzBvALqb2mY7caMV2qO0I8.AGr3Y8aKyvq_Ye7Dbs16Hrwd31QgUJveeJtmxv-MfSU&dib_tag=se&m=A3UEK3VBJ6ADB7&marketplaceID=A19VAU5U5O7RUS&qid=1776495993&refinements=p_36%3A12500-13000&s=merchant-items&sr=1-199&xpid=t3aYNHeeFsod_#customerReviews,Around The Utsusemi (Around The Utsusemi) - PSVita
B06ZZXNVND,,,,
B01N4S4GVZ,,126.39,https://www.amazon.sg/DAIWA-Spinning-Throwing-Throw-Crosscast/dp/B01N4S4GVZ/ref=sr_1_200?dib=eyJ2IjoiMSJ9.DNO88C65I234Maff3OYfPHjgbohT2otmLQ6lwfHYa4nP963Hq3tmxn8CziTegMTfA6Vd9rW4DHgFvtKX6lNrV2yY6703oXhJTh1j3_2oXjMuxidRyrbwDffRWPIFQY9ILRl5sH5C9PaiodB4oB8vhJzBvALqb2mY7caMV2qO0I8.AGr3Y8aKyvq_Ye7Dbs16Hrwd31QgUJveeJtmxv-MfSU&dib_tag=se&m=A3UEK3VBJ6ADB7&marketplaceID=A19VAU5U5O7RUS&qid=1776495993&refinements=p_36%3A12500-13000&s=merchant-items&sr=1-200&xpid=t3aYNHeeFsod_#customerReviews,DAIWA Spinning Reel (Throwing/Far Throw) 17 Cross Cast (2017 Model)
B01N4S4GVZ,,,,
B01N11XB3E,,125.25,https://www.amazon.sg/M%C3%A4rklin-60832-Decoder-m83/dp/B01N11XB3E/ref=sr_1_201?dib=eyJ2IjoiMSJ9.DNO88C65I234Maff3OYfPHjgbohT2otmLQ6lwfHYa4nP963Hq3tmxn8CziTegMTfA6Vd9rW4DHgFvtKX6lNrV2yY6703oXhJTh1j3_2oXjMuxidRyrbwDffRWPIFQY9ILRl5sH5C9PaiodB4oB8vhJzBvALqb2mY7caMV2qO0I8.AGr3Y8aKyvq_Ye7Dbs16Hrwd31QgUJveeJtmxv-MfSU&dib_tag=se&m=A3UEK3VBJ6ADB7&marketplaceID=A19VAU5U5O7RUS&qid=1776495993&refinements=p_36%3A12500-13000&s=merchant-items&sr=1-201&xpid=t3aYNHeeFsod_#customerReviews,Märklin 60832 Decoder m83
B01N0N8ZT8,,128.03,https://www.amazon.sg/anniversary-acrylic-lottery-Marukaru-separately/dp/B01N0N8ZT8/ref=sr_1_202?dib=eyJ2IjoiMSJ9.DNO88C65I234Maff3OYfPHjgbohT2otmLQ6lwfHYa4nP963Hq3tmxn8CziTegMTfA6Vd9rW4DHgFvtKX6lNrV2yY6703oXhJTh1j3_2oXjMuxidRyrbwDffRWPIFQY9ILRl5sH5C9PaiodB4oB8vhJzBvALqb2mY7caMV2qO0I8.AGr3Y8aKyvq_Ye7Dbs16Hrwd31QgUJveeJtmxv-MfSU&dib_tag=se&m=A3UEK3VBJ6ADB7&marketplaceID=A19VAU5U5O7RUS&qid=1776495993&refinements=p_36%3A12500-13000&s=merchant-items&sr=1-202&xpid=t3aYNHeeFsod_,Best 10th anniversary of D Award acrylic board of lottery Code Geass miracle the sun Akito Leila Marukaru separately
B01N0N8ZT8,,,,
B01MUDOSF3,,128.49,https://www.amazon.sg/Banpresto-Dragon-Collection-Action-Figure/dp/B01MUDOSF3/ref=sr_1_203?dib=eyJ2IjoiMSJ9.DNO88C65I234Maff3OYfPHjgbohT2otmLQ6lwfHYa4nP963Hq3tmxn8CziTegMTfA6Vd9rW4DHgFvtKX6lNrV2yY6703oXhJTh1j3_2oXjMuxidRyrbwDffRWPIFQY9ILRl5sH5C9PaiodB4oB8vhJzBvALqb2mY7caMV2qO0I8.AGr3Y8aKyvq_Ye7Dbs16Hrwd31QgUJveeJtmxv-MfSU&dib_tag=se&m=A3UEK3VBJ6ADB7&marketplaceID=A19VAU5U5O7RUS&qid=1776495993&refinements=p_36%3A12500-13000&s=merchant-items&sr=1-203&xpid=t3aYNHeeFsod_#customerReviews,"Banpresto Dragon Ball Collection Volume 3 Son Goku Action Figure, 14cm"
B01LX676B9,,133.91,https://www.amazon.sg/NTN-TAPERED-ROLLER-BRG-31313/dp/B01LX676B9/ref=sr_1_209?dib=eyJ2IjoiMSJ9.L8jPSPG4rX3gccimY82azuhSprpw8H6MWoPkfpyawMR5ykLmamkWlYiefyiY0H6njarKCfZ6kGeg0giS9jtYZA.2qRyKRpQTZL3OkKAfIqqYXakN18ao4hmQIKctpM7kq8&dib_tag=se&m=A3UEK3VBJ6ADB7&marketplaceID=A19VAU5U5O7RUS&qid=1776495998&refinements=p_36%3A12500-13000&s=merchant-items&sr=1-209&xpid=t3aYNHeeFsod_,NTN TAPERED ROLLER BRG (31313)
B01LX676B9,,,,
B01K9LM2X2,,129.25,https://www.amazon.sg/Uzaki-Nissin-Zero-Sam-Hisaku/dp/B01K9LM2X2/ref=sr_1_210?dib=eyJ2IjoiMSJ9.L8jPSPG4rX3gccimY82azuhSprpw8H6MWoPkfpyawMR5ykLmamkWlYiefyiY0H6njarKCfZ6kGeg0giS9jtYZA.2qRyKRpQTZL3OkKAfIqqYXakN18ao4hmQIKctpM7kq8&dib_tag=se&m=A3UEK3VBJ6ADB7&marketplaceID=A19VAU5U5O7RUS&qid=1776495998&refinements=p_36%3A12500-13000&s=merchant-items&sr=1-210&xpid=t3aYNHeeFsod_,Uzaki Nissin Zero Sam X4 Hisaku T-L 800
B01K9LM2X2,,,,
B01K7C2XSM,,129.12,https://www.amazon.sg/Banpresto-6-3-Inch-Sculpture-Grandline-Special/dp/B01K7C2XSM/ref=sr_1_211?dib=eyJ2IjoiMSJ9.L8jPSPG4rX3gccimY82azuhSprpw8H6MWoPkfpyawMR5ykLmamkWlYiefyiY0H6njarKCfZ6kGeg0giS9jtYZA.2qRyKRpQTZL3OkKAfIqqYXakN18ao4hmQIKctpM7kq8&dib_tag=se&m=A3UEK3VBJ6ADB7&marketplaceID=A19VAU5U5O7RUS&qid=1776495998&refinements=p_36%3A12500-13000&s=merchant-items&sr=1-211&xpid=t3aYNHeeFsod_,"Banpresto One Piece 6.3-Inch Film Gold Sanji DXF Sculpture, The Grandline Men Special"
B01JJ2SD3U,,126.75,https://www.amazon.sg/Asuka-SB200-Storage-Handle-Included/dp/B01JJ2SD3U/ref=sr_1_212?dib=eyJ2IjoiMSJ9.L8jPSPG4rX3gccimY82azuhSprpw8H6MWoPkfpyawMR5ykLmamkWlYiefyiY0H6njarKCfZ6kGeg0giS9jtYZA.2qRyKRpQTZL3OkKAfIqqYXakN18ao4hmQIKctpM7kq8&dib_tag=se&m=A3UEK3VBJ6ADB7&marketplaceID=A19VAU5U5O7RUS&qid=1776495998&refinements=p_36%3A12500-13000&s=merchant-items&sr=1-212&xpid=t3aYNHeeFsod_#customerReviews,"Asuka SB200 Safe Storage Box, Steel, A4 Storage, Dial Lock and Wire, Handle Included"
B01JJ2SD3U,,,,
B01J9IGPXY,,127.07,https://www.amazon.sg/DT-Swiss-Titanium-Aluminium-Lever/dp/B01J9IGPXY/ref=sr_1_213?dib=eyJ2IjoiMSJ9.L8jPSPG4rX3gccimY82azuhSprpw8H6MWoPkfpyawMR5ykLmamkWlYiefyiY0H6njarKCfZ6kGeg0giS9jtYZA.2qRyKRpQTZL3OkKAfIqqYXakN18ao4hmQIKctpM7kq8&dib_tag=se&m=A3UEK3VBJ6ADB7&marketplaceID=A19VAU5U5O7RUS&qid=1776495998&refinements=p_36%3A12500-13000&s=merchant-items&sr=1-213&xpid=t3aYNHeeFsod_,DT Swiss RWS Road (Titanium) 130 x 5 mm with Aluminium Lever
B01J9IGPXY,,,,
B01IEC5EHO,,129.98,https://www.amazon.sg/Shimano-SHIMANO-Line-ziga-Green/dp/B01IEC5EHO/ref=sr_1_209?dib=eyJ2IjoiMSJ9.G4FYW38UlmmDd5DF-LbALzdhBUZEre8a5NEJGd3_WewY7FSMNgBQ18cnFQzU3cys0uIsi8aH56LFj89cjEbAhaHZ-8QJySXQh_GCYPYwzDuWA7ntIhG_sSAG-7nOuinaMw-HUbwasEwk5QyXmfRwk5P4C_mOCAPtKqFB1yaponw.mey2-q3737ak9KJD2ngicyKnZ2a4D_m9qWOXTCWPuaw&dib_tag=se&m=A3UEK3VBJ6ADB7&marketplaceID=A19VAU5U5O7RUS&qid=1776495998&refinements=p_36%3A12500-13000&s=merchant-items&sr=1-209&xpid=t3aYNHeeFsod_#customerReviews,Shimano (SHIMANO) PE Line osia ziga- MX4 600 m No. 2 Lime Green PL - o94p
B01IEC5EHO,,,,
B01I1UI09S,,129.5,https://www.amazon.sg/Antibacterial-Activity-Copper-Power-Basket/dp/B01I1UI09S/ref=sr_1_210?dib=eyJ2IjoiMSJ9.G4FYW38UlmmDd5DF-LbALzdhBUZEre8a5NEJGd3_WewY7FSMNgBQ18cnFQzU3cys0uIsi8aH56LFj89cjEbAhaHZ-8QJySXQh_GCYPYwzDuWA7ntIhG_sSAG-7nOuinaMw-HUbwasEwk5QyXmfRwk5P4C_mOCAPtKqFB1yaponw.mey2-q3737ak9KJD2ngicyKnZ2a4D_m9qWOXTCWPuaw&dib_tag=se&m=A3UEK3VBJ6ADB7&marketplaceID=A19VAU5U5O7RUS&qid=1776495998&refinements=p_36%3A12500-13000&s=merchant-items&sr=1-210&xpid=t3aYNHeeFsod_,Antibacterial Activity of Copper ion Power deep Copper Basket (with lid Ring)
B01I1UI09S,,,,
B01FMPNI38,,128.3,https://www.amazon.sg/dbx-DI1-Active-1-Channel-Direct/dp/B01FMPNI38/ref=sr_1_211?dib=eyJ2IjoiMSJ9.G4FYW38UlmmDd5DF-LbALzdhBUZEre8a5NEJGd3_WewY7FSMNgBQ18cnFQzU3cys0uIsi8aH56LFj89cjEbAhaHZ-8QJySXQh_GCYPYwzDuWA7ntIhG_sSAG-7nOuinaMw-HUbwasEwk5QyXmfRwk5P4C_mOCAPtKqFB1yaponw.mey2-q3737ak9KJD2ngicyKnZ2a4D_m9qWOXTCWPuaw&dib_tag=se&m=A3UEK3VBJ6ADB7&marketplaceID=A19VAU5U5O7RUS&qid=1776495998&refinements=p_36%3A12500-13000&s=merchant-items&sr=1-211&xpid=t3aYNHeeFsod_#customerReviews,dbx DI1 Active 1-Channel Direct Box
B01FMPNI38,,,,
B01EJ7OT88,,126.37,https://www.amazon.sg/TEAM-43471-Tsurisha-Hand-Clamp/dp/B01EJ7OT88/ref=sr_1_212?dib=eyJ2IjoiMSJ9.G4FYW38UlmmDd5DF-LbALzdhBUZEre8a5NEJGd3_WewY7FSMNgBQ18cnFQzU3cys0uIsi8aH56LFj89cjEbAhaHZ-8QJySXQh_GCYPYwzDuWA7ntIhG_sSAG-7nOuinaMw-HUbwasEwk5QyXmfRwk5P4C_mOCAPtKqFB1yaponw.mey2-q3737ak9KJD2ngicyKnZ2a4D_m9qWOXTCWPuaw&dib_tag=se&m=A3UEK3VBJ6ADB7&marketplaceID=A19VAU5U5O7RUS&qid=1776495998&refinements=p_36%3A12500-13000&s=merchant-items&sr=1-212&xpid=t3aYNHeeFsod_,TEAM 43471 Tsurisha Hand Clamp V6 II
B01EJ7OT88,,,,
B01E9NDT74,,129.92,https://www.amazon.sg/Planet-GSD-604HP-GETH-Switch/dp/B01E9NDT74/ref=sr_1_213?dib=eyJ2IjoiMSJ9.G4FYW38UlmmDd5DF-LbALzdhBUZEre8a5NEJGd3_WewY7FSMNgBQ18cnFQzU3cys0uIsi8aH56LFj89cjEbAhaHZ-8QJySXQh_GCYPYwzDuWA7ntIhG_sSAG-7nOuinaMw-HUbwasEwk5QyXmfRwk5P4C_mOCAPtKqFB1yaponw.mey2-q3737ak9KJD2ngicyKnZ2a4D_m9qWOXTCWPuaw&dib_tag=se&m=A3UEK3VBJ6ADB7&marketplaceID=A19VAU5U5O7RUS&qid=1776495998&refinements=p_36%3A12500-13000&s=merchant-items&sr=1-213&xpid=t3aYNHeeFsod_#customerReviews,Planet GSD 604HP GETH PoE Switch 4x 55 W + 2x AT GETH (GSD 604HP)
B01E9NDT74,,,,
B01CQ4HEI8,,127.57,https://www.amazon.sg/One-Control-Starter-Effectors-Included/dp/B01CQ4HEI8/ref=sr_1_214?dib=eyJ2IjoiMSJ9.G4FYW38UlmmDd5DF-LbALzdhBUZEre8a5NEJGd3_WewY7FSMNgBQ18cnFQzU3cys0uIsi8aH56LFj89cjEbAhaHZ-8QJySXQh_GCYPYwzDuWA7ntIhG_sSAG-7nOuinaMw-HUbwasEwk5QyXmfRwk5P4C_mOCAPtKqFB1yaponw.mey2-q3737ak9KJD2ngicyKnZ2a4D_m9qWOXTCWPuaw&dib_tag=se&m=A3UEK3VBJ6ADB7&marketplaceID=A19VAU5U5O7RUS&qid=1776495998&refinements=p_36%3A12500-13000&s=merchant-items&sr=1-214&xpid=t3aYNHeeFsod_,"One Control Power Supply Starter Kit for One Control Effectors Distro Minimal All In One Pack (DC Cable, Adapter Included)"
B01CQ4HEI8,,,,
B01CQ4HEH4,,126.0,https://www.amazon.sg/One-Control-Distro-Minimal-Effectors/dp/B01CQ4HEH4/ref=sr_1_215?dib=eyJ2IjoiMSJ9.G4FYW38UlmmDd5DF-LbALzdhBUZEre8a5NEJGd3_WewY7FSMNgBQ18cnFQzU3cys0uIsi8aH56LFj89cjEbAhaHZ-8QJySXQh_GCYPYwzDuWA7ntIhG_sSAG-7nOuinaMw-HUbwasEwk5QyXmfRwk5P4C_mOCAPtKqFB1yaponw.mey2-q3737ak9KJD2ngicyKnZ2a4D_m9qWOXTCWPuaw&dib_tag=se&m=A3UEK3VBJ6ADB7&marketplaceID=A19VAU5U5O7RUS&qid=1776495998&refinements=p_36%3A12500-13000&s=merchant-items&sr=1-215&xpid=t3aYNHeeFsod_,One Control Power Supply Distro Minimal for One Control Effectors
B01CQ4HEH4,,,,
B01ACYT3EM,,128.71,https://www.amazon.sg/Kotobukiya-Order-Rabbit-Chino-ANI-Statue/dp/B01ACYT3EM/ref=sr_1_216?dib=eyJ2IjoiMSJ9.G4FYW38UlmmDd5DF-LbALzdhBUZEre8a5NEJGd3_WewY7FSMNgBQ18cnFQzU3cys0uIsi8aH56LFj89cjEbAhaHZ-8QJySXQh_GCYPYwzDuWA7ntIhG_sSAG-7nOuinaMw-HUbwasEwk5QyXmfRwk5P4C_mOCAPtKqFB1yaponw.mey2-q3737ak9KJD2ngicyKnZ2a4D_m9qWOXTCWPuaw&dib_tag=se&m=A3UEK3VBJ6ADB7&marketplaceID=A19VAU5U5O7RUS&qid=1776495998&refinements=p_36%3A12500-13000&s=merchant-items&sr=1-216&xpid=t3aYNHeeFsod_#customerReviews,Kotobukiya is The Order A Rabbit?: Chino ANI-Statue
B018T5WR3U,,126.0,https://www.amazon.sg/Uni-Ball-3100-8100-Headset-Microphone/dp/B018T5WR3U/ref=sr_1_217?dib=eyJ2IjoiMSJ9.G4FYW38UlmmDd5DF-LbALzdhBUZEre8a5NEJGd3_WewY7FSMNgBQ18cnFQzU3cys0uIsi8aH56LFj89cjEbAhaHZ-8QJySXQh_GCYPYwzDuWA7ntIhG_sSAG-7nOuinaMw-HUbwasEwk5QyXmfRwk5P4C_mOCAPtKqFB1yaponw.mey2-q3737ak9KJD2ngicyKnZ2a4D_m9qWOXTCWPuaw&dib_tag=se&m=A3UEK3VBJ6ADB7&marketplaceID=A19VAU5U5O7RUS&qid=1776495998&refinements=p_36%3A12500-13000&s=merchant-items&sr=1-217&xpid=t3aYNHeeFsod_,Uni-Ball Pex WM???3100?WM???8100?a for Headset Microphone HM???10E
B018T5WR3U,,,,
B017V4QYV6,,128.99,https://www.amazon.sg/GRIP-12418-C-Shaped-Pliers-inches/dp/B017V4QYV6/ref=sr_1_218?dib=eyJ2IjoiMSJ9.G4FYW38UlmmDd5DF-LbALzdhBUZEre8a5NEJGd3_WewY7FSMNgBQ18cnFQzU3cys0uIsi8aH56LFj89cjEbAhaHZ-8QJySXQh_GCYPYwzDuWA7ntIhG_sSAG-7nOuinaMw-HUbwasEwk5QyXmfRwk5P4C_mOCAPtKqFB1yaponw.mey2-q3737ak9KJD2ngicyKnZ2a4D_m9qWOXTCWPuaw&dib_tag=se&m=A3UEK3VBJ6ADB7&marketplaceID=A19VAU5U5O7RUS&qid=1776495998&refinements=p_36%3A12500-13000&s=merchant-items&sr=1-218&xpid=t3aYNHeeFsod_,"GRIP-ON 12418 C-Shaped Grip Pliers, 18.1 inches (460 mm)"
B017V4QYV6,,,,
B017FCHSS2,,127.2,https://www.amazon.sg/Adjustable-curtain-rail-set-508577/dp/B017FCHSS2/ref=sr_1_219?dib=eyJ2IjoiMSJ9.G4FYW38UlmmDd5DF-LbALzdhBUZEre8a5NEJGd3_WewY7FSMNgBQ18cnFQzU3cys0uIsi8aH56LFj89cjEbAhaHZ-8QJySXQh_GCYPYwzDuWA7ntIhG_sSAG-7nOuinaMw-HUbwasEwk5QyXmfRwk5P4C_mOCAPtKqFB1yaponw.mey2-q3737ak9KJD2ngicyKnZ2a4D_m9qWOXTCWPuaw&dib_tag=se&m=A3UEK3VBJ6ADB7&marketplaceID=A19VAU5U5O7RUS&qid=1776495998&refinements=p_36%3A12500-13000&s=merchant-items&sr=1-219&xpid=t3aYNHeeFsod_#customerReviews,Adjustable curtain rail set 5M 508577
B017FCHSS2,,,,
B016DPFPQY,,126.24,https://www.amazon.sg/division-micro-perforated-multi-copy-acceptable-withholding/dp/B016DPFPQY/ref=sr_1_225?dib=eyJ2IjoiMSJ9.yaWNjSfJdVQDX7nO09oOoMZ1hqUDOg5_D8-WmUFkSa9FxS32OY7wxM2dsi8E8b2XFNlQdjEY3tEmK94Nt1tgaQ.7Er3336Sw-vXuz8Ecx3uyeoDMUMg5SVq1IyT9TmYzpw&dib_tag=se&m=A3UEK3VBJ6ADB7&marketplaceID=A19VAU5U5O7RUS&qid=1776496004&refinements=p_36%3A12500-13000&s=merchant-items&sr=1-225&xpid=t3aYNHeeFsod_#customerReviews,God land A4 2 division micro-perforated PPC multi-copy paper (500 sheets) also acceptable to cut paper blank invoice withholding slip
B016DPFPQY,,,,
B014VYMT6S,,126.67,https://www.amazon.sg/Exciting-full-pet-shop-cat/dp/B014VYMT6S/ref=sr_1_226?dib=eyJ2IjoiMSJ9.yaWNjSfJdVQDX7nO09oOoMZ1hqUDOg5_D8-WmUFkSa9FxS32OY7wxM2dsi8E8b2XFNlQdjEY3tEmK94Nt1tgaQ.7Er3336Sw-vXuz8Ecx3uyeoDMUMg5SVq1IyT9TmYzpw&dib_tag=se&m=A3UEK3VBJ6ADB7&marketplaceID=A19VAU5U5O7RUS&qid=1776496004&refinements=p_36%3A12500-13000&s=merchant-items&sr=1-226&xpid=t3aYNHeeFsod_#customerReviews,Exciting full! Series pet shop cat
B00ZGY25VC,,132.5,https://www.amazon.sg/Marukyu-Corn-Dangochinu/dp/B00ZGY25VC/ref=sr_1_227?dib=eyJ2IjoiMSJ9.yaWNjSfJdVQDX7nO09oOoMZ1hqUDOg5_D8-WmUFkSa9FxS32OY7wxM2dsi8E8b2XFNlQdjEY3tEmK94Nt1tgaQ.7Er3336Sw-vXuz8Ecx3uyeoDMUMg5SVq1IyT9TmYzpw&dib_tag=se&m=A3UEK3VBJ6ADB7&marketplaceID=A19VAU5U5O7RUS&qid=1776496004&refinements=p_36%3A12500-13000&s=merchant-items&sr=1-227&xpid=t3aYNHeeFsod_,Marukyu Corn Dangochinu
B00ZGY25VC,,,,
B00Y4UJVGG,,130.0,https://www.amazon.sg/Banpresto-Sailor-Moon-Neptune-Figure/dp/B00Y4UJVGG/ref=sr_1_228?dib=eyJ2IjoiMSJ9.yaWNjSfJdVQDX7nO09oOoMZ1hqUDOg5_D8-WmUFkSa9FxS32OY7wxM2dsi8E8b2XFNlQdjEY3tEmK94Nt1tgaQ.7Er3336Sw-vXuz8Ecx3uyeoDMUMg5SVq1IyT9TmYzpw&dib_tag=se&m=A3UEK3VBJ6ADB7&marketplaceID=A19VAU5U5O7RUS&qid=1776496004&refinements=p_36%3A12500-13000&s=merchant-items&sr=1-228&xpid=t3aYNHeeFsod_#customerReviews,"Banpresto Sailor Moon 6.3"" Sailor Neptune Figure"
B00XZXB47M,,129.19,https://www.amazon.sg/Kotobukiya-Comics-Canary-Bishoujo-Statue/dp/B00XZXB47M/ref=sr_1_229?dib=eyJ2IjoiMSJ9.yaWNjSfJdVQDX7nO09oOoMZ1hqUDOg5_D8-WmUFkSa9FxS32OY7wxM2dsi8E8b2XFNlQdjEY3tEmK94Nt1tgaQ.7Er3336Sw-vXuz8Ecx3uyeoDMUMg5SVq1IyT9TmYzpw&dib_tag=se&m=A3UEK3VBJ6ADB7&marketplaceID=A19VAU5U5O7RUS&qid=1776496004&refinements=p_36%3A12500-13000&s=merchant-items&sr=1-229&xpid=t3aYNHeeFsod_#customerReviews,Kotobukiya Dc Comics Black Canary Bishoujo Statue
B00UV7HUJG,,126.31,https://www.amazon.sg/Molybdenum-Stewer-inches-Plastic-Handle/dp/B00UV7HUJG/ref=sr_1_225?dib=eyJ2IjoiMSJ9.afgfSjKdOW7P7biEbVyi1IqbgWGKbp9Wwf-CZN2R3eRCDj2zHLEtGA7EwkdiG5Cl9gi8mcbVSt3fixTnQ-7ZHTObqNmY3EEUFszRJlhxzA_oedY6khfcJsbxwZyXZPUOybh7_e0V8mRZAcF3givl9z5y3lMu7RtwXlp2Fu-_EmY.mup_RgJmt9L6mr7qtbY-NU2zW1gKjIbHmwrc0pwY8rk&dib_tag=se&m=A3UEK3VBJ6ADB7&marketplaceID=A19VAU5U5O7RUS&qid=1776496004&refinements=p_36%3A12500-13000&s=merchant-items&sr=1-225&xpid=t3aYNHeeFsod_,"MT PCE Molybdenum Pro & Stewer Pot, 9.4 inches (24 cm) (Plastic Handle Type)"
B00UV7HUJG,,,,
B00UH9SO8O,,129.12,https://www.amazon.sg/NTN-Angular-Contact-Bearing-7311BDB/dp/B00UH9SO8O/ref=sr_1_226?dib=eyJ2IjoiMSJ9.afgfSjKdOW7P7biEbVyi1IqbgWGKbp9Wwf-CZN2R3eRCDj2zHLEtGA7EwkdiG5Cl9gi8mcbVSt3fixTnQ-7ZHTObqNmY3EEUFszRJlhxzA_oedY6khfcJsbxwZyXZPUOybh7_e0V8mRZAcF3givl9z5y3lMu7RtwXlp2Fu-_EmY.mup_RgJmt9L6mr7qtbY-NU2zW1gKjIbHmwrc0pwY8rk&dib_tag=se&m=A3UEK3VBJ6ADB7&marketplaceID=A19VAU5U5O7RUS&qid=1776496004&refinements=p_36%3A12500-13000&s=merchant-items&sr=1-226&xpid=t3aYNHeeFsod_,NTN Angular Contact Ball Bearing 7311BDB
B00UH9SO8O,,,,
B00T0D8EY2,,128.98,https://www.amazon.sg/Tufo-Elite-Tubular-Tire-Black/dp/B00T0D8EY2/ref=sr_1_227?dib=eyJ2IjoiMSJ9.afgfSjKdOW7P7biEbVyi1IqbgWGKbp9Wwf-CZN2R3eRCDj2zHLEtGA7EwkdiG5Cl9gi8mcbVSt3fixTnQ-7ZHTObqNmY3EEUFszRJlhxzA_oedY6khfcJsbxwZyXZPUOybh7_e0V8mRZAcF3givl9z5y3lMu7RtwXlp2Fu-_EmY.mup_RgJmt9L6mr7qtbY-NU2zW1gKjIbHmwrc0pwY8rk&dib_tag=se&m=A3UEK3VBJ6ADB7&marketplaceID=A19VAU5U5O7RUS&qid=1776496004&refinements=p_36%3A12500-13000&s=merchant-items&sr=1-227&xpid=t3aYNHeeFsod_,Tufo 700 x 23 Tufo Elite S3 <225 Tubular Tire
B00T0D8EY2,,,,
B00S129KJQ,,127.77,https://www.amazon.sg/Herbol-Cambium-Arborist-Retrievable-Anchor/dp/B00S129KJQ/ref=sr_1_228?dib=eyJ2IjoiMSJ9.afgfSjKdOW7P7biEbVyi1IqbgWGKbp9Wwf-CZN2R3eRCDj2zHLEtGA7EwkdiG5Cl9gi8mcbVSt3fixTnQ-7ZHTObqNmY3EEUFszRJlhxzA_oedY6khfcJsbxwZyXZPUOybh7_e0V8mRZAcF3givl9z5y3lMu7RtwXlp2Fu-_EmY.mup_RgJmt9L6mr7qtbY-NU2zW1gKjIbHmwrc0pwY8rk&dib_tag=se&m=A3UEK3VBJ6ADB7&marketplaceID=A19VAU5U5O7RUS&qid=1776496004&refinements=p_36%3A12500-13000&s=merchant-items&sr=1-228&xpid=t3aYNHeeFsod_,Camp Herbol Cambium Saver Arborist Retrievable Anchor 120cm 47 inch
B00S129KJQ,,,,
B00OK2UQ80,,129.88,https://www.amazon.sg/Good-Smile-Racing-Miku-Sponsorship/dp/B00OK2UQ80/ref=sr_1_229?dib=eyJ2IjoiMSJ9.afgfSjKdOW7P7biEbVyi1IqbgWGKbp9Wwf-CZN2R3eRCDj2zHLEtGA7EwkdiG5Cl9gi8mcbVSt3fixTnQ-7ZHTObqNmY3EEUFszRJlhxzA_oedY6khfcJsbxwZyXZPUOybh7_e0V8mRZAcF3givl9z5y3lMu7RtwXlp2Fu-_EmY.mup_RgJmt9L6mr7qtbY-NU2zW1gKjIbHmwrc0pwY8rk&dib_tag=se&m=A3UEK3VBJ6ADB7&marketplaceID=A19VAU5U5O7RUS&qid=1776496004&refinements=p_36%3A12500-13000&s=merchant-items&sr=1-229&xpid=t3aYNHeeFsod_#customerReviews,Good Smile Racing Miku: Personal Sponsorship Nendoroid Action Figure (Course 2014 Version)
B00NYABET4,,127.23,https://www.amazon.sg/TIEMCO-Freak-Boost-WILLOW-117142/dp/B00NYABET4/ref=sr_1_230?dib=eyJ2IjoiMSJ9.afgfSjKdOW7P7biEbVyi1IqbgWGKbp9Wwf-CZN2R3eRCDj2zHLEtGA7EwkdiG5Cl9gi8mcbVSt3fixTnQ-7ZHTObqNmY3EEUFszRJlhxzA_oedY6khfcJsbxwZyXZPUOybh7_e0V8mRZAcF3givl9z5y3lMu7RtwXlp2Fu-_EmY.mup_RgJmt9L6mr7qtbY-NU2zW1gKjIbHmwrc0pwY8rk&dib_tag=se&m=A3UEK3VBJ6ADB7&marketplaceID=A19VAU5U5O7RUS&qid=1776496004&refinements=p_36%3A12500-13000&s=merchant-items&sr=1-230&xpid=t3aYNHeeFsod_#customerReviews,3M Scientific Anglers(スリーエムサイエンティフィックアングラーズ) フリークエンシィ ブースト 090512128003
B00NYABET4,,,,
B00N3MZQEW,,137.97,https://www.amazon.sg/NICHIFU-R38-8S-R388S/dp/B00N3MZQEW/ref=sr_1_231?dib=eyJ2IjoiMSJ9.afgfSjKdOW7P7biEbVyi1IqbgWGKbp9Wwf-CZN2R3eRCDj2zHLEtGA7EwkdiG5Cl9gi8mcbVSt3fixTnQ-7ZHTObqNmY3EEUFszRJlhxzA_oedY6khfcJsbxwZyXZPUOybh7_e0V8mRZAcF3givl9z5y3lMu7RtwXlp2Fu-_EmY.mup_RgJmt9L6mr7qtbY-NU2zW1gKjIbHmwrc0pwY8rk&dib_tag=se&m=A3UEK3VBJ6ADB7&marketplaceID=A19VAU5U5O7RUS&qid=1776496004&refinements=p_36%3A12500-13000&s=merchant-items&sr=1-231&xpid=t3aYNHeeFsod_,R388S
B00N3MZQEW,,,,
B00M5B69NE,,129.22,https://www.amazon.sg/%E4%BC%8D%E5%91%A8%E5%B9%B4%E8%A8%98%E5%BF%B5-%E4%B8%80%E7%95%AA%E3%81%8F%E3%81%98%E3%83%97%E3%83%AC%E3%83%9F%E3%82%A2%E3%83%A0-%E3%80%88%E7%89%A9%E8%AA%9E%E3%80%89%E3%82%B7%E3%83%AA%E3%83%BC%E3%82%BA-%EF%BD%9E%E6%9A%A6%E3%83%8E%E8%87%B3%E7%A6%8F%E3%83%8E%E6%99%82%EF%BD%9E-B%E8%B3%9E-%E5%85%AB%E4%B9%9D%E5%AF%BA%E7%9C%9F%E5%AE%B5%E3%83%97%E3%83%AC%E3%83%9F%E3%82%A2%E3%83%A0%E3%83%95%E3%82%A3%E3%82%AE%E3%83%A5%E3%82%A2/dp/B00M5B69NE/ref=sr_1_232?dib=eyJ2IjoiMSJ9.afgfSjKdOW7P7biEbVyi1IqbgWGKbp9Wwf-CZN2R3eRCDj2zHLEtGA7EwkdiG5Cl9gi8mcbVSt3fixTnQ-7ZHTObqNmY3EEUFszRJlhxzA_oedY6khfcJsbxwZyXZPUOybh7_e0V8mRZAcF3givl9z5y3lMu7RtwXlp2Fu-_EmY.mup_RgJmt9L6mr7qtbY-NU2zW1gKjIbHmwrc0pwY8rk&dib_tag=se&m=A3UEK3VBJ6ADB7&marketplaceID=A19VAU5U5O7RUS&qid=1776496004&refinements=p_36%3A12500-13000&s=merchant-items&sr=1-232&xpid=t3aYNHeeFsod_#customerReviews,伍周年記念 一番くじプレミアム 〈物語〉シリーズ ～暦ノ至福ノ時～　B賞 八九寺真宵プレミアムフィギュア
B00LMWR9I6,,127.0,https://www.amazon.sg/Broccoli-Zillions-Enemy-Sniper-Figure/dp/B00LMWR9I6/ref=sr_1_233?dib=eyJ2IjoiMSJ9.afgfSjKdOW7P7biEbVyi1IqbgWGKbp9Wwf-CZN2R3eRCDj2zHLEtGA7EwkdiG5Cl9gi8mcbVSt3fixTnQ-7ZHTObqNmY3EEUFszRJlhxzA_oedY6khfcJsbxwZyXZPUOybh7_e0V8mRZAcF3givl9z5y3lMu7RtwXlp2Fu-_EmY.mup_RgJmt9L6mr7qtbY-NU2zW1gKjIbHmwrc0pwY8rk&dib_tag=se&m=A3UEK3VBJ6ADB7&marketplaceID=A19VAU5U5O7RUS&qid=1776496004&refinements=p_36%3A12500-13000&s=merchant-items&sr=1-233&xpid=t3aYNHeeFsod_,Broccoli Z/X Zillions of Enemy X: Sword Sniper Rigel PVC Figure
B00LLZE5UY,,125.6,https://www.amazon.sg/Kotobukiya-Sakura-Puella-Madoka-Magika/dp/B00LLZE5UY/ref=sr_1_234?dib=eyJ2IjoiMSJ9.afgfSjKdOW7P7biEbVyi1IqbgWGKbp9Wwf-CZN2R3eRCDj2zHLEtGA7EwkdiG5Cl9gi8mcbVSt3fixTnQ-7ZHTObqNmY3EEUFszRJlhxzA_oedY6khfcJsbxwZyXZPUOybh7_e0V8mRZAcF3givl9z5y3lMu7RtwXlp2Fu-_EmY.mup_RgJmt9L6mr7qtbY-NU2zW1gKjIbHmwrc0pwY8rk&dib_tag=se&m=A3UEK3VBJ6ADB7&marketplaceID=A19VAU5U5O7RUS&qid=1776496004&refinements=p_36%3A12500-13000&s=merchant-items&sr=1-234&xpid=t3aYNHeeFsod_#customerReviews,"Kotobukiya Kyoko Sakura ""Puella Magi Madoka Magika"" - Cu-Poche Figure"
B00L3SMKSI,,139.81,https://www.amazon.sg/Kitaco-300-1432010-High-Camshaft-Type/dp/B00L3SMKSI/ref=sr_1_235?dib=eyJ2IjoiMSJ9.afgfSjKdOW7P7biEbVyi1IqbgWGKbp9Wwf-CZN2R3eRCDj2zHLEtGA7EwkdiG5Cl9gi8mcbVSt3fixTnQ-7ZHTObqNmY3EEUFszRJlhxzA_oedY6khfcJsbxwZyXZPUOybh7_e0V8mRZAcF3givl9z5y3lMu7RtwXlp2Fu-_EmY.mup_RgJmt9L6mr7qtbY-NU2zW1gKjIbHmwrc0pwY8rk&dib_tag=se&m=A3UEK3VBJ6ADB7&marketplaceID=A19VAU5U5O7RUS&qid=1776496004&refinements=p_36%3A12500-13000&s=merchant-items&sr=1-235&xpid=t3aYNHeeFsod_#customerReviews,"Kitaco 300-1432010 High Camshaft (Type 2), Grom"
B00L3SMKSI,,,,
B00KOQ51CW,,127.57,https://www.amazon.sg/%E3%82%B3%E3%83%88%E3%83%96%E3%82%AD%E3%83%A4%E3%82%B7%E3%83%A7%E3%83%83%E3%83%97%E9%99%90%E5%AE%9A-%E5%83%95%E3%81%AF%E5%8F%8B%E9%81%94%E3%81%8C%E5%B0%91%E3%81%AA%E3%81%84next-%E7%BE%BD%E7%80%AC%E5%B7%9D%E5%B0%8F%E9%B3%A9-%E9%AB%98%E8%B2%B4%E3%83%8A%E3%83%AB%E5%A4%9C%E3%83%8E%E8%A1%80%E6%97%8F-Pvc%E5%A1%97%E8%A3%85%E6%B8%88%E3%81%BF%E5%AE%8C%E6%88%90%E5%93%81/dp/B00KOQ51CW/ref=sr_1_241?dib=eyJ2IjoiMSJ9.MHbdGq21VsrB8ED25ASiGEUPEksr8L2_h9Exsaq_1tXSz4yZGdK_750Le2b_0Egbjjd4ZQoTd3zSNqg7Ie2OuQ.67etBJV0IOpAF07SX9_AT__CcQffLF12235yovOHZtA&dib_tag=se&m=A3UEK3VBJ6ADB7&marketplaceID=A19VAU5U5O7RUS&qid=1776496008&refinements=p_36%3A12500-13000&s=merchant-items&sr=1-241&xpid=t3aYNHeeFsod_#customerReviews,コトブキヤショップ限定 僕は友達が少ないnext 羽瀬川小鳩 -高貴ナル夜ノ血族- (1/8スケール Pvc塗装済み完成品)
B00JFL5QEK,,129.0,https://www.amazon.sg/%E3%82%AD%E3%83%A3%E3%83%88%E3%83%AB%E3%83%BB%E3%82%BB%E3%82%BE%E3%83%B3-GRILLER-Tools-Griller-Black/dp/B00JFL5QEK/ref=sr_1_242?dib=eyJ2IjoiMSJ9.MHbdGq21VsrB8ED25ASiGEUPEksr8L2_h9Exsaq_1tXSz4yZGdK_750Le2b_0Egbjjd4ZQoTd3zSNqg7Ie2OuQ.67etBJV0IOpAF07SX9_AT__CcQffLF12235yovOHZtA&dib_tag=se&m=A3UEK3VBJ6ADB7&marketplaceID=A19VAU5U5O7RUS&qid=1776496008&refinements=p_36%3A12500-13000&s=merchant-items&sr=1-242&xpid=t3aYNHeeFsod_,"GRILLER Tools Griller, Black"
B00JFL5QEK,,,,
B00I41KQPQ,,125.77,https://www.amazon.sg/Signet-11724-Drive-Socket-Wrench/dp/B00I41KQPQ/ref=sr_1_243?dib=eyJ2IjoiMSJ9.MHbdGq21VsrB8ED25ASiGEUPEksr8L2_h9Exsaq_1tXSz4yZGdK_750Le2b_0Egbjjd4ZQoTd3zSNqg7Ie2OuQ.67etBJV0IOpAF07SX9_AT__CcQffLF12235yovOHZtA&dib_tag=se&m=A3UEK3VBJ6ADB7&marketplaceID=A19VAU5U5O7RUS&qid=1776496008&refinements=p_36%3A12500-13000&s=merchant-items&sr=1-243&xpid=t3aYNHeeFsod_,Signet 11724 1/4 Drive 24 MM Socket Wrench Set
B00I41KQPQ,,,,
B00HJEHMDI,,125.77,https://www.amazon.sg/DIXNA-V23P026-Crank-Chainring-Outerwear/dp/B00HJEHMDI/ref=sr_1_244?dib=eyJ2IjoiMSJ9.MHbdGq21VsrB8ED25ASiGEUPEksr8L2_h9Exsaq_1tXSz4yZGdK_750Le2b_0Egbjjd4ZQoTd3zSNqg7Ie2OuQ.67etBJV0IOpAF07SX9_AT__CcQffLF12235yovOHZtA&dib_tag=se&m=A3UEK3VBJ6ADB7&marketplaceID=A19VAU5U5O7RUS&qid=1776496008&refinements=p_36%3A12500-13000&s=merchant-items&sr=1-244&xpid=t3aYNHeeFsod_,"DIXNA V23P026 La Crank Chainring, Outerwear, 10/11 Tiers, Color/Teeth, Black/49T, Black"
B00HJEHMDI,,,,
B00HFIHEDG,,141.99,https://www.amazon.sg/T09KM270-Titanium-Tumbler-Tsubame-Prefecture/dp/B00HFIHEDG/ref=sr_1_245?dib=eyJ2IjoiMSJ9.MHbdGq21VsrB8ED25ASiGEUPEksr8L2_h9Exsaq_1tXSz4yZGdK_750Le2b_0Egbjjd4ZQoTd3zSNqg7Ie2OuQ.67etBJV0IOpAF07SX9_AT__CcQffLF12235yovOHZtA&dib_tag=se&m=A3UEK3VBJ6ADB7&marketplaceID=A19VAU5U5O7RUS&qid=1776496008&refinements=p_36%3A12500-13000&s=merchant-items&sr=1-245&xpid=t3aYNHeeFsod_#customerReviews,"HORIE T09KM270 Titanium Double Wall Tumbler, Made in Tsubame, Niigata Prefecture, Light 9.1 fl oz (270 cc), Gold"
B00HFIHEDG,,,,
B00HDE60BO,,128.0,https://www.amazon.sg/COSMO-DARTS-Shaft-%E3%83%81%E3%82%BF%E3%83%8B%E3%82%A6%E3%83%A0-%E3%83%AD%E3%83%83%E3%82%AF%E3%82%BF%E3%82%A4%E3%83%97/dp/B00HDE60BO/ref=sr_1_241?dib=eyJ2IjoiMSJ9.MPP_azSvM1v4P9aw4Yy7i0LVHzvrsMlW0y_e0HLha1X2solQzD8HwtT-mO24bM7Hk9AhmL1K8D5hNimuJock3jtLE0hfsu9ioAelOarw9I5gdmgqJxsdJ1SbkBS6Vq22tWsv8SPK3X0JpFTe_YOwkpsIeBUOY77nWqgJMRcriaI.-P7vcgFSoQuclbxA9zlJIAcb1xEbGZKLw3TqyK3NbqA&dib_tag=se&m=A3UEK3VBJ6ADB7&marketplaceID=A19VAU5U5O7RUS&qid=1776496008&refinements=p_36%3A12500-13000&s=merchant-items&sr=1-241&xpid=t3aYNHeeFsod_,COSMO DARTS Fit Shaft チタニウム スリム ロックタイプ 焼き色 サイズ1 3本
B00HDE60BO,,,,
B00G33YYK0,,127.8,https://www.amazon.sg/Jefcom-JF-CS100-Joint-Fishing-Master/dp/B00G33YYK0/ref=sr_1_242?dib=eyJ2IjoiMSJ9.MPP_azSvM1v4P9aw4Yy7i0LVHzvrsMlW0y_e0HLha1X2solQzD8HwtT-mO24bM7Hk9AhmL1K8D5hNimuJock3jtLE0hfsu9ioAelOarw9I5gdmgqJxsdJ1SbkBS6Vq22tWsv8SPK3X0JpFTe_YOwkpsIeBUOY77nWqgJMRcriaI.-P7vcgFSoQuclbxA9zlJIAcb1xEbGZKLw3TqyK3NbqA&dib_tag=se&m=A3UEK3VBJ6ADB7&marketplaceID=A19VAU5U5O7RUS&qid=1776496008&refinements=p_36%3A12500-13000&s=merchant-items&sr=1-242&xpid=t3aYNHeeFsod_,Jefcom JF-CS100 Joint Fishing Master Case
B00G33YYK0,,,,
B00G32AOFU,,126.42,https://www.amazon.sg/Kotobukiya-Figures-Cu-Poche-Black-Cat/dp/B00G32AOFU/ref=sr_1_243?dib=eyJ2IjoiMSJ9.MPP_azSvM1v4P9aw4Yy7i0LVHzvrsMlW0y_e0HLha1X2solQzD8HwtT-mO24bM7Hk9AhmL1K8D5hNimuJock3jtLE0hfsu9ioAelOarw9I5gdmgqJxsdJ1SbkBS6Vq22tWsv8SPK3X0JpFTe_YOwkpsIeBUOY77nWqgJMRcriaI.-P7vcgFSoQuclbxA9zlJIAcb1xEbGZKLw3TqyK3NbqA&dib_tag=se&m=A3UEK3VBJ6ADB7&marketplaceID=A19VAU5U5O7RUS&qid=1776496008&refinements=p_36%3A12500-13000&s=merchant-items&sr=1-243&xpid=t3aYNHeeFsod_#customerReviews,Kotobukiya Figures - Cu-Poche Black Cat
B00FYL4600,,128.79,https://www.amazon.sg/Tufo-700X19-Elite-Tubular-Black/dp/B00FYL4600/ref=sr_1_244?dib=eyJ2IjoiMSJ9.MPP_azSvM1v4P9aw4Yy7i0LVHzvrsMlW0y_e0HLha1X2solQzD8HwtT-mO24bM7Hk9AhmL1K8D5hNimuJock3jtLE0hfsu9ioAelOarw9I5gdmgqJxsdJ1SbkBS6Vq22tWsv8SPK3X0JpFTe_YOwkpsIeBUOY77nWqgJMRcriaI.-P7vcgFSoQuclbxA9zlJIAcb1xEbGZKLw3TqyK3NbqA&dib_tag=se&m=A3UEK3VBJ6ADB7&marketplaceID=A19VAU5U5O7RUS&qid=1776496008&refinements=p_36%3A12500-13000&s=merchant-items&sr=1-244&xpid=t3aYNHeeFsod_,"Tufo 700X19 Elite 125 Tubular Tire, Black"
B00FYL4600,,,,
B00FARZTLS,,129.53,https://www.amazon.sg/lottery-Kagaku-Railgun-Misaka-Premium/dp/B00FARZTLS/ref=sr_1_245?dib=eyJ2IjoiMSJ9.MPP_azSvM1v4P9aw4Yy7i0LVHzvrsMlW0y_e0HLha1X2solQzD8HwtT-mO24bM7Hk9AhmL1K8D5hNimuJock3jtLE0hfsu9ioAelOarw9I5gdmgqJxsdJ1SbkBS6Vq22tWsv8SPK3X0JpFTe_YOwkpsIeBUOY77nWqgJMRcriaI.-P7vcgFSoQuclbxA9zlJIAcb1xEbGZKLw3TqyK3NbqA&dib_tag=se&m=A3UEK3VBJ6ADB7&marketplaceID=A19VAU5U5O7RUS&qid=1776496008&refinements=p_36%3A12500-13000&s=merchant-items&sr=1-245&xpid=t3aYNHeeFsod_,"Most lottery "" Aru Kagaku No Railgun Sa Award Misaka Mikoto Premium Figure"
B00DBOUB38,,146.99,https://www.amazon.sg/NTN-UKF211D1-Ntn-Housing-Park/dp/B00DBOUB38/ref=sr_1_246?dib=eyJ2IjoiMSJ9.MPP_azSvM1v4P9aw4Yy7i0LVHzvrsMlW0y_e0HLha1X2solQzD8HwtT-mO24bM7Hk9AhmL1K8D5hNimuJock3jtLE0hfsu9ioAelOarw9I5gdmgqJxsdJ1SbkBS6Vq22tWsv8SPK3X0JpFTe_YOwkpsIeBUOY77nWqgJMRcriaI.-P7vcgFSoQuclbxA9zlJIAcb1xEbGZKLw3TqyK3NbqA&dib_tag=se&m=A3UEK3VBJ6ADB7&marketplaceID=A19VAU5U5O7RUS&qid=1776496008&refinements=p_36%3A12500-13000&s=merchant-items&sr=1-246&xpid=t3aYNHeeFsod_,Ntn - Housing Park
B00DBOUB38,,,,
B00C9XBJK6,,127.47,https://www.amazon.sg/TIEMCO-90345-Material-Mets-Light/dp/B00C9XBJK6/ref=sr_1_247?dib=eyJ2IjoiMSJ9.MPP_azSvM1v4P9aw4Yy7i0LVHzvrsMlW0y_e0HLha1X2solQzD8HwtT-mO24bM7Hk9AhmL1K8D5hNimuJock3jtLE0hfsu9ioAelOarw9I5gdmgqJxsdJ1SbkBS6Vq22tWsv8SPK3X0JpFTe_YOwkpsIeBUOY77nWqgJMRcriaI.-P7vcgFSoQuclbxA9zlJIAcb1xEbGZKLw3TqyK3NbqA&dib_tag=se&m=A3UEK3VBJ6ADB7&marketplaceID=A19VAU5U5O7RUS&qid=1776496008&refinements=p_36%3A12500-13000&s=merchant-items&sr=1-247&xpid=t3aYNHeeFsod_,TIEMCO 90345 Fly Material Mets Neck #3 Light Blue Dan
B00C9XBJK6,,,,
B00BQWQJR4,,135.85,https://www.amazon.sg/King-anodized-deep-saucepan-scale/dp/B00BQWQJR4/ref=sr_1_248?dib=eyJ2IjoiMSJ9.MPP_azSvM1v4P9aw4Yy7i0LVHzvrsMlW0y_e0HLha1X2solQzD8HwtT-mO24bM7Hk9AhmL1K8D5hNimuJock3jtLE0hfsu9ioAelOarw9I5gdmgqJxsdJ1SbkBS6Vq22tWsv8SPK3X0JpFTe_YOwkpsIeBUOY77nWqgJMRcriaI.-P7vcgFSoQuclbxA9zlJIAcb1xEbGZKLw3TqyK3NbqA&dib_tag=se&m=A3UEK3VBJ6ADB7&marketplaceID=A19VAU5U5O7RUS&qid=1776496008&refinements=p_36%3A12500-13000&s=merchant-items&sr=1-248&xpid=t3aYNHeeFsod_,King anodized deep saucepan ( with scale) 18‡p
B00BQWQJR4,,,,
B00BO16O7M,,126.66,https://www.amazon.sg/Buddhist-Articles-Yawaragi-Sakura-Dedicated/dp/B00BO16O7M/ref=sr_1_249?dib=eyJ2IjoiMSJ9.MPP_azSvM1v4P9aw4Yy7i0LVHzvrsMlW0y_e0HLha1X2solQzD8HwtT-mO24bM7Hk9AhmL1K8D5hNimuJock3jtLE0hfsu9ioAelOarw9I5gdmgqJxsdJ1SbkBS6Vq22tWsv8SPK3X0JpFTe_YOwkpsIeBUOY77nWqgJMRcriaI.-P7vcgFSoQuclbxA9zlJIAcb1xEbGZKLw3TqyK3NbqA&dib_tag=se&m=A3UEK3VBJ6ADB7&marketplaceID=A19VAU5U5O7RUS&qid=1776496008&refinements=p_36%3A12500-13000&s=merchant-items&sr=1-249&xpid=t3aYNHeeFsod_,"Buddhist Altar Articles, Yawaragi Sakura 5 Articles Set and Dedicated Bell Set"
B00BO16O7M,,,,
B00AXV01SW,,125.69,https://www.amazon.sg/Good-Smile-Vocaloid-Kagamine-Nendoroid/dp/B00AXV01SW/ref=sr_1_250?dib=eyJ2IjoiMSJ9.MPP_azSvM1v4P9aw4Yy7i0LVHzvrsMlW0y_e0HLha1X2solQzD8HwtT-mO24bM7Hk9AhmL1K8D5hNimuJock3jtLE0hfsu9ioAelOarw9I5gdmgqJxsdJ1SbkBS6Vq22tWsv8SPK3X0JpFTe_YOwkpsIeBUOY77nWqgJMRcriaI.-P7vcgFSoQuclbxA9zlJIAcb1xEbGZKLw3TqyK3NbqA&dib_tag=se&m=A3UEK3VBJ6ADB7&marketplaceID=A19VAU5U5O7RUS&qid=1776496008&refinements=p_36%3A12500-13000&s=merchant-items&sr=1-250&xpid=t3aYNHeeFsod_#customerReviews,Good Smile Vocaloid: Kagamine Len: Append Nendoroid Action Figure
B00APRV4GC,,126.4,https://www.amazon.sg/Crystal-Octagonal-12x1-25-561515-Shift/dp/B00APRV4GC/ref=sr_1_251?dib=eyJ2IjoiMSJ9.MPP_azSvM1v4P9aw4Yy7i0LVHzvrsMlW0y_e0HLha1X2solQzD8HwtT-mO24bM7Hk9AhmL1K8D5hNimuJock3jtLE0hfsu9ioAelOarw9I5gdmgqJxsdJ1SbkBS6Vq22tWsv8SPK3X0JpFTe_YOwkpsIeBUOY77nWqgJMRcriaI.-P7vcgFSoQuclbxA9zlJIAcb1xEbGZKLw3TqyK3NbqA&dib_tag=se&m=A3UEK3VBJ6ADB7&marketplaceID=A19VAU5U5O7RUS&qid=1776496008&refinements=p_36%3A12500-13000&s=merchant-items&sr=1-251&xpid=t3aYNHeeFsod_#customerReviews,Crystal Octagonal Knob (Star) 200L 12x1.25 Dark Bull 561515 Shift Knob
B00APRV4GC,,,,
B00APRUPQC,,128.1,https://www.amazon.sg/506225-Handle-Spinner-Bearings-Mounting/dp/B00APRUPQC/ref=sr_1_257?dib=eyJ2IjoiMSJ9.mqfgKY9S7k-diOBh0NgZNynzULFpI2dJ83EFeXGJaIQO3J5GRZbzRG8Xy3x5eFliLcFAVuXYlQZHY1O93K-LgA.7oz-LY1LC6mT9A7DUPzRQqemy5RnzsxEN56iNnhJ7R0&dib_tag=se&m=A3UEK3VBJ6ADB7&marketplaceID=A19VAU5U5O7RUS&qid=1776496014&refinements=p_36%3A12500-13000&s=merchant-items&sr=1-257&xpid=t3aYNHeeFsod_#customerReviews,"JET INOUE 506225 Handle Spinner, Round, Red, Uses Bearings, Mounting Handle Size: 1.0-1.3 inches (26-32 mm), Hex Wrench Included, 2 Rubber Washers Included"
B00APRRTFC,,125.92,https://www.amazon.sg/DIXNA-V23P029-Bandage-Brake-Front/dp/B00APRRTFC/ref=sr_1_258?dib=eyJ2IjoiMSJ9.mqfgKY9S7k-diOBh0NgZNynzULFpI2dJ83EFeXGJaIQO3J5GRZbzRG8Xy3x5eFliLcFAVuXYlQZHY1O93K-LgA.7oz-LY1LC6mT9A7DUPzRQqemy5RnzsxEN56iNnhJ7R0&dib_tag=se&m=A3UEK3VBJ6ADB7&marketplaceID=A19VAU5U5O7RUS&qid=1776496014&refinements=p_36%3A12500-13000&s=merchant-items&sr=1-258&xpid=t3aYNHeeFsod_,"DIXNA V23P029 Bandage Brake, More, Front Only, Color: Silver"
B00APRRTFC,,,,
B00APRRT84,,126.18,https://www.amazon.sg/DIXNA-V23P029-Bandage-Brake-Front/dp/B00APRRT84/ref=sr_1_259?dib=eyJ2IjoiMSJ9.mqfgKY9S7k-diOBh0NgZNynzULFpI2dJ83EFeXGJaIQO3J5GRZbzRG8Xy3x5eFliLcFAVuXYlQZHY1O93K-LgA.7oz-LY1LC6mT9A7DUPzRQqemy5RnzsxEN56iNnhJ7R0&dib_tag=se&m=A3UEK3VBJ6ADB7&marketplaceID=A19VAU5U5O7RUS&qid=1776496014&refinements=p_36%3A12500-13000&s=merchant-items&sr=1-259&xpid=t3aYNHeeFsod_,"DIXNA V23P029 Bandage Brake, More, Front Only, Color: Black"
B00APRRT84,,,,
B00AK4KNI0,,125.78,https://www.amazon.sg/Banpresto-Akb48-Christmas-Tapestry-Lottery/dp/B00AK4KNI0/ref=sr_1_260?dib=eyJ2IjoiMSJ9.mqfgKY9S7k-diOBh0NgZNynzULFpI2dJ83EFeXGJaIQO3J5GRZbzRG8Xy3x5eFliLcFAVuXYlQZHY1O93K-LgA.7oz-LY1LC6mT9A7DUPzRQqemy5RnzsxEN56iNnhJ7R0&dib_tag=se&m=A3UEK3VBJ6ADB7&marketplaceID=A19VAU5U5O7RUS&qid=1776496014&refinements=p_36%3A12500-13000&s=merchant-items&sr=1-260&xpid=t3aYNHeeFsod_,Banpresto Akb48 ~ Christmas Gifts ~ No. 1 Tapestry Lottery Most (Japan Import)
B00AK4KNI0,,,,
B009Z0GCY4,,147.96,https://www.amazon.sg/HEXARMOR4030-M-Cut-Resistant-Gloves-PR/dp/B009Z0GCY4/ref=sr_1_261?dib=eyJ2IjoiMSJ9.mqfgKY9S7k-diOBh0NgZNynzULFpI2dJ83EFeXGJaIQO3J5GRZbzRG8Xy3x5eFliLcFAVuXYlQZHY1O93K-LgA.7oz-LY1LC6mT9A7DUPzRQqemy5RnzsxEN56iNnhJ7R0&dib_tag=se&m=A3UEK3VBJ6ADB7&marketplaceID=A19VAU5U5O7RUS&qid=1776496014&refinements=p_36%3A12500-13000&s=merchant-items&sr=1-261&xpid=t3aYNHeeFsod_#customerReviews,GGT5 Series 4021X
B009Z0GCY4,,,,
B0085FT2JC,,125.6,https://www.amazon.sg/LSI-Logic-9207-8i-Controller-LSI00301/dp/B0085FT2JC/ref=sr_1_257?dib=eyJ2IjoiMSJ9.6YDZKW3kL-z90EqakyOVP0bgxJ5yAMykXgbKsUgM8KQKpJ2NfoGKZXfr7WWr52wDJ5KFlHjWvmI050KcBulBRLsHSf842nNAFDnmF8_Kky_CmWLoQwbZgurXIQge-4-ky46GQQ3RjQwHMy4rCKmNthSo7l-wxe0Ljb8YYhetwls.oMnduui7MweXFMunrtsd4y_xRsECpH_4mJphup5G1Kk&dib_tag=se&m=A3UEK3VBJ6ADB7&marketplaceID=A19VAU5U5O7RUS&qid=1776496014&refinements=p_36%3A12500-13000&s=merchant-items&sr=1-257&xpid=t3aYNHeeFsod_,LSI Logic SAS 9207-8i Storage Controller LSI00301
B0085FT2JC,,,,
B007Q1LGWC,,125.68,https://www.amazon.sg/Nippon-Paper-Crecia-Scotty-Quickly/dp/B007Q1LGWC/ref=sr_1_258?dib=eyJ2IjoiMSJ9.6YDZKW3kL-z90EqakyOVP0bgxJ5yAMykXgbKsUgM8KQKpJ2NfoGKZXfr7WWr52wDJ5KFlHjWvmI050KcBulBRLsHSf842nNAFDnmF8_Kky_CmWLoQwbZgurXIQge-4-ky46GQQ3RjQwHMy4rCKmNthSo7l-wxe0Ljb8YYhetwls.oMnduui7MweXFMunrtsd4y_xRsECpH_4mJphup5G1Kk&dib_tag=se&m=A3UEK3VBJ6ADB7&marketplaceID=A19VAU5U5O7RUS&qid=1776496014&refinements=p_36%3A12500-13000&s=merchant-items&sr=1-258&xpid=t3aYNHeeFsod_#customerReviews,Nippon Paper Crecia Scotty Paper Fukin Quickly 5 packs
B007Q1LGWC,,,,
B007F610E2,,126.61,https://www.amazon.sg/WAKAI-Raku-Raku-Board-Anchor-Set/dp/B007F610E2/ref=sr_1_259?dib=eyJ2IjoiMSJ9.6YDZKW3kL-z90EqakyOVP0bgxJ5yAMykXgbKsUgM8KQKpJ2NfoGKZXfr7WWr52wDJ5KFlHjWvmI050KcBulBRLsHSf842nNAFDnmF8_Kky_CmWLoQwbZgurXIQge-4-ky46GQQ3RjQwHMy4rCKmNthSo7l-wxe0Ljb8YYhetwls.oMnduui7MweXFMunrtsd4y_xRsECpH_4mJphup5G1Kk&dib_tag=se&m=A3UEK3VBJ6ADB7&marketplaceID=A19VAU5U5O7RUS&qid=1776496014&refinements=p_36%3A12500-13000&s=merchant-items&sr=1-259&xpid=t3aYNHeeFsod_#customerReviews,"WAKAI Raku-Raku Board Anchor, Set of 200"
B007F610E2,,,,
B007629VLO,,140.65,https://www.amazon.sg/Saraya-GUD-1000-PHJ-41962-Touch-Dispenser/dp/B007629VLO/ref=sr_1_260?dib=eyJ2IjoiMSJ9.6YDZKW3kL-z90EqakyOVP0bgxJ5yAMykXgbKsUgM8KQKpJ2NfoGKZXfr7WWr52wDJ5KFlHjWvmI050KcBulBRLsHSf842nNAFDnmF8_Kky_CmWLoQwbZgurXIQge-4-ky46GQQ3RjQwHMy4rCKmNthSo7l-wxe0Ljb8YYhetwls.oMnduui7MweXFMunrtsd4y_xRsECpH_4mJphup5G1Kk&dib_tag=se&m=A3UEK3VBJ6ADB7&marketplaceID=A19VAU5U5O7RUS&qid=1776496014&refinements=p_36%3A12500-13000&s=merchant-items&sr=1-260&xpid=t3aYNHeeFsod_#customerReviews,Saraya GUD-1000-PHJ 41962 No Touch Dispenser
B007629VLO,,,,
B007629O6Q,,128.51,https://www.amazon.sg/%E6%96%B0%E6%BD%9F%E7%B2%BE%E6%A9%9F-Niigataseiki-T1003000D-T1003-000D/dp/B007629O6Q/ref=sr_1_261?dib=eyJ2IjoiMSJ9.6YDZKW3kL-z90EqakyOVP0bgxJ5yAMykXgbKsUgM8KQKpJ2NfoGKZXfr7WWr52wDJ5KFlHjWvmI050KcBulBRLsHSf842nNAFDnmF8_Kky_CmWLoQwbZgurXIQge-4-ky46GQQ3RjQwHMy4rCKmNthSo7l-wxe0Ljb8YYhetwls.oMnduui7MweXFMunrtsd4y_xRsECpH_4mJphup5G1Kk&dib_tag=se&m=A3UEK3VBJ6ADB7&marketplaceID=A19VAU5U5O7RUS&qid=1776496014&refinements=p_36%3A12500-13000&s=merchant-items&sr=1-261&xpid=t3aYNHeeFsod_,T1003-000D
B007629O6Q,,,,
B007258U1W,,127.92,https://www.amazon.sg/KUKKO-49-U-11-Screw-Extractor-Included/dp/B007258U1W/ref=sr_1_262?dib=eyJ2IjoiMSJ9.6YDZKW3kL-z90EqakyOVP0bgxJ5yAMykXgbKsUgM8KQKpJ2NfoGKZXfr7WWr52wDJ5KFlHjWvmI050KcBulBRLsHSf842nNAFDnmF8_Kky_CmWLoQwbZgurXIQge-4-ky46GQQ3RjQwHMy4rCKmNthSo7l-wxe0Ljb8YYhetwls.oMnduui7MweXFMunrtsd4y_xRsECpH_4mJphup5G1Kk&dib_tag=se&m=A3UEK3VBJ6ADB7&marketplaceID=A19VAU5U5O7RUS&qid=1776496014&refinements=p_36%3A12500-13000&s=merchant-items&sr=1-262&xpid=t3aYNHeeFsod_#customerReviews,"KUKKO 49-U-11 Screw Extractor, Drill Guide Included, M5-M7"
B007258U1W,,,,
B0070MCOHS,,129.48,https://www.amazon.sg/Fisher-Bolt-Anchors-FBN2-505527/dp/B0070MCOHS/ref=sr_1_263?dib=eyJ2IjoiMSJ9.6YDZKW3kL-z90EqakyOVP0bgxJ5yAMykXgbKsUgM8KQKpJ2NfoGKZXfr7WWr52wDJ5KFlHjWvmI050KcBulBRLsHSf842nNAFDnmF8_Kky_CmWLoQwbZgurXIQge-4-ky46GQQ3RjQwHMy4rCKmNthSo7l-wxe0Ljb8YYhetwls.oMnduui7MweXFMunrtsd4y_xRsECpH_4mJphup5G1Kk&dib_tag=se&m=A3UEK3VBJ6ADB7&marketplaceID=A19VAU5U5O7RUS&qid=1776496014&refinements=p_36%3A12500-13000&s=merchant-items&sr=1-263&xpid=t3aYNHeeFsod_#customerReviews,Fisher Bolt Anchors FBN2 6/10 Pack of 100 505527
B0070MCOHS,,,,
B00652ED5A,,128.85,https://www.amazon.sg/Spark-Mclaren-S3029-Vehicle-Miniature/dp/B00652ED5A/ref=sr_1_264?dib=eyJ2IjoiMSJ9.6YDZKW3kL-z90EqakyOVP0bgxJ5yAMykXgbKsUgM8KQKpJ2NfoGKZXfr7WWr52wDJ5KFlHjWvmI050KcBulBRLsHSf842nNAFDnmF8_Kky_CmWLoQwbZgurXIQge-4-ky46GQQ3RjQwHMy4rCKmNthSo7l-wxe0Ljb8YYhetwls.oMnduui7MweXFMunrtsd4y_xRsECpH_4mJphup5G1Kk&dib_tag=se&m=A3UEK3VBJ6ADB7&marketplaceID=A19VAU5U5O7RUS&qid=1776496014&refinements=p_36%3A12500-13000&s=merchant-items&sr=1-264&xpid=t3aYNHeeFsod_#customerReviews,Spark Mclaren Mp4-26 “ S3029 “ Vehicle Miniature “ 200 Hungary Gp Winner 2011 “ 1: 43 Scale
B0064RSOVU,,128.0,https://www.amazon.sg/Vandoren-LC59DP-Ligature-Baritone-Saxophone/dp/B0064RSOVU/ref=sr_1_265?dib=eyJ2IjoiMSJ9.6YDZKW3kL-z90EqakyOVP0bgxJ5yAMykXgbKsUgM8KQKpJ2NfoGKZXfr7WWr52wDJ5KFlHjWvmI050KcBulBRLsHSf842nNAFDnmF8_Kky_CmWLoQwbZgurXIQge-4-ky46GQQ3RjQwHMy4rCKmNthSo7l-wxe0Ljb8YYhetwls.oMnduui7MweXFMunrtsd4y_xRsECpH_4mJphup5G1Kk&dib_tag=se&m=A3UEK3VBJ6ADB7&marketplaceID=A19VAU5U5O7RUS&qid=1776496014&refinements=p_36%3A12500-13000&s=merchant-items&sr=1-265&xpid=t3aYNHeeFsod_#customerReviews,Vandoren LC59DP M/O Ligature and Plastic Cap for Baritone Saxophone; Gilded Finish
B0064RSOVU,,,,
B005ZQJ2BW,,125.49,https://www.amazon.sg/Japan-map-puzzle-of-Kumon/dp/B005ZQJ2BW/ref=sr_1_266?dib=eyJ2IjoiMSJ9.6YDZKW3kL-z90EqakyOVP0bgxJ5yAMykXgbKsUgM8KQKpJ2NfoGKZXfr7WWr52wDJ5KFlHjWvmI050KcBulBRLsHSf842nNAFDnmF8_Kky_CmWLoQwbZgurXIQge-4-ky46GQQ3RjQwHMy4rCKmNthSo7l-wxe0Ljb8YYhetwls.oMnduui7MweXFMunrtsd4y_xRsECpH_4mJphup5G1Kk&dib_tag=se&m=A3UEK3VBJ6ADB7&marketplaceID=A19VAU5U5O7RUS&qid=1776496014&refinements=p_36%3A12500-13000&s=merchant-items&sr=1-266&xpid=t3aYNHeeFsod_#customerReviews,Japan map puzzle of Kumon
B005ZQJ2BW,,,,
B005KPGHWU,,128.16,https://www.amazon.sg/Namura-Dacheng-Hall-Round-Japan/dp/B005KPGHWU/ref=sr_1_267?dib=eyJ2IjoiMSJ9.6YDZKW3kL-z90EqakyOVP0bgxJ5yAMykXgbKsUgM8KQKpJ2NfoGKZXfr7WWr52wDJ5KFlHjWvmI050KcBulBRLsHSf842nNAFDnmF8_Kky_CmWLoQwbZgurXIQge-4-ky46GQQ3RjQwHMy4rCKmNthSo7l-wxe0Ljb8YYhetwls.oMnduui7MweXFMunrtsd4y_xRsECpH_4mJphup5G1Kk&dib_tag=se&m=A3UEK3VBJ6ADB7&marketplaceID=A19VAU5U5O7RUS&qid=1776496014&refinements=p_36%3A12500-13000&s=merchant-items&sr=1-267&xpid=t3aYNHeeFsod_,Namura Dacheng Hall 6 Round Namura Sk (Japan Import)
B005KPGHWU,,,,
B005FRMWIQ,,129.96,https://www.amazon.sg/Hillsound-Crampon-Traction-Beginner-Experienced/dp/B005FRMWIQ/ref=sr_1_273?dib=eyJ2IjoiMSJ9.EXmNvK0LGSCDtdnj0yA1DtpMM2vO7pFgbT_y0YbOyjdfjbxx8kXSe03psEtK2A3FB5oqDqX3UVZ9qJ06gd6vsA.TkyJ0rKEzSjKeO9Z6LnEM1gQS0kgYxmveeLV3-Nx1Tc&dib_tag=se&m=A3UEK3VBJ6ADB7&marketplaceID=A19VAU5U5O7RUS&qid=1776496019&refinements=p_36%3A12500-13000&s=merchant-items&sr=1-273&xpid=t3aYNHeeFsod_#customerReviews,Hillsound Trail Crampon I Ice Cleat Traction System for Beginner & Experienced Winter Trail Hiking
B005AREIA6,,125.0,https://www.amazon.sg/Plex-Piece-Chopper-Talking-Figure/dp/B005AREIA6/ref=sr_1_274?dib=eyJ2IjoiMSJ9.EXmNvK0LGSCDtdnj0yA1DtpMM2vO7pFgbT_y0YbOyjdfjbxx8kXSe03psEtK2A3FB5oqDqX3UVZ9qJ06gd6vsA.TkyJ0rKEzSjKeO9Z6LnEM1gQS0kgYxmveeLV3-Nx1Tc&dib_tag=se&m=A3UEK3VBJ6ADB7&marketplaceID=A19VAU5U5O7RUS&qid=1776496019&refinements=p_36%3A12500-13000&s=merchant-items&sr=1-274&xpid=t3aYNHeeFsod_,Plex One Piece Tony Tony Chopper Talking Figure Coin Bank
B005AREIA6,,,,
B0057M375G,,128.06,https://www.amazon.sg/Muromoto-G1000/dp/B0057M375G/ref=sr_1_275?dib=eyJ2IjoiMSJ9.EXmNvK0LGSCDtdnj0yA1DtpMM2vO7pFgbT_y0YbOyjdfjbxx8kXSe03psEtK2A3FB5oqDqX3UVZ9qJ06gd6vsA.TkyJ0rKEzSjKeO9Z6LnEM1gQS0kgYxmveeLV3-Nx1Tc&dib_tag=se&m=A3UEK3VBJ6ADB7&marketplaceID=A19VAU5U5O7RUS&qid=1776496019&refinements=p_36%3A12500-13000&s=merchant-items&sr=1-275&xpid=t3aYNHeeFsod_,G1000
B0057M375G,,,,
B004Z7QYAO,,129.31,https://www.amazon.sg/DT-Swiss-Quick-Release-Design/dp/B004Z7QYAO/ref=sr_1_276?dib=eyJ2IjoiMSJ9.EXmNvK0LGSCDtdnj0yA1DtpMM2vO7pFgbT_y0YbOyjdfjbxx8kXSe03psEtK2A3FB5oqDqX3UVZ9qJ06gd6vsA.TkyJ0rKEzSjKeO9Z6LnEM1gQS0kgYxmveeLV3-Nx1Tc&dib_tag=se&m=A3UEK3VBJ6ADB7&marketplaceID=A19VAU5U5O7RUS&qid=1776496019&refinements=p_36%3A12500-13000&s=merchant-items&sr=1-276&xpid=t3aYNHeeFsod_,"DT Swiss Quick Release RWS MTB Titan alu Lever 135mm (Design: Aluminum Lever, 135 mm)"
B004Z7QYAO,,,,
B004YXR6EM,,131.18,https://www.amazon.sg/Nanakurieito-toughness-label-FCL-46-japan/dp/B004YXR6EM/ref=sr_1_277?dib=eyJ2IjoiMSJ9.EXmNvK0LGSCDtdnj0yA1DtpMM2vO7pFgbT_y0YbOyjdfjbxx8kXSe03psEtK2A3FB5oqDqX3UVZ9qJ06gd6vsA.TkyJ0rKEzSjKeO9Z6LnEM1gQS0kgYxmveeLV3-Nx1Tc&dib_tag=se&m=A3UEK3VBJ6ADB7&marketplaceID=A19VAU5U5O7RUS&qid=1776496019&refinements=p_36%3A12500-13000&s=merchant-items&sr=1-277&xpid=t3aYNHeeFsod_,Nanakurieito Nana toughness label A4 (24 Side) FCL-46 (japan import)
B004YXR6EM,,,,
B004SS26P2,,125.0,https://www.amazon.sg/VISUALSOUND-PURE-TONE-Driver-Impedance/dp/B004SS26P2/ref=sr_1_273?dib=eyJ2IjoiMSJ9.6TEIYCmqj5fGORvdVQ4anTFuTRfLjRu0jr_VxYe9IshUuQ0UZ1Uy4mGoEx-8WLf0J3BhX1bTTMXlOZaTmNbaVm2710ob5SWeeBCTW2PdadkICaK6Jv2qu_8bJuXDzKRY648HPBsn69jwBM3vXg95LUsH1Yad6Cdl6x-4yAoj760.7GfBqIPjGoPvnElq3wVs31TwRJaj7ZPAzUbGg15vcOw&dib_tag=se&m=A3UEK3VBJ6ADB7&marketplaceID=A19VAU5U5O7RUS&qid=1776496019&refinements=p_36%3A12500-13000&s=merchant-items&sr=1-273&xpid=t3aYNHeeFsod_#customerReviews,VISUALSOUND PURE TONE Line Driver Impedance Buffer (japan import)
B004SS26P2,,,,
B004OQXZOO,,128.84,https://www.amazon.sg/CKD-F800025W-F8000-25-W/dp/B004OQXZOO/ref=sr_1_274?dib=eyJ2IjoiMSJ9.6TEIYCmqj5fGORvdVQ4anTFuTRfLjRu0jr_VxYe9IshUuQ0UZ1Uy4mGoEx-8WLf0J3BhX1bTTMXlOZaTmNbaVm2710ob5SWeeBCTW2PdadkICaK6Jv2qu_8bJuXDzKRY648HPBsn69jwBM3vXg95LUsH1Yad6Cdl6x-4yAoj760.7GfBqIPjGoPvnElq3wVs31TwRJaj7ZPAzUbGg15vcOw&dib_tag=se&m=A3UEK3VBJ6ADB7&marketplaceID=A19VAU5U5O7RUS&qid=1776496019&refinements=p_36%3A12500-13000&s=merchant-items&sr=1-274&xpid=t3aYNHeeFsod_,F8000-25-W
B004OQXZOO,,,,
B004OCS73C,,128.57,https://www.amazon.sg/%E3%83%AD%E3%83%96%E3%83%86%E3%83%83%E3%82%AF%E3%82%B9-HO28S-HO-28S-Hole-Saw/dp/B004OCS73C/ref=sr_1_275?dib=eyJ2IjoiMSJ9.6TEIYCmqj5fGORvdVQ4anTFuTRfLjRu0jr_VxYe9IshUuQ0UZ1Uy4mGoEx-8WLf0J3BhX1bTTMXlOZaTmNbaVm2710ob5SWeeBCTW2PdadkICaK6Jv2qu_8bJuXDzKRY648HPBsn69jwBM3vXg95LUsH1Yad6Cdl6x-4yAoj760.7GfBqIPjGoPvnElq3wVs31TwRJaj7ZPAzUbGg15vcOw&dib_tag=se&m=A3UEK3VBJ6ADB7&marketplaceID=A19VAU5U5O7RUS&qid=1776496019&refinements=p_36%3A12500-13000&s=merchant-items&sr=1-275&xpid=t3aYNHeeFsod_,HO-28S Hole Saw
B004OCS73C,,,,
B004OCOR90,,126.05,https://www.amazon.sg/%E3%83%AD%E3%83%96%E3%83%86%E3%83%83%E3%82%AF%E3%82%B9-HO29S-HO-29S/dp/B004OCOR90/ref=sr_1_276?dib=eyJ2IjoiMSJ9.6TEIYCmqj5fGORvdVQ4anTFuTRfLjRu0jr_VxYe9IshUuQ0UZ1Uy4mGoEx-8WLf0J3BhX1bTTMXlOZaTmNbaVm2710ob5SWeeBCTW2PdadkICaK6Jv2qu_8bJuXDzKRY648HPBsn69jwBM3vXg95LUsH1Yad6Cdl6x-4yAoj760.7GfBqIPjGoPvnElq3wVs31TwRJaj7ZPAzUbGg15vcOw&dib_tag=se&m=A3UEK3VBJ6ADB7&marketplaceID=A19VAU5U5O7RUS&qid=1776496019&refinements=p_36%3A12500-13000&s=merchant-items&sr=1-276&xpid=t3aYNHeeFsod_,HO-29S
B004OCOR90,,,,
B004N986SM,,129.32,https://www.amazon.sg/DT-Swiss-Titanium-Aluminium-Lever/dp/B004N986SM/ref=sr_1_277?dib=eyJ2IjoiMSJ9.6TEIYCmqj5fGORvdVQ4anTFuTRfLjRu0jr_VxYe9IshUuQ0UZ1Uy4mGoEx-8WLf0J3BhX1bTTMXlOZaTmNbaVm2710ob5SWeeBCTW2PdadkICaK6Jv2qu_8bJuXDzKRY648HPBsn69jwBM3vXg95LUsH1Yad6Cdl6x-4yAoj760.7GfBqIPjGoPvnElq3wVs31TwRJaj7ZPAzUbGg15vcOw&dib_tag=se&m=A3UEK3VBJ6ADB7&marketplaceID=A19VAU5U5O7RUS&qid=1776496019&refinements=p_36%3A12500-13000&s=merchant-items&sr=1-277&xpid=t3aYNHeeFsod_,DT Swiss RWS Road or MTB (Titanium) 100 x 5 mm with Aluminium Lever
B004N986SM,,,,
B004MXSGY8,,132.13,https://www.amazon.sg/CKD-4F21008AC200V-4F210-08-Ac200V/dp/B004MXSGY8/ref=sr_1_278?dib=eyJ2IjoiMSJ9.6TEIYCmqj5fGORvdVQ4anTFuTRfLjRu0jr_VxYe9IshUuQ0UZ1Uy4mGoEx-8WLf0J3BhX1bTTMXlOZaTmNbaVm2710ob5SWeeBCTW2PdadkICaK6Jv2qu_8bJuXDzKRY648HPBsn69jwBM3vXg95LUsH1Yad6Cdl6x-4yAoj760.7GfBqIPjGoPvnElq3wVs31TwRJaj7ZPAzUbGg15vcOw&dib_tag=se&m=A3UEK3VBJ6ADB7&marketplaceID=A19VAU5U5O7RUS&qid=1776496019&refinements=p_36%3A12500-13000&s=merchant-items&sr=1-278&xpid=t3aYNHeeFsod_,CKD 4F210-08-Ac200V
B004MXSGY8,,,,
B004MXQ6AE,,136.85,https://www.amazon.sg/CKD-APK1120A02CAC100V-Apk11-20A-02C-Ac100V/dp/B004MXQ6AE/ref=sr_1_279?dib=eyJ2IjoiMSJ9.6TEIYCmqj5fGORvdVQ4anTFuTRfLjRu0jr_VxYe9IshUuQ0UZ1Uy4mGoEx-8WLf0J3BhX1bTTMXlOZaTmNbaVm2710ob5SWeeBCTW2PdadkICaK6Jv2qu_8bJuXDzKRY648HPBsn69jwBM3vXg95LUsH1Yad6Cdl6x-4yAoj760.7GfBqIPjGoPvnElq3wVs31TwRJaj7ZPAzUbGg15vcOw&dib_tag=se&m=A3UEK3VBJ6ADB7&marketplaceID=A19VAU5U5O7RUS&qid=1776496019&refinements=p_36%3A12500-13000&s=merchant-items&sr=1-279&xpid=t3aYNHeeFsod_,CKD Apk11-20A-02C-Ac100V
B004MXQ6AE,,,,
B004D2I990,,128.46,https://www.amazon.sg/EBM-18-8-Tempura-Handless-Medium/dp/B004D2I990/ref=sr_1_280?dib=eyJ2IjoiMSJ9.6TEIYCmqj5fGORvdVQ4anTFuTRfLjRu0jr_VxYe9IshUuQ0UZ1Uy4mGoEx-8WLf0J3BhX1bTTMXlOZaTmNbaVm2710ob5SWeeBCTW2PdadkICaK6Jv2qu_8bJuXDzKRY648HPBsn69jwBM3vXg95LUsH1Yad6Cdl6x-4yAoj760.7GfBqIPjGoPvnElq3wVs31TwRJaj7ZPAzUbGg15vcOw&dib_tag=se&m=A3UEK3VBJ6ADB7&marketplaceID=A19VAU5U5O7RUS&qid=1776496019&refinements=p_36%3A12500-13000&s=merchant-items&sr=1-280&xpid=t3aYNHeeFsod_,"EBM 18-8 Tempura Scum (φ190), Handless, Medium"
B004D2I990,,,,
B004D2DHYC,,128.05,https://www.amazon.sg/stainless-Puroshefu-saucepan-shallow-Futana/dp/B004D2DHYC/ref=sr_1_281?dib=eyJ2IjoiMSJ9.6TEIYCmqj5fGORvdVQ4anTFuTRfLjRu0jr_VxYe9IshUuQ0UZ1Uy4mGoEx-8WLf0J3BhX1bTTMXlOZaTmNbaVm2710ob5SWeeBCTW2PdadkICaK6Jv2qu_8bJuXDzKRY648HPBsn69jwBM3vXg95LUsH1Yad6Cdl6x-4yAoj760.7GfBqIPjGoPvnElq3wVs31TwRJaj7ZPAzUbGg15vcOw&dib_tag=se&m=A3UEK3VBJ6ADB7&marketplaceID=A19VAU5U5O7RUS&qid=1776496019&refinements=p_36%3A12500-13000&s=merchant-items&sr=1-281&xpid=t3aYNHeeFsod_,18-8 ( stainless steel) Puroshefu saucepan shallow IH Futana Teflon 22cm
B004D2DHYC,,,,
B0047TG1BM,,126.0,https://www.amazon.sg/Gundam-Mobile-Figure-Unicorn-Banpresto/dp/B0047TG1BM/ref=sr_1_282?dib=eyJ2IjoiMSJ9.6TEIYCmqj5fGORvdVQ4anTFuTRfLjRu0jr_VxYe9IshUuQ0UZ1Uy4mGoEx-8WLf0J3BhX1bTTMXlOZaTmNbaVm2710ob5SWeeBCTW2PdadkICaK6Jv2qu_8bJuXDzKRY648HPBsn69jwBM3vXg95LUsH1Yad6Cdl6x-4yAoj760.7GfBqIPjGoPvnElq3wVs31TwRJaj7ZPAzUbGg15vcOw&dib_tag=se&m=A3UEK3VBJ6ADB7&marketplaceID=A19VAU5U5O7RUS&qid=1776496019&refinements=p_36%3A12500-13000&s=merchant-items&sr=1-282&xpid=t3aYNHeeFsod_#customerReviews,Gundam Mobile Suit Uc Super Size Soft Vinyl Figure Unicorn Anime Prize Banpresto (Japan Import)
B0042SUPW4,,125.69,https://www.amazon.sg/Abilitations-Movin-Inflatable-Junior-Wedge/dp/B0042SUPW4/ref=sr_1_283?dib=eyJ2IjoiMSJ9.6TEIYCmqj5fGORvdVQ4anTFuTRfLjRu0jr_VxYe9IshUuQ0UZ1Uy4mGoEx-8WLf0J3BhX1bTTMXlOZaTmNbaVm2710ob5SWeeBCTW2PdadkICaK6Jv2qu_8bJuXDzKRY648HPBsn69jwBM3vXg95LUsH1Yad6Cdl6x-4yAoj760.7GfBqIPjGoPvnElq3wVs31TwRJaj7ZPAzUbGg15vcOw&dib_tag=se&m=A3UEK3VBJ6ADB7&marketplaceID=A19VAU5U5O7RUS&qid=1776496019&refinements=p_36%3A12500-13000&s=merchant-items&sr=1-283&xpid=t3aYNHeeFsod_#customerReviews,Abilitations Movin Sit Inflatable Junior Wedge Seat - 15 x 15 inches - Blue
B0042SUPW4,,,,
B00428LQFO,,149.36,https://www.amazon.sg/Bumpodo-canvas-bag-black-japan/dp/B00428LQFO/ref=sr_1_289?dib=eyJ2IjoiMSJ9.JYzn3mzuuIOzZzvHO1m-hgU7wZEliRoGONN-JtrZ2OG4cHHTVh9KjTwV0Bpcn_9GkEn59q1Mm_5vzXt6WpGfYQ.g7LYt8LqMgE6FsxQ7Eo5MmRgAVXwpsC8Wzr0IaEOLtk&dib_tag=se&m=A3UEK3VBJ6ADB7&marketplaceID=A19VAU5U5O7RUS&qid=1776496024&refinements=p_36%3A12500-13000&s=merchant-items&sr=1-289&xpid=t3aYNHeeFsod_,Bumpodo canvas bag F50 black 02 961 (japan import)
B00428LQFO,,,,
B003VCHGZ6,,131.9,https://www.amazon.sg/Uzaki-Nissin-Fine-mode-contrast/dp/B003VCHGZ6/ref=sr_1_290?dib=eyJ2IjoiMSJ9.JYzn3mzuuIOzZzvHO1m-hgU7wZEliRoGONN-JtrZ2OG4cHHTVh9KjTwV0Bpcn_9GkEn59q1Mm_5vzXt6WpGfYQ.g7LYt8LqMgE6FsxQ7Eo5MmRgAVXwpsC8Wzr0IaEOLtk&dib_tag=se&m=A3UEK3VBJ6ADB7&marketplaceID=A19VAU5U5O7RUS&qid=1776496024&refinements=p_36%3A12500-13000&s=merchant-items&sr=1-290&xpid=t3aYNHeeFsod_,Uzaki Nissin Fine mode flow high contrast 4509
B003VCHGZ6,,,,
B003TV9IHI,,130.0,https://www.amazon.sg/BANPRESTO-%E7%B5%84%E7%AB%8B%E5%BC%8F%E3%83%89%E3%83%A9%E3%82%B4%E3%83%B3%E3%83%9C%E3%83%BC%E3%83%AB%E6%94%B9%E3%83%AF%E3%83%BC%E3%83%AB%E3%83%89%E3%82%B3%E3%83%AC%E3%82%AF%E3%82%BF%E3%83%96%E3%83%AB%E3%83%95%E3%82%A3%E3%82%AE%E3%83%A5%E3%82%A2-Vol-7-Db%E6%94%B9054-%E7%A5%9E%E9%BE%8D%EF%BC%88%E3%82%B7%E3%82%A7%E3%83%B3%E3%83%AD%E3%83%B3%EF%BC%89%E5%8D%98%E5%93%81/dp/B003TV9IHI/ref=sr_1_291?dib=eyJ2IjoiMSJ9.JYzn3mzuuIOzZzvHO1m-hgU7wZEliRoGONN-JtrZ2OG4cHHTVh9KjTwV0Bpcn_9GkEn59q1Mm_5vzXt6WpGfYQ.g7LYt8LqMgE6FsxQ7Eo5MmRgAVXwpsC8Wzr0IaEOLtk&dib_tag=se&m=A3UEK3VBJ6ADB7&marketplaceID=A19VAU5U5O7RUS&qid=1776496024&refinements=p_36%3A12500-13000&s=merchant-items&sr=1-291&xpid=t3aYNHeeFsod_#customerReviews,組立式ドラゴンボール改ワールドコレクタブルフィギュア Vol.7　Db改054　神龍（シェンロン）単品
B003ND7YCS,,139.8,https://www.amazon.sg/Vocaloid-%E5%88%9D%E9%9F%B3%E3%83%9F%E3%82%AF-%E3%82%AA%E3%83%AB%E3%82%B4%E3%83%BC%E3%83%AB%E3%83%95%E3%82%A3%E3%82%AE%E3%83%A5%E3%82%A2-Ver-1-5-%E5%88%9D%E9%9F%B3%E3%83%9F%E3%82%AF%E3%83%BB%E3%81%AF%E3%81%A1%E3%82%85%E3%81%AD%E3%81%BF%E3%81%8F-%E5%85%A82%E7%A8%AE%E3%82%BB%E3%83%83%E3%83%88/dp/B003ND7YCS/ref=sr_1_292?dib=eyJ2IjoiMSJ9.JYzn3mzuuIOzZzvHO1m-hgU7wZEliRoGONN-JtrZ2OG4cHHTVh9KjTwV0Bpcn_9GkEn59q1Mm_5vzXt6WpGfYQ.g7LYt8LqMgE6FsxQ7Eo5MmRgAVXwpsC8Wzr0IaEOLtk&dib_tag=se&m=A3UEK3VBJ6ADB7&marketplaceID=A19VAU5U5O7RUS&qid=1776496024&refinements=p_36%3A12500-13000&s=merchant-items&sr=1-292&xpid=t3aYNHeeFsod_#customerReviews,Vocaloid 初音ミク オルゴールフィギュア Ver.1.5 初音ミク・はちゅねみく　全2種セット
B003MUIQ1K,,132.14,https://www.amazon.sg/NTN-Bearing-6314ZZ-Clearance-Shielded/dp/B003MUIQ1K/ref=sr_1_293?dib=eyJ2IjoiMSJ9.JYzn3mzuuIOzZzvHO1m-hgU7wZEliRoGONN-JtrZ2OG4cHHTVh9KjTwV0Bpcn_9GkEn59q1Mm_5vzXt6WpGfYQ.g7LYt8LqMgE6FsxQ7Eo5MmRgAVXwpsC8Wzr0IaEOLtk&dib_tag=se&m=A3UEK3VBJ6ADB7&marketplaceID=A19VAU5U5O7RUS&qid=1776496024&refinements=p_36%3A12500-13000&s=merchant-items&sr=1-293&xpid=t3aYNHeeFsod_,"NTN Bearing 6314ZZ Single Row Deep Groove Radial Ball Bearing, Normal Clearance, Steel Cage, 70 mm Bore ID, 150 mm OD, 35 mm Width, Double Shielded"
B003MUIQ1K,,,,
B003MUI3HM,,132.69,https://www.amazon.sg/NTN-UCF211D1-Bearing-Setscrew-Regreasable/dp/B003MUI3HM/ref=sr_1_289?dib=eyJ2IjoiMSJ9.cEl71LGmP3cL6rcSqkiKPSnbtffK3IIiswHq4eNIibz-MGNV8BXkfrfhLdg6JCGBSEUIinnECsl1yQt1md1RV5R9bxjKOOk15z8GQ2dDmUeMeuMjZshPfda-yAF0paWDP2NRf2USl4rxNe6GvL6CL66-xJmIF2tCB6tNqGC7EdA.eedFZyN3WYUgbOzGU5L0zGfJcBtdW5HFbnPX0eFNIyo&dib_tag=se&m=A3UEK3VBJ6ADB7&marketplaceID=A19VAU5U5O7RUS&qid=1776496024&refinements=p_36%3A12500-13000&s=merchant-items&sr=1-289&xpid=t3aYNHeeFsod_,NTN UCF211D1 Light Duty Flange Bearing 4 Bolts Setscrew Lock Regreasable Contact and Flinger Seals Cast Iron 55mm Bore 5-1/8 Bolt Hole Spacing Width 6-3/8 Height
B003MUI3HM,,,,
B003I856SC,,128.85,https://www.amazon.sg/Figure-Nendoroid-QueenS-Blade-Action/dp/B003I856SC/ref=sr_1_290?dib=eyJ2IjoiMSJ9.cEl71LGmP3cL6rcSqkiKPSnbtffK3IIiswHq4eNIibz-MGNV8BXkfrfhLdg6JCGBSEUIinnECsl1yQt1md1RV5R9bxjKOOk15z8GQ2dDmUeMeuMjZshPfda-yAF0paWDP2NRf2USl4rxNe6GvL6CL66-xJmIF2tCB6tNqGC7EdA.eedFZyN3WYUgbOzGU5L0zGfJcBtdW5HFbnPX0eFNIyo&dib_tag=se&m=A3UEK3VBJ6ADB7&marketplaceID=A19VAU5U5O7RUS&qid=1776496024&refinements=p_36%3A12500-13000&s=merchant-items&sr=1-290&xpid=t3aYNHeeFsod_#customerReviews,Figure (Nendoroid) Queen'S Blade: Leina Nendoroid Action Figure By
B003FG64X8,,130.05,https://www.amazon.sg/One-Piece-Hancock-Portrait-Pirates/dp/B003FG64X8/ref=sr_1_291?dib=eyJ2IjoiMSJ9.cEl71LGmP3cL6rcSqkiKPSnbtffK3IIiswHq4eNIibz-MGNV8BXkfrfhLdg6JCGBSEUIinnECsl1yQt1md1RV5R9bxjKOOk15z8GQ2dDmUeMeuMjZshPfda-yAF0paWDP2NRf2USl4rxNe6GvL6CL66-xJmIF2tCB6tNqGC7EdA.eedFZyN3WYUgbOzGU5L0zGfJcBtdW5HFbnPX0eFNIyo&dib_tag=se&m=A3UEK3VBJ6ADB7&marketplaceID=A19VAU5U5O7RUS&qid=1776496024&refinements=p_36%3A12500-13000&s=merchant-items&sr=1-291&xpid=t3aYNHeeFsod_#customerReviews,"One Piece "": Boa Hancock Portrait Of Pirates Exmodel Neo-Dx Figure 1/8 Scale"
B00356H3DI,,125.6,https://www.amazon.sg/Velos-PE-042B-Award-Framing-Transparent/dp/B00356H3DI/ref=sr_1_292?dib=eyJ2IjoiMSJ9.cEl71LGmP3cL6rcSqkiKPSnbtffK3IIiswHq4eNIibz-MGNV8BXkfrfhLdg6JCGBSEUIinnECsl1yQt1md1RV5R9bxjKOOk15z8GQ2dDmUeMeuMjZshPfda-yAF0paWDP2NRf2USl4rxNe6GvL6CL66-xJmIF2tCB6tNqGC7EdA.eedFZyN3WYUgbOzGU5L0zGfJcBtdW5HFbnPX0eFNIyo&dib_tag=se&m=A3UEK3VBJ6ADB7&marketplaceID=A19VAU5U5O7RUS&qid=1776496024&refinements=p_36%3A12500-13000&s=merchant-items&sr=1-292&xpid=t3aYNHeeFsod_,"Velos PE-042B Award Card Frame, Clear Framing, B4 Size, Transparent"
B00356H3DI,,,,
B00353GLW0,,127.64,https://www.amazon.sg/Prodrive-Subaru-Impreza-Swedish-Winner/dp/B00353GLW0/ref=sr_1_293?dib=eyJ2IjoiMSJ9.cEl71LGmP3cL6rcSqkiKPSnbtffK3IIiswHq4eNIibz-MGNV8BXkfrfhLdg6JCGBSEUIinnECsl1yQt1md1RV5R9bxjKOOk15z8GQ2dDmUeMeuMjZshPfda-yAF0paWDP2NRf2USl4rxNe6GvL6CL66-xJmIF2tCB6tNqGC7EdA.eedFZyN3WYUgbOzGU5L0zGfJcBtdW5HFbnPX0eFNIyo&dib_tag=se&m=A3UEK3VBJ6ADB7&marketplaceID=A19VAU5U5O7RUS&qid=1776496024&refinements=p_36%3A12500-13000&s=merchant-items&sr=1-293&xpid=t3aYNHeeFsod_,1/43 Subaru Impreza Wrc 2005 Wrc Round 2 Swedish Rally Winner # 5 (Japan Import)
B00353GLW0,,,,
B002UBO7DS,,130.43,https://www.amazon.sg/Robtex-AK38A-Shrimp-Crimping-Usable/dp/B002UBO7DS/ref=sr_1_294?dib=eyJ2IjoiMSJ9.cEl71LGmP3cL6rcSqkiKPSnbtffK3IIiswHq4eNIibz-MGNV8BXkfrfhLdg6JCGBSEUIinnECsl1yQt1md1RV5R9bxjKOOk15z8GQ2dDmUeMeuMjZshPfda-yAF0paWDP2NRf2USl4rxNe6GvL6CL66-xJmIF2tCB6tNqGC7EdA.eedFZyN3WYUgbOzGU5L0zGfJcBtdW5HFbnPX0eFNIyo&dib_tag=se&m=A3UEK3VBJ6ADB7&marketplaceID=A19VAU5U5O7RUS&qid=1776496024&refinements=p_36%3A12500-13000&s=merchant-items&sr=1-294&xpid=t3aYNHeeFsod_#customerReviews,"Robtex AK38A Shrimp Crimping Tool, Usable Range 14, 22, 38, Red"
B002UBO7DS,,,,
B002P8S9HG,,128.0,https://www.amazon.sg/Supertool-KCT2/dp/B002P8S9HG/ref=sr_1_295?dib=eyJ2IjoiMSJ9.cEl71LGmP3cL6rcSqkiKPSnbtffK3IIiswHq4eNIibz-MGNV8BXkfrfhLdg6JCGBSEUIinnECsl1yQt1md1RV5R9bxjKOOk15z8GQ2dDmUeMeuMjZshPfda-yAF0paWDP2NRf2USl4rxNe6GvL6CL66-xJmIF2tCB6tNqGC7EdA.eedFZyN3WYUgbOzGU5L0zGfJcBtdW5HFbnPX0eFNIyo&dib_tag=se&m=A3UEK3VBJ6ADB7&marketplaceID=A19VAU5U5O7RUS&qid=1776496024&refinements=p_36%3A12500-13000&s=merchant-items&sr=1-295&xpid=t3aYNHeeFsod_,KCT2
B002P8S9HG,,,,
B002O3CWS4,,132.6,https://www.amazon.sg/Supertool-ABT90-by/dp/B002O3CWS4/ref=sr_1_296?dib=eyJ2IjoiMSJ9.cEl71LGmP3cL6rcSqkiKPSnbtffK3IIiswHq4eNIibz-MGNV8BXkfrfhLdg6JCGBSEUIinnECsl1yQt1md1RV5R9bxjKOOk15z8GQ2dDmUeMeuMjZshPfda-yAF0paWDP2NRf2USl4rxNe6GvL6CL66-xJmIF2tCB6tNqGC7EdA.eedFZyN3WYUgbOzGU5L0zGfJcBtdW5HFbnPX0eFNIyo&dib_tag=se&m=A3UEK3VBJ6ADB7&marketplaceID=A19VAU5U5O7RUS&qid=1776496024&refinements=p_36%3A12500-13000&s=merchant-items&sr=1-296&xpid=t3aYNHeeFsod_#customerReviews,ABT90 by Supertool
B002O3CWS4,,,,
B002O35WL8,,127.46,https://www.amazon.sg/Supertool-BPJ0/dp/B002O35WL8/ref=sr_1_297?dib=eyJ2IjoiMSJ9.cEl71LGmP3cL6rcSqkiKPSnbtffK3IIiswHq4eNIibz-MGNV8BXkfrfhLdg6JCGBSEUIinnECsl1yQt1md1RV5R9bxjKOOk15z8GQ2dDmUeMeuMjZshPfda-yAF0paWDP2NRf2USl4rxNe6GvL6CL66-xJmIF2tCB6tNqGC7EdA.eedFZyN3WYUgbOzGU5L0zGfJcBtdW5HFbnPX0eFNIyo&dib_tag=se&m=A3UEK3VBJ6ADB7&marketplaceID=A19VAU5U5O7RUS&qid=1776496024&refinements=p_36%3A12500-13000&s=merchant-items&sr=1-297&xpid=t3aYNHeeFsod_,BPJ0
B002O35WL8,,,,
B002LSFWCA,,131.65,https://www.amazon.sg/Takoyaki-Plate-16pieces-square-CA30L/dp/B002LSFWCA/ref=sr_1_298?dib=eyJ2IjoiMSJ9.cEl71LGmP3cL6rcSqkiKPSnbtffK3IIiswHq4eNIibz-MGNV8BXkfrfhLdg6JCGBSEUIinnECsl1yQt1md1RV5R9bxjKOOk15z8GQ2dDmUeMeuMjZshPfda-yAF0paWDP2NRf2USl4rxNe6GvL6CL66-xJmIF2tCB6tNqGC7EdA.eedFZyN3WYUgbOzGU5L0zGfJcBtdW5HFbnPX0eFNIyo&dib_tag=se&m=A3UEK3VBJ6ADB7&marketplaceID=A19VAU5U5O7RUS&qid=1776496024&refinements=p_36%3A12500-13000&s=merchant-items&sr=1-298&xpid=t3aYNHeeFsod_,Takoyaki Plate Nambu Iron 16pieces square type CA30L
B002LSFWCA,,,,
B002KOBBSE,,128.37,https://www.amazon.sg/Misuzu-Super-Hard-inches-No-601/dp/B002KOBBSE/ref=sr_1_299?dib=eyJ2IjoiMSJ9.cEl71LGmP3cL6rcSqkiKPSnbtffK3IIiswHq4eNIibz-MGNV8BXkfrfhLdg6JCGBSEUIinnECsl1yQt1md1RV5R9bxjKOOk15z8GQ2dDmUeMeuMjZshPfda-yAF0paWDP2NRf2USl4rxNe6GvL6CL66-xJmIF2tCB6tNqGC7EdA.eedFZyN3WYUgbOzGU5L0zGfJcBtdW5HFbnPX0eFNIyo&dib_tag=se&m=A3UEK3VBJ6ADB7&marketplaceID=A19VAU5U5O7RUS&qid=1776496024&refinements=p_36%3A12500-13000&s=merchant-items&sr=1-299&xpid=t3aYNHeeFsod_,Misuzu Super Hard (SLD) 9.4 inches (240 mm) No.601
B002KOBBSE,,,,
B002K00YWW,,129.82,https://www.amazon.sg/%E3%83%AD%E3%83%96%E3%83%86%E3%83%83%E3%82%AF%E3%82%B9-HO50G/dp/B002K00YWW/ref=sr_1_305?dib=eyJ2IjoiMSJ9.sUPsVuJyiYgqMUt6NLdgo7ZCaenjSeNBgj0kQfs2pXQ.edSIGjsd94pcnxoYmWekBIIJvOtxwyaUWNg__xPACeE&dib_tag=se&m=A3UEK3VBJ6ADB7&marketplaceID=A19VAU5U5O7RUS&qid=1776496030&refinements=p_36%3A12500-13000&s=merchant-items&sr=1-305&xpid=t3aYNHeeFsod_,HO50G
B002K00YWW,,,,
B002K00VW0,,152.26,https://www.amazon.sg/%E3%83%AD%E3%83%96%E3%83%86%E3%83%83%E3%82%AF%E3%82%B9-NA48-NA4-8-1000pcs/dp/B002K00VW0/ref=sr_1_306?dib=eyJ2IjoiMSJ9.sUPsVuJyiYgqMUt6NLdgo7ZCaenjSeNBgj0kQfs2pXQ.edSIGjsd94pcnxoYmWekBIIJvOtxwyaUWNg__xPACeE&dib_tag=se&m=A3UEK3VBJ6ADB7&marketplaceID=A19VAU5U5O7RUS&qid=1776496030&refinements=p_36%3A12500-13000&s=merchant-items&sr=1-306&xpid=t3aYNHeeFsod_,NA4-8 (1000pcs)
B002K00VW0,,,,
